/**
 * generated by fontconvert.py
 * name: bookerly_10_bold
 * size: 10
 * mode: 2-bit  compressed: true
 * Command used: fontconvert.py bookerly_10_bold 10 ../builtinFonts/source/Bookerly/Bookerly-Bold.ttf --2bit --compress --pnum --exclude-intervals 0x0400,0x04FF --exclude-intervals 0x1EA0,0x1EF9 --exclude-intervals 0x01A0,0x01A1 --exclude-intervals 0x01AF,0x01B0
 */
#pragma once
#include "EpdFontData.h"

static const uint8_t bookerly_10_boldBitmaps[13567] = {
    0x85, 0x57, 0x3F, 0x8C, 0x15, 0xB9, 0x19, 0xFF, 0x66, 0x86, 0x60, 0x29, 0x13, 0xC5, 0x14, 0x20,
    0x45, 0x42, 0x8A, 0x9B, 0x2B, 0x90, 0x38, 0xE1, 0x14, 0x14, 0x48, 0xD9, 0x5D, 0x0F, 0xA1, 0xB8,
    0x82, 0x22, 0x8A, 0x74, 0x4A, 0xA4, 0x50, 0xD0, 0xA4, 0xCE, 0xA6, 0x48, 0x11, 0x45, 0xBB, 0x3B,
    0x13, 0x28, 0xAE, 0xB8, 0xE2, 0xB6, 0x89, 0xD2, 0xA6, 0x4D, 0xD2, 0xA4, 0xA0, 0xA0, 0x58, 0xDE,
    0x0C, 0x6C, 0x41, 0x71, 0x05, 0xE6, 0xA2, 0x08, 0xA5, 0x62, 0x4E, 0xB9, 0x0A, 0xA4, 0x60, 0xC0,
    0xC9, 0x79, 0x39, 0xCF, 0x38, 0xBF, 0xCF, 0xEF, 0x01, 0xCB, 0xDD, 0x1E, 0xBC, 0xF1, 0xE7, 0x37,
    0x33, 0xF6, 0xD8, 0xDF, 0x9F, 0xDF, 0xF7, 0xC7, 0x86, 0x76, 0x68, 0x41, 0xB7, 0x68, 0x3B, 0x5F,
    0xEB, 0xB8, 0xD6, 0x88, 0xE8, 0x18, 0x19, 0x6A, 0x69, 0x83, 0xB4, 0x36, 0x66, 0x23, 0xFF, 0xD6,
    0xD7, 0xCF, 0x9C, 0xA1, 0xAD, 0x75, 0xA2, 0x9B, 0x18, 0xF7, 0x5B, 0xA4, 0x53, 0x1A, 0x4C, 0x4A,
    0x5D, 0x39, 0x3A, 0xAA, 0xEE, 0x83, 0xEE, 0x8C, 0xD4, 0xA7, 0x44, 0x29, 0xCD, 0x24, 0x2F, 0x0D,
    0x24, 0xEB, 0x81, 0x94, 0xEC, 0x88, 0x7E, 0x40, 0xBC, 0xE2, 0x1A, 0x15, 0xA9, 0x93, 0xC9, 0xE9,
    0xED, 0xB0, 0xB1, 0x76, 0x43, 0x5F, 0x38, 0xA1, 0x6E, 0x52, 0x3D, 0x13, 0xF5, 0x23, 0xFD, 0xD8,
    0x5F, 0x38, 0x1F, 0xB6, 0xCE, 0x87, 0x9D, 0xDF, 0x7B, 0x93, 0x46, 0x31, 0x37, 0xF4, 0x5B, 0xA2,
    0x1B, 0xAB, 0x56, 0x05, 0x7A, 0x8F, 0x64, 0xA2, 0x2D, 0x3A, 0x27, 0x9B, 0x40, 0xEB, 0xF2, 0xA2,
    0x43, 0x77, 0xDD, 0xA2, 0xFB, 0xA0, 0xA3, 0x0D, 0x25, 0xD5, 0xA8, 0xE6, 0x73, 0x6D, 0x10, 0x7E,
    0x2D, 0x6C, 0x81, 0x31, 0xBF, 0x4E, 0x85, 0x73, 0xEB, 0x54, 0x59, 0xDC, 0xD5, 0x1D, 0xDE, 0x49,
    0x6A, 0x03, 0x4B, 0x62, 0xE9, 0x7B, 0x10, 0x8C, 0xF4, 0x88, 0x2E, 0x05, 0xA2, 0xD2, 0xEF, 0x11,
    0x55, 0x6E, 0x8B, 0x3B, 0x8F, 0xC7, 0x67, 0x16, 0x77, 0x41, 0x46, 0x92, 0x51, 0x45, 0x32, 0xA6,
    0xB2, 0x58, 0x7E, 0xDF, 0xD2, 0x8E, 0xF8, 0xD2, 0x92, 0x29, 0xD2, 0x40, 0xA6, 0xEB, 0xBF, 0x00,
    0x2F, 0x29, 0x35, 0x65, 0xFA, 0x7C, 0x41, 0x9A, 0x35, 0xB3, 0x7E, 0x86, 0xCE, 0x50, 0x2C, 0xBD,
    0xB0, 0x72, 0x50, 0x8D, 0x86, 0xDA, 0x36, 0xF2, 0x65, 0x48, 0x93, 0x6A, 0xE4, 0x20, 0xC6, 0xD2,
    0x53, 0x24, 0xE8, 0xCE, 0x90, 0xEA, 0x6A, 0x5B, 0xB9, 0xC2, 0x53, 0xC0, 0x9B, 0x48, 0x7B, 0xB9,
    0x0F, 0x85, 0xAF, 0x9C, 0xB0, 0xAA, 0x33, 0x58, 0x88, 0xC6, 0x0B, 0xAE, 0xFD, 0x67, 0x3D, 0xB7,
    0xFF, 0xBA, 0x30, 0xD2, 0x48, 0xBF, 0x82, 0xB6, 0x57, 0xCD, 0x24, 0x87, 0xF6, 0xEA, 0x11, 0x43,
    0x75, 0x27, 0x07, 0x5C, 0x9D, 0x82, 0xC9, 0xCE, 0x93, 0x89, 0x26, 0x9E, 0xFA, 0xF0, 0xE4, 0x22,
    0x6D, 0x53, 0x09, 0x63, 0x8C, 0x24, 0x2C, 0x49, 0x58, 0xA0, 0xC1, 0xBE, 0x60, 0x07, 0x9B, 0x61,
    0x57, 0xB0, 0x52, 0xB9, 0xD5, 0x08, 0x4C, 0xA3, 0xF3, 0xC8, 0xCA, 0x2E, 0x0F, 0xA2, 0xA1, 0x69,
    0x41, 0xF3, 0x44, 0x8B, 0x89, 0xFA, 0xDC, 0x2F, 0x66, 0x9A, 0xDA, 0x22, 0x9A, 0x07, 0x41, 0xA5,
    0xB1, 0x84, 0x5D, 0xDE, 0xA7, 0xE3, 0x13, 0x99, 0x89, 0xF4, 0x44, 0xF4, 0x2D, 0x0D, 0x33, 0x61,
    0xC4, 0xE5, 0x9A, 0x06, 0x6B, 0x96, 0xDC, 0xBE, 0x03, 0x2B, 0x0A, 0x47, 0x6A, 0x00, 0xA6, 0x8A,
    0x48, 0xF5, 0x48, 0xFA, 0xD1, 0x5F, 0x4C, 0x9A, 0x75, 0x8A, 0xC7, 0x53, 0xA3, 0xF1, 0xC9, 0x15,
    0xB7, 0xC6, 0x9C, 0x8D, 0xB4, 0xD9, 0x89, 0xD4, 0x55, 0x90, 0x14, 0x9F, 0xF0, 0x57, 0xFE, 0x54,
    0x8F, 0x05, 0x3B, 0x0D, 0x83, 0x15, 0x00, 0x44, 0x0D, 0x4B, 0x29, 0x90, 0x01, 0x25, 0x4F, 0xE5,
    0x73, 0x4F, 0xE2, 0x1F, 0x9E, 0xD4, 0x25, 0x4F, 0xE6, 0x6F, 0x2F, 0x1A, 0x00, 0x72, 0x60, 0x60,
    0x52, 0x85, 0xF1, 0x15, 0xC9, 0xE4, 0xB9, 0x3D, 0xFA, 0x33, 0x0B, 0xCD, 0xF6, 0xEB, 0x8E, 0x03,
    0x74, 0x60, 0x07, 0x63, 0x68, 0xB5, 0x3B, 0xD5, 0xDB, 0x16, 0x5C, 0xF0, 0xCA, 0xAE, 0x48, 0x41,
    0x40, 0x88, 0x11, 0xB6, 0xA6, 0x76, 0x6E, 0xFA, 0x34, 0xCE, 0xB5, 0x9F, 0xAA, 0x30, 0x95, 0xA1,
    0x2F, 0x83, 0xB9, 0xEE, 0x54, 0xB2, 0xE5, 0x0C, 0xF0, 0x47, 0x93, 0xA6, 0x8D, 0xBF, 0xC6, 0xB5,
    0xD2, 0xBF, 0x0F, 0xAE, 0xB1, 0xB4, 0x6E, 0x20, 0x1C, 0x14, 0x00, 0xF9, 0xCA, 0x90, 0xD7, 0x76,
    0x6C, 0x89, 0x32, 0x35, 0x0A, 0x9A, 0xB8, 0xE4, 0x4D, 0xE9, 0xCD, 0x25, 0x7C, 0x3E, 0x88, 0xD4,
    0x48, 0x48, 0x2C, 0xC2, 0xAD, 0x32, 0xDE, 0x2A, 0x62, 0x5F, 0xAD, 0x50, 0x7F, 0x9C, 0x97, 0xB5,
    0x6D, 0xED, 0x6E, 0x55, 0x1E, 0xDB, 0x2D, 0x8A, 0xD0, 0x5E, 0x0B, 0x3A, 0x85, 0xE3, 0x50, 0x86,
    0x1C, 0xA9, 0x1D, 0xAE, 0xA4, 0xA6, 0x07, 0x30, 0x77, 0x29, 0x5B, 0x19, 0x3F, 0xFE, 0x2F, 0xA0,
    0x55, 0x3D, 0xA8, 0x8E, 0x5E, 0xFD, 0xE4, 0x12, 0x17, 0xC0, 0xE2, 0x3A, 0x3B, 0x12, 0x35, 0x2C,
    0x6B, 0x6B, 0x21, 0x16, 0x64, 0x42, 0x13, 0x50, 0x65, 0xDF, 0x41, 0x6E, 0xA2, 0xDD, 0x15, 0xAA,
    0xF2, 0x6F, 0x79, 0x0F, 0x6F, 0xC5, 0x9C, 0xFA, 0xD5, 0x1C, 0xB4, 0xBE, 0x81, 0xC6, 0x21, 0xDE,
    0x31, 0xE2, 0xCD, 0xFB, 0x40, 0x2D, 0x2C, 0x0D, 0xEC, 0x48, 0x6E, 0xC7, 0x13, 0xA9, 0xAC, 0x30,
    0x3C, 0x7D, 0x1F, 0x36, 0xA2, 0x8C, 0xBA, 0x0C, 0x2F, 0x8C, 0xC1, 0xD7, 0x5A, 0xC4, 0x83, 0x72,
    0xFE, 0x59, 0x3B, 0xC0, 0xEA, 0x62, 0x54, 0xDD, 0x87, 0xA5, 0x33, 0x55, 0x6A, 0xFC, 0xB6, 0xFC,
    0xE9, 0x10, 0xF6, 0xBE, 0x2B, 0x86, 0xBD, 0x48, 0xA7, 0x87, 0x9B, 0xA1, 0x4A, 0x43, 0x08, 0xF2,
    0xA3, 0xC1, 0x47, 0x79, 0x79, 0xDF, 0x45, 0xB8, 0xD9, 0xB0, 0x2D, 0x9E, 0xCE, 0x0C, 0x5F, 0xE2,
    0x05, 0x61, 0xFB, 0x03, 0xFA, 0x35, 0xD0, 0x9A, 0x22, 0xD1, 0xE9, 0xB4, 0x4B, 0xAC, 0x5D, 0x62,
    0xD9, 0xB0, 0x65, 0xE0, 0x39, 0x78, 0x4F, 0xE7, 0xC0, 0x1A, 0xAD, 0x2D, 0xD0, 0xED, 0xC1, 0x1A,
    0xE4, 0x4D, 0x83, 0x70, 0xA0, 0x81, 0x07, 0x06, 0x85, 0x48, 0x60, 0xA8, 0x1E, 0x20, 0x92, 0xEC,
    0x84, 0xA7, 0x16, 0xD6, 0x20, 0x16, 0x9A, 0xCE, 0xE2, 0x3D, 0xEC, 0x89, 0xC5, 0x7A, 0x90, 0x59,
    0xD1, 0x36, 0x3E, 0x88, 0xFC, 0x11, 0xEE, 0xDB, 0x4E, 0x60, 0x19, 0xE1, 0x14, 0x48, 0xE3, 0xBE,
    0x05, 0x6A, 0xC1, 0x1B, 0x0B, 0x78, 0x7A, 0x66, 0xA6, 0x3A, 0x71, 0x70, 0xB5, 0x93, 0x23, 0xDC,
    0x71, 0xA8, 0x59, 0x83, 0x84, 0x9D, 0x5F, 0x13, 0x3F, 0x43, 0x04, 0xA8, 0x89, 0xE4, 0xFC, 0xF3,
    0x21, 0x73, 0xB3, 0x79, 0x80, 0x7D, 0x03, 0x71, 0x0C, 0x15, 0x6E, 0xD3, 0x09, 0x27, 0x82, 0x70,
    0x65, 0x14, 0xAE, 0x98, 0x20, 0xD4, 0x61, 0x8A, 0xCB, 0xF7, 0x08, 0x13, 0x4E, 0x5B, 0xC0, 0x1B,
    0x30, 0xFF, 0x22, 0x7F, 0xA7, 0xF3, 0xB7, 0x35, 0x48, 0x34, 0xF8, 0x2E, 0x2B, 0x63, 0xC9, 0x73,
    0x5C, 0xDE, 0x67, 0x2A, 0x41, 0x02, 0x73, 0x64, 0x9E, 0x6F, 0xF2, 0xF7, 0x70, 0xBD, 0x59, 0xB8,
    0x73, 0xC2, 0xFD, 0x50, 0xB8, 0x63, 0x98, 0xC6, 0x2D, 0x45, 0x01, 0xF4, 0x2F, 0xEF, 0x73, 0xD3,
    0x09, 0xBB, 0xB0, 0xB2, 0x3B, 0x44, 0xF5, 0xB1, 0x9A, 0x7F, 0x31, 0xCA, 0xB1, 0x1A, 0xD5, 0x50,
    0xDA, 0x37, 0x05, 0x6C, 0x83, 0xE9, 0x5A, 0x6F, 0x86, 0xCA, 0xA9, 0xB1, 0x72, 0x72, 0xBE, 0xE2,
    0x20, 0xA0, 0xA3, 0xCD, 0x19, 0x1B, 0xC9, 0x64, 0xCD, 0x54, 0x33, 0x9B, 0xC4, 0xFA, 0x7D, 0xB3,
    0x4B, 0xE9, 0x65, 0x77, 0xD4, 0x28, 0x77, 0x7A, 0x16, 0x9C, 0x66, 0x24, 0x77, 0x1C, 0x79, 0x0E,
    0xB3, 0x77, 0x64, 0xD3, 0x6C, 0x15, 0x2C, 0xEA, 0x44, 0xB2, 0xEC, 0x90, 0xEF, 0x6C, 0xC0, 0xCA,
    0xCC, 0x4E, 0x0B, 0xB7, 0xD0, 0x08, 0x51, 0x70, 0x91, 0x59, 0x4F, 0x66, 0x52, 0x50, 0xB8, 0xB4,
    0x00, 0x02, 0x14, 0x8B, 0xC1, 0xE7, 0xAC, 0x1F, 0x46, 0x90, 0x25, 0xF1, 0x15, 0x62, 0xCE, 0x73,
    0x56, 0x30, 0x03, 0xC3, 0x30, 0x28, 0x3C, 0xD8, 0x9C, 0xCD, 0x4C, 0x91, 0xD5, 0x05, 0x2E, 0x0F,
    0x29, 0xFF, 0xDB, 0xA8, 0x62, 0xA3, 0xE1, 0x5B, 0x39, 0xBC, 0x34, 0x8A, 0x9C, 0xA9, 0xF5, 0x35,
    0x23, 0xB2, 0x44, 0x07, 0x8C, 0xFC, 0x01, 0xDD, 0x93, 0x3B, 0x4F, 0x86, 0xEA, 0xE1, 0xFE, 0xBD,
    0xA1, 0xFA, 0xF4, 0xC1, 0x3D, 0x5B, 0xED, 0x3F, 0xFE, 0xD8, 0x8A, 0xFD, 0x54, 0x5B, 0x71, 0x27,
    0xD5, 0x63, 0x3D, 0xCC, 0x02, 0x5D, 0x14, 0xA3, 0x1C, 0xB6, 0xC0, 0x0A, 0xBC, 0x74, 0x82, 0x7B,
    0x9A, 0xA9, 0x75, 0xAC, 0xB5, 0x80, 0x48, 0x53, 0x4F, 0x88, 0xFC, 0x58, 0x94, 0xBB, 0x0E, 0xDD,
    0x13, 0x8B, 0xEE, 0x9E, 0x43, 0xB7, 0x1F, 0xD0, 0xDD, 0x99, 0xD0, 0x0D, 0x89, 0x3B, 0x83, 0xB8,
    0x3C, 0x28, 0xEE, 0xEA, 0x48, 0x3A, 0x54, 0x91, 0xDA, 0x58, 0xB0, 0xAB, 0x4D, 0x0C, 0x6F, 0x2B,
    0x0E, 0x36, 0x9D, 0x1C, 0x45, 0x84, 0xF5, 0xA3, 0xE9, 0x8A, 0x09, 0x96, 0x9F, 0x33, 0x75, 0x34,
    0x81, 0xA2, 0x19, 0x8A, 0x08, 0xEB, 0x7B, 0x39, 0x6D, 0x8E, 0xB0, 0x7E, 0x47, 0x9B, 0x01, 0xF0,
    0x66, 0x98, 0xCE, 0xAC, 0x29, 0x68, 0xD1, 0x74, 0x4B, 0xD7, 0xE1, 0x7F, 0x68, 0xF5, 0x69, 0x5A,
    0x41, 0x75, 0xF7, 0x0D, 0xCD, 0x68, 0xD6, 0x20, 0x88, 0xF7, 0x45, 0x88, 0x67, 0x7D, 0x63, 0x67,
    0xE2, 0xAD, 0x89, 0xF7, 0x26, 0xDE, 0x9C, 0x71, 0x37, 0xAF, 0x3A, 0xEC, 0xCF, 0x1D, 0x06, 0xC0,
    0x01, 0xB2, 0x3B, 0x47, 0x7C, 0xF0, 0x40, 0x99, 0x09, 0xEA, 0x0F, 0x38, 0x70, 0x70, 0xCA, 0x2F,
    0x79, 0x3D, 0x6A, 0x1F, 0x71, 0xB8, 0x48, 0x80, 0x6D, 0xB1, 0x38, 0xC4, 0x5F, 0xDF, 0x2C, 0x79,
    0xD3, 0x4B, 0xDE, 0x38, 0x0C, 0x64, 0xDE, 0x10, 0xB2, 0x38, 0xC3, 0x3C, 0x9D, 0x56, 0x73, 0x8C,
    0xD5, 0xB3, 0x8C, 0x66, 0x2E, 0x43, 0x99, 0x76, 0x39, 0xAE, 0xFF, 0xC9, 0x2D, 0x0A, 0x34, 0xDB,
    0xEE, 0xB2, 0xDD, 0x01, 0xD3, 0x22, 0xB9, 0x13, 0xCA, 0xF9, 0xCA, 0x87, 0xCA, 0xCD, 0x57, 0x47,
    0xCE, 0x47, 0x13, 0x62, 0x60, 0xF2, 0x4C, 0xDB, 0xEA, 0xB6, 0xDF, 0x52, 0x83, 0x3B, 0xA3, 0x86,
    0x31, 0xC7, 0xB4, 0xB7, 0x11, 0x62, 0x7D, 0x01, 0x26, 0xFA, 0x19, 0xEC, 0xB6, 0x11, 0xE8, 0x90,
    0x63, 0x11, 0x20, 0xCB, 0xBB, 0x3B, 0x87, 0x3C, 0xCF, 0xE1, 0x82, 0xAA, 0xF9, 0xAA, 0x63, 0xEB,
    0x61, 0x35, 0x4E, 0xD9, 0xBC, 0x14, 0x2D, 0x97, 0xE2, 0x29, 0x35, 0x4F, 0x11, 0x1E, 0xE9, 0xAB,
    0x0A, 0x28, 0xD6, 0xCA, 0x88, 0xC8, 0x4D, 0x13, 0x2A, 0x06, 0x9A, 0x35, 0xAB, 0x6A, 0x83, 0x93,
    0x02, 0x27, 0x1A, 0xCD, 0x91, 0x55, 0x7A, 0xEE, 0x72, 0xC8, 0xE5, 0xA8, 0x3E, 0x0B, 0x6B, 0x62,
    0x1B, 0xEB, 0xD1, 0x78, 0xE9, 0xA4, 0xE3, 0xA8, 0x8A, 0xFF, 0x41, 0x78, 0xE5, 0x65, 0x57, 0x05,
    0x1D, 0x54, 0x53, 0xC6, 0xF5, 0xA8, 0xE1, 0x5A, 0x6B, 0x13, 0x56, 0x8A, 0xBF, 0x5B, 0xA0, 0x76,
    0x9C, 0x6E, 0x18, 0xD4, 0x5B, 0x3B, 0xCE, 0xA0, 0x82, 0x31, 0x8E, 0x53, 0xAE, 0x19, 0x95, 0x63,
    0x79, 0x79, 0x65, 0x39, 0xD4, 0xA8, 0xB4, 0x92, 0x9A, 0xF4, 0xAC, 0x22, 0x78, 0xB2, 0x80, 0x54,
    0x47, 0x3D, 0x32, 0x00, 0xC0, 0x49, 0x3C, 0x8F, 0x67, 0x31, 0x37, 0x3B, 0xA8, 0x1C, 0x63, 0xDB,
    0x54, 0x88, 0xC9, 0xB5, 0x95, 0x0E, 0x01, 0x68, 0xEE, 0x63, 0x9B, 0x7A, 0x14, 0x41, 0xB8, 0xF7,
    0x12, 0x5E, 0x01, 0xD7, 0x6A, 0xC0, 0x07, 0xE6, 0x61, 0xDF, 0x45, 0xDE, 0x6F, 0x15, 0x80, 0xED,
    0x9B, 0x04, 0x3D, 0x13, 0x42, 0x90, 0xC9, 0xF1, 0x3C, 0xD1, 0x3A, 0xE0, 0xB5, 0x86, 0xCA, 0xE3,
    0x18, 0x27, 0x48, 0x65, 0x97, 0xC1, 0xBB, 0x07, 0x5E, 0x26, 0x2E, 0x0F, 0x99, 0x85, 0x1A, 0xAF,
    0x65, 0x63, 0x06, 0xCD, 0x76, 0xCD, 0xDF, 0xF5, 0x43, 0x3F, 0xEC, 0xD1, 0xDB, 0x2E, 0x9E, 0xB1,
    0xB1, 0xCC, 0x9A, 0x1D, 0x67, 0x48, 0xD4, 0x60, 0x5C, 0x1F, 0x78, 0xAE, 0xCA, 0xB8, 0x36, 0xC3,
    0x18, 0xC4, 0x84, 0xEE, 0x57, 0x63, 0x23, 0xB2, 0x9B, 0xC1, 0x55, 0xBD, 0xF5, 0xE2, 0x19, 0x40,
    0x3E, 0x3C, 0x00, 0x35, 0x49, 0xF5, 0x90, 0xC4, 0xBD, 0x46, 0x5E, 0x1E, 0x64, 0x65, 0x75, 0x35,
    0x6E, 0x94, 0x28, 0x6D, 0x7D, 0x4A, 0x01, 0xB8, 0x3B, 0x89, 0x52, 0xC0, 0x60, 0xE9, 0xA2, 0x2B,
    0x72, 0xF1, 0xA1, 0x3F, 0x70, 0x8A, 0x6D, 0x8F, 0x30, 0xE1, 0xF4, 0x63, 0xE4, 0x63, 0x67, 0x2E,
    0x23, 0x0F, 0x22, 0xA4, 0x04, 0x96, 0xDA, 0xAC, 0x7C, 0xB1, 0x7A, 0x49, 0xCF, 0x26, 0x76, 0xA7,
    0xA6, 0x9A, 0xFB, 0x81, 0x55, 0x8E, 0x18, 0x7F, 0x88, 0xD4, 0x50, 0xF9, 0xB6, 0x11, 0x9C, 0xE6,
    0xE1, 0x4F, 0x28, 0x1B, 0xEA, 0xE4, 0xD4, 0x5D, 0x67, 0x7E, 0x82, 0x24, 0xDA, 0x98, 0x9C, 0x23,
    0xA0, 0x42, 0x7D, 0xF0, 0x77, 0xC9, 0x91, 0xAD, 0xA3, 0x12, 0xE2, 0xA2, 0xCA, 0xE6, 0x98, 0x4B,
    0xB4, 0xA4, 0x02, 0x36, 0xA8, 0x81, 0x75, 0x75, 0x1F, 0x6E, 0xDC, 0x80, 0xE8, 0x10, 0x75, 0xA0,
    0xC7, 0x18, 0xE3, 0x5C, 0x17, 0xDA, 0xAE, 0x58, 0x6E, 0x70, 0xDD, 0x9B, 0x22, 0x98, 0x94, 0x5B,
    0xD6, 0x9D, 0xB1, 0x27, 0x51, 0xE6, 0xC1, 0x2D, 0x11, 0x03, 0xE0, 0x37, 0x95, 0xBF, 0x29, 0xC6,
    0x13, 0xF0, 0xFC, 0x36, 0x75, 0x7D, 0xEA, 0x70, 0xF3, 0xCD, 0xA6, 0x0E, 0x80, 0x63, 0xF8, 0x47,
    0xDF, 0xD4, 0x90, 0x4E, 0x5D, 0x43, 0xF8, 0xBF, 0xE8, 0x33, 0xC9, 0xC7, 0x2E, 0xC7, 0x7A, 0xF9,
    0x47, 0x18, 0x85, 0x6B, 0x0B, 0x24, 0x6A, 0xC9, 0x00, 0xF9, 0x65, 0x8F, 0xE3, 0xD2, 0x0E, 0xB5,
    0x17, 0x19, 0x30, 0x9E, 0x83, 0x2A, 0x9D, 0x85, 0xD7, 0x60, 0x6A, 0xC6, 0x4A, 0xC6, 0x14, 0x9E,
    0xE5, 0xDD, 0xE5, 0x7C, 0xF9, 0x22, 0xE1, 0x5D, 0x0B, 0x32, 0xDF, 0x20, 0xED, 0xFA, 0xAE, 0xFD,
    0x2F, 0x6A, 0xE5, 0x06, 0x65, 0x03, 0x00, 0x9B, 0x0F, 0x27, 0xB6, 0x1F, 0xD5, 0x28, 0x0F, 0x5D,
    0x2A, 0xB4, 0x91, 0x4E, 0xD0, 0x04, 0xF8, 0xB1, 0xAE, 0xD8, 0x4B, 0x39, 0x2C, 0x7F, 0xED, 0x2A,
    0xE0, 0x2E, 0xCA, 0x9B, 0x51, 0x37, 0x99, 0x9B, 0x55, 0x04, 0x91, 0x2F, 0x69, 0x1F, 0x56, 0xBF,
    0x03, 0x6E, 0xF6, 0x21, 0xD9, 0xC3, 0x81, 0x4B, 0xE0, 0xE5, 0xFF, 0xA7, 0x08, 0xAC, 0xFB, 0xE0,
    0xF4, 0x36, 0x4A, 0xCF, 0x11, 0xDC, 0x78, 0xD5, 0x9D, 0xB5, 0xC9, 0x02, 0xDE, 0x47, 0x5E, 0xDA,
    0xF7, 0xF1, 0xF4, 0xDD, 0x00, 0x41, 0xFB, 0x34, 0x43, 0x7A, 0x75, 0x90, 0x60, 0x18, 0x39, 0x9A,
    0x8B, 0xEF, 0xEA, 0x95, 0xEB, 0xAF, 0x41, 0x7B, 0x3E, 0xDD, 0x4D, 0x0D, 0x56, 0xC8, 0x07, 0x45,
    0x7C, 0xCD, 0xA3, 0xCD, 0x51, 0xA4, 0x7C, 0x6B, 0x4D, 0x48, 0xAE, 0xE8, 0x6D, 0x9D, 0x82, 0xFA,
    0x0C, 0xE9, 0x66, 0x36, 0x1C, 0x09, 0x5A, 0xEE, 0x9B, 0x85, 0xBE, 0x1F, 0xB3, 0xB1, 0xBB, 0xB3,
    0x1F, 0xFB, 0x7C, 0xE2, 0x54, 0x4B, 0x45, 0xE3, 0xC0, 0x65, 0x5E, 0x12, 0x44, 0x87, 0xE2, 0xEF,
    0x43, 0xEC, 0x6C, 0xBC, 0xDD, 0xD7, 0xEA, 0xE0, 0x70, 0x08, 0xCF, 0x6B, 0x19, 0x84, 0x38, 0xD1,
    0xBD, 0x1B, 0x79, 0x5C, 0x1D, 0xBC, 0x46, 0x6B, 0x26, 0x38, 0x1C, 0xE7, 0x91, 0xD3, 0x77, 0x6D,
    0xFF, 0x70, 0xC4, 0xA1, 0x40, 0xE6, 0x22, 0xFD, 0x70, 0xD3, 0xB9, 0x50, 0xAE, 0x39, 0xAA, 0x34,
    0xB7, 0x64, 0xB3, 0x10, 0x48, 0xEF, 0x9C, 0xDE, 0xC0, 0x35, 0xF2, 0x4C, 0x50, 0x1D, 0x74, 0x80,
    0x24, 0x59, 0x38, 0xF6, 0xB1, 0x8A, 0xAB, 0x2D, 0x6B, 0x70, 0x3A, 0x78, 0xB3, 0x9C, 0xE1, 0xA1,
    0x83, 0xDD, 0x0A, 0x89, 0x08, 0xD5, 0xDE, 0xED, 0x9E, 0xFA, 0x7D, 0x28, 0x6E, 0xE8, 0x97, 0xB2,
    0x7D, 0x9D, 0xFE, 0x97, 0x20, 0x0B, 0x9F, 0xD4, 0x8C, 0x45, 0x34, 0x1C, 0x35, 0x8A, 0x13, 0x39,
    0x6A, 0xC4, 0xF9, 0x8D, 0x7C, 0xCE, 0xE5, 0x03, 0x6F, 0x11, 0x21, 0xF8, 0x0C, 0x9F, 0x6E, 0xED,
    0xB2, 0x24, 0xD5, 0x38, 0xE7, 0xF8, 0x75, 0x19, 0xCC, 0xB8, 0x83, 0x08, 0x3E, 0xF4, 0x15, 0xEC,
    0x9C, 0x50, 0x98, 0x7C, 0x9E, 0x2E, 0x77, 0xD5, 0xB3, 0x87, 0x9F, 0x34, 0xE5, 0xF3, 0x7B, 0x0F,
    0xA9, 0xF8, 0xEA, 0xA3, 0xFF, 0x00, 0x57, 0x97, 0x20, 0x78, 0x8F, 0xCA, 0x80, 0x36, 0x10, 0xB9,
    0x5A, 0x0F, 0x96, 0x46, 0xCE, 0x9E, 0x38, 0x58, 0xBE, 0x40, 0x60, 0xED, 0x87, 0x65, 0x41, 0x08,
    0xF8, 0x95, 0x5F, 0xE2, 0xE4, 0x70, 0x1B, 0xE9, 0xF8, 0x33, 0x9C, 0x59, 0xFE, 0x0D, 0x0F, 0x8C,
    0xFD, 0x11, 0xEC, 0xC4, 0x23, 0xD8, 0x69, 0x72, 0x90, 0x24, 0xA4, 0x9D, 0x2B, 0xBC, 0x19, 0x0F,
    0x35, 0x2F, 0xCF, 0x26, 0x6B, 0xD2, 0x5E, 0x40, 0x28, 0xE9, 0xE1, 0x04, 0xC8, 0x5B, 0xB0, 0xF7,
    0x6F, 0x4C, 0x87, 0xBC, 0xBA, 0x3A, 0xC2, 0x94, 0xB1, 0x46, 0xBA, 0x50, 0xF0, 0x57, 0xD9, 0xE0,
    0x0C, 0xD4, 0xA9, 0xAE, 0x45, 0x7D, 0xA7, 0x3A, 0xBE, 0x97, 0x0D, 0xBF, 0xC7, 0x7D, 0x2C, 0xC3,
    0x11, 0xBF, 0xB6, 0x69, 0xED, 0x2A, 0xA6, 0x8E, 0x95, 0xC5, 0xE5, 0xE1, 0x50, 0x3E, 0xDF, 0x8D,
    0xCB, 0xF7, 0xAD, 0xDD, 0x81, 0x8E, 0x7F, 0x64, 0x82, 0xDF, 0xEA, 0xDD, 0x7B, 0xB5, 0xFD, 0x3F,
    0xB5, 0x58, 0x4F, 0x88, 0x1D, 0x49, 0x19, 0xFF, 0xBA, 0x5B, 0xA6, 0x9D, 0x74, 0x32, 0xED, 0x61,
    0x17, 0x82, 0x99, 0x9D, 0x46, 0x58, 0x30, 0xE0, 0xCC, 0xD4, 0x1C, 0x56, 0x18, 0xF1, 0xCD, 0xAB,
    0x76, 0x17, 0xCC, 0x21, 0x88, 0x39, 0x04, 0x0F, 0x7A, 0xD8, 0x1C, 0x3C, 0x08, 0x2E, 0xCE, 0x08,
    0x39, 0x04, 0x99, 0xA4, 0x9B, 0xCD, 0x21, 0x07, 0x05, 0x07, 0xAF, 0x5E, 0x72, 0x14, 0x54, 0x9C,
    0x43, 0x0E, 0x0F, 0x79, 0x79, 0x5D, 0x3A, 0x87, 0x80, 0x1E, 0xD2, 0x93, 0x45, 0x16, 0x14, 0xB4,
    0xC3, 0x06, 0x05, 0x17, 0x37, 0x85, 0xB6, 0xBB, 0x3D, 0xB1, 0xBB, 0xCB, 0xDF, 0x57, 0xFD, 0xDE,
    0xCC, 0x64, 0xD7, 0x98, 0x37, 0x4C, 0xE6, 0x75, 0xD5, 0xF7, 0xEA, 0xD5, 0xAB, 0xFA, 0xBE, 0xAF,
    0xBE, 0xFA, 0xFE, 0xB6, 0x20, 0x19, 0x4B, 0xFA, 0x14, 0x11, 0x85, 0xFC, 0xC4, 0xFC, 0x44, 0x69,
    0x94, 0x0A, 0x7E, 0x78, 0x92, 0xDB, 0x9C, 0x6D, 0x59, 0xE1, 0x9B, 0x3A, 0xFA, 0xF3, 0x50, 0x9E,
    0xE9, 0xF5, 0xCF, 0x7C, 0xA6, 0x7F, 0x86, 0xFA, 0xF3, 0x24, 0xE7, 0x49, 0xFC, 0xE3, 0xAD, 0xD0,
    0xD4, 0xAE, 0x29, 0x68, 0x91, 0x9E, 0x6A, 0x41, 0x45, 0x24, 0x5B, 0xA2, 0x46, 0x12, 0x55, 0x11,
    0x39, 0xE5, 0x2C, 0xB9, 0x9A, 0xE8, 0xF3, 0x4F, 0x6E, 0x93, 0xC4, 0x6A, 0x0F, 0x63, 0xAF, 0x20,
    0xF2, 0x73, 0xA2, 0xE8, 0x0F, 0xDF, 0xA4, 0xCC, 0x18, 0xEA, 0xFF, 0xBC, 0xA1, 0xB3, 0x34, 0x4B,
    0xFD, 0xE4, 0x57, 0x04, 0xA4, 0xE4, 0xEF, 0x96, 0x14, 0xA8, 0x81, 0xED, 0x3C, 0xE6, 0xB9, 0x7E,
    0xB6, 0x6E, 0xD7, 0x64, 0x55, 0x56, 0x24, 0x3A, 0xC9, 0xC3, 0x5C, 0x90, 0xAF, 0xD7, 0xC8, 0x2D,
    0x87, 0x74, 0xAA, 0x7E, 0x82, 0x35, 0x06, 0x74, 0x15, 0xCD, 0x64, 0x7F, 0x24, 0xDF, 0x80, 0x7E,
    0x94, 0x76, 0x3D, 0xAB, 0xC8, 0x35, 0x15, 0x55, 0xDD, 0xE7, 0x12, 0x8E, 0x7C, 0x69, 0x3C, 0xA6,
    0x2C, 0xF6, 0x8D, 0x0A, 0xFD, 0x5C, 0xB8, 0x4A, 0xC6, 0xF4, 0xE5, 0x92, 0xBE, 0xD8, 0x52, 0x4F,
    0x28, 0xE1, 0x17, 0x61, 0xA1, 0xBD, 0x7A, 0x9B, 0x92, 0x6D, 0x0A, 0x74, 0xCF, 0xCB, 0xFB, 0xBE,
    0x92, 0x86, 0x4F, 0xB6, 0xBA, 0x74, 0x37, 0xD9, 0x5C, 0x23, 0xB1, 0x47, 0xCE, 0xA3, 0x73, 0x2A,
    0x88, 0x69, 0xFB, 0x15, 0xBF, 0x5A, 0x5D, 0x5D, 0xDE, 0x3C, 0xBD, 0x72, 0xED, 0xFC, 0xDC, 0xC6,
    0x1D, 0x3A, 0xB5, 0x01, 0xD6, 0xF9, 0x7B, 0x65, 0x48, 0x73, 0xAB, 0xF2, 0x17, 0xA7, 0xE7, 0x83,
    0x72, 0x95, 0xD7, 0xF1, 0x7A, 0xDE, 0x27, 0xD4, 0xAF, 0xF5, 0x15, 0x2D, 0xF4, 0x9E, 0xFE, 0xB0,
    0xBC, 0xB1, 0x49, 0xF4, 0xF2, 0x65, 0x30, 0xA7, 0x17, 0xFD, 0xA2, 0x8E, 0x6E, 0xEA, 0x24, 0x54,
    0x68, 0x18, 0xE0, 0x27, 0x26, 0xA5, 0xD1, 0x68, 0x44, 0xE3, 0x26, 0x6B, 0x59, 0xBF, 0x7C, 0xD9,
    0xC9, 0xE2, 0x20, 0xDE, 0x5E, 0xBC, 0x7C, 0x7E, 0xE5, 0xFD, 0xD3, 0x1B, 0xEF, 0xCD, 0x5E, 0x69,
    0x4E, 0x6D, 0x7C, 0x30, 0xBB, 0xF2, 0xB7, 0x1F, 0x2D, 0xDD, 0xFE, 0x0E, 0xE6, 0x1D, 0x13, 0xCB,
    0x36, 0x69, 0xFC, 0x8A, 0xA2, 0x96, 0xD6, 0x22, 0xEA, 0x85, 0x31, 0x1A, 0x06, 0xA2, 0xA1, 0xA0,
    0x24, 0xFA, 0x36, 0xD1, 0x60, 0xDC, 0xC6, 0xD8, 0x27, 0x3F, 0xF9, 0x2F, 0x1A, 0x4F, 0x46, 0x45,
    0x56, 0x57, 0x9B, 0x57, 0x86, 0x4E, 0x09, 0xE1, 0x90, 0x69, 0xB3, 0x86, 0x67, 0xB6, 0x87, 0x33,
    0x3A, 0x2A, 0x69, 0x48, 0xC3, 0xAC, 0x4C, 0xD2, 0x4F, 0x8B, 0xFE, 0xF0, 0x8A, 0x70, 0x06, 0x94,
    0x79, 0x15, 0x8D, 0xBC, 0xF2, 0x13, 0x3D, 0xE3, 0x7E, 0xB1, 0xC6, 0x0D, 0x27, 0x6A, 0x54, 0x89,
    0x78, 0x08, 0xF4, 0x77, 0xD1, 0x47, 0xE3, 0x0E, 0x3D, 0x21, 0xC7, 0x98, 0xD0, 0xEC, 0xC9, 0x5A,
    0x27, 0xB5, 0xCE, 0x26, 0x0D, 0x63, 0x51, 0xEB, 0x60, 0xA8, 0xA9, 0xF7, 0xB1, 0x56, 0x50, 0x8F,
    0xE8, 0x35, 0x7A, 0x69, 0x64, 0xAE, 0xDF, 0x20, 0x41, 0x0B, 0x60, 0xDB, 0x55, 0x89, 0x12, 0xCA,
    0x1F, 0x3F, 0xA2, 0x4A, 0x6A, 0x3E, 0x7B, 0x82, 0x83, 0x77, 0x67, 0x27, 0xF1, 0x3D, 0x7B, 0x70,
    0x68, 0x74, 0x4B, 0x9F, 0xFD, 0x19, 0xF5, 0x82, 0x58, 0x5C, 0x28, 0x82, 0xDD, 0xCA, 0x2B, 0xC1,
    0xE4, 0x08, 0x83, 0xE8, 0x8D, 0x62, 0xD1, 0x8F, 0x5D, 0x45, 0x67, 0x88, 0x12, 0x45, 0x11, 0xE1,
    0x8E, 0x68, 0x0D, 0x1A, 0xAA, 0x70, 0x54, 0x86, 0x9A, 0xA1, 0xCB, 0x3A, 0xAB, 0x3C, 0xB5, 0x44,
    0xA2, 0x0A, 0xE3, 0x86, 0x92, 0x7A, 0xC1, 0x6D, 0x80, 0xB5, 0x17, 0xFC, 0x12, 0x70, 0xB0, 0xBC,
    0x84, 0xC3, 0x40, 0x74, 0x8A, 0xBC, 0x9C, 0x21, 0xB6, 0x61, 0x26, 0x8C, 0x19, 0xCE, 0x30, 0x75,
    0xE0, 0x3F, 0x6F, 0xF1, 0xAF, 0x59, 0xFC, 0x83, 0x03, 0xCC, 0xD6, 0x1A, 0xC0, 0x3B, 0xC3, 0xF0,
    0xAB, 0x0D, 0xF0, 0x2F, 0x44, 0x06, 0xF8, 0x7B, 0x02, 0xDB, 0x69, 0x30, 0x1B, 0x31, 0x66, 0xEA,
    0xC3, 0x6C, 0x72, 0xA7, 0xB2, 0x4B, 0x73, 0xC6, 0x2C, 0x4C, 0x4A, 0xCB, 0x14, 0x01, 0x9E, 0x66,
    0xFC, 0x51, 0xC1, 0xDF, 0x59, 0x0D, 0xB1, 0xD0, 0xF6, 0x90, 0xE5, 0x34, 0xA3, 0x59, 0xC4, 0x51,
    0x89, 0xCD, 0x44, 0x43, 0x2F, 0x67, 0xE8, 0xA7, 0x4B, 0x94, 0x95, 0x21, 0x81, 0xFF, 0x74, 0xF9,
    0x10, 0xFF, 0xE5, 0xC7, 0xF9, 0x0F, 0x52, 0xE6, 0x1C, 0xA4, 0x01, 0x4F, 0x31, 0x7E, 0xA7, 0xF4,
    0x2A, 0xB7, 0xA2, 0x4B, 0xB4, 0x41, 0x03, 0xBF, 0x92, 0x55, 0xB6, 0x55, 0x82, 0xFD, 0x21, 0x4C,
    0x3D, 0x32, 0x16, 0x11, 0x3E, 0xAB, 0x0C, 0x12, 0xAB, 0x46, 0x4C, 0x8D, 0x45, 0xD6, 0x7D, 0xD8,
    0x01, 0xC0, 0x5A, 0xF9, 0x12, 0xF8, 0xD6, 0xA3, 0x1A, 0x60, 0xD9, 0x52, 0x67, 0x45, 0x18, 0xF2,
    0x96, 0x12, 0x16, 0xE8, 0x68, 0x48, 0xC6, 0x33, 0x2C, 0x3E, 0x03, 0x57, 0x11, 0xA8, 0x40, 0x53,
    0x98, 0xFA, 0x25, 0x25, 0x1A, 0x12, 0x61, 0xCD, 0x9C, 0x20, 0x64, 0x4A, 0x0E, 0x63, 0x61, 0x6F,
    0x43, 0x73, 0xF1, 0x09, 0x10, 0x62, 0x29, 0x53, 0xC8, 0x9A, 0xB3, 0x76, 0x1D, 0xE0, 0xCE, 0x2B,
    0x27, 0x75, 0x18, 0x38, 0x53, 0x7B, 0x71, 0x44, 0xDF, 0xAF, 0xE8, 0xF0, 0xE7, 0x05, 0x12, 0x1A,
    0x40, 0xEB, 0xA8, 0xE6, 0x6D, 0x76, 0x74, 0x22, 0x34, 0x02, 0xBE, 0xEE, 0xA5, 0x3B, 0xBC, 0x97,
    0xAF, 0x67, 0x99, 0x47, 0x41, 0x7E, 0x02, 0x84, 0xF0, 0x37, 0xA0, 0x6B, 0xA1, 0xD5, 0x66, 0xA2,
    0x8F, 0x18, 0x7A, 0xFF, 0xE2, 0xDB, 0xF2, 0xDF, 0x61, 0x18, 0xEE, 0x30, 0x8C, 0x3C, 0x44, 0x0E,
    0x92, 0x1E, 0x5C, 0x2C, 0xDC, 0x10, 0xCF, 0x18, 0x53, 0xBA, 0xE0, 0xC5, 0x2B, 0xFD, 0xD4, 0x2F,
    0xBC, 0x32, 0x4C, 0x45, 0x15, 0x19, 0x93, 0xC2, 0xB5, 0x1A, 0x13, 0xD3, 0xB9, 0x96, 0x3D, 0x52,
    0xEA, 0xEF, 0xBD, 0x99, 0x86, 0x45, 0x98, 0x46, 0x2A, 0x20, 0x89, 0x10, 0x02, 0xBE, 0x0E, 0x7A,
    0x6A, 0xC3, 0x0C, 0xDB, 0x1B, 0x3C, 0xCA, 0x37, 0x94, 0xE5, 0x75, 0x7D, 0xAF, 0x3B, 0x24, 0x1F,
    0xD7, 0x1F, 0x07, 0xB8, 0x70, 0xAC, 0x94, 0xC5, 0x58, 0x53, 0x81, 0x9E, 0xAD, 0xAA, 0x73, 0xB2,
    0x26, 0x15, 0x4C, 0x47, 0x07, 0xE8, 0x7E, 0xEC, 0x6B, 0xC7, 0x6E, 0xF3, 0x39, 0xF6, 0x71, 0xD7,
    0x34, 0xEE, 0x2E, 0x3A, 0x38, 0xD5, 0xA1, 0x5D, 0x6F, 0x79, 0x9C, 0x20, 0xE5, 0x05, 0x02, 0xDF,
    0x5F, 0xA2, 0xE3, 0xE3, 0x8C, 0xF8, 0x60, 0xC0, 0xF5, 0xEF, 0x92, 0xDC, 0xFC, 0xEA, 0xB1, 0xF1,
    0xB9, 0x45, 0x49, 0xDE, 0x3F, 0x11, 0x77, 0x8B, 0x72, 0x5F, 0xD1, 0x8E, 0x79, 0xE6, 0x79, 0x2B,
    0xF9, 0x48, 0x93, 0xB3, 0xDD, 0x61, 0x23, 0xD9, 0xF0, 0xFA, 0xFF, 0xDF, 0x44, 0x4B, 0x63, 0x33,
    0x9B, 0xE7, 0x98, 0xE3, 0x81, 0xCC, 0xD6, 0x91, 0xB7, 0x43, 0x73, 0x03, 0xB8, 0x55, 0x01, 0x57,
    0x79, 0xE4, 0xBD, 0x6B, 0x82, 0x46, 0x32, 0x06, 0x9C, 0x08, 0xE1, 0x08, 0x7B, 0xBF, 0x00, 0xAD,
    0x95, 0x56, 0x62, 0xEB, 0x1A, 0x12, 0xA9, 0x20, 0x99, 0x1A, 0x52, 0x6B, 0xBE, 0xFB, 0x24, 0x6D,
    0x32, 0xA3, 0x1A, 0x2C, 0xE4, 0x5E, 0x77, 0xF3, 0x1E, 0xD6, 0x44, 0x39, 0x24, 0x16, 0x4B, 0xF3,
    0x68, 0x4C, 0x4E, 0x7C, 0x8D, 0xBA, 0x5C, 0x8C, 0x5E, 0xAB, 0x0F, 0x1B, 0x7D, 0xA2, 0x91, 0xF7,
    0xC8, 0xCA, 0x37, 0x71, 0xD0, 0xC0, 0x85, 0x07, 0xC6, 0x82, 0x14, 0xE0, 0x71, 0x0E, 0x70, 0x5F,
    0x03, 0xEC, 0x54, 0x00, 0xBF, 0x6D, 0x00, 0x94, 0x61, 0x20, 0x6B, 0x80, 0x88, 0x01, 0x0B, 0xA3,
    0x82, 0x28, 0x93, 0xDA, 0x19, 0x63, 0x5D, 0xA4, 0xCE, 0x36, 0x58, 0x1D, 0xBB, 0xFB, 0x21, 0x3A,
    0xD7, 0xB0, 0x29, 0xE5, 0xFE, 0xDE, 0xBA, 0x0E, 0x0B, 0xBF, 0x8E, 0x94, 0x5B, 0xCB, 0xD4, 0x69,
    0xB0, 0xAC, 0xB5, 0x3D, 0x45, 0x82, 0x98, 0x52, 0x2D, 0x95, 0x53, 0x47, 0x6C, 0x88, 0xCD, 0x7A,
    0x01, 0x53, 0x4A, 0x69, 0x7D, 0xE2, 0x03, 0x19, 0x29, 0xFC, 0x83, 0x5F, 0xEF, 0x9B, 0xCD, 0xB1,
    0x70, 0xB2, 0x49, 0x82, 0x73, 0x12, 0x08, 0xA4, 0xD7, 0xE6, 0x5E, 0x0C, 0x8F, 0x2C, 0xDF, 0xA4,
    0x7D, 0x5A, 0xBA, 0xC7, 0xC1, 0xB9, 0xB9, 0x0C, 0x2D, 0x45, 0xDA, 0xBC, 0xD9, 0x7F, 0x21, 0xF8,
    0x5E, 0x75, 0x69, 0x18, 0xA6, 0x32, 0xA1, 0x10, 0x7A, 0x5F, 0x32, 0xC4, 0xF8, 0x6E, 0x98, 0x62,
    0x1E, 0x68, 0x67, 0x81, 0xF6, 0x03, 0xA0, 0xAD, 0xC2, 0x9C, 0xD1, 0x06, 0x40, 0x2B, 0x80, 0xB6,
    0x6C, 0xE5, 0x1B, 0x79, 0x2B, 0x7F, 0x1C, 0x37, 0xD0, 0xD4, 0x5A, 0xEA, 0x03, 0xB4, 0x7D, 0xA0,
    0x5D, 0xD9, 0xBF, 0x1E, 0x1B, 0x0E, 0x05, 0x5F, 0x4C, 0xC4, 0x4E, 0x7D, 0x72, 0xED, 0x94, 0xB5,
    0xA1, 0x89, 0x93, 0x1A, 0xC9, 0x56, 0x58, 0x20, 0x5D, 0x09, 0xA6, 0x00, 0xDA, 0x2D, 0x89, 0x15,
    0x98, 0xBC, 0xF6, 0x4D, 0xCD, 0xA7, 0x85, 0x7B, 0x15, 0xCD, 0xBE, 0x04, 0x2C, 0x25, 0x0E, 0x12,
    0x1E, 0x8B, 0xB9, 0x33, 0xE0, 0x17, 0x4C, 0xC8, 0x06, 0x27, 0xD6, 0x0E, 0x8A, 0x84, 0xCD, 0x89,
    0x4E, 0x80, 0x06, 0x72, 0x70, 0x68, 0x0B, 0x9B, 0xC9, 0xBE, 0x3B, 0x38, 0x19, 0x81, 0xC1, 0x7F,
    0x23, 0x51, 0xA3, 0x10, 0x67, 0x5A, 0xE8, 0xC2, 0x45, 0x86, 0xC2, 0x21, 0xA9, 0x64, 0x19, 0x16,
    0x81, 0x82, 0x5F, 0x8D, 0xBD, 0x0A, 0x1C, 0xD4, 0x48, 0x04, 0x46, 0x48, 0x43, 0xA5, 0x1E, 0x07,
    0xB3, 0xFC, 0xE9, 0xCE, 0x19, 0x89, 0x69, 0xAC, 0xFF, 0x64, 0xDC, 0x9D, 0xAF, 0x7E, 0xC4, 0x61,
    0x19, 0xE3, 0x04, 0x5E, 0x09, 0x59, 0xB7, 0x8E, 0xD0, 0x05, 0xC6, 0x5C, 0x49, 0xC1, 0xB1, 0x21,
    0x62, 0xDB, 0xB0, 0xD4, 0x52, 0xE7, 0x77, 0x45, 0x09, 0xEE, 0x5A, 0xF2, 0xCA, 0x04, 0xA1, 0x51,
    0x50, 0xA8, 0x24, 0x7A, 0x85, 0xE0, 0x5C, 0x50, 0x78, 0x2F, 0x47, 0x87, 0x56, 0xEE, 0xE0, 0xE0,
    0x2A, 0x4B, 0x51, 0xF6, 0xA8, 0xF0, 0x77, 0x41, 0x1E, 0xDE, 0xFF, 0xBA, 0x12, 0xF7, 0x4D, 0x9C,
    0xDD, 0x43, 0x8D, 0x15, 0x23, 0x1B, 0xB5, 0x15, 0x23, 0x78, 0x39, 0x6B, 0xB3, 0x50, 0x13, 0x87,
    0xA6, 0x10, 0x17, 0x74, 0xE4, 0xB1, 0xA7, 0xF4, 0x8D, 0x16, 0xEF, 0x6B, 0xE9, 0x69, 0x79, 0x11,
    0x99, 0x81, 0x09, 0x8A, 0x0A, 0x15, 0x22, 0x97, 0xAE, 0x6C, 0x44, 0x44, 0x2B, 0xD3, 0x6D, 0x21,
    0xBB, 0xD8, 0x90, 0xF3, 0x38, 0xF6, 0x76, 0x94, 0xFF, 0x15, 0x35, 0xCD, 0x2E, 0xEF, 0x61, 0x1A,
    0x18, 0xE5, 0x47, 0x63, 0xD7, 0xF4, 0xDC, 0xF5, 0xFE, 0xDB, 0x69, 0xF8, 0xFB, 0x3C, 0xB8, 0xA5,
    0xA6, 0x5C, 0x8F, 0x52, 0xC9, 0xFD, 0x0B, 0x79, 0xB7, 0x62, 0xEF, 0x66, 0xEC, 0x3E, 0x26, 0x2E,
    0x45, 0xA6, 0xD8, 0xE5, 0x64, 0x17, 0x2B, 0x2E, 0x85, 0x0D, 0x89, 0x5B, 0x95, 0x8C, 0x85, 0xA7,
    0xC1, 0xE0, 0x39, 0x0E, 0x22, 0xC6, 0xFC, 0x3D, 0x16, 0xEF, 0x6A, 0xCE, 0x86, 0x10, 0x94, 0xE5,
    0x85, 0xF6, 0xA7, 0x08, 0x14, 0x86, 0x8B, 0xDA, 0x08, 0xC9, 0x4B, 0x86, 0xC3, 0xE8, 0xE8, 0x9E,
    0x96, 0xAF, 0x6B, 0x49, 0xB1, 0xB4, 0xEE, 0x1C, 0x6E, 0x45, 0xEC, 0x6D, 0x87, 0x46, 0xBB, 0xC6,
    0x1E, 0xF2, 0x06, 0x71, 0x6D, 0xB1, 0x6C, 0x6B, 0xC5, 0x94, 0xFD, 0x29, 0xB4, 0x90, 0xD9, 0x9A,
    0xB7, 0x9C, 0x75, 0x18, 0x6E, 0x96, 0xD2, 0xA9, 0xA4, 0xB1, 0xCD, 0xDE, 0x82, 0xCC, 0x5F, 0x0A,
    0x91, 0x72, 0x99, 0x2D, 0xAE, 0x82, 0x42, 0x9B, 0x69, 0x40, 0xEF, 0x5E, 0x9D, 0x6E, 0x0B, 0x5B,
    0x0D, 0x78, 0x23, 0xFA, 0x8F, 0x72, 0xDF, 0xC9, 0xBD, 0x34, 0x9F, 0x66, 0x97, 0xFF, 0x76, 0x1E,
    0xBC, 0xAB, 0xFD, 0x9D, 0x71, 0xE6, 0xF9, 0xDC, 0xF5, 0x67, 0x41, 0x43, 0x22, 0xAC, 0x39, 0x38,
    0xA4, 0xC8, 0x33, 0x94, 0xFE, 0x87, 0x1F, 0x18, 0x4E, 0x8D, 0xA2, 0xA7, 0x44, 0xCA, 0x98, 0x7B,
    0xF4, 0xCC, 0x15, 0xE4, 0xA9, 0x50, 0x2F, 0x0C, 0x7A, 0xBD, 0xAB, 0xF3, 0xCF, 0x5A, 0x73, 0x6D,
    0xB1, 0x1E, 0x0D, 0xAE, 0xD3, 0xB3, 0x71, 0xDC, 0xDE, 0x72, 0x60, 0xC8, 0x19, 0x2E, 0x59, 0x39,
    0xB7, 0x34, 0xA4, 0xEB, 0xB4, 0x75, 0x60, 0x9A, 0xE8, 0x01, 0x1C, 0x7D, 0x2B, 0x29, 0xE3, 0x16,
    0x8F, 0x64, 0xDA, 0x88, 0xDD, 0x7A, 0x7C, 0x2B, 0xD7, 0x21, 0x48, 0xCE, 0x6D, 0x7F, 0xA2, 0x0F,
    0xE2, 0xC5, 0xBD, 0xCA, 0xBE, 0x53, 0x89, 0xF6, 0x0C, 0x1C, 0x8A, 0x8C, 0xFF, 0x57, 0x8F, 0xCA,
    0x24, 0x97, 0x15, 0x6A, 0xFF, 0x94, 0x3D, 0x1F, 0x17, 0x95, 0xE0, 0x6B, 0xB6, 0x93, 0x56, 0x1E,
    0x98, 0x2A, 0x7A, 0xD0, 0x4C, 0x48, 0x26, 0x1D, 0x55, 0x4B, 0xB2, 0x64, 0x92, 0x88, 0x1D, 0x81,
    0x42, 0x4A, 0xCE, 0x8A, 0x70, 0x76, 0xBA, 0x2D, 0x64, 0xB5, 0x06, 0x1A, 0xF5, 0x91, 0x72, 0x1E,
    0x16, 0xAE, 0x2A, 0xA6, 0xD9, 0xE5, 0x94, 0x5B, 0x9E, 0x29, 0xDC, 0x1F, 0x4E, 0xEC, 0xE5, 0x79,
    0xEB, 0xDD, 0xDD, 0xC2, 0x7F, 0x4F, 0x7B, 0x0F, 0x8A, 0x29, 0xD7, 0xD3, 0x35, 0xEB, 0x55, 0x06,
    0x07, 0x2F, 0x3D, 0x78, 0x34, 0xB0, 0x93, 0x57, 0xB1, 0xFD, 0xAF, 0xC8, 0x88, 0x5A, 0x02, 0x02,
    0x92, 0xAF, 0x23, 0x1D, 0x43, 0x8E, 0x24, 0x97, 0x12, 0x92, 0xF0, 0x64, 0x32, 0x1F, 0x11, 0xD0,
    0x60, 0x57, 0x49, 0x9F, 0xE3, 0xE3, 0xF1, 0x3B, 0x25, 0x4E, 0x74, 0x39, 0x7E, 0xB0, 0x6B, 0x9F,
    0x19, 0x67, 0x07, 0xBF, 0xC9, 0x28, 0xDB, 0xC1, 0x4D, 0xA8, 0x0C, 0x1E, 0x2E, 0xF9, 0x64, 0xFF,
    0x10, 0xD6, 0x87, 0x22, 0xC7, 0x6D, 0x51, 0x2D, 0xC3, 0xD5, 0x41, 0x87, 0xAC, 0x6C, 0xD9, 0x7F,
    0x75, 0x35, 0xFD, 0x11, 0x71, 0xD8, 0x97, 0x1C, 0xD4, 0x95, 0x27, 0x3F, 0x80, 0x1C, 0x34, 0xEE,
    0x36, 0xDF, 0x38, 0x32, 0x1E, 0xA7, 0xD8, 0xEE, 0xB2, 0xF7, 0x87, 0x07, 0x5A, 0x75, 0x24, 0x3E,
    0x5C, 0xB2, 0x2F, 0x37, 0x58, 0x49, 0xAC, 0x3C, 0xCE, 0x8E, 0x03, 0x5D, 0x9D, 0x15, 0x42, 0x4B,
    0x15, 0x16, 0x02, 0x21, 0xAC, 0x0F, 0xBF, 0xBE, 0x09, 0x25, 0xAF, 0x51, 0x1D, 0x41, 0x78, 0x2D,
    0x68, 0x25, 0x79, 0xC7, 0xBB, 0x88, 0xBB, 0x7D, 0x50, 0xCA, 0x6F, 0x41, 0xA6, 0x19, 0xFF, 0x85,
    0xA9, 0x75, 0xFC, 0x95, 0x31, 0xDA, 0xC3, 0xFD, 0x4F, 0xFC, 0x76, 0x10, 0x11, 0xE4, 0x09, 0xB4,
    0x3D, 0x4F, 0x62, 0x44, 0x98, 0x49, 0xEF, 0xF8, 0xDA, 0xC5, 0x7F, 0x86, 0x5D, 0xE2, 0xD6, 0x53,
    0xFB, 0x10, 0x98, 0x88, 0xCD, 0x16, 0x5A, 0x63, 0xCB, 0x46, 0xEF, 0xC1, 0xC1, 0x59, 0x8F, 0xCB,
    0xE7, 0x7F, 0x01, 0xB5, 0x59, 0xBF, 0x8F, 0xD5, 0xC8, 0x1D, 0xFF, 0xDA, 0x86, 0x73, 0x0E, 0xE7,
    0x98, 0x2D, 0x12, 0x25, 0x12, 0x01, 0x53, 0x5C, 0x41, 0x04, 0x59, 0x5F, 0x91, 0x82, 0x48, 0x0B,
    0x63, 0x2E, 0x05, 0xC5, 0x15, 0x97, 0x26, 0x89, 0x94, 0x2B, 0xA0, 0x4F, 0xB1, 0x44, 0xA2, 0xB8,
    0x93, 0x16, 0xEC, 0xCB, 0x15, 0x27, 0xA5, 0x09, 0x4D, 0x94, 0xF2, 0xEE, 0x3F, 0x08, 0x05, 0xD2,
    0xAD, 0xA2, 0x65, 0x3D, 0x0B, 0x05, 0x45, 0x0A, 0xCC, 0xAD, 0x52, 0x51, 0x60, 0x74, 0x44, 0x4A,
    0x84, 0x14, 0x06, 0x30, 0x17, 0x2F, 0xD8, 0x9E, 0x7C, 0xBE, 0x33, 0xDE, 0x5F, 0xB0, 0xBB, 0xBC,
    0x77, 0xEF, 0xF1, 0xF0, 0xCC, 0xF2, 0x6C, 0xCF, 0x7C, 0x3F, 0x33, 0xF3, 0xFD, 0xF1, 0xF9, 0x7E,
    0x1F, 0x65, 0x2D, 0x11, 0x15, 0xDC, 0x6D, 0x7E, 0x7C, 0x8D, 0x2E, 0xE4, 0x4E, 0x34, 0xE8, 0x62,
    0x7E, 0x3A, 0xDB, 0xA1, 0x9B, 0x5B, 0x46, 0xB7, 0x94, 0xA1, 0xAB, 0x65, 0x4A, 0x9E, 0x4E, 0x14,
    0x05, 0xC6, 0x28, 0x0A, 0x8D, 0xA9, 0x28, 0x52, 0x91, 0x26, 0x91, 0x87, 0x35, 0x65, 0x3A, 0x36,
    0x64, 0xB4, 0x34, 0x14, 0x19, 0x25, 0xF0, 0xDC, 0x7E, 0x3C, 0x93, 0x0A, 0x53, 0x25, 0x67, 0x75,
    0x1C, 0x68, 0xCC, 0x1E, 0x1A, 0x9D, 0x3C, 0xD4, 0x32, 0xD0, 0xF2, 0x03, 0xBC, 0x69, 0xA2, 0xAA,
    0xA1, 0x99, 0x7D, 0x78, 0x6D, 0xF1, 0x30, 0x3A, 0x8B, 0x2A, 0xAE, 0xA6, 0x0F, 0xC8, 0xA3, 0x34,
    0xFA, 0x54, 0x45, 0x26, 0xF7, 0xBA, 0xD1, 0x30, 0x4D, 0x4F, 0x34, 0x51, 0xC0, 0x0B, 0x8A, 0x72,
    0x9E, 0xCB, 0x76, 0x3C, 0x57, 0x50, 0xEF, 0x0E, 0xE2, 0x2C, 0x86, 0xF5, 0x51, 0x0D, 0xB9, 0x9A,
    0xFC, 0x8A, 0xFC, 0xE7, 0x44, 0x9D, 0xDB, 0x90, 0x13, 0x80, 0x8E, 0xD1, 0x11, 0x1E, 0x1D, 0x4C,
    0xDD, 0xAD, 0x43, 0x3D, 0x26, 0x32, 0x79, 0xB8, 0x76, 0x2E, 0x17, 0x95, 0xC8, 0x63, 0x15, 0x91,
    0x84, 0x14, 0x60, 0xDB, 0x6C, 0xFC, 0x5D, 0xB9, 0x8D, 0x15, 0xFD, 0x6F, 0x94, 0xC5, 0x3B, 0xBF,
    0x46, 0xF4, 0x16, 0xBE, 0xA7, 0x94, 0x10, 0x9D, 0x22, 0xFA, 0xB9, 0x9D, 0xAD, 0xC8, 0x23, 0xA3,
    0xE3, 0x5B, 0x5A, 0xBE, 0xAF, 0x25, 0xA5, 0xD2, 0x8E, 0xC7, 0xF0, 0x64, 0xED, 0xAA, 0x30, 0xDA,
    0x37, 0xB9, 0x5D, 0x0B, 0xEF, 0xC8, 0xE9, 0xCB, 0x44, 0xD7, 0xDE, 0x99, 0x1C, 0x02, 0x59, 0xE1,
    0x05, 0xD1, 0x8B, 0x3C, 0xB8, 0xA9, 0x82, 0x5C, 0x8D, 0x84, 0xC2, 0xC3, 0x94, 0x11, 0x4F, 0x85,
    0x16, 0x96, 0x53, 0x41, 0x71, 0x89, 0x68, 0xD9, 0xF6, 0x34, 0xDA, 0x46, 0xF0, 0x47, 0xCF, 0x42,
    0x15, 0x96, 0x88, 0x12, 0xE8, 0x49, 0xA4, 0x26, 0x86, 0x01, 0x25, 0x0D, 0x3F, 0x53, 0xC1, 0xDD,
    0xD4, 0x83, 0xD6, 0x2C, 0x8C, 0x0C, 0xC3, 0x2B, 0xF1, 0x6E, 0x5D, 0xC3, 0x7A, 0xB0, 0x13, 0xB1,
    0x53, 0x8B, 0xE3, 0xA6, 0x21, 0xC9, 0x30, 0xF4, 0xBC, 0x86, 0x6A, 0x35, 0xA1, 0xF6, 0xDB, 0x50,
    0x7B, 0x1D, 0x34, 0x7A, 0x6B, 0x6B, 0xDD, 0xFD, 0x00, 0xEF, 0x24, 0x65, 0x62, 0x4C, 0x2A, 0xCD,
    0x03, 0x98, 0xDD, 0xD2, 0x49, 0x28, 0xE9, 0x1C, 0x54, 0xED, 0x24, 0x51, 0x7B, 0x11, 0xED, 0x3D,
    0x0F, 0xAE, 0x22, 0x32, 0x2D, 0xC5, 0x77, 0x5A, 0x40, 0x40, 0xA3, 0x2D, 0x2D, 0x47, 0x7B, 0x88,
    0x67, 0x2C, 0xAF, 0xC9, 0xF2, 0xDD, 0x64, 0xFF, 0xFE, 0x79, 0xDE, 0x15, 0x46, 0xED, 0x20, 0x3B,
    0xDE, 0x94, 0xFD, 0x16, 0xAB, 0x37, 0x1B, 0x08, 0x9A, 0xC4, 0xB6, 0xFC, 0xB0, 0x4B, 0xC7, 0x91,
    0xED, 0x19, 0x98, 0x8C, 0xD1, 0x1B, 0x2E, 0x8D, 0x71, 0x24, 0x16, 0x4B, 0x84, 0x16, 0xA6, 0xC0,
    0x61, 0xAD, 0x3A, 0xC4, 0x7C, 0xB6, 0x69, 0x1A, 0x9A, 0xCF, 0x26, 0x88, 0x77, 0x84, 0x7D, 0x1F,
    0xE3, 0xD2, 0xD0, 0x54, 0xA1, 0x19, 0x94, 0xCB, 0x73, 0x07, 0xF1, 0x59, 0x2D, 0xBD, 0x46, 0x1A,
    0x7B, 0x61, 0x72, 0x5C, 0xE5, 0x0F, 0x84, 0xA9, 0x7D, 0x73, 0x85, 0xD2, 0x19, 0xD8, 0xEA, 0x45,
    0x62, 0x00, 0x94, 0xE5, 0x13, 0x0B, 0xF7, 0x70, 0x7B, 0xA5, 0x0C, 0x8C, 0xF2, 0xFA, 0xD1, 0xE4,
    0xB3, 0x0F, 0x4D, 0x06, 0xE5, 0x4A, 0x26, 0x5F, 0x3C, 0x8F, 0xBF, 0xBC, 0xCD, 0x24, 0x5E, 0x0B,
    0x41, 0xBA, 0xA1, 0xDF, 0x51, 0xDC, 0x35, 0x62, 0x5F, 0x47, 0x70, 0x85, 0x38, 0x40, 0x88, 0xBB,
    0xBE, 0x8B, 0x40, 0xE8, 0xFF, 0x7F, 0xAE, 0x59, 0xE5, 0x57, 0x14, 0xA5, 0x24, 0x60, 0x42, 0x0F,
    0x9C, 0xA3, 0xA6, 0x40, 0x2D, 0x92, 0xFF, 0x04, 0x93, 0x70, 0xE8, 0x99, 0xCA, 0x1E, 0xC0, 0x1E,
    0xCB, 0xE0, 0x6E, 0xBE, 0x61, 0x8F, 0xAF, 0x3F, 0x06, 0x8E, 0x1B, 0x21, 0x74, 0x37, 0x9E, 0x47,
    0xA8, 0x88, 0x06, 0x97, 0x00, 0x3B, 0x45, 0x74, 0x08, 0xFA, 0xDF, 0x56, 0xA2, 0x0A, 0xAA, 0x58,
    0xF9, 0xE5, 0x76, 0x97, 0x90, 0x35, 0x32, 0xCF, 0x6A, 0xA9, 0x02, 0x1D, 0x57, 0x81, 0x16, 0xFD,
    0x47, 0x1A, 0x2E, 0x41, 0xD3, 0x7C, 0x9F, 0xAE, 0x3B, 0x48, 0xF6, 0x90, 0x70, 0x91, 0x14, 0xAC,
    0x22, 0xDC, 0xE4, 0xE5, 0x10, 0x58, 0x8B, 0x34, 0x02, 0xCC, 0xF8, 0x8F, 0x9A, 0xE2, 0x33, 0xB5,
    0x6D, 0xE2, 0x21, 0x42, 0x09, 0x94, 0x56, 0xFC, 0x05, 0x10, 0x38, 0x6E, 0xC1, 0x16, 0x85, 0xE9,
    0x49, 0xFE, 0xAE, 0xC0, 0x71, 0x5E, 0xA6, 0xEC, 0x4C, 0x87, 0x2D, 0xA9, 0x61, 0x4F, 0x00, 0xB0,
    0x0F, 0x4A, 0x76, 0x0A, 0x18, 0x13, 0xA8, 0x58, 0x54, 0x4F, 0x8C, 0xD5, 0x23, 0xAB, 0xB3, 0x08,
    0x87, 0x8A, 0x9C, 0xD6, 0x4E, 0x01, 0x23, 0xA5, 0x4E, 0x27, 0x6C, 0xAB, 0xA6, 0xB3, 0x9F, 0xAC,
    0xD1, 0xCB, 0xB4, 0xC5, 0xD9, 0x4F, 0x01, 0xE7, 0xA4, 0x98, 0x3C, 0xAC, 0xCF, 0x63, 0xA6, 0x51,
    0x3B, 0xDA, 0xC3, 0x11, 0xEE, 0x6D, 0xA6, 0x1B, 0xE4, 0x54, 0x6F, 0xD1, 0xB9, 0xC4, 0x21, 0x2C,
    0x4C, 0x61, 0x5F, 0x59, 0x56, 0xC0, 0xA7, 0x24, 0xBE, 0xC0, 0xD7, 0x23, 0x41, 0xBE, 0x6E, 0x2F,
    0xC2, 0x94, 0xB2, 0x8B, 0xD8, 0x62, 0xC0, 0x3A, 0x5E, 0xEE, 0x8C, 0x59, 0xEF, 0x76, 0x7A, 0xCA,
    0x5D, 0xD2, 0x87, 0x46, 0xF1, 0x2C, 0x6A, 0x27, 0x53, 0x38, 0x80, 0x7B, 0x12, 0x4B, 0x04, 0x43,
    0x62, 0x0A, 0xE4, 0x8E, 0xF5, 0x71, 0xCF, 0x14, 0x2A, 0x0F, 0xFA, 0x42, 0x05, 0x75, 0x8C, 0x26,
    0x5E, 0x69, 0x51, 0x9B, 0x54, 0x71, 0x87, 0x3D, 0xDC, 0x0E, 0xEF, 0xD0, 0xB3, 0x5F, 0xF7, 0x69,
    0x61, 0xB0, 0xF1, 0xE3, 0xC3, 0x9B, 0x87, 0x93, 0x28, 0x60, 0x49, 0x02, 0xCD, 0xC0, 0xC0, 0xE3,
    0x7F, 0xE2, 0xFF, 0xB7, 0xB0, 0x8D, 0x18, 0x2E, 0x9E, 0x1B, 0xDC, 0xCF, 0xD0, 0xE4, 0x2B, 0x2D,
    0xD1, 0x45, 0x9E, 0x3D, 0x33, 0xAC, 0x8B, 0xF1, 0x9F, 0xB0, 0x5F, 0x74, 0xEC, 0xFA, 0x46, 0xB0,
    0x21, 0x69, 0xC5, 0xEC, 0x7D, 0xC1, 0xDC, 0xF0, 0xE6, 0xEC, 0x8F, 0x8B, 0xF6, 0x0F, 0x7C, 0x08,
    0x94, 0x94, 0x05, 0x74, 0x66, 0xEB, 0x3F, 0xD9, 0x66, 0xAD, 0xC4, 0x5B, 0xFD, 0x77, 0x99, 0x38,
    0xEB, 0x1C, 0xAD, 0xDF, 0x79, 0xDA, 0x19, 0x8F, 0xCF, 0x02, 0xB3, 0x39, 0x83, 0x1F, 0x6B, 0xE6,
    0xA3, 0xFB, 0x16, 0x0F, 0x67, 0x2D, 0xB3, 0x96, 0x5D, 0x20, 0x8F, 0x33, 0x59, 0x98, 0xB3, 0x92,
    0x22, 0x62, 0xC5, 0x35, 0x53, 0x39, 0x2F, 0xE5, 0x59, 0x1C, 0x89, 0x4A, 0xCA, 0xEC, 0xA5, 0xD9,
    0xE3, 0x1A, 0x99, 0xC1, 0xA2, 0x5F, 0x05, 0x65, 0xB0, 0x86, 0x43, 0x4C, 0xC9, 0x32, 0xE6, 0xC1,
    0x21, 0x8C, 0x25, 0x76, 0x37, 0xE4, 0x09, 0x5C, 0x7E, 0x17, 0x23, 0xE8, 0x6B, 0xBF, 0xA1, 0xF1,
    0xBB, 0xA4, 0xF7, 0x99, 0xF4, 0x04, 0x8D, 0xA3, 0xF6, 0x43, 0xEA, 0x60, 0x33, 0x19, 0x6B, 0x6D,
    0xD7, 0xD9, 0xA2, 0xF7, 0x83, 0xAF, 0x26, 0x60, 0x85, 0x52, 0x45, 0x6A, 0xE0, 0x69, 0x76, 0xB5,
    0xF3, 0x79, 0x71, 0xDF, 0xE4, 0x71, 0x95, 0xE5, 0xEE, 0xF9, 0xAB, 0x2D, 0x6E, 0x92, 0x3C, 0x6B,
    0x93, 0xC1, 0xA1, 0x64, 0x2E, 0x44, 0x32, 0x4D, 0xE2, 0x1D, 0x00, 0x09, 0x2D, 0x94, 0xFF, 0x14,
    0xC1, 0xEB, 0x4B, 0x16, 0x6C, 0x34, 0x3B, 0x81, 0x8C, 0x5E, 0x7F, 0xC1, 0x07, 0xF6, 0x9C, 0x4F,
    0x84, 0x0D, 0x33, 0xD8, 0xD8, 0x79, 0x80, 0x05, 0xBE, 0xE9, 0xDF, 0x4B, 0x83, 0x5B, 0x2A, 0xF2,
    0xF9, 0x16, 0x18, 0x19, 0x4B, 0xDA, 0xF3, 0xE2, 0x6D, 0xA8, 0x49, 0x56, 0x7C, 0x9E, 0xB2, 0x4F,
    0x3A, 0x6C, 0x25, 0xA8, 0x9D, 0x28, 0x43, 0x2D, 0xB1, 0xA3, 0x90, 0xF0, 0x94, 0x5D, 0x93, 0xB2,
    0xEE, 0x29, 0x7C, 0x51, 0xE3, 0x3B, 0x47, 0x5E, 0x28, 0x81, 0x96, 0x0A, 0xF4, 0xAF, 0x86, 0x55,
    0xF6, 0xD0, 0x76, 0x97, 0x8E, 0x32, 0x0D, 0xF0, 0x6B, 0xE7, 0x12, 0x03, 0x18, 0x27, 0xE2, 0xCA,
    0x71, 0xE5, 0x82, 0x7A, 0x8C, 0x26, 0xD6, 0xDB, 0x4D, 0xE4, 0x4F, 0x37, 0x7A, 0xFC, 0x85, 0xCD,
    0xDE, 0x53, 0xB0, 0xDB, 0xDC, 0xFD, 0xFD, 0x07, 0x52, 0xB0, 0x9B, 0x70, 0x7D, 0x2B, 0x3D, 0x25,
    0x15, 0x6C, 0xB5, 0x1E, 0x56, 0x86, 0x54, 0xC7, 0x0D, 0xCC, 0x9D, 0x7F, 0x04, 0x63, 0x4A, 0x56,
    0x4D, 0x9E, 0xDD, 0xEF, 0x29, 0xBA, 0xDF, 0x50, 0xF4, 0x0D, 0xF2, 0xB7, 0x47, 0xCA, 0xB5, 0xBB,
    0x9A, 0xA2, 0x55, 0x2C, 0xBC, 0x34, 0xD0, 0xCF, 0x4C, 0xC9, 0x66, 0x98, 0xE3, 0x27, 0x2E, 0x74,
    0x04, 0x40, 0x1A, 0x5E, 0xD9, 0x30, 0x4E, 0xD6, 0xBF, 0x2D, 0x4C, 0x62, 0xB7, 0x16, 0x30, 0x03,
    0xC1, 0x7A, 0x85, 0xDA, 0x60, 0x18, 0x47, 0xFD, 0x3A, 0xAE, 0x4F, 0x03, 0xD8, 0xF1, 0xD2, 0x94,
    0x71, 0x29, 0x76, 0xFC, 0x97, 0xD4, 0x45, 0x3B, 0x91, 0x14, 0xFE, 0xCC, 0x92, 0x65, 0x2A, 0x96,
    0x17, 0x31, 0xA1, 0x98, 0x79, 0xBD, 0x4C, 0x4E, 0x5A, 0xC3, 0x32, 0x54, 0x22, 0x65, 0x72, 0x79,
    0x18, 0x2B, 0x9D, 0x05, 0x86, 0x9F, 0x41, 0xC6, 0x09, 0xB4, 0x77, 0xC7, 0xC2, 0x70, 0x7C, 0x55,
    0x99, 0x55, 0x15, 0xAF, 0x2A, 0xB1, 0x9A, 0x8A, 0x55, 0x76, 0xBA, 0xBB, 0x5D, 0x49, 0xCD, 0x75,
    0x89, 0x9D, 0xD7, 0xBB, 0x0F, 0x2D, 0x81, 0x46, 0x49, 0xCC, 0x1F, 0xEF, 0x2E, 0xAB, 0x24, 0xE8,
    0x59, 0xFC, 0xF2, 0xCC, 0xAD, 0xB8, 0xD3, 0x8A, 0xB2, 0x79, 0x55, 0x16, 0x97, 0x2A, 0x04, 0xB6,
    0x89, 0x53, 0xEB, 0x8D, 0xD6, 0x71, 0x82, 0x5E, 0x92, 0x0F, 0x0C, 0x09, 0xBE, 0xFF, 0xD4, 0xDD,
    0xAF, 0xBC, 0xD6, 0xD3, 0x5E, 0x1B, 0x68, 0x04, 0xDF, 0x4A, 0x18, 0x53, 0x1E, 0xAA, 0x79, 0x92,
    0x60, 0xE3, 0xFA, 0x16, 0xA1, 0x8C, 0xD5, 0x23, 0xB4, 0xF7, 0x7F, 0xB4, 0xE5, 0x51, 0x84, 0xE0,
    0x63, 0xD6, 0x8D, 0xFE, 0x04, 0x77, 0x9C, 0xD4, 0x73, 0x80, 0x74, 0xB5, 0x01, 0xFE, 0x64, 0x9A,
    0xA3, 0x53, 0x13, 0x9A, 0x14, 0x6F, 0x2F, 0x21, 0x52, 0xDB, 0x2E, 0x47, 0xF7, 0xA8, 0x44, 0x77,
    0x5B, 0xA3, 0xBB, 0xD9, 0xA0, 0xBB, 0xD1, 0xA1, 0x53, 0x86, 0x3B, 0x09, 0x35, 0x55, 0x31, 0x77,
    0x30, 0xD3, 0xA4, 0x81, 0xEC, 0xAC, 0xE5, 0x15, 0x50, 0x3E, 0x30, 0xEA, 0xD2, 0xA9, 0xFC, 0x81,
    0x81, 0x3C, 0xDD, 0x6A, 0x08, 0x11, 0x93, 0xE2, 0x35, 0x84, 0xB8, 0x4A, 0xA6, 0x3B, 0x35, 0xA8,
    0x7C, 0x29, 0x1B, 0xA3, 0xA7, 0x0A, 0x67, 0xA3, 0xA0, 0xC3, 0xB6, 0x6D, 0x8D, 0xDB, 0xF9, 0x6F,
    0x66, 0x3A, 0xE3, 0x80, 0xDA, 0x66, 0xCB, 0x1C, 0x30, 0x84, 0xB3, 0x65, 0xF7, 0xB9, 0xC8, 0x96,
    0x7D, 0x89, 0x59, 0x52, 0x6C, 0x2B, 0x38, 0xE5, 0x9B, 0xD8, 0x59, 0xD8, 0x8E, 0x06, 0x21, 0x5B,
    0xD3, 0x2E, 0x8F, 0x17, 0xE9, 0xD8, 0x3B, 0x3B, 0x6B, 0x3D, 0x07, 0x8F, 0xB3, 0x81, 0x20, 0xB6,
    0x16, 0x7A, 0x00, 0x44, 0x68, 0x8E, 0x95, 0x78, 0x26, 0xEC, 0x33, 0xF0, 0x7C, 0xF0, 0x9E, 0xDD,
    0x3B, 0x30, 0x22, 0xD0, 0xBE, 0x4E, 0x36, 0x5B, 0x56, 0xD6, 0xBE, 0xB4, 0x32, 0xB5, 0xB1, 0xB2,
    0x1A, 0xDD, 0x4A, 0xCB, 0x8B, 0xEA, 0xF7, 0x3E, 0x24, 0xBB, 0x3C, 0x8E, 0x62, 0xFF, 0xE3, 0xED,
    0xB3, 0xE9, 0x6F, 0x96, 0x52, 0x82, 0xA5, 0x65, 0x58, 0x9A, 0xD0, 0xD9, 0x1E, 0x4B, 0x93, 0xA9,
    0x6C, 0x2C, 0xD9, 0x25, 0x1B, 0x5E, 0xB8, 0xD4, 0xC6, 0xA5, 0xA2, 0x08, 0x93, 0x30, 0x95, 0x91,
    0xDD, 0x26, 0xDF, 0x3E, 0xD4, 0x71, 0x95, 0xA4, 0x0C, 0xD7, 0xE6, 0xB5, 0xA8, 0xC2, 0x16, 0x74,
    0xB9, 0x95, 0xB9, 0xD7, 0x61, 0x74, 0x6F, 0x5B, 0x4E, 0x1D, 0x5A, 0x2B, 0x95, 0x07, 0xBE, 0x81,
    0xF5, 0x76, 0xF3, 0x15, 0x53, 0x44, 0x9A, 0x6F, 0x60, 0x5F, 0x60, 0xCE, 0xD5, 0x7A, 0x4E, 0x5A,
    0x46, 0xA6, 0x89, 0xBF, 0xC6, 0xC0, 0x5E, 0x52, 0x21, 0x29, 0xE3, 0x3E, 0x5D, 0x4E, 0x60, 0xE9,
    0x9C, 0x8F, 0xE5, 0x7C, 0x54, 0x34, 0x77, 0xD0, 0x09, 0x8F, 0x1E, 0x4C, 0x2C, 0xDC, 0x4B, 0x67,
    0x82, 0xF2, 0x6A, 0x80, 0x7D, 0x29, 0xD2, 0x91, 0xE4, 0x53, 0xFE, 0x2B, 0x0A, 0xEE, 0x20, 0x22,
    0xDD, 0x02, 0x03, 0x81, 0x19, 0xBE, 0xFB, 0xFD, 0x89, 0x31, 0xF0, 0xE7, 0xE4, 0x05, 0x5A, 0x58,
    0xA4, 0x45, 0x4D, 0x8F, 0x2B, 0x5A, 0xC9, 0x47, 0x42, 0x72, 0x08, 0x34, 0x99, 0x65, 0xA2, 0x0F,
    0xD7, 0xA2, 0x2A, 0xC1, 0x41, 0x46, 0xD5, 0x41, 0x4A, 0x14, 0x17, 0xD2, 0x64, 0xBA, 0xAD, 0xE7,
    0x0A, 0x0E, 0x7A, 0x84, 0xF4, 0x9C, 0xEF, 0xF0, 0x3B, 0xFB, 0xC1, 0x66, 0xA2, 0x4A, 0xA4, 0x51,
    0x7F, 0xAE, 0x8A, 0x53, 0xDF, 0xCE, 0x03, 0x87, 0xC6, 0x73, 0x16, 0x9F, 0x42, 0xF7, 0xCC, 0x0B,
    0x53, 0xC5, 0x5F, 0x9B, 0xB3, 0x88, 0xF8, 0xBD, 0x5F, 0x43, 0xB8, 0x41, 0x97, 0x19, 0x7C, 0x5D,
    0xE6, 0xA2, 0x04, 0xF2, 0xD7, 0xE4, 0x8E, 0xF9, 0xD7, 0x55, 0x61, 0x1E, 0x71, 0xEE, 0xFE, 0xFE,
    0x50, 0x41, 0xF3, 0xA0, 0x1B, 0x11, 0x9B, 0x11, 0xFE, 0xFE, 0x82, 0x86, 0xD2, 0xD5, 0x03, 0x78,
    0xFF, 0x1E, 0x9E, 0xBD, 0x80, 0xA7, 0x4F, 0x72, 0xD7, 0x98, 0x47, 0x14, 0x43, 0xD6, 0x5E, 0x81,
    0x3F, 0x80, 0x43, 0x3C, 0xEE, 0x86, 0x77, 0x64, 0x99, 0xF4, 0x02, 0x84, 0x19, 0x2C, 0xE4, 0x6D,
    0x6B, 0x4B, 0xD2, 0xD2, 0x98, 0xF7, 0x9C, 0x51, 0x96, 0xC5, 0xBD, 0x2A, 0x36, 0xA5, 0xD0, 0x5C,
    0x2D, 0xDC, 0x7A, 0x25, 0xD0, 0xE9, 0x6E, 0x32, 0x71, 0xB6, 0xEA, 0x50, 0x6E, 0x66, 0xA7, 0x21,
    0xBC, 0xC1, 0xFE, 0x11, 0x84, 0x92, 0x7D, 0x15, 0xCE, 0x09, 0x83, 0xE1, 0xFC, 0xF7, 0xBB, 0x95,
    0x07, 0x39, 0x02, 0xC5, 0x37, 0x95, 0xA3, 0x8C, 0xA7, 0xA7, 0xB0, 0x1B, 0xB0, 0x3F, 0x44, 0xC6,
    0xDB, 0x36, 0x88, 0x2D, 0x8D, 0xB4, 0x1B, 0x16, 0x19, 0xAB, 0x80, 0x87, 0x73, 0xB5, 0xE6, 0xE2,
    0x9B, 0x2B, 0x31, 0x4E, 0xF1, 0xAF, 0x7A, 0xD9, 0xC3, 0x55, 0x66, 0x57, 0xD8, 0x94, 0x10, 0x31,
    0x3D, 0xA3, 0x67, 0x62, 0x5D, 0x07, 0x75, 0x13, 0x68, 0xA8, 0x84, 0x31, 0x2A, 0xC1, 0xF0, 0xA3,
    0x56, 0x50, 0xC3, 0x81, 0xC7, 0xB3, 0x27, 0x1C, 0x31, 0xEB, 0x4E, 0xAF, 0x8B, 0x74, 0x39, 0xA4,
    0xAC, 0xE6, 0x08, 0x08, 0x5D, 0xC4, 0x1A, 0x40, 0xA8, 0xA0, 0x3A, 0xAC, 0xCD, 0x4B, 0x4C, 0x66,
    0xA3, 0xDB, 0xEA, 0xA0, 0x65, 0x9B, 0xE3, 0x89, 0xB3, 0x11, 0x0E, 0xB1, 0x55, 0x2C, 0xD0, 0x91,
    0x23, 0x74, 0xE2, 0xC0, 0x48, 0x12, 0xC7, 0x15, 0xC1, 0x69, 0xF9, 0x02, 0x5F, 0x5E, 0x35, 0xC2,
    0x72, 0xAC, 0x22, 0x78, 0x35, 0x07, 0xB8, 0xD0, 0xEE, 0xC0, 0x61, 0x10, 0xA8, 0x0F, 0xD3, 0xB0,
    0xE3, 0x9B, 0x63, 0x2F, 0x70, 0x1F, 0xCD, 0xCD, 0xD2, 0xEC, 0x02, 0x1C, 0xEF, 0x90, 0xEC, 0xBC,
    0x16, 0x00, 0xDC, 0x74, 0xCD, 0xED, 0x52, 0xBC, 0x52, 0x2F, 0xC4, 0x4A, 0x1F, 0x8B, 0x55, 0x65,
    0x79, 0xF3, 0x5E, 0x0D, 0x24, 0xC8, 0x33, 0x43, 0x90, 0xE6, 0xB0, 0xCA, 0x61, 0x33, 0x50, 0xD6,
    0x96, 0xB0, 0x8E, 0xC0, 0x5E, 0x09, 0x12, 0x6F, 0xA3, 0x5E, 0x4A, 0xAA, 0xF8, 0xD1, 0xDA, 0x15,
    0xF6, 0xC7, 0xCE, 0xA0, 0x2F, 0xDB, 0x31, 0xB8, 0x3E, 0x76, 0x93, 0x55, 0x73, 0xD0, 0x86, 0xDA,
    0xD9, 0xB7, 0x70, 0x26, 0x3F, 0x11, 0x40, 0x28, 0x15, 0x9F, 0x78, 0xE9, 0x3D, 0x55, 0xC1, 0x93,
    0x74, 0x14, 0x54, 0x7B, 0x89, 0xF3, 0x91, 0xEA, 0x7B, 0x7F, 0xFB, 0xF7, 0xAE, 0xE2, 0x76, 0x5C,
    0xFB, 0xA1, 0x67, 0xA9, 0xB4, 0xE5, 0x87, 0x97, 0xD7, 0x6E, 0xEB, 0x01, 0x2E, 0x1F, 0xD8, 0xAC,
    0x09, 0xB8, 0x2A, 0x7E, 0x0F, 0x7A, 0x99, 0xB5, 0x02, 0xC9, 0x4A, 0x05, 0x6D, 0x8A, 0x46, 0xE8,
    0x34, 0x58, 0x12, 0x17, 0xC7, 0x29, 0xE8, 0xCF, 0x69, 0x76, 0xDB, 0x5C, 0xD2, 0x64, 0x75, 0x6C,
    0xCE, 0xDB, 0x02, 0xB7, 0x77, 0x6B, 0xE3, 0x57, 0x32, 0x4A, 0x56, 0x0A, 0x2A, 0x6E, 0x82, 0x78,
    0xA8, 0x02, 0xA7, 0x97, 0xBD, 0xDA, 0xBE, 0xE5, 0x5F, 0xE4, 0x4C, 0xE5, 0xF7, 0x38, 0x06, 0x0B,
    0x6F, 0xA3, 0xB2, 0x30, 0x6D, 0x78, 0x3E, 0x62, 0xC6, 0xD6, 0xFA, 0xFB, 0x58, 0xD0, 0xB8, 0x1E,
    0x69, 0x0B, 0x92, 0x0E, 0xDF, 0x7A, 0x49, 0x72, 0xAA, 0xDB, 0x97, 0x73, 0x99, 0xFE, 0xC2, 0xB6,
    0x32, 0xFD, 0x58, 0x18, 0x6D, 0x72, 0x2F, 0x98, 0x5F, 0x1E, 0x3E, 0xB1, 0xFE, 0xBF, 0xB0, 0x7A,
    0x03, 0x40, 0xB9, 0x96, 0xFF, 0x15, 0xBE, 0x54, 0x98, 0x5C, 0xC3, 0x7A, 0xFE, 0xAE, 0xDC, 0xBD,
    0x71, 0x01, 0x53, 0x7E, 0x94, 0xBD, 0x24, 0x60, 0x47, 0xAB, 0x58, 0x73, 0xFC, 0x21, 0x16, 0x7D,
    0xEC, 0x9D, 0x37, 0x00, 0xD8, 0xA6, 0xC7, 0x27, 0x11, 0xB8, 0xD8, 0x57, 0x82, 0x1D, 0x5F, 0x83,
    0xB4, 0xF3, 0xE5, 0xD8, 0x80, 0x27, 0x84, 0x54, 0x32, 0xA4, 0xD4, 0xE5, 0x6C, 0x44, 0x57, 0xD9,
    0x7D, 0xD7, 0xEE, 0x07, 0x5F, 0x97, 0xB9, 0xCF, 0xAF, 0x18, 0x2A, 0x6E, 0x98, 0x9D, 0x61, 0x6C,
    0x42, 0xB9, 0xE2, 0xF7, 0x49, 0xE5, 0x98, 0x3D, 0x53, 0x75, 0x0E, 0xC6, 0xFC, 0x9D, 0xA9, 0xAC,
    0xAB, 0x51, 0xD9, 0xEC, 0x82, 0x16, 0x6C, 0x54, 0xD5, 0x27, 0xD6, 0xD5, 0x3D, 0xEB, 0xC3, 0x92,
    0xEB, 0x49, 0x51, 0x25, 0x6B, 0xA1, 0x85, 0xE6, 0xDF, 0x83, 0xF1, 0x57, 0x85, 0xC8, 0xF2, 0x45,
    0x1E, 0x34, 0x49, 0x03, 0xEA, 0xD4, 0x9E, 0x6A, 0x13, 0xE4, 0x92, 0x73, 0x1D, 0x66, 0x6D, 0x3F,
    0x5E, 0x46, 0x32, 0xDE, 0x5D, 0x93, 0xD8, 0xB4, 0xCB, 0x5A, 0x62, 0xDB, 0xA4, 0x4E, 0xD8, 0x5F,
    0x56, 0x2C, 0x20, 0x56, 0xF0, 0xFB, 0x80, 0x15, 0xAD, 0x67, 0x31, 0xB6, 0x0C, 0x6C, 0xF3, 0xC6,
    0xE0, 0x1E, 0x2B, 0xDE, 0xE7, 0x38, 0x4C, 0x57, 0xA5, 0x61, 0xE1, 0xF5, 0x29, 0xD1, 0xC8, 0xEA,
    0x32, 0x44, 0xAA, 0x22, 0x40, 0x0E, 0x6F, 0x10, 0xFC, 0xEF, 0x9B, 0x0F, 0xF2, 0xE0, 0xC9, 0xBD,
    0x3F, 0xA7, 0xFE, 0xD3, 0xDB, 0xF7, 0xC8, 0x7B, 0xF1, 0xF9, 0x7F, 0x41, 0x2F, 0x7E, 0x89, 0xCD,
    0x29, 0xB8, 0x86, 0x71, 0x9A, 0x73, 0x31, 0x5E, 0x10, 0xFF, 0x82, 0xC9, 0x8B, 0x19, 0x96, 0x52,
    0xB4, 0x58, 0x45, 0x83, 0x35, 0x54, 0x11, 0x67, 0xD6, 0x29, 0x90, 0x03, 0x2B, 0x90, 0x2E, 0x5B,
    0x84, 0xC3, 0x4F, 0x97, 0xE5, 0xF6, 0xC6, 0x05, 0x03, 0x33, 0x68, 0x02, 0x27, 0x34, 0x5C, 0xFF,
    0xFE, 0x0A, 0xE7, 0xF1, 0x58, 0x93, 0xAF, 0xBE, 0x1C, 0xE6, 0x2D, 0xAA, 0x44, 0x4B, 0x25, 0x40,
    0x3F, 0x23, 0x7D, 0x1A, 0x2E, 0x74, 0x01, 0xE9, 0x20, 0x1C, 0x6D, 0x0B, 0x1C, 0xBD, 0x76, 0x3F,
    0x61, 0xCA, 0x41, 0xD3, 0x13, 0x57, 0xA2, 0xFF, 0x88, 0xC1, 0x6A, 0x9B, 0x86, 0x10, 0xD5, 0x88,
    0xC2, 0x2D, 0x64, 0xD4, 0x4B, 0x9B, 0xDE, 0x6B, 0x52, 0xAC, 0x9E, 0x72, 0x3F, 0x26, 0xB3, 0xDC,
    0x4F, 0xD6, 0x6B, 0x3A, 0x1C, 0x66, 0x0D, 0x9D, 0x42, 0x0E, 0x33, 0x17, 0x34, 0xB4, 0x8F, 0x39,
    0x6A, 0x5C, 0xBA, 0x35, 0x15, 0x2E, 0xB5, 0xE1, 0x5A, 0x1F, 0x4E, 0x18, 0xB7, 0x45, 0x2A, 0x55,
    0x62, 0xF3, 0x23, 0x1E, 0x47, 0xDF, 0xB3, 0xD0, 0x4F, 0xDB, 0xC3, 0x3A, 0xEF, 0x66, 0xD3, 0xB8,
    0xE6, 0x44, 0x79, 0x12, 0xC3, 0x0B, 0xF2, 0x6D, 0x75, 0x40, 0x94, 0x17, 0x64, 0x5E, 0x67, 0xF6,
    0x11, 0x0D, 0x19, 0xEC, 0x90, 0x38, 0xAD, 0x73, 0xBF, 0x89, 0x50, 0xD8, 0x5C, 0x8E, 0x73, 0xBA,
    0x66, 0xA3, 0x88, 0x3C, 0x02, 0x0A, 0x56, 0xAA, 0x33, 0x30, 0xA4, 0xD5, 0xD2, 0x99, 0xCC, 0x34,
    0x90, 0x78, 0x24, 0xA2, 0x5C, 0x7C, 0x61, 0x8B, 0x66, 0xF5, 0xC8, 0x48, 0xB2, 0x12, 0xB1, 0x24,
    0x7C, 0x5C, 0x8B, 0x72, 0x06, 0x8C, 0x64, 0x8F, 0x0B, 0xC4, 0xB5, 0xE8, 0xE8, 0xFF, 0xBD, 0x59,
    0xBF, 0x93, 0xD5, 0xD6, 0x15, 0x3E, 0x92, 0x30, 0x02, 0x14, 0x7C, 0x29, 0x5C, 0x78, 0x66, 0x81,
    0x4B, 0x66, 0x52, 0x78, 0xC6, 0xB0, 0x72, 0x41, 0x81, 0x67, 0xF6, 0x71, 0xE5, 0x50, 0x50, 0xB8,
    0x70, 0x3A, 0xCF, 0x24, 0x05, 0xF9, 0x0B, 0xB2, 0x2E, 0x52, 0xB8, 0x58, 0x90, 0x62, 0x0A, 0x4A,
    0xB6, 0xF1, 0xB8, 0x48, 0x91, 0x7F, 0xC1, 0x05, 0x05, 0x05, 0xAC, 0x04, 0x14, 0x14, 0x2E, 0x10,
    0x71, 0x41, 0x91, 0xC2, 0x4A, 0xE2, 0x49, 0x66, 0xE2, 0x99, 0x70, 0x6D, 0x34, 0xB1, 0x98, 0x48,
    0xBA, 0xF9, 0xCE, 0xB9, 0xD2, 0xEE, 0x82, 0xF1, 0xB2, 0x84, 0xC5, 0x0F, 0xDD, 0x73, 0x97, 0xF7,
    0xF4, 0xEE, 0x39, 0xF7, 0xDC, 0xF3, 0xE3, 0xFB, 0xF4, 0x88, 0xB6, 0x5E, 0x49, 0x60, 0x65, 0x8E,
    0x1F, 0x54, 0x32, 0x87, 0x6E, 0xFA, 0xE0, 0xE2, 0xD6, 0x3D, 0x6F, 0xBB, 0x8E, 0x8C, 0x1B, 0x30,
    0x5C, 0x61, 0xDC, 0x48, 0xB1, 0x5D, 0xB5, 0x8B, 0xB0, 0xC7, 0x1C, 0x77, 0x2B, 0x71, 0x8B, 0x39,
    0xEC, 0x8F, 0x28, 0x8B, 0x39, 0x18, 0x28, 0xAD, 0x30, 0xD3, 0x40, 0x79, 0xE6, 0x67, 0xAC, 0xC7,
    0x33, 0x6E, 0xE7, 0xB9, 0xC7, 0xED, 0x72, 0xBF, 0xB2, 0xAF, 0x63, 0x8E, 0x6C, 0x5A, 0x69, 0xCC,
    0x69, 0x9D, 0x17, 0x29, 0xA5, 0xCE, 0x65, 0x25, 0xD6, 0x37, 0xEE, 0x6B, 0xCA, 0xA1, 0x4F, 0x5E,
    0x81, 0xC8, 0xE3, 0x2A, 0x63, 0x2B, 0xD4, 0xEF, 0xC4, 0x88, 0xB8, 0x17, 0x1B, 0x02, 0x2B, 0x26,
    0x90, 0x5F, 0xD1, 0xB8, 0x86, 0x0D, 0x30, 0xCE, 0xB2, 0xBE, 0x8F, 0x75, 0xC5, 0xD3, 0x69, 0x93,
    0x89, 0x15, 0xA3, 0x28, 0x8F, 0x7A, 0xB9, 0x33, 0xB1, 0xA2, 0x5A, 0x57, 0x9F, 0xB3, 0x66, 0x93,
    0x59, 0xAF, 0xD8, 0x7A, 0xBD, 0xCD, 0x36, 0xEF, 0x50, 0x46, 0xE1, 0x8D, 0xE8, 0x56, 0x43, 0xAA,
    0x0F, 0xBF, 0xAF, 0x28, 0xE8, 0x79, 0x3B, 0xD4, 0xD3, 0x59, 0x91, 0x30, 0xAE, 0xEC, 0x13, 0xC7,
    0x97, 0x72, 0xBD, 0xBE, 0xDF, 0xAB, 0xA8, 0x35, 0x59, 0xFF, 0xBA, 0x6A, 0x0C, 0x3E, 0x4D, 0x2B,
    0x96, 0x39, 0xB1, 0x84, 0xEF, 0x8A, 0x3E, 0xEA, 0x8E, 0x99, 0x6F, 0xB0, 0xF1, 0x85, 0x76, 0xEE,
    0x4F, 0xAE, 0x8F, 0xBB, 0xFC, 0xAA, 0xEB, 0xBD, 0x1A, 0xE3, 0x48, 0xBB, 0xCA, 0x0C, 0x90, 0x05,
    0x0C, 0x0D, 0xD8, 0xCE, 0xDD, 0xCB, 0xE8, 0x0F, 0x72, 0x16, 0xB7, 0x58, 0x2A, 0x48, 0x6C, 0x07,
    0xEF, 0xC0, 0x51, 0xEF, 0xC9, 0xF2, 0x21, 0x7B, 0x88, 0xA2, 0x96, 0xA5, 0x96, 0xD3, 0x2E, 0xE5,
    0xAC, 0x2F, 0xCD, 0x5B, 0xE4, 0x0F, 0x61, 0x41, 0xDC, 0xC2, 0x80, 0x88, 0xBD, 0x27, 0x47, 0x25,
    0x22, 0x69, 0x21, 0x0C, 0x8B, 0x98, 0x45, 0xF4, 0x84, 0x88, 0x2E, 0x43, 0xC4, 0x77, 0x20, 0xD4,
    0x9D, 0x16, 0x4A, 0x2F, 0x63, 0x15, 0x77, 0x8E, 0xBF, 0x19, 0xB1, 0x50, 0x2C, 0xF2, 0x1A, 0xC2,
    0x15, 0x53, 0x40, 0xBD, 0x46, 0x6F, 0xD7, 0xA6, 0x70, 0xB5, 0xA9, 0x74, 0x9D, 0x66, 0x0A, 0x9F,
    0xF9, 0x51, 0x16, 0xEA, 0xBE, 0x2B, 0x14, 0xA2, 0x40, 0xD5, 0xE9, 0x33, 0x47, 0xDA, 0xA6, 0x45,
    0xD9, 0x1B, 0x18, 0xCB, 0xA3, 0x84, 0x71, 0x23, 0x82, 0x97, 0x83, 0xAA, 0xA1, 0xDC, 0xC6, 0xEE,
    0x21, 0xDC, 0xD7, 0xC5, 0xEE, 0x82, 0xCB, 0x92, 0x81, 0x6E, 0x20, 0xDA, 0x12, 0x37, 0x4D, 0x85,
    0x4C, 0x0F, 0x6B, 0x99, 0xEE, 0x59, 0x99, 0xEE, 0x74, 0x32, 0xDD, 0x1E, 0x64, 0xAA, 0x9C, 0x9F,
    0x4C, 0x2F, 0x93, 0xF6, 0x53, 0xC2, 0x53, 0xDA, 0x45, 0x3D, 0xFC, 0x97, 0xF7, 0x41, 0xEF, 0xDD,
    0x38, 0xF9, 0xD1, 0x3B, 0x08, 0xFE, 0xF4, 0xD1, 0xE2, 0x7C, 0xF2, 0x5C, 0xA2, 0x2D, 0x97, 0xE2,
    0x0E, 0xB6, 0xEB, 0x6E, 0xCB, 0x66, 0x9D, 0x6B, 0xD8, 0x2A, 0x12, 0xA3, 0x48, 0x6C, 0x5A, 0xB2,
    0x6C, 0x92, 0xB1, 0x6C, 0x51, 0x6C, 0xD9, 0xA0, 0xC8, 0xB2, 0x3D, 0x90, 0x30, 0x87, 0xA5, 0xE9,
    0x59, 0x6A, 0x91, 0x09, 0x24, 0x9B, 0x12, 0x59, 0xB6, 0x44, 0xBC, 0x3B, 0x59, 0xA0, 0xC4, 0x80,
    0x5C, 0xF4, 0x3B, 0xD1, 0x7B, 0x53, 0x4C, 0x38, 0xC2, 0x42, 0x52, 0x68, 0x64, 0x71, 0x63, 0x2B,
    0xA4, 0x97, 0xEE, 0x76, 0xE1, 0x50, 0x3A, 0x97, 0x0C, 0xFA, 0xB1, 0x0B, 0x06, 0x04, 0x6B, 0xF6,
    0xE3, 0x42, 0xB7, 0x79, 0x3D, 0x98, 0xCE, 0x59, 0x59, 0x8A, 0xC3, 0x89, 0x13, 0x99, 0x34, 0x3B,
    0xC1, 0xB0, 0x6A, 0x9D, 0xF9, 0x55, 0xED, 0x32, 0x6B, 0xB9, 0xCE, 0x6F, 0xB3, 0x5D, 0x49, 0x35,
    0xAB, 0x0B, 0x37, 0xC3, 0x49, 0xB1, 0x03, 0x35, 0x7F, 0x7D, 0x99, 0x57, 0x5B, 0xD9, 0xE0, 0x6F,
    0xE4, 0x10, 0x48, 0x1A, 0x0A, 0x50, 0x09, 0x28, 0x72, 0x70, 0x64, 0xEC, 0x90, 0x82, 0xD8, 0xB2,
    0x25, 0x55, 0xA0, 0x5A, 0xE4, 0x56, 0x3B, 0xE2, 0xDC, 0x94, 0x6A, 0x75, 0xAE, 0x8A, 0xEF, 0x51,
    0x38, 0x4E, 0x1B, 0x0A, 0x5C, 0xA6, 0x5C, 0x93, 0x9E, 0xB7, 0x3A, 0x92, 0x52, 0xE0, 0x6C, 0xFA,
    0x8D, 0x35, 0x91, 0x35, 0xEF, 0xE3, 0x7E, 0x97, 0x34, 0xAC, 0xF0, 0xF7, 0x8A, 0xCE, 0x2E, 0xD8,
    0xE0, 0xA8, 0x99, 0x32, 0x0D, 0x51, 0xCE, 0xF1, 0xBC, 0xE3, 0x95, 0x72, 0x15, 0xA2, 0x23, 0xFB,
    0xAE, 0xAD, 0x5C, 0x6C, 0xD3, 0x86, 0x77, 0x93, 0xD6, 0x65, 0xA3, 0x9E, 0xF8, 0x67, 0xFA, 0xDC,
    0xA7, 0xEF, 0x35, 0x8D, 0xE8, 0x5E, 0xF3, 0xC9, 0x15, 0xD7, 0x93, 0x97, 0x07, 0x58, 0xE7, 0xEA,
    0xF8, 0xF1, 0xAA, 0x55, 0x4D, 0xDC, 0xEB, 0x0A, 0x05, 0xAA, 0x40, 0x75, 0xCA, 0x68, 0x94, 0x51,
    0xD0, 0x80, 0xD1, 0x9B, 0x2A, 0xE8, 0x75, 0x13, 0xB5, 0x6A, 0x58, 0x6D, 0xB0, 0xFB, 0x82, 0x56,
    0xD9, 0xE6, 0x2C, 0xBA, 0xDD, 0x44, 0xFF, 0xAC, 0xB8, 0xD8, 0x2C, 0x64, 0x9F, 0x65, 0x9D, 0xB8,
    0x4E, 0xFF, 0x19, 0x5F, 0x1F, 0x0D, 0x95, 0x86, 0x72, 0x96, 0xD9, 0x46, 0x8A, 0x92, 0xE3, 0xDA,
    0x50, 0xD2, 0x0B, 0xAF, 0x8F, 0x15, 0xC4, 0x59, 0xFE, 0x86, 0xE2, 0xF3, 0x89, 0xE6, 0x4A, 0x56,
    0x8E, 0xCA, 0x65, 0x79, 0xAF, 0x46, 0x44, 0x4B, 0xD0, 0x51, 0xB2, 0x0B, 0x61, 0xC3, 0x56, 0x6A,
    0x24, 0x45, 0xE3, 0x05, 0xCB, 0x3B, 0x61, 0x0F, 0xF0, 0xA9, 0x65, 0x47, 0x28, 0xAC, 0xF1, 0xCE,
    0x23, 0xEC, 0xB3, 0x84, 0xDE, 0xD4, 0xAB, 0x48, 0x6F, 0x95, 0x54, 0xDE, 0x41, 0x15, 0xAB, 0x4A,
    0x52, 0x55, 0xFE, 0xC3, 0xF1, 0x1F, 0x87, 0xB0, 0x77, 0x4D, 0x38, 0x9A, 0x9A, 0xE4, 0x2C, 0xCD,
    0xDC, 0x68, 0x68, 0xA1, 0x39, 0x82, 0x39, 0xAD, 0x17, 0xE9, 0xDE, 0x5B, 0x1C, 0x3A, 0x1C, 0xBD,
    0x6B, 0xA7, 0x58, 0xC4, 0xDF, 0xDF, 0x75, 0x14, 0xFE, 0xD5, 0x6E, 0xA6, 0xC3, 0x0B, 0x59, 0xEE,
    0x5F, 0x7A, 0x4E, 0xAB, 0xA0, 0x9E, 0xCD, 0xDF, 0x48, 0x61, 0xFE, 0x9A, 0x7E, 0x05, 0x0E, 0x97,
    0x62, 0x62, 0x7D, 0x49, 0xE5, 0x38, 0x3C, 0xB4, 0x07, 0xDB, 0x38, 0x7A, 0x9C, 0x77, 0x71, 0x7D,
    0x8E, 0x91, 0x57, 0xBB, 0x83, 0xB0, 0xBA, 0x46, 0xE1, 0x77, 0xD6, 0x77, 0x9D, 0x94, 0xF6, 0xE6,
    0x20, 0xA4, 0xBC, 0x49, 0x6E, 0x18, 0xAE, 0x34, 0xE1, 0x4F, 0x70, 0x10, 0x58, 0x37, 0x80, 0xB7,
    0x02, 0x0E, 0x25, 0x24, 0x3B, 0x1D, 0x7E, 0xF9, 0x6D, 0xEC, 0x1F, 0xB3, 0xD4, 0xD5, 0xEF, 0xA2,
    0xD4, 0x45, 0x58, 0xA4, 0x33, 0x4E, 0xAE, 0xB0, 0x35, 0xA8, 0x68, 0xAE, 0xE2, 0x0E, 0x57, 0xB2,
    0xE6, 0x19, 0x0A, 0x11, 0x5D, 0xE7, 0x2D, 0xF7, 0x1B, 0xF3, 0x5F, 0x7B, 0x5C, 0x60, 0x13, 0x57,
    0x2B, 0xC7, 0x9E, 0x4C, 0xAE, 0x54, 0xEA, 0x8B, 0x1A, 0x72, 0x82, 0x60, 0xCF, 0x2D, 0xB3, 0x52,
    0x08, 0xA7, 0x6A, 0xC8, 0xD6, 0x14, 0x73, 0x67, 0x7A, 0x15, 0x7D, 0x20, 0x71, 0x55, 0xE2, 0x1B,
    0xEE, 0xC7, 0xD2, 0xE2, 0x76, 0xDB, 0x0A, 0x42, 0x27, 0xD0, 0xC4, 0x59, 0x7A, 0xE2, 0x05, 0x65,
    0x8E, 0x3F, 0x64, 0x49, 0x65, 0xCB, 0x35, 0xF4, 0x7B, 0x96, 0xD1, 0x23, 0x3E, 0xE9, 0xF8, 0x4B,
    0x96, 0xC0, 0x37, 0x6C, 0x73, 0xC4, 0x78, 0xCD, 0x44, 0x00, 0xA2, 0x54, 0x4A, 0x49, 0x71, 0xA8,
    0xBE, 0xD8, 0x19, 0xC0, 0x50, 0x11, 0x73, 0x15, 0x2F, 0xD2, 0x4E, 0x33, 0x48, 0x06, 0x18, 0x45,
    0x33, 0xD6, 0x5C, 0x98, 0xB5, 0xCB, 0xB6, 0x29, 0x0B, 0xCA, 0xF7, 0x81, 0x62, 0x59, 0x57, 0x7A,
    0xA5, 0x33, 0x59, 0x0A, 0x14, 0x5A, 0xD0, 0x12, 0x43, 0x5A, 0xE7, 0xFE, 0x95, 0xA5, 0x0F, 0x2C,
    0xAF, 0x8F, 0x95, 0xCD, 0xF9, 0xF1, 0x8F, 0x99, 0xE1, 0xFB, 0x92, 0x4E, 0x3F, 0x46, 0x3B, 0xC1,
    0x52, 0xF0, 0x47, 0x34, 0x7E, 0x88, 0xC6, 0x13, 0x35, 0x68, 0x27, 0xC0, 0x51, 0x1E, 0x0B, 0xF9,
    0x91, 0x77, 0xA6, 0xC8, 0x5B, 0x53, 0x2D, 0xB5, 0xBA, 0x31, 0x4E, 0x8D, 0x1F, 0x5A, 0xEC, 0xCB,
    0xD2, 0xEA, 0x98, 0x51, 0xFE, 0xB0, 0xC6, 0xEE, 0xEA, 0xC8, 0x02, 0x1F, 0xD6, 0x17, 0x29, 0xA9,
    0x2F, 0xC1, 0x41, 0x40, 0x7A, 0xD8, 0x46, 0x88, 0xE3, 0x8E, 0xE1, 0xCA, 0x18, 0xA8, 0x9B, 0xDB,
    0x8F, 0xFE, 0xF4, 0x42, 0x0D, 0x68, 0x00, 0xA3, 0x10, 0xA8, 0x08, 0xBB, 0xD0, 0xAD, 0x7B, 0xBB,
    0xCF, 0x28, 0xDF, 0x59, 0xB8, 0xB1, 0xCC, 0x7D, 0x65, 0xD7, 0x36, 0x61, 0x93, 0x4D, 0x64, 0xD5,
    0xF8, 0x9B, 0x4D, 0x9B, 0x02, 0x64, 0x53, 0x7C, 0x19, 0x07, 0xFD, 0x17, 0x9C, 0xB8, 0x9B, 0x12,
    0x4A, 0x4E, 0xB1, 0xCC, 0x90, 0x1C, 0x99, 0xFE, 0xC4, 0x92, 0x7E, 0xAF, 0x95, 0xA1, 0xBE, 0xC1,
    0x81, 0xC2, 0x4E, 0xF5, 0xA9, 0xAF, 0xBC, 0x9A, 0x79, 0x00, 0xB3, 0x84, 0x5F, 0x97, 0x00, 0x5C,
    0x97, 0x28, 0x7F, 0x8F, 0x99, 0x49, 0xCB, 0xA8, 0xCA, 0x2F, 0x82, 0x8E, 0x4F, 0x8B, 0x85, 0x07,
    0x29, 0x93, 0xAD, 0x66, 0x4C, 0x07, 0x33, 0xE8, 0x1E, 0x48, 0xB5, 0x8E, 0x2D, 0x73, 0x02, 0xF8,
    0xE2, 0x11, 0xAF, 0x5B, 0xC9, 0xDA, 0xF1, 0x7F, 0x91, 0xF4, 0x8F, 0x18, 0x3F, 0x03, 0x06, 0x5B,
    0x03, 0xEA, 0xA0, 0xDB, 0x74, 0x8C, 0x47, 0x33, 0x0A, 0xE6, 0xA1, 0x15, 0x28, 0x36, 0x17, 0x9F,
    0xDC, 0xFE, 0x21, 0xEB, 0xB1, 0x4E, 0x3C, 0x15, 0x67, 0x3F, 0xD8, 0xCF, 0x65, 0x11, 0xB1, 0x7F,
    0xBF, 0x47, 0x5A, 0x23, 0x84, 0x65, 0xFE, 0xAE, 0xC7, 0x67, 0xF0, 0xB1, 0xCD, 0x8B, 0xA4, 0x4B,
    0x1B, 0x3D, 0x00, 0xB6, 0x2E, 0x8D, 0x33, 0x44, 0x68, 0x61, 0xD5, 0x0E, 0x10, 0x21, 0xEC, 0xC5,
    0x7F, 0xC3, 0x6A, 0x1D, 0x71, 0x90, 0xAE, 0xB6, 0xBE, 0x12, 0x89, 0x42, 0xFC, 0x1F, 0xA4, 0xEB,
    0x47, 0x00, 0xC2, 0x4D, 0x01, 0x08, 0x96, 0x01, 0xC2, 0x0A, 0x4A, 0x86, 0x74, 0x6C, 0xD4, 0x47,
    0xEC, 0x8A, 0x41, 0xD0, 0x16, 0x22, 0xDC, 0x3B, 0x43, 0x90, 0x5D, 0xD1, 0xCC, 0xA0, 0x5E, 0xCC,
    0x28, 0xA1, 0xA2, 0x60, 0xA1, 0x4C, 0x40, 0x2F, 0x7A, 0xA4, 0x86, 0x2C, 0x1A, 0x16, 0x41, 0xB7,
    0x12, 0x35, 0xFB, 0x54, 0x05, 0x1E, 0xC5, 0x77, 0xE2, 0xA0, 0x97, 0x7A, 0x49, 0xFB, 0x61, 0x85,
    0xFA, 0xFC, 0xB3, 0x9E, 0xF9, 0x9E, 0xA4, 0xD8, 0x53, 0xD8, 0x10, 0x21, 0x81, 0x6B, 0x25, 0x69,
    0x4E, 0x23, 0xC3, 0x0C, 0x63, 0xD7, 0x70, 0x90, 0x78, 0x5F, 0x65, 0xF2, 0xC2, 0xA4, 0x28, 0x6C,
    0x4F, 0x47, 0xF6, 0x66, 0x82, 0x74, 0xA9, 0x80, 0xCE, 0x41, 0x34, 0x55, 0x5C, 0x25, 0xF7, 0x28,
    0xC2, 0xDF, 0x02, 0xF5, 0xF7, 0xF7, 0x42, 0x30, 0x76, 0xBC, 0xB0, 0x0C, 0x6A, 0x13, 0x90, 0x30,
    0x76, 0xC0, 0x04, 0x15, 0xD9, 0x2F, 0x0C, 0x15, 0x6C, 0x48, 0x28, 0xEA, 0xB2, 0x30, 0xCF, 0xB8,
    0x3B, 0x35, 0x51, 0xCF, 0x7D, 0x42, 0x97, 0xE1, 0x28, 0x54, 0x47, 0x21, 0xA6, 0xE6, 0x29, 0xBA,
    0x3C, 0xD2, 0xCC, 0x54, 0xE5, 0x7E, 0xB0, 0xAE, 0x8C, 0xBB, 0x91, 0x6A, 0x92, 0x42, 0xC8, 0x6A,
    0xA5, 0x33, 0x66, 0xAB, 0x46, 0xF4, 0x7C, 0xCD, 0x54, 0x4F, 0xF4, 0xCA, 0x86, 0x25, 0x01, 0x58,
    0xAB, 0x4C, 0x9B, 0xC4, 0x38, 0x65, 0x46, 0x1C, 0x0C, 0xA9, 0x63, 0xDE, 0x36, 0x9C, 0x02, 0x1C,
    0xC5, 0x74, 0x32, 0xAD, 0xBC, 0x5E, 0x51, 0x47, 0x83, 0xDC, 0x89, 0x2E, 0x24, 0xCA, 0xEC, 0x19,
    0xD6, 0x95, 0x56, 0xD7, 0xBD, 0xAA, 0x96, 0x35, 0x99, 0xAD, 0xBA, 0x19, 0x8A, 0x83, 0x95, 0x64,
    0x46, 0xE0, 0x8B, 0xFE, 0x96, 0xDC, 0x46, 0x89, 0x07, 0xA1, 0xC4, 0x28, 0x73, 0xFD, 0xA1, 0xC4,
    0x6E, 0xA3, 0xC4, 0xD9, 0x36, 0x4A, 0x7C, 0x18, 0x94, 0x38, 0xB1, 0xA7, 0xE0, 0xB7, 0xAB, 0x6E,
    0xD8, 0x4E, 0x89, 0xFD, 0xEB, 0x18, 0xB7, 0x74, 0x92, 0x33, 0x89, 0xD7, 0x5F, 0xBA, 0xEC, 0xD0,
    0x7E, 0xB6, 0x3B, 0xF3, 0x30, 0x84, 0x1B, 0xE8, 0x2F, 0xF6, 0xB0, 0xEC, 0xD0, 0x49, 0x39, 0x05,
    0x0E, 0xC5, 0x94, 0x33, 0x20, 0xF8, 0x7C, 0x7A, 0x9F, 0x69, 0xA0, 0x90, 0x53, 0xA1, 0xA6, 0x9E,
    0x03, 0x32, 0x05, 0x14, 0x52, 0x2A, 0x94, 0x54, 0x08, 0xA9, 0xD0, 0x51, 0x21, 0xA3, 0x42, 0x45,
    0x85, 0x88, 0x0A, 0x0D, 0x15, 0x12, 0x2A, 0x14, 0x94, 0xE8, 0xC4, 0xC4, 0xE5, 0x2E, 0x4D, 0xD4,
    0x2B, 0xCA, 0x66, 0x4E, 0x87, 0x8E, 0x04, 0xD0, 0xF1, 0xD8, 0x11, 0xF3, 0xB6, 0x67, 0x0D, 0xA6,
    0x72, 0xCC, 0xE4, 0xFC, 0x22, 0xD2, 0x8E, 0x85, 0xBD, 0x1E, 0xDB, 0x74, 0x76, 0xCC, 0xFF, 0x3D,
    0xCE, 0xB0, 0xF0, 0x24, 0x32, 0x93, 0x4E, 0x9D, 0x99, 0x99, 0xC4, 0x56, 0xC7, 0x3E, 0xFB, 0xFF,
    0x31, 0x37, 0x80, 0x56, 0x47, 0xE1, 0xD7, 0xE4, 0xF9, 0x69, 0xF8, 0x15, 0x45, 0x57, 0xB2, 0xE8,
    0x72, 0x16, 0x3E, 0x7C, 0x01, 0x22, 0x37, 0xBD, 0x04, 0x84, 0x27, 0x12, 0x8B, 0x1E, 0x90, 0xBF,
    0xFB, 0x13, 0x74, 0x72, 0x7A, 0x93, 0xD7, 0x3F, 0xBB, 0xF9, 0x5C, 0x4C, 0xE8, 0xC4, 0xFA, 0x4B,
    0xF6, 0xF4, 0xCD, 0xA0, 0xE1, 0xE0, 0x86, 0x39, 0x49, 0x31, 0x53, 0xC7, 0x83, 0x28, 0xC7, 0xFF,
    0x46, 0x39, 0xEE, 0x7C, 0x39, 0x4E, 0x50, 0x8E, 0xD1, 0xBF, 0xB2, 0x76, 0x34, 0xE7, 0xEA, 0xD1,
    0x5C, 0xCD, 0xD0, 0xCB, 0x50, 0x8E, 0xED, 0x16, 0x75, 0x3C, 0x0B, 0x6D, 0xEF, 0x30, 0x75, 0x0C,
    0x27, 0xCC, 0xA5, 0xB0, 0x16, 0x33, 0xF2, 0x37, 0x67, 0x13, 0xFF, 0x81, 0x90, 0x1B, 0x09, 0xC5,
    0x98, 0xCC, 0x2F, 0x11, 0xC4, 0x08, 0x42, 0x73, 0x2A, 0x27, 0xD3, 0x62, 0xD4, 0x1B, 0x84, 0x92,
    0x2C, 0xC1, 0xFC, 0x73, 0x04, 0x73, 0x18, 0x62, 0xBF, 0xEA, 0x3C, 0x16, 0x49, 0xBE, 0x84, 0xE9,
    0x81, 0xE5, 0x13, 0x3A, 0x7D, 0xF4, 0x95, 0xF0, 0xF9, 0xC3, 0x47, 0x29, 0x5D, 0x90, 0x4A, 0x29,
    0xBE, 0x4A, 0xE1, 0xB9, 0xDD, 0x45, 0x42, 0xC2, 0x51, 0x6A, 0x58, 0xED, 0x35, 0x4E, 0xE1, 0x5F,
    0xFD, 0xEC, 0x15, 0x58, 0xB6, 0x81, 0x1B, 0xAA, 0x24, 0xAE, 0x0E, 0x04, 0xC5, 0x2E, 0x21, 0xF0,
    0x81, 0x83, 0x88, 0x0F, 0xC4, 0x5A, 0xFA, 0x01, 0xD6, 0xBD, 0x0D, 0x23, 0xD6, 0x3F, 0xA2, 0xB9,
    0x2A, 0xA7, 0x1C, 0x0B, 0x96, 0x0B, 0x38, 0x17, 0xF3, 0x40, 0x6C, 0x8C, 0x11, 0x80, 0x32, 0x26,
    0x04, 0x81, 0xF2, 0xCB, 0xEB, 0xE2, 0x1E, 0x25, 0xF7, 0xFB, 0xB0, 0xA3, 0x43, 0xC7, 0x48, 0x2F,
    0x93, 0xBA, 0x4A, 0xD1, 0x17, 0x59, 0x70, 0x39, 0x93, 0xA3, 0x2C, 0x12, 0x00, 0xB4, 0xCB, 0xAD,
    0x09, 0x66, 0xC2, 0x40, 0xDC, 0xDF, 0x4C, 0xFD, 0x86, 0x3C, 0x0B, 0x58, 0xA7, 0x14, 0x36, 0x23,
    0xCD, 0xC3, 0xBA, 0xA5, 0x20, 0x7B, 0xE7, 0xE5, 0xAD, 0xD8, 0xC8, 0xE0, 0x8C, 0xF8, 0x5C, 0xFD,
    0x1A, 0xCD, 0x7C, 0xE0, 0x79, 0x26, 0x9C, 0x38, 0x40, 0x6B, 0xCB, 0x64, 0x74, 0xA1, 0xEE, 0xD6,
    0x41, 0xB5, 0xEE, 0x51, 0x77, 0x84, 0x62, 0x8A, 0x33, 0xD8, 0xF1, 0x0A, 0x51, 0xD7, 0xA5, 0xCF,
    0x9C, 0xFE, 0x88, 0xD6, 0x5A, 0x5A, 0xAC, 0xD1, 0xF1, 0x15, 0x3A, 0x28, 0x27, 0x9C, 0xB4, 0xA8,
    0x83, 0xCC, 0x93, 0x7E, 0x78, 0x29, 0x7E, 0x7A, 0xCA, 0x7D, 0x38, 0x1D, 0xE9, 0x4C, 0x4A, 0x27,
    0x0E, 0xBE, 0xF0, 0x83, 0x1E, 0x80, 0x80, 0xFE, 0xDA, 0x5A, 0x26, 0xD9, 0xF2, 0xEC, 0x07, 0x3D,
    0x21, 0x15, 0xA8, 0xD2, 0x68, 0xDA, 0x7F, 0x83, 0x57, 0x3B, 0xC0, 0xD5, 0xB7, 0x0E, 0xEE, 0xC1,
    0x83, 0x1E, 0x8A, 0x0F, 0x91, 0xBA, 0x80, 0x1E, 0x90, 0x45, 0x77, 0x2B, 0xBA, 0x5D, 0xEC, 0xEA,
    0x59, 0x4F, 0xD2, 0x7A, 0xF8, 0x76, 0x06, 0x09, 0x7E, 0xE2, 0xF0, 0xCB, 0x5B, 0x91, 0x67, 0x80,
    0x45, 0xD1, 0x27, 0x38, 0xFA, 0xF5, 0x1D, 0x81, 0xDB, 0x96, 0x09, 0x6F, 0x1C, 0xF0, 0x6C, 0xDB,
    0xE8, 0x4A, 0x9C, 0x12, 0x54, 0xBF, 0x9D, 0x7E, 0x28, 0x60, 0x9C, 0xC0, 0x88, 0xA7, 0x44, 0x88,
    0xA5, 0x85, 0x1F, 0x0C, 0xB7, 0xCB, 0x29, 0xD4, 0xE0, 0x40, 0x14, 0xE3, 0xF8, 0xDB, 0x61, 0xBA,
    0xC7, 0xD4, 0xE9, 0xA8, 0x7A, 0x33, 0xCA, 0xC3, 0xD5, 0xC3, 0x27, 0x69, 0x19, 0xD5, 0x60, 0x99,
    0x92, 0x0F, 0xA6, 0x6A, 0xB0, 0x74, 0xB7, 0x2E, 0xBF, 0x6A, 0x34, 0x78, 0xA9, 0x65, 0xC4, 0xB4,
    0xFD, 0x42, 0x30, 0xE4, 0x70, 0xC2, 0x6A, 0x81, 0x8D, 0x03, 0x64, 0xDF, 0x42, 0xC0, 0xD3, 0x1E,
    0x58, 0x21, 0x99, 0x0F, 0x20, 0x78, 0x20, 0x9C, 0xAB, 0xF1, 0xF3, 0x4C, 0xE0, 0xC8, 0x40, 0xCA,
    0x33, 0x0E, 0xFE, 0x96, 0x77, 0x71, 0x83, 0x3B, 0xC4, 0xD1, 0x43, 0xAF, 0xE2, 0x51, 0x10, 0x54,
    0x9C, 0x87, 0xAE, 0x7B, 0x19, 0x45, 0x0F, 0x2A, 0x0A, 0xFE, 0x8E, 0x0F, 0xD6, 0xAB, 0x17, 0x7F,
    0x78, 0xC2, 0xBF, 0xC1, 0x70, 0xE0, 0x7B, 0x5E, 0x33, 0xE5, 0xCB, 0x1E, 0xDB, 0x3A, 0x17, 0xA1,
    0xFB, 0x78, 0x77, 0x3A, 0x97, 0x17, 0xB5, 0x13, 0x85, 0x44, 0xA3, 0x1C, 0x7F, 0x66, 0x37, 0x02,
    0x5C, 0x75, 0xBE, 0xCE, 0x51, 0xAF, 0x5C, 0x15, 0x38, 0x7B, 0x44, 0xDB, 0x36, 0x6A, 0x3B, 0x50,
    0xAA, 0x0B, 0x0D, 0x74, 0x4E, 0xDE, 0xE9, 0x04, 0x81, 0xDE, 0x20, 0xFE, 0x49, 0x2B, 0xA3, 0x84,
    0x33, 0x3B, 0xBB, 0xA9, 0xB2, 0x8D, 0x98, 0x72, 0xD4, 0x06, 0x00, 0x10, 0x57, 0x20, 0x14, 0x3A,
    0x5D, 0xA0, 0x05, 0xFB, 0xF4, 0x0B, 0x1B, 0xEE, 0x1A, 0xB8, 0xA2, 0x9A, 0x7F, 0x68, 0xCA, 0x81,
    0x02, 0x78, 0x5C, 0xD4, 0xB7, 0xDA, 0x35, 0x5D, 0xD9, 0xB7, 0x74, 0xD5, 0xC0, 0x54, 0xDA, 0x71,
    0x94, 0x3D, 0xF6, 0x3D, 0x81, 0x56, 0x6E, 0xE1, 0xDC, 0x7E, 0x99, 0x53, 0x33, 0xCE, 0xDC, 0xC7,
    0xFD, 0x93, 0xF9, 0x11, 0xAE, 0xD4, 0xD5, 0x60, 0x1A, 0x4F, 0x95, 0x1F, 0xFE, 0xE8, 0xF1, 0x3A,
    0x53, 0x26, 0x0F, 0x23, 0x17, 0x52, 0x48, 0x01, 0x4F, 0x57, 0xF8, 0x11, 0x3E, 0xB6, 0x50, 0xBA,
    0x6A, 0xB8, 0xD0, 0xB4, 0x89, 0xB5, 0xE8, 0x7B, 0xAA, 0x06, 0x5F, 0xD8, 0xCF, 0xA5, 0xDC, 0xEA,
    0x2B, 0x2D, 0xD3, 0x98, 0x88, 0xDD, 0x0F, 0x1C, 0xB7, 0xDF, 0x55, 0x88, 0xF8, 0xBC, 0xA1, 0xFD,
    0x23, 0x14, 0x55, 0xB9, 0xAA, 0x17, 0x49, 0xCD, 0xAC, 0x29, 0x2D, 0x70, 0xBF, 0x76, 0x8D, 0xBA,
    0x32, 0xDB, 0x81, 0x75, 0x52, 0xF8, 0x30, 0x83, 0xDD, 0xF9, 0x0C, 0x61, 0x4E, 0xB2, 0xE1, 0x9A,
    0x83, 0x21, 0x11, 0x0C, 0x3F, 0x43, 0x7D, 0xE3, 0x14, 0xAC, 0x1E, 0x12, 0xF9, 0x55, 0x6A, 0xA0,
    0xA7, 0x85, 0x73, 0xB3, 0x78, 0xD6, 0xA7, 0x2C, 0x40, 0xA2, 0x81, 0x7D, 0xB1, 0x4A, 0xB5, 0x23,
    0x8D, 0xE6, 0x1F, 0x05, 0x5B, 0xFF, 0xDB, 0x8A, 0x90, 0xC9, 0x6F, 0xFD, 0xE3, 0x88, 0x68, 0x2C,
    0xAB, 0xA8, 0xD5, 0x18, 0xEA, 0x07, 0x23, 0xE9, 0x99, 0x46, 0xE7, 0xDD, 0xFF, 0x00, 0x35, 0x50,
    0x3D, 0x6E, 0x83, 0x30, 0x18, 0x7D, 0x2D, 0x6D, 0xA2, 0x8A, 0x20, 0x67, 0xAF, 0x5A, 0x77, 0xE8,
    0x90, 0xA1, 0x60, 0xBA, 0xA1, 0x8A, 0x2F, 0xF8, 0x00, 0x1D, 0x72, 0x14, 0x86, 0x0E, 0x08, 0x7D,
    0x14, 0x1F, 0x21, 0x47, 0x61, 0xE8, 0x80, 0x2A, 0x25, 0xE2, 0x08, 0x3E, 0x82, 0x8F, 0xC0, 0x90,
    0x21, 0x03, 0x48, 0x75, 0x2A, 0xE5, 0x4D, 0x6F, 0x79, 0xBF, 0x2F, 0x38, 0xE3, 0x00, 0x85, 0x25,
    0x16, 0x10, 0x5A, 0x81, 0xF0, 0x0A, 0x20, 0xB0, 0xE1, 0x28, 0x7A, 0xA2, 0x2C, 0x52, 0xAB, 0x76,
    0x7E, 0x3F, 0xB7, 0x73, 0x3B, 0xAF, 0xC1, 0x4F, 0xC5, 0x24, 0x1D, 0x9A, 0x63, 0x53, 0xC5, 0x73,
    0xCB, 0xA4, 0xCC, 0xAF, 0xEB, 0xC6, 0x5B, 0x2B, 0x74, 0x04, 0x69, 0x6A, 0xDB, 0xB9, 0xCE, 0xD5,
    0x56, 0x69, 0x20, 0xDA, 0x24, 0x44, 0x5C, 0x8D, 0xE5, 0x7E, 0x7D, 0x57, 0xE5, 0xD4, 0xCB, 0x71,
    0x39, 0x00, 0x9B, 0x92, 0x7B, 0x62, 0x11, 0x2F, 0xA2, 0xD0, 0x15, 0xD3, 0x17, 0xED, 0x56, 0x0F,
    0xC4, 0xFD, 0xC4, 0x09, 0x94, 0x96, 0x5A, 0xFA, 0xEC, 0x0C, 0x09, 0xBE, 0xD1, 0x78, 0x26, 0x11,
    0xE2, 0x8D, 0xF2, 0x2C, 0xCD, 0x89, 0x7F, 0x74, 0x73, 0x3C, 0x80, 0x69, 0x6E, 0xAB, 0x58, 0xEA,
    0x8F, 0xA1, 0xB4, 0xF5, 0xA0, 0x34, 0x6F, 0x89, 0x77, 0x4A, 0x3F, 0x0E, 0xA1, 0x49, 0x7C, 0x65,
    0xE1, 0x45, 0x8C, 0xC2, 0xC8, 0x21, 0xBF, 0x20, 0xB0, 0xE2, 0x94, 0x34, 0xD5, 0x33, 0x90, 0xDE,
    0x5F, 0x7A, 0x87, 0x7B, 0xF5, 0x79, 0x5D, 0x72, 0x4D, 0x47, 0x8A, 0x1E, 0xA7, 0xC0, 0xDD, 0x18,
    0xFC, 0xBB, 0x33, 0xE5, 0xDE, 0x62, 0xEB, 0x5F, 0xF8, 0x03, 0x8D, 0x53, 0xCD, 0x8E, 0x1C, 0x35,
    0x10, 0xFE, 0xBA, 0x3D, 0xB3, 0x86, 0x6D, 0x14, 0xEF, 0x61, 0x57, 0xDA, 0xC3, 0x12, 0x4F, 0xA4,
    0x39, 0x44, 0x28, 0xB4, 0xA3, 0x84, 0x13, 0x9A, 0x6E, 0x3B, 0x08, 0x29, 0xDC, 0x66, 0x0E, 0x3C,
    0x00, 0x6F, 0x10, 0x0E, 0x1C, 0xF6, 0x30, 0x93, 0xB6, 0x84, 0x38, 0x22, 0xF6, 0x11, 0xF2, 0x22,
    0xD9, 0x34, 0x5A, 0x45, 0x11, 0xCA, 0xC5, 0x88, 0x17, 0x70, 0xC2, 0x03, 0xE0, 0x48, 0x8D, 0xD2,
    0x48, 0x33, 0x63, 0xCA, 0xD3, 0x10, 0x85, 0x9F, 0x85, 0xB5, 0xAB, 0x5D, 0xED, 0xAA, 0xAF, 0xAA,
    0xDD, 0x55, 0x9F, 0xB1, 0xF8, 0xDB, 0xC0, 0x81, 0xF9, 0xC0, 0x0A, 0x28, 0x7B, 0x64, 0xC6, 0xB8,
    0x6C, 0xD2, 0x30, 0x78, 0x84, 0x9B, 0xCD, 0x7A, 0x31, 0x5D, 0x9C, 0x2D, 0x70, 0xD9, 0x3C, 0x40,
    0x86, 0x7D, 0xDC, 0x84, 0xDE, 0x1C, 0x8F, 0xF7, 0x2E, 0x4F, 0x37, 0xC6, 0x48, 0xAF, 0xF5, 0xFA,
    0xE8, 0xF3, 0x61, 0x6D, 0x62, 0x4F, 0x42, 0xDF, 0x88, 0xB1, 0x8F, 0xB1, 0x8B, 0x69, 0xB4, 0xC3,
    0x8A, 0xDD, 0xF8, 0xA7, 0xA5, 0x52, 0x57, 0x9D, 0x43, 0xCE, 0x37, 0xC9, 0x33, 0x08, 0x94, 0xA8,
    0x50, 0x43, 0x93, 0x2E, 0xA1, 0x8D, 0x34, 0x92, 0xF4, 0x8C, 0xCE, 0xFE, 0xD7, 0xDD, 0x88, 0x10,
    0x35, 0x21, 0x4B, 0x8A, 0xE0, 0x26, 0xA3, 0xC0, 0xC2, 0x94, 0x12, 0x55, 0x89, 0x9A, 0x82, 0x29,
    0xFA, 0x3A, 0x68, 0xAB, 0x1F, 0x18, 0x39, 0xB7, 0x52, 0x24, 0xD7, 0xAC, 0xC2, 0xC1, 0xE1, 0xBF,
    0x1B, 0x47, 0x94, 0x4D, 0x9B, 0x5A, 0xA3, 0xAA, 0x51, 0x2A, 0x08, 0x4A, 0x79, 0xDF, 0x64, 0xF4,
    0xCF, 0x24, 0x1D, 0xA6, 0xBF, 0x9E, 0x35, 0xD1, 0x93, 0x4C, 0x5F, 0x2D, 0x10, 0x90, 0xA4, 0xFB,
    0x53, 0xFA, 0xB7, 0xE4, 0x0F, 0x64, 0x20, 0xA1, 0x97, 0x01, 0xF0, 0x96, 0x65, 0xF1, 0x06, 0x3F,
    0x86, 0x6A, 0xB5, 0xD3, 0x4E, 0xDA, 0x47, 0xD8, 0x22, 0xFA, 0xB8, 0x8E, 0x7E, 0x4B, 0x0D, 0x1C,
    0x9D, 0xC7, 0xD5, 0x28, 0x33, 0x7A, 0xEE, 0x49, 0x54, 0xE1, 0x46, 0xF4, 0x9F, 0x46, 0x63, 0xCD,
    0x42, 0x73, 0x6F, 0xC3, 0xBB, 0xDD, 0x5B, 0xC2, 0x0C, 0xDD, 0xFE, 0xF2, 0xAA, 0xDD, 0x7E, 0xF7,
    0xFF, 0xBA, 0x0D, 0xAA, 0xE1, 0xC7, 0xED, 0x37, 0xB7, 0xFF, 0x0B, 0x94, 0x58, 0x96, 0x1D, 0x02,
    0x3F, 0x00, 0x77, 0xAC, 0x5E, 0xB7, 0x93, 0xBB, 0xE6, 0xC6, 0xB7, 0xB8, 0x01, 0x4C, 0xAE, 0x20,
    0x07, 0x14, 0xFB, 0x29, 0xF6, 0x6E, 0xE3, 0xB8, 0xC5, 0x9D, 0xD8, 0x9E, 0x38, 0xCB, 0xA6, 0x16,
    0x23, 0x0B, 0x5C, 0x45, 0x0C, 0xEB, 0x31, 0x4D, 0xB4, 0x12, 0x11, 0xCB, 0xA4, 0x4B, 0x61, 0xFA,
    0x1D, 0xCD, 0xC4, 0xBD, 0x30, 0xE8, 0xAF, 0xDD, 0xA0, 0xEF, 0xDB, 0xA4, 0x6B, 0x29, 0xA4, 0xE7,
    0x3D, 0xE4, 0xB6, 0x6C, 0x7A, 0xB9, 0x05, 0xEF, 0x66, 0xFD, 0xB2, 0x92, 0xE4, 0xE9, 0xBA, 0x6A,
    0x29, 0xE8, 0x30, 0x21, 0xEC, 0x34, 0x73, 0xC3, 0xBE, 0xB0, 0xE4, 0x57, 0xA9, 0x0C, 0x4D, 0xAF,
    0x36, 0x94, 0x00, 0xCA, 0x15, 0xD4, 0xAD, 0xF7, 0x06, 0x3A, 0x33, 0x53, 0xB4, 0xA2, 0x55, 0xA6,
    0xA6, 0xCF, 0x4F, 0xC0, 0x3E, 0xB1, 0xC5, 0x85, 0x17, 0xCF, 0x9D, 0x9A, 0xB7, 0xB5, 0x34, 0xCB,
    0x12, 0x93, 0x77, 0x92, 0xD1, 0x17, 0x17, 0x2F, 0x3A, 0xF1, 0xFC, 0xA7, 0xA0, 0xE6, 0xCF, 0x7C,
    0x2D, 0xE7, 0xED, 0xB2, 0x14, 0xE4, 0x1A, 0xE3, 0x16, 0x56, 0x44, 0x56, 0x65, 0x84, 0xE5, 0x6D,
    0x66, 0x4E, 0xF6, 0x51, 0x2B, 0x68, 0x69, 0x09, 0x21, 0x2E, 0x3C, 0xFB, 0x3E, 0x64, 0xC6, 0x9E,
    0xEC, 0x73, 0x53, 0x2B, 0x61, 0xB5, 0xFC, 0xAE, 0x95, 0x14, 0x2E, 0x2E, 0x5E, 0x06, 0xF2, 0x74,
    0xE4, 0x9A, 0xE0, 0x0B, 0x64, 0x6B, 0xF0, 0x5F, 0xA0, 0x78, 0x8B, 0xC0, 0xBD, 0xB4, 0x0D, 0x1A,
    0x48, 0xCB, 0x3D, 0xC2, 0x8C, 0xD2, 0x16, 0x8E, 0x75, 0xAC, 0x2B, 0x9C, 0x34, 0xB7, 0x08, 0x9A,
    0x9B, 0xD3, 0xF7, 0x0B, 0xFB, 0xA1, 0xBA, 0x8E, 0xE2, 0xB3, 0x53, 0xE4, 0x3F, 0x52, 0x81, 0x5E,
    0xB7, 0x98, 0x69, 0x81, 0x4A, 0x0B, 0x73, 0xF8, 0xFA, 0x29, 0x72, 0x17, 0x76, 0xBE, 0x84, 0x49,
    0xD8, 0x14, 0xA3, 0xF3, 0xF0, 0x90, 0x87, 0x73, 0xEE, 0x1F, 0x73, 0xBF, 0xE2, 0x2E, 0x09, 0x73,
    0xD5, 0x4E, 0x66, 0x2C, 0xD5, 0x76, 0x44, 0x44, 0x24, 0x1A, 0xF2, 0xAE, 0x66, 0x7E, 0xB8, 0xAA,
    0x89, 0xC0, 0x47, 0x06, 0xF8, 0x08, 0xA9, 0x29, 0x1D, 0x72, 0x0F, 0xD6, 0x52, 0x25, 0x41, 0x75,
    0xAE, 0x80, 0xD3, 0x74, 0x4F, 0xC8, 0x46, 0x67, 0x16, 0x06, 0x6A, 0x67, 0x3B, 0x06, 0xF4, 0x19,
    0xD5, 0xF5, 0x49, 0x4F, 0x9D, 0x6C, 0x36, 0x22, 0x5A, 0x72, 0x70, 0x47, 0x65, 0x27, 0x60, 0x5A,
    0xF6, 0xC8, 0xEC, 0xE4, 0x86, 0x45, 0x2B, 0x3D, 0xFB, 0x8D, 0x4C, 0xF4, 0xED, 0x6B, 0xC8, 0x5B,
    0x62, 0x32, 0x71, 0x5E, 0xB4, 0xAC, 0x83, 0x4C, 0x8B, 0xB0, 0x79, 0xA0, 0x54, 0x79, 0x78, 0xD2,
    0xF3, 0xD0, 0x6C, 0xA8, 0x12, 0x8A, 0x1E, 0x91, 0x52, 0x71, 0xB7, 0x17, 0x59, 0xCA, 0xE1, 0x28,
    0x85, 0x4B, 0x19, 0xAE, 0x25, 0xE6, 0x52, 0x3C, 0x85, 0x07, 0xD9, 0xF2, 0x4E, 0x58, 0xE6, 0x35,
    0x51, 0xEA, 0x61, 0x11, 0xCD, 0x79, 0x11, 0xDD, 0x63, 0xE4, 0x61, 0x45, 0xA7, 0x5D, 0x11, 0x2D,
    0x56, 0x78, 0x10, 0xAA, 0x3C, 0xBA, 0x2A, 0xDF, 0x60, 0x96, 0x25, 0x72, 0x79, 0xA4, 0x5B, 0xA8,
    0xA9, 0x03, 0x4D, 0xBE, 0x26, 0x62, 0xEC, 0x88, 0x87, 0xC2, 0x33, 0xE8, 0xAD, 0x30, 0x4B, 0x15,
    0x31, 0xC9, 0xFB, 0x5D, 0xFB, 0xBF, 0x4A, 0xFD, 0x5F, 0x13, 0x01, 0x5E, 0xF5, 0xC4, 0x80, 0x9F,
    0x03, 0x51, 0xE0, 0x99, 0x23, 0x0E, 0x14, 0x96, 0x48, 0x90, 0xE3, 0x77, 0xC5, 0xCF, 0xB1, 0x71,
    0xC3, 0x30, 0x0C, 0x05, 0xD0, 0xAF, 0xF8, 0xCE, 0x2C, 0x54, 0xC0, 0x1B, 0x70, 0x02, 0x9B, 0x13,
    0xD0, 0xD2, 0x28, 0xD9, 0xC0, 0x6D, 0x0A, 0x29, 0xD4, 0x08, 0xD9, 0x24, 0x1E, 0x80, 0x39, 0x62,
    0x04, 0x8D, 0xA0, 0x32, 0xA5, 0x0B, 0x16, 0x28, 0x88, 0x30, 0x52, 0x62, 0x97, 0xA9, 0x73, 0xF8,
    0x05, 0xEE, 0x37, 0x78, 0x30, 0x0A, 0x57, 0x71, 0xA6, 0x69, 0x68, 0x39, 0xB6, 0x3C, 0x10, 0x8F,
    0xD4, 0x77, 0x15, 0xAD, 0x00, 0x47, 0x40, 0xB1, 0x53, 0xD0, 0x08, 0xEF, 0x11, 0x2A, 0x77, 0x95,
    0xE1, 0xB1, 0xC6, 0x15, 0x27, 0x1E, 0xDD, 0x5B, 0x27, 0x88, 0x88, 0x21, 0x87, 0xA9, 0x29, 0xF4,
    0x79, 0x46, 0xCA, 0xB5, 0x64, 0x2F, 0x3E, 0x14, 0xBB, 0x24, 0x4D, 0x7A, 0x7D, 0x39, 0xDC, 0x76,
    0xB3, 0x61, 0x9A, 0x08, 0x04, 0x23, 0xB0, 0x15, 0x6E, 0x5D, 0x15, 0xAD, 0xE2, 0xE4, 0xE0, 0x1F,
    0xB7, 0xEC, 0x12, 0x8A, 0x8C, 0xE2, 0x93, 0xBA, 0xD2, 0xC8, 0x65, 0x79, 0xED, 0x4F, 0x1F, 0x1B,
    0x8C, 0xA8, 0xFF, 0x8D, 0xA5, 0x3E, 0xBC, 0xCF, 0xE6, 0x6F, 0xED, 0x13, 0x07, 0x76, 0x6C, 0xEE,
    0xE3, 0xE4, 0x87, 0x50, 0x64, 0x78, 0x8E, 0x4D, 0x36, 0xB3, 0x43, 0xFD, 0x4A, 0xBA, 0x35, 0xD7,
    0xB8, 0xBF, 0xD9, 0xBC, 0xB1, 0xD3, 0xCA, 0xFE, 0xDF, 0x1F, 0xBF, 0x01, 0x1D, 0x8E, 0xB1, 0x6D,
    0xC3, 0x30, 0x10, 0x45, 0xBF, 0x2C, 0xC0, 0x57, 0x10, 0x01, 0xCB, 0x14, 0x01, 0xE2, 0x01, 0x82,
    0x80, 0x0B, 0x24, 0xA6, 0x36, 0x48, 0x97, 0x35, 0xB2, 0x41, 0xA8, 0x11, 0x3C, 0x42, 0xFA, 0x00,
    0xD9, 0xC0, 0x36, 0x47, 0xE0, 0x08, 0x74, 0xEB, 0x8A, 0x85, 0x0A, 0xC5, 0x90, 0xF8, 0x7D, 0xD2,
    0xE1, 0x80, 0xF7, 0xF1, 0xAF, 0x78, 0x17, 0x38, 0x7B, 0xCE, 0x52, 0xDE, 0x25, 0xBF, 0x4A, 0x86,
    0x14, 0x08, 0x07, 0x61, 0x31, 0x19, 0x81, 0xCB, 0x6A, 0xE9, 0xD6, 0x80, 0xDD, 0x88, 0x50, 0x31,
    0xF9, 0x66, 0x7C, 0xDE, 0x0C, 0x78, 0xBC, 0xFD, 0x38, 0x96, 0xB6, 0xE0, 0xE9, 0x76, 0xF0, 0x4C,
    0x92, 0x60, 0x62, 0x73, 0x26, 0xF7, 0xBF, 0xF3, 0x0B, 0x33, 0x74, 0x02, 0xA7, 0x05, 0xE6, 0xC2,
    0x05, 0x92, 0x7D, 0x1B, 0x57, 0x98, 0x15, 0x21, 0xD0, 0x8C, 0x72, 0x99, 0x03, 0xDD, 0x9F, 0x70,
    0xB4, 0x71, 0xFF, 0x20, 0x3C, 0xD8, 0xE8, 0x93, 0x1A, 0x6D, 0xB4, 0xD3, 0x8A, 0xE6, 0xA4, 0x30,
    0xE9, 0xCD, 0xB9, 0x0A, 0xC3, 0xEF, 0xA3, 0xFE, 0xB1, 0xA9, 0x6E, 0x80, 0xD4, 0x0E, 0x9E, 0x3D,
    0xEA, 0x47, 0xDF, 0x0E, 0xA6, 0x93, 0xBC, 0xC5, 0xEE, 0xDA, 0xAB, 0x32, 0xE2, 0xEB, 0xDA, 0x81,
    0x7A, 0xB2, 0x49, 0xDD, 0x05, 0x68, 0xEB, 0x67, 0xAF, 0x45, 0x07, 0xF7, 0x8F, 0x3B, 0x75, 0x52,
    0x3D, 0x4F, 0x02, 0x41, 0x10, 0x7D, 0x77, 0xC4, 0x9C, 0xC9, 0x15, 0x9B, 0x58, 0xD1, 0x18, 0xF8,
    0x05, 0x92, 0x58, 0x0B, 0xEC, 0x4F, 0xB0, 0x90, 0xDE, 0x1F, 0x61, 0x69, 0x64, 0x3B, 0x5A, 0x7E,
    0x0E, 0x0A, 0xD1, 0x6D, 0xED, 0xAE, 0xB3, 0x14, 0x63, 0x69, 0xE1, 0x26, 0x77, 0x89, 0x16, 0x07,
    0xEB, 0x7B, 0x8B, 0xA1, 0x30, 0x78, 0x99, 0xC9, 0xEC, 0x7C, 0xEC, 0x7B, 0x33, 0xB3, 0x97, 0x39,
    0xA0, 0x53, 0x01, 0x86, 0x76, 0x04, 0xE0, 0x29, 0x46, 0x1F, 0xA9, 0x23, 0x1C, 0x59, 0xC5, 0x0A,
    0xE6, 0x32, 0x5A, 0xDC, 0x20, 0xDB, 0xA0, 0x88, 0xB6, 0xB7, 0xAC, 0x86, 0xF7, 0xE1, 0x78, 0xE1,
    0xB0, 0xC0, 0x01, 0xC1, 0x9C, 0xF5, 0x81, 0x76, 0x45, 0x1D, 0x80, 0x50, 0x4E, 0x70, 0x57, 0x3C,
    0xA7, 0x58, 0xCA, 0xCD, 0x71, 0xF0, 0x32, 0x41, 0x09, 0x4D, 0x02, 0xD2, 0x90, 0x8C, 0x94, 0x70,
    0x5D, 0x74, 0xC2, 0x98, 0xDD, 0x95, 0x7E, 0x1C, 0x63, 0x90, 0xEA, 0xAC, 0x98, 0x72, 0xFC, 0xF2,
    0x35, 0xCA, 0x6F, 0x0C, 0xB6, 0x78, 0xFC, 0x74, 0xE7, 0xEF, 0x72, 0x77, 0x72, 0xF2, 0x86, 0x87,
    0x0F, 0x37, 0x8E, 0x30, 0x2D, 0x21, 0x58, 0x2D, 0x86, 0x7C, 0x8B, 0x32, 0xBA, 0xC1, 0x72, 0xBD,
    0xEF, 0x9F, 0x07, 0xBA, 0x0C, 0x32, 0x45, 0x77, 0x1A, 0x03, 0x05, 0x85, 0xDF, 0x4B, 0x36, 0xF3,
    0xC5, 0x8B, 0x37, 0x33, 0x3F, 0x2C, 0x7C, 0xDA, 0x8D, 0xBF, 0x9B, 0xD8, 0x9E, 0xD5, 0x62, 0xB8,
    0x97, 0x4B, 0xA0, 0xF9, 0x23, 0x01, 0x4D, 0x8B, 0x46, 0xA3, 0x73, 0x72, 0xAF, 0xB9, 0x57, 0x69,
    0x6A, 0x96, 0xC2, 0x70, 0x76, 0x83, 0x3C, 0x18, 0x5E, 0x37, 0xE8, 0xD1, 0xE7, 0x44, 0x49, 0x89,
    0x88, 0xD2, 0x73, 0x9C, 0xDF, 0xFD, 0xE0, 0x7A, 0xB7, 0xAB, 0xC2, 0x93, 0x8D, 0x38, 0x53, 0xAA,
    0x52, 0xB2, 0xF2, 0xD9, 0x98, 0x4D, 0xBB, 0x64, 0x1D, 0x4E, 0x95, 0xB0, 0xC8, 0xBE, 0x2A, 0x74,
    0xEA, 0x00, 0x53, 0xB7, 0x18, 0xD6, 0xAF, 0xE8, 0xD6, 0xCF, 0x40, 0xED, 0x0F, 0x6B, 0x6E, 0xD3,
    0xC3, 0x4F, 0x6C, 0xC3, 0x4E, 0x37, 0x7A, 0x28, 0x05, 0xF4, 0xF6, 0x56, 0xBE, 0xE2, 0xE9, 0xC7,
    0x50, 0xDD, 0x3F, 0x18, 0xC2, 0x17, 0x8F, 0xF8, 0xC4, 0x2B, 0x7E, 0xF5, 0x91, 0xFA, 0xE9, 0xF7,
    0xB9, 0x8B, 0x5B, 0xBE, 0xC4, 0x19, 0x57, 0x1E, 0x1D, 0x7B, 0xAE, 0x2E, 0x80, 0x20, 0x2B, 0x5F,
    0x71, 0xE5, 0x55, 0xF7, 0x03, 0xAD, 0x56, 0x31, 0x6F, 0xDD, 0x54, 0x14, 0xFE, 0x6C, 0x07, 0x3C,
    0x58, 0xC2, 0x0C, 0x04, 0x90, 0xA2, 0xC8, 0x1D, 0x3A, 0xA0, 0x48, 0x8D, 0x19, 0x18, 0x8A, 0x94,
    0xF7, 0xEC, 0xB2, 0x74, 0xCD, 0xF2, 0xA6, 0x0E, 0xF0, 0x0B, 0xC8, 0x84, 0xD4, 0x21, 0x89, 0x8D,
    0x18, 0x58, 0xBB, 0x20, 0x26, 0x04, 0x43, 0xA7, 0x97, 0x21, 0x0B, 0x12, 0x6F, 0x48, 0xE3, 0x0B,
    0x7F, 0xA0, 0xEE, 0xC0, 0xEE, 0x21, 0x45, 0x62, 0xC2, 0x2A, 0x46, 0x72, 0xA2, 0xC4, 0x97, 0xEF,
    0xB3, 0xDF, 0x7B, 0x49, 0xDB, 0x54, 0x50, 0xC1, 0x8B, 0x8F, 0x73, 0xEF, 0x3D, 0xE7, 0x7E, 0xE7,
    0xDC, 0x73, 0xCE, 0x3D, 0xC7, 0x19, 0x9C, 0x26, 0xC9, 0xDD, 0x3A, 0x36, 0x5E, 0x15, 0x19, 0xDF,
    0x84, 0xD6, 0x9A, 0xC0, 0xDA, 0xD4, 0x6F, 0x62, 0x78, 0xCD, 0x08, 0xEE, 0xF9, 0x2E, 0x70, 0x3E,
    0x03, 0xBA, 0x1A, 0xC8, 0x48, 0x49, 0x09, 0xC4, 0x06, 0x88, 0x00, 0xA7, 0x48, 0x7D, 0x5B, 0xBD,
    0xE5, 0xD7, 0x70, 0x1B, 0x38, 0x2D, 0x8A, 0xD6, 0xB7, 0x6D, 0xF4, 0x4B, 0x9B, 0x38, 0xCD, 0xBE,
    0xDB, 0x3C, 0xF2, 0xEA, 0x23, 0xAF, 0x3A, 0x0A, 0xCC, 0x71, 0x94, 0x27, 0x1D, 0xC2, 0x13, 0x64,
    0xB6, 0xC9, 0x6C, 0xFB, 0x8E, 0xD7, 0x62, 0xF1, 0x8C, 0x0F, 0xDA, 0xC4, 0xB6, 0x1B, 0xDF, 0x5E,
    0xAE, 0x90, 0x5B, 0x58, 0x3E, 0x0D, 0x00, 0x17, 0x58, 0xEB, 0x42, 0xC0, 0xDA, 0x0B, 0x78, 0xDD,
    0xBD, 0x16, 0x41, 0xE5, 0x9E, 0x23, 0x34, 0xC1, 0x05, 0xA2, 0x74, 0x73, 0x1F, 0x31, 0x66, 0x09,
    0x12, 0xB7, 0xE2, 0x2B, 0xC8, 0xC7, 0x88, 0x3F, 0xC7, 0x1E, 0xA2, 0x16, 0x14, 0xA9, 0x5D, 0x0A,
    0x9F, 0xEE, 0xD4, 0x88, 0x78, 0x1C, 0x6C, 0xC5, 0xA7, 0xC0, 0x0D, 0xE8, 0xE7, 0xCB, 0x72, 0x9E,
    0x20, 0xA9, 0x86, 0xD3, 0xFC, 0x44, 0x3D, 0xCF, 0xCE, 0xE1, 0x56, 0xE7, 0xF0, 0xCA, 0x8E, 0xEC,
    0x0C, 0x61, 0x9E, 0xA4, 0x11, 0x92, 0x3C, 0x46, 0x64, 0xC6, 0x14, 0xCE, 0xAC, 0xAD, 0x0A, 0x6B,
    0xEB, 0x64, 0x4E, 0xB1, 0xF1, 0x07, 0x4F, 0x55, 0xB4, 0xA4, 0x0E, 0x53, 0xBF, 0x8E, 0x75, 0x92,
    0x2B, 0x9E, 0x6A, 0x5E, 0xF2, 0x14, 0x76, 0x6C, 0xE3, 0x5A, 0xDB, 0x84, 0xA7, 0x93, 0x6D, 0x2D,
    0x25, 0x18, 0x28, 0x9B, 0x4E, 0xE9, 0x12, 0xBA, 0x65, 0x3A, 0xFD, 0x61, 0xB1, 0x26, 0xBE, 0xE4,
    0x24, 0xAF, 0x7D, 0x83, 0xD1, 0x81, 0xB9, 0xC4, 0xC8, 0x88, 0x31, 0xA2, 0xEC, 0x11, 0xA9, 0x25,
    0x46, 0xF7, 0xB0, 0xC7, 0x38, 0x38, 0x7B, 0xB8, 0xEF, 0x97, 0xF4, 0x85, 0x41, 0xFC, 0x38, 0x47,
    0x68, 0xBF, 0xD9, 0xF6, 0x84, 0x41, 0xB7, 0x83, 0xA6, 0x51, 0x1C, 0xA0, 0x63, 0x7D, 0xAE, 0x45,
    0xC4, 0x4F, 0x52, 0xEA, 0x97, 0x0D, 0xDA, 0x2B, 0x92, 0x7E, 0xAE, 0x45, 0xBF, 0x4F, 0xB6, 0x25,
    0x23, 0xD9, 0xCC, 0x56, 0xE4, 0x77, 0x58, 0x9D, 0x14, 0xB2, 0x8A, 0x07, 0xF2, 0x6A, 0xD1, 0xFE,
    0xF4, 0xA0, 0xDF, 0xB3, 0xC1, 0xFF, 0x8B, 0x35, 0xF1, 0x25, 0x27, 0xF9, 0xCC, 0x9E, 0x20, 0x24,
    0x56, 0x68, 0x84, 0x3F, 0x60, 0xBC, 0x57, 0xEF, 0x18, 0xA7, 0x0E, 0x4A, 0xB4, 0x94, 0x3D, 0xF2,
    0xEA, 0x85, 0xDE, 0x8D, 0x82, 0x18, 0xD1, 0x27, 0x0D, 0xC2, 0xAF, 0x6A, 0x04, 0x8F, 0xAB, 0xD5,
    0x7B, 0x96, 0x18, 0xB6, 0x37, 0x1B, 0x10, 0xF1, 0x8C, 0x56, 0x64, 0x53, 0xE2, 0xD3, 0x06, 0x5F,
    0xFA, 0x9A, 0xC5, 0x7E, 0x8D, 0xB5, 0xB6, 0x3A, 0x39, 0x54, 0xAC, 0x52, 0xC9, 0x32, 0x4E, 0xD6,
    0xE8, 0xC5, 0xE8, 0x30, 0x65, 0xFC, 0xDA, 0xF9, 0x6F, 0xAF, 0xB8, 0x0B, 0x6C, 0x9E, 0xD8, 0xC8,
    0x9A, 0xD8, 0x6A, 0xC0, 0xFF, 0x65, 0x60, 0xC2, 0xDA, 0x33, 0x5E, 0xE3, 0x30, 0xF2, 0x34, 0xB2,
    0x5B, 0xB8, 0x4F, 0x11, 0xCF, 0x87, 0x50, 0x72, 0xDD, 0x95, 0x6D, 0x95, 0x63, 0x42, 0xE3, 0x95,
    0x71, 0x1A, 0xC8, 0x28, 0x51, 0xAE, 0x64, 0x4C, 0x94, 0x50, 0xBC, 0x3C, 0x35, 0xBC, 0x0A, 0x8C,
    0x1C, 0xBD, 0x15, 0xA5, 0xDA, 0x38, 0xEE, 0x83, 0xD5, 0x6A, 0x33, 0x7D, 0x35, 0x70, 0xC2, 0x9C,
    0xF9, 0x2E, 0x0E, 0x1F, 0x0E, 0x38, 0xE5, 0x22, 0x59, 0x5E, 0x7F, 0xFB, 0x28, 0xAC, 0x2D, 0xE3,
    0x5E, 0x2F, 0x41, 0xE6, 0xBC, 0x4A, 0xE0, 0x4C, 0xC9, 0xFB, 0xB8, 0xF5, 0x45, 0x45, 0x5D, 0x3E,
    0x1D, 0x62, 0x53, 0x0E, 0x38, 0xE5, 0x22, 0x59, 0x7E, 0x8B, 0xA8, 0xC3, 0x28, 0xC2, 0x56, 0x98,
    0xF2, 0xE1, 0x20, 0xBE, 0x40, 0xD0, 0x60, 0x85, 0x40, 0x59, 0xAA, 0x43, 0xB8, 0xF2, 0x36, 0xAF,
    0x8B, 0x67, 0xE6, 0x99, 0x48, 0xDB, 0x15, 0x5B, 0xA5, 0xF5, 0x26, 0x32, 0x66, 0x62, 0x56, 0x6E,
    0xF1, 0x8C, 0x33, 0x9A, 0xD2, 0x50, 0xBA, 0x86, 0xF3, 0x17, 0xC5, 0xCF, 0x18, 0x28, 0x25, 0x4D,
    0x66, 0x06, 0xBF, 0xD0, 0xE6, 0xA0, 0xBC, 0x99, 0x34, 0xCD, 0x6E, 0x62, 0xEE, 0x87, 0xE9, 0x6E,
    0x6C, 0x92, 0xBA, 0x09, 0xCD, 0x07, 0x91, 0x39, 0x46, 0xF2, 0xCC, 0xA6, 0xB3, 0xEC, 0x6E, 0xFE,
    0x63, 0xEC, 0x9B, 0x59, 0xF6, 0x75, 0x9E, 0xFD, 0x69, 0xD3, 0x28, 0x7F, 0xA4, 0x43, 0xBD, 0x16,
    0x75, 0xD3, 0x69, 0xAA, 0xC8, 0x8B, 0x38, 0x35, 0x73, 0xEB, 0x59, 0x37, 0x30, 0x04, 0xA6, 0x8F,
    0x0A, 0x2E, 0xB4, 0x2E, 0x79, 0x25, 0x52, 0x9F, 0xA3, 0xBD, 0x85, 0x38, 0x5E, 0xAE, 0x9F, 0x4D,
    0xA7, 0xBC, 0x3F, 0x4C, 0x42, 0xE5, 0x10, 0xC6, 0xD7, 0xFD, 0x46, 0xFF, 0xFA, 0x4F, 0x77, 0xB7,
    0xBF, 0x3B, 0x31, 0xCD, 0x48, 0xA8, 0x72, 0x4F, 0xC1, 0x62, 0x6E, 0xB4, 0x7B, 0x34, 0x6F, 0x4C,
    0xB7, 0xC5, 0x0C, 0x56, 0x94, 0x33, 0xA1, 0x4C, 0x98, 0x07, 0x4C, 0x13, 0x8F, 0x25, 0x8D, 0x97,
    0x8C, 0xA5, 0x59, 0xA4, 0xB1, 0xD6, 0xC4, 0x93, 0x8C, 0x64, 0xB5, 0x47, 0x7B, 0x85, 0xD1, 0x63,
    0x09, 0x53, 0xD8, 0xD2, 0x21, 0x5D, 0xD4, 0xE9, 0x14, 0x0F, 0x78, 0x88, 0x16, 0xF1, 0x6F, 0x1D,
    0xCF, 0x9D, 0x60, 0xC4, 0x90, 0xB1, 0x40, 0xA6, 0xFF, 0x27, 0x09, 0x53, 0xD8, 0xD2, 0x21, 0x5D,
    0x8E, 0xA5, 0x6E, 0x97, 0x0E, 0x0E, 0x2D, 0x6D, 0xF9, 0x9E, 0x36, 0xAD, 0x5C, 0x56, 0xBB, 0xD7,
    0xA0, 0x15, 0xD2, 0x68, 0x9F, 0x43, 0x1E, 0x2D, 0x52, 0xF4, 0x9C, 0x79, 0xA4, 0x54, 0xBC, 0xFB,
    0x88, 0x3D, 0xFF, 0xA3, 0x96, 0x34, 0xE1, 0x65, 0x4F, 0xF2, 0x40, 0xE5, 0xB8, 0x7A, 0x71, 0xFE,
    0xD2, 0x86, 0x17, 0xF0, 0x56, 0x58, 0x0A, 0x0B, 0x5D, 0x9F, 0x25, 0xDE, 0x30, 0xFF, 0x27, 0x9C,
    0xEB, 0xF8, 0x41, 0xE5, 0x21, 0xE9, 0x94, 0xE2, 0x16, 0x37, 0xFA, 0x7C, 0xBA, 0x7E, 0x6D, 0x28,
    0x72, 0x76, 0x89, 0xB5, 0x98, 0x87, 0xE6, 0xC3, 0xA4, 0x6D, 0x76, 0x8B, 0xFA, 0x66, 0x50, 0x5E,
    0x1D, 0x7F, 0x8C, 0x35, 0xE5, 0x23, 0xD6, 0xEC, 0xE9, 0x72, 0x8F, 0xC6, 0x5A, 0x13, 0x4F, 0x3F,
    0x37, 0x85, 0x9F, 0xCF, 0xEB, 0xCA, 0x96, 0xAA, 0xE7, 0x30, 0x0E, 0x52, 0xBC, 0xF9, 0x6A, 0x85,
    0x2F, 0xCF, 0x53, 0x5D, 0x8D, 0xAC, 0xF4, 0x2F, 0xD8, 0x07, 0xF5, 0xB0, 0x4A, 0xA0, 0xC8, 0x11,
    0x30, 0xC1, 0x1E, 0x2C, 0x0B, 0xD7, 0xFB, 0x10, 0x2B, 0x58, 0xB2, 0xF8, 0x14, 0x69, 0xD4, 0x20,
    0x4E, 0xE5, 0x96, 0xCB, 0xFA, 0x86, 0x07, 0x8E, 0x21, 0x33, 0xAA, 0x9C, 0xE2, 0x4B, 0x9B, 0x47,
    0x4D, 0x74, 0xC2, 0xEB, 0x96, 0xA5, 0x88, 0x9A, 0xF8, 0x84, 0x09, 0xC3, 0x35, 0xAC, 0xD5, 0x0A,
    0x32, 0xE5, 0x6E, 0xE2, 0x33, 0xC2, 0xA5, 0x2C, 0xA6, 0x71, 0xC3, 0x54, 0x76, 0x8A, 0x3B, 0x96,
    0x82, 0x65, 0x64, 0xB4, 0x37, 0xE5, 0x5A, 0x23, 0x6E, 0x8A, 0x8F, 0x24, 0x77, 0x5D, 0x57, 0x18,
    0x2A, 0xAE, 0x7B, 0xA5, 0x2B, 0x14, 0xCB, 0xAE, 0x30, 0xD4, 0xAF, 0x70, 0xA8, 0x5F, 0xCB, 0x4E,
    0x78, 0xCC, 0x4E, 0x78, 0xC4, 0x70, 0xB7, 0xD8, 0x77, 0x6A, 0xEC, 0xB3, 0x60, 0x64, 0x1E, 0xBB,
    0xE8, 0x5D, 0x76, 0x51, 0xFB, 0xEB, 0x36, 0xBF, 0x85, 0x1A, 0x47, 0x5D, 0x46, 0xB9, 0xB1, 0x37,
    0xEF, 0xA2, 0x2A, 0x36, 0x94, 0x55, 0x71, 0xC9, 0xF8, 0x6D, 0x42, 0xFC, 0x7C, 0xF5, 0x53, 0xB6,
    0xB9, 0xF0, 0x2E, 0xBF, 0x38, 0xA8, 0x77, 0x4C, 0xFD, 0x23, 0xD2, 0x11, 0xC7, 0xAD, 0x5F, 0xBF,
    0x7B, 0x7A, 0x69, 0xC3, 0xBC, 0x97, 0xF7, 0x15, 0x94, 0x36, 0xB0, 0x22, 0xDB, 0x3A, 0x7A, 0x3A,
    0x74, 0xE3, 0xE7, 0xEE, 0x80, 0x2A, 0xEC, 0xD3, 0xBE, 0x13, 0xD7, 0x92, 0x93, 0xD6, 0x37, 0x26,
    0xFC, 0x7A, 0xD0, 0x17, 0x48, 0xFF, 0x25, 0xD2, 0x77, 0x39, 0x9E, 0x7D, 0x67, 0x71, 0xF6, 0x2B,
    0xA4, 0x73, 0xEF, 0x94, 0xE2, 0x27, 0x76, 0x48, 0xB6, 0xD5, 0xC9, 0x84, 0x63, 0x5B, 0x89, 0xB0,
    0xA6, 0x04, 0x52, 0x8D, 0xF4, 0x9F, 0x3C, 0x61, 0xDF, 0x75, 0x58, 0xBF, 0xD7, 0x9D, 0xF2, 0x16,
    0xB6, 0x9C, 0x32, 0x1C, 0x5E, 0x43, 0xDD, 0x3B, 0x38, 0x3B, 0x1C, 0xA6, 0xE4, 0xAE, 0x0F, 0x72,
    0xFE, 0xCF, 0x25, 0xBF, 0xF5, 0xBA, 0x3F, 0x78, 0x84, 0x1E, 0xA5, 0x7F, 0x75, 0x87, 0x6A, 0x37,
    0x0E, 0xA1, 0xC0, 0xAC, 0x5B, 0x07, 0x1F, 0x26, 0x5F, 0x38, 0xBC, 0x06, 0xA8, 0xE9, 0xF4, 0x70,
    0x98, 0xF6, 0xDC, 0x5E, 0x8E, 0xAE, 0x10, 0xD4, 0xE1, 0x2B, 0xA0, 0xF4, 0xAD, 0xB7, 0x3E, 0x0B,
    0xBE, 0xC3, 0xD6, 0xE6, 0x66, 0x88, 0xDB, 0x41, 0x1B, 0xE0, 0xB6, 0x57, 0x07, 0xC3, 0xA8, 0x5F,
    0xEB, 0xB9, 0xBD, 0x5C, 0xBF, 0xE3, 0xD5, 0x50, 0xEA, 0xD0, 0xEB, 0x10, 0x14, 0x04, 0x85, 0x19,
    0x51, 0xDC, 0x4A, 0x50, 0xB9, 0xA0, 0x64, 0xD5, 0x4C, 0x56, 0x55, 0xB2, 0xEA, 0x05, 0xA8, 0xD7,
    0x2C, 0x5C, 0x1B, 0xC5, 0x14, 0x43, 0xAC, 0x6D, 0xBA, 0xE8, 0xA1, 0x2B, 0x78, 0x9B, 0x55, 0x02,
    0xE7, 0xFC, 0xE6, 0xB9, 0x73, 0xE1, 0x37, 0xFD, 0xE8, 0x6F, 0x9D, 0x91, 0xB1, 0x4D, 0x04, 0x31,
    0x10, 0x45, 0x3F, 0xBB, 0x81, 0x03, 0x07, 0x1B, 0x12, 0x9C, 0x90, 0x1B, 0x40, 0xB8, 0x01, 0x24,
    0x4E, 0x24, 0x84, 0x94, 0x72, 0x25, 0x8C, 0x75, 0x15, 0x50, 0x02, 0x8D, 0x80, 0xB7, 0x84, 0x13,
    0x15, 0x38, 0x40, 0xC4, 0x06, 0x6D, 0xE0, 0x93, 0x16, 0x7F, 0xC6, 0x0B, 0x08, 0x12, 0x0E, 0x44,
    0xE0, 0x1F, 0x78, 0xE6, 0x3F, 0xFD, 0x99, 0x81, 0xDB, 0xC7, 0x00, 0x92, 0xB9, 0x2F, 0xFE, 0x21,
    0x9B, 0x3C, 0x8C, 0x6B, 0x9B, 0x5C, 0x80, 0xE8, 0x1F, 0x22, 0x59, 0x61, 0x93, 0x0F, 0xBF, 0x88,
    0x9B, 0xE4, 0x11, 0x52, 0xE2, 0x0C, 0xAC, 0x5E, 0xA1, 0xB8, 0xD0, 0x15, 0x3F, 0x9A, 0x6C, 0x95,
    0x85, 0x86, 0x0A, 0x4A, 0x0A, 0xAD, 0xF5, 0xA7, 0xE7, 0x27, 0x49, 0x0A, 0x98, 0xB0, 0x62, 0xF8,
    0xF0, 0x87, 0x3E, 0xFB, 0x60, 0xB4, 0x26, 0xD5, 0x87, 0x58, 0xFD, 0x41, 0xBF, 0xFB, 0xF4, 0xBB,
    0xB2, 0x29, 0x2D, 0x81, 0xA6, 0xD7, 0x89, 0x92, 0xA0, 0x8D, 0x74, 0xA2, 0x31, 0xDD, 0xB8, 0x24,
    0x79, 0x9F, 0x4A, 0xB5, 0xB9, 0xE4, 0x4F, 0xDA, 0xD8, 0x0C, 0x52, 0xF8, 0xC2, 0x5D, 0xE3, 0xF3,
    0x8B, 0x9F, 0xE3, 0xC2, 0x97, 0x85, 0x2F, 0x8D, 0x3F, 0x4B, 0xE3, 0x17, 0xF9, 0x2F, 0xDF, 0xEF,
    0x80, 0x23, 0x66, 0xA0, 0x7F, 0xD6, 0xD5, 0x99, 0x64, 0xDB, 0x8A, 0xBF, 0xDD, 0x83, 0x07, 0x4F,
    0x31, 0xB6, 0xE6, 0x27, 0xB8, 0xFD, 0x40, 0x48, 0x35, 0x7A, 0x8B, 0x8E, 0x6B, 0x60, 0xA0, 0xB2,
    0xCE, 0xCC, 0x04, 0x9C, 0x77, 0x2A, 0xA7, 0x5D, 0x81, 0xA5, 0x65, 0xBE, 0xE0, 0x35, 0xD3, 0x9D,
    0xBB, 0x2C, 0xB8, 0xBF, 0x52, 0x91, 0xA2, 0x05, 0x4F, 0x95, 0x63, 0x6E, 0x0B, 0xB2, 0x57, 0x99,
    0xDD, 0xB6, 0xDE, 0x92, 0x1A, 0x69, 0x33, 0x21, 0xDE, 0xBC, 0x01, 0x63, 0x60, 0xE0, 0x61, 0x00,
    0x01, 0x7B, 0x30, 0xF9, 0xFF, 0x00, 0x90, 0x60, 0x76, 0xFC, 0x00, 0x24, 0xF9, 0x19, 0x74, 0x40,
    0xC2, 0x79, 0xFC, 0x20, 0xE1, 0xFF, 0xC7, 0x0F, 0x30, 0x30, 0xFF, 0xFF, 0x7F, 0xF8, 0x03, 0x03,
    0x3F, 0x90, 0xFC, 0xC3, 0x60, 0xFF, 0xFF, 0x07, 0xF7, 0x7F, 0x20, 0xBB, 0x41, 0xFE, 0x0F, 0x50,
    0xBC, 0xE9, 0x3F, 0x50, 0xC3, 0xFF, 0xE3, 0x20, 0xCD, 0xF6, 0xFF, 0xFF, 0x83, 0xF4, 0xFE, 0xFE,
    0x03, 0x32, 0xE7, 0x22, 0xC8, 0x1C, 0x86, 0x4B, 0x07, 0x10, 0xE6, 0x83, 0xEC, 0x02, 0x00,
};

static const EpdGlyph bookerly_10_boldGlyphs[] = {
    { 0, 0, 0, 0, 0, 0, 0 }, // U+0000
    { 0, 0, 0, 0, 0, 0, 0 }, // U+0008
    { 0, 0, 72, 0, 0, 0, 0 }, // U+0009
    { 0, 0, 72, 0, 0, 0, 0 }, // U+000D
    { 0, 0, 0, 0, 0, 0, 0 }, // U+001D
    { 0, 0, 72, 0, 0, 0, 0 }, // U+0020
    { 5, 15, 97, 1, 15, 19, 0 }, // !
    { 8, 7, 140, 0, 15, 14, 19 }, // "
    { 13, 13, 208, 0, 12, 43, 33 }, // #
    { 11, 21, 185, 0, 17, 58, 76 }, // $
    { 20, 16, 323, 0, 15, 80, 134 }, // %
    { 17, 15, 266, 0, 15, 64, 214 }, // &
    { 4, 7, 77, 0, 15, 7, 278 }, // '
    { 8, 19, 126, 0, 16, 38, 285 }, // (
    { 8, 19, 126, 0, 16, 38, 323 }, // )
    { 8, 7, 130, 0, 15, 14, 361 }, // *
    { 11, 10, 208, 1, 12, 28, 375 }, // +
    { 6, 7, 97, 0, 3, 11, 403 }, // ,
    { 8, 3, 127, 0, 7, 6, 414 }, // -
    { 4, 4, 97, 1, 4, 4, 420 }, // .
    { 11, 16, 176, 0, 15, 44, 424 }, // /
    { 12, 14, 220, 1, 14, 42, 468 }, // 0
    { 10, 14, 165, 0, 14, 35, 510 }, // 1
    { 12, 14, 196, 0, 14, 42, 545 }, // 2
    { 11, 14, 183, 0, 14, 39, 587 }, // 3
    { 13, 14, 213, 0, 14, 46, 626 }, // 4
    { 11, 14, 186, 0, 14, 39, 672 }, // 5
    { 11, 14, 203, 1, 14, 39, 711 }, // 6
    { 12, 14, 186, 0, 14, 42, 750 }, // 7
    { 11, 14, 206, 1, 14, 39, 792 }, // 8
    { 11, 14, 204, 1, 14, 39, 831 }, // 9
    { 4, 12, 97, 1, 12, 12, 870 }, // :
    { 6, 16, 97, 0, 12, 24, 882 }, // ;
    { 11, 10, 208, 1, 12, 28, 906 }, // <
    { 11, 6, 208, 1, 10, 17, 934 }, // =
    { 11, 10, 208, 1, 12, 28, 951 }, // >
    { 9, 15, 164, 1, 15, 34, 979 }, // ?
    { 19, 19, 330, 1, 15, 91, 1013 }, // @
    { 17, 15, 257, 0, 15, 64, 1104 }, // A
    { 13, 15, 216, 0, 15, 49, 1168 }, // B
    { 13, 15, 219, 0, 15, 49, 1217 }, // C
    { 16, 15, 259, 0, 15, 60, 1266 }, // D
    { 13, 15, 217, 0, 15, 49, 1326 }, // E
    { 12, 15, 197, 0, 15, 45, 1375 }, // F
    { 15, 15, 247, 0, 15, 57, 1420 }, // G
    { 18, 15, 287, 0, 15, 68, 1477 }, // H
    { 9, 15, 139, 0, 15, 34, 1545 }, // I
    { 10, 20, 131, -2, 15, 50, 1579 }, // J
    { 16, 15, 253, 0, 15, 60, 1629 }, // K
    { 13, 15, 207, 0, 15, 49, 1689 }, // L
    { 20, 15, 317, 0, 15, 75, 1738 }, // M
    { 17, 15, 268, 0, 15, 64, 1813 }, // N
    { 16, 15, 260, 0, 15, 60, 1877 }, // O
    { 13, 15, 209, 0, 15, 49, 1937 }, // P
    { 17, 20, 260, 0, 15, 85, 1986 }, // Q
    { 16, 15, 237, 0, 15, 60, 2071 }, // R
    { 11, 15, 195, 1, 15, 42, 2131 }, // S
    { 15, 15, 239, 0, 15, 57, 2173 }, // T
    { 17, 15, 268, 0, 15, 64, 2230 }, // U
    { 17, 15, 260, 0, 15, 64, 2294 }, // V
    { 23, 15, 371, 0, 15, 87, 2358 }, // W
    { 16, 15, 256, 0, 15, 60, 2445 }, // X
    { 15, 15, 241, 0, 15, 57, 2505 }, // Y
    { 13, 15, 203, 0, 15, 49, 2562 }, // Z
    { 6, 19, 113, 1, 16, 29, 2611 }, // [
    { 11, 16, 176, 0, 15, 44, 2640 }, // <backslash>
    { 6, 19, 113, 0, 16, 29, 2684 }, // ]
    { 11, 10, 208, 1, 13, 28, 2713 }, // ^
    { 11, 2, 167, 0, -1, 6, 2741 }, // _
    { 6, 5, 225, 4, 17, 8, 2747 }, // `
    { 12, 11, 189, 0, 11, 33, 2755 }, // a
    { 14, 16, 206, -1, 16, 56, 2788 }, // b
    { 11, 11, 173, 0, 11, 31, 2844 }, // c
    { 14, 16, 209, 0, 16, 56, 2875 }, // d
    { 11, 11, 182, 0, 11, 31, 2931 }, // e
    { 11, 16, 144, 0, 16, 44, 2962 }, // f
    { 13, 16, 201, 0, 11, 52, 3006 }, // g
    { 14, 16, 221, 0, 16, 56, 3058 }, // h
    { 8, 17, 118, 0, 17, 34, 3114 }, // i
    { 8, 22, 106, -2, 17, 44, 3148 }, // j
    { 14, 16, 211, 0, 16, 56, 3192 }, // k
    { 7, 16, 116, 0, 16, 28, 3248 }, // l
    { 21, 11, 330, 0, 11, 58, 3276 }, // m
    { 14, 11, 225, 0, 11, 39, 3334 }, // n
    { 12, 11, 201, 0, 11, 33, 3373 }, // o
    { 13, 16, 208, 0, 11, 52, 3406 }, // p
    { 13, 16, 200, 0, 11, 52, 3458 }, // q
    { 10, 11, 159, 0, 11, 28, 3510 }, // r
    { 9, 11, 167, 1, 11, 25, 3538 }, // s
    { 10, 14, 142, -1, 14, 35, 3563 }, // t
    { 14, 11, 218, 0, 11, 39, 3598 }, // u
    { 14, 11, 217, 0, 11, 39, 3637 }, // v
    { 19, 11, 302, 0, 11, 53, 3676 }, // w
    { 13, 11, 207, 0, 11, 36, 3729 }, // x
    { 14, 16, 217, 0, 11, 56, 3765 }, // y
    { 11, 12, 172, 0, 11, 33, 3821 }, // z
    { 7, 20, 134, 1, 17, 35, 3854 }, // {
    { 3, 19, 105, 2, 16, 15, 3889 }, // |
    { 8, 19, 134, 0, 16, 38, 3904 }, // }
    { 11, 4, 208, 1, 9, 11, 3942 }, // ~
    { 0, 0, 72, 0, 0, 0, 0 }, // U+00A0
    { 5, 15, 97, 0, 11, 19, 0 }, // U+00A1
    { 12, 20, 189, 0, 16, 60, 19 }, // U+00A2
    { 13, 14, 194, 0, 14, 46, 79 }, // U+00A3
    { 13, 10, 208, 0, 10, 33, 125 }, // U+00A4
    { 14, 14, 223, 0, 14, 49, 158 }, // U+00A5
    { 3, 19, 105, 2, 16, 15, 207 }, // U+00A6
    { 11, 17, 173, 0, 15, 47, 222 }, // U+00A7
    { 8, 3, 225, 3, 16, 6, 269 }, // U+00A8
    { 16, 15, 261, 0, 15, 60, 275 }, // U+00A9
    { 8, 10, 147, 1, 15, 20, 335 }, // U+00AA
    { 12, 8, 195, 0, 9, 24, 355 }, // U+00AB
    { 11, 5, 208, 1, 10, 14, 379 }, // U+00AC
    { 8, 3, 127, 0, 7, 6, 393 }, // U+00AD
    { 12, 11, 194, 0, 16, 33, 399 }, // U+00AE
    { 8, 2, 225, 3, 15, 4, 432 }, // U+00AF
    { 9, 8, 176, 1, 15, 18, 436 }, // U+00B0
    { 11, 13, 208, 1, 13, 36, 454 }, // U+00B1
    { 8, 9, 149, 1, 17, 18, 490 }, // U+00B2
    { 8, 9, 149, 1, 17, 18, 508 }, // U+00B3
    { 4, 5, 225, 5, 17, 5, 526 }, // U+00B4
    { 14, 16, 219, 1, 11, 56, 531 }, // U+00B5
    { 12, 18, 198, 0, 15, 54, 587 }, // U+00B6
    { 4, 4, 97, 1, 9, 4, 641 }, // U+00B7
    { 5, 4, 225, 5, -1, 5, 645 }, // U+00B8
    { 7, 9, 149, 1, 17, 16, 650 }, // U+00B9
    { 9, 10, 147, 0, 15, 23, 666 }, // U+00BA
    { 12, 8, 195, 0, 9, 24, 689 }, // U+00BB
    { 22, 16, 359, 1, 15, 88, 713 }, // U+00BC
    { 21, 16, 359, 1, 15, 84, 801 }, // U+00BD
    { 22, 16, 359, 1, 15, 88, 885 }, // U+00BE
    { 8, 15, 164, 1, 11, 30, 973 }, // U+00BF
    { 17, 21, 257, 0, 21, 90, 1003 }, // U+00C0
    { 17, 21, 257, 0, 21, 90, 1093 }, // U+00C1
    { 17, 20, 257, 0, 20, 85, 1183 }, // U+00C2
    { 17, 21, 257, 0, 21, 90, 1268 }, // U+00C3
    { 17, 20, 257, 0, 20, 85, 1358 }, // U+00C4
    { 17, 21, 257, 0, 21, 90, 1443 }, // U+00C5
    { 21, 15, 327, -1, 15, 79, 1533 }, // U+00C6
    { 13, 20, 219, 0, 15, 65, 1612 }, // U+00C7
    { 13, 21, 217, 0, 21, 69, 1677 }, // U+00C8
    { 13, 21, 217, 0, 21, 69, 1746 }, // U+00C9
    { 13, 20, 217, 0, 20, 65, 1815 }, // U+00CA
    { 13, 20, 217, 0, 20, 65, 1880 }, // U+00CB
    { 9, 21, 139, 0, 21, 48, 1945 }, // U+00CC
    { 9, 21, 139, 0, 21, 48, 1993 }, // U+00CD
    { 9, 20, 139, 0, 20, 45, 2041 }, // U+00CE
    { 9, 20, 139, 0, 20, 45, 2086 }, // U+00CF
    { 16, 15, 259, 0, 15, 60, 2131 }, // U+00D0
    { 17, 21, 268, 0, 21, 90, 2191 }, // U+00D1
    { 16, 21, 260, 0, 21, 84, 2281 }, // U+00D2
    { 16, 21, 260, 0, 21, 84, 2365 }, // U+00D3
    { 16, 20, 260, 0, 20, 80, 2449 }, // U+00D4
    { 16, 21, 260, 0, 21, 84, 2529 }, // U+00D5
    { 16, 20, 260, 0, 20, 80, 2613 }, // U+00D6
    { 9, 9, 208, 2, 12, 21, 2693 }, // U+00D7
    { 16, 15, 260, 0, 15, 60, 2714 }, // U+00D8
    { 17, 21, 268, 0, 21, 90, 2774 }, // U+00D9
    { 17, 21, 268, 0, 21, 90, 2864 }, // U+00DA
    { 17, 20, 268, 0, 20, 85, 2954 }, // U+00DB
    { 17, 20, 268, 0, 20, 85, 3039 }, // U+00DC
    { 15, 21, 241, 0, 21, 79, 3124 }, // U+00DD
    { 13, 15, 216, 0, 15, 49, 3203 }, // U+00DE
    { 14, 16, 223, 0, 16, 56, 3252 }, // U+00DF
    { 12, 17, 189, 0, 17, 51, 3308 }, // U+00E0
    { 12, 17, 189, 0, 17, 51, 3359 }, // U+00E1
    { 12, 18, 189, 0, 18, 54, 3410 }, // U+00E2
    { 12, 16, 189, 0, 16, 48, 3464 }, // U+00E3
    { 12, 16, 189, 0, 16, 48, 3512 }, // U+00E4
    { 12, 18, 189, 0, 18, 54, 3560 }, // U+00E5
    { 17, 11, 276, 0, 11, 47, 3614 }, // U+00E6
    { 11, 16, 173, 0, 11, 44, 3661 }, // U+00E7
    { 11, 17, 182, 0, 17, 47, 3705 }, // U+00E8
    { 11, 17, 182, 0, 17, 47, 3752 }, // U+00E9
    { 11, 18, 182, 0, 18, 50, 3799 }, // U+00EA
    { 11, 16, 182, 0, 16, 44, 3849 }, // U+00EB
    { 8, 17, 118, 0, 17, 34, 3893 }, // U+00EC
    { 8, 17, 118, 0, 17, 34, 3927 }, // U+00ED
    { 8, 18, 118, 0, 18, 36, 3961 }, // U+00EE
    { 8, 16, 118, 0, 16, 32, 3997 }, // U+00EF
    { 12, 17, 201, 0, 17, 51, 4029 }, // U+00F0
    { 14, 16, 225, 0, 16, 56, 4080 }, // U+00F1
    { 12, 17, 201, 0, 17, 51, 4136 }, // U+00F2
    { 12, 17, 201, 0, 17, 51, 4187 }, // U+00F3
    { 12, 18, 201, 0, 18, 54, 4238 }, // U+00F4
    { 12, 16, 201, 0, 16, 48, 4292 }, // U+00F5
    { 12, 16, 201, 0, 16, 48, 4340 }, // U+00F6
    { 11, 10, 208, 1, 12, 28, 4388 }, // U+00F7
    { 13, 11, 202, 0, 11, 36, 4416 }, // U+00F8
    { 14, 17, 218, 0, 17, 60, 4452 }, // U+00F9
    { 14, 17, 218, 0, 17, 60, 4512 }, // U+00FA
    { 14, 18, 218, 0, 18, 63, 4572 }, // U+00FB
    { 14, 16, 218, 0, 16, 56, 4635 }, // U+00FC
    { 14, 22, 217, 0, 17, 77, 4691 }, // U+00FD
    { 13, 21, 208, 0, 16, 69, 4768 }, // U+00FE
    { 14, 21, 217, 0, 16, 74, 4837 }, // U+00FF
    { 17, 19, 257, 0, 19, 81, 0 }, // U+0100
    { 12, 15, 189, 0, 15, 45, 81 }, // U+0101
    { 17, 20, 257, 0, 20, 85, 126 }, // U+0102
    { 12, 16, 189, 0, 16, 48, 211 }, // U+0103
    { 17, 20, 257, 0, 15, 85, 259 }, // U+0104
    { 12, 15, 189, 0, 11, 45, 344 }, // U+0105
    { 13, 21, 219, 0, 21, 69, 389 }, // U+0106
    { 11, 17, 173, 0, 17, 47, 458 }, // U+0107
    { 13, 20, 219, 0, 20, 65, 505 }, // U+0108
    { 11, 18, 173, 0, 18, 50, 570 }, // U+0109
    { 13, 20, 219, 0, 20, 65, 620 }, // U+010A
    { 11, 17, 173, 0, 17, 47, 685 }, // U+010B
    { 13, 21, 219, 0, 21, 69, 732 }, // U+010C
    { 11, 17, 173, 0, 17, 47, 801 }, // U+010D
    { 16, 21, 259, 0, 21, 84, 848 }, // U+010E
    { 16, 16, 216, 0, 16, 64, 932 }, // U+010F
    { 16, 15, 259, 0, 15, 60, 996 }, // U+0110
    { 14, 16, 209, 0, 16, 56, 1056 }, // U+0111
    { 13, 19, 217, 0, 19, 62, 1112 }, // U+0112
    { 11, 15, 182, 0, 15, 42, 1174 }, // U+0113
    { 13, 20, 217, 0, 20, 65, 1216 }, // U+0114
    { 11, 16, 182, 0, 16, 44, 1281 }, // U+0115
    { 13, 20, 217, 0, 20, 65, 1325 }, // U+0116
    { 11, 17, 182, 0, 17, 47, 1390 }, // U+0117
    { 13, 20, 217, 0, 15, 65, 1437 }, // U+0118
    { 11, 15, 182, 0, 11, 42, 1502 }, // U+0119
    { 13, 21, 217, 0, 21, 69, 1544 }, // U+011A
    { 11, 17, 182, 0, 17, 47, 1613 }, // U+011B
    { 15, 20, 247, 0, 20, 75, 1660 }, // U+011C
    { 13, 23, 201, 0, 18, 75, 1735 }, // U+011D
    { 15, 20, 247, 0, 20, 75, 1810 }, // U+011E
    { 13, 21, 201, 0, 16, 69, 1885 }, // U+011F
    { 15, 20, 247, 0, 20, 75, 1954 }, // U+0120
    { 13, 22, 201, 0, 17, 72, 2029 }, // U+0121
    { 15, 21, 247, 0, 15, 79, 2101 }, // U+0122
    { 13, 23, 201, 0, 18, 75, 2180 }, // U+0123
    { 18, 20, 287, 0, 20, 90, 2255 }, // U+0124
    { 15, 21, 221, -1, 21, 79, 2345 }, // U+0125
    { 18, 15, 287, 0, 15, 68, 2424 }, // U+0126
    { 14, 16, 221, 0, 16, 56, 2492 }, // U+0127
    { 9, 21, 139, 0, 21, 48, 2548 }, // U+0128
    { 8, 16, 118, 0, 16, 32, 2596 }, // U+0129
    { 9, 19, 139, 0, 19, 43, 2628 }, // U+012A
    { 8, 15, 118, 0, 15, 30, 2671 }, // U+012B
    { 9, 20, 139, 0, 20, 45, 2701 }, // U+012C
    { 8, 16, 118, 0, 16, 32, 2746 }, // U+012D
    { 9, 20, 139, 0, 15, 45, 2778 }, // U+012E
    { 8, 22, 118, 0, 17, 44, 2823 }, // U+012F
    { 9, 20, 139, 0, 20, 45, 2867 }, // U+0130
    { 8, 11, 118, 0, 11, 22, 2912 }, // U+0131
    { 17, 20, 270, 0, 15, 85, 2934 }, // U+0132
    { 13, 22, 224, 0, 17, 72, 3019 }, // U+0133
    { 11, 25, 131, -2, 20, 69, 3091 }, // U+0134
    { 10, 23, 106, -2, 18, 58, 3160 }, // U+0135
    { 16, 21, 253, 0, 15, 84, 3218 }, // U+0136
    { 14, 22, 211, 0, 16, 77, 3302 }, // U+0137
    { 14, 11, 216, 0, 11, 39, 3379 }, // U+0138
    { 13, 21, 207, 0, 21, 69, 3418 }, // U+0139
    { 7, 21, 116, 0, 21, 37, 3487 }, // U+013A
    { 13, 21, 207, 0, 15, 69, 3524 }, // U+013B
    { 7, 22, 116, 0, 16, 39, 3593 }, // U+013C
    { 13, 16, 207, 0, 16, 52, 3632 }, // U+013D
    { 10, 16, 123, 0, 16, 40, 3684 }, // U+013E
    { 13, 15, 207, 0, 15, 49, 3724 }, // U+013F
    { 12, 16, 178, 0, 16, 48, 3773 }, // U+0140
    { 14, 15, 207, -1, 15, 53, 3821 }, // U+0141
    { 9, 16, 116, -1, 16, 36, 3874 }, // U+0142
    { 17, 21, 268, 0, 21, 90, 3910 }, // U+0143
    { 14, 17, 225, 0, 17, 60, 4000 }, // U+0144
    { 17, 21, 268, 0, 15, 90, 4060 }, // U+0145
    { 14, 17, 225, 0, 11, 60, 4150 }, // U+0146
    { 17, 21, 268, 0, 21, 90, 4210 }, // U+0147
    { 14, 17, 225, 0, 17, 60, 4300 }, // U+0148
    { 19, 15, 303, 0, 15, 72, 4360 }, // U+0149
    { 17, 20, 268, 0, 15, 85, 4432 }, // U+014A
    { 13, 16, 218, 0, 11, 52, 4517 }, // U+014B
    { 16, 19, 260, 0, 19, 76, 4569 }, // U+014C
    { 12, 15, 201, 0, 15, 45, 4645 }, // U+014D
    { 16, 20, 260, 0, 20, 80, 4690 }, // U+014E
    { 12, 16, 201, 0, 16, 48, 4770 }, // U+014F
    { 16, 21, 260, 0, 21, 84, 4818 }, // U+0150
    { 12, 18, 201, 0, 18, 54, 4902 }, // U+0151
    { 21, 15, 337, 0, 15, 79, 4956 }, // U+0152
    { 19, 11, 304, 0, 11, 53, 5035 }, // U+0153
    { 16, 21, 237, 0, 21, 84, 5088 }, // U+0154
    { 10, 17, 159, 0, 17, 43, 5172 }, // U+0155
    { 16, 21, 237, 0, 15, 84, 5215 }, // U+0156
    { 10, 17, 159, 0, 11, 43, 5299 }, // U+0157
    { 16, 21, 237, 0, 21, 84, 5342 }, // U+0158
    { 10, 17, 159, 0, 17, 43, 5426 }, // U+0159
    { 11, 21, 195, 1, 21, 58, 5469 }, // U+015A
    { 9, 17, 167, 1, 17, 39, 5527 }, // U+015B
    { 11, 20, 195, 1, 20, 55, 5566 }, // U+015C
    { 9, 18, 167, 1, 18, 41, 5621 }, // U+015D
    { 11, 20, 195, 1, 15, 55, 5662 }, // U+015E
    { 9, 16, 167, 1, 11, 36, 5717 }, // U+015F
    { 11, 21, 195, 1, 21, 58, 5753 }, // U+0160
    { 9, 17, 167, 1, 17, 39, 5811 }, // U+0161
    { 15, 20, 239, 0, 15, 75, 5850 }, // U+0162
    { 10, 19, 142, -1, 14, 48, 5925 }, // U+0163
    { 15, 21, 239, 0, 21, 79, 5973 }, // U+0164
    { 10, 17, 142, -1, 17, 43, 6052 }, // U+0165
    { 15, 15, 239, 0, 15, 57, 6095 }, // U+0166
    { 10, 14, 142, -1, 14, 35, 6152 }, // U+0167
    { 17, 21, 268, 0, 21, 90, 6187 }, // U+0168
    { 14, 16, 218, 0, 16, 56, 6277 }, // U+0169
    { 17, 19, 268, 0, 19, 81, 6333 }, // U+016A
    { 14, 15, 218, 0, 15, 53, 6414 }, // U+016B
    { 17, 20, 268, 0, 20, 85, 6467 }, // U+016C
    { 14, 16, 218, 0, 16, 56, 6552 }, // U+016D
    { 17, 21, 268, 0, 21, 90, 6608 }, // U+016E
    { 14, 18, 218, 0, 18, 63, 6698 }, // U+016F
    { 17, 21, 268, 0, 21, 90, 6761 }, // U+0170
    { 14, 18, 218, 0, 18, 63, 6851 }, // U+0171
    { 17, 19, 268, 0, 15, 81, 6914 }, // U+0172
    { 14, 16, 218, 0, 11, 56, 6995 }, // U+0173
    { 23, 20, 371, 0, 20, 115, 7051 }, // U+0174
    { 19, 18, 302, 0, 18, 86, 7166 }, // U+0175
    { 15, 20, 241, 0, 20, 75, 7252 }, // U+0176
    { 14, 23, 217, 0, 18, 81, 7327 }, // U+0177
    { 15, 20, 241, 0, 20, 75, 7408 }, // U+0178
    { 13, 21, 203, 0, 21, 69, 7483 }, // U+0179
    { 11, 18, 172, 0, 17, 50, 7552 }, // U+017A
    { 13, 20, 203, 0, 20, 65, 7602 }, // U+017B
    { 11, 18, 172, 0, 17, 50, 7667 }, // U+017C
    { 13, 21, 203, 0, 21, 69, 7717 }, // U+017D
    { 11, 18, 172, 0, 17, 50, 7786 }, // U+017E
    { 11, 16, 138, 0, 16, 44, 7836 }, // U+017F
    { 29, 21, 453, 0, 21, 153, 0 }, // U+01C4
    { 27, 18, 422, 0, 17, 122, 153 }, // U+01C5
    { 24, 18, 380, 0, 17, 108, 275 }, // U+01C6
    { 22, 20, 338, 0, 15, 110, 383 }, // U+01C7
    { 19, 22, 313, 0, 17, 105, 493 }, // U+01C8
    { 13, 22, 222, 0, 17, 72, 598 }, // U+01C9
    { 25, 20, 399, 0, 15, 125, 670 }, // U+01CA
    { 23, 22, 373, 0, 17, 127, 795 }, // U+01CB
    { 20, 22, 331, 0, 17, 110, 922 }, // U+01CC
    { 17, 21, 257, 0, 21, 90, 1032 }, // U+01CD
    { 12, 17, 189, 0, 17, 51, 1122 }, // U+01CE
    { 9, 21, 139, 0, 21, 48, 1173 }, // U+01CF
    { 8, 17, 118, 0, 17, 34, 1221 }, // U+01D0
    { 16, 21, 260, 0, 21, 84, 1255 }, // U+01D1
    { 12, 17, 201, 0, 17, 51, 1339 }, // U+01D2
    { 17, 21, 268, 0, 21, 90, 1390 }, // U+01D3
    { 14, 17, 218, 0, 17, 60, 1480 }, // U+01D4
    { 17, 22, 268, 0, 22, 94, 1540 }, // U+01D5
    { 14, 19, 218, 0, 19, 67, 1634 }, // U+01D6
    { 17, 23, 268, 0, 23, 98, 1701 }, // U+01D7
    { 14, 21, 218, 0, 21, 74, 1799 }, // U+01D8
    { 17, 22, 268, 0, 22, 94, 1873 }, // U+01D9
    { 14, 21, 218, 0, 21, 74, 1967 }, // U+01DA
    { 17, 23, 268, 0, 23, 98, 2041 }, // U+01DB
    { 14, 21, 218, 0, 21, 74, 2139 }, // U+01DC
    { 11, 11, 182, 0, 11, 31, 2213 }, // U+01DD
    { 17, 22, 257, 0, 22, 94, 2244 }, // U+01DE
    { 12, 19, 189, 0, 19, 57, 2338 }, // U+01DF
    { 17, 22, 257, 0, 22, 94, 2395 }, // U+01E0
    { 12, 18, 189, 0, 18, 54, 2489 }, // U+01E1
    { 21, 19, 327, -1, 19, 100, 2543 }, // U+01E2
    { 17, 15, 276, 0, 15, 64, 2643 }, // U+01E3
    { 16, 15, 247, 0, 15, 60, 2707 }, // U+01E4
    { 15, 16, 201, -1, 11, 60, 2767 }, // U+01E5
    { 15, 21, 247, 0, 21, 79, 2827 }, // U+01E6
    { 13, 22, 201, 0, 17, 72, 2906 }, // U+01E7
    { 16, 21, 253, 0, 21, 84, 2978 }, // U+01E8
    { 15, 22, 211, -1, 22, 83, 3062 }, // U+01E9
    { 16, 19, 260, 0, 15, 76, 3145 }, // U+01EA
    { 12, 15, 201, 0, 11, 45, 3221 }, // U+01EB
    { 16, 23, 260, 0, 19, 92, 3266 }, // U+01EC
    { 12, 19, 201, 0, 15, 57, 3358 }, // U+01ED
    { 12, 21, 194, 0, 21, 63, 3415 }, // U+01EE
    { 11, 22, 180, 0, 17, 61, 3478 }, // U+01EF
    { 10, 22, 106, -2, 17, 55, 3539 }, // U+01F0
    { 29, 15, 462, 0, 15, 109, 3594 }, // U+01F1
    { 27, 16, 431, 0, 15, 108, 3703 }, // U+01F2
    { 24, 17, 381, 0, 16, 102, 3811 }, // U+01F3
    { 15, 21, 247, 0, 21, 79, 3913 }, // U+01F4
    { 13, 22, 201, 0, 17, 72, 3992 }, // U+01F5
    { 17, 21, 268, 0, 21, 90, 4064 }, // U+01F8
    { 14, 17, 225, 0, 17, 60, 4154 }, // U+01F9
    { 17, 23, 257, 0, 23, 98, 4214 }, // U+01FA
    { 12, 22, 189, 0, 22, 66, 4312 }, // U+01FB
    { 21, 21, 327, -1, 21, 111, 4378 }, // U+01FC
    { 17, 17, 276, 0, 17, 73, 4489 }, // U+01FD
    { 16, 21, 260, 0, 21, 84, 4562 }, // U+01FE
    { 13, 17, 202, 0, 17, 56, 4646 }, // U+01FF
    { 17, 21, 257, 0, 21, 90, 4702 }, // U+0200
    { 12, 18, 189, 0, 18, 54, 4792 }, // U+0201
    { 17, 20, 257, 0, 20, 85, 4846 }, // U+0202
    { 12, 17, 189, 0, 17, 51, 4931 }, // U+0203
    { 13, 21, 217, 0, 21, 69, 4982 }, // U+0204
    { 11, 18, 182, 0, 18, 50, 5051 }, // U+0205
    { 13, 20, 217, 0, 20, 65, 5101 }, // U+0206
    { 11, 17, 182, 0, 17, 47, 5166 }, // U+0207
    { 11, 21, 139, -2, 21, 58, 5213 }, // U+0208
    { 9, 18, 118, -1, 18, 41, 5271 }, // U+0209
    { 9, 20, 139, 0, 20, 45, 5312 }, // U+020A
    { 8, 17, 118, 0, 17, 34, 5357 }, // U+020B
    { 16, 21, 260, 0, 21, 84, 5391 }, // U+020C
    { 12, 18, 201, 0, 18, 54, 5475 }, // U+020D
    { 16, 20, 260, 0, 20, 80, 5529 }, // U+020E
    { 12, 17, 201, 0, 17, 51, 5609 }, // U+020F
    { 16, 21, 237, 0, 21, 84, 5660 }, // U+0210
    { 10, 18, 159, 0, 18, 45, 5744 }, // U+0211
    { 16, 20, 237, 0, 20, 80, 5789 }, // U+0212
    { 10, 17, 159, 0, 17, 43, 5869 }, // U+0213
    { 17, 21, 268, 0, 21, 90, 5912 }, // U+0214
    { 14, 18, 218, 0, 18, 63, 6002 }, // U+0215
    { 17, 20, 268, 0, 20, 85, 6065 }, // U+0216
    { 14, 17, 218, 0, 17, 60, 6150 }, // U+0217
    { 11, 21, 195, 1, 15, 58, 6210 }, // U+0218
    { 9, 17, 167, 1, 11, 39, 6268 }, // U+0219
    { 15, 21, 239, 0, 15, 79, 6307 }, // U+021A
    { 10, 20, 142, -1, 14, 50, 6386 }, // U+021B
    { 11, 17, 199, 1, 15, 47, 6436 }, // U+021C
    { 11, 16, 173, 0, 11, 44, 6483 }, // U+021D
    { 18, 21, 287, 0, 21, 95, 6527 }, // U+021E
    { 15, 22, 221, -1, 22, 83, 6622 }, // U+021F
    { 5, 5, 0, -3, 17, 7, 0 }, // U+0300
    { 5, 5, 0, -2, 17, 7, 7 }, // U+0301
    { 8, 6, 0, -4, 18, 12, 14 }, // U+0302
    { 8, 3, 0, -4, 16, 6, 26 }, // U+0303
    { 8, 2, 0, -4, 15, 4, 32 }, // U+0304
    { 8, 4, 0, -4, 16, 8, 36 }, // U+0306
    { 4, 4, 0, -2, 17, 4, 44 }, // U+0307
    { 8, 3, 0, -4, 16, 6, 48 }, // U+0308
    { 6, 6, 0, -3, 18, 9, 54 }, // U+0309
    { 6, 6, 0, -3, 18, 9, 63 }, // U+030A
    { 8, 6, 0, -3, 18, 12, 72 }, // U+030B
    { 8, 5, 0, -4, 17, 10, 84 }, // U+030C
    { 8, 6, 0, -5, 18, 12, 94 }, // U+030F
    { 8, 4, 0, -4, 17, 8, 106 }, // U+0311
    { 4, 6, 0, -2, 18, 6, 114 }, // U+0312
    { 5, 6, 0, -2, 18, 8, 120 }, // U+0313
    { 5, 6, 0, -3, 18, 8, 128 }, // U+0314
    { 4, 5, 0, -2, 18, 5, 136 }, // U+0315
    { 4, 5, 0, -2, 13, 5, 141 }, // U+031B
    { 4, 4, 0, -2, -2, 4, 146 }, // U+0323
    { 8, 3, 0, -4, -2, 6, 150 }, // U+0324
    { 6, 5, 0, -3, -1, 8, 156 }, // U+0325
    { 4, 5, 0, -2, -1, 5, 164 }, // U+0326
    { 5, 4, 0, -3, -1, 5, 169 }, // U+0327
    { 6, 6, 0, -3, 1, 9, 174 }, // U+0328
    { 4, 5, 93, 1, -1, 5, 183 }, // U+0329
    { 8, 5, 0, -4, -1, 10, 188 }, // U+032D
    { 8, 4, 0, -4, -2, 8, 198 }, // U+032E
    { 8, 3, 0, -4, -2, 6, 206 }, // U+0330
    { 8, 2, 0, -4, -2, 4, 212 }, // U+0331
    { 8, 4, 0, -4, 17, 8, 216 }, // U+0342
    { 8, 9, 0, -4, 22, 18, 224 }, // U+0344
    { 5, 4, 0, -2, -1, 5, 242 }, // U+0345
    { 0, 0, 167, 0, 0, 0, 0 }, // U+2000
    { 0, 0, 333, 0, 0, 0, 0 }, // U+2001
    { 0, 0, 167, 0, 0, 0, 0 }, // U+2002
    { 0, 0, 333, 0, 0, 0, 0 }, // U+2003
    { 0, 0, 111, 0, 0, 0, 0 }, // U+2004
    { 0, 0, 83, 0, 0, 0, 0 }, // U+2005
    { 0, 0, 55, 0, 0, 0, 0 }, // U+2006
    { 0, 0, 208, 0, 0, 0, 0 }, // U+2007
    { 0, 0, 97, 0, 0, 0, 0 }, // U+2008
    { 0, 0, 67, 0, 0, 0, 0 }, // U+2009
    { 0, 0, 17, 0, 0, 0, 0 }, // U+200A
    { 0, 0, 0, 0, 0, 0, 0 }, // U+200B
    { 2, 18, 0, -1, 13, 9, 0 }, // U+200C
    { 6, 19, 0, -3, 14, 29, 9 }, // U+200D
    { 8, 20, 0, -4, 15, 40, 38 }, // U+200E
    { 8, 20, 0, -4, 15, 40, 78 }, // U+200F
    { 8, 3, 127, 0, 7, 6, 118 }, // U+2010
    { 8, 3, 127, 0, 7, 6, 124 }, // U+2011
    { 11, 3, 208, 1, 8, 9, 130 }, // U+2012
    { 11, 2, 167, 0, 6, 6, 139 }, // U+2013
    { 21, 3, 333, 0, 7, 16, 145 }, // U+2014
    { 21, 3, 333, 0, 7, 16, 161 }, // U+2015
    { 8, 21, 167, 1, 16, 42, 177 }, // U+2016
    { 11, 5, 167, 0, -1, 14, 219 }, // U+2017
    { 5, 7, 82, 0, 16, 9, 233 }, // U+2018
    { 5, 7, 82, 0, 16, 9, 242 }, // U+2019
    { 5, 7, 82, 0, 3, 9, 251 }, // U+201A
    { 5, 7, 82, 0, 16, 9, 260 }, // U+201B
    { 9, 7, 149, 0, 16, 16, 269 }, // U+201C
    { 9, 7, 149, 0, 16, 16, 285 }, // U+201D
    { 9, 7, 149, 0, 3, 16, 301 }, // U+201E
    { 9, 7, 149, 0, 16, 16, 317 }, // U+201F
    { 10, 14, 165, 0, 15, 35, 333 }, // U+2020
    { 10, 16, 166, 0, 15, 40, 368 }, // U+2021
    { 6, 5, 100, 0, 8, 8, 408 }, // U+2022
    { 8, 7, 208, 3, 11, 14, 416 }, // U+2023
    { 4, 4, 97, 1, 4, 4, 430 }, // U+2024
    { 10, 4, 167, 0, 4, 10, 434 }, // U+2025
    { 19, 4, 333, 1, 4, 19, 444 }, // U+2026
    { 4, 4, 97, 1, 8, 4, 463 }, // U+2027
    { 0, 0, 0, 0, 0, 0, 467 }, // U+2028
    { 0, 0, 0, 0, 0, 0, 467 }, // U+2029
    { 8, 20, 0, -4, 15, 40, 467 }, // U+202A
    { 8, 20, 0, -4, 15, 40, 507 }, // U+202B
    { 6, 20, 0, -3, 15, 30, 547 }, // U+202C
    { 10, 20, 0, -5, 15, 50, 577 }, // U+202D
    { 10, 20, 0, -5, 15, 50, 627 }, // U+202E
    { 0, 0, 36, 0, 0, 0, 677 }, // U+202F
    { 29, 16, 463, 0, 15, 116, 677 }, // U+2030
    { 6, 7, 91, 0, 15, 11, 793 }, // U+2032
    { 10, 7, 164, 0, 15, 18, 804 }, // U+2033
    { 15, 7, 236, 0, 15, 27, 822 }, // U+2034
    { 6, 7, 91, 0, 15, 11, 849 }, // U+2035
    { 10, 7, 170, 0, 15, 18, 860 }, // U+2036
    { 15, 7, 243, 0, 15, 27, 878 }, // U+2037
    { 10, 4, 166, 0, 0, 10, 905 }, // U+2038
    { 7, 8, 111, 0, 9, 14, 915 }, // U+2039
    { 7, 8, 111, 0, 9, 14, 929 }, // U+203A
    { 13, 14, 208, 0, 14, 46, 943 }, // U+203B
    { 11, 15, 193, 1, 15, 42, 989 }, // U+203C
    { 11, 2, 167, 0, 18, 6, 1031 }, // U+203E
    { 6, 3, 100, 0, 7, 5, 1037 }, // U+2043
    { 12, 16, 61, -4, 15, 48, 1042 }, // U+2044
    { 18, 15, 312, 1, 15, 68, 1090 }, // U+2047
    { 15, 15, 257, 1, 15, 57, 1158 }, // U+2048
    { 15, 15, 257, 1, 15, 57, 1215 }, // U+2049
    { 13, 5, 333, 4, 9, 17, 1272 }, // U+2053
    { 19, 7, 309, 0, 15, 34, 1289 }, // U+2057
    { 0, 0, 74, 0, 0, 0, 1323 }, // U+205F
    { 0, 0, 0, 0, 0, 0, 1323 }, // U+2060
    { 0, 0, 0, 0, 0, 0, 1323 }, // U+2061
    { 0, 0, 0, 0, 0, 0, 1323 }, // U+2062
    { 0, 0, 0, 0, 0, 0, 1323 }, // U+2063
    { 0, 0, 0, 0, 0, 0, 1323 }, // U+2064
    { 9, 9, 149, 0, 17, 21, 0 }, // U+2070
    { 9, 9, 149, 0, 17, 21, 21 }, // U+2074
    { 8, 9, 149, 1, 17, 18, 42 }, // U+2075
    { 8, 9, 149, 1, 17, 18, 60 }, // U+2076
    { 8, 9, 149, 1, 17, 18, 78 }, // U+2077
    { 9, 9, 149, 0, 17, 21, 96 }, // U+2078
    { 8, 9, 149, 1, 17, 18, 117 }, // U+2079
    { 10, 7, 188, 1, 15, 18, 135 }, // U+207F
    { 9, 9, 149, 0, 6, 21, 153 }, // U+2080
    { 7, 9, 149, 1, 6, 16, 174 }, // U+2081
    { 8, 9, 149, 1, 6, 18, 190 }, // U+2082
    { 8, 9, 149, 1, 6, 18, 208 }, // U+2083
    { 9, 9, 149, 0, 6, 21, 226 }, // U+2084
    { 8, 9, 149, 1, 6, 18, 247 }, // U+2085
    { 8, 9, 149, 1, 6, 18, 265 }, // U+2086
    { 8, 9, 149, 1, 6, 18, 283 }, // U+2087
    { 9, 9, 149, 0, 6, 21, 301 }, // U+2088
    { 8, 9, 149, 1, 6, 18, 322 }, // U+2089
    { 12, 14, 191, 0, 14, 42, 0 }, // U+20A3
    { 12, 14, 190, 0, 14, 42, 42 }, // U+20A4
    { 28, 14, 453, 0, 14, 98, 84 }, // U+20A7
    { 13, 14, 206, 0, 14, 46, 182 }, // U+20AC
    { 13, 10, 333, 4, 12, 33, 0 }, // U+2190
    { 11, 13, 333, 5, 14, 36, 33 }, // U+2191
    { 13, 10, 333, 4, 12, 33, 69 }, // U+2192
    { 11, 13, 333, 5, 14, 36, 102 }, // U+2193
    { 15, 8, 333, 3, 11, 30, 138 }, // U+2194
    { 9, 15, 333, 6, 15, 34, 168 }, // U+2195
    { 11, 14, 333, 5, 15, 39, 202 }, // U+21A8
    { 9, 14, 333, 6, 15, 32, 241 }, // U+21B2
    { 9, 15, 333, 6, 15, 34, 273 }, // U+21B3
    { 13, 11, 333, 4, 13, 36, 307 }, // U+21B5
    { 13, 11, 333, 4, 13, 36, 343 }, // U+21D0
    { 13, 13, 333, 4, 14, 43, 379 }, // U+21D1
    { 13, 11, 333, 4, 13, 36, 422 }, // U+21D2
    { 13, 13, 333, 4, 14, 43, 458 }, // U+21D3
    { 15, 11, 333, 3, 13, 42, 501 }, // U+21D4
    { 15, 15, 333, 3, 15, 57, 0 }, // U+2200
    { 11, 16, 208, 1, 16, 44, 57 }, // U+2202
    { 11, 15, 333, 5, 15, 42, 101 }, // U+2203
    { 17, 17, 333, 2, 16, 73, 143 }, // U+2205
    { 14, 15, 228, 0, 15, 53, 216 }, // U+2206
    { 15, 15, 333, 3, 15, 57, 269 }, // U+2207
    { 15, 15, 333, 3, 15, 57, 326 }, // U+2208
    { 15, 19, 333, 3, 17, 72, 383 }, // U+2209
    { 15, 12, 333, 3, 13, 45, 455 }, // U+220A
    { 15, 15, 333, 3, 15, 57, 500 }, // U+220B
    { 15, 19, 333, 3, 17, 72, 557 }, // U+220C
    { 15, 12, 333, 3, 13, 45, 629 }, // U+220D
    { 17, 18, 279, 0, 15, 77, 674 }, // U+220F
    { 14, 19, 222, 0, 15, 67, 751 }, // U+2211
    { 11, 2, 208, 1, 8, 6, 818 }, // U+2212
    { 11, 16, 176, 0, 15, 44, 824 }, // U+2215
    { 11, 16, 176, 0, 15, 44, 868 }, // U+2216
    { 11, 10, 208, 1, 12, 28, 912 }, // U+2217
    { 9, 8, 208, 2, 11, 18, 940 }, // U+2218
    { 5, 4, 208, 4, 8, 5, 958 }, // U+2219
    { 14, 19, 208, -1, 17, 67, 963 }, // U+221A
    { 11, 7, 208, 1, 10, 20, 1030 }, // U+221D
    { 13, 7, 208, 0, 10, 23, 1050 }, // U+221E
    { 13, 15, 333, 4, 15, 49, 1073 }, // U+221F
    { 17, 15, 333, 2, 15, 64, 1122 }, // U+2220
    { 4, 21, 167, 3, 16, 21, 1186 }, // U+2223
    { 8, 21, 167, 1, 16, 42, 1207 }, // U+2225
    { 15, 15, 333, 3, 15, 57, 1249 }, // U+2227
    { 15, 15, 333, 3, 15, 57, 1306 }, // U+2228
    { 13, 15, 333, 4, 15, 49, 1363 }, // U+2229
    { 13, 15, 333, 4, 15, 49, 1412 }, // U+222A
    { 13, 21, 208, 0, 16, 69, 1461 }, // U+222B
    { 15, 12, 333, 3, 12, 45, 1530 }, // U+2234
    { 15, 12, 333, 3, 12, 45, 1575 }, // U+2235
    { 5, 12, 104, 1, 14, 15, 1620 }, // U+2236
    { 15, 12, 333, 3, 12, 45, 1635 }, // U+2237
    { 13, 5, 333, 4, 9, 17, 1680 }, // U+223C
    { 13, 12, 333, 4, 13, 39, 1697 }, // U+2245
    { 11, 8, 208, 1, 11, 22, 1736 }, // U+2248
    { 13, 8, 333, 4, 10, 26, 1758 }, // U+224D
    { 11, 11, 208, 1, 13, 31, 1784 }, // U+2260
    { 13, 10, 333, 4, 11, 33, 1815 }, // U+2261
    { 11, 13, 208, 1, 13, 36, 1848 }, // U+2264
    { 11, 13, 208, 1, 13, 36, 1884 }, // U+2265
    { 18, 9, 333, 1, 12, 41, 1920 }, // U+226A
    { 17, 9, 333, 2, 12, 39, 1961 }, // U+226B
    { 15, 12, 333, 3, 13, 45, 2000 }, // U+2283
    { 15, 18, 333, 3, 16, 68, 2045 }, // U+2284
    { 15, 18, 333, 3, 16, 68, 2113 }, // U+2285
    { 15, 15, 333, 3, 15, 57, 2181 }, // U+2286
    { 15, 15, 333, 3, 15, 57, 2238 }, // U+2287
    { 17, 15, 333, 2, 15, 64, 2295 }, // U+2295
    { 17, 15, 333, 2, 15, 64, 2359 }, // U+2296
    { 17, 15, 333, 2, 15, 64, 2423 }, // U+2297
    { 17, 15, 333, 2, 15, 64, 2487 }, // U+2298
    { 13, 15, 333, 4, 15, 49, 2551 }, // U+22A5
    { 5, 4, 208, 4, 8, 5, 2600 }, // U+22C5
    { 19, 4, 333, 1, 8, 19, 2605 }, // U+22EF
    { 19, 16, 258, 0, 16, 76, 0 }, // U+FB00
    { 15, 16, 233, 0, 16, 60, 76 }, // U+FB01
    { 15, 16, 234, 0, 16, 60, 136 }, // U+FB02
    { 22, 16, 347, 0, 16, 88, 196 }, // U+FB03
    { 22, 16, 348, 0, 16, 88, 284 }, // U+FB04
    { 17, 16, 264, 0, 16, 68, 372 }, // U+FB05
    { 19, 16, 309, 1, 16, 76, 440 }, // U+FB06
    { 21, 19, 333, 0, 17, 100, 0 }, // U+FFFD
};

static const EpdUnicodeInterval bookerly_10_boldIntervals[] = {
    { 0x0, 0x0, 0x0 },
    { 0x8, 0x9, 0x1 },
    { 0xD, 0xD, 0x3 },
    { 0x1D, 0x1D, 0x4 },
    { 0x20, 0x7E, 0x5 },
    { 0xA0, 0xFF, 0x64 },
    { 0x100, 0x17F, 0xC4 },
    { 0x1C4, 0x1F5, 0x144 },
    { 0x1F8, 0x21F, 0x176 },
    { 0x300, 0x304, 0x19E },
    { 0x306, 0x30C, 0x1A3 },
    { 0x30F, 0x30F, 0x1AA },
    { 0x311, 0x315, 0x1AB },
    { 0x31B, 0x31B, 0x1B0 },
    { 0x323, 0x329, 0x1B1 },
    { 0x32D, 0x32E, 0x1B8 },
    { 0x330, 0x331, 0x1BA },
    { 0x342, 0x342, 0x1BC },
    { 0x344, 0x345, 0x1BD },
    { 0x2000, 0x2030, 0x1BF },
    { 0x2032, 0x203C, 0x1F0 },
    { 0x203E, 0x203E, 0x1FB },
    { 0x2043, 0x2044, 0x1FC },
    { 0x2047, 0x2049, 0x1FE },
    { 0x2053, 0x2053, 0x201 },
    { 0x2057, 0x2057, 0x202 },
    { 0x205F, 0x2064, 0x203 },
    { 0x2070, 0x2070, 0x209 },
    { 0x2074, 0x2079, 0x20A },
    { 0x207F, 0x2089, 0x210 },
    { 0x20A3, 0x20A4, 0x21B },
    { 0x20A7, 0x20A7, 0x21D },
    { 0x20AC, 0x20AC, 0x21E },
    { 0x2190, 0x2195, 0x21F },
    { 0x21A8, 0x21A8, 0x225 },
    { 0x21B2, 0x21B3, 0x226 },
    { 0x21B5, 0x21B5, 0x228 },
    { 0x21D0, 0x21D4, 0x229 },
    { 0x2200, 0x2200, 0x22E },
    { 0x2202, 0x2203, 0x22F },
    { 0x2205, 0x220D, 0x231 },
    { 0x220F, 0x220F, 0x23A },
    { 0x2211, 0x2212, 0x23B },
    { 0x2215, 0x221A, 0x23D },
    { 0x221D, 0x2220, 0x243 },
    { 0x2223, 0x2223, 0x247 },
    { 0x2225, 0x2225, 0x248 },
    { 0x2227, 0x222B, 0x249 },
    { 0x2234, 0x2237, 0x24E },
    { 0x223C, 0x223C, 0x252 },
    { 0x2245, 0x2245, 0x253 },
    { 0x2248, 0x2248, 0x254 },
    { 0x224D, 0x224D, 0x255 },
    { 0x2260, 0x2261, 0x256 },
    { 0x2264, 0x2265, 0x258 },
    { 0x226A, 0x226B, 0x25A },
    { 0x2283, 0x2287, 0x25C },
    { 0x2295, 0x2298, 0x261 },
    { 0x22A5, 0x22A5, 0x265 },
    { 0x22C5, 0x22C5, 0x266 },
    { 0x22EF, 0x22EF, 0x267 },
    { 0xFB00, 0xFB06, 0x268 },
    { 0xFFFD, 0xFFFD, 0x26F },
};

static const EpdFontGroup bookerly_10_boldGroups[] = {
    { 0, 2400, 4406, 100, 0 },
    { 2400, 2147, 5468, 96, 100 },
    { 4547, 2843, 8913, 128, 196 },
    { 7390, 2704, 7373, 90, 324 },
    { 10094, 236, 278, 33, 414 },
    { 10330, 802, 1499, 74, 447 },
    { 11132, 192, 381, 18, 521 },
    { 11324, 194, 238, 4, 539 },
    { 11518, 343, 644, 15, 543 },
    { 11861, 1365, 2936, 58, 558 },
    { 13226, 257, 560, 7, 616 },
    { 13483, 84, 114, 1, 623 },
};

static const EpdKernClassEntry bookerly_10_boldKernLeftClasses[] = {
    { 0x0022, 1 }, // "
    { 0x0027, 1 }, // '
    { 0x0028, 2 }, // (
    { 0x002A, 3 }, // *
    { 0x002B, 4 }, // +
    { 0x002C, 5 }, // ,
    { 0x002D, 6 }, // -
    { 0x002E, 5 }, // .
    { 0x002F, 7 }, // /
    { 0x0030, 8 }, // 0
    { 0x0031, 9 }, // 1
    { 0x0032, 10 }, // 2
    { 0x0033, 8 }, // 3
    { 0x0034, 11 }, // 4
    { 0x0035, 12 }, // 5
    { 0x0036, 13 }, // 6
    { 0x0037, 14 }, // 7
    { 0x0038, 15 }, // 8
    { 0x0039, 16 }, // 9
    { 0x003A, 17 }, // :
    { 0x003B, 17 }, // ;
    { 0x003C, 4 }, // <
    { 0x003D, 4 }, // =
    { 0x003E, 4 }, // >
    { 0x0040, 18 }, // @
    { 0x0041, 19 }, // A
    { 0x0042, 20 }, // B
    { 0x0043, 21 }, // C
    { 0x0044, 22 }, // D
    { 0x0045, 23 }, // E
    { 0x0046, 24 }, // F
    { 0x0047, 25 }, // G
    { 0x0048, 26 }, // H
    { 0x0049, 26 }, // I
    { 0x004A, 27 }, // J
    { 0x004B, 28 }, // K
    { 0x004C, 29 }, // L
    { 0x004D, 30 }, // M
    { 0x004E, 31 }, // N
    { 0x004F, 22 }, // O
    { 0x0050, 32 }, // P
    { 0x0051, 33 }, // Q
    { 0x0052, 34 }, // R
    { 0x0053, 35 }, // S
    { 0x0054, 36 }, // T
    { 0x0055, 37 }, // U
    { 0x0056, 38 }, // V
    { 0x0057, 38 }, // W
    { 0x0058, 39 }, // X
    { 0x0059, 40 }, // Y
    { 0x005A, 41 }, // Z
    { 0x005B, 42 }, // [
    { 0x005C, 43 }, // <backslash>
    { 0x0061, 44 }, // a
    { 0x0062, 45 }, // b
    { 0x0063, 46 }, // c
    { 0x0064, 47 }, // d
    { 0x0065, 48 }, // e
    { 0x0066, 49 }, // f
    { 0x0067, 50 }, // g
    { 0x0068, 51 }, // h
    { 0x0069, 52 }, // i
    { 0x006A, 53 }, // j
    { 0x006B, 54 }, // k
    { 0x006C, 55 }, // l
    { 0x006D, 51 }, // m
    { 0x006E, 51 }, // n
    { 0x006F, 45 }, // o
    { 0x0070, 45 }, // p
    { 0x0071, 56 }, // q
    { 0x0072, 57 }, // r
    { 0x0073, 58 }, // s
    { 0x0074, 59 }, // t
    { 0x0075, 60 }, // u
    { 0x0076, 61 }, // v
    { 0x0077, 61 }, // w
    { 0x0078, 62 }, // x
    { 0x0079, 61 }, // y
    { 0x007A, 63 }, // z
    { 0x007B, 64 }, // {
    { 0x007E, 4 }, // ~
    { 0x00A1, 65 }, // U+00A1
    { 0x00AB, 66 }, // U+00AB
    { 0x00AD, 6 }, // U+00AD
    { 0x00BB, 67 }, // U+00BB
    { 0x00BF, 68 }, // U+00BF
    { 0x00C0, 19 }, // U+00C0
    { 0x00C1, 19 }, // U+00C1
    { 0x00C2, 19 }, // U+00C2
    { 0x00C3, 19 }, // U+00C3
    { 0x00C4, 19 }, // U+00C4
    { 0x00C5, 19 }, // U+00C5
    { 0x00C6, 23 }, // U+00C6
    { 0x00C7, 21 }, // U+00C7
    { 0x00C8, 23 }, // U+00C8
    { 0x00C9, 23 }, // U+00C9
    { 0x00CA, 23 }, // U+00CA
    { 0x00CB, 23 }, // U+00CB
    { 0x00CC, 26 }, // U+00CC
    { 0x00CD, 26 }, // U+00CD
    { 0x00CE, 26 }, // U+00CE
    { 0x00CF, 26 }, // U+00CF
    { 0x00D0, 22 }, // U+00D0
    { 0x00D1, 31 }, // U+00D1
    { 0x00D2, 22 }, // U+00D2
    { 0x00D3, 22 }, // U+00D3
    { 0x00D4, 22 }, // U+00D4
    { 0x00D5, 22 }, // U+00D5
    { 0x00D6, 22 }, // U+00D6
    { 0x00D7, 4 }, // U+00D7
    { 0x00D8, 69 }, // U+00D8
    { 0x00D9, 37 }, // U+00D9
    { 0x00DA, 37 }, // U+00DA
    { 0x00DB, 37 }, // U+00DB
    { 0x00DC, 37 }, // U+00DC
    { 0x00DD, 40 }, // U+00DD
    { 0x00DE, 70 }, // U+00DE
    { 0x00DF, 71 }, // U+00DF
    { 0x00E0, 44 }, // U+00E0
    { 0x00E1, 44 }, // U+00E1
    { 0x00E2, 44 }, // U+00E2
    { 0x00E3, 44 }, // U+00E3
    { 0x00E4, 44 }, // U+00E4
    { 0x00E5, 44 }, // U+00E5
    { 0x00E6, 48 }, // U+00E6
    { 0x00E7, 46 }, // U+00E7
    { 0x00E8, 48 }, // U+00E8
    { 0x00E9, 48 }, // U+00E9
    { 0x00EA, 48 }, // U+00EA
    { 0x00EB, 48 }, // U+00EB
    { 0x00EC, 52 }, // U+00EC
    { 0x00ED, 52 }, // U+00ED
    { 0x00EE, 72 }, // U+00EE
    { 0x00EF, 72 }, // U+00EF
    { 0x00F0, 45 }, // U+00F0
    { 0x00F1, 51 }, // U+00F1
    { 0x00F2, 45 }, // U+00F2
    { 0x00F3, 45 }, // U+00F3
    { 0x00F4, 45 }, // U+00F4
    { 0x00F5, 45 }, // U+00F5
    { 0x00F6, 45 }, // U+00F6
    { 0x00F7, 4 }, // U+00F7
    { 0x00F8, 45 }, // U+00F8
    { 0x00F9, 60 }, // U+00F9
    { 0x00FA, 60 }, // U+00FA
    { 0x00FB, 60 }, // U+00FB
    { 0x00FC, 60 }, // U+00FC
    { 0x00FD, 61 }, // U+00FD
    { 0x00FE, 45 }, // U+00FE
    { 0x00FF, 61 }, // U+00FF
    { 0x0100, 19 }, // U+0100
    { 0x0101, 44 }, // U+0101
    { 0x0102, 19 }, // U+0102
    { 0x0103, 44 }, // U+0103
    { 0x0104, 73 }, // U+0104
    { 0x0105, 74 }, // U+0105
    { 0x0106, 21 }, // U+0106
    { 0x0107, 46 }, // U+0107
    { 0x0108, 21 }, // U+0108
    { 0x0109, 46 }, // U+0109
    { 0x010A, 21 }, // U+010A
    { 0x010B, 46 }, // U+010B
    { 0x010C, 21 }, // U+010C
    { 0x010D, 46 }, // U+010D
    { 0x010E, 22 }, // U+010E
    { 0x010F, 75 }, // U+010F
    { 0x0110, 22 }, // U+0110
    { 0x0111, 76 }, // U+0111
    { 0x0112, 23 }, // U+0112
    { 0x0113, 48 }, // U+0113
    { 0x0114, 23 }, // U+0114
    { 0x0115, 48 }, // U+0115
    { 0x0116, 23 }, // U+0116
    { 0x0117, 48 }, // U+0117
    { 0x0118, 77 }, // U+0118
    { 0x0119, 78 }, // U+0119
    { 0x011A, 23 }, // U+011A
    { 0x011B, 48 }, // U+011B
    { 0x011C, 25 }, // U+011C
    { 0x011D, 50 }, // U+011D
    { 0x011E, 25 }, // U+011E
    { 0x011F, 50 }, // U+011F
    { 0x0120, 25 }, // U+0120
    { 0x0121, 50 }, // U+0121
    { 0x0122, 25 }, // U+0122
    { 0x0123, 50 }, // U+0123
    { 0x0124, 26 }, // U+0124
    { 0x0125, 51 }, // U+0125
    { 0x0126, 26 }, // U+0126
    { 0x0127, 51 }, // U+0127
    { 0x0128, 26 }, // U+0128
    { 0x0129, 72 }, // U+0129
    { 0x012A, 26 }, // U+012A
    { 0x012B, 72 }, // U+012B
    { 0x012C, 26 }, // U+012C
    { 0x012D, 72 }, // U+012D
    { 0x012E, 26 }, // U+012E
    { 0x012F, 79 }, // U+012F
    { 0x0130, 26 }, // U+0130
    { 0x0131, 52 }, // U+0131
    { 0x0132, 27 }, // U+0132
    { 0x0133, 53 }, // U+0133
    { 0x0134, 27 }, // U+0134
    { 0x0135, 80 }, // U+0135
    { 0x0136, 28 }, // U+0136
    { 0x0137, 54 }, // U+0137
    { 0x0138, 54 }, // U+0138
    { 0x0139, 29 }, // U+0139
    { 0x013A, 55 }, // U+013A
    { 0x013B, 29 }, // U+013B
    { 0x013C, 55 }, // U+013C
    { 0x013E, 75 }, // U+013E
    { 0x0141, 29 }, // U+0141
    { 0x0142, 81 }, // U+0142
    { 0x0143, 31 }, // U+0143
    { 0x0144, 51 }, // U+0144
    { 0x0145, 31 }, // U+0145
    { 0x0146, 51 }, // U+0146
    { 0x0147, 31 }, // U+0147
    { 0x0148, 51 }, // U+0148
    { 0x0149, 51 }, // U+0149
    { 0x014A, 31 }, // U+014A
    { 0x014B, 51 }, // U+014B
    { 0x014C, 22 }, // U+014C
    { 0x014D, 45 }, // U+014D
    { 0x014E, 22 }, // U+014E
    { 0x014F, 45 }, // U+014F
    { 0x0150, 22 }, // U+0150
    { 0x0151, 45 }, // U+0151
    { 0x0152, 23 }, // U+0152
    { 0x0153, 48 }, // U+0153
    { 0x0154, 34 }, // U+0154
    { 0x0155, 57 }, // U+0155
    { 0x0156, 34 }, // U+0156
    { 0x0157, 57 }, // U+0157
    { 0x0158, 34 }, // U+0158
    { 0x0159, 57 }, // U+0159
    { 0x015A, 35 }, // U+015A
    { 0x015B, 58 }, // U+015B
    { 0x015C, 35 }, // U+015C
    { 0x015D, 58 }, // U+015D
    { 0x015E, 35 }, // U+015E
    { 0x015F, 58 }, // U+015F
    { 0x0160, 35 }, // U+0160
    { 0x0161, 58 }, // U+0161
    { 0x0162, 36 }, // U+0162
    { 0x0163, 82 }, // U+0163
    { 0x0164, 36 }, // U+0164
    { 0x0165, 83 }, // U+0165
    { 0x0166, 36 }, // U+0166
    { 0x0167, 59 }, // U+0167
    { 0x0168, 37 }, // U+0168
    { 0x0169, 60 }, // U+0169
    { 0x016A, 37 }, // U+016A
    { 0x016B, 60 }, // U+016B
    { 0x016C, 37 }, // U+016C
    { 0x016D, 60 }, // U+016D
    { 0x016E, 37 }, // U+016E
    { 0x016F, 60 }, // U+016F
    { 0x0170, 37 }, // U+0170
    { 0x0171, 60 }, // U+0171
    { 0x0172, 37 }, // U+0172
    { 0x0173, 84 }, // U+0173
    { 0x0174, 38 }, // U+0174
    { 0x0175, 61 }, // U+0175
    { 0x0176, 40 }, // U+0176
    { 0x0177, 61 }, // U+0177
    { 0x0178, 40 }, // U+0178
    { 0x0179, 41 }, // U+0179
    { 0x017A, 63 }, // U+017A
    { 0x017B, 41 }, // U+017B
    { 0x017C, 63 }, // U+017C
    { 0x017D, 41 }, // U+017D
    { 0x017E, 63 }, // U+017E
    { 0x01C4, 41 }, // U+01C4
    { 0x01C5, 63 }, // U+01C5
    { 0x01C6, 63 }, // U+01C6
    { 0x01C7, 27 }, // U+01C7
    { 0x01C8, 53 }, // U+01C8
    { 0x01C9, 53 }, // U+01C9
    { 0x01CA, 27 }, // U+01CA
    { 0x01CB, 53 }, // U+01CB
    { 0x01CC, 53 }, // U+01CC
    { 0x01CD, 19 }, // U+01CD
    { 0x01CE, 44 }, // U+01CE
    { 0x01CF, 26 }, // U+01CF
    { 0x01D0, 72 }, // U+01D0
    { 0x01D1, 22 }, // U+01D1
    { 0x01D2, 45 }, // U+01D2
    { 0x01D3, 37 }, // U+01D3
    { 0x01D4, 60 }, // U+01D4
    { 0x01D5, 37 }, // U+01D5
    { 0x01D6, 60 }, // U+01D6
    { 0x01D7, 37 }, // U+01D7
    { 0x01D8, 60 }, // U+01D8
    { 0x01D9, 37 }, // U+01D9
    { 0x01DA, 60 }, // U+01DA
    { 0x01DB, 37 }, // U+01DB
    { 0x01DC, 60 }, // U+01DC
    { 0x01DD, 45 }, // U+01DD
    { 0x01DE, 19 }, // U+01DE
    { 0x01DF, 44 }, // U+01DF
    { 0x01E0, 19 }, // U+01E0
    { 0x01E1, 44 }, // U+01E1
    { 0x01E2, 23 }, // U+01E2
    { 0x01E3, 48 }, // U+01E3
    { 0x01E4, 25 }, // U+01E4
    { 0x01E5, 85 }, // U+01E5
    { 0x01E6, 25 }, // U+01E6
    { 0x01E7, 50 }, // U+01E7
    { 0x01E8, 28 }, // U+01E8
    { 0x01E9, 54 }, // U+01E9
    { 0x01EA, 22 }, // U+01EA
    { 0x01EB, 45 }, // U+01EB
    { 0x01EC, 22 }, // U+01EC
    { 0x01ED, 45 }, // U+01ED
    { 0x01EF, 86 }, // U+01EF
    { 0x01F0, 80 }, // U+01F0
    { 0x01F1, 41 }, // U+01F1
    { 0x01F2, 63 }, // U+01F2
    { 0x01F3, 63 }, // U+01F3
    { 0x01F4, 25 }, // U+01F4
    { 0x01F5, 50 }, // U+01F5
    { 0x01F8, 31 }, // U+01F8
    { 0x01F9, 51 }, // U+01F9
    { 0x01FA, 19 }, // U+01FA
    { 0x01FB, 44 }, // U+01FB
    { 0x01FC, 23 }, // U+01FC
    { 0x01FD, 48 }, // U+01FD
    { 0x01FE, 69 }, // U+01FE
    { 0x01FF, 45 }, // U+01FF
    { 0x0200, 19 }, // U+0200
    { 0x0201, 44 }, // U+0201
    { 0x0202, 19 }, // U+0202
    { 0x0203, 44 }, // U+0203
    { 0x0204, 23 }, // U+0204
    { 0x0205, 48 }, // U+0205
    { 0x0206, 23 }, // U+0206
    { 0x0207, 48 }, // U+0207
    { 0x0208, 26 }, // U+0208
    { 0x0209, 72 }, // U+0209
    { 0x020A, 26 }, // U+020A
    { 0x020B, 72 }, // U+020B
    { 0x020C, 22 }, // U+020C
    { 0x020D, 45 }, // U+020D
    { 0x020E, 22 }, // U+020E
    { 0x020F, 45 }, // U+020F
    { 0x0210, 34 }, // U+0210
    { 0x0211, 57 }, // U+0211
    { 0x0212, 34 }, // U+0212
    { 0x0213, 57 }, // U+0213
    { 0x0214, 37 }, // U+0214
    { 0x0215, 60 }, // U+0215
    { 0x0216, 37 }, // U+0216
    { 0x0217, 60 }, // U+0217
    { 0x0218, 35 }, // U+0218
    { 0x0219, 58 }, // U+0219
    { 0x021A, 36 }, // U+021A
    { 0x021B, 59 }, // U+021B
    { 0x021C, 20 }, // U+021C
    { 0x021D, 87 }, // U+021D
    { 0x021E, 26 }, // U+021E
    { 0x021F, 51 }, // U+021F
    { 0x2010, 6 }, // U+2010
    { 0x2011, 6 }, // U+2011
    { 0x2013, 6 }, // U+2013
    { 0x2014, 6 }, // U+2014
    { 0x2015, 6 }, // U+2015
    { 0x2018, 88 }, // U+2018
    { 0x2019, 89 }, // U+2019
    { 0x201A, 90 }, // U+201A
    { 0x201B, 88 }, // U+201B
    { 0x201C, 88 }, // U+201C
    { 0x201D, 89 }, // U+201D
    { 0x201E, 5 }, // U+201E
    { 0x201F, 88 }, // U+201F
    { 0x2025, 5 }, // U+2025
    { 0x2026, 5 }, // U+2026
    { 0x2039, 66 }, // U+2039
    { 0x203A, 67 }, // U+203A
    { 0x2212, 4 }, // U+2212
    { 0x2217, 4 }, // U+2217
    { 0x2248, 4 }, // U+2248
    { 0x2260, 4 }, // U+2260
    { 0xFB00, 49 }, // U+FB00
    { 0xFB01, 52 }, // U+FB01
    { 0xFB02, 55 }, // U+FB02
    { 0xFB03, 52 }, // U+FB03
    { 0xFB04, 55 }, // U+FB04
    { 0xFB05, 59 }, // U+FB05
    { 0xFB06, 59 }, // U+FB06
};

static const EpdKernClassEntry bookerly_10_boldKernRightClasses[] = {
    { 0x0022, 1 }, // "
    { 0x0027, 1 }, // '
    { 0x0029, 2 }, // )
    { 0x002A, 3 }, // *
    { 0x002B, 4 }, // +
    { 0x002C, 5 }, // ,
    { 0x002D, 6 }, // -
    { 0x002E, 7 }, // .
    { 0x002F, 8 }, // /
    { 0x0030, 9 }, // 0
    { 0x0031, 10 }, // 1
    { 0x0032, 11 }, // 2
    { 0x0033, 10 }, // 3
    { 0x0034, 12 }, // 4
    { 0x0035, 13 }, // 5
    { 0x0036, 14 }, // 6
    { 0x0037, 15 }, // 7
    { 0x0038, 16 }, // 8
    { 0x003A, 17 }, // :
    { 0x003B, 18 }, // ;
    { 0x003C, 4 }, // <
    { 0x003D, 4 }, // =
    { 0x003E, 4 }, // >
    { 0x003F, 19 }, // ?
    { 0x0041, 20 }, // A
    { 0x0042, 21 }, // B
    { 0x0043, 22 }, // C
    { 0x0044, 21 }, // D
    { 0x0045, 21 }, // E
    { 0x0046, 21 }, // F
    { 0x0047, 22 }, // G
    { 0x0048, 21 }, // H
    { 0x0049, 21 }, // I
    { 0x004A, 23 }, // J
    { 0x004B, 21 }, // K
    { 0x004C, 21 }, // L
    { 0x004D, 24 }, // M
    { 0x004E, 21 }, // N
    { 0x004F, 22 }, // O
    { 0x0050, 21 }, // P
    { 0x0051, 22 }, // Q
    { 0x0052, 21 }, // R
    { 0x0053, 25 }, // S
    { 0x0054, 26 }, // T
    { 0x0055, 27 }, // U
    { 0x0056, 28 }, // V
    { 0x0057, 28 }, // W
    { 0x0058, 29 }, // X
    { 0x0059, 30 }, // Y
    { 0x005A, 31 }, // Z
    { 0x005C, 32 }, // <backslash>
    { 0x005D, 33 }, // ]
    { 0x0061, 34 }, // a
    { 0x0062, 35 }, // b
    { 0x0063, 36 }, // c
    { 0x0064, 36 }, // d
    { 0x0065, 36 }, // e
    { 0x0066, 37 }, // f
    { 0x0067, 38 }, // g
    { 0x0068, 39 }, // h
    { 0x0069, 40 }, // i
    { 0x006A, 41 }, // j
    { 0x006B, 39 }, // k
    { 0x006C, 39 }, // l
    { 0x006D, 42 }, // m
    { 0x006E, 42 }, // n
    { 0x006F, 36 }, // o
    { 0x0070, 43 }, // p
    { 0x0071, 36 }, // q
    { 0x0072, 42 }, // r
    { 0x0073, 44 }, // s
    { 0x0074, 45 }, // t
    { 0x0075, 46 }, // u
    { 0x0076, 47 }, // v
    { 0x0077, 47 }, // w
    { 0x0078, 48 }, // x
    { 0x0079, 49 }, // y
    { 0x007A, 50 }, // z
    { 0x007D, 51 }, // }
    { 0x007E, 4 }, // ~
    { 0x00AB, 52 }, // U+00AB
    { 0x00AD, 6 }, // U+00AD
    { 0x00B0, 53 }, // U+00B0
    { 0x00BB, 54 }, // U+00BB
    { 0x00BF, 55 }, // U+00BF
    { 0x00C0, 20 }, // U+00C0
    { 0x00C1, 20 }, // U+00C1
    { 0x00C2, 20 }, // U+00C2
    { 0x00C3, 20 }, // U+00C3
    { 0x00C4, 20 }, // U+00C4
    { 0x00C5, 20 }, // U+00C5
    { 0x00C6, 56 }, // U+00C6
    { 0x00C7, 22 }, // U+00C7
    { 0x00C8, 21 }, // U+00C8
    { 0x00C9, 21 }, // U+00C9
    { 0x00CA, 21 }, // U+00CA
    { 0x00CB, 21 }, // U+00CB
    { 0x00CC, 21 }, // U+00CC
    { 0x00CD, 21 }, // U+00CD
    { 0x00CE, 21 }, // U+00CE
    { 0x00CF, 21 }, // U+00CF
    { 0x00D0, 21 }, // U+00D0
    { 0x00D1, 21 }, // U+00D1
    { 0x00D2, 22 }, // U+00D2
    { 0x00D3, 22 }, // U+00D3
    { 0x00D4, 22 }, // U+00D4
    { 0x00D5, 22 }, // U+00D5
    { 0x00D6, 22 }, // U+00D6
    { 0x00D7, 4 }, // U+00D7
    { 0x00D8, 57 }, // U+00D8
    { 0x00D9, 27 }, // U+00D9
    { 0x00DA, 27 }, // U+00DA
    { 0x00DB, 27 }, // U+00DB
    { 0x00DC, 27 }, // U+00DC
    { 0x00DD, 30 }, // U+00DD
    { 0x00DE, 21 }, // U+00DE
    { 0x00DF, 58 }, // U+00DF
    { 0x00E0, 34 }, // U+00E0
    { 0x00E1, 34 }, // U+00E1
    { 0x00E2, 34 }, // U+00E2
    { 0x00E3, 59 }, // U+00E3
    { 0x00E4, 60 }, // U+00E4
    { 0x00E5, 34 }, // U+00E5
    { 0x00E6, 34 }, // U+00E6
    { 0x00E7, 36 }, // U+00E7
    { 0x00E8, 36 }, // U+00E8
    { 0x00E9, 36 }, // U+00E9
    { 0x00EA, 36 }, // U+00EA
    { 0x00EB, 61 }, // U+00EB
    { 0x00EC, 62 }, // U+00EC
    { 0x00ED, 40 }, // U+00ED
    { 0x00EE, 63 }, // U+00EE
    { 0x00EF, 64 }, // U+00EF
    { 0x00F0, 36 }, // U+00F0
    { 0x00F1, 42 }, // U+00F1
    { 0x00F2, 36 }, // U+00F2
    { 0x00F3, 36 }, // U+00F3
    { 0x00F4, 36 }, // U+00F4
    { 0x00F5, 36 }, // U+00F5
    { 0x00F6, 65 }, // U+00F6
    { 0x00F7, 4 }, // U+00F7
    { 0x00F8, 66 }, // U+00F8
    { 0x00F9, 46 }, // U+00F9
    { 0x00FA, 46 }, // U+00FA
    { 0x00FB, 46 }, // U+00FB
    { 0x00FC, 46 }, // U+00FC
    { 0x00FD, 49 }, // U+00FD
    { 0x00FE, 67 }, // U+00FE
    { 0x00FF, 49 }, // U+00FF
    { 0x0100, 20 }, // U+0100
    { 0x0101, 68 }, // U+0101
    { 0x0102, 20 }, // U+0102
    { 0x0103, 69 }, // U+0103
    { 0x0104, 20 }, // U+0104
    { 0x0105, 34 }, // U+0105
    { 0x0106, 22 }, // U+0106
    { 0x0107, 36 }, // U+0107
    { 0x0108, 22 }, // U+0108
    { 0x0109, 70 }, // U+0109
    { 0x010A, 22 }, // U+010A
    { 0x010B, 36 }, // U+010B
    { 0x010C, 22 }, // U+010C
    { 0x010D, 71 }, // U+010D
    { 0x010E, 21 }, // U+010E
    { 0x010F, 36 }, // U+010F
    { 0x0110, 21 }, // U+0110
    { 0x0111, 36 }, // U+0111
    { 0x0112, 21 }, // U+0112
    { 0x0113, 72 }, // U+0113
    { 0x0114, 21 }, // U+0114
    { 0x0115, 70 }, // U+0115
    { 0x0116, 21 }, // U+0116
    { 0x0117, 36 }, // U+0117
    { 0x0118, 21 }, // U+0118
    { 0x0119, 36 }, // U+0119
    { 0x011A, 21 }, // U+011A
    { 0x011B, 70 }, // U+011B
    { 0x011C, 22 }, // U+011C
    { 0x011D, 38 }, // U+011D
    { 0x011E, 22 }, // U+011E
    { 0x011F, 73 }, // U+011F
    { 0x0120, 22 }, // U+0120
    { 0x0121, 38 }, // U+0121
    { 0x0122, 22 }, // U+0122
    { 0x0123, 38 }, // U+0123
    { 0x0124, 21 }, // U+0124
    { 0x0125, 39 }, // U+0125
    { 0x0126, 21 }, // U+0126
    { 0x0127, 74 }, // U+0127
    { 0x0128, 21 }, // U+0128
    { 0x0129, 64 }, // U+0129
    { 0x012A, 21 }, // U+012A
    { 0x012B, 64 }, // U+012B
    { 0x012C, 21 }, // U+012C
    { 0x012D, 64 }, // U+012D
    { 0x012E, 21 }, // U+012E
    { 0x012F, 40 }, // U+012F
    { 0x0130, 21 }, // U+0130
    { 0x0131, 40 }, // U+0131
    { 0x0132, 21 }, // U+0132
    { 0x0133, 40 }, // U+0133
    { 0x0134, 23 }, // U+0134
    { 0x0135, 75 }, // U+0135
    { 0x0136, 21 }, // U+0136
    { 0x0137, 39 }, // U+0137
    { 0x0138, 42 }, // U+0138
    { 0x0139, 21 }, // U+0139
    { 0x013A, 39 }, // U+013A
    { 0x013B, 21 }, // U+013B
    { 0x013C, 39 }, // U+013C
    { 0x013D, 21 }, // U+013D
    { 0x013E, 39 }, // U+013E
    { 0x013F, 21 }, // U+013F
    { 0x0140, 39 }, // U+0140
    { 0x0141, 21 }, // U+0141
    { 0x0142, 76 }, // U+0142
    { 0x0143, 21 }, // U+0143
    { 0x0144, 42 }, // U+0144
    { 0x0145, 21 }, // U+0145
    { 0x0146, 42 }, // U+0146
    { 0x0147, 21 }, // U+0147
    { 0x0148, 42 }, // U+0148
    { 0x0149, 42 }, // U+0149
    { 0x014A, 21 }, // U+014A
    { 0x014B, 42 }, // U+014B
    { 0x014C, 22 }, // U+014C
    { 0x014D, 36 }, // U+014D
    { 0x014E, 22 }, // U+014E
    { 0x014F, 71 }, // U+014F
    { 0x0150, 22 }, // U+0150
    { 0x0151, 36 }, // U+0151
    { 0x0152, 22 }, // U+0152
    { 0x0153, 36 }, // U+0153
    { 0x0154, 21 }, // U+0154
    { 0x0155, 42 }, // U+0155
    { 0x0156, 21 }, // U+0156
    { 0x0157, 42 }, // U+0157
    { 0x0158, 21 }, // U+0158
    { 0x0159, 77 }, // U+0159
    { 0x015A, 25 }, // U+015A
    { 0x015B, 44 }, // U+015B
    { 0x015C, 25 }, // U+015C
    { 0x015D, 78 }, // U+015D
    { 0x015E, 25 }, // U+015E
    { 0x015F, 44 }, // U+015F
    { 0x0160, 25 }, // U+0160
    { 0x0161, 79 }, // U+0161
    { 0x0162, 26 }, // U+0162
    { 0x0163, 45 }, // U+0163
    { 0x0164, 26 }, // U+0164
    { 0x0165, 45 }, // U+0165
    { 0x0166, 26 }, // U+0166
    { 0x0167, 45 }, // U+0167
    { 0x0168, 27 }, // U+0168
    { 0x0169, 46 }, // U+0169
    { 0x016A, 27 }, // U+016A
    { 0x016B, 46 }, // U+016B
    { 0x016C, 27 }, // U+016C
    { 0x016D, 46 }, // U+016D
    { 0x016E, 27 }, // U+016E
    { 0x016F, 46 }, // U+016F
    { 0x0170, 27 }, // U+0170
    { 0x0171, 46 }, // U+0171
    { 0x0172, 27 }, // U+0172
    { 0x0173, 46 }, // U+0173
    { 0x0174, 28 }, // U+0174
    { 0x0175, 47 }, // U+0175
    { 0x0176, 30 }, // U+0176
    { 0x0177, 49 }, // U+0177
    { 0x0178, 30 }, // U+0178
    { 0x0179, 31 }, // U+0179
    { 0x017A, 50 }, // U+017A
    { 0x017B, 31 }, // U+017B
    { 0x017C, 50 }, // U+017C
    { 0x017D, 31 }, // U+017D
    { 0x017E, 80 }, // U+017E
    { 0x017F, 58 }, // U+017F
    { 0x01C4, 21 }, // U+01C4
    { 0x01C5, 21 }, // U+01C5
    { 0x01C6, 36 }, // U+01C6
    { 0x01C7, 21 }, // U+01C7
    { 0x01C8, 21 }, // U+01C8
    { 0x01C9, 39 }, // U+01C9
    { 0x01CA, 21 }, // U+01CA
    { 0x01CB, 21 }, // U+01CB
    { 0x01CC, 42 }, // U+01CC
    { 0x01CD, 20 }, // U+01CD
    { 0x01CE, 34 }, // U+01CE
    { 0x01CF, 21 }, // U+01CF
    { 0x01D0, 64 }, // U+01D0
    { 0x01D1, 22 }, // U+01D1
    { 0x01D2, 36 }, // U+01D2
    { 0x01D3, 27 }, // U+01D3
    { 0x01D4, 46 }, // U+01D4
    { 0x01D5, 27 }, // U+01D5
    { 0x01D6, 46 }, // U+01D6
    { 0x01D7, 27 }, // U+01D7
    { 0x01D8, 46 }, // U+01D8
    { 0x01D9, 27 }, // U+01D9
    { 0x01DA, 46 }, // U+01DA
    { 0x01DB, 27 }, // U+01DB
    { 0x01DC, 46 }, // U+01DC
    { 0x01DD, 81 }, // U+01DD
    { 0x01DE, 20 }, // U+01DE
    { 0x01DF, 34 }, // U+01DF
    { 0x01E0, 20 }, // U+01E0
    { 0x01E1, 34 }, // U+01E1
    { 0x01E2, 56 }, // U+01E2
    { 0x01E3, 34 }, // U+01E3
    { 0x01E4, 22 }, // U+01E4
    { 0x01E5, 82 }, // U+01E5
    { 0x01E6, 22 }, // U+01E6
    { 0x01E7, 38 }, // U+01E7
    { 0x01E8, 21 }, // U+01E8
    { 0x01E9, 39 }, // U+01E9
    { 0x01EA, 22 }, // U+01EA
    { 0x01EB, 36 }, // U+01EB
    { 0x01EC, 22 }, // U+01EC
    { 0x01ED, 36 }, // U+01ED
    { 0x01EE, 83 }, // U+01EE
    { 0x01EF, 84 }, // U+01EF
    { 0x01F0, 75 }, // U+01F0
    { 0x01F1, 21 }, // U+01F1
    { 0x01F2, 21 }, // U+01F2
    { 0x01F3, 36 }, // U+01F3
    { 0x01F4, 22 }, // U+01F4
    { 0x01F5, 38 }, // U+01F5
    { 0x01F8, 21 }, // U+01F8
    { 0x01F9, 42 }, // U+01F9
    { 0x01FA, 20 }, // U+01FA
    { 0x01FB, 34 }, // U+01FB
    { 0x01FC, 56 }, // U+01FC
    { 0x01FD, 34 }, // U+01FD
    { 0x01FE, 57 }, // U+01FE
    { 0x01FF, 36 }, // U+01FF
    { 0x0200, 20 }, // U+0200
    { 0x0201, 34 }, // U+0201
    { 0x0202, 20 }, // U+0202
    { 0x0203, 34 }, // U+0203
    { 0x0204, 21 }, // U+0204
    { 0x0205, 36 }, // U+0205
    { 0x0206, 21 }, // U+0206
    { 0x0207, 36 }, // U+0207
    { 0x0208, 21 }, // U+0208
    { 0x0209, 64 }, // U+0209
    { 0x020A, 21 }, // U+020A
    { 0x020B, 64 }, // U+020B
    { 0x020C, 22 }, // U+020C
    { 0x020D, 36 }, // U+020D
    { 0x020E, 22 }, // U+020E
    { 0x020F, 36 }, // U+020F
    { 0x0210, 21 }, // U+0210
    { 0x0211, 42 }, // U+0211
    { 0x0212, 21 }, // U+0212
    { 0x0213, 42 }, // U+0213
    { 0x0214, 27 }, // U+0214
    { 0x0215, 46 }, // U+0215
    { 0x0216, 27 }, // U+0216
    { 0x0217, 46 }, // U+0217
    { 0x0218, 25 }, // U+0218
    { 0x0219, 44 }, // U+0219
    { 0x021A, 26 }, // U+021A
    { 0x021B, 45 }, // U+021B
    { 0x021C, 85 }, // U+021C
    { 0x021D, 86 }, // U+021D
    { 0x021E, 21 }, // U+021E
    { 0x021F, 39 }, // U+021F
    { 0x2010, 6 }, // U+2010
    { 0x2011, 6 }, // U+2011
    { 0x2013, 6 }, // U+2013
    { 0x2014, 6 }, // U+2014
    { 0x2015, 6 }, // U+2015
    { 0x2018, 87 }, // U+2018
    { 0x2019, 88 }, // U+2019
    { 0x201A, 7 }, // U+201A
    { 0x201B, 87 }, // U+201B
    { 0x201C, 87 }, // U+201C
    { 0x201D, 88 }, // U+201D
    { 0x201E, 7 }, // U+201E
    { 0x201F, 87 }, // U+201F
    { 0x2025, 7 }, // U+2025
    { 0x2026, 7 }, // U+2026
    { 0x2039, 52 }, // U+2039
    { 0x203A, 54 }, // U+203A
    { 0x2047, 19 }, // U+2047
    { 0x2048, 19 }, // U+2048
    { 0x2212, 4 }, // U+2212
    { 0x2217, 4 }, // U+2217
    { 0x2248, 4 }, // U+2248
    { 0x2260, 4 }, // U+2260
    { 0xFB00, 37 }, // U+FB00
    { 0xFB01, 37 }, // U+FB01
    { 0xFB02, 37 }, // U+FB02
    { 0xFB03, 37 }, // U+FB03
    { 0xFB04, 37 }, // U+FB04
    { 0xFB05, 37 }, // U+FB05
    { 0xFB06, 44 }, // U+FB06
};

static const int8_t bookerly_10_boldKernMatrix[] = {
       0,    0,    0,    0,    0,    0,    0,    0,    0,    0,    0,  -20,    0,  -10,    0,    0,    0,    0,    0,  -17,    0,    0,    0,    0,    0,    0,    0,    0,    0,    0,    0,    0,    0,    0,    0,    0,    0,  -13,    0,    0,    0,    0,    0,    0,   13,    0,    0,    0,    0,    0,    0,    0,    0,    0,    0,    0,    0,    0,    0,    0,    0,    0,    0,    0,    0,    0,    0,    0,    0,    0,    0,    0,  -13,    0,    0,    0,    0,    0,    0,    0,    0,  -13,    0,    0,    0,    0,    0,    0,
       0,    0,    0,    0,    0,    0,    0,    0,    0,    0,    0,    0,    0,    0,    0,    0,    0,    0,    0,    0,    0,  -10,   20,    0,    0,    0,    0,    0,    0,    0,    0,    0,    0,   -7,    0,   -7,    0,    0,    0,    0,   17,    0,    0,    0,    0,    0,   10,    0,   10,    0,    0,    0,    0,    0,    0,    0,  -10,    0,   -7,   -7,   -7,    0,   10,   10,   -7,   -7,    0,   -7,   -7,   -7,   -7,   -7,    0,    0,   17,    0,    0,    0,    0,    0,    0,    0,    0,    0,    0,    0,    0,    0,
       0,    0,    0,    0,    0,    0,    0,    0,    0,    0,    0,    0,    0,    0,    0,    0,    0,    0,    0,  -27,    0,    0,    0,    0,    0,    0,    0,    7,   10,    7,    0,    0,    0,    0,    0,   -7,    0,  -10,    0,    0,    0,    0,    0,    0,    0,    0,    0,    0,    0,    0,    0,    0,    0,    0,    0,  -45,    0,    0,    0,    0,   -7,    0,    0,    0,   -7,   -7,    0,    0,    0,   -7,   -7,   -7,  -10,    0,    0,    0,    0,    0,    0,    0,    0,  -10,    0,    0,    0,    0,    0,    0,
       0,    0,    0,    0,    0,    0,    0,    0,    0,  -10,   -7,  -10,    0,    0,   -7,    0,    0,    0,    0,    0,    0,    0,    0,    0,    0,    0,    0,    0,    0,    0,    0,    0,    0,    0,    0,    0,    0,    0,    0,    0,    0,    0,    0,    0,    0,    0,    0,    0,    0,    0,    0,    0,    0,    0,    0,    0,    0,    0,    0,    0,    0,    0,    0,    0,    0,    0,    0,    0,    0,    0,    0,    0,    0,    0,    0,    0,    0,    0,    0,    0,    0,    0,    0,    0,    0,    0,    0,    0,
       0,    0,    0,    0,    0,    0,    0,    0,   -7,    0,    0,   -7,    0,   -7,  -17,    0,    0,    0,    0,   10,    0,  -13,   10,    0,    0,  -27,  -13,  -43,    0,  -30,    0,    0,    0,    0,    0,   -5,    0,    0,    0,    0,    0,   -3,   -5,    0,  -10,  -13,  -30,    0,  -30,    0,    0,    0,    0,    0,    0,    0,  -13,    0,    0,    0,   -5,    0,    0,    0,   -5,   -5,    0,    0,    0,   -5,   -5,   -5,    0,    0,   -7,    0,   -3,    0,    0,    0,    0,    0,    0,    0,    0,    0,  -27,  -13,
       0,    0,    0,    0,    0,    0,    0,    0,    0,    0,    0,    0,    0,    0,    0,    0,    0,    0,    0,  -10,    0,    0,   -7,    0,    0,   -7,    0,  -17,   -7,  -17,    0,    0,    0,    0,    0,    0,    0,    0,    0,    0,    0,    0,    0,    0,    0,    0,   -5,    0,   -5,    0,    0,    0,    0,    0,    0,  -10,    0,    0,    0,    0,    0,    0,    0,    0,    0,    0,    0,    0,    0,    0,    0,    0,    0,    0,    0,    0,    0,    0,    0,    0,    0,    0,    0,    0,  -10,    0,    0,    0,
       0,    0,    0,    0,    0,    0,    0,    0,  -13,    0,    0,  -30,   -8,  -20,    0,  -10,    0,    0,    0,  -33,    0,  -13,    0,    0,  -10,    0,    0,    0,    0,    0,   -7,    0,    0,  -33,    0,  -30,  -13,  -30,    0,    0,    0,  -17,  -17,  -30,    0,  -10,   -7,  -13,   -7,  -13,    0,    0,    0,    0,    0,  -47,  -13,    0,  -33,  -33,  -30,    0,    7,    7,  -30,  -30,    0,  -33,  -33,  -30,  -30,  -30,  -30,    0,    0,    0,  -17,  -30,  -30,  -13,    0,  -30,    0,  -10,    0,  -23,    0,    0,
       0,    0,    0,    0,   -7,    0,   -7,    0,    0,    0,    0,    0,    0,    0,    0,    0,    0,    0,    0,    0,    0,    0,    0,    0,    0,    0,    0,    0,    0,    0,    0,    0,    0,    0,    0,    0,    0,    0,    0,    0,    0,    0,    0,    0,    0,    0,    0,    0,    0,    0,    0,    0,  -10,    0,    0,    0,    0,    0,    0,    0,    0,    0,    0,    0,    0,    0,    0,    0,    0,    0,    0,    0,    0,    0,    0,    0,    0,    0,    0,    0,    0,    0,    0,    0,    0,    0,    0,    0,
       0,    0,    0,  -10,    0,    0,    0,    0,    0,    0,    0,  -10,    0,    0,  -10,    0,    0,    0,    0,    0,    0,    0,    0,    0,    0,    0,    0,    0,    0,    0,    0,    0,    0,    0,    0,    0,    0,    0,    0,    0,    0,    0,    0,    0,    0,    0,    0,    0,    0,    0,    0,    0,  -27,    0,    0,    0,    0,    0,    0,    0,    0,    0,    0,    0,    0,    0,    0,    0,    0,    0,    0,    0,    0,    0,    0,    0,    0,    0,    0,    0,    0,    0,    0,    0,    0,    0,  -10,    0,
       0,    0,    0,    0,    0,    0,    0,    0,    0,    0,    0,    0,    0,    0,    0,    0,    0,    0,    0,    0,    0,    0,    0,    0,    0,    0,    0,    0,    0,    0,    0,    0,    0,    0,    0,    0,    0,    0,    0,    0,    0,    0,    0,    0,    0,    0,    0,    0,    0,    0,    0,    0,  -10,    0,    0,    0,    0,    0,    0,    0,    0,    0,    0,    0,    0,    0,    0,    0,    0,    0,    0,    0,    0,    0,    0,    0,    0,    0,    0,    0,    0,    0,    0,    0,    0,    0,    0,    0,
       0,    0,    0,    0,    0,    0,    0,    0,    0,    0,    0,    0,    0,    0,   -7,    0,    0,    0,    0,    0,    0,    0,    0,    0,    0,    0,    0,    0,    0,    0,    0,  -10,    0,    0,    0,    0,    0,    0,    0,    0,    0,    0,    0,    0,    0,    0,    0,    0,    0,    0,    0,    0,  -27,    0,    0,    0,    0,    0,    0,    0,    0,    0,    0,    0,    0,    0,    0,    0,    0,    0,    0,    0,    0,    0,    0,    0,    0,    0,    0,    0,    0,    0,    0,    0,    0,    0,   -7,    0,
       0,    0,    0,    0,  -10,    0,  -10,    0,    0,    0,    0,    0,    0,    0,    0,    0,    0,    0,    0,    0,    0,    0,    0,    0,    0,    0,    0,    0,    0,    0,    0,    0,    0,    0,    0,    0,    0,    0,    0,    0,    0,    0,    0,    0,    0,    0,    0,    0,    0,    0,    0,    0,   -7,    0,    0,    0,    0,    0,    0,    0,    0,    0,    0,    0,    0,    0,    0,    0,    0,    0,    0,    0,    0,    0,    0,    0,    0,    0,    0,    0,    0,    0,    0,    0,    0,    0,    0,    0,
       0,    0,    0,    0,    0,    0,    0,    0,    0,    0,    0,    0,    0,    0,    0,    0,    0,    0,    0,    0,    0,    0,    0,    0,    0,    0,    0,    0,    0,    0,    0,    0,    0,    0,    0,    0,    0,    0,    0,    0,    0,    0,    0,    0,    0,    0,    0,    0,    0,    0,    0,    0,  -13,    0,    0,    0,    0,    0,    0,    0,    0,    0,    0,    0,    0,    0,    0,    0,    0,    0,    0,    0,    0,    0,    0,    0,    0,    0,    0,    0,    0,    0,    0,    0,    0,    0,    0,    0,
       0,    0,    0,  -10,  -33,    0,  -33,  -30,   -3,    0,    0,  -23,    0,   -7,    0,    0,   -7,   -7,    0,    0,    0,    0,    0,    0,    0,    0,    0,    0,    0,    0,    0,    0,    0,    0,    0,    0,    0,    0,    0,    0,    0,    0,    0,    0,    0,    0,    0,    0,    0,    0,    0,    0,    0,    0,    0,    0,    0,    0,    0,    0,    0,    0,    0,    0,    0,    0,    0,    0,    0,    0,    0,    0,    0,    0,    0,    0,    0,    0,    0,    0,    0,    0,    0,    0,    0,    0,    0,    0,
       0,    0,    0,    0,    0,    0,    0,    0,    0,    0,    0,   -7,    0,    0,   -3,    0,    0,    0,    0,    0,    0,    0,    0,    0,    0,    0,    0,    0,    0,    0,    0,    0,    0,    0,    0,    0,    0,    0,    0,    0,    0,    0,    0,    0,    0,    0,    0,    0,    0,    0,    0,    0,  -10,    0,    0,    0,    0,    0,    0,    0,    0,    0,    0,    0,    0,    0,    0,    0,    0,    0,    0,    0,    0,    0,    0,    0,    0,    0,    0,    0,    0,    0,    0,    0,    0,    0,    0,    0,
       0,    0,    0,    0,  -17,    0,  -17,  -17,    0,    0,   -3,   -7,  -10,    0,   -7,    0,    0,    0,    0,    0,    0,    0,    0,    0,    0,    0,    0,    0,    0,    0,    0,    0,    0,    0,    0,    0,    0,    0,    0,    0,    0,    0,    0,    0,    0,    0,    0,    0,    0,    0,    0,    0,   -7,    0,    0,    0,    0,    0,    0,    0,    0,    0,    0,    0,    0,    0,    0,    0,    0,    0,    0,    0,    0,    0,    0,    0,    0,    0,    0,    0,    0,    0,    0,    0,    0,    0,    0,    0,
       0,    0,    0,    0,    0,    0,    0,    0,    0,    0,    0,    0,    0,    0,    0,    0,    0,    0,    0,    0,    0,    0,    0,    0,    0,    0,    0,   -5,    0,   -5,    0,    0,    0,    0,    0,    0,    0,    0,    0,    0,    0,    0,    0,    0,    0,    0,    0,    0,    0,    0,    0,    0,    0,    0,    0,    0,    0,    0,    0,    0,    0,    0,    0,    0,    0,    0,    0,    0,    0,    0,    0,    0,    0,    0,    0,    0,    0,    0,    0,    0,    0,    0,    0,    0,    0,    0,    0,    0,
       0,    0,    0,    0,    0,    0,    0,    0,    0,    0,    0,    0,    0,    0,    0,    0,    0,    0,    0,    0,    0,    0,    0,    0,    0,    0,    0,    0,    0,   -7,    0,    0,    0,    0,    0,    0,    0,    0,    0,    0,    0,    0,    0,    0,    0,    0,    0,    0,    0,    0,    0,    0,    0,    0,    0,    0,    0,    0,    0,    0,    0,    0,    0,    0,    0,    0,    0,    0,    0,    0,    0,    0,    0,    0,    0,    0,    0,    0,    0,    0,    0,    0,    0,    0,    0,    0,    0,    0,
     -17,    0,  -30,    0,    0,  -10,    0,    7,    0,    0,    0,    0,    0,    0,    0,    0,    0,    0,  -18,    8,    0,   -5,    0,    0,    0,  -35,  -20,  -38,    3,  -34,    3,  -33,    0,    0,   -5,    0,    0,    0,    0,    0,    0,    0,    0,    0,   -5,   -7,  -28,    7,  -28,    0,    0,  -10,    0,    0,    0,   10,    0,    0,    0,    0,    0,    0,    0,    0,    0,    0,    0,    0,    0,    0,    0,    0,    0,    0,    0,    0,    0,    0,    0,    0,    0,    0,    0,    0,    0,    0,  -37,  -27,
       0,    0,    0,    0,   -7,    0,   -7,    0,    0,    0,    0,    0,    0,    0,    0,    0,    0,    0,    0,  -10,    0,    0,    0,    0,    0,   -5,    0,   -8,   -5,  -10,    0,  -13,    0,    0,    0,    5,    0,    0,    0,    0,    3,    0,    0,    0,    0,    0,    0,    0,    0,    0,    0,    0,    0,    0,    0,   -8,    0,    0,    0,    0,    5,    0,    0,    0,    5,    5,    0,    0,    0,    5,    5,    5,    0,    0,    0,    0,    0,    0,    0,    0,    0,    0,    0,    0,   -7,    0,    0,    0,
       0,    0,    0,    0,    0,   -7,    0,    0,    0,    0,    0,    0,    0,    0,    0,    0,    0,    0,    0,    0,    0,   -8,    0,    0,    0,    0,    0,    0,    0,    0,    0,    0,    0,   -5,    0,   -5,    0,   -5,    0,    0,    0,    0,    0,   -5,    0,   -4,   -4,    0,   -4,    0,    0,    0,    0,    0,    0,    0,   -8,    0,   -5,   -5,   -5,    0,    0,    0,   -5,   -5,    0,   -5,   -5,   -5,   -5,   -5,   -5,    0,    0,    0,    0,   -5,   -5,    0,    0,   -5,    0,    0,    0,    0,    0,    0,
       0,  -10,    0,    0,  -17,    0,  -17,  -13,    0,    0,    0,    0,    0,    0,    0,    0,    0,    0,    0,   -9,   -5,    0,   -7,   -3,    0,    0,   -5,   -7,  -12,   -8,   -4,  -10,    0,    0,    0,    0,    0,   -3,    0,    0,    0,    0,    0,    0,   10,    0,    0,    0,    0,    0,    0,    0,    0,    0,    0,  -23,    0,   -7,    0,    0,    0,    0,    0,    0,    0,    0,    0,    0,    0,    0,    0,    0,   -3,    0,    0,    0,    0,    0,    0,    0,    0,   -3,    0,    0,    0,    0,    0,    0,
       0,    0,    0,    0,    0,    0,    0,    0,    0,    0,    0,    0,    0,    0,    0,    0,    0,    0,    0,    0,    0,    0,    0,    0,    0,    0,    0,    0,    0,    0,    0,    0,    0,    0,    0,    0,    0,    0,    0,    0,    0,    0,    0,    0,    0,    0,    0,    0,    0,    0,    0,    0,    0,    0,    0,    0,    0,    0,    0,    0,    0,    0,    0,    0,    0,    0,    0,    0,    0,    0,    0,    0,    0,    0,    0,    0,    0,    0,    0,    0,    0,    0,    0,    0,    0,    0,    0,    7,
       0,    0,   13,    0,  -23,    0,  -23,  -28,    0,    0,    0,    0,    0,    0,    0,    0,    0,    0,    0,  -29,    0,    0,    0,   -7,    0,    0,    0,    0,    0,    0,    0,    0,    0,  -10,    3,   -7,    0,  -13,    3,    0,    0,    0,    0,  -10,    0,    0,    0,    0,    0,   -7,    0,    0,    0,    0,    0,  -38,    0,    0,  -10,  -10,   -7,    0,   13,   13,   -7,   -7,    3,  -10,  -10,   -7,   -7,   -7,  -13,    3,   13,    3,    0,  -10,  -10,   -7,    0,  -13,    0,    0,    0,    0,    7,    7,
       0,    0,    0,    0,    0,    0,    0,    0,    0,    0,    0,    0,    0,    0,    0,    0,    0,    0,    0,    0,    0,    0,    0,    0,    0,   -7,    0,   -7,    0,   -7,    0,    0,    0,    0,    0,    0,    0,   -4,    0,    0,    0,    0,    0,    0,    0,    0,   -3,    0,   -3,    0,    0,    0,    0,    0,    0,   -7,    0,    0,    0,    0,    0,    0,    0,    0,    0,    0,    0,    0,    0,    0,    0,    0,   -4,    0,    0,    0,    0,    0,    0,    0,    0,   -4,    0,    0,    0,    0,    0,    0,
       0,    0,    0,    0,    0,    0,    0,    0,    0,    0,    0,    0,    0,    0,    0,    0,    0,    0,    0,    0,    0,   -5,    0,    0,    0,    0,    0,    0,    0,    0,    0,    0,    0,    0,    0,   -5,    0,    0,    0,    0,    0,    0,    0,    0,    0,   -4,   -3,    0,   -3,    0,    0,   -7,    0,    0,    0,    0,   -5,    0,    0,    0,   -5,    0,    7,    7,   -5,   -5,    0,    0,    0,   -5,   -5,   -5,    0,    0,    0,    0,    0,    0,    0,    0,    0,    0,    0,    0,    0,    0,    0,    0,
       0,    0,    0,    0,  -13,   -7,  -13,  -13,    0,    0,    0,    0,    0,    0,    0,    0,  -10,  -10,    0,  -13,    0,   -5,    0,    0,    0,    0,    0,    0,    0,    0,    0,    0,    0,  -10,    3,   -7,    0,   -7,    3,    0,    5,    0,    0,   -6,    0,   -3,   -5,   -7,   -5,   -5,    0,    0,    0,    0,    0,  -17,   -5,    0,  -10,  -10,   -7,    0,   10,   10,   -7,   -7,    3,  -10,  -10,   -7,   -7,   -7,   -7,    3,    0,    3,    0,   -6,   -6,   -5,    0,   -7,    0,    0,    0,    0,    0,    0,
       0,    0,    0,    0,    0,  -10,    0,    0,    0,    0,    0,    0,    0,    0,    0,    0,    0,    0,    0,    6,    0,  -13,    0,    7,    0,    0,    0,    0,    3,    0,    0,    0,    0,   -5,    3,   -8,    0,    0,    3,    0,    0,    0,   -3,   -4,  -10,  -12,  -20,    3,  -20,    0,    0,    0,    0,    0,    0,    3,  -13,    0,   -5,   -5,   -8,    0,   10,   10,   -8,   -8,    3,   -5,   -5,   -8,   -8,   -8,    0,    3,   10,    3,    0,   -4,   -4,    0,    0,    0,    0,    0,    0,   -7,    0,    0,
       0,    0,  -13,    0,    0,    0,    0,    0,    0,    0,    0,    0,    0,    0,    0,    0,    0,    0,    0,   10,    0,    0,    0,    0,    0,  -18,   -8,  -27,    7,  -27,    0,  -37,    0,    0,    0,    0,    0,    0,    0,    0,    0,    0,    0,    0,    0,    0,  -17,    0,  -17,    0,    0,    0,    0,    0,    0,    0,    0,    0,    0,    0,    0,    0,    0,    0,    0,    0,    0,    0,    0,    0,    0,    0,    0,    0,    0,    0,    0,    0,    0,    0,    0,    0,    0,    0,    0,    0,  -17,  -10,
       0,    0,    0,    0,    0,    0,    0,    0,    0,    0,    0,    0,    0,    0,    0,    0,    0,    0,    0,    0,    0,   -3,    0,    0,    0,   -8,   -5,  -10,   10,   -7,    0,    0,    0,    0,    0,    0,    0,    0,    0,    0,    0,    0,    0,    0,    0,   -3,   -5,    0,   -5,    0,    0,    0,    0,    0,    0,    0,   -3,    0,    0,    0,    0,    0,    7,    7,    0,    0,    0,    0,    0,    0,    0,    0,    0,    0,    7,    0,    0,    0,    0,    0,    0,    0,    0,    0,    0,    0,   -7,    0,
       0,    0,   13,    0,  -12,   -7,  -12,    0,    0,    0,    0,    0,    0,    0,    0,    0,    0,    0,    0,  -10,    0,   -5,    0,    0,    0,    0,    0,    7,    0,    5,    0,    0,    0,   -7,    7,   -5,    0,  -10,    7,    0,    0,    0,    0,   -8,    0,    0,   -5,   -3,   -5,   -3,    0,    0,    0,    0,    0,  -13,   -5,    0,   -7,   -7,   -5,    0,   20,   20,   -5,   -5,    7,   -7,   -7,   -5,   -5,   -5,  -10,    7,   20,    7,    0,   -8,   -8,   -3,    0,  -10,    0,    0,    0,  -10,    0,    0,
       7,    0,   19,    0,  -33,    0,  -33,  -33,    0,    0,    0,    0,    0,    0,    0,    0,    0,    0,    0,  -37,   -3,    0,    0,   -5,    0,    3,    0,    0,   -3,    0,    0,    0,    0,   -5,    0,   -5,    0,   -9,    0,    0,   10,    0,    0,   -6,    7,    7,    8,    0,    8,    0,    0,    0,    0,    0,    0,  -45,    0,    0,   -5,   -5,   -5,    0,    7,    7,   -5,   -5,    0,   -5,   -5,   -5,   -5,   -5,   -9,    0,    7,    0,    0,   -6,   -6,    0,    0,   -9,    0,    0,    0,    0,    7,   10,
       0,    3,    0,    0,   -7,    0,  -17,  -13,    0,    0,    0,    0,    0,    0,    0,    0,    0,   10,    0,   -9,   -5,    0,   23,   -3,    0,    0,   -5,   -7,  -12,   -8,   -4,  -10,   17,    0,    0,    0,    0,    2,    0,    0,   30,    0,    0,    0,   10,    0,    0,    0,   10,    0,   20,    0,    0,    0,    0,  -23,    0,   -7,    0,    0,    0,    0,    0,    0,    0,    0,    0,    0,    0,    0,    0,    0,    2,    0,   30,    0,    0,    0,    0,    0,    0,   13,    0,    7,    0,    0,    0,    0,
       0,    0,  -10,    0,    0,  -10,    0,    0,    0,    0,    0,    0,    0,    0,    0,    0,    0,    0,  -10,   10,    0,  -10,    0,    7,    0,  -20,  -13,  -22,   10,  -25,    0,    0,    0,    0,   -5,    0,    0,    0,    0,    0,    0,    0,    0,    0,   -7,   -7,  -10,    7,  -10,    0,    0,    0,    0,    0,    0,   10,  -10,    0,    0,    0,    0,    0,    0,    0,    0,    0,    0,    0,    0,    0,    0,    0,    0,    0,    0,    0,    0,    0,    0,    0,    0,    0,    0,    0,   -7,    0,  -20,  -13,
       0,    0,    0,    0,   -7,    0,   -7,   -7,    0,    0,    0,    0,    0,    0,    0,    0,    0,    0,    0,   -8,    0,    0,    0,    0,    0,    0,    0,   -5,   -4,   -5,    0,    0,    0,    0,    0,    0,    0,  -13,    0,    0,    0,    0,    0,    0,    0,    0,   -7,   -3,   -7,    0,    0,    0,    0,    0,    0,  -10,    0,    0,    0,    0,    0,    0,    0,    0,    0,    0,    0,    0,    0,    0,    0,    0,  -13,    0,    0,    0,    0,    0,    0,    0,    0,  -13,    0,    0,    0,   -7,    0,    0,
       0,    0,    0,    0,  -33,   -7,  -33,  -42,    0,    0,    0,    0,    0,    0,    0,    0,   -7,   -7,    0,  -40,    0,  -10,    0,   -8,   -5,    0,    0,    0,    0,    0,   -3,    0,    0,  -18,    0,  -20,    0,  -21,    0,    0,    0,    0,    0,  -23,    0,    0,    0,    0,    0,   -7,    0,  -10,    0,   -7,    0,  -33,  -10,    0,  -18,  -18,  -20,    0,   10,   10,  -20,  -20,    0,  -18,  -18,  -20,  -20,  -20,  -21,    0,    0,    0,    0,  -23,  -23,   -7,   -7,  -21,    0,    0,    0,   -7,    7,    7,
       0,    0,    0,    0,  -13,    0,  -13,  -19,    0,    0,    0,    0,    0,    0,    0,    0,    0,    0,    0,  -22,    0,   -5,    0,   -5,   -5,    0,    0,    0,    0,    0,   -5,    0,    0,   -7,    3,   -5,    0,  -13,    3,    0,    0,    0,    0,   -8,    0,    0,   -7,   -8,   -7,   -7,    0,    0,    0,   -7,    0,  -23,   -5,  -10,   -7,   -7,   -5,    0,   12,   12,   -5,   -5,    3,   -7,   -7,   -5,   -5,   -5,  -13,    3,    7,    3,    0,   -8,   -8,   -7,    0,  -13,    0,    0,    0,    0,    0,    0,
       0,    0,   10,    0,  -43,  -17,  -43,  -45,    0,    0,    0,    0,    0,    0,    0,    0,   -7,   -7,    0,  -47,    0,  -17,    0,  -12,  -12,    0,    0,    3,    0,    7,    0,    0,    0,  -25,   10,  -25,   -7,  -28,   10,    0,    0,  -10,   -7,  -23,    0,   -9,  -10,   -8,  -10,  -10,   10,  -13,    0,  -10,    0,  -47,  -17,    0,  -43,  -38,  -25,    0,   20,   20,  -25,  -25,   10,  -38,  -43,  -25,  -25,  -25,  -46,   10,   20,   10,  -10,  -23,  -23,  -10,    0,  -28,    0,    0,    0,  -20,    0,    7,
       0,    0,   10,    0,    0,   -7,    0,    0,    0,    0,    0,    0,    0,    0,    0,    0,    0,    0,    0,    3,    0,  -12,    0,    5,    0,    0,    0,    0,    3,    0,    0,    0,    0,    0,    7,   -3,    0,    0,    7,    0,    0,    0,    0,    0,    0,   -7,  -12,    7,  -12,    0,    0,    0,    0,    0,    0,   10,   -5,    0,    0,    0,   -3,    0,   13,   13,   -3,   -3,    7,    0,    0,   -3,   -3,   -3,    0,    7,   17,    7,    0,    0,    0,    0,    0,    0,    0,    0,    0,    0,    0,    0,
       0,    0,    7,    0,  -30,  -17,  -30,  -35,    0,    0,    0,    0,    0,    0,    0,    0,  -10,  -10,    0,  -37,    0,  -20,    0,   -5,  -15,    0,    0,    3,    0,    7,    0,    0,    0,  -27,    7,  -27,   -5,  -32,    7,    0,    0,  -17,  -13,  -25,   -3,  -11,  -10,  -17,  -10,  -17,    7,  -17,    0,  -13,    0,  -33,  -20,    0,  -27,  -40,  -27,    0,   20,   20,  -27,  -27,    7,  -37,  -37,  -27,  -27,  -27,  -32,    7,   13,    7,  -17,  -25,  -25,  -17,  -13,  -32,    0,   -7,    0,  -13,    0,    7,
       0,    0,    0,    0,    0,    0,    0,    0,    0,    0,    0,    0,    0,    0,    0,    0,    0,    0,    0,    0,    0,    0,    0,    0,    0,    0,    0,    0,    0,    0,    0,    0,    0,    0,    0,    0,    0,    0,    0,    0,    0,    0,    0,    0,    0,    0,   -3,    0,   -3,    0,    0,    0,    0,    0,    0,    0,    0,    0,    0,    0,    0,    0,    7,    7,    0,    0,    0,    0,    0,    0,    0,    0,    0,    0,   10,    0,    0,    0,    0,    0,    0,    0,    0,    0,    0,    0,    0,    0,
       0,    0,    0,    0,    0,    0,    0,    0,    0,    0,    0,    0,    0,    0,    0,    0,    0,    0,    0,    0,    0,    0,   13,    0,    0,    0,    0,    0,    0,    0,    0,    0,    0,    0,    0,    0,    0,    0,    0,    0,   15,    0,    0,    0,    0,    0,    0,    0,   17,    0,    0,    0,    0,    0,    0,    0,    0,    0,    0,    0,    0,    0,   10,   10,    0,    0,    0,    0,    0,    0,    0,    0,    0,    0,   15,    0,    0,    0,    0,    0,    0,    0,    0,    0,    0,    0,    0,    0,
       0,    0,    0,    0,    0,    0,    0,    0,    0,    0,    0,  -10,    0,    0,  -20,    0,    0,    0,    0,    0,    0,  -10,    0,    0,    0,  -27,  -17,  -33,    0,  -27,    0,    0,    0,    0,    0,   -7,    0,    7,    0,    0,    0,    0,    0,    0,   -7,  -10,  -10,    0,  -10,    0,    0,    0,    0,    0,    0,    0,  -10,    0,    0,    0,   -7,    0,    0,    0,   -7,   -7,    0,    0,    0,   -7,   -7,   -7,    7,    0,    0,    0,    0,    0,    0,    0,    0,    7,    0,    0,    0,    0,    0,    0,
       0,    0,  -13,    0,    0,    0,    0,    0,    0,    0,    0,    0,    0,    0,    0,    0,    0,    0,   -8,    0,    0,    0,    0,    0,    0,    0,    0,    0,    0,    0,    0,  -33,    0,    0,   -3,    0,    0,    0,    0,    0,    0,    0,    0,    0,    0,   -5,  -13,    0,  -13,    0,    0,    0,    0,    0,    0,    0,    0,    0,    0,    0,    0,    0,    0,    0,    0,    0,   -4,    0,    0,    0,    0,    0,    0,    0,    0,    0,    0,    0,    0,    0,    0,    0,    0,    0,    0,    0,  -13,  -10,
       0,  -10,   -7,    0,  -10,    0,  -10,  -13,    0,    0,    0,    0,    0,    0,    0,    0,    0,    0,   -5,    0,    0,    0,    0,    0,    0,    0,    0,    0,    0,    0,    0,  -20,    0,    0,   -3,    0,    0,    0,   -3,    0,    0,    0,    0,    0,    3,    0,   -7,   -8,   -7,    0,    0,    0,    0,    0,    0,    0,    0,    0,    0,    0,    0,    0,    0,    0,    0,    0,   -3,    0,    0,    0,    0,    0,    0,   -3,    0,    8,    0,    0,    0,    0,    0,    0,    0,    0,    0,    0,  -13,   -7,
       0,    0,    0,    0,    0,    0,    0,    0,    0,    0,    0,    0,    0,    0,    0,    0,    0,    0,    0,    0,    0,    0,    0,    0,    0,    0,    0,    0,    0,    0,    0,  -20,    0,   -3,    0,    0,    0,   -5,    0,    0,    0,    0,    0,    0,    0,    0,   -3,   -3,   -3,    0,    0,    0,    0,    0,    0,    0,    0,    0,   -3,   -3,    0,    0,    0,    0,    0,    0,    0,   -3,   -3,    0,    0,    0,   -5,    0,    0,    0,    0,    0,    0,    0,    0,   -5,    0,    0,    0,    0,    0,    7,
       0,    0,    0,    0,    0,    0,    0,    0,    0,    0,    0,    0,    0,    0,    0,    0,    0,    0,    0,    0,    0,    0,    0,    0,    0,    0,    0,    0,    0,    0,    0,    0,    0,    0,    0,    0,    0,    0,    0,    0,    0,    0,    0,    0,    0,    0,   -7,    3,   -7,    0,    0,    0,    0,    0,    0,    0,    0,    0,    0,    0,    0,    0,    0,    0,    0,    0,    0,    0,    0,    0,    0,    0,    0,    0,    0,    0,    0,    0,    0,    0,    0,    0,    0,    0,    0,    0,   -7,    0,
       0,    0,    0,    0,    0,    0,    0,    0,    0,    0,    0,    0,    0,    0,    0,    0,    0,    0,   -7,    0,    0,    0,    0,    0,    0,    0,    0,    0,    0,    0,    0,  -13,    0,   -3,    0,    0,    0,    0,    0,    0,    0,    0,    0,    0,    0,    0,   -7,    0,   -7,    0,    0,    0,    0,    0,    0,    0,    0,    0,   -3,   -3,    0,    0,    0,    0,    0,    0,    0,   -3,   -3,    0,    0,    0,    0,    0,    0,   10,    0,    0,    0,    0,    0,    0,    0,    0,    0,    0,   -7,    0,
      34,   33,   33,    0,  -10,    0,  -10,  -10,    0,    0,    0,    0,    0,    0,    0,    0,    0,    0,   20,    0,    0,    0,    0,    0,    0,    0,    0,    0,    0,    0,    0,   33,   28,   -4,    0,   -5,    0,   -6,    0,    7,   17,    0,    0,   -6,    0,    0,    3,    0,    3,    0,   33,    0,    0,    0,    0,    0,    0,    0,    7,   12,    8,   37,   72,   42,   -3,   -5,    0,    6,    2,   -2,   -7,    0,   -1,   35,   33,    0,   10,    1,    3,   15,    0,   -6,    0,    0,    0,    0,   27,   30,
      10,    0,    7,    0,    0,    0,    0,    0,    0,    0,    0,    0,    0,    0,    0,    0,    0,    0,    0,    0,    0,    0,    0,    0,    0,    0,    0,    0,    0,    0,    0,  -10,    0,   -7,    0,   -8,    0,   -3,    0,    0,    6,    0,    5,    0,    8,    0,    3,    0,    3,    0,    0,    0,    0,    0,    0,    0,    0,    0,   -7,   -7,   -8,    0,    0,    0,   -8,   -8,    0,   -7,   -7,   -8,   -8,   -8,   -3,    0,    6,    0,    0,    0,    0,    0,    0,   13,    0,    0,    0,    0,   13,   13,
       0,    0,  -13,    0,    0,    0,    0,    0,    0,    0,    0,    0,    0,    0,    0,    0,    0,    0,   -5,    0,    0,    0,    0,    0,    0,    0,    0,    0,    0,    0,    0,  -30,    0,    0,    0,    0,    0,    0,    0,    0,    0,    0,    0,    0,   -3,   -3,  -19,    0,  -19,    0,    0,    0,    0,    0,    0,    0,    0,    0,    0,    0,    0,    0,    0,    0,    0,    0,    0,    0,    0,    0,    0,    0,    0,    0,    0,    0,    0,    0,    0,    0,    0,    0,    0,   -7,    0,    0,  -17,  -10,
       0,    0,    0,    0,    0,    0,    0,    0,    0,    0,    0,    0,    0,    0,    0,    0,    0,    0,    0,    0,    0,    0,    0,    0,    0,    0,    0,    0,    0,    0,    0,    0,    0,    0,    0,    0,    0,    5,    0,    0,    0,    0,    0,    0,    0,    0,   -7,    0,   -7,    0,    0,    0,    0,    0,    0,    0,    0,    0,    0,    0,    0,    0,    0,    0,    0,    0,    0,    0,    0,    0,    0,    0,    5,    0,    0,    0,    0,    0,    0,    0,    0,    5,    0,    0,    0,    0,   -7,    0,
       0,    0,    0,    0,    0,    0,    0,    0,    0,    0,    0,    0,    0,    0,    0,    0,    0,    0,    0,    0,    0,    0,    0,    0,    0,    0,    0,    0,    0,    0,    0,    0,    0,    0,    0,    0,    0,   -7,    0,    0,    0,    0,    0,    0,    0,    0,   -7,   -3,   -7,    0,    0,    0,    0,    0,    0,    0,    0,    0,    0,    0,    0,    0,    0,    0,    0,    0,    0,    0,    0,    0,    0,    0,   -7,    0,    0,    0,    0,    0,    0,    0,    0,   -7,    0,    0,    0,    0,    0,    0,
       0,    0,    0,    0,    0,    0,    0,    0,    0,    0,    0,    0,    0,    0,    0,    0,    0,    0,   -5,    0,    0,    0,    0,    0,    0,    0,    0,    0,    0,    0,    0,   -7,    0,   -7,   -7,   -8,    0,   -7,    0,    0,    0,    0,    0,   -5,    0,    0,  -10,    3,  -10,    0,    0,    0,    0,    0,    0,    0,    0,    0,   -7,   -7,   -8,    0,    0,    0,   -8,   -5,    0,   -7,   -7,   -8,   -8,   -8,   -7,    0,    0,    0,    0,   -5,   -5,    0,    0,   -7,    0,    0,    0,    0,    0,    0,
       0,    0,    0,    0,    0,    0,    0,    0,    0,    0,    0,    0,    0,    0,    0,    0,    0,    0,  -10,    0,    0,    0,    0,    0,    0,    0,    0,    0,    0,    0,    0,    0,    0,    0,    0,    0,    0,    0,    0,    0,    0,    0,    0,    0,    0,    0,   -6,    0,   -6,    0,    0,    0,    0,    0,    0,    0,    0,    0,    0,    0,    0,    0,    0,    0,    0,    0,    0,    0,    0,    0,    0,    0,    0,    0,    0,    0,    0,    0,    0,    0,    0,    0,    0,    0,    0,    0,  -10,   -7,
       0,    0,    0,    0,    0,    0,    0,    0,    0,    0,    0,    0,    0,    0,    0,    0,    0,    0,   -5,    0,    0,    0,    0,    0,    0,    0,    0,    0,    0,    0,    0,  -17,    0,    0,    0,    0,    0,    0,    0,    0,   23,    0,    4,    0,    0,    0,   -5,    0,   10,    0,    0,    0,    0,    0,    0,    0,    0,    0,    0,    0,    0,    0,    0,    0,    0,    0,    0,    0,    0,    0,    0,    0,    0,    0,   23,    0,    0,    0,    0,    0,    0,    0,    0,    0,    0,    0,  -10,    0,
       0,    0,    7,    0,  -23,   -7,  -23,  -20,    0,    0,    0,    0,    0,    0,    0,    0,    0,    0,   -7,    0,    0,    0,    0,    0,    0,    0,    0,    0,    0,    0,    0,    0,    0,  -12,   -7,   -7,    0,  -10,   -7,    0,    0,    0,    0,   -8,    5,    0,    0,    0,    0,    0,    0,    0,    0,    0,    0,    0,    0,    0,  -12,  -12,   -7,    0,    0,    0,   -7,   -7,   -7,  -12,  -12,   -7,   -7,   -7,  -10,   -7,    0,   -7,    0,   -8,   -8,    0,    0,  -10,    0,    0,    0,    0,   10,   10,
       0,    0,    0,    0,   -5,    0,   -5,   -7,    0,    0,    0,    0,    0,    0,    0,    0,    0,    0,   -5,    0,    0,    0,    0,    0,    0,    0,    0,    0,    0,    0,    0,  -10,    0,   -5,    0,    0,    0,   -5,    0,    0,    0,    0,    0,    0,    0,    0,   -5,   -5,   -5,    0,    0,    0,    0,    0,    0,    0,    0,    0,   -5,   -5,    0,    0,    0,    0,    0,    0,    0,   -5,   -5,    0,    0,    0,   -5,    0,    0,    0,    0,    0,    0,    0,    0,   -5,    0,    0,    0,    0,   -7,    0,
       0,    0,    0,    0,    0,    0,    0,    0,    0,    0,    0,    0,    0,    0,    0,    0,    0,    0,    0,    0,    0,    0,    0,    0,    0,    0,    0,    0,    0,    0,    0,  -10,    0,    0,    0,    0,    0,    0,    0,    0,    7,    0,    0,    0,    0,    0,   -3,    0,   -3,    0,    0,    0,    0,    0,    0,    0,    0,    0,    0,    0,    0,    0,    0,    0,    0,    0,    0,    0,    0,    0,    0,    0,    0,    0,    0,    0,    0,    0,    0,    0,    0,    0,    0,    0,    0,    0,    5,    7,
       0,    0,    0,    0,    0,    0,    0,    0,    0,    0,    0,    0,    0,    0,    0,    0,    0,    0,   -5,    0,    0,    0,    0,    0,    0,    0,    0,    0,    0,    0,    0,  -13,    0,    0,    0,    0,    0,    3,    0,    0,    0,    0,    0,    0,    0,    0,  -12,    7,  -12,    0,    0,    0,    0,    0,    0,    0,    0,    0,    0,    0,    0,    0,    0,    0,    0,    0,    0,    0,    0,    0,    0,    0,    3,    0,    0,    0,    0,    0,    0,    0,    0,    3,    0,    0,    0,    0,   -7,   -5,
       0,    0,   10,    0,  -30,   -5,  -30,  -18,    0,    0,    0,    0,    0,    0,    0,    0,    0,    0,    0,    0,    0,    0,    0,    0,    0,    0,    0,    0,    0,    0,    0,    0,    0,  -10,   -8,  -10,    5,  -15,   -8,    3,    7,    3,    7,  -11,    7,    4,    0,    0,    0,    0,    0,    0,    0,    0,    0,    0,    0,    0,  -10,  -10,  -10,    3,    0,    0,  -10,  -10,   -8,  -10,  -10,  -10,  -10,  -10,  -15,   -8,   13,   -8,    3,  -11,  -11,    0,    0,  -15,    0,    0,    0,    0,   13,   13,
       0,    0,    7,    0,    0,    0,    0,    0,    0,    0,    0,    0,    0,    0,    0,    0,    0,    0,    0,    0,    0,    0,    0,    0,    0,    0,    0,    0,    0,    0,    0,    0,    0,    0,    0,   -8,    0,   -3,    0,    0,    0,    0,    5,   -3,    7,    0,    0,    3,    0,    0,    0,    0,    0,    0,    0,    0,    0,    0,    0,    0,   -8,    0,    0,    0,   -8,   -8,    0,    0,    0,   -8,   -8,   -8,   -3,    0,    0,    0,    0,   -3,   -3,    0,    0,   -3,    0,    0,    0,    0,   10,   13,
       0,    0,    0,    0,    0,    0,    0,    0,    0,    0,    0,    0,    0,    0,    0,    0,    0,    0,    0,    0,    0,    0,    0,    0,    0,    0,    0,    0,    0,    0,    0,  -10,    0,    0,    0,    0,    0,   -3,    0,    0,    0,    0,    0,    0,    0,    0,    0,    0,    0,    0,    0,    0,    0,    0,    0,    0,    0,    0,    0,    0,    0,    0,    0,    0,    0,    0,    0,    0,    0,    0,    0,    0,   -3,    0,    0,    0,    0,    0,    0,    0,    0,   -3,    0,    0,    0,    0,    0,    0,
       0,    0,    0,    0,    0,    0,    0,    0,    0,    0,    0,    0,    0,    0,    0,    0,    0,    0,    0,    0,    0,    0,   23,    0,    0,    0,    0,   10,    0,    7,    0,    0,    0,    0,    0,    0,    0,    0,    0,    0,   18,    0,    0,    0,    0,    0,    7,    0,    7,    0,    0,    0,    0,    0,    0,    0,    0,    0,    0,    0,    0,    0,   10,   10,    0,    0,    0,    0,    0,    0,    0,    0,    0,    0,   18,    0,    0,    0,    0,    0,    0,    7,    0,    0,    0,    0,    0,    0,
       0,    0,    0,    0,    0,    0,    0,    0,    0,    0,    0,    0,    0,    0,    0,    0,    0,    0,    0,    0,    0,    0,   13,    0,    0,    0,    0,  -10,    0,   -7,    0,    0,    0,    0,    0,    0,    0,    0,    0,    0,   13,    0,    0,    0,    0,    0,    0,    0,    0,    0,    0,    0,    0,    0,    0,    0,    0,    0,    0,    0,    0,    0,    0,    0,    0,    0,    0,    0,    0,    0,    0,    0,    0,    0,    0,    0,    0,    0,    0,    0,    0,    0,    0,    0,    0,    0,    0,    0,
       0,    0,    0,    0,    0,    0,    0,    0,    0,    0,    0,    0,    0,    0,    0,    0,    0,    0,    0,    0,    0,    0,    0,    0,    0,   -7,   -7,  -10,    0,  -13,    0,    0,    0,    0,    0,    0,    0,    0,    0,    0,    0,    0,    0,    0,    0,    0,    0,    0,    0,    0,    0,    0,    0,    0,    0,    0,    0,    0,    0,    0,    0,    0,    0,    0,    0,    0,  -10,    0,    0,    0,    0,    0,    0,    0,    0,    0,    0,    0,    0,    0,    0,    0,    0,    0,    0,    0,    0,    0,
       0,    0,    0,    0,   -7,    0,   -7,    0,    0,    0,    0,    0,    0,    0,    0,    0,    0,    0,    0,  -10,   -7,    0,    0,    0,    0,  -10,    0,  -13,    0,  -17,    0,    0,    0,    0,    0,    0,    0,    0,    0,    0,    0,    0,    0,    0,    0,    0,    0,    0,    0,    0,    0,    0,    0,    0,    0,  -17,    0,    0,    0,    0,    0,    0,    0,    0,    0,    0,    0,    0,    0,    0,    0,    0,    0,    0,    0,    0,    0,    0,    0,    0,    0,    0,    0,    0,    0,    0,    0,    0,
       0,    0,    0,    0,    0,    0,    0,    0,    0,    0,    0,    0,    0,    0,    0,    0,    0,    0,    0,    0,   -7,   -8,   10,    0,    0,  -13,  -10,  -23,    0,  -20,    0,    0,    0,  -10,  -10,  -10,   -7,    0,  -10,    0,   10,   -7,    0,  -13,   -7,   -7,  -10,  -10,  -13,  -10,    0,    0,    0,    0,    0,    0,   -8,  -10,  -10,  -10,  -10,    0,    0,    0,  -10,  -10,  -10,  -10,  -10,  -10,  -10,  -10,    0,  -10,    0,  -10,   -7,  -13,  -13,  -10,    0,    0,    0,    0,    0,    0,    0,    0,
       0,  -10,    0,    0,  -17,    0,  -17,  -13,    0,    0,    0,    0,    0,    0,    0,    0,    0,    0,    0,   -9,   -5,    0,   -7,   -3,    0,    0,   -5,   -7,   -8,   -8,   -4,  -10,    0,    0,    0,    0,    0,   -3,    0,    0,    0,    0,    0,    0,   10,    0,    0,    0,    0,    0,    0,    0,    0,    0,    0,  -23,    0,   -7,    0,    0,    0,    0,    0,    0,    0,    0,    0,    0,    0,    0,    0,    0,   -3,    0,    0,    0,    0,    0,    0,    0,    0,   -3,    0,    0,    0,    0,    0,    0,
       0,  -10,    0,    0,  -27,    0,  -27,  -37,    0,    0,    0,    0,    0,    0,    0,    0,    0,    0,   -7,  -27,  -15,    0,  -13,  -17,   -8,  -10,  -12,  -23,  -23,  -25,    0,  -20,  -10,   -5,   -6,    0,    0,  -10,   -6,    0,    0,    0,    0,   -5,    0,    0,    0,   -4,    0,    0,    0,    0,    0,    0,    0,  -37,    0,    0,   -5,   -5,    0,    0,    0,    0,    0,    0,   -6,   -5,   -5,    0,    0,    0,  -10,   -6,    0,   -6,    0,   -5,   -5,    0,    0,  -10,  -13,    0,    0,    0,    0,    0,
       0,    0,   -7,    0,    0,    0,    0,   -7,    0,    0,    0,    0,    0,    0,    0,    0,    0,    0,   -7,    0,    0,    0,    0,    0,    0,    0,    0,    0,    0,    0,    0,  -10,    0,    0,    0,    0,    0,    0,    0,    0,    0,   -7,   -7,    0,    0,   -7,  -13,    0,  -13,    0,    0,    0,    0,    0,    0,    0,    0,    0,    0,    0,    0,    0,    0,    0,    0,    0,    0,    0,    0,    0,    0,    0,    0,    0,    0,    0,   -7,    0,    0,    0,    0,    0,    0,    0,    0,    0,  -13,  -10,
       0,   10,   10,    0,    0,    0,    0,    0,    0,    0,    0,    0,    0,    0,    0,    0,    0,    0,    0,    0,    0,    0,    0,    0,    0,    0,    0,    0,    0,    0,    0,    7,   10,    0,   18,    0,    0,    0,   18,    0,    0,    0,    0,    0,    0,    0,    0,    0,    0,    0,   10,    0,    0,    0,    0,    0,    0,    0,    0,    0,    0,    0,   17,   17,    0,    0,   18,    0,    0,    0,    0,    0,    0,   18,    0,   18,    0,    0,    0,    0,    0,    0,    0,    0,    0,    0,    7,   10,
     -17,    0,  -30,    0,    0,  -10,    0,    7,    0,    0,    0,    0,    0,    0,    0,    0,    0,    0,  -18,    8,    0,   -5,    7,    0,    0,  -35,  -20,  -38,    3,  -34,    3,  -33,    0,    0,   -5,    0,    0,    0,    0,    0,   13,    0,    0,    0,   -5,   -7,  -28,    7,  -28,    0,    0,  -10,    0,    0,    0,   10,    0,    0,    0,    0,    0,    0,    0,    0,    0,    0,    0,    0,    0,    0,    0,    0,    0,    0,   13,    0,    0,    0,    0,    0,    0,    0,    0,    0,    0,    0,  -37,  -27,
       0,    0,  -13,    0,    0,    0,    0,    0,    0,    0,    0,    0,    0,    0,    0,    0,    0,    0,   -8,    0,    0,    0,    0,    0,    0,    0,    0,    0,    0,    0,    0,  -33,    0,    0,   -3,    0,    0,    0,    0,    0,   30,    0,    0,    0,    0,   -5,  -13,    0,  -13,    0,    0,    0,    0,    0,    0,    0,    0,    0,    0,    0,    0,    0,    0,    0,    0,    0,   -4,    0,    0,    0,    0,    0,    0,    0,   30,    0,    0,    0,    0,    0,    0,    0,    0,    0,    0,    0,  -13,  -10,
       0,   30,   23,    0,    0,    0,    0,    0,    0,    0,    0,    0,    0,    0,    0,    0,    0,    0,   17,    0,    0,    0,    0,    0,    0,    0,    0,    0,    0,    0,    0,   20,   20,    0,   37,    0,   13,    0,   37,   17,   17,    3,    0,    0,    7,    3,   10,    7,   10,    0,   27,    0,    0,    0,    0,    0,    0,    0,    0,   13,    0,   17,    0,    0,    0,    0,   37,    0,    0,    0,    0,    0,    0,   37,   30,   37,   13,    0,   10,   12,    0,    0,    0,    0,    0,    0,   20,   27,
       0,    0,    0,    0,    0,    0,    0,    0,    0,    0,    0,    0,    0,    0,    0,    0,    0,    0,    0,    0,    0,    0,    0,    0,    0,    0,    0,    0,    0,    0,    0,    0,    0,    0,    0,    0,    0,    0,    0,    0,    0,    0,    0,    0,    0,    0,   -7,    3,   -7,    0,    0,    0,    0,    0,    0,    0,    0,    0,    0,    0,    0,    0,    0,    0,    0,    0,    0,    0,    0,    0,    0,    0,    0,    0,    0,    0,    0,    0,    0,    0,    0,    0,    0,    0,    0,    0,   -3,    0,
       0,    0,    0,    0,    0,    0,    0,    0,    0,    0,    0,    0,    0,    0,    0,    0,    0,    0,    0,    0,    0,    0,    0,    0,    0,    0,    0,    0,    0,    0,    0,    0,    0,    0,    0,    0,    0,    0,    0,    0,    7,    0,    0,    0,    0,    0,    0,    0,    0,    0,    0,    0,    0,    0,    0,    0,    0,    0,    0,    0,    0,    0,    0,    0,    0,    0,    0,    0,    0,    0,    0,    0,    0,    0,    0,    0,    0,    0,    0,    0,    0,    0,    0,    0,    0,    0,    0,    7,
       0,    0,    0,    0,    0,    0,    0,    0,    0,    0,    0,    0,    0,    0,    0,    0,    0,    0,   -7,    0,    0,    0,    0,    0,    0,    0,    0,    0,    0,    0,    0,  -13,    0,   -3,    0,    0,    0,    0,    0,    0,   13,    0,    0,    0,    0,    0,   -7,    0,   -7,    0,    0,    0,    0,    0,    0,    0,    0,    0,   -3,   -3,    0,    0,    0,    0,    0,    0,    0,   -3,   -3,    0,    0,    0,    0,    0,   13,   10,    0,    0,    0,    0,    0,    0,    0,    0,    0,    0,   -7,    0,
       0,    0,    0,    0,    0,    0,    0,    0,    0,    0,    0,    0,    0,    0,    0,    0,    0,    0,    0,    0,    0,    0,    0,    0,    0,    0,    0,    0,    0,    0,    0,    0,    0,    0,    0,    0,    0,    5,    0,    0,   32,    0,    0,    0,    0,    0,   -7,    0,   -7,    0,    0,    0,    0,    0,    0,    0,    0,    0,    0,    0,    0,    0,    0,    0,    0,    0,    0,    0,    0,    0,    0,    0,    5,    0,   32,    0,    0,    0,    0,    0,    0,    5,    0,    0,    0,    0,   -7,    0,
       0,    0,    0,    0,    0,    0,    0,    0,    0,    0,    0,    0,    0,    0,    0,    0,    0,    0,    0,    0,    0,    0,    0,    0,    0,    0,    0,    0,    0,    0,    0,    0,    0,    0,   17,    0,    0,   -7,   17,    0,    0,    0,    0,    0,    0,    0,    0,    0,    0,    0,    0,    0,    0,    0,    0,    0,    0,    0,    0,    0,    0,    0,    0,    0,    0,    0,   17,    0,    0,    0,    0,    0,   -7,   17,    0,   17,    0,    0,    0,    0,    0,   -7,    0,    0,    0,    0,    0,    0,
       0,    0,    0,    0,    0,    0,    0,    0,    0,    0,    0,    0,    0,    0,    0,    0,    0,    0,  -10,    0,    0,    0,    0,    0,    0,    0,    0,    0,    0,    0,    0,    0,    0,    0,    0,    0,    7,    0,    0,   10,   10,   10,   13,    0,   13,    7,    7,    7,    7,    0,    0,    0,    0,    0,    0,    0,    0,    0,    0,    0,    0,   10,    0,    0,    0,    0,    0,    0,    0,    0,    0,    0,    0,    0,    0,    0,   10,    0,    0,    0,    0,    0,    0,    0,    0,    0,  -10,   -7,
       0,    0,    0,    0,    0,    0,    0,    0,    0,    0,    0,    0,    0,    0,    0,    0,    0,    0,    0,    0,    0,    0,    0,    0,    0,    0,    0,    0,    0,    0,    0,  -10,    0,    0,    0,    0,    0,    0,    0,    0,   20,    0,    0,    0,    0,    0,   -3,    0,   -3,    0,    0,    0,    0,    0,    0,    0,    0,    0,    0,    0,    0,    0,    0,    0,    0,    0,    0,    0,    0,    0,    0,    0,    0,    0,    0,    0,    0,    0,    0,    0,    0,    0,    0,    0,    0,    0,    5,    7,
       0,    0,    0,    0,    0,    0,    0,    0,    0,    0,    0,    0,    0,    0,    0,    0,    0,    0,    0,    0,    0,    0,    0,    0,    0,    0,    0,    0,    0,    0,    0,    0,    0,    0,    0,    0,    0,    0,    0,    0,    0,    0,    0,    0,    0,    0,    0,    0,    0,    0,    0,    0,    0,    0,    0,    0,    0,    0,    0,    0,    0,    0,    0,    0,    0,    0,    0,    0,    0,    0,    0,    0,    0,    0,    0,    0,    0,    0,    0,    0,    0,    0,    0,    0,    0,    0,    7,    0,
       0,    0,    0,    0,    0,    0,    0,    0,    0,    0,    0,    0,    0,    0,    0,    0,    0,    0,   -5,    0,    0,    0,    0,    0,    0,    0,    0,    0,    0,    0,    0,  -13,    0,    0,    0,    0,    0,    3,    0,    0,   27,    0,    0,    0,    0,    0,  -12,    7,  -12,    0,    0,    0,    0,    0,    0,    0,    0,    0,    0,    0,    0,    0,    0,    0,    0,    0,    0,    0,    0,    0,    0,    0,    3,    0,   27,    0,    0,    0,    0,    0,    0,    3,    0,    0,    0,    0,   -7,   -5,
      10,    0,    7,    0,    0,    0,    0,    0,    0,    0,    0,    0,    0,    0,    0,    0,    0,    0,    0,    0,    0,    0,    0,    0,    0,    0,    0,    0,    0,    0,    0,  -10,    0,   -7,    0,   -8,    0,   17,    0,    0,    6,    0,    5,    0,    8,    0,    3,    0,    3,    0,    0,    0,    0,    0,    0,    0,    0,    0,   -7,   -7,   -8,    0,    0,    0,   -8,   -8,    0,   -7,   -7,   -8,   -8,   -8,   17,    0,    6,    0,    0,    0,    0,    0,    0,   13,    0,    0,    0,    0,   13,   13,
       0,    0,    0,    0,    0,    0,    0,    0,    0,    0,    0,    0,    0,    0,    0,    0,    0,    0,    0,    0,    0,    0,    0,    0,    0,    0,    0,    0,    0,    0,    0,    0,    0,    0,    0,   -5,    0,    0,    0,    0,    0,    0,    0,    0,    0,    0,    0,    0,    0,    0,    0,    0,    0,    0,    0,    0,    0,    0,    0,    0,   -5,    0,    0,    0,   -5,   -5,    0,    0,    0,   -5,   -5,   -5,    0,    0,    0,    0,    0,    0,    0,    0,    0,    0,    0,    0,    0,    0,    0,    0,
       0,    0,    0,    0,    0,    0,    0,    0,    0,    0,    0,    0,    0,    0,    0,    0,    0,    0,    0,    0,    0,    0,    0,    0,    0,    0,    0,    0,    0,    0,    0,  -17,    0,    0,    0,    7,    0,    0,    0,    0,    0,    0,    0,    0,    0,    0,    0,    0,    0,    0,    0,    0,    0,    0,    0,    0,    0,    0,    0,    0,    7,    0,    0,    0,    7,    7,    0,    0,    0,    7,    7,    7,    0,    0,    0,    0,    0,    0,    0,    0,    0,    0,    0,    0,    0,    0,    0,    0,
       0,    0,    0,    0,  -27,    0,  -27,    0,    0,    0,    0,  -17,    0,    0,    0,    0,    0,    0,    0,  -27,    0,    0,    0,    0,    0,   13,    0,    7,    0,    7,    0,    0,    0,    0,    7,  -10,    0,  -17,    7,    0,    3,    0,    0,  -10,    0,    0,   13,   13,   13,    0,    0,    0,    0,    0,  -37,  -40,    0,    0,    0,    0,  -10,    0,   10,   10,  -10,  -10,    7,    0,    0,  -10,  -10,  -10,  -17,    7,   10,    7,    0,  -10,  -10,    0,    0,  -17,    0,    0,    0,    0,    0,    0,
       0,    0,    0,    0,  -27,    0,  -27,    0,    0,    0,    0,  -27,  -10,  -17,    0,    0,    0,    0,    0,  -40,    0,  -13,    0,    0,   -7,    0,    0,    7,    0,    7,    0,    0,    0,  -13,    7,  -23,    0,  -28,    7,    0,    0,    0,    0,  -23,    3,    0,    0,    0,    0,   -7,    0,    0,    0,    0,    0,  -55,  -13,    0,  -13,  -13,  -23,    0,   10,   10,  -23,  -23,    7,  -13,  -13,  -23,  -23,  -23,  -28,   17,   10,    7,    0,  -23,  -23,   -7,    0,  -28,    0,    0,    0,    0,    0,    0,
       0,    0,    0,    0,    0,    0,    0,    0,   -7,    0,    0,   -7,    0,   -7,  -17,    0,    0,    0,    0,   10,    0,  -13,   10,    0,    0,  -27,  -13,  -43,    0,  -30,    0,    0,    0,    0,    0,   -5,    0,    0,    0,    0,    0,   -3,   -5,    0,  -10,  -13,  -30,    0,  -40,    0,    0,    0,    0,    0,    0,    0,  -13,    0,    0,    0,   -5,    0,    0,    0,   -5,   -5,    0,    0,    0,   -5,   -5,   -5,    0,    0,   -7,    0,   -3,    0,    0,    0,    0,    0,    0,    0,    0,    0,  -27,  -13,
};

static const EpdLigaturePair bookerly_10_boldLigaturePairs[] = {
    { 0x00660066, 0xFB00 }, // f f -> U+FB00
    { 0x00660069, 0xFB01 }, // f i -> U+FB01
    { 0x0066006C, 0xFB02 }, // f l -> U+FB02
    { 0xFB000069, 0xFB03 }, // U+FB00 i -> U+FB03
    { 0xFB00006C, 0xFB04 }, // U+FB00 l -> U+FB04
};

static const EpdFontData bookerly_10_bold = {
    bookerly_10_boldBitmaps,
    bookerly_10_boldGlyphs,
    bookerly_10_boldIntervals,
    63,
    27,
    23,
    -6,
    true,
    bookerly_10_boldGroups,
    12,
    nullptr,
    bookerly_10_boldKernLeftClasses,
    bookerly_10_boldKernRightClasses,
    bookerly_10_boldKernMatrix,
    391,
    397,
    90,
    88,
    bookerly_10_boldLigaturePairs,
    5,
};
