/**
 * generated by fontconvert.py
 * name: bookerly_6_italic
 * size: 6
 * mode: 2-bit  compressed: true
 * Command used: fontconvert.py bookerly_6_italic 6 ../builtinFonts/source/Bookerly/Bookerly-Italic.ttf --2bit --compress --pnum --exclude-intervals 0x0400,0x04FF --exclude-intervals 0x1EA0,0x1EF9 --exclude-intervals 0x01A0,0x01A1 --exclude-intervals 0x01AF,0x01B0
 */
#pragma once
#include "EpdFontData.h"

static const uint8_t bookerly_6_italicBitmaps[7487] = {
    0x4D, 0x55, 0x4F, 0x88, 0x1B, 0x55, 0x1C, 0xFE, 0xE6, 0xBD, 0x3A, 0x6F, 0x93, 0x99, 0x49, 0x0A,
    0x16, 0x8D, 0x38, 0xD9, 0x2C, 0x25, 0x4A, 0x6C, 0xB3, 0xC9, 0x6B, 0x1D, 0x74, 0x70, 0x93, 0xCD,
    0x93, 0x82, 0xF5, 0x4F, 0x69, 0xBD, 0x2B, 0x6D, 0xD4, 0x9B, 0x52, 0x99, 0x43, 0xD4, 0x45, 0xB7,
    0xDD, 0xD1, 0x3D, 0xAC, 0x14, 0x84, 0x78, 0x14, 0x45, 0x72, 0x2C, 0x58, 0x6C, 0x0E, 0x2B, 0x14,
    0xA9, 0xDD, 0x67, 0x0B, 0x8A, 0xC5, 0xC3, 0x40, 0x6F, 0xEE, 0x65, 0x0E, 0x3D, 0x14, 0xEC, 0x61,
    0xC0, 0x08, 0x0B, 0xCD, 0x6E, 0xFC, 0xBD, 0x64, 0xA5, 0xCD, 0x9B, 0xFC, 0x9B, 0xF7, 0x7E, 0xFF,
    0xBE, 0xDF, 0xF7, 0xFB, 0x46, 0xA0, 0x00, 0x97, 0x56, 0x09, 0x55, 0x2C, 0x00, 0xF4, 0x96, 0x78,
    0x26, 0x3E, 0xAE, 0x9E, 0xC7, 0x61, 0xF0, 0x39, 0x76, 0xA8, 0x33, 0xC9, 0x49, 0x77, 0x61, 0x6B,
    0x5C, 0xEA, 0x57, 0x35, 0x6D, 0x76, 0xD9, 0xC8, 0xFB, 0xCE, 0xFD, 0xD2, 0x89, 0x59, 0xFA, 0x9E,
    0xFC, 0x38, 0x6A, 0xC6, 0x73, 0x64, 0xEB, 0xC4, 0x0B, 0xA5, 0xA4, 0x2F, 0xBF, 0x8E, 0xE5, 0xAD,
    0xD5, 0x63, 0x5F, 0xFD, 0xD6, 0x78, 0xF6, 0x15, 0xBC, 0x9B, 0xC3, 0xCD, 0x53, 0x5C, 0x65, 0x36,
    0xB9, 0x5C, 0x05, 0xFE, 0x00, 0x7B, 0xF5, 0x00, 0x4B, 0x6B, 0xCE, 0x46, 0xB2, 0x70, 0x5B, 0xC9,
    0x4F, 0x10, 0xB6, 0x51, 0xF9, 0x5B, 0xC1, 0xCA, 0xAA, 0x52, 0x1A, 0xAF, 0xB1, 0x4D, 0x7E, 0xAA,
    0x14, 0x5B, 0x22, 0x9A, 0x7E, 0x56, 0xE9, 0x3F, 0xC3, 0x63, 0xE0, 0xB0, 0x62, 0x68, 0xF4, 0xA7,
    0x4B, 0x5B, 0x9A, 0xAB, 0x3C, 0x6A, 0xF4, 0xF3, 0x71, 0x1C, 0x51, 0x47, 0xD4, 0x13, 0xB0, 0x69,
    0x6D, 0x65, 0x1F, 0xF4, 0xCD, 0x77, 0xCE, 0x73, 0x17, 0xD6, 0x14, 0x50, 0x0D, 0x90, 0x23, 0xF3,
    0x00, 0x5D, 0x68, 0xA6, 0x38, 0x3C, 0xAA, 0x4E, 0xC2, 0x1A, 0x3B, 0xA7, 0x7D, 0x11, 0x0A, 0x99,
    0x8F, 0xBC, 0xC8, 0x0F, 0xA3, 0x4A, 0x6C, 0xF5, 0xED, 0xC4, 0xF8, 0x64, 0x31, 0xA7, 0x53, 0x42,
    0x75, 0xB4, 0x35, 0x16, 0x67, 0x0E, 0x38, 0x64, 0x10, 0x22, 0xE5, 0xAA, 0x8C, 0xCE, 0x58, 0x8C,
    0xBC, 0x3A, 0x05, 0x8C, 0x44, 0x4A, 0x89, 0x45, 0x76, 0x7A, 0x43, 0xA1, 0x8E, 0xEB, 0xD6, 0x3D,
    0x11, 0xF8, 0x32, 0x8A, 0x26, 0x63, 0x0C, 0x90, 0xF0, 0x5D, 0x41, 0x01, 0x8B, 0xB1, 0x95, 0x99,
    0xF4, 0xED, 0xE4, 0x22, 0xF0, 0x21, 0x4B, 0xF3, 0xA8, 0xA4, 0xC1, 0x8A, 0xAC, 0xCB, 0x1A, 0xC5,
    0xD2, 0xCD, 0xB1, 0x0C, 0x0F, 0x0E, 0x28, 0x7F, 0xC2, 0xBB, 0x4E, 0xA9, 0x49, 0xB0, 0x1D, 0xC7,
    0xF3, 0xBC, 0x42, 0x8D, 0xA7, 0xE5, 0x9E, 0xAC, 0xF5, 0x7A, 0xCD, 0xC4, 0xDA, 0x11, 0xA7, 0x0B,
    0xC2, 0x13, 0xC5, 0x3C, 0x1F, 0x23, 0x60, 0xC9, 0x32, 0x55, 0x04, 0x53, 0x0E, 0x15, 0x41, 0x65,
    0x99, 0x57, 0x8E, 0x72, 0x73, 0x4D, 0xA3, 0xFA, 0x22, 0x5E, 0xC1, 0x0A, 0x44, 0x8C, 0xC1, 0x56,
    0x06, 0x82, 0xA0, 0x8B, 0x06, 0x58, 0xC2, 0x92, 0x79, 0xAA, 0x1A, 0xB8, 0x80, 0x27, 0x09, 0xBA,
    0x1C, 0xC1, 0xD8, 0xA3, 0xBC, 0x41, 0xF7, 0x12, 0xA0, 0x39, 0xA2, 0x13, 0x65, 0xE4, 0x69, 0xC7,
    0x6F, 0xDE, 0x42, 0xF0, 0xCE, 0x3A, 0xE4, 0xCD, 0xD7, 0x21, 0xB7, 0xDF, 0x86, 0xFC, 0x37, 0xA5,
    0xA4, 0x80, 0x32, 0xA1, 0x6D, 0xEF, 0xD1, 0x0F, 0x0A, 0xDC, 0x00, 0xDE, 0x07, 0x7E, 0x07, 0x5B,
    0x07, 0x9F, 0x28, 0x8F, 0xC7, 0x75, 0xA6, 0x6F, 0x14, 0x53, 0xB1, 0x0B, 0x7B, 0x03, 0xEC, 0x84,
    0xE2, 0x27, 0xC1, 0x77, 0x21, 0x1C, 0xE4, 0x09, 0xE2, 0x3C, 0x3A, 0x3B, 0x26, 0x41, 0xB6, 0x87,
    0xE2, 0x5B, 0xA8, 0x73, 0x2A, 0xD0, 0x04, 0xA6, 0xAB, 0x07, 0x2C, 0x5F, 0x81, 0x93, 0x1A, 0xBF,
    0xF6, 0x76, 0xC2, 0xE2, 0x8C, 0xAB, 0x21, 0xC7, 0x50, 0x20, 0xCD, 0x33, 0x5D, 0x38, 0xA7, 0x66,
    0x86, 0x62, 0x12, 0xB3, 0xCF, 0xA9, 0x11, 0x30, 0xD7, 0x18, 0x02, 0xC8, 0x5B, 0x53, 0xB7, 0x14,
    0x62, 0xA2, 0x4C, 0x0E, 0x2F, 0x3F, 0xB2, 0x05, 0x82, 0x11, 0x9D, 0x78, 0x16, 0x4E, 0x51, 0xB8,
    0x60, 0x16, 0xAE, 0xA9, 0x22, 0x81, 0xE5, 0xB3, 0x70, 0x76, 0x20, 0xB2, 0x3D, 0xA6, 0x03, 0x16,
    0x4B, 0xAE, 0x22, 0x3E, 0x49, 0x05, 0x92, 0x3C, 0x74, 0xC1, 0xD2, 0x9D, 0x37, 0x32, 0x91, 0xB1,
    0xFF, 0x9B, 0x4E, 0xAE, 0x0A, 0xE8, 0x28, 0xAC, 0x81, 0xDA, 0x42, 0x8D, 0x36, 0x8E, 0x66, 0xA9,
    0x0F, 0x80, 0x14, 0x44, 0xBD, 0xA5, 0x18, 0xCB, 0x94, 0xDE, 0x3F, 0x23, 0xF6, 0x6B, 0xC2, 0x2E,
    0x81, 0xF7, 0xC0, 0x53, 0x88, 0x1E, 0xF2, 0x75, 0x14, 0x8A, 0xAA, 0xB3, 0xAE, 0x4D, 0xF2, 0x8F,
    0x3A, 0x64, 0x9E, 0xDD, 0xD9, 0xE5, 0x59, 0x45, 0x59, 0xD9, 0x32, 0xD8, 0xF0, 0x3C, 0xB8, 0xFC,
    0x13, 0xFC, 0x85, 0x53, 0xC8, 0x1D, 0xA5, 0x49, 0x2B, 0xBB, 0xF0, 0x4B, 0x3E, 0x2E, 0x52, 0x44,
    0xA1, 0xC7, 0x2C, 0x91, 0x3C, 0x93, 0x7C, 0xB3, 0xCB, 0x5B, 0x7D, 0xBB, 0xAC, 0x73, 0x45, 0xED,
    0x89, 0xB8, 0xC3, 0x95, 0x45, 0x75, 0x7D, 0x6B, 0x00, 0x0F, 0x2C, 0x1D, 0xD1, 0xC5, 0x62, 0xAA,
    0xAB, 0x7D, 0x1E, 0xCE, 0x5D, 0xD8, 0x04, 0xC8, 0x36, 0x01, 0xA2, 0x38, 0xB5, 0xE0, 0x2C, 0xC4,
    0xE8, 0x21, 0x1A, 0xD6, 0x2E, 0x59, 0xA9, 0x87, 0x56, 0x7C, 0xDF, 0xAA, 0x78, 0x97, 0x1A, 0x0F,
    0xAC, 0x5D, 0x86, 0xBD, 0x33, 0x35, 0x9F, 0xF6, 0xF4, 0x04, 0xF6, 0xCD, 0x03, 0x14, 0x7C, 0x74,
    0x4E, 0x2A, 0x67, 0x54, 0xEE, 0x85, 0x0B, 0x8B, 0x70, 0xB4, 0x95, 0xC5, 0x51, 0x9A, 0xAE, 0xC5,
    0x5B, 0x7B, 0x77, 0x5E, 0x5B, 0x3F, 0x60, 0x40, 0x32, 0xB4, 0x2B, 0x63, 0x0B, 0x37, 0x8A, 0x49,
    0x28, 0x54, 0x40, 0xFD, 0xB5, 0x11, 0xE5, 0x30, 0x70, 0x31, 0xF0, 0xF1, 0xD3, 0x26, 0x9A, 0x09,
    0x79, 0xC8, 0xCA, 0x3C, 0xF6, 0x88, 0xE1, 0x1E, 0xF2, 0x3E, 0x44, 0x00, 0x31, 0x00, 0xD7, 0xE0,
    0x31, 0xF6, 0xDC, 0x8A, 0x0E, 0xCB, 0x0E, 0x82, 0xB6, 0x87, 0xE0, 0xBC, 0x8F, 0xDA, 0xED, 0x00,
    0xCF, 0x5D, 0x8A, 0x70, 0x94, 0x06, 0x70, 0x5E, 0x68, 0xF8, 0xD4, 0xD3, 0xE2, 0x9D, 0x8C, 0x7F,
    0xA1, 0xAD, 0xDF, 0x81, 0xFB, 0xC0, 0x10, 0xEC, 0x32, 0xF2, 0x1E, 0xEA, 0x0E, 0xF6, 0x9A, 0xBA,
    0x73, 0x46, 0x93, 0xB1, 0xE7, 0x1A, 0x9F, 0x3C, 0x01, 0x8B, 0x0D, 0x13, 0x84, 0x42, 0x25, 0x81,
    0x33, 0x51, 0x85, 0x1F, 0xE0, 0x7A, 0xD3, 0xC6, 0x25, 0xE6, 0xBE, 0xC7, 0xB0, 0xFC, 0xA3, 0xA1,
    0x8D, 0x61, 0x63, 0xC2, 0x89, 0xEC, 0xF6, 0x54, 0x0E, 0x66, 0x1A, 0x67, 0xB4, 0x65, 0x75, 0x5F,
    0x5F, 0x5C, 0xDA, 0xE1, 0x60, 0x6A, 0xA6, 0x30, 0x84, 0x90, 0x26, 0x35, 0x88, 0x8D, 0x62, 0xCC,
    0x88, 0x61, 0x6A, 0x5E, 0x85, 0x83, 0x22, 0x9E, 0x8A, 0xA5, 0x8E, 0xFA, 0xFD, 0x68, 0xB2, 0xB3,
    0x10, 0xCE, 0x89, 0xFB, 0xE5, 0x5E, 0x20, 0x69, 0xFA, 0xD3, 0xCF, 0xAE, 0xB7, 0x83, 0xC6, 0xCC,
    0x79, 0x56, 0xB9, 0xB6, 0x58, 0xAB, 0x91, 0x9A, 0xF5, 0xD2, 0xAB, 0xB1, 0xD0, 0xF3, 0xFD, 0xC0,
    0xE8, 0x05, 0x3E, 0xD5, 0x34, 0x45, 0x6D, 0x73, 0x40, 0xDC, 0xF3, 0x1E, 0xB1, 0x12, 0x49, 0x69,
    0x70, 0x5C, 0x5F, 0xA0, 0xB9, 0x9C, 0x9E, 0xA0, 0xA2, 0xBC, 0x37, 0xE1, 0xD3, 0x1C, 0xAB, 0x7D,
    0x02, 0x4A, 0x33, 0xB3, 0x86, 0x83, 0x89, 0xE1, 0xE0, 0xE1, 0x29, 0x07, 0xB1, 0xA5, 0xD9, 0x25,
    0xC5, 0x69, 0x7E, 0x49, 0x1B, 0x47, 0x53, 0x18, 0x52, 0xD4, 0xEA, 0x08, 0xCB, 0xA8, 0x8C, 0xB0,
    0x9F, 0xC8, 0xE6, 0xD3, 0xD7, 0x1A, 0xD5, 0x96, 0xA4, 0x50, 0xAB, 0xDD, 0x9E, 0xA9, 0x03, 0x68,
    0xD1, 0x7D, 0xC2, 0x9C, 0x3C, 0xB7, 0x49, 0xD8, 0x08, 0x06, 0xA2, 0x39, 0xA6, 0x5A, 0x45, 0x31,
    0xFA, 0x33, 0x05, 0x5C, 0xA2, 0xBD, 0x0A, 0xD5, 0x4C, 0x02, 0x33, 0x2A, 0x54, 0x4B, 0xC3, 0xA6,
    0x7A, 0x51, 0x1D, 0x4B, 0xA2, 0xCD, 0x46, 0xDE, 0x73, 0xFD, 0x5A, 0x20, 0xDB, 0x41, 0xAB, 0xB7,
    0x39, 0xFF, 0x60, 0xB3, 0xD2, 0x90, 0xF5, 0xBA, 0x0C, 0x65, 0x57, 0xCA, 0xEB, 0x72, 0x30, 0x6C,
    0xAD, 0xCC, 0xDF, 0xAF, 0x94, 0xEA, 0xD5, 0x50, 0xCA, 0xB6, 0x0C, 0x05, 0x49, 0x59, 0x50, 0x8B,
    0x82, 0x48, 0x7E, 0x94, 0x34, 0x55, 0x71, 0x51, 0x5C, 0x15, 0x1B, 0x8E, 0x4D, 0x2A, 0x57, 0x2B,
    0xA6, 0x06, 0xFC, 0x1B, 0x98, 0x61, 0x17, 0x19, 0x14, 0x06, 0xED, 0xBE, 0x01, 0x5C, 0x64, 0xAD,
    0xB4, 0x90, 0x56, 0xF6, 0x13, 0x94, 0x44, 0xBE, 0x23, 0x3A, 0xA4, 0x54, 0x4E, 0xC4, 0x0F, 0xD4,
    0x05, 0x7A, 0x00, 0xB8, 0x58, 0xD3, 0xFE, 0xAC, 0x75, 0x6A, 0x49, 0xB5, 0xD1, 0x72, 0x5D, 0xDF,
    0x27, 0xA0, 0x83, 0xE1, 0xD2, 0x2F, 0x8D, 0xB0, 0x27, 0x57, 0x48, 0x88, 0xDD, 0xAE, 0xAB, 0x8B,
    0x2A, 0x87, 0x5E, 0x94, 0xAE, 0xCA, 0x81, 0x1F, 0xF4, 0xDD, 0x6B, 0xDA, 0xFB, 0x4B, 0x15, 0xCF,
    0x21, 0x47, 0x4F, 0x27, 0x07, 0xCE, 0xF7, 0xF4, 0xA4, 0x31, 0x50, 0xB2, 0x0C, 0x8D, 0x97, 0x10,
    0x2E, 0x42, 0xAC, 0x2B, 0xFB, 0x66, 0x8C, 0x5B, 0x0A, 0x77, 0x80, 0x6F, 0x80, 0x2B, 0x86, 0x72,
    0x74, 0xE0, 0xA8, 0x22, 0xB4, 0xB0, 0x1C, 0x2D, 0x25, 0x16, 0xF9, 0xAB, 0xE1, 0xE7, 0xC1, 0xB6,
    0xB6, 0x12, 0x43, 0x21, 0x43, 0x87, 0x1A, 0x4C, 0x26, 0xC1, 0x94, 0x44, 0x2D, 0xE4, 0xE6, 0x5C,
    0xB7, 0x54, 0xA5, 0x96, 0x77, 0xFB, 0x7D, 0xA2, 0x79, 0x32, 0x23, 0x8F, 0x91, 0x78, 0x7B, 0xBA,
    0x3C, 0xD2, 0xE7, 0x43, 0x07, 0xB7, 0x86, 0x1B, 0xC9, 0x7F, 0x8D, 0x56, 0x4D, 0x88, 0x1C, 0x45,
    0x14, 0xFE, 0xBA, 0xCA, 0x4C, 0xEF, 0x4C, 0x77, 0x6F, 0x5F, 0x12, 0x68, 0x48, 0xEF, 0xEE, 0xA0,
    0x1D, 0xD3, 0xC6, 0xC9, 0x4E, 0x6F, 0xEC, 0xE0, 0x40, 0x66, 0x77, 0x2A, 0xD7, 0x78, 0x30, 0x10,
    0x08, 0x4A, 0xC0, 0x0C, 0x49, 0xF0, 0xA0, 0x08, 0xAD, 0xAE, 0xB0, 0x24, 0xC6, 0x2D, 0x13, 0x88,
    0xF1, 0x10, 0x68, 0xD4, 0x83, 0xA2, 0xC2, 0xE0, 0xCF, 0x2D, 0x87, 0x39, 0xC4, 0xA0, 0xB0, 0x49,
    0x4A, 0x05, 0x23, 0xE4, 0x52, 0x68, 0x50, 0x41, 0x0F, 0x73, 0x50, 0xF4, 0x10, 0x64, 0x0E, 0x7B,
    0x58, 0xC2, 0x6E, 0xD6, 0x57, 0x1D, 0x57, 0xD8, 0x1F, 0xEC, 0xCC, 0x34, 0xCC, 0xF0, 0xD5, 0x57,
    0xAF, 0xDE, 0xFB, 0xEA, 0xFD, 0x34, 0x47, 0x05, 0x80, 0x85, 0x6D, 0xA8, 0xC2, 0xA5, 0x6F, 0x8C,
    0x14, 0x48, 0xD0, 0x45, 0xCE, 0x96, 0xBC, 0xDB, 0xA9, 0x9C, 0x12, 0xFB, 0x70, 0x20, 0x9A, 0xD0,
    0x15, 0x5A, 0x1F, 0x01, 0xAE, 0x59, 0x6F, 0x71, 0xD8, 0x68, 0x2E, 0x56, 0x11, 0x3E, 0x74, 0x75,
    0xA9, 0xCE, 0x76, 0xFE, 0xE5, 0x46, 0x41, 0x14, 0x67, 0xCD, 0x81, 0x1C, 0xE9, 0xF8, 0xA2, 0x31,
    0x0A, 0x2F, 0xC0, 0xCC, 0xEB, 0xE0, 0x8A, 0x48, 0xB0, 0x05, 0x9A, 0x0A, 0xD5, 0xAA, 0xEB, 0x06,
    0x64, 0x35, 0xE9, 0xE6, 0xB9, 0xAD, 0xE3, 0xDE, 0x1C, 0x9E, 0xC5, 0x09, 0x19, 0xE6, 0x76, 0xF7,
    0xA0, 0xFE, 0x41, 0xBD, 0x81, 0x48, 0x4D, 0xA9, 0xCA, 0x0A, 0xC6, 0xB8, 0x9C, 0x5A, 0xCC, 0x8F,
    0x8C, 0xD4, 0xCF, 0x21, 0x39, 0x82, 0x3A, 0xFD, 0x1F, 0x63, 0x92, 0xAD, 0xC0, 0x57, 0xBB, 0xC4,
    0x13, 0x62, 0x46, 0x02, 0xF3, 0xB2, 0x96, 0xC4, 0xFA, 0x55, 0xB9, 0x5F, 0x8D, 0x1C, 0xBE, 0x31,
    0x44, 0x86, 0x6C, 0x5E, 0x00, 0x8E, 0x4E, 0xE3, 0xA3, 0x17, 0x2F, 0x5C, 0x3C, 0xFA, 0x7E, 0x1A,
    0x3B, 0x7A, 0x75, 0x12, 0xEF, 0x88, 0x4F, 0xC4, 0x0C, 0xC5, 0x55, 0xC1, 0x8D, 0xE1, 0x8B, 0x79,
    0xA5, 0x88, 0xF0, 0xC6, 0xD0, 0x91, 0x91, 0xB2, 0x64, 0x85, 0x22, 0x9C, 0x97, 0xBE, 0xDC, 0x21,
    0x1D, 0x30, 0x61, 0xE3, 0x2C, 0xDC, 0xB8, 0xCE, 0x89, 0x53, 0x43, 0xD5, 0x83, 0x4B, 0x12, 0x34,
    0xE0, 0x5F, 0x17, 0x3B, 0x6F, 0x21, 0xC2, 0x7D, 0x29, 0x68, 0xAF, 0xE4, 0x77, 0xE1, 0x2F, 0xC1,
    0xBF, 0x03, 0xFF, 0x37, 0xD8, 0xBF, 0x00, 0xB7, 0x81, 0x1E, 0xAC, 0x2E, 0xB8, 0x44, 0x1B, 0xE8,
    0x0E, 0x42, 0x37, 0x0A, 0x43, 0x37, 0x88, 0x16, 0x1C, 0x15, 0xA8, 0x5D, 0x6A, 0x82, 0x36, 0x75,
    0x64, 0x5D, 0xBA, 0xBD, 0xD1, 0x2C, 0xD6, 0x27, 0x44, 0x88, 0x3A, 0x42, 0xD2, 0xD4, 0x85, 0x42,
    0xC0, 0x39, 0xA2, 0xAA, 0x83, 0x85, 0xE0, 0x49, 0xB2, 0xFE, 0x1D, 0xF0, 0xF5, 0xAA, 0x60, 0xD2,
    0x05, 0xA3, 0x3D, 0x86, 0x13, 0x12, 0xC7, 0x65, 0x02, 0x41, 0xA5, 0x89, 0xC8, 0x3D, 0x29, 0x16,
    0x12, 0x0E, 0xE4, 0x21, 0x2C, 0xD9, 0x03, 0xC7, 0x3D, 0xBA, 0x06, 0xC0, 0x97, 0x23, 0xD8, 0x21,
    0x23, 0x38, 0xC4, 0x67, 0x42, 0x29, 0x9B, 0x31, 0x75, 0xB6, 0xEA, 0x91, 0xF1, 0x29, 0x89, 0x64,
    0x5E, 0x43, 0xD3, 0x1E, 0xD2, 0x8B, 0x17, 0x56, 0x7D, 0xE2, 0xB9, 0x14, 0x48, 0x8E, 0xCF, 0x31,
    0x03, 0x13, 0xD7, 0x18, 0xCC, 0xC7, 0x03, 0x26, 0x81, 0x17, 0x80, 0x9B, 0x60, 0xE7, 0xC1, 0x57,
    0x85, 0xC7, 0x65, 0x83, 0xA9, 0xEB, 0xFE, 0xC0, 0xAC, 0xDA, 0xB2, 0x9C, 0xE6, 0x00, 0xFB, 0x65,
    0xB9, 0xA9, 0xB6, 0xC4, 0x6E, 0x51, 0x42, 0x23, 0xC7, 0x5F, 0x29, 0x33, 0x45, 0xB2, 0x3E, 0x2A,
    0x30, 0x5E, 0xE6, 0x95, 0xBF, 0x2A, 0xE0, 0x9C, 0x13, 0xD8, 0x7D, 0x10, 0x38, 0x49, 0xB9, 0x7D,
    0x73, 0x99, 0xD6, 0x69, 0x47, 0xCD, 0x42, 0xCB, 0xF3, 0xB0, 0xDC, 0x59, 0x06, 0xBB, 0x07, 0xFF,
    0x18, 0x1A, 0xDC, 0x5C, 0x6F, 0x56, 0x3C, 0xB3, 0xC0, 0xCC, 0x65, 0x38, 0x85, 0xBF, 0x94, 0xBB,
    0x96, 0x2A, 0xA4, 0xA3, 0xE5, 0x46, 0x21, 0xC6, 0xAA, 0x64, 0x6F, 0x4A, 0x2E, 0x60, 0x9E, 0x65,
    0x2A, 0x00, 0x90, 0x31, 0xAF, 0x86, 0xCE, 0x4A, 0xE1, 0x8C, 0x23, 0xF0, 0x58, 0x19, 0x8D, 0xDC,
    0x7E, 0x5E, 0x94, 0x70, 0x4E, 0x08, 0x7C, 0x5A, 0xC2, 0x61, 0x82, 0x69, 0x22, 0x0C, 0x99, 0x62,
    0x44, 0x30, 0xB5, 0x58, 0xC3, 0x28, 0x3A, 0x66, 0xD7, 0x9C, 0xB5, 0xF5, 0x4A, 0x9F, 0x3F, 0xB3,
    0x15, 0xCE, 0x03, 0x3B, 0xDE, 0x0A, 0x27, 0x6D, 0xEC, 0x5F, 0x35, 0x93, 0x43, 0x2E, 0xFA, 0xCD,
    0x61, 0xDF, 0xC6, 0xA0, 0xC6, 0xD4, 0xE8, 0x71, 0xD1, 0x59, 0x2A, 0x62, 0xDD, 0x2B, 0xF1, 0x88,
    0xB9, 0x28, 0x5B, 0x2D, 0x33, 0x9D, 0xF0, 0x61, 0xC2, 0xAF, 0x74, 0x79, 0x3B, 0xAF, 0x8C, 0xA9,
    0xAA, 0xAF, 0x3C, 0x5B, 0x76, 0xC8, 0xE7, 0x9C, 0x9C, 0x31, 0x5C, 0x8B, 0x64, 0xFE, 0xD0, 0x5C,
    0x4B, 0x6A, 0xA9, 0x8C, 0x1E, 0x26, 0x33, 0x1B, 0xD3, 0x2F, 0xC1, 0xF9, 0xBD, 0x30, 0x35, 0x5E,
    0xC8, 0xFE, 0xFF, 0x34, 0x92, 0xFF, 0xA7, 0x07, 0x30, 0x75, 0x15, 0xF8, 0xB8, 0x8C, 0x76, 0x01,
    0xB8, 0x55, 0xC2, 0xA9, 0xE7, 0x7B, 0xA4, 0x8F, 0x3D, 0xB2, 0x9E, 0x63, 0xFE, 0x3D, 0xFE, 0xC7,
    0xD0, 0x61, 0x43, 0xAF, 0x9A, 0x85, 0x51, 0x16, 0xEA, 0xC1, 0x84, 0xA5, 0xFC, 0x63, 0xE2, 0xE1,
    0xA5, 0xA2, 0xB2, 0xFA, 0xC6, 0xD0, 0x75, 0x5F, 0xB7, 0x6C, 0x91, 0x52, 0x16, 0x55, 0x90, 0x55,
    0xD1, 0x73, 0xD1, 0x0B, 0xF1, 0xC5, 0x15, 0x34, 0x75, 0xE1, 0x53, 0xC3, 0x34, 0x89, 0x12, 0xDA,
    0x1C, 0xD8, 0x47, 0x25, 0x1C, 0xEB, 0x6D, 0xF0, 0x4B, 0x0F, 0x70, 0x1C, 0x55, 0xEB, 0x29, 0xF3,
    0xDB, 0x79, 0x5A, 0x8D, 0x39, 0xF0, 0x5C, 0xD8, 0x29, 0xB8, 0x06, 0x93, 0x26, 0x8B, 0xA8, 0x11,
    0x4F, 0x68, 0xBA, 0x6C, 0x30, 0x4A, 0xEC, 0x15, 0xF0, 0xA7, 0x40, 0x6D, 0xC8, 0x1E, 0x87, 0xB3,
    0x68, 0x2A, 0xA9, 0x63, 0x72, 0x58, 0x23, 0xEE, 0x23, 0xE9, 0xA2, 0x27, 0xF1, 0x23, 0xF0, 0xAD,
    0x80, 0xD2, 0x96, 0xEA, 0xB1, 0xCF, 0x72, 0x7E, 0x5C, 0x52, 0x3B, 0x39, 0x04, 0x7C, 0x09, 0x2A,
    0x0A, 0x32, 0x40, 0xD7, 0x6B, 0xDF, 0x19, 0x9B, 0x4D, 0x93, 0x24, 0xCB, 0x06, 0x67, 0x16, 0xA6,
    0x53, 0xEA, 0x29, 0x99, 0x51, 0x65, 0x03, 0xDA, 0xB7, 0xAE, 0xB0, 0xED, 0x9B, 0x50, 0xB0, 0xEF,
    0xD9, 0xEC, 0x46, 0x94, 0x05, 0x3C, 0xDE, 0xC4, 0x1C, 0xB2, 0x53, 0xAC, 0x6B, 0x0D, 0x36, 0xE2,
    0xF6, 0x9F, 0xDA, 0x6B, 0xF5, 0xD2, 0x7D, 0x2A, 0xF9, 0x0A, 0x2F, 0x0F, 0x70, 0xE6, 0xB4, 0x6A,
    0x4F, 0x52, 0x3A, 0x8E, 0xE7, 0xA9, 0x99, 0x08, 0x38, 0xAD, 0x26, 0x0B, 0x35, 0xAA, 0xD4, 0xE9,
    0x99, 0x89, 0xDD, 0x38, 0xA6, 0x83, 0xDE, 0x3E, 0x75, 0x96, 0xDA, 0x65, 0xB1, 0x9A, 0x40, 0x5B,
    0x62, 0x13, 0xAA, 0x79, 0xBF, 0x9A, 0x6C, 0x44, 0x2B, 0xF5, 0xDA, 0x26, 0x2C, 0x70, 0x19, 0xDA,
    0x6E, 0x18, 0xA7, 0xD3, 0x2D, 0x50, 0xE9, 0x6C, 0x33, 0x2D, 0x8E, 0x3A, 0x6C, 0x58, 0x0C, 0xCF,
    0x69, 0xB4, 0x48, 0xED, 0x51, 0x1A, 0x36, 0x1B, 0xD1, 0x60, 0x0B, 0x8C, 0x1D, 0xB6, 0x06, 0x56,
    0xE2, 0x2C, 0xEE, 0x9D, 0x4D, 0xA2, 0x2C, 0xED, 0x25, 0xAF, 0xE9, 0xA6, 0x58, 0x53, 0xA8, 0x3D,
    0x37, 0x7E, 0x67, 0x22, 0x68, 0x44, 0xAD, 0x24, 0x99, 0x4E, 0x5A, 0xFF, 0x29, 0x3F, 0x20, 0x2D,
    0xE2, 0x2C, 0xCD, 0xEE, 0x73, 0xD7, 0x94, 0x5F, 0x8F, 0xAE, 0x29, 0xBF, 0x1E, 0x5D, 0x53, 0x7E,
    0x1D, 0xFA, 0xAF, 0xF2, 0xEB, 0x30, 0x8B, 0x5A, 0x81, 0x19, 0x99, 0xD4, 0x77, 0xE8, 0xC5, 0xC0,
    0xBA, 0x0B, 0xFB, 0x39, 0x78, 0x93, 0x08, 0x2F, 0x61, 0xDC, 0xC5, 0xDE, 0x59, 0x1C, 0xA3, 0xB4,
    0x32, 0x2D, 0xF2, 0x30, 0x39, 0xE9, 0xBA, 0x61, 0x18, 0x47, 0x49, 0xDA, 0x3F, 0x70, 0x6D, 0xB2,
    0x85, 0xED, 0xA4, 0xAD, 0xDC, 0x84, 0x92, 0x3B, 0x7C, 0x64, 0x23, 0x4A, 0x07, 0x07, 0x9B, 0x98,
    0x34, 0xAA, 0x5D, 0xD0, 0xB4, 0x34, 0x0D, 0xE6, 0xBC, 0xA8, 0x7C, 0x23, 0x4D, 0x22, 0x52, 0x3A,
    0x7E, 0x00, 0x5C, 0x2E, 0xAA, 0x4E, 0xE3, 0x71, 0x61, 0x66, 0xAE, 0x23, 0x19, 0xF5, 0x2C, 0xDE,
    0xAE, 0xFC, 0xED, 0x1C, 0x1A, 0xA5, 0xF7, 0x0B, 0x2F, 0x9D, 0xD0, 0x11, 0x1D, 0x7E, 0x0D, 0x78,
    0x17, 0xF8, 0xB9, 0xDC, 0xC0, 0x3F, 0x8D, 0x56, 0x41, 0x6C, 0x1B, 0x55, 0x10, 0x7D, 0xFB, 0x7F,
    0xE2, 0xAD, 0xED, 0x5D, 0xBB, 0x87, 0x1E, 0x02, 0xB5, 0xE3, 0x00, 0x39, 0xB8, 0x4D, 0x6A, 0x6F,
    0xAB, 0x45, 0xB5, 0x88, 0x1D, 0x7F, 0xA9, 0x87, 0x52, 0x71, 0x20, 0x9C, 0x8B, 0x48, 0x90, 0x22,
    0x21, 0x21, 0x15, 0xED, 0xC1, 0x15, 0x85, 0xB6, 0xEA, 0x2F, 0x11, 0x48, 0xF4, 0x64, 0x71, 0xA9,
    0x10, 0x3D, 0xE4, 0xC6, 0x81, 0x0A, 0xF9, 0x10, 0xA4, 0x80, 0x4A, 0xFB, 0xDB, 0x1E, 0x80, 0x0A,
    0xA1, 0x95, 0x7A, 0x40, 0x6A, 0x7B, 0x58, 0x95, 0x1E, 0x40, 0x2A, 0xC8, 0x82, 0x1C, 0x82, 0x48,
    0x62, 0xE6, 0xAF, 0xED, 0x24, 0xB6, 0x83, 0x97, 0xF5, 0x2A, 0x1B, 0x7B, 0xE7, 0xCD, 0xCC, 0x9F,
    0x99, 0x37, 0x33, 0x00, 0x50, 0x95, 0xF4, 0x07, 0x36, 0x50, 0x00, 0xDE, 0x06, 0xBE, 0x03, 0x5B,
    0x02, 0x6F, 0x09, 0x9B, 0xCB, 0x69, 0xA6, 0x6E, 0xA6, 0x03, 0xBE, 0x0E, 0x98, 0x4F, 0xB3, 0x35,
    0xD7, 0x71, 0x3C, 0x2F, 0x38, 0x7F, 0xA3, 0xE2, 0xC2, 0x91, 0x28, 0x22, 0x02, 0xB5, 0x8F, 0x35,
    0x07, 0x70, 0xFF, 0x2D, 0x0E, 0x26, 0xC0, 0x01, 0xAE, 0xFA, 0x10, 0x13, 0xA8, 0xA3, 0xA6, 0x2D,
    0xA5, 0x01, 0x57, 0x3F, 0xD9, 0x16, 0xD2, 0xA7, 0x31, 0xCD, 0xE1, 0x00, 0x5E, 0x78, 0xD3, 0xEB,
    0xD9, 0xEB, 0x48, 0x06, 0xA0, 0x9F, 0x7C, 0x43, 0x90, 0x51, 0x35, 0x5E, 0x77, 0xE9, 0x8D, 0x87,
    0xF7, 0x15, 0x99, 0x9B, 0x06, 0x7E, 0x8E, 0x42, 0xFA, 0xBC, 0x11, 0x77, 0x06, 0x90, 0x63, 0x40,
    0x29, 0x0A, 0xA9, 0x0C, 0x35, 0x80, 0xBB, 0x0B, 0xFC, 0xFE, 0x3F, 0xDC, 0xDD, 0x6F, 0x7A, 0x7C,
    0x10, 0x3C, 0xA1, 0x70, 0x1C, 0xC8, 0x68, 0x70, 0x6C, 0x0B, 0xB1, 0x87, 0x3E, 0x93, 0x4D, 0x2E,
    0x1A, 0x1C, 0x0D, 0x13, 0x41, 0x82, 0xA9, 0xD4, 0xBC, 0xA8, 0xAE, 0x87, 0xC1, 0xAF, 0x2C, 0xC0,
    0xAA, 0xC3, 0x92, 0xE6, 0xAF, 0xB0, 0x6B, 0x70, 0x1D, 0x38, 0xA4, 0x24, 0xC0, 0xF9, 0x1B, 0xA0,
    0xC0, 0x91, 0x61, 0xB3, 0x8B, 0x2D, 0x36, 0x7B, 0xB1, 0x65, 0xA0, 0xA5, 0x4D, 0x10, 0x30, 0x3B,
    0x00, 0xD4, 0xD7, 0x25, 0x8A, 0x22, 0xCC, 0x96, 0x64, 0x97, 0x25, 0xA7, 0xBC, 0xD0, 0xBD, 0x01,
    0x13, 0x48, 0x18, 0xB0, 0x13, 0xA8, 0x6E, 0x22, 0xA9, 0x53, 0xEB, 0x8F, 0x2D, 0x1F, 0x53, 0x17,
    0xB1, 0xD0, 0x76, 0xFB, 0x4D, 0x81, 0x59, 0x0C, 0x47, 0x8D, 0x1E, 0xE0, 0xFE, 0x00, 0xCE, 0xEA,
    0x9C, 0x75, 0x08, 0xAE, 0x13, 0xE3, 0x1E, 0xDC, 0x30, 0xF1, 0x49, 0x5D, 0x09, 0x74, 0xC8, 0xDD,
    0x88, 0xA2, 0x18, 0x25, 0x53, 0x49, 0x81, 0xD7, 0x24, 0xDE, 0x0D, 0x6B, 0x62, 0xB8, 0xC9, 0x6E,
    0x6E, 0x7A, 0x9D, 0x3D, 0x02, 0x7C, 0xAE, 0x91, 0x46, 0x4B, 0x24, 0xAF, 0xCA, 0x8C, 0x21, 0x4A,
    0x61, 0x9A, 0x9D, 0x9C, 0x2C, 0x71, 0x14, 0x4E, 0xC3, 0xFC, 0x9B, 0x74, 0x00, 0x53, 0xC0, 0x73,
    0x3A, 0x82, 0xB8, 0xA5, 0xD8, 0x15, 0xC1, 0x13, 0xE0, 0x16, 0xD8, 0x1A, 0x98, 0x04, 0x0F, 0x90,
    0x9F, 0x46, 0x29, 0x8B, 0xDC, 0x1A, 0xF0, 0x09, 0x70, 0x31, 0x4A, 0x1B, 0x31, 0xAD, 0x80, 0x68,
    0x55, 0x54, 0xA9, 0xF9, 0x28, 0x55, 0xF1, 0x90, 0xAE, 0x51, 0xAA, 0x86, 0x69, 0x20, 0xFD, 0x4A,
    0xDF, 0x4C, 0xD7, 0xE6, 0x4E, 0xEA, 0x22, 0x7C, 0xE3, 0x12, 0xD9, 0xBA, 0x0E, 0x77, 0x73, 0x8B,
    0x29, 0x97, 0x49, 0x87, 0x0B, 0x8F, 0xB7, 0x02, 0x13, 0x7E, 0x02, 0x2A, 0x65, 0xA8, 0xEA, 0x2B,
    0x4D, 0x53, 0x3E, 0x53, 0xD7, 0xAD, 0x21, 0x4E, 0x3A, 0xAD, 0x95, 0x83, 0xAB, 0x85, 0xC9, 0xB2,
    0x43, 0x4D, 0xE0, 0xC2, 0x42, 0xAD, 0x0D, 0x4A, 0xB7, 0x36, 0x7B, 0x40, 0x4C, 0x83, 0x0A, 0xA8,
    0xAA, 0xDD, 0xE2, 0x1E, 0x89, 0x93, 0xB5, 0xEF, 0x59, 0x4D, 0xDB, 0x62, 0x8A, 0x51, 0x6A, 0x39,
    0x65, 0x35, 0x81, 0x14, 0xAA, 0x94, 0x8E, 0xAC, 0x7C, 0x41, 0xE9, 0xB2, 0xB0, 0xC8, 0xEB, 0x3C,
    0x9D, 0xAD, 0x12, 0x92, 0x3B, 0xEC, 0x6E, 0x03, 0xD2, 0xC5, 0x01, 0xC9, 0x4E, 0x3F, 0x1B, 0x90,
    0x3C, 0x20, 0x72, 0xA2, 0x5F, 0x76, 0x50, 0xAA, 0x5D, 0x7C, 0xFA, 0x7B, 0xBF, 0xEC, 0x04, 0xD5,
    0x16, 0xF9, 0x51, 0x87, 0xBF, 0x97, 0xF6, 0xB2, 0x95, 0xC9, 0xBB, 0x95, 0x92, 0xF9, 0xE7, 0x06,
    0x53, 0x0D, 0x26, 0x03, 0x2E, 0x7C, 0x6E, 0x28, 0x93, 0xA9, 0x04, 0x97, 0x29, 0x2E, 0xAA, 0x27,
    0x81, 0x3F, 0x80, 0x75, 0x70, 0x82, 0x68, 0xDD, 0x28, 0x1F, 0x81, 0x65, 0x23, 0x63, 0x21, 0x9F,
    0x81, 0x9B, 0xD7, 0x7C, 0x2E, 0x85, 0x9D, 0x27, 0xE5, 0x23, 0x4D, 0x7E, 0x26, 0x81, 0x17, 0x55,
    0xC8, 0xF0, 0x90, 0x03, 0xF9, 0x76, 0x8E, 0xC3, 0xBE, 0xB4, 0x0C, 0xE8, 0x76, 0x86, 0x19, 0x19,
    0x12, 0x39, 0x83, 0x97, 0xF0, 0x01, 0x3D, 0x9B, 0xF4, 0xDA, 0x23, 0x1F, 0xEB, 0x9A, 0x85, 0x4C,
    0xCE, 0x90, 0xD3, 0xE6, 0x5F, 0x6B, 0xEC, 0xB6, 0xCF, 0xAE, 0x80, 0xD7, 0x74, 0xA6, 0xCD, 0x1A,
    0x12, 0xD3, 0x48, 0xA5, 0x45, 0x75, 0x29, 0x54, 0x4D, 0xBA, 0x16, 0x00, 0x89, 0x1C, 0x9D, 0x21,
    0x0E, 0x7B, 0x2D, 0x35, 0x39, 0xD6, 0x28, 0x8A, 0xE3, 0xE2, 0xA8, 0xEF, 0xAD, 0xE8, 0xBA, 0x89,
    0x61, 0x1F, 0xCA, 0xA5, 0xCC, 0x93, 0x83, 0x94, 0xF0, 0x19, 0x1C, 0x7B, 0xE2, 0x90, 0x59, 0x9C,
    0x33, 0xFA, 0xCF, 0xCF, 0xEC, 0x58, 0x75, 0x93, 0xC9, 0x71, 0xA1, 0x0B, 0x23, 0x41, 0xA5, 0xDB,
    0x8D, 0x9A, 0x43, 0x2E, 0xB8, 0x7B, 0xC8, 0xEA, 0xEA, 0x24, 0x17, 0x91, 0x94, 0x3B, 0x31, 0xD4,
    0xA8, 0xB4, 0xD0, 0x65, 0x3F, 0x46, 0x9F, 0x09, 0xEA, 0xC7, 0xE4, 0x3D, 0xD8, 0x9D, 0xB0, 0x48,
    0xC3, 0x89, 0xA3, 0x59, 0xCF, 0x60, 0xC7, 0x34, 0xEB, 0x0B, 0x4E, 0xC2, 0xB1, 0xE7, 0xFA, 0xED,
    0x80, 0xA9, 0x50, 0xFC, 0x04, 0xB8, 0xD9, 0x2B, 0xDE, 0x75, 0xAB, 0x9E, 0xF7, 0xFB, 0xDC, 0x6A,
    0x98, 0x62, 0xAA, 0xE3, 0x56, 0xC7, 0x1D, 0x61, 0xCA, 0x71, 0x64, 0xB7, 0xDD, 0xD1, 0xA3, 0x8E,
    0x32, 0xAC, 0x69, 0xA1, 0x36, 0x98, 0xEF, 0xF0, 0xA6, 0xC3, 0x57, 0x16, 0x78, 0xB9, 0x1E, 0xCB,
    0xAA, 0x78, 0x5A, 0xD9, 0xA6, 0xAC, 0x92, 0x7F, 0x93, 0x14, 0x4C, 0x9A, 0xCE, 0xE5, 0x73, 0xE3,
    0x4F, 0x73, 0x63, 0xD3, 0x93, 0x25, 0xC7, 0xA9, 0x38, 0xA5, 0x61, 0x80, 0x5D, 0xE1, 0xEF, 0x05,
    0x91, 0x3D, 0xFA, 0x50, 0x0B, 0x70, 0xEA, 0x38, 0x2C, 0x22, 0x2D, 0x1B, 0x23, 0xBC, 0xA6, 0x33,
    0xD2, 0xAB, 0xC4, 0x0A, 0x39, 0x4F, 0xBD, 0xE6, 0xE8, 0x63, 0x1F, 0xEF, 0x04, 0x58, 0xAD, 0xA3,
    0xA9, 0xE0, 0x2B, 0xE3, 0x76, 0xD3, 0xB8, 0xEC, 0xEF, 0xA8, 0xAB, 0x0D, 0xF8, 0xF5, 0x16, 0x70,
    0x61, 0xB7, 0x32, 0xC7, 0x59, 0x80, 0xFF, 0xAC, 0xCA, 0x85, 0x91, 0xD8, 0x0A, 0x3B, 0x0B, 0x0D,
    0xCA, 0xCF, 0xF4, 0x32, 0xE0, 0x1A, 0xCA, 0xA3, 0x9B, 0x49, 0xCF, 0x44, 0xE5, 0x0C, 0x92, 0x4F,
    0xDA, 0x14, 0x0D, 0x68, 0x2D, 0xC8, 0x7B, 0xAE, 0xE7, 0x9C, 0xF5, 0x8B, 0x02, 0x77, 0x80, 0x1B,
    0x51, 0xA8, 0x36, 0x61, 0x7B, 0x71, 0x07, 0xE6, 0x70, 0xD6, 0x37, 0x3E, 0x8A, 0x80, 0xE2, 0x07,
    0x76, 0x8D, 0x4D, 0xF4, 0x83, 0x8D, 0x56, 0x4B, 0xA4, 0xAF, 0x9E, 0xA0, 0x61, 0x6E, 0xC0, 0xA5,
    0x3A, 0xF0, 0x92, 0xEB, 0xF0, 0x28, 0x97, 0x9E, 0x35, 0x82, 0xD9, 0xD7, 0x89, 0xDF, 0x2D, 0x9A,
    0x21, 0x8F, 0x9B, 0xD9, 0x8B, 0x8E, 0x7B, 0x28, 0xF0, 0x66, 0xE1, 0x39, 0x38, 0xBB, 0x15, 0x14,
    0xE7, 0xC3, 0xAC, 0x8C, 0xA3, 0xBD, 0xC6, 0xC4, 0x36, 0x69, 0x2C, 0x87, 0xCB, 0x0F, 0x95, 0xD3,
    0x1B, 0x30, 0xD7, 0x90, 0x70, 0x91, 0xCA, 0xA0, 0x7A, 0x52, 0x50, 0x79, 0x86, 0xEB, 0x4B, 0x39,
    0x48, 0x05, 0xB9, 0xED, 0x1A, 0x1C, 0x06, 0xA0, 0xCB, 0xD7, 0xB7, 0x21, 0x91, 0x2E, 0xF1, 0x55,
    0x53, 0x75, 0x4B, 0x5E, 0x27, 0x29, 0xAF, 0xCB, 0x7D, 0x09, 0x78, 0xD4, 0xD9, 0x44, 0x86, 0x29,
    0xDA, 0x1F, 0x5B, 0xE6, 0xB2, 0xDF, 0x32, 0x5D, 0x35, 0x46, 0x6D, 0x39, 0xB9, 0x96, 0xAD, 0x95,
    0x26, 0x8E, 0x20, 0xA9, 0x8C, 0xA6, 0xF4, 0x82, 0xE0, 0x92, 0x44, 0x5D, 0xF3, 0x8C, 0xDE, 0xA8,
    0xC3, 0xAA, 0x44, 0x3C, 0x3F, 0x21, 0xFF, 0x11, 0x34, 0xC9, 0x02, 0x73, 0x71, 0x2F, 0x69, 0xA6,
    0x62, 0xFE, 0xBE, 0xB9, 0x7E, 0xE9, 0x3D, 0xB4, 0x52, 0x55, 0xC6, 0xC8, 0xF1, 0x3E, 0xAD, 0xD4,
    0xA7, 0x2C, 0x3A, 0xCA, 0xE8, 0x18, 0xF7, 0xF4, 0x1A, 0x30, 0x88, 0x1B, 0xD9, 0x6F, 0xFB, 0xBA,
    0xF4, 0x7B, 0x71, 0xB7, 0xB6, 0xEE, 0x9F, 0x5A, 0x1A, 0xE9, 0x06, 0x24, 0x8B, 0x5B, 0xD0, 0xCB,
    0x5C, 0x46, 0x6B, 0xA2, 0xEF, 0x97, 0x54, 0x86, 0x2C, 0x4D, 0xC2, 0x11, 0x33, 0xA2, 0x12, 0xBE,
    0x19, 0x23, 0xD6, 0x74, 0x6D, 0xEC, 0x81, 0x9D, 0x1B, 0xAD, 0x5B, 0xB2, 0x17, 0xD5, 0x95, 0xAA,
    0xAA, 0xAE, 0xD4, 0x8E, 0xE6, 0x96, 0x74, 0x3B, 0x9A, 0x61, 0xFC, 0x06, 0x56, 0xD6, 0xFF, 0xDC,
    0x4C, 0xFB, 0x25, 0x53, 0xB8, 0xB4, 0x0A, 0xC6, 0xE0, 0xC5, 0xB1, 0x6C, 0x61, 0x39, 0x83, 0xAF,
    0x56, 0x50, 0xF4, 0xF5, 0x9E, 0x18, 0x8E, 0xAD, 0xB2, 0x65, 0x65, 0x32, 0xF9, 0x49, 0xC7, 0x6D,
    0xCC, 0x7C, 0x5B, 0xD0, 0xD3, 0x89, 0x6D, 0x44, 0x20, 0x69, 0x6F, 0xE9, 0x43, 0x19, 0x1F, 0xEA,
    0x81, 0x10, 0x81, 0x0A, 0xB9, 0xD1, 0x67, 0x8D, 0x9A, 0xF3, 0x8F, 0xC0, 0x5A, 0x94, 0xAB, 0x4D,
    0xB6, 0xC8, 0x16, 0x8D, 0x60, 0x00, 0x3E, 0x21, 0xF1, 0x8B, 0x64, 0xA7, 0xA2, 0xE0, 0x1F, 0xB3,
    0x47, 0x9A, 0x5A, 0xBD, 0xE0, 0x21, 0x00, 0x16, 0x2E, 0x2E, 0xA6, 0xDC, 0x8D, 0xF8, 0xBA, 0xD0,
    0x9D, 0x9B, 0xB4, 0xD0, 0xE1, 0x90, 0x6A, 0x77, 0x11, 0x2B, 0xA7, 0x4A, 0xD9, 0x24, 0xDC, 0x8A,
    0x0D, 0xF7, 0x0C, 0x15, 0xF1, 0x3D, 0x17, 0x87, 0xAE, 0x78, 0x98, 0x8A, 0xF9, 0x18, 0x37, 0x15,
    0x32, 0x66, 0x98, 0x67, 0x5C, 0x83, 0xF1, 0x72, 0x58, 0xDB, 0x5E, 0x70, 0xC1, 0x59, 0xCE, 0xB8,
    0x75, 0x6B, 0x55, 0xD9, 0x0F, 0x44, 0x7A, 0x1E, 0x71, 0x4B, 0x0B, 0x18, 0x0F, 0xF4, 0xDB, 0xEA,
    0xAB, 0x8A, 0x74, 0xD9, 0x16, 0x4C, 0x17, 0xB4, 0xB5, 0xB6, 0xC7, 0x85, 0x29, 0x90, 0xF3, 0xC3,
    0xA5, 0xE7, 0x3D, 0xE8, 0x16, 0x44, 0x7E, 0x2D, 0x89, 0xD8, 0x1D, 0x89, 0xBB, 0x02, 0xF7, 0x81,
    0x4F, 0x81, 0xEB, 0x40, 0x43, 0x33, 0x72, 0x4A, 0xE8, 0x25, 0xDB, 0xB8, 0x07, 0xE3, 0xA7, 0x28,
    0x6D, 0x74, 0x65, 0x81, 0x45, 0xFD, 0x4C, 0xB6, 0x44, 0xEA, 0x0B, 0x3D, 0xBF, 0x35, 0x63, 0x7D,
    0x2D, 0x63, 0x33, 0xCC, 0x7E, 0x19, 0x2E, 0xA4, 0x74, 0x75, 0x58, 0x37, 0xEB, 0xCD, 0x50, 0x9F,
    0x88, 0x13, 0x4B, 0xBF, 0x59, 0x7E, 0xA8, 0xF4, 0xB6, 0xEB, 0x46, 0x83, 0x99, 0xD0, 0x14, 0xE9,
    0x85, 0x1A, 0xED, 0xEE, 0xE0, 0x45, 0xA3, 0xBB, 0x14, 0xEB, 0x33, 0x4D, 0x47, 0xB1, 0xE7, 0x74,
    0x38, 0xB6, 0xF7, 0x88, 0xED, 0x55, 0xC2, 0xD7, 0xAB, 0xC4, 0xF3, 0xE1, 0x2A, 0xF1, 0x2F, 0x8D,
    0x56, 0x4B, 0x68, 0x5C, 0x55, 0x18, 0xFE, 0xEE, 0x39, 0xC9, 0xDC, 0x79, 0xDC, 0x3B, 0x53, 0xA1,
    0xC2, 0x88, 0x37, 0x99, 0x50, 0x06, 0x1C, 0xCA, 0x64, 0x72, 0x5B, 0x2F, 0x74, 0x6A, 0x32, 0x9D,
    0x63, 0x0B, 0x56, 0xD1, 0x45, 0x70, 0x5B, 0x49, 0x07, 0x74, 0x51, 0x44, 0xE1, 0x8A, 0x23, 0x48,
    0x6B, 0x9B, 0xD3, 0x66, 0xA1, 0x16, 0x84, 0x2C, 0x04, 0x85, 0x2E, 0x1C, 0xDD, 0xF9, 0x40, 0x53,
    0x89, 0x50, 0xA1, 0x6D, 0x4E, 0xDD, 0x14, 0x17, 0xC2, 0x05, 0x37, 0x62, 0x11, 0xEE, 0x42, 0xB1,
    0xD4, 0x2E, 0xA6, 0x38, 0x4A, 0xAC, 0x93, 0x8C, 0xFF, 0x39, 0x99, 0x4A, 0xF3, 0x68, 0x26, 0xC3,
    0x3C, 0x48, 0xEE, 0xFF, 0x7D, 0xE7, 0x7F, 0x7F, 0x07, 0xC0, 0xEE, 0x06, 0x00, 0x57, 0xD1, 0x97,
    0x0D, 0xF3, 0x4A, 0xAC, 0x62, 0xA9, 0x9D, 0xB8, 0x11, 0xDD, 0x5A, 0x60, 0xB2, 0xAD, 0x14, 0x17,
    0x0B, 0x1C, 0x1C, 0x0B, 0x2E, 0x3D, 0x8F, 0x03, 0xA4, 0x99, 0x8A, 0x1A, 0xD9, 0xE3, 0x47, 0x6E,
    0xC5, 0xF5, 0x65, 0xDE, 0x53, 0xE8, 0xBF, 0x76, 0x09, 0xFA, 0x3A, 0xA0, 0xB1, 0x1E, 0x08, 0x0B,
    0x10, 0xF6, 0x2F, 0xC9, 0xC5, 0xC5, 0xAF, 0x34, 0x36, 0xA9, 0xB1, 0x45, 0x8D, 0x9D, 0x07, 0x61,
    0xFF, 0x10, 0x84, 0x9D, 0xBD, 0x07, 0x1D, 0xDA, 0x85, 0x5A, 0x6A, 0x1E, 0x0E, 0x97, 0x70, 0xC8,
    0x89, 0x9B, 0x95, 0xD0, 0x6D, 0x4E, 0x46, 0x81, 0x6F, 0x09, 0x3F, 0x4C, 0x20, 0x8C, 0xF3, 0x38,
    0x75, 0xF9, 0x64, 0xAB, 0x16, 0x5C, 0x88, 0xEC, 0x76, 0x2E, 0x66, 0x8A, 0x4B, 0x26, 0xC9, 0x23,
    0x61, 0x13, 0x73, 0x86, 0x88, 0xB3, 0xC4, 0xEB, 0xC2, 0x4D, 0x78, 0xA8, 0xAF, 0x94, 0xC9, 0xFD,
    0x45, 0x22, 0x21, 0x07, 0xC0, 0x60, 0xB7, 0x39, 0x98, 0xD2, 0xBE, 0x8C, 0x93, 0x7D, 0x8A, 0xEC,
    0x1D, 0xB2, 0x77, 0xC8, 0xDE, 0x23, 0xFB, 0x12, 0xD9, 0x07, 0x64, 0x17, 0x02, 0x69, 0xB2, 0xCF,
    0x48, 0x54, 0x12, 0x48, 0xA7, 0xE1, 0x02, 0xCE, 0x14, 0x3C, 0x07, 0x25, 0x0F, 0x41, 0x09, 0x7E,
    0x11, 0x35, 0x1F, 0x01, 0x59, 0xB5, 0x90, 0x55, 0xC8, 0x09, 0xD8, 0x6A, 0x65, 0x16, 0x2C, 0x0A,
    0xCA, 0x60, 0x6D, 0xBF, 0x04, 0xBE, 0xD8, 0x08, 0xC0, 0xA7, 0xE6, 0x7D, 0x24, 0x46, 0x54, 0x88,
    0x54, 0x4E, 0xB5, 0xE0, 0xDA, 0x2A, 0x42, 0x9D, 0x4B, 0x9D, 0x9F, 0x49, 0x49, 0x5F, 0x87, 0x4C,
    0xA8, 0x79, 0x82, 0x96, 0x08, 0xA9, 0x81, 0x6D, 0xC2, 0xF9, 0x04, 0x0B, 0x09, 0xD5, 0x22, 0xD0,
    0x3C, 0x61, 0x54, 0x9D, 0x9F, 0x35, 0xFE, 0x12, 0x8A, 0xCC, 0x6B, 0xBA, 0x1A, 0xF4, 0x49, 0x1B,
    0xF0, 0xD4, 0x9B, 0x53, 0x18, 0xBD, 0xED, 0xA0, 0x90, 0xF7, 0x50, 0x2E, 0xE6, 0x51, 0x25, 0xCF,
    0x7C, 0x72, 0xCD, 0xAF, 0x92, 0x6F, 0xE4, 0x9C, 0xF6, 0x4E, 0xBB, 0x87, 0x31, 0x45, 0x95, 0xC0,
    0x88, 0x01, 0x51, 0x30, 0x15, 0xE0, 0x65, 0xE0, 0x3A, 0xD8, 0x1C, 0x78, 0x4F, 0xB8, 0x5C, 0x96,
    0x99, 0xBA, 0x9A, 0x8B, 0xAD, 0x21, 0xDE, 0xB4, 0x28, 0x6E, 0xFB, 0xF6, 0x48, 0x33, 0xF0, 0xFD,
    0x30, 0x8C, 0x4F, 0x5D, 0xAE, 0x05, 0xCC, 0xE1, 0xA1, 0xF9, 0x6F, 0x9B, 0x29, 0x4A, 0xB3, 0xE0,
    0x94, 0xB0, 0x34, 0xA5, 0xB8, 0x2E, 0x20, 0x1E, 0x91, 0x39, 0xED, 0x06, 0x25, 0xD0, 0x43, 0x09,
    0x01, 0xB9, 0x57, 0x05, 0xE6, 0x80, 0x5F, 0x00, 0x9D, 0x47, 0x58, 0xAB, 0xC8, 0x5D, 0xD0, 0xEC,
    0x81, 0xA5, 0x42, 0x7A, 0x33, 0x19, 0xDA, 0xA8, 0xBD, 0x8A, 0xCC, 0xAF, 0xD0, 0x87, 0x41, 0xD3,
    0xC6, 0x74, 0x58, 0x29, 0x0C, 0x42, 0xFF, 0x8D, 0x68, 0x42, 0xB0, 0x34, 0xAC, 0x9F, 0x80, 0x05,
    0x0D, 0xBE, 0x9A, 0x8B, 0xAA, 0xB6, 0x08, 0x38, 0x7C, 0xAA, 0x79, 0x0A, 0x2D, 0x07, 0x2D, 0x0F,
    0xDF, 0x2C, 0x62, 0x22, 0x22, 0x30, 0x7B, 0x49, 0x83, 0xA7, 0x1C, 0xC7, 0xF3, 0x4A, 0x45, 0x3F,
    0x58, 0x98, 0xBC, 0x52, 0xA9, 0x5A, 0x2B, 0x1A, 0xC6, 0x9E, 0x03, 0x7F, 0x61, 0x00, 0x9E, 0x75,
    0x01, 0x9E, 0xB7, 0x4B, 0x1B, 0x19, 0x30, 0x0C, 0x8A, 0x63, 0x87, 0x24, 0x48, 0x52, 0xB4, 0xD3,
    0x44, 0xB4, 0xDB, 0x0E, 0x36, 0x11, 0x7D, 0x0F, 0x2C, 0xEE, 0x94, 0x88, 0xA2, 0x39, 0x81, 0x78,
    0x6B, 0x22, 0x4B, 0x98, 0x42, 0xEE, 0x30, 0x2C, 0xD0, 0xC4, 0xC8, 0xAD, 0x89, 0x32, 0xAA, 0x18,
    0xA3, 0x95, 0x88, 0x0F, 0xAA, 0x4F, 0xE4, 0x19, 0xA0, 0x6E, 0xE6, 0x74, 0x9F, 0xC0, 0xEB, 0x62,
    0xFB, 0xA6, 0xE0, 0xDD, 0x7B, 0x7C, 0xEB, 0xDB, 0x42, 0xA3, 0xD6, 0x48, 0x52, 0xD0, 0x53, 0xBA,
    0x2D, 0x89, 0xCE, 0x37, 0xE6, 0xA1, 0xB6, 0x22, 0x01, 0x7A, 0x6B, 0x3F, 0xB9, 0x9E, 0x40, 0xE6,
    0x9C, 0xC0, 0x63, 0x4F, 0x02, 0x2F, 0x52, 0xEF, 0x5C, 0xEF, 0x12, 0x07, 0xB1, 0xA6, 0x2D, 0x54,
    0x5D, 0x17, 0xDD, 0x7A, 0xB7, 0x6F, 0x6A, 0xFF, 0x1E, 0xB9, 0xD5, 0x56, 0xB0, 0x5F, 0xF9, 0xDF,
    0xE2, 0xB5, 0x18, 0xA7, 0x4E, 0xAA, 0xA9, 0x0A, 0x18, 0xB5, 0xDA, 0x31, 0x51, 0xE6, 0xBA, 0xF1,
    0xA8, 0xFB, 0xC3, 0x09, 0x11, 0x4E, 0xC8, 0x43, 0x33, 0xC8, 0x2C, 0x03, 0x4B, 0x8A, 0x9D, 0x17,
    0x3C, 0x0D, 0xEE, 0x80, 0x75, 0xF4, 0x2C, 0xF1, 0x08, 0xA5, 0x32, 0xAE, 0x7E, 0x89, 0x42, 0x07,
    0xF8, 0x4E, 0xE0, 0x53, 0xE8, 0xC6, 0xA5, 0x33, 0x7B, 0x22, 0xF3, 0x81, 0xF4, 0x2C, 0x51, 0x35,
    0x0D, 0xEC, 0x17, 0x64, 0x95, 0xA3, 0x72, 0x0C, 0xF6, 0x3F, 0x66, 0x9F, 0x1D, 0x10, 0xFD, 0x19,
    0xDA, 0x4C, 0x18, 0x6B, 0xC2, 0xEA, 0x88, 0x21, 0xD4, 0xD3, 0x26, 0x74, 0x36, 0xC8, 0xD5, 0x3F,
    0x3B, 0xEC, 0x5A, 0xC4, 0xCE, 0x83, 0x9A, 0x9D, 0x6C, 0xEC, 0x26, 0xD2, 0x65, 0x64, 0x73, 0xA2,
    0x3E, 0xA7, 0x53, 0x97, 0x6C, 0xA4, 0x94, 0x5E, 0xB1, 0x05, 0x1A, 0xA8, 0x14, 0xDC, 0x4E, 0xB6,
    0x98, 0x5F, 0x98, 0x10, 0x07, 0xC4, 0xBE, 0x28, 0x5C, 0x7C, 0xE0, 0xE8, 0xC4, 0x60, 0x82, 0xF6,
    0x16, 0xB8, 0x5A, 0x3F, 0x3B, 0x92, 0x11, 0x47, 0xC6, 0x54, 0x73, 0x75, 0xDB, 0xD9, 0xBB, 0x8F,
    0x80, 0x2F, 0x63, 0x6B, 0x92, 0xFB, 0x72, 0x42, 0x75, 0xB4, 0x8F, 0x23, 0x55, 0x04, 0x28, 0x34,
    0x4F, 0x57, 0x79, 0xCC, 0xC3, 0xC1, 0x4B, 0x28, 0xD0, 0x04, 0x0C, 0x59, 0x1F, 0xA2, 0x4D, 0x95,
    0x5B, 0xC9, 0x97, 0xD0, 0xB0, 0x14, 0xA5, 0x35, 0xA4, 0xBC, 0xF9, 0x1F, 0xC7, 0xB4, 0x1C, 0x2C,
    0xD3, 0x0A, 0x86, 0x42, 0xDB, 0xF8, 0xA6, 0x2C, 0x0D, 0xDD, 0x06, 0xD4, 0x07, 0x96, 0xD2, 0x59,
    0x9B, 0x34, 0x0B, 0x8D, 0x14, 0xA2, 0x67, 0xD4, 0x25, 0x66, 0xF2, 0xCE, 0x39, 0xAD, 0x2E, 0x19,
    0xAD, 0x10, 0x65, 0xAD, 0x10, 0x0B, 0xB4, 0x99, 0xAF, 0xA9, 0xF9, 0xEC, 0xF1, 0xA3, 0x9F, 0xA9,
    0xFA, 0x72, 0xA6, 0xAF, 0x2E, 0x09, 0x1D, 0x60, 0x5F, 0x53, 0xEE, 0xFC, 0x2D, 0xB8, 0xF8, 0x5A,
    0x6B, 0xCA, 0x45, 0xA3, 0x29, 0xBE, 0xD6, 0x14, 0x65, 0x34, 0x05, 0xF5, 0xE5, 0xC4, 0x99, 0xBE,
    0xA4, 0xE8, 0xC5, 0xE9, 0xAC, 0x7D, 0xEC, 0x9B, 0xB5, 0x79, 0xB7, 0xF9, 0xB9, 0x0A, 0xFC, 0xC3,
    0xF0, 0xC3, 0x24, 0xE9, 0x89, 0x4F, 0x7A, 0x72, 0x57, 0xD5, 0x82, 0x8F, 0xA4, 0xE9, 0xC3, 0x1D,
    0x34, 0x03, 0x65, 0xD0, 0xD6, 0x0B, 0x60, 0x70, 0x33, 0xE4, 0x81, 0x51, 0xD3, 0x09, 0xAA, 0xCB,
    0x22, 0x9F, 0xB7, 0x7D, 0x5A, 0xF2, 0xB4, 0xE3, 0x69, 0xC5, 0xD3, 0x86, 0x77, 0x6D, 0x59, 0xE7,
    0x82, 0x69, 0x49, 0x92, 0x7A, 0x9D, 0x8F, 0xDE, 0x2E, 0xE4, 0xCB, 0xC5, 0xAA, 0x4F, 0x4B, 0xBC,
    0xAA, 0xCF, 0xC8, 0x9A, 0x03, 0x08, 0xFF, 0xB8, 0x19, 0xAD, 0x71, 0xE0, 0x09, 0x33, 0x5D, 0x6F,
    0xAF, 0x9B, 0x2E, 0x14, 0xF5, 0xF6, 0x40, 0xCC, 0xC6, 0xB8, 0x6F, 0xC5, 0x5B, 0xCF, 0x98, 0xF6,
    0x21, 0xD8, 0xF9, 0x9C, 0x25, 0xCC, 0x34, 0x17, 0x1F, 0x38, 0x6D, 0xE6, 0x81, 0xEC, 0x4F, 0xC3,
    0xEC, 0xFB, 0xFC, 0xB7, 0x76, 0x86, 0xB5, 0xDD, 0x54, 0xE8, 0x15, 0x43, 0x2F, 0x8A, 0x0B, 0x96,
    0xA2, 0x59, 0xDC, 0xB3, 0x6C, 0x76, 0x03, 0xB5, 0xCC, 0x98, 0x49, 0xE7, 0x5D, 0xD8, 0x33, 0x70,
    0x2B, 0xF0, 0xDE, 0xC3, 0xA8, 0x83, 0xF1, 0x26, 0x8E, 0x51, 0x01, 0xDF, 0x01, 0x7E, 0x06, 0xF6,
    0x0C, 0xD8, 0x1F, 0xC3, 0xD3, 0x76, 0x83, 0x8D, 0x6D, 0x15, 0xD9, 0x84, 0xC0, 0x43, 0x72, 0x80,
    0xAC, 0x75, 0xAC, 0xFC, 0x26, 0x51, 0x7B, 0x1A, 0xD6, 0x0F, 0xC0, 0xF3, 0x26, 0x8E, 0x9E, 0x64,
    0x67, 0x49, 0xD8, 0xA0, 0xDF, 0x5D, 0x5D, 0x57, 0xCA, 0x84, 0x9B, 0xA6, 0xBB, 0x00, 0x92, 0xD2,
    0x55, 0xC3, 0xD3, 0xFA, 0xF6, 0x90, 0x6F, 0xED, 0x57, 0xA7, 0xA9, 0x7D, 0x4F, 0xAA, 0xB5, 0xE0,
    0x27, 0x80, 0xC3, 0x03, 0xC0, 0x2C, 0x4E, 0xFA, 0x1B, 0xA1, 0x44, 0xD8, 0x32, 0x81, 0x6C, 0x12,
    0xD3, 0x3D, 0x54, 0xE3, 0x87, 0xC5, 0x26, 0x31, 0xA5, 0x96, 0xB2, 0x76, 0x6F, 0x65, 0x9F, 0x93,
    0xB4, 0x66, 0x36, 0x58, 0x13, 0x33, 0x7F, 0x05, 0x78, 0x77, 0x80, 0xF4, 0xFE, 0x9F, 0xCD, 0x75,
    0xD2, 0xAB, 0x41, 0xA7, 0x81, 0xA7, 0x06, 0xE9, 0xF6, 0x5A, 0x36, 0xD7, 0xAB, 0x36, 0x9D, 0x7B,
    0xC2, 0xD4, 0x92, 0x3A, 0x67, 0x05, 0xF6, 0x0D, 0x53, 0x82, 0x23, 0xE0, 0x33, 0xB0, 0x3B, 0x48,
    0x07, 0xC8, 0xD2, 0x4D, 0xEC, 0xA8, 0x48, 0x4A, 0x47, 0x0D, 0xE9, 0x3E, 0x8F, 0xB3, 0x71, 0xA1,
    0xEF, 0xB6, 0x6F, 0xB2, 0x79, 0xA5, 0x7F, 0xEE, 0x36, 0x60, 0xDB, 0x64, 0x73, 0x3D, 0x34, 0x39,
    0x0D, 0xDB, 0x07, 0xD5, 0x72, 0x7B, 0x59, 0x4C, 0x4C, 0xDB, 0xA1, 0x8E, 0x77, 0x83, 0x44, 0xD3,
    0xAB, 0x0B, 0xE6, 0x0C, 0x12, 0xE7, 0x0E, 0xCB, 0x6F, 0xD2, 0xD2, 0xCE, 0x48, 0xB3, 0x3A, 0x36,
    0x8E, 0x8C, 0xB2, 0xDA, 0x32, 0x8C, 0xE3, 0x59, 0xA9, 0xFB, 0xCF, 0xA1, 0x59, 0xCF, 0xA8, 0xBD,
    0xAA, 0x4A, 0xFB, 0xFC, 0x88, 0xFC, 0x57, 0x50, 0x32, 0xC9, 0xCF, 0x12, 0x75, 0xFF, 0xD2, 0xEA,
    0x8F, 0xCF, 0xCC, 0x0D, 0xE9, 0xCA, 0x69, 0xAB, 0x11, 0x2C, 0x41, 0xCF, 0x56, 0x40, 0x4F, 0x86,
    0xE9, 0xEF, 0x59, 0xE5, 0x11, 0x92, 0x6E, 0x6E, 0x62, 0x52, 0xD4, 0xCC, 0x98, 0x06, 0xD4, 0x2D,
    0xAC, 0x6B, 0xCF, 0xA4, 0xD2, 0xF0, 0xAC, 0x4B, 0x99, 0x2F, 0xC8, 0xA8, 0xBC, 0xB7, 0x53, 0x97,
    0x76, 0xDB, 0x0D, 0x86, 0x02, 0x2B, 0xA6, 0x91, 0xA7, 0x4B, 0x1E, 0xDA, 0xB6, 0x3A, 0x63, 0x6E,
    0xEB, 0x74, 0x57, 0x37, 0x37, 0x75, 0xBB, 0xBD, 0x4A, 0x25, 0x63, 0xD2, 0xE7, 0x22, 0xE4, 0xBD,
    0xD8, 0x46, 0x94, 0x86, 0xCA, 0x5A, 0xAA, 0xFE, 0x6C, 0x3B, 0x39, 0xED, 0x4A, 0x6D, 0x53, 0xA1,
    0x91, 0x74, 0xE0, 0x2C, 0x3E, 0x7A, 0xA9, 0x52, 0x9C, 0xF2, 0x69, 0x20, 0xDE, 0x6A, 0x34, 0xFF,
    0x03, 0x0B, 0x28, 0x10, 0x91, 0x30, 0x68, 0x60, 0x67, 0x90, 0x73, 0x30, 0x68, 0x60, 0x60, 0xD0,
    0x6D, 0x50, 0x6E, 0xF8, 0xDF, 0xC4, 0x50, 0xCB, 0x90, 0xB0, 0x40, 0xE5, 0x80, 0xE9, 0x01, 0xDD,
    0x34, 0x4E, 0x0D, 0x05, 0x9B, 0xB4, 0x99, 0x36, 0x1C, 0x01, 0xBA, 0x17, 0x8C, 0x1C, 0x1C, 0x19,
    0x66, 0x31, 0x58, 0x30, 0x28, 0x31, 0x18, 0x03, 0xB1, 0xBC, 0x83, 0x62, 0x03, 0x87, 0x81, 0x89,
    0x81, 0xC1, 0x04, 0x93, 0x02, 0x83, 0x84, 0x09, 0x0D, 0x0C, 0x3C, 0x1A, 0x0A, 0x0B, 0x26, 0x98,
    0x1E, 0x30, 0x6C, 0xB0, 0xC9, 0xB4, 0x91, 0x91, 0x50, 0x90, 0xE1, 0x51, 0x11, 0x31, 0x30, 0xB0,
    0x51, 0x31, 0x60, 0x60, 0xE0, 0x66, 0xD0, 0x3C, 0x20, 0x00, 0x34, 0x5E, 0x9F, 0x81, 0x81, 0x41,
    0xA7, 0x41, 0x1D, 0x68, 0xCD, 0x7F, 0x90, 0x6E, 0x86, 0x06, 0x66, 0x07, 0x06, 0x06, 0x41, 0x87,
    0xA2, 0x86, 0x84, 0x02, 0x00, 0x75, 0x51, 0xCD, 0x6A, 0x54, 0x31, 0x18, 0x3D, 0xBD, 0xB7, 0x3F,
    0xB9, 0xD3, 0xCC, 0xB4, 0x23, 0xA9, 0xCD, 0xA2, 0xC5, 0x54, 0x82, 0x44, 0x18, 0x24, 0x33, 0x44,
    0x28, 0xD8, 0x32, 0x59, 0x09, 0x42, 0x17, 0xC3, 0x6C, 0xBA, 0x12, 0x6E, 0xBB, 0x73, 0x77, 0x2B,
    0x5D, 0xB6, 0x1A, 0x44, 0xA5, 0x8B, 0x0A, 0x57, 0xE6, 0x05, 0x06, 0xE6, 0x05, 0x7C, 0x84, 0xA0,
    0xE0, 0x66, 0x36, 0x17, 0x7C, 0x91, 0x59, 0xB8, 0x98, 0xDD, 0x35, 0x19, 0x2A, 0xD8, 0x62, 0x73,
    0xF8, 0xC2, 0x77, 0x3E, 0x0E, 0xE4, 0x9C, 0x2F, 0x18, 0xFC, 0x3D, 0x80, 0x52, 0xEC, 0xE6, 0x00,
    0x48, 0xB0, 0xE5, 0xDB, 0xB6, 0x8D, 0xCD, 0x3B, 0x00, 0x08, 0x9E, 0x5B, 0x66, 0x97, 0x2D, 0xEE,
    0xE0, 0xBD, 0x05, 0x62, 0xD5, 0xB3, 0x7A, 0x5E, 0xD7, 0xB5, 0x8F, 0x35, 0xC2, 0x7D, 0xA8, 0xE7,
    0x41, 0x39, 0x67, 0x7A, 0x3C, 0xA6, 0x94, 0xEB, 0x4E, 0xC7, 0xE4, 0xBA, 0xD0, 0x8C, 0xF9, 0x9E,
    0x9B, 0x60, 0x62, 0xE9, 0x37, 0x5A, 0xF0, 0xB2, 0xEB, 0x3A, 0x55, 0xA7, 0x32, 0xFE, 0x14, 0x3D,
    0xFF, 0xD6, 0x75, 0x1D, 0xF3, 0x89, 0x4D, 0xF1, 0x62, 0xB6, 0x8A, 0x15, 0x64, 0xA0, 0x01, 0x91,
    0xF7, 0x03, 0x6F, 0x04, 0x34, 0x51, 0x7B, 0x0A, 0x8E, 0x83, 0x0B, 0x66, 0xD0, 0xB7, 0x7D, 0xDF,
    0xB7, 0x06, 0xFB, 0x52, 0x96, 0xBA, 0xCA, 0xB5, 0x1C, 0x17, 0x66, 0x5F, 0xC6, 0x58, 0xED, 0x7B,
    0x63, 0x99, 0xFF, 0xC6, 0x62, 0x6F, 0xD8, 0x3F, 0x6B, 0xC9, 0xEC, 0xF1, 0xE0, 0xB3, 0xFB, 0x04,
    0x77, 0x0B, 0x21, 0x35, 0x1E, 0xE2, 0xF5, 0xE0, 0xA9, 0x58, 0x11, 0xB8, 0x8D, 0xCD, 0x75, 0x27,
    0x00, 0x5E, 0x95, 0x80, 0xFE, 0xEA, 0xC2, 0xF5, 0xE3, 0x62, 0xC3, 0x76, 0xBF, 0xFC, 0xEC, 0xBA,
    0x67, 0x4F, 0x5E, 0xE6, 0x1E, 0xA7, 0x59, 0x98, 0x7E, 0x3F, 0x9A, 0x20, 0xB5, 0xB3, 0x43, 0xAC,
    0x22, 0x3A, 0x51, 0x7A, 0x40, 0x4A, 0x15, 0x56, 0x31, 0x04, 0x19, 0x41, 0x4D, 0xD1, 0xBB, 0xC6,
    0x90, 0x23, 0x2F, 0x14, 0x39, 0xB1, 0x67, 0x5E, 0x55, 0x44, 0x9C, 0xBC, 0xC2, 0xD9, 0x14, 0xEA,
    0x17, 0xC8, 0x9E, 0x4D, 0xD0, 0x74, 0xBA, 0x6C, 0xA8, 0xC2, 0x10, 0x41, 0x5B, 0x2A, 0x77, 0x09,
    0xF6, 0xAE, 0x40, 0x04, 0x1E, 0x5C, 0xE1, 0xF1, 0xC7, 0xD8, 0x04, 0x1A, 0x86, 0x6B, 0xCD, 0x56,
    0xD8, 0x35, 0x95, 0x5C, 0x4B, 0x2D, 0x82, 0x29, 0x91, 0xEB, 0x71, 0x3D, 0xBF, 0xE4, 0x61, 0x29,
    0xF1, 0x61, 0x1A, 0xCC, 0x01, 0x25, 0x96, 0x1C, 0xD2, 0x05, 0x53, 0x41, 0x12, 0xFD, 0xE0, 0x72,
    0xC3, 0x6D, 0x2F, 0xFB, 0x14, 0x3E, 0x4B, 0x9C, 0x6C, 0xE0, 0x7C, 0x17, 0xC5, 0x6E, 0x9C, 0xE7,
    0x1C, 0x95, 0x5A, 0x08, 0x52, 0x6C, 0x37, 0x90, 0x36, 0x91, 0x51, 0x48, 0x82, 0x73, 0x86, 0x82,
    0x2D, 0x04, 0x12, 0x95, 0x89, 0xCD, 0xDA, 0x23, 0xDB, 0xDA, 0x0A, 0xBF, 0xE3, 0x69, 0x62, 0x79,
    0x06, 0xA9, 0x20, 0x76, 0xE2, 0x5C, 0x48, 0xE8, 0x28, 0x78, 0x47, 0x3E, 0xFC, 0x0E, 0xC1, 0x47,
    0x52, 0x4D, 0x4D, 0xEF, 0x3A, 0x1F, 0x72, 0xF7, 0x07, 0xAD, 0xCD, 0x3B, 0x0A, 0xC2, 0x40, 0x18,
    0x45, 0xE1, 0x9B, 0x09, 0x38, 0x84, 0x89, 0x4E, 0x25, 0x4C, 0x11, 0x48, 0x93, 0x42, 0x10, 0x4C,
    0x32, 0x0B, 0xD0, 0x7F, 0x29, 0x01, 0x77, 0x60, 0xA3, 0x4D, 0xF0, 0x82, 0xDB, 0x12, 0xBC, 0x4B,
    0x70, 0x49, 0x3E, 0x2A, 0x17, 0x60, 0x7B, 0x8A, 0xEF, 0x04, 0x76, 0x1A, 0x34, 0xE9, 0x64, 0x7B,
    0x14, 0xF2, 0xAA, 0x98, 0xED, 0xA1, 0x12, 0x51, 0x35, 0x5A, 0x38, 0x96, 0x36, 0xC3, 0x3D, 0x97,
    0xE8, 0x6D, 0xD4, 0xC8, 0x1E, 0x57, 0xDE, 0x50, 0x21, 0x61, 0xC0, 0x84, 0xC0, 0xA4, 0x15, 0xB7,
    0x96, 0x79, 0x40, 0xFC, 0x3A, 0x2D, 0x3D, 0x2E, 0x38, 0x73, 0x67, 0x59, 0x47, 0x0B, 0x3F, 0x76,
    0xD3, 0xD4, 0xA9, 0xBB, 0x7F, 0x4A, 0xC1, 0x05, 0x36, 0x6F, 0x27, 0x72, 0xCD, 0x00, 0x67, 0x1E,
    0xF3, 0xDF, 0xCE, 0x2F, 0xE3, 0xFF, 0xCF, 0xCC, 0xC6, 0xCE, 0xC0, 0xFD, 0x85, 0x97, 0xC1, 0xBE,
    0x41, 0x86, 0xA1, 0x9E, 0x81, 0x61, 0x2F, 0x53, 0x3B, 0x33, 0x83, 0xFE, 0x17, 0x2E, 0x06, 0xFB,
    0x0F, 0xB2, 0x2C, 0xDB, 0x7E, 0x70, 0xFF, 0x60, 0x60, 0x60, 0xE7, 0x65, 0x60, 0xE0, 0xE2, 0x35,
    0x60, 0xE0, 0xD5, 0xFD, 0x6B, 0xCB, 0xFF, 0x60, 0xC1, 0x02, 0x1E, 0x86, 0x09, 0x16, 0x12, 0x0C,
    0x27, 0x7D, 0xF6, 0x31, 0x7C, 0xF9, 0xC2, 0xB0, 0x9F, 0x81, 0xB9, 0x99, 0x81, 0x97, 0x11, 0xA8,
    0x9C, 0x41, 0x83, 0x81, 0x61, 0xFF, 0x05, 0x06, 0x5D, 0x16, 0x06, 0xA0, 0x26, 0x00, 0x45, 0x8E,
    0x41, 0x0A, 0xC2, 0x30, 0x14, 0x44, 0x87, 0x86, 0xD4, 0x48, 0x83, 0xDD, 0x64, 0xD1, 0x85, 0x62,
    0x20, 0x2E, 0x0B, 0x7E, 0xBC, 0x40, 0x72, 0x14, 0x6F, 0xE2, 0x15, 0x3C, 0x52, 0x8E, 0xD0, 0x23,
    0xF4, 0x08, 0x5D, 0xBA, 0xD1, 0xF8, 0xBF, 0xB1, 0xCA, 0xC0, 0xE3, 0xCF, 0x4C, 0x02, 0xA3, 0x81,
    0x01, 0x88, 0x45, 0xA8, 0x01, 0x85, 0x2E, 0x07, 0xAF, 0xB0, 0x0A, 0x0E, 0xD8, 0x4A, 0xCD, 0xE4,
    0xFB, 0x5F, 0x04, 0xDF, 0x65, 0x05, 0x63, 0x70, 0x6A, 0x71, 0x2B, 0x89, 0x69, 0x06, 0x8E, 0xFB,
    0xEF, 0xEF, 0xE0, 0xFB, 0xAC, 0x7E, 0xBE, 0xBA, 0xB8, 0x80, 0x44, 0x9A, 0x06, 0x8A, 0xCB, 0x1E,
    0x6D, 0xB5, 0xB8, 0x24, 0xBA, 0x73, 0x37, 0x35, 0x09, 0xD6, 0x58, 0xB2, 0xE5, 0x41, 0x30, 0x32,
    0xE6, 0x58, 0xB8, 0x15, 0x7E, 0x86, 0xED, 0xF2, 0x38, 0x8F, 0xB3, 0xCD, 0x55, 0x3C, 0x26, 0x3E,
    0x25, 0x16, 0x3A, 0xAC, 0xB1, 0xE5, 0x47, 0x87, 0x69, 0x93, 0xB4, 0xC3, 0xF9, 0x85, 0x6B, 0x93,
    0x98, 0x7C, 0xBF, 0x01, 0x85, 0x53, 0x31, 0x4F, 0xDB, 0x40, 0x14, 0xFE, 0x72, 0x07, 0xB8, 0x24,
    0x76, 0x60, 0x20, 0x02, 0x09, 0x97, 0x44, 0xAA, 0x87, 0xA8, 0x2D, 0xE4, 0x90, 0x4C, 0x95, 0xA1,
    0x21, 0xA7, 0x2E, 0xAC, 0x2C, 0x11, 0x43, 0x2B, 0xD5, 0x52, 0x99, 0xA8, 0x84, 0x6E, 0xC8, 0x80,
    0x3A, 0x10, 0xB7, 0x1D, 0xBA, 0x46, 0xED, 0xD0, 0xD5, 0x73, 0x06, 0x9A, 0xA1, 0x13, 0xAA, 0x94,
    0xAB, 0x18, 0xDA, 0xA5, 0x92, 0xFF, 0x40, 0x25, 0xAB, 0x23, 0x4B, 0x3D, 0x30, 0x30, 0x00, 0xEE,
    0x3B, 0x03, 0x05, 0x41, 0xA5, 0x3E, 0x9F, 0xCF, 0xCF, 0xDF, 0x7B, 0xCF, 0xEF, 0xDD, 0x7B, 0x9F,
    0x87, 0x2C, 0xF4, 0x39, 0xEA, 0x13, 0xA8, 0x9E, 0xA0, 0xFC, 0x0C, 0x45, 0x0F, 0x5C, 0x80, 0x27,
    0x28, 0x68, 0x54, 0xC3, 0xE9, 0x08, 0xA2, 0x94, 0xFA, 0x2A, 0x52, 0x71, 0x14, 0xC7, 0xBF, 0xC2,
    0x5D, 0xB4, 0x8F, 0x2A, 0x5D, 0xF8, 0x33, 0x7E, 0xFB, 0x08, 0x3E, 0xFC, 0x4A, 0xB7, 0x77, 0x04,
    0x80, 0x9D, 0xA9, 0xA9, 0x8F, 0xB1, 0xCB, 0x13, 0xDF, 0x51, 0x7E, 0x57, 0xAD, 0x68, 0xD5, 0x40,
    0x5C, 0x7D, 0xAA, 0x1F, 0x9D, 0xC1, 0x88, 0x06, 0x4B, 0xC0, 0x15, 0x8A, 0x3E, 0xEC, 0x3A, 0xE6,
    0x5C, 0xF8, 0x0E, 0xBA, 0xF3, 0x18, 0x65, 0xE8, 0x65, 0x72, 0x65, 0x16, 0xCD, 0x09, 0xB8, 0x0E,
    0x1C, 0x1B, 0x25, 0xCF, 0xB8, 0x9D, 0x27, 0xB7, 0xB2, 0x70, 0x69, 0x20, 0x7D, 0x40, 0x15, 0xC8,
    0x33, 0x54, 0xA0, 0x7C, 0x20, 0x84, 0x70, 0x4C, 0xE6, 0xD6, 0x3D, 0xE9, 0xD7, 0xA1, 0x56, 0x72,
    0x6B, 0x04, 0x5F, 0xA3, 0x71, 0x68, 0xAC, 0x1C, 0x28, 0x65, 0xE1, 0xEA, 0x40, 0x76, 0xC7, 0x4D,
    0x0A, 0x0A, 0x24, 0x9D, 0x90, 0xD1, 0x11, 0x2A, 0xDB, 0x80, 0x05, 0x70, 0x49, 0x21, 0x95, 0x0D,
    0x09, 0x6E, 0x10, 0xC2, 0xE7, 0x60, 0xF6, 0xED, 0x3D, 0x14, 0x2D, 0xCC, 0xE6, 0x56, 0xF6, 0x56,
    0xE2, 0x1B, 0xB6, 0x4E, 0x0D, 0x0E, 0x81, 0xD1, 0x31, 0xB6, 0x3E, 0x61, 0xC6, 0x92, 0x6D, 0xCA,
    0xCE, 0x25, 0xE9, 0x84, 0xF4, 0xB2, 0x74, 0x61, 0x43, 0xBB, 0xEC, 0xDF, 0xAB, 0x57, 0x4A, 0x7B,
    0xA7, 0xCD, 0xE2, 0xDD, 0x42, 0x09, 0x5C, 0x17, 0x34, 0x97, 0x65, 0xD4, 0xD9, 0xAB, 0xBD, 0xDE,
    0x29, 0xE5, 0x4A, 0xE9, 0x04, 0x36, 0x9D, 0x27, 0x80, 0x66, 0x92, 0xC3, 0xA1, 0x02, 0x04, 0x5D,
    0x1E, 0x81, 0x36, 0x26, 0xA8, 0x2C, 0x26, 0x0B, 0x21, 0xB5, 0xAD, 0x3F, 0x8E, 0xCE, 0x7A, 0x23,
    0x6C, 0x84, 0x9D, 0xF5, 0x71, 0x54, 0xA5, 0xD0, 0x42, 0x57, 0xE5, 0x30, 0x32, 0x67, 0x28, 0x82,
    0x5C, 0xE1, 0xE2, 0xD8, 0x83, 0x2B, 0x60, 0x2B, 0x38, 0x7D, 0x58, 0x9A, 0x52, 0x51, 0x79, 0xA8,
    0xDA, 0x22, 0x11, 0x51, 0xD5, 0x6D, 0xB5, 0x3E, 0x1C, 0xBC, 0x3F, 0x68, 0xB5, 0x22, 0xE0, 0xF6,
    0xDA, 0x1F, 0x50, 0x7B, 0x24, 0x58, 0xDE, 0x12, 0x07, 0x68, 0x02, 0x09, 0x98, 0x36, 0x6F, 0xE5,
    0x41, 0xBF, 0x9D, 0x25, 0xEA, 0xBA, 0xBC, 0xB8, 0x2E, 0x88, 0x2F, 0x26, 0x6A, 0x79, 0x98, 0x74,
    0x61, 0xDB, 0xA8, 0x17, 0x41, 0x2C, 0x52, 0x5C, 0xD2, 0x32, 0x74, 0x2A, 0x1A, 0x90, 0x4C, 0x56,
    0x3E, 0x51, 0x72, 0xA6, 0x90, 0xD2, 0x31, 0x96, 0xB6, 0xE1, 0x5B, 0x10, 0xFC, 0xFF, 0x8B, 0xDC,
    0xC8, 0x99, 0x42, 0xF0, 0xA5, 0xF0, 0x9D, 0x85, 0x37, 0xAF, 0x7B, 0x72, 0xD5, 0x7C, 0x92, 0x7A,
    0xF4, 0x57, 0x7C, 0x4B, 0xE6, 0x71, 0x66, 0xBF, 0x92, 0xDC, 0xC7, 0x7D, 0x48, 0x9A, 0x50, 0x37,
    0x6C, 0x97, 0xAF, 0xBB, 0x77, 0xDE, 0x18, 0x12, 0x5F, 0x3C, 0xB3, 0x13, 0x73, 0xCF, 0x4C, 0x8F,
    0x86, 0xEF, 0xE2, 0xF3, 0x5D, 0x8E, 0xD1, 0xB0, 0x69, 0xE0, 0x72, 0x8C, 0x9C, 0xC2, 0x51, 0x4A,
    0xB4, 0x4A, 0x6B, 0xB8, 0xF4, 0xCC, 0xEF, 0xBE, 0x15, 0xEE, 0x60, 0x07, 0x56, 0x68, 0x1A, 0x3B,
    0x4A, 0x03, 0x2C, 0x81, 0xC5, 0x2C, 0x5E, 0xA0, 0x09, 0xE7, 0xE3, 0x8E, 0x36, 0xE7, 0xD7, 0xE2,
    0xCF, 0x8F, 0xB1, 0x58, 0x92, 0xFC, 0x6B, 0x82, 0xC0, 0xDB, 0xAC, 0xA3, 0xBA, 0xD6, 0x47, 0xBA,
    0x63, 0xBD, 0x4E, 0x16, 0xA7, 0x08, 0xB8, 0xA0, 0x98, 0x99, 0x1E, 0xBB, 0xA2, 0x98, 0x99, 0xB1,
    0x9D, 0xD3, 0x79, 0x5F, 0x2A, 0x81, 0x28, 0x80, 0xD2, 0x58, 0x3D, 0x34, 0x74, 0x66, 0x86, 0xBE,
    0x86, 0x9B, 0x94, 0xC3, 0xC4, 0xFE, 0x46, 0xE1, 0x40, 0xB2, 0x27, 0x21, 0xE7, 0xF2, 0x65, 0x1E,
    0x9B, 0xD3, 0xC3, 0xC4, 0xB6, 0x3A, 0xE6, 0x27, 0xA0, 0xC2, 0x68, 0x27, 0x9D, 0x90, 0x4A, 0x07,
    0x44, 0x64, 0xF2, 0xA9, 0x3C, 0xBF, 0xCA, 0x48, 0xBA, 0x41, 0x3A, 0xE6, 0xA7, 0x61, 0x67, 0x70,
    0x96, 0x75, 0x4D, 0x04, 0x42, 0x88, 0x76, 0x96, 0xD2, 0x4E, 0x3A, 0x21, 0x84, 0x1B, 0x53, 0x41,
    0x7B, 0x08, 0x88, 0xB1, 0xC6, 0x04, 0x41, 0x3A, 0x21, 0xE7, 0xA6, 0x32, 0xD3, 0xF7, 0x79, 0xB4,
    0xFC, 0x43, 0xD4, 0xBA, 0xB5, 0xE5, 0x9F, 0x82, 0x74, 0x87, 0x5D, 0x46, 0x31, 0xED, 0xF1, 0xA8,
    0xE6, 0x88, 0x9A, 0xAA, 0xD1, 0xB7, 0x1F, 0x20, 0x28, 0xE7, 0x51, 0x66, 0x86, 0xB7, 0xD6, 0xFD,
    0x43, 0xAA, 0x10, 0xC3, 0x68, 0xD8, 0x6D, 0x06, 0xC2, 0xFB, 0x03, 0x55, 0x8F, 0x3D, 0x4A, 0x43,
    0x41, 0x18, 0x45, 0x0F, 0x09, 0x88, 0x98, 0x0C, 0x58, 0xA6, 0x78, 0x28, 0x84, 0x14, 0xC1, 0xC6,
    0x57, 0x8C, 0x5D, 0x08, 0x01, 0x4B, 0xB7, 0x90, 0x62, 0xDC, 0x80, 0xA4, 0xB0, 0xB0, 0x30, 0xF2,
    0x6A, 0xB1, 0x78, 0x4B, 0x98, 0x25, 0xD8, 0x2B, 0x64, 0xC0, 0xD2, 0x66, 0xE2, 0x0A, 0xB2, 0x88,
    0x28, 0x0F, 0xFC, 0xBD, 0xDF, 0xC3, 0x42, 0x07, 0xBE, 0xEE, 0x9C, 0x3B, 0xF7, 0xD2, 0x79, 0xDB,
    0xE0, 0x0E, 0x02, 0x45, 0x1F, 0x56, 0xDF, 0x15, 0x7E, 0x0C, 0xA5, 0xD7, 0x95, 0x10, 0x74, 0x75,
    0x80, 0x1C, 0x21, 0x25, 0x86, 0x2F, 0x15, 0xD3, 0x0B, 0xA0, 0xD3, 0xE0, 0xFA, 0x14, 0x12, 0xB6,
    0x78, 0x6F, 0x68, 0xB9, 0x20, 0xD4, 0xC4, 0x86, 0xBC, 0x41, 0xA0, 0x38, 0xC3, 0x3E, 0x71, 0xCE,
    0x82, 0x57, 0x73, 0x8B, 0x2D, 0x47, 0x46, 0x2A, 0xB3, 0xBE, 0x26, 0x5F, 0xFE, 0xC1, 0x5E, 0x3F,
    0xD4, 0x60, 0xF7, 0xB7, 0x41, 0x23, 0x54, 0x6C, 0x1B, 0x6B, 0x74, 0x20, 0x2E, 0x1E, 0xD5, 0xE0,
    0x9E, 0x94, 0x19, 0xAE, 0x13, 0xD3, 0x9B, 0xD6, 0xF9, 0x92, 0xB3, 0x27, 0xC7, 0xC9, 0xB9, 0x93,
    0x53, 0xC8, 0x19, 0xC8, 0x19, 0xC9, 0x39, 0x91, 0x33, 0x91, 0xE3, 0xFF, 0x39, 0xDD, 0x0C, 0x6E,
    0x0E, 0xC5, 0xC0, 0xFE, 0x99, 0x59, 0xF3, 0x76, 0x65, 0xBB, 0xF4, 0x1C, 0xE2, 0x83, 0x96, 0x5E,
    0x69, 0x29, 0xD6, 0xAC, 0xAD, 0x66, 0xEF, 0x38, 0xB1, 0xAE, 0x7A, 0xCF, 0xDB, 0xA3, 0xA7, 0xD9,
    0xA4, 0xCB, 0xE1, 0x0E, 0xA7, 0xB7, 0xFB, 0xEF, 0x67, 0x71, 0xD9, 0xAB, 0x7E, 0x00, 0x63, 0xE0,
    0x60, 0x60, 0x60, 0xB0, 0x07, 0xE2, 0x83, 0x07, 0x18, 0x98, 0x6F, 0x16, 0x30, 0xF0, 0xFF, 0xB7,
    0x61, 0xB0, 0xFF, 0x67, 0xCF, 0x60, 0xFF, 0xA0, 0x9E, 0x81, 0xFF, 0xF2, 0x1F, 0x06, 0xE6, 0xE7,
    0x1F, 0x18, 0x18, 0x7E, 0x1F, 0x60, 0x60, 0x50, 0x06, 0xAA, 0xE1, 0x61, 0x60, 0x00, 0x00,
};

static const EpdGlyph bookerly_6_italicGlyphs[] = {
    { 0, 0, 0, 0, 0, 0, 0 }, // U+0000
    { 0, 0, 0, 0, 0, 0, 0 }, // U+0008
    { 0, 0, 43, 0, 0, 0, 0 }, // U+0009
    { 0, 0, 43, 0, 0, 0, 0 }, // U+000D
    { 0, 0, 0, 0, 0, 0, 0 }, // U+001D
    { 0, 0, 43, 0, 0, 0, 0 }, // U+0020
    { 5, 10, 61, 0, 10, 13, 0 }, // !
    { 5, 4, 75, 0, 9, 5, 13 }, // "
    { 8, 8, 125, 0, 7, 16, 18 }, // #
    { 8, 12, 112, 0, 10, 24, 34 }, // $
    { 12, 10, 194, 0, 9, 30, 58 }, // %
    { 11, 10, 181, 0, 9, 28, 88 }, // &
    { 3, 4, 41, 0, 9, 3, 116 }, // '
    { 6, 13, 79, 0, 10, 20, 119 }, // (
    { 6, 13, 79, -1, 10, 20, 139 }, // )
    { 5, 4, 76, 0, 9, 5, 159 }, // *
    { 6, 6, 125, 1, 7, 9, 164 }, // +
    { 4, 4, 61, -1, 2, 4, 173 }, // ,
    { 5, 2, 75, 0, 4, 3, 177 }, // -
    { 3, 2, 61, 0, 2, 2, 180 }, // .
    { 8, 10, 100, -1, 9, 20, 182 }, // /
    { 8, 9, 132, 0, 9, 18, 202 }, // 0
    { 6, 9, 85, -1, 9, 14, 220 }, // 1
    { 8, 9, 114, -1, 9, 18, 234 }, // 2
    { 7, 9, 107, 0, 9, 16, 252 }, // 3
    { 8, 9, 121, 0, 9, 18, 268 }, // 4
    { 8, 9, 97, 0, 9, 18, 286 }, // 5
    { 8, 9, 114, 0, 9, 18, 304 }, // 6
    { 8, 9, 106, 1, 9, 18, 322 }, // 7
    { 8, 9, 116, 0, 9, 18, 340 }, // 8
    { 8, 9, 112, -1, 9, 18, 358 }, // 9
    { 4, 7, 61, 0, 7, 7, 376 }, // :
    { 5, 9, 61, -1, 7, 12, 383 }, // ;
    { 6, 6, 125, 1, 7, 9, 395 }, // <
    { 6, 3, 125, 1, 6, 5, 404 }, // =
    { 6, 6, 125, 1, 7, 9, 409 }, // >
    { 5, 11, 83, 1, 11, 14, 418 }, // ?
    { 13, 11, 194, 0, 9, 36, 432 }, // @
    { 10, 9, 146, -1, 9, 23, 468 }, // A
    { 9, 10, 124, -1, 9, 23, 491 }, // B
    { 9, 9, 129, 0, 9, 21, 514 }, // C
    { 10, 10, 145, -1, 9, 25, 535 }, // D
    { 9, 9, 123, -1, 9, 21, 560 }, // E
    { 9, 9, 111, -1, 9, 21, 581 }, // F
    { 9, 9, 142, 0, 9, 21, 602 }, // G
    { 12, 9, 160, -1, 9, 27, 623 }, // H
    { 7, 9, 75, -1, 9, 16, 650 }, // I
    { 9, 11, 71, -3, 9, 25, 666 }, // J
    { 11, 10, 140, -1, 9, 28, 691 }, // K
    { 8, 9, 116, -1, 9, 18, 719 }, // L
    { 13, 9, 181, -1, 9, 30, 737 }, // M
    { 12, 9, 153, -1, 9, 27, 767 }, // N
    { 10, 9, 148, 0, 9, 23, 794 }, // O
    { 9, 9, 118, -1, 9, 21, 817 }, // P
    { 12, 12, 148, 0, 9, 36, 838 }, // Q
    { 9, 9, 130, -1, 9, 21, 874 }, // R
    { 7, 9, 107, 0, 9, 16, 895 }, // S
    { 8, 9, 128, 1, 9, 18, 911 }, // T
    { 10, 9, 153, 1, 9, 23, 929 }, // U
    { 10, 9, 142, 0, 9, 23, 952 }, // V
    { 14, 9, 208, 1, 9, 32, 975 }, // W
    { 11, 9, 134, -1, 9, 25, 1007 }, // X
    { 10, 9, 129, 0, 9, 23, 1032 }, // Y
    { 9, 10, 117, -1, 9, 23, 1055 }, // Z
    { 6, 12, 63, -1, 10, 18, 1078 }, // [
    { 6, 10, 100, 0, 9, 15, 1096 }, // <backslash>
    { 6, 12, 63, -1, 10, 18, 1111 }, // ]
    { 6, 6, 125, 1, 8, 9, 1129 }, // ^
    { 7, 1, 100, 0, -1, 2, 1138 }, // _
    { 4, 3, 123, 2, 11, 3, 1140 }, // `
    { 8, 7, 117, 0, 7, 14, 1143 }, // a
    { 7, 10, 111, 0, 10, 18, 1157 }, // b
    { 6, 7, 89, 0, 7, 11, 1175 }, // c
    { 8, 10, 117, 0, 10, 20, 1186 }, // d
    { 6, 7, 94, 0, 7, 11, 1206 }, // e
    { 10, 13, 82, -3, 10, 33, 1217 }, // f
    { 10, 10, 99, -2, 7, 25, 1250 }, // g
    { 8, 10, 119, 0, 10, 20, 1275 }, // h
    { 5, 10, 65, 0, 10, 13, 1295 }, // i
    { 8, 13, 57, -3, 10, 26, 1308 }, // j
    { 7, 10, 106, 0, 10, 18, 1334 }, // k
    { 4, 10, 61, 0, 10, 10, 1352 }, // l
    { 12, 7, 178, 0, 7, 21, 1362 }, // m
    { 8, 7, 123, 0, 7, 14, 1383 }, // n
    { 7, 7, 109, 0, 7, 13, 1397 }, // o
    { 8, 10, 115, -1, 7, 20, 1410 }, // p
    { 8, 10, 111, 0, 7, 20, 1430 }, // q
    { 6, 7, 86, 0, 7, 11, 1450 }, // r
    { 6, 7, 83, 0, 7, 11, 1461 }, // s
    { 6, 9, 78, 0, 9, 14, 1472 }, // t
    { 8, 7, 122, 0, 7, 14, 1486 }, // u
    { 7, 7, 103, 0, 7, 13, 1500 }, // v
    { 10, 7, 155, 0, 7, 18, 1513 }, // w
    { 9, 7, 112, -1, 7, 16, 1531 }, // x
    { 9, 10, 107, -2, 7, 23, 1547 }, // y
    { 6, 7, 94, 0, 7, 11, 1570 }, // z
    { 6, 12, 79, 0, 10, 18, 1581 }, // {
    { 4, 12, 58, 0, 10, 12, 1599 }, // |
    { 6, 12, 79, -1, 10, 18, 1611 }, // }
    { 6, 3, 125, 1, 6, 5, 1629 }, // ~
    { 0, 0, 43, 0, 0, 0, 0 }, // U+00A0
    { 5, 10, 61, -1, 7, 13, 0 }, // U+00A1
    { 7, 13, 111, 0, 10, 23, 13 }, // U+00A2
    { 8, 8, 122, 0, 8, 16, 36 }, // U+00A3
    { 8, 7, 118, 0, 7, 14, 52 }, // U+00A4
    { 9, 8, 120, 0, 8, 18, 66 }, // U+00A5
    { 4, 12, 58, 0, 10, 12, 84 }, // U+00A6
    { 6, 10, 99, 0, 9, 15, 96 }, // U+00A7
    { 6, 2, 123, 1, 10, 3, 111 }, // U+00A8
    { 10, 9, 156, 0, 9, 23, 114 }, // U+00A9
    { 6, 6, 86, 0, 9, 9, 137 }, // U+00AA
    { 7, 5, 103, 0, 6, 9, 146 }, // U+00AB
    { 6, 3, 125, 1, 6, 5, 155 }, // U+00AC
    { 5, 2, 75, 0, 4, 3, 160 }, // U+00AD
    { 8, 7, 116, 0, 10, 14, 163 }, // U+00AE
    { 4, 1, 123, 2, 9, 1, 177 }, // U+00AF
    { 5, 4, 106, 1, 9, 5, 178 }, // U+00B0
    { 6, 8, 125, 1, 8, 12, 183 }, // U+00B1
    { 6, 6, 89, 0, 11, 9, 195 }, // U+00B2
    { 5, 6, 89, 0, 11, 8, 204 }, // U+00B3
    { 4, 3, 123, 2, 11, 3, 212 }, // U+00B4
    { 9, 10, 119, -1, 7, 23, 215 }, // U+00B5
    { 9, 11, 118, -1, 9, 25, 238 }, // U+00B6
    { 2, 2, 61, 1, 5, 1, 263 }, // U+00B7
    { 4, 3, 123, 2, -1, 3, 264 }, // U+00B8
    { 4, 6, 89, 1, 11, 6, 267 }, // U+00B9
    { 6, 6, 88, 0, 9, 9, 273 }, // U+00BA
    { 7, 5, 103, 0, 6, 9, 282 }, // U+00BB
    { 13, 10, 215, 1, 9, 33, 291 }, // U+00BC
    { 13, 10, 215, 1, 9, 33, 324 }, // U+00BD
    { 14, 10, 215, 0, 9, 35, 357 }, // U+00BE
    { 5, 10, 83, 0, 7, 13, 392 }, // U+00BF
    { 10, 12, 146, -1, 12, 30, 405 }, // U+00C0
    { 10, 13, 146, -1, 13, 33, 435 }, // U+00C1
    { 10, 12, 146, -1, 12, 30, 468 }, // U+00C2
    { 10, 13, 146, -1, 13, 33, 498 }, // U+00C3
    { 10, 12, 146, -1, 12, 30, 531 }, // U+00C4
    { 10, 13, 146, -1, 13, 33, 561 }, // U+00C5
    { 13, 9, 180, -1, 9, 30, 594 }, // U+00C6
    { 9, 13, 129, 0, 9, 30, 624 }, // U+00C7
    { 9, 12, 123, -1, 12, 27, 654 }, // U+00C8
    { 9, 13, 123, -1, 13, 30, 681 }, // U+00C9
    { 9, 12, 123, -1, 12, 27, 711 }, // U+00CA
    { 9, 12, 123, -1, 12, 27, 738 }, // U+00CB
    { 7, 12, 75, -1, 12, 21, 765 }, // U+00CC
    { 7, 13, 75, -1, 13, 23, 786 }, // U+00CD
    { 7, 12, 75, -1, 12, 21, 809 }, // U+00CE
    { 7, 12, 75, -1, 12, 21, 830 }, // U+00CF
    { 10, 9, 145, -1, 9, 23, 851 }, // U+00D0
    { 12, 13, 153, -1, 13, 39, 874 }, // U+00D1
    { 10, 12, 148, 0, 12, 30, 913 }, // U+00D2
    { 10, 13, 148, 0, 13, 33, 943 }, // U+00D3
    { 10, 12, 148, 0, 12, 30, 976 }, // U+00D4
    { 10, 13, 148, 0, 13, 33, 1006 }, // U+00D5
    { 10, 12, 148, 0, 12, 30, 1039 }, // U+00D6
    { 6, 5, 125, 1, 7, 8, 1069 }, // U+00D7
    { 11, 9, 148, -1, 9, 25, 1077 }, // U+00D8
    { 10, 12, 153, 1, 12, 30, 1102 }, // U+00D9
    { 10, 13, 153, 1, 13, 33, 1132 }, // U+00DA
    { 10, 12, 153, 1, 12, 30, 1165 }, // U+00DB
    { 10, 12, 153, 1, 12, 30, 1195 }, // U+00DC
    { 10, 13, 129, 0, 13, 33, 1225 }, // U+00DD
    { 9, 9, 118, -1, 9, 21, 1258 }, // U+00DE
    { 10, 13, 128, -2, 10, 33, 1279 }, // U+00DF
    { 8, 11, 117, 0, 11, 22, 1312 }, // U+00E0
    { 8, 11, 117, 0, 11, 22, 1334 }, // U+00E1
    { 8, 11, 117, 0, 11, 22, 1356 }, // U+00E2
    { 8, 11, 117, 0, 11, 22, 1378 }, // U+00E3
    { 8, 10, 117, 0, 10, 20, 1400 }, // U+00E4
    { 8, 12, 117, 0, 12, 24, 1420 }, // U+00E5
    { 10, 7, 154, 0, 7, 18, 1444 }, // U+00E6
    { 6, 11, 89, 0, 7, 17, 1462 }, // U+00E7
    { 6, 11, 94, 0, 11, 17, 1479 }, // U+00E8
    { 6, 11, 94, 0, 11, 17, 1496 }, // U+00E9
    { 7, 11, 94, 0, 11, 20, 1513 }, // U+00EA
    { 7, 10, 94, 0, 10, 18, 1533 }, // U+00EB
    { 4, 11, 66, 0, 11, 11, 1551 }, // U+00EC
    { 5, 11, 66, 0, 11, 14, 1562 }, // U+00ED
    { 5, 11, 66, 0, 11, 14, 1576 }, // U+00EE
    { 6, 10, 66, 0, 10, 15, 1590 }, // U+00EF
    { 7, 10, 109, 0, 10, 18, 1605 }, // U+00F0
    { 8, 11, 123, 0, 11, 22, 1623 }, // U+00F1
    { 7, 11, 109, 0, 11, 20, 1645 }, // U+00F2
    { 7, 11, 109, 0, 11, 20, 1665 }, // U+00F3
    { 7, 11, 109, 0, 11, 20, 1685 }, // U+00F4
    { 7, 11, 109, 0, 11, 20, 1705 }, // U+00F5
    { 7, 10, 109, 0, 10, 18, 1725 }, // U+00F6
    { 6, 7, 125, 1, 8, 11, 1743 }, // U+00F7
    { 9, 7, 109, -1, 7, 16, 1754 }, // U+00F8
    { 8, 11, 122, 0, 11, 22, 1770 }, // U+00F9
    { 8, 11, 122, 0, 11, 22, 1792 }, // U+00FA
    { 8, 11, 122, 0, 11, 22, 1814 }, // U+00FB
    { 8, 10, 122, 0, 10, 20, 1836 }, // U+00FC
    { 9, 14, 107, -2, 11, 32, 1856 }, // U+00FD
    { 8, 13, 111, -1, 10, 26, 1888 }, // U+00FE
    { 9, 13, 107, -2, 10, 30, 1914 }, // U+00FF
    { 10, 12, 146, -1, 12, 30, 0 }, // U+0100
    { 8, 9, 117, 0, 9, 18, 30 }, // U+0101
    { 10, 12, 146, -1, 12, 30, 48 }, // U+0102
    { 8, 10, 117, 0, 10, 20, 78 }, // U+0103
    { 10, 12, 146, -1, 9, 30, 98 }, // U+0104
    { 8, 10, 117, 0, 7, 20, 128 }, // U+0105
    { 9, 13, 129, 0, 13, 30, 148 }, // U+0106
    { 6, 11, 89, 0, 11, 17, 178 }, // U+0107
    { 9, 12, 129, 0, 12, 27, 195 }, // U+0108
    { 7, 11, 89, 0, 11, 20, 222 }, // U+0109
    { 9, 12, 129, 0, 12, 27, 242 }, // U+010A
    { 6, 10, 89, 0, 10, 15, 269 }, // U+010B
    { 9, 13, 129, 0, 13, 30, 284 }, // U+010C
    { 7, 11, 89, 0, 11, 20, 314 }, // U+010D
    { 10, 14, 145, -1, 13, 35, 334 }, // U+010E
    { 10, 10, 122, 0, 10, 25, 369 }, // U+010F
    { 10, 9, 145, -1, 9, 23, 394 }, // U+0110
    { 9, 10, 117, 0, 10, 23, 417 }, // U+0111
    { 9, 12, 123, -1, 12, 27, 440 }, // U+0112
    { 7, 9, 94, 0, 9, 16, 467 }, // U+0113
    { 9, 12, 123, -1, 12, 27, 483 }, // U+0114
    { 7, 10, 94, 0, 10, 18, 510 }, // U+0115
    { 9, 12, 123, -1, 12, 27, 528 }, // U+0116
    { 6, 10, 94, 0, 10, 15, 555 }, // U+0117
    { 9, 12, 123, -1, 9, 27, 570 }, // U+0118
    { 6, 10, 94, 0, 7, 15, 597 }, // U+0119
    { 9, 13, 123, -1, 13, 30, 612 }, // U+011A
    { 7, 11, 94, 0, 11, 20, 642 }, // U+011B
    { 9, 12, 142, 0, 12, 27, 662 }, // U+011C
    { 10, 14, 99, -2, 11, 35, 689 }, // U+011D
    { 9, 12, 142, 0, 12, 27, 724 }, // U+011E
    { 10, 13, 99, -2, 10, 33, 751 }, // U+011F
    { 9, 12, 142, 0, 12, 27, 784 }, // U+0120
    { 10, 13, 99, -2, 10, 33, 811 }, // U+0121
    { 9, 13, 142, 0, 9, 30, 844 }, // U+0122
    { 10, 14, 99, -2, 11, 35, 874 }, // U+0123
    { 12, 12, 160, -1, 12, 36, 909 }, // U+0124
    { 8, 13, 119, 0, 13, 26, 945 }, // U+0125
    { 12, 9, 160, -1, 9, 27, 971 }, // U+0126
    { 8, 10, 119, 0, 10, 20, 998 }, // U+0127
    { 7, 13, 75, -1, 13, 23, 1018 }, // U+0128
    { 6, 11, 66, 0, 11, 17, 1041 }, // U+0129
    { 7, 12, 75, -1, 12, 21, 1058 }, // U+012A
    { 6, 9, 66, 0, 9, 14, 1079 }, // U+012B
    { 7, 12, 75, -1, 12, 21, 1093 }, // U+012C
    { 6, 10, 66, 0, 10, 15, 1114 }, // U+012D
    { 7, 12, 75, -1, 9, 21, 1129 }, // U+012E
    { 5, 13, 65, 0, 10, 17, 1150 }, // U+012F
    { 7, 12, 75, -1, 12, 21, 1167 }, // U+0130
    { 4, 7, 65, 0, 7, 7, 1188 }, // U+0131
    { 12, 11, 145, -1, 9, 33, 1195 }, // U+0132
    { 9, 13, 122, 0, 10, 30, 1228 }, // U+0133
    { 9, 14, 71, -3, 12, 32, 1258 }, // U+0134
    { 8, 14, 57, -3, 11, 28, 1290 }, // U+0135
    { 11, 13, 140, -1, 9, 36, 1318 }, // U+0136
    { 7, 14, 106, 0, 10, 25, 1354 }, // U+0137
    { 7, 7, 108, 0, 7, 13, 1379 }, // U+0138
    { 8, 13, 116, -1, 13, 26, 1392 }, // U+0139
    { 5, 13, 61, 0, 13, 17, 1418 }, // U+013A
    { 8, 13, 116, -1, 9, 26, 1435 }, // U+013B
    { 5, 14, 61, -1, 10, 18, 1461 }, // U+013C
    { 9, 10, 116, -1, 10, 23, 1479 }, // U+013D
    { 7, 10, 67, 0, 10, 18, 1502 }, // U+013E
    { 9, 9, 117, -1, 9, 21, 1520 }, // U+013F
    { 6, 10, 81, 0, 10, 15, 1541 }, // U+0140
    { 8, 9, 116, -1, 9, 18, 1556 }, // U+0141
    { 6, 10, 61, -1, 10, 15, 1574 }, // U+0142
    { 12, 13, 153, -1, 13, 39, 1589 }, // U+0143
    { 8, 11, 123, 0, 11, 22, 1628 }, // U+0144
    { 12, 13, 153, -1, 9, 39, 1650 }, // U+0145
    { 8, 11, 123, 0, 7, 22, 1689 }, // U+0146
    { 12, 13, 153, -1, 13, 39, 1711 }, // U+0147
    { 8, 11, 123, 0, 11, 22, 1750 }, // U+0148
    { 11, 10, 165, 0, 10, 28, 1772 }, // U+0149
    { 12, 11, 153, -1, 9, 33, 1800 }, // U+014A
    { 7, 10, 116, 0, 7, 18, 1833 }, // U+014B
    { 10, 12, 148, 0, 12, 30, 1851 }, // U+014C
    { 7, 9, 109, 0, 9, 16, 1881 }, // U+014D
    { 10, 12, 148, 0, 12, 30, 1897 }, // U+014E
    { 7, 10, 109, 0, 10, 18, 1927 }, // U+014F
    { 10, 13, 148, 0, 13, 33, 1945 }, // U+0150
    { 8, 11, 109, 0, 11, 22, 1978 }, // U+0151
    { 13, 9, 193, 0, 9, 30, 2000 }, // U+0152
    { 11, 7, 163, 0, 7, 20, 2030 }, // U+0153
    { 9, 13, 130, -1, 13, 30, 2050 }, // U+0154
    { 6, 11, 86, 0, 11, 17, 2080 }, // U+0155
    { 9, 13, 130, -1, 9, 30, 2097 }, // U+0156
    { 7, 11, 86, -1, 7, 20, 2127 }, // U+0157
    { 9, 13, 130, -1, 13, 30, 2147 }, // U+0158
    { 7, 11, 86, 0, 11, 20, 2177 }, // U+0159
    { 7, 13, 107, 0, 13, 23, 2197 }, // U+015A
    { 6, 11, 83, 0, 11, 17, 2220 }, // U+015B
    { 7, 12, 107, 0, 12, 21, 2237 }, // U+015C
    { 6, 11, 83, 0, 11, 17, 2258 }, // U+015D
    { 7, 13, 107, 0, 9, 23, 2275 }, // U+015E
    { 6, 11, 83, 0, 7, 17, 2298 }, // U+015F
    { 8, 13, 107, 0, 13, 26, 2315 }, // U+0160
    { 7, 11, 83, 0, 11, 20, 2341 }, // U+0161
    { 8, 13, 128, 1, 9, 26, 2361 }, // U+0162
    { 6, 13, 78, 0, 9, 20, 2387 }, // U+0163
    { 8, 13, 128, 1, 13, 26, 2407 }, // U+0164
    { 6, 10, 78, 0, 10, 15, 2433 }, // U+0165
    { 8, 9, 128, 1, 9, 18, 2448 }, // U+0166
    { 6, 9, 78, 0, 9, 14, 2466 }, // U+0167
    { 10, 13, 153, 1, 13, 33, 2480 }, // U+0168
    { 8, 11, 122, 0, 11, 22, 2513 }, // U+0169
    { 10, 12, 153, 1, 12, 30, 2535 }, // U+016A
    { 8, 9, 122, 0, 9, 18, 2565 }, // U+016B
    { 10, 12, 153, 1, 12, 30, 2583 }, // U+016C
    { 8, 10, 122, 0, 10, 20, 2613 }, // U+016D
    { 10, 13, 153, 1, 13, 33, 2633 }, // U+016E
    { 8, 12, 122, 0, 12, 24, 2666 }, // U+016F
    { 10, 13, 153, 1, 13, 33, 2690 }, // U+0170
    { 8, 11, 122, 0, 11, 22, 2723 }, // U+0171
    { 10, 12, 153, 1, 9, 30, 2745 }, // U+0172
    { 8, 10, 122, 0, 7, 20, 2775 }, // U+0173
    { 14, 12, 208, 1, 12, 42, 2795 }, // U+0174
    { 10, 11, 155, 0, 11, 28, 2837 }, // U+0175
    { 10, 12, 129, 0, 12, 30, 2865 }, // U+0176
    { 9, 14, 107, -2, 11, 32, 2895 }, // U+0177
    { 10, 12, 129, 0, 12, 30, 2927 }, // U+0178
    { 9, 14, 117, -1, 13, 32, 2957 }, // U+0179
    { 6, 11, 94, 0, 11, 17, 2989 }, // U+017A
    { 9, 13, 117, -1, 12, 30, 3006 }, // U+017B
    { 6, 10, 94, 0, 10, 15, 3036 }, // U+017C
    { 9, 14, 117, -1, 13, 32, 3051 }, // U+017D
    { 7, 11, 94, 0, 11, 20, 3083 }, // U+017E
    { 10, 13, 82, -3, 10, 33, 3103 }, // U+017F
    { 19, 14, 271, -1, 13, 67, 0 }, // U+01C4
    { 17, 12, 247, -1, 11, 51, 67 }, // U+01C5
    { 15, 11, 222, 0, 11, 42, 118 }, // U+01C6
    { 14, 11, 187, -1, 9, 39, 160 }, // U+01C7
    { 13, 13, 171, -1, 10, 43, 199 }, // U+01C8
    { 9, 13, 119, 0, 10, 30, 242 }, // U+01C9
    { 17, 11, 224, -1, 9, 47, 272 }, // U+01CA
    { 16, 13, 211, -1, 10, 52, 319 }, // U+01CB
    { 13, 13, 180, 0, 10, 43, 371 }, // U+01CC
    { 10, 13, 146, -1, 13, 33, 414 }, // U+01CD
    { 8, 11, 117, 0, 11, 22, 447 }, // U+01CE
    { 8, 13, 75, -1, 13, 26, 469 }, // U+01CF
    { 6, 11, 66, 0, 11, 17, 495 }, // U+01D0
    { 10, 13, 148, 0, 13, 33, 512 }, // U+01D1
    { 8, 11, 109, 0, 11, 22, 545 }, // U+01D2
    { 10, 13, 153, 1, 13, 33, 567 }, // U+01D3
    { 8, 11, 122, 0, 11, 22, 600 }, // U+01D4
    { 10, 14, 153, 1, 14, 35, 622 }, // U+01D5
    { 8, 12, 122, 0, 12, 24, 657 }, // U+01D6
    { 10, 15, 153, 1, 15, 38, 681 }, // U+01D7
    { 8, 14, 122, 0, 14, 28, 719 }, // U+01D8
    { 10, 15, 153, 1, 15, 38, 747 }, // U+01D9
    { 8, 14, 122, 0, 14, 28, 785 }, // U+01DA
    { 10, 15, 153, 1, 15, 38, 813 }, // U+01DB
    { 8, 14, 122, 0, 14, 28, 851 }, // U+01DC
    { 6, 7, 96, 0, 7, 11, 879 }, // U+01DD
    { 10, 14, 146, -1, 14, 35, 890 }, // U+01DE
    { 8, 12, 117, 0, 12, 24, 925 }, // U+01DF
    { 10, 15, 146, -1, 15, 38, 949 }, // U+01E0
    { 8, 12, 117, 0, 12, 24, 987 }, // U+01E1
    { 13, 12, 180, -1, 12, 39, 1011 }, // U+01E2
    { 10, 9, 154, 0, 9, 23, 1050 }, // U+01E3
    { 9, 9, 142, 0, 9, 21, 1073 }, // U+01E4
    { 10, 10, 99, -2, 7, 25, 1094 }, // U+01E5
    { 9, 13, 142, 0, 13, 30, 1119 }, // U+01E6
    { 10, 14, 99, -2, 11, 35, 1149 }, // U+01E7
    { 11, 14, 140, -1, 13, 39, 1184 }, // U+01E8
    { 7, 14, 106, 0, 14, 25, 1223 }, // U+01E9
    { 10, 12, 148, 0, 9, 30, 1248 }, // U+01EA
    { 7, 10, 109, 0, 7, 18, 1278 }, // U+01EB
    { 10, 15, 148, 0, 12, 38, 1296 }, // U+01EC
    { 7, 12, 109, 0, 9, 21, 1334 }, // U+01ED
    { 9, 13, 114, -1, 13, 30, 1355 }, // U+01EE
    { 8, 14, 103, -1, 11, 28, 1385 }, // U+01EF
    { 9, 14, 57, -3, 11, 32, 1413 }, // U+01F0
    { 18, 10, 264, -1, 9, 45, 1445 }, // U+01F1
    { 17, 10, 240, -1, 9, 43, 1490 }, // U+01F2
    { 14, 10, 212, 0, 10, 35, 1533 }, // U+01F3
    { 9, 13, 142, 0, 13, 30, 1568 }, // U+01F4
    { 10, 14, 99, -2, 11, 35, 1598 }, // U+01F5
    { 12, 12, 153, -1, 12, 36, 1633 }, // U+01F8
    { 8, 11, 123, 0, 11, 22, 1669 }, // U+01F9
    { 10, 14, 146, -1, 14, 35, 1691 }, // U+01FA
    { 8, 15, 117, 0, 15, 30, 1726 }, // U+01FB
    { 13, 13, 180, -1, 13, 43, 1756 }, // U+01FC
    { 10, 11, 154, 0, 11, 28, 1799 }, // U+01FD
    { 11, 13, 156, -1, 13, 36, 1827 }, // U+01FE
    { 9, 11, 109, -1, 11, 25, 1863 }, // U+01FF
    { 10, 13, 146, -1, 13, 33, 1888 }, // U+0200
    { 8, 11, 117, 0, 11, 22, 1921 }, // U+0201
    { 10, 13, 146, -1, 13, 33, 1943 }, // U+0202
    { 8, 10, 117, 0, 10, 20, 1976 }, // U+0203
    { 9, 13, 123, -1, 13, 30, 1996 }, // U+0204
    { 6, 11, 94, 0, 11, 17, 2026 }, // U+0205
    { 9, 13, 123, -1, 13, 30, 2043 }, // U+0206
    { 7, 10, 94, 0, 10, 18, 2073 }, // U+0207
    { 7, 13, 75, -1, 13, 23, 2091 }, // U+0208
    { 5, 11, 66, 0, 11, 14, 2114 }, // U+0209
    { 7, 13, 75, -1, 13, 23, 2128 }, // U+020A
    { 6, 10, 66, 0, 10, 15, 2151 }, // U+020B
    { 10, 13, 148, 0, 13, 33, 2166 }, // U+020C
    { 7, 11, 109, 0, 11, 20, 2199 }, // U+020D
    { 10, 13, 148, 0, 13, 33, 2219 }, // U+020E
    { 7, 10, 109, 0, 10, 18, 2252 }, // U+020F
    { 9, 13, 130, -1, 13, 30, 2270 }, // U+0210
    { 6, 11, 86, 0, 11, 17, 2300 }, // U+0211
    { 9, 13, 130, -1, 13, 30, 2317 }, // U+0212
    { 7, 10, 86, 0, 10, 18, 2347 }, // U+0213
    { 10, 13, 153, 1, 13, 33, 2365 }, // U+0214
    { 8, 11, 122, 0, 11, 22, 2398 }, // U+0215
    { 10, 13, 153, 1, 13, 33, 2420 }, // U+0216
    { 8, 10, 122, 0, 10, 20, 2453 }, // U+0217
    { 7, 13, 107, 0, 9, 23, 2473 }, // U+0218
    { 6, 11, 83, 0, 7, 17, 2496 }, // U+0219
    { 8, 13, 128, 1, 9, 26, 2513 }, // U+021A
    { 6, 13, 78, 0, 9, 20, 2539 }, // U+021B
    { 8, 10, 114, -1, 9, 20, 2559 }, // U+021C
    { 7, 10, 94, -1, 7, 18, 2579 }, // U+021D
    { 12, 13, 160, -1, 13, 39, 2597 }, // U+021E
    { 8, 14, 119, 0, 14, 28, 2636 }, // U+021F
    { 3, 3, 0, -2, 11, 3, 0 }, // U+0300
    { 3, 3, 0, -1, 11, 3, 3 }, // U+0301
    { 5, 3, 0, -3, 11, 4, 6 }, // U+0302
    { 6, 3, 0, -3, 11, 5, 10 }, // U+0303
    { 4, 1, 0, -2, 9, 1, 15 }, // U+0304
    { 5, 2, 0, -2, 10, 3, 16 }, // U+0306
    { 2, 2, 0, -1, 10, 1, 19 }, // U+0307
    { 6, 2, 0, -3, 10, 3, 20 }, // U+0308
    { 4, 5, 0, -2, 13, 5, 23 }, // U+0309
    { 4, 4, 0, -2, 11, 4, 28 }, // U+030A
    { 6, 3, 0, -3, 11, 5, 32 }, // U+030B
    { 5, 3, 0, -2, 11, 4, 37 }, // U+030C
    { 5, 3, 0, -3, 11, 4, 41 }, // U+030F
    { 5, 2, 0, -3, 10, 3, 45 }, // U+0311
    { 4, 3, 0, -2, 10, 3, 48 }, // U+0312
    { 3, 3, 0, -1, 11, 3, 51 }, // U+0313
    { 3, 3, 0, -2, 11, 3, 54 }, // U+0314
    { 2, 4, 0, -1, 10, 2, 57 }, // U+0315
    { 4, 3, 0, -2, 8, 3, 59 }, // U+031B
    { 2, 2, 0, -1, -1, 1, 62 }, // U+0323
    { 6, 2, 0, -3, -1, 3, 63 }, // U+0324
    { 4, 3, 0, -2, -1, 3, 66 }, // U+0325
    { 3, 3, 0, -2, -1, 3, 69 }, // U+0326
    { 4, 3, 0, -2, -1, 3, 72 }, // U+0327
    { 4, 4, 0, -2, 1, 4, 75 }, // U+0328
    { 3, 2, 54, -1, -1, 2, 79 }, // U+0329
    { 5, 4, 0, -3, 0, 5, 81 }, // U+032D
    { 5, 3, 0, -3, -1, 4, 86 }, // U+032E
    { 6, 3, 0, -3, -1, 5, 90 }, // U+0330
    { 4, 1, 0, -2, -1, 1, 95 }, // U+0331
    { 5, 2, 0, -3, 10, 3, 96 }, // U+0342
    { 5, 5, 0, -3, 13, 7, 99 }, // U+0344
    { 3, 2, 0, -1, -1, 2, 106 }, // U+0345
    { 0, 0, 100, 0, 0, 0, 0 }, // U+2000
    { 0, 0, 200, 0, 0, 0, 0 }, // U+2001
    { 0, 0, 100, 0, 0, 0, 0 }, // U+2002
    { 0, 0, 200, 0, 0, 0, 0 }, // U+2003
    { 0, 0, 67, 0, 0, 0, 0 }, // U+2004
    { 0, 0, 50, 0, 0, 0, 0 }, // U+2005
    { 0, 0, 33, 0, 0, 0, 0 }, // U+2006
    { 0, 0, 125, 0, 0, 0, 0 }, // U+2007
    { 0, 0, 55, 0, 0, 0, 0 }, // U+2008
    { 0, 0, 40, 0, 0, 0, 0 }, // U+2009
    { 0, 0, 10, 0, 0, 0, 0 }, // U+200A
    { 0, 0, 0, 0, 0, 0, 0 }, // U+200B
    { 2, 11, 0, -1, 8, 6, 0 }, // U+200C
    { 4, 12, 0, -2, 9, 12, 6 }, // U+200D
    { 6, 13, 0, -3, 10, 20, 18 }, // U+200E
    { 6, 13, 0, -3, 10, 20, 38 }, // U+200F
    { 5, 2, 75, 0, 4, 3, 58 }, // U+2010
    { 5, 2, 75, 0, 4, 3, 61 }, // U+2011
    { 7, 1, 125, 1, 5, 2, 64 }, // U+2012
    { 7, 1, 100, 0, 3, 2, 66 }, // U+2013
    { 13, 1, 200, 0, 4, 4, 68 }, // U+2014
    { 13, 1, 200, 0, 4, 4, 72 }, // U+2015
    { 5, 13, 100, 1, 10, 17, 76 }, // U+2016
    { 7, 3, 100, 0, -1, 6, 93 }, // U+2017
    { 3, 4, 60, 1, 10, 3, 99 }, // U+2018
    { 4, 4, 60, 0, 10, 4, 102 }, // U+2019
    { 3, 4, 60, 0, 2, 3, 106 }, // U+201A
    { 3, 4, 47, 0, 10, 3, 109 }, // U+201B
    { 6, 4, 100, 1, 10, 6, 112 }, // U+201C
    { 6, 4, 100, 0, 10, 6, 118 }, // U+201D
    { 6, 4, 100, 0, 2, 6, 124 }, // U+201E
    { 6, 4, 87, 0, 10, 6, 130 }, // U+201F
    { 6, 8, 93, 0, 9, 12, 136 }, // U+2020
    { 6, 10, 93, 0, 9, 15, 148 }, // U+2021
    { 4, 3, 60, 0, 5, 3, 163 }, // U+2022
    { 6, 5, 125, 1, 7, 8, 166 }, // U+2023
    { 3, 2, 55, 0, 1, 2, 174 }, // U+2024
    { 6, 2, 100, 0, 2, 3, 176 }, // U+2025
    { 11, 2, 200, 1, 2, 6, 179 }, // U+2026
    { 3, 2, 55, 0, 4, 2, 185 }, // U+2027
    { 0, 0, 0, 0, 0, 0, 187 }, // U+2028
    { 0, 0, 0, 0, 0, 0, 187 }, // U+2029
    { 6, 13, 0, -3, 10, 20, 187 }, // U+202A
    { 6, 13, 0, -3, 10, 20, 207 }, // U+202B
    { 4, 12, 0, -2, 9, 12, 227 }, // U+202C
    { 6, 13, 0, -3, 10, 20, 239 }, // U+202D
    { 6, 13, 0, -3, 10, 20, 259 }, // U+202E
    { 0, 0, 21, 0, 0, 0, 279 }, // U+202F
    { 17, 10, 273, 0, 9, 43, 279 }, // U+2030
    { 3, 4, 52, 0, 9, 3, 322 }, // U+2032
    { 6, 4, 91, 0, 9, 6, 325 }, // U+2033
    { 9, 4, 130, 0, 9, 9, 331 }, // U+2034
    { 3, 4, 52, 0, 9, 3, 340 }, // U+2035
    { 6, 4, 96, 0, 9, 6, 343 }, // U+2036
    { 9, 4, 140, 0, 9, 9, 349 }, // U+2037
    { 6, 3, 100, 0, 0, 5, 358 }, // U+2038
    { 4, 5, 63, 0, 6, 5, 363 }, // U+2039
    { 4, 5, 63, 0, 6, 5, 368 }, // U+203A
    { 9, 8, 125, 0, 8, 18, 373 }, // U+203B
    { 8, 10, 115, 0, 10, 20, 391 }, // U+203C
    { 7, 1, 100, 0, 10, 2, 411 }, // U+203E
    { 4, 2, 60, 0, 4, 2, 413 }, // U+2043
    { 9, 10, 47, -3, 9, 23, 415 }, // U+2044
    { 10, 11, 163, 1, 11, 28, 438 }, // U+2047
    { 9, 11, 140, 1, 11, 25, 466 }, // U+2048
    { 10, 11, 144, 0, 11, 28, 491 }, // U+2049
    { 7, 4, 200, 3, 6, 7, 519 }, // U+2053
    { 11, 4, 169, 0, 9, 11, 526 }, // U+2057
    { 0, 0, 44, 0, 0, 0, 537 }, // U+205F
    { 0, 0, 0, 0, 0, 0, 537 }, // U+2060
    { 0, 0, 0, 0, 0, 0, 537 }, // U+2061
    { 0, 0, 0, 0, 0, 0, 537 }, // U+2062
    { 0, 0, 0, 0, 0, 0, 537 }, // U+2063
    { 0, 0, 0, 0, 0, 0, 537 }, // U+2064
    { 6, 6, 89, 0, 11, 9, 0 }, // U+2070
    { 6, 6, 89, 0, 11, 9, 9 }, // U+2074
    { 6, 6, 89, 0, 11, 9, 18 }, // U+2075
    { 6, 6, 89, 0, 11, 9, 27 }, // U+2076
    { 5, 6, 89, 1, 11, 8, 36 }, // U+2077
    { 6, 6, 89, 0, 11, 9, 44 }, // U+2078
    { 6, 6, 89, 0, 11, 9, 53 }, // U+2079
    { 6, 4, 113, 1, 9, 6, 62 }, // U+207F
    { 6, 6, 89, 0, 4, 9, 68 }, // U+2080
    { 4, 6, 89, 1, 4, 6, 77 }, // U+2081
    { 6, 6, 89, 0, 4, 9, 83 }, // U+2082
    { 5, 6, 89, 0, 4, 8, 92 }, // U+2083
    { 6, 6, 89, 0, 4, 9, 100 }, // U+2084
    { 6, 6, 89, 0, 4, 9, 109 }, // U+2085
    { 6, 6, 89, 0, 4, 9, 118 }, // U+2086
    { 5, 6, 89, 1, 4, 8, 127 }, // U+2087
    { 6, 6, 89, 0, 4, 9, 135 }, // U+2088
    { 6, 6, 89, 0, 4, 9, 144 }, // U+2089
    { 8, 8, 116, 0, 8, 16, 0 }, // U+20A3
    { 8, 8, 122, 0, 8, 16, 16 }, // U+20A4
    { 16, 8, 249, 0, 8, 32, 32 }, // U+20A7
    { 9, 8, 125, 0, 8, 18, 64 }, // U+20AC
    { 9, 5, 200, 2, 7, 12, 0 }, // U+2190
    { 7, 8, 200, 3, 9, 14, 12 }, // U+2191
    { 9, 5, 200, 2, 7, 12, 26 }, // U+2192
    { 7, 8, 200, 3, 9, 14, 38 }, // U+2193
    { 9, 5, 200, 2, 7, 12, 52 }, // U+2194
    { 7, 8, 200, 3, 9, 14, 64 }, // U+2195
    { 7, 8, 200, 3, 9, 14, 78 }, // U+21A8
    { 7, 8, 200, 3, 9, 14, 92 }, // U+21B2
    { 7, 8, 200, 3, 9, 14, 106 }, // U+21B3
    { 7, 6, 200, 3, 8, 11, 120 }, // U+21B5
    { 9, 5, 200, 2, 7, 12, 131 }, // U+21D0
    { 7, 8, 200, 3, 9, 14, 143 }, // U+21D1
    { 9, 5, 200, 2, 7, 12, 157 }, // U+21D2
    { 7, 8, 200, 3, 9, 14, 169 }, // U+21D3
    { 9, 5, 200, 2, 7, 12, 183 }, // U+21D4
    { 9, 9, 200, 2, 9, 21, 0 }, // U+2200
    { 7, 10, 125, 1, 10, 18, 21 }, // U+2202
    { 7, 9, 200, 3, 9, 16, 39 }, // U+2203
    { 11, 11, 200, 1, 10, 31, 55 }, // U+2205
    { 9, 9, 132, 0, 9, 21, 86 }, // U+2206
    { 9, 9, 200, 2, 9, 21, 107 }, // U+2207
    { 9, 9, 200, 2, 9, 21, 128 }, // U+2208
    { 9, 11, 200, 2, 10, 25, 149 }, // U+2209
    { 9, 7, 200, 2, 8, 16, 174 }, // U+220A
    { 9, 9, 200, 2, 9, 21, 190 }, // U+220B
    { 9, 11, 200, 2, 10, 25, 211 }, // U+220C
    { 9, 7, 200, 2, 8, 16, 236 }, // U+220D
    { 11, 11, 162, 0, 9, 31, 252 }, // U+220F
    { 8, 12, 122, 0, 9, 24, 283 }, // U+2211
    { 6, 1, 125, 1, 5, 2, 307 }, // U+2212
    { 8, 10, 100, -1, 9, 20, 309 }, // U+2215
    { 6, 10, 100, 0, 9, 15, 329 }, // U+2216
    { 6, 6, 125, 1, 7, 9, 344 }, // U+2217
    { 6, 4, 125, 1, 6, 6, 353 }, // U+2218
    { 2, 2, 125, 3, 4, 1, 359 }, // U+2219
    { 9, 11, 125, 0, 10, 25, 360 }, // U+221A
    { 7, 4, 125, 0, 6, 7, 385 }, // U+221D
    { 8, 4, 125, 0, 6, 8, 392 }, // U+221E
    { 9, 9, 200, 2, 9, 21, 400 }, // U+221F
    { 10, 9, 200, 1, 9, 23, 421 }, // U+2220
    { 2, 13, 100, 2, 10, 7, 444 }, // U+2223
    { 4, 13, 100, 1, 10, 13, 451 }, // U+2225
    { 9, 9, 200, 2, 9, 21, 464 }, // U+2227
    { 9, 9, 200, 2, 9, 21, 485 }, // U+2228
    { 9, 9, 200, 2, 9, 21, 506 }, // U+2229
    { 9, 9, 200, 2, 9, 21, 527 }, // U+222A
    { 8, 13, 125, 0, 10, 26, 548 }, // U+222B
    { 9, 7, 200, 2, 6, 16, 574 }, // U+2234
    { 9, 7, 200, 2, 6, 16, 590 }, // U+2235
    { 4, 7, 61, 0, 8, 7, 606 }, // U+2236
    { 9, 7, 200, 2, 6, 16, 613 }, // U+2237
    { 7, 4, 200, 3, 6, 7, 629 }, // U+223C
    { 7, 7, 200, 3, 8, 13, 636 }, // U+2245
    { 6, 6, 125, 1, 8, 9, 649 }, // U+2248
    { 7, 5, 200, 3, 6, 9, 658 }, // U+224D
    { 6, 7, 125, 1, 8, 11, 667 }, // U+2260
    { 7, 5, 200, 3, 6, 9, 678 }, // U+2261
    { 6, 8, 125, 1, 8, 12, 687 }, // U+2264
    { 6, 8, 125, 1, 8, 12, 699 }, // U+2265
    { 11, 6, 200, 1, 7, 17, 711 }, // U+226A
    { 11, 6, 200, 1, 7, 17, 728 }, // U+226B
    { 9, 7, 200, 2, 8, 16, 745 }, // U+2283
    { 9, 11, 200, 2, 10, 25, 761 }, // U+2284
    { 9, 11, 200, 2, 10, 25, 786 }, // U+2285
    { 9, 9, 200, 2, 9, 21, 811 }, // U+2286
    { 9, 9, 200, 2, 9, 21, 832 }, // U+2287
    { 11, 9, 200, 1, 9, 25, 853 }, // U+2295
    { 11, 9, 200, 1, 9, 25, 878 }, // U+2296
    { 11, 9, 200, 1, 9, 25, 903 }, // U+2297
    { 11, 9, 200, 1, 9, 25, 928 }, // U+2298
    { 9, 9, 200, 2, 9, 21, 953 }, // U+22A5
    { 2, 2, 125, 3, 4, 1, 974 }, // U+22C5
    { 11, 2, 200, 1, 4, 6, 975 }, // U+22EF
    { 14, 13, 148, -3, 10, 46, 0 }, // U+FB00
    { 12, 13, 130, -3, 10, 39, 46 }, // U+FB01
    { 12, 13, 135, -3, 10, 39, 85 }, // U+FB02
    { 16, 13, 196, -3, 10, 52, 124 }, // U+FB03
    { 16, 13, 200, -3, 10, 52, 176 }, // U+FB04
    { 13, 13, 147, -3, 10, 43, 228 }, // U+FB05
    { 11, 10, 160, 0, 10, 28, 271 }, // U+FB06
    { 13, 12, 200, 0, 11, 39, 0 }, // U+FFFD
};

static const EpdUnicodeInterval bookerly_6_italicIntervals[] = {
    { 0x0, 0x0, 0x0 },
    { 0x8, 0x9, 0x1 },
    { 0xD, 0xD, 0x3 },
    { 0x1D, 0x1D, 0x4 },
    { 0x20, 0x7E, 0x5 },
    { 0xA0, 0xFF, 0x64 },
    { 0x100, 0x17F, 0xC4 },
    { 0x1C4, 0x1F5, 0x144 },
    { 0x1F8, 0x21F, 0x176 },
    { 0x300, 0x304, 0x19E },
    { 0x306, 0x30C, 0x1A3 },
    { 0x30F, 0x30F, 0x1AA },
    { 0x311, 0x315, 0x1AB },
    { 0x31B, 0x31B, 0x1B0 },
    { 0x323, 0x329, 0x1B1 },
    { 0x32D, 0x32E, 0x1B8 },
    { 0x330, 0x331, 0x1BA },
    { 0x342, 0x342, 0x1BC },
    { 0x344, 0x345, 0x1BD },
    { 0x2000, 0x2030, 0x1BF },
    { 0x2032, 0x203C, 0x1F0 },
    { 0x203E, 0x203E, 0x1FB },
    { 0x2043, 0x2044, 0x1FC },
    { 0x2047, 0x2049, 0x1FE },
    { 0x2053, 0x2053, 0x201 },
    { 0x2057, 0x2057, 0x202 },
    { 0x205F, 0x2064, 0x203 },
    { 0x2070, 0x2070, 0x209 },
    { 0x2074, 0x2079, 0x20A },
    { 0x207F, 0x2089, 0x210 },
    { 0x20A3, 0x20A4, 0x21B },
    { 0x20A7, 0x20A7, 0x21D },
    { 0x20AC, 0x20AC, 0x21E },
    { 0x2190, 0x2195, 0x21F },
    { 0x21A8, 0x21A8, 0x225 },
    { 0x21B2, 0x21B3, 0x226 },
    { 0x21B5, 0x21B5, 0x228 },
    { 0x21D0, 0x21D4, 0x229 },
    { 0x2200, 0x2200, 0x22E },
    { 0x2202, 0x2203, 0x22F },
    { 0x2205, 0x220D, 0x231 },
    { 0x220F, 0x220F, 0x23A },
    { 0x2211, 0x2212, 0x23B },
    { 0x2215, 0x221A, 0x23D },
    { 0x221D, 0x2220, 0x243 },
    { 0x2223, 0x2223, 0x247 },
    { 0x2225, 0x2225, 0x248 },
    { 0x2227, 0x222B, 0x249 },
    { 0x2234, 0x2237, 0x24E },
    { 0x223C, 0x223C, 0x252 },
    { 0x2245, 0x2245, 0x253 },
    { 0x2248, 0x2248, 0x254 },
    { 0x224D, 0x224D, 0x255 },
    { 0x2260, 0x2261, 0x256 },
    { 0x2264, 0x2265, 0x258 },
    { 0x226A, 0x226B, 0x25A },
    { 0x2283, 0x2287, 0x25C },
    { 0x2295, 0x2298, 0x261 },
    { 0x22A5, 0x22A5, 0x265 },
    { 0x22C5, 0x22C5, 0x266 },
    { 0x22EF, 0x22EF, 0x267 },
    { 0xFB00, 0xFB06, 0x268 },
    { 0xFFFD, 0xFFFD, 0x26F },
};

static const EpdFontGroup bookerly_6_italicGroups[] = {
    { 0, 1338, 1893, 100, 0 },
    { 1338, 1164, 2297, 96, 100 },
    { 2502, 1545, 3684, 128, 196 },
    { 4047, 1506, 3059, 90, 324 },
    { 5553, 132, 134, 33, 414 },
    { 5685, 436, 665, 74, 447 },
    { 6121, 123, 206, 18, 521 },
    { 6244, 90, 88, 4, 539 },
    { 6334, 150, 230, 15, 543 },
    { 6484, 727, 1188, 58, 558 },
    { 7211, 227, 316, 7, 616 },
    { 7438, 49, 48, 1, 623 },
};

static const EpdKernClassEntry bookerly_6_italicKernLeftClasses[] = {
    { 0x0022, 1 }, // "
    { 0x0027, 1 }, // '
    { 0x0028, 2 }, // (
    { 0x002A, 3 }, // *
    { 0x002C, 4 }, // ,
    { 0x002D, 5 }, // -
    { 0x002E, 4 }, // .
    { 0x002F, 6 }, // /
    { 0x0030, 7 }, // 0
    { 0x0033, 8 }, // 3
    { 0x0034, 9 }, // 4
    { 0x0035, 10 }, // 5
    { 0x0036, 11 }, // 6
    { 0x0037, 12 }, // 7
    { 0x0038, 13 }, // 8
    { 0x0039, 14 }, // 9
    { 0x0041, 15 }, // A
    { 0x0042, 16 }, // B
    { 0x0043, 17 }, // C
    { 0x0044, 18 }, // D
    { 0x0045, 19 }, // E
    { 0x0046, 20 }, // F
    { 0x0047, 21 }, // G
    { 0x0048, 22 }, // H
    { 0x0049, 22 }, // I
    { 0x004A, 23 }, // J
    { 0x004B, 24 }, // K
    { 0x004C, 25 }, // L
    { 0x004D, 26 }, // M
    { 0x004E, 27 }, // N
    { 0x004F, 18 }, // O
    { 0x0050, 28 }, // P
    { 0x0051, 29 }, // Q
    { 0x0052, 30 }, // R
    { 0x0053, 31 }, // S
    { 0x0054, 32 }, // T
    { 0x0055, 33 }, // U
    { 0x0056, 34 }, // V
    { 0x0057, 34 }, // W
    { 0x0058, 35 }, // X
    { 0x0059, 36 }, // Y
    { 0x005A, 37 }, // Z
    { 0x005B, 38 }, // [
    { 0x005C, 39 }, // <backslash>
    { 0x0061, 40 }, // a
    { 0x0062, 41 }, // b
    { 0x0063, 42 }, // c
    { 0x0065, 43 }, // e
    { 0x0066, 44 }, // f
    { 0x0067, 45 }, // g
    { 0x0068, 46 }, // h
    { 0x006A, 47 }, // j
    { 0x006B, 48 }, // k
    { 0x006D, 46 }, // m
    { 0x006E, 46 }, // n
    { 0x006F, 41 }, // o
    { 0x0070, 41 }, // p
    { 0x0071, 49 }, // q
    { 0x0072, 50 }, // r
    { 0x0073, 51 }, // s
    { 0x0074, 52 }, // t
    { 0x0075, 40 }, // u
    { 0x0076, 53 }, // v
    { 0x0077, 53 }, // w
    { 0x0078, 54 }, // x
    { 0x0079, 53 }, // y
    { 0x007A, 55 }, // z
    { 0x007B, 56 }, // {
    { 0x00A1, 57 }, // U+00A1
    { 0x00A5, 58 }, // U+00A5
    { 0x00AB, 59 }, // U+00AB
    { 0x00AD, 5 }, // U+00AD
    { 0x00BB, 60 }, // U+00BB
    { 0x00BF, 61 }, // U+00BF
    { 0x00C0, 15 }, // U+00C0
    { 0x00C1, 15 }, // U+00C1
    { 0x00C2, 15 }, // U+00C2
    { 0x00C3, 15 }, // U+00C3
    { 0x00C4, 15 }, // U+00C4
    { 0x00C5, 15 }, // U+00C5
    { 0x00C6, 19 }, // U+00C6
    { 0x00C7, 17 }, // U+00C7
    { 0x00C8, 19 }, // U+00C8
    { 0x00C9, 19 }, // U+00C9
    { 0x00CA, 19 }, // U+00CA
    { 0x00CB, 19 }, // U+00CB
    { 0x00CC, 22 }, // U+00CC
    { 0x00CD, 22 }, // U+00CD
    { 0x00CE, 22 }, // U+00CE
    { 0x00CF, 22 }, // U+00CF
    { 0x00D0, 18 }, // U+00D0
    { 0x00D1, 27 }, // U+00D1
    { 0x00D2, 18 }, // U+00D2
    { 0x00D3, 18 }, // U+00D3
    { 0x00D4, 18 }, // U+00D4
    { 0x00D5, 18 }, // U+00D5
    { 0x00D6, 18 }, // U+00D6
    { 0x00D8, 18 }, // U+00D8
    { 0x00D9, 33 }, // U+00D9
    { 0x00DA, 33 }, // U+00DA
    { 0x00DB, 33 }, // U+00DB
    { 0x00DC, 33 }, // U+00DC
    { 0x00DD, 36 }, // U+00DD
    { 0x00DE, 62 }, // U+00DE
    { 0x00DF, 63 }, // U+00DF
    { 0x00E0, 40 }, // U+00E0
    { 0x00E1, 40 }, // U+00E1
    { 0x00E2, 40 }, // U+00E2
    { 0x00E3, 40 }, // U+00E3
    { 0x00E4, 40 }, // U+00E4
    { 0x00E5, 40 }, // U+00E5
    { 0x00E6, 43 }, // U+00E6
    { 0x00E7, 64 }, // U+00E7
    { 0x00E8, 43 }, // U+00E8
    { 0x00E9, 43 }, // U+00E9
    { 0x00EA, 43 }, // U+00EA
    { 0x00EB, 43 }, // U+00EB
    { 0x00EE, 65 }, // U+00EE
    { 0x00EF, 65 }, // U+00EF
    { 0x00F0, 41 }, // U+00F0
    { 0x00F1, 46 }, // U+00F1
    { 0x00F2, 41 }, // U+00F2
    { 0x00F3, 41 }, // U+00F3
    { 0x00F4, 41 }, // U+00F4
    { 0x00F5, 41 }, // U+00F5
    { 0x00F6, 41 }, // U+00F6
    { 0x00F8, 66 }, // U+00F8
    { 0x00F9, 40 }, // U+00F9
    { 0x00FA, 40 }, // U+00FA
    { 0x00FB, 40 }, // U+00FB
    { 0x00FC, 40 }, // U+00FC
    { 0x00FD, 53 }, // U+00FD
    { 0x00FE, 41 }, // U+00FE
    { 0x00FF, 53 }, // U+00FF
    { 0x0100, 15 }, // U+0100
    { 0x0101, 40 }, // U+0101
    { 0x0102, 15 }, // U+0102
    { 0x0103, 40 }, // U+0103
    { 0x0104, 67 }, // U+0104
    { 0x0105, 68 }, // U+0105
    { 0x0106, 17 }, // U+0106
    { 0x0107, 42 }, // U+0107
    { 0x0108, 17 }, // U+0108
    { 0x0109, 42 }, // U+0109
    { 0x010A, 17 }, // U+010A
    { 0x010B, 42 }, // U+010B
    { 0x010C, 17 }, // U+010C
    { 0x010D, 42 }, // U+010D
    { 0x010E, 18 }, // U+010E
    { 0x010F, 69 }, // U+010F
    { 0x0110, 18 }, // U+0110
    { 0x0112, 19 }, // U+0112
    { 0x0113, 43 }, // U+0113
    { 0x0114, 19 }, // U+0114
    { 0x0115, 43 }, // U+0115
    { 0x0116, 19 }, // U+0116
    { 0x0117, 43 }, // U+0117
    { 0x0118, 70 }, // U+0118
    { 0x0119, 71 }, // U+0119
    { 0x011A, 19 }, // U+011A
    { 0x011B, 43 }, // U+011B
    { 0x011C, 21 }, // U+011C
    { 0x011D, 45 }, // U+011D
    { 0x011E, 21 }, // U+011E
    { 0x011F, 45 }, // U+011F
    { 0x0120, 21 }, // U+0120
    { 0x0121, 45 }, // U+0121
    { 0x0122, 21 }, // U+0122
    { 0x0123, 45 }, // U+0123
    { 0x0124, 22 }, // U+0124
    { 0x0125, 46 }, // U+0125
    { 0x0126, 22 }, // U+0126
    { 0x0127, 46 }, // U+0127
    { 0x0128, 22 }, // U+0128
    { 0x0129, 72 }, // U+0129
    { 0x012A, 22 }, // U+012A
    { 0x012B, 65 }, // U+012B
    { 0x012C, 22 }, // U+012C
    { 0x012D, 65 }, // U+012D
    { 0x012E, 73 }, // U+012E
    { 0x012F, 74 }, // U+012F
    { 0x0130, 22 }, // U+0130
    { 0x0131, 40 }, // U+0131
    { 0x0132, 23 }, // U+0132
    { 0x0133, 47 }, // U+0133
    { 0x0134, 23 }, // U+0134
    { 0x0135, 75 }, // U+0135
    { 0x0136, 24 }, // U+0136
    { 0x0137, 48 }, // U+0137
    { 0x0138, 76 }, // U+0138
    { 0x0139, 25 }, // U+0139
    { 0x013B, 25 }, // U+013B
    { 0x013C, 77 }, // U+013C
    { 0x013E, 69 }, // U+013E
    { 0x0141, 25 }, // U+0141
    { 0x0142, 78 }, // U+0142
    { 0x0143, 27 }, // U+0143
    { 0x0144, 46 }, // U+0144
    { 0x0145, 27 }, // U+0145
    { 0x0146, 46 }, // U+0146
    { 0x0147, 27 }, // U+0147
    { 0x0148, 46 }, // U+0148
    { 0x0149, 46 }, // U+0149
    { 0x014A, 27 }, // U+014A
    { 0x014B, 79 }, // U+014B
    { 0x014C, 18 }, // U+014C
    { 0x014D, 41 }, // U+014D
    { 0x014E, 18 }, // U+014E
    { 0x014F, 41 }, // U+014F
    { 0x0150, 18 }, // U+0150
    { 0x0151, 41 }, // U+0151
    { 0x0152, 19 }, // U+0152
    { 0x0153, 43 }, // U+0153
    { 0x0154, 30 }, // U+0154
    { 0x0155, 50 }, // U+0155
    { 0x0156, 30 }, // U+0156
    { 0x0157, 50 }, // U+0157
    { 0x0158, 30 }, // U+0158
    { 0x0159, 50 }, // U+0159
    { 0x015A, 31 }, // U+015A
    { 0x015B, 51 }, // U+015B
    { 0x015C, 31 }, // U+015C
    { 0x015D, 51 }, // U+015D
    { 0x015E, 31 }, // U+015E
    { 0x015F, 80 }, // U+015F
    { 0x0160, 31 }, // U+0160
    { 0x0161, 51 }, // U+0161
    { 0x0162, 32 }, // U+0162
    { 0x0163, 81 }, // U+0163
    { 0x0164, 32 }, // U+0164
    { 0x0166, 32 }, // U+0166
    { 0x0167, 52 }, // U+0167
    { 0x0168, 33 }, // U+0168
    { 0x0169, 40 }, // U+0169
    { 0x016A, 33 }, // U+016A
    { 0x016B, 40 }, // U+016B
    { 0x016C, 33 }, // U+016C
    { 0x016D, 40 }, // U+016D
    { 0x016E, 33 }, // U+016E
    { 0x016F, 40 }, // U+016F
    { 0x0170, 33 }, // U+0170
    { 0x0171, 40 }, // U+0171
    { 0x0172, 33 }, // U+0172
    { 0x0173, 82 }, // U+0173
    { 0x0174, 34 }, // U+0174
    { 0x0175, 53 }, // U+0175
    { 0x0176, 36 }, // U+0176
    { 0x0177, 53 }, // U+0177
    { 0x0178, 36 }, // U+0178
    { 0x0179, 37 }, // U+0179
    { 0x017A, 55 }, // U+017A
    { 0x017B, 37 }, // U+017B
    { 0x017C, 55 }, // U+017C
    { 0x017D, 37 }, // U+017D
    { 0x017E, 55 }, // U+017E
    { 0x01C4, 37 }, // U+01C4
    { 0x01C5, 55 }, // U+01C5
    { 0x01C6, 55 }, // U+01C6
    { 0x01C7, 23 }, // U+01C7
    { 0x01C8, 47 }, // U+01C8
    { 0x01C9, 47 }, // U+01C9
    { 0x01CA, 23 }, // U+01CA
    { 0x01CB, 47 }, // U+01CB
    { 0x01CC, 47 }, // U+01CC
    { 0x01CD, 15 }, // U+01CD
    { 0x01CE, 40 }, // U+01CE
    { 0x01CF, 22 }, // U+01CF
    { 0x01D0, 65 }, // U+01D0
    { 0x01D1, 18 }, // U+01D1
    { 0x01D2, 41 }, // U+01D2
    { 0x01D3, 33 }, // U+01D3
    { 0x01D4, 40 }, // U+01D4
    { 0x01D5, 33 }, // U+01D5
    { 0x01D6, 40 }, // U+01D6
    { 0x01D7, 33 }, // U+01D7
    { 0x01D8, 40 }, // U+01D8
    { 0x01D9, 33 }, // U+01D9
    { 0x01DA, 40 }, // U+01DA
    { 0x01DB, 33 }, // U+01DB
    { 0x01DC, 40 }, // U+01DC
    { 0x01DD, 41 }, // U+01DD
    { 0x01DE, 15 }, // U+01DE
    { 0x01DF, 40 }, // U+01DF
    { 0x01E0, 15 }, // U+01E0
    { 0x01E1, 40 }, // U+01E1
    { 0x01E2, 19 }, // U+01E2
    { 0x01E3, 43 }, // U+01E3
    { 0x01E4, 21 }, // U+01E4
    { 0x01E5, 83 }, // U+01E5
    { 0x01E6, 21 }, // U+01E6
    { 0x01E7, 45 }, // U+01E7
    { 0x01E8, 24 }, // U+01E8
    { 0x01E9, 48 }, // U+01E9
    { 0x01EA, 18 }, // U+01EA
    { 0x01EB, 41 }, // U+01EB
    { 0x01EC, 18 }, // U+01EC
    { 0x01ED, 41 }, // U+01ED
    { 0x01EE, 84 }, // U+01EE
    { 0x01EF, 85 }, // U+01EF
    { 0x01F0, 75 }, // U+01F0
    { 0x01F1, 37 }, // U+01F1
    { 0x01F2, 55 }, // U+01F2
    { 0x01F3, 55 }, // U+01F3
    { 0x01F4, 21 }, // U+01F4
    { 0x01F5, 45 }, // U+01F5
    { 0x01F8, 27 }, // U+01F8
    { 0x01F9, 46 }, // U+01F9
    { 0x01FA, 15 }, // U+01FA
    { 0x01FB, 40 }, // U+01FB
    { 0x01FC, 19 }, // U+01FC
    { 0x01FD, 43 }, // U+01FD
    { 0x01FE, 18 }, // U+01FE
    { 0x01FF, 66 }, // U+01FF
    { 0x0200, 15 }, // U+0200
    { 0x0201, 40 }, // U+0201
    { 0x0202, 15 }, // U+0202
    { 0x0203, 40 }, // U+0203
    { 0x0204, 19 }, // U+0204
    { 0x0205, 43 }, // U+0205
    { 0x0206, 19 }, // U+0206
    { 0x0207, 43 }, // U+0207
    { 0x0208, 22 }, // U+0208
    { 0x0209, 65 }, // U+0209
    { 0x020A, 22 }, // U+020A
    { 0x020B, 65 }, // U+020B
    { 0x020C, 18 }, // U+020C
    { 0x020D, 41 }, // U+020D
    { 0x020E, 18 }, // U+020E
    { 0x020F, 41 }, // U+020F
    { 0x0210, 30 }, // U+0210
    { 0x0211, 50 }, // U+0211
    { 0x0212, 30 }, // U+0212
    { 0x0213, 50 }, // U+0213
    { 0x0214, 33 }, // U+0214
    { 0x0215, 40 }, // U+0215
    { 0x0216, 33 }, // U+0216
    { 0x0217, 40 }, // U+0217
    { 0x0218, 31 }, // U+0218
    { 0x0219, 51 }, // U+0219
    { 0x021A, 32 }, // U+021A
    { 0x021B, 52 }, // U+021B
    { 0x021C, 16 }, // U+021C
    { 0x021D, 86 }, // U+021D
    { 0x021E, 22 }, // U+021E
    { 0x021F, 46 }, // U+021F
    { 0x2010, 5 }, // U+2010
    { 0x2011, 5 }, // U+2011
    { 0x2013, 5 }, // U+2013
    { 0x2014, 5 }, // U+2014
    { 0x2015, 5 }, // U+2015
    { 0x2018, 87 }, // U+2018
    { 0x2019, 88 }, // U+2019
    { 0x201A, 89 }, // U+201A
    { 0x201B, 87 }, // U+201B
    { 0x201C, 87 }, // U+201C
    { 0x201D, 88 }, // U+201D
    { 0x201E, 4 }, // U+201E
    { 0x2025, 4 }, // U+2025
    { 0x2026, 4 }, // U+2026
    { 0x2039, 59 }, // U+2039
    { 0x203A, 60 }, // U+203A
    { 0xFB00, 44 }, // U+FB00
    { 0xFB05, 52 }, // U+FB05
    { 0xFB06, 52 }, // U+FB06
};

static const EpdKernClassEntry bookerly_6_italicKernRightClasses[] = {
    { 0x0021, 1 }, // !
    { 0x0022, 2 }, // "
    { 0x0025, 3 }, // %
    { 0x0027, 2 }, // '
    { 0x0029, 4 }, // )
    { 0x002A, 5 }, // *
    { 0x002C, 6 }, // ,
    { 0x002D, 7 }, // -
    { 0x002E, 8 }, // .
    { 0x002F, 9 }, // /
    { 0x0030, 10 }, // 0
    { 0x0031, 11 }, // 1
    { 0x0032, 12 }, // 2
    { 0x0033, 13 }, // 3
    { 0x0034, 14 }, // 4
    { 0x0035, 15 }, // 5
    { 0x0036, 16 }, // 6
    { 0x0037, 17 }, // 7
    { 0x0038, 18 }, // 8
    { 0x0039, 19 }, // 9
    { 0x003A, 20 }, // :
    { 0x003B, 21 }, // ;
    { 0x003F, 22 }, // ?
    { 0x0041, 23 }, // A
    { 0x0042, 24 }, // B
    { 0x0043, 25 }, // C
    { 0x0044, 24 }, // D
    { 0x0045, 26 }, // E
    { 0x0046, 26 }, // F
    { 0x0047, 25 }, // G
    { 0x0048, 26 }, // H
    { 0x0049, 26 }, // I
    { 0x004A, 27 }, // J
    { 0x004B, 26 }, // K
    { 0x004C, 26 }, // L
    { 0x004D, 28 }, // M
    { 0x004E, 26 }, // N
    { 0x004F, 25 }, // O
    { 0x0050, 24 }, // P
    { 0x0051, 25 }, // Q
    { 0x0052, 24 }, // R
    { 0x0053, 29 }, // S
    { 0x0054, 30 }, // T
    { 0x0055, 31 }, // U
    { 0x0056, 32 }, // V
    { 0x0057, 32 }, // W
    { 0x0058, 33 }, // X
    { 0x0059, 34 }, // Y
    { 0x005A, 35 }, // Z
    { 0x005C, 36 }, // <backslash>
    { 0x005D, 37 }, // ]
    { 0x0061, 38 }, // a
    { 0x0062, 39 }, // b
    { 0x0063, 38 }, // c
    { 0x0064, 38 }, // d
    { 0x0065, 38 }, // e
    { 0x0066, 40 }, // f
    { 0x0067, 41 }, // g
    { 0x0068, 39 }, // h
    { 0x0069, 42 }, // i
    { 0x006A, 43 }, // j
    { 0x006B, 39 }, // k
    { 0x006C, 39 }, // l
    { 0x006D, 44 }, // m
    { 0x006E, 44 }, // n
    { 0x006F, 38 }, // o
    { 0x0070, 45 }, // p
    { 0x0071, 38 }, // q
    { 0x0072, 44 }, // r
    { 0x0073, 46 }, // s
    { 0x0074, 47 }, // t
    { 0x0075, 48 }, // u
    { 0x0076, 49 }, // v
    { 0x0077, 49 }, // w
    { 0x0078, 50 }, // x
    { 0x0079, 51 }, // y
    { 0x007A, 52 }, // z
    { 0x007D, 53 }, // }
    { 0x00AB, 54 }, // U+00AB
    { 0x00AD, 7 }, // U+00AD
    { 0x00B0, 11 }, // U+00B0
    { 0x00BB, 55 }, // U+00BB
    { 0x00BF, 56 }, // U+00BF
    { 0x00C0, 23 }, // U+00C0
    { 0x00C1, 23 }, // U+00C1
    { 0x00C2, 23 }, // U+00C2
    { 0x00C3, 23 }, // U+00C3
    { 0x00C4, 23 }, // U+00C4
    { 0x00C5, 23 }, // U+00C5
    { 0x00C6, 57 }, // U+00C6
    { 0x00C7, 25 }, // U+00C7
    { 0x00C8, 26 }, // U+00C8
    { 0x00C9, 26 }, // U+00C9
    { 0x00CA, 26 }, // U+00CA
    { 0x00CB, 26 }, // U+00CB
    { 0x00CC, 26 }, // U+00CC
    { 0x00CD, 26 }, // U+00CD
    { 0x00CE, 26 }, // U+00CE
    { 0x00CF, 26 }, // U+00CF
    { 0x00D0, 24 }, // U+00D0
    { 0x00D1, 26 }, // U+00D1
    { 0x00D2, 25 }, // U+00D2
    { 0x00D3, 25 }, // U+00D3
    { 0x00D4, 25 }, // U+00D4
    { 0x00D5, 25 }, // U+00D5
    { 0x00D6, 25 }, // U+00D6
    { 0x00D8, 25 }, // U+00D8
    { 0x00D9, 31 }, // U+00D9
    { 0x00DA, 31 }, // U+00DA
    { 0x00DB, 31 }, // U+00DB
    { 0x00DC, 31 }, // U+00DC
    { 0x00DD, 34 }, // U+00DD
    { 0x00DE, 26 }, // U+00DE
    { 0x00DF, 58 }, // U+00DF
    { 0x00E0, 38 }, // U+00E0
    { 0x00E1, 38 }, // U+00E1
    { 0x00E2, 38 }, // U+00E2
    { 0x00E3, 38 }, // U+00E3
    { 0x00E4, 59 }, // U+00E4
    { 0x00E5, 38 }, // U+00E5
    { 0x00E6, 38 }, // U+00E6
    { 0x00E7, 38 }, // U+00E7
    { 0x00E8, 38 }, // U+00E8
    { 0x00E9, 38 }, // U+00E9
    { 0x00EA, 38 }, // U+00EA
    { 0x00EB, 38 }, // U+00EB
    { 0x00EC, 60 }, // U+00EC
    { 0x00ED, 42 }, // U+00ED
    { 0x00EE, 61 }, // U+00EE
    { 0x00EF, 61 }, // U+00EF
    { 0x00F0, 38 }, // U+00F0
    { 0x00F1, 44 }, // U+00F1
    { 0x00F2, 38 }, // U+00F2
    { 0x00F3, 38 }, // U+00F3
    { 0x00F4, 38 }, // U+00F4
    { 0x00F5, 38 }, // U+00F5
    { 0x00F6, 38 }, // U+00F6
    { 0x00F8, 62 }, // U+00F8
    { 0x00F9, 48 }, // U+00F9
    { 0x00FA, 48 }, // U+00FA
    { 0x00FB, 48 }, // U+00FB
    { 0x00FC, 48 }, // U+00FC
    { 0x00FD, 49 }, // U+00FD
    { 0x00FE, 63 }, // U+00FE
    { 0x00FF, 49 }, // U+00FF
    { 0x0100, 23 }, // U+0100
    { 0x0101, 38 }, // U+0101
    { 0x0102, 23 }, // U+0102
    { 0x0103, 38 }, // U+0103
    { 0x0104, 23 }, // U+0104
    { 0x0105, 38 }, // U+0105
    { 0x0106, 25 }, // U+0106
    { 0x0107, 38 }, // U+0107
    { 0x0108, 25 }, // U+0108
    { 0x0109, 38 }, // U+0109
    { 0x010A, 25 }, // U+010A
    { 0x010B, 38 }, // U+010B
    { 0x010C, 25 }, // U+010C
    { 0x010D, 64 }, // U+010D
    { 0x010E, 24 }, // U+010E
    { 0x010F, 38 }, // U+010F
    { 0x0110, 24 }, // U+0110
    { 0x0111, 38 }, // U+0111
    { 0x0112, 26 }, // U+0112
    { 0x0113, 38 }, // U+0113
    { 0x0114, 26 }, // U+0114
    { 0x0115, 38 }, // U+0115
    { 0x0116, 26 }, // U+0116
    { 0x0117, 38 }, // U+0117
    { 0x0118, 26 }, // U+0118
    { 0x0119, 38 }, // U+0119
    { 0x011A, 26 }, // U+011A
    { 0x011B, 38 }, // U+011B
    { 0x011C, 25 }, // U+011C
    { 0x011D, 41 }, // U+011D
    { 0x011E, 25 }, // U+011E
    { 0x011F, 41 }, // U+011F
    { 0x0120, 25 }, // U+0120
    { 0x0121, 41 }, // U+0121
    { 0x0122, 25 }, // U+0122
    { 0x0123, 41 }, // U+0123
    { 0x0124, 26 }, // U+0124
    { 0x0125, 39 }, // U+0125
    { 0x0126, 26 }, // U+0126
    { 0x0127, 65 }, // U+0127
    { 0x0128, 26 }, // U+0128
    { 0x0129, 66 }, // U+0129
    { 0x012A, 26 }, // U+012A
    { 0x012B, 61 }, // U+012B
    { 0x012C, 26 }, // U+012C
    { 0x012D, 61 }, // U+012D
    { 0x012E, 26 }, // U+012E
    { 0x012F, 42 }, // U+012F
    { 0x0130, 26 }, // U+0130
    { 0x0131, 44 }, // U+0131
    { 0x0132, 26 }, // U+0132
    { 0x0133, 42 }, // U+0133
    { 0x0134, 27 }, // U+0134
    { 0x0135, 67 }, // U+0135
    { 0x0136, 26 }, // U+0136
    { 0x0137, 39 }, // U+0137
    { 0x0138, 44 }, // U+0138
    { 0x0139, 26 }, // U+0139
    { 0x013A, 39 }, // U+013A
    { 0x013B, 26 }, // U+013B
    { 0x013C, 39 }, // U+013C
    { 0x013D, 26 }, // U+013D
    { 0x013E, 39 }, // U+013E
    { 0x013F, 26 }, // U+013F
    { 0x0140, 39 }, // U+0140
    { 0x0141, 26 }, // U+0141
    { 0x0142, 68 }, // U+0142
    { 0x0143, 26 }, // U+0143
    { 0x0144, 44 }, // U+0144
    { 0x0145, 26 }, // U+0145
    { 0x0146, 44 }, // U+0146
    { 0x0147, 26 }, // U+0147
    { 0x0148, 44 }, // U+0148
    { 0x0149, 44 }, // U+0149
    { 0x014A, 26 }, // U+014A
    { 0x014B, 44 }, // U+014B
    { 0x014C, 25 }, // U+014C
    { 0x014D, 38 }, // U+014D
    { 0x014E, 25 }, // U+014E
    { 0x014F, 38 }, // U+014F
    { 0x0150, 25 }, // U+0150
    { 0x0151, 38 }, // U+0151
    { 0x0152, 25 }, // U+0152
    { 0x0153, 38 }, // U+0153
    { 0x0154, 24 }, // U+0154
    { 0x0155, 44 }, // U+0155
    { 0x0156, 24 }, // U+0156
    { 0x0157, 44 }, // U+0157
    { 0x0158, 24 }, // U+0158
    { 0x0159, 44 }, // U+0159
    { 0x015A, 29 }, // U+015A
    { 0x015B, 46 }, // U+015B
    { 0x015C, 29 }, // U+015C
    { 0x015D, 46 }, // U+015D
    { 0x015E, 29 }, // U+015E
    { 0x015F, 46 }, // U+015F
    { 0x0160, 29 }, // U+0160
    { 0x0161, 69 }, // U+0161
    { 0x0162, 30 }, // U+0162
    { 0x0163, 47 }, // U+0163
    { 0x0164, 30 }, // U+0164
    { 0x0165, 47 }, // U+0165
    { 0x0166, 30 }, // U+0166
    { 0x0167, 47 }, // U+0167
    { 0x0168, 31 }, // U+0168
    { 0x0169, 48 }, // U+0169
    { 0x016A, 31 }, // U+016A
    { 0x016B, 48 }, // U+016B
    { 0x016C, 31 }, // U+016C
    { 0x016D, 48 }, // U+016D
    { 0x016E, 31 }, // U+016E
    { 0x016F, 48 }, // U+016F
    { 0x0170, 31 }, // U+0170
    { 0x0171, 48 }, // U+0171
    { 0x0172, 31 }, // U+0172
    { 0x0173, 48 }, // U+0173
    { 0x0174, 32 }, // U+0174
    { 0x0175, 49 }, // U+0175
    { 0x0176, 34 }, // U+0176
    { 0x0177, 49 }, // U+0177
    { 0x0178, 34 }, // U+0178
    { 0x0179, 35 }, // U+0179
    { 0x017A, 52 }, // U+017A
    { 0x017B, 35 }, // U+017B
    { 0x017C, 52 }, // U+017C
    { 0x017D, 35 }, // U+017D
    { 0x017E, 70 }, // U+017E
    { 0x017F, 58 }, // U+017F
    { 0x01C4, 24 }, // U+01C4
    { 0x01C5, 24 }, // U+01C5
    { 0x01C6, 38 }, // U+01C6
    { 0x01C7, 26 }, // U+01C7
    { 0x01C8, 26 }, // U+01C8
    { 0x01C9, 39 }, // U+01C9
    { 0x01CA, 26 }, // U+01CA
    { 0x01CB, 26 }, // U+01CB
    { 0x01CC, 44 }, // U+01CC
    { 0x01CD, 23 }, // U+01CD
    { 0x01CE, 38 }, // U+01CE
    { 0x01CF, 26 }, // U+01CF
    { 0x01D0, 61 }, // U+01D0
    { 0x01D1, 25 }, // U+01D1
    { 0x01D2, 38 }, // U+01D2
    { 0x01D3, 31 }, // U+01D3
    { 0x01D4, 48 }, // U+01D4
    { 0x01D5, 31 }, // U+01D5
    { 0x01D6, 48 }, // U+01D6
    { 0x01D7, 31 }, // U+01D7
    { 0x01D8, 48 }, // U+01D8
    { 0x01D9, 31 }, // U+01D9
    { 0x01DA, 48 }, // U+01DA
    { 0x01DB, 31 }, // U+01DB
    { 0x01DC, 48 }, // U+01DC
    { 0x01DD, 71 }, // U+01DD
    { 0x01DE, 23 }, // U+01DE
    { 0x01DF, 38 }, // U+01DF
    { 0x01E0, 23 }, // U+01E0
    { 0x01E1, 38 }, // U+01E1
    { 0x01E2, 57 }, // U+01E2
    { 0x01E3, 38 }, // U+01E3
    { 0x01E4, 25 }, // U+01E4
    { 0x01E5, 72 }, // U+01E5
    { 0x01E6, 25 }, // U+01E6
    { 0x01E7, 41 }, // U+01E7
    { 0x01E8, 26 }, // U+01E8
    { 0x01E9, 39 }, // U+01E9
    { 0x01EA, 25 }, // U+01EA
    { 0x01EB, 38 }, // U+01EB
    { 0x01EC, 25 }, // U+01EC
    { 0x01ED, 38 }, // U+01ED
    { 0x01EE, 73 }, // U+01EE
    { 0x01EF, 74 }, // U+01EF
    { 0x01F0, 67 }, // U+01F0
    { 0x01F1, 24 }, // U+01F1
    { 0x01F2, 24 }, // U+01F2
    { 0x01F3, 38 }, // U+01F3
    { 0x01F4, 25 }, // U+01F4
    { 0x01F5, 41 }, // U+01F5
    { 0x01F8, 26 }, // U+01F8
    { 0x01F9, 44 }, // U+01F9
    { 0x01FA, 23 }, // U+01FA
    { 0x01FB, 38 }, // U+01FB
    { 0x01FC, 57 }, // U+01FC
    { 0x01FD, 38 }, // U+01FD
    { 0x01FE, 25 }, // U+01FE
    { 0x01FF, 62 }, // U+01FF
    { 0x0200, 23 }, // U+0200
    { 0x0201, 38 }, // U+0201
    { 0x0202, 23 }, // U+0202
    { 0x0203, 38 }, // U+0203
    { 0x0204, 26 }, // U+0204
    { 0x0205, 38 }, // U+0205
    { 0x0206, 26 }, // U+0206
    { 0x0207, 38 }, // U+0207
    { 0x0208, 26 }, // U+0208
    { 0x0209, 61 }, // U+0209
    { 0x020A, 26 }, // U+020A
    { 0x020B, 61 }, // U+020B
    { 0x020C, 25 }, // U+020C
    { 0x020D, 38 }, // U+020D
    { 0x020E, 25 }, // U+020E
    { 0x020F, 38 }, // U+020F
    { 0x0210, 24 }, // U+0210
    { 0x0211, 44 }, // U+0211
    { 0x0212, 24 }, // U+0212
    { 0x0213, 44 }, // U+0213
    { 0x0214, 31 }, // U+0214
    { 0x0215, 48 }, // U+0215
    { 0x0216, 31 }, // U+0216
    { 0x0217, 48 }, // U+0217
    { 0x0218, 29 }, // U+0218
    { 0x0219, 46 }, // U+0219
    { 0x021A, 30 }, // U+021A
    { 0x021B, 47 }, // U+021B
    { 0x021C, 75 }, // U+021C
    { 0x021D, 76 }, // U+021D
    { 0x021E, 26 }, // U+021E
    { 0x021F, 39 }, // U+021F
    { 0x2010, 7 }, // U+2010
    { 0x2011, 7 }, // U+2011
    { 0x2013, 7 }, // U+2013
    { 0x2014, 7 }, // U+2014
    { 0x2015, 7 }, // U+2015
    { 0x2018, 77 }, // U+2018
    { 0x2019, 78 }, // U+2019
    { 0x201A, 8 }, // U+201A
    { 0x201B, 77 }, // U+201B
    { 0x201C, 77 }, // U+201C
    { 0x201D, 78 }, // U+201D
    { 0x201E, 8 }, // U+201E
    { 0x2025, 8 }, // U+2025
    { 0x2026, 8 }, // U+2026
    { 0x2030, 3 }, // U+2030
    { 0x2039, 54 }, // U+2039
    { 0x203A, 55 }, // U+203A
    { 0x203C, 1 }, // U+203C
    { 0x2047, 22 }, // U+2047
    { 0x2048, 22 }, // U+2048
    { 0x2049, 1 }, // U+2049
    { 0x20AC, 79 }, // U+20AC
    { 0xFB00, 40 }, // U+FB00
    { 0xFB01, 40 }, // U+FB01
    { 0xFB02, 40 }, // U+FB02
    { 0xFB03, 40 }, // U+FB03
    { 0xFB04, 40 }, // U+FB04
    { 0xFB05, 40 }, // U+FB05
    { 0xFB06, 46 }, // U+FB06
};

static const int8_t bookerly_6_italicKernMatrix[] = {
       0,    0,    0,    0,    0,    0,    0,    0,    0,    0,    0,    0,    0,    0,    0,   -6,    0,    0,    0,    0,    0,    0,    0,    0,    0,    0,    0,    0,    0,    0,    0,    0,    0,    0,    0,    0,    0,    0,    0,    0,    0,    0,    0,    0,    0,    0,    0,    0,    0,    0,    0,    0,    0,    0,    0,    0,    0,    0,    0,    0,    0,    0,    0,    0,    0,    0,    0,    0,    0,    0,    0,    0,    0,    0,    0,    0,    0,    0,    0,
       0,    0,    0,    0,    0,    0,    0,    0,    0,    0,    0,    0,    0,    0,    0,    0,    0,    0,    0,    0,    0,    0,    0,    0,   -5,    0,   20,    0,    0,    0,    0,    0,    0,    6,    0,    0,    0,  -10,   12,   30,   13,    0,   30,    0,    0,    0,    0,    0,    0,    0,   16,    0,    0,    0,    0,    0,    0,    0,  -10,    0,    0,  -10,   12,  -10,   12,    0,    0,   12,    0,    0,    0,   23,    0,    0,    0,    0,    0,    0,    0,
       0,    0,    0,    0,    0,    0,    0,    0,    0,    0,    0,    0,    0,    0,    0,    0,    0,    0,    0,    0,    0,    0,  -20,    0,    0,    0,    0,    0,    0,    0,    0,    0,    0,    0,    0,    0,    0,    0,    0,    0,    0,    0,    0,    0,    0,    0,    0,    0,    0,    0,    0,    0,    0,    0,    0,    0,  -18,    0,    0,    0,    0,    0,    0,    0,    0,    0,    0,    0,    0,    0,    0,    0,    0,    0,    0,    0,    0,    0,    0,
       0,    0,    0,    0,    0,    0,    0,    0,    0,    0,    0,    0,    0,    0,    0,    0,    0,    0,    0,    0,    0,    0,    8,    0,   -6,    0,   14,    0,    0,  -10,  -12,  -20,    8,  -12,    0,    0,    0,   -4,    0,    6,    4,    0,   17,   -4,   -4,    0,   -4,   -4,  -12,    0,  -12,    0,    0,    0,    0,    0,    6,    0,   -4,    0,    0,   -4,    0,   -4,    0,    0,    0,    0,    0,    0,    0,    4,    0,    0,    0,    0,  -20,  -20,    0,
       0,    0,    0,    0,    0,   -6,    0,   -6,    0,    0,    0,    0,    0,    0,    0,    0,    0,    0,    0,    0,    0,    0,    0,    0,    0,    0,    0,    0,    0,    0,    0,    0,    0,   -6,    0,    0,    0,    0,    0,    0,    0,    0,    0,    0,    0,    0,    0,    0,    0,    0,    0,    0,    0,    0,    0,    0,    0,    0,    0,    0,    0,    0,    0,    0,    0,    0,    0,    0,    0,    0,    0,    0,    0,    0,    0,    0,    0,    0,    0,
       0,    0,    0,    0,    0,    0,    0,    0,    0,   -8,    0,    0,    0,  -10,    0,   -8,    0,   -4,    0,    0,    0,    0,  -18,    0,   -8,    0,    0,  -10,    0,    0,    0,    0,    0,    0,    0,    0,    0,  -20,    0,  -10,  -20,    0,    0,   -4,   -4,  -18,   -6,   -8,    0,  -10,    0,  -12,    0,    0,    0,    0,  -26,    0,  -20,    0,    0,  -20,    0,  -20,    0,    0,    0,    0,  -18,  -12,    0,  -20,    0,    0,    0,    0,    0,    0,    0,
       0,    0,    0,    0,    0,   -6,    0,   -6,   -2,    0,    0,    0,    0,    0,    0,    0,    0,    0,    0,    0,    0,    0,    0,    0,    0,    0,    0,    0,    0,    0,    0,    0,    0,    0,    0,    0,    0,    0,    0,    0,    0,    0,    0,    0,    0,    0,    0,    0,    0,    0,    0,    0,    0,    0,    0,    0,    0,    0,    0,    0,    0,    0,    0,    0,    0,    0,    0,    0,    0,    0,    0,    0,    0,    0,    0,    0,    0,    0,    4,
       0,    0,    0,    0,    0,  -12,    0,  -12,    0,    0,    0,    0,    0,    0,    0,    0,    0,    0,    0,    0,    0,    0,    0,    0,    0,    0,    0,    0,    0,    0,    0,    0,    0,    0,    0,    0,    0,    0,    0,    0,    0,    0,    0,    0,    0,    0,    0,    0,    0,    0,    0,    0,    0,    0,    0,    0,    0,    0,    0,    0,    0,    0,    0,    0,    0,    0,    0,    0,    0,    0,    0,    0,    0,    0,    0,    0,    0,    0,    0,
       0,    0,    0,    0,    0,    0,    0,    0,    0,    0,    0,    0,    0,    8,    0,    0,    0,    0,    0,    0,    0,    0,    0,    0,    0,    0,    0,    0,    0,    0,    0,    0,    0,    0,    0,   -8,    0,    0,    0,    0,    0,    0,    0,    0,    0,    0,    0,    0,    0,    0,    0,    0,    0,    0,    0,    0,    0,    0,    0,    0,    0,    0,    0,    0,    0,    0,    0,    0,    0,    0,    0,    0,    0,    0,    0,    0,    0,    0,    0,
       0,    8,    0,    0,    0,  -10,    0,  -10,    0,    0,    0,    0,    0,    0,    0,    0,    0,    0,    0,    0,    0,    0,    0,    0,    0,    0,    0,    0,    0,    0,    0,    0,    0,    0,    0,    0,    0,    0,    0,    0,    0,    0,    0,    0,    0,    0,    0,    0,    0,    0,    0,    0,    0,    0,    0,    0,    0,    0,    0,    0,    0,    0,    0,    0,    0,    0,    0,    0,    0,    0,    0,    0,    0,    0,    0,    0,    0,    0,    0,
       0,    6,    0,    0,    0,    0,    0,    0,    0,    0,    0,    0,    0,    4,    0,    0,    0,    0,    0,    0,    0,    0,    0,    0,    0,    0,    0,    0,    0,    0,    0,    0,    0,    0,    0,    0,    0,    0,    0,    0,    0,    0,    0,    0,    0,    0,    0,    0,    0,    0,    0,    0,    0,    0,    0,    0,    0,    0,    0,    0,    0,    0,    0,    0,    0,    0,    0,    0,    0,    0,    0,    0,    0,    0,    0,    0,    0,    0,    0,
       0,   16,   10,    0,   14,   -8,    0,   -8,   -2,    6,    8,    6,    9,   -4,   10,    0,   10,    0,    8,    0,    0,    0,    0,    0,    0,    0,    0,    0,    0,    0,    0,    0,    0,    0,    0,    8,    0,    0,    0,    0,    0,    0,    0,    0,    0,    0,    0,    0,    0,    0,    0,    0,    0,    0,    0,    0,    0,    0,    0,    0,    0,    0,    0,    0,    0,    0,    0,    0,    0,    0,    0,    0,    0,    0,    0,    0,    4,   12,    0,
       0,    0,    0,    0,    0,   -4,    0,   -4,    0,    0,    0,    0,    0,    0,    0,    0,    0,    0,    0,    0,    0,    0,    0,    0,    0,    0,    0,    0,    0,    0,    0,    0,    0,    0,    0,   -4,    0,    0,    0,    0,    0,    0,    0,    0,    0,    0,    0,    0,    0,    0,    0,    0,    0,    0,    0,    0,    0,    0,    0,    0,    0,    0,    0,    0,    0,    0,    0,    0,    0,    0,    0,    0,    0,    0,    0,    0,    0,    0,    0,
       0,    0,    0,    0,    0,   -4,    0,   -4,    0,    0,    0,    0,    0,    0,    0,    0,    0,    0,    0,    0,    0,    0,    0,    0,    0,    0,    0,    0,    0,    0,    0,    0,    0,    0,    0,  -10,    0,    0,    0,    0,    0,    0,    0,    0,    0,    0,    0,    0,    0,    0,    0,    0,    0,    0,    0,    0,    0,    0,    0,    0,    0,    0,    0,    0,    0,    0,    0,    0,    0,    0,    0,    0,    0,    0,    0,    0,    0,    4,    4,
       0,    0,    0,    0,  -18,    0,   -4,    0,    0,    0,    0,    0,    0,    0,    0,    0,    0,    0,    0,    0,    0,   -6,    6,    0,   -8,    0,    0,    0,    0,  -12,  -14,  -24,    7,  -20,    0,  -32,    0,   -4,    0,    0,    4,   -4,    0,   -4,   -4,    0,   -5,   -5,  -12,    0,  -12,    0,    0,   -6,    0,    0,    4,    0,   -4,   -4,   -4,   -2,    0,   -4,    0,   -4,    0,    0,    0,    0,    0,    4,    0,   -4,   -4,   -6,  -20,  -16,    0,
       0,    0,    0,    0,    0,   -8,    0,   -8,    0,    0,    0,    0,    0,    0,    0,    0,    0,    0,    0,   -8,   -8,   -4,   -4,    0,    2,    0,    0,    0,    0,   -8,   -6,  -12,    0,   -9,    0,   -8,    0,    0,   -2,   -3,    0,   -2,    0,    0,    0,    0,    0,    0,    0,    0,    0,    0,    0,    0,    0,    0,   -4,    0,    0,   -2,    0,    0,   -2,    0,   -2,    0,    0,   -2,    0,    0,    0,    0,    0,    0,   -6,    0,    0,    0,    0,
       0,    0,    0,    0,    0,   -2,    0,   -2,    0,    0,    0,    0,    0,    0,    0,    0,    0,    0,    0,   -4,   -4,    0,    0,    0,   -3,    0,    0,    0,    0,    0,   -3,   -4,    0,    0,    0,    0,    0,   -2,    0,    0,    0,    0,    0,    0,    0,    0,    0,    0,    0,    0,    0,    0,    0,    0,    0,    0,    0,    0,   -2,    0,    0,   -2,    0,   -2,    0,    0,    0,    0,    0,    0,    0,    0,    0,    0,    0,    0,    0,    0,    0,
       0,    0,    0,    0,    0,  -12,    0,  -12,   -4,    0,    0,    0,    0,    0,    0,    0,    0,    0,    0,   -8,   -8,    0,   -6,    0,    3,   -2,   -5,   -3,    0,   -4,   -3,   -6,   -2,   -6,    0,  -10,    0,    0,    0,    0,    0,    0,    0,    0,    0,    0,    0,    0,    0,    0,    0,    0,    0,    0,    0,    0,   -6,   -4,    0,    0,    0,    0,    0,    0,    0,    0,    0,    0,    0,    0,    0,    0,    0,    0,    0,    0,    0,    0,    0,
       0,    0,    0,    0,    6,    0,    0,    0,    0,    0,    0,    0,    0,    0,    0,    0,    0,    0,    0,   -6,   -6,    0,    0,    0,   -3,    0,    0,    0,    0,    0,   -2,    0,    0,    0,    0,    0,    0,   -4,    0,    0,    0,    0,    0,    0,    0,    0,    0,    0,    0,    0,    0,    0,    0,    0,    0,    0,    0,    0,   -4,    0,    0,   -4,    0,   -4,    0,    0,    0,    0,    0,    0,    0,    0,    0,    0,   -2,    0,    0,    0,    0,
       0,    0,    0,    0,    0,  -18,    0,  -18,  -14,    0,    0,    0,    0,    0,    0,    0,    0,    0,    0,  -12,  -12,    0,  -18,    0,    0,    0,    0,   -2,    0,    0,    0,    0,    0,    0,    0,    0,    0,   -5,    0,   -3,   -6,    0,    0,    0,    0,   -6,    0,    0,    0,    0,    0,    0,    0,   -4,    0,    0,  -19,    0,   -5,    0,    4,   -5,    0,   -5,    0,    4,    0,    0,   -6,    0,   -4,   -6,    0,    0,    0,    0,    0,    5,    0,
       0,    0,    0,    0,    0,  -10,    0,  -10,    0,    0,    0,    0,    0,    0,    0,    0,    0,    0,    0,    0,    0,    0,   -4,    0,    0,    0,    0,    0,    0,   -6,   -4,   -8,    0,   -6,    0,   -6,    0,    0,    0,    0,    0,    0,    0,    0,    0,    0,    0,    0,    0,    0,    0,    0,    0,    0,    0,    0,    0,    0,    0,    0,    0,    0,    0,    0,    0,    0,    0,    0,    0,    0,    0,    0,    0,    0,   -4,    0,   -8,    0,    0,
       0,    0,    0,    0,    0,  -10,    0,  -10,    0,    0,    0,    0,    0,    0,    0,    0,    0,    0,    0,   -8,   -8,    0,    0,    0,   -3,    0,    0,    0,    0,    0,    0,    0,    0,    0,    0,    0,    0,   -4,    0,    0,    0,    0,    0,   -2,   -2,   -3,   -4,   -4,   -2,   -3,   -2,    0,    0,   -8,   -4,    0,    0,    0,   -4,    0,    0,   -4,    0,   -4,    0,    0,    0,    0,   -3,    0,   -4,    0,    0,   -4,    0,    0,   -4,    0,    0,
       0,    0,    0,    0,    4,  -12,    0,  -12,   -6,    0,    0,    0,    0,    0,    0,    0,    0,    0,    0,   -8,   -8,    0,   -6,    0,   -2,    0,    0,    0,    0,    0,    0,    0,    0,    2,    0,    0,    0,   -3,    0,    0,    0,    0,    0,    0,    0,   -2,    0,    0,    0,    0,    0,    0,    0,    0,    0,    0,   -4,    0,   -3,    0,    4,   -3,    0,   -3,    0,    4,    0,    0,   -2,    0,    0,    0,    0,    0,    0,    0,    0,    0,    0,
       0,    0,    0,    0,    6,   -2,   -6,   -2,    0,    0,    0,    0,    0,    0,    0,    0,    0,    0,    0,   -6,   -6,    0,    4,    0,   -7,    0,    0,    0,    0,    0,    0,    0,    9,    0,    0,    0,    0,   -4,    0,    0,    0,    0,    0,   -4,   -4,   -4,   -2,   -6,   -4,    0,   -4,    0,    0,   -8,    0,    0,    7,    0,   -4,    0,    0,   -4,    0,   -4,    0,    0,    0,    0,   -4,    0,    0,    0,    0,   -6,    0,    0,    0,    0,    0,
       0,    0,    0,    0,  -11,    0,    0,    0,    0,    0,    0,    0,    0,    0,    0,    0,    0,    0,    0,    0,    0,    0,    0,    0,    0,    0,    0,    0,    0,   -9,   -6,  -14,    6,  -12,    0,  -18,    0,    0,    0,    0,    0,    0,    0,    0,    0,    0,    0,    0,   -6,    0,   -6,    0,    0,    0,    0,    0,    0,    0,    0,    0,    0,    0,    0,    0,    0,    0,    0,    0,    0,    0,    0,    0,    0,    0,    0,    0,  -12,   -4,    0,
       0,    0,    0,    0,    0,    0,    0,    0,    0,    0,    0,    0,    0,    0,    0,    0,    0,    0,    0,    0,    0,    0,    0,    0,   -3,    0,    0,    0,    0,   -4,   -4,   -6,    4,    0,    0,   -6,    0,    0,    0,    0,    0,    0,    0,    0,    0,    0,    0,   -2,   -2,    0,   -2,    0,    0,   -4,    0,    0,    0,    0,    0,    0,    0,    0,    0,    0,    0,    0,    0,    0,    0,    0,    0,    0,    0,    0,    0,    0,   -6,    0,    0,
       0,    0,    0,    0,    0,  -14,    0,  -14,  -12,    0,    0,    0,    0,    0,    0,    0,    0,    0,    0,    0,    0,    0,   -8,    0,   -3,    0,    0,    0,    0,    0,    0,    0,    0,    0,    0,    0,    0,   -4,    0,    0,   -4,    0,    0,    0,    0,   -4,    0,   -2,    0,   -4,    0,   -3,    0,   -4,   -4,    0,   -8,    0,   -4,    0,    0,   -4,    0,   -4,    0,    0,    0,    0,   -4,   -3,    0,   -4,    0,    0,    0,    0,    0,    0,    0,
       0,    0,    0,    0,    0,  -24,    0,  -24,  -14,    0,    0,    0,    0,    0,    0,    0,    0,    0,    0,  -14,  -14,    0,  -19,   -4,    0,   -6,   -4,   -7,    0,    0,   -6,   -4,   -6,   -4,    0,   -6,    0,   -8,   -2,    0,   -5,    0,    0,    0,    0,   -4,    0,    0,    0,    0,    0,    0,    0,    0,    0,    0,  -25,    0,   -8,    0,    0,   -8,   -2,   -8,   -2,    0,    0,   -2,   -4,    0,    0,   -5,   -2,    0,   -4,    0,    0,    0,    0,
       0,    0,    0,   46,    0,   26,    0,  -12,   -4,    0,    0,    0,    0,    0,    0,    0,    0,    0,    0,   -8,   30,    0,   -8,    0,    3,   -2,   15,   -3,    0,   -4,   -3,   -6,   -2,   -6,    0,  -10,   44,    0,    0,    9,   17,    0,   13,    0,    4,    0,    0,    0,    0,    0,    0,    0,   44,    0,    0,    0,   -6,   -4,    0,    0,    0,    0,    8,    0,    0,    0,    0,    0,    0,    0,    0,   17,    0,    0,    0,    0,    0,    0,    0,
       0,    0,    0,    0,   -6,    0,   -8,    0,    0,    0,    0,    0,    0,    0,    0,    0,    0,    0,    0,    0,    0,    0,    8,    0,   -8,    2,    0,    6,    0,  -12,  -11,  -16,   12,  -18,    2,  -19,    0,   -2,    0,   -4,    0,    0,    0,    0,    0,    0,    0,   -4,   -4,    0,   -4,    0,    0,   -8,    0,    0,    8,    0,   -2,    0,    0,   -2,    0,   -2,    0,    0,    0,    0,    0,    0,    0,    0,    0,   -6,    0,   -4,  -11,  -10,    0,
       0,    0,    0,    0,    0,   -8,    0,   -8,    0,    0,    0,    0,    0,    0,    0,    0,    0,    0,    0,   -6,   -6,    0,    0,    0,    0,    0,    0,    0,    0,   -4,   -4,   -3,    0,   -3,    0,   -4,    0,    0,    0,    0,    0,    0,    0,    0,    0,    0,    0,    0,    0,    0,    0,    0,    0,    0,    0,    0,    0,    0,    0,    0,    0,    0,    0,    0,    0,    0,    0,    0,    0,    0,    0,    0,    0,   -4,   -4,   -4,    0,    0,    0,
       0,    0,    0,    0,   12,  -20,    0,  -20,  -14,    0,    0,    0,    0,    0,    0,    0,    0,    0,    0,  -12,  -12,    0,  -18,    0,    0,    0,    0,   -2,    0,    0,    0,    0,    0,    0,    0,    0,    0,   -8,    2,    0,   -4,    0,    0,    0,    0,   -6,    0,    0,    0,    0,    0,    0,    0,   -6,    0,    0,  -18,    0,   -8,    0,    0,   -8,    2,   -8,    6,    0,    0,    2,   -6,    0,    0,   -4,    0,   -6,    0,    0,    6,   10,    0,
       0,    0,    0,    0,    0,  -16,   -4,  -16,  -14,    0,    0,    0,    0,    0,    0,    0,    0,    0,    0,  -10,  -10,    0,  -12,    0,   -4,    0,    0,   -2,   -2,    0,    0,    0,    0,    0,    0,    0,    0,   -8,    0,    0,   -6,    0,    0,    0,    0,   -6,    0,    0,    0,   -4,    0,   -2,    0,    0,    0,    0,  -12,  -10,   -8,    0,    0,   -8,    0,   -8,    0,    0,    0,    0,   -6,   -2,    0,   -6,    0,    0,    0,    0,    0,    0,    0,
       0,    0,    0,    0,    6,  -26,   -6,  -26,  -18,    0,    0,    0,    0,    0,    0,    0,    0,    0,    0,  -14,  -14,    0,  -22,    0,   -6,    0,    0,   -4,   -2,    0,    0,    0,    0,    3,    0,    4,    0,  -12,    0,    0,  -12,    0,    0,    0,    0,  -10,    0,   -2,    0,   -4,    0,   -2,    0,   -6,   -6,    0,  -26,    0,  -12,    0,    4,  -12,    0,  -12,    0,    4,    0,    0,  -10,   -2,   -8,  -12,    0,    0,    0,    0,    0,    4,    0,
       0,    0,    0,    0,    0,   -4,   -4,   -4,    0,    0,    0,    0,    0,    0,    0,    0,    0,    0,    0,   -6,   -6,    0,    5,    0,   -6,    0,    0,    4,    0,    0,    0,    0,   10,    0,    0,    0,    0,   -4,    0,    0,    0,    0,    0,    0,    0,    0,    0,   -4,   -4,    0,   -4,    0,    0,   -4,    0,    0,    6,    0,   -4,    0,    0,   -1,    0,   -4,    0,    0,    0,    0,    0,    0,    0,    0,    0,   -4,    0,   -4,    0,    0,    0,
       0,    0,    0,    0,   11,  -20,  -10,  -20,  -20,    0,    0,    0,    0,    0,    0,    0,    0,    0,    0,  -10,  -10,    0,  -21,    0,   -6,    0,    0,    0,   -2,    0,    0,    0,    2,    4,    0,    4,    0,  -12,    0,   -6,  -10,    0,    0,   -2,   -2,  -12,   -2,   -6,    0,   -8,    0,   -4,    0,   -6,   -6,    0,  -20,    0,  -12,    0,    6,  -12,    0,  -12,    8,    6,    0,    0,  -12,   -4,   -6,  -10,    0,   -8,    0,   -6,    0,    4,    0,
       0,    0,    0,    0,    0,    0,    0,    0,    0,    0,    0,    0,    0,    0,    0,    0,    0,    0,    0,   -4,   -4,    0,    0,    0,    0,    0,    0,    0,    0,   -2,   -3,   -5,    0,   -2,    0,   -4,    0,    0,    0,    0,    0,    0,    0,    0,    0,    0,    0,    0,    0,    0,    0,    0,    0,    0,    0,    0,    0,    0,    0,    0,    0,    0,    0,    0,    0,    0,    0,    0,    0,    0,    0,    0,    0,    0,    0,    0,    0,    0,    0,
       0,    0,    0,    0,    0,    0,    0,    0,    0,    0,    0,    0,    0,    0,    0,    0,    0,    0,    0,    0,    0,    0,    0,    0,    0,    0,   10,    0,    0,    0,    0,    0,    0,    0,    0,    0,    0,   -8,    0,   14,    0,    0,    8,    0,    0,    0,    0,    0,    0,    0,    0,    0,    0,    0,    0,    0,    0,    0,   -8,    0,    0,   -8,    0,   -8,    0,    0,    0,    0,    0,    0,    0,    0,    0,    0,    0,    0,    0,    0,    0,
       0,    0,    0,    0,    0,    0,    0,    0,    0,    0,    0,    6,    4,    0,    4,    0,    0,    0,    4,    0,    0,    0,    6,    0,   -4,    0,    0,    4,    0,  -11,  -10,  -20,   12,  -17,    0,    0,    0,    0,    0,    0,   16,    0,    0,    0,    0,    0,    0,    0,  -10,    6,  -10,    4,    0,    0,    0,    0,    6,    0,    0,    0,    0,    0,    0,    0,    0,    0,    0,    0,    0,    4,    0,   16,    0,    0,    0,    0,    0,    0,    0,
       0,    0,    0,    0,   -6,    0,    0,    0,    0,    0,    0,    0,    0,    0,    0,    0,    0,    0,    0,    0,    0,    0,    0,    0,    0,    0,    0,    0,    0,    0,    0,    0,    0,    0,    0,  -12,    0,    0,    0,    0,    0,    0,    0,    0,    0,    0,    0,    0,    0,    0,    0,    0,    0,    0,    0,    0,    0,    0,    0,    0,    0,    0,    0,    0,    0,    0,    0,    0,    0,    0,    0,    0,    0,   -2,    0,    0,   -6,    0,    0,
       0,    0,    0,    0,   -6,  -10,    0,  -10,    0,    0,    0,    0,    0,    0,    0,    0,    0,    0,    0,   -4,   -4,    0,    0,    0,    0,    0,    0,    0,    0,    0,    0,    0,    0,    0,    0,  -16,    0,    0,   -2,    0,    0,    0,    0,    0,    0,    0,    0,    0,    0,   -2,    0,    0,    0,    0,    0,    0,    0,    0,    0,    0,    0,    0,   -2,    0,   -2,    0,    0,    2,    0,    0,    0,    0,    0,   -2,    0,    0,   -6,    0,    0,
       0,    0,    0,    0,    0,    0,    0,    0,    0,    0,    0,    0,    0,    0,    0,    0,    0,    0,    0,    0,    0,    0,    0,    0,    0,    0,    0,    0,    0,    0,    0,    0,    0,    0,    0,  -10,    0,   -2,    0,    0,    0,    0,    0,    0,    0,    0,    0,    0,    0,    0,    0,    0,    0,    0,    0,    0,    0,    0,   -2,    0,    0,   -2,    0,   -2,    0,    0,    0,    0,    0,    0,    0,    0,    0,   -2,    0,    0,    0,    2,    0,
       0,    0,    0,    0,    0,    0,    0,    0,    0,    0,    0,    0,    0,    0,    0,    0,    0,    0,    0,    0,    0,    0,    0,    0,    0,    0,    0,    0,    0,    0,    0,    0,    0,    0,    0,  -12,    0,    0,   -4,    0,    0,    0,    0,    0,    0,    0,    0,    0,    0,    0,    0,    0,    0,    0,    0,    0,    0,    0,    0,    0,    0,    0,   -4,    0,   -4,    0,    0,   -4,    0,    0,    0,    0,    0,    0,    0,    0,    0,    0,    0,
       0,    0,    0,    8,   14,  -12,    0,  -12,   -8,    0,    0,    0,    0,    0,    0,    0,    0,    0,    0,    0,    0,    8,    0,    0,    0,    0,    0,    0,    0,    0,    0,    0,    0,    0,    0,   14,    0,   -4,   10,    0,   -6,    0,    0,   -4,   -4,   -2,    0,    0,    4,    0,    4,    0,    0,    0,    0,    0,    0,    0,   -4,    6,   10,   -4,   10,   -4,   10,   22,    6,   10,   -2,    0,    0,   -6,    0,    0,    0,    0,    6,   12,    0,
       0,    0,    0,    0,    8,   -8,    0,   -6,    0,    0,    0,    0,    0,    0,    0,    0,    0,    0,    0,    0,    0,    0,    0,    0,    0,    0,    0,    0,    0,    0,    0,    0,    0,    0,    0,    0,    6,    0,    0,   16,    6,    0,   20,    6,    6,    0,    8,    6,   10,    4,   10,    0,    4,    0,    0,    0,    0,    0,    0,    0,    0,    0,    0,    0,    0,    0,    0,    0,    0,    0,    0,    6,    0,    0,    0,    0,   10,   12,    0,
       0,    0,    0,    0,   -8,    0,    0,    0,    0,    0,    0,    0,    0,    0,    0,    0,    0,    0,    0,   -4,   -4,    0,    0,    0,    0,    0,    0,    0,    0,    0,    0,    0,    0,    0,    0,  -18,    0,    0,    0,    0,    0,    0,    0,    0,    0,    0,    0,    0,   -3,    0,   -3,    0,    0,    0,    0,    0,    0,    0,    0,    0,    0,    0,    0,    0,    0,    0,    0,    0,    0,    0,    0,    0,    0,   -4,    0,    0,   -6,    0,    0,
       0,    0,    0,    0,    0,    0,    0,    0,    0,    0,    0,    0,    0,    0,    0,    0,    0,    0,    0,   -8,   -8,    0,    0,    0,    0,    0,    0,    0,    0,    0,    0,    0,    0,    0,    0,    0,    0,    0,    0,    0,    0,    0,    0,    0,    0,    0,    0,    0,    0,    0,    0,    0,    0,    0,    0,    0,    0,    0,    0,    0,    0,    0,    0,    0,    0,    0,    0,    0,    0,    0,    0,    0,    0,    0,    0,    0,    0,    0,    0,
       0,    0,    0,    0,    0,    0,    0,    0,    0,    0,    0,    0,    0,    0,    0,    0,    0,    0,    0,    0,    0,    0,    0,    0,    0,    0,    0,    0,    0,    0,    0,    0,    0,    0,    0,  -16,    0,    0,    0,    0,    8,    0,    0,    0,    0,    0,    0,    0,    0,    0,    0,    2,    0,    0,    0,    0,    0,    0,    0,    0,    0,    8,    0,    0,    0,    0,    0,    0,    0,    2,    0,    8,    0,    0,    0,    0,    0,    0,    0,
       0,    0,    0,   10,    0,   -6,    0,   -6,    0,    0,    0,    0,    0,    0,    0,    0,    0,    0,    0,    0,    0,    0,    0,    0,    0,    0,    0,    0,    0,    0,    0,    0,    0,    0,    0,  -10,    0,    0,   -2,   14,    7,    0,   16,    0,    0,    0,    0,    0,    0,    0,    0,    0,    0,    0,    0,    0,    0,    0,    0,    0,    0,    0,   -2,    0,   -2,    0,    0,   -2,    0,    0,    0,    7,    0,    0,    0,    0,    0,    0,    0,
       0,    0,    0,    0,    0,  -16,    0,  -16,  -10,    0,    0,    0,    0,    0,    0,    0,    0,    0,    0,    0,    0,    0,    0,    0,    0,    0,    0,    0,    0,    0,    0,    0,    0,    0,    0,   -6,    0,   -4,    0,    0,   -4,    0,    0,    0,    0,   -2,    0,    0,    8,    0,    8,    0,    0,    0,    0,    0,    0,    0,   -4,    0,    0,   -4,    0,   -4,    0,    0,    0,    0,   -2,    0,    0,   -4,    0,    0,    0,    0,    0,    6,    0,
       0,    0,    0,    0,    0,   -4,    0,   -4,    0,    0,    0,    0,    0,    0,    0,    0,    0,    0,    0,   -4,   -4,    0,    0,    0,    0,    0,    0,    0,    0,    0,    0,    0,    0,    0,    0,   -8,    0,    0,    0,    0,    0,    0,    0,    0,    0,    0,    0,    0,    0,    0,    0,    0,    0,    0,    0,    0,    0,    0,    0,    0,    0,    0,    0,    0,    0,    0,    0,    0,    0,    0,    0,    0,    0,    0,    0,    0,    0,    0,    0,
       0,    0,    0,    0,    0,    0,    0,    0,    0,    0,    0,    0,    0,    0,    0,    0,    0,    0,    0,    0,    0,    0,    0,    0,    0,    0,    0,    0,    0,    0,    0,    0,    0,    0,    0,   -6,    0,    0,    0,    0,    0,    0,    0,    0,    0,    0,    0,    0,    0,    0,    0,    0,    0,    0,    0,    0,    0,    0,    0,    0,    0,    0,    0,    0,    0,    0,    0,    0,    0,    0,    0,    0,    0,    0,    0,    0,    0,    4,    0,
       0,    0,    0,    0,    0,  -14,    0,  -14,    0,    0,    0,    0,    0,    0,    0,    0,    0,    0,    0,   -8,   -8,    0,    0,    0,    0,    0,    0,    0,    0,    0,    0,    0,    0,    0,    0,  -10,    0,    0,    0,    0,   -2,    0,    0,    0,    0,    0,    0,    0,    0,    0,    0,    0,    0,    0,    0,    0,    0,    0,    0,    0,    0,    0,    0,    0,    0,    0,    0,    0,    0,    0,    0,   -2,    0,    0,    0,    0,    0,    0,    0,
       0,    0,    0,    0,    0,    0,    0,    0,    0,    0,    0,    0,    0,    0,    0,    0,    0,    0,    0,    0,    0,    0,    0,    0,    0,    0,    0,    0,    0,    0,    0,    0,    0,    0,    0,  -13,    0,    0,    0,    0,    0,    0,    0,    0,    0,    0,    0,    0,    2,    0,    2,    0,    0,    0,    0,    0,    0,    0,    0,    0,    0,    6,    0,    0,    0,    0,    0,    0,    0,    0,    0,    0,    0,    0,    0,    0,    0,    6,    0,
       0,    0,    0,   -6,    0,    0,    0,    0,    0,    0,    0,    0,    0,    0,    0,    0,    0,    0,    0,    0,    0,    0,    0,    0,    0,    0,    0,    0,    0,    0,    0,    0,    0,    0,    0,  -12,    0,    0,    0,    0,    4,    0,    0,    0,    0,    0,    0,    0,    4,    0,    4,    0,    0,    0,    0,    0,    0,    0,    0,    0,    0,    6,    0,    0,    0,    0,    0,    0,    0,    0,    0,    4,    0,    0,    0,    0,    0,    0,    0,
       0,    0,    0,    0,    0,    0,    0,    0,    0,    0,    0,    0,    0,    0,    0,    0,    0,    0,    0,    0,    0,    0,    0,    0,    0,    0,    8,    0,    0,    0,    0,    0,    0,    0,    0,    0,    0,   -8,    0,   10,    0,    0,   12,   -4,   -4,   -4,    0,    0,    0,    0,    0,    0,    0,    0,    0,    0,   -5,    0,   -8,    0,    0,   -8,    0,   -8,    0,    0,    0,    0,   -4,    0,    0,    6,    0,    0,    0,    0,    0,    0,    0,
       0,    0,    0,    0,    0,    0,    0,    0,    0,    0,    0,    0,    0,    0,    0,    0,    0,    0,    0,    0,    0,    0,    0,    0,    0,    0,   16,    0,    0,    0,    0,   -9,    0,   -5,    0,    0,    0,    0,   -6,   10,    0,    0,   14,    0,    0,    0,    0,    0,    0,    0,    0,    0,    0,    0,    0,    0,    0,    0,    0,    0,    0,    0,   -6,    0,   -6,    0,    0,   -6,    0,    0,    0,    0,    0,    0,    0,    0,    0,    0,    0,
       0,    0,    0,    0,    0,    0,    0,    0,    0,    0,    0,    0,    0,    0,    0,    0,    8,    0,    0,    0,    0,    0,    0,    0,    0,    0,    0,    0,    0,    0,    0,    0,    0,    0,    0,    0,    0,    0,    0,    0,    0,    0,    0,    0,    0,    0,    0,    0,    0,    0,    0,    0,    0,    0,    0,    0,    0,    0,    0,    0,    0,    0,    0,    0,    0,    0,    0,    0,    0,    0,    0,    0,    0,    0,    0,    0,    0,    0,    0,
       0,    0,    0,    0,    0,    0,    0,    0,    0,    0,    0,    0,    0,    0,    0,    0,    0,    0,    0,    0,    0,    0,    0,    0,    0,    0,    0,    0,    0,    0,    0,   -4,    0,   -4,    0,    0,    0,    0,    0,    0,    0,    0,    0,    0,    0,    0,    0,    0,    0,    0,    0,    0,    0,    0,    0,    0,    0,    0,    0,    0,    0,    0,    0,    0,    0,    0,    0,    0,    0,    0,    0,    0,    0,    0,    0,    0,    0,    0,    0,
       0,    0,    0,    0,    0,   -8,    0,   -8,    0,    0,    0,    0,    0,    0,    0,    0,    0,    0,    0,    0,    0,    0,    0,    0,    0,    0,    0,    0,    0,   -6,    0,   -4,    0,   -4,    0,    0,    0,    0,    0,    0,    0,    0,    0,    0,    0,    0,    0,    0,    0,    0,    0,    0,    0,    0,    0,    0,    0,    0,    0,    0,    0,    0,    0,    0,    0,    0,    0,    0,    0,    0,    0,    0,    0,    0,    0,    0,    0,    0,    0,
       0,    0,    0,    0,    0,    0,    0,    0,    0,    0,    0,    0,    0,    0,    0,    0,    0,    0,    0,    0,    0,    0,    0,    0,    0,    0,   20,    0,    0,    0,   -6,   -8,    0,   -8,    0,    0,    0,   -6,   -6,   14,    4,    0,   16,    0,    0,    0,    0,    0,    0,    0,    0,    0,    0,    0,    0,    0,    0,    0,   -6,    0,    0,   -6,   -6,   -6,   -6,    0,    0,   -6,    0,    0,    0,    4,    0,    0,    0,    0,    0,    0,    0,
       0,    0,    0,  -11,    0,  -22,    0,  -22,  -12,    0,    0,    0,    0,    0,    0,    0,    0,    0,    0,    0,    0,    0,  -12,   -6,    0,   -6,   -4,   -6,    0,   -8,   -4,  -10,  -10,  -12,    0,  -16,    0,    0,    0,    0,    0,    0,    0,    0,    0,    0,    0,    0,    0,    0,    0,    0,    0,    0,    0,    0,  -12,    0,    0,    0,    0,    0,    0,    0,    0,    0,    0,    0,    0,    0,    0,    0,    0,    0,    0,    0,    0,    0,    0,
       0,    0,    0,    0,    0,    0,    0,    0,    0,    0,    0,    0,    0,    0,    0,    0,    0,    0,    0,    0,    0,    0,    0,    0,    0,    0,    0,    0,    0,    0,    0,    0,    0,    0,    0,    0,    0,    0,    0,    0,    0,    0,    0,    0,    0,    0,    0,    0,    0,    0,    0,    0,    0,    0,    0,    0,    0,    0,    0,    0,    0,    0,    0,    0,    0,    0,    0,    0,    0,    0,    0,    0,    0,    0,    0,    0,   -6,    0,    0,
       0,    0,    0,    0,    0,    0,    0,    0,    0,    0,    0,    0,    0,    0,    0,    0,    0,    0,    0,    0,    0,    0,    0,    0,    0,    0,    0,    0,    0,    0,    0,    0,    0,    0,    0,  -10,    0,   -2,    0,    6,    0,    0,    8,    0,    0,    0,    0,    0,    0,    0,    0,    0,    0,    0,    0,    0,    0,    0,   -2,    0,    0,   -2,    0,   -2,    0,    0,    0,    0,    0,    0,    0,    0,    0,   -2,    0,    0,    0,    2,    0,
       0,    0,    0,    6,   12,    0,    0,    0,    0,    0,    0,    0,    0,    0,    0,    0,    0,    0,    0,    0,    0,    0,    0,    0,    0,    0,    0,    0,    0,    0,    0,    0,    0,    0,    0,   12,    0,    0,   12,    0,    0,    0,    0,    0,    0,    0,    0,    0,    0,    0,    0,    0,    0,    0,    0,    0,    0,    0,    0,    0,    8,    0,   12,    0,   12,    8,    0,   12,    0,    0,    0,    0,    0,    0,    0,    0,    0,    6,    0,
       0,    0,    0,    0,   -6,  -10,    0,  -10,    0,    0,    0,    0,    0,    0,    0,    0,    0,    0,    0,   -4,   -4,    0,    0,    0,    0,    0,    0,    0,    0,    0,    0,    0,    0,    0,    0,  -16,    0,    0,   -2,    0,    0,    0,    0,    0,    0,    0,    6,    0,    8,   -2,    8,    0,    0,    0,    0,    0,    0,    0,    0,    0,    0,    0,   -2,    0,   -2,    0,    0,    2,    0,    0,    0,    0,    0,   -2,    0,    0,   -6,    0,    0,
       0,    0,    0,    0,  -18,    0,   -4,    0,    0,    0,    0,    0,    0,    0,    0,    0,    0,    0,    0,    0,    0,   -6,    6,    0,   -8,    0,   24,    0,    0,  -12,  -14,  -24,    7,  -20,    0,  -32,    0,   -4,    0,   22,   14,   -4,   26,   -4,   -4,    0,   -5,   -5,  -12,    0,  -12,    0,    0,   -6,    0,    0,    4,    0,   -4,   -4,   -4,   -2,    0,   -4,    0,   -4,    0,    0,    0,    0,    0,   14,    0,   -4,   -4,   -6,  -20,  -16,    0,
       0,    0,    0,    0,   -6,    0,    0,    0,    0,    0,    0,    0,    0,    0,    0,    0,    0,    0,    0,    0,    0,    0,    0,    0,    0,    0,    0,    0,    0,    0,    0,    0,    0,    0,    0,  -12,    0,    0,    0,   24,    8,    0,   28,    0,    0,    0,    0,    0,    0,    0,    0,    0,    0,    0,    0,    0,    0,    0,    0,    0,    0,    0,    0,    0,    0,    0,    0,    0,    0,    0,    0,    8,    0,   -2,    0,    0,   -6,    0,    0,
       0,    0,    0,   22,   23,    0,    0,    0,    0,    0,    0,    0,    0,    0,    0,    0,    0,    0,    0,    0,    0,   12,    0,    0,    0,    0,    0,    0,    0,    0,    0,    0,    0,    0,    0,   20,   10,    0,   22,    6,    0,   10,   10,    8,    8,    0,    8,    8,   10,    2,   10,    6,   10,    0,    0,    0,    0,    0,    4,   10,    0,    0,   22,    8,   22,    0,    0,   22,    8,   16,    0,    0,    0,    0,    0,    0,   12,   20,    0,
       0,    0,    0,    0,    6,    0,    0,    0,    0,    0,    0,    0,    0,    0,    0,    0,    0,    0,    0,   -6,   -6,    0,    0,    0,   -3,    0,   14,    0,    0,    0,   -2,    0,    0,    0,    0,    0,    0,   -4,    0,   14,    0,    0,   17,    0,    0,    0,    0,    0,    0,    0,    0,    0,    0,    0,    0,    0,    0,    0,   -4,    0,    0,   -4,    0,   -4,    0,    0,    0,    0,    0,    0,    0,    0,    0,    0,   -2,    0,    0,    0,    0,
       0,    0,    0,    0,    0,    0,    0,    0,    0,    0,    0,    0,    0,    0,    0,    0,    0,    0,    0,    0,    0,    0,    0,    0,    0,    0,    0,    0,    0,    0,    0,    0,    0,    0,    0,  -12,    0,    0,   -4,   12,    0,    0,   15,    0,    0,    0,    0,    0,    0,    0,    0,    0,    0,    0,    0,    0,    0,    0,    0,    0,    0,    0,   -4,    0,   -4,    0,    0,   -4,    0,    0,    0,    0,    0,    0,    0,    0,    0,    0,    0,
       0,    0,    0,    6,   22,    0,    0,    0,    0,    0,    0,    0,    0,    0,    0,    0,    0,    0,    0,    0,    0,    0,    0,    0,    0,    0,    0,    0,    0,    0,    0,    0,    0,    0,    0,   12,    0,    0,   22,    0,    0,    0,    0,    0,    0,    0,    0,    0,    0,    0,    0,    0,    0,    0,    0,    0,    0,    0,    0,    0,    8,    0,   22,    0,   22,    8,    0,   22,    0,    0,    0,    0,    0,    0,    0,    0,    0,    6,    0,
       0,    0,    0,    0,    0,  -10,    0,  -10,    0,    0,    0,    0,    0,    0,    0,    0,    0,    0,    0,   -8,   -8,    0,    0,    0,   -3,    0,   17,    0,    0,    0,    0,    0,    0,    0,    0,    0,    0,   -4,    0,   17,    0,    0,   17,   -2,   -2,   -3,   -4,   -4,   -2,   -3,   -2,    0,    0,   -8,   -4,    0,    0,    0,   -4,    0,    0,   -4,    0,   -4,    0,    0,    0,    0,   -3,    0,   -4,    0,    0,   -4,    0,    0,   -4,    0,    0,
       0,    0,    0,    0,    0,    0,    0,    0,    0,    0,    0,    0,    0,    0,    0,    0,    0,    0,    0,    0,    0,    0,    0,    0,    0,    0,    0,    0,    0,    0,    0,    0,    0,    0,    0,    0,    0,    0,    0,   20,    4,    0,   20,    0,    0,    0,    0,    0,    0,    0,    0,    0,    0,    0,    0,    0,    0,    0,    0,    0,    0,    0,    0,    0,    0,    0,    0,    0,    0,    0,    0,    4,    0,    0,    0,    0,    0,    0,    0,
       0,    0,    0,    0,    0,    0,    0,    0,    0,    0,    0,    0,    0,    0,    0,    0,    0,    0,    0,    0,    0,    0,    0,    0,    0,    0,    0,    0,    0,    0,    0,    0,    0,    0,    0,    0,    0,    0,   10,    0,    0,    0,    0,    0,    0,    0,    0,    0,    0,    0,    0,    0,    0,    0,    0,    0,    0,    0,    0,    0,    0,    0,   10,    0,   10,    0,    0,   10,    0,    0,    0,    0,    0,    0,    0,    0,    0,   10,    0,
       0,    0,    0,    0,    0,    0,    0,    0,    0,    0,    0,    0,    0,    0,    0,    0,    0,    0,    0,    0,    0,    0,    0,    0,    0,    0,    0,    0,    0,    0,    0,    0,    0,    0,    0,  -11,    0,   -2,    0,    0,    0,    0,    0,    0,    0,    0,    0,    0,    0,    0,    0,    0,    0,    0,    0,    0,    0,    0,   -2,    0,    0,   -2,    0,   -2,    0,    0,    0,    0,    0,    0,    0,    0,    0,   -2,    0,    0,    0,    0,    0,
       0,    0,    0,    0,    0,    0,    0,    0,    0,    0,    0,    0,    0,    0,    0,    0,    0,    0,    0,    0,    0,    0,    0,    0,    0,    0,    0,    0,    0,    0,    0,    0,    0,    0,    0,    0,    0,    0,    0,    6,    0,    0,    8,    0,    0,    0,    0,    0,    0,    0,    0,    0,    0,    0,    0,    0,    0,    0,    0,    0,    0,    0,    0,    0,    0,    0,    0,    0,    0,    0,    0,    0,    0,    0,    0,    0,    0,    0,    0,
       0,    0,    0,    0,    0,    0,    0,    0,    0,    0,    0,    0,    0,    0,    0,    0,    0,    0,    0,    0,    0,    0,    0,    0,    0,    0,    0,    0,    0,    0,    0,    0,    0,    0,    0,    0,    0,    0,    0,    0,    0,    0,    4,    4,    4,    0,    6,    4,   10,    0,   10,    0,    0,    0,    0,    0,    0,    0,    0,    0,    0,    0,    0,    0,    0,    0,    0,    0,    0,    0,    0,    0,    0,    0,    0,    0,    0,    0,    0,
       0,    0,    0,    0,    0,    0,    0,    0,    0,    0,    0,    0,    0,    0,    0,    0,    0,    0,    0,   -8,   -8,    0,    0,    0,    0,    0,    0,    0,    0,    0,    0,    0,    0,    0,    0,  -16,    0,    0,    0,    0,    0,    0,    0,    0,    0,    0,    0,    0,    0,    0,    0,    0,    0,    0,    0,    0,    0,    0,    0,    0,    0,    0,    0,    0,    0,    0,    0,    0,    0,    0,    0,    0,    0,    0,    0,    0,    0,    0,    0,
       0,    0,    0,    0,    0,   -4,    0,   -4,    0,    0,    0,    0,    0,    0,    0,    0,    0,    0,    0,   -4,   -4,    0,    0,    0,    0,    0,    0,    0,    0,    0,    0,    0,    0,    0,    0,   -8,    0,    0,    0,    8,    0,    0,    8,    0,    0,    0,    0,    0,    0,    0,    0,    0,    0,    0,    0,    0,    0,    0,    0,    0,    0,    0,    0,    0,    0,    0,    0,    0,    0,    0,    0,    0,    0,    0,    0,    0,    0,    0,    0,
       0,    0,    0,    0,    0,    0,    0,    0,    0,    0,    0,    0,    0,    0,    0,    0,    0,    0,    0,    0,    0,    0,    0,    0,    0,    0,    0,    0,    0,    0,    0,    0,    0,    0,    0,   -6,    0,    0,    0,    8,    0,    0,    8,    0,    0,    0,    0,    0,    0,    0,    0,    0,    0,    0,    0,    0,    0,    0,    0,    0,    0,    0,    0,    0,    0,    0,    0,    0,    0,    0,    0,    0,    0,    0,    0,    0,    0,    4,    0,
       0,    0,    0,    0,   -6,    0,    0,    0,    0,    0,    0,    0,    0,    0,    0,    0,    0,    0,    0,    0,    0,    0,    0,    0,    0,    0,    0,    0,    0,    0,    0,    0,    0,    0,    0,  -12,    0,    0,    0,   23,    8,    0,   26,    0,    0,    0,    0,    0,    0,    0,    0,    0,    0,    0,    0,    0,    0,    0,    0,    0,    0,    0,    0,    0,    0,    0,    0,    0,    0,    0,    0,    8,    0,   -2,    0,    0,   -6,    0,    0,
       0,    0,    0,    0,    8,   -4,    0,   -6,    0,    0,    0,    0,    0,    0,    0,    0,    0,    0,    0,    0,    0,    0,    0,    0,    0,    0,    0,    0,    0,    0,    0,    0,    0,    0,    0,    0,    6,    0,    0,   16,    6,    0,   20,    6,    6,    0,    8,    6,   10,    4,   10,    0,    4,    0,    0,    0,    0,    0,    0,    0,    0,    0,    0,    0,    0,    0,    0,    0,    0,    0,    0,    6,    0,    0,    0,    0,   10,   12,    0,
       0,    0,    0,    0,    0,   -6,    0,   -6,    0,    0,    0,    0,    0,    0,    0,    0,    0,    0,    0,    0,    0,    0,   -6,    0,    0,    0,    0,    0,    0,    0,    0,    0,    0,    0,    0,    0,    0,    0,    0,    0,    0,    0,    0,    0,    0,    0,    0,    0,    0,    0,    0,    0,    0,    0,    0,    0,   -4,    0,    0,    0,    0,    0,    0,    0,    0,    0,    0,    0,    0,    0,    0,    0,    0,    0,    0,    0,    0,    0,    0,
       0,    0,    0,    0,    0,    0,    0,    0,    0,    0,    0,    0,    0,    0,    0,    0,    0,    0,    0,    0,    0,    0,    0,    0,    0,    0,    0,    0,    0,    0,    0,    0,    0,    0,    0,    0,    0,    0,    0,    0,    0,    0,   10,    0,    0,    0,    0,    0,    0,    0,    0,    0,    0,    0,    0,    0,    0,    0,    0,    0,    0,    0,    0,    0,    0,    0,    0,    0,    0,    0,    0,    0,    0,    0,    0,    0,    0,    0,    0,
       0,    0,    0,    0,    0,    0,    0,    0,    0,    0,    0,    0,    0,    0,    0,    0,    0,    0,    0,    0,    0,    0,    0,    0,    0,    0,    0,    0,    0,    0,    0,    0,    0,    0,    0,    0,    0,    0,    0,    0,    0,    0,   12,    0,    0,    0,    0,    0,    0,    0,    0,    0,    0,    0,    0,    0,    0,    0,    0,    0,    0,    0,    0,    0,    0,    0,    0,    0,    0,    0,    0,    0,    0,    0,    0,    0,    0,    0,    0,
      -6,    0,    0,    0,    0,  -20,    0,  -20,    0,    0,    0,    0,    0,  -10,    0,   -6,    0,   -8,    0,    0,    0,    0,  -22,   -6,   -4,   -8,    0,   -8,   -4,    0,   -6,   -6,    0,    0,    0,    0,    0,  -16,    0,   -6,  -17,    0,    0,   -2,   -2,  -14,    0,    0,    0,   -6,    0,   -6,    0,    0,    0,  -20,  -22,    0,  -16,    0,    0,  -16,    0,  -16,    0,    0,    0,    0,  -14,   -6,    0,  -17,    0,   -6,    0,    0,    0,    0,    0,
     -14,    0,    0,    0,    0,  -28,    0,  -28,    0,  -14,    0,   -6,    0,  -16,  -10,  -12,    0,  -14,    0,    0,    0,   -8,  -30,   -8,  -12,  -10,  -10,  -12,   -8,   -6,  -10,   -6,   -6,   -4,   -4,    0,    0,  -20,   -4,  -12,  -23,   -6,    0,   -4,   -4,  -18,    0,   -6,    0,   -8,    0,   -6,    0,    0,    0,    0,  -30,    0,  -20,   -6,    0,  -20,   -4,  -20,   -4,    0,    0,   -4,  -18,   -6,    0,  -23,   -9,    0,    0,    0,    0,    0,    0,
       0,    0,    0,    0,    0,    0,    0,    0,    0,    0,    0,    0,    0,    0,    0,    0,    0,    0,    0,    0,    0,    0,    8,    0,   -6,    0,   14,    0,    0,  -10,  -12,  -20,    8,  -12,    0,    0,    0,   -4,    0,   20,    4,    0,   17,   -4,   -4,    0,   -4,   -4,  -12,    0,  -10,    0,    0,    0,    0,    0,    6,    0,   -4,    0,    0,   -4,    0,   -4,    0,    0,    0,    0,    0,    0,    0,   18,    0,    0,    0,    0,  -20,  -20,    0,
};

static const EpdLigaturePair bookerly_6_italicLigaturePairs[] = {
    { 0x00660066, 0xFB00 }, // f f -> U+FB00
    { 0x00660069, 0xFB01 }, // f i -> U+FB01
    { 0x0066006C, 0xFB02 }, // f l -> U+FB02
    { 0xFB000069, 0xFB03 }, // U+FB00 i -> U+FB03
    { 0xFB00006C, 0xFB04 }, // U+FB00 l -> U+FB04
};

static const EpdFontData bookerly_6_italic = {
    bookerly_6_italicBitmaps,
    bookerly_6_italicGlyphs,
    bookerly_6_italicIntervals,
    63,
    16,
    14,
    -4,
    true,
    bookerly_6_italicGroups,
    12,
    nullptr,
    bookerly_6_italicKernLeftClasses,
    bookerly_6_italicKernRightClasses,
    bookerly_6_italicKernMatrix,
    364,
    392,
    89,
    79,
    bookerly_6_italicLigaturePairs,
    5,
};
