/**
 * generated by fontconvert.py
 * name: bookerly_12_italic
 * size: 12
 * mode: 2-bit  compressed: true
 * Command used: fontconvert.py bookerly_12_italic 12 ../builtinFonts/source/Bookerly/Bookerly-Italic.ttf --2bit --compress --pnum --exclude-intervals 0x0400,0x04FF --exclude-intervals 0x1EA0,0x1EF9 --exclude-intervals 0x01A0,0x01A1 --exclude-intervals 0x01AF,0x01B0
 */
#pragma once
#include "EpdFontData.h"

static const uint8_t bookerly_12_italicBitmaps[18760] = {
    0x8D, 0x59, 0x3D, 0x70, 0xDC, 0xD6, 0x11, 0x5E, 0x00, 0xA6, 0x90, 0x11, 0x62, 0x81, 0x85, 0x95,
    0xC9, 0x98, 0x26, 0xA1, 0xC2, 0x99, 0xF1, 0x38, 0xE4, 0x21, 0x85, 0x0A, 0x66, 0x06, 0x77, 0x80,
    0x9D, 0xBF, 0xD2, 0x2A, 0xC4, 0x14, 0x49, 0xA1, 0xB4, 0x1E, 0x17, 0x54, 0xC1, 0x82, 0x9E, 0x39,
    0xF2, 0x60, 0xBB, 0x70, 0x91, 0x22, 0x2C, 0xE2, 0x32, 0x91, 0x4A, 0x5B, 0x9E, 0xB1, 0x58, 0x30,
    0x99, 0xB3, 0x73, 0xE4, 0xBD, 0x48, 0x45, 0x0A, 0xCD, 0x24, 0x70, 0x5C, 0xA4, 0xC8, 0x64, 0x8C,
    0xC4, 0xAA, 0xAC, 0x38, 0x82, 0x62, 0x38, 0x3E, 0x59, 0xC7, 0x43, 0xBE, 0x6F, 0x81, 0xBB, 0xA3,
    0xE2, 0xC4, 0xF1, 0x11, 0xEF, 0xDD, 0x09, 0xC0, 0xDB, 0xB7, 0xBF, 0xDF, 0xEE, 0x3E, 0xC9, 0x63,
    0x52, 0x5A, 0x85, 0x93, 0x3B, 0x99, 0x63, 0x5C, 0xE3, 0x25, 0x9E, 0xF8, 0x72, 0x06, 0x7F, 0xCB,
    0xF2, 0x84, 0xF0, 0xB3, 0x2C, 0xBB, 0xD2, 0x95, 0x45, 0x39, 0xED, 0x4A, 0x2B, 0x90, 0x76, 0x4B,
    0xA2, 0x35, 0x59, 0x8F, 0xE4, 0xFC, 0xBA, 0x5C, 0x3E, 0x2F, 0x17, 0x16, 0x45, 0xCE, 0xD8, 0x46,
    0x1E, 0x75, 0x52, 0x59, 0x76, 0x12, 0x59, 0xC5, 0xEA, 0xAA, 0x1A, 0x2F, 0xBC, 0x7D, 0xE9, 0xA2,
    0x6C, 0x3D, 0x2A, 0xB2, 0x0F, 0x1A, 0xC5, 0xAA, 0x9C, 0xFD, 0x64, 0xE7, 0x42, 0xAF, 0xAA, 0x72,
    0xDB, 0x6C, 0x89, 0x63, 0xF6, 0xC5, 0x49, 0x0B, 0x71, 0x93, 0x1C, 0xD4, 0xBF, 0x82, 0xB1, 0x8A,
    0xB1, 0x8E, 0x71, 0x5E, 0xC4, 0x9B, 0x88, 0x74, 0x86, 0x46, 0x8A, 0x0F, 0x32, 0x29, 0xDE, 0xCD,
    0xAC, 0x7B, 0xBF, 0x4D, 0xE5, 0x5F, 0x46, 0x64, 0x98, 0x8A, 0x84, 0x99, 0x88, 0x3B, 0xC2, 0x3B,
    0x87, 0xF2, 0xF5, 0x33, 0xA1, 0x44, 0x8F, 0x06, 0x12, 0x3D, 0xB1, 0x22, 0xF1, 0x6A, 0x5B, 0x82,
    0xAA, 0x14, 0xBB, 0xC2, 0x3B, 0x5B, 0x20, 0xB3, 0x8F, 0x51, 0x60, 0x80, 0xBC, 0x95, 0xCA, 0xF4,
    0x03, 0x46, 0x2F, 0x8B, 0x55, 0x25, 0x78, 0xE4, 0xBD, 0x6A, 0x9C, 0x4C, 0x7C, 0xDB, 0x78, 0xA9,
    0xAC, 0xDA, 0x59, 0x20, 0x12, 0xD9, 0x26, 0x02, 0x0F, 0x8E, 0x39, 0x10, 0xD9, 0x76, 0x5E, 0xC2,
    0xCA, 0xC8, 0x77, 0xCC, 0x30, 0xE9, 0xEC, 0xF8, 0xCE, 0x9F, 0x8C, 0x5F, 0xAE, 0xF9, 0x36, 0x36,
    0xDF, 0x5E, 0xB6, 0x30, 0x17, 0x11, 0x66, 0xC7, 0x60, 0x89, 0x78, 0x69, 0xE4, 0x18, 0x01, 0x1B,
    0x5E, 0x22, 0x91, 0xB4, 0x41, 0xA8, 0x14, 0x1F, 0x1C, 0x5E, 0x15, 0x2B, 0x91, 0x87, 0x3F, 0x14,
    0x40, 0x9C, 0x3B, 0x10, 0x45, 0xBC, 0x67, 0x41, 0x85, 0xDB, 0x63, 0x5E, 0x71, 0x79, 0x1F, 0x7A,
    0xB5, 0x30, 0x8F, 0xC4, 0x15, 0x89, 0x53, 0xD9, 0x14, 0x6B, 0x22, 0x9B, 0xF8, 0xD7, 0x15, 0x07,
    0xFC, 0x9E, 0xF1, 0x7F, 0xF0, 0x0B, 0xF0, 0xE3, 0x1A, 0xA8, 0x29, 0x72, 0x72, 0xF2, 0x29, 0x23,
    0xF0, 0x19, 0x49, 0x0F, 0x7C, 0x76, 0x24, 0x04, 0x9D, 0xE0, 0x41, 0x85, 0x6D, 0xDD, 0x2A, 0xAF,
    0xF6, 0xB8, 0x59, 0x30, 0x6A, 0x76, 0x3D, 0xDD, 0x6A, 0x47, 0xEB, 0xE7, 0x2F, 0x5F, 0x10, 0x39,
    0x27, 0x76, 0x21, 0x7E, 0x2A, 0x6D, 0xF2, 0x68, 0xE7, 0xE2, 0x1A, 0x98, 0x59, 0x56, 0x84, 0x37,
    0x40, 0x72, 0x5B, 0xA4, 0x2F, 0x72, 0x30, 0xBD, 0xF0, 0xBB, 0xAB, 0xF7, 0xD7, 0x84, 0xAF, 0x41,
    0x3C, 0x27, 0x53, 0xA5, 0x9E, 0xD3, 0x0B, 0xCF, 0x82, 0xFA, 0xAE, 0x21, 0x2D, 0x3E, 0x28, 0xA6,
    0xEB, 0xFA, 0x53, 0x4A, 0x7A, 0xD3, 0xCA, 0xF9, 0x0E, 0x84, 0xF4, 0x95, 0x56, 0x9F, 0xAF, 0x7B,
    0xCA, 0xC5, 0x4F, 0x6A, 0x0E, 0x0F, 0x64, 0x7D, 0x5F, 0x76, 0xC1, 0xCF, 0xDD, 0xC4, 0xBB, 0x93,
    0xEC, 0xE4, 0xF2, 0xE4, 0xBE, 0x5A, 0x70, 0x5D, 0xB7, 0xD7, 0xEB, 0xEC, 0xCE, 0xC5, 0x5E, 0x35,
    0xC6, 0x3C, 0xBB, 0xA3, 0xDE, 0x02, 0x8F, 0x2D, 0x6C, 0x78, 0xAD, 0x9B, 0x06, 0x64, 0x5F, 0x36,
    0x2E, 0x56, 0xC7, 0xD7, 0x5E, 0x97, 0x56, 0x6F, 0x07, 0xA6, 0xC6, 0xBE, 0xDC, 0x98, 0x3C, 0x72,
    0x6B, 0x6E, 0xA8, 0x2F, 0x81, 0x29, 0x5A, 0x92, 0x8F, 0xFC, 0x44, 0xE5, 0x27, 0x39, 0x72, 0x3C,
    0x7D, 0x44, 0x83, 0x70, 0x45, 0xAB, 0x79, 0x34, 0xF3, 0x1E, 0x0F, 0xB6, 0xE8, 0x0D, 0x33, 0xAB,
    0x74, 0x0B, 0x27, 0xB3, 0x0B, 0xCF, 0x58, 0x85, 0x2F, 0x56, 0x11, 0x62, 0xB4, 0xA1, 0xDC, 0x2E,
    0xC6, 0x00, 0x4C, 0x0D, 0xA0, 0xDA, 0x81, 0x78, 0x18, 0x41, 0x32, 0x80, 0x79, 0x7A, 0x32, 0x96,
    0xB8, 0xCA, 0x75, 0xF9, 0xF4, 0x73, 0x2A, 0xB7, 0x2A, 0x5C, 0x19, 0xAD, 0xE0, 0x19, 0x9A, 0x05,
    0xCC, 0xF8, 0xAA, 0xD4, 0x90, 0x26, 0x25, 0xBB, 0x5D, 0xBD, 0x40, 0x69, 0x92, 0xC6, 0x15, 0xD8,
    0x7D, 0x8C, 0x1C, 0xA4, 0xD2, 0xBB, 0x9B, 0xCB, 0x88, 0x82, 0xDB, 0x85, 0x65, 0x60, 0x52, 0x71,
    0x30, 0x3C, 0xF0, 0x1D, 0x80, 0xEF, 0x5D, 0x08, 0xCE, 0x00, 0x81, 0xF0, 0x21, 0x76, 0x1B, 0x43,
    0x1A, 0xFE, 0x7C, 0x6D, 0x23, 0x41, 0xF0, 0xA5, 0x18, 0xD8, 0x1B, 0xBE, 0x10, 0x20, 0xC8, 0xAA,
    0xA1, 0xA1, 0x0C, 0x0C, 0x79, 0x21, 0x0F, 0xE0, 0x56, 0xE4, 0x50, 0x64, 0x09, 0xE4, 0x86, 0x58,
    0xB8, 0x31, 0x14, 0x65, 0x46, 0x47, 0x2C, 0xFA, 0xCC, 0x1B, 0xC9, 0x0B, 0x60, 0xBA, 0x77, 0x3C,
    0x13, 0x24, 0xA9, 0x77, 0x08, 0xB0, 0x7F, 0xCF, 0x88, 0xF5, 0x29, 0x4C, 0x7D, 0x2B, 0x95, 0xE0,
    0xB9, 0x44, 0xDA, 0x10, 0xA7, 0x0C, 0xE0, 0x36, 0x21, 0x64, 0xEB, 0x40, 0xA6, 0xB6, 0x54, 0x55,
    0x55, 0x10, 0x04, 0x6A, 0x75, 0xD3, 0x45, 0x4B, 0xF0, 0x5B, 0xD4, 0x94, 0x7A, 0x90, 0x71, 0x88,
    0xD1, 0xDC, 0xA2, 0x57, 0x39, 0xF8, 0xED, 0x40, 0x64, 0x6B, 0x93, 0x37, 0xF8, 0x3E, 0xF8, 0x82,
    0x46, 0xEA, 0x31, 0xAA, 0x45, 0x87, 0xF7, 0xBF, 0x09, 0xB1, 0x86, 0xB7, 0x4F, 0xF2, 0xD4, 0x03,
    0xBA, 0x4C, 0x12, 0x05, 0x8C, 0x23, 0x2C, 0x2D, 0x6B, 0x2E, 0xFD, 0x0F, 0xF7, 0x00, 0x14, 0x23,
    0xE9, 0x58, 0x47, 0xE0, 0x26, 0x86, 0x7A, 0xC3, 0xD9, 0xD8, 0xD1, 0x3B, 0x63, 0x09, 0xEE, 0x60,
    0x69, 0x35, 0x47, 0x8D, 0x00, 0x7A, 0x8B, 0x31, 0x22, 0xBC, 0xB3, 0x8D, 0x37, 0x2F, 0x93, 0x39,
    0xC6, 0x82, 0x9F, 0xD6, 0xAA, 0xE9, 0xD6, 0x62, 0xA8, 0x15, 0x4C, 0x7D, 0x9B, 0xDA, 0xEA, 0x34,
    0x5C, 0xF6, 0x6B, 0xDF, 0x99, 0xEB, 0xFD, 0x68, 0x13, 0x7A, 0x77, 0x0D, 0xC1, 0x16, 0xAE, 0x6B,
    0x9C, 0xDC, 0x4F, 0xEC, 0xD1, 0x0E, 0x04, 0xA0, 0xDE, 0x11, 0x06, 0x1F, 0x8C, 0xE0, 0x05, 0x87,
    0xCA, 0xCD, 0x40, 0x47, 0x07, 0xFF, 0x82, 0x07, 0xDD, 0x2D, 0xD4, 0xFC, 0x32, 0xA5, 0x45, 0x77,
    0x8A, 0xAF, 0x67, 0x32, 0x76, 0x0A, 0xAB, 0x20, 0x7C, 0x4B, 0x59, 0x0F, 0xFC, 0xC6, 0xBF, 0xED,
    0x63, 0x48, 0x3C, 0x84, 0xB1, 0x4E, 0x5D, 0x31, 0x35, 0xA3, 0x87, 0xB5, 0x0E, 0x61, 0xAA, 0xAF,
    0x41, 0x5F, 0x31, 0x78, 0x5E, 0x50, 0x52, 0x0E, 0xDE, 0x67, 0x38, 0xCC, 0x3F, 0x2D, 0xF8, 0xEC,
    0x0E, 0xB9, 0x5E, 0x50, 0x59, 0xE2, 0x3A, 0x7A, 0xFE, 0xF3, 0x83, 0xDD, 0x20, 0x34, 0xEC, 0x04,
    0x6D, 0x20, 0x66, 0x82, 0x3A, 0xBE, 0x9A, 0xCF, 0x16, 0x81, 0xBA, 0x97, 0xB9, 0xC7, 0x84, 0x33,
    0x78, 0x65, 0x90, 0x13, 0xD2, 0x24, 0xCC, 0xC5, 0x86, 0x0D, 0x9F, 0xC4, 0x1B, 0x4F, 0x5F, 0x7B,
    0x1D, 0x41, 0x3D, 0x5B, 0x80, 0xDF, 0xB8, 0x53, 0xE7, 0x80, 0x5E, 0x22, 0x41, 0xA9, 0x50, 0xCD,
    0x65, 0x63, 0x25, 0x95, 0xC2, 0xF7, 0x40, 0xEA, 0x29, 0x7D, 0xD9, 0xCB, 0xE3, 0x71, 0xE7, 0x68,
    0xD1, 0x47, 0xC8, 0xAC, 0x48, 0xD7, 0x82, 0x3A, 0x01, 0xC1, 0xB2, 0x9B, 0xC4, 0xC9, 0x23, 0x78,
    0xFA, 0x14, 0x94, 0x36, 0x6E, 0x94, 0xAE, 0x6F, 0xD3, 0xE3, 0xAC, 0xAA, 0xC2, 0xFE, 0xFE, 0x6D,
    0x09, 0x0C, 0xF9, 0x71, 0x10, 0xC6, 0x74, 0x34, 0x27, 0xF3, 0xFE, 0x96, 0x16, 0x5E, 0x12, 0x57,
    0xC9, 0x81, 0x4F, 0x7F, 0x3D, 0x58, 0xB3, 0x72, 0x1F, 0x10, 0xEF, 0x98, 0x65, 0x9D, 0x57, 0xAD,
    0x7C, 0xDB, 0x25, 0xCA, 0x6F, 0x7B, 0xE9, 0xD8, 0x4B, 0xB7, 0xDD, 0x9B, 0x03, 0x38, 0x82, 0x5B,
    0xC5, 0x23, 0xE9, 0xDA, 0xA3, 0x60, 0xAF, 0x51, 0x4D, 0xA8, 0xB3, 0x0F, 0x34, 0x04, 0xED, 0xFB,
    0xCF, 0x6C, 0x12, 0xF0, 0x89, 0xC8, 0x72, 0xEA, 0x8D, 0x9A, 0x09, 0xA2, 0x1D, 0xA3, 0x55, 0x9D,
    0x5A, 0x73, 0x84, 0x2C, 0xD3, 0x37, 0x22, 0xFA, 0xCF, 0x16, 0x71, 0x06, 0x20, 0x02, 0xFC, 0x69,
    0x13, 0x9B, 0x00, 0x3D, 0xFE, 0x6B, 0x9B, 0xEA, 0x7C, 0xD0, 0xFD, 0xC6, 0x66, 0x02, 0x37, 0xF2,
    0x99, 0xB8, 0xFC, 0x14, 0xFA, 0xF6, 0x8D, 0x07, 0x31, 0x6E, 0xC7, 0x63, 0x81, 0xFE, 0x40, 0x1F,
    0xA2, 0xE5, 0xD6, 0x95, 0x67, 0xE9, 0x37, 0x03, 0xF5, 0xE6, 0x16, 0x46, 0x1B, 0xF1, 0x11, 0x61,
    0xC3, 0x1E, 0x7C, 0xE6, 0x08, 0x7E, 0x35, 0x42, 0x10, 0x94, 0xB8, 0x57, 0x48, 0x1F, 0x1E, 0x3C,
    0xB2, 0x73, 0xAB, 0x84, 0x0B, 0xE6, 0x4B, 0x9F, 0x0D, 0x01, 0x0B, 0x4D, 0xB6, 0xB0, 0x9E, 0x47,
    0xC8, 0x20, 0x91, 0x4E, 0x7E, 0x0C, 0x80, 0x91, 0x03, 0x48, 0xB3, 0x0F, 0xAB, 0x5E, 0xED, 0x34,
    0x5E, 0xDE, 0x04, 0xDD, 0x6C, 0x4C, 0x83, 0x11, 0xEA, 0x34, 0x71, 0xB6, 0x64, 0x90, 0xF7, 0x91,
    0x83, 0xCB, 0x9A, 0xD6, 0xC2, 0x1B, 0x08, 0xC3, 0x0A, 0x94, 0xAD, 0x2B, 0xDF, 0xA3, 0x21, 0xA9,
    0xF7, 0x90, 0x51, 0xD8, 0xA2, 0xD7, 0x10, 0x2F, 0x61, 0x31, 0x70, 0x42, 0xD4, 0x04, 0x15, 0x4C,
    0x23, 0x7A, 0x54, 0x49, 0x6F, 0x82, 0xA7, 0x03, 0x5B, 0x01, 0x48, 0xB8, 0xDB, 0xC1, 0x5D, 0xB8,
    0x2D, 0xF8, 0x04, 0xEE, 0x54, 0xF7, 0xA7, 0x36, 0xDD, 0xD8, 0xD8, 0x20, 0x79, 0xA8, 0x27, 0xB8,
    0x76, 0x9D, 0xB8, 0x79, 0x86, 0x36, 0xF8, 0x6A, 0x8D, 0xDA, 0xB5, 0x4D, 0x14, 0xBB, 0x77, 0xAF,
    0xA5, 0xB4, 0x44, 0x5A, 0x73, 0x2C, 0xCA, 0x1C, 0xAD, 0x00, 0xF2, 0x97, 0xB9, 0x69, 0x01, 0xF2,
    0x48, 0x15, 0x4B, 0x15, 0x61, 0xAD, 0x22, 0xCC, 0x6E, 0x6C, 0x5C, 0x04, 0x61, 0x00, 0xC1, 0x35,
    0x00, 0x38, 0xF2, 0x4C, 0x08, 0x8F, 0x6C, 0x35, 0x34, 0xDB, 0x4A, 0x31, 0x01, 0xC1, 0x64, 0x0A,
    0x5F, 0xA4, 0xA6, 0x78, 0x55, 0x68, 0x44, 0xC8, 0xD2, 0x7D, 0xFA, 0xF2, 0x4C, 0x99, 0x63, 0x99,
    0xFC, 0x08, 0x11, 0x8A, 0x6A, 0xC2, 0xC8, 0x3A, 0x94, 0xF9, 0xAD, 0xCF, 0x2B, 0x33, 0x3E, 0x1E,
    0xC9, 0xA9, 0x11, 0x94, 0x89, 0xEC, 0x61, 0x15, 0x3D, 0x44, 0x54, 0x4C, 0x54, 0x00, 0x47, 0x16,
    0x5D, 0x56, 0xA5, 0xBD, 0x68, 0x6D, 0x24, 0x52, 0x95, 0x2E, 0xB8, 0x04, 0xCC, 0x1F, 0x6A, 0xA2,
    0x18, 0xA8, 0xD7, 0x8D, 0x54, 0xE4, 0x52, 0x79, 0x2B, 0x38, 0x93, 0x19, 0x48, 0x42, 0x34, 0x51,
    0xA8, 0x1D, 0x29, 0x5A, 0x95, 0xCC, 0x34, 0xAA, 0x58, 0xBE, 0x80, 0x04, 0xCC, 0x62, 0x20, 0x21,
    0xC7, 0x98, 0x97, 0x10, 0x5F, 0x7B, 0x40, 0x75, 0x9B, 0xAB, 0x28, 0xFE, 0x88, 0xBB, 0xD4, 0xB9,
    0xA8, 0xA5, 0x94, 0xDB, 0x4D, 0x2E, 0xE2, 0x76, 0xA5, 0xA6, 0xF5, 0x82, 0x14, 0xB0, 0x9C, 0x6B,
    0x8F, 0x95, 0x45, 0xE1, 0x3A, 0xCD, 0x42, 0x4C, 0xAC, 0x41, 0x13, 0x14, 0x27, 0x55, 0x77, 0x52,
    0xEE, 0xFF, 0xA2, 0x3A, 0x82, 0x90, 0x5B, 0xE7, 0xE5, 0x0E, 0x50, 0x1B, 0x11, 0x26, 0xA7, 0x59,
    0xCD, 0x6C, 0x5C, 0x38, 0x0B, 0x9E, 0x4A, 0xF8, 0x7B, 0x90, 0xFA, 0x50, 0x00, 0xB1, 0x35, 0x64,
    0xF8, 0xB6, 0x5C, 0x48, 0xD6, 0xE6, 0x2E, 0x6D, 0x92, 0x65, 0x35, 0x44, 0x08, 0x15, 0xB9, 0x4F,
    0xEA, 0x25, 0xEF, 0x15, 0x31, 0xF7, 0x08, 0x28, 0x2F, 0x92, 0x22, 0x2A, 0x86, 0x11, 0x2D, 0x54,
    0x49, 0x6F, 0x22, 0xB1, 0x99, 0x2A, 0x77, 0xCE, 0xF9, 0x97, 0xE7, 0xFA, 0x3C, 0xB8, 0xDE, 0x27,
    0xD8, 0xD2, 0x75, 0xD4, 0x73, 0x16, 0x2E, 0x8A, 0x05, 0xA7, 0x0C, 0x80, 0x57, 0xB0, 0xBF, 0x7D,
    0x2C, 0x3E, 0xD3, 0xC2, 0xB1, 0x84, 0x14, 0xEF, 0x1F, 0xD2, 0xC6, 0x97, 0xFB, 0x96, 0xFC, 0x9A,
    0x79, 0xE2, 0x92, 0xFC, 0x93, 0xE9, 0x28, 0xB0, 0x6F, 0xE0, 0x6B, 0xC5, 0x77, 0x5E, 0xC6, 0xD7,
    0x9A, 0xFF, 0x1C, 0x0D, 0x15, 0xF9, 0xBF, 0xD4, 0x2F, 0x6F, 0xC0, 0xAF, 0xBE, 0x5B, 0xAA, 0xF5,
    0x6A, 0x84, 0x2E, 0x98, 0x34, 0x50, 0xD9, 0xD8, 0x29, 0xD4, 0xE4, 0x82, 0x7A, 0x70, 0x5B, 0xA0,
    0x95, 0x3A, 0x5D, 0x8B, 0xBA, 0x48, 0xC2, 0xDC, 0x15, 0xA6, 0x4C, 0x3B, 0x08, 0xB8, 0x03, 0x45,
    0x5C, 0xEC, 0xD8, 0xA1, 0xA7, 0x4B, 0x34, 0x62, 0x55, 0x14, 0x0D, 0xB4, 0x94, 0x6D, 0x93, 0xF0,
    0x41, 0xA8, 0x74, 0xFD, 0xEF, 0xE8, 0xFC, 0x2A, 0x52, 0x6D, 0xE1, 0xDE, 0x4A, 0xB0, 0x85, 0x73,
    0x97, 0x60, 0x64, 0x55, 0x6A, 0x15, 0xCC, 0x40, 0x1C, 0x84, 0x79, 0x6F, 0x7C, 0x32, 0x13, 0x3C,
    0xAF, 0xE9, 0x11, 0x14, 0x27, 0x3F, 0x1C, 0x33, 0xA8, 0x77, 0x89, 0x7F, 0x31, 0x75, 0x18, 0x20,
    0xE1, 0xC3, 0x8C, 0x5D, 0x4E, 0x03, 0x4E, 0x54, 0x2F, 0x15, 0x18, 0x72, 0xEA, 0x70, 0xEA, 0x12,
    0x3E, 0x46, 0x48, 0x33, 0xD0, 0x63, 0x9C, 0x80, 0x57, 0xFF, 0x33, 0x6A, 0xAD, 0x9A, 0xA5, 0xF1,
    0x85, 0x87, 0x80, 0x8D, 0x29, 0xBA, 0x0D, 0xB3, 0xB4, 0xF1, 0xD7, 0x45, 0x68, 0x03, 0x7D, 0xB1,
    0xE3, 0xE1, 0xF5, 0x54, 0x88, 0x09, 0x5F, 0x1C, 0x87, 0x32, 0xE5, 0x53, 0x19, 0xAD, 0x39, 0xAD,
    0x59, 0x55, 0x5E, 0x35, 0x57, 0xA3, 0xF8, 0x51, 0x6E, 0x45, 0xD9, 0x15, 0xE5, 0xB7, 0x66, 0xB8,
    0xE6, 0xB8, 0x66, 0xB9, 0x89, 0x80, 0x1D, 0xCD, 0xF6, 0xCA, 0x35, 0xD8, 0x66, 0x8C, 0x3A, 0x4A,
    0x5E, 0x86, 0x5A, 0xE1, 0x79, 0x8A, 0x32, 0x56, 0x53, 0x89, 0x57, 0x0F, 0xF4, 0x89, 0x46, 0xB2,
    0x75, 0x41, 0xE5, 0x52, 0xC1, 0x00, 0x8C, 0xDF, 0xA7, 0x09, 0xA9, 0x07, 0x82, 0xB6, 0xA2, 0xB6,
    0xC2, 0xB6, 0xE2, 0xB6, 0x74, 0x59, 0x53, 0xE9, 0xB2, 0xC9, 0xDC, 0x9B, 0xDB, 0xA2, 0x05, 0x27,
    0x30, 0x02, 0x75, 0x86, 0x93, 0x03, 0x4E, 0x97, 0xEE, 0x23, 0xA1, 0xC2, 0x9B, 0x7B, 0xD3, 0xCA,
    0xF2, 0xE7, 0x0C, 0xFC, 0xC4, 0x2E, 0x2F, 0x25, 0xDA, 0xCB, 0x19, 0x0F, 0x31, 0xBF, 0xA0, 0x05,
    0x22, 0x7C, 0x5F, 0x93, 0xAA, 0xC4, 0x79, 0xDD, 0x47, 0x61, 0xEB, 0x73, 0x10, 0x66, 0x0B, 0xBB,
    0x1E, 0x60, 0xF3, 0x01, 0xF6, 0x1E, 0xBE, 0x09, 0xDC, 0x6D, 0x0A, 0xD5, 0xB3, 0x1B, 0x1B, 0xEC,
    0xD9, 0x46, 0xEF, 0x5C, 0xFF, 0xB0, 0x2C, 0xFC, 0x64, 0xBF, 0x08, 0x64, 0x7F, 0x2F, 0x94, 0xBD,
    0x59, 0x74, 0x44, 0x5F, 0x1C, 0xD3, 0x53, 0x13, 0x20, 0x7A, 0x41, 0x68, 0x8C, 0x8A, 0x77, 0x29,
    0x83, 0xEA, 0xB5, 0xFA, 0x07, 0xFB, 0x11, 0x15, 0x1D, 0xD5, 0x75, 0x43, 0xC8, 0x3E, 0xA0, 0xC5,
    0xD5, 0xED, 0xD9, 0xD4, 0x65, 0x0D, 0xDF, 0x65, 0x49, 0x3E, 0xA0, 0x13, 0x76, 0xB9, 0x26, 0xA6,
    0xD1, 0x88, 0xAA, 0x42, 0x28, 0x94, 0x86, 0x4D, 0x90, 0x8F, 0x27, 0x00, 0x2F, 0x44, 0x78, 0x2F,
    0x01, 0x26, 0x44, 0x84, 0xBC, 0x3E, 0xDD, 0x80, 0x10, 0x85, 0x8C, 0x69, 0x33, 0x7C, 0x6C, 0xC8,
    0x40, 0x2C, 0x68, 0xF4, 0x28, 0xA5, 0x56, 0x6E, 0x4C, 0x06, 0xBF, 0xA2, 0xF1, 0x7E, 0x43, 0x38,
    0xE8, 0xA5, 0x4D, 0xB1, 0x3B, 0xF7, 0x73, 0x70, 0xCF, 0xD0, 0x1A, 0x8E, 0xAD, 0xDC, 0xAD, 0x4C,
    0x90, 0xD1, 0xED, 0xC0, 0x8A, 0x5B, 0xB0, 0xD5, 0x4B, 0x3D, 0x94, 0x5A, 0xF8, 0xF2, 0x0B, 0xF6,
    0x93, 0x69, 0x8B, 0xFB, 0xA0, 0x27, 0x44, 0x41, 0x01, 0xAD, 0x1F, 0x94, 0xEC, 0x9C, 0x4C, 0x51,
    0xA2, 0xEF, 0x71, 0x6F, 0x64, 0x25, 0xD4, 0xE5, 0xDE, 0x34, 0x7D, 0x74, 0xA8, 0x88, 0xB1, 0x3E,
    0xFD, 0xF4, 0x0F, 0xF2, 0x22, 0xED, 0xF2, 0x11, 0x6B, 0x67, 0x71, 0xC6, 0xBA, 0x3D, 0xEA, 0x03,
    0x32, 0xE0, 0x14, 0x5A, 0x42, 0xCE, 0xB9, 0x58, 0x20, 0x2E, 0x87, 0x80, 0x93, 0xD4, 0x65, 0x09,
    0x00, 0x65, 0xB8, 0x59, 0x8B, 0xBE, 0xCE, 0x2A, 0xE2, 0x1E, 0xC5, 0x18, 0x9A, 0x29, 0xF3, 0x3D,
    0x69, 0x2C, 0xED, 0xDC, 0xA2, 0x8B, 0x32, 0xD2, 0xDB, 0xB4, 0x48, 0x59, 0xB7, 0x7E, 0x48, 0x6C,
    0xB7, 0xAD, 0x2A, 0xAD, 0xC6, 0x5E, 0x95, 0x9D, 0x45, 0x6A, 0x01, 0x82, 0xA3, 0x9A, 0x0C, 0x32,
    0xB4, 0x0E, 0x9E, 0xD1, 0x82, 0xCE, 0x55, 0x75, 0x89, 0x76, 0x36, 0xB0, 0x2D, 0xB7, 0x18, 0x70,
    0x0B, 0xC5, 0x4C, 0x76, 0x16, 0x75, 0xC1, 0xD3, 0x79, 0x38, 0xD9, 0x52, 0xA1, 0xF6, 0x84, 0x09,
    0x80, 0x89, 0x94, 0x99, 0x14, 0x8E, 0x3E, 0xB6, 0x3F, 0xBB, 0x36, 0x76, 0x0C, 0x4D, 0xE0, 0x66,
    0x96, 0xE6, 0x86, 0x4E, 0x5D, 0x3C, 0xD8, 0xC5, 0xBC, 0xF1, 0xD8, 0x99, 0x15, 0xF4, 0xFB, 0x88,
    0x4C, 0xB8, 0xB8, 0x9D, 0xC3, 0xF5, 0xB2, 0x58, 0x53, 0x32, 0x3E, 0x8F, 0xEF, 0xB1, 0x98, 0x8F,
    0xA6, 0xAD, 0xEA, 0x89, 0xEE, 0xD2, 0x66, 0x2F, 0xDE, 0x5C, 0x28, 0x43, 0x3D, 0xED, 0xA3, 0xEA,
    0xCE, 0x76, 0x4D, 0xE6, 0x2B, 0x8E, 0x12, 0x46, 0x67, 0xA4, 0x67, 0x0D, 0x2B, 0xB3, 0x9E, 0x36,
    0xD5, 0x06, 0x36, 0x9B, 0x36, 0xB0, 0xDB, 0xD3, 0x96, 0x77, 0xFE, 0x86, 0xD2, 0xB5, 0xF2, 0x39,
    0x0F, 0xF6, 0x97, 0xD8, 0xEC, 0x40, 0x3B, 0xD8, 0xCF, 0x71, 0xF8, 0x42, 0xAA, 0x08, 0x01, 0x35,
    0x21, 0x63, 0xA2, 0x56, 0x7A, 0x5F, 0x9C, 0xDF, 0xA5, 0xEE, 0x2B, 0xC6, 0xE7, 0x11, 0x44, 0xB1,
    0x26, 0xF0, 0x90, 0xED, 0xBE, 0x44, 0x8B, 0xF2, 0x08, 0x2A, 0x9B, 0x84, 0x83, 0xE5, 0x30, 0x3B,
    0x00, 0x3F, 0x99, 0x55, 0xE8, 0x9B, 0xAF, 0x26, 0x36, 0xEA, 0x1E, 0x37, 0x3B, 0xC2, 0xC6, 0x6D,
    0x3C, 0x8B, 0xF0, 0xD7, 0xC5, 0xAE, 0x7D, 0x39, 0x40, 0x52, 0x44, 0xAA, 0x90, 0xD2, 0x2B, 0x92,
    0xF1, 0xEA, 0xC7, 0x66, 0x58, 0x56, 0xB0, 0xD8, 0x78, 0xDE, 0xC0, 0xE2, 0xE7, 0xA9, 0x41, 0x63,
    0xA8, 0xFE, 0xC9, 0x80, 0x3D, 0x12, 0xFB, 0x3D, 0x80, 0xC6, 0xFB, 0x7E, 0xEA, 0xFC, 0x1D, 0x3D,
    0x21, 0xFA, 0x42, 0x37, 0xF3, 0x52, 0xCF, 0xF8, 0x09, 0xFE, 0xB0, 0x0F, 0xCA, 0x37, 0x85, 0x5F,
    0x54, 0x2B, 0x77, 0x72, 0xD9, 0x3D, 0xD1, 0xC9, 0xF6, 0x8C, 0x5D, 0x65, 0xDE, 0x4B, 0xE9, 0x8A,
    0xCA, 0xDE, 0x55, 0xBA, 0xA5, 0x5E, 0x23, 0x49, 0x06, 0x2E, 0x8A, 0x4B, 0x09, 0x9B, 0x92, 0x90,
    0x47, 0x22, 0x74, 0xF4, 0x17, 0x9A, 0x3C, 0xEF, 0x35, 0xA5, 0x02, 0xF4, 0x17, 0x5E, 0x11, 0x16,
    0x3B, 0x6E, 0x86, 0xD0, 0x02, 0x9D, 0x96, 0x0A, 0xB5, 0xFD, 0xFF, 0x85, 0xA2, 0x3E, 0x8C, 0x7D,
    0xA7, 0xF0, 0x9E, 0x29, 0x56, 0x2C, 0x94, 0xEB, 0xD9, 0x76, 0x98, 0xBC, 0x83, 0xBA, 0x78, 0xAF,
    0xE6, 0x21, 0x19, 0xBB, 0xA6, 0x57, 0x25, 0xE1, 0xE8, 0x64, 0xDF, 0xD2, 0x83, 0xB9, 0xAD, 0x07,
    0x0C, 0x3F, 0x93, 0xD6, 0xDD, 0xBE, 0x72, 0xA1, 0x3D, 0xBF, 0x0C, 0x8F, 0x09, 0xE6, 0xE3, 0x87,
    0xDC, 0x7A, 0xE6, 0xDB, 0xAA, 0xB3, 0x87, 0x6A, 0xC8, 0x66, 0x62, 0xB3, 0xAA, 0x65, 0x96, 0xD6,
    0x30, 0x2A, 0x9C, 0xD2, 0x5C, 0x25, 0xD8, 0x30, 0x43, 0xB3, 0x91, 0x99, 0x9F, 0x04, 0x3D, 0x48,
    0xC4, 0xBD, 0xC3, 0xD2, 0x95, 0x7E, 0xD5, 0x26, 0x85, 0x48, 0x13, 0x33, 0x17, 0xB7, 0xB5, 0x78,
    0x62, 0x45, 0xC5, 0xE2, 0x46, 0xCF, 0x27, 0xEA, 0x58, 0x0B, 0x91, 0x19, 0x6D, 0xE6, 0xC8, 0x20,
    0x41, 0xCB, 0xDB, 0xE6, 0xE3, 0x36, 0xF7, 0x44, 0x1A, 0x4A, 0x11, 0x70, 0x48, 0x14, 0xD6, 0x70,
    0xEF, 0x7F, 0xD8, 0xB9, 0x68, 0xEC, 0x9C, 0xF7, 0x12, 0xFB, 0x8F, 0x55, 0xEA, 0xDC, 0xFA, 0xA9,
    0x71, 0xFE, 0xE2, 0xA5, 0x6E, 0xE9, 0x27, 0x1E, 0xC2, 0xDC, 0x43, 0xFB, 0x04, 0xF0, 0x52, 0x7F,
    0x42, 0x23, 0xB5, 0x08, 0xF5, 0x23, 0xEE, 0x7B, 0x59, 0x54, 0xA3, 0x09, 0x3F, 0x03, 0x6B, 0x6C,
    0x35, 0x66, 0x0C, 0x4D, 0x4F, 0x4F, 0x0D, 0xBC, 0xD4, 0x4F, 0x02, 0x4D, 0xCB, 0xD1, 0x62, 0xB7,
    0x18, 0x9A, 0xDD, 0x99, 0x80, 0xEC, 0x81, 0xA7, 0xD5, 0xD4, 0x89, 0x0F, 0x3B, 0x3F, 0xB2, 0xA6,
    0x6C, 0x7D, 0xCE, 0x05, 0x9B, 0x96, 0x3F, 0x9B, 0xD7, 0x81, 0xDE, 0x89, 0x52, 0x12, 0xD6, 0xF8,
    0xF6, 0x40, 0xFB, 0xFA, 0x1A, 0x7E, 0x16, 0x59, 0x5D, 0x3D, 0x3E, 0x2B, 0x45, 0xB5, 0x09, 0x75,
    0x6E, 0x8C, 0x9C, 0xF7, 0x0F, 0xDD, 0x72, 0xCD, 0xCB, 0xDA, 0x7E, 0xDA, 0xF7, 0xDD, 0x22, 0x18,
    0xD2, 0xF6, 0x6D, 0x14, 0x0C, 0x1D, 0xE4, 0xD3, 0x74, 0xDB, 0xBB, 0x7F, 0x60, 0xE9, 0xD9, 0xC5,
    0x85, 0xA0, 0x78, 0x9C, 0x4D, 0xF2, 0xF4, 0xCC, 0x33, 0xF5, 0xD4, 0xD1, 0x03, 0xAD, 0x30, 0x10,
    0x4E, 0x8B, 0x6F, 0xE7, 0x95, 0x39, 0x9A, 0xFB, 0x58, 0x7A, 0x88, 0x1E, 0x64, 0x78, 0xB3, 0xF2,
    0x51, 0xDC, 0xFD, 0xEC, 0x12, 0x08, 0x7A, 0x83, 0x95, 0x02, 0x09, 0xAC, 0x08, 0x0D, 0xF2, 0x52,
    0x16, 0x27, 0xE8, 0xCF, 0xD2, 0x18, 0xC2, 0x30, 0x4C, 0x0A, 0xA6, 0x72, 0x18, 0x14, 0x59, 0xD5,
    0x7E, 0x17, 0xD4, 0x0A, 0xE7, 0xCF, 0x28, 0x85, 0x0A, 0x67, 0x82, 0xD6, 0x2B, 0x77, 0xCA, 0x13,
    0x1A, 0xD9, 0x4C, 0x8F, 0x48, 0x15, 0x34, 0x9F, 0x4B, 0xBC, 0x01, 0x02, 0x0D, 0xD9, 0xC9, 0x07,
    0xAA, 0xFB, 0xA9, 0x1A, 0xA2, 0x69, 0xE4, 0xFA, 0x49, 0x24, 0x9F, 0x64, 0x5D, 0xA9, 0xD2, 0xBE,
    0x4C, 0xE6, 0x6B, 0x73, 0xBB, 0x1A, 0xF9, 0xA6, 0x0B, 0x03, 0x00, 0x05, 0xF0, 0x5E, 0x5F, 0xDA,
    0xA5, 0x44, 0xA5, 0xF4, 0xD1, 0xE4, 0x0D, 0x9C, 0xBC, 0x77, 0x3D, 0x0D, 0x66, 0xE7, 0x34, 0xD6,
    0x91, 0x5B, 0xD8, 0x93, 0x70, 0x2C, 0x2B, 0xDB, 0x03, 0x69, 0xA1, 0xC9, 0x8C, 0x53, 0x1A, 0x37,
    0xD2, 0x6A, 0xAA, 0x0B, 0x43, 0xF4, 0x99, 0x1B, 0xA0, 0xC6, 0xD2, 0x35, 0x56, 0x35, 0x14, 0xFB,
    0xEE, 0x68, 0x76, 0x4C, 0xA6, 0xE6, 0xE0, 0x61, 0x07, 0xA8, 0x3D, 0xFD, 0xC6, 0x34, 0x88, 0x6A,
    0x14, 0xF2, 0xA0, 0xA4, 0x40, 0x8B, 0xB2, 0x1A, 0x85, 0x10, 0xAE, 0x52, 0xCE, 0x03, 0x56, 0xC6,
    0x6B, 0xB9, 0x0C, 0x3F, 0x81, 0x93, 0xDE, 0x38, 0x49, 0xAC, 0x19, 0x3C, 0xF1, 0xB8, 0x76, 0x55,
    0x5D, 0xEA, 0xE5, 0x62, 0x78, 0xAB, 0x70, 0xAF, 0x5C, 0x75, 0xFB, 0xE2, 0xED, 0x43, 0x05, 0x74,
    0x21, 0xA4, 0x85, 0x70, 0x7A, 0x3A, 0x19, 0xCD, 0x0E, 0x17, 0x36, 0x33, 0xBB, 0xCA, 0xDD, 0x74,
    0xCF, 0x67, 0x86, 0x65, 0xB2, 0xE4, 0xB1, 0x42, 0x0C, 0x1C, 0x36, 0xE7, 0x5C, 0xD3, 0xF7, 0x92,
    0xE1, 0x5B, 0x33, 0xBC, 0xD1, 0x53, 0x42, 0xCD, 0x14, 0xA7, 0xAB, 0x3C, 0xAE, 0xB2, 0xC6, 0x4B,
    0x0C, 0x37, 0x27, 0x78, 0xD7, 0x87, 0x6E, 0x56, 0xEA, 0xC3, 0x93, 0xAB, 0xA6, 0x6A, 0x0B, 0x8D,
    0x9B, 0x0E, 0x0D, 0xE1, 0xD6, 0x17, 0x9E, 0x2A, 0x78, 0x00, 0x36, 0x3F, 0x69, 0x37, 0xA8, 0x34,
    0x40, 0xB4, 0xC2, 0x9F, 0x1C, 0xA8, 0xDA, 0x7F, 0x31, 0x8B, 0xC7, 0x3D, 0x13, 0xE4, 0xF3, 0x2C,
    0x1D, 0x26, 0x31, 0x72, 0x70, 0xA8, 0xEB, 0x9C, 0xCC, 0x87, 0x57, 0xAE, 0x60, 0xB0, 0x23, 0x03,
    0xFB, 0x05, 0x84, 0xBD, 0x07, 0x07, 0xFF, 0xD8, 0x10, 0xFA, 0xEB, 0xE6, 0x79, 0xFF, 0x84, 0x2B,
    0x84, 0x49, 0x64, 0x95, 0x43, 0x83, 0xDA, 0x98, 0x27, 0x66, 0x3A, 0xC1, 0x1E, 0x61, 0x02, 0x2F,
    0x8D, 0x13, 0x54, 0xEF, 0xBD, 0x97, 0xD1, 0x17, 0x7F, 0xFA, 0x8A, 0x91, 0x7B, 0xEF, 0xA1, 0x40,
    0xFF, 0xF8, 0xE6, 0xEF, 0xA1, 0x3F, 0x54, 0x0C, 0x72, 0xC8, 0x52, 0xF4, 0xE0, 0xE4, 0xF9, 0x8D,
    0xD5, 0x97, 0xB1, 0x37, 0xC6, 0xB3, 0x8E, 0xFF, 0x5D, 0x09, 0x78, 0x7E, 0x8B, 0x38, 0xF3, 0x9A,
    0x53, 0x2B, 0x9E, 0x0C, 0xAE, 0x30, 0xD3, 0x95, 0xB2, 0x88, 0x7E, 0x33, 0x36, 0x31, 0xC8, 0xC7,
    0xF3, 0xE3, 0xAE, 0x5D, 0x78, 0x6E, 0xC5, 0x84, 0x03, 0x38, 0xF0, 0xCC, 0x1A, 0x8F, 0xB9, 0xB1,
    0x2E, 0x82, 0x33, 0x6C, 0x41, 0x16, 0x04, 0xDB, 0x5F, 0x33, 0xB1, 0x3E, 0xC0, 0x6E, 0x77, 0xB0,
    0xD1, 0x47, 0xF5, 0x69, 0xA3, 0x96, 0xDC, 0x46, 0xE3, 0xF4, 0x1B, 0x83, 0xBA, 0xBA, 0x6C, 0xF1,
    0x5C, 0xF0, 0xF6, 0x13, 0x7E, 0xB5, 0xB3, 0x76, 0x69, 0xB4, 0x5A, 0x9F, 0x36, 0x07, 0x0C, 0x7A,
    0x04, 0xAB, 0xC3, 0x83, 0xE7, 0xC5, 0xF8, 0xC2, 0x3A, 0x4A, 0xCB, 0x62, 0xA8, 0xA7, 0x7F, 0xA7,
    0x32, 0x1E, 0xE3, 0x75, 0xE7, 0x79, 0x9D, 0x57, 0xDE, 0xE4, 0x4E, 0x2C, 0x6D, 0x4D, 0x8F, 0x9B,
    0xBD, 0xE9, 0x29, 0xE9, 0xDA, 0xD4, 0x27, 0xEA, 0x6B, 0x37, 0x61, 0xD3, 0x33, 0x35, 0xFA, 0x16,
    0xE8, 0xB0, 0xE1, 0xC9, 0xAD, 0xCC, 0xE6, 0x31, 0x9B, 0x71, 0x52, 0x57, 0xFF, 0x57, 0x83, 0xC7,
    0x45, 0xCB, 0xA8, 0x00, 0xEA, 0xEC, 0x72, 0xA0, 0x7C, 0xA2, 0xA4, 0x81, 0x62, 0x66, 0x39, 0xBA,
    0x3E, 0xA9, 0xAE, 0x53, 0xFA, 0x8A, 0x42, 0x59, 0x7D, 0x66, 0x7E, 0x22, 0xA5, 0xCF, 0x2E, 0x2C,
    0xFA, 0xA6, 0x91, 0x1A, 0x26, 0x16, 0xE4, 0x91, 0xB8, 0x58, 0x3E, 0x9A, 0x0C, 0x0A, 0xB8, 0x9F,
    0x95, 0xFC, 0x1B, 0xBD, 0x59, 0x3D, 0x6C, 0x1C, 0xC7, 0x15, 0x7E, 0xBB, 0x23, 0x72, 0x1D, 0xAD,
    0xC5, 0x21, 0x02, 0x29, 0xB0, 0x45, 0xF1, 0xD6, 0x85, 0x03, 0x08, 0x02, 0x79, 0xAB, 0x42, 0xC5,
    0x05, 0xD8, 0xBB, 0x1B, 0xC3, 0x08, 0x5C, 0xB8, 0x08, 0x0B, 0x9E, 0x9B, 0x04, 0xB1, 0x03, 0xA4,
    0x71, 0x84, 0x80, 0x2A, 0x58, 0x30, 0xC8, 0x91, 0xB7, 0x89, 0x10, 0xA8, 0x0A, 0xCC, 0xC6, 0xB5,
    0x55, 0xCA, 0x74, 0x21, 0x1A, 0xB8, 0x82, 0x09, 0x8E, 0xBC, 0x89, 0x5D, 0x1A, 0x30, 0x36, 0x06,
    0x82, 0x94, 0xDE, 0xC4, 0x74, 0x63, 0x21, 0xD0, 0x20, 0x5E, 0x21, 0x6B, 0xF9, 0x78, 0x9B, 0xEF,
    0xCD, 0x2E, 0xC9, 0x93, 0x6C, 0x17, 0xB2, 0x44, 0x1D, 0x6F, 0xF6, 0x8E, 0xBB, 0x33, 0xEF, 0xFF,
    0x7D, 0xEF, 0xCD, 0x1C, 0x11, 0x75, 0x69, 0x44, 0x19, 0xF1, 0xEB, 0x1A, 0x6D, 0x53, 0x4A, 0xA9,
    0x93, 0xB8, 0x89, 0xD0, 0x42, 0x7B, 0x5A, 0xC6, 0x52, 0x05, 0xD4, 0xA2, 0x8B, 0x54, 0xBE, 0x56,
    0x31, 0xB6, 0x31, 0x0C, 0x46, 0x4A, 0xE4, 0x24, 0x44, 0xDE, 0x3E, 0x51, 0xAF, 0x20, 0xF1, 0xF5,
    0x5D, 0xF2, 0xAF, 0xBF, 0x44, 0x81, 0x47, 0xD4, 0xF4, 0x89, 0xA2, 0x19, 0x10, 0x3E, 0x83, 0x71,
    0x01, 0x63, 0x01, 0xF7, 0x1A, 0xCF, 0x52, 0xD8, 0x1F, 0x90, 0x2C, 0x52, 0x72, 0xC7, 0x0F, 0x92,
    0x70, 0x35, 0x46, 0xCC, 0xF4, 0xA7, 0x14, 0x88, 0xE5, 0xE4, 0xDE, 0x1B, 0x90, 0xA7, 0x23, 0x92,
    0xEA, 0x22, 0x49, 0xDC, 0xAE, 0x63, 0xB4, 0x30, 0x67, 0x6F, 0x4B, 0x79, 0x45, 0xC1, 0x12, 0x13,
    0xF5, 0x8F, 0x69, 0xFC, 0x50, 0x93, 0x6A, 0x17, 0x45, 0xB2, 0x71, 0xB5, 0xD0, 0x67, 0x2B, 0x49,
    0x4F, 0x13, 0x5D, 0xF4, 0x5F, 0xCD, 0x33, 0x77, 0x3C, 0x8C, 0xC9, 0x48, 0x25, 0xB4, 0x5F, 0x8E,
    0x58, 0x92, 0xD0, 0x75, 0xF2, 0xEF, 0x1D, 0xD0, 0x7A, 0x71, 0x47, 0xDD, 0x9C, 0x2A, 0x39, 0xF3,
    0xAB, 0x97, 0xCB, 0x83, 0x40, 0x8B, 0xD4, 0xD7, 0xAC, 0x3D, 0xE6, 0xA5, 0x8B, 0xE4, 0x98, 0x35,
    0x0A, 0x4D, 0x11, 0x9F, 0xFF, 0xFA, 0x0B, 0x4C, 0x50, 0x14, 0x14, 0x63, 0x3A, 0xBF, 0x77, 0x0B,
    0x0A, 0x52, 0x29, 0xC7, 0x0E, 0xD1, 0xF4, 0x98, 0xEF, 0x5B, 0x32, 0x0D, 0x98, 0xA8, 0x0F, 0xB9,
    0x8C, 0xB5, 0xA2, 0x3E, 0xA6, 0x7D, 0x1A, 0x8A, 0xD4, 0x68, 0x9E, 0x16, 0xB0, 0x30, 0xA2, 0x35,
    0x2B, 0x3E, 0x81, 0xB2, 0x73, 0x7F, 0x04, 0x4D, 0x65, 0xDC, 0xA8, 0x6B, 0x6A, 0x18, 0x6A, 0x74,
    0xA9, 0x21, 0x55, 0x24, 0x92, 0x40, 0x19, 0x2F, 0x59, 0x73, 0xF2, 0x06, 0x2C, 0x47, 0xB2, 0x31,
    0x2B, 0xB2, 0x6D, 0x61, 0x72, 0x4F, 0xEF, 0xDD, 0x56, 0x61, 0xCE, 0x4B, 0x9F, 0x71, 0xA9, 0x25,
    0xE3, 0xF5, 0x40, 0xCD, 0x9E, 0x82, 0x15, 0xDF, 0x65, 0x62, 0x45, 0x46, 0x4E, 0x06, 0x63, 0x09,
    0x4D, 0x1E, 0xD4, 0xFC, 0x8D, 0x93, 0xCC, 0x8B, 0x22, 0xDE, 0x8E, 0xA4, 0x88, 0x57, 0x1B, 0xF3,
    0x8E, 0x6A, 0x5C, 0x81, 0x23, 0xEC, 0x25, 0xB2, 0xDF, 0x1A, 0x35, 0x5C, 0x16, 0xE4, 0xDB, 0xF1,
    0x2A, 0xCF, 0x33, 0x92, 0xCE, 0xB2, 0xDF, 0xC9, 0x8F, 0xE9, 0x2B, 0x5A, 0x27, 0xA8, 0x04, 0xDB,
    0x52, 0x07, 0xE3, 0x57, 0x30, 0xBB, 0x92, 0x92, 0x16, 0x24, 0x45, 0x67, 0xB0, 0x84, 0xD6, 0xBA,
    0x71, 0xFB, 0x53, 0x5D, 0x9F, 0x61, 0x41, 0x2E, 0xBD, 0x47, 0xB0, 0x09, 0x2D, 0xC0, 0xE9, 0x59,
    0x93, 0x44, 0x92, 0x51, 0x70, 0x23, 0x65, 0xD9, 0xA8, 0x2D, 0x35, 0xC9, 0x97, 0x13, 0xC8, 0x03,
    0x47, 0xA5, 0x0D, 0xAB, 0xF1, 0xB9, 0xCE, 0x72, 0xAF, 0x18, 0x9D, 0xEB, 0x74, 0xAD, 0x05, 0xCB,
    0x37, 0x75, 0x96, 0x8B, 0x83, 0xAD, 0x5B, 0x34, 0x85, 0xAF, 0xC3, 0x1C, 0xB2, 0x07, 0x74, 0xE6,
    0x9C, 0x88, 0x2F, 0x6E, 0x24, 0xFA, 0x4A, 0x23, 0x4D, 0x2F, 0xFF, 0x24, 0xB9, 0x79, 0xB9, 0x1D,
    0x6F, 0xF3, 0x67, 0x23, 0xEA, 0x27, 0x17, 0x96, 0x7F, 0xA4, 0x7D, 0xF2, 0x94, 0xFB, 0xF9, 0x2E,
    0xD1, 0xF9, 0x4D, 0xBA, 0xB4, 0x45, 0xED, 0x42, 0x31, 0xF1, 0x25, 0xF2, 0x0F, 0xA8, 0xF5, 0x3A,
    0xAD, 0x79, 0xF1, 0xAA, 0x88, 0x71, 0x6D, 0x4A, 0x0A, 0x0E, 0xC8, 0xD9, 0x24, 0x7A, 0x71, 0x82,
    0x5F, 0x84, 0x80, 0x1D, 0x5D, 0x82, 0x13, 0xA3, 0x49, 0x21, 0x6C, 0x04, 0x14, 0x39, 0x1E, 0xD1,
    0xF3, 0xE4, 0x14, 0x89, 0xF8, 0xC4, 0x78, 0xF0, 0xA3, 0x9B, 0x20, 0x14, 0x29, 0x60, 0x47, 0x8B,
    0x04, 0x11, 0x09, 0x5E, 0xFA, 0xD2, 0x96, 0xA2, 0x5F, 0x93, 0x57, 0xD0, 0x8C, 0xA4, 0x53, 0xD0,
    0xBB, 0x46, 0x2E, 0xC4, 0x1E, 0xD9, 0x40, 0xAD, 0x73, 0x58, 0x5C, 0xCD, 0x68, 0xC8, 0xAE, 0x47,
    0x14, 0xE9, 0x10, 0xFF, 0xDF, 0x3C, 0x0C, 0x83, 0x35, 0xA4, 0x4F, 0xE6, 0x20, 0x3E, 0xDC, 0x94,
    0x8C, 0x48, 0x1C, 0x23, 0xB4, 0x9B, 0x22, 0xDA, 0x12, 0x0F, 0x11, 0xE7, 0xC7, 0x98, 0xAF, 0x3C,
    0x1D, 0x2A, 0x2F, 0xFD, 0xFD, 0x9F, 0xFC, 0xE2, 0xB3, 0x03, 0x39, 0xFC, 0x63, 0xC6, 0x46, 0xAE,
    0x55, 0x49, 0xB0, 0x88, 0xD1, 0xB4, 0x61, 0x76, 0xF8, 0x9A, 0x5A, 0x86, 0x1C, 0x63, 0x0A, 0xEF,
    0xEF, 0xD3, 0xF0, 0x9E, 0x76, 0x8A, 0xFF, 0x6A, 0x51, 0x7C, 0x19, 0x97, 0xE3, 0x33, 0x25, 0x8A,
    0x7F, 0x92, 0x28, 0x3E, 0x82, 0x3A, 0x1F, 0x13, 0x5D, 0xC5, 0x10, 0x7F, 0xC6, 0xF8, 0x05, 0xB2,
    0x16, 0xFE, 0xF7, 0x41, 0x65, 0xE6, 0x0A, 0xD1, 0x19, 0x64, 0xF4, 0x62, 0x42, 0x6F, 0x0C, 0x15,
    0x0D, 0x91, 0x8D, 0xCF, 0x83, 0xEA, 0x73, 0xBB, 0xA3, 0xFE, 0x69, 0x15, 0xB0, 0x4C, 0xAA, 0x45,
    0xB3, 0x44, 0x2F, 0xF8, 0x66, 0xCE, 0x38, 0xA9, 0x93, 0x56, 0xC8, 0x10, 0xFB, 0x6A, 0x25, 0xDD,
    0xBA, 0x89, 0xC9, 0x6E, 0xA1, 0xBC, 0xEB, 0x5A, 0x0A, 0x5D, 0x13, 0x7A, 0xD1, 0x8B, 0xE7, 0x25,
    0xC9, 0x5D, 0x0B, 0x0A, 0x1C, 0x19, 0xAA, 0x37, 0xA6, 0xD3, 0x6E, 0x2C, 0xE2, 0xD4, 0x4D, 0x77,
    0x28, 0x6F, 0xD1, 0xA8, 0xED, 0x66, 0xBB, 0xDE, 0xDF, 0x4C, 0xE0, 0xE9, 0xC6, 0x0C, 0x1D, 0xBF,
    0xC0, 0xE2, 0x0C, 0x4D, 0x1B, 0xD6, 0x2E, 0x30, 0x6C, 0x26, 0xCE, 0x6D, 0x43, 0x4E, 0xCA, 0xC1,
    0x0C, 0x17, 0xF8, 0x8A, 0xBF, 0xD4, 0xD8, 0xA2, 0x70, 0x56, 0xD3, 0x8B, 0x61, 0xC7, 0x91, 0xA7,
    0x9C, 0x44, 0x8C, 0x82, 0x4D, 0xE4, 0x74, 0x63, 0x88, 0xF0, 0x8D, 0x56, 0xD9, 0x42, 0x06, 0xA9,
    0xB5, 0x66, 0x43, 0xCE, 0xF8, 0xB0, 0x8C, 0xD0, 0xCE, 0x6B, 0xFB, 0xBC, 0x1E, 0x48, 0x13, 0x58,
    0xAC, 0xB9, 0x40, 0x0F, 0xBF, 0xC0, 0xFD, 0x8A, 0xE5, 0xDE, 0x67, 0xEE, 0x60, 0x0A, 0xD6, 0x60,
    0x84, 0x2F, 0x40, 0x1F, 0x70, 0x5F, 0xB4, 0x7C, 0xD7, 0xEC, 0xD5, 0xC8, 0xDC, 0x8B, 0x5D, 0xBD,
    0xB1, 0xEB, 0x29, 0x4F, 0x6D, 0xD7, 0x82, 0xCD, 0x19, 0x9A, 0x5D, 0x1C, 0x9A, 0xC8, 0xA2, 0x41,
    0x1F, 0x78, 0xC1, 0xCB, 0x7C, 0xCD, 0x53, 0xE1, 0x31, 0xAC, 0xCF, 0xD8, 0x75, 0xE2, 0xFE, 0x2D,
    0x3C, 0x17, 0xC8, 0xD0, 0x6B, 0xF4, 0x6D, 0xEC, 0x81, 0x9A, 0x62, 0x6C, 0xA7, 0xCB, 0xD7, 0xAD,
    0x8B, 0x9F, 0xF1, 0x2D, 0xB4, 0xE0, 0x0E, 0x28, 0x92, 0x33, 0x60, 0x7A, 0x1C, 0x62, 0xBE, 0xB2,
    0xA1, 0x50, 0xE3, 0x48, 0xAC, 0xC1, 0x14, 0x6D, 0x9E, 0x6D, 0xA8, 0xA0, 0xD7, 0x72, 0xB8, 0xE6,
    0x63, 0x2A, 0x12, 0xA4, 0xFE, 0xBC, 0x5D, 0x18, 0x71, 0xB4, 0x44, 0xC4, 0xA2, 0xD1, 0x8E, 0x5B,
    0x00, 0xA0, 0x40, 0xAA, 0xF3, 0x17, 0xAB, 0x05, 0x23, 0x39, 0x28, 0x30, 0x98, 0x9F, 0x7E, 0x58,
    0x1C, 0x58, 0xA9, 0x5D, 0x86, 0x9A, 0x7D, 0x21, 0x7F, 0xF6, 0x6C, 0x04, 0x76, 0x79, 0xBD, 0x6F,
    0x73, 0x21, 0xB2, 0x2E, 0xC2, 0x7B, 0xE3, 0xB7, 0x14, 0x1E, 0x90, 0x5F, 0x96, 0x0F, 0x3A, 0xC5,
    0x17, 0x26, 0x4B, 0x12, 0x81, 0x44, 0xAE, 0xBD, 0x7D, 0xF6, 0x88, 0xF0, 0x1B, 0x7C, 0x8F, 0x31,
    0x5B, 0xF0, 0x03, 0xC9, 0x30, 0x36, 0xCF, 0x3A, 0x46, 0x8C, 0xA3, 0xAB, 0x2C, 0xA6, 0x69, 0xB2,
    0xBD, 0x9B, 0x64, 0x21, 0x9A, 0xE4, 0xDB, 0x2B, 0x8C, 0x42, 0x00, 0xFC, 0x66, 0x67, 0x45, 0xC1,
    0x1C, 0x20, 0x6D, 0x48, 0xC6, 0xC8, 0x1D, 0xA9, 0xFD, 0x7D, 0x0A, 0xF6, 0xDB, 0x23, 0x42, 0xBA,
    0xC2, 0x3E, 0xCC, 0x13, 0xA2, 0x91, 0x4D, 0x3B, 0x71, 0xC0, 0x8C, 0xD4, 0x53, 0xE0, 0xFB, 0x62,
    0x69, 0x20, 0xAC, 0xBB, 0x0B, 0x76, 0xC1, 0x2B, 0x90, 0x20, 0x72, 0xF4, 0x89, 0xF3, 0xB5, 0xEA,
    0xCA, 0x7F, 0x83, 0x51, 0xBD, 0xC0, 0xE5, 0x62, 0xFB, 0x41, 0x07, 0x9E, 0x18, 0xDF, 0xD3, 0x5C,
    0xA9, 0xDB, 0x3E, 0x7C, 0xDB, 0x92, 0xFA, 0xE9, 0xB0, 0x04, 0xCE, 0x96, 0xA9, 0x41, 0xBE, 0xCF,
    0x94, 0x3D, 0xFE, 0xC6, 0x3D, 0x81, 0x18, 0x95, 0x88, 0x7F, 0xA2, 0xCC, 0x3B, 0x1D, 0x2E, 0x7F,
    0xC8, 0x9D, 0x82, 0xF9, 0xB4, 0xBF, 0xB8, 0xCD, 0x1F, 0x45, 0xCC, 0xC8, 0xE5, 0x7E, 0xAA, 0xD0,
    0xDE, 0x90, 0xF7, 0x96, 0xD5, 0x5F, 0x06, 0xF6, 0x23, 0x0A, 0xED, 0x47, 0xBF, 0xFD, 0x1E, 0xCC,
    0xE3, 0xA4, 0x6D, 0x6E, 0x0A, 0xC4, 0x3F, 0xBA, 0x76, 0x86, 0x25, 0x08, 0x8E, 0xB6, 0x7A, 0x03,
    0x0C, 0xE9, 0x32, 0x23, 0x45, 0x66, 0xA1, 0xC6, 0x01, 0xB6, 0x52, 0x90, 0xA2, 0xB9, 0x49, 0x68,
    0x68, 0xD0, 0xCB, 0xF0, 0xF2, 0x37, 0x95, 0x2D, 0xE9, 0xE3, 0x9F, 0xE7, 0xC2, 0x50, 0x1F, 0x06,
    0xDF, 0x06, 0x93, 0x9B, 0xAD, 0xAA, 0xEF, 0x18, 0x60, 0xE4, 0x13, 0x63, 0x54, 0xDD, 0xDB, 0x20,
    0xD2, 0xED, 0x64, 0x4E, 0x4B, 0xC8, 0xEC, 0x16, 0x55, 0x62, 0x9E, 0x67, 0xE9, 0x21, 0x0B, 0xA3,
    0x87, 0xAC, 0x26, 0x2E, 0x55, 0xD0, 0x53, 0xE2, 0x0C, 0xED, 0xD9, 0x7E, 0x84, 0xBD, 0xEA, 0x1C,
    0x36, 0x2D, 0x56, 0x7B, 0xAB, 0x7B, 0xB0, 0x75, 0x9B, 0x71, 0x01, 0x7A, 0x87, 0xF4, 0x6C, 0x59,
    0x8A, 0x6C, 0x1D, 0x2A, 0x0B, 0xE7, 0xC6, 0x16, 0x56, 0x0C, 0x59, 0x57, 0xAB, 0x9B, 0xE5, 0xC9,
    0xEE, 0x00, 0x5C, 0x5C, 0x63, 0xC7, 0x40, 0x43, 0x54, 0x0E, 0x9A, 0x63, 0xED, 0x7A, 0x56, 0x37,
    0xE0, 0x1B, 0x55, 0x62, 0x70, 0xD9, 0xA4, 0x30, 0x3D, 0x4C, 0xA6, 0x13, 0xE6, 0x6B, 0x1B, 0x32,
    0x9F, 0x27, 0xD5, 0xAD, 0xE1, 0x6C, 0x5C, 0x3C, 0x7B, 0xF2, 0x7C, 0xB7, 0x17, 0x19, 0x0E, 0x37,
    0x38, 0x4E, 0xD7, 0x27, 0xF3, 0xE6, 0xE4, 0x58, 0x9E, 0xB5, 0xCB, 0xE1, 0x74, 0x3F, 0x2D, 0x33,
    0x04, 0x5D, 0x16, 0x15, 0x39, 0x05, 0x31, 0x03, 0x78, 0x68, 0x39, 0x34, 0xED, 0xBB, 0x6B, 0x1D,
    0x91, 0x5B, 0xAA, 0x86, 0x29, 0xBA, 0x4C, 0x8D, 0xE6, 0x72, 0xEA, 0x31, 0xB4, 0x4D, 0xF3, 0x6C,
    0x67, 0xCC, 0x20, 0xFF, 0x03, 0x7A, 0x0C, 0x3A, 0xE8, 0x81, 0x04, 0x1E, 0xA2, 0x3B, 0xA0, 0x26,
    0x56, 0x66, 0x1E, 0x1D, 0x52, 0x63, 0x72, 0x4C, 0x8F, 0x09, 0x32, 0x45, 0xAB, 0x7C, 0xB3, 0x1A,
    0x93, 0xB1, 0x9E, 0x95, 0x5A, 0x73, 0x45, 0xE4, 0x7C, 0x07, 0x71, 0xA6, 0x5E, 0x92, 0xE7, 0xFE,
    0xF3, 0x20, 0x54, 0x34, 0x0A, 0x27, 0xAC, 0xFB, 0x84, 0x68, 0x4F, 0xBD, 0xAB, 0xD8, 0x4B, 0x39,
    0x39, 0xEF, 0xFC, 0x14, 0x9D, 0x66, 0x40, 0x81, 0x06, 0x2D, 0x2F, 0xE5, 0xC2, 0x6E, 0x40, 0x09,
    0x0B, 0x22, 0xAC, 0x9C, 0xDA, 0x5D, 0x76, 0x0D, 0xF2, 0x1C, 0xFF, 0xE6, 0x4C, 0x20, 0xE3, 0x8E,
    0x91, 0x4B, 0x26, 0x88, 0x06, 0x0A, 0x77, 0x5B, 0xB8, 0x8B, 0x4E, 0x71, 0xEE, 0xFE, 0x90, 0xBD,
    0xF4, 0xD5, 0x91, 0x9C, 0x4E, 0x59, 0x77, 0x3F, 0xE4, 0xE0, 0x6C, 0xD9, 0x56, 0xF6, 0xCA, 0xDE,
    0x43, 0x45, 0xB9, 0x43, 0x4E, 0x47, 0x11, 0x7A, 0x2D, 0xC4, 0x40, 0x18, 0x73, 0xCA, 0x42, 0x86,
    0xBE, 0xCD, 0x1C, 0x48, 0xDB, 0xE2, 0x08, 0xA0, 0x28, 0xE7, 0xD6, 0x25, 0x1A, 0xA0, 0x63, 0xA1,
    0xB5, 0x26, 0x78, 0x53, 0x3F, 0xE4, 0x5A, 0x6F, 0xE4, 0xCB, 0xF6, 0x7A, 0x83, 0x3B, 0x00, 0xEF,
    0x23, 0xB4, 0x42, 0xA9, 0xB8, 0xCB, 0x81, 0xEF, 0x14, 0xB6, 0x19, 0xC0, 0x15, 0xA8, 0x87, 0xE0,
    0xEC, 0x8D, 0xCA, 0x90, 0x2B, 0x85, 0x62, 0x39, 0x98, 0x88, 0x75, 0x5B, 0x05, 0x10, 0xD3, 0x47,
    0x8F, 0xDF, 0xA4, 0x6A, 0x87, 0x30, 0x7E, 0x6D, 0xC4, 0x56, 0xD8, 0x00, 0x76, 0xA2, 0x6F, 0x80,
    0x99, 0x03, 0xB4, 0x8C, 0x80, 0xD4, 0x2E, 0x5F, 0x06, 0x7C, 0x61, 0x0F, 0xB0, 0x8D, 0x43, 0xBE,
    0xB4, 0xF8, 0xC2, 0x5B, 0x4E, 0x7C, 0xAE, 0xB3, 0xE5, 0xDA, 0xE8, 0x33, 0x49, 0xDE, 0x2F, 0x18,
    0x67, 0xF7, 0xBF, 0xA5, 0xA2, 0x04, 0x8C, 0x0D, 0x43, 0x16, 0x66, 0xF3, 0x69, 0x31, 0xB7, 0x2D,
    0x11, 0xE3, 0x25, 0x7D, 0x0D, 0xFD, 0xC5, 0xDF, 0x0D, 0x13, 0xBA, 0xF6, 0x94, 0x98, 0x2F, 0xCD,
    0xB2, 0xC5, 0xC1, 0xCD, 0x2B, 0x0C, 0xD7, 0xBA, 0xE4, 0x28, 0x40, 0x4E, 0x9E, 0xB9, 0xAB, 0xD1,
    0x10, 0xCA, 0x4F, 0x90, 0x0B, 0xF2, 0x03, 0xF3, 0x40, 0xFC, 0x9D, 0xB4, 0xBB, 0xB7, 0x1D, 0xDD,
    0xF5, 0x74, 0x10, 0x70, 0x3D, 0xC0, 0x2C, 0x5C, 0xF1, 0x1D, 0x77, 0xB6, 0x39, 0x98, 0x39, 0xF0,
    0x36, 0x4F, 0x61, 0x17, 0x33, 0x5E, 0x24, 0xF9, 0xF9, 0x4A, 0x06, 0xC6, 0x48, 0xBE, 0x11, 0x49,
    0x83, 0xCC, 0x6A, 0x65, 0x9C, 0x6A, 0x19, 0x6F, 0xA0, 0x32, 0x1F, 0xBB, 0xF6, 0x4C, 0xC6, 0x91,
    0x63, 0x64, 0x6C, 0x90, 0x8B, 0xD7, 0xB1, 0x9B, 0x97, 0xEF, 0x60, 0x03, 0x27, 0x31, 0x39, 0xF6,
    0x0C, 0x2F, 0xCC, 0x9C, 0x11, 0xD5, 0x8A, 0xDB, 0x29, 0x35, 0xC2, 0xB1, 0x9A, 0x4C, 0xC0, 0x32,
    0xD6, 0x2D, 0xB4, 0xEE, 0xDA, 0xAD, 0x55, 0xF5, 0xF0, 0xDC, 0x32, 0x75, 0x96, 0x7A, 0x23, 0xA7,
    0x48, 0xE7, 0x12, 0xE8, 0x8D, 0xED, 0x71, 0x13, 0xC4, 0x88, 0x8F, 0x27, 0x70, 0x09, 0xB8, 0x0F,
    0x0E, 0xB9, 0xF5, 0xAF, 0x33, 0x80, 0x34, 0x8F, 0x2E, 0x5D, 0x2E, 0xEF, 0x5D, 0xDE, 0x3E, 0xD8,
    0xE6, 0xBD, 0xCB, 0x6B, 0xDA, 0xDC, 0x59, 0x87, 0xDC, 0x09, 0x78, 0x45, 0x72, 0xAC, 0xFC, 0xD2,
    0x61, 0xAC, 0xDB, 0x3A, 0x58, 0x4C, 0xC6, 0xFA, 0x89, 0x33, 0xB7, 0x98, 0xDE, 0x56, 0x55, 0xAC,
    0x7B, 0x36, 0xD6, 0x0F, 0x37, 0x29, 0x27, 0xCD, 0xDC, 0x8D, 0x39, 0xDC, 0x3E, 0xE0, 0x70, 0xBB,
    0x3E, 0x19, 0x6E, 0x27, 0x6F, 0x71, 0xCE, 0x6D, 0x8F, 0xFF, 0x6F, 0x73, 0xA7, 0xC5, 0xED, 0xA5,
    0x73, 0x6C, 0x71, 0xA7, 0x03, 0xD8, 0xF7, 0x0B, 0x15, 0x24, 0x4E, 0x0E, 0xF4, 0x46, 0x5B, 0xC8,
    0xFB, 0x73, 0x78, 0x48, 0x72, 0x7D, 0x60, 0x84, 0xCC, 0xB9, 0x65, 0x1A, 0x98, 0x6A, 0x3D, 0x85,
    0xAA, 0x2A, 0x2E, 0x7C, 0x4A, 0x35, 0x59, 0xB6, 0xB9, 0xC0, 0xB8, 0xE3, 0x98, 0xBB, 0x3F, 0x9E,
    0xD7, 0x81, 0xA3, 0xB9, 0x25, 0x0B, 0x54, 0x55, 0x8F, 0xE0, 0xEA, 0xF0, 0x36, 0xA4, 0x07, 0x9F,
    0x08, 0x42, 0x77, 0x31, 0x76, 0x6C, 0x6F, 0x98, 0x51, 0x86, 0x24, 0x33, 0x21, 0x76, 0xF4, 0x07,
    0xE4, 0x7E, 0xA5, 0x6C, 0x70, 0xCE, 0xED, 0x5B, 0x88, 0xB6, 0xE9, 0xC0, 0x1C, 0x19, 0x1F, 0xC4,
    0xE7, 0xA3, 0x2A, 0xFB, 0x02, 0x66, 0xD9, 0xE4, 0x8D, 0x5D, 0xC4, 0xC5, 0xA0, 0xCB, 0xBD, 0xFA,
    0x8E, 0x87, 0x79, 0x7D, 0x6E, 0x57, 0x33, 0x3E, 0x42, 0x30, 0x60, 0xEC, 0x18, 0xF4, 0xEF, 0x6E,
    0x0A, 0xEA, 0x20, 0x99, 0x97, 0x76, 0xF2, 0xEC, 0xE5, 0x23, 0x58, 0xD4, 0x7F, 0xEB, 0x0B, 0x34,
    0xC1, 0x2F, 0x43, 0x2E, 0x59, 0x6D, 0x05, 0x4B, 0x75, 0x56, 0x59, 0x93, 0xA1, 0x0D, 0xD1, 0xA3,
    0x23, 0xAD, 0x0B, 0xD5, 0xB3, 0xB0, 0xDA, 0x7B, 0x39, 0x13, 0xF6, 0x5D, 0xB9, 0xA1, 0xD0, 0x35,
    0xC3, 0xC4, 0x7B, 0x20, 0xD4, 0x84, 0x59, 0xF8, 0xD4, 0xAB, 0x0B, 0xBF, 0xED, 0x50, 0xDF, 0x29,
    0x95, 0xCB, 0x7C, 0xA3, 0x46, 0x0B, 0x5F, 0xEA, 0x61, 0x56, 0xC0, 0x8A, 0xA3, 0x09, 0xF7, 0xF3,
    0xD6, 0x73, 0xBD, 0x2C, 0xC9, 0xAC, 0xB6, 0x50, 0x4F, 0x86, 0x2E, 0x97, 0x76, 0x8F, 0x3B, 0x10,
    0x3E, 0x7B, 0x02, 0x8F, 0x6C, 0xE6, 0xC9, 0xD0, 0x0D, 0x5F, 0x81, 0x5B, 0x50, 0x4F, 0xB7, 0xD1,
    0x2A, 0xCC, 0xCE, 0x3E, 0x3E, 0xCD, 0xB3, 0x00, 0x9E, 0x5D, 0x84, 0xD4, 0x00, 0x86, 0x9D, 0x3D,
    0xF5, 0xF8, 0xF4, 0x38, 0xB2, 0x7D, 0xE8, 0x3D, 0xBF, 0x80, 0x2E, 0x09, 0x4E, 0x5B, 0xC0, 0x67,
    0x00, 0xDB, 0x4E, 0xC7, 0x4F, 0xC0, 0x57, 0x61, 0x32, 0x8C, 0x9D, 0xA2, 0xB8, 0x93, 0x78, 0x49,
    0xE8, 0xA6, 0xF6, 0xE8, 0xB2, 0x4E, 0x6B, 0xBE, 0x8E, 0x28, 0x6B, 0xD3, 0x9A, 0xF3, 0xBF, 0x9C,
    0xFA, 0x02, 0xD1, 0x94, 0x71, 0xCF, 0x9D, 0x49, 0x43, 0x2A, 0x8F, 0x32, 0x3F, 0x1E, 0x9A, 0x62,
    0x8C, 0x02, 0xDB, 0xCE, 0x8E, 0x09, 0xF5, 0xB4, 0x5B, 0x24, 0xFE, 0x1F, 0xE2, 0x9A, 0x4D, 0x9D,
    0xAE, 0xDD, 0x95, 0x64, 0xF6, 0x9D, 0x93, 0x1A, 0x78, 0x71, 0xAF, 0xA0, 0xD0, 0x4E, 0x9F, 0xB6,
    0x2D, 0x6D, 0x79, 0x32, 0x14, 0x1C, 0x1D, 0x2F, 0x5C, 0xB3, 0x53, 0x07, 0x36, 0x1A, 0xBD, 0xC3,
    0x80, 0x59, 0xD1, 0xEE, 0x1D, 0xE3, 0xBF, 0x64, 0x6A, 0x8E, 0x81, 0x5C, 0x6B, 0xA1, 0xFA, 0x2B,
    0xF6, 0x75, 0x9B, 0x25, 0x59, 0x35, 0xF2, 0x74, 0xAF, 0xA8, 0x0E, 0x53, 0xCB, 0x5D, 0x1B, 0x9F,
    0x9E, 0x96, 0x67, 0x7C, 0x67, 0xE8, 0xFB, 0x50, 0xE0, 0x73, 0xC2, 0x94, 0x9A, 0xC8, 0xDB, 0xBE,
    0x48, 0x1A, 0x8F, 0x4C, 0x61, 0xE9, 0xAC, 0x9B, 0xED, 0xBA, 0x66, 0x40, 0x6A, 0xF6, 0xD1, 0xB9,
    0x7B, 0x10, 0x1B, 0x50, 0x65, 0xEC, 0x11, 0x3D, 0xF6, 0x71, 0x3D, 0x7B, 0x7E, 0xEF, 0xDB, 0xF3,
    0xFB, 0x10, 0x5E, 0x8D, 0x66, 0xBB, 0x66, 0xA8, 0x37, 0x2A, 0xC2, 0xD8, 0x07, 0x02, 0x0A, 0x9A,
    0xD6, 0x66, 0x87, 0x59, 0x8B, 0xBD, 0x5F, 0xCF, 0x1E, 0x5B, 0x79, 0xF6, 0x08, 0x58, 0xAA, 0xAA,
    0xBF, 0xC7, 0xAC, 0x68, 0x96, 0xBA, 0x86, 0x86, 0x9A, 0x36, 0x8E, 0x8C, 0xD5, 0x65, 0xD4, 0x14,
    0x9F, 0x92, 0xF4, 0x55, 0x53, 0xC4, 0x8F, 0x4A, 0x61, 0xCA, 0x51, 0xE1, 0xAB, 0x49, 0xE8, 0xEB,
    0x53, 0xCE, 0xA3, 0x73, 0x9F, 0xC6, 0x1A, 0x89, 0x2E, 0x96, 0x4F, 0x00, 0xF8, 0x88, 0x89, 0xF3,
    0xF9, 0x99, 0xBA, 0x3D, 0xF2, 0xA2, 0xF0, 0x0E, 0xE4, 0x2A, 0x94, 0x48, 0xC2, 0x58, 0xE2, 0x2F,
    0x40, 0x09, 0xA8, 0x83, 0x58, 0xD3, 0x46, 0x36, 0x8F, 0x3A, 0xDB, 0x02, 0x35, 0x21, 0xA3, 0xE0,
    0x4E, 0x8A, 0x9A, 0xA0, 0xBE, 0x99, 0xC7, 0xEF, 0x73, 0x1E, 0x2F, 0x1D, 0xA7, 0x5D, 0xBC, 0x47,
    0xC3, 0x0F, 0x91, 0x1F, 0x6F, 0xFD, 0x4C, 0xF9, 0x03, 0x89, 0xA6, 0x03, 0x54, 0x11, 0xE4, 0x32,
    0x6E, 0x5A, 0xCC, 0xAD, 0xC3, 0x16, 0x4D, 0xDA, 0x51, 0x11, 0xDD, 0x4B, 0xBA, 0x54, 0xC4, 0x3B,
    0x34, 0xA6, 0x09, 0x88, 0x6C, 0x59, 0x35, 0x80, 0x8F, 0x47, 0xF0, 0xB8, 0x92, 0xBA, 0x45, 0x2E,
    0x75, 0x17, 0x6E, 0x41, 0xB6, 0x61, 0xF1, 0x0E, 0x35, 0x33, 0x8A, 0x32, 0xDA, 0xC9, 0xC9, 0x0C,
    0x44, 0xDA, 0xBB, 0x1D, 0x07, 0x07, 0x93, 0x60, 0xB8, 0x4E, 0xE5, 0x56, 0xE2, 0x08, 0x08, 0x1F,
    0x89, 0x02, 0x60, 0x0F, 0x0D, 0x3C, 0x8C, 0xD4, 0x5C, 0x3C, 0x86, 0xBC, 0x47, 0x93, 0x21, 0xBC,
    0xF1, 0x1D, 0x08, 0x97, 0xA2, 0x89, 0x03, 0x6D, 0xDD, 0xB5, 0x31, 0xC6, 0xD8, 0x61, 0x6D, 0x81,
    0x01, 0x62, 0x18, 0x5C, 0xCA, 0x0C, 0x81, 0x1E, 0x81, 0x20, 0x1D, 0x51, 0xFC, 0x4E, 0x84, 0xFB,
    0x9E, 0xF4, 0xCA, 0x4A, 0xBB, 0x6B, 0x4F, 0x24, 0x8F, 0x7F, 0x62, 0x58, 0x2E, 0x7F, 0x90, 0xE1,
    0xFB, 0x83, 0xA3, 0x79, 0xD3, 0xE3, 0x0B, 0x28, 0xBB, 0x39, 0x8D, 0xBC, 0xD4, 0x45, 0x25, 0x14,
    0x49, 0x3B, 0xF5, 0xF4, 0x97, 0xA9, 0x7F, 0xE3, 0xC3, 0x44, 0xFE, 0x52, 0x68, 0x99, 0x23, 0x65,
    0x12, 0x38, 0x59, 0xB7, 0xA8, 0x7D, 0x3F, 0xA7, 0xF7, 0x27, 0x9B, 0x86, 0x0B, 0x55, 0x81, 0xE7,
    0xF2, 0xED, 0x3D, 0x58, 0xF0, 0x42, 0xED, 0xC5, 0x43, 0xCD, 0x3F, 0x33, 0x49, 0x3C, 0x0A, 0x10,
    0xC2, 0xB5, 0x2A, 0xEC, 0x38, 0x40, 0x06, 0xB6, 0xC2, 0x37, 0x05, 0x14, 0x91, 0xBF, 0x4B, 0xDA,
    0xA3, 0x9E, 0x0E, 0xD2, 0xD6, 0x04, 0x88, 0xCE, 0x57, 0x95, 0x14, 0xB9, 0x8C, 0x66, 0x63, 0xB2,
    0xE0, 0x3D, 0x16, 0x5D, 0x2E, 0x78, 0x9C, 0x24, 0x12, 0x01, 0xB4, 0x58, 0xAB, 0x1A, 0x81, 0xC7,
    0xA4, 0xFB, 0x1C, 0x76, 0x80, 0xEB, 0xC1, 0x37, 0x5C, 0xF7, 0x78, 0xFA, 0x53, 0xB5, 0xE1, 0xE6,
    0x2E, 0x82, 0x5B, 0x8E, 0x8B, 0xC7, 0x4F, 0x36, 0xA8, 0x8B, 0x5D, 0x6A, 0xCB, 0xE6, 0xB1, 0xAF,
    0x17, 0x81, 0x10, 0x11, 0x52, 0x21, 0x42, 0x93, 0xB7, 0x0A, 0x5B, 0x19, 0x72, 0xFE, 0x95, 0x90,
    0xF3, 0x19, 0xD6, 0xDD, 0x81, 0xBE, 0xFF, 0xC1, 0xC8, 0xAB, 0xFD, 0x7B, 0x49, 0xEA, 0xC7, 0xF0,
    0x7C, 0x1B, 0x94, 0xEB, 0xAA, 0xEA, 0xF2, 0x01, 0x23, 0x74, 0x55, 0x97, 0xFE, 0xF3, 0xE3, 0xF2,
    0xB4, 0x9A, 0x5B, 0x9D, 0x1A, 0x6A, 0xCA, 0x22, 0xEA, 0x51, 0xD3, 0xE4, 0xD4, 0xD2, 0x03, 0x20,
    0xC4, 0x0E, 0xF2, 0x6E, 0x07, 0xA2, 0x67, 0xF6, 0x8C, 0xCE, 0xB8, 0x69, 0xF9, 0x63, 0x8D, 0x8C,
    0xC5, 0x78, 0x8F, 0xC4, 0xDD, 0xCC, 0x92, 0xF0, 0x26, 0x0E, 0xD5, 0x7A, 0x60, 0xBD, 0x75, 0xCB,
    0x76, 0x97, 0x2F, 0x40, 0x9D, 0x1C, 0xCD, 0x74, 0x06, 0x9E, 0xEA, 0x24, 0x74, 0xF9, 0x3F, 0xC5,
    0x5A, 0x4D, 0x6C, 0x1C, 0x67, 0x19, 0x7E, 0x67, 0x26, 0xCE, 0x40, 0x86, 0x74, 0x7C, 0x68, 0x25,
    0x88, 0x69, 0xA6, 0x17, 0xA4, 0x0A, 0xC5, 0x1E, 0x0E, 0x3E, 0x18, 0x69, 0xC6, 0x3B, 0x6D, 0x05,
    0xDC, 0xA8, 0x0F, 0x31, 0x17, 0x24, 0xCA, 0x81, 0x03, 0x05, 0x89, 0xE4, 0x90, 0x83, 0x23, 0xD6,
    0xD9, 0x29, 0x3D, 0xF4, 0xC0, 0x01, 0x1F, 0x80, 0x0B, 0x12, 0xE9, 0x01, 0x24, 0x6A, 0x24, 0xE2,
    0xC3, 0x4A, 0x2C, 0x65, 0x93, 0x9D, 0x34, 0x07, 0x0E, 0x91, 0x60, 0x0A, 0xE2, 0x08, 0x9D, 0x8A,
    0x94, 0x43, 0x23, 0xC4, 0xA0, 0x0E, 0x74, 0x93, 0xAE, 0x77, 0x78, 0x9E, 0x77, 0x76, 0x76, 0xD7,
    0xF9, 0x29, 0xB1, 0xBB, 0x36, 0x9B, 0xEC, 0x27, 0x7B, 0xFC, 0xCD, 0xF7, 0xFE, 0x7C, 0xEF, 0xCF,
    0xF3, 0x7E, 0xEF, 0x27, 0xA2, 0x1F, 0xAF, 0x4C, 0x38, 0xC4, 0x32, 0xFD, 0xF9, 0x3A, 0xBE, 0x66,
    0x8E, 0xC1, 0x2A, 0x30, 0xB8, 0x7D, 0x0C, 0x4F, 0x76, 0x30, 0x04, 0x4D, 0x0C, 0x17, 0x02, 0x0C,
    0x79, 0x88, 0x19, 0x29, 0x06, 0x2B, 0x59, 0xC2, 0x8C, 0x1F, 0x9D, 0xE3, 0x22, 0xA5, 0x48, 0xB8,
    0x7E, 0x2E, 0x92, 0x8E, 0xB8, 0x91, 0xE4, 0xE2, 0xC6, 0x66, 0x26, 0x6E, 0xE2, 0xDC, 0x12, 0xEF,
    0x56, 0x63, 0x20, 0xE5, 0x40, 0x3E, 0xBB, 0x2D, 0xD2, 0x2A, 0xF7, 0x90, 0x92, 0x73, 0xAF, 0x44,
    0x26, 0xDE, 0xB4, 0xD3, 0x6B, 0xE2, 0x4A, 0x28, 0xAB, 0x12, 0xE0, 0x5F, 0x53, 0x36, 0xB0, 0x4A,
    0xDB, 0x28, 0xA4, 0xB0, 0x72, 0x29, 0x9C, 0x3C, 0x1A, 0x9C, 0x79, 0x2F, 0xE9, 0x15, 0xA5, 0x34,
    0x92, 0xC1, 0xE8, 0xC5, 0x63, 0x1C, 0x4E, 0x1B, 0x64, 0xFF, 0x27, 0x60, 0xDF, 0x19, 0xE2, 0x57,
    0x63, 0xED, 0xD0, 0x65, 0xE0, 0x67, 0xD9, 0x14, 0xD9, 0xF4, 0x44, 0xF0, 0x44, 0x9C, 0x6C, 0x06,
    0xB2, 0x1C, 0x22, 0xB7, 0x36, 0xB7, 0xF6, 0x34, 0x69, 0x2C, 0x72, 0xF0, 0xB7, 0xB8, 0xE9, 0x1F,
    0x95, 0xE7, 0xF3, 0xF8, 0xA6, 0xE0, 0x07, 0xCA, 0x37, 0xDF, 0x81, 0xDA, 0x87, 0xF5, 0x6A, 0x4F,
    0x55, 0x62, 0x78, 0xF8, 0xF6, 0x22, 0x91, 0xAD, 0xEA, 0xA9, 0xF1, 0x62, 0x24, 0x7E, 0x59, 0xC8,
    0xF0, 0xAB, 0x7D, 0x2C, 0xD7, 0x76, 0x13, 0xD9, 0x81, 0xF6, 0x5E, 0x5D, 0xC5, 0x9F, 0x28, 0x5F,
    0x17, 0xDF, 0xFE, 0xD4, 0x77, 0x30, 0x7A, 0x76, 0x49, 0x24, 0x69, 0xA4, 0x0B, 0x89, 0x0B, 0xFE,
    0xCC, 0xB2, 0x98, 0xF0, 0xDC, 0x16, 0x70, 0x66, 0xA5, 0x14, 0xFA, 0x64, 0xFD, 0xAC, 0x95, 0x98,
    0x65, 0xEA, 0xBC, 0x14, 0x43, 0xD4, 0x40, 0x97, 0x85, 0xFA, 0x0A, 0xFD, 0xDF, 0x97, 0xA8, 0x6B,
    0xC7, 0xB0, 0x3B, 0x7F, 0xB4, 0xC4, 0x09, 0x7C, 0x1B, 0x50, 0xCB, 0x07, 0x99, 0x58, 0x59, 0x2E,
    0x4E, 0xF4, 0xB9, 0xC3, 0xE0, 0xD2, 0x4E, 0xA8, 0xE7, 0x30, 0x97, 0xBC, 0x6D, 0xA5, 0x2B, 0xFB,
    0xE7, 0x52, 0x77, 0x8B, 0x9C, 0xE2, 0x1B, 0x4E, 0x1E, 0xCD, 0x92, 0x4B, 0x3B, 0x82, 0xB5, 0x88,
    0x17, 0xCB, 0x9C, 0x1C, 0x88, 0x3F, 0x1B, 0x93, 0xEC, 0xEB, 0xB9, 0x58, 0xEF, 0xC3, 0x10, 0xCA,
    0x11, 0x07, 0xB3, 0xD7, 0x64, 0xB6, 0x08, 0x1D, 0xCA, 0xEB, 0x19, 0x37, 0xCD, 0x3B, 0x18, 0xA7,
    0x22, 0x3B, 0x0E, 0x76, 0xBC, 0x0F, 0xD7, 0x91, 0x4D, 0x3A, 0x96, 0x4F, 0x17, 0x70, 0xEA, 0xB0,
    0x37, 0xF7, 0x1A, 0x8C, 0xB5, 0x2C, 0xFB, 0x62, 0x5C, 0xFE, 0x42, 0x19, 0x81, 0x88, 0x97, 0x40,
    0xF7, 0x76, 0x26, 0x4B, 0x02, 0x01, 0x42, 0xDA, 0x74, 0x20, 0x46, 0x0E, 0x32, 0xF8, 0xA9, 0xCB,
    0xA1, 0x0F, 0xD3, 0x11, 0x35, 0x42, 0x18, 0x50, 0x82, 0x3F, 0x79, 0x11, 0x9E, 0xAE, 0xE2, 0xA9,
    0xD9, 0x97, 0x85, 0xBB, 0xBD, 0x14, 0x81, 0xEE, 0xCE, 0x14, 0xF9, 0x88, 0x0E, 0x0E, 0x97, 0x31,
    0x9E, 0xC5, 0xD0, 0xBA, 0x01, 0x7D, 0x7D, 0xFB, 0x06, 0xA8, 0xDB, 0xBF, 0x23, 0x1B, 0x2F, 0xD1,
    0xE7, 0x39, 0xC3, 0x25, 0x67, 0x97, 0x31, 0xAB, 0x84, 0x47, 0xD9, 0xE9, 0x55, 0x3E, 0x81, 0x74,
    0x4B, 0x1C, 0x02, 0xF8, 0xA4, 0xBA, 0xA5, 0xFA, 0xA5, 0x3A, 0xA6, 0x7A, 0xA6, 0xD0, 0x35, 0x85,
    0xBE, 0x39, 0x1D, 0x50, 0x1E, 0x51, 0xA2, 0xB9, 0xAB, 0x67, 0xCD, 0xDC, 0x2D, 0x07, 0xFB, 0x96,
    0xC8, 0x88, 0xB8, 0x05, 0x90, 0x22, 0x51, 0x4B, 0x37, 0xAF, 0xDC, 0xC2, 0x37, 0x53, 0x09, 0x4E,
    0x3D, 0x0F, 0xCA, 0x43, 0xB1, 0xDE, 0xDE, 0x85, 0x50, 0x81, 0x32, 0x4F, 0xDE, 0x1F, 0x21, 0x0A,
    0xF2, 0xA3, 0x41, 0xAB, 0xDC, 0xF3, 0x68, 0x7D, 0x7D, 0x9D, 0xB2, 0x40, 0x40, 0x6F, 0xFB, 0x0A,
    0x06, 0x79, 0x8C, 0x9E, 0xF1, 0x09, 0xEA, 0xA5, 0xF6, 0x0D, 0x46, 0x48, 0xB9, 0xB4, 0x0D, 0x8D,
    0xF6, 0x98, 0xCB, 0x68, 0x55, 0xA2, 0xBB, 0xCF, 0x98, 0x0A, 0x59, 0xCE, 0x53, 0x60, 0x18, 0x6A,
    0x66, 0x64, 0xB2, 0x50, 0x96, 0x94, 0x85, 0x89, 0x6F, 0xFB, 0x17, 0xC6, 0x34, 0xA9, 0x73, 0x89,
    0x79, 0x3B, 0x77, 0x9E, 0xC9, 0x4F, 0x1B, 0x79, 0x60, 0xA5, 0x1B, 0x7E, 0xF4, 0x3A, 0x82, 0xE8,
    0x56, 0x65, 0x56, 0xD1, 0xC0, 0x4E, 0x5A, 0x65, 0xE4, 0xF7, 0xAB, 0xA9, 0xF3, 0xBA, 0xF8, 0xC7,
    0x31, 0xEC, 0xD2, 0x74, 0x5B, 0xA4, 0x33, 0x17, 0x1D, 0x3A, 0xC3, 0x8C, 0xBB, 0x1F, 0x33, 0x8A,
    0xA6, 0x94, 0xB9, 0xF8, 0xF1, 0xFE, 0xD9, 0xD6, 0x8F, 0xC3, 0x85, 0xDC, 0xA4, 0x36, 0xBA, 0x23,
    0xD0, 0xF3, 0xFD, 0x81, 0xE6, 0xD1, 0x79, 0x3E, 0x44, 0x65, 0x3E, 0xC6, 0x39, 0x2B, 0x55, 0x46,
    0xC1, 0xE7, 0x1A, 0xB5, 0xD1, 0x48, 0xF6, 0x67, 0x0F, 0x30, 0x9F, 0x1D, 0x31, 0x52, 0xA4, 0x65,
    0xB1, 0xE0, 0x03, 0xBB, 0x53, 0x91, 0x3A, 0x75, 0x49, 0x7D, 0x93, 0x36, 0x92, 0xD7, 0x2B, 0xBB,
    0x72, 0x14, 0x36, 0xF2, 0xC0, 0x88, 0xB9, 0x0F, 0x33, 0x39, 0xAE, 0xC9, 0x87, 0x6B, 0xF5, 0x72,
    0x66, 0xF4, 0x82, 0x38, 0x62, 0xB9, 0x5E, 0xE8, 0x5B, 0xD0, 0x93, 0xC3, 0x08, 0xD5, 0xFA, 0xF1,
    0x50, 0x8C, 0x3E, 0x38, 0xB6, 0x53, 0xA0, 0x0B, 0x37, 0x96, 0xA7, 0x2B, 0x6A, 0x13, 0x11, 0x74,
    0x68, 0x02, 0xA9, 0x60, 0x98, 0x1B, 0xF0, 0xD7, 0x0E, 0x42, 0x0A, 0x44, 0xF1, 0x23, 0x50, 0x75,
    0x33, 0x48, 0x61, 0x97, 0x25, 0xD1, 0xC2, 0x70, 0x8F, 0x29, 0x56, 0x60, 0xC8, 0x56, 0x30, 0xC4,
    0x94, 0x11, 0x70, 0xA1, 0xFC, 0xE4, 0x9E, 0x29, 0xBD, 0x0F, 0x22, 0xB1, 0x6F, 0x53, 0x81, 0x90,
    0x5F, 0x42, 0x2C, 0x25, 0x01, 0x7F, 0x0A, 0xB0, 0x15, 0x12, 0xD2, 0xB4, 0x3D, 0xEE, 0x06, 0x78,
    0x1B, 0x01, 0x20, 0x5F, 0x87, 0x5B, 0x58, 0xFC, 0x2E, 0xDF, 0x8A, 0x20, 0x60, 0xC8, 0x3F, 0x87,
    0x0C, 0x7A, 0x8D, 0x08, 0xE6, 0xE9, 0x52, 0x2A, 0xA3, 0xA7, 0xB0, 0x25, 0x3A, 0x46, 0xAC, 0xF5,
    0x34, 0x86, 0xBB, 0x39, 0x23, 0x32, 0xB5, 0xF1, 0x84, 0x1C, 0xA5, 0x0E, 0x96, 0x2D, 0x66, 0x2B,
    0xB2, 0x4E, 0xA0, 0x29, 0xCE, 0xD6, 0x51, 0x8A, 0x5F, 0x55, 0x07, 0xEA, 0x11, 0x1C, 0x56, 0xF7,
    0xA2, 0xF6, 0x43, 0x16, 0x9F, 0x99, 0x92, 0xC9, 0x0A, 0x44, 0xF8, 0x93, 0x21, 0x47, 0x29, 0xF9,
    0xE1, 0xCA, 0x46, 0xF0, 0xC9, 0xB5, 0xEA, 0x61, 0xEC, 0xE8, 0xF3, 0xD3, 0x60, 0xA5, 0xD6, 0x81,
    0xC5, 0x39, 0x4E, 0x34, 0xC6, 0x07, 0x49, 0xED, 0x9C, 0x47, 0x62, 0x02, 0x9F, 0xAC, 0xA8, 0xE8,
    0x8E, 0xA8, 0xFD, 0x3B, 0x2F, 0xA7, 0x2A, 0x7F, 0x3A, 0x8E, 0x62, 0x67, 0x8D, 0xF5, 0x48, 0xCA,
    0xC2, 0x46, 0xF4, 0xC1, 0xDB, 0x57, 0x19, 0xC8, 0x88, 0xE5, 0x7C, 0x0D, 0x57, 0x4B, 0x1A, 0xAF,
    0x42, 0x0D, 0x58, 0x21, 0x23, 0x16, 0x23, 0x14, 0xB5, 0x51, 0x96, 0x19, 0x27, 0x80, 0x28, 0x26,
    0x00, 0x3E, 0x28, 0xE4, 0xE0, 0x04, 0x20, 0x32, 0x78, 0x3E, 0x38, 0x07, 0x16, 0xC1, 0xB8, 0xD0,
    0x97, 0xD6, 0x96, 0xB4, 0x76, 0x4D, 0xBE, 0x45, 0x2B, 0x00, 0x8A, 0x91, 0x56, 0x86, 0x99, 0xC5,
    0x24, 0x20, 0x41, 0x71, 0x0E, 0xFC, 0xE3, 0x78, 0x77, 0x04, 0x2F, 0x3B, 0xA3, 0x08, 0xC9, 0x57,
    0xB2, 0x56, 0x64, 0xFE, 0xB1, 0x8C, 0xAD, 0x9B, 0xDF, 0x4F, 0xAC, 0xBF, 0x38, 0xB1, 0x5D, 0xB8,
    0x91, 0x93, 0xBB, 0x20, 0xE6, 0x41, 0xFD, 0x4B, 0x5A, 0xF1, 0x78, 0x12, 0xCC, 0x03, 0xA3, 0xA0,
    0xBE, 0x6A, 0xA5, 0x81, 0xA2, 0xED, 0x87, 0xCB, 0x65, 0xF6, 0xB6, 0xB7, 0x87, 0xB1, 0x85, 0xB0,
    0x5D, 0x26, 0xF7, 0xCA, 0x95, 0x1D, 0x54, 0xAE, 0x7B, 0xF8, 0x3F, 0x31, 0xDC, 0x92, 0x53, 0xF8,
    0x56, 0xFC, 0x7F, 0x56, 0xCC, 0x37, 0xC9, 0xFF, 0x5B, 0xB1, 0xF5, 0x57, 0xF0, 0xDF, 0x7F, 0x44,
    0xFE, 0xE7, 0xA0, 0xAC, 0xC6, 0x2B, 0x55, 0xB5, 0xBD, 0xB3, 0x3B, 0xB1, 0xAE, 0xF5, 0xB3, 0x48,
    0x3A, 0xD8, 0x19, 0xC8, 0xA4, 0xB6, 0xEC, 0x8F, 0xCC, 0x39, 0x1C, 0x7D, 0xA7, 0xE1, 0x79, 0x31,
    0xD2, 0x61, 0x5E, 0x45, 0x63, 0x70, 0x4E, 0xBE, 0xC1, 0x75, 0x05, 0x22, 0xDE, 0x4C, 0xBC, 0x0F,
    0x92, 0x33, 0x8D, 0xE8, 0xD8, 0xB1, 0xBA, 0x58, 0x49, 0x88, 0x08, 0x61, 0x7A, 0x10, 0x1C, 0xF2,
    0xBA, 0x44, 0x9D, 0x24, 0x80, 0x75, 0x83, 0x79, 0x69, 0xE6, 0xD2, 0x4B, 0x08, 0xF1, 0xC7, 0x00,
    0x1E, 0xAC, 0xB5, 0x86, 0x53, 0xE8, 0x63, 0x36, 0xAC, 0x9D, 0xD8, 0x8E, 0xBD, 0x72, 0x92, 0xC3,
    0xF7, 0xC1, 0x14, 0x55, 0xB4, 0x82, 0x90, 0xBB, 0xFA, 0x1D, 0xCC, 0xE8, 0x57, 0x10, 0x77, 0xB6,
    0x3A, 0x3B, 0x29, 0xB1, 0xF7, 0x25, 0x94, 0x37, 0x62, 0xF6, 0xF7, 0xCF, 0x1E, 0xD8, 0x00, 0x17,
    0x5E, 0x3C, 0x9A, 0xB1, 0xA4, 0x93, 0x42, 0x25, 0xDF, 0x55, 0xE2, 0x05, 0x49, 0x83, 0xB2, 0x49,
    0x48, 0xA0, 0x26, 0xB6, 0x4B, 0x60, 0x63, 0xEA, 0xFA, 0xD6, 0x3B, 0x13, 0x6C, 0xD2, 0x35, 0x06,
    0x46, 0x51, 0xD3, 0x6F, 0x25, 0x56, 0x62, 0x27, 0x4E, 0xEC, 0x46, 0x1E, 0x96, 0x0D, 0x41, 0xB6,
    0x99, 0xF7, 0x92, 0x96, 0x9C, 0x91, 0x65, 0x84, 0xA1, 0x3B, 0x51, 0x2B, 0xAA, 0xCA, 0x17, 0xA0,
    0x76, 0x3B, 0x57, 0xCB, 0x3E, 0x38, 0x37, 0x0F, 0xA3, 0x76, 0xA9, 0x5A, 0x71, 0x8E, 0x88, 0xA8,
    0xEF, 0x33, 0x32, 0xC5, 0x4C, 0xFD, 0x9E, 0xEA, 0xCF, 0x57, 0xA2, 0x4B, 0xA2, 0x31, 0x4D, 0x9D,
    0x2A, 0x54, 0x04, 0xDB, 0xD4, 0x00, 0xDA, 0xD5, 0xC0, 0xD8, 0xD7, 0x8D, 0x29, 0x74, 0xCC, 0xC9,
    0x8F, 0xC1, 0xCA, 0x85, 0xB4, 0x43, 0xDD, 0x84, 0xA6, 0x6E, 0x43, 0x57, 0x37, 0xA2, 0x52, 0xBD,
    0x42, 0x28, 0x53, 0x33, 0xCC, 0x65, 0x8D, 0x6C, 0x7A, 0x2C, 0x65, 0xFE, 0xAC, 0xB6, 0x9B, 0xAE,
    0x74, 0xA0, 0x25, 0xE8, 0xC9, 0x98, 0x2E, 0x22, 0x21, 0x01, 0x65, 0xA0, 0x14, 0x94, 0x83, 0x92,
    0x50, 0x16, 0x07, 0xD2, 0xB8, 0x91, 0x3F, 0xE5, 0x8E, 0x4D, 0xB8, 0x63, 0x2F, 0x09, 0xB0, 0x77,
    0xDD, 0x89, 0x55, 0x80, 0x9C, 0xF5, 0x13, 0x6C, 0x05, 0x48, 0x8D, 0x0C, 0xE0, 0x55, 0x86, 0x78,
    0xE6, 0x76, 0xF7, 0x1A, 0x73, 0x2C, 0x93, 0x41, 0xDB, 0x9A, 0x76, 0x08, 0x35, 0x3C, 0xB5, 0xBC,
    0x2A, 0x01, 0x78, 0xE3, 0x28, 0x7E, 0x5F, 0x12, 0x1A, 0x59, 0xE1, 0xFD, 0x30, 0xB1, 0x3E, 0x59,
    0xA2, 0xB0, 0x54, 0xA2, 0xEA, 0x50, 0x97, 0x5B, 0x25, 0xD5, 0x06, 0x5F, 0x38, 0xB1, 0xB5, 0xA7,
    0x3A, 0xF0, 0xA0, 0xF1, 0x10, 0x2F, 0x21, 0xCC, 0x5A, 0xC9, 0xF2, 0x04, 0x94, 0x0D, 0xAA, 0x50,
    0xA5, 0xD4, 0xEA, 0x50, 0x3B, 0x6D, 0xF2, 0x20, 0xC1, 0xCD, 0xB2, 0xAA, 0xA2, 0x50, 0xEB, 0x6B,
    0xCD, 0x42, 0x15, 0x97, 0x9F, 0xEF, 0x56, 0x85, 0x92, 0x4F, 0x49, 0xD6, 0xD7, 0x9E, 0x80, 0x09,
    0x15, 0x40, 0x36, 0x5E, 0xEC, 0x22, 0xC8, 0x72, 0xBF, 0x7C, 0x2A, 0x7B, 0x89, 0xE9, 0x2A, 0xA4,
    0x8C, 0xA1, 0x56, 0x56, 0x64, 0xBB, 0xC7, 0xE1, 0x0E, 0x29, 0x15, 0x7C, 0x96, 0x37, 0x48, 0xCF,
    0x63, 0x4C, 0x75, 0x78, 0x86, 0x63, 0xA1, 0x40, 0xBD, 0x23, 0x25, 0xC3, 0xC9, 0x18, 0xBE, 0x53,
    0xB5, 0xD5, 0xDE, 0x71, 0x30, 0xC6, 0xC2, 0xCF, 0x55, 0xAE, 0xEE, 0x16, 0x72, 0x6A, 0x6C, 0xA2,
    0x19, 0xB9, 0xB6, 0xDE, 0xE8, 0x5B, 0x6F, 0x5D, 0xB5, 0x8B, 0x45, 0x27, 0x0D, 0xDD, 0xB8, 0xE3,
    0xDA, 0xB9, 0xD7, 0x23, 0x20, 0x0E, 0x9B, 0x12, 0xAC, 0x4A, 0xD3, 0x8B, 0x37, 0x9C, 0x3B, 0x6D,
    0x63, 0x77, 0xB4, 0x76, 0x31, 0xB2, 0x70, 0xAC, 0x59, 0xA1, 0x93, 0x73, 0xF1, 0xA5, 0xDE, 0xF5,
    0xD2, 0x7E, 0xE5, 0xCF, 0xCE, 0xD7, 0xC4, 0xDD, 0x10, 0x37, 0xE7, 0x7F, 0xAF, 0x2D, 0x4B, 0x78,
    0x3D, 0x34, 0x02, 0xEF, 0xCB, 0x4D, 0x77, 0xD0, 0xB6, 0x8A, 0x31, 0xBC, 0xF6, 0xAB, 0x63, 0x33,
    0x07, 0x4F, 0x3E, 0xFE, 0x91, 0x22, 0xE0, 0x32, 0x76, 0x77, 0x07, 0x35, 0x40, 0xCE, 0x12, 0xA0,
    0xAE, 0x00, 0x50, 0x70, 0xB5, 0x22, 0x7B, 0x28, 0x8F, 0x55, 0xFB, 0xBA, 0xC6, 0x13, 0xB9, 0x53,
    0xD3, 0xC2, 0xD6, 0x11, 0x07, 0xD8, 0x02, 0x3B, 0xE4, 0x2A, 0xC1, 0xCA, 0x89, 0x79, 0x9A, 0x32,
    0x2F, 0xBF, 0xC9, 0x04, 0x2B, 0x5D, 0x9B, 0x39, 0x63, 0x8A, 0x7F, 0xDC, 0x91, 0x5D, 0xB8, 0x23,
    0xEC, 0x33, 0xAF, 0xFB, 0x62, 0x94, 0x62, 0x5C, 0xB9, 0x87, 0x11, 0x35, 0xB1, 0xF6, 0x54, 0x34,
    0x19, 0x73, 0x7F, 0x5D, 0x9C, 0x9F, 0x8A, 0x3B, 0x18, 0x9D, 0xBF, 0x1E, 0xD7, 0x45, 0x2B, 0x49,
    0x82, 0x69, 0x2C, 0x15, 0x80, 0xF9, 0x00, 0xCC, 0x6F, 0x80, 0xF9, 0x1D, 0xAC, 0x9D, 0x81, 0xF9,
    0xE8, 0x60, 0xCC, 0xCF, 0xF3, 0xF8, 0x65, 0xAD, 0xED, 0xE5, 0xF9, 0xA9, 0x3C, 0x33, 0xFE, 0x95,
    0x98, 0x59, 0x34, 0x43, 0x4D, 0x7E, 0x13, 0xDF, 0x81, 0x34, 0x8D, 0x01, 0x98, 0xD9, 0xFA, 0x9F,
    0xCC, 0x7C, 0xC8, 0x86, 0x3E, 0x93, 0xBA, 0x5F, 0xCA, 0x5D, 0x3B, 0xF5, 0x8C, 0x83, 0x6D, 0xE8,
    0x2A, 0xF3, 0x55, 0x2A, 0xB4, 0x74, 0x0F, 0x3F, 0x3E, 0xFD, 0x61, 0x6C, 0x3C, 0x6C, 0xD3, 0xAE,
    0x25, 0xD2, 0x8B, 0x00, 0x9D, 0x1D, 0x84, 0xE1, 0x87, 0x6F, 0x1A, 0x23, 0xCA, 0xA4, 0xCC, 0xD0,
    0x03, 0x44, 0xB1, 0xFB, 0xB2, 0x07, 0xE2, 0xCA, 0xBA, 0x28, 0x12, 0x8B, 0x6C, 0x94, 0xC0, 0x7E,
    0x4C, 0x73, 0x00, 0x06, 0x6C, 0xEB, 0x01, 0x1E, 0xB8, 0x5A, 0x65, 0x01, 0x2C, 0x41, 0x5F, 0x51,
    0x6F, 0x97, 0x90, 0x79, 0x23, 0x64, 0x04, 0x6A, 0xFB, 0x74, 0xF6, 0xDC, 0x7D, 0x4E, 0xC7, 0x57,
    0x62, 0xB0, 0x6F, 0xDF, 0x8C, 0x10, 0x06, 0xAC, 0x7F, 0x12, 0x59, 0x83, 0x6B, 0xF2, 0x83, 0xD1,
    0xB9, 0xC5, 0xFC, 0xDA, 0x1A, 0x4C, 0x1F, 0xB1, 0xD6, 0x87, 0xE5, 0x9B, 0xD5, 0x26, 0x68, 0x44,
    0x9B, 0x54, 0x66, 0xE7, 0xE2, 0x6B, 0xD2, 0xBB, 0x51, 0x8A, 0xFD, 0x83, 0xE7, 0x23, 0xA7, 0xEB,
    0xC2, 0xCD, 0x11, 0xFC, 0x53, 0x60, 0xB1, 0x58, 0x83, 0x3F, 0xF4, 0xD0, 0xC4, 0x62, 0x9D, 0x28,
    0x90, 0x7F, 0xA7, 0x4D, 0x29, 0xE3, 0x8E, 0x0C, 0xFF, 0x6F, 0x92, 0xBC, 0x2A, 0xE3, 0x64, 0x50,
    0x8D, 0x9A, 0x0E, 0xAA, 0x40, 0x38, 0xA9, 0xAA, 0x0E, 0x2C, 0xD1, 0x37, 0x46, 0xAE, 0xD3, 0xAC,
    0x96, 0xD7, 0xF3, 0xCD, 0x3D, 0xF5, 0x2B, 0xE9, 0x04, 0x9A, 0xB8, 0xFC, 0x4D, 0xAD, 0x7B, 0x94,
    0x89, 0x31, 0x88, 0xF8, 0x7F, 0xED, 0xEE, 0x32, 0x7C, 0x35, 0xC0, 0x0E, 0x2F, 0x81, 0x9E, 0x9B,
    0x8D, 0x12, 0xE2, 0x47, 0xD3, 0x85, 0x82, 0x45, 0x2D, 0x56, 0xB5, 0xDA, 0xD2, 0x15, 0x9D, 0x71,
    0x81, 0xB7, 0xE8, 0xE4, 0x5E, 0xB2, 0xEC, 0xE5, 0xA8, 0x26, 0xE4, 0xBD, 0x3F, 0xA1, 0x7E, 0xB9,
    0x0D, 0x31, 0xCC, 0x01, 0x71, 0x59, 0x1F, 0x53, 0xAD, 0x1C, 0x53, 0xAD, 0x14, 0x8A, 0xB2, 0x13,
    0x97, 0xEF, 0x79, 0xC7, 0x10, 0x4B, 0x96, 0x90, 0x45, 0xC4, 0x47, 0x12, 0x19, 0x9F, 0xF4, 0xCD,
    0x40, 0x5B, 0x8E, 0x6A, 0xCB, 0x7A, 0x98, 0xB6, 0x36, 0x55, 0x5B, 0x81, 0x8C, 0xAB, 0xD2, 0xEA,
    0x64, 0xEC, 0x3F, 0xF4, 0x57, 0xA3, 0xEA, 0x12, 0xBE, 0xB8, 0x3F, 0x4D, 0xE1, 0xA7, 0x02, 0x3F,
    0xE5, 0xC0, 0x53, 0x35, 0x42, 0xA8, 0x90, 0x81, 0x7B, 0x4E, 0x18, 0x0A, 0xAA, 0x32, 0xBF, 0x6A,
    0x27, 0xB0, 0x1A, 0xB2, 0xCB, 0x6C, 0xCF, 0x5E, 0xBD, 0xA8, 0x4D, 0x4A, 0x3C, 0x1B, 0x7E, 0x65,
    0x40, 0x10, 0x7A, 0x89, 0x45, 0x70, 0x83, 0x01, 0xC7, 0x8B, 0x56, 0x99, 0x46, 0x9A, 0x1C, 0xBA,
    0x1C, 0x18, 0xD0, 0x18, 0x39, 0x7D, 0x0E, 0xAB, 0x1C, 0x9A, 0xEC, 0x2D, 0xF4, 0x21, 0x15, 0x22,
    0x17, 0xCA, 0xDB, 0x44, 0x5C, 0xD6, 0xBD, 0x66, 0x79, 0xAB, 0x5E, 0xFD, 0x81, 0x1D, 0xC9, 0x0C,
    0x33, 0xFA, 0x20, 0xD3, 0x54, 0x88, 0xCA, 0x9E, 0x58, 0x25, 0x49, 0x08, 0x49, 0x28, 0x4D, 0x07,
    0x4B, 0xE6, 0xD2, 0x05, 0xA0, 0x6A, 0x5D, 0x89, 0xAB, 0x12, 0x7B, 0xEC, 0x4F, 0x56, 0xFC, 0x39,
    0x0C, 0x7F, 0xCF, 0x48, 0x85, 0xEA, 0x7A, 0xFC, 0x88, 0x04, 0xA9, 0xDB, 0x92, 0xE1, 0x83, 0xDA,
    0x92, 0x07, 0x14, 0xA8, 0xFA, 0x9C, 0x64, 0x8B, 0xB5, 0x85, 0xF5, 0xCC, 0x01, 0xC0, 0x95, 0x9B,
    0xEE, 0xB2, 0x8E, 0x49, 0x8F, 0x4E, 0x2A, 0xEB, 0x59, 0x3C, 0xFF, 0x5D, 0x2A, 0x3E, 0x12, 0x7C,
    0x88, 0x24, 0xB3, 0xB3, 0x32, 0x03, 0xC9, 0xD6, 0xD7, 0x91, 0x02, 0x9D, 0x92, 0x0D, 0x92, 0xDE,
    0xCF, 0xAF, 0x6D, 0xF7, 0x81, 0xC7, 0x9B, 0x72, 0x01, 0xFE, 0xDB, 0x91, 0xF3, 0x1E, 0xCF, 0x6E,
    0x08, 0x47, 0x0B, 0x72, 0x48, 0xAB, 0x45, 0xE1, 0x7F, 0xF7, 0x35, 0xAC, 0x64, 0x96, 0xBB, 0x55,
    0x9B, 0x64, 0x54, 0xE3, 0xF7, 0xD5, 0xCF, 0x07, 0x6C, 0x97, 0xC4, 0x9B, 0x30, 0x7C, 0x2B, 0x6E,
    0x44, 0xAC, 0x06, 0xDC, 0xBB, 0x3D, 0x6D, 0x61, 0x95, 0xE5, 0x70, 0xAF, 0x65, 0xA5, 0x5E, 0x06,
    0x7E, 0xEF, 0x16, 0x2E, 0x4A, 0x88, 0x8E, 0x0F, 0x3D, 0x15, 0x60, 0xD9, 0xCC, 0xC1, 0xB3, 0x93,
    0x74, 0x64, 0x75, 0x08, 0x92, 0x0D, 0x36, 0x61, 0xB4, 0x84, 0x1A, 0xC8, 0x7C, 0xD7, 0xDA, 0x35,
    0xB3, 0xD6, 0x95, 0x5E, 0x99, 0x78, 0xBB, 0xEE, 0x64, 0x5B, 0xD6, 0x6A, 0x4C, 0xAF, 0x8D, 0xDC,
    0x92, 0xA1, 0x67, 0x6B, 0xD2, 0xF8, 0xA1, 0xA7, 0x62, 0x47, 0x8C, 0xCB, 0x5F, 0xD4, 0x1A, 0x6A,
    0x40, 0x8D, 0x37, 0x45, 0xFD, 0x11, 0x7A, 0x81, 0xDA, 0x03, 0xBE, 0xDB, 0x24, 0xC6, 0xEF, 0x91,
    0xBF, 0xE1, 0x04, 0x57, 0x87, 0xCC, 0x10, 0x3E, 0xDD, 0x14, 0xCA, 0xB6, 0x32, 0xB8, 0xE6, 0xC2,
    0x1D, 0x80, 0x7E, 0xE0, 0xEA, 0xD6, 0x94, 0x18, 0x5A, 0xD4, 0x41, 0x72, 0x84, 0xAA, 0x4F, 0xD7,
    0x75, 0xD1, 0xF7, 0xF2, 0xDE, 0xCD, 0xDC, 0xBE, 0xFC, 0xAA, 0xDD, 0x11, 0x67, 0x07, 0x56, 0x42,
    0x38, 0x06, 0x45, 0xFA, 0x35, 0x28, 0x08, 0x08, 0x9E, 0x0E, 0x9D, 0x3B, 0x33, 0x1E, 0x17, 0x3A,
    0x69, 0x9D, 0xE7, 0xDC, 0xF1, 0x65, 0x01, 0x4E, 0xE8, 0xFB, 0xA8, 0x60, 0x7A, 0x22, 0x17, 0xEF,
    0x8A, 0x7C, 0x17, 0xB3, 0x7F, 0xCB, 0xD3, 0xF9, 0x0A, 0xFD, 0xB1, 0x5A, 0xD0, 0xA2, 0x7D, 0x54,
    0xC1, 0x68, 0x15, 0x13, 0x4F, 0x4E, 0xED, 0x14, 0xB1, 0xDE, 0x83, 0x5A, 0x47, 0x25, 0x13, 0x65,
    0x73, 0xAE, 0xF3, 0xDD, 0xDB, 0x09, 0x05, 0xE4, 0xC3, 0x8D, 0x23, 0xDB, 0x11, 0x23, 0x09, 0x8C,
    0x2C, 0x97, 0xF7, 0x53, 0x60, 0xFE, 0xAA, 0x2E, 0xDC, 0xC7, 0x8E, 0x28, 0x04, 0x23, 0x00, 0x83,
    0x52, 0x50, 0x47, 0xC9, 0xF1, 0x11, 0xD2, 0x39, 0xFE, 0x43, 0x9E, 0x67, 0x45, 0x66, 0xF1, 0x42,
    0x84, 0x32, 0x37, 0x72, 0x12, 0x07, 0x66, 0x3E, 0xA7, 0x29, 0x8E, 0xD3, 0x0C, 0x5A, 0x5D, 0x23,
    0x1B, 0x01, 0xB6, 0x81, 0x3C, 0x05, 0x2F, 0xBE, 0x80, 0x95, 0xDB, 0x90, 0xA9, 0x0B, 0x91, 0x7A,
    0xBF, 0x44, 0xE2, 0x2A, 0xA7, 0xCE, 0xB3, 0x2F, 0xD0, 0x9F, 0xB0, 0x35, 0x88, 0xFC, 0x27, 0x27,
    0xFE, 0x60, 0x96, 0x99, 0x1D, 0x6F, 0x41, 0xAB, 0xA8, 0x3A, 0x51, 0x1C, 0xB1, 0x22, 0x6A, 0xB0,
    0x57, 0xF4, 0x94, 0x9D, 0x74, 0x9C, 0xA8, 0xF7, 0xAB, 0x71, 0x0F, 0xF7, 0xEB, 0x20, 0xC9, 0x64,
    0x81, 0x94, 0xE5, 0x63, 0x89, 0x0D, 0x33, 0x3A, 0x0C, 0x2E, 0x69, 0xD4, 0xDA, 0xB3, 0x2F, 0x36,
    0xCC, 0x71, 0xCF, 0xFE, 0xD1, 0xB9, 0x9C, 0x25, 0x37, 0x3F, 0xAB, 0x04, 0x56, 0x4B, 0xDB, 0xA8,
    0x12, 0xA7, 0xB1, 0x5F, 0x86, 0xE0, 0x0E, 0x40, 0xE0, 0xA8, 0x79, 0x60, 0xCA, 0xD8, 0xE2, 0x3A,
    0x17, 0xAD, 0x00, 0x1B, 0x84, 0xB4, 0x86, 0xCD, 0xAA, 0xFE, 0xAC, 0xF1, 0xD8, 0x8C, 0x95, 0xC9,
    0x26, 0x54, 0x47, 0x2E, 0x66, 0xAC, 0xC9, 0xBD, 0x7D, 0x6F, 0xF9, 0x13, 0xEB, 0xEB, 0x6B, 0xA8,
    0x31, 0xFA, 0xAF, 0x5F, 0x79, 0xB7, 0xC8, 0xDD, 0x68, 0x07, 0xE8, 0x62, 0x67, 0xCB, 0x47, 0x9C,
    0xAB, 0xEB, 0x94, 0xE0, 0xC3, 0x8F, 0xDE, 0x16, 0xEE, 0x4C, 0x32, 0xFB, 0xF1, 0xB8, 0xC2, 0x79,
    0xE6, 0xC8, 0xB3, 0xFD, 0xA9, 0xC4, 0xBC, 0xA2, 0x10, 0x27, 0x97, 0x13, 0x65, 0xD6, 0x28, 0xD3,
    0xE9, 0x62, 0x0A, 0xBE, 0x5F, 0x1D, 0xC9, 0xB9, 0x46, 0xEC, 0x3A, 0xB1, 0x5B, 0xAA, 0xB2, 0x74,
    0x35, 0xA8, 0x04, 0x6B, 0xD9, 0x6C, 0xA9, 0x8F, 0x17, 0x5A, 0x36, 0x13, 0xC5, 0xBA, 0x44, 0xBA,
    0xEE, 0x44, 0xAB, 0xB3, 0x93, 0x63, 0x59, 0x0D, 0x41, 0x99, 0x5D, 0x49, 0xA5, 0x1D, 0xEF, 0x8B,
    0xE9, 0xFF, 0xC5, 0xC6, 0xDC, 0xA5, 0x35, 0x71, 0x99, 0xC7, 0x1F, 0x41, 0x9D, 0x0F, 0x51, 0x59,
    0xAF, 0x8C, 0xCF, 0xBD, 0x1B, 0x3D, 0x90, 0x7A, 0x95, 0xB2, 0xAC, 0xFE, 0x0E, 0x0C, 0x8E, 0x1D,
    0xC5, 0x13, 0xEE, 0x54, 0x97, 0x55, 0x9E, 0x38, 0x2B, 0x60, 0x6E, 0x60, 0x94, 0xD9, 0x42, 0x0A,
    0x00, 0x81, 0x15, 0x42, 0x06, 0xAB, 0x80, 0x0B, 0x05, 0x34, 0x9D, 0x0D, 0xEA, 0xB9, 0x4D, 0x56,
    0xF3, 0xEA, 0xD4, 0x5D, 0x87, 0x26, 0x4F, 0x75, 0x9A, 0xDC, 0x88, 0x2E, 0xC9, 0xEB, 0x79, 0x60,
    0x83, 0x07, 0xE0, 0x3E, 0x7B, 0xFA, 0x3C, 0xB9, 0x9F, 0xFA, 0x78, 0x2F, 0xC3, 0xCC, 0x10, 0x3C,
    0xCE, 0xC3, 0xDC, 0xE6, 0x1F, 0x9F, 0x3A, 0xCF, 0xB3, 0xE3, 0x5E, 0xE2, 0x46, 0x16, 0x70, 0xB7,
    0x9D, 0x78, 0xA0, 0x7D, 0x1A, 0x54, 0x43, 0xBD, 0x76, 0xB1, 0x84, 0x75, 0x43, 0x14, 0xB1, 0xA1,
    0x05, 0x3C, 0xE1, 0x5E, 0x4C, 0x1B, 0x83, 0x56, 0xE2, 0x65, 0xD3, 0x8D, 0xB0, 0x07, 0x00, 0xD6,
    0xC3, 0x96, 0xE5, 0x01, 0x80, 0xF5, 0xC0, 0x32, 0x68, 0x3C, 0xB1, 0xE3, 0xF3, 0x18, 0x26, 0x80,
    0xF5, 0xEC, 0x11, 0x6E, 0xCA, 0x0A, 0xA2, 0x78, 0xB8, 0x80, 0xBF, 0x21, 0x03, 0x1F, 0xCF, 0x66,
    0xB0, 0x29, 0x9F, 0xD2, 0x73, 0x04, 0x88, 0x61, 0xBE, 0xC1, 0x04, 0x7E, 0x9D, 0xF7, 0xD3, 0x78,
    0xD7, 0xA6, 0x3A, 0x5B, 0x78, 0xFC, 0xF0, 0xA5, 0x32, 0xB6, 0xAA, 0x13, 0xD2, 0xD3, 0x4F, 0x8A,
    0x9C, 0xE1, 0xF7, 0x4C, 0x75, 0x9B, 0xCF, 0xDC, 0x9A, 0x81, 0xB9, 0xC9, 0x93, 0x84, 0xE2, 0x97,
    0x18, 0x7C, 0x06, 0x8D, 0x78, 0x04, 0xC5, 0x8D, 0xAD, 0xA3, 0xDB, 0x2F, 0xEB, 0xA5, 0x44, 0x9C,
    0x1B, 0xA9, 0x78, 0xCF, 0x27, 0x7A, 0x42, 0x7B, 0x61, 0xE5, 0x23, 0xEF, 0xD9, 0xCC, 0xD8, 0x8E,
    0xEE, 0x63, 0x7B, 0xE9, 0xC3, 0x6E, 0x77, 0xEC, 0x9F, 0x5F, 0x76, 0xD6, 0xCE, 0x8C, 0x7A, 0xB3,
    0xC4, 0xDE, 0xFF, 0xAE, 0x5B, 0xA3, 0x93, 0x4E, 0xE9, 0xE8, 0xF7, 0xCA, 0x91, 0x46, 0xCD, 0xD2,
    0xE9, 0x6E, 0x29, 0xA5, 0x65, 0x09, 0xDF, 0x1B, 0x18, 0x99, 0x0D, 0x4C, 0x9F, 0xA2, 0x60, 0xBA,
    0x0A, 0x71, 0xED, 0x9C, 0xDD, 0xE2, 0xD8, 0xC9, 0x0D, 0xDE, 0xE1, 0x74, 0x73, 0x5E, 0x6D, 0x8C,
    0x97, 0x72, 0x8B, 0x07, 0x7A, 0x41, 0xEE, 0x30, 0x55, 0xB6, 0x0B, 0x1E, 0x0C, 0x24, 0x79, 0xB1,
    0x08, 0xF1, 0xDE, 0x48, 0x0B, 0x64, 0x0D, 0xFB, 0x46, 0xD2, 0x01, 0xAA, 0xB2, 0x6F, 0x46, 0x1D,
    0x22, 0xCF, 0x3F, 0xC8, 0x45, 0xA6, 0xB7, 0x7F, 0xE8, 0xB5, 0x2C, 0x0B, 0x10, 0x31, 0xD6, 0xDB,
    0xA4, 0x64, 0xDB, 0xCA, 0xEF, 0xED, 0xDF, 0xD7, 0xFD, 0x04, 0xD5, 0xC7, 0xAF, 0x79, 0x95, 0xF3,
    0x6D, 0x86, 0xB2, 0x78, 0x67, 0x3A, 0xAE, 0x44, 0x81, 0x51, 0xF4, 0x12, 0x54, 0x6A, 0x56, 0xEA,
    0x57, 0x43, 0x61, 0x66, 0x7E, 0x04, 0x2E, 0x1B, 0x51, 0x2E, 0x79, 0xEB, 0x7B, 0xA9, 0xE4, 0xEF,
    0xBF, 0x9C, 0xC8, 0xBF, 0xFE, 0x74, 0x33, 0x92, 0xF7, 0x6E, 0xFC, 0x1E, 0xF2, 0xB3, 0x99, 0x71,
    0x95, 0x37, 0xD3, 0xDA, 0x56, 0xB2, 0x47, 0x37, 0xBD, 0xBA, 0x87, 0xEC, 0xBC, 0x91, 0xB1, 0x19,
    0x9D, 0xD6, 0x0A, 0x31, 0xD6, 0xA5, 0xB5, 0xEB, 0x94, 0x91, 0x97, 0xF2, 0xBC, 0x30, 0xD1, 0x6C,
    0xC2, 0x0B, 0x65, 0xB9, 0x5E, 0x9E, 0x61, 0x82, 0xEC, 0xB3, 0xCB, 0xD0, 0x1D, 0xDF, 0xA0, 0xD1,
    0xEE, 0x81, 0xB6, 0x40, 0x56, 0xF7, 0xDE, 0x94, 0x61, 0x12, 0x35, 0x87, 0x4C, 0xF5, 0x93, 0xFE,
    0x1F, 0x85, 0xE4, 0x5B, 0xBF, 0x05, 0xFA, 0x06, 0x44, 0x9E, 0x16, 0xF0, 0x92, 0x34, 0x01, 0xD4,
    0x57, 0xB5, 0x8F, 0xEA, 0x24, 0x8B, 0x30, 0xA3, 0x00, 0xA4, 0x03, 0xD8, 0xD4, 0x05, 0xA0, 0xAD,
    0x5C, 0x8C, 0xB7, 0x53, 0x31, 0xFE, 0x86, 0x77, 0x6F, 0x83, 0x91, 0x7F, 0x08, 0x6F, 0x02, 0x54,
    0xE5, 0x41, 0xA2, 0xC7, 0x9D, 0x9F, 0xE9, 0x56, 0x60, 0x68, 0x49, 0x0F, 0x7E, 0x9E, 0xC9, 0x98,
    0x62, 0x78, 0xF3, 0xF5, 0xB9, 0x74, 0x4F, 0x36, 0x38, 0x44, 0xF1, 0xD6, 0xAA, 0xB3, 0x13, 0x1F,
    0x04, 0x87, 0x93, 0x0A, 0x10, 0x85, 0x2D, 0x8A, 0x8D, 0x81, 0x79, 0x77, 0x7B, 0x60, 0x25, 0x26,
    0x6C, 0xC8, 0x4E, 0x8D, 0xAA, 0xD9, 0x53, 0xDD, 0xB4, 0xA4, 0x08, 0xDA, 0xE2, 0x89, 0xAA, 0x03,
    0xCE, 0xBE, 0x9A, 0xC7, 0x0E, 0x12, 0x32, 0xCA, 0x0C, 0x14, 0x9B, 0x65, 0x99, 0x36, 0xCA, 0xA9,
    0x06, 0xEA, 0x03, 0x70, 0xBB, 0x7D, 0xEB, 0xD3, 0x6E, 0xB9, 0xB9, 0xF8, 0x42, 0xFF, 0x0C, 0xC4,
    0xB1, 0x15, 0xDC, 0x69, 0x9D, 0x6C, 0xB1, 0x24, 0x9C, 0x6F, 0xAC, 0xAD, 0x00, 0x67, 0xE4, 0xBD,
    0x7C, 0x7C, 0x4B, 0x9B, 0x94, 0xAF, 0xD5, 0xED, 0xA9, 0xD9, 0x73, 0x09, 0xC8, 0x83, 0xE7, 0xEE,
    0xE4, 0x72, 0xD9, 0x7E, 0xF8, 0xD3, 0x5B, 0x60, 0x6D, 0x71, 0x9F, 0xC5, 0xCC, 0xB7, 0x62, 0x28,
    0x78, 0xD4, 0xD5, 0x9A, 0xBD, 0x26, 0x1F, 0x04, 0x87, 0xF7, 0xC9, 0x29, 0x6D, 0x84, 0xE6, 0xF5,
    0x81, 0x9A, 0xE1, 0xD6, 0xA8, 0x3C, 0x1D, 0xDF, 0x1C, 0x9D, 0xBA, 0x9D, 0xB2, 0x78, 0xBF, 0xED,
    0x54, 0x62, 0x8D, 0x1B, 0x83, 0x53, 0xDD, 0xC1, 0xBD, 0xF5, 0xF2, 0xB8, 0x3B, 0xB8, 0xE8, 0xD5,
    0x37, 0x8F, 0x16, 0x38, 0xE3, 0xBF, 0xCD, 0x5A, 0x3D, 0x8C, 0x1C, 0xE5, 0x19, 0x7E, 0x67, 0xC6,
    0xBE, 0xC1, 0x19, 0xEC, 0xB9, 0x02, 0x17, 0xF8, 0xC0, 0x43, 0x41, 0x81, 0xD0, 0x79, 0x87, 0xC2,
    0x85, 0x23, 0xCD, 0xDE, 0x7E, 0x16, 0x4A, 0x28, 0x52, 0xC4, 0x05, 0x97, 0x22, 0x45, 0xA0, 0x48,
    0x43, 0x90, 0x72, 0x2E, 0x5C, 0x1C, 0xD2, 0xDA, 0x3B, 0xC1, 0x52, 0x28, 0x52, 0x70, 0x45, 0x48,
    0x6B, 0x17, 0x34, 0x36, 0x12, 0x76, 0xA4, 0x53, 0x74, 0x41, 0x67, 0xEF, 0x80, 0x0B, 0x17, 0x6E,
    0x26, 0x48, 0x49, 0x0A, 0x14, 0x31, 0x24, 0x46, 0x48, 0xB8, 0x60, 0x08, 0x03, 0xEC, 0x99, 0xBD,
    0x9B, 0x3C, 0xCF, 0xFB, 0xCD, 0xEE, 0xED, 0xDA, 0x38, 0x01, 0x6C, 0x1F, 0x59, 0xFB, 0x66, 0xFF,
    0x66, 0xBF, 0xEF, 0x79, 0xFF, 0x9F, 0xF7, 0x9D, 0x11, 0x99, 0x7A, 0xCC, 0x3B, 0x85, 0x7D, 0xB1,
    0x10, 0x64, 0xF6, 0x45, 0xF8, 0xEB, 0xE6, 0x2B, 0x7F, 0xD0, 0xBC, 0x70, 0x8B, 0x89, 0x1F, 0xEC,
    0x3E, 0x67, 0xC4, 0x59, 0x5C, 0x3C, 0x26, 0x75, 0x3D, 0x10, 0xAF, 0xAE, 0x2B, 0xE7, 0xCC, 0x8F,
    0x6A, 0xE3, 0x7F, 0xFC, 0x46, 0x29, 0x91, 0x44, 0x59, 0x60, 0xFC, 0x5C, 0x62, 0xF1, 0x8B, 0x50,
    0x22, 0x23, 0x2D, 0xF1, 0xCA, 0xDD, 0xB2, 0x20, 0xD2, 0x16, 0xB7, 0x14, 0x19, 0x8A, 0x24, 0xE2,
    0x94, 0xF8, 0x50, 0xA4, 0xCB, 0x4F, 0xB8, 0xE7, 0x3A, 0x5F, 0xE0, 0x5C, 0xC1, 0x72, 0x85, 0x9C,
    0xC4, 0x16, 0x95, 0x78, 0xB9, 0x70, 0x73, 0x9E, 0x80, 0xCF, 0x8C, 0xC3, 0x13, 0xC2, 0xCC, 0xC9,
    0x70, 0xE6, 0x02, 0x56, 0xF7, 0xF0, 0xA9, 0x3B, 0xC0, 0xB9, 0x7E, 0x36, 0x77, 0xB3, 0x9F, 0x03,
    0x4A, 0x6D, 0x7A, 0xF5, 0x86, 0xF0, 0x85, 0xDC, 0xE1, 0x91, 0x27, 0xF6, 0xB9, 0xAC, 0x54, 0x04,
    0xF9, 0x53, 0xAE, 0x12, 0x48, 0x27, 0x55, 0x01, 0x00, 0x55, 0xF1, 0xF3, 0x14, 0xC2, 0xE7, 0x33,
    0xD1, 0x07, 0xC5, 0xBC, 0x82, 0x8F, 0xB7, 0xBA, 0x8A, 0xBD, 0xBD, 0x54, 0x29, 0xF4, 0x23, 0x80,
    0xA8, 0xC8, 0x83, 0xD4, 0x02, 0x6F, 0x35, 0xB8, 0xD7, 0x2C, 0x6C, 0xE8, 0x4C, 0x51, 0xFB, 0x99,
    0x28, 0xE8, 0x48, 0x66, 0x15, 0xF3, 0x29, 0x73, 0xA2, 0x81, 0x5C, 0x29, 0xE2, 0x0F, 0xFA, 0xC5,
    0x6D, 0x50, 0x1D, 0xE3, 0x63, 0x0D, 0xE9, 0x65, 0xFE, 0x69, 0xE0, 0x79, 0x31, 0xF3, 0xDE, 0x07,
    0x5E, 0x3F, 0x73, 0x36, 0xF1, 0x1D, 0xB6, 0x5B, 0xA3, 0x91, 0x8C, 0xB5, 0x95, 0x1E, 0xE3, 0x33,
    0x12, 0xA7, 0x85, 0x53, 0x6F, 0x49, 0x7F, 0xA3, 0xF4, 0xF3, 0x4B, 0xF2, 0x79, 0x3F, 0x0B, 0x81,
    0x36, 0x0F, 0x4D, 0x0B, 0x4F, 0xC0, 0x9F, 0xC8, 0x32, 0xE1, 0x2D, 0xE3, 0xB7, 0x00, 0xB6, 0xEA,
    0x54, 0x5C, 0xA7, 0x82, 0x19, 0x88, 0x3A, 0x28, 0xCD, 0xBA, 0x98, 0xE1, 0xFC, 0x67, 0x6F, 0x6F,
    0x38, 0x79, 0xBF, 0xAA, 0xFD, 0xBA, 0xCE, 0x3A, 0xD9, 0xD0, 0xFB, 0x6D, 0x9D, 0x8E, 0x10, 0x2D,
    0x3E, 0x0B, 0x9B, 0x1B, 0x81, 0xBE, 0xFC, 0x3A, 0x97, 0x28, 0x15, 0xE7, 0x12, 0xD5, 0x45, 0xE3,
    0x41, 0x5B, 0x34, 0x1D, 0x57, 0xC2, 0x0E, 0xD8, 0x8B, 0xF2, 0xF3, 0xC9, 0x51, 0x23, 0xAB, 0xDD,
    0x71, 0x16, 0x34, 0xC4, 0xB3, 0xA0, 0x20, 0x9E, 0x05, 0xAD, 0xF0, 0x2C, 0x3C, 0xE1, 0xAC, 0xC3,
    0x81, 0xEA, 0xE8, 0x62, 0x98, 0xE2, 0x2C, 0xA7, 0x84, 0x68, 0x73, 0x75, 0x9D, 0x63, 0xF5, 0x1E,
    0x80, 0xC4, 0x16, 0x40, 0x5B, 0x8F, 0xC0, 0x49, 0xF5, 0x7C, 0x51, 0xE9, 0x13, 0x90, 0xF0, 0xF1,
    0xC2, 0xB4, 0xF2, 0xD6, 0x15, 0xEC, 0x90, 0x58, 0x21, 0x66, 0xA4, 0x22, 0x44, 0x56, 0x4D, 0x62,
    0x8D, 0x2A, 0x71, 0xC6, 0xF5, 0x7A, 0x39, 0x8F, 0x5E, 0x46, 0x90, 0x00, 0x82, 0xA5, 0x7D, 0x9A,
    0x52, 0x35, 0xA3, 0x0A, 0x2E, 0xA9, 0x5F, 0xE2, 0x8B, 0x14, 0x5E, 0x4B, 0xD1, 0xB5, 0x15, 0x5C,
    0xA2, 0xD8, 0xBA, 0xBA, 0x60, 0x65, 0xDD, 0x6A, 0x1C, 0x28, 0xDE, 0x7B, 0x74, 0x22, 0x4F, 0x1D,
    0xD1, 0xA5, 0x17, 0x1F, 0x03, 0x80, 0xD2, 0xA9, 0x0E, 0x94, 0x5E, 0xE5, 0x94, 0x5E, 0xC9, 0x93,
    0xA8, 0x06, 0xEC, 0x8C, 0x7D, 0x97, 0xD2, 0x20, 0xAD, 0x11, 0x35, 0x41, 0x1A, 0x1A, 0xFC, 0xC3,
    0x8E, 0x11, 0xFE, 0x5A, 0x38, 0xB6, 0x85, 0xC6, 0x6B, 0x4B, 0x77, 0x36, 0x91, 0x3F, 0x17, 0x5D,
    0xA9, 0xB3, 0x35, 0xB9, 0xCC, 0xDD, 0xA8, 0x58, 0x5D, 0x24, 0x13, 0xFF, 0x8C, 0x91, 0x60, 0x0B,
    0x6F, 0xAF, 0xD3, 0x48, 0xB4, 0x11, 0x03, 0xD3, 0xF8, 0xF5, 0xE9, 0xBA, 0xA4, 0x33, 0xAF, 0x49,
    0xCF, 0x48, 0x94, 0xCB, 0x2A, 0x63, 0x30, 0x2A, 0x80, 0x12, 0x22, 0xB7, 0x4A, 0x3C, 0x03, 0x7B,
    0x32, 0xC0, 0x4A, 0x10, 0x3B, 0xE9, 0x22, 0x07, 0xC0, 0xA9, 0x96, 0xDB, 0x6E, 0xCE, 0xF5, 0xD7,
    0x62, 0xAC, 0x8C, 0xE7, 0xD5, 0xF0, 0xE9, 0x8C, 0x7B, 0x95, 0xC1, 0xD5, 0x94, 0x56, 0x2C, 0xBD,
    0xBF, 0xA7, 0x30, 0xA3, 0x53, 0x78, 0x37, 0x0C, 0x04, 0x70, 0x73, 0xA7, 0x26, 0x06, 0xBC, 0xAC,
    0xA9, 0xC0, 0xE0, 0xBA, 0x9C, 0xA2, 0xF2, 0x3A, 0x43, 0x6C, 0xD2, 0xF8, 0x67, 0xA3, 0x79, 0xE1,
    0xF6, 0x7C, 0xBC, 0x35, 0xB4, 0xCF, 0x75, 0x69, 0x9F, 0x9F, 0x34, 0xB7, 0xB8, 0x7E, 0x6C, 0xA5,
    0xE8, 0xA8, 0x10, 0x69, 0xDB, 0xCA, 0x20, 0x56, 0x84, 0x46, 0x02, 0x2B, 0x40, 0x50, 0x2A, 0xFE,
    0xA8, 0xB2, 0xF0, 0x4B, 0x8B, 0xBE, 0x54, 0xF0, 0x00, 0x4D, 0xEC, 0xD0, 0x11, 0xA1, 0x03, 0x9F,
    0x22, 0xCF, 0x14, 0xB8, 0x9F, 0x29, 0xEE, 0x20, 0x55, 0xD8, 0xA1, 0x51, 0xD4, 0xA1, 0x05, 0x1D,
    0x4D, 0xFA, 0x9A, 0x34, 0xF9, 0x62, 0x4D, 0x8F, 0x5F, 0x58, 0xC0, 0xB5, 0xCD, 0x91, 0xA7, 0xA6,
    0xA2, 0x55, 0xBF, 0xF2, 0xEC, 0xF1, 0xF6, 0x60, 0x96, 0xA5, 0xF4, 0xB2, 0x2C, 0x99, 0xFE, 0x95,
    0x9A, 0x32, 0xBD, 0xFA, 0x53, 0x58, 0x39, 0x58, 0xA7, 0x9D, 0xC3, 0x92, 0x96, 0x0E, 0x73, 0xDA,
    0x3A, 0x4C, 0xDB, 0x6A, 0xF3, 0x44, 0xAD, 0xDE, 0xD5, 0xE7, 0x35, 0xC3, 0xE7, 0xCF, 0xF3, 0x35,
    0xBC, 0xAF, 0xD3, 0x0A, 0x40, 0xB6, 0x26, 0xBC, 0x4C, 0x5D, 0xC8, 0x06, 0x92, 0x04, 0x4B, 0x9A,
    0x0B, 0x36, 0xF5, 0x83, 0x62, 0x3A, 0xB5, 0xB7, 0x98, 0x62, 0xC3, 0x37, 0x47, 0xE9, 0x7C, 0x22,
    0x95, 0x3F, 0x2F, 0x36, 0x38, 0xC5, 0xA3, 0x07, 0x87, 0xFC, 0xF6, 0x51, 0x0A, 0x9B, 0xD0, 0xAD,
    0x4F, 0x50, 0x7A, 0x38, 0x3B, 0xAC, 0xAC, 0x41, 0x82, 0xA8, 0x09, 0x5F, 0xC3, 0x36, 0x11, 0x13,
    0x6C, 0x7B, 0x71, 0xC9, 0x00, 0x8E, 0x86, 0x48, 0x98, 0x62, 0xC9, 0x30, 0x83, 0x1A, 0xA3, 0xEB,
    0x50, 0x62, 0x6D, 0x0D, 0x7C, 0x24, 0x30, 0x92, 0x1C, 0xC2, 0xEE, 0x58, 0x30, 0x2C, 0x1A, 0x98,
    0x23, 0x7D, 0xBC, 0x62, 0x5C, 0xAC, 0xE2, 0xE7, 0x97, 0x21, 0x7E, 0x1B, 0x9E, 0x91, 0xE0, 0x5F,
    0x57, 0x73, 0x13, 0x13, 0x13, 0xB3, 0x12, 0x53, 0x12, 0xF2, 0x51, 0x86, 0x64, 0x24, 0xC8, 0x44,
    0xDB, 0xBF, 0x3D, 0x8E, 0x10, 0x5D, 0x87, 0x99, 0x16, 0xD6, 0x19, 0x53, 0xDB, 0xEB, 0x22, 0xE4,
    0x19, 0xF0, 0x1A, 0xEE, 0x51, 0x13, 0xEA, 0xAD, 0xC6, 0x94, 0xFC, 0xEB, 0xDA, 0x54, 0xA5, 0x45,
    0xA5, 0xB2, 0xD1, 0xAA, 0x51, 0x54, 0x5A, 0x93, 0xCD, 0xE1, 0xF3, 0x9E, 0xAA, 0x4F, 0xF6, 0xB9,
    0x79, 0x88, 0x68, 0x7C, 0x53, 0xBC, 0x41, 0x63, 0x59, 0xD1, 0x84, 0xD1, 0xCB, 0x34, 0xDE, 0x32,
    0x7A, 0x38, 0x04, 0x8F, 0x74, 0x0F, 0x2C, 0x9D, 0xCC, 0x4A, 0xB7, 0x94, 0x7E, 0x36, 0xE5, 0x13,
    0x3E, 0xD3, 0x6D, 0xF0, 0x36, 0x57, 0xBF, 0x91, 0x31, 0x53, 0x49, 0x83, 0x41, 0xC6, 0x19, 0x2B,
    0xAA, 0xB1, 0xEF, 0xD6, 0xCF, 0x86, 0x74, 0x1C, 0x38, 0x60, 0x26, 0x1D, 0xAE, 0x19, 0x99, 0x05,
    0xA6, 0x9E, 0x2E, 0x0F, 0xEB, 0x3C, 0x50, 0x26, 0xA2, 0x8E, 0x79, 0x58, 0xE0, 0xA1, 0xCB, 0x2A,
    0xCA, 0xDA, 0x07, 0xF0, 0x1D, 0x83, 0xF8, 0x08, 0x6F, 0x62, 0x79, 0xB7, 0xBE, 0x3E, 0xE9, 0x73,
    0xAA, 0xFF, 0xD6, 0x1D, 0xF4, 0x5F, 0xE0, 0xEC, 0x01, 0xB6, 0xEC, 0x62, 0xD5, 0xB6, 0x5A, 0xA0,
    0x4B, 0x77, 0xC3, 0x1F, 0x82, 0x49, 0xE8, 0x68, 0x03, 0x28, 0x68, 0x1D, 0x8A, 0xE9, 0x5D, 0x48,
    0x25, 0xDA, 0x9C, 0x5C, 0x38, 0x50, 0xC9, 0x5E, 0x56, 0xC9, 0xA0, 0x6B, 0x67, 0x6B, 0x3B, 0x44,
    0x44, 0xF6, 0x3F, 0x2B, 0x8B, 0xC7, 0x7A, 0x43, 0xA7, 0x2E, 0xE6, 0x72, 0x9B, 0x0B, 0x90, 0x08,
    0x52, 0xAC, 0x09, 0x85, 0x25, 0x14, 0x6F, 0x99, 0x4A, 0x5B, 0xA5, 0x65, 0x34, 0x11, 0x35, 0x87,
    0x2E, 0x52, 0x0A, 0x6B, 0x2A, 0x0B, 0xAA, 0xA6, 0x63, 0xFC, 0xA6, 0x83, 0x7F, 0x12, 0xD3, 0x9B,
    0xFC, 0x26, 0xCD, 0x8F, 0x25, 0x4B, 0x55, 0xB2, 0x83, 0xC0, 0x11, 0x96, 0x53, 0x92, 0xC5, 0x99,
    0x9F, 0xA2, 0xF0, 0x19, 0x0F, 0xC5, 0xCF, 0xCF, 0x22, 0xEC, 0x7F, 0x10, 0x3B, 0x03, 0x02, 0x36,
    0x6F, 0x61, 0xED, 0xB6, 0x33, 0x90, 0xB6, 0x07, 0x39, 0xC3, 0x97, 0xF2, 0xCE, 0xB0, 0x97, 0x45,
    0x45, 0x93, 0x95, 0x3C, 0xA6, 0x23, 0x6F, 0x94, 0x93, 0xC4, 0x11, 0x64, 0xA5, 0xF0, 0x0A, 0xD3,
    0xFF, 0x69, 0xE8, 0x6E, 0xB7, 0x63, 0x76, 0x46, 0xBC, 0xDD, 0x8B, 0x60, 0x23, 0xA8, 0xB9, 0x07,
    0xCE, 0xDB, 0xF7, 0x0F, 0xED, 0x06, 0x63, 0xC2, 0x79, 0x03, 0xC0, 0x9C, 0xDD, 0x75, 0xF7, 0x62,
    0x8A, 0x3C, 0x4E, 0xE9, 0x18, 0x03, 0x01, 0xD3, 0xC0, 0xC3, 0xF8, 0x9B, 0x39, 0xBA, 0xD2, 0x88,
    0x19, 0x3E, 0x9D, 0xEF, 0x90, 0x15, 0x5D, 0xA6, 0x1B, 0x38, 0x0F, 0xBE, 0xA3, 0x2F, 0x3B, 0xF8,
    0xE6, 0xF1, 0x3D, 0xDB, 0xA2, 0x1E, 0x7B, 0xE8, 0xEE, 0x45, 0x75, 0xB2, 0x8B, 0x38, 0xFC, 0x8B,
    0x7B, 0xF6, 0x4D, 0x93, 0x03, 0xBE, 0x07, 0x51, 0x9F, 0xF0, 0xB0, 0x22, 0xA8, 0x6D, 0x48, 0x72,
    0xC1, 0x9C, 0x63, 0xEE, 0xBD, 0xA8, 0x2E, 0xE5, 0xF3, 0xF3, 0x11, 0xD9, 0x90, 0xF9, 0xEF, 0xC9,
    0xAA, 0x78, 0x1C, 0x6E, 0xB2, 0x1C, 0x0D, 0xCB, 0xB2, 0xE3, 0x64, 0xF7, 0x5E, 0x5C, 0x21, 0x71,
    0x43, 0xAC, 0x06, 0x66, 0xB0, 0x8B, 0x9B, 0x75, 0x25, 0x18, 0xCA, 0xE5, 0xF5, 0x20, 0x5F, 0x8B,
    0xA5, 0x4C, 0xDC, 0x22, 0x09, 0xB2, 0x85, 0x9E, 0x44, 0x4D, 0xEB, 0x12, 0xB2, 0x60, 0x87, 0xF5,
    0x28, 0x47, 0xEC, 0x72, 0x88, 0x0E, 0xC9, 0x56, 0x16, 0xE8, 0x80, 0x0C, 0xB0, 0xFB, 0x5C, 0x0C,
    0xF7, 0x6B, 0x4C, 0x9B, 0x71, 0x4C, 0xDF, 0x41, 0x1D, 0xDF, 0xBD, 0x28, 0xAA, 0x70, 0xD1, 0x58,
    0x42, 0x39, 0x4B, 0x41, 0xAA, 0x11, 0x21, 0x71, 0xD2, 0xFB, 0x2E, 0xE1, 0x81, 0xF3, 0x46, 0xB3,
    0x16, 0x25, 0x95, 0x66, 0x4B, 0xBA, 0x23, 0x1D, 0xC0, 0x95, 0x7B, 0x53, 0xF6, 0xAD, 0xA3, 0x5B,
    0x6E, 0xE1, 0xD4, 0x83, 0xDB, 0x39, 0xD6, 0xE2, 0xE2, 0xA2, 0x9E, 0x61, 0xDB, 0xBF, 0xCE, 0xC7,
    0x17, 0x94, 0xAC, 0xA5, 0xFB, 0xF8, 0xE1, 0xFB, 0x66, 0x2F, 0x23, 0xE4, 0x55, 0xAB, 0x2E, 0xCB,
    0xF1, 0x12, 0xDB, 0x0B, 0xAC, 0x76, 0xDE, 0xA0, 0x9B, 0x16, 0xC4, 0x2F, 0xDE, 0x5F, 0xBB, 0x56,
    0xA1, 0xBA, 0x4D, 0x7B, 0x71, 0x60, 0x4B, 0xDB, 0x40, 0x9E, 0x62, 0x0C, 0x54, 0x10, 0x9E, 0xCC,
    0x12, 0x2F, 0xA3, 0x02, 0x1D, 0x52, 0x2E, 0xFD, 0xB2, 0x53, 0x53, 0xEF, 0xEE, 0xF9, 0xB3, 0xAC,
    0x1E, 0xD5, 0x6D, 0xA0, 0xE2, 0xBC, 0x9F, 0x3A, 0x75, 0x7D, 0x23, 0xF7, 0xF3, 0xD8, 0x2D, 0x42,
    0x93, 0x78, 0xE0, 0x7A, 0xCB, 0x41, 0x86, 0x1A, 0xDB, 0x91, 0x65, 0xE7, 0xCB, 0x81, 0xAC, 0x7A,
    0x70, 0x0D, 0x48, 0x0D, 0x52, 0x82, 0x5A, 0x66, 0x06, 0x49, 0x15, 0xA4, 0xFD, 0x12, 0x7D, 0x5C,
    0x27, 0xED, 0x8C, 0xD6, 0x73, 0x5E, 0x30, 0x4D, 0xB4, 0x6D, 0xFD, 0x5C, 0xD9, 0x42, 0x42, 0xB6,
    0x70, 0x84, 0x21, 0xFB, 0x94, 0xA5, 0xD5, 0x5D, 0x69, 0xD8, 0x8D, 0xD2, 0x1B, 0x1C, 0x3A, 0x9B,
    0x38, 0xCC, 0x0C, 0x90, 0x5C, 0xA1, 0xD8, 0x75, 0x58, 0x47, 0x7A, 0xCA, 0x16, 0xD8, 0x4B, 0x87,
    0x84, 0xCE, 0x56, 0x71, 0x1A, 0xEA, 0x4D, 0x7C, 0x78, 0xB3, 0x26, 0xC1, 0x59, 0x1E, 0x11, 0x10,
    0x56, 0xFA, 0x50, 0x9B, 0x20, 0xE6, 0x10, 0x1F, 0x48, 0xB9, 0x9C, 0x76, 0x49, 0xD6, 0xBA, 0x12,
    0x70, 0xBF, 0x4B, 0xFD, 0x14, 0xBF, 0x82, 0x0C, 0x4B, 0x1F, 0xBF, 0xB1, 0x25, 0xCF, 0xBD, 0xB6,
    0xB8, 0x61, 0x9D, 0xC4, 0xDB, 0xA2, 0x52, 0x97, 0xC6, 0xB4, 0xC4, 0x33, 0x09, 0x3D, 0x0B, 0x2B,
    0xB8, 0x5F, 0x32, 0x6B, 0xD4, 0x66, 0x9B, 0x6A, 0xE3, 0xF1, 0x2B, 0xBC, 0x0D, 0x08, 0xAB, 0xF7,
    0x87, 0x2D, 0xD6, 0xA8, 0x16, 0x9D, 0xE8, 0x10, 0xD3, 0xCD, 0x13, 0x96, 0x97, 0xB7, 0xC6, 0xD4,
    0xBC, 0x6D, 0x85, 0x8E, 0x6A, 0x1C, 0x76, 0x93, 0xB7, 0xC3, 0x4A, 0x0B, 0x94, 0x3B, 0x86, 0x32,
    0x41, 0x77, 0x40, 0xDB, 0x60, 0x20, 0x00, 0xEF, 0x6F, 0x4D, 0xB7, 0x17, 0x87, 0xD9, 0x2E, 0x27,
    0xCA, 0x09, 0xD9, 0x4D, 0x90, 0x18, 0x31, 0x11, 0x4E, 0x3E, 0xFA, 0x5F, 0x19, 0xF1, 0x6F, 0xC0,
    0x8B, 0x22, 0x92, 0xE7, 0x36, 0x19, 0x60, 0xC2, 0x57, 0x09, 0xBB, 0xB5, 0x36, 0xBB, 0x1A, 0xE5,
    0x43, 0x9A, 0x6F, 0x0F, 0x8E, 0x9B, 0xCA, 0x18, 0x52, 0xBA, 0xA4, 0x61, 0x91, 0xD1, 0xDE, 0xD2,
    0x67, 0x6B, 0x09, 0x82, 0x0E, 0x7E, 0x06, 0xB6, 0x48, 0xA9, 0x9C, 0xFE, 0xCA, 0x78, 0x8F, 0x8B,
    0xD4, 0x20, 0x59, 0xAC, 0xD2, 0x58, 0xE5, 0xB1, 0x56, 0xA9, 0xEA, 0xC9, 0xC7, 0x90, 0xA9, 0xEB,
    0x0A, 0xB1, 0x15, 0xA5, 0x21, 0x5A, 0x6D, 0x4A, 0x16, 0x53, 0xEF, 0x2D, 0xEE, 0xD9, 0xE6, 0x76,
    0x6D, 0xFE, 0xAA, 0x47, 0xF0, 0x3A, 0x3B, 0xD8, 0xA0, 0x51, 0x2A, 0x7E, 0x56, 0x76, 0x48, 0x6B,
    0xB1, 0xA5, 0x5B, 0xA2, 0xC0, 0x7B, 0x05, 0x28, 0xEC, 0xDC, 0x06, 0xBA, 0x9C, 0x1E, 0x1C, 0x2A,
    0x6B, 0x4A, 0xEF, 0xF3, 0xDE, 0x6F, 0x0A, 0xEF, 0x6A, 0x4A, 0xE2, 0xA6, 0x2E, 0x23, 0xB3, 0x12,
    0x56, 0x72, 0xA0, 0x62, 0xB2, 0x87, 0xB4, 0x34, 0x5C, 0x2E, 0xDE, 0x3B, 0x03, 0xEF, 0xFD, 0x4B,
    0x7E, 0x75, 0x28, 0xC8, 0xDB, 0x61, 0xBA, 0x16, 0xFA, 0x65, 0xD4, 0x37, 0x31, 0x32, 0x32, 0x3A,
    0x12, 0xB0, 0xC5, 0x28, 0x5D, 0x0E, 0x36, 0x56, 0x9D, 0xCD, 0xFB, 0x42, 0x66, 0xD9, 0xCD, 0x6A,
    0x30, 0x45, 0xE3, 0x26, 0x6C, 0x59, 0x7B, 0x2E, 0xDA, 0xB2, 0x93, 0x4D, 0x66, 0x94, 0x02, 0x3C,
    0x16, 0x34, 0x16, 0x2C, 0x16, 0xF9, 0x04, 0x1C, 0x16, 0xE5, 0x02, 0x0C, 0x16, 0x04, 0x16, 0xFC,
    0x75, 0xDD, 0xCB, 0xC1, 0x5E, 0x23, 0xAC, 0x76, 0x42, 0x04, 0x8C, 0x37, 0x13, 0xF7, 0xC3, 0x86,
    0xAE, 0x36, 0x1C, 0x9D, 0x1E, 0xE2, 0xD7, 0xD3, 0x0D, 0xDB, 0xF7, 0x24, 0xCC, 0x93, 0xE7, 0x39,
    0xEC, 0xB8, 0xA5, 0x6D, 0xFC, 0xA6, 0x34, 0x3D, 0xB7, 0x34, 0x9D, 0xA2, 0x41, 0x54, 0xC8, 0x4A,
    0x61, 0x29, 0xED, 0x94, 0xB8, 0x88, 0xBF, 0x79, 0x0D, 0x3F, 0x8D, 0x3E, 0x06, 0x5F, 0x13, 0x7B,
    0xFB, 0xD1, 0x3B, 0xF5, 0xEB, 0x4D, 0xB9, 0x79, 0x7E, 0x28, 0x25, 0x90, 0xE7, 0x08, 0xED, 0x34,
    0xB6, 0x19, 0x45, 0xFB, 0xA3, 0x4D, 0x7A, 0x2F, 0x19, 0x71, 0x66, 0xD9, 0xB6, 0x9F, 0x3D, 0x20,
    0x4C, 0x62, 0x61, 0xDA, 0x41, 0x5E, 0x89, 0x6F, 0x0C, 0x11, 0xB7, 0xF9, 0xE4, 0x3E, 0xAB, 0xF0,
    0x9F, 0x5C, 0xDC, 0xF7, 0xF0, 0x9B, 0xAD, 0x89, 0xEE, 0x80, 0x31, 0x5F, 0x97, 0xC8, 0xD1, 0xA5,
    0x97, 0xF9, 0xB9, 0x87, 0x3E, 0xD8, 0x51, 0x0C, 0x95, 0xED, 0xC1, 0x18, 0x88, 0xE8, 0xE6, 0x65,
    0x66, 0xB3, 0x61, 0x10, 0x51, 0x33, 0xDF, 0x8A, 0xE0, 0xA2, 0x2D, 0x24, 0xBC, 0xAE, 0x9C, 0x02,
    0xC3, 0x89, 0xB1, 0x97, 0x7B, 0x6E, 0x72, 0xA8, 0x57, 0xE2, 0x47, 0x5F, 0xE4, 0x1C, 0xE4, 0x35,
    0x49, 0xA2, 0x29, 0x17, 0x30, 0x46, 0x30, 0x6C, 0xD2, 0x63, 0xB7, 0xC1, 0x31, 0xD9, 0xFB, 0x4D,
    0x8D, 0x61, 0xEC, 0xFE, 0x1A, 0xDF, 0x36, 0xC3, 0xFC, 0x10, 0xE2, 0xF7, 0x70, 0x5A, 0x6C, 0xB6,
    0x67, 0x9E, 0x46, 0x27, 0x86, 0xC8, 0xA0, 0x85, 0x8E, 0x0C, 0xC3, 0xF3, 0x17, 0x72, 0x9D, 0x19,
    0x1E, 0x64, 0x9A, 0xE2, 0xD0, 0x70, 0x9E, 0xD1, 0xCA, 0xA9, 0xE1, 0x2E, 0xBA, 0x82, 0xCE, 0x3C,
    0xA9, 0x42, 0x9D, 0x79, 0x32, 0x63, 0x76, 0x47, 0xA3, 0xCE, 0x75, 0x3B, 0x14, 0x6C, 0x66, 0x9E,
    0x83, 0x66, 0xE6, 0xA9, 0x25, 0x9B, 0x67, 0x06, 0x99, 0x63, 0xA7, 0x87, 0x31, 0xD4, 0xA9, 0x67,
    0x9E, 0x94, 0xC0, 0x70, 0x7E, 0x88, 0x4C, 0x10, 0x0A, 0x07, 0x88, 0x5E, 0x8D, 0xB4, 0xC2, 0x09,
    0x22, 0x5E, 0x6C, 0xDE, 0x32, 0x9E, 0xB5, 0xAA, 0xD6, 0x62, 0x60, 0x67, 0x9B, 0xF2, 0xF5, 0xB3,
    0xCD, 0x28, 0x3F, 0xAC, 0x20, 0x3B, 0x9B, 0x6B, 0x8A, 0xF1, 0xA5, 0xA5, 0x52, 0x21, 0x1E, 0xD7,
    0x71, 0x18, 0xA1, 0x36, 0x00, 0x93, 0x66, 0xB6, 0x59, 0x36, 0x23, 0xD9, 0xDC, 0xA2, 0x83, 0xBA,
    0x14, 0x1C, 0x29, 0x03, 0x67, 0x9B, 0x5B, 0xA6, 0x24, 0x34, 0x9A, 0x98, 0xC8, 0xDC, 0x77, 0x26,
    0xFD, 0xA2, 0xE9, 0xA2, 0x7A, 0xD6, 0xE9, 0x5F, 0xB4, 0x4F, 0x4D, 0xF7, 0xD6, 0x24, 0xE1, 0x5B,
    0x87, 0x9A, 0x97, 0xDD, 0x0C, 0x95, 0xCA, 0xAD, 0x3F, 0x82, 0xBF, 0x5C, 0xF2, 0xFE, 0x06, 0x8D,
    0x23, 0x0F, 0x1B, 0x3B, 0x17, 0xD3, 0x20, 0x58, 0xA6, 0x15, 0xC9, 0x20, 0xB0, 0x00, 0x49, 0x04,
    0xA7, 0x99, 0x9E, 0xCE, 0xB4, 0x50, 0x54, 0x8F, 0x96, 0x8E, 0x80, 0x4D, 0x5C, 0xBD, 0xEE, 0x1B,
    0x10, 0x0A, 0x58, 0xCD, 0x80, 0x53, 0xEC, 0x9B, 0x9B, 0x8C, 0x89, 0xC7, 0xA4, 0xA9, 0x69, 0xEC,
    0x24, 0xA5, 0x97, 0x36, 0x34, 0x69, 0xE7, 0x2A, 0x92, 0xB2, 0x75, 0x5B, 0xC0, 0xAB, 0xD1, 0x4C,
    0xC7, 0x93, 0x9D, 0xAC, 0x48, 0xBB, 0x64, 0x2C, 0x0A, 0xC7, 0x1C, 0x62, 0x1B, 0x95, 0x29, 0x45,
    0x2C, 0xDA, 0xD9, 0x2F, 0x07, 0x72, 0x12, 0xEB, 0xF8, 0x19, 0xAE, 0x84, 0x02, 0x1A, 0xEB, 0x34,
    0x6E, 0x81, 0xD3, 0x44, 0xCE, 0xE2, 0x88, 0x69, 0x1D, 0x8D, 0x82, 0x2C, 0xB7, 0x29, 0xC7, 0x2A,
    0xA7, 0x88, 0x52, 0x86, 0x4F, 0xEB, 0xF1, 0x95, 0x14, 0x2E, 0xE3, 0x5F, 0x33, 0x9C, 0x1E, 0x7E,
    0x22, 0x76, 0x76, 0xC8, 0xD0, 0xC3, 0x51, 0x27, 0x70, 0xD2, 0x1B, 0x4E, 0x90, 0x01, 0xED, 0x9D,
    0x1A, 0xBD, 0xC6, 0x13, 0xCD, 0xC4, 0xC4, 0x44, 0x8D, 0xF3, 0x34, 0x4E, 0xD3, 0x74, 0x96, 0xC6,
    0x49, 0x1A, 0xB8, 0x15, 0xA7, 0x68, 0x91, 0x36, 0x10, 0x9A, 0x29, 0x0D, 0xA7, 0x67, 0x9C, 0x9D,
    0xAD, 0xC9, 0x34, 0xDD, 0x99, 0xA1, 0x11, 0x7A, 0x38, 0xB8, 0x9B, 0x63, 0xC7, 0x7C, 0x9D, 0x92,
    0xF3, 0x6D, 0x48, 0xD2, 0xB8, 0x97, 0x87, 0x7D, 0x8F, 0xF2, 0xED, 0x70, 0xC4, 0xA5, 0x49, 0xD3,
    0x64, 0x1F, 0x89, 0x43, 0xC2, 0x1C, 0x7E, 0x82, 0x56, 0x2B, 0x93, 0x31, 0x65, 0xC6, 0x21, 0x30,
    0xAD, 0x86, 0x32, 0x2F, 0x9C, 0xBF, 0xC0, 0x4C, 0x7F, 0xA7, 0x09, 0x19, 0x9A, 0x00, 0xB9, 0x6C,
    0x27, 0x72, 0x6C, 0x41, 0x1C, 0x76, 0x6B, 0xB0, 0xFF, 0x3C, 0x56, 0x3B, 0x02, 0x8F, 0x48, 0x8E,
    0x40, 0x6C, 0xEC, 0x36, 0x93, 0xDE, 0x3D, 0x75, 0x6E, 0x7A, 0x0C, 0xCB, 0x99, 0x03, 0x4B, 0x2A,
    0x3B, 0x2B, 0xE3, 0x69, 0xC0, 0xFF, 0x05, 0x83, 0x6E, 0x1E, 0xC5, 0x68, 0x80, 0xAA, 0xE4, 0xF2,
    0xE0, 0xC8, 0x09, 0xEE, 0x35, 0xA1, 0x86, 0x5E, 0x47, 0x61, 0xA2, 0x05, 0x52, 0x95, 0xB2, 0x67,
    0xFB, 0xCB, 0x95, 0x5D, 0xE4, 0xC7, 0x08, 0xF4, 0x0F, 0x97, 0x2A, 0x14, 0x22, 0xA4, 0xCB, 0x21,
    0x3C, 0x0C, 0x71, 0xB7, 0x50, 0x01, 0x5D, 0x55, 0xF9, 0x19, 0xCA, 0x68, 0x80, 0xBE, 0xB5, 0x0A,
    0xD3, 0xC4, 0x29, 0xC3, 0x14, 0x55, 0x33, 0x3C, 0x0D, 0x6E, 0x1D, 0x9E, 0x41, 0x3E, 0x83, 0xBF,
    0x84, 0x29, 0x42, 0x08, 0x3F, 0xAC, 0x9C, 0xA1, 0x1C, 0xAC, 0x2F, 0x14, 0x72, 0x24, 0x9E, 0x0E,
    0x7B, 0x06, 0x09, 0xE3, 0x35, 0x6C, 0xAA, 0xF0, 0xE1, 0x09, 0xD7, 0xDC, 0x7A, 0x04, 0x25, 0x0E,
    0xD4, 0xDD, 0x2F, 0x40, 0xE2, 0x72, 0x2F, 0xEF, 0x14, 0x7E, 0xF6, 0x59, 0x11, 0xBC, 0x72, 0x25,
    0x0F, 0x7F, 0x81, 0x66, 0x79, 0x10, 0x80, 0x15, 0xC2, 0xE3, 0xB3, 0x05, 0xE9, 0xDC, 0x1C, 0xC8,
    0x1F, 0xA7, 0x1A, 0x70, 0x27, 0x65, 0x3D, 0x2B, 0x58, 0xE0, 0x94, 0x0F, 0x9E, 0xA4, 0x8C, 0x7B,
    0xFC, 0x1D, 0x99, 0xF8, 0x9E, 0x45, 0x4D, 0xF8, 0x14, 0xC6, 0x2B, 0xB1, 0xFE, 0x2A, 0x82, 0xE4,
    0xC8, 0xE1, 0x7B, 0xD1, 0xFA, 0xFD, 0x92, 0xF6, 0x61, 0x01, 0x8B, 0x97, 0xE0, 0x5F, 0x87, 0x95,
    0x25, 0x3B, 0x3B, 0x22, 0x0F, 0xA9, 0x43, 0x07, 0x31, 0x7A, 0x11, 0x7E, 0x68, 0x1E, 0xB8, 0x47,
    0x6D, 0xEC, 0x83, 0xF4, 0xBC, 0x88, 0xA3, 0x87, 0xF0, 0x2A, 0x4D, 0xF5, 0x01, 0xC1, 0x9F, 0x7D,
    0x6A, 0x32, 0x04, 0x35, 0x00, 0x23, 0xA6, 0x8F, 0x48, 0xF6, 0xD1, 0x4B, 0x1F, 0x9C, 0x2C, 0x34,
    0xCA, 0x20, 0x4F, 0x9D, 0xC7, 0x02, 0x7D, 0x06, 0xDC, 0x60, 0x7C, 0xFD, 0xA9, 0xB4, 0x17, 0x22,
    0x8E, 0x53, 0x1F, 0x25, 0x2F, 0x54, 0x15, 0x7A, 0x9D, 0x4A, 0x2F, 0x53, 0xA9, 0xCB, 0x9D, 0x36,
    0xFE, 0xD5, 0xD4, 0xBB, 0x92, 0xB9, 0xEF, 0xE6, 0x52, 0x8C, 0x9C, 0x66, 0x29, 0x73, 0x6F, 0x94,
    0xC1, 0xD1, 0xF2, 0xA0, 0x53, 0x22, 0x96, 0x96, 0x63, 0xF3, 0x16, 0xE4, 0x5F, 0xE1, 0x8A, 0x95,
    0x98, 0xA1, 0x9F, 0xF5, 0x6A, 0xB2, 0xFE, 0x26, 0x2C, 0x98, 0x33, 0xF9, 0x66, 0x03, 0x12, 0xB9,
    0x69, 0x72, 0x5B, 0xF2, 0xB8, 0x4F, 0xC8, 0x99, 0x09, 0xB7, 0x06, 0x6E, 0xB6, 0xEC, 0x68, 0xB9,
    0xFE, 0x96, 0xB0, 0xC5, 0x77, 0x4D, 0x70, 0x3A, 0xF7, 0xFE, 0x09, 0xB3, 0x74, 0xE5, 0xF1, 0x47,
    0x9A, 0x8B, 0x05, 0x88, 0x30, 0xD4, 0x41, 0x3B, 0xC4, 0x6F, 0x29, 0xC2, 0xB6, 0x96, 0xE1, 0x75,
    0x45, 0x36, 0x6E, 0x86, 0x88, 0x87, 0x17, 0x07, 0xF4, 0xDA, 0xC0, 0x13, 0x87, 0xBB, 0xCB, 0x49,
    0x72, 0xE8, 0xD0, 0xBE, 0xBD, 0xB6, 0x56, 0xF6, 0x90, 0x07, 0xD0, 0xF8, 0xA6, 0xA1, 0x89, 0x94,
    0xA1, 0x27, 0xB3, 0xDD, 0xB2, 0x9F, 0xE9, 0x65, 0x00, 0x24, 0x74, 0x14, 0xE5, 0x53, 0x3D, 0x59,
    0x09, 0x9B, 0x0A, 0xFB, 0x1D, 0xF7, 0x44, 0x42, 0x96, 0xF0, 0x93, 0x74, 0xDE, 0x4F, 0x67, 0xDD,
    0xEF, 0x78, 0x2D, 0xE2, 0x38, 0xD3, 0xFC, 0x1A, 0x6D, 0xB0, 0xC0, 0x74, 0x10, 0x3E, 0xC3, 0xE6,
    0xE0, 0x68, 0xB6, 0x63, 0xD7, 0x22, 0x90, 0x18, 0x90, 0x17, 0x90, 0x16, 0x96, 0x57, 0xB7, 0x93,
    0xC2, 0xFF, 0x68, 0xDD, 0x0A, 0xB6, 0x6E, 0x0D, 0xAB, 0x7D, 0x78, 0x74, 0xA9, 0xD7, 0xFF, 0xA8,
    0x64, 0x9E, 0x56, 0x76, 0x62, 0x76, 0x0C, 0x3E, 0xF2, 0x00, 0xD2, 0xC0, 0xC5, 0x68, 0x3B, 0x09,
    0x7C, 0x0B, 0xEC, 0x5F, 0xA7, 0xFF, 0x9F, 0x4C, 0xE9, 0x7F, 0xF7, 0x39, 0x4A, 0x07, 0x01, 0x9C,
    0x33, 0x3F, 0xAE, 0x08, 0x70, 0x48, 0x80, 0x5D, 0x51, 0x0E, 0x03, 0x9B, 0x02, 0x65, 0xC2, 0x14,
    0xD7, 0x8D, 0x72, 0xB2, 0x47, 0xFC, 0x62, 0x6B, 0xBB, 0xDD, 0xD7, 0x8B, 0xEC, 0x31, 0x5B, 0x19,
    0xBD, 0x74, 0x8E, 0x4A, 0x35, 0xB7, 0x81, 0xB6, 0x07, 0xED, 0x7E, 0x6F, 0xBB, 0x1D, 0x7B, 0x46,
    0x82, 0x57, 0x8D, 0x7F, 0x8D, 0xB1, 0x2F, 0x7F, 0x69, 0xB6, 0x8D, 0x5F, 0x2E, 0xFB, 0xD7, 0x4A,
    0xFF, 0xCC, 0x59, 0x1F, 0xD4, 0xF9, 0x22, 0xB8, 0x13, 0x59, 0x2D, 0xFA, 0x92, 0xC6, 0x8D, 0xF4,
    0xFF, 0xF2, 0xB4, 0xF2, 0xDF, 0x03, 0x88, 0xBD, 0x5A, 0xA2, 0xC7, 0xCA, 0xBF, 0xCF, 0xD8, 0x1D,
    0x0E, 0x39, 0x9C, 0xAF, 0x2A, 0x2F, 0x5D, 0x1D, 0x87, 0xFE, 0x37, 0x06, 0xAE, 0xE5, 0x81, 0xDE,
    0x36, 0x48, 0x46, 0x85, 0x30, 0x9A, 0xD2, 0xFC, 0x4E, 0xCC, 0xC3, 0xCF, 0x9E, 0x15, 0xF9, 0x94,
    0x5C, 0x04, 0x7F, 0xF0, 0x7E, 0x99, 0x3F, 0x72, 0x0F, 0xE6, 0xDF, 0x0F, 0x6B, 0x56, 0xE0, 0x80,
    0xF5, 0x3D, 0x58, 0x63, 0xAF, 0x33, 0x69, 0x92, 0x9D, 0x10, 0x4A, 0x0B, 0x63, 0x1F, 0x85, 0x11,
    0xA9, 0xCD, 0xEC, 0xB9, 0x7B, 0x81, 0x66, 0x7E, 0xCF, 0x92, 0x60, 0xDC, 0xEA, 0x39, 0xE3, 0xF3,
    0x3E, 0x88, 0x2C, 0x00, 0xFF, 0xDB, 0x2D, 0x01, 0xEB, 0xE3, 0x80, 0x0E, 0x06, 0xD9, 0x3A, 0x45,
    0x73, 0xF9, 0x7A, 0x08, 0x47, 0x38, 0x29, 0x27, 0x00, 0x7B, 0x15, 0x30, 0xD7, 0xE1, 0x62, 0x7D,
    0xDE, 0x77, 0x54, 0x9B, 0xED, 0xE1, 0xF7, 0xC4, 0x25, 0x5E, 0x36, 0x20, 0x23, 0xB6, 0xB0, 0x84,
    0xB6, 0xB4, 0xF0, 0xD3, 0x15, 0x68, 0x02, 0xF4, 0x12, 0x84, 0x81, 0xDC, 0xAF, 0x63, 0x90, 0x2E,
    0x1E, 0xF3, 0xB3, 0xB5, 0xC0, 0xF4, 0xDF, 0x94, 0x58, 0xEB, 0x91, 0xCB, 0x71, 0x26, 0x7F, 0x0A,
    0xED, 0x1D, 0x54, 0xFE, 0xBC, 0x7F, 0x11, 0x4A, 0x45, 0x3F, 0xFD, 0xD6, 0x85, 0x8F, 0xAB, 0x32,
    0x34, 0x17, 0xD1, 0x6D, 0x5C, 0x5C, 0x89, 0x65, 0x65, 0x7C, 0x85, 0x39, 0xF9, 0xEF, 0x57, 0x98,
    0xE7, 0x36, 0xB6, 0xA7, 0x3B, 0x33, 0xCD, 0x20, 0x45, 0xAF, 0xCA, 0xE3, 0xF5, 0x21, 0x9D, 0xC0,
    0x35, 0x97, 0x36, 0x69, 0x1A, 0xFC, 0xF0, 0x07, 0x35, 0xE8, 0x74, 0xDE, 0x4C, 0xE2, 0x34, 0xCF,
    0x83, 0xF7, 0xD8, 0x54, 0x1F, 0x3A, 0x69, 0x88, 0x8A, 0x53, 0x37, 0x4C, 0x7E, 0x86, 0xF8, 0xF5,
    0x2B, 0x5D, 0x89, 0x0B, 0x39, 0xE7, 0xB8, 0x59, 0x26, 0x1B, 0x73, 0x48, 0xBA, 0x5E, 0xE9, 0x70,
    0x1D, 0xCE, 0x7D, 0xB5, 0xD5, 0xE6, 0xE5, 0x71, 0x70, 0x9A, 0x60, 0x13, 0x6A, 0xED, 0x1B, 0x79,
    0x7D, 0x84, 0x44, 0xD1, 0xF0, 0x7B, 0xA3, 0xA3, 0x17, 0xF0, 0x56, 0x59, 0x2A, 0xB1, 0x0C, 0xFA,
    0xBD, 0xD7, 0x47, 0x66, 0x1F, 0x58, 0x21, 0xAA, 0xD0, 0x38, 0x05, 0x76, 0x4C, 0x89, 0x3E, 0x94,
    0xF1, 0x55, 0xBC, 0x39, 0x00, 0xAA, 0x47, 0xA3, 0x9B, 0xB8, 0xF9, 0x5B, 0x68, 0xC6, 0x48, 0x95,
    0xDE, 0xBA, 0x11, 0xC3, 0x4C, 0xF1, 0x44, 0x6E, 0xDD, 0xAB, 0xB9, 0x3C, 0xD4, 0xA6, 0x37, 0xE0,
    0x2D, 0x4E, 0xE2, 0x0D, 0xB7, 0xEF, 0xA5, 0x69, 0xAE, 0xEB, 0x6B, 0xEB, 0x59, 0x35, 0x77, 0x1D,
    0xD9, 0x9B, 0x8E, 0xEC, 0x3D, 0x47, 0xF6, 0x96, 0x23, 0x7B, 0xC7, 0x91, 0xDE, 0x70, 0x44, 0x75,
    0xF7, 0x6C, 0x97, 0xCD, 0xA4, 0xC4, 0xC9, 0x85, 0xDE, 0x6C, 0x64, 0xEF, 0x35, 0x0A, 0xF4, 0x56,
    0xA3, 0x80, 0xB3, 0x51, 0x2A, 0x92, 0x93, 0x70, 0xA3, 0x65, 0x76, 0x05, 0x95, 0xD6, 0xE5, 0xAF,
    0xD2, 0x27, 0xC4, 0xC9, 0xB1, 0xDE, 0xBF, 0x73, 0x7B, 0xD1, 0x70, 0x14, 0x70, 0xB3, 0xD6, 0xE7,
    0x67, 0xD6, 0x27, 0xE6, 0x48, 0x65, 0x63, 0xE1, 0xA2, 0x67, 0xDC, 0x77, 0xEB, 0xD4, 0xBB, 0xF6,
    0xBB, 0xCC, 0xFB, 0x47, 0x90, 0xFA, 0xD0, 0x4E, 0x50, 0x86, 0xD8, 0x8C, 0xB7, 0x74, 0xB4, 0x94,
    0x21, 0xA2, 0x21, 0x9D, 0x6D, 0x49, 0x82, 0x84, 0xD7, 0xCB, 0x13, 0xD5, 0x8E, 0xC8, 0x7F, 0x00,
    0x5D, 0x50, 0xBB, 0x4E, 0xC3, 0x30, 0x14, 0x3D, 0x79, 0x34, 0x51, 0x13, 0x55, 0xCE, 0x00, 0x12,
    0x03, 0xAA, 0xD7, 0x0E, 0x94, 0x2C, 0x0C, 0x1D, 0x9C, 0xDA, 0x12, 0x1B, 0x53, 0x07, 0x3E, 0x80,
    0xB9, 0x53, 0x86, 0x0C, 0x1D, 0x0A, 0x78, 0x67, 0xA0, 0x1F, 0xC1, 0xD2, 0x2D, 0x43, 0x07, 0x86,
    0x56, 0xF1, 0x27, 0xE4, 0x0F, 0x80, 0x1F, 0x80, 0x08, 0x75, 0x4C, 0x23, 0xAE, 0x01, 0x09, 0x89,
    0x2B, 0x2F, 0xF7, 0xF8, 0xE8, 0x3C, 0x2E, 0x30, 0xC2, 0x12, 0x12, 0x4C, 0xBB, 0x06, 0x34, 0x9E,
    0x89, 0x0D, 0x87, 0x40, 0x8E, 0x9F, 0xD9, 0xC2, 0x39, 0x20, 0xFC, 0x00, 0x63, 0x10, 0xA1, 0xFA,
    0x86, 0xE4, 0x55, 0xF5, 0xFE, 0xD6, 0x62, 0x36, 0x5F, 0x57, 0x9D, 0xDD, 0x73, 0x6F, 0x37, 0x94,
    0x6D, 0xBC, 0x1A, 0xDF, 0xED, 0x92, 0x9E, 0xA3, 0x24, 0x33, 0x53, 0xA6, 0x7D, 0x07, 0x81, 0x96,
    0x4D, 0xD9, 0xDC, 0x34, 0x1E, 0x09, 0x9E, 0x12, 0xCF, 0x59, 0xB1, 0xFD, 0x99, 0x98, 0xD0, 0x4B,
    0x9B, 0x40, 0x13, 0x10, 0x5E, 0x6A, 0xF6, 0x60, 0x24, 0x57, 0xDB, 0x0C, 0xAF, 0xC5, 0xAF, 0x61,
    0xC1, 0xB0, 0xC8, 0x90, 0xED, 0xC1, 0x6B, 0xC4, 0x96, 0x75, 0x91, 0x3F, 0x6F, 0x96, 0x0B, 0x21,
    0x06, 0x56, 0x23, 0x41, 0xD8, 0x81, 0x57, 0x6A, 0x12, 0xAB, 0xC4, 0xA5, 0xDD, 0x35, 0xB1, 0x1A,
    0x82, 0xF8, 0x54, 0xE1, 0x04, 0x11, 0xB8, 0x66, 0x9A, 0x29, 0x5B, 0xA0, 0x44, 0x9F, 0xB0, 0x2D,
    0x36, 0x28, 0x30, 0x21, 0x7F, 0x7F, 0x2C, 0x44, 0x51, 0x52, 0xA8, 0xD0, 0x30, 0xCD, 0x09, 0x02,
    0x6C, 0xE0, 0xBE, 0xFB, 0x17, 0x38, 0x52, 0xD3, 0x3A, 0x7F, 0x2D, 0x6B, 0x69, 0x7A, 0x08, 0x14,
    0xD3, 0xB1, 0x66, 0x18, 0x93, 0x65, 0xA4, 0xE3, 0xDA, 0xAD, 0x43, 0x7D, 0x8E, 0x23, 0x38, 0x18,
    0x90, 0x78, 0x81, 0x5B, 0x25, 0xE9, 0x5E, 0x11, 0x18, 0x86, 0xC4, 0x11, 0xF4, 0x63, 0xA7, 0x85,
    0xD7, 0x81, 0x3D, 0xAA, 0xCC, 0xD3, 0x89, 0x0D, 0xDB, 0x44, 0x87, 0xE5, 0xFD, 0x3E, 0xA0, 0xBB,
    0xA5, 0x41, 0xF5, 0xF2, 0x79, 0x98, 0x3D, 0x1D, 0x5F, 0x57, 0xDD, 0x7C, 0xFD, 0xBF, 0x87, 0x07,
    0xDB, 0x95, 0x83, 0x7A, 0x50, 0x60, 0x28, 0x8C, 0x02, 0xEC, 0x52, 0xD5, 0xA6, 0x48, 0x7C, 0xF8,
    0x24, 0x2F, 0x30, 0x55, 0x12, 0x5F, 0x95, 0x54, 0xBF, 0x6F, 0x1C, 0x45, 0x14, 0xFE, 0x76, 0xC7,
    0xF6, 0x08, 0x0F, 0xF6, 0x6C, 0x61, 0x24, 0x2C, 0xEC, 0x2C, 0x05, 0x45, 0x90, 0xCE, 0x3E, 0x17,
    0x2E, 0xAE, 0xD8, 0xBB, 0x1B, 0xD9, 0x0D, 0xA5, 0x8B, 0x5C, 0x1B, 0x99, 0x8E, 0xD2, 0x48, 0x29,
    0x52, 0xAC, 0x7D, 0x0B, 0x29, 0x10, 0x05, 0xFF, 0x83, 0x25, 0x9A, 0xC8, 0x14, 0x9C, 0x90, 0x91,
    0x52, 0x5C, 0x7C, 0xE3, 0xA4, 0xA0, 0xDD, 0x38, 0x02, 0x3A, 0xB4, 0x48, 0x11, 0x12, 0xA6, 0x60,
    0x8B, 0x2D, 0x4E, 0xE1, 0xEC, 0xE5, 0x9B, 0xBD, 0x3B, 0x5B, 0x88, 0xC8, 0xE0, 0x99, 0xD5, 0xCE,
    0xEC, 0xDB, 0x37, 0x6F, 0xDE, 0x8F, 0xEF, 0x7D, 0xD8, 0xFD, 0xF7, 0x00, 0xB0, 0x61, 0xEB, 0x89,
    0x46, 0xDB, 0x2E, 0x9B, 0xB7, 0x70, 0xF3, 0xAC, 0x46, 0x8A, 0x46, 0xE7, 0xFE, 0xF9, 0xB7, 0x76,
    0xC5, 0x1E, 0x9E, 0x26, 0x16, 0x37, 0x4D, 0x43, 0x75, 0x89, 0x15, 0x7C, 0xDF, 0x79, 0xFD, 0xCD,
    0xA6, 0x98, 0x17, 0xFE, 0x36, 0xC4, 0x8D, 0xD3, 0xEB, 0xDC, 0x2B, 0x2F, 0x8E, 0x1E, 0x4F, 0xDE,
    0x5C, 0xCA, 0x4B, 0xBE, 0x3B, 0x9D, 0x0E, 0xCA, 0xB2, 0x4C, 0xDC, 0xDA, 0xA9, 0x86, 0x29, 0xAB,
    0x61, 0x27, 0x5F, 0x6F, 0x14, 0x2E, 0xCD, 0xC6, 0xE1, 0xED, 0xE6, 0x27, 0xF3, 0x3C, 0xEE, 0xAC,
    0x38, 0xBF, 0x71, 0x74, 0x74, 0xE4, 0xF6, 0x49, 0x15, 0xB4, 0x11, 0x4C, 0xD1, 0x1A, 0x22, 0xF4,
    0xF1, 0x14, 0x31, 0xFC, 0x44, 0xA5, 0x32, 0x95, 0x56, 0x51, 0x5A, 0xC3, 0xFB, 0x2E, 0xCC, 0x54,
    0x66, 0x62, 0x22, 0x89, 0x10, 0x60, 0x09, 0xFB, 0x18, 0xE1, 0x09, 0x75, 0x23, 0xAC, 0x42, 0xD1,
    0x42, 0x20, 0x92, 0x4C, 0x0B, 0xBB, 0xA6, 0x4C, 0xA4, 0xD1, 0xAF, 0xE3, 0x69, 0xDD, 0xC4, 0x21,
    0x3C, 0xB3, 0xA3, 0xCE, 0x0A, 0xF9, 0xA2, 0x90, 0xA7, 0xB9, 0xFA, 0x7C, 0xA2, 0xB0, 0xB9, 0xE0,
    0xEE, 0x74, 0xC2, 0x5F, 0x87, 0x22, 0xBD, 0xFE, 0xC5, 0x83, 0xC1, 0x0C, 0x96, 0x66, 0xB1, 0x1F,
    0x9A, 0x51, 0x1B, 0x4F, 0xD6, 0x41, 0x0B, 0x14, 0xAE, 0x4A, 0xA3, 0x7C, 0x8B, 0x65, 0xA0, 0x05,
    0x34, 0xC1, 0x2B, 0xD1, 0x40, 0x77, 0x50, 0x0C, 0xFE, 0xCA, 0xD1, 0x03, 0x72, 0x20, 0x83, 0x97,
    0xC1, 0x4F, 0x21, 0xAC, 0x7B, 0xA4, 0x85, 0x1A, 0xC7, 0x35, 0x67, 0xA0, 0x13, 0x68, 0xBE, 0x81,
    0x45, 0x84, 0x7F, 0x5E, 0xD4, 0x2F, 0x47, 0xEE, 0x38, 0x9F, 0x18, 0x0C, 0x16, 0xC7, 0xB8, 0xD7,
    0xDB, 0x2D, 0xCB, 0xFC, 0xF7, 0xDF, 0xB2, 0x89, 0x85, 0xEA, 0xE1, 0x78, 0xCF, 0x74, 0xED, 0x80,
    0xB3, 0xCD, 0xFD, 0x07, 0x40, 0xD7, 0xA0, 0x5B, 0xA0, 0x5B, 0x9A, 0x6E, 0x69, 0xBB, 0x97, 0xE8,
    0x66, 0x38, 0x00, 0xF3, 0x80, 0x75, 0x74, 0xD1, 0xC6, 0x8C, 0x3B, 0xD1, 0xF4, 0xB3, 0x13, 0x99,
    0xF7, 0x65, 0x1A, 0x78, 0x63, 0x28, 0xD1, 0xDD, 0x3A, 0x42, 0x9C, 0x50, 0xA1, 0x6D, 0xFA, 0xF4,
    0xBC, 0xED, 0x4E, 0x50, 0x79, 0x99, 0xBB, 0x2E, 0xF3, 0x3D, 0x86, 0x9B, 0xB9, 0x9F, 0xDE, 0x0E,
    0x6E, 0xDE, 0x6B, 0xF9, 0xFF, 0xE0, 0x06, 0x57, 0xC9, 0xEC, 0xC3, 0xC7, 0x1F, 0x7F, 0xE9, 0x25,
    0xFF, 0x3D, 0x01, 0x6F, 0x06, 0xFE, 0x57, 0xC0, 0xD7, 0x49, 0xE7, 0xE1, 0xE1, 0x79, 0x7F, 0xCF,
    0x7E, 0x6A, 0x4F, 0x7F, 0xC0, 0xB3, 0x77, 0x79, 0xF7, 0x2D, 0x1E, 0x53, 0x85, 0x28, 0xEF, 0xA2,
    0x76, 0x88, 0xEF, 0x7E, 0xDC, 0x79, 0x79, 0xDE, 0xDB, 0x4C, 0x37, 0xE6, 0x37, 0x37, 0xFC, 0x8F,
    0x36, 0xD8, 0x8C, 0xB7, 0x79, 0x02, 0x4C, 0x07, 0x77, 0x7B, 0x5C, 0x3C, 0x42, 0x97, 0xD5, 0x86,
    0xFA, 0xC2, 0x56, 0x45, 0xD2, 0xBE, 0xAD, 0x0A, 0x5D, 0xF3, 0xD3, 0xD0, 0xA9, 0x45, 0xBE, 0x8D,
    0xDC, 0xDA, 0x10, 0xF6, 0xD8, 0xAD, 0x0F, 0xC5, 0x67, 0x59, 0x25, 0x27, 0xB8, 0x06, 0x46, 0xE7,
    0xAD, 0x7D, 0x2D, 0x7E, 0xB6, 0xFB, 0x7D, 0x5D, 0xAC, 0x69, 0x3F, 0xCD, 0x6B, 0xD4, 0x58, 0xF5,
    0xCE, 0x52, 0x16, 0x22, 0x8F, 0xBC, 0x97, 0x76, 0x8D, 0xE0, 0x89, 0xFC, 0xE7, 0xB4, 0xA1, 0x92,
    0x48, 0x3C, 0x4F, 0x22, 0x16, 0x2F, 0x52, 0xDB, 0xB4, 0x15, 0xA1, 0x19, 0x8A, 0xB3, 0x0C, 0x05,
    0xF4, 0xD0, 0x63, 0xCF, 0x1C, 0x12, 0xD8, 0xEC, 0x81, 0xEB, 0xA1, 0x8C, 0x4E, 0x42, 0xD6, 0x3B,
    0x26, 0xA2, 0xB2, 0x89, 0x68, 0x2B, 0xD5, 0x8F, 0xD2, 0x50, 0xD9, 0x96, 0x4E, 0x88, 0xE3, 0xE3,
    0x26, 0xB2, 0xC6, 0x95, 0xFA, 0x56, 0x9A, 0xEB, 0x47, 0x2F, 0x8A, 0x50, 0x3D, 0xCB, 0x5B, 0xD4,
    0x8A, 0xA9, 0x76, 0xDC, 0xD4, 0xD4, 0x58, 0x98, 0x68, 0x44, 0x15, 0x78, 0xB4, 0x51, 0x2E, 0xD2,
    0x74, 0x2C, 0x92, 0x49, 0x4B, 0xD9, 0xBA, 0x48, 0xF5, 0x56, 0xAE, 0x6C, 0x21, 0xD2, 0x18, 0x69,
    0x6D, 0x6A, 0x91, 0x3F, 0x73, 0xF0, 0x77, 0x01, 0x2A, 0x8C, 0x40, 0x95, 0x7D, 0xF0, 0xAB, 0x4E,
    0x34, 0xC7, 0x04, 0x7F, 0x5A, 0x13, 0x66, 0xAC, 0xB8, 0x0B, 0x6F, 0x08, 0xF9, 0x0B, 0x42, 0x99,
    0xC4, 0x5E, 0xE5, 0x6A, 0x0D, 0xB4, 0x15, 0x26, 0x2D, 0x82, 0x52, 0x1B, 0xB6, 0x0F, 0x85, 0xF3,
    0x10, 0x89, 0x9F, 0x61, 0x88, 0x91, 0x5F, 0x48, 0x1B, 0x62, 0xEA, 0xF8, 0x21, 0xF0, 0x76, 0xC3,
    0x37, 0x8D, 0x45, 0x69, 0x33, 0xB1, 0xB5, 0x9D, 0x78, 0x29, 0x6D, 0x3F, 0xA8, 0x61, 0x66, 0xB5,
    0x47, 0x83, 0xA7, 0x39, 0xC3, 0xC8, 0xB1, 0xD2, 0xAB, 0x64, 0x5E, 0xAA, 0x20, 0xB6, 0x1F, 0xD9,
    0x05, 0xEA, 0xBA, 0x33, 0xEE, 0x6C, 0x65, 0x64, 0x09, 0x3B, 0xEE, 0x46, 0x8F, 0x41, 0x88, 0x4C,
    0x27, 0x8C, 0x87, 0x79, 0x0F, 0xD9, 0xB5, 0xEB, 0x4C, 0xE3, 0x1A, 0xC9, 0x24, 0x82, 0x23, 0x99,
    0x45, 0xDE, 0xBA, 0x88, 0x07, 0xA4, 0x97, 0x3D, 0x82, 0xBE, 0x77, 0x95, 0xEA, 0x55, 0xEE, 0x0F,
    0xBC, 0x02, 0xB1, 0x9F, 0x13, 0x17, 0x06, 0xFF, 0xA0, 0x4F, 0x53, 0xA6, 0x47, 0xC9, 0x44, 0xF1,
    0x2E, 0xAA, 0x2E, 0x77, 0x88, 0x61, 0x63, 0x43, 0x52, 0xAE, 0xAB, 0xCC, 0xBA, 0xB6, 0x77, 0x9C,
    0xE1, 0xB8, 0xC2, 0x71, 0x17, 0x4D, 0xA2, 0x0A, 0xF1, 0x0D, 0x9A, 0xD3, 0xC8, 0x55, 0x46, 0x66,
    0x6C, 0x8F, 0x44, 0x69, 0x5B, 0x27, 0xE2, 0x8F, 0x2C, 0xD0, 0x9E, 0x97, 0x3B, 0xA5, 0x1C, 0x77,
    0xDC, 0x99, 0x98, 0xEE, 0x53, 0xE0, 0xA2, 0xE0, 0x9E, 0xBC, 0x97, 0xF3, 0x34, 0xCD, 0x1F, 0x18,
    0xF9, 0x8A, 0xCD, 0x2F, 0x0A, 0x47, 0x11, 0x66, 0xEA, 0x97, 0x9F, 0x90, 0x7B, 0x94, 0x25, 0x83,
    0x92, 0x9D, 0x02, 0x8C, 0xE9, 0x62, 0x96, 0x57, 0x34, 0xDB, 0x23, 0xF4, 0x5B, 0x27, 0x18, 0x06,
    0xDA, 0x61, 0x8D, 0x56, 0xEE, 0xB0, 0x0C, 0xB1, 0xCF, 0x64, 0x09, 0x2B, 0xAD, 0x4B, 0x93, 0x20,
    0x2C, 0xA5, 0xA1, 0x5D, 0x9A, 0x95, 0x63, 0xE2, 0xA9, 0x6C, 0x2A, 0x9A, 0x24, 0x6D, 0x12, 0x34,
    0x81, 0x93, 0x56, 0xE0, 0x2C, 0xE6, 0x5E, 0xD1, 0x13, 0x7D, 0x01, 0x91, 0x85, 0x03, 0xC7, 0x6B,
    0xCA, 0xD5, 0x57, 0x19, 0x3A, 0xA9, 0xB9, 0xC0, 0x25, 0x9B, 0x24, 0xCE, 0xFC, 0x67, 0x4C, 0x35,
    0x7D, 0x59, 0x64, 0x34, 0xCC, 0x46, 0x2B, 0x61, 0xC6, 0xEB, 0xD6, 0x39, 0x75, 0x95, 0x74, 0xE6,
    0xE8, 0xC0, 0xF1, 0x6F, 0xEC, 0x18, 0x38, 0x98, 0xF6, 0xA6, 0x1C, 0x62, 0x37, 0x1C, 0xFC, 0x94,
    0x37, 0xE6, 0x4A, 0x1B, 0xE0, 0x9D, 0x6B, 0x74, 0x47, 0x0E, 0xDE, 0xB1, 0xC3, 0xF7, 0xA8, 0x35,
    0xDD, 0x66, 0x84, 0xB8, 0x20, 0x18, 0x16, 0xE4, 0x38, 0x13, 0x7F, 0x03, 0x25, 0x92, 0x31, 0x6F,
    0x13, 0x31, 0x18, 0x86, 0x1F, 0x9F, 0x49, 0x2D, 0x64, 0x51, 0x33, 0xD0, 0x01, 0xAA, 0xE6, 0x18,
    0x11, 0x4A, 0x1A, 0x06, 0x86, 0x20, 0x25, 0x39, 0x6F, 0x0C, 0x2C, 0x0C, 0x64, 0x62, 0xE8, 0xC2,
    0x00, 0x62, 0x45, 0x22, 0x43, 0xD2, 0x38, 0xE2, 0x0F, 0x74, 0x47, 0x62, 0x62, 0x6A, 0x07, 0x3A,
    0x44, 0xA2, 0x43, 0x4A, 0x2C, 0xFA, 0x07, 0x4E, 0x42, 0xEC, 0xB7, 0x77, 0xE0, 0x24, 0x32, 0x9C,
    0x44, 0xDA, 0xC3, 0x4E, 0x65, 0x0F, 0xD6, 0x27, 0xFB, 0xFD, 0xDE, 0xF7, 0xF9, 0xCC, 0x1B, 0x64,
    0x6D, 0xCD, 0x0B, 0xDF, 0x96, 0xBE, 0x27, 0xFD, 0x48, 0xFA, 0xB9, 0x72, 0xA5, 0xB6, 0xA5, 0x61,
    0xDE, 0x66, 0x5A, 0x91, 0xE6, 0x80, 0x45, 0x16, 0x98, 0x9C, 0x81, 0xE7, 0xAF, 0x97, 0x17, 0xCE,
    0x28, 0x3B, 0x78, 0x7D, 0x94, 0xD5, 0x25, 0x06, 0xB6, 0xE1, 0x36, 0x0C, 0x6D, 0x52, 0x7B, 0xF9,
    0xDB, 0x2A, 0x8B, 0xCE, 0xD9, 0x5A, 0xC3, 0x3E, 0xA4, 0xD0, 0x84, 0x31, 0xEF, 0x4B, 0x0E, 0x2D,
    0x34, 0x1C, 0xD3, 0x3C, 0x59, 0xA1, 0x1D, 0xE6, 0x25, 0x9D, 0x2B, 0x7A, 0x86, 0x91, 0xB6, 0x61,
    0x87, 0x43, 0xE7, 0x1C, 0x5D, 0xD0, 0x18, 0xD2, 0xA9, 0xDD, 0xB3, 0x03, 0xFB, 0x24, 0x3C, 0xEC,
    0x42, 0x49, 0x92, 0xA3, 0x5C, 0xEC, 0x13, 0x0A, 0x3D, 0x78, 0x14, 0xEC, 0xBC, 0xDD, 0x78, 0x96,
    0x7E, 0x5B, 0x3A, 0x63, 0x50, 0x6B, 0xCC, 0x82, 0x5E, 0x93, 0x79, 0xF0, 0x9C, 0x72, 0xB8, 0x20,
    0x2D, 0xE0, 0x3E, 0x22, 0xF8, 0xF9, 0x59, 0x68, 0x42, 0x94, 0xD2, 0xD8, 0x42, 0x5D, 0xE6, 0x9C,
    0x78, 0x8C, 0x65, 0xC2, 0xEE, 0x8A, 0x81, 0xA5, 0x21, 0xC8, 0x0E, 0xBC, 0xFA, 0xEE, 0xF5, 0x85,
    0x37, 0xCF, 0x9D, 0xD1, 0xEC, 0x99, 0xBB, 0x2D, 0x93, 0xB7, 0x8C, 0x15, 0xD7, 0xA8, 0xDA, 0xA5,
    0x2A, 0x32, 0x19, 0x07, 0x26, 0xD2, 0x97, 0x37, 0x58, 0x52, 0xCE, 0xC6, 0x64, 0x2B, 0xB6, 0x42,
    0x1C, 0xC4, 0x69, 0x5A, 0x36, 0x4A, 0x51, 0x24, 0xB9, 0xF4, 0x71, 0x29, 0xA7, 0xDD, 0xB2, 0xDC,
    0xB1, 0x4C, 0x5D, 0xF2, 0xAF, 0x50, 0xB3, 0x32, 0x11, 0x05, 0x32, 0x47, 0x5B, 0xFA, 0xB0, 0x42,
    0x79, 0x3A, 0x43, 0x9B, 0xD5, 0x5E, 0xBC, 0x42, 0x5C, 0xA1, 0xFF, 0x70, 0x47, 0x13, 0xA3, 0x4D,
    0x50, 0x15, 0xC9, 0x64, 0x93, 0xB1, 0x8D, 0x58, 0x50, 0x17, 0xBC, 0x8B, 0x0D, 0xF2, 0x08, 0x33,
    0xF5, 0x7C, 0xF4, 0xE2, 0x97, 0x57, 0x9F, 0x5C, 0x53, 0x85, 0xE7, 0xE5, 0xE3, 0x6F, 0x47, 0x91,
    0x7A, 0xB8, 0x7C, 0x0B, 0x71, 0xEC, 0x64, 0x08, 0xEA, 0x88, 0xE0, 0x57, 0x70, 0xBE, 0xA9, 0xDF,
    0xE8, 0x54, 0xD4, 0x39, 0x3B, 0x41, 0x67, 0x37, 0xE7, 0xDA, 0xC6, 0x11, 0x5A, 0xD2, 0xAF, 0x0C,
    0x96, 0x74, 0x37, 0xD4, 0xBB, 0x9A, 0x7E, 0x93, 0xB4, 0x42, 0x58, 0x1E, 0x1C, 0x07, 0x65, 0xF7,
    0xD4, 0xF0, 0xB0, 0x05, 0x1F, 0x20, 0x18, 0xF7, 0xD1, 0xB8, 0x89, 0x4A, 0x11, 0xFC, 0xBD, 0x60,
    0xE7, 0x07, 0xEA, 0xB3, 0x8B, 0xE0, 0x43, 0xD2, 0x2F, 0xC8, 0x8A, 0xBD, 0x3E, 0x23, 0xC3, 0xA9,
    0xE1, 0x6C, 0x9F, 0xAC, 0xA2, 0x11, 0xA8, 0x2C, 0xAD, 0xBC, 0xF4, 0x6A, 0x56, 0x98, 0x0D, 0x78,
    0x3D, 0x2B, 0xC2, 0xBF, 0x88, 0x13, 0x4C, 0x11, 0x6B, 0xB2, 0x22, 0xFA, 0xF9, 0x0F, 0x55, 0x90,
    0xBD, 0x4A, 0x03, 0x41, 0x14, 0x85, 0xBF, 0xD9, 0x41, 0x53, 0xC9, 0x8A, 0x44, 0x84, 0x04, 0xD9,
    0xD6, 0x22, 0x98, 0xC6, 0xC2, 0x22, 0xAB, 0xE3, 0x1B, 0xA4, 0xC8, 0x5B, 0x08, 0xC6, 0x07, 0x30,
    0x6E, 0xDE, 0x40, 0x1F, 0x43, 0x53, 0x5B, 0x28, 0x48, 0x32, 0xB5, 0xD5, 0x22, 0x88, 0x85, 0xCD,
    0x36, 0x82, 0xE5, 0x14, 0x09, 0x6C, 0x20, 0xBB, 0xE3, 0x9D, 0xB5, 0xF2, 0xC2, 0xCC, 0x99, 0x39,
    0xF7, 0xF7, 0x5C, 0x10, 0xF3, 0x7E, 0xC3, 0x78, 0xB6, 0x21, 0xE1, 0x94, 0x3E, 0x27, 0x9C, 0xB1,
    0x4B, 0x2A, 0xFC, 0x64, 0x1F, 0x32, 0x3F, 0x65, 0x3E, 0x83, 0x52, 0xFE, 0x4B, 0x48, 0xBC, 0x25,
    0x72, 0xA0, 0x0B, 0xE8, 0xAE, 0x83, 0x3B, 0x14, 0xD8, 0x32, 0xF2, 0x2A, 0x89, 0x56, 0xAF, 0xB4,
    0xEC, 0x80, 0xD8, 0x1C, 0x11, 0x0B, 0x7D, 0x0C, 0xD1, 0x62, 0x66, 0x5A, 0x5E, 0x82, 0x06, 0x10,
    0xD7, 0x35, 0x9D, 0xFA, 0x01, 0x24, 0x1F, 0xC9, 0xDF, 0xB3, 0x98, 0x73, 0xEF, 0xED, 0xED, 0xA5,
    0x9F, 0xB6, 0x43, 0x99, 0xCE, 0x63, 0xB8, 0x89, 0x84, 0x0B, 0xA8, 0xAE, 0xB4, 0x6B, 0x88, 0x34,
    0x74, 0xFE, 0xC3, 0x9D, 0x80, 0x37, 0xB8, 0x5E, 0x83, 0xCA, 0xA5, 0xC3, 0xED, 0x7B, 0x9E, 0xF5,
    0xA7, 0x2F, 0x32, 0xC7, 0x72, 0x7C, 0xF1, 0x62, 0x8A, 0x21, 0x22, 0xE7, 0x49, 0x15, 0xA8, 0xB5,
    0x91, 0x56, 0x65, 0x33, 0xAF, 0x23, 0x0B, 0x33, 0x0B, 0x1B, 0x5B, 0x9D, 0x13, 0xE5, 0x68, 0xAB,
    0x45, 0xCA, 0xFB, 0x9B, 0xB6, 0xC9, 0x8F, 0xB4, 0xBC, 0xFB, 0x32, 0x8B, 0x0A, 0x55, 0xE9, 0x8A,
    0xFF, 0x96, 0x55, 0xB4, 0xEA, 0x39, 0xC9, 0xF4, 0x90, 0x09, 0x3D, 0x99, 0xA4, 0xAD, 0x5C, 0xD8,
    0x43, 0x45, 0xF7, 0x7B, 0xC4, 0xC1, 0xC7, 0x88, 0x85, 0x5F, 0x8A, 0x6C, 0xD9, 0x49, 0x2E, 0x47,
    0x7C, 0x51, 0xC9, 0xB5, 0xEC, 0xD4, 0xD1, 0xF7, 0x26, 0x54, 0xF8, 0x05, 0x7D, 0x52, 0x31, 0x4E,
    0xC3, 0x40, 0x10, 0x1C, 0xC7, 0x48, 0x29, 0x82, 0x74, 0x29, 0x12, 0x89, 0x02, 0x48, 0x8A, 0x14,
    0x34, 0x81, 0x86, 0x22, 0x48, 0x0E, 0x71, 0x43, 0x9F, 0xC6, 0xD4, 0xA9, 0xA9, 0x40, 0x58, 0x22,
    0x02, 0xA1, 0xB8, 0x77, 0xC3, 0x13, 0x28, 0x68, 0x30, 0x8D, 0x25, 0x52, 0x80, 0x90, 0xE0, 0x7E,
    0x80, 0x7F, 0x80, 0x9F, 0x70, 0x45, 0x0A, 0x8A, 0x88, 0x65, 0x2E, 0x26, 0x28, 0x20, 0xC8, 0x69,
    0x56, 0xDE, 0x3B, 0xEF, 0xCD, 0xEE, 0xEC, 0x1E, 0x00, 0x38, 0x39, 0x50, 0xD6, 0x80, 0xA2, 0xDF,
    0x0D, 0x92, 0x9B, 0x17, 0x91, 0xF7, 0x2E, 0xD0, 0x57, 0x3E, 0xE0, 0x66, 0x3C, 0xB4, 0x66, 0x57,
    0x15, 0x98, 0xC2, 0x15, 0xA8, 0x33, 0xED, 0x1D, 0x9B, 0x66, 0x38, 0x40, 0x88, 0x65, 0x98, 0xAF,
    0x36, 0x6D, 0x46, 0xA6, 0x8F, 0x6E, 0x03, 0x63, 0xE9, 0x6B, 0x70, 0x4C, 0x91, 0xB4, 0xC1, 0x7F,
    0xEB, 0x45, 0x58, 0x13, 0xCB, 0xF9, 0x76, 0xC3, 0xB4, 0x7D, 0x92, 0x57, 0x9E, 0xA2, 0xD2, 0x07,
    0xF0, 0x30, 0x27, 0x2F, 0x65, 0x1B, 0x28, 0x47, 0x15, 0x7F, 0x93, 0xDE, 0x65, 0x10, 0x4C, 0x44,
    0x64, 0xEA, 0x01, 0x46, 0x31, 0x9D, 0xAB, 0x15, 0x1C, 0xBD, 0xFA, 0x4D, 0x3F, 0x45, 0x59, 0xFC,
    0xC6, 0x59, 0xE6, 0x85, 0xA6, 0x1A, 0x56, 0x7F, 0xD1, 0xB7, 0xC2, 0x01, 0xCF, 0xA9, 0x8D, 0x0A,
    0x19, 0x69, 0xD5, 0x36, 0x17, 0x04, 0xFF, 0xBC, 0x42, 0x7F, 0x31, 0xB8, 0xFE, 0xD8, 0x7F, 0x91,
    0xF7, 0x7A, 0xD0, 0x67, 0xDB, 0x80, 0xF1, 0x02, 0x52, 0x0B, 0x93, 0xBA, 0x3A, 0x55, 0x48, 0xF7,
    0x83, 0x74, 0x24, 0x66, 0x1B, 0xA8, 0xF8, 0xAC, 0x16, 0xB8, 0xB6, 0x75, 0xD5, 0x80, 0xE1, 0x4F,
    0x74, 0x08, 0x0F, 0x1D, 0x85, 0x8E, 0xAB, 0xF7, 0x0E, 0x4D, 0x4F, 0x26, 0x28, 0xE5, 0x14, 0x09,
    0xDE, 0xDC, 0x2A, 0xC4, 0x38, 0xB0, 0xED, 0x84, 0x6F, 0x35, 0x52, 0x25, 0xBF, 0x5D, 0xEE, 0x9F,
    0x93, 0x3B, 0x4D, 0xFD, 0x91, 0x87, 0x62, 0x9A, 0x8C, 0x00, 0x22, 0xDA, 0x00, 0xB3, 0x86, 0xBB,
    0xDA, 0xE9, 0x2B, 0xB6, 0x7F, 0x3F, 0x49, 0x6E, 0x58, 0x1B, 0x7A, 0x22, 0x13, 0xBB, 0x9F, 0xC5,
    0x99, 0x62, 0xC2, 0x5F, 0xA2, 0x5F, 0xD1, 0x88, 0xB3, 0x8B, 0x78, 0x7C, 0x1A, 0xEF, 0xBA, 0x31,
    0xFE, 0x84, 0x73, 0xC0, 0xE8, 0x16, 0xCD, 0x43, 0x9D, 0xE9, 0x38, 0x57, 0x7D, 0x94, 0x24, 0x96,
    0x66, 0x38, 0x12, 0xB1, 0x73, 0xFE, 0x7A, 0x54, 0xDE, 0x8C, 0xF9, 0x3F, 0x1A, 0xE2, 0x3E, 0xEE,
    0xF4, 0x62, 0xA3, 0x62, 0xED, 0xBE, 0xCD, 0x5B, 0x7F, 0xB5, 0x46, 0xCD, 0xDB, 0x6C, 0x54, 0x25,
    0xDA, 0x11, 0xC9, 0xCF, 0x93, 0x64, 0x4C, 0x66, 0x8F, 0x15, 0x9B, 0x86, 0x48, 0x66, 0x27, 0xEE,
    0xE4, 0x7C, 0x58, 0xFE, 0x0A, 0x3E, 0x01, 0xAD, 0x57, 0x3D, 0x6F, 0xDB, 0x56, 0x14, 0xBD, 0x24,
    0x63, 0x13, 0x08, 0x81, 0xD0, 0x83, 0x8D, 0xA2, 0x2D, 0x6A, 0x66, 0xF0, 0x10, 0xA4, 0x96, 0xB8,
    0x64, 0x50, 0x00, 0x7D, 0xB0, 0x5D, 0xBB, 0x78, 0xB0, 0x92, 0x21, 0x43, 0x32, 0x77, 0x89, 0x07,
    0x15, 0x30, 0x0A, 0xC5, 0xE2, 0xDE, 0x25, 0x43, 0xDB, 0xB5, 0x19, 0x5A, 0xA0, 0x55, 0x86, 0x68,
    0xD0, 0xE0, 0x14, 0x4E, 0x49, 0xF4, 0x17, 0x10, 0x2D, 0xD2, 0xA5, 0x0B, 0x87, 0x06, 0x28, 0x3C,
    0xB4, 0x1C, 0x58, 0x94, 0x48, 0x28, 0xB1, 0xE7, 0x3C, 0x8A, 0x94, 0x9D, 0x26, 0xCD, 0x47, 0x43,
    0xEB, 0x3D, 0x51, 0x7C, 0xEF, 0x1E, 0x9E, 0xFB, 0xF1, 0xEE, 0xBD, 0x5E, 0x17, 0x59, 0x91, 0x03,
    0x11, 0xDB, 0xEB, 0x89, 0xB8, 0xE2, 0x7A, 0xD2, 0x11, 0xDB, 0x97, 0xA1, 0x58, 0xA1, 0x1C, 0x8A,
    0x59, 0x14, 0x89, 0x18, 0x9C, 0xF4, 0xC4, 0x88, 0x44, 0x32, 0x23, 0x14, 0xC9, 0x2D, 0x5F, 0x64,
    0x68, 0x8B, 0x48, 0x77, 0x13, 0x93, 0xDB, 0xC0, 0x64, 0x0F, 0x39, 0xA5, 0x98, 0xCC, 0x04, 0x13,
    0xF7, 0x96, 0x97, 0x86, 0x11, 0xA4, 0xA2, 0x3F, 0x9A, 0xE1, 0x16, 0xAF, 0x10, 0x87, 0x1B, 0x3D,
    0xE1, 0x4B, 0xDE, 0xFD, 0xCA, 0x97, 0xA0, 0xF0, 0x8D, 0xD8, 0xF1, 0x2D, 0xDF, 0xF6, 0x6D, 0x3C,
    0x6F, 0x8A, 0x0D, 0x02, 0x0E, 0x46, 0x13, 0xA3, 0x8D, 0x71, 0x28, 0x3D, 0x2D, 0x11, 0xE7, 0xCF,
    0x50, 0xCC, 0x79, 0x09, 0xB9, 0xD1, 0xDF, 0x29, 0x8A, 0xFC, 0xFB, 0x71, 0x2E, 0x72, 0x74, 0xF2,
    0xF3, 0xE9, 0x38, 0x1F, 0x15, 0x4F, 0x3F, 0xC4, 0x07, 0x9B, 0x8B, 0x22, 0x5B, 0xD0, 0xF9, 0x4E,
    0xF6, 0xC4, 0x2D, 0xD2, 0x44, 0x8A, 0x2F, 0x8B, 0xD0, 0x48, 0xC5, 0xF5, 0xA1, 0x68, 0x2F, 0x04,
    0xA3, 0xBF, 0x23, 0x57, 0x8C, 0x9F, 0xE2, 0xAE, 0xD8, 0x1F, 0x24, 0x1D, 0xE9, 0x68, 0x98, 0x32,
    0x4C, 0x7A, 0xAC, 0x25, 0x5D, 0xCB, 0xD7, 0x13, 0xB7, 0x29, 0x60, 0x0A, 0x9B, 0x84, 0x36, 0xF8,
    0xF8, 0x56, 0x22, 0x23, 0x71, 0x8A, 0x7B, 0x99, 0x0C, 0xDD, 0x22, 0x92, 0xF3, 0xB2, 0x4B, 0xFC,
    0x1D, 0xE8, 0x0E, 0x03, 0x98, 0xB0, 0x84, 0x95, 0x97, 0x66, 0x69, 0x74, 0x44, 0xDA, 0xAE, 0xC8,
    0x3E, 0x34, 0x9F, 0x42, 0xEB, 0xC4, 0x0A, 0xF5, 0xD8, 0x8C, 0x8C, 0xD0, 0x88, 0xCD, 0x50, 0x4F,
    0x6C, 0x4F, 0x4B, 0x61, 0xCB, 0xAC, 0x09, 0xA6, 0xBD, 0xA2, 0x98, 0x61, 0xCC, 0x57, 0xFA, 0xFD,
    0x5D, 0xC1, 0x4D, 0x21, 0xBD, 0x6F, 0xAE, 0x04, 0x27, 0x9C, 0x62, 0x2B, 0xA7, 0x44, 0x02, 0xA7,
    0x24, 0xDA, 0xBF, 0x9D, 0x72, 0xEB, 0x25, 0x9D, 0x02, 0x13, 0xC2, 0x11, 0x45, 0xE1, 0x69, 0xC5,
    0x78, 0x5C, 0x2E, 0x02, 0x9E, 0xFE, 0xA7, 0x3C, 0xA7, 0xB6, 0xBA, 0x1B, 0x63, 0x75, 0x44, 0x1A,
    0x1D, 0x30, 0x02, 0x87, 0x6A, 0x95, 0x3E, 0x24, 0x17, 0x60, 0x2A, 0xBB, 0x06, 0x80, 0x12, 0x8B,
    0x93, 0x08, 0xC1, 0x36, 0xFE, 0xAA, 0xE0, 0xEF, 0x1E, 0x03, 0x1E, 0xFC, 0x6C, 0xDF, 0xF4, 0x01,
    0x0F, 0x33, 0xC3, 0xBE, 0x84, 0xDF, 0x24, 0x7C, 0x50, 0xC3, 0xDF, 0x27, 0xFC, 0x94, 0xF0, 0x90,
    0x77, 0xB4, 0x18, 0xF0, 0x3F, 0x82, 0xAE, 0xF1, 0x24, 0xAC, 0xE0, 0x6D, 0x35, 0xF1, 0x6D, 0x9B,
    0xB5, 0x1A, 0x64, 0xA5, 0x56, 0xCD, 0x39, 0x98, 0x3A, 0x54, 0x81, 0x21, 0xB6, 0x60, 0x3A, 0x1E,
    0xCF, 0x08, 0x3F, 0x3F, 0x41, 0xDC, 0x25, 0x43, 0xFB, 0x37, 0x4C, 0x7A, 0x41, 0x3C, 0x17, 0x13,
    0x6D, 0x81, 0x7D, 0x33, 0x91, 0x8B, 0xE3, 0x80, 0x26, 0x32, 0x68, 0x31, 0x46, 0x4E, 0x25, 0xA4,
    0xB4, 0xC5, 0xEA, 0xF8, 0x9E, 0x72, 0x0A, 0x24, 0x76, 0x9D, 0xDA, 0x0C, 0x6E, 0xFD, 0x42, 0xF8,
    0x5B, 0x18, 0x15, 0x45, 0xE1, 0x63, 0x82, 0x61, 0xE8, 0x17, 0x79, 0xEB, 0x61, 0x0D, 0xFF, 0x98,
    0xF0, 0x09, 0xE1, 0xA7, 0x84, 0x1F, 0x12, 0xBE, 0x4D, 0x80, 0x06, 0xE1, 0x83, 0x1A, 0xFE, 0xDA,
    0xE7, 0x40, 0x36, 0x7D, 0x87, 0x08, 0x58, 0xD5, 0x23, 0xC0, 0x6B, 0x31, 0xE1, 0x9F, 0xD4, 0xF0,
    0x79, 0xED, 0xA5, 0x46, 0xED, 0xD3, 0x5D, 0x29, 0x57, 0x2F, 0x8E, 0xEF, 0x2D, 0x55, 0xE8, 0x95,
    0x4C, 0x9D, 0x63, 0xC0, 0xBB, 0x45, 0xE9, 0xA3, 0x25, 0x71, 0x9C, 0x7C, 0x59, 0xCD, 0x29, 0x16,
    0x63, 0xC2, 0x01, 0xEB, 0xE3, 0xC2, 0xF1, 0xC2, 0x91, 0x87, 0x44, 0xE0, 0xE1, 0x70, 0xB8, 0xF2,
    0xA6, 0xA7, 0x9B, 0x99, 0x16, 0xC4, 0x45, 0x6E, 0x14, 0x09, 0x1C, 0xB8, 0x03, 0x52, 0xA9, 0x7B,
    0x3C, 0x4E, 0xED, 0x48, 0x0E, 0x11, 0x8A, 0x2D, 0x3D, 0xC3, 0x61, 0x7A, 0xB0, 0x60, 0xEE, 0xC0,
    0x84, 0x56, 0x5C, 0x1E, 0x2A, 0x03, 0xDF, 0x90, 0x57, 0xEC, 0x69, 0x70, 0x58, 0x58, 0x4F, 0x64,
    0xDD, 0x0C, 0xA5, 0x8D, 0xB8, 0x1A, 0xF6, 0xFA, 0x57, 0x32, 0xE8, 0x91, 0xF6, 0x98, 0xAE, 0x4A,
    0x7B, 0xC0, 0x4C, 0xCA, 0x2A, 0x8C, 0x27, 0x3A, 0xC3, 0x62, 0xDE, 0x59, 0x48, 0xEF, 0x97, 0xB1,
    0xAA, 0x47, 0xE5, 0x12, 0x53, 0xD2, 0xE6, 0xC2, 0xA4, 0x87, 0xCB, 0x25, 0x44, 0xAD, 0x92, 0x68,
    0x56, 0xD6, 0x2E, 0xBF, 0xB7, 0xD5, 0x66, 0x5B, 0x21, 0x1A, 0x3E, 0x01, 0xB4, 0x48, 0xC9, 0x4C,
    0x14, 0x70, 0x5B, 0x79, 0xE5, 0x5C, 0xBD, 0x23, 0x54, 0x3B, 0xE2, 0x85, 0x7C, 0x8B, 0x9F, 0xAD,
    0xD6, 0xD6, 0xC1, 0xE5, 0xDC, 0x42, 0xE6, 0x98, 0x23, 0xCB, 0x46, 0xBD, 0xCB, 0xD9, 0xA5, 0xD6,
    0x85, 0x72, 0x89, 0x17, 0x8E, 0xD3, 0x4C, 0x9A, 0xD7, 0xBD, 0xB6, 0xE9, 0xEF, 0x1B, 0x61, 0xCB,
    0xF0, 0x3B, 0x96, 0xE7, 0xCC, 0x45, 0xBB, 0x23, 0xEB, 0xB3, 0xD9, 0xFE, 0x92, 0x88, 0x0C, 0x17,
    0x7C, 0xE1, 0x70, 0x8D, 0x9C, 0xE3, 0xF2, 0x9C, 0x53, 0x25, 0xD3, 0x1F, 0xFB, 0x96, 0x57, 0x84,
    0xB6, 0x5C, 0x8D, 0x1C, 0x58, 0xAF, 0x81, 0x1D, 0x10, 0x49, 0x31, 0x32, 0x88, 0x1C, 0x61, 0x7B,
    0x1B, 0xA3, 0x07, 0x11, 0x37, 0x2A, 0x4D, 0xCD, 0x2C, 0x40, 0x23, 0x31, 0x65, 0xA4, 0x7C, 0x63,
    0x53, 0xDA, 0xD6, 0x54, 0x5A, 0x30, 0x7D, 0x0B, 0xD0, 0x6D, 0x73, 0x2A, 0xEE, 0x0F, 0x5D, 0xB1,
    0xD2, 0x72, 0x93, 0x15, 0x5B, 0xB1, 0x9B, 0xF7, 0xB2, 0x96, 0x9D, 0xB4, 0x07, 0x66, 0xB8, 0xCD,
    0xB1, 0x7F, 0x2E, 0x69, 0x77, 0x8F, 0x0E, 0x52, 0x3B, 0x76, 0x94, 0xC2, 0xEB, 0x0B, 0xA2, 0xAF,
    0x33, 0x3A, 0xC8, 0x83, 0x3C, 0x12, 0x2A, 0x15, 0x2E, 0xAD, 0x57, 0x46, 0xB6, 0xA6, 0x12, 0x5B,
    0x5C, 0x65, 0x22, 0x15, 0xE7, 0x0C, 0x1B, 0x8D, 0x29, 0xC9, 0x48, 0xAA, 0xE7, 0x2A, 0xCC, 0x6F,
    0x49, 0x19, 0x2F, 0xE5, 0x73, 0xEB, 0x61, 0xBF, 0xEF, 0xF1, 0x2C, 0x84, 0xCC, 0x3E, 0xE1, 0x4E,
    0xFA, 0x9C, 0xEB, 0xCE, 0xFA, 0x99, 0x76, 0xF3, 0xD5, 0xFE, 0x2E, 0xBC, 0xAD, 0x6A, 0x40, 0xF9,
    0x1E, 0x95, 0x48, 0x58, 0x06, 0xC4, 0xA6, 0x36, 0x0E, 0x83, 0xA8, 0xC1, 0xE8, 0x65, 0xBC, 0xCA,
    0x3E, 0x33, 0x76, 0x4A, 0x47, 0x31, 0x8B, 0xB3, 0xCC, 0xD0, 0x6B, 0x09, 0xEA, 0x0B, 0x1C, 0x5A,
    0x66, 0x7B, 0x46, 0xAA, 0x4B, 0x15, 0x3A, 0x0C, 0xA5, 0x75, 0x96, 0xEA, 0xAE, 0x3A, 0xCC, 0x0C,
    0x48, 0x9B, 0x55, 0xC1, 0xE2, 0x3E, 0x48, 0xA4, 0xF4, 0x7A, 0x82, 0x18, 0x63, 0x00, 0xA8, 0xAA,
    0x30, 0xC5, 0x53, 0x19, 0xF2, 0x1D, 0x6D, 0x15, 0xC0, 0xAA, 0xEE, 0x76, 0xAA, 0xAA, 0x60, 0x66,
    0x15, 0x3F, 0x9D, 0x4C, 0x3F, 0xFE, 0x9A, 0x55, 0x5E, 0xEC, 0x47, 0x37, 0x91, 0x70, 0x8C, 0xB8,
    0x83, 0x48, 0xC1, 0xAE, 0xF4, 0x55, 0x07, 0x18, 0xEE, 0xBC, 0xAA, 0x0C, 0x2C, 0x93, 0x74, 0xC1,
    0xC2, 0xF5, 0xCC, 0xD8, 0x7A, 0x1C, 0xF8, 0x1A, 0x53, 0xE5, 0x8A, 0x57, 0x46, 0x8E, 0x8E, 0x6C,
    0x66, 0xFE, 0x8A, 0xF2, 0xF1, 0xA1, 0xA7, 0x8E, 0xFD, 0xFF, 0x1D, 0x30, 0xE6, 0x1A, 0xBC, 0x30,
    0xC4, 0x8B, 0x47, 0x50, 0xFE, 0x9D, 0xDB, 0x8B, 0xA0, 0x62, 0xA4, 0x20, 0xFF, 0x94, 0x11, 0xF3,
    0xFC, 0x0B, 0x62, 0x19, 0x0E, 0x61, 0x8E, 0x5E, 0x26, 0x5F, 0x03, 0xD4, 0x22, 0xE4, 0x72, 0x3E,
    0x3B, 0x2A, 0x03, 0xEC, 0xF9, 0x97, 0x75, 0xE2, 0x1D, 0x1A, 0x4F, 0xA7, 0x1D, 0x3A, 0xFE, 0xCA,
    0x89, 0x0D, 0xEB, 0xC0, 0x9A, 0xA9, 0xC3, 0xFC, 0xF2, 0xA8, 0xCF, 0x62, 0x04, 0xDF, 0xDE, 0x70,
    0x82, 0x5F, 0x92, 0xD6, 0x6A, 0x11, 0xAE, 0xC9, 0x86, 0x0A, 0x48, 0x7B, 0x2E, 0x93, 0xEE, 0xF5,
    0x27, 0xD1, 0x25, 0x2D, 0xF0, 0x96, 0x4D, 0x40, 0x7F, 0x87, 0xC9, 0x92, 0xDF, 0xD5, 0x33, 0xFE,
    0xE6, 0x38, 0xEB, 0x9D, 0xE9, 0xA5, 0x8D, 0xFB, 0x41, 0x3E, 0x71, 0x60, 0x27, 0xCF, 0x8D, 0xDF,
    0x1B, 0xCD, 0x87, 0x89, 0x9B, 0xAD, 0xE9, 0xB7, 0xB7, 0x44, 0x6E, 0x70, 0xCB, 0x6A, 0xF0, 0xB8,
    0x86, 0xE2, 0x3D, 0x9F, 0x71, 0x8D, 0xC9, 0x4B, 0x8B, 0x2E, 0xDE, 0xFD, 0x9D, 0x45, 0xAA, 0xA1,
    0x0E, 0xEC, 0x84, 0x05, 0xEB, 0xFD, 0xE3, 0x6F, 0x2D, 0x46, 0x30, 0x0B, 0xE9, 0x9D, 0x2A, 0x49,
    0xBF, 0x88, 0x87, 0xA0, 0x16, 0xA0, 0x20, 0xB8, 0xB1, 0x3E, 0x67, 0x92, 0x3A, 0x50, 0xA9, 0x4A,
    0x47, 0x84, 0x8C, 0x22, 0x15, 0xC3, 0x8B, 0x54, 0x88, 0x72, 0x8B, 0x37, 0x9C, 0x57, 0x05, 0xDB,
    0x8D, 0x05, 0x9B, 0xD5, 0xBE, 0x9C, 0x1F, 0x37, 0x5A, 0x9D, 0x49, 0x2F, 0x2A, 0x6B, 0xF4, 0x72,
    0x73, 0xF5, 0x6B, 0x4B, 0xCE, 0x0A, 0xB7, 0x05, 0x14, 0xB1, 0x52, 0x82, 0xC3, 0x44, 0xEA, 0x16,
    0x0D, 0x1E, 0x9D, 0xE5, 0xC4, 0x7C, 0x93, 0x36, 0x97, 0x91, 0x5F, 0xFD, 0xC0, 0xFE, 0x11, 0x64,
    0x2F, 0x50, 0xF6, 0xC4, 0x75, 0x41, 0x56, 0xC9, 0xDD, 0xB7, 0x63, 0x7A, 0x41, 0x63, 0xBF, 0x3A,
    0xF2, 0x9D, 0xE5, 0x8F, 0x5C, 0x7A, 0x48, 0xEC, 0x29, 0xF9, 0x07, 0x1E, 0x08, 0x96, 0xB7, 0x3D,
    0x8F, 0xFB, 0x4F, 0x62, 0x6D, 0xD0, 0x10, 0xA7, 0x4A, 0x79, 0xFE, 0x54, 0xEF, 0x25, 0x8B, 0x2E,
    0xBA, 0xBC, 0xAB, 0xFB, 0x36, 0x4D, 0x95, 0x72, 0x36, 0x09, 0x73, 0xEF, 0x14, 0x33, 0xD6, 0x06,
    0x55, 0xD0, 0x54, 0x65, 0xD0, 0xAE, 0x3E, 0xAC, 0xFA, 0xA6, 0x7B, 0x63, 0xE8, 0x68, 0x13, 0xA2,
    0x29, 0xAA, 0xE3, 0xC6, 0xA7, 0xCD, 0xB8, 0x52, 0x65, 0x2C, 0x5D, 0x74, 0x64, 0xAE, 0xEA, 0xC8,
    0x7E, 0x66, 0x61, 0x51, 0x2D, 0xC4, 0x4D, 0xD5, 0xF0, 0xD5, 0xEF, 0xDF, 0x3C, 0xD9, 0x87, 0x54,
    0x57, 0xA3, 0xEE, 0x50, 0xDA, 0xD4, 0xE8, 0xB0, 0xD2, 0xE8, 0x6E, 0x91, 0x2E, 0xDA, 0x19, 0x23,
    0xEC, 0x72, 0x52, 0xCD, 0x8E, 0x4D, 0x7D, 0x6C, 0x76, 0x78, 0x36, 0xF1, 0x54, 0x53, 0xC4, 0xF6,
    0xE8, 0xB4, 0x46, 0xD4, 0x42, 0xD5, 0xD1, 0x5A, 0x95, 0x4A, 0xBF, 0x53, 0x9D, 0xE0, 0x32, 0xF1,
    0x77, 0x6A, 0x12, 0xC3, 0x65, 0x5B, 0xBB, 0x6C, 0xEA, 0x14, 0xCA, 0x52, 0xA3, 0xFA, 0x52, 0x8D,
    0x92, 0x5B, 0xF6, 0x7A, 0x6F, 0xD6, 0x15, 0xAA, 0x21, 0x55, 0x13, 0xFF, 0x17, 0x61, 0xA0, 0x23,
    0x6B, 0xA7, 0x83, 0x5B, 0x30, 0xC1, 0xC0, 0xF2, 0xCE, 0xC9, 0x40, 0x0F, 0xB7, 0x65, 0x20, 0x71,
    0x0B, 0xD3, 0x64, 0x0F, 0xD3, 0xE0, 0x93, 0xFE, 0xFD, 0xFE, 0x00, 0xAA, 0x15, 0xD9, 0x80, 0x3F,
    0xD5, 0xA4, 0x56, 0xD5, 0x3E, 0x48, 0x18, 0x21, 0x64, 0xF1, 0x6F, 0x44, 0x36, 0x78, 0x40, 0xE6,
    0x34, 0xCF, 0xAE, 0x9C, 0x82, 0x17, 0xC2, 0x0B, 0xE1, 0x85, 0xF0, 0x42, 0x78, 0x21, 0xBC, 0x10,
    0xBE, 0x5F, 0xC3, 0x0B, 0xE1, 0x85, 0xF0, 0x42, 0x78, 0xEC, 0xB3, 0x69, 0x65, 0xC8, 0x12, 0x5E,
    0xFE, 0x0B, 0x3E, 0xA4, 0xFB, 0x62, 0x71, 0xC3, 0xED, 0x43, 0x99, 0xC6, 0xAD, 0xA6, 0x1E, 0x4D,
    0xF6, 0xAC, 0xCF, 0xBC, 0xC1, 0x1E, 0x22, 0xFC, 0xD2, 0x04, 0x46, 0x6B, 0xED, 0xE9, 0x7F, 0xC8,
    0xA5, 0x81, 0xF5, 0x91, 0x3F, 0x68, 0x35, 0xF4, 0x78, 0xB2, 0x3D, 0x95, 0xC3, 0x18, 0x0E, 0x70,
    0x43, 0x25, 0xFB, 0x02, 0x78, 0x32, 0x00, 0x7B, 0x97, 0xEC, 0x01, 0x0F, 0xFF, 0x4F, 0x06, 0x50,
    0x68, 0xB0, 0x87, 0x30, 0x01, 0xFC, 0x94, 0xF0, 0x11, 0xE1, 0x3D, 0xB0, 0x6F, 0x90, 0xFD, 0x94,
    0xEC, 0x23, 0xB2, 0x7F, 0x26, 0x3C, 0x13, 0xB2, 0xFF, 0x5A, 0x63, 0xE3, 0xDA, 0x17, 0x3B, 0xB0,
    0x57, 0xC6, 0xB1, 0xF6, 0x60, 0x7E, 0x74, 0x46, 0xCE, 0x20, 0xAB, 0x8D, 0xD0, 0x80, 0xB8, 0x5E,
    0x80, 0xB9, 0xE7, 0x77, 0x10, 0x00, 0x8E, 0xFC, 0x03, 0x9D, 0x93, 0x3D, 0x6E, 0xDC, 0x30, 0x10,
    0x85, 0x47, 0x62, 0xC1, 0x42, 0x01, 0x54, 0xB9, 0x96, 0x8B, 0x94, 0xCE, 0xFA, 0x02, 0x2B, 0x2C,
    0x8F, 0xE0, 0x93, 0xC4, 0xAD, 0x8B, 0x45, 0xAC, 0x13, 0xA5, 0xDE, 0x22, 0x88, 0x74, 0x04, 0xA5,
    0x76, 0x23, 0x03, 0x3E, 0x00, 0x8D, 0xB0, 0x08, 0x10, 0x69, 0x99, 0x79, 0x33, 0x43, 0x23, 0x89,
    0x1B, 0x27, 0x2A, 0x34, 0x94, 0xB0, 0x22, 0xBF, 0xF7, 0xB3, 0x44, 0xE5, 0x6A, 0x9E, 0xAE, 0x17,
    0x1E, 0x63, 0xFE, 0x19, 0x89, 0xEA, 0xB9, 0x9B, 0x6F, 0x88, 0xFC, 0xE4, 0x27, 0x7E, 0xD7, 0x86,
    0x66, 0xC0, 0xE0, 0x85, 0xFC, 0x22, 0x9F, 0x89, 0x5C, 0xCE, 0x79, 0xE3, 0xA7, 0x0F, 0xB4, 0xC3,
    0xD7, 0x7B, 0xEA, 0x75, 0xEC, 0x31, 0x8E, 0x3A, 0x4E, 0x74, 0x87, 0x91, 0x78, 0xC1, 0x57, 0xE4,
    0x05, 0x51, 0x15, 0x79, 0x81, 0x51, 0x61, 0xD4, 0x4B, 0x8D, 0x43, 0xDD, 0x5C, 0xCF, 0x18, 0x93,
    0xC3, 0x71, 0xE5, 0xD4, 0xA1, 0xE1, 0xE3, 0xAE, 0xBA, 0xA7, 0x8F, 0xFC, 0x70, 0xD8, 0xF2, 0x0F,
    0x1E, 0xDD, 0x72, 0x11, 0xE8, 0xB7, 0xAB, 0x39, 0xE3, 0xFE, 0x75, 0x0C, 0xD8, 0x0A, 0x74, 0x7E,
    0xAA, 0x04, 0x98, 0x84, 0x97, 0x04, 0x77, 0x13, 0x5A, 0xC0, 0xF6, 0xC2, 0xB5, 0xB7, 0xFB, 0x17,
    0x21, 0x4D, 0x02, 0x0A, 0x98, 0x24, 0x48, 0x11, 0x44, 0x55, 0x74, 0xDF, 0xE4, 0xFE, 0x80, 0x8D,
    0x3D, 0x76, 0x98, 0x5D, 0x04, 0x21, 0x09, 0x20, 0x95, 0x43, 0xAE, 0x3A, 0x2C, 0x0F, 0x2B, 0x09,
    0x1C, 0xFD, 0xC1, 0x96, 0x67, 0x61, 0x9B, 0x61, 0x27, 0x3E, 0x51, 0x5D, 0x6A, 0xA6, 0x7A, 0x39,
    0x6E, 0x2D, 0xD8, 0xD6, 0x4E, 0xD8, 0x76, 0x2F, 0x3E, 0x2A, 0xA1, 0xBA, 0x78, 0xE2, 0x59, 0x3C,
    0x14, 0x0B, 0xE1, 0x60, 0x80, 0x81, 0xDF, 0x27, 0xF8, 0x97, 0xC1, 0x56, 0xAD, 0xFF, 0xC6, 0x86,
    0xB8, 0xD5, 0xBB, 0xF1, 0xFC, 0x69, 0x1C, 0x24, 0xF0, 0xA5, 0x11, 0xFF, 0x9C, 0x39, 0x28, 0x91,
    0x97, 0xCC, 0x11, 0xBA, 0xF9, 0x28, 0xE9, 0x4B, 0xEC, 0xBD, 0xF1, 0x16, 0x4F, 0x8F, 0xC6, 0x7C,
    0xB2, 0xE8, 0x93, 0x71, 0x47, 0x25, 0x87, 0xBB, 0x60, 0x77, 0x8F, 0x1A, 0xBF, 0x7A, 0x5B, 0x2F,
    0x6E, 0xD3, 0x02, 0xB8, 0xF4, 0xD2, 0x80, 0x52, 0x01, 0xEB, 0x40, 0x29, 0x41, 0x69, 0xC1, 0xAB,
    0x1A, 0x98, 0x9E, 0xC5, 0xF4, 0xCC, 0xAA, 0xC7, 0x4D, 0xAA, 0xC7, 0x99, 0xEB, 0xE2, 0xBE, 0x29,
    0x43, 0x89, 0x59, 0x99, 0xB4, 0xB8, 0x35, 0x3D, 0x9D, 0xE9, 0xD9, 0x99, 0x9E, 0xDE, 0xF4, 0xEC,
    0x4D, 0x4F, 0xC9, 0xA1, 0x24, 0x61, 0x59, 0x50, 0x0A, 0x5A, 0x67, 0xCD, 0x63, 0xA9, 0x72, 0xD0,
    0x42, 0xAF, 0xFF, 0xAF, 0xE7, 0x1E, 0xD5, 0xA9, 0xF0, 0x4F, 0xE4, 0x2D, 0x10, 0x84, 0x1F, 0x7C,
    0x80, 0x8A, 0x56, 0x32, 0xE9, 0x34, 0x91, 0x4D, 0xF8, 0xD7, 0xBF, 0x7B, 0xAD, 0x39, 0x68, 0x0A,
    0x9A, 0x81, 0x24, 0xA0, 0xFE, 0x57, 0xCB, 0x7B, 0xBE, 0xD7, 0xCF, 0x49, 0xBA, 0xB3, 0x30, 0x29,
    0x81, 0xF7, 0x4D, 0xDD, 0xB9, 0x18, 0xA4, 0xD6, 0xF8, 0x55, 0x2F, 0x5F, 0x44, 0x8F, 0x37, 0x11,
    0x9A, 0x6E, 0xE3, 0x6D, 0xA6, 0x3A, 0x3F, 0x73, 0x3B, 0xFC, 0x70, 0xD3, 0xC9, 0x36, 0x6C, 0x64,
    0x33, 0xC1, 0x46, 0x8E, 0x96, 0xD1, 0xAA, 0xB3, 0x00, 0x1E, 0x02, 0x00, 0xDB, 0x89, 0x01, 0x2F,
    0xFD, 0x94, 0xDE, 0xD1, 0xA9, 0x09, 0xE9, 0x48, 0xE3, 0x67, 0xCA, 0x91, 0xAE, 0x13, 0xDD, 0x0F,
    0x76, 0xDC, 0x2F, 0x25, 0x8E, 0xB1, 0x0D, 0xC3, 0x30, 0x0C, 0x04, 0xDF, 0x6A, 0x54, 0xA8, 0xC8,
    0x08, 0x9A, 0x20, 0xE6, 0x06, 0x89, 0x87, 0x4A, 0x1F, 0x8F, 0xE5, 0x22, 0x80, 0x56, 0xF0, 0x08,
    0x1A, 0xC1, 0x45, 0x0A, 0x16, 0xB1, 0x3E, 0x24, 0xCD, 0xE6, 0x08, 0x1C, 0xC8, 0x7F, 0x00, 0x0B,
    0x7C, 0xA6, 0x1E, 0xC8, 0x1A, 0xA8, 0x23, 0xF0, 0xAA, 0xAB, 0xAB, 0x3D, 0x64, 0xDE, 0x97, 0xCD,
    0x15, 0xF5, 0x61, 0x78, 0xF3, 0x94, 0x15, 0x13, 0x39, 0x6A, 0x47, 0x76, 0xA8, 0x29, 0x76, 0x19,
    0x10, 0x2A, 0x9E, 0x03, 0x85, 0x47, 0xB2, 0x2D, 0xF1, 0x2B, 0xB4, 0xFB, 0xA6, 0x8D, 0xF6, 0x4D,
    0x7E, 0xCD, 0x7F, 0x17, 0xD2, 0x93, 0xD2, 0x29, 0x91, 0xFB, 0xB9, 0x79, 0x10, 0xEE, 0x73, 0xC4,
    0x96, 0xAB, 0x44, 0xBA, 0x2A, 0x45, 0xC1, 0x3F,
};

static const EpdGlyph bookerly_12_italicGlyphs[] = {
    { 0, 0, 0, 0, 0, 0, 0 }, // U+0000
    { 0, 0, 0, 0, 0, 0, 0 }, // U+0008
    { 0, 0, 86, 0, 0, 0, 0 }, // U+0009
    { 0, 0, 86, 0, 0, 0, 0 }, // U+000D
    { 0, 0, 0, 0, 0, 0, 0 }, // U+001D
    { 0, 0, 86, 0, 0, 0, 0 }, // U+0020
    { 7, 20, 121, 1, 19, 35, 0 }, // !
    { 9, 8, 150, 1, 18, 18, 35 }, // "
    { 16, 15, 249, 0, 14, 60, 53 }, // #
    { 14, 25, 224, 0, 20, 88, 113 }, // $
    { 22, 21, 388, 1, 19, 116, 201 }, // %
    { 21, 21, 362, 1, 19, 111, 317 }, // &
    { 4, 8, 82, 1, 18, 8, 428 }, // '
    { 11, 25, 158, 1, 20, 69, 436 }, // (
    { 11, 25, 158, -2, 20, 69, 505 }, // )
    { 9, 9, 152, 1, 19, 21, 574 }, // *
    { 11, 11, 249, 2, 14, 31, 595 }, // +
    { 6, 9, 121, -1, 4, 14, 626 }, // ,
    { 8, 3, 150, 1, 8, 6, 640 }, // -
    { 4, 5, 121, 1, 4, 5, 646 }, // .
    { 14, 20, 200, -1, 18, 70, 651 }, // /
    { 15, 19, 264, 1, 18, 72, 721 }, // 0
    { 10, 18, 170, -1, 18, 45, 793 }, // 1
    { 15, 18, 228, -1, 18, 68, 838 }, // 2
    { 14, 19, 214, 0, 18, 67, 906 }, // 3
    { 15, 18, 242, 0, 18, 68, 973 }, // 4
    { 14, 19, 194, 1, 18, 67, 1041 }, // 5
    { 15, 19, 228, 1, 18, 72, 1108 }, // 6
    { 13, 19, 212, 3, 18, 62, 1180 }, // 7
    { 14, 19, 232, 1, 18, 67, 1242 }, // 8
    { 15, 19, 224, -1, 18, 72, 1309 }, // 9
    { 7, 14, 121, 1, 13, 25, 1381 }, // :
    { 9, 18, 121, -1, 13, 41, 1406 }, // ;
    { 12, 13, 249, 2, 15, 39, 1447 }, // <
    { 11, 7, 249, 2, 12, 20, 1486 }, // =
    { 12, 13, 249, 2, 15, 39, 1506 }, // >
    { 8, 19, 166, 2, 18, 38, 1545 }, // ?
    { 23, 23, 389, 1, 18, 133, 1583 }, // @
    { 19, 18, 293, -2, 18, 86, 1716 }, // A
    { 16, 19, 248, -1, 18, 76, 1802 }, // B
    { 15, 19, 258, 1, 18, 72, 1878 }, // C
    { 19, 19, 290, -1, 18, 91, 1950 }, // D
    { 17, 18, 245, -1, 18, 77, 2041 }, // E
    { 16, 18, 222, -1, 18, 72, 2118 }, // F
    { 16, 19, 284, 1, 18, 76, 2190 }, // G
    { 22, 18, 320, -1, 18, 99, 2266 }, // H
    { 11, 18, 149, -1, 18, 50, 2365 }, // I
    { 16, 23, 142, -5, 18, 92, 2415 }, // J
    { 20, 19, 280, -1, 18, 95, 2507 }, // K
    { 15, 18, 232, -1, 18, 68, 2602 }, // L
    { 25, 18, 363, -2, 18, 113, 2670 }, // M
    { 21, 19, 306, -1, 18, 100, 2783 }, // N
    { 17, 19, 296, 1, 18, 81, 2883 }, // O
    { 16, 18, 237, -1, 18, 72, 2964 }, // P
    { 21, 24, 296, 1, 18, 126, 3036 }, // Q
    { 17, 19, 259, -1, 18, 81, 3162 }, // R
    { 13, 19, 213, 0, 18, 62, 3243 }, // S
    { 15, 18, 255, 2, 18, 68, 3305 }, // T
    { 18, 19, 307, 2, 18, 86, 3373 }, // U
    { 19, 19, 283, 1, 18, 91, 3459 }, // V
    { 26, 19, 417, 2, 18, 124, 3550 }, // W
    { 20, 18, 269, -2, 18, 90, 3674 }, // X
    { 17, 18, 258, 1, 18, 77, 3764 }, // Y
    { 16, 19, 234, -1, 18, 76, 3841 }, // Z
    { 10, 24, 126, -1, 20, 60, 3917 }, // [
    { 10, 20, 199, 1, 18, 50, 3977 }, // <backslash>
    { 10, 24, 126, -1, 20, 60, 4027 }, // ]
    { 12, 12, 249, 2, 16, 36, 4087 }, // ^
    { 13, 2, 200, 0, -1, 7, 4123 }, // _
    { 5, 7, 246, 5, 21, 9, 4130 }, // `
    { 13, 15, 234, 1, 14, 49, 4139 }, // a
    { 13, 21, 222, 0, 20, 69, 4188 }, // b
    { 10, 15, 177, 1, 14, 38, 4257 }, // c
    { 14, 21, 235, 1, 20, 74, 4295 }, // d
    { 11, 15, 188, 1, 14, 42, 4369 }, // e
    { 18, 26, 164, -5, 20, 117, 4411 }, // f
    { 17, 20, 198, -3, 14, 85, 4528 }, // g
    { 15, 21, 239, 0, 20, 79, 4613 }, // h
    { 7, 21, 130, 1, 20, 37, 4692 }, // i
    { 13, 26, 114, -5, 20, 85, 4729 }, // j
    { 12, 21, 212, 1, 20, 63, 4814 }, // k
    { 7, 21, 123, 1, 20, 37, 4877 }, // l
    { 21, 15, 356, 1, 14, 79, 4914 }, // m
    { 14, 15, 246, 1, 14, 53, 4993 }, // n
    { 12, 15, 218, 1, 14, 45, 5046 }, // o
    { 16, 20, 229, -2, 14, 80, 5091 }, // p
    { 13, 20, 222, 1, 14, 65, 5171 }, // q
    { 11, 14, 171, 1, 14, 39, 5236 }, // r
    { 10, 15, 165, 0, 14, 38, 5275 }, // s
    { 10, 18, 156, 0, 17, 45, 5313 }, // t
    { 14, 14, 244, 1, 13, 49, 5358 }, // u
    { 13, 15, 206, 0, 14, 49, 5407 }, // v
    { 19, 15, 309, 0, 14, 72, 5456 }, // w
    { 16, 15, 224, -1, 14, 60, 5528 }, // x
    { 16, 20, 214, -3, 14, 80, 5588 }, // y
    { 12, 14, 189, 0, 13, 42, 5668 }, // z
    { 10, 25, 157, 1, 20, 63, 5710 }, // {
    { 7, 23, 115, 0, 20, 41, 5773 }, // |
    { 10, 25, 158, -1, 20, 63, 5814 }, // }
    { 12, 5, 249, 2, 11, 15, 5877 }, // ~
    { 0, 0, 86, 0, 0, 0, 0 }, // U+00A0
    { 8, 20, 121, -1, 14, 40, 0 }, // U+00A1
    { 13, 25, 222, 1, 20, 82, 40 }, // U+00A2
    { 16, 18, 245, 0, 17, 72, 122 }, // U+00A3
    { 16, 13, 237, 0, 13, 52, 194 }, // U+00A4
    { 16, 17, 240, 1, 17, 68, 246 }, // U+00A5
    { 7, 23, 115, 0, 20, 41, 314 }, // U+00A6
    { 12, 21, 198, 0, 18, 63, 355 }, // U+00A7
    { 9, 4, 246, 3, 19, 9, 418 }, // U+00A8
    { 19, 19, 313, 0, 18, 91, 427 }, // U+00A9
    { 10, 12, 172, 1, 18, 30, 518 }, // U+00AA
    { 13, 10, 206, 0, 11, 33, 548 }, // U+00AB
    { 11, 7, 249, 2, 12, 20, 581 }, // U+00AC
    { 8, 3, 150, 1, 8, 6, 601 }, // U+00AD
    { 14, 14, 233, 0, 20, 49, 607 }, // U+00AE
    { 9, 3, 246, 3, 18, 7, 656 }, // U+00AF
    { 9, 9, 211, 2, 18, 21, 663 }, // U+00B0
    { 11, 15, 249, 2, 15, 42, 684 }, // U+00B1
    { 10, 12, 179, 0, 21, 30, 726 }, // U+00B2
    { 9, 12, 179, 1, 21, 27, 756 }, // U+00B3
    { 6, 7, 246, 5, 21, 11, 783 }, // U+00B4
    { 16, 21, 239, -1, 14, 84, 794 }, // U+00B5
    { 16, 22, 236, -1, 18, 88, 878 }, // U+00B6
    { 4, 4, 121, 2, 9, 4, 966 }, // U+00B7
    { 6, 6, 246, 5, -1, 9, 970 }, // U+00B8
    { 7, 12, 179, 2, 21, 21, 979 }, // U+00B9
    { 10, 12, 177, 1, 18, 30, 1000 }, // U+00BA
    { 12, 10, 206, 0, 11, 30, 1030 }, // U+00BB
    { 24, 21, 430, 2, 19, 126, 1060 }, // U+00BC
    { 24, 21, 430, 2, 19, 126, 1186 }, // U+00BD
    { 25, 21, 430, 1, 19, 132, 1312 }, // U+00BE
    { 9, 20, 166, 0, 14, 45, 1444 }, // U+00BF
    { 19, 24, 293, -2, 24, 114, 1489 }, // U+00C0
    { 19, 24, 293, -2, 24, 114, 1603 }, // U+00C1
    { 19, 24, 293, -2, 24, 114, 1717 }, // U+00C2
    { 19, 24, 293, -2, 24, 114, 1831 }, // U+00C3
    { 19, 23, 293, -2, 23, 110, 1945 }, // U+00C4
    { 19, 25, 293, -2, 25, 119, 2055 }, // U+00C5
    { 25, 18, 359, -2, 18, 113, 2174 }, // U+00C6
    { 15, 25, 258, 1, 18, 94, 2287 }, // U+00C7
    { 17, 24, 245, -1, 24, 102, 2381 }, // U+00C8
    { 17, 24, 245, -1, 24, 102, 2483 }, // U+00C9
    { 17, 24, 245, -1, 24, 102, 2585 }, // U+00CA
    { 17, 23, 245, -1, 23, 98, 2687 }, // U+00CB
    { 11, 24, 149, -1, 24, 66, 2785 }, // U+00CC
    { 12, 24, 149, -1, 24, 72, 2851 }, // U+00CD
    { 13, 24, 149, -1, 24, 78, 2923 }, // U+00CE
    { 13, 23, 149, -1, 23, 75, 3001 }, // U+00CF
    { 19, 19, 290, -1, 18, 91, 3076 }, // U+00D0
    { 21, 25, 306, -1, 24, 132, 3167 }, // U+00D1
    { 17, 25, 296, 1, 24, 107, 3299 }, // U+00D2
    { 17, 25, 296, 1, 24, 107, 3406 }, // U+00D3
    { 17, 25, 296, 1, 24, 107, 3513 }, // U+00D4
    { 17, 25, 296, 1, 24, 107, 3620 }, // U+00D5
    { 17, 24, 296, 1, 23, 102, 3727 }, // U+00D6
    { 10, 11, 249, 3, 14, 28, 3829 }, // U+00D7
    { 20, 19, 296, -1, 18, 95, 3857 }, // U+00D8
    { 18, 25, 307, 2, 24, 113, 3952 }, // U+00D9
    { 18, 25, 307, 2, 24, 113, 4065 }, // U+00DA
    { 18, 25, 307, 2, 24, 113, 4178 }, // U+00DB
    { 18, 24, 307, 2, 23, 108, 4291 }, // U+00DC
    { 17, 24, 258, 1, 24, 102, 4399 }, // U+00DD
    { 15, 18, 237, -1, 18, 68, 4501 }, // U+00DE
    { 20, 26, 257, -4, 20, 130, 4569 }, // U+00DF
    { 13, 22, 234, 1, 21, 72, 4699 }, // U+00E0
    { 13, 22, 234, 1, 21, 72, 4771 }, // U+00E1
    { 13, 22, 234, 1, 21, 72, 4843 }, // U+00E2
    { 13, 21, 234, 1, 20, 69, 4915 }, // U+00E3
    { 13, 20, 234, 1, 19, 65, 4984 }, // U+00E4
    { 13, 22, 234, 1, 21, 72, 5049 }, // U+00E5
    { 18, 15, 309, 1, 14, 68, 5121 }, // U+00E6
    { 10, 21, 177, 1, 14, 53, 5189 }, // U+00E7
    { 11, 22, 188, 1, 21, 61, 5242 }, // U+00E8
    { 11, 22, 188, 1, 21, 61, 5303 }, // U+00E9
    { 11, 22, 188, 1, 21, 61, 5364 }, // U+00EA
    { 12, 20, 188, 1, 19, 60, 5425 }, // U+00EB
    { 7, 22, 132, 1, 21, 39, 5485 }, // U+00EC
    { 9, 22, 132, 1, 21, 50, 5524 }, // U+00ED
    { 9, 22, 132, 1, 21, 50, 5574 }, // U+00EE
    { 10, 20, 132, 1, 19, 50, 5624 }, // U+00EF
    { 13, 21, 217, 0, 20, 69, 5674 }, // U+00F0
    { 14, 21, 246, 1, 20, 74, 5743 }, // U+00F1
    { 12, 22, 218, 1, 21, 66, 5817 }, // U+00F2
    { 12, 22, 218, 1, 21, 66, 5883 }, // U+00F3
    { 12, 22, 218, 1, 21, 66, 5949 }, // U+00F4
    { 13, 21, 218, 1, 20, 69, 6015 }, // U+00F5
    { 13, 20, 218, 1, 19, 65, 6084 }, // U+00F6
    { 11, 13, 249, 2, 15, 36, 6149 }, // U+00F7
    { 16, 15, 218, -1, 14, 60, 6185 }, // U+00F8
    { 14, 22, 244, 1, 21, 77, 6245 }, // U+00F9
    { 14, 22, 244, 1, 21, 77, 6322 }, // U+00FA
    { 14, 22, 244, 1, 21, 77, 6399 }, // U+00FB
    { 14, 20, 244, 1, 19, 70, 6476 }, // U+00FC
    { 16, 27, 214, -3, 21, 108, 6546 }, // U+00FD
    { 15, 26, 221, -2, 20, 98, 6654 }, // U+00FE
    { 16, 25, 214, -3, 19, 100, 6752 }, // U+00FF
    { 19, 23, 293, -2, 23, 110, 0 }, // U+0100
    { 13, 19, 234, 1, 18, 62, 110 }, // U+0101
    { 19, 24, 293, -2, 24, 114, 172 }, // U+0102
    { 13, 21, 234, 1, 20, 69, 286 }, // U+0103
    { 19, 24, 293, -2, 18, 114, 355 }, // U+0104
    { 13, 20, 234, 1, 14, 65, 469 }, // U+0105
    { 15, 25, 258, 1, 24, 94, 534 }, // U+0106
    { 11, 22, 177, 1, 21, 61, 628 }, // U+0107
    { 15, 25, 258, 1, 24, 94, 689 }, // U+0108
    { 11, 22, 177, 1, 21, 61, 783 }, // U+0109
    { 15, 25, 258, 1, 24, 94, 844 }, // U+010A
    { 10, 20, 177, 1, 19, 50, 938 }, // U+010B
    { 16, 26, 258, 1, 25, 104, 988 }, // U+010C
    { 12, 22, 177, 1, 21, 66, 1092 }, // U+010D
    { 19, 26, 290, -1, 25, 124, 1158 }, // U+010E
    { 18, 23, 245, 1, 22, 104, 1282 }, // U+010F
    { 19, 19, 290, -1, 18, 91, 1386 }, // U+0110
    { 15, 21, 235, 1, 20, 79, 1477 }, // U+0111
    { 17, 23, 245, -1, 23, 98, 1556 }, // U+0112
    { 12, 19, 188, 1, 18, 57, 1654 }, // U+0113
    { 17, 24, 245, -1, 24, 102, 1711 }, // U+0114
    { 12, 21, 188, 1, 20, 63, 1813 }, // U+0115
    { 17, 24, 245, -1, 24, 102, 1876 }, // U+0116
    { 11, 20, 188, 1, 19, 55, 1978 }, // U+0117
    { 17, 24, 245, -1, 18, 102, 2033 }, // U+0118
    { 11, 20, 188, 1, 14, 55, 2135 }, // U+0119
    { 17, 25, 245, -1, 25, 107, 2190 }, // U+011A
    { 12, 22, 188, 1, 21, 66, 2297 }, // U+011B
    { 17, 25, 284, 1, 24, 107, 2363 }, // U+011C
    { 17, 27, 198, -3, 21, 115, 2470 }, // U+011D
    { 17, 25, 284, 1, 24, 107, 2585 }, // U+011E
    { 17, 26, 198, -3, 20, 111, 2692 }, // U+011F
    { 17, 25, 284, 1, 24, 107, 2803 }, // U+0120
    { 17, 25, 198, -3, 19, 107, 2910 }, // U+0121
    { 17, 25, 284, 1, 18, 107, 3017 }, // U+0122
    { 17, 28, 198, -3, 22, 119, 3124 }, // U+0123
    { 22, 24, 320, -1, 24, 132, 3243 }, // U+0124
    { 15, 27, 239, 0, 26, 102, 3375 }, // U+0125
    { 22, 18, 320, -1, 18, 99, 3477 }, // U+0126
    { 15, 21, 239, 0, 20, 79, 3576 }, // U+0127
    { 13, 24, 149, -1, 24, 78, 3655 }, // U+0128
    { 10, 21, 132, 1, 20, 53, 3733 }, // U+0129
    { 13, 23, 149, -1, 23, 75, 3786 }, // U+012A
    { 10, 19, 132, 1, 18, 48, 3861 }, // U+012B
    { 13, 24, 149, -1, 24, 78, 3909 }, // U+012C
    { 10, 21, 132, 1, 20, 53, 3987 }, // U+012D
    { 11, 24, 149, -1, 18, 66, 4040 }, // U+012E
    { 7, 26, 130, 1, 20, 46, 4106 }, // U+012F
    { 11, 24, 149, -1, 24, 66, 4152 }, // U+0130
    { 6, 14, 130, 1, 13, 21, 4218 }, // U+0131
    { 21, 23, 291, -1, 18, 121, 4239 }, // U+0132
    { 15, 26, 244, 1, 20, 98, 4360 }, // U+0133
    { 17, 29, 142, -5, 24, 124, 4458 }, // U+0134
    { 15, 27, 115, -5, 21, 102, 4582 }, // U+0135
    { 20, 25, 280, -1, 18, 125, 4684 }, // U+0136
    { 12, 27, 212, 1, 20, 81, 4809 }, // U+0137
    { 12, 15, 217, 1, 14, 45, 4890 }, // U+0138
    { 15, 24, 232, -1, 24, 90, 4935 }, // U+0139
    { 9, 27, 123, 1, 26, 61, 5025 }, // U+013A
    { 15, 25, 232, -1, 18, 94, 5086 }, // U+013B
    { 9, 27, 123, -1, 20, 61, 5180 }, // U+013C
    { 16, 20, 232, -1, 20, 80, 5241 }, // U+013D
    { 11, 23, 134, 1, 22, 64, 5321 }, // U+013E
    { 16, 18, 234, -1, 18, 72, 5385 }, // U+013F
    { 10, 21, 163, 1, 20, 53, 5457 }, // U+0140
    { 15, 18, 232, -1, 18, 68, 5510 }, // U+0141
    { 10, 21, 123, -1, 20, 53, 5578 }, // U+0142
    { 21, 25, 306, -1, 24, 132, 5631 }, // U+0143
    { 14, 22, 246, 1, 21, 77, 5763 }, // U+0144
    { 21, 25, 306, -1, 18, 132, 5840 }, // U+0145
    { 14, 21, 246, 1, 14, 74, 5972 }, // U+0146
    { 21, 26, 306, -1, 25, 137, 6046 }, // U+0147
    { 14, 22, 246, 1, 21, 77, 6183 }, // U+0148
    { 19, 20, 330, 1, 19, 95, 6260 }, // U+0149
    { 21, 23, 306, -1, 18, 121, 6355 }, // U+014A
    { 13, 20, 232, 1, 14, 65, 6476 }, // U+014B
    { 17, 24, 296, 1, 23, 102, 6541 }, // U+014C
    { 13, 19, 218, 1, 18, 62, 6643 }, // U+014D
    { 17, 25, 296, 1, 24, 107, 6705 }, // U+014E
    { 13, 21, 218, 1, 20, 69, 6812 }, // U+014F
    { 18, 26, 296, 1, 25, 117, 6881 }, // U+0150
    { 14, 22, 218, 1, 21, 77, 6998 }, // U+0151
    { 23, 19, 386, 1, 18, 110, 7075 }, // U+0152
    { 19, 15, 327, 1, 14, 72, 7185 }, // U+0153
    { 17, 25, 259, -1, 24, 107, 7257 }, // U+0154
    { 11, 21, 171, 1, 21, 58, 7364 }, // U+0155
    { 17, 25, 259, -1, 18, 107, 7422 }, // U+0156
    { 13, 21, 171, -1, 14, 69, 7529 }, // U+0157
    { 17, 26, 259, -1, 25, 111, 7598 }, // U+0158
    { 12, 21, 171, 1, 21, 63, 7709 }, // U+0159
    { 13, 25, 213, 0, 24, 82, 7772 }, // U+015A
    { 11, 22, 165, 0, 21, 61, 7854 }, // U+015B
    { 13, 25, 213, 0, 24, 82, 7915 }, // U+015C
    { 11, 22, 165, 0, 21, 61, 7997 }, // U+015D
    { 13, 25, 213, 0, 18, 82, 8058 }, // U+015E
    { 10, 21, 165, 0, 14, 53, 8140 }, // U+015F
    { 14, 26, 213, 0, 25, 91, 8193 }, // U+0160
    { 12, 22, 165, 0, 21, 66, 8284 }, // U+0161
    { 15, 25, 255, 2, 18, 94, 8350 }, // U+0162
    { 10, 24, 156, 0, 17, 60, 8444 }, // U+0163
    { 15, 25, 255, 2, 25, 94, 8504 }, // U+0164
    { 11, 21, 156, 0, 20, 58, 8598 }, // U+0165
    { 15, 18, 255, 2, 18, 68, 8656 }, // U+0166
    { 10, 18, 156, 0, 17, 45, 8724 }, // U+0167
    { 18, 25, 307, 2, 24, 113, 8769 }, // U+0168
    { 14, 21, 244, 1, 20, 74, 8882 }, // U+0169
    { 18, 24, 307, 2, 23, 108, 8956 }, // U+016A
    { 14, 19, 244, 1, 18, 67, 9064 }, // U+016B
    { 18, 25, 307, 2, 24, 113, 9131 }, // U+016C
    { 14, 21, 244, 1, 20, 74, 9244 }, // U+016D
    { 18, 26, 307, 2, 25, 117, 9318 }, // U+016E
    { 14, 22, 244, 1, 21, 77, 9435 }, // U+016F
    { 18, 26, 307, 2, 25, 117, 9512 }, // U+0170
    { 14, 22, 244, 1, 21, 77, 9629 }, // U+0171
    { 18, 24, 307, 2, 18, 108, 9706 }, // U+0172
    { 14, 19, 244, 1, 13, 67, 9814 }, // U+0173
    { 26, 25, 417, 2, 24, 163, 9881 }, // U+0174
    { 19, 22, 309, 0, 21, 105, 10044 }, // U+0175
    { 17, 24, 258, 1, 24, 102, 10149 }, // U+0176
    { 16, 27, 214, -3, 21, 108, 10251 }, // U+0177
    { 17, 23, 258, 1, 23, 98, 10359 }, // U+0178
    { 16, 25, 234, -1, 24, 100, 10457 }, // U+0179
    { 12, 22, 189, 0, 21, 66, 10557 }, // U+017A
    { 16, 25, 234, -1, 24, 100, 10623 }, // U+017B
    { 12, 20, 189, 0, 19, 60, 10723 }, // U+017C
    { 16, 26, 234, -1, 25, 104, 10783 }, // U+017D
    { 12, 22, 189, 0, 21, 66, 10887 }, // U+017E
    { 18, 26, 164, -5, 20, 117, 10953 }, // U+017F
    { 35, 26, 542, -1, 25, 228, 0 }, // U+01C4
    { 32, 22, 494, -1, 21, 176, 228 }, // U+01C5
    { 27, 22, 443, 1, 21, 149, 404 }, // U+01C6
    { 26, 23, 374, -1, 18, 150, 553 }, // U+01C7
    { 23, 26, 341, -1, 20, 150, 703 }, // U+01C8
    { 15, 26, 237, 1, 20, 98, 853 }, // U+01C9
    { 31, 23, 449, -1, 18, 179, 951 }, // U+01CA
    { 28, 26, 422, -1, 20, 182, 1130 }, // U+01CB
    { 23, 26, 361, 1, 20, 150, 1312 }, // U+01CC
    { 19, 25, 293, -2, 25, 119, 1462 }, // U+01CD
    { 13, 22, 234, 1, 21, 72, 1581 }, // U+01CE
    { 14, 25, 149, -1, 25, 88, 1653 }, // U+01CF
    { 10, 22, 132, 1, 21, 55, 1741 }, // U+01D0
    { 17, 26, 296, 1, 25, 111, 1796 }, // U+01D1
    { 13, 22, 218, 1, 21, 72, 1907 }, // U+01D2
    { 18, 26, 307, 2, 25, 117, 1979 }, // U+01D3
    { 14, 22, 244, 1, 21, 77, 2096 }, // U+01D4
    { 18, 27, 307, 2, 26, 122, 2173 }, // U+01D5
    { 14, 24, 244, 1, 23, 84, 2295 }, // U+01D6
    { 18, 27, 307, 2, 26, 122, 2379 }, // U+01D7
    { 14, 25, 244, 1, 24, 88, 2501 }, // U+01D8
    { 18, 27, 307, 2, 26, 122, 2589 }, // U+01D9
    { 14, 25, 244, 1, 24, 88, 2711 }, // U+01DA
    { 18, 27, 307, 2, 26, 122, 2799 }, // U+01DB
    { 14, 26, 244, 1, 25, 91, 2921 }, // U+01DC
    { 11, 15, 192, 0, 14, 42, 3012 }, // U+01DD
    { 19, 26, 293, -2, 26, 124, 3054 }, // U+01DE
    { 13, 24, 234, 1, 23, 78, 3178 }, // U+01DF
    { 19, 26, 293, -2, 26, 124, 3256 }, // U+01E0
    { 13, 24, 234, 1, 23, 78, 3380 }, // U+01E1
    { 25, 23, 359, -2, 23, 144, 3458 }, // U+01E2
    { 18, 19, 309, 1, 18, 86, 3602 }, // U+01E3
    { 17, 19, 284, 1, 18, 81, 3688 }, // U+01E4
    { 18, 20, 198, -4, 14, 90, 3769 }, // U+01E5
    { 17, 26, 284, 1, 25, 111, 3859 }, // U+01E6
    { 17, 27, 198, -3, 21, 115, 3970 }, // U+01E7
    { 20, 26, 280, -1, 25, 130, 4085 }, // U+01E8
    { 12, 27, 212, 1, 26, 81, 4215 }, // U+01E9
    { 17, 24, 296, 1, 18, 102, 4296 }, // U+01EA
    { 12, 20, 218, 1, 14, 60, 4398 }, // U+01EB
    { 17, 29, 296, 1, 23, 124, 4458 }, // U+01EC
    { 13, 24, 218, 1, 18, 78, 4582 }, // U+01ED
    { 16, 26, 229, -1, 25, 104, 4660 }, // U+01EE
    { 15, 27, 206, -2, 21, 102, 4764 }, // U+01EF
    { 16, 27, 115, -5, 21, 108, 4866 }, // U+01F0
    { 34, 19, 528, -1, 18, 162, 4974 }, // U+01F1
    { 31, 19, 480, -1, 18, 148, 5136 }, // U+01F2
    { 26, 21, 424, 1, 20, 137, 5284 }, // U+01F3
    { 17, 25, 284, 1, 24, 107, 5421 }, // U+01F4
    { 17, 27, 198, -3, 21, 115, 5528 }, // U+01F5
    { 21, 25, 306, -1, 24, 132, 5643 }, // U+01F8
    { 14, 22, 246, 1, 21, 77, 5775 }, // U+01F9
    { 19, 27, 293, -2, 27, 129, 5852 }, // U+01FA
    { 13, 26, 234, 1, 25, 85, 5981 }, // U+01FB
    { 25, 24, 359, -2, 24, 150, 6066 }, // U+01FC
    { 18, 22, 309, 1, 21, 99, 6216 }, // U+01FD
    { 20, 25, 311, -1, 24, 125, 6315 }, // U+01FE
    { 16, 22, 218, -1, 21, 88, 6440 }, // U+01FF
    { 19, 25, 293, -2, 25, 119, 6528 }, // U+0200
    { 13, 22, 234, 1, 21, 72, 6647 }, // U+0201
    { 19, 24, 293, -2, 24, 114, 6719 }, // U+0202
    { 13, 21, 234, 1, 20, 69, 6833 }, // U+0203
    { 17, 25, 245, -1, 25, 107, 6902 }, // U+0204
    { 11, 22, 188, 1, 21, 61, 7009 }, // U+0205
    { 17, 24, 245, -1, 24, 102, 7070 }, // U+0206
    { 11, 21, 188, 1, 20, 58, 7172 }, // U+0207
    { 12, 25, 149, -1, 25, 75, 7230 }, // U+0208
    { 8, 22, 132, 1, 21, 44, 7305 }, // U+0209
    { 12, 24, 149, -1, 24, 72, 7349 }, // U+020A
    { 9, 21, 132, 1, 20, 48, 7421 }, // U+020B
    { 17, 26, 296, 1, 25, 111, 7469 }, // U+020C
    { 12, 22, 218, 1, 21, 66, 7580 }, // U+020D
    { 17, 25, 296, 1, 24, 107, 7646 }, // U+020E
    { 12, 21, 218, 1, 20, 63, 7753 }, // U+020F
    { 17, 26, 259, -1, 25, 111, 7816 }, // U+0210
    { 11, 21, 171, 1, 21, 58, 7927 }, // U+0211
    { 17, 25, 259, -1, 24, 107, 7985 }, // U+0212
    { 11, 20, 171, 1, 20, 55, 8092 }, // U+0213
    { 18, 26, 307, 2, 25, 117, 8147 }, // U+0214
    { 14, 22, 244, 1, 21, 77, 8264 }, // U+0215
    { 18, 25, 307, 2, 24, 113, 8341 }, // U+0216
    { 14, 21, 244, 1, 20, 74, 8454 }, // U+0217
    { 13, 25, 213, 0, 18, 82, 8528 }, // U+0218
    { 10, 21, 165, 0, 14, 53, 8610 }, // U+0219
    { 15, 25, 255, 2, 18, 94, 8663 }, // U+021A
    { 10, 24, 156, 0, 17, 60, 8757 }, // U+021B
    { 14, 21, 228, -1, 18, 74, 8817 }, // U+021C
    { 13, 20, 188, -2, 14, 65, 8891 }, // U+021D
    { 22, 25, 320, -1, 25, 138, 8956 }, // U+021E
    { 15, 27, 239, 0, 26, 102, 9094 }, // U+021F
    { 6, 7, 0, -4, 21, 11, 0 }, // U+0300
    { 6, 7, 0, -2, 21, 11, 11 }, // U+0301
    { 9, 7, 0, -5, 21, 16, 22 }, // U+0302
    { 8, 5, 0, -4, 20, 10, 38 }, // U+0303
    { 8, 3, 0, -4, 18, 6, 48 }, // U+0304
    { 8, 5, 0, -4, 20, 10, 54 }, // U+0306
    { 4, 4, 0, -2, 19, 4, 64 }, // U+0307
    { 10, 4, 0, -5, 19, 10, 68 }, // U+0308
    { 7, 8, 0, -3, 22, 14, 78 }, // U+0309
    { 8, 7, 0, -4, 21, 14, 92 }, // U+030A
    { 10, 7, 0, -4, 21, 18, 106 }, // U+030B
    { 9, 6, 0, -4, 21, 14, 124 }, // U+030C
    { 8, 7, 0, -5, 21, 14, 138 }, // U+030F
    { 9, 5, 0, -5, 20, 12, 152 }, // U+0311
    { 6, 8, 0, -3, 22, 12, 164 }, // U+0312
    { 5, 7, 0, -2, 22, 9, 176 }, // U+0313
    { 5, 7, 0, -3, 22, 9, 185 }, // U+0314
    { 4, 7, 0, -2, 22, 7, 194 }, // U+0315
    { 6, 6, 0, -3, 16, 9, 201 }, // U+031B
    { 4, 4, 0, -2, -2, 4, 210 }, // U+0323
    { 10, 4, 0, -5, -2, 10, 214 }, // U+0324
    { 6, 6, 0, -3, -1, 9, 224 }, // U+0325
    { 5, 6, 0, -3, -1, 8, 233 }, // U+0326
    { 6, 6, 0, -3, -1, 9, 241 }, // U+0327
    { 6, 7, 0, -3, 1, 11, 250 }, // U+0328
    { 5, 6, 108, -1, -1, 8, 261 }, // U+0329
    { 9, 6, 0, -5, -1, 14, 269 }, // U+032D
    { 8, 5, 0, -4, -1, 10, 283 }, // U+032E
    { 8, 5, 0, -4, -1, 10, 293 }, // U+0330
    { 8, 3, 0, -4, -2, 6, 303 }, // U+0331
    { 9, 5, 0, -5, 20, 12, 309 }, // U+0342
    { 9, 10, 0, -5, 25, 23, 321 }, // U+0344
    { 5, 5, 0, -2, -1, 7, 344 }, // U+0345
    { 0, 0, 200, 0, 0, 0, 0 }, // U+2000
    { 0, 0, 400, 0, 0, 0, 0 }, // U+2001
    { 0, 0, 200, 0, 0, 0, 0 }, // U+2002
    { 0, 0, 400, 0, 0, 0, 0 }, // U+2003
    { 0, 0, 133, 0, 0, 0, 0 }, // U+2004
    { 0, 0, 100, 0, 0, 0, 0 }, // U+2005
    { 0, 0, 66, 0, 0, 0, 0 }, // U+2006
    { 0, 0, 249, 0, 0, 0, 0 }, // U+2007
    { 0, 0, 109, 0, 0, 0, 0 }, // U+2008
    { 0, 0, 80, 0, 0, 0, 0 }, // U+2009
    { 0, 0, 20, 0, 0, 0, 0 }, // U+200A
    { 0, 0, 0, 0, 0, 0, 0 }, // U+200B
    { 2, 21, 0, -1, 15, 11, 0 }, // U+200C
    { 6, 23, 0, -3, 17, 35, 11 }, // U+200D
    { 8, 24, 0, -4, 18, 48, 46 }, // U+200E
    { 8, 24, 0, -4, 18, 48, 94 }, // U+200F
    { 8, 3, 150, 1, 8, 6, 142 }, // U+2010
    { 8, 3, 150, 1, 8, 6, 148 }, // U+2011
    { 12, 3, 249, 2, 10, 9, 154 }, // U+2012
    { 13, 3, 200, 0, 8, 10, 163 }, // U+2013
    { 25, 3, 400, 0, 8, 19, 173 }, // U+2014
    { 25, 3, 400, 0, 8, 19, 192 }, // U+2015
    { 8, 26, 200, 2, 20, 52, 211 }, // U+2016
    { 13, 6, 200, 0, -1, 20, 263 }, // U+2017
    { 6, 8, 120, 2, 19, 12, 283 }, // U+2018
    { 6, 8, 120, 1, 19, 12, 295 }, // U+2019
    { 6, 9, 120, 0, 4, 14, 307 }, // U+201A
    { 5, 8, 95, 1, 19, 10, 321 }, // U+201B
    { 11, 8, 200, 2, 19, 22, 331 }, // U+201C
    { 11, 8, 200, 1, 19, 22, 353 }, // U+201D
    { 11, 9, 200, 0, 4, 25, 375 }, // U+201E
    { 10, 8, 175, 1, 19, 20, 400 }, // U+201F
    { 11, 17, 187, 1, 18, 47, 420 }, // U+2020
    { 12, 20, 187, 0, 18, 60, 467 }, // U+2021
    { 6, 6, 120, 1, 9, 9, 527 }, // U+2022
    { 9, 9, 249, 3, 13, 21, 536 }, // U+2023
    { 5, 4, 109, 1, 3, 5, 557 }, // U+2024
    { 10, 5, 200, 1, 4, 13, 562 }, // U+2025
    { 21, 5, 400, 2, 4, 27, 575 }, // U+2026
    { 5, 4, 109, 1, 9, 5, 602 }, // U+2027
    { 0, 0, 0, 0, 0, 0, 607 }, // U+2028
    { 0, 0, 0, 0, 0, 0, 607 }, // U+2029
    { 8, 24, 0, -4, 18, 48, 607 }, // U+202A
    { 8, 24, 0, -4, 18, 48, 655 }, // U+202B
    { 8, 24, 0, -4, 18, 48, 703 }, // U+202C
    { 11, 24, 0, -5, 18, 66, 751 }, // U+202D
    { 11, 24, 0, -5, 18, 66, 817 }, // U+202E
    { 0, 0, 43, 0, 0, 0, 883 }, // U+202F
    { 32, 21, 546, 1, 19, 168, 883 }, // U+2030
    { 5, 9, 105, 1, 18, 12, 1051 }, // U+2032
    { 10, 9, 183, 1, 18, 23, 1063 }, // U+2033
    { 15, 9, 261, 1, 18, 34, 1086 }, // U+2034
    { 6, 9, 105, 0, 18, 14, 1120 }, // U+2035
    { 11, 9, 192, 0, 18, 25, 1134 }, // U+2036
    { 17, 9, 279, 0, 18, 39, 1159 }, // U+2037
    { 11, 6, 200, 1, 0, 17, 1198 }, // U+2038
    { 8, 10, 126, 0, 11, 20, 1215 }, // U+2039
    { 7, 10, 126, 0, 11, 18, 1235 }, // U+203A
    { 16, 18, 249, 0, 17, 72, 1253 }, // U+203B
    { 14, 20, 230, 1, 19, 70, 1325 }, // U+203C
    { 13, 3, 200, 0, 21, 10, 1395 }, // U+203E
    { 6, 3, 120, 1, 8, 5, 1405 }, // U+2043
    { 16, 21, 94, -5, 19, 84, 1410 }, // U+2044
    { 18, 19, 325, 2, 18, 86, 1494 }, // U+2047
    { 16, 20, 279, 2, 19, 80, 1580 }, // U+2048
    { 17, 20, 287, 1, 19, 85, 1660 }, // U+2049
    { 15, 5, 400, 5, 10, 19, 1745 }, // U+2053
    { 20, 9, 339, 1, 18, 45, 1764 }, // U+2057
    { 0, 0, 89, 0, 0, 0, 1809 }, // U+205F
    { 0, 0, 0, 0, 0, 0, 1809 }, // U+2060
    { 0, 0, 0, 0, 0, 0, 1809 }, // U+2061
    { 0, 0, 0, 0, 0, 0, 1809 }, // U+2062
    { 0, 0, 0, 0, 0, 0, 1809 }, // U+2063
    { 0, 0, 0, 0, 0, 0, 1809 }, // U+2064
    { 10, 12, 179, 1, 21, 30, 0 }, // U+2070
    { 11, 12, 179, 0, 21, 33, 30 }, // U+2074
    { 10, 12, 179, 1, 21, 30, 63 }, // U+2075
    { 10, 12, 179, 1, 21, 30, 93 }, // U+2076
    { 9, 12, 179, 2, 21, 27, 123 }, // U+2077
    { 9, 12, 179, 1, 21, 27, 150 }, // U+2078
    { 10, 12, 179, 0, 21, 30, 177 }, // U+2079
    { 10, 9, 226, 2, 18, 23, 207 }, // U+207F
    { 10, 12, 179, 1, 8, 30, 230 }, // U+2080
    { 7, 13, 179, 2, 9, 23, 260 }, // U+2081
    { 10, 12, 179, 0, 8, 30, 283 }, // U+2082
    { 9, 12, 179, 1, 8, 27, 313 }, // U+2083
    { 11, 12, 179, 0, 8, 33, 340 }, // U+2084
    { 10, 12, 179, 1, 8, 30, 373 }, // U+2085
    { 10, 12, 179, 1, 8, 30, 403 }, // U+2086
    { 9, 12, 179, 2, 8, 27, 433 }, // U+2087
    { 9, 12, 179, 1, 8, 27, 460 }, // U+2088
    { 10, 12, 179, 0, 8, 30, 487 }, // U+2089
    { 16, 17, 232, 0, 17, 68, 0 }, // U+20A3
    { 16, 18, 245, 0, 17, 72, 68 }, // U+20A4
    { 30, 18, 498, 0, 17, 135, 140 }, // U+20A7
    { 16, 18, 249, 0, 17, 72, 275 }, // U+20AC
    { 15, 11, 400, 5, 14, 42, 0 }, // U+2190
    { 11, 17, 400, 7, 17, 47, 42 }, // U+2191
    { 15, 11, 400, 5, 14, 42, 89 }, // U+2192
    { 11, 17, 400, 7, 17, 47, 131 }, // U+2193
    { 15, 11, 400, 5, 14, 42, 178 }, // U+2194
    { 11, 17, 400, 7, 17, 47, 220 }, // U+2195
    { 11, 17, 400, 7, 17, 47, 267 }, // U+21A8
    { 11, 17, 400, 7, 17, 47, 314 }, // U+21B2
    { 11, 17, 400, 7, 17, 47, 361 }, // U+21B3
    { 13, 12, 400, 6, 15, 39, 408 }, // U+21B5
    { 15, 11, 400, 5, 14, 42, 447 }, // U+21D0
    { 11, 15, 400, 7, 16, 42, 489 }, // U+21D1
    { 15, 11, 400, 5, 14, 42, 531 }, // U+21D2
    { 11, 15, 400, 7, 16, 42, 573 }, // U+21D3
    { 15, 11, 400, 5, 14, 42, 615 }, // U+21D4
    { 17, 19, 400, 4, 18, 81, 0 }, // U+2200
    { 13, 21, 249, 1, 20, 69, 81 }, // U+2202
    { 11, 18, 400, 7, 18, 50, 150 }, // U+2203
    { 19, 20, 400, 3, 19, 95, 200 }, // U+2205
    { 16, 18, 263, 0, 18, 72, 295 }, // U+2206
    { 17, 19, 400, 4, 18, 81, 367 }, // U+2207
    { 17, 18, 400, 4, 18, 77, 448 }, // U+2208
    { 17, 22, 400, 4, 19, 94, 525 }, // U+2209
    { 17, 14, 400, 4, 16, 60, 619 }, // U+220A
    { 17, 18, 400, 4, 18, 77, 679 }, // U+220B
    { 17, 22, 400, 4, 19, 94, 756 }, // U+220C
    { 17, 14, 400, 4, 16, 60, 850 }, // U+220D
    { 19, 22, 324, 1, 18, 105, 910 }, // U+220F
    { 15, 23, 245, 0, 18, 87, 1015 }, // U+2211
    { 11, 3, 249, 2, 10, 9, 1102 }, // U+2212
    { 14, 20, 200, -1, 18, 70, 1111 }, // U+2215
    { 10, 20, 200, 1, 18, 50, 1181 }, // U+2216
    { 12, 13, 249, 2, 15, 39, 1231 }, // U+2217
    { 9, 9, 249, 3, 13, 21, 1270 }, // U+2218
    { 4, 4, 249, 6, 9, 4, 1291 }, // U+2219
    { 16, 24, 249, 0, 21, 96, 1295 }, // U+221A
    { 13, 10, 249, 1, 13, 33, 1391 }, // U+221D
    { 16, 9, 249, 0, 12, 36, 1424 }, // U+221E
    { 16, 18, 400, 4, 18, 72, 1460 }, // U+221F
    { 18, 18, 400, 3, 18, 81, 1532 }, // U+2220
    { 3, 26, 200, 5, 20, 20, 1613 }, // U+2223
    { 8, 26, 200, 2, 20, 52, 1633 }, // U+2225
    { 17, 18, 400, 4, 18, 77, 1685 }, // U+2227
    { 17, 18, 400, 4, 18, 77, 1762 }, // U+2228
    { 15, 18, 400, 5, 18, 68, 1839 }, // U+2229
    { 15, 19, 400, 5, 18, 72, 1907 }, // U+222A
    { 14, 26, 249, 1, 20, 91, 1979 }, // U+222B
    { 16, 15, 400, 5, 14, 60, 2070 }, // U+2234
    { 16, 15, 400, 5, 14, 60, 2130 }, // U+2235
    { 5, 13, 121, 1, 15, 17, 2190 }, // U+2236
    { 16, 15, 400, 5, 14, 60, 2207 }, // U+2237
    { 15, 5, 400, 5, 10, 19, 2267 }, // U+223C
    { 15, 13, 400, 5, 15, 49, 2286 }, // U+2245
    { 12, 9, 249, 2, 13, 27, 2335 }, // U+2248
    { 15, 8, 400, 5, 11, 30, 2362 }, // U+224D
    { 11, 11, 249, 2, 14, 31, 2392 }, // U+2260
    { 15, 11, 400, 5, 13, 42, 2423 }, // U+2261
    { 12, 15, 249, 2, 15, 45, 2465 }, // U+2264
    { 12, 15, 249, 2, 15, 45, 2510 }, // U+2265
    { 21, 13, 400, 2, 15, 69, 2555 }, // U+226A
    { 21, 13, 400, 2, 15, 69, 2624 }, // U+226B
    { 17, 15, 400, 4, 16, 64, 2693 }, // U+2283
    { 17, 23, 400, 4, 20, 98, 2757 }, // U+2284
    { 17, 23, 400, 4, 20, 98, 2855 }, // U+2285
    { 17, 18, 400, 4, 18, 77, 2953 }, // U+2286
    { 17, 18, 400, 4, 18, 77, 3030 }, // U+2287
    { 19, 19, 400, 3, 18, 91, 3107 }, // U+2295
    { 19, 19, 400, 3, 18, 91, 3198 }, // U+2296
    { 19, 19, 400, 3, 18, 91, 3289 }, // U+2297
    { 19, 19, 400, 3, 18, 91, 3380 }, // U+2298
    { 15, 18, 400, 5, 18, 68, 3471 }, // U+22A5
    { 4, 4, 249, 6, 9, 4, 3539 }, // U+22C5
    { 21, 4, 400, 2, 9, 21, 3543 }, // U+22EF
    { 27, 26, 295, -5, 20, 176, 0 }, // U+FB00
    { 21, 26, 261, -5, 20, 137, 176 }, // U+FB01
    { 22, 26, 270, -5, 20, 143, 313 }, // U+FB02
    { 29, 26, 392, -5, 20, 189, 456 }, // U+FB03
    { 30, 26, 401, -5, 20, 195, 645 }, // U+FB04
    { 24, 26, 294, -5, 20, 156, 840 }, // U+FB05
    { 21, 19, 320, 0, 18, 100, 996 }, // U+FB06
    { 25, 24, 400, 0, 21, 150, 0 }, // U+FFFD
};

static const EpdUnicodeInterval bookerly_12_italicIntervals[] = {
    { 0x0, 0x0, 0x0 },
    { 0x8, 0x9, 0x1 },
    { 0xD, 0xD, 0x3 },
    { 0x1D, 0x1D, 0x4 },
    { 0x20, 0x7E, 0x5 },
    { 0xA0, 0xFF, 0x64 },
    { 0x100, 0x17F, 0xC4 },
    { 0x1C4, 0x1F5, 0x144 },
    { 0x1F8, 0x21F, 0x176 },
    { 0x300, 0x304, 0x19E },
    { 0x306, 0x30C, 0x1A3 },
    { 0x30F, 0x30F, 0x1AA },
    { 0x311, 0x315, 0x1AB },
    { 0x31B, 0x31B, 0x1B0 },
    { 0x323, 0x329, 0x1B1 },
    { 0x32D, 0x32E, 0x1B8 },
    { 0x330, 0x331, 0x1BA },
    { 0x342, 0x342, 0x1BC },
    { 0x344, 0x345, 0x1BD },
    { 0x2000, 0x2030, 0x1BF },
    { 0x2032, 0x203C, 0x1F0 },
    { 0x203E, 0x203E, 0x1FB },
    { 0x2043, 0x2044, 0x1FC },
    { 0x2047, 0x2049, 0x1FE },
    { 0x2053, 0x2053, 0x201 },
    { 0x2057, 0x2057, 0x202 },
    { 0x205F, 0x2064, 0x203 },
    { 0x2070, 0x2070, 0x209 },
    { 0x2074, 0x2079, 0x20A },
    { 0x207F, 0x2089, 0x210 },
    { 0x20A3, 0x20A4, 0x21B },
    { 0x20A7, 0x20A7, 0x21D },
    { 0x20AC, 0x20AC, 0x21E },
    { 0x2190, 0x2195, 0x21F },
    { 0x21A8, 0x21A8, 0x225 },
    { 0x21B2, 0x21B3, 0x226 },
    { 0x21B5, 0x21B5, 0x228 },
    { 0x21D0, 0x21D4, 0x229 },
    { 0x2200, 0x2200, 0x22E },
    { 0x2202, 0x2203, 0x22F },
    { 0x2205, 0x220D, 0x231 },
    { 0x220F, 0x220F, 0x23A },
    { 0x2211, 0x2212, 0x23B },
    { 0x2215, 0x221A, 0x23D },
    { 0x221D, 0x2220, 0x243 },
    { 0x2223, 0x2223, 0x247 },
    { 0x2225, 0x2225, 0x248 },
    { 0x2227, 0x222B, 0x249 },
    { 0x2234, 0x2237, 0x24E },
    { 0x223C, 0x223C, 0x252 },
    { 0x2245, 0x2245, 0x253 },
    { 0x2248, 0x2248, 0x254 },
    { 0x224D, 0x224D, 0x255 },
    { 0x2260, 0x2261, 0x256 },
    { 0x2264, 0x2265, 0x258 },
    { 0x226A, 0x226B, 0x25A },
    { 0x2283, 0x2287, 0x25C },
    { 0x2295, 0x2298, 0x261 },
    { 0x22A5, 0x22A5, 0x265 },
    { 0x22C5, 0x22C5, 0x266 },
    { 0x22EF, 0x22EF, 0x267 },
    { 0xFB00, 0xFB06, 0x268 },
    { 0xFFFD, 0xFFFD, 0x26F },
};

static const EpdFontGroup bookerly_12_italicGroups[] = {
    { 0, 3491, 6484, 100, 0 },
    { 3491, 2972, 7607, 96, 100 },
    { 6463, 3703, 12337, 128, 196 },
    { 10166, 3754, 10116, 90, 324 },
    { 13920, 326, 429, 33, 414 },
    { 14246, 1046, 1969, 74, 447 },
    { 15292, 466, 629, 18, 521 },
    { 15758, 270, 356, 4, 539 },
    { 16028, 395, 708, 15, 543 },
    { 16423, 1730, 3930, 58, 558 },
    { 18153, 490, 1180, 7, 616 },
    { 18643, 117, 168, 1, 623 },
};

static const EpdKernClassEntry bookerly_12_italicKernLeftClasses[] = {
    { 0x0022, 1 }, // "
    { 0x0027, 1 }, // '
    { 0x0028, 2 }, // (
    { 0x002A, 3 }, // *
    { 0x002C, 4 }, // ,
    { 0x002D, 5 }, // -
    { 0x002E, 4 }, // .
    { 0x002F, 6 }, // /
    { 0x0030, 7 }, // 0
    { 0x0033, 8 }, // 3
    { 0x0034, 9 }, // 4
    { 0x0035, 10 }, // 5
    { 0x0036, 11 }, // 6
    { 0x0037, 12 }, // 7
    { 0x0038, 13 }, // 8
    { 0x0039, 14 }, // 9
    { 0x0041, 15 }, // A
    { 0x0042, 16 }, // B
    { 0x0043, 17 }, // C
    { 0x0044, 18 }, // D
    { 0x0045, 19 }, // E
    { 0x0046, 20 }, // F
    { 0x0047, 21 }, // G
    { 0x0048, 22 }, // H
    { 0x0049, 22 }, // I
    { 0x004A, 23 }, // J
    { 0x004B, 24 }, // K
    { 0x004C, 25 }, // L
    { 0x004D, 26 }, // M
    { 0x004E, 27 }, // N
    { 0x004F, 18 }, // O
    { 0x0050, 28 }, // P
    { 0x0051, 29 }, // Q
    { 0x0052, 30 }, // R
    { 0x0053, 31 }, // S
    { 0x0054, 32 }, // T
    { 0x0055, 33 }, // U
    { 0x0056, 34 }, // V
    { 0x0057, 34 }, // W
    { 0x0058, 35 }, // X
    { 0x0059, 36 }, // Y
    { 0x005A, 37 }, // Z
    { 0x005B, 38 }, // [
    { 0x005C, 39 }, // <backslash>
    { 0x0061, 40 }, // a
    { 0x0062, 41 }, // b
    { 0x0063, 42 }, // c
    { 0x0065, 43 }, // e
    { 0x0066, 44 }, // f
    { 0x0067, 45 }, // g
    { 0x0068, 46 }, // h
    { 0x006A, 47 }, // j
    { 0x006B, 48 }, // k
    { 0x006D, 46 }, // m
    { 0x006E, 46 }, // n
    { 0x006F, 41 }, // o
    { 0x0070, 41 }, // p
    { 0x0071, 49 }, // q
    { 0x0072, 50 }, // r
    { 0x0073, 51 }, // s
    { 0x0074, 52 }, // t
    { 0x0075, 40 }, // u
    { 0x0076, 53 }, // v
    { 0x0077, 53 }, // w
    { 0x0078, 54 }, // x
    { 0x0079, 53 }, // y
    { 0x007A, 55 }, // z
    { 0x007B, 56 }, // {
    { 0x00A1, 57 }, // U+00A1
    { 0x00A5, 58 }, // U+00A5
    { 0x00AB, 59 }, // U+00AB
    { 0x00AD, 5 }, // U+00AD
    { 0x00BB, 60 }, // U+00BB
    { 0x00BF, 61 }, // U+00BF
    { 0x00C0, 15 }, // U+00C0
    { 0x00C1, 15 }, // U+00C1
    { 0x00C2, 15 }, // U+00C2
    { 0x00C3, 15 }, // U+00C3
    { 0x00C4, 15 }, // U+00C4
    { 0x00C5, 15 }, // U+00C5
    { 0x00C6, 19 }, // U+00C6
    { 0x00C7, 17 }, // U+00C7
    { 0x00C8, 19 }, // U+00C8
    { 0x00C9, 19 }, // U+00C9
    { 0x00CA, 19 }, // U+00CA
    { 0x00CB, 19 }, // U+00CB
    { 0x00CC, 22 }, // U+00CC
    { 0x00CD, 22 }, // U+00CD
    { 0x00CE, 22 }, // U+00CE
    { 0x00CF, 22 }, // U+00CF
    { 0x00D0, 18 }, // U+00D0
    { 0x00D1, 27 }, // U+00D1
    { 0x00D2, 18 }, // U+00D2
    { 0x00D3, 18 }, // U+00D3
    { 0x00D4, 18 }, // U+00D4
    { 0x00D5, 18 }, // U+00D5
    { 0x00D6, 18 }, // U+00D6
    { 0x00D8, 18 }, // U+00D8
    { 0x00D9, 33 }, // U+00D9
    { 0x00DA, 33 }, // U+00DA
    { 0x00DB, 33 }, // U+00DB
    { 0x00DC, 33 }, // U+00DC
    { 0x00DD, 36 }, // U+00DD
    { 0x00DE, 62 }, // U+00DE
    { 0x00DF, 63 }, // U+00DF
    { 0x00E0, 40 }, // U+00E0
    { 0x00E1, 40 }, // U+00E1
    { 0x00E2, 40 }, // U+00E2
    { 0x00E3, 40 }, // U+00E3
    { 0x00E4, 40 }, // U+00E4
    { 0x00E5, 40 }, // U+00E5
    { 0x00E6, 43 }, // U+00E6
    { 0x00E7, 64 }, // U+00E7
    { 0x00E8, 43 }, // U+00E8
    { 0x00E9, 43 }, // U+00E9
    { 0x00EA, 43 }, // U+00EA
    { 0x00EB, 43 }, // U+00EB
    { 0x00EE, 65 }, // U+00EE
    { 0x00EF, 65 }, // U+00EF
    { 0x00F0, 41 }, // U+00F0
    { 0x00F1, 46 }, // U+00F1
    { 0x00F2, 41 }, // U+00F2
    { 0x00F3, 41 }, // U+00F3
    { 0x00F4, 41 }, // U+00F4
    { 0x00F5, 41 }, // U+00F5
    { 0x00F6, 41 }, // U+00F6
    { 0x00F8, 66 }, // U+00F8
    { 0x00F9, 40 }, // U+00F9
    { 0x00FA, 40 }, // U+00FA
    { 0x00FB, 40 }, // U+00FB
    { 0x00FC, 40 }, // U+00FC
    { 0x00FD, 53 }, // U+00FD
    { 0x00FE, 41 }, // U+00FE
    { 0x00FF, 53 }, // U+00FF
    { 0x0100, 15 }, // U+0100
    { 0x0101, 40 }, // U+0101
    { 0x0102, 15 }, // U+0102
    { 0x0103, 40 }, // U+0103
    { 0x0104, 67 }, // U+0104
    { 0x0105, 68 }, // U+0105
    { 0x0106, 17 }, // U+0106
    { 0x0107, 42 }, // U+0107
    { 0x0108, 17 }, // U+0108
    { 0x0109, 42 }, // U+0109
    { 0x010A, 17 }, // U+010A
    { 0x010B, 42 }, // U+010B
    { 0x010C, 17 }, // U+010C
    { 0x010D, 42 }, // U+010D
    { 0x010E, 18 }, // U+010E
    { 0x010F, 69 }, // U+010F
    { 0x0110, 18 }, // U+0110
    { 0x0112, 19 }, // U+0112
    { 0x0113, 43 }, // U+0113
    { 0x0114, 19 }, // U+0114
    { 0x0115, 43 }, // U+0115
    { 0x0116, 19 }, // U+0116
    { 0x0117, 43 }, // U+0117
    { 0x0118, 70 }, // U+0118
    { 0x0119, 71 }, // U+0119
    { 0x011A, 19 }, // U+011A
    { 0x011B, 43 }, // U+011B
    { 0x011C, 21 }, // U+011C
    { 0x011D, 45 }, // U+011D
    { 0x011E, 21 }, // U+011E
    { 0x011F, 45 }, // U+011F
    { 0x0120, 21 }, // U+0120
    { 0x0121, 45 }, // U+0121
    { 0x0122, 21 }, // U+0122
    { 0x0123, 45 }, // U+0123
    { 0x0124, 22 }, // U+0124
    { 0x0125, 46 }, // U+0125
    { 0x0126, 22 }, // U+0126
    { 0x0127, 46 }, // U+0127
    { 0x0128, 22 }, // U+0128
    { 0x0129, 72 }, // U+0129
    { 0x012A, 22 }, // U+012A
    { 0x012B, 65 }, // U+012B
    { 0x012C, 22 }, // U+012C
    { 0x012D, 65 }, // U+012D
    { 0x012E, 73 }, // U+012E
    { 0x012F, 74 }, // U+012F
    { 0x0130, 22 }, // U+0130
    { 0x0131, 40 }, // U+0131
    { 0x0132, 23 }, // U+0132
    { 0x0133, 47 }, // U+0133
    { 0x0134, 23 }, // U+0134
    { 0x0135, 75 }, // U+0135
    { 0x0136, 24 }, // U+0136
    { 0x0137, 48 }, // U+0137
    { 0x0138, 76 }, // U+0138
    { 0x0139, 25 }, // U+0139
    { 0x013B, 25 }, // U+013B
    { 0x013C, 77 }, // U+013C
    { 0x013E, 69 }, // U+013E
    { 0x0141, 25 }, // U+0141
    { 0x0142, 78 }, // U+0142
    { 0x0143, 27 }, // U+0143
    { 0x0144, 46 }, // U+0144
    { 0x0145, 27 }, // U+0145
    { 0x0146, 46 }, // U+0146
    { 0x0147, 27 }, // U+0147
    { 0x0148, 46 }, // U+0148
    { 0x0149, 46 }, // U+0149
    { 0x014A, 27 }, // U+014A
    { 0x014B, 79 }, // U+014B
    { 0x014C, 18 }, // U+014C
    { 0x014D, 41 }, // U+014D
    { 0x014E, 18 }, // U+014E
    { 0x014F, 41 }, // U+014F
    { 0x0150, 18 }, // U+0150
    { 0x0151, 41 }, // U+0151
    { 0x0152, 19 }, // U+0152
    { 0x0153, 43 }, // U+0153
    { 0x0154, 30 }, // U+0154
    { 0x0155, 50 }, // U+0155
    { 0x0156, 30 }, // U+0156
    { 0x0157, 50 }, // U+0157
    { 0x0158, 30 }, // U+0158
    { 0x0159, 50 }, // U+0159
    { 0x015A, 31 }, // U+015A
    { 0x015B, 51 }, // U+015B
    { 0x015C, 31 }, // U+015C
    { 0x015D, 51 }, // U+015D
    { 0x015E, 31 }, // U+015E
    { 0x015F, 80 }, // U+015F
    { 0x0160, 31 }, // U+0160
    { 0x0161, 51 }, // U+0161
    { 0x0162, 32 }, // U+0162
    { 0x0163, 81 }, // U+0163
    { 0x0164, 32 }, // U+0164
    { 0x0166, 32 }, // U+0166
    { 0x0167, 52 }, // U+0167
    { 0x0168, 33 }, // U+0168
    { 0x0169, 40 }, // U+0169
    { 0x016A, 33 }, // U+016A
    { 0x016B, 40 }, // U+016B
    { 0x016C, 33 }, // U+016C
    { 0x016D, 40 }, // U+016D
    { 0x016E, 33 }, // U+016E
    { 0x016F, 40 }, // U+016F
    { 0x0170, 33 }, // U+0170
    { 0x0171, 40 }, // U+0171
    { 0x0172, 33 }, // U+0172
    { 0x0173, 82 }, // U+0173
    { 0x0174, 34 }, // U+0174
    { 0x0175, 53 }, // U+0175
    { 0x0176, 36 }, // U+0176
    { 0x0177, 53 }, // U+0177
    { 0x0178, 36 }, // U+0178
    { 0x0179, 37 }, // U+0179
    { 0x017A, 55 }, // U+017A
    { 0x017B, 37 }, // U+017B
    { 0x017C, 55 }, // U+017C
    { 0x017D, 37 }, // U+017D
    { 0x017E, 55 }, // U+017E
    { 0x01C4, 37 }, // U+01C4
    { 0x01C5, 55 }, // U+01C5
    { 0x01C6, 55 }, // U+01C6
    { 0x01C7, 23 }, // U+01C7
    { 0x01C8, 47 }, // U+01C8
    { 0x01C9, 47 }, // U+01C9
    { 0x01CA, 23 }, // U+01CA
    { 0x01CB, 47 }, // U+01CB
    { 0x01CC, 47 }, // U+01CC
    { 0x01CD, 15 }, // U+01CD
    { 0x01CE, 40 }, // U+01CE
    { 0x01CF, 22 }, // U+01CF
    { 0x01D0, 65 }, // U+01D0
    { 0x01D1, 18 }, // U+01D1
    { 0x01D2, 41 }, // U+01D2
    { 0x01D3, 33 }, // U+01D3
    { 0x01D4, 40 }, // U+01D4
    { 0x01D5, 33 }, // U+01D5
    { 0x01D6, 40 }, // U+01D6
    { 0x01D7, 33 }, // U+01D7
    { 0x01D8, 40 }, // U+01D8
    { 0x01D9, 33 }, // U+01D9
    { 0x01DA, 40 }, // U+01DA
    { 0x01DB, 33 }, // U+01DB
    { 0x01DC, 40 }, // U+01DC
    { 0x01DD, 41 }, // U+01DD
    { 0x01DE, 15 }, // U+01DE
    { 0x01DF, 40 }, // U+01DF
    { 0x01E0, 15 }, // U+01E0
    { 0x01E1, 40 }, // U+01E1
    { 0x01E2, 19 }, // U+01E2
    { 0x01E3, 43 }, // U+01E3
    { 0x01E4, 21 }, // U+01E4
    { 0x01E5, 83 }, // U+01E5
    { 0x01E6, 21 }, // U+01E6
    { 0x01E7, 45 }, // U+01E7
    { 0x01E8, 24 }, // U+01E8
    { 0x01E9, 48 }, // U+01E9
    { 0x01EA, 18 }, // U+01EA
    { 0x01EB, 41 }, // U+01EB
    { 0x01EC, 18 }, // U+01EC
    { 0x01ED, 41 }, // U+01ED
    { 0x01EE, 84 }, // U+01EE
    { 0x01EF, 85 }, // U+01EF
    { 0x01F0, 75 }, // U+01F0
    { 0x01F1, 37 }, // U+01F1
    { 0x01F2, 55 }, // U+01F2
    { 0x01F3, 55 }, // U+01F3
    { 0x01F4, 21 }, // U+01F4
    { 0x01F5, 45 }, // U+01F5
    { 0x01F8, 27 }, // U+01F8
    { 0x01F9, 46 }, // U+01F9
    { 0x01FA, 15 }, // U+01FA
    { 0x01FB, 40 }, // U+01FB
    { 0x01FC, 19 }, // U+01FC
    { 0x01FD, 43 }, // U+01FD
    { 0x01FE, 18 }, // U+01FE
    { 0x01FF, 66 }, // U+01FF
    { 0x0200, 15 }, // U+0200
    { 0x0201, 40 }, // U+0201
    { 0x0202, 15 }, // U+0202
    { 0x0203, 40 }, // U+0203
    { 0x0204, 19 }, // U+0204
    { 0x0205, 43 }, // U+0205
    { 0x0206, 19 }, // U+0206
    { 0x0207, 43 }, // U+0207
    { 0x0208, 22 }, // U+0208
    { 0x0209, 65 }, // U+0209
    { 0x020A, 22 }, // U+020A
    { 0x020B, 65 }, // U+020B
    { 0x020C, 18 }, // U+020C
    { 0x020D, 41 }, // U+020D
    { 0x020E, 18 }, // U+020E
    { 0x020F, 41 }, // U+020F
    { 0x0210, 30 }, // U+0210
    { 0x0211, 50 }, // U+0211
    { 0x0212, 30 }, // U+0212
    { 0x0213, 50 }, // U+0213
    { 0x0214, 33 }, // U+0214
    { 0x0215, 40 }, // U+0215
    { 0x0216, 33 }, // U+0216
    { 0x0217, 40 }, // U+0217
    { 0x0218, 31 }, // U+0218
    { 0x0219, 51 }, // U+0219
    { 0x021A, 32 }, // U+021A
    { 0x021B, 52 }, // U+021B
    { 0x021C, 16 }, // U+021C
    { 0x021D, 86 }, // U+021D
    { 0x021E, 22 }, // U+021E
    { 0x021F, 46 }, // U+021F
    { 0x2010, 5 }, // U+2010
    { 0x2011, 5 }, // U+2011
    { 0x2013, 5 }, // U+2013
    { 0x2014, 5 }, // U+2014
    { 0x2015, 5 }, // U+2015
    { 0x2018, 87 }, // U+2018
    { 0x2019, 88 }, // U+2019
    { 0x201A, 89 }, // U+201A
    { 0x201B, 87 }, // U+201B
    { 0x201C, 87 }, // U+201C
    { 0x201D, 88 }, // U+201D
    { 0x201E, 4 }, // U+201E
    { 0x2025, 4 }, // U+2025
    { 0x2026, 4 }, // U+2026
    { 0x2039, 59 }, // U+2039
    { 0x203A, 60 }, // U+203A
    { 0xFB00, 44 }, // U+FB00
    { 0xFB05, 52 }, // U+FB05
    { 0xFB06, 52 }, // U+FB06
};

static const EpdKernClassEntry bookerly_12_italicKernRightClasses[] = {
    { 0x0021, 1 }, // !
    { 0x0022, 2 }, // "
    { 0x0025, 3 }, // %
    { 0x0027, 2 }, // '
    { 0x0029, 4 }, // )
    { 0x002A, 5 }, // *
    { 0x002C, 6 }, // ,
    { 0x002D, 7 }, // -
    { 0x002E, 8 }, // .
    { 0x002F, 9 }, // /
    { 0x0030, 10 }, // 0
    { 0x0031, 11 }, // 1
    { 0x0032, 12 }, // 2
    { 0x0033, 13 }, // 3
    { 0x0034, 14 }, // 4
    { 0x0035, 15 }, // 5
    { 0x0036, 16 }, // 6
    { 0x0037, 17 }, // 7
    { 0x0038, 18 }, // 8
    { 0x0039, 19 }, // 9
    { 0x003A, 20 }, // :
    { 0x003B, 21 }, // ;
    { 0x003F, 22 }, // ?
    { 0x0041, 23 }, // A
    { 0x0042, 24 }, // B
    { 0x0043, 25 }, // C
    { 0x0044, 24 }, // D
    { 0x0045, 26 }, // E
    { 0x0046, 26 }, // F
    { 0x0047, 25 }, // G
    { 0x0048, 26 }, // H
    { 0x0049, 26 }, // I
    { 0x004A, 27 }, // J
    { 0x004B, 26 }, // K
    { 0x004C, 26 }, // L
    { 0x004D, 28 }, // M
    { 0x004E, 26 }, // N
    { 0x004F, 25 }, // O
    { 0x0050, 24 }, // P
    { 0x0051, 25 }, // Q
    { 0x0052, 24 }, // R
    { 0x0053, 29 }, // S
    { 0x0054, 30 }, // T
    { 0x0055, 31 }, // U
    { 0x0056, 32 }, // V
    { 0x0057, 32 }, // W
    { 0x0058, 33 }, // X
    { 0x0059, 34 }, // Y
    { 0x005A, 35 }, // Z
    { 0x005C, 36 }, // <backslash>
    { 0x005D, 37 }, // ]
    { 0x0061, 38 }, // a
    { 0x0062, 39 }, // b
    { 0x0063, 38 }, // c
    { 0x0064, 38 }, // d
    { 0x0065, 38 }, // e
    { 0x0066, 40 }, // f
    { 0x0067, 41 }, // g
    { 0x0068, 39 }, // h
    { 0x0069, 42 }, // i
    { 0x006A, 43 }, // j
    { 0x006B, 39 }, // k
    { 0x006C, 39 }, // l
    { 0x006D, 44 }, // m
    { 0x006E, 44 }, // n
    { 0x006F, 38 }, // o
    { 0x0070, 45 }, // p
    { 0x0071, 38 }, // q
    { 0x0072, 44 }, // r
    { 0x0073, 46 }, // s
    { 0x0074, 47 }, // t
    { 0x0075, 48 }, // u
    { 0x0076, 49 }, // v
    { 0x0077, 49 }, // w
    { 0x0078, 50 }, // x
    { 0x0079, 51 }, // y
    { 0x007A, 52 }, // z
    { 0x007D, 53 }, // }
    { 0x00AB, 54 }, // U+00AB
    { 0x00AD, 7 }, // U+00AD
    { 0x00B0, 11 }, // U+00B0
    { 0x00BB, 55 }, // U+00BB
    { 0x00BF, 56 }, // U+00BF
    { 0x00C0, 23 }, // U+00C0
    { 0x00C1, 23 }, // U+00C1
    { 0x00C2, 23 }, // U+00C2
    { 0x00C3, 23 }, // U+00C3
    { 0x00C4, 23 }, // U+00C4
    { 0x00C5, 23 }, // U+00C5
    { 0x00C6, 57 }, // U+00C6
    { 0x00C7, 25 }, // U+00C7
    { 0x00C8, 26 }, // U+00C8
    { 0x00C9, 26 }, // U+00C9
    { 0x00CA, 26 }, // U+00CA
    { 0x00CB, 26 }, // U+00CB
    { 0x00CC, 26 }, // U+00CC
    { 0x00CD, 26 }, // U+00CD
    { 0x00CE, 26 }, // U+00CE
    { 0x00CF, 26 }, // U+00CF
    { 0x00D0, 24 }, // U+00D0
    { 0x00D1, 26 }, // U+00D1
    { 0x00D2, 25 }, // U+00D2
    { 0x00D3, 25 }, // U+00D3
    { 0x00D4, 25 }, // U+00D4
    { 0x00D5, 25 }, // U+00D5
    { 0x00D6, 25 }, // U+00D6
    { 0x00D8, 25 }, // U+00D8
    { 0x00D9, 31 }, // U+00D9
    { 0x00DA, 31 }, // U+00DA
    { 0x00DB, 31 }, // U+00DB
    { 0x00DC, 31 }, // U+00DC
    { 0x00DD, 34 }, // U+00DD
    { 0x00DE, 26 }, // U+00DE
    { 0x00DF, 58 }, // U+00DF
    { 0x00E0, 38 }, // U+00E0
    { 0x00E1, 38 }, // U+00E1
    { 0x00E2, 38 }, // U+00E2
    { 0x00E3, 38 }, // U+00E3
    { 0x00E4, 59 }, // U+00E4
    { 0x00E5, 38 }, // U+00E5
    { 0x00E6, 38 }, // U+00E6
    { 0x00E7, 38 }, // U+00E7
    { 0x00E8, 38 }, // U+00E8
    { 0x00E9, 38 }, // U+00E9
    { 0x00EA, 38 }, // U+00EA
    { 0x00EB, 38 }, // U+00EB
    { 0x00EC, 60 }, // U+00EC
    { 0x00ED, 42 }, // U+00ED
    { 0x00EE, 61 }, // U+00EE
    { 0x00EF, 61 }, // U+00EF
    { 0x00F0, 38 }, // U+00F0
    { 0x00F1, 44 }, // U+00F1
    { 0x00F2, 38 }, // U+00F2
    { 0x00F3, 38 }, // U+00F3
    { 0x00F4, 38 }, // U+00F4
    { 0x00F5, 38 }, // U+00F5
    { 0x00F6, 38 }, // U+00F6
    { 0x00F8, 62 }, // U+00F8
    { 0x00F9, 48 }, // U+00F9
    { 0x00FA, 48 }, // U+00FA
    { 0x00FB, 48 }, // U+00FB
    { 0x00FC, 48 }, // U+00FC
    { 0x00FD, 49 }, // U+00FD
    { 0x00FE, 63 }, // U+00FE
    { 0x00FF, 49 }, // U+00FF
    { 0x0100, 23 }, // U+0100
    { 0x0101, 38 }, // U+0101
    { 0x0102, 23 }, // U+0102
    { 0x0103, 38 }, // U+0103
    { 0x0104, 23 }, // U+0104
    { 0x0105, 38 }, // U+0105
    { 0x0106, 25 }, // U+0106
    { 0x0107, 38 }, // U+0107
    { 0x0108, 25 }, // U+0108
    { 0x0109, 38 }, // U+0109
    { 0x010A, 25 }, // U+010A
    { 0x010B, 38 }, // U+010B
    { 0x010C, 25 }, // U+010C
    { 0x010D, 64 }, // U+010D
    { 0x010E, 24 }, // U+010E
    { 0x010F, 38 }, // U+010F
    { 0x0110, 24 }, // U+0110
    { 0x0111, 38 }, // U+0111
    { 0x0112, 26 }, // U+0112
    { 0x0113, 38 }, // U+0113
    { 0x0114, 26 }, // U+0114
    { 0x0115, 38 }, // U+0115
    { 0x0116, 26 }, // U+0116
    { 0x0117, 38 }, // U+0117
    { 0x0118, 26 }, // U+0118
    { 0x0119, 38 }, // U+0119
    { 0x011A, 26 }, // U+011A
    { 0x011B, 38 }, // U+011B
    { 0x011C, 25 }, // U+011C
    { 0x011D, 41 }, // U+011D
    { 0x011E, 25 }, // U+011E
    { 0x011F, 41 }, // U+011F
    { 0x0120, 25 }, // U+0120
    { 0x0121, 41 }, // U+0121
    { 0x0122, 25 }, // U+0122
    { 0x0123, 41 }, // U+0123
    { 0x0124, 26 }, // U+0124
    { 0x0125, 39 }, // U+0125
    { 0x0126, 26 }, // U+0126
    { 0x0127, 65 }, // U+0127
    { 0x0128, 26 }, // U+0128
    { 0x0129, 66 }, // U+0129
    { 0x012A, 26 }, // U+012A
    { 0x012B, 61 }, // U+012B
    { 0x012C, 26 }, // U+012C
    { 0x012D, 61 }, // U+012D
    { 0x012E, 26 }, // U+012E
    { 0x012F, 42 }, // U+012F
    { 0x0130, 26 }, // U+0130
    { 0x0131, 44 }, // U+0131
    { 0x0132, 26 }, // U+0132
    { 0x0133, 42 }, // U+0133
    { 0x0134, 27 }, // U+0134
    { 0x0135, 67 }, // U+0135
    { 0x0136, 26 }, // U+0136
    { 0x0137, 39 }, // U+0137
    { 0x0138, 44 }, // U+0138
    { 0x0139, 26 }, // U+0139
    { 0x013A, 39 }, // U+013A
    { 0x013B, 26 }, // U+013B
    { 0x013C, 39 }, // U+013C
    { 0x013D, 26 }, // U+013D
    { 0x013E, 39 }, // U+013E
    { 0x013F, 26 }, // U+013F
    { 0x0140, 39 }, // U+0140
    { 0x0141, 26 }, // U+0141
    { 0x0142, 68 }, // U+0142
    { 0x0143, 26 }, // U+0143
    { 0x0144, 44 }, // U+0144
    { 0x0145, 26 }, // U+0145
    { 0x0146, 44 }, // U+0146
    { 0x0147, 26 }, // U+0147
    { 0x0148, 44 }, // U+0148
    { 0x0149, 44 }, // U+0149
    { 0x014A, 26 }, // U+014A
    { 0x014B, 44 }, // U+014B
    { 0x014C, 25 }, // U+014C
    { 0x014D, 38 }, // U+014D
    { 0x014E, 25 }, // U+014E
    { 0x014F, 38 }, // U+014F
    { 0x0150, 25 }, // U+0150
    { 0x0151, 38 }, // U+0151
    { 0x0152, 25 }, // U+0152
    { 0x0153, 38 }, // U+0153
    { 0x0154, 24 }, // U+0154
    { 0x0155, 44 }, // U+0155
    { 0x0156, 24 }, // U+0156
    { 0x0157, 44 }, // U+0157
    { 0x0158, 24 }, // U+0158
    { 0x0159, 44 }, // U+0159
    { 0x015A, 29 }, // U+015A
    { 0x015B, 46 }, // U+015B
    { 0x015C, 29 }, // U+015C
    { 0x015D, 46 }, // U+015D
    { 0x015E, 29 }, // U+015E
    { 0x015F, 46 }, // U+015F
    { 0x0160, 29 }, // U+0160
    { 0x0161, 69 }, // U+0161
    { 0x0162, 30 }, // U+0162
    { 0x0163, 47 }, // U+0163
    { 0x0164, 30 }, // U+0164
    { 0x0165, 47 }, // U+0165
    { 0x0166, 30 }, // U+0166
    { 0x0167, 47 }, // U+0167
    { 0x0168, 31 }, // U+0168
    { 0x0169, 48 }, // U+0169
    { 0x016A, 31 }, // U+016A
    { 0x016B, 48 }, // U+016B
    { 0x016C, 31 }, // U+016C
    { 0x016D, 48 }, // U+016D
    { 0x016E, 31 }, // U+016E
    { 0x016F, 48 }, // U+016F
    { 0x0170, 31 }, // U+0170
    { 0x0171, 48 }, // U+0171
    { 0x0172, 31 }, // U+0172
    { 0x0173, 48 }, // U+0173
    { 0x0174, 32 }, // U+0174
    { 0x0175, 49 }, // U+0175
    { 0x0176, 34 }, // U+0176
    { 0x0177, 49 }, // U+0177
    { 0x0178, 34 }, // U+0178
    { 0x0179, 35 }, // U+0179
    { 0x017A, 52 }, // U+017A
    { 0x017B, 35 }, // U+017B
    { 0x017C, 52 }, // U+017C
    { 0x017D, 35 }, // U+017D
    { 0x017E, 70 }, // U+017E
    { 0x017F, 58 }, // U+017F
    { 0x01C4, 24 }, // U+01C4
    { 0x01C5, 24 }, // U+01C5
    { 0x01C6, 38 }, // U+01C6
    { 0x01C7, 26 }, // U+01C7
    { 0x01C8, 26 }, // U+01C8
    { 0x01C9, 39 }, // U+01C9
    { 0x01CA, 26 }, // U+01CA
    { 0x01CB, 26 }, // U+01CB
    { 0x01CC, 44 }, // U+01CC
    { 0x01CD, 23 }, // U+01CD
    { 0x01CE, 38 }, // U+01CE
    { 0x01CF, 26 }, // U+01CF
    { 0x01D0, 61 }, // U+01D0
    { 0x01D1, 25 }, // U+01D1
    { 0x01D2, 38 }, // U+01D2
    { 0x01D3, 31 }, // U+01D3
    { 0x01D4, 48 }, // U+01D4
    { 0x01D5, 31 }, // U+01D5
    { 0x01D6, 48 }, // U+01D6
    { 0x01D7, 31 }, // U+01D7
    { 0x01D8, 48 }, // U+01D8
    { 0x01D9, 31 }, // U+01D9
    { 0x01DA, 48 }, // U+01DA
    { 0x01DB, 31 }, // U+01DB
    { 0x01DC, 48 }, // U+01DC
    { 0x01DD, 71 }, // U+01DD
    { 0x01DE, 23 }, // U+01DE
    { 0x01DF, 38 }, // U+01DF
    { 0x01E0, 23 }, // U+01E0
    { 0x01E1, 38 }, // U+01E1
    { 0x01E2, 57 }, // U+01E2
    { 0x01E3, 38 }, // U+01E3
    { 0x01E4, 25 }, // U+01E4
    { 0x01E5, 72 }, // U+01E5
    { 0x01E6, 25 }, // U+01E6
    { 0x01E7, 41 }, // U+01E7
    { 0x01E8, 26 }, // U+01E8
    { 0x01E9, 39 }, // U+01E9
    { 0x01EA, 25 }, // U+01EA
    { 0x01EB, 38 }, // U+01EB
    { 0x01EC, 25 }, // U+01EC
    { 0x01ED, 38 }, // U+01ED
    { 0x01EE, 73 }, // U+01EE
    { 0x01EF, 74 }, // U+01EF
    { 0x01F0, 67 }, // U+01F0
    { 0x01F1, 24 }, // U+01F1
    { 0x01F2, 24 }, // U+01F2
    { 0x01F3, 38 }, // U+01F3
    { 0x01F4, 25 }, // U+01F4
    { 0x01F5, 41 }, // U+01F5
    { 0x01F8, 26 }, // U+01F8
    { 0x01F9, 44 }, // U+01F9
    { 0x01FA, 23 }, // U+01FA
    { 0x01FB, 38 }, // U+01FB
    { 0x01FC, 57 }, // U+01FC
    { 0x01FD, 38 }, // U+01FD
    { 0x01FE, 25 }, // U+01FE
    { 0x01FF, 62 }, // U+01FF
    { 0x0200, 23 }, // U+0200
    { 0x0201, 38 }, // U+0201
    { 0x0202, 23 }, // U+0202
    { 0x0203, 38 }, // U+0203
    { 0x0204, 26 }, // U+0204
    { 0x0205, 38 }, // U+0205
    { 0x0206, 26 }, // U+0206
    { 0x0207, 38 }, // U+0207
    { 0x0208, 26 }, // U+0208
    { 0x0209, 61 }, // U+0209
    { 0x020A, 26 }, // U+020A
    { 0x020B, 61 }, // U+020B
    { 0x020C, 25 }, // U+020C
    { 0x020D, 38 }, // U+020D
    { 0x020E, 25 }, // U+020E
    { 0x020F, 38 }, // U+020F
    { 0x0210, 24 }, // U+0210
    { 0x0211, 44 }, // U+0211
    { 0x0212, 24 }, // U+0212
    { 0x0213, 44 }, // U+0213
    { 0x0214, 31 }, // U+0214
    { 0x0215, 48 }, // U+0215
    { 0x0216, 31 }, // U+0216
    { 0x0217, 48 }, // U+0217
    { 0x0218, 29 }, // U+0218
    { 0x0219, 46 }, // U+0219
    { 0x021A, 30 }, // U+021A
    { 0x021B, 47 }, // U+021B
    { 0x021C, 75 }, // U+021C
    { 0x021D, 76 }, // U+021D
    { 0x021E, 26 }, // U+021E
    { 0x021F, 39 }, // U+021F
    { 0x2010, 7 }, // U+2010
    { 0x2011, 7 }, // U+2011
    { 0x2013, 7 }, // U+2013
    { 0x2014, 7 }, // U+2014
    { 0x2015, 7 }, // U+2015
    { 0x2018, 77 }, // U+2018
    { 0x2019, 78 }, // U+2019
    { 0x201A, 8 }, // U+201A
    { 0x201B, 77 }, // U+201B
    { 0x201C, 77 }, // U+201C
    { 0x201D, 78 }, // U+201D
    { 0x201E, 8 }, // U+201E
    { 0x2025, 8 }, // U+2025
    { 0x2026, 8 }, // U+2026
    { 0x2030, 3 }, // U+2030
    { 0x2039, 54 }, // U+2039
    { 0x203A, 55 }, // U+203A
    { 0x203C, 1 }, // U+203C
    { 0x2047, 22 }, // U+2047
    { 0x2048, 22 }, // U+2048
    { 0x2049, 1 }, // U+2049
    { 0x20AC, 79 }, // U+20AC
    { 0xFB00, 40 }, // U+FB00
    { 0xFB01, 40 }, // U+FB01
    { 0xFB02, 40 }, // U+FB02
    { 0xFB03, 40 }, // U+FB03
    { 0xFB04, 40 }, // U+FB04
    { 0xFB05, 40 }, // U+FB05
    { 0xFB06, 46 }, // U+FB06
};

static const int8_t bookerly_12_italicKernMatrix[] = {
       0,    0,    0,    0,    0,    0,    0,    0,    0,    0,    0,    0,    0,    0,    0,  -12,    0,    0,    0,    0,    0,    0,    0,    0,    0,    0,    0,    0,    0,    0,    0,    0,    0,    0,    0,    0,    0,    0,    0,    0,    0,    0,    0,    0,    0,    0,    0,    0,    0,    0,    0,    0,    0,    0,    0,    0,    0,    0,    0,    0,    0,    0,    0,    0,    0,    0,    0,    0,    0,    0,    0,    0,    0,    0,    0,    0,    0,    0,    0,
       0,    0,    0,    0,    0,    0,    0,    0,    0,    0,    0,    0,    0,    0,    0,    0,    0,    0,    0,    0,    0,    0,    0,    0,  -10,    0,   40,    0,    0,    0,    0,    0,    0,   12,    0,    0,    0,  -20,   24,   60,   26,    0,   60,    0,    0,    0,    0,    0,    0,    0,   32,    0,    0,    0,    0,    0,    0,    0,  -20,    0,    0,  -20,   24,  -20,   24,    0,    0,   24,    0,    0,    0,   46,    0,    0,    0,    0,    0,    0,    0,
       0,    0,    0,    0,    0,    0,    0,    0,    0,    0,    0,    0,    0,    0,    0,    0,    0,    0,    0,    0,    0,    0,  -40,    0,    0,    0,    0,    0,    0,    0,    0,    0,    0,    0,    0,    0,    0,    0,    0,    0,    0,    0,    0,    0,    0,    0,    0,    0,    0,    0,    0,    0,    0,    0,    0,    0,  -36,    0,    0,    0,    0,    0,    0,    0,    0,    0,    0,    0,    0,    0,    0,    0,    0,    0,    0,    0,    0,    0,    0,
       0,    0,    0,    0,    0,    0,    0,    0,    0,    0,    0,    0,    0,    0,    0,    0,    0,    0,    0,    0,    0,    0,   16,    0,  -12,    0,   28,    0,    0,  -20,  -24,  -40,   16,  -24,    0,    0,    0,   -8,    0,   12,    8,    0,   34,   -8,   -8,    0,   -8,   -8,  -24,    0,  -24,    0,    0,    0,    0,    0,   12,    0,   -8,    0,    0,   -8,    0,   -8,    0,    0,    0,    0,    0,    0,    0,    8,    0,    0,    0,    0,  -40,  -40,    0,
       0,    0,    0,    0,    0,  -12,    0,  -12,    0,    0,    0,    0,    0,    0,    0,    0,    0,    0,    0,    0,    0,    0,    0,    0,    0,    0,    0,    0,    0,    0,    0,    0,    0,  -12,    0,    0,    0,    0,    0,    0,    0,    0,    0,    0,    0,    0,    0,    0,    0,    0,    0,    0,    0,    0,    0,    0,    0,    0,    0,    0,    0,    0,    0,    0,    0,    0,    0,    0,    0,    0,    0,    0,    0,    0,    0,    0,    0,    0,    0,
       0,    0,    0,    0,    0,    0,    0,    0,    0,  -16,    0,    0,    0,  -20,    0,  -16,    0,   -8,    0,    0,    0,    0,  -36,    0,  -16,    0,    0,  -20,    0,    0,    0,    0,    0,    0,    0,    0,    0,  -40,    0,  -20,  -40,    0,    0,   -8,   -8,  -36,  -12,  -16,    0,  -20,    0,  -24,    0,    0,    0,    0,  -52,    0,  -40,    0,    0,  -40,    0,  -40,    0,    0,    0,    0,  -36,  -24,    0,  -40,    0,    0,    0,    0,    0,    0,    0,
       0,    0,    0,    0,    0,  -12,    0,  -12,   -4,    0,    0,    0,    0,    0,    0,    0,    0,    0,    0,    0,    0,    0,    0,    0,    0,    0,    0,    0,    0,    0,    0,    0,    0,    0,    0,    0,    0,    0,    0,    0,    0,    0,    0,    0,    0,    0,    0,    0,    0,    0,    0,    0,    0,    0,    0,    0,    0,    0,    0,    0,    0,    0,    0,    0,    0,    0,    0,    0,    0,    0,    0,    0,    0,    0,    0,    0,    0,    0,    8,
       0,    0,    0,    0,    0,  -24,    0,  -24,    0,    0,    0,    0,    0,    0,    0,    0,    0,    0,    0,    0,    0,    0,    0,    0,    0,    0,    0,    0,    0,    0,    0,    0,    0,    0,    0,    0,    0,    0,    0,    0,    0,    0,    0,    0,    0,    0,    0,    0,    0,    0,    0,    0,    0,    0,    0,    0,    0,    0,    0,    0,    0,    0,    0,    0,    0,    0,    0,    0,    0,    0,    0,    0,    0,    0,    0,    0,    0,    0,    0,
       0,    0,    0,    0,    0,    0,    0,    0,    0,    0,    0,    0,    0,   16,    0,    0,    0,    0,    0,    0,    0,    0,    0,    0,    0,    0,    0,    0,    0,    0,    0,    0,    0,    0,    0,  -16,    0,    0,    0,    0,    0,    0,    0,    0,    0,    0,    0,    0,    0,    0,    0,    0,    0,    0,    0,    0,    0,    0,    0,    0,    0,    0,    0,    0,    0,    0,    0,    0,    0,    0,    0,    0,    0,    0,    0,    0,    0,    0,    0,
       0,   16,    0,    0,    0,  -20,    0,  -20,    0,    0,    0,    0,    0,    0,    0,    0,    0,    0,    0,    0,    0,    0,    0,    0,    0,    0,    0,    0,    0,    0,    0,    0,    0,    0,    0,    0,    0,    0,    0,    0,    0,    0,    0,    0,    0,    0,    0,    0,    0,    0,    0,    0,    0,    0,    0,    0,    0,    0,    0,    0,    0,    0,    0,    0,    0,    0,    0,    0,    0,    0,    0,    0,    0,    0,    0,    0,    0,    0,    0,
       0,   12,    0,    0,    0,    0,    0,    0,    0,    0,    0,    0,    0,    8,    0,    0,    0,    0,    0,    0,    0,    0,    0,    0,    0,    0,    0,    0,    0,    0,    0,    0,    0,    0,    0,    0,    0,    0,    0,    0,    0,    0,    0,    0,    0,    0,    0,    0,    0,    0,    0,    0,    0,    0,    0,    0,    0,    0,    0,    0,    0,    0,    0,    0,    0,    0,    0,    0,    0,    0,    0,    0,    0,    0,    0,    0,    0,    0,    0,
       0,   32,   20,    0,   28,  -16,    0,  -16,   -4,   12,   16,   12,   18,   -8,   20,    0,   20,    0,   16,    0,    0,    0,    0,    0,    0,    0,    0,    0,    0,    0,    0,    0,    0,    0,    0,   16,    0,    0,    0,    0,    0,    0,    0,    0,    0,    0,    0,    0,    0,    0,    0,    0,    0,    0,    0,    0,    0,    0,    0,    0,    0,    0,    0,    0,    0,    0,    0,    0,    0,    0,    0,    0,    0,    0,    0,    0,    8,   24,    0,
       0,    0,    0,    0,    0,   -8,    0,   -8,    0,    0,    0,    0,    0,    0,    0,    0,    0,    0,    0,    0,    0,    0,    0,    0,    0,    0,    0,    0,    0,    0,    0,    0,    0,    0,    0,   -8,    0,    0,    0,    0,    0,    0,    0,    0,    0,    0,    0,    0,    0,    0,    0,    0,    0,    0,    0,    0,    0,    0,    0,    0,    0,    0,    0,    0,    0,    0,    0,    0,    0,    0,    0,    0,    0,    0,    0,    0,    0,    0,    0,
       0,    0,    0,    0,    0,   -8,    0,   -8,    0,    0,    0,    0,    0,    0,    0,    0,    0,    0,    0,    0,    0,    0,    0,    0,    0,    0,    0,    0,    0,    0,    0,    0,    0,    0,    0,  -20,    0,    0,    0,    0,    0,    0,    0,    0,    0,    0,    0,    0,    0,    0,    0,    0,    0,    0,    0,    0,    0,    0,    0,    0,    0,    0,    0,    0,    0,    0,    0,    0,    0,    0,    0,    0,    0,    0,    0,    0,    0,    8,    8,
       0,    0,    0,    0,  -36,    0,   -8,    0,    0,    0,    0,    0,    0,    0,    0,    0,    0,    0,    0,    0,    0,  -12,   12,    0,  -16,    0,    0,    0,    0,  -24,  -28,  -48,   15,  -40,    0,  -64,    0,   -8,    0,    0,    8,   -8,    0,   -8,   -8,    0,  -10,  -10,  -24,    0,  -24,    0,    0,  -12,    0,    0,    8,    0,   -8,   -8,   -8,   -4,    0,   -8,    0,   -8,    0,    0,    0,    0,    0,    8,    0,   -8,   -8,  -12,  -40,  -32,    0,
       0,    0,    0,    0,    0,  -16,    0,  -16,    0,    0,    0,    0,    0,    0,    0,    0,    0,    0,    0,  -16,  -16,   -8,   -8,    0,    4,    0,    0,    0,    0,  -16,  -12,  -24,    0,  -18,    0,  -16,    0,    0,   -4,   -6,    0,   -4,    0,    0,    0,    0,    0,    0,    0,    0,    0,    0,    0,    0,    0,    0,   -8,    0,    0,   -4,    0,    0,   -4,    0,   -4,    0,    0,   -4,    0,    0,    0,    0,    0,    0,  -12,    0,    0,    0,    0,
       0,    0,    0,    0,    0,   -4,    0,   -4,    0,    0,    0,    0,    0,    0,    0,    0,    0,    0,    0,   -8,   -8,    0,    0,    0,   -6,    0,    0,    0,    0,    0,   -6,   -8,    0,    0,    0,    0,    0,   -4,    0,    0,    0,    0,    0,    0,    0,    0,    0,    0,    0,    0,    0,    0,    0,    0,    0,    0,    0,    0,   -4,    0,    0,   -4,    0,   -4,    0,    0,    0,    0,    0,    0,    0,    0,    0,    0,    0,    0,    0,    0,    0,
       0,    0,    0,    0,    0,  -24,    0,  -24,   -8,    0,    0,    0,    0,    0,    0,    0,    0,    0,    0,  -16,  -16,    0,  -12,    0,    6,   -4,  -10,   -6,    0,   -8,   -7,  -12,   -4,  -12,    0,  -20,    0,    0,    0,    0,    0,    0,    0,    0,    0,    0,    0,    0,    0,    0,    0,    0,    0,    0,    0,    0,  -12,   -8,    0,    0,    0,    0,    0,    0,    0,    0,    0,    0,    0,    0,    0,    0,    0,    0,    0,    0,    0,    0,    0,
       0,    0,    0,    0,   12,    0,    0,    0,    0,    0,    0,    0,    0,    0,    0,    0,    0,    0,    0,  -12,  -12,    0,    0,    0,   -6,    0,    0,    0,    0,    0,   -4,    0,    0,    0,    0,    0,    0,   -8,    0,    0,    0,    0,    0,    0,    0,    0,    0,    0,    0,    0,    0,    0,    0,    0,    0,    0,    0,    0,   -8,    0,    0,   -8,    0,   -8,    0,    0,    0,    0,    0,    0,    0,    0,    0,    0,   -4,    0,    0,    0,    0,
       0,    0,    0,    0,    0,  -36,    0,  -36,  -28,    0,    0,    0,    0,    0,    0,    0,    0,    0,    0,  -24,  -24,    0,  -36,    0,    0,    0,    0,   -4,    0,    0,    0,    0,    0,    0,    0,    0,    0,  -10,    0,   -6,  -12,    0,    0,    0,    0,  -12,    0,    0,    0,    0,    0,    0,    0,   -8,    0,    0,  -38,    0,  -10,    0,    8,  -10,    0,  -10,    0,    8,    0,    0,  -12,    0,   -8,  -12,    0,    0,    0,    0,    0,   10,    0,
       0,    0,    0,    0,    0,  -20,    0,  -20,    0,    0,    0,    0,    0,    0,    0,    0,    0,    0,    0,    0,    0,    0,   -8,    0,    0,    0,    0,    0,    0,  -12,   -8,  -16,    0,  -12,    0,  -12,    0,    0,    0,    0,    0,    0,    0,    0,    0,    0,    0,    0,    0,    0,    0,    0,    0,    0,    0,    0,    0,    0,    0,    0,    0,    0,    0,    0,    0,    0,    0,    0,    0,    0,    0,    0,    0,    0,   -8,    0,  -16,    0,    0,
       0,    0,    0,    0,    0,  -20,    0,  -20,    0,    0,    0,    0,    0,    0,    0,    0,    0,    0,    0,  -16,  -16,    0,    0,    0,   -6,    0,    0,    0,    0,    0,    0,    0,    0,    0,    0,    0,    0,   -8,    0,    0,    0,    0,    0,   -4,   -4,   -6,   -8,   -8,   -4,   -6,   -4,    0,    0,  -16,   -8,    0,    0,    0,   -8,    0,    0,   -8,    0,   -8,    0,    0,    0,    0,   -6,    0,   -8,    0,    0,   -8,    0,    0,   -8,    0,    0,
       0,    0,    0,    0,    8,  -24,    0,  -24,  -12,    0,    0,    0,    0,    0,    0,    0,    0,    0,    0,  -16,  -16,    0,  -12,    0,   -4,    0,    0,    0,    0,    0,    0,    0,    0,    4,    0,    0,    0,   -6,    0,    0,    0,    0,    0,    0,    0,   -4,    0,    0,    0,    0,    0,    0,    0,    0,    0,    0,   -8,    0,   -6,    0,    8,   -6,    0,   -6,    0,    8,    0,    0,   -4,    0,    0,    0,    0,    0,    0,    0,    0,    0,    0,
       0,    0,    0,    0,   12,   -4,  -12,   -4,    0,    0,    0,    0,    0,    0,    0,    0,    0,    0,    0,  -12,  -12,    0,    8,    0,  -14,    0,    0,    0,    0,    0,    0,    0,   18,    0,    0,    0,    0,   -8,    0,    0,    0,    0,    0,   -8,   -8,   -8,   -4,  -12,   -8,    0,   -8,    0,    0,  -16,    0,    0,   13,    0,   -8,    0,    0,   -8,    0,   -8,    0,    0,    0,    0,   -8,    0,    0,    0,    0,  -12,    0,    0,    0,    0,    0,
       0,    0,    0,    0,  -22,    0,    0,    0,    0,    0,    0,    0,    0,    0,    0,    0,    0,    0,    0,    0,    0,    0,    0,    0,    0,    0,    0,    0,    0,  -18,  -12,  -28,   12,  -24,    0,  -36,    0,    0,    0,    0,    0,    0,    0,    0,    0,    0,    0,    0,  -12,    0,  -12,    0,    0,    0,    0,    0,    0,    0,    0,    0,    0,    0,    0,    0,    0,    0,    0,    0,    0,    0,    0,    0,    0,    0,    0,    0,  -24,   -8,    0,
       0,    0,    0,    0,    0,    0,    0,    0,    0,    0,    0,    0,    0,    0,    0,    0,    0,    0,    0,    0,    0,    0,    0,    0,   -6,    0,    0,    0,    0,   -8,   -8,  -12,    8,    0,    0,  -12,    0,    0,    0,    0,    0,    0,    0,    0,    0,    0,    0,   -4,   -4,    0,   -4,    0,    0,   -8,    0,    0,    0,    0,    0,    0,    0,    0,    0,    0,    0,    0,    0,    0,    0,    0,    0,    0,    0,    0,    0,    0,  -12,    0,    0,
       0,    0,    0,    0,    0,  -28,    0,  -28,  -24,    0,    0,    0,    0,    0,    0,    0,    0,    0,    0,    0,    0,    0,  -16,    0,   -6,    0,    0,    0,    0,    0,    0,    0,    0,    0,    0,    0,    0,   -8,    0,    0,   -8,    0,    0,    0,    0,   -8,    0,   -4,    0,   -8,    0,   -6,    0,   -8,   -8,    0,  -16,    0,   -8,    0,    0,   -8,    0,   -8,    0,    0,    0,    0,   -8,   -6,    0,   -8,    0,    0,    0,    0,    0,    0,    0,
       0,    0,    0,    0,    0,  -48,    0,  -48,  -28,    0,    0,    0,    0,    0,    0,    0,    0,    0,    0,  -28,  -28,    0,  -38,   -8,    0,  -12,   -8,  -14,    0,    0,  -12,   -8,  -12,   -8,    0,  -12,    0,  -16,   -4,    0,  -10,    0,    0,    0,    0,   -8,    0,    0,    0,    0,    0,    0,    0,    0,    0,    0,  -50,    0,  -16,    0,    0,  -16,   -4,  -16,   -4,    0,    0,   -4,   -8,    0,    0,  -10,   -4,    0,   -8,    0,    0,    0,    0,
       0,    0,    0,   92,    0,   51,    0,  -24,   -8,    0,    0,    0,    0,    0,    0,    0,    0,    0,    0,  -16,   59,    0,  -16,    0,    6,   -4,   30,   -6,    0,   -8,   -7,  -12,   -4,  -12,    0,  -20,   88,    0,    0,   18,   33,    0,   26,    0,    9,    0,    0,    0,    0,    0,    0,    0,   88,    0,    0,    0,  -12,   -8,    0,    0,    0,    0,   17,    0,    0,    0,    0,    0,    0,    0,    0,   33,    0,    0,    0,    0,    0,    0,    0,
       0,    0,    0,    0,  -12,    0,  -16,    0,    0,    0,    0,    0,    0,    0,    0,    0,    0,    0,    0,    0,    0,    0,   16,    0,  -16,    4,    0,   12,    0,  -24,  -22,  -32,   24,  -36,    4,  -38,    0,   -4,    0,   -8,    0,    0,    0,    0,    0,    0,    0,   -8,   -8,    0,   -8,    0,    0,  -16,    0,    0,   16,    0,   -4,    0,    0,   -4,    0,   -4,    0,    0,    0,    0,    0,    0,    0,    0,    0,  -12,    0,   -8,  -22,  -20,    0,
       0,    0,    0,    0,    0,  -16,    0,  -16,    0,    0,    0,    0,    0,    0,    0,    0,    0,    0,    0,  -12,  -12,    0,    0,    0,    0,    0,    0,    0,    0,   -8,   -8,   -6,    0,   -6,    0,   -8,    0,    0,    0,    0,    0,    0,    0,    0,    0,    0,    0,    0,    0,    0,    0,    0,    0,    0,    0,    0,    0,    0,    0,    0,    0,    0,    0,    0,    0,    0,    0,    0,    0,    0,    0,    0,    0,   -8,   -8,   -8,    0,    0,    0,
       0,    0,    0,    0,   24,  -40,    0,  -40,  -28,    0,    0,    0,    0,    0,    0,    0,    0,    0,    0,  -24,  -24,    0,  -36,    0,    0,    0,    0,   -4,    0,    0,    0,    0,    0,    0,    0,    0,    0,  -16,    4,    0,   -8,    0,    0,    0,    0,  -12,    0,    0,    0,    0,    0,    0,    0,  -12,    0,    0,  -36,    0,  -16,    0,    0,  -16,    4,  -16,   12,    0,    0,    4,  -12,    0,    0,   -8,    0,  -12,    0,    0,   12,   20,    0,
       0,    0,    0,    0,    0,  -32,   -8,  -32,  -28,    0,    0,    0,    0,    0,    0,    0,    0,    0,    0,  -20,  -20,    0,  -24,    0,   -8,    0,    0,   -4,   -4,    0,    0,    0,    0,    0,    0,    0,    0,  -16,    0,    0,  -12,    0,    0,    0,    0,  -12,    0,    0,    0,   -8,    0,   -4,    0,    0,    0,    0,  -24,  -20,  -16,    0,    0,  -16,    0,  -16,    0,    0,    0,    0,  -12,   -4,    0,  -12,    0,    0,    0,    0,    0,    0,    0,
       0,    0,    0,    0,   12,  -52,  -12,  -52,  -36,    0,    0,    0,    0,    0,    0,    0,    0,    0,    0,  -28,  -28,    0,  -44,    0,  -12,    0,    0,   -8,   -4,    0,    0,    0,    0,    6,    0,    8,    0,  -24,    0,    0,  -24,    0,    0,    0,    0,  -20,    0,   -4,    0,   -8,    0,   -4,    0,  -12,  -12,    0,  -52,    0,  -24,    0,    8,  -24,    0,  -24,    0,    8,    0,    0,  -20,   -4,  -16,  -24,    0,    0,    0,    0,    0,    8,    0,
       0,    0,    0,    0,    0,   -8,   -8,   -8,    0,    0,    0,    0,    0,    0,    0,    0,    0,    0,    0,  -12,  -12,    0,   10,    0,  -12,    0,    0,    8,    0,    0,    0,    0,   20,    0,    0,    0,    0,   -8,    0,    0,    0,    0,    0,    0,    0,    0,    0,   -8,   -8,    0,   -8,    0,    0,   -8,    0,    0,   12,    0,   -8,    0,    0,   -2,    0,   -8,    0,    0,    0,    0,    0,    0,    0,    0,    0,   -8,    0,   -8,    0,    0,    0,
       0,    0,    0,    0,   22,  -40,  -20,  -40,  -40,    0,    0,    0,    0,    0,    0,    0,    0,    0,    0,  -20,  -20,    0,  -42,    0,  -12,    0,    0,    0,   -4,    0,    0,    0,    4,    8,    0,    8,    0,  -24,    0,  -12,  -20,    0,    0,   -4,   -4,  -24,   -4,  -12,    0,  -16,    0,   -8,    0,  -12,  -12,    0,  -40,    0,  -24,    0,   12,  -24,    0,  -24,   16,   12,    0,    0,  -24,   -8,  -12,  -20,    0,  -16,    0,  -12,    0,    8,    0,
       0,    0,    0,    0,    0,    0,    0,    0,    0,    0,    0,    0,    0,    0,    0,    0,    0,    0,    0,   -8,   -8,    0,    0,    0,    0,    0,    0,    0,    0,   -4,   -6,  -10,    0,   -4,    0,   -8,    0,    0,    0,    0,    0,    0,    0,    0,    0,    0,    0,    0,    0,    0,    0,    0,    0,    0,    0,    0,    0,    0,    0,    0,    0,    0,    0,    0,    0,    0,    0,    0,    0,    0,    0,    0,    0,    0,    0,    0,    0,    0,    0,
       0,    0,    0,    0,    0,    0,    0,    0,    0,    0,    0,    0,    0,    0,    0,    0,    0,    0,    0,    0,    0,    0,    0,    0,    0,    0,   20,    0,    0,    0,    0,    0,    0,    0,    0,    0,    0,  -16,    0,   28,    0,    0,   16,    0,    0,    0,    0,    0,    0,    0,    0,    0,    0,    0,    0,    0,    0,    0,  -16,    0,    0,  -16,    0,  -16,    0,    0,    0,    0,    0,    0,    0,    0,    0,    0,    0,    0,    0,    0,    0,
       0,    0,    0,    0,    0,    0,    0,    0,    0,    0,    0,   12,    8,    0,    8,    0,    0,    0,    8,    0,    0,    0,   12,    0,   -8,    0,    0,    8,    0,  -22,  -20,  -40,   24,  -34,    0,    0,    0,    0,    0,    0,   32,    0,    0,    0,    0,    0,    0,    0,  -20,   12,  -20,    8,    0,    0,    0,    0,   12,    0,    0,    0,    0,    0,    0,    0,    0,    0,    0,    0,    0,    8,    0,   32,    0,    0,    0,    0,    0,    0,    0,
       0,    0,    0,    0,  -12,    0,    0,    0,    0,    0,    0,    0,    0,    0,    0,    0,    0,    0,    0,    0,    0,    0,    0,    0,    0,    0,    0,    0,    0,    0,    0,    0,    0,    0,    0,  -24,    0,    0,    0,    0,    0,    0,    0,    0,    0,    0,    0,    0,    0,    0,    0,    0,    0,    0,    0,    0,    0,    0,    0,    0,    0,    0,    0,    0,    0,    0,    0,    0,    0,    0,    0,    0,    0,   -4,    0,    0,  -12,    0,    0,
       0,    0,    0,    0,  -12,  -20,    0,  -20,    0,    0,    0,    0,    0,    0,    0,    0,    0,    0,    0,   -8,   -8,    0,    0,    0,    0,    0,    0,    0,    0,    0,    0,    0,    0,    0,    0,  -32,    0,    0,   -4,    0,    0,    0,    0,    0,    0,    0,    0,    0,    0,   -4,    0,    0,    0,    0,    0,    0,    0,    0,    0,    0,    0,    0,   -4,    0,   -4,    0,    0,    4,    0,    0,    0,    0,    0,   -4,    0,    0,  -12,    0,    0,
       0,    0,    0,    0,    0,    0,    0,    0,    0,    0,    0,    0,    0,    0,    0,    0,    0,    0,    0,    0,    0,    0,    0,    0,    0,    0,    0,    0,    0,    0,    0,    0,    0,    0,    0,  -20,    0,   -4,    0,    0,    0,    0,    0,    0,    0,    0,    0,    0,    0,    0,    0,    0,    0,    0,    0,    0,    0,    0,   -4,    0,    0,   -4,    0,   -4,    0,    0,    0,    0,    0,    0,    0,    0,    0,   -4,    0,    0,    0,    4,    0,
       0,    0,    0,    0,    0,    0,    0,    0,    0,    0,    0,    0,    0,    0,    0,    0,    0,    0,    0,    0,    0,    0,    0,    0,    0,    0,    0,    0,    0,    0,    0,    0,    0,    0,    0,  -24,    0,    0,   -8,    0,    0,    0,    0,    0,    0,    0,    0,    0,    0,    0,    0,    0,    0,    0,    0,    0,    0,    0,    0,    0,    0,    0,   -8,    0,   -8,    0,    0,   -8,    0,    0,    0,    0,    0,    0,    0,    0,    0,    0,    0,
       0,    0,    0,   16,   28,  -24,    0,  -24,  -16,    0,    0,    0,    0,    0,    0,    0,    0,    0,    0,    0,    0,   16,    0,    0,    0,    0,    0,    0,    0,    0,    0,    0,    0,    0,    0,   28,    0,   -8,   20,    0,  -12,    0,    0,   -8,   -8,   -4,    0,    0,    8,    0,    8,    0,    0,    0,    0,    0,    0,    0,   -8,   12,   20,   -8,   20,   -8,   20,   44,   12,   20,   -4,    0,    0,  -12,    0,    0,    0,    0,   12,   24,    0,
       0,    0,    0,    0,   16,  -16,    0,  -12,    0,    0,    0,    0,    0,    0,    0,    0,    0,    0,    0,    0,    0,    0,    0,    0,    0,    0,    0,    0,    0,    0,    0,    0,    0,    0,    0,    0,   12,    0,    0,   32,   12,    0,   40,   12,   12,    0,   16,   12,   20,    8,   20,    0,    8,    0,    0,    0,    0,    0,    0,    0,    0,    0,    0,    0,    0,    0,    0,    0,    0,    0,    0,   12,    0,    0,    0,    0,   20,   24,    0,
       0,    0,    0,    0,  -16,    0,    0,    0,    0,    0,    0,    0,    0,    0,    0,    0,    0,    0,    0,   -8,   -8,    0,    0,    0,    0,    0,    0,    0,    0,    0,    0,    0,    0,    0,    0,  -36,    0,    0,    0,    0,    0,    0,    0,    0,    0,    0,    0,    0,   -6,    0,   -6,    0,    0,    0,    0,    0,    0,    0,    0,    0,    0,    0,    0,    0,    0,    0,    0,    0,    0,    0,    0,    0,    0,   -8,    0,    0,  -12,    0,    0,
       0,    0,    0,    0,    0,    0,    0,    0,    0,    0,    0,    0,    0,    0,    0,    0,    0,    0,    0,  -16,  -16,    0,    0,    0,    0,    0,    0,    0,    0,    0,    0,    0,    0,    0,    0,    0,    0,    0,    0,    0,    0,    0,    0,    0,    0,    0,    0,    0,    0,    0,    0,    0,    0,    0,    0,    0,    0,    0,    0,    0,    0,    0,    0,    0,    0,    0,    0,    0,    0,    0,    0,    0,    0,    0,    0,    0,    0,    0,    0,
       0,    0,    0,    0,    0,    0,    0,    0,    0,    0,    0,    0,    0,    0,    0,    0,    0,    0,    0,    0,    0,    0,    0,    0,    0,    0,    0,    0,    0,    0,    0,    0,    0,    0,    0,  -32,    0,    0,    0,    0,   16,    0,    0,    0,    0,    0,    0,    0,    0,    0,    0,    4,    0,    0,    0,    0,    0,    0,    0,    0,    0,   16,    0,    0,    0,    0,    0,    0,    0,    4,    0,   16,    0,    0,    0,    0,    0,    0,    0,
       0,    0,    0,   20,    0,  -12,    0,  -12,    0,    0,    0,    0,    0,    0,    0,    0,    0,    0,    0,    0,    0,    0,    0,    0,    0,    0,    0,    0,    0,    0,    0,    0,    0,    0,    0,  -20,    0,    0,   -4,   28,   14,    0,   32,    0,    0,    0,    0,    0,    0,    0,    0,    0,    0,    0,    0,    0,    0,    0,    0,    0,    0,    0,   -4,    0,   -4,    0,    0,   -4,    0,    0,    0,   14,    0,    0,    0,    0,    0,    0,    0,
       0,    0,    0,    0,    0,  -32,    0,  -32,  -20,    0,    0,    0,    0,    0,    0,    0,    0,    0,    0,    0,    0,    0,    0,    0,    0,    0,    0,    0,    0,    0,    0,    0,    0,    0,    0,  -12,    0,   -8,    0,    0,   -8,    0,    0,    0,    0,   -4,    0,    0,   16,    0,   16,    0,    0,    0,    0,    0,    0,    0,   -8,    0,    0,   -8,    0,   -8,    0,    0,    0,    0,   -4,    0,    0,   -8,    0,    0,    0,    0,    0,   12,    0,
       0,    0,    0,    0,    0,   -8,    0,   -8,    0,    0,    0,    0,    0,    0,    0,    0,    0,    0,    0,   -8,   -8,    0,    0,    0,    0,    0,    0,    0,    0,    0,    0,    0,    0,    0,    0,  -16,    0,    0,    0,    0,    0,    0,    0,    0,    0,    0,    0,    0,    0,    0,    0,    0,    0,    0,    0,    0,    0,    0,    0,    0,    0,    0,    0,    0,    0,    0,    0,    0,    0,    0,    0,    0,    0,    0,    0,    0,    0,    0,    0,
       0,    0,    0,    0,    0,    0,    0,    0,    0,    0,    0,    0,    0,    0,    0,    0,    0,    0,    0,    0,    0,    0,    0,    0,    0,    0,    0,    0,    0,    0,    0,    0,    0,    0,    0,  -12,    0,    0,    0,    0,    0,    0,    0,    0,    0,    0,    0,    0,    0,    0,    0,    0,    0,    0,    0,    0,    0,    0,    0,    0,    0,    0,    0,    0,    0,    0,    0,    0,    0,    0,    0,    0,    0,    0,    0,    0,    0,    8,    0,
       0,    0,    0,    0,    0,  -28,    0,  -28,    0,    0,    0,    0,    0,    0,    0,    0,    0,    0,    0,  -16,  -16,    0,    0,    0,    0,    0,    0,    0,    0,    0,    0,    0,    0,    0,    0,  -20,    0,    0,    0,    0,   -5,    0,    0,    0,    0,    0,    0,    0,    0,    0,    0,    0,    0,    0,    0,    0,    0,    0,    0,    0,    0,    0,    0,    0,    0,    0,    0,    0,    0,    0,    0,   -5,    0,    0,    0,    0,    0,    0,    0,
       0,    0,    0,    0,    0,    0,    0,    0,    0,    0,    0,    0,    0,    0,    0,    0,    0,    0,    0,    0,    0,    0,    0,    0,    0,    0,    0,    0,    0,    0,    0,    0,    0,    0,    0,  -25,    0,    0,    0,    0,    0,    0,    0,    0,    0,    0,    0,    0,    4,    0,    4,    0,    0,    0,    0,    0,    0,    0,    0,    0,    0,   12,    0,    0,    0,    0,    0,    0,    0,    0,    0,    0,    0,    0,    0,    0,    0,   12,    0,
       0,    0,    0,  -12,    0,    0,    0,    0,    0,    0,    0,    0,    0,    0,    0,    0,    0,    0,    0,    0,    0,    0,    0,    0,    0,    0,    0,    0,    0,    0,    0,    0,    0,    0,    0,  -24,    0,    0,    0,    0,    8,    0,    0,    0,    0,    0,    0,    0,    8,    0,    8,    0,    0,    0,    0,    0,    0,    0,    0,    0,    0,   12,    0,    0,    0,    0,    0,    0,    0,    0,    0,    8,    0,    0,    0,    0,    0,    0,    0,
       0,    0,    0,    0,    0,    0,    0,    0,    0,    0,    0,    0,    0,    0,    0,    0,    0,    0,    0,    0,    0,    0,    0,    0,    0,    0,   16,    0,    0,    0,    0,    0,    0,    0,    0,    0,    0,  -16,    0,   20,    0,    0,   24,   -8,   -8,   -8,    0,    0,    0,    0,    0,    0,    0,    0,    0,    0,  -10,    0,  -16,    0,    0,  -16,    0,  -16,    0,    0,    0,    0,   -8,    0,    0,   12,    0,    0,    0,    0,    0,    0,    0,
       0,    0,    0,    0,    0,    0,    0,    0,    0,    0,    0,    0,    0,    0,    0,    0,    0,    0,    0,    0,    0,    0,    0,    0,    0,    0,   32,    0,    0,    0,    0,  -18,    0,  -10,    0,    0,    0,    0,  -12,   20,    0,    0,   28,    0,    0,    0,    0,    0,    0,    0,    0,    0,    0,    0,    0,    0,    0,    0,    0,    0,    0,    0,  -12,    0,  -12,    0,    0,  -12,    0,    0,    0,    0,    0,    0,    0,    0,    0,    0,    0,
       0,    0,    0,    0,    0,    0,    0,    0,    0,    0,    0,    0,    0,    0,    0,    0,   16,    0,    0,    0,    0,    0,    0,    0,    0,    0,    0,    0,    0,    0,    0,    0,    0,    0,    0,    0,    0,    0,    0,    0,    0,    0,    0,    0,    0,    0,    0,    0,    0,    0,    0,    0,    0,    0,    0,    0,    0,    0,    0,    0,    0,    0,    0,    0,    0,    0,    0,    0,    0,    0,    0,    0,    0,    0,    0,    0,    0,    0,    0,
       0,    0,    0,    0,    0,    0,    0,    0,    0,    0,    0,    0,    0,    0,    0,    0,    0,    0,    0,    0,    0,    0,    0,    0,    0,    0,    0,    0,    0,    0,    0,   -8,    0,   -8,    0,    0,    0,    0,    0,    0,    0,    0,    0,    0,    0,    0,    0,    0,    0,    0,    0,    0,    0,    0,    0,    0,    0,    0,    0,    0,    0,    0,    0,    0,    0,    0,    0,    0,    0,    0,    0,    0,    0,    0,    0,    0,    0,    0,    0,
       0,    0,    0,    0,    0,  -16,    0,  -16,    0,    0,    0,    0,    0,    0,    0,    0,    0,    0,    0,    0,    0,    0,    0,    0,    0,    0,    0,    0,    0,  -12,    0,   -8,    0,   -8,    0,    0,    0,    0,    0,    0,    0,    0,    0,    0,    0,    0,    0,    0,    0,    0,    0,    0,    0,    0,    0,    0,    0,    0,    0,    0,    0,    0,    0,    0,    0,    0,    0,    0,    0,    0,    0,    0,    0,    0,    0,    0,    0,    0,    0,
       0,    0,    0,    0,    0,    0,    0,    0,    0,    0,    0,    0,    0,    0,    0,    0,    0,    0,    0,    0,    0,    0,    0,    0,    0,    0,   40,    0,    0,    0,  -12,  -16,    0,  -16,    0,    0,    0,  -12,  -12,   28,    8,    0,   32,    0,    0,    0,    0,    0,    0,    0,    0,    0,    0,    0,    0,    0,    0,    0,  -12,    0,    0,  -12,  -12,  -12,  -12,    0,    0,  -12,    0,    0,    0,    8,    0,    0,    0,    0,    0,    0,    0,
       0,    0,    0,  -22,    0,  -44,    0,  -44,  -24,    0,    0,    0,    0,    0,    0,    0,    0,    0,    0,    0,    0,    0,  -24,  -12,    0,  -12,   -8,  -12,    0,  -16,   -8,  -20,  -20,  -24,    0,  -33,    0,    0,    0,    0,    0,    0,    0,    0,    0,    0,    0,    0,    0,    0,    0,    0,    0,    0,    0,    0,  -24,    0,    0,    0,    0,    0,    0,    0,    0,    0,    0,    0,    0,    0,    0,    0,    0,    0,    0,    0,    0,    0,    0,
       0,    0,    0,    0,    0,    0,    0,    0,    0,    0,    0,    0,    0,    0,    0,    0,    0,    0,    0,    0,    0,    0,    0,    0,    0,    0,    0,    0,    0,    0,    0,    0,    0,    0,    0,    0,    0,    0,    0,    0,    0,    0,    0,    0,    0,    0,    0,    0,    0,    0,    0,    0,    0,    0,    0,    0,    0,    0,    0,    0,    0,    0,    0,    0,    0,    0,    0,    0,    0,    0,    0,    0,    0,    0,    0,    0,  -12,    0,    0,
       0,    0,    0,    0,    0,    0,    0,    0,    0,    0,    0,    0,    0,    0,    0,    0,    0,    0,    0,    0,    0,    0,    0,    0,    0,    0,    0,    0,    0,    0,    0,    0,    0,    0,    0,  -20,    0,   -4,    0,   12,    0,    0,   16,    0,    0,    0,    0,    0,    0,    0,    0,    0,    0,    0,    0,    0,    0,    0,   -4,    0,    0,   -4,    0,   -4,    0,    0,    0,    0,    0,    0,    0,    0,    0,   -4,    0,    0,    0,    4,    0,
       0,    0,    0,   12,   24,    0,    0,    0,    0,    0,    0,    0,    0,    0,    0,    0,    0,    0,    0,    0,    0,    0,    0,    0,    0,    0,    0,    0,    0,    0,    0,    0,    0,    0,    0,   24,    0,    0,   24,    0,    0,    0,    0,    0,    0,    0,    0,    0,    0,    0,    0,    0,    0,    0,    0,    0,    0,    0,    0,    0,   16,    0,   24,    0,   24,   16,    0,   24,    0,    0,    0,    0,    0,    0,    0,    0,    0,   12,    0,
       0,    0,    0,    0,  -12,  -20,    0,  -20,    0,    0,    0,    0,    0,    0,    0,    0,    0,    0,    0,   -8,   -8,    0,    0,    0,    0,    0,    0,    0,    0,    0,    0,    0,    0,    0,    0,  -32,    0,    0,   -4,    0,    0,    0,    0,    0,    0,    0,   12,    0,   16,   -4,   16,    0,    0,    0,    0,    0,    0,    0,    0,    0,    0,    0,   -4,    0,   -4,    0,    0,    4,    0,    0,    0,    0,    0,   -4,    0,    0,  -12,    0,    0,
       0,    0,    0,    0,  -36,    0,   -8,    0,    0,    0,    0,    0,    0,    0,    0,    0,    0,    0,    0,    0,    0,  -12,   12,    0,  -16,    0,   48,    0,    0,  -24,  -28,  -48,   15,  -40,    0,  -64,    0,   -8,    0,   44,   28,   -8,   52,   -8,   -8,    0,  -10,  -10,  -24,    0,  -24,    0,    0,  -12,    0,    0,    8,    0,   -8,   -8,   -8,   -4,    0,   -8,    0,   -8,    0,    0,    0,    0,    0,   28,    0,   -8,   -8,  -12,  -40,  -32,    0,
       0,    0,    0,    0,  -12,    0,    0,    0,    0,    0,    0,    0,    0,    0,    0,    0,    0,    0,    0,    0,    0,    0,    0,    0,    0,    0,    0,    0,    0,    0,    0,    0,    0,    0,    0,  -24,    0,    0,    0,   48,   16,    0,   56,    0,    0,    0,    0,    0,    0,    0,    0,    0,    0,    0,    0,    0,    0,    0,    0,    0,    0,    0,    0,    0,    0,    0,    0,    0,    0,    0,    0,   16,    0,   -4,    0,    0,  -12,    0,    0,
       0,    0,    0,   43,   45,    0,    0,    0,    0,    0,    0,    0,    0,    0,    0,    0,    0,    0,    0,    0,    0,   24,    0,    0,    0,    0,    0,    0,    0,    0,    0,    0,    0,    0,    0,   40,   20,    0,   44,   12,    0,   20,   20,   16,   16,    0,   16,   16,   20,    4,   20,   12,   20,    0,    0,    0,    0,    0,    8,   20,    0,    0,   44,   16,   44,    0,    0,   44,   16,   32,    0,    0,    0,    0,    0,    0,   24,   40,    0,
       0,    0,    0,    0,   12,    0,    0,    0,    0,    0,    0,    0,    0,    0,    0,    0,    0,    0,    0,  -12,  -12,    0,    0,    0,   -6,    0,   28,    0,    0,    0,   -4,    0,    0,    0,    0,    0,    0,   -8,    0,   28,    0,    0,   34,    0,    0,    0,    0,    0,    0,    0,    0,    0,    0,    0,    0,    0,    0,    0,   -8,    0,    0,   -8,    0,   -8,    0,    0,    0,    0,    0,    0,    0,    0,    0,    0,   -4,    0,    0,    0,    0,
       0,    0,    0,    0,    0,    0,    0,    0,    0,    0,    0,    0,    0,    0,    0,    0,    0,    0,    0,    0,    0,    0,    0,    0,    0,    0,    0,    0,    0,    0,    0,    0,    0,    0,    0,  -24,    0,    0,   -8,   24,    0,    0,   30,    0,    0,    0,    0,    0,    0,    0,    0,    0,    0,    0,    0,    0,    0,    0,    0,    0,    0,    0,   -8,    0,   -8,    0,    0,   -8,    0,    0,    0,    0,    0,    0,    0,    0,    0,    0,    0,
       0,    0,    0,   12,   44,    0,    0,    0,    0,    0,    0,    0,    0,    0,    0,    0,    0,    0,    0,    0,    0,    0,    0,    0,    0,    0,    0,    0,    0,    0,    0,    0,    0,    0,    0,   24,    0,    0,   44,    0,    0,    0,    0,    0,    0,    0,    0,    0,    0,    0,    0,    0,    0,    0,    0,    0,    0,    0,    0,    0,   16,    0,   44,    0,   44,   16,    0,   44,    0,    0,    0,    0,    0,    0,    0,    0,    0,   12,    0,
       0,    0,    0,    0,    0,  -20,    0,  -20,    0,    0,    0,    0,    0,    0,    0,    0,    0,    0,    0,  -16,  -16,    0,    0,    0,   -6,    0,   34,    0,    0,    0,    0,    0,    0,    0,    0,    0,    0,   -8,    0,   34,    0,    0,   34,   -4,   -4,   -6,   -8,   -8,   -4,   -6,   -4,    0,    0,  -16,   -8,    0,    0,    0,   -8,    0,    0,   -8,    0,   -8,    0,    0,    0,    0,   -6,    0,   -8,    0,    0,   -8,    0,    0,   -8,    0,    0,
       0,    0,    0,    0,    0,    0,    0,    0,    0,    0,    0,    0,    0,    0,    0,    0,    0,    0,    0,    0,    0,    0,    0,    0,    0,    0,    0,    0,    0,    0,    0,    0,    0,    0,    0,    0,    0,    0,    0,   40,    8,    0,   40,    0,    0,    0,    0,    0,    0,    0,    0,    0,    0,    0,    0,    0,    0,    0,    0,    0,    0,    0,    0,    0,    0,    0,    0,    0,    0,    0,    0,    8,    0,    0,    0,    0,    0,    0,    0,
       0,    0,    0,    0,    0,    0,    0,    0,    0,    0,    0,    0,    0,    0,    0,    0,    0,    0,    0,    0,    0,    0,    0,    0,    0,    0,    0,    0,    0,    0,    0,    0,    0,    0,    0,    0,    0,    0,   20,    0,    0,    0,    0,    0,    0,    0,    0,    0,    0,    0,    0,    0,    0,    0,    0,    0,    0,    0,    0,    0,    0,    0,   20,    0,   20,    0,    0,   20,    0,    0,    0,    0,    0,    0,    0,    0,    0,   20,    0,
       0,    0,    0,    0,    0,    0,    0,    0,    0,    0,    0,    0,    0,    0,    0,    0,    0,    0,    0,    0,    0,    0,    0,    0,    0,    0,    0,    0,    0,    0,    0,    0,    0,    0,    0,  -22,    0,   -4,    0,    0,    0,    0,    0,    0,    0,    0,    0,    0,    0,    0,    0,    0,    0,    0,    0,    0,    0,    0,   -4,    0,    0,   -4,    0,   -4,    0,    0,    0,    0,    0,    0,    0,    0,    0,   -4,    0,    0,    0,    0,    0,
       0,    0,    0,    0,    0,    0,    0,    0,    0,    0,    0,    0,    0,    0,    0,    0,    0,    0,    0,    0,    0,    0,    0,    0,    0,    0,    0,    0,    0,    0,    0,    0,    0,    0,    0,    0,    0,    0,    0,   12,    0,    0,   16,    0,    0,    0,    0,    0,    0,    0,    0,    0,    0,    0,    0,    0,    0,    0,    0,    0,    0,    0,    0,    0,    0,    0,    0,    0,    0,    0,    0,    0,    0,    0,    0,    0,    0,    0,    0,
       0,    0,    0,    0,    0,    0,    0,    0,    0,    0,    0,    0,    0,    0,    0,    0,    0,    0,    0,    0,    0,    0,    0,    0,    0,    0,    0,    0,    0,    0,    0,    0,    0,    0,    0,    0,    0,    0,    0,    0,    0,    0,    8,    8,    8,    0,   12,    8,   20,    0,   20,    0,    0,    0,    0,    0,    0,    0,    0,    0,    0,    0,    0,    0,    0,    0,    0,    0,    0,    0,    0,    0,    0,    0,    0,    0,    0,    0,    0,
       0,    0,    0,    0,    0,    0,    0,    0,    0,    0,    0,    0,    0,    0,    0,    0,    0,    0,    0,  -16,  -16,    0,    0,    0,    0,    0,    0,    0,    0,    0,    0,    0,    0,    0,    0,  -32,    0,    0,    0,    0,    0,    0,    0,    0,    0,    0,    0,    0,    0,    0,    0,    0,    0,    0,    0,    0,    0,    0,    0,    0,    0,    0,    0,    0,    0,    0,    0,    0,    0,    0,    0,    0,    0,    0,    0,    0,    0,    0,    0,
       0,    0,    0,    0,    0,   -8,    0,   -8,    0,    0,    0,    0,    0,    0,    0,    0,    0,    0,    0,   -8,   -8,    0,    0,    0,    0,    0,    0,    0,    0,    0,    0,    0,    0,    0,    0,  -16,    0,    0,    0,   16,    0,    0,   16,    0,    0,    0,    0,    0,    0,    0,    0,    0,    0,    0,    0,    0,    0,    0,    0,    0,    0,    0,    0,    0,    0,    0,    0,    0,    0,    0,    0,    0,    0,    0,    0,    0,    0,    0,    0,
       0,    0,    0,    0,    0,    0,    0,    0,    0,    0,    0,    0,    0,    0,    0,    0,    0,    0,    0,    0,    0,    0,    0,    0,    0,    0,    0,    0,    0,    0,    0,    0,    0,    0,    0,  -12,    0,    0,    0,   16,    0,    0,   16,    0,    0,    0,    0,    0,    0,    0,    0,    0,    0,    0,    0,    0,    0,    0,    0,    0,    0,    0,    0,    0,    0,    0,    0,    0,    0,    0,    0,    0,    0,    0,    0,    0,    0,    8,    0,
       0,    0,    0,    0,  -12,    0,    0,    0,    0,    0,    0,    0,    0,    0,    0,    0,    0,    0,    0,    0,    0,    0,    0,    0,    0,    0,    0,    0,    0,    0,    0,    0,    0,    0,    0,  -24,    0,    0,    0,   46,   16,    0,   52,    0,    0,    0,    0,    0,    0,    0,    0,    0,    0,    0,    0,    0,    0,    0,    0,    0,    0,    0,    0,    0,    0,    0,    0,    0,    0,    0,    0,   16,    0,   -4,    0,    0,  -12,    0,    0,
       0,    0,    0,    0,   16,   -8,    0,  -12,    0,    0,    0,    0,    0,    0,    0,    0,    0,    0,    0,    0,    0,    0,    0,    0,    0,    0,    0,    0,    0,    0,    0,    0,    0,    0,    0,    0,   12,    0,    0,   32,   12,    0,   40,   12,   12,    0,   16,   12,   20,    8,   20,    0,    8,    0,    0,    0,    0,    0,    0,    0,    0,    0,    0,    0,    0,    0,    0,    0,    0,    0,    0,   12,    0,    0,    0,    0,   20,   24,    0,
       0,    0,    0,    0,    0,  -12,    0,  -12,    0,    0,    0,    0,    0,    0,    0,    0,    0,    0,    0,    0,    0,    0,  -12,    0,    0,    0,    0,    0,    0,    0,    0,    0,    0,    0,    0,    0,    0,    0,    0,    0,    0,    0,    0,    0,    0,    0,    0,    0,    0,    0,    0,    0,    0,    0,    0,    0,   -8,    0,    0,    0,    0,    0,    0,    0,    0,    0,    0,    0,    0,    0,    0,    0,    0,    0,    0,    0,    0,    0,    0,
       0,    0,    0,    0,    0,    0,    0,    0,    0,    0,    0,    0,    0,    0,    0,    0,    0,    0,    0,    0,    0,    0,    0,    0,    0,    0,    0,    0,    0,    0,    0,    0,    0,    0,    0,    0,    0,    0,    0,    0,    0,    0,   20,    0,    0,    0,    0,    0,    0,    0,    0,    0,    0,    0,    0,    0,    0,    0,    0,    0,    0,    0,    0,    0,    0,    0,    0,    0,    0,    0,    0,    0,    0,    0,    0,    0,    0,    0,    0,
       0,    0,    0,    0,    0,    0,    0,    0,    0,    0,    0,    0,    0,    0,    0,    0,    0,    0,    0,    0,    0,    0,    0,    0,    0,    0,    0,    0,    0,    0,    0,    0,    0,    0,    0,    0,    0,    0,    0,    0,    0,    0,   24,    0,    0,    0,    0,    0,    0,    0,    0,    0,    0,    0,    0,    0,    0,    0,    0,    0,    0,    0,    0,    0,    0,    0,    0,    0,    0,    0,    0,    0,    0,    0,    0,    0,    0,    0,    0,
     -12,    0,    0,    0,    0,  -40,    0,  -40,    0,    0,    0,    0,    0,  -20,    0,  -12,    0,  -16,    0,    0,    0,    0,  -44,  -12,   -8,  -16,    0,  -16,   -8,    0,  -12,  -12,    0,    0,    0,    0,    0,  -32,    0,  -12,  -34,    0,    0,   -4,   -4,  -28,    0,    0,    0,  -12,    0,  -12,    0,    0,    0,  -40,  -44,    0,  -32,    0,    0,  -32,    0,  -32,    0,    0,    0,    0,  -28,  -12,    0,  -34,    0,  -12,    0,    0,    0,    0,    0,
     -28,    0,    0,    0,    0,  -56,    0,  -56,    0,  -28,    0,  -12,    0,  -32,  -20,  -24,    0,  -28,    0,    0,    0,  -16,  -60,  -16,  -24,  -20,  -20,  -24,  -16,  -12,  -20,  -12,  -12,   -8,   -8,    0,    0,  -40,   -8,  -24,  -46,  -12,    0,   -8,   -8,  -36,    0,  -12,    0,  -16,    0,  -12,    0,    0,    0,    0,  -60,    0,  -40,  -12,    0,  -40,   -8,  -40,   -8,    0,    0,   -8,  -36,  -12,    0,  -46,  -18,    0,    0,    0,    0,    0,    0,
       0,    0,    0,    0,    0,    0,    0,    0,    0,    0,    0,    0,    0,    0,    0,    0,    0,    0,    0,    0,    0,    0,   16,    0,  -12,    0,   28,    0,    0,  -20,  -24,  -40,   16,  -24,    0,    0,    0,   -8,    0,   40,    8,    0,   34,   -8,   -8,    0,   -8,   -8,  -24,    0,  -20,    0,    0,    0,    0,    0,   12,    0,   -8,    0,    0,   -8,    0,   -8,    0,    0,    0,    0,    0,    0,    0,   36,    0,    0,    0,    0,  -40,  -40,    0,
};

static const EpdLigaturePair bookerly_12_italicLigaturePairs[] = {
    { 0x00660066, 0xFB00 }, // f f -> U+FB00
    { 0x00660069, 0xFB01 }, // f i -> U+FB01
    { 0x0066006C, 0xFB02 }, // f l -> U+FB02
    { 0xFB000069, 0xFB03 }, // U+FB00 i -> U+FB03
    { 0xFB00006C, 0xFB04 }, // U+FB00 l -> U+FB04
};

static const EpdFontData bookerly_12_italic = {
    bookerly_12_italicBitmaps,
    bookerly_12_italicGlyphs,
    bookerly_12_italicIntervals,
    63,
    33,
    27,
    -7,
    true,
    bookerly_12_italicGroups,
    12,
    nullptr,
    bookerly_12_italicKernLeftClasses,
    bookerly_12_italicKernRightClasses,
    bookerly_12_italicKernMatrix,
    364,
    392,
    89,
    79,
    bookerly_12_italicLigaturePairs,
    5,
};
