/**
 * generated by fontconvert.py
 * name: bookerly_12_regular
 * size: 12
 * mode: 2-bit  compressed: true
 * Command used: fontconvert.py bookerly_12_regular 12 ../builtinFonts/source/Bookerly/Bookerly-Regular.ttf --2bit --compress --pnum --exclude-intervals 0x0400,0x04FF --exclude-intervals 0x1EA0,0x1EF9 --exclude-intervals 0x01A0,0x01A1 --exclude-intervals 0x01AF,0x01B0
 */
#pragma once
#include "EpdFontData.h"

static const uint8_t bookerly_12_regularBitmaps[17135] = {
    0x95, 0x58, 0x3D, 0x6C, 0xE4, 0xC6, 0x15, 0x7E, 0xE4, 0x68, 0x8F, 0x71, 0x98, 0xBB, 0x51, 0x61,
    0x19, 0x41, 0xD6, 0x3E, 0xBA, 0x70, 0x71, 0x48, 0x74, 0x62, 0x0A, 0x17, 0x87, 0x60, 0x77, 0x39,
    0x49, 0x93, 0x22, 0x85, 0x55, 0x68, 0xDD, 0x5C, 0x71, 0x29, 0x1D, 0x07, 0xC9, 0xB9, 0x50, 0x00,
    0x15, 0xFB, 0x43, 0xC4, 0x45, 0xAA, 0x20, 0x2A, 0x52, 0xC5, 0xCD, 0x35, 0x01, 0x7C, 0xBA, 0x42,
    0x2A, 0x54, 0xEC, 0x01, 0x2B, 0xED, 0xF8, 0x8C, 0xE0, 0x0A, 0x17, 0x66, 0x63, 0xA4, 0x70, 0x71,
    0x8C, 0xA1, 0x04, 0xC1, 0x09, 0xB0, 0x58, 0xD0, 0x00, 0xA5, 0xE3, 0x72, 0xF2, 0xBD, 0x21, 0x25,
    0xDF, 0x8F, 0xEE, 0x72, 0x26, 0x39, 0x6F, 0xB9, 0x1C, 0x72, 0xE6, 0xCD, 0xFB, 0xFD, 0xDE, 0x5C,
    0x99, 0x96, 0x45, 0x51, 0xE4, 0x38, 0x76, 0x77, 0xD7, 0xD7, 0x89, 0x36, 0xE6, 0xE5, 0xE2, 0x95,
    0xE5, 0xC9, 0x60, 0x77, 0xB0, 0xBB, 0xC1, 0xE7, 0xCE, 0xB5, 0xD5, 0x45, 0xBA, 0xE4, 0x6A, 0xBA,
    0x28, 0x62, 0x7A, 0x43, 0x28, 0x5A, 0xF6, 0x49, 0x1A, 0x53, 0xB6, 0xEE, 0xDE, 0x58, 0xA3, 0xF5,
    0x8B, 0x44, 0x3B, 0xAF, 0x13, 0x65, 0xCB, 0xB4, 0xF4, 0xCD, 0x70, 0x75, 0x6C, 0x4C, 0xEA, 0xEA,
    0x75, 0x12, 0x7A, 0x87, 0x44, 0x9C, 0x91, 0xA7, 0x52, 0xA2, 0xEF, 0x13, 0xC9, 0xFA, 0x52, 0x8E,
    0x29, 0xBC, 0xAF, 0xF7, 0xE5, 0xA5, 0x20, 0xB8, 0x74, 0x29, 0xB8, 0xB8, 0x20, 0xFF, 0x4C, 0xFE,
    0x9C, 0x1C, 0x13, 0x53, 0x58, 0xD0, 0xC5, 0xBD, 0x85, 0x1F, 0x84, 0x9D, 0xD7, 0x03, 0x5C, 0xBD,
    0xD7, 0xBB, 0x61, 0x55, 0x78, 0x66, 0x93, 0x96, 0xA9, 0xB9, 0x3A, 0x44, 0x57, 0xA8, 0x39, 0x56,
    0xC9, 0x8D, 0xC9, 0x9B, 0x63, 0x16, 0x0A, 0x6E, 0x28, 0x1F, 0x9D, 0x9E, 0xBE, 0x4C, 0x34, 0x10,
    0x1A, 0x6F, 0x6D, 0x08, 0xBD, 0x6E, 0x69, 0xC6, 0xF4, 0x9E, 0x5E, 0xA4, 0x8E, 0xFF, 0xE1, 0x1F,
    0x0D, 0x85, 0x37, 0x7C, 0xF9, 0x91, 0x96, 0xE5, 0x1B, 0x97, 0x45, 0x42, 0xAA, 0x73, 0xD5, 0x01,
    0x67, 0x3B, 0x5D, 0xA6, 0x69, 0x07, 0xD4, 0xD5, 0x5D, 0x37, 0x25, 0x2F, 0x5E, 0xC1, 0xA0, 0x92,
    0xE4, 0x47, 0x31, 0x5D, 0x25, 0xAF, 0xB2, 0x53, 0xAF, 0xD2, 0xE3, 0x47, 0x90, 0x83, 0xEC, 0xEF,
    0x11, 0x39, 0xD9, 0x0A, 0x91, 0x9B, 0x62, 0x62, 0x91, 0x5C, 0x05, 0x49, 0x31, 0xB9, 0x9B, 0x65,
    0xDC, 0xA1, 0x88, 0x3C, 0xB0, 0x1F, 0x07, 0x7B, 0x9E, 0x51, 0xDD, 0x90, 0x76, 0x69, 0x20, 0xC1,
    0xD5, 0x54, 0x64, 0xBB, 0x34, 0xA5, 0xF9, 0x0E, 0x0D, 0x28, 0xCA, 0x28, 0x22, 0x59, 0x50, 0xF0,
    0xEF, 0x99, 0xD9, 0xF4, 0xCC, 0x1C, 0xC3, 0x2E, 0x29, 0x52, 0x57, 0x26, 0xBB, 0x38, 0x76, 0x56,
    0xE9, 0x87, 0x78, 0x27, 0x13, 0x89, 0x1F, 0x4B, 0x5A, 0xA1, 0x2E, 0x96, 0x3F, 0xA0, 0x09, 0x15,
    0xF6, 0x9C, 0x60, 0x8C, 0x01, 0xF5, 0x28, 0x24, 0x19, 0x7B, 0x5A, 0x64, 0x54, 0xB2, 0x74, 0xDE,
    0xC2, 0x13, 0xFC, 0x4F, 0xDC, 0x8C, 0x72, 0xBC, 0xD0, 0xB5, 0x2F, 0x84, 0x14, 0xD8, 0xF3, 0x74,
    0x88, 0xDC, 0xB1, 0x63, 0xAE, 0xD0, 0xB5, 0x66, 0x35, 0x1B, 0xD4, 0xD9, 0xA5, 0xDE, 0x0E, 0x81,
    0x4F, 0xFF, 0x30, 0xC6, 0xCD, 0x95, 0x5D, 0x02, 0xBB, 0xDC, 0xDF, 0x69, 0xAE, 0xA5, 0xE1, 0xDA,
    0xD8, 0x94, 0xA0, 0x67, 0x4F, 0xEC, 0xD7, 0x9E, 0xF6, 0x12, 0x2F, 0xF1, 0xB5, 0x8C, 0x03, 0x3C,
    0x5A, 0xA4, 0xFE, 0x9A, 0x99, 0x6F, 0x7D, 0xBC, 0x42, 0x63, 0xAC, 0x6B, 0x81, 0xEC, 0x6B, 0x1B,
    0x04, 0x56, 0x9C, 0x8C, 0xDC, 0x84, 0x55, 0xE5, 0xC7, 0x6C, 0x03, 0x97, 0x6D, 0xCF, 0x80, 0x7B,
    0xE8, 0x99, 0x9E, 0x6E, 0xCD, 0x54, 0x0B, 0xCD, 0xE4, 0xE4, 0x9D, 0x54, 0x58, 0x51, 0xA4, 0x20,
    0xA7, 0xB8, 0x4B, 0xBE, 0x1E, 0x60, 0xCE, 0x29, 0x79, 0x49, 0xF9, 0x54, 0x9B, 0xA2, 0x6F, 0x48,
    0x52, 0xF7, 0x28, 0x50, 0x21, 0xBF, 0x7D, 0x52, 0x92, 0x6B, 0xA0, 0xD8, 0xA5, 0x7A, 0xB8, 0x01,
    0xB5, 0x4B, 0x8A, 0x4A, 0x82, 0x54, 0x78, 0xE2, 0x17, 0x5E, 0xBE, 0x49, 0x23, 0x93, 0xD1, 0xAB,
    0x10, 0x48, 0x12, 0x1E, 0xE5, 0x43, 0xA7, 0x2C, 0xA8, 0x84, 0xD2, 0x16, 0x21, 0x64, 0x88, 0x1E,
    0xC2, 0xF6, 0x13, 0x4C, 0x43, 0x23, 0x72, 0x0A, 0x4C, 0x6D, 0x6F, 0xFB, 0x7D, 0x63, 0xCC, 0xD8,
    0xCC, 0xC1, 0x37, 0xA6, 0x0D, 0x0E, 0xF3, 0x1E, 0x95, 0xD7, 0x78, 0xB2, 0x29, 0x39, 0x58, 0x45,
    0xEA, 0xCC, 0xB4, 0x8B, 0xE5, 0x38, 0x18, 0x61, 0x68, 0xD7, 0x08, 0x0A, 0xBE, 0xF3, 0xD7, 0x66,
    0x49, 0x54, 0x51, 0x4B, 0xD5, 0x5C, 0xBA, 0x10, 0x88, 0x87, 0x26, 0xD1, 0x42, 0xB4, 0x01, 0x5A,
    0x9E, 0xC3, 0xAC, 0x72, 0x2C, 0x2F, 0x87, 0x0E, 0x73, 0x7C, 0xCA, 0x9A, 0x2D, 0x08, 0xD3, 0x25,
    0xF0, 0xB4, 0xC4, 0x0A, 0xF1, 0x89, 0x66, 0x4D, 0x55, 0x98, 0x4A, 0x98, 0xB9, 0xA7, 0x89, 0xAF,
    0x98, 0x19, 0xF6, 0x4D, 0xEC, 0x63, 0x55, 0x7E, 0xC9, 0x13, 0xF3, 0xF4, 0x43, 0x2B, 0x0C, 0xAC,
    0x20, 0x7B, 0xCD, 0xE8, 0x68, 0x5E, 0x33, 0xB1, 0x48, 0x78, 0x91, 0x68, 0x7C, 0x40, 0xCE, 0x1C,
    0xBC, 0xC0, 0x92, 0xA5, 0x26, 0x5E, 0x21, 0x45, 0x5B, 0x8A, 0x22, 0x2C, 0x61, 0x78, 0xA1, 0xC4,
    0x77, 0x23, 0xB4, 0x08, 0x2D, 0xC4, 0x30, 0x21, 0xEE, 0x22, 0x0A, 0x63, 0xC8, 0xFF, 0x51, 0xF1,
    0xB8, 0xD4, 0xC7, 0x2C, 0x12, 0x33, 0xA1, 0x11, 0x84, 0xF7, 0x01, 0x6C, 0x40, 0xA4, 0x58, 0x06,
    0x22, 0x00, 0xBE, 0x60, 0x11, 0xD8, 0xD9, 0xD9, 0x34, 0x6C, 0x8F, 0xB0, 0x66, 0x40, 0xCA, 0xAA,
    0xDE, 0x61, 0x4E, 0x1F, 0x96, 0x98, 0x78, 0x84, 0x97, 0x7B, 0xB6, 0x05, 0x6A, 0x40, 0xF2, 0x5F,
    0x39, 0x26, 0xD0, 0xE8, 0xC7, 0x50, 0xF7, 0x4B, 0x3C, 0xDF, 0x07, 0x03, 0x11, 0x94, 0x16, 0x34,
    0x8C, 0xE0, 0x5D, 0x7C, 0xE7, 0x31, 0x13, 0xAF, 0x12, 0xD5, 0x4A, 0x0C, 0x8E, 0xF2, 0x9E, 0x53,
    0x4E, 0x69, 0x6F, 0x4A, 0x3D, 0x58, 0x01, 0xB8, 0x1E, 0x51, 0x14, 0x6D, 0x8E, 0xA4, 0xA9, 0x9C,
    0x2D, 0x2B, 0x0F, 0x08, 0xDE, 0x4F, 0x29, 0x8A, 0xDB, 0x15, 0xCD, 0x52, 0x66, 0x60, 0x01, 0x43,
    0x8D, 0xE1, 0x32, 0x8F, 0x1F, 0xA7, 0x76, 0xED, 0x28, 0x99, 0x48, 0x78, 0xD0, 0xE3, 0x7D, 0x4F,
    0x7B, 0x82, 0x3D, 0xD6, 0x11, 0x01, 0x68, 0x9C, 0x20, 0x4A, 0x45, 0x31, 0x24, 0x46, 0x41, 0x4A,
    0x0E, 0xC2, 0x49, 0x88, 0x48, 0x53, 0xB2, 0xB3, 0x12, 0xFD, 0x78, 0xEB, 0x63, 0xF8, 0xD5, 0xD9,
    0x28, 0xB8, 0xC7, 0x13, 0xDC, 0xBC, 0x8D, 0x7B, 0xC5, 0x61, 0xC6, 0x31, 0xCA, 0x7E, 0x56, 0xDA,
    0xA1, 0x62, 0xBF, 0xE0, 0xA1, 0xCE, 0x82, 0x20, 0x7A, 0xA0, 0xB8, 0x9F, 0xCD, 0x14, 0xCB, 0x15,
    0xD2, 0x73, 0x12, 0xF6, 0xA6, 0x40, 0x23, 0xEC, 0xC8, 0x39, 0xC9, 0x4D, 0x42, 0x5C, 0xF4, 0x4E,
    0x5F, 0x46, 0xF4, 0xC6, 0x1A, 0x61, 0xAF, 0x8E, 0x3A, 0x9B, 0x70, 0x56, 0xF1, 0x28, 0x06, 0xD2,
    0xA6, 0x99, 0x82, 0xC6, 0xD9, 0x00, 0x43, 0x1E, 0x0C, 0xEE, 0x26, 0x55, 0x3B, 0x11, 0xBA, 0xE7,
    0x3C, 0xCA, 0x45, 0xD2, 0x11, 0x7A, 0xE2, 0xA6, 0x03, 0x37, 0xDE, 0x70, 0xD3, 0x09, 0xD1, 0x84,
    0xE9, 0xCD, 0xC2, 0x4D, 0x0A, 0xF7, 0x9B, 0x09, 0xBA, 0x84, 0xDE, 0xF0, 0xF4, 0x04, 0x9E, 0x09,
    0x1D, 0x89, 0x47, 0xF0, 0x82, 0xAE, 0x53, 0x81, 0xB7, 0xD0, 0xCE, 0x21, 0xAD, 0xA0, 0xD8, 0xAC,
    0xDF, 0x84, 0x4B, 0xFF, 0xF5, 0x7A, 0x66, 0x67, 0xE4, 0x87, 0xEF, 0x6F, 0x12, 0xD5, 0x6A, 0x62,
    0x93, 0xB4, 0x16, 0x47, 0x2E, 0x73, 0x24, 0x1E, 0x80, 0xF8, 0xEF, 0x80, 0x4F, 0xC9, 0xE6, 0x77,
    0x19, 0x46, 0x4C, 0x5D, 0xD8, 0x08, 0x0D, 0x60, 0x2B, 0x74, 0xF7, 0x5D, 0x8C, 0x65, 0x0C, 0x4C,
    0xED, 0x04, 0xDA, 0x83, 0xDD, 0x0C, 0xD9, 0xCA, 0x39, 0x42, 0x70, 0xB4, 0x4B, 0xA1, 0x41, 0x93,
    0x0B, 0x93, 0xB7, 0xB6, 0x56, 0xF1, 0x16, 0x6C, 0xE8, 0x93, 0x19, 0x56, 0x14, 0x2A, 0x28, 0xE7,
    0xB4, 0xE1, 0xFF, 0x0A, 0xEC, 0xBC, 0x44, 0x43, 0xCC, 0xD3, 0x81, 0xF6, 0x35, 0x42, 0xA2, 0x16,
    0x69, 0xDD, 0x58, 0x91, 0x81, 0x0E, 0x1F, 0x19, 0x7C, 0x9F, 0x37, 0xE1, 0xE8, 0xEF, 0xAC, 0x1D,
    0x2D, 0x8E, 0x6F, 0x68, 0xA9, 0x85, 0x0E, 0x20, 0xED, 0x1E, 0x24, 0x0A, 0x1F, 0x62, 0x33, 0xB6,
    0xAD, 0x6C, 0x1A, 0xDF, 0xEF, 0xB1, 0x32, 0xD1, 0xA0, 0x2C, 0xD6, 0xE2, 0xAF, 0x3D, 0xE4, 0x44,
    0x9A, 0x61, 0xD1, 0xCE, 0x2A, 0xB5, 0xB6, 0x36, 0x99, 0x7D, 0x56, 0xEC, 0x3F, 0x6E, 0xC2, 0xCC,
    0x35, 0x8C, 0x01, 0x12, 0xDF, 0x67, 0x12, 0x31, 0x61, 0x56, 0x61, 0xED, 0x4C, 0x62, 0xEB, 0x2F,
    0x67, 0x7F, 0xCF, 0x5E, 0xE1, 0x50, 0x48, 0xFC, 0x19, 0x3C, 0x34, 0x64, 0x61, 0xB2, 0x38, 0xEA,
    0xA3, 0xDF, 0xEF, 0x2B, 0x8C, 0xAE, 0x83, 0x87, 0x77, 0xB0, 0x2C, 0x17, 0xCD, 0xD1, 0xAC, 0xD0,
    0xB3, 0xF6, 0xB0, 0xC2, 0xB2, 0x2B, 0x7A, 0xE2, 0x99, 0xA6, 0x5B, 0x68, 0x19, 0xDE, 0x4D, 0x31,
    0x5C, 0xCA, 0xC1, 0x05, 0xE3, 0x58, 0x2E, 0x83, 0x87, 0xDB, 0x98, 0xDB, 0x43, 0x13, 0x4F, 0x7E,
    0xF3, 0xC5, 0x7B, 0xB5, 0x08, 0xBF, 0x58, 0x7B, 0x7A, 0x2C, 0xDB, 0xC2, 0x63, 0xAC, 0x92, 0x95,
    0xE9, 0xDC, 0x56, 0x10, 0x5D, 0xE1, 0x56, 0xEF, 0x16, 0x08, 0x43, 0x13, 0xC4, 0x92, 0x8D, 0x1E,
    0xD1, 0x4F, 0x9F, 0x15, 0x5D, 0x64, 0xA6, 0xF4, 0xA3, 0x39, 0x44, 0x37, 0x80, 0xE8, 0x06, 0x10,
    0xDD, 0x00, 0x36, 0x34, 0xF0, 0x58, 0x87, 0x33, 0x8E, 0x9D, 0x6B, 0xC8, 0x2F, 0x9C, 0x62, 0x4A,
    0x20, 0x88, 0x20, 0xA1, 0x1B, 0x56, 0x38, 0xE7, 0x13, 0x30, 0xDE, 0x90, 0xE7, 0xBE, 0xC2, 0x04,
    0x88, 0xE3, 0xE6, 0x81, 0x1D, 0x8F, 0x33, 0x57, 0x00, 0xB5, 0x3F, 0xEF, 0x0C, 0x0B, 0x33, 0x6F,
    0xF5, 0x95, 0x34, 0x09, 0x5B, 0xE9, 0xF4, 0xA5, 0xAF, 0xB2, 0x89, 0x71, 0x1E, 0xBC, 0x81, 0x75,
    0x6C, 0x35, 0xB4, 0xD6, 0x82, 0x68, 0x4B, 0x09, 0xD9, 0x26, 0x6E, 0xC1, 0x4A, 0x4C, 0xAC, 0x81,
    0x82, 0x60, 0xF1, 0xFE, 0x3D, 0x98, 0xB8, 0xFF, 0xB9, 0xAE, 0x03, 0x71, 0x43, 0x1E, 0xF0, 0xDF,
    0xFB, 0xDC, 0x71, 0xAF, 0x64, 0xF1, 0xCE, 0x98, 0x60, 0x40, 0xB0, 0x96, 0x03, 0x37, 0xC1, 0x69,
    0x20, 0xA4, 0xB1, 0xB6, 0x79, 0x13, 0x42, 0x22, 0xB8, 0x20, 0x41, 0x44, 0xE7, 0x2A, 0xE6, 0x39,
    0x2D, 0xAD, 0x0D, 0xC0, 0x65, 0x03, 0x48, 0xD8, 0x80, 0x5A, 0x18, 0xA7, 0x4F, 0xB2, 0x42, 0x2E,
    0x89, 0x5D, 0x43, 0x82, 0x41, 0x1A, 0x21, 0x00, 0x39, 0x47, 0x4A, 0x0E, 0xC8, 0xF9, 0x52, 0x5F,
    0x1A, 0x90, 0xFB, 0x4F, 0x7D, 0x15, 0xF4, 0xD3, 0xA4, 0xD3, 0x21, 0x71, 0x2F, 0xBD, 0x06, 0xFA,
    0x49, 0xB6, 0xD3, 0x85, 0x77, 0xE4, 0x19, 0xD3, 0xBB, 0x29, 0xD3, 0x1E, 0x7C, 0xC5, 0xD3, 0x11,
    0x7C, 0xCE, 0x8B, 0x43, 0x15, 0x82, 0x4A, 0xF6, 0xD4, 0x83, 0x16, 0xBB, 0x2A, 0x3C, 0xD8, 0x64,
    0x7D, 0xC5, 0x8A, 0x4D, 0x08, 0x8A, 0xCD, 0xD8, 0xEA, 0x21, 0x15, 0x05, 0x54, 0x08, 0x72, 0x93,
    0xC9, 0x3B, 0x1A, 0xE4, 0x97, 0x29, 0xC8, 0x2F, 0x32, 0x10, 0x55, 0x32, 0x19, 0x31, 0x09, 0x7F,
    0x05, 0x22, 0x3F, 0x03, 0x11, 0x87, 0x20, 0x08, 0x97, 0xBE, 0x22, 0xA3, 0xC2, 0x03, 0x8A, 0x14,
    0xFB, 0x3E, 0x87, 0x3A, 0x20, 0x91, 0x0B, 0xB7, 0x39, 0xD8, 0xC1, 0x07, 0xC5, 0x31, 0x70, 0x80,
    0x4C, 0x68, 0x06, 0x2F, 0x23, 0x86, 0x15, 0x88, 0x96, 0x43, 0x4E, 0x72, 0xD3, 0x86, 0xF8, 0xBA,
    0x3C, 0x23, 0x7B, 0xFC, 0x6C, 0xC4, 0x11, 0x0C, 0xEF, 0x01, 0x55, 0xC4, 0x1C, 0x64, 0x52, 0x8E,
    0xC5, 0xD5, 0x36, 0x47, 0x4C, 0x0E, 0x62, 0x2D, 0xA4, 0xDB, 0x3A, 0xD2, 0xCC, 0x39, 0xD2, 0x70,
    0x74, 0x69, 0x4C, 0xC6, 0x6B, 0x7E, 0xF9, 0x3F, 0x62, 0xEA, 0xE1, 0x9C, 0x81, 0xC5, 0x8B, 0x5D,
    0xA5, 0x75, 0xDB, 0x26, 0x01, 0xB0, 0x39, 0xBF, 0x6E, 0xD9, 0xAC, 0xBE, 0x65, 0x33, 0x7E, 0x31,
    0x9B, 0xFB, 0x67, 0x6C, 0x86, 0x31, 0xA3, 0x40, 0x66, 0x53, 0x54, 0xDB, 0x29, 0x8F, 0x07, 0x21,
    0x08, 0x1B, 0xC7, 0xF6, 0x59, 0x1C, 0xC1, 0x31, 0xA8, 0x6B, 0xE3, 0x45, 0x3B, 0x65, 0xD6, 0x2D,
    0xEF, 0x96, 0x79, 0x62, 0x6E, 0xD9, 0xA8, 0x9E, 0x24, 0x92, 0x3B, 0xF6, 0xD9, 0x16, 0x73, 0x26,
    0xCC, 0xF5, 0xA7, 0x6C, 0x8B, 0x9F, 0x14, 0xD4, 0x74, 0xE8, 0xC8, 0x7E, 0x0B, 0x23, 0xFF, 0x2F,
    0xF2, 0x14, 0x86, 0x33, 0x4D, 0x64, 0xFF, 0x8D, 0xF2, 0x4C, 0x19, 0x7C, 0x31, 0xED, 0x51, 0xA7,
    0xCB, 0xD7, 0xDB, 0x78, 0x11, 0x21, 0xDA, 0xAF, 0x60, 0x4C, 0x09, 0x87, 0x46, 0xB7, 0x7C, 0x93,
    0x86, 0x19, 0x75, 0x01, 0x2C, 0x4A, 0x2A, 0x67, 0x77, 0xB2, 0xD0, 0x68, 0x78, 0xFA, 0x12, 0x87,
    0x9F, 0x08, 0x66, 0x48, 0xBD, 0x3B, 0x27, 0xDB, 0xD4, 0x11, 0xA9, 0xAC, 0xC9, 0x5B, 0x22, 0x7D,
    0x85, 0x81, 0x36, 0x7D, 0x47, 0xD2, 0x3E, 0x61, 0x40, 0x09, 0x51, 0x2C, 0x61, 0xF0, 0xB5, 0x31,
    0x38, 0x2C, 0xDA, 0x29, 0x94, 0x8F, 0xF4, 0xE1, 0xC7, 0xDF, 0x8D, 0xA4, 0x08, 0xC9, 0x00, 0x81,
    0x01, 0x67, 0x65, 0x58, 0x87, 0x39, 0x82, 0x16, 0x42, 0x06, 0x1C, 0x04, 0x8F, 0x59, 0xEA, 0x53,
    0x7F, 0x75, 0x56, 0xB9, 0x26, 0xE3, 0x04, 0xA8, 0xE0, 0xF7, 0x3D, 0x46, 0x8C, 0x5D, 0x46, 0x39,
    0x03, 0xC6, 0x82, 0x05, 0x07, 0x05, 0x48, 0x6F, 0x8A, 0xA8, 0x80, 0xA4, 0x06, 0x27, 0x8D, 0x18,
    0xF7, 0x04, 0x40, 0x69, 0x24, 0x39, 0xE5, 0xF9, 0x7F, 0xE1, 0x74, 0xF9, 0x35, 0x33, 0xCE, 0x71,
    0xD1, 0xB5, 0xF0, 0xA0, 0x49, 0x43, 0x3C, 0x3C, 0x31, 0xFF, 0x06, 0x20, 0x60, 0x56, 0xB6, 0x19,
    0x0F, 0xFA, 0x09, 0xC6, 0x1F, 0x71, 0x1E, 0xC9, 0x20, 0x76, 0x19, 0x63, 0x0E, 0xC3, 0x58, 0xBA,
    0x70, 0x8E, 0x00, 0x46, 0xA8, 0x74, 0xBF, 0x84, 0xE3, 0xA1, 0x30, 0xBA, 0xAF, 0x81, 0xB9, 0xBA,
    0xDE, 0x87, 0x09, 0xB0, 0x77, 0x0F, 0x8E, 0x84, 0x3C, 0x1E, 0x4A, 0x27, 0x63, 0xB8, 0x79, 0x89,
    0x72, 0x46, 0x7A, 0xBF, 0xA3, 0xBB, 0x58, 0x85, 0x0F, 0x74, 0x97, 0xD8, 0xC9, 0x23, 0x6D, 0x0D,
    0x07, 0x06, 0xC5, 0xDC, 0x07, 0x67, 0xB0, 0x81, 0xD7, 0xA8, 0x22, 0xE3, 0x9A, 0x04, 0x59, 0x7D,
    0xC4, 0x62, 0xC0, 0xA2, 0xF6, 0x38, 0x35, 0x47, 0x9C, 0xA9, 0x83, 0xCF, 0x79, 0x15, 0xD5, 0x13,
    0x0B, 0xE0, 0x32, 0x8A, 0x24, 0x8C, 0x99, 0xBA, 0x9C, 0xD1, 0x27, 0x60, 0xD9, 0xC9, 0x10, 0xFC,
    0xB0, 0xFE, 0x39, 0x22, 0x81, 0x63, 0x36, 0x4D, 0x09, 0x78, 0xBA, 0xB4, 0xE6, 0xF4, 0xD5, 0xAC,
    0xE2, 0xB2, 0x29, 0x45, 0x12, 0x15, 0x5C, 0xC7, 0xB8, 0x39, 0x4B, 0xAA, 0x64, 0x49, 0x0D, 0x19,
    0x74, 0x45, 0x92, 0x87, 0xFA, 0x3D, 0x87, 0x45, 0x1E, 0xD9, 0x5A, 0x36, 0xCF, 0x7D, 0x2E, 0x69,
    0x57, 0x8A, 0x3D, 0x20, 0xA6, 0x16, 0xD2, 0x22, 0x60, 0x47, 0x12, 0x6C, 0x6D, 0x27, 0x2B, 0x90,
    0xD2, 0x32, 0x7C, 0xF9, 0x7B, 0x9C, 0xA7, 0x81, 0xE1, 0x79, 0x1E, 0x86, 0xC8, 0x70, 0x32, 0x0C,
    0x5F, 0xE7, 0x24, 0x48, 0x91, 0x0D, 0x67, 0x07, 0xDC, 0x66, 0xA1, 0x72, 0x32, 0xD8, 0x22, 0xAA,
    0x02, 0xC6, 0xDB, 0x40, 0x6D, 0x71, 0x04, 0x21, 0xBE, 0xDC, 0xD9, 0xB3, 0xEF, 0x72, 0x61, 0x03,
    0xB6, 0xC1, 0x3E, 0x74, 0x0D, 0x88, 0xC6, 0x2B, 0xCA, 0x6D, 0x71, 0xD4, 0x61, 0x5C, 0x69, 0xFB,
    0x14, 0xF7, 0x89, 0xBA, 0x2F, 0x3B, 0xED, 0xA3, 0xF7, 0xE3, 0x19, 0x22, 0xC9, 0xCB, 0x9D, 0xBF,
    0xD5, 0x33, 0xCD, 0x25, 0x0C, 0xBC, 0xD9, 0x90, 0xFB, 0x80, 0xC4, 0xFD, 0xD8, 0xFB, 0x50, 0x4B,
    0x37, 0x09, 0x28, 0xBB, 0x4A, 0x79, 0x87, 0x36, 0x26, 0xD4, 0x59, 0xA4, 0x05, 0x4E, 0xEB, 0x16,
    0x80, 0x60, 0x86, 0x08, 0x8B, 0x46, 0xFE, 0xB9, 0x55, 0x6B, 0xF6, 0x02, 0x97, 0xE1, 0x77, 0x52,
    0xD8, 0x65, 0x46, 0x1D, 0xC7, 0xD6, 0xB1, 0x56, 0x90, 0x17, 0x80, 0x10, 0xC3, 0x87, 0x99, 0x35,
    0x5A, 0xDB, 0xD0, 0x3F, 0xDE, 0x36, 0x48, 0xA0, 0xB3, 0x33, 0x38, 0x09, 0xB7, 0xB6, 0x4D, 0x3C,
    0xDD, 0xBE, 0x32, 0x4A, 0x40, 0x7A, 0x62, 0xEE, 0x65, 0x22, 0x73, 0x0A, 0x3C, 0x2B, 0x9B, 0x36,
    0x6D, 0x7E, 0xF1, 0x0C, 0x45, 0x69, 0x8A, 0xB3, 0xDA, 0x46, 0x9D, 0x04, 0x5B, 0xA9, 0x2B, 0x22,
    0xC4, 0x08, 0xFF, 0x30, 0x0F, 0xA9, 0xE8, 0xD0, 0xAE, 0xAD, 0x16, 0x9A, 0xAB, 0xB4, 0x08, 0x0B,
    0x08, 0x39, 0x34, 0xA5, 0x07, 0xD6, 0x9A, 0x22, 0x0F, 0x59, 0xCA, 0x36, 0x0B, 0x3C, 0xBF, 0x6D,
    0x0E, 0xA2, 0x88, 0x04, 0x98, 0xE3, 0xF2, 0xA0, 0x0B, 0xCA, 0x55, 0x4B, 0xF1, 0x58, 0x2B, 0x9B,
    0x67, 0x63, 0x9C, 0xE1, 0xA1, 0xB9, 0xE5, 0x9B, 0x77, 0x72, 0x5A, 0x5D, 0xA8, 0x47, 0x8C, 0xE5,
    0x61, 0xD6, 0xA3, 0x62, 0x40, 0xD3, 0x09, 0x0D, 0x00, 0x45, 0x00, 0xB4, 0x72, 0xCB, 0xC3, 0xD4,
    0x22, 0xBC, 0xD0, 0x14, 0x1C, 0xD5, 0xC1, 0x00, 0x90, 0x5D, 0x58, 0xD1, 0xDE, 0x98, 0xB2, 0x57,
    0x9A, 0x82, 0x26, 0xA5, 0xB6, 0x49, 0x11, 0xCD, 0xEB, 0xFB, 0x73, 0x2F, 0xFF, 0x04, 0x41, 0xAE,
    0x96, 0x1F, 0x40, 0xB8, 0x38, 0xA9, 0x32, 0x19, 0x23, 0x78, 0xAB, 0xA0, 0x69, 0xC8, 0x1B, 0xC9,
    0x08, 0x09, 0x12, 0xF9, 0xF0, 0x6F, 0x8A, 0xAC, 0xE1, 0x33, 0x28, 0x66, 0xD4, 0xCA, 0xB6, 0x0C,
    0x58, 0xD1, 0x21, 0xE0, 0x72, 0x58, 0x4E, 0x84, 0xB8, 0x1F, 0x20, 0xF0, 0xBA, 0x66, 0xD3, 0x16,
    0x51, 0x14, 0xB1, 0xA9, 0x8E, 0x99, 0x88, 0xF3, 0xC8, 0x7D, 0x4C, 0x2B, 0x8E, 0x10, 0xCB, 0x45,
    0xE1, 0x73, 0xF1, 0x05, 0x85, 0x0A, 0xDE, 0x37, 0x78, 0x31, 0x69, 0x17, 0xDE, 0x31, 0x8D, 0xCB,
    0x80, 0x85, 0xEC, 0xA5, 0x7E, 0xE6, 0xA5, 0xB5, 0xE4, 0xDB, 0xE9, 0x38, 0x15, 0xCF, 0x9C, 0xFE,
    0xF1, 0xB8, 0xB2, 0xDE, 0x34, 0xA7, 0xA6, 0xC6, 0x71, 0x4B, 0xBF, 0xB4, 0x3B, 0x17, 0xE7, 0x9D,
    0x28, 0x6B, 0xBD, 0x2C, 0xE4, 0x60, 0xC5, 0xE5, 0x26, 0xA2, 0x04, 0x03, 0x1A, 0xF1, 0x4C, 0x03,
    0xB8, 0xD7, 0xB3, 0x94, 0xF1, 0xB7, 0x40, 0x02, 0x12, 0xF7, 0x51, 0x37, 0x1E, 0x71, 0xC9, 0x10,
    0xD7, 0xF7, 0xF7, 0x50, 0x2F, 0x6B, 0xDE, 0x17, 0x42, 0x35, 0x77, 0x20, 0xD3, 0x71, 0x69, 0x83,
    0xD0, 0x2A, 0xA9, 0x30, 0xB9, 0x99, 0x88, 0x17, 0x9E, 0xED, 0x63, 0x5B, 0x0F, 0xD9, 0x05, 0xDD,
    0x33, 0x3F, 0x87, 0x2F, 0x8C, 0x8F, 0xCC, 0x03, 0xA8, 0xD7, 0x2B, 0x7C, 0x18, 0x2F, 0x14, 0x06,
    0xFB, 0xE5, 0x1F, 0xF7, 0xF4, 0x87, 0xF2, 0x97, 0xF9, 0xF1, 0x21, 0x35, 0x40, 0xB4, 0x68, 0x2E,
    0x2B, 0xD9, 0x68, 0x1B, 0xE3, 0xDB, 0xD1, 0x13, 0xDE, 0x24, 0x6A, 0xC6, 0x62, 0x27, 0xF8, 0x3F,
    0xC4, 0x2F, 0xC4, 0x09, 0x8F, 0x63, 0xD3, 0xAB, 0xAD, 0x82, 0xE5, 0xA3, 0xB9, 0x35, 0xDD, 0x01,
    0x92, 0xCD, 0x14, 0x71, 0xAD, 0x00, 0x16, 0x68, 0x5A, 0x0C, 0x08, 0x11, 0xEF, 0xC1, 0x6A, 0x6C,
    0x55, 0xFC, 0x9F, 0xA6, 0x2A, 0xEE, 0x37, 0xDE, 0xFA, 0x27, 0x60, 0x46, 0xE8, 0xDF, 0xCF, 0xFD,
    0xD4, 0x83, 0xF6, 0x3D, 0xA4, 0x0F, 0x4F, 0x3B, 0x79, 0xD3, 0x9A, 0xFF, 0x22, 0x65, 0x14, 0xE3,
    0x55, 0x33, 0xA4, 0xF1, 0x82, 0xAB, 0xAC, 0x27, 0x5A, 0x88, 0x40, 0xF3, 0xFE, 0x6D, 0x6A, 0x78,
    0x39, 0x3E, 0x73, 0xB2, 0xE1, 0x73, 0x9D, 0x8C, 0x8B, 0x6A, 0xC3, 0x15, 0x0B, 0x12, 0x42, 0xF8,
    0x8C, 0xA3, 0xDA, 0xBD, 0x83, 0x0B, 0x5C, 0x1E, 0x41, 0x3E, 0xE5, 0xF8, 0xB3, 0xD2, 0xAB, 0xDE,
    0x13, 0xF9, 0xF9, 0x9E, 0xD3, 0x3E, 0x51, 0x63, 0x5B, 0x44, 0x72, 0xAE, 0xB8, 0x9E, 0x74, 0x5C,
    0x44, 0x59, 0x46, 0x21, 0x21, 0xC4, 0x0D, 0x19, 0xCF, 0xF4, 0xA2, 0x9F, 0x7E, 0xE0, 0xA6, 0xA8,
    0x57, 0x47, 0xD7, 0x75, 0x64, 0xD8, 0x3D, 0xC9, 0x5A, 0x50, 0xBD, 0x27, 0x02, 0x94, 0x01, 0x88,
    0x6B, 0xD1, 0xCD, 0x39, 0x17, 0xBF, 0x73, 0x92, 0x21, 0xBF, 0xD5, 0xC5, 0x29, 0x78, 0xD3, 0x3F,
    0x41, 0xFD, 0xA6, 0x23, 0x06, 0xEA, 0xE2, 0xA5, 0x88, 0x97, 0x00, 0xBE, 0x89, 0xCA, 0x30, 0xB4,
    0xFB, 0xCA, 0xD4, 0x3B, 0x22, 0xE3, 0x22, 0x2C, 0xA2, 0x83, 0x76, 0x2E, 0x63, 0xAE, 0x36, 0x21,
    0xDD, 0x44, 0x2A, 0x37, 0x93, 0xF5, 0x2E, 0x62, 0xC1, 0x5B, 0x62, 0x08, 0xFA, 0x5D, 0x44, 0xDC,
    0x90, 0xB3, 0x71, 0x52, 0xEF, 0xBD, 0xD8, 0xEF, 0x3C, 0x20, 0xE5, 0xE8, 0xC0, 0x57, 0x37, 0x13,
    0xD4, 0xE5, 0xB6, 0x86, 0x0D, 0xB8, 0x06, 0x4D, 0x42, 0xE4, 0x32, 0x91, 0xF6, 0x32, 0x44, 0x81,
    0xEC, 0x0F, 0xA0, 0x94, 0xED, 0xE4, 0xEB, 0x18, 0x2B, 0x9B, 0x62, 0x84, 0x61, 0xD2, 0x49, 0xD9,
    0x91, 0x38, 0x12, 0x20, 0x38, 0xD8, 0x7D, 0x1C, 0x79, 0xBA, 0x6B, 0x11, 0x15, 0x51, 0x1E, 0xE5,
    0x61, 0xEA, 0xA5, 0x52, 0x39, 0x39, 0xEF, 0xC6, 0xEC, 0xD6, 0xE1, 0xDB, 0xEE, 0xF7, 0xE0, 0xB7,
    0x83, 0x18, 0x97, 0x0D, 0x79, 0x0E, 0x54, 0x12, 0x41, 0x3A, 0xCB, 0x67, 0xF9, 0xCB, 0xF3, 0x9F,
    0xD6, 0xFC, 0xDB, 0x8D, 0x04, 0x55, 0xAB, 0x17, 0x01, 0xFB, 0x3A, 0x86, 0x9C, 0xA1, 0x7B, 0xA4,
    0x78, 0x0B, 0xA0, 0x0C, 0xCD, 0x7C, 0x99, 0x8A, 0x65, 0xDE, 0x4F, 0xE3, 0x02, 0x17, 0x46, 0x6A,
    0x77, 0xD7, 0x5A, 0x00, 0x92, 0x81, 0xBA, 0x1C, 0x6D, 0x55, 0x51, 0xBD, 0x35, 0x32, 0x14, 0x73,
    0xDE, 0x58, 0xC1, 0xAA, 0x63, 0x3B, 0x2B, 0x4E, 0x06, 0x9C, 0xC0, 0xE2, 0xF6, 0xDE, 0xE2, 0x6C,
    0xF4, 0x72, 0x4D, 0x27, 0x8E, 0x2D, 0xF2, 0xDC, 0x3D, 0xF7, 0xE8, 0xA9, 0x71, 0xE2, 0xB0, 0x3F,
    0xF2, 0x09, 0x0F, 0x76, 0x33, 0xEB, 0xC7, 0x7B, 0x80, 0x30, 0x79, 0x73, 0x7F, 0xDA, 0x9B, 0xB7,
    0x53, 0x2E, 0xDD, 0x5B, 0xB4, 0x10, 0x65, 0x6F, 0xEC, 0x57, 0xD3, 0x0C, 0x66, 0xE5, 0xA8, 0xFF,
    0x01, 0xBD, 0x59, 0x3D, 0x70, 0xDC, 0xC6, 0x15, 0xFE, 0x00, 0x88, 0x84, 0x63, 0xC4, 0x5A, 0x16,
    0xA4, 0x2D, 0x87, 0x94, 0xE0, 0xC2, 0x85, 0x22, 0x93, 0x84, 0x0B, 0x15, 0xE7, 0x19, 0xDC, 0x01,
    0x76, 0x66, 0xE2, 0xC2, 0x85, 0x59, 0x88, 0x69, 0x5C, 0x48, 0x45, 0x9A, 0xA8, 0x88, 0x54, 0xB0,
    0x60, 0x71, 0xE4, 0x61, 0xE2, 0x22, 0x5D, 0x86, 0x29, 0x92, 0xC6, 0x8D, 0x0A, 0x67, 0xC6, 0x16,
    0x33, 0x21, 0x0B, 0x16, 0xCC, 0xE4, 0xA8, 0x43, 0xEC, 0x32, 0x0D, 0x1C, 0x15, 0x29, 0x8D, 0x24,
    0x72, 0x66, 0x62, 0x4D, 0x22, 0x64, 0x7C, 0x89, 0x41, 0x0A, 0x77, 0x9B, 0xEF, 0x2D, 0xEE, 0x68,
    0xD2, 0x7F, 0x91, 0x23, 0x51, 0x20, 0xF6, 0xE9, 0x0E, 0xB7, 0x78, 0xEF, 0xED, 0xDB, 0xF7, 0xF3,
    0xBD, 0x15, 0xD6, 0x6F, 0xAD, 0x01, 0x73, 0x0B, 0x0B, 0x0B, 0x8B, 0xBC, 0x82, 0x28, 0x8A, 0x5A,
    0x0D, 0xF0, 0x3A, 0x0D, 0x3C, 0x35, 0xBE, 0xCF, 0xC5, 0xB6, 0x2E, 0xD5, 0x3F, 0x06, 0xAD, 0xB9,
    0x66, 0x7B, 0xEE, 0xFC, 0xEE, 0x1C, 0xCA, 0x39, 0xF4, 0x0D, 0xAD, 0xE6, 0xD0, 0x9D, 0x47, 0x34,
    0x3F, 0x11, 0x0C, 0x07, 0xAE, 0xEE, 0x23, 0x84, 0xDC, 0x8D, 0xF1, 0xFD, 0x3C, 0x19, 0x5D, 0x02,
    0x3C, 0x1D, 0x23, 0x78, 0x2B, 0x43, 0x68, 0xE7, 0xE8, 0x5A, 0x19, 0x4A, 0x3E, 0xEE, 0xD7, 0xE3,
    0xC2, 0xC1, 0xAF, 0x11, 0xE9, 0x0A, 0x56, 0x01, 0xF0, 0x57, 0x38, 0x19, 0x47, 0x0A, 0xB8, 0x09,
    0xD0, 0xD3, 0x3A, 0xED, 0x70, 0x4C, 0x63, 0x46, 0x34, 0xC2, 0x79, 0x20, 0x5F, 0x0C, 0x3E, 0xCD,
    0xDC, 0x03, 0xCD, 0x39, 0x01, 0x9C, 0x44, 0x71, 0x5E, 0x3D, 0x9C, 0xF4, 0x1C, 0x9C, 0xFD, 0x1E,
    0xFC, 0xDE, 0xA7, 0x59, 0xC3, 0x42, 0x8E, 0xD1, 0xD5, 0xA9, 0x5C, 0xED, 0x67, 0x56, 0xE9, 0xE6,
    0x56, 0xE1, 0x14, 0xE4, 0x5E, 0x92, 0x73, 0x9B, 0xF3, 0xB5, 0x5F, 0xD8, 0x5B, 0xEB, 0x1B, 0xF0,
    0xFA, 0xB0, 0xF5, 0xFD, 0xCC, 0xDA, 0x3C, 0x48, 0xE0, 0x88, 0x02, 0xA3, 0x31, 0x7B, 0x20, 0x0A,
    0x00, 0x3B, 0xA3, 0xEB, 0x87, 0xC2, 0x6D, 0x65, 0xFC, 0x8D, 0x9F, 0x2D, 0x9D, 0x78, 0x6F, 0x65,
    0x8B, 0x56, 0xDE, 0x44, 0x72, 0x0B, 0xD0, 0x09, 0x3E, 0xE9, 0xA3, 0xE8, 0x61, 0xC7, 0x4F, 0x9B,
    0x76, 0x11, 0x24, 0x3B, 0x6E, 0xBF, 0x81, 0x61, 0x03, 0xFE, 0x2E, 0x9C, 0xFE, 0x8A, 0x5D, 0x74,
    0x9D, 0xAC, 0x73, 0x39, 0x09, 0x06, 0x40, 0x8C, 0xE7, 0x27, 0x51, 0xF9, 0x49, 0xE5, 0xC7, 0x53,
    0x13, 0x64, 0xF4, 0x2E, 0xB9, 0x05, 0x34, 0x9E, 0xD5, 0xC7, 0xA2, 0x2C, 0x5E, 0xD6, 0x73, 0xD5,
    0xCA, 0xCE, 0x3A, 0x3A, 0xD9, 0x0E, 0x95, 0x93, 0xAC, 0x34, 0xCE, 0x5A, 0x71, 0xE3, 0xE2, 0x3C,
    0x4D, 0x2A, 0x24, 0x34, 0x9F, 0x1A, 0xE7, 0x48, 0xE6, 0xD5, 0x2F, 0x92, 0x15, 0x99, 0x57, 0x28,
    0x4C, 0xDB, 0x19, 0xDF, 0xF5, 0x12, 0xEC, 0x83, 0x1B, 0xEA, 0x6B, 0x31, 0xC1, 0x32, 0xB9, 0x6F,
    0x20, 0xD8, 0x45, 0x18, 0x62, 0x3A, 0x84, 0x57, 0xA1, 0xD9, 0xC6, 0x6A, 0x88, 0x56, 0x2F, 0xF1,
    0x7F, 0x26, 0x0B, 0xBA, 0xB0, 0x89, 0xCE, 0x10, 0xB8, 0x68, 0x27, 0x56, 0xA1, 0x62, 0x37, 0x5D,
    0x43, 0xF0, 0x72, 0x89, 0x96, 0x53, 0x20, 0xB2, 0xFB, 0xF0, 0xD2, 0x36, 0x37, 0xC5, 0x07, 0x56,
    0x65, 0x4B, 0x80, 0x99, 0xE5, 0x4B, 0x1D, 0x5D, 0xCD, 0x2C, 0xB7, 0x31, 0xDA, 0xE8, 0x50, 0x64,
    0x5C, 0xD2, 0x83, 0x9B, 0xEF, 0x80, 0x0B, 0x41, 0xAF, 0xA4, 0xEE, 0x3E, 0x9E, 0x9A, 0x71, 0x92,
    0xF3, 0xEB, 0x59, 0x7A, 0xB1, 0x91, 0xE7, 0x2F, 0xBE, 0x94, 0xDD, 0x78, 0x31, 0x4A, 0xB6, 0xE5,
    0xDF, 0x46, 0xB8, 0x93, 0xCD, 0x5D, 0x7A, 0x3A, 0xF5, 0xE0, 0xC6, 0xF6, 0x47, 0x7B, 0xC0, 0x77,
    0x36, 0xB8, 0xF7, 0xB1, 0x58, 0x99, 0xD7, 0x12, 0xBC, 0x01, 0x5A, 0x97, 0xB1, 0xEA, 0x26, 0x2B,
    0x4E, 0x42, 0xDA, 0x54, 0xF0, 0x07, 0xA2, 0xBF, 0xB8, 0x51, 0xF8, 0xD9, 0x4D, 0x15, 0x2E, 0xDC,
    0x7A, 0xE7, 0xE8, 0x93, 0xD1, 0x56, 0xEB, 0x92, 0x3F, 0x59, 0x3F, 0x84, 0x1A, 0xA2, 0xE9, 0x23,
    0x54, 0xF1, 0xB4, 0x02, 0x2D, 0x8A, 0xB6, 0x78, 0x97, 0x97, 0x22, 0x00, 0xC5, 0xA5, 0x17, 0x6E,
    0xC6, 0x62, 0x93, 0x01, 0x42, 0x1F, 0x53, 0x9C, 0xD0, 0xC4, 0x64, 0x09, 0x8F, 0x46, 0x50, 0xE6,
    0x0E, 0xF0, 0x42, 0x85, 0x68, 0xE4, 0x3F, 0x6E, 0xAC, 0x92, 0x88, 0xEF, 0x6F, 0x8F, 0x44, 0x04,
    0x9C, 0x11, 0xC1, 0x47, 0xEB, 0x4B, 0x47, 0xC0, 0xDF, 0x64, 0x44, 0x71, 0x94, 0xF4, 0x92, 0xE8,
    0xFE, 0x27, 0x07, 0x4D, 0xFD, 0xDE, 0x20, 0x9C, 0xC6, 0x52, 0x13, 0x22, 0x07, 0x9C, 0x53, 0x8F,
    0xF3, 0xC2, 0x6C, 0x62, 0x99, 0x9E, 0xA7, 0x63, 0xA5, 0x77, 0x11, 0x0C, 0x57, 0x10, 0x71, 0x74,
    0x8E, 0x0C, 0xF9, 0x2E, 0xCF, 0x15, 0x87, 0xF5, 0xCF, 0x15, 0x46, 0xE4, 0x57, 0x8D, 0xEB, 0x1C,
    0x53, 0x26, 0x50, 0xF1, 0x04, 0xF0, 0x2C, 0x35, 0xE8, 0x60, 0x01, 0xDF, 0x45, 0x87, 0xDA, 0x2B,
    0x3A, 0x03, 0x7F, 0x8B, 0xFD, 0xB4, 0x97, 0x3A, 0xC7, 0xFE, 0x82, 0xF2, 0xEA, 0x3B, 0xD6, 0xDB,
    0x50, 0x5A, 0x2C, 0xB5, 0xEA, 0xA6, 0xDC, 0x63, 0xDE, 0xA1, 0x17, 0x07, 0x5B, 0xF0, 0x24, 0x42,
    0xF1, 0xE4, 0x26, 0x15, 0xC0, 0x75, 0x27, 0x46, 0x93, 0xA1, 0xA9, 0x62, 0xEE, 0x6E, 0x1E, 0xC1,
    0x2E, 0xFC, 0xD8, 0x29, 0x22, 0xA8, 0xA4, 0x8B, 0x96, 0x5D, 0x80, 0x9B, 0x85, 0xE3, 0x57, 0x26,
    0xC6, 0xB6, 0x72, 0xF4, 0x52, 0xF1, 0xE6, 0x67, 0xE8, 0x94, 0xB1, 0x7C, 0x50, 0x26, 0xB2, 0xE7,
    0x0D, 0x6D, 0x18, 0xBA, 0xCD, 0x98, 0x4C, 0x91, 0xB9, 0xA4, 0x76, 0xAA, 0x8A, 0xD9, 0x3B, 0x6E,
    0xBC, 0x50, 0xF4, 0x2A, 0x85, 0x5D, 0x66, 0x83, 0x79, 0x2B, 0x27, 0x6D, 0x38, 0x29, 0xE9, 0xB6,
    0xAB, 0x87, 0xE4, 0x68, 0x6F, 0xEE, 0x9B, 0xE4, 0x50, 0x98, 0xF4, 0x50, 0x08, 0x47, 0xBA, 0x8D,
    0x75, 0x4C, 0xB8, 0x95, 0x8A, 0x74, 0xCE, 0xA2, 0x74, 0x37, 0x16, 0xE9, 0xB5, 0xDC, 0x05, 0x43,
    0xC3, 0x5A, 0xAE, 0xA1, 0x79, 0x60, 0xE4, 0xEE, 0x57, 0xB4, 0xC6, 0xCB, 0x79, 0x38, 0x7B, 0x47,
    0x21, 0x0B, 0x7B, 0xD5, 0x59, 0x60, 0x57, 0x9C, 0x4A, 0x32, 0xD2, 0x36, 0x5C, 0x8A, 0xCB, 0xB9,
    0xBB, 0xB0, 0x53, 0x79, 0xEC, 0x26, 0x36, 0x35, 0x51, 0x0C, 0xFE, 0x01, 0xCE, 0x19, 0x79, 0xA7,
    0x8E, 0x0A, 0x8F, 0x19, 0x4A, 0x8C, 0xBD, 0x8A, 0x11, 0xC3, 0x0D, 0xBF, 0x26, 0x3A, 0xE2, 0x39,
    0x05, 0x9B, 0x49, 0xAD, 0x0E, 0x6D, 0x58, 0xF4, 0x35, 0x7E, 0xA1, 0xAB, 0x9F, 0x96, 0x17, 0x7C,
    0xDA, 0x23, 0x14, 0xBF, 0xBB, 0x88, 0x4A, 0xBE, 0x6D, 0xDB, 0x15, 0x9E, 0x1E, 0x58, 0x99, 0xD7,
    0x45, 0x44, 0xED, 0xFC, 0x90, 0xFC, 0x3D, 0x89, 0x5E, 0x49, 0xC8, 0x3B, 0xF2, 0xCF, 0x3C, 0x98,
    0x11, 0x85, 0xFF, 0xCD, 0x5B, 0xC6, 0x06, 0xF2, 0x3A, 0x6D, 0x3D, 0x5A, 0x19, 0xA6, 0x6B, 0x2D,
    0xEA, 0x8B, 0x21, 0x36, 0x10, 0xF7, 0x1F, 0x5D, 0x73, 0xC0, 0x59, 0xD1, 0xC3, 0xD5, 0xE2, 0xFE,
    0x9D, 0x0D, 0x59, 0xD0, 0x4E, 0xAD, 0x2A, 0x65, 0xFF, 0x32, 0xF1, 0x74, 0x6A, 0x31, 0x53, 0x9F,
    0x32, 0x6E, 0x44, 0x67, 0x17, 0x3E, 0xBE, 0x44, 0xC2, 0x64, 0x25, 0xDF, 0xCF, 0x1C, 0x2E, 0x53,
    0x84, 0x88, 0xBE, 0xB0, 0xC8, 0x1E, 0x36, 0x63, 0x07, 0xCE, 0x87, 0xB2, 0xAA, 0xD7, 0xF9, 0x8A,
    0x52, 0x54, 0xE3, 0x9C, 0xD8, 0xAD, 0x29, 0x79, 0xB4, 0x4D, 0x17, 0xC1, 0x6F, 0x7F, 0xC0, 0x54,
    0xAF, 0x75, 0x09, 0xFB, 0xE0, 0x66, 0x25, 0x39, 0x7E, 0x4D, 0x0C, 0x2B, 0x3E, 0xC4, 0x80, 0x09,
    0xE8, 0x29, 0xB9, 0xEE, 0x3B, 0xCC, 0x80, 0xB0, 0x8D, 0x51, 0xC4, 0xA1, 0x7A, 0x64, 0xE5, 0x88,
    0x1B, 0xDA, 0xF1, 0x63, 0x90, 0x7B, 0x45, 0xF8, 0x09, 0x67, 0xF7, 0x9E, 0x28, 0x40, 0x0F, 0x42,
    0x68, 0xA5, 0x27, 0x2E, 0x77, 0xC2, 0xD8, 0xF9, 0x36, 0xDF, 0x6D, 0xC9, 0xA6, 0x36, 0x3A, 0xF1,
    0x31, 0x5F, 0x3E, 0x31, 0xB9, 0x0B, 0x12, 0x3F, 0x1D, 0x45, 0xB7, 0x6C, 0xA9, 0xF4, 0xF1, 0x88,
    0x84, 0x14, 0x50, 0x57, 0x98, 0x2A, 0x09, 0xDB, 0xD3, 0xDE, 0xF8, 0x93, 0x5B, 0xD5, 0xD9, 0xFF,
    0x44, 0x85, 0xCF, 0x2C, 0x2F, 0x2F, 0x49, 0xF6, 0xE7, 0x54, 0xB8, 0xC3, 0x9B, 0xA4, 0xAA, 0x2D,
    0x49, 0xE8, 0x9C, 0xA1, 0xA1, 0x09, 0x91, 0x1D, 0x43, 0x0B, 0xA1, 0x76, 0xB6, 0xBE, 0xC5, 0xF4,
    0x41, 0xF4, 0xC1, 0xF4, 0xB1, 0xBC, 0x27, 0x2E, 0xA1, 0x45, 0xAF, 0xE6, 0x72, 0x17, 0x92, 0x1E,
    0xDA, 0xF8, 0x36, 0x43, 0xAF, 0x8D, 0x05, 0x6A, 0xD2, 0x46, 0xE8, 0xDD, 0xB1, 0xB4, 0xAE, 0xA2,
    0x81, 0x47, 0x8A, 0x89, 0x5F, 0x49, 0x29, 0x4A, 0x9D, 0xFD, 0xCB, 0xA9, 0x62, 0x9A, 0xF5, 0x19,
    0x96, 0x2D, 0x66, 0x0F, 0xD6, 0x64, 0x74, 0x47, 0xA3, 0x1A, 0x8D, 0x6E, 0x1D, 0xA3, 0x4C, 0xD7,
    0xD4, 0x8D, 0x3B, 0xE2, 0xF7, 0x71, 0xC5, 0xD5, 0xAC, 0xDC, 0x3D, 0xA2, 0x09, 0x8B, 0x0A, 0x4F,
    0xB2, 0xF8, 0x79, 0x45, 0x8D, 0x94, 0x24, 0x1F, 0x89, 0x5F, 0x8A, 0xCF, 0x70, 0xAE, 0x2C, 0xDF,
    0x12, 0x0B, 0x5D, 0x93, 0xAC, 0x52, 0xA7, 0xE0, 0xE5, 0xE5, 0xE5, 0x58, 0x33, 0x3D, 0xF8, 0x1F,
    0x6F, 0xA6, 0x1E, 0x53, 0x9B, 0x97, 0x5A, 0xA9, 0xBC, 0x72, 0x38, 0x3E, 0x1E, 0x12, 0x8B, 0x0D,
    0x71, 0xEC, 0x59, 0x8A, 0x1B, 0x1C, 0x05, 0xE7, 0xE6, 0x01, 0x65, 0xF3, 0x7D, 0xBA, 0xC5, 0x73,
    0x10, 0x34, 0x22, 0xE0, 0xC8, 0x28, 0xF6, 0x3C, 0x1E, 0x2D, 0xFF, 0x49, 0x71, 0x7B, 0xFE, 0xB8,
    0x5E, 0x70, 0x59, 0x5D, 0x5A, 0x68, 0xFE, 0x91, 0xF2, 0xB7, 0x37, 0x56, 0xE1, 0x16, 0x15, 0xCB,
    0x55, 0x75, 0xE8, 0xD8, 0x8F, 0x8A, 0xF7, 0x12, 0x77, 0xAE, 0x17, 0x33, 0x2D, 0x5E, 0xA9, 0xA1,
    0x8F, 0x9F, 0x79, 0xE9, 0x57, 0xFD, 0x05, 0x25, 0xCB, 0xC4, 0x13, 0x58, 0x73, 0x2A, 0x95, 0x3F,
    0x8B, 0x07, 0x9C, 0x7F, 0x03, 0x4E, 0x45, 0x4D, 0x10, 0xA8, 0xA4, 0x61, 0x27, 0x06, 0x75, 0x09,
    0x4A, 0x72, 0xFB, 0xB2, 0xE5, 0x0F, 0x72, 0x13, 0xCB, 0x70, 0xFE, 0x79, 0x2F, 0xBE, 0xA5, 0xD2,
    0xB5, 0x71, 0x78, 0xFF, 0x7F, 0x4C, 0xAC, 0xAB, 0x6F, 0x9B, 0xA8, 0xC9, 0xE0, 0xFE, 0xEB, 0x8D,
    0x4A, 0x9E, 0xF7, 0x84, 0x04, 0x09, 0x89, 0x4A, 0x65, 0x5A, 0x46, 0xE2, 0x66, 0xCF, 0xFC, 0x7B,
    0xC9, 0xCD, 0x3B, 0x9A, 0xF8, 0xDA, 0x7C, 0x15, 0x92, 0x8E, 0xA7, 0xA8, 0x98, 0x44, 0x60, 0x83,
    0x25, 0xCB, 0xA2, 0x73, 0x47, 0x7A, 0x38, 0xDE, 0x94, 0x09, 0xA9, 0xDD, 0xC1, 0xFB, 0xC9, 0x97,
    0xE6, 0xBF, 0xE5, 0x58, 0x0C, 0x96, 0x41, 0x97, 0x7E, 0xC1, 0x9A, 0x40, 0x4C, 0xE2, 0xC5, 0xAC,
    0x9B, 0x24, 0xD7, 0x84, 0xBC, 0x9E, 0x92, 0xBC, 0x9A, 0x93, 0xBC, 0x52, 0x90, 0xC4, 0x95, 0x90,
    0x75, 0x21, 0xC1, 0x6B, 0x24, 0xEA, 0x0F, 0x24, 0xCE, 0x5D, 0x12, 0xD6, 0x34, 0x02, 0x10, 0x1D,
    0x07, 0x77, 0x88, 0xCC, 0x18, 0xA0, 0x7E, 0x5C, 0x97, 0x6D, 0x93, 0x6D, 0x22, 0x93, 0x81, 0xA5,
    0x3E, 0xBB, 0xE5, 0xB1, 0x22, 0x37, 0x29, 0xA8, 0xBC, 0x47, 0x75, 0x9D, 0xFD, 0xD9, 0x0A, 0x4C,
    0x95, 0x3D, 0x29, 0x88, 0x84, 0x76, 0x0C, 0x53, 0x09, 0x66, 0x95, 0x76, 0x47, 0xC4, 0x4B, 0xAB,
    0x43, 0xB2, 0x27, 0xCF, 0xD6, 0x49, 0x08, 0x1B, 0x39, 0x9F, 0xB1, 0xC3, 0x64, 0x94, 0x73, 0xE5,
    0xEE, 0x70, 0xAB, 0x80, 0x89, 0x6B, 0x4C, 0x98, 0x5C, 0x57, 0x57, 0x3A, 0x51, 0x45, 0xE0, 0xEF,
    0xE7, 0x2A, 0xDD, 0x49, 0x0B, 0xBF, 0x21, 0x22, 0x25, 0x36, 0x3C, 0x11, 0x1E, 0xB0, 0x69, 0x40,
    0xED, 0x6B, 0x8F, 0x41, 0xB8, 0xD9, 0xF3, 0xA8, 0xDE, 0x73, 0x92, 0x8B, 0x9D, 0x63, 0x28, 0xEA,
    0x84, 0x85, 0x9F, 0x27, 0x24, 0xC4, 0x2D, 0x09, 0x8A, 0xB5, 0xE3, 0x85, 0xEF, 0xA4, 0x2D, 0x4E,
    0xAC, 0x9B, 0xB6, 0xDD, 0xD4, 0xF7, 0xA5, 0xDE, 0x49, 0x7C, 0xD0, 0x0F, 0x7D, 0xF0, 0xC9, 0xB6,
    0x01, 0x87, 0xB0, 0x6E, 0xC6, 0x53, 0x6C, 0x02, 0xCB, 0x55, 0x0C, 0xBF, 0xAF, 0x73, 0xA7, 0x8F,
    0x28, 0xF5, 0x32, 0x3A, 0x26, 0xB5, 0xEC, 0x11, 0x70, 0xDB, 0x7F, 0x2D, 0x02, 0x78, 0x6F, 0x92,
    0x2C, 0xDA, 0xFD, 0x08, 0xBB, 0x76, 0x11, 0xD9, 0x39, 0xBB, 0xCC, 0xD7, 0x12, 0xA7, 0x08, 0x7E,
    0xC3, 0x86, 0x55, 0x31, 0x3A, 0x32, 0x25, 0x21, 0xC7, 0x38, 0xE9, 0x60, 0x51, 0x6F, 0x56, 0x68,
    0x04, 0xD2, 0x04, 0x5A, 0x97, 0x64, 0x79, 0x22, 0x43, 0x52, 0x5A, 0x0D, 0xED, 0x2D, 0xD3, 0x72,
    0x4D, 0x8E, 0xD6, 0x3E, 0x73, 0x89, 0x77, 0x67, 0xC0, 0x40, 0x9B, 0x25, 0xD4, 0x4D, 0x59, 0x46,
    0xBD, 0xE4, 0x9B, 0x11, 0xE9, 0x0E, 0xD8, 0x33, 0xFA, 0xE0, 0xD2, 0x69, 0x0E, 0x7D, 0xAF, 0x92,
    0x8E, 0x36, 0xAF, 0xBB, 0xFF, 0xBA, 0x5E, 0x31, 0x2D, 0x8C, 0x92, 0x3E, 0x4C, 0xF8, 0x6F, 0x3C,
    0x2E, 0xE1, 0xA6, 0xD7, 0xEA, 0x49, 0x78, 0x49, 0x8A, 0x71, 0xDF, 0x2B, 0x04, 0x6E, 0x6F, 0x3F,
    0x1E, 0xE1, 0x4F, 0x0A, 0x32, 0xF7, 0xDF, 0x2C, 0x46, 0xE4, 0xF0, 0x3A, 0xF1, 0x45, 0xD7, 0xC0,
    0x12, 0x23, 0x88, 0x20, 0x65, 0xBC, 0x7E, 0x54, 0x0B, 0xB7, 0x96, 0xE3, 0xDE, 0xD0, 0xD5, 0x09,
    0xAB, 0xD8, 0x1E, 0xC8, 0x85, 0x55, 0xA1, 0x2F, 0xF0, 0xA2, 0x92, 0xD3, 0x97, 0x35, 0xC9, 0x06,
    0x91, 0x20, 0x33, 0xF5, 0x63, 0x79, 0x57, 0xD2, 0x84, 0x23, 0x0C, 0x04, 0x71, 0x7C, 0x29, 0x99,
    0x1D, 0xC6, 0x02, 0x79, 0x12, 0xA6, 0x6B, 0x6A, 0x22, 0x7D, 0xCC, 0xB8, 0x7E, 0xEA, 0x3B, 0xAC,
    0xAB, 0x9A, 0x9F, 0xFD, 0x51, 0x85, 0x73, 0x59, 0xFD, 0x1C, 0x0E, 0x97, 0x9F, 0x55, 0xE2, 0xA5,
    0x1D, 0xCE, 0xA1, 0xE7, 0xFE, 0x3D, 0x36, 0xF3, 0xFD, 0x3B, 0xF5, 0xFB, 0x66, 0x11, 0x3E, 0x5B,
    0x91, 0xF5, 0xCB, 0x19, 0xFA, 0x0E, 0x1D, 0xDD, 0x2E, 0x48, 0x73, 0x27, 0x73, 0xF9, 0x36, 0x11,
    0x55, 0x16, 0x72, 0xEC, 0x70, 0x10, 0x3B, 0x64, 0x1D, 0x8E, 0x20, 0x23, 0xD7, 0xBE, 0x93, 0x59,
    0xB2, 0x84, 0xB6, 0xF3, 0x01, 0x42, 0xE7, 0x76, 0xD2, 0xF6, 0x6E, 0x7F, 0xD4, 0x8F, 0xFE, 0x28,
    0x78, 0x66, 0xDA, 0x74, 0x89, 0x66, 0x51, 0xE2, 0x04, 0xB9, 0x69, 0xC4, 0x46, 0xBE, 0x31, 0x4A,
    0x00, 0xD4, 0x3F, 0xD8, 0xCC, 0x09, 0x2E, 0x0B, 0x42, 0xFF, 0xA2, 0xC6, 0x5B, 0x5C, 0xDE, 0xA4,
    0x66, 0xBD, 0xFB, 0xB8, 0x40, 0xD7, 0x1A, 0x0D, 0xFE, 0xDE, 0xD9, 0xD2, 0x49, 0x50, 0xF6, 0x60,
    0x8D, 0x13, 0xB6, 0x64, 0x15, 0x95, 0xD4, 0xD5, 0x44, 0xF0, 0xE3, 0xF6, 0x23, 0xE0, 0xBB, 0x5B,
    0x6F, 0x9E, 0x73, 0x8F, 0xB6, 0xF9, 0x69, 0x8A, 0x73, 0x75, 0x9E, 0x78, 0x68, 0x5D, 0x55, 0x96,
    0xC2, 0xBF, 0x9F, 0x61, 0x2E, 0x4A, 0x71, 0x6A, 0xF2, 0xE1, 0xF5, 0xFC, 0x16, 0xB1, 0x67, 0x44,
    0x83, 0x06, 0x1C, 0xA7, 0xAC, 0xF8, 0xE1, 0x75, 0x64, 0x9F, 0xE0, 0x30, 0x3D, 0xB9, 0xAF, 0x71,
    0xDD, 0xB4, 0xAB, 0xF7, 0x6A, 0x6C, 0xBE, 0xE3, 0xED, 0x47, 0xB0, 0x4F, 0x93, 0xFA, 0x15, 0xE2,
    0x80, 0xCD, 0x0F, 0xB7, 0xB2, 0xA6, 0x33, 0x70, 0x8A, 0xD0, 0x2A, 0x39, 0xD3, 0xEA, 0x13, 0xEA,
    0x4E, 0x6A, 0x5D, 0x10, 0x7A, 0xBF, 0xBB, 0x14, 0xFC, 0x9C, 0xFC, 0xBA, 0x26, 0x1A, 0xE4, 0x9C,
    0xB2, 0xCB, 0x2E, 0x64, 0xAA, 0xB3, 0xD5, 0xD3, 0x45, 0x40, 0x78, 0x9F, 0x91, 0x93, 0x89, 0x2F,
    0x4B, 0x67, 0xDE, 0xDD, 0x7E, 0x80, 0x32, 0xC4, 0x0E, 0x6B, 0x42, 0x39, 0xBE, 0x2B, 0x03, 0xE8,
    0x09, 0x63, 0x02, 0x5D, 0xB9, 0xD4, 0x68, 0x06, 0xF8, 0x91, 0xC9, 0x3E, 0x2A, 0x96, 0x43, 0x84,
    0xF6, 0xE8, 0xBC, 0x82, 0xED, 0x17, 0xB3, 0xBB, 0x44, 0x55, 0xD7, 0xB4, 0xE5, 0xE6, 0xB2, 0x75,
    0xA2, 0xEE, 0x16, 0x2D, 0x94, 0x6D, 0x74, 0xD9, 0x62, 0xB0, 0x97, 0x60, 0xBB, 0xD2, 0x37, 0x6C,
    0xBB, 0xA6, 0x47, 0x60, 0x79, 0xF0, 0x18, 0xE2, 0xF5, 0x61, 0xA8, 0x63, 0xCE, 0x39, 0x08, 0x20,
    0x9A, 0xE6, 0xCC, 0xE1, 0x9B, 0x72, 0x68, 0x0A, 0xEE, 0xB0, 0xEE, 0xA7, 0xCE, 0xFB, 0x99, 0x8A,
    0x8B, 0x6F, 0xFA, 0xFA, 0x24, 0x36, 0x98, 0xD0, 0xD4, 0x9B, 0x85, 0x35, 0x3E, 0x6C, 0x78, 0xF0,
    0x77, 0xA7, 0x10, 0x32, 0x63, 0x05, 0x31, 0xB5, 0x37, 0x1E, 0x3D, 0x9B, 0x77, 0x72, 0xE7, 0x0B,
    0x7F, 0xDE, 0xBE, 0x9C, 0x4B, 0x72, 0xEA, 0x1E, 0x4A, 0x7E, 0x8F, 0xBF, 0x7E, 0xA6, 0x04, 0xBF,
    0xDF, 0x6D, 0x2E, 0xEE, 0xA8, 0xAF, 0x9F, 0x77, 0xC6, 0x8E, 0x23, 0x95, 0x46, 0x5E, 0x7A, 0x6A,
    0x7C, 0x68, 0x34, 0x59, 0xC2, 0x2F, 0x8F, 0x6C, 0xE0, 0x17, 0x6E, 0x7B, 0x18, 0xFB, 0xDA, 0x40,
    0x23, 0x2B, 0xB9, 0x0E, 0xFB, 0x3F, 0xB9, 0xD9, 0x5E, 0xF4, 0x12, 0x38, 0xB7, 0x33, 0xEE, 0x65,
    0x61, 0x42, 0xDE, 0xD2, 0x6B, 0x50, 0x9A, 0xA0, 0x3D, 0xEE, 0xD0, 0xB4, 0x41, 0xDC, 0x65, 0x3A,
    0x28, 0xCD, 0xF0, 0xCC, 0x20, 0xA4, 0x88, 0xF7, 0xCC, 0xE1, 0x61, 0x0B, 0xC1, 0xDF, 0x88, 0x0F,
    0x24, 0x55, 0x2F, 0x8F, 0x63, 0x25, 0xF8, 0x9E, 0x34, 0x81, 0x77, 0xC9, 0x76, 0x45, 0x3C, 0x7D,
    0xEA, 0xCC, 0x51, 0x64, 0x32, 0xFB, 0x1E, 0xC5, 0x77, 0xEE, 0x09, 0x06, 0x2F, 0xDD, 0x02, 0x92,
    0x0D, 0x49, 0xAC, 0xFF, 0x45, 0xBC, 0xD2, 0x39, 0x40, 0x34, 0x50, 0xDA, 0x9C, 0x07, 0xC9, 0xD1,
    0x90, 0x53, 0x8C, 0xB2, 0xDE, 0xBA, 0x54, 0xA6, 0x23, 0x27, 0x66, 0xD4, 0x45, 0xDD, 0x1F, 0xB0,
    0x5C, 0x74, 0xB8, 0x92, 0x43, 0xDD, 0xD3, 0xD1, 0x10, 0xDD, 0x93, 0xAF, 0xD4, 0xDD, 0xCA, 0xEA,
    0xE3, 0x72, 0x49, 0xAB, 0xBE, 0x39, 0x9E, 0x7A, 0x78, 0xBE, 0x8B, 0x62, 0x0D, 0x9A, 0x9C, 0x59,
    0xCA, 0xFE, 0xB3, 0xB4, 0x12, 0x3B, 0x8F, 0x44, 0x57, 0xA7, 0xFF, 0x22, 0x71, 0x59, 0x1F, 0x2E,
    0x61, 0x92, 0x65, 0x25, 0x0F, 0xCD, 0xD3, 0x8E, 0xAF, 0xC0, 0xFB, 0x80, 0xBB, 0xFB, 0xFB, 0x92,
    0x7E, 0xB0, 0xF4, 0x48, 0x74, 0x6C, 0x9B, 0xFC, 0xB1, 0x7A, 0xF4, 0xB0, 0xDD, 0xE4, 0x9B, 0x86,
    0x79, 0x7E, 0x78, 0x92, 0x87, 0x4E, 0x79, 0xDD, 0x39, 0xD0, 0xB9, 0x14, 0x56, 0x9F, 0x28, 0x31,
    0xC0, 0xEF, 0xF2, 0x16, 0x31, 0x62, 0xCB, 0xFB, 0x49, 0xD1, 0x5A, 0xB4, 0xF3, 0x68, 0xD7, 0xC9,
    0x83, 0xDC, 0x49, 0x89, 0x06, 0x93, 0x60, 0xBF, 0x87, 0x97, 0xE4, 0xDC, 0x63, 0x86, 0x7E, 0x30,
    0x65, 0x0E, 0x3A, 0xC6, 0xC7, 0x2C, 0x75, 0xF7, 0x63, 0x80, 0xB0, 0x75, 0x0C, 0x0D, 0x07, 0xE9,
    0x0B, 0x72, 0x7C, 0x1B, 0xC9, 0x49, 0xAE, 0xF3, 0x40, 0xC4, 0xCD, 0x88, 0x99, 0x9D, 0xA1, 0xDE,
    0x67, 0x5E, 0xF9, 0x0B, 0x7D, 0x6E, 0xE6, 0x33, 0x66, 0xE1, 0x58, 0x9C, 0x2D, 0x28, 0xC2, 0x31,
    0xBD, 0x16, 0x4E, 0x40, 0x9A, 0x1C, 0x0D, 0x41, 0x49, 0x3C, 0x2E, 0x8A, 0x97, 0xB7, 0x45, 0x6E,
    0x71, 0xFA, 0x04, 0x04, 0x2D, 0x9D, 0x91, 0x40, 0x8A, 0xE4, 0x88, 0x44, 0x0C, 0xB8, 0x74, 0xEA,
    0xA4, 0x4C, 0xB7, 0x53, 0x9F, 0xC2, 0x48, 0xE0, 0x0A, 0x28, 0x3B, 0xB2, 0x96, 0x4E, 0x19, 0x94,
    0xD1, 0x9D, 0xD9, 0xBE, 0x4A, 0x6A, 0x34, 0xE5, 0x64, 0xD2, 0x66, 0x2B, 0x16, 0x43, 0x06, 0x0F,
    0x8B, 0x12, 0xDA, 0x72, 0xAA, 0xCB, 0xF7, 0x02, 0x89, 0xCD, 0xAC, 0x86, 0x63, 0xAC, 0x41, 0x06,
    0x13, 0xD2, 0x93, 0xDE, 0xA0, 0x85, 0x7A, 0xFC, 0x79, 0x3D, 0xAE, 0xCF, 0x8B, 0xA5, 0x03, 0xBE,
    0x96, 0x8D, 0xFE, 0xFB, 0xED, 0xE8, 0xF8, 0x93, 0x26, 0x02, 0xD1, 0xA9, 0x53, 0x7A, 0x6C, 0xEE,
    0xE5, 0x3F, 0xD0, 0x2C, 0xA2, 0x2C, 0x1C, 0x19, 0x96, 0x69, 0xFA, 0xA9, 0x45, 0xE6, 0x0C, 0x7B,
    0xB1, 0x43, 0x47, 0xFB, 0x3C, 0x8F, 0x80, 0x89, 0xFC, 0xAA, 0xB4, 0x57, 0x1B, 0xD3, 0x5C, 0xCA,
    0x9E, 0x19, 0x88, 0xA7, 0x4F, 0x64, 0x2D, 0xFF, 0x05, 0xBD, 0x5A, 0x3D, 0x6C, 0xDD, 0xD6, 0x15,
    0x3E, 0x24, 0x23, 0xD3, 0x31, 0x1B, 0xD3, 0x43, 0x0C, 0xA7, 0x7D, 0x89, 0xD9, 0x21, 0x83, 0x81,
    0x28, 0x66, 0x06, 0x0F, 0x46, 0xF1, 0x24, 0x12, 0xCE, 0x90, 0x21, 0x43, 0x34, 0x58, 0xE9, 0xE0,
    0xC1, 0x19, 0x32, 0x24, 0x2D, 0x1A, 0x65, 0x70, 0x01, 0x0F, 0x4F, 0x7A, 0x0C, 0x3C, 0x66, 0x71,
    0x81, 0x4E, 0xED, 0xA2, 0x21, 0x1D, 0x62, 0x03, 0xB5, 0x87, 0x0C, 0x32, 0xF0, 0xEC, 0x47, 0xDB,
    0x28, 0x3C, 0x64, 0x28, 0x93, 0xA2, 0x93, 0x07, 0xB3, 0x85, 0x9B, 0x16, 0xF1, 0x20, 0x06, 0xA0,
    0x11, 0x4A, 0xE6, 0xE3, 0xED, 0xF7, 0x5D, 0xF2, 0x3D, 0x3D, 0xC5, 0x96, 0x2D, 0xD9, 0x4F, 0xA6,
    0x78, 0x8F, 0x24, 0xFE, 0xDC, 0x7B, 0xCE, 0xB9, 0xF7, 0x9C, 0xF3, 0x9D, 0x73, 0x29, 0x53, 0xF3,
    0x22, 0x12, 0xA8, 0x98, 0x24, 0x92, 0xF1, 0xE3, 0x65, 0x92, 0x12, 0xCD, 0x18, 0x80, 0x98, 0x15,
    0x88, 0x75, 0x07, 0xC4, 0x79, 0x2F, 0x14, 0x71, 0x5D, 0xBC, 0x71, 0xD8, 0x06, 0x99, 0xB1, 0x52,
    0x91, 0x8E, 0x99, 0x89, 0x5C, 0x79, 0x3F, 0x17, 0x51, 0xAA, 0x10, 0x73, 0xFD, 0x42, 0x29, 0x56,
    0x22, 0x8B, 0x82, 0x07, 0x02, 0x71, 0x23, 0xF1, 0xC5, 0x4F, 0xA5, 0x9F, 0xAA, 0xDC, 0x52, 0xB9,
    0xAB, 0x12, 0xF1, 0x39, 0xE0, 0xD8, 0xB1, 0x07, 0x63, 0xFB, 0x17, 0x53, 0x74, 0x96, 0x49, 0xDB,
    0x40, 0x5F, 0x6C, 0xE8, 0x73, 0x8F, 0xCA, 0xC4, 0xFF, 0x3E, 0x93, 0x9E, 0xD1, 0x34, 0xDC, 0xEF,
    0x5E, 0x52, 0x91, 0x5F, 0xF4, 0xC5, 0x08, 0x87, 0x6F, 0xB7, 0x0D, 0xB2, 0xFF, 0x67, 0xB0, 0xEF,
    0x92, 0x4B, 0x63, 0x6E, 0xD7, 0x65, 0x60, 0xB7, 0xAF, 0x4A, 0x2C, 0xDE, 0x89, 0x58, 0x5C, 0xF0,
    0x6E, 0x5C, 0x99, 0x84, 0x2C, 0xBB, 0xC8, 0xED, 0x51, 0x76, 0xBD, 0x42, 0xA2, 0x79, 0xAF, 0x38,
    0xD5, 0xDD, 0xF8, 0x19, 0x79, 0x3E, 0x8B, 0x37, 0x9B, 0x67, 0x8D, 0x35, 0xB0, 0xD8, 0x6F, 0x66,
    0x64, 0x8A, 0x4B, 0x0A, 0xD7, 0x20, 0x80, 0x83, 0xE1, 0x5E, 0x6C, 0x06, 0x99, 0xFA, 0x0B, 0xC6,
    0x54, 0xB1, 0xB5, 0x76, 0x3A, 0x76, 0x63, 0x2B, 0xF6, 0xC4, 0x8A, 0x67, 0xC5, 0x8C, 0x17, 0x71,
    0xAB, 0xD7, 0xB4, 0xB2, 0x69, 0xFC, 0xFB, 0x2A, 0x59, 0x64, 0x4F, 0xE0, 0xD5, 0xCB, 0xE5, 0x03,
    0x5B, 0x29, 0x48, 0x44, 0x65, 0xD7, 0xF3, 0x6B, 0xC5, 0xE2, 0x24, 0x14, 0x75, 0x56, 0xE4, 0x58,
    0x33, 0x84, 0xA1, 0x12, 0xE7, 0x5E, 0xEE, 0x4B, 0xD1, 0x96, 0xAF, 0xD0, 0x47, 0x31, 0x3C, 0x4B,
    0xDD, 0x5D, 0x37, 0xC4, 0xC2, 0x2B, 0x6D, 0xC8, 0x74, 0x10, 0x8F, 0x9E, 0x17, 0xB1, 0xC1, 0x9D,
    0x8B, 0x1B, 0x33, 0x9E, 0xC8, 0x57, 0x56, 0x38, 0x71, 0x2E, 0x67, 0xA0, 0x13, 0x31, 0x1E, 0xC4,
    0xD6, 0x8D, 0xD4, 0x09, 0xB3, 0x1D, 0xB3, 0x28, 0xE0, 0x08, 0x0A, 0x17, 0x1B, 0x8D, 0x73, 0x2E,
    0xBB, 0xA0, 0xC8, 0xB6, 0xC8, 0x35, 0xFD, 0xC8, 0xCB, 0x3B, 0x57, 0xE1, 0x79, 0x3B, 0x94, 0x1C,
    0xAA, 0x5B, 0xEA, 0xA0, 0x63, 0xF2, 0x98, 0xEC, 0xC6, 0x44, 0xEF, 0x97, 0xCC, 0x39, 0x17, 0x5B,
    0xB7, 0x43, 0xC1, 0x7A, 0xEA, 0xEC, 0x98, 0x4B, 0x33, 0x3C, 0x4C, 0xED, 0x71, 0xF0, 0x35, 0xAE,
    0xFD, 0x80, 0x4C, 0xBA, 0x43, 0xDF, 0x31, 0x75, 0xE1, 0x3C, 0x2D, 0x48, 0x85, 0xE2, 0xFD, 0x6D,
    0x21, 0x13, 0x27, 0x36, 0x4B, 0x10, 0xA8, 0xC4, 0xA1, 0x1D, 0x81, 0xF8, 0x21, 0x88, 0xA7, 0x49,
    0x04, 0xE2, 0x6E, 0xFC, 0x3B, 0x7A, 0x64, 0x86, 0x84, 0xAF, 0x61, 0x9E, 0x7C, 0x05, 0xBE, 0x69,
    0x91, 0xE3, 0x87, 0xA9, 0x1C, 0x12, 0x0E, 0xEA, 0xBB, 0xF8, 0xDF, 0xDF, 0x4F, 0xF2, 0x12, 0xC9,
    0x5E, 0x48, 0xA2, 0xC0, 0xCF, 0x03, 0x10, 0x9F, 0x46, 0x33, 0x83, 0x5F, 0xD0, 0x8A, 0x4F, 0x69,
    0x36, 0x91, 0x72, 0x74, 0xA3, 0x4B, 0x6D, 0xF9, 0xF7, 0xD4, 0xB2, 0x38, 0xEA, 0x3D, 0x88, 0x34,
    0xF7, 0x02, 0xF4, 0xF1, 0x9B, 0x2F, 0xE8, 0xC1, 0xE1, 0x5A, 0xED, 0x1F, 0x4E, 0x95, 0x34, 0xDD,
    0x3E, 0x89, 0x1F, 0x81, 0xB8, 0x31, 0x88, 0x93, 0x80, 0xD8, 0xC9, 0xA1, 0xFB, 0x73, 0x76, 0xDA,
    0x55, 0x99, 0x55, 0xFF, 0x4B, 0x12, 0x0F, 0x1F, 0x71, 0x43, 0x90, 0x00, 0xAF, 0x19, 0x10, 0x86,
    0x73, 0x10, 0xA8, 0x6A, 0xB3, 0x18, 0x68, 0x7D, 0x72, 0x2D, 0xB2, 0xAF, 0xCF, 0xD1, 0x53, 0xFD,
    0xF7, 0x6F, 0xFA, 0x82, 0x29, 0x13, 0xEF, 0x0F, 0x7D, 0x98, 0xA2, 0xAF, 0x79, 0x2C, 0xC6, 0x5A,
    0xD9, 0x5C, 0x23, 0xDB, 0x01, 0xB8, 0xD6, 0x4C, 0x93, 0xE7, 0xF9, 0x39, 0xB1, 0x14, 0xDC, 0x56,
    0xED, 0x4E, 0xF5, 0x31, 0x3F, 0x3F, 0x1F, 0x62, 0x36, 0x62, 0xEF, 0xFB, 0x8B, 0x31, 0xE6, 0x02,
    0xCD, 0x40, 0x13, 0x19, 0xB5, 0xEF, 0x2B, 0x0C, 0x5B, 0xC9, 0xA6, 0x6B, 0xB1, 0x2C, 0xA3, 0x65,
    0x78, 0x36, 0x85, 0xFA, 0x53, 0xBC, 0x9F, 0x80, 0x35, 0x57, 0xA5, 0x63, 0x9C, 0x47, 0xEE, 0xBD,
    0x6C, 0x56, 0x8A, 0x8E, 0xF4, 0x56, 0xA4, 0xA3, 0x54, 0x89, 0x29, 0xCA, 0xF5, 0x82, 0xE9, 0xE9,
    0xB5, 0xE7, 0xAB, 0x82, 0xD2, 0x1C, 0x6C, 0x1C, 0xCB, 0xAB, 0x62, 0xAD, 0xC1, 0x59, 0xB2, 0x87,
    0x83, 0x93, 0x65, 0x4C, 0xAF, 0xE7, 0x0F, 0xDC, 0xCF, 0x52, 0x1B, 0x11, 0xF0, 0xCA, 0x53, 0xB1,
    0x87, 0x25, 0xD9, 0xD8, 0x4A, 0x38, 0x71, 0xBD, 0x3D, 0xEC, 0x0E, 0xB6, 0xCF, 0xDB, 0xE4, 0x54,
    0x34, 0x33, 0x16, 0x57, 0x18, 0xA9, 0xFA, 0xD1, 0x8E, 0x98, 0xC9, 0xA4, 0x15, 0x09, 0xEC, 0x0C,
    0x9E, 0xC9, 0xFB, 0xA3, 0x8E, 0x40, 0xB2, 0x47, 0xA6, 0xB1, 0xD0, 0x11, 0x27, 0x7F, 0xC4, 0x94,
    0xF6, 0x63, 0x7D, 0x6F, 0xD2, 0xD3, 0x6A, 0x64, 0xEE, 0xDB, 0xB1, 0x75, 0x27, 0x34, 0xC6, 0xDC,
    0xD4, 0x4E, 0x66, 0x76, 0x19, 0x8F, 0xC3, 0x7D, 0x39, 0xB0, 0x32, 0x0F, 0xFD, 0xB7, 0xCD, 0x3A,
    0x3C, 0x1B, 0x5F, 0x86, 0x70, 0xA6, 0x85, 0x59, 0xBD, 0x5F, 0x20, 0xDC, 0xAD, 0x60, 0xD2, 0xCF,
    0x22, 0xE0, 0xBD, 0xF5, 0xB0, 0x33, 0x0D, 0x54, 0x4F, 0x7E, 0x31, 0xC0, 0xD4, 0x75, 0xD0, 0x6F,
    0x07, 0x0B, 0xA4, 0xE3, 0xA5, 0xD2, 0x81, 0x65, 0x96, 0x70, 0xA6, 0xB9, 0x18, 0x27, 0x6B, 0xB7,
    0x17, 0xA0, 0xDB, 0x25, 0x68, 0x36, 0x83, 0x36, 0x92, 0xF6, 0x86, 0x75, 0x2B, 0x38, 0x85, 0xF5,
    0x2A, 0x73, 0xA3, 0x59, 0x3C, 0xE6, 0x35, 0xCD, 0x87, 0xDF, 0x58, 0x82, 0x85, 0x16, 0xE2, 0xFC,
    0x29, 0xA4, 0x4E, 0x75, 0x17, 0x2E, 0xFC, 0x25, 0x1C, 0x44, 0xE2, 0x89, 0x9D, 0xB6, 0xC5, 0x4C,
    0x3B, 0x30, 0x99, 0x20, 0xF4, 0x23, 0x4F, 0x0D, 0x20, 0xF1, 0xF9, 0x0D, 0x50, 0x46, 0x4C, 0x46,
    0x48, 0x36, 0x44, 0x64, 0x93, 0x94, 0x85, 0xDA, 0x8D, 0x7E, 0x06, 0xCF, 0xDE, 0x81, 0x0B, 0x85,
    0x3C, 0x47, 0xA3, 0x5D, 0x92, 0x05, 0x0F, 0x99, 0x98, 0x32, 0xAB, 0xA8, 0x57, 0xE4, 0xF0, 0x98,
    0xE8, 0xBC, 0xD0, 0xAA, 0xA3, 0xDA, 0xB2, 0xA7, 0x64, 0x77, 0xE4, 0x98, 0xA8, 0xEE, 0x3F, 0x1C,
    0x0B, 0xDF, 0x2B, 0xB5, 0xB5, 0x4A, 0xE3, 0x8D, 0xAC, 0xA8, 0x96, 0x87, 0x88, 0x93, 0x86, 0x3C,
    0x2B, 0x9B, 0xE5, 0x9A, 0xE8, 0xDC, 0x7C, 0xA8, 0xC1, 0x2C, 0x47, 0x5D, 0xE5, 0xB0, 0xE7, 0x60,
    0x88, 0xAF, 0x49, 0x83, 0x42, 0xE6, 0x4F, 0xE2, 0x54, 0xA5, 0xA1, 0x0A, 0x2F, 0x91, 0xD3, 0x3A,
    0x78, 0x3F, 0x9A, 0xC0, 0x80, 0x1B, 0xB2, 0xE5, 0x23, 0x24, 0x7E, 0x21, 0x0B, 0x77, 0x75, 0x7F,
    0xC2, 0xE5, 0x6C, 0x32, 0xC6, 0xDB, 0x1C, 0xDB, 0x25, 0xAF, 0x6D, 0x6B, 0xB4, 0xFE, 0x0E, 0xF0,
    0x1A, 0xBD, 0x8E, 0x97, 0x8F, 0x00, 0xF7, 0x4F, 0xC8, 0x0F, 0x74, 0x19, 0x0F, 0xB8, 0x6C, 0x2B,
    0xF6, 0x93, 0x53, 0x99, 0x39, 0xB5, 0xF9, 0x58, 0xB2, 0xA7, 0x32, 0xAA, 0xD0, 0x53, 0x08, 0x1D,
    0x07, 0xE7, 0x05, 0x67, 0xA0, 0xA4, 0x5B, 0x11, 0xC4, 0x1E, 0x4A, 0x19, 0xEC, 0x01, 0x11, 0xDF,
    0x58, 0xBF, 0x70, 0x71, 0x1D, 0xD3, 0x8C, 0xA3, 0xB9, 0xD2, 0x50, 0xC5, 0x78, 0xDE, 0xD0, 0xF1,
    0xEB, 0x5B, 0x50, 0xA7, 0x92, 0xD6, 0x5A, 0xD3, 0xBF, 0x9E, 0x58, 0x8D, 0x9A, 0x16, 0x48, 0x34,
    0xC8, 0xFB, 0xED, 0x7A, 0x48, 0x88, 0x17, 0x36, 0xFF, 0x5A, 0xD7, 0xBF, 0x64, 0xAA, 0x82, 0x90,
    0x66, 0x55, 0x78, 0xC8, 0xCA, 0xD0, 0x85, 0x46, 0x18, 0x8F, 0x27, 0xAD, 0xC2, 0x5E, 0x93, 0x6E,
    0xE9, 0x29, 0x99, 0x32, 0x24, 0xB8, 0x19, 0x2D, 0xA9, 0xE8, 0x18, 0xD6, 0xDC, 0x0B, 0xD4, 0x90,
    0x16, 0x2F, 0x84, 0x6C, 0x78, 0x6E, 0x3B, 0x27, 0x38, 0x0E, 0xC8, 0x8F, 0x74, 0xF7, 0x89, 0x5A,
    0x95, 0x1F, 0x2A, 0x39, 0xF0, 0x7A, 0x33, 0x1F, 0xAD, 0x54, 0xBA, 0x29, 0xA5, 0xDA, 0xEA, 0x74,
    0xD6, 0x28, 0xE7, 0x14, 0x47, 0x8C, 0xEA, 0x4E, 0x9E, 0x9A, 0x81, 0xBE, 0x12, 0xE2, 0x39, 0xD9,
    0xD9, 0xD0, 0x58, 0x31, 0x67, 0xCD, 0x28, 0x38, 0x1D, 0x7A, 0x55, 0xE3, 0x2B, 0x9F, 0x56, 0xFC,
    0xCB, 0xD6, 0xC0, 0xEB, 0x96, 0xCE, 0x72, 0x3D, 0x78, 0x37, 0xB5, 0x1E, 0xFA, 0x71, 0xD6, 0xBA,
    0x15, 0xEC, 0x62, 0xE0, 0x25, 0x4E, 0xBC, 0xD5, 0x8F, 0x5F, 0xA8, 0x81, 0x1D, 0x1D, 0x26, 0x9C,
    0xFB, 0x42, 0xAF, 0x64, 0x18, 0xA0, 0x93, 0xD9, 0xE9, 0x50, 0xA8, 0xAD, 0xFA, 0x95, 0xDC, 0x8A,
    0xED, 0xD8, 0xFA, 0x0F, 0x43, 0xA0, 0x21, 0x6E, 0xE2, 0x26, 0x4E, 0x5C, 0x9B, 0xE2, 0x93, 0xC7,
    0x7B, 0x3C, 0xBF, 0xD0, 0x87, 0x1A, 0x40, 0x42, 0x2F, 0x39, 0x94, 0x13, 0xA5, 0x67, 0xCF, 0x44,
    0xFC, 0x02, 0x69, 0x95, 0x1A, 0xE8, 0x9C, 0x4A, 0x2F, 0x60, 0xCD, 0xA6, 0x07, 0x0B, 0x36, 0xFA,
    0x43, 0xD3, 0x1E, 0x1E, 0x90, 0x3C, 0x76, 0x32, 0x37, 0xB1, 0x53, 0x77, 0x53, 0xCD, 0xA2, 0x95,
    0xFA, 0x71, 0x37, 0xED, 0xC7, 0x56, 0x6A, 0x3F, 0xB1, 0x39, 0x6B, 0x76, 0xDC, 0xAD, 0x98, 0xBB,
    0xDB, 0x0D, 0x88, 0x40, 0xDA, 0xCA, 0xF0, 0xCF, 0x80, 0x6F, 0x82, 0x8B, 0x23, 0xF4, 0x62, 0xA6,
    0x8A, 0x9D, 0x73, 0xE9, 0x7E, 0x02, 0x01, 0x2C, 0xC6, 0xD0, 0x55, 0x09, 0xEB, 0x00, 0xBD, 0x6D,
    0x9F, 0x25, 0x71, 0x05, 0x42, 0x14, 0xE6, 0xC9, 0x67, 0x0A, 0xA3, 0x0F, 0x20, 0x11, 0xB8, 0x82,
    0xD5, 0xC8, 0xBE, 0x19, 0xBB, 0x46, 0x33, 0x81, 0xCC, 0x71, 0x4A, 0xFD, 0x4A, 0xE7, 0x49, 0xA7,
    0xCE, 0xAD, 0x98, 0xD7, 0xC4, 0x74, 0xE8, 0xF3, 0x27, 0x61, 0x24, 0xAA, 0x74, 0x39, 0x0F, 0x50,
    0x12, 0x32, 0x9E, 0x04, 0x04, 0xDE, 0xDD, 0x89, 0x11, 0x2F, 0x9C, 0x1B, 0xF0, 0x67, 0xCE, 0xDF,
    0xE3, 0x1A, 0xC3, 0x34, 0xE4, 0x0E, 0xFF, 0xBD, 0xC5, 0x1B, 0x37, 0x08, 0x6E, 0xE2, 0x3E, 0x09,
    0x7A, 0x83, 0x52, 0x73, 0xCC, 0x83, 0x59, 0xA1, 0xBF, 0xBA, 0x12, 0x31, 0x55, 0x63, 0x20, 0x31,
    0x36, 0xDC, 0x24, 0xC3, 0x0A, 0xD5, 0x53, 0xD7, 0x47, 0x1A, 0xF0, 0xC2, 0x87, 0xAD, 0x87, 0x9A,
    0xC2, 0xD2, 0xEB, 0xA7, 0x4C, 0x34, 0xAD, 0xEB, 0x85, 0x58, 0xB7, 0xE0, 0x85, 0x56, 0xE9, 0x93,
    0xA2, 0xFA, 0xEF, 0x1B, 0x39, 0x9E, 0x19, 0x30, 0x7E, 0x44, 0xAD, 0xBB, 0x6E, 0xDA, 0x2D, 0x2D,
    0x86, 0xAF, 0x39, 0x31, 0xA2, 0x3A, 0xC5, 0xD6, 0xF5, 0x8E, 0xB4, 0xEE, 0xCC, 0x68, 0x26, 0x38,
    0xE9, 0x17, 0xDD, 0x64, 0x21, 0xB7, 0x12, 0x1F, 0x8B, 0xA4, 0x27, 0xD6, 0xB7, 0x70, 0x5B, 0xAB,
    0x70, 0x71, 0xC8, 0xF0, 0xAC, 0xDB, 0xB0, 0xDE, 0x7F, 0xA0, 0xCF, 0xA4, 0x42, 0x0B, 0x22, 0x27,
    0x77, 0xB3, 0xA0, 0xE4, 0x6C, 0xC2, 0x96, 0xF7, 0xD6, 0x81, 0x91, 0x23, 0x20, 0x72, 0xCA, 0x2B,
    0x32, 0x8A, 0x47, 0xC2, 0x65, 0x8E, 0x68, 0xF4, 0x53, 0x3C, 0xF9, 0xB8, 0x96, 0xD6, 0x58, 0xD3,
    0x24, 0xD6, 0x4C, 0x88, 0x55, 0xD1, 0xD5, 0xB4, 0x59, 0xFA, 0xF9, 0xAF, 0xB4, 0x4E, 0xFC, 0x64,
    0x21, 0xB1, 0x1E, 0xFB, 0xD3, 0x5A, 0xEB, 0x57, 0x13, 0x1C, 0x5B, 0xE4, 0xE7, 0x75, 0x79, 0x47,
    0x63, 0x68, 0xB6, 0x76, 0x13, 0xF3, 0xB6, 0xC9, 0x0B, 0x71, 0x9B, 0x95, 0x9A, 0xA9, 0x95, 0xD8,
    0xD1, 0x10, 0x14, 0x1C, 0x86, 0x76, 0x3C, 0x70, 0x78, 0x14, 0x1C, 0x4E, 0x63, 0xE4, 0x23, 0x68,
    0x07, 0x9E, 0x8E, 0xC3, 0x10, 0x6C, 0x64, 0x0B, 0x49, 0x66, 0x7D, 0x93, 0x5A, 0xDF, 0x24, 0xD6,
    0xB7, 0xB1, 0x95, 0x84, 0xB0, 0xF1, 0xC7, 0x9F, 0x08, 0x76, 0x60, 0x6C, 0x6B, 0x2D, 0xED, 0xE3,
    0xA2, 0x8D, 0xEA, 0xB6, 0x6F, 0x1B, 0x3C, 0x88, 0x9F, 0x30, 0x5A, 0x3E, 0x6A, 0xAC, 0xE3, 0x56,
    0x72, 0xCD, 0x4A, 0xAE, 0x5A, 0xC9, 0xCB, 0x8F, 0xE4, 0x01, 0x86, 0x2F, 0xAC, 0x90, 0xEA, 0x12,
    0x60, 0x6F, 0xBC, 0x21, 0x23, 0xBB, 0x0A, 0xC7, 0xD4, 0xAF, 0xEF, 0xF9, 0x58, 0x5D, 0x47, 0x36,
    0xEE, 0xEF, 0x47, 0x73, 0xD1, 0x8E, 0x22, 0xC6, 0x0F, 0x5C, 0x62, 0xB5, 0x03, 0xCC, 0x7C, 0x5A,
    0xB9, 0xB6, 0xA4, 0x8D, 0x33, 0x92, 0x07, 0x31, 0x5C, 0x8D, 0x51, 0x10, 0x36, 0xF8, 0xB9, 0x1C,
    0xDB, 0xFC, 0xC0, 0x9E, 0x2A, 0xF4, 0x59, 0x06, 0x36, 0x39, 0x29, 0x3A, 0xBF, 0xA4, 0x3F, 0x24,
    0xF4, 0x15, 0x73, 0x98, 0x6D, 0x82, 0x41, 0xF8, 0xF3, 0x44, 0x80, 0xAB, 0x32, 0x16, 0x45, 0xE0,
    0x07, 0x42, 0x67, 0x40, 0xB2, 0x40, 0xF2, 0x5E, 0x0C, 0xF2, 0x4E, 0x0A, 0x72, 0x22, 0x03, 0x09,
    0x4B, 0x92, 0x25, 0x12, 0xFF, 0x5D, 0x10, 0xF7, 0x6B, 0x10, 0xEB, 0x1E, 0x88, 0x01, 0x70, 0x17,
    0x8A, 0x0A, 0xFD, 0xBB, 0x12, 0x84, 0x60, 0x58, 0x0F, 0xF7, 0x82, 0x8C, 0x56, 0x44, 0xB3, 0xCA,
    0xB4, 0x80, 0x1A, 0x78, 0x1B, 0x9B, 0xFD, 0xEF, 0x0D, 0x30, 0xDA, 0x5D, 0x65, 0xC5, 0xA3, 0xB0,
    0x09, 0x5A, 0x34, 0x72, 0x31, 0x9E, 0x44, 0x9C, 0xC2, 0x5A, 0x97, 0x00, 0x2A, 0xDA, 0x7D, 0x39,
    0x3E, 0x1C, 0x96, 0x73, 0xEB, 0x74, 0x70, 0x65, 0xE8, 0xD1, 0x86, 0x48, 0xF9, 0xD9, 0x45, 0x68,
    0x32, 0x11, 0x22, 0x61, 0x33, 0x1B, 0xA9, 0x29, 0xAB, 0x8B, 0xA3, 0x8D, 0x23, 0xFB, 0x80, 0x79,
    0x64, 0x87, 0xF1, 0xC6, 0x5F, 0xA2, 0x43, 0x2E, 0x86, 0x0F, 0x3F, 0xB7, 0xB9, 0x3C, 0xE3, 0x10,
    0x1F, 0x73, 0x42, 0x7D, 0x2A, 0x42, 0x27, 0xE4, 0x66, 0x3A, 0xD1, 0xB9, 0x9C, 0x1A, 0x15, 0x46,
    0xEA, 0xD0, 0x3A, 0xA2, 0xF5, 0x15, 0x7D, 0xF7, 0x4D, 0xA3, 0xD7, 0xCD, 0xE5, 0xB8, 0x33, 0xA0,
    0x89, 0x4B, 0x37, 0x5A, 0xD2, 0xC9, 0x49, 0x20, 0x4D, 0xCD, 0x6D, 0x5B, 0xB4, 0x1F, 0x75, 0xCF,
    0x23, 0x00, 0xC4, 0x2A, 0x7B, 0x92, 0xE6, 0x22, 0x6A, 0x2E, 0x19, 0x69, 0xAE, 0x20, 0x59, 0xD4,
    0x9A, 0x23, 0x71, 0x3F, 0xA7, 0xE6, 0x6E, 0x6F, 0xA5, 0x39, 0x32, 0xFC, 0x0A, 0x5D, 0xEB, 0x2C,
    0x99, 0x0C, 0xB8, 0x86, 0x9C, 0x74, 0xA4, 0x29, 0x2A, 0x8A, 0x7A, 0xA2, 0x9A, 0xA8, 0x87, 0xAD,
    0x9A, 0x53, 0x18, 0x59, 0x30, 0x18, 0xAB, 0xE6, 0xEB, 0x22, 0xB2, 0x17, 0xD7, 0x46, 0xBD, 0x42,
    0x90, 0x21, 0xCD, 0xB6, 0xCF, 0x08, 0xF5, 0x36, 0xDB, 0x01, 0x5F, 0x52, 0x56, 0xE4, 0x0A, 0xD6,
    0x5A, 0xAB, 0x04, 0x8E, 0xC3, 0x0B, 0xD0, 0x6D, 0x10, 0x06, 0x7C, 0x1D, 0x19, 0xA3, 0x1B, 0xF7,
    0x1A, 0xE2, 0xC4, 0xE5, 0x88, 0x5C, 0xE5, 0xB5, 0x25, 0xAA, 0x3E, 0xE0, 0x5C, 0x20, 0x73, 0x0C,
    0xC4, 0x4D, 0x8D, 0x12, 0x59, 0xD2, 0xA5, 0x4C, 0x74, 0x45, 0x57, 0xA6, 0x80, 0x6E, 0x59, 0xF0,
    0x63, 0x95, 0x66, 0xFC, 0x30, 0x30, 0x98, 0xFB, 0x60, 0xA0, 0xCB, 0x84, 0x1D, 0xBC, 0x0C, 0x6F,
    0x16, 0x15, 0xE8, 0xAE, 0x69, 0x11, 0xB8, 0x88, 0xAE, 0x42, 0x2F, 0x01, 0x31, 0xE9, 0x77, 0xE8,
    0x92, 0xB5, 0xB9, 0xF9, 0x26, 0xF0, 0x10, 0x3C, 0x43, 0x86, 0xD3, 0x90, 0xC1, 0xDB, 0xBC, 0x01,
    0xB4, 0xBB, 0x82, 0x68, 0x78, 0x28, 0xAF, 0x8B, 0x9D, 0x5C, 0x86, 0x50, 0x60, 0xE8, 0x93, 0xF0,
    0xD9, 0x05, 0xAA, 0x8F, 0xE5, 0xD7, 0x88, 0x4B, 0xC8, 0xC3, 0x37, 0x60, 0x29, 0x20, 0xF4, 0x3E,
    0xB6, 0xEF, 0xF9, 0x49, 0x25, 0xD3, 0x18, 0xBF, 0x8D, 0xD4, 0xBD, 0xE8, 0x60, 0xF1, 0x20, 0x0B,
    0x89, 0x93, 0x09, 0x48, 0xC6, 0x6A, 0x1B, 0x2B, 0xE4, 0x2A, 0x35, 0xAB, 0x5F, 0xAF, 0x5F, 0x4C,
    0x1D, 0xC0, 0x7B, 0x49, 0xBD, 0x10, 0x34, 0x09, 0xF4, 0xE2, 0x5C, 0xD4, 0xB4, 0x37, 0xA4, 0xEB,
    0x4A, 0x58, 0x1F, 0xD6, 0x74, 0x74, 0xBD, 0x7E, 0x46, 0x3F, 0xFF, 0x96, 0x0F, 0x24, 0x21, 0x97,
    0xDD, 0x1C, 0x34, 0x33, 0xD5, 0x45, 0xA5, 0xB2, 0xBA, 0xFF, 0x8D, 0xFA, 0x25, 0x6B, 0x70, 0x49,
    0x00, 0xBE, 0xEE, 0xDD, 0xAF, 0x2A, 0x70, 0xD4, 0x4F, 0x3C, 0x70, 0x1D, 0xC4, 0x6E, 0xD4, 0x83,
    0xD9, 0x6A, 0xCE, 0x91, 0xF9, 0x6B, 0x1A, 0x16, 0xDA, 0x5F, 0xD4, 0x36, 0xD8, 0x23, 0xE4, 0x65,
    0xCD, 0x1A, 0xAA, 0xF1, 0xBF, 0x7B, 0xA0, 0x2B, 0x11, 0x09, 0xC1, 0xCB, 0xC9, 0x1A, 0x8C, 0xCE,
    0x0D, 0xDD, 0x28, 0x37, 0x3E, 0xB8, 0xE1, 0x50, 0x5F, 0x6A, 0x36, 0x15, 0xE6, 0x58, 0xE7, 0x20,
    0x92, 0xB8, 0xDE, 0x27, 0x38, 0x76, 0x35, 0xDE, 0xDD, 0x4C, 0x5C, 0xDE, 0xB8, 0x46, 0x98, 0x9C,
    0x93, 0x10, 0x4A, 0xDC, 0x24, 0x4C, 0x06, 0x7A, 0x6D, 0x6E, 0xC4, 0x81, 0x7E, 0x17, 0x68, 0xFE,
    0x7F, 0x76, 0x41, 0x60, 0xA2, 0x46, 0x9B, 0x84, 0xF4, 0xEF, 0x2E, 0x37, 0x27, 0x58, 0x62, 0xF9,
    0x74, 0xE4, 0x45, 0xCB, 0xEE, 0xD7, 0xA5, 0x5D, 0x7D, 0x64, 0xE5, 0x8F, 0x4E, 0x36, 0x5B, 0xEB,
    0x61, 0x57, 0x45, 0xBB, 0xCD, 0x1D, 0x6D, 0x51, 0x63, 0xEA, 0x5A, 0x3F, 0xDA, 0xD3, 0x6F, 0x84,
    0xA3, 0x6D, 0xB3, 0xA9, 0xEB, 0x7B, 0xEC, 0x87, 0x09, 0x6E, 0xCA, 0xC4, 0x09, 0x4E, 0x7E, 0x9F,
    0x1C, 0xC7, 0x02, 0xFE, 0x8C, 0xE5, 0xB8, 0xFF, 0x72, 0x45, 0x6A, 0xB7, 0x35, 0xF3, 0xFC, 0xF4,
    0xFE, 0x9A, 0x91, 0xBA, 0xEF, 0xC4, 0xF6, 0x1D, 0x69, 0x32, 0xB3, 0x9D, 0x09, 0x14, 0xF1, 0x1F,
    0x20, 0xC3, 0x2A, 0x94, 0xBA, 0x48, 0xFA, 0x71, 0x68, 0xAB, 0xD2, 0xFB, 0x67, 0x6F, 0x56, 0xDA,
    0x33, 0x3C, 0x8F, 0x61, 0x64, 0x5F, 0x57, 0x5F, 0x0C, 0x84, 0x16, 0x0F, 0x76, 0x57, 0xFE, 0x52,
    0x16, 0x33, 0x99, 0xC9, 0x65, 0xB1, 0x94, 0xB2, 0x7F, 0x31, 0xF3, 0x55, 0xDC, 0x14, 0x3F, 0x5D,
    0x0D, 0xD0, 0x66, 0x75, 0x2D, 0x79, 0x18, 0x4C, 0x6D, 0x15, 0x79, 0xA7, 0x92, 0x36, 0xEB, 0xBA,
    0x14, 0xC2, 0xA7, 0x9F, 0x0D, 0xA5, 0x1F, 0x1F, 0x70, 0xD2, 0x4F, 0xCD, 0xF4, 0xAC, 0x99, 0x2E,
    0x9D, 0x8A, 0x03, 0xA5, 0xFD, 0xE3, 0x2B, 0x5C, 0xB4, 0xC6, 0x83, 0xC4, 0xBE, 0x9E, 0x39, 0xF5,
    0x0A, 0x7A, 0x6A, 0x66, 0x70, 0x67, 0x20, 0xF6, 0xAA, 0xB8, 0xEF, 0x46, 0x6F, 0x5A, 0xF1, 0x8E,
    0x39, 0x79, 0xEA, 0x71, 0x3F, 0xD6, 0x81, 0x0C, 0xF3, 0xA9, 0x37, 0xC6, 0x6A, 0xF3, 0xDB, 0xFE,
    0xB8, 0xC6, 0xB2, 0xCE, 0xBE, 0xDB, 0x44, 0x67, 0x88, 0x8F, 0x30, 0xEA, 0xBD, 0x72, 0xC6, 0x3D,
    0x91, 0xD9, 0xB7, 0x63, 0x43, 0x0D, 0x2B, 0xF8, 0xCF, 0x30, 0x41, 0x6D, 0x2B, 0x3E, 0xEA, 0x86,
    0xEE, 0x27, 0xCC, 0x03, 0x47, 0x75, 0xE3, 0xED, 0xB3, 0x77, 0x10, 0xCE, 0x92, 0x1B, 0x7A, 0x4A,
    0x66, 0x2F, 0xAE, 0x5F, 0x42, 0x6F, 0xA9, 0x5B, 0x93, 0xD7, 0xAD, 0xF4, 0xC5, 0x66, 0x3B, 0x78,
    0x47, 0xA4, 0xB5, 0xAE, 0x8B, 0xAF, 0xC3, 0x08, 0x65, 0x72, 0x05, 0xDA, 0x3A, 0xCB, 0x2E, 0x86,
    0xF9, 0xB6, 0x9D, 0x6C, 0x58, 0x29, 0x26, 0xD2, 0xD6, 0x27, 0x04, 0x42, 0x4A, 0xA3, 0x4D, 0xE7,
    0x11, 0x27, 0x9F, 0x59, 0x87, 0xEB, 0x4D, 0x68, 0x1F, 0x1F, 0xD5, 0x13, 0xA2, 0xB3, 0xC2, 0x7A,
    0x42, 0x96, 0x59, 0x15, 0x2D, 0xE8, 0x4F, 0x67, 0x17, 0x87, 0x55, 0xD1, 0xE1, 0x2E, 0xF1, 0x6E,
    0x8A, 0x68, 0x85, 0x5A, 0x80, 0x48, 0xEC, 0xD0, 0xBA, 0x25, 0xF6, 0xF5, 0x9D, 0x09, 0xB2, 0x6D,
    0xC6, 0x0E, 0xDD, 0xD7, 0x81, 0x38, 0xDC, 0x89, 0xEE, 0x1F, 0xA3, 0xD8, 0xBA, 0x04, 0xFD, 0x08,
    0xC5, 0x1A, 0x21, 0x5E, 0x75, 0x32, 0x74, 0xE5, 0xF6, 0xB1, 0x94, 0xF6, 0x7B, 0xC9, 0x18, 0x74,
    0x3A, 0x78, 0x12, 0x67, 0x17, 0x5E, 0xAA, 0x68, 0xA5, 0x88, 0xFF, 0x50, 0xAF, 0x13, 0xED, 0x8C,
    0x20, 0x9E, 0x87, 0x70, 0xB4, 0x9E, 0x00, 0x0C, 0x00, 0x20, 0xA8, 0xD5, 0x92, 0x1B, 0x53, 0x64,
    0xFC, 0xE4, 0x70, 0x90, 0x6B, 0xDC, 0xAD, 0x56, 0x7F, 0x05, 0xF9, 0x96, 0xE8, 0x39, 0xFC, 0x70,
    0x1C, 0xBC, 0xF9, 0xF1, 0x1B, 0x29, 0x16, 0x71, 0xC0, 0x62, 0x90, 0xB5, 0x2D, 0x62, 0x27, 0x40,
    0x2D, 0x56, 0xA5, 0xD6, 0xD0, 0xE9, 0xBF, 0x55, 0xB3, 0xCB, 0x6A, 0xCC, 0xEB, 0x9A, 0x7F, 0x26,
    0x3A, 0x01, 0x7E, 0x7E, 0x02, 0x72, 0x97, 0xDB, 0xD0, 0x49, 0xC1, 0xE6, 0x63, 0x42, 0x62, 0x49,
    0xFD, 0x11, 0x03, 0x7C, 0xAC, 0xFB, 0x5D, 0xAA, 0x5D, 0xC0, 0x98, 0x62, 0x9F, 0xCB, 0xE4, 0x25,
    0x7B, 0x68, 0xE5, 0x6F, 0x72, 0xAD, 0x32, 0x95, 0x68, 0x9D, 0xDF, 0x0D, 0x29, 0x8F, 0x68, 0x68,
    0x48, 0x53, 0x38, 0x17, 0x0F, 0xC9, 0xCD, 0xA8, 0xFE, 0x6A, 0x40, 0x47, 0xCF, 0xDD, 0x16, 0x75,
    0x0F, 0xCD, 0xCB, 0xA7, 0xA7, 0x3D, 0xCE, 0x0F, 0x93, 0xCE, 0xB0, 0x2C, 0x75, 0xF6, 0x38, 0x33,
    0x1C, 0x5E, 0xDB, 0x17, 0xED, 0xC2, 0xAC, 0xCA, 0x34, 0x3F, 0x1A, 0xEA, 0x01, 0x66, 0x58, 0x79,
    0x17, 0xF3, 0x4B, 0x0C, 0xF1, 0x92, 0x11, 0x3D, 0xC7, 0xA9, 0xB5, 0xDF, 0xA6, 0xCD, 0x7C, 0xCE,
    0x1D, 0x6D, 0xBD, 0x0B, 0xC5, 0x5D, 0xB7, 0x33, 0xC7, 0x27, 0x3F, 0xBF, 0xBB, 0x29, 0xCC, 0x82,
    0x34, 0x45, 0xC4, 0x3A, 0xE8, 0x76, 0xB9, 0x3C, 0xFD, 0x74, 0x62, 0x22, 0xFC, 0x4B, 0x8B, 0xA0,
    0x8B, 0x0E, 0xC9, 0x10, 0x8A, 0x5A, 0xF7, 0xF5, 0x6A, 0x1D, 0x8D, 0x70, 0xA4, 0xFE, 0x55, 0x35,
    0x09, 0x83, 0x06, 0x31, 0xCE, 0xB9, 0xB4, 0xB6, 0xDC, 0xE5, 0x0D, 0x4F, 0x34, 0xAF, 0x55, 0xD1,
    0x55, 0x78, 0xA1, 0x5F, 0xB6, 0x72, 0x7E, 0xFA, 0x93, 0x40, 0xA8, 0xA5, 0x7A, 0x5B, 0x41, 0x21,
    0xF3, 0x31, 0x72, 0xFE, 0x82, 0xB9, 0x19, 0xAB, 0x11, 0xC2, 0x60, 0x69, 0xDE, 0x8E, 0x31, 0x27,
    0x1D, 0xEB, 0x56, 0x0C, 0x98, 0x3A, 0x63, 0x9F, 0xE3, 0x96, 0xFB, 0xAC, 0x73, 0x22, 0x5B, 0xE1,
    0xB7, 0x40, 0x4C, 0xAD, 0xC4, 0xDD, 0x2F, 0x39, 0x7D, 0xDE, 0xEF, 0xE4, 0x0A, 0x06, 0x74, 0x7A,
    0xB2, 0x94, 0xE8, 0xE2, 0x31, 0x6B, 0xDD, 0x40, 0x94, 0xDC, 0x17, 0x46, 0xDF, 0x63, 0x1F, 0x7B,
    0x34, 0xF5, 0x8C, 0x40, 0x73, 0xD9, 0xD7, 0xD0, 0x22, 0xAB, 0x03, 0xEB, 0xF1, 0xCD, 0x0E, 0xAC,
    0x5B, 0xD8, 0xD2, 0x4F, 0x83, 0xBB, 0x4E, 0xB8, 0x90, 0xB8, 0x91, 0x1B, 0xF3, 0xE3, 0x25, 0x8F,
    0x9F, 0x63, 0x25, 0x7E, 0x72, 0x14, 0x91, 0x69, 0x36, 0x6B, 0xA3, 0xEB, 0xDF, 0x83, 0x4A, 0x76,
    0x39, 0x3F, 0x03, 0xA6, 0xB3, 0x1E, 0xBA, 0x5B, 0x4C, 0xDA, 0x4C, 0xB0, 0xA8, 0x6F, 0x8C, 0xCE,
    0x7A, 0x81, 0x17, 0xBA, 0xA3, 0xDD, 0x4D, 0x5D, 0x6D, 0xD2, 0x15, 0x41, 0x97, 0x5B, 0x0C, 0xB3,
    0x5C, 0x76, 0x67, 0xAC, 0xE1, 0xA6, 0xD9, 0x49, 0x38, 0xF1, 0x7E, 0x45, 0x98, 0x93, 0xCA, 0x55,
    0xA2, 0x77, 0x40, 0xA4, 0x9C, 0xF0, 0xA7, 0x64, 0xD8, 0x5F, 0x74, 0x98, 0xA7, 0xEB, 0xED, 0xDD,
    0x4F, 0xA8, 0x61, 0x7A, 0x23, 0x2B, 0x1F, 0x65, 0x0A, 0x8F, 0x20, 0xAD, 0x4A, 0x6F, 0x34, 0xE2,
    0x35, 0xBE, 0x0A, 0xEC, 0x2C, 0xB3, 0xB8, 0x9C, 0xAF, 0x88, 0x91, 0x4E, 0x8F, 0xC9, 0xE9, 0x17,
    0xC1, 0xDD, 0x56, 0xEE, 0x62, 0xA9, 0x39, 0xDC, 0x80, 0x4A, 0xF8, 0x29, 0x93, 0x0B, 0xD8, 0x05,
    0xD5, 0x17, 0x44, 0x78, 0x70, 0x08, 0x33, 0x59, 0xBD, 0xAA, 0xDC, 0xA6, 0xB8, 0xAB, 0xBF, 0xC6,
    0xAA, 0xBF, 0x3E, 0x3B, 0x55, 0xD4, 0x7A, 0x5C, 0xA2, 0x14, 0x67, 0x99, 0x66, 0x97, 0xDC, 0x0B,
    0x2A, 0xC7, 0x75, 0xBE, 0x9B, 0xA2, 0xE9, 0xDC, 0x02, 0x80, 0xC9, 0x2E, 0x6B, 0x11, 0x9B, 0xDC,
    0x75, 0x0A, 0xE9, 0xB2, 0xC7, 0xED, 0xEF, 0x0B, 0x97, 0x30, 0x5D, 0x6E, 0x34, 0x8D, 0xA4, 0x77,
    0x2F, 0xF9, 0x35, 0x8A, 0x3A, 0xC1, 0x72, 0x92, 0x7A, 0xD3, 0x2A, 0xA8, 0x5F, 0xE7, 0xC6, 0x89,
    0x4E, 0x87, 0x63, 0xC9, 0xFC, 0xD0, 0xC8, 0x80, 0x60, 0xD2, 0x40, 0x6D, 0x84, 0x52, 0x23, 0xE1,
    0x6D, 0x97, 0x9F, 0xAE, 0xC9, 0x50, 0x79, 0x9E, 0x2A, 0x7D, 0x35, 0x98, 0x96, 0x62, 0xDA, 0xE2,
    0xDE, 0xD8, 0x28, 0xA5, 0xB0, 0xB2, 0x29, 0xA4, 0x40, 0x5E, 0x78, 0x38, 0xB8, 0x50, 0x05, 0x4A,
    0x17, 0x31, 0x09, 0x0C, 0xB9, 0x05, 0xE6, 0xC5, 0xC3, 0xEA, 0xDA, 0xE4, 0xB9, 0x3C, 0xAA, 0x1F,
    0x0B, 0x36, 0x6A, 0x87, 0xDB, 0xE7, 0xCF, 0x8C, 0xF6, 0xD7, 0x9F, 0xF9, 0xF1, 0x2B, 0x3F, 0x2E,
    0xDD, 0xE6, 0x1B, 0xBF, 0x09, 0x6B, 0xD1, 0x91, 0xAF, 0xEC, 0x1B, 0xA9, 0xF9, 0x63, 0xCC, 0xAC,
    0x70, 0xE6, 0x29, 0xB4, 0x38, 0x27, 0x7E, 0x25, 0x57, 0xBB, 0x92, 0xBD, 0x58, 0x6F, 0xB5, 0x6F,
    0xE7, 0x74, 0xD6, 0x59, 0xA1, 0xFB, 0x3F, 0xCD, 0x5A, 0x3F, 0x6C, 0xDC, 0xE6, 0x15, 0x7F, 0x24,
    0x2D, 0xD1, 0x09, 0xE3, 0x50, 0x83, 0x5D, 0x18, 0x91, 0x63, 0x66, 0xC8, 0x90, 0xA2, 0x8E, 0x98,
    0xC1, 0x83, 0x0B, 0x48, 0x47, 0x26, 0x06, 0x92, 0x21, 0x83, 0x35, 0xF8, 0xB2, 0x64, 0x68, 0x87,
    0x0C, 0x69, 0x87, 0xDA, 0x83, 0x07, 0x0F, 0x27, 0x1D, 0x11, 0x0F, 0x5D, 0x5D, 0xA0, 0x53, 0x97,
    0xBA, 0x40, 0x86, 0x46, 0x06, 0xAA, 0x0C, 0x19, 0x5C, 0xF4, 0x9C, 0x63, 0x6C, 0x14, 0x19, 0x32,
    0x94, 0x4B, 0x67, 0x13, 0xA9, 0x11, 0x14, 0xF1, 0x10, 0x06, 0xB8, 0x36, 0xB4, 0x4C, 0xDD, 0xD7,
    0xDF, 0xEF, 0x7D, 0xC7, 0xB3, 0xE4, 0xCA, 0x8E, 0x1D, 0x5B, 0x72, 0x68, 0xF2, 0x3D, 0xF1, 0x8E,
    0xF7, 0x7D, 0xEF, 0x7D, 0xDF, 0x7B, 0xBF, 0xF7, 0x87, 0x16, 0xC1, 0xF1, 0xB2, 0x53, 0x90, 0xC9,
    0x52, 0x90, 0x2B, 0x8F, 0xCE, 0x28, 0x13, 0xBF, 0xB1, 0xDC, 0xA9, 0xA4, 0x3D, 0x66, 0xD6, 0x2E,
    0x8A, 0x74, 0xBB, 0xA7, 0x8D, 0x31, 0xA9, 0x6B, 0x4C, 0x13, 0xFD, 0xFD, 0x4C, 0xE5, 0x6E, 0xAC,
    0x35, 0x41, 0xEE, 0x36, 0x5E, 0xE1, 0x8C, 0x30, 0xC2, 0xA7, 0x5E, 0xEE, 0x55, 0xE0, 0x89, 0x93,
    0x86, 0x39, 0x78, 0x9C, 0xE2, 0x04, 0x8F, 0x52, 0xE9, 0x08, 0x79, 0x26, 0x0D, 0x79, 0x98, 0xBA,
    0x23, 0xBD, 0x4F, 0xFD, 0x52, 0xB9, 0x84, 0x39, 0x79, 0x22, 0xB1, 0x90, 0x2F, 0xC9, 0x8A, 0x3C,
    0x0F, 0xDE, 0xE0, 0xDF, 0xD1, 0x20, 0xF7, 0x2B, 0xAF, 0x92, 0x85, 0xD8, 0x98, 0xCC, 0x37, 0x66,
    0xD3, 0x98, 0x5A, 0x3C, 0xCC, 0x2F, 0x3B, 0x1D, 0x55, 0x68, 0xF9, 0x95, 0x25, 0x2B, 0x6F, 0xE7,
    0x8A, 0x50, 0x5E, 0x09, 0x2B, 0xA1, 0xBC, 0xE2, 0x71, 0x1E, 0x57, 0x7F, 0x4B, 0x79, 0x27, 0x3C,
    0x81, 0x3E, 0x19, 0xE5, 0x3D, 0x69, 0x0C, 0xE5, 0x8E, 0x4E, 0xE6, 0x91, 0xCA, 0x7D, 0x21, 0x53,
    0xB9, 0xC3, 0xD7, 0xAD, 0xDC, 0x51, 0xEA, 0x56, 0x56, 0x5E, 0xBF, 0xB0, 0xF2, 0x42, 0x33, 0x95,
    0xB7, 0x23, 0xE9, 0x44, 0xDE, 0x92, 0xF2, 0xBA, 0x95, 0x5B, 0xA8, 0xBC, 0x1B, 0xC3, 0x7C, 0x22,
    0x6F, 0xBE, 0x83, 0xB4, 0x27, 0x20, 0x8E, 0x6B, 0xA4, 0x03, 0xA1, 0xC1, 0xC2, 0x15, 0x7C, 0x14,
    0x8B, 0x5F, 0x2B, 0xD3, 0x95, 0x8F, 0xED, 0x73, 0xCA, 0x1C, 0x63, 0x64, 0x68, 0xCA, 0xF0, 0x8E,
    0x81, 0x4A, 0x55, 0x8C, 0xC9, 0x2B, 0xBF, 0x58, 0xC2, 0x77, 0x45, 0x94, 0x0E, 0xC0, 0xD2, 0x8E,
    0xD4, 0x7C, 0xB2, 0x51, 0x06, 0x41, 0xC9, 0x20, 0x67, 0x03, 0x16, 0x66, 0x73, 0x7C, 0xA4, 0x23,
    0xE7, 0xFA, 0xD2, 0xC7, 0x27, 0x9F, 0xC4, 0xB7, 0xCC, 0x9F, 0xC6, 0xEB, 0x55, 0x60, 0x4E, 0xFD,
    0x07, 0x83, 0xC9, 0xF2, 0x3E, 0xCE, 0xD0, 0x3D, 0x2D, 0x4E, 0x77, 0xD9, 0x6C, 0x42, 0xDC, 0x51,
    0x04, 0xBB, 0xE8, 0x53, 0x27, 0xFC, 0xEC, 0x07, 0xD3, 0x52, 0x69, 0x45, 0xEA, 0xE2, 0x6F, 0xAC,
    0x48, 0x11, 0x73, 0x3F, 0x72, 0xAB, 0x57, 0x47, 0xE9, 0x8A, 0x52, 0xBB, 0x25, 0x6A, 0x6D, 0x71,
    0x76, 0xEF, 0x3A, 0x0D, 0x20, 0x99, 0x6C, 0x42, 0x30, 0x69, 0x28, 0x97, 0x4E, 0x30, 0x25, 0x2E,
    0x2C, 0x50, 0x02, 0x12, 0xE9, 0x3D, 0x88, 0x94, 0x24, 0x55, 0x8F, 0xA2, 0xF4, 0x28, 0x49, 0x8F,
    0x82, 0xF4, 0x38, 0xBC, 0x92, 0x01, 0x09, 0x97, 0xDE, 0xD7, 0x85, 0xE7, 0xE0, 0x0B, 0x22, 0x29,
    0xFE, 0x2C, 0x82, 0xE2, 0x4C, 0x11, 0x96, 0x1E, 0xB8, 0x87, 0xD9, 0xEF, 0x5E, 0x71, 0xEE, 0x15,
    0x43, 0x5C, 0xFE, 0xF7, 0x5E, 0xF3, 0xB7, 0xFD, 0x7C, 0x38, 0xF6, 0x31, 0x28, 0x2F, 0x4A, 0x14,
    0x42, 0xC9, 0x04, 0xDB, 0x0E, 0x9D, 0xDC, 0x52, 0xBA, 0x29, 0x16, 0xFF, 0x50, 0xD7, 0x14, 0x62,
    0xEA, 0xE1, 0x38, 0x82, 0xB1, 0x66, 0xF3, 0x65, 0x50, 0x4B, 0x90, 0xFA, 0x45, 0xB0, 0x69, 0xD9,
    0x19, 0xCB, 0x4E, 0xE5, 0xCA, 0xDE, 0x2A, 0x95, 0xBD, 0x51, 0x29, 0x4B, 0x1B, 0xCB, 0x56, 0x2D,
    0x8B, 0xDF, 0x56, 0x16, 0x7E, 0xA1, 0xCC, 0xBB, 0xA5, 0xCC, 0x31, 0xCA, 0x84, 0x2C, 0xBE, 0x29,
    0x09, 0x18, 0x9C, 0x08, 0x2E, 0x48, 0x55, 0xF7, 0xC9, 0x04, 0x00, 0x42, 0xBB, 0xF8, 0x89, 0xF5,
    0xFE, 0x4D, 0x0B, 0x06, 0xD5, 0x4E, 0xAE, 0x16, 0x65, 0x2A, 0x75, 0x9C, 0xAB, 0xD4, 0x51, 0xA6,
    0x52, 0x43, 0x39, 0x4A, 0x0D, 0xB6, 0x69, 0x19, 0xA5, 0x3E, 0x93, 0x52, 0xEA, 0xD7, 0x4D, 0xAA,
    0x52, 0x87, 0xA9, 0x4A, 0x0D, 0x46, 0xA9, 0xC9, 0x56, 0x2D, 0x83, 0xD4, 0x64, 0x90, 0x9A, 0x0C,
    0x52, 0x93, 0x41, 0x6A, 0x32, 0x21, 0x53, 0xA9, 0xC3, 0x54, 0xA5, 0x0E, 0x53, 0x95, 0x5A, 0x19,
    0x64, 0xD9, 0xE2, 0x27, 0x22, 0x57, 0x95, 0x06, 0xB5, 0x15, 0x7E, 0xAB, 0x35, 0x79, 0xD5, 0x5D,
    0x7D, 0xBC, 0x1D, 0xB4, 0x9A, 0xBF, 0x66, 0xB2, 0xF9, 0xAA, 0xFF, 0x8D, 0x29, 0x92, 0xCA, 0xAF,
    0xE9, 0xC7, 0x5E, 0xE9, 0x2A, 0x75, 0x1E, 0x92, 0x06, 0xB5, 0xB7, 0xE1, 0x56, 0xC9, 0x66, 0x68,
    0x5C, 0x1D, 0xDF, 0x52, 0xAF, 0xD4, 0x79, 0x15, 0x6B, 0xA3, 0x5C, 0x9D, 0x59, 0xE7, 0x1B, 0x89,
    0xFC, 0xD2, 0x55, 0xFB, 0x84, 0x94, 0x31, 0xB1, 0x37, 0x68, 0xB6, 0xA3, 0xEE, 0xC1, 0xD6, 0x39,
    0x74, 0x2F, 0xDC, 0x31, 0x07, 0xBB, 0xC1, 0xE7, 0x4E, 0x41, 0xF3, 0x10, 0xB0, 0x29, 0x47, 0xB9,
    0x81, 0x4B, 0x9C, 0xA1, 0xC7, 0xC9, 0xFE, 0xFA, 0x0E, 0x06, 0x25, 0xE6, 0x10, 0x9B, 0x69, 0xA8,
    0x2B, 0xB4, 0xB9, 0x84, 0x1B, 0x0B, 0x0F, 0x2C, 0x65, 0x58, 0x9A, 0x11, 0xFC, 0x9B, 0xC3, 0x1E,
    0x73, 0x0B, 0x89, 0x30, 0x73, 0x80, 0x01, 0xBD, 0xC6, 0x8A, 0xD3, 0x1E, 0xB3, 0x06, 0xCF, 0x5F,
    0x2E, 0x31, 0x70, 0x25, 0x8B, 0x94, 0x87, 0x17, 0xC6, 0x9F, 0x05, 0x5A, 0xC4, 0x5F, 0x57, 0x32,
    0x70, 0x26, 0x17, 0xBE, 0xEF, 0xAF, 0x9B, 0x2C, 0xAE, 0x87, 0xE2, 0xA4, 0x54, 0x27, 0x1B, 0x84,
    0x59, 0xB2, 0x2A, 0x61, 0x4D, 0xC3, 0xC6, 0x71, 0xA8, 0x2B, 0x09, 0x6C, 0x6E, 0xC4, 0x5F, 0x3F,
    0xCC, 0x19, 0x8C, 0xF9, 0x3C, 0x7E, 0xB8, 0xE8, 0xE5, 0x0B, 0x61, 0x1A, 0xFE, 0x86, 0xB2, 0x4D,
    0x57, 0x64, 0xB6, 0x96, 0xA8, 0x56, 0x47, 0xBD, 0xCF, 0xE9, 0x8E, 0xD3, 0x08, 0xB2, 0xEB, 0xB2,
    0x0E, 0xD4, 0xCB, 0x56, 0x69, 0xD6, 0x34, 0x06, 0x2B, 0x8F, 0x8E, 0xF2, 0x11, 0x08, 0xC0, 0x54,
    0xBC, 0xDB, 0xF3, 0x8D, 0x84, 0x85, 0x0C, 0x19, 0xAB, 0x92, 0x34, 0xE1, 0xF6, 0x00, 0x90, 0xC2,
    0x7C, 0x30, 0x21, 0x41, 0xDE, 0x4C, 0xC9, 0x55, 0x7E, 0xB6, 0x4A, 0x1F, 0xC1, 0x73, 0x71, 0x9A,
    0x64, 0x5C, 0xD6, 0xD2, 0x69, 0xC4, 0x07, 0x94, 0x72, 0x3C, 0xCC, 0x36, 0xB3, 0x6C, 0x67, 0x08,
    0xE4, 0x13, 0xF1, 0xAF, 0x95, 0xE2, 0x7E, 0x07, 0x39, 0xB8, 0xD9, 0x4B, 0x77, 0xD7, 0xD6, 0xC1,
    0xC4, 0xE1, 0x9D, 0x4D, 0xEC, 0x47, 0x1F, 0xD8, 0x13, 0x03, 0xBD, 0xC3, 0xAC, 0xC6, 0xD0, 0x93,
    0x2B, 0x83, 0x44, 0xD9, 0x55, 0x09, 0x31, 0x7A, 0x47, 0xE2, 0xAF, 0x30, 0x3C, 0x9E, 0x97, 0x2E,
    0x7E, 0x78, 0x58, 0x3E, 0x86, 0x80, 0xDC, 0xEA, 0xE0, 0x46, 0x36, 0xB1, 0x06, 0x0B, 0x5C, 0x5C,
    0xE7, 0xD3, 0x38, 0xFB, 0x9B, 0xF0, 0xC5, 0xF9, 0x12, 0x5A, 0x60, 0xE7, 0x83, 0xEC, 0xD1, 0x08,
    0xA4, 0x4A, 0xB1, 0x9D, 0x91, 0x40, 0x25, 0xA8, 0x69, 0xBE, 0x81, 0xD6, 0x31, 0xE7, 0x96, 0xD3,
    0xAD, 0xE4, 0xC5, 0x51, 0x9A, 0x09, 0x01, 0x73, 0x45, 0x61, 0x52, 0xD1, 0x78, 0x1B, 0x5E, 0xC7,
    0xF9, 0xCF, 0x60, 0x64, 0x79, 0xC2, 0x00, 0xE9, 0x3D, 0x14, 0xF1, 0x0B, 0x6C, 0x80, 0x37, 0x36,
    0xB7, 0x31, 0xE5, 0x97, 0x58, 0xAA, 0x43, 0x8A, 0x43, 0xB0, 0x33, 0x90, 0x76, 0xC7, 0x66, 0x88,
    0xC4, 0xD1, 0x85, 0x6A, 0x42, 0xF4, 0x76, 0x2F, 0x94, 0xEE, 0x72, 0xD9, 0x0D, 0xD7, 0x79, 0xED,
    0xCF, 0xAD, 0x86, 0xCB, 0x87, 0xB1, 0x10, 0x35, 0x4C, 0xC0, 0x19, 0x11, 0x26, 0x6D, 0xEC, 0x7C,
    0xC2, 0xEA, 0xC3, 0x91, 0x5A, 0xF0, 0xD0, 0x88, 0xF7, 0x53, 0x5C, 0xCF, 0x3A, 0x17, 0x27, 0xEA,
    0x87, 0x27, 0xAB, 0xBD, 0xDB, 0x73, 0x91, 0xE7, 0xA6, 0xC1, 0x7A, 0xB3, 0x15, 0xCA, 0xCB, 0xF6,
    0x68, 0x21, 0x02, 0x07, 0xB2, 0xF8, 0x9F, 0xE7, 0x2D, 0x64, 0xF6, 0x9E, 0xCE, 0x42, 0xE4, 0xCF,
    0x50, 0x4B, 0xA6, 0x2A, 0xAB, 0xA3, 0x76, 0x4F, 0x08, 0x77, 0x7B, 0xB2, 0x06, 0x07, 0x6C, 0xB8,
    0xE5, 0x6A, 0x28, 0x42, 0xBF, 0xFF, 0x14, 0x8D, 0x81, 0x37, 0xCE, 0x68, 0x1A, 0x65, 0x35, 0xE2,
    0xFA, 0xE9, 0x9E, 0x79, 0x45, 0x60, 0xD2, 0xFE, 0x7A, 0x71, 0x89, 0x36, 0x58, 0x2B, 0xF4, 0x0D,
    0xD6, 0xD6, 0x1A, 0x14, 0x03, 0xB5, 0x0C, 0x6A, 0xA9, 0x11, 0x90, 0x92, 0x77, 0x8B, 0x10, 0xD1,
    0x03, 0x28, 0x9C, 0x30, 0xE5, 0x4E, 0x4C, 0x0B, 0x4E, 0x07, 0x1D, 0xA6, 0x35, 0x0C, 0x98, 0x1D,
    0x12, 0xBD, 0xDD, 0xDD, 0x10, 0x3B, 0x83, 0xFC, 0x28, 0x42, 0x72, 0xF4, 0xC2, 0x9A, 0x95, 0xE1,
    0x19, 0x07, 0x01, 0x03, 0x05, 0x4F, 0x8C, 0x6B, 0x9F, 0x93, 0x3E, 0x76, 0xA8, 0xBD, 0x57, 0x43,
    0xB9, 0x44, 0xF1, 0xEB, 0x96, 0xE8, 0xED, 0xEE, 0x6A, 0xF8, 0x2C, 0x34, 0x8B, 0xA1, 0x21, 0x35,
    0xD5, 0xE3, 0xBD, 0xC9, 0x3C, 0xCD, 0x04, 0xC0, 0x1E, 0x57, 0x43, 0x20, 0x7D, 0x57, 0x5A, 0x4D,
    0x27, 0x69, 0xC1, 0x96, 0xE3, 0x50, 0xB7, 0xAB, 0x1B, 0x0D, 0x41, 0x11, 0x83, 0xD7, 0x40, 0xC3,
    0x9E, 0x9C, 0x80, 0x36, 0x4A, 0x17, 0x35, 0xAF, 0xFF, 0x44, 0x69, 0x45, 0xEA, 0x16, 0xAB, 0xEB,
    0x39, 0x14, 0xE9, 0x63, 0xB4, 0xB0, 0x4B, 0xFB, 0x8D, 0xB4, 0x8C, 0x5C, 0xEA, 0x32, 0x86, 0x5E,
    0x01, 0xB6, 0x3C, 0x27, 0x15, 0xE8, 0xAB, 0x58, 0x87, 0x9E, 0x2C, 0x06, 0x37, 0x51, 0x72, 0x35,
    0xC9, 0x66, 0xC0, 0x62, 0x33, 0x84, 0x9A, 0xBA, 0x9B, 0xF7, 0x1C, 0xB3, 0xE6, 0x0D, 0x93, 0xC6,
    0x97, 0x6F, 0xAC, 0x17, 0x4B, 0xDE, 0xA6, 0x57, 0x2D, 0x3A, 0x35, 0xF4, 0x70, 0x46, 0x70, 0x91,
    0x59, 0x14, 0x56, 0xA8, 0x57, 0x3F, 0x5A, 0x8E, 0x7F, 0x07, 0x6D, 0xA9, 0x9E, 0x96, 0x66, 0x32,
    0xC0, 0xFA, 0xCF, 0xF5, 0xD7, 0x87, 0xA8, 0xE1, 0x30, 0x74, 0x01, 0x3D, 0xE1, 0x5C, 0xCE, 0x47,
    0x50, 0xAD, 0xCF, 0x05, 0x1F, 0xBF, 0x83, 0x04, 0xBA, 0x80, 0x34, 0x28, 0x2D, 0xCF, 0x13, 0x75,
    0x5F, 0xB3, 0x15, 0xD2, 0x60, 0x4A, 0x1A, 0xA6, 0x54, 0x0D, 0xD4, 0xC6, 0xED, 0xCC, 0x80, 0x7E,
    0xD8, 0x43, 0x22, 0x01, 0xD9, 0x92, 0x6C, 0xE6, 0x6A, 0x1A, 0x51, 0x76, 0x5F, 0xEB, 0xE3, 0xA1,
    0xB9, 0x89, 0x91, 0xA7, 0xAE, 0x9B, 0xF0, 0xB3, 0xF1, 0x70, 0x80, 0x6C, 0x14, 0xFB, 0xC8, 0xB2,
    0xA4, 0x25, 0xAC, 0xA2, 0x46, 0x04, 0x18, 0x46, 0x3A, 0xF7, 0x2B, 0x20, 0x8B, 0xC7, 0xF5, 0x66,
    0x95, 0x83, 0xC2, 0x14, 0x4A, 0x63, 0x21, 0x46, 0xCC, 0xA4, 0xB5, 0x9A, 0x36, 0xE9, 0xFA, 0xDA,
    0xDA, 0x46, 0x1A, 0x66, 0xB0, 0x63, 0x7F, 0xCC, 0x3D, 0x19, 0x7E, 0x28, 0x36, 0x91, 0xED, 0xD1,
    0x40, 0x56, 0x6D, 0x16, 0xDB, 0xA6, 0x6C, 0x54, 0x0D, 0x9A, 0x51, 0x31, 0xEA, 0x45, 0xB5, 0xA8,
    0xD5, 0xCA, 0x44, 0x9D, 0xC1, 0xD4, 0x64, 0x12, 0x33, 0x90, 0x17, 0x36, 0xA9, 0x4E, 0x1F, 0x17,
    0xB2, 0xAB, 0x1E, 0x75, 0x51, 0x55, 0x86, 0x98, 0x7E, 0xA2, 0x88, 0x97, 0x2D, 0x42, 0x01, 0x8C,
    0xFD, 0x1D, 0x2B, 0xD4, 0x6C, 0x9A, 0xFB, 0xEB, 0x81, 0x25, 0xF7, 0x36, 0xC6, 0x55, 0x88, 0xB2,
    0x3D, 0x4C, 0xA3, 0xC9, 0x85, 0xF2, 0xB3, 0x58, 0x45, 0x4D, 0x8B, 0x75, 0xFD, 0x43, 0x2A, 0x6C,
    0x10, 0xB0, 0x6A, 0x08, 0xA1, 0x07, 0x76, 0xB6, 0x40, 0x2D, 0x5F, 0x2E, 0x22, 0x35, 0xEC, 0x41,
    0xE7, 0x24, 0x8D, 0xB3, 0x08, 0x65, 0xA6, 0x6B, 0xB0, 0x04, 0x97, 0x18, 0xE3, 0xAE, 0xF0, 0xD1,
    0x84, 0xB2, 0x86, 0xA3, 0xAD, 0x19, 0x64, 0xF7, 0x34, 0x0C, 0xD3, 0x34, 0x80, 0x9A, 0xA8, 0x80,
    0xB7, 0xA1, 0xE6, 0x27, 0x6E, 0xC5, 0xA9, 0xCD, 0x12, 0x83, 0x6B, 0x90, 0x2F, 0xF8, 0x07, 0x4B,
    0x3D, 0x23, 0x2D, 0xB9, 0xC1, 0xDB, 0xCF, 0xF9, 0xC5, 0x35, 0xCD, 0x26, 0x87, 0x24, 0x31, 0xFB,
    0x11, 0x40, 0xF5, 0x18, 0xEB, 0x83, 0xF1, 0xA4, 0x9F, 0x6B, 0xB2, 0x33, 0x07, 0xAB, 0xE8, 0xA1,
    0xEA, 0xE9, 0xA0, 0x04, 0x0D, 0x9B, 0x2D, 0xB5, 0xCA, 0x9C, 0xB0, 0x95, 0x21, 0x11, 0xEF, 0xFF,
    0xEF, 0x4A, 0x36, 0x51, 0x6B, 0xD7, 0x02, 0xF5, 0xA5, 0xC2, 0x26, 0x7C, 0x0B, 0x89, 0xEF, 0x60,
    0xBC, 0xEF, 0x4A, 0xFB, 0x77, 0x75, 0x95, 0xCF, 0xA4, 0xF8, 0xBE, 0x9C, 0xBD, 0xED, 0xD5, 0x91,
    0xD1, 0xBC, 0xF4, 0xE0, 0x23, 0x27, 0xC3, 0xC5, 0xC3, 0x27, 0xC3, 0x6A, 0xAF, 0x55, 0x5B, 0xD1,
    0x38, 0x63, 0x42, 0xD5, 0x30, 0x7B, 0xCC, 0x4C, 0xB8, 0xCF, 0xDA, 0x40, 0x1D, 0x16, 0xD1, 0x78,
    0x79, 0x92, 0x84, 0xB6, 0x50, 0xA1, 0x70, 0x78, 0x0F, 0x50, 0x3C, 0x25, 0x05, 0x59, 0x65, 0x05,
    0x66, 0x7B, 0x95, 0xF9, 0x24, 0x15, 0x76, 0xD3, 0xA3, 0xF0, 0x04, 0xC8, 0x7F, 0x1B, 0x9B, 0x8B,
    0xD0, 0xDA, 0x16, 0xC3, 0x33, 0x48, 0x5A, 0x61, 0xDD, 0x79, 0xB4, 0xB6, 0x9E, 0x1F, 0xC5, 0x4C,
    0x2F, 0xC2, 0xC7, 0xF6, 0x13, 0xD5, 0x89, 0xF1, 0xF4, 0xF2, 0x04, 0x28, 0xF4, 0x13, 0x33, 0xE9,
    0xB4, 0x84, 0x93, 0x86, 0x44, 0x90, 0xBF, 0x84, 0xBF, 0x97, 0xA8, 0xE9, 0xD7, 0x63, 0xC8, 0x3D,
    0xB2, 0x25, 0x07, 0x1E, 0x90, 0x2A, 0xB8, 0x50, 0x78, 0xB7, 0x32, 0x9A, 0x4B, 0x5B, 0xC5, 0xC4,
    0x00, 0x46, 0xB3, 0xB9, 0x28, 0xF5, 0x71, 0xAF, 0x9C, 0x83, 0xBD, 0x2D, 0xD0, 0x91, 0x9D, 0xDB,
    0xF0, 0x9C, 0x42, 0xE6, 0x47, 0xEA, 0xD1, 0x57, 0xF5, 0x69, 0x9C, 0xBD, 0xE3, 0xD2, 0xAC, 0xFA,
    0x55, 0x6C, 0x72, 0xDD, 0x08, 0x79, 0xD1, 0x2D, 0x43, 0x3F, 0xF7, 0x6F, 0x68, 0xF3, 0xE3, 0xCA,
    0x64, 0x40, 0xB7, 0x51, 0xD0, 0x18, 0x68, 0x86, 0xF7, 0xE0, 0x73, 0xC0, 0xD8, 0x8F, 0x1A, 0x1E,
    0xBE, 0xB3, 0xF0, 0xE3, 0x6D, 0x4B, 0xAA, 0x5C, 0x0A, 0x49, 0xD6, 0x18, 0xB5, 0xFD, 0xA8, 0x1D,
    0xAB, 0x1F, 0x47, 0xFB, 0xD1, 0x35, 0x5B, 0xD9, 0xB6, 0x4E, 0xE3, 0x5E, 0xF7, 0x1D, 0x21, 0x05,
    0x17, 0x88, 0x81, 0x24, 0x15, 0xAF, 0xA6, 0x65, 0xEF, 0x4A, 0xE8, 0x50, 0x4F, 0x55, 0x47, 0x28,
    0x6D, 0xA3, 0xEB, 0xC0, 0x2E, 0x85, 0x8E, 0xC3, 0xD3, 0xC5, 0x8B, 0xCB, 0x69, 0x33, 0xFD, 0x70,
    0x1B, 0x3A, 0xD8, 0x35, 0xB3, 0x3D, 0x33, 0x76, 0xCC, 0xB4, 0x5F, 0xA6, 0xDD, 0x32, 0xED, 0x95,
    0x69, 0x7F, 0x4F, 0xFB, 0x64, 0xDA, 0x25, 0xD3, 0x1E, 0x99, 0x76, 0xC8, 0xB4, 0x3F, 0xA6, 0xDD,
    0x31, 0xED, 0x8D, 0x69, 0x67, 0x4C, 0xFB, 0x62, 0xDA, 0x15, 0xD3, 0x9E, 0x98, 0x76, 0xC4, 0x44,
    0x97, 0xF4, 0xD5, 0x69, 0x13, 0x4F, 0xDB, 0x4D, 0xB6, 0xFF, 0xF4, 0xF1, 0xBD, 0xAD, 0x2E, 0x61,
    0xA7, 0x4B, 0xD8, 0xE8, 0x12, 0xF6, 0xB9, 0x84, 0x2D, 0xAC, 0xEF, 0x21, 0xEC, 0x6F, 0x09, 0xDB,
    0x5B, 0xAC, 0x41, 0xDA, 0x49, 0x34, 0xA3, 0x0C, 0x4A, 0x99, 0x4C, 0x2E, 0x1F, 0x2A, 0xFA, 0xF1,
    0xB3, 0x80, 0x4B, 0xC6, 0xFA, 0x20, 0x38, 0xC5, 0xCF, 0x76, 0x4C, 0x3F, 0xB3, 0x69, 0xFA, 0x09,
    0x0C, 0x5B, 0xB4, 0xE9, 0x67, 0x65, 0xD3, 0x4F, 0xE7, 0xC1, 0x3D, 0xAC, 0x59, 0x51, 0x70, 0xE4,
    0xB0, 0x6A, 0x32, 0xEF, 0xD9, 0x69, 0xFD, 0xB7, 0xE1, 0x16, 0x98, 0x34, 0x78, 0x2B, 0xB5, 0x62,
    0x7C, 0xF8, 0xD8, 0x69, 0xA8, 0x5A, 0xA8, 0xB5, 0x51, 0x58, 0xA9, 0xA2, 0x7B, 0x6D, 0x31, 0xF8,
    0x69, 0x24, 0xA3, 0x72, 0xB7, 0xB3, 0x49, 0xF8, 0xB6, 0xA6, 0xA6, 0x59, 0xE2, 0xD9, 0x5D, 0xC8,
    0x4D, 0x45, 0xB2, 0xB6, 0x79, 0x99, 0x70, 0x36, 0xED, 0x3A, 0x5D, 0x9C, 0x46, 0xB4, 0xB5, 0x74,
    0x0E, 0xE1, 0xA0, 0x3E, 0x2F, 0xE3, 0x37, 0x4D, 0xE9, 0x8D, 0xF0, 0x0C, 0x7C, 0x35, 0x2E, 0x20,
    0xD8, 0xB0, 0x02, 0x62, 0xFD, 0x8B, 0xED, 0xFF, 0x0B, 0x20, 0x0B, 0x2E, 0x0A, 0xC3, 0x2B, 0x6E,
    0x95, 0xB8, 0x30, 0xB5, 0xF8, 0xED, 0xCC, 0xAB, 0xE2, 0xBF, 0x30, 0x15, 0x65, 0xBA, 0x8B, 0x9C,
    0x06, 0xC8, 0x5C, 0x63, 0x33, 0x17, 0xCC, 0xE5, 0x46, 0x4E, 0x68, 0xD1, 0x79, 0x37, 0x73, 0x3D,
    0x6F, 0x5B, 0xF3, 0x6D, 0x0C, 0x0B, 0xB6, 0xE8, 0xD8, 0xAF, 0xCF, 0x7A, 0x1B, 0x06, 0xA8, 0x17,
    0xE5, 0x11, 0x66, 0x8D, 0xE5, 0x6F, 0x65, 0x07, 0x73, 0x76, 0x82, 0x0F, 0xAA, 0xCE, 0x82, 0x5B,
    0x26, 0x57, 0xBC, 0x32, 0x2E, 0xBD, 0x1C, 0xA3, 0x67, 0xF1, 0xED, 0xA1, 0xFC, 0x9C, 0xBB, 0x73,
    0x28, 0x6D, 0x7B, 0x74, 0x0C, 0x9A, 0x9F, 0x71, 0xBF, 0x2A, 0x62, 0xF1, 0x80, 0xC1, 0xF1, 0x88,
    0x9B, 0xEF, 0x45, 0xEF, 0xF5, 0x2C, 0x6C, 0x62, 0x00, 0x3B, 0x58, 0x02, 0xA0, 0x45, 0x00, 0x96,
    0xC0, 0x7B, 0x02, 0x05, 0x21, 0xCB, 0x5E, 0x9B, 0x6D, 0x26, 0xB0, 0x2D, 0x7D, 0xBD, 0x84, 0x54,
    0x72, 0x4F, 0x7A, 0xC9, 0x8C, 0x23, 0x21, 0x4C, 0xF9, 0x18, 0x9E, 0x3A, 0x28, 0xD9, 0x93, 0x28,
    0xFD, 0x30, 0x56, 0xAA, 0x05, 0x73, 0x74, 0x0D, 0x12, 0x30, 0xA3, 0x3D, 0xFB, 0xEC, 0xD4, 0xD3,
    0x12, 0x5A, 0xF0, 0xC6, 0x1A, 0x42, 0x9D, 0x7C, 0x8C, 0xEB, 0xAC, 0x3B, 0x81, 0x76, 0xBD, 0x36,
    0x86, 0x19, 0x43, 0xEA, 0xB6, 0xCF, 0x2A, 0x79, 0x05, 0x17, 0xE1, 0xE5, 0x3C, 0x7C, 0xA8, 0x4E,
    0x8C, 0xCA, 0x7D, 0xE2, 0x18, 0x77, 0x20, 0x06, 0xD6, 0xC3, 0x20, 0x3F, 0xC8, 0xDB, 0xD0, 0x98,
    0x85, 0xB7, 0x2A, 0x84, 0xB5, 0x9E, 0x0C, 0xE0, 0x88, 0xF0, 0x38, 0xFC, 0x60, 0xD4, 0x76, 0x1C,
    0xFA, 0xCC, 0x7E, 0xEA, 0x00, 0x16, 0x7A, 0x88, 0xA9, 0x3A, 0xE0, 0x00, 0x89, 0xE5, 0x46, 0xAD,
    0x85, 0x89, 0xC3, 0x04, 0x5D, 0xDB, 0x86, 0xDD, 0x94, 0xAF, 0x97, 0xA2, 0xAF, 0x2F, 0x23, 0xA0,
    0xBB, 0xB8, 0x9C, 0x3C, 0x98, 0x26, 0x5A, 0xB8, 0x34, 0xC5, 0x1A, 0xCB, 0xB6, 0xCF, 0x72, 0xB9,
    0xC4, 0x37, 0x54, 0x78, 0xB6, 0x44, 0xF0, 0x2E, 0x8D, 0xD1, 0x6A, 0xD3, 0x41, 0x6A, 0x60, 0xCA,
    0xE7, 0x9D, 0x6A, 0xBF, 0x2C, 0x3F, 0xB2, 0x78, 0x50, 0xD0, 0x4F, 0x3B, 0x41, 0x11, 0x5F, 0x1F,
    0xF9, 0x48, 0xFF, 0xED, 0xFA, 0x75, 0x4F, 0x0B, 0x02, 0x55, 0xA4, 0x29, 0xC4, 0xC3, 0x9C, 0x28,
    0x29, 0xF8, 0xEA, 0x4D, 0x8E, 0x1D, 0x69, 0xD7, 0xEA, 0xAD, 0x7C, 0xBA, 0x56, 0xCE, 0xA7, 0x00,
    0x3B, 0xED, 0x0E, 0xDE, 0xEF, 0x1C, 0x5E, 0x64, 0x12, 0xBB, 0x2C, 0xE1, 0x58, 0x92, 0x61, 0x76,
    0xCE, 0xCF, 0xAC, 0x45, 0xFE, 0xE0, 0xD7, 0x02, 0x11, 0x60, 0x62, 0x2C, 0x65, 0x24, 0xD9, 0x4C,
    0x1B, 0xCA, 0x4A, 0xE9, 0x97, 0x8C, 0x71, 0xF7, 0x3B, 0x83, 0xDB, 0xFC, 0x89, 0x1E, 0xCF, 0xF3,
    0x85, 0x77, 0xF8, 0xC1, 0x88, 0x3E, 0x4F, 0xA5, 0x1A, 0x42, 0xFA, 0x11, 0x37, 0xDB, 0xB3, 0x17,
    0x03, 0x47, 0x9E, 0x17, 0xAE, 0xA1, 0x84, 0xA7, 0x32, 0xF1, 0xAF, 0xE7, 0xE2, 0xE4, 0xC5, 0xE3,
    0xBF, 0x18, 0x50, 0xD3, 0x08, 0xC7, 0xEA, 0xF8, 0x98, 0xEB, 0x1C, 0x43, 0xC3, 0x5D, 0xC7, 0xDF,
    0x7D, 0xA5, 0x64, 0x98, 0x23, 0xD2, 0x56, 0xE2, 0xCB, 0x08, 0x2E, 0xF1, 0xD2, 0x13, 0x50, 0x08,
    0xC7, 0x71, 0xE2, 0xFC, 0x55, 0xC2, 0x52, 0xFC, 0x5B, 0x4D, 0xDA, 0x18, 0x18, 0x2F, 0xB5, 0x39,
    0x9B, 0xF3, 0xEB, 0xDF, 0x6B, 0xB4, 0x4D, 0xB1, 0x91, 0x67, 0x0A, 0x58, 0x88, 0x47, 0x33, 0x71,
    0xB7, 0x13, 0x8F, 0x5F, 0xA0, 0xCA, 0x71, 0x69, 0xC0, 0xAE, 0x51, 0x1C, 0x68, 0xC4, 0x82, 0x89,
    0xFD, 0xA2, 0x0A, 0xF5, 0xB7, 0x08, 0x42, 0x1B, 0x8E, 0x5A, 0x58, 0x62, 0x2B, 0x70, 0x8B, 0x0D,
    0x3D, 0xA4, 0xD6, 0xC8, 0x62, 0xC3, 0xD4, 0x3B, 0x99, 0xB5, 0x69, 0x53, 0xD3, 0xFF, 0xA2, 0xF1,
    0xC7, 0xEF, 0x23, 0xD2, 0xED, 0x68, 0x6B, 0xF3, 0x1B, 0x69, 0x1F, 0x4B, 0x33, 0xA3, 0xDA, 0x63,
    0x6B, 0xFD, 0x5B, 0x95, 0x7D, 0x1B, 0x64, 0xAB, 0xF7, 0x49, 0x6D, 0xB0, 0x4C, 0x5C, 0x85, 0x4C,
    0xD1, 0x67, 0x43, 0xA6, 0xF0, 0x5A, 0x67, 0x04, 0xDB, 0x49, 0xC8, 0x2F, 0x3E, 0x15, 0x5B, 0x8A,
    0x05, 0x4C, 0xE0, 0x83, 0xEB, 0x1C, 0x8A, 0xF1, 0xCA, 0x7E, 0x81, 0xA4, 0x93, 0xCF, 0x95, 0x12,
    0xFF, 0xDB, 0x57, 0x1F, 0x35, 0x53, 0x94, 0x77, 0x99, 0xA1, 0x16, 0x07, 0xDC, 0x72, 0xBF, 0x3C,
    0xA2, 0xE0, 0xB6, 0xC7, 0x72, 0x9C, 0x3D, 0x07, 0x98, 0x86, 0xD3, 0xB0, 0x46, 0x24, 0x08, 0x63,
    0x6F, 0x2F, 0xED, 0x5D, 0x9F, 0x59, 0xF1, 0xC5, 0xBF, 0xCE, 0xD7, 0xEC, 0x5F, 0x6A, 0x6F, 0x83,
    0x60, 0x7D, 0xFC, 0xC4, 0x6E, 0xF4, 0x94, 0x0F, 0x5A, 0x48, 0x85, 0xA1, 0xDF, 0x82, 0x04, 0x07,
    0x18, 0x9F, 0xF6, 0xED, 0xD5, 0xEB, 0x25, 0xAB, 0x08, 0x75, 0x1B, 0x12, 0x8C, 0x0A, 0xD4, 0xB3,
    0x92, 0xEE, 0xDF, 0x05, 0x2D, 0x7F, 0x95, 0xFA, 0x28, 0x8D, 0xFF, 0x39, 0xE8, 0xC8, 0xE2, 0x12,
    0xCF, 0xE3, 0x30, 0x1D, 0x04, 0x70, 0x80, 0x2A, 0x8D, 0x34, 0x02, 0x0A, 0x37, 0x2F, 0xF1, 0x95,
    0xDE, 0xD2, 0x48, 0x56, 0x50, 0x46, 0x0E, 0x2F, 0xB3, 0x5C, 0x67, 0x02, 0xF6, 0x4A, 0x0B, 0xE3,
    0x4B, 0x9A, 0x86, 0xA9, 0xBF, 0xFB, 0x26, 0x8B, 0xDE, 0x2D, 0x16, 0xDD, 0x62, 0x51, 0x68, 0x82,
    0x31, 0xDB, 0x1C, 0x29, 0x84, 0x9C, 0x0B, 0xCA, 0xB3, 0x6E, 0x79, 0xDE, 0x2D, 0x57, 0xDF, 0xCD,
    0x13, 0x23, 0xCE, 0xB2, 0xF6, 0xA0, 0x6B, 0x2D, 0xF2, 0x51, 0x84, 0x95, 0x0C, 0xEC, 0x88, 0xDD,
    0x04, 0x7E, 0xD4, 0x94, 0x9D, 0xCB, 0x1B, 0xEB, 0xB2, 0x88, 0x04, 0xD0, 0x92, 0x97, 0xBD, 0xF2,
    0x99, 0x49, 0xA1, 0xF2, 0x48, 0x64, 0x7E, 0x43, 0x8B, 0xB7, 0x36, 0x7B, 0xE2, 0x6B, 0x11, 0xDB,
    0x2E, 0xD3, 0x8E, 0x8C, 0x36, 0xEC, 0xB4, 0x99, 0x39, 0x41, 0x43, 0x8F, 0x39, 0x37, 0x4F, 0xE8,
    0x67, 0xAB, 0xED, 0x1D, 0x4F, 0x3E, 0xB3, 0x51, 0xB1, 0x9B, 0x71, 0x70, 0x87, 0x35, 0x70, 0xD6,
    0xB8, 0x87, 0xAB, 0x6F, 0x8E, 0xCE, 0x4B, 0x73, 0x4E, 0x06, 0xAF, 0xD9, 0x96, 0x04, 0x83, 0x14,
    0x22, 0x51, 0xE5, 0x8F, 0x9B, 0xA0, 0x5C, 0xDD, 0x12, 0x01, 0x57, 0x98, 0x75, 0xF9, 0x95, 0x33,
    0xCC, 0x11, 0x85, 0x16, 0x2E, 0x4E, 0x62, 0x78, 0x84, 0x18, 0xEE, 0x8C, 0x16, 0x65, 0x74, 0x98,
    0x8B, 0x53, 0x31, 0xBD, 0x02, 0x0C, 0xF4, 0xAB, 0xE0, 0xBF, 0xCD, 0x4C, 0x3A, 0xED, 0x83, 0x34,
    0xC2, 0x9E, 0x04, 0x4C, 0x20, 0x83, 0x19, 0x26, 0x17, 0x29, 0x0C, 0x54, 0xEA, 0x30, 0x1B, 0x0F,
    0xFF, 0x98, 0x4E, 0x4A, 0xAA, 0xE9, 0x8B, 0x7B, 0x84, 0x76, 0xD4, 0x96, 0x8D, 0x83, 0xDA, 0xB2,
    0x90, 0x5F, 0xB0, 0xA7, 0x10, 0xEE, 0x4C, 0x0C, 0x3B, 0x0E, 0xC6, 0xB6, 0x1D, 0xC2, 0xFB, 0x13,
    0x84, 0xFE, 0x33, 0x37, 0x75, 0x3C, 0x76, 0x24, 0xB5, 0x25, 0xA9, 0x3D, 0x49, 0x6D, 0x4A, 0x6E,
    0xFD, 0x1F, 0x14, 0x73, 0x6D, 0x87, 0x34, 0x1A, 0x4D, 0xE5, 0xB9, 0x87, 0x7C, 0x4B, 0x34, 0xBC,
    0x43, 0x0C, 0x1E, 0xF3, 0xFD, 0xC4, 0x88, 0x99, 0xE8, 0x88, 0x2B, 0xF7, 0x40, 0x32, 0x3B, 0x76,
    0xF8, 0x42, 0xDF, 0x37, 0xF9, 0xFF, 0x00, 0x5D, 0x90, 0xA1, 0x4E, 0x03, 0x41, 0x14, 0x45, 0xEF,
    0xB2, 0xB4, 0x1B, 0x76, 0x13, 0xDE, 0x8A, 0x0A, 0x20, 0xA4, 0x63, 0x10, 0x84, 0xB4, 0x3B, 0x88,
    0x8A, 0x15, 0xD3, 0xD9, 0x49, 0x90, 0x08, 0x6A, 0xF0, 0x08, 0x04, 0x06, 0x4F, 0x42, 0xE9, 0x4E,
    0xF8, 0x82, 0x7E, 0x42, 0x35, 0xAA, 0xA2, 0xA2, 0x82, 0x92, 0x71, 0xD8, 0xFD, 0x03, 0xF6, 0x0F,
    0x28, 0xA4, 0x62, 0x45, 0xE9, 0x32, 0x93, 0x1A, 0xC2, 0x55, 0x6F, 0xEE, 0x4B, 0xEE, 0x9C, 0x77,
    0x63, 0x3C, 0x60, 0x04, 0xAE, 0x22, 0xE3, 0x15, 0xB0, 0xF2, 0x4D, 0x54, 0x90, 0x96, 0xE8, 0xB9,
    0xB9, 0x88, 0x96, 0xEC, 0x55, 0x24, 0x33, 0x72, 0x9B, 0x3C, 0xAC, 0x3F, 0xBF, 0x36, 0xF1, 0x09,
    0xAF, 0x4D, 0x56, 0x1B, 0xE7, 0x60, 0xE2, 0x57, 0x2C, 0x5F, 0x47, 0x13, 0xF1, 0xB6, 0x68, 0x1D,
    0xEC, 0xA8, 0x8C, 0x8C, 0x24, 0xB3, 0xEB, 0xA1, 0x39, 0xE6, 0x6B, 0x21, 0x7A, 0x02, 0xF3, 0xA0,
    0xF0, 0x15, 0xE0, 0x8D, 0xD9, 0x4A, 0x88, 0xB4, 0x23, 0x04, 0x5F, 0x35, 0xC7, 0x2E, 0xF9, 0x42,
    0x47, 0xEF, 0x86, 0xAE, 0x74, 0xC2, 0x90, 0x76, 0xB0, 0x55, 0xEA, 0x9B, 0x84, 0x40, 0xF7, 0xF0,
    0x2B, 0x78, 0x4B, 0xE7, 0x74, 0x8E, 0xD1, 0x97, 0xE0, 0x0C, 0x74, 0xA9, 0xFD, 0xE7, 0xED, 0x9F,
    0xAC, 0xCA, 0x37, 0x25, 0xD3, 0x0D, 0xEC, 0x8B, 0xF9, 0xAA, 0x5A, 0xB4, 0x0E, 0x91, 0x81, 0x29,
    0x52, 0x84, 0xAE, 0x85, 0x76, 0xAF, 0x27, 0x0C, 0x21, 0xD0, 0x46, 0x00, 0x74, 0xFB, 0x22, 0x3D,
    0x8F, 0x4F, 0xA5, 0x1C, 0x4E, 0xF1, 0x1F, 0x32, 0x54, 0x8F, 0xC5, 0xB4, 0x9C, 0x96, 0xB9, 0x69,
    0x20, 0x04, 0xD3, 0xA4, 0x49, 0xB5, 0xD1, 0xC2, 0x11, 0x32, 0xE3, 0x9B, 0xC0, 0x70, 0x3B, 0xC3,
    0xC6, 0xD8, 0x2B, 0x30, 0x1A, 0x70, 0xDB, 0xCE, 0xED, 0xCC, 0xEA, 0xC6, 0xD2, 0x97, 0x54, 0x25,
    0xFD, 0x39, 0xC5, 0x76, 0xBF, 0x0C, 0x7E, 0x58, 0xB6, 0x76, 0x47, 0xC9, 0xB0, 0xFE, 0xF8, 0xDE,
    0x0C, 0xEE, 0x1A, 0xD7, 0xCA, 0xF6, 0x73, 0xF6, 0xA2, 0xFE, 0xB0, 0xEE, 0x01, 0xB6, 0x43, 0x0E,
    0x1B, 0x86, 0x19, 0x10, 0xC3, 0x82, 0xE4, 0x54, 0x6C, 0x41, 0x62, 0xEB, 0x0A, 0x48, 0xCD, 0xD5,
    0x2F, 0x95, 0x55, 0x3D, 0x6C, 0xDB, 0x46, 0x14, 0xFE, 0xC8, 0x93, 0x4B, 0x54, 0xAC, 0x4B, 0x0D,
    0x2E, 0x50, 0x03, 0xB6, 0xB8, 0xB4, 0x80, 0x03, 0xD8, 0xA6, 0x07, 0x0F, 0x42, 0x40, 0x49, 0x57,
    0x7B, 0x29, 0xD0, 0xC5, 0x43, 0xB5, 0x26, 0xEE, 0xD6, 0xA5, 0x80, 0x0B, 0x78, 0xF0, 0x20, 0x5B,
    0x44, 0x3C, 0x14, 0x1D, 0x0A, 0x64, 0xCF, 0x22, 0xA0, 0x4B, 0xE0, 0x0C, 0x35, 0x0A, 0x15, 0x70,
    0x01, 0x27, 0x3A, 0x7B, 0xE9, 0xCA, 0xA2, 0x68, 0xC7, 0x82, 0xCD, 0xD0, 0xC1, 0x13, 0x07, 0x0D,
    0x6A, 0x20, 0x89, 0xFD, 0x1E, 0x29, 0xC5, 0x09, 0x12, 0xB8, 0xF5, 0xDD, 0xE3, 0x1D, 0x79, 0xF7,
    0xFE, 0xEE, 0xBD, 0xEF, 0x1D, 0xB1, 0xFB, 0x66, 0x03, 0xB0, 0x61, 0x82, 0xC8, 0x43, 0xD3, 0x2C,
    0xEA, 0x77, 0x71, 0x73, 0xCF, 0x5B, 0x8C, 0x5A, 0xEB, 0xDE, 0xD5, 0x0F, 0x66, 0xC9, 0x74, 0x2F,
    0x22, 0x83, 0x9B, 0xBA, 0x26, 0xBB, 0x83, 0x25, 0xFC, 0xD4, 0x7A, 0xF1, 0x64, 0x53, 0x95, 0x95,
    0xBD, 0x0D, 0x75, 0x63, 0xB7, 0x5A, 0x9F, 0x67, 0xE3, 0x93, 0xC7, 0xD3, 0x91, 0x53, 0x36, 0xE1,
    0xD8, 0x6A, 0xB5, 0x90, 0x65, 0x59, 0x24, 0x73, 0x2B, 0x6F, 0x3A, 0xCB, 0x9B, 0x99, 0x7E, 0xBD,
    0x75, 0x71, 0x61, 0xAE, 0xED, 0xDF, 0xAE, 0x7F, 0x59, 0xA6, 0xB8, 0x68, 0x11, 0xBF, 0x71, 0x72,
    0x72, 0x22, 0xEF, 0x91, 0xBC, 0x5B, 0xF0, 0x10, 0xB2, 0x9F, 0x61, 0x84, 0xA7, 0xA8, 0x63, 0x0E,
    0x81, 0xF6, 0x22, 0x76, 0xED, 0x61, 0x0D, 0x35, 0x72, 0xF8, 0xF0, 0xA3, 0x7C, 0x05, 0x55, 0xF2,
    0x55, 0xB0, 0x80, 0x43, 0xF2, 0x9E, 0xA1, 0xCD, 0xAF, 0x65, 0xB8, 0xD4, 0xA0, 0x3D, 0x65, 0x42,
    0xAA, 0xF1, 0x70, 0xB6, 0x8E, 0x51, 0x13, 0x4F, 0x03, 0x5D, 0xF7, 0xF4, 0x9C, 0xA5, 0x83, 0xCF,
    0x62, 0xEF, 0x38, 0x11, 0xDA, 0x8E, 0xC9, 0xB3, 0xE6, 0xEA, 0xDA, 0xFB, 0x62, 0xD4, 0x77, 0x8C,
    0xFF, 0x4D, 0x32, 0xDD, 0x52, 0xA6, 0xEA, 0x44, 0x94, 0xAD, 0x94, 0xB0, 0x30, 0x87, 0x43, 0x5F,
    0x53, 0x03, 0xF5, 0xB4, 0x7D, 0x51, 0xB8, 0xEC, 0x68, 0xD7, 0x36, 0xB8, 0x03, 0x34, 0x40, 0xEF,
    0x84, 0x42, 0x34, 0x9F, 0x4D, 0x9A, 0xD9, 0xA4, 0xB2, 0x0A, 0x14, 0x14, 0xCE, 0xB6, 0x0A, 0x6A,
    0xE4, 0xC9, 0x7C, 0xAB, 0x48, 0x58, 0x9A, 0x32, 0xE4, 0xEB, 0x1F, 0xD7, 0x17, 0xB9, 0xD8, 0x38,
    0xFC, 0xEA, 0x5A, 0x30, 0x97, 0x5D, 0xD7, 0x7D, 0x93, 0xC5, 0x7D, 0xD3, 0x64, 0xB4, 0x3E, 0x02,
    0x3A, 0x1A, 0x9D, 0x01, 0x3A, 0x99, 0xEE, 0x64, 0xA6, 0x33, 0x41, 0x27, 0xC1, 0x11, 0x18, 0x07,
    0xAC, 0xA3, 0x83, 0x26, 0x4A, 0x22, 0x51, 0xB7, 0x93, 0xBE, 0x93, 0x1E, 0xA9, 0x14, 0x39, 0x32,
    0x20, 0x8A, 0x02, 0x46, 0xAE, 0x4F, 0x86, 0x66, 0x74, 0xC4, 0x31, 0xD0, 0x25, 0x48, 0x5F, 0xE4,
    0x7B, 0x87, 0x91, 0x2D, 0xE0, 0xA6, 0xEF, 0xC5, 0xB7, 0x83, 0x9B, 0xF5, 0xC2, 0xF9, 0x7F, 0x70,
    0x03, 0xEC, 0xC8, 0x4D, 0xEE, 0x3C, 0xFE, 0xE2, 0x5B, 0x2B, 0xFA, 0xEF, 0x4E, 0x1C, 0x94, 0x60,
    0x7F, 0x07, 0x7C, 0x1F, 0xB5, 0x0E, 0xBA, 0x57, 0xE7, 0x7B, 0xE6, 0x6B, 0x73, 0xF1, 0x0B, 0x2E,
    0x3F, 0xA4, 0xED, 0x5B, 0x90, 0xB8, 0x59, 0x82, 0xB3, 0x82, 0xD5, 0x2E, 0x7E, 0xFC, 0x7D, 0xE7,
    0xB7, 0xAB, 0xD3, 0xCD, 0x78, 0xA3, 0xBC, 0xB9, 0x61, 0x7F, 0xBA, 0xC1, 0x62, 0xBC, 0x0D, 0x55,
    0x30, 0x6B, 0x3B, 0x3C, 0x88, 0x9C, 0x7E, 0x0C, 0x65, 0x04, 0x3A, 0xF7, 0xB5, 0x2B, 0xCB, 0xA1,
    0x63, 0xAA, 0x32, 0xB7, 0x09, 0x3D, 0x99, 0x0F, 0x94, 0xD9, 0x9F, 0xCE, 0x69, 0x31, 0x5F, 0x1A,
    0x51, 0x12, 0xBA, 0xC7, 0x0F, 0x32, 0x04, 0x83, 0xE0, 0xBE, 0xEB, 0x3D, 0x32, 0x3F, 0x9F, 0x7B,
    0xA3, 0xE5, 0xAA, 0x8A, 0xD3, 0x75, 0xE8, 0x70, 0xCD, 0xFA, 0x2B, 0xF1, 0x81, 0xD3, 0xBA, 0xF5,
    0x3C, 0xF6, 0x80, 0x24, 0xCC, 0x67, 0xDB, 0xD4, 0xED, 0xE7, 0x49, 0x15, 0x4E, 0xB4, 0xAE, 0x2E,
    0xD2, 0x35, 0x96, 0x87, 0xF7, 0x28, 0xFA, 0xE7, 0x9C, 0x29, 0x73, 0x26, 0x68, 0xA6, 0x82, 0xB7,
    0x1D, 0x56, 0xC9, 0x75, 0x73, 0x59, 0x2F, 0x3E, 0xF3, 0xDD, 0x46, 0x0F, 0xC9, 0x74, 0x69, 0x8B,
    0xB8, 0x8F, 0x7D, 0xD7, 0x34, 0xBC, 0x88, 0x38, 0xEE, 0xD5, 0x91, 0xD4, 0x5E, 0xB2, 0x6F, 0xC5,
    0xA9, 0x77, 0xFC, 0xEB, 0xC0, 0x77, 0x2F, 0xD3, 0x06, 0xB9, 0xDA, 0x64, 0xEB, 0xD5, 0x3D, 0x72,
    0xCC, 0x4F, 0x39, 0xC2, 0x1C, 0x3C, 0x9E, 0x76, 0x8D, 0x8A, 0x09, 0x92, 0xE2, 0xB4, 0x51, 0xC3,
    0x35, 0x81, 0x8A, 0xBD, 0xAD, 0xD4, 0x35, 0x03, 0x15, 0xB7, 0x11, 0xAF, 0xCE, 0x34, 0x72, 0x33,
    0x05, 0xB7, 0x07, 0x20, 0xC3, 0x08, 0x64, 0xA9, 0x83, 0x5F, 0x01, 0xC8, 0xC6, 0x73, 0xC5, 0xAB,
    0x6A, 0x8A, 0xC9, 0x5D, 0x58, 0x43, 0x38, 0x7F, 0xB2, 0xFC, 0xA2, 0xB6, 0x95, 0xBB, 0xBA, 0x69,
    0xA5, 0x8E, 0x09, 0x74, 0x83, 0xA0, 0x74, 0x8D, 0x9D, 0xE0, 0x00, 0xD8, 0x63, 0x25, 0x78, 0xDA,
    0x49, 0xEC, 0x54, 0xA5, 0x5E, 0xD4, 0xC0, 0xFE, 0xD4, 0x4A, 0x17, 0x78, 0xAF, 0x66, 0xB3, 0x80,
    0x1D, 0x93, 0xA8, 0xAD, 0xED, 0xC8, 0x92, 0x98, 0xED, 0xD3, 0x89, 0xE5, 0x53, 0xA9, 0xE7, 0x94,
    0xC7, 0x48, 0xB1, 0x74, 0x9A, 0xAF, 0x59, 0xB1, 0x0B, 0xB5, 0x7D, 0x6C, 0xE6, 0xC9, 0x2B, 0x32,
    0x22, 0x2B, 0x3A, 0x56, 0xD0, 0x3D, 0x57, 0xE9, 0x48, 0x25, 0x43, 0xA1, 0x98, 0x34, 0x10, 0x32,
    0x05, 0xF5, 0x72, 0xDA, 0xB7, 0x85, 0x0A, 0x9B, 0x07, 0x56, 0x32, 0x16, 0xFE, 0xB4, 0x02, 0xFD,
    0xDA, 0x55, 0xA9, 0xB3, 0xF8, 0x24, 0x2A, 0x78, 0xCA, 0x7C, 0xE8, 0x49, 0x5E, 0x52, 0x12, 0x64,
    0x7A, 0x20, 0x69, 0x10, 0xB0, 0x38, 0xBA, 0xD8, 0x5A, 0x7A, 0x7D, 0xCB, 0x7E, 0x65, 0x6B, 0x2D,
    0x8F, 0x37, 0x98, 0xBA, 0x57, 0x30, 0xE7, 0x27, 0xC8, 0x74, 0x73, 0x6C, 0x67, 0xC9, 0xDD, 0xFE,
    0x27, 0x7F, 0x0F, 0x19, 0x1A, 0xC6, 0x84, 0x0A, 0xAB, 0x3C, 0x18, 0xA5, 0x6C, 0x19, 0x7C, 0x63,
    0x3D, 0x73, 0xB2, 0x28, 0x18, 0x79, 0x63, 0xDE, 0x08, 0xDE, 0x43, 0x5E, 0x8A, 0xAE, 0x58, 0x71,
    0x0A, 0x53, 0xB3, 0x66, 0x8B, 0x94, 0x9B, 0x30, 0xBE, 0x4E, 0xCC, 0xC1, 0xD2, 0xC5, 0x7D, 0x51,
    0x16, 0x1B, 0xBC, 0x1A, 0xC6, 0x4C, 0xF5, 0xDD, 0x3E, 0xE3, 0x4F, 0x1B, 0x75, 0x71, 0x9A, 0x83,
    0x15, 0x73, 0xB0, 0x65, 0xF0, 0xF9, 0x49, 0x1B, 0xCC, 0xC7, 0x58, 0x92, 0xF2, 0x90, 0xDE, 0xBA,
    0xE2, 0xB2, 0x93, 0xDF, 0x7A, 0x6F, 0xDA, 0xD0, 0xD7, 0x36, 0x56, 0xB8, 0x7E, 0x6E, 0x4F, 0x30,
    0x52, 0x99, 0x19, 0xAA, 0x27, 0xE9, 0x10, 0x38, 0xE3, 0x13, 0x0E, 0x28, 0x3A, 0xC8, 0x67, 0x6B,
    0x34, 0x40, 0x7F, 0xD0, 0x43, 0x16, 0xF7, 0x30, 0x64, 0x96, 0x53, 0x3E, 0x7B, 0x2F, 0x75, 0x1E,
    0xF0, 0x14, 0x63, 0xFE, 0x10, 0xE4, 0xA7, 0x50, 0x99, 0x46, 0xC6, 0x19, 0x62, 0xD7, 0xEF, 0xFF,
    0x91, 0xD6, 0xDE, 0xC9, 0x58, 0x5A, 0x1F, 0x5C, 0xC3, 0x39, 0x14, 0x3C, 0xB7, 0x05, 0xD0, 0xA3,
    0xC6, 0xEC, 0x35, 0x21, 0xA6, 0x15, 0xB3, 0x3F, 0xEF, 0x14, 0xE0, 0xFB, 0x17, 0x4D, 0x91, 0x31,
    0xAF, 0xD3, 0x30, 0x14, 0x85, 0x8F, 0x1B, 0x5A, 0x8B, 0x67, 0xE9, 0x79, 0xE1, 0x0D, 0x3C, 0xA4,
    0xFA, 0x07, 0xA0, 0x36, 0x0B, 0x03, 0x43, 0xD2, 0xDC, 0x8D, 0xA1, 0x03, 0x1D, 0xCA, 0xC4, 0xC0,
    0x0C, 0x48, 0x64, 0xED, 0x10, 0x88, 0x37, 0xD6, 0x0C, 0xFC, 0x04, 0xA6, 0x2E, 0x5D, 0x18, 0x81,
    0x78, 0x67, 0xC9, 0xCE, 0x92, 0x9D, 0x01, 0x0F, 0x45, 0x0A, 0x52, 0x5E, 0x8C, 0x9D, 0x3C, 0x10,
    0xF1, 0x95, 0x65, 0x39, 0xC7, 0xC7, 0xF7, 0x7C, 0xC6, 0x4B, 0x70, 0x67, 0xE4, 0xFB, 0x76, 0xCD,
    0x6C, 0x0A, 0x9B, 0xE0, 0x3C, 0x96, 0x4D, 0x99, 0x8D, 0xA3, 0x56, 0xFE, 0x34, 0xB3, 0x01, 0xE1,
    0x63, 0x80, 0x24, 0x64, 0x84, 0x9A, 0xD8, 0x0F, 0x8A, 0xBE, 0x91, 0x14, 0xB4, 0x7E, 0xBE, 0xCB,
    0x9C, 0x9D, 0xBF, 0xA8, 0x20, 0x28, 0x94, 0x57, 0xED, 0x21, 0x1D, 0xE4, 0x33, 0x5C, 0x7A, 0x79,
    0x05, 0xD5, 0x03, 0xA5, 0x5F, 0x8D, 0xB5, 0xC6, 0xC3, 0x1E, 0x59, 0x33, 0xBA, 0xDD, 0x07, 0x1C,
    0xF1, 0x76, 0xB4, 0xDC, 0x21, 0x1B, 0x50, 0x28, 0x3A, 0x70, 0x53, 0x70, 0x93, 0x0A, 0x1D, 0x3B,
    0x88, 0x2E, 0xA8, 0xAE, 0xF6, 0xB5, 0xFB, 0x95, 0xB7, 0x09, 0x3E, 0x31, 0x1B, 0x19, 0x6E, 0x04,
    0x49, 0x6F, 0x74, 0x19, 0xEE, 0xF9, 0x00, 0x39, 0x60, 0x25, 0x91, 0xF8, 0x2E, 0x14, 0x44, 0x0F,
    0x79, 0x83, 0x34, 0x78, 0xE8, 0x83, 0xD0, 0x9B, 0xFC, 0xD6, 0x80, 0x55, 0xD3, 0x3E, 0x0A, 0xA1,
    0x83, 0x37, 0xD7, 0xCA, 0x69, 0xEE, 0x08, 0x0A, 0x78, 0x8B, 0x07, 0x67, 0x64, 0x3A, 0xC8, 0xEE,
    0xDC, 0xC3, 0xE0, 0x90, 0x6F, 0xF5, 0x32, 0x32, 0xFF, 0x6A, 0xCD, 0x9B, 0xFA, 0xA9, 0x65, 0x03,
    0x84, 0x6B, 0xD4, 0xCC, 0xAE, 0x02, 0x9B, 0x09, 0x8F, 0x9D, 0xF0, 0xA8, 0x27, 0x8D, 0x70, 0xC4,
    0x3E, 0x7A, 0x83, 0x99, 0xA9, 0xCD, 0x6B, 0x13, 0xFD, 0x37, 0x78, 0x53, 0xF6, 0x57, 0xBB, 0x45,
    0x87, 0xB8, 0x46, 0x22, 0xE9, 0xB1, 0x0F, 0xEA, 0x11, 0xA4, 0x40, 0x87, 0x68, 0x8A, 0x7D, 0xD4,
    0x99, 0x33, 0xF3, 0x7D, 0xE8, 0x34, 0xFB, 0x8A, 0x47, 0xFE, 0xEF, 0x12, 0xF8, 0x1C, 0xA2, 0xCC,
    0xF3, 0xBF, 0xC8, 0xDE, 0x21, 0xEB, 0x70, 0xED, 0xC1, 0x7A, 0xB8, 0x31, 0xA1, 0x24, 0x4F, 0x2D,
    0xFA, 0x4E, 0x62, 0x4B, 0x4B, 0x41, 0x9B, 0x53, 0x1B, 0x3B, 0x7B, 0x8B, 0x7E, 0x81, 0x8B, 0xE3,
    0x88, 0x1E, 0x23, 0xFA, 0x33, 0x2E, 0x6E, 0x10, 0x52, 0xCA, 0x71, 0xFE, 0x82, 0xF2, 0x3C, 0xFA,
    0xE4, 0x34, 0xFB, 0x0D, 0x61, 0x10, 0x23, 0x38, 0x97, 0x0E, 0x07, 0xA9, 0x27, 0xEE, 0x1B, 0x49,
    0x6A, 0x80, 0x4F, 0xF3, 0xEA, 0xE8, 0x5C, 0xBB, 0xAA, 0x0A, 0x58, 0xD6, 0xFA, 0x1C, 0x7A, 0x42,
    0x7E, 0x17, 0xBC, 0x83, 0x3A, 0x05, 0xDE, 0x89, 0x84, 0x7A, 0x13, 0xFA, 0x54, 0xA5, 0x8F, 0xE6,
    0x8F, 0xEB, 0x42, 0x52, 0x3C, 0x60, 0x51, 0x05, 0xCD, 0x94, 0xB7, 0xE0, 0x81, 0xF7, 0x66, 0xAB,
    0xA5, 0xD3, 0xEC, 0x14, 0xDE, 0x9E, 0xF5, 0x88, 0x5B, 0x5C, 0x03, 0x7F, 0x00, 0x35, 0x50, 0x31,
    0x4E, 0x03, 0x31, 0x10, 0x1C, 0x67, 0x75, 0xBA, 0x82, 0x02, 0x0A, 0x22, 0x04, 0x57, 0xF8, 0x01,
    0x14, 0xBC, 0x00, 0x61, 0x89, 0x0F, 0x44, 0x22, 0xBC, 0x03, 0x1E, 0x80, 0x74, 0x27, 0x3E, 0x40,
    0x7A, 0x9A, 0xB4, 0xD0, 0x40, 0x41, 0x41, 0x01, 0x8A, 0x9F, 0xB0, 0x12, 0xA2, 0x3F, 0x5A, 0x2A,
    0x17, 0x8E, 0x84, 0x4C, 0x92, 0x65, 0xED, 0x0B, 0x96, 0xC6, 0xE3, 0x5D, 0xEF, 0x7A, 0x76, 0x0C,
    0x00, 0x67, 0x22, 0xBE, 0x49, 0x4F, 0x9E, 0x7A, 0xDA, 0x02, 0x18, 0x70, 0x09, 0x12, 0x01, 0xA5,
    0x87, 0x12, 0x1F, 0x2C, 0x73, 0x6D, 0x87, 0xFF, 0xFB, 0x26, 0xE5, 0xD8, 0xE9, 0x0B, 0x53, 0xA0,
    0xD6, 0x83, 0xBD, 0x67, 0x9C, 0x8E, 0x7A, 0xDC, 0x18, 0xC6, 0xAB, 0xA6, 0x23, 0x70, 0x94, 0xDE,
    0x60, 0xE5, 0x07, 0x26, 0x68, 0xED, 0x6F, 0xC4, 0x71, 0x9A, 0x63, 0xC4, 0xDA, 0xEF, 0xB5, 0xA5,
    0x03, 0x16, 0xAA, 0xDD, 0x2A, 0xF6, 0x31, 0x46, 0xF5, 0x38, 0x43, 0x5E, 0xAD, 0x6C, 0x0A, 0x37,
    0x7C, 0xD5, 0x65, 0x26, 0xDE, 0xF1, 0x03, 0xD7, 0xFE, 0xBA, 0x30, 0xF9, 0xB0, 0x8D, 0x03, 0x0E,
    0x1D, 0xF1, 0xEE, 0x9D, 0x7C, 0x49, 0x20, 0x6E, 0xAB, 0xE5, 0xB9, 0x9F, 0x93, 0xAC, 0x10, 0xC8,
    0x4F, 0x68, 0x33, 0x53, 0x8E, 0x5A, 0x07, 0x04, 0x23, 0xAE, 0x30, 0x6C, 0x3F, 0xB0, 0x09, 0x85,
    0xC9, 0x05, 0xAB, 0x3E, 0xD6, 0x17, 0xB7, 0x7D, 0x2B, 0xAA, 0xFD, 0x21, 0x45, 0xB3, 0xC2, 0x9E,
    0xEE, 0xE3, 0xEC, 0x2B, 0xE2, 0xE4, 0x3B, 0xE2, 0x1D, 0x2F, 0x26, 0xE2, 0x59, 0x7D, 0xBB, 0x9A,
    0xB3, 0xEF, 0x15, 0xEC, 0xE7, 0x54, 0x31, 0x51, 0x0F, 0x11, 0x79, 0xC2, 0x9C, 0x27, 0x1D, 0xCC,
    0xAC, 0xB5, 0x79, 0x21, 0x2A, 0x25, 0x9C, 0xFF, 0xE6, 0x0F, 0x7D, 0x52, 0x31, 0x4E, 0xC3, 0x40,
    0x10, 0x1C, 0xC7, 0x48, 0x29, 0x82, 0x74, 0x29, 0x12, 0x89, 0x02, 0x48, 0x8A, 0x14, 0x34, 0x81,
    0x86, 0x22, 0x48, 0x0E, 0x71, 0x43, 0x9F, 0xC6, 0xD4, 0xA9, 0xA9, 0x40, 0x58, 0x22, 0x02, 0xA1,
    0xB8, 0x77, 0xC3, 0x13, 0x28, 0x68, 0x30, 0x8D, 0x25, 0x52, 0x80, 0x90, 0xE0, 0x7E, 0x80, 0x7F,
    0x80, 0x9F, 0x70, 0x45, 0x0A, 0x8A, 0x88, 0x65, 0x2E, 0x26, 0x28, 0x20, 0xC8, 0x69, 0x56, 0xDE,
    0x3B, 0xEF, 0xCD, 0xEE, 0xEC, 0x1E, 0x00, 0x38, 0x39, 0x50, 0xD6, 0x80, 0xA2, 0xDF, 0x0D, 0x92,
    0x9B, 0x17, 0x91, 0xF7, 0x2E, 0xD0, 0x57, 0x3E, 0xE0, 0x66, 0x3C, 0xB4, 0x66, 0x57, 0x15, 0x98,
    0xC2, 0x15, 0xA8, 0x33, 0xED, 0x1D, 0x9B, 0x66, 0x38, 0x40, 0x88, 0x65, 0x98, 0xAF, 0x36, 0x6D,
    0x46, 0xA6, 0x8F, 0x6E, 0x03, 0x63, 0xE9, 0x6B, 0x70, 0x4C, 0x91, 0xB4, 0xC1, 0x7F, 0xEB, 0x45,
    0x58, 0x13, 0xCB, 0xF9, 0x76, 0xC3, 0xB4, 0x7D, 0x92, 0x57, 0x9E, 0xA2, 0xD2, 0x07, 0xF0, 0x30,
    0x27, 0x2F, 0x65, 0x1B, 0x28, 0x47, 0x15, 0x7F, 0x93, 0xDE, 0x65, 0x10, 0x4C, 0x44, 0x64, 0xEA,
    0x01, 0x46, 0x31, 0x9D, 0xAB, 0x15, 0x1C, 0xBD, 0xFA, 0x4D, 0x3F, 0x45, 0x59, 0xFC, 0xC6, 0x59,
    0xE6, 0x85, 0xA6, 0x1A, 0x56, 0x7F, 0xD1, 0xB7, 0xC2, 0x01, 0xCF, 0xA9, 0x8D, 0x0A, 0x19, 0x69,
    0xD5, 0x36, 0x17, 0x04, 0xFF, 0xBC, 0x42, 0x7F, 0x31, 0xB8, 0xFE, 0xD8, 0x7F, 0x91, 0xF7, 0x7A,
    0xD0, 0x67, 0xDB, 0x80, 0xF1, 0x02, 0x52, 0x0B, 0x93, 0xBA, 0x3A, 0x55, 0x48, 0xF7, 0x83, 0x74,
    0x24, 0x66, 0x1B, 0xA8, 0xF8, 0xAC, 0x16, 0xB8, 0xB6, 0x75, 0xD5, 0x80, 0xE1, 0x4F, 0x74, 0x08,
    0x0F, 0x1D, 0x85, 0x8E, 0xAB, 0xF7, 0x0E, 0x4D, 0x4F, 0x26, 0x28, 0xE5, 0x14, 0x09, 0xDE, 0xDC,
    0x2A, 0xC4, 0x38, 0xB0, 0xED, 0x84, 0x6F, 0x35, 0x52, 0x25, 0xBF, 0x5D, 0xEE, 0x9F, 0x93, 0x3B,
    0x4D, 0xFD, 0x91, 0x87, 0x62, 0x9A, 0x8C, 0x00, 0x22, 0xDA, 0x00, 0xB3, 0x86, 0xBB, 0xDA, 0xE9,
    0x2B, 0xB6, 0x7F, 0x3F, 0x49, 0x6E, 0x58, 0x1B, 0x7A, 0x22, 0x13, 0xBB, 0x9F, 0xC5, 0x99, 0x62,
    0xC2, 0x5F, 0xA2, 0x5F, 0xD1, 0x88, 0xB3, 0x8B, 0x78, 0x7C, 0x1A, 0xEF, 0xBA, 0x31, 0xFE, 0x84,
    0x73, 0xC0, 0xE8, 0x16, 0xCD, 0x43, 0x9D, 0xE9, 0x38, 0x57, 0x7D, 0x94, 0x24, 0x96, 0x66, 0x38,
    0x12, 0xB1, 0x73, 0xFE, 0x7A, 0x54, 0xDE, 0x8C, 0xF9, 0x3F, 0x1A, 0xE2, 0x3E, 0xEE, 0xF4, 0x62,
    0xA3, 0x62, 0xED, 0xBE, 0xCD, 0x5B, 0x7F, 0xB5, 0x46, 0xCD, 0xDB, 0x6C, 0x54, 0x25, 0xDA, 0x11,
    0xC9, 0xCF, 0x93, 0x64, 0x4C, 0x66, 0x8F, 0x15, 0x9B, 0x86, 0x48, 0x66, 0x27, 0xEE, 0xE4, 0x7C,
    0x58, 0xFE, 0x0A, 0x3E, 0x01, 0xAD, 0x57, 0x3D, 0x6F, 0xDB, 0x56, 0x14, 0xBD, 0x24, 0x1D, 0x13,
    0x28, 0x81, 0xD0, 0x83, 0x8D, 0xA2, 0x2D, 0x6A, 0x66, 0xF0, 0x60, 0xA4, 0x96, 0xB8, 0x64, 0x50,
    0x00, 0x7D, 0xB0, 0x5D, 0xBB, 0x78, 0xB0, 0x92, 0x21, 0x43, 0x32, 0x77, 0x89, 0x07, 0x15, 0x30,
    0x0A, 0xD9, 0xE2, 0xDE, 0x25, 0x43, 0xDB, 0xB5, 0x19, 0x5A, 0xA0, 0x55, 0x06, 0x6B, 0xD0, 0xE0,
    0x14, 0x4E, 0x48, 0xF4, 0x17, 0x10, 0x2D, 0xD2, 0xA5, 0x0B, 0x87, 0x06, 0x28, 0x3C, 0xB4, 0x1C,
    0x58, 0x94, 0x48, 0x28, 0xB1, 0xE7, 0x3C, 0x4A, 0x94, 0x9D, 0x8F, 0xA6, 0x4E, 0x43, 0xF3, 0x3D,
    0x93, 0x7C, 0xEF, 0x9D, 0x77, 0xEE, 0xC7, 0xBB, 0xF7, 0x6A, 0x55, 0xE4, 0x82, 0x1C, 0x88, 0xD8,
    0x5E, 0x47, 0xC4, 0x15, 0xD7, 0x93, 0x96, 0xD8, 0xBE, 0xF4, 0xC5, 0x0A, 0xE5, 0x48, 0xCC, 0xA2,
    0x48, 0xC4, 0x60, 0xA7, 0x27, 0x46, 0x24, 0x92, 0x19, 0xA1, 0x48, 0x6E, 0xF9, 0x22, 0x7D, 0x5B,
    0x44, 0xDA, 0xEB, 0xE8, 0xDC, 0x1A, 0x3A, 0xBB, 0xCF, 0x2E, 0x45, 0x67, 0x26, 0xE8, 0x38, 0xB7,
    0xBC, 0x34, 0xB4, 0x20, 0x15, 0xFD, 0xF1, 0x04, 0x8F, 0xD8, 0x42, 0x1C, 0x4E, 0xF4, 0x84, 0x9B,
    0xBC, 0xF7, 0xB5, 0x2F, 0x41, 0xE1, 0x1B, 0xB1, 0xE3, 0x5B, 0xBE, 0xED, 0xDB, 0xF8, 0x5E, 0x17,
    0x1B, 0x04, 0x1C, 0xB4, 0x3A, 0x5A, 0x13, 0xED, 0x48, 0x3A, 0x5A, 0x22, 0xCE, 0x9F, 0xA1, 0x98,
    0xD3, 0x12, 0x72, 0xAD, 0xBB, 0x5D, 0x14, 0xF9, 0x0F, 0xC3, 0x5C, 0xE4, 0xF8, 0xF4, 0xFD, 0xD9,
    0x30, 0x1F, 0x14, 0xCF, 0x7E, 0xC4, 0x8D, 0xC9, 0x45, 0x91, 0xCD, 0xE8, 0x7C, 0x2F, 0xBB, 0xE2,
    0x16, 0x69, 0x22, 0xC5, 0x57, 0x45, 0x68, 0xA4, 0xE2, 0xFA, 0x10, 0xB4, 0x13, 0x82, 0xD1, 0xDF,
    0x91, 0x2B, 0xC6, 0x4F, 0x71, 0x5B, 0xEC, 0x0F, 0x93, 0x96, 0xB4, 0x34, 0x74, 0x19, 0x3A, 0x3D,
    0xD6, 0x92, 0xB6, 0xE5, 0xEB, 0x89, 0x5B, 0x17, 0x30, 0x85, 0x4E, 0x42, 0x1B, 0x7C, 0x7C, 0x2B,
    0x91, 0x81, 0x38, 0xC5, 0x61, 0x26, 0x7D, 0xB7, 0x88, 0xE4, 0x92, 0xEC, 0x10, 0x7F, 0x1B, 0xB2,
    0x43, 0x01, 0x26, 0x34, 0x61, 0xE5, 0xA5, 0x5A, 0x6A, 0x2D, 0x91, 0xA6, 0x2B, 0xB2, 0x07, 0xC9,
    0xC7, 0x90, 0x3A, 0xB1, 0x42, 0x3D, 0x36, 0x23, 0x23, 0x34, 0x62, 0x33, 0xD4, 0x13, 0xDB, 0xD3,
    0x52, 0xE8, 0x32, 0xAB, 0x83, 0x69, 0xA7, 0x28, 0x26, 0x68, 0xD3, 0x0B, 0xDD, 0xEE, 0x8E, 0xE0,
    0xA1, 0x90, 0xCE, 0xB7, 0xD7, 0x82, 0x53, 0x46, 0xB1, 0x95, 0x51, 0x22, 0x81, 0x51, 0x12, 0xED,
    0x79, 0xA3, 0xEC, 0xFF, 0x47, 0xA3, 0x40, 0x85, 0x30, 0x44, 0x51, 0x78, 0x5A, 0x31, 0x1C, 0x96,
    0x83, 0x80, 0xA7, 0xFD, 0xB9, 0x9E, 0x5D, 0x53, 0x3D, 0x0D, 0x31, 0x3A, 0x20, 0x8D, 0x16, 0x18,
    0x81, 0xC3, 0x7C, 0x94, 0x36, 0x24, 0x17, 0x60, 0x2A, 0xBD, 0x06, 0x80, 0x12, 0x8B, 0x9D, 0x08,
    0xC1, 0xD6, 0xFE, 0x9A, 0xC3, 0xDF, 0x3B, 0x01, 0x3C, 0xF8, 0xD9, 0xBE, 0xE9, 0x03, 0x1E, 0x6A,
    0x86, 0x7E, 0x09, 0xBF, 0x4E, 0xF8, 0xA0, 0x82, 0xBF, 0x4F, 0xF8, 0x31, 0xE1, 0xB1, 0xDE, 0xD1,
    0x62, 0xC0, 0xFF, 0x08, 0xBA, 0xC6, 0xD3, 0x70, 0x0E, 0x6F, 0xAB, 0x8E, 0xBB, 0xAD, 0x57, 0x62,
    0x90, 0x95, 0x1A, 0x35, 0xA7, 0x60, 0xEA, 0x50, 0x04, 0xBA, 0xD8, 0x8C, 0xE9, 0x70, 0x38, 0x21,
    0xFC, 0xF4, 0x14, 0x71, 0x97, 0x0C, 0xED, 0xDF, 0xD0, 0xE9, 0x05, 0xF1, 0x5C, 0x74, 0xD4, 0x05,
    0xE6, 0x4D, 0x44, 0x2E, 0x0F, 0x03, 0xAA, 0xC8, 0xA0, 0xC6, 0xE8, 0x39, 0xF3, 0x45, 0x4A, 0x5A,
    0x8C, 0x0E, 0x0F, 0x95, 0x51, 0xB0, 0x62, 0xC7, 0xA9, 0xD4, 0xE0, 0x56, 0x1B, 0xC2, 0xDE, 0x42,
    0xAF, 0x28, 0x0A, 0x1F, 0x1D, 0x14, 0x43, 0xBB, 0xC8, 0xDB, 0x8F, 0x2A, 0xF8, 0x27, 0x84, 0x4F,
    0x08, 0x3F, 0x26, 0x7C, 0x9F, 0xF0, 0x4D, 0x02, 0xD4, 0x08, 0x1F, 0x54, 0xF0, 0x37, 0xBE, 0x00,
    0xB2, 0xE9, 0x3B, 0x44, 0xC0, 0xA8, 0x1E, 0x01, 0x5E, 0x8B, 0x09, 0xFF, 0xB4, 0x82, 0xCF, 0x2B,
    0x2B, 0xD5, 0x2A, 0x9B, 0xEE, 0x48, 0x39, 0x7A, 0x79, 0x78, 0xB8, 0x10, 0xA1, 0x53, 0x32, 0x75,
    0x4E, 0x00, 0xEF, 0x16, 0xA5, 0x8D, 0x16, 0xC4, 0x71, 0xF2, 0x65, 0x39, 0xE7, 0xB2, 0x18, 0x1D,
    0x0E, 0x58, 0x17, 0x17, 0x8E, 0x17, 0x8E, 0x3C, 0x56, 0x04, 0x1E, 0x0E, 0x87, 0x2B, 0x6F, 0xBA,
    0xBB, 0x9D, 0x69, 0x41, 0x5C, 0xE4, 0x46, 0x91, 0xC0, 0x80, 0xDB, 0x20, 0x95, 0xBA, 0x27, 0xC3,
    0xD4, 0x8E, 0xE4, 0x08, 0xAE, 0xD8, 0xD0, 0x33, 0x1C, 0xA6, 0x07, 0x33, 0xE6, 0x0E, 0x54, 0x68,
    0xC5, 0xE5, 0xA1, 0x32, 0xF0, 0x1F, 0xEB, 0x15, 0x7B, 0x2A, 0x1C, 0x1A, 0xD6, 0x13, 0x59, 0x35,
    0x43, 0x69, 0xC2, 0xAF, 0xFA, 0x9D, 0xEE, 0xB5, 0x0C, 0x72, 0xA4, 0x1D, 0x86, 0xAB, 0x52, 0x1F,
    0x50, 0x93, 0xD2, 0x0A, 0xF4, 0xB4, 0x27, 0x92, 0x0A, 0x8F, 0x4C, 0x44, 0xB3, 0xE0, 0xB0, 0xD8,
    0xCA, 0x91, 0x9A, 0x34, 0x03, 0x46, 0xE4, 0xB9, 0x11, 0x65, 0x52, 0x8E, 0xD7, 0x69, 0x7C, 0xB1,
    0x3C, 0x8E, 0xE2, 0x08, 0x01, 0x83, 0x3E, 0xBA, 0x77, 0x76, 0x0C, 0x24, 0x30, 0x4C, 0xBF, 0xC5,
    0xD8, 0xD1, 0xCC, 0x32, 0xB8, 0x1A, 0xBC, 0x37, 0x1A, 0x1B, 0x07, 0x57, 0x73, 0x0B, 0x51, 0x62,
    0x8A, 0x88, 0x1A, 0x75, 0xAE, 0x66, 0x57, 0x1A, 0x9B, 0xE5, 0x10, 0x2F, 0x1C, 0x9D, 0x89, 0xD4,
    0x6F, 0x7A, 0x4D, 0xD3, 0xDF, 0x33, 0xC2, 0x86, 0xE1, 0xB7, 0x2C, 0xCF, 0x99, 0x8A, 0x76, 0x57,
    0x56, 0x27, 0x93, 0xBD, 0x19, 0x10, 0x01, 0x79, 0x9C, 0x81, 0x4D, 0xBA, 0x64, 0xA1, 0xC7, 0xE5,
    0x99, 0xA6, 0x9B, 0x99, 0xFE, 0xD0, 0xB7, 0xBC, 0x22, 0xB4, 0xE5, 0x7A, 0xE4, 0x40, 0x53, 0x35,
    0xCC, 0xC0, 0x92, 0x14, 0x2D, 0xC3, 0x92, 0x63, 0x4C, 0x6F, 0xA2, 0x75, 0xB0, 0xC4, 0x8D, 0x4A,
    0xB5, 0xF2, 0xC4, 0x5B, 0x9E, 0x02, 0x37, 0x53, 0xEE, 0x58, 0x97, 0xA6, 0x35, 0x96, 0x06, 0xD4,
    0xDC, 0x00, 0x74, 0xD3, 0x1C, 0x8B, 0xFB, 0xB0, 0x2D, 0x56, 0x5A, 0x4E, 0xB2, 0x62, 0x2B, 0x76,
    0xF3, 0x4E, 0xD6, 0xB0, 0x93, 0x66, 0xCF, 0x0C, 0xB7, 0xD8, 0xF6, 0x2E, 0x26, 0xCD, 0xF6, 0xF1,
    0x41, 0x6A, 0xC7, 0x4E, 0xCC, 0x39, 0xAB, 0x33, 0xA2, 0xAF, 0xD3, 0x5A, 0x88, 0x79, 0x74, 0x7F,
    0x15, 0xF6, 0x16, 0xDA, 0x2B, 0xBD, 0x58, 0x53, 0x41, 0x2C, 0x9E, 0x47, 0x1D, 0xE5, 0xD3, 0x74,
    0x11, 0x8D, 0xE1, 0xC7, 0x48, 0xE6, 0xDF, 0x95, 0x4B, 0xEF, 0x4B, 0xE9, 0x1B, 0xE5, 0x77, 0xEB,
    0x51, 0xB7, 0xEB, 0xD1, 0xEF, 0x43, 0x46, 0x9A, 0x70, 0x3B, 0x7D, 0xC9, 0x75, 0x77, 0x75, 0xA9,
    0x59, 0x3F, 0xDF, 0xDF, 0xE6, 0x3B, 0x2A, 0xDE, 0x97, 0xFB, 0xA8, 0xA0, 0xC1, 0x90, 0x2F, 0x36,
    0xA5, 0x71, 0xEA, 0x3C, 0x99, 0xF4, 0x54, 0xFA, 0xA6, 0xEC, 0x31, 0x3A, 0xA7, 0x34, 0x14, 0x23,
    0x36, 0x53, 0x0A, 0xAD, 0x96, 0xD0, 0x6D, 0x8E, 0x66, 0x91, 0x9D, 0x1E, 0xE7, 0x52, 0x84, 0x16,
    0x7D, 0x6A, 0x95, 0x69, 0xB9, 0xAD, 0x0E, 0x2E, 0xBD, 0xCC, 0x66, 0x06, 0xB0, 0x38, 0x0F, 0x2B,
    0x52, 0x5A, 0x3D, 0x81, 0xB3, 0xD1, 0x01, 0x54, 0x06, 0x18, 0xE3, 0xAB, 0xF4, 0xB9, 0x47, 0x93,
    0x11, 0xB2, 0xAE, 0x72, 0x6C, 0x6B, 0x9E, 0x01, 0xCC, 0x6C, 0xCE, 0x4F, 0x27, 0xD3, 0x4F, 0xBE,
    0x61, 0x46, 0x17, 0xFB, 0xF1, 0x6D, 0x04, 0x17, 0x23, 0x6E, 0xC1, 0x53, 0x78, 0x04, 0xCE, 0xDB,
    0xC0, 0x70, 0xFB, 0xBC, 0x6B, 0xA0, 0x99, 0xA4, 0x0D, 0x16, 0xAE, 0x67, 0xC6, 0xD6, 0x93, 0xC0,
    0xD7, 0x18, 0x16, 0x2F, 0x78, 0xA5, 0xE7, 0xE8, 0x88, 0x5C, 0xE6, 0xAF, 0x48, 0x15, 0x1F, 0x79,
    0xEA, 0x88, 0xFF, 0xDF, 0x06, 0x65, 0xAE, 0xC0, 0x0A, 0x7D, 0x6C, 0x3C, 0x80, 0xF0, 0xEF, 0xDE,
    0x99, 0x39, 0x15, 0x3D, 0x05, 0xB1, 0xA6, 0xF4, 0x98, 0x97, 0x5F, 0x58, 0x96, 0xE1, 0x10, 0xE6,
    0xA8, 0x5B, 0xF2, 0x15, 0x40, 0xCD, 0x5C, 0x2E, 0xE7, 0xB7, 0xE3, 0xD2, 0xC1, 0x5E, 0x7E, 0x59,
    0xA7, 0xF6, 0x40, 0x05, 0xD4, 0x9F, 0x4E, 0x56, 0xD5, 0xF7, 0xD5, 0x87, 0xD3, 0xFE, 0x79, 0x80,
    0x5E, 0x44, 0x02, 0xE6, 0xBC, 0xE5, 0x04, 0xBF, 0x24, 0x8D, 0xE5, 0x22, 0x5C, 0x91, 0x35, 0xE5,
    0x83, 0xF6, 0x54, 0x46, 0xED, 0x9B, 0x4F, 0xA3, 0x2B, 0x5A, 0xE0, 0x2D, 0x72, 0x7C, 0x77, 0x9B,
    0xB1, 0x90, 0xFF, 0xE7, 0xDF, 0xF8, 0xCE, 0xB6, 0xEC, 0x2D, 0x75, 0xD2, 0xDA, 0xFD, 0x20, 0x1F,
    0x39, 0xF4, 0x0B, 0x37, 0x7E, 0x3F, 0x98, 0xEE, 0x27, 0x6E, 0xB6, 0xA2, 0xDF, 0xD9, 0x10, 0xB9,
    0xA5, 0xA6, 0x04, 0x4F, 0x2A, 0x28, 0x3E, 0xF3, 0x1B, 0xC7, 0x18, 0xAF, 0xB4, 0xE8, 0xF2, 0xBD,
    0xDF, 0x99, 0x83, 0x6A, 0xEA, 0x8C, 0x8E, 0x98, 0x8F, 0x3E, 0x38, 0xF9, 0xCE, 0xA2, 0xD3, 0x32,
    0x4F, 0xDE, 0x9D, 0xC7, 0xE0, 0x57, 0xF1, 0x10, 0x84, 0x7A, 0xC4, 0x7B, 0x37, 0xD6, 0xA7, 0x8C,
    0x4B, 0x07, 0x2A, 0x3A, 0xE9, 0x70, 0x8A, 0x41, 0xA4, 0xDC, 0x76, 0x16, 0xFD, 0x90, 0x4D, 0xB1,
    0xC3, 0x25, 0x95, 0x8F, 0xDD, 0x58, 0x30, 0x59, 0xCD, 0xCB, 0x79, 0xBB, 0xD1, 0xF2, 0x44, 0x3A,
    0xD1, 0x2C, 0x5E, 0x57, 0x93, 0xE7, 0x6F, 0x1B, 0xF2, 0x96, 0x70, 0x5A, 0xC0, 0x25, 0x56, 0x4A,
    0x70, 0xA8, 0x48, 0x3D, 0xA2, 0x7E, 0xA3, 0x7D, 0x9C, 0x98, 0x3B, 0x69, 0x53, 0x19, 0xF8, 0xF3,
    0x17, 0xCC, 0x1F, 0x60, 0xED, 0x26, 0xD7, 0x9E, 0xBA, 0x36, 0x65, 0x99, 0xDC, 0x7D, 0x3B, 0xA6,
    0x15, 0x34, 0x96, 0xA3, 0x03, 0xDF, 0x59, 0xBC, 0xE4, 0xD2, 0x41, 0x2C, 0x4F, 0xC9, 0x3F, 0xF0,
    0x40, 0xB0, 0x7C, 0xEC, 0x78, 0x9C, 0x7F, 0x1A, 0x6B, 0x8D, 0x8A, 0x38, 0x93, 0xA9, 0xF3, 0x67,
    0x4A, 0x2B, 0x99, 0x15, 0xC9, 0xE5, 0x53, 0x55, 0x96, 0x69, 0x2A, 0x53, 0xB3, 0x06, 0x98, 0x7A,
    0x67, 0x98, 0x31, 0x1D, 0x30, 0x81, 0x95, 0xC9, 0x40, 0xBB, 0xFE, 0x68, 0x5E, 0x16, 0x1D, 0x0E,
    0x21, 0xA3, 0x4D, 0x88, 0xBA, 0xA8, 0x82, 0x1A, 0xB7, 0xCA, 0x79, 0x2A, 0x7F, 0xA5, 0xB3, 0x82,
    0xCB, 0x55, 0x05, 0xD7, 0xCF, 0xCC, 0x25, 0xAA, 0x42, 0xB8, 0xAD, 0xEA, 0xB9, 0x6A, 0xFF, 0xF5,
    0xD3, 0x65, 0xC6, 0xFC, 0xAA, 0x55, 0x05, 0x48, 0x93, 0x12, 0x1D, 0xCD, 0x25, 0xBA, 0x57, 0xA4,
    0xB3, 0x6A, 0xC5, 0x08, 0xDB, 0xEC, 0x54, 0x2D, 0x63, 0x53, 0x1E, 0x9B, 0x05, 0x9C, 0xCA, 0xAE,
    0xAA, 0xE6, 0x61, 0xF5, 0x73, 0x56, 0x22, 0x4A, 0x41, 0x2A, 0x0B, 0x51, 0xE6, 0xF2, 0x9D, 0x29,
    0xF4, 0x16, 0xB1, 0xBE, 0x55, 0x91, 0xE8, 0x2F, 0xAA, 0xD6, 0x45, 0xCD, 0xA6, 0x50, 0x16, 0x12,
    0x55, 0x97, 0xAA, 0x83, 0xDC, 0xB2, 0x94, 0x7B, 0xB3, 0xA6, 0x50, 0xF5, 0xA6, 0xEA, 0xF8, 0x53,
    0x83, 0x8E, 0x8E, 0x40, 0x9D, 0xF6, 0xF6, 0xA1, 0x82, 0x9E, 0xE5, 0x5D, 0x94, 0x9E, 0x1E, 0x6E,
    0x49, 0x4F, 0xE2, 0x06, 0xBA, 0xD1, 0x2E, 0xBA, 0xDE, 0xA7, 0xDD, 0xFB, 0xDD, 0x1E, 0x44, 0x2B,
    0xB2, 0x1E, 0x5F, 0x55, 0xA7, 0x46, 0xD5, 0x3C, 0xAC, 0x30, 0x42, 0xAC, 0xC5, 0xAF, 0x84, 0xAC,
    0xF7, 0x80, 0xCC, 0xA9, 0x9E, 0x1D, 0x39, 0x03, 0x2F, 0x84, 0x17, 0xC2, 0x0B, 0xE1, 0x85, 0xF0,
    0x42, 0x78, 0x21, 0x7C, 0xB7, 0x82, 0x17, 0xC2, 0x0B, 0xE1, 0x85, 0xF0, 0x98, 0x67, 0x53, 0xCB,
    0x58, 0x4B, 0x78, 0xF9, 0x37, 0xF8, 0x90, 0xE6, 0x8B, 0xC5, 0x0D, 0xB7, 0x8E, 0x64, 0x1C, 0x37,
    0xEA, 0x7A, 0x34, 0xDA, 0xB5, 0x3E, 0xF7, 0x7A, 0xBB, 0xF0, 0xF0, 0x2B, 0x23, 0x28, 0xAD, 0xB1,
    0xAB, 0xFF, 0x21, 0x57, 0x7A, 0xD6, 0xC7, 0x7E, 0xAF, 0x51, 0xD3, 0xE3, 0xD1, 0xD6, 0x58, 0x8E,
    0x62, 0x18, 0xC0, 0x0D, 0xD5, 0xDA, 0x57, 0xC0, 0x93, 0x01, 0xD8, 0xBB, 0x64, 0x0F, 0x78, 0xD8,
    0x7F, 0xD4, 0x83, 0x40, 0xBD, 0x5D, 0xB8, 0x09, 0xE0, 0xC7, 0x84, 0x8F, 0x08, 0xEF, 0x81, 0x7D,
    0x8D, 0xEC, 0xC7, 0x64, 0xCF, 0x8A, 0xED, 0xC5, 0xF0, 0x8C, 0xC1, 0xFE, 0x6B, 0xB5, 0xB5, 0x1B,
    0x5F, 0x6E, 0x43, 0x5F, 0x19, 0xDB, 0xCA, 0x83, 0xE9, 0xF1, 0x92, 0x2C, 0x21, 0xAA, 0x0D, 0x50,
    0x73, 0xB8, 0x5E, 0x80, 0xBE, 0xE3, 0xB7, 0xE0, 0x00, 0x8E, 0xFC, 0x03, 0xAD, 0x92, 0x31, 0x4E,
    0xC3, 0x40, 0x10, 0x45, 0xBF, 0x17, 0xE1, 0x14, 0x2E, 0x92, 0x86, 0xCA, 0x12, 0x6E, 0xE8, 0x7D,
    0x81, 0x48, 0x76, 0x47, 0x41, 0x41, 0x0A, 0xA8, 0x72, 0x08, 0x28, 0x69, 0x80, 0x9C, 0x82, 0xD3,
    0x04, 0xC5, 0xCA, 0x09, 0x2C, 0x71, 0x01, 0x57, 0xB4, 0xB8, 0x70, 0x61, 0x90, 0xD9, 0xE1, 0xFF,
    0xB5, 0xE9, 0x43, 0x44, 0xB1, 0x6F, 0xAC, 0xD9, 0xF1, 0xFE, 0xBF, 0xB3, 0x03, 0x00, 0x37, 0x40,
    0xEC, 0xAF, 0x0D, 0xC8, 0xCD, 0xDF, 0x95, 0xD8, 0xBA, 0x3E, 0x46, 0xD4, 0xA2, 0x05, 0x5C, 0xC3,
    0x88, 0x93, 0xC6, 0x91, 0xA9, 0x99, 0xB5, 0x78, 0x0E, 0x1C, 0x33, 0x7F, 0x65, 0xD2, 0xCF, 0xBE,
    0x4A, 0x14, 0x3E, 0xB7, 0x8A, 0xAA, 0xB7, 0x5C, 0x99, 0xBE, 0x9E, 0xD6, 0xDC, 0xEB, 0x28, 0xC4,
    0x9A, 0x0D, 0x4B, 0x81, 0x11, 0xE9, 0xA4, 0x37, 0xC9, 0x1D, 0x0A, 0xA9, 0x04, 0x11, 0x69, 0x2C,
    0xA8, 0xCA, 0x03, 0x50, 0x48, 0x63, 0xE0, 0x6E, 0xD4, 0x3A, 0x09, 0xFD, 0x16, 0xA7, 0xB6, 0x97,
    0xC6, 0xFE, 0x58, 0x8D, 0x12, 0xD3, 0x4D, 0x62, 0x7F, 0x65, 0x8D, 0x3A, 0x68, 0x52, 0xDA, 0xBA,
    0x01, 0xD2, 0x42, 0x87, 0xD5, 0xD4, 0xC4, 0xA9, 0x07, 0xA1, 0x8D, 0xD6, 0x85, 0x3E, 0x32, 0x84,
    0xE4, 0xF1, 0x81, 0x3E, 0x3E, 0x9D, 0x2F, 0xE5, 0x64, 0x6E, 0x1B, 0x4C, 0x37, 0x8E, 0xFD, 0x25,
    0x8F, 0x96, 0x97, 0x97, 0x4E, 0x5E, 0xBE, 0x59, 0x49, 0x0B, 0x3D, 0x43, 0xF0, 0xA2, 0xDF, 0x43,
    0x90, 0x97, 0x7A, 0xF4, 0x52, 0xFF, 0xB7, 0x97, 0x48, 0xAD, 0xC9, 0x7B, 0xE2, 0x75, 0x4B, 0xB4,
    0x17, 0x9A, 0x26, 0xB4, 0xA3, 0x74, 0x40, 0x18, 0xA8, 0x30, 0x4F, 0x87, 0xF7, 0x3E, 0x52, 0xEF,
    0x23, 0x3F, 0x14, 0x1E, 0x3B, 0xDE, 0x0D, 0xA7, 0x5C, 0x67, 0xBA, 0xB7, 0xD3, 0x2B, 0x23, 0x79,
    0x1F, 0xC8, 0x39, 0x1E, 0xC9, 0x73, 0x14, 0x81, 0xB9, 0xE6, 0x4C, 0x9C, 0x59, 0xB5, 0x33, 0x64,
    0xEB, 0x37, 0x33, 0x2C, 0x5D, 0xCD, 0xCC, 0x12, 0x15, 0x59, 0x94, 0xDA, 0xCD, 0x3B, 0x31, 0xB1,
    0x52, 0xF5, 0x3B, 0xE5, 0x17, 0x49, 0x43, 0xDE, 0x3B, 0xF1, 0xC1, 0x35, 0x99, 0x26, 0xB5, 0xCA,
    0x3E, 0xAA, 0xC2, 0x54, 0x16, 0xAD, 0xC0, 0xB7, 0xFD, 0x01, 0x25, 0x8E, 0xB1, 0x0D, 0xC3, 0x30,
    0x0C, 0x04, 0xDF, 0x6A, 0x54, 0xA8, 0xC8, 0x08, 0x9A, 0x20, 0xE6, 0x06, 0x89, 0x87, 0x4A, 0x1F,
    0x8F, 0xE5, 0x22, 0x80, 0x56, 0xF0, 0x08, 0x1A, 0xC1, 0x45, 0x0A, 0x16, 0xB1, 0x3E, 0x24, 0xCD,
    0xE6, 0x08, 0x1C, 0xC8, 0x7F, 0x00, 0x0B, 0x7C, 0xA6, 0x1E, 0xC8, 0x1A, 0xA8, 0x23, 0xF0, 0xAA,
    0xAB, 0xAB, 0x3D, 0x64, 0xDE, 0x97, 0xCD, 0x15, 0xF5, 0x61, 0x78, 0xF3, 0x94, 0x15, 0x13, 0x39,
    0x6A, 0x47, 0x76, 0xA8, 0x29, 0x76, 0x19, 0x10, 0x2A, 0x9E, 0x03, 0x85, 0x47, 0xB2, 0x2D, 0xF1,
    0x2B, 0xB4, 0xFB, 0xA6, 0x8D, 0xF6, 0x4D, 0x7E, 0xCD, 0x7F, 0x17, 0xD2, 0x93, 0xD2, 0x29, 0x91,
    0xFB, 0xB9, 0x79, 0x10, 0xEE, 0x73, 0xC4, 0x96, 0xAB, 0x44, 0xBA, 0x2A, 0x45, 0xC1, 0x3F,
};

static const EpdGlyph bookerly_12_regularGlyphs[] = {
    { 0, 0, 0, 0, 0, 0, 0 }, // U+0000
    { 0, 0, 0, 0, 0, 0, 0 }, // U+0008
    { 0, 0, 86, 0, 0, 0, 0 }, // U+0009
    { 0, 0, 86, 0, 0, 0, 0 }, // U+000D
    { 0, 0, 0, 0, 0, 0, 0 }, // U+001D
    { 0, 0, 86, 0, 0, 0, 0 }, // U+0020
    { 4, 20, 109, 2, 19, 20, 0 }, // !
    { 7, 8, 147, 1, 18, 14, 20 }, // "
    { 16, 15, 249, 0, 14, 60, 34 }, // #
    { 12, 25, 211, 0, 20, 75, 94 }, // $
    { 22, 21, 388, 1, 19, 116, 169 }, // %
    { 19, 20, 322, 1, 19, 95, 285 }, // &
    { 3, 8, 78, 1, 18, 6, 380 }, // '
    { 8, 25, 146, 1, 20, 50, 386 }, // (
    { 8, 25, 146, 0, 20, 50, 436 }, // )
    { 9, 9, 149, 0, 19, 21, 486 }, // *
    { 11, 11, 249, 2, 14, 31, 507 }, // +
    { 6, 9, 109, 0, 4, 14, 538 }, // ,
    { 8, 3, 150, 1, 8, 6, 552 }, // -
    { 5, 4, 109, 1, 3, 5, 558 }, // .
    { 12, 20, 196, 0, 18, 60, 563 }, // /
    { 14, 19, 249, 1, 18, 67, 623 }, // 0
    { 11, 18, 170, 0, 18, 50, 690 }, // 1
    { 12, 18, 216, 1, 18, 54, 740 }, // 2
    { 12, 19, 204, 0, 18, 57, 794 }, // 3
    { 14, 19, 242, 1, 18, 67, 851 }, // 4
    { 12, 19, 204, 0, 18, 57, 918 }, // 5
    { 13, 19, 228, 1, 18, 62, 975 }, // 6
    { 12, 19, 212, 1, 18, 57, 1037 }, // 7
    { 13, 19, 234, 1, 18, 62, 1094 }, // 8
    { 12, 19, 228, 1, 18, 57, 1156 }, // 9
    { 5, 14, 109, 1, 13, 18, 1213 }, // :
    { 6, 18, 109, 0, 13, 27, 1231 }, // ;
    { 12, 13, 249, 2, 15, 39, 1258 }, // <
    { 11, 7, 249, 2, 12, 20, 1297 }, // =
    { 12, 13, 249, 2, 15, 39, 1317 }, // >
    { 10, 20, 190, 1, 19, 50, 1356 }, // ?
    { 22, 23, 382, 1, 18, 127, 1406 }, // @
    { 19, 18, 297, 0, 18, 86, 1533 }, // A
    { 14, 19, 248, 1, 18, 67, 1619 }, // B
    { 14, 19, 257, 1, 18, 67, 1686 }, // C
    { 17, 19, 300, 1, 18, 81, 1753 }, // D
    { 14, 18, 252, 1, 18, 63, 1834 }, // E
    { 13, 18, 228, 1, 18, 59, 1897 }, // F
    { 16, 19, 290, 1, 18, 76, 1956 }, // G
    { 19, 18, 334, 1, 18, 86, 2032 }, // H
    { 8, 18, 151, 1, 18, 36, 2118 }, // I
    { 10, 24, 145, -1, 18, 60, 2154 }, // J
    { 18, 19, 291, 1, 18, 86, 2214 }, // K
    { 14, 18, 241, 1, 18, 63, 2300 }, // L
    { 23, 18, 358, 0, 18, 104, 2363 }, // M
    { 19, 19, 326, 1, 18, 91, 2467 }, // N
    { 18, 19, 311, 1, 18, 86, 2558 }, // O
    { 14, 18, 237, 1, 18, 63, 2644 }, // P
    { 19, 23, 311, 1, 18, 110, 2707 }, // Q
    { 17, 19, 271, 1, 18, 81, 2817 }, // R
    { 12, 19, 220, 1, 18, 57, 2898 }, // S
    { 17, 18, 274, 0, 18, 77, 2955 }, // T
    { 19, 19, 309, 0, 18, 91, 3032 }, // U
    { 19, 19, 294, 0, 18, 91, 3123 }, // V
    { 28, 19, 443, 0, 18, 133, 3214 }, // W
    { 18, 18, 290, 0, 18, 81, 3347 }, // X
    { 17, 18, 274, 0, 18, 77, 3428 }, // Y
    { 15, 19, 237, 0, 18, 72, 3505 }, // Z
    { 6, 24, 123, 1, 20, 36, 3577 }, // [
    { 12, 20, 196, 0, 18, 60, 3613 }, // <backslash>
    { 5, 24, 123, 1, 20, 30, 3673 }, // ]
    { 12, 12, 249, 2, 16, 36, 3703 }, // ^
    { 13, 2, 200, 0, -1, 7, 3739 }, // _
    { 6, 7, 268, 5, 21, 11, 3746 }, // `
    { 13, 15, 220, 1, 14, 49, 3757 }, // a
    { 15, 21, 239, -1, 20, 79, 3806 }, // b
    { 11, 15, 203, 1, 14, 42, 3885 }, // c
    { 15, 21, 249, 1, 20, 79, 3927 }, // d
    { 11, 15, 208, 1, 14, 42, 4006 }, // e
    { 12, 20, 162, 0, 20, 60, 4048 }, // f
    { 15, 20, 232, 0, 14, 75, 4108 }, // g
    { 17, 20, 264, 0, 20, 85, 4183 }, // h
    { 8, 20, 132, 0, 20, 40, 4268 }, // i
    { 8, 26, 115, -2, 20, 52, 4308 }, // j
    { 15, 21, 242, 0, 20, 79, 4360 }, // k
    { 8, 20, 130, 0, 20, 40, 4439 }, // l
    { 25, 14, 399, 0, 14, 88, 4479 }, // m
    { 17, 14, 268, 0, 14, 60, 4567 }, // n
    { 13, 15, 238, 1, 14, 49, 4627 }, // o
    { 15, 20, 245, 0, 14, 75, 4676 }, // p
    { 14, 20, 237, 1, 14, 70, 4751 }, // q
    { 12, 14, 184, 0, 14, 42, 4821 }, // r
    { 10, 15, 192, 1, 14, 38, 4863 }, // s
    { 10, 18, 164, 0, 17, 45, 4901 }, // t
    { 17, 15, 260, 0, 14, 64, 4946 }, // u
    { 15, 14, 240, 0, 13, 53, 5010 }, // v
    { 22, 14, 356, 0, 13, 77, 5063 }, // w
    { 15, 13, 237, 0, 13, 49, 5140 }, // x
    { 15, 19, 240, 0, 13, 72, 5189 }, // y
    { 12, 14, 201, 0, 13, 42, 5261 }, // z
    { 8, 25, 154, 1, 20, 50, 5303 }, // {
    { 3, 23, 109, 2, 20, 18, 5353 }, // |
    { 8, 25, 154, 0, 20, 50, 5371 }, // }
    { 12, 5, 249, 2, 11, 15, 5421 }, // ~
    { 0, 0, 86, 0, 0, 0, 0 }, // U+00A0
    { 4, 20, 109, 1, 14, 20, 0 }, // U+00A1
    { 12, 25, 212, 1, 20, 75, 20 }, // U+00A2
    { 14, 18, 218, 0, 17, 63, 95 }, // U+00A3
    { 15, 13, 236, 0, 13, 49, 158 }, // U+00A4
    { 16, 17, 263, 0, 17, 68, 207 }, // U+00A5
    { 3, 23, 109, 2, 20, 18, 275 }, // U+00A6
    { 11, 21, 204, 1, 18, 58, 293 }, // U+00A7
    { 9, 4, 268, 4, 19, 9, 351 }, // U+00A8
    { 19, 19, 313, 0, 18, 91, 360 }, // U+00A9
    { 9, 12, 178, 1, 18, 27, 451 }, // U+00AA
    { 14, 10, 210, 0, 11, 35, 478 }, // U+00AB
    { 11, 7, 249, 2, 12, 20, 513 }, // U+00AC
    { 8, 3, 150, 1, 8, 6, 533 }, // U+00AD
    { 14, 14, 233, 0, 20, 49, 539 }, // U+00AE
    { 9, 3, 268, 4, 18, 7, 588 }, // U+00AF
    { 9, 9, 211, 2, 18, 21, 595 }, // U+00B0
    { 11, 15, 249, 2, 15, 42, 616 }, // U+00B1
    { 9, 12, 179, 1, 21, 27, 658 }, // U+00B2
    { 9, 13, 179, 1, 21, 30, 685 }, // U+00B3
    { 5, 7, 268, 6, 21, 9, 715 }, // U+00B4
    { 16, 20, 267, 1, 14, 80, 724 }, // U+00B5
    { 13, 22, 218, 0, 18, 72, 804 }, // U+00B6
    { 5, 4, 109, 1, 9, 5, 876 }, // U+00B7
    { 5, 6, 268, 6, -1, 8, 881 }, // U+00B8
    { 8, 12, 179, 2, 21, 24, 889 }, // U+00B9
    { 9, 12, 182, 1, 18, 27, 913 }, // U+00BA
    { 13, 10, 210, 1, 11, 33, 940 }, // U+00BB
    { 24, 21, 430, 2, 19, 126, 973 }, // U+00BC
    { 24, 21, 430, 2, 19, 126, 1099 }, // U+00BD
    { 25, 21, 430, 1, 19, 132, 1225 }, // U+00BE
    { 9, 20, 190, 1, 14, 45, 1357 }, // U+00BF
    { 19, 24, 297, 0, 24, 114, 1402 }, // U+00C0
    { 19, 24, 297, 0, 24, 114, 1516 }, // U+00C1
    { 19, 24, 297, 0, 24, 114, 1630 }, // U+00C2
    { 19, 24, 297, 0, 24, 114, 1744 }, // U+00C3
    { 19, 23, 297, 0, 23, 110, 1858 }, // U+00C4
    { 19, 25, 297, 0, 25, 119, 1968 }, // U+00C5
    { 24, 18, 372, -1, 18, 108, 2087 }, // U+00C6
    { 14, 25, 257, 1, 18, 88, 2195 }, // U+00C7
    { 14, 24, 252, 1, 24, 84, 2283 }, // U+00C8
    { 14, 24, 252, 1, 24, 84, 2367 }, // U+00C9
    { 14, 24, 252, 1, 24, 84, 2451 }, // U+00CA
    { 14, 23, 252, 1, 23, 81, 2535 }, // U+00CB
    { 8, 24, 151, 1, 24, 48, 2616 }, // U+00CC
    { 8, 24, 151, 1, 24, 48, 2664 }, // U+00CD
    { 9, 24, 151, 0, 24, 54, 2712 }, // U+00CE
    { 10, 23, 151, 0, 23, 58, 2766 }, // U+00CF
    { 18, 19, 300, 0, 18, 86, 2824 }, // U+00D0
    { 19, 25, 326, 1, 24, 119, 2910 }, // U+00D1
    { 18, 25, 311, 1, 24, 113, 3029 }, // U+00D2
    { 18, 25, 311, 1, 24, 113, 3142 }, // U+00D3
    { 18, 25, 311, 1, 24, 113, 3255 }, // U+00D4
    { 18, 25, 311, 1, 24, 113, 3368 }, // U+00D5
    { 18, 24, 311, 1, 23, 108, 3481 }, // U+00D6
    { 10, 11, 249, 3, 14, 28, 3589 }, // U+00D7
    { 19, 19, 311, 0, 18, 91, 3617 }, // U+00D8
    { 19, 25, 309, 0, 24, 119, 3708 }, // U+00D9
    { 19, 25, 309, 0, 24, 119, 3827 }, // U+00DA
    { 19, 25, 309, 0, 24, 119, 3946 }, // U+00DB
    { 19, 24, 309, 0, 23, 114, 4065 }, // U+00DC
    { 17, 24, 274, 0, 24, 102, 4179 }, // U+00DD
    { 14, 18, 249, 1, 18, 63, 4281 }, // U+00DE
    { 16, 21, 260, 0, 20, 84, 4344 }, // U+00DF
    { 13, 22, 220, 1, 21, 72, 4428 }, // U+00E0
    { 13, 22, 220, 1, 21, 72, 4500 }, // U+00E1
    { 13, 21, 220, 1, 20, 69, 4572 }, // U+00E2
    { 13, 21, 220, 1, 20, 69, 4641 }, // U+00E3
    { 13, 20, 220, 1, 19, 65, 4710 }, // U+00E4
    { 13, 22, 220, 1, 21, 72, 4775 }, // U+00E5
    { 19, 15, 326, 1, 14, 72, 4847 }, // U+00E6
    { 11, 21, 203, 1, 14, 58, 4919 }, // U+00E7
    { 11, 22, 208, 1, 21, 61, 4977 }, // U+00E8
    { 11, 22, 208, 1, 21, 61, 5038 }, // U+00E9
    { 11, 21, 208, 1, 20, 58, 5099 }, // U+00EA
    { 11, 20, 208, 1, 19, 55, 5157 }, // U+00EB
    { 8, 21, 132, 0, 21, 42, 5212 }, // U+00EC
    { 8, 21, 132, 0, 21, 42, 5254 }, // U+00ED
    { 8, 20, 132, 0, 20, 40, 5296 }, // U+00EE
    { 10, 19, 132, -1, 19, 48, 5336 }, // U+00EF
    { 13, 22, 238, 1, 21, 72, 5384 }, // U+00F0
    { 17, 20, 268, 0, 20, 85, 5456 }, // U+00F1
    { 13, 22, 238, 1, 21, 72, 5541 }, // U+00F2
    { 13, 22, 238, 1, 21, 72, 5613 }, // U+00F3
    { 13, 21, 238, 1, 20, 69, 5685 }, // U+00F4
    { 13, 21, 238, 1, 20, 69, 5754 }, // U+00F5
    { 13, 20, 238, 1, 19, 65, 5823 }, // U+00F6
    { 11, 13, 249, 2, 15, 36, 5888 }, // U+00F7
    { 15, 15, 238, 0, 14, 57, 5924 }, // U+00F8
    { 17, 22, 260, 0, 21, 94, 5981 }, // U+00F9
    { 17, 22, 260, 0, 21, 94, 6075 }, // U+00FA
    { 17, 21, 260, 0, 20, 90, 6169 }, // U+00FB
    { 17, 20, 260, 0, 19, 85, 6259 }, // U+00FC
    { 15, 27, 240, 0, 21, 102, 6344 }, // U+00FD
    { 15, 26, 248, 0, 20, 98, 6446 }, // U+00FE
    { 15, 25, 240, 0, 19, 94, 6544 }, // U+00FF
    { 19, 23, 297, 0, 23, 110, 0 }, // U+0100
    { 13, 19, 220, 1, 18, 62, 110 }, // U+0101
    { 19, 24, 297, 0, 24, 114, 172 }, // U+0102
    { 13, 21, 220, 1, 20, 69, 286 }, // U+0103
    { 19, 24, 297, 0, 18, 114, 355 }, // U+0104
    { 13, 20, 220, 1, 14, 65, 469 }, // U+0105
    { 14, 25, 257, 1, 24, 88, 534 }, // U+0106
    { 11, 22, 203, 1, 21, 61, 622 }, // U+0107
    { 14, 25, 257, 1, 24, 88, 683 }, // U+0108
    { 11, 21, 203, 1, 20, 58, 771 }, // U+0109
    { 14, 25, 257, 1, 24, 88, 829 }, // U+010A
    { 11, 20, 203, 1, 19, 55, 917 }, // U+010B
    { 14, 25, 257, 1, 24, 88, 972 }, // U+010C
    { 11, 22, 203, 1, 21, 61, 1060 }, // U+010D
    { 17, 25, 300, 1, 24, 107, 1121 }, // U+010E
    { 17, 21, 257, 1, 20, 90, 1228 }, // U+010F
    { 18, 19, 300, 0, 18, 86, 1318 }, // U+0110
    { 15, 21, 249, 1, 20, 79, 1404 }, // U+0111
    { 14, 23, 252, 1, 23, 81, 1483 }, // U+0112
    { 11, 19, 208, 1, 18, 53, 1564 }, // U+0113
    { 14, 24, 252, 1, 24, 84, 1617 }, // U+0114
    { 11, 21, 208, 1, 20, 58, 1701 }, // U+0115
    { 14, 24, 252, 1, 24, 84, 1759 }, // U+0116
    { 11, 20, 208, 1, 19, 55, 1843 }, // U+0117
    { 14, 24, 252, 1, 18, 84, 1898 }, // U+0118
    { 11, 20, 208, 1, 14, 55, 1982 }, // U+0119
    { 14, 24, 252, 1, 24, 84, 2037 }, // U+011A
    { 11, 22, 208, 1, 21, 61, 2121 }, // U+011B
    { 16, 25, 290, 1, 24, 100, 2182 }, // U+011C
    { 15, 26, 232, 0, 20, 98, 2282 }, // U+011D
    { 16, 25, 290, 1, 24, 100, 2380 }, // U+011E
    { 15, 26, 232, 0, 20, 98, 2480 }, // U+011F
    { 16, 25, 290, 1, 24, 100, 2578 }, // U+0120
    { 15, 25, 232, 0, 19, 94, 2678 }, // U+0121
    { 16, 25, 290, 1, 18, 100, 2772 }, // U+0122
    { 15, 28, 232, 0, 22, 105, 2872 }, // U+0123
    { 19, 24, 334, 1, 24, 114, 2977 }, // U+0124
    { 18, 26, 264, -1, 26, 117, 3091 }, // U+0125
    { 21, 18, 334, 0, 18, 95, 3208 }, // U+0126
    { 17, 20, 264, 0, 20, 85, 3303 }, // U+0127
    { 9, 24, 151, 0, 24, 54, 3388 }, // U+0128
    { 9, 20, 132, 0, 20, 45, 3442 }, // U+0129
    { 9, 23, 151, 0, 23, 52, 3487 }, // U+012A
    { 9, 18, 132, 0, 18, 41, 3539 }, // U+012B
    { 9, 24, 151, 0, 24, 54, 3580 }, // U+012C
    { 8, 20, 132, 0, 20, 40, 3634 }, // U+012D
    { 8, 24, 151, 1, 18, 48, 3674 }, // U+012E
    { 8, 26, 132, 0, 20, 52, 3722 }, // U+012F
    { 8, 24, 151, 1, 24, 48, 3774 }, // U+0130
    { 8, 14, 132, 0, 14, 28, 3822 }, // U+0131
    { 17, 24, 288, 1, 18, 102, 3850 }, // U+0132
    { 14, 26, 243, 0, 20, 91, 3952 }, // U+0133
    { 10, 30, 145, -1, 24, 75, 4043 }, // U+0134
    { 10, 26, 115, -2, 20, 65, 4118 }, // U+0135
    { 18, 25, 291, 1, 18, 113, 4183 }, // U+0136
    { 15, 27, 242, 0, 20, 102, 4296 }, // U+0137
    { 16, 15, 246, 0, 14, 60, 4398 }, // U+0138
    { 14, 24, 241, 1, 24, 84, 4458 }, // U+0139
    { 8, 26, 130, 0, 26, 52, 4542 }, // U+013A
    { 14, 25, 241, 1, 18, 88, 4594 }, // U+013B
    { 8, 27, 130, 0, 20, 54, 4682 }, // U+013C
    { 14, 20, 241, 1, 20, 70, 4736 }, // U+013D
    { 10, 20, 138, 0, 20, 50, 4806 }, // U+013E
    { 14, 18, 241, 1, 18, 63, 4856 }, // U+013F
    { 12, 20, 187, 0, 20, 60, 4919 }, // U+0140
    { 16, 18, 241, -1, 18, 72, 4979 }, // U+0141
    { 10, 20, 130, -1, 20, 50, 5051 }, // U+0142
    { 19, 25, 326, 1, 24, 119, 5101 }, // U+0143
    { 17, 21, 268, 0, 21, 90, 5220 }, // U+0144
    { 19, 25, 326, 1, 18, 119, 5310 }, // U+0145
    { 17, 21, 268, 0, 14, 90, 5429 }, // U+0146
    { 19, 25, 326, 1, 24, 119, 5519 }, // U+0147
    { 17, 21, 268, 0, 21, 90, 5638 }, // U+0148
    { 23, 19, 362, 0, 19, 110, 5728 }, // U+0149
    { 19, 23, 326, 1, 18, 110, 5838 }, // U+014A
    { 15, 20, 257, 0, 14, 75, 5948 }, // U+014B
    { 18, 24, 311, 1, 23, 108, 6023 }, // U+014C
    { 13, 19, 238, 1, 18, 62, 6131 }, // U+014D
    { 18, 25, 311, 1, 24, 113, 6193 }, // U+014E
    { 13, 21, 238, 1, 20, 69, 6306 }, // U+014F
    { 18, 26, 311, 1, 25, 117, 6375 }, // U+0150
    { 13, 22, 238, 1, 21, 72, 6492 }, // U+0151
    { 23, 19, 387, 1, 18, 110, 6564 }, // U+0152
    { 21, 15, 363, 1, 14, 79, 6674 }, // U+0153
    { 17, 25, 271, 1, 24, 107, 6753 }, // U+0154
    { 12, 21, 184, 0, 21, 63, 6860 }, // U+0155
    { 17, 25, 271, 1, 18, 107, 6923 }, // U+0156
    { 12, 21, 184, 0, 14, 63, 7030 }, // U+0157
    { 17, 25, 271, 1, 24, 107, 7093 }, // U+0158
    { 12, 21, 184, 0, 21, 63, 7200 }, // U+0159
    { 12, 25, 220, 1, 24, 75, 7263 }, // U+015A
    { 10, 22, 192, 1, 21, 55, 7338 }, // U+015B
    { 12, 25, 220, 1, 24, 75, 7393 }, // U+015C
    { 10, 21, 192, 1, 20, 53, 7468 }, // U+015D
    { 12, 25, 220, 1, 18, 75, 7521 }, // U+015E
    { 10, 21, 192, 1, 14, 53, 7596 }, // U+015F
    { 12, 25, 220, 1, 24, 75, 7649 }, // U+0160
    { 10, 22, 192, 1, 21, 55, 7724 }, // U+0161
    { 17, 25, 274, 0, 18, 107, 7779 }, // U+0162
    { 10, 24, 164, 0, 17, 60, 7886 }, // U+0163
    { 17, 24, 274, 0, 24, 102, 7946 }, // U+0164
    { 10, 21, 164, 0, 20, 53, 8048 }, // U+0165
    { 17, 18, 274, 0, 18, 77, 8101 }, // U+0166
    { 10, 18, 164, 0, 17, 45, 8178 }, // U+0167
    { 19, 25, 309, 0, 24, 119, 8223 }, // U+0168
    { 17, 21, 260, 0, 20, 90, 8342 }, // U+0169
    { 19, 24, 309, 0, 23, 114, 8432 }, // U+016A
    { 17, 19, 260, 0, 18, 81, 8546 }, // U+016B
    { 19, 25, 309, 0, 24, 119, 8627 }, // U+016C
    { 17, 21, 260, 0, 20, 90, 8746 }, // U+016D
    { 19, 26, 309, 0, 25, 124, 8836 }, // U+016E
    { 17, 22, 260, 0, 21, 94, 8960 }, // U+016F
    { 19, 26, 309, 0, 25, 124, 9054 }, // U+0170
    { 17, 22, 260, 0, 21, 94, 9178 }, // U+0171
    { 19, 24, 309, 0, 18, 114, 9272 }, // U+0172
    { 17, 20, 260, 0, 14, 85, 9386 }, // U+0173
    { 28, 25, 443, 0, 24, 175, 9471 }, // U+0174
    { 22, 21, 356, 0, 20, 116, 9646 }, // U+0175
    { 17, 24, 274, 0, 24, 102, 9762 }, // U+0176
    { 15, 26, 240, 0, 20, 98, 9864 }, // U+0177
    { 17, 23, 274, 0, 23, 98, 9962 }, // U+0178
    { 15, 25, 237, 0, 24, 94, 10060 }, // U+0179
    { 12, 22, 201, 0, 21, 66, 10154 }, // U+017A
    { 15, 25, 237, 0, 24, 94, 10220 }, // U+017B
    { 12, 20, 201, 0, 19, 60, 10314 }, // U+017C
    { 15, 25, 237, 0, 24, 94, 10374 }, // U+017D
    { 12, 22, 201, 0, 21, 66, 10468 }, // U+017E
    { 12, 20, 162, 0, 20, 60, 10534 }, // U+017F
    { 32, 25, 536, 1, 24, 200, 0 }, // U+01C4
    { 30, 22, 500, 1, 21, 165, 200 }, // U+01C5
    { 27, 22, 450, 1, 21, 149, 365 }, // U+01C6
    { 23, 24, 386, 1, 18, 138, 514 }, // U+01C7
    { 20, 26, 356, 1, 20, 130, 652 }, // U+01C8
    { 14, 26, 245, 0, 20, 91, 782 }, // U+01C9
    { 28, 24, 471, 1, 18, 168, 873 }, // U+01CA
    { 25, 26, 441, 1, 20, 163, 1041 }, // U+01CB
    { 23, 26, 383, 0, 20, 150, 1204 }, // U+01CC
    { 19, 24, 297, 0, 24, 114, 1354 }, // U+01CD
    { 13, 22, 220, 1, 21, 72, 1468 }, // U+01CE
    { 10, 24, 151, 0, 24, 60, 1540 }, // U+01CF
    { 10, 21, 132, -1, 21, 53, 1600 }, // U+01D0
    { 18, 25, 311, 1, 24, 113, 1653 }, // U+01D1
    { 13, 22, 238, 1, 21, 72, 1766 }, // U+01D2
    { 19, 25, 309, 0, 24, 119, 1838 }, // U+01D3
    { 17, 22, 260, 0, 21, 94, 1957 }, // U+01D4
    { 19, 27, 309, 0, 26, 129, 2051 }, // U+01D5
    { 17, 24, 260, 0, 23, 102, 2180 }, // U+01D6
    { 19, 27, 309, 0, 26, 129, 2282 }, // U+01D7
    { 17, 26, 260, 0, 25, 111, 2411 }, // U+01D8
    { 19, 27, 309, 0, 26, 129, 2522 }, // U+01D9
    { 17, 25, 260, 0, 24, 107, 2651 }, // U+01DA
    { 19, 27, 309, 0, 26, 129, 2758 }, // U+01DB
    { 17, 26, 260, 0, 25, 111, 2887 }, // U+01DC
    { 11, 15, 208, 1, 14, 42, 2998 }, // U+01DD
    { 19, 26, 297, 0, 26, 124, 3040 }, // U+01DE
    { 13, 24, 220, 1, 23, 78, 3164 }, // U+01DF
    { 19, 26, 297, 0, 26, 124, 3242 }, // U+01E0
    { 13, 24, 220, 1, 23, 78, 3366 }, // U+01E1
    { 24, 23, 372, -1, 23, 138, 3444 }, // U+01E2
    { 19, 19, 326, 1, 18, 91, 3582 }, // U+01E3
    { 18, 19, 290, 1, 18, 86, 3673 }, // U+01E4
    { 17, 20, 232, -1, 14, 85, 3759 }, // U+01E5
    { 16, 25, 290, 1, 24, 100, 3844 }, // U+01E6
    { 15, 27, 232, 0, 21, 102, 3944 }, // U+01E7
    { 18, 25, 291, 1, 24, 113, 4046 }, // U+01E8
    { 16, 27, 242, -1, 26, 108, 4159 }, // U+01E9
    { 18, 24, 311, 1, 18, 108, 4267 }, // U+01EA
    { 13, 20, 238, 1, 14, 65, 4375 }, // U+01EB
    { 18, 29, 311, 1, 23, 131, 4440 }, // U+01EC
    { 13, 24, 238, 1, 18, 78, 4571 }, // U+01ED
    { 14, 25, 229, 0, 24, 88, 4649 }, // U+01EE
    { 12, 27, 201, 0, 21, 81, 4737 }, // U+01EF
    { 10, 27, 115, -2, 21, 68, 4818 }, // U+01F0
    { 32, 19, 536, 1, 18, 152, 4886 }, // U+01F1
    { 30, 19, 500, 1, 18, 143, 5038 }, // U+01F2
    { 27, 21, 450, 1, 20, 142, 5181 }, // U+01F3
    { 16, 25, 290, 1, 24, 100, 5323 }, // U+01F4
    { 15, 27, 232, 0, 21, 102, 5423 }, // U+01F5
    { 19, 25, 326, 1, 24, 119, 5525 }, // U+01F8
    { 17, 21, 268, 0, 21, 90, 5644 }, // U+01F9
    { 19, 26, 297, 0, 26, 124, 5734 }, // U+01FA
    { 13, 26, 220, 1, 25, 85, 5858 }, // U+01FB
    { 24, 24, 372, -1, 24, 144, 5943 }, // U+01FC
    { 19, 22, 326, 1, 21, 105, 6087 }, // U+01FD
    { 19, 25, 311, 0, 24, 119, 6192 }, // U+01FE
    { 15, 22, 238, 0, 21, 83, 6311 }, // U+01FF
    { 19, 25, 297, 0, 25, 119, 6394 }, // U+0200
    { 13, 22, 220, 1, 21, 72, 6513 }, // U+0201
    { 19, 24, 297, 0, 24, 114, 6585 }, // U+0202
    { 13, 21, 220, 1, 20, 69, 6699 }, // U+0203
    { 15, 25, 252, 0, 25, 94, 6768 }, // U+0204
    { 11, 22, 208, 1, 21, 61, 6862 }, // U+0205
    { 14, 24, 252, 1, 24, 84, 6923 }, // U+0206
    { 11, 21, 208, 1, 20, 58, 7007 }, // U+0207
    { 12, 25, 151, -3, 25, 75, 7065 }, // U+0208
    { 10, 21, 132, -2, 21, 53, 7140 }, // U+0209
    { 9, 24, 151, 0, 24, 54, 7193 }, // U+020A
    { 9, 20, 132, 0, 20, 45, 7247 }, // U+020B
    { 18, 26, 311, 1, 25, 117, 7292 }, // U+020C
    { 13, 22, 238, 1, 21, 72, 7409 }, // U+020D
    { 18, 25, 311, 1, 24, 113, 7481 }, // U+020E
    { 13, 21, 238, 1, 20, 69, 7594 }, // U+020F
    { 18, 26, 271, 0, 25, 117, 7663 }, // U+0210
    { 12, 21, 184, 0, 21, 63, 7780 }, // U+0211
    { 17, 25, 271, 1, 24, 107, 7843 }, // U+0212
    { 12, 20, 184, 0, 20, 60, 7950 }, // U+0213
    { 19, 26, 309, 0, 25, 124, 8010 }, // U+0214
    { 17, 22, 260, 0, 21, 94, 8134 }, // U+0215
    { 19, 25, 309, 0, 24, 119, 8228 }, // U+0216
    { 17, 21, 260, 0, 20, 90, 8347 }, // U+0217
    { 12, 25, 220, 1, 18, 75, 8437 }, // U+0218
    { 10, 21, 192, 1, 14, 53, 8512 }, // U+0219
    { 17, 25, 274, 0, 18, 107, 8565 }, // U+021A
    { 10, 24, 164, 0, 17, 60, 8672 }, // U+021B
    { 12, 21, 229, 1, 18, 63, 8732 }, // U+021C
    { 12, 20, 186, 0, 14, 60, 8795 }, // U+021D
    { 19, 24, 334, 1, 24, 114, 8855 }, // U+021E
    { 18, 26, 264, -1, 26, 117, 8969 }, // U+021F
    { 6, 7, 0, -4, 21, 11, 0 }, // U+0300
    { 6, 7, 0, -2, 21, 11, 11 }, // U+0301
    { 8, 6, 0, -4, 20, 12, 22 }, // U+0302
    { 8, 5, 0, -4, 20, 10, 34 }, // U+0303
    { 10, 3, 0, -5, 18, 8, 44 }, // U+0304
    { 8, 5, 0, -4, 20, 10, 52 }, // U+0306
    { 4, 4, 0, -2, 19, 4, 62 }, // U+0307
    { 10, 4, 0, -5, 19, 10, 66 }, // U+0308
    { 8, 8, 0, -4, 22, 16, 76 }, // U+0309
    { 8, 7, 0, -4, 21, 14, 92 }, // U+030A
    { 10, 7, 0, -4, 21, 18, 106 }, // U+030B
    { 10, 6, 0, -5, 21, 15, 124 }, // U+030C
    { 10, 7, 0, -6, 21, 18, 139 }, // U+030F
    { 8, 5, 0, -4, 20, 10, 157 }, // U+0311
    { 4, 8, 0, -2, 22, 8, 167 }, // U+0312
    { 5, 7, 0, -2, 22, 9, 175 }, // U+0313
    { 5, 7, 0, -3, 22, 9, 184 }, // U+0314
    { 4, 7, 0, -2, 22, 7, 193 }, // U+0315
    { 4, 6, 0, -2, 16, 6, 200 }, // U+031B
    { 4, 4, 0, -2, -2, 4, 206 }, // U+0323
    { 10, 4, 0, -5, -2, 10, 210 }, // U+0324
    { 6, 6, 0, -3, -1, 9, 220 }, // U+0325
    { 5, 6, 0, -3, -1, 8, 229 }, // U+0326
    { 6, 6, 0, -3, -1, 9, 237 }, // U+0327
    { 6, 7, 0, -3, 1, 11, 246 }, // U+0328
    { 3, 6, 108, 2, -1, 5, 257 }, // U+0329
    { 8, 6, 0, -4, -1, 12, 262 }, // U+032D
    { 8, 5, 0, -4, -1, 10, 274 }, // U+032E
    { 8, 5, 0, -4, -1, 10, 284 }, // U+0330
    { 10, 3, 0, -5, -2, 8, 294 }, // U+0331
    { 8, 5, 0, -4, 20, 10, 302 }, // U+0342
    { 10, 10, 0, -5, 25, 25, 312 }, // U+0344
    { 5, 5, 0, -2, -1, 7, 337 }, // U+0345
    { 0, 0, 200, 0, 0, 0, 0 }, // U+2000
    { 0, 0, 400, 0, 0, 0, 0 }, // U+2001
    { 0, 0, 200, 0, 0, 0, 0 }, // U+2002
    { 0, 0, 400, 0, 0, 0, 0 }, // U+2003
    { 0, 0, 133, 0, 0, 0, 0 }, // U+2004
    { 0, 0, 100, 0, 0, 0, 0 }, // U+2005
    { 0, 0, 66, 0, 0, 0, 0 }, // U+2006
    { 0, 0, 249, 0, 0, 0, 0 }, // U+2007
    { 0, 0, 109, 0, 0, 0, 0 }, // U+2008
    { 0, 0, 80, 0, 0, 0, 0 }, // U+2009
    { 0, 0, 20, 0, 0, 0, 0 }, // U+200A
    { 0, 0, 0, 0, 0, 0, 0 }, // U+200B
    { 2, 21, 0, -1, 15, 11, 0 }, // U+200C
    { 6, 23, 0, -3, 17, 35, 11 }, // U+200D
    { 8, 24, 0, -4, 18, 48, 46 }, // U+200E
    { 8, 24, 0, -4, 18, 48, 94 }, // U+200F
    { 8, 3, 150, 1, 8, 6, 142 }, // U+2010
    { 8, 3, 150, 1, 8, 6, 148 }, // U+2011
    { 12, 3, 249, 2, 10, 9, 154 }, // U+2012
    { 13, 3, 200, 0, 8, 10, 163 }, // U+2013
    { 25, 3, 400, 0, 8, 19, 173 }, // U+2014
    { 25, 3, 400, 0, 8, 19, 192 }, // U+2015
    { 8, 26, 200, 2, 20, 52, 211 }, // U+2016
    { 13, 6, 200, 0, -1, 20, 263 }, // U+2017
    { 5, 8, 95, 1, 19, 10, 283 }, // U+2018
    { 5, 8, 95, 0, 19, 10, 293 }, // U+2019
    { 5, 9, 95, 0, 4, 12, 303 }, // U+201A
    { 5, 8, 95, 1, 19, 10, 315 }, // U+201B
    { 10, 8, 175, 1, 19, 20, 325 }, // U+201C
    { 10, 8, 175, 0, 19, 20, 345 }, // U+201D
    { 10, 9, 176, 0, 4, 23, 365 }, // U+201E
    { 10, 8, 175, 1, 19, 20, 388 }, // U+201F
    { 12, 17, 200, 0, 18, 51, 408 }, // U+2020
    { 12, 20, 200, 0, 18, 60, 459 }, // U+2021
    { 6, 6, 120, 1, 9, 9, 519 }, // U+2022
    { 9, 9, 249, 3, 13, 21, 528 }, // U+2023
    { 5, 4, 109, 1, 3, 5, 549 }, // U+2024
    { 11, 5, 200, 1, 4, 14, 554 }, // U+2025
    { 21, 5, 400, 2, 4, 27, 568 }, // U+2026
    { 5, 4, 109, 1, 9, 5, 595 }, // U+2027
    { 0, 0, 0, 0, 0, 0, 600 }, // U+2028
    { 0, 0, 0, 0, 0, 0, 600 }, // U+2029
    { 8, 24, 0, -4, 18, 48, 600 }, // U+202A
    { 8, 24, 0, -4, 18, 48, 648 }, // U+202B
    { 8, 24, 0, -4, 18, 48, 696 }, // U+202C
    { 11, 24, 0, -5, 18, 66, 744 }, // U+202D
    { 11, 24, 0, -5, 18, 66, 810 }, // U+202E
    { 0, 0, 43, 0, 0, 0, 876 }, // U+202F
    { 32, 21, 551, 1, 19, 168, 876 }, // U+2030
    { 5, 9, 105, 1, 18, 12, 1044 }, // U+2032
    { 10, 9, 183, 1, 18, 23, 1056 }, // U+2033
    { 15, 9, 261, 1, 18, 34, 1079 }, // U+2034
    { 6, 9, 105, 0, 18, 14, 1113 }, // U+2035
    { 11, 9, 192, 0, 18, 25, 1127 }, // U+2036
    { 17, 9, 279, 0, 18, 39, 1152 }, // U+2037
    { 11, 6, 200, 1, 0, 17, 1191 }, // U+2038
    { 7, 10, 128, 0, 11, 18, 1208 }, // U+2039
    { 7, 10, 128, 1, 11, 18, 1226 }, // U+203A
    { 16, 18, 249, 0, 17, 72, 1244 }, // U+203B
    { 11, 20, 218, 2, 19, 55, 1316 }, // U+203C
    { 13, 3, 200, 0, 21, 10, 1371 }, // U+203E
    { 6, 3, 120, 1, 8, 5, 1381 }, // U+2043
    { 13, 21, 73, -4, 19, 69, 1386 }, // U+2044
    { 20, 20, 357, 1, 19, 100, 1455 }, // U+2047
    { 17, 20, 299, 1, 19, 85, 1555 }, // U+2048
    { 16, 20, 299, 2, 19, 80, 1640 }, // U+2049
    { 15, 5, 400, 5, 10, 19, 1720 }, // U+2053
    { 20, 9, 339, 1, 18, 45, 1739 }, // U+2057
    { 0, 0, 89, 0, 0, 0, 1784 }, // U+205F
    { 0, 0, 0, 0, 0, 0, 1784 }, // U+2060
    { 0, 0, 0, 0, 0, 0, 1784 }, // U+2061
    { 0, 0, 0, 0, 0, 0, 1784 }, // U+2062
    { 0, 0, 0, 0, 0, 0, 1784 }, // U+2063
    { 0, 0, 0, 0, 0, 0, 1784 }, // U+2064
    { 11, 13, 179, 0, 21, 36, 0 }, // U+2070
    { 11, 13, 179, 0, 21, 36, 36 }, // U+2074
    { 9, 13, 179, 1, 21, 30, 72 }, // U+2075
    { 9, 13, 179, 1, 21, 30, 102 }, // U+2076
    { 8, 13, 179, 2, 21, 26, 132 }, // U+2077
    { 9, 13, 179, 1, 21, 30, 158 }, // U+2078
    { 9, 13, 179, 1, 21, 30, 188 }, // U+2079
    { 11, 9, 226, 2, 18, 25, 218 }, // U+207F
    { 11, 12, 179, 0, 8, 33, 243 }, // U+2080
    { 8, 13, 179, 2, 9, 26, 276 }, // U+2081
    { 9, 12, 179, 1, 8, 27, 302 }, // U+2082
    { 9, 12, 179, 1, 8, 27, 329 }, // U+2083
    { 11, 12, 179, 0, 8, 33, 356 }, // U+2084
    { 9, 12, 179, 1, 8, 27, 389 }, // U+2085
    { 9, 12, 179, 1, 8, 27, 416 }, // U+2086
    { 8, 12, 179, 2, 8, 24, 443 }, // U+2087
    { 9, 12, 179, 1, 8, 27, 467 }, // U+2088
    { 9, 12, 179, 1, 8, 27, 494 }, // U+2089
    { 13, 17, 213, 0, 17, 56, 0 }, // U+20A3
    { 14, 18, 218, 0, 17, 63, 56 }, // U+20A4
    { 31, 18, 509, 1, 17, 140, 119 }, // U+20A7
    { 15, 18, 240, 0, 17, 68, 259 }, // U+20AC
    { 15, 11, 400, 5, 14, 42, 0 }, // U+2190
    { 11, 17, 400, 7, 17, 47, 42 }, // U+2191
    { 15, 11, 400, 5, 14, 42, 89 }, // U+2192
    { 11, 17, 400, 7, 17, 47, 131 }, // U+2193
    { 15, 11, 400, 5, 14, 42, 178 }, // U+2194
    { 11, 17, 400, 7, 17, 47, 220 }, // U+2195
    { 11, 17, 400, 7, 17, 47, 267 }, // U+21A8
    { 11, 17, 400, 7, 17, 47, 314 }, // U+21B2
    { 11, 17, 400, 7, 17, 47, 361 }, // U+21B3
    { 13, 12, 400, 6, 15, 39, 408 }, // U+21B5
    { 15, 11, 400, 5, 14, 42, 447 }, // U+21D0
    { 11, 15, 400, 7, 16, 42, 489 }, // U+21D1
    { 15, 11, 400, 5, 14, 42, 531 }, // U+21D2
    { 11, 15, 400, 7, 16, 42, 573 }, // U+21D3
    { 15, 11, 400, 5, 14, 42, 615 }, // U+21D4
    { 17, 19, 400, 4, 18, 81, 0 }, // U+2200
    { 13, 21, 249, 1, 20, 69, 81 }, // U+2202
    { 11, 18, 400, 7, 18, 50, 150 }, // U+2203
    { 19, 20, 400, 3, 19, 95, 200 }, // U+2205
    { 16, 18, 263, 0, 18, 72, 295 }, // U+2206
    { 17, 19, 400, 4, 18, 81, 367 }, // U+2207
    { 17, 18, 400, 4, 18, 77, 448 }, // U+2208
    { 17, 22, 400, 4, 19, 94, 525 }, // U+2209
    { 17, 14, 400, 4, 16, 60, 619 }, // U+220A
    { 17, 18, 400, 4, 18, 77, 679 }, // U+220B
    { 17, 22, 400, 4, 19, 94, 756 }, // U+220C
    { 17, 14, 400, 4, 16, 60, 850 }, // U+220D
    { 19, 22, 324, 1, 18, 105, 910 }, // U+220F
    { 15, 23, 245, 0, 18, 87, 1015 }, // U+2211
    { 11, 3, 249, 2, 10, 9, 1102 }, // U+2212
    { 12, 20, 196, 0, 18, 60, 1111 }, // U+2215
    { 12, 20, 211, 1, 18, 60, 1171 }, // U+2216
    { 12, 13, 249, 2, 15, 39, 1231 }, // U+2217
    { 9, 9, 249, 3, 13, 21, 1270 }, // U+2218
    { 4, 4, 249, 6, 9, 4, 1291 }, // U+2219
    { 16, 24, 249, 0, 21, 96, 1295 }, // U+221A
    { 13, 10, 249, 1, 13, 33, 1391 }, // U+221D
    { 16, 9, 249, 0, 12, 36, 1424 }, // U+221E
    { 16, 18, 400, 4, 18, 72, 1460 }, // U+221F
    { 18, 18, 400, 3, 18, 81, 1532 }, // U+2220
    { 3, 26, 200, 5, 20, 20, 1613 }, // U+2223
    { 8, 26, 200, 2, 20, 52, 1633 }, // U+2225
    { 17, 18, 400, 4, 18, 77, 1685 }, // U+2227
    { 17, 18, 400, 4, 18, 77, 1762 }, // U+2228
    { 15, 18, 400, 5, 18, 68, 1839 }, // U+2229
    { 15, 19, 400, 5, 18, 72, 1907 }, // U+222A
    { 14, 26, 249, 1, 20, 91, 1979 }, // U+222B
    { 16, 15, 400, 5, 14, 60, 2070 }, // U+2234
    { 16, 15, 400, 5, 14, 60, 2130 }, // U+2235
    { 4, 13, 124, 2, 15, 13, 2190 }, // U+2236
    { 16, 15, 400, 5, 14, 60, 2203 }, // U+2237
    { 15, 5, 400, 5, 10, 19, 2263 }, // U+223C
    { 15, 13, 400, 5, 15, 49, 2282 }, // U+2245
    { 12, 9, 249, 2, 13, 27, 2331 }, // U+2248
    { 15, 8, 400, 5, 11, 30, 2358 }, // U+224D
    { 11, 11, 249, 2, 14, 31, 2388 }, // U+2260
    { 15, 11, 400, 5, 13, 42, 2419 }, // U+2261
    { 12, 15, 249, 2, 15, 45, 2461 }, // U+2264
    { 12, 15, 249, 2, 15, 45, 2506 }, // U+2265
    { 21, 13, 400, 2, 15, 69, 2551 }, // U+226A
    { 21, 13, 400, 2, 15, 69, 2620 }, // U+226B
    { 17, 15, 400, 4, 16, 64, 2689 }, // U+2283
    { 17, 23, 400, 4, 20, 98, 2753 }, // U+2284
    { 17, 23, 400, 4, 20, 98, 2851 }, // U+2285
    { 17, 18, 400, 4, 18, 77, 2949 }, // U+2286
    { 17, 18, 400, 4, 18, 77, 3026 }, // U+2287
    { 19, 19, 400, 3, 18, 91, 3103 }, // U+2295
    { 19, 19, 400, 3, 18, 91, 3194 }, // U+2296
    { 19, 19, 400, 3, 18, 91, 3285 }, // U+2297
    { 19, 19, 400, 3, 18, 91, 3376 }, // U+2298
    { 15, 18, 400, 5, 18, 68, 3467 }, // U+22A5
    { 4, 4, 249, 6, 9, 4, 3535 }, // U+22C5
    { 21, 4, 400, 2, 9, 21, 3539 }, // U+22EF
    { 21, 20, 298, 0, 20, 105, 0 }, // U+FB00
    { 17, 20, 268, 0, 20, 85, 105 }, // U+FB01
    { 17, 20, 268, 0, 20, 85, 190 }, // U+FB02
    { 25, 20, 403, 0, 20, 125, 275 }, // U+FB03
    { 25, 20, 404, 0, 20, 125, 400 }, // U+FB04
    { 19, 21, 308, 0, 20, 100, 525 }, // U+FB05
    { 21, 21, 356, 1, 20, 111, 625 }, // U+FB06
    { 25, 24, 400, 0, 21, 150, 0 }, // U+FFFD
};

static const EpdUnicodeInterval bookerly_12_regularIntervals[] = {
    { 0x0, 0x0, 0x0 },
    { 0x8, 0x9, 0x1 },
    { 0xD, 0xD, 0x3 },
    { 0x1D, 0x1D, 0x4 },
    { 0x20, 0x7E, 0x5 },
    { 0xA0, 0xFF, 0x64 },
    { 0x100, 0x17F, 0xC4 },
    { 0x1C4, 0x1F5, 0x144 },
    { 0x1F8, 0x21F, 0x176 },
    { 0x300, 0x304, 0x19E },
    { 0x306, 0x30C, 0x1A3 },
    { 0x30F, 0x30F, 0x1AA },
    { 0x311, 0x315, 0x1AB },
    { 0x31B, 0x31B, 0x1B0 },
    { 0x323, 0x329, 0x1B1 },
    { 0x32D, 0x32E, 0x1B8 },
    { 0x330, 0x331, 0x1BA },
    { 0x342, 0x342, 0x1BC },
    { 0x344, 0x345, 0x1BD },
    { 0x2000, 0x2030, 0x1BF },
    { 0x2032, 0x203C, 0x1F0 },
    { 0x203E, 0x203E, 0x1FB },
    { 0x2043, 0x2044, 0x1FC },
    { 0x2047, 0x2049, 0x1FE },
    { 0x2053, 0x2053, 0x201 },
    { 0x2057, 0x2057, 0x202 },
    { 0x205F, 0x2064, 0x203 },
    { 0x2070, 0x2070, 0x209 },
    { 0x2074, 0x2079, 0x20A },
    { 0x207F, 0x2089, 0x210 },
    { 0x20A3, 0x20A4, 0x21B },
    { 0x20A7, 0x20A7, 0x21D },
    { 0x20AC, 0x20AC, 0x21E },
    { 0x2190, 0x2195, 0x21F },
    { 0x21A8, 0x21A8, 0x225 },
    { 0x21B2, 0x21B3, 0x226 },
    { 0x21B5, 0x21B5, 0x228 },
    { 0x21D0, 0x21D4, 0x229 },
    { 0x2200, 0x2200, 0x22E },
    { 0x2202, 0x2203, 0x22F },
    { 0x2205, 0x220D, 0x231 },
    { 0x220F, 0x220F, 0x23A },
    { 0x2211, 0x2212, 0x23B },
    { 0x2215, 0x221A, 0x23D },
    { 0x221D, 0x2220, 0x243 },
    { 0x2223, 0x2223, 0x247 },
    { 0x2225, 0x2225, 0x248 },
    { 0x2227, 0x222B, 0x249 },
    { 0x2234, 0x2237, 0x24E },
    { 0x223C, 0x223C, 0x252 },
    { 0x2245, 0x2245, 0x253 },
    { 0x2248, 0x2248, 0x254 },
    { 0x224D, 0x224D, 0x255 },
    { 0x2260, 0x2261, 0x256 },
    { 0x2264, 0x2265, 0x258 },
    { 0x226A, 0x226B, 0x25A },
    { 0x2283, 0x2287, 0x25C },
    { 0x2295, 0x2298, 0x261 },
    { 0x22A5, 0x22A5, 0x265 },
    { 0x22C5, 0x22C5, 0x266 },
    { 0x22EF, 0x22EF, 0x267 },
    { 0xFB00, 0xFB06, 0x268 },
    { 0xFFFD, 0xFFFD, 0x26F },
};

static const EpdFontGroup bookerly_12_regularGroups[] = {
    { 0, 3057, 5926, 100, 0 },
    { 3057, 2776, 7374, 96, 100 },
    { 5833, 3502, 11692, 128, 196 },
    { 9335, 3248, 9904, 90, 324 },
    { 12583, 314, 397, 33, 414 },
    { 12897, 1004, 1954, 74, 447 },
    { 13901, 432, 625, 18, 521 },
    { 14333, 253, 356, 4, 539 },
    { 14586, 395, 708, 15, 543 },
    { 14981, 1719, 3897, 58, 558 },
    { 16700, 318, 831, 7, 616 },
    { 17018, 117, 168, 1, 623 },
};

static const EpdKernClassEntry bookerly_12_regularKernLeftClasses[] = {
    { 0x0022, 1 }, // "
    { 0x0027, 1 }, // '
    { 0x0028, 2 }, // (
    { 0x002A, 3 }, // *
    { 0x002B, 4 }, // +
    { 0x002C, 5 }, // ,
    { 0x002D, 6 }, // -
    { 0x002E, 5 }, // .
    { 0x002F, 7 }, // /
    { 0x0030, 8 }, // 0
    { 0x0031, 9 }, // 1
    { 0x0032, 10 }, // 2
    { 0x0033, 11 }, // 3
    { 0x0034, 12 }, // 4
    { 0x0035, 8 }, // 5
    { 0x0036, 10 }, // 6
    { 0x0037, 13 }, // 7
    { 0x0038, 14 }, // 8
    { 0x0039, 15 }, // 9
    { 0x003A, 16 }, // :
    { 0x003B, 16 }, // ;
    { 0x003C, 4 }, // <
    { 0x003D, 4 }, // =
    { 0x003E, 4 }, // >
    { 0x0040, 17 }, // @
    { 0x0041, 18 }, // A
    { 0x0042, 19 }, // B
    { 0x0043, 20 }, // C
    { 0x0044, 21 }, // D
    { 0x0045, 22 }, // E
    { 0x0046, 23 }, // F
    { 0x0047, 24 }, // G
    { 0x0048, 25 }, // H
    { 0x0049, 25 }, // I
    { 0x004A, 26 }, // J
    { 0x004B, 27 }, // K
    { 0x004C, 28 }, // L
    { 0x004D, 29 }, // M
    { 0x004E, 30 }, // N
    { 0x004F, 21 }, // O
    { 0x0050, 31 }, // P
    { 0x0051, 32 }, // Q
    { 0x0052, 33 }, // R
    { 0x0053, 34 }, // S
    { 0x0054, 35 }, // T
    { 0x0055, 36 }, // U
    { 0x0056, 37 }, // V
    { 0x0057, 37 }, // W
    { 0x0058, 38 }, // X
    { 0x0059, 39 }, // Y
    { 0x005A, 40 }, // Z
    { 0x005B, 41 }, // [
    { 0x005C, 42 }, // <backslash>
    { 0x0061, 43 }, // a
    { 0x0062, 44 }, // b
    { 0x0063, 45 }, // c
    { 0x0064, 46 }, // d
    { 0x0065, 47 }, // e
    { 0x0066, 48 }, // f
    { 0x0067, 49 }, // g
    { 0x0068, 50 }, // h
    { 0x0069, 51 }, // i
    { 0x006A, 52 }, // j
    { 0x006B, 53 }, // k
    { 0x006C, 54 }, // l
    { 0x006D, 50 }, // m
    { 0x006E, 50 }, // n
    { 0x006F, 44 }, // o
    { 0x0070, 44 }, // p
    { 0x0071, 55 }, // q
    { 0x0072, 56 }, // r
    { 0x0073, 57 }, // s
    { 0x0074, 58 }, // t
    { 0x0075, 59 }, // u
    { 0x0076, 60 }, // v
    { 0x0077, 60 }, // w
    { 0x0078, 61 }, // x
    { 0x0079, 60 }, // y
    { 0x007A, 62 }, // z
    { 0x007B, 63 }, // {
    { 0x007E, 4 }, // ~
    { 0x00A1, 64 }, // U+00A1
    { 0x00AB, 65 }, // U+00AB
    { 0x00AD, 6 }, // U+00AD
    { 0x00BB, 66 }, // U+00BB
    { 0x00BF, 67 }, // U+00BF
    { 0x00C0, 18 }, // U+00C0
    { 0x00C1, 18 }, // U+00C1
    { 0x00C2, 18 }, // U+00C2
    { 0x00C3, 18 }, // U+00C3
    { 0x00C4, 18 }, // U+00C4
    { 0x00C5, 18 }, // U+00C5
    { 0x00C6, 22 }, // U+00C6
    { 0x00C7, 20 }, // U+00C7
    { 0x00C8, 22 }, // U+00C8
    { 0x00C9, 22 }, // U+00C9
    { 0x00CA, 22 }, // U+00CA
    { 0x00CB, 22 }, // U+00CB
    { 0x00CC, 25 }, // U+00CC
    { 0x00CD, 25 }, // U+00CD
    { 0x00CE, 25 }, // U+00CE
    { 0x00CF, 25 }, // U+00CF
    { 0x00D0, 21 }, // U+00D0
    { 0x00D1, 30 }, // U+00D1
    { 0x00D2, 21 }, // U+00D2
    { 0x00D3, 21 }, // U+00D3
    { 0x00D4, 21 }, // U+00D4
    { 0x00D5, 21 }, // U+00D5
    { 0x00D6, 21 }, // U+00D6
    { 0x00D7, 4 }, // U+00D7
    { 0x00D8, 68 }, // U+00D8
    { 0x00D9, 36 }, // U+00D9
    { 0x00DA, 36 }, // U+00DA
    { 0x00DB, 36 }, // U+00DB
    { 0x00DC, 36 }, // U+00DC
    { 0x00DD, 39 }, // U+00DD
    { 0x00DE, 69 }, // U+00DE
    { 0x00DF, 70 }, // U+00DF
    { 0x00E0, 43 }, // U+00E0
    { 0x00E1, 43 }, // U+00E1
    { 0x00E2, 43 }, // U+00E2
    { 0x00E3, 43 }, // U+00E3
    { 0x00E4, 43 }, // U+00E4
    { 0x00E5, 43 }, // U+00E5
    { 0x00E6, 47 }, // U+00E6
    { 0x00E7, 45 }, // U+00E7
    { 0x00E8, 47 }, // U+00E8
    { 0x00E9, 47 }, // U+00E9
    { 0x00EA, 47 }, // U+00EA
    { 0x00EB, 47 }, // U+00EB
    { 0x00EC, 51 }, // U+00EC
    { 0x00ED, 51 }, // U+00ED
    { 0x00EE, 71 }, // U+00EE
    { 0x00EF, 71 }, // U+00EF
    { 0x00F0, 72 }, // U+00F0
    { 0x00F1, 50 }, // U+00F1
    { 0x00F2, 44 }, // U+00F2
    { 0x00F3, 44 }, // U+00F3
    { 0x00F4, 44 }, // U+00F4
    { 0x00F5, 44 }, // U+00F5
    { 0x00F6, 44 }, // U+00F6
    { 0x00F7, 4 }, // U+00F7
    { 0x00F8, 73 }, // U+00F8
    { 0x00F9, 59 }, // U+00F9
    { 0x00FA, 59 }, // U+00FA
    { 0x00FB, 59 }, // U+00FB
    { 0x00FC, 59 }, // U+00FC
    { 0x00FD, 60 }, // U+00FD
    { 0x00FE, 44 }, // U+00FE
    { 0x00FF, 60 }, // U+00FF
    { 0x0100, 18 }, // U+0100
    { 0x0101, 43 }, // U+0101
    { 0x0102, 18 }, // U+0102
    { 0x0103, 43 }, // U+0103
    { 0x0104, 74 }, // U+0104
    { 0x0105, 75 }, // U+0105
    { 0x0106, 20 }, // U+0106
    { 0x0107, 45 }, // U+0107
    { 0x0108, 20 }, // U+0108
    { 0x0109, 45 }, // U+0109
    { 0x010A, 20 }, // U+010A
    { 0x010B, 45 }, // U+010B
    { 0x010C, 20 }, // U+010C
    { 0x010D, 45 }, // U+010D
    { 0x010E, 21 }, // U+010E
    { 0x010F, 76 }, // U+010F
    { 0x0110, 21 }, // U+0110
    { 0x0111, 46 }, // U+0111
    { 0x0112, 22 }, // U+0112
    { 0x0113, 47 }, // U+0113
    { 0x0114, 22 }, // U+0114
    { 0x0115, 47 }, // U+0115
    { 0x0116, 22 }, // U+0116
    { 0x0117, 47 }, // U+0117
    { 0x0118, 77 }, // U+0118
    { 0x0119, 78 }, // U+0119
    { 0x011A, 22 }, // U+011A
    { 0x011B, 47 }, // U+011B
    { 0x011C, 24 }, // U+011C
    { 0x011D, 49 }, // U+011D
    { 0x011E, 24 }, // U+011E
    { 0x011F, 49 }, // U+011F
    { 0x0120, 24 }, // U+0120
    { 0x0121, 49 }, // U+0121
    { 0x0122, 24 }, // U+0122
    { 0x0123, 49 }, // U+0123
    { 0x0124, 25 }, // U+0124
    { 0x0125, 50 }, // U+0125
    { 0x0126, 25 }, // U+0126
    { 0x0127, 50 }, // U+0127
    { 0x0128, 25 }, // U+0128
    { 0x0129, 71 }, // U+0129
    { 0x012A, 25 }, // U+012A
    { 0x012B, 71 }, // U+012B
    { 0x012C, 25 }, // U+012C
    { 0x012D, 71 }, // U+012D
    { 0x012E, 79 }, // U+012E
    { 0x012F, 80 }, // U+012F
    { 0x0130, 25 }, // U+0130
    { 0x0131, 51 }, // U+0131
    { 0x0132, 26 }, // U+0132
    { 0x0133, 52 }, // U+0133
    { 0x0134, 26 }, // U+0134
    { 0x0135, 81 }, // U+0135
    { 0x0136, 27 }, // U+0136
    { 0x0137, 53 }, // U+0137
    { 0x0138, 53 }, // U+0138
    { 0x0139, 28 }, // U+0139
    { 0x013A, 54 }, // U+013A
    { 0x013B, 28 }, // U+013B
    { 0x013C, 54 }, // U+013C
    { 0x013E, 76 }, // U+013E
    { 0x0141, 28 }, // U+0141
    { 0x0142, 82 }, // U+0142
    { 0x0143, 30 }, // U+0143
    { 0x0144, 50 }, // U+0144
    { 0x0145, 30 }, // U+0145
    { 0x0146, 50 }, // U+0146
    { 0x0147, 30 }, // U+0147
    { 0x0148, 50 }, // U+0148
    { 0x0149, 50 }, // U+0149
    { 0x014A, 30 }, // U+014A
    { 0x014B, 50 }, // U+014B
    { 0x014C, 21 }, // U+014C
    { 0x014D, 44 }, // U+014D
    { 0x014E, 21 }, // U+014E
    { 0x014F, 44 }, // U+014F
    { 0x0150, 21 }, // U+0150
    { 0x0151, 44 }, // U+0151
    { 0x0152, 22 }, // U+0152
    { 0x0153, 47 }, // U+0153
    { 0x0154, 33 }, // U+0154
    { 0x0155, 56 }, // U+0155
    { 0x0156, 33 }, // U+0156
    { 0x0157, 56 }, // U+0157
    { 0x0158, 33 }, // U+0158
    { 0x0159, 56 }, // U+0159
    { 0x015A, 34 }, // U+015A
    { 0x015B, 57 }, // U+015B
    { 0x015C, 34 }, // U+015C
    { 0x015D, 57 }, // U+015D
    { 0x015E, 34 }, // U+015E
    { 0x015F, 57 }, // U+015F
    { 0x0160, 34 }, // U+0160
    { 0x0161, 57 }, // U+0161
    { 0x0162, 35 }, // U+0162
    { 0x0163, 83 }, // U+0163
    { 0x0164, 35 }, // U+0164
    { 0x0166, 35 }, // U+0166
    { 0x0167, 58 }, // U+0167
    { 0x0168, 36 }, // U+0168
    { 0x0169, 59 }, // U+0169
    { 0x016A, 36 }, // U+016A
    { 0x016B, 59 }, // U+016B
    { 0x016C, 36 }, // U+016C
    { 0x016D, 59 }, // U+016D
    { 0x016E, 36 }, // U+016E
    { 0x016F, 59 }, // U+016F
    { 0x0170, 36 }, // U+0170
    { 0x0171, 59 }, // U+0171
    { 0x0172, 36 }, // U+0172
    { 0x0173, 84 }, // U+0173
    { 0x0174, 37 }, // U+0174
    { 0x0175, 60 }, // U+0175
    { 0x0176, 39 }, // U+0176
    { 0x0177, 60 }, // U+0177
    { 0x0178, 39 }, // U+0178
    { 0x0179, 40 }, // U+0179
    { 0x017A, 62 }, // U+017A
    { 0x017B, 40 }, // U+017B
    { 0x017C, 62 }, // U+017C
    { 0x017D, 40 }, // U+017D
    { 0x017E, 62 }, // U+017E
    { 0x01C4, 40 }, // U+01C4
    { 0x01C5, 62 }, // U+01C5
    { 0x01C6, 62 }, // U+01C6
    { 0x01C7, 26 }, // U+01C7
    { 0x01C8, 52 }, // U+01C8
    { 0x01C9, 52 }, // U+01C9
    { 0x01CA, 26 }, // U+01CA
    { 0x01CB, 52 }, // U+01CB
    { 0x01CC, 52 }, // U+01CC
    { 0x01CD, 18 }, // U+01CD
    { 0x01CE, 43 }, // U+01CE
    { 0x01CF, 25 }, // U+01CF
    { 0x01D0, 71 }, // U+01D0
    { 0x01D1, 21 }, // U+01D1
    { 0x01D2, 44 }, // U+01D2
    { 0x01D3, 36 }, // U+01D3
    { 0x01D4, 59 }, // U+01D4
    { 0x01D5, 36 }, // U+01D5
    { 0x01D6, 59 }, // U+01D6
    { 0x01D7, 36 }, // U+01D7
    { 0x01D8, 59 }, // U+01D8
    { 0x01D9, 36 }, // U+01D9
    { 0x01DA, 59 }, // U+01DA
    { 0x01DB, 36 }, // U+01DB
    { 0x01DC, 59 }, // U+01DC
    { 0x01DD, 44 }, // U+01DD
    { 0x01DE, 18 }, // U+01DE
    { 0x01DF, 43 }, // U+01DF
    { 0x01E0, 18 }, // U+01E0
    { 0x01E1, 43 }, // U+01E1
    { 0x01E2, 22 }, // U+01E2
    { 0x01E3, 47 }, // U+01E3
    { 0x01E4, 24 }, // U+01E4
    { 0x01E5, 85 }, // U+01E5
    { 0x01E6, 24 }, // U+01E6
    { 0x01E7, 49 }, // U+01E7
    { 0x01E8, 27 }, // U+01E8
    { 0x01E9, 53 }, // U+01E9
    { 0x01EA, 21 }, // U+01EA
    { 0x01EB, 44 }, // U+01EB
    { 0x01EC, 21 }, // U+01EC
    { 0x01ED, 44 }, // U+01ED
    { 0x01EF, 86 }, // U+01EF
    { 0x01F0, 81 }, // U+01F0
    { 0x01F1, 40 }, // U+01F1
    { 0x01F2, 62 }, // U+01F2
    { 0x01F3, 62 }, // U+01F3
    { 0x01F4, 24 }, // U+01F4
    { 0x01F5, 49 }, // U+01F5
    { 0x01F8, 30 }, // U+01F8
    { 0x01F9, 50 }, // U+01F9
    { 0x01FA, 18 }, // U+01FA
    { 0x01FB, 43 }, // U+01FB
    { 0x01FC, 22 }, // U+01FC
    { 0x01FD, 47 }, // U+01FD
    { 0x01FE, 87 }, // U+01FE
    { 0x01FF, 44 }, // U+01FF
    { 0x0200, 18 }, // U+0200
    { 0x0201, 43 }, // U+0201
    { 0x0202, 18 }, // U+0202
    { 0x0203, 43 }, // U+0203
    { 0x0204, 22 }, // U+0204
    { 0x0205, 47 }, // U+0205
    { 0x0206, 22 }, // U+0206
    { 0x0207, 47 }, // U+0207
    { 0x0208, 25 }, // U+0208
    { 0x0209, 71 }, // U+0209
    { 0x020A, 25 }, // U+020A
    { 0x020B, 71 }, // U+020B
    { 0x020C, 21 }, // U+020C
    { 0x020D, 44 }, // U+020D
    { 0x020E, 21 }, // U+020E
    { 0x020F, 44 }, // U+020F
    { 0x0210, 33 }, // U+0210
    { 0x0211, 56 }, // U+0211
    { 0x0212, 33 }, // U+0212
    { 0x0213, 56 }, // U+0213
    { 0x0214, 36 }, // U+0214
    { 0x0215, 59 }, // U+0215
    { 0x0216, 36 }, // U+0216
    { 0x0217, 59 }, // U+0217
    { 0x0218, 34 }, // U+0218
    { 0x0219, 57 }, // U+0219
    { 0x021A, 35 }, // U+021A
    { 0x021B, 58 }, // U+021B
    { 0x021C, 19 }, // U+021C
    { 0x021D, 88 }, // U+021D
    { 0x021E, 25 }, // U+021E
    { 0x021F, 50 }, // U+021F
    { 0x2010, 6 }, // U+2010
    { 0x2011, 6 }, // U+2011
    { 0x2013, 6 }, // U+2013
    { 0x2014, 6 }, // U+2014
    { 0x2015, 6 }, // U+2015
    { 0x2018, 89 }, // U+2018
    { 0x2019, 90 }, // U+2019
    { 0x201A, 5 }, // U+201A
    { 0x201B, 89 }, // U+201B
    { 0x201C, 89 }, // U+201C
    { 0x201D, 90 }, // U+201D
    { 0x201E, 5 }, // U+201E
    { 0x201F, 89 }, // U+201F
    { 0x2025, 5 }, // U+2025
    { 0x2026, 5 }, // U+2026
    { 0x2039, 65 }, // U+2039
    { 0x203A, 66 }, // U+203A
    { 0x2212, 4 }, // U+2212
    { 0x2217, 4 }, // U+2217
    { 0x2248, 4 }, // U+2248
    { 0x2260, 4 }, // U+2260
    { 0xFB00, 48 }, // U+FB00
    { 0xFB01, 51 }, // U+FB01
    { 0xFB02, 54 }, // U+FB02
    { 0xFB03, 51 }, // U+FB03
    { 0xFB04, 54 }, // U+FB04
    { 0xFB05, 58 }, // U+FB05
    { 0xFB06, 58 }, // U+FB06
};

static const EpdKernClassEntry bookerly_12_regularKernRightClasses[] = {
    { 0x0021, 1 }, // !
    { 0x0022, 2 }, // "
    { 0x0027, 2 }, // '
    { 0x0029, 3 }, // )
    { 0x002A, 4 }, // *
    { 0x002B, 5 }, // +
    { 0x002C, 6 }, // ,
    { 0x002D, 7 }, // -
    { 0x002E, 8 }, // .
    { 0x002F, 9 }, // /
    { 0x0030, 10 }, // 0
    { 0x0031, 11 }, // 1
    { 0x0032, 12 }, // 2
    { 0x0033, 13 }, // 3
    { 0x0034, 14 }, // 4
    { 0x0035, 15 }, // 5
    { 0x0036, 16 }, // 6
    { 0x0037, 17 }, // 7
    { 0x0038, 18 }, // 8
    { 0x003A, 19 }, // :
    { 0x003B, 20 }, // ;
    { 0x003C, 5 }, // <
    { 0x003D, 5 }, // =
    { 0x003E, 5 }, // >
    { 0x003F, 21 }, // ?
    { 0x0041, 22 }, // A
    { 0x0042, 23 }, // B
    { 0x0043, 24 }, // C
    { 0x0044, 23 }, // D
    { 0x0045, 23 }, // E
    { 0x0046, 23 }, // F
    { 0x0047, 24 }, // G
    { 0x0048, 23 }, // H
    { 0x0049, 23 }, // I
    { 0x004A, 25 }, // J
    { 0x004B, 23 }, // K
    { 0x004C, 23 }, // L
    { 0x004D, 26 }, // M
    { 0x004E, 23 }, // N
    { 0x004F, 24 }, // O
    { 0x0050, 23 }, // P
    { 0x0051, 24 }, // Q
    { 0x0052, 23 }, // R
    { 0x0053, 27 }, // S
    { 0x0054, 28 }, // T
    { 0x0055, 29 }, // U
    { 0x0056, 30 }, // V
    { 0x0057, 30 }, // W
    { 0x0058, 31 }, // X
    { 0x0059, 32 }, // Y
    { 0x005A, 33 }, // Z
    { 0x005C, 34 }, // <backslash>
    { 0x005D, 35 }, // ]
    { 0x0061, 36 }, // a
    { 0x0062, 37 }, // b
    { 0x0063, 38 }, // c
    { 0x0064, 38 }, // d
    { 0x0065, 38 }, // e
    { 0x0066, 39 }, // f
    { 0x0067, 40 }, // g
    { 0x0068, 41 }, // h
    { 0x0069, 42 }, // i
    { 0x006A, 43 }, // j
    { 0x006B, 41 }, // k
    { 0x006C, 41 }, // l
    { 0x006D, 44 }, // m
    { 0x006E, 44 }, // n
    { 0x006F, 38 }, // o
    { 0x0070, 45 }, // p
    { 0x0071, 38 }, // q
    { 0x0072, 44 }, // r
    { 0x0073, 46 }, // s
    { 0x0074, 47 }, // t
    { 0x0075, 48 }, // u
    { 0x0076, 49 }, // v
    { 0x0077, 49 }, // w
    { 0x0078, 50 }, // x
    { 0x0079, 51 }, // y
    { 0x007A, 52 }, // z
    { 0x007D, 53 }, // }
    { 0x007E, 5 }, // ~
    { 0x00AB, 54 }, // U+00AB
    { 0x00AD, 7 }, // U+00AD
    { 0x00B0, 55 }, // U+00B0
    { 0x00BB, 56 }, // U+00BB
    { 0x00BF, 57 }, // U+00BF
    { 0x00C0, 22 }, // U+00C0
    { 0x00C1, 22 }, // U+00C1
    { 0x00C2, 22 }, // U+00C2
    { 0x00C3, 22 }, // U+00C3
    { 0x00C4, 22 }, // U+00C4
    { 0x00C5, 22 }, // U+00C5
    { 0x00C6, 58 }, // U+00C6
    { 0x00C7, 24 }, // U+00C7
    { 0x00C8, 23 }, // U+00C8
    { 0x00C9, 23 }, // U+00C9
    { 0x00CA, 23 }, // U+00CA
    { 0x00CB, 23 }, // U+00CB
    { 0x00CC, 23 }, // U+00CC
    { 0x00CD, 23 }, // U+00CD
    { 0x00CE, 23 }, // U+00CE
    { 0x00CF, 23 }, // U+00CF
    { 0x00D0, 23 }, // U+00D0
    { 0x00D1, 23 }, // U+00D1
    { 0x00D2, 24 }, // U+00D2
    { 0x00D3, 24 }, // U+00D3
    { 0x00D4, 24 }, // U+00D4
    { 0x00D5, 24 }, // U+00D5
    { 0x00D6, 24 }, // U+00D6
    { 0x00D7, 5 }, // U+00D7
    { 0x00D8, 59 }, // U+00D8
    { 0x00D9, 29 }, // U+00D9
    { 0x00DA, 29 }, // U+00DA
    { 0x00DB, 29 }, // U+00DB
    { 0x00DC, 29 }, // U+00DC
    { 0x00DD, 32 }, // U+00DD
    { 0x00DE, 23 }, // U+00DE
    { 0x00DF, 60 }, // U+00DF
    { 0x00E0, 36 }, // U+00E0
    { 0x00E1, 36 }, // U+00E1
    { 0x00E2, 36 }, // U+00E2
    { 0x00E3, 61 }, // U+00E3
    { 0x00E4, 62 }, // U+00E4
    { 0x00E5, 36 }, // U+00E5
    { 0x00E6, 36 }, // U+00E6
    { 0x00E7, 38 }, // U+00E7
    { 0x00E8, 38 }, // U+00E8
    { 0x00E9, 38 }, // U+00E9
    { 0x00EA, 38 }, // U+00EA
    { 0x00EB, 63 }, // U+00EB
    { 0x00EC, 64 }, // U+00EC
    { 0x00ED, 42 }, // U+00ED
    { 0x00EE, 65 }, // U+00EE
    { 0x00EF, 66 }, // U+00EF
    { 0x00F0, 38 }, // U+00F0
    { 0x00F1, 44 }, // U+00F1
    { 0x00F2, 38 }, // U+00F2
    { 0x00F3, 38 }, // U+00F3
    { 0x00F4, 38 }, // U+00F4
    { 0x00F5, 38 }, // U+00F5
    { 0x00F6, 38 }, // U+00F6
    { 0x00F7, 5 }, // U+00F7
    { 0x00F8, 67 }, // U+00F8
    { 0x00F9, 48 }, // U+00F9
    { 0x00FA, 48 }, // U+00FA
    { 0x00FB, 48 }, // U+00FB
    { 0x00FC, 48 }, // U+00FC
    { 0x00FD, 51 }, // U+00FD
    { 0x00FE, 68 }, // U+00FE
    { 0x00FF, 51 }, // U+00FF
    { 0x0100, 22 }, // U+0100
    { 0x0101, 69 }, // U+0101
    { 0x0102, 22 }, // U+0102
    { 0x0103, 70 }, // U+0103
    { 0x0104, 22 }, // U+0104
    { 0x0105, 36 }, // U+0105
    { 0x0106, 24 }, // U+0106
    { 0x0107, 38 }, // U+0107
    { 0x0108, 24 }, // U+0108
    { 0x0109, 38 }, // U+0109
    { 0x010A, 24 }, // U+010A
    { 0x010B, 38 }, // U+010B
    { 0x010C, 24 }, // U+010C
    { 0x010D, 38 }, // U+010D
    { 0x010E, 23 }, // U+010E
    { 0x010F, 38 }, // U+010F
    { 0x0110, 23 }, // U+0110
    { 0x0111, 38 }, // U+0111
    { 0x0112, 23 }, // U+0112
    { 0x0113, 71 }, // U+0113
    { 0x0114, 23 }, // U+0114
    { 0x0115, 71 }, // U+0115
    { 0x0116, 23 }, // U+0116
    { 0x0117, 38 }, // U+0117
    { 0x0118, 23 }, // U+0118
    { 0x0119, 38 }, // U+0119
    { 0x011A, 23 }, // U+011A
    { 0x011B, 38 }, // U+011B
    { 0x011C, 24 }, // U+011C
    { 0x011D, 40 }, // U+011D
    { 0x011E, 24 }, // U+011E
    { 0x011F, 40 }, // U+011F
    { 0x0120, 24 }, // U+0120
    { 0x0121, 40 }, // U+0121
    { 0x0122, 24 }, // U+0122
    { 0x0123, 40 }, // U+0123
    { 0x0124, 23 }, // U+0124
    { 0x0125, 41 }, // U+0125
    { 0x0126, 23 }, // U+0126
    { 0x0127, 72 }, // U+0127
    { 0x0128, 23 }, // U+0128
    { 0x0129, 66 }, // U+0129
    { 0x012A, 23 }, // U+012A
    { 0x012B, 66 }, // U+012B
    { 0x012C, 23 }, // U+012C
    { 0x012D, 66 }, // U+012D
    { 0x012E, 23 }, // U+012E
    { 0x012F, 42 }, // U+012F
    { 0x0130, 23 }, // U+0130
    { 0x0131, 42 }, // U+0131
    { 0x0132, 23 }, // U+0132
    { 0x0133, 42 }, // U+0133
    { 0x0134, 25 }, // U+0134
    { 0x0135, 73 }, // U+0135
    { 0x0136, 23 }, // U+0136
    { 0x0137, 41 }, // U+0137
    { 0x0138, 44 }, // U+0138
    { 0x0139, 23 }, // U+0139
    { 0x013A, 41 }, // U+013A
    { 0x013B, 23 }, // U+013B
    { 0x013C, 41 }, // U+013C
    { 0x013D, 23 }, // U+013D
    { 0x013E, 41 }, // U+013E
    { 0x013F, 23 }, // U+013F
    { 0x0140, 41 }, // U+0140
    { 0x0141, 23 }, // U+0141
    { 0x0142, 74 }, // U+0142
    { 0x0143, 23 }, // U+0143
    { 0x0144, 44 }, // U+0144
    { 0x0145, 23 }, // U+0145
    { 0x0146, 44 }, // U+0146
    { 0x0147, 23 }, // U+0147
    { 0x0148, 44 }, // U+0148
    { 0x0149, 44 }, // U+0149
    { 0x014A, 23 }, // U+014A
    { 0x014B, 44 }, // U+014B
    { 0x014C, 24 }, // U+014C
    { 0x014D, 38 }, // U+014D
    { 0x014E, 24 }, // U+014E
    { 0x014F, 38 }, // U+014F
    { 0x0150, 24 }, // U+0150
    { 0x0151, 38 }, // U+0151
    { 0x0152, 24 }, // U+0152
    { 0x0153, 38 }, // U+0153
    { 0x0154, 23 }, // U+0154
    { 0x0155, 44 }, // U+0155
    { 0x0156, 23 }, // U+0156
    { 0x0157, 44 }, // U+0157
    { 0x0158, 23 }, // U+0158
    { 0x0159, 75 }, // U+0159
    { 0x015A, 27 }, // U+015A
    { 0x015B, 46 }, // U+015B
    { 0x015C, 27 }, // U+015C
    { 0x015D, 46 }, // U+015D
    { 0x015E, 27 }, // U+015E
    { 0x015F, 46 }, // U+015F
    { 0x0160, 27 }, // U+0160
    { 0x0161, 76 }, // U+0161
    { 0x0162, 28 }, // U+0162
    { 0x0163, 47 }, // U+0163
    { 0x0164, 28 }, // U+0164
    { 0x0165, 47 }, // U+0165
    { 0x0166, 28 }, // U+0166
    { 0x0167, 47 }, // U+0167
    { 0x0168, 29 }, // U+0168
    { 0x0169, 48 }, // U+0169
    { 0x016A, 29 }, // U+016A
    { 0x016B, 48 }, // U+016B
    { 0x016C, 29 }, // U+016C
    { 0x016D, 48 }, // U+016D
    { 0x016E, 29 }, // U+016E
    { 0x016F, 48 }, // U+016F
    { 0x0170, 29 }, // U+0170
    { 0x0171, 48 }, // U+0171
    { 0x0172, 29 }, // U+0172
    { 0x0173, 48 }, // U+0173
    { 0x0174, 30 }, // U+0174
    { 0x0175, 49 }, // U+0175
    { 0x0176, 32 }, // U+0176
    { 0x0177, 51 }, // U+0177
    { 0x0178, 32 }, // U+0178
    { 0x0179, 33 }, // U+0179
    { 0x017A, 52 }, // U+017A
    { 0x017B, 33 }, // U+017B
    { 0x017C, 52 }, // U+017C
    { 0x017D, 33 }, // U+017D
    { 0x017E, 77 }, // U+017E
    { 0x017F, 60 }, // U+017F
    { 0x01C4, 23 }, // U+01C4
    { 0x01C5, 23 }, // U+01C5
    { 0x01C6, 38 }, // U+01C6
    { 0x01C7, 23 }, // U+01C7
    { 0x01C8, 23 }, // U+01C8
    { 0x01C9, 41 }, // U+01C9
    { 0x01CA, 23 }, // U+01CA
    { 0x01CB, 23 }, // U+01CB
    { 0x01CC, 44 }, // U+01CC
    { 0x01CD, 22 }, // U+01CD
    { 0x01CE, 36 }, // U+01CE
    { 0x01CF, 23 }, // U+01CF
    { 0x01D0, 66 }, // U+01D0
    { 0x01D1, 24 }, // U+01D1
    { 0x01D2, 38 }, // U+01D2
    { 0x01D3, 29 }, // U+01D3
    { 0x01D4, 48 }, // U+01D4
    { 0x01D5, 29 }, // U+01D5
    { 0x01D6, 48 }, // U+01D6
    { 0x01D7, 29 }, // U+01D7
    { 0x01D8, 48 }, // U+01D8
    { 0x01D9, 29 }, // U+01D9
    { 0x01DA, 48 }, // U+01DA
    { 0x01DB, 29 }, // U+01DB
    { 0x01DC, 48 }, // U+01DC
    { 0x01DD, 78 }, // U+01DD
    { 0x01DE, 22 }, // U+01DE
    { 0x01DF, 36 }, // U+01DF
    { 0x01E0, 22 }, // U+01E0
    { 0x01E1, 36 }, // U+01E1
    { 0x01E2, 58 }, // U+01E2
    { 0x01E3, 36 }, // U+01E3
    { 0x01E4, 24 }, // U+01E4
    { 0x01E5, 79 }, // U+01E5
    { 0x01E6, 24 }, // U+01E6
    { 0x01E7, 40 }, // U+01E7
    { 0x01E8, 23 }, // U+01E8
    { 0x01E9, 41 }, // U+01E9
    { 0x01EA, 24 }, // U+01EA
    { 0x01EB, 38 }, // U+01EB
    { 0x01EC, 24 }, // U+01EC
    { 0x01ED, 38 }, // U+01ED
    { 0x01EE, 80 }, // U+01EE
    { 0x01EF, 81 }, // U+01EF
    { 0x01F1, 23 }, // U+01F1
    { 0x01F2, 23 }, // U+01F2
    { 0x01F3, 38 }, // U+01F3
    { 0x01F4, 24 }, // U+01F4
    { 0x01F5, 40 }, // U+01F5
    { 0x01F8, 23 }, // U+01F8
    { 0x01F9, 44 }, // U+01F9
    { 0x01FA, 22 }, // U+01FA
    { 0x01FB, 36 }, // U+01FB
    { 0x01FC, 58 }, // U+01FC
    { 0x01FD, 36 }, // U+01FD
    { 0x01FE, 82 }, // U+01FE
    { 0x01FF, 38 }, // U+01FF
    { 0x0200, 22 }, // U+0200
    { 0x0201, 36 }, // U+0201
    { 0x0202, 22 }, // U+0202
    { 0x0203, 36 }, // U+0203
    { 0x0204, 23 }, // U+0204
    { 0x0205, 38 }, // U+0205
    { 0x0206, 23 }, // U+0206
    { 0x0207, 38 }, // U+0207
    { 0x0208, 23 }, // U+0208
    { 0x0209, 66 }, // U+0209
    { 0x020A, 23 }, // U+020A
    { 0x020B, 66 }, // U+020B
    { 0x020C, 24 }, // U+020C
    { 0x020D, 38 }, // U+020D
    { 0x020E, 24 }, // U+020E
    { 0x020F, 38 }, // U+020F
    { 0x0210, 23 }, // U+0210
    { 0x0211, 44 }, // U+0211
    { 0x0212, 23 }, // U+0212
    { 0x0213, 44 }, // U+0213
    { 0x0214, 29 }, // U+0214
    { 0x0215, 48 }, // U+0215
    { 0x0216, 29 }, // U+0216
    { 0x0217, 48 }, // U+0217
    { 0x0218, 27 }, // U+0218
    { 0x0219, 46 }, // U+0219
    { 0x021A, 28 }, // U+021A
    { 0x021B, 47 }, // U+021B
    { 0x021C, 83 }, // U+021C
    { 0x021D, 84 }, // U+021D
    { 0x021E, 23 }, // U+021E
    { 0x021F, 41 }, // U+021F
    { 0x2010, 7 }, // U+2010
    { 0x2011, 7 }, // U+2011
    { 0x2013, 7 }, // U+2013
    { 0x2014, 7 }, // U+2014
    { 0x2015, 7 }, // U+2015
    { 0x2018, 85 }, // U+2018
    { 0x2019, 86 }, // U+2019
    { 0x201A, 8 }, // U+201A
    { 0x201B, 85 }, // U+201B
    { 0x201C, 85 }, // U+201C
    { 0x201D, 86 }, // U+201D
    { 0x201E, 8 }, // U+201E
    { 0x201F, 85 }, // U+201F
    { 0x2025, 8 }, // U+2025
    { 0x2026, 8 }, // U+2026
    { 0x2039, 54 }, // U+2039
    { 0x203A, 56 }, // U+203A
    { 0x203C, 1 }, // U+203C
    { 0x2047, 21 }, // U+2047
    { 0x2048, 21 }, // U+2048
    { 0x2049, 1 }, // U+2049
    { 0x2212, 5 }, // U+2212
    { 0x2217, 5 }, // U+2217
    { 0x2248, 5 }, // U+2248
    { 0x2260, 5 }, // U+2260
    { 0xFB00, 39 }, // U+FB00
    { 0xFB01, 39 }, // U+FB01
    { 0xFB02, 39 }, // U+FB02
    { 0xFB03, 39 }, // U+FB03
    { 0xFB04, 39 }, // U+FB04
    { 0xFB05, 39 }, // U+FB05
    { 0xFB06, 46 }, // U+FB06
};

static const int8_t bookerly_12_regularKernMatrix[] = {
       0,    0,    0,    0,    0,    0,    0,    0,    0,    0,    0,    0,    0,  -20,    0,    0,    0,    0,    0,    0,    0,  -20,    0,    0,    0,    0,    0,    0,    0,    0,    0,    0,    0,    0,    0,    0,    0,    0,    0,  -16,    0,    0,    0,    0,    0,    0,   16,    0,    0,    0,    0,    0,    0,    0,    0,    0,    0,    0,    0,    0,    0,    0,    0,    0,    0,    0,    0,    0,    0,    0,    0,    0,    0,    0,    0,    0,    0,    0,  -16,    0,    0,    0,    0,    0,    0,    0,
       0,    0,    0,    0,    0,    0,    0,    0,    0,    0,    0,    0,    0,    0,    0,    0,    0,    0,    0,    0,    0,    0,    0,  -12,   20,    0,    0,    0,    0,    0,    0,    0,    0,    0,    0,   -8,    0,   -8,    0,    0,    0,    0,   20,    0,    0,    0,    0,    0,    8,    0,    8,    0,    0,    0,    0,    0,    0,    0,  -12,    0,   -8,   -8,   -8,    0,    8,    8,   -8,    0,   -8,   -8,   -8,    0,   20,    0,    0,    0,    0,    0,    0,    0,    0,  -12,    0,    0,    0,    0,
       0,    0,    0,    0,    0,    0,    0,    0,    0,    0,    0,    0,    0,    0,    0,    0,    0,    0,    0,    0,    0,  -32,    0,    0,    0,    0,    0,    0,    0,   16,   16,    0,    0,    0,    0,    0,    0,   -8,    0,  -12,    0,    0,    0,    0,    0,    0,    0,    0,    0,    0,    0,    0,    0,    0,    0,    0,    0,  -54,    0,    0,    0,    0,   -8,    0,    0,    0,   -8,    0,    0,    0,   -8,    0,    0,    0,    0,    0,    0,    0,  -12,    0,    0,    0,    0,    0,    0,    0,
       0,    0,    0,    0,    0,    0,    0,    0,    0,    0,  -12,   -8,  -12,  -12,    0,    0,   -8,    0,    0,    0,    0,    0,    0,    0,    0,    0,    0,    0,    0,    0,    0,    0,    0,    0,    0,    0,    0,    0,    0,    0,    0,    0,    0,    0,    0,    0,    0,    0,    0,    0,    0,    0,    0,    0,    0,    0,    0,    0,    0,    0,    0,    0,    0,    0,    0,    0,    0,    0,    0,    0,    0,    0,    0,    0,    0,    0,    0,    0,    0,    0,    0,    0,    0,    0,    0,    0,
       0,    0,    0,    0,    0,    0,    0,    0,    0,   -8,    0,    0,    0,   -8,    0,   -8,  -16,    0,    0,    0,    0,   12,    0,  -16,   12,    0,    0,  -28,  -16,  -36,    0,  -32,    0,    0,    0,    0,   -6,   -6,    0,    0,    0,    0,    0,   -4,   -6,    0,  -12,  -16,  -24,    0,  -24,    0,    0,    0,    0,    0,    0,    0,  -16,    0,    0,    0,   -6,    0,    0,    0,   -6,    0,    0,    0,   -6,    0,   -8,    0,   -4,    0,    0,    0,    0,    0,    0,  -16,    0,    0,  -32,  -16,
       0,    0,    0,    0,    0,    0,    0,    0,    0,    0,    0,    0,    0,    0,    0,    0,    0,    0,    0,    0,    0,  -12,    0,    0,   -8,    0,    0,  -16,    0,  -20,    0,  -20,    0,    0,    0,    0,    0,    0,    0,    0,    0,    0,    0,    0,    0,    0,    0,    0,   -6,    0,   -6,    0,    0,    0,    0,    0,    0,  -12,    0,    0,    0,    0,    0,    0,    0,    0,    0,    0,    0,    0,    0,    0,    0,    0,    0,    0,    0,    0,    0,    0,    0,    0,  -12,    0,    0,    0,
       0,    0,    0,    0,    0,    0,    0,    0,    0,  -16,    0,    0,    0,  -36,  -10,  -20,    0,  -12,    0,    0,    0,  -40,    0,  -16,    0,    0,  -12,    0,    0,    0,    0,    0,   -8,    0,    0,  -40,    0,  -36,  -16,  -32,    0,    0,    0,  -20,  -20,  -36,    0,  -12,   -8,  -16,   -8,  -16,    0,    0,    0,    0,    0,  -56,  -16,    0,  -40,  -40,  -36,    0,   16,   16,  -36,    0,  -40,  -40,  -36,    0,    0,    0,  -20,  -36,  -16,    0,  -32,    0,  -12,  -16,    0,  -28,    0,    0,
       0,    0,    0,    0,    0,   -8,    0,   -8,    0,    0,    0,    0,    0,    0,    0,    0,    0,    0,    0,    0,    0,    0,    0,    0,    0,    0,    0,    0,    0,    0,    0,    0,    0,    0,    0,    0,    0,    0,    0,    0,    0,    0,    0,    0,    0,    0,    0,    0,    0,    0,    0,    0,    0,    0,   -8,    0,    0,    0,    0,    0,    0,    0,    0,    0,    0,    0,    0,    0,    0,    0,    0,    0,    0,    0,    0,    0,    0,    0,    0,    0,    0,    0,    0,    0,    0,    0,
       0,    0,    0,    0,    0,    0,    0,    0,    0,    0,    0,    0,    0,  -12,    0,    0,   -8,    0,    0,    0,    0,    0,    0,    0,    0,    0,    0,    0,    0,    0,    0,    0,    0,    0,    0,    0,    0,    0,    0,    0,    0,    0,    0,    0,    0,    0,    0,    0,    0,    0,    0,    0,    0,    0,  -24,    0,    0,    0,    0,    0,    0,    0,    0,    0,    0,    0,    0,    0,    0,    0,    0,    0,    0,    0,    0,    0,    0,    0,    0,    0,    0,    0,    0,    0,  -12,    0,
       0,    0,    0,    0,    0,    0,    0,    0,    0,    0,    0,    0,    0,    0,    0,    0,    0,    0,    0,    0,    0,    0,    0,    0,    0,    0,    0,    0,    0,    0,    0,    0,    0,    0,    0,    0,    0,    0,    0,    0,    0,    0,    0,    0,    0,    0,    0,    0,    0,    0,    0,    0,    0,    0,   -8,    0,    0,    0,    0,    0,    0,    0,    0,    0,    0,    0,    0,    0,    0,    0,    0,    0,    0,    0,    0,    0,    0,    0,    0,    0,    0,    0,    0,    0,    0,    0,
       0,    0,    0,    0,    0,   -8,    0,   -8,    0,    0,    0,    0,    0,    0,    0,    0,    0,    0,    0,    0,    0,    0,    0,    0,    0,    0,    0,    0,    0,    0,    0,    0,    0,    0,    0,    0,    0,    0,    0,    0,    0,    0,    0,    0,    0,    0,    0,    0,    0,    0,    0,    0,    0,    0,  -16,    0,    0,    0,    0,    0,    0,    0,    0,    0,    0,    0,    0,    0,    0,    0,    0,    0,    0,    0,    0,    0,    0,    0,    0,    0,    0,    0,    0,    0,    0,    0,
       0,    0,    0,    0,    0,    0,    0,    0,    0,    0,    0,    0,    0,    0,    0,    0,   -8,    0,    0,    0,    0,    0,    0,    0,    0,    0,    0,    0,    0,    0,    0,    0,    0,  -12,    0,    0,    0,    0,    0,    0,    0,    0,    0,    0,    0,    0,    0,    0,    0,    0,    0,    0,    0,    0,  -24,    0,    0,    0,    0,    0,    0,    0,    0,    0,    0,    0,    0,    0,    0,    0,    0,    0,    0,    0,    0,    0,    0,    0,    0,    0,    0,    0,    0,    0,   -8,    0,
       0,    0,    0,    0,  -12,  -28,    0,  -28,  -36,    0,   12,    0,    0,  -20,    0,   -8,    0,   -8,   -8,   -8,    0,    0,    0,    0,    0,    0,    0,    0,    0,    0,    0,    0,    0,    0,    0,    0,    0,    0,    0,    0,    0,    0,    0,    0,    0,    0,    0,    0,    0,    0,    0,    0,    0,    0,    0,    0,    0,    0,    0,    0,    0,    0,    0,    0,    0,    0,    0,    0,    0,    0,    0,    0,    0,    0,    0,    0,    0,    0,    0,    0,    0,    0,    0,    0,    0,    0,
       0,    0,    0,    0,    0,    0,    0,    0,    0,    0,    0,    0,    0,   -8,    0,    0,    0,    0,    0,    0,    0,    0,    0,    0,    0,    0,    0,    0,    0,    0,    0,    0,    0,    0,    0,    0,    0,    0,    0,    0,    0,    0,    0,    0,    0,    0,    0,    0,    0,    0,    0,    0,    0,    0,  -12,    0,    0,    0,    0,    0,    0,    0,    0,    0,    0,    0,    0,    0,    0,    0,    0,    0,    0,    0,    0,    0,    0,    0,    0,    0,    0,    0,    0,    0,    0,    0,
       0,    0,    0,    0,    0,  -16,    0,  -16,  -16,    0,    0,   -4,    0,   -8,   -8,    0,   -4,    0,    0,    0,    0,    0,    0,    0,    0,    0,    0,    0,    0,    0,    0,    0,    0,    0,    0,    0,    0,    0,    0,    0,    0,    0,    0,    0,    0,    0,    0,    0,    0,    0,    0,    0,    0,    0,  -16,    0,    0,    0,    0,    0,    0,    0,    0,    0,    0,    0,    0,    0,    0,    0,    0,    0,    0,    0,    0,    0,    0,    0,    0,    0,    0,    0,    0,    0,    0,    0,
       0,    0,    0,    0,    0,    0,    0,    0,    0,    0,    0,    0,    0,    0,    0,    0,    0,    0,    0,    0,    0,    0,    0,    0,    0,    0,    0,    0,    0,   -6,    0,   -6,    0,    0,    0,    0,    0,    0,    0,    0,    0,    0,    0,    0,    0,    0,    0,    0,    0,    0,    0,    0,    0,    0,    0,    0,    0,    0,    0,    0,    0,    0,    0,    0,    0,    0,    0,    0,    0,    0,    0,    0,    0,    0,    0,    0,    0,    0,    0,    0,    0,    0,    0,    0,    0,    0,
       0,    0,    0,    0,    0,    0,    0,    0,    0,    0,    0,    0,    0,    0,    0,    0,    0,    0,    0,    0,    0,    0,    0,    0,    0,    0,    0,    0,    0,    0,    0,   -8,    0,    0,    0,    0,    0,    0,    0,    0,    0,    0,    0,    0,    0,    0,    0,    0,    0,    0,    0,    0,    0,    0,    0,    0,    0,    0,    0,    0,    0,    0,    0,    0,    0,    0,    0,    0,    0,    0,    0,    0,    0,    0,    0,    0,    0,    0,    0,    0,    0,    0,   -8,    0,    0,    0,
       0,  -20,    0,  -32,    0,    0,  -12,    0,    8,    0,    0,    0,    0,    0,    0,    0,    0,    0,    0,    0,  -22,   10,    0,   -7,    0,    8,    0,  -40,  -24,  -44,    8,  -42,    4,  -40,    0,    0,   -6,    0,    0,    0,    0,    0,    0,    0,    0,    0,   -6,   -8,  -26,    8,  -26,    0,    0,  -12,    0,    0,    0,   12,   -1,    0,    0,    0,    0,    0,    0,    0,    0,    0,    0,    0,    0,    0,    0,    0,    0,    0,    0,    0,    0,    0,    0,   -1,    0,    0,  -36,  -28,
       0,    0,    0,    0,    0,   -6,    0,   -6,    0,    0,    0,    0,    0,    0,    0,    0,    0,    0,    0,    0,    0,   -4,    0,    0,    0,    0,    0,   -6,    0,  -10,   -6,   -8,    0,  -16,    0,    0,    0,   10,    0,    0,    0,    0,    8,    0,    0,    0,    0,    0,    0,    0,    0,    0,    0,    0,    0,    0,    0,  -10,    0,    0,    0,    0,   10,    0,    0,    0,   10,    0,    0,    0,   10,    0,    0,    0,    0,    0,    0,    0,    0,    0,    0,    0,   -8,    0,    0,    0,
       0,    0,    0,    0,    0,    0,   -8,    0,    0,    0,    0,    0,    0,    0,    0,    0,    0,    0,    0,    0,    0,    0,    0,  -10,    0,    0,    0,    0,    0,    0,    0,    0,    0,    0,    0,   -6,    0,   -6,    0,   -6,    0,    0,    0,    0,    0,   -8,    0,   -4,   -5,    0,   -5,    0,    0,    0,    0,    0,    0,    0,  -10,    0,   -6,   -6,   -6,    0,    0,    0,   -6,    0,   -6,   -6,   -6,    0,    0,    0,    0,   -8,    0,    0,   -6,    0,    0,  -10,    0,    0,    0,    0,
       0,    0,  -12,    0,    0,  -16,    0,  -16,  -16,    0,    0,    0,    0,    0,    0,    0,    0,    0,    0,    0,    0,  -12,   -6,    0,   -8,   -4,    0,    0,   -6,   -8,  -12,  -16,   -4,  -12,    0,    0,    0,    0,    0,   -4,    0,    0,    0,    0,    0,    0,   12,    0,    0,    0,    0,    0,    0,    0,    0,    0,    0,  -28,    0,   -8,    0,    0,    0,    0,    0,    0,    0,    0,    0,    0,    0,    0,    0,    0,    0,    0,    0,    0,   -4,   -4,    0,    0,    0,    0,    0,    0,
       0,    0,    0,    0,    0,    0,    0,    0,    0,    0,    0,    0,    0,    0,    0,    0,    0,    0,    0,    0,    0,    0,    0,    0,    0,    0,    0,    0,    0,    0,    0,    0,    0,    0,    0,    0,    0,    0,    0,    0,    0,    0,    0,    0,    0,    0,    0,    0,    0,    0,    0,    0,    0,    0,    0,    0,    0,    0,    0,    0,    0,    0,    0,    0,    0,    0,    0,    0,    0,    0,    0,    0,    0,    0,    0,    0,    0,    0,    0,    0,    0,    0,    0,    0,    0,    4,
       0,    0,    0,   16,    0,  -36,    0,  -36,  -34,    0,    0,    0,    0,    0,    0,    0,    0,    0,    0,    0,    0,  -36,    0,    0,    0,   -8,    0,    0,    0,    0,    0,    0,    0,    0,    0,  -12,    4,   -8,    0,  -16,    4,    0,    0,    0,    0,  -12,    0,    0,    0,    0,    0,   -8,    0,    0,    0,    0,    0,  -46,    0,    0,  -12,  -12,   -8,    0,   16,   16,   -8,    4,  -12,  -12,   -8,    4,   16,    4,    0,  -12,   -8,    0,  -16,    0,    0,    0,    0,    0,    8,    8,
       0,    0,    0,    0,    0,    0,    0,    0,    0,    0,    0,    0,    0,    0,    0,    0,    0,    0,    0,    0,    0,    0,    0,    0,    0,    0,    0,   -8,    0,   -8,    0,   -8,    0,    0,    0,    0,    0,    0,    0,   -4,    0,    0,    0,    0,    0,    0,    0,    0,    0,    0,    0,    0,    0,    0,    0,    0,    0,   -8,    0,    0,    0,    0,    0,    0,    0,    0,    0,    0,    0,    0,    0,    0,    0,    0,    0,    0,    0,    0,   -4,    0,    0,    0,    0,    0,    0,    0,
       0,    0,    0,    0,    0,    0,    0,    0,    0,    0,    0,    0,    0,    0,    0,    0,    0,    0,    0,    0,    0,    0,    0,   -6,    0,    0,    0,    0,    0,    0,    0,    0,    0,    0,    0,    0,    0,   -6,    0,    0,    0,    0,    0,    0,    0,    0,    0,   -5,  -12,    0,  -12,    0,    0,   -8,    0,    0,    0,    0,   -6,    0,    0,    0,   -6,    0,    8,    8,   -6,    0,    0,    0,   -6,    0,    8,    0,    0,    0,    0,    0,    0,    0,    0,   -6,    0,    0,    0,    0,
       0,    0,    0,    0,    0,  -20,   -8,  -20,  -16,    0,    0,    0,    0,    0,    0,    0,    0,    0,  -12,  -12,    0,  -16,    0,   -4,    0,    0,    0,    0,    0,    0,    0,    0,    0,    0,    0,  -12,    0,   -8,    0,   -8,    0,    0,    0,    0,    0,  -10,    0,   -4,   -6,   -8,   -6,   -6,    0,    0,    0,    0,    0,  -20,   -4,    0,  -12,  -12,   -8,    0,   12,   12,   -8,    0,  -12,  -12,   -8,    0,    0,    0,    0,  -10,   -6,    0,   -8,    0,    0,   -4,    0,    0,    0,    0,
       0,    0,    0,    0,    0,    0,  -12,    0,    0,    0,    0,    0,    0,    0,    0,    0,    0,    0,    0,    0,    0,   10,    0,  -16,    0,    8,    0,    0,    0,    0,    4,    0,    0,    0,    0,   -6,    0,   -9,    0,    0,    0,    0,    0,    0,   -4,   -5,  -12,  -14,  -24,    0,  -24,    0,    0,    0,    0,    0,    0,    4,  -16,    0,   -6,   -6,   -9,    0,   12,   12,   -9,    0,   -6,   -6,   -9,    0,   12,    0,    0,   -5,    0,    0,    0,    0,    0,  -16,    0,   -8,    0,    0,
       0,    0,    0,  -16,    0,    0,    0,    0,    0,    0,    0,    0,    0,    0,    0,    0,    0,    0,    0,    0,    0,   16,    0,    0,    0,    0,    0,  -20,  -10,  -32,    4,  -32,    0,  -44,    0,    0,    0,    0,    0,    0,    0,    0,    0,    0,    0,    0,    0,    0,  -12,    0,  -12,    0,    0,    0,    0,    0,    0,    0,    0,    0,    0,    0,    0,    0,    0,    0,    0,    0,    0,    0,    0,    0,    0,    0,    0,    0,    0,    0,    0,    0,    0,    0,    0,    0,  -16,   -8,
       0,    0,    0,    0,    0,    0,    0,    0,    0,    0,    0,    0,    0,    0,    0,    0,    0,    0,    0,    0,    0,    8,    0,   -4,    0,    0,    0,  -10,   -6,   -6,   12,   -8,    0,    0,    0,    0,    0,    0,    0,    0,    0,    0,    0,    0,    0,    0,    0,   -4,   -6,    0,   -6,    0,    0,    0,    0,    0,    0,    8,   -4,    0,    0,    0,    0,    0,   16,   16,    0,    0,    0,    0,    0,    0,    0,    0,    0,    0,    0,    0,    0,    0,    0,   -4,    0,    0,   -8,    0,
       0,    0,    0,    0,    0,  -18,   -8,  -18,    0,    0,    0,    0,    0,    0,    0,    0,    0,    0,    0,    0,    0,  -14,    0,   -6,    0,    0,    0,    0,    0,    0,    0,    0,    0,    0,    0,   -9,    0,   -6,    0,  -12,    0,    0,    0,    0,    0,  -10,    0,    0,   -6,   -4,   -6,   -4,    0,    0,    0,    0,    0,  -16,   -6,    0,   -9,   -9,   -6,    0,   16,   16,   -6,    0,   -9,   -9,   -6,    0,    0,    0,    0,  -10,   -4,    0,  -12,    0,    0,   -6,    0,  -12,    0,    0,
       0,    8,    0,   15,    0,  -40,    0,  -40,  -39,    0,    0,    0,    0,    0,    0,    0,    0,    0,    0,    0,    0,  -40,   -6,    0,    0,   -6,    0,   12,    0,    0,   -4,    0,    0,    0,    0,   -6,    0,   -6,    0,  -11,    0,    0,   12,    0,    0,   -7,    8,   10,   12,    0,   12,    0,    0,    0,    0,    0,    0,  -54,    0,    0,   -6,   -6,   -6,    0,    8,    8,   -6,    0,   -6,   -6,   -6,    0,   20,    0,    0,   -7,    0,    0,  -11,    0,    0,    0,    0,    0,    8,   12,
       0,    0,    8,    0,    0,   -4,    0,  -16,  -16,    0,    0,    0,    0,    0,    0,    0,    0,    0,    0,   12,    0,  -12,   -6,    0,   30,   -4,    0,    0,   -6,   -8,  -12,  -16,   -4,  -12,   20,    0,    0,    0,    0,    4,    0,    0,   36,    0,    0,    0,   12,    0,    0,    0,   22,    0,   28,    0,    0,    0,    0,  -28,    0,   -8,    0,    0,    0,    0,    0,    0,    0,    0,    0,    0,    0,    0,   36,    0,    0,    0,    0,    0,   18,   -4,    8,    0,    0,    0,    0,    0,
       0,    0,    0,  -12,    0,    0,  -12,    0,    0,    0,    0,    0,    0,    0,    0,    0,    0,    0,    0,    0,  -12,   16,    0,  -12,    0,   12,    0,  -20,  -14,  -26,   12,  -28,    0,    0,    0,    0,    0,    0,    0,    0,    0,    0,    0,    0,    0,    0,   -4,   -8,  -12,    8,  -12,    0,    0,    0,    0,    0,    0,   12,   -8,    0,    0,    0,    0,    0,    0,    0,    0,    0,    0,    0,    0,    0,    0,    0,    0,    0,    0,    0,    0,    0,    0,  -12,   -8,    0,  -24,  -16,
       0,    0,    0,    0,    0,   -8,    0,   -8,   -8,    0,    0,    0,    0,    0,    0,    0,    0,    0,    0,    0,    0,   -8,    0,    0,    0,    0,    0,    0,    0,   -4,   -4,   -4,    0,    0,    0,    0,    0,    0,    0,  -12,    0,    0,    0,    0,    0,    0,    0,    0,   -8,   -4,   -8,    0,    0,    0,    0,    0,    0,  -12,    0,    0,    0,    0,    0,    0,    0,    0,    0,    0,    0,    0,    0,    0,    0,    0,    0,    0,    0,    0,  -12,    0,    0,    0,    0,   -8,    0,    0,
       0,    0,    0,    0,    0,  -36,  -16,  -36,  -50,    0,    0,    0,    0,    0,    0,    0,    0,    0,  -16,  -16,    0,  -44,    0,  -12,    0,  -10,   -6,    0,    0,    0,    0,    0,   -4,    0,    0,  -22,    0,  -24,    0,  -25,    0,    0,    0,    0,    0,  -28,    0,    0,    0,    0,    0,   -8,    0,  -20,    0,   -8,    0,  -40,  -12,    0,  -22,  -22,  -24,    0,   16,   16,  -24,    0,  -22,  -22,  -24,    0,    0,    0,    0,  -28,   -8,   -8,  -25,    0,    0,  -12,    0,   -8,    8,    8,
       0,    0,    0,    0,    0,  -16,    0,  -16,  -23,    0,    0,    0,    0,    0,    0,    0,    0,    0,    0,    0,    0,  -28,    0,   -6,    0,   -6,   -6,    0,    0,    0,    0,    0,   -4,    0,    0,   -8,    0,   -6,    0,  -16,    0,    0,    0,    0,    0,  -10,    0,    0,    0,   -8,    0,   -8,    0,    0,    0,   -8,    0,  -28,   -6,  -12,   -8,   -8,   -6,    0,   16,   16,   -6,    0,   -8,   -8,   -6,    0,    0,    0,    0,  -10,   -8,    0,  -16,    0,    0,   -6,    0,    0,    0,    0,
       0,    0,    0,   16,    0,  -40,  -20,  -40,  -54,    0,    0,    0,    0,    0,    0,    0,    0,    0,   -8,   -8,    0,  -46,    0,  -16,    0,   -6,  -10,    0,    0,   12,    0,    8,    0,    0,    0,  -26,   10,  -29,   -8,  -36,   10,    0,    0,  -10,   -8,  -26,    0,   -8,   -8,  -12,   -8,  -13,    0,  -16,    0,  -12,    0,  -56,  -16,    0,  -42,  -38,  -29,    0,   24,   24,  -29,   10,  -42,  -26,  -29,   10,   24,   10,  -10,  -26,  -13,    0,  -36,    0,    0,  -16,    0,  -16,    0,    8,
       0,    0,    0,   12,    0,    0,    0,    0,    0,    0,    0,    0,    0,    0,    0,    0,    0,    0,    0,    0,    0,    8,    0,  -12,    0,   10,    0,    0,    0,    0,   12,    0,    0,    0,    0,    0,    8,    0,    0,    0,    8,    0,    0,    0,    0,    0,    0,  -12,  -18,    8,  -18,    0,    0,    0,    0,    0,    0,   12,   -4,    0,    0,    0,    0,    0,   20,   20,    0,    8,    0,    0,    0,    8,   20,    8,    0,    0,    0,    0,    0,    0,    0,   -4,    0,    0,    0,    0,
       0,    0,    0,    0,    0,  -32,  -20,  -32,  -42,    0,    0,    0,    0,    0,    0,    0,    0,    0,  -12,  -12,    0,  -41,    0,  -20,    0,   -6,  -10,    0,    0,   10,    0,   10,    0,    0,    0,  -26,    8,  -32,   -8,  -26,    8,    0,    0,  -12,   -8,  -32,    0,  -12,  -12,  -14,  -12,  -12,    0,  -20,    0,  -16,    0,  -44,  -20,    0,  -26,  -38,  -32,    0,   44,   28,  -32,    8,  -38,  -38,  -32,    8,   20,    8,  -12,  -32,  -12,  -16,  -26,    0,   -8,  -20,    0,  -16,    0,    8,
       0,    0,    0,    0,    0,    0,    0,    0,    0,    0,    0,    0,    0,    0,    0,    0,    0,    0,    0,    0,    0,    0,    0,   -4,    0,    0,    0,    0,    0,    0,    0,    0,    0,    0,    0,    0,    0,    0,    0,    0,    0,    0,    0,    0,    0,    0,    0,    0,   -4,    0,   -4,    0,    0,    0,    0,    0,    0,    0,   -4,    0,    0,    0,    0,    0,    8,    8,    0,    0,    0,    0,    0,    0,   12,    0,    0,    0,    0,    0,    0,    0,    0,   -4,    0,    0,    0,    0,
       0,    0,    0,    0,    0,    0,    0,    0,    0,    0,    0,    0,    0,    0,    0,    0,    0,    0,    0,    0,    0,    0,    0,    0,   16,    0,    0,    0,    0,    0,    0,    0,    0,    0,    0,    0,    0,    0,    0,    0,    0,    0,   16,    0,    0,    0,    0,    0,    0,    0,   20,    0,    0,    0,    0,    0,    0,    0,    0,    0,    0,    0,    0,    0,    8,    8,    0,    0,    0,    0,    0,    0,   16,    0,    0,    0,    0,    0,    0,    0,    0,    0,    0,    0,    0,    0,
       0,    0,    0,    0,    0,    0,    0,    0,    0,    0,    0,    0,    0,  -12,    0,    0,  -24,    0,    0,    0,    0,    0,    0,  -12,    0,    0,    0,  -32,  -20,  -40,    0,  -32,    0,    0,    0,    0,    0,   -8,    0,    8,    0,    0,    0,    0,    0,    0,   -8,  -12,  -12,    0,  -12,    0,    0,    0,    0,    0,    0,    0,  -12,    0,    0,    0,   -8,    0,    0,    0,   -8,    0,    0,    0,   -8,    0,    0,    0,    0,    0,    0,    0,    8,    0,    0,  -12,    0,    0,    0,    0,
       0,    0,    0,  -16,    0,    0,    0,    0,    0,    0,    0,    0,    0,    0,    0,    0,    0,    0,    0,    0,  -10,    0,    0,    0,    0,    0,    0,    0,    0,    0,    0,    0,    0,  -40,    0,    0,   -4,    0,    0,    0,    0,    0,    0,    0,    0,    0,    0,   -4,  -14,    0,  -14,    0,    0,    0,    0,    0,    0,    0,    0,    0,    0,    0,    0,    0,    0,    0,    0,   -5,    0,    0,    0,    0,    0,    0,    0,    0,    0,    0,    0,    0,   -8,    0,    0,    0,  -16,  -12,
       0,    0,   -8,   -8,    0,   -6,    0,   -6,  -16,    0,    0,    0,    0,    0,    0,    0,    0,    0,    0,    0,   -6,    0,    0,    0,    0,    0,    0,    0,    0,    0,    0,    0,    0,  -24,    0,    0,   -5,    0,    0,    0,   -5,    0,    0,    0,    0,    0,    4,    0,   -4,   -6,   -4,    0,    0,    0,    0,    0,    0,    0,    0,    0,    0,    0,    0,    0,    0,    0,    0,   -5,    0,    0,    0,   -5,    0,   15,    0,    0,    0,    0,    0,    0,    0,    0,    0,    0,  -20,   -8,
       0,    0,    0,    0,    0,    0,    0,    0,    0,    0,    0,    0,    0,    0,    0,    0,    0,    0,    0,    0,    0,    0,    0,    0,    0,    0,    0,    0,    0,    0,    0,    0,    0,  -24,    0,   -4,   -4,    0,    0,   -6,   -4,    0,    0,    0,    0,    0,    0,    0,    0,    0,    0,    0,    0,    0,    0,    0,    0,    0,    0,    0,   -4,   -4,    0,    0,    0,    0,    0,   -4,   -4,   -4,    0,   -4,    0,   -4,    0,    0,    0,    0,   -6,    0,    0,    0,    0,    0,    0,    8,
       0,    0,    0,    0,    0,    0,    0,    0,    0,    0,    0,    0,    0,    0,    0,    0,    0,    0,    0,    0,    0,    0,    0,    0,    0,    0,    0,    0,    0,    0,    0,    0,    0,    0,    0,    0,    0,    0,    0,    0,    0,    0,    0,    0,    0,    0,    0,    0,  -12,    4,  -12,    0,    0,    0,    0,    0,    0,    0,    0,    0,    0,    0,    0,    0,    0,    0,    0,    0,    0,    0,    0,    0,    0,    0,    0,    0,    0,    0,    0,    0,    0,    0,    0,    0,   -8,    0,
       0,    0,    0,    0,    0,    0,    0,    0,    0,    0,    0,    0,    0,    0,    0,    0,    0,    0,    0,    0,  -10,    0,    0,    0,    0,    0,    0,    0,    0,    0,    0,    0,    0,  -16,    0,   -4,    0,    0,    0,    0,    0,    0,    0,    0,    0,    0,    0,    0,   -4,    0,   -4,    0,    0,    0,    0,    0,    0,    0,    0,    0,   -4,   -4,    0,    0,    0,    0,    0,    0,   -4,   -4,    0,    0,    0,   12,    0,    0,    0,    0,    0,    0,    0,    0,    0,    0,   -8,    0,
      24,   41,   40,   40,    0,   -8,    0,   -8,  -12,    0,    0,    0,    0,    0,    0,    0,    0,    0,    0,    0,   22,    0,    0,    0,    0,    0,    0,    0,    0,    0,    0,    0,    0,   33,   33,   -5,    0,   -6,    0,   -4,    0,    8,   12,    0,    0,   -7,    0,    0,    8,    0,    8,    0,   40,    0,    0,    0,    0,    0,    0,    0,    3,   15,    4,   48,   84,   52,   -6,    0,    6,    2,   -2,   38,   40,    0,   16,    5,   12,    0,   -4,    0,    0,    0,    0,    0,   32,   38,
       0,   12,    0,    8,    0,    0,    0,    0,    0,    0,    0,    0,    0,    0,    0,    0,    0,    0,    0,    0,    0,    0,    0,    0,    0,    0,    0,    0,    0,    0,    0,    0,    0,  -12,    0,   -6,    0,   -4,    0,    0,    0,    0,   10,    0,    6,    0,   10,    0,    4,    0,    4,    0,    0,    0,    0,    0,    0,    0,    0,    0,   -6,   -6,   -4,    0,    0,    0,   -4,    0,   -6,   -6,   -4,    0,   10,    0,    0,    0,    0,    0,   20,    0,    0,    0,    0,    0,    6,   16,
       0,    0,    0,   -8,    0,    0,    0,    0,    0,    0,    0,    0,    0,    0,    0,    0,    0,    0,    0,    0,   -6,    0,    0,    0,    0,    0,    0,    0,    0,    0,    0,    0,    0,  -36,    0,    0,    0,    0,    0,    0,    0,    0,    0,    0,    0,    0,   -4,   -4,  -22,    0,  -22,    0,    0,    0,    0,    0,    0,    0,    0,    0,    0,    0,    0,    0,    0,    0,    0,    0,    0,    0,    0,    0,    0,    0,    0,    0,    0,    0,    0,    0,    0,    0,    0,    0,  -20,  -12,
       0,    0,    0,    0,    0,    0,    0,    0,    0,    0,    0,    0,    0,    0,    0,    0,    0,    0,    0,    0,    0,    0,    0,    0,    0,    0,    0,    0,    0,    0,    0,    0,    0,    0,    0,    0,    0,    0,    0,    0,    0,    0,    0,    0,    0,    0,    0,    0,  -14,    0,  -14,    0,    0,    0,    0,    0,    0,    0,    0,    0,    0,    0,    0,    0,    0,    0,    0,    0,    0,    0,    0,    0,    0,    0,    0,    0,    0,    0,    0,    0,    0,    0,    0,    0,  -12,    0,
       0,    0,    0,    0,    0,   -8,    0,   -8,    0,    0,    0,    0,    0,    0,    0,    0,    0,    0,    0,    0,    0,    0,    0,    0,    0,    0,    0,    0,    0,    0,    0,    0,    0,    0,    0,    0,    0,    0,    0,   -8,    0,    0,    0,    0,    0,    0,    0,    0,    0,    0,    0,    0,    0,    0,    0,    0,    0,    0,    0,    0,    0,    0,    0,    0,    0,    0,    0,    0,    0,    0,    0,    0,    0,    0,    0,    0,    0,    0,   -8,    0,    0,    0,    0,    0,    0,    0,
       0,    0,    0,    0,    0,    0,    0,    0,    0,    0,    0,    0,    0,    0,    0,    0,    0,    0,    0,    0,   -6,    0,    0,    0,    0,    0,    0,    0,    0,    0,    0,    0,    0,   -8,    0,   -6,   -8,   -8,    0,    0,    0,    0,    4,    0,    0,   -6,    0,    0,    0,    4,    0,    0,    0,    0,    0,    0,    0,    0,    0,    0,   -6,   -6,   -8,    0,    0,    0,   -4,    0,   -6,   -6,   -8,    0,    0,    0,    0,   -6,    0,    0,    0,    0,    0,    0,    0,    0,    0,    0,
       0,    0,    0,    0,    0,    0,    0,    0,    0,    0,    0,    0,    0,    0,    0,    0,    0,    0,    0,    0,   -8,    0,    0,    0,    0,    0,    0,    0,    0,    0,    0,    0,    0,    0,    0,    0,    0,    0,    0,    0,    0,    0,    0,    0,    0,    0,    0,    0,   -8,    0,   -8,    0,    0,    0,    0,    0,    0,    0,    0,    0,    0,    0,    0,    0,    0,    0,    0,    0,    0,    0,    0,    0,    0,    0,    0,    0,    0,    0,    0,    0,    0,    0,    0,    0,  -12,   -8,
       0,    0,    0,    0,    0,    0,    0,    0,    0,    0,    0,    0,    0,    0,    0,    0,    0,    0,    0,    0,   -6,    0,    0,    0,    0,    0,    0,    0,    0,    0,    0,    0,    0,  -20,    0,    0,    0,    0,    0,    0,    0,    0,   26,    0,    4,    0,    0,    0,   -8,    0,   12,    0,    0,    0,    0,    0,    0,    0,    0,    0,    0,    0,    0,    0,    0,    0,    0,    0,    0,    0,    0,    0,   26,    0,    0,    0,    0,    0,    0,    0,    0,    0,    0,    0,  -12,    0,
       0,    0,    0,    8,    0,  -24,   -8,  -24,  -24,    0,    0,    0,    0,    0,    0,    0,    0,    0,    0,    0,   -8,    0,    0,    0,    0,    0,    0,    0,    0,    0,    0,    0,    0,    0,    0,  -10,   -6,   -8,    0,  -13,   -6,    0,    0,    0,    0,   -9,    6,    0,    0,    0,    0,    0,    0,    0,    0,    0,    0,    0,    0,    0,  -10,  -10,   -8,    0,    0,    0,   -8,   -6,  -10,  -10,   -8,   -6,    0,   -6,    0,   -9,    0,    0,  -13,    0,    0,    0,    0,    0,   12,   12,
       0,    0,    0,    0,    0,   -6,    0,   -6,  -12,    0,    0,    0,    0,    0,    0,    0,    0,    0,    0,    0,  -10,    0,    0,    0,    0,    0,    0,    0,    0,    0,    0,    0,    0,  -20,    0,   -6,    0,    0,    0,   -6,    0,    0,    0,    0,    0,    0,    0,    0,   -4,   -4,   -4,    0,    0,    0,    0,    0,    0,    0,    0,    0,   -6,   -6,    0,    0,    0,    0,    0,    0,   -6,   -6,    0,    0,    0,    0,    0,    0,    0,    0,   -6,    0,    0,    0,    0,    0,   -8,    0,
       0,    0,    0,    0,    0,    0,    0,    0,    0,    0,    0,    0,    0,    0,    0,    0,    0,    0,    0,    0,    0,    0,    0,    0,    0,    0,    0,    0,    0,    0,    0,    0,    0,  -20,    0,    0,    0,    0,    0,    0,    0,    0,    0,    0,    0,    0,    0,    0,   -4,    0,   -4,    0,    0,    0,    0,    0,    0,    0,    0,    0,    0,    0,    0,    0,    0,    0,    0,    0,    0,    0,    0,    0,    0,    0,    0,    0,    0,    0,    0,    0,    0,    0,    0,    0,    6,    8,
       0,    0,    0,    0,    0,    0,    0,    0,    0,    0,    0,    0,    0,    0,    0,    0,    0,    0,    0,    0,  -10,    0,    0,    0,    0,    0,    0,    0,    0,    0,    0,    0,    0,  -24,    0,    0,    0,    0,    0,    0,    0,    0,    0,    0,    0,    0,    0,    0,   -8,    8,   -8,    0,    0,    0,    0,    0,    0,    0,    0,    0,    0,    0,    0,    0,    0,    0,    0,    0,    0,    0,    0,    0,    0,    0,    0,    0,    0,    0,    0,    0,    0,    0,    0,    0,   -8,   -8,
       0,    0,    0,   20,    0,  -32,   -6,  -32,  -22,    0,    0,    0,    0,    0,    0,    0,    0,    0,    0,    0,    0,    0,    0,    0,    0,    0,    0,    0,    0,    0,    0,    0,    0,    0,    0,   -5,  -10,   -8,   10,  -18,  -10,    4,   10,    4,    8,  -13,   12,   16,    6,    6,    6,    0,    0,    0,    0,    0,    0,    0,    0,    0,   -5,   -5,   -8,    4,    0,    0,   -8,  -10,   -5,   -5,   -8,  -10,   16,  -10,    4,  -13,    0,    0,  -18,    0,    0,    0,    0,    0,   16,   20,
       0,    0,    0,    8,    0,    0,    0,    0,    0,    0,    0,    0,    0,    0,    0,    0,    0,    0,    0,    0,    0,    0,    0,    0,    0,    0,    0,    0,    0,    0,    0,    0,    0,    0,    0,    0,    0,   -6,    0,    0,    0,    0,    0,    0,   12,    0,    8,    0,    6,    4,    6,    0,    0,    0,    0,    0,    0,    0,    0,    0,    0,    0,   -6,    0,    0,    0,   -6,    0,    0,    0,   -6,    0,    0,    0,    0,    0,    0,    0,    0,    0,    0,    0,    0,    0,   16,   20,
       0,    0,    0,    0,    0,    0,    0,    0,    0,    0,    0,    0,    0,    0,    0,    0,    0,    0,    0,    0,    0,    0,    0,    0,    0,    0,    0,    0,    0,    0,    0,    0,    0,  -20,    0,    0,    0,    0,    0,   -4,    0,    0,    0,    0,    0,    0,    0,    0,    0,    0,    0,    0,    0,    0,    0,    0,    0,    0,    0,    0,    0,    0,    0,    0,    0,    0,    0,    0,    0,    0,    0,    0,    0,    0,    0,    0,    0,    0,   -4,    0,    0,    0,    0,    0,    0,    0,
       0,    0,    0,    0,    0,    0,    0,    0,    0,    0,    0,    0,    0,    0,    0,    0,    0,    0,    0,    0,    0,    0,    0,    0,   24,    0,    0,    0,    0,    0,    0,    0,    0,    0,    0,    0,    0,    0,    0,    0,    0,    0,   20,    0,    0,    0,    0,    0,   22,    0,   22,    0,    0,    0,    0,    0,    0,    0,    0,    0,    0,    0,    0,    0,    8,    8,    0,    0,    0,    0,    0,    0,   20,    0,    0,    0,    0,    0,    0,    0,    0,    0,    0,    0,    0,    0,
       0,    0,    0,    0,    0,    0,    0,    0,    0,    0,    0,    0,    0,    0,    0,    0,    0,    0,    0,    0,    0,    0,    0,    0,   16,    0,    0,    0,    0,  -12,    0,  -16,    0,    0,    0,    0,    0,    0,    0,    0,    0,    0,   16,    0,    0,    0,    0,    0,    0,    0,    0,    0,    0,    0,    0,    0,    0,    0,    0,    0,    0,    0,    0,    0,    0,    0,    0,    0,    0,    0,    0,    0,    0,    0,    0,    0,    0,    0,    0,    0,    0,    0,    0,    0,    0,    0,
       0,    0,    0,    0,    0,    0,    0,    0,    0,    0,    0,    0,    0,    0,    0,    0,    0,    0,    0,    0,    0,    0,    0,    0,    0,    0,    0,   -8,   -8,  -12,    0,  -16,    0,    0,    0,    0,    0,    0,    0,    0,    0,    0,    0,    0,    0,    0,    0,    0,    0,    0,    0,    0,    0,    0,    0,    0,    0,    0,    0,    0,    0,    0,    0,    0,    0,    0,    0,    0,    0,    0,    0,    0,    0,    0,    0,    0,    0,    0,    0,    0,    0,    0,    0,    0,    0,    0,
       0,    0,    0,    0,    0,   -8,    0,   -8,    0,    0,    0,    0,    0,    0,    0,    0,    0,    0,    0,    0,    0,  -12,   -8,    0,    0,    0,    0,  -12,    0,  -16,    0,  -20,    0,    0,    0,    0,    0,    0,    0,    0,    0,    0,    0,    0,    0,    0,    0,    0,    0,    0,    0,    0,    0,    0,    0,    0,    0,  -20,    0,    0,    0,    0,    0,    0,    0,    0,    0,    0,    0,    0,    0,    0,    0,    0,    0,    0,    0,    0,    0,    0,    0,    0,    0,    0,    0,    0,
       0,    0,    0,    0,    0,    0,    0,    0,    0,    0,    0,    0,    0,    0,    0,    0,    0,    0,    0,    0,    0,    0,   -8,  -10,   12,    0,    0,  -16,  -12,  -30,    0,  -21,    0,    0,    0,  -12,  -12,  -12,   -8,    0,  -12,    0,    0,   -8,    0,  -16,   -8,   -8,  -12,  -12,  -12,  -12,    0,    0,    0,    0,    0,    0,  -10,  -12,  -12,  -12,  -12,    0,    0,    0,  -12,  -12,  -12,  -12,  -12,  -12,    0,  -12,   -8,  -16,  -12,    0,    0,    0,    0,  -10,    0,    0,    0,    0,
       0,    0,  -12,    0,    0,  -16,    0,  -16,  -16,    0,    0,    0,    0,    0,    0,    0,    0,    0,    0,    0,    0,  -12,   -6,    0,   -8,   -4,    0,    0,   -6,   -4,   -8,  -12,   -4,  -12,    0,    0,    0,    0,    0,   -4,    0,    0,    0,    0,    0,    0,   12,    0,    0,    0,    0,    0,    0,    0,    0,    0,    0,  -28,    0,   -8,    0,    0,    0,    0,    0,    0,    0,    0,    0,    0,    0,    0,    0,    0,    0,    0,    0,    0,   -4,   -4,    0,    0,    0,    0,    0,    0,
       0,    0,  -12,    0,    0,  -32,    0,  -32,  -40,    0,    0,    0,    0,    0,    0,    0,    0,    0,    0,    0,   -8,  -40,  -18,    0,  -16,  -18,   -8,  -12,  -14,  -26,  -28,  -30,    0,  -32,  -12,   -6,   -8,    0,    0,   -8,   -8,    0,    0,    0,    0,   -6,    0,    0,    0,   -4,    0,    0,    0,    0,    0,    0,    0,  -44,    0,    0,   -6,   -6,    0,    0,    0,    0,    0,   -8,   -6,   -6,    0,   -8,    0,   -8,    0,   -6,    0,    0,   -8,  -16,    0,    0,    0,    0,    0,    0,
       0,    0,    0,   -8,    0,   -6,    0,   -6,   -8,    0,    0,    0,    0,    0,    0,    0,    0,    0,    0,    0,  -12,    0,    0,    0,    0,    0,    0,    0,    0,    0,    0,    0,    0,  -20,    0,    0,    0,    0,    0,    0,    0,    0,    0,   -6,   -6,    0,    0,   -8,  -16,    0,  -16,    0,    0,    0,    0,    0,    0,    0,    0,    0,    0,    0,    0,    0,    0,    0,    0,    0,    0,    0,    0,    0,    0,    0,   -6,    0,    0,    0,    0,    0,    0,    0,    0,    0,  -16,  -12,
       0,    0,    8,    8,    0,    0,    0,    0,    0,    0,    0,    0,    0,    0,    0,    0,    0,    0,    0,    0,    0,    0,    0,    0,    0,    0,    0,    0,    0,    0,    0,    0,    0,    8,    8,    0,   20,    0,    0,    0,   20,    0,    0,    0,    0,    0,    0,    0,    0,    0,    0,    0,    8,    0,    0,    0,    0,    0,    0,    0,    0,    0,    0,    0,   20,   20,    0,   20,    0,    0,    0,   20,    0,   20,    0,    0,    0,    0,    0,    0,    0,    0,    0,    0,    0,    8,
       0,    0,   -8,   -8,    0,   -6,    0,   -6,  -40,    0,    0,    0,    0,    0,    0,    0,    0,    0,    0,    0,   -6,    0,    0,    0,    0,    0,    0,    0,    0,    0,    0,    0,    0,  -36,    0,    0,   -5,    0,    0,    0,   -5,    0,    0,    0,    0,    0,    4,    0,   -4,   -6,   -4,    0,    0,    0,    0,    0,    0,    0,    0,    0,    0,    0,    0,    0,    0,    0,    0,   -5,    0,    0,    0,   -5,    0,   15,    0,    0,    0,    0,    0,    0,    0,    0,    0,    0,  -32,   -8,
       0,    0,   -8,   -8,    0,   -6,    0,   -6,  -16,    0,    0,    0,    0,    0,    0,    0,    0,    0,    0,    0,   -6,    0,    0,    0,    0,    0,    0,    0,    0,    0,    0,    0,    0,  -24,    0,    0,   -5,    0,    0,    0,   -5,    0,    0,    0,    0,    0,    4,    0,    0,   -6,    0,    0,    0,    0,    0,    0,    0,    0,    0,    0,    0,    0,    0,    0,    0,    0,    0,   -5,    0,    0,    0,   -5,    0,   15,    0,    0,    0,    0,    0,    0,    0,    0,    0,    0,  -20,   -8,
       0,  -20,    0,  -32,    0,    0,  -12,    0,    8,    0,    0,    0,    0,    0,    0,    0,    0,    0,    0,    0,  -22,   10,    0,   -7,    8,    8,    0,  -40,  -24,  -44,    8,  -42,    4,  -40,    0,    0,   -6,    0,    0,    0,    0,    0,   16,    0,    0,    0,   -6,   -8,  -26,    8,  -26,    0,    0,  -12,    0,    0,    0,   12,   -1,    0,    0,    0,    0,    0,    0,    0,    0,    0,    0,    0,    0,    0,   16,    0,    0,    0,    0,    0,    0,    0,    0,   -1,    0,    0,  -36,  -28,
       0,    0,    0,  -16,    0,    0,    0,    0,    0,    0,    0,    0,    0,    0,    0,    0,    0,    0,    0,    0,  -10,    0,    0,    0,    0,    0,    0,    0,    0,    0,    0,    0,    0,  -40,    0,    0,   -4,    0,    0,    0,    0,    0,   36,    0,    0,    0,    0,   -4,  -14,    0,  -14,    0,    0,    0,    0,    0,    0,    0,    0,    0,    0,    0,    0,    0,    0,    0,    0,   -5,    0,    0,    0,    0,   36,    0,    0,    0,    0,    0,    0,    0,   -8,    0,    0,    0,  -16,  -12,
      12,    0,   36,   28,    0,    0,    0,    0,    0,    0,    0,    0,    0,    0,    0,    0,    0,    0,    0,    0,   20,    0,    0,    0,    0,    0,    0,    0,    0,    0,    0,    0,    0,   24,   24,    0,   42,    0,   16,    0,   42,   16,   24,    0,    0,    0,   16,   12,   12,    0,   12,    0,   32,    0,    0,    0,    0,    0,    0,    0,    0,   16,    0,   16,    0,    0,    0,   42,    0,    0,    0,   42,   36,   42,   20,   20,   14,    0,    0,    0,    0,    0,    0,    0,   24,   32,
       0,    0,    0,    0,    0,    0,    0,    0,    0,    0,    0,    0,    0,    0,    0,    0,    0,    0,    0,    0,    0,    0,    0,    0,    0,    0,    0,    0,    0,    0,    0,    0,    0,    0,    0,    0,    0,    0,    0,    0,    0,    0,   12,    0,    0,    0,    0,    0,    0,    0,    0,    0,    0,    0,    0,    0,    0,    0,    0,    0,    0,    0,    0,    0,    0,    0,    0,    0,    0,    0,    0,    0,    0,    0,    0,    0,    0,    0,    0,    0,    0,    0,    0,    0,    0,    4,
       0,    0,    0,    0,    0,    0,    0,    0,    0,    0,    0,    0,    0,    0,    0,    0,    0,    0,    0,    0,  -10,    0,    0,    0,    0,    0,    0,    0,    0,    0,    0,    0,    0,  -16,    0,   -4,    0,    0,    0,    0,    0,    0,   12,    0,    0,    0,    0,    0,   -4,    0,   -4,    0,    0,    0,    0,    0,    0,    0,    0,    0,   -4,   -4,    0,    0,    0,    0,    0,    0,   -4,   -4,    0,    0,   12,   12,    0,    0,    0,    0,    0,    0,    0,    0,    0,    0,   -8,    0,
       0,    0,    0,    0,    0,    0,    0,    0,    0,    0,    0,    0,    0,    0,    0,    0,    0,    0,    0,    0,    0,    0,    0,   -6,    0,    0,    0,    0,    0,    0,    0,    0,    0,    0,    0,    0,    0,   -6,    0,    0,    0,    0,   12,    0,    0,    0,    0,   -5,  -12,    0,  -12,    0,    0,   -8,    0,    0,    0,    0,   -6,    0,    0,    0,   -6,    0,    8,    8,   -6,    0,    0,    0,   -6,    0,    8,    0,    0,    0,    0,    0,    0,    0,    0,   -6,    0,    0,    0,    0,
       0,    0,    0,    0,    0,    0,    0,    0,    0,    0,    0,    0,    0,    0,    0,    0,    0,    0,    0,    0,    0,    0,    0,    0,    0,    0,    0,    0,    0,    0,    0,    0,    0,    0,    0,    0,    0,    0,    0,    0,    0,    0,   28,    0,    0,    0,    0,    0,  -14,    0,  -14,    0,    0,    0,    0,    0,    0,    0,    0,    0,    0,    0,    0,    0,    0,    0,    0,    0,    0,    0,    0,    0,   28,    0,    0,    0,    0,    0,    0,    0,    0,    0,    0,    0,  -12,    0,
       0,    0,    0,    0,    0,   -8,    0,   -8,    0,    0,    0,    0,    0,    0,    0,    0,    0,    0,    0,    0,    0,    0,    0,    0,    0,    0,    0,    0,    0,    0,    0,    0,    0,    0,    0,    0,   16,    0,    0,   -8,   16,    0,    0,    0,    0,    0,    0,    0,    0,    0,    0,    0,    0,    0,    0,    0,    0,    0,    0,    0,    0,    0,    0,    0,    0,    0,    0,   16,    0,    0,    0,   16,    0,   16,    0,    0,    0,    0,   -8,    0,    0,    0,    0,    0,   16,   16,
       0,    0,    0,    0,    0,    0,    0,    0,    0,    0,    0,    0,    0,    0,    0,    0,    0,    0,    0,    0,   -8,    0,    0,    0,    0,    0,    0,    0,    0,    0,    0,    0,    0,    0,    0,    0,    0,    0,   16,    0,    0,   16,   20,   16,   20,    0,   16,   16,   12,   12,   12,    0,    0,    0,    0,    0,    0,    0,    0,    0,    0,    0,    0,   16,    0,    0,    0,    0,    0,    0,    0,    0,    0,    0,   16,    0,    0,    0,    0,    0,    0,    0,    0,    0,  -12,   -8,
       0,    0,    0,    0,    0,    0,    0,    0,    0,    0,    0,    0,    0,    0,    0,    0,    0,    0,    0,    0,    0,    0,    0,    0,    0,    0,    0,    0,    0,    0,    0,    0,    0,  -20,    0,    0,    0,    0,    0,    0,    0,    0,    8,    0,    0,    0,    0,    0,   -4,    0,   -4,    0,    0,    0,    0,    0,    0,    0,    0,    0,    0,    0,    0,    0,    0,    0,    0,    0,    0,    0,    0,    0,    0,    0,    0,    0,    0,    0,    0,    0,    0,    0,    0,    0,    6,    8,
       0,    0,    0,    0,    0,    0,    0,    0,    0,    0,    0,    0,    0,    0,    0,    0,    0,    0,    0,    0,  -10,    0,    0,    0,    0,    0,    0,    0,    0,    0,    0,    0,    0,  -24,    0,    0,    0,    0,    0,    0,    0,    0,   28,    0,    0,    0,    0,    0,   -8,    8,   -8,    0,    0,    0,    0,    0,    0,    0,    0,    0,    0,    0,    0,    0,    0,    0,    0,    0,    0,    0,    0,    0,   28,    0,    0,    0,    0,    0,    0,    0,    0,    0,    0,    0,   -8,   -8,
       0,   12,    0,    8,    0,    0,    0,    0,    0,    0,    0,    0,    0,    0,    0,    0,    0,    0,    0,    0,    0,    0,    0,    0,    0,    0,    0,    0,    0,    0,    0,    0,    0,  -12,    0,   -6,    0,   -4,    0,   28,    0,    0,   10,    0,    6,    0,   10,    0,    4,    0,    4,    0,    0,    0,    0,    0,    0,    0,    0,    0,   -6,   -6,   -4,    0,    0,    0,   -4,    0,   -6,   -6,   -4,    0,   10,    0,    0,    0,    0,    0,   20,    0,    0,    0,    0,    0,    6,   16,
       0,    0,    0,    0,    0,    0,    0,    0,    0,    0,    0,    0,    0,    0,    0,    0,    0,    0,    0,    0,    0,    0,    0,    0,    0,    0,    0,    0,    0,    0,    0,    0,    0,    0,    0,    0,    0,   -6,    0,    0,    0,    0,    0,    0,    0,    0,    0,    0,    0,    0,    0,    0,    0,    0,    0,    0,    0,    0,    0,    0,    0,    0,   -6,    0,    0,    0,   -6,    0,    0,    0,   -6,    0,    0,    0,    0,    0,    0,    0,    0,    0,    0,    0,    0,    0,    0,    0,
       0,    0,  -12,    0,    0,  -16,    0,  -16,  -16,    0,    0,    0,    0,    0,    0,    0,    0,    0,    0,    0,    0,  -12,   -6,    0,   -8,   -4,    0,    0,   -6,   -8,   -8,  -16,   -4,  -12,    0,    0,    0,    0,    0,   -4,    0,    0,    0,    0,    0,    0,   12,    0,    0,    0,    0,    0,    0,    0,    0,    0,    0,  -28,    0,   -8,    0,    0,    0,    0,    0,    0,    0,    0,    0,    0,    0,    0,    0,    0,    0,    0,    0,    0,   -4,   -4,    0,    0,    0,    0,    0,    0,
       0,    0,    0,    0,    0,    0,    0,    0,    0,    0,    0,    0,    0,    0,    0,    0,    0,    0,    0,    0,    0,    0,    0,    0,    0,    0,    0,    0,    0,    0,    0,    0,    0,  -20,    0,    0,    0,    8,    0,    0,    0,    0,    0,    0,    0,    0,    0,    0,    0,    0,    0,    0,    0,    0,    0,    0,    0,    0,    0,    0,    0,    0,    8,    0,    0,    0,    8,    0,    0,    0,    8,    0,    0,    0,    0,    0,    0,    0,    0,    0,    0,    0,    0,    0,    0,    0,
       0,    0,    0,    0,    0,  -32,    0,  -32,    0,    0,    0,    0,    0,  -20,    0,    0,    0,    0,    0,    0,    0,  -28,    0,    0,    0,    0,    0,   16,    0,    8,    0,    8,    0,    0,    0,    0,    8,  -12,    0,  -12,    8,    0,    4,    0,    0,  -12,    0,    0,    4,    0,    4,    0,    0,    0,    0,    0,  -44,  -48,    0,    0,    0,    0,  -12,    0,   20,   20,  -12,    8,    0,    0,  -12,    8,   20,    8,    0,  -12,    0,    0,  -12,    0,    0,    0,    0,    0,    0,    0,
       0,    0,    0,    0,    0,  -32,    0,  -32,    0,    0,    0,    0,    0,  -28,  -12,  -16,    0,    0,    0,    0,    0,  -40,    0,  -16,    0,    0,   -8,    0,    0,    8,    0,    8,    0,    0,    0,  -16,    4,  -20,    0,  -34,    4,    0,    0,    0,    0,  -32,    4,    0,    0,    0,    0,   -8,    0,    0,    0,    0,    0,  -66,  -16,    0,  -16,  -16,  -20,    0,    8,    8,  -20,    4,  -16,  -16,  -20,    4,   16,    4,    0,  -32,   -8,    0,  -34,    0,    0,  -16,    0,    0,    0,    0,
};

static const EpdLigaturePair bookerly_12_regularLigaturePairs[] = {
    { 0x00660066, 0xFB00 }, // f f -> U+FB00
    { 0x00660069, 0xFB01 }, // f i -> U+FB01
    { 0x0066006C, 0xFB02 }, // f l -> U+FB02
    { 0xFB000069, 0xFB03 }, // U+FB00 i -> U+FB03
    { 0xFB00006C, 0xFB04 }, // U+FB00 l -> U+FB04
};

static const EpdFontData bookerly_12_regular = {
    bookerly_12_regularBitmaps,
    bookerly_12_regularGlyphs,
    bookerly_12_regularIntervals,
    63,
    33,
    27,
    -7,
    true,
    bookerly_12_regularGroups,
    12,
    nullptr,
    bookerly_12_regularKernLeftClasses,
    bookerly_12_regularKernRightClasses,
    bookerly_12_regularKernMatrix,
    390,
    399,
    90,
    86,
    bookerly_12_regularLigaturePairs,
    5,
};
