/**
 * generated by fontconvert.py
 * name: bookerly_12_bold
 * size: 12
 * mode: 2-bit  compressed: true
 * Command used: fontconvert.py bookerly_12_bold 12 ../builtinFonts/source/Bookerly/Bookerly-Bold.ttf --2bit --compress --pnum --exclude-intervals 0x0400,0x04FF --exclude-intervals 0x1EA0,0x1EF9 --exclude-intervals 0x01A0,0x01A1 --exclude-intervals 0x01AF,0x01B0
 */
#pragma once
#include "EpdFontData.h"

static const uint8_t bookerly_12_boldBitmaps[18225] = {
    0xA5, 0x58, 0x3D, 0x90, 0xDD, 0xD4, 0x15, 0x3E, 0x92, 0xFC, 0xAC, 0x0C, 0x9A, 0x41, 0x2E, 0xBC,
    0x63, 0x82, 0x21, 0x4A, 0x41, 0x11, 0x66, 0x02, 0xB7, 0x49, 0x41, 0x91, 0xDD, 0x7B, 0x67, 0x28,
    0x5C, 0x50, 0xF8, 0x15, 0x7E, 0xA1, 0x70, 0x41, 0xBF, 0x14, 0x9B, 0x32, 0xC5, 0xB2, 0x12, 0x49,
    0x91, 0x22, 0x85, 0xB7, 0xC8, 0xA4, 0xCC, 0x50, 0xB8, 0x70, 0x96, 0xCC, 0xB8, 0x49, 0xE1, 0x62,
    0xD7, 0x12, 0x50, 0x50, 0xA4, 0x40, 0xF9, 0x21, 0x2D, 0x9A, 0x09, 0x84, 0xC4, 0x29, 0xF6, 0xE2,
    0xC8, 0x58, 0xB6, 0x25, 0xDD, 0x7C, 0xDF, 0xD5, 0xDB, 0x1F, 0xC3, 0xFA, 0x27, 0x93, 0xF7, 0x74,
    0xCF, 0xD3, 0x93, 0xEE, 0xCF, 0xB9, 0xE7, 0xE7, 0x3B, 0xE7, 0xDC, 0x67, 0x0A, 0x5D, 0xE9, 0x22,
    0x37, 0xB9, 0xD1, 0x46, 0xCB, 0xD1, 0x57, 0x49, 0x26, 0x22, 0x81, 0xA8, 0x0A, 0xEF, 0xAB, 0x99,
    0x6C, 0x65, 0x66, 0xD4, 0x66, 0xD0, 0x32, 0x5D, 0xBB, 0xFE, 0xBA, 0xB1, 0x26, 0x07, 0x1F, 0x15,
    0x35, 0xA2, 0xE3, 0x5A, 0xD6, 0x92, 0x6A, 0x76, 0xF3, 0xAD, 0xBF, 0x66, 0xCE, 0xF5, 0xCF, 0x8F,
    0xE5, 0x3F, 0xA5, 0x53, 0x12, 0xB4, 0x5A, 0x42, 0xBB, 0x26, 0xB9, 0x73, 0xD6, 0xA1, 0x25, 0x75,
    0x2F, 0x49, 0xD5, 0x49, 0xFA, 0x41, 0x2B, 0xE9, 0xCF, 0xED, 0x34, 0x3E, 0x31, 0x22, 0xE9, 0xB2,
    0x65, 0xDB, 0x12, 0xBA, 0x51, 0x12, 0xE7, 0x4C, 0x76, 0x25, 0x2B, 0xD4, 0xC5, 0xD4, 0xA8, 0x2B,
    0xA7, 0x24, 0xDB, 0xC7, 0x6B, 0x67, 0x24, 0x72, 0xAD, 0x48, 0x3E, 0xFA, 0x3F, 0xDF, 0x79, 0x56,
    0x17, 0xAB, 0xCF, 0x66, 0xC5, 0xD6, 0xF7, 0x94, 0xD1, 0xBF, 0xCD, 0x45, 0xB9, 0x41, 0x62, 0xD7,
    0x88, 0xBC, 0x2A, 0x0F, 0xB7, 0x97, 0x0F, 0x18, 0x0D, 0xAE, 0x4A, 0x5C, 0x48, 0xE6, 0x24, 0xAD,
    0x44, 0x6F, 0x14, 0x99, 0x91, 0xBD, 0xB4, 0xD2, 0x22, 0x7D, 0x5A, 0x6D, 0x82, 0x92, 0x31, 0xDC,
    0x7F, 0x68, 0x49, 0x3F, 0xAA, 0x45, 0xF6, 0xB2, 0x5F, 0x7D, 0xE8, 0x8C, 0x76, 0xE9, 0xC5, 0xFD,
    0x3A, 0xE9, 0xD6, 0xB2, 0xD7, 0xF1, 0x66, 0x53, 0x45, 0xA0, 0x9D, 0x0E, 0x2D, 0x36, 0x46, 0x1A,
    0x35, 0x1A, 0x4F, 0x92, 0x4A, 0xBD, 0xDE, 0x48, 0x66, 0xD2, 0x7D, 0x4C, 0x0D, 0x36, 0x44, 0x5E,
    0x14, 0x99, 0xCB, 0xF1, 0x4F, 0x02, 0xB6, 0x45, 0xBB, 0x42, 0x64, 0xC4, 0xFA, 0x5C, 0x4E, 0x02,
    0xAC, 0x0C, 0x02, 0x46, 0x64, 0x58, 0xC5, 0xDB, 0xF1, 0xFB, 0x82, 0xED, 0x07, 0xCE, 0xA6, 0xEE,
    0x03, 0x67, 0xD5, 0x27, 0x0D, 0xD4, 0x71, 0x01, 0x62, 0xD4, 0xE1, 0x08, 0x62, 0x4A, 0x27, 0xBA,
    0x50, 0xA3, 0xA8, 0x26, 0x75, 0xDB, 0x29, 0xE4, 0x39, 0x84, 0xCE, 0xBD, 0xD5, 0xCB, 0x6C, 0x2E,
    0xF3, 0xAD, 0x71, 0x18, 0x86, 0xDD, 0xDD, 0x1B, 0x22, 0x3F, 0x90, 0xBD, 0xB0, 0x8F, 0x6D, 0x5A,
    0x67, 0x15, 0xF5, 0xBA, 0x25, 0x37, 0x65, 0x38, 0xFC, 0xDE, 0x94, 0x1C, 0x13, 0xA9, 0x22, 0xAD,
    0x13, 0x1B, 0x75, 0x32, 0xCA, 0x8F, 0x45, 0x5E, 0x00, 0x5B, 0xD0, 0x62, 0x25, 0x09, 0x76, 0xD3,
    0x82, 0x1F, 0x70, 0x23, 0xE8, 0x89, 0xAE, 0x7C, 0xA1, 0xCD, 0xB1, 0xCB, 0x3F, 0xD9, 0xF2, 0x1D,
    0x7A, 0x76, 0x8E, 0xAD, 0xA4, 0x35, 0xDF, 0xBC, 0x32, 0x6D, 0xF2, 0x8C, 0x9C, 0xDA, 0x94, 0xD5,
    0x4D, 0xD1, 0x7F, 0x30, 0x89, 0xAB, 0xCE, 0xBB, 0x0A, 0x37, 0x3F, 0x84, 0x70, 0x77, 0xFD, 0xDB,
    0xDD, 0xA3, 0x6B, 0x7D, 0xBC, 0x56, 0xBA, 0x61, 0x67, 0xBC, 0x76, 0xFC, 0x21, 0x75, 0x64, 0x52,
    0x9B, 0xD8, 0x18, 0x96, 0x92, 0x56, 0xCA, 0xAC, 0xCA, 0x4B, 0xD0, 0x2B, 0x54, 0x50, 0x68, 0x67,
    0xBE, 0x2B, 0x79, 0x51, 0x56, 0x79, 0x31, 0x13, 0xCF, 0x05, 0x39, 0x24, 0x1F, 0xE4, 0x17, 0x9C,
    0x90, 0x15, 0x49, 0xA0, 0x7E, 0x0A, 0x57, 0x15, 0x53, 0x97, 0xFC, 0x58, 0x17, 0x28, 0x37, 0x3A,
    0xDE, 0xA5, 0xF2, 0x5B, 0x5B, 0x5A, 0x06, 0x5A, 0xD9, 0xC1, 0xBC, 0x9C, 0x49, 0xEF, 0xB9, 0x4A,
    0xD5, 0xBA, 0xD6, 0x55, 0x6A, 0xF3, 0x22, 0xB5, 0x25, 0x18, 0x2A, 0x21, 0x9A, 0xA9, 0x2D, 0xFF,
    0x1B, 0xBE, 0xCB, 0x1A, 0xFA, 0x87, 0xBA, 0xE7, 0x8A, 0x04, 0x26, 0x1B, 0xD2, 0x34, 0x67, 0xD3,
    0x74, 0x99, 0x39, 0x8D, 0x9D, 0xBB, 0x42, 0x41, 0xDB, 0x79, 0x01, 0xA5, 0x3D, 0xEA, 0x0A, 0xCA,
    0xCF, 0x33, 0x37, 0xD0, 0x72, 0x67, 0x46, 0x02, 0xD7, 0xD1, 0xF0, 0x25, 0xBB, 0x83, 0xED, 0x56,
    0x39, 0x7C, 0x53, 0x57, 0x19, 0x9A, 0x70, 0x0E, 0x81, 0x49, 0x45, 0xD8, 0x4A, 0x8A, 0x55, 0x34,
    0x6C, 0x93, 0xCE, 0x80, 0x5D, 0xA5, 0x96, 0x36, 0xE5, 0x2C, 0x1B, 0x1C, 0xAF, 0x26, 0x07, 0xA7,
    0xC1, 0x09, 0xA7, 0xD4, 0x7F, 0x73, 0xB2, 0x26, 0x25, 0xF4, 0x5B, 0xD2, 0xB6, 0x20, 0xA1, 0x4E,
    0x82, 0x12, 0x3A, 0xC6, 0xBB, 0xE0, 0x1F, 0x4E, 0xA6, 0x79, 0xD9, 0x4A, 0x03, 0xF6, 0x25, 0xD8,
    0xC0, 0x18, 0x3F, 0xB6, 0x90, 0x60, 0x7E, 0x28, 0x16, 0x32, 0x46, 0xCF, 0x33, 0xDE, 0x03, 0xA1,
    0x0D, 0xC9, 0x73, 0x23, 0x7D, 0x6E, 0xC2, 0x36, 0x37, 0x71, 0x93, 0x9B, 0xB4, 0x02, 0x82, 0xDC,
    0x2A, 0xAF, 0x81, 0x87, 0x5E, 0xA1, 0xCD, 0x16, 0xE5, 0xAF, 0x31, 0xAF, 0x39, 0x6A, 0x2B, 0x5E,
    0x2A, 0x31, 0xA4, 0xBB, 0x6C, 0x34, 0x35, 0xDF, 0xD2, 0x3B, 0xF4, 0xE5, 0x06, 0xAD, 0xC7, 0xFA,
    0xE0, 0x89, 0x6B, 0x71, 0x4D, 0xDF, 0x9C, 0x4C, 0x7C, 0xF5, 0x00, 0x10, 0xEB, 0x97, 0x9E, 0xF8,
    0x3A, 0x8B, 0xC1, 0xE4, 0xC3, 0x55, 0x01, 0xC6, 0xC6, 0xE3, 0x24, 0x16, 0x55, 0x53, 0x16, 0xDB,
    0x78, 0x3C, 0x48, 0xF9, 0xBE, 0xC3, 0xAE, 0xCB, 0xA2, 0x14, 0x5D, 0x95, 0x06, 0xD2, 0x24, 0xD6,
    0x41, 0xA2, 0xEA, 0x0E, 0xBC, 0x1F, 0xEF, 0xBD, 0xB6, 0x26, 0xB6, 0x08, 0x4E, 0x70, 0x2D, 0x57,
    0xC0, 0xA1, 0x4C, 0x8F, 0x51, 0x1D, 0xCC, 0xE5, 0x25, 0x5A, 0x14, 0x85, 0x9B, 0x71, 0xD2, 0xE2,
    0x88, 0x1D, 0xA8, 0x80, 0x72, 0x87, 0x28, 0x25, 0x5E, 0x1A, 0x1D, 0xAD, 0xCA, 0xFB, 0xFA, 0x4C,
    0x8E, 0x74, 0xD8, 0x94, 0x46, 0x79, 0x0D, 0x62, 0xCD, 0x3A, 0x97, 0xF4, 0x1E, 0xC1, 0xA9, 0xC5,
    0xBA, 0x00, 0xBF, 0x07, 0x0E, 0xD6, 0xE7, 0x80, 0xBC, 0xE0, 0x0B, 0x77, 0xFC, 0xD5, 0x9F, 0xD2,
    0x5A, 0x46, 0xDF, 0xC7, 0xF3, 0x75, 0x8A, 0x5B, 0x9F, 0xE4, 0xA2, 0xBF, 0x74, 0xD0, 0x12, 0x78,
    0x34, 0xF9, 0xD1, 0x7E, 0xB8, 0x9B, 0x7B, 0x65, 0x05, 0x14, 0x80, 0x11, 0x39, 0x73, 0x68, 0x1F,
    0x19, 0x74, 0x8C, 0x71, 0x25, 0x74, 0xA8, 0xBB, 0xC9, 0x20, 0x95, 0x29, 0xAB, 0x92, 0x38, 0x77,
    0xF8, 0x39, 0xF2, 0xA4, 0xA4, 0xCE, 0x6C, 0x06, 0x67, 0x3B, 0x7A, 0xF7, 0x6D, 0x07, 0xF4, 0x9F,
    0x9F, 0x49, 0x0C, 0x2D, 0x34, 0x90, 0x75, 0xDE, 0x50, 0x18, 0x1A, 0xBE, 0x4F, 0x15, 0xB4, 0x7C,
    0x8E, 0xB7, 0x90, 0x90, 0x1B, 0x70, 0xAD, 0xEF, 0x5C, 0xC3, 0xFD, 0xCA, 0xE2, 0xD2, 0xF4, 0x77,
    0x1A, 0xFC, 0x9A, 0x37, 0x33, 0xD5, 0x61, 0x4B, 0xB0, 0xA0, 0x96, 0x52, 0x4C, 0x20, 0xE9, 0x3A,
    0x1B, 0xF8, 0xFC, 0xB5, 0x03, 0x17, 0x44, 0x87, 0x1C, 0x10, 0xE7, 0xAA, 0x97, 0x20, 0xF5, 0x88,
    0x00, 0xCB, 0x6B, 0xC3, 0x26, 0xAE, 0x86, 0xE9, 0x41, 0xC5, 0x80, 0x4C, 0x00, 0x38, 0x3F, 0x86,
    0xD6, 0xC3, 0x27, 0x16, 0x0C, 0xCB, 0x52, 0xFE, 0x10, 0xC4, 0x36, 0x24, 0x00, 0x13, 0x04, 0x37,
    0x5F, 0xFC, 0xC4, 0x99, 0x10, 0x96, 0xA1, 0x2B, 0x6F, 0x67, 0x4D, 0x5A, 0x65, 0x36, 0xB2, 0xAA,
    0x70, 0x7D, 0xD8, 0x02, 0xB7, 0xF7, 0x82, 0x36, 0x0F, 0x9A, 0xAD, 0xA0, 0x03, 0x8A, 0x80, 0xEE,
    0x89, 0x1A, 0xC3, 0x76, 0x08, 0x86, 0x9B, 0x91, 0xDD, 0x8B, 0xEC, 0x56, 0xD4, 0xDC, 0x8C, 0xDA,
    0xF2, 0xAD, 0x2A, 0x0F, 0x69, 0x15, 0x5A, 0xCA, 0x37, 0x3A, 0xA1, 0x27, 0x72, 0x26, 0x6F, 0xCB,
    0xD8, 0xD9, 0x26, 0x24, 0x7D, 0xEB, 0x3A, 0x84, 0x0C, 0xA3, 0x6F, 0xB8, 0xFA, 0xBF, 0xF8, 0xE6,
    0x79, 0x12, 0x3A, 0x97, 0xB7, 0xE4, 0xC8, 0x55, 0x4B, 0x92, 0x7C, 0x06, 0x21, 0xA7, 0x57, 0xC0,
    0x8B, 0xBA, 0x48, 0xA7, 0xA5, 0x05, 0x6D, 0xD1, 0x94, 0x86, 0x37, 0x31, 0x97, 0xF3, 0x08, 0x02,
    0xC3, 0xC1, 0xB6, 0xE1, 0x21, 0x8D, 0xE4, 0x15, 0x71, 0xB5, 0x2E, 0xFB, 0xD0, 0xF5, 0x6E, 0x88,
    0xE0, 0x55, 0xEB, 0x57, 0xE9, 0xE9, 0x05, 0x17, 0x8B, 0xFA, 0xD4, 0x46, 0x7D, 0xDC, 0x46, 0x7D,
    0xC4, 0x5F, 0xB4, 0xB4, 0x06, 0x76, 0x55, 0x68, 0xB8, 0x3F, 0xDF, 0x47, 0xFE, 0x1B, 0x0E, 0x68,
    0xD3, 0xFD, 0xB0, 0xD1, 0x71, 0x9C, 0x76, 0xE3, 0xA4, 0x90, 0xD3, 0xA3, 0x81, 0xBE, 0x2C, 0xFB,
    0xA7, 0x2D, 0xA4, 0x52, 0x47, 0x56, 0x57, 0x61, 0x93, 0x1F, 0xF9, 0xDD, 0xD4, 0x78, 0x4F, 0xE3,
    0x27, 0x06, 0xD1, 0x11, 0x3A, 0x39, 0x0B, 0xF1, 0xB6, 0xF0, 0x60, 0xEB, 0x4D, 0x0C, 0xEE, 0x38,
    0x5B, 0xFF, 0x9D, 0x87, 0x20, 0xE2, 0x06, 0xF9, 0xEF, 0x01, 0x7D, 0xD8, 0x56, 0x5E, 0x83, 0x28,
    0x70, 0x23, 0xA9, 0x27, 0xED, 0xC3, 0xE4, 0xF0, 0x45, 0x86, 0xCD, 0x40, 0xB2, 0x20, 0x65, 0x11,
    0x8D, 0x6F, 0x8F, 0x9C, 0xA5, 0xC5, 0x7C, 0xE3, 0x12, 0x9A, 0x57, 0x16, 0x8B, 0x4B, 0x07, 0xC0,
    0x12, 0x0D, 0x01, 0x36, 0x23, 0x9B, 0x68, 0x3F, 0xA2, 0xE4, 0x7C, 0x9B, 0xB6, 0x5D, 0x45, 0xE3,
    0x8E, 0x59, 0x3E, 0x3B, 0x83, 0xF6, 0x63, 0xB4, 0x5D, 0x3C, 0xF3, 0xE3, 0x30, 0xBE, 0xC3, 0x3C,
    0x73, 0x82, 0xA4, 0xA2, 0x88, 0x06, 0x8A, 0x2C, 0x44, 0x0B, 0xEA, 0xC3, 0x79, 0xC6, 0x9D, 0x62,
    0x39, 0x57, 0x71, 0xF8, 0xEC, 0xA0, 0x0D, 0xD4, 0x31, 0x92, 0x1C, 0xAA, 0xF9, 0x74, 0xB9, 0x4D,
    0x5B, 0xEF, 0xB9, 0xF2, 0x20, 0x29, 0x83, 0xAA, 0x6A, 0x64, 0x8F, 0xD6, 0xB1, 0xE9, 0xC1, 0xD4,
    0x4B, 0xD0, 0x8B, 0x0F, 0x64, 0xB6, 0x10, 0x5A, 0xB4, 0x41, 0x3A, 0x03, 0x40, 0x2A, 0xF0, 0x07,
    0x72, 0x74, 0xF4, 0x1E, 0x60, 0x84, 0x03, 0x48, 0xC5, 0x14, 0x1A, 0xE6, 0xFB, 0x1C, 0x06, 0x73,
    0x89, 0xDB, 0x35, 0x8B, 0x05, 0x06, 0xD4, 0x5E, 0xD3, 0x45, 0x39, 0x92, 0x81, 0xA4, 0x7D, 0x34,
    0x75, 0x14, 0xD7, 0x92, 0x8E, 0x3B, 0xD7, 0x1F, 0xD3, 0x13, 0xCC, 0x76, 0xD8, 0x46, 0x5D, 0x32,
    0x98, 0x72, 0x7E, 0xAC, 0x85, 0x1B, 0xE5, 0xF7, 0xFB, 0xE4, 0x6B, 0xE0, 0x58, 0xF4, 0x0F, 0x16,
    0x97, 0x62, 0x1A, 0xA4, 0xF7, 0x87, 0xA7, 0xBD, 0x8A, 0x69, 0xEF, 0x40, 0x0F, 0x98, 0x50, 0x56,
    0x4F, 0x8A, 0x35, 0xD4, 0xC8, 0x47, 0xAE, 0x05, 0xAE, 0x3B, 0xE8, 0x21, 0xE0, 0x5E, 0xE1, 0x15,
    0x51, 0x9F, 0x35, 0x20, 0x88, 0xCD, 0xD1, 0x40, 0xB4, 0x75, 0x0C, 0xDC, 0x44, 0x92, 0x68, 0x20,
    0xC6, 0xF5, 0x30, 0x46, 0xBC, 0x45, 0x18, 0xEB, 0x53, 0x72, 0x86, 0x5C, 0x0B, 0x76, 0xC1, 0x7D,
    0x54, 0x79, 0x07, 0xEC, 0xC8, 0x5A, 0x0F, 0x62, 0x98, 0x9E, 0x62, 0xF4, 0xC1, 0xEC, 0x5B, 0xFA,
    0x3C, 0xB9, 0xD1, 0x66, 0xDE, 0x41, 0xDB, 0x3B, 0x6E, 0x37, 0xC1, 0xC2, 0x04, 0x8B, 0x79, 0x4A,
    0xC3, 0xB0, 0xB1, 0xAB, 0x71, 0x89, 0x6B, 0x12, 0x30, 0xC2, 0x24, 0x4D, 0x82, 0x07, 0x6D, 0x56,
    0x9A, 0xE0, 0x6E, 0xA7, 0xB4, 0x09, 0xBF, 0xEE, 0xD7, 0x40, 0xBF, 0xEA, 0x57, 0x75, 0x11, 0xDA,
    0x61, 0x53, 0x17, 0x91, 0x2D, 0x3B, 0x98, 0xB6, 0xCD, 0x5B, 0x52, 0x6D, 0x15, 0xA8, 0x6A, 0x54,
    0xC5, 0xE4, 0x0C, 0x14, 0x90, 0x84, 0x44, 0x63, 0x3C, 0x6D, 0x5C, 0x0F, 0xD8, 0x0B, 0x5C, 0xBF,
    0x72, 0x09, 0x52, 0x91, 0x1C, 0xD1, 0x0B, 0x01, 0xC2, 0xF1, 0x26, 0x72, 0x45, 0xCC, 0x80, 0x5D,
    0x7B, 0x6A, 0x3D, 0xED, 0x48, 0xEF, 0x0E, 0xA4, 0xB7, 0x1D, 0xA9, 0x75, 0x1F, 0x93, 0xEA, 0x2F,
    0x49, 0xD5, 0x5D, 0xD2, 0xD4, 0x91, 0x46, 0x9E, 0x22, 0x9D, 0x64, 0x98, 0x02, 0xD5, 0x30, 0x3C,
    0x4B, 0x88, 0xCD, 0x7C, 0xE6, 0xCD, 0xD8, 0x70, 0xFA, 0x3E, 0x5D, 0x7E, 0x32, 0x21, 0x1A, 0x08,
    0xA4, 0x89, 0x30, 0xCA, 0xFC, 0x43, 0x18, 0x20, 0x88, 0x40, 0x90, 0x63, 0xED, 0xBE, 0x41, 0x0A,
    0x86, 0x21, 0xAA, 0x36, 0x47, 0x3F, 0xA3, 0xB1, 0x86, 0x64, 0xE3, 0xE5, 0x5E, 0x3C, 0x30, 0x78,
    0x64, 0x60, 0x52, 0xEA, 0xB1, 0x01, 0x42, 0xAC, 0xE9, 0xD3, 0x50, 0x6B, 0x17, 0xF5, 0xC7, 0xBF,
    0x31, 0xFE, 0x67, 0x2D, 0x16, 0x26, 0x76, 0x99, 0x68, 0xDC, 0x3E, 0xC1, 0xE9, 0x6A, 0xAF, 0xC4,
    0xFF, 0x9F, 0xCD, 0xFA, 0x44, 0x36, 0x31, 0x69, 0xD2, 0x1D, 0x40, 0x35, 0xEA, 0x8A, 0xAB, 0xCC,
    0x2B, 0xF8, 0xA0, 0xB4, 0xDE, 0x88, 0x0E, 0xB0, 0xAD, 0x9E, 0x50, 0x29, 0xEA, 0x13, 0x5A, 0x5C,
    0xF4, 0x30, 0xF1, 0x26, 0xBB, 0x41, 0xCD, 0xD0, 0xD4, 0x88, 0xB0, 0x51, 0xEF, 0x0D, 0x55, 0xD3,
    0x50, 0xD5, 0xA1, 0xA1, 0x46, 0x54, 0x6A, 0x45, 0x10, 0xAE, 0x34, 0x63, 0x08, 0x32, 0xBE, 0x8D,
    0xAB, 0x64, 0x85, 0x11, 0x0B, 0x3C, 0x6A, 0xA4, 0x4A, 0x68, 0xC5, 0x2B, 0x13, 0xD4, 0x32, 0x96,
    0x63, 0xE1, 0xD8, 0x07, 0x33, 0x47, 0xC6, 0x90, 0xD9, 0x3B, 0xB3, 0x8B, 0x5E, 0x7B, 0x4C, 0x6D,
    0xDE, 0x1D, 0x3D, 0x0A, 0xE5, 0xC0, 0xA4, 0x60, 0xE1, 0x71, 0x92, 0xEE, 0xEC, 0x98, 0x77, 0x92,
    0x5C, 0xE8, 0xB3, 0x6A, 0x0D, 0x2B, 0x57, 0xAB, 0x20, 0xC5, 0xA9, 0xA8, 0x9F, 0x4D, 0x62, 0x7D,
    0x1A, 0xC2, 0xE0, 0x86, 0x89, 0x6B, 0x2E, 0x5C, 0x7B, 0x47, 0x45, 0x34, 0xFF, 0xC0, 0x8D, 0x39,
    0x72, 0x90, 0x0E, 0xDB, 0x4D, 0xEB, 0xA7, 0x26, 0x00, 0x78, 0x1F, 0x08, 0x2A, 0xA8, 0x13, 0x11,
    0xC6, 0xFD, 0x06, 0x92, 0x66, 0xAC, 0x83, 0x28, 0xE8, 0xA7, 0x0B, 0x39, 0x98, 0xBE, 0xA2, 0x13,
    0x98, 0xB2, 0x85, 0xA8, 0xB2, 0x2A, 0xF6, 0x21, 0x01, 0x23, 0x0C, 0xD2, 0xBF, 0x9C, 0x38, 0x3A,
    0x32, 0x18, 0x81, 0xB7, 0xFC, 0x43, 0x10, 0xFD, 0x11, 0xB3, 0xBD, 0xBF, 0x30, 0xAC, 0xFF, 0x9B,
    0xD9, 0x3C, 0xC3, 0x6B, 0x4C, 0x9B, 0x63, 0x92, 0xCA, 0x8C, 0x71, 0x4A, 0x77, 0x97, 0xF1, 0x03,
    0x8F, 0x16, 0x97, 0x90, 0x2A, 0xE6, 0x42, 0x8F, 0x36, 0xA5, 0xE4, 0x1D, 0xD4, 0x88, 0x7C, 0x02,
    0xDC, 0x05, 0xC0, 0x0B, 0x2C, 0x14, 0x22, 0xE5, 0x2F, 0xC2, 0x11, 0x7E, 0xA6, 0x4D, 0xE0, 0x22,
    0xE8, 0x08, 0xCB, 0xC5, 0xFB, 0x16, 0x85, 0x4E, 0xF9, 0xC6, 0x1F, 0xED, 0x1E, 0xD6, 0xBD, 0xF2,
    0x71, 0xCB, 0x95, 0x3F, 0xF9, 0x45, 0xCF, 0x80, 0xFF, 0x59, 0x38, 0xB4, 0xD4, 0x0F, 0x7D, 0x4B,
    0xD2, 0x51, 0x18, 0x18, 0x12, 0xF8, 0x2D, 0x44, 0xC6, 0x34, 0xA9, 0xF2, 0xE5, 0xC6, 0x94, 0x2F,
    0x1C, 0xC3, 0xBA, 0x3F, 0x13, 0xEB, 0xDE, 0x2D, 0x9B, 0x88, 0xB9, 0xA9, 0xB8, 0x77, 0xB9, 0x1F,
    0xBF, 0x15, 0x3F, 0x7C, 0xDA, 0x80, 0x88, 0x4F, 0x92, 0xF0, 0x17, 0xA3, 0xB3, 0x7D, 0x66, 0x0A,
    0x17, 0xB1, 0xE2, 0x08, 0x9D, 0x84, 0xC8, 0x05, 0x88, 0xE4, 0xD8, 0x8A, 0x83, 0x59, 0x94, 0x2E,
    0x01, 0x64, 0x2C, 0x00, 0x50, 0xA5, 0xFB, 0xA5, 0x6B, 0xF2, 0x31, 0x44, 0x21, 0xD2, 0x63, 0xE3,
    0x0C, 0x93, 0x30, 0x69, 0x66, 0xB0, 0xEE, 0x42, 0x43, 0xA6, 0x59, 0xEE, 0xEC, 0x17, 0x94, 0xD4,
    0x81, 0x76, 0x4F, 0xD4, 0xFD, 0xE0, 0x0B, 0xD4, 0x46, 0xBC, 0x51, 0xCD, 0x60, 0x4F, 0x6A, 0x19,
    0x30, 0x51, 0x47, 0x36, 0xA8, 0x24, 0xAA, 0x17, 0x7D, 0x96, 0x09, 0xD1, 0x62, 0x1D, 0x0F, 0x22,
    0xBE, 0x12, 0x41, 0x1A, 0x30, 0x25, 0x9F, 0x3F, 0x45, 0x80, 0xE9, 0x94, 0x0D, 0x3A, 0x7D, 0xEB,
    0xFD, 0xF6, 0x20, 0xD8, 0x72, 0xFF, 0xEB, 0xEF, 0xE5, 0x6D, 0xFE, 0xDE, 0x96, 0x3C, 0xF9, 0x9B,
    0xCF, 0xD1, 0xD3, 0xB2, 0x2E, 0x63, 0x09, 0xC7, 0x3A, 0x8D, 0xF5, 0x9A, 0xCF, 0xB2, 0xDB, 0xA9,
    0x8E, 0x63, 0x3D, 0xE7, 0x0B, 0x1A, 0x26, 0xB4, 0x07, 0x9D, 0xD2, 0x6F, 0x76, 0xEA, 0x97, 0xF5,
    0xE1, 0x94, 0xF5, 0xAE, 0xBF, 0xE7, 0xEC, 0xDB, 0x40, 0xCF, 0x27, 0x7F, 0xCF, 0x59, 0x67, 0x89,
    0x94, 0x66, 0x99, 0xF5, 0x63, 0xEE, 0x07, 0x70, 0xB0, 0xFF, 0xC0, 0x8B, 0xBF, 0x02, 0x00, 0x34,
    0x3C, 0xBE, 0xD8, 0xC5, 0x92, 0x5B, 0xA8, 0xF1, 0xFC, 0x59, 0x89, 0x79, 0x59, 0x9E, 0x31, 0xCC,
    0x11, 0xD1, 0x8A, 0x9D, 0x9D, 0x1D, 0xF3, 0x9C, 0xAC, 0x62, 0x38, 0x6C, 0xB8, 0x91, 0x82, 0x99,
    0x3C, 0x8F, 0x24, 0x68, 0xEC, 0xF9, 0x05, 0x18, 0x06, 0xE4, 0x3C, 0xA3, 0xAC, 0xCF, 0x61, 0x1E,
    0x66, 0xF6, 0x0F, 0x90, 0xF6, 0xE0, 0xBF, 0x63, 0xBB, 0x4C, 0xDC, 0x87, 0x21, 0x76, 0xCE, 0x04,
    0xE6, 0xAC, 0xAF, 0x00, 0x32, 0x9A, 0x5C, 0xEF, 0x6D, 0xEA, 0x18, 0x36, 0xAE, 0x30, 0x12, 0xC2,
    0x88, 0x5C, 0x17, 0xB9, 0xEB, 0x3E, 0xBB, 0x5B, 0xE6, 0x7A, 0x23, 0x83, 0xE8, 0xC3, 0x79, 0x9F,
    0xC7, 0xD7, 0x06, 0x99, 0xA5, 0x99, 0x00, 0x99, 0x30, 0xDA, 0x7B, 0x94, 0x4A, 0x5B, 0x00, 0x0F,
    0x2A, 0x13, 0x5D, 0xBD, 0xE6, 0x2D, 0xF5, 0xB0, 0x41, 0xA5, 0x8A, 0x85, 0xCF, 0xF8, 0xBE, 0xAF,
    0x64, 0x02, 0x86, 0xDE, 0x99, 0x99, 0x92, 0xEE, 0x00, 0x16, 0x1E, 0x11, 0x18, 0x08, 0x51, 0x6A,
    0x6A, 0xB3, 0x8D, 0x9A, 0x38, 0x41, 0x1C, 0x4F, 0x5B, 0x55, 0x67, 0x35, 0x82, 0x5A, 0x75, 0x42,
    0x6B, 0x54, 0xAD, 0xEE, 0x33, 0x93, 0x67, 0xF6, 0x70, 0x65, 0x90, 0xB3, 0xC1, 0x92, 0x1F, 0x5F,
    0x77, 0x43, 0x85, 0x25, 0xA4, 0x86, 0x8A, 0x89, 0x5F, 0xE7, 0xA6, 0x56, 0x1C, 0xF1, 0x94, 0xDD,
    0xBF, 0x6C, 0x30, 0x16, 0x88, 0xB0, 0xE4, 0x27, 0xB8, 0x2A, 0xBE, 0x24, 0x04, 0x76, 0x04, 0x63,
    0x56, 0xC0, 0x3B, 0xA6, 0x1A, 0xBF, 0x9B, 0xC0, 0x85, 0xD1, 0xE2, 0xF2, 0x30, 0x9F, 0x2A, 0xB5,
    0xC7, 0x34, 0x60, 0x32, 0x4B, 0x0E, 0xCE, 0x39, 0x0F, 0x10, 0xF4, 0x01, 0xC8, 0x5D, 0xDA, 0xE4,
    0x67, 0x52, 0x60, 0x41, 0x0A, 0x7E, 0xF8, 0x9B, 0xDC, 0x47, 0x92, 0x01, 0x7D, 0xC5, 0xB7, 0xB6,
    0x27, 0x73, 0xFB, 0x74, 0x01, 0x5F, 0x72, 0x75, 0x42, 0x1B, 0xBF, 0x75, 0xDD, 0xE6, 0x26, 0x41,
    0xCB, 0x1A, 0x7D, 0x1F, 0xFA, 0xF3, 0x99, 0xFC, 0x36, 0x8F, 0x42, 0x44, 0x36, 0x08, 0x72, 0x1E,
    0xE9, 0x7C, 0x5A, 0x92, 0x1C, 0x11, 0x0B, 0xD3, 0x48, 0xBE, 0xC6, 0xBA, 0x9C, 0x03, 0x04, 0x11,
    0x27, 0xE9, 0xF0, 0x2A, 0x69, 0xE3, 0x27, 0x11, 0x35, 0x20, 0x97, 0xCC, 0x47, 0x44, 0x73, 0x68,
    0x84, 0x0F, 0x7B, 0x46, 0xB1, 0x60, 0xFB, 0xE0, 0x38, 0x0E, 0x55, 0x54, 0xC7, 0x27, 0xF1, 0x23,
    0x2E, 0x7F, 0xA0, 0x62, 0x68, 0x5F, 0xA5, 0x4F, 0xF1, 0x71, 0xBD, 0xBC, 0x2C, 0xC1, 0x62, 0x56,
    0xC7, 0xDE, 0x9D, 0xCB, 0xC7, 0x5E, 0x4E, 0x3C, 0xCE, 0xB0, 0xDA, 0xCC, 0xAD, 0xBC, 0x6A, 0xFC,
    0x6E, 0x11, 0x03, 0x99, 0x65, 0x78, 0x60, 0x48, 0x1E, 0x6A, 0xAE, 0x83, 0x7C, 0xDA, 0xC4, 0xEA,
    0x22, 0xB1, 0xA3, 0x24, 0xB7, 0x59, 0x23, 0x63, 0xBF, 0x0F, 0xF0, 0x7B, 0x7B, 0xE0, 0x7B, 0xB4,
    0x1C, 0x75, 0x9A, 0xB2, 0x6A, 0x48, 0xFB, 0x7C, 0xF4, 0x48, 0x34, 0xC7, 0x9C, 0x90, 0x1F, 0xA4,
    0x97, 0x71, 0xE3, 0x4F, 0x7B, 0x21, 0xBD, 0x61, 0xB8, 0x9C, 0xAF, 0xD0, 0xF9, 0xD4, 0x6D, 0xF7,
    0x27, 0x98, 0x2B, 0x2A, 0xFC, 0x07, 0x58, 0xF0, 0xBC, 0xBB, 0xEE, 0x90, 0x21, 0xC7, 0xC0, 0x7F,
    0x2F, 0x1E, 0x7E, 0xFF, 0x87, 0x1F, 0x35, 0x66, 0x23, 0x24, 0xAF, 0x47, 0x35, 0xD2, 0xEE, 0xE6,
    0xD3, 0xFC, 0x7E, 0x76, 0x3F, 0xF7, 0xD4, 0x11, 0x24, 0x7A, 0x12, 0x51, 0x63, 0x4A, 0x1D, 0x64,
    0x4B, 0xAF, 0x64, 0x96, 0x0F, 0xCF, 0x4F, 0xDB, 0x1C, 0xDE, 0x93, 0x59, 0x9E, 0x3C, 0x7D, 0xAB,
    0x35, 0x59, 0x93, 0x75, 0x90, 0x11, 0x3C, 0x85, 0x67, 0x08, 0xDE, 0x03, 0x80, 0x12, 0xF9, 0x97,
    0x28, 0x12, 0xE0, 0xE1, 0xD9, 0x58, 0xDA, 0xA4, 0x4D, 0x21, 0x63, 0x58, 0x91, 0x8D, 0x8F, 0x37,
    0x3C, 0x43, 0x45, 0x7F, 0x6F, 0x03, 0x59, 0x2B, 0x4F, 0xAA, 0x20, 0xEF, 0x3B, 0xE6, 0xE8, 0xFC,
    0xA5, 0x23, 0xDA, 0x1B, 0x59, 0xDF, 0x91, 0x29, 0x65, 0x2B, 0x7D, 0x09, 0x54, 0x4F, 0xBC, 0x3C,
    0xCA, 0x93, 0x75, 0x9D, 0x8D, 0xDE, 0x93, 0xEB, 0xD0, 0x5D, 0x3F, 0x42, 0x82, 0xE9, 0x04, 0xA6,
    0x01, 0x83, 0xBD, 0x84, 0x3B, 0x57, 0x65, 0x7E, 0x56, 0x7D, 0x35, 0x94, 0x77, 0x87, 0xF3, 0xF0,
    0xAA, 0xE1, 0xD4, 0x23, 0x6C, 0xB1, 0x40, 0x68, 0x46, 0x1E, 0x00, 0x98, 0x54, 0xFB, 0x56, 0xA3,
    0x2A, 0x17, 0x9B, 0xB3, 0xD4, 0x82, 0xB3, 0x03, 0xB7, 0xDA, 0x33, 0x59, 0x77, 0x23, 0xEA, 0x06,
    0x14, 0xE3, 0x08, 0x71, 0x08, 0x35, 0x73, 0x7F, 0xFA, 0x83, 0xF9, 0xFD, 0x95, 0x31, 0xA4, 0x77,
    0xE7, 0x86, 0xF9, 0xC9, 0x35, 0x8B, 0xFB, 0x3D, 0x59, 0x81, 0x05, 0x2D, 0xCF, 0xE5, 0x60, 0x5F,
    0xA8, 0x5B, 0x2D, 0x7C, 0x8D, 0xA7, 0x1E, 0x28, 0x40, 0xD3, 0xC7, 0x91, 0x16, 0x24, 0x19, 0xFD,
    0x81, 0x19, 0x70, 0x27, 0x70, 0x7F, 0x87, 0x59, 0xAD, 0x04, 0x3C, 0x76, 0x4A, 0x69, 0x05, 0x09,
    0x31, 0x34, 0xC4, 0x2E, 0x50, 0x84, 0x33, 0x0D, 0xC4, 0xBE, 0x07, 0xD4, 0xEC, 0xD3, 0xE9, 0x6E,
    0xA9, 0x78, 0xF4, 0xC5, 0xE3, 0x47, 0x26, 0x72, 0x1E, 0xC8, 0xBD, 0xAC, 0xBD, 0xD0, 0xA7, 0x53,
    0xA7, 0x31, 0xAE, 0x4B, 0xAB, 0x87, 0xA4, 0xC9, 0x2D, 0xD7, 0x4B, 0x61, 0xFF, 0xE0, 0xCA, 0x44,
    0x9D, 0x6A, 0x35, 0xB3, 0xC7, 0x4E, 0x63, 0x87, 0xAB, 0xFD, 0x3B, 0x88, 0x78, 0x37, 0xFA, 0x5D,
    0xCC, 0xDB, 0xEE, 0x51, 0x59, 0x70, 0x24, 0x4C, 0x8A, 0x6A, 0x82, 0xE2, 0x46, 0xE5, 0x89, 0x74,
    0x29, 0x3B, 0x48, 0x34, 0xF4, 0xA0, 0x31, 0x2E, 0x6B, 0x63, 0x24, 0x7F, 0xE1, 0xA8, 0x3D, 0xD6,
    0xF3, 0xBC, 0x65, 0x3A, 0x26, 0xC4, 0xE8, 0x9B, 0xC0, 0xA6, 0xAE, 0x04, 0x5A, 0xE9, 0x5A, 0xB7,
    0x79, 0x5F, 0x76, 0xCC, 0xBA, 0x52, 0xA2, 0xC9, 0xE1, 0x6E, 0xBA, 0x47, 0xED, 0x46, 0x9F, 0xB0,
    0x1B, 0xC6, 0x5C, 0x89, 0x99, 0xCD, 0xB2, 0x1B, 0x8B, 0x3C, 0x1A, 0xB3, 0xC7, 0xF4, 0x29, 0x38,
    0x0B, 0xE1, 0x50, 0x31, 0xBF, 0x7D, 0x73, 0x94, 0x55, 0x28, 0xFC, 0x39, 0x9F, 0x36, 0x54, 0x1E,
    0x78, 0x78, 0x3C, 0x13, 0xF7, 0x09, 0x94, 0x91, 0x1A, 0xFD, 0xC5, 0x06, 0x33, 0x6D, 0x39, 0x3C,
    0xA2, 0xC8, 0x99, 0xCD, 0x25, 0x77, 0x78, 0xBC, 0x8C, 0xB9, 0x71, 0x25, 0x35, 0x73, 0x01, 0x2C,
    0xC6, 0x33, 0xE7, 0x86, 0x73, 0x20, 0xF1, 0x47, 0x2D, 0x19, 0xFB, 0x87, 0x78, 0x85, 0x0E, 0x47,
    0x9D, 0x1B, 0x0E, 0x9F, 0xF2, 0x7A, 0xD9, 0x3B, 0xF1, 0x83, 0xE0, 0x02, 0xEC, 0x3A, 0xD7, 0xF9,
    0x84, 0xC1, 0x5F, 0xB8, 0x81, 0x04, 0xC2, 0xD6, 0x5F, 0xBD, 0x67, 0x11, 0xC5, 0xDD, 0x70, 0xF0,
    0x04, 0x3D, 0x8F, 0x75, 0x8E, 0x3C, 0xF4, 0xF9, 0x82, 0x5F, 0xC2, 0xED, 0x40, 0xB2, 0x21, 0x41,
    0xCC, 0xDA, 0x2F, 0x56, 0x01, 0x11, 0x2F, 0xA0, 0xEF, 0x7F, 0x01, 0xBD, 0x59, 0x3D, 0x70, 0xDD,
    0x54, 0x16, 0x3E, 0x92, 0xFC, 0xA2, 0x04, 0xCD, 0x22, 0x17, 0xF6, 0x2C, 0x24, 0x80, 0x52, 0xEC,
    0xEC, 0x64, 0x98, 0x4C, 0x94, 0xC2, 0x85, 0x77, 0x27, 0xB6, 0x2E, 0x93, 0x22, 0xC5, 0x16, 0x71,
    0x11, 0x0F, 0x05, 0x33, 0x1B, 0x8A, 0x2D, 0x16, 0x28, 0x68, 0x28, 0x28, 0x6C, 0x5F, 0xED, 0xA4,
    0xA0, 0xD8, 0x02, 0x17, 0x0C, 0x75, 0x0A, 0x8A, 0xC5, 0x14, 0x50, 0x6C, 0x91, 0xC2, 0x46, 0x0A,
    0x14, 0x29, 0x28, 0xA2, 0x61, 0x67, 0x67, 0x4B, 0x34, 0xC3, 0xB2, 0xCC, 0x40, 0x61, 0x01, 0x5A,
    0x22, 0x40, 0xD2, 0xDD, 0xEF, 0xBB, 0x7A, 0xB2, 0x13, 0x7E, 0x17, 0xEC, 0xF8, 0xBD, 0x77, 0xCF,
    0x7D, 0x4F, 0xBA, 0x3A, 0xF7, 0xDC, 0x73, 0xCF, 0xF9, 0xCE, 0x39, 0xF7, 0x4D, 0x24, 0xC9, 0x93,
    0x22, 0xCE, 0x05, 0xAF, 0x30, 0x0D, 0xF3, 0xE9, 0xBB, 0x98, 0xBE, 0xCB, 0xA8, 0x8C, 0x70, 0xF7,
    0xA4, 0xE2, 0x7D, 0x71, 0x0B, 0x11, 0x8F, 0x2D, 0x1F, 0x9A, 0xFF, 0x6F, 0x91, 0xCC, 0x28, 0xCF,
    0x98, 0x3C, 0xFC, 0xF0, 0x76, 0x1E, 0xBD, 0x7B, 0x2B, 0x8F, 0x2F, 0xFE, 0x45, 0x92, 0x8B, 0xE9,
    0x7E, 0x7B, 0x29, 0x95, 0xF8, 0x56, 0x2A, 0xD1, 0x37, 0xAF, 0xE6, 0x01, 0xC6, 0xB9, 0xC6, 0x28,
    0x39, 0xB5, 0x29, 0x12, 0xA8, 0x7B, 0xDB, 0x03, 0x9C, 0x60, 0x15, 0x3C, 0x4D, 0x21, 0x91, 0xA9,
    0xF0, 0x70, 0x2D, 0xDA, 0xAD, 0xE5, 0x6D, 0x67, 0x53, 0x3A, 0xDC, 0x42, 0x4B, 0x8C, 0x41, 0xEB,
    0xC5, 0x6D, 0xC5, 0x36, 0xAF, 0x41, 0xAB, 0x44, 0x9E, 0xFB, 0x7A, 0xAB, 0xCA, 0x8C, 0xA9, 0x70,
    0xBF, 0x3C, 0x21, 0x13, 0x2B, 0xEA, 0x82, 0xB8, 0xE9, 0x4E, 0xB6, 0x9B, 0xC7, 0x98, 0x2F, 0xF8,
    0xA8, 0x93, 0x30, 0xDF, 0xC0, 0xFA, 0x96, 0x87, 0x56, 0xEC, 0x60, 0x8A, 0x1E, 0xA2, 0xEF, 0xE6,
    0x2F, 0x3E, 0xEC, 0xD9, 0xB5, 0xDB, 0x57, 0x66, 0x42, 0xA3, 0x74, 0x17, 0xF4, 0x12, 0xD4, 0x98,
    0xDA, 0x6B, 0xBD, 0x52, 0x9C, 0x2E, 0xC0, 0x00, 0x13, 0xA6, 0x12, 0x18, 0xDD, 0x40, 0x3C, 0x53,
    0x43, 0x53, 0x9C, 0x7D, 0xB7, 0xAF, 0x04, 0x4B, 0x87, 0x00, 0x3E, 0x2E, 0x0D, 0x24, 0x68, 0x2C,
    0x1B, 0x3E, 0x41, 0xB2, 0x33, 0x7D, 0x3D, 0x43, 0xEE, 0xEB, 0xE3, 0x2F, 0xFE, 0xD0, 0xA5, 0x6B,
    0xDA, 0x20, 0x6D, 0x23, 0xB5, 0x06, 0xE5, 0x27, 0xB5, 0x2C, 0x19, 0xB9, 0xA0, 0xCB, 0xE5, 0xA0,
    0x89, 0xD2, 0x2E, 0xA8, 0xCF, 0xB9, 0x26, 0x14, 0x7D, 0x1B, 0x73, 0x9E, 0x90, 0x3E, 0x91, 0xED,
    0x44, 0x35, 0xB1, 0x29, 0x03, 0xE8, 0x6E, 0x96, 0x4F, 0xC7, 0x97, 0xCA, 0xE4, 0xE5, 0x2A, 0xF9,
    0x43, 0x39, 0xE3, 0x28, 0x71, 0x5E, 0xE7, 0x15, 0x88, 0xE5, 0xD4, 0x72, 0x8E, 0xFB, 0xE2, 0xA7,
    0xA1, 0x6C, 0x3D, 0x51, 0x3C, 0xEA, 0x9B, 0xFC, 0xAD, 0x0B, 0xE1, 0xC5, 0xFC, 0x85, 0xC5, 0xD8,
    0x55, 0x8B, 0x0B, 0xCB, 0x22, 0x96, 0x5C, 0xB0, 0xDF, 0x16, 0x63, 0x90, 0xB3, 0xD1, 0x27, 0xF9,
    0x0B, 0x18, 0x97, 0x56, 0xA1, 0x5C, 0x71, 0x0B, 0x3C, 0x1B, 0xA4, 0xF2, 0x95, 0xAC, 0x0B, 0xF4,
    0x53, 0x0E, 0xFB, 0xF1, 0x40, 0x29, 0x49, 0x2B, 0x6B, 0x17, 0x44, 0x96, 0xE4, 0x54, 0x27, 0xEB,
    0xEB, 0x72, 0x63, 0x89, 0x2B, 0x8C, 0x5F, 0xA6, 0x4D, 0x3C, 0xFE, 0x86, 0xCA, 0xCC, 0x9E, 0xFE,
    0xD6, 0xBC, 0xC2, 0x6D, 0xA2, 0x3C, 0xA8, 0xB4, 0x24, 0xEF, 0x74, 0xD8, 0xC2, 0x06, 0x7D, 0x2B,
    0x61, 0x99, 0x61, 0xAF, 0xB0, 0xCC, 0x6D, 0xBF, 0xE0, 0xB0, 0x67, 0xB7, 0xFE, 0x96, 0x99, 0x0E,
    0x1F, 0xE1, 0x4C, 0xC3, 0x67, 0x2E, 0x36, 0x2A, 0x31, 0x69, 0x82, 0x15, 0x72, 0x03, 0x33, 0x68,
    0x3A, 0x8D, 0xE4, 0x57, 0xAB, 0x5E, 0x7A, 0xE6, 0xED, 0x22, 0x5F, 0x58, 0xAC, 0xCA, 0xF3, 0xBF,
    0x2B, 0xAE, 0x9F, 0x4F, 0xD2, 0xB7, 0xCE, 0xFF, 0xBE, 0xB8, 0xBE, 0xB8, 0x5E, 0x17, 0x8F, 0x5C,
    0xF9, 0x6D, 0x1E, 0x88, 0xAF, 0xDC, 0x8F, 0xA0, 0xD0, 0x93, 0x9B, 0xA2, 0x4D, 0x9A, 0x99, 0x74,
    0x1E, 0x22, 0xAF, 0x48, 0xD8, 0xC3, 0x50, 0xD4, 0x4E, 0x98, 0xB7, 0x41, 0xDE, 0x04, 0x39, 0xBE,
    0x68, 0xA3, 0xA2, 0x4E, 0x9C, 0x15, 0x91, 0x3F, 0x8B, 0x6C, 0x4F, 0x3F, 0xAB, 0x3B, 0x57, 0xA6,
    0x82, 0x6C, 0xEF, 0x5F, 0x94, 0x39, 0x99, 0x5F, 0x1D, 0xAF, 0x8B, 0x38, 0xAF, 0x40, 0xB7, 0xA2,
    0xB3, 0x74, 0x3B, 0x4A, 0xCF, 0x44, 0x30, 0x68, 0x9A, 0xA2, 0x57, 0xC3, 0xA0, 0x44, 0x6F, 0x61,
    0xC6, 0xFC, 0xF1, 0x2D, 0x35, 0x8C, 0xD9, 0xD0, 0x6A, 0x21, 0x56, 0xA2, 0xC5, 0x6F, 0xB1, 0x6F,
    0xD8, 0x12, 0x58, 0x7D, 0xEA, 0x64, 0x2A, 0x83, 0x30, 0x54, 0x26, 0x4C, 0x3C, 0x4C, 0x63, 0xA5,
    0x31, 0xC7, 0x69, 0x11, 0x25, 0x0A, 0x9E, 0x87, 0xB7, 0x4E, 0x7F, 0xF4, 0x9D, 0x67, 0xA9, 0xFE,
    0xD2, 0x14, 0xDA, 0x7C, 0xDA, 0x6B, 0x73, 0xAD, 0xD5, 0x73, 0xB2, 0xA2, 0x69, 0x3F, 0x6A, 0x68,
    0x19, 0x9A, 0xB5, 0x2E, 0x67, 0x75, 0xC5, 0x81, 0x31, 0xC2, 0xC7, 0x36, 0x63, 0x73, 0x15, 0xCB,
    0xBF, 0x0A, 0x8D, 0x5C, 0xC5, 0x4E, 0x0D, 0x4D, 0x4F, 0xAF, 0x45, 0x68, 0xFE, 0xEE, 0x55, 0x98,
    0xF0, 0x0F, 0xB5, 0x3F, 0xA2, 0x3D, 0x84, 0x06, 0x9E, 0xC7, 0xB1, 0x08, 0xC9, 0xF2, 0x2C, 0x4F,
    0x30, 0xCB, 0x39, 0xC9, 0x88, 0x0F, 0x6A, 0x43, 0x7E, 0x23, 0xB0, 0x42, 0x98, 0x3B, 0xAC, 0xF6,
    0x54, 0x2D, 0xEE, 0xB7, 0x3E, 0x0D, 0x55, 0xFF, 0xF8, 0x96, 0x1C, 0x6B, 0xA8, 0x94, 0xB5, 0x28,
    0x6D, 0x42, 0xEE, 0x01, 0x76, 0x62, 0x3B, 0xC4, 0x16, 0x0F, 0x2E, 0x22, 0x27, 0xDF, 0xC0, 0xB0,
    0xD1, 0x6E, 0x6E, 0xF8, 0x50, 0x26, 0x74, 0x1A, 0xDF, 0xEC, 0xE0, 0x79, 0x3A, 0xA5, 0xB1, 0xB0,
    0x8F, 0x0A, 0xA8, 0x0E, 0xD7, 0xA7, 0x76, 0x73, 0xF7, 0x6B, 0x51, 0x68, 0xEE, 0xDC, 0x2E, 0x48,
    0x21, 0x8D, 0xED, 0x5C, 0xB8, 0x22, 0x24, 0xE0, 0x60, 0xD7, 0x6E, 0x10, 0xBB, 0x48, 0xD9, 0x2E,
    0x81, 0x91, 0xA1, 0x5B, 0x73, 0x3A, 0x76, 0x8D, 0xD7, 0x41, 0xB8, 0x27, 0xAA, 0x70, 0x07, 0x52,
    0x5C, 0x2C, 0xE3, 0x25, 0xBA, 0x6E, 0xBE, 0xC6, 0x2E, 0x54, 0x35, 0xBB, 0x04, 0x40, 0x55, 0xD0,
    0x32, 0x6D, 0xD7, 0xD2, 0xFA, 0xF9, 0x20, 0x3B, 0x42, 0xCE, 0x9C, 0x70, 0x07, 0xEF, 0x7D, 0x55,
    0x56, 0x24, 0x4A, 0x05, 0x59, 0x38, 0x28, 0xD9, 0x97, 0x25, 0xB5, 0x5D, 0x2C, 0xB6, 0x5B, 0x1E,
    0xBA, 0xED, 0xC8, 0xCA, 0x52, 0x6B, 0x83, 0xCE, 0xAD, 0xDA, 0x44, 0xC5, 0xE6, 0x62, 0x71, 0x23,
    0x86, 0x92, 0x2E, 0xE7, 0xB4, 0x33, 0x89, 0x2C, 0xEC, 0x61, 0xBC, 0x47, 0x6C, 0xD9, 0x06, 0x70,
    0x09, 0xD7, 0xAA, 0x57, 0x15, 0xD7, 0x4A, 0x84, 0xF1, 0x4B, 0xEC, 0x2E, 0xA0, 0x69, 0x8A, 0x61,
    0xF7, 0x88, 0x84, 0x1F, 0x2F, 0x82, 0x47, 0x6F, 0xC5, 0xD7, 0x99, 0xA2, 0x64, 0x2F, 0xC4, 0x8A,
    0x92, 0x81, 0x3B, 0x1F, 0x39, 0xD6, 0x5A, 0xC9, 0xE0, 0x2D, 0x94, 0xCC, 0x89, 0x81, 0x8D, 0x74,
    0xFD, 0x74, 0x1B, 0x5A, 0x82, 0x75, 0xD5, 0xD0, 0x92, 0xEE, 0x5D, 0x6A, 0x49, 0xD7, 0x7E, 0x01,
    0x2D, 0x4D, 0x30, 0xDE, 0x6A, 0x29, 0x12, 0xAB, 0xA5, 0xE5, 0x41, 0x4B, 0xDB, 0x83, 0x96, 0x9A,
    0x3D, 0xF5, 0xB0, 0x2B, 0x07, 0x2D, 0xA5, 0x56, 0x16, 0x7C, 0x33, 0xE3, 0x67, 0x78, 0x3D, 0x46,
    0xDB, 0x72, 0x32, 0x09, 0x81, 0xE9, 0x80, 0xE2, 0xCD, 0xA9, 0xF3, 0xAD, 0x41, 0xB6, 0x27, 0xD2,
    0xC8, 0x14, 0x81, 0x29, 0x1D, 0xB3, 0x0F, 0xCD, 0x0F, 0x92, 0x44, 0xFC, 0x1D, 0xD1, 0x7E, 0x7C,
    0xEA, 0x45, 0x1E, 0xDE, 0xBB, 0x7D, 0x92, 0x84, 0xBC, 0x1D, 0x00, 0x08, 0x50, 0x39, 0x9F, 0x92,
    0xE0, 0x03, 0xC8, 0x15, 0xBE, 0x0C, 0x91, 0xE2, 0xCB, 0xDC, 0x11, 0x1F, 0x0F, 0x6F, 0x78, 0xD0,
    0x47, 0xF7, 0x64, 0x47, 0x8C, 0x46, 0x30, 0x31, 0x88, 0x2A, 0x90, 0xD9, 0x28, 0xE8, 0x52, 0x23,
    0xF2, 0x49, 0x52, 0x64, 0x2D, 0xC0, 0xD9, 0x74, 0x9E, 0x69, 0xA7, 0xEC, 0x3D, 0xAE, 0xC2, 0x06,
    0x49, 0xCB, 0xB9, 0xE7, 0x06, 0xAA, 0xA3, 0x9A, 0x9C, 0xBD, 0x47, 0xCE, 0xC1, 0x07, 0x60, 0x1A,
    0x5F, 0x04, 0xAB, 0xB3, 0xB2, 0x79, 0xDF, 0x27, 0x9F, 0x28, 0xF0, 0x8B, 0x3E, 0x2F, 0x18, 0x77,
    0x41, 0xCE, 0x26, 0x60, 0x3A, 0x33, 0x39, 0xA2, 0x45, 0x27, 0xB8, 0x25, 0xDA, 0x32, 0x20, 0x99,
    0x77, 0xD4, 0xFD, 0x9F, 0xF7, 0x4F, 0x56, 0xCF, 0x84, 0x80, 0xCB, 0xE0, 0x1C, 0xFA, 0xF4, 0x8C,
    0xBF, 0xE2, 0x9B, 0xCF, 0xED, 0x46, 0x50, 0xB9, 0xAF, 0x93, 0xAF, 0xAE, 0xAE, 0x5E, 0x21, 0x6F,
    0x0E, 0x13, 0x79, 0x7E, 0xE8, 0x42, 0x73, 0x93, 0x58, 0x9F, 0xE8, 0x9C, 0xFE, 0xB9, 0x91, 0xE4,
    0xC7, 0x69, 0x0E, 0xDC, 0x08, 0xC0, 0xAC, 0xED, 0x3C, 0x24, 0x3D, 0x70, 0xEB, 0xA0, 0x48, 0x98,
    0x87, 0x84, 0xFF, 0xD4, 0x9F, 0x5C, 0xB7, 0x79, 0x12, 0xEF, 0x69, 0x74, 0x13, 0x9A, 0x4F, 0x02,
    0xD4, 0x26, 0x2C, 0xE7, 0x91, 0x02, 0x90, 0xE8, 0x4F, 0x32, 0x00, 0x8D, 0x67, 0x6C, 0x32, 0xE5,
    0xDB, 0x89, 0x8E, 0xF5, 0x0A, 0x30, 0x52, 0x31, 0x99, 0x09, 0x6B, 0xAF, 0x8A, 0x0B, 0xB0, 0xCD,
    0xDD, 0x72, 0x8C, 0x2F, 0x66, 0xBA, 0x68, 0xAE, 0x19, 0x60, 0x83, 0x88, 0x00, 0xE6, 0xB4, 0x8B,
    0x46, 0xE6, 0x22, 0xE4, 0x43, 0x3E, 0x93, 0x20, 0xC2, 0x10, 0xC3, 0x2B, 0x37, 0xCE, 0x42, 0x7C,
    0x33, 0x20, 0x74, 0x80, 0xDF, 0xC7, 0xA6, 0x7B, 0xB7, 0xC0, 0xC8, 0xCE, 0x86, 0x87, 0x23, 0x42,
    0xDA, 0xD3, 0xF6, 0xF2, 0x3C, 0xD6, 0x0E, 0x99, 0x5B, 0xE4, 0x6A, 0xAD, 0xD7, 0x39, 0x2D, 0x14,
    0xB7, 0x86, 0xB6, 0x40, 0x05, 0xDA, 0x86, 0x85, 0xD8, 0xD6, 0x6F, 0xA9, 0xE9, 0xB5, 0x59, 0xB4,
    0x0B, 0x68, 0xDB, 0xB8, 0x66, 0x9F, 0xC3, 0xF3, 0xCD, 0x30, 0xC9, 0xA3, 0xC3, 0x24, 0x3E, 0x24,
    0x0E, 0x71, 0xE9, 0x84, 0x1C, 0xFE, 0x1C, 0x84, 0x38, 0xA6, 0x80, 0x09, 0x76, 0xA7, 0x05, 0x82,
    0x5E, 0x77, 0x0F, 0x7F, 0x8E, 0x36, 0x56, 0x6E, 0x97, 0xE4, 0x4E, 0x9B, 0xA4, 0xB2, 0x32, 0x39,
    0x6C, 0xFE, 0x0F, 0x5A, 0x38, 0xC3, 0x1E, 0x10, 0x48, 0x1F, 0x1A, 0x98, 0x23, 0xEE, 0x14, 0xB1,
    0x49, 0x31, 0xFA, 0xA7, 0x3F, 0x0C, 0x9F, 0x85, 0xC5, 0x05, 0x4C, 0xA3, 0xC8, 0x8B, 0xD3, 0x4E,
    0x41, 0xF1, 0x97, 0xB3, 0x6A, 0xE9, 0x80, 0x80, 0xB9, 0xD8, 0x2B, 0xCF, 0xD8, 0xC8, 0xF1, 0x8B,
    0x59, 0x25, 0x7E, 0x01, 0xF8, 0xD0, 0x97, 0xCB, 0x39, 0x0B, 0x1D, 0xBF, 0x8C, 0xCF, 0xE4, 0xD9,
    0xD7, 0xAD, 0x37, 0x21, 0x72, 0x5B, 0xF7, 0x6D, 0x8F, 0x61, 0x95, 0x2D, 0x6C, 0x1F, 0x24, 0xAE,
    0x40, 0x42, 0x4B, 0xEA, 0xE7, 0xFA, 0xD7, 0x42, 0x84, 0xF1, 0x26, 0x64, 0xC4, 0x0C, 0xF7, 0x6E,
    0x44, 0xA5, 0x47, 0xE7, 0x03, 0xC9, 0x52, 0xAF, 0x7F, 0xAE, 0x27, 0x97, 0x9A, 0x15, 0xCC, 0x08,
    0x66, 0x0E, 0x21, 0x16, 0xCF, 0x33, 0x22, 0xB3, 0xE6, 0xC1, 0xBE, 0xC4, 0x56, 0x0F, 0xFB, 0x30,
    0x3B, 0x7F, 0x05, 0xB2, 0x8B, 0xEE, 0xE0, 0x5F, 0x36, 0x0F, 0x45, 0xEE, 0x69, 0x52, 0x9F, 0x85,
    0x47, 0x61, 0x69, 0x65, 0x69, 0x43, 0x7A, 0xA7, 0x23, 0xFD, 0xDC, 0x90, 0x56, 0xE6, 0x16, 0x69,
    0xF2, 0x31, 0x69, 0x7C, 0x87, 0x34, 0x34, 0xA4, 0x9E, 0xA5, 0x0E, 0x28, 0x86, 0xB1, 0xCC, 0x02,
    0x0A, 0x54, 0x80, 0x0A, 0x89, 0xAA, 0x7B, 0x26, 0x3E, 0x6B, 0x51, 0x98, 0x5B, 0x90, 0xF0, 0x46,
    0x60, 0x71, 0xF9, 0xA1, 0xF1, 0xEE, 0xB1, 0xAF, 0x09, 0x0D, 0x58, 0x0C, 0xCC, 0x0D, 0x2B, 0x6E,
    0xE0, 0x6C, 0x10, 0x1C, 0xE9, 0x7B, 0x0E, 0x70, 0xD0, 0x29, 0xB1, 0x4D, 0x81, 0x98, 0x6F, 0x11,
    0xDC, 0x40, 0x32, 0x09, 0xA2, 0x31, 0x4E, 0x25, 0x10, 0x03, 0xE9, 0xC9, 0x53, 0xAD, 0x58, 0x00,
    0xB1, 0x08, 0x22, 0x93, 0x95, 0xBD, 0xA5, 0x07, 0xA3, 0x08, 0x2E, 0x81, 0xC7, 0x46, 0xFC, 0xFD,
    0xA0, 0x7B, 0x14, 0x12, 0xB8, 0x36, 0xD3, 0x20, 0xFA, 0x47, 0x6F, 0xE2, 0xC6, 0x06, 0x53, 0xA6,
    0x17, 0xDD, 0xF4, 0x68, 0x24, 0x98, 0x38, 0x5C, 0xFD, 0x3F, 0x08, 0xB5, 0x44, 0xF3, 0x45, 0x02,
    0xB1, 0x4D, 0xA8, 0x8E, 0x6C, 0xF9, 0x1B, 0xCC, 0xA0, 0x4D, 0x54, 0x90, 0xE0, 0xDB, 0xDC, 0xE4,
    0x68, 0x26, 0x9F, 0x91, 0xD9, 0x73, 0x52, 0x27, 0xD7, 0x9A, 0x70, 0xB7, 0x84, 0xAD, 0x63, 0x14,
    0x28, 0xBE, 0xE3, 0xCA, 0xB2, 0xD4, 0xC7, 0x11, 0x88, 0x9D, 0x6C, 0xF3, 0x34, 0x9C, 0xA1, 0x63,
    0xDA, 0x89, 0xA8, 0xD5, 0x3B, 0xC8, 0x16, 0xE1, 0x57, 0x65, 0x88, 0x28, 0x54, 0x45, 0x28, 0xAC,
    0xEB, 0xB8, 0x08, 0x6E, 0xD7, 0x49, 0x11, 0x87, 0x20, 0xDB, 0x20, 0xEF, 0x23, 0xAE, 0x25, 0x9F,
    0xE6, 0x61, 0x05, 0x17, 0x0A, 0xAB, 0x08, 0xDE, 0x5B, 0x84, 0x36, 0x2E, 0x9A, 0x57, 0xE9, 0x56,
    0x08, 0xC0, 0x6B, 0x28, 0xAF, 0x65, 0xD6, 0xB9, 0x32, 0xAE, 0xD1, 0xA7, 0xBA, 0x19, 0xBB, 0x24,
    0xB0, 0x55, 0xA0, 0xCD, 0x5B, 0xC7, 0x38, 0x06, 0x34, 0x61, 0x85, 0x78, 0xD3, 0xA0, 0x24, 0x53,
    0x59, 0x83, 0x68, 0x1F, 0x16, 0xFF, 0x37, 0x01, 0x2E, 0x58, 0xFC, 0xC8, 0x81, 0x15, 0x88, 0xB2,
    0x90, 0x40, 0xD9, 0x0C, 0xC1, 0x96, 0xF0, 0xB6, 0xE4, 0x1E, 0xD1, 0x81, 0x50, 0x10, 0x54, 0xF6,
    0xB0, 0x40, 0x86, 0xC8, 0xBB, 0x97, 0xF6, 0x1D, 0x8D, 0x04, 0x5A, 0xC6, 0x8C, 0xF7, 0x0E, 0x23,
    0xDE, 0xCD, 0x86, 0x35, 0xEC, 0xD3, 0x47, 0x28, 0x41, 0xF8, 0x0E, 0x7E, 0xC6, 0xEF, 0x62, 0xDE,
    0x88, 0x64, 0x22, 0x2B, 0x47, 0xB9, 0x7C, 0x7F, 0x04, 0x20, 0xE7, 0xBB, 0x00, 0x34, 0xBF, 0xEA,
    0xAC, 0xAA, 0xCC, 0xBC, 0x64, 0x4A, 0x54, 0x48, 0x26, 0x05, 0x3E, 0xF6, 0xC2, 0x98, 0x8C, 0xB1,
    0x2C, 0xD6, 0xCC, 0x25, 0x6C, 0x59, 0x72, 0x9B, 0xF9, 0xFA, 0x2E, 0xF3, 0x48, 0x33, 0xD6, 0x2C,
    0x5E, 0xFB, 0x3D, 0x84, 0x37, 0x12, 0x1E, 0xB8, 0x68, 0x10, 0xAC, 0xCD, 0x66, 0xDC, 0xA7, 0xFA,
    0x31, 0xAA, 0xF7, 0x3C, 0x61, 0x43, 0x40, 0x89, 0x10, 0xF1, 0xF9, 0x76, 0xBB, 0xA1, 0xF1, 0xED,
    0xA3, 0x94, 0xCD, 0x98, 0xB9, 0x21, 0xC2, 0xBC, 0x62, 0xC7, 0x47, 0xD8, 0x30, 0x1B, 0x03, 0x9D,
    0x67, 0xB8, 0xA4, 0x82, 0x99, 0x9D, 0xDB, 0x05, 0xB5, 0xD7, 0x78, 0xB5, 0x5F, 0x7B, 0x75, 0x80,
    0x90, 0x11, 0x54, 0x71, 0x1A, 0x54, 0x3B, 0xB0, 0xAE, 0x16, 0xAD, 0x47, 0x33, 0x3C, 0xB5, 0xC1,
    0xF5, 0xA8, 0x0D, 0xE0, 0x51, 0xB0, 0x3A, 0x13, 0x7C, 0x96, 0xF7, 0xC1, 0x17, 0x65, 0xA7, 0xBF,
    0x30, 0x6D, 0xF6, 0x19, 0xA5, 0x9B, 0xB7, 0xCB, 0x27, 0x0A, 0xD2, 0x2A, 0x79, 0xFA, 0xC6, 0x8A,
    0x8D, 0xA7, 0x04, 0x83, 0x4A, 0x98, 0x74, 0x95, 0x56, 0x8B, 0xFA, 0x12, 0xA2, 0x24, 0x84, 0x99,
    0x50, 0xA0, 0x5F, 0xF3, 0x38, 0x04, 0xDE, 0xF6, 0x0D, 0xE2, 0x20, 0x7E, 0x1B, 0xB6, 0xA7, 0x18,
    0xD0, 0x4C, 0x1E, 0x37, 0x46, 0x39, 0x6A, 0x6E, 0xF0, 0x2C, 0x96, 0xA2, 0x71, 0x2A, 0xB6, 0xF2,
    0x25, 0xDF, 0xD3, 0x87, 0xC0, 0x77, 0x06, 0xCF, 0xBF, 0x3D, 0xA4, 0xAE, 0xDE, 0xA7, 0xB9, 0x04,
    0xEF, 0x56, 0x12, 0x4A, 0x79, 0x60, 0xBE, 0x6E, 0xAA, 0x6C, 0xD8, 0x66, 0xD0, 0x7E, 0x90, 0x08,
    0xE9, 0x1C, 0x82, 0xAC, 0x8C, 0x33, 0xD7, 0x2A, 0x89, 0x6F, 0x21, 0xDD, 0x40, 0xF4, 0x76, 0xC6,
    0x6A, 0xFE, 0x20, 0x3C, 0x77, 0x68, 0x3F, 0xA9, 0xF8, 0xD7, 0xF2, 0xA1, 0xDD, 0xCA, 0x11, 0x4D,
    0xA7, 0x81, 0xE4, 0x20, 0x7C, 0xE7, 0xC1, 0xC1, 0x37, 0xB7, 0x0C, 0xCF, 0x57, 0x4D, 0xA5, 0x2F,
    0xF5, 0x41, 0x8D, 0xE7, 0xBD, 0x66, 0xDE, 0x6B, 0xE0, 0x5F, 0xA7, 0x80, 0xA8, 0x01, 0x5C, 0xEA,
    0xB5, 0xE4, 0x63, 0x18, 0x49, 0xC6, 0xB3, 0x5A, 0xE3, 0xC0, 0x9C, 0xCD, 0x93, 0xE6, 0x3F, 0x37,
    0xC0, 0x07, 0x00, 0xDD, 0x07, 0xA6, 0x40, 0x66, 0x06, 0xBC, 0x9D, 0x30, 0x98, 0x30, 0xF1, 0xEB,
    0xA1, 0x52, 0x84, 0x84, 0x42, 0xC3, 0x2B, 0x17, 0x85, 0xE5, 0xCD, 0x5E, 0x83, 0x86, 0xE3, 0x8A,
    0x67, 0x19, 0x6F, 0x40, 0x34, 0x03, 0x1F, 0xEB, 0x86, 0xE7, 0x78, 0xB8, 0xC3, 0x8C, 0x89, 0x87,
    0x0D, 0x3E, 0x9D, 0x4D, 0x0D, 0x49, 0x0A, 0x31, 0x0A, 0x5E, 0xE8, 0xB4, 0x53, 0x10, 0x8B, 0x98,
    0x45, 0x4C, 0xB7, 0xC8, 0xCE, 0xD7, 0x30, 0x76, 0xF1, 0x60, 0x52, 0x45, 0x79, 0x92, 0xDA, 0xB7,
    0x31, 0x43, 0x4B, 0xF7, 0xE7, 0x8C, 0xBE, 0x7E, 0x4A, 0x85, 0xC6, 0x28, 0x77, 0x9C, 0x4F, 0x78,
    0xA6, 0x54, 0x4D, 0x0B, 0x00, 0x96, 0x7C, 0x6A, 0xAF, 0xC0, 0x38, 0x18, 0x5F, 0x9A, 0x7F, 0x3E,
    0xE4, 0x5A, 0x3B, 0x50, 0x59, 0xBD, 0x26, 0x6E, 0x79, 0xF6, 0x50, 0xF8, 0x7A, 0x70, 0x73, 0xBF,
    0x06, 0x38, 0x55, 0xB8, 0xA6, 0x66, 0x0F, 0xCC, 0xF3, 0xB8, 0x75, 0x50, 0x8C, 0xC0, 0xFA, 0xA9,
    0x8A, 0x69, 0x38, 0x90, 0xB8, 0x11, 0xDD, 0xB0, 0xF2, 0xF3, 0x7F, 0xE0, 0x63, 0x0F, 0x78, 0x15,
    0x0F, 0x0F, 0x97, 0x78, 0xAC, 0xE5, 0x34, 0xDC, 0x35, 0x27, 0xFD, 0x99, 0x8F, 0x0B, 0xCF, 0xC2,
    0x60, 0x62, 0xA1, 0x96, 0xE5, 0x30, 0xBD, 0xE0, 0xAB, 0x9F, 0xFB, 0xF8, 0x7A, 0x94, 0x9A, 0x38,
    0xEF, 0xE3, 0x7C, 0xD6, 0xF9, 0xD9, 0x53, 0xC3, 0xB8, 0x1E, 0x81, 0x41, 0xB5, 0x43, 0x44, 0xE6,
    0xC1, 0xE3, 0x97, 0xED, 0xB4, 0x36, 0x4E, 0x58, 0x41, 0xE7, 0x48, 0x65, 0x0A, 0x54, 0x02, 0xFC,
    0xCF, 0x04, 0x15, 0x74, 0xF8, 0x9D, 0x16, 0xE3, 0x4E, 0xD4, 0xE8, 0x7C, 0x30, 0xE2, 0x66, 0xD8,
    0x88, 0x07, 0x6C, 0xA6, 0xF7, 0xAF, 0x94, 0xF0, 0x0F, 0xB2, 0xC0, 0x0A, 0xD9, 0x02, 0x97, 0x7D,
    0xAD, 0xC0, 0x4D, 0xE3, 0xCF, 0x01, 0xE3, 0x9A, 0x69, 0xD2, 0x29, 0xF3, 0x26, 0x45, 0xB2, 0x72,
    0x79, 0x3F, 0x45, 0xE2, 0x3E, 0xA4, 0xE4, 0x11, 0x64, 0x3F, 0x3D, 0x3D, 0x47, 0xEA, 0x07, 0x51,
    0x2D, 0x88, 0x8F, 0xBA, 0x67, 0xD2, 0x95, 0xF5, 0xB6, 0x7A, 0x84, 0xEC, 0x05, 0x24, 0xFC, 0x5E,
    0xD9, 0x13, 0xFE, 0x17, 0x34, 0x95, 0xDD, 0x1D, 0x65, 0xB7, 0x09, 0x49, 0x6D, 0x37, 0xC5, 0x56,
    0xFE, 0xC4, 0xF0, 0x31, 0x4B, 0x3A, 0x10, 0x5F, 0x19, 0x1C, 0x8C, 0x55, 0xC9, 0x12, 0x04, 0x47,
    0xEA, 0x27, 0xD5, 0xA3, 0x07, 0xE7, 0x7B, 0x06, 0x7A, 0x35, 0x8F, 0xE1, 0x77, 0x2F, 0xCE, 0xFB,
    0x54, 0xC8, 0xEC, 0xA1, 0xC8, 0xEA, 0xD4, 0x1B, 0x88, 0xBD, 0xFC, 0x97, 0x03, 0x9B, 0xA7, 0x66,
    0x0E, 0x85, 0xE7, 0x8E, 0xDD, 0xAD, 0x8E, 0x22, 0x0E, 0x7F, 0x98, 0x80, 0xCA, 0x10, 0x1A, 0xC7,
    0xEB, 0xD3, 0x29, 0xDE, 0xB2, 0x07, 0x37, 0x15, 0xA7, 0xA0, 0xD9, 0x65, 0x55, 0xF2, 0x8E, 0xA9,
    0x92, 0xF7, 0xDE, 0xAB, 0x92, 0x5D, 0xB0, 0x6F, 0x61, 0x76, 0x55, 0x58, 0x46, 0x75, 0x42, 0xB0,
    0x96, 0xA5, 0x71, 0x0A, 0x5B, 0xCC, 0x2D, 0xED, 0xA5, 0x79, 0xF6, 0x74, 0x73, 0x38, 0x67, 0x4F,
    0xEF, 0x3E, 0x45, 0x8E, 0xF1, 0x34, 0xD2, 0xEA, 0x0C, 0xC1, 0xAE, 0xC2, 0x6E, 0x84, 0x98, 0xE8,
    0x47, 0x48, 0x0D, 0x12, 0xF4, 0x99, 0xFD, 0x63, 0x0C, 0xA1, 0xC2, 0x7C, 0x68, 0xC6, 0xC3, 0xBB,
    0xD3, 0x53, 0xD9, 0x07, 0x50, 0xB6, 0x07, 0xDA, 0xFC, 0x2B, 0xF1, 0xEE, 0x73, 0xD4, 0x43, 0x9C,
    0xCD, 0xA6, 0x6F, 0x4C, 0x9D, 0x79, 0x04, 0x24, 0xF1, 0x3A, 0x1D, 0x9F, 0x67, 0x68, 0x7F, 0x0F,
    0xEE, 0xD7, 0x6C, 0x2D, 0x62, 0x8F, 0xD3, 0x11, 0x39, 0x5B, 0x3A, 0xD8, 0xEC, 0xCC, 0xFD, 0x98,
    0xC8, 0x82, 0x6D, 0x33, 0x96, 0xA6, 0xF6, 0x24, 0xDF, 0x1E, 0xFD, 0xBB, 0xF7, 0xFC, 0x11, 0xA1,
    0x0D, 0xF2, 0x4D, 0xDD, 0x07, 0x0C, 0xA8, 0xAE, 0xC5, 0x02, 0xB0, 0x6A, 0xE1, 0x9E, 0x6E, 0x47,
    0x9F, 0xEA, 0x19, 0x69, 0x32, 0x86, 0xCA, 0xC4, 0x9E, 0x2E, 0x32, 0xFB, 0x8C, 0xDA, 0x51, 0x57,
    0x56, 0x6B, 0x74, 0x65, 0x1B, 0x90, 0x24, 0x4B, 0xAD, 0x11, 0xDB, 0x70, 0x31, 0xA4, 0x67, 0xD6,
    0xF0, 0x9E, 0xC7, 0x28, 0x56, 0x6D, 0xF4, 0xCF, 0x60, 0xAF, 0xCD, 0x49, 0x70, 0x07, 0xB9, 0xB0,
    0x31, 0x25, 0xC5, 0x0F, 0xEA, 0x10, 0xC9, 0x66, 0xD0, 0x20, 0xE1, 0xBC, 0xBB, 0xE1, 0x5A, 0x58,
    0x05, 0x5F, 0x3D, 0x5F, 0x62, 0x1C, 0xC6, 0x76, 0x12, 0xFC, 0x57, 0xED, 0xF1, 0xA0, 0x08, 0x48,
    0xE9, 0x61, 0xF1, 0x63, 0x11, 0xD4, 0x24, 0xFC, 0xB3, 0x57, 0x73, 0xC9, 0x94, 0x76, 0x65, 0xE6,
    0x08, 0x57, 0xFA, 0x3F, 0xC5, 0x5A, 0x3D, 0x70, 0xDD, 0xC6, 0x11, 0x5E, 0x00, 0x24, 0x61, 0x0B,
    0x89, 0xC1, 0x82, 0x8A, 0xE4, 0xC8, 0x0E, 0x1A, 0x17, 0xCE, 0xC4, 0x16, 0x52, 0xB8, 0x70, 0x21,
    0x11, 0x48, 0x54, 0xA8, 0x48, 0x61, 0x16, 0x7A, 0xE3, 0xC2, 0x85, 0x5D, 0xB8, 0x48, 0xE2, 0x99,
    0xD0, 0x85, 0x0B, 0x17, 0x94, 0x01, 0xDB, 0x45, 0x4A, 0xB1, 0x72, 0xED, 0x42, 0x4D, 0xA4, 0xCC,
    0x48, 0xA5, 0x3C, 0x43, 0x1A, 0x70, 0x5C, 0xA8, 0x48, 0x61, 0x38, 0x9A, 0xA4, 0x15, 0xA2, 0x28,
    0x93, 0x44, 0x29, 0x04, 0x6B, 0x90, 0x11, 0x44, 0x01, 0xB8, 0x7C, 0xDF, 0x1D, 0xDE, 0x23, 0xA9,
    0x5F, 0x52, 0x7C, 0x94, 0x1F, 0xDF, 0x2D, 0xDF, 0x7B, 0x00, 0xEE, 0x76, 0xF7, 0xF6, 0x76, 0xBF,
    0xDD, 0x3B, 0x99, 0x1D, 0xC5, 0x22, 0xA1, 0x2A, 0x44, 0x22, 0x95, 0xCB, 0xD6, 0xD7, 0x8F, 0x49,
    0x14, 0x9A, 0xA5, 0x70, 0x8B, 0xC3, 0xAB, 0x9A, 0x78, 0x57, 0x71, 0xB3, 0x7F, 0xA6, 0xC2, 0x63,
    0x6F, 0x80, 0x44, 0x6E, 0x23, 0xF2, 0x91, 0xD3, 0x8A, 0x74, 0x6F, 0x76, 0x78, 0x40, 0xF5, 0x62,
    0x2B, 0xA5, 0xC4, 0xA9, 0x44, 0xC5, 0x6E, 0x29, 0x49, 0xEE, 0x17, 0x12, 0x15, 0x59, 0x6B, 0xAB,
    0x56, 0x75, 0x8E, 0x6A, 0x7D, 0x55, 0x49, 0x80, 0x36, 0x3B, 0x5A, 0x32, 0x03, 0x1D, 0x14, 0x71,
    0x55, 0x09, 0x26, 0x6A, 0x49, 0x4E, 0xB6, 0x92, 0xA0, 0xAF, 0x59, 0xF6, 0x77, 0xA8, 0x15, 0x4F,
    0xB5, 0x12, 0xDD, 0x6D, 0x25, 0xC3, 0x77, 0xC5, 0xF6, 0x56, 0x27, 0x99, 0x52, 0x79, 0xD8, 0xA8,
    0xD8, 0x8A, 0x17, 0x44, 0x9E, 0x11, 0xF0, 0xB6, 0x68, 0x15, 0x94, 0x01, 0xBC, 0xF9, 0x64, 0xD5,
    0x3A, 0xBB, 0xEF, 0x32, 0xB0, 0x5B, 0x5F, 0xDE, 0x97, 0xE0, 0x6F, 0x25, 0x78, 0xCC, 0xC5, 0xFA,
    0x42, 0xF6, 0x2E, 0xCB, 0x7E, 0x72, 0x1B, 0xA2, 0x43, 0x59, 0x63, 0xFF, 0x9A, 0x77, 0xB5, 0x0A,
    0x92, 0xA1, 0x57, 0x99, 0xDD, 0x03, 0xCF, 0x2B, 0x78, 0xBE, 0x06, 0xB7, 0x6C, 0x7D, 0x8A, 0x0E,
    0x73, 0xDD, 0x9F, 0x7E, 0x1D, 0x40, 0x4B, 0x04, 0x8C, 0x81, 0x7D, 0xB0, 0x3B, 0x17, 0x9B, 0x9F,
    0xE7, 0xFA, 0x18, 0x1D, 0x54, 0x8E, 0x52, 0x95, 0x5F, 0x3B, 0x55, 0x58, 0x38, 0x55, 0x94, 0xDB,
    0x65, 0x82, 0xCB, 0x59, 0x6C, 0x84, 0xD7, 0x8D, 0x9F, 0x87, 0x1E, 0x13, 0xDA, 0x66, 0x23, 0x0B,
    0x81, 0x52, 0xB5, 0x8B, 0xE7, 0xF0, 0x7C, 0x2A, 0x16, 0x6D, 0x07, 0x37, 0xD8, 0xD0, 0x87, 0x8B,
    0xE6, 0x53, 0x43, 0x78, 0xE8, 0xD9, 0x61, 0xF8, 0x59, 0x76, 0xD8, 0x42, 0x7D, 0xBD, 0xF8, 0xB5,
    0x92, 0xA0, 0x48, 0x24, 0xCA, 0x5F, 0x47, 0x93, 0xCD, 0x46, 0xA3, 0xC1, 0xA3, 0x41, 0x7F, 0x1E,
    0x72, 0x2A, 0x28, 0xBD, 0x33, 0xCF, 0xF1, 0xE5, 0x40, 0x26, 0x0F, 0xDF, 0x43, 0x70, 0xB6, 0xEE,
    0xE7, 0xF2, 0x81, 0x1D, 0x4F, 0x9F, 0x7F, 0xBC, 0x02, 0x32, 0x52, 0x8A, 0xAC, 0xD7, 0x50, 0xE3,
    0x9A, 0xD8, 0xC5, 0x2B, 0x7B, 0xE7, 0xDF, 0xC2, 0xE4, 0xBA, 0xB5, 0xD1, 0x3B, 0xFF, 0x5B, 0xFB,
    0xA0, 0x7B, 0x4E, 0x73, 0x38, 0x30, 0x12, 0x6E, 0x99, 0xF6, 0xBD, 0xEA, 0xBD, 0x72, 0x73, 0x69,
    0x61, 0xAC, 0xC9, 0x3A, 0x6E, 0x00, 0xFF, 0x4E, 0x39, 0x7D, 0xDE, 0xB1, 0xD6, 0x9C, 0x62, 0x4D,
    0x9C, 0xEF, 0xA0, 0x1B, 0xD8, 0xBD, 0x66, 0xEA, 0xC0, 0x94, 0xF8, 0x97, 0x8B, 0x10, 0x40, 0xD6,
    0x02, 0xF0, 0x10, 0x7D, 0x49, 0x27, 0xC1, 0xE5, 0x86, 0x85, 0x39, 0xF4, 0xFE, 0xDB, 0x3F, 0xD0,
    0xCF, 0x62, 0xA1, 0x85, 0x7A, 0xC1, 0xB6, 0x73, 0x2A, 0xC7, 0xAA, 0x4A, 0x0A, 0x90, 0xB0, 0x02,
    0xF1, 0x35, 0xA9, 0xB7, 0x93, 0xC9, 0x85, 0xA0, 0x04, 0x89, 0xF8, 0x44, 0x96, 0x3A, 0xFD, 0x7B,
    0x3D, 0x7B, 0xA9, 0xD1, 0x5F, 0x1F, 0x4F, 0x1C, 0x5E, 0x1C, 0x8B, 0x95, 0xFD, 0xA5, 0x82, 0x00,
    0x20, 0x92, 0x5C, 0x81, 0x78, 0xE1, 0x15, 0xCE, 0xD1, 0x95, 0x54, 0x66, 0x97, 0xBF, 0x85, 0x70,
    0x70, 0xF5, 0xD0, 0x62, 0x81, 0xBE, 0xC3, 0x02, 0xF2, 0x81, 0x44, 0xF9, 0xC3, 0x48, 0x09, 0x12,
    0x6E, 0xF0, 0x66, 0x05, 0x21, 0x1D, 0x75, 0x06, 0x92, 0x2E, 0x58, 0x3B, 0x97, 0xE3, 0xBD, 0xFE,
    0xAC, 0x5F, 0x27, 0xAA, 0x81, 0x1C, 0xDD, 0x2E, 0xE5, 0x80, 0x18, 0x64, 0x14, 0xBA, 0x5E, 0x2E,
    0x64, 0x2E, 0xFB, 0x0F, 0x58, 0xE8, 0x21, 0x46, 0x21, 0x3F, 0xCB, 0x0A, 0x78, 0xBB, 0x02, 0x9A,
    0x2F, 0x02, 0xF0, 0x17, 0x82, 0xD1, 0xE8, 0xDE, 0xC6, 0xDF, 0xC1, 0x36, 0xB9, 0xD6, 0x4C, 0x93,
    0xE7, 0xD1, 0x88, 0xAE, 0xD2, 0xB4, 0xB1, 0xB3, 0x1E, 0x8D, 0x4E, 0x41, 0x8A, 0x16, 0xC3, 0xB7,
    0x4E, 0x67, 0xB5, 0x60, 0x68, 0x05, 0xED, 0x35, 0x3A, 0x3F, 0xDD, 0xE0, 0xE9, 0x74, 0xEB, 0xCF,
    0xC5, 0xC3, 0x6F, 0xF3, 0x68, 0xC7, 0xD0, 0xD6, 0xF0, 0x9B, 0x7E, 0x0E, 0xCF, 0x37, 0xB6, 0x56,
    0x4E, 0x27, 0xD6, 0xE8, 0xD4, 0x16, 0x2B, 0x6A, 0xF8, 0xBC, 0xF8, 0x65, 0x16, 0x07, 0x79, 0x94,
    0xEA, 0x3F, 0xA5, 0x4C, 0x4B, 0x37, 0x2D, 0x29, 0xD8, 0x78, 0x2B, 0x06, 0x9F, 0xB1, 0x3D, 0xB6,
    0xA2, 0x79, 0xF0, 0x5A, 0x7B, 0xB1, 0xE6, 0x33, 0xC2, 0x6F, 0x73, 0xAB, 0x53, 0xE5, 0x95, 0x7D,
    0xD9, 0xC5, 0x0F, 0xC5, 0xB9, 0xB3, 0x06, 0xCB, 0xC5, 0x0A, 0x08, 0xD3, 0xBD, 0xF3, 0x6C, 0xE1,
    0xA2, 0x47, 0x2F, 0x5C, 0x99, 0xFF, 0x83, 0xC7, 0x99, 0x1A, 0xCF, 0xF7, 0x7A, 0x1B, 0x4B, 0xF6,
    0xCC, 0xF3, 0xF4, 0xF4, 0xC9, 0xB0, 0xB3, 0x08, 0x66, 0x3E, 0x62, 0xC4, 0xA3, 0x3B, 0xA9, 0xF4,
    0x00, 0x4F, 0xCC, 0x1B, 0xE6, 0xC4, 0x2E, 0x8D, 0xE7, 0x73, 0x36, 0x88, 0x05, 0xD0, 0xEF, 0x82,
    0x91, 0xB7, 0xF4, 0x62, 0xAB, 0x89, 0x44, 0xBE, 0x5C, 0x33, 0x2E, 0xC8, 0x2D, 0xA6, 0xAB, 0xE7,
    0xC1, 0x33, 0xDA, 0xDB, 0x3C, 0x63, 0xBC, 0x77, 0xFB, 0x30, 0x2F, 0xED, 0x0A, 0x29, 0x8D, 0x7F,
    0x95, 0x37, 0x52, 0xC0, 0x97, 0x65, 0xB0, 0x3E, 0x2C, 0xF1, 0x55, 0x3A, 0x27, 0xBA, 0x5E, 0x3C,
    0xE5, 0x77, 0xD2, 0x49, 0x58, 0xCA, 0x3A, 0xFB, 0x5C, 0x91, 0x84, 0x77, 0xD1, 0xCF, 0x6B, 0x27,
    0x0F, 0x32, 0x3B, 0x02, 0x89, 0x54, 0xAC, 0xE2, 0x40, 0xC1, 0x89, 0xE0, 0x0B, 0xBC, 0x3D, 0x7E,
    0xA9, 0x41, 0x02, 0x75, 0x5E, 0x01, 0xD0, 0x70, 0xFD, 0x64, 0xEA, 0x3A, 0x14, 0x38, 0x2C, 0x4A,
    0x13, 0x6B, 0xA1, 0xB5, 0xF5, 0x06, 0xB1, 0x76, 0x65, 0x6B, 0xAC, 0x5D, 0xB2, 0xA0, 0x01, 0x3C,
    0xD2, 0xF8, 0x65, 0x32, 0xEF, 0x17, 0x51, 0xEC, 0x43, 0x3A, 0xFE, 0xF7, 0x36, 0xE0, 0xDD, 0xC0,
    0x94, 0x7B, 0x63, 0x55, 0x7C, 0xE2, 0xCB, 0xBF, 0x8E, 0xE8, 0x0B, 0xE9, 0x7D, 0xAA, 0xF0, 0xC6,
    0x85, 0x2A, 0x89, 0x3D, 0xB4, 0xA0, 0x8C, 0x36, 0x80, 0x89, 0x34, 0x0E, 0x83, 0x14, 0x33, 0xC4,
    0xA4, 0xC7, 0xED, 0x31, 0xA4, 0xBE, 0x07, 0x93, 0xEE, 0xBF, 0xA0, 0x4E, 0xF1, 0x83, 0x07, 0x2D,
    0xEF, 0xE9, 0x0A, 0x29, 0xEF, 0xD0, 0x91, 0xE8, 0x29, 0x6D, 0xC7, 0x9F, 0x64, 0xE9, 0x29, 0x09,
    0xF9, 0x70, 0xF4, 0x31, 0x5D, 0x21, 0xF7, 0x7B, 0xAE, 0x7E, 0x4D, 0xD2, 0x93, 0x10, 0x2B, 0xA0,
    0x63, 0x5C, 0x68, 0xC6, 0x8A, 0xA4, 0x93, 0x23, 0x98, 0xA0, 0x7F, 0x09, 0xF1, 0x39, 0x1A, 0x1A,
    0x67, 0x74, 0x66, 0x3F, 0x66, 0xD4, 0xBC, 0x8C, 0xC1, 0xD0, 0x91, 0x89, 0xB5, 0x41, 0x66, 0xDC,
    0x92, 0x79, 0x83, 0x9B, 0xBE, 0xBC, 0x19, 0x36, 0x63, 0x04, 0xD3, 0x48, 0x15, 0x58, 0xF6, 0xA1,
    0x4A, 0xB3, 0x9E, 0x26, 0xE0, 0xD5, 0x0F, 0xA7, 0x8A, 0xE1, 0x7D, 0xA0, 0xFD, 0xB9, 0x0B, 0x8F,
    0xB8, 0x13, 0x4A, 0x6E, 0x98, 0x8D, 0x66, 0x74, 0x2A, 0xEC, 0x5F, 0x0F, 0x68, 0x75, 0xDA, 0x73,
    0xC4, 0x83, 0xE7, 0x08, 0xE9, 0x39, 0x0E, 0x6B, 0xCF, 0x41, 0x3D, 0x1C, 0xE1, 0x55, 0x46, 0x4A,
    0x71, 0x49, 0xEC, 0x4D, 0xD2, 0xC2, 0xF7, 0xD8, 0x5D, 0x56, 0x31, 0x3D, 0x6A, 0x41, 0x6E, 0x82,
    0xF4, 0xB8, 0x64, 0x77, 0xD6, 0xE3, 0x88, 0xA7, 0x4E, 0xAA, 0x3C, 0x50, 0x67, 0x54, 0xBE, 0x5D,
    0xDA, 0x78, 0x22, 0xED, 0xA1, 0x7E, 0xF4, 0xF6, 0x9D, 0x38, 0x81, 0x54, 0x70, 0xAC, 0xDD, 0x94,
    0xA4, 0x9D, 0x07, 0xDB, 0xCB, 0x35, 0xAD, 0x89, 0xC4, 0x23, 0x59, 0xDE, 0x48, 0x0D, 0x6A, 0xD3,
    0x91, 0x15, 0xE4, 0x77, 0xB1, 0x78, 0x77, 0xF1, 0x9D, 0x93, 0x89, 0x1C, 0x25, 0xA8, 0x71, 0x9F,
    0x47, 0xE2, 0x3E, 0x82, 0x44, 0x1D, 0x6C, 0x32, 0xE9, 0x23, 0x85, 0x4C, 0x2C, 0x0E, 0xAF, 0xE5,
    0x18, 0xEF, 0x58, 0x92, 0xCF, 0xCC, 0x0E, 0xF3, 0x89, 0xAF, 0x98, 0x49, 0xB0, 0xF5, 0xF8, 0x77,
    0x47, 0x8E, 0x71, 0xFF, 0x01, 0x4B, 0xA2, 0xCB, 0x29, 0x58, 0xFF, 0x20, 0x33, 0xF3, 0xA0, 0x8D,
    0xA7, 0x91, 0xA4, 0x61, 0xE2, 0xE1, 0x3E, 0xE4, 0x0D, 0x0D, 0x62, 0x85, 0xCC, 0xEA, 0x11, 0x27,
    0x05, 0x87, 0x27, 0x63, 0x20, 0x51, 0x1C, 0xFD, 0xE0, 0x68, 0x77, 0x43, 0x3F, 0x23, 0xF1, 0xA2,
    0xC5, 0xA1, 0xE1, 0x96, 0x8D, 0x53, 0x7E, 0xB2, 0xD1, 0xF1, 0xE0, 0x87, 0x76, 0x9A, 0xBD, 0x1D,
    0x47, 0xBD, 0xCC, 0x5D, 0xDF, 0x1D, 0x0F, 0x4F, 0x36, 0x22, 0x40, 0x01, 0xD6, 0x32, 0xDF, 0x77,
    0x74, 0x6A, 0xCA, 0x4C, 0x86, 0xF9, 0x9D, 0xD7, 0x72, 0x44, 0x6B, 0x75, 0x77, 0x3C, 0x10, 0xB2,
    0x30, 0x0E, 0xEA, 0xCC, 0x1D, 0xE9, 0x12, 0x2C, 0xE1, 0x5D, 0x7A, 0x71, 0x0C, 0x47, 0x5F, 0xBE,
    0xB4, 0x27, 0xCD, 0xEC, 0x58, 0x0F, 0xBF, 0x18, 0x8D, 0x22, 0x75, 0x45, 0xA9, 0x50, 0x7D, 0xA2,
    0xEE, 0x30, 0x79, 0x28, 0x9F, 0x8C, 0x14, 0x1C, 0x1D, 0x9C, 0x22, 0x9D, 0x21, 0xC7, 0xB4, 0x2B,
    0xC6, 0x06, 0x7A, 0x61, 0x03, 0x39, 0x02, 0xC6, 0x27, 0xBF, 0x9C, 0x64, 0x17, 0xF3, 0x6E, 0x6D,
    0xB7, 0x1E, 0xD0, 0x92, 0xD7, 0x38, 0x2D, 0x74, 0x37, 0x0E, 0xCF, 0x33, 0x61, 0x13, 0xB4, 0x49,
    0x13, 0xB5, 0x5E, 0xE3, 0xB6, 0x2E, 0xAE, 0x3D, 0xAA, 0x85, 0xEA, 0x04, 0x70, 0xD3, 0x89, 0x31,
    0xCA, 0x6A, 0x0C, 0x00, 0x86, 0xEB, 0xB4, 0xE8, 0xB8, 0xBE, 0x18, 0x83, 0x0E, 0x60, 0x8E, 0xAE,
    0x75, 0xAA, 0x8F, 0xEC, 0xF4, 0x30, 0x9D, 0xD9, 0xE8, 0x94, 0xCB, 0xB4, 0xA4, 0x21, 0x87, 0x3B,
    0x7D, 0xA7, 0x26, 0x9E, 0xB8, 0x3D, 0x33, 0xDA, 0xA0, 0x18, 0x7B, 0x62, 0x84, 0x03, 0x95, 0x5B,
    0xB7, 0x4B, 0xE7, 0xDB, 0xCA, 0x4D, 0x2F, 0x6A, 0x57, 0x89, 0x20, 0x03, 0x57, 0xAF, 0x51, 0x63,
    0xF6, 0xC8, 0xB7, 0x62, 0xE4, 0x81, 0xDA, 0x90, 0x65, 0x27, 0x95, 0x1C, 0x8D, 0xB5, 0x5B, 0x5F,
    0x8A, 0xD4, 0xD7, 0xAA, 0xC6, 0xEC, 0x28, 0xA4, 0x72, 0x16, 0x5D, 0x1D, 0x26, 0xCB, 0x69, 0x83,
    0x12, 0x24, 0x8A, 0x71, 0x7B, 0x47, 0x7D, 0x32, 0x2F, 0x27, 0xB4, 0x73, 0x3A, 0x45, 0xD1, 0x61,
    0x3D, 0xB8, 0x8A, 0x9C, 0xB3, 0xF5, 0x69, 0x09, 0x60, 0x00, 0x20, 0x94, 0x76, 0x93, 0x43, 0x91,
    0xF0, 0xA2, 0xF4, 0x62, 0xCC, 0x08, 0x7E, 0x2A, 0xA6, 0x26, 0x04, 0xBE, 0xE3, 0x21, 0x96, 0x99,
    0x92, 0x14, 0x8D, 0x0D, 0x9E, 0x6F, 0x19, 0xCA, 0x53, 0x4C, 0xAC, 0x87, 0x2C, 0x62, 0xB3, 0xA9,
    0x06, 0xF1, 0xAA, 0xF6, 0xAA, 0x28, 0xF5, 0xAA, 0x5E, 0xBC, 0x5B, 0xB0, 0x2D, 0xFA, 0xBE, 0xBB,
    0xF8, 0x7F, 0xAB, 0xE3, 0x75, 0xB4, 0x24, 0xF7, 0xAA, 0xB0, 0x0A, 0x3B, 0xBF, 0x4D, 0x7A, 0xA7,
    0xD3, 0xBD, 0x72, 0x4D, 0xB0, 0x90, 0x63, 0x37, 0x43, 0xA1, 0xA8, 0xD8, 0x4C, 0x1D, 0xC2, 0x06,
    0x69, 0x7E, 0xD2, 0x68, 0x33, 0x85, 0xBD, 0xB8, 0x0D, 0x18, 0x73, 0xEF, 0xB4, 0x2C, 0x85, 0xD5,
    0x24, 0xFC, 0xF4, 0xBF, 0x9E, 0x05, 0x14, 0xC5, 0x55, 0x86, 0x49, 0x70, 0x6B, 0x40, 0xEE, 0xB0,
    0x07, 0x0A, 0x88, 0x94, 0xAD, 0x83, 0xF6, 0xBC, 0xE9, 0xCA, 0x8D, 0x0D, 0x0A, 0x81, 0x3B, 0x73,
    0xF0, 0xFB, 0x50, 0x29, 0xA2, 0x3E, 0x19, 0x36, 0x60, 0xEB, 0xA9, 0x4C, 0x90, 0xF8, 0xA3, 0x1B,
    0x11, 0xF9, 0x69, 0xB4, 0xF5, 0x6D, 0xA8, 0x7C, 0x86, 0xB9, 0x05, 0x46, 0x84, 0x0D, 0x1F, 0x35,
    0x7D, 0xCF, 0x33, 0x48, 0x80, 0x4F, 0xED, 0xFB, 0x77, 0xFA, 0x4E, 0x00, 0x4A, 0xD4, 0xF4, 0xB8,
    0xD2, 0x30, 0x2F, 0x35, 0x8B, 0xCA, 0x63, 0x23, 0xF0, 0x4F, 0x0D, 0x16, 0xDB, 0x03, 0x7F, 0x8C,
    0xDB, 0xAB, 0x2C, 0xE9, 0x61, 0xE2, 0x9C, 0x8A, 0x53, 0x36, 0x06, 0x77, 0xC8, 0x8A, 0x0E, 0x8E,
    0x4E, 0x54, 0xF0, 0x17, 0x65, 0xA8, 0x3E, 0xCD, 0x9D, 0xD6, 0x81, 0x5F, 0xB2, 0x9E, 0x8C, 0xF9,
    0xF9, 0xF9, 0xE5, 0x7A, 0x4D, 0xD5, 0x6B, 0x41, 0xDD, 0x78, 0x75, 0xA5, 0xDF, 0xF1, 0x9E, 0x15,
    0x68, 0xD5, 0xE0, 0x69, 0xF8, 0xB3, 0xEB, 0xC7, 0xF3, 0x60, 0x42, 0x3D, 0xCD, 0x8D, 0x4B, 0xC4,
    0x7B, 0x60, 0x0B, 0x53, 0x0F, 0xB6, 0x67, 0xDA, 0x81, 0x07, 0xDE, 0x93, 0x68, 0x48, 0x29, 0xA6,
    0x9C, 0xEE, 0xB3, 0x37, 0x8F, 0xA9, 0xDB, 0x18, 0x94, 0x4E, 0x88, 0x27, 0x43, 0xED, 0x83, 0xB7,
    0xD8, 0x4A, 0x57, 0xFD, 0xF1, 0xED, 0xF8, 0x70, 0x8B, 0x4F, 0x12, 0xC4, 0x20, 0x21, 0xC8, 0xB9,
    0x8C, 0xF0, 0x82, 0x9E, 0x84, 0x55, 0x97, 0x19, 0x62, 0x2C, 0x20, 0x2C, 0x97, 0xE0, 0x68, 0xF2,
    0xCE, 0x6D, 0xC4, 0x24, 0x24, 0x79, 0x1D, 0xA3, 0x11, 0xAE, 0xFE, 0x68, 0xDB, 0x55, 0x20, 0xDE,
    0x3C, 0xDC, 0xDC, 0x51, 0xB0, 0xF5, 0x27, 0xE3, 0x80, 0x59, 0x98, 0x33, 0x25, 0x6E, 0x91, 0x4D,
    0xDC, 0x79, 0xF0, 0x14, 0x54, 0x2B, 0x09, 0xEB, 0xCB, 0xE4, 0x2C, 0x61, 0x49, 0x25, 0xA5, 0x1D,
    0xA8, 0x42, 0xD3, 0x4A, 0xD3, 0x86, 0xF4, 0x76, 0x47, 0x7A, 0x4B, 0x91, 0x56, 0xEA, 0x32, 0x69,
    0xF4, 0x2F, 0xD2, 0xF0, 0x36, 0x29, 0x37, 0x18, 0x9C, 0xCA, 0xD1, 0xD4, 0x02, 0xC5, 0x6D, 0xA0,
    0x80, 0x3E, 0xF0, 0x51, 0xD0, 0x56, 0xA0, 0xAB, 0x71, 0xDA, 0xAA, 0x34, 0xA4, 0x5D, 0x9C, 0x40,
    0x6F, 0x9D, 0xC8, 0xE8, 0xAB, 0xE3, 0xAC, 0x54, 0x96, 0x0E, 0x42, 0x4F, 0xB7, 0x30, 0xDD, 0x09,
    0xD1, 0xD6, 0x11, 0x75, 0x81, 0xE1, 0x4B, 0xC7, 0x30, 0xE7, 0x71, 0x04, 0xAE, 0x82, 0x51, 0x2E,
    0x40, 0x9C, 0xFB, 0x1E, 0x44, 0xD3, 0xCE, 0x56, 0x92, 0x78, 0xE2, 0x6E, 0x8D, 0xBF, 0xD5, 0x82,
    0x0E, 0xE1, 0x7D, 0x2A, 0xB2, 0x19, 0x35, 0x59, 0x9F, 0x0F, 0x35, 0x73, 0x93, 0xBF, 0x70, 0x47,
    0xC0, 0x94, 0x6E, 0xAD, 0xCD, 0x92, 0xDE, 0x8B, 0x42, 0xEE, 0xC2, 0x13, 0xFC, 0xD9, 0xBF, 0x99,
    0x8E, 0x8B, 0x01, 0x43, 0x0C, 0xF8, 0xBE, 0x6C, 0x80, 0xE5, 0x36, 0x59, 0xF1, 0xC1, 0xCE, 0x62,
    0x38, 0xC6, 0x09, 0x1A, 0x77, 0xDB, 0x9F, 0x4F, 0xD5, 0x06, 0x7C, 0xAD, 0x88, 0xD0, 0x2C, 0x83,
    0x6D, 0x74, 0xD6, 0x5A, 0x92, 0xE0, 0x97, 0x2A, 0x6C, 0x65, 0x51, 0xAF, 0xB9, 0x97, 0xAD, 0x6C,
    0x83, 0x7A, 0xCD, 0xD2, 0x4C, 0x57, 0xB7, 0x99, 0x67, 0xEE, 0x80, 0xDA, 0xEA, 0xEF, 0x94, 0x56,
    0x5D, 0x53, 0xD5, 0xA0, 0xC6, 0xF6, 0x7E, 0x35, 0xE6, 0xF7, 0xA9, 0xB1, 0xDD, 0xAA, 0xC6, 0x93,
    0x5A, 0x8D, 0x97, 0xB7, 0xA8, 0xF1, 0xEE, 0x7D, 0x6A, 0xCC, 0x8C, 0x1A, 0x4B, 0xAD, 0x46, 0xBD,
    0x9E, 0xB9, 0xF7, 0x22, 0xCF, 0x69, 0x71, 0x42, 0x9D, 0xB1, 0x69, 0xC7, 0xA2, 0xB7, 0x1F, 0xA8,
    0x3B, 0xAA, 0x8E, 0x9A, 0xA3, 0xE2, 0x5C, 0xFD, 0xE7, 0x3C, 0xB4, 0x85, 0xBD, 0x03, 0xC8, 0xE0,
    0x0C, 0x1B, 0x17, 0xDE, 0x00, 0x06, 0x08, 0x30, 0xA8, 0x91, 0x86, 0x41, 0x55, 0x86, 0xB2, 0x4A,
    0xA2, 0xD2, 0xAD, 0xBB, 0x95, 0x73, 0x1B, 0x54, 0x96, 0xC9, 0xBC, 0x98, 0x57, 0x01, 0x85, 0x84,
    0xC8, 0xBE, 0x53, 0x04, 0xEE, 0x2C, 0x87, 0x7A, 0xA2, 0x02, 0xDA, 0x8C, 0x0A, 0x75, 0x0F, 0xC1,
    0x85, 0x3C, 0x23, 0xC6, 0x4A, 0x70, 0x5F, 0x1C, 0x41, 0x48, 0x09, 0xFA, 0xB7, 0x5A, 0xD1, 0x1B,
    0x06, 0x7A, 0xC7, 0x40, 0x66, 0x97, 0xE8, 0xAD, 0x98, 0x24, 0xC3, 0x15, 0x4E, 0x2A, 0xBC, 0xF8,
    0x91, 0xA9, 0x20, 0x92, 0x3F, 0xBF, 0x4E, 0x8A, 0xA0, 0x08, 0xAA, 0x28, 0xF7, 0xEF, 0x6F, 0x65,
    0x50, 0x06, 0x0D, 0xA0, 0x09, 0xE6, 0xD5, 0x66, 0xD0, 0xD4, 0x15, 0x5E, 0xD6, 0x87, 0x56, 0x9C,
    0xB1, 0x0C, 0x21, 0xB1, 0xC4, 0x96, 0xFA, 0xD0, 0xBE, 0x0A, 0xA2, 0x17, 0x6B, 0x79, 0x00, 0x0E,
    0xFA, 0x34, 0x1C, 0x3E, 0x18, 0x3A, 0xB2, 0xBA, 0x77, 0x81, 0x64, 0xE9, 0x19, 0xF4, 0x5A, 0x2D,
    0x72, 0x2B, 0x0E, 0xC8, 0xD2, 0xBF, 0xD6, 0x72, 0x93, 0x12, 0xB6, 0xF1, 0x92, 0xF3, 0x94, 0xA4,
    0x7A, 0xF6, 0x00, 0x86, 0x7D, 0x23, 0x95, 0x10, 0x11, 0x6C, 0x11, 0x8E, 0x6E, 0xE5, 0x98, 0xC8,
    0xCF, 0x5F, 0x9B, 0x82, 0x64, 0xA3, 0x11, 0xC2, 0x2A, 0x37, 0x39, 0x1A, 0x6E, 0xB1, 0x02, 0x87,
    0x76, 0x76, 0x37, 0xDB, 0x84, 0x25, 0x02, 0x1C, 0x62, 0x32, 0xE8, 0x3B, 0x49, 0xCA, 0x62, 0x43,
    0xC6, 0x38, 0x28, 0x7C, 0x52, 0xE5, 0x13, 0xDA, 0x9F, 0x8B, 0x75, 0x7C, 0xC4, 0x52, 0x06, 0x9D,
    0x4F, 0x78, 0xFF, 0xB1, 0xA8, 0x02, 0x5D, 0xF3, 0xFB, 0x37, 0x81, 0x05, 0x58, 0x25, 0x00, 0xD2,
    0x5C, 0x56, 0x1A, 0x50, 0x2D, 0x98, 0x12, 0x16, 0xB7, 0xA8, 0x32, 0xC0, 0x04, 0x5D, 0x43, 0xD0,
    0x3C, 0x37, 0xA1, 0xE6, 0xDA, 0xF0, 0xA9, 0x29, 0xC4, 0xD7, 0xB4, 0xE4, 0x2F, 0xCC, 0x75, 0x34,
    0x2D, 0x89, 0x23, 0x20, 0x83, 0xFA, 0xAC, 0xF4, 0x54, 0xAF, 0x18, 0x9E, 0x6B, 0xAE, 0xC8, 0xD9,
    0xC9, 0x76, 0xA3, 0xC8, 0x0B, 0xE3, 0x92, 0x93, 0x2E, 0x96, 0x68, 0x6C, 0x3E, 0xDE, 0x33, 0x9D,
    0x6C, 0xEB, 0x14, 0x66, 0x43, 0xC6, 0x41, 0x82, 0x24, 0x04, 0x33, 0xDB, 0x88, 0x4E, 0x08, 0x96,
    0xE9, 0x40, 0x08, 0x80, 0xB8, 0x26, 0x9C, 0x56, 0xA7, 0x01, 0x11, 0xD3, 0x80, 0x70, 0x92, 0x06,
    0x38, 0xF4, 0x3D, 0x39, 0x38, 0x54, 0x39, 0x37, 0x38, 0xA9, 0x4E, 0x2B, 0x65, 0x50, 0xF0, 0x74,
    0x1E, 0x1B, 0x72, 0xEF, 0x5E, 0x7B, 0xD7, 0x85, 0xF0, 0xBB, 0x2E, 0xBB, 0xDD, 0x1D, 0x51, 0xAD,
    0xDB, 0xCD, 0x3C, 0x24, 0x5B, 0x4C, 0x13, 0x95, 0xEF, 0x37, 0x77, 0x8F, 0xAE, 0xC6, 0xED, 0x98,
    0x4D, 0x13, 0x0D, 0x11, 0x0B, 0x91, 0x75, 0xD8, 0x35, 0x05, 0x1E, 0xA7, 0x1C, 0x56, 0x01, 0x90,
    0x65, 0xD7, 0xC4, 0x1B, 0x3D, 0xFB, 0x8D, 0x74, 0x3D, 0x27, 0x7F, 0x3A, 0xCA, 0xB7, 0x90, 0xF2,
    0xE6, 0x8D, 0x73, 0x0D, 0x4B, 0x88, 0x4B, 0xC9, 0x9C, 0x35, 0xD8, 0x95, 0x54, 0xDC, 0xDC, 0x34,
    0x7E, 0x99, 0x5B, 0x0F, 0xCC, 0xAC, 0xDF, 0x1D, 0x58, 0x5F, 0x3E, 0xCB, 0x05, 0x09, 0xC4, 0x87,
    0xB8, 0x90, 0x47, 0x00, 0x1D, 0x68, 0xE9, 0xAB, 0x66, 0x03, 0x16, 0x56, 0x16, 0x40, 0x26, 0x9D,
    0x50, 0x11, 0xA6, 0x7A, 0x08, 0x70, 0xA2, 0xE2, 0x35, 0xDC, 0xB5, 0x8E, 0x34, 0x34, 0xFB, 0xB8,
    0xD7, 0x05, 0xD6, 0x04, 0x98, 0xD5, 0x1A, 0x19, 0x63, 0xC4, 0x1A, 0x8E, 0xF4, 0x1C, 0x34, 0xA6,
    0xCA, 0x8C, 0x55, 0xC8, 0x03, 0x0A, 0xE1, 0xCD, 0x2A, 0xB2, 0xEA, 0x44, 0x2A, 0x24, 0xD8, 0x11,
    0x02, 0xAA, 0x2A, 0x61, 0xDE, 0xF3, 0x41, 0x73, 0xC9, 0x69, 0x3A, 0xA7, 0xCE, 0x54, 0x49, 0x6F,
    0x3A, 0xD8, 0x39, 0x11, 0x4F, 0x56, 0x88, 0x7D, 0x1B, 0xC0, 0xBD, 0x58, 0x43, 0x86, 0xF6, 0xD2,
    0xF4, 0x39, 0xC5, 0xAB, 0xE3, 0xF9, 0x06, 0xF7, 0x6A, 0xEE, 0x7F, 0x5A, 0xFC, 0xC4, 0x2A, 0x76,
    0xCD, 0xE9, 0x34, 0xB9, 0x39, 0x3A, 0x54, 0x3B, 0x74, 0xB9, 0x37, 0x35, 0xBB, 0x51, 0xEF, 0xEE,
    0x92, 0x21, 0xEB, 0x12, 0xD3, 0x4C, 0x02, 0xE2, 0xE3, 0xB4, 0xFC, 0xA1, 0xA4, 0xE4, 0xC9, 0x8A,
    0xF8, 0x5F, 0xD5, 0xE2, 0xDE, 0x2D, 0x4C, 0x61, 0x63, 0x71, 0xFA, 0xD3, 0x3E, 0x63, 0xC5, 0x47,
    0xDD, 0x22, 0x78, 0x23, 0xF5, 0x94, 0x4E, 0x9A, 0xCE, 0xEE, 0x7A, 0xDA, 0x0F, 0xC2, 0x53, 0x03,
    0x69, 0xC1, 0x61, 0x1A, 0x72, 0xB2, 0x0D, 0xF2, 0x45, 0xAC, 0x86, 0xFC, 0x38, 0x48, 0x3A, 0xE3,
    0xB4, 0xB3, 0xC3, 0x4E, 0xC5, 0x0E, 0x88, 0x76, 0x8D, 0x09, 0x2B, 0x59, 0xBA, 0xEE, 0x6A, 0x12,
    0x98, 0xEB, 0xE3, 0xAB, 0x06, 0x42, 0x4F, 0xF6, 0xF5, 0x75, 0xBA, 0xBF, 0xC0, 0x1F, 0x6C, 0xFD,
    0x0E, 0x98, 0xDE, 0x35, 0x87, 0xBA, 0xA5, 0x07, 0x57, 0xC9, 0xD4, 0x1F, 0x6D, 0xC8, 0x8D, 0x05,
    0x3E, 0x6B, 0x0C, 0xBD, 0xA0, 0x87, 0x70, 0x73, 0x66, 0x5D, 0x87, 0x87, 0xA1, 0x3E, 0x70, 0x30,
    0xE8, 0x69, 0x4E, 0x64, 0x94, 0x8D, 0x8F, 0x10, 0xD8, 0xD5, 0xE6, 0x9E, 0xF5, 0xBE, 0xC9, 0xF9,
    0x21, 0x02, 0x27, 0xE1, 0xF8, 0xC2, 0x25, 0x69, 0x2F, 0xDA, 0xED, 0x3B, 0xBB, 0x92, 0x66, 0xC7,
    0x8C, 0x9D, 0xEF, 0x57, 0x99, 0x89, 0xC2, 0x2D, 0x1D, 0xEA, 0xE2, 0x1D, 0x31, 0xF6, 0x70, 0xED,
    0xE2, 0x43, 0x04, 0x38, 0x3B, 0x61, 0x6F, 0xAB, 0x76, 0xAD, 0xD5, 0x98, 0x20, 0x94, 0xDB, 0xD2,
    0x04, 0x0B, 0x7E, 0xB0, 0x35, 0x1F, 0x61, 0xB1, 0xEB, 0x54, 0xA6, 0xBE, 0x52, 0x7D, 0xA2, 0xE2,
    0x8C, 0x68, 0xDE, 0x2F, 0x76, 0x4C, 0xC0, 0x86, 0x3E, 0xE9, 0xC0, 0xBA, 0x3F, 0x40, 0x80, 0xFA,
    0x4C, 0xC5, 0xFA, 0x14, 0x96, 0x3E, 0x42, 0x45, 0xB3, 0x15, 0x79, 0x9E, 0xB9, 0x45, 0x76, 0x66,
    0x9C, 0x73, 0x57, 0x5B, 0xEB, 0x45, 0x43, 0x01, 0xAA, 0x0A, 0x09, 0xA6, 0x01, 0xA7, 0x83, 0x0A,
    0x20, 0x97, 0x81, 0xFD, 0x11, 0xA4, 0x06, 0xF1, 0xFA, 0x4C, 0x7B, 0x7E, 0x15, 0x5B, 0xEA, 0x1F,
    0xE8, 0xF5, 0x20, 0x85, 0x19, 0xD2, 0xFE, 0xB1, 0x94, 0xB2, 0x75, 0x93, 0x66, 0x3F, 0x05, 0x34,
    0xA5, 0x04, 0x25, 0xE6, 0x60, 0xC5, 0xD4, 0xC5, 0xB2, 0xA8, 0x2C, 0x3F, 0xBE, 0x38, 0x88, 0xE5,
    0xEA, 0x08, 0xF4, 0x9B, 0xA7, 0x24, 0x9B, 0x39, 0x89, 0x44, 0xEC, 0xDA, 0x2F, 0xD3, 0x10, 0x69,
    0x8D, 0x47, 0xCA, 0x7D, 0x90, 0x52, 0x9E, 0xD7, 0x95, 0x10, 0x16, 0xA9, 0xBF, 0xE6, 0x61, 0xBF,
    0x3F, 0xC1, 0xD8, 0x1D, 0x1E, 0xD7, 0x31, 0xD5, 0x91, 0x85, 0xFD, 0x17, 0x75, 0x8E, 0x62, 0x85,
    0x5C, 0x73, 0xC7, 0x8E, 0x93, 0xBC, 0xCA, 0x92, 0xD0, 0xB1, 0x31, 0x32, 0x9C, 0x64, 0xEF, 0xD3,
    0x92, 0x77, 0xC6, 0x66, 0xFF, 0xC4, 0x3C, 0x7D, 0x00, 0xC4, 0xD2, 0x24, 0x31, 0xE2, 0x33, 0x8F,
    0x07, 0x4A, 0xF1, 0x74, 0xA6, 0x76, 0xCE, 0xA1, 0x53, 0xB8, 0xCC, 0x20, 0x79, 0x86, 0x5B, 0x89,
    0x01, 0xB7, 0xEA, 0x19, 0x3B, 0x5F, 0x7E, 0x61, 0xFA, 0xF3, 0xBB, 0x17, 0x61, 0x9C, 0x4D, 0x61,
    0x7A, 0x2D, 0xCC, 0x8D, 0xB1, 0x30, 0x81, 0x16, 0xE6, 0x6D, 0x9D, 0x6E, 0x4F, 0xEA, 0x3A, 0xD1,
    0xBF, 0xC5, 0x1C, 0x98, 0x9B, 0x40, 0xFD, 0x29, 0x88, 0x40, 0x00, 0x66, 0x22, 0x8F, 0xAE, 0xE5,
    0xF0, 0x34, 0x8A, 0x39, 0x8E, 0x32, 0x3E, 0x8F, 0x22, 0x13, 0xB0, 0x6C, 0xAC, 0x18, 0x0B, 0xF5,
    0xBF, 0x7A, 0x9D, 0x04, 0x9F, 0x54, 0xA6, 0xE4, 0xB3, 0xBA, 0xD5, 0x21, 0x31, 0x7D, 0x06, 0x96,
    0x4C, 0x84, 0x4E, 0x3C, 0xCE, 0x24, 0x69, 0x80, 0x71, 0x11, 0xD2, 0x31, 0x73, 0x40, 0xA5, 0x01,
    0xA6, 0xCD, 0x56, 0x79, 0x98, 0xDA, 0xBD, 0xA3, 0x8A, 0x08, 0x4C, 0x38, 0x00, 0xB0, 0x70, 0x32,
    0xEE, 0xCD, 0x0A, 0x68, 0x26, 0xFB, 0xD5, 0x9F, 0x2B, 0x44, 0xDE, 0xE4, 0xCC, 0xE5, 0x9A, 0xE9,
    0xE5, 0x37, 0x9F, 0xB6, 0xE0, 0x2E, 0xBC, 0x6A, 0x77, 0xCC, 0x79, 0x94, 0xA5, 0x3D, 0x60, 0xAF,
    0x4F, 0xAD, 0x78, 0x9D, 0x3E, 0xDA, 0x0A, 0x73, 0x48, 0x72, 0xBD, 0x2D, 0x13, 0x6D, 0x3F, 0xD8,
    0x3C, 0xA9, 0xBD, 0x68, 0x00, 0x2E, 0xA7, 0x35, 0xC6, 0xAF, 0x57, 0x74, 0x85, 0xF9, 0x95, 0xED,
    0xF7, 0x25, 0xBD, 0x5B, 0x64, 0x55, 0xD4, 0x79, 0x65, 0x52, 0x51, 0x51, 0x7E, 0xEE, 0x41, 0x99,
    0x41, 0xEC, 0x34, 0x61, 0x1D, 0x11, 0x76, 0x37, 0x11, 0xA2, 0xD2, 0xF1, 0x16, 0xC9, 0x74, 0x77,
    0xA9, 0x5D, 0x83, 0x59, 0xD7, 0xEB, 0xE8, 0x2E, 0xA9, 0x92, 0x9A, 0xDD, 0x73, 0x80, 0xB0, 0x08,
    0x4B, 0x6E, 0x03, 0x05, 0xDB, 0x99, 0xD0, 0x99, 0x85, 0xAB, 0x4F, 0xC3, 0x5C, 0x20, 0xA6, 0xE2,
    0xDE, 0xC4, 0xEB, 0x56, 0x3A, 0xD6, 0x95, 0x35, 0x8A, 0x33, 0xF5, 0x7B, 0x80, 0x9B, 0xDE, 0x56,
    0x29, 0xB4, 0xC4, 0xAD, 0x1A, 0xAB, 0x85, 0x96, 0x59, 0x64, 0x53, 0x27, 0x79, 0x36, 0xE7, 0x1B,
    0xDA, 0x2F, 0xEB, 0x68, 0xBE, 0x1A, 0x87, 0xCC, 0x07, 0x46, 0x7A, 0xBD, 0x3D, 0x4E, 0xBD, 0x24,
    0xBA, 0x2E, 0xCC, 0x65, 0xC8, 0x7A, 0xBD, 0x59, 0xE1, 0x8B, 0x2C, 0xBE, 0xAD, 0x11, 0xD1, 0x55,
    0xCF, 0x6D, 0x13, 0x5C, 0xF9, 0xDC, 0x2F, 0xF6, 0x78, 0x0C, 0xD2, 0xD6, 0xC5, 0x2C, 0xE6, 0x16,
    0xC8, 0xE9, 0xED, 0x8E, 0xE5, 0x9E, 0x9E, 0x0A, 0xCC, 0x78, 0xA8, 0x38, 0x4A, 0xC6, 0xBB, 0xEF,
    0x66, 0x8B, 0x4D, 0x8B, 0x55, 0xE9, 0x63, 0x03, 0x63, 0x3D, 0x13, 0x96, 0x66, 0x0C, 0x80, 0x59,
    0x23, 0x9B, 0x07, 0x52, 0x78, 0x62, 0x8A, 0x97, 0x15, 0xE3, 0x72, 0xC6, 0x4E, 0x17, 0x66, 0xE3,
    0xFD, 0x17, 0x9F, 0xAF, 0x57, 0xCC, 0x91, 0x02, 0xF4, 0x2B, 0xE1, 0x75, 0xE3, 0x84, 0x99, 0x23,
    0x01, 0xBF, 0x84, 0x3C, 0x20, 0xC1, 0xE4, 0x3A, 0x8E, 0xCA, 0x45, 0xC9, 0xF2, 0x17, 0x59, 0x3C,
    0xE7, 0xA6, 0x0E, 0xEF, 0x65, 0x29, 0x8A, 0xC7, 0x9B, 0x78, 0x8C, 0x54, 0xE9, 0x9E, 0xDF, 0x87,
    0xB8, 0x4D, 0x58, 0x59, 0x4D, 0x74, 0xE3, 0x7C, 0x1D, 0x0D, 0xCF, 0x1A, 0xB8, 0x18, 0x0F, 0x87,
    0x37, 0x72, 0x23, 0x31, 0x35, 0x7C, 0x78, 0x8B, 0x7F, 0x51, 0xFA, 0xD0, 0xA3, 0x44, 0x6F, 0xF6,
    0x72, 0x1C, 0xEB, 0xFD, 0xB0, 0xEE, 0x3B, 0xD7, 0x07, 0x58, 0x09, 0xC1, 0xDD, 0xD6, 0xC3, 0x70,
    0x7E, 0x1C, 0xFD, 0x73, 0x99, 0x39, 0x21, 0xCF, 0x46, 0x0E, 0x75, 0x14, 0xF4, 0xCB, 0xFD, 0x3F,
    0x6D, 0x53, 0x9B, 0xDB, 0x59, 0x53, 0xE5, 0xFD, 0xE0, 0xB0, 0x4D, 0xC7, 0xF2, 0x63, 0x22, 0x9B,
    0x9B, 0xFB, 0x7B, 0xE1, 0x5B, 0x6F, 0x01, 0x04, 0x40, 0xCC, 0xA7, 0xB9, 0x46, 0xCC, 0xF9, 0x12,
    0xB3, 0x08, 0xA7, 0xCA, 0xBB, 0x85, 0x4C, 0xC0, 0xFF, 0x18, 0xAE, 0xEC, 0x4A, 0x61, 0x8E, 0xCE,
    0xAB, 0x49, 0x29, 0x7C, 0x8F, 0x7A, 0x5F, 0xD5, 0x3B, 0x2D, 0x16, 0x9C, 0x23, 0xF2, 0xEC, 0xD8,
    0xAD, 0x9F, 0xBD, 0x67, 0x8B, 0x72, 0x67, 0x8D, 0xB9, 0x0A, 0xAB, 0x56, 0xFF, 0x07, 0xC5, 0x5A,
    0x3D, 0x6C, 0xDD, 0xD6, 0x15, 0x3E, 0x24, 0x2D, 0xD1, 0x36, 0x91, 0x50, 0x83, 0x84, 0x20, 0xB6,
    0x1B, 0x7A, 0xE8, 0x90, 0xFE, 0x99, 0x1D, 0x3C, 0x74, 0x90, 0x45, 0x26, 0x06, 0xEA, 0x31, 0x1A,
    0xFC, 0x90, 0xC1, 0x43, 0x3A, 0x78, 0x48, 0xDB, 0xC1, 0x19, 0x33, 0xD8, 0x22, 0x93, 0x0C, 0x1D,
    0x3A, 0x58, 0x53, 0x67, 0x0F, 0x5E, 0xAA, 0x14, 0xB0, 0x87, 0x0E, 0x09, 0x20, 0x87, 0x4C, 0x53,
    0xC0, 0x43, 0x86, 0xB2, 0x29, 0x8C, 0x0E, 0x1D, 0xFA, 0x8A, 0xA4, 0x0D, 0xE0, 0x0C, 0x66, 0x02,
    0x16, 0x79, 0x55, 0x48, 0xDE, 0x7E, 0xDF, 0xB9, 0x7C, 0x4F, 0x92, 0x63, 0x3B, 0x4E, 0x64, 0xD9,
    0x4F, 0xE2, 0xB9, 0x7C, 0xEF, 0x91, 0xBC, 0xE7, 0xEF, 0x9E, 0x9F, 0xEF, 0x3E, 0x91, 0x9D, 0xAF,
    0xA7, 0xE5, 0x1D, 0x7B, 0x12, 0xBE, 0x59, 0xDB, 0x13, 0xFF, 0xAB, 0xCA, 0x9E, 0xB8, 0x26, 0x1D,
    0x2E, 0x5A, 0xDB, 0x71, 0xC3, 0xDC, 0xAF, 0x7E, 0x2F, 0x32, 0x1A, 0x8D, 0x24, 0x31, 0xA6, 0x11,
    0x63, 0x4C, 0x1E, 0x83, 0xF0, 0xA4, 0xF4, 0xDA, 0x79, 0x53, 0x76, 0x8E, 0x49, 0xBD, 0x56, 0xB2,
    0xAA, 0xF1, 0x7A, 0xC1, 0x49, 0x5C, 0x5F, 0x0F, 0x5A, 0x9E, 0x84, 0xB5, 0x84, 0x8D, 0x9E, 0x34,
    0x92, 0x8C, 0x87, 0x93, 0xA2, 0xB4, 0x27, 0x8E, 0x11, 0x7B, 0x8D, 0xD7, 0x0D, 0x27, 0xB8, 0x89,
    0x27, 0xD1, 0x38, 0xAA, 0xDD, 0x1C, 0x27, 0x49, 0x99, 0x54, 0x7E, 0x85, 0x93, 0x22, 0x37, 0x79,
    0x50, 0x79, 0xFD, 0xAF, 0x7B, 0xC7, 0x6C, 0x5C, 0x2B, 0x31, 0x3B, 0xEE, 0xC6, 0xEC, 0x89, 0xE9,
    0x53, 0xE5, 0x67, 0x97, 0x7C, 0x72, 0xC0, 0xB1, 0x52, 0x9C, 0x0A, 0x4A, 0x1D, 0x93, 0xC8, 0x8A,
    0x10, 0xF6, 0x56, 0x02, 0xB2, 0x48, 0x01, 0xE4, 0x8A, 0x28, 0xFF, 0xA2, 0xD3, 0x66, 0x95, 0x1D,
    0xE3, 0x1A, 0xD7, 0x28, 0x3F, 0xC6, 0xB4, 0xCA, 0xE9, 0xFF, 0x5E, 0xD1, 0xF7, 0x4D, 0x1D, 0x57,
    0x3A, 0xAE, 0x17, 0xB9, 0x7E, 0x0F, 0x09, 0xAC, 0x00, 0xAD, 0x65, 0xDB, 0xCA, 0x9A, 0x94, 0xF1,
    0x78, 0x59, 0x99, 0x2E, 0xF2, 0x8B, 0x96, 0xE7, 0x51, 0x4B, 0x96, 0x5D, 0x63, 0x26, 0x03, 0xC7,
    0xCD, 0x4E, 0x76, 0x1D, 0x59, 0x05, 0x4D, 0x43, 0xB7, 0x16, 0xA7, 0xA8, 0xC2, 0x0F, 0xA1, 0x1F,
    0x53, 0x79, 0xB4, 0x44, 0x56, 0x39, 0x3D, 0xBE, 0x8A, 0x2B, 0x79, 0xD5, 0x0E, 0x34, 0xC6, 0x05,
    0x1D, 0x0A, 0x53, 0x25, 0xA6, 0xF3, 0x0C, 0x87, 0x3E, 0x6C, 0xE2, 0x6A, 0xE5, 0xE5, 0x36, 0xAA,
    0xE2, 0x6A, 0x39, 0x6C, 0xC0, 0x40, 0xF5, 0xFD, 0x78, 0xCC, 0x41, 0xB2, 0x9C, 0x03, 0x18, 0xE5,
    0x60, 0x99, 0xAB, 0xC2, 0xE6, 0xE9, 0x64, 0x1C, 0x57, 0xF1, 0x38, 0x8A, 0xB7, 0x4C, 0x95, 0xDD,
    0x5A, 0x0B, 0x8D, 0xE9, 0x0A, 0xD3, 0x7B, 0xE6, 0x72, 0x97, 0x99, 0x4E, 0x16, 0x1D, 0x4E, 0xB0,
    0x34, 0x4A, 0x79, 0x24, 0xA6, 0x02, 0xBF, 0x50, 0x79, 0x8E, 0x29, 0x69, 0x65, 0xF1, 0x27, 0xB2,
    0x87, 0x61, 0xD9, 0x0E, 0x97, 0xEC, 0x70, 0x83, 0x43, 0xBF, 0xD1, 0x62, 0x80, 0x86, 0x5A, 0xBF,
    0xA1, 0x81, 0x26, 0x81, 0x55, 0x4F, 0x68, 0xBD, 0x33, 0x1E, 0xEB, 0xA0, 0x66, 0x12, 0xDF, 0x3A,
    0xA8, 0x37, 0x91, 0xDD, 0x1A, 0xD4, 0xEB, 0xC7, 0xE4, 0x39, 0xAA, 0xC9, 0x72, 0x54, 0x93, 0xE3,
    0x79, 0xDA, 0xC9, 0x5A, 0x75, 0xA0, 0x05, 0x8D, 0x25, 0x46, 0x69, 0xA4, 0x34, 0xBC, 0x37, 0x5D,
    0x56, 0x7A, 0x49, 0xE9, 0x0D, 0x50, 0x30, 0x19, 0x8E, 0xC9, 0x63, 0x38, 0x26, 0x8B, 0xA1, 0x32,
    0x15, 0xA9, 0x29, 0x62, 0xE5, 0x2C, 0x2B, 0x67, 0xEB, 0x27, 0xEC, 0x74, 0x3A, 0x5C, 0xB2, 0x20,
    0xAB, 0x17, 0xE0, 0x3B, 0xA6, 0xF1, 0xDB, 0x08, 0x63, 0xD0, 0x38, 0x57, 0x28, 0x1C, 0x8E, 0x03,
    0x41, 0x13, 0xE3, 0x7D, 0x82, 0xC3, 0xC7, 0xE1, 0x3D, 0xF0, 0xC8, 0x8C, 0xD7, 0x16, 0x86, 0xBC,
    0x51, 0x70, 0x68, 0x49, 0x75, 0x03, 0x87, 0x75, 0xE9, 0xFA, 0xEF, 0xCA, 0xD2, 0x59, 0x98, 0x0A,
    0xC2, 0x67, 0x1D, 0x8C, 0x94, 0x19, 0xF0, 0x29, 0x59, 0x97, 0x98, 0xDC, 0x33, 0xB9, 0xAF, 0xDE,
    0x69, 0xAA, 0x61, 0xAC, 0x87, 0x71, 0x62, 0xC7, 0x2F, 0x3B, 0x3B, 0x7E, 0x61, 0xEC, 0x58, 0x9B,
    0x9B, 0x76, 0x4C, 0x3E, 0xB5, 0x63, 0xFC, 0xA5, 0x1D, 0x43, 0x63, 0x47, 0x6F, 0x18, 0x1D, 0x1D,
    0xFD, 0xDA, 0xAA, 0x32, 0x81, 0x7F, 0x71, 0xCC, 0xCC, 0xA0, 0x54, 0xB8, 0x29, 0xED, 0xBD, 0xD3,
    0x8C, 0x92, 0x59, 0x3B, 0x7A, 0xC3, 0x6A, 0x55, 0xCF, 0xDE, 0xF5, 0xB2, 0x8B, 0x36, 0x68, 0x54,
    0x9A, 0x70, 0xA2, 0xC2, 0xC0, 0xB3, 0x29, 0x8B, 0xBB, 0xAE, 0xA2, 0x88, 0x95, 0x44, 0x16, 0x54,
    0x90, 0xAC, 0x51, 0x39, 0x8A, 0x46, 0xC5, 0x80, 0x7E, 0x29, 0x05, 0xD4, 0x45, 0x21, 0x38, 0x40,
    0x06, 0x0E, 0x10, 0x81, 0x03, 0x24, 0xE0, 0xE0, 0xD9, 0xC1, 0xE1, 0xA0, 0xEC, 0xC3, 0x06, 0xE4,
    0x3E, 0x68, 0x94, 0xF9, 0xA0, 0x56, 0xDE, 0x83, 0x7A, 0x97, 0x07, 0xAA, 0x99, 0x1D, 0xEB, 0x81,
    0x9E, 0xB1, 0x91, 0x72, 0x58, 0xC2, 0x0B, 0xFA, 0xC6, 0xFA, 0x57, 0xB7, 0xED, 0x6B, 0x72, 0x75,
    0x10, 0x6A, 0x75, 0x09, 0xF1, 0x28, 0xFE, 0xC2, 0x54, 0x11, 0xAC, 0x68, 0xEA, 0xA4, 0x3D, 0x6A,
    0xAE, 0x4D, 0x7C, 0x38, 0xBC, 0x3F, 0xF1, 0x40, 0xBD, 0x87, 0xA4, 0x71, 0x1F, 0x9A, 0xD3, 0x6D,
    0x62, 0x22, 0xD0, 0x1D, 0x1E, 0x3D, 0xD9, 0xE6, 0x52, 0xD5, 0xEB, 0x58, 0xE5, 0xBE, 0x3B, 0x4C,
    0xFE, 0x33, 0x17, 0x1F, 0xAE, 0x04, 0x60, 0x3F, 0xBA, 0x03, 0xED, 0x06, 0x64, 0xD0, 0xD9, 0x5E,
    0x3A, 0x47, 0x74, 0x5D, 0xE9, 0x6D, 0x29, 0x05, 0x2B, 0x07, 0x12, 0xFC, 0x13, 0x77, 0x84, 0x97,
    0xF1, 0xD8, 0xF8, 0x25, 0x90, 0x84, 0x96, 0x5C, 0xE3, 0x8C, 0xDD, 0xCB, 0x78, 0x82, 0x31, 0x3D,
    0xFC, 0x0E, 0xE1, 0xD3, 0x83, 0xFA, 0x52, 0x7F, 0x0C, 0xCF, 0x0F, 0x2B, 0x49, 0xAA, 0xA2, 0x75,
    0x4D, 0xCB, 0x90, 0xD4, 0xCE, 0xC1, 0x94, 0x11, 0xDC, 0x9F, 0xA1, 0xCC, 0x37, 0x83, 0xA9, 0x5F,
    0x1D, 0x26, 0x5D, 0xE2, 0x22, 0x1E, 0x63, 0xB9, 0x37, 0x92, 0x9D, 0x81, 0xCB, 0xE0, 0xB9, 0x73,
    0x7C, 0xF6, 0x33, 0xAD, 0x04, 0x06, 0xAE, 0xF4, 0x15, 0x22, 0x27, 0xDE, 0xD3, 0xDB, 0xCD, 0x39,
    0xBA, 0x00, 0x82, 0xCF, 0xC4, 0xA4, 0x4E, 0xBA, 0x38, 0x48, 0xB4, 0x12, 0x94, 0xF1, 0x35, 0xCA,
    0xE2, 0x34, 0x43, 0x9C, 0xC2, 0x82, 0xC7, 0x6A, 0xB7, 0x51, 0xF8, 0x1B, 0xFE, 0x3B, 0x4C, 0x8C,
    0x88, 0x59, 0x2D, 0x38, 0xB2, 0x19, 0xA6, 0x6B, 0x2B, 0x12, 0xB7, 0x5C, 0x8D, 0xEE, 0x95, 0x81,
    0xBB, 0x78, 0x22, 0xD9, 0x44, 0x82, 0x09, 0xBD, 0xF7, 0x9E, 0xFF, 0xB1, 0xC1, 0x74, 0x43, 0x92,
    0xBC, 0xEE, 0x43, 0x59, 0x9B, 0x11, 0x54, 0x9E, 0xBC, 0x47, 0x3B, 0xD0, 0x26, 0x5E, 0x3D, 0xD5,
    0xEE, 0xFC, 0x56, 0xCA, 0x30, 0x8D, 0x9C, 0x80, 0xF0, 0x2A, 0xE1, 0x04, 0x9A, 0x80, 0x23, 0x19,
    0x04, 0x64, 0xA4, 0xC0, 0x2C, 0xA7, 0xC6, 0x52, 0x10, 0x73, 0x17, 0xC1, 0x17, 0x25, 0x52, 0x64,
    0x52, 0x22, 0xA0, 0x14, 0x69, 0xC2, 0x24, 0x13, 0xF5, 0xE7, 0xB0, 0xD6, 0xE0, 0x3D, 0x7C, 0x1E,
    0x66, 0x9B, 0xD3, 0x7C, 0x71, 0x40, 0xDC, 0xFA, 0x14, 0xCC, 0x39, 0x61, 0x54, 0xB3, 0x4E, 0x7A,
    0x78, 0x48, 0x84, 0xBC, 0xA0, 0xE8, 0x39, 0x71, 0x19, 0x36, 0x59, 0x15, 0x55, 0x08, 0x8A, 0x65,
    0xF8, 0xF5, 0x63, 0x8C, 0x54, 0x3B, 0xC9, 0xCA, 0x00, 0xC6, 0x74, 0x0D, 0x9E, 0x33, 0x37, 0xCD,
    0xFE, 0xDF, 0x13, 0xE8, 0x36, 0x3A, 0x8D, 0xC7, 0x06, 0x77, 0x4A, 0x86, 0x35, 0x7E, 0x78, 0x63,
    0x6A, 0xC1, 0x51, 0x3A, 0x3A, 0x5B, 0x98, 0xF7, 0x4D, 0x9F, 0x99, 0xB4, 0x80, 0x23, 0x4B, 0x58,
    0x3D, 0x34, 0x41, 0x9E, 0x64, 0x1E, 0x8A, 0x4B, 0x98, 0x22, 0x29, 0x5D, 0xF3, 0x3B, 0x93, 0xAA,
    0x47, 0xA9, 0x43, 0xA0, 0xCA, 0xE0, 0x92, 0x9A, 0x03, 0x69, 0x62, 0x90, 0xF6, 0x12, 0xB3, 0xF7,
    0x64, 0xEA, 0xE3, 0xEE, 0xAE, 0x3C, 0x1F, 0xD7, 0x71, 0x0D, 0xC9, 0x21, 0x7B, 0x54, 0x47, 0x28,
    0x34, 0xEA, 0xF0, 0x41, 0xA4, 0x01, 0x09, 0x7A, 0x5C, 0x0C, 0xA5, 0xC0, 0x9B, 0xCC, 0xC7, 0x10,
    0x69, 0x89, 0x75, 0x42, 0xC8, 0x79, 0x23, 0x12, 0x67, 0x04, 0xB5, 0xCD, 0xA7, 0xEB, 0x78, 0xFB,
    0xC1, 0x64, 0x20, 0xF3, 0x2F, 0xAC, 0x3F, 0x1E, 0xA1, 0x47, 0x24, 0x5A, 0xC9, 0x98, 0x59, 0x0D,
    0x76, 0xFE, 0x30, 0x98, 0xEA, 0x92, 0xDC, 0x12, 0xB9, 0x7A, 0x64, 0x1F, 0xC4, 0x17, 0xF9, 0x05,
    0xD3, 0x2A, 0xD5, 0x9B, 0x30, 0x82, 0x9C, 0xA2, 0xB2, 0xDF, 0x00, 0x57, 0xF1, 0x07, 0x70, 0xE7,
    0xF8, 0xCD, 0xC9, 0xE3, 0x11, 0xDF, 0xBE, 0x9E, 0xD2, 0x6A, 0x8D, 0xE4, 0xBD, 0x69, 0xA4, 0x72,
    0xAB, 0xC7, 0xA4, 0x08, 0xFF, 0x05, 0xE8, 0xC0, 0xFF, 0x7B, 0x35, 0x44, 0x43, 0xB9, 0xF4, 0x04,
    0x15, 0x51, 0x87, 0xE0, 0xA0, 0xA5, 0x22, 0x32, 0xC6, 0x94, 0x48, 0x9D, 0x7F, 0xFD, 0x31, 0x29,
    0xE2, 0xA9, 0x59, 0x65, 0xA3, 0x01, 0x4D, 0x2E, 0x3E, 0x41, 0x45, 0x9C, 0x24, 0xD9, 0xD4, 0xF4,
    0xA6, 0x5C, 0x31, 0x00, 0x78, 0x24, 0xE7, 0x0F, 0xED, 0xBF, 0x22, 0x34, 0x53, 0x35, 0x88, 0x0D,
    0x9D, 0xAC, 0xFC, 0xDC, 0xC8, 0x22, 0xC2, 0x31, 0xBC, 0x33, 0x9F, 0x1B, 0xA1, 0xA8, 0xC6, 0x4A,
    0xD5, 0x23, 0x4F, 0xD2, 0x24, 0xCF, 0x24, 0xFE, 0x6B, 0x8F, 0x40, 0x82, 0x04, 0x81, 0xD2, 0x53,
    0x98, 0xA8, 0x12, 0xA4, 0x38, 0x4B, 0xE6, 0x50, 0x93, 0xCA, 0xB3, 0x0C, 0x5D, 0x89, 0x26, 0x53,
    0x92, 0x67, 0xDD, 0x74, 0xDF, 0x73, 0x30, 0x82, 0x59, 0x84, 0x8C, 0xC1, 0x43, 0xB3, 0x11, 0x02,
    0x59, 0x7C, 0xB3, 0xD6, 0xE3, 0xF0, 0x8B, 0xEB, 0x7B, 0xCF, 0xC5, 0x11, 0xB9, 0x8C, 0x6D, 0x4D,
    0xC4, 0x17, 0x7B, 0x4A, 0xB7, 0x9B, 0x12, 0xF9, 0xE3, 0xBE, 0x57, 0x19, 0x21, 0x38, 0x8F, 0x70,
    0xA8, 0x82, 0xF9, 0xEA, 0x86, 0x79, 0x58, 0x6D, 0x9C, 0x7F, 0x24, 0xD5, 0xC6, 0xF0, 0x68, 0x36,
    0x14, 0x3A, 0x94, 0x77, 0x97, 0xAC, 0xEC, 0x8A, 0xCF, 0x6A, 0xE0, 0x66, 0x3B, 0x29, 0x17, 0xEC,
    0x10, 0x9A, 0xF7, 0xE9, 0xAE, 0x49, 0x56, 0x32, 0x89, 0xAD, 0x25, 0xE5, 0x41, 0xE6, 0xB2, 0x44,
    0x1B, 0x84, 0x89, 0x0E, 0x28, 0x4E, 0xE9, 0xE8, 0x01, 0x4A, 0x11, 0x88, 0x1E, 0xDE, 0xCA, 0x6E,
    0x5F, 0xE1, 0xF3, 0x75, 0x02, 0x94, 0x89, 0x25, 0x32, 0x20, 0x7B, 0xB5, 0x30, 0x75, 0x27, 0x18,
    0xA2, 0xD4, 0x03, 0xFB, 0xB7, 0x8B, 0x34, 0x36, 0xF4, 0x51, 0x5C, 0xE8, 0xEB, 0x44, 0x21, 0x6F,
    0x56, 0x03, 0xD3, 0xDA, 0x53, 0x81, 0x17, 0x21, 0xF1, 0x4D, 0x76, 0x6C, 0x28, 0x18, 0xB2, 0x33,
    0x3D, 0x0A, 0x5B, 0xAF, 0xF5, 0x26, 0x4B, 0x1E, 0xAA, 0x4E, 0x39, 0x8A, 0x06, 0x06, 0xD9, 0xBE,
    0xBF, 0x9A, 0x7C, 0xCA, 0xB2, 0x81, 0x75, 0xAB, 0x61, 0x75, 0x66, 0x5E, 0x36, 0xFF, 0x79, 0x07,
    0xC2, 0x9B, 0x26, 0xEE, 0x03, 0x53, 0xC1, 0xFB, 0x21, 0xD5, 0x7C, 0xB1, 0xCE, 0x82, 0xA3, 0x1D,
    0x0A, 0x98, 0x0E, 0x0A, 0x46, 0x2F, 0x76, 0x03, 0x0C, 0x21, 0x26, 0x64, 0x5C, 0x85, 0x5C, 0x10,
    0xAA, 0x72, 0x90, 0x23, 0x1B, 0x29, 0x39, 0x4B, 0x4D, 0x3A, 0xDF, 0xA3, 0xF7, 0x9D, 0x33, 0xAB,
    0x28, 0x3C, 0x50, 0xF0, 0x36, 0xB0, 0x47, 0x64, 0x36, 0x7A, 0x16, 0x30, 0x3D, 0x9F, 0xF7, 0x09,
    0x3C, 0x81, 0x3A, 0x73, 0x56, 0x17, 0x55, 0x58, 0xF8, 0x05, 0xBE, 0xF0, 0x26, 0xD1, 0x9F, 0xC5,
    0x6B, 0x60, 0x63, 0x94, 0xEA, 0x63, 0x7B, 0xE6, 0xF6, 0x28, 0x84, 0x84, 0x92, 0x3A, 0x5B, 0x57,
    0x87, 0xD2, 0xCA, 0xFB, 0x2F, 0x6C, 0xE2, 0xB1, 0x83, 0x86, 0x77, 0xC0, 0x88, 0xA5, 0xD3, 0xD2,
    0x6A, 0x08, 0x41, 0xB7, 0xDF, 0xEE, 0xD3, 0xE8, 0xDF, 0xAF, 0x60, 0x31, 0x6B, 0x1A, 0x2D, 0x3E,
    0x91, 0x59, 0x15, 0x0C, 0xF3, 0xAD, 0x85, 0x74, 0xD7, 0x6B, 0x6C, 0x30, 0x18, 0xD5, 0x9C, 0x59,
    0x07, 0xFE, 0xED, 0xA4, 0x9C, 0x1B, 0xC9, 0x20, 0x65, 0x64, 0x20, 0x25, 0xDE, 0xA0, 0x0B, 0xC3,
    0x27, 0x0D, 0x48, 0x64, 0xDE, 0x36, 0x62, 0x2D, 0xB3, 0x2D, 0x25, 0x1C, 0xC9, 0xAB, 0x36, 0xC5,
    0xFD, 0x1C, 0x13, 0x6A, 0x4C, 0x00, 0x1B, 0x87, 0xA7, 0xB8, 0x4A, 0xBA, 0xEA, 0xB0, 0xEB, 0xD5,
    0x7E, 0x32, 0x5B, 0x08, 0xAB, 0x24, 0x0D, 0xCB, 0x24, 0xE7, 0x18, 0x6C, 0xC1, 0xF3, 0xC1, 0x94,
    0x7F, 0x7B, 0x5D, 0xC8, 0x79, 0x78, 0x6B, 0x04, 0x73, 0x9B, 0x0A, 0xB2, 0xD5, 0xF1, 0xED, 0x6B,
    0x75, 0x96, 0x06, 0x38, 0xA2, 0x71, 0xB2, 0x45, 0x4B, 0x73, 0xA9, 0xAC, 0x7F, 0xAD, 0x74, 0x0B,
    0xEF, 0x94, 0xD3, 0x76, 0x65, 0x73, 0x47, 0xE9, 0xB6, 0x9A, 0x98, 0x0F, 0x60, 0x67, 0xC8, 0x80,
    0x10, 0xEC, 0x10, 0xB0, 0xD1, 0x5E, 0x3C, 0x22, 0x3E, 0x93, 0x40, 0xB7, 0x1D, 0xE1, 0x18, 0x56,
    0x83, 0x9E, 0xE1, 0x59, 0xA7, 0x30, 0x8D, 0x82, 0x36, 0x09, 0x62, 0x64, 0x1B, 0xB2, 0x90, 0x46,
    0x2D, 0xEB, 0x75, 0x0E, 0xCB, 0xEE, 0x32, 0x9B, 0x60, 0x5D, 0x44, 0x54, 0xA7, 0x93, 0x3E, 0x4F,
    0x4D, 0xAF, 0x04, 0xAA, 0xE9, 0x74, 0xE8, 0x83, 0xDD, 0xC9, 0xAC, 0x4D, 0x3A, 0x80, 0xE3, 0x28,
    0xB5, 0x9F, 0x90, 0xF8, 0xED, 0xB4, 0x73, 0xDA, 0x49, 0x12, 0xC8, 0xD2, 0x46, 0x1D, 0x08, 0xBC,
    0x00, 0x6F, 0x73, 0x90, 0xF7, 0x58, 0x81, 0xE2, 0x6B, 0xB7, 0xEF, 0x79, 0x09, 0xEC, 0xE1, 0x72,
    0x35, 0xE1, 0xBA, 0x1A, 0x24, 0xE0, 0x52, 0x3E, 0x4D, 0xF5, 0xE7, 0x9A, 0xB8, 0x17, 0x1F, 0x59,
    0xE9, 0x2D, 0xF7, 0x28, 0xBD, 0xB5, 0x08, 0x9E, 0x4C, 0xE5, 0x72, 0xFB, 0x7C, 0x0A, 0x4D, 0x2C,
    0x3D, 0x7C, 0xDD, 0x1D, 0x8F, 0xF1, 0xCD, 0x50, 0x77, 0x3B, 0xD4, 0x74, 0xC8, 0x0E, 0x6D, 0x28,
    0x7D, 0x12, 0x78, 0x3A, 0xD5, 0xA9, 0x19, 0x68, 0x34, 0x0D, 0x3B, 0xD9, 0x6E, 0x8C, 0xEB, 0x09,
    0x09, 0xE8, 0xA8, 0xA7, 0xC1, 0x08, 0x1A, 0xF4, 0xF6, 0x41, 0x60, 0x4D, 0xEF, 0x27, 0xC4, 0x1B,
    0x6F, 0xA2, 0x69, 0xC4, 0x67, 0x45, 0x35, 0x24, 0x7D, 0x86, 0xB8, 0x11, 0x31, 0x22, 0xC6, 0xB5,
    0x2A, 0x4E, 0x93, 0x32, 0x91, 0x42, 0x9E, 0xA3, 0xD3, 0xB0, 0x76, 0x8D, 0xC0, 0x60, 0xD2, 0x51,
    0x57, 0xA9, 0x38, 0x0C, 0x1A, 0xEC, 0x86, 0xA2, 0xF1, 0x01, 0x94, 0x19, 0xA7, 0x70, 0x9E, 0xDD,
    0x2A, 0x4A, 0x44, 0x57, 0xF8, 0x09, 0xE6, 0x46, 0xFC, 0x70, 0xD2, 0x05, 0xF1, 0x4B, 0x78, 0xFD,
    0x17, 0xB5, 0x6D, 0xEB, 0xB9, 0xCE, 0x77, 0x94, 0x10, 0x98, 0x23, 0xD5, 0xF4, 0xBE, 0x61, 0x64,
    0x19, 0x73, 0xFC, 0x78, 0x36, 0x07, 0x95, 0x01, 0x3E, 0xF9, 0x1C, 0xC8, 0x6D, 0x53, 0x1A, 0x6F,
    0x66, 0x11, 0x92, 0xA5, 0xCB, 0xE0, 0x69, 0x0D, 0x0D, 0x5B, 0x06, 0x6F, 0x65, 0x5C, 0x76, 0x36,
    0x14, 0xDD, 0x0B, 0x5F, 0xA8, 0x83, 0xBF, 0x55, 0x04, 0x3E, 0xB0, 0x96, 0x7E, 0x30, 0x20, 0x56,
    0x30, 0x59, 0x48, 0x6D, 0xE0, 0x41, 0x0F, 0xFC, 0x37, 0x4C, 0x68, 0x28, 0x93, 0x22, 0x74, 0xA6,
    0xB5, 0x9C, 0x48, 0x2D, 0x94, 0xB9, 0x34, 0x45, 0x63, 0x13, 0xAA, 0x83, 0x31, 0x07, 0x91, 0x74,
    0xAC, 0x68, 0xE6, 0x1A, 0x5C, 0x40, 0xE1, 0xCC, 0x8B, 0xA2, 0x80, 0x5D, 0x5C, 0x2F, 0x5B, 0x58,
    0x96, 0x75, 0x4E, 0x3B, 0x80, 0xB0, 0xD1, 0xFD, 0x60, 0xD9, 0xFA, 0x6E, 0x58, 0x36, 0x1A, 0x63,
    0xC5, 0x8F, 0x15, 0x3A, 0x8C, 0x6A, 0xB7, 0x56, 0x60, 0x33, 0xA9, 0xBC, 0x9A, 0xC8, 0xA6, 0x18,
    0x84, 0x22, 0x42, 0x9B, 0x0C, 0xC1, 0x63, 0xC5, 0x36, 0xC1, 0x46, 0xB5, 0x1B, 0x38, 0x56, 0x17,
    0xB6, 0x88, 0xA7, 0x45, 0x5D, 0xE5, 0xDE, 0xA8, 0x6B, 0x62, 0xD1, 0xD6, 0x3A, 0x43, 0x76, 0x27,
    0x47, 0x97, 0xCE, 0x59, 0xF4, 0xF5, 0x75, 0xC5, 0xE0, 0xC2, 0xE6, 0x78, 0x52, 0x59, 0x21, 0x76,
    0xA1, 0xAF, 0xD1, 0xD8, 0x6F, 0x2D, 0xEA, 0x1A, 0xD6, 0x4F, 0x0D, 0xCC, 0x9D, 0x50, 0xDE, 0x8A,
    0x5B, 0x6B, 0xB1, 0xC5, 0xAB, 0xBB, 0x81, 0xB3, 0xF6, 0x6E, 0xB0, 0xC9, 0x29, 0x2A, 0x0B, 0xE9,
    0x58, 0x96, 0xB3, 0x6A, 0x07, 0xDC, 0x73, 0x7F, 0xB8, 0xD5, 0x3C, 0x00, 0x6E, 0x2D, 0x75, 0x18,
    0xE0, 0xD6, 0x4E, 0x87, 0xA0, 0x09, 0x77, 0xC1, 0xAD, 0xD9, 0x0E, 0xB8, 0x35, 0x99, 0xC1, 0xAD,
    0xC3, 0xCB, 0x4F, 0x07, 0x40, 0x51, 0xDD, 0xD2, 0x63, 0x29, 0xB3, 0x5D, 0x2B, 0xEE, 0x73, 0xAA,
    0x12, 0x76, 0xFA, 0xB5, 0x5D, 0x50, 0x5C, 0xA0, 0x6C, 0x42, 0x0E, 0xED, 0x67, 0xAA, 0x92, 0x60,
    0xC0, 0x6D, 0x65, 0xD6, 0x6C, 0x58, 0xA4, 0x41, 0xE6, 0x67, 0x0A, 0x51, 0x30, 0x50, 0x14, 0x0B,
    0x14, 0x85, 0x02, 0xC5, 0x22, 0x81, 0x16, 0x08, 0x54, 0x1C, 0xD0, 0xC2, 0x99, 0x16, 0xCC, 0xB4,
    0x50, 0xA6, 0x05, 0x32, 0x2D, 0x8C, 0x69, 0x41, 0x4C, 0x0B, 0x61, 0x5A, 0x00, 0xD3, 0xC2, 0x97,
    0x16, 0xBC, 0xB4, 0xD0, 0xA5, 0x05, 0x2E, 0x2D, 0x6C, 0x29, 0x72, 0x50, 0xAD, 0xAF, 0x7E, 0x9B,
    0x4F, 0xD9, 0x73, 0xEB, 0x69, 0xAB, 0x3C, 0x43, 0xF5, 0x08, 0xEA, 0xD1, 0xDD, 0x6B, 0x21, 0xA4,
    0x27, 0x44, 0xF4, 0x84, 0x60, 0xDD, 0x37, 0x10, 0x22, 0x79, 0x29, 0x81, 0xBC, 0x74, 0x10, 0x33,
    0x9B, 0x82, 0x8A, 0xC1, 0x27, 0x33, 0x28, 0x9B, 0x41, 0xD8, 0x53, 0xC8, 0xEE, 0x0C, 0x2B, 0xE5,
    0xD3, 0x20, 0xFE, 0x3F, 0xD2, 0x01, 0x5F, 0x56, 0x04, 0xF5, 0xAE, 0x12, 0x3A, 0xFA, 0x4E, 0x25,
    0xF4, 0xD4, 0x08, 0x0C, 0x63, 0xDE, 0xFF, 0x06, 0xD9, 0x6E, 0xD8, 0x19, 0xFC, 0xB7, 0x4A, 0x7B,
    0xDC, 0x2C, 0xAD, 0x55, 0x16, 0xF7, 0x5C, 0x4E, 0x4F, 0x5F, 0x9E, 0xF5, 0x68, 0x8B, 0x9B, 0x0F,
    0xC0, 0xBE, 0x67, 0xE1, 0xE0, 0x6D, 0x67, 0x7F, 0xD2, 0xC5, 0xB5, 0x35, 0x4E, 0x48, 0x0F, 0x88,
    0xF3, 0x29, 0x2C, 0xA1, 0x75, 0xD4, 0x71, 0x79, 0xF4, 0xB5, 0xF6, 0xB0, 0xFD, 0x56, 0x4E, 0xFD,
    0xAD, 0x98, 0xE1, 0x10, 0xB3, 0xC5, 0xE2, 0x14, 0xEB, 0xC7, 0xA1, 0xF9, 0x6E, 0x93, 0x0A, 0x41,
    0xF8, 0x45, 0xF9, 0x15, 0x30, 0x7E, 0x33, 0x22, 0xD6, 0xD1, 0xD8, 0xC5, 0xF3, 0xAA, 0xE0, 0x2F,
    0x4D, 0x52, 0xC5, 0x88, 0x49, 0xD5, 0x26, 0xC8, 0x47, 0x35, 0xC8, 0x67, 0xCC, 0xBF, 0xC8, 0x35,
    0x75, 0x84, 0x20, 0x5B, 0x85, 0x2A, 0x39, 0xFA, 0x6D, 0xDD, 0x6F, 0x91, 0x8B, 0x31, 0xAC, 0xB9,
    0x60, 0x57, 0x3F, 0x27, 0x82, 0xDA, 0xA0, 0x0D, 0x81, 0xAF, 0xA8, 0xE4, 0xD3, 0x65, 0x68, 0xD3,
    0xFC, 0x75, 0xE8, 0x07, 0x1D, 0x33, 0xD3, 0x3C, 0xA2, 0x75, 0x59, 0xD4, 0xC9, 0x9F, 0x50, 0xDF,
    0x7F, 0xF8, 0x61, 0x9D, 0xDC, 0x41, 0x9A, 0x6F, 0x31, 0x0D, 0x2A, 0xF7, 0x88, 0xF1, 0x10, 0xFA,
    0x3B, 0x35, 0xE0, 0x89, 0x2E, 0xD5, 0xC5, 0x5C, 0x2B, 0x41, 0xDD, 0xB1, 0x7A, 0xCB, 0x20, 0xD4,
    0x1A, 0x4B, 0xC4, 0x43, 0x4E, 0xB9, 0xDF, 0x2D, 0xE2, 0xB1, 0x63, 0x22, 0x97, 0x56, 0x70, 0x23,
    0x8C, 0x17, 0x47, 0xA9, 0x84, 0xBF, 0x45, 0x92, 0x1B, 0xBC, 0x6F, 0x6F, 0xBE, 0xCC, 0xFE, 0x32,
    0xE0, 0x3A, 0x8C, 0x99, 0x3B, 0x4E, 0xF9, 0x20, 0x0B, 0x4E, 0xBE, 0xDF, 0xF2, 0xC8, 0x2F, 0x45,
    0x21, 0x86, 0xF0, 0x5A, 0x2D, 0xC7, 0x9C, 0x7A, 0xB6, 0x67, 0xB2, 0x17, 0x59, 0x0E, 0xE2, 0x19,
    0xB1, 0x57, 0x49, 0xFC, 0x56, 0x23, 0xE1, 0xBF, 0x5A, 0x71, 0x1B, 0x28, 0xEB, 0xE4, 0xFC, 0xD0,
    0x2E, 0x8C, 0xCE, 0x62, 0xE1, 0x70, 0xF7, 0xB2, 0x45, 0xBD, 0xCF, 0x7C, 0x7C, 0x11, 0xC7, 0x49,
    0xCF, 0x6E, 0xD4, 0x6A, 0xDD, 0xA7, 0x47, 0xBF, 0x91, 0x0E, 0x9F, 0x2D, 0x70, 0xEF, 0x0C, 0xC7,
    0x26, 0x77, 0xCC, 0x78, 0x1F, 0x77, 0xCB, 0xDC, 0x17, 0xAD, 0xEE, 0x83, 0x9B, 0x68, 0xEF, 0x3E,
    0x46, 0x5D, 0x54, 0x83, 0xF7, 0x2B, 0xAF, 0x4D, 0x53, 0x0B, 0x9C, 0x6B, 0xC2, 0x67, 0xC1, 0xF5,
    0x8B, 0x34, 0x42, 0x5A, 0xD1, 0xBF, 0x19, 0xC4, 0x62, 0x9B, 0xA6, 0x84, 0x15, 0xDD, 0xD6, 0xB9,
    0x14, 0xA9, 0x25, 0x75, 0xD9, 0x99, 0xF0, 0x3E, 0x07, 0x8E, 0x19, 0x77, 0x4C, 0x62, 0x22, 0x35,
    0x0C, 0x9C, 0xCE, 0x3D, 0x52, 0xBE, 0xE5, 0x48, 0xAE, 0xB5, 0x9E, 0xBB, 0x85, 0x9C, 0x9B, 0x2F,
    0x23, 0x38, 0x2F, 0xEC, 0x99, 0xE7, 0xE3, 0xAE, 0x5C, 0x0C, 0xD3, 0x02, 0x99, 0xF3, 0x37, 0x8D,
    0x5F, 0xB5, 0xB2, 0x7E, 0x8C, 0x7E, 0x32, 0x3A, 0x8B, 0x6E, 0x8B, 0x18, 0x7C, 0x52, 0x3E, 0xC4,
    0x7F, 0xE5, 0xD2, 0x1D, 0xBA, 0xE7, 0x8F, 0xC9, 0xE6, 0x25, 0x84, 0x40, 0x49, 0x62, 0x09, 0x5F,
    0xCA, 0x7D, 0x6F, 0x9A, 0x56, 0xD1, 0x71, 0xC3, 0x95, 0x7A, 0x6E, 0xBC, 0xDC, 0xF3, 0x1F, 0x61,
    0x27, 0x84, 0x1B, 0x9D, 0xC7, 0x09, 0xC2, 0x5E, 0xB9, 0xEC, 0x57, 0xD6, 0x79, 0xBF, 0xDB, 0x5E,
    0x8A, 0x73, 0x15, 0xF5, 0x84, 0xAC, 0x15, 0xF9, 0xF5, 0x20, 0x17, 0xE7, 0xDB, 0x6D, 0xA4, 0xB8,
    0x82, 0x79, 0x43, 0x42, 0xAF, 0xE1, 0x47, 0xAC, 0xE5, 0x1B, 0xAE, 0x1A, 0xDD, 0x52, 0x39, 0x36,
    0x4B, 0x05, 0xFB, 0xBB, 0x91, 0xE2, 0xBE, 0x61, 0xFD, 0xD2, 0xFF, 0xB8, 0xD6, 0x7E, 0x40, 0x1A,
    0x2C, 0xCA, 0xD7, 0x7E, 0xBA, 0xF7, 0x8D, 0x14, 0x8D, 0xAA, 0x91, 0x99, 0x76, 0x70, 0xAF, 0x33,
    0xE6, 0x2D, 0xB8, 0x8F, 0x69, 0x77, 0x68, 0x7E, 0x5D, 0xB1, 0x63, 0x67, 0x0B, 0x7E, 0x50, 0x9E,
    0x18, 0x7A, 0xEF, 0xBD, 0x09, 0x74, 0x90, 0x0D, 0xDA, 0x0A, 0xB7, 0xBC, 0x92, 0x33, 0xAC, 0x38,
    0x68, 0x2F, 0xB7, 0xE6, 0xEF, 0x44, 0x5E, 0x3B, 0xB4, 0xB3, 0xDE, 0x67, 0x47, 0x22, 0xB1, 0xFD,
    0x9D, 0x85, 0xF6, 0x1B, 0xDE, 0x6E, 0xA2, 0x68, 0xC3, 0x05, 0x85, 0x5B, 0x73, 0x90, 0x9E, 0xCB,
    0x4F, 0x7B, 0x8E, 0x84, 0x1D, 0x48, 0x3C, 0xC3, 0x18, 0x3C, 0xE6, 0xA8, 0x92, 0x6D, 0x45, 0xA9,
    0x3B, 0x13, 0x73, 0xE9, 0xBC, 0x8F, 0x3A, 0x27, 0x0F, 0x2F, 0x97, 0xB0, 0x97, 0xF7, 0xD1, 0x58,
    0x4A, 0x2D, 0xCD, 0x57, 0x17, 0xE3, 0xCF, 0xBB, 0xE2, 0xCB, 0xEE, 0x28, 0xCA, 0xD3, 0xEE, 0xC0,
    0x7D, 0x7C, 0x2D, 0xCF, 0x60, 0x03, 0xD5, 0x8C, 0x62, 0x0F, 0x8A, 0x29, 0x8D, 0x59, 0x40, 0xE4,
    0x8F, 0x89, 0x77, 0x39, 0x92, 0x72, 0xCF, 0xFC, 0xB3, 0xD6, 0x27, 0x52, 0xBA, 0xF0, 0xED, 0x18,
    0xCF, 0x17, 0x45, 0x37, 0xFB, 0xC4, 0x9B, 0xB0, 0xF6, 0xE9, 0x59, 0x39, 0xC5, 0x84, 0x78, 0x3C,
    0xB9, 0xF2, 0x58, 0xD0, 0x78, 0xA7, 0x84, 0x3F, 0x31, 0x72, 0x63, 0x89, 0xF0, 0x23, 0xAE, 0x11,
    0xD9, 0xE4, 0xCE, 0xC0, 0xC9, 0xE7, 0xF7, 0x63, 0x53, 0x6A, 0x69, 0xDA, 0x95, 0x29, 0xC4, 0x19,
    0x32, 0xD5, 0x1D, 0x94, 0xD5, 0xC7, 0xB3, 0xF1, 0x30, 0x4F, 0x95, 0x26, 0x2C, 0x47, 0x7B, 0xB4,
    0xDF, 0x52, 0x85, 0x76, 0xB3, 0xF5, 0xD1, 0x4B, 0x79, 0xE1, 0x2A, 0x97, 0x2D, 0x42, 0x04, 0xDB,
    0xC5, 0x44, 0xB2, 0x14, 0x47, 0xFE, 0x13, 0xED, 0x42, 0x89, 0x65, 0x44, 0x90, 0xDF, 0x67, 0x8D,
    0xCE, 0xE4, 0x16, 0x18, 0x79, 0x1E, 0x45, 0xC1, 0x26, 0xAE, 0xBA, 0x21, 0x85, 0x14, 0x6F, 0xF4,
    0xDA, 0x08, 0x66, 0x48, 0xFA, 0x0E, 0x99, 0xFE, 0x21, 0x79, 0x4E, 0x6D, 0xA9, 0x9A, 0x0C, 0xBB,
    0x57, 0xAB, 0x2A, 0x10, 0xEA, 0x82, 0xF8, 0x4E, 0x9D, 0x38, 0x4D, 0x26, 0x75, 0x36, 0x66, 0x43,
    0x18, 0x1A, 0x16, 0x8B, 0x0B, 0xD1, 0xE4, 0x1D, 0x6F, 0xD2, 0x79, 0x4D, 0x61, 0xC6, 0x44, 0x97,
    0x56, 0x59, 0xD4, 0x38, 0xAD, 0xD6, 0xFF, 0x9B, 0xC4, 0x47, 0x1D, 0xFE, 0xFE, 0x67, 0xC4, 0x8C,
    0xA0, 0xBF, 0xB4, 0x22, 0x39, 0xD3, 0x46, 0xE5, 0x0A, 0x5C, 0xBC, 0x3C, 0x05, 0x92, 0x1F, 0xF0,
    0xDA, 0xB9, 0xE1, 0x97, 0x08, 0x0F, 0x41, 0xFC, 0x4E, 0xCB, 0xEF, 0x4A, 0x7B, 0xE9, 0x69, 0x49,
    0x7B, 0x65, 0xFA, 0xAD, 0xD3, 0x4E, 0x37, 0xFC, 0x14, 0xE5, 0x75, 0x06, 0x20, 0xAF, 0x25, 0x2C,
    0xE8, 0x12, 0x4C, 0x41, 0x3E, 0x9E, 0x3C, 0xD3, 0xAD, 0xDE, 0x3B, 0x13, 0x99, 0x3F, 0x10, 0x1F,
    0x84, 0x05, 0xC1, 0xCF, 0xE1, 0x94, 0x48, 0x4D, 0xA8, 0xFF, 0x71, 0x8A, 0x87, 0x38, 0xE8, 0x7D,
    0x63, 0xC4, 0xB0, 0x02, 0x71, 0xF6, 0x06, 0x92, 0x22, 0xEA, 0x67, 0x2C, 0xC1, 0xE1, 0x67, 0x09,
    0xFA, 0x7B, 0x9F, 0x89, 0x26, 0xF3, 0x90, 0xC9, 0x9C, 0x45, 0x11, 0x9B, 0x65, 0x6D, 0xA7, 0x39,
    0x1A, 0xDB, 0x9C, 0x5D, 0x20, 0xCA, 0x5C, 0x6B, 0x80, 0xFD, 0xD1, 0x55, 0xEB, 0xA0, 0xF3, 0x5A,
    0x70, 0xA1, 0xB8, 0x7A, 0x0B, 0x87, 0xD3, 0xC9, 0x73, 0x94, 0x41, 0x01, 0x29, 0xEE, 0x95, 0xD5,
    0xF8, 0xBE, 0xD5, 0x67, 0xFA, 0xEB, 0xCC, 0x01, 0xC5, 0xF6, 0xE6, 0x04, 0xE7, 0x8C, 0x1B, 0xF4,
    0x07, 0x68, 0x1F, 0xE9, 0x79, 0xB3, 0x0A, 0x1F, 0xAD, 0x18, 0x97, 0x54, 0xF0, 0xBE, 0xEA, 0xE1,
    0xAB, 0xF1, 0x76, 0x77, 0x94, 0x6C, 0xF7, 0xC3, 0xF0, 0x7E, 0x42, 0x3F, 0x95, 0xFE, 0x0A, 0x2F,
    0x2F, 0x14, 0xD9, 0x09, 0x9A, 0xFB, 0x53, 0x63, 0xCC, 0x8C, 0xF6, 0x1B, 0xD7, 0x1E, 0x70, 0x25,
    0xD3, 0x10, 0x53, 0x7A, 0xC1, 0x22, 0x86, 0xCF, 0x7F, 0x18, 0x38, 0x97, 0x9F, 0xD1, 0x5B, 0xAD,
    0x7D, 0xB7, 0x37, 0x80, 0xDC, 0x96, 0xC5, 0x7F, 0x07, 0xB7, 0x57, 0x9C, 0xDE, 0x35, 0x77, 0x40,
    0x7A, 0x7C, 0xE5, 0x76, 0xCE, 0x37, 0x91, 0xC0, 0x9C, 0x31, 0x65, 0x64, 0x2E, 0x9B, 0xF2, 0xFF,
    0x5D, 0x51, 0xB1, 0x4E, 0x1C, 0x31, 0x10, 0x7D, 0x66, 0x2F, 0xBB, 0x02, 0x17, 0xBE, 0x62, 0x53,
    0x80, 0x10, 0xA6, 0xB8, 0xE2, 0x22, 0x71, 0xB8, 0xA1, 0xF4, 0xED, 0x0C, 0x34, 0x94, 0x54, 0xFC,
    0x01, 0x1F, 0x41, 0xC1, 0x69, 0x2D, 0x1A, 0x4A, 0xE8, 0x53, 0x40, 0x49, 0x97, 0x1F, 0x48, 0xC4,
    0xF4, 0x69, 0xF6, 0x0F, 0x72, 0x52, 0x8A, 0xB4, 0x57, 0x50, 0x10, 0x69, 0x61, 0x19, 0x1F, 0x1D,
    0x33, 0x96, 0x3C, 0x9A, 0xF1, 0xBC, 0x79, 0xF3, 0x5C, 0x63, 0x81, 0x16, 0x41, 0xAA, 0x0E, 0x69,
    0x03, 0x4E, 0xBC, 0x90, 0x66, 0xF6, 0xA1, 0x66, 0x7A, 0x14, 0x6F, 0xB0, 0x7F, 0xD8, 0x5B, 0x99,
    0x15, 0x49, 0x33, 0xE5, 0x31, 0xE8, 0xAF, 0xD0, 0x20, 0xB1, 0x4D, 0x18, 0x41, 0x03, 0x3D, 0x5F,
    0xCF, 0x59, 0x4B, 0xD1, 0x08, 0x7D, 0x97, 0x30, 0x70, 0xF9, 0x82, 0x2F, 0x20, 0x51, 0x4F, 0xA3,
    0x8C, 0x42, 0x56, 0x5A, 0xD7, 0xE9, 0x19, 0x19, 0xD8, 0x25, 0xF5, 0x57, 0xF3, 0x49, 0x34, 0xCF,
    0x95, 0x14, 0x5C, 0x2E, 0x43, 0x1F, 0xE3, 0xE5, 0x6C, 0x1E, 0xFD, 0xB3, 0xE1, 0xB2, 0x60, 0xF7,
    0x5B, 0xDC, 0xAD, 0x04, 0xCF, 0xF3, 0x43, 0x4C, 0x77, 0x73, 0xF3, 0xC8, 0x70, 0xB4, 0x42, 0x1E,
    0xEE, 0x15, 0xD5, 0x0B, 0xCC, 0x03, 0x76, 0x37, 0xD1, 0x10, 0x28, 0xC0, 0x9F, 0x25, 0x7B, 0x23,
    0xC5, 0x49, 0xE6, 0x65, 0x1E, 0xE1, 0x06, 0x6E, 0x7E, 0xC8, 0x51, 0x25, 0x63, 0x03, 0x1D, 0x24,
    0x1E, 0xB4, 0xF6, 0xA0, 0x2C, 0x02, 0x28, 0x79, 0xF1, 0x29, 0xE8, 0x66, 0x17, 0x68, 0xF0, 0x84,
    0x57, 0xFC, 0xD2, 0xDB, 0x73, 0x89, 0xBA, 0x69, 0x62, 0x3C, 0x1A, 0x7B, 0x76, 0xC9, 0x25, 0x42,
    0xC4, 0x58, 0xF1, 0x7C, 0xCA, 0x0B, 0xEC, 0xF1, 0x76, 0x99, 0x3E, 0xB8, 0x7F, 0x2B, 0x79, 0x87,
    0xDB, 0x6E, 0xB5, 0x5A, 0x2D, 0x5B, 0xD9, 0xC6, 0x96, 0x0A, 0xE6, 0x24, 0xBF, 0xAF, 0x71, 0xC8,
    0xA4, 0xE2, 0x59, 0x09, 0x98, 0xE4, 0x4E, 0x5E, 0xE0, 0x27, 0x9E, 0xEE, 0xA8, 0x33, 0x78, 0xEC,
    0xB3, 0x41, 0x11, 0x37, 0x7A, 0x54, 0x03, 0xDC, 0xBD, 0x34, 0x45, 0x57, 0x23, 0xCB, 0x75, 0x00,
    0xA1, 0xD3, 0x2C, 0x97, 0xFD, 0x9F, 0xF7, 0xB4, 0xD7, 0x4C, 0xFF, 0xA4, 0x19, 0x64, 0x4A, 0xB9,
    0xAA, 0x92, 0x7E, 0x68, 0xFB, 0x69, 0xB1, 0x6C, 0x0E, 0x08, 0xAC, 0x5F, 0x06, 0x45, 0x5E, 0xAD,
    0x05, 0x5E, 0x33, 0x24, 0x27, 0x1A, 0xD7, 0xB8, 0xD2, 0xF1, 0xAD, 0x6A, 0x0F, 0xBC, 0x03, 0xAD,
    0x55, 0xBF, 0x6F, 0x1C, 0x45, 0x14, 0x7E, 0xBB, 0xEB, 0xF3, 0x1A, 0x6F, 0x31, 0x29, 0x82, 0x84,
    0x51, 0x60, 0x1A, 0x17, 0x31, 0x8A, 0x18, 0x17, 0x2E, 0x68, 0xEE, 0x66, 0x90, 0x0B, 0x90, 0x28,
    0x72, 0x05, 0x6E, 0xA3, 0x20, 0xD1, 0xD0, 0xE0, 0xD0, 0x51, 0x1C, 0xDE, 0x41, 0x14, 0x51, 0x14,
    0xA1, 0xF0, 0x27, 0x58, 0x82, 0x22, 0x32, 0x05, 0x08, 0x81, 0x44, 0x61, 0xDF, 0x8D, 0xED, 0xE2,
    0x0A, 0x9A, 0x0D, 0x11, 0xFD, 0xD2, 0x9A, 0x22, 0x13, 0x69, 0x8B, 0x55, 0x74, 0xBE, 0xE5, 0x7B,
    0xB3, 0x77, 0xE6, 0x24, 0x90, 0xC1, 0x12, 0xF3, 0xCB, 0xCF, 0xF3, 0xBE, 0x37, 0xDF, 0x9B, 0xB7,
    0xEF, 0xCD, 0xD1, 0xDD, 0xBF, 0x37, 0x22, 0xDA, 0x74, 0xCA, 0x0A, 0xD2, 0x6E, 0xCD, 0xBC, 0x44,
    0x97, 0xF7, 0xD0, 0x0A, 0x7A, 0x6B, 0xE7, 0xCE, 0xD9, 0x77, 0xEE, 0x86, 0xDB, 0x3F, 0xB6, 0x8E,
    0x2E, 0xEB, 0x06, 0xF0, 0x94, 0x6E, 0xD0, 0x4F, 0x3B, 0x2F, 0xBE, 0xDD, 0x4A, 0x56, 0x93, 0x78,
    0x9B, 0x92, 0x4B, 0x7B, 0xA4, 0x1A, 0xA3, 0x1B, 0xAB, 0x1B, 0x73, 0x21, 0xBC, 0xBC, 0xB3, 0x03,
    0xA9, 0x71, 0x3C, 0x0F, 0x0E, 0x0E, 0x4C, 0xD3, 0x34, 0x16, 0xD3, 0x1C, 0x84, 0xC6, 0x22, 0x9A,
    0x9B, 0xFD, 0xF9, 0xC7, 0xCD, 0xF7, 0x3B, 0x34, 0x51, 0xF6, 0x7F, 0x19, 0x8F, 0x5F, 0x65, 0xFE,
    0xE0, 0x03, 0xFB, 0xC2, 0xE1, 0x58, 0xFC, 0x3F, 0x32, 0xA9, 0x13, 0x56, 0x91, 0xE6, 0x6E, 0x95,
    0x25, 0xEA, 0x90, 0x72, 0xD2, 0x09, 0xEE, 0xD8, 0xEF, 0x86, 0x00, 0x2A, 0xAB, 0x66, 0x3B, 0x12,
    0x3B, 0xD7, 0x03, 0x46, 0x5B, 0xB6, 0x91, 0x46, 0xD8, 0xC4, 0x11, 0x45, 0xA6, 0x9F, 0x1E, 0x7B,
    0xF1, 0x45, 0xA9, 0x32, 0xA7, 0x45, 0x18, 0x8F, 0x4A, 0xF5, 0xB0, 0x84, 0x71, 0x27, 0x32, 0xEA,
    0x17, 0x2F, 0xC7, 0x5E, 0x9C, 0x86, 0x11, 0x30, 0x5D, 0x61, 0xDA, 0x6F, 0x03, 0x0C, 0xB4, 0x17,
    0x2A, 0x99, 0xB2, 0xEA, 0x7A, 0x67, 0x66, 0x85, 0x43, 0xDA, 0xD3, 0xE4, 0x3B, 0x05, 0xB4, 0x89,
    0xF3, 0x6C, 0xF3, 0x11, 0xD1, 0x88, 0x28, 0x27, 0xDA, 0xA3, 0xF5, 0xEE, 0x9A, 0x6E, 0xA6, 0x18,
    0x1B, 0xDD, 0x35, 0x76, 0xB6, 0x1D, 0xBD, 0x30, 0xF6, 0x02, 0x26, 0x0F, 0x34, 0x1B, 0x73, 0xB9,
    0xF7, 0x97, 0x09, 0x04, 0x86, 0x85, 0x4D, 0x58, 0xF5, 0xF6, 0x3E, 0xE6, 0xFD, 0xE1, 0x70, 0x66,
    0x9E, 0x07, 0x96, 0x25, 0x18, 0x6B, 0xD7, 0x14, 0xDC, 0x35, 0xC2, 0xB3, 0x0E, 0x85, 0xA1, 0xBC,
    0xA2, 0xBC, 0x31, 0x79, 0xE3, 0xF2, 0x29, 0xE5, 0x25, 0x33, 0x5D, 0x23, 0x5A, 0xA3, 0xDC, 0x8E,
    0x5C, 0x6E, 0x97, 0x68, 0xD9, 0x7C, 0xA8, 0x4F, 0xCE, 0xF5, 0xD3, 0x29, 0xD6, 0x0E, 0xF5, 0x97,
    0xCD, 0x32, 0x02, 0xAD, 0x9D, 0x2C, 0x85, 0xD7, 0x85, 0x2A, 0xA5, 0x87, 0x5C, 0x08, 0x8F, 0x5B,
    0x22, 0x70, 0xCA, 0xE4, 0x6E, 0xE4, 0xB4, 0x99, 0xA7, 0xAA, 0xB9, 0x53, 0x5C, 0x2D, 0x55, 0xA3,
    0x17, 0xE9, 0x7F, 0x4B, 0x55, 0xA2, 0xD8, 0x66, 0xE5, 0xC6, 0xE3, 0x0F, 0x1E, 0x44, 0xF6, 0xDF,
    0x3B, 0x3E, 0xEA, 0x12, 0xC5, 0x5F, 0x12, 0x7D, 0x6D, 0x77, 0x3E, 0xDD, 0x3F, 0x3B, 0xBC, 0xE7,
    0x3E, 0x71, 0xC7, 0x63, 0x3A, 0x79, 0x05, 0xDC, 0x57, 0x18, 0xEC, 0xE6, 0x12, 0xA5, 0x37, 0xE9,
    0xD6, 0x3E, 0xFD, 0xF0, 0x5B, 0xFF, 0xE9, 0xD9, 0xF7, 0x5B, 0xC5, 0xE6, 0xEA, 0xD6, 0x66, 0xFC,
    0xEE, 0x26, 0x0A, 0xF9, 0x2A, 0xE3, 0x1A, 0xCD, 0x5B, 0xF4, 0x0D, 0xA5, 0x96, 0x05, 0xD9, 0x90,
    0x70, 0x2C, 0xE8, 0x5D, 0x2B, 0x43, 0x04, 0x8F, 0x90, 0x2E, 0x01, 0x33, 0x11, 0x6E, 0xD0, 0x0A,
    0x99, 0xAB, 0x67, 0x3B, 0x27, 0x7E, 0x26, 0x9C, 0x16, 0xC4, 0x9E, 0x1D, 0xC9, 0x87, 0x27, 0x8D,
    0x91, 0x13, 0xD2, 0x8D, 0xB8, 0xFD, 0xAC, 0xC8, 0x1B, 0xCA, 0xEA, 0x9E, 0xDC, 0xF6, 0x13, 0x85,
    0xB3, 0x06, 0x2A, 0xF1, 0xB5, 0x04, 0x4D, 0xAD, 0xE3, 0xE7, 0x95, 0xB0, 0x14, 0xFB, 0x99, 0x90,
    0x94, 0x3A, 0x79, 0x5E, 0x83, 0x2F, 0x73, 0x6A, 0xBB, 0x9C, 0x28, 0xE2, 0x32, 0x78, 0xE6, 0x46,
    0x43, 0xF8, 0x41, 0x69, 0x43, 0x1A, 0x7C, 0xAF, 0x11, 0xF5, 0xF1, 0x71, 0x69, 0xA1, 0x25, 0x65,
    0xE2, 0x33, 0x2F, 0x0A, 0xD4, 0x4E, 0xA8, 0xA2, 0xB0, 0x35, 0x48, 0xFC, 0x34, 0xF3, 0xE7, 0xE2,
    0xD7, 0x89, 0x3A, 0xAD, 0x74, 0x56, 0x76, 0x33, 0x77, 0x3D, 0x9E, 0xE3, 0x07, 0xC2, 0x40, 0x2D,
    0x1D, 0x00, 0xDA, 0x01, 0xA2, 0x0D, 0x40, 0x43, 0x02, 0x6C, 0x42, 0x00, 0x56, 0x04, 0x68, 0x1F,
    0xC8, 0x37, 0x91, 0xAC, 0x9A, 0x6B, 0xB4, 0x48, 0x7D, 0xEC, 0x89, 0x43, 0xA3, 0x92, 0x42, 0xBF,
    0xE7, 0xF5, 0xD8, 0xCB, 0xD3, 0x3A, 0xFB, 0x7D, 0x92, 0xF8, 0x61, 0xE4, 0x7B, 0xD4, 0x5F, 0x69,
    0x8B, 0x2E, 0x29, 0x0E, 0x09, 0x6A, 0x5C, 0x7C, 0xEC, 0xA7, 0x04, 0x48, 0x4E, 0x00, 0x69, 0x0B,
    0x98, 0x70, 0x00, 0xA6, 0x0E, 0x50, 0x78, 0x7F, 0x97, 0xA2, 0x9A, 0x52, 0x20, 0x1E, 0xD9, 0xBD,
    0xA4, 0x6C, 0xDD, 0x1A, 0xC4, 0x75, 0x86, 0x04, 0xD6, 0x48, 0x68, 0x51, 0x26, 0x35, 0x1D, 0xF2,
    0xE6, 0xCF, 0xF0, 0x40, 0xB9, 0xAC, 0x4A, 0xEA, 0xAC, 0x92, 0x85, 0x6E, 0x37, 0xD1, 0xEE, 0x11,
    0xDD, 0x1A, 0xA4, 0x6E, 0xA0, 0xB2, 0x27, 0x3E, 0x3B, 0xBD, 0xEF, 0x62, 0x2F, 0x01, 0xEE, 0xD2,
    0x4A, 0xAF, 0xEA, 0x6B, 0xF1, 0xA4, 0xE6, 0xB9, 0x04, 0x99, 0xEA, 0x2E, 0xC5, 0xA5, 0x30, 0xD9,
    0xF8, 0xBE, 0x63, 0x2C, 0xDB, 0xC0, 0xF6, 0x26, 0x9F, 0xB1, 0x6A, 0xDF, 0x40, 0x09, 0x8E, 0x70,
    0xC3, 0x06, 0xB5, 0x37, 0x0D, 0x53, 0xF3, 0xA4, 0xF3, 0x85, 0x79, 0x74, 0x31, 0x15, 0x7D, 0x46,
    0x72, 0xF6, 0x72, 0x45, 0xC8, 0x3D, 0xE5, 0x72, 0xF8, 0x8A, 0xD7, 0x19, 0x67, 0x74, 0x10, 0xF7,
    0xC5, 0xF7, 0x4F, 0x55, 0xBA, 0xD6, 0xD5, 0x2C, 0xDE, 0x88, 0x5B, 0x86, 0x6C, 0xC2, 0x17, 0xC6,
    0x19, 0xE1, 0x0D, 0x08, 0xF7, 0x80, 0x1A, 0x41, 0xA5, 0xB4, 0x68, 0x55, 0x72, 0x41, 0x55, 0x2F,
    0xA8, 0x1C, 0xA7, 0x41, 0x6B, 0xD9, 0x09, 0xCC, 0xFC, 0x76, 0xA8, 0x9A, 0x46, 0x25, 0xDE, 0x0A,
    0x6A, 0x38, 0xC9, 0xF0, 0xBE, 0xD3, 0xBA, 0x2C, 0xFA, 0x39, 0x72, 0xC8, 0xB3, 0x05, 0x8C, 0xD3,
    0xB0, 0x82, 0x77, 0xD7, 0x47, 0x23, 0x97, 0x35, 0x85, 0x6C, 0x8C, 0x80, 0xB3, 0xE7, 0x24, 0x2A,
    0x52, 0x05, 0x6B, 0x70, 0x24, 0xD2, 0x5D, 0x5C, 0x24, 0x92, 0xE1, 0xC3, 0x33, 0x4F, 0xB2, 0x60,
    0x8C, 0x2E, 0x58, 0x56, 0x8E, 0xB3, 0xAD, 0x13, 0x78, 0x57, 0x2D, 0x68, 0xB5, 0x03, 0x2B, 0x1E,
    0x69, 0xFC, 0x0E, 0x59, 0x70, 0xE2, 0x7D, 0x49, 0x3C, 0x16, 0x24, 0x31, 0xB5, 0xCB, 0x2E, 0x16,
    0xD0, 0x69, 0x62, 0xB6, 0x40, 0xD6, 0x72, 0x81, 0x4A, 0x2E, 0x10, 0x85, 0xB3, 0x03, 0x0D, 0x24,
    0xED, 0x02, 0xC9, 0x2A, 0xDE, 0x38, 0xFE, 0x24, 0x25, 0xE9, 0xCF, 0x71, 0xB1, 0x1C, 0xE1, 0xC4,
    0xF2, 0x15, 0xC2, 0x6C, 0x28, 0xD4, 0x5F, 0x36, 0x5F, 0x70, 0x25, 0x4D, 0xFC, 0xCB, 0x48, 0x9A,
    0x3F, 0x12, 0x7C, 0x55, 0x7C, 0x1D, 0x49, 0xAF, 0xCF, 0x4B, 0x99, 0x1D, 0x56, 0x0E, 0xEE, 0x23,
    0xA5, 0x0A, 0x2C, 0x90, 0x3A, 0x21, 0x80, 0x88, 0xA5, 0x98, 0xD2, 0x8F, 0xBA, 0xF9, 0xA3, 0x3A,
    0xCA, 0x9A, 0x72, 0x9D, 0x86, 0x66, 0xB1, 0x96, 0x06, 0xE2, 0x6D, 0xCF, 0xC5, 0x81, 0xF4, 0x46,
    0x75, 0x8C, 0x2B, 0x2E, 0x8F, 0xDB, 0x9E, 0xEB, 0x03, 0x1E, 0xA0, 0x40, 0x94, 0xE1, 0x0A, 0xE9,
    0x85, 0x12, 0x59, 0xA1, 0x3F, 0x01, 0x65, 0x52, 0xAF, 0x8E, 0x14, 0x31, 0x1C, 0xFE, 0x3A, 0x93,
    0xDD, 0x4D, 0xAE, 0xA2, 0x08, 0x10, 0xEC, 0x89, 0x22, 0x50, 0x27, 0xE8, 0x13, 0xDC, 0xB6, 0x09,
    0x0F, 0x80, 0xE1, 0xF4, 0xE9, 0xC3, 0x60, 0x4F, 0xC0, 0xF4, 0xE7, 0x31, 0x08, 0x1E, 0x00, 0x81,
    0x5A, 0xB3, 0x3C, 0xC0, 0xCE, 0xB5, 0x3C, 0x01, 0x9B, 0x20, 0x90, 0xAC, 0xB8, 0x04, 0xB9, 0x23,
    0x46, 0xCC, 0x85, 0x99, 0x29, 0xBF, 0xCE, 0x6E, 0x82, 0xA0, 0xF9, 0x44, 0x27, 0xF3, 0xF5, 0xD7,
    0xEF, 0x4F, 0x71, 0x83, 0x45, 0x8A, 0xFA, 0xD0, 0xD8, 0x97, 0xAD, 0x2D, 0xBA, 0x4A, 0x4C, 0x28,
    0x5A, 0x5B, 0x36, 0xF6, 0x43, 0xA3, 0x53, 0x9C, 0x8F, 0xC8, 0x4B, 0x38, 0x18, 0x82, 0x27, 0x24,
    0x2A, 0x0F, 0x24, 0xBF, 0x93, 0x56, 0xB4, 0xBA, 0xDE, 0xD9, 0xD4, 0x2D, 0x37, 0xF7, 0x50, 0x94,
    0x01, 0xCC, 0xAE, 0xA0, 0x92, 0x63, 0x68, 0x40, 0x7F, 0x84, 0x19, 0x30, 0x0B, 0xC8, 0x07, 0xB5,
    0x43, 0x80, 0x1F, 0x60, 0xF7, 0xD3, 0xB4, 0xA7, 0x10, 0x29, 0xCA, 0x07, 0xE8, 0x08, 0xFB, 0x09,
    0x3E, 0xA1, 0x7E, 0x1B, 0xB7, 0x2A, 0xD6, 0x32, 0x7A, 0x15, 0x6D, 0x72, 0x72, 0xC8, 0xAC, 0x27,
    0x57, 0xFC, 0x2B, 0x32, 0xDE, 0x29, 0xF7, 0x7C, 0x05, 0x6C, 0x81, 0x0E, 0x65, 0x83, 0x72, 0x0F,
    0xB9, 0x83, 0x8C, 0x58, 0xC4, 0x49, 0xDA, 0x17, 0xE8, 0x84, 0x95, 0xA6, 0xF7, 0x8A, 0xAC, 0x76,
    0x7A, 0x80, 0x1E, 0x51, 0x19, 0xEA, 0x55, 0x64, 0x78, 0x16, 0xD3, 0x4D, 0x34, 0xD6, 0x33, 0xC2,
    0x07, 0xC7, 0x17, 0x31, 0xEE, 0xF2, 0x45, 0x51, 0x26, 0x82, 0x85, 0x18, 0xE0, 0x3B, 0x58, 0x9A,
    0x68, 0x33, 0xD8, 0xB0, 0xD3, 0x7F, 0x1A, 0xF9, 0xED, 0x1F, 0xF4, 0x8F, 0xCE, 0xFE, 0xEE, 0x45,
    0xB6, 0xB6, 0x33, 0x3F, 0x1B, 0x5B, 0xB4, 0xD5, 0x31, 0xAB, 0xE2, 0x94, 0x95, 0x39, 0xEC, 0x55,
    0x22, 0x56, 0x92, 0xD7, 0x57, 0x98, 0x16, 0xB6, 0x45, 0xF1, 0x1F, 0xCE, 0x47, 0xB0, 0x3B, 0xF6,
    0x25, 0xBB, 0xBC, 0xB9, 0x33, 0xB4, 0xD5, 0xF4, 0xD8, 0x38, 0x78, 0x88, 0x1E, 0x8B, 0x7D, 0x8E,
    0x2A, 0xA4, 0xC8, 0x98, 0xBD, 0x3E, 0x72, 0x70, 0x6B, 0xDC, 0x33, 0x03, 0xD4, 0x50, 0x03, 0xE6,
    0xC1, 0x41, 0x13, 0x93, 0xDE, 0x24, 0x84, 0x1E, 0x4B, 0x07, 0x48, 0xCA, 0xBA, 0x03, 0x09, 0xEE,
    0xE5, 0x17, 0xA9, 0x57, 0xF4, 0x42, 0x91, 0xDF, 0xDC, 0x73, 0x2F, 0xA7, 0x52, 0xCE, 0xDC, 0xD9,
    0x7A, 0x6A, 0x64, 0x8D, 0x5C, 0x4A, 0x9B, 0xB3, 0x82, 0x3F, 0xCE, 0x71, 0x17, 0x09, 0xFE, 0x38,
    0xC7, 0xBB, 0x32, 0x91, 0x6A, 0xF3, 0x30, 0xFF, 0xC0, 0x1A, 0xA6, 0x94, 0x64, 0xAC, 0x39, 0xA5,
    0x0D, 0xF1, 0x11, 0xB6, 0x76, 0xB1, 0x26, 0xEE, 0xA2, 0xDA, 0xC4, 0x5B, 0x83, 0x47, 0x97, 0x40,
    0x0F, 0xD1, 0xE6, 0x3A, 0x58, 0x36, 0x77, 0xC1, 0x28, 0x08, 0x8B, 0x01, 0x26, 0xB9, 0x4B, 0x45,
    0x15, 0x77, 0x11, 0xA0, 0xFA, 0xFC, 0xB9, 0xD5, 0xB9, 0x88, 0x5A, 0x93, 0x1D, 0x31, 0xFF, 0x7C,
    0xF2, 0x95, 0xBD, 0x4F, 0x45, 0xF8, 0xEB, 0x68, 0x52, 0x14, 0x21, 0xBF, 0x90, 0xF3, 0x1E, 0xBE,
    0xC1, 0x12, 0xF8, 0x0B, 0x35, 0x8F, 0x31, 0x4E, 0x03, 0x31, 0x10, 0x45, 0xBF, 0x63, 0xA1, 0x2D,
    0x52, 0xB8, 0x42, 0x81, 0x6A, 0x0F, 0x40, 0xE1, 0x0B, 0x20, 0x8D, 0xA5, 0x5C, 0x80, 0x82, 0x08,
    0xCE, 0x00, 0x2D, 0x7D, 0xF6, 0x08, 0x1C, 0x81, 0x22, 0x05, 0xA4, 0xC9, 0x05, 0x22, 0x79, 0x73,
    0x83, 0x88, 0x13, 0x6C, 0x43, 0x8D, 0x11, 0x8B, 0xB4, 0x44, 0xF6, 0x0E, 0x63, 0x87, 0x58, 0xFA,
    0xD2, 0x9B, 0xD1, 0x78, 0xE6, 0x7F, 0x00, 0x20, 0xE6, 0x2E, 0x4B, 0xA7, 0xBB, 0x4E, 0x47, 0x2D,
    0x52, 0x8D, 0x8E, 0x80, 0x1E, 0xD7, 0xD0, 0xCC, 0x4E, 0xF3, 0x88, 0x5C, 0x5F, 0x8D, 0xCF, 0x32,
    0xDB, 0x61, 0x96, 0x5C, 0xA9, 0xAD, 0x70, 0xAE, 0x81, 0x05, 0x30, 0xE5, 0x3D, 0xEC, 0x67, 0x00,
    0xCD, 0x03, 0xFC, 0x24, 0x60, 0x94, 0x76, 0x02, 0x6A, 0x66, 0x51, 0x82, 0x8A, 0xF9, 0x4E, 0x12,
    0x45, 0xE8, 0x5E, 0x76, 0x07, 0xE0, 0xF1, 0xB0, 0x0E, 0x9E, 0x39, 0x90, 0xE7, 0xEE, 0x12, 0x67,
    0x50, 0x0F, 0x2B, 0x94, 0x27, 0x66, 0x9A, 0x13, 0x74, 0x05, 0x74, 0x34, 0x41, 0x1D, 0x61, 0xDA,
    0xD7, 0xAE, 0x40, 0xD5, 0xDB, 0x13, 0x2C, 0xDF, 0x26, 0xD9, 0xA2, 0xF9, 0x66, 0xAE, 0xB9, 0xD5,
    0xC9, 0xBF, 0xFB, 0x57, 0xAA, 0xDA, 0x6C, 0x9E, 0x1C, 0xCD, 0x25, 0xC1, 0x00, 0x72, 0xB6, 0x2F,
    0xB6, 0xC9, 0x19, 0xFE, 0x07, 0x25, 0xC3, 0x05, 0x2E, 0x6A, 0xF9, 0x25, 0xB0, 0xBB, 0x36, 0xAD,
    0x95, 0x24, 0xC4, 0xB4, 0x69, 0x96, 0x02, 0x26, 0xD1, 0x78, 0x34, 0xE5, 0x90, 0xAF, 0x9D, 0x3B,
    0x54, 0x12, 0xC1, 0x8A, 0x7C, 0x13, 0x55, 0xC2, 0x56, 0x0F, 0x78, 0x9A, 0xFD, 0xDE, 0x97, 0x64,
    0xF5, 0xCF, 0x2D, 0xCC, 0xD7, 0x0D, 0x3C, 0xF7, 0xD8, 0x1C, 0x5E, 0x50, 0x0D, 0xE2, 0x4F, 0xF6,
    0x2A, 0xFE, 0xD8, 0x4A, 0x53, 0x06, 0x72, 0x9E, 0x05, 0xFE, 0x00, 0x8D, 0x53, 0x3D, 0x6B, 0x1B,
    0x41, 0x10, 0x9D, 0xBD, 0xB3, 0xB9, 0xC0, 0x21, 0x9F, 0x0A, 0x35, 0x01, 0xC1, 0xB9, 0x49, 0x13,
    0x84, 0xAF, 0x49, 0x29, 0x6B, 0xD5, 0xA5, 0x75, 0xE3, 0xF8, 0x3F, 0xA4, 0x4A, 0x91, 0x42, 0x85,
    0x13, 0xE9, 0xA7, 0xA4, 0x70, 0xB5, 0x2E, 0xD2, 0x08, 0x2C, 0xF0, 0xD9, 0xA7, 0x9F, 0xA0, 0x9F,
    0x70, 0x75, 0xAA, 0x2D, 0x36, 0xB0, 0x84, 0xB5, 0xD6, 0xF3, 0xF6, 0x3E, 0x84, 0x71, 0x20, 0x19,
    0x76, 0x06, 0xED, 0x70, 0x33, 0xEF, 0xED, 0x9B, 0x11, 0x11, 0xEC, 0x03, 0x82, 0x63, 0x8F, 0x0D,
    0x87, 0x6C, 0xCB, 0x41, 0x7A, 0xEF, 0x9B, 0x50, 0xFC, 0x52, 0x15, 0xA5, 0x3B, 0xCE, 0x45, 0x16,
    0xDF, 0x95, 0x08, 0xA7, 0x08, 0x6F, 0xF0, 0x1D, 0xBB, 0xDF, 0x52, 0xEC, 0x35, 0xE5, 0xD5, 0x13,
    0x15, 0x72, 0x46, 0x03, 0x39, 0x6E, 0xF2, 0xFF, 0xF2, 0x83, 0x25, 0x08, 0x39, 0x70, 0x13, 0xDD,
    0x70, 0x39, 0xE0, 0x4B, 0xA5, 0xF6, 0x1D, 0x78, 0x5A, 0x83, 0xDF, 0x0A, 0x57, 0xF6, 0xB7, 0xF4,
    0x5F, 0x38, 0x03, 0x39, 0x21, 0x29, 0x97, 0x94, 0x79, 0x17, 0x78, 0x82, 0x2F, 0xCD, 0x5A, 0xE4,
    0x53, 0x34, 0xB2, 0x29, 0xBF, 0xC0, 0x30, 0x34, 0xB7, 0x6E, 0xA1, 0x97, 0x1C, 0xE6, 0x05, 0xA0,
    0xD3, 0x9D, 0xB0, 0x14, 0xDB, 0x94, 0x0B, 0x4D, 0xC2, 0x95, 0x43, 0xC1, 0x15, 0x5F, 0x49, 0x3C,
    0x51, 0xE2, 0xE7, 0xB9, 0xDF, 0x7D, 0xDF, 0x9B, 0xA9, 0xD3, 0x90, 0xAF, 0x3B, 0x23, 0x77, 0x71,
    0xED, 0x8C, 0xF4, 0x3A, 0xF3, 0xDB, 0xD8, 0x87, 0xE4, 0xB0, 0x41, 0x3B, 0x3B, 0xA8, 0x05, 0x36,
    0xB9, 0x3C, 0xA7, 0x63, 0x39, 0xEA, 0x99, 0xE2, 0x37, 0x72, 0x2F, 0x98, 0x9E, 0x85, 0x61, 0xF4,
    0x4E, 0xED, 0xAC, 0x9A, 0x63, 0xDB, 0x53, 0xDB, 0xC8, 0xDA, 0xB4, 0xB6, 0xC5, 0xDC, 0x56, 0xDE,
    0x7A, 0x6F, 0xA5, 0xBA, 0xE1, 0x39, 0x26, 0x86, 0x04, 0x8F, 0xF4, 0xE2, 0x45, 0x4D, 0x73, 0x78,
    0x8C, 0xE5, 0x84, 0xCA, 0x47, 0x2A, 0x8B, 0x55, 0x99, 0xD4, 0x5C, 0x55, 0x79, 0xF7, 0xF9, 0x56,
    0x63, 0xFC, 0x4B, 0xA2, 0x6F, 0x44, 0xA3, 0x56, 0xA2, 0xC8, 0x04, 0xFF, 0x12, 0x19, 0xE1, 0x04,
    0xAB, 0x24, 0x74, 0xBE, 0x12, 0x9A, 0xB9, 0x68, 0x16, 0x49, 0xB3, 0x46, 0x3F, 0xB0, 0x1D, 0x31,
    0xE6, 0x63, 0xBB, 0xD5, 0x80, 0x9D, 0x50, 0x37, 0xE7, 0xB0, 0x5A, 0x7F, 0xD4, 0x4F, 0x7E, 0x58,
    0x33, 0x50, 0x45, 0x53, 0xE4, 0x0B, 0x5C, 0x53, 0x84, 0xC8, 0x5C, 0x7E, 0x6A, 0x57, 0x2B, 0x54,
    0x0C, 0xFA, 0xD5, 0x10, 0xED, 0x46, 0x4A, 0x96, 0xC3, 0xB1, 0x2C, 0xB6, 0xA2, 0xCC, 0x56, 0x5B,
    0xB9, 0xB8, 0xD3, 0xE3, 0xC5, 0x7A, 0x47, 0x8B, 0x35, 0x05, 0xDF, 0xC0, 0x37, 0xAF, 0xFD, 0x60,
    0x93, 0xBE, 0x3B, 0xF7, 0x9B, 0x29, 0x7E, 0x2A, 0xBF, 0xC1, 0xD1, 0x7B, 0xC5, 0xFB, 0x8D, 0x24,
    0xAE, 0x7B, 0x04, 0x4B, 0xEF, 0x2E, 0x3F, 0xF6, 0x9B, 0x16, 0x2A, 0xC6, 0x5D, 0x93, 0xE1, 0xF0,
    0xEF, 0x30, 0x1D, 0x0D, 0xF6, 0xC9, 0x62, 0x5D, 0xCB, 0xCD, 0xBD, 0x06, 0xCD, 0xC8, 0x3E, 0x12,
    0x3D, 0xB0, 0x2C, 0x05, 0xF7, 0x4B, 0x57, 0x6D, 0x8F, 0x23, 0x0E, 0xD3, 0xAC, 0x5B, 0xBC, 0xDF,
    0x57, 0xD8, 0x06, 0x66, 0x32, 0x53, 0x2C, 0xD1, 0x35, 0xC3, 0xCE, 0x0B, 0x30, 0xC9, 0xC0, 0x24,
    0xD6, 0xF8, 0x47, 0x38, 0x28, 0x10, 0x2A, 0x60, 0xCF, 0xB5, 0x57, 0x3D, 0x6C, 0xE4, 0xC6, 0x15,
    0x7E, 0x5C, 0x7A, 0x45, 0x18, 0x2C, 0x78, 0x45, 0x54, 0x44, 0x07, 0x98, 0x8D, 0xDD, 0x1C, 0x90,
    0x9B, 0x94, 0x2E, 0xF6, 0x34, 0x83, 0x18, 0xAE, 0xAD, 0x42, 0xEB, 0x14, 0x2E, 0x2E, 0xB5, 0x5C,
    0xA8, 0x49, 0xA1, 0x42, 0x27, 0x12, 0x48, 0x91, 0x32, 0x0E, 0x90, 0x2E, 0x85, 0x5D, 0xA4, 0x38,
    0xD3, 0xC5, 0x35, 0x57, 0xC8, 0xC6, 0x9E, 0x48, 0xD8, 0x85, 0x4B, 0x33, 0xB5, 0x1B, 0x16, 0x4E,
    0x63, 0x17, 0x61, 0x00, 0x06, 0xA1, 0xEE, 0x48, 0x4E, 0xBE, 0x6F, 0xB8, 0xD4, 0xAE, 0x6C, 0x2B,
    0x77, 0x07, 0x3B, 0xC4, 0xCE, 0x5B, 0x72, 0x38, 0xF3, 0xBD, 0x37, 0xF3, 0x7E, 0xE6, 0xE3, 0xAE,
    0x11, 0xEF, 0x40, 0x55, 0x12, 0x56, 0x71, 0x2D, 0x51, 0x11, 0x35, 0x12, 0x17, 0x61, 0x2B, 0xDA,
    0xF8, 0x43, 0x96, 0x8B, 0x6F, 0xED, 0x20, 0x33, 0x6B, 0x3B, 0x11, 0x2B, 0x2D, 0xC4, 0x6F, 0x1A,
    0x91, 0xE4, 0x0F, 0xB5, 0x88, 0xFE, 0xB2, 0x14, 0x51, 0x5F, 0x17, 0x22, 0xF1, 0x3F, 0x53, 0x91,
    0xC8, 0x8A, 0x48, 0x38, 0x40, 0xF8, 0x3D, 0x05, 0xC6, 0x8A, 0x18, 0xB4, 0x1D, 0x08, 0xDB, 0x02,
    0x68, 0x10, 0xDF, 0xE4, 0xE8, 0xD0, 0xE9, 0xD8, 0x54, 0x21, 0xCA, 0x16, 0x9E, 0xB5, 0x45, 0x70,
    0x99, 0x17, 0x51, 0xA9, 0x52, 0x95, 0xEA, 0x54, 0x1B, 0x6D, 0x12, 0xD1, 0x92, 0xC8, 0x19, 0x5A,
    0x2F, 0xC9, 0xAC, 0x13, 0xFD, 0xD7, 0x9A, 0x43, 0x47, 0x78, 0x5C, 0xBB, 0xCB, 0xA5, 0x24, 0xD6,
    0x1A, 0xB4, 0xF4, 0x8D, 0x65, 0x0E, 0xAC, 0xEB, 0x4D, 0xA3, 0x9F, 0xED, 0xCE, 0xC7, 0x3F, 0x7C,
    0x97, 0x64, 0x36, 0xCD, 0x31, 0x17, 0x6D, 0x04, 0x93, 0xD9, 0x85, 0xF9, 0xBD, 0x68, 0x7B, 0xD9,
    0xC0, 0x14, 0x5B, 0xC2, 0x7A, 0x18, 0x53, 0x8B, 0x2E, 0xE3, 0x52, 0x6C, 0xA5, 0x0A, 0xFF, 0xBB,
    0x5A, 0x9B, 0xE8, 0x8F, 0x10, 0xFB, 0x7E, 0xAD, 0xA5, 0x0D, 0x6A, 0xFD, 0x56, 0x05, 0xF1, 0x4E,
    0x1A, 0xD6, 0x3A, 0x97, 0xA8, 0x52, 0x1D, 0x76, 0x0C, 0x33, 0x92, 0x34, 0x1A, 0x7E, 0x6B, 0x61,
    0x28, 0x36, 0x6B, 0x95, 0xD8, 0x52, 0x7E, 0xED, 0x1D, 0xCA, 0x74, 0x9D, 0x73, 0x4F, 0x3A, 0x6E,
    0x11, 0x77, 0x27, 0xE2, 0x42, 0x62, 0x1A, 0xB0, 0x9F, 0x63, 0x7B, 0x1E, 0x68, 0xEC, 0x62, 0x47,
    0xD1, 0xC6, 0x95, 0xCC, 0x6A, 0x80, 0xF9, 0x35, 0x1C, 0x11, 0x54, 0x41, 0x0B, 0x97, 0xF8, 0x54,
    0x00, 0xBB, 0x94, 0xF1, 0x2C, 0xFC, 0x02, 0x81, 0x85, 0xBB, 0x15, 0x58, 0x33, 0x5F, 0x62, 0x2F,
    0xB4, 0x1D, 0x37, 0x03, 0x6F, 0x4B, 0xC9, 0x05, 0xCE, 0xEC, 0x05, 0x18, 0x9D, 0x44, 0x8D, 0xD7,
    0x4A, 0xD0, 0xFA, 0xC0, 0xEB, 0x7C, 0x20, 0xF7, 0x61, 0x29, 0xDE, 0x10, 0x41, 0x91, 0x8D, 0xA1,
    0x37, 0x3F, 0x86, 0x05, 0xC9, 0x05, 0x7D, 0x42, 0xD3, 0x14, 0x05, 0xD4, 0x42, 0x54, 0x10, 0x9E,
    0x33, 0x7C, 0xB9, 0x34, 0x72, 0x0C, 0x1F, 0x21, 0x06, 0x6C, 0x11, 0x0D, 0x59, 0x66, 0x14, 0x5F,
    0xD2, 0x58, 0xF8, 0x07, 0x57, 0xEE, 0x04, 0xDE, 0xA6, 0x96, 0x22, 0xCF, 0xB2, 0x2C, 0x75, 0x7D,
    0x89, 0x99, 0xC6, 0xC5, 0xC4, 0x0C, 0xF8, 0x96, 0x5B, 0x5C, 0xC8, 0x6D, 0x0A, 0x91, 0x5F, 0x70,
    0x14, 0x75, 0xBE, 0xDB, 0x5F, 0xD3, 0xF1, 0xE8, 0x29, 0x74, 0x44, 0x25, 0xE6, 0xC2, 0xD2, 0x44,
    0x54, 0x0A, 0x1D, 0xDA, 0x5C, 0xD3, 0x31, 0x40, 0x07, 0x96, 0x26, 0x09, 0xC3, 0x51, 0x7F, 0x81,
    0x70, 0x8C, 0x9F, 0xC1, 0xAC, 0x70, 0xA3, 0x43, 0x51, 0x68, 0x99, 0xAC, 0x74, 0x17, 0xF4, 0xA6,
    0xA3, 0x0E, 0x0A, 0xF5, 0x0D, 0x5F, 0xA6, 0x37, 0x2C, 0xC1, 0xCD, 0x72, 0xD6, 0xAB, 0x4B, 0xEC,
    0x01, 0x91, 0x8B, 0x11, 0x79, 0x7E, 0x94, 0x19, 0xEE, 0x8A, 0x30, 0x35, 0x20, 0x6C, 0x25, 0x47,
    0xD9, 0x23, 0xC6, 0xFB, 0xCC, 0xC5, 0xA7, 0x8B, 0x2B, 0xED, 0x16, 0x9F, 0x3A, 0x50, 0x8A, 0x02,
    0x98, 0x0C, 0x40, 0x17, 0xF9, 0xE3, 0xD6, 0x70, 0x5C, 0xD0, 0x53, 0x6F, 0x43, 0x14, 0x44, 0x9B,
    0xBD, 0x14, 0x99, 0x73, 0x36, 0x3D, 0x24, 0xF7, 0xFF, 0x71, 0x4D, 0xC7, 0xFB, 0x03, 0x74, 0x78,
    0x1D, 0x75, 0x74, 0x9C, 0x7B, 0x41, 0x1D, 0xC9, 0x75, 0x1D, 0x8F, 0xBE, 0x85, 0x8E, 0xB0, 0x84,
    0x8E, 0xA0, 0x82, 0x0E, 0xBF, 0xC6, 0xB8, 0xD9, 0x33, 0xA7, 0xA3, 0x9D, 0x74, 0x38, 0x1B, 0xF5,
    0x95, 0x8D, 0x6E, 0xE5, 0x97, 0x6B, 0x1D, 0xD6, 0x25, 0xBA, 0xEC, 0x0C, 0x57, 0x8E, 0xFD, 0xD1,
    0x25, 0x8C, 0xD6, 0x2F, 0x97, 0xEF, 0x0D, 0x9C, 0xB1, 0x46, 0x3E, 0xCA, 0x0E, 0x5D, 0x66, 0xAE,
    0xE3, 0xD1, 0x25, 0x82, 0xED, 0x59, 0x0D, 0x62, 0x86, 0xDF, 0xFF, 0x4D, 0x0E, 0xA2, 0x1A, 0x68,
    0xFC, 0x3B, 0xA3, 0xDF, 0x49, 0xA4, 0xC4, 0x61, 0x8C, 0x85, 0x30, 0x11, 0x31, 0xE0, 0x09, 0x8A,
    0xD9, 0x3D, 0x58, 0xB1, 0xF0, 0xB8, 0xE1, 0x5C, 0x00, 0x92, 0x84, 0x33, 0x25, 0x44, 0xEC, 0xF8,
    0x68, 0x48, 0x15, 0x16, 0x23, 0xE7, 0x95, 0x5E, 0x5E, 0x41, 0xE9, 0x8A, 0x43, 0x14, 0x80, 0xB8,
    0x90, 0x1C, 0x2B, 0x19, 0xD0, 0xFA, 0x78, 0xDC, 0x18, 0x2C, 0xF2, 0x61, 0x6E, 0xFB, 0x2C, 0x7B,
    0x38, 0x6E, 0x21, 0x53, 0x07, 0xF9, 0xEC, 0x75, 0x23, 0x50, 0x40, 0xD0, 0x6A, 0x74, 0x9F, 0x4A,
    0xC7, 0x21, 0xC9, 0xD6, 0x10, 0xC4, 0x88, 0xBF, 0x3D, 0xA4, 0xD8, 0xF8, 0x80, 0xFF, 0x9C, 0xC2,
    0x7E, 0xBE, 0x27, 0x14, 0x21, 0x39, 0x8F, 0xF3, 0x9D, 0x37, 0x88, 0x37, 0x0D, 0x8A, 0xBE, 0x3F,
    0xA8, 0x5B, 0xDB, 0xA3, 0x47, 0x40, 0x24, 0xD7, 0x29, 0x7F, 0x8B, 0xD3, 0x93, 0xFC, 0xA2, 0x8B,
    0x6D, 0xE5, 0x5B, 0x03, 0x99, 0xE7, 0x1D, 0x7A, 0x6E, 0xB9, 0x57, 0x18, 0xE3, 0xFD, 0x8D, 0x65,
    0x48, 0xE7, 0xC5, 0x2A, 0x2C, 0x56, 0x01, 0x7F, 0x67, 0xF7, 0x0B, 0x6D, 0x4D, 0xE8, 0xCA, 0xB7,
    0x32, 0x49, 0x91, 0x14, 0x93, 0x89, 0x63, 0xCF, 0xA4, 0x61, 0x9F, 0xE2, 0x01, 0xC5, 0x8A, 0x82,
    0xE3, 0x3D, 0xA6, 0xF9, 0xAC, 0x16, 0xB7, 0xCA, 0x3B, 0x1F, 0xF9, 0xA5, 0x24, 0x75, 0x80, 0x0C,
    0xAE, 0xC3, 0x02, 0x66, 0x46, 0xA9, 0xCC, 0xDA, 0x98, 0x86, 0x2A, 0x0A, 0xCE, 0x7F, 0x72, 0x0F,
    0xE2, 0x8C, 0xF3, 0x35, 0xE7, 0x2B, 0xCE, 0xA7, 0x63, 0xC6, 0xFA, 0x83, 0x5A, 0x25, 0x72, 0x20,
    0x26, 0xEC, 0x82, 0x22, 0xB6, 0x38, 0x1B, 0xA2, 0x1E, 0x8E, 0x6C, 0x5C, 0xE3, 0xBD, 0xB2, 0x3A,
    0x8D, 0xBA, 0xA8, 0xF0, 0x0E, 0xBC, 0xD4, 0x33, 0x9E, 0x89, 0x9B, 0xB8, 0xD6, 0x7D, 0xD2, 0x3D,
    0xD0, 0xCD, 0x6A, 0x15, 0x95, 0x8B, 0x55, 0x54, 0x2D, 0x56, 0xAA, 0x59, 0x25, 0x5D, 0xDE, 0xAA,
    0x5A, 0xD5, 0x73, 0x33, 0x37, 0xBB, 0x9B, 0xE0, 0xFF, 0xC9, 0xC2, 0xD5, 0xDB, 0x2B, 0x31, 0x5D,
    0xBF, 0x92, 0xED, 0xFC, 0x1E, 0x4B, 0x3E, 0x97, 0xA4, 0xCA, 0xA9, 0xDA, 0x0C, 0xCF, 0xED, 0x67,
    0x52, 0x31, 0x7B, 0x5A, 0xD6, 0xF4, 0x76, 0x37, 0xB9, 0xE1, 0xBA, 0x73, 0x38, 0xC7, 0x66, 0x9A,
    0x9F, 0xE5, 0xF7, 0x70, 0x0F, 0xFE, 0x3B, 0x90, 0x31, 0x9E, 0x70, 0x64, 0xD0, 0x09, 0xB4, 0x25,
    0xA6, 0x55, 0xCA, 0x05, 0x1F, 0xE3, 0xE0, 0x02, 0x49, 0x21, 0x3D, 0xE2, 0xCF, 0xEB, 0x10, 0xA5,
    0x3E, 0x0E, 0x43, 0xF8, 0x1A, 0x53, 0xC2, 0x1A, 0xC7, 0x34, 0x4A, 0x36, 0x4F, 0x2A, 0x2C, 0x04,
    0x05, 0x88, 0x67, 0x38, 0xA2, 0x3A, 0x67, 0x98, 0x23, 0x16, 0xE7, 0x38, 0xD4, 0x11, 0xBB, 0xC0,
    0xD0, 0xC6, 0x15, 0x74, 0x8C, 0xC3, 0x21, 0x55, 0x21, 0x74, 0x83, 0x7A, 0x06, 0x7A, 0xD0, 0x00,
    0x65, 0x46, 0x3C, 0xE9, 0x80, 0xE3, 0x74, 0x48, 0xE2, 0x92, 0x88, 0x19, 0xA4, 0xB8, 0x99, 0x51,
    0x3F, 0x59, 0xE5, 0xEC, 0x63, 0x2A, 0xC9, 0xF1, 0x37, 0xA4, 0x28, 0x60, 0x1F, 0xA8, 0xE7, 0x65,
    0x5C, 0x69, 0x13, 0xD4, 0x09, 0xC0, 0xCE, 0x64, 0xF6, 0x52, 0x0D, 0x16, 0x1E, 0xBC, 0xEC, 0x1C,
    0x0D, 0x0B, 0x34, 0x48, 0x80, 0xBA, 0xCC, 0xAB, 0xD0, 0x9D, 0x3B, 0x3D, 0xD7, 0x09, 0xA3, 0xF6,
    0x58, 0xB8, 0xB1, 0x33, 0x28, 0x8D, 0xE1, 0xBF, 0x40, 0xAA, 0x6A, 0xE3, 0x22, 0xFA, 0x27, 0xB6,
    0xD7, 0x40, 0x48, 0x90, 0xA9, 0x08, 0xB7, 0xB1, 0x74, 0xC9, 0xCC, 0x65, 0x49, 0x3B, 0x89, 0xA0,
    0x91, 0xE7, 0x5C, 0xAF, 0x8A, 0xFC, 0x92, 0x67, 0x1A, 0xC8, 0x02, 0x85, 0xA6, 0x1F, 0xE6, 0x2C,
    0x03, 0xAF, 0x19, 0xB9, 0x2B, 0xC9, 0xE6, 0x85, 0x19, 0x8B, 0xFF, 0xFF, 0xBA, 0xBC, 0x0F, 0x26,
    0x3F, 0x6C, 0x94, 0x7B, 0x66, 0x3C, 0x32, 0x50, 0x33, 0x8A, 0xBD, 0xAD, 0xB1, 0x7B, 0x46, 0xB3,
    0x8E, 0xC0, 0x99, 0x2F, 0xAF, 0xE8, 0x46, 0x9B, 0x49, 0x2E, 0xC1, 0xA3, 0x1E, 0x6B, 0xFB, 0x5D,
    0xF3, 0x24, 0xB4, 0xD5, 0xEB, 0x72, 0x71, 0x55, 0xA8, 0x76, 0x5A, 0xF9, 0x9D, 0xB2, 0x7F, 0x6E,
    0x92, 0x63, 0x5B, 0x9F, 0xCC, 0x6C, 0x3A, 0xF5, 0x1F, 0x65, 0xD9, 0x47, 0xC8, 0xA9, 0x06, 0xAD,
    0x9E, 0xFA, 0xD6, 0xCF, 0x0D, 0x8E, 0xAE, 0x03, 0x87, 0xD9, 0x86, 0x46, 0xDB, 0x0F, 0xD3, 0xFD,
    0x63, 0x6B, 0x16, 0x8E, 0xCB, 0x72, 0xBB, 0x03, 0xA3, 0xEC, 0xFD, 0x54, 0x27, 0xE8, 0x0B, 0x06,
    0x79, 0x05, 0x75, 0xE9, 0x96, 0xC8, 0x2D, 0x9D, 0x7D, 0x52, 0x23, 0xFB, 0xEB, 0x9D, 0xFC, 0xE9,
    0x46, 0x37, 0xEE, 0xD9, 0xC7, 0x77, 0x1C, 0xE3, 0x36, 0xAB, 0x14, 0xBF, 0xC4, 0xC1, 0x81, 0xDF,
    0x51, 0xFE, 0x10, 0xA5, 0x77, 0xF7, 0xF2, 0x70, 0x7C, 0x44, 0x55, 0x8C, 0x26, 0xAA, 0x75, 0x65,
    0xCA, 0x0B, 0x9B, 0x2B, 0xAF, 0x0B, 0xF2, 0x4E, 0x35, 0x33, 0x4B, 0x56, 0x06, 0x2A, 0x99, 0x54,
    0x02, 0xF3, 0xF8, 0x17, 0x76, 0x23, 0xE9, 0xC4, 0x61, 0x38, 0x6A, 0xC2, 0xFD, 0xC2, 0x55, 0x1A,
    0x05, 0x1A, 0x81, 0x2D, 0x89, 0x5B, 0xF0, 0x41, 0xB9, 0xDD, 0xE2, 0x1E, 0xB7, 0xE8, 0x7F, 0x73,
    0xCD, 0xF7, 0x36, 0xE3, 0xDD, 0x75, 0x22, 0x21, 0xDC, 0xDB, 0xD1, 0x51, 0x49, 0x75, 0xBB, 0x07,
    0xBE, 0x67, 0x3F, 0xC0, 0x6D, 0x04, 0xB7, 0xE7, 0x06, 0x7C, 0x15, 0xFA, 0x49, 0x6A, 0x03, 0x30,
    0x52, 0x24, 0x6E, 0x32, 0x3E, 0x80, 0xA2, 0x18, 0xCE, 0x8D, 0xAF, 0x39, 0xF3, 0x4D, 0x09, 0x0D,
    0x03, 0x84, 0x24, 0x33, 0x6E, 0x77, 0x30, 0xC4, 0xCB, 0x4B, 0x96, 0xFD, 0xB0, 0xC3, 0x12, 0x68,
    0x4F, 0x42, 0xC3, 0xB0, 0x04, 0x58, 0x95, 0xD4, 0xBC, 0x45, 0x77, 0xE2, 0xC6, 0xDF, 0x73, 0x73,
    0x5F, 0x84, 0xB1, 0x4C, 0x82, 0xE7, 0xEB, 0xFA, 0xF1, 0x66, 0xC6, 0xB2, 0xCD, 0x43, 0x3D, 0x47,
    0xE2, 0xA0, 0x6B, 0xEF, 0x7B, 0x44, 0x11, 0xC5, 0x48, 0xA7, 0x23, 0x0F, 0x95, 0x51, 0x0C, 0xF2,
    0x84, 0x77, 0x98, 0xE5, 0x78, 0xA8, 0xFE, 0x1C, 0xB3, 0xD4, 0xB3, 0x7F, 0x5F, 0x23, 0x8A, 0xF1,
    0xB7, 0x99, 0x71, 0xE7, 0xF5, 0xD6, 0xA9, 0x31, 0x5E, 0xF3, 0xAB, 0x67, 0x47, 0x33, 0x09, 0xC5,
    0x0D, 0xDF, 0x5A, 0x91, 0xFF, 0x1F, 0xAC, 0x28, 0xA8, 0xB0, 0xA2, 0x88, 0x74, 0x2E, 0x62, 0xF6,
    0xE0, 0x03, 0x89, 0x94, 0x76, 0x2C, 0xAE, 0x06, 0xB3, 0xB0, 0xA2, 0xFE, 0xDA, 0x8A, 0xDE, 0x7F,
    0xFA, 0x17, 0xCE, 0x9A, 0x18, 0xA4, 0x13, 0xEB, 0x74, 0x05, 0x2D, 0x23, 0x0D, 0x34, 0xA4, 0xE1,
    0x26, 0x06, 0x8F, 0x77, 0x34, 0x68, 0xDC, 0x99, 0xE4, 0xCA, 0x92, 0x2D, 0xCE, 0x0E, 0xD6, 0xEB,
    0x4E, 0x22, 0xC3, 0xC5, 0x18, 0xB2, 0xDE, 0x35, 0x05, 0xE0, 0xE3, 0x46, 0xEC, 0x32, 0x0C, 0xF9,
    0x21, 0xE6, 0x22, 0x53, 0xEE, 0x64, 0x8F, 0x18, 0x39, 0x8E, 0x6B, 0x8D, 0x90, 0x23, 0x13, 0x36,
    0x9B, 0x53, 0x71, 0x77, 0xF9, 0x5E, 0xCF, 0xC1, 0x2D, 0x45, 0x89, 0x19, 0x87, 0x9B, 0xD0, 0x1E,
    0xB6, 0x84, 0x78, 0x1F, 0xBB, 0x63, 0xB6, 0x16, 0xAF, 0xFF, 0x14, 0x71, 0x57, 0x9E, 0xC7, 0x26,
    0x92, 0xF3, 0xA0, 0xB8, 0x2B, 0xE7, 0xB3, 0x6A, 0x81, 0xE8, 0xAE, 0x4F, 0x20, 0x9A, 0x33, 0x7C,
    0x0D, 0x34, 0x24, 0xA8, 0xED, 0x83, 0xE5, 0xA7, 0xCB, 0xE6, 0x94, 0x7D, 0xEE, 0xAD, 0x1B, 0x17,
    0x19, 0xCC, 0x08, 0xAA, 0x73, 0x7C, 0x3C, 0x0D, 0x9F, 0xF5, 0x34, 0x9F, 0xDB, 0x43, 0x95, 0x5B,
    0xF0, 0x6F, 0x13, 0x5E, 0x00, 0x6F, 0x84, 0xF0, 0x42, 0x78, 0x91, 0x1A, 0x14, 0x89, 0xF0, 0xD9,
    0x15, 0xFC, 0x92, 0xF0, 0x42, 0x78, 0x21, 0xBC, 0x10, 0x5E, 0x08, 0xCF, 0x6F, 0xB3, 0xE1, 0xDD,
    0xE7, 0xC2, 0x83, 0x55, 0x16, 0x77, 0x3B, 0x79, 0x5A, 0x2D, 0xB4, 0x5F, 0xD5, 0x27, 0xD1, 0x57,
    0x69, 0x73, 0x02, 0x02, 0xFB, 0xF8, 0x1C, 0x81, 0x74, 0x7E, 0xE2, 0x5B, 0x79, 0x7C, 0x1A, 0xFD,
    0xA9, 0x68, 0x16, 0xF8, 0xD2, 0xAC, 0xEF, 0xB6, 0x32, 0x54, 0x28, 0xFB, 0xFA, 0xC5, 0xE1, 0x0D,
    0xE1, 0x85, 0xF0, 0x02, 0xF8, 0x53, 0x89, 0x00, 0x0F, 0xA2, 0x06, 0xF8, 0x96, 0xF0, 0x15, 0xE1,
    0x53, 0x58, 0xBF, 0x4F, 0xEB, 0x5B, 0x5A, 0x5F, 0xDD, 0x64, 0x3D, 0xCF, 0x31, 0x47, 0x33, 0x5F,
    0xBE, 0xF1, 0x63, 0x63, 0x6A, 0x1B, 0x06, 0x19, 0xA7, 0x61, 0x81, 0x2F, 0x93, 0x52, 0x55, 0x60,
    0x69, 0x4E, 0xAA, 0x14, 0x9F, 0xCD, 0xE5, 0xE8, 0xFA, 0xFF, 0x02, 0xAD, 0x92, 0x31, 0x4E, 0xC3,
    0x40, 0x10, 0x45, 0xBF, 0x6D, 0x41, 0x0A, 0x17, 0xA1, 0xA0, 0xF7, 0x09, 0xD0, 0x1E, 0xC1, 0x56,
    0x88, 0x44, 0x9B, 0x22, 0x22, 0x52, 0x38, 0x01, 0x15, 0x27, 0x40, 0x0E, 0x15, 0x05, 0x0D, 0x37,
    0x80, 0x82, 0x96, 0x9E, 0xCE, 0x26, 0x27, 0xF0, 0x11, 0xDC, 0x50, 0xD1, 0xB8, 0x48, 0x61, 0xA1,
    0xDD, 0x1D, 0xFE, 0xEC, 0x0A, 0x5A, 0xA2, 0x08, 0x17, 0xDF, 0xD2, 0x7A, 0x3C, 0xEF, 0xCF, 0xDF,
    0x01, 0x90, 0xBC, 0x00, 0xB9, 0x3C, 0x49, 0x8B, 0x52, 0x44, 0x3A, 0xC8, 0x4A, 0xF2, 0x2E, 0xB5,
    0x89, 0x4B, 0xAB, 0xCC, 0x26, 0x16, 0xC8, 0xC6, 0x94, 0x6A, 0xF8, 0xD1, 0xA2, 0x09, 0x7A, 0xE5,
    0x56, 0x6E, 0x81, 0x49, 0x38, 0xDF, 0x5F, 0x8D, 0xE4, 0xD2, 0x13, 0x32, 0xA5, 0x02, 0xD7, 0x95,
    0x62, 0x77, 0xE0, 0x81, 0x03, 0x64, 0xE6, 0xC0, 0x9A, 0x11, 0x19, 0x0B, 0x49, 0x44, 0x00, 0x06,
    0x5E, 0xC0, 0xD9, 0xD8, 0x63, 0x0F, 0x51, 0x4A, 0xAB, 0x90, 0x96, 0x8C, 0x39, 0x30, 0x65, 0x03,
    0x32, 0x28, 0x72, 0x6E, 0xC1, 0xA9, 0x2C, 0x19, 0x2A, 0xB1, 0x78, 0xAB, 0x8C, 0xAD, 0x32, 0x66,
    0x87, 0x31, 0x80, 0x75, 0x98, 0xE4, 0x3E, 0x72, 0xF8, 0x90, 0x74, 0x21, 0x77, 0xA2, 0xF3, 0x78,
    0xDC, 0x92, 0x96, 0x38, 0xFC, 0xA4, 0x18, 0x62, 0x14, 0x1F, 0x72, 0xE4, 0x4B, 0x83, 0xBC, 0xF4,
    0xB1, 0xE9, 0x01, 0x2F, 0x23, 0x05, 0x51, 0x5D, 0x29, 0x46, 0x1E, 0x42, 0xA8, 0x58, 0xCF, 0xA3,
    0x17, 0x1F, 0xBD, 0xF8, 0xE8, 0xC5, 0xAB, 0x17, 0xE1, 0x0F, 0xC1, 0x8B, 0x8F, 0x5E, 0x7C, 0xF0,
    0xD2, 0x47, 0x2F, 0x7D, 0xF4, 0x52, 0xFD, 0x9B, 0x17, 0xDD, 0x2A, 0x18, 0xF2, 0xD9, 0x9E, 0x3B,
    0x66, 0xCF, 0x4E, 0x91, 0x8E, 0xD0, 0xD8, 0x93, 0xDF, 0xEC, 0x79, 0xB7, 0x61, 0x9F, 0x94, 0xBC,
    0xFC, 0x33, 0x76, 0xA7, 0x22, 0xAF, 0x46, 0xDE, 0xC5, 0x95, 0xD2, 0x36, 0xBA, 0x23, 0x47, 0x8C,
    0xFE, 0xF8, 0x51, 0x07, 0xD7, 0x51, 0x91, 0x89, 0x6C, 0xB8, 0x6D, 0x5D, 0xCD, 0x7B, 0xC9, 0x5B,
    0xD3, 0x51, 0x37, 0x05, 0x75, 0xD5, 0x16, 0x3D, 0x63, 0x19, 0x1A, 0xE9, 0xCC, 0xE7, 0xC0, 0x25,
    0x2F, 0x93, 0xE1, 0xE6, 0xA3, 0xAA, 0x31, 0xF0, 0xBC, 0xEE, 0x51, 0xE8, 0x5A, 0x56, 0x54, 0xAE,
    0x26, 0x35, 0x91, 0x1D, 0xF5, 0xA4, 0x18, 0xA9, 0x6F, 0x99, 0xAA, 0xCB, 0x76, 0xC5, 0xD7, 0x73,
    0x23, 0x3D, 0x0B, 0x6A, 0xD9, 0x4C, 0x78, 0xF1, 0x0B, 0x60, 0x89, 0x6F, 0x25, 0x8E, 0xB1, 0x0D,
    0xC3, 0x30, 0x0C, 0x04, 0xDF, 0x6A, 0x54, 0xA8, 0xC8, 0x08, 0x9A, 0x20, 0xE6, 0x06, 0x89, 0x87,
    0x4A, 0x1F, 0x8F, 0xE5, 0x22, 0x80, 0x56, 0xF0, 0x08, 0x1A, 0xC1, 0x45, 0x0A, 0x16, 0xB1, 0x3E,
    0x24, 0xCD, 0xE6, 0x08, 0x1C, 0xC8, 0x7F, 0x00, 0x0B, 0x7C, 0xA6, 0x1E, 0xC8, 0x1A, 0xA8, 0x23,
    0xF0, 0xAA, 0xAB, 0xAB, 0x3D, 0x64, 0xDE, 0x97, 0xCD, 0x15, 0xF5, 0x61, 0x78, 0xF3, 0x94, 0x15,
    0x13, 0x39, 0x6A, 0x47, 0x76, 0xA8, 0x29, 0x76, 0x19, 0x10, 0x2A, 0x9E, 0x03, 0x85, 0x47, 0xB2,
    0x2D, 0xF1, 0x2B, 0xB4, 0xFB, 0xA6, 0x8D, 0xF6, 0x4D, 0x7E, 0xCD, 0x7F, 0x17, 0xD2, 0x93, 0xD2,
    0x29, 0x91, 0xFB, 0xB9, 0x79, 0x10, 0xEE, 0x73, 0xC4, 0x96, 0xAB, 0x44, 0xBA, 0x2A, 0x45, 0xC1,
    0x3F,
};

static const EpdGlyph bookerly_12_boldGlyphs[] = {
    { 0, 0, 0, 0, 0, 0, 0 }, // U+0000
    { 0, 0, 0, 0, 0, 0, 0 }, // U+0008
    { 0, 0, 86, 0, 0, 0, 0 }, // U+0009
    { 0, 0, 86, 0, 0, 0, 0 }, // U+000D
    { 0, 0, 0, 0, 0, 0, 0 }, // U+001D
    { 0, 0, 86, 0, 0, 0, 0 }, // U+0020
    { 6, 20, 116, 1, 19, 30, 0 }, // !
    { 9, 9, 168, 1, 18, 21, 30 }, // "
    { 16, 17, 249, 0, 15, 68, 51 }, // #
    { 13, 25, 222, 0, 20, 82, 119 }, // $
    { 23, 21, 387, 1, 19, 121, 201 }, // %
    { 20, 20, 319, 0, 19, 100, 322 }, // &
    { 4, 9, 92, 1, 18, 9, 422 }, // '
    { 8, 25, 152, 1, 20, 50, 431 }, // (
    { 9, 25, 152, 0, 20, 57, 481 }, // )
    { 10, 10, 156, 0, 19, 25, 538 }, // *
    { 12, 12, 249, 2, 14, 36, 563 }, // +
    { 7, 9, 116, 0, 4, 16, 599 }, // ,
    { 9, 3, 152, 0, 8, 7, 615 }, // -
    { 5, 5, 116, 1, 4, 7, 622 }, // .
    { 13, 20, 211, 0, 18, 65, 629 }, // /
    { 15, 19, 264, 1, 18, 72, 694 }, // 0
    { 12, 18, 198, 0, 18, 54, 766 }, // 1
    { 14, 18, 235, 0, 18, 63, 820 }, // 2
    { 13, 19, 220, 0, 18, 62, 883 }, // 3
    { 16, 19, 256, 0, 18, 76, 945 }, // 4
    { 13, 19, 223, 0, 18, 62, 1021 }, // 5
    { 14, 19, 244, 1, 18, 67, 1083 }, // 6
    { 13, 19, 223, 1, 18, 62, 1150 }, // 7
    { 14, 19, 247, 1, 18, 67, 1212 }, // 8
    { 13, 19, 244, 1, 18, 62, 1279 }, // 9
    { 5, 14, 116, 1, 13, 18, 1341 }, // :
    { 7, 18, 116, 0, 13, 32, 1359 }, // ;
    { 12, 13, 249, 2, 15, 39, 1391 }, // <
    { 12, 8, 249, 2, 12, 24, 1430 }, // =
    { 12, 13, 249, 2, 15, 39, 1454 }, // >
    { 11, 20, 196, 1, 19, 55, 1493 }, // ?
    { 23, 23, 396, 1, 18, 133, 1548 }, // @
    { 20, 18, 309, 0, 18, 90, 1681 }, // A
    { 16, 19, 260, 0, 18, 76, 1771 }, // B
    { 15, 19, 262, 1, 18, 72, 1847 }, // C
    { 19, 19, 310, 0, 18, 91, 1919 }, // D
    { 16, 18, 260, 0, 18, 72, 2010 }, // E
    { 14, 18, 237, 0, 18, 63, 2082 }, // F
    { 17, 19, 296, 1, 18, 81, 2145 }, // G
    { 21, 18, 344, 0, 18, 95, 2226 }, // H
    { 10, 18, 167, 0, 18, 45, 2321 }, // I
    { 12, 24, 157, -2, 18, 72, 2366 }, // J
    { 19, 19, 304, 0, 18, 91, 2438 }, // K
    { 16, 18, 248, 0, 18, 72, 2529 }, // L
    { 24, 18, 380, 0, 18, 108, 2601 }, // M
    { 21, 19, 321, 0, 18, 100, 2709 }, // N
    { 18, 19, 312, 1, 18, 86, 2809 }, // O
    { 16, 18, 250, 0, 18, 72, 2895 }, // P
    { 19, 24, 312, 1, 18, 114, 2967 }, // Q
    { 19, 19, 284, 0, 18, 91, 3081 }, // R
    { 13, 19, 234, 1, 18, 62, 3172 }, // S
    { 18, 18, 287, 0, 18, 81, 3234 }, // T
    { 20, 19, 322, 0, 18, 95, 3315 }, // U
    { 20, 19, 312, 0, 18, 95, 3410 }, // V
    { 28, 19, 446, 0, 18, 133, 3505 }, // W
    { 19, 18, 308, 0, 18, 86, 3638 }, // X
    { 18, 18, 289, 0, 18, 81, 3724 }, // Y
    { 15, 19, 244, 0, 18, 72, 3805 }, // Z
    { 7, 24, 135, 1, 20, 42, 3877 }, // [
    { 13, 20, 211, 0, 18, 65, 3919 }, // <backslash>
    { 6, 24, 135, 1, 20, 36, 3984 }, // ]
    { 13, 12, 249, 1, 16, 39, 4020 }, // ^
    { 13, 3, 200, 0, -1, 10, 4059 }, // _
    { 6, 6, 270, 5, 21, 9, 4069 }, // `
    { 14, 15, 227, 1, 14, 53, 4078 }, // a
    { 16, 21, 247, -1, 20, 84, 4131 }, // b
    { 13, 15, 208, 0, 14, 49, 4215 }, // c
    { 16, 21, 251, 0, 20, 84, 4264 }, // d
    { 13, 15, 218, 0, 14, 49, 4348 }, // e
    { 13, 20, 173, 0, 20, 65, 4397 }, // f
    { 15, 20, 242, 0, 14, 75, 4462 }, // g
    { 17, 20, 265, 0, 20, 85, 4537 }, // h
    { 9, 20, 142, 0, 20, 45, 4622 }, // i
    { 9, 26, 127, -2, 20, 59, 4667 }, // j
    { 16, 21, 254, 0, 20, 84, 4726 }, // k
    { 9, 20, 140, 0, 20, 45, 4810 }, // l
    { 25, 14, 396, 0, 14, 88, 4855 }, // m
    { 17, 14, 270, 0, 14, 60, 4943 }, // n
    { 15, 15, 242, 0, 14, 57, 5003 }, // o
    { 15, 20, 250, 0, 14, 75, 5060 }, // p
    { 15, 20, 240, 0, 14, 75, 5135 }, // q
    { 12, 14, 191, 0, 14, 42, 5210 }, // r
    { 11, 15, 201, 1, 14, 42, 5252 }, // s
    { 12, 18, 170, -1, 17, 54, 5294 }, // t
    { 17, 15, 261, 0, 14, 64, 5348 }, // u
    { 17, 14, 261, 0, 13, 60, 5412 }, // v
    { 23, 14, 362, 0, 13, 81, 5472 }, // w
    { 16, 13, 248, 0, 13, 52, 5553 }, // x
    { 17, 19, 260, 0, 13, 81, 5605 }, // y
    { 13, 14, 206, 0, 13, 46, 5686 }, // z
    { 9, 25, 160, 1, 20, 57, 5732 }, // {
    { 4, 23, 126, 2, 20, 23, 5789 }, // |
    { 9, 25, 160, 0, 20, 57, 5812 }, // }
    { 13, 5, 249, 1, 11, 17, 5869 }, // ~
    { 0, 0, 86, 0, 0, 0, 0 }, // U+00A0
    { 6, 20, 116, 0, 14, 30, 0 }, // U+00A1
    { 14, 25, 227, 0, 20, 88, 30 }, // U+00A2
    { 15, 18, 232, 0, 17, 68, 118 }, // U+00A3
    { 14, 13, 249, 1, 13, 46, 186 }, // U+00A4
    { 17, 17, 268, 0, 17, 73, 232 }, // U+00A5
    { 4, 23, 126, 2, 20, 23, 305 }, // U+00A6
    { 12, 21, 207, 0, 18, 63, 328 }, // U+00A7
    { 10, 5, 270, 3, 20, 13, 391 }, // U+00A8
    { 19, 19, 313, 0, 18, 91, 404 }, // U+00A9
    { 9, 13, 176, 1, 18, 30, 495 }, // U+00AA
    { 14, 11, 234, 0, 12, 39, 525 }, // U+00AB
    { 12, 7, 249, 2, 12, 21, 564 }, // U+00AC
    { 9, 3, 152, 0, 8, 7, 585 }, // U+00AD
    { 14, 14, 233, 0, 20, 49, 592 }, // U+00AE
    { 9, 3, 270, 4, 18, 7, 641 }, // U+00AF
    { 10, 10, 212, 2, 18, 25, 648 }, // U+00B0
    { 12, 16, 249, 2, 15, 48, 673 }, // U+00B1
    { 10, 12, 179, 1, 21, 30, 721 }, // U+00B2
    { 9, 13, 179, 1, 21, 30, 751 }, // U+00B3
    { 5, 6, 270, 6, 21, 8, 781 }, // U+00B4
    { 16, 20, 262, 1, 14, 80, 789 }, // U+00B5
    { 15, 22, 237, 0, 18, 83, 869 }, // U+00B6
    { 5, 5, 116, 1, 9, 7, 952 }, // U+00B7
    { 5, 6, 270, 6, -1, 8, 959 }, // U+00B8
    { 9, 12, 179, 1, 21, 27, 967 }, // U+00B9
    { 9, 13, 176, 1, 18, 30, 994 }, // U+00BA
    { 13, 11, 234, 1, 12, 36, 1024 }, // U+00BB
    { 26, 21, 430, 1, 19, 137, 1060 }, // U+00BC
    { 25, 21, 430, 1, 19, 132, 1197 }, // U+00BD
    { 26, 21, 430, 1, 19, 137, 1329 }, // U+00BE
    { 10, 20, 196, 1, 14, 50, 1466 }, // U+00BF
    { 20, 25, 309, 0, 25, 125, 1516 }, // U+00C0
    { 20, 25, 309, 0, 25, 125, 1641 }, // U+00C1
    { 20, 25, 309, 0, 25, 125, 1766 }, // U+00C2
    { 20, 24, 309, 0, 24, 120, 1891 }, // U+00C3
    { 20, 24, 309, 0, 24, 120, 2011 }, // U+00C4
    { 20, 25, 309, 0, 25, 125, 2131 }, // U+00C5
    { 25, 18, 393, -1, 18, 113, 2256 }, // U+00C6
    { 15, 25, 262, 1, 18, 94, 2369 }, // U+00C7
    { 16, 25, 260, 0, 25, 100, 2463 }, // U+00C8
    { 16, 25, 260, 0, 25, 100, 2563 }, // U+00C9
    { 16, 25, 260, 0, 25, 100, 2663 }, // U+00CA
    { 16, 24, 260, 0, 24, 96, 2763 }, // U+00CB
    { 10, 25, 167, 0, 25, 63, 2859 }, // U+00CC
    { 10, 25, 167, 0, 25, 63, 2922 }, // U+00CD
    { 10, 25, 167, 0, 25, 63, 2985 }, // U+00CE
    { 10, 24, 167, 0, 24, 60, 3048 }, // U+00CF
    { 19, 19, 310, 0, 18, 91, 3108 }, // U+00D0
    { 21, 25, 321, 0, 24, 132, 3199 }, // U+00D1
    { 18, 26, 312, 1, 25, 117, 3331 }, // U+00D2
    { 18, 26, 312, 1, 25, 117, 3448 }, // U+00D3
    { 18, 26, 312, 1, 25, 117, 3565 }, // U+00D4
    { 18, 25, 312, 1, 24, 113, 3682 }, // U+00D5
    { 18, 25, 312, 1, 24, 113, 3795 }, // U+00D6
    { 11, 11, 249, 2, 14, 31, 3908 }, // U+00D7
    { 20, 19, 312, 0, 18, 95, 3939 }, // U+00D8
    { 20, 26, 322, 0, 25, 130, 4034 }, // U+00D9
    { 20, 26, 322, 0, 25, 130, 4164 }, // U+00DA
    { 20, 26, 322, 0, 25, 130, 4294 }, // U+00DB
    { 20, 25, 322, 0, 24, 125, 4424 }, // U+00DC
    { 18, 25, 289, 0, 25, 113, 4549 }, // U+00DD
    { 16, 18, 259, 0, 18, 72, 4662 }, // U+00DE
    { 16, 21, 267, 0, 20, 84, 4734 }, // U+00DF
    { 14, 22, 227, 1, 21, 77, 4818 }, // U+00E0
    { 14, 22, 227, 1, 21, 77, 4895 }, // U+00E1
    { 14, 22, 227, 1, 21, 77, 4972 }, // U+00E2
    { 14, 21, 227, 1, 20, 74, 5049 }, // U+00E3
    { 14, 21, 227, 1, 20, 74, 5123 }, // U+00E4
    { 14, 22, 227, 1, 21, 77, 5197 }, // U+00E5
    { 19, 15, 332, 1, 14, 72, 5274 }, // U+00E6
    { 13, 21, 208, 0, 14, 69, 5346 }, // U+00E7
    { 13, 22, 218, 0, 21, 72, 5415 }, // U+00E8
    { 13, 22, 218, 0, 21, 72, 5487 }, // U+00E9
    { 13, 22, 218, 0, 21, 72, 5559 }, // U+00EA
    { 13, 21, 218, 0, 20, 69, 5631 }, // U+00EB
    { 9, 21, 142, 0, 21, 48, 5700 }, // U+00EC
    { 9, 21, 142, 0, 21, 48, 5748 }, // U+00ED
    { 9, 21, 142, 0, 21, 48, 5796 }, // U+00EE
    { 10, 20, 142, 0, 20, 50, 5844 }, // U+00EF
    { 15, 22, 242, 0, 21, 83, 5894 }, // U+00F0
    { 17, 20, 270, 0, 20, 85, 5977 }, // U+00F1
    { 15, 22, 242, 0, 21, 83, 6062 }, // U+00F2
    { 15, 22, 242, 0, 21, 83, 6145 }, // U+00F3
    { 15, 22, 242, 0, 21, 83, 6228 }, // U+00F4
    { 15, 21, 242, 0, 20, 79, 6311 }, // U+00F5
    { 15, 21, 242, 0, 20, 79, 6390 }, // U+00F6
    { 12, 13, 249, 2, 15, 39, 6469 }, // U+00F7
    { 15, 15, 242, 0, 14, 57, 6508 }, // U+00F8
    { 17, 22, 261, 0, 21, 94, 6565 }, // U+00F9
    { 17, 22, 261, 0, 21, 94, 6659 }, // U+00FA
    { 17, 22, 261, 0, 21, 94, 6753 }, // U+00FB
    { 17, 21, 261, 0, 20, 90, 6847 }, // U+00FC
    { 17, 27, 260, 0, 21, 115, 6937 }, // U+00FD
    { 15, 26, 250, 0, 20, 98, 7052 }, // U+00FE
    { 17, 26, 260, 0, 20, 111, 7150 }, // U+00FF
    { 20, 23, 309, 0, 23, 115, 0 }, // U+0100
    { 14, 19, 227, 1, 18, 67, 115 }, // U+0101
    { 20, 24, 309, 0, 24, 120, 182 }, // U+0102
    { 14, 21, 227, 1, 20, 74, 302 }, // U+0103
    { 20, 24, 309, 0, 18, 120, 376 }, // U+0104
    { 14, 20, 227, 1, 14, 70, 496 }, // U+0105
    { 15, 26, 262, 1, 25, 98, 566 }, // U+0106
    { 13, 22, 208, 0, 21, 72, 664 }, // U+0107
    { 15, 26, 262, 1, 25, 98, 736 }, // U+0108
    { 13, 22, 208, 0, 21, 72, 834 }, // U+0109
    { 15, 25, 262, 1, 24, 94, 906 }, // U+010A
    { 13, 21, 208, 0, 20, 69, 1000 }, // U+010B
    { 15, 26, 262, 1, 25, 98, 1069 }, // U+010C
    { 13, 22, 208, 0, 21, 72, 1167 }, // U+010D
    { 19, 26, 310, 0, 25, 124, 1239 }, // U+010E
    { 18, 21, 259, 0, 20, 95, 1363 }, // U+010F
    { 19, 19, 310, 0, 18, 91, 1458 }, // U+0110
    { 16, 21, 251, 0, 20, 84, 1549 }, // U+0111
    { 16, 23, 260, 0, 23, 92, 1633 }, // U+0112
    { 13, 19, 218, 0, 18, 62, 1725 }, // U+0113
    { 16, 24, 260, 0, 24, 96, 1787 }, // U+0114
    { 13, 21, 218, 0, 20, 69, 1883 }, // U+0115
    { 16, 24, 260, 0, 24, 96, 1952 }, // U+0116
    { 13, 21, 218, 0, 20, 69, 2048 }, // U+0117
    { 16, 24, 260, 0, 18, 96, 2117 }, // U+0118
    { 13, 20, 218, 0, 14, 65, 2213 }, // U+0119
    { 16, 25, 260, 0, 25, 100, 2278 }, // U+011A
    { 13, 22, 218, 0, 21, 72, 2378 }, // U+011B
    { 17, 26, 296, 1, 25, 111, 2450 }, // U+011C
    { 15, 27, 242, 0, 21, 102, 2561 }, // U+011D
    { 17, 25, 296, 1, 24, 107, 2663 }, // U+011E
    { 15, 26, 242, 0, 20, 98, 2770 }, // U+011F
    { 17, 25, 296, 1, 24, 107, 2868 }, // U+0120
    { 15, 26, 242, 0, 20, 98, 2975 }, // U+0121
    { 17, 25, 296, 1, 18, 107, 3073 }, // U+0122
    { 15, 28, 242, 0, 22, 105, 3180 }, // U+0123
    { 21, 25, 344, 0, 25, 132, 3285 }, // U+0124
    { 18, 26, 265, -1, 26, 117, 3417 }, // U+0125
    { 21, 18, 344, 0, 18, 95, 3534 }, // U+0126
    { 17, 20, 265, 0, 20, 85, 3629 }, // U+0127
    { 10, 24, 167, 0, 24, 60, 3714 }, // U+0128
    { 9, 20, 142, 0, 20, 45, 3774 }, // U+0129
    { 10, 23, 167, 0, 23, 58, 3819 }, // U+012A
    { 9, 18, 142, 0, 18, 41, 3877 }, // U+012B
    { 10, 24, 167, 0, 24, 60, 3918 }, // U+012C
    { 9, 20, 142, 0, 20, 45, 3978 }, // U+012D
    { 10, 24, 167, 0, 18, 60, 4023 }, // U+012E
    { 10, 26, 142, 0, 20, 65, 4083 }, // U+012F
    { 10, 24, 167, 0, 24, 60, 4148 }, // U+0130
    { 9, 14, 142, 0, 14, 32, 4208 }, // U+0131
    { 20, 24, 324, 0, 18, 120, 4240 }, // U+0132
    { 16, 26, 269, 0, 20, 104, 4360 }, // U+0133
    { 12, 31, 157, -2, 25, 93, 4464 }, // U+0134
    { 11, 27, 127, -2, 21, 75, 4557 }, // U+0135
    { 19, 25, 304, 0, 18, 119, 4632 }, // U+0136
    { 16, 27, 254, 0, 20, 108, 4751 }, // U+0137
    { 17, 15, 259, 0, 14, 64, 4859 }, // U+0138
    { 16, 25, 248, 0, 25, 100, 4923 }, // U+0139
    { 9, 26, 140, 0, 26, 59, 5023 }, // U+013A
    { 16, 25, 248, 0, 18, 100, 5082 }, // U+013B
    { 9, 27, 140, 0, 20, 61, 5182 }, // U+013C
    { 16, 20, 248, 0, 20, 80, 5243 }, // U+013D
    { 11, 20, 148, 0, 20, 55, 5323 }, // U+013E
    { 16, 18, 248, 0, 18, 72, 5378 }, // U+013F
    { 14, 20, 214, 0, 20, 70, 5450 }, // U+0140
    { 17, 18, 248, -1, 18, 77, 5520 }, // U+0141
    { 10, 20, 140, -1, 20, 50, 5597 }, // U+0142
    { 21, 26, 321, 0, 25, 137, 5647 }, // U+0143
    { 17, 21, 270, 0, 21, 90, 5784 }, // U+0144
    { 21, 25, 321, 0, 18, 132, 5874 }, // U+0145
    { 17, 21, 270, 0, 14, 90, 6006 }, // U+0146
    { 21, 26, 321, 0, 25, 137, 6096 }, // U+0147
    { 17, 21, 270, 0, 21, 90, 6233 }, // U+0148
    { 23, 18, 363, 0, 18, 104, 6323 }, // U+0149
    { 21, 23, 321, 0, 18, 121, 6427 }, // U+014A
    { 15, 20, 262, 0, 14, 75, 6548 }, // U+014B
    { 18, 24, 312, 1, 23, 108, 6623 }, // U+014C
    { 15, 19, 242, 0, 18, 72, 6731 }, // U+014D
    { 18, 25, 312, 1, 24, 113, 6803 }, // U+014E
    { 15, 21, 242, 0, 20, 79, 6916 }, // U+014F
    { 18, 26, 312, 1, 25, 117, 6995 }, // U+0150
    { 15, 22, 242, 0, 21, 83, 7112 }, // U+0151
    { 24, 19, 404, 1, 18, 114, 7195 }, // U+0152
    { 22, 15, 364, 0, 14, 83, 7309 }, // U+0153
    { 19, 26, 284, 0, 25, 124, 7392 }, // U+0154
    { 12, 21, 191, 0, 21, 63, 7516 }, // U+0155
    { 19, 25, 284, 0, 18, 119, 7579 }, // U+0156
    { 12, 21, 191, 0, 14, 63, 7698 }, // U+0157
    { 19, 26, 284, 0, 25, 124, 7761 }, // U+0158
    { 12, 21, 191, 0, 21, 63, 7885 }, // U+0159
    { 13, 26, 234, 1, 25, 85, 7948 }, // U+015A
    { 11, 22, 201, 1, 21, 61, 8033 }, // U+015B
    { 13, 26, 234, 1, 25, 85, 8094 }, // U+015C
    { 11, 22, 201, 1, 21, 61, 8179 }, // U+015D
    { 13, 25, 234, 1, 18, 82, 8240 }, // U+015E
    { 11, 21, 201, 1, 14, 58, 8322 }, // U+015F
    { 13, 26, 234, 1, 25, 85, 8380 }, // U+0160
    { 11, 22, 201, 1, 21, 61, 8465 }, // U+0161
    { 18, 25, 287, 0, 18, 113, 8526 }, // U+0162
    { 12, 24, 170, -1, 17, 72, 8639 }, // U+0163
    { 18, 25, 287, 0, 25, 113, 8711 }, // U+0164
    { 12, 21, 170, -1, 20, 63, 8824 }, // U+0165
    { 18, 18, 287, 0, 18, 81, 8887 }, // U+0166
    { 12, 18, 170, -1, 17, 54, 8968 }, // U+0167
    { 20, 25, 322, 0, 24, 125, 9022 }, // U+0168
    { 17, 21, 261, 0, 20, 90, 9147 }, // U+0169
    { 20, 24, 322, 0, 23, 120, 9237 }, // U+016A
    { 17, 19, 261, 0, 18, 81, 9357 }, // U+016B
    { 20, 25, 322, 0, 24, 125, 9438 }, // U+016C
    { 17, 21, 261, 0, 20, 90, 9563 }, // U+016D
    { 20, 26, 322, 0, 25, 130, 9653 }, // U+016E
    { 17, 22, 261, 0, 21, 94, 9783 }, // U+016F
    { 20, 26, 322, 0, 25, 130, 9877 }, // U+0170
    { 17, 22, 261, 0, 21, 94, 10007 }, // U+0171
    { 20, 24, 322, 0, 18, 120, 10101 }, // U+0172
    { 17, 20, 261, 0, 14, 85, 10221 }, // U+0173
    { 28, 26, 446, 0, 25, 182, 10306 }, // U+0174
    { 23, 22, 362, 0, 21, 127, 10488 }, // U+0175
    { 18, 25, 289, 0, 25, 113, 10615 }, // U+0176
    { 17, 27, 260, 0, 21, 115, 10728 }, // U+0177
    { 18, 24, 289, 0, 24, 108, 10843 }, // U+0178
    { 15, 26, 244, 0, 25, 98, 10951 }, // U+0179
    { 13, 22, 206, 0, 21, 72, 11049 }, // U+017A
    { 15, 25, 244, 0, 24, 94, 11121 }, // U+017B
    { 13, 21, 206, 0, 20, 69, 11215 }, // U+017C
    { 15, 26, 244, 0, 25, 98, 11284 }, // U+017D
    { 13, 22, 206, 0, 21, 72, 11382 }, // U+017E
    { 13, 20, 166, 0, 20, 65, 11454 }, // U+017F
    { 34, 26, 543, 0, 25, 221, 0 }, // U+01C4
    { 31, 22, 506, 0, 21, 171, 221 }, // U+01C5
    { 28, 22, 456, 0, 21, 154, 392 }, // U+01C6
    { 26, 24, 406, 0, 18, 156, 546 }, // U+01C7
    { 23, 26, 375, 0, 20, 150, 702 }, // U+01C8
    { 16, 26, 266, 0, 20, 104, 852 }, // U+01C9
    { 30, 24, 478, 0, 18, 180, 956 }, // U+01CA
    { 27, 26, 448, 0, 20, 176, 1136 }, // U+01CB
    { 24, 26, 397, 0, 20, 156, 1312 }, // U+01CC
    { 20, 25, 309, 0, 25, 125, 1468 }, // U+01CD
    { 14, 22, 227, 1, 21, 77, 1593 }, // U+01CE
    { 10, 25, 167, 0, 25, 63, 1670 }, // U+01CF
    { 9, 21, 142, 0, 21, 48, 1733 }, // U+01D0
    { 18, 26, 312, 1, 25, 117, 1781 }, // U+01D1
    { 15, 22, 242, 0, 21, 83, 1898 }, // U+01D2
    { 20, 26, 322, 0, 25, 130, 1981 }, // U+01D3
    { 17, 22, 261, 0, 21, 94, 2111 }, // U+01D4
    { 20, 27, 322, 0, 26, 135, 2205 }, // U+01D5
    { 17, 24, 261, 0, 23, 102, 2340 }, // U+01D6
    { 20, 27, 322, 0, 26, 135, 2442 }, // U+01D7
    { 17, 26, 261, 0, 25, 111, 2577 }, // U+01D8
    { 20, 27, 322, 0, 26, 135, 2688 }, // U+01D9
    { 17, 26, 261, 0, 25, 111, 2823 }, // U+01DA
    { 20, 27, 322, 0, 26, 135, 2934 }, // U+01DB
    { 17, 26, 261, 0, 25, 111, 3069 }, // U+01DC
    { 13, 15, 218, 0, 14, 49, 3180 }, // U+01DD
    { 20, 26, 309, 0, 26, 130, 3229 }, // U+01DE
    { 14, 24, 227, 1, 23, 84, 3359 }, // U+01DF
    { 20, 26, 309, 0, 26, 130, 3443 }, // U+01E0
    { 14, 24, 227, 1, 23, 84, 3573 }, // U+01E1
    { 25, 23, 393, -1, 23, 144, 3657 }, // U+01E2
    { 19, 19, 332, 1, 18, 91, 3801 }, // U+01E3
    { 18, 19, 296, 1, 18, 86, 3892 }, // U+01E4
    { 17, 20, 242, -1, 14, 85, 3978 }, // U+01E5
    { 17, 26, 296, 1, 25, 111, 4063 }, // U+01E6
    { 15, 27, 242, 0, 21, 102, 4174 }, // U+01E7
    { 19, 26, 304, 0, 25, 124, 4276 }, // U+01E8
    { 17, 27, 254, -1, 26, 115, 4400 }, // U+01E9
    { 18, 24, 312, 1, 18, 108, 4515 }, // U+01EA
    { 15, 20, 242, 0, 14, 75, 4623 }, // U+01EB
    { 18, 29, 312, 1, 23, 131, 4698 }, // U+01EC
    { 15, 24, 242, 0, 18, 90, 4829 }, // U+01ED
    { 14, 26, 233, 0, 25, 91, 4919 }, // U+01EE
    { 13, 27, 216, 0, 21, 88, 5010 }, // U+01EF
    { 11, 27, 127, -2, 21, 75, 5098 }, // U+01F0
    { 35, 19, 554, 0, 18, 167, 5173 }, // U+01F1
    { 32, 19, 517, 0, 18, 152, 5340 }, // U+01F2
    { 28, 21, 458, 0, 20, 147, 5492 }, // U+01F3
    { 17, 26, 296, 1, 25, 111, 5639 }, // U+01F4
    { 15, 27, 242, 0, 21, 102, 5750 }, // U+01F5
    { 21, 26, 321, 0, 25, 137, 5852 }, // U+01F8
    { 17, 21, 270, 0, 21, 90, 5989 }, // U+01F9
    { 20, 26, 309, 0, 26, 130, 6079 }, // U+01FA
    { 14, 27, 227, 1, 26, 95, 6209 }, // U+01FB
    { 25, 25, 393, -1, 25, 157, 6304 }, // U+01FC
    { 19, 22, 332, 1, 21, 105, 6461 }, // U+01FD
    { 20, 26, 312, 0, 25, 130, 6566 }, // U+01FE
    { 15, 22, 242, 0, 21, 83, 6696 }, // U+01FF
    { 20, 25, 309, 0, 25, 125, 6779 }, // U+0200
    { 14, 22, 227, 1, 21, 77, 6904 }, // U+0201
    { 20, 24, 309, 0, 24, 120, 6981 }, // U+0202
    { 14, 21, 227, 1, 20, 74, 7101 }, // U+0203
    { 16, 25, 260, 0, 25, 100, 7175 }, // U+0204
    { 13, 22, 218, 0, 21, 72, 7275 }, // U+0205
    { 16, 24, 260, 0, 24, 96, 7347 }, // U+0206
    { 13, 21, 218, 0, 20, 69, 7443 }, // U+0207
    { 12, 25, 167, -2, 25, 75, 7512 }, // U+0208
    { 10, 21, 142, -1, 21, 53, 7587 }, // U+0209
    { 10, 24, 167, 0, 24, 60, 7640 }, // U+020A
    { 9, 20, 142, 0, 20, 45, 7700 }, // U+020B
    { 18, 26, 312, 1, 25, 117, 7745 }, // U+020C
    { 15, 22, 242, 0, 21, 83, 7862 }, // U+020D
    { 18, 25, 312, 1, 24, 113, 7945 }, // U+020E
    { 15, 21, 242, 0, 20, 79, 8058 }, // U+020F
    { 19, 26, 284, 0, 25, 124, 8137 }, // U+0210
    { 12, 21, 191, 0, 21, 63, 8261 }, // U+0211
    { 19, 25, 284, 0, 24, 119, 8324 }, // U+0212
    { 12, 20, 191, 0, 20, 60, 8443 }, // U+0213
    { 20, 26, 322, 0, 25, 130, 8503 }, // U+0214
    { 17, 22, 261, 0, 21, 94, 8633 }, // U+0215
    { 20, 25, 322, 0, 24, 125, 8727 }, // U+0216
    { 17, 21, 261, 0, 20, 90, 8852 }, // U+0217
    { 13, 25, 234, 1, 18, 82, 8942 }, // U+0218
    { 11, 21, 201, 1, 14, 58, 9024 }, // U+0219
    { 18, 25, 287, 0, 18, 113, 9082 }, // U+021A
    { 12, 24, 170, -1, 17, 72, 9195 }, // U+021B
    { 13, 21, 239, 1, 18, 69, 9267 }, // U+021C
    { 13, 20, 207, 0, 14, 65, 9336 }, // U+021D
    { 21, 25, 344, 0, 25, 132, 9401 }, // U+021E
    { 18, 26, 265, -1, 26, 117, 9533 }, // U+021F
    { 6, 6, 0, -4, 21, 9, 0 }, // U+0300
    { 5, 6, 0, -2, 21, 8, 9 }, // U+0301
    { 10, 7, 0, -5, 21, 18, 17 }, // U+0302
    { 10, 5, 0, -5, 20, 13, 35 }, // U+0303
    { 10, 3, 0, -5, 18, 8, 48 }, // U+0304
    { 10, 5, 0, -5, 20, 13, 56 }, // U+0306
    { 6, 5, 0, -3, 20, 8, 69 }, // U+0307
    { 10, 5, 0, -5, 20, 13, 77 }, // U+0308
    { 8, 7, 0, -4, 22, 14, 90 }, // U+0309
    { 8, 7, 0, -4, 21, 14, 104 }, // U+030A
    { 10, 7, 0, -4, 21, 18, 118 }, // U+030B
    { 10, 6, 0, -5, 21, 15, 136 }, // U+030C
    { 10, 7, 0, -6, 21, 18, 151 }, // U+030F
    { 10, 5, 0, -5, 20, 13, 169 }, // U+0311
    { 5, 8, 0, -3, 22, 10, 182 }, // U+0312
    { 5, 7, 0, -2, 22, 9, 192 }, // U+0313
    { 5, 7, 0, -3, 22, 9, 201 }, // U+0314
    { 4, 7, 0, -2, 22, 7, 210 }, // U+0315
    { 5, 6, 0, -3, 16, 8, 217 }, // U+031B
    { 6, 5, 0, -3, -1, 8, 225 }, // U+0323
    { 10, 4, 0, -5, -2, 10, 233 }, // U+0324
    { 6, 6, 0, -3, -1, 9, 243 }, // U+0325
    { 5, 6, 0, -3, -1, 8, 252 }, // U+0326
    { 6, 6, 0, -3, -1, 9, 260 }, // U+0327
    { 6, 7, 0, -3, 1, 11, 269 }, // U+0328
    { 3, 7, 112, 2, -1, 6, 280 }, // U+0329
    { 10, 6, 0, -5, -1, 15, 286 }, // U+032D
    { 10, 6, 0, -5, -1, 15, 301 }, // U+032E
    { 10, 5, 0, -5, -2, 13, 316 }, // U+0330
    { 10, 3, 0, -5, -2, 8, 329 }, // U+0331
    { 10, 5, 0, -5, 20, 13, 337 }, // U+0342
    { 10, 11, 0, -5, 26, 28, 350 }, // U+0344
    { 5, 6, 0, -2, -1, 8, 378 }, // U+0345
    { 0, 0, 200, 0, 0, 0, 0 }, // U+2000
    { 0, 0, 400, 0, 0, 0, 0 }, // U+2001
    { 0, 0, 200, 0, 0, 0, 0 }, // U+2002
    { 0, 0, 400, 0, 0, 0, 0 }, // U+2003
    { 0, 0, 133, 0, 0, 0, 0 }, // U+2004
    { 0, 0, 100, 0, 0, 0, 0 }, // U+2005
    { 0, 0, 66, 0, 0, 0, 0 }, // U+2006
    { 0, 0, 249, 0, 0, 0, 0 }, // U+2007
    { 0, 0, 116, 0, 0, 0, 0 }, // U+2008
    { 0, 0, 80, 0, 0, 0, 0 }, // U+2009
    { 0, 0, 20, 0, 0, 0, 0 }, // U+200A
    { 0, 0, 0, 0, 0, 0, 0 }, // U+200B
    { 2, 21, 0, -1, 15, 11, 0 }, // U+200C
    { 6, 23, 0, -3, 17, 35, 11 }, // U+200D
    { 8, 24, 0, -4, 18, 48, 46 }, // U+200E
    { 8, 24, 0, -4, 18, 48, 94 }, // U+200F
    { 9, 3, 152, 0, 8, 7, 142 }, // U+2010
    { 9, 3, 152, 0, 8, 7, 149 }, // U+2011
    { 13, 3, 249, 1, 10, 10, 156 }, // U+2012
    { 13, 3, 200, 0, 8, 10, 166 }, // U+2013
    { 25, 3, 400, 0, 8, 19, 176 }, // U+2014
    { 25, 3, 400, 0, 8, 19, 195 }, // U+2015
    { 9, 26, 200, 2, 20, 59, 214 }, // U+2016
    { 13, 7, 200, 0, -1, 23, 273 }, // U+2017
    { 6, 9, 98, 0, 19, 14, 296 }, // U+2018
    { 6, 9, 98, 0, 19, 14, 310 }, // U+2019
    { 6, 9, 98, 0, 4, 14, 324 }, // U+201A
    { 6, 9, 98, 0, 19, 14, 338 }, // U+201B
    { 11, 9, 178, 0, 19, 25, 352 }, // U+201C
    { 11, 9, 178, 0, 19, 25, 377 }, // U+201D
    { 11, 9, 178, 0, 4, 25, 402 }, // U+201E
    { 11, 9, 178, 0, 19, 25, 427 }, // U+201F
    { 12, 17, 198, 0, 18, 51, 452 }, // U+2020
    { 12, 20, 199, 0, 18, 60, 503 }, // U+2021
    { 6, 7, 120, 1, 10, 11, 563 }, // U+2022
    { 9, 9, 249, 3, 13, 21, 574 }, // U+2023
    { 5, 5, 116, 1, 4, 7, 595 }, // U+2024
    { 12, 5, 200, 0, 4, 15, 602 }, // U+2025
    { 23, 5, 400, 1, 4, 29, 617 }, // U+2026
    { 5, 5, 116, 1, 9, 7, 646 }, // U+2027
    { 0, 0, 0, 0, 0, 0, 653 }, // U+2028
    { 0, 0, 0, 0, 0, 0, 653 }, // U+2029
    { 8, 24, 0, -4, 18, 48, 653 }, // U+202A
    { 8, 24, 0, -4, 18, 48, 701 }, // U+202B
    { 8, 24, 0, -4, 18, 48, 749 }, // U+202C
    { 11, 24, 0, -5, 18, 66, 797 }, // U+202D
    { 11, 24, 0, -5, 18, 66, 863 }, // U+202E
    { 0, 0, 43, 0, 0, 0, 929 }, // U+202F
    { 33, 21, 555, 1, 19, 174, 929 }, // U+2030
    { 7, 9, 109, 0, 18, 16, 1103 }, // U+2032
    { 12, 9, 196, 0, 18, 27, 1119 }, // U+2033
    { 18, 9, 284, 0, 18, 41, 1146 }, // U+2034
    { 7, 9, 109, 0, 18, 16, 1187 }, // U+2035
    { 12, 9, 204, 0, 18, 27, 1203 }, // U+2036
    { 18, 9, 292, 0, 18, 41, 1230 }, // U+2037
    { 11, 6, 200, 1, 0, 17, 1271 }, // U+2038
    { 8, 11, 134, 0, 12, 22, 1288 }, // U+2039
    { 7, 11, 134, 1, 12, 20, 1310 }, // U+203A
    { 16, 18, 249, 0, 17, 72, 1330 }, // U+203B
    { 13, 20, 232, 1, 19, 65, 1402 }, // U+203C
    { 13, 3, 200, 0, 21, 10, 1467 }, // U+203E
    { 7, 3, 120, 0, 8, 6, 1477 }, // U+2043
    { 14, 21, 73, -5, 19, 74, 1483 }, // U+2044
    { 22, 20, 375, 1, 19, 110, 1557 }, // U+2047
    { 18, 20, 308, 1, 19, 90, 1667 }, // U+2048
    { 18, 20, 308, 1, 19, 90, 1757 }, // U+2049
    { 15, 6, 400, 5, 10, 23, 1847 }, // U+2053
    { 23, 9, 371, 0, 18, 52, 1870 }, // U+2057
    { 0, 0, 89, 0, 0, 0, 1922 }, // U+205F
    { 0, 0, 0, 0, 0, 0, 1922 }, // U+2060
    { 0, 0, 0, 0, 0, 0, 1922 }, // U+2061
    { 0, 0, 0, 0, 0, 0, 1922 }, // U+2062
    { 0, 0, 0, 0, 0, 0, 1922 }, // U+2063
    { 0, 0, 0, 0, 0, 0, 1922 }, // U+2064
    { 11, 13, 179, 0, 21, 36, 0 }, // U+2070
    { 11, 13, 179, 0, 21, 36, 36 }, // U+2074
    { 9, 13, 179, 1, 21, 30, 72 }, // U+2075
    { 10, 13, 179, 1, 21, 33, 102 }, // U+2076
    { 10, 13, 179, 1, 21, 33, 135 }, // U+2077
    { 9, 13, 179, 1, 21, 30, 168 }, // U+2078
    { 10, 13, 179, 1, 21, 33, 198 }, // U+2079
    { 12, 9, 226, 1, 18, 27, 231 }, // U+207F
    { 11, 12, 179, 0, 8, 33, 258 }, // U+2080
    { 9, 13, 179, 1, 9, 30, 291 }, // U+2081
    { 10, 12, 179, 1, 8, 30, 321 }, // U+2082
    { 9, 12, 179, 1, 8, 27, 351 }, // U+2083
    { 11, 12, 179, 0, 8, 33, 378 }, // U+2084
    { 9, 12, 179, 1, 8, 27, 411 }, // U+2085
    { 10, 12, 179, 1, 8, 30, 438 }, // U+2086
    { 10, 12, 179, 1, 8, 30, 468 }, // U+2087
    { 9, 12, 179, 1, 8, 27, 498 }, // U+2088
    { 10, 12, 179, 1, 8, 30, 525 }, // U+2089
    { 14, 17, 230, 0, 17, 60, 0 }, // U+20A3
    { 15, 18, 228, 0, 17, 68, 60 }, // U+20A4
    { 34, 18, 544, 0, 17, 153, 128 }, // U+20A7
    { 16, 18, 247, 0, 17, 72, 281 }, // U+20AC
    { 17, 12, 400, 4, 15, 51, 0 }, // U+2190
    { 13, 17, 400, 6, 17, 56, 51 }, // U+2191
    { 17, 12, 400, 4, 15, 51, 107 }, // U+2192
    { 13, 17, 400, 6, 17, 56, 158 }, // U+2193
    { 17, 11, 400, 4, 14, 47, 214 }, // U+2194
    { 11, 17, 400, 7, 17, 47, 261 }, // U+2195
    { 13, 18, 400, 6, 18, 59, 308 }, // U+21A8
    { 11, 18, 400, 7, 18, 50, 367 }, // U+21B2
    { 11, 18, 400, 7, 18, 50, 417 }, // U+21B3
    { 15, 14, 400, 5, 16, 53, 467 }, // U+21B5
    { 17, 15, 400, 4, 16, 64, 520 }, // U+21D0
    { 15, 17, 400, 5, 17, 64, 584 }, // U+21D1
    { 17, 15, 400, 4, 16, 64, 648 }, // U+21D2
    { 15, 17, 400, 5, 17, 64, 712 }, // U+21D3
    { 17, 13, 400, 4, 15, 56, 776 }, // U+21D4
    { 18, 19, 400, 3, 18, 86, 0 }, // U+2200
    { 13, 21, 249, 1, 20, 69, 86 }, // U+2202
    { 13, 18, 400, 6, 18, 59, 155 }, // U+2203
    { 19, 21, 400, 3, 19, 100, 214 }, // U+2205
    { 17, 18, 273, 0, 18, 77, 314 }, // U+2206
    { 17, 19, 400, 4, 18, 81, 391 }, // U+2207
    { 17, 18, 400, 4, 18, 77, 472 }, // U+2208
    { 17, 23, 400, 4, 20, 98, 549 }, // U+2209
    { 17, 15, 400, 4, 16, 64, 647 }, // U+220A
    { 17, 18, 400, 4, 18, 77, 711 }, // U+220B
    { 17, 23, 400, 4, 20, 98, 788 }, // U+220C
    { 17, 15, 400, 4, 16, 64, 886 }, // U+220D
    { 21, 22, 335, 0, 18, 116, 950 }, // U+220F
    { 16, 23, 266, 0, 18, 92, 1066 }, // U+2211
    { 12, 3, 249, 2, 10, 9, 1158 }, // U+2212
    { 13, 20, 211, 0, 18, 65, 1167 }, // U+2215
    { 13, 20, 211, 0, 18, 65, 1232 }, // U+2216
    { 12, 13, 249, 2, 15, 39, 1297 }, // U+2217
    { 10, 10, 249, 3, 13, 25, 1336 }, // U+2218
    { 6, 5, 249, 5, 9, 8, 1361 }, // U+2219
    { 17, 24, 249, -1, 21, 102, 1369 }, // U+221A
    { 13, 10, 249, 1, 13, 33, 1471 }, // U+221D
    { 16, 10, 249, 0, 13, 40, 1504 }, // U+221E
    { 17, 18, 400, 4, 18, 77, 1544 }, // U+221F
    { 19, 18, 400, 3, 18, 86, 1621 }, // U+2220
    { 4, 26, 200, 4, 20, 26, 1707 }, // U+2223
    { 9, 26, 200, 2, 20, 59, 1733 }, // U+2225
    { 18, 18, 400, 4, 18, 81, 1792 }, // U+2227
    { 18, 18, 400, 4, 18, 81, 1873 }, // U+2228
    { 15, 18, 400, 5, 18, 68, 1954 }, // U+2229
    { 15, 19, 400, 5, 18, 72, 2022 }, // U+222A
    { 15, 26, 249, 0, 20, 98, 2094 }, // U+222B
    { 17, 15, 400, 4, 14, 64, 2192 }, // U+2234
    { 17, 15, 400, 4, 14, 64, 2256 }, // U+2235
    { 6, 15, 125, 1, 16, 23, 2320 }, // U+2236
    { 17, 15, 400, 4, 14, 64, 2343 }, // U+2237
    { 15, 6, 400, 5, 10, 23, 2407 }, // U+223C
    { 15, 15, 400, 5, 16, 57, 2430 }, // U+2245
    { 13, 11, 249, 1, 14, 36, 2487 }, // U+2248
    { 15, 10, 400, 5, 12, 38, 2523 }, // U+224D
    { 12, 13, 249, 2, 15, 39, 2561 }, // U+2260
    { 15, 13, 400, 5, 14, 49, 2600 }, // U+2261
    { 12, 15, 249, 2, 15, 45, 2649 }, // U+2264
    { 12, 16, 249, 2, 16, 48, 2694 }, // U+2265
    { 21, 13, 400, 2, 15, 69, 2742 }, // U+226A
    { 21, 13, 400, 2, 15, 69, 2811 }, // U+226B
    { 17, 15, 400, 4, 16, 64, 2880 }, // U+2283
    { 17, 23, 400, 4, 20, 98, 2944 }, // U+2284
    { 17, 23, 400, 4, 20, 98, 3042 }, // U+2285
    { 17, 18, 400, 4, 18, 77, 3140 }, // U+2286
    { 17, 18, 400, 4, 18, 77, 3217 }, // U+2287
    { 19, 19, 400, 3, 18, 91, 3294 }, // U+2295
    { 19, 19, 400, 3, 18, 91, 3385 }, // U+2296
    { 19, 19, 400, 3, 18, 91, 3476 }, // U+2297
    { 19, 19, 400, 3, 18, 91, 3567 }, // U+2298
    { 15, 18, 400, 5, 18, 68, 3658 }, // U+22A5
    { 6, 5, 249, 5, 9, 8, 3726 }, // U+22C5
    { 23, 5, 400, 1, 9, 29, 3734 }, // U+22EF
    { 22, 20, 310, 0, 20, 110, 0 }, // U+FB00
    { 18, 20, 280, 0, 20, 90, 110 }, // U+FB01
    { 18, 20, 281, 0, 20, 90, 200 }, // U+FB02
    { 26, 20, 416, 0, 20, 130, 290 }, // U+FB03
    { 26, 20, 418, 0, 20, 130, 420 }, // U+FB04
    { 20, 21, 317, 0, 20, 105, 550 }, // U+FB05
    { 22, 21, 371, 1, 20, 116, 655 }, // U+FB06
    { 25, 24, 400, 0, 21, 150, 0 }, // U+FFFD
};

static const EpdUnicodeInterval bookerly_12_boldIntervals[] = {
    { 0x0, 0x0, 0x0 },
    { 0x8, 0x9, 0x1 },
    { 0xD, 0xD, 0x3 },
    { 0x1D, 0x1D, 0x4 },
    { 0x20, 0x7E, 0x5 },
    { 0xA0, 0xFF, 0x64 },
    { 0x100, 0x17F, 0xC4 },
    { 0x1C4, 0x1F5, 0x144 },
    { 0x1F8, 0x21F, 0x176 },
    { 0x300, 0x304, 0x19E },
    { 0x306, 0x30C, 0x1A3 },
    { 0x30F, 0x30F, 0x1AA },
    { 0x311, 0x315, 0x1AB },
    { 0x31B, 0x31B, 0x1B0 },
    { 0x323, 0x329, 0x1B1 },
    { 0x32D, 0x32E, 0x1B8 },
    { 0x330, 0x331, 0x1BA },
    { 0x342, 0x342, 0x1BC },
    { 0x344, 0x345, 0x1BD },
    { 0x2000, 0x2030, 0x1BF },
    { 0x2032, 0x203C, 0x1F0 },
    { 0x203E, 0x203E, 0x1FB },
    { 0x2043, 0x2044, 0x1FC },
    { 0x2047, 0x2049, 0x1FE },
    { 0x2053, 0x2053, 0x201 },
    { 0x2057, 0x2057, 0x202 },
    { 0x205F, 0x2064, 0x203 },
    { 0x2070, 0x2070, 0x209 },
    { 0x2074, 0x2079, 0x20A },
    { 0x207F, 0x2089, 0x210 },
    { 0x20A3, 0x20A4, 0x21B },
    { 0x20A7, 0x20A7, 0x21D },
    { 0x20AC, 0x20AC, 0x21E },
    { 0x2190, 0x2195, 0x21F },
    { 0x21A8, 0x21A8, 0x225 },
    { 0x21B2, 0x21B3, 0x226 },
    { 0x21B5, 0x21B5, 0x228 },
    { 0x21D0, 0x21D4, 0x229 },
    { 0x2200, 0x2200, 0x22E },
    { 0x2202, 0x2203, 0x22F },
    { 0x2205, 0x220D, 0x231 },
    { 0x220F, 0x220F, 0x23A },
    { 0x2211, 0x2212, 0x23B },
    { 0x2215, 0x221A, 0x23D },
    { 0x221D, 0x2220, 0x243 },
    { 0x2223, 0x2223, 0x247 },
    { 0x2225, 0x2225, 0x248 },
    { 0x2227, 0x222B, 0x249 },
    { 0x2234, 0x2237, 0x24E },
    { 0x223C, 0x223C, 0x252 },
    { 0x2245, 0x2245, 0x253 },
    { 0x2248, 0x2248, 0x254 },
    { 0x224D, 0x224D, 0x255 },
    { 0x2260, 0x2261, 0x256 },
    { 0x2264, 0x2265, 0x258 },
    { 0x226A, 0x226B, 0x25A },
    { 0x2283, 0x2287, 0x25C },
    { 0x2295, 0x2298, 0x261 },
    { 0x22A5, 0x22A5, 0x265 },
    { 0x22C5, 0x22C5, 0x266 },
    { 0x22EF, 0x22EF, 0x267 },
    { 0xFB00, 0xFB06, 0x268 },
    { 0xFFFD, 0xFFFD, 0x26F },
};

static const EpdFontGroup bookerly_12_boldGroups[] = {
    { 0, 3211, 6494, 100, 0 },
    { 3211, 2857, 7965, 96, 100 },
    { 6068, 3690, 12663, 128, 196 },
    { 9758, 3554, 10425, 90, 324 },
    { 13312, 351, 474, 33, 414 },
    { 13663, 1063, 2121, 74, 447 },
    { 14726, 446, 663, 18, 521 },
    { 15172, 263, 374, 4, 539 },
    { 15435, 478, 949, 15, 543 },
    { 15913, 1842, 4229, 58, 558 },
    { 17755, 353, 831, 7, 616 },
    { 18108, 117, 168, 1, 623 },
};

static const EpdKernClassEntry bookerly_12_boldKernLeftClasses[] = {
    { 0x0022, 1 }, // "
    { 0x0027, 1 }, // '
    { 0x0028, 2 }, // (
    { 0x002A, 3 }, // *
    { 0x002B, 4 }, // +
    { 0x002C, 5 }, // ,
    { 0x002D, 6 }, // -
    { 0x002E, 5 }, // .
    { 0x002F, 7 }, // /
    { 0x0030, 8 }, // 0
    { 0x0031, 9 }, // 1
    { 0x0032, 10 }, // 2
    { 0x0033, 8 }, // 3
    { 0x0034, 11 }, // 4
    { 0x0035, 12 }, // 5
    { 0x0036, 13 }, // 6
    { 0x0037, 14 }, // 7
    { 0x0038, 15 }, // 8
    { 0x0039, 16 }, // 9
    { 0x003A, 17 }, // :
    { 0x003B, 17 }, // ;
    { 0x003C, 4 }, // <
    { 0x003D, 4 }, // =
    { 0x003E, 4 }, // >
    { 0x0040, 18 }, // @
    { 0x0041, 19 }, // A
    { 0x0042, 20 }, // B
    { 0x0043, 21 }, // C
    { 0x0044, 22 }, // D
    { 0x0045, 23 }, // E
    { 0x0046, 24 }, // F
    { 0x0047, 25 }, // G
    { 0x0048, 26 }, // H
    { 0x0049, 26 }, // I
    { 0x004A, 27 }, // J
    { 0x004B, 28 }, // K
    { 0x004C, 29 }, // L
    { 0x004D, 30 }, // M
    { 0x004E, 31 }, // N
    { 0x004F, 22 }, // O
    { 0x0050, 32 }, // P
    { 0x0051, 33 }, // Q
    { 0x0052, 34 }, // R
    { 0x0053, 35 }, // S
    { 0x0054, 36 }, // T
    { 0x0055, 37 }, // U
    { 0x0056, 38 }, // V
    { 0x0057, 38 }, // W
    { 0x0058, 39 }, // X
    { 0x0059, 40 }, // Y
    { 0x005A, 41 }, // Z
    { 0x005B, 42 }, // [
    { 0x005C, 43 }, // <backslash>
    { 0x0061, 44 }, // a
    { 0x0062, 45 }, // b
    { 0x0063, 46 }, // c
    { 0x0064, 47 }, // d
    { 0x0065, 48 }, // e
    { 0x0066, 49 }, // f
    { 0x0067, 50 }, // g
    { 0x0068, 51 }, // h
    { 0x0069, 52 }, // i
    { 0x006A, 53 }, // j
    { 0x006B, 54 }, // k
    { 0x006C, 55 }, // l
    { 0x006D, 51 }, // m
    { 0x006E, 51 }, // n
    { 0x006F, 45 }, // o
    { 0x0070, 45 }, // p
    { 0x0071, 56 }, // q
    { 0x0072, 57 }, // r
    { 0x0073, 58 }, // s
    { 0x0074, 59 }, // t
    { 0x0075, 60 }, // u
    { 0x0076, 61 }, // v
    { 0x0077, 61 }, // w
    { 0x0078, 62 }, // x
    { 0x0079, 61 }, // y
    { 0x007A, 63 }, // z
    { 0x007B, 64 }, // {
    { 0x007E, 4 }, // ~
    { 0x00A1, 65 }, // U+00A1
    { 0x00AB, 66 }, // U+00AB
    { 0x00AD, 6 }, // U+00AD
    { 0x00BB, 67 }, // U+00BB
    { 0x00BF, 68 }, // U+00BF
    { 0x00C0, 19 }, // U+00C0
    { 0x00C1, 19 }, // U+00C1
    { 0x00C2, 19 }, // U+00C2
    { 0x00C3, 19 }, // U+00C3
    { 0x00C4, 19 }, // U+00C4
    { 0x00C5, 19 }, // U+00C5
    { 0x00C6, 23 }, // U+00C6
    { 0x00C7, 21 }, // U+00C7
    { 0x00C8, 23 }, // U+00C8
    { 0x00C9, 23 }, // U+00C9
    { 0x00CA, 23 }, // U+00CA
    { 0x00CB, 23 }, // U+00CB
    { 0x00CC, 26 }, // U+00CC
    { 0x00CD, 26 }, // U+00CD
    { 0x00CE, 26 }, // U+00CE
    { 0x00CF, 26 }, // U+00CF
    { 0x00D0, 22 }, // U+00D0
    { 0x00D1, 31 }, // U+00D1
    { 0x00D2, 22 }, // U+00D2
    { 0x00D3, 22 }, // U+00D3
    { 0x00D4, 22 }, // U+00D4
    { 0x00D5, 22 }, // U+00D5
    { 0x00D6, 22 }, // U+00D6
    { 0x00D7, 4 }, // U+00D7
    { 0x00D8, 69 }, // U+00D8
    { 0x00D9, 37 }, // U+00D9
    { 0x00DA, 37 }, // U+00DA
    { 0x00DB, 37 }, // U+00DB
    { 0x00DC, 37 }, // U+00DC
    { 0x00DD, 40 }, // U+00DD
    { 0x00DE, 70 }, // U+00DE
    { 0x00DF, 71 }, // U+00DF
    { 0x00E0, 44 }, // U+00E0
    { 0x00E1, 44 }, // U+00E1
    { 0x00E2, 44 }, // U+00E2
    { 0x00E3, 44 }, // U+00E3
    { 0x00E4, 44 }, // U+00E4
    { 0x00E5, 44 }, // U+00E5
    { 0x00E6, 48 }, // U+00E6
    { 0x00E7, 46 }, // U+00E7
    { 0x00E8, 48 }, // U+00E8
    { 0x00E9, 48 }, // U+00E9
    { 0x00EA, 48 }, // U+00EA
    { 0x00EB, 48 }, // U+00EB
    { 0x00EC, 52 }, // U+00EC
    { 0x00ED, 52 }, // U+00ED
    { 0x00EE, 72 }, // U+00EE
    { 0x00EF, 72 }, // U+00EF
    { 0x00F0, 45 }, // U+00F0
    { 0x00F1, 51 }, // U+00F1
    { 0x00F2, 45 }, // U+00F2
    { 0x00F3, 45 }, // U+00F3
    { 0x00F4, 45 }, // U+00F4
    { 0x00F5, 45 }, // U+00F5
    { 0x00F6, 45 }, // U+00F6
    { 0x00F7, 4 }, // U+00F7
    { 0x00F8, 45 }, // U+00F8
    { 0x00F9, 60 }, // U+00F9
    { 0x00FA, 60 }, // U+00FA
    { 0x00FB, 60 }, // U+00FB
    { 0x00FC, 60 }, // U+00FC
    { 0x00FD, 61 }, // U+00FD
    { 0x00FE, 45 }, // U+00FE
    { 0x00FF, 61 }, // U+00FF
    { 0x0100, 19 }, // U+0100
    { 0x0101, 44 }, // U+0101
    { 0x0102, 19 }, // U+0102
    { 0x0103, 44 }, // U+0103
    { 0x0104, 73 }, // U+0104
    { 0x0105, 74 }, // U+0105
    { 0x0106, 21 }, // U+0106
    { 0x0107, 46 }, // U+0107
    { 0x0108, 21 }, // U+0108
    { 0x0109, 46 }, // U+0109
    { 0x010A, 21 }, // U+010A
    { 0x010B, 46 }, // U+010B
    { 0x010C, 21 }, // U+010C
    { 0x010D, 46 }, // U+010D
    { 0x010E, 22 }, // U+010E
    { 0x010F, 75 }, // U+010F
    { 0x0110, 22 }, // U+0110
    { 0x0111, 76 }, // U+0111
    { 0x0112, 23 }, // U+0112
    { 0x0113, 48 }, // U+0113
    { 0x0114, 23 }, // U+0114
    { 0x0115, 48 }, // U+0115
    { 0x0116, 23 }, // U+0116
    { 0x0117, 48 }, // U+0117
    { 0x0118, 77 }, // U+0118
    { 0x0119, 78 }, // U+0119
    { 0x011A, 23 }, // U+011A
    { 0x011B, 48 }, // U+011B
    { 0x011C, 25 }, // U+011C
    { 0x011D, 50 }, // U+011D
    { 0x011E, 25 }, // U+011E
    { 0x011F, 50 }, // U+011F
    { 0x0120, 25 }, // U+0120
    { 0x0121, 50 }, // U+0121
    { 0x0122, 25 }, // U+0122
    { 0x0123, 50 }, // U+0123
    { 0x0124, 26 }, // U+0124
    { 0x0125, 51 }, // U+0125
    { 0x0126, 26 }, // U+0126
    { 0x0127, 51 }, // U+0127
    { 0x0128, 26 }, // U+0128
    { 0x0129, 72 }, // U+0129
    { 0x012A, 26 }, // U+012A
    { 0x012B, 72 }, // U+012B
    { 0x012C, 26 }, // U+012C
    { 0x012D, 72 }, // U+012D
    { 0x012E, 26 }, // U+012E
    { 0x012F, 79 }, // U+012F
    { 0x0130, 26 }, // U+0130
    { 0x0131, 52 }, // U+0131
    { 0x0132, 27 }, // U+0132
    { 0x0133, 53 }, // U+0133
    { 0x0134, 27 }, // U+0134
    { 0x0135, 80 }, // U+0135
    { 0x0136, 28 }, // U+0136
    { 0x0137, 54 }, // U+0137
    { 0x0138, 54 }, // U+0138
    { 0x0139, 29 }, // U+0139
    { 0x013A, 55 }, // U+013A
    { 0x013B, 29 }, // U+013B
    { 0x013C, 55 }, // U+013C
    { 0x013E, 75 }, // U+013E
    { 0x0141, 29 }, // U+0141
    { 0x0142, 81 }, // U+0142
    { 0x0143, 31 }, // U+0143
    { 0x0144, 51 }, // U+0144
    { 0x0145, 31 }, // U+0145
    { 0x0146, 51 }, // U+0146
    { 0x0147, 31 }, // U+0147
    { 0x0148, 51 }, // U+0148
    { 0x0149, 51 }, // U+0149
    { 0x014A, 31 }, // U+014A
    { 0x014B, 51 }, // U+014B
    { 0x014C, 22 }, // U+014C
    { 0x014D, 45 }, // U+014D
    { 0x014E, 22 }, // U+014E
    { 0x014F, 45 }, // U+014F
    { 0x0150, 22 }, // U+0150
    { 0x0151, 45 }, // U+0151
    { 0x0152, 23 }, // U+0152
    { 0x0153, 48 }, // U+0153
    { 0x0154, 34 }, // U+0154
    { 0x0155, 57 }, // U+0155
    { 0x0156, 34 }, // U+0156
    { 0x0157, 57 }, // U+0157
    { 0x0158, 34 }, // U+0158
    { 0x0159, 57 }, // U+0159
    { 0x015A, 35 }, // U+015A
    { 0x015B, 58 }, // U+015B
    { 0x015C, 35 }, // U+015C
    { 0x015D, 58 }, // U+015D
    { 0x015E, 35 }, // U+015E
    { 0x015F, 58 }, // U+015F
    { 0x0160, 35 }, // U+0160
    { 0x0161, 58 }, // U+0161
    { 0x0162, 36 }, // U+0162
    { 0x0163, 82 }, // U+0163
    { 0x0164, 36 }, // U+0164
    { 0x0165, 83 }, // U+0165
    { 0x0166, 36 }, // U+0166
    { 0x0167, 59 }, // U+0167
    { 0x0168, 37 }, // U+0168
    { 0x0169, 60 }, // U+0169
    { 0x016A, 37 }, // U+016A
    { 0x016B, 60 }, // U+016B
    { 0x016C, 37 }, // U+016C
    { 0x016D, 60 }, // U+016D
    { 0x016E, 37 }, // U+016E
    { 0x016F, 60 }, // U+016F
    { 0x0170, 37 }, // U+0170
    { 0x0171, 60 }, // U+0171
    { 0x0172, 37 }, // U+0172
    { 0x0173, 84 }, // U+0173
    { 0x0174, 38 }, // U+0174
    { 0x0175, 61 }, // U+0175
    { 0x0176, 40 }, // U+0176
    { 0x0177, 61 }, // U+0177
    { 0x0178, 40 }, // U+0178
    { 0x0179, 41 }, // U+0179
    { 0x017A, 63 }, // U+017A
    { 0x017B, 41 }, // U+017B
    { 0x017C, 63 }, // U+017C
    { 0x017D, 41 }, // U+017D
    { 0x017E, 63 }, // U+017E
    { 0x01C4, 41 }, // U+01C4
    { 0x01C5, 63 }, // U+01C5
    { 0x01C6, 63 }, // U+01C6
    { 0x01C7, 27 }, // U+01C7
    { 0x01C8, 53 }, // U+01C8
    { 0x01C9, 53 }, // U+01C9
    { 0x01CA, 27 }, // U+01CA
    { 0x01CB, 53 }, // U+01CB
    { 0x01CC, 53 }, // U+01CC
    { 0x01CD, 19 }, // U+01CD
    { 0x01CE, 44 }, // U+01CE
    { 0x01CF, 26 }, // U+01CF
    { 0x01D0, 72 }, // U+01D0
    { 0x01D1, 22 }, // U+01D1
    { 0x01D2, 45 }, // U+01D2
    { 0x01D3, 37 }, // U+01D3
    { 0x01D4, 60 }, // U+01D4
    { 0x01D5, 37 }, // U+01D5
    { 0x01D6, 60 }, // U+01D6
    { 0x01D7, 37 }, // U+01D7
    { 0x01D8, 60 }, // U+01D8
    { 0x01D9, 37 }, // U+01D9
    { 0x01DA, 60 }, // U+01DA
    { 0x01DB, 37 }, // U+01DB
    { 0x01DC, 60 }, // U+01DC
    { 0x01DD, 45 }, // U+01DD
    { 0x01DE, 19 }, // U+01DE
    { 0x01DF, 44 }, // U+01DF
    { 0x01E0, 19 }, // U+01E0
    { 0x01E1, 44 }, // U+01E1
    { 0x01E2, 23 }, // U+01E2
    { 0x01E3, 48 }, // U+01E3
    { 0x01E4, 25 }, // U+01E4
    { 0x01E5, 85 }, // U+01E5
    { 0x01E6, 25 }, // U+01E6
    { 0x01E7, 50 }, // U+01E7
    { 0x01E8, 28 }, // U+01E8
    { 0x01E9, 54 }, // U+01E9
    { 0x01EA, 22 }, // U+01EA
    { 0x01EB, 45 }, // U+01EB
    { 0x01EC, 22 }, // U+01EC
    { 0x01ED, 45 }, // U+01ED
    { 0x01EF, 86 }, // U+01EF
    { 0x01F0, 80 }, // U+01F0
    { 0x01F1, 41 }, // U+01F1
    { 0x01F2, 63 }, // U+01F2
    { 0x01F3, 63 }, // U+01F3
    { 0x01F4, 25 }, // U+01F4
    { 0x01F5, 50 }, // U+01F5
    { 0x01F8, 31 }, // U+01F8
    { 0x01F9, 51 }, // U+01F9
    { 0x01FA, 19 }, // U+01FA
    { 0x01FB, 44 }, // U+01FB
    { 0x01FC, 23 }, // U+01FC
    { 0x01FD, 48 }, // U+01FD
    { 0x01FE, 69 }, // U+01FE
    { 0x01FF, 45 }, // U+01FF
    { 0x0200, 19 }, // U+0200
    { 0x0201, 44 }, // U+0201
    { 0x0202, 19 }, // U+0202
    { 0x0203, 44 }, // U+0203
    { 0x0204, 23 }, // U+0204
    { 0x0205, 48 }, // U+0205
    { 0x0206, 23 }, // U+0206
    { 0x0207, 48 }, // U+0207
    { 0x0208, 26 }, // U+0208
    { 0x0209, 72 }, // U+0209
    { 0x020A, 26 }, // U+020A
    { 0x020B, 72 }, // U+020B
    { 0x020C, 22 }, // U+020C
    { 0x020D, 45 }, // U+020D
    { 0x020E, 22 }, // U+020E
    { 0x020F, 45 }, // U+020F
    { 0x0210, 34 }, // U+0210
    { 0x0211, 57 }, // U+0211
    { 0x0212, 34 }, // U+0212
    { 0x0213, 57 }, // U+0213
    { 0x0214, 37 }, // U+0214
    { 0x0215, 60 }, // U+0215
    { 0x0216, 37 }, // U+0216
    { 0x0217, 60 }, // U+0217
    { 0x0218, 35 }, // U+0218
    { 0x0219, 58 }, // U+0219
    { 0x021A, 36 }, // U+021A
    { 0x021B, 59 }, // U+021B
    { 0x021C, 20 }, // U+021C
    { 0x021D, 87 }, // U+021D
    { 0x021E, 26 }, // U+021E
    { 0x021F, 51 }, // U+021F
    { 0x2010, 6 }, // U+2010
    { 0x2011, 6 }, // U+2011
    { 0x2013, 6 }, // U+2013
    { 0x2014, 6 }, // U+2014
    { 0x2015, 6 }, // U+2015
    { 0x2018, 88 }, // U+2018
    { 0x2019, 89 }, // U+2019
    { 0x201A, 90 }, // U+201A
    { 0x201B, 88 }, // U+201B
    { 0x201C, 88 }, // U+201C
    { 0x201D, 89 }, // U+201D
    { 0x201E, 5 }, // U+201E
    { 0x201F, 88 }, // U+201F
    { 0x2025, 5 }, // U+2025
    { 0x2026, 5 }, // U+2026
    { 0x2039, 66 }, // U+2039
    { 0x203A, 67 }, // U+203A
    { 0x2212, 4 }, // U+2212
    { 0x2217, 4 }, // U+2217
    { 0x2248, 4 }, // U+2248
    { 0x2260, 4 }, // U+2260
    { 0xFB00, 49 }, // U+FB00
    { 0xFB01, 52 }, // U+FB01
    { 0xFB02, 55 }, // U+FB02
    { 0xFB03, 52 }, // U+FB03
    { 0xFB04, 55 }, // U+FB04
    { 0xFB05, 59 }, // U+FB05
    { 0xFB06, 59 }, // U+FB06
};

static const EpdKernClassEntry bookerly_12_boldKernRightClasses[] = {
    { 0x0022, 1 }, // "
    { 0x0027, 1 }, // '
    { 0x0029, 2 }, // )
    { 0x002A, 3 }, // *
    { 0x002B, 4 }, // +
    { 0x002C, 5 }, // ,
    { 0x002D, 6 }, // -
    { 0x002E, 7 }, // .
    { 0x002F, 8 }, // /
    { 0x0030, 9 }, // 0
    { 0x0031, 10 }, // 1
    { 0x0032, 11 }, // 2
    { 0x0033, 10 }, // 3
    { 0x0034, 12 }, // 4
    { 0x0035, 13 }, // 5
    { 0x0036, 14 }, // 6
    { 0x0037, 15 }, // 7
    { 0x0038, 16 }, // 8
    { 0x003A, 17 }, // :
    { 0x003B, 18 }, // ;
    { 0x003C, 4 }, // <
    { 0x003D, 4 }, // =
    { 0x003E, 4 }, // >
    { 0x003F, 19 }, // ?
    { 0x0041, 20 }, // A
    { 0x0042, 21 }, // B
    { 0x0043, 22 }, // C
    { 0x0044, 21 }, // D
    { 0x0045, 21 }, // E
    { 0x0046, 21 }, // F
    { 0x0047, 22 }, // G
    { 0x0048, 21 }, // H
    { 0x0049, 21 }, // I
    { 0x004A, 23 }, // J
    { 0x004B, 21 }, // K
    { 0x004C, 21 }, // L
    { 0x004D, 24 }, // M
    { 0x004E, 21 }, // N
    { 0x004F, 22 }, // O
    { 0x0050, 21 }, // P
    { 0x0051, 22 }, // Q
    { 0x0052, 21 }, // R
    { 0x0053, 25 }, // S
    { 0x0054, 26 }, // T
    { 0x0055, 27 }, // U
    { 0x0056, 28 }, // V
    { 0x0057, 28 }, // W
    { 0x0058, 29 }, // X
    { 0x0059, 30 }, // Y
    { 0x005A, 31 }, // Z
    { 0x005C, 32 }, // <backslash>
    { 0x005D, 33 }, // ]
    { 0x0061, 34 }, // a
    { 0x0062, 35 }, // b
    { 0x0063, 36 }, // c
    { 0x0064, 36 }, // d
    { 0x0065, 36 }, // e
    { 0x0066, 37 }, // f
    { 0x0067, 38 }, // g
    { 0x0068, 39 }, // h
    { 0x0069, 40 }, // i
    { 0x006A, 41 }, // j
    { 0x006B, 39 }, // k
    { 0x006C, 39 }, // l
    { 0x006D, 42 }, // m
    { 0x006E, 42 }, // n
    { 0x006F, 36 }, // o
    { 0x0070, 43 }, // p
    { 0x0071, 36 }, // q
    { 0x0072, 42 }, // r
    { 0x0073, 44 }, // s
    { 0x0074, 45 }, // t
    { 0x0075, 46 }, // u
    { 0x0076, 47 }, // v
    { 0x0077, 47 }, // w
    { 0x0078, 48 }, // x
    { 0x0079, 49 }, // y
    { 0x007A, 50 }, // z
    { 0x007D, 51 }, // }
    { 0x007E, 4 }, // ~
    { 0x00AB, 52 }, // U+00AB
    { 0x00AD, 6 }, // U+00AD
    { 0x00B0, 53 }, // U+00B0
    { 0x00BB, 54 }, // U+00BB
    { 0x00BF, 55 }, // U+00BF
    { 0x00C0, 20 }, // U+00C0
    { 0x00C1, 20 }, // U+00C1
    { 0x00C2, 20 }, // U+00C2
    { 0x00C3, 20 }, // U+00C3
    { 0x00C4, 20 }, // U+00C4
    { 0x00C5, 20 }, // U+00C5
    { 0x00C6, 56 }, // U+00C6
    { 0x00C7, 22 }, // U+00C7
    { 0x00C8, 21 }, // U+00C8
    { 0x00C9, 21 }, // U+00C9
    { 0x00CA, 21 }, // U+00CA
    { 0x00CB, 21 }, // U+00CB
    { 0x00CC, 21 }, // U+00CC
    { 0x00CD, 21 }, // U+00CD
    { 0x00CE, 21 }, // U+00CE
    { 0x00CF, 21 }, // U+00CF
    { 0x00D0, 21 }, // U+00D0
    { 0x00D1, 21 }, // U+00D1
    { 0x00D2, 22 }, // U+00D2
    { 0x00D3, 22 }, // U+00D3
    { 0x00D4, 22 }, // U+00D4
    { 0x00D5, 22 }, // U+00D5
    { 0x00D6, 22 }, // U+00D6
    { 0x00D7, 4 }, // U+00D7
    { 0x00D8, 57 }, // U+00D8
    { 0x00D9, 27 }, // U+00D9
    { 0x00DA, 27 }, // U+00DA
    { 0x00DB, 27 }, // U+00DB
    { 0x00DC, 27 }, // U+00DC
    { 0x00DD, 30 }, // U+00DD
    { 0x00DE, 21 }, // U+00DE
    { 0x00DF, 58 }, // U+00DF
    { 0x00E0, 34 }, // U+00E0
    { 0x00E1, 34 }, // U+00E1
    { 0x00E2, 34 }, // U+00E2
    { 0x00E3, 59 }, // U+00E3
    { 0x00E4, 60 }, // U+00E4
    { 0x00E5, 34 }, // U+00E5
    { 0x00E6, 34 }, // U+00E6
    { 0x00E7, 36 }, // U+00E7
    { 0x00E8, 36 }, // U+00E8
    { 0x00E9, 36 }, // U+00E9
    { 0x00EA, 36 }, // U+00EA
    { 0x00EB, 61 }, // U+00EB
    { 0x00EC, 62 }, // U+00EC
    { 0x00ED, 40 }, // U+00ED
    { 0x00EE, 63 }, // U+00EE
    { 0x00EF, 64 }, // U+00EF
    { 0x00F0, 36 }, // U+00F0
    { 0x00F1, 42 }, // U+00F1
    { 0x00F2, 36 }, // U+00F2
    { 0x00F3, 36 }, // U+00F3
    { 0x00F4, 36 }, // U+00F4
    { 0x00F5, 36 }, // U+00F5
    { 0x00F6, 65 }, // U+00F6
    { 0x00F7, 4 }, // U+00F7
    { 0x00F8, 66 }, // U+00F8
    { 0x00F9, 46 }, // U+00F9
    { 0x00FA, 46 }, // U+00FA
    { 0x00FB, 46 }, // U+00FB
    { 0x00FC, 46 }, // U+00FC
    { 0x00FD, 49 }, // U+00FD
    { 0x00FE, 67 }, // U+00FE
    { 0x00FF, 49 }, // U+00FF
    { 0x0100, 20 }, // U+0100
    { 0x0101, 68 }, // U+0101
    { 0x0102, 20 }, // U+0102
    { 0x0103, 69 }, // U+0103
    { 0x0104, 20 }, // U+0104
    { 0x0105, 34 }, // U+0105
    { 0x0106, 22 }, // U+0106
    { 0x0107, 36 }, // U+0107
    { 0x0108, 22 }, // U+0108
    { 0x0109, 70 }, // U+0109
    { 0x010A, 22 }, // U+010A
    { 0x010B, 36 }, // U+010B
    { 0x010C, 22 }, // U+010C
    { 0x010D, 71 }, // U+010D
    { 0x010E, 21 }, // U+010E
    { 0x010F, 36 }, // U+010F
    { 0x0110, 21 }, // U+0110
    { 0x0111, 36 }, // U+0111
    { 0x0112, 21 }, // U+0112
    { 0x0113, 72 }, // U+0113
    { 0x0114, 21 }, // U+0114
    { 0x0115, 70 }, // U+0115
    { 0x0116, 21 }, // U+0116
    { 0x0117, 36 }, // U+0117
    { 0x0118, 21 }, // U+0118
    { 0x0119, 36 }, // U+0119
    { 0x011A, 21 }, // U+011A
    { 0x011B, 70 }, // U+011B
    { 0x011C, 22 }, // U+011C
    { 0x011D, 38 }, // U+011D
    { 0x011E, 22 }, // U+011E
    { 0x011F, 73 }, // U+011F
    { 0x0120, 22 }, // U+0120
    { 0x0121, 38 }, // U+0121
    { 0x0122, 22 }, // U+0122
    { 0x0123, 38 }, // U+0123
    { 0x0124, 21 }, // U+0124
    { 0x0125, 39 }, // U+0125
    { 0x0126, 21 }, // U+0126
    { 0x0127, 74 }, // U+0127
    { 0x0128, 21 }, // U+0128
    { 0x0129, 64 }, // U+0129
    { 0x012A, 21 }, // U+012A
    { 0x012B, 64 }, // U+012B
    { 0x012C, 21 }, // U+012C
    { 0x012D, 64 }, // U+012D
    { 0x012E, 21 }, // U+012E
    { 0x012F, 40 }, // U+012F
    { 0x0130, 21 }, // U+0130
    { 0x0131, 40 }, // U+0131
    { 0x0132, 21 }, // U+0132
    { 0x0133, 40 }, // U+0133
    { 0x0134, 23 }, // U+0134
    { 0x0135, 75 }, // U+0135
    { 0x0136, 21 }, // U+0136
    { 0x0137, 39 }, // U+0137
    { 0x0138, 42 }, // U+0138
    { 0x0139, 21 }, // U+0139
    { 0x013A, 39 }, // U+013A
    { 0x013B, 21 }, // U+013B
    { 0x013C, 39 }, // U+013C
    { 0x013D, 21 }, // U+013D
    { 0x013E, 39 }, // U+013E
    { 0x013F, 21 }, // U+013F
    { 0x0140, 39 }, // U+0140
    { 0x0141, 21 }, // U+0141
    { 0x0142, 76 }, // U+0142
    { 0x0143, 21 }, // U+0143
    { 0x0144, 42 }, // U+0144
    { 0x0145, 21 }, // U+0145
    { 0x0146, 42 }, // U+0146
    { 0x0147, 21 }, // U+0147
    { 0x0148, 42 }, // U+0148
    { 0x0149, 42 }, // U+0149
    { 0x014A, 21 }, // U+014A
    { 0x014B, 42 }, // U+014B
    { 0x014C, 22 }, // U+014C
    { 0x014D, 36 }, // U+014D
    { 0x014E, 22 }, // U+014E
    { 0x014F, 71 }, // U+014F
    { 0x0150, 22 }, // U+0150
    { 0x0151, 36 }, // U+0151
    { 0x0152, 22 }, // U+0152
    { 0x0153, 36 }, // U+0153
    { 0x0154, 21 }, // U+0154
    { 0x0155, 42 }, // U+0155
    { 0x0156, 21 }, // U+0156
    { 0x0157, 42 }, // U+0157
    { 0x0158, 21 }, // U+0158
    { 0x0159, 77 }, // U+0159
    { 0x015A, 25 }, // U+015A
    { 0x015B, 44 }, // U+015B
    { 0x015C, 25 }, // U+015C
    { 0x015D, 78 }, // U+015D
    { 0x015E, 25 }, // U+015E
    { 0x015F, 44 }, // U+015F
    { 0x0160, 25 }, // U+0160
    { 0x0161, 79 }, // U+0161
    { 0x0162, 26 }, // U+0162
    { 0x0163, 45 }, // U+0163
    { 0x0164, 26 }, // U+0164
    { 0x0165, 45 }, // U+0165
    { 0x0166, 26 }, // U+0166
    { 0x0167, 45 }, // U+0167
    { 0x0168, 27 }, // U+0168
    { 0x0169, 46 }, // U+0169
    { 0x016A, 27 }, // U+016A
    { 0x016B, 46 }, // U+016B
    { 0x016C, 27 }, // U+016C
    { 0x016D, 46 }, // U+016D
    { 0x016E, 27 }, // U+016E
    { 0x016F, 46 }, // U+016F
    { 0x0170, 27 }, // U+0170
    { 0x0171, 46 }, // U+0171
    { 0x0172, 27 }, // U+0172
    { 0x0173, 46 }, // U+0173
    { 0x0174, 28 }, // U+0174
    { 0x0175, 47 }, // U+0175
    { 0x0176, 30 }, // U+0176
    { 0x0177, 49 }, // U+0177
    { 0x0178, 30 }, // U+0178
    { 0x0179, 31 }, // U+0179
    { 0x017A, 50 }, // U+017A
    { 0x017B, 31 }, // U+017B
    { 0x017C, 50 }, // U+017C
    { 0x017D, 31 }, // U+017D
    { 0x017E, 80 }, // U+017E
    { 0x017F, 58 }, // U+017F
    { 0x01C4, 21 }, // U+01C4
    { 0x01C5, 21 }, // U+01C5
    { 0x01C6, 36 }, // U+01C6
    { 0x01C7, 21 }, // U+01C7
    { 0x01C8, 21 }, // U+01C8
    { 0x01C9, 39 }, // U+01C9
    { 0x01CA, 21 }, // U+01CA
    { 0x01CB, 21 }, // U+01CB
    { 0x01CC, 42 }, // U+01CC
    { 0x01CD, 20 }, // U+01CD
    { 0x01CE, 34 }, // U+01CE
    { 0x01CF, 21 }, // U+01CF
    { 0x01D0, 64 }, // U+01D0
    { 0x01D1, 22 }, // U+01D1
    { 0x01D2, 36 }, // U+01D2
    { 0x01D3, 27 }, // U+01D3
    { 0x01D4, 46 }, // U+01D4
    { 0x01D5, 27 }, // U+01D5
    { 0x01D6, 46 }, // U+01D6
    { 0x01D7, 27 }, // U+01D7
    { 0x01D8, 46 }, // U+01D8
    { 0x01D9, 27 }, // U+01D9
    { 0x01DA, 46 }, // U+01DA
    { 0x01DB, 27 }, // U+01DB
    { 0x01DC, 46 }, // U+01DC
    { 0x01DD, 81 }, // U+01DD
    { 0x01DE, 20 }, // U+01DE
    { 0x01DF, 34 }, // U+01DF
    { 0x01E0, 20 }, // U+01E0
    { 0x01E1, 34 }, // U+01E1
    { 0x01E2, 56 }, // U+01E2
    { 0x01E3, 34 }, // U+01E3
    { 0x01E4, 22 }, // U+01E4
    { 0x01E5, 82 }, // U+01E5
    { 0x01E6, 22 }, // U+01E6
    { 0x01E7, 38 }, // U+01E7
    { 0x01E8, 21 }, // U+01E8
    { 0x01E9, 39 }, // U+01E9
    { 0x01EA, 22 }, // U+01EA
    { 0x01EB, 36 }, // U+01EB
    { 0x01EC, 22 }, // U+01EC
    { 0x01ED, 36 }, // U+01ED
    { 0x01EE, 83 }, // U+01EE
    { 0x01EF, 84 }, // U+01EF
    { 0x01F0, 75 }, // U+01F0
    { 0x01F1, 21 }, // U+01F1
    { 0x01F2, 21 }, // U+01F2
    { 0x01F3, 36 }, // U+01F3
    { 0x01F4, 22 }, // U+01F4
    { 0x01F5, 38 }, // U+01F5
    { 0x01F8, 21 }, // U+01F8
    { 0x01F9, 42 }, // U+01F9
    { 0x01FA, 20 }, // U+01FA
    { 0x01FB, 34 }, // U+01FB
    { 0x01FC, 56 }, // U+01FC
    { 0x01FD, 34 }, // U+01FD
    { 0x01FE, 57 }, // U+01FE
    { 0x01FF, 36 }, // U+01FF
    { 0x0200, 20 }, // U+0200
    { 0x0201, 34 }, // U+0201
    { 0x0202, 20 }, // U+0202
    { 0x0203, 34 }, // U+0203
    { 0x0204, 21 }, // U+0204
    { 0x0205, 36 }, // U+0205
    { 0x0206, 21 }, // U+0206
    { 0x0207, 36 }, // U+0207
    { 0x0208, 21 }, // U+0208
    { 0x0209, 64 }, // U+0209
    { 0x020A, 21 }, // U+020A
    { 0x020B, 64 }, // U+020B
    { 0x020C, 22 }, // U+020C
    { 0x020D, 36 }, // U+020D
    { 0x020E, 22 }, // U+020E
    { 0x020F, 36 }, // U+020F
    { 0x0210, 21 }, // U+0210
    { 0x0211, 42 }, // U+0211
    { 0x0212, 21 }, // U+0212
    { 0x0213, 42 }, // U+0213
    { 0x0214, 27 }, // U+0214
    { 0x0215, 46 }, // U+0215
    { 0x0216, 27 }, // U+0216
    { 0x0217, 46 }, // U+0217
    { 0x0218, 25 }, // U+0218
    { 0x0219, 44 }, // U+0219
    { 0x021A, 26 }, // U+021A
    { 0x021B, 45 }, // U+021B
    { 0x021C, 85 }, // U+021C
    { 0x021D, 86 }, // U+021D
    { 0x021E, 21 }, // U+021E
    { 0x021F, 39 }, // U+021F
    { 0x2010, 6 }, // U+2010
    { 0x2011, 6 }, // U+2011
    { 0x2013, 6 }, // U+2013
    { 0x2014, 6 }, // U+2014
    { 0x2015, 6 }, // U+2015
    { 0x2018, 87 }, // U+2018
    { 0x2019, 88 }, // U+2019
    { 0x201A, 7 }, // U+201A
    { 0x201B, 87 }, // U+201B
    { 0x201C, 87 }, // U+201C
    { 0x201D, 88 }, // U+201D
    { 0x201E, 7 }, // U+201E
    { 0x201F, 87 }, // U+201F
    { 0x2025, 7 }, // U+2025
    { 0x2026, 7 }, // U+2026
    { 0x2039, 52 }, // U+2039
    { 0x203A, 54 }, // U+203A
    { 0x2047, 19 }, // U+2047
    { 0x2048, 19 }, // U+2048
    { 0x2212, 4 }, // U+2212
    { 0x2217, 4 }, // U+2217
    { 0x2248, 4 }, // U+2248
    { 0x2260, 4 }, // U+2260
    { 0xFB00, 37 }, // U+FB00
    { 0xFB01, 37 }, // U+FB01
    { 0xFB02, 37 }, // U+FB02
    { 0xFB03, 37 }, // U+FB03
    { 0xFB04, 37 }, // U+FB04
    { 0xFB05, 37 }, // U+FB05
    { 0xFB06, 44 }, // U+FB06
};

static const int8_t bookerly_12_boldKernMatrix[] = {
       0,    0,    0,    0,    0,    0,    0,    0,    0,    0,    0,  -24,    0,  -12,    0,    0,    0,    0,    0,  -20,    0,    0,    0,    0,    0,    0,    0,    0,    0,    0,    0,    0,    0,    0,    0,    0,    0,  -16,    0,    0,    0,    0,    0,    0,   16,    0,    0,    0,    0,    0,    0,    0,    0,    0,    0,    0,    0,    0,    0,    0,    0,    0,    0,    0,    0,    0,    0,    0,    0,    0,    0,    0,  -16,    0,    0,    0,    0,    0,    0,    0,    0,  -16,    0,    0,    0,    0,    0,    0,
       0,    0,    0,    0,    0,    0,    0,    0,    0,    0,    0,    0,    0,    0,    0,    0,    0,    0,    0,    0,    0,  -12,   24,    0,    0,    0,    0,    0,    0,    0,    0,    0,    0,   -8,    0,   -8,    0,    0,    0,    0,   20,    0,    0,    0,    0,    0,   12,    0,   12,    0,    0,    0,    0,    0,    0,    0,  -12,    0,   -8,   -8,   -8,    0,   12,   12,   -8,   -8,    0,   -8,   -8,   -8,   -8,   -8,    0,    0,   20,    0,    0,    0,    0,    0,    0,    0,    0,    0,    0,    0,    0,    0,
       0,    0,    0,    0,    0,    0,    0,    0,    0,    0,    0,    0,    0,    0,    0,    0,    0,    0,    0,  -32,    0,    0,    0,    0,    0,    0,    0,    8,   12,    8,    0,    0,    0,    0,    0,   -8,    0,  -12,    0,    0,    0,    0,    0,    0,    0,    0,    0,    0,    0,    0,    0,    0,    0,    0,    0,  -54,    0,    0,    0,    0,   -8,    0,    0,    0,   -8,   -8,    0,    0,    0,   -8,   -8,   -8,  -12,    0,    0,    0,    0,    0,    0,    0,    0,  -12,    0,    0,    0,    0,    0,    0,
       0,    0,    0,    0,    0,    0,    0,    0,    0,  -12,   -8,  -12,    0,    0,   -8,    0,    0,    0,    0,    0,    0,    0,    0,    0,    0,    0,    0,    0,    0,    0,    0,    0,    0,    0,    0,    0,    0,    0,    0,    0,    0,    0,    0,    0,    0,    0,    0,    0,    0,    0,    0,    0,    0,    0,    0,    0,    0,    0,    0,    0,    0,    0,    0,    0,    0,    0,    0,    0,    0,    0,    0,    0,    0,    0,    0,    0,    0,    0,    0,    0,    0,    0,    0,    0,    0,    0,    0,    0,
       0,    0,    0,    0,    0,    0,    0,    0,   -8,    0,    0,   -8,    0,   -8,  -20,    0,    0,    0,    0,   12,    0,  -16,   12,    0,    0,  -32,  -16,  -52,    0,  -36,    0,    0,    0,    0,    0,   -6,    0,    0,    0,    0,    0,   -4,   -6,    0,  -12,  -16,  -36,    0,  -36,    0,    0,    0,    0,    0,    0,    0,  -16,    0,    0,    0,   -6,    0,    0,    0,   -6,   -6,    0,    0,    0,   -6,   -6,   -6,    0,    0,   -8,    0,   -4,    0,    0,    0,    0,    0,    0,    0,    0,    0,  -32,  -16,
       0,    0,    0,    0,    0,    0,    0,    0,    0,    0,    0,    0,    0,    0,    0,    0,    0,    0,    0,  -12,    0,    0,   -8,    0,    0,   -8,    0,  -20,   -8,  -20,    0,    0,    0,    0,    0,    0,    0,    0,    0,    0,    0,    0,    0,    0,    0,    0,   -6,    0,   -6,    0,    0,    0,    0,    0,    0,  -12,    0,    0,    0,    0,    0,    0,    0,    0,    0,    0,    0,    0,    0,    0,    0,    0,    0,    0,    0,    0,    0,    0,    0,    0,    0,    0,    0,    0,  -12,    0,    0,    0,
       0,    0,    0,    0,    0,    0,    0,    0,  -16,    0,    0,  -36,  -10,  -24,    0,  -12,    0,    0,    0,  -40,    0,  -16,    0,    0,  -12,    0,    0,    0,    0,    0,   -8,    0,    0,  -40,    0,  -36,  -16,  -36,    0,    0,    0,  -20,  -20,  -36,    0,  -12,   -8,  -16,   -8,  -16,    0,    0,    0,    0,    0,  -56,  -16,    0,  -40,  -40,  -36,    0,    8,    8,  -36,  -36,    0,  -40,  -40,  -36,  -36,  -36,  -36,    0,    0,    0,  -20,  -36,  -36,  -16,    0,  -36,    0,  -12,    0,  -28,    0,    0,
       0,    0,    0,    0,   -8,    0,   -8,    0,    0,    0,    0,    0,    0,    0,    0,    0,    0,    0,    0,    0,    0,    0,    0,    0,    0,    0,    0,    0,    0,    0,    0,    0,    0,    0,    0,    0,    0,    0,    0,    0,    0,    0,    0,    0,    0,    0,    0,    0,    0,    0,    0,    0,  -12,    0,    0,    0,    0,    0,    0,    0,    0,    0,    0,    0,    0,    0,    0,    0,    0,    0,    0,    0,    0,    0,    0,    0,    0,    0,    0,    0,    0,    0,    0,    0,    0,    0,    0,    0,
       0,    0,    0,  -12,    0,    0,    0,    0,    0,    0,    0,  -12,    0,    0,  -12,    0,    0,    0,    0,    0,    0,    0,    0,    0,    0,    0,    0,    0,    0,    0,    0,    0,    0,    0,    0,    0,    0,    0,    0,    0,    0,    0,    0,    0,    0,    0,    0,    0,    0,    0,    0,    0,  -32,    0,    0,    0,    0,    0,    0,    0,    0,    0,    0,    0,    0,    0,    0,    0,    0,    0,    0,    0,    0,    0,    0,    0,    0,    0,    0,    0,    0,    0,    0,    0,    0,    0,  -12,    0,
       0,    0,    0,    0,    0,    0,    0,    0,    0,    0,    0,    0,    0,    0,    0,    0,    0,    0,    0,    0,    0,    0,    0,    0,    0,    0,    0,    0,    0,    0,    0,    0,    0,    0,    0,    0,    0,    0,    0,    0,    0,    0,    0,    0,    0,    0,    0,    0,    0,    0,    0,    0,  -12,    0,    0,    0,    0,    0,    0,    0,    0,    0,    0,    0,    0,    0,    0,    0,    0,    0,    0,    0,    0,    0,    0,    0,    0,    0,    0,    0,    0,    0,    0,    0,    0,    0,    0,    0,
       0,    0,    0,    0,    0,    0,    0,    0,    0,    0,    0,    0,    0,    0,   -8,    0,    0,    0,    0,    0,    0,    0,    0,    0,    0,    0,    0,    0,    0,    0,    0,  -12,    0,    0,    0,    0,    0,    0,    0,    0,    0,    0,    0,    0,    0,    0,    0,    0,    0,    0,    0,    0,  -32,    0,    0,    0,    0,    0,    0,    0,    0,    0,    0,    0,    0,    0,    0,    0,    0,    0,    0,    0,    0,    0,    0,    0,    0,    0,    0,    0,    0,    0,    0,    0,    0,    0,   -8,    0,
       0,    0,    0,    0,  -12,    0,  -12,    0,    0,    0,    0,    0,    0,    0,    0,    0,    0,    0,    0,    0,    0,    0,    0,    0,    0,    0,    0,    0,    0,    0,    0,    0,    0,    0,    0,    0,    0,    0,    0,    0,    0,    0,    0,    0,    0,    0,    0,    0,    0,    0,    0,    0,   -8,    0,    0,    0,    0,    0,    0,    0,    0,    0,    0,    0,    0,    0,    0,    0,    0,    0,    0,    0,    0,    0,    0,    0,    0,    0,    0,    0,    0,    0,    0,    0,    0,    0,    0,    0,
       0,    0,    0,    0,    0,    0,    0,    0,    0,    0,    0,    0,    0,    0,    0,    0,    0,    0,    0,    0,    0,    0,    0,    0,    0,    0,    0,    0,    0,    0,    0,    0,    0,    0,    0,    0,    0,    0,    0,    0,    0,    0,    0,    0,    0,    0,    0,    0,    0,    0,    0,    0,  -16,    0,    0,    0,    0,    0,    0,    0,    0,    0,    0,    0,    0,    0,    0,    0,    0,    0,    0,    0,    0,    0,    0,    0,    0,    0,    0,    0,    0,    0,    0,    0,    0,    0,    0,    0,
       0,    0,    0,  -12,  -40,    0,  -40,  -36,   -4,    0,    0,  -28,    0,   -8,    0,    0,   -8,   -8,    0,    0,    0,    0,    0,    0,    0,    0,    0,    0,    0,    0,    0,    0,    0,    0,    0,    0,    0,    0,    0,    0,    0,    0,    0,    0,    0,    0,    0,    0,    0,    0,    0,    0,    0,    0,    0,    0,    0,    0,    0,    0,    0,    0,    0,    0,    0,    0,    0,    0,    0,    0,    0,    0,    0,    0,    0,    0,    0,    0,    0,    0,    0,    0,    0,    0,    0,    0,    0,    0,
       0,    0,    0,    0,    0,    0,    0,    0,    0,    0,    0,   -8,    0,    0,   -4,    0,    0,    0,    0,    0,    0,    0,    0,    0,    0,    0,    0,    0,    0,    0,    0,    0,    0,    0,    0,    0,    0,    0,    0,    0,    0,    0,    0,    0,    0,    0,    0,    0,    0,    0,    0,    0,  -12,    0,    0,    0,    0,    0,    0,    0,    0,    0,    0,    0,    0,    0,    0,    0,    0,    0,    0,    0,    0,    0,    0,    0,    0,    0,    0,    0,    0,    0,    0,    0,    0,    0,    0,    0,
       0,    0,    0,    0,  -20,    0,  -20,  -20,    0,    0,   -4,   -8,  -12,    0,   -8,    0,    0,    0,    0,    0,    0,    0,    0,    0,    0,    0,    0,    0,    0,    0,    0,    0,    0,    0,    0,    0,    0,    0,    0,    0,    0,    0,    0,    0,    0,    0,    0,    0,    0,    0,    0,    0,   -8,    0,    0,    0,    0,    0,    0,    0,    0,    0,    0,    0,    0,    0,    0,    0,    0,    0,    0,    0,    0,    0,    0,    0,    0,    0,    0,    0,    0,    0,    0,    0,    0,    0,    0,    0,
       0,    0,    0,    0,    0,    0,    0,    0,    0,    0,    0,    0,    0,    0,    0,    0,    0,    0,    0,    0,    0,    0,    0,    0,    0,    0,    0,   -6,    0,   -6,    0,    0,    0,    0,    0,    0,    0,    0,    0,    0,    0,    0,    0,    0,    0,    0,    0,    0,    0,    0,    0,    0,    0,    0,    0,    0,    0,    0,    0,    0,    0,    0,    0,    0,    0,    0,    0,    0,    0,    0,    0,    0,    0,    0,    0,    0,    0,    0,    0,    0,    0,    0,    0,    0,    0,    0,    0,    0,
       0,    0,    0,    0,    0,    0,    0,    0,    0,    0,    0,    0,    0,    0,    0,    0,    0,    0,    0,    0,    0,    0,    0,    0,    0,    0,    0,    0,    0,   -8,    0,    0,    0,    0,    0,    0,    0,    0,    0,    0,    0,    0,    0,    0,    0,    0,    0,    0,    0,    0,    0,    0,    0,    0,    0,    0,    0,    0,    0,    0,    0,    0,    0,    0,    0,    0,    0,    0,    0,    0,    0,    0,    0,    0,    0,    0,    0,    0,    0,    0,    0,    0,    0,    0,    0,    0,    0,    0,
     -20,    0,  -36,    0,    0,  -12,    0,    8,    0,    0,    0,    0,    0,    0,    0,    0,    0,    0,  -22,   10,    0,   -6,    0,    0,    0,  -42,  -24,  -46,    4,  -41,    4,  -40,    0,    0,   -6,    0,    0,    0,    0,    0,    0,    0,    0,    0,   -6,   -8,  -34,    8,  -34,    0,    0,  -12,    0,    0,    0,   12,    0,    0,    0,    0,    0,    0,    0,    0,    0,    0,    0,    0,    0,    0,    0,    0,    0,    0,    0,    0,    0,    0,    0,    0,    0,    0,    0,    0,    0,    0,  -44,  -32,
       0,    0,    0,    0,   -8,    0,   -8,    0,    0,    0,    0,    0,    0,    0,    0,    0,    0,    0,    0,  -12,    0,    0,    0,    0,    0,   -6,    0,  -10,   -6,  -12,    0,  -16,    0,    0,    0,    6,    0,    0,    0,    0,    4,    0,    0,    0,    0,    0,    0,    0,    0,    0,    0,    0,    0,    0,    0,  -10,    0,    0,    0,    0,    6,    0,    0,    0,    6,    6,    0,    0,    0,    6,    6,    6,    0,    0,    0,    0,    0,    0,    0,    0,    0,    0,    0,    0,   -8,    0,    0,    0,
       0,    0,    0,    0,    0,   -8,    0,    0,    0,    0,    0,    0,    0,    0,    0,    0,    0,    0,    0,    0,    0,  -10,    0,    0,    0,    0,    0,    0,    0,    0,    0,    0,    0,   -6,    0,   -6,    0,   -6,    0,    0,    0,    0,    0,   -6,    0,   -5,   -5,    0,   -5,    0,    0,    0,    0,    0,    0,    0,  -10,    0,   -6,   -6,   -6,    0,    0,    0,   -6,   -6,    0,   -6,   -6,   -6,   -6,   -6,   -6,    0,    0,    0,    0,   -6,   -6,    0,    0,   -6,    0,    0,    0,    0,    0,    0,
       0,  -12,    0,    0,  -20,    0,  -20,  -16,    0,    0,    0,    0,    0,    0,    0,    0,    0,    0,    0,  -11,   -6,    0,   -8,   -4,    0,    0,   -6,   -8,  -14,  -10,   -5,  -12,    0,    0,    0,    0,    0,   -4,    0,    0,    0,    0,    0,    0,   12,    0,    0,    0,    0,    0,    0,    0,    0,    0,    0,  -28,    0,   -8,    0,    0,    0,    0,    0,    0,    0,    0,    0,    0,    0,    0,    0,    0,   -4,    0,    0,    0,    0,    0,    0,    0,    0,   -4,    0,    0,    0,    0,    0,    0,
       0,    0,    0,    0,    0,    0,    0,    0,    0,    0,    0,    0,    0,    0,    0,    0,    0,    0,    0,    0,    0,    0,    0,    0,    0,    0,    0,    0,    0,    0,    0,    0,    0,    0,    0,    0,    0,    0,    0,    0,    0,    0,    0,    0,    0,    0,    0,    0,    0,    0,    0,    0,    0,    0,    0,    0,    0,    0,    0,    0,    0,    0,    0,    0,    0,    0,    0,    0,    0,    0,    0,    0,    0,    0,    0,    0,    0,    0,    0,    0,    0,    0,    0,    0,    0,    0,    0,    8,
       0,    0,   16,    0,  -28,    0,  -28,  -34,    0,    0,    0,    0,    0,    0,    0,    0,    0,    0,    0,  -35,    0,    0,    0,   -8,    0,    0,    0,    0,    0,    0,    0,    0,    0,  -12,    4,   -8,    0,  -16,    4,    0,    0,    0,    0,  -12,    0,    0,    0,    0,    0,   -8,    0,    0,    0,    0,    0,  -46,    0,    0,  -12,  -12,   -8,    0,   16,   16,   -8,   -8,    4,  -12,  -12,   -8,   -8,   -8,  -16,    4,   16,    4,    0,  -12,  -12,   -8,    0,  -16,    0,    0,    0,    0,    8,    8,
       0,    0,    0,    0,    0,    0,    0,    0,    0,    0,    0,    0,    0,    0,    0,    0,    0,    0,    0,    0,    0,    0,    0,    0,    0,   -8,    0,   -8,    0,   -8,    0,    0,    0,    0,    0,    0,    0,   -5,    0,    0,    0,    0,    0,    0,    0,    0,   -4,    0,   -4,    0,    0,    0,    0,    0,    0,   -8,    0,    0,    0,    0,    0,    0,    0,    0,    0,    0,    0,    0,    0,    0,    0,    0,   -5,    0,    0,    0,    0,    0,    0,    0,    0,   -5,    0,    0,    0,    0,    0,    0,
       0,    0,    0,    0,    0,    0,    0,    0,    0,    0,    0,    0,    0,    0,    0,    0,    0,    0,    0,    0,    0,   -6,    0,    0,    0,    0,    0,    0,    0,    0,    0,    0,    0,    0,    0,   -6,    0,    0,    0,    0,    0,    0,    0,    0,    0,   -5,   -4,    0,   -4,    0,    0,   -8,    0,    0,    0,    0,   -6,    0,    0,    0,   -6,    0,    8,    8,   -6,   -6,    0,    0,    0,   -6,   -6,   -6,    0,    0,    0,    0,    0,    0,    0,    0,    0,    0,    0,    0,    0,    0,    0,    0,
       0,    0,    0,    0,  -16,   -8,  -16,  -16,    0,    0,    0,    0,    0,    0,    0,    0,  -12,  -12,    0,  -16,    0,   -6,    0,    0,    0,    0,    0,    0,    0,    0,    0,    0,    0,  -12,    4,   -8,    0,   -8,    4,    0,    6,    0,    0,   -7,    0,   -4,   -6,   -8,   -6,   -6,    0,    0,    0,    0,    0,  -20,   -6,    0,  -12,  -12,   -8,    0,   12,   12,   -8,   -8,    4,  -12,  -12,   -8,   -8,   -8,   -8,    4,    0,    4,    0,   -7,   -7,   -6,    0,   -8,    0,    0,    0,    0,    0,    0,
       0,    0,    0,    0,    0,  -12,    0,    0,    0,    0,    0,    0,    0,    0,    0,    0,    0,    0,    0,    7,    0,  -16,    0,    8,    0,    0,    0,    0,    4,    0,    0,    0,    0,   -6,    4,   -9,    0,    0,    4,    0,    0,    0,   -4,   -5,  -12,  -14,  -24,    4,  -24,    0,    0,    0,    0,    0,    0,    4,  -16,    0,   -6,   -6,   -9,    0,   12,   12,   -9,   -9,    4,   -6,   -6,   -9,   -9,   -9,    0,    4,   12,    4,    0,   -5,   -5,    0,    0,    0,    0,    0,    0,   -8,    0,    0,
       0,    0,  -16,    0,    0,    0,    0,    0,    0,    0,    0,    0,    0,    0,    0,    0,    0,    0,    0,   12,    0,    0,    0,    0,    0,  -22,  -10,  -32,    8,  -32,    0,  -44,    0,    0,    0,    0,    0,    0,    0,    0,    0,    0,    0,    0,    0,    0,  -20,    0,  -20,    0,    0,    0,    0,    0,    0,    0,    0,    0,    0,    0,    0,    0,    0,    0,    0,    0,    0,    0,    0,    0,    0,    0,    0,    0,    0,    0,    0,    0,    0,    0,    0,    0,    0,    0,    0,    0,  -20,  -12,
       0,    0,    0,    0,    0,    0,    0,    0,    0,    0,    0,    0,    0,    0,    0,    0,    0,    0,    0,    0,    0,   -4,    0,    0,    0,  -10,   -6,  -12,   12,   -8,    0,    0,    0,    0,    0,    0,    0,    0,    0,    0,    0,    0,    0,    0,    0,   -4,   -6,    0,   -6,    0,    0,    0,    0,    0,    0,    0,   -4,    0,    0,    0,    0,    0,    8,    8,    0,    0,    0,    0,    0,    0,    0,    0,    0,    0,    8,    0,    0,    0,    0,    0,    0,    0,    0,    0,    0,    0,   -8,    0,
       0,    0,   16,    0,  -14,   -8,  -14,    0,    0,    0,    0,    0,    0,    0,    0,    0,    0,    0,    0,  -12,    0,   -6,    0,    0,    0,    0,    0,    8,    0,    6,    0,    0,    0,   -9,    8,   -6,    0,  -12,    8,    0,    0,    0,    0,  -10,    0,    0,   -6,   -4,   -6,   -4,    0,    0,    0,    0,    0,  -16,   -6,    0,   -9,   -9,   -6,    0,   24,   24,   -6,   -6,    8,   -9,   -9,   -6,   -6,   -6,  -12,    8,   24,    8,    0,  -10,  -10,   -4,    0,  -12,    0,    0,    0,  -12,    0,    0,
       8,    0,   23,    0,  -40,    0,  -40,  -39,    0,    0,    0,    0,    0,    0,    0,    0,    0,    0,    0,  -44,   -4,    0,    0,   -6,    0,    4,    0,    0,   -4,    0,    0,    0,    0,   -6,    0,   -6,    0,  -11,    0,    0,   12,    0,    0,   -7,    8,    8,    9,    0,    9,    0,    0,    0,    0,    0,    0,  -54,    0,    0,   -6,   -6,   -6,    0,    8,    8,   -6,   -6,    0,   -6,   -6,   -6,   -6,   -6,  -11,    0,    8,    0,    0,   -7,   -7,    0,    0,  -11,    0,    0,    0,    0,    8,   12,
       0,    4,    0,    0,   -8,    0,  -20,  -16,    0,    0,    0,    0,    0,    0,    0,    0,    0,   12,    0,  -11,   -6,    0,   28,   -4,    0,    0,   -6,   -8,  -14,  -10,   -5,  -12,   20,    0,    0,    0,    0,    2,    0,    0,   36,    0,    0,    0,   12,    0,    0,    0,   12,    0,   24,    0,    0,    0,    0,  -28,    0,   -8,    0,    0,    0,    0,    0,    0,    0,    0,    0,    0,    0,    0,    0,    0,    2,    0,   36,    0,    0,    0,    0,    0,    0,   16,    0,    8,    0,    0,    0,    0,
       0,    0,  -12,    0,    0,  -12,    0,    0,    0,    0,    0,    0,    0,    0,    0,    0,    0,    0,  -12,   12,    0,  -12,    0,    8,    0,  -24,  -16,  -26,   12,  -30,    0,    0,    0,    0,   -6,    0,    0,    0,    0,    0,    0,    0,    0,    0,   -8,   -8,  -12,    8,  -12,    0,    0,    0,    0,    0,    0,   12,  -12,    0,    0,    0,    0,    0,    0,    0,    0,    0,    0,    0,    0,    0,    0,    0,    0,    0,    0,    0,    0,    0,    0,    0,    0,    0,    0,    0,   -8,    0,  -24,  -16,
       0,    0,    0,    0,   -8,    0,   -8,   -8,    0,    0,    0,    0,    0,    0,    0,    0,    0,    0,    0,  -10,    0,    0,    0,    0,    0,    0,    0,   -6,   -5,   -6,    0,    0,    0,    0,    0,    0,    0,  -16,    0,    0,    0,    0,    0,    0,    0,    0,   -8,   -4,   -8,    0,    0,    0,    0,    0,    0,  -12,    0,    0,    0,    0,    0,    0,    0,    0,    0,    0,    0,    0,    0,    0,    0,    0,  -16,    0,    0,    0,    0,    0,    0,    0,    0,  -16,    0,    0,    0,   -8,    0,    0,
       0,    0,    0,    0,  -40,   -8,  -40,  -50,    0,    0,    0,    0,    0,    0,    0,    0,   -8,   -8,    0,  -48,    0,  -12,    0,  -10,   -6,    0,    0,    0,    0,    0,   -4,    0,    0,  -22,    0,  -24,    0,  -25,    0,    0,    0,    0,    0,  -28,    0,    0,    0,    0,    0,   -8,    0,  -12,    0,   -8,    0,  -40,  -12,    0,  -22,  -22,  -24,    0,   12,   12,  -24,  -24,    0,  -22,  -22,  -24,  -24,  -24,  -25,    0,    0,    0,    0,  -28,  -28,   -8,   -8,  -25,    0,    0,    0,   -8,    8,    8,
       0,    0,    0,    0,  -16,    0,  -16,  -23,    0,    0,    0,    0,    0,    0,    0,    0,    0,    0,    0,  -26,    0,   -6,    0,   -6,   -6,    0,    0,    0,    0,    0,   -6,    0,    0,   -8,    4,   -6,    0,  -16,    4,    0,    0,    0,    0,  -10,    0,    0,   -8,   -9,   -8,   -8,    0,    0,    0,   -8,    0,  -28,   -6,  -12,   -8,   -8,   -6,    0,   14,   14,   -6,   -6,    4,   -8,   -8,   -6,   -6,   -6,  -16,    4,    8,    4,    0,  -10,  -10,   -8,    0,  -16,    0,    0,    0,    0,    0,    0,
       0,    0,   12,    0,  -52,  -20,  -52,  -54,    0,    0,    0,    0,    0,    0,    0,    0,   -8,   -8,    0,  -56,    0,  -20,    0,  -14,  -14,    0,    0,    4,    0,    8,    0,    0,    0,  -30,   12,  -30,   -8,  -34,   12,    0,    0,  -12,   -8,  -28,    0,  -10,  -12,   -9,  -12,  -12,   12,  -16,    0,  -12,    0,  -56,  -20,    0,  -52,  -46,  -30,    0,   24,   24,  -30,  -30,   12,  -46,  -52,  -30,  -30,  -30,  -56,   12,   24,   12,  -12,  -28,  -28,  -12,    0,  -34,    0,    0,    0,  -24,    0,    8,
       0,    0,   12,    0,    0,   -8,    0,    0,    0,    0,    0,    0,    0,    0,    0,    0,    0,    0,    0,    4,    0,  -14,    0,    6,    0,    0,    0,    0,    4,    0,    0,    0,    0,    0,    8,   -4,    0,    0,    8,    0,    0,    0,    0,    0,    0,   -8,  -14,    8,  -14,    0,    0,    0,    0,    0,    0,   12,   -6,    0,    0,    0,   -4,    0,   16,   16,   -4,   -4,    8,    0,    0,   -4,   -4,   -4,    0,    8,   20,    8,    0,    0,    0,    0,    0,    0,    0,    0,    0,    0,    0,    0,
       0,    0,    8,    0,  -36,  -20,  -36,  -42,    0,    0,    0,    0,    0,    0,    0,    0,  -12,  -12,    0,  -44,    0,  -24,    0,   -6,  -18,    0,    0,    4,    0,    8,    0,    0,    0,  -32,    8,  -32,   -6,  -38,    8,    0,    0,  -20,  -16,  -30,   -4,  -13,  -12,  -20,  -12,  -20,    8,  -20,    0,  -16,    0,  -40,  -24,    0,  -32,  -48,  -32,    0,   24,   24,  -32,  -32,    8,  -44,  -44,  -32,  -32,  -32,  -38,    8,   16,    8,  -20,  -30,  -30,  -20,  -16,  -38,    0,   -8,    0,  -16,    0,    8,
       0,    0,    0,    0,    0,    0,    0,    0,    0,    0,    0,    0,    0,    0,    0,    0,    0,    0,    0,    0,    0,    0,    0,    0,    0,    0,    0,    0,    0,    0,    0,    0,    0,    0,    0,    0,    0,    0,    0,    0,    0,    0,    0,    0,    0,    0,   -4,    0,   -4,    0,    0,    0,    0,    0,    0,    0,    0,    0,    0,    0,    0,    0,    8,    8,    0,    0,    0,    0,    0,    0,    0,    0,    0,    0,   12,    0,    0,    0,    0,    0,    0,    0,    0,    0,    0,    0,    0,    0,
       0,    0,    0,    0,    0,    0,    0,    0,    0,    0,    0,    0,    0,    0,    0,    0,    0,    0,    0,    0,    0,    0,   16,    0,    0,    0,    0,    0,    0,    0,    0,    0,    0,    0,    0,    0,    0,    0,    0,    0,   18,    0,    0,    0,    0,    0,    0,    0,   20,    0,    0,    0,    0,    0,    0,    0,    0,    0,    0,    0,    0,    0,   12,   12,    0,    0,    0,    0,    0,    0,    0,    0,    0,    0,   18,    0,    0,    0,    0,    0,    0,    0,    0,    0,    0,    0,    0,    0,
       0,    0,    0,    0,    0,    0,    0,    0,    0,    0,    0,  -12,    0,    0,  -24,    0,    0,    0,    0,    0,    0,  -12,    0,    0,    0,  -32,  -20,  -40,    0,  -32,    0,    0,    0,    0,    0,   -8,    0,    8,    0,    0,    0,    0,    0,    0,   -8,  -12,  -12,    0,  -12,    0,    0,    0,    0,    0,    0,    0,  -12,    0,    0,    0,   -8,    0,    0,    0,   -8,   -8,    0,    0,    0,   -8,   -8,   -8,    8,    0,    0,    0,    0,    0,    0,    0,    0,    8,    0,    0,    0,    0,    0,    0,
       0,    0,  -16,    0,    0,    0,    0,    0,    0,    0,    0,    0,    0,    0,    0,    0,    0,    0,  -10,    0,    0,    0,    0,    0,    0,    0,    0,    0,    0,    0,    0,  -40,    0,    0,   -4,    0,    0,    0,    0,    0,    0,    0,    0,    0,    0,   -6,  -16,    0,  -16,    0,    0,    0,    0,    0,    0,    0,    0,    0,    0,    0,    0,    0,    0,    0,    0,    0,   -5,    0,    0,    0,    0,    0,    0,    0,    0,    0,    0,    0,    0,    0,    0,    0,    0,    0,    0,    0,  -16,  -12,
       0,  -12,   -8,    0,  -12,    0,  -12,  -16,    0,    0,    0,    0,    0,    0,    0,    0,    0,    0,   -6,    0,    0,    0,    0,    0,    0,    0,    0,    0,    0,    0,    0,  -24,    0,    0,   -4,    0,    0,    0,   -4,    0,    0,    0,    0,    0,    4,    0,   -8,  -10,   -8,    0,    0,    0,    0,    0,    0,    0,    0,    0,    0,    0,    0,    0,    0,    0,    0,    0,   -4,    0,    0,    0,    0,    0,    0,   -4,    0,   10,    0,    0,    0,    0,    0,    0,    0,    0,    0,    0,  -16,   -8,
       0,    0,    0,    0,    0,    0,    0,    0,    0,    0,    0,    0,    0,    0,    0,    0,    0,    0,    0,    0,    0,    0,    0,    0,    0,    0,    0,    0,    0,    0,    0,  -24,    0,   -4,    0,    0,    0,   -6,    0,    0,    0,    0,    0,    0,    0,    0,   -4,   -4,   -4,    0,    0,    0,    0,    0,    0,    0,    0,    0,   -4,   -4,    0,    0,    0,    0,    0,    0,    0,   -4,   -4,    0,    0,    0,   -6,    0,    0,    0,    0,    0,    0,    0,    0,   -6,    0,    0,    0,    0,    0,    8,
       0,    0,    0,    0,    0,    0,    0,    0,    0,    0,    0,    0,    0,    0,    0,    0,    0,    0,    0,    0,    0,    0,    0,    0,    0,    0,    0,    0,    0,    0,    0,    0,    0,    0,    0,    0,    0,    0,    0,    0,    0,    0,    0,    0,    0,    0,   -8,    4,   -8,    0,    0,    0,    0,    0,    0,    0,    0,    0,    0,    0,    0,    0,    0,    0,    0,    0,    0,    0,    0,    0,    0,    0,    0,    0,    0,    0,    0,    0,    0,    0,    0,    0,    0,    0,    0,    0,   -8,    0,
       0,    0,    0,    0,    0,    0,    0,    0,    0,    0,    0,    0,    0,    0,    0,    0,    0,    0,   -8,    0,    0,    0,    0,    0,    0,    0,    0,    0,    0,    0,    0,  -16,    0,   -4,    0,    0,    0,    0,    0,    0,    0,    0,    0,    0,    0,    0,   -8,    0,   -8,    0,    0,    0,    0,    0,    0,    0,    0,    0,   -4,   -4,    0,    0,    0,    0,    0,    0,    0,   -4,   -4,    0,    0,    0,    0,    0,    0,   12,    0,    0,    0,    0,    0,    0,    0,    0,    0,    0,   -8,    0,
      41,   40,   40,    0,  -12,    0,  -12,  -12,    0,    0,    0,    0,    0,    0,    0,    0,    0,    0,   24,    0,    0,    0,    0,    0,    0,    0,    0,    0,    0,    0,    0,   40,   34,   -5,    0,   -6,    0,   -8,    0,    8,   20,    0,    0,   -7,    0,    0,    4,    0,    4,    0,   40,    0,    0,    0,    0,    0,    0,    0,    9,   15,   10,   44,   86,   50,   -4,   -6,    0,    7,    3,   -2,   -8,    0,   -2,   42,   40,    0,   12,    1,    3,   18,    0,   -8,    0,    0,    0,    0,   32,   36,
      12,    0,    8,    0,    0,    0,    0,    0,    0,    0,    0,    0,    0,    0,    0,    0,    0,    0,    0,    0,    0,    0,    0,    0,    0,    0,    0,    0,    0,    0,    0,  -12,    0,   -8,    0,  -10,    0,   -4,    0,    0,    8,    0,    6,    0,   10,    0,    4,    0,    4,    0,    0,    0,    0,    0,    0,    0,    0,    0,   -8,   -8,  -10,    0,    0,    0,  -10,  -10,    0,   -8,   -8,  -10,  -10,  -10,   -4,    0,    8,    0,    0,    0,    0,    0,    0,   16,    0,    0,    0,    0,   16,   16,
       0,    0,  -16,    0,    0,    0,    0,    0,    0,    0,    0,    0,    0,    0,    0,    0,    0,    0,   -6,    0,    0,    0,    0,    0,    0,    0,    0,    0,    0,    0,    0,  -36,    0,    0,    0,    0,    0,    0,    0,    0,    0,    0,    0,    0,   -4,   -4,  -23,    0,  -23,    0,    0,    0,    0,    0,    0,    0,    0,    0,    0,    0,    0,    0,    0,    0,    0,    0,    0,    0,    0,    0,    0,    0,    0,    0,    0,    0,    0,    0,    0,    0,    0,    0,    0,   -8,    0,    0,  -20,  -12,
       0,    0,    0,    0,    0,    0,    0,    0,    0,    0,    0,    0,    0,    0,    0,    0,    0,    0,    0,    0,    0,    0,    0,    0,    0,    0,    0,    0,    0,    0,    0,    0,    0,    0,    0,    0,    0,    6,    0,    0,    0,    0,    0,    0,    0,    0,   -8,    0,   -8,    0,    0,    0,    0,    0,    0,    0,    0,    0,    0,    0,    0,    0,    0,    0,    0,    0,    0,    0,    0,    0,    0,    0,    6,    0,    0,    0,    0,    0,    0,    0,    0,    6,    0,    0,    0,    0,   -8,    0,
       0,    0,    0,    0,    0,    0,    0,    0,    0,    0,    0,    0,    0,    0,    0,    0,    0,    0,    0,    0,    0,    0,    0,    0,    0,    0,    0,    0,    0,    0,    0,    0,    0,    0,    0,    0,    0,   -8,    0,    0,    0,    0,    0,    0,    0,    0,   -8,   -4,   -8,    0,    0,    0,    0,    0,    0,    0,    0,    0,    0,    0,    0,    0,    0,    0,    0,    0,    0,    0,    0,    0,    0,    0,   -8,    0,    0,    0,    0,    0,    0,    0,    0,   -8,    0,    0,    0,    0,    0,    0,
       0,    0,    0,    0,    0,    0,    0,    0,    0,    0,    0,    0,    0,    0,    0,    0,    0,    0,   -6,    0,    0,    0,    0,    0,    0,    0,    0,    0,    0,    0,    0,   -8,    0,   -8,   -8,  -10,    0,   -8,    0,    0,    0,    0,    0,   -6,    0,    0,  -12,    4,  -12,    0,    0,    0,    0,    0,    0,    0,    0,    0,   -8,   -8,  -10,    0,    0,    0,  -10,   -6,    0,   -8,   -8,  -10,  -10,  -10,   -8,    0,    0,    0,    0,   -6,   -6,    0,    0,   -8,    0,    0,    0,    0,    0,    0,
       0,    0,    0,    0,    0,    0,    0,    0,    0,    0,    0,    0,    0,    0,    0,    0,    0,    0,  -12,    0,    0,    0,    0,    0,    0,    0,    0,    0,    0,    0,    0,    0,    0,    0,    0,    0,    0,    0,    0,    0,    0,    0,    0,    0,    0,    0,   -7,    0,   -7,    0,    0,    0,    0,    0,    0,    0,    0,    0,    0,    0,    0,    0,    0,    0,    0,    0,    0,    0,    0,    0,    0,    0,    0,    0,    0,    0,    0,    0,    0,    0,    0,    0,    0,    0,    0,    0,  -12,   -8,
       0,    0,    0,    0,    0,    0,    0,    0,    0,    0,    0,    0,    0,    0,    0,    0,    0,    0,   -6,    0,    0,    0,    0,    0,    0,    0,    0,    0,    0,    0,    0,  -20,    0,    0,    0,    0,    0,    0,    0,    0,   28,    0,    5,    0,    0,    0,   -6,    0,   12,    0,    0,    0,    0,    0,    0,    0,    0,    0,    0,    0,    0,    0,    0,    0,    0,    0,    0,    0,    0,    0,    0,    0,    0,    0,   28,    0,    0,    0,    0,    0,    0,    0,    0,    0,    0,    0,  -12,    0,
       0,    0,    8,    0,  -28,   -8,  -28,  -24,    0,    0,    0,    0,    0,    0,    0,    0,    0,    0,   -8,    0,    0,    0,    0,    0,    0,    0,    0,    0,    0,    0,    0,    0,    0,  -14,   -8,   -8,    0,  -12,   -8,    0,    0,    0,    0,  -10,    6,    0,    0,    0,    0,    0,    0,    0,    0,    0,    0,    0,    0,    0,  -14,  -14,   -8,    0,    0,    0,   -8,   -8,   -8,  -14,  -14,   -8,   -8,   -8,  -12,   -8,    0,   -8,    0,  -10,  -10,    0,    0,  -12,    0,    0,    0,    0,   12,   12,
       0,    0,    0,    0,   -6,    0,   -6,   -8,    0,    0,    0,    0,    0,    0,    0,    0,    0,    0,   -6,    0,    0,    0,    0,    0,    0,    0,    0,    0,    0,    0,    0,  -12,    0,   -6,    0,    0,    0,   -6,    0,    0,    0,    0,    0,    0,    0,    0,   -6,   -6,   -6,    0,    0,    0,    0,    0,    0,    0,    0,    0,   -6,   -6,    0,    0,    0,    0,    0,    0,    0,   -6,   -6,    0,    0,    0,   -6,    0,    0,    0,    0,    0,    0,    0,    0,   -6,    0,    0,    0,    0,   -8,    0,
       0,    0,    0,    0,    0,    0,    0,    0,    0,    0,    0,    0,    0,    0,    0,    0,    0,    0,    0,    0,    0,    0,    0,    0,    0,    0,    0,    0,    0,    0,    0,  -12,    0,    0,    0,    0,    0,    0,    0,    0,    8,    0,    0,    0,    0,    0,   -4,    0,   -4,    0,    0,    0,    0,    0,    0,    0,    0,    0,    0,    0,    0,    0,    0,    0,    0,    0,    0,    0,    0,    0,    0,    0,    0,    0,    0,    0,    0,    0,    0,    0,    0,    0,    0,    0,    0,    0,    6,    8,
       0,    0,    0,    0,    0,    0,    0,    0,    0,    0,    0,    0,    0,    0,    0,    0,    0,    0,   -6,    0,    0,    0,    0,    0,    0,    0,    0,    0,    0,    0,    0,  -16,    0,    0,    0,    0,    0,    4,    0,    0,    0,    0,    0,    0,    0,    0,  -14,    8,  -14,    0,    0,    0,    0,    0,    0,    0,    0,    0,    0,    0,    0,    0,    0,    0,    0,    0,    0,    0,    0,    0,    0,    0,    4,    0,    0,    0,    0,    0,    0,    0,    0,    4,    0,    0,    0,    0,   -8,   -6,
       0,    0,   12,    0,  -36,   -6,  -36,  -22,    0,    0,    0,    0,    0,    0,    0,    0,    0,    0,    0,    0,    0,    0,    0,    0,    0,    0,    0,    0,    0,    0,    0,    0,    0,  -12,  -10,  -12,    6,  -18,  -10,    4,    8,    4,    8,  -14,    8,    5,    0,    0,    0,    0,    0,    0,    0,    0,    0,    0,    0,    0,  -12,  -12,  -12,    4,    0,    0,  -12,  -12,  -10,  -12,  -12,  -12,  -12,  -12,  -18,  -10,   16,  -10,    4,  -14,  -14,    0,    0,  -18,    0,    0,    0,    0,   16,   16,
       0,    0,    8,    0,    0,    0,    0,    0,    0,    0,    0,    0,    0,    0,    0,    0,    0,    0,    0,    0,    0,    0,    0,    0,    0,    0,    0,    0,    0,    0,    0,    0,    0,    0,    0,  -10,    0,   -4,    0,    0,    0,    0,    6,   -4,    8,    0,    0,    4,    0,    0,    0,    0,    0,    0,    0,    0,    0,    0,    0,    0,  -10,    0,    0,    0,  -10,  -10,    0,    0,    0,  -10,  -10,  -10,   -4,    0,    0,    0,    0,   -4,   -4,    0,    0,   -4,    0,    0,    0,    0,   12,   16,
       0,    0,    0,    0,    0,    0,    0,    0,    0,    0,    0,    0,    0,    0,    0,    0,    0,    0,    0,    0,    0,    0,    0,    0,    0,    0,    0,    0,    0,    0,    0,  -12,    0,    0,    0,    0,    0,   -4,    0,    0,    0,    0,    0,    0,    0,    0,    0,    0,    0,    0,    0,    0,    0,    0,    0,    0,    0,    0,    0,    0,    0,    0,    0,    0,    0,    0,    0,    0,    0,    0,    0,    0,   -4,    0,    0,    0,    0,    0,    0,    0,    0,   -4,    0,    0,    0,    0,    0,    0,
       0,    0,    0,    0,    0,    0,    0,    0,    0,    0,    0,    0,    0,    0,    0,    0,    0,    0,    0,    0,    0,    0,   28,    0,    0,    0,    0,   12,    0,    8,    0,    0,    0,    0,    0,    0,    0,    0,    0,    0,   22,    0,    0,    0,    0,    0,    8,    0,    8,    0,    0,    0,    0,    0,    0,    0,    0,    0,    0,    0,    0,    0,   12,   12,    0,    0,    0,    0,    0,    0,    0,    0,    0,    0,   22,    0,    0,    0,    0,    0,    0,    8,    0,    0,    0,    0,    0,    0,
       0,    0,    0,    0,    0,    0,    0,    0,    0,    0,    0,    0,    0,    0,    0,    0,    0,    0,    0,    0,    0,    0,   16,    0,    0,    0,    0,  -12,    0,   -8,    0,    0,    0,    0,    0,    0,    0,    0,    0,    0,   16,    0,    0,    0,    0,    0,    0,    0,    0,    0,    0,    0,    0,    0,    0,    0,    0,    0,    0,    0,    0,    0,    0,    0,    0,    0,    0,    0,    0,    0,    0,    0,    0,    0,    0,    0,    0,    0,    0,    0,    0,    0,    0,    0,    0,    0,    0,    0,
       0,    0,    0,    0,    0,    0,    0,    0,    0,    0,    0,    0,    0,    0,    0,    0,    0,    0,    0,    0,    0,    0,    0,    0,    0,   -8,   -8,  -12,    0,  -16,    0,    0,    0,    0,    0,    0,    0,    0,    0,    0,    0,    0,    0,    0,    0,    0,    0,    0,    0,    0,    0,    0,    0,    0,    0,    0,    0,    0,    0,    0,    0,    0,    0,    0,    0,    0,  -12,    0,    0,    0,    0,    0,    0,    0,    0,    0,    0,    0,    0,    0,    0,    0,    0,    0,    0,    0,    0,    0,
       0,    0,    0,    0,   -8,    0,   -8,    0,    0,    0,    0,    0,    0,    0,    0,    0,    0,    0,    0,  -12,   -8,    0,    0,    0,    0,  -12,    0,  -16,    0,  -20,    0,    0,    0,    0,    0,    0,    0,    0,    0,    0,    0,    0,    0,    0,    0,    0,    0,    0,    0,    0,    0,    0,    0,    0,    0,  -20,    0,    0,    0,    0,    0,    0,    0,    0,    0,    0,    0,    0,    0,    0,    0,    0,    0,    0,    0,    0,    0,    0,    0,    0,    0,    0,    0,    0,    0,    0,    0,    0,
       0,    0,    0,    0,    0,    0,    0,    0,    0,    0,    0,    0,    0,    0,    0,    0,    0,    0,    0,    0,   -8,  -10,   12,    0,    0,  -16,  -12,  -28,    0,  -24,    0,    0,    0,  -12,  -12,  -12,   -8,    0,  -12,    0,   12,   -8,    0,  -16,   -8,   -8,  -12,  -12,  -16,  -12,    0,    0,    0,    0,    0,    0,  -10,  -12,  -12,  -12,  -12,    0,    0,    0,  -12,  -12,  -12,  -12,  -12,  -12,  -12,  -12,    0,  -12,    0,  -12,   -8,  -16,  -16,  -12,    0,    0,    0,    0,    0,    0,    0,    0,
       0,  -12,    0,    0,  -20,    0,  -20,  -16,    0,    0,    0,    0,    0,    0,    0,    0,    0,    0,    0,  -11,   -6,    0,   -8,   -4,    0,    0,   -6,   -8,  -10,  -10,   -5,  -12,    0,    0,    0,    0,    0,   -4,    0,    0,    0,    0,    0,    0,   12,    0,    0,    0,    0,    0,    0,    0,    0,    0,    0,  -28,    0,   -8,    0,    0,    0,    0,    0,    0,    0,    0,    0,    0,    0,    0,    0,    0,   -4,    0,    0,    0,    0,    0,    0,    0,    0,   -4,    0,    0,    0,    0,    0,    0,
       0,  -12,    0,    0,  -32,    0,  -32,  -44,    0,    0,    0,    0,    0,    0,    0,    0,    0,    0,   -8,  -32,  -18,    0,  -16,  -20,  -10,  -12,  -14,  -28,  -28,  -30,    0,  -24,  -12,   -6,   -7,    0,    0,  -12,   -7,    0,    0,    0,    0,   -6,    0,    0,    0,   -5,    0,    0,    0,    0,    0,    0,    0,  -44,    0,    0,   -6,   -6,    0,    0,    0,    0,    0,    0,   -7,   -6,   -6,    0,    0,    0,  -12,   -7,    0,   -7,    0,   -6,   -6,    0,    0,  -12,  -16,    0,    0,    0,    0,    0,
       0,    0,   -8,    0,    0,    0,    0,   -8,    0,    0,    0,    0,    0,    0,    0,    0,    0,    0,   -8,    0,    0,    0,    0,    0,    0,    0,    0,    0,    0,    0,    0,  -12,    0,    0,    0,    0,    0,    0,    0,    0,    0,   -8,   -8,    0,    0,   -8,  -16,    0,  -16,    0,    0,    0,    0,    0,    0,    0,    0,    0,    0,    0,    0,    0,    0,    0,    0,    0,    0,    0,    0,    0,    0,    0,    0,    0,    0,    0,   -8,    0,    0,    0,    0,    0,    0,    0,    0,    0,  -16,  -12,
       0,   12,   12,    0,    0,    0,    0,    0,    0,    0,    0,    0,    0,    0,    0,    0,    0,    0,    0,    0,    0,    0,    0,    0,    0,    0,    0,    0,    0,    0,    0,    8,   12,    0,   22,    0,    0,    0,   22,    0,    0,    0,    0,    0,    0,    0,    0,    0,    0,    0,   12,    0,    0,    0,    0,    0,    0,    0,    0,    0,    0,    0,   20,   20,    0,    0,   22,    0,    0,    0,    0,    0,    0,   22,    0,   22,    0,    0,    0,    0,    0,    0,    0,    0,    0,    0,    8,   12,
     -20,    0,  -36,    0,    0,  -12,    0,    8,    0,    0,    0,    0,    0,    0,    0,    0,    0,    0,  -22,   10,    0,   -6,    8,    0,    0,  -42,  -24,  -46,    4,  -41,    4,  -40,    0,    0,   -6,    0,    0,    0,    0,    0,   16,    0,    0,    0,   -6,   -8,  -34,    8,  -34,    0,    0,  -12,    0,    0,    0,   12,    0,    0,    0,    0,    0,    0,    0,    0,    0,    0,    0,    0,    0,    0,    0,    0,    0,    0,   16,    0,    0,    0,    0,    0,    0,    0,    0,    0,    0,    0,  -44,  -32,
       0,    0,  -16,    0,    0,    0,    0,    0,    0,    0,    0,    0,    0,    0,    0,    0,    0,    0,  -10,    0,    0,    0,    0,    0,    0,    0,    0,    0,    0,    0,    0,  -40,    0,    0,   -4,    0,    0,    0,    0,    0,   36,    0,    0,    0,    0,   -6,  -16,    0,  -16,    0,    0,    0,    0,    0,    0,    0,    0,    0,    0,    0,    0,    0,    0,    0,    0,    0,   -5,    0,    0,    0,    0,    0,    0,    0,   36,    0,    0,    0,    0,    0,    0,    0,    0,    0,    0,    0,  -16,  -12,
       0,   36,   28,    0,    0,    0,    0,    0,    0,    0,    0,    0,    0,    0,    0,    0,    0,    0,   20,    0,    0,    0,    0,    0,    0,    0,    0,    0,    0,    0,    0,   24,   24,    0,   44,    0,   16,    0,   44,   20,   20,    4,    0,    0,    8,    4,   12,    8,   12,    0,   32,    0,    0,    0,    0,    0,    0,    0,    0,   16,    0,   20,    0,    0,    0,    0,   44,    0,    0,    0,    0,    0,    0,   44,   36,   44,   16,    0,   12,   14,    0,    0,    0,    0,    0,    0,   24,   32,
       0,    0,    0,    0,    0,    0,    0,    0,    0,    0,    0,    0,    0,    0,    0,    0,    0,    0,    0,    0,    0,    0,    0,    0,    0,    0,    0,    0,    0,    0,    0,    0,    0,    0,    0,    0,    0,    0,    0,    0,    0,    0,    0,    0,    0,    0,   -8,    4,   -8,    0,    0,    0,    0,    0,    0,    0,    0,    0,    0,    0,    0,    0,    0,    0,    0,    0,    0,    0,    0,    0,    0,    0,    0,    0,    0,    0,    0,    0,    0,    0,    0,    0,    0,    0,    0,    0,   -4,    0,
       0,    0,    0,    0,    0,    0,    0,    0,    0,    0,    0,    0,    0,    0,    0,    0,    0,    0,    0,    0,    0,    0,    0,    0,    0,    0,    0,    0,    0,    0,    0,    0,    0,    0,    0,    0,    0,    0,    0,    0,    8,    0,    0,    0,    0,    0,    0,    0,    0,    0,    0,    0,    0,    0,    0,    0,    0,    0,    0,    0,    0,    0,    0,    0,    0,    0,    0,    0,    0,    0,    0,    0,    0,    0,    0,    0,    0,    0,    0,    0,    0,    0,    0,    0,    0,    0,    0,    8,
       0,    0,    0,    0,    0,    0,    0,    0,    0,    0,    0,    0,    0,    0,    0,    0,    0,    0,   -8,    0,    0,    0,    0,    0,    0,    0,    0,    0,    0,    0,    0,  -16,    0,   -4,    0,    0,    0,    0,    0,    0,   16,    0,    0,    0,    0,    0,   -8,    0,   -8,    0,    0,    0,    0,    0,    0,    0,    0,    0,   -4,   -4,    0,    0,    0,    0,    0,    0,    0,   -4,   -4,    0,    0,    0,    0,    0,   16,   12,    0,    0,    0,    0,    0,    0,    0,    0,    0,    0,   -8,    0,
       0,    0,    0,    0,    0,    0,    0,    0,    0,    0,    0,    0,    0,    0,    0,    0,    0,    0,    0,    0,    0,    0,    0,    0,    0,    0,    0,    0,    0,    0,    0,    0,    0,    0,    0,    0,    0,    6,    0,    0,   38,    0,    0,    0,    0,    0,   -8,    0,   -8,    0,    0,    0,    0,    0,    0,    0,    0,    0,    0,    0,    0,    0,    0,    0,    0,    0,    0,    0,    0,    0,    0,    0,    6,    0,   38,    0,    0,    0,    0,    0,    0,    6,    0,    0,    0,    0,   -8,    0,
       0,    0,    0,    0,    0,    0,    0,    0,    0,    0,    0,    0,    0,    0,    0,    0,    0,    0,    0,    0,    0,    0,    0,    0,    0,    0,    0,    0,    0,    0,    0,    0,    0,    0,   20,    0,    0,   -8,   20,    0,    0,    0,    0,    0,    0,    0,    0,    0,    0,    0,    0,    0,    0,    0,    0,    0,    0,    0,    0,    0,    0,    0,    0,    0,    0,    0,   20,    0,    0,    0,    0,    0,   -8,   20,    0,   20,    0,    0,    0,    0,    0,   -8,    0,    0,    0,    0,    0,    0,
       0,    0,    0,    0,    0,    0,    0,    0,    0,    0,    0,    0,    0,    0,    0,    0,    0,    0,  -12,    0,    0,    0,    0,    0,    0,    0,    0,    0,    0,    0,    0,    0,    0,    0,    0,    0,    8,    0,    0,   12,   12,   12,   16,    0,   16,    8,    9,    8,    9,    0,    0,    0,    0,    0,    0,    0,    0,    0,    0,    0,    0,   12,    0,    0,    0,    0,    0,    0,    0,    0,    0,    0,    0,    0,    0,    0,   12,    0,    0,    0,    0,    0,    0,    0,    0,    0,  -12,   -8,
       0,    0,    0,    0,    0,    0,    0,    0,    0,    0,    0,    0,    0,    0,    0,    0,    0,    0,    0,    0,    0,    0,    0,    0,    0,    0,    0,    0,    0,    0,    0,  -12,    0,    0,    0,    0,    0,    0,    0,    0,   24,    0,    0,    0,    0,    0,   -4,    0,   -4,    0,    0,    0,    0,    0,    0,    0,    0,    0,    0,    0,    0,    0,    0,    0,    0,    0,    0,    0,    0,    0,    0,    0,    0,    0,    0,    0,    0,    0,    0,    0,    0,    0,    0,    0,    0,    0,    6,    8,
       0,    0,    0,    0,    0,    0,    0,    0,    0,    0,    0,    0,    0,    0,    0,    0,    0,    0,    0,    0,    0,    0,    0,    0,    0,    0,    0,    0,    0,    0,    0,    0,    0,    0,    0,    0,    0,    0,    0,    0,    0,    0,    0,    0,    0,    0,    0,    0,    0,    0,    0,    0,    0,    0,    0,    0,    0,    0,    0,    0,    0,    0,    0,    0,    0,    0,    0,    0,    0,    0,    0,    0,    0,    0,    0,    0,    0,    0,    0,    0,    0,    0,    0,    0,    0,    0,    8,    0,
       0,    0,    0,    0,    0,    0,    0,    0,    0,    0,    0,    0,    0,    0,    0,    0,    0,    0,   -6,    0,    0,    0,    0,    0,    0,    0,    0,    0,    0,    0,    0,  -16,    0,    0,    0,    0,    0,    4,    0,    0,   32,    0,    0,    0,    0,    0,  -14,    8,  -14,    0,    0,    0,    0,    0,    0,    0,    0,    0,    0,    0,    0,    0,    0,    0,    0,    0,    0,    0,    0,    0,    0,    0,    4,    0,   32,    0,    0,    0,    0,    0,    0,    4,    0,    0,    0,    0,   -8,   -6,
      12,    0,    8,    0,    0,    0,    0,    0,    0,    0,    0,    0,    0,    0,    0,    0,    0,    0,    0,    0,    0,    0,    0,    0,    0,    0,    0,    0,    0,    0,    0,  -12,    0,   -8,    0,  -10,    0,   20,    0,    0,    8,    0,    6,    0,   10,    0,    4,    0,    4,    0,    0,    0,    0,    0,    0,    0,    0,    0,   -8,   -8,  -10,    0,    0,    0,  -10,  -10,    0,   -8,   -8,  -10,  -10,  -10,   20,    0,    8,    0,    0,    0,    0,    0,    0,   16,    0,    0,    0,    0,   16,   16,
       0,    0,    0,    0,    0,    0,    0,    0,    0,    0,    0,    0,    0,    0,    0,    0,    0,    0,    0,    0,    0,    0,    0,    0,    0,    0,    0,    0,    0,    0,    0,    0,    0,    0,    0,   -6,    0,    0,    0,    0,    0,    0,    0,    0,    0,    0,    0,    0,    0,    0,    0,    0,    0,    0,    0,    0,    0,    0,    0,    0,   -6,    0,    0,    0,   -6,   -6,    0,    0,    0,   -6,   -6,   -6,    0,    0,    0,    0,    0,    0,    0,    0,    0,    0,    0,    0,    0,    0,    0,    0,
       0,    0,    0,    0,    0,    0,    0,    0,    0,    0,    0,    0,    0,    0,    0,    0,    0,    0,    0,    0,    0,    0,    0,    0,    0,    0,    0,    0,    0,    0,    0,  -20,    0,    0,    0,    8,    0,    0,    0,    0,    0,    0,    0,    0,    0,    0,    0,    0,    0,    0,    0,    0,    0,    0,    0,    0,    0,    0,    0,    0,    8,    0,    0,    0,    8,    8,    0,    0,    0,    8,    8,    8,    0,    0,    0,    0,    0,    0,    0,    0,    0,    0,    0,    0,    0,    0,    0,    0,
       0,    0,    0,    0,  -32,    0,  -32,    0,    0,    0,    0,  -20,    0,    0,    0,    0,    0,    0,    0,  -32,    0,    0,    0,    0,    0,   16,    0,    8,    0,    8,    0,    0,    0,    0,    8,  -12,    0,  -20,    8,    0,    4,    0,    0,  -12,    0,    0,   16,   16,   16,    0,    0,    0,    0,    0,  -44,  -48,    0,    0,    0,    0,  -12,    0,   12,   12,  -12,  -12,    8,    0,    0,  -12,  -12,  -12,  -20,    8,   12,    8,    0,  -12,  -12,    0,    0,  -20,    0,    0,    0,    0,    0,    0,
       0,    0,    0,    0,  -32,    0,  -32,    0,    0,    0,    0,  -32,  -12,  -20,    0,    0,    0,    0,    0,  -48,    0,  -16,    0,    0,   -8,    0,    0,    8,    0,    8,    0,    0,    0,  -16,    8,  -28,    0,  -34,    8,    0,    0,    0,    0,  -28,    4,    0,    0,    0,    0,   -8,    0,    0,    0,    0,    0,  -66,  -16,    0,  -16,  -16,  -28,    0,   12,   12,  -28,  -28,    8,  -16,  -16,  -28,  -28,  -28,  -34,   20,   12,    8,    0,  -28,  -28,   -8,    0,  -34,    0,    0,    0,    0,    0,    0,
       0,    0,    0,    0,    0,    0,    0,    0,   -8,    0,    0,   -8,    0,   -8,  -20,    0,    0,    0,    0,   12,    0,  -16,   12,    0,    0,  -32,  -16,  -52,    0,  -36,    0,    0,    0,    0,    0,   -6,    0,    0,    0,    0,    0,   -4,   -6,    0,  -12,  -16,  -36,    0,  -48,    0,    0,    0,    0,    0,    0,    0,  -16,    0,    0,    0,   -6,    0,    0,    0,   -6,   -6,    0,    0,    0,   -6,   -6,   -6,    0,    0,   -8,    0,   -4,    0,    0,    0,    0,    0,    0,    0,    0,    0,  -32,  -16,
};

static const EpdLigaturePair bookerly_12_boldLigaturePairs[] = {
    { 0x00660066, 0xFB00 }, // f f -> U+FB00
    { 0x00660069, 0xFB01 }, // f i -> U+FB01
    { 0x0066006C, 0xFB02 }, // f l -> U+FB02
    { 0xFB000069, 0xFB03 }, // U+FB00 i -> U+FB03
    { 0xFB00006C, 0xFB04 }, // U+FB00 l -> U+FB04
};

static const EpdFontData bookerly_12_bold = {
    bookerly_12_boldBitmaps,
    bookerly_12_boldGlyphs,
    bookerly_12_boldIntervals,
    63,
    33,
    27,
    -7,
    true,
    bookerly_12_boldGroups,
    12,
    nullptr,
    bookerly_12_boldKernLeftClasses,
    bookerly_12_boldKernRightClasses,
    bookerly_12_boldKernMatrix,
    391,
    397,
    90,
    88,
    bookerly_12_boldLigaturePairs,
    5,
};
