/**
 * generated by fontconvert.py
 * name: bookerly_8_italic
 * size: 8
 * mode: 2-bit  compressed: true
 * Command used: fontconvert.py bookerly_8_italic 8 ../builtinFonts/source/Bookerly/Bookerly-Italic.ttf --2bit --compress --pnum --exclude-intervals 0x0400,0x04FF --exclude-intervals 0x1EA0,0x1EF9 --exclude-intervals 0x01A0,0x01A1 --exclude-intervals 0x01AF,0x01B0
 */
#pragma once
#include "EpdFontData.h"

static const uint8_t bookerly_8_italicBitmaps[10836] = {
    0x75, 0x56, 0x4D, 0x8C, 0x1C, 0x47, 0x15, 0xFE, 0xBA, 0xCA, 0xDA, 0xC2, 0x53, 0x3B, 0xDD, 0x7B,
    0x00, 0x14, 0xE1, 0x9D, 0x9D, 0x3D, 0xE4, 0x60, 0x45, 0xB3, 0x3B, 0x73, 0x68, 0x44, 0xDB, 0x9E,
    0x9D, 0x2E, 0xF0, 0xC1, 0x07, 0x5F, 0x7C, 0x49, 0x90, 0xC8, 0xC1, 0xBE, 0x13, 0xE2, 0x06, 0x8D,
    0x25, 0x4B, 0xD9, 0x8D, 0x3B, 0x0A, 0x52, 0x24, 0x22, 0x88, 0x4F, 0x48, 0x10, 0x09, 0x8D, 0x38,
    0x44, 0x22, 0x22, 0xA1, 0x09, 0x8B, 0xB4, 0x10, 0xDB, 0x5B, 0xB6, 0x0F, 0x39, 0x58, 0x24, 0xA5,
    0x44, 0x0E, 0x07, 0x83, 0xD5, 0xA0, 0x8D, 0x73, 0x20, 0x88, 0x3E, 0x6C, 0xCC, 0xDA, 0xCC, 0xEE,
    0xF0, 0x55, 0xCF, 0xAE, 0x1D, 0x21, 0xD1, 0x3D, 0x3D, 0x3F, 0x3D, 0xAF, 0x5E, 0xBD, 0xF7, 0xBD,
    0xEF, 0x7B, 0xAF, 0x15, 0x42, 0x34, 0x31, 0x8F, 0xA3, 0x88, 0xD1, 0xE3, 0xB9, 0x08, 0xA0, 0x42,
    0x89, 0x9E, 0xFD, 0x81, 0xFD, 0x65, 0xFE, 0x91, 0xB9, 0x09, 0x5C, 0xB7, 0xB8, 0x91, 0x07, 0x37,
    0x4D, 0x3A, 0xA9, 0xE4, 0x29, 0xC8, 0xC3, 0xD8, 0x9C, 0xB8, 0xC3, 0xB3, 0x98, 0x7D, 0x02, 0xB3,
    0x47, 0x81, 0xC3, 0xC0, 0x2C, 0xB0, 0x09, 0xF9, 0x73, 0xAB, 0x9E, 0xB4, 0xAA, 0x67, 0x64, 0x05,
    0xEC, 0x00, 0xBF, 0x41, 0xEF, 0x16, 0xB2, 0x5B, 0x18, 0xFC, 0x15, 0x7A, 0x1B, 0x12, 0xFE, 0x35,
    0x03, 0x68, 0x27, 0x91, 0x14, 0x21, 0xB2, 0xAC, 0x83, 0x51, 0xD6, 0x83, 0x1B, 0x39, 0xFC, 0xF6,
    0xC6, 0xAB, 0x2E, 0x55, 0x9D, 0x0C, 0xB3, 0xBD, 0x18, 0x31, 0x6F, 0x8E, 0x8A, 0x2C, 0xB0, 0xDF,
    0x77, 0xD2, 0x74, 0x0D, 0x97, 0x00, 0x5D, 0x03, 0xFC, 0xDD, 0x22, 0xB8, 0x91, 0x43, 0xBC, 0x0F,
    0x23, 0xB7, 0x84, 0x8D, 0xEC, 0x35, 0x7C, 0xFD, 0xA3, 0x02, 0x59, 0x45, 0xF3, 0x64, 0x84, 0xA2,
    0x6D, 0xB1, 0x76, 0xDE, 0xA2, 0xFD, 0xC9, 0x4E, 0xBD, 0xA0, 0x97, 0x8D, 0x9C, 0x45, 0x03, 0x09,
    0xE8, 0xA6, 0xC1, 0x04, 0x3B, 0x4C, 0x70, 0x7A, 0x26, 0xFC, 0x15, 0x42, 0x9A, 0x20, 0x87, 0x45,
    0x51, 0xFF, 0x6C, 0xD2, 0x52, 0xF3, 0x9C, 0x62, 0x11, 0x63, 0x24, 0x6C, 0xC8, 0x0F, 0x85, 0x3F,
    0x62, 0xD9, 0x3D, 0xE0, 0x27, 0x10, 0x58, 0x7F, 0xA6, 0x93, 0xAF, 0xDE, 0xF6, 0x9F, 0x30, 0x01,
    0xB4, 0x51, 0x5C, 0xD0, 0xC1, 0x1C, 0xD2, 0xF2, 0x2B, 0x06, 0xEB, 0x05, 0x88, 0x1B, 0xFF, 0x92,
    0x86, 0xDE, 0xE8, 0x86, 0x9E, 0x91, 0x01, 0x0E, 0xC2, 0xFA, 0xE4, 0xC3, 0xFA, 0x5E, 0xEC, 0xA3,
    0xCB, 0x83, 0x7B, 0x95, 0xCC, 0x8B, 0x08, 0xC3, 0x16, 0x86, 0x1D, 0x14, 0x7D, 0x14, 0x09, 0xCA,
    0x44, 0xD8, 0xBE, 0xCA, 0xBB, 0xCF, 0x7B, 0xBC, 0xF0, 0x9C, 0xDA, 0xE1, 0xFA, 0x21, 0xE3, 0xF3,
    0xD5, 0x70, 0x81, 0x13, 0x56, 0xB9, 0x74, 0x1B, 0xE7, 0x73, 0x71, 0xAF, 0x54, 0xA6, 0x0A, 0x78,
    0x3F, 0x28, 0x21, 0x2D, 0x22, 0xA0, 0xEF, 0xBF, 0xAA, 0x1C, 0xCB, 0x4F, 0xB3, 0x48, 0x79, 0x70,
    0x0D, 0xEA, 0x8E, 0x0D, 0xF9, 0x97, 0xCC, 0xD1, 0x86, 0x18, 0x43, 0x9C, 0x27, 0xF0, 0xF0, 0x96,
    0xCB, 0xF8, 0xCE, 0x0E, 0x2E, 0xE5, 0xF0, 0x31, 0x69, 0x8B, 0xAE, 0xC5, 0xEF, 0x72, 0x71, 0xD3,
    0x68, 0x85, 0x8E, 0xC6, 0x1F, 0xCE, 0x9E, 0x99, 0x4C, 0x1C, 0x5A, 0x60, 0x52, 0xFE, 0x35, 0x29,
    0x83, 0xDB, 0x66, 0xEA, 0x46, 0x6D, 0x41, 0x5C, 0xAD, 0x3D, 0x4C, 0xFD, 0x2C, 0xE1, 0x6B, 0xDB,
    0x48, 0xE9, 0xE7, 0x88, 0x05, 0xF1, 0xA9, 0xA3, 0x18, 0x9C, 0xC1, 0xA5, 0x31, 0x8A, 0x05, 0x54,
    0x51, 0xFD, 0x6A, 0x61, 0x6D, 0x03, 0x6D, 0x07, 0x86, 0x74, 0xE1, 0xAC, 0x19, 0xB5, 0x6A, 0x40,
    0x2A, 0xBF, 0xB3, 0x32, 0x53, 0x1F, 0xFE, 0xC6, 0x3A, 0x98, 0x23, 0x18, 0x93, 0xCF, 0x2B, 0x67,
    0x6A, 0x4E, 0xBE, 0x97, 0x07, 0xBB, 0x50, 0x6F, 0xA3, 0xA5, 0x4D, 0x22, 0x73, 0x62, 0x32, 0x38,
    0x5F, 0x63, 0x72, 0xC9, 0x88, 0x7B, 0x4E, 0xE6, 0x95, 0x46, 0xE1, 0x5F, 0x79, 0x25, 0x19, 0xED,
    0xB7, 0xAD, 0x0F, 0x69, 0x05, 0x33, 0x15, 0x52, 0xD2, 0x24, 0x6A, 0x79, 0xC2, 0xF8, 0x5A, 0xA0,
    0x0A, 0x1C, 0xEA, 0xE3, 0x8B, 0xA5, 0x22, 0x5F, 0xD7, 0x94, 0x5B, 0xC1, 0x00, 0xCA, 0xE1, 0x2A,
    0x0E, 0xA7, 0x93, 0xA7, 0x7E, 0x05, 0xF8, 0xF7, 0x98, 0xAC, 0x11, 0x25, 0x11, 0x5A, 0x16, 0x65,
    0xD7, 0x3C, 0x89, 0x76, 0x3E, 0x70, 0x18, 0xA1, 0x14, 0x56, 0x53, 0x1D, 0xC7, 0x08, 0x32, 0x58,
    0x0F, 0x16, 0x54, 0xEF, 0x19, 0x5C, 0x7B, 0xB6, 0x94, 0x0E, 0xEB, 0xAC, 0x69, 0xD2, 0xD1, 0x9F,
    0x75, 0xB2, 0xA5, 0x8D, 0x4E, 0x91, 0xC5, 0x47, 0xCB, 0xA2, 0x17, 0xBB, 0xB2, 0x2A, 0xDC, 0xBD,
    0x77, 0x6C, 0xB9, 0x3A, 0xA8, 0x33, 0xEB, 0xE3, 0x10, 0xDA, 0x3F, 0x5D, 0x87, 0x98, 0xE4, 0x9E,
    0x45, 0x14, 0x02, 0xC3, 0x6A, 0x94, 0x94, 0x0D, 0x85, 0x12, 0xD3, 0x22, 0xA3, 0xCF, 0x4F, 0xFC,
    0xFF, 0x3B, 0xA4, 0x4E, 0x9F, 0x71, 0xF6, 0x09, 0xCD, 0x0A, 0x26, 0x66, 0x62, 0xC4, 0xC4, 0x89,
    0xFB, 0xDB, 0xA4, 0x06, 0x5C, 0x1C, 0xD8, 0x42, 0x4C, 0xAC, 0xB8, 0x4E, 0xE6, 0x0C, 0xA5, 0x19,
    0x2A, 0x22, 0xF0, 0x8C, 0x4B, 0xF7, 0xEA, 0x0C, 0xCF, 0x97, 0xE2, 0xE1, 0x86, 0x36, 0x71, 0x0B,
    0xBD, 0x7E, 0x8D, 0x6A, 0x5C, 0xBF, 0xF7, 0x3D, 0x30, 0xE7, 0xDA, 0xFF, 0xB0, 0x33, 0x7B, 0x08,
    0x26, 0x25, 0xC4, 0x7D, 0xD6, 0x90, 0xA5, 0x01, 0x91, 0x0E, 0x88, 0xA4, 0xB0, 0xFE, 0x52, 0x46,
    0xE6, 0x9A, 0x5B, 0x87, 0xAC, 0x4B, 0x1F, 0xFA, 0x19, 0x02, 0xC9, 0x0C, 0xFD, 0x21, 0x27, 0x63,
    0x7C, 0xFE, 0x1C, 0xCA, 0x27, 0x48, 0x62, 0x52, 0x81, 0xDB, 0x4F, 0xD9, 0x20, 0xCD, 0x9C, 0xC2,
    0x39, 0xFD, 0x74, 0x99, 0xF2, 0x0E, 0xC3, 0xFE, 0x7C, 0x88, 0xB2, 0xE7, 0x6D, 0x2C, 0xBC, 0x0D,
    0x49, 0xE3, 0x6D, 0xBC, 0x6C, 0xB4, 0xA1, 0x38, 0x18, 0xDF, 0x96, 0x78, 0x78, 0x45, 0x9B, 0x4E,
    0x0B, 0x5F, 0xDE, 0x8F, 0x4F, 0x8E, 0xC9, 0xEE, 0x04, 0xD9, 0x0A, 0x95, 0xFB, 0x46, 0x45, 0x6C,
    0xE4, 0x9E, 0x1E, 0xA3, 0x12, 0xCE, 0x03, 0x8E, 0x52, 0xDA, 0x3A, 0xBE, 0xC9, 0xC4, 0xC8, 0xDB,
    0xCF, 0xE2, 0x51, 0x7C, 0x04, 0x47, 0x9B, 0x65, 0xA4, 0xCE, 0xDB, 0x63, 0xDB, 0x6B, 0xC3, 0x2B,
    0x43, 0x32, 0x0F, 0xC9, 0x12, 0x6B, 0x93, 0x3A, 0xBF, 0x9F, 0xAE, 0xF9, 0xC5, 0xE2, 0x34, 0xB1,
    0xCF, 0xE6, 0xE9, 0xAE, 0xC3, 0x5A, 0x90, 0x95, 0xD7, 0xE4, 0xBB, 0x16, 0x2F, 0x32, 0xC1, 0x5D,
    0x2E, 0xD8, 0x6E, 0x1B, 0x54, 0x17, 0x81, 0xBF, 0x31, 0x81, 0x3B, 0xF0, 0x7A, 0x81, 0xFC, 0x8C,
    0xD7, 0x6B, 0xBC, 0x4E, 0x91, 0xFA, 0xC2, 0x3B, 0xDC, 0xA1, 0xDF, 0x74, 0x0A, 0x0A, 0x21, 0xDF,
    0xAE, 0xBD, 0x50, 0xED, 0xB5, 0xB8, 0xC5, 0x3E, 0x28, 0x8B, 0xCA, 0x64, 0x53, 0x50, 0x82, 0x31,
    0x3B, 0x22, 0xAE, 0x06, 0xEC, 0x45, 0x6F, 0xCB, 0x0D, 0xE0, 0xAE, 0x62, 0x41, 0x6E, 0x35, 0x63,
    0x88, 0x5B, 0xF3, 0x43, 0xC8, 0x57, 0x7A, 0x19, 0xA4, 0x2C, 0x33, 0x28, 0x69, 0x0B, 0x84, 0xD2,
    0x14, 0x58, 0xF0, 0x4E, 0x37, 0x73, 0x39, 0x86, 0xAC, 0xC8, 0xF5, 0x6D, 0xFA, 0x1C, 0x8B, 0x1C,
    0xBB, 0x6C, 0x53, 0x77, 0xA5, 0x11, 0x1F, 0x28, 0xAE, 0x7A, 0x15, 0xF2, 0xE4, 0xFB, 0x90, 0xC1,
    0x3F, 0x09, 0xC4, 0x98, 0x19, 0xAE, 0x22, 0xB5, 0xC9, 0xB4, 0xF8, 0x63, 0x6D, 0x96, 0x16, 0x10,
    0xF5, 0x11, 0x25, 0x88, 0x62, 0x84, 0x17, 0xD1, 0x4A, 0xD0, 0xEF, 0xA3, 0x6A, 0xBF, 0xEE, 0x94,
    0x2F, 0xBE, 0x93, 0xE4, 0x51, 0xE5, 0xBB, 0x4C, 0xE0, 0x86, 0xE2, 0xE3, 0x52, 0xEC, 0xE1, 0x51,
    0x91, 0xA2, 0xFD, 0x22, 0x91, 0x20, 0x0F, 0xC7, 0xCC, 0x75, 0x89, 0xD1, 0x78, 0xB5, 0x44, 0xC4,
    0x2C, 0x22, 0x95, 0x42, 0x02, 0xB7, 0xC4, 0xEF, 0x7D, 0x9E, 0x15, 0xE8, 0x11, 0xCA, 0xD3, 0x8E,
    0x20, 0x50, 0x24, 0x04, 0x6C, 0x6F, 0xC4, 0x3E, 0x50, 0x06, 0x93, 0x7C, 0xE6, 0x3E, 0x0B, 0x42,
    0x2E, 0xC4, 0x81, 0x2B, 0xC4, 0x9F, 0x9D, 0xDF, 0xE3, 0x27, 0x90, 0xA7, 0x7D, 0x9A, 0x91, 0xA9,
    0x52, 0xD7, 0x0F, 0xF6, 0xA0, 0x5F, 0x37, 0x2D, 0x69, 0x5A, 0xC2, 0xEF, 0xAA, 0x89, 0xE0, 0xD8,
    0x37, 0xA5, 0x51, 0x88, 0x2A, 0xC4, 0x83, 0x2B, 0xE8, 0x96, 0xD4, 0xE2, 0xF6, 0x85, 0xDF, 0x17,
    0x1C, 0x01, 0xA6, 0x9C, 0xF3, 0x9C, 0x9A, 0xF6, 0xCF, 0x7D, 0x88, 0xA1, 0x73, 0x1F, 0x6B, 0x6A,
    0x37, 0x4D, 0x9B, 0x11, 0x36, 0x19, 0x55, 0x8B, 0x11, 0xFA, 0xE6, 0xDE, 0x67, 0x6D, 0x13, 0x2A,
    0x2E, 0x66, 0x5D, 0x86, 0x5C, 0x98, 0x70, 0xCD, 0xC0, 0x37, 0x3E, 0x16, 0x61, 0xF3, 0xFA, 0x64,
    0x09, 0x1B, 0x2D, 0xF6, 0xA4, 0xC0, 0x85, 0x32, 0x0F, 0x15, 0x22, 0x32, 0x69, 0x1E, 0x2A, 0x81,
    0x2A, 0xBC, 0x20, 0x69, 0x7B, 0xC9, 0x8E, 0x52, 0xB7, 0x8C, 0x32, 0x42, 0x53, 0x54, 0x4D, 0x56,
    0xA5, 0xEA, 0x20, 0xD4, 0x05, 0xD3, 0x6F, 0x66, 0x2C, 0x52, 0x27, 0x73, 0x08, 0xE3, 0x0B, 0x16,
    0x61, 0xF1, 0x0D, 0x86, 0xE1, 0x48, 0x06, 0x6D, 0x57, 0x3C, 0xC3, 0xC9, 0x2D, 0x31, 0x69, 0x57,
    0xD8, 0x60, 0x6C, 0x7D, 0x92, 0x8E, 0xC8, 0x23, 0x22, 0x9E, 0xEC, 0x8A, 0x88, 0x78, 0x1D, 0xA3,
    0xDE, 0x0B, 0xDF, 0xF7, 0x86, 0x34, 0x5E, 0xF1, 0xE4, 0x35, 0x93, 0x57, 0xC6, 0x2B, 0x41, 0xD9,
    0x62, 0x24, 0xDA, 0x87, 0x21, 0xD7, 0x21, 0xCB, 0xC7, 0x69, 0xB2, 0x93, 0xA7, 0x15, 0xC5, 0xB7,
    0xA3, 0xDE, 0xDC, 0x6E, 0xA0, 0x3C, 0x34, 0x6D, 0xF2, 0x1D, 0xDF, 0x28, 0xA9, 0x0F, 0x65, 0x16,
    0x17, 0x50, 0x0C, 0xDE, 0xF4, 0x3C, 0xF3, 0x7C, 0x1C, 0x83, 0xF3, 0x48, 0x90, 0xFF, 0x92, 0xB5,
    0x6C, 0x10, 0x92, 0x66, 0x3D, 0xED, 0x92, 0x7A, 0xA0, 0xAF, 0xB1, 0x83, 0x65, 0x35, 0x40, 0xB3,
    0xF0, 0xFA, 0x21, 0x95, 0x72, 0xAA, 0xD4, 0xD1, 0x55, 0x8F, 0x2B, 0xA7, 0x46, 0x19, 0x8D, 0xDC,
    0xBE, 0x97, 0xA9, 0x8E, 0x68, 0xBB, 0x56, 0xC7, 0xC3, 0xB1, 0x92, 0x31, 0x6D, 0xCC, 0x76, 0xD0,
    0xE1, 0x60, 0xE4, 0xDC, 0xD6, 0x98, 0xF8, 0x46, 0x86, 0xC5, 0xA4, 0x35, 0x13, 0x3C, 0xB0, 0xEA,
    0xB5, 0xBC, 0x29, 0x4D, 0x47, 0x21, 0x26, 0x53, 0x16, 0x30, 0x5C, 0x3B, 0x33, 0xF8, 0xC0, 0x76,
    0xB5, 0x27, 0xC6, 0xB4, 0x60, 0x9C, 0x7C, 0xAA, 0x8B, 0xC6, 0xBB, 0x79, 0xF4, 0x72, 0x1E, 0xC9,
    0xBC, 0x55, 0x1B, 0x27, 0x21, 0x8E, 0xAD, 0xE2, 0x05, 0x96, 0x7F, 0x47, 0xFF, 0xBA, 0x55, 0x87,
    0x31, 0x44, 0x72, 0x68, 0xB0, 0xCE, 0x65, 0xAA, 0xC4, 0xB4, 0xEC, 0x8C, 0xF3, 0x3F, 0xFF, 0xCF,
    0xBF, 0x09, 0xC6, 0xFA, 0xAD, 0x56, 0xB3, 0xDF, 0x3F, 0x5E, 0xBE, 0x88, 0xF8, 0x4B, 0x5C, 0x78,
    0x99, 0x7A, 0x83, 0xF8, 0x59, 0xDD, 0x74, 0x38, 0x2A, 0x2A, 0x2F, 0xFC, 0xF9, 0x83, 0x49, 0x36,
    0xED, 0x88, 0x59, 0x3D, 0x6A, 0x6A, 0xF7, 0x6F, 0xD4, 0xF2, 0x47, 0x77, 0x8C, 0xFB, 0x5B, 0x81,
    0x75, 0xE2, 0x25, 0x2B, 0xEE, 0x50, 0x6D, 0x07, 0x9A, 0xDE, 0xC5, 0xD2, 0x91, 0x7C, 0x28, 0xEC,
    0xCA, 0x91, 0xFC, 0xC8, 0x83, 0xC7, 0xB9, 0x78, 0xDF, 0x6D, 0x13, 0xBE, 0x90, 0x87, 0x37, 0x99,
    0x8B, 0x59, 0xA8, 0xA7, 0x66, 0x12, 0xCE, 0xC5, 0x91, 0xCD, 0x48, 0x67, 0x56, 0x47, 0xD4, 0x25,
    0xE9, 0x42, 0x3D, 0x7A, 0x98, 0xE8, 0x98, 0x94, 0x45, 0xF7, 0xC7, 0xB4, 0xBE, 0xD3, 0xA3, 0x5B,
    0x47, 0xA9, 0x0F, 0x9A, 0xD4, 0xFC, 0x17, 0x9A, 0x54, 0xE6, 0x83, 0x38, 0x61, 0x6B, 0x93, 0xC7,
    0xBD, 0xC5, 0x83, 0xA8, 0x3F, 0x35, 0xFA, 0x24, 0x9A, 0x4B, 0x9E, 0x5D, 0xF3, 0x0E, 0x1D, 0x3E,
    0xBB, 0xAC, 0x10, 0x17, 0x13, 0x3D, 0x6E, 0x80, 0x07, 0x9B, 0x22, 0x31, 0x29, 0x7B, 0x7F, 0x57,
    0x7F, 0xCB, 0xE9, 0x13, 0xBF, 0x28, 0x1B, 0x1F, 0xAD, 0x97, 0xD1, 0xCB, 0xCE, 0x45, 0xF2, 0x25,
    0xDB, 0x52, 0xC2, 0x76, 0xB4, 0xFC, 0x61, 0x42, 0x86, 0xC7, 0x4D, 0xE9, 0xBA, 0x3A, 0xD7, 0x27,
    0x6C, 0xE3, 0x43, 0x5B, 0x17, 0xC8, 0xB4, 0x7C, 0x52, 0x73, 0x49, 0x54, 0xC6, 0x04, 0x79, 0x17,
    0xFA, 0x34, 0x58, 0xB2, 0xBE, 0xCC, 0x13, 0x65, 0x86, 0xDA, 0x33, 0x60, 0x65, 0x15, 0x91, 0x83,
    0x7E, 0xCF, 0x89, 0xBB, 0x95, 0xA8, 0x0A, 0xE9, 0x0A, 0x8E, 0x64, 0x05, 0xA7, 0x39, 0x28, 0x4F,
    0x9B, 0x70, 0xC7, 0x3F, 0x0E, 0xCE, 0xD7, 0xD3, 0x7D, 0x33, 0x07, 0x19, 0xA2, 0xCF, 0xFE, 0x4F,
    0x05, 0x31, 0xF8, 0x0B, 0xBA, 0xD3, 0x8C, 0x8F, 0xFA, 0x8C, 0xD9, 0x26, 0xBA, 0x2D, 0xBD, 0xD6,
    0xD8, 0x8A, 0xF2, 0x88, 0x9D, 0x67, 0x4A, 0x5E, 0xB1, 0x1D, 0x6E, 0xCC, 0xF3, 0xE9, 0x45, 0xBB,
    0xA0, 0xBA, 0x5C, 0x3C, 0x74, 0xA9, 0x11, 0x24, 0x78, 0xBA, 0x13, 0x3D, 0xCA, 0xB0, 0xB3, 0x38,
    0x28, 0xDB, 0xA6, 0x1B, 0xD4, 0x1B, 0x53, 0x49, 0xD2, 0x34, 0x15, 0xE6, 0x23, 0x74, 0xD2, 0xB9,
    0xE5, 0x4F, 0xCB, 0xF6, 0xA9, 0x7C, 0x55, 0xE3, 0x7B, 0xCA, 0x50, 0xEB, 0x5A, 0x43, 0x35, 0xA1,
    0x8E, 0x42, 0x16, 0xB5, 0xC2, 0x80, 0xD5, 0x50, 0x99, 0xE7, 0xB9, 0x28, 0xD2, 0x27, 0x73, 0x1D,
    0x9D, 0x84, 0x8A, 0xD8, 0x5B, 0x9F, 0xFA, 0x31, 0xE4, 0x3B, 0x9C, 0xC1, 0xD7, 0xA9, 0xBD, 0x6F,
    0x92, 0x87, 0x76, 0xBD, 0xF1, 0xE1, 0x16, 0xFE, 0x4D, 0xEB, 0xBA, 0x2E, 0x57, 0x20, 0xFE, 0x84,
    0x13, 0xD1, 0x88, 0xCF, 0x23, 0xCA, 0x0D, 0x67, 0x38, 0x93, 0xD9, 0x1B, 0xF8, 0xB0, 0x1A, 0x8F,
    0x10, 0x3B, 0x1C, 0xCF, 0x71, 0xC2, 0x4F, 0x5B, 0x6F, 0x59, 0xE2, 0xBB, 0x39, 0xF5, 0x83, 0xF6,
    0x8F, 0x8E, 0xEF, 0x2E, 0xB2, 0xE5, 0xFA, 0xF1, 0xD5, 0x39, 0x74, 0xED, 0xAD, 0x8F, 0x77, 0x50,
    0xC9, 0xCB, 0x5E, 0xA4, 0x0D, 0x66, 0x31, 0xEF, 0x29, 0x5F, 0x3F, 0x77, 0x4F, 0xF5, 0xB7, 0xC5,
    0x7D, 0x0E, 0x64, 0xAC, 0x6B, 0x21, 0xCF, 0xD2, 0xE6, 0xE0, 0xC9, 0x3C, 0xAB, 0xAD, 0xD8, 0x7E,
    0x2F, 0xEE, 0x2F, 0x29, 0x79, 0xAE, 0x73, 0xF8, 0xF9, 0x15, 0xFE, 0x24, 0x56, 0x17, 0x71, 0x38,
    0x40, 0xFA, 0x2F, 0x9C, 0xBB, 0x8A, 0xFF, 0x02, 0x9D, 0x57, 0x4D, 0x6C, 0x5C, 0x57, 0x15, 0xFE,
    0xDE, 0xBB, 0x61, 0x6E, 0xE2, 0xEB, 0x79, 0x2F, 0xAA, 0x52, 0x64, 0xA9, 0xF3, 0xE3, 0x85, 0x17,
    0x11, 0x8C, 0xEB, 0x51, 0xFB, 0x16, 0xAF, 0xE9, 0xC4, 0x73, 0x53, 0x2F, 0x58, 0x20, 0x44, 0x10,
    0x81, 0x6D, 0x13, 0x58, 0x02, 0xCA, 0x48, 0x0C, 0x6D, 0x16, 0x6E, 0xE6, 0x02, 0x0B, 0x2F, 0xB2,
    0xC8, 0xEC, 0xBB, 0x31, 0xAA, 0x84, 0x54, 0xD1, 0xC0, 0x80, 0x2C, 0x11, 0x44, 0x9A, 0xDC, 0x36,
    0x4B, 0xD4, 0xE6, 0x91, 0xAA, 0xEA, 0xA6, 0x42, 0x8F, 0x96, 0xFE, 0x08, 0x5A, 0x78, 0x12, 0xA6,
    0x4C, 0xDB, 0xB1, 0x87, 0xEF, 0x8C, 0xE3, 0x54, 0x8A, 0x8C, 0x3D, 0xF2, 0xF3, 0xBC, 0xF1, 0xCC,
    0xBB, 0xDF, 0x39, 0xF7, 0x9C, 0x7B, 0xBE, 0xF3, 0x33, 0xA1, 0x57, 0x1E, 0x08, 0xAD, 0xB2, 0x0A,
    0x0A, 0x1A, 0x33, 0x88, 0x50, 0x45, 0x03, 0x29, 0x30, 0x87, 0x05, 0x34, 0xD1, 0x0C, 0xB7, 0xE2,
    0x7F, 0xA5, 0x7E, 0xE0, 0xFF, 0xEA, 0xDE, 0xB1, 0xFF, 0x3E, 0xD2, 0xBB, 0x51, 0xCF, 0x66, 0x50,
    0xC6, 0x2C, 0x60, 0x72, 0xA4, 0x1B, 0xC8, 0x9B, 0xC8, 0x10, 0x7A, 0xC4, 0x63, 0xAB, 0x1C, 0x55,
    0xA0, 0x04, 0xF4, 0x7E, 0xE9, 0x7A, 0x63, 0x77, 0x02, 0xF3, 0xE5, 0x9B, 0x99, 0xBE, 0x62, 0x67,
    0x94, 0x2D, 0x2B, 0x3B, 0xAB, 0x11, 0xD5, 0xF0, 0xEC, 0x7F, 0xAD, 0x0B, 0xDC, 0x58, 0x17, 0xAB,
    0x2A, 0xAB, 0xF0, 0xC9, 0x2C, 0x7A, 0x6D, 0xA8, 0x0C, 0xBD, 0x2D, 0x28, 0x2B, 0xE2, 0xC6, 0xA2,
    0x97, 0x23, 0x74, 0x62, 0xD0, 0x8E, 0x39, 0xBB, 0xD7, 0x49, 0x24, 0x62, 0x0F, 0x3A, 0x58, 0x47,
    0x30, 0x8C, 0xAA, 0x8D, 0xA3, 0xA7, 0xF0, 0x7D, 0xD7, 0x1C, 0xB4, 0x1A, 0xF1, 0x6C, 0xF8, 0x1A,
    0x5E, 0xEA, 0xA7, 0xC5, 0xA0, 0xE7, 0x80, 0x4B, 0x45, 0x27, 0xC7, 0xAD, 0x3E, 0xB4, 0xBD, 0x84,
    0x0A, 0x35, 0x34, 0x97, 0x56, 0xD0, 0x79, 0xFF, 0xA7, 0xEE, 0x82, 0x3F, 0xC3, 0x3B, 0x70, 0x9D,
    0xF7, 0xCE, 0xB8, 0x66, 0x6F, 0x65, 0xB2, 0x66, 0x88, 0x11, 0xAC, 0xFA, 0xB0, 0xDC, 0x9C, 0x6B,
    0x2E, 0xAC, 0x3F, 0xF1, 0x61, 0xAD, 0x03, 0xB4, 0x8B, 0x70, 0x0D, 0xF1, 0x22, 0x5A, 0x03, 0xA4,
    0x05, 0x2A, 0x29, 0x4A, 0xB3, 0x68, 0x8F, 0x61, 0x68, 0x90, 0x6E, 0xE7, 0x0F, 0xDB, 0xD2, 0x10,
    0x55, 0x6D, 0x1F, 0x2B, 0xFC, 0x85, 0x73, 0xFD, 0x6F, 0x15, 0xFD, 0x0B, 0xDD, 0xFE, 0xE3, 0xAF,
    0x79, 0x3E, 0x51, 0x43, 0x3C, 0x6C, 0xDB, 0x79, 0x9C, 0x25, 0x9D, 0x66, 0x33, 0xE9, 0xD4, 0x7D,
    0x30, 0xF9, 0x6B, 0x8F, 0xBF, 0xFC, 0xA6, 0xFC, 0x87, 0xA5, 0xEA, 0xF1, 0x57, 0x5E, 0x54, 0x45,
    0x39, 0x3D, 0x92, 0x20, 0xD7, 0x76, 0x11, 0xBD, 0x42, 0x17, 0xE5, 0x04, 0x1D, 0x9D, 0x61, 0x10,
    0x64, 0x6D, 0x5B, 0x8A, 0xD2, 0xF9, 0xD0, 0x0D, 0x94, 0xCB, 0x95, 0xCD, 0x74, 0xE0, 0x75, 0xE8,
    0x8D, 0xF2, 0xB1, 0xF6, 0xF1, 0xC7, 0x1F, 0x45, 0x45, 0x51, 0x01, 0x63, 0x23, 0xC1, 0x49, 0x78,
    0x20, 0x17, 0x47, 0xE1, 0xF8, 0x6F, 0x7A, 0xCB, 0x9B, 0x91, 0x37, 0x7C, 0xFF, 0xD4, 0x85, 0x9F,
    0x58, 0x3C, 0x0E, 0x79, 0x3D, 0x03, 0xBC, 0x08, 0xBC, 0x8D, 0x87, 0x0A, 0x2C, 0x13, 0x79, 0xA9,
    0x5B, 0x9B, 0x39, 0x59, 0x72, 0x8F, 0xDC, 0x3B, 0xD3, 0x32, 0x7A, 0x36, 0x2C, 0xCC, 0xC9, 0xD9,
    0x46, 0x25, 0x2D, 0x77, 0x8C, 0x17, 0x8F, 0xE7, 0x9A, 0x88, 0x2A, 0xD0, 0x57, 0xA1, 0xBF, 0x89,
    0x6A, 0x8A, 0x4E, 0x86, 0x92, 0xC3, 0x59, 0x3C, 0x62, 0x19, 0x5E, 0x52, 0xC3, 0x4D, 0x04, 0xF9,
    0xA2, 0x05, 0x65, 0x34, 0x0D, 0x35, 0xF4, 0x97, 0x48, 0x1C, 0xF7, 0x77, 0x40, 0xEB, 0x6F, 0xF0,
    0xA1, 0x19, 0x5B, 0x1A, 0x46, 0x5E, 0x0C, 0x04, 0xC3, 0x38, 0x88, 0x02, 0x47, 0x05, 0x13, 0x5A,
    0x18, 0xC2, 0xE4, 0xF9, 0x8C, 0x58, 0x5E, 0xC6, 0xFA, 0x65, 0xF4, 0xCE, 0xBC, 0xF2, 0x86, 0x44,
    0x5C, 0xC9, 0xF7, 0xAA, 0x84, 0x77, 0x00, 0x74, 0x08, 0x46, 0x66, 0xB6, 0x11, 0x88, 0x02, 0x5D,
    0x90, 0x82, 0x72, 0x3A, 0x5C, 0xA0, 0x19, 0x3A, 0x23, 0x45, 0x30, 0xA0, 0x19, 0x41, 0x56, 0x09,
    0x7D, 0xDB, 0x36, 0xC5, 0xF4, 0xEC, 0x94, 0x43, 0x28, 0xAA, 0x74, 0x38, 0xCE, 0xA8, 0x4A, 0xC9,
    0xF9, 0x68, 0x90, 0x28, 0xBC, 0xB2, 0x20, 0x03, 0x94, 0x2F, 0xF9, 0xD0, 0x45, 0x7C, 0x2C, 0xD4,
    0xE9, 0xF9, 0x25, 0x27, 0x24, 0x85, 0xE1, 0x16, 0xC1, 0xFA, 0x0E, 0xB7, 0x18, 0x1C, 0x61, 0x21,
    0x66, 0x72, 0x60, 0xB6, 0xE0, 0xF1, 0x8A, 0x2D, 0xDC, 0xF6, 0xBD, 0x0D, 0x84, 0xE3, 0x21, 0xA9,
    0xD9, 0x22, 0x11, 0x5B, 0x58, 0xC4, 0x69, 0x8C, 0x2D, 0x1D, 0x15, 0x57, 0x70, 0x83, 0x32, 0xFD,
    0x43, 0xCA, 0x13, 0xA3, 0x28, 0x5F, 0x9E, 0x3D, 0x9C, 0x7C, 0x40, 0x99, 0xF8, 0x23, 0x62, 0xAF,
    0x1F, 0x72, 0x7F, 0x91, 0x5F, 0x04, 0xA2, 0xC6, 0xE1, 0xE4, 0x43, 0x62, 0xF4, 0x49, 0xDE, 0x0B,
    0x94, 0xCB, 0x0F, 0x69, 0xC3, 0xAD, 0x31, 0x25, 0x96, 0xBE, 0xCB, 0xB7, 0x8B, 0x0C, 0x77, 0xF0,
    0x3A, 0x75, 0xA8, 0xDA, 0x39, 0x1E, 0x4A, 0x7D, 0x08, 0x2C, 0xAE, 0xF2, 0x6B, 0x6F, 0x28, 0x31,
    0x4C, 0x03, 0x0A, 0x77, 0x67, 0x10, 0xE3, 0x0F, 0x3F, 0x42, 0xFB, 0xF6, 0x78, 0x44, 0x81, 0x3C,
    0xFC, 0xEC, 0xBA, 0xB1, 0x49, 0x15, 0xCD, 0xD6, 0x6E, 0x3E, 0xF0, 0x9D, 0x9F, 0x4F, 0xE3, 0x7C,
    0xFD, 0x1F, 0xBE, 0xB4, 0x3D, 0x31, 0x69, 0x53, 0x16, 0x84, 0x02, 0x47, 0xE9, 0xAE, 0x95, 0x32,
    0xC5, 0x2D, 0x28, 0xFF, 0x9F, 0x1F, 0x22, 0x9F, 0x23, 0xA3, 0x82, 0x37, 0x6D, 0x38, 0x96, 0x0A,
    0x28, 0x1C, 0xB5, 0xC7, 0x35, 0xCE, 0x9B, 0xEF, 0xE4, 0x6D, 0x31, 0x6B, 0x01, 0xC1, 0x26, 0xB4,
    0x9B, 0x16, 0xCF, 0x3D, 0xCC, 0x06, 0x1A, 0x73, 0x53, 0xEB, 0xA7, 0x83, 0x2D, 0x34, 0xD2, 0x69,
    0xF1, 0x9E, 0x84, 0x61, 0xA8, 0xD4, 0x36, 0x5D, 0x2A, 0x90, 0x07, 0x59, 0x48, 0x94, 0x62, 0x91,
    0xD4, 0x2C, 0x61, 0x6D, 0x16, 0x60, 0x8B, 0x3A, 0xB0, 0x21, 0x7A, 0x89, 0x11, 0xBF, 0x19, 0x80,
    0x5C, 0xCC, 0xA2, 0xCF, 0xBB, 0xFA, 0x24, 0x2B, 0x58, 0x5E, 0x09, 0x67, 0x10, 0xF0, 0x47, 0x84,
    0x3F, 0xB3, 0xD3, 0xE2, 0x99, 0xE9, 0xB7, 0x5D, 0x78, 0x7B, 0x5A, 0x7C, 0x30, 0x66, 0x09, 0xFF,
    0xE4, 0x65, 0x42, 0x62, 0xC6, 0x4F, 0xBB, 0x80, 0xB6, 0xD6, 0xC7, 0xB4, 0xD7, 0xB3, 0x48, 0x3A,
    0x43, 0x6C, 0x44, 0x70, 0x0B, 0xE6, 0xF9, 0x02, 0xED, 0x6D, 0xD1, 0xCA, 0x5B, 0xFF, 0x13, 0x38,
    0xB6, 0x3A, 0x89, 0x9B, 0x2A, 0xCC, 0x26, 0x36, 0xA9, 0x7A, 0x14, 0x3A, 0x6C, 0x29, 0x1B, 0xFC,
    0x45, 0xD9, 0xF0, 0x8E, 0x86, 0x5A, 0xBB, 0x02, 0xB5, 0xF2, 0x3A, 0x54, 0xF0, 0x31, 0xE5, 0x47,
    0x64, 0xC4, 0x2A, 0xDA, 0x7E, 0xD2, 0xAB, 0xC4, 0xFF, 0x92, 0xC4, 0x6B, 0xC2, 0x8D, 0x91, 0xB1,
    0x8B, 0x35, 0xC4, 0x2D, 0xC4, 0x29, 0xE2, 0x04, 0xD1, 0x25, 0xA9, 0x69, 0xAD, 0x16, 0x8A, 0xFA,
    0xF3, 0x99, 0x16, 0x6E, 0x34, 0x85, 0xC2, 0x91, 0x9D, 0x16, 0x4F, 0x17, 0xA3, 0x02, 0x69, 0x73,
    0x5A, 0xFC, 0x11, 0x12, 0x7B, 0x03, 0x8F, 0xE5, 0x53, 0xDB, 0x43, 0xEE, 0x76, 0x91, 0x76, 0xA6,
    0xC4, 0xF7, 0xE7, 0xBB, 0x83, 0x9A, 0x37, 0xB6, 0xE6, 0xBB, 0x83, 0xFE, 0x3C, 0xCC, 0xB0, 0x8F,
    0x9B, 0xBF, 0xF1, 0x61, 0x16, 0x5B, 0xED, 0xBE, 0xEA, 0x63, 0xBC, 0xEB, 0x23, 0xB5, 0xE2, 0xA3,
    0xB2, 0x72, 0xD5, 0x44, 0xDB, 0x38, 0x8B, 0xC9, 0xFE, 0x16, 0xEA, 0xEF, 0x6F, 0xA2, 0x79, 0xCB,
    0x0A, 0xB9, 0x25, 0x4F, 0xA4, 0x22, 0x4F, 0xAE, 0xB6, 0xBF, 0x65, 0xEB, 0xA4, 0x57, 0x99, 0x29,
    0x54, 0x65, 0xC2, 0x34, 0x78, 0xB7, 0x58, 0x2B, 0x53, 0x56, 0x64, 0xB6, 0x29, 0x74, 0xC9, 0xCC,
    0x94, 0x27, 0xB0, 0x7C, 0x91, 0xF1, 0x95, 0x8C, 0xC4, 0x79, 0xCA, 0xD2, 0xB7, 0xE8, 0x90, 0xF2,
    0x92, 0x57, 0x35, 0xCA, 0x77, 0x3B, 0x87, 0xDC, 0x5F, 0x5A, 0x1A, 0x09, 0xD8, 0xCD, 0x0F, 0x27,
    0xCF, 0x6A, 0x53, 0x77, 0x78, 0x42, 0x64, 0xC7, 0x6B, 0xA3, 0xD3, 0x41, 0x5E, 0x55, 0x2E, 0x32,
    0x30, 0x15, 0xA8, 0x0D, 0x29, 0x67, 0xF7, 0x39, 0x4D, 0x43, 0xDB, 0x05, 0xD4, 0xD6, 0x84, 0xEE,
    0x63, 0x87, 0x3F, 0x17, 0x81, 0xEF, 0x86, 0xBE, 0xAB, 0xD8, 0xA1, 0xD7, 0x32, 0x66, 0x82, 0x30,
    0x5E, 0x0C, 0x90, 0x5A, 0xC5, 0xAA, 0x7C, 0x97, 0x52, 0x67, 0x3C, 0x3B, 0x91, 0x83, 0x61, 0x1F,
    0xE2, 0x74, 0x83, 0x32, 0x3B, 0x45, 0xA5, 0xC6, 0xB6, 0x4D, 0x5D, 0x29, 0x15, 0x27, 0x2C, 0x93,
    0x3F, 0x7E, 0xCB, 0xE2, 0xB7, 0x3B, 0x4A, 0x69, 0x1A, 0xBE, 0x47, 0x71, 0xE9, 0xD2, 0xE8, 0x4F,
    0x1E, 0xA5, 0x93, 0x72, 0x45, 0x2B, 0x3F, 0xF5, 0xFA, 0xAA, 0xE3, 0xE4, 0xD4, 0xD0, 0x48, 0x62,
    0x24, 0x35, 0x74, 0x9F, 0x3B, 0xBB, 0x7C, 0xC7, 0x2F, 0x19, 0x19, 0xD8, 0x64, 0xEB, 0xF2, 0x4E,
    0x28, 0xF7, 0x45, 0x0A, 0x13, 0x81, 0xDF, 0xDB, 0xE0, 0x55, 0x7B, 0x00, 0xF2, 0x38, 0xB0, 0xED,
    0x71, 0xD5, 0xDE, 0xAB, 0xE6, 0xFB, 0x20, 0x79, 0xBD, 0xEB, 0x83, 0x37, 0xDC, 0xC1, 0xC8, 0x47,
    0x81, 0x17, 0x2C, 0x5E, 0x00, 0x9E, 0x3B, 0x08, 0xF9, 0xF2, 0x45, 0xE8, 0xB5, 0x0F, 0xB8, 0xB8,
    0x62, 0x1B, 0x86, 0x6B, 0xF1, 0x0D, 0x24, 0xED, 0x3E, 0x01, 0x21, 0x96, 0xEF, 0xFC, 0x1A, 0x4B,
    0x7A, 0x93, 0x43, 0x9F, 0x79, 0xA9, 0xCA, 0xE3, 0x49, 0x18, 0xD1, 0xF4, 0xC8, 0xF2, 0x06, 0x63,
    0x48, 0x5E, 0x2B, 0x5B, 0x65, 0x40, 0x43, 0xCE, 0x4F, 0x98, 0xE7, 0x16, 0x23, 0x73, 0xAD, 0x5A,
    0x6E, 0xB5, 0x4E, 0xE5, 0x97, 0x91, 0x1C, 0x25, 0xA6, 0xCF, 0x5E, 0x2F, 0xAD, 0x7F, 0xEF, 0xB5,
    0x13, 0x58, 0x65, 0x6D, 0x79, 0x6A, 0xCF, 0x35, 0x66, 0xFD, 0x9F, 0xAC, 0xBA, 0x72, 0x8F, 0x6F,
    0xC1, 0x08, 0xE6, 0x1A, 0xAA, 0x65, 0xC9, 0xC2, 0x53, 0x39, 0x2E, 0xB3, 0xB3, 0x1C, 0xC5, 0xF2,
    0x06, 0x08, 0x3C, 0xC6, 0x3A, 0xA4, 0x64, 0xD6, 0xE1, 0x49, 0xB3, 0x1E, 0x73, 0xBB, 0x32, 0xE7,
    0x83, 0x86, 0x6D, 0x5B, 0x26, 0xD9, 0x3C, 0xED, 0xCA, 0x18, 0xAE, 0xBD, 0xD6, 0x64, 0x08, 0xEB,
    0x56, 0x16, 0xF6, 0x5C, 0x43, 0xAD, 0x55, 0x91, 0xF6, 0xB0, 0xD7, 0xDA, 0x2F, 0xAC, 0xA4, 0xEF,
    0x35, 0x49, 0xE0, 0xF0, 0x73, 0x1B, 0x3F, 0x6D, 0x1B, 0xCA, 0xA5, 0x6C, 0x91, 0xCA, 0x76, 0x34,
    0xBA, 0x11, 0x4E, 0xAF, 0x22, 0xCE, 0x1F, 0x0C, 0xE8, 0x92, 0x71, 0xE6, 0x49, 0x3F, 0x73, 0xD7,
    0xC7, 0x3F, 0x77, 0x31, 0x0F, 0x4D, 0xA3, 0x61, 0x8E, 0xA7, 0x71, 0x9E, 0xB0, 0x64, 0xDF, 0x27,
    0xDE, 0x64, 0x1C, 0x09, 0xB6, 0x60, 0xBE, 0x8E, 0x2A, 0x1B, 0x36, 0xD5, 0x6A, 0xDB, 0x35, 0x48,
    0x76, 0x74, 0x66, 0x3B, 0xC4, 0xB3, 0x5F, 0x10, 0x6F, 0x1F, 0xE4, 0x03, 0xC4, 0xDB, 0x07, 0xF9,
    0x00, 0xF1, 0xF6, 0x41, 0x3E, 0x40, 0xBC, 0xFF, 0x8F, 0x0C, 0xBD, 0xF4, 0x7A, 0x19, 0xB6, 0xB1,
    0xF3, 0xB9, 0x77, 0x2E, 0xBC, 0x5B, 0xE8, 0xA7, 0xB2, 0x38, 0xCA, 0xA3, 0x9F, 0x64, 0xB5, 0x57,
    0x7D, 0xAC, 0xDC, 0xD2, 0xD3, 0xF8, 0x36, 0xCB, 0xC1, 0x59, 0x19, 0x59, 0xEF, 0x67, 0xDD, 0x52,
    0x90, 0x19, 0x99, 0xB9, 0x5D, 0xC4, 0x5F, 0x2D, 0x1C, 0x59, 0x63, 0x34, 0xDA, 0xC7, 0x1F, 0xFD,
    0x20, 0xAF, 0x7F, 0xCD, 0x7D, 0xE1, 0xFC, 0x89, 0x83, 0x90, 0x5F, 0x9A, 0x38, 0xFF, 0xAC, 0xC5,
    0x2B, 0xEE, 0x00, 0x24, 0xAF, 0x77, 0x3C, 0x76, 0x5D, 0xDA, 0x17, 0xE9, 0xA4, 0x30, 0xD1, 0x80,
    0x63, 0x82, 0xD4, 0x59, 0xB7, 0x94, 0xB3, 0xC2, 0x71, 0x3A, 0x6E, 0x22, 0x59, 0x47, 0x92, 0x81,
    0x83, 0xF0, 0x93, 0x93, 0xC2, 0x9E, 0x4A, 0x6F, 0xFE, 0x81, 0x93, 0xA4, 0x0B, 0x86, 0xBB, 0xE3,
    0x11, 0x6B, 0xED, 0xEF, 0x0A, 0xFC, 0xEA, 0x3A, 0x86, 0x29, 0x8A, 0x34, 0xC8, 0x92, 0xD0, 0x77,
    0xE4, 0x67, 0xC6, 0x5B, 0x5E, 0xDF, 0x94, 0x22, 0x16, 0x4D, 0x5E, 0x3B, 0xCD, 0x5E, 0xAA, 0x6B,
    0xE7, 0xDE, 0x58, 0x37, 0xE5, 0x46, 0xFF, 0x03, 0x9D, 0x58, 0x4F, 0x6C, 0x1C, 0x57, 0x1D, 0xFE,
    0x66, 0x9E, 0xE3, 0xA1, 0xFB, 0xBC, 0x33, 0x3E, 0x04, 0x61, 0x29, 0xBB, 0x5E, 0x1F, 0x22, 0x61,
    0xA1, 0xB5, 0x9D, 0xC3, 0x02, 0xD3, 0x64, 0xD7, 0xFB, 0x5A, 0x1F, 0x90, 0xC8, 0x25, 0x07, 0xC2,
    0xA5, 0x87, 0x5A, 0xEA, 0x25, 0x12, 0x15, 0xD9, 0xC3, 0x46, 0x0A, 0x4A, 0xDC, 0x0E, 0xC9, 0xA1,
    0x12, 0x01, 0xE2, 0x7B, 0x38, 0x18, 0x21, 0xF5, 0x50, 0x35, 0x68, 0x85, 0x0C, 0x0A, 0x24, 0x69,
    0x5E, 0xC5, 0x01, 0x89, 0x8A, 0x76, 0x20, 0x4A, 0x91, 0x5A, 0x09, 0x06, 0x1A, 0x9A, 0x43, 0x0B,
    0x19, 0x89, 0x25, 0x72, 0x12, 0xDB, 0xCB, 0xF7, 0xDE, 0xEC, 0xDA, 0x4E, 0xB3, 0x71, 0xC6, 0xD9,
    0xCC, 0x44, 0xFB, 0x67, 0xDE, 0xF7, 0xFB, 0x7E, 0xEF, 0xF7, 0xFD, 0xFE, 0x3C, 0x63, 0xDF, 0x77,
    0x80, 0x60, 0x1D, 0xF6, 0xE5, 0x68, 0x40, 0xC4, 0x40, 0x21, 0x01, 0xC6, 0x52, 0xA0, 0xD6, 0x01,
    0x5A, 0x2D, 0xE0, 0x5F, 0xAB, 0x70, 0x7B, 0x6B, 0x10, 0xAA, 0x0E, 0x1F, 0x75, 0xCC, 0xA0, 0x81,
    0x9E, 0xEA, 0x29, 0x1C, 0x07, 0x7A, 0xBA, 0xBF, 0xF4, 0xBE, 0xF6, 0x2E, 0x46, 0x45, 0xA1, 0xAA,
    0x1E, 0x6A, 0x01, 0x6A, 0x93, 0x68, 0x2F, 0x1D, 0x9B, 0xFF, 0x40, 0xCF, 0x49, 0xE0, 0xB9, 0x11,
    0x9A, 0x78, 0x95, 0xD0, 0xC9, 0xB3, 0x99, 0xD1, 0x0A, 0x9F, 0x46, 0x78, 0xED, 0x69, 0x66, 0xF6,
    0x0A, 0x8B, 0x12, 0x01, 0x0F, 0xF1, 0x6E, 0xF3, 0x9E, 0xDF, 0x05, 0x5A, 0xE1, 0x39, 0x22, 0x02,
    0x65, 0x85, 0x80, 0xCB, 0xA6, 0xE0, 0xA6, 0x28, 0x28, 0x43, 0xE7, 0x64, 0xE2, 0x3E, 0xB8, 0x22,
    0x55, 0xAD, 0x8C, 0x43, 0x75, 0x20, 0xA4, 0x4D, 0xFB, 0x3F, 0xDF, 0x37, 0xB0, 0x58, 0xF9, 0x4C,
    0x8F, 0x6E, 0x02, 0xA3, 0xB4, 0x1A, 0x72, 0x11, 0x9C, 0x35, 0xF9, 0x76, 0x99, 0x6F, 0x6B, 0x34,
    0x18, 0x8E, 0xCC, 0xAF, 0x56, 0x22, 0xB8, 0x1A, 0x41, 0x8A, 0xF0, 0x60, 0x5E, 0xAC, 0xFD, 0x38,
    0xEB, 0xFC, 0x4D, 0xBC, 0x38, 0x14, 0x8B, 0x2F, 0xA1, 0xE1, 0xE5, 0xE6, 0x05, 0x9C, 0xB6, 0x9E,
    0x0F, 0xC3, 0xAA, 0x4D, 0x63, 0x36, 0x81, 0xCC, 0x8D, 0xE5, 0xC0, 0xBD, 0x00, 0xE7, 0x73, 0xA0,
    0x93, 0x01, 0x42, 0xBE, 0x8D, 0xF2, 0xE0, 0x61, 0x1A, 0x09, 0x47, 0x30, 0xBF, 0x0A, 0x43, 0x72,
    0x8C, 0x5F, 0x07, 0xAB, 0x96, 0xAA, 0x7D, 0xB4, 0x97, 0xC0, 0xBD, 0x77, 0x1D, 0x48, 0x03, 0x20,
    0xF1, 0x22, 0x27, 0x16, 0x91, 0xAB, 0xCD, 0xED, 0x29, 0x11, 0x49, 0x06, 0xCD, 0xA7, 0x4B, 0x75,
    0xC8, 0xEF, 0xA6, 0x68, 0x6E, 0xAA, 0x4C, 0x3F, 0xFC, 0x16, 0xDE, 0x27, 0xFC, 0x70, 0x93, 0x00,
    0x1F, 0x66, 0x81, 0x7F, 0x48, 0xD7, 0x2F, 0x46, 0x60, 0xF8, 0xC0, 0xF8, 0x99, 0x00, 0x9A, 0x08,
    0x9A, 0x10, 0x82, 0x31, 0x84, 0x09, 0xE2, 0x96, 0xAD, 0x84, 0x3F, 0xC6, 0xB4, 0x45, 0x3B, 0x95,
    0x9E, 0x88, 0xC4, 0x4E, 0x5B, 0xF4, 0x4B, 0x5E, 0xEA, 0xDB, 0xF2, 0x12, 0x38, 0x31, 0xE6, 0xBA,
    0x0C, 0x93, 0xF3, 0x30, 0xF2, 0x5E, 0x56, 0x45, 0x81, 0x21, 0xE2, 0xD8, 0x77, 0x0C, 0x95, 0x35,
    0xC3, 0xAA, 0xB7, 0x8E, 0xFF, 0xBD, 0x8A, 0x64, 0x02, 0x31, 0x9C, 0x5B, 0xCA, 0xED, 0x69, 0x3A,
    0x29, 0x22, 0xE2, 0x8E, 0x7B, 0x58, 0x94, 0xC7, 0x93, 0x26, 0x93, 0xE5, 0x38, 0x1F, 0xEB, 0x7B,
    0xE1, 0xAC, 0x43, 0x5E, 0x46, 0xB9, 0x88, 0x7A, 0x1D, 0x87, 0x13, 0xA3, 0xEF, 0xDA, 0x97, 0xEC,
    0x36, 0x2D, 0x73, 0x9B, 0x46, 0xE0, 0xB7, 0x21, 0xE3, 0x9C, 0xB0, 0xAE, 0x52, 0xEE, 0xC7, 0xC0,
    0xDA, 0xD3, 0x60, 0x33, 0x8D, 0xD8, 0xBD, 0xCF, 0xC5, 0x76, 0x5B, 0x23, 0xEB, 0xF2, 0x72, 0xB9,
    0x58, 0xAF, 0x1F, 0x4E, 0x5E, 0x23, 0x1C, 0x35, 0xB2, 0x9C, 0x6B, 0x3D, 0xA3, 0xE1, 0xC3, 0x5C,
    0x9E, 0x36, 0x08, 0xA5, 0x62, 0x58, 0x3F, 0x92, 0x21, 0x5C, 0xA9, 0xC4, 0x6E, 0x24, 0x20, 0x96,
    0x99, 0xB1, 0x13, 0x25, 0x93, 0x05, 0x5E, 0x94, 0x97, 0xD5, 0x17, 0xD4, 0xB6, 0x8B, 0xBF, 0x8C,
    0xCE, 0xAC, 0xC6, 0x8A, 0xF5, 0xFC, 0x46, 0xE2, 0x7D, 0xDA, 0x9D, 0x34, 0x22, 0x9E, 0x6A, 0xDB,
    0xA5, 0xA9, 0xEC, 0xA6, 0x4E, 0xDA, 0x41, 0x72, 0x1A, 0x71, 0xF3, 0x92, 0x96, 0x26, 0xE4, 0x0A,
    0x22, 0x85, 0x6C, 0xA3, 0x64, 0x53, 0x72, 0x6E, 0x1D, 0xF7, 0x6E, 0x3B, 0x3A, 0x76, 0x7F, 0xA8,
    0xDD, 0x8F, 0x23, 0x6C, 0x50, 0x3A, 0x46, 0x11, 0xEE, 0x06, 0x66, 0x0E, 0x44, 0x6D, 0x57, 0x37,
    0x0E, 0x44, 0x07, 0xEE, 0x03, 0x8B, 0xE3, 0xF8, 0x01, 0x75, 0xA2, 0xF2, 0x5A, 0x31, 0xC1, 0x3D,
    0x61, 0xD4, 0x95, 0xDF, 0x04, 0x5F, 0x81, 0xDD, 0xC8, 0xBC, 0x8E, 0xC0, 0xD4, 0x96, 0x7E, 0x92,
    0xE5, 0xB6, 0x92, 0x13, 0x39, 0x36, 0x97, 0x63, 0xA3, 0x0B, 0x2C, 0xF7, 0xDF, 0x99, 0x2B, 0xDA,
    0x8B, 0x47, 0x2C, 0x20, 0xB8, 0xCB, 0x88, 0x2F, 0x64, 0xB2, 0xDC, 0x94, 0xEB, 0x48, 0xDD, 0x18,
    0x09, 0x79, 0x27, 0x42, 0xDB, 0x42, 0xD0, 0xEB, 0x29, 0x71, 0xEB, 0x25, 0x6C, 0x27, 0xA7, 0xCF,
    0x88, 0xCE, 0xA2, 0x19, 0xF7, 0x22, 0xA4, 0x10, 0xD7, 0x50, 0x1C, 0x33, 0x6B, 0x59, 0x57, 0xAC,
    0x44, 0xF8, 0x00, 0x64, 0x45, 0xF9, 0x67, 0x22, 0xFF, 0xF7, 0x51, 0x20, 0xD4, 0xA4, 0x87, 0xAA,
    0x44, 0xE8, 0x8F, 0xD7, 0x02, 0xDD, 0x0A, 0x94, 0x35, 0xD1, 0xA5, 0x89, 0xD4, 0xD5, 0x41, 0xAF,
    0xB7, 0x66, 0x4C, 0x38, 0x34, 0xE1, 0x3E, 0xC1, 0x44, 0x06, 0xDB, 0xEC, 0x0E, 0x60, 0xAF, 0x1A,
    0xD8, 0xCA, 0x63, 0xB0, 0x18, 0x07, 0xAB, 0x83, 0xFB, 0x72, 0xE6, 0x05, 0xD0, 0xE5, 0xB6, 0x0D,
    0x7C, 0xB6, 0x21, 0xD8, 0xE6, 0xA6, 0x88, 0x4B, 0xF5, 0x06, 0x9F, 0x4F, 0x74, 0xED, 0x4E, 0xF1,
    0x4B, 0x49, 0x83, 0x45, 0x76, 0xA2, 0xAA, 0x6A, 0xAA, 0x06, 0x58, 0x1E, 0x5C, 0xD3, 0x99, 0x72,
    0x01, 0xED, 0x3B, 0x16, 0xAC, 0x0D, 0x87, 0x71, 0x22, 0xE5, 0xDC, 0x51, 0xB8, 0x9E, 0x97, 0xD2,
    0xD8, 0x88, 0x7F, 0xC2, 0xC8, 0xF1, 0x71, 0x24, 0xAE, 0xEE, 0x72, 0x6D, 0xE2, 0xC4, 0xAC, 0xCA,
    0xAC, 0x97, 0x42, 0xF1, 0x09, 0xD5, 0x8C, 0x5D, 0x55, 0xA0, 0x20, 0x3D, 0x2A, 0xC1, 0xE5, 0x2F,
    0xC3, 0x59, 0x4C, 0xB0, 0xB9, 0x3E, 0xCF, 0xC6, 0x6A, 0x63, 0x1D, 0xE2, 0x89, 0x58, 0xC3, 0xAC,
    0xCE, 0xA5, 0xE8, 0xB2, 0x20, 0xA4, 0xA4, 0x98, 0x48, 0xF2, 0x0E, 0x48, 0xDC, 0x27, 0xF3, 0x32,
    0xA9, 0x97, 0xC8, 0xBD, 0x9A, 0x55, 0x6A, 0x15, 0x92, 0x3E, 0x5B, 0xBC, 0x71, 0xEF, 0x0C, 0xC9,
    0x34, 0x33, 0xE5, 0xC7, 0xA1, 0xAB, 0xDB, 0x7D, 0xE5, 0x7B, 0x89, 0x67, 0x20, 0x62, 0xDF, 0xD1,
    0x45, 0x47, 0x97, 0x5C, 0x5D, 0x5D, 0x88, 0x9A, 0x0B, 0xAA, 0x21, 0x6D, 0x3A, 0x95, 0xE0, 0x5D,
    0xB1, 0x73, 0x09, 0x65, 0x21, 0x57, 0x51, 0x9D, 0x30, 0x6B, 0x9A, 0xB6, 0xF5, 0x65, 0xF9, 0x56,
    0x84, 0x69, 0x64, 0x55, 0x2B, 0xD7, 0xD0, 0xF6, 0xB2, 0x96, 0xB5, 0x16, 0xE3, 0xAA, 0xCE, 0x46,
    0x12, 0x65, 0xD6, 0x17, 0x5A, 0x98, 0xCE, 0x4A, 0x06, 0xF7, 0xD4, 0x5E, 0xD9, 0xDA, 0xD2, 0x8E,
    0xB5, 0x2D, 0x13, 0x82, 0x23, 0xDA, 0x3C, 0x22, 0x36, 0xB8, 0xEB, 0xDD, 0x8A, 0x42, 0x7A, 0x1A,
    0xF8, 0x07, 0x35, 0xC1, 0xE2, 0xED, 0x72, 0x08, 0x13, 0x2C, 0x6A, 0xE2, 0x22, 0xEF, 0x6F, 0x45,
    0xF0, 0x5C, 0x43, 0x63, 0x8D, 0x6C, 0x9A, 0x99, 0x2B, 0x66, 0x5C, 0x21, 0x17, 0x03, 0x68, 0xC6,
    0x16, 0xA9, 0x6D, 0x30, 0xB3, 0x48, 0xCE, 0x41, 0xDE, 0x51, 0x72, 0x01, 0xC5, 0x19, 0x04, 0x09,
    0x4A, 0x31, 0xAA, 0x1D, 0x84, 0x0D, 0xB6, 0x2A, 0x95, 0x55, 0x82, 0xEC, 0xC9, 0x51, 0xF2, 0x93,
    0x91, 0x9C, 0x8D, 0x0A, 0x2B, 0xF0, 0x23, 0x04, 0x3A, 0x7B, 0x52, 0x85, 0x4D, 0x55, 0x9B, 0xE5,
    0x73, 0x0A, 0x15, 0x60, 0x75, 0xB8, 0x6A, 0x06, 0xB6, 0xA6, 0x3C, 0xD5, 0xEA, 0xD7, 0xE1, 0x83,
    0x6E, 0xD7, 0x27, 0x7E, 0xB0, 0x1D, 0xCD, 0x41, 0x14, 0x11, 0xAA, 0x26, 0x1A, 0xF9, 0x50, 0x60,
    0x2B, 0x0D, 0xAF, 0x15, 0xEA, 0xD6, 0x94, 0x5F, 0x4A, 0x04, 0xB1, 0xA3, 0xDD, 0x6D, 0xD0, 0xF1,
    0x40, 0x07, 0x76, 0x5E, 0x33, 0xE0, 0x66, 0x62, 0xAB, 0x89, 0xCD, 0x1A, 0xBA, 0x2D, 0xA4, 0xC7,
    0x76, 0x43, 0x1E, 0x0D, 0xFE, 0x28, 0xFE, 0x24, 0x7E, 0x9C, 0x8B, 0xD9, 0xAA, 0xAB, 0x3B, 0x5F,
    0x58, 0xBF, 0xC3, 0xAF, 0x19, 0xBF, 0xFA, 0xC4, 0xD5, 0x1F, 0xC1, 0xED, 0xE2, 0x80, 0xC6, 0x57,
    0x1F, 0x5D, 0x2D, 0x8C, 0x1B, 0x99, 0x23, 0x5D, 0xA1, 0xE7, 0xD4, 0x57, 0x76, 0x38, 0xC2, 0x71,
    0x12, 0xD7, 0xB8, 0xDF, 0xFD, 0x8E, 0xCC, 0x2A, 0xCB, 0xBA, 0xA4, 0xB1, 0xEE, 0xB2, 0x5C, 0x0A,
    0xC5, 0x09, 0x4F, 0xB9, 0x1F, 0x78, 0x10, 0x6F, 0x5C, 0x60, 0x75, 0x7C, 0x1F, 0xC2, 0xF9, 0x37,
    0xD5, 0xBE, 0x4E, 0x41, 0x9E, 0x45, 0x53, 0x87, 0x36, 0x4E, 0xD2, 0xAA, 0x2B, 0x53, 0x1C, 0x23,
    0x7A, 0x44, 0x17, 0xFE, 0xA2, 0x83, 0xF3, 0xA6, 0xE8, 0x95, 0x4D, 0x75, 0x1A, 0x0F, 0x83, 0xA4,
    0x26, 0xD5, 0x9E, 0x91, 0xD1, 0x97, 0x58, 0x19, 0x5B, 0xD3, 0xF1, 0x2E, 0xF0, 0xD9, 0x28, 0xEF,
    0x64, 0xBD, 0x80, 0x1F, 0x0A, 0x64, 0xC5, 0x74, 0x82, 0x93, 0x3C, 0x9B, 0x5F, 0x4A, 0xE1, 0x66,
    0x84, 0xDF, 0x65, 0xAD, 0x61, 0x37, 0xC3, 0x26, 0x03, 0x66, 0xFA, 0x99, 0xC0, 0x01, 0x13, 0x3F,
    0xEF, 0x2E, 0x01, 0xDF, 0xF8, 0x0F, 0x70, 0x84, 0x9B, 0x72, 0x96, 0x3D, 0x61, 0x95, 0xE4, 0x53,
    0x22, 0x26, 0x5F, 0x67, 0xA6, 0x36, 0xC9, 0xAF, 0xFE, 0x38, 0x9B, 0xF7, 0xC9, 0xE6, 0x3D, 0xB2,
    0x39, 0x4F, 0x36, 0x2F, 0x0E, 0xDB, 0x0B, 0x3A, 0x3F, 0x99, 0xD8, 0xEE, 0x32, 0x8C, 0x0A, 0x1B,
    0x00, 0x6A, 0x59, 0x86, 0x87, 0xF0, 0x53, 0x04, 0x6C, 0x7E, 0x9C, 0x04, 0x9B, 0xE9, 0x60, 0x66,
    0x5E, 0x97, 0x6A, 0x66, 0x12, 0x41, 0x1D, 0x41, 0x88, 0xA0, 0x06, 0xFF, 0x34, 0xCA, 0xA1, 0x99,
    0x51, 0xD2, 0xCA, 0xA5, 0xD8, 0xDB, 0xC4, 0x23, 0x87, 0xA7, 0x0D, 0xC8, 0xA3, 0x28, 0xF3, 0x84,
    0x22, 0xA2, 0xD0, 0x53, 0x6D, 0x89, 0x9A, 0x8F, 0xC6, 0x59, 0x04, 0x2C, 0x69, 0xFB, 0x47, 0x30,
    0xD3, 0x31, 0xA9, 0x9A, 0x13, 0x76, 0xE7, 0x61, 0x69, 0x17, 0x58, 0xE7, 0x05, 0x8A, 0xE8, 0x02,
    0xC7, 0x23, 0xEE, 0xE3, 0xD4, 0x62, 0x46, 0xE3, 0x24, 0xE7, 0xE3, 0x07, 0x9C, 0xA6, 0xD4, 0x0C,
    0x68, 0x81, 0x51, 0x08, 0xE8, 0x1A, 0x87, 0x5D, 0xE6, 0x0E, 0xAD, 0xF0, 0x7D, 0x9D, 0xFF, 0x52,
    0xD0, 0x10, 0x8C, 0x25, 0x1C, 0x5C, 0x46, 0x98, 0xE0, 0x13, 0xED, 0x9C, 0x7B, 0x9A, 0xB5, 0xB9,
    0x5E, 0x0F, 0xEE, 0xFD, 0xA5, 0x97, 0x20, 0xA3, 0x70, 0x94, 0xE0, 0x35, 0x13, 0xBB, 0x53, 0xC7,
    0x08, 0x79, 0x23, 0xE5, 0x87, 0x8E, 0x99, 0x33, 0x13, 0xB3, 0x91, 0xF1, 0x08, 0x1A, 0x8E, 0x9E,
    0x40, 0xE5, 0xCD, 0x5B, 0xA7, 0xE1, 0xF5, 0x7A, 0x29, 0x61, 0x2B, 0x91, 0x3C, 0xFA, 0x9B, 0xB8,
    0x2C, 0xB4, 0xAE, 0x8B, 0xF3, 0x84, 0xFE, 0x25, 0xDA, 0x32, 0x31, 0x53, 0xB8, 0x6A, 0xBC, 0xFE,
    0x99, 0x0A, 0xFE, 0x69, 0x9A, 0xE0, 0xA2, 0x19, 0xA7, 0xFC, 0xEC, 0x44, 0x11, 0x8D, 0xDE, 0x63,
    0xEE, 0xB5, 0x91, 0xD4, 0x9C, 0xB8, 0xE3, 0xFE, 0x35, 0x76, 0x37, 0x21, 0x7E, 0x0A, 0x71, 0x14,
    0x9E, 0x60, 0xF6, 0xA5, 0xCD, 0xB8, 0xCE, 0x04, 0x34, 0xEE, 0x1C, 0x23, 0xB1, 0xB2, 0x5C, 0x2A,
    0xDC, 0x0E, 0xA2, 0x80, 0xA4, 0x6C, 0x7E, 0xE7, 0x5B, 0x0F, 0x5B, 0xD0, 0xB3, 0xE3, 0xCD, 0x32,
    0xE4, 0x1F, 0x94, 0xFB, 0x77, 0xE5, 0xFE, 0xD6, 0x34, 0x02, 0x73, 0x04, 0x8B, 0x6C, 0x67, 0x1D,
    0x8C, 0x6B, 0xA5, 0x41, 0x07, 0x31, 0x85, 0x8B, 0xE7, 0xD1, 0xF9, 0xD8, 0xB4, 0x96, 0x7C, 0x44,
    0x1D, 0x07, 0xE2, 0xDB, 0x76, 0xD4, 0xB5, 0xB2, 0x9A, 0x2B, 0x43, 0x2E, 0xA1, 0x70, 0xDB, 0x88,
    0x8D, 0x18, 0x93, 0x83, 0xFE, 0x62, 0xD4, 0x6A, 0x8A, 0xB7, 0xEA, 0x0F, 0xEB, 0x9B, 0x3C, 0xC3,
    0x28, 0x46, 0xA2, 0xEC, 0x9A, 0x03, 0x2B, 0x37, 0x8B, 0x33, 0x32, 0x66, 0xB1, 0xE2, 0x23, 0xF5,
    0x71, 0xFF, 0x1A, 0xE6, 0xCC, 0x09, 0x99, 0x0B, 0x5B, 0xA0, 0x68, 0x59, 0xC4, 0xAF, 0x94, 0x58,
    0xF8, 0x65, 0xEC, 0xA4, 0xCB, 0x9D, 0x07, 0x31, 0x7B, 0x28, 0x35, 0x71, 0x15, 0xEE, 0xB9, 0x28,
    0x2F, 0xD6, 0x38, 0xD6, 0xC4, 0xCF, 0x0A, 0x63, 0xC3, 0xB0, 0x72, 0xAD, 0x87, 0xD9, 0x33, 0xA6,
    0x65, 0x61, 0x28, 0x1B, 0xFA, 0x29, 0x31, 0x4D, 0x3E, 0xDA, 0xB9, 0x6B, 0x84, 0x92, 0x93, 0x95,
    0xE3, 0x88, 0xA2, 0x58, 0x35, 0xB5, 0xE8, 0x71, 0xCC, 0x66, 0xAF, 0x7B, 0xEA, 0xD7, 0x9D, 0x95,
    0x4E, 0x4B, 0x25, 0xE3, 0x66, 0x96, 0x7D, 0x74, 0x2E, 0x92, 0x91, 0x19, 0x01, 0xB2, 0x91, 0x9B,
    0x61, 0x9C, 0x36, 0x9B, 0x2B, 0xD0, 0x5C, 0x0B, 0xB6, 0x9A, 0x48, 0x75, 0x6A, 0x3E, 0xE1, 0x6E,
    0xD3, 0x62, 0xD1, 0x48, 0xE6, 0x5D, 0x8D, 0x87, 0xFD, 0xAA, 0x95, 0x0B, 0x79, 0x0C, 0x25, 0xF7,
    0x84, 0x18, 0x7F, 0x1C, 0xB1, 0xBF, 0x3A, 0xED, 0xAF, 0x0E, 0xD6, 0xB7, 0x57, 0x7B, 0x83, 0xD5,
    0xDB, 0x5C, 0x7A, 0xE9, 0x0E, 0x2E, 0x23, 0xC6, 0x38, 0x13, 0xE9, 0x95, 0xD8, 0xAA, 0xAE, 0xA9,
    0x6F, 0xA8, 0x0A, 0x7F, 0x35, 0xFC, 0xCA, 0x94, 0x69, 0x95, 0x77, 0x9D, 0x01, 0x0F, 0x99, 0x6C,
    0x35, 0xE6, 0x5A, 0x9B, 0xF0, 0x21, 0x91, 0xE7, 0x4F, 0xD2, 0x47, 0x93, 0x41, 0xE3, 0xC0, 0x86,
    0xC6, 0x7B, 0xFD, 0x23, 0xF6, 0x9C, 0x13, 0x4B, 0x57, 0x4B, 0x11, 0xF9, 0x42, 0x15, 0x3D, 0x94,
    0x02, 0x54, 0x9B, 0xE3, 0xB3, 0x77, 0x92, 0x0A, 0x07, 0x93, 0x2F, 0x2B, 0xF4, 0xF7, 0x67, 0xEF,
    0x56, 0x76, 0x14, 0xBD, 0xDD, 0x4C, 0x1C, 0x22, 0x9B, 0xE7, 0x57, 0x6C, 0xED, 0x7D, 0x26, 0x33,
    0x91, 0xC2, 0xBD, 0x7E, 0x11, 0xDC, 0xCD, 0x0C, 0x37, 0x14, 0xD3, 0xDC, 0xAF, 0x69, 0x52, 0x0A,
    0xD4, 0xB3, 0x99, 0xE2, 0x34, 0xF7, 0x8A, 0xC2, 0x2F, 0x54, 0x36, 0xE8, 0xEE, 0x66, 0xCD, 0x75,
    0x69, 0x85, 0x92, 0x6A, 0x50, 0x28, 0xCB, 0xCB, 0xCF, 0x66, 0x6D, 0xFF, 0xA2, 0x29, 0xB9, 0xFF,
    0xD5, 0x38, 0xF7, 0x14, 0x6B, 0x7B, 0x46, 0x8E, 0xED, 0x9C, 0x68, 0x6F, 0x33, 0xDB, 0x3C, 0x11,
    0x7A, 0x21, 0x32, 0xBD, 0x9E, 0x8D, 0xCF, 0xB7, 0x82, 0xCC, 0x54, 0x7F, 0x17, 0x5B, 0x07, 0x39,
    0xE0, 0x75, 0xBD, 0xD2, 0x8C, 0x67, 0xCD, 0x5F, 0x59, 0x8A, 0x6E, 0x5A, 0x84, 0x2F, 0xD2, 0x2A,
    0x7C, 0xD9, 0x61, 0x1B, 0x29, 0xB6, 0x3A, 0xF0, 0xAB, 0xAD, 0x18, 0x7E, 0xED, 0x94, 0x86, 0xDF,
    0xF9, 0x26, 0x21, 0xD8, 0x9E, 0x39, 0xCA, 0x36, 0xCC, 0x51, 0xC4, 0x40, 0x39, 0x26, 0xED, 0xC8,
    0x61, 0x86, 0x7C, 0x5A, 0xD9, 0x26, 0x9D, 0xF5, 0x3D, 0xF5, 0x7D, 0x32, 0x09, 0xE4, 0x42, 0x24,
    0x83, 0x05, 0x78, 0x01, 0x3B, 0xF6, 0xD7, 0x7E, 0x02, 0xF1, 0xAB, 0x35, 0x88, 0x77, 0x79, 0x0E,
    0x7C, 0x21, 0xB2, 0xB5, 0xF0, 0x4C, 0xE4, 0xFC, 0xD9, 0xB0, 0xEF, 0xBD, 0xB1, 0xDE, 0x70, 0x92,
    0x32, 0xA9, 0x4B, 0x48, 0x1E, 0x16, 0x56, 0x4D, 0x5D, 0xDE, 0xCE, 0xA3, 0xC8, 0xF6, 0x68, 0xC7,
    0x0E, 0xD0, 0xB4, 0x62, 0x8D, 0x78, 0x71, 0x7B, 0x34, 0xE1, 0xD6, 0xD4, 0xD0, 0x3A, 0x84, 0xDA,
    0x0A, 0x6A, 0x31, 0x0E, 0x47, 0x38, 0x62, 0xFE, 0xC4, 0x65, 0x8A, 0x6B, 0x82, 0xEF, 0x45, 0x58,
    0xCA, 0x5A, 0x35, 0xDB, 0xDD, 0xCD, 0x28, 0xAF, 0x15, 0x36, 0x07, 0x9E, 0x91, 0x26, 0xED, 0x34,
    0xD4, 0x5B, 0xF3, 0xDE, 0xEA, 0x16, 0x90, 0x8C, 0xF0, 0x89, 0xC0, 0x96, 0xED, 0x8E, 0x39, 0x75,
    0x78, 0x6A, 0x6A, 0x12, 0x9D, 0xF9, 0xB7, 0x06, 0xB3, 0xF0, 0x56, 0x5D, 0xAE, 0xFC, 0xE8, 0xF0,
    0xC6, 0x54, 0xC8, 0xB3, 0x30, 0x8F, 0xA6, 0xD5, 0x91, 0x77, 0x2E, 0x7F, 0xB8, 0xD6, 0x2F, 0x49,
    0xC1, 0x5E, 0xE0, 0x60, 0xC7, 0x69, 0x0C, 0x85, 0x5B, 0xEC, 0x98, 0xE3, 0xC8, 0x5E, 0xD8, 0x99,
    0x7E, 0x54, 0x34, 0xBE, 0x0E, 0x30, 0x71, 0x78, 0x03, 0x53, 0x76, 0x87, 0xE8, 0x34, 0x6B, 0x65,
    0x75, 0x04, 0xEF, 0x5C, 0x86, 0xA5, 0x7A, 0x1D, 0xEE, 0x47, 0x46, 0x2A, 0x5B, 0x67, 0xA1, 0xE2,
    0x8E, 0x76, 0x55, 0xB3, 0xC7, 0x21, 0x3B, 0xF4, 0x53, 0x79, 0x6F, 0xDA, 0xA3, 0xD4, 0xFF, 0x01,
    0xAD, 0x58, 0x4F, 0x6C, 0x1C, 0x67, 0x15, 0xFF, 0xCD, 0xF7, 0x39, 0x1E, 0xD7, 0x93, 0x9D, 0xF1,
    0x21, 0x48, 0x95, 0xE2, 0xF5, 0xFA, 0xE0, 0x43, 0x51, 0xD7, 0xD9, 0x1C, 0xE6, 0x30, 0x6A, 0x6C,
    0xEF, 0x47, 0x2C, 0x51, 0xA4, 0x82, 0x88, 0xA0, 0xCD, 0xA5, 0x48, 0xF4, 0xC8, 0x01, 0xE4, 0x45,
    0x72, 0x85, 0x45, 0x92, 0x66, 0x62, 0x1F, 0x02, 0x8A, 0x44, 0x2C, 0x38, 0x46, 0x48, 0x16, 0x07,
    0x0E, 0x15, 0xA5, 0x7B, 0x30, 0x28, 0x45, 0x49, 0xFC, 0x95, 0xDC, 0x5A, 0xD1, 0x8C, 0x12, 0x55,
    0x3D, 0x54, 0x2A, 0x53, 0x11, 0x6A, 0x11, 0x08, 0x1D, 0x89, 0x25, 0x72, 0xC2, 0xDA, 0xCB, 0xEF,
    0x7D, 0xB3, 0x4E, 0x4C, 0x49, 0x13, 0x27, 0xE9, 0x48, 0x33, 0x9E, 0x9D, 0x3F, 0xBF, 0xF7, 0xBE,
    0xF7, 0x7E, 0xEF, 0xBD, 0xDF, 0x18, 0x00, 0x9E, 0xAE, 0xF3, 0x80, 0xB0, 0x90, 0xA3, 0x9F, 0xC2,
    0x6D, 0x5E, 0x2F, 0x47, 0x6F, 0x4B, 0xDD, 0xBA, 0xE8, 0xDD, 0xB8, 0x88, 0x22, 0x52, 0x69, 0x82,
    0xDC, 0x3F, 0x85, 0xC2, 0xCB, 0x74, 0xAA, 0xAD, 0xB2, 0x3A, 0x0D, 0xA0, 0xAC, 0x6F, 0xEA, 0x90,
    0xB3, 0x55, 0x68, 0x13, 0x7A, 0xD9, 0x90, 0x6F, 0xA6, 0xFC, 0xB4, 0x1E, 0x1C, 0x2D, 0xA2, 0xD7,
    0xCF, 0x37, 0xB7, 0x4C, 0xD4, 0x2B, 0x70, 0x6F, 0x3B, 0x22, 0x87, 0x1F, 0x5A, 0x41, 0x3E, 0x04,
    0x22, 0x63, 0x12, 0x44, 0x96, 0x8B, 0xB9, 0xBF, 0xD8, 0xC9, 0x88, 0xBC, 0xF4, 0xA6, 0x20, 0x2F,
    0xFA, 0x46, 0x90, 0x2B, 0x0E, 0x39, 0x16, 0x64, 0xE4, 0x20, 0xB2, 0x4E, 0x8D, 0x20, 0xDF, 0xB0,
    0x44, 0xDE, 0xBB, 0x96, 0xDE, 0x03, 0x1E, 0x81, 0x9F, 0x3F, 0xD3, 0x06, 0xB2, 0xD0, 0xC2, 0xCB,
    0x02, 0x3A, 0x6F, 0x79, 0xF5, 0x3F, 0x76, 0x33, 0xF6, 0xCF, 0x9E, 0xFA, 0xB4, 0xA8, 0xE8, 0xAF,
    0x1C, 0xB6, 0x75, 0x1F, 0x3E, 0xE2, 0x08, 0x55, 0xC4, 0x63, 0x04, 0x9D, 0x3F, 0x71, 0x24, 0x1B,
    0x99, 0xB9, 0x72, 0xF9, 0x4E, 0xBB, 0x11, 0xCC, 0x36, 0x32, 0xBD, 0x85, 0x66, 0x8E, 0x0E, 0x22,
    0x83, 0x02, 0x74, 0x29, 0x47, 0x48, 0x24, 0x3E, 0xAC, 0x2C, 0xEA, 0xE5, 0x41, 0xA7, 0x48, 0xE8,
    0xCB, 0x78, 0x42, 0x57, 0x5A, 0xF3, 0x08, 0x5E, 0xCA, 0xDB, 0x68, 0xF6, 0xAC, 0x2C, 0x90, 0x4F,
    0x8A, 0x39, 0x1E, 0x2E, 0xDD, 0xF5, 0x29, 0x22, 0x64, 0x85, 0x88, 0x5C, 0xA2, 0x2C, 0x10, 0x1B,
    0x7C, 0x28, 0x21, 0x90, 0xEC, 0x31, 0xB1, 0x5A, 0x84, 0x6A, 0x13, 0x29, 0x27, 0x50, 0xD6, 0xEC,
    0xBD, 0xCD, 0xB7, 0x79, 0x87, 0x06, 0x80, 0x7F, 0xF2, 0x85, 0x0D, 0x87, 0x61, 0x57, 0xB5, 0x6D,
    0xF3, 0x61, 0x5E, 0xF5, 0x83, 0x2C, 0xF0, 0xB2, 0xD0, 0xB3, 0x15, 0x65, 0x47, 0x75, 0x5A, 0xD7,
    0x26, 0x79, 0x1E, 0xCD, 0x00, 0xD3, 0x21, 0x68, 0x87, 0xFE, 0x05, 0xAB, 0xF0, 0x33, 0xE8, 0x22,
    0xE8, 0xF4, 0x52, 0x74, 0x94, 0x65, 0x70, 0xBB, 0xCA, 0x32, 0xB3, 0x9B, 0x9A, 0xB9, 0xF3, 0xFE,
    0xCC, 0x17, 0xA0, 0xDE, 0xF5, 0x31, 0x0F, 0xB5, 0x74, 0x1A, 0x6D, 0xE8, 0xC3, 0xEF, 0xD0, 0x35,
    0x6D, 0x6E, 0x4A, 0x70, 0xB1, 0x89, 0x0C, 0x01, 0x8E, 0x33, 0x70, 0x4D, 0x2B, 0x2E, 0x72, 0xD3,
    0x12, 0x61, 0xF5, 0xA9, 0x23, 0xC3, 0xC6, 0x8E, 0x34, 0x4E, 0x8A, 0x8D, 0xBA, 0x98, 0x70, 0x16,
    0xC4, 0xC0, 0x62, 0x21, 0xF8, 0x2D, 0x81, 0x6F, 0x3B, 0x74, 0x01, 0xCF, 0x05, 0x3B, 0x23, 0xB4,
    0x67, 0x89, 0xAC, 0x2C, 0x81, 0x1D, 0xA4, 0x2F, 0x20, 0x81, 0x18, 0xF8, 0x8D, 0x18, 0xB8, 0xCB,
    0x90, 0x31, 0xEE, 0xD5, 0xED, 0x1F, 0x8D, 0xE0, 0xD4, 0x46, 0x70, 0xC8, 0x26, 0xC3, 0x57, 0x6D,
    0x1C, 0x2D, 0xA5, 0xAD, 0x48, 0x9B, 0x76, 0xD5, 0x47, 0x5E, 0x0F, 0x46, 0xB2, 0x24, 0xFA, 0xD8,
    0xC6, 0xC1, 0x61, 0x5B, 0xBA, 0x48, 0x38, 0x8F, 0x11, 0xF3, 0x18, 0xEA, 0x0A, 0x03, 0xC1, 0x30,
    0x40, 0x67, 0x7D, 0x0E, 0xDB, 0xF2, 0x7C, 0x38, 0x07, 0xF6, 0xD2, 0x4E, 0x4C, 0x8E, 0xB4, 0x5A,
    0xC0, 0x5F, 0x57, 0xA1, 0x7A, 0x1B, 0x5C, 0xFB, 0x14, 0xD3, 0x3C, 0x45, 0x1A, 0x4E, 0xA3, 0x67,
    0x7A, 0x06, 0xC6, 0xE0, 0x5A, 0x8A, 0x3F, 0x80, 0xD7, 0xE4, 0xED, 0xDB, 0xD6, 0x3F, 0x9B, 0x56,
    0xB4, 0xA9, 0x3B, 0xE2, 0x90, 0x36, 0x24, 0xCD, 0xCC, 0x15, 0xDB, 0x20, 0xF1, 0x17, 0xAD, 0xD8,
    0x5C, 0x70, 0x61, 0xDA, 0x82, 0xA4, 0xB9, 0x90, 0x24, 0x33, 0xC7, 0x0C, 0x88, 0xB6, 0xE8, 0xE7,
    0x8C, 0xEE, 0x18, 0x34, 0x33, 0x0C, 0x0C, 0x54, 0x92, 0x20, 0xE7, 0x75, 0x34, 0x78, 0x31, 0xA0,
    0xD5, 0x0A, 0x46, 0x51, 0x37, 0x4D, 0x33, 0x4D, 0xAF, 0x12, 0x1C, 0xC8, 0xE5, 0x41, 0x6E, 0x73,
    0xB9, 0xBA, 0xD3, 0x0D, 0xCC, 0xE4, 0x18, 0xA2, 0x29, 0x44, 0x09, 0xA2, 0x18, 0xE1, 0x02, 0xAA,
    0x09, 0xA6, 0xA6, 0x50, 0xD4, 0xCE, 0x65, 0x3E, 0x8D, 0x7D, 0xC6, 0xCB, 0x4D, 0x04, 0x2F, 0xA0,
    0xAA, 0xA5, 0x3C, 0x12, 0xDF, 0xCC, 0xB3, 0x62, 0x42, 0x4C, 0x1F, 0x47, 0x94, 0x95, 0x6B, 0x9D,
    0xA1, 0xD1, 0xA8, 0x0C, 0x47, 0xD3, 0xAE, 0x99, 0x1A, 0x99, 0x52, 0x21, 0x91, 0x59, 0x06, 0x3C,
    0x8B, 0x89, 0xD1, 0xE2, 0xAF, 0x36, 0xCF, 0x72, 0x32, 0x83, 0x14, 0xA5, 0x93, 0x33, 0x73, 0xF4,
    0x5B, 0x32, 0x4E, 0x4B, 0x57, 0x53, 0x1C, 0xEB, 0x5B, 0x6A, 0xB0, 0xB4, 0x94, 0x0D, 0x74, 0x1A,
    0x6A, 0x53, 0xF1, 0x31, 0x1A, 0xA1, 0xDE, 0x1C, 0x39, 0xB0, 0x9E, 0xD7, 0x9E, 0x4F, 0xB1, 0x87,
    0xB5, 0xDD, 0xEC, 0x67, 0x72, 0x95, 0xD1, 0x6E, 0x67, 0x8F, 0x67, 0xF1, 0x4B, 0x06, 0x3D, 0xDB,
    0x4F, 0xDE, 0x35, 0xEB, 0x5D, 0x36, 0x7D, 0x36, 0x3C, 0xC0, 0xB4, 0xDB, 0xDA, 0x7D, 0xBA, 0xCA,
    0xE9, 0x13, 0x98, 0x47, 0x2A, 0xF9, 0x63, 0x2A, 0x86, 0xE4, 0x87, 0xBA, 0x96, 0xAA, 0x5D, 0x79,
    0x30, 0x42, 0xE2, 0x66, 0xE8, 0xA7, 0xF0, 0xC9, 0x3C, 0x58, 0xCE, 0xF0, 0x23, 0x23, 0x8D, 0x71,
    0xF7, 0xE6, 0xC7, 0x79, 0x9F, 0x34, 0xC2, 0x1E, 0x7C, 0x01, 0x01, 0x60, 0x13, 0x65, 0x06, 0x39,
    0x12, 0x1E, 0xC1, 0x83, 0xC1, 0x4E, 0x55, 0x4C, 0x5C, 0x0C, 0x7E, 0x99, 0xD4, 0x5B, 0x0B, 0x3F,
    0xCE, 0x1B, 0x06, 0xDE, 0x8B, 0x04, 0xDC, 0x2C, 0xDF, 0x0C, 0xC9, 0x1E, 0x32, 0xF8, 0xB1, 0x2A,
    0x72, 0x07, 0x1F, 0x76, 0x3A, 0xF3, 0x80, 0xD2, 0x74, 0xA6, 0xA3, 0xAE, 0xB0, 0x97, 0xEF, 0x64,
    0x65, 0x57, 0x7D, 0x42, 0xD3, 0xC2, 0xFF, 0xE4, 0x61, 0x76, 0xE1, 0xBD, 0x24, 0xDD, 0xA0, 0xB7,
    0xDD, 0xC1, 0xD6, 0xE4, 0xED, 0xC6, 0x51, 0x1E, 0xE6, 0xBC, 0x14, 0xDE, 0x7B, 0x72, 0x73, 0x8C,
    0xBE, 0x55, 0x6A, 0x0C, 0xF4, 0xE4, 0x71, 0xFE, 0x3C, 0x29, 0x11, 0xCF, 0x12, 0x8F, 0xB6, 0xE7,
    0x87, 0x59, 0xA4, 0x6F, 0xFD, 0x00, 0xCD, 0xCB, 0x3D, 0xBA, 0x2E, 0xD5, 0xD4, 0xE8, 0xDC, 0xEB,
    0xB8, 0x17, 0xE7, 0xE0, 0x9F, 0x5E, 0xA7, 0xDD, 0x59, 0x53, 0x0F, 0x68, 0x36, 0xBA, 0x80, 0xB8,
    0xB9, 0x4C, 0xDB, 0x0A, 0x33, 0x57, 0x7E, 0x8B, 0x86, 0xCF, 0x67, 0xE7, 0xAE, 0xAB, 0x3B, 0x17,
    0x02, 0x53, 0xAF, 0x62, 0x5F, 0xE9, 0x6D, 0xAC, 0xBB, 0x09, 0xE6, 0x13, 0x7F, 0x73, 0x1A, 0xED,
    0xDA, 0xAF, 0x0B, 0xC5, 0xA9, 0x10, 0xD0, 0xB9, 0xE9, 0xB7, 0xB8, 0xEC, 0x18, 0x58, 0xE1, 0xD2,
    0x7F, 0xCF, 0x50, 0x34, 0x19, 0xA6, 0xB8, 0x9C, 0x5C, 0xFA, 0x8C, 0x45, 0xC5, 0x2B, 0x70, 0x92,
    0x3E, 0x84, 0x47, 0x73, 0x0C, 0x6E, 0xF1, 0xDE, 0x4A, 0x1B, 0xC7, 0x52, 0xD7, 0x9B, 0xB9, 0xA4,
    0xDC, 0xFF, 0xA4, 0x33, 0x86, 0x83, 0x53, 0x18, 0x9F, 0x77, 0x35, 0xC7, 0x41, 0x50, 0x78, 0x45,
    0x1B, 0xF9, 0x02, 0xB2, 0xE6, 0x39, 0x1B, 0xF0, 0x85, 0x81, 0x01, 0xEC, 0x4D, 0x10, 0xE4, 0xFD,
    0x7A, 0x6C, 0x74, 0x71, 0xEB, 0xBA, 0x67, 0x33, 0x75, 0xCA, 0xAA, 0x0F, 0x53, 0x8E, 0x99, 0x7E,
    0x97, 0xDC, 0xC4, 0xE4, 0xFE, 0x74, 0x5E, 0xD9, 0xE9, 0xFD, 0xE9, 0xFE, 0xDB, 0x0C, 0x0A, 0xA7,
    0x58, 0x70, 0xBE, 0x4C, 0x98, 0x04, 0x6A, 0x93, 0x4D, 0xB3, 0x53, 0xE3, 0x30, 0x66, 0x8B, 0xFD,
    0x38, 0x83, 0xF7, 0x21, 0x6F, 0x31, 0x30, 0xFA, 0x1F, 0xDC, 0xCF, 0x72, 0x27, 0xED, 0x7D, 0x25,
    0x4D, 0x73, 0x83, 0x73, 0xBB, 0xE9, 0xDE, 0x19, 0xA4, 0x5E, 0x58, 0x28, 0x47, 0x31, 0x02, 0xEB,
    0xFA, 0x70, 0xD9, 0x84, 0x1B, 0x08, 0xD6, 0x4D, 0x30, 0x8B, 0xCA, 0x24, 0xA2, 0x1C, 0xA3, 0x19,
    0xEA, 0x6D, 0x24, 0xD3, 0x8C, 0xA2, 0x79, 0x58, 0xBB, 0xB5, 0xD2, 0x6E, 0xB9, 0x4C, 0xEB, 0xAA,
    0xE2, 0xFC, 0xE7, 0xF7, 0xDA, 0x5C, 0xD8, 0x45, 0x5B, 0x7A, 0x19, 0xF4, 0x4A, 0xF2, 0x57, 0x36,
    0xC3, 0x47, 0xC4, 0x07, 0x19, 0x74, 0xB7, 0xFD, 0xED, 0xD2, 0x96, 0x4C, 0x8F, 0xAC, 0x6C, 0x3D,
    0xA4, 0xB1, 0xFE, 0x5B, 0x47, 0x7B, 0x99, 0xE7, 0x1B, 0x99, 0xA4, 0x8C, 0x0B, 0x6B, 0xDB, 0x93,
    0x58, 0xB0, 0xC8, 0x59, 0xE3, 0x65, 0x53, 0xC7, 0xAF, 0xAC, 0xF4, 0x74, 0xA7, 0xF9, 0xA2, 0x5E,
    0x56, 0xF1, 0xD3, 0x7D, 0xA1, 0x63, 0x4C, 0xEE, 0x62, 0x7C, 0xC0, 0xCD, 0x0B, 0x12, 0x3A, 0x44,
    0x5A, 0x45, 0x67, 0x01, 0x0D, 0xFA, 0x26, 0x59, 0x8D, 0x77, 0x64, 0xD5, 0x3D, 0xE0, 0x9E, 0x11,
    0xF1, 0x31, 0xEA, 0xD0, 0x4A, 0xDA, 0xB5, 0x04, 0xE7, 0x90, 0x95, 0x47, 0x28, 0xF4, 0x54, 0xAF,
    0x4B, 0xA1, 0xA7, 0x6F, 0x5C, 0xA0, 0xD0, 0xD3, 0x5C, 0x2A, 0x85, 0x9E, 0x12, 0xA1, 0x97, 0x8A,
    0xC4, 0xD3, 0xE9, 0x98, 0x93, 0x90, 0x89, 0x13, 0x7A, 0xA2, 0x45, 0x42, 0x6D, 0x27, 0x28, 0xF4,
    0xB8, 0x56, 0x0A, 0xBD, 0xC6, 0xEB, 0x05, 0x85, 0x5E, 0x83, 0x6A, 0xF1, 0xAE, 0x20, 0x85, 0x93,
    0x8D, 0xB8, 0x27, 0x1B, 0x97, 0x72, 0x4B, 0xB4, 0x33, 0x6B, 0x22, 0x1B, 0x7F, 0xBA, 0x53, 0x90,
    0xB6, 0x9C, 0x20, 0xB5, 0x22, 0x1B, 0x7D, 0xE3, 0x64, 0xE3, 0xDF, 0x53, 0xA2, 0x8D, 0xAE, 0x6D,
    0xD7, 0x94, 0x9F, 0xF7, 0x9B, 0x5D, 0x49, 0x99, 0x52, 0x31, 0xBE, 0xBD, 0xB1, 0xE2, 0x9F, 0x5D,
    0x7A, 0x33, 0xAB, 0xE8, 0xC3, 0xAE, 0xC6, 0x43, 0xA9, 0xF2, 0x44, 0xEA, 0xBC, 0xCD, 0x6A, 0xFB,
    0x96, 0x35, 0x33, 0x57, 0xDE, 0xBD, 0x91, 0x35, 0x82, 0x6F, 0xCC, 0x31, 0x0C, 0xCB, 0x42, 0xB3,
    0x2F, 0xEF, 0xBA, 0x30, 0x70, 0x50, 0xEE, 0x08, 0xF7, 0xCD, 0x23, 0x14, 0x86, 0x86, 0x4B, 0xA2,
    0x03, 0x95, 0x53, 0x02, 0x3B, 0xE5, 0xD5, 0x55, 0x7C, 0x47, 0x1B, 0xEF, 0x23, 0x6D, 0xD4, 0x15,
    0x1F, 0xFA, 0xF4, 0x19, 0xE8, 0xD9, 0xF7, 0xA0, 0xBD, 0x9B, 0x14, 0x18, 0x5D, 0x66, 0xF0, 0xB8,
    0x08, 0x39, 0x71, 0x52, 0x94, 0x09, 0x4F, 0x86, 0x4A, 0x55, 0x95, 0x52, 0x54, 0x51, 0x53, 0x51,
    0x52, 0x51, 0x51, 0x51, 0x50, 0x51, 0x4F, 0x25, 0x51, 0x1E, 0x0B, 0x7F, 0xBE, 0x07, 0x47, 0x28,
    0xD7, 0x6B, 0xF9, 0x77, 0x38, 0x2E, 0x77, 0x09, 0x94, 0x78, 0x30, 0xCC, 0x30, 0x8D, 0xE6, 0xFF,
    0xDF, 0x37, 0x09, 0x2E, 0x7D, 0xB3, 0xBA, 0xDD, 0x37, 0x07, 0x53, 0xCC, 0x38, 0x10, 0x1E, 0x7F,
    0x01, 0x5C, 0x03, 0x4E, 0x3C, 0xB4, 0x75, 0x96, 0x9A, 0xB0, 0x21, 0x87, 0xEB, 0x5F, 0x40, 0xFF,
    0x94, 0x50, 0xCB, 0xB2, 0x9D, 0xA0, 0x7E, 0x84, 0x1E, 0x8A, 0xBD, 0xDC, 0x2F, 0x40, 0x4A, 0xCB,
    0x6D, 0xC1, 0xC6, 0x32, 0x2E, 0xF1, 0x93, 0x24, 0x8B, 0x8C, 0x9F, 0x3E, 0x6B, 0x23, 0xFC, 0xC5,
    0x86, 0x7A, 0xD6, 0x86, 0x15, 0x9D, 0x56, 0x63, 0xDF, 0x44, 0x59, 0xC4, 0x0F, 0x86, 0x29, 0xD4,
    0x3E, 0xE9, 0xE0, 0xE0, 0x9A, 0x64, 0x75, 0x59, 0x52, 0xC8, 0xDA, 0x7C, 0xCA, 0xBD, 0x7E, 0xF2,
    0x45, 0x75, 0xB5, 0xF0, 0x0F, 0x67, 0x51, 0x98, 0x87, 0xAF, 0x66, 0x63, 0x7F, 0xB4, 0x91, 0x4E,
    0x1B, 0xDF, 0xC5, 0xB7, 0xE9, 0xF6, 0x2B, 0xE4, 0x4F, 0x42, 0x0F, 0x9F, 0x9A, 0x78, 0xAC, 0xE1,
    0xE4, 0x7D, 0x1D, 0xEA, 0x4F, 0xF0, 0xDE, 0x01, 0x16, 0x1F, 0x1A, 0x5B, 0xCE, 0x92, 0x80, 0x31,
    0x19, 0x1A, 0x7D, 0xBC, 0x31, 0x38, 0xC0, 0x4C, 0x18, 0x6F, 0xD1, 0x3C, 0xC4, 0xCC, 0xCF, 0x8D,
    0x4C, 0x93, 0xD1, 0x96, 0x1B, 0x81, 0x5D, 0xFC, 0xFB, 0xFB, 0xC8, 0x9F, 0x66, 0x75, 0x79, 0xEF,
    0x1B, 0xD5, 0xB3, 0xDB, 0x82, 0x78, 0xC4, 0xC7, 0x2B, 0xFC, 0xDC, 0xE1, 0x57, 0x93, 0x9A, 0xF0,
    0x13, 0xFD, 0x1D, 0xEF, 0x6B, 0x04, 0xED, 0x06, 0x6F, 0x54, 0x2B, 0x53, 0x53, 0xCF, 0xE5, 0xAF,
    0x21, 0x1E, 0x9A, 0x59, 0xAD, 0x2D, 0x4B, 0x8B, 0x8A, 0x3A, 0xD8, 0x17, 0xEF, 0x12, 0xCB, 0xF5,
    0x06, 0x28, 0x47, 0x21, 0xAF, 0x8B, 0xE0, 0x0D, 0x54, 0x2B, 0xD2, 0x60, 0x9F, 0xCB, 0xF1, 0x1A,
    0xD7, 0x37, 0x84, 0x99, 0x55, 0x10, 0x75, 0x68, 0x22, 0x9A, 0x54, 0xA7, 0x9D, 0x5E, 0xEF, 0x90,
    0x1C, 0xB9, 0x97, 0xB1, 0x67, 0xB0, 0x07, 0x69, 0x43, 0x45, 0x6E, 0x9A, 0xD9, 0x3E, 0x9B, 0x64,
    0xA3, 0xF9, 0xD0, 0xF8, 0x7D, 0x35, 0xFA, 0x80, 0x33, 0x31, 0xBB, 0x5B, 0xBD, 0x0F, 0x13, 0x74,
    0xF6, 0x4D, 0xDC, 0x17, 0x69, 0x09, 0xF8, 0x97, 0xC5, 0xC4, 0xCA, 0x2E, 0xD5, 0xFE, 0x67, 0x33,
    0xFD, 0x00, 0xB5, 0xEF, 0x19, 0xD4, 0x0A, 0x8C, 0xB7, 0x76, 0xFB, 0x1D, 0x21, 0x99, 0x4D, 0xFB,
    0x99, 0xFD, 0x7C, 0x58, 0xF5, 0x55, 0x78, 0x1F, 0xF0, 0x73, 0xB5, 0x0C, 0x73, 0x3A, 0x78, 0x8B,
    0xA1, 0x9B, 0x47, 0x1E, 0x7B, 0x59, 0x5B, 0x7D, 0x90, 0xA9, 0x2D, 0xE8, 0x9F, 0x41, 0xBF, 0x00,
    0x5F, 0xDB, 0xC8, 0x14, 0xCD, 0x6C, 0x6A, 0x70, 0x3C, 0x88, 0xF5, 0x33, 0x8A, 0xED, 0xA6, 0x51,
    0x0D, 0x4E, 0x0C, 0x5F, 0x8F, 0xD2, 0x88, 0xEA, 0x81, 0xCB, 0x97, 0x26, 0xE4, 0xF1, 0x6A, 0x8E,
    0x23, 0x2B, 0xBB, 0xC4, 0xC2, 0x88, 0xDA, 0x1A, 0x1C, 0xBE, 0x1F, 0x12, 0xBD, 0x82, 0xA2, 0x5B,
    0xA5, 0x5F, 0x8F, 0x2E, 0x74, 0xBD, 0x9F, 0x48, 0x58, 0xB1, 0x1D, 0xD6, 0x07, 0xC9, 0x6B, 0x0F,
    0xCE, 0x69, 0x1C, 0x59, 0x7E, 0x3C, 0x49, 0xDD, 0x0F, 0x73, 0xFA, 0x60, 0x33, 0xDE, 0x16, 0x82,
    0x73, 0x86, 0x19, 0xA8, 0x2A, 0xF9, 0x27, 0x04, 0x27, 0xAD, 0xE7, 0x66, 0xF1, 0x4A, 0x88, 0x22,
    0xC4, 0xED, 0x0B, 0xCE, 0x05, 0xF6, 0x49, 0xD3, 0xE7, 0x19, 0x3B, 0x95, 0xEA, 0x84, 0xE7, 0x47,
    0x51, 0x43, 0x90, 0x79, 0xC5, 0x72, 0xFB, 0x4E, 0x26, 0x4A, 0xAE, 0xE2, 0xA8, 0x16, 0xA3, 0xD9,
    0xEB, 0xBC, 0xFA, 0xBB, 0xF6, 0x4A, 0xBB, 0x65, 0xF2, 0x11, 0x29, 0x9D, 0xFF, 0xE5, 0x69, 0x90,
    0xCA, 0x7F, 0x3B, 0xE0, 0xC6, 0x77, 0xE8, 0xB0, 0x58, 0x6B, 0xCA, 0x68, 0x34, 0x37, 0xA2, 0x6D,
    0xB6, 0xA2, 0x3E, 0x3E, 0x93, 0x53, 0x81, 0xF1, 0x5C, 0x7E, 0x1D, 0x94, 0x55, 0xE8, 0xF5, 0x4C,
    0x23, 0x57, 0x22, 0x14, 0xAC, 0x80, 0xAC, 0x41, 0xAF, 0x3B, 0xA5, 0x55, 0x8A, 0xAD, 0x1A, 0x9E,
    0xED, 0x82, 0x3D, 0x55, 0xD8, 0xF4, 0x4D, 0x54, 0x7C, 0xA7, 0x10, 0xC6, 0x64, 0x21, 0xFE, 0x45,
    0x27, 0x2A, 0x22, 0xF7, 0x81, 0x7F, 0x1C, 0x2F, 0x17, 0xB8, 0x44, 0x64, 0xB6, 0x62, 0xA8, 0x9B,
    0x70, 0xE5, 0xE4, 0x0A, 0x8B, 0x7D, 0xAA, 0xA0, 0x02, 0xCC, 0x09, 0xC7, 0x8F, 0x65, 0x91, 0x09,
    0xAA, 0xD7, 0x33, 0xFA, 0xFD, 0x97, 0xDD, 0x48, 0x97, 0xFF, 0x03, 0xC9, 0x48, 0x0E, 0xCC, 0x01,
    0xD6, 0x58, 0x2F, 0xDD, 0x53, 0x81, 0x3F, 0xDF, 0x57, 0x8C, 0xB5, 0x74, 0x47, 0x09, 0xD6, 0x4C,
    0x78, 0x2C, 0x0D, 0x2F, 0xCB, 0x84, 0x1B, 0x93, 0x09, 0x87, 0x24, 0x1C, 0x89, 0x23, 0xDB, 0x8A,
    0xCC, 0x7F, 0x01, 0x25, 0xCC, 0x31, 0x0E, 0x82, 0x30, 0x18, 0x06, 0xD0, 0x8F, 0x68, 0x8C, 0x89,
    0x22, 0x0C, 0xBA, 0x15, 0xC3, 0xE0, 0xD0, 0xA1, 0x4A, 0x07, 0x48, 0x6A, 0x84, 0xD8, 0xDD, 0x85,
    0xCD, 0xD5, 0x23, 0x30, 0x30, 0x68, 0x62, 0x84, 0x23, 0x18, 0x07, 0x66, 0x36, 0x07, 0x97, 0x9A,
    0x70, 0x80, 0x1E, 0xE1, 0x3F, 0x42, 0x8F, 0xE2, 0xE0, 0x3B, 0xC0, 0x8B, 0x55, 0x34, 0x99, 0xE7,
    0x55, 0xEB, 0x21, 0x68, 0xF7, 0xB6, 0xB7, 0xC0, 0xA3, 0x3F, 0xDB, 0x95, 0x6E, 0x28, 0x0E, 0x6F,
    0x94, 0x68, 0xE4, 0x0A, 0x18, 0x9C, 0xA1, 0x1D, 0xDE, 0x38, 0x41, 0x40, 0x22, 0xD0, 0x99, 0xCD,
    0x6C, 0x82, 0x69, 0x2C, 0x4C, 0x4A, 0x2F, 0x1D, 0x86, 0x15, 0x1D, 0xF4, 0x1A, 0x71, 0x9B, 0x59,
    0x4E, 0xD3, 0xD2, 0xC3, 0xD1, 0x3E, 0xAD, 0xCF, 0xD3, 0xBA, 0x5E, 0x04, 0x0B, 0x26, 0xAF, 0xA6,
    0x97, 0x4C, 0xA4, 0x12, 0x11, 0x53, 0xA5, 0xC8, 0x51, 0xB9, 0xAF, 0x03, 0x8A, 0xAE, 0xBB, 0x0B,
    0xC6, 0x2F, 0x5B, 0xBF, 0x5E, 0xCA, 0x7E, 0xB8, 0x33, 0x9E, 0x02, 0x23, 0x37, 0x33, 0x7C, 0x73,
    0x29, 0x9B, 0x76, 0x8C, 0xA2, 0xFC, 0x90, 0x87, 0x86, 0x56, 0xFA, 0x1F, 0x62, 0x83, 0x1A, 0xE4,
    0x69, 0x40, 0x55, 0xCA, 0x18, 0x37, 0xFC, 0x00, 0x85, 0x52, 0xCF, 0x6B, 0xD4, 0x40, 0x14, 0xFE,
    0x92, 0x74, 0x37, 0xDD, 0x1F, 0xC9, 0xF6, 0x60, 0x25, 0x87, 0x94, 0x46, 0xA8, 0x65, 0x91, 0x29,
    0x1D, 0x24, 0xC2, 0x14, 0x42, 0x77, 0xE8, 0x5F, 0xB0, 0x97, 0x15, 0x8F, 0x7B, 0x13, 0x3C, 0x45,
    0xCC, 0x61, 0x2F, 0xC2, 0xD8, 0x6B, 0x2F, 0x7B, 0xA8, 0xE8, 0x31, 0x57, 0x3D, 0x65, 0x61, 0x0F,
    0x45, 0x90, 0x8E, 0xF5, 0x1F, 0x08, 0x9E, 0xDA, 0xDB, 0xE0, 0x1F, 0xA0, 0x41, 0x3C, 0xE8, 0x69,
    0x7D, 0x29, 0xCA, 0x0A, 0xAE, 0xF4, 0x7D, 0xE4, 0x63, 0xF2, 0xDE, 0x9B, 0xF7, 0xDE, 0x7C, 0x33,
    0xC3, 0xE1, 0x5F, 0x86, 0x51, 0xFF, 0xF9, 0xAD, 0xA5, 0xC1, 0x06, 0xD4, 0x5B, 0xA3, 0xD4, 0x31,
    0xD4, 0x0A, 0x48, 0xAC, 0x63, 0x07, 0xEF, 0xF2, 0x28, 0x5A, 0x8F, 0xB0, 0x0A, 0x1B, 0x03, 0xB3,
    0x29, 0xEB, 0xEF, 0x7C, 0x81, 0xCD, 0x11, 0x16, 0x0B, 0x05, 0x10, 0x2F, 0x16, 0x7A, 0x44, 0x26,
    0x97, 0xAB, 0xAC, 0xBA, 0x09, 0x7F, 0xF6, 0xD6, 0xDC, 0x0E, 0x45, 0x36, 0x61, 0x7B, 0x2C, 0xCE,
    0xFD, 0x9E, 0xC7, 0x78, 0x22, 0x04, 0xF3, 0xDA, 0xDD, 0x30, 0x16, 0x45, 0x56, 0x4D, 0x2A, 0x26,
    0xF6, 0x04, 0x8B, 0xE3, 0x22, 0xD7, 0x3E, 0xEB, 0x31, 0x2F, 0x61, 0x9C, 0x4F, 0x93, 0x4C, 0x54,
    0xA2, 0x60, 0xDC, 0x0B, 0x50, 0xC0, 0xA0, 0x3C, 0xFC, 0xB2, 0x7B, 0x65, 0x29, 0x5B, 0x39, 0xD2,
    0x81, 0x8B, 0x0E, 0x96, 0x5E, 0x47, 0x3B, 0xEA, 0xD5, 0xA3, 0xC5, 0x99, 0x8B, 0x36, 0x7C, 0x78,
    0xD8, 0xC6, 0x80, 0xB0, 0x86, 0x0C, 0xE7, 0xF2, 0xBC, 0x22, 0xC8, 0x0C, 0xF3, 0xEF, 0x1B, 0x58,
    0x4B, 0xA8, 0x0B, 0xCD, 0x82, 0xA4, 0x23, 0xAB, 0xAC, 0x03, 0x43, 0xCE, 0x5A, 0xAD, 0xE3, 0x1B,
    0xD4, 0x3A, 0x8B, 0xFE, 0xAF, 0x56, 0x03, 0x3D, 0xDC, 0x55, 0x0D, 0xAC, 0x06, 0xD0, 0x18, 0x5A,
    0xA7, 0x4F, 0xAE, 0x86, 0xAF, 0x1F, 0x8E, 0x87, 0xF8, 0x17, 0x92, 0xE2, 0xB7, 0xE5, 0xE3, 0x37,
    0xBB, 0x8D, 0xD6, 0xCB, 0x95, 0x05, 0xAC, 0x4E, 0xE9, 0x50, 0x15, 0x51, 0xF8, 0xC4, 0x69, 0x5A,
    0x4F, 0x9F, 0xA7, 0x9C, 0xB8, 0xCC, 0x4B, 0xE2, 0xD9, 0xC5, 0x49, 0xB9, 0x8F, 0x81, 0xCB, 0xD2,
    0xCF, 0x1A, 0x5D, 0xFE, 0xE0, 0x83, 0x46, 0x9C, 0xDE, 0x7F, 0xA1, 0x91, 0x17, 0xCF, 0x8E, 0x94,
    0xA5, 0x9F, 0x7E, 0x3A, 0x81, 0x23, 0xF7, 0xE5, 0x0F, 0x34, 0xEB, 0x73, 0xA3, 0xED, 0x33, 0xC1,
    0xDB, 0x81, 0x9F, 0x30, 0x21, 0x0A, 0xAE, 0xDB, 0x01, 0xF7, 0x93, 0x8C, 0x91, 0xCE, 0x33, 0xCD,
    0x2F, 0x24, 0x9F, 0x24, 0x5E, 0x93, 0x8F, 0x27, 0xF3, 0x44, 0x78, 0x61, 0xB3, 0xC5, 0xC7, 0xD3,
    0xC9, 0xBC, 0x4A, 0x44, 0xE6, 0x85, 0xAC, 0xD9, 0xEA, 0x5A, 0xCA, 0x2D, 0x58, 0x68, 0xAB, 0x1E,
    0x12, 0x08, 0x84, 0x54, 0x31, 0x20, 0xB5, 0x5D, 0xE5, 0xCA, 0x2D, 0xA4, 0xA4, 0x55, 0xC4, 0xD3,
    0xBC, 0x7B, 0x47, 0x39, 0xD4, 0xE9, 0x12, 0x22, 0x2D, 0x77, 0x2E, 0xA7, 0xB4, 0x26, 0x0F, 0xF9,
    0x29, 0xEA, 0xDA, 0xDA, 0x77, 0xA5, 0xD7, 0x41, 0xE8, 0xA3, 0xEF, 0x21, 0xEE, 0x82, 0x87, 0xE0,
    0x01, 0xA2, 0x9D, 0x7A, 0xB0, 0x4A, 0xC0, 0xC4, 0xBF, 0x9F, 0xCA, 0x40, 0xDE, 0x23, 0x0E, 0x80,
    0x18, 0x74, 0xC3, 0x96, 0x06, 0x29, 0xE0, 0x01, 0x7D, 0x12, 0x00, 0xA0, 0x3F, 0x59, 0x5F, 0x7E,
    0x08, 0xBA, 0x18, 0x6C, 0xAB, 0xF7, 0x38, 0x2C, 0xBF, 0x92, 0x28, 0xE4, 0x35, 0x8E, 0xA4, 0x1E,
    0x14, 0x14, 0x94, 0x6B, 0x70, 0x60, 0x19, 0x9A, 0xB4, 0xBA, 0x3E, 0x77, 0x66, 0x97, 0x48, 0x6D,
    0x4D, 0xF9, 0xEC, 0xB0, 0xCC, 0x48, 0x1D, 0x98, 0xC2, 0xD6, 0x65, 0x07, 0xBA, 0x6F, 0xE9, 0x03,
    0x4B, 0x25, 0x96, 0xAC, 0xB3, 0x1C, 0x9D, 0x3A, 0xD2, 0x75, 0x8D, 0xDF, 0x3B, 0xF3, 0xC0, 0x42,
    0xF4, 0xFB, 0x48, 0x63, 0x5B, 0x73, 0x17, 0xDC, 0x97, 0x51, 0xAF, 0xCE, 0xA9, 0x7C, 0x98, 0x2D,
    0x58, 0x72, 0x63, 0xFB, 0xA7, 0x89, 0xF7, 0xAF, 0x5F, 0x76, 0xC0, 0xA7, 0xA4, 0xA2, 0x61, 0xE2,
    0x9B, 0x16, 0xB3, 0x8F, 0x8A, 0x5F, 0x1C, 0xE1, 0x17, 0xB5, 0x8E, 0xB1, 0x0D, 0xC2, 0x30, 0x14,
    0x05, 0x9F, 0x63, 0x14, 0x4B, 0x44, 0x81, 0x01, 0x10, 0x4A, 0xEB, 0x22, 0x88, 0x14, 0x2E, 0x5C,
    0x25, 0x1E, 0xC9, 0x45, 0x6A, 0x92, 0x51, 0xC8, 0x06, 0xAE, 0x68, 0xF9, 0x23, 0x7C, 0x36, 0xF0,
    0x08, 0xBF, 0x48, 0x41, 0x41, 0x01, 0x94, 0x0C, 0x40, 0x7D, 0xD2, 0xDD, 0x69, 0xA9, 0xBD, 0x6D,
    0x9D, 0xED, 0x9C, 0xCB, 0xCD, 0x8C, 0x51, 0x49, 0x15, 0x7D, 0x9A, 0x9E, 0x60, 0x90, 0x7E, 0x95,
    0xA8, 0x66, 0x25, 0x88, 0x8A, 0xFB, 0x50, 0x48, 0x13, 0x3C, 0xEE, 0x73, 0xE6, 0x85, 0x86, 0x30,
    0x48, 0x77, 0x55, 0xA4, 0x51, 0xA3, 0x85, 0x43, 0xB1, 0xEE, 0xFC, 0x6E, 0xAC, 0xD8, 0x26, 0x97,
    0xCE, 0x64, 0xF2, 0xD1, 0xB7, 0x76, 0xBF, 0x22, 0x19, 0xBA, 0xE0, 0xC6, 0x3D, 0x7B, 0x8A, 0xB4,
    0xC8, 0x83, 0xF4, 0x4F, 0xAD, 0x9C, 0x0F, 0x41, 0xC3, 0x60, 0xFB, 0xB1, 0x4C, 0xE1, 0xCB, 0x36,
    0x0E, 0xD9, 0x84, 0x13, 0x26, 0x31, 0x52, 0x3B, 0x44, 0xC3, 0x48, 0x8A, 0x87, 0xF0, 0x8F, 0xAF,
    0x37, 0x15, 0x8E, 0x21, 0x0E, 0xC2, 0x40, 0x14, 0x44, 0xDF, 0xF2, 0x93, 0x7E, 0xD1, 0x40, 0xB9,
    0x01, 0x47, 0x00, 0x81, 0x25, 0x5D, 0x47, 0xC2, 0x29, 0xB8, 0x03, 0x08, 0x5C, 0x4B, 0x38, 0x09,
    0x06, 0x8D, 0xC0, 0x77, 0x8F, 0x50, 0x04, 0x18, 0xCC, 0x22, 0x40, 0x57, 0x20, 0x68, 0xD2, 0xB0,
    0x6C, 0xCD, 0x4B, 0x26, 0xF3, 0x32, 0x19, 0x0D, 0x8D, 0x79, 0x9D, 0x4D, 0xBD, 0x1E, 0x38, 0xE4,
    0x86, 0x04, 0xAB, 0x96, 0xBC, 0x21, 0x85, 0x0C, 0x8A, 0x1A, 0x52, 0xCF, 0xF6, 0x82, 0x9F, 0x99,
    0x9A, 0x2C, 0x58, 0x71, 0xE4, 0x01, 0x81, 0x24, 0xB6, 0xA7, 0xB2, 0x08, 0x36, 0x09, 0x96, 0x18,
    0xEF, 0x51, 0x65, 0xE0, 0xBC, 0x03, 0x71, 0xCF, 0x9E, 0xFB, 0x47, 0x37, 0x45, 0x96, 0x87, 0xF2,
    0x88, 0xB6, 0x62, 0xFB, 0x4D, 0x65, 0xC1, 0x28, 0x32, 0x8B, 0x4C, 0x37, 0x2B, 0x2A, 0xA7, 0xD7,
    0x2F, 0x4C, 0x3E, 0xB4, 0x3B, 0x71, 0x73, 0x65, 0x9C, 0xFF, 0x18, 0x42, 0xD5, 0x45, 0xA1, 0x3F,
    0xA0, 0x6F, 0x6F, 0x82, 0xFD, 0x03, 0x55, 0x8F, 0x31, 0x4E, 0xC3, 0x40, 0x10, 0x45, 0x9F, 0xC7,
    0x4A, 0x56, 0x4A, 0x84, 0xD3, 0xA4, 0xB4, 0x44, 0xC9, 0x16, 0x48, 0x71, 0x11, 0x11, 0x1A, 0xA4,
    0xBD, 0x43, 0x04, 0xE7, 0xD8, 0xC2, 0xA9, 0xB3, 0x47, 0xE0, 0x08, 0x21, 0x27, 0x48, 0x41, 0xCF,
    0x1C, 0x21, 0x47, 0xF0, 0x21, 0x52, 0x50, 0x44, 0x5A, 0xC6, 0x06, 0x84, 0xD1, 0x8C, 0x7E, 0xF1,
    0xF6, 0xCF, 0x9F, 0x59, 0x81, 0x19, 0x78, 0xD8, 0xE7, 0x8B, 0x69, 0x05, 0x02, 0x8E, 0x85, 0x6E,
    0xE2, 0x76, 0x59, 0x32, 0xAE, 0xFE, 0x45, 0x12, 0x1C, 0xCC, 0x6A, 0x8A, 0xA8, 0x91, 0xFF, 0x96,
    0xED, 0x72, 0x13, 0x17, 0xEA, 0x10, 0xA1, 0x12, 0x7D, 0xE4, 0x64, 0x56, 0xD3, 0x1B, 0x51, 0x23,
    0x2E, 0x8C, 0x53, 0x7F, 0xAC, 0x61, 0x4C, 0x7F, 0x59, 0xBE, 0x72, 0x6F, 0xE5, 0xF1, 0x53, 0x5F,
    0xFB, 0xB5, 0xCF, 0x9F, 0x2D, 0x35, 0x53, 0xBA, 0xA1, 0x0E, 0x1C, 0xC3, 0x9B, 0xBE, 0xC6, 0x8F,
    0x2B, 0x2D, 0x67, 0x09, 0x76, 0xC8, 0xA4, 0xD0, 0xBA, 0xD0, 0x58, 0x68, 0xCE, 0x1A, 0x31, 0x2F,
    0x13, 0xBB, 0x35, 0x30, 0x87, 0x55, 0xBE, 0x34, 0x83, 0xCE, 0x07, 0x52, 0x9C, 0x71, 0xEF, 0xDC,
    0x3E, 0x71, 0xF7, 0x40, 0xD9, 0xF4, 0xED, 0xD6, 0x7F, 0x6D, 0x3B, 0x28, 0xD3, 0x3E, 0x77, 0xD0,
    0xF4, 0x5A, 0x26, 0x23, 0x63, 0xC3, 0xF7, 0x88, 0xCD, 0x5A, 0x82, 0x6B, 0xFB, 0x34, 0xFB, 0xD8,
    0x4C, 0xD2, 0x2A, 0x77, 0xBB, 0xE7, 0xD6, 0xB4, 0x7A, 0x49, 0x46, 0xBE, 0x00, 0x95, 0x54, 0x31,
    0x6C, 0x23, 0x55, 0x10, 0x7D, 0xBB, 0x2B, 0xB1, 0x5C, 0xD6, 0x89, 0x8D, 0x44, 0xAA, 0xCB, 0xC5,
    0x57, 0x50, 0x98, 0xC8, 0xDC, 0x46, 0xC2, 0x48, 0x8E, 0x64, 0xC7, 0x2B, 0xA5, 0x05, 0x29, 0x45,
    0xB6, 0x21, 0x12, 0x4A, 0x9D, 0x93, 0x2E, 0x46, 0x72, 0x61, 0x8E, 0x83, 0x7C, 0x68, 0xAF, 0xB1,
    0x84, 0x52, 0x41, 0xE1, 0x22, 0xC5, 0xC5, 0x14, 0x59, 0xE9, 0x5C, 0x44, 0x51, 0x82, 0x57, 0x34,
    0x54, 0xC0, 0x36, 0x94, 0x44, 0x0B, 0x82, 0x13, 0x70, 0xA0, 0xDB, 0xC2, 0x85, 0x89, 0x92, 0x7C,
    0xDE, 0xFC, 0xE4, 0x7C, 0x51, 0xC4, 0xE9, 0xE0, 0x7B, 0x6C, 0xCF, 0xCC, 0x7F, 0x33, 0x7F, 0xFE,
    0xFC, 0x99, 0xA9, 0x21, 0x8F, 0x1B, 0x98, 0xE4, 0x6F, 0x19, 0x1E, 0xAA, 0x70, 0x75, 0x06, 0xE7,
    0x87, 0x14, 0x56, 0x9C, 0x00, 0x3F, 0xC5, 0xC0, 0xC3, 0x00, 0xF8, 0x10, 0xC0, 0x22, 0xBF, 0x65,
    0xC0, 0x1D, 0x61, 0xEA, 0x0E, 0x08, 0x87, 0x0B, 0x5B, 0x07, 0xF9, 0x0D, 0xD4, 0x5C, 0xB4, 0x3C,
    0x44, 0x53, 0x88, 0x26, 0x11, 0x95, 0xD1, 0x8E, 0xE0, 0x2B, 0x34, 0x34, 0x5E, 0x5F, 0x05, 0x3D,
    0x9E, 0x93, 0xFF, 0x04, 0x73, 0xBB, 0xCF, 0x44, 0x6E, 0x11, 0x60, 0xD6, 0xE0, 0xB3, 0xC0, 0x7D,
    0x74, 0x86, 0x59, 0xD4, 0x51, 0x83, 0x46, 0xD5, 0xF9, 0x06, 0xAD, 0xBC, 0x1B, 0xB4, 0x6A, 0x6E,
    0x50, 0xC9, 0x3C, 0x34, 0xE2, 0x3C, 0x8A, 0x78, 0x03, 0xFE, 0xA3, 0x21, 0xDE, 0x1F, 0xA8, 0x73,
    0x9B, 0x12, 0x70, 0x0F, 0xF8, 0x0B, 0xD6, 0xF7, 0xB0, 0xEF, 0xC3, 0x59, 0x52, 0x9E, 0x13, 0x4F,
    0xD9, 0xC9, 0x0C, 0xD2, 0x2A, 0xB2, 0x85, 0x70, 0xB8, 0xA9, 0x47, 0x03, 0x3D, 0xFA, 0x20, 0xEC,
    0xD7, 0x24, 0xA0, 0x74, 0xD6, 0x8A, 0xF3, 0xB6, 0xF2, 0x96, 0x02, 0xE7, 0x3E, 0xEC, 0x6F, 0x61,
    0xFD, 0x09, 0x8C, 0x80, 0x08, 0x96, 0x3E, 0xC9, 0xFF, 0xB1, 0x5D, 0x07, 0x5A, 0x22, 0x41, 0xEB,
    0xD1, 0x71, 0xEF, 0x41, 0x64, 0x44, 0x2A, 0xB9, 0x45, 0x00, 0x90, 0x08, 0xEC, 0xF1, 0x2F, 0x75,
    0x27, 0x68, 0xB9, 0x88, 0x26, 0x04, 0xB6, 0xFF, 0xD5, 0x83, 0xA8, 0x84, 0x56, 0x05, 0xF5, 0x26,
    0xF2, 0xC7, 0x02, 0xB3, 0x62, 0x26, 0xEE, 0xC4, 0xEF, 0x6D, 0xB7, 0x81, 0x7E, 0xB8, 0xAC, 0xF5,
    0x30, 0xC2, 0x32, 0x79, 0x6A, 0xA8, 0xD7, 0xA7, 0x08, 0x57, 0x99, 0xCA, 0xCC, 0xF8, 0xAE, 0xF6,
    0x7A, 0x07, 0x03, 0xF1, 0x5C, 0x35, 0x62, 0x16, 0xDE, 0x8E, 0x09, 0x98, 0x61, 0x00, 0xA7, 0xD8,
    0xD8, 0x8D, 0x5D, 0x2B, 0xE3, 0x51, 0xB6, 0xAA, 0x12, 0xD3, 0x3B, 0x3E, 0x90, 0x3B, 0x35, 0x5B,
    0x78, 0x2B, 0x5B, 0x1F, 0x08, 0x8C, 0x2F, 0xA5, 0x75, 0xB0, 0xFE, 0x65, 0xCA, 0x73, 0xA6, 0x57,
    0xDA, 0x9B, 0xFA, 0xE4, 0x55, 0xF1, 0xD3, 0xA7, 0x86, 0xFA, 0x86, 0xD6, 0x71, 0x71, 0xEB, 0x0E,
    0x33, 0x7C, 0xE3, 0x3F, 0x7F, 0xF3, 0xC1, 0x2C, 0x1A, 0xE9, 0x20, 0x6E, 0xE8, 0x74, 0x31, 0xCC,
    0x8A, 0x68, 0x7A, 0xAA, 0xE0, 0x24, 0x26, 0xD8, 0xB6, 0xA1, 0x0C, 0x36, 0x6F, 0x17, 0xF0, 0xC9,
    0x6F, 0x96, 0xD1, 0xFC, 0xB8, 0x97, 0x6D, 0x6A, 0x9E, 0xCE, 0x07, 0x9C, 0xDB, 0x01, 0xA4, 0x50,
    0xE0, 0x04, 0x98, 0x80, 0xDC, 0x80, 0x91, 0x34, 0x99, 0x31, 0x31, 0x70, 0x80, 0x29, 0xA3, 0xAB,
    0x00, 0x5D, 0x6A, 0x2B, 0x2C, 0x9E, 0x1C, 0x55, 0x2E, 0xD1, 0xB6, 0xA2, 0x51, 0xC2, 0x9C, 0xCF,
    0x5B, 0xB1, 0x15, 0x2F, 0x1C, 0x79, 0x43, 0x6F, 0xB8, 0x70, 0xF4, 0x0A, 0xF9, 0x62, 0x5C, 0x89,
    0x9A, 0xF3, 0xAD, 0x6E, 0x51, 0xF5, 0x87, 0x05, 0x63, 0x1B, 0xC9, 0x19, 0x04, 0xD3, 0x42, 0xBC,
    0xAA, 0x53, 0x17, 0xEF, 0x79, 0xF0, 0xE8, 0xE8, 0x1D, 0x38, 0x5F, 0xC0, 0xFE, 0x0D, 0xD6, 0xD0,
    0x04, 0x9B, 0xC1, 0x5F, 0xC2, 0xDD, 0x1F, 0xD1, 0xED, 0xA3, 0xDB, 0x12, 0xC6, 0x77, 0x51, 0x74,
    0x93, 0xBB, 0x47, 0x51, 0xB7, 0x5F, 0x21, 0x91, 0xF1, 0xDD, 0x24, 0x32, 0x1E, 0x9F, 0x47, 0xFB,
    0xBD, 0x6D, 0x16, 0x0E, 0x70, 0x53, 0x24, 0x3B, 0x81, 0xAB, 0xA4, 0xD0, 0x6B, 0xCC, 0x2F, 0xAC,
    0x14, 0x4E, 0x2C, 0x92, 0xDF, 0xDB, 0xD9, 0xD4, 0x67, 0xD1, 0xD5, 0x55, 0x4D, 0x5F, 0xF4, 0x91,
    0xC7, 0x3E, 0x30, 0x65, 0xFB, 0x1D, 0x1C, 0x29, 0xDB, 0x40, 0xCA, 0xD6, 0x8A, 0x59, 0xB6, 0x65,
    0x44, 0x15, 0xB4, 0x22, 0x54, 0x49, 0x64, 0x28, 0x52, 0xC9, 0x2D, 0x02, 0x1C, 0x53, 0xB6, 0x34,
    0xA1, 0xA1, 0x98, 0xB7, 0x61, 0x9F, 0xA1, 0xF8, 0x79, 0x52, 0x43, 0x56, 0x15, 0xAB, 0xE6, 0xFF,
    0x22, 0x9A, 0xD0, 0x90, 0xE6, 0x74, 0x82, 0x7C, 0x8C, 0x45, 0x46, 0x15, 0xC8, 0x9B, 0x45, 0x2F,
    0x20, 0x02, 0x8B, 0xCA, 0x94, 0xC3, 0x1E, 0x50, 0xC0, 0xE5, 0xD5, 0x46, 0x6B, 0x0F, 0x7B, 0x05,
    0x14, 0xC6, 0xCC, 0x95, 0xED, 0xA7, 0x26, 0x79, 0xA9, 0x88, 0x8B, 0x55, 0x63, 0xAD, 0xFC, 0x2B,
    0x7E, 0xAC, 0xB4, 0x82, 0x42, 0xF1, 0xEF, 0xB4, 0xE2, 0x4B, 0xCF, 0x5F, 0xE6, 0x4D, 0xE9, 0x65,
    0xD3, 0xE1, 0xF2, 0x98, 0xB9, 0x66, 0xA1, 0xF1, 0x04, 0x6B, 0x87, 0x18, 0x33, 0x5C, 0xBF, 0xBF,
    0x1B, 0x6F, 0x9C, 0x05, 0xE7, 0x78, 0x32, 0x14, 0x2F, 0x66, 0x47, 0x43, 0x4F, 0xFF, 0x6A, 0xAB,
    0x86, 0x9E, 0x0D, 0x5F, 0x66, 0x2B, 0xC5, 0x61, 0x28, 0xA0, 0xAB, 0xCC, 0x35, 0x7C, 0xE4, 0x26,
    0x75, 0xCE, 0x3C, 0x37, 0x01, 0xFD, 0x3E, 0x3D, 0x76, 0x6E, 0xA7, 0x02, 0x3F, 0xB0, 0x53, 0xDC,
    0xC2, 0x2D, 0x3B, 0xF5, 0x83, 0xD7, 0xF0, 0x6C, 0x87, 0x2D, 0xD0, 0xC5, 0xA1, 0x97, 0x78, 0xEA,
    0x10, 0x75, 0x36, 0xD0, 0xF5, 0x0E, 0xE3, 0xA0, 0x2C, 0xFA, 0x92, 0xAD, 0x50, 0xFC, 0x64, 0x04,
    0x6B, 0x74, 0x9D, 0x8C, 0x95, 0xF1, 0xBF, 0x23, 0xB2, 0xE8, 0xC7, 0xED, 0x6C, 0xDA, 0xA7, 0x86,
    0x4B, 0xED, 0x3C, 0x2E, 0x7A, 0x99, 0x2D, 0xBB, 0xDB, 0x6D, 0x33, 0x62, 0xB3, 0x19, 0x44, 0xCC,
    0xDD, 0x3C, 0xFC, 0xE3, 0xED, 0x97, 0x38, 0x46, 0xCE, 0x5B, 0x43, 0x99, 0x76, 0x9B, 0x94, 0x8E,
    0xD3, 0x67, 0xC1, 0xFA, 0x20, 0x45, 0x93, 0x7D, 0x50, 0x45, 0x52, 0xB3, 0xE2, 0xAA, 0xAD, 0xFA,
    0xB7, 0x1F, 0x8B, 0x43, 0xCF, 0x40, 0x72, 0x30, 0xC3, 0x6A, 0x6B, 0xA5, 0x6D, 0x1E, 0x37, 0x33,
    0xBF, 0x32, 0xAC, 0xB6, 0x56, 0x5C, 0x99, 0x4B, 0x98, 0x0E, 0x57, 0x38, 0x58, 0x88, 0x0F, 0x57,
    0xAF, 0x06, 0x46, 0x8D, 0x04, 0x06, 0x84, 0x66, 0xCA, 0x59, 0x83, 0x0E, 0xBC, 0xB7, 0xDB, 0x28,
    0xE5, 0x26, 0x30, 0x9F, 0x73, 0xB0, 0x96, 0xB3, 0x83, 0x81, 0xD6, 0xAA, 0x9B, 0xB3, 0x95, 0xF0,
    0xA2, 0x2B, 0xE7, 0xA6, 0x0C, 0x46, 0xB0, 0x06, 0x1F, 0x10, 0xCF, 0xAC, 0xCC, 0x73, 0x46, 0xAC,
    0xE1, 0x02, 0xCF, 0x1B, 0xAC, 0x71, 0x32, 0x88, 0xAE, 0xCC, 0x9B, 0x08, 0xE6, 0x32, 0x9E, 0xF9,
    0xC6, 0x9B, 0xEA, 0x21, 0xD6, 0x7E, 0xFE, 0x34, 0xE8, 0x2C, 0x5A, 0xAA, 0x73, 0xCB, 0x52, 0xC2,
    0x8B, 0x4E, 0xF6, 0xAE, 0xE2, 0x4B, 0xD4, 0xCD, 0x83, 0x78, 0xFB, 0xEB, 0xA0, 0x33, 0x41, 0x7C,
    0x89, 0xF8, 0xD4, 0x26, 0xDE, 0xE1, 0xCE, 0xC4, 0x18, 0x2F, 0x3D, 0xF9, 0x7C, 0x9A, 0xDB, 0xEF,
    0x6E, 0xEA, 0x21, 0x27, 0x51, 0xCD, 0x55, 0xD1, 0x3D, 0x4F, 0x0D, 0x0B, 0x16, 0xF0, 0x0F, 0x6D,
    0xD1, 0xB1, 0x4A, 0xC3, 0x40, 0x1C, 0x06, 0xF0, 0x2F, 0x17, 0xA1, 0xC2, 0xD9, 0xD4, 0x59, 0xD2,
    0x76, 0x75, 0x08, 0x74, 0xB9, 0x21, 0x83, 0xE0, 0x6D, 0x3E, 0x85, 0xF8, 0x06, 0x9A, 0xC1, 0x51,
    0x9B, 0x3C, 0x82, 0xAB, 0x2F, 0xD0, 0xF9, 0x86, 0x0E, 0x2E, 0xE2, 0x0D, 0x3E, 0xC0, 0x4D, 0x82,
    0xDB, 0x2D, 0x3A, 0x67, 0xA8, 0x50, 0xAB, 0x6D, 0xFC, 0xFE, 0x14, 0x07, 0xA9, 0x81, 0xFC, 0x21,
    0x21, 0xFC, 0xEE, 0xFB, 0xFE, 0x01, 0xEA, 0x0B, 0x0F, 0xF5, 0xF2, 0xE1, 0x91, 0x22, 0x02, 0x1A,
    0x01, 0xA8, 0xBB, 0x0D, 0x30, 0x54, 0x1E, 0xC8, 0xD3, 0x06, 0x28, 0xB6, 0xC3, 0x02, 0x65, 0x0F,
    0x80, 0xD1, 0x1C, 0x55, 0xC6, 0xE1, 0xFA, 0x1C, 0x31, 0x97, 0x51, 0x00, 0xB3, 0x4D, 0x0B, 0x4C,
    0x8F, 0xF8, 0x2D, 0x70, 0xD5, 0x20, 0x79, 0x8F, 0x48, 0xAD, 0x85, 0x7C, 0x5D, 0x77, 0x1E, 0x43,
    0x2A, 0x39, 0x91, 0x82, 0x46, 0xC1, 0x97, 0x25, 0x05, 0xD3, 0xB7, 0xA8, 0xC6, 0x1E, 0x6E, 0x04,
    0x39, 0x5C, 0xCE, 0x9E, 0xF1, 0xD4, 0xA9, 0x10, 0x98, 0x38, 0x24, 0x6F, 0x2D, 0x0D, 0x47, 0x23,
    0xA2, 0x6E, 0x03, 0x86, 0x89, 0x47, 0xCE, 0x5C, 0x92, 0x48, 0x02, 0x49, 0x1E, 0xA3, 0x0F, 0x51,
    0x0D, 0x02, 0x9C, 0xB6, 0xBB, 0x46, 0x7D, 0xB6, 0x64, 0xB9, 0xF5, 0x0D, 0xCB, 0xB9, 0xBD, 0xDF,
    0x72, 0xDD, 0x02, 0x23, 0xE5, 0xAF, 0x29, 0x35, 0x95, 0x50, 0xAD, 0x58, 0x81, 0x18, 0x75, 0xA3,
    0xD5, 0x33, 0xCB, 0xA5, 0x0B, 0xB8, 0x4C, 0x05, 0x44, 0x69, 0x18, 0xA4, 0xDC, 0xE7, 0x9C, 0xE6,
    0x24, 0x6C, 0xD1, 0x95, 0xA0, 0x97, 0x82, 0xF6, 0x05, 0xCD, 0x65, 0x63, 0x85, 0xA0, 0xA5, 0xA0,
    0x46, 0x50, 0x91, 0x99, 0x9C, 0x09, 0xA3, 0x6C, 0xEC, 0x95, 0x68, 0xF2, 0x4D, 0x94, 0x8F, 0xFF,
    0xA2, 0x8F, 0x80, 0xBA, 0x07, 0x7A, 0x8C, 0xA8, 0x99, 0xA3, 0xEE, 0xD6, 0x7F, 0x37, 0xC6, 0xBB,
    0xE4, 0xD6, 0x4C, 0xB6, 0xCF, 0xB6, 0x73, 0xB6, 0x0D, 0xBB, 0x6D, 0x79, 0x29, 0xFE, 0xB9, 0xEC,
    0x1C, 0x38, 0x3E, 0x80, 0x5A, 0x3E, 0xC5, 0xC1, 0xC3, 0x09, 0x0A, 0x94, 0x18, 0x5B, 0x03, 0x1D,
    0x2A, 0x24, 0xAD, 0xC3, 0x9D, 0x6B, 0x9B, 0x55, 0xF8, 0x6A, 0x4E, 0xED, 0x2D, 0x7E, 0x00, 0x63,
    0x60, 0x68, 0x60, 0x60, 0x60, 0x60, 0xFE, 0x00, 0x24, 0xF8, 0xFF, 0x00, 0x09, 0x0B, 0x79, 0x20,
    0xF1, 0x85, 0xF9, 0x00, 0x03, 0xF3, 0xFF, 0x8F, 0x1F, 0x18, 0xF8, 0xFF, 0xFF, 0xF8, 0xC3, 0x60,
    0xFF, 0xFF, 0xC1, 0x7F, 0x06, 0xFB, 0x3F, 0x4C, 0xFF, 0x81, 0x2A, 0xF4, 0xFF, 0x30, 0x30, 0xFF,
    0xA9, 0x07, 0xAA, 0xFE, 0xFF, 0xFF, 0x00, 0x03, 0x83, 0x9D, 0x3D, 0x50, 0x31, 0x9F, 0x0D, 0xCC,
    0x00, 0x90, 0x51, 0x00,
};

static const EpdGlyph bookerly_8_italicGlyphs[] = {
    { 0, 0, 0, 0, 0, 0, 0 }, // U+0000
    { 0, 0, 0, 0, 0, 0, 0 }, // U+0008
    { 0, 0, 57, 0, 0, 0, 0 }, // U+0009
    { 0, 0, 57, 0, 0, 0, 0 }, // U+000D
    { 0, 0, 0, 0, 0, 0, 0 }, // U+001D
    { 0, 0, 57, 0, 0, 0, 0 }, // U+0020
    { 5, 12, 81, 1, 12, 15, 0 }, // !
    { 6, 5, 100, 1, 12, 8, 15 }, // "
    { 11, 10, 166, 0, 9, 28, 23 }, // #
    { 10, 16, 150, 0, 13, 40, 51 }, // $
    { 15, 13, 258, 1, 12, 49, 91 }, // %
    { 14, 13, 241, 1, 12, 46, 140 }, // &
    { 3, 5, 54, 1, 12, 4, 186 }, // '
    { 8, 16, 105, 0, 13, 32, 190 }, // (
    { 8, 16, 105, -2, 13, 32, 222 }, // )
    { 6, 6, 101, 1, 12, 9, 254 }, // *
    { 8, 8, 166, 1, 9, 16, 263 }, // +
    { 5, 6, 81, -1, 3, 8, 279 }, // ,
    { 6, 2, 100, 0, 5, 3, 287 }, // -
    { 3, 3, 81, 1, 3, 3, 290 }, // .
    { 10, 13, 133, -1, 12, 33, 293 }, // /
    { 11, 12, 176, 0, 12, 33, 326 }, // 0
    { 8, 12, 113, -1, 12, 24, 359 }, // 1
    { 11, 12, 152, -1, 12, 33, 383 }, // 2
    { 10, 12, 142, 0, 12, 30, 416 }, // 3
    { 10, 12, 162, 0, 12, 30, 446 }, // 4
    { 10, 12, 129, 0, 12, 30, 476 }, // 5
    { 10, 12, 152, 1, 12, 30, 506 }, // 6
    { 9, 12, 142, 2, 12, 27, 536 }, // 7
    { 10, 12, 155, 0, 12, 30, 563 }, // 8
    { 11, 12, 149, -1, 12, 33, 593 }, // 9
    { 4, 9, 81, 1, 9, 9, 626 }, // :
    { 6, 12, 81, -1, 9, 18, 635 }, // ;
    { 8, 8, 166, 1, 10, 16, 653 }, // <
    { 8, 5, 166, 1, 8, 10, 669 }, // =
    { 8, 8, 166, 1, 10, 16, 679 }, // >
    { 6, 12, 111, 1, 12, 18, 695 }, // ?
    { 15, 15, 259, 1, 12, 57, 713 }, // @
    { 13, 12, 195, -1, 12, 39, 770 }, // A
    { 11, 13, 165, -1, 12, 36, 809 }, // B
    { 11, 12, 172, 0, 12, 33, 845 }, // C
    { 13, 13, 194, -1, 12, 43, 878 }, // D
    { 12, 12, 164, -1, 12, 36, 921 }, // E
    { 11, 12, 148, -1, 12, 33, 957 }, // F
    { 12, 12, 189, 0, 12, 36, 990 }, // G
    { 16, 12, 214, -1, 12, 48, 1026 }, // H
    { 8, 12, 99, -1, 12, 24, 1074 }, // I
    { 10, 15, 94, -3, 12, 38, 1098 }, // J
    { 14, 13, 187, -1, 12, 46, 1136 }, // K
    { 11, 12, 154, -1, 12, 33, 1182 }, // L
    { 17, 12, 242, -1, 12, 51, 1215 }, // M
    { 15, 12, 204, -1, 12, 45, 1266 }, // N
    { 12, 12, 197, 0, 12, 36, 1311 }, // O
    { 11, 12, 158, -1, 12, 33, 1347 }, // P
    { 15, 16, 197, 0, 12, 60, 1380 }, // Q
    { 12, 12, 173, -1, 12, 36, 1440 }, // R
    { 9, 12, 142, 0, 12, 27, 1476 }, // S
    { 11, 12, 170, 1, 12, 33, 1503 }, // T
    { 13, 12, 205, 1, 12, 39, 1536 }, // U
    { 12, 12, 189, 1, 12, 36, 1575 }, // V
    { 18, 12, 278, 1, 12, 54, 1611 }, // W
    { 15, 12, 179, -2, 12, 45, 1665 }, // X
    { 12, 12, 172, 1, 12, 36, 1710 }, // Y
    { 11, 13, 156, -1, 12, 36, 1746 }, // Z
    { 7, 16, 84, -1, 13, 28, 1782 }, // [
    { 7, 13, 133, 1, 12, 23, 1810 }, // <backslash>
    { 7, 16, 84, -1, 13, 28, 1833 }, // ]
    { 9, 8, 166, 1, 11, 18, 1861 }, // ^
    { 9, 2, 133, 0, -1, 5, 1879 }, // _
    { 4, 4, 164, 3, 14, 4, 1884 }, // `
    { 10, 9, 156, 0, 9, 23, 1888 }, // a
    { 9, 13, 148, 0, 13, 30, 1911 }, // b
    { 8, 9, 118, 0, 9, 18, 1941 }, // c
    { 10, 13, 157, 0, 13, 33, 1959 }, // d
    { 8, 9, 126, 0, 9, 18, 1992 }, // e
    { 12, 17, 110, -3, 13, 51, 2010 }, // f
    { 12, 13, 132, -2, 9, 39, 2061 }, // g
    { 10, 13, 159, 0, 13, 33, 2100 }, // h
    { 6, 14, 87, 0, 14, 21, 2133 }, // i
    { 10, 18, 76, -4, 14, 45, 2154 }, // j
    { 9, 13, 141, 0, 13, 30, 2199 }, // k
    { 5, 13, 82, 0, 13, 17, 2229 }, // l
    { 15, 9, 238, 0, 9, 34, 2246 }, // m
    { 10, 9, 164, 0, 9, 23, 2280 }, // n
    { 9, 9, 145, 0, 9, 21, 2303 }, // o
    { 11, 13, 153, -1, 9, 36, 2324 }, // p
    { 10, 13, 148, 0, 9, 33, 2360 }, // q
    { 8, 9, 114, 0, 9, 18, 2393 }, // r
    { 7, 9, 110, 0, 9, 16, 2411 }, // s
    { 7, 11, 104, 0, 11, 20, 2427 }, // t
    { 10, 9, 163, 0, 9, 23, 2447 }, // u
    { 9, 9, 138, 0, 9, 21, 2470 }, // v
    { 13, 9, 206, 0, 9, 30, 2491 }, // w
    { 11, 9, 149, -1, 9, 25, 2521 }, // x
    { 11, 13, 143, -2, 9, 36, 2546 }, // y
    { 8, 9, 126, 0, 9, 18, 2582 }, // z
    { 7, 16, 105, 1, 13, 28, 2600 }, // {
    { 5, 16, 77, 0, 13, 20, 2628 }, // |
    { 7, 16, 105, -1, 13, 28, 2648 }, // }
    { 9, 3, 166, 1, 7, 7, 2676 }, // ~
    { 0, 0, 57, 0, 0, 0, 0 }, // U+00A0
    { 6, 13, 81, -1, 9, 20, 0 }, // U+00A1
    { 8, 16, 148, 1, 13, 32, 20 }, // U+00A2
    { 11, 11, 163, 0, 11, 31, 52 }, // U+00A3
    { 11, 9, 158, 0, 9, 25, 83 }, // U+00A4
    { 11, 11, 160, 1, 11, 31, 108 }, // U+00A5
    { 5, 16, 77, 0, 13, 20, 139 }, // U+00A6
    { 8, 13, 132, 0, 12, 26, 159 }, // U+00A7
    { 6, 3, 164, 2, 14, 5, 185 }, // U+00A8
    { 13, 12, 209, 0, 12, 39, 190 }, // U+00A9
    { 7, 8, 115, 0, 12, 14, 229 }, // U+00AA
    { 9, 6, 137, 0, 7, 14, 243 }, // U+00AB
    { 8, 4, 166, 1, 8, 8, 257 }, // U+00AC
    { 6, 2, 100, 0, 5, 3, 265 }, // U+00AD
    { 10, 9, 155, 0, 13, 23, 268 }, // U+00AE
    { 6, 2, 164, 2, 13, 3, 291 }, // U+00AF
    { 7, 5, 141, 1, 12, 9, 294 }, // U+00B0
    { 8, 11, 166, 1, 10, 22, 303 }, // U+00B1
    { 7, 7, 119, 0, 14, 13, 325 }, // U+00B2
    { 7, 7, 119, 0, 14, 13, 338 }, // U+00B3
    { 4, 4, 164, 3, 14, 4, 351 }, // U+00B4
    { 11, 13, 159, -1, 9, 36, 355 }, // U+00B5
    { 12, 14, 157, -1, 12, 42, 391 }, // U+00B6
    { 3, 3, 81, 1, 7, 3, 433 }, // U+00B7
    { 4, 3, 164, 3, -1, 3, 436 }, // U+00B8
    { 5, 7, 119, 1, 14, 9, 439 }, // U+00B9
    { 7, 8, 118, 0, 12, 14, 448 }, // U+00BA
    { 9, 6, 137, 0, 7, 14, 462 }, // U+00BB
    { 17, 13, 287, 1, 12, 56, 476 }, // U+00BC
    { 17, 13, 287, 1, 12, 56, 532 }, // U+00BD
    { 18, 13, 287, 0, 12, 59, 588 }, // U+00BE
    { 6, 12, 111, 0, 9, 18, 647 }, // U+00BF
    { 13, 16, 195, -1, 16, 52, 665 }, // U+00C0
    { 13, 16, 195, -1, 16, 52, 717 }, // U+00C1
    { 13, 16, 195, -1, 16, 52, 769 }, // U+00C2
    { 13, 16, 195, -1, 16, 52, 821 }, // U+00C3
    { 13, 16, 195, -1, 16, 52, 873 }, // U+00C4
    { 13, 17, 195, -1, 17, 56, 925 }, // U+00C5
    { 18, 12, 240, -2, 12, 54, 981 }, // U+00C6
    { 11, 16, 172, 0, 12, 44, 1035 }, // U+00C7
    { 12, 16, 164, -1, 16, 48, 1079 }, // U+00C8
    { 12, 16, 164, -1, 16, 48, 1127 }, // U+00C9
    { 12, 16, 164, -1, 16, 48, 1175 }, // U+00CA
    { 12, 16, 164, -1, 16, 48, 1223 }, // U+00CB
    { 8, 16, 99, -1, 16, 32, 1271 }, // U+00CC
    { 9, 16, 99, -1, 16, 36, 1303 }, // U+00CD
    { 9, 16, 99, -1, 16, 36, 1339 }, // U+00CE
    { 9, 16, 99, -1, 16, 36, 1375 }, // U+00CF
    { 13, 12, 194, -1, 12, 39, 1411 }, // U+00D0
    { 15, 16, 204, -1, 16, 60, 1450 }, // U+00D1
    { 12, 16, 197, 0, 16, 48, 1510 }, // U+00D2
    { 12, 16, 197, 0, 16, 48, 1558 }, // U+00D3
    { 12, 16, 197, 0, 16, 48, 1606 }, // U+00D4
    { 12, 16, 197, 0, 16, 48, 1654 }, // U+00D5
    { 12, 16, 197, 0, 16, 48, 1702 }, // U+00D6
    { 7, 7, 166, 2, 9, 13, 1750 }, // U+00D7
    { 14, 12, 197, -1, 12, 42, 1763 }, // U+00D8
    { 13, 16, 205, 1, 16, 52, 1805 }, // U+00D9
    { 13, 16, 205, 1, 16, 52, 1857 }, // U+00DA
    { 13, 16, 205, 1, 16, 52, 1909 }, // U+00DB
    { 13, 16, 205, 1, 16, 52, 1961 }, // U+00DC
    { 12, 16, 172, 1, 16, 48, 2013 }, // U+00DD
    { 11, 12, 158, -1, 12, 33, 2061 }, // U+00DE
    { 14, 17, 171, -3, 13, 60, 2094 }, // U+00DF
    { 10, 14, 156, 0, 14, 35, 2154 }, // U+00E0
    { 10, 14, 156, 0, 14, 35, 2189 }, // U+00E1
    { 10, 14, 156, 0, 14, 35, 2224 }, // U+00E2
    { 10, 14, 156, 0, 14, 35, 2259 }, // U+00E3
    { 10, 14, 156, 0, 14, 35, 2294 }, // U+00E4
    { 10, 14, 156, 0, 14, 35, 2329 }, // U+00E5
    { 13, 9, 206, 0, 9, 30, 2364 }, // U+00E6
    { 8, 13, 118, 0, 9, 26, 2394 }, // U+00E7
    { 8, 14, 126, 0, 14, 28, 2420 }, // U+00E8
    { 8, 14, 126, 0, 14, 28, 2448 }, // U+00E9
    { 8, 14, 126, 0, 14, 28, 2476 }, // U+00EA
    { 9, 14, 126, 0, 14, 32, 2504 }, // U+00EB
    { 5, 14, 88, 0, 14, 18, 2536 }, // U+00EC
    { 7, 14, 88, 0, 14, 25, 2554 }, // U+00ED
    { 7, 14, 88, 0, 14, 25, 2579 }, // U+00EE
    { 7, 14, 88, 0, 14, 25, 2604 }, // U+00EF
    { 9, 13, 145, 0, 13, 30, 2629 }, // U+00F0
    { 10, 14, 164, 0, 14, 35, 2659 }, // U+00F1
    { 9, 14, 145, 0, 14, 32, 2694 }, // U+00F2
    { 9, 14, 145, 0, 14, 32, 2726 }, // U+00F3
    { 9, 14, 145, 0, 14, 32, 2758 }, // U+00F4
    { 9, 14, 145, 0, 14, 32, 2790 }, // U+00F5
    { 10, 14, 145, 0, 14, 35, 2822 }, // U+00F6
    { 8, 8, 166, 1, 9, 16, 2857 }, // U+00F7
    { 11, 9, 145, -1, 9, 25, 2873 }, // U+00F8
    { 10, 14, 163, 0, 14, 35, 2898 }, // U+00F9
    { 10, 14, 163, 0, 14, 35, 2933 }, // U+00FA
    { 10, 14, 163, 0, 14, 35, 2968 }, // U+00FB
    { 10, 14, 163, 0, 14, 35, 3003 }, // U+00FC
    { 11, 18, 143, -2, 14, 50, 3038 }, // U+00FD
    { 11, 17, 148, -2, 13, 47, 3088 }, // U+00FE
    { 11, 18, 143, -2, 14, 50, 3135 }, // U+00FF
    { 13, 15, 195, -1, 15, 49, 0 }, // U+0100
    { 10, 13, 156, 0, 13, 33, 49 }, // U+0101
    { 13, 16, 195, -1, 16, 52, 82 }, // U+0102
    { 10, 13, 156, 0, 13, 33, 134 }, // U+0103
    { 13, 16, 195, -1, 12, 52, 167 }, // U+0104
    { 10, 13, 156, 0, 9, 33, 219 }, // U+0105
    { 11, 16, 172, 0, 16, 44, 252 }, // U+0106
    { 8, 14, 118, 0, 14, 28, 296 }, // U+0107
    { 11, 16, 172, 0, 16, 44, 324 }, // U+0108
    { 8, 14, 118, 0, 14, 28, 368 }, // U+0109
    { 11, 16, 172, 0, 16, 44, 396 }, // U+010A
    { 8, 14, 118, 0, 14, 28, 440 }, // U+010B
    { 12, 16, 172, 0, 16, 48, 468 }, // U+010C
    { 9, 14, 118, 0, 14, 32, 516 }, // U+010D
    { 13, 17, 194, -1, 16, 56, 548 }, // U+010E
    { 13, 14, 163, 0, 14, 46, 604 }, // U+010F
    { 13, 12, 194, -1, 12, 39, 650 }, // U+0110
    { 11, 13, 157, 0, 13, 36, 689 }, // U+0111
    { 12, 15, 164, -1, 15, 45, 725 }, // U+0112
    { 9, 13, 126, 0, 13, 30, 770 }, // U+0113
    { 12, 16, 164, -1, 16, 48, 800 }, // U+0114
    { 9, 13, 126, 0, 13, 30, 848 }, // U+0115
    { 12, 16, 164, -1, 16, 48, 878 }, // U+0116
    { 8, 14, 126, 0, 14, 28, 926 }, // U+0117
    { 12, 16, 164, -1, 12, 48, 954 }, // U+0118
    { 8, 13, 126, 0, 9, 26, 1002 }, // U+0119
    { 12, 16, 164, -1, 16, 48, 1028 }, // U+011A
    { 9, 14, 126, 0, 14, 32, 1076 }, // U+011B
    { 11, 16, 189, 1, 16, 44, 1108 }, // U+011C
    { 12, 18, 132, -2, 14, 54, 1152 }, // U+011D
    { 11, 16, 189, 1, 16, 44, 1206 }, // U+011E
    { 12, 17, 132, -2, 13, 51, 1250 }, // U+011F
    { 11, 16, 189, 1, 16, 44, 1301 }, // U+0120
    { 12, 18, 132, -2, 14, 54, 1345 }, // U+0121
    { 11, 17, 189, 1, 12, 47, 1399 }, // U+0122
    { 12, 19, 132, -2, 15, 57, 1446 }, // U+0123
    { 16, 16, 214, -1, 16, 64, 1503 }, // U+0124
    { 10, 17, 159, 0, 17, 43, 1567 }, // U+0125
    { 16, 12, 214, -1, 12, 48, 1610 }, // U+0126
    { 10, 13, 159, 0, 13, 33, 1658 }, // U+0127
    { 9, 16, 99, -1, 16, 36, 1691 }, // U+0128
    { 7, 14, 88, 0, 14, 25, 1727 }, // U+0129
    { 9, 15, 99, -1, 15, 34, 1752 }, // U+012A
    { 7, 13, 88, 0, 13, 23, 1786 }, // U+012B
    { 9, 16, 99, -1, 16, 36, 1809 }, // U+012C
    { 7, 13, 88, 0, 13, 23, 1845 }, // U+012D
    { 8, 16, 99, -1, 12, 32, 1868 }, // U+012E
    { 6, 18, 87, 0, 14, 27, 1900 }, // U+012F
    { 8, 16, 99, -1, 16, 32, 1927 }, // U+0130
    { 5, 9, 87, 0, 9, 12, 1959 }, // U+0131
    { 15, 15, 194, -1, 12, 57, 1971 }, // U+0132
    { 11, 18, 163, 0, 14, 50, 2028 }, // U+0133
    { 11, 19, 94, -3, 16, 53, 2078 }, // U+0134
    { 11, 18, 77, -4, 14, 50, 2131 }, // U+0135
    { 14, 17, 187, -1, 12, 60, 2181 }, // U+0136
    { 9, 18, 141, 0, 13, 41, 2241 }, // U+0137
    { 9, 9, 145, 0, 9, 21, 2282 }, // U+0138
    { 11, 16, 154, -1, 16, 44, 2303 }, // U+0139
    { 7, 17, 82, 0, 17, 30, 2347 }, // U+013A
    { 11, 17, 154, -1, 12, 47, 2377 }, // U+013B
    { 6, 18, 82, -1, 13, 27, 2424 }, // U+013C
    { 11, 13, 154, -1, 13, 36, 2451 }, // U+013D
    { 8, 14, 90, 0, 14, 28, 2487 }, // U+013E
    { 11, 12, 156, -1, 12, 33, 2515 }, // U+013F
    { 8, 13, 109, 0, 13, 26, 2548 }, // U+0140
    { 11, 12, 154, -1, 12, 33, 2574 }, // U+0141
    { 7, 13, 82, -1, 13, 23, 2607 }, // U+0142
    { 15, 16, 204, -1, 16, 60, 2630 }, // U+0143
    { 10, 14, 164, 0, 14, 35, 2690 }, // U+0144
    { 15, 17, 204, -1, 12, 64, 2725 }, // U+0145
    { 10, 14, 164, 0, 9, 35, 2789 }, // U+0146
    { 15, 16, 204, -1, 16, 60, 2824 }, // U+0147
    { 10, 14, 164, 0, 14, 35, 2884 }, // U+0148
    { 13, 13, 220, 1, 13, 43, 2919 }, // U+0149
    { 15, 15, 204, -1, 12, 57, 2962 }, // U+014A
    { 10, 13, 155, 0, 9, 33, 3019 }, // U+014B
    { 12, 15, 197, 0, 15, 45, 3052 }, // U+014C
    { 9, 13, 145, 0, 13, 30, 3097 }, // U+014D
    { 12, 16, 197, 0, 16, 48, 3127 }, // U+014E
    { 10, 13, 145, 0, 13, 33, 3175 }, // U+014F
    { 13, 17, 197, 0, 17, 56, 3208 }, // U+0150
    { 10, 14, 145, 0, 14, 35, 3264 }, // U+0151
    { 17, 12, 258, 0, 12, 51, 3299 }, // U+0152
    { 14, 9, 218, 0, 9, 32, 3350 }, // U+0153
    { 12, 16, 173, -1, 16, 48, 3382 }, // U+0154
    { 8, 14, 114, 0, 14, 28, 3430 }, // U+0155
    { 12, 17, 173, -1, 12, 51, 3458 }, // U+0156
    { 9, 14, 114, -1, 9, 32, 3509 }, // U+0157
    { 12, 16, 173, -1, 16, 48, 3541 }, // U+0158
    { 9, 14, 114, 0, 14, 32, 3589 }, // U+0159
    { 9, 16, 142, 0, 16, 36, 3621 }, // U+015A
    { 8, 14, 110, 0, 14, 28, 3657 }, // U+015B
    { 9, 16, 142, 0, 16, 36, 3685 }, // U+015C
    { 8, 14, 110, 0, 14, 28, 3721 }, // U+015D
    { 9, 16, 142, 0, 12, 36, 3749 }, // U+015E
    { 7, 13, 110, 0, 9, 23, 3785 }, // U+015F
    { 10, 16, 142, 0, 16, 40, 3808 }, // U+0160
    { 8, 14, 110, 0, 14, 28, 3848 }, // U+0161
    { 11, 16, 170, 1, 12, 44, 3876 }, // U+0162
    { 7, 15, 104, 0, 11, 27, 3920 }, // U+0163
    { 11, 16, 170, 1, 16, 44, 3947 }, // U+0164
    { 8, 13, 104, 0, 13, 26, 3991 }, // U+0165
    { 11, 12, 170, 1, 12, 33, 4017 }, // U+0166
    { 7, 11, 104, 0, 11, 20, 4050 }, // U+0167
    { 13, 16, 205, 1, 16, 52, 4070 }, // U+0168
    { 10, 14, 163, 0, 14, 35, 4122 }, // U+0169
    { 13, 15, 205, 1, 15, 49, 4157 }, // U+016A
    { 10, 13, 163, 0, 13, 33, 4206 }, // U+016B
    { 13, 16, 205, 1, 16, 52, 4239 }, // U+016C
    { 10, 13, 163, 0, 13, 33, 4291 }, // U+016D
    { 13, 17, 205, 1, 17, 56, 4324 }, // U+016E
    { 10, 14, 163, 0, 14, 35, 4380 }, // U+016F
    { 13, 17, 205, 1, 17, 56, 4415 }, // U+0170
    { 10, 14, 163, 0, 14, 35, 4471 }, // U+0171
    { 13, 16, 205, 1, 12, 52, 4506 }, // U+0172
    { 10, 13, 163, 0, 9, 33, 4558 }, // U+0173
    { 18, 16, 278, 1, 16, 72, 4591 }, // U+0174
    { 13, 14, 206, 0, 14, 46, 4663 }, // U+0175
    { 12, 16, 172, 1, 16, 48, 4709 }, // U+0176
    { 11, 18, 143, -2, 14, 50, 4757 }, // U+0177
    { 12, 16, 172, 1, 16, 48, 4807 }, // U+0178
    { 11, 17, 156, -1, 16, 47, 4855 }, // U+0179
    { 8, 14, 126, 0, 14, 28, 4902 }, // U+017A
    { 11, 17, 156, -1, 16, 47, 4930 }, // U+017B
    { 8, 14, 126, 0, 14, 28, 4977 }, // U+017C
    { 11, 17, 156, -1, 16, 47, 5005 }, // U+017D
    { 9, 14, 126, 0, 14, 32, 5052 }, // U+017E
    { 12, 17, 110, -3, 13, 51, 5084 }, // U+017F
    { 24, 17, 361, -1, 16, 102, 0 }, // U+01C4
    { 22, 15, 329, -1, 14, 83, 102 }, // U+01C5
    { 19, 14, 296, 0, 14, 67, 185 }, // U+01C6
    { 18, 15, 250, -1, 12, 68, 252 }, // U+01C7
    { 16, 18, 228, -1, 14, 72, 320 }, // U+01C8
    { 11, 18, 158, 0, 14, 50, 392 }, // U+01C9
    { 21, 15, 299, -1, 12, 79, 442 }, // U+01CA
    { 20, 18, 281, -1, 14, 90, 521 }, // U+01CB
    { 16, 18, 241, 0, 14, 72, 611 }, // U+01CC
    { 13, 16, 195, -1, 16, 52, 683 }, // U+01CD
    { 10, 14, 156, 0, 14, 35, 735 }, // U+01CE
    { 10, 16, 99, -1, 16, 40, 770 }, // U+01CF
    { 8, 14, 88, 0, 14, 28, 810 }, // U+01D0
    { 12, 16, 197, 0, 16, 48, 838 }, // U+01D1
    { 10, 14, 145, 0, 14, 35, 886 }, // U+01D2
    { 13, 16, 205, 1, 16, 52, 921 }, // U+01D3
    { 10, 14, 163, 0, 14, 35, 973 }, // U+01D4
    { 13, 18, 205, 1, 18, 59, 1008 }, // U+01D5
    { 10, 17, 163, 0, 17, 43, 1067 }, // U+01D6
    { 13, 19, 205, 1, 19, 62, 1110 }, // U+01D7
    { 10, 18, 163, 0, 18, 45, 1172 }, // U+01D8
    { 13, 19, 205, 1, 19, 62, 1217 }, // U+01D9
    { 10, 17, 163, 0, 17, 43, 1279 }, // U+01DA
    { 13, 19, 205, 1, 19, 62, 1322 }, // U+01DB
    { 10, 18, 163, 0, 18, 45, 1384 }, // U+01DC
    { 8, 9, 128, 0, 9, 18, 1429 }, // U+01DD
    { 13, 18, 195, -1, 18, 59, 1447 }, // U+01DE
    { 10, 17, 156, 0, 17, 43, 1506 }, // U+01DF
    { 13, 18, 195, -1, 18, 59, 1549 }, // U+01E0
    { 10, 16, 156, 0, 16, 40, 1608 }, // U+01E1
    { 18, 15, 240, -2, 15, 68, 1648 }, // U+01E2
    { 13, 13, 206, 0, 13, 43, 1716 }, // U+01E3
    { 12, 12, 189, 0, 12, 36, 1759 }, // U+01E4
    { 13, 13, 132, -3, 9, 43, 1795 }, // U+01E5
    { 11, 16, 189, 1, 16, 44, 1838 }, // U+01E6
    { 12, 18, 132, -2, 14, 54, 1882 }, // U+01E7
    { 14, 17, 187, -1, 16, 60, 1936 }, // U+01E8
    { 9, 17, 141, 0, 17, 39, 1996 }, // U+01E9
    { 12, 16, 197, 0, 12, 48, 2035 }, // U+01EA
    { 9, 13, 145, 0, 9, 30, 2083 }, // U+01EB
    { 12, 19, 197, 0, 15, 57, 2113 }, // U+01EC
    { 9, 17, 145, 0, 13, 39, 2170 }, // U+01ED
    { 11, 16, 153, -1, 16, 44, 2209 }, // U+01EE
    { 10, 18, 137, -1, 14, 45, 2253 }, // U+01EF
    { 12, 18, 77, -4, 14, 54, 2298 }, // U+01F0
    { 24, 13, 352, -1, 12, 78, 2352 }, // U+01F1
    { 22, 13, 320, -1, 12, 72, 2430 }, // U+01F2
    { 18, 13, 282, 0, 13, 59, 2502 }, // U+01F3
    { 11, 16, 189, 1, 16, 44, 2561 }, // U+01F4
    { 12, 18, 132, -2, 14, 54, 2605 }, // U+01F5
    { 15, 16, 204, -1, 16, 60, 2659 }, // U+01F8
    { 10, 14, 164, 0, 14, 35, 2719 }, // U+01F9
    { 13, 18, 195, -1, 18, 59, 2754 }, // U+01FA
    { 10, 17, 156, 0, 17, 43, 2813 }, // U+01FB
    { 18, 16, 240, -2, 16, 72, 2856 }, // U+01FC
    { 13, 14, 206, 0, 14, 46, 2928 }, // U+01FD
    { 14, 16, 208, -1, 16, 56, 2974 }, // U+01FE
    { 11, 14, 145, -1, 14, 39, 3030 }, // U+01FF
    { 13, 16, 195, -1, 16, 52, 3069 }, // U+0200
    { 10, 14, 156, 0, 14, 35, 3121 }, // U+0201
    { 13, 16, 195, -1, 16, 52, 3156 }, // U+0202
    { 10, 13, 156, 0, 13, 33, 3208 }, // U+0203
    { 12, 16, 164, -1, 16, 48, 3241 }, // U+0204
    { 8, 14, 126, 0, 14, 28, 3289 }, // U+0205
    { 12, 16, 164, -1, 16, 48, 3317 }, // U+0206
    { 9, 13, 126, 0, 13, 30, 3365 }, // U+0207
    { 8, 16, 99, -1, 16, 32, 3395 }, // U+0208
    { 6, 14, 88, 0, 14, 21, 3427 }, // U+0209
    { 9, 16, 99, -1, 16, 36, 3448 }, // U+020A
    { 7, 13, 88, 0, 13, 23, 3484 }, // U+020B
    { 12, 16, 197, 0, 16, 48, 3507 }, // U+020C
    { 9, 14, 145, 0, 14, 32, 3555 }, // U+020D
    { 12, 16, 197, 0, 16, 48, 3587 }, // U+020E
    { 9, 13, 145, 0, 13, 30, 3635 }, // U+020F
    { 12, 16, 173, -1, 16, 48, 3665 }, // U+0210
    { 8, 14, 114, 0, 14, 28, 3713 }, // U+0211
    { 12, 16, 173, -1, 16, 48, 3741 }, // U+0212
    { 8, 13, 114, 0, 13, 26, 3789 }, // U+0213
    { 13, 16, 205, 1, 16, 52, 3815 }, // U+0214
    { 10, 14, 163, 0, 14, 35, 3867 }, // U+0215
    { 13, 16, 205, 1, 16, 52, 3902 }, // U+0216
    { 10, 13, 163, 0, 13, 33, 3954 }, // U+0217
    { 9, 17, 142, 0, 12, 39, 3987 }, // U+0218
    { 7, 14, 110, 0, 9, 25, 4026 }, // U+0219
    { 11, 17, 170, 1, 12, 47, 4051 }, // U+021A
    { 7, 16, 104, 0, 11, 28, 4098 }, // U+021B
    { 10, 14, 152, -1, 12, 35, 4126 }, // U+021C
    { 9, 13, 126, -1, 9, 30, 4161 }, // U+021D
    { 16, 16, 214, -1, 16, 64, 4191 }, // U+021E
    { 10, 17, 159, 0, 17, 43, 4255 }, // U+021F
    { 4, 4, 0, -3, 14, 4, 0 }, // U+0300
    { 4, 4, 0, -1, 14, 4, 4 }, // U+0301
    { 6, 4, 0, -3, 14, 6, 8 }, // U+0302
    { 6, 3, 0, -3, 14, 5, 14 }, // U+0303
    { 6, 2, 0, -3, 13, 3, 19 }, // U+0304
    { 6, 3, 0, -3, 13, 5, 22 }, // U+0306
    { 4, 3, 0, -2, 14, 3, 27 }, // U+0307
    { 6, 3, 0, -3, 14, 5, 30 }, // U+0308
    { 5, 5, 0, -2, 15, 7, 35 }, // U+0309
    { 6, 4, 0, -3, 14, 6, 42 }, // U+030A
    { 7, 4, 0, -3, 14, 7, 48 }, // U+030B
    { 6, 4, 0, -3, 14, 6, 55 }, // U+030C
    { 6, 4, 0, -4, 14, 6, 61 }, // U+030F
    { 6, 3, 0, -3, 13, 5, 67 }, // U+0311
    { 4, 5, 0, -2, 15, 5, 72 }, // U+0312
    { 4, 5, 0, -2, 15, 5, 77 }, // U+0313
    { 3, 4, 0, -2, 14, 3, 82 }, // U+0314
    { 3, 5, 0, -2, 14, 4, 85 }, // U+0315
    { 4, 4, 0, -2, 11, 4, 89 }, // U+031B
    { 4, 3, 0, -2, -1, 3, 93 }, // U+0323
    { 6, 3, 0, -3, -2, 5, 96 }, // U+0324
    { 4, 4, 0, -2, -1, 4, 101 }, // U+0325
    { 4, 4, 0, -2, -1, 4, 105 }, // U+0326
    { 4, 3, 0, -2, -1, 3, 109 }, // U+0327
    { 4, 5, 0, -2, 1, 5, 112 }, // U+0328
    { 4, 3, 72, -1, -1, 3, 117 }, // U+0329
    { 7, 4, 0, -4, 0, 7, 120 }, // U+032D
    { 6, 3, 0, -3, -1, 5, 127 }, // U+032E
    { 6, 3, 0, -3, -1, 5, 132 }, // U+0330
    { 6, 2, 0, -3, -2, 3, 137 }, // U+0331
    { 6, 3, 0, -3, 13, 5, 140 }, // U+0342
    { 7, 7, 0, -4, 18, 13, 145 }, // U+0344
    { 3, 3, 0, -1, -1, 3, 158 }, // U+0345
    { 0, 0, 133, 0, 0, 0, 0 }, // U+2000
    { 0, 0, 267, 0, 0, 0, 0 }, // U+2001
    { 0, 0, 133, 0, 0, 0, 0 }, // U+2002
    { 0, 0, 267, 0, 0, 0, 0 }, // U+2003
    { 0, 0, 89, 0, 0, 0, 0 }, // U+2004
    { 0, 0, 67, 0, 0, 0, 0 }, // U+2005
    { 0, 0, 44, 0, 0, 0, 0 }, // U+2006
    { 0, 0, 166, 0, 0, 0, 0 }, // U+2007
    { 0, 0, 73, 0, 0, 0, 0 }, // U+2008
    { 0, 0, 53, 0, 0, 0, 0 }, // U+2009
    { 0, 0, 13, 0, 0, 0, 0 }, // U+200A
    { 0, 0, 0, 0, 0, 0, 0 }, // U+200B
    { 2, 14, 0, -1, 10, 7, 0 }, // U+200C
    { 4, 15, 0, -2, 11, 15, 7 }, // U+200D
    { 6, 16, 0, -3, 12, 24, 22 }, // U+200E
    { 6, 16, 0, -3, 12, 24, 46 }, // U+200F
    { 6, 2, 100, 0, 5, 3, 70 }, // U+2010
    { 6, 2, 100, 0, 5, 3, 73 }, // U+2011
    { 9, 2, 166, 1, 6, 5, 76 }, // U+2012
    { 9, 2, 133, 0, 5, 5, 81 }, // U+2013
    { 17, 2, 267, 0, 5, 9, 86 }, // U+2014
    { 17, 2, 267, 0, 5, 9, 95 }, // U+2015
    { 6, 17, 133, 1, 13, 26, 104 }, // U+2016
    { 9, 4, 133, 0, -1, 9, 130 }, // U+2017
    { 4, 5, 80, 1, 13, 5, 139 }, // U+2018
    { 4, 5, 80, 1, 13, 5, 144 }, // U+2019
    { 4, 5, 80, 0, 2, 5, 149 }, // U+201A
    { 4, 5, 63, 0, 13, 5, 154 }, // U+201B
    { 8, 5, 134, 1, 13, 10, 159 }, // U+201C
    { 7, 5, 134, 1, 13, 9, 169 }, // U+201D
    { 8, 5, 134, 0, 2, 10, 178 }, // U+201E
    { 7, 5, 117, 0, 13, 9, 188 }, // U+201F
    { 8, 11, 125, 0, 12, 22, 197 }, // U+2020
    { 8, 13, 125, 0, 12, 26, 219 }, // U+2021
    { 5, 4, 80, 0, 6, 5, 245 }, // U+2022
    { 7, 6, 166, 2, 9, 11, 250 }, // U+2023
    { 3, 3, 73, 1, 2, 3, 261 }, // U+2024
    { 8, 3, 133, 0, 3, 6, 264 }, // U+2025
    { 15, 3, 267, 1, 3, 12, 270 }, // U+2026
    { 3, 3, 73, 1, 6, 3, 282 }, // U+2027
    { 0, 0, 0, 0, 0, 0, 285 }, // U+2028
    { 0, 0, 0, 0, 0, 0, 285 }, // U+2029
    { 6, 16, 0, -3, 12, 24, 285 }, // U+202A
    { 6, 16, 0, -3, 12, 24, 309 }, // U+202B
    { 6, 16, 0, -3, 12, 24, 333 }, // U+202C
    { 8, 16, 0, -4, 12, 32, 357 }, // U+202D
    { 8, 16, 0, -4, 12, 32, 389 }, // U+202E
    { 0, 0, 29, 0, 0, 0, 421 }, // U+202F
    { 22, 13, 364, 1, 12, 72, 421 }, // U+2030
    { 4, 5, 70, 0, 12, 5, 493 }, // U+2032
    { 8, 5, 122, 0, 12, 10, 498 }, // U+2033
    { 11, 5, 174, 0, 12, 14, 508 }, // U+2034
    { 4, 5, 70, 0, 12, 5, 522 }, // U+2035
    { 8, 5, 128, 0, 12, 10, 527 }, // U+2036
    { 12, 5, 186, 0, 12, 15, 537 }, // U+2037
    { 8, 3, 133, 0, 0, 6, 552 }, // U+2038
    { 6, 6, 84, 0, 7, 9, 558 }, // U+2039
    { 5, 6, 84, 0, 7, 8, 567 }, // U+203A
    { 11, 11, 166, 0, 11, 31, 575 }, // U+203B
    { 9, 12, 154, 1, 12, 27, 606 }, // U+203C
    { 9, 2, 133, 0, 14, 5, 633 }, // U+203E
    { 5, 2, 80, 0, 5, 3, 638 }, // U+2043
    { 12, 13, 63, -4, 12, 39, 641 }, // U+2044
    { 13, 12, 217, 1, 12, 39, 680 }, // U+2047
    { 12, 12, 186, 1, 12, 36, 719 }, // U+2048
    { 11, 12, 192, 1, 12, 33, 755 }, // U+2049
    { 10, 4, 267, 3, 7, 10, 788 }, // U+2053
    { 14, 5, 226, 0, 12, 18, 798 }, // U+2057
    { 0, 0, 59, 0, 0, 0, 816 }, // U+205F
    { 0, 0, 0, 0, 0, 0, 816 }, // U+2060
    { 0, 0, 0, 0, 0, 0, 816 }, // U+2061
    { 0, 0, 0, 0, 0, 0, 816 }, // U+2062
    { 0, 0, 0, 0, 0, 0, 816 }, // U+2063
    { 0, 0, 0, 0, 0, 0, 816 }, // U+2064
    { 7, 7, 119, 0, 14, 13, 0 }, // U+2070
    { 7, 7, 119, 0, 14, 13, 13 }, // U+2074
    { 7, 7, 119, 0, 14, 13, 26 }, // U+2075
    { 7, 7, 119, 1, 14, 13, 39 }, // U+2076
    { 7, 7, 119, 1, 14, 13, 52 }, // U+2077
    { 7, 7, 119, 0, 14, 13, 65 }, // U+2078
    { 7, 7, 119, 0, 14, 13, 78 }, // U+2079
    { 6, 6, 151, 2, 12, 9, 91 }, // U+207F
    { 7, 7, 119, 0, 5, 13, 100 }, // U+2080
    { 5, 7, 119, 1, 5, 9, 113 }, // U+2081
    { 7, 7, 119, 0, 5, 13, 122 }, // U+2082
    { 7, 7, 119, 0, 5, 13, 135 }, // U+2083
    { 7, 7, 119, 0, 5, 13, 148 }, // U+2084
    { 7, 7, 119, 0, 5, 13, 161 }, // U+2085
    { 7, 7, 119, 1, 5, 13, 174 }, // U+2086
    { 7, 7, 119, 1, 5, 13, 187 }, // U+2087
    { 7, 7, 119, 0, 5, 13, 200 }, // U+2088
    { 7, 7, 119, 0, 5, 13, 213 }, // U+2089
    { 11, 11, 155, 0, 11, 31, 0 }, // U+20A3
    { 11, 11, 163, 0, 11, 31, 31 }, // U+20A4
    { 21, 11, 332, 0, 11, 58, 62 }, // U+20A7
    { 11, 11, 166, 0, 11, 31, 120 }, // U+20AC
    { 11, 7, 267, 3, 9, 20, 0 }, // U+2190
    { 7, 11, 267, 5, 12, 20, 20 }, // U+2191
    { 11, 7, 267, 3, 9, 20, 40 }, // U+2192
    { 7, 11, 267, 5, 12, 20, 60 }, // U+2193
    { 11, 7, 267, 3, 9, 20, 80 }, // U+2194
    { 7, 11, 267, 5, 12, 20, 100 }, // U+2195
    { 7, 11, 267, 5, 12, 20, 120 }, // U+21A8
    { 7, 11, 267, 5, 12, 20, 140 }, // U+21B2
    { 7, 11, 267, 5, 12, 20, 160 }, // U+21B3
    { 9, 8, 267, 4, 10, 18, 180 }, // U+21B5
    { 11, 7, 267, 3, 9, 20, 198 }, // U+21D0
    { 9, 10, 267, 4, 11, 23, 218 }, // U+21D1
    { 11, 7, 267, 3, 9, 20, 241 }, // U+21D2
    { 9, 10, 267, 4, 11, 23, 261 }, // U+21D3
    { 11, 7, 267, 3, 9, 20, 284 }, // U+21D4
    { 13, 12, 267, 2, 12, 39, 0 }, // U+2200
    { 9, 13, 166, 1, 13, 30, 39 }, // U+2202
    { 9, 12, 267, 4, 12, 27, 69 }, // U+2203
    { 13, 14, 267, 2, 13, 46, 96 }, // U+2205
    { 11, 12, 176, 0, 12, 33, 142 }, // U+2206
    { 11, 12, 267, 3, 12, 33, 175 }, // U+2207
    { 11, 12, 267, 3, 12, 33, 208 }, // U+2208
    { 11, 14, 267, 3, 13, 39, 241 }, // U+2209
    { 11, 9, 267, 3, 10, 25, 280 }, // U+220A
    { 11, 12, 267, 3, 12, 33, 305 }, // U+220B
    { 11, 14, 267, 3, 13, 39, 338 }, // U+220C
    { 11, 9, 267, 3, 10, 25, 377 }, // U+220D
    { 14, 15, 216, 0, 12, 53, 402 }, // U+220F
    { 11, 16, 163, 0, 12, 44, 455 }, // U+2211
    { 8, 2, 166, 1, 6, 4, 499 }, // U+2212
    { 10, 13, 133, -1, 12, 33, 503 }, // U+2215
    { 7, 13, 133, 1, 12, 23, 536 }, // U+2216
    { 8, 8, 166, 1, 10, 16, 559 }, // U+2217
    { 7, 5, 166, 2, 9, 9, 575 }, // U+2218
    { 3, 3, 166, 4, 6, 3, 584 }, // U+2219
    { 11, 16, 166, 0, 14, 44, 587 }, // U+221A
    { 9, 6, 166, 1, 8, 14, 631 }, // U+221D
    { 11, 6, 166, 0, 8, 17, 645 }, // U+221E
    { 11, 12, 267, 3, 12, 33, 662 }, // U+221F
    { 12, 12, 267, 2, 12, 36, 695 }, // U+2220
    { 3, 17, 133, 3, 13, 13, 731 }, // U+2223
    { 6, 17, 133, 1, 13, 26, 744 }, // U+2225
    { 11, 12, 267, 3, 12, 33, 770 }, // U+2227
    { 11, 12, 267, 3, 12, 33, 803 }, // U+2228
    { 11, 12, 267, 3, 12, 33, 836 }, // U+2229
    { 11, 12, 267, 3, 12, 33, 869 }, // U+222A
    { 10, 17, 166, 0, 13, 43, 902 }, // U+222B
    { 11, 10, 267, 3, 9, 28, 945 }, // U+2234
    { 11, 10, 267, 3, 9, 28, 973 }, // U+2235
    { 5, 9, 81, 0, 11, 12, 1001 }, // U+2236
    { 11, 10, 267, 3, 9, 28, 1013 }, // U+2237
    { 10, 4, 267, 3, 7, 10, 1041 }, // U+223C
    { 10, 10, 267, 3, 11, 25, 1051 }, // U+2245
    { 9, 6, 166, 1, 9, 14, 1076 }, // U+2248
    { 9, 8, 267, 4, 9, 18, 1090 }, // U+224D
    { 8, 8, 166, 1, 10, 16, 1108 }, // U+2260
    { 9, 8, 267, 4, 9, 18, 1124 }, // U+2261
    { 8, 13, 166, 1, 12, 26, 1142 }, // U+2264
    { 8, 13, 166, 1, 12, 26, 1168 }, // U+2265
    { 15, 7, 267, 1, 9, 27, 1194 }, // U+226A
    { 15, 7, 267, 1, 9, 27, 1221 }, // U+226B
    { 11, 9, 267, 3, 10, 25, 1248 }, // U+2283
    { 11, 15, 267, 3, 13, 42, 1273 }, // U+2284
    { 11, 15, 267, 3, 13, 42, 1315 }, // U+2285
    { 11, 12, 267, 3, 12, 33, 1357 }, // U+2286
    { 11, 12, 267, 3, 12, 33, 1390 }, // U+2287
    { 13, 12, 267, 2, 12, 39, 1423 }, // U+2295
    { 13, 12, 267, 2, 12, 39, 1462 }, // U+2296
    { 13, 12, 267, 2, 12, 39, 1501 }, // U+2297
    { 13, 12, 267, 2, 12, 39, 1540 }, // U+2298
    { 11, 12, 267, 3, 12, 33, 1579 }, // U+22A5
    { 3, 3, 166, 4, 6, 3, 1612 }, // U+22C5
    { 15, 3, 267, 1, 6, 12, 1615 }, // U+22EF
    { 18, 17, 197, -3, 13, 77, 0 }, // U+FB00
    { 14, 17, 174, -3, 13, 60, 77 }, // U+FB01
    { 15, 17, 180, -3, 13, 64, 137 }, // U+FB02
    { 20, 17, 261, -3, 13, 85, 201 }, // U+FB03
    { 20, 17, 267, -3, 13, 85, 286 }, // U+FB04
    { 16, 17, 196, -3, 13, 68, 371 }, // U+FB05
    { 14, 13, 214, 0, 13, 46, 439 }, // U+FB06
    { 17, 16, 267, 0, 14, 68, 0 }, // U+FFFD
};

static const EpdUnicodeInterval bookerly_8_italicIntervals[] = {
    { 0x0, 0x0, 0x0 },
    { 0x8, 0x9, 0x1 },
    { 0xD, 0xD, 0x3 },
    { 0x1D, 0x1D, 0x4 },
    { 0x20, 0x7E, 0x5 },
    { 0xA0, 0xFF, 0x64 },
    { 0x100, 0x17F, 0xC4 },
    { 0x1C4, 0x1F5, 0x144 },
    { 0x1F8, 0x21F, 0x176 },
    { 0x300, 0x304, 0x19E },
    { 0x306, 0x30C, 0x1A3 },
    { 0x30F, 0x30F, 0x1AA },
    { 0x311, 0x315, 0x1AB },
    { 0x31B, 0x31B, 0x1B0 },
    { 0x323, 0x329, 0x1B1 },
    { 0x32D, 0x32E, 0x1B8 },
    { 0x330, 0x331, 0x1BA },
    { 0x342, 0x342, 0x1BC },
    { 0x344, 0x345, 0x1BD },
    { 0x2000, 0x2030, 0x1BF },
    { 0x2032, 0x203C, 0x1F0 },
    { 0x203E, 0x203E, 0x1FB },
    { 0x2043, 0x2044, 0x1FC },
    { 0x2047, 0x2049, 0x1FE },
    { 0x2053, 0x2053, 0x201 },
    { 0x2057, 0x2057, 0x202 },
    { 0x205F, 0x2064, 0x203 },
    { 0x2070, 0x2070, 0x209 },
    { 0x2074, 0x2079, 0x20A },
    { 0x207F, 0x2089, 0x210 },
    { 0x20A3, 0x20A4, 0x21B },
    { 0x20A7, 0x20A7, 0x21D },
    { 0x20AC, 0x20AC, 0x21E },
    { 0x2190, 0x2195, 0x21F },
    { 0x21A8, 0x21A8, 0x225 },
    { 0x21B2, 0x21B3, 0x226 },
    { 0x21B5, 0x21B5, 0x228 },
    { 0x21D0, 0x21D4, 0x229 },
    { 0x2200, 0x2200, 0x22E },
    { 0x2202, 0x2203, 0x22F },
    { 0x2205, 0x220D, 0x231 },
    { 0x220F, 0x220F, 0x23A },
    { 0x2211, 0x2212, 0x23B },
    { 0x2215, 0x221A, 0x23D },
    { 0x221D, 0x2220, 0x243 },
    { 0x2223, 0x2223, 0x247 },
    { 0x2225, 0x2225, 0x248 },
    { 0x2227, 0x222B, 0x249 },
    { 0x2234, 0x2237, 0x24E },
    { 0x223C, 0x223C, 0x252 },
    { 0x2245, 0x2245, 0x253 },
    { 0x2248, 0x2248, 0x254 },
    { 0x224D, 0x224D, 0x255 },
    { 0x2260, 0x2261, 0x256 },
    { 0x2264, 0x2265, 0x258 },
    { 0x226A, 0x226B, 0x25A },
    { 0x2283, 0x2287, 0x25C },
    { 0x2295, 0x2298, 0x261 },
    { 0x22A5, 0x22A5, 0x265 },
    { 0x22C5, 0x22C5, 0x266 },
    { 0x22EF, 0x22EF, 0x267 },
    { 0xFB00, 0xFB06, 0x268 },
    { 0xFFFD, 0xFFFD, 0x26F },
};

static const EpdFontGroup bookerly_8_italicGroups[] = {
    { 0, 1976, 3031, 100, 0 },
    { 1976, 1696, 3657, 96, 100 },
    { 3672, 2296, 5771, 128, 196 },
    { 5968, 2179, 4845, 90, 324 },
    { 8147, 181, 187, 33, 414 },
    { 8328, 577, 929, 74, 447 },
    { 8905, 152, 250, 18, 521 },
    { 9057, 149, 165, 4, 539 },
    { 9206, 215, 342, 15, 543 },
    { 9421, 1026, 1841, 58, 558 },
    { 10447, 320, 511, 7, 616 },
    { 10767, 69, 80, 1, 623 },
};

static const EpdKernClassEntry bookerly_8_italicKernLeftClasses[] = {
    { 0x0022, 1 }, // "
    { 0x0027, 1 }, // '
    { 0x0028, 2 }, // (
    { 0x002A, 3 }, // *
    { 0x002C, 4 }, // ,
    { 0x002D, 5 }, // -
    { 0x002E, 4 }, // .
    { 0x002F, 6 }, // /
    { 0x0030, 7 }, // 0
    { 0x0033, 8 }, // 3
    { 0x0034, 9 }, // 4
    { 0x0035, 10 }, // 5
    { 0x0036, 11 }, // 6
    { 0x0037, 12 }, // 7
    { 0x0038, 13 }, // 8
    { 0x0039, 14 }, // 9
    { 0x0041, 15 }, // A
    { 0x0042, 16 }, // B
    { 0x0043, 17 }, // C
    { 0x0044, 18 }, // D
    { 0x0045, 19 }, // E
    { 0x0046, 20 }, // F
    { 0x0047, 21 }, // G
    { 0x0048, 22 }, // H
    { 0x0049, 22 }, // I
    { 0x004A, 23 }, // J
    { 0x004B, 24 }, // K
    { 0x004C, 25 }, // L
    { 0x004D, 26 }, // M
    { 0x004E, 27 }, // N
    { 0x004F, 18 }, // O
    { 0x0050, 28 }, // P
    { 0x0051, 29 }, // Q
    { 0x0052, 30 }, // R
    { 0x0053, 31 }, // S
    { 0x0054, 32 }, // T
    { 0x0055, 33 }, // U
    { 0x0056, 34 }, // V
    { 0x0057, 34 }, // W
    { 0x0058, 35 }, // X
    { 0x0059, 36 }, // Y
    { 0x005A, 37 }, // Z
    { 0x005B, 38 }, // [
    { 0x005C, 39 }, // <backslash>
    { 0x0061, 40 }, // a
    { 0x0062, 41 }, // b
    { 0x0063, 42 }, // c
    { 0x0065, 43 }, // e
    { 0x0066, 44 }, // f
    { 0x0067, 45 }, // g
    { 0x0068, 46 }, // h
    { 0x006A, 47 }, // j
    { 0x006B, 48 }, // k
    { 0x006D, 46 }, // m
    { 0x006E, 46 }, // n
    { 0x006F, 41 }, // o
    { 0x0070, 41 }, // p
    { 0x0071, 49 }, // q
    { 0x0072, 50 }, // r
    { 0x0073, 51 }, // s
    { 0x0074, 52 }, // t
    { 0x0075, 40 }, // u
    { 0x0076, 53 }, // v
    { 0x0077, 53 }, // w
    { 0x0078, 54 }, // x
    { 0x0079, 53 }, // y
    { 0x007A, 55 }, // z
    { 0x007B, 56 }, // {
    { 0x00A1, 57 }, // U+00A1
    { 0x00A5, 58 }, // U+00A5
    { 0x00AB, 59 }, // U+00AB
    { 0x00AD, 5 }, // U+00AD
    { 0x00BB, 60 }, // U+00BB
    { 0x00BF, 61 }, // U+00BF
    { 0x00C0, 15 }, // U+00C0
    { 0x00C1, 15 }, // U+00C1
    { 0x00C2, 15 }, // U+00C2
    { 0x00C3, 15 }, // U+00C3
    { 0x00C4, 15 }, // U+00C4
    { 0x00C5, 15 }, // U+00C5
    { 0x00C6, 19 }, // U+00C6
    { 0x00C7, 17 }, // U+00C7
    { 0x00C8, 19 }, // U+00C8
    { 0x00C9, 19 }, // U+00C9
    { 0x00CA, 19 }, // U+00CA
    { 0x00CB, 19 }, // U+00CB
    { 0x00CC, 22 }, // U+00CC
    { 0x00CD, 22 }, // U+00CD
    { 0x00CE, 22 }, // U+00CE
    { 0x00CF, 22 }, // U+00CF
    { 0x00D0, 18 }, // U+00D0
    { 0x00D1, 27 }, // U+00D1
    { 0x00D2, 18 }, // U+00D2
    { 0x00D3, 18 }, // U+00D3
    { 0x00D4, 18 }, // U+00D4
    { 0x00D5, 18 }, // U+00D5
    { 0x00D6, 18 }, // U+00D6
    { 0x00D8, 18 }, // U+00D8
    { 0x00D9, 33 }, // U+00D9
    { 0x00DA, 33 }, // U+00DA
    { 0x00DB, 33 }, // U+00DB
    { 0x00DC, 33 }, // U+00DC
    { 0x00DD, 36 }, // U+00DD
    { 0x00DE, 62 }, // U+00DE
    { 0x00DF, 63 }, // U+00DF
    { 0x00E0, 40 }, // U+00E0
    { 0x00E1, 40 }, // U+00E1
    { 0x00E2, 40 }, // U+00E2
    { 0x00E3, 40 }, // U+00E3
    { 0x00E4, 40 }, // U+00E4
    { 0x00E5, 40 }, // U+00E5
    { 0x00E6, 43 }, // U+00E6
    { 0x00E7, 64 }, // U+00E7
    { 0x00E8, 43 }, // U+00E8
    { 0x00E9, 43 }, // U+00E9
    { 0x00EA, 43 }, // U+00EA
    { 0x00EB, 43 }, // U+00EB
    { 0x00EE, 65 }, // U+00EE
    { 0x00EF, 65 }, // U+00EF
    { 0x00F0, 41 }, // U+00F0
    { 0x00F1, 46 }, // U+00F1
    { 0x00F2, 41 }, // U+00F2
    { 0x00F3, 41 }, // U+00F3
    { 0x00F4, 41 }, // U+00F4
    { 0x00F5, 41 }, // U+00F5
    { 0x00F6, 41 }, // U+00F6
    { 0x00F8, 66 }, // U+00F8
    { 0x00F9, 40 }, // U+00F9
    { 0x00FA, 40 }, // U+00FA
    { 0x00FB, 40 }, // U+00FB
    { 0x00FC, 40 }, // U+00FC
    { 0x00FD, 53 }, // U+00FD
    { 0x00FE, 41 }, // U+00FE
    { 0x00FF, 53 }, // U+00FF
    { 0x0100, 15 }, // U+0100
    { 0x0101, 40 }, // U+0101
    { 0x0102, 15 }, // U+0102
    { 0x0103, 40 }, // U+0103
    { 0x0104, 67 }, // U+0104
    { 0x0105, 68 }, // U+0105
    { 0x0106, 17 }, // U+0106
    { 0x0107, 42 }, // U+0107
    { 0x0108, 17 }, // U+0108
    { 0x0109, 42 }, // U+0109
    { 0x010A, 17 }, // U+010A
    { 0x010B, 42 }, // U+010B
    { 0x010C, 17 }, // U+010C
    { 0x010D, 42 }, // U+010D
    { 0x010E, 18 }, // U+010E
    { 0x010F, 69 }, // U+010F
    { 0x0110, 18 }, // U+0110
    { 0x0112, 19 }, // U+0112
    { 0x0113, 43 }, // U+0113
    { 0x0114, 19 }, // U+0114
    { 0x0115, 43 }, // U+0115
    { 0x0116, 19 }, // U+0116
    { 0x0117, 43 }, // U+0117
    { 0x0118, 70 }, // U+0118
    { 0x0119, 71 }, // U+0119
    { 0x011A, 19 }, // U+011A
    { 0x011B, 43 }, // U+011B
    { 0x011C, 21 }, // U+011C
    { 0x011D, 45 }, // U+011D
    { 0x011E, 21 }, // U+011E
    { 0x011F, 45 }, // U+011F
    { 0x0120, 21 }, // U+0120
    { 0x0121, 45 }, // U+0121
    { 0x0122, 21 }, // U+0122
    { 0x0123, 45 }, // U+0123
    { 0x0124, 22 }, // U+0124
    { 0x0125, 46 }, // U+0125
    { 0x0126, 22 }, // U+0126
    { 0x0127, 46 }, // U+0127
    { 0x0128, 22 }, // U+0128
    { 0x0129, 72 }, // U+0129
    { 0x012A, 22 }, // U+012A
    { 0x012B, 65 }, // U+012B
    { 0x012C, 22 }, // U+012C
    { 0x012D, 65 }, // U+012D
    { 0x012E, 73 }, // U+012E
    { 0x012F, 74 }, // U+012F
    { 0x0130, 22 }, // U+0130
    { 0x0131, 40 }, // U+0131
    { 0x0132, 23 }, // U+0132
    { 0x0133, 47 }, // U+0133
    { 0x0134, 23 }, // U+0134
    { 0x0135, 75 }, // U+0135
    { 0x0136, 24 }, // U+0136
    { 0x0137, 48 }, // U+0137
    { 0x0138, 76 }, // U+0138
    { 0x0139, 25 }, // U+0139
    { 0x013B, 25 }, // U+013B
    { 0x013C, 77 }, // U+013C
    { 0x013E, 69 }, // U+013E
    { 0x0141, 25 }, // U+0141
    { 0x0142, 78 }, // U+0142
    { 0x0143, 27 }, // U+0143
    { 0x0144, 46 }, // U+0144
    { 0x0145, 27 }, // U+0145
    { 0x0146, 46 }, // U+0146
    { 0x0147, 27 }, // U+0147
    { 0x0148, 46 }, // U+0148
    { 0x0149, 46 }, // U+0149
    { 0x014A, 27 }, // U+014A
    { 0x014B, 79 }, // U+014B
    { 0x014C, 18 }, // U+014C
    { 0x014D, 41 }, // U+014D
    { 0x014E, 18 }, // U+014E
    { 0x014F, 41 }, // U+014F
    { 0x0150, 18 }, // U+0150
    { 0x0151, 41 }, // U+0151
    { 0x0152, 19 }, // U+0152
    { 0x0153, 43 }, // U+0153
    { 0x0154, 30 }, // U+0154
    { 0x0155, 50 }, // U+0155
    { 0x0156, 30 }, // U+0156
    { 0x0157, 50 }, // U+0157
    { 0x0158, 30 }, // U+0158
    { 0x0159, 50 }, // U+0159
    { 0x015A, 31 }, // U+015A
    { 0x015B, 51 }, // U+015B
    { 0x015C, 31 }, // U+015C
    { 0x015D, 51 }, // U+015D
    { 0x015E, 31 }, // U+015E
    { 0x015F, 80 }, // U+015F
    { 0x0160, 31 }, // U+0160
    { 0x0161, 51 }, // U+0161
    { 0x0162, 32 }, // U+0162
    { 0x0163, 81 }, // U+0163
    { 0x0164, 32 }, // U+0164
    { 0x0166, 32 }, // U+0166
    { 0x0167, 52 }, // U+0167
    { 0x0168, 33 }, // U+0168
    { 0x0169, 40 }, // U+0169
    { 0x016A, 33 }, // U+016A
    { 0x016B, 40 }, // U+016B
    { 0x016C, 33 }, // U+016C
    { 0x016D, 40 }, // U+016D
    { 0x016E, 33 }, // U+016E
    { 0x016F, 40 }, // U+016F
    { 0x0170, 33 }, // U+0170
    { 0x0171, 40 }, // U+0171
    { 0x0172, 33 }, // U+0172
    { 0x0173, 82 }, // U+0173
    { 0x0174, 34 }, // U+0174
    { 0x0175, 53 }, // U+0175
    { 0x0176, 36 }, // U+0176
    { 0x0177, 53 }, // U+0177
    { 0x0178, 36 }, // U+0178
    { 0x0179, 37 }, // U+0179
    { 0x017A, 55 }, // U+017A
    { 0x017B, 37 }, // U+017B
    { 0x017C, 55 }, // U+017C
    { 0x017D, 37 }, // U+017D
    { 0x017E, 55 }, // U+017E
    { 0x01C4, 37 }, // U+01C4
    { 0x01C5, 55 }, // U+01C5
    { 0x01C6, 55 }, // U+01C6
    { 0x01C7, 23 }, // U+01C7
    { 0x01C8, 47 }, // U+01C8
    { 0x01C9, 47 }, // U+01C9
    { 0x01CA, 23 }, // U+01CA
    { 0x01CB, 47 }, // U+01CB
    { 0x01CC, 47 }, // U+01CC
    { 0x01CD, 15 }, // U+01CD
    { 0x01CE, 40 }, // U+01CE
    { 0x01CF, 22 }, // U+01CF
    { 0x01D0, 65 }, // U+01D0
    { 0x01D1, 18 }, // U+01D1
    { 0x01D2, 41 }, // U+01D2
    { 0x01D3, 33 }, // U+01D3
    { 0x01D4, 40 }, // U+01D4
    { 0x01D5, 33 }, // U+01D5
    { 0x01D6, 40 }, // U+01D6
    { 0x01D7, 33 }, // U+01D7
    { 0x01D8, 40 }, // U+01D8
    { 0x01D9, 33 }, // U+01D9
    { 0x01DA, 40 }, // U+01DA
    { 0x01DB, 33 }, // U+01DB
    { 0x01DC, 40 }, // U+01DC
    { 0x01DD, 41 }, // U+01DD
    { 0x01DE, 15 }, // U+01DE
    { 0x01DF, 40 }, // U+01DF
    { 0x01E0, 15 }, // U+01E0
    { 0x01E1, 40 }, // U+01E1
    { 0x01E2, 19 }, // U+01E2
    { 0x01E3, 43 }, // U+01E3
    { 0x01E4, 21 }, // U+01E4
    { 0x01E5, 83 }, // U+01E5
    { 0x01E6, 21 }, // U+01E6
    { 0x01E7, 45 }, // U+01E7
    { 0x01E8, 24 }, // U+01E8
    { 0x01E9, 48 }, // U+01E9
    { 0x01EA, 18 }, // U+01EA
    { 0x01EB, 41 }, // U+01EB
    { 0x01EC, 18 }, // U+01EC
    { 0x01ED, 41 }, // U+01ED
    { 0x01EE, 84 }, // U+01EE
    { 0x01EF, 85 }, // U+01EF
    { 0x01F0, 75 }, // U+01F0
    { 0x01F1, 37 }, // U+01F1
    { 0x01F2, 55 }, // U+01F2
    { 0x01F3, 55 }, // U+01F3
    { 0x01F4, 21 }, // U+01F4
    { 0x01F5, 45 }, // U+01F5
    { 0x01F8, 27 }, // U+01F8
    { 0x01F9, 46 }, // U+01F9
    { 0x01FA, 15 }, // U+01FA
    { 0x01FB, 40 }, // U+01FB
    { 0x01FC, 19 }, // U+01FC
    { 0x01FD, 43 }, // U+01FD
    { 0x01FE, 18 }, // U+01FE
    { 0x01FF, 66 }, // U+01FF
    { 0x0200, 15 }, // U+0200
    { 0x0201, 40 }, // U+0201
    { 0x0202, 15 }, // U+0202
    { 0x0203, 40 }, // U+0203
    { 0x0204, 19 }, // U+0204
    { 0x0205, 43 }, // U+0205
    { 0x0206, 19 }, // U+0206
    { 0x0207, 43 }, // U+0207
    { 0x0208, 22 }, // U+0208
    { 0x0209, 65 }, // U+0209
    { 0x020A, 22 }, // U+020A
    { 0x020B, 65 }, // U+020B
    { 0x020C, 18 }, // U+020C
    { 0x020D, 41 }, // U+020D
    { 0x020E, 18 }, // U+020E
    { 0x020F, 41 }, // U+020F
    { 0x0210, 30 }, // U+0210
    { 0x0211, 50 }, // U+0211
    { 0x0212, 30 }, // U+0212
    { 0x0213, 50 }, // U+0213
    { 0x0214, 33 }, // U+0214
    { 0x0215, 40 }, // U+0215
    { 0x0216, 33 }, // U+0216
    { 0x0217, 40 }, // U+0217
    { 0x0218, 31 }, // U+0218
    { 0x0219, 51 }, // U+0219
    { 0x021A, 32 }, // U+021A
    { 0x021B, 52 }, // U+021B
    { 0x021C, 16 }, // U+021C
    { 0x021D, 86 }, // U+021D
    { 0x021E, 22 }, // U+021E
    { 0x021F, 46 }, // U+021F
    { 0x2010, 5 }, // U+2010
    { 0x2011, 5 }, // U+2011
    { 0x2013, 5 }, // U+2013
    { 0x2014, 5 }, // U+2014
    { 0x2015, 5 }, // U+2015
    { 0x2018, 87 }, // U+2018
    { 0x2019, 88 }, // U+2019
    { 0x201A, 89 }, // U+201A
    { 0x201B, 87 }, // U+201B
    { 0x201C, 87 }, // U+201C
    { 0x201D, 88 }, // U+201D
    { 0x201E, 4 }, // U+201E
    { 0x2025, 4 }, // U+2025
    { 0x2026, 4 }, // U+2026
    { 0x2039, 59 }, // U+2039
    { 0x203A, 60 }, // U+203A
    { 0xFB00, 44 }, // U+FB00
    { 0xFB05, 52 }, // U+FB05
    { 0xFB06, 52 }, // U+FB06
};

static const EpdKernClassEntry bookerly_8_italicKernRightClasses[] = {
    { 0x0021, 1 }, // !
    { 0x0022, 2 }, // "
    { 0x0025, 3 }, // %
    { 0x0027, 2 }, // '
    { 0x0029, 4 }, // )
    { 0x002A, 5 }, // *
    { 0x002C, 6 }, // ,
    { 0x002D, 7 }, // -
    { 0x002E, 8 }, // .
    { 0x002F, 9 }, // /
    { 0x0030, 10 }, // 0
    { 0x0031, 11 }, // 1
    { 0x0032, 12 }, // 2
    { 0x0033, 13 }, // 3
    { 0x0034, 14 }, // 4
    { 0x0035, 15 }, // 5
    { 0x0036, 16 }, // 6
    { 0x0037, 17 }, // 7
    { 0x0038, 18 }, // 8
    { 0x0039, 19 }, // 9
    { 0x003A, 20 }, // :
    { 0x003B, 21 }, // ;
    { 0x003F, 22 }, // ?
    { 0x0041, 23 }, // A
    { 0x0042, 24 }, // B
    { 0x0043, 25 }, // C
    { 0x0044, 24 }, // D
    { 0x0045, 26 }, // E
    { 0x0046, 26 }, // F
    { 0x0047, 25 }, // G
    { 0x0048, 26 }, // H
    { 0x0049, 26 }, // I
    { 0x004A, 27 }, // J
    { 0x004B, 26 }, // K
    { 0x004C, 26 }, // L
    { 0x004D, 28 }, // M
    { 0x004E, 26 }, // N
    { 0x004F, 25 }, // O
    { 0x0050, 24 }, // P
    { 0x0051, 25 }, // Q
    { 0x0052, 24 }, // R
    { 0x0053, 29 }, // S
    { 0x0054, 30 }, // T
    { 0x0055, 31 }, // U
    { 0x0056, 32 }, // V
    { 0x0057, 32 }, // W
    { 0x0058, 33 }, // X
    { 0x0059, 34 }, // Y
    { 0x005A, 35 }, // Z
    { 0x005C, 36 }, // <backslash>
    { 0x005D, 37 }, // ]
    { 0x0061, 38 }, // a
    { 0x0062, 39 }, // b
    { 0x0063, 38 }, // c
    { 0x0064, 38 }, // d
    { 0x0065, 38 }, // e
    { 0x0066, 40 }, // f
    { 0x0067, 41 }, // g
    { 0x0068, 39 }, // h
    { 0x0069, 42 }, // i
    { 0x006A, 43 }, // j
    { 0x006B, 39 }, // k
    { 0x006C, 39 }, // l
    { 0x006D, 44 }, // m
    { 0x006E, 44 }, // n
    { 0x006F, 38 }, // o
    { 0x0070, 45 }, // p
    { 0x0071, 38 }, // q
    { 0x0072, 44 }, // r
    { 0x0073, 46 }, // s
    { 0x0074, 47 }, // t
    { 0x0075, 48 }, // u
    { 0x0076, 49 }, // v
    { 0x0077, 49 }, // w
    { 0x0078, 50 }, // x
    { 0x0079, 51 }, // y
    { 0x007A, 52 }, // z
    { 0x007D, 53 }, // }
    { 0x00AB, 54 }, // U+00AB
    { 0x00AD, 7 }, // U+00AD
    { 0x00B0, 11 }, // U+00B0
    { 0x00BB, 55 }, // U+00BB
    { 0x00BF, 56 }, // U+00BF
    { 0x00C0, 23 }, // U+00C0
    { 0x00C1, 23 }, // U+00C1
    { 0x00C2, 23 }, // U+00C2
    { 0x00C3, 23 }, // U+00C3
    { 0x00C4, 23 }, // U+00C4
    { 0x00C5, 23 }, // U+00C5
    { 0x00C6, 57 }, // U+00C6
    { 0x00C7, 25 }, // U+00C7
    { 0x00C8, 26 }, // U+00C8
    { 0x00C9, 26 }, // U+00C9
    { 0x00CA, 26 }, // U+00CA
    { 0x00CB, 26 }, // U+00CB
    { 0x00CC, 26 }, // U+00CC
    { 0x00CD, 26 }, // U+00CD
    { 0x00CE, 26 }, // U+00CE
    { 0x00CF, 26 }, // U+00CF
    { 0x00D0, 24 }, // U+00D0
    { 0x00D1, 26 }, // U+00D1
    { 0x00D2, 25 }, // U+00D2
    { 0x00D3, 25 }, // U+00D3
    { 0x00D4, 25 }, // U+00D4
    { 0x00D5, 25 }, // U+00D5
    { 0x00D6, 25 }, // U+00D6
    { 0x00D8, 25 }, // U+00D8
    { 0x00D9, 31 }, // U+00D9
    { 0x00DA, 31 }, // U+00DA
    { 0x00DB, 31 }, // U+00DB
    { 0x00DC, 31 }, // U+00DC
    { 0x00DD, 34 }, // U+00DD
    { 0x00DE, 26 }, // U+00DE
    { 0x00DF, 58 }, // U+00DF
    { 0x00E0, 38 }, // U+00E0
    { 0x00E1, 38 }, // U+00E1
    { 0x00E2, 38 }, // U+00E2
    { 0x00E3, 38 }, // U+00E3
    { 0x00E4, 59 }, // U+00E4
    { 0x00E5, 38 }, // U+00E5
    { 0x00E6, 38 }, // U+00E6
    { 0x00E7, 38 }, // U+00E7
    { 0x00E8, 38 }, // U+00E8
    { 0x00E9, 38 }, // U+00E9
    { 0x00EA, 38 }, // U+00EA
    { 0x00EB, 38 }, // U+00EB
    { 0x00EC, 60 }, // U+00EC
    { 0x00ED, 42 }, // U+00ED
    { 0x00EE, 61 }, // U+00EE
    { 0x00EF, 61 }, // U+00EF
    { 0x00F0, 38 }, // U+00F0
    { 0x00F1, 44 }, // U+00F1
    { 0x00F2, 38 }, // U+00F2
    { 0x00F3, 38 }, // U+00F3
    { 0x00F4, 38 }, // U+00F4
    { 0x00F5, 38 }, // U+00F5
    { 0x00F6, 38 }, // U+00F6
    { 0x00F8, 62 }, // U+00F8
    { 0x00F9, 48 }, // U+00F9
    { 0x00FA, 48 }, // U+00FA
    { 0x00FB, 48 }, // U+00FB
    { 0x00FC, 48 }, // U+00FC
    { 0x00FD, 49 }, // U+00FD
    { 0x00FE, 63 }, // U+00FE
    { 0x00FF, 49 }, // U+00FF
    { 0x0100, 23 }, // U+0100
    { 0x0101, 38 }, // U+0101
    { 0x0102, 23 }, // U+0102
    { 0x0103, 38 }, // U+0103
    { 0x0104, 23 }, // U+0104
    { 0x0105, 38 }, // U+0105
    { 0x0106, 25 }, // U+0106
    { 0x0107, 38 }, // U+0107
    { 0x0108, 25 }, // U+0108
    { 0x0109, 38 }, // U+0109
    { 0x010A, 25 }, // U+010A
    { 0x010B, 38 }, // U+010B
    { 0x010C, 25 }, // U+010C
    { 0x010D, 64 }, // U+010D
    { 0x010E, 24 }, // U+010E
    { 0x010F, 38 }, // U+010F
    { 0x0110, 24 }, // U+0110
    { 0x0111, 38 }, // U+0111
    { 0x0112, 26 }, // U+0112
    { 0x0113, 38 }, // U+0113
    { 0x0114, 26 }, // U+0114
    { 0x0115, 38 }, // U+0115
    { 0x0116, 26 }, // U+0116
    { 0x0117, 38 }, // U+0117
    { 0x0118, 26 }, // U+0118
    { 0x0119, 38 }, // U+0119
    { 0x011A, 26 }, // U+011A
    { 0x011B, 38 }, // U+011B
    { 0x011C, 25 }, // U+011C
    { 0x011D, 41 }, // U+011D
    { 0x011E, 25 }, // U+011E
    { 0x011F, 41 }, // U+011F
    { 0x0120, 25 }, // U+0120
    { 0x0121, 41 }, // U+0121
    { 0x0122, 25 }, // U+0122
    { 0x0123, 41 }, // U+0123
    { 0x0124, 26 }, // U+0124
    { 0x0125, 39 }, // U+0125
    { 0x0126, 26 }, // U+0126
    { 0x0127, 65 }, // U+0127
    { 0x0128, 26 }, // U+0128
    { 0x0129, 66 }, // U+0129
    { 0x012A, 26 }, // U+012A
    { 0x012B, 61 }, // U+012B
    { 0x012C, 26 }, // U+012C
    { 0x012D, 61 }, // U+012D
    { 0x012E, 26 }, // U+012E
    { 0x012F, 42 }, // U+012F
    { 0x0130, 26 }, // U+0130
    { 0x0131, 44 }, // U+0131
    { 0x0132, 26 }, // U+0132
    { 0x0133, 42 }, // U+0133
    { 0x0134, 27 }, // U+0134
    { 0x0135, 67 }, // U+0135
    { 0x0136, 26 }, // U+0136
    { 0x0137, 39 }, // U+0137
    { 0x0138, 44 }, // U+0138
    { 0x0139, 26 }, // U+0139
    { 0x013A, 39 }, // U+013A
    { 0x013B, 26 }, // U+013B
    { 0x013C, 39 }, // U+013C
    { 0x013D, 26 }, // U+013D
    { 0x013E, 39 }, // U+013E
    { 0x013F, 26 }, // U+013F
    { 0x0140, 39 }, // U+0140
    { 0x0141, 26 }, // U+0141
    { 0x0142, 68 }, // U+0142
    { 0x0143, 26 }, // U+0143
    { 0x0144, 44 }, // U+0144
    { 0x0145, 26 }, // U+0145
    { 0x0146, 44 }, // U+0146
    { 0x0147, 26 }, // U+0147
    { 0x0148, 44 }, // U+0148
    { 0x0149, 44 }, // U+0149
    { 0x014A, 26 }, // U+014A
    { 0x014B, 44 }, // U+014B
    { 0x014C, 25 }, // U+014C
    { 0x014D, 38 }, // U+014D
    { 0x014E, 25 }, // U+014E
    { 0x014F, 38 }, // U+014F
    { 0x0150, 25 }, // U+0150
    { 0x0151, 38 }, // U+0151
    { 0x0152, 25 }, // U+0152
    { 0x0153, 38 }, // U+0153
    { 0x0154, 24 }, // U+0154
    { 0x0155, 44 }, // U+0155
    { 0x0156, 24 }, // U+0156
    { 0x0157, 44 }, // U+0157
    { 0x0158, 24 }, // U+0158
    { 0x0159, 44 }, // U+0159
    { 0x015A, 29 }, // U+015A
    { 0x015B, 46 }, // U+015B
    { 0x015C, 29 }, // U+015C
    { 0x015D, 46 }, // U+015D
    { 0x015E, 29 }, // U+015E
    { 0x015F, 46 }, // U+015F
    { 0x0160, 29 }, // U+0160
    { 0x0161, 69 }, // U+0161
    { 0x0162, 30 }, // U+0162
    { 0x0163, 47 }, // U+0163
    { 0x0164, 30 }, // U+0164
    { 0x0165, 47 }, // U+0165
    { 0x0166, 30 }, // U+0166
    { 0x0167, 47 }, // U+0167
    { 0x0168, 31 }, // U+0168
    { 0x0169, 48 }, // U+0169
    { 0x016A, 31 }, // U+016A
    { 0x016B, 48 }, // U+016B
    { 0x016C, 31 }, // U+016C
    { 0x016D, 48 }, // U+016D
    { 0x016E, 31 }, // U+016E
    { 0x016F, 48 }, // U+016F
    { 0x0170, 31 }, // U+0170
    { 0x0171, 48 }, // U+0171
    { 0x0172, 31 }, // U+0172
    { 0x0173, 48 }, // U+0173
    { 0x0174, 32 }, // U+0174
    { 0x0175, 49 }, // U+0175
    { 0x0176, 34 }, // U+0176
    { 0x0177, 49 }, // U+0177
    { 0x0178, 34 }, // U+0178
    { 0x0179, 35 }, // U+0179
    { 0x017A, 52 }, // U+017A
    { 0x017B, 35 }, // U+017B
    { 0x017C, 52 }, // U+017C
    { 0x017D, 35 }, // U+017D
    { 0x017E, 70 }, // U+017E
    { 0x017F, 58 }, // U+017F
    { 0x01C4, 24 }, // U+01C4
    { 0x01C5, 24 }, // U+01C5
    { 0x01C6, 38 }, // U+01C6
    { 0x01C7, 26 }, // U+01C7
    { 0x01C8, 26 }, // U+01C8
    { 0x01C9, 39 }, // U+01C9
    { 0x01CA, 26 }, // U+01CA
    { 0x01CB, 26 }, // U+01CB
    { 0x01CC, 44 }, // U+01CC
    { 0x01CD, 23 }, // U+01CD
    { 0x01CE, 38 }, // U+01CE
    { 0x01CF, 26 }, // U+01CF
    { 0x01D0, 61 }, // U+01D0
    { 0x01D1, 25 }, // U+01D1
    { 0x01D2, 38 }, // U+01D2
    { 0x01D3, 31 }, // U+01D3
    { 0x01D4, 48 }, // U+01D4
    { 0x01D5, 31 }, // U+01D5
    { 0x01D6, 48 }, // U+01D6
    { 0x01D7, 31 }, // U+01D7
    { 0x01D8, 48 }, // U+01D8
    { 0x01D9, 31 }, // U+01D9
    { 0x01DA, 48 }, // U+01DA
    { 0x01DB, 31 }, // U+01DB
    { 0x01DC, 48 }, // U+01DC
    { 0x01DD, 71 }, // U+01DD
    { 0x01DE, 23 }, // U+01DE
    { 0x01DF, 38 }, // U+01DF
    { 0x01E0, 23 }, // U+01E0
    { 0x01E1, 38 }, // U+01E1
    { 0x01E2, 57 }, // U+01E2
    { 0x01E3, 38 }, // U+01E3
    { 0x01E4, 25 }, // U+01E4
    { 0x01E5, 72 }, // U+01E5
    { 0x01E6, 25 }, // U+01E6
    { 0x01E7, 41 }, // U+01E7
    { 0x01E8, 26 }, // U+01E8
    { 0x01E9, 39 }, // U+01E9
    { 0x01EA, 25 }, // U+01EA
    { 0x01EB, 38 }, // U+01EB
    { 0x01EC, 25 }, // U+01EC
    { 0x01ED, 38 }, // U+01ED
    { 0x01EE, 73 }, // U+01EE
    { 0x01EF, 74 }, // U+01EF
    { 0x01F0, 67 }, // U+01F0
    { 0x01F1, 24 }, // U+01F1
    { 0x01F2, 24 }, // U+01F2
    { 0x01F3, 38 }, // U+01F3
    { 0x01F4, 25 }, // U+01F4
    { 0x01F5, 41 }, // U+01F5
    { 0x01F8, 26 }, // U+01F8
    { 0x01F9, 44 }, // U+01F9
    { 0x01FA, 23 }, // U+01FA
    { 0x01FB, 38 }, // U+01FB
    { 0x01FC, 57 }, // U+01FC
    { 0x01FD, 38 }, // U+01FD
    { 0x01FE, 25 }, // U+01FE
    { 0x01FF, 62 }, // U+01FF
    { 0x0200, 23 }, // U+0200
    { 0x0201, 38 }, // U+0201
    { 0x0202, 23 }, // U+0202
    { 0x0203, 38 }, // U+0203
    { 0x0204, 26 }, // U+0204
    { 0x0205, 38 }, // U+0205
    { 0x0206, 26 }, // U+0206
    { 0x0207, 38 }, // U+0207
    { 0x0208, 26 }, // U+0208
    { 0x0209, 61 }, // U+0209
    { 0x020A, 26 }, // U+020A
    { 0x020B, 61 }, // U+020B
    { 0x020C, 25 }, // U+020C
    { 0x020D, 38 }, // U+020D
    { 0x020E, 25 }, // U+020E
    { 0x020F, 38 }, // U+020F
    { 0x0210, 24 }, // U+0210
    { 0x0211, 44 }, // U+0211
    { 0x0212, 24 }, // U+0212
    { 0x0213, 44 }, // U+0213
    { 0x0214, 31 }, // U+0214
    { 0x0215, 48 }, // U+0215
    { 0x0216, 31 }, // U+0216
    { 0x0217, 48 }, // U+0217
    { 0x0218, 29 }, // U+0218
    { 0x0219, 46 }, // U+0219
    { 0x021A, 30 }, // U+021A
    { 0x021B, 47 }, // U+021B
    { 0x021C, 75 }, // U+021C
    { 0x021D, 76 }, // U+021D
    { 0x021E, 26 }, // U+021E
    { 0x021F, 39 }, // U+021F
    { 0x2010, 7 }, // U+2010
    { 0x2011, 7 }, // U+2011
    { 0x2013, 7 }, // U+2013
    { 0x2014, 7 }, // U+2014
    { 0x2015, 7 }, // U+2015
    { 0x2018, 77 }, // U+2018
    { 0x2019, 78 }, // U+2019
    { 0x201A, 8 }, // U+201A
    { 0x201B, 77 }, // U+201B
    { 0x201C, 77 }, // U+201C
    { 0x201D, 78 }, // U+201D
    { 0x201E, 8 }, // U+201E
    { 0x2025, 8 }, // U+2025
    { 0x2026, 8 }, // U+2026
    { 0x2030, 3 }, // U+2030
    { 0x2039, 54 }, // U+2039
    { 0x203A, 55 }, // U+203A
    { 0x203C, 1 }, // U+203C
    { 0x2047, 22 }, // U+2047
    { 0x2048, 22 }, // U+2048
    { 0x2049, 1 }, // U+2049
    { 0x20AC, 79 }, // U+20AC
    { 0xFB00, 40 }, // U+FB00
    { 0xFB01, 40 }, // U+FB01
    { 0xFB02, 40 }, // U+FB02
    { 0xFB03, 40 }, // U+FB03
    { 0xFB04, 40 }, // U+FB04
    { 0xFB05, 40 }, // U+FB05
    { 0xFB06, 46 }, // U+FB06
};

static const int8_t bookerly_8_italicKernMatrix[] = {
       0,    0,    0,    0,    0,    0,    0,    0,    0,    0,    0,    0,    0,    0,    0,   -8,    0,    0,    0,    0,    0,    0,    0,    0,    0,    0,    0,    0,    0,    0,    0,    0,    0,    0,    0,    0,    0,    0,    0,    0,    0,    0,    0,    0,    0,    0,    0,    0,    0,    0,    0,    0,    0,    0,    0,    0,    0,    0,    0,    0,    0,    0,    0,    0,    0,    0,    0,    0,    0,    0,    0,    0,    0,    0,    0,    0,    0,    0,    0,
       0,    0,    0,    0,    0,    0,    0,    0,    0,    0,    0,    0,    0,    0,    0,    0,    0,    0,    0,    0,    0,    0,    0,    0,   -7,    0,   27,    0,    0,    0,    0,    0,    0,    8,    0,    0,    0,  -13,   16,   40,   17,    0,   40,    0,    0,    0,    0,    0,    0,    0,   21,    0,    0,    0,    0,    0,    0,    0,  -13,    0,    0,  -13,   16,  -13,   16,    0,    0,   16,    0,    0,    0,   31,    0,    0,    0,    0,    0,    0,    0,
       0,    0,    0,    0,    0,    0,    0,    0,    0,    0,    0,    0,    0,    0,    0,    0,    0,    0,    0,    0,    0,    0,  -27,    0,    0,    0,    0,    0,    0,    0,    0,    0,    0,    0,    0,    0,    0,    0,    0,    0,    0,    0,    0,    0,    0,    0,    0,    0,    0,    0,    0,    0,    0,    0,    0,    0,  -24,    0,    0,    0,    0,    0,    0,    0,    0,    0,    0,    0,    0,    0,    0,    0,    0,    0,    0,    0,    0,    0,    0,
       0,    0,    0,    0,    0,    0,    0,    0,    0,    0,    0,    0,    0,    0,    0,    0,    0,    0,    0,    0,    0,    0,   11,    0,   -8,    0,   19,    0,    0,  -13,  -16,  -27,   11,  -16,    0,    0,    0,   -5,    0,    8,    5,    0,   23,   -5,   -5,    0,   -5,   -5,  -16,    0,  -16,    0,    0,    0,    0,    0,    8,    0,   -5,    0,    0,   -5,    0,   -5,    0,    0,    0,    0,    0,    0,    0,    5,    0,    0,    0,    0,  -27,  -27,    0,
       0,    0,    0,    0,    0,   -8,    0,   -8,    0,    0,    0,    0,    0,    0,    0,    0,    0,    0,    0,    0,    0,    0,    0,    0,    0,    0,    0,    0,    0,    0,    0,    0,    0,   -8,    0,    0,    0,    0,    0,    0,    0,    0,    0,    0,    0,    0,    0,    0,    0,    0,    0,    0,    0,    0,    0,    0,    0,    0,    0,    0,    0,    0,    0,    0,    0,    0,    0,    0,    0,    0,    0,    0,    0,    0,    0,    0,    0,    0,    0,
       0,    0,    0,    0,    0,    0,    0,    0,    0,  -11,    0,    0,    0,  -13,    0,  -11,    0,   -5,    0,    0,    0,    0,  -24,    0,  -11,    0,    0,  -13,    0,    0,    0,    0,    0,    0,    0,    0,    0,  -27,    0,  -13,  -27,    0,    0,   -5,   -5,  -24,   -8,  -11,    0,  -13,    0,  -16,    0,    0,    0,    0,  -35,    0,  -27,    0,    0,  -27,    0,  -27,    0,    0,    0,    0,  -24,  -16,    0,  -27,    0,    0,    0,    0,    0,    0,    0,
       0,    0,    0,    0,    0,   -8,    0,   -8,   -3,    0,    0,    0,    0,    0,    0,    0,    0,    0,    0,    0,    0,    0,    0,    0,    0,    0,    0,    0,    0,    0,    0,    0,    0,    0,    0,    0,    0,    0,    0,    0,    0,    0,    0,    0,    0,    0,    0,    0,    0,    0,    0,    0,    0,    0,    0,    0,    0,    0,    0,    0,    0,    0,    0,    0,    0,    0,    0,    0,    0,    0,    0,    0,    0,    0,    0,    0,    0,    0,    5,
       0,    0,    0,    0,    0,  -16,    0,  -16,    0,    0,    0,    0,    0,    0,    0,    0,    0,    0,    0,    0,    0,    0,    0,    0,    0,    0,    0,    0,    0,    0,    0,    0,    0,    0,    0,    0,    0,    0,    0,    0,    0,    0,    0,    0,    0,    0,    0,    0,    0,    0,    0,    0,    0,    0,    0,    0,    0,    0,    0,    0,    0,    0,    0,    0,    0,    0,    0,    0,    0,    0,    0,    0,    0,    0,    0,    0,    0,    0,    0,
       0,    0,    0,    0,    0,    0,    0,    0,    0,    0,    0,    0,    0,   11,    0,    0,    0,    0,    0,    0,    0,    0,    0,    0,    0,    0,    0,    0,    0,    0,    0,    0,    0,    0,    0,  -11,    0,    0,    0,    0,    0,    0,    0,    0,    0,    0,    0,    0,    0,    0,    0,    0,    0,    0,    0,    0,    0,    0,    0,    0,    0,    0,    0,    0,    0,    0,    0,    0,    0,    0,    0,    0,    0,    0,    0,    0,    0,    0,    0,
       0,   11,    0,    0,    0,  -13,    0,  -13,    0,    0,    0,    0,    0,    0,    0,    0,    0,    0,    0,    0,    0,    0,    0,    0,    0,    0,    0,    0,    0,    0,    0,    0,    0,    0,    0,    0,    0,    0,    0,    0,    0,    0,    0,    0,    0,    0,    0,    0,    0,    0,    0,    0,    0,    0,    0,    0,    0,    0,    0,    0,    0,    0,    0,    0,    0,    0,    0,    0,    0,    0,    0,    0,    0,    0,    0,    0,    0,    0,    0,
       0,    8,    0,    0,    0,    0,    0,    0,    0,    0,    0,    0,    0,    5,    0,    0,    0,    0,    0,    0,    0,    0,    0,    0,    0,    0,    0,    0,    0,    0,    0,    0,    0,    0,    0,    0,    0,    0,    0,    0,    0,    0,    0,    0,    0,    0,    0,    0,    0,    0,    0,    0,    0,    0,    0,    0,    0,    0,    0,    0,    0,    0,    0,    0,    0,    0,    0,    0,    0,    0,    0,    0,    0,    0,    0,    0,    0,    0,    0,
       0,   21,   13,    0,   19,  -11,    0,  -11,   -3,    8,   11,    8,   12,   -5,   13,    0,   13,    0,   11,    0,    0,    0,    0,    0,    0,    0,    0,    0,    0,    0,    0,    0,    0,    0,    0,   11,    0,    0,    0,    0,    0,    0,    0,    0,    0,    0,    0,    0,    0,    0,    0,    0,    0,    0,    0,    0,    0,    0,    0,    0,    0,    0,    0,    0,    0,    0,    0,    0,    0,    0,    0,    0,    0,    0,    0,    0,    5,   16,    0,
       0,    0,    0,    0,    0,   -5,    0,   -5,    0,    0,    0,    0,    0,    0,    0,    0,    0,    0,    0,    0,    0,    0,    0,    0,    0,    0,    0,    0,    0,    0,    0,    0,    0,    0,    0,   -5,    0,    0,    0,    0,    0,    0,    0,    0,    0,    0,    0,    0,    0,    0,    0,    0,    0,    0,    0,    0,    0,    0,    0,    0,    0,    0,    0,    0,    0,    0,    0,    0,    0,    0,    0,    0,    0,    0,    0,    0,    0,    0,    0,
       0,    0,    0,    0,    0,   -5,    0,   -5,    0,    0,    0,    0,    0,    0,    0,    0,    0,    0,    0,    0,    0,    0,    0,    0,    0,    0,    0,    0,    0,    0,    0,    0,    0,    0,    0,  -13,    0,    0,    0,    0,    0,    0,    0,    0,    0,    0,    0,    0,    0,    0,    0,    0,    0,    0,    0,    0,    0,    0,    0,    0,    0,    0,    0,    0,    0,    0,    0,    0,    0,    0,    0,    0,    0,    0,    0,    0,    0,    5,    5,
       0,    0,    0,    0,  -24,    0,   -5,    0,    0,    0,    0,    0,    0,    0,    0,    0,    0,    0,    0,    0,    0,   -8,    8,    0,  -11,    0,    0,    0,    0,  -16,  -19,  -32,   10,  -27,    0,  -43,    0,   -5,    0,    0,    5,   -5,    0,   -5,   -5,    0,   -7,   -7,  -16,    0,  -16,    0,    0,   -8,    0,    0,    5,    0,   -5,   -5,   -5,   -3,    0,   -5,    0,   -5,    0,    0,    0,    0,    0,    5,    0,   -5,   -5,   -8,  -27,  -21,    0,
       0,    0,    0,    0,    0,  -11,    0,  -11,    0,    0,    0,    0,    0,    0,    0,    0,    0,    0,    0,  -11,  -11,   -5,   -5,    0,    3,    0,    0,    0,    0,  -11,   -8,  -16,    0,  -12,    0,  -11,    0,    0,   -3,   -4,    0,   -3,    0,    0,    0,    0,    0,    0,    0,    0,    0,    0,    0,    0,    0,    0,   -5,    0,    0,   -3,    0,    0,   -3,    0,   -3,    0,    0,   -3,    0,    0,    0,    0,    0,    0,   -8,    0,    0,    0,    0,
       0,    0,    0,    0,    0,   -3,    0,   -3,    0,    0,    0,    0,    0,    0,    0,    0,    0,    0,    0,   -5,   -5,    0,    0,    0,   -4,    0,    0,    0,    0,    0,   -4,   -5,    0,    0,    0,    0,    0,   -3,    0,    0,    0,    0,    0,    0,    0,    0,    0,    0,    0,    0,    0,    0,    0,    0,    0,    0,    0,    0,   -3,    0,    0,   -3,    0,   -3,    0,    0,    0,    0,    0,    0,    0,    0,    0,    0,    0,    0,    0,    0,    0,
       0,    0,    0,    0,    0,  -16,    0,  -16,   -5,    0,    0,    0,    0,    0,    0,    0,    0,    0,    0,  -11,  -11,    0,   -8,    0,    4,   -3,   -7,   -4,    0,   -5,   -5,   -8,   -3,   -8,    0,  -13,    0,    0,    0,    0,    0,    0,    0,    0,    0,    0,    0,    0,    0,    0,    0,    0,    0,    0,    0,    0,   -8,   -5,    0,    0,    0,    0,    0,    0,    0,    0,    0,    0,    0,    0,    0,    0,    0,    0,    0,    0,    0,    0,    0,
       0,    0,    0,    0,    8,    0,    0,    0,    0,    0,    0,    0,    0,    0,    0,    0,    0,    0,    0,   -8,   -8,    0,    0,    0,   -4,    0,    0,    0,    0,    0,   -3,    0,    0,    0,    0,    0,    0,   -5,    0,    0,    0,    0,    0,    0,    0,    0,    0,    0,    0,    0,    0,    0,    0,    0,    0,    0,    0,    0,   -5,    0,    0,   -5,    0,   -5,    0,    0,    0,    0,    0,    0,    0,    0,    0,    0,   -3,    0,    0,    0,    0,
       0,    0,    0,    0,    0,  -24,    0,  -24,  -19,    0,    0,    0,    0,    0,    0,    0,    0,    0,    0,  -16,  -16,    0,  -24,    0,    0,    0,    0,   -3,    0,    0,    0,    0,    0,    0,    0,    0,    0,   -6,    0,   -4,   -8,    0,    0,    0,    0,   -8,    0,    0,    0,    0,    0,    0,    0,   -5,    0,    0,  -25,    0,   -6,    0,    5,   -6,    0,   -6,    0,    5,    0,    0,   -8,    0,   -5,   -8,    0,    0,    0,    0,    0,    7,    0,
       0,    0,    0,    0,    0,  -13,    0,  -13,    0,    0,    0,    0,    0,    0,    0,    0,    0,    0,    0,    0,    0,    0,   -5,    0,    0,    0,    0,    0,    0,   -8,   -5,  -11,    0,   -8,    0,   -8,    0,    0,    0,    0,    0,    0,    0,    0,    0,    0,    0,    0,    0,    0,    0,    0,    0,    0,    0,    0,    0,    0,    0,    0,    0,    0,    0,    0,    0,    0,    0,    0,    0,    0,    0,    0,    0,    0,   -5,    0,  -11,    0,    0,
       0,    0,    0,    0,    0,  -13,    0,  -13,    0,    0,    0,    0,    0,    0,    0,    0,    0,    0,    0,  -11,  -11,    0,    0,    0,   -4,    0,    0,    0,    0,    0,    0,    0,    0,    0,    0,    0,    0,   -5,    0,    0,    0,    0,    0,   -3,   -3,   -4,   -5,   -5,   -3,   -4,   -3,    0,    0,  -11,   -5,    0,    0,    0,   -5,    0,    0,   -5,    0,   -5,    0,    0,    0,    0,   -4,    0,   -5,    0,    0,   -5,    0,    0,   -5,    0,    0,
       0,    0,    0,    0,    5,  -16,    0,  -16,   -8,    0,    0,    0,    0,    0,    0,    0,    0,    0,    0,  -11,  -11,    0,   -8,    0,   -3,    0,    0,    0,    0,    0,    0,    0,    0,    3,    0,    0,    0,   -4,    0,    0,    0,    0,    0,    0,    0,   -3,    0,    0,    0,    0,    0,    0,    0,    0,    0,    0,   -5,    0,   -4,    0,    5,   -4,    0,   -4,    0,    5,    0,    0,   -3,    0,    0,    0,    0,    0,    0,    0,    0,    0,    0,
       0,    0,    0,    0,    8,   -3,   -8,   -3,    0,    0,    0,    0,    0,    0,    0,    0,    0,    0,    0,   -8,   -8,    0,    5,    0,   -9,    0,    0,    0,    0,    0,    0,    0,   12,    0,    0,    0,    0,   -5,    0,    0,    0,    0,    0,   -5,   -5,   -5,   -3,   -8,   -5,    0,   -5,    0,    0,  -11,    0,    0,    9,    0,   -5,    0,    0,   -5,    0,   -5,    0,    0,    0,    0,   -5,    0,    0,    0,    0,   -8,    0,    0,    0,    0,    0,
       0,    0,    0,    0,  -15,    0,    0,    0,    0,    0,    0,    0,    0,    0,    0,    0,    0,    0,    0,    0,    0,    0,    0,    0,    0,    0,    0,    0,    0,  -12,   -8,  -19,    8,  -16,    0,  -24,    0,    0,    0,    0,    0,    0,    0,    0,    0,    0,    0,    0,   -8,    0,   -8,    0,    0,    0,    0,    0,    0,    0,    0,    0,    0,    0,    0,    0,    0,    0,    0,    0,    0,    0,    0,    0,    0,    0,    0,    0,  -16,   -5,    0,
       0,    0,    0,    0,    0,    0,    0,    0,    0,    0,    0,    0,    0,    0,    0,    0,    0,    0,    0,    0,    0,    0,    0,    0,   -4,    0,    0,    0,    0,   -5,   -5,   -8,    5,    0,    0,   -8,    0,    0,    0,    0,    0,    0,    0,    0,    0,    0,    0,   -3,   -3,    0,   -3,    0,    0,   -5,    0,    0,    0,    0,    0,    0,    0,    0,    0,    0,    0,    0,    0,    0,    0,    0,    0,    0,    0,    0,    0,    0,   -8,    0,    0,
       0,    0,    0,    0,    0,  -19,    0,  -19,  -16,    0,    0,    0,    0,    0,    0,    0,    0,    0,    0,    0,    0,    0,  -11,    0,   -4,    0,    0,    0,    0,    0,    0,    0,    0,    0,    0,    0,    0,   -5,    0,    0,   -5,    0,    0,    0,    0,   -5,    0,   -3,    0,   -5,    0,   -4,    0,   -5,   -5,    0,  -11,    0,   -5,    0,    0,   -5,    0,   -5,    0,    0,    0,    0,   -5,   -4,    0,   -5,    0,    0,    0,    0,    0,    0,    0,
       0,    0,    0,    0,    0,  -32,    0,  -32,  -19,    0,    0,    0,    0,    0,    0,    0,    0,    0,    0,  -19,  -19,    0,  -25,   -5,    0,   -8,   -5,   -9,    0,    0,   -8,   -5,   -8,   -5,    0,   -8,    0,  -11,   -3,    0,   -6,    0,    0,    0,    0,   -5,    0,    0,    0,    0,    0,    0,    0,    0,    0,    0,  -33,    0,  -11,    0,    0,  -11,   -3,  -11,   -3,    0,    0,   -3,   -5,    0,    0,   -6,   -3,    0,   -5,    0,    0,    0,    0,
       0,    0,    0,   61,    0,   34,    0,  -16,   -5,    0,    0,    0,    0,    0,    0,    0,    0,    0,    0,  -11,   39,    0,  -11,    0,    4,   -3,   20,   -4,    0,   -5,   -5,   -8,   -3,   -8,    0,  -13,   59,    0,    0,   12,   22,    0,   17,    0,    6,    0,    0,    0,    0,    0,    0,    0,   59,    0,    0,    0,   -8,   -5,    0,    0,    0,    0,   11,    0,    0,    0,    0,    0,    0,    0,    0,   22,    0,    0,    0,    0,    0,    0,    0,
       0,    0,    0,    0,   -8,    0,  -11,    0,    0,    0,    0,    0,    0,    0,    0,    0,    0,    0,    0,    0,    0,    0,   11,    0,  -11,    3,    0,    8,    0,  -16,  -15,  -21,   16,  -24,    3,  -25,    0,   -3,    0,   -5,    0,    0,    0,    0,    0,    0,    0,   -5,   -5,    0,   -5,    0,    0,  -11,    0,    0,   11,    0,   -3,    0,    0,   -3,    0,   -3,    0,    0,    0,    0,    0,    0,    0,    0,    0,   -8,    0,   -5,  -15,  -13,    0,
       0,    0,    0,    0,    0,  -11,    0,  -11,    0,    0,    0,    0,    0,    0,    0,    0,    0,    0,    0,   -8,   -8,    0,    0,    0,    0,    0,    0,    0,    0,   -5,   -5,   -4,    0,   -4,    0,   -5,    0,    0,    0,    0,    0,    0,    0,    0,    0,    0,    0,    0,    0,    0,    0,    0,    0,    0,    0,    0,    0,    0,    0,    0,    0,    0,    0,    0,    0,    0,    0,    0,    0,    0,    0,    0,    0,   -5,   -5,   -5,    0,    0,    0,
       0,    0,    0,    0,   16,  -27,    0,  -27,  -19,    0,    0,    0,    0,    0,    0,    0,    0,    0,    0,  -16,  -16,    0,  -24,    0,    0,    0,    0,   -3,    0,    0,    0,    0,    0,    0,    0,    0,    0,  -11,    3,    0,   -5,    0,    0,    0,    0,   -8,    0,    0,    0,    0,    0,    0,    0,   -8,    0,    0,  -24,    0,  -11,    0,    0,  -11,    3,  -11,    8,    0,    0,    3,   -8,    0,    0,   -5,    0,   -8,    0,    0,    8,   13,    0,
       0,    0,    0,    0,    0,  -21,   -5,  -21,  -19,    0,    0,    0,    0,    0,    0,    0,    0,    0,    0,  -13,  -13,    0,  -16,    0,   -5,    0,    0,   -3,   -3,    0,    0,    0,    0,    0,    0,    0,    0,  -11,    0,    0,   -8,    0,    0,    0,    0,   -8,    0,    0,    0,   -5,    0,   -3,    0,    0,    0,    0,  -16,  -13,  -11,    0,    0,  -11,    0,  -11,    0,    0,    0,    0,   -8,   -3,    0,   -8,    0,    0,    0,    0,    0,    0,    0,
       0,    0,    0,    0,    8,  -35,   -8,  -35,  -24,    0,    0,    0,    0,    0,    0,    0,    0,    0,    0,  -19,  -19,    0,  -29,    0,   -8,    0,    0,   -5,   -3,    0,    0,    0,    0,    4,    0,    5,    0,  -16,    0,    0,  -16,    0,    0,    0,    0,  -13,    0,   -3,    0,   -5,    0,   -3,    0,   -8,   -8,    0,  -35,    0,  -16,    0,    5,  -16,    0,  -16,    0,    5,    0,    0,  -13,   -3,  -11,  -16,    0,    0,    0,    0,    0,    5,    0,
       0,    0,    0,    0,    0,   -5,   -5,   -5,    0,    0,    0,    0,    0,    0,    0,    0,    0,    0,    0,   -8,   -8,    0,    7,    0,   -8,    0,    0,    5,    0,    0,    0,    0,   13,    0,    0,    0,    0,   -5,    0,    0,    0,    0,    0,    0,    0,    0,    0,   -5,   -5,    0,   -5,    0,    0,   -5,    0,    0,    8,    0,   -5,    0,    0,   -1,    0,   -5,    0,    0,    0,    0,    0,    0,    0,    0,    0,   -5,    0,   -5,    0,    0,    0,
       0,    0,    0,    0,   15,  -27,  -13,  -27,  -27,    0,    0,    0,    0,    0,    0,    0,    0,    0,    0,  -13,  -13,    0,  -28,    0,   -8,    0,    0,    0,   -3,    0,    0,    0,    3,    5,    0,    5,    0,  -16,    0,   -8,  -13,    0,    0,   -3,   -3,  -16,   -3,   -8,    0,  -11,    0,   -5,    0,   -8,   -8,    0,  -27,    0,  -16,    0,    8,  -16,    0,  -16,   11,    8,    0,    0,  -16,   -5,   -8,  -13,    0,  -11,    0,   -8,    0,    5,    0,
       0,    0,    0,    0,    0,    0,    0,    0,    0,    0,    0,    0,    0,    0,    0,    0,    0,    0,    0,   -5,   -5,    0,    0,    0,    0,    0,    0,    0,    0,   -3,   -4,   -6,    0,   -3,    0,   -5,    0,    0,    0,    0,    0,    0,    0,    0,    0,    0,    0,    0,    0,    0,    0,    0,    0,    0,    0,    0,    0,    0,    0,    0,    0,    0,    0,    0,    0,    0,    0,    0,    0,    0,    0,    0,    0,    0,    0,    0,    0,    0,    0,
       0,    0,    0,    0,    0,    0,    0,    0,    0,    0,    0,    0,    0,    0,    0,    0,    0,    0,    0,    0,    0,    0,    0,    0,    0,    0,   13,    0,    0,    0,    0,    0,    0,    0,    0,    0,    0,  -11,    0,   19,    0,    0,   11,    0,    0,    0,    0,    0,    0,    0,    0,    0,    0,    0,    0,    0,    0,    0,  -11,    0,    0,  -11,    0,  -11,    0,    0,    0,    0,    0,    0,    0,    0,    0,    0,    0,    0,    0,    0,    0,
       0,    0,    0,    0,    0,    0,    0,    0,    0,    0,    0,    8,    5,    0,    5,    0,    0,    0,    5,    0,    0,    0,    8,    0,   -5,    0,    0,    5,    0,  -15,  -13,  -27,   16,  -23,    0,    0,    0,    0,    0,    0,   21,    0,    0,    0,    0,    0,    0,    0,  -13,    8,  -13,    5,    0,    0,    0,    0,    8,    0,    0,    0,    0,    0,    0,    0,    0,    0,    0,    0,    0,    5,    0,   21,    0,    0,    0,    0,    0,    0,    0,
       0,    0,    0,    0,   -8,    0,    0,    0,    0,    0,    0,    0,    0,    0,    0,    0,    0,    0,    0,    0,    0,    0,    0,    0,    0,    0,    0,    0,    0,    0,    0,    0,    0,    0,    0,  -16,    0,    0,    0,    0,    0,    0,    0,    0,    0,    0,    0,    0,    0,    0,    0,    0,    0,    0,    0,    0,    0,    0,    0,    0,    0,    0,    0,    0,    0,    0,    0,    0,    0,    0,    0,    0,    0,   -3,    0,    0,   -8,    0,    0,
       0,    0,    0,    0,   -8,  -13,    0,  -13,    0,    0,    0,    0,    0,    0,    0,    0,    0,    0,    0,   -5,   -5,    0,    0,    0,    0,    0,    0,    0,    0,    0,    0,    0,    0,    0,    0,  -21,    0,    0,   -3,    0,    0,    0,    0,    0,    0,    0,    0,    0,    0,   -3,    0,    0,    0,    0,    0,    0,    0,    0,    0,    0,    0,    0,   -3,    0,   -3,    0,    0,    3,    0,    0,    0,    0,    0,   -3,    0,    0,   -8,    0,    0,
       0,    0,    0,    0,    0,    0,    0,    0,    0,    0,    0,    0,    0,    0,    0,    0,    0,    0,    0,    0,    0,    0,    0,    0,    0,    0,    0,    0,    0,    0,    0,    0,    0,    0,    0,  -13,    0,   -3,    0,    0,    0,    0,    0,    0,    0,    0,    0,    0,    0,    0,    0,    0,    0,    0,    0,    0,    0,    0,   -3,    0,    0,   -3,    0,   -3,    0,    0,    0,    0,    0,    0,    0,    0,    0,   -3,    0,    0,    0,    3,    0,
       0,    0,    0,    0,    0,    0,    0,    0,    0,    0,    0,    0,    0,    0,    0,    0,    0,    0,    0,    0,    0,    0,    0,    0,    0,    0,    0,    0,    0,    0,    0,    0,    0,    0,    0,  -16,    0,    0,   -5,    0,    0,    0,    0,    0,    0,    0,    0,    0,    0,    0,    0,    0,    0,    0,    0,    0,    0,    0,    0,    0,    0,    0,   -5,    0,   -5,    0,    0,   -5,    0,    0,    0,    0,    0,    0,    0,    0,    0,    0,    0,
       0,    0,    0,   11,   19,  -16,    0,  -16,  -11,    0,    0,    0,    0,    0,    0,    0,    0,    0,    0,    0,    0,   11,    0,    0,    0,    0,    0,    0,    0,    0,    0,    0,    0,    0,    0,   19,    0,   -5,   13,    0,   -8,    0,    0,   -5,   -5,   -3,    0,    0,    5,    0,    5,    0,    0,    0,    0,    0,    0,    0,   -5,    8,   13,   -5,   13,   -5,   13,   29,    8,   13,   -3,    0,    0,   -8,    0,    0,    0,    0,    8,   16,    0,
       0,    0,    0,    0,   11,  -11,    0,   -8,    0,    0,    0,    0,    0,    0,    0,    0,    0,    0,    0,    0,    0,    0,    0,    0,    0,    0,    0,    0,    0,    0,    0,    0,    0,    0,    0,    0,    8,    0,    0,   21,    8,    0,   27,    8,    8,    0,   11,    8,   13,    5,   13,    0,    5,    0,    0,    0,    0,    0,    0,    0,    0,    0,    0,    0,    0,    0,    0,    0,    0,    0,    0,    8,    0,    0,    0,    0,   13,   16,    0,
       0,    0,    0,    0,  -11,    0,    0,    0,    0,    0,    0,    0,    0,    0,    0,    0,    0,    0,    0,   -5,   -5,    0,    0,    0,    0,    0,    0,    0,    0,    0,    0,    0,    0,    0,    0,  -24,    0,    0,    0,    0,    0,    0,    0,    0,    0,    0,    0,    0,   -4,    0,   -4,    0,    0,    0,    0,    0,    0,    0,    0,    0,    0,    0,    0,    0,    0,    0,    0,    0,    0,    0,    0,    0,    0,   -5,    0,    0,   -8,    0,    0,
       0,    0,    0,    0,    0,    0,    0,    0,    0,    0,    0,    0,    0,    0,    0,    0,    0,    0,    0,  -11,  -11,    0,    0,    0,    0,    0,    0,    0,    0,    0,    0,    0,    0,    0,    0,    0,    0,    0,    0,    0,    0,    0,    0,    0,    0,    0,    0,    0,    0,    0,    0,    0,    0,    0,    0,    0,    0,    0,    0,    0,    0,    0,    0,    0,    0,    0,    0,    0,    0,    0,    0,    0,    0,    0,    0,    0,    0,    0,    0,
       0,    0,    0,    0,    0,    0,    0,    0,    0,    0,    0,    0,    0,    0,    0,    0,    0,    0,    0,    0,    0,    0,    0,    0,    0,    0,    0,    0,    0,    0,    0,    0,    0,    0,    0,  -21,    0,    0,    0,    0,   11,    0,    0,    0,    0,    0,    0,    0,    0,    0,    0,    3,    0,    0,    0,    0,    0,    0,    0,    0,    0,   11,    0,    0,    0,    0,    0,    0,    0,    3,    0,   11,    0,    0,    0,    0,    0,    0,    0,
       0,    0,    0,   13,    0,   -8,    0,   -8,    0,    0,    0,    0,    0,    0,    0,    0,    0,    0,    0,    0,    0,    0,    0,    0,    0,    0,    0,    0,    0,    0,    0,    0,    0,    0,    0,  -13,    0,    0,   -3,   19,    9,    0,   21,    0,    0,    0,    0,    0,    0,    0,    0,    0,    0,    0,    0,    0,    0,    0,    0,    0,    0,    0,   -3,    0,   -3,    0,    0,   -3,    0,    0,    0,    9,    0,    0,    0,    0,    0,    0,    0,
       0,    0,    0,    0,    0,  -21,    0,  -21,  -13,    0,    0,    0,    0,    0,    0,    0,    0,    0,    0,    0,    0,    0,    0,    0,    0,    0,    0,    0,    0,    0,    0,    0,    0,    0,    0,   -8,    0,   -5,    0,    0,   -5,    0,    0,    0,    0,   -3,    0,    0,   11,    0,   11,    0,    0,    0,    0,    0,    0,    0,   -5,    0,    0,   -5,    0,   -5,    0,    0,    0,    0,   -3,    0,    0,   -5,    0,    0,    0,    0,    0,    8,    0,
       0,    0,    0,    0,    0,   -5,    0,   -5,    0,    0,    0,    0,    0,    0,    0,    0,    0,    0,    0,   -5,   -5,    0,    0,    0,    0,    0,    0,    0,    0,    0,    0,    0,    0,    0,    0,  -11,    0,    0,    0,    0,    0,    0,    0,    0,    0,    0,    0,    0,    0,    0,    0,    0,    0,    0,    0,    0,    0,    0,    0,    0,    0,    0,    0,    0,    0,    0,    0,    0,    0,    0,    0,    0,    0,    0,    0,    0,    0,    0,    0,
       0,    0,    0,    0,    0,    0,    0,    0,    0,    0,    0,    0,    0,    0,    0,    0,    0,    0,    0,    0,    0,    0,    0,    0,    0,    0,    0,    0,    0,    0,    0,    0,    0,    0,    0,   -8,    0,    0,    0,    0,    0,    0,    0,    0,    0,    0,    0,    0,    0,    0,    0,    0,    0,    0,    0,    0,    0,    0,    0,    0,    0,    0,    0,    0,    0,    0,    0,    0,    0,    0,    0,    0,    0,    0,    0,    0,    0,    5,    0,
       0,    0,    0,    0,    0,  -19,    0,  -19,    0,    0,    0,    0,    0,    0,    0,    0,    0,    0,    0,  -11,  -11,    0,    0,    0,    0,    0,    0,    0,    0,    0,    0,    0,    0,    0,    0,  -13,    0,    0,    0,    0,   -3,    0,    0,    0,    0,    0,    0,    0,    0,    0,    0,    0,    0,    0,    0,    0,    0,    0,    0,    0,    0,    0,    0,    0,    0,    0,    0,    0,    0,    0,    0,   -3,    0,    0,    0,    0,    0,    0,    0,
       0,    0,    0,    0,    0,    0,    0,    0,    0,    0,    0,    0,    0,    0,    0,    0,    0,    0,    0,    0,    0,    0,    0,    0,    0,    0,    0,    0,    0,    0,    0,    0,    0,    0,    0,  -17,    0,    0,    0,    0,    0,    0,    0,    0,    0,    0,    0,    0,    3,    0,    3,    0,    0,    0,    0,    0,    0,    0,    0,    0,    0,    8,    0,    0,    0,    0,    0,    0,    0,    0,    0,    0,    0,    0,    0,    0,    0,    8,    0,
       0,    0,    0,   -8,    0,    0,    0,    0,    0,    0,    0,    0,    0,    0,    0,    0,    0,    0,    0,    0,    0,    0,    0,    0,    0,    0,    0,    0,    0,    0,    0,    0,    0,    0,    0,  -16,    0,    0,    0,    0,    5,    0,    0,    0,    0,    0,    0,    0,    5,    0,    5,    0,    0,    0,    0,    0,    0,    0,    0,    0,    0,    8,    0,    0,    0,    0,    0,    0,    0,    0,    0,    5,    0,    0,    0,    0,    0,    0,    0,
       0,    0,    0,    0,    0,    0,    0,    0,    0,    0,    0,    0,    0,    0,    0,    0,    0,    0,    0,    0,    0,    0,    0,    0,    0,    0,   11,    0,    0,    0,    0,    0,    0,    0,    0,    0,    0,  -11,    0,   13,    0,    0,   16,   -5,   -5,   -5,    0,    0,    0,    0,    0,    0,    0,    0,    0,    0,   -7,    0,  -11,    0,    0,  -11,    0,  -11,    0,    0,    0,    0,   -5,    0,    0,    8,    0,    0,    0,    0,    0,    0,    0,
       0,    0,    0,    0,    0,    0,    0,    0,    0,    0,    0,    0,    0,    0,    0,    0,    0,    0,    0,    0,    0,    0,    0,    0,    0,    0,   21,    0,    0,    0,    0,  -12,    0,   -7,    0,    0,    0,    0,   -8,   13,    0,    0,   19,    0,    0,    0,    0,    0,    0,    0,    0,    0,    0,    0,    0,    0,    0,    0,    0,    0,    0,    0,   -8,    0,   -8,    0,    0,   -8,    0,    0,    0,    0,    0,    0,    0,    0,    0,    0,    0,
       0,    0,    0,    0,    0,    0,    0,    0,    0,    0,    0,    0,    0,    0,    0,    0,   11,    0,    0,    0,    0,    0,    0,    0,    0,    0,    0,    0,    0,    0,    0,    0,    0,    0,    0,    0,    0,    0,    0,    0,    0,    0,    0,    0,    0,    0,    0,    0,    0,    0,    0,    0,    0,    0,    0,    0,    0,    0,    0,    0,    0,    0,    0,    0,    0,    0,    0,    0,    0,    0,    0,    0,    0,    0,    0,    0,    0,    0,    0,
       0,    0,    0,    0,    0,    0,    0,    0,    0,    0,    0,    0,    0,    0,    0,    0,    0,    0,    0,    0,    0,    0,    0,    0,    0,    0,    0,    0,    0,    0,    0,   -5,    0,   -5,    0,    0,    0,    0,    0,    0,    0,    0,    0,    0,    0,    0,    0,    0,    0,    0,    0,    0,    0,    0,    0,    0,    0,    0,    0,    0,    0,    0,    0,    0,    0,    0,    0,    0,    0,    0,    0,    0,    0,    0,    0,    0,    0,    0,    0,
       0,    0,    0,    0,    0,  -11,    0,  -11,    0,    0,    0,    0,    0,    0,    0,    0,    0,    0,    0,    0,    0,    0,    0,    0,    0,    0,    0,    0,    0,   -8,    0,   -5,    0,   -5,    0,    0,    0,    0,    0,    0,    0,    0,    0,    0,    0,    0,    0,    0,    0,    0,    0,    0,    0,    0,    0,    0,    0,    0,    0,    0,    0,    0,    0,    0,    0,    0,    0,    0,    0,    0,    0,    0,    0,    0,    0,    0,    0,    0,    0,
       0,    0,    0,    0,    0,    0,    0,    0,    0,    0,    0,    0,    0,    0,    0,    0,    0,    0,    0,    0,    0,    0,    0,    0,    0,    0,   27,    0,    0,    0,   -8,  -11,    0,  -11,    0,    0,    0,   -8,   -8,   19,    5,    0,   21,    0,    0,    0,    0,    0,    0,    0,    0,    0,    0,    0,    0,    0,    0,    0,   -8,    0,    0,   -8,   -8,   -8,   -8,    0,    0,   -8,    0,    0,    0,    5,    0,    0,    0,    0,    0,    0,    0,
       0,    0,    0,  -15,    0,  -29,    0,  -29,  -16,    0,    0,    0,    0,    0,    0,    0,    0,    0,    0,    0,    0,    0,  -16,   -8,    0,   -8,   -5,   -8,    0,  -11,   -5,  -13,  -13,  -16,    0,  -22,    0,    0,    0,    0,    0,    0,    0,    0,    0,    0,    0,    0,    0,    0,    0,    0,    0,    0,    0,    0,  -16,    0,    0,    0,    0,    0,    0,    0,    0,    0,    0,    0,    0,    0,    0,    0,    0,    0,    0,    0,    0,    0,    0,
       0,    0,    0,    0,    0,    0,    0,    0,    0,    0,    0,    0,    0,    0,    0,    0,    0,    0,    0,    0,    0,    0,    0,    0,    0,    0,    0,    0,    0,    0,    0,    0,    0,    0,    0,    0,    0,    0,    0,    0,    0,    0,    0,    0,    0,    0,    0,    0,    0,    0,    0,    0,    0,    0,    0,    0,    0,    0,    0,    0,    0,    0,    0,    0,    0,    0,    0,    0,    0,    0,    0,    0,    0,    0,    0,    0,   -8,    0,    0,
       0,    0,    0,    0,    0,    0,    0,    0,    0,    0,    0,    0,    0,    0,    0,    0,    0,    0,    0,    0,    0,    0,    0,    0,    0,    0,    0,    0,    0,    0,    0,    0,    0,    0,    0,  -13,    0,   -3,    0,    8,    0,    0,   11,    0,    0,    0,    0,    0,    0,    0,    0,    0,    0,    0,    0,    0,    0,    0,   -3,    0,    0,   -3,    0,   -3,    0,    0,    0,    0,    0,    0,    0,    0,    0,   -3,    0,    0,    0,    3,    0,
       0,    0,    0,    8,   16,    0,    0,    0,    0,    0,    0,    0,    0,    0,    0,    0,    0,    0,    0,    0,    0,    0,    0,    0,    0,    0,    0,    0,    0,    0,    0,    0,    0,    0,    0,   16,    0,    0,   16,    0,    0,    0,    0,    0,    0,    0,    0,    0,    0,    0,    0,    0,    0,    0,    0,    0,    0,    0,    0,    0,   11,    0,   16,    0,   16,   11,    0,   16,    0,    0,    0,    0,    0,    0,    0,    0,    0,    8,    0,
       0,    0,    0,    0,   -8,  -13,    0,  -13,    0,    0,    0,    0,    0,    0,    0,    0,    0,    0,    0,   -5,   -5,    0,    0,    0,    0,    0,    0,    0,    0,    0,    0,    0,    0,    0,    0,  -21,    0,    0,   -3,    0,    0,    0,    0,    0,    0,    0,    8,    0,   11,   -3,   11,    0,    0,    0,    0,    0,    0,    0,    0,    0,    0,    0,   -3,    0,   -3,    0,    0,    3,    0,    0,    0,    0,    0,   -3,    0,    0,   -8,    0,    0,
       0,    0,    0,    0,  -24,    0,   -5,    0,    0,    0,    0,    0,    0,    0,    0,    0,    0,    0,    0,    0,    0,   -8,    8,    0,  -11,    0,   32,    0,    0,  -16,  -19,  -32,   10,  -27,    0,  -43,    0,   -5,    0,   29,   19,   -5,   35,   -5,   -5,    0,   -7,   -7,  -16,    0,  -16,    0,    0,   -8,    0,    0,    5,    0,   -5,   -5,   -5,   -3,    0,   -5,    0,   -5,    0,    0,    0,    0,    0,   19,    0,   -5,   -5,   -8,  -27,  -21,    0,
       0,    0,    0,    0,   -8,    0,    0,    0,    0,    0,    0,    0,    0,    0,    0,    0,    0,    0,    0,    0,    0,    0,    0,    0,    0,    0,    0,    0,    0,    0,    0,    0,    0,    0,    0,  -16,    0,    0,    0,   32,   11,    0,   37,    0,    0,    0,    0,    0,    0,    0,    0,    0,    0,    0,    0,    0,    0,    0,    0,    0,    0,    0,    0,    0,    0,    0,    0,    0,    0,    0,    0,   11,    0,   -3,    0,    0,   -8,    0,    0,
       0,    0,    0,   29,   30,    0,    0,    0,    0,    0,    0,    0,    0,    0,    0,    0,    0,    0,    0,    0,    0,   16,    0,    0,    0,    0,    0,    0,    0,    0,    0,    0,    0,    0,    0,   27,   13,    0,   29,    8,    0,   13,   13,   11,   11,    0,   11,   11,   13,    3,   13,    8,   13,    0,    0,    0,    0,    0,    5,   13,    0,    0,   29,   11,   29,    0,    0,   29,   11,   21,    0,    0,    0,    0,    0,    0,   16,   27,    0,
       0,    0,    0,    0,    8,    0,    0,    0,    0,    0,    0,    0,    0,    0,    0,    0,    0,    0,    0,   -8,   -8,    0,    0,    0,   -4,    0,   19,    0,    0,    0,   -3,    0,    0,    0,    0,    0,    0,   -5,    0,   19,    0,    0,   23,    0,    0,    0,    0,    0,    0,    0,    0,    0,    0,    0,    0,    0,    0,    0,   -5,    0,    0,   -5,    0,   -5,    0,    0,    0,    0,    0,    0,    0,    0,    0,    0,   -3,    0,    0,    0,    0,
       0,    0,    0,    0,    0,    0,    0,    0,    0,    0,    0,    0,    0,    0,    0,    0,    0,    0,    0,    0,    0,    0,    0,    0,    0,    0,    0,    0,    0,    0,    0,    0,    0,    0,    0,  -16,    0,    0,   -5,   16,    0,    0,   20,    0,    0,    0,    0,    0,    0,    0,    0,    0,    0,    0,    0,    0,    0,    0,    0,    0,    0,    0,   -5,    0,   -5,    0,    0,   -5,    0,    0,    0,    0,    0,    0,    0,    0,    0,    0,    0,
       0,    0,    0,    8,   29,    0,    0,    0,    0,    0,    0,    0,    0,    0,    0,    0,    0,    0,    0,    0,    0,    0,    0,    0,    0,    0,    0,    0,    0,    0,    0,    0,    0,    0,    0,   16,    0,    0,   29,    0,    0,    0,    0,    0,    0,    0,    0,    0,    0,    0,    0,    0,    0,    0,    0,    0,    0,    0,    0,    0,   11,    0,   29,    0,   29,   11,    0,   29,    0,    0,    0,    0,    0,    0,    0,    0,    0,    8,    0,
       0,    0,    0,    0,    0,  -13,    0,  -13,    0,    0,    0,    0,    0,    0,    0,    0,    0,    0,    0,  -11,  -11,    0,    0,    0,   -4,    0,   23,    0,    0,    0,    0,    0,    0,    0,    0,    0,    0,   -5,    0,   23,    0,    0,   23,   -3,   -3,   -4,   -5,   -5,   -3,   -4,   -3,    0,    0,  -11,   -5,    0,    0,    0,   -5,    0,    0,   -5,    0,   -5,    0,    0,    0,    0,   -4,    0,   -5,    0,    0,   -5,    0,    0,   -5,    0,    0,
       0,    0,    0,    0,    0,    0,    0,    0,    0,    0,    0,    0,    0,    0,    0,    0,    0,    0,    0,    0,    0,    0,    0,    0,    0,    0,    0,    0,    0,    0,    0,    0,    0,    0,    0,    0,    0,    0,    0,   27,    5,    0,   27,    0,    0,    0,    0,    0,    0,    0,    0,    0,    0,    0,    0,    0,    0,    0,    0,    0,    0,    0,    0,    0,    0,    0,    0,    0,    0,    0,    0,    5,    0,    0,    0,    0,    0,    0,    0,
       0,    0,    0,    0,    0,    0,    0,    0,    0,    0,    0,    0,    0,    0,    0,    0,    0,    0,    0,    0,    0,    0,    0,    0,    0,    0,    0,    0,    0,    0,    0,    0,    0,    0,    0,    0,    0,    0,   13,    0,    0,    0,    0,    0,    0,    0,    0,    0,    0,    0,    0,    0,    0,    0,    0,    0,    0,    0,    0,    0,    0,    0,   13,    0,   13,    0,    0,   13,    0,    0,    0,    0,    0,    0,    0,    0,    0,   13,    0,
       0,    0,    0,    0,    0,    0,    0,    0,    0,    0,    0,    0,    0,    0,    0,    0,    0,    0,    0,    0,    0,    0,    0,    0,    0,    0,    0,    0,    0,    0,    0,    0,    0,    0,    0,  -15,    0,   -3,    0,    0,    0,    0,    0,    0,    0,    0,    0,    0,    0,    0,    0,    0,    0,    0,    0,    0,    0,    0,   -3,    0,    0,   -3,    0,   -3,    0,    0,    0,    0,    0,    0,    0,    0,    0,   -3,    0,    0,    0,    0,    0,
       0,    0,    0,    0,    0,    0,    0,    0,    0,    0,    0,    0,    0,    0,    0,    0,    0,    0,    0,    0,    0,    0,    0,    0,    0,    0,    0,    0,    0,    0,    0,    0,    0,    0,    0,    0,    0,    0,    0,    8,    0,    0,   11,    0,    0,    0,    0,    0,    0,    0,    0,    0,    0,    0,    0,    0,    0,    0,    0,    0,    0,    0,    0,    0,    0,    0,    0,    0,    0,    0,    0,    0,    0,    0,    0,    0,    0,    0,    0,
       0,    0,    0,    0,    0,    0,    0,    0,    0,    0,    0,    0,    0,    0,    0,    0,    0,    0,    0,    0,    0,    0,    0,    0,    0,    0,    0,    0,    0,    0,    0,    0,    0,    0,    0,    0,    0,    0,    0,    0,    0,    0,    5,    5,    5,    0,    8,    5,   13,    0,   13,    0,    0,    0,    0,    0,    0,    0,    0,    0,    0,    0,    0,    0,    0,    0,    0,    0,    0,    0,    0,    0,    0,    0,    0,    0,    0,    0,    0,
       0,    0,    0,    0,    0,    0,    0,    0,    0,    0,    0,    0,    0,    0,    0,    0,    0,    0,    0,  -11,  -11,    0,    0,    0,    0,    0,    0,    0,    0,    0,    0,    0,    0,    0,    0,  -21,    0,    0,    0,    0,    0,    0,    0,    0,    0,    0,    0,    0,    0,    0,    0,    0,    0,    0,    0,    0,    0,    0,    0,    0,    0,    0,    0,    0,    0,    0,    0,    0,    0,    0,    0,    0,    0,    0,    0,    0,    0,    0,    0,
       0,    0,    0,    0,    0,   -5,    0,   -5,    0,    0,    0,    0,    0,    0,    0,    0,    0,    0,    0,   -5,   -5,    0,    0,    0,    0,    0,    0,    0,    0,    0,    0,    0,    0,    0,    0,  -11,    0,    0,    0,   11,    0,    0,   11,    0,    0,    0,    0,    0,    0,    0,    0,    0,    0,    0,    0,    0,    0,    0,    0,    0,    0,    0,    0,    0,    0,    0,    0,    0,    0,    0,    0,    0,    0,    0,    0,    0,    0,    0,    0,
       0,    0,    0,    0,    0,    0,    0,    0,    0,    0,    0,    0,    0,    0,    0,    0,    0,    0,    0,    0,    0,    0,    0,    0,    0,    0,    0,    0,    0,    0,    0,    0,    0,    0,    0,   -8,    0,    0,    0,   11,    0,    0,   11,    0,    0,    0,    0,    0,    0,    0,    0,    0,    0,    0,    0,    0,    0,    0,    0,    0,    0,    0,    0,    0,    0,    0,    0,    0,    0,    0,    0,    0,    0,    0,    0,    0,    0,    5,    0,
       0,    0,    0,    0,   -8,    0,    0,    0,    0,    0,    0,    0,    0,    0,    0,    0,    0,    0,    0,    0,    0,    0,    0,    0,    0,    0,    0,    0,    0,    0,    0,    0,    0,    0,    0,  -16,    0,    0,    0,   31,   11,    0,   35,    0,    0,    0,    0,    0,    0,    0,    0,    0,    0,    0,    0,    0,    0,    0,    0,    0,    0,    0,    0,    0,    0,    0,    0,    0,    0,    0,    0,   11,    0,   -3,    0,    0,   -8,    0,    0,
       0,    0,    0,    0,   11,   -5,    0,   -8,    0,    0,    0,    0,    0,    0,    0,    0,    0,    0,    0,    0,    0,    0,    0,    0,    0,    0,    0,    0,    0,    0,    0,    0,    0,    0,    0,    0,    8,    0,    0,   21,    8,    0,   27,    8,    8,    0,   11,    8,   13,    5,   13,    0,    5,    0,    0,    0,    0,    0,    0,    0,    0,    0,    0,    0,    0,    0,    0,    0,    0,    0,    0,    8,    0,    0,    0,    0,   13,   16,    0,
       0,    0,    0,    0,    0,   -8,    0,   -8,    0,    0,    0,    0,    0,    0,    0,    0,    0,    0,    0,    0,    0,    0,   -8,    0,    0,    0,    0,    0,    0,    0,    0,    0,    0,    0,    0,    0,    0,    0,    0,    0,    0,    0,    0,    0,    0,    0,    0,    0,    0,    0,    0,    0,    0,    0,    0,    0,   -5,    0,    0,    0,    0,    0,    0,    0,    0,    0,    0,    0,    0,    0,    0,    0,    0,    0,    0,    0,    0,    0,    0,
       0,    0,    0,    0,    0,    0,    0,    0,    0,    0,    0,    0,    0,    0,    0,    0,    0,    0,    0,    0,    0,    0,    0,    0,    0,    0,    0,    0,    0,    0,    0,    0,    0,    0,    0,    0,    0,    0,    0,    0,    0,    0,   13,    0,    0,    0,    0,    0,    0,    0,    0,    0,    0,    0,    0,    0,    0,    0,    0,    0,    0,    0,    0,    0,    0,    0,    0,    0,    0,    0,    0,    0,    0,    0,    0,    0,    0,    0,    0,
       0,    0,    0,    0,    0,    0,    0,    0,    0,    0,    0,    0,    0,    0,    0,    0,    0,    0,    0,    0,    0,    0,    0,    0,    0,    0,    0,    0,    0,    0,    0,    0,    0,    0,    0,    0,    0,    0,    0,    0,    0,    0,   16,    0,    0,    0,    0,    0,    0,    0,    0,    0,    0,    0,    0,    0,    0,    0,    0,    0,    0,    0,    0,    0,    0,    0,    0,    0,    0,    0,    0,    0,    0,    0,    0,    0,    0,    0,    0,
      -8,    0,    0,    0,    0,  -27,    0,  -27,    0,    0,    0,    0,    0,  -13,    0,   -8,    0,  -11,    0,    0,    0,    0,  -29,   -8,   -5,  -11,    0,  -11,   -5,    0,   -8,   -8,    0,    0,    0,    0,    0,  -21,    0,   -8,  -23,    0,    0,   -3,   -3,  -19,    0,    0,    0,   -8,    0,   -8,    0,    0,    0,  -27,  -29,    0,  -21,    0,    0,  -21,    0,  -21,    0,    0,    0,    0,  -19,   -8,    0,  -23,    0,   -8,    0,    0,    0,    0,    0,
     -19,    0,    0,    0,    0,  -37,    0,  -37,    0,  -19,    0,   -8,    0,  -21,  -13,  -16,    0,  -19,    0,    0,    0,  -11,  -40,  -11,  -16,  -13,  -13,  -16,  -11,   -8,  -13,   -8,   -8,   -5,   -5,    0,    0,  -27,   -5,  -16,  -31,   -8,    0,   -5,   -5,  -24,    0,   -8,    0,  -11,    0,   -8,    0,    0,    0,    0,  -40,    0,  -27,   -8,    0,  -27,   -5,  -27,   -5,    0,    0,   -5,  -24,   -8,    0,  -31,  -12,    0,    0,    0,    0,    0,    0,
       0,    0,    0,    0,    0,    0,    0,    0,    0,    0,    0,    0,    0,    0,    0,    0,    0,    0,    0,    0,    0,    0,   11,    0,   -8,    0,   19,    0,    0,  -13,  -16,  -27,   11,  -16,    0,    0,    0,   -5,    0,   27,    5,    0,   23,   -5,   -5,    0,   -5,   -5,  -16,    0,  -13,    0,    0,    0,    0,    0,    8,    0,   -5,    0,    0,   -5,    0,   -5,    0,    0,    0,    0,    0,    0,    0,   24,    0,    0,    0,    0,  -27,  -27,    0,
};

static const EpdLigaturePair bookerly_8_italicLigaturePairs[] = {
    { 0x00660066, 0xFB00 }, // f f -> U+FB00
    { 0x00660069, 0xFB01 }, // f i -> U+FB01
    { 0x0066006C, 0xFB02 }, // f l -> U+FB02
    { 0xFB000069, 0xFB03 }, // U+FB00 i -> U+FB03
    { 0xFB00006C, 0xFB04 }, // U+FB00 l -> U+FB04
};

static const EpdFontData bookerly_8_italic = {
    bookerly_8_italicBitmaps,
    bookerly_8_italicGlyphs,
    bookerly_8_italicIntervals,
    63,
    22,
    18,
    -5,
    true,
    bookerly_8_italicGroups,
    12,
    nullptr,
    bookerly_8_italicKernLeftClasses,
    bookerly_8_italicKernRightClasses,
    bookerly_8_italicKernMatrix,
    364,
    392,
    89,
    79,
    bookerly_8_italicLigaturePairs,
    5,
};
