/**
 * generated by fontconvert.py
 * name: bookerly_10_regular
 * size: 10
 * mode: 2-bit  compressed: true
 * Command used: fontconvert.py bookerly_10_regular 10 ../builtinFonts/source/Bookerly/Bookerly-Regular.ttf --2bit --compress --pnum --exclude-intervals 0x0400,0x04FF --exclude-intervals 0x1EA0,0x1EF9 --exclude-intervals 0x01A0,0x01A1 --exclude-intervals 0x01AF,0x01B0
 */
#pragma once
#include "EpdFontData.h"

static const uint8_t bookerly_10_regularBitmaps[13038] = {
    0x8D, 0x57, 0x31, 0x6F, 0x1C, 0xC7, 0x15, 0xFE, 0x76, 0xD7, 0xE6, 0x06, 0x1A, 0x88, 0xAB, 0x26,
    0x08, 0x10, 0x46, 0x5C, 0x17, 0x0E, 0x20, 0xC4, 0x24, 0x57, 0x05, 0x1D, 0xB0, 0xB8, 0xBB, 0xDD,
    0x28, 0x85, 0x0A, 0x01, 0xB1, 0x8A, 0xD8, 0x8D, 0x81, 0x48, 0x75, 0x52, 0xC8, 0x01, 0x54, 0xD0,
    0xC0, 0x49, 0xB7, 0x42, 0x0C, 0xA4, 0x10, 0x90, 0xF0, 0x1F, 0x84, 0x65, 0xA2, 0x24, 0xE0, 0x15,
    0x2C, 0x88, 0x84, 0xE4, 0x4E, 0xEC, 0x22, 0x85, 0x11, 0x78, 0x02, 0xFD, 0x00, 0x4F, 0x0C, 0x02,
    0x89, 0x49, 0xC0, 0x1C, 0x23, 0x5B, 0xAC, 0xC4, 0xBB, 0x9B, 0x7C, 0x6F, 0x8F, 0xA4, 0x44, 0x53,
    0xB2, 0xB3, 0x33, 0x6F, 0x6E, 0x6F, 0x67, 0xE6, 0xBD, 0x37, 0x6F, 0xBE, 0xF7, 0xE6, 0xCD, 0x42,
    0xA7, 0xDF, 0xEF, 0xAF, 0xB4, 0xCF, 0xEB, 0xB8, 0xD2, 0xEB, 0x0C, 0xED, 0x97, 0x2C, 0xCE, 0x38,
    0xB3, 0x6E, 0x00, 0x2C, 0x2F, 0x00, 0x57, 0x57, 0x80, 0xF7, 0x96, 0x71, 0xE1, 0xE9, 0x5F, 0x8A,
    0xCC, 0xFB, 0x12, 0x66, 0x1D, 0x81, 0x36, 0x08, 0xB5, 0xC6, 0x1B, 0xFB, 0x9F, 0xA3, 0xF2, 0x13,
    0x44, 0x51, 0x89, 0x38, 0x2A, 0x70, 0x21, 0xE6, 0x9C, 0x2B, 0x00, 0x67, 0x2C, 0x23, 0xF0, 0x85,
    0xF2, 0x76, 0x7E, 0xD9, 0x2D, 0x2C, 0x0F, 0x17, 0x97, 0x91, 0xBC, 0x87, 0xB8, 0x01, 0x06, 0x25,
    0x7E, 0x68, 0x5F, 0xBF, 0xEA, 0x56, 0xAE, 0xBA, 0xFE, 0x2F, 0x6D, 0xEE, 0x75, 0x3C, 0x21, 0x7B,
    0x60, 0xD8, 0xD6, 0x75, 0x28, 0x8B, 0xD7, 0xD0, 0x1B, 0xC1, 0xE1, 0xEE, 0x42, 0x60, 0x30, 0xBC,
    0x4C, 0xD6, 0xC3, 0xCB, 0xE4, 0x3B, 0xBC, 0x7C, 0x11, 0xFC, 0xB6, 0x30, 0x28, 0x7A, 0xCD, 0xD5,
    0x23, 0x93, 0xD8, 0xCF, 0xB4, 0x43, 0xF0, 0x51, 0xE9, 0x10, 0xFD, 0xB8, 0x1C, 0x42, 0x45, 0x7C,
    0xBB, 0x1C, 0x69, 0x8B, 0x95, 0xE0, 0x48, 0x93, 0x57, 0x25, 0xDC, 0xD0, 0x0A, 0x0C, 0x8F, 0x0C,
    0xA4, 0x27, 0x2E, 0x0C, 0xE2, 0x6B, 0x1A, 0xF1, 0xAF, 0x81, 0x58, 0x7F, 0xFB, 0x66, 0x66, 0x07,
    0x76, 0xB5, 0x49, 0xB0, 0xD9, 0x53, 0x70, 0xC9, 0x43, 0xD4, 0xD1, 0x04, 0x7D, 0x54, 0x45, 0x76,
    0xE0, 0xC7, 0x33, 0xFE, 0xC1, 0xF6, 0xD0, 0xF1, 0x59, 0x97, 0x15, 0x6D, 0x06, 0x26, 0xD2, 0x0A,
    0xB3, 0x58, 0x44, 0xE7, 0xB4, 0x2C, 0x22, 0x45, 0x42, 0x46, 0xA1, 0x45, 0x83, 0x2B, 0xCB, 0xE8,
    0x22, 0x29, 0x22, 0xF9, 0xE7, 0x50, 0x63, 0x0B, 0xAB, 0x6D, 0xB9, 0x4B, 0x55, 0x5C, 0xC8, 0xD9,
    0x09, 0xC7, 0x2F, 0x03, 0xE6, 0x4D, 0xD3, 0xFB, 0x20, 0x1E, 0xF5, 0x3E, 0x78, 0x53, 0xC3, 0x70,
    0x81, 0xA7, 0xD5, 0x7B, 0xFD, 0xF3, 0xFD, 0xF2, 0xF4, 0x2F, 0x4A, 0x5C, 0x40, 0x52, 0x26, 0x45,
    0x82, 0xCB, 0x94, 0x75, 0x09, 0xF9, 0xE8, 0x07, 0xBF, 0xBF, 0xB2, 0xD3, 0x97, 0xBE, 0x88, 0x4B,
    0x28, 0x28, 0x9A, 0xFA, 0x60, 0xA1, 0xB5, 0xF6, 0x26, 0x28, 0xF4, 0xB8, 0xA7, 0x84, 0x3A, 0xE9,
    0xE9, 0x70, 0xFD, 0x15, 0xBF, 0x3E, 0x6D, 0xC8, 0xEA, 0x1E, 0xD5, 0x5D, 0x62, 0x49, 0x45, 0x51,
    0x76, 0x4D, 0xA9, 0xDB, 0x52, 0x8A, 0xAC, 0x55, 0xBF, 0x8F, 0xF8, 0x88, 0x8C, 0xAA, 0x52, 0x76,
    0x23, 0x73, 0xC8, 0x9D, 0x30, 0x7E, 0x59, 0x9D, 0xF3, 0xC8, 0x7D, 0xC1, 0x7D, 0x4E, 0x0E, 0x6D,
    0x2F, 0x74, 0x9D, 0xC0, 0x2D, 0x04, 0x0E, 0x34, 0x00, 0xD5, 0x48, 0x0A, 0x32, 0xA4, 0x1D, 0x62,
    0x4D, 0xE6, 0x1C, 0x36, 0xCA, 0x7C, 0x13, 0x4E, 0x90, 0x6D, 0xE8, 0x4E, 0xA4, 0xAF, 0x8A, 0x9E,
    0x9A, 0x32, 0xF9, 0x25, 0xBC, 0xA5, 0x11, 0xD9, 0x76, 0x96, 0x41, 0xAA, 0x33, 0x8F, 0x6C, 0x0F,
    0xF2, 0x05, 0x09, 0x29, 0x23, 0x75, 0x49, 0x5F, 0x72, 0xC4, 0x3F, 0xB9, 0x83, 0x0F, 0x2C, 0x92,
    0xC0, 0x62, 0x91, 0x94, 0x7B, 0x0E, 0x25, 0x81, 0xEF, 0x27, 0x44, 0xC0, 0xB1, 0xD2, 0x32, 0xC7,
    0xF5, 0x09, 0x5E, 0xE5, 0x5A, 0x28, 0x8A, 0xBC, 0x59, 0x45, 0x99, 0xF2, 0x17, 0x13, 0xE4, 0x1C,
    0x9D, 0xDA, 0x60, 0x72, 0x33, 0x36, 0xA2, 0x1D, 0x15, 0x1D, 0x4C, 0xB0, 0x5B, 0xE9, 0xCD, 0xC8,
    0xD6, 0x81, 0x6B, 0x02, 0xB7, 0x1D, 0xB8, 0x5E, 0x68, 0xB3, 0x43, 0x1D, 0x8F, 0x09, 0x70, 0x5B,
    0x79, 0xE7, 0x22, 0x63, 0x55, 0x29, 0x4C, 0x39, 0x7A, 0xB5, 0x35, 0x77, 0xAB, 0x31, 0x57, 0xC2,
    0xCF, 0xAA, 0x00, 0x21, 0xCA, 0xD5, 0x24, 0x1B, 0xBA, 0x1B, 0xDA, 0x4E, 0x60, 0xBB, 0xA1, 0x49,
    0x1F, 0x96, 0x9C, 0xAE, 0xAA, 0xA2, 0x1B, 0xDB, 0xAD, 0xC0, 0x6D, 0xC2, 0x6D, 0x87, 0x2E, 0xDF,
    0xD0, 0x6A, 0x82, 0xA9, 0xCD, 0x96, 0x42, 0xD7, 0x45, 0xD3, 0xC5, 0x76, 0x17, 0xFD, 0x0C, 0xFD,
    0xE4, 0x69, 0x13, 0xFA, 0x1A, 0x34, 0x21, 0xF9, 0x66, 0xE5, 0x77, 0xC7, 0x48, 0x0D, 0x64, 0xCB,
    0xE5, 0xE1, 0xEF, 0x05, 0x2A, 0x4F, 0xB3, 0x9E, 0x3E, 0x67, 0xF1, 0x81, 0xB0, 0xE0, 0xA4, 0xA0,
    0x91, 0x49, 0x3B, 0x90, 0xCA, 0x97, 0x60, 0x4C, 0x13, 0xD2, 0x01, 0x0A, 0x41, 0xD7, 0xA3, 0x72,
    0x3A, 0x6F, 0xFA, 0x7E, 0x1B, 0xD8, 0xA5, 0x85, 0xA6, 0x63, 0xD2, 0x52, 0x2A, 0x95, 0x35, 0xB8,
    0x0F, 0xDC, 0x96, 0x49, 0x03, 0xF7, 0xFD, 0x6D, 0xB2, 0x9E, 0x45, 0x3A, 0x33, 0x49, 0x9B, 0xB4,
    0xBC, 0x08, 0xFA, 0x1F, 0xA1, 0x25, 0x32, 0x31, 0xE3, 0xD7, 0x38, 0xFD, 0xED, 0x1D, 0xD9, 0x27,
    0xAA, 0x50, 0xD0, 0x0C, 0x8B, 0xE1, 0x38, 0xB0, 0x9D, 0xE4, 0x16, 0xDC, 0xDD, 0x8B, 0x74, 0x27,
    0x07, 0x69, 0x42, 0xCF, 0x26, 0x79, 0x17, 0xD6, 0x2D, 0xAA, 0x48, 0xBB, 0xF4, 0xCE, 0x61, 0xB1,
    0xA9, 0x3E, 0x7B, 0xD2, 0x02, 0x93, 0x50, 0x14, 0x86, 0x25, 0x5E, 0xA1, 0xE1, 0xDE, 0xD9, 0x06,
    0xE1, 0x44, 0xA6, 0xA1, 0x86, 0x68, 0x81, 0x84, 0x08, 0x9B, 0x27, 0x75, 0xB6, 0x08, 0x70, 0x9A,
    0x60, 0xC8, 0x29, 0x6E, 0x09, 0xC1, 0xD3, 0x0D, 0x44, 0xDE, 0x17, 0x51, 0xA9, 0x4A, 0x55, 0x88,
    0x57, 0x45, 0x26, 0x2B, 0xE2, 0xDA, 0x9B, 0x6C, 0xFC, 0x86, 0xA7, 0xD9, 0x0E, 0x1A, 0xEA, 0xD2,
    0x27, 0x75, 0x49, 0x9D, 0x29, 0xED, 0xD7, 0x9C, 0x23, 0xDF, 0x07, 0x68, 0x67, 0xE8, 0x64, 0x3A,
    0x53, 0x67, 0x50, 0xFB, 0x63, 0x02, 0x49, 0xE0, 0x30, 0x46, 0x30, 0xA9, 0xC8, 0x2D, 0xE1, 0x82,
    0x14, 0x51, 0xF1, 0x6A, 0xAB, 0x5F, 0xF7, 0x39, 0xEA, 0x91, 0x32, 0x52, 0x5A, 0x4C, 0xB1, 0x29,
    0x7A, 0xE0, 0xCE, 0x13, 0xBC, 0xE1, 0xF7, 0x28, 0xD7, 0x93, 0x5F, 0xAA, 0x23, 0x1D, 0x39, 0x42,
    0xA2, 0x26, 0x35, 0xA4, 0xAD, 0xE7, 0x48, 0xBE, 0x39, 0x89, 0x0F, 0x8C, 0x24, 0x5A, 0xED, 0xEF,
    0x52, 0xEE, 0x5E, 0xBB, 0x1F, 0x02, 0xE4, 0xB9, 0x7D, 0xAE, 0x8B, 0x11, 0x26, 0xD2, 0x33, 0x02,
    0xA9, 0x29, 0xED, 0x6F, 0x1D, 0xEB, 0x8D, 0xE7, 0x28, 0xA2, 0xEE, 0x71, 0xA1, 0x38, 0x5E, 0xE6,
    0xD1, 0xB1, 0xE6, 0xF6, 0x77, 0x22, 0xCD, 0xC8, 0xF7, 0x2D, 0xF6, 0x1F, 0x57, 0x5F, 0x47, 0xFB,
    0xEB, 0xCF, 0xFE, 0x12, 0xA2, 0x7B, 0xC8, 0xC7, 0x62, 0xE1, 0x02, 0x93, 0x0D, 0x1D, 0xD9, 0x90,
    0x26, 0x08, 0x34, 0xA1, 0x5F, 0x9C, 0x5D, 0x64, 0xE5, 0x7A, 0x98, 0xB3, 0xF4, 0x4B, 0x9B, 0x96,
    0xA1, 0x4D, 0x6C, 0x68, 0x43, 0x4F, 0xEB, 0xDC, 0x99, 0x14, 0xF9, 0x28, 0xF6, 0xE5, 0x9C, 0x21,
    0x58, 0xC8, 0x6E, 0xF5, 0x5C, 0xB3, 0xFF, 0xA8, 0x11, 0x7B, 0x34, 0x2F, 0xEE, 0x95, 0x86, 0x2A,
    0xD0, 0xF1, 0x84, 0x4B, 0x3E, 0x9A, 0x63, 0x3C, 0x7C, 0x51, 0x51, 0x7B, 0xF9, 0x28, 0xF1, 0x98,
    0xA9, 0xBF, 0x2E, 0xEA, 0x9C, 0xD6, 0xC0, 0x1D, 0xFB, 0x8A, 0xD2, 0x18, 0x14, 0xB8, 0x47, 0x4B,
    0x8E, 0xF2, 0x66, 0xCE, 0x28, 0x3B, 0xDD, 0x61, 0xA2, 0xE0, 0x6F, 0xEC, 0xFF, 0x3B, 0x2D, 0xF0,
    0x05, 0x2D, 0xC7, 0xF5, 0x47, 0x9F, 0x12, 0xA9, 0x1F, 0xD3, 0x69, 0x3F, 0x24, 0x22, 0xF4, 0xAE,
    0x20, 0x80, 0x32, 0xE3, 0x3A, 0x1F, 0x05, 0x4D, 0x3E, 0xA2, 0x7D, 0x0C, 0xBE, 0x62, 0xED, 0x17,
    0x51, 0x70, 0x6E, 0x17, 0xB2, 0x1A, 0xB9, 0xE1, 0xE9, 0x56, 0x15, 0xD1, 0x88, 0xAB, 0x8C, 0xB6,
    0xF1, 0x29, 0xA2, 0x3F, 0x87, 0x9F, 0x20, 0xFA, 0x49, 0xF4, 0x5B, 0xC4, 0x6F, 0x45, 0x6F, 0x21,
    0xBE, 0x71, 0x9D, 0x67, 0x45, 0xF4, 0x1B, 0x55, 0xA8, 0xE8, 0x1F, 0x6C, 0xC2, 0x11, 0x1B, 0x34,
    0x71, 0x99, 0xC0, 0xC5, 0x65, 0xBA, 0x76, 0x5B, 0x19, 0xCF, 0x78, 0x5B, 0xE7, 0x3A, 0xF2, 0xA5,
    0x72, 0x01, 0x5D, 0xAB, 0x61, 0x64, 0x27, 0x2B, 0x36, 0xBF, 0x93, 0xE6, 0x61, 0xC9, 0xE6, 0x57,
    0x86, 0xCD, 0x03, 0xC7, 0xA6, 0xDC, 0x92, 0xA6, 0x2B, 0x4D, 0x2A, 0x8D, 0x22, 0x58, 0x4A, 0xCE,
    0x51, 0x86, 0x31, 0x20, 0x6F, 0x78, 0x00, 0x21, 0x7D, 0x22, 0x98, 0xD6, 0xB1, 0x89, 0x5D, 0x52,
    0xA2, 0xE1, 0x76, 0x6F, 0x73, 0xBB, 0xFB, 0xDC, 0xEA, 0xEE, 0x31, 0x75, 0x88, 0x69, 0x86, 0x1E,
    0x6C, 0xB1, 0xBF, 0x56, 0x86, 0xC0, 0x98, 0x30, 0x5E, 0xDE, 0x69, 0x88, 0x69, 0x9B, 0x1D, 0x8C,
    0x22, 0xDD, 0x23, 0xA8, 0x4F, 0x6A, 0x37, 0xD2, 0xDB, 0x91, 0x77, 0xD1, 0xE7, 0x67, 0x71, 0x35,
    0x6A, 0x05, 0xB5, 0x92, 0x20, 0xA2, 0x20, 0xB2, 0x24, 0xAC, 0x6E, 0x8B, 0x07, 0xF5, 0x05, 0x59,
    0xDD, 0xD3, 0xA6, 0x23, 0x5E, 0xD4, 0x17, 0x37, 0xDA, 0x12, 0x3F, 0xAA, 0x21, 0x42, 0xD1, 0x4A,
    0xC5, 0x80, 0xE9, 0x41, 0x1B, 0xF8, 0x19, 0x5A, 0x24, 0xCC, 0x25, 0x44, 0x2B, 0x82, 0x5D, 0x4C,
    0xFD, 0x7A, 0x44, 0x79, 0xBD, 0xD6, 0x67, 0xA9, 0x0C, 0x69, 0x69, 0xEA, 0xE7, 0x87, 0xDC, 0x61,
    0x26, 0x25, 0xED, 0x2E, 0x7F, 0xC8, 0x77, 0x2D, 0xE3, 0x72, 0x2A, 0x96, 0x98, 0x7C, 0x14, 0xBA,
    0xA0, 0x5A, 0x53, 0x07, 0x8E, 0x36, 0x9E, 0xC7, 0x30, 0xC5, 0xCD, 0x44, 0x4B, 0x12, 0x12, 0x70,
    0x42, 0x4A, 0xA9, 0xF5, 0x0A, 0xEA, 0x0E, 0xEA, 0x6E, 0xE0, 0xF2, 0x43, 0xC3, 0xA8, 0xCC, 0xAD,
    0xB4, 0xBD, 0x8D, 0x3F, 0x9A, 0xE5, 0x24, 0x20, 0x41, 0x4B, 0xB4, 0xFF, 0x46, 0xCA, 0xD6, 0xC8,
    0xAF, 0x46, 0x55, 0x2B, 0x9F, 0x99, 0x99, 0x9A, 0xF1, 0xCC, 0x7D, 0x13, 0xC5, 0x3A, 0xB0, 0x11,
    0x41, 0x1A, 0x4C, 0x36, 0x18, 0xB3, 0x09, 0x9B, 0x26, 0x1D, 0xA5, 0x6B, 0x31, 0xCF, 0x17, 0x82,
    0x4A, 0x1C, 0xC1, 0xA8, 0x82, 0xDE, 0x47, 0x74, 0xF3, 0x18, 0x77, 0x8B, 0xB4, 0x15, 0x83, 0x5F,
    0x87, 0xC7, 0x7C, 0x87, 0xE7, 0xFC, 0xA2, 0x9B, 0x46, 0x1F, 0x2E, 0x45, 0xCE, 0xB3, 0xC1, 0x28,
    0xA2, 0x43, 0xA5, 0x26, 0xD6, 0x73, 0x24, 0xD5, 0x3A, 0x56, 0x62, 0xE3, 0x32, 0x32, 0xB3, 0x4E,
    0xD1, 0x8F, 0xBF, 0xE7, 0x84, 0x4F, 0x67, 0x73, 0x9E, 0x9C, 0x56, 0x56, 0xC9, 0x6B, 0xF3, 0x6E,
    0x87, 0xDC, 0xFA, 0xC3, 0x45, 0xE1, 0x67, 0xE7, 0xEF, 0x92, 0xA3, 0x49, 0x98, 0x7A, 0xA5, 0x5A,
    0x42, 0x6E, 0x42, 0xB4, 0xB0, 0xA5, 0x22, 0xDC, 0xD8, 0x6C, 0xEA, 0x4C, 0x96, 0xB1, 0xA2, 0xE6,
    0xFC, 0x6D, 0xCE, 0xEB, 0xB9, 0xF6, 0xCC, 0x68, 0xA5, 0x33, 0x3F, 0xC0, 0x2A, 0xF7, 0xCC, 0xDD,
    0x43, 0x68, 0x32, 0x26, 0x1E, 0x49, 0x99, 0x95, 0x6A, 0xCF, 0xBB, 0x7C, 0xE4, 0xEB, 0xDC, 0xF1,
    0x9D, 0x81, 0x4E, 0x02, 0xF4, 0xBC, 0x68, 0xC0, 0x64, 0x80, 0xB2, 0x3A, 0x9C, 0x93, 0xB5, 0x12,
    0x20, 0x29, 0xC2, 0x19, 0x4A, 0x19, 0xFE, 0x19, 0x41, 0x32, 0x3F, 0xCE, 0x1E, 0xED, 0x74, 0xD0,
    0x5C, 0x99, 0x7A, 0x37, 0x87, 0x4E, 0xCF, 0xE8, 0x06, 0xE1, 0xF1, 0x07, 0x95, 0x61, 0x36, 0x7F,
    0xB4, 0xC3, 0xE0, 0x27, 0x09, 0x5E, 0xF1, 0x3E, 0xB3, 0xAC, 0xAF, 0x2B, 0xEF, 0x73, 0x4C, 0xA7,
    0x4D, 0x88, 0x66, 0xE5, 0x04, 0x93, 0x14, 0x89, 0xEB, 0x93, 0x24, 0xCB, 0xB5, 0xA9, 0xD3, 0xCA,
    0x49, 0x1F, 0xF7, 0x33, 0x2E, 0xA6, 0x7D, 0xFE, 0x56, 0x72, 0xF6, 0xB9, 0xE5, 0xC5, 0xA5, 0x46,
    0x08, 0xBE, 0x40, 0xF4, 0x09, 0xE2, 0xEB, 0xF4, 0x63, 0x3D, 0x1B, 0xEA, 0x45, 0xD8, 0x0E, 0x1C,
    0x23, 0xDF, 0xDB, 0x6F, 0xDF, 0x7C, 0x9D, 0xF0, 0xE6, 0x91, 0x52, 0x06, 0x9A, 0x20, 0xCB, 0x2B,
    0x7A, 0x15, 0x5E, 0xE3, 0xC2, 0x92, 0x62, 0xC6, 0x17, 0x83, 0x8D, 0xA2, 0x4E, 0xA4, 0xEE, 0xFA,
    0xBD, 0xEC, 0xB1, 0x9D, 0xA3, 0xFD, 0xF2, 0xAF, 0x46, 0x96, 0x8F, 0x19, 0x95, 0x26, 0x0C, 0x1F,
    0x56, 0xF0, 0x2D, 0x7B, 0xA0, 0x9E, 0xA3, 0xE9, 0x79, 0x15, 0x1D, 0x8D, 0x10, 0xCA, 0x79, 0x55,
    0x15, 0xB1, 0x37, 0x49, 0x68, 0x17, 0x61, 0x3A, 0x6D, 0xA2, 0xD7, 0x69, 0x6D, 0x94, 0x51, 0xDC,
    0x53, 0x1E, 0xBB, 0x25, 0x02, 0x6A, 0x2B, 0x09, 0xB7, 0x24, 0x2B, 0x27, 0x54, 0x35, 0xCC, 0xEF,
    0xE8, 0x9B, 0xC5, 0x2A, 0x93, 0xD1, 0x55, 0x4E, 0x79, 0x46, 0x5D, 0x52, 0x46, 0x13, 0x27, 0x7E,
    0x52, 0x84, 0xE3, 0xBC, 0x94, 0xEC, 0xFD, 0xD0, 0xCC, 0x33, 0xAB, 0x83, 0xEB, 0x3D, 0x72, 0xB9,
    0x77, 0x53, 0x19, 0xF4, 0xDC, 0xE4, 0xC8, 0x8A, 0x80, 0xCC, 0x04, 0x4F, 0x79, 0x9E, 0xDD, 0x8E,
    0xDB, 0x9C, 0x73, 0xE0, 0x8B, 0x3B, 0xFB, 0xF2, 0x72, 0xBE, 0xA6, 0x7B, 0x44, 0xA9, 0xC4, 0x07,
    0x75, 0x70, 0xD0, 0x7A, 0xA2, 0xD4, 0xE4, 0x9A, 0x53, 0x5E, 0xCF, 0xFE, 0x14, 0x04, 0x56, 0xBA,
    0xBF, 0x9E, 0xF8, 0x11, 0x13, 0x6A, 0xAA, 0xD5, 0x47, 0x3F, 0x3F, 0x74, 0x6A, 0x52, 0x70, 0x25,
    0x5C, 0x24, 0x24, 0xB5, 0x7A, 0x46, 0x37, 0x98, 0x56, 0x4C, 0x46, 0x0C, 0xF8, 0x5D, 0xFE, 0x5F,
    0x22, 0xCD, 0x9F, 0xA3, 0xD4, 0xE4, 0xCC, 0x5D, 0xBC, 0x51, 0x65, 0xA2, 0x55, 0x9B, 0x2D, 0x31,
    0x97, 0x29, 0xE3, 0x33, 0x25, 0xB5, 0x83, 0x1A, 0x8E, 0x71, 0xD2, 0x49, 0x7F, 0x58, 0xAB, 0x1A,
    0xE7, 0x8B, 0x63, 0xDE, 0x6E, 0x53, 0xC6, 0x9C, 0x17, 0x6A, 0x72, 0xDD, 0x43, 0xFD, 0x88, 0xE1,
    0xEB, 0x3A, 0x83, 0xE0, 0xCF, 0xF8, 0x9F, 0x48, 0x54, 0xCC, 0xA7, 0xD4, 0xAD, 0x82, 0x5A, 0xF2,
    0x48, 0xBA, 0x56, 0x53, 0x93, 0x5D, 0x0C, 0x5C, 0xCA, 0x95, 0x54, 0x85, 0x7A, 0x49, 0x49, 0x6D,
    0x55, 0xA7, 0x37, 0x5C, 0x46, 0x47, 0xDE, 0x1D, 0x33, 0xF5, 0x8E, 0x4D, 0x5E, 0x70, 0x93, 0xCA,
    0x25, 0x6E, 0x47, 0x5C, 0xCE, 0x7F, 0x4D, 0x9B, 0xDA, 0xAC, 0x64, 0x0E, 0xE1, 0xFC, 0x47, 0xBE,
    0x48, 0x6F, 0xD4, 0x32, 0x9F, 0xB3, 0x97, 0xD8, 0x9B, 0x8A, 0x2B, 0x9E, 0x23, 0x19, 0x9F, 0xBB,
    0xCA, 0xA2, 0x2A, 0xE3, 0xA3, 0x3A, 0x95, 0xA4, 0xB3, 0xDB, 0xC1, 0xD2, 0xB4, 0xF6, 0xD0, 0xC9,
    0x8A, 0xED, 0xE4, 0x88, 0xC8, 0x29, 0x32, 0x86, 0xC6, 0xAA, 0x1A, 0xD1, 0xC5, 0x7B, 0x84, 0x6E,
    0x46, 0x4A, 0x25, 0xC7, 0x3B, 0xFE, 0x5D, 0x6A, 0x6F, 0x09, 0xC9, 0x51, 0x4D, 0xA4, 0x94, 0x67,
    0xDD, 0x57, 0x50, 0x59, 0xCB, 0x8D, 0x63, 0xEF, 0xFF, 0x40, 0x19, 0x9D, 0x79, 0xBC, 0x7A, 0x16,
    0x9D, 0x01, 0x6F, 0x82, 0x8A, 0xF2, 0x6F, 0xE8, 0xC1, 0x80, 0xE7, 0x48, 0x31, 0x05, 0xD6, 0x19,
    0x24, 0xFD, 0x47, 0x90, 0xA4, 0x9E, 0xA0, 0x7B, 0x1F, 0x77, 0x67, 0xB1, 0xFA, 0x0A, 0x72, 0xE6,
    0xDE, 0x04, 0xF9, 0x7D, 0xAC, 0x27, 0x18, 0x26, 0xD8, 0xB9, 0x27, 0xB7, 0x87, 0xF8, 0x24, 0xFF,
    0x1F, 0x78, 0x6C, 0xFC, 0x01, 0xCF, 0xAE, 0x03, 0xA7, 0x95, 0x9B, 0x74, 0x40, 0x05, 0xB8, 0xB5,
    0x3B, 0xA8, 0x98, 0xD3, 0x9C, 0xDC, 0x83, 0xCE, 0x51, 0xB9, 0xC3, 0xB5, 0x4C, 0xCA, 0x60, 0x92,
    0x9A, 0xCA, 0x32, 0x75, 0x29, 0xEE, 0xB7, 0xF7, 0x26, 0xC5, 0xB5, 0xC5, 0x7A, 0xD8, 0xDE, 0x2A,
    0x83, 0xCF, 0xE8, 0xBB, 0xFF, 0x25, 0xFD, 0x95, 0x46, 0xC8, 0xA7, 0xA9, 0x54, 0x65, 0x97, 0xD3,
    0x3A, 0x2B, 0x56, 0x63, 0x46, 0xF1, 0x91, 0x64, 0x23, 0x8C, 0xD2, 0xF1, 0x83, 0x2F, 0x98, 0xDF,
    0x7D, 0xF4, 0x49, 0x82, 0xF0, 0xF1, 0x8D, 0x8B, 0x08, 0xFE, 0x1D, 0xFF, 0x09, 0x98, 0xF0, 0xC4,
    0xC6, 0x4E, 0x48, 0xB3, 0xF5, 0x19, 0xED, 0x06, 0xFF, 0x62, 0x2E, 0x21, 0x22, 0xE5, 0x6A, 0x2B,
    0x6C, 0xAB, 0xE3, 0xB4, 0x93, 0xF0, 0x0B, 0x1E, 0xF3, 0xFE, 0xC2, 0x3B, 0x6E, 0x56, 0x4C, 0x50,
    0x3D, 0xF6, 0x78, 0xB9, 0x3A, 0xE6, 0xAC, 0x3A, 0x32, 0x5F, 0xF2, 0x6D, 0x89, 0x07, 0xC4, 0x3B,
    0x0F, 0x53, 0xC9, 0xF1, 0x19, 0x66, 0x4D, 0xEF, 0x5D, 0xB3, 0xAC, 0xCA, 0x4B, 0x99, 0x9C, 0xC8,
    0x04, 0xBC, 0x64, 0x52, 0xE5, 0x6B, 0x29, 0x86, 0xBD, 0x77, 0x78, 0x31, 0x97, 0xEB, 0x7F, 0xE8,
    0x92, 0xB5, 0x79, 0x7A, 0xE8, 0x2C, 0xA5, 0x48, 0xE1, 0x25, 0xA5, 0xBD, 0xF3, 0x4A, 0x99, 0x85,
    0xF4, 0x24, 0x6B, 0x61, 0x6D, 0xCF, 0x3F, 0xF7, 0x31, 0xA7, 0x43, 0x23, 0xE5, 0x38, 0xB5, 0xB3,
    0xA8, 0x25, 0xF1, 0x95, 0x32, 0xFD, 0xFE, 0x1D, 0xA2, 0x6B, 0xA6, 0xB8, 0x94, 0xB9, 0xF7, 0x56,
    0xEE, 0xBB, 0xAB, 0x4A, 0xFF, 0x0F, 0xAD, 0x58, 0x4F, 0x6C, 0xDC, 0x58, 0x19, 0xFF, 0xD9, 0x86,
    0x98, 0xE4, 0xA5, 0xF1, 0x1E, 0x38, 0x44, 0x34, 0x8D, 0x23, 0x94, 0xC3, 0xD0, 0x4E, 0xE2, 0x1C,
    0x2A, 0x76, 0x90, 0xEC, 0xB1, 0x81, 0x03, 0x42, 0x88, 0x1B, 0x87, 0x95, 0x38, 0xB0, 0x67, 0x04,
    0xBB, 0x73, 0x88, 0x20, 0x95, 0x26, 0x99, 0xD7, 0xAD, 0xC4, 0x85, 0x4B, 0x2F, 0x70, 0x5A, 0x69,
    0x23, 0x40, 0xA2, 0x2A, 0x87, 0xCC, 0x21, 0x48, 0x23, 0x31, 0xCD, 0x78, 0x77, 0x0F, 0x7B, 0xE1,
    0x60, 0x69, 0xC5, 0xDD, 0xEC, 0xF6, 0x94, 0x8A, 0xD6, 0x5A, 0x2C, 0x3A, 0x6D, 0x26, 0x63, 0x7E,
    0x9F, 0x3D, 0xF9, 0x53, 0x6D, 0x97, 0x64, 0x99, 0xDA, 0xEF, 0x7B, 0x63, 0x3F, 0x7F, 0xEF, 0xF7,
    0xBE, 0xF7, 0xDE, 0xF7, 0xEF, 0xCD, 0xD6, 0x68, 0x13, 0xAB, 0x8D, 0x86, 0x5F, 0x5D, 0xED, 0x4D,
    0xCC, 0x43, 0xCA, 0x92, 0x14, 0x63, 0x90, 0xD8, 0x8F, 0xB3, 0x85, 0xA5, 0xFD, 0xFA, 0xE2, 0x6B,
    0xFE, 0x22, 0xA4, 0xD4, 0x10, 0xD4, 0xE0, 0xD5, 0xE0, 0x14, 0xB9, 0x59, 0xDC, 0x45, 0x0D, 0xB8,
    0x79, 0xAE, 0xB8, 0x29, 0x76, 0x46, 0xC8, 0xD6, 0x8C, 0x74, 0xC9, 0x4C, 0xC0, 0x72, 0xE3, 0x30,
    0x09, 0x8B, 0xD8, 0x8A, 0x61, 0x69, 0xD8, 0x11, 0x1C, 0x60, 0x50, 0x8C, 0xC2, 0x62, 0xB8, 0x82,
    0xD9, 0xB5, 0xC1, 0x2F, 0xD5, 0xA3, 0xCC, 0x8E, 0x32, 0x85, 0x96, 0x83, 0x96, 0xE2, 0xC3, 0xA3,
    0x8C, 0x8D, 0xFC, 0x34, 0x48, 0xC3, 0xC4, 0xD3, 0x6E, 0xA4, 0xF4, 0x02, 0xAC, 0xA4, 0x0E, 0x23,
    0x6B, 0x41, 0xE5, 0x63, 0x20, 0x48, 0x38, 0x86, 0x86, 0x55, 0x1C, 0x03, 0x4E, 0x04, 0xC1, 0x2B,
    0xC9, 0xBD, 0x0B, 0xA3, 0xC8, 0x90, 0x56, 0x17, 0x3F, 0x20, 0x9A, 0x3C, 0xE3, 0x00, 0xF6, 0x93,
    0xD8, 0xB1, 0xE2, 0x75, 0x03, 0x61, 0x84, 0xD7, 0x53, 0xDC, 0x3C, 0x46, 0xC3, 0x8D, 0x96, 0xAD,
    0x58, 0xC5, 0xA9, 0x39, 0xDC, 0x45, 0x73, 0x17, 0x2A, 0x5D, 0xB4, 0x92, 0xC0, 0xD2, 0xDE, 0x1E,
    0xD4, 0x10, 0xB5, 0xC5, 0x7E, 0x73, 0x6B, 0x0D, 0xDE, 0x33, 0x18, 0x0F, 0xAF, 0xC6, 0x2A, 0x42,
    0xF7, 0x9A, 0x9D, 0x37, 0x1A, 0xEB, 0x5B, 0xF3, 0x1B, 0x37, 0xBF, 0xBE, 0xD0, 0x6A, 0x61, 0xAE,
    0xD5, 0x85, 0x22, 0xCD, 0x6D, 0x6C, 0x62, 0xA1, 0xD1, 0x7C, 0x63, 0x7E, 0x49, 0xE5, 0x0D, 0xE1,
    0x13, 0x7E, 0xE9, 0xE7, 0xC6, 0xB7, 0xD2, 0x8D, 0xCC, 0xCD, 0x6E, 0x65, 0x7F, 0xCD, 0x9B, 0x5B,
    0xC0, 0xF5, 0x3F, 0x0D, 0x72, 0x24, 0x35, 0x2B, 0xCE, 0x5C, 0x8E, 0xE3, 0x68, 0x16, 0x3E, 0xF0,
    0x95, 0x8D, 0x45, 0x11, 0xFF, 0xFC, 0x2F, 0x31, 0xCC, 0xB2, 0x18, 0x3A, 0x1C, 0x5D, 0xBF, 0x67,
    0x0C, 0x22, 0x15, 0x75, 0xEB, 0xC7, 0xB5, 0x8D, 0x3F, 0xCE, 0xB7, 0xFE, 0x3C, 0xFB, 0xE6, 0x83,
    0xB9, 0xD6, 0xFD, 0xD9, 0x8D, 0xCF, 0xFE, 0x5E, 0x47, 0x8D, 0xED, 0x46, 0x11, 0x5D, 0xBF, 0xD7,
    0x19, 0xB9, 0xC9, 0x77, 0xF6, 0xBB, 0x7E, 0x5A, 0xEF, 0xFA, 0xB7, 0xF6, 0xDD, 0xC4, 0x48, 0x70,
    0x5A, 0x04, 0xF1, 0x50, 0x9F, 0xBE, 0x42, 0x73, 0x39, 0xCA, 0xC6, 0xFB, 0x5A, 0xA5, 0xCD, 0x5E,
    0xCB, 0x7F, 0xAD, 0x81, 0xCC, 0x8A, 0x1D, 0xEC, 0xFC, 0x84, 0x30, 0xE9, 0xF6, 0xFE, 0xCA, 0xE6,
    0x4C, 0xEA, 0x64, 0x68, 0x60, 0xEB, 0x46, 0xD6, 0xD1, 0xB2, 0xA2, 0xEB, 0xD8, 0xC2, 0x2E, 0x7C,
    0x74, 0x49, 0xD9, 0xE7, 0xC9, 0x20, 0x99, 0x19, 0x9A, 0xD6, 0x10, 0xE1, 0x93, 0x4E, 0xFC, 0xAB,
    0xA1, 0x1B, 0x71, 0x96, 0x10, 0x6A, 0x4F, 0x68, 0x93, 0x64, 0x16, 0x43, 0xE7, 0x28, 0x09, 0x9F,
    0xEA, 0xCE, 0x53, 0x3D, 0x28, 0x0B, 0x1F, 0xF8, 0xEA, 0x3E, 0xD5, 0xF6, 0x53, 0x8D, 0xD7, 0x5F,
    0x2C, 0xDF, 0x8E, 0x44, 0x83, 0x36, 0x50, 0x7B, 0xD0, 0xDE, 0x76, 0xAF, 0x6D, 0x9A, 0x71, 0x48,
    0xBD, 0x39, 0xB9, 0xED, 0x24, 0x1C, 0xAA, 0x34, 0xE8, 0x77, 0xEB, 0xDD, 0x6B, 0xDD, 0x7A, 0xB0,
    0x45, 0x45, 0xC3, 0x37, 0xEE, 0x85, 0xF9, 0xEE, 0x12, 0x7C, 0x07, 0x5C, 0x4C, 0xF5, 0x7E, 0xC6,
    0xC2, 0x07, 0xBE, 0xB2, 0x91, 0xD7, 0x2C, 0x64, 0x45, 0xAF, 0x01, 0x61, 0xCC, 0xA9, 0x81, 0x3A,
    0xD8, 0x2A, 0xEB, 0x44, 0x6A, 0x7E, 0x61, 0x6D, 0x45, 0x75, 0xD6, 0x73, 0xE8, 0xC3, 0x4E, 0x96,
    0xCC, 0x11, 0xC2, 0x61, 0xC3, 0xFE, 0x05, 0xBB, 0xB6, 0x16, 0xEA, 0xAC, 0x93, 0x60, 0x3B, 0x22,
    0x44, 0x58, 0x94, 0xAA, 0xCB, 0x96, 0x05, 0x48, 0x3D, 0x8F, 0xEA, 0x9A, 0x2F, 0xF1, 0xEB, 0x25,
    0xFE, 0x66, 0x89, 0x9C, 0x4A, 0x6D, 0x54, 0xC8, 0x5A, 0x6A, 0x9B, 0x98, 0x56, 0x7C, 0xC5, 0xD9,
    0x23, 0x7E, 0xED, 0x9A, 0x43, 0xFC, 0xD6, 0x57, 0x44, 0x5D, 0x53, 0xAC, 0x01, 0x64, 0xDC, 0x27,
    0x53, 0xC4, 0x8E, 0x50, 0x70, 0x7E, 0x17, 0x51, 0x56, 0xA7, 0x88, 0xB0, 0x38, 0xC1, 0x9F, 0x2D,
    0xCD, 0x89, 0xF2, 0x6F, 0xEF, 0x8B, 0xFC, 0x2B, 0x9B, 0x22, 0xFF, 0x4C, 0x2A, 0xF2, 0x3B, 0x99,
    0xC8, 0x8F, 0x86, 0xC8, 0x8F, 0xAD, 0x39, 0x2E, 0xF8, 0x8D, 0x6C, 0xC9, 0x18, 0xA1, 0xA3, 0x1B,
    0xD6, 0xBB, 0xA5, 0xFC, 0xB2, 0x02, 0x49, 0xF3, 0x2D, 0x91, 0xDF, 0x2B, 0x62, 0x91, 0x7F, 0xA9,
    0x94, 0x7F, 0x69, 0x22, 0xBF, 0x91, 0x99, 0x99, 0x91, 0x0A, 0x2B, 0x5A, 0x66, 0xEE, 0xE5, 0x9D,
    0xBB, 0xFB, 0xDC, 0xD8, 0x2E, 0xB7, 0xB0, 0xF9, 0x86, 0x73, 0x6C, 0x0E, 0xB1, 0xC2, 0x6F, 0xDB,
    0x24, 0x8F, 0x13, 0xA1, 0x1D, 0x97, 0x97, 0x0C, 0xAA, 0xCA, 0xE1, 0x81, 0x65, 0x92, 0xDF, 0xA3,
    0x0C, 0xDC, 0xEC, 0xAE, 0x0F, 0x64, 0xEB, 0x30, 0x9E, 0xEF, 0xD1, 0x32, 0x8B, 0xC8, 0xD2, 0x4A,
    0xAB, 0x48, 0x14, 0xCC, 0x4A, 0xBC, 0xC8, 0xCE, 0x8B, 0xC4, 0xA3, 0xB9, 0x12, 0xD0, 0x18, 0xB2,
    0x7F, 0x56, 0xCA, 0x31, 0x35, 0x9E, 0x29, 0xD6, 0xCF, 0x09, 0x04, 0xEC, 0xD3, 0x5D, 0x9A, 0x1E,
    0x6F, 0x87, 0x9E, 0xAC, 0x18, 0x01, 0x7F, 0xC8, 0x71, 0x7A, 0x4D, 0x83, 0xB7, 0x4B, 0xBC, 0x61,
    0x1F, 0xC8, 0xDB, 0xAF, 0x06, 0x4F, 0xFA, 0x05, 0xEC, 0x73, 0x93, 0x4A, 0x10, 0x74, 0x89, 0x11,
    0xBF, 0x82, 0x3D, 0x29, 0x64, 0xC6, 0xE1, 0x21, 0xC5, 0xFC, 0x75, 0xCC, 0x35, 0xFC, 0x34, 0x9E,
    0x87, 0xF1, 0xA1, 0xE8, 0xEF, 0x1D, 0x41, 0xB5, 0x0E, 0x33, 0x5C, 0xB1, 0xE8, 0x56, 0xD7, 0xE9,
    0x9F, 0xD0, 0xA1, 0x1A, 0x89, 0xDB, 0xA0, 0x4B, 0xA1, 0xC9, 0x88, 0x4D, 0x2E, 0xA8, 0x44, 0x1D,
    0x1E, 0x84, 0x79, 0x48, 0x6F, 0xEC, 0x1E, 0xC3, 0x18, 0x0F, 0x08, 0xEE, 0xD0, 0x2F, 0x2B, 0xB8,
    0xF8, 0x2A, 0x7D, 0x08, 0x25, 0x3D, 0x47, 0x4D, 0xD1, 0x26, 0xF1, 0xD5, 0x93, 0x9D, 0x13, 0xB1,
    0xF0, 0xF6, 0xB3, 0x6A, 0x1A, 0x32, 0x9D, 0x99, 0xD2, 0x32, 0x2B, 0xC7, 0xCE, 0x1F, 0x43, 0x76,
    0xE2, 0x80, 0x64, 0x47, 0x25, 0x4B, 0x58, 0x14, 0xB8, 0x7A, 0xC8, 0xE9, 0xC4, 0x8A, 0x34, 0x53,
    0xB2, 0x96, 0x74, 0xD8, 0x23, 0xD6, 0xF0, 0xEC, 0x7D, 0x62, 0xDA, 0x34, 0xBF, 0x48, 0x91, 0x5F,
    0xFA, 0x01, 0x77, 0xD9, 0xC8, 0x41, 0x5D, 0x7E, 0x6C, 0x60, 0x7A, 0xBC, 0x59, 0x01, 0xA0, 0x69,
    0xFC, 0x27, 0xA5, 0x75, 0xB4, 0xA6, 0xC6, 0x33, 0x92, 0x5D, 0x58, 0xFF, 0xCC, 0x89, 0x95, 0x9D,
    0x6A, 0xCB, 0x34, 0x78, 0xAB, 0x5C, 0x6D, 0x37, 0x36, 0x76, 0x89, 0x32, 0xBA, 0x9A, 0x58, 0xF1,
    0xCB, 0x6E, 0xF5, 0x30, 0x1C, 0xD1, 0xD9, 0xF4, 0xAD, 0x7C, 0x2E, 0xBA, 0x88, 0xCF, 0xD0, 0x2A,
    0x5B, 0x6F, 0x6F, 0x5E, 0xB9, 0x88, 0x6F, 0xB5, 0xC6, 0xD0, 0x19, 0x94, 0xD2, 0xFF, 0x4F, 0xBE,
    0x1B, 0xC5, 0x43, 0x78, 0x8F, 0x0A, 0xCA, 0xED, 0x4A, 0x9B, 0xA8, 0x55, 0x4E, 0x1A, 0x5E, 0xFD,
    0x07, 0x7A, 0x9D, 0x22, 0xEA, 0xF1, 0xB9, 0x37, 0x69, 0xE3, 0x37, 0x33, 0x95, 0x60, 0xAD, 0x0E,
    0xC7, 0x9C, 0x9B, 0xEC, 0xE1, 0x8F, 0x05, 0x9F, 0xD9, 0x00, 0x56, 0xFB, 0x38, 0x77, 0x31, 0x5E,
    0x14, 0x94, 0xD3, 0x78, 0x00, 0xC6, 0xA5, 0x06, 0xAC, 0xBE, 0x54, 0xEF, 0x49, 0xF5, 0x5B, 0xCD,
    0xEA, 0x4E, 0xC2, 0xEA, 0x76, 0xC6, 0x4A, 0xF7, 0xA4, 0x0A, 0xA4, 0x72, 0xA5, 0x52, 0x5C, 0x50,
    0xCD, 0x3E, 0x2A, 0xA1, 0x87, 0x0A, 0x87, 0xA0, 0x09, 0xD5, 0x04, 0x4F, 0x94, 0x95, 0x3A, 0x69,
    0x74, 0x2B, 0x7C, 0xF7, 0x99, 0xE8, 0x38, 0x43, 0x91, 0x9D, 0x39, 0x1A, 0x43, 0x17, 0xE8, 0x53,
    0xC7, 0xDB, 0x9C, 0x6E, 0x30, 0x21, 0x9F, 0x3A, 0xDE, 0xA6, 0x8E, 0xF7, 0xF8, 0x3D, 0x57, 0x89,
    0x95, 0x9A, 0xE3, 0x81, 0xC6, 0xDB, 0x74, 0x7B, 0xA5, 0x57, 0xA7, 0xB4, 0x1C, 0x05, 0x73, 0xD1,
    0xF4, 0x78, 0x06, 0x75, 0xCF, 0xA6, 0x81, 0xB8, 0xF4, 0xD1, 0x8D, 0xB9, 0xE9, 0xF1, 0x3C, 0xAE,
    0x69, 0x48, 0x8F, 0x70, 0xF3, 0xDC, 0x8A, 0x4E, 0x83, 0x57, 0x63, 0xDC, 0x6A, 0x73, 0x01, 0xFD,
    0xB5, 0x57, 0x82, 0xB7, 0x61, 0x49, 0x98, 0x77, 0xDA, 0xB0, 0x32, 0x29, 0x7C, 0xE0, 0x2B, 0x1B,
    0x89, 0x39, 0x4B, 0xCC, 0x7F, 0xD9, 0x89, 0x95, 0x3B, 0xDA, 0x24, 0xA6, 0x1A, 0xAD, 0xA3, 0x4E,
    0xCC, 0x6E, 0x10, 0x98, 0x71, 0x10, 0x28, 0x62, 0xFA, 0xC4, 0xCC, 0x88, 0x49, 0x7D, 0x72, 0x88,
    0xD9, 0x24, 0xE6, 0x8A, 0xC8, 0xB8, 0x38, 0x71, 0x48, 0xCE, 0xD9, 0x1E, 0x0F, 0x72, 0x55, 0x78,
    0xC9, 0x4C, 0xAE, 0x34, 0xB2, 0x8B, 0xC8, 0x8E, 0x8D, 0xD4, 0xA2, 0x66, 0x1A, 0xE3, 0xBD, 0x08,
    0xDE, 0xB0, 0xCA, 0x08, 0x24, 0x66, 0x32, 0x7A, 0x9E, 0xF8, 0xAC, 0xA9, 0xF0, 0x5E, 0xB2, 0xC7,
    0x53, 0xE1, 0xC9, 0x9E, 0x6C, 0xCB, 0x9E, 0x2C, 0x9F, 0x6E, 0xC9, 0x74, 0xF3, 0x7D, 0x93, 0x73,
    0xCD, 0xAA, 0xF5, 0xFB, 0x56, 0x85, 0x57, 0xE4, 0x61, 0xE6, 0x69, 0xDA, 0x6A, 0x19, 0x68, 0x96,
    0x99, 0x66, 0x30, 0x0C, 0xE5, 0xCC, 0x8E, 0x7C, 0xF2, 0x79, 0x12, 0xA6, 0xF4, 0x24, 0x71, 0x3F,
    0x47, 0x4C, 0xDE, 0x41, 0x7F, 0x46, 0x6F, 0x84, 0xAB, 0x93, 0x10, 0x60, 0xD1, 0xCE, 0xAD, 0x43,
    0x49, 0x9E, 0x42, 0xF1, 0x11, 0x28, 0x03, 0x57, 0xF9, 0x1B, 0xC0, 0x7A, 0x44, 0xDF, 0xC7, 0xA3,
    0x87, 0x35, 0x89, 0x7C, 0xD2, 0x0F, 0x1E, 0xFD, 0xC2, 0xF3, 0x11, 0xFD, 0x67, 0x93, 0xED, 0xCB,
    0xB0, 0x75, 0x1D, 0x4A, 0x33, 0x4B, 0x7F, 0x27, 0x86, 0xBA, 0x23, 0x94, 0x42, 0xDD, 0x1E, 0xB1,
    0xAD, 0x43, 0x72, 0x18, 0x0C, 0xED, 0x58, 0xBD, 0x6B, 0x6B, 0xF5, 0xDE, 0xCF, 0xD0, 0xF9, 0xC1,
    0x10, 0x5F, 0x83, 0x84, 0x2B, 0x0A, 0x63, 0x25, 0x65, 0xA8, 0xE0, 0xC2, 0x53, 0xA0, 0x01, 0x95,
    0x06, 0x2B, 0x6C, 0x75, 0xA2, 0x99, 0x22, 0xEA, 0xEC, 0x45, 0xB9, 0x23, 0xE5, 0xA0, 0x78, 0xE8,
    0x7D, 0x2C, 0xB9, 0x13, 0x93, 0x61, 0xDA, 0x34, 0x93, 0x61, 0x43, 0x5F, 0xB6, 0x0B, 0x95, 0x97,
    0x6C, 0xCE, 0x1A, 0xEA, 0xB3, 0x97, 0xEA, 0xE2, 0xFE, 0x10, 0xCD, 0xC7, 0x58, 0x3D, 0x49, 0x22,
    0x2E, 0xE4, 0xAF, 0xCD, 0x22, 0xF0, 0xCE, 0x76, 0xF8, 0x42, 0x7E, 0xCA, 0xB3, 0xD0, 0xC6, 0x95,
    0x3A, 0x9C, 0x2D, 0xD8, 0xE9, 0xA5, 0xBA, 0xD8, 0x43, 0x2F, 0x09, 0x0F, 0x8A, 0xBC, 0xE7, 0x24,
    0xED, 0x4D, 0x47, 0xFB, 0x70, 0x7E, 0xDF, 0x9F, 0x61, 0x26, 0x11, 0xEE, 0x89, 0xD1, 0x6A, 0x31,
    0x32, 0x1C, 0x8C, 0xC7, 0x7D, 0x2F, 0xE9, 0xA4, 0x18, 0x44, 0x76, 0x91, 0x38, 0x66, 0xBA, 0x86,
    0xC4, 0x2F, 0xD7, 0xCB, 0x2F, 0x93, 0x01, 0x8F, 0xD0, 0xCF, 0x33, 0xB3, 0x28, 0xD7, 0x8D, 0xEA,
    0x4D, 0x5F, 0xB0, 0x2C, 0x67, 0x06, 0x66, 0x75, 0xDC, 0x56, 0x51, 0xAA, 0x5E, 0x99, 0xAB, 0xD2,
    0x08, 0x8A, 0x48, 0x3D, 0x49, 0x96, 0x4D, 0x2A, 0x52, 0xD6, 0xBC, 0x9F, 0x85, 0x45, 0x56, 0x81,
    0xD0, 0x70, 0x9D, 0xA3, 0x54, 0x10, 0x0C, 0xCA, 0xAC, 0x65, 0xEF, 0x02, 0x39, 0x3D, 0x5C, 0xAA,
    0x4B, 0x35, 0x68, 0x01, 0xF3, 0x23, 0x6D, 0x7F, 0x37, 0xBE, 0x4C, 0x17, 0xFB, 0x7B, 0xDA, 0xF9,
    0x28, 0xB1, 0xEF, 0x4C, 0xB2, 0xAE, 0x0B, 0xF9, 0x57, 0x38, 0x81, 0x26, 0x85, 0x92, 0x34, 0xD5,
    0xD3, 0x1D, 0x6D, 0xBF, 0x70, 0xBB, 0x69, 0x47, 0x92, 0x1B, 0xE6, 0xE0, 0x12, 0xD8, 0xBF, 0x98,
    0x43, 0xC5, 0x6E, 0xEA, 0xEF, 0x77, 0x6B, 0x5F, 0xC4, 0x51, 0x9B, 0x0D, 0xBC, 0x6A, 0xAF, 0x55,
    0xEA, 0xA6, 0xC6, 0x0B, 0xB7, 0x3D, 0x64, 0x4E, 0x16, 0x6B, 0x1C, 0x69, 0xC9, 0xBC, 0x1E, 0x45,
    0xC6, 0xF7, 0xA9, 0xDA, 0x99, 0x31, 0xDE, 0x57, 0xC5, 0xC8, 0x45, 0x3F, 0x40, 0xE0, 0x63, 0xAD,
    0x2A, 0x4D, 0xF8, 0x5E, 0xD4, 0x73, 0x8E, 0xB8, 0x21, 0x11, 0xFA, 0x4C, 0xD4, 0x0B, 0x1E, 0x4C,
    0x3E, 0x38, 0xCB, 0x44, 0xDC, 0x1F, 0xE5, 0xE8, 0x1C, 0x1C, 0xF3, 0x10, 0xB3, 0xCE, 0xA5, 0x76,
    0x49, 0xCE, 0xE7, 0xC8, 0x4D, 0x3D, 0x1D, 0x66, 0x83, 0x94, 0xA7, 0x4D, 0x33, 0x2D, 0x73, 0xB7,
    0x76, 0x95, 0x25, 0xD1, 0xC9, 0x68, 0xFB, 0x28, 0x3F, 0x19, 0x72, 0xBD, 0x2A, 0xE5, 0x90, 0xFD,
    0xC9, 0x90, 0x28, 0x8D, 0x9E, 0xAA, 0xB3, 0x5C, 0x05, 0xDE, 0xCB, 0x75, 0x69, 0x0A, 0x9B, 0xF1,
    0x29, 0x8F, 0x5A, 0xC9, 0x65, 0xBA, 0x18, 0xD9, 0x5D, 0xEB, 0x71, 0x6A, 0xAA, 0xF8, 0xC4, 0xF5,
    0x5D, 0xC0, 0x6F, 0xDE, 0x4E, 0xEC, 0x8F, 0x33, 0xEB, 0x83, 0xE4, 0x92, 0xFC, 0x3C, 0x69, 0x53,
    0x6F, 0x8D, 0xE4, 0xEC, 0xB0, 0x2D, 0x7A, 0x92, 0x9E, 0x34, 0x0E, 0x7E, 0x03, 0xFB, 0x88, 0x79,
    0x32, 0x46, 0x08, 0xCC, 0x63, 0xF8, 0xEA, 0x2D, 0xF8, 0xF5, 0x65, 0xF8, 0xDD, 0x75, 0xE6, 0x2D,
    0x3E, 0x0D, 0xA2, 0x8F, 0xF0, 0x28, 0xC3, 0x37, 0x65, 0x6E, 0x5A, 0xCE, 0x67, 0xEC, 0x3D, 0x9C,
    0x64, 0xCE, 0x93, 0xF8, 0xEE, 0x45, 0x0F, 0x30, 0x30, 0x8E, 0x79, 0x3C, 0x0F, 0x5E, 0x4E, 0xFA,
    0x01, 0xC7, 0x18, 0x6B, 0x63, 0xEC, 0x56, 0x42, 0x8B, 0x87, 0xB4, 0xE3, 0xEA, 0x1F, 0x92, 0xC5,
    0xFF, 0x13, 0x43, 0x02, 0xA4, 0xFC, 0x27, 0xF0, 0x19, 0xA7, 0x17, 0xEF, 0x7E, 0x69, 0x0C, 0x53,
    0x33, 0xB1, 0xFD, 0x84, 0x41, 0xFB, 0xFD, 0xF4, 0x54, 0x9D, 0xBE, 0x94, 0x0C, 0xC6, 0x64, 0x1E,
    0x12, 0x38, 0xE4, 0x44, 0xB1, 0x3A, 0xD9, 0x8D, 0xB4, 0xD0, 0x61, 0xB4, 0x43, 0x7E, 0x1F, 0x2A,
    0xA2, 0xEF, 0x8A, 0xBB, 0x64, 0xA3, 0xE2, 0x7D, 0x42, 0xB1, 0xFF, 0x4D, 0xFE, 0xBF, 0x45, 0x55,
    0x02, 0xD7, 0xAC, 0xDC, 0xB4, 0xF8, 0x13, 0x9B, 0x6B, 0x5A, 0xF0, 0xF3, 0x4E, 0x29, 0x03, 0xA7,
    0x45, 0x52, 0xE7, 0xE9, 0xA7, 0x0C, 0x12, 0x63, 0x06, 0x89, 0xB8, 0xC9, 0x77, 0xA6, 0x12, 0x91,
    0x73, 0x8E, 0xE4, 0x3D, 0x80, 0x3A, 0x62, 0x9A, 0xC8, 0xE0, 0x73, 0xBE, 0x9F, 0xC3, 0x80, 0xD1,
    0xE1, 0x5E, 0x99, 0xB7, 0x35, 0xD4, 0x87, 0x29, 0xEC, 0x77, 0x92, 0xB3, 0x00, 0x3B, 0xA5, 0x9C,
    0xFF, 0x05, 0xAD, 0x59, 0x3D, 0x6C, 0x1B, 0xC9, 0x15, 0x7E, 0xBB, 0x6B, 0x7B, 0x00, 0x4F, 0xA4,
    0x51, 0x91, 0xC2, 0x38, 0xC9, 0xDC, 0x2B, 0x5C, 0x18, 0x17, 0x49, 0x9B, 0x00, 0x42, 0xA0, 0x00,
    0xA4, 0x76, 0x7D, 0x2E, 0x1C, 0x44, 0x09, 0xA2, 0xE2, 0x92, 0x26, 0x40, 0xEC, 0xFA, 0x1A, 0xBB,
    0x60, 0xC1, 0x00, 0xB2, 0x39, 0x8E, 0x8B, 0x14, 0x07, 0xC4, 0x0A, 0x90, 0xFE, 0x54, 0xB8, 0x88,
    0x75, 0x09, 0xA4, 0x42, 0x01, 0x04, 0x44, 0x14, 0xF7, 0x7C, 0x45, 0x8A, 0x2B, 0xB2, 0x77, 0xCE,
    0xD5, 0x59, 0x04, 0x02, 0x1C, 0x48, 0x80, 0xB5, 0x49, 0x16, 0x08, 0x2D, 0x51, 0xDC, 0x7C, 0x6F,
    0x96, 0xA4, 0xFE, 0x4D, 0xD1, 0x14, 0xB5, 0x6F, 0x44, 0x2E, 0x77, 0xDE, 0xCF, 0xCC, 0xFB, 0xF9,
    0xDE, 0x90, 0x3E, 0x7E, 0x46, 0x94, 0x35, 0xA8, 0xFB, 0xB2, 0x43, 0x22, 0x19, 0x11, 0xA9, 0x84,
    0xA8, 0x00, 0x2A, 0xAE, 0x11, 0x4D, 0xCF, 0x13, 0xAD, 0x14, 0x89, 0x92, 0x49, 0xB2, 0x76, 0x97,
    0xC9, 0xC9, 0xB2, 0xC0, 0xD1, 0x52, 0xCB, 0xC0, 0x09, 0x15, 0x39, 0x91, 0x17, 0x88, 0x34, 0x8B,
    0xBC, 0xFD, 0xF7, 0x9E, 0x93, 0xDF, 0x6A, 0xB3, 0x11, 0x0D, 0xF2, 0xEB, 0xB4, 0xA6, 0xE8, 0x7D,
    0x15, 0x90, 0x0A, 0xAE, 0x64, 0x41, 0x75, 0x39, 0x48, 0x15, 0x5F, 0x1B, 0xD9, 0xA6, 0xF7, 0x32,
    0x36, 0x4F, 0x25, 0x63, 0x44, 0x1B, 0xAB, 0x44, 0x6E, 0x74, 0x21, 0x0A, 0x60, 0x76, 0xF1, 0x2A,
    0x79, 0x35, 0x92, 0xE9, 0xB9, 0xD5, 0x38, 0x53, 0x5C, 0xE9, 0x1C, 0xE2, 0x1C, 0x4C, 0x56, 0x10,
    0xA3, 0x16, 0x20, 0x2A, 0x15, 0xCD, 0x5E, 0xC2, 0x9C, 0x80, 0xA4, 0x79, 0xDA, 0x81, 0xA4, 0x1B,
    0x98, 0xD8, 0xE4, 0x79, 0x44, 0xC3, 0x41, 0xAE, 0xAE, 0xBB, 0x4F, 0x56, 0xAB, 0x0E, 0x11, 0x0A,
    0xF3, 0x25, 0xB9, 0x74, 0x99, 0x26, 0x71, 0xBB, 0x74, 0x88, 0x66, 0x40, 0x1E, 0x3F, 0x8A, 0x29,
    0x0A, 0xAB, 0xC8, 0xCA, 0xD1, 0xFD, 0x37, 0x44, 0x16, 0x58, 0x69, 0x4C, 0xE3, 0xA7, 0xA6, 0x0C,
    0xB7, 0x7A, 0x20, 0xB2, 0x48, 0xD9, 0xF1, 0x04, 0x45, 0x58, 0xBB, 0xFC, 0xC2, 0x97, 0x1E, 0x94,
    0xDB, 0x4D, 0xEC, 0x4C, 0x93, 0xAD, 0x61, 0x3B, 0x34, 0x99, 0x58, 0x27, 0x2A, 0x8F, 0x0D, 0xAE,
    0x02, 0x5E, 0x0F, 0xE1, 0x4D, 0x64, 0xBF, 0x0C, 0x9D, 0x5B, 0xE1, 0xF9, 0x55, 0xC0, 0xA3, 0x22,
    0x3C, 0xF0, 0x80, 0x41, 0x54, 0xB8, 0x49, 0x34, 0x6F, 0x2E, 0x3A, 0xDF, 0x12, 0x2C, 0x5C, 0x27,
    0x5A, 0xAB, 0xE0, 0x0E, 0x98, 0x48, 0x3D, 0xB0, 0x7C, 0x8B, 0x02, 0x71, 0x3B, 0x74, 0xBE, 0x24,
    0xDA, 0xEF, 0x68, 0xD1, 0x4B, 0x05, 0x5B, 0x4F, 0x93, 0x95, 0x60, 0x17, 0xAA, 0x58, 0x02, 0x37,
    0xD7, 0xE0, 0x3B, 0xD9, 0x26, 0x79, 0xDB, 0x19, 0xFC, 0xCB, 0x0D, 0x9D, 0xD0, 0x49, 0xE0, 0x67,
    0x29, 0xA8, 0x01, 0x5A, 0x3B, 0x44, 0x7C, 0x0F, 0xDF, 0xD9, 0xB1, 0x13, 0xCA, 0x50, 0x6E, 0x6D,
    0x90, 0x8F, 0x79, 0xDD, 0x97, 0xB5, 0x36, 0x05, 0xFF, 0x9F, 0x26, 0xAA, 0x94, 0x41, 0x0F, 0x40,
    0x73, 0x54, 0x6F, 0x90, 0xD8, 0x6B, 0x40, 0xED, 0x0A, 0x4D, 0x50, 0x05, 0xAA, 0x1C, 0x50, 0x09,
    0xE4, 0x51, 0x83, 0x54, 0xD6, 0x0A, 0xEC, 0x7D, 0x5F, 0x9F, 0xA5, 0xC3, 0xE8, 0x37, 0xB4, 0x56,
    0xCD, 0x82, 0x33, 0x74, 0x68, 0x41, 0x87, 0x98, 0x65, 0x9B, 0xD8, 0x83, 0x4C, 0xAC, 0x0F, 0x96,
    0xF9, 0x72, 0x8D, 0xFA, 0x91, 0x6D, 0x2D, 0x2D, 0x92, 0x9D, 0x25, 0x5D, 0x53, 0xFC, 0x2C, 0xA3,
    0xD1, 0x2D, 0x44, 0x62, 0x28, 0x41, 0x57, 0x4C, 0xDC, 0x19, 0xDA, 0x5A, 0xC3, 0xD2, 0x37, 0x0E,
    0x3E, 0x1B, 0x72, 0x10, 0xA7, 0x22, 0x90, 0x78, 0x9E, 0xE7, 0xD9, 0x4B, 0x5A, 0x66, 0x6D, 0xEF,
    0xB2, 0xB2, 0x40, 0xEE, 0x44, 0x05, 0x3B, 0x29, 0x52, 0x32, 0xB3, 0x94, 0xF8, 0x59, 0x92, 0xEF,
    0x07, 0xB6, 0x52, 0xED, 0xC5, 0xEC, 0x0F, 0x26, 0x01, 0x7D, 0x17, 0x61, 0x0F, 0x23, 0xAA, 0xC1,
    0x85, 0x28, 0xC0, 0x81, 0x49, 0xA1, 0xD8, 0xD6, 0x56, 0x27, 0x39, 0xF6, 0x56, 0xA3, 0xC0, 0x32,
    0x41, 0x05, 0xBA, 0x10, 0x15, 0x38, 0x2C, 0xD6, 0x0F, 0xC2, 0xA2, 0xA7, 0xFC, 0x81, 0x64, 0xD1,
    0x4A, 0x9E, 0xC4, 0x1D, 0xF6, 0xC5, 0xFD, 0x9E, 0xC2, 0x42, 0x1A, 0x26, 0x42, 0x14, 0xBA, 0x73,
    0xC8, 0xC3, 0x4E, 0xF0, 0x80, 0xEC, 0xAF, 0xB1, 0xF6, 0xBC, 0x15, 0x93, 0x17, 0xB1, 0xF6, 0x81,
    0x74, 0x38, 0x1E, 0xAD, 0x4E, 0x3C, 0xF6, 0x5E, 0x7B, 0x4B, 0xE7, 0x49, 0x59, 0x21, 0x97, 0x4D,
    0x5F, 0xCD, 0x75, 0x18, 0x45, 0x78, 0xB7, 0x96, 0x43, 0x27, 0xB6, 0x43, 0x15, 0x58, 0x21, 0xC2,
    0x34, 0x38, 0x9A, 0x12, 0xEA, 0xC9, 0x0C, 0x8D, 0xC6, 0x1E, 0xD9, 0xB1, 0xAB, 0xED, 0x58, 0xC5,
    0x36, 0x58, 0x21, 0x10, 0xEE, 0xB7, 0x82, 0x93, 0x59, 0x11, 0xC9, 0x45, 0x6E, 0x6F, 0x2B, 0x4A,
    0x0A, 0xE6, 0x52, 0x1F, 0x26, 0x70, 0xD0, 0xE1, 0x8F, 0x78, 0xB3, 0xDD, 0xAD, 0x45, 0x95, 0x35,
    0x8B, 0x34, 0x81, 0x18, 0x99, 0xA7, 0x79, 0x7F, 0x27, 0x91, 0x39, 0x07, 0xA3, 0x89, 0x8F, 0x28,
    0xEA, 0x96, 0xB6, 0xC1, 0xB4, 0x62, 0xA7, 0x0C, 0x42, 0x67, 0x5B, 0x53, 0xD7, 0x29, 0xFB, 0xD5,
    0xCA, 0x46, 0xD5, 0x74, 0x38, 0xF7, 0x45, 0x17, 0xA2, 0xD1, 0xB1, 0xD4, 0xDD, 0xB7, 0x3A, 0x03,
    0x6E, 0x11, 0x59, 0x0C, 0x49, 0x92, 0x9C, 0x2C, 0x98, 0x64, 0xE1, 0xF6, 0x25, 0xE3, 0x1A, 0x65,
    0xE3, 0xD2, 0x6B, 0x1D, 0x07, 0xEA, 0x7B, 0xF7, 0x16, 0x39, 0xA9, 0xA0, 0xD2, 0x93, 0xBC, 0x8F,
    0xE1, 0xBA, 0xE8, 0x04, 0x74, 0x53, 0x64, 0x7A, 0x34, 0x82, 0x67, 0xC2, 0x73, 0x2B, 0x27, 0x86,
    0xAD, 0xA5, 0x06, 0x97, 0x95, 0xC6, 0xE9, 0xDF, 0xF2, 0x20, 0x37, 0xB1, 0x79, 0x86, 0x0B, 0x6F,
    0x85, 0xC1, 0x11, 0xD0, 0x76, 0x7A, 0x28, 0x67, 0xCF, 0xA0, 0xC6, 0x03, 0xD9, 0x87, 0xE9, 0xEB,
    0x26, 0xF2, 0x6A, 0x9D, 0xEC, 0x44, 0x05, 0x76, 0x24, 0x31, 0x4F, 0x9C, 0x20, 0x91, 0xAA, 0xD8,
    0x6D, 0xFA, 0xE9, 0x31, 0xF5, 0xAA, 0x59, 0x96, 0x85, 0xA3, 0xDF, 0xFC, 0xAC, 0x16, 0xF4, 0xAF,
    0x1E, 0x6A, 0x1D, 0xCA, 0x20, 0xD6, 0xE7, 0xF7, 0xF8, 0x8F, 0x85, 0x90, 0x78, 0x2F, 0x67, 0x13,
    0x92, 0xAD, 0x26, 0x8A, 0x7F, 0x09, 0x9F, 0x27, 0x41, 0x85, 0x13, 0xE4, 0x46, 0xBE, 0xAE, 0x26,
    0x80, 0x5A, 0x3F, 0xAE, 0xEE, 0x7F, 0xAF, 0x91, 0xAF, 0xD9, 0x68, 0xE4, 0x84, 0xA7, 0xFD, 0xC9,
    0x4D, 0xBF, 0xF9, 0xF0, 0xC6, 0xDE, 0xDA, 0xEF, 0x4C, 0xD5, 0xF0, 0x74, 0x55, 0x8B, 0x23, 0x7F,
    0x6E, 0x5C, 0x4D, 0x3F, 0xF8, 0x43, 0xB5, 0xD9, 0x9B, 0xCB, 0xC7, 0xCF, 0x72, 0x3C, 0x7C, 0x3A,
    0x8F, 0x11, 0x2A, 0x0F, 0xCD, 0xAC, 0xCB, 0xB8, 0x37, 0x1F, 0x78, 0xD2, 0xCD, 0x8D, 0xD4, 0x8B,
    0xCE, 0xE6, 0xF5, 0xF6, 0xF9, 0x42, 0x03, 0x7F, 0xCC, 0x89, 0x44, 0x6A, 0x15, 0xCA, 0xE0, 0x6C,
    0x2E, 0xD8, 0x48, 0x92, 0x0B, 0x76, 0x6A, 0x6B, 0x11, 0x39, 0x61, 0x6F, 0xBD, 0xCE, 0xD2, 0xA5,
    0xDE, 0x18, 0x8D, 0x3C, 0xCC, 0x93, 0xFA, 0xBC, 0x24, 0x37, 0x65, 0xE0, 0x37, 0x15, 0x63, 0xA0,
    0x20, 0xC7, 0x2E, 0x8F, 0x72, 0x4F, 0x47, 0x5A, 0x90, 0x7A, 0x5E, 0x85, 0x35, 0x19, 0xB4, 0xE3,
    0xD9, 0x7B, 0xBC, 0x5E, 0x7D, 0x02, 0x93, 0x8A, 0x27, 0x2F, 0x37, 0x2E, 0x56, 0xD3, 0x3C, 0x09,
    0xE3, 0xE1, 0x94, 0x44, 0xCC, 0xEC, 0x16, 0x99, 0x91, 0xFC, 0x94, 0xAE, 0x3B, 0x6C, 0xBA, 0xCA,
    0xE8, 0x4A, 0x6A, 0x42, 0xB3, 0xD7, 0x65, 0x99, 0x0B, 0x39, 0x09, 0xA8, 0x12, 0x05, 0xFC, 0x61,
    0x2E, 0xBE, 0x41, 0xF6, 0x3E, 0x89, 0x9F, 0xD2, 0xB0, 0xC3, 0x9F, 0xC0, 0x8A, 0xD3, 0xE8, 0x5B,
    0x2E, 0xC3, 0xCA, 0x8E, 0xC9, 0x0D, 0x19, 0xEA, 0xF9, 0x4D, 0x1F, 0x6B, 0x23, 0x01, 0x71, 0x14,
    0xBC, 0x7F, 0x9E, 0x9C, 0xCF, 0x21, 0xE1, 0xAF, 0x21, 0x39, 0xAF, 0x61, 0x2A, 0xB7, 0x01, 0xFF,
    0x08, 0xC8, 0xF9, 0x32, 0x22, 0xE7, 0x45, 0x0A, 0xD7, 0xDF, 0x00, 0x79, 0x58, 0x69, 0x81, 0x35,
    0xB5, 0xF2, 0xCE, 0xCA, 0xC4, 0x5E, 0x9C, 0xE7, 0x18, 0xDE, 0x22, 0xCB, 0xE0, 0x3F, 0x13, 0x13,
    0xF2, 0x30, 0xDD, 0xC9, 0x48, 0xDE, 0x82, 0x72, 0x77, 0x42, 0x92, 0xBF, 0xC4, 0x67, 0x8E, 0x95,
    0x0D, 0xD0, 0x5D, 0xF4, 0x0D, 0xB3, 0x30, 0xE9, 0xC3, 0x14, 0x31, 0xB1, 0x41, 0xD5, 0xC4, 0xCD,
    0x73, 0x96, 0xE9, 0x3D, 0x78, 0x22, 0xFE, 0xA3, 0x8A, 0xD2, 0xB7, 0xC1, 0xF7, 0x09, 0xDA, 0x0E,
    0xFD, 0x86, 0xC4, 0xAF, 0x63, 0x12, 0x9F, 0x68, 0x12, 0x7F, 0x42, 0x6A, 0x80, 0x8E, 0x02, 0xC2,
    0xC4, 0xD3, 0x88, 0xC4, 0x13, 0xF0, 0xD7, 0x80, 0x8A, 0xCC, 0xE3, 0x1A, 0x19, 0x5C, 0x70, 0xB8,
    0x05, 0x61, 0xBF, 0x1D, 0x8D, 0xE8, 0x58, 0x55, 0x3D, 0x8D, 0xAC, 0x53, 0x4A, 0xBF, 0x95, 0xB8,
    0xF1, 0x0F, 0x78, 0xBB, 0x83, 0x7A, 0x20, 0xCF, 0xF8, 0x73, 0xE3, 0x7A, 0x3A, 0x98, 0x14, 0xBC,
    0x26, 0x28, 0xC7, 0x07, 0x0C, 0x90, 0xE0, 0x38, 0x34, 0xD2, 0x5B, 0x26, 0xAF, 0xB1, 0x08, 0x85,
    0x96, 0x9C, 0xD6, 0xCD, 0x6B, 0x0A, 0xD6, 0x4E, 0x43, 0x8F, 0x29, 0xC8, 0x78, 0x00, 0xBA, 0xD7,
    0xAF, 0x1E, 0xDE, 0x1D, 0xAA, 0xDF, 0x09, 0xE4, 0x2C, 0xC9, 0x1F, 0x91, 0xFC, 0x21, 0xEF, 0xE1,
    0x59, 0x97, 0x1B, 0x13, 0x34, 0x38, 0xDD, 0xEC, 0x9B, 0xA0, 0x47, 0xA0, 0xD2, 0x5B, 0xC5, 0xC1,
    0x61, 0xEA, 0x27, 0x39, 0xDF, 0x8A, 0xE4, 0xED, 0x58, 0xDE, 0x8E, 0x4E, 0xCA, 0x42, 0xC8, 0x98,
    0x98, 0xE9, 0xD4, 0x34, 0x43, 0xFF, 0x01, 0x73, 0xD4, 0x49, 0x1B, 0xF7, 0x3D, 0x6E, 0x41, 0xF3,
    0xFB, 0x01, 0x28, 0xA2, 0xC4, 0x8A, 0xEC, 0xDD, 0xCF, 0x42, 0x85, 0x3C, 0x8F, 0xDA, 0x81, 0xBC,
    0x65, 0x77, 0xAF, 0xAF, 0xC8, 0x7E, 0xCD, 0x93, 0x10, 0x56, 0x68, 0xD5, 0xBF, 0x7F, 0xE8, 0x2B,
    0x80, 0x7C, 0xD3, 0x77, 0x7F, 0xAB, 0x0D, 0x73, 0xC8, 0x66, 0x8F, 0x17, 0x1D, 0xE4, 0xEC, 0x87,
    0x4E, 0xA6, 0x65, 0x62, 0xD5, 0xC8, 0x69, 0xD0, 0x34, 0x39, 0xEB, 0x3C, 0x7C, 0xCA, 0xC3, 0x27,
    0x68, 0x7B, 0x9C, 0x27, 0x11, 0x86, 0xC7, 0x09, 0x06, 0xBD, 0xC6, 0x43, 0x89, 0x07, 0x97, 0x07,
    0x09, 0x6C, 0xA7, 0x31, 0x47, 0x46, 0x08, 0x21, 0xBF, 0xC1, 0xD5, 0x37, 0x3F, 0x31, 0xC8, 0x31,
    0x07, 0x3A, 0x5D, 0x6A, 0x43, 0x33, 0x77, 0x36, 0xA5, 0xEA, 0x06, 0xA2, 0x3B, 0x9A, 0xC4, 0x6D,
    0x97, 0x38, 0x6D, 0x1E, 0x27, 0x37, 0xF6, 0xB4, 0x9F, 0xD4, 0xE3, 0x0B, 0x57, 0xC7, 0x80, 0x06,
    0xB3, 0xB2, 0x66, 0x60, 0xDC, 0x60, 0x80, 0x43, 0x3F, 0x4A, 0x75, 0x23, 0x99, 0xFB, 0x4F, 0x4E,
    0x03, 0xFC, 0x9E, 0x5D, 0xF4, 0x01, 0x87, 0x75, 0x91, 0xBD, 0x9B, 0x0F, 0x27, 0x0E, 0x70, 0xD6,
    0x45, 0x5A, 0x11, 0x20, 0x70, 0x62, 0xA0, 0x9B, 0x3F, 0x47, 0xCC, 0x37, 0x97, 0xDD, 0xE7, 0xA2,
    0x4E, 0x98, 0x09, 0x1D, 0x23, 0x4C, 0x1E, 0xA2, 0x71, 0x13, 0x5E, 0xF2, 0x05, 0x5C, 0xC3, 0xDD,
    0xA9, 0xC3, 0x2B, 0x52, 0x85, 0x5E, 0x3F, 0x16, 0x66, 0x08, 0x4F, 0x1D, 0x44, 0x8A, 0xA2, 0xEA,
    0x36, 0xBD, 0xF4, 0x90, 0x79, 0xE9, 0x51, 0xF3, 0x9E, 0x06, 0x6C, 0x5E, 0xC8, 0xE6, 0xC5, 0x6C,
    0xCF, 0x2A, 0x0F, 0x45, 0x1E, 0x0A, 0xC6, 0xBC, 0xCA, 0x29, 0x9B, 0x54, 0x66, 0xE2, 0xE5, 0x33,
    0x0B, 0xED, 0x69, 0x36, 0x0D, 0x96, 0xC1, 0x30, 0xD8, 0x05, 0x33, 0x0E, 0x5F, 0x2A, 0x56, 0x7E,
    0xA2, 0x8C, 0x31, 0x93, 0x9C, 0x56, 0xE0, 0xCB, 0x22, 0xA2, 0x0F, 0x9E, 0x63, 0x69, 0xF6, 0x0F,
    0x1D, 0x4F, 0xBC, 0x61, 0x0C, 0x18, 0x8A, 0x48, 0x24, 0x30, 0xAA, 0x81, 0x87, 0xD7, 0xF1, 0xF4,
    0x3C, 0x40, 0x66, 0xA9, 0x4D, 0x45, 0xD4, 0x8C, 0x79, 0x34, 0x14, 0x6B, 0xF8, 0x3E, 0x45, 0x53,
    0x13, 0xDB, 0xAD, 0xBA, 0xA6, 0xFB, 0x28, 0x42, 0x4B, 0x0B, 0x4E, 0xD6, 0xD9, 0xC6, 0xBA, 0x16,
    0x7B, 0xA9, 0x4B, 0xEB, 0x25, 0x2A, 0x15, 0x69, 0x32, 0xBF, 0x66, 0xA8, 0xE8, 0x05, 0xEB, 0x6A,
    0x2F, 0xB1, 0x11, 0xA5, 0x23, 0x1D, 0xD8, 0x8F, 0x14, 0x9D, 0x03, 0x8E, 0x81, 0x15, 0x60, 0x37,
    0xD2, 0x0B, 0xCE, 0x5E, 0x48, 0x1B, 0x74, 0x5E, 0x35, 0xF2, 0x9E, 0x18, 0x68, 0xED, 0x8B, 0x98,
    0x66, 0xC0, 0x70, 0xEA, 0xDA, 0x05, 0xA8, 0x31, 0x42, 0xC5, 0x32, 0x55, 0x12, 0xFA, 0x77, 0x44,
    0x2F, 0xF4, 0xB9, 0xD4, 0x18, 0xCD, 0xB2, 0x26, 0x00, 0xFE, 0xD2, 0xBA, 0x13, 0xAB, 0x60, 0x5C,
    0x05, 0x2A, 0xB8, 0xE6, 0x72, 0xF1, 0x9B, 0xCC, 0xCF, 0xBC, 0xD4, 0x56, 0x8C, 0x21, 0xE3, 0x21,
    0x40, 0xCD, 0xC6, 0xE0, 0xF1, 0xA0, 0xB4, 0x0A, 0x86, 0x04, 0x66, 0x0C, 0x59, 0xD9, 0xF2, 0x52,
    0x8D, 0x5C, 0x70, 0xB1, 0xEA, 0xB7, 0x50, 0x29, 0x76, 0x5E, 0x65, 0x91, 0x4B, 0x99, 0x95, 0x94,
    0x90, 0xB7, 0xD0, 0x04, 0xA2, 0x19, 0x2C, 0x92, 0x69, 0x07, 0xCD, 0x01, 0x0D, 0x1F, 0xD1, 0x70,
    0xAA, 0x54, 0xD9, 0xF6, 0x6E, 0x62, 0xB7, 0x6E, 0x71, 0x43, 0xDA, 0x3E, 0xA7, 0xF2, 0x75, 0xEE,
    0x56, 0xE6, 0xA0, 0x06, 0x99, 0x72, 0xBB, 0x89, 0x64, 0x3D, 0xC3, 0x55, 0x9F, 0x0F, 0x4B, 0x40,
    0x93, 0x64, 0x50, 0xC2, 0x0E, 0x50, 0x02, 0xA6, 0x19, 0xA4, 0xF0, 0x02, 0xEF, 0x43, 0x7E, 0xCE,
    0x07, 0x2E, 0x56, 0x91, 0xDF, 0xB4, 0x13, 0x8E, 0xF1, 0x82, 0x69, 0x4E, 0x52, 0xC3, 0x1A, 0x02,
    0x67, 0xC3, 0x6A, 0x15, 0xCB, 0x19, 0x70, 0x38, 0xE8, 0x23, 0x97, 0xFB, 0x2F, 0x02, 0x76, 0x1D,
    0x48, 0x9C, 0x39, 0x0F, 0xD5, 0x07, 0x85, 0x87, 0x93, 0xF4, 0xE5, 0x73, 0x08, 0xCD, 0xA7, 0xE1,
    0x5B, 0x4C, 0x92, 0x26, 0x33, 0x09, 0xA0, 0x33, 0xE7, 0x8B, 0x10, 0xBD, 0x74, 0xBB, 0xFA, 0x0E,
    0xB8, 0x12, 0x97, 0x2C, 0x1A, 0x07, 0xD6, 0x1D, 0x67, 0x20, 0x62, 0x25, 0xE7, 0x5A, 0x09, 0xEE,
    0xD2, 0x73, 0x84, 0xF7, 0xCC, 0xE4, 0xE1, 0xFA, 0x82, 0xDC, 0x4E, 0x4C, 0x53, 0xB6, 0xE2, 0xD2,
    0x9C, 0x0A, 0xB9, 0x30, 0x59, 0x10, 0x89, 0x5A, 0x68, 0xA7, 0xD3, 0x04, 0x7C, 0x99, 0x96, 0xAC,
    0xC4, 0xDF, 0x89, 0x64, 0xCB, 0x80, 0x85, 0xA2, 0xC1, 0x84, 0xF8, 0xD2, 0xF8, 0xB7, 0x7C, 0x43,
    0xA5, 0x47, 0x54, 0x1E, 0xA6, 0xCA, 0x25, 0xDE, 0x5D, 0xD9, 0x60, 0x24, 0xBB, 0xA8, 0x68, 0x45,
    0x51, 0xED, 0x21, 0x79, 0x9B, 0xC4, 0x48, 0x09, 0x6D, 0xD3, 0x2B, 0xD4, 0xE3, 0xA8, 0x6F, 0x71,
    0x39, 0x1E, 0x4E, 0xA9, 0x50, 0x6C, 0x37, 0x67, 0x3D, 0xC5, 0xF5, 0xCB, 0x9F, 0x6A, 0x26, 0x63,
    0x21, 0x13, 0xAF, 0x9E, 0xC3, 0x16, 0xE2, 0xAC, 0xC6, 0x38, 0x39, 0xE6, 0xF5, 0xBC, 0x4A, 0x91,
    0xF8, 0x4D, 0x68, 0x67, 0x9D, 0xF6, 0xB6, 0x1F, 0xD1, 0x23, 0x97, 0x68, 0x6A, 0x9C, 0x26, 0xCA,
    0x7C, 0x06, 0x9A, 0xB7, 0x1E, 0x3D, 0xA5, 0x03, 0xCA, 0xC4, 0x33, 0xCB, 0x9F, 0x45, 0x53, 0xCA,
    0x02, 0xC1, 0xEF, 0x55, 0x07, 0xC7, 0xBE, 0x85, 0xBC, 0x05, 0xA8, 0xD0, 0x3E, 0xF8, 0x60, 0xE8,
    0xCB, 0x51, 0xC8, 0xAE, 0x5C, 0x60, 0x5F, 0xE4, 0x27, 0x70, 0x55, 0x33, 0x5A, 0x7E, 0xDE, 0x7E,
    0x7F, 0xE4, 0x02, 0x26, 0xDA, 0x66, 0xF8, 0xCF, 0xC6, 0xA5, 0xC6, 0xCA, 0x0A, 0x9B, 0x6E, 0x9D,
    0x72, 0xEE, 0x3A, 0x90, 0x72, 0x43, 0x7C, 0x8C, 0x25, 0xC6, 0x48, 0xE1, 0xBA, 0xD4, 0x5B, 0x9D,
    0x33, 0x65, 0xDD, 0x9D, 0xCB, 0xF9, 0xBD, 0x45, 0xD6, 0xA9, 0x46, 0xDF, 0xFD, 0x88, 0x90, 0x21,
    0x8F, 0x1B, 0xED, 0xFE, 0x84, 0xCC, 0xAF, 0x32, 0x37, 0xD6, 0xBB, 0xF5, 0xA3, 0x9E, 0xCA, 0xCC,
    0x8B, 0xAE, 0xA4, 0xC0, 0x1B, 0x49, 0x2F, 0x12, 0xA1, 0x15, 0x3B, 0x68, 0x7C, 0xAC, 0xD6, 0x32,
    0x32, 0x2A, 0x3C, 0x21, 0x9D, 0x43, 0xDB, 0x03, 0x57, 0xB8, 0x73, 0x70, 0x60, 0xEF, 0x05, 0x35,
    0xAA, 0x5B, 0xFB, 0x90, 0x5B, 0x3A, 0x9D, 0x74, 0x8D, 0xC4, 0x5E, 0x4B, 0x5B, 0x2D, 0x80, 0xC7,
    0xF7, 0x8E, 0x56, 0xD3, 0x81, 0x74, 0x59, 0x5A, 0x40, 0x5A, 0x89, 0xDF, 0x4D, 0x8F, 0x91, 0xC3,
    0x67, 0x6A, 0x9B, 0x17, 0xA2, 0x8F, 0x89, 0x74, 0x34, 0x11, 0xF6, 0x6E, 0x74, 0xE4, 0xF0, 0xB8,
    0x2F, 0xBD, 0xD0, 0xFD, 0xD2, 0x70, 0x85, 0x68, 0x6C, 0x3C, 0xFF, 0x2F, 0xE2, 0xC1, 0xF5, 0xE2,
    0x93, 0xE4, 0x57, 0xD8, 0xAF, 0xAF, 0x40, 0xFF, 0x03, 0x55, 0xDF, 0x41, 0x2F, 0x34, 0x09, 0xC0,
    0xFB, 0x8C, 0x02, 0x12, 0xF2, 0x18, 0x05, 0x8C, 0x5D, 0xC0, 0x7A, 0x61, 0x13, 0xC6, 0xA7, 0x11,
    0x92, 0xAB, 0x80, 0xCF, 0xB0, 0xF3, 0x73, 0xDD, 0xB7, 0x5E, 0xEF, 0x2E, 0x9F, 0x0B, 0x5B, 0xBB,
    0x1D, 0x6F, 0x9F, 0x54, 0xF7, 0x96, 0xFB, 0xB0, 0x23, 0x37, 0x34, 0xE1, 0x6E, 0x60, 0xEE, 0x24,
    0x23, 0x76, 0xEE, 0xEF, 0xCD, 0x86, 0x2B, 0xB3, 0x5D, 0x25, 0x03, 0x3D, 0x57, 0xC6, 0x3B, 0x1E,
    0x50, 0x6D, 0x3A, 0xDA, 0x6F, 0xBA, 0x91, 0x08, 0x47, 0x41, 0xD2, 0x1C, 0xCE, 0x28, 0xA0, 0x61,
    0x27, 0x1A, 0x4E, 0x24, 0xCA, 0xD0, 0x18, 0x12, 0xAE, 0x95, 0x14, 0x57, 0x91, 0xCF, 0x92, 0xE9,
    0x0A, 0xA7, 0xF1, 0x32, 0xE3, 0xFE, 0xF9, 0x95, 0x09, 0xAC, 0x4E, 0x31, 0x2E, 0x00, 0x6D, 0x4C,
    0x44, 0x0A, 0x30, 0xDD, 0x0D, 0xB9, 0x15, 0x50, 0x00, 0x5D, 0x18, 0xB5, 0xD3, 0x8D, 0x41, 0x5E,
    0x4C, 0x93, 0xE2, 0xC4, 0x53, 0x86, 0xE0, 0x4E, 0xDB, 0xF9, 0xEA, 0xF1, 0x94, 0x9B, 0x7A, 0x41,
    0x05, 0x00, 0x88, 0x9A, 0x7C, 0x7A, 0x01, 0x3D, 0xC4, 0xE3, 0xD7, 0x12, 0xD5, 0xFB, 0x6F, 0x8A,
    0xEC, 0x97, 0xB3, 0x43, 0x64, 0xBD, 0x12, 0x7F, 0x24, 0x6A, 0x01, 0x36, 0x53, 0x8D, 0xDB, 0xC2,
    0x79, 0x2E, 0xC0, 0x57, 0x38, 0xCF, 0x82, 0xF9, 0xAF, 0xF0, 0x3E, 0xCE, 0x7F, 0x4C, 0xCC, 0x52,
    0x3F, 0xF1, 0xB4, 0x0C, 0xA5, 0xF9, 0x09, 0xB4, 0xC0, 0xEA, 0x02, 0xB8, 0x40, 0xB1, 0x62, 0x92,
    0x9F, 0x33, 0xC2, 0x27, 0xA8, 0x73, 0x14, 0xD4, 0x3D, 0x12, 0x5A, 0x38, 0xF8, 0x71, 0x99, 0x7F,
    0x32, 0x03, 0x9E, 0xB2, 0x5E, 0x02, 0x03, 0xE8, 0xB0, 0xAD, 0x5E, 0xA6, 0xFD, 0xE0, 0x11, 0x16,
    0xB7, 0x88, 0xC6, 0xA7, 0x82, 0xB4, 0xBE, 0x82, 0xFD, 0x40, 0x6A, 0xFE, 0x27, 0xF8, 0xFD, 0x17,
    0xCF, 0xFC, 0x25, 0xC8, 0x9D, 0x77, 0xA6, 0x8D, 0x33, 0xF8, 0x57, 0x25, 0x88, 0x63, 0x08, 0xFD,
    0x88, 0x19, 0x2C, 0x96, 0xC9, 0x4E, 0x90, 0x08, 0xE2, 0xD5, 0x6E, 0xB0, 0x0D, 0xA6, 0x67, 0xC8,
    0xA5, 0x05, 0x75, 0xCB, 0xF0, 0xF3, 0xB2, 0x7D, 0x6F, 0xA9, 0x56, 0xA4, 0xC6, 0xCD, 0xFC, 0x44,
    0x09, 0x33, 0x5D, 0x83, 0xD7, 0x80, 0x1C, 0xDA, 0x37, 0xA4, 0x47, 0xC3, 0xFE, 0x52, 0xCD, 0xCF,
    0x9A, 0x6D, 0xF1, 0xCA, 0xFC, 0x92, 0x80, 0x1A, 0x73, 0x2F, 0xE7, 0x10, 0xCD, 0xFC, 0x22, 0x9A,
    0x92, 0x7A, 0xC4, 0x6B, 0x1F, 0x6E, 0xF1, 0xC1, 0x94, 0x7E, 0xDF, 0xA5, 0x95, 0x99, 0x9F, 0xC7,
    0x7E, 0xDE, 0x0A, 0x4C, 0x18, 0xFB, 0x4A, 0x9D, 0x64, 0xD1, 0xAF, 0xD0, 0xB2, 0xD9, 0xFD, 0xD5,
    0xEE, 0xF4, 0xDE, 0x12, 0x01, 0xDF, 0x80, 0xDE, 0x18, 0xBC, 0x15, 0xDF, 0x45, 0x22, 0xD0, 0xDA,
    0xB0, 0x08, 0xC4, 0x6F, 0xCD, 0x49, 0x5F, 0x7A, 0x6E, 0x33, 0xB1, 0xF6, 0xBB, 0x89, 0x13, 0xDD,
    0x73, 0x4E, 0x20, 0xBA, 0x63, 0x97, 0xFC, 0x3B, 0x03, 0xBC, 0xFF, 0x03, 0xBD, 0x59, 0x31, 0x70,
    0xDC, 0xC6, 0x15, 0xFD, 0x00, 0x24, 0xC2, 0xD2, 0x8A, 0x84, 0x0A, 0x6B, 0xA2, 0x09, 0x4D, 0x82,
    0x93, 0x51, 0xA1, 0xD8, 0xE4, 0xC1, 0x85, 0x8A, 0xF3, 0x0C, 0xEE, 0x80, 0x48, 0x85, 0x0B, 0x17,
    0x52, 0x91, 0x34, 0xD1, 0x24, 0x51, 0x9D, 0xCC, 0x44, 0x2A, 0x38, 0x13, 0x16, 0x27, 0x1D, 0x6C,
    0xCD, 0x44, 0x45, 0x0A, 0xB1, 0xB1, 0xDB, 0xA8, 0x48, 0x61, 0xD3, 0x05, 0x59, 0xB0, 0xB8, 0xE2,
    0xC8, 0x5B, 0x49, 0x45, 0x0A, 0x37, 0x1B, 0xA5, 0x70, 0x19, 0x24, 0x66, 0xE1, 0x21, 0x27, 0x21,
    0x0A, 0x14, 0x90, 0x78, 0x77, 0xC8, 0xFB, 0xBB, 0x38, 0x52, 0x8C, 0x24, 0x53, 0x14, 0xA9, 0x80,
    0xD8, 0x5D, 0x1E, 0x81, 0xDB, 0xFF, 0xF1, 0xF7, 0xEF, 0xFB, 0xEF, 0x81, 0x44, 0x44, 0xA7, 0x49,
    0xA1, 0x27, 0xF7, 0x9E, 0xE4, 0xC1, 0x2E, 0x49, 0x1F, 0x2D, 0xAA, 0x8E, 0x0F, 0xCA, 0x0D, 0x8A,
    0xCA, 0x7E, 0xB0, 0x55, 0x52, 0x73, 0xA9, 0xEF, 0x48, 0x5F, 0xD6, 0x29, 0x77, 0xA4, 0x93, 0x5D,
    0xB2, 0x53, 0x47, 0x52, 0x4E, 0xAE, 0xC4, 0x50, 0x90, 0x17, 0x63, 0xE8, 0x50, 0x8D, 0xF4, 0xD0,
    0x32, 0x43, 0xCE, 0x43, 0xEE, 0xA4, 0x3C, 0x64, 0xAE, 0x3C, 0xE1, 0x48, 0x3B, 0xF5, 0xE2, 0x71,
    0x47, 0x0A, 0xD9, 0xA4, 0x29, 0xB1, 0xB9, 0x4E, 0x77, 0x96, 0xBA, 0x11, 0x2C, 0xB4, 0xCB, 0x3E,
    0xED, 0x1D, 0x27, 0x2C, 0x3D, 0x8C, 0x0B, 0x6D, 0x5D, 0xFC, 0x8A, 0xD8, 0xBA, 0x53, 0x10, 0x5B,
    0xA7, 0x8C, 0xD8, 0x3A, 0x2E, 0xF3, 0xD4, 0x51, 0xA9, 0xAD, 0x7F, 0x74, 0x9D, 0x87, 0xCE, 0x87,
    0xC6, 0x89, 0x99, 0xA6, 0xB1, 0xDE, 0xD5, 0xB7, 0x58, 0x99, 0xB6, 0x8E, 0x66, 0xAC, 0x5F, 0x63,
    0xEB, 0x35, 0x4A, 0xB5, 0xF5, 0x5F, 0x2A, 0x63, 0x5D, 0xEE, 0x19, 0xB7, 0xE8, 0x1A, 0x59, 0x1D,
    0xE7, 0xA1, 0x22, 0xB7, 0xB0, 0xBE, 0xC3, 0x85, 0x05, 0xEA, 0x11, 0xF7, 0x73, 0xBA, 0xC7, 0xD1,
    0x2B, 0x44, 0x59, 0xB8, 0x3B, 0x85, 0xF7, 0x45, 0xEE, 0xC7, 0x0B, 0x13, 0x76, 0x3A, 0x47, 0x0B,
    0x27, 0x5C, 0x19, 0xE2, 0xAA, 0x47, 0xDC, 0x37, 0x74, 0xDF, 0xC1, 0xB8, 0x60, 0x67, 0xEF, 0x04,
    0x54, 0xB8, 0x72, 0xD6, 0x2B, 0x87, 0x57, 0x3F, 0xEF, 0xDA, 0x83, 0xE8, 0x7E, 0x59, 0x18, 0x43,
    0x51, 0x9F, 0x82, 0xE1, 0x24, 0xCC, 0x20, 0x9C, 0xA4, 0x83, 0x79, 0x70, 0x67, 0x71, 0xE7, 0x5C,
    0x46, 0xE7, 0x5E, 0xC6, 0x13, 0x2C, 0xDB, 0x69, 0x54, 0x96, 0x76, 0xCA, 0xD1, 0x50, 0x26, 0x24,
    0x44, 0x5E, 0xC2, 0x3E, 0xB2, 0x85, 0x8E, 0x5E, 0x58, 0x09, 0x43, 0x42, 0xB2, 0x21, 0xA9, 0xAF,
    0x8F, 0xBA, 0x49, 0xFE, 0x18, 0x49, 0x1D, 0x98, 0x17, 0x3A, 0x8B, 0x3B, 0xE7, 0x0A, 0x3A, 0xF7,
    0x8A, 0x84, 0x21, 0x47, 0xC2, 0xD0, 0xDE, 0xD7, 0x5D, 0xB6, 0xE1, 0xC5, 0xE8, 0xD6, 0xD9, 0x46,
    0x4E, 0x41, 0x1C, 0xF6, 0xE2, 0x35, 0x11, 0xB7, 0x44, 0x4C, 0x7C, 0xFE, 0xAC, 0x2B, 0xAE, 0xF4,
    0x45, 0x1C, 0xBE, 0x78, 0xFA, 0x69, 0xD8, 0xCB, 0x43, 0x22, 0x73, 0x22, 0x7F, 0x52, 0x4C, 0x04,
    0x37, 0xCA, 0xFB, 0x25, 0x89, 0xCC, 0x5A, 0x1B, 0x2B, 0x78, 0xA9, 0xEB, 0xBC, 0xCE, 0x5D, 0x33,
    0xFC, 0xD9, 0x0C, 0x7F, 0x4A, 0xF4, 0x70, 0x57, 0xE9, 0xE1, 0xD3, 0x4C, 0x0F, 0x49, 0xC7, 0x0C,
    0x0D, 0x33, 0xF8, 0x66, 0x10, 0x1D, 0x3D, 0x60, 0x9E, 0x8C, 0x84, 0xB2, 0x78, 0x88, 0x0A, 0xE2,
    0x3F, 0xEA, 0x15, 0x36, 0x83, 0x0E, 0x1B, 0x21, 0x34, 0x7A, 0x68, 0xC7, 0x7A, 0xB8, 0x6D, 0xD6,
    0xC6, 0x51, 0xEC, 0xD1, 0xBD, 0x94, 0x1D, 0x72, 0x94, 0xF6, 0xC7, 0xB8, 0xA3, 0xBD, 0x11, 0x8A,
    0x9D, 0x09, 0x14, 0xFB, 0x62, 0x2B, 0x76, 0x05, 0x3D, 0x3C, 0xE1, 0xBE, 0xA1, 0x7B, 0x5F, 0xF7,
    0xA2, 0xC3, 0xBD, 0x53, 0xD8, 0x8A, 0x9D, 0xB0, 0x15, 0xFB, 0x60, 0xEB, 0xDD, 0x66, 0x7A, 0x1D,
    0xCA, 0xCA, 0x81, 0x36, 0xED, 0xAE, 0x18, 0x82, 0x02, 0x27, 0x8B, 0xD1, 0x6F, 0xD5, 0xE1, 0x7F,
    0x92, 0xDB, 0x79, 0x7B, 0x7D, 0x20, 0x72, 0x57, 0xD5, 0x68, 0xD5, 0x4D, 0x7C, 0xEE, 0xBC, 0x97,
    0x77, 0x7E, 0x1A, 0x24, 0xAB, 0x51, 0xD6, 0x4B, 0x57, 0x77, 0x67, 0xC9, 0x46, 0x8F, 0xEC, 0xB3,
    0xBD, 0x1A, 0x91, 0x9A, 0xC5, 0x15, 0x5C, 0x8F, 0xE0, 0x8B, 0x30, 0x4F, 0x4F, 0x36, 0xAE, 0x09,
    0x7C, 0xF6, 0x70, 0xF7, 0x34, 0x5A, 0x08, 0x87, 0xEA, 0xC0, 0x82, 0x15, 0x2C, 0x55, 0x56, 0x23,
    0xEB, 0xD9, 0x32, 0x39, 0x65, 0x19, 0xE3, 0xD1, 0x12, 0x81, 0xBD, 0xE6, 0x21, 0x50, 0x41, 0xEC,
    0xE6, 0xA5, 0x0A, 0x06, 0x67, 0x4F, 0x50, 0x7D, 0x8A, 0xA6, 0xEB, 0x58, 0x44, 0x93, 0x8C, 0xD8,
    0x3F, 0x14, 0xF5, 0xA8, 0xE3, 0xD1, 0x0C, 0x32, 0xC5, 0x8B, 0xC7, 0xCA, 0xB8, 0xBD, 0x1C, 0xE7,
    0x1E, 0x9F, 0xEB, 0xE5, 0x46, 0xF0, 0xF7, 0xF4, 0xC1, 0xF8, 0x42, 0x2B, 0x00, 0x2E, 0xF0, 0x5E,
    0x98, 0x54, 0x3A, 0xE3, 0x5E, 0xF8, 0x11, 0x1B, 0x51, 0xFF, 0xEC, 0xC9, 0x70, 0x6A, 0xBA, 0x2E,
    0x32, 0x9E, 0x56, 0xA4, 0x7E, 0x6A, 0xED, 0xFB, 0x71, 0x0B, 0x7F, 0x40, 0x37, 0x26, 0xE0, 0x2C,
    0x9C, 0xF4, 0xB3, 0x51, 0x58, 0xF1, 0xFB, 0x53, 0xB2, 0x86, 0x3D, 0xE9, 0x2A, 0x37, 0xC3, 0x9E,
    0x28, 0x7C, 0xA2, 0x2E, 0x1E, 0xBB, 0xD5, 0x20, 0x6A, 0x54, 0x2D, 0x6C, 0xE2, 0x73, 0x80, 0xB0,
    0xE3, 0x7A, 0x8E, 0x55, 0x4D, 0xED, 0x61, 0x2F, 0xA1, 0x9B, 0x05, 0x40, 0x20, 0x76, 0x3E, 0x53,
    0xF6, 0xB7, 0x09, 0x95, 0x3A, 0x4D, 0x79, 0x47, 0x25, 0xEE, 0x4E, 0xEE, 0x53, 0xB7, 0x41, 0x8D,
    0x90, 0x6A, 0xE6, 0x6C, 0x52, 0x18, 0xC4, 0x5D, 0x6F, 0x27, 0xB3, 0xCB, 0x98, 0x6E, 0x09, 0xE3,
    0x02, 0xC7, 0xCE, 0x04, 0x80, 0x7A, 0xB9, 0x28, 0x03, 0x35, 0x96, 0x8B, 0x84, 0xB2, 0x83, 0x9A,
    0x2B, 0xAD, 0xD4, 0xE1, 0x2D, 0x3E, 0x5C, 0x8E, 0x29, 0x28, 0x34, 0x0E, 0x39, 0x0F, 0x53, 0xD2,
    0x18, 0xC4, 0xDB, 0x79, 0xCE, 0x3C, 0x55, 0x10, 0xAF, 0x51, 0xCF, 0x1A, 0x00, 0x6A, 0x1A, 0x2F,
    0x6F, 0xC9, 0x1A, 0xB9, 0x3B, 0xC3, 0xC4, 0x1A, 0xFA, 0x8A, 0x7E, 0xFC, 0x15, 0x62, 0x3B, 0x30,
    0x5F, 0xBC, 0x38, 0x85, 0xF4, 0x8E, 0xE0, 0xE3, 0xD4, 0x6E, 0x4E, 0x1D, 0xC9, 0xBF, 0xA5, 0x45,
    0xE4, 0x82, 0xD9, 0x43, 0x76, 0xF2, 0x80, 0x9C, 0x7F, 0x65, 0xDA, 0xDF, 0xD1, 0x71, 0x28, 0x3F,
    0xF5, 0x31, 0x8D, 0xB6, 0x86, 0x96, 0xBE, 0x15, 0x7F, 0xCD, 0x81, 0xB9, 0x51, 0x8E, 0x08, 0x37,
    0xD0, 0x19, 0x3A, 0x26, 0xDF, 0x4F, 0x60, 0x6D, 0xB0, 0x97, 0xBC, 0xDC, 0xCC, 0xFD, 0x16, 0x7C,
    0xB7, 0x39, 0x17, 0x9E, 0xC0, 0x14, 0xD2, 0x8C, 0x9A, 0xC7, 0xE4, 0xF7, 0x59, 0x32, 0xA9, 0x1D,
    0x61, 0xCE, 0x31, 0xF9, 0xD6, 0x62, 0xCE, 0x90, 0x62, 0x67, 0x15, 0xB6, 0x1D, 0x53, 0xCC, 0xED,
    0x21, 0xF9, 0x3D, 0x79, 0x09, 0xBB, 0x8C, 0xB1, 0x3C, 0x8B, 0xCA, 0xAC, 0xB9, 0x94, 0x85, 0x94,
    0x35, 0x1C, 0xE5, 0x6F, 0x27, 0x0E, 0x12, 0xFE, 0xB7, 0x7F, 0x41, 0xB0, 0xAA, 0x45, 0xBF, 0x71,
    0x91, 0xA8, 0xE8, 0x12, 0xAD, 0x2E, 0xEC, 0xA1, 0xE9, 0x11, 0x80, 0x0E, 0x7B, 0x2A, 0x1A, 0xEA,
    0x60, 0x9D, 0xA2, 0x46, 0x40, 0xE1, 0x74, 0x35, 0xE5, 0x81, 0x70, 0xB7, 0xCF, 0x29, 0x17, 0x51,
    0xF7, 0xA4, 0xC9, 0xC4, 0xE3, 0x74, 0xCA, 0x52, 0x9C, 0x84, 0xB6, 0x7A, 0x6D, 0xA7, 0xF4, 0x46,
    0xC6, 0xBC, 0xEA, 0x39, 0x02, 0x46, 0x25, 0xF3, 0xB1, 0x68, 0x13, 0x41, 0xFB, 0x83, 0x7C, 0x8F,
    0xE8, 0x3B, 0x79, 0x86, 0xAC, 0xC7, 0xF0, 0xCE, 0xB9, 0xCB, 0x2E, 0x3A, 0x9B, 0x19, 0x8D, 0x3B,
    0x65, 0x46, 0xB5, 0xAF, 0xF1, 0x51, 0xB3, 0x27, 0xE6, 0x57, 0x16, 0x20, 0xFC, 0x34, 0x63, 0xF6,
    0x84, 0x50, 0x60, 0x57, 0x11, 0xD8, 0xD9, 0x80, 0xDE, 0xFF, 0x12, 0x77, 0xEC, 0x91, 0x3B, 0xB7,
    0x08, 0x54, 0xB4, 0x5E, 0xE6, 0x1D, 0x4F, 0xB5, 0xE6, 0xBD, 0x24, 0x24, 0xEF, 0x8B, 0xEE, 0x18,
    0xAC, 0x45, 0xCB, 0x8C, 0xC0, 0x68, 0x9E, 0xA2, 0xF5, 0xE1, 0xB0, 0x1B, 0xA8, 0x76, 0x4A, 0x93,
    0x65, 0x42, 0xC3, 0x65, 0x09, 0x58, 0x96, 0x5E, 0x6C, 0x49, 0x00, 0x78, 0x0C, 0x00, 0x47, 0x2E,
    0x8C, 0x5A, 0x2F, 0x6B, 0xD2, 0x8F, 0xD2, 0x80, 0x3E, 0xF8, 0xDE, 0x4F, 0xA2, 0x81, 0x97, 0xDA,
    0xCA, 0x2E, 0xF1, 0x20, 0x37, 0x87, 0x31, 0xB5, 0x97, 0xA5, 0xFD, 0xEC, 0x19, 0x9C, 0x09, 0x41,
    0x56, 0x4C, 0x73, 0x54, 0x17, 0xFC, 0x16, 0x59, 0xF7, 0xB9, 0x09, 0xBF, 0xFB, 0xEC, 0x4B, 0x8E,
    0x27, 0xFD, 0xE6, 0x17, 0xD7, 0x17, 0xCB, 0xB2, 0xCC, 0xA6, 0x81, 0x40, 0xDE, 0x0E, 0x76, 0x5B,
    0x89, 0x80, 0x68, 0x34, 0x6F, 0xEC, 0x43, 0x73, 0xF8, 0x13, 0x1F, 0xEC, 0xCF, 0x24, 0xFC, 0xB1,
    0x53, 0x3F, 0x01, 0xD7, 0x4C, 0xED, 0x14, 0xFE, 0xA4, 0xEC, 0x0F, 0x0A, 0x8A, 0x8B, 0xD0, 0x7C,
    0x43, 0x34, 0xA8, 0xC8, 0x35, 0x4A, 0x93, 0xD8, 0xDA, 0xF2, 0x08, 0x66, 0xF9, 0xF4, 0x2E, 0x67,
    0xA2, 0x94, 0x13, 0x3F, 0x67, 0x14, 0xF4, 0x37, 0x1F, 0x78, 0x65, 0x3F, 0xA4, 0x39, 0x90, 0xCE,
    0x16, 0xB5, 0xA2, 0xED, 0x4C, 0xE0, 0x89, 0xB8, 0xC4, 0xB5, 0xAA, 0x12, 0xE7, 0xCA, 0x8A, 0x42,
    0x46, 0xC5, 0xA4, 0x12, 0xD8, 0x71, 0xCC, 0x7C, 0x41, 0xBA, 0x1F, 0xE2, 0xE9, 0xFE, 0x0A, 0x06,
    0xF7, 0x1F, 0x38, 0x0D, 0x43, 0xCE, 0x3F, 0x62, 0x72, 0xBE, 0x41, 0x46, 0x3C, 0x62, 0x26, 0xBE,
    0x8E, 0x16, 0xA0, 0xA0, 0xBA, 0x79, 0xD4, 0xB7, 0x8A, 0x0F, 0xC7, 0xF1, 0x80, 0xF5, 0x7D, 0xD3,
    0xE9, 0xE4, 0x0B, 0x94, 0xA1, 0x27, 0xBB, 0xED, 0x6F, 0xA5, 0xB4, 0xD5, 0x6D, 0x8C, 0x19, 0x71,
    0x41, 0x64, 0x85, 0x60, 0x6F, 0x63, 0xFC, 0x56, 0x91, 0xFD, 0x24, 0xC7, 0x3D, 0xD8, 0x97, 0x79,
    0x90, 0xF8, 0x7D, 0x57, 0x1D, 0xB2, 0xE4, 0x66, 0x28, 0xB9, 0xD8, 0xCB, 0xBD, 0x98, 0x6E, 0xF6,
    0x2B, 0x6C, 0x66, 0xB0, 0xD8, 0x20, 0x1D, 0xA5, 0x97, 0x14, 0xDC, 0x39, 0x5D, 0x70, 0x3B, 0x55,
    0xC1, 0x45, 0x2C, 0xE6, 0x01, 0x57, 0x40, 0x9A, 0x84, 0xDE, 0x7F, 0xAE, 0xD0, 0x1D, 0xBE, 0xF6,
    0xFF, 0xA0, 0x23, 0xF6, 0xD2, 0xE2, 0xDE, 0xEE, 0x38, 0x8C, 0x53, 0x63, 0xF4, 0xC0, 0x79, 0x2C,
    0xAD, 0x11, 0x83, 0xF0, 0xA1, 0xA2, 0x96, 0xFA, 0xB3, 0x56, 0x76, 0x11, 0x93, 0x7B, 0xFA, 0x8F,
    0x20, 0x1B, 0xBF, 0x43, 0xF8, 0x0B, 0x9D, 0x12, 0xF8, 0xDC, 0x5A, 0x80, 0xA4, 0x59, 0x4E, 0xB1,
    0xDA, 0x90, 0x40, 0x13, 0x82, 0xC4, 0xAF, 0xC9, 0xE9, 0x1B, 0xEA, 0x06, 0x11, 0xA6, 0x3E, 0xBA,
    0xAE, 0x20, 0x71, 0xCE, 0xCE, 0xB1, 0x0E, 0xB1, 0x20, 0xAA, 0xB0, 0xA8, 0xA5, 0x46, 0x11, 0x24,
    0x28, 0xA8, 0x1D, 0x4E, 0x47, 0xCD, 0x0B, 0xD9, 0xEE, 0xD1, 0x64, 0xC1, 0x22, 0x6A, 0x0A, 0x33,
    0x4C, 0x31, 0x9B, 0x36, 0x33, 0x8C, 0xE5, 0x24, 0x72, 0xCD, 0x06, 0x5F, 0x75, 0x32, 0x98, 0xF2,
    0x34, 0xA0, 0x88, 0xCD, 0xFF, 0xBF, 0xF4, 0x63, 0x7B, 0x5C, 0x08, 0xB6, 0x4A, 0x43, 0x8E, 0x7D,
    0x23, 0x37, 0xDE, 0x9E, 0xD8, 0xB3, 0x3A, 0x15, 0x44, 0xD2, 0x48, 0xDA, 0x3D, 0xDF, 0x1F, 0x93,
    0xCC, 0x33, 0x45, 0x0F, 0xBA, 0xC2, 0x2E, 0x0C, 0xEC, 0x1C, 0x11, 0x49, 0x40, 0x0C, 0x59, 0x7E,
    0x01, 0xCE, 0x71, 0xE7, 0xA5, 0x37, 0x42, 0x92, 0xF3, 0x3A, 0xCC, 0xDC, 0x79, 0x9C, 0xD7, 0xD6,
    0x4A, 0xE5, 0x28, 0x6B, 0x9E, 0x84, 0x25, 0x8F, 0x51, 0x60, 0x5A, 0xF0, 0x68, 0xF5, 0xA5, 0xB5,
    0x97, 0x56, 0x5E, 0x5A, 0x77, 0x69, 0xD5, 0xA5, 0x35, 0x97, 0x56, 0x5C, 0x5A, 0x6F, 0x69, 0xB5,
    0xA5, 0xB5, 0x96, 0x56, 0x5A, 0x34, 0x43, 0x3A, 0xAF, 0xB5, 0xA0, 0xF2, 0xB9, 0xB6, 0xED, 0xAA,
    0x18, 0x82, 0x88, 0x21, 0xD6, 0x30, 0x2C, 0x61, 0x58, 0xAD, 0xFC, 0x6F, 0x63, 0xF1, 0xC2, 0xDA,
    0x85, 0x98, 0xA2, 0x30, 0x75, 0xF0, 0xF0, 0xEB, 0x4F, 0x69, 0x0F, 0xA2, 0xE6, 0xE0, 0x70, 0xFD,
    0x92, 0x19, 0xF9, 0xDA, 0x04, 0xEE, 0x99, 0x85, 0x92, 0xA9, 0x63, 0xDD, 0x6E, 0x71, 0xAD, 0x9C,
    0xD3, 0xB5, 0xD2, 0x7E, 0x45, 0xAD, 0xA4, 0x0B, 0x64, 0xE7, 0x34, 0xA1, 0x97, 0x02, 0xC9, 0x35,
    0xD1, 0xA2, 0xF1, 0x59, 0xF2, 0x16, 0x58, 0x89, 0xBE, 0x5E, 0xC5, 0x24, 0xD2, 0x1A, 0x98, 0x63,
    0x17, 0x70, 0xF9, 0x9E, 0x3F, 0xFE, 0xB2, 0xA9, 0xD9, 0xD9, 0x82, 0xD1, 0x6E, 0x8C, 0xC2, 0x4E,
    0x7C, 0xF8, 0xF2, 0xA9, 0xD7, 0x19, 0xBE, 0x30, 0x00, 0x9C, 0x8E, 0x47, 0xB8, 0x78, 0x0A, 0xE9,
    0xF2, 0x6F, 0x57, 0x39, 0xB9, 0x97, 0xD8, 0xC0, 0x45, 0xD1, 0xAF, 0xD1, 0x2C, 0x70, 0x71, 0xA5,
    0xD1, 0xB0, 0x65, 0xA3, 0x21, 0x80, 0x8B, 0x21, 0x70, 0x31, 0x43, 0x04, 0x24, 0x4F, 0xE7, 0xA4,
    0x4D, 0x68, 0xA2, 0x99, 0x9B, 0x55, 0x36, 0x3B, 0x15, 0x65, 0x61, 0xD2, 0x73, 0x7E, 0x84, 0x89,
    0x7F, 0x04, 0x31, 0x1B, 0x60, 0x95, 0xFB, 0xD4, 0xB0, 0x07, 0x14, 0x8A, 0xDF, 0x53, 0x38, 0x3B,
    0x4D, 0xE1, 0x4A, 0x0D, 0x19, 0x15, 0x82, 0xD8, 0x75, 0x29, 0xDA, 0xC9, 0xE8, 0x27, 0xA5, 0xF1,
    0x61, 0x02, 0x62, 0xD3, 0xBB, 0x07, 0xC4, 0xFA, 0x27, 0x9E, 0xED, 0xD6, 0xF9, 0x23, 0x53, 0x1F,
    0xA6, 0xB1, 0x48, 0x6F, 0xC4, 0x62, 0x9A, 0x9C, 0x31, 0xB3, 0x21, 0xC8, 0xDB, 0x96, 0x35, 0x47,
    0xBE, 0x03, 0x60, 0x74, 0x94, 0xD5, 0x53, 0xFE, 0x96, 0x02, 0x37, 0xC4, 0x19, 0xF4, 0x9E, 0x8A,
    0xBC, 0xA0, 0x93, 0x70, 0x25, 0x62, 0xCC, 0x83, 0x89, 0xE4, 0xE2, 0xB1, 0x30, 0x30, 0xEB, 0x1A,
    0x79, 0x7D, 0xAA, 0xD7, 0x68, 0xE6, 0xD4, 0xEB, 0x73, 0x2F, 0x62, 0xCD, 0x4C, 0x91, 0x9F, 0x90,
    0x78, 0x0C, 0xA9, 0x27, 0x6F, 0x99, 0x7D, 0x08, 0x52, 0x32, 0xB9, 0x09, 0x53, 0x52, 0xA0, 0x8D,
    0xE9, 0xA0, 0xEB, 0xB6, 0x89, 0x7D, 0x56, 0x16, 0x7B, 0x9F, 0x75, 0x73, 0xE0, 0x88, 0x1B, 0x0B,
    0xDC, 0xCF, 0xDF, 0x83, 0x18, 0x99, 0x42, 0x28, 0xB0, 0xBB, 0xAE, 0x92, 0x75, 0x57, 0x47, 0xA3,
    0x8C, 0xC5, 0xB6, 0x9A, 0xB6, 0x99, 0x20, 0x83, 0x26, 0x83, 0x2C, 0x9B, 0x57, 0x2F, 0x00, 0x00,
    0x6F, 0x07, 0xB0, 0x92, 0xD0, 0x39, 0x4E, 0x5D, 0x65, 0x2A, 0x3C, 0xDD, 0xD8, 0x0D, 0xC6, 0x51,
    0xDC, 0xA0, 0x77, 0xB1, 0xFD, 0x62, 0xF7, 0x63, 0x79, 0x92, 0x2A, 0x82, 0x7B, 0xB0, 0x1B, 0x08,
    0x71, 0x9D, 0xBA, 0x11, 0x30, 0x42, 0xDA, 0x9F, 0x6A, 0xEC, 0x2F, 0x25, 0xB0, 0x88, 0xC2, 0x83,
    0xCE, 0xF5, 0xD8, 0xD1, 0x9B, 0x29, 0xED, 0x64, 0x61, 0xFD, 0xCC, 0xF9, 0x57, 0xBD, 0x24, 0xB0,
    0xE2, 0xA0, 0x58, 0x68, 0xDD, 0x38, 0x63, 0x98, 0xD3, 0x0F, 0xBD, 0x70, 0x38, 0x19, 0x47, 0x59,
    0xD6, 0x49, 0x2E, 0x68, 0x9C, 0x4C, 0xDA, 0x89, 0xBB, 0xEF, 0xC7, 0x4F, 0xDB, 0xFA, 0x8D, 0x8A,
    0xB8, 0x22, 0xC9, 0x7D, 0x92, 0x91, 0x95, 0x77, 0xB5, 0x18, 0x38, 0xEA, 0x4B, 0x07, 0xAC, 0x9D,
    0x37, 0x45, 0xDE, 0x55, 0x50, 0xB8, 0x84, 0x1E, 0x26, 0xAF, 0xF5, 0xD2, 0x01, 0x59, 0x47, 0x3E,
    0x40, 0xA7, 0x0E, 0x52, 0x30, 0x33, 0xFE, 0xA6, 0xFC, 0x67, 0xBF, 0x1B, 0xE7, 0xB0, 0x56, 0x92,
    0x5F, 0x7F, 0xD0, 0xE2, 0xAB, 0x59, 0xCF, 0x7E, 0x37, 0x70, 0xAC, 0x62, 0x21, 0x6E, 0x63, 0x3E,
    0xFF, 0x63, 0x40, 0x5A, 0xB2, 0x58, 0x55, 0x74, 0x85, 0x72, 0xDE, 0x47, 0x76, 0x70, 0x95, 0x0E,
    0xB8, 0xA6, 0xA3, 0x31, 0x51, 0x00, 0x4B, 0xD8, 0x46, 0xAD, 0xC6, 0xAA, 0x6B, 0xBE, 0xFA, 0x88,
    0xEB, 0x36, 0xDF, 0x17, 0x91, 0xD8, 0xF0, 0x54, 0xD4, 0xB7, 0x33, 0x00, 0xE0, 0x7C, 0xC6, 0x1B,
    0x10, 0xE9, 0x3C, 0xA6, 0xD7, 0x2C, 0xF8, 0x44, 0xB6, 0xDB, 0x78, 0xA0, 0x18, 0x74, 0x15, 0x15,
    0xF0, 0xF9, 0xD3, 0xFF, 0x5E, 0x8B, 0x8C, 0x73, 0x9C, 0x66, 0x98, 0xEE, 0x33, 0x90, 0x21, 0xDA,
    0x13, 0x34, 0x47, 0x71, 0x03, 0xCA, 0x5B, 0x0C, 0x68, 0xCA, 0xA7, 0x77, 0x9D, 0x91, 0x50, 0x3D,
    0xD0, 0x0D, 0xDE, 0xFB, 0x55, 0x6E, 0x50, 0x81, 0x02, 0xF8, 0xDE, 0xE9, 0x63, 0x78, 0x1B, 0x84,
    0x6D, 0x02, 0x01, 0x20, 0xEE, 0x03, 0xA4, 0x1E, 0x23, 0x37, 0x16, 0xE5, 0xE1, 0x15, 0xFF, 0x28,
    0x59, 0x42, 0xA4, 0xC2, 0x2E, 0x4A, 0x1D, 0x51, 0xE1, 0x6B, 0xEC, 0x90, 0x64, 0x3F, 0xE2, 0x90,
    0x2F, 0xBE, 0x91, 0x9A, 0xB7, 0x7A, 0x8B, 0x62, 0x2B, 0xD3, 0xFC, 0x65, 0xC5, 0xA7, 0x6B, 0xA8,
    0x3B, 0x40, 0x4E, 0x0B, 0x6B, 0xE2, 0x63, 0xCE, 0x1C, 0x9C, 0x33, 0xA4, 0xBC, 0x61, 0x65, 0xD1,
    0xB6, 0x12, 0x5A, 0xE2, 0xF2, 0x96, 0x6F, 0xE8, 0x1E, 0xF2, 0x05, 0xCB, 0xF3, 0x94, 0x1A, 0x77,
    0x68, 0x7E, 0x02, 0xEC, 0x8C, 0x22, 0x00, 0x29, 0x9C, 0xBA, 0x43, 0x0F, 0x3C, 0x5A, 0xF1, 0x68,
    0xED, 0x36, 0x05, 0x1B, 0x55, 0xD9, 0x42, 0x15, 0xC5, 0xE9, 0x24, 0x1C, 0x4A, 0x20, 0x54, 0xDA,
    0x5C, 0xFE, 0x5A, 0x5D, 0xF2, 0x2C, 0x34, 0xD2, 0x74, 0xFC, 0xC0, 0x16, 0x2C, 0xC2, 0xA9, 0xEA,
    0x85, 0xAC, 0x57, 0xBD, 0xFE, 0xE6, 0xF7, 0xA6, 0x13, 0xA4, 0x5F, 0x01, 0xB9, 0xFA, 0xAF, 0x1E,
    0x17, 0x76, 0x5A, 0xFE, 0xAA, 0xFA, 0x7D, 0xDF, 0x19, 0x93, 0xD8, 0x22, 0xDB, 0x88, 0x14, 0x64,
    0xC6, 0xAA, 0x3E, 0x51, 0x04, 0x62, 0x9A, 0x1C, 0x50, 0xAF, 0x17, 0xAF, 0x0A, 0xB9, 0xE2, 0xC8,
    0x1B, 0xF0, 0x15, 0x91, 0xF6, 0x19, 0x30, 0xBD, 0x1D, 0x79, 0xFA, 0x4A, 0xBA, 0xCB, 0xED, 0xF9,
    0x55, 0x71, 0x9B, 0x25, 0x4A, 0x7B, 0x91, 0xE7, 0xF1, 0x7B, 0x71, 0x28, 0x92, 0x3A, 0xA7, 0x5E,
    0xCC, 0x06, 0x9A, 0xE4, 0x96, 0x89, 0x77, 0x4F, 0xCB, 0x01, 0x3E, 0x25, 0xFF, 0x2B, 0xE0, 0x0E,
    0x6B, 0x81, 0x36, 0x12, 0xE6, 0x02, 0x73, 0xCF, 0x1A, 0xD7, 0x6D, 0x8E, 0xD0, 0xE8, 0xED, 0x37,
    0x23, 0x21, 0xBE, 0x35, 0xA9, 0xB0, 0x56, 0xF8, 0xC2, 0xC2, 0x0B, 0xDD, 0xE6, 0x52, 0xC1, 0x25,
    0xAF, 0x78, 0xF9, 0x55, 0xEE, 0xC4, 0x06, 0x0D, 0xCD, 0x2C, 0xAF, 0x2D, 0x29, 0x9F, 0xF4, 0x51,
    0x1D, 0x7A, 0xE0, 0x76, 0x5E, 0x6C, 0x2B, 0x91, 0xD8, 0xCA, 0x7D, 0xA1, 0xB9, 0xB9, 0x97, 0xFA,
    0xFD, 0x28, 0xFF, 0x2F, 0x35, 0x8F, 0xB1, 0x6D, 0x83, 0x40, 0x18, 0x46, 0x3F, 0x04, 0x72, 0x14,
    0x19, 0x03, 0x65, 0x0A, 0xC8, 0xA5, 0x70, 0x81, 0x2C, 0x2E, 0x50, 0x50, 0x20, 0xEB, 0xC7, 0x30,
    0x42, 0x46, 0x60, 0x04, 0x17, 0x28, 0xBA, 0x28, 0x46, 0x61, 0x04, 0x8F, 0xE1, 0xF2, 0x0A, 0x17,
    0x14, 0x14, 0x37, 0xC2, 0x8D, 0x70, 0x0B, 0x44, 0xA2, 0xA0, 0x70, 0x91, 0x48, 0xB1, 0x65, 0xE5,
    0xEB, 0x9F, 0xDE, 0xFB, 0x1A, 0xCC, 0x18, 0xC1, 0x60, 0xC3, 0xF1, 0xCA, 0xE1, 0x08, 0xD8, 0xDA,
    0x9F, 0x39, 0xE5, 0xEE, 0xAB, 0xFB, 0xF9, 0x9D, 0x0D, 0x9B, 0xD3, 0xD7, 0x4F, 0x80, 0x76, 0x55,
    0x8D, 0x4B, 0x13, 0x77, 0x14, 0xC7, 0xE3, 0x4E, 0x94, 0x16, 0x2A, 0x25, 0x4D, 0x63, 0x1E, 0xB4,
    0x5F, 0xAF, 0x90, 0xF6, 0xEF, 0x5A, 0x9A, 0x0F, 0x9D, 0xF6, 0x0E, 0x3C, 0xCE, 0x49, 0x9C, 0x9B,
    0x63, 0xE0, 0xB4, 0x09, 0xB5, 0xBE, 0xB1, 0x15, 0x02, 0x21, 0x49, 0x3C, 0xF3, 0xC5, 0xA3, 0x55,
    0xB3, 0x4B, 0x7E, 0x78, 0x71, 0x9D, 0x44, 0x9C, 0x07, 0xE2, 0xCC, 0xF7, 0xC2, 0x5C, 0xCC, 0x93,
    0xCC, 0x43, 0x48, 0x39, 0x69, 0x95, 0x70, 0xDA, 0x83, 0xBA, 0x58, 0xF0, 0x71, 0xB7, 0x8E, 0x59,
    0xBD, 0x55, 0x7B, 0xB5, 0x55, 0xAC, 0xA6, 0x32, 0x29, 0xDE, 0x3A, 0x16, 0xB5, 0x40, 0x04, 0x42,
    0x59, 0x33, 0x55, 0x5C, 0x17, 0xD8, 0x7A, 0x39, 0x45, 0x54, 0xB8, 0x99, 0x73, 0x08, 0xD3, 0xCB,
    0xA2, 0xBF, 0x07, 0x57, 0xBF, 0x9B, 0xD3, 0xBF, 0x09, 0x19, 0x04, 0x66, 0xCB, 0x58, 0xFD, 0xFA,
    0xE9, 0xD6, 0x4D, 0x37, 0xFC, 0xFA, 0xF5, 0x0F, 0x8D, 0x54, 0x4F, 0x4F, 0x13, 0x41, 0x14, 0xFF,
    0x6D, 0x07, 0x98, 0xC8, 0x6A, 0xA7, 0x07, 0x4D, 0x30, 0x76, 0x59, 0x48, 0x20, 0x69, 0xC8, 0x96,
    0x12, 0xEC, 0x61, 0x21, 0xA5, 0x9D, 0x58, 0x6F, 0x1E, 0xE8, 0x85, 0xB3, 0x1E, 0x3D, 0x9A, 0xC8,
    0x91, 0xD0, 0xF1, 0x60, 0x3C, 0x18, 0x13, 0x3E, 0x42, 0x0F, 0x1E, 0x0C, 0x07, 0xD3, 0x10, 0x42,
    0x38, 0xA0, 0x8C, 0xE1, 0x60, 0xBC, 0xED, 0x47, 0x58, 0xFD, 0x04, 0x35, 0xE9, 0xA1, 0x91, 0xB5,
    0xEB, 0x7B, 0x5B, 0x08, 0x68, 0x44, 0x99, 0x79, 0xAF, 0x33, 0xF3, 0xDE, 0x9B, 0xB7, 0xEF, 0xCF,
    0x6F, 0x8A, 0xD6, 0x1F, 0x03, 0x05, 0xBD, 0x60, 0x14, 0x2A, 0xE6, 0x8E, 0x1E, 0xC7, 0x55, 0x93,
    0x86, 0x46, 0x07, 0xA5, 0x76, 0xD2, 0x9A, 0x6B, 0xED, 0xB4, 0x70, 0xD5, 0x2C, 0xC0, 0xC1, 0x24,
    0x4A, 0x68, 0xFC, 0x9C, 0x1A, 0x9F, 0xB8, 0xDA, 0xDD, 0x38, 0xC6, 0x1A, 0xC9, 0xC2, 0x3B, 0xE6,
    0x76, 0xDA, 0x5F, 0xD8, 0xED, 0xA4, 0xE9, 0x60, 0x77, 0xF7, 0x6D, 0xCA, 0xC3, 0xEE, 0xF2, 0x30,
    0x97, 0xF7, 0xBD, 0xFD, 0xEB, 0x4E, 0xF2, 0xB3, 0xB1, 0xD1, 0xA2, 0x68, 0xCF, 0x37, 0x12, 0x79,
    0x04, 0xA8, 0x61, 0x0D, 0xD3, 0x28, 0xFB, 0x2A, 0x1F, 0x54, 0xCF, 0x17, 0x60, 0x91, 0xA4, 0x35,
    0x94, 0xC9, 0x42, 0x72, 0x82, 0x52, 0xEA, 0xBC, 0x42, 0xE0, 0xA1, 0x56, 0xC6, 0x5A, 0x1D, 0xD3,
    0x74, 0x61, 0x1A, 0xBE, 0x0F, 0xA5, 0x30, 0x92, 0x57, 0x43, 0x36, 0xFB, 0xAB, 0x90, 0xBD, 0xF9,
    0x7C, 0x8B, 0xEE, 0x96, 0x3D, 0x56, 0x49, 0xA1, 0xD1, 0x07, 0x53, 0x97, 0x69, 0xF5, 0x20, 0x6E,
    0xA4, 0xF1, 0x68, 0xFF, 0x1B, 0xF5, 0x2F, 0x51, 0x17, 0x85, 0x2E, 0xC8, 0x6C, 0xE5, 0x20, 0xBE,
    0x50, 0x75, 0xB1, 0x72, 0xD0, 0x21, 0x61, 0xE1, 0xB2, 0x3D, 0xB6, 0x91, 0xD2, 0xDC, 0xA6, 0x9E,
    0x0C, 0x91, 0xC6, 0x69, 0x92, 0xC6, 0x43, 0xDA, 0xD7, 0x3E, 0x94, 0x9E, 0x4E, 0x22, 0xA9, 0xE8,
    0x43, 0x1F, 0x1E, 0x36, 0x9D, 0xA8, 0x81, 0x44, 0xF4, 0x16, 0x71, 0x98, 0x8B, 0x49, 0x35, 0x6A,
    0xE1, 0xB3, 0xEB, 0xB6, 0xF0, 0xC6, 0xFF, 0x5A, 0x08, 0x28, 0xAC, 0xDA, 0x97, 0x4B, 0xFF, 0x32,
    0x62, 0xE8, 0x38, 0xB7, 0x81, 0x2F, 0xC0, 0xB2, 0x69, 0x24, 0x76, 0xE6, 0xBE, 0x9E, 0x7D, 0x83,
    0x59, 0x60, 0xE6, 0x1A, 0x54, 0xA0, 0xBB, 0x0F, 0x31, 0xB1, 0x84, 0x29, 0x8B, 0xE5, 0xD4, 0x16,
    0x23, 0x23, 0xE6, 0x0C, 0xC6, 0x0C, 0x70, 0x1D, 0xD2, 0x6E, 0xCC, 0x4E, 0x50, 0x4F, 0xD0, 0xA3,
    0x65, 0x33, 0x70, 0x22, 0x5A, 0xBA, 0x9E, 0x30, 0xD9, 0x92, 0xF5, 0xBC, 0xEB, 0xDD, 0x42, 0xA6,
    0x0B, 0xDA, 0xBA, 0x62, 0xEB, 0x83, 0xA5, 0xD3, 0xE8, 0x63, 0x4F, 0xC5, 0xDF, 0x6C, 0x2F, 0xDE,
    0x87, 0x73, 0x62, 0xBE, 0x47, 0x21, 0x44, 0xD3, 0xEC, 0xD9, 0x10, 0xAE, 0xC8, 0x4E, 0x9E, 0xB0,
    0x5F, 0xE3, 0x2E, 0x42, 0xE7, 0xD4, 0xFE, 0xE0, 0x2E, 0x1D, 0xD3, 0xCB, 0xA1, 0xB2, 0xF2, 0x10,
    0x5A, 0x1A, 0xA5, 0x7D, 0xC2, 0x14, 0xA3, 0x4B, 0x34, 0xB5, 0x7C, 0x65, 0xD5, 0xBA, 0xF6, 0x15,
    0x6A, 0x01, 0xAA, 0xD5, 0xCC, 0xA4, 0xC9, 0xD2, 0xCF, 0x24, 0x7E, 0x64, 0x7C, 0xC5, 0x8A, 0x32,
    0x69, 0x46, 0x10, 0x2A, 0x65, 0x30, 0xF5, 0xE1, 0x6A, 0x8E, 0xB0, 0x54, 0x44, 0x8D, 0x00, 0xAA,
    0xE0, 0xBB, 0xDA, 0x6D, 0x5A, 0xF1, 0xC2, 0xB2, 0x49, 0x71, 0x92, 0xA4, 0x8A, 0xC4, 0xAE, 0xF1,
    0x49, 0xEA, 0x36, 0x3F, 0x45, 0xA4, 0x19, 0x7D, 0xFE, 0x09, 0x9C, 0x04, 0x72, 0x1D, 0x65, 0x61,
    0x11, 0x09, 0x4B, 0x70, 0xCC, 0xDC, 0xF1, 0x89, 0x90, 0xC1, 0x8E, 0xAD, 0x6B, 0x39, 0xBA, 0x0E,
    0x76, 0xE0, 0x98, 0xAA, 0x27, 0x70, 0x93, 0xD2, 0x97, 0x14, 0xAD, 0x63, 0xA9, 0x34, 0xCF, 0x0D,
    0x82, 0xC5, 0x7C, 0xC6, 0xD8, 0x33, 0x24, 0x8B, 0x33, 0x5D, 0x91, 0x6C, 0x96, 0xC8, 0x96, 0xEF,
    0x04, 0xC2, 0xD6, 0xA4, 0xDD, 0x72, 0xCD, 0x88, 0x42, 0x57, 0x87, 0xF2, 0x12, 0x09, 0x3D, 0x47,
    0xA8, 0xA7, 0x30, 0x73, 0xA6, 0x2E, 0x23, 0xB2, 0x1C, 0xBD, 0xC2, 0x46, 0xB4, 0xC0, 0x09, 0x01,
    0x21, 0x23, 0x98, 0xBA, 0x40, 0xF9, 0x51, 0xF5, 0xE9, 0x33, 0x45, 0x70, 0xA9, 0x48, 0x66, 0x2F,
    0x64, 0x01, 0x30, 0x07, 0x2A, 0xAA, 0x8A, 0xD1, 0xEE, 0x55, 0x12, 0xCC, 0x1F, 0xDD, 0x6D, 0x83,
    0xD0, 0xEC, 0xB2, 0x96, 0xAC, 0x7C, 0x48, 0x33, 0x31, 0x74, 0x8E, 0xB5, 0x3F, 0x70, 0x87, 0xF0,
    0x0D, 0x75, 0x99, 0x93, 0xA0, 0x1F, 0x71, 0xF6, 0x12, 0x5D, 0xE4, 0x0C, 0x94, 0x91, 0x11, 0x94,
    0x16, 0x5C, 0xB6, 0x9C, 0xAD, 0x18, 0x61, 0xDB, 0x3D, 0x69, 0xE7, 0x8F, 0xA4, 0x85, 0x47, 0x9C,
    0x97, 0xE4, 0x49, 0x90, 0x23, 0x61, 0xFC, 0x01, 0xB1, 0x11, 0x86, 0x1C, 0x30, 0xEB, 0x73, 0x17,
    0xCA, 0x88, 0x88, 0x1D, 0x50, 0x40, 0xA8, 0x89, 0x3E, 0xB6, 0xDC, 0x14, 0x5B, 0x13, 0x8F, 0xCD,
    0x16, 0xF9, 0xA3, 0x4C, 0x08, 0x0B, 0x0E, 0xF1, 0xB1, 0x0D, 0x73, 0xA9, 0x0E, 0x73, 0x03, 0x82,
    0x84, 0xA5, 0xC8, 0xED, 0x59, 0x2F, 0x3B, 0xA8, 0x3B, 0x7D, 0x2A, 0x76, 0x2F, 0x3B, 0x3B, 0xAD,
    0x1C, 0xFC, 0xE1, 0x7B, 0x84, 0xF7, 0x06, 0x8C, 0x6A, 0xC6, 0xC1, 0x03, 0x43, 0x40, 0x38, 0x61,
    0x24, 0xBC, 0x66, 0x28, 0x64, 0x58, 0xF0, 0x18, 0x0C, 0x67, 0x7F, 0x28, 0xBF, 0x00, 0x63, 0xFF,
    0xC1, 0x20, 0xBF, 0x9E, 0xC1, 0x86, 0xDB, 0xC1, 0x82, 0xBD, 0xC1, 0x82, 0xB9, 0x01, 0x48, 0x02,
    0xD9, 0xFA, 0xEB, 0x18, 0xB8, 0x7F, 0x30, 0x30, 0xE8, 0x30, 0x30, 0xEC, 0x61, 0x60, 0xFA, 0xC3,
    0xC0, 0x9E, 0xC3, 0xC0, 0xA7, 0xC3, 0x60, 0x5B, 0xEB, 0x60, 0xFF, 0xBF, 0x01, 0x24, 0xA8, 0xC3,
    0x20, 0xFF, 0x45, 0x36, 0x40, 0x87, 0x41, 0xFF, 0x02, 0xDB, 0x17, 0x06, 0x0B, 0x86, 0x92, 0xEC,
    0x0F, 0xF5, 0x0E, 0x8C, 0x3F, 0xB8, 0x27, 0xE8, 0x32, 0xD4, 0x3F, 0xD8, 0xB5, 0x67, 0x83, 0xCE,
    0x16, 0x1D, 0xBB, 0x3D, 0xF2, 0x0F, 0xEC, 0xFF, 0x5A, 0xD6, 0x18, 0x94, 0x30, 0x3C, 0x60, 0x3A,
    0xC0, 0xDC, 0xC0, 0xCE, 0xC0, 0xCF, 0xC0, 0xC5, 0xC0, 0xFD, 0xC0, 0x6E, 0x87, 0x89, 0x85, 0xDD,
    0x06, 0xF9, 0x07, 0x25, 0x35, 0x1B, 0x74, 0x6A, 0x77, 0xE8, 0x3F, 0x90, 0x07, 0x8A, 0x6C, 0xB0,
    0x01, 0xAA, 0xAF, 0xE1, 0xFE, 0xC3, 0xB0, 0x85, 0xFD, 0x81, 0x9D, 0x83, 0xEE, 0x5E, 0x06, 0xFD,
    0xF9, 0x0C, 0x7C, 0xDC, 0x70, 0xE4, 0x60, 0x1F, 0x7F, 0x80, 0x1D, 0xB7, 0x23, 0x99, 0x0E, 0xD8,
    0x1F, 0x60, 0x86, 0x43, 0xF6, 0x0B, 0xF6, 0x3F, 0x40, 0xB6, 0x14, 0xD8, 0x08, 0x58, 0x30, 0x7C,
    0x60, 0x3E, 0xC0, 0xCF, 0x50, 0x17, 0x52, 0xFF, 0x47, 0xFE, 0x41, 0xED, 0x16, 0x85, 0x12, 0xB6,
    0x07, 0xFC, 0x1F, 0x80, 0xAE, 0xAD, 0xD0, 0xFE, 0x50, 0xDF, 0x30, 0x20, 0x5E, 0x03, 0x00, 0x25,
    0x8E, 0x31, 0x0A, 0xC2, 0x40, 0x10, 0x45, 0x7F, 0xDC, 0x62, 0xC1, 0x14, 0x5B, 0x2A, 0x44, 0xF0,
    0x02, 0x8A, 0x17, 0x08, 0xBA, 0xE2, 0x81, 0xBC, 0x80, 0xB0, 0xDB, 0xD8, 0xDB, 0xD8, 0x7B, 0x03,
    0x0B, 0x1B, 0x0B, 0x31, 0xE3, 0x0D, 0x22, 0x78, 0x80, 0x90, 0x4E, 0x2D, 0x4C, 0x21, 0x12, 0x30,
    0x38, 0xCE, 0xEA, 0x30, 0xC3, 0xFB, 0xFC, 0x81, 0x99, 0xEF, 0xB8, 0x49, 0x6E, 0x07, 0x4D, 0x03,
    0x4D, 0x5D, 0x4D, 0x08, 0x7D, 0xDB, 0x68, 0xAE, 0x44, 0x24, 0x17, 0xB8, 0x26, 0x38, 0xF1, 0x4F,
    0x20, 0xAE, 0x30, 0x6E, 0x50, 0x0D, 0x51, 0xF4, 0xA2, 0x1C, 0xAD, 0xB3, 0x9D, 0x30, 0x29, 0xC2,
    0x84, 0x7D, 0x67, 0x0D, 0x6D, 0x61, 0x80, 0x8C, 0x1B, 0xC7, 0xF5, 0x9C, 0x3D, 0xA4, 0xDC, 0xBD,
    0x0A, 0x30, 0x76, 0xFF, 0x47, 0xDA, 0xFB, 0x63, 0xF0, 0xC3, 0xE2, 0xB8, 0xC9, 0xAC, 0x99, 0xBE,
    0xB8, 0x7C, 0x93, 0xE1, 0x3C, 0x55, 0x27, 0x6F, 0xAE, 0x48, 0x5B, 0xB5, 0xEC, 0x90, 0x82, 0x6D,
    0x40, 0x94, 0x50, 0x80, 0x9A, 0x51, 0x7F, 0x85, 0xD1, 0xEE, 0xE1, 0x33, 0x59, 0x97, 0x1F, 0xC9,
    0x22, 0xE3, 0x32, 0x44, 0xCF, 0x18, 0x2A, 0x6F, 0x43, 0xCB, 0x43, 0xB3, 0xB4, 0x70, 0x4C, 0x21,
    0x86, 0xE4, 0xF0, 0xE1, 0x0C, 0x62, 0xF1, 0x55, 0x01, 0x44, 0x9F, 0x2D, 0x30, 0xAA, 0xF1, 0x05,
    0x7D, 0x51, 0xBB, 0x4E, 0xC3, 0x40, 0x10, 0x9C, 0xB3, 0x8B, 0x14, 0x96, 0xEC, 0x2A, 0x25, 0x0A,
    0x35, 0x3A, 0x89, 0xD6, 0x48, 0xB1, 0xB2, 0x12, 0x3F, 0x90, 0xE6, 0x6A, 0xF8, 0x04, 0x17, 0x29,
    0x0C, 0x42, 0xE4, 0xA4, 0xFC, 0x40, 0x7A, 0x1A, 0xEA, 0x50, 0x90, 0x82, 0x3E, 0x16, 0x2D, 0x0D,
    0x0D, 0x7F, 0x41, 0xC1, 0x07, 0x04, 0x96, 0x59, 0x1B, 0xF1, 0x8C, 0x90, 0xE7, 0x74, 0x77, 0x3B,
    0x7B, 0xB3, 0xBB, 0x63, 0x17, 0x81, 0x4C, 0x00, 0x0F, 0x60, 0xAE, 0x2A, 0x55, 0x08, 0xC8, 0x79,
    0x4E, 0x19, 0x77, 0xB6, 0x1E, 0x91, 0xBE, 0x20, 0x7F, 0x46, 0xF9, 0x80, 0xFD, 0x7B, 0xA0, 0xFD,
    0x82, 0x6B, 0x8D, 0xED, 0x01, 0x2C, 0xB9, 0x1A, 0xAE, 0xBC, 0x93, 0x19, 0x86, 0x13, 0xF4, 0xA2,
    0xEB, 0x8E, 0xFB, 0x4C, 0x74, 0xED, 0x0F, 0x0D, 0x4A, 0x52, 0x98, 0xF2, 0x2C, 0x42, 0x36, 0x91,
    0x53, 0x76, 0xD3, 0xF0, 0x61, 0x8E, 0x8D, 0x6A, 0xAC, 0x28, 0xB3, 0xC7, 0x6F, 0x20, 0x33, 0x72,
    0xD3, 0xFF, 0xBA, 0xF9, 0xA5, 0xB4, 0x33, 0xB3, 0xCF, 0x29, 0xB6, 0x46, 0x0D, 0x9F, 0xA0, 0xDA,
    0xDA, 0x9C, 0x1F, 0x10, 0x22, 0x59, 0x48, 0x76, 0x2C, 0x3E, 0x95, 0x8D, 0xCA, 0xE5, 0x8A, 0x85,
    0x59, 0x19, 0x4E, 0x6C, 0x88, 0xEF, 0xA8, 0xAF, 0x51, 0x37, 0xA8, 0x6D, 0xD4, 0x78, 0x70, 0x2B,
    0x96, 0x37, 0xEB, 0x1D, 0x18, 0x13, 0x09, 0x7C, 0x01, 0x5F, 0xC2, 0xAB, 0x6E, 0xCF, 0xC2, 0x94,
    0x26, 0x64, 0x40, 0x42, 0x92, 0x76, 0xA6, 0xEC, 0x23, 0xA3, 0xC5, 0x87, 0xF4, 0xA8, 0x66, 0xC8,
    0x76, 0xBB, 0x5B, 0x1C, 0xBD, 0xDD, 0x83, 0x3B, 0x8C, 0x2A, 0xCC, 0x27, 0x72, 0x75, 0x14, 0xB3,
    0x12, 0x7F, 0xD1, 0x25, 0x82, 0x13, 0x84, 0x86, 0x0D, 0xBC, 0xD9, 0xCF, 0x12, 0xDB, 0xED, 0x6E,
    0x71, 0xE3, 0x77, 0x3E, 0xA4, 0x20, 0x65, 0x29, 0xCE, 0x12, 0x66, 0x51, 0x5C, 0x76, 0xC6, 0x8E,
    0xF4, 0x15, 0xE7, 0xAB, 0x1B, 0x59, 0xD3, 0x86, 0x89, 0x2A, 0x8A, 0x70, 0xC1, 0x13, 0xC7, 0x8C,
    0x11, 0xEF, 0xAD, 0x56, 0x3D, 0x6F, 0x1C, 0x45, 0x18, 0x7E, 0x76, 0x57, 0x61, 0x8B, 0x95, 0xBD,
    0x29, 0x88, 0x22, 0xE1, 0x3B, 0x2F, 0x75, 0xB8, 0x8F, 0x14, 0x41, 0x5A, 0xD0, 0xF9, 0x6E, 0x24,
    0x8A, 0x54, 0x48, 0x2E, 0xB8, 0x06, 0x1A, 0xD7, 0x14, 0xF8, 0x90, 0xAE, 0x38, 0x24, 0xC7, 0xD9,
    0x9F, 0x90, 0x26, 0x15, 0x05, 0xAE, 0x28, 0x2E, 0x02, 0x1F, 0xD2, 0x4A, 0x58, 0x28, 0xC9, 0x0D,
    0xF9, 0x05, 0x8B, 0x10, 0xA2, 0x48, 0x91, 0x8D, 0xF8, 0x90, 0x48, 0x9A, 0x55, 0x70, 0x94, 0x8B,
    0x75, 0xCE, 0xF2, 0xBC, 0x33, 0x7B, 0xC1, 0x0E, 0x36, 0x4A, 0x04, 0xE7, 0x99, 0xDD, 0xD9, 0xF7,
    0xE3, 0x79, 0x67, 0xDE, 0x79, 0x3F, 0xDC, 0x01, 0x8A, 0x2E, 0x9C, 0x3C, 0x82, 0x9B, 0x85, 0xCA,
    0xD3, 0x41, 0xE2, 0x2B, 0xAF, 0x2C, 0xE1, 0xFD, 0xF6, 0x09, 0xA9, 0x35, 0x72, 0x3B, 0x40, 0x3A,
    0x04, 0xB6, 0x26, 0xC0, 0x5A, 0x0E, 0xB4, 0x35, 0x10, 0x72, 0x06, 0x80, 0x33, 0x55, 0xFE, 0xE7,
    0x19, 0x45, 0xCC, 0x48, 0x31, 0xDD, 0xF7, 0x7E, 0xDF, 0x0F, 0x91, 0x36, 0x31, 0xE9, 0xA0, 0x88,
    0x51, 0x8C, 0x9C, 0x6C, 0xE4, 0xE9, 0x4E, 0xA0, 0x7A, 0x5F, 0x21, 0xC8, 0xD1, 0x2B, 0x8B, 0xDE,
    0x41, 0xB1, 0x90, 0x97, 0x71, 0xAE, 0x5F, 0xB4, 0xCB, 0x63, 0x14, 0x0E, 0xCA, 0xF4, 0x84, 0x28,
    0xBF, 0x95, 0x43, 0xDA, 0x29, 0x77, 0x0F, 0xE1, 0xE5, 0xCE, 0x3E, 0x82, 0xC4, 0x9D, 0x23, 0x44,
    0xB0, 0x85, 0x55, 0x34, 0x5B, 0x68, 0x22, 0xE5, 0xDB, 0xC9, 0xF8, 0xF0, 0x13, 0x3E, 0x38, 0x10,
    0x8D, 0xD0, 0x41, 0x98, 0x63, 0x0F, 0x7E, 0xE6, 0x16, 0x88, 0x9E, 0x4D, 0x35, 0xE2, 0xE8, 0x29,
    0xAA, 0x9F, 0xAF, 0xB8, 0xFB, 0xC4, 0x9E, 0xE2, 0x5D, 0x6E, 0xFD, 0x53, 0x9E, 0xA8, 0x28, 0xE0,
    0x64, 0x29, 0x5C, 0xBD, 0x05, 0x2F, 0xE9, 0x50, 0xA4, 0x49, 0x1B, 0x11, 0x4D, 0x84, 0x68, 0x50,
    0xB8, 0x7B, 0x7D, 0x53, 0x5F, 0x2D, 0x4B, 0x5D, 0x96, 0x65, 0x72, 0xBB, 0xBF, 0x99, 0x6C, 0x21,
    0x50, 0x6B, 0xE4, 0xB5, 0x51, 0xE7, 0x93, 0xC6, 0x54, 0x0C, 0x5F, 0x4F, 0xE0, 0xE9, 0x02, 0xEE,
    0xFD, 0x0C, 0xCE, 0x23, 0x62, 0x3F, 0xA1, 0x8D, 0x29, 0xED, 0xF5, 0x38, 0x1B, 0x9C, 0x51, 0x59,
    0x38, 0xCF, 0xC6, 0x3B, 0x3E, 0x4D, 0x86, 0xFC, 0x6C, 0x71, 0xD2, 0xAF, 0x58, 0xEB, 0xF7, 0xD7,
    0x7B, 0x65, 0x49, 0x1F, 0x3B, 0xEB, 0x9D, 0x8A, 0x2E, 0x7C, 0x91, 0x13, 0x79, 0xD1, 0x33, 0xAE,
    0x36, 0xFA, 0xBB, 0xD4, 0x6F, 0x18, 0x9B, 0x2D, 0xC4, 0x7C, 0x0E, 0xA8, 0xFF, 0xD8, 0xEA, 0xBB,
    0x3F, 0xAC, 0x77, 0x5C, 0x8D, 0x96, 0x97, 0x20, 0xE4, 0x19, 0xFD, 0xBB, 0xD4, 0x2F, 0xA9, 0x2F,
    0xDE, 0x6D, 0x54, 0xC6, 0xA6, 0x65, 0xE1, 0x1F, 0x8C, 0x77, 0x42, 0xBA, 0xA0, 0x69, 0x6D, 0x2B,
    0xEA, 0x66, 0xF2, 0x96, 0x6F, 0xA1, 0x0B, 0x5F, 0xE4, 0x7A, 0x65, 0x86, 0x0B, 0xE3, 0x43, 0xD9,
    0x38, 0xA9, 0x1E, 0x0F, 0xE4, 0xD2, 0x51, 0x72, 0x5F, 0xFD, 0x42, 0xEC, 0x9D, 0x33, 0x37, 0x25,
    0x53, 0xE8, 0xC2, 0x8F, 0x94, 0xC8, 0x8B, 0x9E, 0x47, 0x0D, 0x79, 0xBF, 0xF5, 0x80, 0xFA, 0x39,
    0xF5, 0x0B, 0xF2, 0x27, 0x94, 0x1B, 0x52, 0xFF, 0x4A, 0xA5, 0xBF, 0x4A, 0xDD, 0x65, 0xCE, 0x80,
    0x74, 0xFF, 0x3D, 0x0D, 0xEF, 0x0B, 0x75, 0xE1, 0x86, 0xE8, 0x8B, 0x19, 0x63, 0x8A, 0xEB, 0x19,
    0xF7, 0x30, 0x95, 0x5D, 0x11, 0xDF, 0xC9, 0xCF, 0xD0, 0x76, 0x44, 0x5D, 0x79, 0xCB, 0xB7, 0xD0,
    0x85, 0x2F, 0x72, 0xC4, 0x2C, 0xB1, 0xF2, 0xC7, 0x87, 0x33, 0xD9, 0x4B, 0xF1, 0xDF, 0x1F, 0xC1,
    0xAF, 0xCE, 0x53, 0xF4, 0xE6, 0x61, 0x29, 0xC8, 0xE8, 0x8D, 0x77, 0x11, 0x25, 0x3E, 0x82, 0xCC,
    0x83, 0x2B, 0xE7, 0x9E, 0x89, 0xFB, 0xC4, 0x39, 0x95, 0xDB, 0xA2, 0xCA, 0xC3, 0xFB, 0x76, 0x5F,
    0x9E, 0x76, 0x48, 0xF6, 0x54, 0x8B, 0xB1, 0xB4, 0x4D, 0x5D, 0xC1, 0x90, 0x1F, 0x83, 0xE8, 0xE3,
    0x71, 0xC2, 0x60, 0x13, 0x23, 0xBC, 0x25, 0xDE, 0xF4, 0xB2, 0x09, 0x8F, 0x58, 0xB2, 0x07, 0xC5,
    0x82, 0x93, 0xC8, 0x8D, 0x5B, 0x0E, 0x51, 0x47, 0xE6, 0x59, 0x37, 0x81, 0x11, 0x28, 0x86, 0x28,
    0x23, 0xD5, 0xF8, 0x88, 0x3B, 0x19, 0x1E, 0xE5, 0xA1, 0xE2, 0x91, 0xAB, 0xB1, 0x71, 0x27, 0xB9,
    0x72, 0x2F, 0x09, 0x66, 0xE0, 0xD8, 0xBE, 0xA7, 0x76, 0xEE, 0x24, 0x96, 0x1E, 0x65, 0xEF, 0xA4,
    0x93, 0x4E, 0xDE, 0x98, 0xC4, 0x9F, 0xA5, 0x51, 0xB6, 0x37, 0x1F, 0xDA, 0xEB, 0x33, 0x79, 0x51,
    0x05, 0xDF, 0x6A, 0x15, 0xB3, 0x72, 0xA2, 0x11, 0x4A, 0x49, 0x6C, 0x55, 0xD0, 0xD9, 0x39, 0xBC,
    0xEF, 0x33, 0xB8, 0x3F, 0x6A, 0x38, 0xBF, 0x30, 0xBC, 0x9F, 0x28, 0x1B, 0xE2, 0xDB, 0x95, 0x33,
    0xA8, 0x12, 0x64, 0x97, 0xBA, 0x69, 0x3E, 0x68, 0x27, 0x83, 0x10, 0x83, 0x48, 0x75, 0xBF, 0xC9,
    0x23, 0x3D, 0x08, 0xF5, 0x36, 0xBA, 0x8F, 0x1E, 0xAA, 0x41, 0xCF, 0x4B, 0x26, 0xAB, 0xAE, 0x96,
    0x77, 0xF7, 0xCF, 0x87, 0xF4, 0xE8, 0xAD, 0x45, 0x10, 0xBD, 0xD2, 0x94, 0x3C, 0x94, 0x49, 0x5F,
    0x73, 0x7A, 0x59, 0x95, 0xD0, 0xE4, 0x6C, 0xD9, 0x2B, 0xF0, 0xE8, 0x9B, 0x40, 0xDB, 0x5B, 0x59,
    0xB3, 0xB7, 0x25, 0xB7, 0x26, 0x51, 0x14, 0x96, 0xE5, 0x9C, 0xB7, 0x31, 0x9F, 0x9C, 0xF4, 0x4B,
    0x8B, 0x97, 0xFD, 0x33, 0x2E, 0x92, 0xD4, 0xEE, 0xD1, 0x07, 0xDF, 0x12, 0x97, 0x29, 0xEF, 0xDC,
    0xCF, 0xE9, 0x7C, 0x89, 0x9F, 0x94, 0xDE, 0x1C, 0x99, 0x34, 0x5D, 0x66, 0xA2, 0x35, 0x6D, 0x91,
    0xA0, 0x27, 0xFD, 0x44, 0x8A, 0x84, 0x4C, 0x59, 0x0B, 0x4D, 0x78, 0xCB, 0x95, 0x84, 0xE8, 0x88,
    0xAE, 0x60, 0x08, 0x96, 0x60, 0x1A, 0x6C, 0xB1, 0xD1, 0xB3, 0xD7, 0xE2, 0x4C, 0xAF, 0x21, 0x78,
    0x30, 0x63, 0xFA, 0xB7, 0x0C, 0x66, 0xCC, 0x4B, 0x1F, 0x31, 0x28, 0xFE, 0xCF, 0x29, 0x98, 0x82,
    0x2D, 0x36, 0x42, 0xDA, 0x72, 0x98, 0xCA, 0x08, 0x0A, 0xB4, 0x6E, 0xA2, 0xF3, 0xBA, 0x04, 0x23,
    0xC7, 0xDE, 0x4B, 0x8C, 0x14, 0x6F, 0x16, 0xF8, 0x8E, 0x45, 0x3F, 0xB1, 0x65, 0x4D, 0x8E, 0x50,
    0xC7, 0xA9, 0x3F, 0x56, 0xD5, 0x84, 0xB5, 0x5D, 0xCB, 0x16, 0x8E, 0xAE, 0x4F, 0x55, 0x38, 0x82,
    0xD9, 0xEC, 0xAE, 0x19, 0x12, 0xDF, 0x2F, 0xA3, 0xFA, 0xA2, 0x8C, 0xB3, 0xEE, 0xB2, 0x4F, 0x7C,
    0x8D, 0x78, 0x65, 0x86, 0xB3, 0x95, 0xCC, 0x49, 0x34, 0x49, 0x63, 0x16, 0xC0, 0xE7, 0x38, 0x8B,
    0xEF, 0xD7, 0xD4, 0xD9, 0x76, 0x31, 0x88, 0xB7, 0x8B, 0x8B, 0x81, 0x3E, 0xBA, 0x16, 0x99, 0xEE,
    0xF5, 0x5D, 0xAC, 0x94, 0xCF, 0xDB, 0x8F, 0x59, 0x77, 0xBF, 0xDC, 0xB5, 0x1F, 0x67, 0x80, 0x25,
    0x53, 0x14, 0x0E, 0x12, 0x64, 0x92, 0xB9, 0x5C, 0x6F, 0x8E, 0x93, 0x5A, 0x55, 0x2C, 0xE6, 0xFD,
    0xFE, 0x07, 0x38, 0x6D, 0xED, 0x2A, 0xB4, 0x13, 0x67, 0xC6, 0x7C, 0xC6, 0x2D, 0xC8, 0xE0, 0xC2,
    0x61, 0xC1, 0x6D, 0x27, 0xC2, 0x5A, 0xD4, 0x9A, 0x0D, 0xE0, 0x36, 0xA3, 0xDE, 0xB2, 0xA2, 0x44,
    0xC6, 0x21, 0xB3, 0x54, 0x72, 0x76, 0xE3, 0x68, 0x49, 0x72, 0x95, 0x2F, 0xAA, 0x57, 0x95, 0x3B,
    0xF3, 0xF7, 0xCD, 0x02, 0x37, 0x25, 0x6F, 0xCC, 0xCA, 0xD0, 0xAA, 0x25, 0xAB, 0xE0, 0x25, 0x51,
    0xBD, 0xAA, 0x88, 0xEB, 0xEF, 0xB3, 0xA9, 0xDB, 0x65, 0xA0, 0x99, 0x84, 0xB2, 0x0A, 0x84, 0x66,
    0x48, 0x43, 0xEC, 0xE0, 0x85, 0x22, 0x6E, 0x9B, 0x08, 0x8E, 0x35, 0x8F, 0xBF, 0x8B, 0xB8, 0xAD,
    0x3E, 0xAC, 0x7B, 0xA8, 0x55, 0xCD, 0xEA, 0x19, 0x9B, 0xD5, 0x90, 0x37, 0x5D, 0x30, 0x22, 0x73,
    0x74, 0x58, 0x1E, 0x3B, 0x2C, 0x56, 0x4D, 0x69, 0x72, 0x97, 0xD9, 0xE4, 0x4A, 0xDB, 0xAC, 0x4C,
    0x58, 0x49, 0xB1, 0x8A, 0xE5, 0x44, 0x13, 0xDB, 0x40, 0x28, 0x6B, 0x6C, 0xDF, 0x28, 0x29, 0x78,
    0x59, 0x9B, 0x46, 0x23, 0x0D, 0xA7, 0x0E, 0x69, 0x88, 0x05, 0x62, 0x69, 0x48, 0xB4, 0x7D, 0x60,
    0x6D, 0x53, 0xDC, 0x94, 0x55, 0x42, 0x1F, 0x6B, 0x94, 0x8B, 0x46, 0x7D, 0x74, 0xB6, 0x5E, 0x68,
    0x96, 0x62, 0xF5, 0x8D, 0xF1, 0x78, 0x47, 0x9A, 0xD3, 0xBF, 0x9F, 0xF7, 0xA4, 0x33, 0x83, 0xF2,
    0xE3, 0x6B, 0xD2, 0x88, 0xB1, 0x22, 0x71, 0xF2, 0xF4, 0xAE, 0x74, 0x00, 0x16, 0x82, 0x65, 0xE8,
    0x06, 0x3D, 0xA1, 0x97, 0x78, 0x2E, 0x1D, 0xD0, 0xED, 0xDA, 0xB7, 0x7D, 0xEE, 0xED, 0xFE, 0x4F,
    0x1F, 0xC9, 0x67, 0x60, 0xB9, 0x4B, 0xD0, 0x35, 0x56, 0x0F, 0x3D, 0x84, 0xF3, 0xF8, 0x67, 0x1A,
    0x35, 0x28, 0xE6, 0xF1, 0xF8, 0xBC, 0x69, 0x26, 0xA9, 0xED, 0x25, 0x35, 0x89, 0xB6, 0x58, 0xFA,
    0xC4, 0x25, 0xEE, 0x60, 0x01, 0xD5, 0x17, 0x28, 0x04, 0x96, 0xBB, 0x24, 0xAE, 0x67, 0x2B, 0x10,
    0xA8, 0xF3, 0x27, 0x43, 0x85, 0x99, 0x33, 0x47, 0x2D, 0xF5, 0xDF, 0x47, 0x5C, 0xAF, 0x13, 0xCA,
    0x4F, 0x7D, 0x5C, 0x74, 0x73, 0xCF, 0xAE, 0x0C, 0xAD, 0x36, 0x24, 0xD7, 0xC8, 0x19, 0x8D, 0x53,
    0xA1, 0x96, 0x21, 0x50, 0x10, 0x28, 0x08, 0x14, 0xEF, 0x03, 0x17, 0x9D, 0x4C, 0xA0, 0x94, 0x40,
    0xC9, 0xAE, 0x86, 0xDC, 0x13, 0xC3, 0xB7, 0xF1, 0x0F, 0xA8, 0xFA, 0xAB, 0x4F, 0xFE, 0x13, 0xA7,
    0x64, 0xB2, 0xE9, 0xED, 0xB9, 0x39, 0x6B, 0x80, 0x57, 0x84, 0x7A, 0xE8, 0x64, 0xBE, 0xFA, 0x0B,
    0x9D, 0x91, 0x31, 0x4E, 0xC3, 0x40, 0x10, 0x45, 0x7F, 0xB2, 0x91, 0x5C, 0x44, 0xCA, 0x72, 0x02,
    0xFB, 0x00, 0x14, 0x6E, 0x68, 0x11, 0xCB, 0x89, 0x4C, 0x41, 0xE1, 0xC2, 0xB0, 0xAE, 0xA9, 0x38,
    0x02, 0x45, 0x0A, 0x44, 0x01, 0x1C, 0x80, 0xC4, 0x7B, 0x04, 0x4B, 0x5C, 0xC0, 0x05, 0x0D, 0x41,
    0x42, 0x14, 0x46, 0xB2, 0x8C, 0xED, 0xE5, 0x8F, 0x5D, 0x07, 0x45, 0x14, 0xFB, 0xA4, 0xDD, 0xD9,
    0x79, 0x9A, 0xAF, 0x41, 0xF4, 0x5D, 0x18, 0x0C, 0xC5, 0x87, 0x53, 0xA5, 0x3E, 0xCF, 0x95, 0xD3,
    0x40, 0x90, 0x87, 0x80, 0xF5, 0xBE, 0x47, 0xB2, 0x7B, 0xBA, 0x9F, 0xAE, 0x7F, 0x63, 0x59, 0xC6,
    0xB7, 0xB0, 0xB5, 0xFF, 0x02, 0xE2, 0x1A, 0x18, 0x7A, 0xA8, 0x32, 0x84, 0x72, 0x0B, 0x96, 0x45,
    0x35, 0xD0, 0xF4, 0x38, 0x7E, 0xDD, 0x77, 0x68, 0x30, 0x14, 0x54, 0x88, 0x06, 0xF6, 0x6F, 0x31,
    0xAF, 0xA4, 0x7F, 0xAA, 0xD9, 0x21, 0x44, 0xF2, 0x1E, 0x1E, 0xD8, 0x5F, 0x17, 0x15, 0x0D, 0xBE,
    0x6D, 0x38, 0x83, 0x36, 0x29, 0x24, 0xD2, 0xD1, 0x34, 0xA6, 0x84, 0xF2, 0x9D, 0xA4, 0x7A, 0x78,
    0x19, 0x5F, 0xB2, 0x83, 0x28, 0xEE, 0x8D, 0xC4, 0x7B, 0xF5, 0x39, 0xFD, 0xB6, 0xA3, 0xBF, 0x68,
    0x3B, 0xF1, 0xE7, 0xD9, 0xE8, 0x97, 0x9F, 0x11, 0x49, 0x7F, 0x93, 0x89, 0x7F, 0x9D, 0xFD, 0xCF,
    0xEF, 0x60, 0x0D, 0x66, 0x3F, 0x8E, 0xD6, 0x1B, 0x56, 0x57, 0x53, 0x7E, 0xAE, 0x42, 0x36, 0xB1,
    0x3F, 0x7F, 0x44, 0x87, 0xFE, 0xB4, 0x75, 0xD0, 0x20, 0xE8, 0x99, 0x33, 0xE6, 0x4E, 0x91, 0x06,
    0x0E, 0xB8, 0x50, 0xC4, 0x09, 0xB1, 0xEC, 0x23, 0xEF, 0x4E, 0xAF, 0x8F, 0x77, 0xE6, 0x72, 0xC5,
    0x6B, 0xBA, 0x20, 0xCE, 0xB8, 0x6F, 0xE8, 0x86, 0x98, 0x6D, 0x89, 0x3B, 0x4D, 0x3C, 0x6B, 0x55,
    0x62, 0x73, 0x35, 0x6F, 0xCB, 0xE4, 0x0D, 0x45, 0xFE, 0x0B, 0x63, 0x60, 0xE0, 0x61, 0x00, 0x01,
    0x7B, 0x30, 0xF9, 0xFF, 0x00, 0x90, 0x60, 0x76, 0xFC, 0x00, 0x24, 0xF9, 0x19, 0x74, 0x40, 0xC2,
    0x79, 0xFC, 0x20, 0xE1, 0xFF, 0xC7, 0x0F, 0x30, 0x30, 0xFF, 0xFF, 0x7F, 0xF8, 0x03, 0x03, 0x3F,
    0x90, 0xFC, 0xC3, 0x60, 0xFF, 0xFF, 0x07, 0xF7, 0x7F, 0x20, 0xBB, 0x41, 0xFE, 0x0F, 0x50, 0xBC,
    0xE9, 0x3F, 0x50, 0xC3, 0xFF, 0xE3, 0x20, 0xCD, 0xF6, 0xFF, 0xFF, 0x83, 0xF4, 0xFE, 0xFE, 0x03,
    0x32, 0xE7, 0x22, 0xC8, 0x1C, 0x86, 0x4B, 0x07, 0x10, 0xE6, 0x83, 0xEC, 0x02, 0x00,
};

static const EpdGlyph bookerly_10_regularGlyphs[] = {
    { 0, 0, 0, 0, 0, 0, 0 }, // U+0000
    { 0, 0, 0, 0, 0, 0, 0 }, // U+0008
    { 0, 0, 72, 0, 0, 0, 0 }, // U+0009
    { 0, 0, 72, 0, 0, 0, 0 }, // U+000D
    { 0, 0, 0, 0, 0, 0, 0 }, // U+001D
    { 0, 0, 72, 0, 0, 0, 0 }, // U+0020
    { 4, 16, 91, 1, 16, 16, 0 }, // !
    { 6, 7, 123, 1, 15, 11, 16 }, // "
    { 13, 13, 208, 0, 12, 43, 27 }, // #
    { 11, 21, 176, 0, 17, 58, 70 }, // $
    { 19, 16, 323, 1, 15, 76, 128 }, // %
    { 16, 15, 268, 1, 15, 60, 204 }, // &
    { 3, 7, 65, 1, 15, 6, 264 }, // '
    { 8, 19, 122, 0, 16, 38, 270 }, // (
    { 7, 19, 122, 0, 16, 34, 308 }, // )
    { 8, 7, 124, 0, 15, 14, 342 }, // *
    { 9, 10, 208, 2, 12, 23, 356 }, // +
    { 5, 7, 91, 0, 3, 9, 379 }, // ,
    { 8, 2, 125, 0, 6, 4, 388 }, // -
    { 4, 3, 91, 1, 3, 3, 392 }, // .
    { 10, 16, 164, 0, 15, 40, 395 }, // /
    { 13, 14, 208, 0, 14, 46, 435 }, // 0
    { 9, 14, 142, 0, 14, 32, 481 }, // 1
    { 11, 14, 180, 0, 14, 39, 513 }, // 2
    { 10, 14, 170, 0, 14, 35, 552 }, // 3
    { 13, 14, 201, 0, 14, 46, 587 }, // 4
    { 10, 14, 170, 0, 14, 35, 633 }, // 5
    { 11, 14, 190, 1, 14, 39, 668 }, // 6
    { 10, 14, 177, 1, 14, 35, 707 }, // 7
    { 11, 14, 195, 1, 14, 39, 742 }, // 8
    { 11, 14, 190, 0, 14, 39, 781 }, // 9
    { 4, 11, 91, 1, 11, 11, 820 }, // :
    { 5, 15, 91, 0, 11, 19, 831 }, // ;
    { 9, 10, 208, 2, 12, 23, 850 }, // <
    { 9, 6, 208, 2, 10, 14, 873 }, // =
    { 9, 10, 208, 2, 12, 23, 887 }, // >
    { 8, 15, 158, 1, 15, 30, 910 }, // ?
    { 19, 18, 318, 1, 14, 86, 940 }, // @
    { 16, 15, 247, 0, 15, 60, 1026 }, // A
    { 13, 15, 206, 0, 15, 49, 1086 }, // B
    { 13, 15, 214, 0, 15, 49, 1135 }, // C
    { 15, 16, 250, 0, 15, 60, 1184 }, // D
    { 13, 15, 210, 0, 15, 49, 1244 }, // E
    { 12, 15, 190, 0, 15, 45, 1293 }, // F
    { 15, 15, 242, 0, 15, 57, 1338 }, // G
    { 17, 15, 278, 0, 15, 64, 1395 }, // H
    { 8, 15, 126, 0, 15, 30, 1459 }, // I
    { 9, 20, 121, -1, 15, 45, 1489 }, // J
    { 16, 15, 242, 0, 15, 60, 1534 }, // K
    { 13, 15, 201, 0, 15, 49, 1594 }, // L
    { 19, 15, 298, 0, 15, 72, 1643 }, // M
    { 17, 15, 272, 0, 15, 64, 1715 }, // N
    { 16, 15, 259, 0, 15, 60, 1779 }, // O
    { 12, 15, 198, 0, 15, 45, 1839 }, // P
    { 17, 19, 259, 0, 15, 81, 1884 }, // Q
    { 15, 15, 226, 0, 15, 57, 1965 }, // R
    { 11, 15, 183, 0, 15, 42, 2022 }, // S
    { 14, 15, 228, 0, 15, 53, 2064 }, // T
    { 16, 15, 258, 0, 15, 60, 2117 }, // U
    { 16, 15, 245, 0, 15, 60, 2177 }, // V
    { 23, 15, 369, 0, 15, 87, 2237 }, // W
    { 16, 15, 242, 0, 15, 60, 2324 }, // X
    { 15, 15, 228, 0, 15, 57, 2384 }, // Y
    { 12, 16, 197, 0, 15, 48, 2441 }, // Z
    { 5, 19, 102, 1, 16, 24, 2489 }, // [
    { 10, 16, 164, 0, 15, 40, 2513 }, // <backslash>
    { 4, 19, 102, 1, 16, 19, 2553 }, // ]
    { 11, 9, 208, 1, 13, 25, 2572 }, // ^
    { 11, 2, 167, 0, -1, 6, 2597 }, // _
    { 6, 5, 224, 4, 17, 8, 2603 }, // `
    { 11, 11, 183, 1, 11, 31, 2611 }, // a
    { 13, 16, 199, -1, 16, 52, 2642 }, // b
    { 10, 11, 169, 0, 11, 28, 2694 }, // c
    { 13, 16, 208, 0, 16, 52, 2722 }, // d
    { 11, 11, 173, 0, 11, 31, 2774 }, // e
    { 11, 16, 135, 0, 16, 44, 2805 }, // f
    { 12, 16, 193, 0, 11, 48, 2849 }, // g
    { 14, 16, 220, 0, 16, 56, 2897 }, // h
    { 7, 16, 110, 0, 16, 28, 2953 }, // i
    { 7, 21, 96, -2, 16, 37, 2981 }, // j
    { 13, 16, 201, 0, 16, 52, 3018 }, // k
    { 7, 16, 108, 0, 16, 28, 3070 }, // l
    { 21, 11, 332, 0, 11, 58, 3098 }, // m
    { 14, 11, 224, 0, 11, 39, 3156 }, // n
    { 12, 11, 198, 0, 11, 33, 3195 }, // o
    { 13, 16, 204, 0, 11, 52, 3228 }, // p
    { 13, 16, 198, 0, 11, 52, 3280 }, // q
    { 10, 11, 154, 0, 11, 28, 3332 }, // r
    { 9, 11, 160, 1, 11, 25, 3360 }, // s
    { 9, 14, 137, 0, 14, 32, 3385 }, // t
    { 14, 11, 217, 0, 11, 39, 3417 }, // u
    { 13, 11, 200, 0, 11, 36, 3456 }, // v
    { 19, 11, 297, 0, 11, 53, 3492 }, // w
    { 13, 11, 198, 0, 11, 36, 3545 }, // x
    { 13, 16, 200, 0, 11, 52, 3581 }, // y
    { 10, 12, 167, 0, 11, 30, 3633 }, // z
    { 7, 19, 128, 1, 16, 34, 3663 }, // {
    { 2, 19, 91, 2, 16, 10, 3697 }, // |
    { 7, 19, 128, 0, 16, 34, 3707 }, // }
    { 11, 4, 208, 1, 9, 11, 3741 }, // ~
    { 0, 0, 72, 0, 0, 0, 0 }, // U+00A0
    { 4, 16, 91, 1, 11, 16, 0 }, // U+00A1
    { 11, 20, 177, 0, 16, 55, 16 }, // U+00A2
    { 12, 14, 182, 0, 14, 42, 71 }, // U+00A3
    { 12, 10, 197, 0, 10, 30, 113 }, // U+00A4
    { 14, 14, 219, 0, 14, 49, 143 }, // U+00A5
    { 2, 19, 91, 2, 16, 10, 192 }, // U+00A6
    { 10, 17, 170, 0, 15, 43, 202 }, // U+00A7
    { 8, 3, 224, 3, 16, 6, 245 }, // U+00A8
    { 16, 15, 261, 0, 15, 60, 251 }, // U+00A9
    { 8, 10, 149, 1, 15, 20, 311 }, // U+00AA
    { 11, 8, 175, 0, 9, 22, 331 }, // U+00AB
    { 9, 5, 208, 2, 9, 12, 353 }, // U+00AC
    { 8, 2, 125, 0, 6, 4, 365 }, // U+00AD
    { 12, 11, 194, 0, 16, 33, 369 }, // U+00AE
    { 8, 2, 224, 3, 15, 4, 402 }, // U+00AF
    { 7, 7, 176, 2, 15, 13, 406 }, // U+00B0
    { 9, 13, 208, 2, 13, 30, 419 }, // U+00B1
    { 8, 9, 149, 1, 17, 18, 449 }, // U+00B2
    { 7, 9, 149, 1, 17, 16, 467 }, // U+00B3
    { 5, 5, 224, 5, 17, 7, 483 }, // U+00B4
    { 14, 16, 222, 1, 11, 56, 490 }, // U+00B5
    { 11, 18, 182, 0, 15, 50, 546 }, // U+00B6
    { 4, 3, 91, 1, 8, 3, 596 }, // U+00B7
    { 4, 4, 224, 5, -1, 4, 599 }, // U+00B8
    { 7, 9, 149, 1, 17, 16, 603 }, // U+00B9
    { 8, 10, 151, 1, 15, 20, 619 }, // U+00BA
    { 11, 8, 175, 1, 9, 22, 639 }, // U+00BB
    { 21, 16, 359, 1, 15, 84, 661 }, // U+00BC
    { 21, 16, 359, 1, 15, 84, 745 }, // U+00BD
    { 21, 16, 359, 1, 15, 84, 829 }, // U+00BE
    { 8, 16, 158, 1, 11, 32, 913 }, // U+00BF
    { 16, 20, 247, 0, 20, 80, 945 }, // U+00C0
    { 16, 20, 247, 0, 20, 80, 1025 }, // U+00C1
    { 16, 20, 247, 0, 20, 80, 1105 }, // U+00C2
    { 16, 20, 247, 0, 20, 80, 1185 }, // U+00C3
    { 16, 20, 247, 0, 20, 80, 1265 }, // U+00C4
    { 16, 21, 247, 0, 21, 84, 1345 }, // U+00C5
    { 20, 15, 310, -1, 15, 75, 1429 }, // U+00C6
    { 13, 20, 214, 0, 15, 65, 1504 }, // U+00C7
    { 13, 20, 210, 0, 20, 65, 1569 }, // U+00C8
    { 13, 20, 210, 0, 20, 65, 1634 }, // U+00C9
    { 13, 20, 210, 0, 20, 65, 1699 }, // U+00CA
    { 13, 20, 210, 0, 20, 65, 1764 }, // U+00CB
    { 8, 20, 126, 0, 20, 40, 1829 }, // U+00CC
    { 8, 20, 126, 0, 20, 40, 1869 }, // U+00CD
    { 8, 20, 126, 0, 20, 40, 1909 }, // U+00CE
    { 8, 20, 126, 0, 20, 40, 1949 }, // U+00CF
    { 15, 15, 250, 0, 15, 57, 1989 }, // U+00D0
    { 17, 20, 272, 0, 20, 85, 2046 }, // U+00D1
    { 16, 20, 259, 0, 20, 80, 2131 }, // U+00D2
    { 16, 20, 259, 0, 20, 80, 2211 }, // U+00D3
    { 16, 20, 259, 0, 20, 80, 2291 }, // U+00D4
    { 16, 20, 259, 0, 20, 80, 2371 }, // U+00D5
    { 16, 20, 259, 0, 20, 80, 2451 }, // U+00D6
    { 9, 8, 208, 2, 11, 18, 2531 }, // U+00D7
    { 16, 15, 259, 0, 15, 60, 2549 }, // U+00D8
    { 16, 20, 258, 0, 20, 80, 2609 }, // U+00D9
    { 16, 20, 258, 0, 20, 80, 2689 }, // U+00DA
    { 16, 20, 258, 0, 20, 80, 2769 }, // U+00DB
    { 16, 20, 258, 0, 20, 80, 2849 }, // U+00DC
    { 15, 20, 228, 0, 20, 75, 2929 }, // U+00DD
    { 13, 15, 207, 0, 15, 49, 3004 }, // U+00DE
    { 13, 16, 217, 0, 16, 52, 3053 }, // U+00DF
    { 11, 17, 183, 1, 17, 47, 3105 }, // U+00E0
    { 11, 17, 183, 1, 17, 47, 3152 }, // U+00E1
    { 11, 17, 183, 1, 17, 47, 3199 }, // U+00E2
    { 11, 16, 183, 1, 16, 44, 3246 }, // U+00E3
    { 11, 16, 183, 1, 16, 44, 3290 }, // U+00E4
    { 11, 17, 183, 1, 17, 47, 3334 }, // U+00E5
    { 16, 11, 271, 1, 11, 44, 3381 }, // U+00E6
    { 10, 16, 169, 0, 11, 40, 3425 }, // U+00E7
    { 11, 17, 173, 0, 17, 47, 3465 }, // U+00E8
    { 11, 17, 173, 0, 17, 47, 3512 }, // U+00E9
    { 11, 17, 173, 0, 17, 47, 3559 }, // U+00EA
    { 11, 16, 173, 0, 16, 44, 3606 }, // U+00EB
    { 7, 17, 110, 0, 17, 30, 3650 }, // U+00EC
    { 7, 17, 110, 0, 17, 30, 3680 }, // U+00ED
    { 7, 17, 110, 0, 17, 30, 3710 }, // U+00EE
    { 8, 16, 110, -1, 16, 32, 3740 }, // U+00EF
    { 12, 17, 198, 0, 17, 51, 3772 }, // U+00F0
    { 14, 16, 224, 0, 16, 56, 3823 }, // U+00F1
    { 12, 17, 198, 0, 17, 51, 3879 }, // U+00F2
    { 12, 17, 198, 0, 17, 51, 3930 }, // U+00F3
    { 12, 17, 198, 0, 17, 51, 3981 }, // U+00F4
    { 12, 16, 198, 0, 16, 48, 4032 }, // U+00F5
    { 12, 16, 198, 0, 16, 48, 4080 }, // U+00F6
    { 9, 10, 208, 2, 12, 23, 4128 }, // U+00F7
    { 13, 11, 198, 0, 11, 36, 4151 }, // U+00F8
    { 14, 17, 217, 0, 17, 60, 4187 }, // U+00F9
    { 14, 17, 217, 0, 17, 60, 4247 }, // U+00FA
    { 14, 17, 217, 0, 17, 60, 4307 }, // U+00FB
    { 14, 16, 217, 0, 16, 56, 4367 }, // U+00FC
    { 13, 22, 200, 0, 17, 72, 4423 }, // U+00FD
    { 13, 21, 207, 0, 16, 69, 4495 }, // U+00FE
    { 13, 21, 200, 0, 16, 69, 4564 }, // U+00FF
    { 16, 19, 247, 0, 19, 76, 0 }, // U+0100
    { 11, 15, 183, 1, 15, 42, 76 }, // U+0101
    { 16, 21, 247, 0, 21, 84, 118 }, // U+0102
    { 11, 17, 183, 1, 17, 47, 202 }, // U+0103
    { 16, 19, 247, 0, 15, 76, 249 }, // U+0104
    { 11, 15, 183, 1, 11, 42, 325 }, // U+0105
    { 13, 20, 214, 0, 20, 65, 367 }, // U+0106
    { 10, 17, 169, 0, 17, 43, 432 }, // U+0107
    { 13, 20, 214, 0, 20, 65, 475 }, // U+0108
    { 10, 17, 169, 0, 17, 43, 540 }, // U+0109
    { 13, 20, 214, 0, 20, 65, 583 }, // U+010A
    { 10, 16, 169, 0, 16, 40, 648 }, // U+010B
    { 13, 20, 214, 0, 20, 65, 688 }, // U+010C
    { 10, 17, 169, 0, 17, 43, 753 }, // U+010D
    { 15, 21, 250, 0, 20, 79, 796 }, // U+010E
    { 15, 17, 214, 0, 17, 64, 875 }, // U+010F
    { 15, 15, 250, 0, 15, 57, 939 }, // U+0110
    { 13, 16, 208, 0, 16, 52, 996 }, // U+0111
    { 13, 19, 210, 0, 19, 62, 1048 }, // U+0112
    { 11, 15, 173, 0, 15, 42, 1110 }, // U+0113
    { 13, 21, 210, 0, 21, 69, 1152 }, // U+0114
    { 11, 17, 173, 0, 17, 47, 1221 }, // U+0115
    { 13, 20, 210, 0, 20, 65, 1268 }, // U+0116
    { 11, 16, 173, 0, 16, 44, 1333 }, // U+0117
    { 13, 19, 210, 0, 15, 62, 1377 }, // U+0118
    { 11, 15, 173, 0, 11, 42, 1439 }, // U+0119
    { 13, 20, 210, 0, 20, 65, 1481 }, // U+011A
    { 11, 17, 173, 0, 17, 47, 1546 }, // U+011B
    { 15, 20, 242, 0, 20, 75, 1593 }, // U+011C
    { 12, 22, 193, 0, 17, 66, 1668 }, // U+011D
    { 15, 21, 242, 0, 21, 79, 1734 }, // U+011E
    { 12, 22, 193, 0, 17, 66, 1813 }, // U+011F
    { 15, 20, 242, 0, 20, 75, 1879 }, // U+0120
    { 12, 21, 193, 0, 16, 63, 1954 }, // U+0121
    { 15, 21, 242, 0, 15, 79, 2017 }, // U+0122
    { 12, 23, 193, 0, 18, 69, 2096 }, // U+0123
    { 17, 20, 278, 0, 20, 85, 2165 }, // U+0124
    { 15, 21, 220, -1, 21, 79, 2250 }, // U+0125
    { 17, 15, 278, 0, 15, 64, 2329 }, // U+0126
    { 14, 16, 220, 0, 16, 56, 2393 }, // U+0127
    { 8, 20, 126, 0, 20, 40, 2449 }, // U+0128
    { 7, 16, 110, 0, 16, 28, 2489 }, // U+0129
    { 8, 19, 126, 0, 19, 38, 2517 }, // U+012A
    { 7, 15, 110, 0, 15, 27, 2555 }, // U+012B
    { 8, 21, 126, 0, 21, 42, 2582 }, // U+012C
    { 7, 17, 110, 0, 17, 30, 2624 }, // U+012D
    { 8, 19, 126, 0, 15, 38, 2654 }, // U+012E
    { 7, 20, 110, 0, 16, 35, 2692 }, // U+012F
    { 8, 20, 126, 0, 20, 40, 2727 }, // U+0130
    { 7, 11, 110, 0, 11, 20, 2767 }, // U+0131
    { 15, 20, 240, 0, 15, 75, 2787 }, // U+0132
    { 12, 21, 203, 0, 16, 63, 2862 }, // U+0133
    { 9, 25, 121, -1, 20, 57, 2925 }, // U+0134
    { 9, 22, 96, -2, 17, 50, 2982 }, // U+0135
    { 16, 21, 242, 0, 15, 84, 3032 }, // U+0136
    { 13, 22, 201, 0, 16, 72, 3116 }, // U+0137
    { 13, 11, 205, 0, 11, 36, 3188 }, // U+0138
    { 13, 20, 201, 0, 20, 65, 3224 }, // U+0139
    { 7, 21, 108, 0, 21, 37, 3289 }, // U+013A
    { 13, 21, 201, 0, 15, 69, 3326 }, // U+013B
    { 7, 22, 108, 0, 16, 39, 3395 }, // U+013C
    { 13, 17, 201, 0, 17, 56, 3434 }, // U+013D
    { 9, 17, 115, 0, 17, 39, 3490 }, // U+013E
    { 13, 15, 201, 0, 15, 49, 3529 }, // U+013F
    { 10, 16, 156, 0, 16, 40, 3578 }, // U+0140
    { 14, 15, 201, -1, 15, 53, 3618 }, // U+0141
    { 9, 16, 108, -1, 16, 36, 3671 }, // U+0142
    { 17, 20, 272, 0, 20, 85, 3707 }, // U+0143
    { 14, 17, 224, 0, 17, 60, 3792 }, // U+0144
    { 17, 21, 272, 0, 15, 90, 3852 }, // U+0145
    { 14, 17, 224, 0, 11, 60, 3942 }, // U+0146
    { 17, 20, 272, 0, 20, 85, 4002 }, // U+0147
    { 14, 17, 224, 0, 17, 60, 4087 }, // U+0148
    { 19, 16, 302, 0, 16, 76, 4147 }, // U+0149
    { 17, 19, 272, 0, 15, 81, 4223 }, // U+014A
    { 12, 16, 214, 0, 11, 48, 4304 }, // U+014B
    { 16, 19, 259, 0, 19, 76, 4352 }, // U+014C
    { 12, 15, 198, 0, 15, 45, 4428 }, // U+014D
    { 16, 21, 259, 0, 21, 84, 4473 }, // U+014E
    { 12, 17, 198, 0, 17, 51, 4557 }, // U+014F
    { 16, 21, 259, 0, 21, 84, 4608 }, // U+0150
    { 12, 17, 198, 0, 17, 51, 4692 }, // U+0151
    { 20, 15, 323, 0, 15, 75, 4743 }, // U+0152
    { 19, 11, 302, 0, 11, 53, 4818 }, // U+0153
    { 15, 20, 226, 0, 20, 75, 4871 }, // U+0154
    { 10, 17, 154, 0, 17, 43, 4946 }, // U+0155
    { 15, 21, 226, 0, 15, 79, 4989 }, // U+0156
    { 10, 17, 154, 0, 11, 43, 5068 }, // U+0157
    { 15, 20, 226, 0, 20, 75, 5111 }, // U+0158
    { 10, 17, 154, 0, 17, 43, 5186 }, // U+0159
    { 11, 20, 183, 0, 20, 55, 5229 }, // U+015A
    { 9, 17, 160, 1, 17, 39, 5284 }, // U+015B
    { 11, 20, 183, 0, 20, 55, 5323 }, // U+015C
    { 9, 17, 160, 1, 17, 39, 5378 }, // U+015D
    { 11, 20, 183, 0, 15, 55, 5417 }, // U+015E
    { 9, 16, 160, 1, 11, 36, 5472 }, // U+015F
    { 11, 20, 183, 0, 20, 55, 5508 }, // U+0160
    { 9, 17, 160, 1, 17, 39, 5563 }, // U+0161
    { 14, 20, 228, 0, 15, 70, 5602 }, // U+0162
    { 9, 19, 137, 0, 14, 43, 5672 }, // U+0163
    { 14, 20, 228, 0, 20, 70, 5715 }, // U+0164
    { 9, 16, 137, 0, 16, 36, 5785 }, // U+0165
    { 14, 15, 228, 0, 15, 53, 5821 }, // U+0166
    { 9, 14, 137, 0, 14, 32, 5874 }, // U+0167
    { 16, 20, 258, 0, 20, 80, 5906 }, // U+0168
    { 14, 16, 217, 0, 16, 56, 5986 }, // U+0169
    { 16, 19, 258, 0, 19, 76, 6042 }, // U+016A
    { 14, 15, 217, 0, 15, 53, 6118 }, // U+016B
    { 16, 21, 258, 0, 21, 84, 6171 }, // U+016C
    { 14, 17, 217, 0, 17, 60, 6255 }, // U+016D
    { 16, 21, 258, 0, 21, 84, 6315 }, // U+016E
    { 14, 17, 217, 0, 17, 60, 6399 }, // U+016F
    { 16, 21, 258, 0, 21, 84, 6459 }, // U+0170
    { 14, 17, 217, 0, 17, 60, 6543 }, // U+0171
    { 16, 19, 258, 0, 15, 76, 6603 }, // U+0172
    { 14, 15, 217, 0, 11, 53, 6679 }, // U+0173
    { 23, 20, 369, 0, 20, 115, 6732 }, // U+0174
    { 19, 17, 297, 0, 17, 81, 6847 }, // U+0175
    { 15, 20, 228, 0, 20, 75, 6928 }, // U+0176
    { 13, 22, 200, 0, 17, 72, 7003 }, // U+0177
    { 15, 20, 228, 0, 20, 75, 7075 }, // U+0178
    { 12, 21, 197, 0, 20, 63, 7150 }, // U+0179
    { 10, 18, 167, 0, 17, 45, 7213 }, // U+017A
    { 12, 21, 197, 0, 20, 63, 7258 }, // U+017B
    { 10, 17, 167, 0, 16, 43, 7321 }, // U+017C
    { 12, 21, 197, 0, 20, 63, 7364 }, // U+017D
    { 10, 18, 167, 0, 17, 45, 7427 }, // U+017E
    { 11, 16, 135, 0, 16, 44, 7472 }, // U+017F
    { 28, 21, 447, 0, 20, 147, 0 }, // U+01C4
    { 26, 18, 417, 0, 17, 117, 147 }, // U+01C5
    { 24, 18, 375, 0, 17, 108, 264 }, // U+01C6
    { 20, 20, 321, 0, 15, 100, 372 }, // U+01C7
    { 18, 21, 296, 0, 16, 95, 472 }, // U+01C8
    { 12, 21, 204, 0, 16, 63, 567 }, // U+01C9
    { 25, 20, 392, 0, 15, 125, 630 }, // U+01CA
    { 22, 21, 367, 0, 16, 116, 755 }, // U+01CB
    { 19, 21, 319, 0, 16, 100, 871 }, // U+01CC
    { 16, 20, 247, 0, 20, 80, 971 }, // U+01CD
    { 11, 17, 183, 1, 17, 47, 1051 }, // U+01CE
    { 8, 20, 126, 0, 20, 40, 1098 }, // U+01CF
    { 8, 17, 110, -1, 17, 34, 1138 }, // U+01D0
    { 16, 20, 259, 0, 20, 80, 1172 }, // U+01D1
    { 12, 17, 198, 0, 17, 51, 1252 }, // U+01D2
    { 16, 20, 258, 0, 20, 80, 1303 }, // U+01D3
    { 14, 17, 217, 0, 17, 60, 1383 }, // U+01D4
    { 16, 23, 258, 0, 23, 92, 1443 }, // U+01D5
    { 14, 19, 217, 0, 19, 67, 1535 }, // U+01D6
    { 16, 25, 258, 0, 25, 100, 1602 }, // U+01D7
    { 14, 22, 217, 0, 22, 77, 1702 }, // U+01D8
    { 16, 25, 258, 0, 25, 100, 1779 }, // U+01D9
    { 14, 21, 217, 0, 21, 74, 1879 }, // U+01DA
    { 16, 25, 258, 0, 25, 100, 1953 }, // U+01DB
    { 14, 22, 217, 0, 22, 77, 2053 }, // U+01DC
    { 11, 11, 174, 0, 11, 31, 2130 }, // U+01DD
    { 16, 23, 247, 0, 23, 92, 2161 }, // U+01DE
    { 11, 19, 183, 1, 19, 53, 2253 }, // U+01DF
    { 16, 23, 247, 0, 23, 92, 2306 }, // U+01E0
    { 11, 19, 183, 1, 19, 53, 2398 }, // U+01E1
    { 20, 19, 310, -1, 19, 95, 2451 }, // U+01E2
    { 16, 15, 271, 1, 15, 60, 2546 }, // U+01E3
    { 16, 15, 242, 0, 15, 60, 2606 }, // U+01E4
    { 14, 16, 193, -1, 11, 56, 2666 }, // U+01E5
    { 15, 20, 242, 0, 20, 75, 2722 }, // U+01E6
    { 12, 22, 193, 0, 17, 66, 2797 }, // U+01E7
    { 16, 20, 242, 0, 20, 80, 2863 }, // U+01E8
    { 14, 21, 201, -1, 21, 74, 2943 }, // U+01E9
    { 16, 19, 259, 0, 15, 76, 3017 }, // U+01EA
    { 12, 15, 198, 0, 11, 45, 3093 }, // U+01EB
    { 16, 23, 259, 0, 19, 92, 3138 }, // U+01EC
    { 12, 19, 198, 0, 15, 57, 3230 }, // U+01ED
    { 12, 20, 191, 0, 20, 60, 3287 }, // U+01EE
    { 10, 22, 167, 0, 17, 55, 3347 }, // U+01EF
    { 9, 22, 96, -2, 17, 50, 3402 }, // U+01F0
    { 28, 16, 447, 0, 15, 112, 3452 }, // U+01F1
    { 26, 16, 417, 0, 15, 104, 3564 }, // U+01F2
    { 24, 17, 375, 0, 16, 102, 3668 }, // U+01F3
    { 15, 20, 242, 0, 20, 75, 3770 }, // U+01F4
    { 12, 22, 193, 0, 17, 66, 3845 }, // U+01F5
    { 17, 20, 272, 0, 20, 85, 3911 }, // U+01F8
    { 14, 17, 224, 0, 17, 60, 3996 }, // U+01F9
    { 16, 22, 247, 0, 22, 88, 4056 }, // U+01FA
    { 11, 21, 183, 1, 21, 58, 4144 }, // U+01FB
    { 20, 20, 310, -1, 20, 100, 4202 }, // U+01FC
    { 16, 17, 271, 1, 17, 68, 4302 }, // U+01FD
    { 16, 20, 259, 0, 20, 80, 4370 }, // U+01FE
    { 13, 17, 198, 0, 17, 56, 4450 }, // U+01FF
    { 16, 21, 247, 0, 21, 84, 4506 }, // U+0200
    { 12, 17, 183, 0, 17, 51, 4590 }, // U+0201
    { 16, 21, 247, 0, 21, 84, 4641 }, // U+0202
    { 11, 17, 183, 1, 17, 47, 4725 }, // U+0203
    { 13, 21, 210, 0, 21, 69, 4772 }, // U+0204
    { 11, 17, 173, 0, 17, 47, 4841 }, // U+0205
    { 13, 21, 210, 0, 21, 69, 4888 }, // U+0206
    { 11, 17, 173, 0, 17, 47, 4957 }, // U+0207
    { 10, 21, 126, -2, 21, 53, 5004 }, // U+0208
    { 8, 17, 110, -1, 17, 34, 5057 }, // U+0209
    { 8, 21, 126, 0, 21, 42, 5091 }, // U+020A
    { 7, 17, 110, 0, 17, 30, 5133 }, // U+020B
    { 16, 21, 259, 0, 21, 84, 5163 }, // U+020C
    { 12, 17, 198, 0, 17, 51, 5247 }, // U+020D
    { 16, 21, 259, 0, 21, 84, 5298 }, // U+020E
    { 12, 17, 198, 0, 17, 51, 5382 }, // U+020F
    { 15, 21, 226, 0, 21, 79, 5433 }, // U+0210
    { 10, 17, 154, 0, 17, 43, 5512 }, // U+0211
    { 15, 21, 226, 0, 21, 79, 5555 }, // U+0212
    { 10, 17, 154, 0, 17, 43, 5634 }, // U+0213
    { 16, 21, 258, 0, 21, 84, 5677 }, // U+0214
    { 14, 17, 217, 0, 17, 60, 5761 }, // U+0215
    { 16, 21, 258, 0, 21, 84, 5821 }, // U+0216
    { 14, 17, 217, 0, 17, 60, 5905 }, // U+0217
    { 11, 21, 183, 0, 15, 58, 5965 }, // U+0218
    { 9, 17, 160, 1, 11, 39, 6023 }, // U+0219
    { 14, 21, 228, 0, 15, 74, 6062 }, // U+021A
    { 9, 20, 137, 0, 14, 45, 6136 }, // U+021B
    { 10, 17, 191, 1, 15, 43, 6181 }, // U+021C
    { 10, 16, 155, 0, 11, 40, 6224 }, // U+021D
    { 17, 20, 278, 0, 20, 85, 6264 }, // U+021E
    { 15, 21, 220, -1, 21, 79, 6349 }, // U+021F
    { 5, 5, 0, -3, 17, 7, 0 }, // U+0300
    { 4, 5, 0, -1, 17, 5, 7 }, // U+0301
    { 8, 5, 0, -4, 17, 10, 12 }, // U+0302
    { 8, 3, 0, -4, 16, 6, 22 }, // U+0303
    { 8, 2, 0, -4, 15, 4, 28 }, // U+0304
    { 8, 4, 0, -4, 17, 8, 32 }, // U+0306
    { 4, 3, 0, -2, 16, 3, 40 }, // U+0307
    { 8, 3, 0, -4, 16, 6, 43 }, // U+0308
    { 6, 7, 0, -3, 19, 11, 49 }, // U+0309
    { 6, 5, 0, -3, 17, 8, 60 }, // U+030A
    { 8, 5, 0, -3, 17, 10, 68 }, // U+030B
    { 8, 5, 0, -4, 17, 10, 78 }, // U+030C
    { 8, 5, 0, -5, 17, 10, 88 }, // U+030F
    { 8, 4, 0, -4, 17, 8, 98 }, // U+0311
    { 4, 6, 0, -2, 18, 6, 106 }, // U+0312
    { 4, 6, 0, -2, 19, 6, 112 }, // U+0313
    { 4, 6, 0, -2, 19, 6, 118 }, // U+0314
    { 3, 6, 0, -1, 19, 5, 124 }, // U+0315
    { 4, 5, 0, -2, 13, 5, 129 }, // U+031B
    { 4, 3, 0, -2, -1, 3, 134 }, // U+0323
    { 8, 3, 0, -4, -1, 6, 137 }, // U+0324
    { 6, 5, 0, -3, -1, 8, 143 }, // U+0325
    { 4, 5, 0, -2, -1, 5, 151 }, // U+0326
    { 4, 4, 0, -2, -1, 4, 156 }, // U+0327
    { 6, 5, 0, -3, 1, 8, 160 }, // U+0328
    { 3, 5, 90, 1, -1, 4, 168 }, // U+0329
    { 8, 4, 0, -4, -1, 8, 172 }, // U+032D
    { 8, 4, 0, -4, -1, 8, 180 }, // U+032E
    { 8, 3, 0, -4, -2, 6, 188 }, // U+0330
    { 8, 2, 0, -4, -2, 4, 194 }, // U+0331
    { 8, 4, 0, -4, 17, 8, 198 }, // U+0342
    { 8, 8, 0, -4, 21, 16, 206 }, // U+0344
    { 5, 4, 0, -2, -1, 5, 222 }, // U+0345
    { 0, 0, 167, 0, 0, 0, 0 }, // U+2000
    { 0, 0, 333, 0, 0, 0, 0 }, // U+2001
    { 0, 0, 167, 0, 0, 0, 0 }, // U+2002
    { 0, 0, 333, 0, 0, 0, 0 }, // U+2003
    { 0, 0, 111, 0, 0, 0, 0 }, // U+2004
    { 0, 0, 83, 0, 0, 0, 0 }, // U+2005
    { 0, 0, 55, 0, 0, 0, 0 }, // U+2006
    { 0, 0, 208, 0, 0, 0, 0 }, // U+2007
    { 0, 0, 91, 0, 0, 0, 0 }, // U+2008
    { 0, 0, 67, 0, 0, 0, 0 }, // U+2009
    { 0, 0, 17, 0, 0, 0, 0 }, // U+200A
    { 0, 0, 0, 0, 0, 0, 0 }, // U+200B
    { 2, 18, 0, -1, 13, 9, 0 }, // U+200C
    { 6, 19, 0, -3, 14, 29, 9 }, // U+200D
    { 8, 20, 0, -4, 15, 40, 38 }, // U+200E
    { 8, 20, 0, -4, 15, 40, 78 }, // U+200F
    { 8, 2, 125, 0, 6, 4, 118 }, // U+2010
    { 8, 2, 125, 0, 6, 4, 122 }, // U+2011
    { 11, 2, 208, 1, 8, 6, 126 }, // U+2012
    { 11, 2, 167, 0, 6, 6, 132 }, // U+2013
    { 21, 2, 333, 0, 6, 11, 138 }, // U+2014
    { 21, 2, 333, 0, 6, 11, 149 }, // U+2015
    { 7, 21, 167, 2, 16, 37, 160 }, // U+2016
    { 11, 5, 167, 0, -1, 14, 197 }, // U+2017
    { 5, 7, 79, 0, 16, 9, 211 }, // U+2018
    { 4, 7, 79, 0, 16, 7, 220 }, // U+2019
    { 4, 7, 79, 0, 3, 7, 227 }, // U+201A
    { 5, 7, 79, 0, 16, 9, 234 }, // U+201B
    { 9, 7, 146, 0, 16, 16, 243 }, // U+201C
    { 9, 7, 146, 0, 16, 16, 259 }, // U+201D
    { 9, 7, 146, 0, 3, 16, 275 }, // U+201E
    { 9, 7, 146, 0, 16, 16, 291 }, // U+201F
    { 10, 14, 167, 0, 15, 35, 307 }, // U+2020
    { 10, 16, 167, 0, 15, 40, 342 }, // U+2021
    { 5, 5, 100, 1, 8, 7, 382 }, // U+2022
    { 8, 7, 208, 3, 11, 14, 389 }, // U+2023
    { 4, 3, 91, 1, 2, 3, 403 }, // U+2024
    { 9, 3, 167, 1, 3, 7, 406 }, // U+2025
    { 19, 3, 333, 1, 3, 15, 413 }, // U+2026
    { 4, 3, 91, 1, 7, 3, 428 }, // U+2027
    { 0, 0, 0, 0, 0, 0, 431 }, // U+2028
    { 0, 0, 0, 0, 0, 0, 431 }, // U+2029
    { 8, 20, 0, -4, 15, 40, 431 }, // U+202A
    { 8, 20, 0, -4, 15, 40, 471 }, // U+202B
    { 6, 20, 0, -3, 15, 30, 511 }, // U+202C
    { 10, 20, 0, -5, 15, 50, 541 }, // U+202D
    { 10, 20, 0, -5, 15, 50, 591 }, // U+202E
    { 0, 0, 36, 0, 0, 0, 641 }, // U+202F
    { 27, 16, 459, 1, 15, 108, 641 }, // U+2030
    { 5, 7, 87, 0, 15, 9, 749 }, // U+2032
    { 9, 7, 152, 0, 15, 16, 758 }, // U+2033
    { 13, 7, 217, 0, 15, 23, 774 }, // U+2034
    { 5, 7, 87, 0, 15, 9, 797 }, // U+2035
    { 10, 7, 160, 0, 15, 18, 806 }, // U+2036
    { 14, 7, 233, 0, 15, 25, 824 }, // U+2037
    { 10, 4, 166, 0, 0, 10, 849 }, // U+2038
    { 6, 8, 107, 0, 9, 12, 859 }, // U+2039
    { 5, 8, 107, 1, 9, 10, 871 }, // U+203A
    { 13, 14, 208, 0, 14, 46, 881 }, // U+203B
    { 10, 16, 182, 1, 16, 40, 927 }, // U+203C
    { 11, 2, 167, 0, 17, 6, 967 }, // U+203E
    { 6, 2, 100, 0, 6, 3, 973 }, // U+2043
    { 11, 16, 61, -4, 15, 44, 976 }, // U+2044
    { 17, 15, 298, 1, 15, 64, 1020 }, // U+2047
    { 14, 16, 249, 1, 16, 56, 1084 }, // U+2048
    { 14, 16, 249, 1, 16, 56, 1140 }, // U+2049
    { 13, 5, 333, 4, 9, 17, 1196 }, // U+2053
    { 18, 7, 282, 0, 15, 32, 1213 }, // U+2057
    { 0, 0, 74, 0, 0, 0, 1245 }, // U+205F
    { 0, 0, 0, 0, 0, 0, 1245 }, // U+2060
    { 0, 0, 0, 0, 0, 0, 1245 }, // U+2061
    { 0, 0, 0, 0, 0, 0, 1245 }, // U+2062
    { 0, 0, 0, 0, 0, 0, 1245 }, // U+2063
    { 0, 0, 0, 0, 0, 0, 1245 }, // U+2064
    { 9, 9, 149, 0, 17, 21, 0 }, // U+2070
    { 9, 9, 149, 0, 17, 21, 21 }, // U+2074
    { 7, 9, 149, 1, 17, 16, 42 }, // U+2075
    { 8, 9, 149, 1, 17, 18, 58 }, // U+2076
    { 8, 9, 149, 1, 17, 18, 76 }, // U+2077
    { 8, 9, 149, 1, 17, 18, 94 }, // U+2078
    { 8, 9, 149, 1, 17, 18, 112 }, // U+2079
    { 10, 7, 189, 1, 15, 18, 130 }, // U+207F
    { 9, 9, 149, 0, 6, 21, 148 }, // U+2080
    { 7, 9, 149, 1, 6, 16, 169 }, // U+2081
    { 8, 9, 149, 1, 6, 18, 185 }, // U+2082
    { 7, 9, 149, 1, 6, 16, 203 }, // U+2083
    { 9, 9, 149, 0, 6, 21, 219 }, // U+2084
    { 7, 9, 149, 1, 6, 16, 240 }, // U+2085
    { 8, 9, 149, 1, 6, 18, 256 }, // U+2086
    { 8, 9, 149, 1, 6, 18, 274 }, // U+2087
    { 8, 9, 149, 1, 6, 18, 292 }, // U+2088
    { 8, 9, 149, 1, 6, 18, 310 }, // U+2089
    { 11, 14, 178, 0, 14, 39, 0 }, // U+20A3
    { 12, 14, 182, 0, 14, 42, 39 }, // U+20A4
    { 26, 14, 424, 1, 14, 91, 81 }, // U+20A7
    { 13, 14, 200, 0, 14, 46, 172 }, // U+20AC
    { 13, 8, 333, 4, 11, 26, 0 }, // U+2190
    { 9, 13, 333, 6, 14, 30, 26 }, // U+2191
    { 13, 8, 333, 4, 11, 26, 56 }, // U+2192
    { 9, 13, 333, 6, 14, 30, 82 }, // U+2193
    { 13, 8, 333, 4, 11, 26, 112 }, // U+2194
    { 9, 14, 333, 6, 15, 32, 138 }, // U+2195
    { 9, 13, 333, 6, 14, 30, 170 }, // U+21A8
    { 9, 13, 333, 6, 14, 30, 200 }, // U+21B2
    { 9, 13, 333, 6, 14, 30, 230 }, // U+21B3
    { 11, 10, 333, 5, 12, 28, 260 }, // U+21B5
    { 13, 9, 333, 4, 12, 30, 288 }, // U+21D0
    { 9, 12, 333, 6, 13, 27, 318 }, // U+21D1
    { 13, 9, 333, 4, 12, 30, 345 }, // U+21D2
    { 9, 12, 333, 6, 13, 27, 375 }, // U+21D3
    { 13, 9, 333, 4, 12, 30, 402 }, // U+21D4
    { 15, 15, 333, 3, 15, 57, 0 }, // U+2200
    { 11, 16, 208, 1, 16, 44, 57 }, // U+2202
    { 11, 15, 333, 5, 15, 42, 101 }, // U+2203
    { 17, 17, 333, 2, 16, 73, 143 }, // U+2205
    { 14, 15, 219, 0, 15, 53, 216 }, // U+2206
    { 13, 15, 333, 4, 15, 49, 269 }, // U+2207
    { 15, 15, 333, 3, 15, 57, 318 }, // U+2208
    { 15, 18, 333, 3, 16, 68, 375 }, // U+2209
    { 15, 11, 333, 3, 13, 42, 443 }, // U+220A
    { 15, 15, 333, 3, 15, 57, 485 }, // U+220B
    { 15, 18, 333, 3, 16, 68, 542 }, // U+220C
    { 15, 11, 333, 3, 13, 42, 610 }, // U+220D
    { 17, 18, 270, 0, 15, 77, 652 }, // U+220F
    { 13, 19, 204, 0, 15, 62, 729 }, // U+2211
    { 9, 2, 208, 2, 8, 5, 791 }, // U+2212
    { 10, 16, 164, 0, 15, 40, 796 }, // U+2215
    { 10, 16, 176, 1, 15, 40, 836 }, // U+2216
    { 9, 10, 208, 2, 12, 23, 876 }, // U+2217
    { 7, 7, 208, 3, 11, 13, 899 }, // U+2218
    { 4, 3, 208, 5, 7, 3, 912 }, // U+2219
    { 13, 19, 208, 0, 17, 62, 915 }, // U+221A
    { 11, 7, 208, 1, 10, 20, 977 }, // U+221D
    { 13, 7, 208, 0, 10, 23, 997 }, // U+221E
    { 13, 15, 333, 4, 15, 49, 1020 }, // U+221F
    { 15, 15, 333, 2, 15, 57, 1069 }, // U+2220
    { 3, 21, 167, 4, 16, 16, 1126 }, // U+2223
    { 7, 21, 167, 2, 16, 37, 1142 }, // U+2225
    { 14, 15, 333, 4, 15, 53, 1179 }, // U+2227
    { 14, 15, 333, 4, 15, 53, 1232 }, // U+2228
    { 13, 15, 333, 4, 15, 49, 1285 }, // U+2229
    { 13, 15, 333, 4, 15, 49, 1334 }, // U+222A
    { 11, 21, 208, 1, 16, 58, 1383 }, // U+222B
    { 13, 12, 333, 4, 11, 39, 1441 }, // U+2234
    { 13, 12, 333, 4, 11, 39, 1480 }, // U+2235
    { 4, 11, 104, 1, 13, 11, 1519 }, // U+2236
    { 13, 12, 333, 4, 11, 39, 1530 }, // U+2237
    { 13, 5, 333, 4, 9, 17, 1569 }, // U+223C
    { 13, 12, 333, 4, 13, 39, 1586 }, // U+2245
    { 11, 8, 208, 1, 11, 22, 1625 }, // U+2248
    { 13, 8, 333, 4, 10, 26, 1647 }, // U+224D
    { 9, 10, 208, 2, 12, 23, 1673 }, // U+2260
    { 11, 10, 333, 5, 11, 28, 1696 }, // U+2261
    { 9, 13, 208, 2, 13, 30, 1724 }, // U+2264
    { 9, 13, 208, 2, 13, 30, 1754 }, // U+2265
    { 17, 9, 333, 2, 12, 39, 1784 }, // U+226A
    { 17, 9, 333, 2, 12, 39, 1823 }, // U+226B
    { 15, 11, 333, 3, 13, 42, 1862 }, // U+2283
    { 15, 17, 333, 3, 16, 64, 1904 }, // U+2284
    { 15, 17, 333, 3, 16, 64, 1968 }, // U+2285
    { 15, 15, 333, 3, 15, 57, 2032 }, // U+2286
    { 15, 15, 333, 3, 15, 57, 2089 }, // U+2287
    { 17, 15, 333, 2, 15, 64, 2146 }, // U+2295
    { 17, 15, 333, 2, 15, 64, 2210 }, // U+2296
    { 17, 15, 333, 2, 15, 64, 2274 }, // U+2297
    { 17, 15, 333, 2, 15, 64, 2338 }, // U+2298
    { 13, 15, 333, 4, 15, 49, 2402 }, // U+22A5
    { 4, 3, 208, 5, 7, 3, 2451 }, // U+22C5
    { 18, 3, 333, 2, 7, 14, 2454 }, // U+22EF
    { 18, 16, 248, 0, 16, 72, 0 }, // U+FB00
    { 14, 16, 223, 0, 16, 56, 72 }, // U+FB01
    { 14, 16, 224, 0, 16, 56, 128 }, // U+FB02
    { 21, 16, 336, 0, 16, 84, 184 }, // U+FB03
    { 21, 16, 336, 0, 16, 84, 268 }, // U+FB04
    { 16, 16, 257, 0, 16, 64, 352 }, // U+FB05
    { 18, 16, 296, 1, 16, 72, 416 }, // U+FB06
    { 21, 19, 333, 0, 17, 100, 0 }, // U+FFFD
};

static const EpdUnicodeInterval bookerly_10_regularIntervals[] = {
    { 0x0, 0x0, 0x0 },
    { 0x8, 0x9, 0x1 },
    { 0xD, 0xD, 0x3 },
    { 0x1D, 0x1D, 0x4 },
    { 0x20, 0x7E, 0x5 },
    { 0xA0, 0xFF, 0x64 },
    { 0x100, 0x17F, 0xC4 },
    { 0x1C4, 0x1F5, 0x144 },
    { 0x1F8, 0x21F, 0x176 },
    { 0x300, 0x304, 0x19E },
    { 0x306, 0x30C, 0x1A3 },
    { 0x30F, 0x30F, 0x1AA },
    { 0x311, 0x315, 0x1AB },
    { 0x31B, 0x31B, 0x1B0 },
    { 0x323, 0x329, 0x1B1 },
    { 0x32D, 0x32E, 0x1B8 },
    { 0x330, 0x331, 0x1BA },
    { 0x342, 0x342, 0x1BC },
    { 0x344, 0x345, 0x1BD },
    { 0x2000, 0x2030, 0x1BF },
    { 0x2032, 0x203C, 0x1F0 },
    { 0x203E, 0x203E, 0x1FB },
    { 0x2043, 0x2044, 0x1FC },
    { 0x2047, 0x2049, 0x1FE },
    { 0x2053, 0x2053, 0x201 },
    { 0x2057, 0x2057, 0x202 },
    { 0x205F, 0x2064, 0x203 },
    { 0x2070, 0x2070, 0x209 },
    { 0x2074, 0x2079, 0x20A },
    { 0x207F, 0x2089, 0x210 },
    { 0x20A3, 0x20A4, 0x21B },
    { 0x20A7, 0x20A7, 0x21D },
    { 0x20AC, 0x20AC, 0x21E },
    { 0x2190, 0x2195, 0x21F },
    { 0x21A8, 0x21A8, 0x225 },
    { 0x21B2, 0x21B3, 0x226 },
    { 0x21B5, 0x21B5, 0x228 },
    { 0x21D0, 0x21D4, 0x229 },
    { 0x2200, 0x2200, 0x22E },
    { 0x2202, 0x2203, 0x22F },
    { 0x2205, 0x220D, 0x231 },
    { 0x220F, 0x220F, 0x23A },
    { 0x2211, 0x2212, 0x23B },
    { 0x2215, 0x221A, 0x23D },
    { 0x221D, 0x2220, 0x243 },
    { 0x2223, 0x2223, 0x247 },
    { 0x2225, 0x2225, 0x248 },
    { 0x2227, 0x222B, 0x249 },
    { 0x2234, 0x2237, 0x24E },
    { 0x223C, 0x223C, 0x252 },
    { 0x2245, 0x2245, 0x253 },
    { 0x2248, 0x2248, 0x254 },
    { 0x224D, 0x224D, 0x255 },
    { 0x2260, 0x2261, 0x256 },
    { 0x2264, 0x2265, 0x258 },
    { 0x226A, 0x226B, 0x25A },
    { 0x2283, 0x2287, 0x25C },
    { 0x2295, 0x2298, 0x261 },
    { 0x22A5, 0x22A5, 0x265 },
    { 0x22C5, 0x22C5, 0x266 },
    { 0x22EF, 0x22EF, 0x267 },
    { 0xFB00, 0xFB06, 0x268 },
    { 0xFFFD, 0xFFFD, 0x26F },
};

static const EpdFontGroup bookerly_10_regularGroups[] = {
    { 0, 2358, 4233, 100, 0 },
    { 2358, 2076, 5022, 96, 100 },
    { 4434, 2714, 8345, 128, 196 },
    { 7148, 2552, 6819, 90, 324 },
    { 9700, 228, 244, 33, 414 },
    { 9928, 758, 1449, 74, 447 },
    { 10686, 209, 363, 18, 521 },
    { 10895, 193, 238, 4, 539 },
    { 11088, 290, 543, 15, 543 },
    { 11378, 1310, 2821, 58, 558 },
    { 12688, 266, 544, 7, 616 },
    { 12954, 84, 114, 1, 623 },
};

static const EpdKernClassEntry bookerly_10_regularKernLeftClasses[] = {
    { 0x0022, 1 }, // "
    { 0x0027, 1 }, // '
    { 0x0028, 2 }, // (
    { 0x002A, 3 }, // *
    { 0x002B, 4 }, // +
    { 0x002C, 5 }, // ,
    { 0x002D, 6 }, // -
    { 0x002E, 5 }, // .
    { 0x002F, 7 }, // /
    { 0x0030, 8 }, // 0
    { 0x0031, 9 }, // 1
    { 0x0032, 10 }, // 2
    { 0x0033, 11 }, // 3
    { 0x0034, 12 }, // 4
    { 0x0035, 8 }, // 5
    { 0x0036, 10 }, // 6
    { 0x0037, 13 }, // 7
    { 0x0038, 14 }, // 8
    { 0x0039, 15 }, // 9
    { 0x003A, 16 }, // :
    { 0x003B, 16 }, // ;
    { 0x003C, 4 }, // <
    { 0x003D, 4 }, // =
    { 0x003E, 4 }, // >
    { 0x0040, 17 }, // @
    { 0x0041, 18 }, // A
    { 0x0042, 19 }, // B
    { 0x0043, 20 }, // C
    { 0x0044, 21 }, // D
    { 0x0045, 22 }, // E
    { 0x0046, 23 }, // F
    { 0x0047, 24 }, // G
    { 0x0048, 25 }, // H
    { 0x0049, 25 }, // I
    { 0x004A, 26 }, // J
    { 0x004B, 27 }, // K
    { 0x004C, 28 }, // L
    { 0x004D, 29 }, // M
    { 0x004E, 30 }, // N
    { 0x004F, 21 }, // O
    { 0x0050, 31 }, // P
    { 0x0051, 32 }, // Q
    { 0x0052, 33 }, // R
    { 0x0053, 34 }, // S
    { 0x0054, 35 }, // T
    { 0x0055, 36 }, // U
    { 0x0056, 37 }, // V
    { 0x0057, 37 }, // W
    { 0x0058, 38 }, // X
    { 0x0059, 39 }, // Y
    { 0x005A, 40 }, // Z
    { 0x005B, 41 }, // [
    { 0x005C, 42 }, // <backslash>
    { 0x0061, 43 }, // a
    { 0x0062, 44 }, // b
    { 0x0063, 45 }, // c
    { 0x0064, 46 }, // d
    { 0x0065, 47 }, // e
    { 0x0066, 48 }, // f
    { 0x0067, 49 }, // g
    { 0x0068, 50 }, // h
    { 0x0069, 51 }, // i
    { 0x006A, 52 }, // j
    { 0x006B, 53 }, // k
    { 0x006C, 54 }, // l
    { 0x006D, 50 }, // m
    { 0x006E, 50 }, // n
    { 0x006F, 44 }, // o
    { 0x0070, 44 }, // p
    { 0x0071, 55 }, // q
    { 0x0072, 56 }, // r
    { 0x0073, 57 }, // s
    { 0x0074, 58 }, // t
    { 0x0075, 59 }, // u
    { 0x0076, 60 }, // v
    { 0x0077, 60 }, // w
    { 0x0078, 61 }, // x
    { 0x0079, 60 }, // y
    { 0x007A, 62 }, // z
    { 0x007B, 63 }, // {
    { 0x007E, 4 }, // ~
    { 0x00A1, 64 }, // U+00A1
    { 0x00AB, 65 }, // U+00AB
    { 0x00AD, 6 }, // U+00AD
    { 0x00BB, 66 }, // U+00BB
    { 0x00BF, 67 }, // U+00BF
    { 0x00C0, 18 }, // U+00C0
    { 0x00C1, 18 }, // U+00C1
    { 0x00C2, 18 }, // U+00C2
    { 0x00C3, 18 }, // U+00C3
    { 0x00C4, 18 }, // U+00C4
    { 0x00C5, 18 }, // U+00C5
    { 0x00C6, 22 }, // U+00C6
    { 0x00C7, 20 }, // U+00C7
    { 0x00C8, 22 }, // U+00C8
    { 0x00C9, 22 }, // U+00C9
    { 0x00CA, 22 }, // U+00CA
    { 0x00CB, 22 }, // U+00CB
    { 0x00CC, 25 }, // U+00CC
    { 0x00CD, 25 }, // U+00CD
    { 0x00CE, 25 }, // U+00CE
    { 0x00CF, 25 }, // U+00CF
    { 0x00D0, 21 }, // U+00D0
    { 0x00D1, 30 }, // U+00D1
    { 0x00D2, 21 }, // U+00D2
    { 0x00D3, 21 }, // U+00D3
    { 0x00D4, 21 }, // U+00D4
    { 0x00D5, 21 }, // U+00D5
    { 0x00D6, 21 }, // U+00D6
    { 0x00D7, 4 }, // U+00D7
    { 0x00D8, 68 }, // U+00D8
    { 0x00D9, 36 }, // U+00D9
    { 0x00DA, 36 }, // U+00DA
    { 0x00DB, 36 }, // U+00DB
    { 0x00DC, 36 }, // U+00DC
    { 0x00DD, 39 }, // U+00DD
    { 0x00DE, 69 }, // U+00DE
    { 0x00DF, 70 }, // U+00DF
    { 0x00E0, 43 }, // U+00E0
    { 0x00E1, 43 }, // U+00E1
    { 0x00E2, 43 }, // U+00E2
    { 0x00E3, 43 }, // U+00E3
    { 0x00E4, 43 }, // U+00E4
    { 0x00E5, 43 }, // U+00E5
    { 0x00E6, 47 }, // U+00E6
    { 0x00E7, 45 }, // U+00E7
    { 0x00E8, 47 }, // U+00E8
    { 0x00E9, 47 }, // U+00E9
    { 0x00EA, 47 }, // U+00EA
    { 0x00EB, 47 }, // U+00EB
    { 0x00EC, 51 }, // U+00EC
    { 0x00ED, 51 }, // U+00ED
    { 0x00EE, 71 }, // U+00EE
    { 0x00EF, 71 }, // U+00EF
    { 0x00F0, 72 }, // U+00F0
    { 0x00F1, 50 }, // U+00F1
    { 0x00F2, 44 }, // U+00F2
    { 0x00F3, 44 }, // U+00F3
    { 0x00F4, 44 }, // U+00F4
    { 0x00F5, 44 }, // U+00F5
    { 0x00F6, 44 }, // U+00F6
    { 0x00F7, 4 }, // U+00F7
    { 0x00F8, 73 }, // U+00F8
    { 0x00F9, 59 }, // U+00F9
    { 0x00FA, 59 }, // U+00FA
    { 0x00FB, 59 }, // U+00FB
    { 0x00FC, 59 }, // U+00FC
    { 0x00FD, 60 }, // U+00FD
    { 0x00FE, 44 }, // U+00FE
    { 0x00FF, 60 }, // U+00FF
    { 0x0100, 18 }, // U+0100
    { 0x0101, 43 }, // U+0101
    { 0x0102, 18 }, // U+0102
    { 0x0103, 43 }, // U+0103
    { 0x0104, 74 }, // U+0104
    { 0x0105, 75 }, // U+0105
    { 0x0106, 20 }, // U+0106
    { 0x0107, 45 }, // U+0107
    { 0x0108, 20 }, // U+0108
    { 0x0109, 45 }, // U+0109
    { 0x010A, 20 }, // U+010A
    { 0x010B, 45 }, // U+010B
    { 0x010C, 20 }, // U+010C
    { 0x010D, 45 }, // U+010D
    { 0x010E, 21 }, // U+010E
    { 0x010F, 76 }, // U+010F
    { 0x0110, 21 }, // U+0110
    { 0x0111, 46 }, // U+0111
    { 0x0112, 22 }, // U+0112
    { 0x0113, 47 }, // U+0113
    { 0x0114, 22 }, // U+0114
    { 0x0115, 47 }, // U+0115
    { 0x0116, 22 }, // U+0116
    { 0x0117, 47 }, // U+0117
    { 0x0118, 77 }, // U+0118
    { 0x0119, 78 }, // U+0119
    { 0x011A, 22 }, // U+011A
    { 0x011B, 47 }, // U+011B
    { 0x011C, 24 }, // U+011C
    { 0x011D, 49 }, // U+011D
    { 0x011E, 24 }, // U+011E
    { 0x011F, 49 }, // U+011F
    { 0x0120, 24 }, // U+0120
    { 0x0121, 49 }, // U+0121
    { 0x0122, 24 }, // U+0122
    { 0x0123, 49 }, // U+0123
    { 0x0124, 25 }, // U+0124
    { 0x0125, 50 }, // U+0125
    { 0x0126, 25 }, // U+0126
    { 0x0127, 50 }, // U+0127
    { 0x0128, 25 }, // U+0128
    { 0x0129, 71 }, // U+0129
    { 0x012A, 25 }, // U+012A
    { 0x012B, 71 }, // U+012B
    { 0x012C, 25 }, // U+012C
    { 0x012D, 71 }, // U+012D
    { 0x012E, 79 }, // U+012E
    { 0x012F, 80 }, // U+012F
    { 0x0130, 25 }, // U+0130
    { 0x0131, 51 }, // U+0131
    { 0x0132, 26 }, // U+0132
    { 0x0133, 52 }, // U+0133
    { 0x0134, 26 }, // U+0134
    { 0x0135, 81 }, // U+0135
    { 0x0136, 27 }, // U+0136
    { 0x0137, 53 }, // U+0137
    { 0x0138, 53 }, // U+0138
    { 0x0139, 28 }, // U+0139
    { 0x013A, 54 }, // U+013A
    { 0x013B, 28 }, // U+013B
    { 0x013C, 54 }, // U+013C
    { 0x013E, 76 }, // U+013E
    { 0x0141, 28 }, // U+0141
    { 0x0142, 82 }, // U+0142
    { 0x0143, 30 }, // U+0143
    { 0x0144, 50 }, // U+0144
    { 0x0145, 30 }, // U+0145
    { 0x0146, 50 }, // U+0146
    { 0x0147, 30 }, // U+0147
    { 0x0148, 50 }, // U+0148
    { 0x0149, 50 }, // U+0149
    { 0x014A, 30 }, // U+014A
    { 0x014B, 50 }, // U+014B
    { 0x014C, 21 }, // U+014C
    { 0x014D, 44 }, // U+014D
    { 0x014E, 21 }, // U+014E
    { 0x014F, 44 }, // U+014F
    { 0x0150, 21 }, // U+0150
    { 0x0151, 44 }, // U+0151
    { 0x0152, 22 }, // U+0152
    { 0x0153, 47 }, // U+0153
    { 0x0154, 33 }, // U+0154
    { 0x0155, 56 }, // U+0155
    { 0x0156, 33 }, // U+0156
    { 0x0157, 56 }, // U+0157
    { 0x0158, 33 }, // U+0158
    { 0x0159, 56 }, // U+0159
    { 0x015A, 34 }, // U+015A
    { 0x015B, 57 }, // U+015B
    { 0x015C, 34 }, // U+015C
    { 0x015D, 57 }, // U+015D
    { 0x015E, 34 }, // U+015E
    { 0x015F, 57 }, // U+015F
    { 0x0160, 34 }, // U+0160
    { 0x0161, 57 }, // U+0161
    { 0x0162, 35 }, // U+0162
    { 0x0163, 83 }, // U+0163
    { 0x0164, 35 }, // U+0164
    { 0x0166, 35 }, // U+0166
    { 0x0167, 58 }, // U+0167
    { 0x0168, 36 }, // U+0168
    { 0x0169, 59 }, // U+0169
    { 0x016A, 36 }, // U+016A
    { 0x016B, 59 }, // U+016B
    { 0x016C, 36 }, // U+016C
    { 0x016D, 59 }, // U+016D
    { 0x016E, 36 }, // U+016E
    { 0x016F, 59 }, // U+016F
    { 0x0170, 36 }, // U+0170
    { 0x0171, 59 }, // U+0171
    { 0x0172, 36 }, // U+0172
    { 0x0173, 84 }, // U+0173
    { 0x0174, 37 }, // U+0174
    { 0x0175, 60 }, // U+0175
    { 0x0176, 39 }, // U+0176
    { 0x0177, 60 }, // U+0177
    { 0x0178, 39 }, // U+0178
    { 0x0179, 40 }, // U+0179
    { 0x017A, 62 }, // U+017A
    { 0x017B, 40 }, // U+017B
    { 0x017C, 62 }, // U+017C
    { 0x017D, 40 }, // U+017D
    { 0x017E, 62 }, // U+017E
    { 0x01C4, 40 }, // U+01C4
    { 0x01C5, 62 }, // U+01C5
    { 0x01C6, 62 }, // U+01C6
    { 0x01C7, 26 }, // U+01C7
    { 0x01C8, 52 }, // U+01C8
    { 0x01C9, 52 }, // U+01C9
    { 0x01CA, 26 }, // U+01CA
    { 0x01CB, 52 }, // U+01CB
    { 0x01CC, 52 }, // U+01CC
    { 0x01CD, 18 }, // U+01CD
    { 0x01CE, 43 }, // U+01CE
    { 0x01CF, 25 }, // U+01CF
    { 0x01D0, 71 }, // U+01D0
    { 0x01D1, 21 }, // U+01D1
    { 0x01D2, 44 }, // U+01D2
    { 0x01D3, 36 }, // U+01D3
    { 0x01D4, 59 }, // U+01D4
    { 0x01D5, 36 }, // U+01D5
    { 0x01D6, 59 }, // U+01D6
    { 0x01D7, 36 }, // U+01D7
    { 0x01D8, 59 }, // U+01D8
    { 0x01D9, 36 }, // U+01D9
    { 0x01DA, 59 }, // U+01DA
    { 0x01DB, 36 }, // U+01DB
    { 0x01DC, 59 }, // U+01DC
    { 0x01DD, 44 }, // U+01DD
    { 0x01DE, 18 }, // U+01DE
    { 0x01DF, 43 }, // U+01DF
    { 0x01E0, 18 }, // U+01E0
    { 0x01E1, 43 }, // U+01E1
    { 0x01E2, 22 }, // U+01E2
    { 0x01E3, 47 }, // U+01E3
    { 0x01E4, 24 }, // U+01E4
    { 0x01E5, 85 }, // U+01E5
    { 0x01E6, 24 }, // U+01E6
    { 0x01E7, 49 }, // U+01E7
    { 0x01E8, 27 }, // U+01E8
    { 0x01E9, 53 }, // U+01E9
    { 0x01EA, 21 }, // U+01EA
    { 0x01EB, 44 }, // U+01EB
    { 0x01EC, 21 }, // U+01EC
    { 0x01ED, 44 }, // U+01ED
    { 0x01EF, 86 }, // U+01EF
    { 0x01F0, 81 }, // U+01F0
    { 0x01F1, 40 }, // U+01F1
    { 0x01F2, 62 }, // U+01F2
    { 0x01F3, 62 }, // U+01F3
    { 0x01F4, 24 }, // U+01F4
    { 0x01F5, 49 }, // U+01F5
    { 0x01F8, 30 }, // U+01F8
    { 0x01F9, 50 }, // U+01F9
    { 0x01FA, 18 }, // U+01FA
    { 0x01FB, 43 }, // U+01FB
    { 0x01FC, 22 }, // U+01FC
    { 0x01FD, 47 }, // U+01FD
    { 0x01FE, 87 }, // U+01FE
    { 0x01FF, 44 }, // U+01FF
    { 0x0200, 18 }, // U+0200
    { 0x0201, 43 }, // U+0201
    { 0x0202, 18 }, // U+0202
    { 0x0203, 43 }, // U+0203
    { 0x0204, 22 }, // U+0204
    { 0x0205, 47 }, // U+0205
    { 0x0206, 22 }, // U+0206
    { 0x0207, 47 }, // U+0207
    { 0x0208, 25 }, // U+0208
    { 0x0209, 71 }, // U+0209
    { 0x020A, 25 }, // U+020A
    { 0x020B, 71 }, // U+020B
    { 0x020C, 21 }, // U+020C
    { 0x020D, 44 }, // U+020D
    { 0x020E, 21 }, // U+020E
    { 0x020F, 44 }, // U+020F
    { 0x0210, 33 }, // U+0210
    { 0x0211, 56 }, // U+0211
    { 0x0212, 33 }, // U+0212
    { 0x0213, 56 }, // U+0213
    { 0x0214, 36 }, // U+0214
    { 0x0215, 59 }, // U+0215
    { 0x0216, 36 }, // U+0216
    { 0x0217, 59 }, // U+0217
    { 0x0218, 34 }, // U+0218
    { 0x0219, 57 }, // U+0219
    { 0x021A, 35 }, // U+021A
    { 0x021B, 58 }, // U+021B
    { 0x021C, 19 }, // U+021C
    { 0x021D, 88 }, // U+021D
    { 0x021E, 25 }, // U+021E
    { 0x021F, 50 }, // U+021F
    { 0x2010, 6 }, // U+2010
    { 0x2011, 6 }, // U+2011
    { 0x2013, 6 }, // U+2013
    { 0x2014, 6 }, // U+2014
    { 0x2015, 6 }, // U+2015
    { 0x2018, 89 }, // U+2018
    { 0x2019, 90 }, // U+2019
    { 0x201A, 5 }, // U+201A
    { 0x201B, 89 }, // U+201B
    { 0x201C, 89 }, // U+201C
    { 0x201D, 90 }, // U+201D
    { 0x201E, 5 }, // U+201E
    { 0x201F, 89 }, // U+201F
    { 0x2025, 5 }, // U+2025
    { 0x2026, 5 }, // U+2026
    { 0x2039, 65 }, // U+2039
    { 0x203A, 66 }, // U+203A
    { 0x2212, 4 }, // U+2212
    { 0x2217, 4 }, // U+2217
    { 0x2248, 4 }, // U+2248
    { 0x2260, 4 }, // U+2260
    { 0xFB00, 48 }, // U+FB00
    { 0xFB01, 51 }, // U+FB01
    { 0xFB02, 54 }, // U+FB02
    { 0xFB03, 51 }, // U+FB03
    { 0xFB04, 54 }, // U+FB04
    { 0xFB05, 58 }, // U+FB05
    { 0xFB06, 58 }, // U+FB06
};

static const EpdKernClassEntry bookerly_10_regularKernRightClasses[] = {
    { 0x0021, 1 }, // !
    { 0x0022, 2 }, // "
    { 0x0027, 2 }, // '
    { 0x0029, 3 }, // )
    { 0x002A, 4 }, // *
    { 0x002B, 5 }, // +
    { 0x002C, 6 }, // ,
    { 0x002D, 7 }, // -
    { 0x002E, 8 }, // .
    { 0x002F, 9 }, // /
    { 0x0030, 10 }, // 0
    { 0x0031, 11 }, // 1
    { 0x0032, 12 }, // 2
    { 0x0033, 13 }, // 3
    { 0x0034, 14 }, // 4
    { 0x0035, 15 }, // 5
    { 0x0036, 16 }, // 6
    { 0x0037, 17 }, // 7
    { 0x0038, 18 }, // 8
    { 0x003A, 19 }, // :
    { 0x003B, 20 }, // ;
    { 0x003C, 5 }, // <
    { 0x003D, 5 }, // =
    { 0x003E, 5 }, // >
    { 0x003F, 21 }, // ?
    { 0x0041, 22 }, // A
    { 0x0042, 23 }, // B
    { 0x0043, 24 }, // C
    { 0x0044, 23 }, // D
    { 0x0045, 23 }, // E
    { 0x0046, 23 }, // F
    { 0x0047, 24 }, // G
    { 0x0048, 23 }, // H
    { 0x0049, 23 }, // I
    { 0x004A, 25 }, // J
    { 0x004B, 23 }, // K
    { 0x004C, 23 }, // L
    { 0x004D, 26 }, // M
    { 0x004E, 23 }, // N
    { 0x004F, 24 }, // O
    { 0x0050, 23 }, // P
    { 0x0051, 24 }, // Q
    { 0x0052, 23 }, // R
    { 0x0053, 27 }, // S
    { 0x0054, 28 }, // T
    { 0x0055, 29 }, // U
    { 0x0056, 30 }, // V
    { 0x0057, 30 }, // W
    { 0x0058, 31 }, // X
    { 0x0059, 32 }, // Y
    { 0x005A, 33 }, // Z
    { 0x005C, 34 }, // <backslash>
    { 0x005D, 35 }, // ]
    { 0x0061, 36 }, // a
    { 0x0062, 37 }, // b
    { 0x0063, 38 }, // c
    { 0x0064, 38 }, // d
    { 0x0065, 38 }, // e
    { 0x0066, 39 }, // f
    { 0x0067, 40 }, // g
    { 0x0068, 41 }, // h
    { 0x0069, 42 }, // i
    { 0x006A, 43 }, // j
    { 0x006B, 41 }, // k
    { 0x006C, 41 }, // l
    { 0x006D, 44 }, // m
    { 0x006E, 44 }, // n
    { 0x006F, 38 }, // o
    { 0x0070, 45 }, // p
    { 0x0071, 38 }, // q
    { 0x0072, 44 }, // r
    { 0x0073, 46 }, // s
    { 0x0074, 47 }, // t
    { 0x0075, 48 }, // u
    { 0x0076, 49 }, // v
    { 0x0077, 49 }, // w
    { 0x0078, 50 }, // x
    { 0x0079, 51 }, // y
    { 0x007A, 52 }, // z
    { 0x007D, 53 }, // }
    { 0x007E, 5 }, // ~
    { 0x00AB, 54 }, // U+00AB
    { 0x00AD, 7 }, // U+00AD
    { 0x00B0, 55 }, // U+00B0
    { 0x00BB, 56 }, // U+00BB
    { 0x00BF, 57 }, // U+00BF
    { 0x00C0, 22 }, // U+00C0
    { 0x00C1, 22 }, // U+00C1
    { 0x00C2, 22 }, // U+00C2
    { 0x00C3, 22 }, // U+00C3
    { 0x00C4, 22 }, // U+00C4
    { 0x00C5, 22 }, // U+00C5
    { 0x00C6, 58 }, // U+00C6
    { 0x00C7, 24 }, // U+00C7
    { 0x00C8, 23 }, // U+00C8
    { 0x00C9, 23 }, // U+00C9
    { 0x00CA, 23 }, // U+00CA
    { 0x00CB, 23 }, // U+00CB
    { 0x00CC, 23 }, // U+00CC
    { 0x00CD, 23 }, // U+00CD
    { 0x00CE, 23 }, // U+00CE
    { 0x00CF, 23 }, // U+00CF
    { 0x00D0, 23 }, // U+00D0
    { 0x00D1, 23 }, // U+00D1
    { 0x00D2, 24 }, // U+00D2
    { 0x00D3, 24 }, // U+00D3
    { 0x00D4, 24 }, // U+00D4
    { 0x00D5, 24 }, // U+00D5
    { 0x00D6, 24 }, // U+00D6
    { 0x00D7, 5 }, // U+00D7
    { 0x00D8, 59 }, // U+00D8
    { 0x00D9, 29 }, // U+00D9
    { 0x00DA, 29 }, // U+00DA
    { 0x00DB, 29 }, // U+00DB
    { 0x00DC, 29 }, // U+00DC
    { 0x00DD, 32 }, // U+00DD
    { 0x00DE, 23 }, // U+00DE
    { 0x00DF, 60 }, // U+00DF
    { 0x00E0, 36 }, // U+00E0
    { 0x00E1, 36 }, // U+00E1
    { 0x00E2, 36 }, // U+00E2
    { 0x00E3, 61 }, // U+00E3
    { 0x00E4, 62 }, // U+00E4
    { 0x00E5, 36 }, // U+00E5
    { 0x00E6, 36 }, // U+00E6
    { 0x00E7, 38 }, // U+00E7
    { 0x00E8, 38 }, // U+00E8
    { 0x00E9, 38 }, // U+00E9
    { 0x00EA, 38 }, // U+00EA
    { 0x00EB, 63 }, // U+00EB
    { 0x00EC, 64 }, // U+00EC
    { 0x00ED, 42 }, // U+00ED
    { 0x00EE, 65 }, // U+00EE
    { 0x00EF, 66 }, // U+00EF
    { 0x00F0, 38 }, // U+00F0
    { 0x00F1, 44 }, // U+00F1
    { 0x00F2, 38 }, // U+00F2
    { 0x00F3, 38 }, // U+00F3
    { 0x00F4, 38 }, // U+00F4
    { 0x00F5, 38 }, // U+00F5
    { 0x00F6, 38 }, // U+00F6
    { 0x00F7, 5 }, // U+00F7
    { 0x00F8, 67 }, // U+00F8
    { 0x00F9, 48 }, // U+00F9
    { 0x00FA, 48 }, // U+00FA
    { 0x00FB, 48 }, // U+00FB
    { 0x00FC, 48 }, // U+00FC
    { 0x00FD, 51 }, // U+00FD
    { 0x00FE, 68 }, // U+00FE
    { 0x00FF, 51 }, // U+00FF
    { 0x0100, 22 }, // U+0100
    { 0x0101, 69 }, // U+0101
    { 0x0102, 22 }, // U+0102
    { 0x0103, 70 }, // U+0103
    { 0x0104, 22 }, // U+0104
    { 0x0105, 36 }, // U+0105
    { 0x0106, 24 }, // U+0106
    { 0x0107, 38 }, // U+0107
    { 0x0108, 24 }, // U+0108
    { 0x0109, 38 }, // U+0109
    { 0x010A, 24 }, // U+010A
    { 0x010B, 38 }, // U+010B
    { 0x010C, 24 }, // U+010C
    { 0x010D, 38 }, // U+010D
    { 0x010E, 23 }, // U+010E
    { 0x010F, 38 }, // U+010F
    { 0x0110, 23 }, // U+0110
    { 0x0111, 38 }, // U+0111
    { 0x0112, 23 }, // U+0112
    { 0x0113, 71 }, // U+0113
    { 0x0114, 23 }, // U+0114
    { 0x0115, 71 }, // U+0115
    { 0x0116, 23 }, // U+0116
    { 0x0117, 38 }, // U+0117
    { 0x0118, 23 }, // U+0118
    { 0x0119, 38 }, // U+0119
    { 0x011A, 23 }, // U+011A
    { 0x011B, 38 }, // U+011B
    { 0x011C, 24 }, // U+011C
    { 0x011D, 40 }, // U+011D
    { 0x011E, 24 }, // U+011E
    { 0x011F, 40 }, // U+011F
    { 0x0120, 24 }, // U+0120
    { 0x0121, 40 }, // U+0121
    { 0x0122, 24 }, // U+0122
    { 0x0123, 40 }, // U+0123
    { 0x0124, 23 }, // U+0124
    { 0x0125, 41 }, // U+0125
    { 0x0126, 23 }, // U+0126
    { 0x0127, 72 }, // U+0127
    { 0x0128, 23 }, // U+0128
    { 0x0129, 66 }, // U+0129
    { 0x012A, 23 }, // U+012A
    { 0x012B, 66 }, // U+012B
    { 0x012C, 23 }, // U+012C
    { 0x012D, 66 }, // U+012D
    { 0x012E, 23 }, // U+012E
    { 0x012F, 42 }, // U+012F
    { 0x0130, 23 }, // U+0130
    { 0x0131, 42 }, // U+0131
    { 0x0132, 23 }, // U+0132
    { 0x0133, 42 }, // U+0133
    { 0x0134, 25 }, // U+0134
    { 0x0135, 73 }, // U+0135
    { 0x0136, 23 }, // U+0136
    { 0x0137, 41 }, // U+0137
    { 0x0138, 44 }, // U+0138
    { 0x0139, 23 }, // U+0139
    { 0x013A, 41 }, // U+013A
    { 0x013B, 23 }, // U+013B
    { 0x013C, 41 }, // U+013C
    { 0x013D, 23 }, // U+013D
    { 0x013E, 41 }, // U+013E
    { 0x013F, 23 }, // U+013F
    { 0x0140, 41 }, // U+0140
    { 0x0141, 23 }, // U+0141
    { 0x0142, 74 }, // U+0142
    { 0x0143, 23 }, // U+0143
    { 0x0144, 44 }, // U+0144
    { 0x0145, 23 }, // U+0145
    { 0x0146, 44 }, // U+0146
    { 0x0147, 23 }, // U+0147
    { 0x0148, 44 }, // U+0148
    { 0x0149, 44 }, // U+0149
    { 0x014A, 23 }, // U+014A
    { 0x014B, 44 }, // U+014B
    { 0x014C, 24 }, // U+014C
    { 0x014D, 38 }, // U+014D
    { 0x014E, 24 }, // U+014E
    { 0x014F, 38 }, // U+014F
    { 0x0150, 24 }, // U+0150
    { 0x0151, 38 }, // U+0151
    { 0x0152, 24 }, // U+0152
    { 0x0153, 38 }, // U+0153
    { 0x0154, 23 }, // U+0154
    { 0x0155, 44 }, // U+0155
    { 0x0156, 23 }, // U+0156
    { 0x0157, 44 }, // U+0157
    { 0x0158, 23 }, // U+0158
    { 0x0159, 75 }, // U+0159
    { 0x015A, 27 }, // U+015A
    { 0x015B, 46 }, // U+015B
    { 0x015C, 27 }, // U+015C
    { 0x015D, 46 }, // U+015D
    { 0x015E, 27 }, // U+015E
    { 0x015F, 46 }, // U+015F
    { 0x0160, 27 }, // U+0160
    { 0x0161, 76 }, // U+0161
    { 0x0162, 28 }, // U+0162
    { 0x0163, 47 }, // U+0163
    { 0x0164, 28 }, // U+0164
    { 0x0165, 47 }, // U+0165
    { 0x0166, 28 }, // U+0166
    { 0x0167, 47 }, // U+0167
    { 0x0168, 29 }, // U+0168
    { 0x0169, 48 }, // U+0169
    { 0x016A, 29 }, // U+016A
    { 0x016B, 48 }, // U+016B
    { 0x016C, 29 }, // U+016C
    { 0x016D, 48 }, // U+016D
    { 0x016E, 29 }, // U+016E
    { 0x016F, 48 }, // U+016F
    { 0x0170, 29 }, // U+0170
    { 0x0171, 48 }, // U+0171
    { 0x0172, 29 }, // U+0172
    { 0x0173, 48 }, // U+0173
    { 0x0174, 30 }, // U+0174
    { 0x0175, 49 }, // U+0175
    { 0x0176, 32 }, // U+0176
    { 0x0177, 51 }, // U+0177
    { 0x0178, 32 }, // U+0178
    { 0x0179, 33 }, // U+0179
    { 0x017A, 52 }, // U+017A
    { 0x017B, 33 }, // U+017B
    { 0x017C, 52 }, // U+017C
    { 0x017D, 33 }, // U+017D
    { 0x017E, 77 }, // U+017E
    { 0x017F, 60 }, // U+017F
    { 0x01C4, 23 }, // U+01C4
    { 0x01C5, 23 }, // U+01C5
    { 0x01C6, 38 }, // U+01C6
    { 0x01C7, 23 }, // U+01C7
    { 0x01C8, 23 }, // U+01C8
    { 0x01C9, 41 }, // U+01C9
    { 0x01CA, 23 }, // U+01CA
    { 0x01CB, 23 }, // U+01CB
    { 0x01CC, 44 }, // U+01CC
    { 0x01CD, 22 }, // U+01CD
    { 0x01CE, 36 }, // U+01CE
    { 0x01CF, 23 }, // U+01CF
    { 0x01D0, 66 }, // U+01D0
    { 0x01D1, 24 }, // U+01D1
    { 0x01D2, 38 }, // U+01D2
    { 0x01D3, 29 }, // U+01D3
    { 0x01D4, 48 }, // U+01D4
    { 0x01D5, 29 }, // U+01D5
    { 0x01D6, 48 }, // U+01D6
    { 0x01D7, 29 }, // U+01D7
    { 0x01D8, 48 }, // U+01D8
    { 0x01D9, 29 }, // U+01D9
    { 0x01DA, 48 }, // U+01DA
    { 0x01DB, 29 }, // U+01DB
    { 0x01DC, 48 }, // U+01DC
    { 0x01DD, 78 }, // U+01DD
    { 0x01DE, 22 }, // U+01DE
    { 0x01DF, 36 }, // U+01DF
    { 0x01E0, 22 }, // U+01E0
    { 0x01E1, 36 }, // U+01E1
    { 0x01E2, 58 }, // U+01E2
    { 0x01E3, 36 }, // U+01E3
    { 0x01E4, 24 }, // U+01E4
    { 0x01E5, 79 }, // U+01E5
    { 0x01E6, 24 }, // U+01E6
    { 0x01E7, 40 }, // U+01E7
    { 0x01E8, 23 }, // U+01E8
    { 0x01E9, 41 }, // U+01E9
    { 0x01EA, 24 }, // U+01EA
    { 0x01EB, 38 }, // U+01EB
    { 0x01EC, 24 }, // U+01EC
    { 0x01ED, 38 }, // U+01ED
    { 0x01EE, 80 }, // U+01EE
    { 0x01EF, 81 }, // U+01EF
    { 0x01F1, 23 }, // U+01F1
    { 0x01F2, 23 }, // U+01F2
    { 0x01F3, 38 }, // U+01F3
    { 0x01F4, 24 }, // U+01F4
    { 0x01F5, 40 }, // U+01F5
    { 0x01F8, 23 }, // U+01F8
    { 0x01F9, 44 }, // U+01F9
    { 0x01FA, 22 }, // U+01FA
    { 0x01FB, 36 }, // U+01FB
    { 0x01FC, 58 }, // U+01FC
    { 0x01FD, 36 }, // U+01FD
    { 0x01FE, 82 }, // U+01FE
    { 0x01FF, 38 }, // U+01FF
    { 0x0200, 22 }, // U+0200
    { 0x0201, 36 }, // U+0201
    { 0x0202, 22 }, // U+0202
    { 0x0203, 36 }, // U+0203
    { 0x0204, 23 }, // U+0204
    { 0x0205, 38 }, // U+0205
    { 0x0206, 23 }, // U+0206
    { 0x0207, 38 }, // U+0207
    { 0x0208, 23 }, // U+0208
    { 0x0209, 66 }, // U+0209
    { 0x020A, 23 }, // U+020A
    { 0x020B, 66 }, // U+020B
    { 0x020C, 24 }, // U+020C
    { 0x020D, 38 }, // U+020D
    { 0x020E, 24 }, // U+020E
    { 0x020F, 38 }, // U+020F
    { 0x0210, 23 }, // U+0210
    { 0x0211, 44 }, // U+0211
    { 0x0212, 23 }, // U+0212
    { 0x0213, 44 }, // U+0213
    { 0x0214, 29 }, // U+0214
    { 0x0215, 48 }, // U+0215
    { 0x0216, 29 }, // U+0216
    { 0x0217, 48 }, // U+0217
    { 0x0218, 27 }, // U+0218
    { 0x0219, 46 }, // U+0219
    { 0x021A, 28 }, // U+021A
    { 0x021B, 47 }, // U+021B
    { 0x021C, 83 }, // U+021C
    { 0x021D, 84 }, // U+021D
    { 0x021E, 23 }, // U+021E
    { 0x021F, 41 }, // U+021F
    { 0x2010, 7 }, // U+2010
    { 0x2011, 7 }, // U+2011
    { 0x2013, 7 }, // U+2013
    { 0x2014, 7 }, // U+2014
    { 0x2015, 7 }, // U+2015
    { 0x2018, 85 }, // U+2018
    { 0x2019, 86 }, // U+2019
    { 0x201A, 8 }, // U+201A
    { 0x201B, 85 }, // U+201B
    { 0x201C, 85 }, // U+201C
    { 0x201D, 86 }, // U+201D
    { 0x201E, 8 }, // U+201E
    { 0x201F, 85 }, // U+201F
    { 0x2025, 8 }, // U+2025
    { 0x2026, 8 }, // U+2026
    { 0x2039, 54 }, // U+2039
    { 0x203A, 56 }, // U+203A
    { 0x203C, 1 }, // U+203C
    { 0x2047, 21 }, // U+2047
    { 0x2048, 21 }, // U+2048
    { 0x2049, 1 }, // U+2049
    { 0x2212, 5 }, // U+2212
    { 0x2217, 5 }, // U+2217
    { 0x2248, 5 }, // U+2248
    { 0x2260, 5 }, // U+2260
    { 0xFB00, 39 }, // U+FB00
    { 0xFB01, 39 }, // U+FB01
    { 0xFB02, 39 }, // U+FB02
    { 0xFB03, 39 }, // U+FB03
    { 0xFB04, 39 }, // U+FB04
    { 0xFB05, 39 }, // U+FB05
    { 0xFB06, 46 }, // U+FB06
};

static const int8_t bookerly_10_regularKernMatrix[] = {
       0,    0,    0,    0,    0,    0,    0,    0,    0,    0,    0,    0,    0,  -17,    0,    0,    0,    0,    0,    0,    0,  -17,    0,    0,    0,    0,    0,    0,    0,    0,    0,    0,    0,    0,    0,    0,    0,    0,    0,  -13,    0,    0,    0,    0,    0,    0,   13,    0,    0,    0,    0,    0,    0,    0,    0,    0,    0,    0,    0,    0,    0,    0,    0,    0,    0,    0,    0,    0,    0,    0,    0,    0,    0,    0,    0,    0,    0,    0,  -13,    0,    0,    0,    0,    0,    0,    0,
       0,    0,    0,    0,    0,    0,    0,    0,    0,    0,    0,    0,    0,    0,    0,    0,    0,    0,    0,    0,    0,    0,    0,  -10,   17,    0,    0,    0,    0,    0,    0,    0,    0,    0,    0,   -7,    0,   -7,    0,    0,    0,    0,   17,    0,    0,    0,    0,    0,    7,    0,    7,    0,    0,    0,    0,    0,    0,    0,  -10,    0,   -7,   -7,   -7,    0,    7,    7,   -7,    0,   -7,   -7,   -7,    0,   17,    0,    0,    0,    0,    0,    0,    0,    0,  -10,    0,    0,    0,    0,
       0,    0,    0,    0,    0,    0,    0,    0,    0,    0,    0,    0,    0,    0,    0,    0,    0,    0,    0,    0,    0,  -27,    0,    0,    0,    0,    0,    0,    0,   13,   13,    0,    0,    0,    0,    0,    0,   -7,    0,  -10,    0,    0,    0,    0,    0,    0,    0,    0,    0,    0,    0,    0,    0,    0,    0,    0,    0,  -45,    0,    0,    0,    0,   -7,    0,    0,    0,   -7,    0,    0,    0,   -7,    0,    0,    0,    0,    0,    0,    0,  -10,    0,    0,    0,    0,    0,    0,    0,
       0,    0,    0,    0,    0,    0,    0,    0,    0,    0,  -10,   -7,  -10,  -10,    0,    0,   -7,    0,    0,    0,    0,    0,    0,    0,    0,    0,    0,    0,    0,    0,    0,    0,    0,    0,    0,    0,    0,    0,    0,    0,    0,    0,    0,    0,    0,    0,    0,    0,    0,    0,    0,    0,    0,    0,    0,    0,    0,    0,    0,    0,    0,    0,    0,    0,    0,    0,    0,    0,    0,    0,    0,    0,    0,    0,    0,    0,    0,    0,    0,    0,    0,    0,    0,    0,    0,    0,
       0,    0,    0,    0,    0,    0,    0,    0,    0,   -7,    0,    0,    0,   -7,    0,   -7,  -13,    0,    0,    0,    0,   10,    0,  -13,   10,    0,    0,  -23,  -13,  -30,    0,  -27,    0,    0,    0,    0,   -5,   -5,    0,    0,    0,    0,    0,   -3,   -5,    0,  -10,  -13,  -20,    0,  -20,    0,    0,    0,    0,    0,    0,    0,  -13,    0,    0,    0,   -5,    0,    0,    0,   -5,    0,    0,    0,   -5,    0,   -7,    0,   -3,    0,    0,    0,    0,    0,    0,  -13,    0,    0,  -27,  -13,
       0,    0,    0,    0,    0,    0,    0,    0,    0,    0,    0,    0,    0,    0,    0,    0,    0,    0,    0,    0,    0,  -10,    0,    0,   -7,    0,    0,  -13,    0,  -17,    0,  -17,    0,    0,    0,    0,    0,    0,    0,    0,    0,    0,    0,    0,    0,    0,    0,    0,   -5,    0,   -5,    0,    0,    0,    0,    0,    0,  -10,    0,    0,    0,    0,    0,    0,    0,    0,    0,    0,    0,    0,    0,    0,    0,    0,    0,    0,    0,    0,    0,    0,    0,    0,  -10,    0,    0,    0,
       0,    0,    0,    0,    0,    0,    0,    0,    0,  -13,    0,    0,    0,  -30,   -8,  -17,    0,  -10,    0,    0,    0,  -33,    0,  -13,    0,    0,  -10,    0,    0,    0,    0,    0,   -7,    0,    0,  -33,    0,  -30,  -13,  -27,    0,    0,    0,  -17,  -17,  -30,    0,  -10,   -7,  -13,   -7,  -13,    0,    0,    0,    0,    0,  -47,  -13,    0,  -33,  -33,  -30,    0,   13,   13,  -30,    0,  -33,  -33,  -30,    0,    0,    0,  -17,  -30,  -13,    0,  -27,    0,  -10,  -13,    0,  -23,    0,    0,
       0,    0,    0,    0,    0,   -7,    0,   -7,    0,    0,    0,    0,    0,    0,    0,    0,    0,    0,    0,    0,    0,    0,    0,    0,    0,    0,    0,    0,    0,    0,    0,    0,    0,    0,    0,    0,    0,    0,    0,    0,    0,    0,    0,    0,    0,    0,    0,    0,    0,    0,    0,    0,    0,    0,   -7,    0,    0,    0,    0,    0,    0,    0,    0,    0,    0,    0,    0,    0,    0,    0,    0,    0,    0,    0,    0,    0,    0,    0,    0,    0,    0,    0,    0,    0,    0,    0,
       0,    0,    0,    0,    0,    0,    0,    0,    0,    0,    0,    0,    0,  -10,    0,    0,   -7,    0,    0,    0,    0,    0,    0,    0,    0,    0,    0,    0,    0,    0,    0,    0,    0,    0,    0,    0,    0,    0,    0,    0,    0,    0,    0,    0,    0,    0,    0,    0,    0,    0,    0,    0,    0,    0,  -20,    0,    0,    0,    0,    0,    0,    0,    0,    0,    0,    0,    0,    0,    0,    0,    0,    0,    0,    0,    0,    0,    0,    0,    0,    0,    0,    0,    0,    0,  -10,    0,
       0,    0,    0,    0,    0,    0,    0,    0,    0,    0,    0,    0,    0,    0,    0,    0,    0,    0,    0,    0,    0,    0,    0,    0,    0,    0,    0,    0,    0,    0,    0,    0,    0,    0,    0,    0,    0,    0,    0,    0,    0,    0,    0,    0,    0,    0,    0,    0,    0,    0,    0,    0,    0,    0,   -7,    0,    0,    0,    0,    0,    0,    0,    0,    0,    0,    0,    0,    0,    0,    0,    0,    0,    0,    0,    0,    0,    0,    0,    0,    0,    0,    0,    0,    0,    0,    0,
       0,    0,    0,    0,    0,   -7,    0,   -7,    0,    0,    0,    0,    0,    0,    0,    0,    0,    0,    0,    0,    0,    0,    0,    0,    0,    0,    0,    0,    0,    0,    0,    0,    0,    0,    0,    0,    0,    0,    0,    0,    0,    0,    0,    0,    0,    0,    0,    0,    0,    0,    0,    0,    0,    0,  -13,    0,    0,    0,    0,    0,    0,    0,    0,    0,    0,    0,    0,    0,    0,    0,    0,    0,    0,    0,    0,    0,    0,    0,    0,    0,    0,    0,    0,    0,    0,    0,
       0,    0,    0,    0,    0,    0,    0,    0,    0,    0,    0,    0,    0,    0,    0,    0,   -7,    0,    0,    0,    0,    0,    0,    0,    0,    0,    0,    0,    0,    0,    0,    0,    0,  -10,    0,    0,    0,    0,    0,    0,    0,    0,    0,    0,    0,    0,    0,    0,    0,    0,    0,    0,    0,    0,  -20,    0,    0,    0,    0,    0,    0,    0,    0,    0,    0,    0,    0,    0,    0,    0,    0,    0,    0,    0,    0,    0,    0,    0,    0,    0,    0,    0,    0,    0,   -7,    0,
       0,    0,    0,    0,  -10,  -23,    0,  -23,  -30,    0,   10,    0,    0,  -17,    0,   -7,    0,   -7,   -7,   -7,    0,    0,    0,    0,    0,    0,    0,    0,    0,    0,    0,    0,    0,    0,    0,    0,    0,    0,    0,    0,    0,    0,    0,    0,    0,    0,    0,    0,    0,    0,    0,    0,    0,    0,    0,    0,    0,    0,    0,    0,    0,    0,    0,    0,    0,    0,    0,    0,    0,    0,    0,    0,    0,    0,    0,    0,    0,    0,    0,    0,    0,    0,    0,    0,    0,    0,
       0,    0,    0,    0,    0,    0,    0,    0,    0,    0,    0,    0,    0,   -7,    0,    0,    0,    0,    0,    0,    0,    0,    0,    0,    0,    0,    0,    0,    0,    0,    0,    0,    0,    0,    0,    0,    0,    0,    0,    0,    0,    0,    0,    0,    0,    0,    0,    0,    0,    0,    0,    0,    0,    0,  -10,    0,    0,    0,    0,    0,    0,    0,    0,    0,    0,    0,    0,    0,    0,    0,    0,    0,    0,    0,    0,    0,    0,    0,    0,    0,    0,    0,    0,    0,    0,    0,
       0,    0,    0,    0,    0,  -13,    0,  -13,  -13,    0,    0,   -3,    0,   -7,   -7,    0,   -3,    0,    0,    0,    0,    0,    0,    0,    0,    0,    0,    0,    0,    0,    0,    0,    0,    0,    0,    0,    0,    0,    0,    0,    0,    0,    0,    0,    0,    0,    0,    0,    0,    0,    0,    0,    0,    0,  -13,    0,    0,    0,    0,    0,    0,    0,    0,    0,    0,    0,    0,    0,    0,    0,    0,    0,    0,    0,    0,    0,    0,    0,    0,    0,    0,    0,    0,    0,    0,    0,
       0,    0,    0,    0,    0,    0,    0,    0,    0,    0,    0,    0,    0,    0,    0,    0,    0,    0,    0,    0,    0,    0,    0,    0,    0,    0,    0,    0,    0,   -5,    0,   -5,    0,    0,    0,    0,    0,    0,    0,    0,    0,    0,    0,    0,    0,    0,    0,    0,    0,    0,    0,    0,    0,    0,    0,    0,    0,    0,    0,    0,    0,    0,    0,    0,    0,    0,    0,    0,    0,    0,    0,    0,    0,    0,    0,    0,    0,    0,    0,    0,    0,    0,    0,    0,    0,    0,
       0,    0,    0,    0,    0,    0,    0,    0,    0,    0,    0,    0,    0,    0,    0,    0,    0,    0,    0,    0,    0,    0,    0,    0,    0,    0,    0,    0,    0,    0,    0,   -7,    0,    0,    0,    0,    0,    0,    0,    0,    0,    0,    0,    0,    0,    0,    0,    0,    0,    0,    0,    0,    0,    0,    0,    0,    0,    0,    0,    0,    0,    0,    0,    0,    0,    0,    0,    0,    0,    0,    0,    0,    0,    0,    0,    0,    0,    0,    0,    0,    0,    0,   -7,    0,    0,    0,
       0,  -17,    0,  -27,    0,    0,  -10,    0,    7,    0,    0,    0,    0,    0,    0,    0,    0,    0,    0,    0,  -18,    8,    0,   -6,    0,    7,    0,  -33,  -20,  -37,    7,  -35,    3,  -33,    0,    0,   -5,    0,    0,    0,    0,    0,    0,    0,    0,    0,   -5,   -7,  -22,    7,  -22,    0,    0,  -10,    0,    0,    0,   10,   -1,    0,    0,    0,    0,    0,    0,    0,    0,    0,    0,    0,    0,    0,    0,    0,    0,    0,    0,    0,    0,    0,    0,   -1,    0,    0,  -30,  -23,
       0,    0,    0,    0,    0,   -5,    0,   -5,    0,    0,    0,    0,    0,    0,    0,    0,    0,    0,    0,    0,    0,   -3,    0,    0,    0,    0,    0,   -5,    0,   -8,   -5,   -7,    0,  -13,    0,    0,    0,    8,    0,    0,    0,    0,    7,    0,    0,    0,    0,    0,    0,    0,    0,    0,    0,    0,    0,    0,    0,   -8,    0,    0,    0,    0,    8,    0,    0,    0,    8,    0,    0,    0,    8,    0,    0,    0,    0,    0,    0,    0,    0,    0,    0,    0,   -7,    0,    0,    0,
       0,    0,    0,    0,    0,    0,   -7,    0,    0,    0,    0,    0,    0,    0,    0,    0,    0,    0,    0,    0,    0,    0,    0,   -8,    0,    0,    0,    0,    0,    0,    0,    0,    0,    0,    0,   -5,    0,   -5,    0,   -5,    0,    0,    0,    0,    0,   -7,    0,   -3,   -4,    0,   -4,    0,    0,    0,    0,    0,    0,    0,   -8,    0,   -5,   -5,   -5,    0,    0,    0,   -5,    0,   -5,   -5,   -5,    0,    0,    0,    0,   -7,    0,    0,   -5,    0,    0,   -8,    0,    0,    0,    0,
       0,    0,  -10,    0,    0,  -13,    0,  -13,  -13,    0,    0,    0,    0,    0,    0,    0,    0,    0,    0,    0,    0,  -10,   -5,    0,   -7,   -3,    0,    0,   -5,   -7,  -10,  -13,   -3,  -10,    0,    0,    0,    0,    0,   -3,    0,    0,    0,    0,    0,    0,   10,    0,    0,    0,    0,    0,    0,    0,    0,    0,    0,  -23,    0,   -7,    0,    0,    0,    0,    0,    0,    0,    0,    0,    0,    0,    0,    0,    0,    0,    0,    0,    0,   -3,   -3,    0,    0,    0,    0,    0,    0,
       0,    0,    0,    0,    0,    0,    0,    0,    0,    0,    0,    0,    0,    0,    0,    0,    0,    0,    0,    0,    0,    0,    0,    0,    0,    0,    0,    0,    0,    0,    0,    0,    0,    0,    0,    0,    0,    0,    0,    0,    0,    0,    0,    0,    0,    0,    0,    0,    0,    0,    0,    0,    0,    0,    0,    0,    0,    0,    0,    0,    0,    0,    0,    0,    0,    0,    0,    0,    0,    0,    0,    0,    0,    0,    0,    0,    0,    0,    0,    0,    0,    0,    0,    0,    0,    3,
       0,    0,    0,   13,    0,  -30,    0,  -30,  -28,    0,    0,    0,    0,    0,    0,    0,    0,    0,    0,    0,    0,  -30,    0,    0,    0,   -7,    0,    0,    0,    0,    0,    0,    0,    0,    0,  -10,    3,   -7,    0,  -13,    3,    0,    0,    0,    0,  -10,    0,    0,    0,    0,    0,   -7,    0,    0,    0,    0,    0,  -38,    0,    0,  -10,  -10,   -7,    0,   13,   13,   -7,    3,  -10,  -10,   -7,    3,   13,    3,    0,  -10,   -7,    0,  -13,    0,    0,    0,    0,    0,    7,    7,
       0,    0,    0,    0,    0,    0,    0,    0,    0,    0,    0,    0,    0,    0,    0,    0,    0,    0,    0,    0,    0,    0,    0,    0,    0,    0,    0,   -7,    0,   -7,    0,   -7,    0,    0,    0,    0,    0,    0,    0,   -3,    0,    0,    0,    0,    0,    0,    0,    0,    0,    0,    0,    0,    0,    0,    0,    0,    0,   -7,    0,    0,    0,    0,    0,    0,    0,    0,    0,    0,    0,    0,    0,    0,    0,    0,    0,    0,    0,    0,   -3,    0,    0,    0,    0,    0,    0,    0,
       0,    0,    0,    0,    0,    0,    0,    0,    0,    0,    0,    0,    0,    0,    0,    0,    0,    0,    0,    0,    0,    0,    0,   -5,    0,    0,    0,    0,    0,    0,    0,    0,    0,    0,    0,    0,    0,   -5,    0,    0,    0,    0,    0,    0,    0,    0,    0,   -4,  -10,    0,  -10,    0,    0,   -7,    0,    0,    0,    0,   -5,    0,    0,    0,   -5,    0,    7,    7,   -5,    0,    0,    0,   -5,    0,    7,    0,    0,    0,    0,    0,    0,    0,    0,   -5,    0,    0,    0,    0,
       0,    0,    0,    0,    0,  -17,   -7,  -17,  -13,    0,    0,    0,    0,    0,    0,    0,    0,    0,  -10,  -10,    0,  -13,    0,   -3,    0,    0,    0,    0,    0,    0,    0,    0,    0,    0,    0,  -10,    0,   -7,    0,   -7,    0,    0,    0,    0,    0,   -9,    0,   -3,   -5,   -7,   -5,   -5,    0,    0,    0,    0,    0,  -17,   -3,    0,  -10,  -10,   -7,    0,   10,   10,   -7,    0,  -10,  -10,   -7,    0,    0,    0,    0,   -9,   -5,    0,   -7,    0,    0,   -3,    0,    0,    0,    0,
       0,    0,    0,    0,    0,    0,  -10,    0,    0,    0,    0,    0,    0,    0,    0,    0,    0,    0,    0,    0,    0,    8,    0,  -13,    0,    7,    0,    0,    0,    0,    3,    0,    0,    0,    0,   -5,    0,   -8,    0,    0,    0,    0,    0,    0,   -3,   -4,  -10,  -12,  -20,    0,  -20,    0,    0,    0,    0,    0,    0,    3,  -13,    0,   -5,   -5,   -8,    0,   10,   10,   -8,    0,   -5,   -5,   -8,    0,   10,    0,    0,   -4,    0,    0,    0,    0,    0,  -13,    0,   -7,    0,    0,
       0,    0,    0,  -13,    0,    0,    0,    0,    0,    0,    0,    0,    0,    0,    0,    0,    0,    0,    0,    0,    0,   13,    0,    0,    0,    0,    0,  -17,   -8,  -27,    3,  -27,    0,  -37,    0,    0,    0,    0,    0,    0,    0,    0,    0,    0,    0,    0,    0,    0,  -10,    0,  -10,    0,    0,    0,    0,    0,    0,    0,    0,    0,    0,    0,    0,    0,    0,    0,    0,    0,    0,    0,    0,    0,    0,    0,    0,    0,    0,    0,    0,    0,    0,    0,    0,    0,  -13,   -7,
       0,    0,    0,    0,    0,    0,    0,    0,    0,    0,    0,    0,    0,    0,    0,    0,    0,    0,    0,    0,    0,    7,    0,   -3,    0,    0,    0,   -8,   -5,   -5,   10,   -7,    0,    0,    0,    0,    0,    0,    0,    0,    0,    0,    0,    0,    0,    0,    0,   -3,   -5,    0,   -5,    0,    0,    0,    0,    0,    0,    7,   -3,    0,    0,    0,    0,    0,   13,   13,    0,    0,    0,    0,    0,    0,    0,    0,    0,    0,    0,    0,    0,    0,    0,   -3,    0,    0,   -7,    0,
       0,    0,    0,    0,    0,  -15,   -7,  -15,    0,    0,    0,    0,    0,    0,    0,    0,    0,    0,    0,    0,    0,  -12,    0,   -5,    0,    0,    0,    0,    0,    0,    0,    0,    0,    0,    0,   -7,    0,   -5,    0,  -10,    0,    0,    0,    0,    0,   -8,    0,    0,   -5,   -3,   -5,   -3,    0,    0,    0,    0,    0,  -13,   -5,    0,   -7,   -7,   -5,    0,   13,   13,   -5,    0,   -7,   -7,   -5,    0,    0,    0,    0,   -8,   -3,    0,  -10,    0,    0,   -5,    0,  -10,    0,    0,
       0,    7,    0,   12,    0,  -33,    0,  -33,  -33,    0,    0,    0,    0,    0,    0,    0,    0,    0,    0,    0,    0,  -33,   -5,    0,    0,   -5,    0,   10,    0,    0,   -3,    0,    0,    0,    0,   -5,    0,   -5,    0,   -9,    0,    0,   10,    0,    0,   -6,    7,    8,   10,    0,   10,    0,    0,    0,    0,    0,    0,  -45,    0,    0,   -5,   -5,   -5,    0,    7,    7,   -5,    0,   -5,   -5,   -5,    0,   17,    0,    0,   -6,    0,    0,   -9,    0,    0,    0,    0,    0,    7,   10,
       0,    0,    7,    0,    0,   -3,    0,  -13,  -13,    0,    0,    0,    0,    0,    0,    0,    0,    0,    0,   10,    0,  -10,   -5,    0,   25,   -3,    0,    0,   -5,   -7,  -10,  -13,   -3,  -10,   17,    0,    0,    0,    0,    3,    0,    0,   30,    0,    0,    0,   10,    0,    0,    0,   18,    0,   23,    0,    0,    0,    0,  -23,    0,   -7,    0,    0,    0,    0,    0,    0,    0,    0,    0,    0,    0,    0,   30,    0,    0,    0,    0,    0,   15,   -3,    7,    0,    0,    0,    0,    0,
       0,    0,    0,  -10,    0,    0,  -10,    0,    0,    0,    0,    0,    0,    0,    0,    0,    0,    0,    0,    0,  -10,   13,    0,  -10,    0,   10,    0,  -17,  -12,  -22,   10,  -23,    0,    0,    0,    0,    0,    0,    0,    0,    0,    0,    0,    0,    0,    0,   -3,   -7,  -10,    7,  -10,    0,    0,    0,    0,    0,    0,   10,   -7,    0,    0,    0,    0,    0,    0,    0,    0,    0,    0,    0,    0,    0,    0,    0,    0,    0,    0,    0,    0,    0,    0,  -10,   -7,    0,  -20,  -13,
       0,    0,    0,    0,    0,   -6,    0,   -6,   -7,    0,    0,    0,    0,    0,    0,    0,    0,    0,    0,    0,    0,   -7,    0,    0,    0,    0,    0,    0,    0,   -3,   -3,   -3,    0,    0,    0,    0,    0,    0,    0,  -10,    0,    0,    0,    0,    0,    0,    0,    0,   -7,   -3,   -7,    0,    0,    0,    0,    0,    0,  -10,    0,    0,    0,    0,    0,    0,    0,    0,    0,    0,    0,    0,    0,    0,    0,    0,    0,    0,    0,    0,  -10,    0,    0,    0,    0,   -7,    0,    0,
       0,    0,    0,    0,    0,  -30,  -13,  -30,  -42,    0,    0,    0,    0,    0,    0,    0,    0,    0,  -13,  -13,    0,  -37,    0,  -10,    0,   -8,   -5,    0,    0,    0,    0,    0,   -3,    0,    0,  -18,    0,  -20,    0,  -21,    0,    0,    0,    0,    0,  -23,    0,    0,    0,    0,    0,   -7,    0,  -17,    0,   -7,    0,  -33,  -10,    0,  -18,  -18,  -20,    0,   13,   13,  -20,    0,  -18,  -18,  -20,    0,    0,    0,    0,  -23,   -7,   -7,  -21,    0,    0,  -10,    0,   -7,    7,    7,
       0,    0,    0,    0,    0,  -13,    0,  -13,  -19,    0,    0,    0,    0,    0,    0,    0,    0,    0,    0,    0,    0,  -23,    0,   -5,    0,   -5,   -5,    0,    0,    0,    0,    0,   -3,    0,    0,   -7,    0,   -5,    0,  -13,    0,    0,    0,    0,    0,   -8,    0,    0,    0,   -7,    0,   -7,    0,    0,    0,   -7,    0,  -23,   -5,  -10,   -7,   -7,   -5,    0,   13,   13,   -5,    0,   -7,   -7,   -5,    0,    0,    0,    0,   -8,   -7,    0,  -13,    0,    0,   -5,    0,    0,    0,    0,
       0,    0,    0,   13,    0,  -33,  -17,  -33,  -45,    0,    0,    0,    0,    0,    0,    0,    0,    0,   -7,   -7,    0,  -38,    0,  -13,    0,   -5,   -8,    0,    0,   10,    0,    7,    0,    0,    0,  -21,    8,  -24,   -7,  -30,    8,    0,    0,   -8,   -7,  -21,    0,   -7,   -7,  -10,   -7,  -11,    0,  -13,    0,  -10,    0,  -47,  -13,    0,  -35,  -31,  -24,    0,   20,   20,  -24,    8,  -35,  -21,  -24,    8,   20,    8,   -8,  -21,  -11,    0,  -30,    0,    0,  -13,    0,  -13,    0,    7,
       0,    0,    0,   10,    0,    0,    0,    0,    0,    0,    0,    0,    0,    0,    0,    0,    0,    0,    0,    0,    0,    7,    0,  -10,    0,    8,    0,    0,    0,    0,   10,    0,    0,    0,    0,    0,    7,    0,    0,    0,    7,    0,    0,    0,    0,    0,    0,  -10,  -15,    7,  -15,    0,    0,    0,    0,    0,    0,   10,   -3,    0,    0,    0,    0,    0,   17,   17,    0,    7,    0,    0,    0,    7,   17,    7,    0,    0,    0,    0,    0,    0,    0,   -3,    0,    0,    0,    0,
       0,    0,    0,    0,    0,  -27,  -17,  -27,  -35,    0,    0,    0,    0,    0,    0,    0,    0,    0,  -10,  -10,    0,  -34,    0,  -17,    0,   -5,   -9,    0,    0,    8,    0,    8,    0,    0,    0,  -22,    7,  -27,   -7,  -22,    7,    0,    0,  -10,   -7,  -27,    0,  -10,  -10,  -12,  -10,  -10,    0,  -17,    0,  -13,    0,  -37,  -17,    0,  -22,  -32,  -27,    0,   37,   23,  -27,    7,  -32,  -32,  -27,    7,   17,    7,  -10,  -27,  -10,  -13,  -22,    0,   -7,  -17,    0,  -13,    0,    7,
       0,    0,    0,    0,    0,    0,    0,    0,    0,    0,    0,    0,    0,    0,    0,    0,    0,    0,    0,    0,    0,    0,    0,   -3,    0,    0,    0,    0,    0,    0,    0,    0,    0,    0,    0,    0,    0,    0,    0,    0,    0,    0,    0,    0,    0,    0,    0,    0,   -3,    0,   -3,    0,    0,    0,    0,    0,    0,    0,   -3,    0,    0,    0,    0,    0,    7,    7,    0,    0,    0,    0,    0,    0,   10,    0,    0,    0,    0,    0,    0,    0,    0,   -3,    0,    0,    0,    0,
       0,    0,    0,    0,    0,    0,    0,    0,    0,    0,    0,    0,    0,    0,    0,    0,    0,    0,    0,    0,    0,    0,    0,    0,   13,    0,    0,    0,    0,    0,    0,    0,    0,    0,    0,    0,    0,    0,    0,    0,    0,    0,   14,    0,    0,    0,    0,    0,    0,    0,   17,    0,    0,    0,    0,    0,    0,    0,    0,    0,    0,    0,    0,    0,    7,    7,    0,    0,    0,    0,    0,    0,   14,    0,    0,    0,    0,    0,    0,    0,    0,    0,    0,    0,    0,    0,
       0,    0,    0,    0,    0,    0,    0,    0,    0,    0,    0,    0,    0,  -10,    0,    0,  -20,    0,    0,    0,    0,    0,    0,  -10,    0,    0,    0,  -27,  -17,  -33,    0,  -27,    0,    0,    0,    0,    0,   -7,    0,    7,    0,    0,    0,    0,    0,    0,   -7,  -10,  -10,    0,  -10,    0,    0,    0,    0,    0,    0,    0,  -10,    0,    0,    0,   -7,    0,    0,    0,   -7,    0,    0,    0,   -7,    0,    0,    0,    0,    0,    0,    0,    7,    0,    0,  -10,    0,    0,    0,    0,
       0,    0,    0,  -13,    0,    0,    0,    0,    0,    0,    0,    0,    0,    0,    0,    0,    0,    0,    0,    0,   -8,    0,    0,    0,    0,    0,    0,    0,    0,    0,    0,    0,    0,  -33,    0,    0,   -3,    0,    0,    0,    0,    0,    0,    0,    0,    0,    0,   -3,  -12,    0,  -12,    0,    0,    0,    0,    0,    0,    0,    0,    0,    0,    0,    0,    0,    0,    0,    0,   -4,    0,    0,    0,    0,    0,    0,    0,    0,    0,    0,    0,    0,   -7,    0,    0,    0,  -13,  -10,
       0,    0,   -7,   -7,    0,   -5,    0,   -5,  -13,    0,    0,    0,    0,    0,    0,    0,    0,    0,    0,    0,   -5,    0,    0,    0,    0,    0,    0,    0,    0,    0,    0,    0,    0,  -20,    0,    0,   -4,    0,    0,    0,   -4,    0,    0,    0,    0,    0,    3,    0,   -3,   -5,   -3,    0,    0,    0,    0,    0,    0,    0,    0,    0,    0,    0,    0,    0,    0,    0,    0,   -4,    0,    0,    0,   -4,    0,   13,    0,    0,    0,    0,    0,    0,    0,    0,    0,    0,  -17,   -7,
       0,    0,    0,    0,    0,    0,    0,    0,    0,    0,    0,    0,    0,    0,    0,    0,    0,    0,    0,    0,    0,    0,    0,    0,    0,    0,    0,    0,    0,    0,    0,    0,    0,  -20,    0,   -3,   -3,    0,    0,   -5,   -3,    0,    0,    0,    0,    0,    0,    0,    0,    0,    0,    0,    0,    0,    0,    0,    0,    0,    0,    0,   -3,   -3,    0,    0,    0,    0,    0,   -3,   -3,   -3,    0,   -3,    0,   -3,    0,    0,    0,    0,   -5,    0,    0,    0,    0,    0,    0,    7,
       0,    0,    0,    0,    0,    0,    0,    0,    0,    0,    0,    0,    0,    0,    0,    0,    0,    0,    0,    0,    0,    0,    0,    0,    0,    0,    0,    0,    0,    0,    0,    0,    0,    0,    0,    0,    0,    0,    0,    0,    0,    0,    0,    0,    0,    0,    0,    0,  -10,    3,  -10,    0,    0,    0,    0,    0,    0,    0,    0,    0,    0,    0,    0,    0,    0,    0,    0,    0,    0,    0,    0,    0,    0,    0,    0,    0,    0,    0,    0,    0,    0,    0,    0,    0,   -7,    0,
       0,    0,    0,    0,    0,    0,    0,    0,    0,    0,    0,    0,    0,    0,    0,    0,    0,    0,    0,    0,   -8,    0,    0,    0,    0,    0,    0,    0,    0,    0,    0,    0,    0,  -13,    0,   -3,    0,    0,    0,    0,    0,    0,    0,    0,    0,    0,    0,    0,   -3,    0,   -3,    0,    0,    0,    0,    0,    0,    0,    0,    0,   -3,   -3,    0,    0,    0,    0,    0,    0,   -3,   -3,    0,    0,    0,   10,    0,    0,    0,    0,    0,    0,    0,    0,    0,    0,   -7,    0,
      20,   34,   33,   33,    0,   -7,    0,   -7,  -10,    0,    0,    0,    0,    0,    0,    0,    0,    0,    0,    0,   18,    0,    0,    0,    0,    0,    0,    0,    0,    0,    0,    0,    0,   27,   28,   -4,    0,   -5,    0,   -3,    0,    7,   10,    0,    0,   -6,    0,    0,    7,    0,    7,    0,   33,    0,    0,    0,    0,    0,    0,    0,    2,   12,    3,   40,   70,   43,   -5,    0,    5,    1,   -2,   32,   33,    0,   13,    4,   10,    0,   -3,    0,    0,    0,    0,    0,   27,   32,
       0,   10,    0,    7,    0,    0,    0,    0,    0,    0,    0,    0,    0,    0,    0,    0,    0,    0,    0,    0,    0,    0,    0,    0,    0,    0,    0,    0,    0,    0,    0,    0,    0,  -10,    0,   -5,    0,   -3,    0,    0,    0,    0,    8,    0,    5,    0,    8,    0,    3,    0,    3,    0,    0,    0,    0,    0,    0,    0,    0,    0,   -5,   -5,   -3,    0,    0,    0,   -3,    0,   -5,   -5,   -3,    0,    8,    0,    0,    0,    0,    0,   17,    0,    0,    0,    0,    0,    5,   13,
       0,    0,    0,   -7,    0,    0,    0,    0,    0,    0,    0,    0,    0,    0,    0,    0,    0,    0,    0,    0,   -5,    0,    0,    0,    0,    0,    0,    0,    0,    0,    0,    0,    0,  -30,    0,    0,    0,    0,    0,    0,    0,    0,    0,    0,    0,    0,   -3,   -3,  -18,    0,  -18,    0,    0,    0,    0,    0,    0,    0,    0,    0,    0,    0,    0,    0,    0,    0,    0,    0,    0,    0,    0,    0,    0,    0,    0,    0,    0,    0,    0,    0,    0,    0,    0,    0,  -17,  -10,
       0,    0,    0,    0,    0,    0,    0,    0,    0,    0,    0,    0,    0,    0,    0,    0,    0,    0,    0,    0,    0,    0,    0,    0,    0,    0,    0,    0,    0,    0,    0,    0,    0,    0,    0,    0,    0,    0,    0,    0,    0,    0,    0,    0,    0,    0,    0,    0,  -12,    0,  -12,    0,    0,    0,    0,    0,    0,    0,    0,    0,    0,    0,    0,    0,    0,    0,    0,    0,    0,    0,    0,    0,    0,    0,    0,    0,    0,    0,    0,    0,    0,    0,    0,    0,  -10,    0,
       0,    0,    0,    0,    0,   -7,    0,   -7,    0,    0,    0,    0,    0,    0,    0,    0,    0,    0,    0,    0,    0,    0,    0,    0,    0,    0,    0,    0,    0,    0,    0,    0,    0,    0,    0,    0,    0,    0,    0,   -7,    0,    0,    0,    0,    0,    0,    0,    0,    0,    0,    0,    0,    0,    0,    0,    0,    0,    0,    0,    0,    0,    0,    0,    0,    0,    0,    0,    0,    0,    0,    0,    0,    0,    0,    0,    0,    0,    0,   -7,    0,    0,    0,    0,    0,    0,    0,
       0,    0,    0,    0,    0,    0,    0,    0,    0,    0,    0,    0,    0,    0,    0,    0,    0,    0,    0,    0,   -5,    0,    0,    0,    0,    0,    0,    0,    0,    0,    0,    0,    0,   -7,    0,   -5,   -7,   -7,    0,    0,    0,    0,    3,    0,    0,   -5,    0,    0,    0,    3,    0,    0,    0,    0,    0,    0,    0,    0,    0,    0,   -5,   -5,   -7,    0,    0,    0,   -3,    0,   -5,   -5,   -7,    0,    0,    0,    0,   -5,    0,    0,    0,    0,    0,    0,    0,    0,    0,    0,
       0,    0,    0,    0,    0,    0,    0,    0,    0,    0,    0,    0,    0,    0,    0,    0,    0,    0,    0,    0,   -7,    0,    0,    0,    0,    0,    0,    0,    0,    0,    0,    0,    0,    0,    0,    0,    0,    0,    0,    0,    0,    0,    0,    0,    0,    0,    0,    0,   -7,    0,   -7,    0,    0,    0,    0,    0,    0,    0,    0,    0,    0,    0,    0,    0,    0,    0,    0,    0,    0,    0,    0,    0,    0,    0,    0,    0,    0,    0,    0,    0,    0,    0,    0,    0,  -10,   -7,
       0,    0,    0,    0,    0,    0,    0,    0,    0,    0,    0,    0,    0,    0,    0,    0,    0,    0,    0,    0,   -5,    0,    0,    0,    0,    0,    0,    0,    0,    0,    0,    0,    0,  -17,    0,    0,    0,    0,    0,    0,    0,    0,   22,    0,    3,    0,    0,    0,   -7,    0,   10,    0,    0,    0,    0,    0,    0,    0,    0,    0,    0,    0,    0,    0,    0,    0,    0,    0,    0,    0,    0,    0,   22,    0,    0,    0,    0,    0,    0,    0,    0,    0,    0,    0,  -10,    0,
       0,    0,    0,    7,    0,  -20,   -7,  -20,  -20,    0,    0,    0,    0,    0,    0,    0,    0,    0,    0,    0,   -7,    0,    0,    0,    0,    0,    0,    0,    0,    0,    0,    0,    0,    0,    0,   -8,   -5,   -7,    0,  -11,   -5,    0,    0,    0,    0,   -8,    5,    0,    0,    0,    0,    0,    0,    0,    0,    0,    0,    0,    0,    0,   -8,   -8,   -7,    0,    0,    0,   -7,   -5,   -8,   -8,   -7,   -5,    0,   -5,    0,   -8,    0,    0,  -11,    0,    0,    0,    0,    0,   10,   10,
       0,    0,    0,    0,    0,   -5,    0,   -5,  -10,    0,    0,    0,    0,    0,    0,    0,    0,    0,    0,    0,   -8,    0,    0,    0,    0,    0,    0,    0,    0,    0,    0,    0,    0,  -17,    0,   -5,    0,    0,    0,   -5,    0,    0,    0,    0,    0,    0,    0,    0,   -3,   -3,   -3,    0,    0,    0,    0,    0,    0,    0,    0,    0,   -5,   -5,    0,    0,    0,    0,    0,    0,   -5,   -5,    0,    0,    0,    0,    0,    0,    0,    0,   -5,    0,    0,    0,    0,    0,   -7,    0,
       0,    0,    0,    0,    0,    0,    0,    0,    0,    0,    0,    0,    0,    0,    0,    0,    0,    0,    0,    0,    0,    0,    0,    0,    0,    0,    0,    0,    0,    0,    0,    0,    0,  -17,    0,    0,    0,    0,    0,    0,    0,    0,    0,    0,    0,    0,    0,    0,   -3,    0,   -3,    0,    0,    0,    0,    0,    0,    0,    0,    0,    0,    0,    0,    0,    0,    0,    0,    0,    0,    0,    0,    0,    0,    0,    0,    0,    0,    0,    0,    0,    0,    0,    0,    0,    5,    7,
       0,    0,    0,    0,    0,    0,    0,    0,    0,    0,    0,    0,    0,    0,    0,    0,    0,    0,    0,    0,   -8,    0,    0,    0,    0,    0,    0,    0,    0,    0,    0,    0,    0,  -20,    0,    0,    0,    0,    0,    0,    0,    0,    0,    0,    0,    0,    0,    0,   -7,    7,   -7,    0,    0,    0,    0,    0,    0,    0,    0,    0,    0,    0,    0,    0,    0,    0,    0,    0,    0,    0,    0,    0,    0,    0,    0,    0,    0,    0,    0,    0,    0,    0,    0,    0,   -7,   -7,
       0,    0,    0,   17,    0,  -27,   -5,  -27,  -18,    0,    0,    0,    0,    0,    0,    0,    0,    0,    0,    0,    0,    0,    0,    0,    0,    0,    0,    0,    0,    0,    0,    0,    0,    0,    0,   -4,   -9,   -7,    8,  -15,   -9,    3,    8,    3,    7,  -11,   10,   13,    5,    5,    5,    0,    0,    0,    0,    0,    0,    0,    0,    0,   -4,   -4,   -7,    3,    0,    0,   -7,   -9,   -4,   -4,   -7,   -9,   13,   -9,    3,  -11,    0,    0,  -15,    0,    0,    0,    0,    0,   13,   17,
       0,    0,    0,    7,    0,    0,    0,    0,    0,    0,    0,    0,    0,    0,    0,    0,    0,    0,    0,    0,    0,    0,    0,    0,    0,    0,    0,    0,    0,    0,    0,    0,    0,    0,    0,    0,    0,   -5,    0,    0,    0,    0,    0,    0,   10,    0,    7,    0,    5,    3,    5,    0,    0,    0,    0,    0,    0,    0,    0,    0,    0,    0,   -5,    0,    0,    0,   -5,    0,    0,    0,   -5,    0,    0,    0,    0,    0,    0,    0,    0,    0,    0,    0,    0,    0,   13,   17,
       0,    0,    0,    0,    0,    0,    0,    0,    0,    0,    0,    0,    0,    0,    0,    0,    0,    0,    0,    0,    0,    0,    0,    0,    0,    0,    0,    0,    0,    0,    0,    0,    0,  -17,    0,    0,    0,    0,    0,   -3,    0,    0,    0,    0,    0,    0,    0,    0,    0,    0,    0,    0,    0,    0,    0,    0,    0,    0,    0,    0,    0,    0,    0,    0,    0,    0,    0,    0,    0,    0,    0,    0,    0,    0,    0,    0,    0,    0,   -3,    0,    0,    0,    0,    0,    0,    0,
       0,    0,    0,    0,    0,    0,    0,    0,    0,    0,    0,    0,    0,    0,    0,    0,    0,    0,    0,    0,    0,    0,    0,    0,   20,    0,    0,    0,    0,    0,    0,    0,    0,    0,    0,    0,    0,    0,    0,    0,    0,    0,   17,    0,    0,    0,    0,    0,   18,    0,   18,    0,    0,    0,    0,    0,    0,    0,    0,    0,    0,    0,    0,    0,    7,    7,    0,    0,    0,    0,    0,    0,   17,    0,    0,    0,    0,    0,    0,    0,    0,    0,    0,    0,    0,    0,
       0,    0,    0,    0,    0,    0,    0,    0,    0,    0,    0,    0,    0,    0,    0,    0,    0,    0,    0,    0,    0,    0,    0,    0,   13,    0,    0,    0,    0,  -10,    0,  -13,    0,    0,    0,    0,    0,    0,    0,    0,    0,    0,   13,    0,    0,    0,    0,    0,    0,    0,    0,    0,    0,    0,    0,    0,    0,    0,    0,    0,    0,    0,    0,    0,    0,    0,    0,    0,    0,    0,    0,    0,    0,    0,    0,    0,    0,    0,    0,    0,    0,    0,    0,    0,    0,    0,
       0,    0,    0,    0,    0,    0,    0,    0,    0,    0,    0,    0,    0,    0,    0,    0,    0,    0,    0,    0,    0,    0,    0,    0,    0,    0,    0,   -7,   -7,  -10,    0,  -13,    0,    0,    0,    0,    0,    0,    0,    0,    0,    0,    0,    0,    0,    0,    0,    0,    0,    0,    0,    0,    0,    0,    0,    0,    0,    0,    0,    0,    0,    0,    0,    0,    0,    0,    0,    0,    0,    0,    0,    0,    0,    0,    0,    0,    0,    0,    0,    0,    0,    0,    0,    0,    0,    0,
       0,    0,    0,    0,    0,   -7,    0,   -7,    0,    0,    0,    0,    0,    0,    0,    0,    0,    0,    0,    0,    0,  -10,   -7,    0,    0,    0,    0,  -10,    0,  -13,    0,  -17,    0,    0,    0,    0,    0,    0,    0,    0,    0,    0,    0,    0,    0,    0,    0,    0,    0,    0,    0,    0,    0,    0,    0,    0,    0,  -17,    0,    0,    0,    0,    0,    0,    0,    0,    0,    0,    0,    0,    0,    0,    0,    0,    0,    0,    0,    0,    0,    0,    0,    0,    0,    0,    0,    0,
       0,    0,    0,    0,    0,    0,    0,    0,    0,    0,    0,    0,    0,    0,    0,    0,    0,    0,    0,    0,    0,    0,   -7,   -8,   10,    0,    0,  -13,  -10,  -25,    0,  -18,    0,    0,    0,  -10,  -10,  -10,   -7,    0,  -10,    0,    0,   -7,    0,  -13,   -7,   -7,  -10,  -10,  -10,  -10,    0,    0,    0,    0,    0,    0,   -8,  -10,  -10,  -10,  -10,    0,    0,    0,  -10,  -10,  -10,  -10,  -10,  -10,    0,  -10,   -7,  -13,  -10,    0,    0,    0,    0,   -8,    0,    0,    0,    0,
       0,    0,  -10,    0,    0,  -13,    0,  -13,  -13,    0,    0,    0,    0,    0,    0,    0,    0,    0,    0,    0,    0,  -10,   -5,    0,   -7,   -3,    0,    0,   -5,   -3,   -7,  -10,   -3,  -10,    0,    0,    0,    0,    0,   -3,    0,    0,    0,    0,    0,    0,   10,    0,    0,    0,    0,    0,    0,    0,    0,    0,    0,  -23,    0,   -7,    0,    0,    0,    0,    0,    0,    0,    0,    0,    0,    0,    0,    0,    0,    0,    0,    0,    0,   -3,   -3,    0,    0,    0,    0,    0,    0,
       0,    0,  -10,    0,    0,  -26,    0,  -26,  -33,    0,    0,    0,    0,    0,    0,    0,    0,    0,    0,    0,   -7,  -33,  -15,    0,  -13,  -15,   -7,  -10,  -12,  -22,  -23,  -25,    0,  -27,  -10,   -5,   -7,    0,    0,   -7,   -7,    0,    0,    0,    0,   -5,    0,    0,    0,   -3,    0,    0,    0,    0,    0,    0,    0,  -37,    0,    0,   -5,   -5,    0,    0,    0,    0,    0,   -7,   -5,   -5,    0,   -7,    0,   -7,    0,   -5,    0,    0,   -7,  -13,    0,    0,    0,    0,    0,    0,
       0,    0,    0,   -7,    0,   -5,    0,   -5,   -7,    0,    0,    0,    0,    0,    0,    0,    0,    0,    0,    0,  -10,    0,    0,    0,    0,    0,    0,    0,    0,    0,    0,    0,    0,  -17,    0,    0,    0,    0,    0,    0,    0,    0,    0,   -5,   -5,    0,    0,   -7,  -13,    0,  -13,    0,    0,    0,    0,    0,    0,    0,    0,    0,    0,    0,    0,    0,    0,    0,    0,    0,    0,    0,    0,    0,    0,    0,   -5,    0,    0,    0,    0,    0,    0,    0,    0,    0,  -13,  -10,
       0,    0,    7,    7,    0,    0,    0,    0,    0,    0,    0,    0,    0,    0,    0,    0,    0,    0,    0,    0,    0,    0,    0,    0,    0,    0,    0,    0,    0,    0,    0,    0,    0,    7,    7,    0,   17,    0,    0,    0,   17,    0,    0,    0,    0,    0,    0,    0,    0,    0,    0,    0,    7,    0,    0,    0,    0,    0,    0,    0,    0,    0,    0,    0,   17,   17,    0,   17,    0,    0,    0,   17,    0,   17,    0,    0,    0,    0,    0,    0,    0,    0,    0,    0,    0,    7,
       0,    0,   -7,   -7,    0,   -5,    0,   -5,  -33,    0,    0,    0,    0,    0,    0,    0,    0,    0,    0,    0,   -5,    0,    0,    0,    0,    0,    0,    0,    0,    0,    0,    0,    0,  -30,    0,    0,   -4,    0,    0,    0,   -4,    0,    0,    0,    0,    0,    3,    0,   -3,   -5,   -3,    0,    0,    0,    0,    0,    0,    0,    0,    0,    0,    0,    0,    0,    0,    0,    0,   -4,    0,    0,    0,   -4,    0,   13,    0,    0,    0,    0,    0,    0,    0,    0,    0,    0,  -27,   -7,
       0,    0,   -7,   -7,    0,   -5,    0,   -5,  -13,    0,    0,    0,    0,    0,    0,    0,    0,    0,    0,    0,   -5,    0,    0,    0,    0,    0,    0,    0,    0,    0,    0,    0,    0,  -20,    0,    0,   -4,    0,    0,    0,   -4,    0,    0,    0,    0,    0,    3,    0,    0,   -5,    0,    0,    0,    0,    0,    0,    0,    0,    0,    0,    0,    0,    0,    0,    0,    0,    0,   -4,    0,    0,    0,   -4,    0,   13,    0,    0,    0,    0,    0,    0,    0,    0,    0,    0,  -17,   -7,
       0,  -17,    0,  -27,    0,    0,  -10,    0,    7,    0,    0,    0,    0,    0,    0,    0,    0,    0,    0,    0,  -18,    8,    0,   -6,    7,    7,    0,  -33,  -20,  -37,    7,  -35,    3,  -33,    0,    0,   -5,    0,    0,    0,    0,    0,   13,    0,    0,    0,   -5,   -7,  -22,    7,  -22,    0,    0,  -10,    0,    0,    0,   10,   -1,    0,    0,    0,    0,    0,    0,    0,    0,    0,    0,    0,    0,    0,   13,    0,    0,    0,    0,    0,    0,    0,    0,   -1,    0,    0,  -30,  -23,
       0,    0,    0,  -13,    0,    0,    0,    0,    0,    0,    0,    0,    0,    0,    0,    0,    0,    0,    0,    0,   -8,    0,    0,    0,    0,    0,    0,    0,    0,    0,    0,    0,    0,  -33,    0,    0,   -3,    0,    0,    0,    0,    0,   30,    0,    0,    0,    0,   -3,  -12,    0,  -12,    0,    0,    0,    0,    0,    0,    0,    0,    0,    0,    0,    0,    0,    0,    0,    0,   -4,    0,    0,    0,    0,   30,    0,    0,    0,    0,    0,    0,    0,   -7,    0,    0,    0,  -13,  -10,
      10,    0,   30,   23,    0,    0,    0,    0,    0,    0,    0,    0,    0,    0,    0,    0,    0,    0,    0,    0,   17,    0,    0,    0,    0,    0,    0,    0,    0,    0,    0,    0,    0,   20,   20,    0,   35,    0,   13,    0,   35,   13,   20,    0,    0,    0,   13,   10,   10,    0,   10,    0,   27,    0,    0,    0,    0,    0,    0,    0,    0,   13,    0,   13,    0,    0,    0,   35,    0,    0,    0,   35,   30,   35,   17,   17,   12,    0,    0,    0,    0,    0,    0,    0,   20,   27,
       0,    0,    0,    0,    0,    0,    0,    0,    0,    0,    0,    0,    0,    0,    0,    0,    0,    0,    0,    0,    0,    0,    0,    0,    0,    0,    0,    0,    0,    0,    0,    0,    0,    0,    0,    0,    0,    0,    0,    0,    0,    0,   10,    0,    0,    0,    0,    0,    0,    0,    0,    0,    0,    0,    0,    0,    0,    0,    0,    0,    0,    0,    0,    0,    0,    0,    0,    0,    0,    0,    0,    0,    0,    0,    0,    0,    0,    0,    0,    0,    0,    0,    0,    0,    0,    3,
       0,    0,    0,    0,    0,    0,    0,    0,    0,    0,    0,    0,    0,    0,    0,    0,    0,    0,    0,    0,   -8,    0,    0,    0,    0,    0,    0,    0,    0,    0,    0,    0,    0,  -13,    0,   -3,    0,    0,    0,    0,    0,    0,   10,    0,    0,    0,    0,    0,   -3,    0,   -3,    0,    0,    0,    0,    0,    0,    0,    0,    0,   -3,   -3,    0,    0,    0,    0,    0,    0,   -3,   -3,    0,    0,   10,   10,    0,    0,    0,    0,    0,    0,    0,    0,    0,    0,   -7,    0,
       0,    0,    0,    0,    0,    0,    0,    0,    0,    0,    0,    0,    0,    0,    0,    0,    0,    0,    0,    0,    0,    0,    0,   -5,    0,    0,    0,    0,    0,    0,    0,    0,    0,    0,    0,    0,    0,   -5,    0,    0,    0,    0,   10,    0,    0,    0,    0,   -4,  -10,    0,  -10,    0,    0,   -7,    0,    0,    0,    0,   -5,    0,    0,    0,   -5,    0,    7,    7,   -5,    0,    0,    0,   -5,    0,    7,    0,    0,    0,    0,    0,    0,    0,    0,   -5,    0,    0,    0,    0,
       0,    0,    0,    0,    0,    0,    0,    0,    0,    0,    0,    0,    0,    0,    0,    0,    0,    0,    0,    0,    0,    0,    0,    0,    0,    0,    0,    0,    0,    0,    0,    0,    0,    0,    0,    0,    0,    0,    0,    0,    0,    0,   23,    0,    0,    0,    0,    0,  -12,    0,  -12,    0,    0,    0,    0,    0,    0,    0,    0,    0,    0,    0,    0,    0,    0,    0,    0,    0,    0,    0,    0,    0,   23,    0,    0,    0,    0,    0,    0,    0,    0,    0,    0,    0,  -10,    0,
       0,    0,    0,    0,    0,   -7,    0,   -7,    0,    0,    0,    0,    0,    0,    0,    0,    0,    0,    0,    0,    0,    0,    0,    0,    0,    0,    0,    0,    0,    0,    0,    0,    0,    0,    0,    0,   13,    0,    0,   -7,   13,    0,    0,    0,    0,    0,    0,    0,    0,    0,    0,    0,    0,    0,    0,    0,    0,    0,    0,    0,    0,    0,    0,    0,    0,    0,    0,   13,    0,    0,    0,   13,    0,   13,    0,    0,    0,    0,   -7,    0,    0,    0,    0,    0,   13,   13,
       0,    0,    0,    0,    0,    0,    0,    0,    0,    0,    0,    0,    0,    0,    0,    0,    0,    0,    0,    0,   -7,    0,    0,    0,    0,    0,    0,    0,    0,    0,    0,    0,    0,    0,    0,    0,    0,    0,   13,    0,    0,   13,   17,   13,   17,    0,   13,   13,   10,   10,   10,    0,    0,    0,    0,    0,    0,    0,    0,    0,    0,    0,    0,   13,    0,    0,    0,    0,    0,    0,    0,    0,    0,    0,   13,    0,    0,    0,    0,    0,    0,    0,    0,    0,  -10,   -7,
       0,    0,    0,    0,    0,    0,    0,    0,    0,    0,    0,    0,    0,    0,    0,    0,    0,    0,    0,    0,    0,    0,    0,    0,    0,    0,    0,    0,    0,    0,    0,    0,    0,  -17,    0,    0,    0,    0,    0,    0,    0,    0,    7,    0,    0,    0,    0,    0,   -3,    0,   -3,    0,    0,    0,    0,    0,    0,    0,    0,    0,    0,    0,    0,    0,    0,    0,    0,    0,    0,    0,    0,    0,    0,    0,    0,    0,    0,    0,    0,    0,    0,    0,    0,    0,    5,    7,
       0,    0,    0,    0,    0,    0,    0,    0,    0,    0,    0,    0,    0,    0,    0,    0,    0,    0,    0,    0,   -8,    0,    0,    0,    0,    0,    0,    0,    0,    0,    0,    0,    0,  -20,    0,    0,    0,    0,    0,    0,    0,    0,   23,    0,    0,    0,    0,    0,   -7,    7,   -7,    0,    0,    0,    0,    0,    0,    0,    0,    0,    0,    0,    0,    0,    0,    0,    0,    0,    0,    0,    0,    0,   23,    0,    0,    0,    0,    0,    0,    0,    0,    0,    0,    0,   -7,   -7,
       0,   10,    0,    7,    0,    0,    0,    0,    0,    0,    0,    0,    0,    0,    0,    0,    0,    0,    0,    0,    0,    0,    0,    0,    0,    0,    0,    0,    0,    0,    0,    0,    0,  -10,    0,   -5,    0,   -3,    0,   23,    0,    0,    8,    0,    5,    0,    8,    0,    3,    0,    3,    0,    0,    0,    0,    0,    0,    0,    0,    0,   -5,   -5,   -3,    0,    0,    0,   -3,    0,   -5,   -5,   -3,    0,    8,    0,    0,    0,    0,    0,   17,    0,    0,    0,    0,    0,    5,   13,
       0,    0,    0,    0,    0,    0,    0,    0,    0,    0,    0,    0,    0,    0,    0,    0,    0,    0,    0,    0,    0,    0,    0,    0,    0,    0,    0,    0,    0,    0,    0,    0,    0,    0,    0,    0,    0,   -5,    0,    0,    0,    0,    0,    0,    0,    0,    0,    0,    0,    0,    0,    0,    0,    0,    0,    0,    0,    0,    0,    0,    0,    0,   -5,    0,    0,    0,   -5,    0,    0,    0,   -5,    0,    0,    0,    0,    0,    0,    0,    0,    0,    0,    0,    0,    0,    0,    0,
       0,    0,  -10,    0,    0,  -13,    0,  -13,  -13,    0,    0,    0,    0,    0,    0,    0,    0,    0,    0,    0,    0,  -10,   -5,    0,   -7,   -3,    0,    0,   -5,   -7,   -7,  -13,   -3,  -10,    0,    0,    0,    0,    0,   -3,    0,    0,    0,    0,    0,    0,   10,    0,    0,    0,    0,    0,    0,    0,    0,    0,    0,  -23,    0,   -7,    0,    0,    0,    0,    0,    0,    0,    0,    0,    0,    0,    0,    0,    0,    0,    0,    0,    0,   -3,   -3,    0,    0,    0,    0,    0,    0,
       0,    0,    0,    0,    0,    0,    0,    0,    0,    0,    0,    0,    0,    0,    0,    0,    0,    0,    0,    0,    0,    0,    0,    0,    0,    0,    0,    0,    0,    0,    0,    0,    0,  -17,    0,    0,    0,    7,    0,    0,    0,    0,    0,    0,    0,    0,    0,    0,    0,    0,    0,    0,    0,    0,    0,    0,    0,    0,    0,    0,    0,    0,    7,    0,    0,    0,    7,    0,    0,    0,    7,    0,    0,    0,    0,    0,    0,    0,    0,    0,    0,    0,    0,    0,    0,    0,
       0,    0,    0,    0,    0,  -27,    0,  -27,    0,    0,    0,    0,    0,  -17,    0,    0,    0,    0,    0,    0,    0,  -23,    0,    0,    0,    0,    0,   13,    0,    7,    0,    7,    0,    0,    0,    0,    7,  -10,    0,  -10,    7,    0,    3,    0,    0,  -10,    0,    0,    3,    0,    3,    0,    0,    0,    0,    0,  -37,  -40,    0,    0,    0,    0,  -10,    0,   17,   17,  -10,    7,    0,    0,  -10,    7,   17,    7,    0,  -10,    0,    0,  -10,    0,    0,    0,    0,    0,    0,    0,
       0,    0,    0,    0,    0,  -27,    0,  -27,    0,    0,    0,    0,    0,  -23,  -10,  -13,    0,    0,    0,    0,    0,  -33,    0,  -13,    0,    0,   -7,    0,    0,    7,    0,    7,    0,    0,    0,  -13,    3,  -17,    0,  -28,    3,    0,    0,    0,    0,  -27,    3,    0,    0,    0,    0,   -7,    0,    0,    0,    0,    0,  -55,  -13,    0,  -13,  -13,  -17,    0,    7,    7,  -17,    3,  -13,  -13,  -17,    3,   13,    3,    0,  -27,   -7,    0,  -28,    0,    0,  -13,    0,    0,    0,    0,
};

static const EpdLigaturePair bookerly_10_regularLigaturePairs[] = {
    { 0x00660066, 0xFB00 }, // f f -> U+FB00
    { 0x00660069, 0xFB01 }, // f i -> U+FB01
    { 0x0066006C, 0xFB02 }, // f l -> U+FB02
    { 0xFB000069, 0xFB03 }, // U+FB00 i -> U+FB03
    { 0xFB00006C, 0xFB04 }, // U+FB00 l -> U+FB04
};

static const EpdFontData bookerly_10_regular = {
    bookerly_10_regularBitmaps,
    bookerly_10_regularGlyphs,
    bookerly_10_regularIntervals,
    63,
    27,
    23,
    -6,
    true,
    bookerly_10_regularGroups,
    12,
    nullptr,
    bookerly_10_regularKernLeftClasses,
    bookerly_10_regularKernRightClasses,
    bookerly_10_regularKernMatrix,
    390,
    399,
    90,
    86,
    bookerly_10_regularLigaturePairs,
    5,
};
