/**
 * generated by fontconvert.py
 * name: bookerly_10_italic
 * size: 10
 * mode: 2-bit  compressed: true
 * Command used: fontconvert.py bookerly_10_italic 10 ../builtinFonts/source/Bookerly/Bookerly-Italic.ttf --2bit --compress --pnum --exclude-intervals 0x0400,0x04FF --exclude-intervals 0x1EA0,0x1EF9 --exclude-intervals 0x01A0,0x01A1 --exclude-intervals 0x01AF,0x01B0
 */
#pragma once
#include "EpdFontData.h"

static const uint8_t bookerly_10_italicBitmaps[14469] = {
    0x65, 0x57, 0x4D, 0x8C, 0x1C, 0xC5, 0x15, 0xFE, 0xBA, 0x4B, 0xB8, 0xA3, 0xB4, 0x98, 0xF6, 0x21,
    0xC2, 0x91, 0xBC, 0xB3, 0x1D, 0x45, 0x1C, 0x10, 0x9A, 0xD9, 0xF6, 0x61, 0x14, 0x0D, 0xA1, 0x77,
    0xA7, 0x64, 0x45, 0xE2, 0x8A, 0x22, 0x71, 0x26, 0xB9, 0x26, 0xA0, 0xDD, 0xA0, 0x91, 0x98, 0x48,
    0xEB, 0x9D, 0x0E, 0x3E, 0xE4, 0x18, 0xDF, 0x73, 0x08, 0x87, 0x1C, 0x88, 0x8D, 0xB2, 0x9D, 0x64,
    0x22, 0x46, 0xC9, 0x7A, 0xA7, 0x60, 0x0F, 0x96, 0xB0, 0x04, 0xED, 0x84, 0xE4, 0x82, 0x42, 0x5A,
    0xD8, 0x08, 0xF1, 0x23, 0xD2, 0x84, 0x8E, 0x69, 0xD6, 0xB3, 0xD3, 0xF9, 0x5E, 0xF5, 0xEC, 0xB2,
    0x86, 0xF5, 0x54, 0x79, 0xA6, 0xBB, 0xEA, 0xD5, 0x7B, 0xDF, 0xFB, 0xDE, 0x4F, 0xB9, 0x99, 0x32,
    0x5E, 0xE2, 0xEB, 0x00, 0x2D, 0xB4, 0xB1, 0x82, 0x0E, 0x1E, 0xC1, 0xC3, 0x00, 0xC7, 0x1E, 0x26,
    0x58, 0xE9, 0xF7, 0x87, 0xBD, 0x74, 0x2B, 0x4F, 0xB3, 0x2B, 0x06, 0xBD, 0x0E, 0x70, 0xA1, 0x0F,
    0x6C, 0xF5, 0x10, 0xD6, 0x75, 0xF2, 0xC0, 0x7B, 0xFF, 0x03, 0x4C, 0x0E, 0xC7, 0x64, 0x38, 0xF7,
    0xCF, 0xB7, 0x30, 0xAB, 0x17, 0x50, 0x2A, 0x81, 0xA7, 0x34, 0xBE, 0xE9, 0x51, 0x04, 0x32, 0xBE,
    0xE7, 0x6B, 0x84, 0x39, 0x3E, 0xDF, 0x73, 0x0F, 0xBA, 0xEA, 0xC6, 0x8A, 0x7A, 0x1D, 0xCE, 0x11,
    0xB0, 0x0F, 0x44, 0x06, 0x8F, 0xE6, 0x0F, 0xF7, 0x8A, 0xFE, 0x85, 0x22, 0xFE, 0x59, 0x1E, 0xDD,
    0x33, 0x67, 0x8E, 0x96, 0xCB, 0xDD, 0x04, 0x14, 0xE1, 0x96, 0xF8, 0x06, 0x82, 0x67, 0x11, 0xA3,
    0xD3, 0x42, 0x8A, 0x5E, 0xCB, 0xC9, 0xB0, 0xD5, 0xA2, 0xFC, 0xB4, 0x1D, 0x50, 0x87, 0xB8, 0x13,
    0x25, 0x8F, 0x15, 0xBD, 0xBB, 0x79, 0x98, 0xBC, 0x6B, 0x0A, 0xB8, 0x07, 0x49, 0x2A, 0x27, 0x17,
    0x68, 0x7B, 0x3A, 0x47, 0xDF, 0xBB, 0x68, 0x50, 0xA8, 0xB7, 0xB5, 0x9B, 0xF1, 0x38, 0x0A, 0xE4,
    0x1F, 0x05, 0x02, 0xAB, 0xDB, 0x9C, 0x62, 0x1A, 0x82, 0x61, 0xCC, 0x29, 0x4D, 0x1D, 0x8D, 0x57,
    0xCC, 0xF9, 0x04, 0x47, 0xDE, 0x11, 0x54, 0x39, 0x30, 0x68, 0xC7, 0xDF, 0x4D, 0xD0, 0x5F, 0xA7,
    0x06, 0x5B, 0x01, 0xAD, 0xD8, 0xF2, 0xFE, 0x05, 0x8C, 0x9C, 0x39, 0x30, 0xD8, 0x5D, 0x00, 0xFE,
    0x22, 0xB8, 0xC3, 0x7D, 0x14, 0xBA, 0xD2, 0xEF, 0x6D, 0xA5, 0x57, 0xE0, 0x6A, 0xAC, 0x82, 0x48,
    0xB9, 0x19, 0x3C, 0x4D, 0x0C, 0x09, 0x20, 0x04, 0x23, 0xCA, 0x06, 0x8A, 0x53, 0x9F, 0xA1, 0x7D,
    0xCE, 0xB7, 0xD4, 0xDE, 0x4B, 0xC4, 0x54, 0x5C, 0xB1, 0x4F, 0xBB, 0xCD, 0x23, 0x0D, 0xDA, 0xA6,
    0x68, 0xFD, 0xF1, 0x87, 0xDF, 0x05, 0x4D, 0x2D, 0x6F, 0xDB, 0x76, 0x73, 0x21, 0xCF, 0x78, 0x5A,
    0x8F, 0x0A, 0x98, 0xE7, 0xCC, 0x58, 0xFB, 0xF3, 0xF1, 0x0F, 0x9E, 0x33, 0x5C, 0x0B, 0x82, 0x73,
    0xF2, 0xA9, 0x6B, 0xF3, 0x93, 0x0F, 0x93, 0x93, 0x9F, 0x48, 0x08, 0x80, 0x32, 0x74, 0xB3, 0x6E,
    0x89, 0x14, 0x0C, 0xE6, 0x8F, 0xBE, 0xF4, 0xC8, 0xDE, 0x08, 0x4B, 0x6D, 0x87, 0x22, 0xD8, 0xB5,
    0x87, 0xF9, 0xF6, 0xA4, 0xD8, 0xEA, 0x9E, 0xCB, 0xB3, 0xE6, 0xF4, 0xC6, 0x24, 0x44, 0xB9, 0x53,
    0xCF, 0x55, 0xB6, 0x11, 0x20, 0x5A, 0x43, 0x18, 0x63, 0x75, 0x84, 0xB5, 0x09, 0xD6, 0x4B, 0xC4,
    0x25, 0xA6, 0x25, 0x8A, 0x3D, 0xCF, 0x8C, 0x6B, 0x1D, 0x56, 0x62, 0x8C, 0x5B, 0xC3, 0xDD, 0x85,
    0x28, 0x4B, 0xF3, 0xD6, 0xAD, 0x4C, 0x7E, 0x46, 0x82, 0x54, 0x83, 0xC7, 0x99, 0x12, 0x83, 0x1A,
    0x38, 0x4F, 0xA7, 0xCC, 0x16, 0x70, 0xF3, 0x88, 0xB6, 0xF1, 0x28, 0x84, 0xB0, 0xEB, 0x31, 0xA5,
    0xC3, 0x72, 0x22, 0x93, 0xD8, 0x9F, 0x0E, 0xF7, 0xF8, 0xFC, 0x3A, 0xB8, 0xFA, 0x12, 0xC6, 0x75,
    0xD9, 0xE8, 0x52, 0x29, 0x13, 0x2B, 0x11, 0x3B, 0x85, 0xCA, 0x31, 0x4B, 0x50, 0xE7, 0x76, 0x21,
    0xAD, 0x29, 0x10, 0x9A, 0x59, 0x8D, 0xB1, 0xF8, 0x8A, 0x0A, 0xCC, 0xA1, 0xE6, 0x08, 0x46, 0x58,
    0x1F, 0xA1, 0x9C, 0xA8, 0xAC, 0x08, 0x74, 0xD1, 0x75, 0xF2, 0xFD, 0x6B, 0x87, 0x96, 0xB3, 0x8D,
    0xE9, 0x9A, 0x82, 0xB1, 0xFF, 0x3B, 0xEE, 0x76, 0x68, 0x3A, 0x49, 0x53, 0xD3, 0xFC, 0x63, 0x81,
    0x9C, 0x55, 0x86, 0x28, 0x89, 0x16, 0x18, 0x10, 0x51, 0xE7, 0x3A, 0xC2, 0x3B, 0x38, 0x92, 0x63,
    0x03, 0x8D, 0x70, 0xA1, 0x07, 0xB3, 0x6C, 0xDB, 0x2D, 0x26, 0x28, 0x26, 0x4E, 0x31, 0x75, 0xF3,
    0x6D, 0xCF, 0x0C, 0x6A, 0xED, 0x57, 0x08, 0xEA, 0x79, 0x74, 0x75, 0x1E, 0xA3, 0xE8, 0x71, 0x3B,
    0x8F, 0x58, 0x03, 0xB6, 0xAD, 0x1F, 0xF9, 0xCB, 0x08, 0xB4, 0x6B, 0x16, 0x17, 0x8B, 0x6E, 0xE6,
    0xD6, 0x95, 0x67, 0xB6, 0x03, 0x1D, 0x07, 0x7A, 0xE2, 0xFD, 0x8D, 0x06, 0x6A, 0xAF, 0xD6, 0x6B,
    0x5E, 0x36, 0x72, 0xF3, 0xD2, 0xC9, 0x2B, 0x95, 0x8D, 0xEB, 0x44, 0xD0, 0x0D, 0x05, 0x33, 0x2A,
    0x58, 0x34, 0x98, 0x79, 0xCB, 0xA1, 0xB2, 0x10, 0x6A, 0xC1, 0x20, 0x9A, 0x91, 0xAC, 0xE0, 0x1A,
    0x1E, 0x82, 0x48, 0xE3, 0x21, 0xE1, 0x2E, 0xA9, 0xE6, 0x26, 0xBE, 0xA1, 0x0A, 0x27, 0x7F, 0x8F,
    0x30, 0xC2, 0x47, 0xCD, 0x7F, 0x93, 0x2F, 0x9F, 0xDE, 0x4F, 0x15, 0xA1, 0x77, 0x94, 0x38, 0x15,
    0xC2, 0x0C, 0xD7, 0x21, 0x1F, 0x7E, 0x91, 0x00, 0x8E, 0x48, 0x2A, 0x2D, 0x44, 0xBB, 0x9A, 0x34,
    0xFB, 0x9A, 0xEF, 0x3F, 0xB2, 0xA1, 0x1D, 0x34, 0x6B, 0xC2, 0x44, 0x3E, 0x47, 0xF0, 0x33, 0xEC,
    0x00, 0x7C, 0xE5, 0xE7, 0xE1, 0xFC, 0x5B, 0x1D, 0x9B, 0x64, 0x26, 0x6E, 0xE6, 0xEB, 0x36, 0x36,
    0xB4, 0xF8, 0x7B, 0x85, 0x2E, 0x96, 0xD3, 0x66, 0x5F, 0x70, 0xD3, 0x07, 0xBB, 0x09, 0xCF, 0x71,
    0x73, 0x06, 0x14, 0x52, 0x5F, 0x5F, 0x4F, 0x87, 0x2D, 0xF5, 0x76, 0xD6, 0x8F, 0x7D, 0xC7, 0xF4,
    0xFB, 0x2D, 0xD7, 0x0C, 0x87, 0x6D, 0x95, 0xA4, 0x69, 0xC7, 0xD7, 0x79, 0xDA, 0x09, 0x95, 0x49,
    0xD7, 0xFE, 0xB4, 0x8B, 0x34, 0x78, 0xA1, 0x12, 0x63, 0x2C, 0x9A, 0x14, 0xA2, 0xF1, 0x24, 0xBC,
    0xC3, 0x9F, 0x9A, 0x46, 0x26, 0x84, 0xD8, 0xF6, 0x29, 0x91, 0x90, 0xE9, 0x15, 0x51, 0xFA, 0xEF,
    0x7C, 0xEB, 0x1E, 0x70, 0x92, 0x5C, 0x81, 0x96, 0x9C, 0xB7, 0x7A, 0x8D, 0x94, 0x1B, 0xD4, 0x85,
    0x04, 0x40, 0x21, 0x21, 0x60, 0x03, 0xA3, 0xA4, 0x05, 0xB4, 0x67, 0x50, 0xF8, 0xB5, 0x95, 0xA7,
    0x16, 0x33, 0x8D, 0x98, 0x74, 0xEC, 0x93, 0x3A, 0x43, 0xC6, 0x72, 0x4A, 0x47, 0xD6, 0x44, 0xF9,
    0xEE, 0x3E, 0xB9, 0x13, 0x68, 0x27, 0xF3, 0x13, 0xD7, 0xF8, 0x04, 0x32, 0xD0, 0xCA, 0x84, 0xF0,
    0x3F, 0x9C, 0x93, 0x5B, 0x59, 0x83, 0x93, 0xBF, 0x10, 0xA2, 0x19, 0xB7, 0x24, 0xC8, 0x46, 0x25,
    0x01, 0x5C, 0x09, 0x12, 0x21, 0xA9, 0x55, 0xFD, 0xF4, 0xD8, 0xB0, 0x3A, 0xFB, 0xF0, 0x0F, 0xE7,
    0x70, 0x66, 0xF4, 0x20, 0x13, 0x90, 0xAA, 0x29, 0x28, 0x66, 0x2A, 0x8B, 0xAD, 0xF7, 0xD6, 0xE9,
    0xBA, 0x75, 0x6A, 0x69, 0x07, 0x49, 0x1A, 0x93, 0xBB, 0xDB, 0xB4, 0x84, 0xD2, 0xDD, 0x9C, 0x67,
    0x1B, 0xFF, 0xA3, 0x05, 0x8F, 0xCB, 0xED, 0xD1, 0x4E, 0xCD, 0x2F, 0x3B, 0xD7, 0xB8, 0x9F, 0xC9,
    0x67, 0xC4, 0xB4, 0x20, 0x80, 0x89, 0xEB, 0x0F, 0x5F, 0xA2, 0xFE, 0x95, 0xF0, 0xDE, 0x0E, 0x41,
    0x82, 0xDA, 0x71, 0xB4, 0xA8, 0xFB, 0x75, 0xEE, 0x9F, 0xCB, 0x5E, 0x83, 0x1D, 0xBA, 0x26, 0x66,
    0x62, 0xDC, 0x76, 0x71, 0xB2, 0xB7, 0x40, 0xB3, 0xF7, 0xF0, 0xB7, 0xA7, 0xF6, 0x36, 0x83, 0x7E,
    0xC7, 0xB8, 0x3A, 0xB1, 0x39, 0x77, 0x4B, 0x37, 0xF3, 0x8C, 0x43, 0xAA, 0x3A, 0xFA, 0x7E, 0x9B,
    0xC7, 0x79, 0x8C, 0xF3, 0x66, 0x9D, 0x79, 0x31, 0x62, 0x94, 0x84, 0x44, 0xC5, 0xAB, 0x05, 0xEB,
    0x3B, 0x3C, 0xD7, 0x8C, 0x0B, 0xD2, 0x87, 0x44, 0x8A, 0x25, 0x5E, 0xB6, 0x05, 0xAD, 0x91, 0x84,
    0xCD, 0x44, 0xF6, 0x1F, 0x5E, 0xDD, 0x13, 0xEA, 0xCD, 0xE5, 0xEC, 0x91, 0x4C, 0x53, 0xD1, 0x60,
    0x22, 0xC7, 0x17, 0xCD, 0xE4, 0x67, 0x04, 0x6B, 0x5C, 0x06, 0x47, 0x22, 0x4A, 0x78, 0x18, 0xDB,
    0x10, 0x3C, 0x95, 0x89, 0xB8, 0x4B, 0x22, 0x3E, 0xB3, 0x89, 0xC0, 0x88, 0xD6, 0x63, 0x06, 0x0F,
    0x43, 0x0F, 0x4E, 0xB5, 0x34, 0xB0, 0xC0, 0x57, 0xC0, 0x69, 0x86, 0xA4, 0x71, 0xC9, 0x4A, 0x12,
    0x55, 0x92, 0xBB, 0x64, 0x88, 0x61, 0xCC, 0x97, 0x67, 0xC9, 0xE7, 0x1D, 0x6E, 0x1B, 0x24, 0x82,
    0xFB, 0x01, 0x8D, 0xD9, 0x91, 0x90, 0x88, 0x25, 0x26, 0x19, 0xE2, 0x54, 0x40, 0x2C, 0xFF, 0xB3,
    0x08, 0xBF, 0x27, 0x64, 0xAC, 0xC5, 0x3F, 0xEF, 0x4B, 0x22, 0xBF, 0x6D, 0x0F, 0x91, 0xF0, 0x35,
    0x7B, 0x32, 0x0D, 0x04, 0x48, 0x46, 0xD4, 0xB8, 0x52, 0x25, 0x96, 0x7E, 0xA4, 0x90, 0x9D, 0x25,
    0x78, 0x52, 0xCF, 0x4E, 0xFB, 0xE2, 0x3E, 0x55, 0x9D, 0xA5, 0x1F, 0x03, 0xFA, 0x71, 0xDF, 0xFA,
    0x11, 0x75, 0xA2, 0x16, 0xAC, 0xBD, 0x5E, 0xC9, 0x29, 0xC8, 0xF1, 0xB8, 0xE9, 0xE6, 0xF8, 0x9E,
    0x79, 0x2C, 0xC7, 0x1F, 0xB3, 0x3F, 0xE4, 0xF8, 0x34, 0xBF, 0x95, 0x21, 0x7F, 0xF7, 0xB5, 0xCC,
    0xC9, 0x3E, 0xBB, 0x98, 0xB9, 0xE6, 0x9E, 0x4B, 0x8E, 0xEE, 0x49, 0x3E, 0x98, 0x2A, 0xE3, 0x63,
    0x8B, 0x94, 0xD2, 0xF0, 0x32, 0x2A, 0x30, 0x28, 0xDD, 0x39, 0x66, 0x39, 0x2E, 0x49, 0x58, 0x0D,
    0xA4, 0x94, 0x8C, 0x19, 0xCF, 0x98, 0x19, 0x1A, 0xFF, 0x99, 0xA1, 0x66, 0xFF, 0xCD, 0x09, 0x41,
    0x5E, 0xF4, 0x59, 0x82, 0x26, 0x43, 0x86, 0x51, 0x9C, 0x52, 0x91, 0xAE, 0x78, 0x85, 0xED, 0x00,
    0x89, 0xCF, 0x0C, 0x78, 0xC5, 0xA3, 0x59, 0x85, 0x45, 0x92, 0xA5, 0xB5, 0x89, 0x8A, 0xC2, 0x63,
    0xC0, 0x11, 0xA0, 0x29, 0x81, 0x9C, 0x32, 0xF3, 0x4F, 0x29, 0x6A, 0xC2, 0x51, 0x72, 0x14, 0x31,
    0x6D, 0xDA, 0x60, 0xE6, 0x0C, 0x35, 0x79, 0x22, 0xAC, 0xAB, 0x19, 0x15, 0xB3, 0x4A, 0xA2, 0x42,
    0x22, 0xD2, 0x10, 0x5F, 0x32, 0x9B, 0x63, 0x42, 0xD7, 0x14, 0x4C, 0x2D, 0x77, 0xE7, 0x76, 0x8D,
    0x54, 0xC1, 0xFB, 0x98, 0xF9, 0xD6, 0x92, 0x99, 0x72, 0xAE, 0x1C, 0x0C, 0x39, 0x99, 0x59, 0x94,
    0xF0, 0xF1, 0xEC, 0x4A, 0xAA, 0xD0, 0x54, 0xF8, 0x35, 0x15, 0x8C, 0x27, 0x32, 0x31, 0xB6, 0xA4,
    0x0A, 0xC4, 0x92, 0x55, 0x45, 0x05, 0x9A, 0x2D, 0x9E, 0x11, 0x48, 0x5D, 0xD1, 0xC2, 0x3A, 0xC4,
    0x52, 0x1E, 0xCE, 0x42, 0x72, 0x4C, 0xB8, 0x78, 0x51, 0x52, 0x9A, 0x59, 0xEA, 0x47, 0x6F, 0xB1,
    0x96, 0xC5, 0xD4, 0x6B, 0xC4, 0x31, 0x21, 0x65, 0x98, 0xBE, 0x71, 0x58, 0x59, 0x5A, 0x3A, 0xB7,
    0xA9, 0xC1, 0x2D, 0xC2, 0x62, 0x4A, 0x8E, 0x75, 0x8A, 0x09, 0x93, 0x71, 0xC9, 0xEA, 0x33, 0xCE,
    0xD5, 0x61, 0xE5, 0xEB, 0x61, 0xC0, 0x66, 0x04, 0x67, 0x03, 0x12, 0xB4, 0xB4, 0x5C, 0x09, 0xF9,
    0x2D, 0xDB, 0x72, 0xF3, 0x94, 0x4C, 0x51, 0x66, 0x36, 0xD3, 0xE7, 0x2B, 0xE6, 0xAD, 0xDA, 0x6C,
    0xEC, 0x5E, 0x33, 0xBD, 0x55, 0x95, 0x5C, 0xE8, 0x2A, 0x7D, 0x36, 0x76, 0xBE, 0xCC, 0x25, 0x5F,
    0xA1, 0xC8, 0x31, 0x4D, 0x3C, 0x16, 0xC8, 0x01, 0x79, 0x59, 0xE7, 0x51, 0xB5, 0xA9, 0xFD, 0x6C,
    0x95, 0x9E, 0xE9, 0xB2, 0x7C, 0xC7, 0xCC, 0x98, 0x12, 0x6F, 0x31, 0x1D, 0x3B, 0xC2, 0x83, 0xDC,
    0xDA, 0xE6, 0x96, 0x8E, 0x45, 0xA1, 0xE4, 0xAF, 0x3D, 0x42, 0x31, 0xA0, 0xE2, 0x3E, 0xB3, 0xEB,
    0xB8, 0x8C, 0xE6, 0x61, 0xE2, 0x65, 0x81, 0x6E, 0xFA, 0x48, 0x3F, 0x59, 0x65, 0x64, 0xC4, 0x44,
    0x53, 0xE2, 0x90, 0x0E, 0x7F, 0x8D, 0xA1, 0xC5, 0x3C, 0xEB, 0xBE, 0xCD, 0x88, 0xFA, 0x0F, 0xCF,
    0x95, 0xF2, 0xB4, 0x8C, 0xAC, 0x41, 0xE5, 0x93, 0x44, 0x61, 0xC6, 0x96, 0x42, 0xFB, 0x49, 0x48,
    0x06, 0xF9, 0xC9, 0x80, 0xA7, 0x7B, 0xC9, 0x58, 0x8F, 0x38, 0x7F, 0x9E, 0xD0, 0x2B, 0xBF, 0xB8,
    0x9D, 0x10, 0x9A, 0xCB, 0x07, 0x2F, 0xD0, 0xE8, 0x1B, 0x97, 0x0F, 0xD8, 0x25, 0xDD, 0x54, 0x37,
    0xE9, 0xC8, 0x37, 0xD4, 0x1B, 0x9C, 0x3F, 0x56, 0x1F, 0x73, 0xAE, 0x5C, 0x4A, 0x74, 0x0B, 0x16,
    0x7E, 0x96, 0x0E, 0xB1, 0x0C, 0xF5, 0xAD, 0x3A, 0xA1, 0x53, 0x2E, 0x49, 0x4B, 0xC1, 0xA7, 0x81,
    0xF8, 0xDF, 0xFB, 0x25, 0x3D, 0xA3, 0xDE, 0x11, 0x1F, 0x89, 0x02, 0x52, 0xDB, 0xB9, 0x95, 0x53,
    0xCB, 0xE2, 0x24, 0xB1, 0x5B, 0x04, 0x42, 0x15, 0xBA, 0xC8, 0xCF, 0x08, 0xCE, 0xB8, 0x18, 0x90,
    0xE5, 0xC5, 0xB8, 0x88, 0x74, 0x48, 0xD3, 0xBA, 0x0C, 0x75, 0xAA, 0x65, 0x8D, 0xA2, 0xD7, 0xDE,
    0xA7, 0x34, 0x21, 0xD0, 0xDE, 0xD7, 0xC1, 0x95, 0x66, 0x93, 0xCD, 0x02, 0xB9, 0x51, 0x1B, 0xF5,
    0xE1, 0xAE, 0x51, 0x2C, 0x74, 0xB6, 0x57, 0x91, 0xC2, 0x2C, 0x8D, 0x0D, 0x19, 0x64, 0x7B, 0x9D,
    0x93, 0x47, 0x0E, 0x4D, 0xF7, 0xF9, 0xA8, 0x85, 0x8D, 0xAB, 0xD7, 0x09, 0xEE, 0xBC, 0x09, 0xF6,
    0x31, 0xB3, 0x04, 0x9A, 0x62, 0xC4, 0x7E, 0xDA, 0x31, 0xCB, 0x4E, 0x8D, 0x59, 0xD8, 0xB3, 0x65,
    0xAD, 0x65, 0x3F, 0x6D, 0x9B, 0x74, 0x9A, 0x4E, 0xE2, 0xE7, 0x64, 0x9D, 0x6D, 0x40, 0x9B, 0x76,
    0xB3, 0x6D, 0x17, 0x70, 0x25, 0xB7, 0x28, 0xDB, 0x5F, 0x8B, 0xA8, 0xF4, 0x54, 0x43, 0xFA, 0xA0,
    0xCD, 0x5C, 0x63, 0xAB, 0x4F, 0xCB, 0xFE, 0x5C, 0x39, 0x25, 0x6E, 0x78, 0xDC, 0xC9, 0xE6, 0x12,
    0x46, 0xA7, 0xFB, 0xD2, 0xF3, 0xF6, 0x20, 0xE9, 0xD4, 0x18, 0x65, 0x9F, 0x40, 0xBD, 0x09, 0xEF,
    0x09, 0xED, 0xB3, 0x6A, 0xB8, 0xA6, 0x0B, 0x66, 0xF4, 0xA2, 0xAE, 0xAB, 0xA7, 0x9E, 0x7A, 0x52,
    0xFA, 0xD5, 0x18, 0x62, 0x3E, 0x36, 0x9F, 0x71, 0xEE, 0x55, 0x5E, 0x32, 0x09, 0xD8, 0xC4, 0x33,
    0x9A, 0x9D, 0x9C, 0xF9, 0x30, 0xF6, 0x4C, 0xDC, 0x7E, 0x7D, 0xF0, 0x29, 0x39, 0x54, 0xF8, 0x05,
    0x1E, 0x38, 0x7D, 0xD2, 0x41, 0xAE, 0x7E, 0x53, 0x7A, 0xE9, 0xC8, 0xCF, 0x46, 0x41, 0x32, 0x0A,
    0x30, 0x5C, 0x85, 0x34, 0x6E, 0x8C, 0xF2, 0xC1, 0xAE, 0x7E, 0xBE, 0x92, 0x9C, 0xE3, 0xD6, 0x24,
    0xDD, 0xB2, 0x93, 0x8D, 0x8F, 0x3F, 0xEB, 0x1E, 0xA2, 0x7D, 0xB6, 0x1B, 0xB0, 0xED, 0xC8, 0xE6,
    0x71, 0x1F, 0x1A, 0x23, 0xDA, 0xA6, 0x02, 0xEA, 0x58, 0x81, 0xCE, 0xD7, 0x14, 0xC0, 0xA6, 0x76,
    0xDF, 0x37, 0xFE, 0x45, 0xD3, 0x52, 0xA6, 0x13, 0x62, 0xA3, 0x92, 0x7E, 0x41, 0x64, 0x2A, 0x2D,
    0x02, 0xA5, 0x9D, 0x64, 0xE6, 0xC4, 0xDA, 0xB4, 0xE9, 0xD9, 0xD2, 0xC6, 0xD9, 0x3E, 0x23, 0xE1,
    0xA1, 0xF7, 0xEE, 0x4F, 0x31, 0x84, 0x48, 0x30, 0xBA, 0xAF, 0x36, 0x50, 0x4B, 0x71, 0xC7, 0x57,
    0xEB, 0x03, 0xEB, 0x63, 0x86, 0xF5, 0x7D, 0x66, 0xAC, 0x0E, 0x0D, 0x67, 0x9A, 0xC9, 0x58, 0xCA,
    0xEE, 0xF2, 0xE5, 0x4C, 0x37, 0x81, 0x5B, 0x34, 0x01, 0x43, 0x53, 0xB1, 0xF6, 0x44, 0x41, 0xAA,
    0x4D, 0xED, 0xD8, 0xF9, 0x75, 0x61, 0x4B, 0x6B, 0x83, 0x9A, 0x73, 0x82, 0xDA, 0x6B, 0xA5, 0xFA,
    0x55, 0xE5, 0x8D, 0xFA, 0xFE, 0x8B, 0xC3, 0xC0, 0xA4, 0xEC, 0x75, 0x43, 0xE4, 0x5D, 0xE7, 0x56,
    0xEC, 0xBE, 0x13, 0xAB, 0x79, 0x9F, 0x4C, 0xBB, 0xA2, 0x72, 0x51, 0x51, 0x7C, 0xFE, 0x34, 0x9A,
    0x8B, 0x5F, 0x87, 0x56, 0x8E, 0xF4, 0x5F, 0x93, 0x99, 0xB8, 0x53, 0x7A, 0xB5, 0xB2, 0x39, 0xD6,
    0xF6, 0x4D, 0x06, 0xE7, 0x4E, 0xDC, 0x6E, 0x3B, 0xE5, 0xC0, 0xDA, 0x73, 0x0C, 0xAA, 0x40, 0x31,
    0xC1, 0x8F, 0x0B, 0x49, 0x76, 0xCC, 0x82, 0x5E, 0xE3, 0xC4, 0x13, 0x3F, 0xDE, 0x28, 0xD4, 0x27,
    0x13, 0x55, 0x0C, 0x3D, 0x93, 0xFA, 0x17, 0xB3, 0xE0, 0x69, 0x1D, 0x54, 0x68, 0x8D, 0xD0, 0x5E,
    0x43, 0x27, 0xB8, 0xC3, 0x56, 0x26, 0x32, 0xE7, 0x58, 0x64, 0x3C, 0x36, 0x3A, 0x8D, 0x2A, 0x5D,
    0x8A, 0xA4, 0x32, 0x14, 0xF9, 0xB9, 0xAE, 0xA9, 0x4E, 0xF4, 0x6A, 0x19, 0xEA, 0x73, 0x37, 0xAB,
    0x99, 0x51, 0x2F, 0x7F, 0xFF, 0xC0, 0x78, 0xE9, 0x80, 0xAB, 0xB3, 0x4B, 0xDC, 0x60, 0xA6, 0xB2,
    0x87, 0x11, 0xCB, 0xA9, 0x75, 0xB6, 0xED, 0x64, 0xAB, 0x69, 0xD7, 0x35, 0x11, 0x6F, 0x05, 0xEC,
    0xBA, 0xA2, 0x57, 0x2B, 0x9C, 0xBB, 0xC9, 0xCE, 0xFF, 0x65, 0xA6, 0x93, 0x94, 0x23, 0xEB, 0x33,
    0xE8, 0x86, 0x5C, 0x9B, 0x72, 0x7C, 0x4A, 0xED, 0x3F, 0x42, 0x97, 0x35, 0x59, 0x12, 0x1A, 0x36,
    0x13, 0xF7, 0xB0, 0xF0, 0x85, 0x17, 0xD3, 0xAE, 0x94, 0x66, 0x56, 0x9C, 0x86, 0x9E, 0x26, 0xDA,
    0x85, 0x57, 0xC1, 0xAD, 0x22, 0x38, 0xDB, 0x74, 0xF3, 0xE3, 0x97, 0x0D, 0x36, 0x08, 0xC5, 0xB6,
    0x14, 0x19, 0x69, 0x30, 0x08, 0x48, 0xCE, 0x86, 0x26, 0xEB, 0xB2, 0x05, 0x62, 0xF3, 0xF1, 0xEF,
    0xEC, 0x6B, 0xDE, 0x1F, 0x48, 0x82, 0x19, 0x3F, 0xE3, 0x7E, 0x34, 0x6F, 0x98, 0xDF, 0x3D, 0xCD,
    0xFC, 0x55, 0x33, 0xF8, 0xCC, 0x84, 0x97, 0x9B, 0x80, 0xD6, 0x12, 0xA6, 0x2C, 0xA7, 0x75, 0x16,
    0x1D, 0x98, 0x73, 0x6F, 0x1A, 0xF5, 0xFB, 0x44, 0x4D, 0xE4, 0x12, 0x22, 0x77, 0x05, 0xBD, 0x84,
    0xBC, 0x09, 0x75, 0xF2, 0xDA, 0xAB, 0xD1, 0x72, 0xAC, 0x2B, 0x32, 0x9B, 0x6E, 0xB6, 0xC5, 0x1D,
    0x69, 0x07, 0x33, 0x96, 0x76, 0x12, 0xF1, 0xC5, 0x25, 0x1D, 0xA2, 0x1A, 0xE7, 0xFF, 0x21, 0x7E,
    0x6B, 0xC4, 0x07, 0x4D, 0xBE, 0x78, 0x00, 0x6B, 0xCF, 0x82, 0x97, 0x09, 0xEE, 0x0D, 0xCD, 0x2A,
    0xFD, 0xCB, 0xC2, 0x26, 0x23, 0xE9, 0x73, 0xDD, 0x90, 0x0B, 0x59, 0x08, 0x99, 0x1E, 0x57, 0x59,
    0x15, 0x57, 0x5B, 0xB7, 0x11, 0x4E, 0x17, 0x4C, 0x88, 0x53, 0xAC, 0x39, 0xC5, 0x26, 0x4A, 0x5F,
    0xD3, 0x6C, 0xD6, 0xED, 0x9C, 0x59, 0xD0, 0xBD, 0xA1, 0xDD, 0x37, 0xC1, 0x5E, 0x80, 0xAB, 0x99,
    0x5B, 0x76, 0xDC, 0x6C, 0x3D, 0x74, 0x8A, 0x35, 0xBE, 0x67, 0x19, 0x2A, 0xDB, 0xEA, 0xD5, 0x32,
    0x76, 0x0F, 0xAA, 0xBE, 0x7B, 0xA3, 0x9F, 0x3A, 0xEF, 0xAC, 0x67, 0xCE, 0x9C, 0xD7, 0x09, 0xA9,
    0x7C, 0xE6, 0xDB, 0x4C, 0xD7, 0xCC, 0x78, 0x25, 0x23, 0x60, 0xC4, 0x38, 0x5A, 0x37, 0x4D, 0x83,
    0x2E, 0x71, 0xC2, 0x4B, 0x0B, 0x9E, 0x4F, 0xE0, 0xB0, 0x43, 0x1F, 0xBC, 0x50, 0xB3, 0xB9, 0xA5,
    0x03, 0x78, 0x67, 0x3B, 0x53, 0xB1, 0xD9, 0xDA, 0xF6, 0xA4, 0x8A, 0x6A, 0x74, 0xE5, 0xAE, 0x2A,
    0xC9, 0x8F, 0xB9, 0xAA, 0x45, 0x02, 0xB6, 0x28, 0xA3, 0x95, 0x35, 0x17, 0xC6, 0x65, 0x5E, 0xFD,
    0xA1, 0x84, 0x50, 0x62, 0x6F, 0x2D, 0xB4, 0x33, 0x8B, 0x16, 0x59, 0x7F, 0x33, 0xF9, 0x4E, 0x0B,
    0x4D, 0x39, 0x97, 0x56, 0x8F, 0x88, 0xB9, 0xBC, 0x27, 0x9A, 0x77, 0x6B, 0xB9, 0x9A, 0x7D, 0xE1,
    0x64, 0x72, 0xF7, 0x51, 0x09, 0xFF, 0x69, 0xA9, 0x7D, 0x6D, 0x42, 0xB5, 0xC2, 0xFF, 0x7B, 0xA4,
    0x4C, 0x8A, 0xBF, 0x48, 0x43, 0x9E, 0x23, 0x73, 0x78, 0xE1, 0xB6, 0xAB, 0xB4, 0x87, 0x86, 0xB3,
    0x0F, 0xDA, 0x2B, 0x4D, 0xCC, 0x38, 0xE8, 0x31, 0xEF, 0x52, 0x91, 0x4B, 0x36, 0xE9, 0x9C, 0xA0,
    0xBD, 0x62, 0x8F, 0xEC, 0xD9, 0xD9, 0x76, 0xAE, 0x4D, 0x64, 0x38, 0x36, 0x9F, 0x3B, 0x36, 0xB4,
    0x68, 0x32, 0x37, 0x9D, 0xD1, 0x67, 0xA3, 0x62, 0xAB, 0xBF, 0x53, 0x5C, 0xF0, 0xCD, 0xFF, 0x01,
    0xB5, 0x58, 0x51, 0x6B, 0x1C, 0xD7, 0x15, 0xFE, 0x66, 0x26, 0xCE, 0x44, 0x1A, 0xED, 0x8E, 0xA1,
    0x24, 0x36, 0x44, 0xBB, 0xE3, 0x07, 0x3F, 0xC8, 0x61, 0x57, 0xBB, 0x0F, 0x6A, 0xBB, 0x86, 0x59,
    0xCD, 0xC5, 0x79, 0xE8, 0x5B, 0x49, 0x4B, 0x4C, 0x1F, 0x5A, 0xA8, 0xFB, 0x16, 0x42, 0x8A, 0x05,
    0xDD, 0x26, 0x1B, 0xD8, 0x44, 0x53, 0xBF, 0xF6, 0xC5, 0xA5, 0x8F, 0x29, 0xA9, 0xA0, 0x85, 0x06,
    0x3B, 0x8D, 0xA7, 0x74, 0xA1, 0x82, 0xC8, 0xDE, 0x49, 0xF4, 0x60, 0x68, 0x43, 0x99, 0xB6, 0x3F,
    0x20, 0x13, 0x6A, 0x08, 0xD8, 0xD0, 0x8C, 0xD2, 0x0D, 0x6C, 0xE4, 0xD5, 0x4E, 0xBE, 0x73, 0x67,
    0x25, 0x99, 0x50, 0x23, 0xA9, 0xB2, 0x97, 0xBD, 0x57, 0xDA, 0x9D, 0x7B, 0xCE, 0xB9, 0xF7, 0x9C,
    0xEF, 0x3B, 0xE7, 0xDC, 0x45, 0x66, 0x64, 0x48, 0x00, 0xC4, 0x88, 0x8D, 0xD8, 0x8C, 0xAD, 0xD0,
    0x0A, 0x6D, 0xE5, 0xC0, 0x85, 0x87, 0x3A, 0x5A, 0x80, 0x15, 0xC2, 0x52, 0xB0, 0x01, 0x07, 0x28,
    0x03, 0xAB, 0x89, 0x95, 0x67, 0xEE, 0xFC, 0x49, 0x7F, 0x01, 0xDD, 0x25, 0xF4, 0x9B, 0x88, 0x56,
    0xD0, 0x5F, 0x43, 0xEF, 0x1F, 0x71, 0x90, 0x2B, 0x67, 0x04, 0x33, 0xDC, 0x97, 0x80, 0x31, 0xA1,
    0xD8, 0x8D, 0x10, 0x15, 0x2B, 0x86, 0x6F, 0x42, 0xD4, 0xA1, 0xCF, 0xAF, 0xBF, 0x78, 0x01, 0x6E,
    0x9E, 0x01, 0x29, 0xFF, 0xA7, 0x6D, 0x33, 0x06, 0xBE, 0xA1, 0xA8, 0x3B, 0x1F, 0x73, 0x8C, 0xF0,
    0x14, 0x4C, 0xE5, 0x36, 0x3E, 0x86, 0xB5, 0x3D, 0xA2, 0xB2, 0x0E, 0x55, 0x75, 0x68, 0x7D, 0x85,
    0x23, 0x83, 0x7B, 0x2F, 0xC5, 0xCF, 0x27, 0x1D, 0x5C, 0xC5, 0x69, 0x0C, 0x92, 0x41, 0xD8, 0x40,
    0x9B, 0x7B, 0x6D, 0xC1, 0x51, 0x19, 0xEC, 0x2B, 0x09, 0x4E, 0x6D, 0x26, 0x08, 0x3E, 0x1E, 0xE2,
    0xE9, 0x1D, 0x85, 0x20, 0x4F, 0xB4, 0x8D, 0x5D, 0x3B, 0xD6, 0x1D, 0x20, 0x18, 0xEB, 0xCF, 0x89,
    0x91, 0x98, 0xC5, 0x69, 0x95, 0x4D, 0xCB, 0xF2, 0xAA, 0x60, 0x1E, 0x35, 0x6A, 0x6A, 0x61, 0x89,
    0xB6, 0x22, 0x6E, 0x47, 0x59, 0x6F, 0xC5, 0xAE, 0x11, 0x37, 0xA0, 0xBE, 0x1D, 0xA2, 0x99, 0x61,
    0xC9, 0x87, 0xEF, 0xC2, 0xA5, 0xD0, 0x87, 0x31, 0xB6, 0x62, 0x9C, 0x8F, 0x51, 0x0D, 0x2F, 0xB9,
    0x2A, 0xF3, 0xB0, 0xB3, 0x81, 0x46, 0x82, 0xA5, 0xB3, 0xA3, 0x8D, 0xA8, 0x8F, 0xC6, 0x97, 0x30,
    0xEE, 0x3C, 0x1B, 0x3B, 0x0A, 0x51, 0xC5, 0x1E, 0xB6, 0x5A, 0x8D, 0xF5, 0xB9, 0x66, 0x6B, 0xA1,
    0xBC, 0xB2, 0x82, 0xD9, 0x95, 0x08, 0x0E, 0xC7, 0x6C, 0xB3, 0x83, 0x72, 0x2B, 0x78, 0x77, 0x6E,
    0xDE, 0x19, 0xB6, 0x64, 0x9D, 0xAC, 0xD7, 0x72, 0xF7, 0x61, 0xBF, 0x8D, 0x72, 0x09, 0xF3, 0xDC,
    0x8C, 0x8F, 0xFA, 0x67, 0xCA, 0xFD, 0xAE, 0x6C, 0xEE, 0xC4, 0x45, 0x04, 0x3B, 0xA0, 0xB3, 0xED,
    0xCD, 0xB8, 0xE1, 0xC1, 0x6F, 0xA3, 0xBE, 0x08, 0xC7, 0x51, 0xE6, 0x2F, 0xE2, 0x3C, 0x8F, 0x2F,
    0xFE, 0x20, 0x16, 0x27, 0xEA, 0x77, 0x30, 0x7E, 0xEE, 0x1D, 0x63, 0xA0, 0x1C, 0x15, 0xD5, 0x76,
    0x16, 0x9A, 0xBF, 0x9B, 0x5B, 0xF9, 0xC3, 0xCC, 0xA5, 0x9B, 0xB3, 0x2B, 0xD7, 0x66, 0x9A, 0x9F,
    0x7F, 0x54, 0xC3, 0x02, 0xBF, 0x37, 0x72, 0xF5, 0xF2, 0xEF, 0x07, 0x43, 0x2F, 0x39, 0xDF, 0x8F,
    0xFC, 0xB4, 0x16, 0xF9, 0xAF, 0xF7, 0x3D, 0xFA, 0x03, 0x7B, 0x6F, 0x6A, 0x7C, 0xF9, 0x6E, 0xB8,
    0xF7, 0x11, 0xA1, 0xEC, 0x40, 0xBE, 0xBC, 0x16, 0x1A, 0x3B, 0xB0, 0x7F, 0x8B, 0x12, 0x83, 0xEB,
    0x02, 0x3E, 0x18, 0x10, 0x3B, 0xC4, 0xE2, 0x8B, 0xB2, 0x39, 0x63, 0x6C, 0xBF, 0x7D, 0xA2, 0x8C,
    0x9E, 0x35, 0xA2, 0x1B, 0x6B, 0xCF, 0x0C, 0x83, 0xD0, 0x60, 0x54, 0xB8, 0x57, 0x5C, 0xA2, 0xC7,
    0x1D, 0x6A, 0x72, 0x61, 0x26, 0x55, 0x6E, 0xB1, 0x0E, 0x2B, 0xAE, 0x31, 0xB2, 0x3E, 0x6C, 0xD5,
    0xE2, 0x58, 0x87, 0xF3, 0xC1, 0x38, 0x74, 0xF3, 0xCB, 0x71, 0x69, 0xA7, 0xCA, 0x38, 0x80, 0x91,
    0x00, 0x95, 0x68, 0x0B, 0x1A, 0x34, 0x70, 0x18, 0xCA, 0xD5, 0xFF, 0x28, 0x23, 0xFF, 0x08, 0x56,
    0xFE, 0x1B, 0x8E, 0x1F, 0xC1, 0xCE, 0x5F, 0xE2, 0x58, 0xE2, 0x68, 0xC2, 0x9A, 0xAC, 0x00, 0x32,
    0x4A, 0x6B, 0xC0, 0x1C, 0xB7, 0x3C, 0xCF, 0x71, 0x8E, 0xB0, 0xFA, 0x16, 0xF7, 0xFE, 0x1A, 0xF0,
    0xEA, 0x58, 0xC2, 0xC9, 0x18, 0x2F, 0xFB, 0x1E, 0x04, 0xDE, 0x5D, 0x18, 0x91, 0x3B, 0x85, 0x81,
    0x45, 0x18, 0xD8, 0x61, 0x90, 0x9A, 0x23, 0xF7, 0x95, 0xF9, 0x92, 0x5F, 0x69, 0xD5, 0xEA, 0x7D,
    0x37, 0x79, 0xFA, 0xC5, 0xC1, 0xB0, 0x34, 0x03, 0xFB, 0x3B, 0xA1, 0xF5, 0xCF, 0xD4, 0xD8, 0xCA,
    0xEC, 0xCD, 0xA4, 0xEA, 0xA2, 0xA3, 0x77, 0x63, 0x84, 0x14, 0xE7, 0x21, 0x40, 0x15, 0xA4, 0x05,
    0xF9, 0x53, 0xD1, 0x08, 0x6B, 0x69, 0x2C, 0x13, 0xD8, 0x16, 0xB1, 0xE5, 0x40, 0xD0, 0xD5, 0xA0,
    0x83, 0xCA, 0x78, 0x1F, 0x41, 0x5A, 0x33, 0xFF, 0xCE, 0xA5, 0x91, 0x5B, 0x92, 0xA5, 0xED, 0x9F,
    0x0A, 0xB3, 0x48, 0x19, 0xF1, 0x23, 0xC5, 0xEA, 0x7A, 0x5E, 0x28, 0x90, 0x08, 0x0B, 0xA2, 0x9F,
    0x4F, 0xA8, 0xBF, 0xA2, 0xF5, 0xB7, 0xB4, 0xFE, 0x4C, 0xF4, 0x0B, 0x5B, 0xAC, 0xD8, 0x56, 0xB7,
    0xA8, 0xA0, 0x64, 0xBF, 0xA5, 0xEC, 0xB0, 0x35, 0x6B, 0xAB, 0x20, 0x8D, 0x64, 0x2B, 0x5C, 0x54,
    0xD7, 0x9C, 0xCD, 0x24, 0x42, 0x8C, 0x0D, 0xDD, 0xE8, 0x5D, 0x04, 0x09, 0x14, 0x90, 0x8B, 0x97,
    0xA6, 0xFA, 0xB1, 0xC6, 0x68, 0xC1, 0x48, 0x05, 0x6B, 0x3C, 0x05, 0xA3, 0x26, 0xA7, 0xE8, 0x89,
    0x2D, 0x46, 0xAF, 0xA5, 0x9D, 0x9F, 0xD2, 0x4E, 0x8D, 0xA7, 0x88, 0x9F, 0x19, 0xDA, 0x6A, 0x31,
    0x0E, 0x78, 0x8A, 0x3F, 0x53, 0x9D, 0x6F, 0x6D, 0x2A, 0x39, 0xC5, 0x0F, 0x95, 0x04, 0x94, 0x51,
    0xA1, 0xAD, 0xB2, 0x46, 0x03, 0xE7, 0x19, 0xAD, 0xBC, 0x85, 0x0D, 0x12, 0x08, 0x46, 0x66, 0xF6,
    0x11, 0x99, 0x89, 0xA3, 0xEA, 0x34, 0x1F, 0xA1, 0x73, 0x26, 0xC8, 0x1C, 0x86, 0xE5, 0x0C, 0xB4,
    0x2D, 0xBE, 0x1A, 0x32, 0x99, 0xE1, 0xEE, 0xA6, 0x64, 0x0F, 0xF0, 0x84, 0x8D, 0x81, 0x4C, 0x7F,
    0x91, 0x07, 0xFF, 0xE2, 0x61, 0xCD, 0x4D, 0x4E, 0xF6, 0x05, 0x4E, 0x65, 0x93, 0xF2, 0xD5, 0xEB,
    0xA4, 0x73, 0x20, 0xE9, 0x23, 0x82, 0xCE, 0x21, 0x99, 0x38, 0x7D, 0x08, 0x27, 0x21, 0x38, 0x69,
    0x22, 0x17, 0x35, 0x62, 0xC4, 0x18, 0x8A, 0x52, 0xE1, 0x7F, 0x1D, 0x8F, 0xC1, 0x06, 0x1D, 0xA7,
    0x03, 0xC4, 0xC3, 0xF4, 0x25, 0xA7, 0x9C, 0x7D, 0x0C, 0x36, 0xCE, 0x9D, 0xE4, 0x34, 0x18, 0x71,
    0xFA, 0x75, 0x8A, 0x07, 0x5F, 0x8F, 0xD0, 0x46, 0x47, 0x50, 0x37, 0xDC, 0xE0, 0x94, 0xF5, 0x1F,
    0x97, 0x0D, 0x47, 0x7C, 0x75, 0x5E, 0x8E, 0xD0, 0x8C, 0x76, 0xFF, 0xF3, 0x1E, 0x47, 0xE0, 0xDD,
    0x3C, 0xA7, 0xB4, 0x35, 0xB9, 0x41, 0x45, 0xF6, 0x90, 0x3C, 0x42, 0x29, 0x33, 0x05, 0x93, 0x99,
    0xD8, 0xF8, 0x93, 0xD8, 0x35, 0x3E, 0xBC, 0xCB, 0x24, 0x61, 0x3F, 0x9F, 0xF3, 0x83, 0x7B, 0x5D,
    0x36, 0x16, 0xE4, 0x32, 0x47, 0xC2, 0x16, 0x83, 0x70, 0x9D, 0x27, 0xA6, 0xA5, 0xA4, 0x78, 0xA1,
    0x77, 0x6D, 0xC8, 0x82, 0x97, 0x8B, 0x49, 0x67, 0xA2, 0x58, 0x9B, 0x62, 0x73, 0x48, 0xEA, 0xC5,
    0xF2, 0xDC, 0x44, 0x75, 0x8A, 0x2C, 0xFF, 0x6B, 0x63, 0x59, 0x9F, 0xC6, 0x81, 0xB3, 0x4D, 0x8E,
    0x0D, 0xAE, 0x16, 0x67, 0xD4, 0x5F, 0xEA, 0x2A, 0xA3, 0x4B, 0x20, 0x2B, 0x1C, 0xB7, 0xC9, 0x43,
    0x19, 0xA3, 0x69, 0xBA, 0xE3, 0xBF, 0x39, 0xB7, 0xF4, 0xE6, 0xF5, 0x84, 0x4A, 0x62, 0x26, 0xA8,
    0x90, 0xA3, 0x58, 0xBB, 0xFD, 0x0E, 0xD3, 0xEF, 0x48, 0xF8, 0xAA, 0x87, 0xF8, 0x82, 0xBB, 0xE0,
    0x20, 0x6F, 0xEF, 0xDE, 0xD4, 0x65, 0x53, 0xE7, 0x24, 0xED, 0x66, 0x49, 0x73, 0x77, 0x1E, 0x81,
    0x3E, 0x39, 0xD9, 0x80, 0x0F, 0x19, 0x08, 0x47, 0xC5, 0xC7, 0xD6, 0x67, 0x5E, 0xA1, 0x9E, 0xDB,
    0x09, 0x9C, 0xE7, 0xF7, 0xC2, 0x7E, 0x2C, 0x7D, 0x4C, 0x65, 0xEB, 0x8C, 0x1C, 0x03, 0xA9, 0xB4,
    0xAA, 0x18, 0x6F, 0x6A, 0xEF, 0x33, 0xB1, 0x74, 0xB5, 0x96, 0x4C, 0xDE, 0x14, 0xE7, 0x9B, 0x0A,
    0x48, 0x56, 0xBE, 0x99, 0x7E, 0x56, 0x87, 0x3A, 0x3B, 0x98, 0x99, 0x50, 0xF7, 0x1C, 0x8E, 0x2C,
    0x4B, 0x90, 0x78, 0x09, 0xBA, 0x99, 0x91, 0x2C, 0x1D, 0x59, 0x36, 0xEA, 0x18, 0xD9, 0x08, 0x69,
    0xB6, 0x7B, 0xFC, 0xA3, 0xC8, 0x0E, 0x26, 0x44, 0xF5, 0x80, 0xBE, 0x32, 0x87, 0x14, 0xD9, 0xA0,
    0x40, 0x9B, 0x12, 0x6D, 0xAE, 0x6F, 0x7B, 0x79, 0xD2, 0x3E, 0xF1, 0x85, 0xF2, 0x29, 0xD5, 0xA3,
    0x18, 0x11, 0x6A, 0xA5, 0x56, 0xEC, 0x85, 0x4E, 0x3E, 0xA1, 0xAF, 0x04, 0x7F, 0x2F, 0x9D, 0x11,
    0x73, 0xD4, 0x6E, 0xDC, 0x4E, 0x1E, 0x20, 0xB8, 0x39, 0xC6, 0x20, 0xC5, 0x1B, 0x42, 0xBD, 0x40,
    0xF7, 0x76, 0x8A, 0xE8, 0x1C, 0xB0, 0x34, 0xE3, 0xBF, 0x31, 0xB7, 0xF5, 0x79, 0xCA, 0x4A, 0x90,
    0x66, 0x2D, 0x92, 0xA2, 0xDF, 0x21, 0xD5, 0x7C, 0x29, 0x79, 0xF5, 0x8C, 0x93, 0x97, 0x0A, 0x45,
    0x18, 0xCC, 0xAB, 0x36, 0x77, 0x97, 0x49, 0x26, 0x14, 0x92, 0xD9, 0xF2, 0x57, 0x4E, 0x37, 0xAD,
    0x63, 0xF6, 0x04, 0x53, 0xCE, 0x64, 0x7C, 0x34, 0x74, 0x15, 0xD6, 0xC9, 0x99, 0xF5, 0x36, 0x07,
    0xD5, 0xF7, 0x39, 0x86, 0xD2, 0x42, 0xF8, 0x3C, 0xEC, 0x32, 0xB1, 0xEB, 0xB1, 0x58, 0x3A, 0x12,
    0x77, 0xBD, 0x67, 0x21, 0x88, 0xE4, 0x84, 0x5B, 0x05, 0x08, 0x8E, 0xAD, 0x4F, 0x98, 0xC9, 0x0C,
    0x61, 0xDD, 0x66, 0xBD, 0x9A, 0xD6, 0x9C, 0xE3, 0xE8, 0x33, 0x7E, 0xA5, 0xF8, 0x21, 0xC4, 0xEC,
    0xE2, 0xBE, 0x3F, 0x8F, 0xA3, 0xCF, 0xBE, 0x10, 0xC2, 0xFD, 0x25, 0x3B, 0x0A, 0x47, 0x3D, 0x0A,
    0x7D, 0x4D, 0x4B, 0xB7, 0xAA, 0x3D, 0x58, 0x99, 0xBC, 0xF9, 0x0F, 0x3F, 0x36, 0xA5, 0xAF, 0xC8,
    0xAF, 0x28, 0x78, 0x39, 0x3D, 0x71, 0x93, 0x28, 0x62, 0xEF, 0xBF, 0xC3, 0x34, 0x64, 0xBD, 0xC7,
    0xD8, 0x95, 0x17, 0xE1, 0xAA, 0x16, 0x27, 0x23, 0xE5, 0x64, 0x87, 0xEC, 0xAB, 0x2B, 0x84, 0xA6,
    0xDB, 0x67, 0x8A, 0x75, 0x13, 0xC6, 0xD5, 0x49, 0x98, 0x5F, 0x16, 0x09, 0x2A, 0x34, 0x2F, 0x4B,
    0x86, 0x79, 0x6A, 0x5A, 0xC2, 0x5D, 0x86, 0xDD, 0x28, 0xD2, 0x5C, 0x9E, 0x36, 0x46, 0x97, 0x95,
    0xC3, 0x2E, 0xCF, 0x0A, 0xEB, 0xA4, 0xA6, 0xCF, 0xDC, 0xEE, 0xB3, 0x39, 0xF0, 0x09, 0xAF, 0x2E,
    0x4A, 0x44, 0x6C, 0x85, 0x88, 0xAD, 0x71, 0xF8, 0xD4, 0xDA, 0xC7, 0x06, 0x37, 0x20, 0xD9, 0xD7,
    0xF9, 0x12, 0x53, 0x85, 0x3D, 0xDD, 0x82, 0x60, 0x56, 0x1D, 0x5F, 0x9F, 0xC0, 0xC6, 0xA6, 0xAE,
    0xAA, 0x34, 0x57, 0xA5, 0xE3, 0xEB, 0xAB, 0x91, 0x1D, 0x6D, 0xE6, 0xF1, 0x96, 0xBF, 0x17, 0xA1,
    0xE3, 0x9F, 0x77, 0x43, 0xEA, 0x14, 0x0B, 0x5C, 0x71, 0xDE, 0x41, 0xB6, 0x9A, 0x35, 0x94, 0xA7,
    0x5C, 0xA6, 0x5F, 0x47, 0x75, 0x19, 0x15, 0x86, 0x8F, 0x97, 0x0D, 0xE3, 0x53, 0x3E, 0x9F, 0x14,
    0xCB, 0x75, 0x8A, 0xCC, 0xF6, 0x07, 0x13, 0x02, 0x1A, 0x93, 0x22, 0x9F, 0x90, 0xCC, 0x05, 0xD2,
    0x57, 0x79, 0xEE, 0xD7, 0x99, 0xBE, 0xFB, 0x2E, 0x5B, 0x41, 0x5B, 0x0F, 0x23, 0x75, 0x95, 0x91,
    0x2C, 0xC2, 0xBC, 0xCB, 0x5B, 0x15, 0x91, 0x2B, 0xAC, 0x95, 0x7E, 0x6C, 0x55, 0xE7, 0x23, 0x73,
    0x47, 0x22, 0x29, 0x65, 0xD3, 0x97, 0x3A, 0xD8, 0x91, 0xB4, 0x1A, 0x49, 0x61, 0xCE, 0xA4, 0x38,
    0xA5, 0x4B, 0x52, 0x1A, 0x75, 0xFB, 0xA9, 0xBB, 0xDB, 0x0D, 0x99, 0x1A, 0x92, 0x0D, 0x09, 0x4A,
    0x87, 0x2D, 0x28, 0x9C, 0xD3, 0x72, 0x27, 0x08, 0xFE, 0xC8, 0xA3, 0x48, 0xCB, 0x25, 0x65, 0x4E,
    0x77, 0xF0, 0xBA, 0x9B, 0x5C, 0x16, 0x13, 0x8D, 0x78, 0xEA, 0x34, 0x5F, 0x57, 0x43, 0x0A, 0x16,
    0x34, 0xBC, 0xFC, 0x8A, 0x71, 0x7F, 0x64, 0x87, 0x7D, 0x97, 0xB7, 0x25, 0x82, 0xD9, 0x48, 0x7D,
    0x2B, 0xF1, 0xED, 0xD8, 0xAF, 0xFC, 0x35, 0xD8, 0x1A, 0x7B, 0x21, 0x45, 0x4F, 0x4A, 0xFF, 0x0A,
    0x49, 0x3C, 0x78, 0x12, 0x87, 0x13, 0x51, 0xB0, 0x52, 0x94, 0xE9, 0x76, 0x76, 0x9E, 0x67, 0x0F,
    0x25, 0x32, 0xF3, 0x04, 0x82, 0x79, 0xFC, 0x6C, 0x84, 0x9F, 0x4C, 0xF3, 0xF3, 0xC1, 0x22, 0x0B,
    0x0B, 0xD8, 0xE8, 0x4D, 0xAF, 0x04, 0x87, 0x59, 0xCF, 0x64, 0x59, 0x89, 0xB0, 0xD0, 0x44, 0x3D,
    0xD2, 0xA4, 0x39, 0x84, 0x48, 0xE3, 0xCA, 0xC8, 0xD8, 0x9E, 0xBC, 0x61, 0x87, 0x5D, 0x5E, 0x3E,
    0x32, 0xBF, 0x62, 0x7C, 0x32, 0xF4, 0xAD, 0xCF, 0x62, 0x9F, 0xB8, 0xF6, 0xA9, 0xC2, 0x7F, 0x2E,
    0xA9, 0x05, 0x5B, 0xF7, 0x33, 0x2F, 0x64, 0xD9, 0x5F, 0x55, 0x66, 0x1E, 0x32, 0x7D, 0x94, 0xB5,
    0xE7, 0xFD, 0xDD, 0x77, 0xDB, 0x46, 0xE3, 0x56, 0xD1, 0x07, 0xCB, 0x0E, 0xA4, 0xB6, 0xC4, 0xB2,
    0x46, 0x5E, 0x91, 0x46, 0x14, 0xF9, 0x31, 0xF5, 0xAB, 0x32, 0x3F, 0x8D, 0x9D, 0x0B, 0x71, 0x99,
    0xF7, 0x33, 0x0F, 0xCB, 0x23, 0xE9, 0xC7, 0x44, 0x09, 0xAF, 0x31, 0xD4, 0x20, 0x9C, 0x57, 0x22,
    0x2F, 0x17, 0x1F, 0x5E, 0xB3, 0x0E, 0x27, 0x62, 0x30, 0xD4, 0x21, 0x96, 0x13, 0x44, 0xA9, 0x11,
    0xAF, 0x1D, 0x4A, 0x64, 0x6D, 0xC5, 0xC8, 0x86, 0x46, 0xBA, 0xDB, 0xF1, 0x1E, 0xB4, 0xFE, 0x09,
    0xA2, 0xCD, 0x93, 0xE2, 0x23, 0xDD, 0x0F, 0x7E, 0xCC, 0xBD, 0x95, 0xF9, 0x4D, 0x8D, 0x6B, 0xBA,
    0xEA, 0xFD, 0x70, 0x20, 0x7D, 0x82, 0x38, 0xA2, 0x6F, 0x26, 0x52, 0x53, 0x1E, 0xB2, 0xE2, 0x05,
    0x33, 0x73, 0xD6, 0x2B, 0xFE, 0xD2, 0xDC, 0xC3, 0x56, 0xCC, 0x97, 0xDA, 0xCB, 0xBE, 0x46, 0xF4,
    0x43, 0x34, 0x9C, 0x3E, 0x09, 0xD6, 0x45, 0x06, 0xE5, 0x9B, 0x89, 0x80, 0x75, 0x10, 0x59, 0xF7,
    0x98, 0xB2, 0x47, 0x55, 0x49, 0xD6, 0x1D, 0x5F, 0xD2, 0x75, 0x11, 0xE0, 0xB8, 0x71, 0x03, 0x0E,
    0xE9, 0x49, 0xC0, 0x09, 0xE2, 0x04, 0x72, 0xFB, 0x98, 0x23, 0x4D, 0x3E, 0x18, 0xE1, 0xD4, 0xDF,
    0xC6, 0xB0, 0xDE, 0xE5, 0xF5, 0x38, 0xE2, 0x48, 0x5A, 0xCC, 0xED, 0x1D, 0x5A, 0x94, 0x1B, 0xE1,
    0x16, 0xBB, 0xCE, 0x7B, 0xA8, 0xB3, 0xE1, 0x95, 0x84, 0xB2, 0xCF, 0x26, 0x86, 0xDD, 0x28, 0xD8,
    0x14, 0x9A, 0xDB, 0x99, 0x23, 0x88, 0x5A, 0xAF, 0xA3, 0xFB, 0x35, 0xB3, 0x92, 0x0D, 0xFF, 0x07,
    0x9B, 0x0E, 0x14, 0xD1, 0x6C, 0x72, 0xC9, 0xA6, 0xA5, 0x5D, 0x36, 0x1D, 0x24, 0x32, 0x65, 0xD3,
    0x18, 0x67, 0xF6, 0xD8, 0x74, 0x90, 0x08, 0xD9, 0xD4, 0x7B, 0x90, 0x4D, 0x07, 0xAD, 0x57, 0xD2,
    0x6B, 0x98, 0xC9, 0xFE, 0x6F, 0x13, 0x45, 0xCA, 0x37, 0x53, 0x79, 0x84, 0x67, 0x3F, 0x09, 0x71,
    0x6B, 0xA0, 0xCC, 0xB4, 0x4D, 0x64, 0xEC, 0xB0, 0xED, 0x7C, 0x8F, 0xE5, 0xAC, 0x0E, 0x97, 0x91,
    0x70, 0xE3, 0x2E, 0x3D, 0xC9, 0x44, 0x7C, 0x2F, 0xC6, 0xF7, 0x26, 0x53, 0x73, 0x12, 0x59, 0x29,
    0xE5, 0x52, 0x7E, 0x0B, 0x4F, 0xC2, 0x8B, 0xAB, 0x38, 0xC5, 0x46, 0xC8, 0x92, 0x11, 0xCA, 0x0F,
    0x15, 0x9D, 0xE2, 0x27, 0x28, 0x26, 0xF1, 0x2A, 0x8B, 0x6A, 0xB5, 0xFC, 0x6F, 0x78, 0xEB, 0x13,
    0x26, 0xD1, 0xF5, 0xC2, 0xAD, 0xBA, 0x81, 0xCD, 0x8A, 0x9B, 0xA1, 0x85, 0xFF, 0x43, 0x87, 0xDC,
    0x09, 0xE4, 0x56, 0x42, 0x1D, 0x35, 0xFA, 0x61, 0x65, 0xE1, 0xE8, 0x3A, 0x16, 0x88, 0xA8, 0x1E,
    0x3B, 0x84, 0x6E, 0x6B, 0x0F, 0x51, 0x47, 0xDB, 0xC3, 0xAE, 0x33, 0xD6, 0xA7, 0xCD, 0x77, 0x51,
    0x98, 0xCC, 0xCC, 0x55, 0x4F, 0x8E, 0x9C, 0x10, 0x3D, 0xE6, 0x7A, 0x9F, 0xC5, 0xA1, 0xCE, 0xDA,
    0x50, 0x61, 0x16, 0x29, 0xD3, 0x5E, 0x99, 0xB6, 0xCA, 0x4C, 0x25, 0xE5, 0x44, 0x73, 0x5D, 0xDF,
    0x73, 0x08, 0xCB, 0xEF, 0xF3, 0x18, 0x83, 0x50, 0x1A, 0x8D, 0xE2, 0x2A, 0x21, 0x49, 0x63, 0xEF,
    0xD2, 0xA4, 0x7F, 0xDD, 0x21, 0x70, 0xCF, 0xE7, 0x0A, 0xAF, 0x51, 0xE7, 0x4D, 0x8E, 0x91, 0x14,
    0x2A, 0x47, 0xB1, 0x50, 0xB1, 0xD8, 0xC8, 0x0F, 0x45, 0xDC, 0xEF, 0x36, 0x81, 0x7A, 0x23, 0xD4,
    0x5D, 0xBE, 0x33, 0x55, 0x21, 0x5D, 0xA1, 0x2E, 0x5A, 0xA5, 0x59, 0x62, 0x9F, 0x55, 0xA8, 0xB6,
    0x7F, 0xBF, 0x3F, 0xEE, 0x3E, 0xBF, 0x02, 0xB5, 0x5A, 0x4F, 0x8C, 0x13, 0xD7, 0x19, 0xFF, 0x66,
    0x1E, 0xEC, 0x84, 0x1D, 0xF0, 0xEC, 0xA1, 0xD2, 0xA2, 0xC0, 0x7A, 0xA8, 0x14, 0x55, 0x24, 0xB2,
    0x77, 0x38, 0xA0, 0xCA, 0x91, 0x66, 0xD7, 0xAF, 0x5C, 0xAA, 0xAA, 0x95, 0x88, 0x7A, 0xED, 0x01,
    0x0E, 0x39, 0x55, 0xAD, 0xE0, 0xB0, 0x07, 0x1F, 0xCC, 0x7A, 0xD2, 0x1C, 0x7A, 0x88, 0xAA, 0x70,
    0xEF, 0xA1, 0x2B, 0x35, 0x07, 0x04, 0x55, 0xB1, 0x2A, 0x47, 0x75, 0xC5, 0xB2, 0x7E, 0xB0, 0x07,
    0xA4, 0x22, 0xA5, 0x93, 0xD2, 0x2A, 0xA7, 0x46, 0xA3, 0x82, 0x84, 0x04, 0x49, 0x33, 0x24, 0x6E,
    0x71, 0x37, 0xDE, 0x9D, 0xFE, 0xBE, 0xF7, 0xC6, 0xFB, 0x07, 0x16, 0x76, 0x1D, 0xBB, 0x16, 0x6F,
    0xB4, 0xB6, 0x67, 0xBE, 0xEF, 0xF7, 0xBE, 0xF7, 0xFD, 0xF9, 0x7D, 0x9F, 0x21, 0xFA, 0xE9, 0x07,
    0x44, 0xD4, 0xE9, 0xD2, 0xF6, 0x97, 0xCB, 0x17, 0x5F, 0xE2, 0x52, 0xE5, 0xCB, 0x1F, 0x23, 0x5C,
    0xEE, 0x29, 0x22, 0x7B, 0x15, 0x17, 0xE7, 0x0C, 0x2E, 0x05, 0x3B, 0x26, 0x2A, 0x5E, 0x4B, 0x70,
    0x47, 0x96, 0x12, 0x35, 0x09, 0x97, 0x04, 0x17, 0x5B, 0x51, 0x97, 0xDC, 0xD8, 0x5A, 0xA7, 0x6A,
    0xEA, 0x66, 0x44, 0x6F, 0x7C, 0x40, 0x8D, 0x7E, 0x2E, 0xF5, 0xC2, 0xCF, 0xAC, 0xAF, 0x7B, 0x4E,
    0xD4, 0xF2, 0xA8, 0x39, 0x43, 0x69, 0x68, 0x25, 0xA1, 0x88, 0x43, 0x47, 0x85, 0x33, 0x7F, 0xAE,
    0x3E, 0xE9, 0xFB, 0x11, 0x24, 0x4C, 0xF1, 0x6D, 0xCD, 0xA3, 0xB8, 0x2C, 0xE2, 0x1D, 0x05, 0xD1,
    0xFF, 0x09, 0x15, 0xF4, 0x9C, 0x3E, 0x4C, 0xF3, 0x2D, 0xF2, 0xE3, 0xFD, 0x01, 0x1B, 0x9F, 0x6A,
    0xA2, 0x05, 0x2C, 0x0B, 0x4F, 0x90, 0xFD, 0x80, 0xDF, 0xF6, 0xF7, 0xA3, 0x5F, 0x91, 0x88, 0x48,
    0xFC, 0x8D, 0x6C, 0x9C, 0x93, 0x0D, 0x04, 0x1E, 0x00, 0x74, 0x20, 0x26, 0xC9, 0x2D, 0xB3, 0x21,
    0xA9, 0x91, 0x29, 0xBB, 0x2B, 0x94, 0xA3, 0x44, 0xE4, 0x91, 0x4D, 0x45, 0x7C, 0x5C, 0xC6, 0x0A,
    0x9F, 0x59, 0xF3, 0x7A, 0x23, 0x2E, 0xB9, 0x6B, 0x7D, 0xB2, 0x3A, 0x97, 0xF1, 0x4E, 0xB2, 0x18,
    0xA1, 0xC8, 0x23, 0x3A, 0xAC, 0xA5, 0x35, 0xA4, 0x9D, 0x45, 0xAE, 0xA4, 0x02, 0x51, 0x49, 0x3F,
    0x64, 0xFE, 0xCD, 0x39, 0x14, 0xAC, 0x90, 0x9B, 0xE4, 0x82, 0xB0, 0x17, 0x71, 0x27, 0x22, 0xCF,
    0x8A, 0x46, 0x86, 0x60, 0xE9, 0x0D, 0xCD, 0xC7, 0xD4, 0x4C, 0x2C, 0xB5, 0xB4, 0x3F, 0x08, 0x27,
    0xB1, 0x96, 0xB1, 0x5A, 0xDB, 0xFC, 0x63, 0x04, 0x08, 0xAE, 0x3E, 0xDE, 0xE2, 0x40, 0xD4, 0x9E,
    0xFA, 0x27, 0xAD, 0x98, 0xDC, 0xF7, 0x24, 0x89, 0x75, 0xDC, 0xDD, 0x1D, 0xC3, 0x29, 0x4C, 0x51,
    0xD2, 0xA4, 0x3F, 0x28, 0xF6, 0xAF, 0xD9, 0xFD, 0x41, 0x10, 0xB2, 0x49, 0x82, 0x9D, 0x90, 0xBD,
    0xAA, 0x6E, 0x20, 0x5C, 0xDF, 0x20, 0x91, 0x65, 0x31, 0x85, 0x70, 0x94, 0x10, 0xF6, 0xA9, 0xD1,
    0x1C, 0x2C, 0x34, 0x07, 0x3F, 0xD4, 0xCB, 0x4A, 0x09, 0xDE, 0x45, 0x75, 0xF8, 0x2A, 0x40, 0xDA,
    0x89, 0x50, 0xBE, 0x72, 0x1F, 0x6F, 0x00, 0x75, 0x32, 0xD8, 0xF9, 0x11, 0xA2, 0x95, 0x19, 0xB8,
    0x24, 0x74, 0x16, 0x61, 0xE3, 0xF2, 0x29, 0xAD, 0x35, 0xA8, 0x13, 0x5C, 0x14, 0x4E, 0xD8, 0x82,
    0x9B, 0x34, 0x09, 0x5E, 0x4A, 0x25, 0x08, 0x82, 0x9F, 0x12, 0x1C, 0x95, 0xE0, 0xA9, 0x04, 0x57,
    0x25, 0xED, 0xAB, 0x1D, 0x60, 0xD8, 0xE8, 0xEC, 0x8A, 0xC1, 0xCF, 0xE2, 0xB9, 0x83, 0xFF, 0x96,
    0xDB, 0x30, 0x08, 0xC6, 0x10, 0xB9, 0x19, 0x63, 0x60, 0x33, 0xAC, 0x70, 0x38, 0x62, 0xC1, 0x70,
    0x4E, 0xA6, 0xB4, 0xEE, 0x86, 0xD1, 0xED, 0x44, 0xDD, 0x4D, 0xDD, 0xE1, 0x40, 0xB7, 0xA7, 0x68,
    0xEE, 0xD2, 0x36, 0xDD, 0xF6, 0x55, 0x84, 0x09, 0x3F, 0x67, 0x5E, 0x56, 0x86, 0x8D, 0x2D, 0x5E,
    0xC3, 0x8D, 0x88, 0xA0, 0x1A, 0x45, 0x58, 0xC6, 0x63, 0xD6, 0xAE, 0xC0, 0x6C, 0x3D, 0x1D, 0x3F,
    0xBC, 0x38, 0x76, 0x71, 0x68, 0x58, 0x05, 0x72, 0x1F, 0xDD, 0x04, 0x16, 0x44, 0xE5, 0xD5, 0x25,
    0xE2, 0x48, 0x36, 0xA9, 0x4B, 0xDA, 0x0F, 0x95, 0x7B, 0x46, 0x15, 0x84, 0x2A, 0xF9, 0x34, 0xDF,
    0xE3, 0x63, 0xE2, 0xF3, 0x10, 0x92, 0x0F, 0xE3, 0x81, 0x76, 0x61, 0x58, 0x07, 0x61, 0xFA, 0x45,
    0x44, 0xD6, 0x3A, 0x8D, 0x05, 0x00, 0x5E, 0xC9, 0x29, 0xDA, 0x48, 0x4C, 0xCE, 0xD9, 0x1B, 0xC3,
    0x66, 0x4C, 0xD4, 0xC6, 0xA3, 0xFF, 0x99, 0x98, 0xD8, 0x4B, 0xFF, 0x68, 0x7B, 0x45, 0xD8, 0x23,
    0x55, 0x72, 0x8E, 0x23, 0xAB, 0xB7, 0x97, 0xB2, 0x1E, 0xDF, 0x8F, 0x1C, 0xCA, 0x19, 0x14, 0x7F,
    0x3B, 0x10, 0xEB, 0x20, 0x17, 0xD9, 0x1B, 0x9B, 0x09, 0x61, 0x34, 0x30, 0xCF, 0x05, 0xE3, 0xDE,
    0xB6, 0x87, 0x6C, 0x9B, 0x6D, 0x76, 0x16, 0x31, 0x23, 0x8C, 0xC1, 0x8E, 0x21, 0x1F, 0x64, 0x99,
    0x76, 0x71, 0x4F, 0x8A, 0xA8, 0x88, 0x7C, 0x30, 0x88, 0x7F, 0x46, 0xD3, 0xA6, 0x4C, 0xB5, 0xE9,
    0x42, 0x54, 0x87, 0x5B, 0xCF, 0x61, 0x55, 0x65, 0x91, 0x3C, 0x04, 0x82, 0xA5, 0x83, 0xF1, 0x5B,
    0x58, 0x97, 0xB0, 0xBE, 0x00, 0xBE, 0x5F, 0x4A, 0x9A, 0x14, 0x32, 0xCF, 0x31, 0x31, 0xCD, 0xAD,
    0x44, 0x94, 0x96, 0xC8, 0x8A, 0x43, 0xAC, 0x1A, 0x59, 0xFF, 0xE1, 0xA0, 0x93, 0x46, 0x28, 0x3B,
    0x2C, 0x2C, 0x82, 0xD4, 0x41, 0xB3, 0xDF, 0x4F, 0x81, 0xAA, 0xAD, 0xD7, 0xE2, 0xAF, 0x53, 0x9D,
    0x9E, 0xE8, 0x00, 0xBE, 0x2F, 0x00, 0x9F, 0x87, 0x40, 0x73, 0xB6, 0x15, 0xFD, 0x51, 0xB0, 0xB2,
    0xEF, 0x3B, 0x92, 0x7D, 0x5F, 0x6E, 0xFA, 0xFE, 0xA8, 0x38, 0xB5, 0x3F, 0xA4, 0x5B, 0x15, 0x6E,
    0x64, 0x7B, 0xEE, 0x5A, 0x2F, 0x46, 0xC3, 0x38, 0x12, 0x9E, 0x6D, 0xC5, 0x80, 0x6F, 0x8E, 0xF3,
    0xDC, 0x4B, 0x15, 0x66, 0x40, 0xB9, 0xF2, 0xC1, 0x1A, 0x87, 0x3D, 0x05, 0x27, 0x45, 0x8F, 0x6F,
    0x0B, 0xF5, 0xFD, 0x47, 0x07, 0x09, 0x42, 0x35, 0x52, 0x5A, 0x44, 0xF6, 0x04, 0x14, 0x8F, 0xEB,
    0x48, 0x91, 0x05, 0xCE, 0xB2, 0xA1, 0x50, 0xB8, 0xD6, 0xAE, 0xC2, 0x66, 0x19, 0x62, 0x02, 0xE7,
    0x50, 0xE3, 0x4B, 0x9B, 0x23, 0xA6, 0xC5, 0xD2, 0x52, 0x73, 0x71, 0x63, 0xA4, 0xF9, 0x46, 0xD7,
    0x5B, 0xD7, 0x7B, 0xC9, 0x98, 0x13, 0x4C, 0xDA, 0x4C, 0x09, 0xDC, 0x94, 0x0E, 0xA6, 0xFC, 0x08,
    0x2A, 0x25, 0x22, 0x5B, 0xDC, 0xEE, 0x8A, 0xF7, 0x7B, 0x4E, 0xAD, 0xE2, 0x2E, 0x2D, 0x78, 0xAA,
    0xE9, 0xC9, 0xD4, 0xA7, 0xA4, 0x6C, 0x7D, 0x1C, 0xDA, 0x9F, 0x86, 0xA2, 0x5F, 0xB1, 0x93, 0x67,
    0x90, 0x38, 0x59, 0x86, 0xEC, 0xDB, 0x7E, 0x01, 0x12, 0x3B, 0xC1, 0xA7, 0xBB, 0x23, 0xF1, 0xD7,
    0x73, 0xD5, 0xA0, 0x5F, 0x41, 0xC6, 0x5F, 0x0D, 0x54, 0xD7, 0xDC, 0x64, 0x77, 0xD5, 0x74, 0xF2,
    0x04, 0x65, 0x5D, 0xBA, 0x93, 0x6C, 0xDA, 0x04, 0x38, 0x78, 0x3B, 0x75, 0x6D, 0xDC, 0x96, 0x36,
    0xAF, 0xD9, 0x4B, 0xC2, 0x5A, 0x59, 0xA6, 0x82, 0x3E, 0x68, 0xA3, 0x89, 0x03, 0xC1, 0xAF, 0xDE,
    0xEC, 0x9F, 0xD0, 0x6E, 0xD5, 0xA0, 0x73, 0x40, 0x5E, 0x40, 0x89, 0x2A, 0xE1, 0xE9, 0x9A, 0xBC,
    0x11, 0x75, 0xB0, 0x83, 0xED, 0x85, 0x64, 0x28, 0xD1, 0xAF, 0x5E, 0xA9, 0xAE, 0xBF, 0x44, 0x2C,
    0x9F, 0xE2, 0x6B, 0xB4, 0x92, 0x6E, 0xD2, 0xE4, 0xA1, 0x84, 0x83, 0x55, 0x4C, 0x06, 0xCB, 0xCC,
    0x23, 0x76, 0x17, 0x3F, 0x94, 0x30, 0xA4, 0x62, 0x47, 0x92, 0x73, 0x59, 0x87, 0xEC, 0xDB, 0x70,
    0x44, 0xBD, 0x5D, 0x5F, 0x4D, 0x2B, 0x54, 0xF8, 0xC8, 0x01, 0xD1, 0xF1, 0xA8, 0x38, 0x35, 0x9B,
    0x04, 0x2A, 0x00, 0xC7, 0xAC, 0xD0, 0x9C, 0x0C, 0x24, 0x3F, 0xE1, 0x49, 0xF6, 0xB9, 0xE1, 0xC1,
    0xBF, 0x08, 0xF2, 0x6D, 0x2D, 0x44, 0x8B, 0xD1, 0x82, 0xB4, 0x28, 0x2D, 0x4C, 0x8B, 0x4B, 0xCD,
    0xC5, 0x4A, 0xB4, 0x50, 0x2D, 0x56, 0x0B, 0xD6, 0xA2, 0xB5, 0x70, 0x27, 0x82, 0x78, 0x97, 0xE3,
    0x85, 0x71, 0x1D, 0xE0, 0xDA, 0x57, 0xE4, 0xAC, 0xE1, 0x73, 0x9A, 0xBB, 0x3C, 0x41, 0x22, 0xF1,
    0xA5, 0x50, 0x9B, 0x25, 0x91, 0x1A, 0xC8, 0xF9, 0xE7, 0x2C, 0x8E, 0xF0, 0x0A, 0xE0, 0xD4, 0x00,
    0xA8, 0x05, 0x48, 0x4D, 0x68, 0x4F, 0x01, 0x2B, 0xA1, 0x1B, 0xEF, 0xC4, 0xD4, 0x81, 0xE4, 0x36,
    0x87, 0x1F, 0x84, 0xB3, 0xD8, 0x09, 0xB8, 0xB4, 0x87, 0x52, 0xE1, 0x68, 0x77, 0x63, 0x59, 0x0D,
    0x70, 0x86, 0x2F, 0x01, 0x24, 0xBA, 0xAC, 0x85, 0x3A, 0x99, 0xD4, 0x35, 0x70, 0x10, 0xFF, 0x3B,
    0x6B, 0x95, 0x59, 0x2C, 0xCB, 0xE5, 0x25, 0x0D, 0x54, 0x2F, 0x17, 0x05, 0xDA, 0x36, 0x55, 0x31,
    0xED, 0x53, 0x55, 0xBB, 0xC5, 0x14, 0x77, 0x18, 0xF6, 0xE7, 0x5C, 0x98, 0x66, 0x26, 0xCC, 0xA9,
    0xD0, 0xB4, 0x36, 0x25, 0x3A, 0x0A, 0x48, 0x71, 0xF5, 0x11, 0x78, 0xFA, 0xE9, 0xB2, 0xB6, 0x7F,
    0x85, 0xED, 0xF5, 0xED, 0x94, 0x3A, 0xFA, 0x40, 0xAC, 0x6C, 0x15, 0xFC, 0x72, 0x91, 0xF3, 0x3A,
    0x33, 0x2E, 0xAA, 0x7B, 0x9C, 0x71, 0x38, 0x6D, 0x7D, 0xC8, 0xF0, 0xBE, 0x8E, 0x4C, 0x2B, 0x40,
    0xD6, 0x43, 0xA0, 0xB2, 0xEE, 0x6B, 0x98, 0x5D, 0xC6, 0xB8, 0xCC, 0x97, 0x2A, 0x10, 0xC6, 0x1E,
    0xCE, 0xAC, 0x27, 0x06, 0xC5, 0x86, 0x91, 0x9B, 0x6C, 0xE4, 0xB0, 0x9D, 0x67, 0xF8, 0x0F, 0x13,
    0xAF, 0x3A, 0x64, 0x39, 0x5B, 0xDC, 0x49, 0xC5, 0xBF, 0x5A, 0x22, 0x5D, 0x70, 0x54, 0xD3, 0x3D,
    0x13, 0x7B, 0xE7, 0xA4, 0xD7, 0xA3, 0x02, 0x8C, 0x3B, 0x4B, 0x25, 0xEF, 0x01, 0xD3, 0x4A, 0x93,
    0x23, 0xF5, 0xFD, 0xD8, 0x45, 0xA0, 0xDA, 0xD3, 0xAB, 0x7D, 0xF1, 0xBE, 0x74, 0x6A, 0x2C, 0x0A,
    0xD1, 0xEF, 0x2D, 0x50, 0x21, 0x3C, 0x30, 0x13, 0x9C, 0x2C, 0x79, 0x69, 0xC8, 0xBA, 0x4E, 0x98,
    0x6A, 0xE2, 0x01, 0xDE, 0xEB, 0x03, 0x7F, 0xC3, 0x66, 0x16, 0xF3, 0x0C, 0x5C, 0xCF, 0xB3, 0x70,
    0x6B, 0x37, 0xA3, 0x5B, 0x39, 0x41, 0xF0, 0x40, 0x10, 0x56, 0x0C, 0x41, 0x38, 0x4A, 0xCB, 0x4E,
    0xB7, 0x08, 0xF8, 0x01, 0xBB, 0x78, 0xEE, 0xE0, 0xEC, 0x8E, 0x65, 0xED, 0x79, 0x35, 0x08, 0x7A,
    0x2A, 0x33, 0xED, 0x92, 0x23, 0x68, 0x21, 0x73, 0x9E, 0x9B, 0x0D, 0x04, 0x97, 0xC4, 0x3E, 0x9C,
    0xAD, 0x82, 0x16, 0x92, 0xFB, 0xCB, 0xC4, 0x82, 0xFB, 0xB2, 0xE3, 0x3A, 0xE8, 0x13, 0xBC, 0x05,
    0x2F, 0x75, 0xB5, 0x83, 0x79, 0xC0, 0x71, 0x5A, 0xD3, 0x51, 0x2B, 0xBB, 0x17, 0xD1, 0x22, 0xCC,
    0x1C, 0x82, 0xCA, 0xD5, 0x0F, 0x0D, 0xA7, 0x5D, 0x44, 0xC1, 0x6A, 0x34, 0x7D, 0x47, 0x8A, 0xF7,
    0xC8, 0xF9, 0x01, 0x73, 0x41, 0xF8, 0x48, 0x41, 0x9F, 0x57, 0x79, 0xD0, 0x8B, 0x98, 0x30, 0x7D,
    0x2A, 0xD9, 0x01, 0xDA, 0x2F, 0x32, 0x29, 0xD4, 0xA7, 0xA0, 0xE9, 0xA9, 0x27, 0x5F, 0xA6, 0x2E,
    0x30, 0x5E, 0x19, 0xB1, 0x53, 0x6C, 0xE9, 0x9A, 0xA4, 0x72, 0x80, 0xE6, 0x62, 0xBF, 0xBA, 0x3E,
    0xE4, 0x66, 0x08, 0xB1, 0x03, 0x07, 0x09, 0xA0, 0xE7, 0x3B, 0x2F, 0xD0, 0x85, 0x98, 0x85, 0x15,
    0xD9, 0xCF, 0x17, 0x06, 0x79, 0x26, 0xE3, 0x80, 0x73, 0x62, 0xAA, 0xEA, 0xC8, 0x30, 0x61, 0xE1,
    0xD6, 0xB8, 0x5E, 0xBA, 0x3A, 0x8A, 0xCE, 0x93, 0x71, 0x20, 0x33, 0x30, 0x78, 0x33, 0x77, 0x65,
    0x08, 0xEA, 0x24, 0x60, 0x69, 0x60, 0xC9, 0x55, 0xC6, 0xDB, 0x90, 0xB0, 0x4E, 0x47, 0xE1, 0xCC,
    0xBE, 0x52, 0xC0, 0xF5, 0x65, 0x02, 0x15, 0x49, 0x5A, 0x81, 0x4F, 0xB7, 0x16, 0x50, 0x03, 0x43,
    0xF4, 0x6B, 0xAA, 0xCC, 0xD5, 0xCA, 0x67, 0xBF, 0x45, 0x58, 0xB8, 0x97, 0xA1, 0xB3, 0x91, 0xEA,
    0x68, 0x98, 0xCA, 0x47, 0x03, 0xA9, 0x89, 0x8E, 0x09, 0xA3, 0x22, 0xB8, 0xD5, 0xA3, 0xE9, 0xBB,
    0x7D, 0x12, 0xBF, 0x0B, 0xC9, 0x69, 0x62, 0xC5, 0x15, 0x72, 0xD5, 0x82, 0xEE, 0x84, 0x3C, 0x7A,
    0x82, 0xA8, 0x7D, 0x4C, 0x65, 0x04, 0x67, 0x88, 0x26, 0x74, 0xAC, 0x70, 0x48, 0x7B, 0xD0, 0x8E,
    0x50, 0x3D, 0x32, 0x24, 0x1E, 0x1A, 0x4C, 0x3B, 0x6A, 0x26, 0x5E, 0xF5, 0xD0, 0xC3, 0x52, 0x78,
    0x67, 0x3D, 0xE1, 0xDC, 0xD7, 0x89, 0x72, 0xE7, 0x1E, 0xB7, 0x2D, 0xA7, 0xC0, 0x72, 0x4F, 0xB3,
    0x8B, 0xA6, 0x3A, 0xDD, 0x71, 0x99, 0x19, 0xD6, 0x96, 0x3A, 0xA7, 0xE6, 0xB9, 0xB5, 0x90, 0xC7,
    0xE1, 0xC5, 0x0B, 0x70, 0x81, 0x9F, 0x9C, 0xED, 0x91, 0xBB, 0x80, 0x87, 0x62, 0xB4, 0xC2, 0x2A,
    0x25, 0x50, 0x09, 0x9A, 0x45, 0xD2, 0x2A, 0x81, 0xE3, 0x84, 0xE2, 0x1F, 0x54, 0x11, 0x7D, 0x5A,
    0xB0, 0x93, 0x5D, 0xB7, 0x73, 0x23, 0x1A, 0x6C, 0xE7, 0xC9, 0x0B, 0xB7, 0xE3, 0x6D, 0x6D, 0x47,
    0x0D, 0xCE, 0x82, 0xCF, 0xC1, 0xE2, 0x11, 0x94, 0xC3, 0x7C, 0x80, 0x33, 0x29, 0xB6, 0x82, 0x9D,
    0x60, 0x23, 0xA2, 0x19, 0x62, 0x1B, 0xD8, 0x05, 0x36, 0xE1, 0x51, 0x5A, 0xA4, 0xB4, 0x0C, 0x7E,
    0x68, 0x6A, 0xA5, 0x23, 0x6D, 0x9F, 0x5C, 0xEC, 0x17, 0xC6, 0x9E, 0xB8, 0x0A, 0x87, 0xCE, 0xE4,
    0x66, 0xE1, 0x72, 0xD0, 0x2A, 0x99, 0x59, 0x45, 0x0A, 0x3D, 0x5D, 0x6C, 0xB5, 0x8D, 0x02, 0xD0,
    0x9E, 0xC3, 0x02, 0xBC, 0x16, 0x56, 0x17, 0x2B, 0x0D, 0x11, 0x40, 0xF3, 0x30, 0x92, 0x2F, 0x03,
    0x3C, 0x8E, 0xB6, 0x89, 0x9B, 0xF4, 0x1D, 0x33, 0xBD, 0xC8, 0x5E, 0x43, 0xDE, 0x69, 0x79, 0xD4,
    0x2E, 0x73, 0x59, 0xC0, 0x93, 0x66, 0x80, 0xA5, 0x82, 0xEB, 0xE4, 0xF4, 0xF2, 0xE6, 0xC0, 0x42,
    0x5C, 0xA3, 0x91, 0xB1, 0x7B, 0x34, 0x16, 0x00, 0x64, 0xC6, 0x77, 0xED, 0xC1, 0xF8, 0x6E, 0x2F,
    0x0C, 0xF4, 0xDA, 0x2B, 0x88, 0xEF, 0x45, 0x72, 0xEF, 0x77, 0xE9, 0x88, 0x23, 0xC7, 0xA1, 0x9F,
    0x5C, 0x78, 0x86, 0x3F, 0x6B, 0xD8, 0xF4, 0xF9, 0xA5, 0x81, 0x31, 0x08, 0x48, 0x90, 0x32, 0x78,
    0x4A, 0xD2, 0x86, 0x6B, 0xD7, 0xE0, 0x4B, 0x2D, 0x4D, 0x06, 0xCC, 0xC4, 0x42, 0x11, 0x10, 0x19,
    0x48, 0xCC, 0x6F, 0x19, 0xC1, 0x5A, 0x07, 0xD0, 0xEC, 0xB8, 0x40, 0x0E, 0x12, 0xF9, 0x2B, 0xF0,
    0x39, 0x3E, 0xF1, 0xA2, 0x3E, 0xF2, 0x32, 0x39, 0x8F, 0x98, 0x0C, 0xBB, 0x60, 0x35, 0x9A, 0x9C,
    0x6F, 0x5E, 0x8B, 0x7A, 0x84, 0x54, 0x44, 0x9A, 0xF7, 0xA3, 0x32, 0xBC, 0xD7, 0xDD, 0x58, 0xB9,
    0x96, 0x72, 0xCF, 0xCB, 0x59, 0xF1, 0x42, 0xB4, 0x02, 0x18, 0x4F, 0x7F, 0x23, 0xDD, 0x68, 0xC5,
    0x91, 0x1E, 0x2D, 0x7B, 0x8C, 0xE4, 0x12, 0x1E, 0xBB, 0x01, 0x1C, 0x84, 0x7D, 0x87, 0x56, 0xCA,
    0xD5, 0xBC, 0x3B, 0x09, 0x38, 0x2B, 0x7D, 0xE0, 0x09, 0xD8, 0x8E, 0x9C, 0x71, 0x02, 0xD2, 0x1D,
    0x9C, 0xC8, 0x37, 0xD9, 0xE9, 0xF1, 0x38, 0x09, 0xF7, 0x7A, 0xC0, 0x81, 0xAC, 0x58, 0xC3, 0x6A,
    0x21, 0x35, 0xA6, 0xB8, 0x6F, 0xAD, 0xA7, 0x39, 0x9B, 0x75, 0x1F, 0x6D, 0xF8, 0xC7, 0x3C, 0x40,
    0xEC, 0x62, 0xCD, 0xA1, 0xDC, 0xFB, 0x51, 0xA3, 0xCB, 0xDC, 0x46, 0x72, 0x2D, 0x77, 0xF4, 0x5C,
    0x51, 0x37, 0x1B, 0xC1, 0xAA, 0x9A, 0xFE, 0x8B, 0x12, 0xBF, 0x8F, 0x44, 0x8B, 0xB9, 0x8F, 0xAB,
    0x72, 0xFA, 0x57, 0xD4, 0x45, 0xA5, 0x34, 0xAA, 0x3A, 0xDA, 0x22, 0x42, 0x05, 0xD3, 0x47, 0xB9,
    0x69, 0x7A, 0xF0, 0xAB, 0x94, 0x1E, 0x2F, 0xD1, 0xE7, 0x9C, 0xDE, 0x11, 0xBC, 0x22, 0xCE, 0xD3,
    0xBB, 0xA9, 0x32, 0xE6, 0x56, 0x4F, 0xEB, 0xE7, 0x8A, 0x79, 0x1C, 0x1F, 0x17, 0x71, 0xA6, 0x6E,
    0xD7, 0x90, 0xAD, 0x51, 0x4D, 0x20, 0xA7, 0x28, 0x4E, 0x11, 0xF0, 0xE0, 0xAB, 0xE8, 0x00, 0xF7,
    0x65, 0x02, 0x30, 0x15, 0x94, 0x2F, 0xD0, 0xF2, 0x19, 0xC3, 0x2F, 0x13, 0xB1, 0xD6, 0x73, 0x25,
    0xA2, 0xFB, 0xA2, 0x47, 0x53, 0x28, 0xA3, 0x1C, 0xFC, 0x99, 0xCE, 0x6A, 0x22, 0xBE, 0x68, 0x27,
    0x4D, 0x90, 0x2D, 0xA1, 0x3A, 0x1D, 0x79, 0xCC, 0x84, 0x96, 0xD0, 0x12, 0xCB, 0x66, 0x3B, 0x3C,
    0x4D, 0x73, 0x32, 0x2A, 0x58, 0x9A, 0xE1, 0xC5, 0x7A, 0x78, 0x5C, 0x67, 0xB7, 0x6A, 0x96, 0x78,
    0xE0, 0x1F, 0x18, 0x3A, 0x89, 0x1A, 0x17, 0xB6, 0x28, 0x39, 0x39, 0xB4, 0xBA, 0x83, 0xA0, 0x98,
    0x9C, 0xD3, 0xAC, 0x7B, 0x4A, 0x7C, 0x4F, 0xED, 0x4B, 0xDD, 0x90, 0xDB, 0x41, 0x67, 0x66, 0xE9,
    0x0E, 0x80, 0x59, 0xEE, 0x9E, 0xC2, 0xF5, 0x10, 0xD9, 0xD1, 0x9D, 0x08, 0x17, 0x95, 0xA5, 0x12,
    0xB5, 0xBA, 0x5C, 0xD0, 0xBD, 0x6F, 0x60, 0xC9, 0xB7, 0xEC, 0x5B, 0xB1, 0xF5, 0x89, 0xE4, 0x60,
    0xA9, 0xEF, 0xCB, 0x92, 0xD5, 0x2C, 0x53, 0xF3, 0xD7, 0xAF, 0xA9, 0xD3, 0x45, 0x11, 0x9D, 0x2A,
    0x0B, 0x39, 0x15, 0x5A, 0x3B, 0x1B, 0xFC, 0xD6, 0xCE, 0x9E, 0x9E, 0x79, 0x90, 0xF3, 0x00, 0x16,
    0xCC, 0xE7, 0x25, 0x8E, 0xDA, 0xE2, 0xF7, 0xBA, 0xBD, 0x58, 0xCA, 0xFB, 0x66, 0xB4, 0xB0, 0xC7,
    0xFE, 0xBE, 0xE5, 0xB2, 0x39, 0x31, 0x3A, 0x48, 0xB3, 0x3F, 0x27, 0xBF, 0xC7, 0x58, 0x4C, 0xA1,
    0x62, 0xCA, 0x62, 0x86, 0x07, 0xA7, 0xF0, 0x7D, 0x58, 0x37, 0x2D, 0x8B, 0x21, 0x2F, 0xA3, 0x81,
    0xB3, 0x75, 0x2D, 0xF9, 0xAD, 0xB4, 0x3E, 0x21, 0xFB, 0xD6, 0xDE, 0x70, 0x5E, 0xA6, 0x8B, 0x27,
    0xBA, 0xD6, 0x9F, 0x5E, 0xA2, 0xEB, 0xB9, 0x4D, 0xE3, 0xE0, 0x3B, 0xEB, 0x3B, 0xB5, 0xA0, 0x36,
    0xC3, 0x46, 0x93, 0x07, 0xCC, 0x23, 0xA7, 0xB7, 0x4A, 0x4A, 0x96, 0x04, 0xBD, 0x0B, 0xD2, 0x8D,
    0x39, 0x79, 0x22, 0x75, 0x4A, 0x24, 0x4E, 0x9D, 0x30, 0x43, 0xDD, 0x99, 0x1D, 0xC1, 0x26, 0xF5,
    0xD8, 0x9A, 0x93, 0x31, 0x0A, 0x7C, 0x8B, 0x96, 0xE1, 0x5B, 0x55, 0x20, 0x72, 0xFF, 0x8B, 0x87,
    0x0F, 0xB1, 0xBC, 0x1F, 0x11, 0x7D, 0x17, 0x85, 0xED, 0x44, 0xBA, 0x29, 0xD3, 0x47, 0xAF, 0x37,
    0x8D, 0x82, 0x2D, 0x78, 0x45, 0x15, 0x48, 0x5D, 0x80, 0x54, 0x34, 0x18, 0x78, 0xB6, 0x28, 0xB0,
    0x0A, 0xF7, 0xC9, 0x6F, 0x6F, 0x20, 0xE4, 0xC1, 0x49, 0x5F, 0xBD, 0x02, 0x19, 0xFD, 0xF1, 0xE0,
    0x79, 0x63, 0xA7, 0xAC, 0xA1, 0x70, 0xE8, 0xD9, 0x12, 0xD8, 0x7E, 0x80, 0x16, 0xCC, 0x4D, 0xC6,
    0x83, 0x87, 0x5F, 0x95, 0xC3, 0xC0, 0xD4, 0xA6, 0xDC, 0xE9, 0x86, 0xC3, 0xC4, 0x1C, 0x04, 0x2D,
    0x1C, 0x1D, 0x47, 0x9E, 0x29, 0x80, 0x13, 0x3A, 0xF1, 0xE8, 0x98, 0x38, 0xEB, 0x1F, 0x81, 0xAC,
    0x12, 0x92, 0x5D, 0xB9, 0xC9, 0x9D, 0xE6, 0x37, 0xB0, 0x95, 0xBA, 0x48, 0xEE, 0x5F, 0x91, 0x27,
    0xCE, 0xC6, 0xF4, 0xF6, 0xEB, 0xA3, 0x63, 0x62, 0xBA, 0xE3, 0xFE, 0x10, 0x20, 0x02, 0x13, 0x85,
    0x17, 0xCF, 0x0F, 0x8D, 0x69, 0x78, 0xFD, 0x09, 0xF4, 0x23, 0x56, 0x38, 0x82, 0x12, 0x43, 0xB3,
    0xF5, 0x4F, 0x8B, 0xFD, 0x61, 0x6D, 0xB1, 0xB4, 0xED, 0x61, 0x8E, 0x2B, 0x33, 0x7C, 0x35, 0x63,
    0xE2, 0xD9, 0x50, 0xB3, 0xF9, 0xC3, 0x03, 0x6F, 0xAA, 0xF6, 0x5C, 0x30, 0x5C, 0x3F, 0xF6, 0x28,
    0x00, 0xD1, 0xF0, 0x41, 0x6F, 0xDD, 0xA8, 0x0A, 0xAC, 0x4E, 0xD4, 0x90, 0x68, 0xC3, 0xA3, 0xA7,
    0x51, 0x4A, 0xCE, 0x3B, 0xF7, 0x23, 0x94, 0xC5, 0x77, 0x57, 0x7F, 0x81, 0x1C, 0x72, 0xE7, 0xDD,
    0xD5, 0x88, 0xC4, 0x5D, 0x71, 0x17, 0xCE, 0xF0, 0x91, 0xF8, 0x08, 0xD7, 0xCF, 0xC4, 0x67, 0xB8,
    0xF6, 0x98, 0x15, 0xDA, 0x29, 0x77, 0x57, 0x76, 0x62, 0x34, 0x4E, 0x19, 0xFD, 0x60, 0xD2, 0xE4,
    0x21, 0xF0, 0x8F, 0x1F, 0xD2, 0x1A, 0x17, 0xED, 0x78, 0xCE, 0xB7, 0xD2, 0x59, 0x27, 0x4A, 0x91,
    0x5B, 0xBA, 0x33, 0xE2, 0x56, 0x37, 0xB4, 0x57, 0x7B, 0x15, 0xFB, 0x4E, 0xA5, 0x69, 0x7D, 0x3A,
    0x17, 0x5B, 0xFD, 0x20, 0xB2, 0xB8, 0x2C, 0xAB, 0xA3, 0xBA, 0x74, 0xE8, 0x32, 0xCE, 0xB0, 0x73,
    0xD0, 0x9D, 0xB4, 0x91, 0x06, 0xD2, 0x97, 0x4C, 0x87, 0x5C, 0xC6, 0x08, 0xF6, 0x2E, 0x6E, 0x23,
    0x23, 0x3D, 0x44, 0x75, 0xD9, 0xD8, 0x36, 0x1E, 0xDE, 0x96, 0x9D, 0x38, 0xD1, 0x07, 0xFC, 0x1D,
    0xBD, 0x65, 0xDE, 0x38, 0xB8, 0xA9, 0x50, 0x32, 0xB1, 0xA0, 0x7B, 0x42, 0x4F, 0x4E, 0xF4, 0x90,
    0x66, 0xEB, 0x0E, 0xD3, 0x03, 0x54, 0x1E, 0x24, 0xC5, 0x19, 0x60, 0x2E, 0x1C, 0xC7, 0x42, 0x3A,
    0x2E, 0xC0, 0x2F, 0x0B, 0xB1, 0xF9, 0xC1, 0xD6, 0x37, 0x59, 0xF0, 0xC7, 0xA9, 0x69, 0x7D, 0x6E,
    0xB2, 0x80, 0x93, 0xA8, 0xF3, 0xF5, 0xF9, 0x7C, 0xA2, 0x42, 0x63, 0xC0, 0xC9, 0xB6, 0x5A, 0x34,
    0xBF, 0x45, 0x38, 0x26, 0xFB, 0xDB, 0x3C, 0xA3, 0x7E, 0x74, 0x5D, 0x09, 0xE9, 0x93, 0xD0, 0xA9,
    0xB8, 0x9B, 0xDB, 0x47, 0x6D, 0x62, 0x32, 0x1F, 0x59, 0x38, 0x43, 0x17, 0x1F, 0x15, 0x68, 0xFE,
    0xEA, 0x4D, 0xF8, 0xD4, 0x56, 0xFE, 0xE1, 0xE1, 0xD8, 0x16, 0xAF, 0xF0, 0xE2, 0x38, 0xD8, 0x88,
    0x2B, 0x17, 0xA2, 0x13, 0x05, 0xFD, 0xB4, 0x1E, 0xC0, 0x62, 0xE3, 0x65, 0x5B, 0x75, 0x32, 0xF5,
    0x4F, 0x6E, 0x33, 0xE0, 0x4A, 0x22, 0xDD, 0x62, 0x51, 0xE3, 0x80, 0x31, 0xA3, 0x7F, 0x36, 0x1D,
    0xD8, 0x69, 0x6F, 0x0C, 0x27, 0xF1, 0x6E, 0x16, 0x90, 0xBD, 0x6E, 0xDE, 0xC4, 0x8E, 0x01, 0x83,
    0x7C, 0x96, 0x18, 0xEC, 0xC3, 0x14, 0x1C, 0x3F, 0x3C, 0x44, 0xAC, 0x6C, 0x35, 0xF8, 0x7A, 0x71,
    0xA8, 0xC6, 0xF9, 0xAF, 0x5E, 0xDB, 0xA7, 0x7A, 0xD2, 0xFC, 0x77, 0x83, 0x01, 0x91, 0x9D, 0x79,
    0x7E, 0xAA, 0xF7, 0x3F, 0xB5, 0x59, 0x4D, 0x6C, 0x1B, 0xD7, 0x11, 0x9E, 0xB7, 0xCF, 0xD6, 0xDA,
    0x5E, 0x5B, 0xAB, 0x43, 0x00, 0xA7, 0x91, 0xC9, 0x4D, 0x01, 0x1F, 0xDC, 0x94, 0x14, 0x7D, 0x50,
    0x01, 0x16, 0x58, 0x9A, 0x5B, 0xFB, 0x90, 0x63, 0xD2, 0x73, 0x51, 0x38, 0xD7, 0x16, 0x2D, 0xAC,
    0x00, 0x3C, 0xB0, 0xA8, 0x2C, 0x2E, 0x7C, 0xCD, 0x21, 0xEA, 0xB9, 0x17, 0x1D, 0x72, 0x68, 0x9C,
    0xC2, 0x62, 0x53, 0x16, 0x25, 0x50, 0x47, 0x7C, 0x8D, 0x0F, 0x06, 0x9A, 0x43, 0x36, 0x08, 0x72,
    0x2A, 0x50, 0xAC, 0x6B, 0x17, 0x29, 0x6C, 0x24, 0x59, 0xA5, 0x8B, 0x96, 0x95, 0x25, 0x6D, 0xBF,
    0x99, 0xB7, 0xA2, 0x6C, 0xB7, 0x89, 0xA5, 0x4A, 0x26, 0xB4, 0x6F, 0x45, 0x91, 0xFB, 0xE6, 0x9B,
    0xBF, 0x6F, 0x66, 0x9E, 0x88, 0xF0, 0x3A, 0xE7, 0x46, 0x7C, 0xA3, 0xB9, 0xBA, 0xDC, 0xC8, 0xCF,
    0xED, 0x5D, 0x27, 0x34, 0x79, 0xAD, 0x6E, 0x93, 0x53, 0x14, 0x46, 0x17, 0x45, 0xA2, 0xEF, 0xAF,
    0x1A, 0x0A, 0x9D, 0x5C, 0xC7, 0x3E, 0x51, 0x48, 0x37, 0x35, 0xB5, 0x88, 0xBA, 0xBC, 0xE0, 0xB9,
    0x01, 0xEE, 0x4E, 0x4A, 0x94, 0xE1, 0xEE, 0x1A, 0x7B, 0x0F, 0x88, 0x54, 0x86, 0x6F, 0x86, 0xB8,
    0xA7, 0xB4, 0xC8, 0x5F, 0x73, 0x12, 0xCA, 0x9D, 0x54, 0x91, 0x36, 0x4E, 0xEA, 0x1A, 0x17, 0xF7,
    0xC0, 0x04, 0xE4, 0x93, 0xF7, 0x60, 0x9B, 0xDA, 0xD7, 0xD7, 0xA8, 0x57, 0xA4, 0xD4, 0x2E, 0x36,
    0xE9, 0xF1, 0xD7, 0x8C, 0xAC, 0x69, 0x9F, 0xD1, 0xD0, 0xBB, 0x02, 0x86, 0xDA, 0x11, 0x63, 0xA1,
    0x39, 0x81, 0xC2, 0x1F, 0x03, 0x89, 0x7B, 0x6F, 0x81, 0x81, 0xF8, 0x45, 0xC6, 0xF2, 0x4F, 0xCD,
    0x26, 0x7C, 0x3B, 0xE6, 0x46, 0x82, 0xA2, 0x6A, 0x41, 0x34, 0x05, 0x03, 0xA5, 0x02, 0x41, 0x1B,
    0x41, 0xE0, 0xD3, 0x8A, 0x00, 0x28, 0x52, 0x96, 0xFF, 0x9D, 0x91, 0x79, 0x54, 0xF6, 0x11, 0xA2,
    0x35, 0xEA, 0x77, 0x88, 0xAE, 0x50, 0x07, 0x0A, 0x56, 0xA9, 0x1D, 0x13, 0xD5, 0x81, 0x99, 0x25,
    0xE3, 0xD5, 0x58, 0x74, 0xF2, 0xA6, 0x7A, 0x38, 0xF6, 0x8A, 0x81, 0x8E, 0x07, 0xDE, 0x6C, 0xEA,
    0x53, 0xFF, 0xA8, 0x8E, 0x2B, 0x90, 0xED, 0x53, 0x0D, 0x32, 0x61, 0x00, 0x58, 0xB4, 0x4F, 0xA1,
    0x6B, 0x1C, 0x18, 0xB0, 0xF2, 0x27, 0x2F, 0x5A, 0x68, 0xAF, 0x6F, 0x36, 0x8A, 0x2C, 0x88, 0xB3,
    0xDA, 0x6A, 0xA2, 0xA0, 0x0D, 0x7E, 0x96, 0x88, 0x7A, 0x11, 0x6F, 0x09, 0x6F, 0x2C, 0xCA, 0xDE,
    0x5D, 0x59, 0x07, 0xF2, 0x36, 0x93, 0xB7, 0x19, 0xBF, 0x55, 0x62, 0x66, 0xBB, 0x3A, 0x89, 0x52,
    0xAC, 0x8A, 0x2B, 0xAB, 0x0F, 0xD5, 0xBC, 0xFB, 0x6B, 0xD0, 0xAA, 0x57, 0x6C, 0x6A, 0xD1, 0x42,
    0x5C, 0x7C, 0xC4, 0x17, 0xF7, 0xBE, 0x27, 0x6B, 0x6A, 0xF5, 0x7A, 0x9E, 0xC5, 0xB6, 0x58, 0x6A,
    0xD3, 0xEA, 0xB1, 0x68, 0x8D, 0xE8, 0x66, 0x10, 0x71, 0x94, 0x0D, 0x48, 0xB2, 0xA4, 0xD8, 0x59,
    0x25, 0x58, 0x1C, 0x03, 0x61, 0xDA, 0x40, 0x16, 0x2F, 0xBE, 0x1B, 0x43, 0x92, 0x17, 0x41, 0x90,
    0x6C, 0x5E, 0xE5, 0xA5, 0xC6, 0xFB, 0x02, 0x26, 0xB5, 0xF1, 0x20, 0x05, 0x31, 0x35, 0xCC, 0x89,
    0xD3, 0xA6, 0xA1, 0xE3, 0x3A, 0x60, 0x78, 0x90, 0xED, 0xE4, 0xD3, 0x6A, 0x58, 0xA1, 0x4E, 0x9D,
    0xFA, 0x21, 0x65, 0xF8, 0xE9, 0xAA, 0x74, 0xE0, 0x24, 0xFF, 0xBA, 0x64, 0x0A, 0x6D, 0x86, 0x6E,
    0xCC, 0x56, 0xF5, 0xE9, 0x78, 0x8B, 0xFC, 0x31, 0x79, 0x09, 0x39, 0x9B, 0xD4, 0xBB, 0x23, 0xA6,
    0x09, 0xA2, 0xA5, 0x88, 0xDA, 0x34, 0xCD, 0xD1, 0xD6, 0x8B, 0x2A, 0x8C, 0xB8, 0x67, 0x6A, 0x7C,
    0xFB, 0x6D, 0x52, 0x63, 0xCB, 0x7C, 0x99, 0x86, 0x6C, 0xA9, 0x34, 0x6B, 0xB2, 0x6D, 0x92, 0x61,
    0x47, 0x6E, 0x61, 0x9F, 0x6D, 0x64, 0xEA, 0x7D, 0x6B, 0x9E, 0x0C, 0xF6, 0xD1, 0xB1, 0xC7, 0x6E,
    0xF7, 0x96, 0xDD, 0x04, 0xB7, 0x76, 0x06, 0x65, 0x62, 0x31, 0x88, 0x27, 0xC9, 0x60, 0x4D, 0x45,
    0xFE, 0x4D, 0x7A, 0xD4, 0x58, 0xF4, 0x0D, 0x86, 0x92, 0x5E, 0x10, 0x24, 0xA1, 0x00, 0xB1, 0x38,
    0x04, 0x06, 0x4C, 0x06, 0x14, 0xB0, 0x19, 0x83, 0xC8, 0x2C, 0x06, 0x81, 0x90, 0x32, 0x02, 0x95,
    0x30, 0x00, 0x87, 0x6D, 0x26, 0xC2, 0x20, 0x3E, 0x66, 0xE9, 0x6E, 0xC4, 0xC2, 0x4B, 0x71, 0xB2,
    0x4A, 0x1A, 0x1E, 0x13, 0x3F, 0x34, 0x32, 0xF9, 0xB3, 0x45, 0xF6, 0x3C, 0x2F, 0x2D, 0x5E, 0x9A,
    0xBB, 0x71, 0xD9, 0xF8, 0xE3, 0xD8, 0xCD, 0x4E, 0x7F, 0xB0, 0x79, 0x34, 0xD3, 0xBF, 0x86, 0x54,
    0x17, 0x06, 0x4D, 0xDD, 0xA4, 0xA9, 0x12, 0xCF, 0x74, 0x1C, 0x6C, 0xDB, 0xE7, 0xBD, 0xD7, 0xB5,
    0xA9, 0xD2, 0x03, 0x37, 0xAE, 0xAB, 0x2D, 0x0F, 0xB8, 0xF3, 0x5D, 0x57, 0xD5, 0x77, 0x5C, 0xD5,
    0x28, 0x5D, 0x45, 0xB4, 0xC2, 0xEE, 0xCB, 0x99, 0x03, 0xDA, 0x66, 0x82, 0x49, 0x2C, 0xC3, 0x4B,
    0xC0, 0xE6, 0x69, 0xF3, 0xF2, 0x7B, 0xFE, 0xF2, 0xC7, 0xF8, 0x8A, 0x73, 0x0B, 0x8B, 0x7B, 0x11,
    0xCB, 0x34, 0x0C, 0x4B, 0xD5, 0x77, 0x60, 0xAD, 0x36, 0x72, 0x8F, 0xFA, 0x12, 0x38, 0x62, 0x7A,
    0xA4, 0x9A, 0x97, 0xA8, 0x2D, 0x18, 0xDA, 0x2B, 0x24, 0x99, 0xE6, 0x91, 0x0E, 0x7D, 0x0A, 0x4C,
    0x69, 0xEF, 0x2B, 0x3F, 0x41, 0xEA, 0xB8, 0xF1, 0x00, 0x80, 0x91, 0x31, 0xA1, 0x4A, 0x91, 0x2B,
    0x48, 0x14, 0x64, 0x09, 0x52, 0x04, 0xF9, 0x41, 0x49, 0x48, 0xEB, 0x19, 0xAC, 0x6C, 0x61, 0xAB,
    0xC2, 0x70, 0xC8, 0x86, 0x12, 0xAE, 0x5D, 0x49, 0x8E, 0xAC, 0xCC, 0x06, 0x0E, 0x51, 0xB8, 0x97,
    0x33, 0x9A, 0x63, 0xA7, 0x97, 0xD3, 0x91, 0xA3, 0xB5, 0x4A, 0xA5, 0xEB, 0xA7, 0xCC, 0x47, 0x3D,
    0xBA, 0x0C, 0x8D, 0xA6, 0xA9, 0x42, 0x1C, 0x35, 0xDD, 0xE8, 0x0F, 0xF1, 0x88, 0x86, 0x44, 0x27,
    0x80, 0xD0, 0x7B, 0x25, 0x22, 0xCD, 0x94, 0x93, 0x59, 0x75, 0x5D, 0x90, 0x4C, 0xAF, 0x30, 0x20,
    0xBA, 0x0C, 0x4F, 0xE6, 0x7E, 0x44, 0x43, 0xC8, 0x1E, 0xC2, 0x01, 0x43, 0x4E, 0x47, 0x5C, 0x39,
    0x2E, 0x44, 0xAF, 0x93, 0x5C, 0x20, 0xCF, 0x04, 0x51, 0x83, 0xBC, 0x62, 0x0C, 0x68, 0xCB, 0xFF,
    0x53, 0xC1, 0xD8, 0xD9, 0xC8, 0x3C, 0x56, 0x70, 0x58, 0xA7, 0x6E, 0xC8, 0xCF, 0x5B, 0x35, 0x4D,
    0x63, 0x95, 0xDC, 0x31, 0xD1, 0x3C, 0xCC, 0x1B, 0x62, 0x43, 0x1F, 0xE2, 0x5D, 0xCB, 0x3C, 0x45,
    0xDA, 0x18, 0x5F, 0x89, 0xBC, 0xA4, 0x8A, 0x68, 0xAD, 0x23, 0x85, 0x43, 0xB8, 0x20, 0x04, 0xFC,
    0x10, 0x0A, 0x74, 0xE9, 0x14, 0xB4, 0x66, 0x76, 0xA9, 0x11, 0xD3, 0x5A, 0x8E, 0x77, 0x37, 0x41,
    0x70, 0x6D, 0x58, 0xC6, 0xFB, 0xB7, 0x84, 0x30, 0xE2, 0x04, 0xAE, 0xAC, 0xF5, 0xB1, 0x27, 0xDC,
    0xE2, 0xD9, 0x20, 0x0A, 0x10, 0x09, 0xA7, 0x4D, 0x08, 0xEB, 0xE0, 0x8A, 0x9B, 0xD8, 0xB5, 0x83,
    0x5D, 0xC1, 0x51, 0x78, 0xB6, 0xAA, 0x71, 0x4D, 0xDF, 0xA5, 0x60, 0xB8, 0x0D, 0xD3, 0xB1, 0x59,
    0xDE, 0xC6, 0x03, 0xDB, 0xD6, 0x1C, 0xE7, 0xB0, 0xD7, 0x22, 0xB3, 0xD1, 0x6E, 0xF0, 0x1D, 0x08,
    0xDF, 0x0B, 0xBF, 0x42, 0xD0, 0x6D, 0xD9, 0x8D, 0xCE, 0x9E, 0x83, 0x51, 0x91, 0x6A, 0x4C, 0xAF,
    0xE5, 0x6B, 0x5F, 0x38, 0x27, 0xC9, 0x73, 0x15, 0x57, 0x59, 0xB5, 0xCE, 0x61, 0xCF, 0x45, 0x44,
    0x47, 0xE7, 0x90, 0xF0, 0xD2, 0x49, 0x9B, 0x7D, 0x8A, 0xCB, 0x97, 0x2D, 0x98, 0xD4, 0x39, 0x4B,
    0x34, 0x86, 0xFC, 0x6C, 0xF0, 0xFF, 0xE1, 0x3E, 0x05, 0xFE, 0xF0, 0x70, 0xD7, 0xE9, 0x33, 0xC2,
    0x8C, 0x18, 0x08, 0x81, 0x39, 0xC8, 0x27, 0x31, 0x75, 0x60, 0xCC, 0xFC, 0x3A, 0xC3, 0x84, 0x81,
    0x6B, 0xCA, 0x3C, 0x23, 0xDC, 0x25, 0xC7, 0xB5, 0x4A, 0xB7, 0x1E, 0x92, 0xBD, 0xD5, 0x1A, 0x79,
    0xAB, 0xF1, 0x49, 0xCB, 0x0D, 0x81, 0x71, 0x1E, 0x9A, 0xE0, 0x52, 0x1C, 0x7A, 0x51, 0xA7, 0x4A,
    0xAD, 0x21, 0x05, 0x1C, 0x38, 0x2F, 0xBD, 0xC5, 0x5C, 0x3E, 0x69, 0x3C, 0xFA, 0x0B, 0xCC, 0x07,
    0xCC, 0x85, 0x69, 0xF6, 0x58, 0x2B, 0x72, 0x78, 0x5C, 0x88, 0x3C, 0x68, 0x6F, 0x96, 0xCA, 0x41,
    0xB7, 0x89, 0x6A, 0x4F, 0x65, 0x44, 0xFA, 0x31, 0x63, 0x1D, 0x8D, 0xFF, 0x1B, 0xD2, 0xF4, 0x33,
    0x82, 0x29, 0xD9, 0x0A, 0x5F, 0x80, 0x4A, 0xBC, 0x68, 0xCF, 0x30, 0xE9, 0x85, 0xB7, 0xA5, 0x50,
    0x6D, 0x3D, 0xD1, 0xCD, 0xF9, 0x45, 0x01, 0x38, 0x7A, 0x7B, 0x15, 0x5B, 0xB9, 0xB9, 0xC6, 0x5F,
    0x4E, 0x65, 0x0E, 0x3B, 0x5E, 0x2C, 0xFD, 0x1B, 0x4E, 0x09, 0xF5, 0xFE, 0xFD, 0x15, 0x7C, 0x78,
    0x09, 0xDD, 0x18, 0xF9, 0xEF, 0x70, 0xB0, 0x71, 0x88, 0x00, 0x25, 0x5A, 0x04, 0x94, 0x75, 0x2F,
    0x3A, 0x43, 0xDC, 0x85, 0x36, 0x51, 0xB8, 0x82, 0xEB, 0x39, 0xF5, 0x92, 0x82, 0x75, 0x70, 0xAE,
    0x47, 0xE4, 0x16, 0xBB, 0xCD, 0x5B, 0xE3, 0xDA, 0x58, 0x6D, 0x6C, 0x5F, 0x75, 0xE3, 0x6E, 0xD5,
    0x07, 0xC4, 0x8A, 0xBA, 0x93, 0x87, 0xFA, 0x0B, 0x13, 0x82, 0x75, 0x43, 0x1F, 0x9D, 0xD8, 0x4B,
    0x49, 0xAD, 0xBD, 0xFE, 0x10, 0x5D, 0x18, 0xFA, 0x2E, 0x6F, 0x3B, 0xE2, 0xE6, 0xD3, 0xC9, 0x9D,
    0xC4, 0x35, 0x0A, 0xA5, 0x53, 0x45, 0xD5, 0xB2, 0x4C, 0x86, 0x72, 0xF5, 0x50, 0xDB, 0x67, 0x4D,
    0x8B, 0x46, 0x19, 0xE8, 0x3E, 0x0A, 0x20, 0xDD, 0x2D, 0x60, 0x9E, 0xD1, 0x3D, 0xF6, 0xC5, 0x67,
    0xA4, 0xFF, 0xFC, 0x77, 0xB4, 0x37, 0x86, 0x2A, 0x88, 0xB0, 0x0A, 0x50, 0x06, 0x57, 0xE0, 0x84,
    0xDC, 0xF6, 0x5F, 0xA8, 0x20, 0x9C, 0x89, 0x2A, 0x5F, 0x03, 0xEA, 0x20, 0x6E, 0x03, 0xAC, 0x87,
    0x0F, 0xF4, 0xDF, 0xD6, 0xF0, 0x28, 0x34, 0x3C, 0xC3, 0xDF, 0x87, 0x34, 0x6F, 0x2C, 0x0D, 0xB2,
    0xBC, 0x66, 0x81, 0x87, 0xFB, 0x6E, 0xF4, 0x2A, 0x7E, 0xA4, 0xE3, 0x2A, 0x39, 0x25, 0x0E, 0x29,
    0x7B, 0x28, 0x5D, 0x85, 0x19, 0xA2, 0xB6, 0x2C, 0x22, 0x4D, 0xD0, 0x2D, 0xC1, 0xCB, 0x55, 0xD8,
    0x75, 0x1B, 0x45, 0x08, 0xFB, 0x29, 0x42, 0x41, 0xBB, 0x84, 0x60, 0xFF, 0x10, 0xBF, 0x73, 0x88,
    0x95, 0x7D, 0xBD, 0xB7, 0x8D, 0x8E, 0x6F, 0x2D, 0xA6, 0xAC, 0xC6, 0xAD, 0x11, 0xAE, 0x2E, 0xA9,
    0x7F, 0xC2, 0x6E, 0xA3, 0xC8, 0x6E, 0xCA, 0xF6, 0x67, 0x08, 0x70, 0xCF, 0xDC, 0xCB, 0xDC, 0x06,
    0x0E, 0xE5, 0x5A, 0xFA, 0x65, 0x26, 0xE6, 0x21, 0x27, 0x46, 0x49, 0x71, 0x3E, 0x66, 0x84, 0x05,
    0xED, 0xB4, 0xBF, 0x52, 0x94, 0x6F, 0xE1, 0xFD, 0x12, 0x42, 0x46, 0x3A, 0x5D, 0x5A, 0x64, 0x85,
    0xBB, 0xFC, 0xE9, 0xEF, 0x78, 0xCB, 0x87, 0x71, 0xF9, 0x80, 0xFA, 0x14, 0xBE, 0x51, 0x77, 0x53,
    0xD6, 0x12, 0x90, 0xB4, 0xB9, 0xC9, 0x4B, 0x1B, 0xC0, 0x12, 0x14, 0xAA, 0xDE, 0x58, 0x97, 0x38,
    0x9D, 0xEF, 0x25, 0xCE, 0xED, 0x98, 0x3E, 0x67, 0x35, 0xB9, 0x1E, 0x67, 0xDC, 0x8F, 0xDA, 0xF8,
    0x54, 0x68, 0x0A, 0x6F, 0x67, 0xFA, 0xF3, 0x81, 0xCE, 0x3A, 0xAE, 0xE9, 0x7B, 0x17, 0x13, 0xFF,
    0x72, 0x84, 0x66, 0x71, 0xBA, 0x4B, 0x95, 0x39, 0xAA, 0xF9, 0xF7, 0x78, 0x26, 0xF8, 0xFA, 0x02,
    0x3E, 0xFC, 0xEA, 0x02, 0x0E, 0xEC, 0xDC, 0xD2, 0xCD, 0xE3, 0xFA, 0x19, 0x54, 0x68, 0x44, 0x4F,
    0x94, 0xEF, 0xCE, 0x93, 0xE5, 0x1B, 0xC6, 0x5D, 0xE0, 0xC2, 0xA3, 0x10, 0x05, 0xF8, 0x7D, 0x0A,
    0x01, 0xE8, 0x15, 0xD1, 0x24, 0x00, 0x0F, 0x13, 0x08, 0x08, 0x6A, 0x42, 0x4F, 0xFB, 0x02, 0x75,
    0x0A, 0x51, 0xE9, 0x83, 0x4C, 0xF9, 0xEF, 0xAA, 0xAC, 0x37, 0x88, 0x2C, 0x75, 0x7F, 0x35, 0x76,
    0xCC, 0x1C, 0x9C, 0x0A, 0x23, 0xF3, 0xE4, 0xC6, 0x7D, 0x02, 0xF7, 0x20, 0x62, 0xF4, 0x70, 0x72,
    0xD5, 0xD0, 0x69, 0xB5, 0xC0, 0xA9, 0x0D, 0x80, 0x62, 0x7D, 0xE8, 0x88, 0x02, 0x79, 0x80, 0x5F,
    0x3C, 0xF4, 0x05, 0x3A, 0x9F, 0x44, 0x2C, 0xA6, 0x44, 0xD2, 0x9F, 0x5C, 0x21, 0x8D, 0x67, 0x14,
    0x3B, 0x8B, 0xE7, 0x0F, 0x66, 0x8B, 0x39, 0xCE, 0xDE, 0x44, 0x46, 0x41, 0xE9, 0xD7, 0xA8, 0x23,
    0xF7, 0x19, 0x7C, 0xA7, 0x09, 0xB9, 0xED, 0xD5, 0xB8, 0xE4, 0x7E, 0x05, 0xE3, 0xE1, 0x01, 0xF7,
    0x87, 0x78, 0x76, 0xBC, 0x8B, 0x15, 0x9D, 0x14, 0x88, 0xDE, 0xEE, 0xC7, 0xAD, 0x3A, 0x53, 0x00,
    0xEF, 0xEB, 0x97, 0x35, 0xE2, 0xD1, 0x34, 0x6D, 0x5A, 0x11, 0xDF, 0xE4, 0xA0, 0xC6, 0xD7, 0x97,
    0xCA, 0x09, 0x56, 0x33, 0x36, 0x0C, 0x8D, 0xEE, 0xFD, 0x55, 0xE2, 0xA9, 0xD1, 0xE3, 0x02, 0x83,
    0xB1, 0xF1, 0x14, 0xEB, 0xCA, 0x13, 0xAC, 0xCA, 0xEC, 0x04, 0xBB, 0x33, 0xB9, 0xFA, 0x64, 0xEF,
    0xAD, 0x72, 0x82, 0x1D, 0xDA, 0x09, 0xD6, 0xC9, 0xEC, 0x04, 0xEB, 0x9A, 0x23, 0x32, 0x3E, 0xFA,
    0xA8, 0x67, 0x3C, 0x3F, 0xB6, 0x60, 0x25, 0x1E, 0x20, 0xD7, 0xAE, 0xDF, 0x94, 0x09, 0x76, 0x54,
    0xE4, 0x8F, 0x4D, 0xD0, 0x3C, 0x53, 0xF3, 0xCC, 0x4A, 0x22, 0xDD, 0xA6, 0xCE, 0xCE, 0xCC, 0xEA,
    0x61, 0xAC, 0x85, 0xE8, 0x60, 0x9B, 0xC9, 0xB7, 0x75, 0xE6, 0xB2, 0xE1, 0xDB, 0x73, 0x9E, 0x95,
    0x5B, 0xB3, 0x33, 0xEB, 0xC0, 0xCE, 0xCD, 0x89, 0x1D, 0x9B, 0x23, 0x91, 0x59, 0x05, 0x0D, 0x42,
    0x64, 0xAF, 0x48, 0x58, 0xE2, 0xEB, 0xA3, 0x78, 0x22, 0x70, 0xCD, 0xC6, 0x08, 0x4D, 0x7A, 0x7D,
    0x3B, 0x58, 0xEC, 0x4C, 0xAB, 0x10, 0x08, 0xE6, 0x86, 0x3C, 0x4C, 0xAB, 0x10, 0x07, 0xFE, 0x86,
    0x34, 0x5B, 0x93, 0x79, 0x5A, 0x1D, 0x70, 0x0E, 0x23, 0xCD, 0xC0, 0xE5, 0x90, 0x04, 0x3A, 0x87,
    0x20, 0x30, 0x3A, 0xE4, 0x80, 0xD4, 0x45, 0xCC, 0x94, 0x6D, 0x02, 0x38, 0xDD, 0xF5, 0xF2, 0xC1,
    0xD9, 0x0A, 0xD1, 0x62, 0x1D, 0x1A, 0x94, 0x4F, 0xBC, 0x76, 0x38, 0x6C, 0x45, 0x82, 0x4D, 0xAC,
    0x2D, 0x71, 0xE0, 0x96, 0xE6, 0xC1, 0x24, 0x07, 0xD2, 0xBD, 0xCA, 0xD5, 0x51, 0xE6, 0x38, 0x19,
    0xE3, 0x46, 0x18, 0x26, 0xE9, 0x1F, 0x68, 0x25, 0x30, 0xC3, 0x35, 0xED, 0x18, 0xA9, 0x92, 0x41,
    0x07, 0xD5, 0x10, 0xBD, 0xBC, 0x36, 0xF5, 0x8C, 0x6D, 0x9E, 0x72, 0xD1, 0x49, 0x64, 0x74, 0xA4,
    0x5E, 0xA6, 0xCB, 0x42, 0xC3, 0x90, 0x2F, 0x90, 0x65, 0x79, 0x27, 0xDE, 0x99, 0xCD, 0x08, 0xA3,
    0x19, 0xF1, 0x64, 0xC6, 0x83, 0x19, 0xE6, 0x32, 0xA4, 0x77, 0x07, 0x9A, 0xF7, 0x71, 0xAD, 0xC3,
    0x2B, 0x0F, 0x08, 0x23, 0x99, 0x74, 0x40, 0x24, 0xD9, 0xCA, 0x24, 0x07, 0x6F, 0x4D, 0xA8, 0x43,
    0x26, 0xBF, 0xEF, 0x72, 0xC4, 0x2C, 0xB0, 0x89, 0x16, 0xF8, 0x37, 0x3E, 0x77, 0x90, 0xEE, 0x8B,
    0x7E, 0xCE, 0xDF, 0xBB, 0xCB, 0xA5, 0x90, 0xCB, 0x39, 0x53, 0xBD, 0x0C, 0x32, 0x28, 0xE7, 0x09,
    0x57, 0xCA, 0xF4, 0x6B, 0xCA, 0x39, 0x9D, 0x25, 0x44, 0xE0, 0xB4, 0x08, 0xC2, 0x94, 0x54, 0xEF,
    0xD3, 0xFC, 0x02, 0xB5, 0x52, 0x3B, 0x01, 0xEE, 0xA5, 0xA8, 0xD3, 0x31, 0x01, 0x78, 0x55, 0x4C,
    0x39, 0xDE, 0x1D, 0x9C, 0x9F, 0x6D, 0x69, 0x97, 0x20, 0x71, 0xCB, 0xAC, 0x7F, 0x24, 0x48, 0xF6,
    0x53, 0xE2, 0x6D, 0x44, 0xB8, 0x6C, 0xCA, 0x46, 0x5C, 0x46, 0x66, 0x59, 0xBF, 0xAE, 0x45, 0x14,
    0x70, 0x35, 0x7F, 0x0F, 0x69, 0x89, 0xC4, 0xDB, 0x22, 0x9D, 0xE8, 0x1B, 0x60, 0x83, 0xE9, 0x39,
    0xB8, 0xB5, 0x89, 0x45, 0xA5, 0x58, 0xDC, 0x18, 0xC1, 0x5B, 0x41, 0x3E, 0xFA, 0x03, 0x18, 0xD5,
    0x4F, 0x40, 0x07, 0x1E, 0xC6, 0x6D, 0x9A, 0x43, 0x28, 0xD3, 0xF9, 0x2B, 0xF7, 0xCA, 0xC6, 0x5B,
    0xA8, 0x3B, 0xB4, 0x11, 0xAA, 0xCA, 0xB4, 0x9C, 0xBD, 0x13, 0xD3, 0xDA, 0x28, 0x72, 0x52, 0xE6,
    0x98, 0x2D, 0xF2, 0x2E, 0xDD, 0xC0, 0x4E, 0x75, 0xF2, 0x41, 0xDE, 0xBE, 0xE9, 0x42, 0x2B, 0x34,
    0xC1, 0x0F, 0x0C, 0x7D, 0x9F, 0xB9, 0x62, 0x8A, 0x13, 0xCC, 0x7B, 0x03, 0x4F, 0x3A, 0x77, 0x25,
    0x02, 0x56, 0x0E, 0xBF, 0xAB, 0xE3, 0xF8, 0x31, 0xF4, 0xA5, 0xA1, 0x4E, 0x42, 0x2F, 0x2E, 0xEF,
    0xCD, 0xF5, 0x53, 0xF1, 0xCE, 0xC9, 0x4E, 0xCA, 0x34, 0x1E, 0x9F, 0x7F, 0x46, 0x8D, 0xB1, 0xB3,
    0x4C, 0x8D, 0x9C, 0x3A, 0x5D, 0x8A, 0xCE, 0xEE, 0x09, 0xD8, 0x8B, 0x00, 0x12, 0x62, 0x08, 0x09,
    0x02, 0xCE, 0x85, 0xD2, 0xA3, 0x08, 0xAF, 0x25, 0x64, 0x43, 0x48, 0x06, 0x7E, 0x8E, 0xC5, 0xD7,
    0x0C, 0x7A, 0x03, 0xC3, 0x27, 0x57, 0xD8, 0xD4, 0xD6, 0x17, 0x46, 0xA4, 0xE5, 0x18, 0x72, 0x9A,
    0xBC, 0xFB, 0xEF, 0xF1, 0xB1, 0x19, 0x87, 0x9A, 0xFE, 0x80, 0x9C, 0x0F, 0x22, 0xFA, 0x38, 0xA6,
    0x5F, 0xD8, 0xB4, 0x88, 0x9C, 0x4F, 0x8D, 0x77, 0xD1, 0x4C, 0x6B, 0x53, 0x0B, 0xE8, 0xC2, 0x58,
    0x0E, 0x1F, 0xB9, 0xD9, 0x89, 0x1A, 0x98, 0x2C, 0xD8, 0xEF, 0xDF, 0xB2, 0x44, 0xE4, 0xBE, 0x6C,
    0xE8, 0x88, 0x13, 0xED, 0x06, 0xD6, 0x01, 0x60, 0x4C, 0xA1, 0x21, 0x4D, 0x55, 0x92, 0x29, 0x7A,
    0x75, 0x2F, 0x18, 0x8E, 0x1F, 0x27, 0xFF, 0x95, 0x48, 0xC3, 0xE4, 0x2B, 0xCB, 0xFB, 0x3D, 0x28,
    0x99, 0x89, 0x5E, 0x4F, 0x3A, 0x69, 0xD8, 0x3F, 0x76, 0xFE, 0x2B, 0x0F, 0x4A, 0xE0, 0xFC, 0x5E,
    0x46, 0x49, 0x46, 0xD1, 0x6B, 0x3B, 0xBA, 0xED, 0x43, 0x80, 0x5A, 0xF6, 0x37, 0x9B, 0xB5, 0x99,
    0x63, 0x5F, 0xB9, 0xFD, 0x8B, 0xD8, 0xB5, 0x8B, 0xFB, 0x1C, 0xBA, 0x05, 0x77, 0xEA, 0xE0, 0xE7,
    0x30, 0x78, 0xFD, 0xD5, 0xC6, 0x77, 0x4A, 0x67, 0x5F, 0xDD, 0xD3, 0x39, 0x0C, 0xFD, 0x88, 0xAB,
    0x34, 0xF7, 0x36, 0x11, 0x1D, 0xD3, 0xB4, 0xC7, 0x26, 0xEE, 0xEB, 0x61, 0x94, 0xA1, 0xBC, 0xB8,
    0x13, 0xCA, 0x4F, 0xC3, 0x10, 0x23, 0x4D, 0xD6, 0x33, 0x3B, 0x53, 0x9F, 0x3C, 0x63, 0xE5, 0x63,
    0xD0, 0xE3, 0xFE, 0x05, 0x7C, 0x16, 0xA3, 0x28, 0x23, 0x86, 0x70, 0x0D, 0x80, 0x11, 0x73, 0x08,
    0x6D, 0x8C, 0xC5, 0x0F, 0x0A, 0xB9, 0xEC, 0x7C, 0xC4, 0x47, 0x9C, 0x39, 0xAE, 0x16, 0x8C, 0x0E,
    0xC2, 0xCB, 0x5D, 0xA6, 0x5B, 0xFD, 0x26, 0x8F, 0x01, 0xEA, 0x76, 0x44, 0xD7, 0x38, 0x2C, 0x1B,
    0xB7, 0xCC, 0xE9, 0x0F, 0x8D, 0xBE, 0x11, 0xEB, 0x01, 0xE1, 0x73, 0x90, 0x17, 0xF4, 0xF1, 0xA5,
    0x4F, 0xA8, 0xD8, 0xF3, 0x5B, 0xF5, 0x16, 0x97, 0x5E, 0xBC, 0x45, 0x36, 0xCD, 0x1C, 0xDF, 0x35,
    0xC3, 0x41, 0x60, 0x9C, 0x88, 0x68, 0x94, 0xE0, 0x13, 0x25, 0x0C, 0xFC, 0x54, 0x0C, 0x0A, 0x50,
    0x35, 0x8F, 0x19, 0x7C, 0x18, 0xC9, 0x47, 0x0C, 0x07, 0x3E, 0x56, 0x80, 0xEA, 0x88, 0x05, 0x7A,
    0x17, 0x7B, 0xCE, 0xC3, 0x2A, 0x67, 0x5F, 0xDB, 0xFF, 0xF1, 0x87, 0x02, 0x0B, 0x07, 0x48, 0xCB,
    0x79, 0x38, 0x7B, 0xE6, 0xF9, 0xC3, 0x39, 0xEE, 0x50, 0x30, 0x47, 0x00, 0xB7, 0xA3, 0x0A, 0x50,
    0xF4, 0xDC, 0xFE, 0x31, 0xF5, 0x52, 0xBD, 0x31, 0xF6, 0xA2, 0x8E, 0x4F, 0x0B, 0x3E, 0xCD, 0xA0,
    0xDE, 0x71, 0x3F, 0x5E, 0x48, 0xCB, 0xAC, 0x93, 0x05, 0x27, 0xED, 0x63, 0xCE, 0xD2, 0x66, 0x34,
    0x8A, 0x66, 0xA5, 0x50, 0x23, 0x29, 0x9D, 0x54, 0x92, 0x52, 0xBA, 0x44, 0xB7, 0xA0, 0x69, 0x25,
    0x27, 0xEE, 0x09, 0xF7, 0x04, 0x9C, 0xC7, 0x75, 0xEA, 0xD7, 0x68, 0x94, 0x53, 0x23, 0x29, 0x29,
    0xDD, 0x13, 0xCF, 0x9C, 0x63, 0xCA, 0x2E, 0xCC, 0x85, 0xD5, 0x77, 0xCC, 0x7C, 0x55, 0xC7, 0xE7,
    0xEB, 0x3A, 0x9A, 0x09, 0x15, 0x3D, 0xD6, 0xE3, 0x0D, 0xCA, 0x96, 0xAC, 0xBC, 0x98, 0xD6, 0x5C,
    0x30, 0x63, 0xBB, 0x9C, 0xFE, 0xB9, 0xBA, 0xBB, 0xE5, 0x44, 0xC0, 0xF5, 0x91, 0x56, 0x64, 0x96,
    0x33, 0x98, 0x2B, 0x68, 0xF6, 0x13, 0xFE, 0xB8, 0xFC, 0x17, 0x81, 0x9C, 0x62, 0x54, 0x8E, 0xD2,
    0xDC, 0x4F, 0xD9, 0x34, 0x7E, 0x52, 0x9E, 0xF0, 0xF9, 0xF2, 0x18, 0x0F, 0x44, 0x8D, 0x5C, 0x6D,
    0x6C, 0x61, 0x72, 0x41, 0x9B, 0xA9, 0x22, 0xF9, 0x5F, 0x09, 0x7A, 0xA7, 0x51, 0xE6, 0xE4, 0x9B,
    0x02, 0xC6, 0x12, 0xD2, 0x90, 0x50, 0x9C, 0x03, 0xF3, 0xED, 0x82, 0xDA, 0x00, 0x32, 0x8A, 0xF5,
    0x83, 0xD4, 0x8B, 0xB2, 0x29, 0xF9, 0x8F, 0x09, 0x4F, 0x3A, 0x23, 0xD2, 0x0F, 0xD8, 0x48, 0x42,
    0x54, 0xC2, 0x55, 0x88, 0xC1, 0x25, 0xFA, 0x41, 0x4E, 0xD2, 0x48, 0xAF, 0x30, 0xC4, 0xE1, 0xA0,
    0x9C, 0x5C, 0xA4, 0xB5, 0x2B, 0x39, 0x0F, 0x24, 0xB8, 0xC4, 0xCD, 0x12, 0xFB, 0x18, 0x82, 0xAA,
    0xAC, 0xFC, 0x1C, 0x6B, 0x0F, 0x24, 0x1B, 0x68, 0xFF, 0xD1, 0x06, 0x6F, 0xB2, 0xF2, 0x5D, 0x5E,
    0x86, 0xBC, 0xFD, 0x80, 0x77, 0xCF, 0xEC, 0xE2, 0x25, 0x30, 0x74, 0x2F, 0xF7, 0xD1, 0x60, 0x38,
    0x46, 0xBF, 0x11, 0xA9, 0xCF, 0xCA, 0x0E, 0xD5, 0x93, 0x19, 0x57, 0xA5, 0xA5, 0x51, 0xF4, 0xFB,
    0xB9, 0x7E, 0x73, 0xEC, 0x76, 0x9B, 0xDE, 0x4A, 0xC7, 0x37, 0x7D, 0x3F, 0xCA, 0x02, 0x4A, 0xEB,
    0xEA, 0xA3, 0xD0, 0xF9, 0x4B, 0xA8, 0x37, 0x31, 0x36, 0xFD, 0x07, 0x35, 0xCE, 0x31, 0x4E, 0xC3,
    0x40, 0x10, 0x05, 0xD0, 0x6F, 0xD9, 0xD8, 0x84, 0xA0, 0xAC, 0x0B, 0x8A, 0x14, 0x26, 0x4E, 0x19,
    0x45, 0xBB, 0xF6, 0x22, 0x39, 0x68, 0x23, 0xAD, 0xD9, 0xED, 0xA1, 0xE0, 0x08, 0x3E, 0x82, 0x2B,
    0x94, 0x22, 0x48, 0x3E, 0x42, 0x0E, 0x40, 0x41, 0x99, 0xD2, 0x44, 0x14, 0x14, 0x14, 0x7B, 0x04,
    0x1F, 0xC1, 0x47, 0x48, 0x91, 0x22, 0x85, 0x0B, 0x06, 0x24, 0xE6, 0x77, 0xA3, 0x19, 0xBD, 0x8F,
    0xF6, 0x3B, 0x0B, 0x3D, 0xF8, 0x0D, 0x83, 0x80, 0x04, 0xAC, 0x7F, 0x64, 0x9F, 0x5C, 0xD5, 0xD3,
    0x51, 0x60, 0x9E, 0xEE, 0x87, 0xF9, 0x69, 0xB9, 0x37, 0x03, 0xA0, 0x46, 0xE6, 0x6B, 0xDC, 0xF3,
    0x57, 0xB5, 0x48, 0xB6, 0xA5, 0xD2, 0x63, 0xB7, 0xEE, 0x65, 0xE7, 0xBB, 0x09, 0xAE, 0x91, 0x36,
    0xEB, 0xAE, 0xEE, 0x5E, 0x5C, 0x6E, 0x3D, 0x20, 0x7A, 0x04, 0x4B, 0xA1, 0x35, 0x64, 0x05, 0xC4,
    0x7D, 0x7B, 0xE8, 0x8C, 0xCD, 0x10, 0xDB, 0x83, 0xFB, 0xE8, 0x54, 0x7F, 0x53, 0x79, 0xBB, 0xF4,
    0x5C, 0x68, 0x3B, 0xBD, 0xE2, 0x45, 0x7B, 0xDA, 0x30, 0xFC, 0x66, 0x02, 0x8E, 0x1A, 0x33, 0x94,
    0x50, 0x7F, 0x49, 0x90, 0x70, 0x25, 0xE7, 0x98, 0x65, 0x9B, 0x1D, 0x89, 0x9C, 0x6F, 0xCB, 0x62,
    0x91, 0x36, 0x2B, 0xB7, 0x22, 0x43, 0x08, 0xFD, 0xCE, 0x9A, 0xC8, 0x45, 0x56, 0x20, 0xA4, 0x53,
    0x85, 0xD2, 0xE6, 0xF6, 0x36, 0xE1, 0x1A, 0xA0, 0xEA, 0x67, 0xCD, 0x9F, 0x03, 0x19, 0x28, 0x6E,
    0x8E, 0xA1, 0x4D, 0x2F, 0xCD, 0xDB, 0xDD, 0x10, 0x57, 0x66, 0x58, 0xEE, 0xFF, 0x61, 0x7A, 0x22,
    0x92, 0x2C, 0x22, 0x69, 0x82, 0x0B, 0x3C, 0xE4, 0xD0, 0x82, 0x2A, 0x68, 0x5A, 0x66, 0xF8, 0x01,
    0x8D, 0x54, 0x3D, 0x6B, 0x1C, 0x57, 0x14, 0x3D, 0x33, 0xCF, 0xF2, 0xB3, 0x35, 0xF1, 0x3E, 0x15,
    0x0A, 0x08, 0x3C, 0x1F, 0x36, 0x4C, 0xB1, 0x88, 0x59, 0x49, 0x38, 0x5B, 0x6C, 0xC2, 0xEE, 0xEA,
    0xA1, 0x04, 0x5C, 0xB8, 0xF0, 0x36, 0xEE, 0xF5, 0x07, 0x02, 0x4B, 0x70, 0xA1, 0x22, 0xA0, 0xA7,
    0x40, 0x70, 0x61, 0x0C, 0xFE, 0x09, 0x2A, 0x83, 0x8B, 0xB0, 0x84, 0x6D, 0x62, 0x6C, 0xF2, 0x40,
    0x55, 0xBA, 0xE9, 0x5C, 0xA4, 0x19, 0x92, 0x26, 0x90, 0x42, 0x03, 0x31, 0x41, 0x44, 0x6B, 0x4D,
    0xCE, 0x9D, 0x8D, 0x21, 0x04, 0x94, 0xE8, 0x7D, 0xCC, 0xBE, 0xB9, 0x5F, 0xEF, 0xCE, 0x3D, 0xE7,
    0x2E, 0x26, 0xFF, 0x1A, 0x58, 0xB3, 0x9B, 0xCE, 0x60, 0xDB, 0x7D, 0x68, 0x57, 0x70, 0xD9, 0xE4,
    0xB0, 0x38, 0x46, 0xF7, 0x70, 0x31, 0xC9, 0x27, 0xCF, 0x27, 0xB8, 0x6C, 0xAE, 0x21, 0xC0, 0x2A,
    0xBA, 0xD8, 0x7D, 0xB7, 0xB1, 0x72, 0xFD, 0xF2, 0x70, 0x2B, 0xB8, 0xB6, 0xBB, 0xD8, 0xFC, 0x46,
    0xF6, 0x61, 0xF3, 0x76, 0xF3, 0xC5, 0x71, 0xD3, 0x9C, 0x3D, 0x7A, 0x34, 0x69, 0x64, 0xF8, 0x17,
    0x32, 0xDC, 0x3F, 0xCF, 0xF5, 0xFC, 0xAA, 0x73, 0x19, 0x87, 0xD9, 0x2E, 0x0F, 0xA1, 0x8B, 0xD0,
    0xC1, 0xA8, 0x9D, 0x06, 0xC6, 0x1A, 0xBE, 0x15, 0x98, 0x22, 0xB2, 0x91, 0x8B, 0xF8, 0x16, 0xA3,
    0x8F, 0x94, 0xBA, 0x21, 0xA5, 0x1D, 0x68, 0x84, 0x47, 0x3E, 0xD2, 0xB6, 0x63, 0x30, 0xEA, 0x61,
    0x34, 0xC6, 0x68, 0x0B, 0x86, 0x66, 0x0F, 0x1D, 0x9F, 0x14, 0x16, 0x74, 0xED, 0x23, 0xBA, 0xEF,
    0xA2, 0xA7, 0x9E, 0x4F, 0x13, 0x21, 0x4E, 0xD0, 0x67, 0x84, 0x54, 0x8C, 0x87, 0x3D, 0x14, 0x09,
    0x68, 0xA6, 0x95, 0xC5, 0x1C, 0xA8, 0xDB, 0x55, 0xE1, 0xE5, 0x6F, 0xEE, 0xCF, 0x53, 0x1B, 0x7A,
    0x28, 0x27, 0x4B, 0x5B, 0x44, 0x60, 0x32, 0xBC, 0x0F, 0xE8, 0x81, 0x57, 0xCB, 0x1A, 0x60, 0xEB,
    0x65, 0x35, 0x3E, 0x2F, 0xE9, 0x12, 0x54, 0x08, 0x4A, 0x9C, 0x9F, 0xDA, 0xF3, 0xD3, 0xF7, 0x2E,
    0x8E, 0x09, 0xCB, 0x1A, 0xE3, 0x07, 0x34, 0x78, 0x4D, 0xC7, 0x63, 0x5C, 0xA0, 0xA9, 0x9A, 0x45,
    0x53, 0x5D, 0xF0, 0x3C, 0x7C, 0x3D, 0xE8, 0xAE, 0x62, 0xB1, 0x8D, 0x79, 0x8A, 0x04, 0x8F, 0x83,
    0x72, 0x8C, 0x33, 0x55, 0x0D, 0x51, 0x2B, 0x4F, 0xD5, 0x12, 0xB9, 0xE9, 0x55, 0x91, 0xBB, 0xF9,
    0x7F, 0xC8, 0x49, 0xF6, 0x9F, 0xF8, 0xAF, 0x77, 0xFE, 0xCB, 0x48, 0x18, 0x13, 0xAC, 0x03, 0x3F,
    0x02, 0xF7, 0xDC, 0xEE, 0xC2, 0xDF, 0xF9, 0xC8, 0xDE, 0x7D, 0x86, 0xBB, 0xC0, 0x9D, 0x2B, 0xAC,
    0x35, 0xFA, 0x7E, 0x86, 0xEB, 0x3B, 0xD8, 0xF0, 0xB8, 0xD7, 0xF8, 0xB8, 0x74, 0x2A, 0x77, 0xB8,
    0xE6, 0x80, 0xAB, 0x2C, 0x1B, 0xBE, 0xC5, 0x0D, 0x5E, 0x6F, 0x3E, 0x97, 0xC2, 0xA2, 0xE8, 0x60,
    0xC6, 0x9F, 0x7E, 0x87, 0x45, 0x05, 0xA6, 0x1D, 0xD6, 0x13, 0x98, 0x25, 0x46, 0x28, 0x3D, 0x1D,
    0x16, 0xDB, 0x2E, 0xF3, 0x1F, 0xD7, 0xFD, 0x3F, 0xAA, 0xEF, 0xEB, 0xCC, 0xFD, 0xEC, 0xEB, 0x6A,
    0x86, 0xF0, 0xC4, 0x7D, 0xE7, 0xA7, 0x02, 0xE3, 0xEF, 0x6E, 0x86, 0x44, 0xDB, 0x5F, 0x5C, 0x8D,
    0x81, 0xDE, 0x3B, 0x39, 0x22, 0x3C, 0xEA, 0xA7, 0xBD, 0x37, 0x2E, 0x2C, 0x83, 0x77, 0x84, 0x21,
    0x94, 0x50, 0x80, 0xB2, 0xDA, 0x09, 0xB5, 0x7A, 0x44, 0x71, 0x07, 0xEA, 0x53, 0xAB, 0x9F, 0x78,
    0xF3, 0xC0, 0x1A, 0x4A, 0x12, 0x0C, 0x86, 0xD8, 0x11, 0xA1, 0x48, 0x4F, 0x28, 0x7E, 0xE0, 0x4C,
    0xAB, 0x48, 0xA9, 0x11, 0x55, 0x1F, 0x39, 0xD3, 0x1C, 0x91, 0x85, 0x24, 0x8E, 0x0D, 0x6D, 0x1E,
    0x0B, 0x91, 0x46, 0x19, 0x52, 0x86, 0xD4, 0x4E, 0xEF, 0xF9, 0xD0, 0xFA, 0x3C, 0x5E, 0xA5, 0x94,
    0xAC, 0xCC, 0x22, 0x9B, 0x9A, 0xFB, 0xDE, 0xE8, 0xAF, 0x3C, 0x35, 0x15, 0x55, 0xFB, 0xD8, 0x47,
    0xB0, 0x80, 0x7E, 0x88, 0x9E, 0xF2, 0x98, 0x69, 0xBF, 0xCD, 0x70, 0x3D, 0x52, 0x2C, 0x74, 0xB7,
    0x18, 0x50, 0x95, 0x41, 0xAD, 0x7D, 0x8A, 0xC7, 0x78, 0x8E, 0xC0, 0xF5, 0x13, 0x85, 0x0F, 0x12,
    0xCA, 0x49, 0xFB, 0xC0, 0xB3, 0x1E, 0x5F, 0x38, 0x14, 0x5B, 0x9D, 0x76, 0xCB, 0x59, 0x64, 0xA2,
    0x13, 0x1B, 0xB1, 0x15, 0x9F, 0xB0, 0x2C, 0x94, 0x3F, 0xD0, 0x6E, 0x1E, 0xD9, 0xDA, 0xA0, 0x62,
    0x19, 0x93, 0xD0, 0xC7, 0xA1, 0x2F, 0x94, 0xEB, 0x2A, 0x9B, 0x2B, 0xA9, 0x40, 0xAE, 0xED, 0x2B,
    0xE3, 0xE6, 0xE6, 0xEF, 0xAE, 0xDB, 0x2D, 0x37, 0x59, 0x19, 0xD1, 0x90, 0xE9, 0x24, 0xA4, 0xD0,
    0xBB, 0x6D, 0x06, 0x36, 0x01, 0xAB, 0xB5, 0xA4, 0x7E, 0x21, 0xF5, 0xE7, 0x66, 0x16, 0x02, 0xC9,
    0x7B, 0xCB, 0x03, 0xEE, 0x7D, 0xF1, 0xAC, 0x74, 0x9D, 0x2D, 0xCC, 0x62, 0xBD, 0xB8, 0x91, 0xB2,
    0x4D, 0xA5, 0x6D, 0x13, 0x76, 0xD5, 0x01, 0x4B, 0x5F, 0x45, 0x2C, 0x38, 0x3B, 0x0D, 0x63, 0x9B,
    0xBA, 0x0C, 0xA6, 0x45, 0x21, 0xC6, 0x4D, 0x56, 0x71, 0xCC, 0x9B, 0x0A, 0xFA, 0x06, 0x55, 0xB6,
    0x50, 0xE5, 0x3A, 0x33, 0x47, 0xCC, 0xEE, 0x29, 0x18, 0x9D, 0xD9, 0x85, 0x65, 0x87, 0x5D, 0x74,
    0x8B, 0x81, 0x62, 0xFA, 0xC6, 0xC8, 0xB0, 0x81, 0xA5, 0x6F, 0x97, 0xBE, 0x5F, 0xD2, 0x77, 0x40,
    0x9B, 0x43, 0x28, 0xDF, 0x78, 0xED, 0x8E, 0x78, 0x0F, 0x2A, 0xC3, 0x66, 0xE4, 0x3F, 0x03, 0xEF,
    0x93, 0x34, 0x0E, 0x18, 0xBD, 0x42, 0x37, 0xF8, 0x95, 0xA8, 0x9D, 0xB5, 0xBE, 0x39, 0x8B, 0xF4,
    0x4A, 0x55, 0x98, 0xCB, 0xB7, 0x09, 0xE9, 0x27, 0x21, 0xB2, 0x8B, 0x6F, 0x31, 0xB8, 0x7D, 0x26,
    0x3C, 0x16, 0xE4, 0xF7, 0x1C, 0xA1, 0x6F, 0xB1, 0x7F, 0x2A, 0xE0, 0xB7, 0xE8, 0xB7, 0xF0, 0x17,
    0x82, 0x7F, 0x8E, 0xBF, 0x00, 0xCD, 0x8F, 0x31, 0x4E, 0xC3, 0x30, 0x18, 0x46, 0x9F, 0x13, 0xD1,
    0x7F, 0xA8, 0xB0, 0x37, 0xA6, 0xD0, 0xAE, 0x0C, 0x2E, 0x53, 0x06, 0x0F, 0x69, 0x9D, 0x43, 0x74,
    0x63, 0xE0, 0x02, 0x20, 0x75, 0x60, 0x48, 0xA5, 0x56, 0xF5, 0x05, 0x90, 0x38, 0x01, 0x5C, 0xC1,
    0x0B, 0x12, 0x63, 0x8E, 0x90, 0x23, 0xE4, 0x04, 0x28, 0x43, 0x91, 0x18, 0x12, 0x20, 0xA8, 0x33,
    0x3B, 0xFB, 0xF7, 0x9E, 0xDE, 0xA7, 0x06, 0xE4, 0x05, 0x2D, 0xA5, 0x95, 0xB2, 0x10, 0x9C, 0xC1,
    0x5D, 0xB2, 0xAC, 0x30, 0x0D, 0x4C, 0xC1, 0xC3, 0x3B, 0xE9, 0x23, 0x3A, 0x63, 0x79, 0xCF, 0xE1,
    0x1B, 0x1C, 0xE4, 0xC8, 0x30, 0x5D, 0x6B, 0x4C, 0x98, 0x74, 0x3C, 0x10, 0x6F, 0x9A, 0x2F, 0x38,
    0x90, 0x36, 0xE8, 0x91, 0x68, 0xD9, 0xBE, 0x11, 0x2D, 0xD1, 0xB1, 0x8D, 0xCC, 0x6B, 0x7C, 0xFF,
    0x5A, 0x3D, 0x75, 0x49, 0x2D, 0xA5, 0xC6, 0x8E, 0xF0, 0x86, 0xE4, 0xA8, 0xEF, 0x6C, 0x36, 0xAB,
    0x4C, 0xEB, 0x62, 0x97, 0x7F, 0x74, 0x3E, 0xA8, 0xFE, 0x94, 0xC1, 0xB9, 0x60, 0x6E, 0x91, 0x51,
    0x58, 0x30, 0x69, 0x59, 0x95, 0xEC, 0x77, 0xB3, 0x7E, 0x9E, 0x2D, 0xAE, 0x8A, 0x3C, 0x5F, 0x6D,
    0x9C, 0xFA, 0xBB, 0x57, 0x45, 0xD3, 0xD2, 0xA8, 0x26, 0xA9, 0xD3, 0x3A, 0x0D, 0x12, 0x7C, 0x7B,
    0x1A, 0x8F, 0x4A, 0xCC, 0xAF, 0x8F, 0x0E, 0x09, 0x5C, 0xAF, 0xF1, 0x03, 0xAA, 0x97, 0xE7, 0x33,
    0xCD, 0x2E, 0xFD, 0x1C, 0x9B, 0xEC, 0xC5, 0xD1, 0x87, 0x7F, 0x72, 0xF7, 0x07, 0x25, 0x8F, 0xA1,
    0x6E, 0xC3, 0x30, 0x14, 0x45, 0x8F, 0x6D, 0x50, 0x60, 0x69, 0xA9, 0x34, 0x5C, 0xE5, 0x07, 0x2A,
    0x85, 0x16, 0x54, 0x9D, 0xC9, 0x78, 0xBF, 0xA0, 0xA0, 0x5F, 0x31, 0xB2, 0xD5, 0xFF, 0x31, 0x3A,
    0x1E, 0x52, 0x55, 0x23, 0x6B, 0x42, 0xC6, 0xC3, 0x4A, 0x03, 0xAA, 0xD1, 0x19, 0x04, 0x6C, 0xD3,
    0x5A, 0xEF, 0xB6, 0x03, 0x4F, 0xD7, 0x7E, 0xEF, 0x5D, 0xDF, 0x63, 0x97, 0x73, 0x64, 0x5F, 0x07,
    0x1E, 0x1C, 0x6C, 0x2D, 0x0C, 0x40, 0x52, 0xFD, 0xBC, 0x60, 0xF2, 0x80, 0xED, 0xC1, 0x75, 0x50,
    0x9D, 0xA4, 0x2D, 0x78, 0x9D, 0x37, 0x5F, 0x9A, 0x9B, 0xB3, 0x2E, 0x75, 0x64, 0xA2, 0xEE, 0x5C,
    0xBE, 0x99, 0x7A, 0xAF, 0x63, 0x8A, 0x9C, 0xAE, 0xFE, 0x2A, 0xF7, 0x18, 0xED, 0x5B, 0xD5, 0x6D,
    0x90, 0x27, 0xFF, 0xF2, 0x54, 0x0F, 0x98, 0xE6, 0xA8, 0x45, 0x46, 0xDF, 0x6F, 0x17, 0x61, 0x5B,
    0x5E, 0x25, 0x15, 0xEE, 0x5F, 0xFC, 0xE5, 0xE5, 0x74, 0xB3, 0x19, 0xCA, 0xD6, 0xF4, 0xF3, 0xD5,
    0x72, 0xD7, 0xDA, 0x8F, 0x34, 0xA1, 0xC7, 0xE5, 0x30, 0x15, 0x9B, 0xC2, 0xA6, 0x2C, 0x18, 0x45,
    0xE5, 0xF9, 0xE0, 0x03, 0xB3, 0xB5, 0x0B, 0x45, 0x64, 0x71, 0x78, 0xA6, 0x49, 0x54, 0x56, 0x68,
    0x46, 0x3F, 0x2A, 0x3F, 0x5B, 0x1E, 0x95, 0x9D, 0x6C, 0xB4, 0x22, 0x76, 0xEF, 0x4B, 0xEE, 0x72,
    0x87, 0xBF, 0x0F, 0x34, 0x1A, 0x17, 0x22, 0xF2, 0x51, 0x18, 0x9D, 0xC5, 0xE6, 0xBD, 0xF0, 0x8E,
    0xFC, 0x01, 0x7D, 0x51, 0xBB, 0x4E, 0xC3, 0x40, 0x10, 0x9C, 0xB3, 0x8B, 0x14, 0x96, 0xEC, 0x2A,
    0x25, 0x0A, 0x35, 0x3A, 0x89, 0xD6, 0x91, 0xB0, 0xB2, 0x12, 0x3F, 0x90, 0xE6, 0x44, 0x09, 0x9F,
    0xE0, 0x22, 0x48, 0x8E, 0x84, 0xC8, 0x49, 0xF9, 0x81, 0xF4, 0x34, 0xD4, 0x34, 0xA4, 0xA0, 0x8F,
    0x45, 0x4B, 0x43, 0xC3, 0x5F, 0x50, 0xF0, 0x01, 0x81, 0x65, 0xD6, 0x46, 0x3C, 0x23, 0xE4, 0x39,
    0xDD, 0xDD, 0xCE, 0xDE, 0xEC, 0xEE, 0xD8, 0x45, 0x20, 0x13, 0xC0, 0x03, 0x58, 0xA8, 0x4A, 0x15,
    0x02, 0x72, 0x9E, 0x53, 0xC6, 0x9D, 0xAD, 0x47, 0xA4, 0x2F, 0xC8, 0x9F, 0x51, 0x3E, 0x60, 0xFF,
    0x1E, 0x68, 0xBF, 0xE0, 0x5A, 0x63, 0x7B, 0x00, 0x2B, 0xAE, 0x86, 0x2B, 0xEF, 0x64, 0x86, 0xE1,
    0x14, 0xBD, 0xE8, 0xBA, 0xE3, 0x3E, 0x13, 0x5D, 0xFB, 0x43, 0x83, 0x92, 0x14, 0xA6, 0x3C, 0x8B,
    0x90, 0x4D, 0xE4, 0x8C, 0xDD, 0x34, 0x7C, 0x98, 0x63, 0xA3, 0x1A, 0x2B, 0xCA, 0xEC, 0xF1, 0x1B,
    0xC8, 0x8C, 0xDC, 0xF4, 0xBF, 0x6E, 0x7E, 0x29, 0xED, 0xCC, 0xEC, 0x73, 0x8A, 0xAD, 0x51, 0xC3,
    0x27, 0xA8, 0xB6, 0x36, 0xE7, 0x07, 0x84, 0x48, 0x96, 0x92, 0x1D, 0x8B, 0x4F, 0x65, 0xA3, 0x72,
    0x79, 0xC3, 0xC2, 0xAC, 0x0C, 0x27, 0x36, 0xC4, 0x77, 0xD4, 0xD7, 0xA8, 0x1B, 0xD4, 0x36, 0x6A,
    0x3C, 0xB8, 0x15, 0xCB, 0x9B, 0xF5, 0x0E, 0x1C, 0x11, 0x09, 0x7C, 0x01, 0x5F, 0xC2, 0xAB, 0x6E,
    0xE7, 0x61, 0x4A, 0x13, 0x32, 0x20, 0x21, 0x49, 0x3B, 0x53, 0xF6, 0x91, 0xD1, 0xE2, 0x43, 0x7A,
    0x54, 0x33, 0x64, 0xBB, 0xDD, 0x2D, 0x8E, 0xDE, 0xEE, 0xC1, 0x1D, 0x46, 0x15, 0x16, 0x13, 0xB9,
    0x1A, 0xC7, 0xAC, 0xC4, 0x5F, 0x74, 0x89, 0xE0, 0x04, 0xA1, 0x61, 0x03, 0x6F, 0xF6, 0xB3, 0xC4,
    0x76, 0xBB, 0x5B, 0xDC, 0xF8, 0x9D, 0x0F, 0x29, 0x48, 0x59, 0x8A, 0xB3, 0x84, 0x59, 0x14, 0x57,
    0x9D, 0xB1, 0x23, 0x7D, 0xC5, 0x79, 0x38, 0x91, 0x35, 0x6D, 0x98, 0xA8, 0xA2, 0x08, 0x17, 0x3C,
    0x71, 0xCC, 0x18, 0xF1, 0x0E, 0xAD, 0x56, 0xBF, 0x6F, 0x1C, 0x45, 0x14, 0xFE, 0x76, 0x57, 0x61,
    0x8B, 0x95, 0xBD, 0x29, 0x88, 0x52, 0xF8, 0xCE, 0x4B, 0x1D, 0x7C, 0x77, 0x29, 0x8C, 0xB4, 0x88,
    0xCB, 0xDD, 0x48, 0x14, 0xA9, 0x90, 0x5C, 0x70, 0x0D, 0x34, 0xA9, 0xD3, 0x70, 0x48, 0x57, 0x18,
    0xC9, 0x71, 0xF6, 0x4F, 0xA0, 0x49, 0x45, 0x81, 0x2B, 0x84, 0x2E, 0x22, 0x3E, 0xA4, 0x95, 0xB0,
    0x50, 0xC2, 0x0D, 0xF9, 0x0B, 0x16, 0x21, 0x44, 0x91, 0x22, 0x1B, 0x81, 0x90, 0x48, 0x9A, 0x51,
    0x70, 0x94, 0x8B, 0x75, 0xF6, 0xF2, 0xBD, 0x99, 0x75, 0x72, 0x09, 0xB1, 0x64, 0x04, 0x7B, 0x3B,
    0xBB, 0xB3, 0x6F, 0xDE, 0xFB, 0xDE, 0xCC, 0xFB, 0x79, 0x5D, 0xC0, 0xF4, 0xE0, 0x95, 0x09, 0xFC,
    0x22, 0x56, 0x81, 0x8E, 0xB2, 0x50, 0x05, 0x55, 0x85, 0xE0, 0xE0, 0x16, 0xA9, 0x0D, 0xAE, 0x76,
    0x81, 0x7C, 0x1D, 0xD8, 0x9A, 0x00, 0x97, 0x4A, 0xA0, 0xA3, 0x81, 0x98, 0x23, 0x02, 0xBC, 0xA9,
    0x0A, 0xBF, 0x28, 0xC8, 0x62, 0xEF, 0x1C, 0xD3, 0xFD, 0xE0, 0x8F, 0xFD, 0x18, 0x79, 0x0B, 0x93,
    0x2E, 0x4C, 0x0A, 0xB3, 0xE9, 0x15, 0x9B, 0x81, 0xEE, 0x46, 0xAA, 0xFF, 0x0D, 0xA2, 0x12, 0xFD,
    0xCA, 0x5C, 0xB8, 0x61, 0x8E, 0xF9, 0xE5, 0x3E, 0x33, 0x30, 0x9D, 0xCA, 0x9C, 0x1B, 0xBC, 0x44,
    0x24, 0x0F, 0x39, 0x61, 0xAF, 0x95, 0x43, 0xEA, 0xA9, 0xAA, 0x43, 0x04, 0xC6, 0xDF, 0x47, 0x94,
    0xF9, 0x73, 0xC4, 0x88, 0xB6, 0xB0, 0x8A, 0x56, 0x1B, 0x2D, 0xE4, 0x7C, 0xFB, 0x05, 0x1F, 0x61,
    0xB6, 0x8A, 0x36, 0xDF, 0x48, 0x36, 0xD1, 0x45, 0x5C, 0x62, 0x0F, 0x61, 0x19, 0x18, 0x24, 0x55,
    0xA5, 0x91, 0x26, 0xCF, 0x50, 0x5F, 0xA1, 0xE2, 0xEE, 0x33, 0x77, 0x8A, 0xF7, 0xB8, 0xF5, 0x4F,
    0x79, 0x22, 0x63, 0xE0, 0x15, 0x39, 0x7C, 0xBD, 0x85, 0x20, 0xEB, 0x92, 0xA5, 0x45, 0x1D, 0x09,
    0x55, 0xC4, 0x58, 0xA3, 0xCA, 0xDE, 0x78, 0x57, 0x5F, 0x27, 0xCC, 0xB4, 0xAA, 0xB2, 0xA3, 0xF1,
    0x6E, 0xB6, 0x85, 0x48, 0x5D, 0xE2, 0x5A, 0x1B, 0x4D, 0x3E, 0xA9, 0x4C, 0xA5, 0x08, 0xF5, 0x04,
    0x81, 0x36, 0xF0, 0x1F, 0x14, 0xF0, 0x1E, 0x13, 0xFB, 0x29, 0x75, 0x4C, 0xA9, 0xAF, 0xCF, 0xB1,
    0xC6, 0x91, 0x54, 0xC6, 0x3B, 0x1A, 0xEF, 0x84, 0x54, 0x19, 0xF3, 0xB3, 0xCD, 0x41, 0xBB, 0xE2,
    0xD2, 0x60, 0xB0, 0xD1, 0xAF, 0x2A, 0xDA, 0xD8, 0xDB, 0xE8, 0xD6, 0x74, 0x59, 0x17, 0x3E, 0xE1,
    0x17, 0x39, 0x6B, 0x6A, 0x2B, 0xBF, 0x4B, 0xF9, 0x35, 0xAB, 0xB3, 0x8D, 0x94, 0xCF, 0x21, 0xE5,
    0x9F, 0x38, 0x79, 0xFF, 0xA7, 0x8D, 0xAE, 0xAF, 0xD1, 0x0E, 0x32, 0xC4, 0x3C, 0x63, 0x78, 0x8F,
    0xF2, 0x15, 0xE5, 0x69, 0x5D, 0xAB, 0x5F, 0xC0, 0xA7, 0x95, 0x09, 0x0F, 0xC6, 0x3B, 0x31, 0x4D,
    0xD0, 0x72, 0xBA, 0x15, 0x65, 0x0B, 0x79, 0xCB, 0xB7, 0xD0, 0x65, 0x5D, 0xF8, 0xFA, 0x55, 0x41,
    0x6F, 0x1D, 0xCA, 0xC6, 0x49, 0x0D, 0x78, 0x20, 0x9F, 0x86, 0x02, 0x3D, 0x35, 0x30, 0xA2, 0x0F,
    0xD6, 0x53, 0x32, 0x84, 0x2E, 0xEB, 0x89, 0x12, 0x7E, 0x91, 0x0B, 0x28, 0x21, 0xEF, 0xB7, 0x1F,
    0x52, 0xBE, 0xA4, 0xBC, 0xE1, 0xFA, 0x84, 0x7C, 0x23, 0xCA, 0x5F, 0x73, 0xF2, 0xE7, 0x56, 0x29,
    0xBB, 0xCC, 0x11, 0x91, 0x1E, 0xBE, 0xAF, 0x11, 0x7C, 0xA9, 0x2E, 0xDC, 0x14, 0x79, 0x51, 0x63,
    0x55, 0x71, 0x3E, 0xC3, 0x85, 0xF1, 0x54, 0x76, 0x45, 0x7C, 0xAF, 0x3C, 0x43, 0xDD, 0x74, 0xA7,
    0x91, 0xB7, 0x7C, 0x0B, 0x5D, 0xD6, 0x85, 0x8F, 0x98, 0x15, 0x56, 0xFE, 0xFC, 0x68, 0x26, 0x7B,
    0x31, 0xFF, 0xFD, 0x11, 0xFD, 0xEE, 0x3D, 0x43, 0x7F, 0x1E, 0x57, 0x82, 0x8C, 0xFE, 0x78, 0x97,
    0xE7, 0x8B, 0x10, 0xE9, 0x80, 0x71, 0xC8, 0xCD, 0xCD, 0x38, 0xAE, 0x89, 0x71, 0x6A, 0xB3, 0x25,
    0xB5, 0x85, 0xF7, 0xDD, 0xBE, 0x02, 0xED, 0x91, 0x1C, 0xA8, 0x36, 0x63, 0x69, 0x9B, 0xB2, 0x82,
    0x21, 0x17, 0x83, 0xE8, 0xEA, 0x98, 0x81, 0xB1, 0x6C, 0x63, 0x62, 0x24, 0x87, 0xA4, 0xCF, 0xE8,
    0x32, 0x3A, 0xB8, 0x69, 0x11, 0x26, 0x72, 0x78, 0xD2, 0xE8, 0xC2, 0xD8, 0x32, 0xA5, 0x96, 0x2F,
    0xB5, 0xF3, 0x25, 0x1B, 0x1B, 0x21, 0x44, 0x82, 0x3C, 0x5E, 0x61, 0x2D, 0x45, 0x91, 0xF5, 0x97,
    0x39, 0xB4, 0xDC, 0x57, 0xEE, 0x66, 0xD7, 0xEE, 0x67, 0xD1, 0x0C, 0xBC, 0xB7, 0xEF, 0xAB, 0x9D,
    0xBB, 0x99, 0xA3, 0x27, 0xC5, 0xBB, 0xF9, 0xA4, 0x5B, 0xAE, 0x4D, 0xD2, 0xCF, 0xF2, 0xA4, 0xD8,
    0x9B, 0x8F, 0x9C, 0xFB, 0x6C, 0x5E, 0xD4, 0xC1, 0xB7, 0x5A, 0xC7, 0xAC, 0x9C, 0x68, 0x13, 0x95,
    0x24, 0xB6, 0x32, 0x34, 0x76, 0x89, 0xE0, 0xC7, 0x02, 0xFE, 0xCF, 0x54, 0xFD, 0x1B, 0x4F, 0xF1,
    0x54, 0xB9, 0x10, 0xDF, 0x96, 0x58, 0x72, 0x22, 0x51, 0xB1, 0xDE, 0xCB, 0xCB, 0x61, 0x27, 0x1B,
    0xC6, 0x18, 0x26, 0xAA, 0xF7, 0x6D, 0x99, 0xE8, 0x61, 0xAC, 0xB7, 0xD1, 0x7B, 0xFC, 0x48, 0x0D,
    0xFB, 0x41, 0x36, 0x59, 0xF5, 0xB5, 0xBC, 0x7B, 0x7F, 0x3D, 0x42, 0x92, 0xDD, 0xC1, 0x42, 0x20,
    0x9D, 0x7A, 0x1C, 0x8C, 0xC7, 0x8A, 0xEE, 0xE6, 0x0E, 0x3C, 0x8E, 0xA0, 0xA8, 0x13, 0x9A, 0x2B,
    0x5B, 0xCE, 0x05, 0x01, 0xAD, 0x12, 0x69, 0xE7, 0x95, 0x1E, 0xC7, 0x9C, 0x51, 0x6A, 0x5C, 0x4E,
    0xC5, 0x0F, 0xC7, 0x5F, 0xD3, 0x1B, 0xF3, 0xC9, 0xEB, 0xAE, 0xDC, 0x9C, 0xF6, 0x67, 0x4D, 0x24,
    0xA9, 0xDD, 0xA7, 0x0D, 0xBE, 0xA3, 0x2A, 0xA6, 0xBC, 0xF7, 0x40, 0x3C, 0x27, 0xF1, 0x93, 0xD3,
    0x9A, 0x9B, 0x36, 0x4D, 0x97, 0x99, 0x68, 0x2D, 0x57, 0x24, 0x68, 0xC9, 0x30, 0x93, 0x22, 0x21,
    0x43, 0xE6, 0x42, 0x93, 0xB5, 0xE5, 0x9A, 0x43, 0x64, 0x44, 0x56, 0x30, 0x04, 0x4B, 0x30, 0x2D,
    0xB6, 0xE8, 0xE8, 0x3B, 0xB7, 0x78, 0xD3, 0xCF, 0x11, 0x31, 0xDC, 0x3B, 0x3C, 0x97, 0xC8, 0xA7,
    0x8C, 0x9C, 0x4D, 0x96, 0xA3, 0xFF, 0x73, 0x08, 0xA6, 0x60, 0x8B, 0x8E, 0x98, 0xBA, 0x3C, 0xA6,
    0x32, 0x22, 0x83, 0xF6, 0x6D, 0x74, 0xDF, 0xA4, 0x36, 0xB9, 0xF7, 0x4E, 0x71, 0xE7, 0x78, 0xCB,
    0xE0, 0x7B, 0x16, 0xFD, 0xCC, 0x95, 0x35, 0x39, 0x42, 0x13, 0x27, 0x5E, 0xAC, 0xAA, 0x19, 0x6B,
    0xBB, 0x96, 0x2D, 0x2C, 0xCE, 0x4F, 0x14, 0x58, 0xC0, 0xF4, 0xB3, 0x48, 0x2F, 0x72, 0x36, 0xAD,
    0x79, 0x4E, 0x83, 0xF2, 0x2A, 0x8F, 0xB7, 0xE1, 0x23, 0x39, 0xBA, 0x85, 0x74, 0x65, 0x86, 0xB3,
    0x35, 0xCF, 0xEB, 0x68, 0x92, 0xD1, 0xAC, 0x85, 0xCF, 0x71, 0x8E, 0xBF, 0xDF, 0x50, 0x67, 0x3B,
    0x66, 0x98, 0x6E, 0x9B, 0x8B, 0x91, 0x5E, 0x9C, 0x0B, 0x4F, 0xEF, 0xC6, 0x2E, 0x56, 0xAA, 0xE7,
    0x9D, 0xC8, 0xCE, 0x7B, 0x5F, 0xED, 0xBA, 0x8F, 0x33, 0x92, 0xBC, 0x52, 0x1F, 0x0E, 0x32, 0x14,
    0x92, 0xDD, 0x9C, 0x7F, 0x32, 0xCE, 0x1A, 0x75, 0xDD, 0x98, 0x0F, 0x06, 0x1F, 0xE2, 0xA4, 0xB9,
    0xAF, 0xD0, 0xC9, 0xBC, 0x19, 0x53, 0x1B, 0x77, 0x20, 0x37, 0x27, 0x1E, 0x6B, 0x6F, 0x27, 0x93,
    0xA5, 0x85, 0xCA, 0x73, 0x05, 0xF8, 0x81, 0x39, 0xE0, 0x56, 0x93, 0x4C, 0xEE, 0x43, 0xE6, 0xAC,
    0x64, 0xF0, 0x95, 0xE3, 0x5D, 0xD5, 0x35, 0xCA, 0x57, 0xA1, 0x00, 0x5C, 0x57, 0xFE, 0x2C, 0xDC,
    0xB7, 0x13, 0xDC, 0x96, 0xB2, 0x67, 0x67, 0x96, 0x56, 0x4F, 0xB3, 0x90, 0xE5, 0x87, 0xD2, 0xD7,
    0x15, 0xA1, 0xC3, 0x7D, 0x76, 0x79, 0x37, 0x8D, 0x34, 0xB3, 0x52, 0x66, 0x91, 0xD0, 0x2C, 0x69,
    0x84, 0x1D, 0xBC, 0x52, 0xD5, 0x5D, 0x57, 0x79, 0xB9, 0x9B, 0xBC, 0xA8, 0xEA, 0xAE, 0x1C, 0xB1,
    0x5A, 0xA2, 0x51, 0x77, 0xAF, 0x23, 0x76, 0xAF, 0x11, 0x5D, 0x6F, 0xE8, 0xDF, 0x12, 0x5D, 0x96,
    0xC0, 0x2E, 0xAB, 0x57, 0x4B, 0xBA, 0xDE, 0x65, 0x76, 0xBD, 0xCA, 0x75, 0x2F, 0x1B, 0x67, 0x52,
    0xBD, 0x52, 0x39, 0xD1, 0xC4, 0x75, 0x14, 0xAF, 0x70, 0xBA, 0x6F, 0x56, 0x64, 0xBC, 0xAC, 0x6D,
    0xE7, 0x91, 0x0E, 0xD4, 0x84, 0x74, 0x48, 0x83, 0x54, 0x3A, 0x14, 0x75, 0x1F, 0x38, 0xDD, 0x52,
    0x5D, 0xE9, 0x06, 0xA9, 0xB5, 0x4E, 0x37, 0x3B, 0x4F, 0x9C, 0xBD, 0xE8, 0xDC, 0x8B, 0xC3, 0x76,
    0x6D, 0xAE, 0x09, 0x8F, 0xD5, 0x6F, 0x1B, 0x7E, 0x65, 0xBB, 0x55, 0xDD, 0x9D, 0x94, 0x2B, 0x49,
    0xAF, 0x9E, 0xF7, 0xF8, 0xCC, 0x91, 0x16, 0x1E, 0x77, 0x66, 0x1B, 0x4D, 0x85, 0x0C, 0xAC, 0x48,
    0xB4, 0x3C, 0xBB, 0xC7, 0x7E, 0x90, 0xB1, 0x32, 0x2C, 0x43, 0xAF, 0xD1, 0x12, 0x7A, 0x89, 0xE7,
    0xD2, 0x11, 0xCD, 0xAE, 0x43, 0xD7, 0xF8, 0xDE, 0x19, 0xFC, 0xF2, 0xB1, 0x7C, 0x46, 0x6E, 0x75,
    0x09, 0xBA, 0xC1, 0x72, 0xA2, 0x47, 0xF0, 0x9E, 0xFC, 0x4A, 0xA5, 0x16, 0xC5, 0x3E, 0x9E, 0x9C,
    0x17, 0x28, 0xE4, 0xAE, 0x03, 0x35, 0x24, 0xE6, 0x52, 0xF9, 0x7B, 0xB1, 0x2E, 0x6D, 0xA5, 0x86,
    0x1A, 0x08, 0x14, 0x22, 0xB7, 0xBA, 0x24, 0xA6, 0x67, 0x6F, 0x10, 0xA8, 0xF3, 0xAF, 0x87, 0x8A,
    0x0B, 0x6F, 0x8E, 0x46, 0x1E, 0x7E, 0x80, 0xB4, 0xD9, 0x24, 0x54, 0x98, 0x87, 0xB8, 0xE8, 0x97,
    0x81, 0x9B, 0x59, 0x5A, 0x63, 0xC4, 0x55, 0xCB, 0x67, 0x25, 0x4E, 0x84, 0x5A, 0x86, 0x40, 0x41,
    0xA0, 0x20, 0x50, 0xF4, 0x07, 0x2E, 0x7A, 0x85, 0x40, 0x29, 0x81, 0x92, 0x5D, 0x8D, 0xB8, 0x27,
    0x46, 0xF0, 0xDA, 0x3F, 0xA0, 0x9A, 0xFF, 0x7E, 0x5C, 0x9D, 0x8E, 0x15, 0xFF, 0xD9, 0x29, 0x76,
    0xC1, 0x3D, 0xBF, 0x64, 0x25, 0x08, 0x4C, 0xAC, 0x47, 0x5E, 0x11, 0xAA, 0xBF, 0x01, 0x7D, 0x91,
    0xBF, 0x4A, 0xC3, 0x40, 0x1C, 0xC7, 0xBF, 0xB9, 0x80, 0x41, 0x02, 0x3D, 0x07, 0xD7, 0xC6, 0x17,
    0x48, 0xED, 0x9A, 0x21, 0xA5, 0x37, 0xB9, 0xB8, 0xBA, 0x39, 0xF4, 0x11, 0x5C, 0x32, 0x74, 0x10,
    0x8D, 0x3E, 0x83, 0x4E, 0x2E, 0x8E, 0x8E, 0x19, 0x04, 0x45, 0x14, 0x03, 0xBE, 0x40, 0x5E, 0x40,
    0xC8, 0x52, 0x1C, 0xCD, 0xD0, 0x41, 0xB0, 0xED, 0xF9, 0xFD, 0xDD, 0x55, 0x41, 0x07, 0x33, 0x7C,
    0x69, 0xAE, 0xED, 0x7D, 0xBE, 0x7F, 0x00, 0x1C, 0xEC, 0x34, 0x40, 0x6C, 0x1F, 0x5A, 0x20, 0x8F,
    0xF8, 0x11, 0x85, 0xAA, 0xA9, 0x5D, 0x58, 0xCB, 0xB1, 0x5D, 0x01, 0x1B, 0xB3, 0xC3, 0x0B, 0x40,
    0x35, 0x31, 0x8F, 0x55, 0xAD, 0xA9, 0x61, 0xDD, 0x13, 0x2D, 0x13, 0x6A, 0x64, 0x06, 0xD4, 0xD8,
    0xA4, 0x54, 0x8D, 0xDC, 0x69, 0x46, 0xED, 0xA1, 0xA0, 0xF6, 0x51, 0x51, 0x53, 0x74, 0xC0, 0xD6,
    0x28, 0xE0, 0xF5, 0x27, 0xF6, 0xDD, 0x00, 0xE3, 0xB3, 0x1B, 0xC8, 0x13, 0x58, 0xBE, 0xE8, 0x2B,
    0xA2, 0x72, 0x55, 0x02, 0xB7, 0x72, 0xD6, 0xC1, 0x81, 0x85, 0x3B, 0x11, 0xAC, 0x16, 0x5E, 0x22,
    0x32, 0x10, 0x66, 0x2E, 0xC8, 0x4C, 0x88, 0x85, 0x21, 0xEA, 0xAE, 0xA4, 0x58, 0xC1, 0xDD, 0x0B,
    0xCD, 0xC1, 0xC8, 0x12, 0x07, 0x27, 0x72, 0xD3, 0xB8, 0xF4, 0xA0, 0xD5, 0x35, 0x41, 0x87, 0x12,
    0x52, 0x5C, 0x54, 0x92, 0x51, 0x22, 0xC6, 0xF6, 0xA5, 0x24, 0x28, 0x32, 0x3E, 0x5F, 0x58, 0xEB,
    0x75, 0x3A, 0x17, 0xCE, 0x65, 0x8B, 0x4D, 0x2E, 0x99, 0x46, 0x35, 0x85, 0xB7, 0xF5, 0x30, 0xFA,
    0x0F, 0xA4, 0x96, 0xF1, 0x07, 0x90, 0x1C, 0x3D, 0x9D, 0x02, 0x99, 0x6A, 0x37, 0xD7, 0xAC, 0x9F,
    0x3E, 0xED, 0x42, 0xFA, 0xBC, 0x3C, 0x76, 0xBC, 0xCC, 0xF5, 0x59, 0x38, 0x6C, 0xE5, 0x90, 0x1D,
    0x99, 0xFD, 0xA0, 0x95, 0x3E, 0x55, 0x23, 0x7D, 0x86, 0xAF, 0xD2, 0x67, 0xB8, 0x20, 0x77, 0x1A,
    0xB6, 0x04, 0xDF, 0xFE, 0xED, 0xF3, 0x8A, 0xE0, 0xF1, 0xF9, 0xF2, 0x9B, 0xFE, 0xC9, 0xD7, 0x64,
    0xB2, 0x3C, 0x2A, 0x1D, 0x3F, 0x36, 0xCE, 0x80, 0xF6, 0x0E, 0xB4, 0x9F, 0x34, 0xF1, 0x9B, 0xF6,
    0xFD, 0xA8, 0xA9, 0x5F, 0x35, 0xF7, 0xE9, 0x33, 0x1F, 0xBD, 0x90, 0xF0, 0x6E, 0x3C, 0x59, 0xB6,
    0xF3, 0xD3, 0xBE, 0xB9, 0x6D, 0x83, 0x95, 0xB4, 0x3D, 0xC5, 0x1C, 0x6B, 0x37, 0xDE, 0x0E, 0xB6,
    0x5C, 0xB3, 0x6B, 0x43, 0x3F, 0x8E, 0x10, 0xF1, 0x77, 0xD8, 0xE5, 0x38, 0xFC, 0x27, 0x2B, 0xA8,
    0x42, 0x7E, 0xDB, 0xB1, 0x6F, 0x1A, 0x59, 0xCA, 0xC4, 0x07, 0xBF, 0x26, 0xEE, 0x0B, 0x3E, 0x15,
    0x78, 0x2E, 0xE8, 0x6C, 0x9B, 0xC4, 0xE3, 0x7B, 0xCA, 0x69, 0x4B, 0xE8, 0xD0, 0xFC, 0xD3, 0xBC,
    0x7B, 0x86, 0xA4, 0x05, 0x33, 0xBA, 0x0A, 0x0D, 0xBD, 0x47, 0x34, 0x16, 0xD8, 0x7D, 0x5B, 0x47,
    0xEF, 0x7B, 0x33, 0xF4, 0x02, 0x25, 0x1B, 0x72, 0x08, 0xDD, 0xD0, 0x85, 0x9A, 0xD3, 0x05, 0x1E,
    0xA5, 0xA1, 0x41, 0xAC, 0x50, 0xA5, 0x7A, 0x82, 0xE7, 0xB9, 0x5E, 0x60, 0xD8, 0x44, 0x2D, 0xBE,
    0x00, 0x63, 0x60, 0xE0, 0x61, 0x00, 0x01, 0x7B, 0x30, 0xF9, 0xFF, 0x00, 0x90, 0x60, 0x76, 0xFC,
    0x00, 0x24, 0xF9, 0x19, 0x74, 0x40, 0xC2, 0x79, 0xFC, 0x20, 0xE1, 0xFF, 0xC7, 0x0F, 0x30, 0x30,
    0xFF, 0xFF, 0x7F, 0xF8, 0x03, 0x03, 0x3F, 0x90, 0xFC, 0xC3, 0x60, 0xFF, 0xFF, 0x07, 0xF7, 0x7F,
    0x20, 0xBB, 0x41, 0xFE, 0x0F, 0x50, 0xBC, 0xE9, 0x3F, 0x50, 0xC3, 0xFF, 0xE3, 0x20, 0xCD, 0xF6,
    0xFF, 0xFF, 0x83, 0xF4, 0xFE, 0xFE, 0x03, 0x32, 0xE7, 0x22, 0xC8, 0x1C, 0x86, 0x4B, 0x07, 0x10,
    0xE6, 0x83, 0xEC, 0x02, 0x00,
};

static const EpdGlyph bookerly_10_italicGlyphs[] = {
    { 0, 0, 0, 0, 0, 0, 0 }, // U+0000
    { 0, 0, 0, 0, 0, 0, 0 }, // U+0008
    { 0, 0, 72, 0, 0, 0, 0 }, // U+0009
    { 0, 0, 72, 0, 0, 0, 0 }, // U+000D
    { 0, 0, 0, 0, 0, 0, 0 }, // U+001D
    { 0, 0, 72, 0, 0, 0, 0 }, // U+0020
    { 6, 15, 101, 1, 15, 23, 0 }, // !
    { 7, 6, 125, 1, 15, 11, 23 }, // "
    { 13, 12, 208, 0, 11, 39, 34 }, // #
    { 12, 21, 187, 0, 17, 63, 73 }, // $
    { 18, 16, 323, 1, 15, 72, 136 }, // %
    { 17, 16, 302, 1, 15, 68, 208 }, // &
    { 4, 6, 68, 1, 15, 6, 276 }, // '
    { 9, 20, 131, 1, 16, 45, 282 }, // (
    { 10, 20, 131, -2, 16, 50, 327 }, // )
    { 7, 8, 127, 1, 15, 14, 377 }, // *
    { 9, 10, 208, 2, 12, 23, 391 }, // +
    { 6, 7, 101, -1, 3, 11, 414 }, // ,
    { 8, 2, 125, 0, 6, 4, 425 }, // -
    { 4, 3, 101, 1, 3, 3, 429 }, // .
    { 12, 16, 166, -1, 15, 48, 432 }, // /
    { 12, 14, 220, 1, 14, 42, 480 }, // 0
    { 9, 14, 141, -1, 14, 32, 522 }, // 1
    { 13, 14, 190, -1, 14, 46, 554 }, // 2
    { 12, 14, 178, 0, 14, 42, 600 }, // 3
    { 12, 14, 202, 0, 14, 42, 642 }, // 4
    { 12, 14, 161, 0, 14, 42, 684 }, // 5
    { 12, 14, 190, 1, 14, 42, 726 }, // 6
    { 12, 14, 177, 2, 14, 42, 768 }, // 7
    { 12, 14, 194, 1, 14, 42, 810 }, // 8
    { 13, 14, 187, -1, 14, 46, 852 }, // 9
    { 5, 11, 101, 1, 11, 14, 898 }, // :
    { 7, 15, 101, -1, 11, 27, 912 }, // ;
    { 9, 10, 208, 2, 12, 23, 939 }, // <
    { 9, 6, 208, 2, 10, 14, 962 }, // =
    { 9, 10, 208, 2, 12, 23, 976 }, // >
    { 8, 15, 138, 1, 15, 30, 999 }, // ?
    { 19, 18, 324, 1, 14, 86, 1029 }, // @
    { 17, 15, 244, -2, 15, 64, 1115 }, // A
    { 13, 16, 207, -1, 15, 52, 1179 }, // B
    { 14, 15, 215, 0, 15, 53, 1231 }, // C
    { 16, 16, 242, -1, 15, 64, 1284 }, // D
    { 14, 15, 204, -1, 15, 53, 1348 }, // E
    { 13, 15, 185, -1, 15, 49, 1401 }, // F
    { 14, 15, 237, 0, 15, 53, 1450 }, // G
    { 19, 15, 267, -1, 15, 72, 1503 }, // H
    { 10, 15, 124, -1, 15, 38, 1575 }, // I
    { 13, 19, 118, -4, 15, 62, 1613 }, // J
    { 17, 16, 233, -1, 15, 68, 1675 }, // K
    { 13, 15, 193, -1, 15, 49, 1743 }, // L
    { 20, 15, 302, -1, 15, 75, 1792 }, // M
    { 18, 15, 255, -1, 15, 68, 1867 }, // N
    { 15, 15, 246, 0, 15, 57, 1935 }, // O
    { 14, 15, 197, -1, 15, 53, 1992 }, // P
    { 18, 20, 246, 0, 15, 90, 2045 }, // Q
    { 14, 15, 216, -1, 15, 53, 2135 }, // R
    { 11, 15, 178, 0, 15, 42, 2188 }, // S
    { 13, 15, 213, 1, 15, 49, 2230 }, // T
    { 15, 15, 256, 2, 15, 57, 2279 }, // U
    { 16, 15, 236, 1, 15, 60, 2336 }, // V
    { 22, 15, 347, 1, 15, 83, 2396 }, // W
    { 17, 15, 224, -2, 15, 64, 2479 }, // X
    { 14, 15, 215, 1, 15, 53, 2543 }, // Y
    { 13, 16, 195, -1, 15, 52, 2596 }, // Z
    { 9, 19, 105, -1, 16, 43, 2648 }, // [
    { 9, 16, 166, 1, 15, 36, 2691 }, // <backslash>
    { 9, 19, 105, -1, 16, 43, 2727 }, // ]
    { 11, 9, 208, 1, 13, 25, 2770 }, // ^
    { 11, 2, 167, 0, -1, 6, 2795 }, // _
    { 5, 5, 205, 4, 17, 7, 2801 }, // `
    { 12, 11, 195, 0, 11, 33, 2808 }, // a
    { 11, 16, 185, 0, 16, 44, 2841 }, // b
    { 9, 11, 148, 0, 11, 25, 2885 }, // c
    { 12, 16, 196, 0, 16, 48, 2910 }, // d
    { 10, 11, 157, 0, 11, 28, 2958 }, // e
    { 15, 21, 137, -4, 16, 79, 2986 }, // f
    { 14, 16, 165, -2, 11, 56, 3065 }, // g
    { 12, 16, 199, 0, 16, 48, 3121 }, // h
    { 6, 16, 108, 1, 16, 24, 3169 }, // i
    { 11, 21, 95, -4, 16, 58, 3193 }, // j
    { 11, 16, 177, 0, 16, 44, 3251 }, // k
    { 6, 16, 102, 1, 16, 24, 3295 }, // l
    { 18, 11, 297, 0, 11, 50, 3319 }, // m
    { 13, 11, 205, 0, 11, 36, 3369 }, // n
    { 11, 11, 181, 0, 11, 31, 3405 }, // o
    { 14, 16, 191, -2, 11, 56, 3436 }, // p
    { 12, 16, 185, 0, 11, 48, 3492 }, // q
    { 10, 11, 143, 0, 11, 28, 3540 }, // r
    { 9, 11, 138, 0, 11, 25, 3568 }, // s
    { 9, 14, 130, 0, 14, 32, 3593 }, // t
    { 13, 11, 204, 0, 11, 36, 3625 }, // u
    { 11, 11, 172, 0, 11, 31, 3661 }, // v
    { 16, 11, 258, 0, 11, 44, 3692 }, // w
    { 13, 11, 186, -1, 11, 36, 3736 }, // x
    { 13, 16, 178, -2, 11, 52, 3772 }, // y
    { 10, 11, 157, 0, 11, 28, 3824 }, // z
    { 8, 19, 131, 1, 16, 38, 3852 }, // {
    { 6, 19, 96, 0, 16, 29, 3890 }, // |
    { 9, 19, 131, -1, 16, 43, 3919 }, // }
    { 11, 4, 208, 1, 9, 11, 3962 }, // ~
    { 0, 0, 72, 0, 0, 0, 0 }, // U+00A0
    { 7, 16, 101, -1, 11, 28, 0 }, // U+00A1
    { 10, 20, 185, 1, 16, 50, 28 }, // U+00A2
    { 13, 14, 204, 0, 14, 46, 78 }, // U+00A3
    { 13, 10, 197, 0, 10, 33, 124 }, // U+00A4
    { 13, 14, 200, 1, 14, 46, 157 }, // U+00A5
    { 6, 19, 96, 0, 16, 29, 203 }, // U+00A6
    { 10, 17, 165, 0, 15, 43, 232 }, // U+00A7
    { 7, 3, 205, 3, 16, 6, 275 }, // U+00A8
    { 16, 15, 261, 0, 15, 60, 281 }, // U+00A9
    { 9, 10, 144, 0, 15, 23, 341 }, // U+00AA
    { 11, 7, 172, 0, 9, 20, 364 }, // U+00AB
    { 9, 5, 208, 2, 10, 12, 384 }, // U+00AC
    { 8, 2, 125, 0, 6, 4, 396 }, // U+00AD
    { 12, 11, 194, 0, 16, 33, 400 }, // U+00AE
    { 7, 2, 205, 3, 15, 4, 433 }, // U+00AF
    { 7, 7, 176, 2, 15, 13, 437 }, // U+00B0
    { 9, 13, 208, 2, 13, 30, 450 }, // U+00B1
    { 9, 9, 149, 0, 17, 21, 480 }, // U+00B2
    { 8, 9, 149, 0, 17, 18, 501 }, // U+00B3
    { 5, 5, 205, 4, 17, 7, 519 }, // U+00B4
    { 14, 16, 199, -1, 11, 56, 526 }, // U+00B5
    { 14, 18, 196, -1, 15, 63, 582 }, // U+00B6
    { 4, 3, 101, 1, 8, 3, 645 }, // U+00B7
    { 5, 4, 205, 4, -1, 5, 648 }, // U+00B8
    { 7, 9, 149, 1, 17, 16, 653 }, // U+00B9
    { 8, 9, 147, 1, 15, 18, 669 }, // U+00BA
    { 11, 7, 172, 0, 9, 20, 687 }, // U+00BB
    { 21, 16, 359, 1, 15, 84, 707 }, // U+00BC
    { 21, 16, 359, 1, 15, 84, 791 }, // U+00BD
    { 22, 16, 359, 0, 15, 88, 875 }, // U+00BE
    { 7, 15, 138, 0, 11, 27, 963 }, // U+00BF
    { 17, 20, 244, -2, 20, 85, 990 }, // U+00C0
    { 17, 20, 244, -2, 20, 85, 1075 }, // U+00C1
    { 17, 20, 244, -2, 20, 85, 1160 }, // U+00C2
    { 17, 20, 244, -2, 20, 85, 1245 }, // U+00C3
    { 17, 20, 244, -2, 20, 85, 1330 }, // U+00C4
    { 17, 21, 244, -2, 21, 90, 1415 }, // U+00C5
    { 21, 15, 299, -2, 15, 79, 1505 }, // U+00C6
    { 14, 20, 215, 0, 15, 70, 1584 }, // U+00C7
    { 14, 20, 204, -1, 20, 70, 1654 }, // U+00C8
    { 14, 20, 204, -1, 20, 70, 1724 }, // U+00C9
    { 14, 20, 204, -1, 20, 70, 1794 }, // U+00CA
    { 14, 20, 204, -1, 20, 70, 1864 }, // U+00CB
    { 10, 20, 124, -1, 20, 50, 1934 }, // U+00CC
    { 11, 20, 124, -1, 20, 55, 1984 }, // U+00CD
    { 11, 20, 124, -1, 20, 55, 2039 }, // U+00CE
    { 11, 20, 124, -1, 20, 55, 2094 }, // U+00CF
    { 16, 15, 242, -1, 15, 60, 2149 }, // U+00D0
    { 18, 20, 255, -1, 20, 90, 2209 }, // U+00D1
    { 15, 20, 246, 0, 20, 75, 2299 }, // U+00D2
    { 15, 20, 246, 0, 20, 75, 2374 }, // U+00D3
    { 15, 20, 246, 0, 20, 75, 2449 }, // U+00D4
    { 15, 20, 246, 0, 20, 75, 2524 }, // U+00D5
    { 15, 20, 246, 0, 20, 75, 2599 }, // U+00D6
    { 9, 8, 208, 2, 11, 18, 2674 }, // U+00D7
    { 17, 15, 246, -1, 15, 64, 2692 }, // U+00D8
    { 15, 20, 256, 2, 20, 75, 2756 }, // U+00D9
    { 15, 20, 256, 2, 20, 75, 2831 }, // U+00DA
    { 15, 20, 256, 2, 20, 75, 2906 }, // U+00DB
    { 15, 20, 256, 2, 20, 75, 2981 }, // U+00DC
    { 14, 20, 215, 1, 20, 70, 3056 }, // U+00DD
    { 13, 15, 197, -1, 15, 49, 3126 }, // U+00DE
    { 17, 21, 214, -4, 16, 90, 3175 }, // U+00DF
    { 12, 17, 195, 0, 17, 51, 3265 }, // U+00E0
    { 12, 17, 195, 0, 17, 51, 3316 }, // U+00E1
    { 12, 17, 195, 0, 17, 51, 3367 }, // U+00E2
    { 12, 17, 195, 0, 17, 51, 3418 }, // U+00E3
    { 12, 16, 195, 0, 16, 48, 3469 }, // U+00E4
    { 12, 17, 195, 0, 17, 51, 3517 }, // U+00E5
    { 16, 11, 257, 0, 11, 44, 3568 }, // U+00E6
    { 9, 16, 148, 0, 11, 36, 3612 }, // U+00E7
    { 10, 17, 157, 0, 17, 43, 3648 }, // U+00E8
    { 10, 17, 157, 0, 17, 43, 3691 }, // U+00E9
    { 10, 17, 157, 0, 17, 43, 3734 }, // U+00EA
    { 11, 16, 157, 0, 16, 44, 3777 }, // U+00EB
    { 6, 17, 110, 1, 17, 26, 3821 }, // U+00EC
    { 7, 17, 110, 1, 17, 30, 3847 }, // U+00ED
    { 8, 17, 110, 1, 17, 34, 3877 }, // U+00EE
    { 8, 16, 110, 1, 16, 32, 3911 }, // U+00EF
    { 11, 16, 181, 0, 16, 44, 3943 }, // U+00F0
    { 13, 17, 205, 0, 17, 56, 3987 }, // U+00F1
    { 11, 17, 181, 0, 17, 47, 4043 }, // U+00F2
    { 11, 17, 181, 0, 17, 47, 4090 }, // U+00F3
    { 11, 17, 181, 0, 17, 47, 4137 }, // U+00F4
    { 12, 17, 181, 0, 17, 51, 4184 }, // U+00F5
    { 12, 16, 181, 0, 16, 48, 4235 }, // U+00F6
    { 9, 10, 208, 2, 12, 23, 4283 }, // U+00F7
    { 13, 11, 181, -1, 11, 36, 4306 }, // U+00F8
    { 13, 17, 204, 0, 17, 56, 4342 }, // U+00F9
    { 13, 17, 204, 0, 17, 56, 4398 }, // U+00FA
    { 13, 17, 204, 0, 17, 56, 4454 }, // U+00FB
    { 13, 16, 204, 0, 16, 52, 4510 }, // U+00FC
    { 13, 22, 178, -2, 17, 72, 4562 }, // U+00FD
    { 13, 21, 184, -2, 16, 69, 4634 }, // U+00FE
    { 13, 21, 178, -2, 16, 69, 4703 }, // U+00FF
    { 17, 19, 244, -2, 19, 81, 0 }, // U+0100
    { 12, 15, 195, 0, 15, 45, 81 }, // U+0101
    { 17, 21, 244, -2, 21, 90, 126 }, // U+0102
    { 12, 16, 195, 0, 16, 48, 216 }, // U+0103
    { 17, 19, 244, -2, 15, 81, 264 }, // U+0104
    { 12, 15, 195, 0, 11, 45, 345 }, // U+0105
    { 14, 20, 215, 0, 20, 70, 390 }, // U+0106
    { 10, 17, 148, 0, 17, 43, 460 }, // U+0107
    { 14, 20, 215, 0, 20, 70, 503 }, // U+0108
    { 10, 17, 148, 0, 17, 43, 573 }, // U+0109
    { 14, 20, 215, 0, 20, 70, 616 }, // U+010A
    { 9, 16, 148, 0, 16, 36, 686 }, // U+010B
    { 14, 20, 215, 0, 20, 70, 722 }, // U+010C
    { 11, 17, 148, 0, 17, 47, 792 }, // U+010D
    { 16, 21, 242, -1, 20, 84, 839 }, // U+010E
    { 16, 17, 204, 0, 17, 68, 923 }, // U+010F
    { 16, 15, 242, -1, 15, 60, 991 }, // U+0110
    { 14, 16, 196, 0, 16, 56, 1051 }, // U+0111
    { 14, 19, 204, -1, 19, 67, 1107 }, // U+0112
    { 11, 15, 157, 0, 15, 42, 1174 }, // U+0113
    { 14, 21, 204, -1, 21, 74, 1216 }, // U+0114
    { 11, 16, 157, 0, 16, 44, 1290 }, // U+0115
    { 14, 20, 204, -1, 20, 70, 1334 }, // U+0116
    { 10, 16, 157, 0, 16, 40, 1404 }, // U+0117
    { 14, 19, 204, -1, 15, 67, 1444 }, // U+0118
    { 10, 15, 157, 0, 11, 38, 1511 }, // U+0119
    { 14, 20, 204, -1, 20, 70, 1549 }, // U+011A
    { 11, 17, 157, 0, 17, 47, 1619 }, // U+011B
    { 14, 20, 237, 1, 20, 70, 1666 }, // U+011C
    { 14, 22, 165, -2, 17, 77, 1736 }, // U+011D
    { 14, 21, 237, 1, 21, 74, 1813 }, // U+011E
    { 14, 21, 165, -2, 16, 74, 1887 }, // U+011F
    { 14, 20, 237, 1, 20, 70, 1961 }, // U+0120
    { 14, 21, 165, -2, 16, 74, 2031 }, // U+0121
    { 14, 20, 237, 1, 15, 70, 2105 }, // U+0122
    { 14, 23, 165, -2, 18, 81, 2175 }, // U+0123
    { 19, 20, 267, -1, 20, 95, 2256 }, // U+0124
    { 12, 21, 199, 0, 21, 63, 2351 }, // U+0125
    { 19, 15, 267, -1, 15, 72, 2414 }, // U+0126
    { 12, 16, 199, 0, 16, 48, 2486 }, // U+0127
    { 11, 20, 124, -1, 20, 55, 2534 }, // U+0128
    { 8, 17, 110, 1, 17, 34, 2589 }, // U+0129
    { 11, 19, 124, -1, 19, 53, 2623 }, // U+012A
    { 8, 15, 110, 1, 15, 30, 2676 }, // U+012B
    { 11, 21, 124, -1, 21, 58, 2706 }, // U+012C
    { 8, 16, 110, 1, 16, 32, 2764 }, // U+012D
    { 10, 19, 124, -1, 15, 48, 2796 }, // U+012E
    { 7, 20, 108, 0, 16, 35, 2844 }, // U+012F
    { 10, 20, 124, -1, 20, 50, 2879 }, // U+0130
    { 5, 11, 108, 1, 11, 14, 2929 }, // U+0131
    { 18, 19, 242, -1, 15, 86, 2943 }, // U+0132
    { 13, 21, 204, 1, 16, 69, 3029 }, // U+0133
    { 14, 24, 118, -4, 20, 84, 3098 }, // U+0134
    { 12, 22, 96, -4, 17, 66, 3182 }, // U+0135
    { 17, 20, 233, -1, 15, 85, 3248 }, // U+0136
    { 11, 21, 177, 0, 16, 58, 3333 }, // U+0137
    { 11, 11, 181, 0, 11, 31, 3391 }, // U+0138
    { 13, 20, 193, -1, 20, 65, 3422 }, // U+0139
    { 7, 21, 102, 1, 21, 37, 3487 }, // U+013A
    { 13, 20, 193, -1, 15, 65, 3524 }, // U+013B
    { 8, 21, 102, -1, 16, 42, 3589 }, // U+013C
    { 13, 16, 193, -1, 16, 52, 3631 }, // U+013D
    { 9, 17, 112, 1, 17, 39, 3683 }, // U+013E
    { 13, 15, 195, -1, 15, 49, 3722 }, // U+013F
    { 9, 16, 136, 1, 16, 36, 3771 }, // U+0140
    { 13, 15, 193, -1, 15, 49, 3807 }, // U+0141
    { 9, 16, 102, -1, 16, 36, 3856 }, // U+0142
    { 18, 20, 255, -1, 20, 90, 3892 }, // U+0143
    { 13, 17, 205, 0, 17, 56, 3982 }, // U+0144
    { 18, 20, 255, -1, 15, 90, 4038 }, // U+0145
    { 13, 16, 205, 0, 11, 52, 4128 }, // U+0146
    { 18, 20, 255, -1, 20, 90, 4180 }, // U+0147
    { 13, 17, 205, 0, 17, 56, 4270 }, // U+0148
    { 16, 16, 275, 1, 16, 64, 4326 }, // U+0149
    { 18, 19, 255, -1, 15, 86, 4390 }, // U+014A
    { 12, 16, 193, 0, 11, 48, 4476 }, // U+014B
    { 15, 19, 246, 0, 19, 72, 4524 }, // U+014C
    { 11, 15, 181, 0, 15, 42, 4596 }, // U+014D
    { 15, 21, 246, 0, 21, 79, 4638 }, // U+014E
    { 12, 16, 181, 0, 16, 48, 4717 }, // U+014F
    { 16, 20, 246, 0, 20, 80, 4765 }, // U+0150
    { 13, 17, 181, 0, 17, 56, 4845 }, // U+0151
    { 21, 15, 322, 0, 15, 79, 4901 }, // U+0152
    { 17, 11, 272, 0, 11, 47, 4980 }, // U+0153
    { 14, 20, 216, -1, 20, 70, 5027 }, // U+0154
    { 10, 17, 143, 0, 17, 43, 5097 }, // U+0155
    { 14, 20, 216, -1, 15, 70, 5140 }, // U+0156
    { 11, 16, 143, -1, 11, 44, 5210 }, // U+0157
    { 14, 20, 216, -1, 20, 70, 5254 }, // U+0158
    { 11, 17, 143, 0, 17, 47, 5324 }, // U+0159
    { 11, 20, 178, 0, 20, 55, 5371 }, // U+015A
    { 9, 17, 138, 0, 17, 39, 5426 }, // U+015B
    { 11, 20, 178, 0, 20, 55, 5465 }, // U+015C
    { 10, 17, 138, 0, 17, 43, 5520 }, // U+015D
    { 11, 20, 178, 0, 15, 55, 5563 }, // U+015E
    { 9, 16, 138, 0, 11, 36, 5618 }, // U+015F
    { 12, 20, 178, 0, 20, 60, 5654 }, // U+0160
    { 10, 17, 138, 0, 17, 43, 5714 }, // U+0161
    { 13, 20, 213, 1, 15, 65, 5757 }, // U+0162
    { 9, 19, 130, 0, 14, 43, 5822 }, // U+0163
    { 13, 20, 213, 1, 20, 65, 5865 }, // U+0164
    { 10, 16, 130, 0, 16, 40, 5930 }, // U+0165
    { 13, 15, 213, 1, 15, 49, 5970 }, // U+0166
    { 9, 14, 130, 0, 14, 32, 6019 }, // U+0167
    { 15, 20, 256, 2, 20, 75, 6051 }, // U+0168
    { 13, 17, 204, 0, 17, 56, 6126 }, // U+0169
    { 15, 19, 256, 2, 19, 72, 6182 }, // U+016A
    { 13, 15, 204, 0, 15, 49, 6254 }, // U+016B
    { 15, 21, 256, 2, 21, 79, 6303 }, // U+016C
    { 13, 16, 204, 0, 16, 52, 6382 }, // U+016D
    { 15, 21, 256, 2, 21, 79, 6434 }, // U+016E
    { 13, 17, 204, 0, 17, 56, 6513 }, // U+016F
    { 15, 20, 256, 2, 20, 75, 6569 }, // U+0170
    { 13, 17, 204, 0, 17, 56, 6644 }, // U+0171
    { 15, 19, 256, 2, 15, 72, 6700 }, // U+0172
    { 13, 15, 204, 0, 11, 49, 6772 }, // U+0173
    { 22, 20, 347, 1, 20, 110, 6821 }, // U+0174
    { 16, 17, 258, 0, 17, 68, 6931 }, // U+0175
    { 14, 20, 215, 1, 20, 70, 6999 }, // U+0176
    { 13, 22, 178, -2, 17, 72, 7069 }, // U+0177
    { 14, 20, 215, 1, 20, 70, 7141 }, // U+0178
    { 13, 21, 195, -1, 20, 69, 7211 }, // U+0179
    { 10, 17, 157, 0, 17, 43, 7280 }, // U+017A
    { 13, 21, 195, -1, 20, 69, 7323 }, // U+017B
    { 10, 16, 157, 0, 16, 40, 7392 }, // U+017C
    { 13, 21, 195, -1, 20, 69, 7432 }, // U+017D
    { 10, 17, 157, 0, 17, 43, 7501 }, // U+017E
    { 15, 21, 137, -4, 16, 79, 7544 }, // U+017F
    { 30, 21, 452, -1, 20, 158, 0 }, // U+01C4
    { 27, 18, 411, -1, 17, 122, 158 }, // U+01C5
    { 23, 17, 369, 0, 17, 98, 280 }, // U+01C6
    { 22, 19, 312, -1, 15, 105, 378 }, // U+01C7
    { 20, 21, 284, -1, 16, 105, 483 }, // U+01C8
    { 12, 21, 198, 1, 16, 63, 588 }, // U+01C9
    { 26, 19, 374, -1, 15, 124, 651 }, // U+01CA
    { 24, 21, 351, -1, 16, 126, 775 }, // U+01CB
    { 20, 21, 301, 0, 16, 105, 901 }, // U+01CC
    { 17, 20, 244, -2, 20, 85, 1006 }, // U+01CD
    { 12, 17, 195, 0, 17, 51, 1091 }, // U+01CE
    { 12, 20, 124, -1, 20, 60, 1142 }, // U+01CF
    { 8, 17, 110, 1, 17, 34, 1202 }, // U+01D0
    { 15, 20, 246, 0, 20, 75, 1236 }, // U+01D1
    { 12, 17, 181, 0, 17, 51, 1311 }, // U+01D2
    { 15, 20, 256, 2, 20, 75, 1362 }, // U+01D3
    { 13, 17, 204, 0, 17, 56, 1437 }, // U+01D4
    { 15, 23, 256, 2, 23, 87, 1493 }, // U+01D5
    { 13, 19, 204, 0, 19, 62, 1580 }, // U+01D6
    { 15, 25, 256, 2, 25, 94, 1642 }, // U+01D7
    { 13, 21, 204, 0, 21, 69, 1736 }, // U+01D8
    { 15, 24, 256, 2, 24, 90, 1805 }, // U+01D9
    { 13, 21, 204, 0, 21, 69, 1895 }, // U+01DA
    { 15, 25, 256, 2, 25, 94, 1964 }, // U+01DB
    { 13, 22, 204, 0, 22, 72, 2058 }, // U+01DC
    { 10, 11, 160, 0, 11, 28, 2130 }, // U+01DD
    { 17, 23, 244, -2, 23, 98, 2158 }, // U+01DE
    { 12, 19, 195, 0, 19, 57, 2256 }, // U+01DF
    { 17, 22, 244, -2, 22, 94, 2313 }, // U+01E0
    { 12, 19, 195, 0, 19, 57, 2407 }, // U+01E1
    { 21, 19, 299, -2, 19, 100, 2464 }, // U+01E2
    { 16, 15, 257, 0, 15, 60, 2564 }, // U+01E3
    { 15, 15, 237, 0, 15, 57, 2624 }, // U+01E4
    { 16, 16, 165, -4, 11, 64, 2681 }, // U+01E5
    { 14, 20, 237, 1, 20, 70, 2745 }, // U+01E6
    { 14, 22, 165, -2, 17, 77, 2815 }, // U+01E7
    { 17, 21, 233, -1, 20, 90, 2892 }, // U+01E8
    { 11, 21, 177, 0, 21, 58, 2982 }, // U+01E9
    { 15, 19, 246, 0, 15, 72, 3040 }, // U+01EA
    { 11, 15, 181, 0, 11, 42, 3112 }, // U+01EB
    { 15, 23, 246, 0, 19, 87, 3154 }, // U+01EC
    { 11, 19, 181, 0, 15, 53, 3241 }, // U+01ED
    { 14, 20, 191, -1, 20, 70, 3294 }, // U+01EE
    { 13, 22, 172, -2, 17, 72, 3364 }, // U+01EF
    { 13, 22, 96, -4, 17, 72, 3436 }, // U+01F0
    { 29, 16, 440, -1, 15, 116, 3508 }, // U+01F1
    { 26, 16, 400, -1, 15, 104, 3624 }, // U+01F2
    { 22, 16, 353, 0, 16, 88, 3728 }, // U+01F3
    { 14, 20, 237, 1, 20, 70, 3816 }, // U+01F4
    { 14, 22, 165, -2, 17, 77, 3886 }, // U+01F5
    { 18, 20, 255, -1, 20, 90, 3963 }, // U+01F8
    { 13, 17, 205, 0, 17, 56, 4053 }, // U+01F9
    { 17, 22, 244, -2, 22, 94, 4109 }, // U+01FA
    { 12, 21, 195, 0, 21, 63, 4203 }, // U+01FB
    { 21, 20, 299, -2, 20, 105, 4266 }, // U+01FC
    { 16, 17, 257, 0, 17, 68, 4371 }, // U+01FD
    { 17, 20, 259, -1, 20, 85, 4439 }, // U+01FE
    { 13, 17, 181, -1, 17, 56, 4524 }, // U+01FF
    { 17, 20, 244, -2, 20, 85, 4580 }, // U+0200
    { 12, 17, 195, 0, 17, 51, 4665 }, // U+0201
    { 17, 21, 244, -2, 21, 90, 4716 }, // U+0202
    { 12, 16, 195, 0, 16, 48, 4806 }, // U+0203
    { 14, 20, 204, -1, 20, 70, 4854 }, // U+0204
    { 10, 17, 157, 0, 17, 43, 4924 }, // U+0205
    { 14, 21, 204, -1, 21, 74, 4967 }, // U+0206
    { 10, 16, 157, 0, 16, 40, 5041 }, // U+0207
    { 10, 20, 124, -1, 20, 50, 5081 }, // U+0208
    { 7, 17, 110, 1, 17, 30, 5131 }, // U+0209
    { 11, 21, 124, -1, 21, 58, 5161 }, // U+020A
    { 8, 16, 110, 1, 16, 32, 5219 }, // U+020B
    { 15, 20, 246, 0, 20, 75, 5251 }, // U+020C
    { 11, 17, 181, 0, 17, 47, 5326 }, // U+020D
    { 15, 21, 246, 0, 21, 79, 5373 }, // U+020E
    { 11, 16, 181, 0, 16, 44, 5452 }, // U+020F
    { 14, 20, 216, -1, 20, 70, 5496 }, // U+0210
    { 10, 17, 143, 0, 17, 43, 5566 }, // U+0211
    { 14, 21, 216, -1, 21, 74, 5609 }, // U+0212
    { 10, 16, 143, 0, 16, 40, 5683 }, // U+0213
    { 15, 20, 256, 2, 20, 75, 5723 }, // U+0214
    { 13, 17, 204, 0, 17, 56, 5798 }, // U+0215
    { 15, 21, 256, 2, 21, 79, 5854 }, // U+0216
    { 13, 16, 204, 0, 16, 52, 5933 }, // U+0217
    { 11, 20, 178, 0, 15, 55, 5985 }, // U+0218
    { 9, 16, 138, 0, 11, 36, 6040 }, // U+0219
    { 13, 20, 213, 1, 15, 65, 6076 }, // U+021A
    { 9, 19, 130, 0, 14, 43, 6141 }, // U+021B
    { 12, 17, 190, -1, 15, 51, 6184 }, // U+021C
    { 10, 16, 157, -1, 11, 40, 6235 }, // U+021D
    { 19, 20, 267, -1, 20, 95, 6275 }, // U+021E
    { 12, 21, 199, 0, 21, 63, 6370 }, // U+021F
    { 4, 5, 0, -3, 17, 5, 0 }, // U+0300
    { 5, 5, 0, -2, 17, 7, 5 }, // U+0301
    { 7, 5, 0, -4, 17, 9, 12 }, // U+0302
    { 8, 4, 0, -4, 17, 8, 21 }, // U+0303
    { 8, 2, 0, -4, 15, 4, 29 }, // U+0304
    { 8, 4, 0, -4, 16, 8, 33 }, // U+0306
    { 4, 3, 0, -2, 16, 3, 41 }, // U+0307
    { 8, 3, 0, -4, 16, 6, 44 }, // U+0308
    { 6, 6, 0, -3, 18, 9, 50 }, // U+0309
    { 6, 5, 0, -3, 17, 8, 59 }, // U+030A
    { 9, 5, 0, -4, 17, 12, 67 }, // U+030B
    { 7, 5, 0, -3, 17, 9, 79 }, // U+030C
    { 6, 5, 0, -4, 17, 8, 88 }, // U+030F
    { 8, 4, 0, -4, 16, 8, 96 }, // U+0311
    { 4, 6, 0, -2, 18, 6, 104 }, // U+0312
    { 5, 6, 0, -2, 19, 8, 110 }, // U+0313
    { 5, 6, 0, -3, 19, 8, 118 }, // U+0314
    { 4, 6, 0, -2, 17, 6, 126 }, // U+0315
    { 4, 4, 0, -2, 13, 4, 132 }, // U+031B
    { 4, 3, 0, -2, -2, 3, 136 }, // U+0323
    { 8, 3, 0, -4, -2, 6, 139 }, // U+0324
    { 6, 4, 0, -3, -1, 6, 145 }, // U+0325
    { 4, 4, 0, -2, -1, 4, 151 }, // U+0326
    { 6, 4, 0, -3, -1, 6, 155 }, // U+0327
    { 5, 5, 0, -3, 1, 7, 161 }, // U+0328
    { 4, 4, 90, -1, -1, 4, 168 }, // U+0329
    { 8, 5, 0, -4, -1, 10, 172 }, // U+032D
    { 8, 4, 0, -4, -1, 8, 182 }, // U+032E
    { 8, 4, 0, -4, -2, 8, 190 }, // U+0330
    { 8, 2, 0, -4, -2, 4, 198 }, // U+0331
    { 8, 4, 0, -4, 16, 8, 202 }, // U+0342
    { 9, 8, 0, -5, 21, 18, 210 }, // U+0344
    { 5, 4, 0, -2, -1, 5, 228 }, // U+0345
    { 0, 0, 167, 0, 0, 0, 0 }, // U+2000
    { 0, 0, 333, 0, 0, 0, 0 }, // U+2001
    { 0, 0, 167, 0, 0, 0, 0 }, // U+2002
    { 0, 0, 333, 0, 0, 0, 0 }, // U+2003
    { 0, 0, 111, 0, 0, 0, 0 }, // U+2004
    { 0, 0, 83, 0, 0, 0, 0 }, // U+2005
    { 0, 0, 55, 0, 0, 0, 0 }, // U+2006
    { 0, 0, 208, 0, 0, 0, 0 }, // U+2007
    { 0, 0, 91, 0, 0, 0, 0 }, // U+2008
    { 0, 0, 67, 0, 0, 0, 0 }, // U+2009
    { 0, 0, 17, 0, 0, 0, 0 }, // U+200A
    { 0, 0, 0, 0, 0, 0, 0 }, // U+200B
    { 2, 18, 0, -1, 13, 9, 0 }, // U+200C
    { 6, 19, 0, -3, 14, 29, 9 }, // U+200D
    { 8, 20, 0, -4, 15, 40, 38 }, // U+200E
    { 8, 20, 0, -4, 15, 40, 78 }, // U+200F
    { 8, 2, 125, 0, 6, 4, 118 }, // U+2010
    { 8, 2, 125, 0, 6, 4, 122 }, // U+2011
    { 11, 2, 208, 1, 8, 6, 126 }, // U+2012
    { 11, 2, 167, 0, 6, 6, 132 }, // U+2013
    { 21, 2, 333, 0, 6, 11, 138 }, // U+2014
    { 21, 2, 333, 0, 6, 11, 149 }, // U+2015
    { 7, 21, 167, 2, 16, 37, 160 }, // U+2016
    { 11, 5, 167, 0, -1, 14, 197 }, // U+2017
    { 5, 6, 100, 1, 16, 8, 211 }, // U+2018
    { 5, 6, 100, 1, 16, 8, 219 }, // U+2019
    { 5, 6, 100, 0, 3, 8, 227 }, // U+201A
    { 5, 6, 79, 0, 16, 8, 235 }, // U+201B
    { 10, 6, 167, 1, 16, 15, 243 }, // U+201C
    { 9, 6, 167, 1, 16, 14, 258 }, // U+201D
    { 9, 6, 167, 0, 3, 14, 272 }, // U+201E
    { 9, 6, 146, 0, 16, 14, 286 }, // U+201F
    { 9, 13, 156, 1, 15, 30, 300 }, // U+2020
    { 10, 16, 156, 0, 15, 40, 330 }, // U+2021
    { 5, 5, 100, 1, 7, 7, 370 }, // U+2022
    { 8, 7, 208, 3, 11, 14, 377 }, // U+2023
    { 4, 3, 91, 1, 2, 3, 391 }, // U+2024
    { 9, 3, 167, 1, 3, 7, 394 }, // U+2025
    { 18, 3, 333, 1, 3, 14, 401 }, // U+2026
    { 4, 3, 91, 1, 7, 3, 415 }, // U+2027
    { 0, 0, 0, 0, 0, 0, 418 }, // U+2028
    { 0, 0, 0, 0, 0, 0, 418 }, // U+2029
    { 8, 20, 0, -4, 15, 40, 418 }, // U+202A
    { 8, 20, 0, -4, 15, 40, 458 }, // U+202B
    { 6, 20, 0, -3, 15, 30, 498 }, // U+202C
    { 10, 20, 0, -5, 15, 50, 528 }, // U+202D
    { 10, 20, 0, -5, 15, 50, 578 }, // U+202E
    { 0, 0, 36, 0, 0, 0, 628 }, // U+202F
    { 27, 16, 455, 1, 15, 108, 628 }, // U+2030
    { 5, 7, 87, 0, 15, 9, 736 }, // U+2032
    { 9, 7, 152, 0, 15, 16, 745 }, // U+2033
    { 13, 7, 217, 0, 15, 23, 761 }, // U+2034
    { 5, 7, 87, 0, 15, 9, 784 }, // U+2035
    { 10, 7, 160, 0, 15, 18, 793 }, // U+2036
    { 14, 7, 233, 0, 15, 25, 811 }, // U+2037
    { 10, 4, 166, 0, 0, 10, 836 }, // U+2038
    { 7, 7, 105, 0, 9, 13, 846 }, // U+2039
    { 6, 7, 105, 0, 9, 11, 859 }, // U+203A
    { 13, 14, 208, 0, 14, 46, 870 }, // U+203B
    { 12, 15, 192, 1, 15, 45, 916 }, // U+203C
    { 11, 2, 167, 0, 17, 6, 961 }, // U+203E
    { 6, 2, 100, 0, 6, 3, 967 }, // U+2043
    { 13, 16, 78, -4, 15, 52, 970 }, // U+2044
    { 16, 15, 271, 1, 15, 60, 1022 }, // U+2047
    { 14, 15, 233, 1, 15, 53, 1082 }, // U+2048
    { 14, 15, 239, 1, 15, 53, 1135 }, // U+2049
    { 13, 5, 333, 4, 9, 17, 1188 }, // U+2053
    { 18, 7, 282, 0, 15, 32, 1205 }, // U+2057
    { 0, 0, 74, 0, 0, 0, 1237 }, // U+205F
    { 0, 0, 0, 0, 0, 0, 1237 }, // U+2060
    { 0, 0, 0, 0, 0, 0, 1237 }, // U+2061
    { 0, 0, 0, 0, 0, 0, 1237 }, // U+2062
    { 0, 0, 0, 0, 0, 0, 1237 }, // U+2063
    { 0, 0, 0, 0, 0, 0, 1237 }, // U+2064
    { 9, 9, 149, 0, 17, 21, 0 }, // U+2070
    { 9, 9, 149, 0, 17, 21, 21 }, // U+2074
    { 8, 9, 149, 1, 17, 18, 42 }, // U+2075
    { 9, 9, 149, 1, 17, 21, 60 }, // U+2076
    { 8, 9, 149, 2, 17, 18, 81 }, // U+2077
    { 8, 9, 149, 1, 17, 18, 99 }, // U+2078
    { 9, 9, 149, 0, 17, 21, 117 }, // U+2079
    { 8, 7, 189, 2, 15, 14, 138 }, // U+207F
    { 9, 9, 149, 0, 6, 21, 152 }, // U+2080
    { 7, 9, 149, 1, 6, 16, 173 }, // U+2081
    { 9, 9, 149, 0, 6, 21, 189 }, // U+2082
    { 8, 9, 149, 0, 6, 18, 210 }, // U+2083
    { 9, 9, 149, 0, 6, 21, 228 }, // U+2084
    { 8, 9, 149, 1, 6, 18, 249 }, // U+2085
    { 9, 9, 149, 1, 6, 21, 267 }, // U+2086
    { 8, 9, 149, 2, 6, 18, 288 }, // U+2087
    { 8, 9, 149, 1, 6, 18, 306 }, // U+2088
    { 9, 9, 149, 0, 6, 21, 324 }, // U+2089
    { 13, 14, 194, 0, 14, 46, 0 }, // U+20A3
    { 13, 14, 204, 0, 14, 46, 46 }, // U+20A4
    { 26, 14, 415, 0, 14, 91, 92 }, // U+20A7
    { 14, 14, 208, 0, 14, 49, 183 }, // U+20AC
    { 13, 8, 333, 4, 11, 26, 0 }, // U+2190
    { 9, 13, 333, 6, 14, 30, 26 }, // U+2191
    { 13, 8, 333, 4, 11, 26, 56 }, // U+2192
    { 9, 13, 333, 6, 14, 30, 82 }, // U+2193
    { 13, 8, 333, 4, 11, 26, 112 }, // U+2194
    { 9, 14, 333, 6, 15, 32, 138 }, // U+2195
    { 9, 13, 333, 6, 14, 30, 170 }, // U+21A8
    { 9, 13, 333, 6, 14, 30, 200 }, // U+21B2
    { 9, 13, 333, 6, 14, 30, 230 }, // U+21B3
    { 11, 10, 333, 5, 12, 28, 260 }, // U+21B5
    { 13, 9, 333, 4, 12, 30, 288 }, // U+21D0
    { 9, 12, 333, 6, 13, 27, 318 }, // U+21D1
    { 13, 9, 333, 4, 12, 30, 345 }, // U+21D2
    { 9, 12, 333, 6, 13, 27, 375 }, // U+21D3
    { 13, 9, 333, 4, 12, 30, 402 }, // U+21D4
    { 15, 15, 333, 3, 15, 57, 0 }, // U+2200
    { 11, 16, 208, 1, 16, 44, 57 }, // U+2202
    { 11, 15, 333, 5, 15, 42, 101 }, // U+2203
    { 17, 17, 333, 2, 16, 73, 143 }, // U+2205
    { 14, 15, 219, 0, 15, 53, 216 }, // U+2206
    { 13, 15, 333, 4, 15, 49, 269 }, // U+2207
    { 15, 15, 333, 3, 15, 57, 318 }, // U+2208
    { 15, 18, 333, 3, 16, 68, 375 }, // U+2209
    { 15, 11, 333, 3, 13, 42, 443 }, // U+220A
    { 15, 15, 333, 3, 15, 57, 485 }, // U+220B
    { 15, 18, 333, 3, 16, 68, 542 }, // U+220C
    { 15, 11, 333, 3, 13, 42, 610 }, // U+220D
    { 17, 18, 270, 0, 15, 77, 652 }, // U+220F
    { 13, 19, 204, 0, 15, 62, 729 }, // U+2211
    { 9, 2, 208, 2, 8, 5, 791 }, // U+2212
    { 12, 16, 166, -1, 15, 48, 796 }, // U+2215
    { 9, 16, 166, 1, 15, 36, 844 }, // U+2216
    { 9, 10, 208, 2, 12, 23, 880 }, // U+2217
    { 7, 7, 208, 3, 11, 13, 903 }, // U+2218
    { 4, 3, 208, 5, 7, 3, 916 }, // U+2219
    { 13, 19, 208, 0, 17, 62, 919 }, // U+221A
    { 11, 7, 208, 1, 10, 20, 981 }, // U+221D
    { 13, 7, 208, 0, 10, 23, 1001 }, // U+221E
    { 13, 15, 333, 4, 15, 49, 1024 }, // U+221F
    { 15, 15, 333, 2, 15, 57, 1073 }, // U+2220
    { 3, 21, 167, 4, 16, 16, 1130 }, // U+2223
    { 7, 21, 167, 2, 16, 37, 1146 }, // U+2225
    { 14, 15, 333, 4, 15, 53, 1183 }, // U+2227
    { 14, 15, 333, 4, 15, 53, 1236 }, // U+2228
    { 13, 15, 333, 4, 15, 49, 1289 }, // U+2229
    { 13, 15, 333, 4, 15, 49, 1338 }, // U+222A
    { 11, 21, 208, 1, 16, 58, 1387 }, // U+222B
    { 13, 12, 333, 4, 11, 39, 1445 }, // U+2234
    { 13, 12, 333, 4, 11, 39, 1484 }, // U+2235
    { 6, 11, 101, 0, 13, 17, 1523 }, // U+2236
    { 13, 12, 333, 4, 11, 39, 1540 }, // U+2237
    { 13, 5, 333, 4, 9, 17, 1579 }, // U+223C
    { 13, 12, 333, 4, 13, 39, 1596 }, // U+2245
    { 11, 8, 208, 1, 11, 22, 1635 }, // U+2248
    { 13, 8, 333, 4, 10, 26, 1657 }, // U+224D
    { 9, 10, 208, 2, 12, 23, 1683 }, // U+2260
    { 11, 10, 333, 5, 11, 28, 1706 }, // U+2261
    { 9, 14, 208, 2, 14, 32, 1734 }, // U+2264
    { 9, 14, 208, 2, 14, 32, 1766 }, // U+2265
    { 17, 9, 333, 2, 12, 39, 1798 }, // U+226A
    { 17, 9, 333, 2, 12, 39, 1837 }, // U+226B
    { 15, 11, 333, 3, 13, 42, 1876 }, // U+2283
    { 15, 17, 333, 3, 16, 64, 1918 }, // U+2284
    { 15, 17, 333, 3, 16, 64, 1982 }, // U+2285
    { 15, 15, 333, 3, 15, 57, 2046 }, // U+2286
    { 15, 15, 333, 3, 15, 57, 2103 }, // U+2287
    { 17, 15, 333, 2, 15, 64, 2160 }, // U+2295
    { 17, 15, 333, 2, 15, 64, 2224 }, // U+2296
    { 17, 15, 333, 2, 15, 64, 2288 }, // U+2297
    { 17, 15, 333, 2, 15, 64, 2352 }, // U+2298
    { 13, 15, 333, 4, 15, 49, 2416 }, // U+22A5
    { 4, 3, 208, 5, 7, 3, 2465 }, // U+22C5
    { 18, 3, 333, 2, 7, 14, 2468 }, // U+22EF
    { 22, 21, 246, -4, 16, 116, 0 }, // U+FB00
    { 18, 21, 217, -4, 16, 95, 116 }, // U+FB01
    { 18, 21, 225, -4, 16, 95, 211 }, // U+FB02
    { 24, 21, 326, -4, 16, 126, 306 }, // U+FB03
    { 25, 21, 334, -4, 16, 132, 432 }, // U+FB04
    { 20, 21, 245, -4, 16, 105, 564 }, // U+FB05
    { 17, 16, 267, 0, 16, 68, 669 }, // U+FB06
    { 21, 19, 333, 0, 17, 100, 0 }, // U+FFFD
};

static const EpdUnicodeInterval bookerly_10_italicIntervals[] = {
    { 0x0, 0x0, 0x0 },
    { 0x8, 0x9, 0x1 },
    { 0xD, 0xD, 0x3 },
    { 0x1D, 0x1D, 0x4 },
    { 0x20, 0x7E, 0x5 },
    { 0xA0, 0xFF, 0x64 },
    { 0x100, 0x17F, 0xC4 },
    { 0x1C4, 0x1F5, 0x144 },
    { 0x1F8, 0x21F, 0x176 },
    { 0x300, 0x304, 0x19E },
    { 0x306, 0x30C, 0x1A3 },
    { 0x30F, 0x30F, 0x1AA },
    { 0x311, 0x315, 0x1AB },
    { 0x31B, 0x31B, 0x1B0 },
    { 0x323, 0x329, 0x1B1 },
    { 0x32D, 0x32E, 0x1B8 },
    { 0x330, 0x331, 0x1BA },
    { 0x342, 0x342, 0x1BC },
    { 0x344, 0x345, 0x1BD },
    { 0x2000, 0x2030, 0x1BF },
    { 0x2032, 0x203C, 0x1F0 },
    { 0x203E, 0x203E, 0x1FB },
    { 0x2043, 0x2044, 0x1FC },
    { 0x2047, 0x2049, 0x1FE },
    { 0x2053, 0x2053, 0x201 },
    { 0x2057, 0x2057, 0x202 },
    { 0x205F, 0x2064, 0x203 },
    { 0x2070, 0x2070, 0x209 },
    { 0x2074, 0x2079, 0x20A },
    { 0x207F, 0x2089, 0x210 },
    { 0x20A3, 0x20A4, 0x21B },
    { 0x20A7, 0x20A7, 0x21D },
    { 0x20AC, 0x20AC, 0x21E },
    { 0x2190, 0x2195, 0x21F },
    { 0x21A8, 0x21A8, 0x225 },
    { 0x21B2, 0x21B3, 0x226 },
    { 0x21B5, 0x21B5, 0x228 },
    { 0x21D0, 0x21D4, 0x229 },
    { 0x2200, 0x2200, 0x22E },
    { 0x2202, 0x2203, 0x22F },
    { 0x2205, 0x220D, 0x231 },
    { 0x220F, 0x220F, 0x23A },
    { 0x2211, 0x2212, 0x23B },
    { 0x2215, 0x221A, 0x23D },
    { 0x221D, 0x2220, 0x243 },
    { 0x2223, 0x2223, 0x247 },
    { 0x2225, 0x2225, 0x248 },
    { 0x2227, 0x222B, 0x249 },
    { 0x2234, 0x2237, 0x24E },
    { 0x223C, 0x223C, 0x252 },
    { 0x2245, 0x2245, 0x253 },
    { 0x2248, 0x2248, 0x254 },
    { 0x224D, 0x224D, 0x255 },
    { 0x2260, 0x2261, 0x256 },
    { 0x2264, 0x2265, 0x258 },
    { 0x226A, 0x226B, 0x25A },
    { 0x2283, 0x2287, 0x25C },
    { 0x2295, 0x2298, 0x261 },
    { 0x22A5, 0x22A5, 0x265 },
    { 0x22C5, 0x22C5, 0x266 },
    { 0x22EF, 0x22EF, 0x267 },
    { 0xFB00, 0xFB06, 0x268 },
    { 0xFFFD, 0xFFFD, 0x26F },
};

static const EpdFontGroup bookerly_10_italicGroups[] = {
    { 0, 2688, 4505, 100, 0 },
    { 2688, 2279, 5391, 96, 100 },
    { 4967, 2973, 8629, 128, 196 },
    { 7940, 2903, 7104, 90, 324 },
    { 10843, 245, 272, 33, 414 },
    { 11088, 805, 1426, 74, 447 },
    { 11893, 216, 401, 18, 521 },
    { 12109, 213, 266, 4, 539 },
    { 12322, 291, 543, 15, 543 },
    { 12613, 1337, 2838, 58, 558 },
    { 13950, 435, 794, 7, 616 },
    { 14385, 84, 114, 1, 623 },
};

static const EpdKernClassEntry bookerly_10_italicKernLeftClasses[] = {
    { 0x0022, 1 }, // "
    { 0x0027, 1 }, // '
    { 0x0028, 2 }, // (
    { 0x002A, 3 }, // *
    { 0x002C, 4 }, // ,
    { 0x002D, 5 }, // -
    { 0x002E, 4 }, // .
    { 0x002F, 6 }, // /
    { 0x0030, 7 }, // 0
    { 0x0033, 8 }, // 3
    { 0x0034, 9 }, // 4
    { 0x0035, 10 }, // 5
    { 0x0036, 11 }, // 6
    { 0x0037, 12 }, // 7
    { 0x0038, 13 }, // 8
    { 0x0039, 14 }, // 9
    { 0x0041, 15 }, // A
    { 0x0042, 16 }, // B
    { 0x0043, 17 }, // C
    { 0x0044, 18 }, // D
    { 0x0045, 19 }, // E
    { 0x0046, 20 }, // F
    { 0x0047, 21 }, // G
    { 0x0048, 22 }, // H
    { 0x0049, 22 }, // I
    { 0x004A, 23 }, // J
    { 0x004B, 24 }, // K
    { 0x004C, 25 }, // L
    { 0x004D, 26 }, // M
    { 0x004E, 27 }, // N
    { 0x004F, 18 }, // O
    { 0x0050, 28 }, // P
    { 0x0051, 29 }, // Q
    { 0x0052, 30 }, // R
    { 0x0053, 31 }, // S
    { 0x0054, 32 }, // T
    { 0x0055, 33 }, // U
    { 0x0056, 34 }, // V
    { 0x0057, 34 }, // W
    { 0x0058, 35 }, // X
    { 0x0059, 36 }, // Y
    { 0x005A, 37 }, // Z
    { 0x005B, 38 }, // [
    { 0x005C, 39 }, // <backslash>
    { 0x0061, 40 }, // a
    { 0x0062, 41 }, // b
    { 0x0063, 42 }, // c
    { 0x0065, 43 }, // e
    { 0x0066, 44 }, // f
    { 0x0067, 45 }, // g
    { 0x0068, 46 }, // h
    { 0x006A, 47 }, // j
    { 0x006B, 48 }, // k
    { 0x006D, 46 }, // m
    { 0x006E, 46 }, // n
    { 0x006F, 41 }, // o
    { 0x0070, 41 }, // p
    { 0x0071, 49 }, // q
    { 0x0072, 50 }, // r
    { 0x0073, 51 }, // s
    { 0x0074, 52 }, // t
    { 0x0075, 40 }, // u
    { 0x0076, 53 }, // v
    { 0x0077, 53 }, // w
    { 0x0078, 54 }, // x
    { 0x0079, 53 }, // y
    { 0x007A, 55 }, // z
    { 0x007B, 56 }, // {
    { 0x00A1, 57 }, // U+00A1
    { 0x00A5, 58 }, // U+00A5
    { 0x00AB, 59 }, // U+00AB
    { 0x00AD, 5 }, // U+00AD
    { 0x00BB, 60 }, // U+00BB
    { 0x00BF, 61 }, // U+00BF
    { 0x00C0, 15 }, // U+00C0
    { 0x00C1, 15 }, // U+00C1
    { 0x00C2, 15 }, // U+00C2
    { 0x00C3, 15 }, // U+00C3
    { 0x00C4, 15 }, // U+00C4
    { 0x00C5, 15 }, // U+00C5
    { 0x00C6, 19 }, // U+00C6
    { 0x00C7, 17 }, // U+00C7
    { 0x00C8, 19 }, // U+00C8
    { 0x00C9, 19 }, // U+00C9
    { 0x00CA, 19 }, // U+00CA
    { 0x00CB, 19 }, // U+00CB
    { 0x00CC, 22 }, // U+00CC
    { 0x00CD, 22 }, // U+00CD
    { 0x00CE, 22 }, // U+00CE
    { 0x00CF, 22 }, // U+00CF
    { 0x00D0, 18 }, // U+00D0
    { 0x00D1, 27 }, // U+00D1
    { 0x00D2, 18 }, // U+00D2
    { 0x00D3, 18 }, // U+00D3
    { 0x00D4, 18 }, // U+00D4
    { 0x00D5, 18 }, // U+00D5
    { 0x00D6, 18 }, // U+00D6
    { 0x00D8, 18 }, // U+00D8
    { 0x00D9, 33 }, // U+00D9
    { 0x00DA, 33 }, // U+00DA
    { 0x00DB, 33 }, // U+00DB
    { 0x00DC, 33 }, // U+00DC
    { 0x00DD, 36 }, // U+00DD
    { 0x00DE, 62 }, // U+00DE
    { 0x00DF, 63 }, // U+00DF
    { 0x00E0, 40 }, // U+00E0
    { 0x00E1, 40 }, // U+00E1
    { 0x00E2, 40 }, // U+00E2
    { 0x00E3, 40 }, // U+00E3
    { 0x00E4, 40 }, // U+00E4
    { 0x00E5, 40 }, // U+00E5
    { 0x00E6, 43 }, // U+00E6
    { 0x00E7, 64 }, // U+00E7
    { 0x00E8, 43 }, // U+00E8
    { 0x00E9, 43 }, // U+00E9
    { 0x00EA, 43 }, // U+00EA
    { 0x00EB, 43 }, // U+00EB
    { 0x00EE, 65 }, // U+00EE
    { 0x00EF, 65 }, // U+00EF
    { 0x00F0, 41 }, // U+00F0
    { 0x00F1, 46 }, // U+00F1
    { 0x00F2, 41 }, // U+00F2
    { 0x00F3, 41 }, // U+00F3
    { 0x00F4, 41 }, // U+00F4
    { 0x00F5, 41 }, // U+00F5
    { 0x00F6, 41 }, // U+00F6
    { 0x00F8, 66 }, // U+00F8
    { 0x00F9, 40 }, // U+00F9
    { 0x00FA, 40 }, // U+00FA
    { 0x00FB, 40 }, // U+00FB
    { 0x00FC, 40 }, // U+00FC
    { 0x00FD, 53 }, // U+00FD
    { 0x00FE, 41 }, // U+00FE
    { 0x00FF, 53 }, // U+00FF
    { 0x0100, 15 }, // U+0100
    { 0x0101, 40 }, // U+0101
    { 0x0102, 15 }, // U+0102
    { 0x0103, 40 }, // U+0103
    { 0x0104, 67 }, // U+0104
    { 0x0105, 68 }, // U+0105
    { 0x0106, 17 }, // U+0106
    { 0x0107, 42 }, // U+0107
    { 0x0108, 17 }, // U+0108
    { 0x0109, 42 }, // U+0109
    { 0x010A, 17 }, // U+010A
    { 0x010B, 42 }, // U+010B
    { 0x010C, 17 }, // U+010C
    { 0x010D, 42 }, // U+010D
    { 0x010E, 18 }, // U+010E
    { 0x010F, 69 }, // U+010F
    { 0x0110, 18 }, // U+0110
    { 0x0112, 19 }, // U+0112
    { 0x0113, 43 }, // U+0113
    { 0x0114, 19 }, // U+0114
    { 0x0115, 43 }, // U+0115
    { 0x0116, 19 }, // U+0116
    { 0x0117, 43 }, // U+0117
    { 0x0118, 70 }, // U+0118
    { 0x0119, 71 }, // U+0119
    { 0x011A, 19 }, // U+011A
    { 0x011B, 43 }, // U+011B
    { 0x011C, 21 }, // U+011C
    { 0x011D, 45 }, // U+011D
    { 0x011E, 21 }, // U+011E
    { 0x011F, 45 }, // U+011F
    { 0x0120, 21 }, // U+0120
    { 0x0121, 45 }, // U+0121
    { 0x0122, 21 }, // U+0122
    { 0x0123, 45 }, // U+0123
    { 0x0124, 22 }, // U+0124
    { 0x0125, 46 }, // U+0125
    { 0x0126, 22 }, // U+0126
    { 0x0127, 46 }, // U+0127
    { 0x0128, 22 }, // U+0128
    { 0x0129, 72 }, // U+0129
    { 0x012A, 22 }, // U+012A
    { 0x012B, 65 }, // U+012B
    { 0x012C, 22 }, // U+012C
    { 0x012D, 65 }, // U+012D
    { 0x012E, 73 }, // U+012E
    { 0x012F, 74 }, // U+012F
    { 0x0130, 22 }, // U+0130
    { 0x0131, 40 }, // U+0131
    { 0x0132, 23 }, // U+0132
    { 0x0133, 47 }, // U+0133
    { 0x0134, 23 }, // U+0134
    { 0x0135, 75 }, // U+0135
    { 0x0136, 24 }, // U+0136
    { 0x0137, 48 }, // U+0137
    { 0x0138, 76 }, // U+0138
    { 0x0139, 25 }, // U+0139
    { 0x013B, 25 }, // U+013B
    { 0x013C, 77 }, // U+013C
    { 0x013E, 69 }, // U+013E
    { 0x0141, 25 }, // U+0141
    { 0x0142, 78 }, // U+0142
    { 0x0143, 27 }, // U+0143
    { 0x0144, 46 }, // U+0144
    { 0x0145, 27 }, // U+0145
    { 0x0146, 46 }, // U+0146
    { 0x0147, 27 }, // U+0147
    { 0x0148, 46 }, // U+0148
    { 0x0149, 46 }, // U+0149
    { 0x014A, 27 }, // U+014A
    { 0x014B, 79 }, // U+014B
    { 0x014C, 18 }, // U+014C
    { 0x014D, 41 }, // U+014D
    { 0x014E, 18 }, // U+014E
    { 0x014F, 41 }, // U+014F
    { 0x0150, 18 }, // U+0150
    { 0x0151, 41 }, // U+0151
    { 0x0152, 19 }, // U+0152
    { 0x0153, 43 }, // U+0153
    { 0x0154, 30 }, // U+0154
    { 0x0155, 50 }, // U+0155
    { 0x0156, 30 }, // U+0156
    { 0x0157, 50 }, // U+0157
    { 0x0158, 30 }, // U+0158
    { 0x0159, 50 }, // U+0159
    { 0x015A, 31 }, // U+015A
    { 0x015B, 51 }, // U+015B
    { 0x015C, 31 }, // U+015C
    { 0x015D, 51 }, // U+015D
    { 0x015E, 31 }, // U+015E
    { 0x015F, 80 }, // U+015F
    { 0x0160, 31 }, // U+0160
    { 0x0161, 51 }, // U+0161
    { 0x0162, 32 }, // U+0162
    { 0x0163, 81 }, // U+0163
    { 0x0164, 32 }, // U+0164
    { 0x0166, 32 }, // U+0166
    { 0x0167, 52 }, // U+0167
    { 0x0168, 33 }, // U+0168
    { 0x0169, 40 }, // U+0169
    { 0x016A, 33 }, // U+016A
    { 0x016B, 40 }, // U+016B
    { 0x016C, 33 }, // U+016C
    { 0x016D, 40 }, // U+016D
    { 0x016E, 33 }, // U+016E
    { 0x016F, 40 }, // U+016F
    { 0x0170, 33 }, // U+0170
    { 0x0171, 40 }, // U+0171
    { 0x0172, 33 }, // U+0172
    { 0x0173, 82 }, // U+0173
    { 0x0174, 34 }, // U+0174
    { 0x0175, 53 }, // U+0175
    { 0x0176, 36 }, // U+0176
    { 0x0177, 53 }, // U+0177
    { 0x0178, 36 }, // U+0178
    { 0x0179, 37 }, // U+0179
    { 0x017A, 55 }, // U+017A
    { 0x017B, 37 }, // U+017B
    { 0x017C, 55 }, // U+017C
    { 0x017D, 37 }, // U+017D
    { 0x017E, 55 }, // U+017E
    { 0x01C4, 37 }, // U+01C4
    { 0x01C5, 55 }, // U+01C5
    { 0x01C6, 55 }, // U+01C6
    { 0x01C7, 23 }, // U+01C7
    { 0x01C8, 47 }, // U+01C8
    { 0x01C9, 47 }, // U+01C9
    { 0x01CA, 23 }, // U+01CA
    { 0x01CB, 47 }, // U+01CB
    { 0x01CC, 47 }, // U+01CC
    { 0x01CD, 15 }, // U+01CD
    { 0x01CE, 40 }, // U+01CE
    { 0x01CF, 22 }, // U+01CF
    { 0x01D0, 65 }, // U+01D0
    { 0x01D1, 18 }, // U+01D1
    { 0x01D2, 41 }, // U+01D2
    { 0x01D3, 33 }, // U+01D3
    { 0x01D4, 40 }, // U+01D4
    { 0x01D5, 33 }, // U+01D5
    { 0x01D6, 40 }, // U+01D6
    { 0x01D7, 33 }, // U+01D7
    { 0x01D8, 40 }, // U+01D8
    { 0x01D9, 33 }, // U+01D9
    { 0x01DA, 40 }, // U+01DA
    { 0x01DB, 33 }, // U+01DB
    { 0x01DC, 40 }, // U+01DC
    { 0x01DD, 41 }, // U+01DD
    { 0x01DE, 15 }, // U+01DE
    { 0x01DF, 40 }, // U+01DF
    { 0x01E0, 15 }, // U+01E0
    { 0x01E1, 40 }, // U+01E1
    { 0x01E2, 19 }, // U+01E2
    { 0x01E3, 43 }, // U+01E3
    { 0x01E4, 21 }, // U+01E4
    { 0x01E5, 83 }, // U+01E5
    { 0x01E6, 21 }, // U+01E6
    { 0x01E7, 45 }, // U+01E7
    { 0x01E8, 24 }, // U+01E8
    { 0x01E9, 48 }, // U+01E9
    { 0x01EA, 18 }, // U+01EA
    { 0x01EB, 41 }, // U+01EB
    { 0x01EC, 18 }, // U+01EC
    { 0x01ED, 41 }, // U+01ED
    { 0x01EE, 84 }, // U+01EE
    { 0x01EF, 85 }, // U+01EF
    { 0x01F0, 75 }, // U+01F0
    { 0x01F1, 37 }, // U+01F1
    { 0x01F2, 55 }, // U+01F2
    { 0x01F3, 55 }, // U+01F3
    { 0x01F4, 21 }, // U+01F4
    { 0x01F5, 45 }, // U+01F5
    { 0x01F8, 27 }, // U+01F8
    { 0x01F9, 46 }, // U+01F9
    { 0x01FA, 15 }, // U+01FA
    { 0x01FB, 40 }, // U+01FB
    { 0x01FC, 19 }, // U+01FC
    { 0x01FD, 43 }, // U+01FD
    { 0x01FE, 18 }, // U+01FE
    { 0x01FF, 66 }, // U+01FF
    { 0x0200, 15 }, // U+0200
    { 0x0201, 40 }, // U+0201
    { 0x0202, 15 }, // U+0202
    { 0x0203, 40 }, // U+0203
    { 0x0204, 19 }, // U+0204
    { 0x0205, 43 }, // U+0205
    { 0x0206, 19 }, // U+0206
    { 0x0207, 43 }, // U+0207
    { 0x0208, 22 }, // U+0208
    { 0x0209, 65 }, // U+0209
    { 0x020A, 22 }, // U+020A
    { 0x020B, 65 }, // U+020B
    { 0x020C, 18 }, // U+020C
    { 0x020D, 41 }, // U+020D
    { 0x020E, 18 }, // U+020E
    { 0x020F, 41 }, // U+020F
    { 0x0210, 30 }, // U+0210
    { 0x0211, 50 }, // U+0211
    { 0x0212, 30 }, // U+0212
    { 0x0213, 50 }, // U+0213
    { 0x0214, 33 }, // U+0214
    { 0x0215, 40 }, // U+0215
    { 0x0216, 33 }, // U+0216
    { 0x0217, 40 }, // U+0217
    { 0x0218, 31 }, // U+0218
    { 0x0219, 51 }, // U+0219
    { 0x021A, 32 }, // U+021A
    { 0x021B, 52 }, // U+021B
    { 0x021C, 16 }, // U+021C
    { 0x021D, 86 }, // U+021D
    { 0x021E, 22 }, // U+021E
    { 0x021F, 46 }, // U+021F
    { 0x2010, 5 }, // U+2010
    { 0x2011, 5 }, // U+2011
    { 0x2013, 5 }, // U+2013
    { 0x2014, 5 }, // U+2014
    { 0x2015, 5 }, // U+2015
    { 0x2018, 87 }, // U+2018
    { 0x2019, 88 }, // U+2019
    { 0x201A, 89 }, // U+201A
    { 0x201B, 87 }, // U+201B
    { 0x201C, 87 }, // U+201C
    { 0x201D, 88 }, // U+201D
    { 0x201E, 4 }, // U+201E
    { 0x2025, 4 }, // U+2025
    { 0x2026, 4 }, // U+2026
    { 0x2039, 59 }, // U+2039
    { 0x203A, 60 }, // U+203A
    { 0xFB00, 44 }, // U+FB00
    { 0xFB05, 52 }, // U+FB05
    { 0xFB06, 52 }, // U+FB06
};

static const EpdKernClassEntry bookerly_10_italicKernRightClasses[] = {
    { 0x0021, 1 }, // !
    { 0x0022, 2 }, // "
    { 0x0025, 3 }, // %
    { 0x0027, 2 }, // '
    { 0x0029, 4 }, // )
    { 0x002A, 5 }, // *
    { 0x002C, 6 }, // ,
    { 0x002D, 7 }, // -
    { 0x002E, 8 }, // .
    { 0x002F, 9 }, // /
    { 0x0030, 10 }, // 0
    { 0x0031, 11 }, // 1
    { 0x0032, 12 }, // 2
    { 0x0033, 13 }, // 3
    { 0x0034, 14 }, // 4
    { 0x0035, 15 }, // 5
    { 0x0036, 16 }, // 6
    { 0x0037, 17 }, // 7
    { 0x0038, 18 }, // 8
    { 0x0039, 19 }, // 9
    { 0x003A, 20 }, // :
    { 0x003B, 21 }, // ;
    { 0x003F, 22 }, // ?
    { 0x0041, 23 }, // A
    { 0x0042, 24 }, // B
    { 0x0043, 25 }, // C
    { 0x0044, 24 }, // D
    { 0x0045, 26 }, // E
    { 0x0046, 26 }, // F
    { 0x0047, 25 }, // G
    { 0x0048, 26 }, // H
    { 0x0049, 26 }, // I
    { 0x004A, 27 }, // J
    { 0x004B, 26 }, // K
    { 0x004C, 26 }, // L
    { 0x004D, 28 }, // M
    { 0x004E, 26 }, // N
    { 0x004F, 25 }, // O
    { 0x0050, 24 }, // P
    { 0x0051, 25 }, // Q
    { 0x0052, 24 }, // R
    { 0x0053, 29 }, // S
    { 0x0054, 30 }, // T
    { 0x0055, 31 }, // U
    { 0x0056, 32 }, // V
    { 0x0057, 32 }, // W
    { 0x0058, 33 }, // X
    { 0x0059, 34 }, // Y
    { 0x005A, 35 }, // Z
    { 0x005C, 36 }, // <backslash>
    { 0x005D, 37 }, // ]
    { 0x0061, 38 }, // a
    { 0x0062, 39 }, // b
    { 0x0063, 38 }, // c
    { 0x0064, 38 }, // d
    { 0x0065, 38 }, // e
    { 0x0066, 40 }, // f
    { 0x0067, 41 }, // g
    { 0x0068, 39 }, // h
    { 0x0069, 42 }, // i
    { 0x006A, 43 }, // j
    { 0x006B, 39 }, // k
    { 0x006C, 39 }, // l
    { 0x006D, 44 }, // m
    { 0x006E, 44 }, // n
    { 0x006F, 38 }, // o
    { 0x0070, 45 }, // p
    { 0x0071, 38 }, // q
    { 0x0072, 44 }, // r
    { 0x0073, 46 }, // s
    { 0x0074, 47 }, // t
    { 0x0075, 48 }, // u
    { 0x0076, 49 }, // v
    { 0x0077, 49 }, // w
    { 0x0078, 50 }, // x
    { 0x0079, 51 }, // y
    { 0x007A, 52 }, // z
    { 0x007D, 53 }, // }
    { 0x00AB, 54 }, // U+00AB
    { 0x00AD, 7 }, // U+00AD
    { 0x00B0, 11 }, // U+00B0
    { 0x00BB, 55 }, // U+00BB
    { 0x00BF, 56 }, // U+00BF
    { 0x00C0, 23 }, // U+00C0
    { 0x00C1, 23 }, // U+00C1
    { 0x00C2, 23 }, // U+00C2
    { 0x00C3, 23 }, // U+00C3
    { 0x00C4, 23 }, // U+00C4
    { 0x00C5, 23 }, // U+00C5
    { 0x00C6, 57 }, // U+00C6
    { 0x00C7, 25 }, // U+00C7
    { 0x00C8, 26 }, // U+00C8
    { 0x00C9, 26 }, // U+00C9
    { 0x00CA, 26 }, // U+00CA
    { 0x00CB, 26 }, // U+00CB
    { 0x00CC, 26 }, // U+00CC
    { 0x00CD, 26 }, // U+00CD
    { 0x00CE, 26 }, // U+00CE
    { 0x00CF, 26 }, // U+00CF
    { 0x00D0, 24 }, // U+00D0
    { 0x00D1, 26 }, // U+00D1
    { 0x00D2, 25 }, // U+00D2
    { 0x00D3, 25 }, // U+00D3
    { 0x00D4, 25 }, // U+00D4
    { 0x00D5, 25 }, // U+00D5
    { 0x00D6, 25 }, // U+00D6
    { 0x00D8, 25 }, // U+00D8
    { 0x00D9, 31 }, // U+00D9
    { 0x00DA, 31 }, // U+00DA
    { 0x00DB, 31 }, // U+00DB
    { 0x00DC, 31 }, // U+00DC
    { 0x00DD, 34 }, // U+00DD
    { 0x00DE, 26 }, // U+00DE
    { 0x00DF, 58 }, // U+00DF
    { 0x00E0, 38 }, // U+00E0
    { 0x00E1, 38 }, // U+00E1
    { 0x00E2, 38 }, // U+00E2
    { 0x00E3, 38 }, // U+00E3
    { 0x00E4, 59 }, // U+00E4
    { 0x00E5, 38 }, // U+00E5
    { 0x00E6, 38 }, // U+00E6
    { 0x00E7, 38 }, // U+00E7
    { 0x00E8, 38 }, // U+00E8
    { 0x00E9, 38 }, // U+00E9
    { 0x00EA, 38 }, // U+00EA
    { 0x00EB, 38 }, // U+00EB
    { 0x00EC, 60 }, // U+00EC
    { 0x00ED, 42 }, // U+00ED
    { 0x00EE, 61 }, // U+00EE
    { 0x00EF, 61 }, // U+00EF
    { 0x00F0, 38 }, // U+00F0
    { 0x00F1, 44 }, // U+00F1
    { 0x00F2, 38 }, // U+00F2
    { 0x00F3, 38 }, // U+00F3
    { 0x00F4, 38 }, // U+00F4
    { 0x00F5, 38 }, // U+00F5
    { 0x00F6, 38 }, // U+00F6
    { 0x00F8, 62 }, // U+00F8
    { 0x00F9, 48 }, // U+00F9
    { 0x00FA, 48 }, // U+00FA
    { 0x00FB, 48 }, // U+00FB
    { 0x00FC, 48 }, // U+00FC
    { 0x00FD, 49 }, // U+00FD
    { 0x00FE, 63 }, // U+00FE
    { 0x00FF, 49 }, // U+00FF
    { 0x0100, 23 }, // U+0100
    { 0x0101, 38 }, // U+0101
    { 0x0102, 23 }, // U+0102
    { 0x0103, 38 }, // U+0103
    { 0x0104, 23 }, // U+0104
    { 0x0105, 38 }, // U+0105
    { 0x0106, 25 }, // U+0106
    { 0x0107, 38 }, // U+0107
    { 0x0108, 25 }, // U+0108
    { 0x0109, 38 }, // U+0109
    { 0x010A, 25 }, // U+010A
    { 0x010B, 38 }, // U+010B
    { 0x010C, 25 }, // U+010C
    { 0x010D, 64 }, // U+010D
    { 0x010E, 24 }, // U+010E
    { 0x010F, 38 }, // U+010F
    { 0x0110, 24 }, // U+0110
    { 0x0111, 38 }, // U+0111
    { 0x0112, 26 }, // U+0112
    { 0x0113, 38 }, // U+0113
    { 0x0114, 26 }, // U+0114
    { 0x0115, 38 }, // U+0115
    { 0x0116, 26 }, // U+0116
    { 0x0117, 38 }, // U+0117
    { 0x0118, 26 }, // U+0118
    { 0x0119, 38 }, // U+0119
    { 0x011A, 26 }, // U+011A
    { 0x011B, 38 }, // U+011B
    { 0x011C, 25 }, // U+011C
    { 0x011D, 41 }, // U+011D
    { 0x011E, 25 }, // U+011E
    { 0x011F, 41 }, // U+011F
    { 0x0120, 25 }, // U+0120
    { 0x0121, 41 }, // U+0121
    { 0x0122, 25 }, // U+0122
    { 0x0123, 41 }, // U+0123
    { 0x0124, 26 }, // U+0124
    { 0x0125, 39 }, // U+0125
    { 0x0126, 26 }, // U+0126
    { 0x0127, 65 }, // U+0127
    { 0x0128, 26 }, // U+0128
    { 0x0129, 66 }, // U+0129
    { 0x012A, 26 }, // U+012A
    { 0x012B, 61 }, // U+012B
    { 0x012C, 26 }, // U+012C
    { 0x012D, 61 }, // U+012D
    { 0x012E, 26 }, // U+012E
    { 0x012F, 42 }, // U+012F
    { 0x0130, 26 }, // U+0130
    { 0x0131, 44 }, // U+0131
    { 0x0132, 26 }, // U+0132
    { 0x0133, 42 }, // U+0133
    { 0x0134, 27 }, // U+0134
    { 0x0135, 67 }, // U+0135
    { 0x0136, 26 }, // U+0136
    { 0x0137, 39 }, // U+0137
    { 0x0138, 44 }, // U+0138
    { 0x0139, 26 }, // U+0139
    { 0x013A, 39 }, // U+013A
    { 0x013B, 26 }, // U+013B
    { 0x013C, 39 }, // U+013C
    { 0x013D, 26 }, // U+013D
    { 0x013E, 39 }, // U+013E
    { 0x013F, 26 }, // U+013F
    { 0x0140, 39 }, // U+0140
    { 0x0141, 26 }, // U+0141
    { 0x0142, 68 }, // U+0142
    { 0x0143, 26 }, // U+0143
    { 0x0144, 44 }, // U+0144
    { 0x0145, 26 }, // U+0145
    { 0x0146, 44 }, // U+0146
    { 0x0147, 26 }, // U+0147
    { 0x0148, 44 }, // U+0148
    { 0x0149, 44 }, // U+0149
    { 0x014A, 26 }, // U+014A
    { 0x014B, 44 }, // U+014B
    { 0x014C, 25 }, // U+014C
    { 0x014D, 38 }, // U+014D
    { 0x014E, 25 }, // U+014E
    { 0x014F, 38 }, // U+014F
    { 0x0150, 25 }, // U+0150
    { 0x0151, 38 }, // U+0151
    { 0x0152, 25 }, // U+0152
    { 0x0153, 38 }, // U+0153
    { 0x0154, 24 }, // U+0154
    { 0x0155, 44 }, // U+0155
    { 0x0156, 24 }, // U+0156
    { 0x0157, 44 }, // U+0157
    { 0x0158, 24 }, // U+0158
    { 0x0159, 44 }, // U+0159
    { 0x015A, 29 }, // U+015A
    { 0x015B, 46 }, // U+015B
    { 0x015C, 29 }, // U+015C
    { 0x015D, 46 }, // U+015D
    { 0x015E, 29 }, // U+015E
    { 0x015F, 46 }, // U+015F
    { 0x0160, 29 }, // U+0160
    { 0x0161, 69 }, // U+0161
    { 0x0162, 30 }, // U+0162
    { 0x0163, 47 }, // U+0163
    { 0x0164, 30 }, // U+0164
    { 0x0165, 47 }, // U+0165
    { 0x0166, 30 }, // U+0166
    { 0x0167, 47 }, // U+0167
    { 0x0168, 31 }, // U+0168
    { 0x0169, 48 }, // U+0169
    { 0x016A, 31 }, // U+016A
    { 0x016B, 48 }, // U+016B
    { 0x016C, 31 }, // U+016C
    { 0x016D, 48 }, // U+016D
    { 0x016E, 31 }, // U+016E
    { 0x016F, 48 }, // U+016F
    { 0x0170, 31 }, // U+0170
    { 0x0171, 48 }, // U+0171
    { 0x0172, 31 }, // U+0172
    { 0x0173, 48 }, // U+0173
    { 0x0174, 32 }, // U+0174
    { 0x0175, 49 }, // U+0175
    { 0x0176, 34 }, // U+0176
    { 0x0177, 49 }, // U+0177
    { 0x0178, 34 }, // U+0178
    { 0x0179, 35 }, // U+0179
    { 0x017A, 52 }, // U+017A
    { 0x017B, 35 }, // U+017B
    { 0x017C, 52 }, // U+017C
    { 0x017D, 35 }, // U+017D
    { 0x017E, 70 }, // U+017E
    { 0x017F, 58 }, // U+017F
    { 0x01C4, 24 }, // U+01C4
    { 0x01C5, 24 }, // U+01C5
    { 0x01C6, 38 }, // U+01C6
    { 0x01C7, 26 }, // U+01C7
    { 0x01C8, 26 }, // U+01C8
    { 0x01C9, 39 }, // U+01C9
    { 0x01CA, 26 }, // U+01CA
    { 0x01CB, 26 }, // U+01CB
    { 0x01CC, 44 }, // U+01CC
    { 0x01CD, 23 }, // U+01CD
    { 0x01CE, 38 }, // U+01CE
    { 0x01CF, 26 }, // U+01CF
    { 0x01D0, 61 }, // U+01D0
    { 0x01D1, 25 }, // U+01D1
    { 0x01D2, 38 }, // U+01D2
    { 0x01D3, 31 }, // U+01D3
    { 0x01D4, 48 }, // U+01D4
    { 0x01D5, 31 }, // U+01D5
    { 0x01D6, 48 }, // U+01D6
    { 0x01D7, 31 }, // U+01D7
    { 0x01D8, 48 }, // U+01D8
    { 0x01D9, 31 }, // U+01D9
    { 0x01DA, 48 }, // U+01DA
    { 0x01DB, 31 }, // U+01DB
    { 0x01DC, 48 }, // U+01DC
    { 0x01DD, 71 }, // U+01DD
    { 0x01DE, 23 }, // U+01DE
    { 0x01DF, 38 }, // U+01DF
    { 0x01E0, 23 }, // U+01E0
    { 0x01E1, 38 }, // U+01E1
    { 0x01E2, 57 }, // U+01E2
    { 0x01E3, 38 }, // U+01E3
    { 0x01E4, 25 }, // U+01E4
    { 0x01E5, 72 }, // U+01E5
    { 0x01E6, 25 }, // U+01E6
    { 0x01E7, 41 }, // U+01E7
    { 0x01E8, 26 }, // U+01E8
    { 0x01E9, 39 }, // U+01E9
    { 0x01EA, 25 }, // U+01EA
    { 0x01EB, 38 }, // U+01EB
    { 0x01EC, 25 }, // U+01EC
    { 0x01ED, 38 }, // U+01ED
    { 0x01EE, 73 }, // U+01EE
    { 0x01EF, 74 }, // U+01EF
    { 0x01F0, 67 }, // U+01F0
    { 0x01F1, 24 }, // U+01F1
    { 0x01F2, 24 }, // U+01F2
    { 0x01F3, 38 }, // U+01F3
    { 0x01F4, 25 }, // U+01F4
    { 0x01F5, 41 }, // U+01F5
    { 0x01F8, 26 }, // U+01F8
    { 0x01F9, 44 }, // U+01F9
    { 0x01FA, 23 }, // U+01FA
    { 0x01FB, 38 }, // U+01FB
    { 0x01FC, 57 }, // U+01FC
    { 0x01FD, 38 }, // U+01FD
    { 0x01FE, 25 }, // U+01FE
    { 0x01FF, 62 }, // U+01FF
    { 0x0200, 23 }, // U+0200
    { 0x0201, 38 }, // U+0201
    { 0x0202, 23 }, // U+0202
    { 0x0203, 38 }, // U+0203
    { 0x0204, 26 }, // U+0204
    { 0x0205, 38 }, // U+0205
    { 0x0206, 26 }, // U+0206
    { 0x0207, 38 }, // U+0207
    { 0x0208, 26 }, // U+0208
    { 0x0209, 61 }, // U+0209
    { 0x020A, 26 }, // U+020A
    { 0x020B, 61 }, // U+020B
    { 0x020C, 25 }, // U+020C
    { 0x020D, 38 }, // U+020D
    { 0x020E, 25 }, // U+020E
    { 0x020F, 38 }, // U+020F
    { 0x0210, 24 }, // U+0210
    { 0x0211, 44 }, // U+0211
    { 0x0212, 24 }, // U+0212
    { 0x0213, 44 }, // U+0213
    { 0x0214, 31 }, // U+0214
    { 0x0215, 48 }, // U+0215
    { 0x0216, 31 }, // U+0216
    { 0x0217, 48 }, // U+0217
    { 0x0218, 29 }, // U+0218
    { 0x0219, 46 }, // U+0219
    { 0x021A, 30 }, // U+021A
    { 0x021B, 47 }, // U+021B
    { 0x021C, 75 }, // U+021C
    { 0x021D, 76 }, // U+021D
    { 0x021E, 26 }, // U+021E
    { 0x021F, 39 }, // U+021F
    { 0x2010, 7 }, // U+2010
    { 0x2011, 7 }, // U+2011
    { 0x2013, 7 }, // U+2013
    { 0x2014, 7 }, // U+2014
    { 0x2015, 7 }, // U+2015
    { 0x2018, 77 }, // U+2018
    { 0x2019, 78 }, // U+2019
    { 0x201A, 8 }, // U+201A
    { 0x201B, 77 }, // U+201B
    { 0x201C, 77 }, // U+201C
    { 0x201D, 78 }, // U+201D
    { 0x201E, 8 }, // U+201E
    { 0x2025, 8 }, // U+2025
    { 0x2026, 8 }, // U+2026
    { 0x2030, 3 }, // U+2030
    { 0x2039, 54 }, // U+2039
    { 0x203A, 55 }, // U+203A
    { 0x203C, 1 }, // U+203C
    { 0x2047, 22 }, // U+2047
    { 0x2048, 22 }, // U+2048
    { 0x2049, 1 }, // U+2049
    { 0x20AC, 79 }, // U+20AC
    { 0xFB00, 40 }, // U+FB00
    { 0xFB01, 40 }, // U+FB01
    { 0xFB02, 40 }, // U+FB02
    { 0xFB03, 40 }, // U+FB03
    { 0xFB04, 40 }, // U+FB04
    { 0xFB05, 40 }, // U+FB05
    { 0xFB06, 46 }, // U+FB06
};

static const int8_t bookerly_10_italicKernMatrix[] = {
       0,    0,    0,    0,    0,    0,    0,    0,    0,    0,    0,    0,    0,    0,    0,  -10,    0,    0,    0,    0,    0,    0,    0,    0,    0,    0,    0,    0,    0,    0,    0,    0,    0,    0,    0,    0,    0,    0,    0,    0,    0,    0,    0,    0,    0,    0,    0,    0,    0,    0,    0,    0,    0,    0,    0,    0,    0,    0,    0,    0,    0,    0,    0,    0,    0,    0,    0,    0,    0,    0,    0,    0,    0,    0,    0,    0,    0,    0,    0,
       0,    0,    0,    0,    0,    0,    0,    0,    0,    0,    0,    0,    0,    0,    0,    0,    0,    0,    0,    0,    0,    0,    0,    0,   -8,    0,   33,    0,    0,    0,    0,    0,    0,   10,    0,    0,    0,  -17,   20,   50,   22,    0,   50,    0,    0,    0,    0,    0,    0,    0,   27,    0,    0,    0,    0,    0,    0,    0,  -17,    0,    0,  -17,   20,  -17,   20,    0,    0,   20,    0,    0,    0,   38,    0,    0,    0,    0,    0,    0,    0,
       0,    0,    0,    0,    0,    0,    0,    0,    0,    0,    0,    0,    0,    0,    0,    0,    0,    0,    0,    0,    0,    0,  -33,    0,    0,    0,    0,    0,    0,    0,    0,    0,    0,    0,    0,    0,    0,    0,    0,    0,    0,    0,    0,    0,    0,    0,    0,    0,    0,    0,    0,    0,    0,    0,    0,    0,  -30,    0,    0,    0,    0,    0,    0,    0,    0,    0,    0,    0,    0,    0,    0,    0,    0,    0,    0,    0,    0,    0,    0,
       0,    0,    0,    0,    0,    0,    0,    0,    0,    0,    0,    0,    0,    0,    0,    0,    0,    0,    0,    0,    0,    0,   13,    0,  -10,    0,   23,    0,    0,  -17,  -20,  -33,   13,  -20,    0,    0,    0,   -7,    0,   10,    7,    0,   28,   -7,   -7,    0,   -7,   -7,  -20,    0,  -20,    0,    0,    0,    0,    0,   10,    0,   -7,    0,    0,   -7,    0,   -7,    0,    0,    0,    0,    0,    0,    0,    7,    0,    0,    0,    0,  -33,  -33,    0,
       0,    0,    0,    0,    0,  -10,    0,  -10,    0,    0,    0,    0,    0,    0,    0,    0,    0,    0,    0,    0,    0,    0,    0,    0,    0,    0,    0,    0,    0,    0,    0,    0,    0,  -10,    0,    0,    0,    0,    0,    0,    0,    0,    0,    0,    0,    0,    0,    0,    0,    0,    0,    0,    0,    0,    0,    0,    0,    0,    0,    0,    0,    0,    0,    0,    0,    0,    0,    0,    0,    0,    0,    0,    0,    0,    0,    0,    0,    0,    0,
       0,    0,    0,    0,    0,    0,    0,    0,    0,  -13,    0,    0,    0,  -17,    0,  -13,    0,   -7,    0,    0,    0,    0,  -30,    0,  -13,    0,    0,  -17,    0,    0,    0,    0,    0,    0,    0,    0,    0,  -33,    0,  -17,  -33,    0,    0,   -7,   -7,  -30,  -10,  -13,    0,  -17,    0,  -20,    0,    0,    0,    0,  -43,    0,  -33,    0,    0,  -33,    0,  -33,    0,    0,    0,    0,  -30,  -20,    0,  -33,    0,    0,    0,    0,    0,    0,    0,
       0,    0,    0,    0,    0,  -10,    0,  -10,   -3,    0,    0,    0,    0,    0,    0,    0,    0,    0,    0,    0,    0,    0,    0,    0,    0,    0,    0,    0,    0,    0,    0,    0,    0,    0,    0,    0,    0,    0,    0,    0,    0,    0,    0,    0,    0,    0,    0,    0,    0,    0,    0,    0,    0,    0,    0,    0,    0,    0,    0,    0,    0,    0,    0,    0,    0,    0,    0,    0,    0,    0,    0,    0,    0,    0,    0,    0,    0,    0,    7,
       0,    0,    0,    0,    0,  -20,    0,  -20,    0,    0,    0,    0,    0,    0,    0,    0,    0,    0,    0,    0,    0,    0,    0,    0,    0,    0,    0,    0,    0,    0,    0,    0,    0,    0,    0,    0,    0,    0,    0,    0,    0,    0,    0,    0,    0,    0,    0,    0,    0,    0,    0,    0,    0,    0,    0,    0,    0,    0,    0,    0,    0,    0,    0,    0,    0,    0,    0,    0,    0,    0,    0,    0,    0,    0,    0,    0,    0,    0,    0,
       0,    0,    0,    0,    0,    0,    0,    0,    0,    0,    0,    0,    0,   13,    0,    0,    0,    0,    0,    0,    0,    0,    0,    0,    0,    0,    0,    0,    0,    0,    0,    0,    0,    0,    0,  -13,    0,    0,    0,    0,    0,    0,    0,    0,    0,    0,    0,    0,    0,    0,    0,    0,    0,    0,    0,    0,    0,    0,    0,    0,    0,    0,    0,    0,    0,    0,    0,    0,    0,    0,    0,    0,    0,    0,    0,    0,    0,    0,    0,
       0,   13,    0,    0,    0,  -17,    0,  -17,    0,    0,    0,    0,    0,    0,    0,    0,    0,    0,    0,    0,    0,    0,    0,    0,    0,    0,    0,    0,    0,    0,    0,    0,    0,    0,    0,    0,    0,    0,    0,    0,    0,    0,    0,    0,    0,    0,    0,    0,    0,    0,    0,    0,    0,    0,    0,    0,    0,    0,    0,    0,    0,    0,    0,    0,    0,    0,    0,    0,    0,    0,    0,    0,    0,    0,    0,    0,    0,    0,    0,
       0,   10,    0,    0,    0,    0,    0,    0,    0,    0,    0,    0,    0,    7,    0,    0,    0,    0,    0,    0,    0,    0,    0,    0,    0,    0,    0,    0,    0,    0,    0,    0,    0,    0,    0,    0,    0,    0,    0,    0,    0,    0,    0,    0,    0,    0,    0,    0,    0,    0,    0,    0,    0,    0,    0,    0,    0,    0,    0,    0,    0,    0,    0,    0,    0,    0,    0,    0,    0,    0,    0,    0,    0,    0,    0,    0,    0,    0,    0,
       0,   27,   17,    0,   23,  -13,    0,  -13,   -3,   10,   13,   10,   15,   -7,   17,    0,   17,    0,   13,    0,    0,    0,    0,    0,    0,    0,    0,    0,    0,    0,    0,    0,    0,    0,    0,   13,    0,    0,    0,    0,    0,    0,    0,    0,    0,    0,    0,    0,    0,    0,    0,    0,    0,    0,    0,    0,    0,    0,    0,    0,    0,    0,    0,    0,    0,    0,    0,    0,    0,    0,    0,    0,    0,    0,    0,    0,    7,   20,    0,
       0,    0,    0,    0,    0,   -7,    0,   -7,    0,    0,    0,    0,    0,    0,    0,    0,    0,    0,    0,    0,    0,    0,    0,    0,    0,    0,    0,    0,    0,    0,    0,    0,    0,    0,    0,   -7,    0,    0,    0,    0,    0,    0,    0,    0,    0,    0,    0,    0,    0,    0,    0,    0,    0,    0,    0,    0,    0,    0,    0,    0,    0,    0,    0,    0,    0,    0,    0,    0,    0,    0,    0,    0,    0,    0,    0,    0,    0,    0,    0,
       0,    0,    0,    0,    0,   -7,    0,   -7,    0,    0,    0,    0,    0,    0,    0,    0,    0,    0,    0,    0,    0,    0,    0,    0,    0,    0,    0,    0,    0,    0,    0,    0,    0,    0,    0,  -17,    0,    0,    0,    0,    0,    0,    0,    0,    0,    0,    0,    0,    0,    0,    0,    0,    0,    0,    0,    0,    0,    0,    0,    0,    0,    0,    0,    0,    0,    0,    0,    0,    0,    0,    0,    0,    0,    0,    0,    0,    0,    7,    7,
       0,    0,    0,    0,  -30,    0,   -7,    0,    0,    0,    0,    0,    0,    0,    0,    0,    0,    0,    0,    0,    0,  -10,   10,    0,  -13,    0,    0,    0,    0,  -20,  -23,  -40,   12,  -33,    0,  -53,    0,   -7,    0,    0,    7,   -7,    0,   -7,   -7,    0,   -8,   -8,  -20,    0,  -20,    0,    0,  -10,    0,    0,    7,    0,   -7,   -7,   -7,   -3,    0,   -7,    0,   -7,    0,    0,    0,    0,    0,    7,    0,   -7,   -7,  -10,  -33,  -27,    0,
       0,    0,    0,    0,    0,  -13,    0,  -13,    0,    0,    0,    0,    0,    0,    0,    0,    0,    0,    0,  -13,  -13,   -7,   -7,    0,    3,    0,    0,    0,    0,  -13,  -10,  -20,    0,  -15,    0,  -13,    0,    0,   -3,   -5,    0,   -3,    0,    0,    0,    0,    0,    0,    0,    0,    0,    0,    0,    0,    0,    0,   -7,    0,    0,   -3,    0,    0,   -3,    0,   -3,    0,    0,   -3,    0,    0,    0,    0,    0,    0,  -10,    0,    0,    0,    0,
       0,    0,    0,    0,    0,   -3,    0,   -3,    0,    0,    0,    0,    0,    0,    0,    0,    0,    0,    0,   -7,   -7,    0,    0,    0,   -5,    0,    0,    0,    0,    0,   -5,   -7,    0,    0,    0,    0,    0,   -3,    0,    0,    0,    0,    0,    0,    0,    0,    0,    0,    0,    0,    0,    0,    0,    0,    0,    0,    0,    0,   -3,    0,    0,   -3,    0,   -3,    0,    0,    0,    0,    0,    0,    0,    0,    0,    0,    0,    0,    0,    0,    0,
       0,    0,    0,    0,    0,  -20,    0,  -20,   -7,    0,    0,    0,    0,    0,    0,    0,    0,    0,    0,  -13,  -13,    0,  -10,    0,    5,   -3,   -8,   -5,    0,   -7,   -6,  -10,   -3,  -10,    0,  -17,    0,    0,    0,    0,    0,    0,    0,    0,    0,    0,    0,    0,    0,    0,    0,    0,    0,    0,    0,    0,  -10,   -7,    0,    0,    0,    0,    0,    0,    0,    0,    0,    0,    0,    0,    0,    0,    0,    0,    0,    0,    0,    0,    0,
       0,    0,    0,    0,   10,    0,    0,    0,    0,    0,    0,    0,    0,    0,    0,    0,    0,    0,    0,  -10,  -10,    0,    0,    0,   -5,    0,    0,    0,    0,    0,   -3,    0,    0,    0,    0,    0,    0,   -7,    0,    0,    0,    0,    0,    0,    0,    0,    0,    0,    0,    0,    0,    0,    0,    0,    0,    0,    0,    0,   -7,    0,    0,   -7,    0,   -7,    0,    0,    0,    0,    0,    0,    0,    0,    0,    0,   -3,    0,    0,    0,    0,
       0,    0,    0,    0,    0,  -30,    0,  -30,  -23,    0,    0,    0,    0,    0,    0,    0,    0,    0,    0,  -20,  -20,    0,  -30,    0,    0,    0,    0,   -3,    0,    0,    0,    0,    0,    0,    0,    0,    0,   -8,    0,   -5,  -10,    0,    0,    0,    0,  -10,    0,    0,    0,    0,    0,    0,    0,   -7,    0,    0,  -32,    0,   -8,    0,    7,   -8,    0,   -8,    0,    7,    0,    0,  -10,    0,   -7,  -10,    0,    0,    0,    0,    0,    8,    0,
       0,    0,    0,    0,    0,  -17,    0,  -17,    0,    0,    0,    0,    0,    0,    0,    0,    0,    0,    0,    0,    0,    0,   -7,    0,    0,    0,    0,    0,    0,  -10,   -7,  -13,    0,  -10,    0,  -10,    0,    0,    0,    0,    0,    0,    0,    0,    0,    0,    0,    0,    0,    0,    0,    0,    0,    0,    0,    0,    0,    0,    0,    0,    0,    0,    0,    0,    0,    0,    0,    0,    0,    0,    0,    0,    0,    0,   -7,    0,  -13,    0,    0,
       0,    0,    0,    0,    0,  -17,    0,  -17,    0,    0,    0,    0,    0,    0,    0,    0,    0,    0,    0,  -13,  -13,    0,    0,    0,   -5,    0,    0,    0,    0,    0,    0,    0,    0,    0,    0,    0,    0,   -7,    0,    0,    0,    0,    0,   -3,   -3,   -5,   -7,   -7,   -3,   -5,   -3,    0,    0,  -13,   -7,    0,    0,    0,   -7,    0,    0,   -7,    0,   -7,    0,    0,    0,    0,   -5,    0,   -7,    0,    0,   -7,    0,    0,   -7,    0,    0,
       0,    0,    0,    0,    7,  -20,    0,  -20,  -10,    0,    0,    0,    0,    0,    0,    0,    0,    0,    0,  -13,  -13,    0,  -10,    0,   -3,    0,    0,    0,    0,    0,    0,    0,    0,    3,    0,    0,    0,   -5,    0,    0,    0,    0,    0,    0,    0,   -3,    0,    0,    0,    0,    0,    0,    0,    0,    0,    0,   -7,    0,   -5,    0,    7,   -5,    0,   -5,    0,    7,    0,    0,   -3,    0,    0,    0,    0,    0,    0,    0,    0,    0,    0,
       0,    0,    0,    0,   10,   -3,  -10,   -3,    0,    0,    0,    0,    0,    0,    0,    0,    0,    0,    0,  -10,  -10,    0,    7,    0,  -12,    0,    0,    0,    0,    0,    0,    0,   15,    0,    0,    0,    0,   -7,    0,    0,    0,    0,    0,   -7,   -7,   -7,   -3,  -10,   -7,    0,   -7,    0,    0,  -13,    0,    0,   11,    0,   -7,    0,    0,   -7,    0,   -7,    0,    0,    0,    0,   -7,    0,    0,    0,    0,  -10,    0,    0,    0,    0,    0,
       0,    0,    0,    0,  -18,    0,    0,    0,    0,    0,    0,    0,    0,    0,    0,    0,    0,    0,    0,    0,    0,    0,    0,    0,    0,    0,    0,    0,    0,  -15,  -10,  -23,   10,  -20,    0,  -30,    0,    0,    0,    0,    0,    0,    0,    0,    0,    0,    0,    0,  -10,    0,  -10,    0,    0,    0,    0,    0,    0,    0,    0,    0,    0,    0,    0,    0,    0,    0,    0,    0,    0,    0,    0,    0,    0,    0,    0,    0,  -20,   -7,    0,
       0,    0,    0,    0,    0,    0,    0,    0,    0,    0,    0,    0,    0,    0,    0,    0,    0,    0,    0,    0,    0,    0,    0,    0,   -5,    0,    0,    0,    0,   -7,   -7,  -10,    7,    0,    0,  -10,    0,    0,    0,    0,    0,    0,    0,    0,    0,    0,    0,   -3,   -3,    0,   -3,    0,    0,   -7,    0,    0,    0,    0,    0,    0,    0,    0,    0,    0,    0,    0,    0,    0,    0,    0,    0,    0,    0,    0,    0,    0,  -10,    0,    0,
       0,    0,    0,    0,    0,  -23,    0,  -23,  -20,    0,    0,    0,    0,    0,    0,    0,    0,    0,    0,    0,    0,    0,  -13,    0,   -5,    0,    0,    0,    0,    0,    0,    0,    0,    0,    0,    0,    0,   -7,    0,    0,   -7,    0,    0,    0,    0,   -7,    0,   -3,    0,   -7,    0,   -5,    0,   -7,   -7,    0,  -13,    0,   -7,    0,    0,   -7,    0,   -7,    0,    0,    0,    0,   -7,   -5,    0,   -7,    0,    0,    0,    0,    0,    0,    0,
       0,    0,    0,    0,    0,  -40,    0,  -40,  -23,    0,    0,    0,    0,    0,    0,    0,    0,    0,    0,  -23,  -23,    0,  -32,   -7,    0,  -10,   -7,  -12,    0,    0,  -10,   -7,  -10,   -7,    0,  -10,    0,  -13,   -3,    0,   -8,    0,    0,    0,    0,   -7,    0,    0,    0,    0,    0,    0,    0,    0,    0,    0,  -42,    0,  -13,    0,    0,  -13,   -3,  -13,   -3,    0,    0,   -3,   -7,    0,    0,   -8,   -3,    0,   -7,    0,    0,    0,    0,
       0,    0,    0,   77,    0,   43,    0,  -20,   -7,    0,    0,    0,    0,    0,    0,    0,    0,    0,    0,  -13,   49,    0,  -13,    0,    5,   -3,   25,   -5,    0,   -7,   -6,  -10,   -3,  -10,    0,  -17,   73,    0,    0,   15,   28,    0,   22,    0,    7,    0,    0,    0,    0,    0,    0,    0,   73,    0,    0,    0,  -10,   -7,    0,    0,    0,    0,   14,    0,    0,    0,    0,    0,    0,    0,    0,   28,    0,    0,    0,    0,    0,    0,    0,
       0,    0,    0,    0,  -10,    0,  -13,    0,    0,    0,    0,    0,    0,    0,    0,    0,    0,    0,    0,    0,    0,    0,   13,    0,  -13,    3,    0,   10,    0,  -20,  -18,  -27,   20,  -30,    3,  -32,    0,   -3,    0,   -7,    0,    0,    0,    0,    0,    0,    0,   -7,   -7,    0,   -7,    0,    0,  -13,    0,    0,   13,    0,   -3,    0,    0,   -3,    0,   -3,    0,    0,    0,    0,    0,    0,    0,    0,    0,  -10,    0,   -7,  -18,  -17,    0,
       0,    0,    0,    0,    0,  -13,    0,  -13,    0,    0,    0,    0,    0,    0,    0,    0,    0,    0,    0,  -10,  -10,    0,    0,    0,    0,    0,    0,    0,    0,   -7,   -7,   -5,    0,   -5,    0,   -7,    0,    0,    0,    0,    0,    0,    0,    0,    0,    0,    0,    0,    0,    0,    0,    0,    0,    0,    0,    0,    0,    0,    0,    0,    0,    0,    0,    0,    0,    0,    0,    0,    0,    0,    0,    0,    0,   -7,   -7,   -7,    0,    0,    0,
       0,    0,    0,    0,   20,  -33,    0,  -33,  -23,    0,    0,    0,    0,    0,    0,    0,    0,    0,    0,  -20,  -20,    0,  -30,    0,    0,    0,    0,   -3,    0,    0,    0,    0,    0,    0,    0,    0,    0,  -13,    3,    0,   -7,    0,    0,    0,    0,  -10,    0,    0,    0,    0,    0,    0,    0,  -10,    0,    0,  -30,    0,  -13,    0,    0,  -13,    3,  -13,   10,    0,    0,    3,  -10,    0,    0,   -7,    0,  -10,    0,    0,   10,   17,    0,
       0,    0,    0,    0,    0,  -27,   -7,  -27,  -23,    0,    0,    0,    0,    0,    0,    0,    0,    0,    0,  -17,  -17,    0,  -20,    0,   -7,    0,    0,   -3,   -3,    0,    0,    0,    0,    0,    0,    0,    0,  -13,    0,    0,  -10,    0,    0,    0,    0,  -10,    0,    0,    0,   -7,    0,   -3,    0,    0,    0,    0,  -20,  -17,  -13,    0,    0,  -13,    0,  -13,    0,    0,    0,    0,  -10,   -3,    0,  -10,    0,    0,    0,    0,    0,    0,    0,
       0,    0,    0,    0,   10,  -43,  -10,  -43,  -30,    0,    0,    0,    0,    0,    0,    0,    0,    0,    0,  -23,  -23,    0,  -37,    0,  -10,    0,    0,   -7,   -3,    0,    0,    0,    0,    5,    0,    7,    0,  -20,    0,    0,  -20,    0,    0,    0,    0,  -17,    0,   -3,    0,   -7,    0,   -3,    0,  -10,  -10,    0,  -43,    0,  -20,    0,    7,  -20,    0,  -20,    0,    7,    0,    0,  -17,   -3,  -13,  -20,    0,    0,    0,    0,    0,    7,    0,
       0,    0,    0,    0,    0,   -7,   -7,   -7,    0,    0,    0,    0,    0,    0,    0,    0,    0,    0,    0,  -10,  -10,    0,    8,    0,  -10,    0,    0,    7,    0,    0,    0,    0,   17,    0,    0,    0,    0,   -7,    0,    0,    0,    0,    0,    0,    0,    0,    0,   -7,   -7,    0,   -7,    0,    0,   -7,    0,    0,   10,    0,   -7,    0,    0,   -2,    0,   -7,    0,    0,    0,    0,    0,    0,    0,    0,    0,   -7,    0,   -7,    0,    0,    0,
       0,    0,    0,    0,   18,  -33,  -17,  -33,  -33,    0,    0,    0,    0,    0,    0,    0,    0,    0,    0,  -17,  -17,    0,  -35,    0,  -10,    0,    0,    0,   -3,    0,    0,    0,    3,    7,    0,    7,    0,  -20,    0,  -10,  -17,    0,    0,   -3,   -3,  -20,   -3,  -10,    0,  -13,    0,   -7,    0,  -10,  -10,    0,  -33,    0,  -20,    0,   10,  -20,    0,  -20,   13,   10,    0,    0,  -20,   -7,  -10,  -17,    0,  -13,    0,  -10,    0,    7,    0,
       0,    0,    0,    0,    0,    0,    0,    0,    0,    0,    0,    0,    0,    0,    0,    0,    0,    0,    0,   -7,   -7,    0,    0,    0,    0,    0,    0,    0,    0,   -3,   -5,   -8,    0,   -3,    0,   -7,    0,    0,    0,    0,    0,    0,    0,    0,    0,    0,    0,    0,    0,    0,    0,    0,    0,    0,    0,    0,    0,    0,    0,    0,    0,    0,    0,    0,    0,    0,    0,    0,    0,    0,    0,    0,    0,    0,    0,    0,    0,    0,    0,
       0,    0,    0,    0,    0,    0,    0,    0,    0,    0,    0,    0,    0,    0,    0,    0,    0,    0,    0,    0,    0,    0,    0,    0,    0,    0,   17,    0,    0,    0,    0,    0,    0,    0,    0,    0,    0,  -13,    0,   23,    0,    0,   13,    0,    0,    0,    0,    0,    0,    0,    0,    0,    0,    0,    0,    0,    0,    0,  -13,    0,    0,  -13,    0,  -13,    0,    0,    0,    0,    0,    0,    0,    0,    0,    0,    0,    0,    0,    0,    0,
       0,    0,    0,    0,    0,    0,    0,    0,    0,    0,    0,   10,    7,    0,    7,    0,    0,    0,    7,    0,    0,    0,   10,    0,   -7,    0,    0,    7,    0,  -18,  -17,  -33,   20,  -29,    0,    0,    0,    0,    0,    0,   27,    0,    0,    0,    0,    0,    0,    0,  -17,   10,  -17,    7,    0,    0,    0,    0,   10,    0,    0,    0,    0,    0,    0,    0,    0,    0,    0,    0,    0,    7,    0,   27,    0,    0,    0,    0,    0,    0,    0,
       0,    0,    0,    0,  -10,    0,    0,    0,    0,    0,    0,    0,    0,    0,    0,    0,    0,    0,    0,    0,    0,    0,    0,    0,    0,    0,    0,    0,    0,    0,    0,    0,    0,    0,    0,  -20,    0,    0,    0,    0,    0,    0,    0,    0,    0,    0,    0,    0,    0,    0,    0,    0,    0,    0,    0,    0,    0,    0,    0,    0,    0,    0,    0,    0,    0,    0,    0,    0,    0,    0,    0,    0,    0,   -3,    0,    0,  -10,    0,    0,
       0,    0,    0,    0,  -10,  -17,    0,  -17,    0,    0,    0,    0,    0,    0,    0,    0,    0,    0,    0,   -7,   -7,    0,    0,    0,    0,    0,    0,    0,    0,    0,    0,    0,    0,    0,    0,  -27,    0,    0,   -3,    0,    0,    0,    0,    0,    0,    0,    0,    0,    0,   -3,    0,    0,    0,    0,    0,    0,    0,    0,    0,    0,    0,    0,   -3,    0,   -3,    0,    0,    3,    0,    0,    0,    0,    0,   -3,    0,    0,  -10,    0,    0,
       0,    0,    0,    0,    0,    0,    0,    0,    0,    0,    0,    0,    0,    0,    0,    0,    0,    0,    0,    0,    0,    0,    0,    0,    0,    0,    0,    0,    0,    0,    0,    0,    0,    0,    0,  -17,    0,   -3,    0,    0,    0,    0,    0,    0,    0,    0,    0,    0,    0,    0,    0,    0,    0,    0,    0,    0,    0,    0,   -3,    0,    0,   -3,    0,   -3,    0,    0,    0,    0,    0,    0,    0,    0,    0,   -3,    0,    0,    0,    3,    0,
       0,    0,    0,    0,    0,    0,    0,    0,    0,    0,    0,    0,    0,    0,    0,    0,    0,    0,    0,    0,    0,    0,    0,    0,    0,    0,    0,    0,    0,    0,    0,    0,    0,    0,    0,  -20,    0,    0,   -7,    0,    0,    0,    0,    0,    0,    0,    0,    0,    0,    0,    0,    0,    0,    0,    0,    0,    0,    0,    0,    0,    0,    0,   -7,    0,   -7,    0,    0,   -7,    0,    0,    0,    0,    0,    0,    0,    0,    0,    0,    0,
       0,    0,    0,   13,   23,  -20,    0,  -20,  -13,    0,    0,    0,    0,    0,    0,    0,    0,    0,    0,    0,    0,   13,    0,    0,    0,    0,    0,    0,    0,    0,    0,    0,    0,    0,    0,   23,    0,   -7,   17,    0,  -10,    0,    0,   -7,   -7,   -3,    0,    0,    7,    0,    7,    0,    0,    0,    0,    0,    0,    0,   -7,   10,   17,   -7,   17,   -7,   17,   37,   10,   17,   -3,    0,    0,  -10,    0,    0,    0,    0,   10,   20,    0,
       0,    0,    0,    0,   13,  -13,    0,  -10,    0,    0,    0,    0,    0,    0,    0,    0,    0,    0,    0,    0,    0,    0,    0,    0,    0,    0,    0,    0,    0,    0,    0,    0,    0,    0,    0,    0,   10,    0,    0,   27,   10,    0,   33,   10,   10,    0,   13,   10,   17,    7,   17,    0,    7,    0,    0,    0,    0,    0,    0,    0,    0,    0,    0,    0,    0,    0,    0,    0,    0,    0,    0,   10,    0,    0,    0,    0,   17,   20,    0,
       0,    0,    0,    0,  -13,    0,    0,    0,    0,    0,    0,    0,    0,    0,    0,    0,    0,    0,    0,   -7,   -7,    0,    0,    0,    0,    0,    0,    0,    0,    0,    0,    0,    0,    0,    0,  -30,    0,    0,    0,    0,    0,    0,    0,    0,    0,    0,    0,    0,   -5,    0,   -5,    0,    0,    0,    0,    0,    0,    0,    0,    0,    0,    0,    0,    0,    0,    0,    0,    0,    0,    0,    0,    0,    0,   -7,    0,    0,  -10,    0,    0,
       0,    0,    0,    0,    0,    0,    0,    0,    0,    0,    0,    0,    0,    0,    0,    0,    0,    0,    0,  -13,  -13,    0,    0,    0,    0,    0,    0,    0,    0,    0,    0,    0,    0,    0,    0,    0,    0,    0,    0,    0,    0,    0,    0,    0,    0,    0,    0,    0,    0,    0,    0,    0,    0,    0,    0,    0,    0,    0,    0,    0,    0,    0,    0,    0,    0,    0,    0,    0,    0,    0,    0,    0,    0,    0,    0,    0,    0,    0,    0,
       0,    0,    0,    0,    0,    0,    0,    0,    0,    0,    0,    0,    0,    0,    0,    0,    0,    0,    0,    0,    0,    0,    0,    0,    0,    0,    0,    0,    0,    0,    0,    0,    0,    0,    0,  -27,    0,    0,    0,    0,   13,    0,    0,    0,    0,    0,    0,    0,    0,    0,    0,    3,    0,    0,    0,    0,    0,    0,    0,    0,    0,   13,    0,    0,    0,    0,    0,    0,    0,    3,    0,   13,    0,    0,    0,    0,    0,    0,    0,
       0,    0,    0,   17,    0,  -10,    0,  -10,    0,    0,    0,    0,    0,    0,    0,    0,    0,    0,    0,    0,    0,    0,    0,    0,    0,    0,    0,    0,    0,    0,    0,    0,    0,    0,    0,  -17,    0,    0,   -3,   23,   12,    0,   26,    0,    0,    0,    0,    0,    0,    0,    0,    0,    0,    0,    0,    0,    0,    0,    0,    0,    0,    0,   -3,    0,   -3,    0,    0,   -3,    0,    0,    0,   12,    0,    0,    0,    0,    0,    0,    0,
       0,    0,    0,    0,    0,  -27,    0,  -27,  -17,    0,    0,    0,    0,    0,    0,    0,    0,    0,    0,    0,    0,    0,    0,    0,    0,    0,    0,    0,    0,    0,    0,    0,    0,    0,    0,  -10,    0,   -7,    0,    0,   -7,    0,    0,    0,    0,   -3,    0,    0,   13,    0,   13,    0,    0,    0,    0,    0,    0,    0,   -7,    0,    0,   -7,    0,   -7,    0,    0,    0,    0,   -3,    0,    0,   -7,    0,    0,    0,    0,    0,   10,    0,
       0,    0,    0,    0,    0,   -7,    0,   -7,    0,    0,    0,    0,    0,    0,    0,    0,    0,    0,    0,   -7,   -7,    0,    0,    0,    0,    0,    0,    0,    0,    0,    0,    0,    0,    0,    0,  -13,    0,    0,    0,    0,    0,    0,    0,    0,    0,    0,    0,    0,    0,    0,    0,    0,    0,    0,    0,    0,    0,    0,    0,    0,    0,    0,    0,    0,    0,    0,    0,    0,    0,    0,    0,    0,    0,    0,    0,    0,    0,    0,    0,
       0,    0,    0,    0,    0,    0,    0,    0,    0,    0,    0,    0,    0,    0,    0,    0,    0,    0,    0,    0,    0,    0,    0,    0,    0,    0,    0,    0,    0,    0,    0,    0,    0,    0,    0,  -10,    0,    0,    0,    0,    0,    0,    0,    0,    0,    0,    0,    0,    0,    0,    0,    0,    0,    0,    0,    0,    0,    0,    0,    0,    0,    0,    0,    0,    0,    0,    0,    0,    0,    0,    0,    0,    0,    0,    0,    0,    0,    7,    0,
       0,    0,    0,    0,    0,  -23,    0,  -23,    0,    0,    0,    0,    0,    0,    0,    0,    0,    0,    0,  -13,  -13,    0,    0,    0,    0,    0,    0,    0,    0,    0,    0,    0,    0,    0,    0,  -17,    0,    0,    0,    0,   -4,    0,    0,    0,    0,    0,    0,    0,    0,    0,    0,    0,    0,    0,    0,    0,    0,    0,    0,    0,    0,    0,    0,    0,    0,    0,    0,    0,    0,    0,    0,   -4,    0,    0,    0,    0,    0,    0,    0,
       0,    0,    0,    0,    0,    0,    0,    0,    0,    0,    0,    0,    0,    0,    0,    0,    0,    0,    0,    0,    0,    0,    0,    0,    0,    0,    0,    0,    0,    0,    0,    0,    0,    0,    0,  -21,    0,    0,    0,    0,    0,    0,    0,    0,    0,    0,    0,    0,    3,    0,    3,    0,    0,    0,    0,    0,    0,    0,    0,    0,    0,   10,    0,    0,    0,    0,    0,    0,    0,    0,    0,    0,    0,    0,    0,    0,    0,   10,    0,
       0,    0,    0,  -10,    0,    0,    0,    0,    0,    0,    0,    0,    0,    0,    0,    0,    0,    0,    0,    0,    0,    0,    0,    0,    0,    0,    0,    0,    0,    0,    0,    0,    0,    0,    0,  -20,    0,    0,    0,    0,    7,    0,    0,    0,    0,    0,    0,    0,    7,    0,    7,    0,    0,    0,    0,    0,    0,    0,    0,    0,    0,   10,    0,    0,    0,    0,    0,    0,    0,    0,    0,    7,    0,    0,    0,    0,    0,    0,    0,
       0,    0,    0,    0,    0,    0,    0,    0,    0,    0,    0,    0,    0,    0,    0,    0,    0,    0,    0,    0,    0,    0,    0,    0,    0,    0,   13,    0,    0,    0,    0,    0,    0,    0,    0,    0,    0,  -13,    0,   17,    0,    0,   20,   -7,   -7,   -7,    0,    0,    0,    0,    0,    0,    0,    0,    0,    0,   -8,    0,  -13,    0,    0,  -13,    0,  -13,    0,    0,    0,    0,   -7,    0,    0,   10,    0,    0,    0,    0,    0,    0,    0,
       0,    0,    0,    0,    0,    0,    0,    0,    0,    0,    0,    0,    0,    0,    0,    0,    0,    0,    0,    0,    0,    0,    0,    0,    0,    0,   27,    0,    0,    0,    0,  -15,    0,   -8,    0,    0,    0,    0,  -10,   17,    0,    0,   23,    0,    0,    0,    0,    0,    0,    0,    0,    0,    0,    0,    0,    0,    0,    0,    0,    0,    0,    0,  -10,    0,  -10,    0,    0,  -10,    0,    0,    0,    0,    0,    0,    0,    0,    0,    0,    0,
       0,    0,    0,    0,    0,    0,    0,    0,    0,    0,    0,    0,    0,    0,    0,    0,   13,    0,    0,    0,    0,    0,    0,    0,    0,    0,    0,    0,    0,    0,    0,    0,    0,    0,    0,    0,    0,    0,    0,    0,    0,    0,    0,    0,    0,    0,    0,    0,    0,    0,    0,    0,    0,    0,    0,    0,    0,    0,    0,    0,    0,    0,    0,    0,    0,    0,    0,    0,    0,    0,    0,    0,    0,    0,    0,    0,    0,    0,    0,
       0,    0,    0,    0,    0,    0,    0,    0,    0,    0,    0,    0,    0,    0,    0,    0,    0,    0,    0,    0,    0,    0,    0,    0,    0,    0,    0,    0,    0,    0,    0,   -7,    0,   -7,    0,    0,    0,    0,    0,    0,    0,    0,    0,    0,    0,    0,    0,    0,    0,    0,    0,    0,    0,    0,    0,    0,    0,    0,    0,    0,    0,    0,    0,    0,    0,    0,    0,    0,    0,    0,    0,    0,    0,    0,    0,    0,    0,    0,    0,
       0,    0,    0,    0,    0,  -13,    0,  -13,    0,    0,    0,    0,    0,    0,    0,    0,    0,    0,    0,    0,    0,    0,    0,    0,    0,    0,    0,    0,    0,  -10,    0,   -7,    0,   -7,    0,    0,    0,    0,    0,    0,    0,    0,    0,    0,    0,    0,    0,    0,    0,    0,    0,    0,    0,    0,    0,    0,    0,    0,    0,    0,    0,    0,    0,    0,    0,    0,    0,    0,    0,    0,    0,    0,    0,    0,    0,    0,    0,    0,    0,
       0,    0,    0,    0,    0,    0,    0,    0,    0,    0,    0,    0,    0,    0,    0,    0,    0,    0,    0,    0,    0,    0,    0,    0,    0,    0,   33,    0,    0,    0,  -10,  -13,    0,  -13,    0,    0,    0,  -10,  -10,   23,    7,    0,   27,    0,    0,    0,    0,    0,    0,    0,    0,    0,    0,    0,    0,    0,    0,    0,  -10,    0,    0,  -10,  -10,  -10,  -10,    0,    0,  -10,    0,    0,    0,    7,    0,    0,    0,    0,    0,    0,    0,
       0,    0,    0,  -18,    0,  -37,    0,  -37,  -20,    0,    0,    0,    0,    0,    0,    0,    0,    0,    0,    0,    0,    0,  -20,  -10,    0,  -10,   -7,  -10,    0,  -13,   -7,  -17,  -17,  -20,    0,  -27,    0,    0,    0,    0,    0,    0,    0,    0,    0,    0,    0,    0,    0,    0,    0,    0,    0,    0,    0,    0,  -20,    0,    0,    0,    0,    0,    0,    0,    0,    0,    0,    0,    0,    0,    0,    0,    0,    0,    0,    0,    0,    0,    0,
       0,    0,    0,    0,    0,    0,    0,    0,    0,    0,    0,    0,    0,    0,    0,    0,    0,    0,    0,    0,    0,    0,    0,    0,    0,    0,    0,    0,    0,    0,    0,    0,    0,    0,    0,    0,    0,    0,    0,    0,    0,    0,    0,    0,    0,    0,    0,    0,    0,    0,    0,    0,    0,    0,    0,    0,    0,    0,    0,    0,    0,    0,    0,    0,    0,    0,    0,    0,    0,    0,    0,    0,    0,    0,    0,    0,  -10,    0,    0,
       0,    0,    0,    0,    0,    0,    0,    0,    0,    0,    0,    0,    0,    0,    0,    0,    0,    0,    0,    0,    0,    0,    0,    0,    0,    0,    0,    0,    0,    0,    0,    0,    0,    0,    0,  -17,    0,   -3,    0,   10,    0,    0,   13,    0,    0,    0,    0,    0,    0,    0,    0,    0,    0,    0,    0,    0,    0,    0,   -3,    0,    0,   -3,    0,   -3,    0,    0,    0,    0,    0,    0,    0,    0,    0,   -3,    0,    0,    0,    3,    0,
       0,    0,    0,   10,   20,    0,    0,    0,    0,    0,    0,    0,    0,    0,    0,    0,    0,    0,    0,    0,    0,    0,    0,    0,    0,    0,    0,    0,    0,    0,    0,    0,    0,    0,    0,   20,    0,    0,   20,    0,    0,    0,    0,    0,    0,    0,    0,    0,    0,    0,    0,    0,    0,    0,    0,    0,    0,    0,    0,    0,   13,    0,   20,    0,   20,   13,    0,   20,    0,    0,    0,    0,    0,    0,    0,    0,    0,   10,    0,
       0,    0,    0,    0,  -10,  -17,    0,  -17,    0,    0,    0,    0,    0,    0,    0,    0,    0,    0,    0,   -7,   -7,    0,    0,    0,    0,    0,    0,    0,    0,    0,    0,    0,    0,    0,    0,  -27,    0,    0,   -3,    0,    0,    0,    0,    0,    0,    0,   10,    0,   13,   -3,   13,    0,    0,    0,    0,    0,    0,    0,    0,    0,    0,    0,   -3,    0,   -3,    0,    0,    3,    0,    0,    0,    0,    0,   -3,    0,    0,  -10,    0,    0,
       0,    0,    0,    0,  -30,    0,   -7,    0,    0,    0,    0,    0,    0,    0,    0,    0,    0,    0,    0,    0,    0,  -10,   10,    0,  -13,    0,   40,    0,    0,  -20,  -23,  -40,   12,  -33,    0,  -53,    0,   -7,    0,   37,   23,   -7,   43,   -7,   -7,    0,   -8,   -8,  -20,    0,  -20,    0,    0,  -10,    0,    0,    7,    0,   -7,   -7,   -7,   -3,    0,   -7,    0,   -7,    0,    0,    0,    0,    0,   23,    0,   -7,   -7,  -10,  -33,  -27,    0,
       0,    0,    0,    0,  -10,    0,    0,    0,    0,    0,    0,    0,    0,    0,    0,    0,    0,    0,    0,    0,    0,    0,    0,    0,    0,    0,    0,    0,    0,    0,    0,    0,    0,    0,    0,  -20,    0,    0,    0,   40,   13,    0,   47,    0,    0,    0,    0,    0,    0,    0,    0,    0,    0,    0,    0,    0,    0,    0,    0,    0,    0,    0,    0,    0,    0,    0,    0,    0,    0,    0,    0,   13,    0,   -3,    0,    0,  -10,    0,    0,
       0,    0,    0,   36,   38,    0,    0,    0,    0,    0,    0,    0,    0,    0,    0,    0,    0,    0,    0,    0,    0,   20,    0,    0,    0,    0,    0,    0,    0,    0,    0,    0,    0,    0,    0,   33,   17,    0,   37,   10,    0,   17,   17,   13,   13,    0,   13,   13,   17,    3,   17,   10,   17,    0,    0,    0,    0,    0,    7,   17,    0,    0,   37,   13,   37,    0,    0,   37,   13,   27,    0,    0,    0,    0,    0,    0,   20,   33,    0,
       0,    0,    0,    0,   10,    0,    0,    0,    0,    0,    0,    0,    0,    0,    0,    0,    0,    0,    0,  -10,  -10,    0,    0,    0,   -5,    0,   23,    0,    0,    0,   -3,    0,    0,    0,    0,    0,    0,   -7,    0,   23,    0,    0,   28,    0,    0,    0,    0,    0,    0,    0,    0,    0,    0,    0,    0,    0,    0,    0,   -7,    0,    0,   -7,    0,   -7,    0,    0,    0,    0,    0,    0,    0,    0,    0,    0,   -3,    0,    0,    0,    0,
       0,    0,    0,    0,    0,    0,    0,    0,    0,    0,    0,    0,    0,    0,    0,    0,    0,    0,    0,    0,    0,    0,    0,    0,    0,    0,    0,    0,    0,    0,    0,    0,    0,    0,    0,  -20,    0,    0,   -7,   20,    0,    0,   25,    0,    0,    0,    0,    0,    0,    0,    0,    0,    0,    0,    0,    0,    0,    0,    0,    0,    0,    0,   -7,    0,   -7,    0,    0,   -7,    0,    0,    0,    0,    0,    0,    0,    0,    0,    0,    0,
       0,    0,    0,   10,   37,    0,    0,    0,    0,    0,    0,    0,    0,    0,    0,    0,    0,    0,    0,    0,    0,    0,    0,    0,    0,    0,    0,    0,    0,    0,    0,    0,    0,    0,    0,   20,    0,    0,   37,    0,    0,    0,    0,    0,    0,    0,    0,    0,    0,    0,    0,    0,    0,    0,    0,    0,    0,    0,    0,    0,   13,    0,   37,    0,   37,   13,    0,   37,    0,    0,    0,    0,    0,    0,    0,    0,    0,   10,    0,
       0,    0,    0,    0,    0,  -17,    0,  -17,    0,    0,    0,    0,    0,    0,    0,    0,    0,    0,    0,  -13,  -13,    0,    0,    0,   -5,    0,   28,    0,    0,    0,    0,    0,    0,    0,    0,    0,    0,   -7,    0,   28,    0,    0,   28,   -3,   -3,   -5,   -7,   -7,   -3,   -5,   -3,    0,    0,  -13,   -7,    0,    0,    0,   -7,    0,    0,   -7,    0,   -7,    0,    0,    0,    0,   -5,    0,   -7,    0,    0,   -7,    0,    0,   -7,    0,    0,
       0,    0,    0,    0,    0,    0,    0,    0,    0,    0,    0,    0,    0,    0,    0,    0,    0,    0,    0,    0,    0,    0,    0,    0,    0,    0,    0,    0,    0,    0,    0,    0,    0,    0,    0,    0,    0,    0,    0,   33,    7,    0,   33,    0,    0,    0,    0,    0,    0,    0,    0,    0,    0,    0,    0,    0,    0,    0,    0,    0,    0,    0,    0,    0,    0,    0,    0,    0,    0,    0,    0,    7,    0,    0,    0,    0,    0,    0,    0,
       0,    0,    0,    0,    0,    0,    0,    0,    0,    0,    0,    0,    0,    0,    0,    0,    0,    0,    0,    0,    0,    0,    0,    0,    0,    0,    0,    0,    0,    0,    0,    0,    0,    0,    0,    0,    0,    0,   17,    0,    0,    0,    0,    0,    0,    0,    0,    0,    0,    0,    0,    0,    0,    0,    0,    0,    0,    0,    0,    0,    0,    0,   17,    0,   17,    0,    0,   17,    0,    0,    0,    0,    0,    0,    0,    0,    0,   17,    0,
       0,    0,    0,    0,    0,    0,    0,    0,    0,    0,    0,    0,    0,    0,    0,    0,    0,    0,    0,    0,    0,    0,    0,    0,    0,    0,    0,    0,    0,    0,    0,    0,    0,    0,    0,  -18,    0,   -3,    0,    0,    0,    0,    0,    0,    0,    0,    0,    0,    0,    0,    0,    0,    0,    0,    0,    0,    0,    0,   -3,    0,    0,   -3,    0,   -3,    0,    0,    0,    0,    0,    0,    0,    0,    0,   -3,    0,    0,    0,    0,    0,
       0,    0,    0,    0,    0,    0,    0,    0,    0,    0,    0,    0,    0,    0,    0,    0,    0,    0,    0,    0,    0,    0,    0,    0,    0,    0,    0,    0,    0,    0,    0,    0,    0,    0,    0,    0,    0,    0,    0,   10,    0,    0,   13,    0,    0,    0,    0,    0,    0,    0,    0,    0,    0,    0,    0,    0,    0,    0,    0,    0,    0,    0,    0,    0,    0,    0,    0,    0,    0,    0,    0,    0,    0,    0,    0,    0,    0,    0,    0,
       0,    0,    0,    0,    0,    0,    0,    0,    0,    0,    0,    0,    0,    0,    0,    0,    0,    0,    0,    0,    0,    0,    0,    0,    0,    0,    0,    0,    0,    0,    0,    0,    0,    0,    0,    0,    0,    0,    0,    0,    0,    0,    7,    7,    7,    0,   10,    7,   17,    0,   17,    0,    0,    0,    0,    0,    0,    0,    0,    0,    0,    0,    0,    0,    0,    0,    0,    0,    0,    0,    0,    0,    0,    0,    0,    0,    0,    0,    0,
       0,    0,    0,    0,    0,    0,    0,    0,    0,    0,    0,    0,    0,    0,    0,    0,    0,    0,    0,  -13,  -13,    0,    0,    0,    0,    0,    0,    0,    0,    0,    0,    0,    0,    0,    0,  -27,    0,    0,    0,    0,    0,    0,    0,    0,    0,    0,    0,    0,    0,    0,    0,    0,    0,    0,    0,    0,    0,    0,    0,    0,    0,    0,    0,    0,    0,    0,    0,    0,    0,    0,    0,    0,    0,    0,    0,    0,    0,    0,    0,
       0,    0,    0,    0,    0,   -7,    0,   -7,    0,    0,    0,    0,    0,    0,    0,    0,    0,    0,    0,   -7,   -7,    0,    0,    0,    0,    0,    0,    0,    0,    0,    0,    0,    0,    0,    0,  -13,    0,    0,    0,   13,    0,    0,   13,    0,    0,    0,    0,    0,    0,    0,    0,    0,    0,    0,    0,    0,    0,    0,    0,    0,    0,    0,    0,    0,    0,    0,    0,    0,    0,    0,    0,    0,    0,    0,    0,    0,    0,    0,    0,
       0,    0,    0,    0,    0,    0,    0,    0,    0,    0,    0,    0,    0,    0,    0,    0,    0,    0,    0,    0,    0,    0,    0,    0,    0,    0,    0,    0,    0,    0,    0,    0,    0,    0,    0,  -10,    0,    0,    0,   13,    0,    0,   13,    0,    0,    0,    0,    0,    0,    0,    0,    0,    0,    0,    0,    0,    0,    0,    0,    0,    0,    0,    0,    0,    0,    0,    0,    0,    0,    0,    0,    0,    0,    0,    0,    0,    0,    7,    0,
       0,    0,    0,    0,  -10,    0,    0,    0,    0,    0,    0,    0,    0,    0,    0,    0,    0,    0,    0,    0,    0,    0,    0,    0,    0,    0,    0,    0,    0,    0,    0,    0,    0,    0,    0,  -20,    0,    0,    0,   38,   13,    0,   43,    0,    0,    0,    0,    0,    0,    0,    0,    0,    0,    0,    0,    0,    0,    0,    0,    0,    0,    0,    0,    0,    0,    0,    0,    0,    0,    0,    0,   13,    0,   -3,    0,    0,  -10,    0,    0,
       0,    0,    0,    0,   13,   -7,    0,  -10,    0,    0,    0,    0,    0,    0,    0,    0,    0,    0,    0,    0,    0,    0,    0,    0,    0,    0,    0,    0,    0,    0,    0,    0,    0,    0,    0,    0,   10,    0,    0,   27,   10,    0,   33,   10,   10,    0,   13,   10,   17,    7,   17,    0,    7,    0,    0,    0,    0,    0,    0,    0,    0,    0,    0,    0,    0,    0,    0,    0,    0,    0,    0,   10,    0,    0,    0,    0,   17,   20,    0,
       0,    0,    0,    0,    0,  -10,    0,  -10,    0,    0,    0,    0,    0,    0,    0,    0,    0,    0,    0,    0,    0,    0,  -10,    0,    0,    0,    0,    0,    0,    0,    0,    0,    0,    0,    0,    0,    0,    0,    0,    0,    0,    0,    0,    0,    0,    0,    0,    0,    0,    0,    0,    0,    0,    0,    0,    0,   -7,    0,    0,    0,    0,    0,    0,    0,    0,    0,    0,    0,    0,    0,    0,    0,    0,    0,    0,    0,    0,    0,    0,
       0,    0,    0,    0,    0,    0,    0,    0,    0,    0,    0,    0,    0,    0,    0,    0,    0,    0,    0,    0,    0,    0,    0,    0,    0,    0,    0,    0,    0,    0,    0,    0,    0,    0,    0,    0,    0,    0,    0,    0,    0,    0,   17,    0,    0,    0,    0,    0,    0,    0,    0,    0,    0,    0,    0,    0,    0,    0,    0,    0,    0,    0,    0,    0,    0,    0,    0,    0,    0,    0,    0,    0,    0,    0,    0,    0,    0,    0,    0,
       0,    0,    0,    0,    0,    0,    0,    0,    0,    0,    0,    0,    0,    0,    0,    0,    0,    0,    0,    0,    0,    0,    0,    0,    0,    0,    0,    0,    0,    0,    0,    0,    0,    0,    0,    0,    0,    0,    0,    0,    0,    0,   20,    0,    0,    0,    0,    0,    0,    0,    0,    0,    0,    0,    0,    0,    0,    0,    0,    0,    0,    0,    0,    0,    0,    0,    0,    0,    0,    0,    0,    0,    0,    0,    0,    0,    0,    0,    0,
     -10,    0,    0,    0,    0,  -33,    0,  -33,    0,    0,    0,    0,    0,  -17,    0,  -10,    0,  -13,    0,    0,    0,    0,  -37,  -10,   -7,  -13,    0,  -13,   -7,    0,  -10,  -10,    0,    0,    0,    0,    0,  -27,    0,  -10,  -28,    0,    0,   -3,   -3,  -23,    0,    0,    0,  -10,    0,  -10,    0,    0,    0,  -33,  -37,    0,  -27,    0,    0,  -27,    0,  -27,    0,    0,    0,    0,  -23,  -10,    0,  -28,    0,  -10,    0,    0,    0,    0,    0,
     -23,    0,    0,    0,    0,  -47,    0,  -47,    0,  -23,    0,  -10,    0,  -27,  -17,  -20,    0,  -23,    0,    0,    0,  -13,  -50,  -13,  -20,  -17,  -17,  -20,  -13,  -10,  -17,  -10,  -10,   -7,   -7,    0,    0,  -33,   -7,  -20,  -38,  -10,    0,   -7,   -7,  -30,    0,  -10,    0,  -13,    0,  -10,    0,    0,    0,    0,  -50,    0,  -33,  -10,    0,  -33,   -7,  -33,   -7,    0,    0,   -7,  -30,  -10,    0,  -38,  -15,    0,    0,    0,    0,    0,    0,
       0,    0,    0,    0,    0,    0,    0,    0,    0,    0,    0,    0,    0,    0,    0,    0,    0,    0,    0,    0,    0,    0,   13,    0,  -10,    0,   23,    0,    0,  -17,  -20,  -33,   13,  -20,    0,    0,    0,   -7,    0,   33,    7,    0,   28,   -7,   -7,    0,   -7,   -7,  -20,    0,  -17,    0,    0,    0,    0,    0,   10,    0,   -7,    0,    0,   -7,    0,   -7,    0,    0,    0,    0,    0,    0,    0,   30,    0,    0,    0,    0,  -33,  -33,    0,
};

static const EpdLigaturePair bookerly_10_italicLigaturePairs[] = {
    { 0x00660066, 0xFB00 }, // f f -> U+FB00
    { 0x00660069, 0xFB01 }, // f i -> U+FB01
    { 0x0066006C, 0xFB02 }, // f l -> U+FB02
    { 0xFB000069, 0xFB03 }, // U+FB00 i -> U+FB03
    { 0xFB00006C, 0xFB04 }, // U+FB00 l -> U+FB04
};

static const EpdFontData bookerly_10_italic = {
    bookerly_10_italicBitmaps,
    bookerly_10_italicGlyphs,
    bookerly_10_italicIntervals,
    63,
    27,
    23,
    -6,
    true,
    bookerly_10_italicGroups,
    12,
    nullptr,
    bookerly_10_italicKernLeftClasses,
    bookerly_10_italicKernRightClasses,
    bookerly_10_italicKernMatrix,
    364,
    392,
    89,
    79,
    bookerly_10_italicLigaturePairs,
    5,
};
