/**
 * generated by fontconvert.py
 * name: bookerly_6_bold
 * size: 6
 * mode: 2-bit  compressed: true
 * Command used: fontconvert.py bookerly_6_bold 6 ../builtinFonts/source/Bookerly/Bookerly-Bold.ttf --2bit --compress --pnum --exclude-intervals 0x0400,0x04FF --exclude-intervals 0x1EA0,0x1EF9 --exclude-intervals 0x01A0,0x01A1 --exclude-intervals 0x01AF,0x01B0
 */
#pragma once
#include "EpdFontData.h"

static const uint8_t bookerly_6_boldBitmaps[7450] = {
    0x75, 0x55, 0x31, 0x8C, 0xDC, 0x44, 0x14, 0x7D, 0x6B, 0x2B, 0x31, 0xC9, 0xE4, 0x6E, 0x42, 0x41,
    0x95, 0xBB, 0x99, 0x20, 0x51, 0x44, 0x62, 0x77, 0x4D, 0x71, 0x0A, 0x96, 0x18, 0xDB, 0x83, 0x28,
    0x69, 0xAE, 0x88, 0x68, 0x22, 0xB8, 0x20, 0x6A, 0x92, 0x15, 0x5C, 0x82, 0x09, 0xDE, 0xB3, 0xA1,
    0xA1, 0x40, 0x22, 0x69, 0x68, 0x88, 0x50, 0x4E, 0xA2, 0xA1, 0x40, 0xCA, 0x16, 0x2B, 0x74, 0x88,
    0xBD, 0xD8, 0xE1, 0x8A, 0x14, 0x11, 0x60, 0x44, 0x41, 0x05, 0x1A, 0x81, 0x10, 0x05, 0x48, 0x0C,
    0xD2, 0x4A, 0x38, 0xC1, 0x77, 0xCB, 0xF7, 0xDD, 0xE5, 0x12, 0x24, 0x98, 0xFF, 0xFF, 0x78, 0xC6,
    0xFE, 0xF3, 0xE6, 0xFF, 0x99, 0xFF, 0xBF, 0x95, 0x52, 0x41, 0x10, 0x9C, 0x82, 0x52, 0xA7, 0xCB,
    0x37, 0xCA, 0xD7, 0xF3, 0xD7, 0x73, 0xC0, 0x5B, 0x00, 0xEB, 0x22, 0x9E, 0x61, 0x6E, 0x09, 0x8B,
    0x03, 0xCC, 0x1A, 0x9C, 0x32, 0x58, 0xAA, 0xD0, 0xD1, 0xAE, 0xE6, 0x26, 0x1E, 0x3F, 0x7D, 0x32,
    0x06, 0xAF, 0xDC, 0xF1, 0x2B, 0xC1, 0x17, 0x63, 0xBF, 0x72, 0xE1, 0xC2, 0x03, 0x90, 0x43, 0x3E,
    0x5B, 0xE2, 0xF4, 0x56, 0x8E, 0xC1, 0x6D, 0x60, 0xF0, 0xD5, 0x04, 0xA7, 0x7F, 0xB8, 0x03, 0xFF,
    0x12, 0x4D, 0x5E, 0x23, 0xF9, 0xF6, 0x6B, 0x74, 0xCA, 0x09, 0x1C, 0x0D, 0x38, 0x16, 0x2C, 0xC1,
    0xFC, 0x29, 0xF0, 0x25, 0xF0, 0x65, 0xC4, 0xDF, 0x54, 0x97, 0x7E, 0xD6, 0xE3, 0x02, 0x61, 0x7C,
    0x55, 0xDE, 0xB3, 0x4B, 0xAB, 0x83, 0x01, 0x41, 0x72, 0x74, 0x11, 0x60, 0x75, 0x9F, 0x02, 0x9A,
    0x71, 0xB8, 0xFA, 0x1C, 0x14, 0x16, 0x69, 0xC4, 0xE0, 0x69, 0x22, 0x1A, 0x2D, 0xD2, 0x9B, 0x01,
    0x8E, 0x62, 0x08, 0x3F, 0xFF, 0x9C, 0x9E, 0xA0, 0x6F, 0x0C, 0x33, 0xDB, 0xF6, 0x87, 0xD0, 0xED,
    0x06, 0x03, 0x64, 0xFA, 0x31, 0x90, 0x83, 0xA4, 0x66, 0x3B, 0x95, 0x5B, 0xBA, 0x9A, 0x61, 0x9E,
    0xF0, 0x14, 0xE1, 0x7A, 0x53, 0xB9, 0xA9, 0x84, 0xE2, 0x09, 0x4F, 0xB9, 0x12, 0xFD, 0x09, 0x33,
    0x9E, 0xCE, 0xF2, 0x13, 0x39, 0x3B, 0xA0, 0xD8, 0x4A, 0x13, 0xD6, 0xAB, 0xE9, 0xF1, 0x0D, 0x58,
    0xB7, 0xE4, 0x88, 0x3E, 0x89, 0x1B, 0xBF, 0xBA, 0x6C, 0x4F, 0x8E, 0x1C, 0x23, 0x2D, 0x36, 0x30,
    0x3E, 0x6B, 0xB3, 0x1C, 0xE3, 0xCE, 0xD4, 0x9D, 0xF2, 0x71, 0x77, 0x7C, 0xF9, 0x5E, 0x36, 0xC3,
    0x18, 0x63, 0x7F, 0xDA, 0x5F, 0x57, 0x88, 0xAB, 0x8E, 0xA5, 0xD9, 0x94, 0x74, 0x74, 0xA7, 0x61,
    0x95, 0x44, 0x7C, 0x35, 0x6A, 0x12, 0xA5, 0x54, 0x94, 0x32, 0x13, 0x37, 0x97, 0x27, 0x83, 0x51,
    0xC7, 0xB8, 0xA5, 0x97, 0x73, 0xF2, 0x65, 0x1E, 0xCC, 0xF6, 0x52, 0xA5, 0xE4, 0x98, 0x4F, 0x55,
    0x1A, 0xF4, 0xC2, 0x54, 0x1A, 0x66, 0xC2, 0x8D, 0x40, 0xA9, 0x6E, 0x3C, 0x39, 0xDC, 0x60, 0xFA,
    0xA4, 0x89, 0x75, 0xEB, 0xCA, 0xAE, 0x3F, 0x7B, 0xCF, 0xD6, 0x43, 0x2C, 0x7B, 0xD5, 0x10, 0x6F,
    0x82, 0x55, 0x58, 0x07, 0x39, 0xBF, 0x27, 0xC0, 0x39, 0xF4, 0xE1, 0x18, 0xC7, 0xAC, 0x81, 0x8E,
    0x19, 0x71, 0x09, 0x83, 0x75, 0x56, 0x09, 0x1C, 0xA3, 0x6F, 0x82, 0x08, 0x99, 0x81, 0xFB, 0xCB,
    0x84, 0x36, 0xA6, 0x03, 0xF1, 0x19, 0x82, 0x8F, 0xDF, 0xC5, 0xAA, 0x47, 0xF2, 0x16, 0xC9, 0x5F,
    0x3F, 0x22, 0x18, 0xD6, 0xE8, 0x91, 0x2E, 0xFF, 0x60, 0x84, 0xCE, 0xEC, 0x2A, 0x30, 0x02, 0x6A,
    0x38, 0x0D, 0xDC, 0x21, 0x98, 0x00, 0x5F, 0x81, 0x9C, 0x69, 0xC5, 0xCA, 0x99, 0xB4, 0xD9, 0xB4,
    0x9F, 0x8A, 0x45, 0xA1, 0x64, 0x23, 0xA4, 0xE0, 0xE2, 0x7C, 0x56, 0x3B, 0xDB, 0x90, 0xD7, 0xA1,
    0x8E, 0x22, 0x05, 0x12, 0xB4, 0x7D, 0x08, 0xF8, 0x1F, 0xC2, 0xDB, 0x46, 0x76, 0x17, 0xFE, 0x85,
    0x5C, 0xB8, 0xA5, 0x70, 0x2B, 0xE1, 0x18, 0xE1, 0x54, 0x34, 0x96, 0x2B, 0x3A, 0xAB, 0x91, 0xCD,
    0xE4, 0x59, 0x71, 0x48, 0x9E, 0x21, 0x1C, 0x08, 0x47, 0x9E, 0xCD, 0x76, 0xB2, 0x46, 0xBE, 0x28,
    0x1E, 0x11, 0x90, 0xB5, 0x5C, 0xA6, 0x1E, 0x59, 0xE9, 0xCC, 0xB4, 0xBC, 0xA6, 0x43, 0x57, 0xEF,
    0x23, 0xFB, 0xA5, 0xF2, 0x4A, 0xFF, 0x5A, 0xE9, 0xED, 0xE8, 0xE2, 0x4E, 0x2D, 0x5B, 0x40, 0x23,
    0x5F, 0x30, 0x72, 0x66, 0xC4, 0xDE, 0xD8, 0x31, 0xD9, 0x9D, 0xBA, 0x28, 0x25, 0x1E, 0xA6, 0xAC,
    0xF4, 0x2D, 0xA3, 0x93, 0x7F, 0x98, 0x98, 0xF6, 0x09, 0xB1, 0xB8, 0x62, 0x04, 0xD7, 0xA2, 0x0B,
    0x61, 0x41, 0x77, 0x2C, 0x6A, 0x88, 0x08, 0x92, 0x97, 0xD9, 0x96, 0x69, 0x41, 0xC4, 0x7D, 0xF2,
    0xE4, 0x4A, 0xB6, 0x13, 0xDF, 0xDA, 0x06, 0xFF, 0xB2, 0x06, 0xFF, 0xAE, 0xC6, 0xDC, 0xCF, 0x09,
    0x16, 0xFE, 0x0E, 0xB0, 0xB0, 0xA9, 0xD0, 0x55, 0x7B, 0x52, 0x60, 0x86, 0xC2, 0x9B, 0xFA, 0x6F,
    0x57, 0xF2, 0x56, 0x25, 0xFE, 0xAC, 0x16, 0xEE, 0x56, 0x0B, 0x51, 0xB5, 0x20, 0xAB, 0x1E, 0xAB,
    0x8A, 0xE7, 0x2A, 0x67, 0x07, 0xF2, 0x46, 0xA9, 0xDC, 0x2A, 0x75, 0xCC, 0x2E, 0x57, 0xA1, 0x5B,
    0xFA, 0x37, 0xB4, 0x77, 0x17, 0x59, 0xED, 0xAF, 0xD1, 0x61, 0x0A, 0x39, 0x94, 0x66, 0xDF, 0xF1,
    0xFF, 0x51, 0x66, 0xDB, 0xA0, 0x28, 0x83, 0xBF, 0x8E, 0xC3, 0x96, 0xCE, 0xB0, 0x7F, 0x1E, 0x82,
    0x43, 0x0C, 0x21, 0xA7, 0x10, 0x1B, 0x10, 0x21, 0x4D, 0x75, 0xB6, 0x55, 0xB2, 0x69, 0x94, 0xA8,
    0x53, 0xB1, 0x96, 0xF6, 0xD1, 0x66, 0xA0, 0x86, 0x1B, 0xBE, 0x29, 0x66, 0xE5, 0x67, 0xBF, 0x96,
    0x2F, 0xFF, 0x94, 0x77, 0x0C, 0x0E, 0xD8, 0x31, 0x60, 0x0D, 0x66, 0x57, 0x6C, 0xDF, 0x2D, 0x7B,
    0xF7, 0xB9, 0xDF, 0x5E, 0x56, 0xC9, 0xAF, 0x6B, 0xBA, 0xBE, 0xE2, 0x8A, 0x8D, 0xE8, 0xBE, 0x28,
    0x68, 0x29, 0xCB, 0xDE, 0x87, 0xFB, 0x03, 0xDC, 0x06, 0x9D, 0x29, 0x60, 0x51, 0xBC, 0xF7, 0xBC,
    0x8D, 0xF8, 0x3B, 0xA5, 0xE4, 0x5B, 0x25, 0x97, 0x5B, 0x9A, 0x9F, 0xFF, 0x1E, 0xDE, 0xC6, 0x6F,
    0x70, 0xED, 0x0E, 0xC9, 0x84, 0xE0, 0x15, 0xB2, 0x6F, 0x2A, 0xC9, 0x34, 0xFB, 0x08, 0x6E, 0xDD,
    0xAE, 0xA2, 0xB5, 0x4C, 0xA2, 0xCF, 0xF3, 0x99, 0x6F, 0x67, 0x2B, 0x65, 0xC4, 0xC0, 0xE7, 0xC0,
    0x3E, 0x85, 0x3B, 0x05, 0x25, 0xCF, 0x1E, 0x93, 0x3D, 0x59, 0x73, 0x71, 0x72, 0x72, 0xEA, 0x18,
    0xAF, 0xE4, 0x3A, 0x3A, 0x32, 0x7C, 0x29, 0xDB, 0x8E, 0x83, 0xA5, 0xFD, 0x16, 0xC4, 0xAB, 0x94,
    0xCE, 0xDD, 0x36, 0x81, 0xA8, 0x48, 0xB8, 0x65, 0xA7, 0x22, 0x53, 0x06, 0x6B, 0xF3, 0x07, 0x6D,
    0x8D, 0x52, 0xAC, 0x3A, 0x3A, 0x9A, 0x1B, 0x74, 0x83, 0xA0, 0x3B, 0xAB, 0x29, 0xA4, 0x9F, 0x50,
    0x47, 0x4E, 0x54, 0xA1, 0x3D, 0x3E, 0x3A, 0x61, 0x53, 0x3B, 0xAC, 0xA3, 0xD4, 0x07, 0x1D, 0x31,
    0x25, 0x21, 0xF8, 0x4D, 0xF0, 0x3F, 0xC0, 0x99, 0xE6, 0x2C, 0x6F, 0xFB, 0x15, 0xB0, 0x1A, 0x94,
    0x86, 0x36, 0x39, 0x97, 0x50, 0x14, 0xC7, 0xEB, 0xD2, 0x60, 0x82, 0x96, 0x55, 0x6B, 0x57, 0x98,
    0x22, 0x51, 0xFB, 0x1C, 0x35, 0xF0, 0x8B, 0x56, 0x77, 0x9C, 0x24, 0x59, 0xBD, 0x8A, 0xF0, 0x8C,
    0x34, 0xDE, 0x94, 0x27, 0x8B, 0x28, 0xAA, 0x3E, 0x65, 0xD2, 0x1E, 0x65, 0x39, 0xDB, 0x09, 0xC7,
    0xC1, 0x6A, 0x38, 0x96, 0x55, 0x80, 0xB8, 0x59, 0x7D, 0x75, 0xAC, 0x7C, 0x43, 0x78, 0xC3, 0x16,
    0x12, 0x51, 0x8D, 0x78, 0x13, 0x61, 0xEF, 0x3E, 0xF7, 0x51, 0x50, 0xD2, 0xEF, 0xAE, 0x6C, 0x55,
    0x86, 0x0F, 0x70, 0xE8, 0x2D, 0xD7, 0x64, 0x31, 0x7C, 0x32, 0x9D, 0x3F, 0x44, 0x6B, 0x14, 0xC4,
    0x93, 0xDD, 0x94, 0x23, 0x3C, 0x75, 0x13, 0x2A, 0x41, 0x68, 0xA8, 0x18, 0x21, 0xB4, 0x50, 0x29,
    0x0A, 0xF9, 0x2F, 0x9C, 0x3D, 0x2A, 0x30, 0xAC, 0x27, 0x88, 0x8B, 0x9B, 0xE8, 0x09, 0x41, 0x22,
    0x0F, 0x24, 0x8B, 0xE3, 0x7C, 0xD8, 0xB4, 0x46, 0xF5, 0xC4, 0x03, 0xCE, 0x62, 0xCD, 0x6C, 0x38,
    0x49, 0xC2, 0xA4, 0x97, 0xA8, 0x30, 0x91, 0x66, 0xB3, 0xCE, 0x36, 0x55, 0x9F, 0xAA, 0x69, 0x2F,
    0x4A, 0x63, 0xAB, 0x28, 0xDB, 0x0B, 0xCD, 0xEA, 0x30, 0x4D, 0x54, 0x4B, 0x51, 0x23, 0x27, 0x64,
    0x8D, 0xC2, 0x4E, 0x6A, 0x33, 0x73, 0xB0, 0x69, 0x2E, 0x8D, 0x1A, 0x45, 0xCB, 0xB2, 0x7A, 0xDC,
    0x5E, 0xB4, 0x71, 0xDE, 0x56, 0xF4, 0xD8, 0xB6, 0x4E, 0xED, 0xD2, 0xBA, 0x67, 0x27, 0x43, 0xA4,
    0x21, 0x54, 0x6F, 0x9F, 0xFD, 0x4D, 0xBA, 0x1C, 0x5D, 0xF8, 0x3A, 0x9C, 0x07, 0x25, 0x28, 0x0F,
    0xC0, 0x46, 0x14, 0x58, 0x70, 0x2A, 0x14, 0xDD, 0xA1, 0x0A, 0x69, 0xF3, 0xA5, 0xF9, 0x0B, 0x03,
    0x7E, 0x6D, 0xDD, 0xBB, 0x5D, 0xB9, 0x5B, 0x65, 0x16, 0x89, 0x80, 0x51, 0x81, 0x65, 0xB6, 0x9B,
    0x6E, 0x16, 0xFF, 0xB9, 0xCE, 0x2D, 0x71, 0x61, 0xF7, 0x3A, 0x33, 0xFB, 0x5A, 0x5B, 0xE2, 0x75,
    0xFF, 0x78, 0xBA, 0x94, 0x51, 0xFD, 0x64, 0xA5, 0xC0, 0x02, 0xFD, 0x60, 0xE6, 0x28, 0xB2, 0xBA,
    0xD4, 0xCF, 0xD1, 0x4C, 0xD0, 0xDB, 0xD1, 0x43, 0x8D, 0xB2, 0x8B, 0xA2, 0x6E, 0x6E, 0xF7, 0xA7,
    0xC4, 0x77, 0x75, 0x09, 0x9F, 0xFE, 0x0A, 0xE2, 0xD8, 0x33, 0xBF, 0x3F, 0x35, 0xFE, 0x07, 0x85,
    0x55, 0x41, 0x6C, 0x1B, 0x45, 0x14, 0x7D, 0xDE, 0x69, 0xB3, 0x71, 0x36, 0xC9, 0xF6, 0x00, 0x28,
    0x6A, 0xE3, 0x5D, 0x1F, 0x7A, 0x88, 0x90, 0x37, 0x9B, 0xD2, 0xD0, 0x1A, 0x75, 0xED, 0x1D, 0x40,
    0x20, 0x71, 0xA2, 0x52, 0x8B, 0x40, 0x94, 0x2A, 0x16, 0x27, 0x0E, 0x40, 0x0C, 0x4A, 0x60, 0x85,
    0x6C, 0x3C, 0xF4, 0xD2, 0x5E, 0x50, 0x7D, 0xE0, 0x50, 0x71, 0xA9, 0xD5, 0x33, 0x55, 0xAD, 0x12,
    0xA9, 0x48, 0x34, 0xF5, 0x20, 0x0E, 0xF4, 0x80, 0x60, 0x84, 0x44, 0x39, 0x80, 0xC4, 0x0A, 0x71,
    0xE0, 0x50, 0x89, 0x45, 0xE4, 0xB0, 0x91, 0x9C, 0x9A, 0x3F, 0xDB, 0x56, 0x45, 0x8E, 0x5B, 0xEF,
    0x8C, 0x77, 0xC7, 0xEF, 0xBF, 0x7D, 0x7F, 0x76, 0xE6, 0xCF, 0xFF, 0x51, 0x84, 0xE5, 0x72, 0x39,
    0x08, 0x82, 0x72, 0x4E, 0xE6, 0xA4, 0xB5, 0xB5, 0xD8, 0x7F, 0xFA, 0xB3, 0x75, 0xB1, 0xCE, 0x3F,
    0xE0, 0xE1, 0x05, 0x7B, 0xCB, 0xE0, 0x59, 0x4B, 0xCD, 0xCB, 0xF6, 0x8C, 0x8D, 0x56, 0x32, 0x8B,
    0x02, 0x9A, 0xAF, 0x7D, 0xDD, 0x2F, 0x4E, 0x1E, 0xBB, 0x5D, 0x58, 0x2B, 0x95, 0x0B, 0x6B, 0xC7,
    0x6E, 0x17, 0x27, 0x07, 0x21, 0xF7, 0x66, 0x60, 0x2F, 0xC0, 0xBF, 0x01, 0x16, 0xC3, 0xDD, 0x81,
    0xA1, 0x60, 0xA7, 0xE8, 0xD2, 0x75, 0x1C, 0x38, 0xAE, 0x9F, 0x96, 0x7A, 0x26, 0x89, 0xB0, 0xCA,
    0xDF, 0x8F, 0xBD, 0xBA, 0xD5, 0x2D, 0x26, 0xEB, 0xCA, 0xE7, 0x97, 0xF8, 0xBF, 0x62, 0x62, 0x07,
    0x05, 0x26, 0x0E, 0xA5, 0xED, 0x13, 0x93, 0xC5, 0xB3, 0x58, 0x3A, 0xC1, 0x8B, 0x4F, 0xA5, 0xED,
    0x82, 0x21, 0x8C, 0x1D, 0xF8, 0x38, 0xCC, 0x7D, 0xFE, 0x21, 0xAF, 0x4A, 0x20, 0x14, 0x53, 0xA5,
    0x28, 0x89, 0x92, 0xD9, 0xD2, 0x20, 0x41, 0x17, 0xDD, 0x16, 0x7F, 0x1C, 0x96, 0x5A, 0x58, 0x7A,
    0xF2, 0xDC, 0x2B, 0x37, 0x5F, 0xB8, 0x79, 0xF6, 0xDC, 0x8B, 0xE7, 0x5E, 0xBF, 0x50, 0x9C, 0x5C,
    0x58, 0xB2, 0x14, 0xD0, 0x13, 0x8B, 0xB8, 0x26, 0x7E, 0x12, 0xD7, 0x44, 0x15, 0x80, 0x45, 0x6D,
    0x90, 0xE8, 0xFB, 0x5E, 0xFA, 0x37, 0x48, 0x7C, 0x7E, 0x44, 0x32, 0x69, 0xC1, 0x43, 0x28, 0x7D,
    0x7E, 0x58, 0xDA, 0xDC, 0x94, 0xA6, 0x24, 0xE6, 0xC1, 0xB5, 0x76, 0xA9, 0x84, 0x20, 0x78, 0xD0,
    0xAB, 0x37, 0x10, 0xFE, 0xC8, 0xCB, 0x40, 0x00, 0xD0, 0xDD, 0xED, 0xB7, 0xEA, 0xBD, 0xFA, 0x80,
    0x7E, 0x7E, 0x9D, 0xDD, 0x6F, 0x64, 0x0C, 0x36, 0xCA, 0xF5, 0xFD, 0x34, 0x5B, 0xED, 0xC3, 0x26,
    0x55, 0x97, 0x1F, 0x92, 0x75, 0xF9, 0x1E, 0xA9, 0xEB, 0x79, 0x2F, 0xC7, 0x4E, 0xE0, 0x04, 0xCB,
    0x31, 0x39, 0xC0, 0x7E, 0x2C, 0x11, 0xAF, 0x43, 0x3C, 0x09, 0xCB, 0x38, 0x23, 0x6C, 0x66, 0x89,
    0xF0, 0x07, 0x47, 0x60, 0xFE, 0x88, 0x40, 0xB9, 0x15, 0xA3, 0x6E, 0x08, 0xD0, 0x8A, 0x81, 0x78,
    0xFB, 0xE9, 0x33, 0x7D, 0x28, 0xE2, 0x09, 0x58, 0xCC, 0x15, 0xF6, 0xD4, 0x11, 0x19, 0x7E, 0x6F,
    0x48, 0x2C, 0x98, 0x1C, 0x75, 0x0F, 0x88, 0x43, 0x45, 0x32, 0x74, 0x15, 0xE1, 0xF3, 0x3A, 0x0E,
    0xCB, 0x18, 0xF6, 0xB3, 0x12, 0xE6, 0xB7, 0xCF, 0x09, 0xF3, 0x3B, 0x4B, 0x54, 0x67, 0xEE, 0xE9,
    0x2E, 0x93, 0x6E, 0x97, 0x44, 0xDA, 0x80, 0x29, 0x4C, 0x01, 0x18, 0xC2, 0x92, 0x21, 0xBD, 0x41,
    0x73, 0x51, 0x96, 0xCA, 0x01, 0x4C, 0x22, 0xD7, 0xD5, 0x4A, 0xE4, 0x12, 0x29, 0x8C, 0x3E, 0x58,
    0x13, 0x96, 0x03, 0x7B, 0x05, 0xEE, 0x80, 0x07, 0x96, 0x1C, 0xB8, 0x09, 0xF6, 0x00, 0x11, 0x72,
    0xF1, 0x38, 0xDA, 0x16, 0xD8, 0x1B, 0xE3, 0x38, 0xE4, 0xF1, 0x37, 0x18, 0xD1, 0x18, 0x9A, 0x39,
    0x07, 0xF3, 0xED, 0x31, 0x9C, 0x5C, 0x02, 0xF6, 0x16, 0x72, 0xC9, 0x38, 0x8F, 0xAD, 0x81, 0x84,
    0x7F, 0x4B, 0xE2, 0xA8, 0xE4, 0xF8, 0xF2, 0x67, 0xE0, 0x97, 0x01, 0x18, 0x41, 0x26, 0x93, 0xB4,
    0x07, 0xB7, 0x64, 0x78, 0x7E, 0x20, 0x29, 0xE0, 0xDC, 0x8B, 0x08, 0xA6, 0xD0, 0xD0, 0x1F, 0xAA,
    0xEF, 0x15, 0xC0, 0xFF, 0x1C, 0xE6, 0x4E, 0x26, 0x4E, 0x2E, 0xEA, 0xA0, 0xED, 0xA0, 0x80, 0xE2,
    0x14, 0xDD, 0xA4, 0xE8, 0x9E, 0x72, 0xF6, 0xBA, 0x27, 0xDD, 0xBE, 0x03, 0xC7, 0x70, 0x4F, 0xB5,
    0xEE, 0x60, 0x1F, 0x12, 0xD6, 0x1E, 0x65, 0x31, 0xE2, 0xD9, 0xE5, 0x51, 0x78, 0xFE, 0xE0, 0x68,
    0x7C, 0x1F, 0x05, 0xDC, 0x01, 0xF2, 0xD4, 0x93, 0x2E, 0xFE, 0xDF, 0x5A, 0x52, 0x6F, 0xA1, 0x33,
    0xD2, 0xE2, 0x62, 0x5D, 0x8E, 0xC2, 0xDF, 0x14, 0x57, 0x47, 0xE2, 0xAD, 0x6D, 0xF8, 0xAB, 0xC2,
    0x61, 0xD2, 0x61, 0xAA, 0xF7, 0x47, 0xEC, 0x18, 0x8A, 0xC6, 0xEE, 0x0A, 0x6F, 0xA5, 0xFA, 0x6B,
    0xD9, 0x6D, 0xB0, 0x40, 0x0F, 0x7A, 0xE6, 0x96, 0xFF, 0x89, 0x72, 0xBF, 0x51, 0xCE, 0x3F, 0x6A,
    0x7E, 0x5B, 0xCD, 0x57, 0xD5, 0xBC, 0xAB, 0x3C, 0x4B, 0xF5, 0x9E, 0xCF, 0x02, 0x47, 0x65, 0xAB,
    0x4E, 0x21, 0x75, 0x07, 0xEE, 0x15, 0x19, 0x30, 0xD5, 0x30, 0xE2, 0xAC, 0xAB, 0x0A, 0x93, 0xFE,
    0x15, 0x6E, 0x6E, 0x43, 0x07, 0x0E, 0x2D, 0x66, 0x3C, 0x8E, 0x46, 0x81, 0xF3, 0xE9, 0x38, 0x4E,
    0x16, 0x38, 0x77, 0x27, 0xF6, 0x08, 0x9A, 0x71, 0x1A, 0xEC, 0xF4, 0x18, 0x4E, 0xAD, 0x1D, 0xD2,
    0xC9, 0x0F, 0x65, 0xAD, 0x6D, 0xEC, 0xD4, 0x34, 0xC9, 0x54, 0x0D, 0x37, 0x6E, 0x5C, 0x8D, 0x5B,
    0x67, 0x54, 0x95, 0xC9, 0xF0, 0x0A, 0x7F, 0x35, 0xF3, 0xA7, 0xB7, 0x7A, 0x43, 0x0F, 0x06, 0xE7,
    0x93, 0x45, 0x26, 0xBD, 0xFB, 0x7D, 0x51, 0x2F, 0x9C, 0xB4, 0x2F, 0x72, 0x1D, 0x1E, 0x7B, 0xB2,
    0x0C, 0xF1, 0xE7, 0x38, 0xDA, 0x57, 0xF7, 0xBE, 0xF0, 0x11, 0x1C, 0xE3, 0xA5, 0xF1, 0x1C, 0x8A,
    0x33, 0x92, 0xCA, 0xA9, 0x8C, 0xB6, 0x22, 0xAB, 0x94, 0x74, 0x66, 0x60, 0x7D, 0x01, 0xB6, 0xA5,
    0x0F, 0xC2, 0xDD, 0x6E, 0xF5, 0xB3, 0x90, 0x70, 0x53, 0xC7, 0x77, 0x6C, 0xE7, 0x5D, 0x77, 0x4B,
    0x6F, 0xB9, 0x91, 0xC2, 0x7E, 0x07, 0x5E, 0x01, 0xA5, 0x32, 0x82, 0x04, 0x41, 0x8A, 0x20, 0x44,
    0xF0, 0x32, 0x2A, 0xBF, 0xE3, 0xBA, 0x0E, 0xF2, 0x69, 0xCC, 0xC2, 0xA0, 0xE7, 0x01, 0x55, 0x49,
    0xF6, 0x75, 0x0F, 0x24, 0x8D, 0xA4, 0x99, 0x56, 0x69, 0xEB, 0x40, 0xF9, 0x92, 0x8D, 0xC0, 0x4D,
    0x31, 0xA3, 0xE6, 0x6A, 0xBB, 0x71, 0xB7, 0xF3, 0x84, 0x1A, 0x46, 0xE7, 0x3A, 0xA5, 0x78, 0x18,
    0xB3, 0xC4, 0xB4, 0xB4, 0xC4, 0x2E, 0xF4, 0x57, 0x55, 0xD9, 0x4E, 0x1E, 0xDB, 0xD8, 0xB0, 0x06,
    0x71, 0xB3, 0x8B, 0xE6, 0x9D, 0x4E, 0x78, 0x31, 0xB6, 0xE2, 0x4A, 0x12, 0xD5, 0x22, 0x0A, 0xA4,
    0xB0, 0xE3, 0x92, 0x10, 0x13, 0x39, 0xC9, 0x28, 0xBD, 0x4E, 0x52, 0xC2, 0x35, 0xE8, 0x49, 0xF6,
    0x8D, 0x28, 0x6A, 0xA5, 0x6B, 0xA8, 0x9C, 0xD4, 0x76, 0x48, 0x23, 0x9B, 0xF2, 0x30, 0xCE, 0xE4,
    0x94, 0x9A, 0x2E, 0x0E, 0xE3, 0x73, 0xB5, 0xF9, 0xEE, 0x6E, 0x6E, 0x91, 0xD2, 0xC0, 0x34, 0x69,
    0x34, 0x29, 0x11, 0x78, 0x59, 0x5B, 0x44, 0x8F, 0x7C, 0x4D, 0xD0, 0x32, 0x4D, 0x8E, 0xC0, 0x3D,
    0x1C, 0xC5, 0x25, 0x3E, 0x8C, 0xEB, 0x1A, 0x37, 0x8C, 0x99, 0x1D, 0x4B, 0xED, 0x49, 0xEC, 0xB4,
    0x72, 0x3D, 0xAA, 0x44, 0x5E, 0x14, 0x54, 0xA2, 0x6C, 0xCE, 0xE6, 0x5F, 0xD8, 0x9B, 0xC5, 0x5A,
    0xB3, 0x8F, 0x70, 0x13, 0x9E, 0xF3, 0xA0, 0xB7, 0x42, 0x12, 0xCE, 0x53, 0xDD, 0xC8, 0x91, 0x98,
    0x95, 0x0C, 0xBD, 0x48, 0x85, 0x3B, 0x5B, 0x84, 0x21, 0x9C, 0x49, 0xB3, 0x33, 0xBD, 0xB4, 0x1B,
    0xB7, 0xEB, 0xF9, 0x78, 0x18, 0xCD, 0xD7, 0x0A, 0xDD, 0x61, 0x6C, 0x82, 0xFC, 0xE9, 0x8A, 0xA9,
    0x6B, 0x28, 0x8D, 0xB7, 0xC9, 0xB6, 0xF9, 0xD1, 0xE5, 0x8F, 0xC9, 0xB6, 0xAA, 0xBD, 0x4E, 0xD0,
    0x8C, 0x39, 0x72, 0x59, 0x09, 0xBA, 0xDE, 0x44, 0xA3, 0x82, 0xC0, 0xBB, 0xD7, 0xFD, 0x4D, 0xD8,
    0x7F, 0x73, 0x6D, 0x68, 0xEB, 0x93, 0xAF, 0x27, 0xFD, 0x70, 0x0E, 0x1D, 0x31, 0x56, 0x47, 0xBE,
    0xF8, 0x50, 0x4E, 0xFE, 0x20, 0x74, 0x9E, 0x7C, 0xA4, 0x17, 0x3A, 0x0E, 0x46, 0x36, 0xEC, 0xF9,
    0xBC, 0x32, 0x0B, 0xA7, 0x04, 0xBB, 0x0C, 0xAB, 0x0B, 0x96, 0x64, 0xFA, 0x12, 0xAB, 0xF4, 0xBA,
    0xEE, 0x54, 0xD8, 0x51, 0x4D, 0xC3, 0xCD, 0x60, 0x91, 0xAA, 0xB2, 0x57, 0x6D, 0x84, 0x49, 0x40,
    0x7B, 0xD3, 0xE3, 0xF9, 0x1A, 0x66, 0xEA, 0xE3, 0x05, 0xFE, 0x03, 0x85, 0x57, 0x4F, 0x6C, 0xDB,
    0x64, 0x14, 0xFF, 0xC5, 0xCE, 0xEA, 0x31, 0xAF, 0x71, 0x91, 0x76, 0x5B, 0xE7, 0x6F, 0x48, 0x1C,
    0x7A, 0x98, 0xE3, 0x1E, 0x76, 0x28, 0xC2, 0x4E, 0x3E, 0xE0, 0x84, 0x10, 0x62, 0x87, 0x89, 0x0B,
    0x88, 0x16, 0x34, 0x89, 0x13, 0x5B, 0x41, 0x99, 0xE4, 0x43, 0x82, 0x0D, 0x57, 0x84, 0xE8, 0x01,
    0x69, 0x40, 0x91, 0xB6, 0x03, 0x42, 0x08, 0x21, 0xD1, 0x43, 0x85, 0x26, 0xD4, 0xCD, 0x1F, 0xEA,
    0x81, 0xC3, 0x90, 0xE6, 0xDB, 0x8E, 0x58, 0xBB, 0xEC, 0x80, 0x10, 0x46, 0x8A, 0x44, 0x26, 0xA5,
    0x35, 0xEF, 0x39, 0x7F, 0xD6, 0x26, 0x5E, 0x92, 0xF7, 0x35, 0x71, 0xE2, 0xF7, 0xFB, 0xBD, 0xCF,
    0xEF, 0x7B, 0xFF, 0x0A, 0x40, 0xEF, 0x83, 0x5F, 0x3B, 0x40, 0x0F, 0x5A, 0x1F, 0x7A, 0x07, 0xA6,
    0x0D, 0x6B, 0x1D, 0x22, 0x97, 0x9E, 0xA9, 0x72, 0x91, 0x01, 0x6E, 0x0A, 0x9C, 0x4D, 0xFC, 0x6C,
    0x69, 0xE7, 0x6C, 0xD6, 0xCE, 0x3A, 0xBD, 0x46, 0x9B, 0x00, 0xFA, 0xDB, 0xD0, 0xBA, 0x73, 0xA1,
    0xCE, 0x86, 0x15, 0x4D, 0x81, 0x67, 0x00, 0x0C, 0xC0, 0x92, 0x30, 0xD4, 0x00, 0x21, 0xB2, 0x80,
    0x10, 0xCD, 0x36, 0x56, 0xB1, 0x09, 0x0F, 0x55, 0x80, 0x2C, 0xA7, 0x6C, 0x53, 0x3B, 0x80, 0xB8,
    0x09, 0xEF, 0x14, 0xFF, 0x10, 0x14, 0x3F, 0xFB, 0xB4, 0xCF, 0x6F, 0x60, 0x1C, 0xF0, 0x5D, 0xA5,
    0x29, 0x9D, 0x3E, 0xCC, 0xD4, 0xCF, 0x82, 0x8D, 0x80, 0xEE, 0x36, 0x6F, 0x89, 0x14, 0x5D, 0xDE,
    0xF3, 0x3C, 0xAC, 0xAE, 0x4E, 0x25, 0xA7, 0x37, 0xA6, 0xB0, 0xF4, 0xCA, 0x8A, 0x35, 0x13, 0xAE,
    0x47, 0x7A, 0x34, 0x09, 0xAD, 0x9C, 0x84, 0x1E, 0xA0, 0x32, 0x0F, 0x5A, 0xBD, 0xB4, 0xA8, 0x8C,
    0x29, 0x70, 0xB5, 0x0A, 0xB3, 0x05, 0x2D, 0x61, 0x70, 0xF8, 0x18, 0xEE, 0xB5, 0xC8, 0xD6, 0x95,
    0xAD, 0x27, 0xB6, 0x96, 0xDA, 0x5A, 0x42, 0xD7, 0x62, 0x5D, 0x86, 0x3D, 0x60, 0x4F, 0xF1, 0xF2,
    0x22, 0xB3, 0x0F, 0xBF, 0x8D, 0xC0, 0x1B, 0xAE, 0x46, 0x1F, 0x6E, 0x7C, 0x0C, 0x18, 0x3F, 0x9C,
    0x00, 0x42, 0xCF, 0x41, 0xAE, 0x9D, 0x06, 0x8A, 0x98, 0x6C, 0x5A, 0x74, 0xC2, 0x61, 0x2E, 0xDE,
    0xB2, 0x4F, 0x88, 0xCB, 0xA2, 0x6F, 0xC3, 0xD6, 0xC4, 0x5B, 0xE1, 0x21, 0xC0, 0x47, 0x4B, 0x3B,
    0xDD, 0x0D, 0x82, 0xB0, 0xD7, 0x82, 0x7F, 0x99, 0x3D, 0x54, 0xBB, 0x62, 0xA4, 0xE5, 0xDA, 0xE7,
    0x36, 0x4C, 0x35, 0xAD, 0xAF, 0xD1, 0x29, 0x95, 0xE9, 0x8F, 0x9D, 0x78, 0x44, 0x3B, 0x1E, 0x69,
    0xF5, 0xC6, 0xAC, 0x17, 0xB1, 0x8B, 0xF6, 0x48, 0x2B, 0x40, 0xE3, 0x3B, 0xDA, 0x93, 0xAA, 0x28,
    0x74, 0xAB, 0x67, 0x6A, 0x3B, 0x7A, 0x29, 0x73, 0x75, 0xA3, 0x96, 0x18, 0x53, 0xDC, 0xB8, 0x0D,
    0xED, 0xF3, 0xE2, 0x74, 0x72, 0x29, 0xB6, 0xA5, 0xAF, 0xCB, 0xE1, 0xE9, 0xB8, 0xCA, 0x33, 0x94,
    0xBB, 0xAD, 0x8C, 0x43, 0x79, 0x24, 0x2E, 0x0E, 0xFD, 0xDD, 0xB5, 0x96, 0xBF, 0x2B, 0x92, 0x35,
    0x34, 0xFB, 0xAD, 0x0F, 0x76, 0x3D, 0xCE, 0x0E, 0xE8, 0x5F, 0xA3, 0xD2, 0x9B, 0x4B, 0x32, 0x74,
    0x44, 0x39, 0x05, 0xA7, 0xC5, 0xCE, 0x1C, 0x8A, 0xA1, 0x6F, 0x4A, 0x08, 0x66, 0xDA, 0x05, 0x5A,
    0x20, 0x87, 0x81, 0xF6, 0x2F, 0x75, 0x69, 0x40, 0x97, 0x4F, 0xD9, 0x45, 0x1B, 0x95, 0x7B, 0xAC,
    0x1E, 0xDF, 0xEB, 0x09, 0x0E, 0xB1, 0x54, 0xBC, 0x99, 0x8A, 0x3C, 0xB5, 0x07, 0xD7, 0x5A, 0x1A,
    0xDE, 0xE3, 0x87, 0xA4, 0x94, 0x5E, 0x29, 0x42, 0xD2, 0xA5, 0x48, 0x90, 0xB0, 0xE8, 0x97, 0xBB,
    0xB0, 0xFE, 0x91, 0xD6, 0x6B, 0xE3, 0x15, 0xB9, 0xF7, 0x93, 0x01, 0x49, 0x9C, 0xF7, 0x19, 0x9B,
    0x33, 0xD5, 0x98, 0x64, 0x0F, 0xC8, 0x29, 0x5E, 0x81, 0x46, 0x0F, 0xCD, 0x3B, 0xF0, 0x9D, 0xD1,
    0xAA, 0x23, 0x6E, 0xD2, 0xE6, 0x3A, 0xEA, 0x7D, 0x7A, 0xCE, 0x58, 0x09, 0x1C, 0x95, 0x90, 0x9C,
    0xF7, 0xAB, 0xDC, 0x26, 0xC3, 0x1D, 0x4A, 0x1C, 0xA7, 0x10, 0x02, 0x90, 0x3E, 0xDF, 0x29, 0xD3,
    0xCE, 0xE5, 0xB4, 0xEE, 0x75, 0xE5, 0xCA, 0x72, 0xED, 0xEF, 0xE5, 0xC7, 0x53, 0xDC, 0xD3, 0x7A,
    0x2B, 0x78, 0x81, 0xEE, 0xA0, 0xD0, 0x60, 0x6D, 0x67, 0x2C, 0xA1, 0x3C, 0x85, 0x45, 0x98, 0xB4,
    0xF3, 0x1A, 0x49, 0x99, 0x8D, 0x09, 0xEE, 0xFB, 0x5D, 0x41, 0x99, 0x38, 0xB5, 0xC2, 0x7D, 0x45,
    0x25, 0x90, 0x5D, 0xEB, 0xB3, 0x1D, 0xCB, 0x21, 0xB2, 0x4E, 0xB3, 0xE3, 0xD2, 0x55, 0x21, 0xE1,
    0x1B, 0xB0, 0x29, 0x73, 0xBB, 0x86, 0x5A, 0xA6, 0x80, 0x71, 0x33, 0x93, 0x2A, 0xC7, 0x51, 0x31,
    0xA5, 0xCB, 0x31, 0x00, 0x53, 0x2E, 0xAA, 0xE7, 0x23, 0x3E, 0x26, 0xEB, 0x98, 0xD4, 0x29, 0xE4,
    0xE3, 0x2F, 0x52, 0xDB, 0x92, 0xF6, 0x05, 0xD8, 0x19, 0x67, 0xB3, 0xDD, 0x83, 0xDD, 0x80, 0xB0,
    0xC8, 0x76, 0x11, 0x8B, 0x9B, 0x45, 0xC8, 0x6C, 0x91, 0x15, 0xAE, 0x52, 0x74, 0x50, 0xDE, 0x5D,
    0x78, 0x01, 0xFC, 0x14, 0xCD, 0x04, 0x7E, 0x06, 0xAF, 0x8D, 0x58, 0xB0, 0x62, 0x85, 0x02, 0x21,
    0x41, 0x25, 0x42, 0xE7, 0x2E, 0x9C, 0x35, 0xD4, 0x53, 0xEE, 0x16, 0x4E, 0x17, 0x8E, 0x8F, 0x90,
    0x15, 0xCC, 0xC8, 0x1E, 0x7A, 0xC2, 0x1E, 0x89, 0x21, 0xD6, 0xB9, 0x2A, 0x58, 0xE4, 0x47, 0xF6,
    0xDF, 0x51, 0x0F, 0xB2, 0xC4, 0xA5, 0xDA, 0x3A, 0x55, 0x0B, 0xAD, 0x54, 0x1B, 0x58, 0x26, 0x79,
    0x1E, 0x38, 0x1D, 0xFF, 0x21, 0x4E, 0x1E, 0xC7, 0x75, 0x6E, 0x75, 0xB6, 0x9C, 0xA8, 0x94, 0xBD,
    0x46, 0x32, 0xD2, 0x1A, 0xB1, 0xAE, 0x91, 0x0C, 0xB5, 0xDC, 0x8C, 0x8F, 0x80, 0xAA, 0x85, 0xD1,
    0x03, 0x25, 0xED, 0x8B, 0x74, 0xF1, 0x89, 0x32, 0x1E, 0x28, 0x91, 0x47, 0xAE, 0xB4, 0xA4, 0x29,
    0xCD, 0xC8, 0x54, 0x42, 0xBA, 0x7C, 0x25, 0x5D, 0x75, 0xB4, 0x37, 0xC5, 0x46, 0xD7, 0xFD, 0x24,
    0x11, 0xBF, 0x25, 0xF6, 0xBF, 0xC9, 0xF2, 0xE3, 0x64, 0xB9, 0x91, 0x2C, 0x8B, 0xC4, 0x31, 0x93,
    0xF8, 0x95, 0x22, 0x69, 0x56, 0x8B, 0x3E, 0xA2, 0xF8, 0xB2, 0xD3, 0xE7, 0xE8, 0x77, 0xEC, 0x27,
    0x2B, 0x6C, 0xCA, 0x39, 0xF0, 0xD6, 0xF0, 0x64, 0x4A, 0xB1, 0x47, 0x0F, 0x84, 0x1B, 0xCF, 0x4F,
    0xC3, 0x9E, 0x35, 0x83, 0xF3, 0xC4, 0x19, 0x18, 0x9B, 0xC3, 0x16, 0x53, 0xCA, 0x49, 0x75, 0x63,
    0xAD, 0xA8, 0x1E, 0x1F, 0xFE, 0x97, 0xE1, 0xB0, 0x87, 0xDD, 0x60, 0xBC, 0x2A, 0xFD, 0x43, 0x66,
    0x7E, 0xA9, 0x94, 0x59, 0x51, 0x85, 0x67, 0xBF, 0xD5, 0x89, 0xB6, 0x7E, 0xD5, 0xB1, 0x07, 0x12,
    0x12, 0x2D, 0x79, 0x8A, 0x77, 0x35, 0x98, 0x3C, 0xB4, 0x43, 0x88, 0x9F, 0x95, 0xA7, 0x27, 0x6D,
    0x2D, 0x2D, 0x56, 0xE2, 0xEB, 0xCA, 0xFD, 0x59, 0x1A, 0x8F, 0xB9, 0xD2, 0x70, 0x9F, 0xC9, 0xFC,
    0xBD, 0xC0, 0x0F, 0x9C, 0xC0, 0xF3, 0x83, 0xA2, 0x13, 0xF3, 0xE4, 0xD1, 0x9B, 0x0B, 0x5D, 0xDC,
    0x34, 0x93, 0x12, 0x30, 0xDE, 0x93, 0x95, 0x47, 0x52, 0x7B, 0x7D, 0x2E, 0x5E, 0xBF, 0x62, 0xB4,
    0x4E, 0x6C, 0x4C, 0x32, 0x68, 0x79, 0x0E, 0xB1, 0x7D, 0x83, 0xC6, 0x95, 0x97, 0xA8, 0xFB, 0x7C,
    0x89, 0xC0, 0x3C, 0xA0, 0x4F, 0x4A, 0x54, 0xF3, 0x65, 0xE9, 0xDE, 0xBC, 0x11, 0x2D, 0xE4, 0xB9,
    0x34, 0x1F, 0x76, 0xFD, 0xBB, 0xED, 0xC0, 0x77, 0x02, 0xF7, 0x20, 0xF0, 0xE1, 0x87, 0x3F, 0x88,
    0x07, 0x3D, 0x2C, 0xF1, 0x0C, 0xC0, 0xD5, 0x9B, 0xAA, 0x55, 0x0F, 0xF5, 0xAB, 0xB0, 0x2D, 0xD8,
    0x1D, 0x88, 0x2E, 0xEC, 0xDB, 0xB0, 0x7D, 0xFA, 0x2A, 0x39, 0xEF, 0x51, 0x51, 0x7A, 0x31, 0xBC,
    0xB4, 0xB3, 0x30, 0x1D, 0x07, 0x6D, 0x34, 0x13, 0x32, 0x6A, 0x1D, 0x5B, 0x13, 0x20, 0xCE, 0x8C,
    0x45, 0x9C, 0x41, 0xF5, 0x3C, 0x6A, 0x3B, 0xD0, 0xD5, 0x1C, 0xDB, 0x67, 0x2E, 0x9D, 0x53, 0xF4,
    0x28, 0x93, 0x24, 0x4B, 0x95, 0xAC, 0x68, 0x3A, 0xDD, 0x46, 0xE0, 0xAD, 0x34, 0xA5, 0xC8, 0x9E,
    0xED, 0x6F, 0x7A, 0x9D, 0xDB, 0xDC, 0xB3, 0x2A, 0xD4, 0x8E, 0x34, 0x22, 0x15, 0xA9, 0xB7, 0xD3,
    0xB8, 0x24, 0x92, 0xE7, 0xB2, 0xEB, 0x59, 0x33, 0xD2, 0x93, 0xC5, 0xCD, 0x72, 0x7D, 0x2E, 0x48,
    0x2B, 0x5B, 0x93, 0xFA, 0x65, 0x9A, 0x3A, 0xB5, 0x72, 0x5D, 0x1E, 0xD7, 0x63, 0xBC, 0x4E, 0x25,
    0xB6, 0x7A, 0x7E, 0x31, 0x35, 0x54, 0x99, 0x85, 0xA5, 0xA8, 0xAE, 0xCC, 0xA9, 0xFD, 0xC4, 0xB9,
    0xFA, 0xE5, 0x91, 0x7A, 0xF7, 0x61, 0x54, 0x49, 0x31, 0x5E, 0x5A, 0xCA, 0x33, 0x0F, 0xE7, 0x4B,
    0xCA, 0xBE, 0xA3, 0xC1, 0xC1, 0xA0, 0x8A, 0xD4, 0xCC, 0x2C, 0x39, 0xAC, 0x92, 0xB7, 0x8C, 0x8C,
    0x67, 0x14, 0x24, 0x5A, 0x54, 0x3D, 0x09, 0xA3, 0xC5, 0x08, 0xCE, 0xA4, 0x19, 0x64, 0xAB, 0x58,
    0x35, 0xCE, 0x4F, 0x92, 0x1C, 0x05, 0x58, 0xFD, 0x63, 0x80, 0x85, 0xB1, 0x45, 0x7A, 0x1F, 0x5A,
    0x84, 0xFE, 0x37, 0x34, 0x8F, 0x2D, 0xE5, 0x5F, 0x64, 0x75, 0x5D, 0x39, 0xA3, 0x55, 0xE7, 0xF9,
    0x4D, 0x59, 0x37, 0xE5, 0x60, 0xC4, 0x35, 0x77, 0x71, 0xB2, 0x48, 0xED, 0xBD, 0x0E, 0xDA, 0x3E,
    0x3C, 0x67, 0xB8, 0xDC, 0x3B, 0xDC, 0x89, 0x99, 0xE7, 0x60, 0x3E, 0x89, 0xD5, 0x9D, 0xC9, 0x30,
    0x9A, 0x69, 0x66, 0x93, 0xD4, 0xAE, 0xC0, 0x48, 0x9F, 0xCE, 0xD3, 0x45, 0xE5, 0x5B, 0xA0, 0x3B,
    0x87, 0x47, 0x4F, 0xB0, 0xB0, 0xC9, 0xEF, 0x33, 0xF6, 0x83, 0x77, 0x23, 0x3C, 0x8A, 0xB4, 0x57,
    0xE7, 0x6F, 0x49, 0xFB, 0x8A, 0x67, 0x6E, 0x6D, 0xF5, 0xA9, 0x6C, 0x4F, 0x81, 0x47, 0xC6, 0x61,
    0x51, 0xE9, 0x02, 0x1E, 0xCC, 0x09, 0xE8, 0x4D, 0x00, 0xFF, 0x94, 0x94, 0x4F, 0x38, 0x57, 0xFC,
    0x8F, 0xC2, 0x99, 0xB2, 0x56, 0xEC, 0x17, 0xF1, 0x67, 0xAF, 0x65, 0x0D, 0xEB, 0x53, 0x25, 0xAC,
    0x7D, 0x65, 0x89, 0x7D, 0x69, 0x5D, 0x7D, 0x00, 0xE3, 0xF6, 0x5F, 0xD0, 0xB3, 0x43, 0xFA, 0xDB,
    0xA3, 0x03, 0x2F, 0x0E, 0x94, 0xDB, 0xE8, 0x8F, 0xC0, 0x7E, 0x01, 0xB9, 0xD0, 0xF1, 0x7C, 0xCF,
    0x69, 0x5C, 0xAC, 0x5D, 0xDB, 0xB4, 0xB6, 0x6F, 0x19, 0xBF, 0x27, 0xFA, 0xBE, 0xA2, 0x02, 0x61,
    0x5C, 0x28, 0x9E, 0x6E, 0x5D, 0x35, 0x4C, 0x58, 0x34, 0x4B, 0xFC, 0x04, 0xBD, 0xCB, 0x85, 0x63,
    0xB0, 0x06, 0x11, 0x4B, 0x89, 0x6C, 0xEC, 0x60, 0xB1, 0x78, 0xBA, 0xD8, 0x95, 0x7E, 0x0D, 0xD4,
    0xC6, 0xAD, 0x35, 0x98, 0x94, 0xE3, 0x19, 0x57, 0x72, 0x52, 0xB8, 0xC6, 0xA3, 0x3D, 0x16, 0x56,
    0x60, 0x7A, 0xF3, 0x08, 0x87, 0xF9, 0x1D, 0xF6, 0xAF, 0xEF, 0x9D, 0xEF, 0x6A, 0x94, 0x59, 0x96,
    0x6C, 0x3C, 0xD3, 0x79, 0x27, 0x3C, 0x18, 0xE4, 0xF7, 0x02, 0x17, 0x8D, 0xEC, 0xA3, 0x8C, 0xFC,
    0x23, 0xEB, 0x4B, 0xED, 0x8B, 0x61, 0x36, 0xD8, 0x43, 0x31, 0x62, 0x4F, 0x61, 0x4C, 0x98, 0x25,
    0xFA, 0xA3, 0x8C, 0x9D, 0xD6, 0x1F, 0x65, 0xEC, 0x24, 0xC2, 0xC8, 0xEC, 0xD6, 0x05, 0x72, 0xD8,
    0x13, 0x89, 0xE5, 0xFF, 0x95, 0x56, 0x5D, 0x68, 0x1C, 0x55, 0x14, 0xFE, 0x76, 0xA6, 0x61, 0x56,
    0x26, 0xCD, 0x44, 0x0C, 0x12, 0x68, 0x32, 0x37, 0x82, 0x0F, 0x0A, 0x9D, 0x1D, 0xC5, 0x6A, 0xAB,
    0xCC, 0xEC, 0x0E, 0xF6, 0xA1, 0x42, 0x1F, 0x8C, 0x50, 0xAC, 0x50, 0x30, 0xE9, 0x83, 0x6F, 0xD6,
    0x44, 0x48, 0x71, 0x2A, 0xBB, 0xCE, 0xD8, 0x17, 0x1F, 0x44, 0x1B, 0x7C, 0xAD, 0xD0, 0x3C, 0xF8,
    0xA8, 0x34, 0xE8, 0x5A, 0x22, 0x6E, 0xBA, 0xB7, 0x0D, 0xD2, 0x87, 0x3E, 0x78, 0x63, 0xB1, 0x05,
    0xA5, 0x70, 0x2B, 0x82, 0x8F, 0xDE, 0xC2, 0x0A, 0x1B, 0xDC, 0x64, 0x3D, 0x77, 0x76, 0x93, 0x36,
    0x3F, 0xCD, 0xC6, 0xBD, 0x3F, 0xCC, 0xCE, 0x9C, 0x73, 0xEE, 0xB9, 0xE7, 0x9E, 0xF3, 0x7D, 0x17,
    0xC8, 0x19, 0x00, 0x72, 0x77, 0x69, 0xC2, 0x02, 0xB2, 0x5F, 0xB2, 0x62, 0xB7, 0xB9, 0x3F, 0xF5,
    0xE9, 0x29, 0xEE, 0x9A, 0x3F, 0x39, 0x70, 0x4D, 0x11, 0xC2, 0x35, 0xE4, 0x02, 0x4D, 0xCB, 0x8A,
    0xFE, 0x2E, 0x09, 0xCE, 0x26, 0x8E, 0xDF, 0xE6, 0x49, 0x93, 0xE4, 0x00, 0x23, 0x4F, 0x3A, 0xE6,
    0x02, 0xA9, 0x41, 0xC1, 0x9F, 0x4A, 0x41, 0x22, 0x37, 0xDB, 0x34, 0xFD, 0x56, 0xD4, 0x6A, 0x65,
    0x9A, 0x44, 0xA6, 0xB6, 0x0C, 0x52, 0xBB, 0x01, 0xAD, 0x86, 0xEE, 0x6F, 0x68, 0x16, 0x35, 0x97,
    0xA3, 0x66, 0x03, 0x01, 0x60, 0xB7, 0x4A, 0x8D, 0xB0, 0x7C, 0x56, 0xC5, 0xC1, 0x13, 0x22, 0x0E,
    0xEC, 0x28, 0x0E, 0x0A, 0x83, 0xC5, 0x56, 0xE5, 0x90, 0x5F, 0x4F, 0x94, 0x96, 0xAE, 0xF3, 0x3A,
    0x67, 0x60, 0x70, 0xB7, 0x0E, 0x8B, 0xDE, 0x4E, 0xB8, 0x48, 0xD6, 0x5C, 0x92, 0xF2, 0x68, 0xD4,
    0x68, 0x4B, 0xAA, 0xB3, 0x84, 0x57, 0xE7, 0x1E, 0x23, 0x9F, 0x50, 0xC9, 0xBA, 0xA7, 0xBB, 0xE5,
    0xB1, 0x09, 0x2F, 0x59, 0xF3, 0xF4, 0xAA, 0xB9, 0x26, 0x72, 0x12, 0xA8, 0xB0, 0x8A, 0xEB, 0xC1,
    0x2B, 0x79, 0xBE, 0xC7, 0x3A, 0xAD, 0xEE, 0xA2, 0x40, 0x86, 0x1A, 0x75, 0xEB, 0xDF, 0x55, 0xFF,
    0x63, 0xA1, 0xD8, 0x35, 0xA1, 0xDC, 0xFB, 0x42, 0x8D, 0xAC, 0xD0, 0x28, 0xD2, 0x60, 0x42, 0x79,
    0xB6, 0x50, 0xF5, 0xA3, 0xB4, 0xBD, 0x6C, 0x39, 0x4B, 0x00, 0x4E, 0xD4, 0x59, 0x36, 0x27, 0xEB,
    0xD6, 0x3F, 0x92, 0xF4, 0xC0, 0xAE, 0xDD, 0x92, 0xEE, 0xFD, 0x5F, 0xE4, 0xC8, 0xCA, 0xB2, 0x1C,
    0x29, 0xD2, 0x60, 0xCB, 0xD2, 0xB3, 0x97, 0x65, 0xFD, 0xE8, 0x32, 0xAD, 0x6B, 0x90, 0x8E, 0x4D,
    0x51, 0x74, 0xBA, 0x11, 0x71, 0xB0, 0xFE, 0x5C, 0x69, 0xF9, 0x28, 0x2D, 0x32, 0x72, 0xD7, 0xD9,
    0x34, 0x92, 0xD2, 0xEB, 0xF4, 0x95, 0xB6, 0x84, 0x45, 0x1A, 0x55, 0xE4, 0xF2, 0xB0, 0xE2, 0x6C,
    0x0F, 0xF4, 0x9B, 0x07, 0x9A, 0x30, 0x5A, 0x30, 0x2B, 0xB0, 0x5D, 0x38, 0x13, 0x60, 0xED, 0x28,
    0xB0, 0x79, 0x9B, 0xA9, 0xA1, 0xF1, 0x51, 0x6E, 0x93, 0x73, 0x07, 0x44, 0xA8, 0x06, 0xE7, 0x0F,
    0xA8, 0xB2, 0xAA, 0x34, 0x8B, 0xE5, 0xF1, 0xF4, 0x83, 0xC8, 0xCD, 0x42, 0xAB, 0x03, 0xFB, 0xA0,
    0x25, 0xFC, 0x55, 0xFC, 0x88, 0x83, 0xDA, 0x0D, 0x84, 0x14, 0x52, 0xDD, 0x0A, 0xA8, 0x47, 0xB4,
    0x98, 0xF9, 0x35, 0x90, 0xC5, 0xD6, 0x58, 0x03, 0xBB, 0xCC, 0x03, 0x53, 0x94, 0xE9, 0x94, 0x75,
    0x17, 0xA1, 0xC9, 0xFD, 0xCB, 0x91, 0xB5, 0x82, 0xFC, 0xD8, 0x80, 0x30, 0x29, 0x13, 0x6C, 0x15,
    0xD6, 0xE2, 0x30, 0xF6, 0xE2, 0x20, 0x8C, 0x99, 0xCC, 0xF5, 0x3D, 0x50, 0x6E, 0x5F, 0x50, 0x05,
    0x93, 0x7B, 0xEB, 0x9D, 0x9E, 0x5D, 0x93, 0x3B, 0x97, 0x22, 0x6B, 0x95, 0x94, 0x61, 0xCF, 0xC1,
    0xE4, 0x5A, 0xAC, 0x56, 0x41, 0x39, 0x44, 0xE0, 0x75, 0xBB, 0xBF, 0x08, 0xE7, 0x6F, 0x1D, 0x61,
    0x73, 0x55, 0x7F, 0x35, 0x3F, 0xD3, 0x7D, 0x77, 0x6B, 0x3A, 0x9E, 0x0D, 0x3D, 0x0F, 0x1C, 0xC2,
    0xC0, 0xCC, 0x6E, 0x36, 0x31, 0x0A, 0xCC, 0xC0, 0xFC, 0x5C, 0xF7, 0x1E, 0x36, 0xC7, 0xB2, 0x48,
    0xF3, 0x1E, 0x36, 0x8D, 0x2F, 0x33, 0x31, 0xEC, 0xC9, 0x66, 0xFF, 0x21, 0xD8, 0xF3, 0xDD, 0x5D,
    0xF7, 0x74, 0x95, 0x62, 0x9B, 0x9B, 0xDB, 0x93, 0xD9, 0x3E, 0x3A, 0x04, 0x3A, 0xAA, 0xA8, 0x87,
    0x4D, 0x5F, 0xBC, 0xA3, 0x10, 0x27, 0xCD, 0xB8, 0x5A, 0x51, 0x3E, 0x1D, 0x1C, 0xAC, 0x96, 0x96,
    0xB5, 0xDE, 0xD5, 0x7D, 0xF7, 0xC4, 0x02, 0x7C, 0x1A, 0x07, 0xE5, 0x41, 0xB9, 0x35, 0xB9, 0xB4,
    0xA3, 0x99, 0x19, 0xCC, 0x01, 0xB2, 0xB7, 0x19, 0x5D, 0x0E, 0x91, 0x15, 0xED, 0x60, 0x26, 0x4B,
    0xB6, 0x0E, 0x38, 0x11, 0xE4, 0xF8, 0xB7, 0x39, 0x0E, 0xF3, 0x08, 0xDF, 0xFD, 0x0A, 0xDC, 0x69,
    0xC3, 0xA4, 0x57, 0x96, 0xC9, 0x53, 0xC7, 0xBC, 0xCD, 0x4B, 0x17, 0x34, 0x24, 0x75, 0xA5, 0xED,
    0xDF, 0x45, 0xB8, 0xA2, 0x86, 0xAA, 0x55, 0xBB, 0x2D, 0x2B, 0xF3, 0xA8, 0xAC, 0xCD, 0x95, 0x2E,
    0x49, 0xA3, 0x1D, 0xB1, 0x8B, 0x51, 0x68, 0x46, 0x64, 0x37, 0xF6, 0x79, 0xD9, 0x4A, 0x03, 0xA6,
    0xFC, 0x8B, 0xA9, 0xB5, 0x16, 0x19, 0xED, 0xD4, 0x39, 0x83, 0x81, 0x51, 0xD0, 0x6C, 0x35, 0x30,
    0x40, 0x99, 0xD3, 0xD6, 0x0B, 0x16, 0xDE, 0x86, 0x4D, 0x28, 0xF1, 0x50, 0xF6, 0x6E, 0x32, 0x02,
    0x94, 0x7D, 0x1E, 0x58, 0xDC, 0xBF, 0xC8, 0xC9, 0xC8, 0xBE, 0xF1, 0xFD, 0xDC, 0xD2, 0xA9, 0xBF,
    0x16, 0x56, 0x8F, 0xCC, 0x84, 0x55, 0x26, 0x8E, 0xA0, 0xD4, 0x9A, 0x39, 0x53, 0x0D, 0xFC, 0x4D,
    0x05, 0x50, 0xBF, 0x20, 0x5D, 0x27, 0x72, 0x0F, 0xC2, 0x55, 0xA0, 0xDD, 0xBB, 0x4D, 0xB8, 0x45,
    0x30, 0x87, 0x27, 0x4B, 0x72, 0x2C, 0x45, 0x91, 0x77, 0x51, 0xC0, 0xCF, 0x4A, 0x9D, 0x9E, 0x1D,
    0x3F, 0x75, 0x28, 0x62, 0xB1, 0xCE, 0x66, 0xA7, 0x0C, 0x87, 0xC1, 0xBF, 0xC1, 0xB3, 0x12, 0x4C,
    0xB7, 0x95, 0x20, 0x6D, 0x06, 0x98, 0xD6, 0xE0, 0x80, 0xF2, 0x96, 0x1A, 0x34, 0x29, 0xC0, 0xA6,
    0xD8, 0x38, 0x99, 0xBD, 0x18, 0xA0, 0xB5, 0x15, 0x76, 0x34, 0x33, 0x34, 0x36, 0x2A, 0xF5, 0x5E,
    0x93, 0xD6, 0xD9, 0x85, 0x31, 0x65, 0x70, 0x4B, 0xE6, 0x6A, 0x83, 0xC1, 0x0F, 0x0B, 0xBE, 0x5C,
    0x47, 0x9B, 0xA4, 0xF1, 0x3E, 0xBD, 0xB7, 0x23, 0x47, 0xE4, 0x1A, 0x88, 0x07, 0xAB, 0xDF, 0x53,
    0x76, 0x8D, 0xA5, 0x85, 0xD4, 0xC9, 0xB6, 0xE6, 0x6C, 0x6A, 0x05, 0x68, 0x12, 0x31, 0xDB, 0xC2,
    0x9F, 0xFA, 0xE4, 0x24, 0x65, 0xF0, 0x75, 0x0A, 0x8F, 0x29, 0xFC, 0x0D, 0x12, 0x69, 0x10, 0x89,
    0x5C, 0x97, 0x73, 0x6C, 0xE2, 0xD8, 0xAF, 0x32, 0x69, 0x5A, 0x6D, 0x41, 0x8C, 0x83, 0x75, 0xC6,
    0x59, 0x6A, 0x93, 0xF0, 0x9D, 0x09, 0x92, 0xBB, 0xA7, 0xD9, 0x4A, 0x54, 0xB5, 0xF0, 0x3D, 0xA2,
    0x85, 0x63, 0xB7, 0x22, 0x2D, 0xDC, 0x85, 0xD7, 0x5A, 0x77, 0x6C, 0xB0, 0xCD, 0x8B, 0xEB, 0x6C,
    0x93, 0xC6, 0x01, 0x23, 0xB6, 0x09, 0x35, 0xDB, 0x64, 0x78, 0x81, 0x7D, 0x99, 0xD8, 0x9F, 0x3D,
    0xCE, 0x9B, 0xBE, 0x72, 0x83, 0x9B, 0x78, 0xC4, 0x89, 0x53, 0xA0, 0x45, 0x17, 0x05, 0xEA, 0x56,
    0x83, 0xF8, 0x80, 0x68, 0x84, 0x58, 0x84, 0x48, 0x84, 0x38, 0x84, 0x28, 0x84, 0x18, 0x84, 0x08,
    0x44, 0x9F, 0x47, 0x56, 0xD5, 0x48, 0x3B, 0xD0, 0x4F, 0xC8, 0xDF, 0xA1, 0xAA, 0x6E, 0x4F, 0x4A,
    0x19, 0x42, 0x55, 0x61, 0xCC, 0x66, 0xBE, 0x35, 0x60, 0xBC, 0x05, 0x0A, 0x29, 0xB1, 0x97, 0x59,
    0x83, 0xE9, 0xC1, 0x9E, 0xD0, 0xC9, 0x3A, 0x62, 0xA7, 0xE4, 0x18, 0x55, 0x53, 0x2E, 0xD5, 0x44,
    0x64, 0xA7, 0xFD, 0xDC, 0x4E, 0xB7, 0xD7, 0xD3, 0xBE, 0x2E, 0x4D, 0x7E, 0xF5, 0x7F, 0x6A, 0x0A,
    0xFD, 0xD0, 0x84, 0xF0, 0xDC, 0x23, 0x2B, 0x4B, 0x9B, 0x2D, 0x77, 0x0B, 0xDD, 0x58, 0x9D, 0xD4,
    0xDC, 0x60, 0x89, 0x32, 0x93, 0xE5, 0x6F, 0x65, 0x72, 0x5E, 0x14, 0x4D, 0x5E, 0xBA, 0x1C, 0x9D,
    0xD4, 0x47, 0x06, 0x9E, 0xE3, 0x86, 0x76, 0x6F, 0x85, 0x52, 0x6A, 0xF1, 0xC3, 0x6F, 0x3E, 0xA2,
    0x94, 0x9A, 0xD2, 0x6A, 0xC3, 0xB3, 0x18, 0xAD, 0xC2, 0x1A, 0xEE, 0x09, 0x15, 0x2F, 0x44, 0xAF,
    0xF0, 0x3C, 0xDF, 0x09, 0x6F, 0x48, 0x65, 0xA4, 0xA7, 0xBA, 0x23, 0xE8, 0xE2, 0xB1, 0x4D, 0xF9,
    0xF9, 0xF4, 0x65, 0xF9, 0xD8, 0x98, 0x0E, 0x07, 0x3B, 0xE5, 0xF6, 0xB1, 0x13, 0xAC, 0xE5, 0x52,
    0x26, 0xB1, 0x53, 0x09, 0xD5, 0xC2, 0x4B, 0xA9, 0xC7, 0xFB, 0x75, 0x55, 0xCB, 0xB0, 0x1A, 0x13,
    0x4E, 0xCE, 0x20, 0x3C, 0xC1, 0xC8, 0x65, 0x4B, 0xE5, 0x1F, 0xA1, 0xE1, 0xC8, 0xA1, 0xC9, 0xED,
    0xF2, 0x5F, 0x44, 0x57, 0xF8, 0xF0, 0xA4, 0x86, 0x4C, 0x8B, 0x3F, 0xDC, 0xB2, 0x4D, 0xE1, 0x70,
    0x3A, 0x4C, 0x6B, 0xB0, 0xC8, 0x89, 0xEC, 0x4E, 0x4B, 0x7D, 0x4A, 0x8D, 0x52, 0xFA, 0x46, 0xBA,
    0x13, 0x43, 0xD3, 0xBA, 0x38, 0x1F, 0x6D, 0x65, 0x68, 0x1D, 0xC6, 0x49, 0xB8, 0x33, 0x30, 0xFA,
    0x7B, 0x90, 0x34, 0xF0, 0x2C, 0x1F, 0xE5, 0xF9, 0xD9, 0xAD, 0xB5, 0xAD, 0xB5, 0x5A, 0x7B, 0x51,
    0xB7, 0x65, 0x7E, 0x7A, 0x07, 0xE5, 0xD3, 0x29, 0xCE, 0x49, 0xE4, 0xB3, 0x44, 0x49, 0x9A, 0x28,
    0xBC, 0x07, 0xBA, 0xB5, 0xB8, 0x15, 0x30, 0x2A, 0x60, 0xBA, 0x44, 0x52, 0x79, 0x3A, 0x51, 0xB2,
    0xC4, 0x1F, 0x9C, 0x62, 0x59, 0x25, 0xD2, 0xEB, 0x6E, 0xA1, 0xAE, 0x0B, 0xC0, 0x56, 0x7B, 0x51,
    0x77, 0xC4, 0xD3, 0xB3, 0x3B, 0x28, 0xF7, 0x4F, 0x62, 0x20, 0x86, 0xF1, 0x5A, 0xEF, 0x7B, 0xC1,
    0x08, 0xC7, 0x7E, 0x89, 0xBE, 0xB1, 0xDD, 0x98, 0x36, 0xD7, 0xEA, 0x5C, 0x70, 0x7B, 0x98, 0xB2,
    0xD6, 0x3D, 0xDE, 0xD1, 0x8E, 0xDD, 0x28, 0xC6, 0xC1, 0x33, 0xA5, 0x88, 0xA9, 0xC7, 0x5B, 0xD3,
    0x41, 0x65, 0x41, 0x33, 0x9D, 0xC9, 0x4D, 0x6E, 0x80, 0xC9, 0x60, 0xBE, 0x38, 0xCE, 0xC4, 0x53,
    0xEA, 0xAC, 0x2A, 0x91, 0xF7, 0x16, 0xAC, 0xA8, 0x0F, 0xF5, 0x36, 0xBF, 0xF2, 0x17, 0x3F, 0xFD,
    0x47, 0x4A, 0xB7, 0xBA, 0x8D, 0x6E, 0x48, 0x82, 0xAC, 0x2C, 0xB5, 0x85, 0x2E, 0xB2, 0x5C, 0x4A,
    0xC2, 0x0E, 0x4A, 0xCA, 0x89, 0xBA, 0x00, 0x3A, 0x67, 0xE9, 0x7B, 0x68, 0x56, 0x5B, 0x4C, 0x9E,
    0x6B, 0x4E, 0xC7, 0x68, 0xD8, 0xCA, 0xAD, 0x11, 0x88, 0x95, 0x9F, 0x24, 0xE3, 0x3E, 0x3F, 0xA7,
    0x08, 0xA4, 0x05, 0x93, 0xA1, 0x22, 0x20, 0x51, 0x07, 0xF8, 0x55, 0x7D, 0xF9, 0x37, 0xEE, 0x66,
    0x30, 0x4F, 0x09, 0x76, 0xB3, 0xC9, 0x0C, 0x49, 0x60, 0xCB, 0xDE, 0x94, 0xAC, 0xAD, 0x1F, 0xF4,
    0xB3, 0x21, 0x93, 0x9B, 0xCD, 0xAD, 0x84, 0x14, 0x65, 0x84, 0x74, 0x55, 0x6F, 0xCD, 0x39, 0xBE,
    0xD1, 0x53, 0xFF, 0x67, 0xF1, 0x1F, 0x2D, 0xCD, 0x31, 0x0A, 0xC2, 0x40, 0x10, 0x85, 0xE1, 0x87,
    0x8A, 0xA5, 0x69, 0x2D, 0x44, 0x36, 0x68, 0x60, 0x8B, 0x60, 0x2C, 0x76, 0x35, 0xE0, 0x2C, 0xCE,
    0x19, 0x3C, 0x81, 0xAD, 0x5D, 0x8A, 0x40, 0x1A, 0x85, 0x39, 0x42, 0xEA, 0x54, 0xE9, 0xBC, 0x40,
    0x0E, 0x30, 0x47, 0xD9, 0xA3, 0xB8, 0xA2, 0xC5, 0xFB, 0xCB, 0xF7, 0xA1, 0x9F, 0xD6, 0xD8, 0xB7,
    0x3D, 0x90, 0x61, 0x2B, 0x47, 0x05, 0x82, 0xEE, 0x52, 0xAF, 0x69, 0x5E, 0x2B, 0x26, 0x2A, 0xC4,
    0xEB, 0x6B, 0x58, 0xD5, 0x26, 0x0C, 0x4F, 0xE0, 0x24, 0x1D, 0xDF, 0x60, 0xE4, 0x22, 0x19, 0x80,
    0x37, 0x3A, 0xCE, 0x19, 0xA8, 0x34, 0xD7, 0x85, 0x75, 0x75, 0xEB, 0xC6, 0xB6, 0xB1, 0xF7, 0x51,
    0xAC, 0x35, 0x44, 0x5E, 0x0B, 0xA1, 0x07, 0x95, 0xA5, 0xA1, 0x8D, 0x83, 0x6B, 0x42, 0x8C, 0x31,
    0x31, 0x07, 0x35, 0xEC, 0xA4, 0x12, 0x80, 0xF4, 0xFC, 0xA7, 0x7E, 0x17, 0x33, 0x9E, 0xF3, 0x12,
    0x5F, 0xD8, 0x6B, 0x9C, 0x3E, 0x75, 0x52, 0x41, 0x6B, 0x13, 0x51, 0x10, 0xFE, 0xB2, 0x55, 0xAA,
    0xEE, 0xA6, 0x4D, 0x70, 0x63, 0x0F, 0x86, 0x4D, 0x0E, 0x1E, 0x56, 0x50, 0xEB, 0xE1, 0x25, 0x6C,
    0x60, 0x60, 0x9F, 0x77, 0x0F, 0x39, 0x18, 0x3C, 0x14, 0xA1, 0x57, 0x6F, 0x1B, 0xB3, 0x09, 0x7B,
    0xA9, 0x5D, 0x04, 0xBD, 0xE5, 0xE2, 0x0F, 0x90, 0xA2, 0x7F, 0x40, 0x72, 0xAE, 0x74, 0x20, 0x42,
    0x41, 0xA9, 0x6C, 0xBD, 0x78, 0x08, 0x42, 0xA0, 0x7F, 0x60, 0xA1, 0x17, 0x0F, 0x81, 0x38, 0x6F,
    0xB1, 0x68, 0x8B, 0x9D, 0x6F, 0xDE, 0xEC, 0xEC, 0xBC, 0xD9, 0x61, 0xBE, 0x99, 0x45, 0xF7, 0x4C,
    0x00, 0xDF, 0x77, 0xFF, 0x08, 0x00, 0x0B, 0x35, 0xAE, 0xEA, 0x2A, 0x2A, 0x17, 0x00, 0x5C, 0x43,
    0x4B, 0xBB, 0xFA, 0x8A, 0xC6, 0x05, 0xEC, 0xEA, 0x1A, 0xCC, 0x09, 0x17, 0xB5, 0x27, 0xCB, 0x5F,
    0xC0, 0x72, 0xB9, 0xE4, 0x5E, 0xAF, 0xA7, 0xCF, 0x9E, 0x27, 0x97, 0xA2, 0xC8, 0x96, 0x03, 0x5F,
    0x45, 0xB1, 0x0A, 0x54, 0x84, 0xC2, 0x20, 0x8E, 0x94, 0x2F, 0x41, 0x6E, 0xF3, 0x80, 0x47, 0x62,
    0x3B, 0x59, 0x8B, 0x07, 0x1A, 0xF8, 0xEB, 0x01, 0x23, 0xB9, 0x6B, 0xB3, 0xCF, 0x36, 0x6E, 0x57,
    0x0E, 0xF2, 0xAD, 0xED, 0x55, 0xAC, 0xC2, 0x2E, 0xB0, 0xB5, 0x7D, 0x90, 0x6F, 0x54, 0x8C, 0xB7,
    0x51, 0xDC, 0xD8, 0xF0, 0x77, 0x48, 0x21, 0xD4, 0x21, 0x87, 0x5A, 0x01, 0x44, 0x40, 0x92, 0x27,
    0xB9, 0x14, 0xC9, 0x13, 0xCA, 0x63, 0x2A, 0x22, 0x16, 0xAA, 0x97, 0xF2, 0x56, 0xFF, 0xE5, 0xED,
    0x3E, 0x77, 0xFF, 0x99, 0xDB, 0x75, 0xFD, 0xB4, 0xFB, 0x26, 0x7D, 0x8D, 0xF4, 0x1C, 0x4C, 0xAB,
    0xB7, 0xF0, 0xAC, 0x7B, 0xB7, 0x79, 0xB5, 0x89, 0xF3, 0x90, 0xD2, 0x29, 0xD0, 0x78, 0xC4, 0xC2,
    0x6B, 0x2A, 0x5E, 0x74, 0x28, 0xB9, 0xD1, 0xD1, 0xFE, 0x7A, 0xDA, 0xFE, 0xF9, 0xB5, 0x93, 0x6D,
    0x8E, 0x0E, 0x55, 0x86, 0x17, 0xC6, 0x1C, 0x7F, 0xEB, 0x70, 0x89, 0xF7, 0x1B, 0xDA, 0x32, 0xE5,
    0xEA, 0x14, 0x7F, 0x44, 0x7D, 0x8F, 0xF2, 0x61, 0x36, 0x91, 0xCF, 0xEA, 0xEF, 0x53, 0x3A, 0x4D,
    0x87, 0x33, 0x4C, 0xC6, 0x66, 0x2C, 0x51, 0x4C, 0x0E, 0xFA, 0x3C, 0xCA, 0x28, 0x77, 0x64, 0x92,
    0xFD, 0x2F, 0x18, 0xCD, 0x20, 0x09, 0x4E, 0x9F, 0x8B, 0xE5, 0xAE, 0xA7, 0x2A, 0xBB, 0x91, 0x24,
    0x6B, 0xCA, 0xF3, 0xD4, 0xDB, 0x57, 0x68, 0x3D, 0x46, 0xF9, 0x21, 0x06, 0x47, 0xB8, 0xF9, 0xD9,
    0x38, 0xF2, 0x2A, 0x41, 0x0A, 0x28, 0xA1, 0x24, 0x88, 0x03, 0xD9, 0x86, 0x5F, 0x0C, 0x8C, 0xC8,
    0xAC, 0x69, 0xC7, 0x85, 0x83, 0x3A, 0x14, 0x22, 0x64, 0x25, 0x5E, 0xD1, 0x36, 0xCA, 0xB8, 0x87,
    0x3B, 0x08, 0x57, 0xE6, 0xE1, 0x74, 0x81, 0x79, 0x19, 0x7B, 0x6B, 0xF6, 0xF1, 0xC2, 0xB3, 0xE6,
    0x4E, 0x49, 0x3A, 0x83, 0x57, 0xCA, 0x44, 0x43, 0x8B, 0xC3, 0x29, 0xE3, 0x84, 0xF1, 0x81, 0xED,
    0xEF, 0xEC, 0x59, 0xEC, 0x94, 0x4C, 0x2F, 0x9E, 0x95, 0x89, 0xD2, 0x4B, 0xD0, 0x6E, 0x4A, 0xE0,
    0x00, 0x59, 0xD0, 0xE0, 0xE0, 0x81, 0xFC, 0x8D, 0x86, 0x07, 0xDD, 0x37, 0x2A, 0xB2, 0xF9, 0x03,
    0xCD, 0x4F, 0xC2, 0x72, 0x4C, 0xA7, 0xEF, 0x86, 0x33, 0x9A, 0x8C, 0xA5, 0x21, 0xFC, 0x06, 0xD3,
    0x6F, 0x28, 0xBD, 0xB0, 0x01, 0x08, 0xCB, 0x0E, 0xE8, 0x3B, 0x30, 0x3B, 0xF0, 0x37, 0x68, 0x37,
    0x14, 0x37, 0xD4, 0x3F, 0x60, 0x6E, 0xD0, 0x3F, 0xA0, 0xC1, 0x00, 0x14, 0x39, 0xC0, 0x7C, 0xC0,
    0x8E, 0x81, 0xFD, 0x80, 0x2E, 0x83, 0x7D, 0x43, 0xE9, 0x01, 0x53, 0xA0, 0x1A, 0xFB, 0x03, 0x46,
    0x07, 0x98, 0x19, 0xB8, 0x18, 0x78, 0x19, 0x78, 0x18, 0xE4, 0x1B, 0xCC, 0x80, 0x22, 0xD6, 0x07,
    0x4A, 0x81, 0xA4, 0xBE, 0x83, 0x19, 0x88, 0x3E, 0xC0, 0xDE, 0x60, 0xCB, 0x60, 0x7F, 0x41, 0xF6,
    0x81, 0xCC, 0x06, 0x99, 0x0D, 0xB6, 0x5F, 0xF4, 0x91, 0x4C, 0x97, 0x62, 0xD0, 0x67, 0xE0, 0x06,
    0x42, 0x7E, 0x06, 0xFB, 0x03, 0x20, 0xD5, 0xCC, 0x07, 0xB8, 0x19, 0x74, 0xC1, 0x6C, 0xE3, 0x03,
    0xFC, 0x0E, 0xEC, 0x07, 0xD8, 0x81, 0x36, 0x51, 0xCB, 0x05, 0x00, 0xDB, 0xFF, 0x47, 0x2F, 0x47,
    0x2E, 0x42, 0xFE, 0x8B, 0x9E, 0xC3, 0xFE, 0x03, 0x7A, 0x0C, 0xFB, 0x0F, 0x30, 0xFD, 0xE0, 0xCE,
    0xE5, 0xE7, 0xB0, 0xFF, 0xC0, 0xC7, 0x50, 0xFF, 0x41, 0x96, 0x41, 0x87, 0x61, 0xF7, 0x9F, 0xFA,
    0x2F, 0x0C, 0x0C, 0x0C, 0x7A, 0x35, 0x40, 0x42, 0x4E, 0xD7, 0x02, 0x48, 0xE8, 0xFD, 0x8F, 0x6F,
    0x90, 0xAB, 0xA9, 0xB4, 0x38, 0x20, 0xFF, 0xC0, 0xC2, 0x8E, 0x41, 0x8E, 0xC1, 0x82, 0x1B, 0xA8,
    0xD1, 0xD6, 0xF0, 0xC0, 0xFE, 0x03, 0xFA, 0xF5, 0x0E, 0x8C, 0xFF, 0xB8, 0x67, 0xCB, 0xB1, 0xEE,
    0x7F, 0x60, 0xC3, 0xF0, 0xFF, 0x82, 0x2E, 0x03, 0xFF, 0x2C, 0xA6, 0xBF, 0x00, 0x4D, 0x8D, 0x3D,
    0x0A, 0xC2, 0x40, 0x10, 0x85, 0x3F, 0x13, 0xC8, 0x62, 0xE1, 0xA6, 0x08, 0x82, 0xE0, 0x6F, 0x21,
    0x04, 0xC4, 0xE0, 0x62, 0x61, 0xA1, 0x48, 0xF6, 0x12, 0xA9, 0xF5, 0x00, 0x16, 0x16, 0xF6, 0xE6,
    0x08, 0x1E, 0xC1, 0x23, 0xA4, 0xB0, 0x37, 0x47, 0xF0, 0x08, 0x1E, 0x21, 0x85, 0x7D, 0x9C, 0x8D,
    0x88, 0x32, 0xC3, 0xF0, 0xE6, 0xCD, 0x9B, 0xF7, 0x02, 0x48, 0xE0, 0x5C, 0xDB, 0x6D, 0x46, 0x07,
    0x02, 0x50, 0x76, 0xF1, 0x8C, 0xF7, 0x3E, 0x9F, 0x52, 0x30, 0x85, 0x91, 0x53, 0x74, 0x77, 0x30,
    0x70, 0xAB, 0xE2, 0x7B, 0x8D, 0xF7, 0x8B, 0xA7, 0xB2, 0xED, 0x1E, 0x73, 0xDD, 0x78, 0xEC, 0x10,
    0xEC, 0x11, 0x96, 0x9B, 0x22, 0x92, 0x73, 0xC4, 0xA6, 0x08, 0x4B, 0xEF, 0xCF, 0x32, 0xBE, 0x8E,
    0x1F, 0xFD, 0xCB, 0xF9, 0xC5, 0x11, 0x83, 0x09, 0xCC, 0xD0, 0xA4, 0x55, 0x5A, 0x0D, 0x25, 0xD7,
    0x34, 0xB5, 0x64, 0x59, 0xAE, 0xAB, 0x59, 0xE5, 0xC9, 0x97, 0xE4, 0x78, 0x0A, 0xAD, 0x48, 0x6B,
    0x92, 0x8C, 0x10, 0x71, 0x76, 0xAD, 0x33, 0x9B, 0xD6, 0xF9, 0x11, 0xE1, 0x73, 0xDD, 0x30, 0xAD,
    0x07, 0xEA, 0xC4, 0x78, 0x4B, 0xBC, 0xC2, 0x37, 0xBF, 0x66, 0x42, 0x76, 0xE0, 0x5E, 0x83, 0x6F,
    0x65, 0x0A, 0x16, 0xE6, 0x5F, 0x20, 0x7A, 0xF9, 0x52, 0x37, 0xE7, 0x10, 0x4C, 0xD1, 0x07, 0x97,
    0x55, 0xF8, 0xB9, 0x4C, 0xC1, 0xC2, 0xBC, 0x01, 0x7D, 0x53, 0xBF, 0x8B, 0x1B, 0x47, 0x14, 0xFE,
    0xB4, 0x53, 0x0C, 0xDC, 0xDE, 0x69, 0xDD, 0x5C, 0x65, 0xEC, 0xBD, 0xE2, 0x8A, 0x23, 0xC8, 0xD2,
    0xD8, 0x88, 0xA0, 0x23, 0x2B, 0x69, 0x3A, 0xBB, 0x74, 0xB3, 0xD8, 0x70, 0x45, 0xAE, 0x70, 0x65,
    0xC8, 0xF9, 0x0A, 0x05, 0xEB, 0xCC, 0x5D, 0xB4, 0x90, 0xBF, 0xC1, 0xA4, 0x55, 0x67, 0x90, 0x0B,
    0xAB, 0x50, 0x40, 0x45, 0x9C, 0x1B, 0xDC, 0xB8, 0xF4, 0x9A, 0x60, 0x5C, 0x18, 0xC3, 0x42, 0x3A,
    0x27, 0x90, 0x29, 0xB6, 0x50, 0x91, 0xDC, 0xE4, 0x9B, 0x3D, 0xE5, 0x22, 0x7C, 0x24, 0x33, 0x8F,
    0xB7, 0xDF, 0x7E, 0xEF, 0xBD, 0xF9, 0xF1, 0xE6, 0xBD, 0x85, 0xC8, 0x8E, 0xA5, 0xEE, 0xBD, 0x40,
    0xEB, 0x25, 0xA2, 0x06, 0xA2, 0x0E, 0xA4, 0x85, 0x28, 0x10, 0x18, 0xC8, 0x62, 0xE3, 0x18, 0x0D,
    0xF9, 0x67, 0xFD, 0x38, 0x69, 0x74, 0x92, 0xCE, 0xA0, 0x6B, 0xE3, 0x6C, 0xB4, 0xD8, 0x9C, 0x63,
    0x78, 0x65, 0x3E, 0x5A, 0x80, 0xDF, 0x74, 0x7E, 0xBA, 0x00, 0xB6, 0x82, 0xB3, 0xC3, 0xE8, 0x79,
    0x7E, 0x43, 0x14, 0xC9, 0x86, 0x4D, 0x06, 0xB6, 0x6B, 0x6C, 0xAB, 0x56, 0xC4, 0xCF, 0xCD, 0x97,
    0x67, 0xD8, 0x02, 0x6A, 0x05, 0x84, 0x85, 0x2C, 0xB1, 0x76, 0x8C, 0x8D, 0x04, 0x8D, 0x26, 0x3A,
    0x11, 0xBE, 0xFD, 0x5A, 0x9F, 0xBA, 0x6C, 0xE4, 0xB2, 0x93, 0x3D, 0x9D, 0x84, 0x68, 0x6E, 0x54,
    0x9B, 0x0F, 0x57, 0x36, 0x77, 0xA6, 0x99, 0xEA, 0x21, 0x30, 0xAB, 0xC1, 0x39, 0x33, 0x03, 0x88,
    0xC9, 0x90, 0x47, 0x58, 0x59, 0xBF, 0xD1, 0xC3, 0x04, 0xB3, 0xA3, 0xCA, 0x5A, 0xE0, 0x28, 0x47,
    0xFF, 0x9D, 0x0E, 0x9D, 0x91, 0x00, 0x75, 0x6F, 0xA2, 0x19, 0x42, 0xD3, 0x8F, 0x29, 0x88, 0xC9,
    0xB8, 0x12, 0xE9, 0x01, 0x6D, 0xFA, 0x8A, 0xCC, 0xC8, 0x43, 0x66, 0xC4, 0x64, 0xC8, 0x77, 0xE0,
    0xF5, 0xC1, 0x01, 0xA2, 0x50, 0x5F, 0xBD, 0xED, 0xAD, 0xC1, 0xEB, 0xAC, 0xF6, 0x41, 0xA7, 0x67,
    0x70, 0xBC, 0x5F, 0xDB, 0xEB, 0x87, 0x2F, 0x80, 0x2A, 0x70, 0xF3, 0x5E, 0x46, 0x4C, 0xE6, 0xD4,
    0x95, 0xF1, 0xBD, 0xFC, 0xBA, 0x30, 0x97, 0x25, 0x16, 0xF9, 0xE8, 0x4D, 0xD9, 0x77, 0xE8, 0xEE,
    0x21, 0x0E, 0x10, 0x69, 0x08, 0x83, 0x20, 0xF7, 0x3A, 0x02, 0x6E, 0x08, 0xCF, 0x8F, 0x1C, 0x38,
    0x9C, 0xA5, 0x3A, 0x84, 0xAD, 0xE5, 0xC2, 0x08, 0x1D, 0xA2, 0x8E, 0x06, 0x12, 0x0C, 0x38, 0x99,
    0x29, 0xFE, 0x85, 0x10, 0x5A, 0x98, 0x5A, 0x0E, 0x8B, 0xC3, 0x35, 0x4C, 0xC6, 0xA3, 0x7C, 0x94,
    0x4F, 0xC6, 0x6B, 0x88, 0xB3, 0x5D, 0xA3, 0xF2, 0x5D, 0x13, 0x6B, 0x24, 0x89, 0xCF, 0x97, 0xC8,
    0x20, 0x78, 0x3B, 0xF4, 0xEA, 0x88, 0xD7, 0x11, 0x36, 0x20, 0x07, 0x10, 0x53, 0x04, 0x16, 0x0C,
    0x8E, 0xEE, 0xEC, 0x96, 0x6D, 0xBB, 0x5B, 0xC6, 0xEB, 0xDD, 0xEE, 0xB3, 0x0F, 0xBF, 0xBC, 0x7E,
    0xF6, 0x5B, 0x92, 0x1C, 0xFA, 0x7D, 0x3F, 0x97, 0x27, 0x13, 0x9E, 0x4B, 0xA3, 0x96, 0x41, 0x56,
    0x47, 0x4D, 0x98, 0x7F, 0xFF, 0x80, 0x4C, 0x56, 0x34, 0x19, 0xF7, 0x5D, 0x39, 0x5D, 0x1D, 0xBF,
    0xEA, 0xFF, 0x9A, 0xDC, 0x93, 0x6F, 0x2E, 0x4A, 0x84, 0x1D, 0xD4, 0x1B, 0xB8, 0x56, 0x47, 0x12,
    0xA1, 0x23, 0xF5, 0x54, 0x64, 0x14, 0x02, 0xFE, 0x92, 0xA4, 0x89, 0x0E, 0x74, 0x13, 0xD5, 0x31,
    0xC3, 0x05, 0x9A, 0x07, 0xE8, 0x84, 0x5E, 0xDA, 0xF2, 0xFF, 0xE4, 0xDC, 0x87, 0xCE, 0x0C, 0xC1,
    0x4F, 0xC1, 0x47, 0x26, 0xEF, 0xB3, 0xF9, 0x38, 0xEB, 0xF9, 0xFC, 0xF2, 0xEC, 0x5C, 0x78, 0x75,
    0x0C, 0x65, 0x36, 0x90, 0x7A, 0x15, 0x5C, 0x8C, 0xA5, 0x33, 0x13, 0xBA, 0x54, 0x97, 0x5D, 0x2E,
    0x98, 0xD6, 0x7B, 0x6C, 0xBD, 0xC4, 0x2A, 0xE8, 0xBB, 0xA5, 0xBE, 0xBE, 0xFE, 0xD5, 0xEF, 0x6A,
    0x76, 0xAE, 0x9F, 0xDE, 0xF7, 0x1D, 0x72, 0xBA, 0x78, 0x7A, 0x9F, 0x36, 0xE3, 0x6C, 0xC8, 0x17,
    0x6F, 0x9F, 0x2F, 0x75, 0xE1, 0xBF, 0xD4, 0x77, 0x65, 0x7E, 0x82, 0x23, 0x84, 0x39, 0xC6, 0xE7,
    0x75, 0xB1, 0x8F, 0x26, 0x82, 0x22, 0x28, 0xBE, 0x23, 0xAA, 0x98, 0xF1, 0x83, 0xF8, 0x87, 0x62,
    0xDE, 0x45, 0x33, 0xD2, 0xF2, 0x6D, 0x89, 0xF1, 0xF6, 0x83, 0x1D, 0xB4, 0xF6, 0xF2, 0x9A, 0x9D,
    0x87, 0xAF, 0x8A, 0x93, 0x58, 0xEF, 0x6F, 0xFF, 0x5B, 0xA9, 0xBE, 0xD6, 0xE4, 0xB2, 0x52, 0x59,
    0x16, 0xBE, 0x94, 0xD8, 0x15, 0x3F, 0xEB, 0x59, 0x1B, 0x76, 0x0A, 0x36, 0x4C, 0xEF, 0x93, 0x8E,
    0x9D, 0x61, 0xD9, 0xB0, 0x61, 0x58, 0xE2, 0x98, 0xC2, 0xFD, 0x85, 0x87, 0x7F, 0x80, 0xA5, 0x2F,
    0xBE, 0x37, 0x52, 0x66, 0x8F, 0xAA, 0xD8, 0x06, 0x7C, 0x7B, 0x84, 0x2E, 0xEB, 0xA5, 0x7A, 0xE0,
    0xBD, 0x58, 0x9A, 0x20, 0x26, 0xB3, 0x99, 0x6A, 0x36, 0x30, 0xEF, 0x97, 0x3E, 0xE2, 0x8E, 0xDA,
    0x97, 0xA0, 0xD4, 0xC4, 0x9E, 0x49, 0xD9, 0x1E, 0x3A, 0x38, 0x43, 0xFD, 0x96, 0xD9, 0x56, 0x63,
    0xA5, 0x54, 0xDF, 0x59, 0xEA, 0x6D, 0xB5, 0x4F, 0x86, 0xBC, 0x37, 0x05, 0x66, 0x07, 0x63, 0x85,
    0xCA, 0x04, 0x45, 0x4C, 0xE6, 0xC2, 0xD4, 0x12, 0xC5, 0xCD, 0x8F, 0x4A, 0xCD, 0x14, 0x35, 0xF1,
    0xAA, 0x69, 0x47, 0x14, 0xEA, 0x9A, 0x52, 0x03, 0x75, 0xD3, 0xA8, 0xD6, 0x3F, 0x51, 0x7C, 0xB8,
    0xCB, 0xF2, 0xC5, 0xA7, 0x2A, 0xB3, 0xD5, 0x5B, 0xDA, 0x61, 0x62, 0x07, 0xC9, 0xDF, 0x63, 0xFA,
    0xF5, 0x83, 0x3F, 0x3E, 0x47, 0x8E, 0x9F, 0x61, 0xFF, 0xFF, 0x0F, 0x7A, 0xF2, 0x0C, 0xBA, 0xFC,
    0x08, 0x54, 0x6F, 0x7F, 0x80, 0xE9, 0x2F, 0x03, 0x7F, 0x3C, 0x83, 0x1C, 0x2B, 0x50, 0x96, 0x01,
    0x8B, 0xEC, 0x7F, 0xB0, 0x2C, 0x50, 0xEF, 0x79, 0x06, 0x3D, 0x7E, 0x0C, 0xD9, 0x5F, 0xFF, 0x80,
    0xD2, 0xB3, 0x1D, 0xE4, 0xF8, 0x19, 0x81, 0xDA, 0xFF, 0x3B, 0xE8, 0xC9, 0xF3, 0x3B, 0xE8, 0xF2,
    0x73, 0xA3, 0xE0, 0x7A, 0xFB, 0xF9, 0x40, 0x75, 0xFF, 0x1D, 0xF8, 0xE3, 0xE7, 0x03, 0xD5, 0x71,
    0x3B, 0xEC, 0xFF, 0x7F, 0x1A, 0xA8, 0x8E, 0x1B, 0xAB, 0x3A, 0xF6, 0x0F, 0x0C, 0xFC, 0x05, 0x0C,
    0xB2, 0x58, 0x5C, 0xBA, 0xA0, 0xBE, 0xFB, 0x01, 0x43, 0x7D, 0x03, 0xC3, 0xE5, 0x0B, 0x0C, 0x07,
    0x1F, 0xC8, 0x3F, 0xFE, 0x67, 0xBB, 0xE9, 0x81, 0x5D, 0xE0, 0x03, 0xFD, 0x87, 0x0F, 0x94, 0x3E,
    0x3E, 0xA8, 0xFC, 0xF8, 0xCB, 0xBE, 0x61, 0x2F, 0x00, 0x63, 0xE0, 0x60, 0x60, 0x60, 0xB0, 0x07,
    0xE2, 0x83, 0x07, 0x18, 0x98, 0x6F, 0x16, 0x30, 0xF0, 0xFF, 0xB7, 0x61, 0xB0, 0xFF, 0x67, 0xCF,
    0x60, 0xFF, 0xA0, 0x9E, 0x81, 0xFF, 0xF2, 0x1F, 0x06, 0xE6, 0xE7, 0x1F, 0x18, 0x18, 0x7E, 0x1F,
    0x60, 0x60, 0x50, 0x06, 0xAA, 0xE1, 0x61, 0x60, 0x00, 0x00,
};

static const EpdGlyph bookerly_6_boldGlyphs[] = {
    { 0, 0, 0, 0, 0, 0, 0 }, // U+0000
    { 0, 0, 0, 0, 0, 0, 0 }, // U+0008
    { 0, 0, 43, 0, 0, 0, 0 }, // U+0009
    { 0, 0, 43, 0, 0, 0, 0 }, // U+000D
    { 0, 0, 0, 0, 0, 0, 0 }, // U+001D
    { 0, 0, 43, 0, 0, 0, 0 }, // U+0020
    { 4, 10, 58, 0, 10, 10, 0 }, // !
    { 5, 5, 84, 0, 9, 7, 10 }, // "
    { 9, 8, 125, 0, 7, 18, 17 }, // #
    { 7, 14, 111, 0, 11, 25, 35 }, // $
    { 13, 11, 194, 0, 10, 36, 60 }, // %
    { 11, 10, 160, 0, 10, 28, 96 }, // &
    { 3, 5, 46, 0, 9, 4, 124 }, // '
    { 5, 12, 76, 0, 10, 15, 128 }, // (
    { 5, 12, 76, 0, 10, 15, 143 }, // )
    { 5, 5, 78, 0, 10, 7, 158 }, // *
    { 6, 7, 125, 1, 8, 11, 165 }, // +
    { 4, 5, 58, 0, 2, 5, 176 }, // ,
    { 5, 2, 76, 0, 4, 3, 181 }, // -
    { 4, 3, 58, 0, 3, 3, 184 }, // .
    { 7, 10, 105, 0, 9, 18, 187 }, // /
    { 8, 9, 132, 0, 9, 18, 205 }, // 0
    { 6, 9, 99, 0, 9, 14, 223 }, // 1
    { 8, 9, 117, 0, 9, 18, 237 }, // 2
    { 7, 9, 110, 0, 9, 16, 255 }, // 3
    { 8, 9, 128, 0, 9, 18, 271 }, // 4
    { 7, 9, 112, 0, 9, 16, 289 }, // 5
    { 8, 9, 122, 0, 9, 18, 305 }, // 6
    { 8, 9, 112, 0, 9, 18, 323 }, // 7
    { 8, 9, 124, 0, 9, 18, 341 }, // 8
    { 8, 9, 122, 0, 9, 18, 359 }, // 9
    { 4, 8, 58, 0, 8, 8, 377 }, // :
    { 4, 11, 58, 0, 8, 11, 385 }, // ;
    { 6, 7, 125, 1, 7, 11, 396 }, // <
    { 6, 4, 125, 1, 6, 6, 407 }, // =
    { 6, 7, 125, 1, 8, 11, 413 }, // >
    { 6, 10, 98, 0, 10, 15, 424 }, // ?
    { 13, 12, 198, 0, 9, 39, 439 }, // @
    { 10, 9, 154, 0, 9, 23, 478 }, // A
    { 8, 9, 130, 0, 9, 18, 501 }, // B
    { 9, 9, 131, 0, 9, 21, 519 }, // C
    { 10, 9, 155, 0, 9, 23, 540 }, // D
    { 8, 9, 130, 0, 9, 18, 563 }, // E
    { 8, 9, 118, 0, 9, 18, 581 }, // F
    { 10, 9, 148, 0, 9, 23, 599 }, // G
    { 11, 9, 172, 0, 9, 25, 622 }, // H
    { 5, 9, 84, 0, 9, 12, 647 }, // I
    { 6, 12, 79, -1, 9, 18, 659 }, // J
    { 10, 9, 152, 0, 9, 23, 677 }, // K
    { 8, 9, 124, 0, 9, 18, 700 }, // L
    { 13, 9, 190, 0, 9, 30, 718 }, // M
    { 11, 9, 161, 0, 9, 25, 748 }, // N
    { 10, 9, 156, 0, 9, 23, 773 }, // O
    { 8, 9, 125, 0, 9, 18, 796 }, // P
    { 11, 12, 156, 0, 9, 33, 814 }, // Q
    { 10, 9, 142, 0, 9, 23, 847 }, // R
    { 7, 9, 117, 0, 9, 16, 870 }, // S
    { 9, 9, 144, 0, 9, 21, 886 }, // T
    { 11, 9, 161, 0, 9, 25, 907 }, // U
    { 10, 9, 156, 0, 9, 23, 932 }, // V
    { 15, 9, 223, 0, 9, 34, 955 }, // W
    { 10, 9, 154, 0, 9, 23, 989 }, // X
    { 10, 9, 145, 0, 9, 23, 1012 }, // Y
    { 8, 9, 122, 0, 9, 18, 1035 }, // Z
    { 4, 12, 68, 0, 10, 12, 1053 }, // [
    { 7, 10, 105, 0, 9, 18, 1065 }, // <backslash>
    { 4, 12, 68, 0, 10, 12, 1083 }, // ]
    { 8, 6, 125, 0, 8, 12, 1095 }, // ^
    { 7, 2, 100, 0, -1, 4, 1107 }, // _
    { 4, 4, 135, 2, 12, 4, 1111 }, // `
    { 8, 7, 114, 0, 7, 14, 1115 }, // a
    { 9, 10, 124, -1, 10, 23, 1129 }, // b
    { 7, 7, 104, 0, 7, 13, 1152 }, // c
    { 9, 10, 126, 0, 10, 23, 1165 }, // d
    { 7, 7, 109, 0, 7, 13, 1188 }, // e
    { 7, 10, 87, 0, 10, 18, 1201 }, // f
    { 8, 10, 121, 0, 7, 20, 1219 }, // g
    { 9, 10, 133, 0, 10, 23, 1239 }, // h
    { 5, 11, 71, 0, 11, 14, 1262 }, // i
    { 5, 14, 63, -1, 11, 18, 1276 }, // j
    { 9, 10, 127, 0, 10, 23, 1294 }, // k
    { 5, 10, 70, 0, 10, 13, 1317 }, // l
    { 13, 7, 198, 0, 7, 23, 1330 }, // m
    { 9, 7, 135, 0, 7, 16, 1353 }, // n
    { 8, 7, 121, 0, 7, 14, 1369 }, // o
    { 8, 10, 125, 0, 7, 20, 1383 }, // p
    { 8, 10, 120, 0, 7, 20, 1403 }, // q
    { 6, 7, 95, 0, 7, 11, 1423 }, // r
    { 7, 7, 100, 0, 7, 13, 1434 }, // s
    { 7, 9, 85, -1, 9, 16, 1447 }, // t
    { 9, 7, 131, 0, 7, 16, 1463 }, // u
    { 9, 7, 130, 0, 7, 16, 1479 }, // v
    { 12, 7, 181, 0, 7, 21, 1495 }, // w
    { 8, 7, 124, 0, 7, 14, 1516 }, // x
    { 9, 10, 130, 0, 7, 23, 1530 }, // y
    { 7, 8, 103, 0, 7, 14, 1553 }, // z
    { 5, 12, 80, 0, 10, 15, 1567 }, // {
    { 2, 12, 63, 1, 10, 6, 1582 }, // |
    { 5, 12, 80, 0, 10, 15, 1588 }, // }
    { 8, 3, 125, 0, 6, 6, 1603 }, // ~
    { 0, 0, 43, 0, 0, 0, 0 }, // U+00A0
    { 3, 10, 58, 0, 7, 8, 0 }, // U+00A1
    { 7, 13, 113, 0, 10, 23, 8 }, // U+00A2
    { 8, 9, 116, 0, 9, 18, 31 }, // U+00A3
    { 8, 7, 125, 0, 7, 14, 49 }, // U+00A4
    { 9, 8, 134, 0, 8, 18, 63 }, // U+00A5
    { 2, 12, 63, 1, 10, 6, 81 }, // U+00A6
    { 7, 10, 104, 0, 9, 18, 87 }, // U+00A7
    { 5, 2, 135, 2, 10, 3, 105 }, // U+00A8
    { 10, 9, 156, 0, 9, 23, 108 }, // U+00A9
    { 6, 7, 88, 0, 9, 11, 131 }, // U+00AA
    { 8, 4, 117, 0, 5, 8, 142 }, // U+00AB
    { 6, 3, 125, 1, 6, 5, 150 }, // U+00AC
    { 5, 2, 76, 0, 4, 3, 155 }, // U+00AD
    { 8, 11, 116, 0, 10, 22, 158 }, // U+00AE
    { 5, 2, 135, 2, 10, 3, 180 }, // U+00AF
    { 5, 5, 106, 1, 9, 7, 183 }, // U+00B0
    { 6, 9, 125, 1, 9, 14, 190 }, // U+00B1
    { 6, 6, 89, 0, 11, 9, 204 }, // U+00B2
    { 6, 6, 89, 0, 11, 9, 213 }, // U+00B3
    { 3, 4, 135, 3, 12, 3, 222 }, // U+00B4
    { 9, 10, 131, 0, 7, 23, 225 }, // U+00B5
    { 8, 11, 119, 0, 9, 22, 248 }, // U+00B6
    { 4, 3, 58, 0, 6, 3, 270 }, // U+00B7
    { 3, 3, 135, 3, -1, 3, 273 }, // U+00B8
    { 5, 6, 89, 0, 11, 8, 276 }, // U+00B9
    { 6, 7, 88, 0, 9, 11, 284 }, // U+00BA
    { 8, 4, 117, 0, 5, 8, 295 }, // U+00BB
    { 14, 11, 215, 0, 10, 39, 303 }, // U+00BC
    { 14, 11, 215, 0, 10, 39, 342 }, // U+00BD
    { 14, 11, 215, 0, 10, 39, 381 }, // U+00BE
    { 6, 10, 98, 0, 7, 15, 420 }, // U+00BF
    { 10, 13, 154, 0, 13, 33, 435 }, // U+00C0
    { 10, 13, 154, 0, 13, 33, 468 }, // U+00C1
    { 10, 12, 154, 0, 12, 30, 501 }, // U+00C2
    { 10, 13, 154, 0, 13, 33, 531 }, // U+00C3
    { 10, 12, 154, 0, 12, 30, 564 }, // U+00C4
    { 10, 13, 154, 0, 13, 33, 594 }, // U+00C5
    { 14, 9, 196, -1, 9, 32, 627 }, // U+00C6
    { 9, 13, 131, 0, 9, 30, 659 }, // U+00C7
    { 8, 13, 130, 0, 13, 26, 689 }, // U+00C8
    { 8, 13, 130, 0, 13, 26, 715 }, // U+00C9
    { 8, 12, 130, 0, 12, 24, 741 }, // U+00CA
    { 8, 12, 130, 0, 12, 24, 765 }, // U+00CB
    { 5, 13, 84, 0, 13, 17, 789 }, // U+00CC
    { 5, 13, 84, 0, 13, 17, 806 }, // U+00CD
    { 6, 12, 84, 0, 12, 18, 823 }, // U+00CE
    { 6, 12, 84, 0, 12, 18, 841 }, // U+00CF
    { 10, 9, 155, 0, 9, 23, 859 }, // U+00D0
    { 11, 13, 161, 0, 13, 36, 882 }, // U+00D1
    { 10, 13, 156, 0, 13, 33, 918 }, // U+00D2
    { 10, 13, 156, 0, 13, 33, 951 }, // U+00D3
    { 10, 12, 156, 0, 12, 30, 984 }, // U+00D4
    { 10, 13, 156, 0, 13, 33, 1014 }, // U+00D5
    { 10, 12, 156, 0, 12, 30, 1047 }, // U+00D6
    { 6, 5, 125, 1, 7, 8, 1077 }, // U+00D7
    { 10, 9, 156, 0, 9, 23, 1085 }, // U+00D8
    { 11, 13, 161, 0, 13, 36, 1108 }, // U+00D9
    { 11, 13, 161, 0, 13, 36, 1144 }, // U+00DA
    { 11, 12, 161, 0, 12, 33, 1180 }, // U+00DB
    { 11, 12, 161, 0, 12, 33, 1213 }, // U+00DC
    { 10, 13, 145, 0, 13, 33, 1246 }, // U+00DD
    { 8, 9, 129, 0, 9, 18, 1279 }, // U+00DE
    { 9, 10, 134, 0, 10, 23, 1297 }, // U+00DF
    { 8, 12, 114, 0, 12, 24, 1320 }, // U+00E0
    { 8, 12, 114, 0, 12, 24, 1344 }, // U+00E1
    { 8, 12, 114, 0, 12, 24, 1368 }, // U+00E2
    { 8, 11, 114, 0, 11, 22, 1392 }, // U+00E3
    { 8, 10, 114, 0, 10, 20, 1414 }, // U+00E4
    { 8, 11, 114, 0, 11, 22, 1434 }, // U+00E5
    { 11, 7, 166, 0, 7, 20, 1456 }, // U+00E6
    { 7, 11, 104, 0, 7, 20, 1476 }, // U+00E7
    { 7, 12, 109, 0, 12, 21, 1496 }, // U+00E8
    { 7, 12, 109, 0, 12, 21, 1517 }, // U+00E9
    { 7, 12, 109, 0, 12, 21, 1538 }, // U+00EA
    { 7, 10, 109, 0, 10, 18, 1559 }, // U+00EB
    { 5, 12, 71, 0, 12, 15, 1577 }, // U+00EC
    { 5, 12, 71, 0, 12, 15, 1592 }, // U+00ED
    { 5, 12, 71, 0, 12, 15, 1607 }, // U+00EE
    { 5, 10, 71, 0, 10, 13, 1622 }, // U+00EF
    { 8, 10, 121, 0, 10, 20, 1635 }, // U+00F0
    { 9, 11, 135, 0, 11, 25, 1655 }, // U+00F1
    { 8, 12, 121, 0, 12, 24, 1680 }, // U+00F2
    { 8, 12, 121, 0, 12, 24, 1704 }, // U+00F3
    { 8, 12, 121, 0, 12, 24, 1728 }, // U+00F4
    { 8, 11, 121, 0, 11, 22, 1752 }, // U+00F5
    { 8, 10, 121, 0, 10, 20, 1774 }, // U+00F6
    { 6, 7, 125, 1, 8, 11, 1794 }, // U+00F7
    { 8, 7, 121, 0, 7, 14, 1805 }, // U+00F8
    { 9, 12, 131, 0, 12, 27, 1819 }, // U+00F9
    { 9, 12, 131, 0, 12, 27, 1846 }, // U+00FA
    { 9, 12, 131, 0, 12, 27, 1873 }, // U+00FB
    { 9, 10, 131, 0, 10, 23, 1900 }, // U+00FC
    { 9, 15, 130, 0, 12, 34, 1923 }, // U+00FD
    { 8, 13, 125, 0, 10, 26, 1957 }, // U+00FE
    { 9, 13, 130, 0, 10, 30, 1983 }, // U+00FF
    { 10, 12, 154, 0, 12, 30, 0 }, // U+0100
    { 8, 10, 114, 0, 10, 20, 30 }, // U+0101
    { 10, 13, 154, 0, 13, 33, 50 }, // U+0102
    { 8, 11, 114, 0, 11, 22, 83 }, // U+0103
    { 10, 12, 154, 0, 9, 30, 105 }, // U+0104
    { 8, 10, 114, 0, 7, 20, 135 }, // U+0105
    { 9, 13, 131, 0, 13, 30, 155 }, // U+0106
    { 7, 12, 104, 0, 12, 21, 185 }, // U+0107
    { 9, 12, 131, 0, 12, 27, 206 }, // U+0108
    { 7, 12, 104, 0, 12, 21, 233 }, // U+0109
    { 9, 13, 131, 0, 13, 30, 254 }, // U+010A
    { 7, 10, 104, 0, 10, 18, 284 }, // U+010B
    { 9, 13, 131, 0, 13, 30, 302 }, // U+010C
    { 7, 11, 104, 0, 11, 20, 332 }, // U+010D
    { 10, 13, 155, 0, 13, 33, 352 }, // U+010E
    { 10, 10, 130, 0, 10, 25, 385 }, // U+010F
    { 10, 9, 155, 0, 9, 23, 410 }, // U+0110
    { 9, 10, 126, 0, 10, 23, 433 }, // U+0111
    { 8, 12, 130, 0, 12, 24, 456 }, // U+0112
    { 7, 10, 109, 0, 10, 18, 480 }, // U+0113
    { 8, 13, 130, 0, 13, 26, 498 }, // U+0114
    { 7, 11, 109, 0, 11, 20, 524 }, // U+0115
    { 8, 13, 130, 0, 13, 26, 544 }, // U+0116
    { 7, 10, 109, 0, 10, 18, 570 }, // U+0117
    { 8, 12, 130, 0, 9, 24, 588 }, // U+0118
    { 7, 10, 109, 0, 7, 18, 612 }, // U+0119
    { 8, 13, 130, 0, 13, 26, 630 }, // U+011A
    { 7, 11, 109, 0, 11, 20, 656 }, // U+011B
    { 10, 12, 148, 0, 12, 30, 676 }, // U+011C
    { 8, 15, 121, 0, 12, 30, 706 }, // U+011D
    { 10, 13, 148, 0, 13, 33, 736 }, // U+011E
    { 8, 14, 121, 0, 11, 28, 769 }, // U+011F
    { 10, 13, 148, 0, 13, 33, 797 }, // U+0120
    { 8, 13, 121, 0, 10, 26, 830 }, // U+0121
    { 10, 13, 148, 0, 9, 33, 856 }, // U+0122
    { 8, 15, 121, 0, 12, 30, 889 }, // U+0123
    { 11, 12, 172, 0, 12, 33, 919 }, // U+0124
    { 10, 14, 133, -1, 14, 35, 952 }, // U+0125
    { 11, 9, 172, 0, 9, 25, 987 }, // U+0126
    { 9, 10, 133, 0, 10, 23, 1012 }, // U+0127
    { 5, 13, 84, 0, 13, 17, 1035 }, // U+0128
    { 5, 11, 71, 0, 11, 14, 1052 }, // U+0129
    { 5, 12, 84, 0, 12, 15, 1066 }, // U+012A
    { 5, 10, 71, 0, 10, 13, 1081 }, // U+012B
    { 5, 13, 84, 0, 13, 17, 1094 }, // U+012C
    { 5, 11, 71, 0, 11, 14, 1111 }, // U+012D
    { 5, 12, 84, 0, 9, 15, 1125 }, // U+012E
    { 5, 14, 71, 0, 11, 18, 1140 }, // U+012F
    { 5, 13, 84, 0, 13, 17, 1158 }, // U+0130
    { 5, 7, 71, 0, 7, 9, 1175 }, // U+0131
    { 11, 12, 162, 0, 9, 33, 1184 }, // U+0132
    { 8, 14, 134, 0, 11, 28, 1217 }, // U+0133
    { 6, 15, 79, -1, 12, 23, 1245 }, // U+0134
    { 6, 15, 63, -1, 12, 23, 1268 }, // U+0135
    { 10, 13, 152, 0, 9, 33, 1291 }, // U+0136
    { 9, 14, 127, 0, 10, 32, 1324 }, // U+0137
    { 9, 7, 129, 0, 7, 16, 1356 }, // U+0138
    { 8, 13, 124, 0, 13, 26, 1372 }, // U+0139
    { 5, 14, 70, 0, 14, 18, 1398 }, // U+013A
    { 8, 13, 124, 0, 9, 26, 1416 }, // U+013B
    { 5, 14, 70, 0, 10, 18, 1442 }, // U+013C
    { 8, 10, 124, 0, 10, 20, 1460 }, // U+013D
    { 6, 10, 74, 0, 10, 15, 1480 }, // U+013E
    { 8, 9, 124, 0, 9, 18, 1495 }, // U+013F
    { 7, 10, 107, 0, 10, 18, 1513 }, // U+0140
    { 9, 9, 124, -1, 9, 21, 1531 }, // U+0141
    { 6, 10, 70, -1, 10, 15, 1552 }, // U+0142
    { 11, 13, 161, 0, 13, 36, 1567 }, // U+0143
    { 9, 12, 135, 0, 12, 27, 1603 }, // U+0144
    { 11, 13, 161, 0, 9, 36, 1630 }, // U+0145
    { 9, 11, 135, 0, 7, 25, 1666 }, // U+0146
    { 11, 13, 161, 0, 13, 36, 1691 }, // U+0147
    { 9, 11, 135, 0, 11, 25, 1727 }, // U+0148
    { 12, 10, 182, 0, 10, 30, 1752 }, // U+0149
    { 11, 12, 161, 0, 9, 33, 1782 }, // U+014A
    { 8, 10, 131, 0, 7, 20, 1815 }, // U+014B
    { 10, 12, 156, 0, 12, 30, 1835 }, // U+014C
    { 8, 10, 121, 0, 10, 20, 1865 }, // U+014D
    { 10, 13, 156, 0, 13, 33, 1885 }, // U+014E
    { 8, 11, 121, 0, 11, 22, 1918 }, // U+014F
    { 10, 14, 156, 0, 14, 35, 1940 }, // U+0150
    { 8, 12, 121, 0, 12, 24, 1975 }, // U+0151
    { 13, 9, 202, 0, 9, 30, 1999 }, // U+0152
    { 12, 7, 182, 0, 7, 21, 2029 }, // U+0153
    { 10, 13, 142, 0, 13, 33, 2050 }, // U+0154
    { 6, 12, 95, 0, 12, 18, 2083 }, // U+0155
    { 10, 13, 142, 0, 9, 33, 2101 }, // U+0156
    { 6, 11, 95, 0, 7, 17, 2134 }, // U+0157
    { 10, 13, 142, 0, 13, 33, 2151 }, // U+0158
    { 6, 11, 95, 0, 11, 17, 2184 }, // U+0159
    { 7, 13, 117, 0, 13, 23, 2201 }, // U+015A
    { 7, 12, 100, 0, 12, 21, 2224 }, // U+015B
    { 7, 12, 117, 0, 12, 21, 2245 }, // U+015C
    { 7, 12, 100, 0, 12, 21, 2266 }, // U+015D
    { 7, 13, 117, 0, 9, 23, 2287 }, // U+015E
    { 7, 11, 100, 0, 7, 20, 2310 }, // U+015F
    { 7, 13, 117, 0, 13, 23, 2330 }, // U+0160
    { 7, 11, 100, 0, 11, 20, 2353 }, // U+0161
    { 9, 13, 144, 0, 9, 30, 2373 }, // U+0162
    { 7, 13, 85, -1, 9, 23, 2403 }, // U+0163
    { 9, 13, 144, 0, 13, 30, 2426 }, // U+0164
    { 7, 11, 85, -1, 11, 20, 2456 }, // U+0165
    { 9, 9, 144, 0, 9, 21, 2476 }, // U+0166
    { 7, 9, 85, -1, 9, 16, 2497 }, // U+0167
    { 11, 13, 161, 0, 13, 36, 2513 }, // U+0168
    { 9, 11, 131, 0, 11, 25, 2549 }, // U+0169
    { 11, 12, 161, 0, 12, 33, 2574 }, // U+016A
    { 9, 10, 131, 0, 10, 23, 2607 }, // U+016B
    { 11, 13, 161, 0, 13, 36, 2630 }, // U+016C
    { 9, 11, 131, 0, 11, 25, 2666 }, // U+016D
    { 11, 13, 161, 0, 13, 36, 2691 }, // U+016E
    { 9, 11, 131, 0, 11, 25, 2727 }, // U+016F
    { 11, 14, 161, 0, 14, 39, 2752 }, // U+0170
    { 9, 12, 131, 0, 12, 27, 2791 }, // U+0171
    { 11, 12, 161, 0, 9, 33, 2818 }, // U+0172
    { 9, 10, 131, 0, 7, 23, 2851 }, // U+0173
    { 15, 12, 223, 0, 12, 45, 2874 }, // U+0174
    { 12, 12, 181, 0, 12, 36, 2919 }, // U+0175
    { 10, 12, 145, 0, 12, 30, 2955 }, // U+0176
    { 9, 15, 130, 0, 12, 34, 2985 }, // U+0177
    { 10, 12, 145, 0, 12, 30, 3019 }, // U+0178
    { 8, 13, 122, 0, 13, 26, 3049 }, // U+0179
    { 7, 13, 103, 0, 12, 23, 3075 }, // U+017A
    { 8, 13, 122, 0, 13, 26, 3098 }, // U+017B
    { 7, 11, 103, 0, 10, 20, 3124 }, // U+017C
    { 8, 13, 122, 0, 13, 26, 3144 }, // U+017D
    { 7, 12, 103, 0, 11, 21, 3170 }, // U+017E
    { 7, 10, 83, 0, 10, 18, 3191 }, // U+017F
    { 18, 13, 272, 0, 13, 59, 0 }, // U+01C4
    { 17, 12, 253, 0, 11, 51, 59 }, // U+01C5
    { 15, 12, 228, 0, 11, 45, 110 }, // U+01C6
    { 14, 12, 203, 0, 9, 42, 155 }, // U+01C7
    { 12, 14, 188, 0, 11, 42, 197 }, // U+01C8
    { 8, 14, 133, 0, 11, 28, 239 }, // U+01C9
    { 16, 12, 239, 0, 9, 48, 267 }, // U+01CA
    { 14, 14, 224, 0, 11, 49, 315 }, // U+01CB
    { 13, 14, 198, 0, 11, 46, 364 }, // U+01CC
    { 10, 13, 154, 0, 13, 33, 410 }, // U+01CD
    { 8, 11, 114, 0, 11, 22, 443 }, // U+01CE
    { 6, 13, 84, 0, 13, 20, 465 }, // U+01CF
    { 5, 11, 71, 0, 11, 14, 485 }, // U+01D0
    { 10, 13, 156, 0, 13, 33, 499 }, // U+01D1
    { 8, 11, 121, 0, 11, 22, 532 }, // U+01D2
    { 11, 13, 161, 0, 13, 36, 554 }, // U+01D3
    { 9, 11, 131, 0, 11, 25, 590 }, // U+01D4
    { 11, 15, 161, 0, 15, 42, 615 }, // U+01D5
    { 9, 13, 131, 0, 13, 30, 657 }, // U+01D6
    { 11, 15, 161, 0, 15, 42, 687 }, // U+01D7
    { 9, 13, 131, 0, 13, 30, 729 }, // U+01D8
    { 11, 15, 161, 0, 15, 42, 759 }, // U+01D9
    { 9, 14, 131, 0, 14, 32, 801 }, // U+01DA
    { 11, 15, 161, 0, 15, 42, 833 }, // U+01DB
    { 9, 13, 131, 0, 13, 30, 875 }, // U+01DC
    { 7, 7, 109, 0, 7, 13, 905 }, // U+01DD
    { 10, 15, 154, 0, 15, 38, 918 }, // U+01DE
    { 8, 13, 114, 0, 13, 26, 956 }, // U+01DF
    { 10, 15, 154, 0, 15, 38, 982 }, // U+01E0
    { 8, 13, 114, 0, 13, 26, 1020 }, // U+01E1
    { 14, 12, 196, -1, 12, 42, 1046 }, // U+01E2
    { 11, 10, 166, 0, 10, 28, 1088 }, // U+01E3
    { 10, 9, 148, 0, 9, 23, 1116 }, // U+01E4
    { 10, 10, 121, -1, 7, 25, 1139 }, // U+01E5
    { 10, 13, 148, 0, 13, 33, 1164 }, // U+01E6
    { 8, 14, 121, 0, 11, 28, 1197 }, // U+01E7
    { 10, 13, 152, 0, 13, 33, 1225 }, // U+01E8
    { 10, 14, 127, -1, 14, 35, 1258 }, // U+01E9
    { 10, 12, 156, 0, 9, 30, 1293 }, // U+01EA
    { 8, 10, 121, 0, 7, 20, 1323 }, // U+01EB
    { 10, 15, 156, 0, 12, 38, 1343 }, // U+01EC
    { 8, 13, 121, 0, 10, 26, 1381 }, // U+01ED
    { 8, 13, 117, 0, 13, 26, 1407 }, // U+01EE
    { 7, 14, 108, 0, 11, 25, 1433 }, // U+01EF
    { 6, 14, 63, -1, 11, 21, 1458 }, // U+01F0
    { 18, 9, 277, 0, 9, 41, 1479 }, // U+01F1
    { 17, 10, 258, 0, 9, 43, 1520 }, // U+01F2
    { 15, 11, 229, 0, 10, 42, 1563 }, // U+01F3
    { 10, 13, 148, 0, 13, 33, 1605 }, // U+01F4
    { 8, 15, 121, 0, 12, 30, 1638 }, // U+01F5
    { 11, 13, 161, 0, 13, 36, 1668 }, // U+01F8
    { 9, 12, 135, 0, 12, 27, 1704 }, // U+01F9
    { 10, 15, 154, 0, 15, 38, 1731 }, // U+01FA
    { 8, 14, 114, 0, 14, 28, 1769 }, // U+01FB
    { 14, 13, 196, -1, 13, 46, 1797 }, // U+01FC
    { 11, 12, 166, 0, 12, 33, 1843 }, // U+01FD
    { 10, 13, 156, 0, 13, 33, 1876 }, // U+01FE
    { 8, 12, 121, 0, 12, 24, 1909 }, // U+01FF
    { 10, 14, 154, 0, 14, 35, 1933 }, // U+0200
    { 8, 12, 114, 0, 12, 24, 1968 }, // U+0201
    { 10, 13, 154, 0, 13, 33, 1992 }, // U+0202
    { 8, 11, 114, 0, 11, 22, 2025 }, // U+0203
    { 8, 14, 130, 0, 14, 28, 2047 }, // U+0204
    { 7, 12, 109, 0, 12, 21, 2075 }, // U+0205
    { 8, 13, 130, 0, 13, 26, 2096 }, // U+0206
    { 7, 11, 109, 0, 11, 20, 2122 }, // U+0207
    { 6, 14, 84, -1, 14, 21, 2142 }, // U+0208
    { 6, 12, 71, -1, 12, 18, 2163 }, // U+0209
    { 5, 13, 84, 0, 13, 17, 2181 }, // U+020A
    { 5, 11, 71, 0, 11, 14, 2198 }, // U+020B
    { 10, 14, 156, 0, 14, 35, 2212 }, // U+020C
    { 8, 12, 121, 0, 12, 24, 2247 }, // U+020D
    { 10, 13, 156, 0, 13, 33, 2271 }, // U+020E
    { 8, 11, 121, 0, 11, 22, 2304 }, // U+020F
    { 10, 14, 142, 0, 14, 35, 2326 }, // U+0210
    { 6, 12, 95, 0, 12, 18, 2361 }, // U+0211
    { 10, 13, 142, 0, 13, 33, 2379 }, // U+0212
    { 6, 11, 95, 0, 11, 17, 2412 }, // U+0213
    { 11, 14, 161, 0, 14, 39, 2429 }, // U+0214
    { 9, 12, 131, 0, 12, 27, 2468 }, // U+0215
    { 11, 13, 161, 0, 13, 36, 2495 }, // U+0216
    { 9, 11, 131, 0, 11, 25, 2531 }, // U+0217
    { 7, 13, 117, 0, 9, 23, 2556 }, // U+0218
    { 7, 11, 100, 0, 7, 20, 2579 }, // U+0219
    { 9, 13, 144, 0, 9, 30, 2599 }, // U+021A
    { 7, 13, 85, -1, 9, 23, 2629 }, // U+021B
    { 8, 10, 119, 0, 9, 20, 2652 }, // U+021C
    { 7, 10, 104, 0, 7, 18, 2672 }, // U+021D
    { 11, 13, 172, 0, 13, 36, 2690 }, // U+021E
    { 10, 14, 133, -1, 14, 35, 2726 }, // U+021F
    { 3, 4, 0, -2, 12, 3, 0 }, // U+0300
    { 3, 4, 0, -1, 12, 3, 3 }, // U+0301
    { 6, 4, 0, -3, 12, 6, 6 }, // U+0302
    { 6, 3, 0, -3, 11, 5, 12 }, // U+0303
    { 6, 2, 0, -3, 10, 3, 17 }, // U+0304
    { 6, 3, 0, -3, 11, 5, 20 }, // U+0306
    { 4, 2, 0, -2, 10, 2, 25 }, // U+0307
    { 6, 2, 0, -3, 10, 3, 27 }, // U+0308
    { 4, 5, 0, -2, 13, 5, 30 }, // U+0309
    { 4, 3, 0, -2, 11, 3, 35 }, // U+030A
    { 5, 4, 0, -2, 12, 5, 38 }, // U+030B
    { 6, 3, 0, -3, 11, 5, 43 }, // U+030C
    { 5, 4, 0, -3, 12, 5, 48 }, // U+030F
    { 6, 3, 0, -3, 11, 5, 53 }, // U+0311
    { 4, 4, 0, -2, 12, 4, 58 }, // U+0312
    { 3, 3, 0, -1, 11, 3, 62 }, // U+0313
    { 3, 3, 0, -2, 11, 3, 65 }, // U+0314
    { 2, 3, 0, -1, 11, 2, 68 }, // U+0315
    { 3, 3, 0, -2, 8, 3, 70 }, // U+031B
    { 4, 2, 0, -2, -1, 2, 73 }, // U+0323
    { 6, 2, 0, -3, -1, 3, 75 }, // U+0324
    { 4, 3, 0, -2, -1, 3, 78 }, // U+0325
    { 4, 3, 0, -2, -1, 3, 81 }, // U+0326
    { 4, 3, 0, -2, -1, 3, 84 }, // U+0327
    { 4, 4, 0, -2, 1, 4, 87 }, // U+0328
    { 2, 4, 56, 1, -1, 2, 91 }, // U+0329
    { 6, 3, 0, -3, -1, 5, 93 }, // U+032D
    { 6, 3, 0, -3, -1, 5, 98 }, // U+032E
    { 6, 3, 0, -3, -1, 5, 103 }, // U+0330
    { 6, 2, 0, -3, -1, 3, 108 }, // U+0331
    { 6, 3, 0, -3, 11, 5, 111 }, // U+0342
    { 6, 6, 0, -3, 14, 9, 116 }, // U+0344
    { 3, 2, 0, -1, -1, 2, 125 }, // U+0345
    { 0, 0, 100, 0, 0, 0, 0 }, // U+2000
    { 0, 0, 200, 0, 0, 0, 0 }, // U+2001
    { 0, 0, 100, 0, 0, 0, 0 }, // U+2002
    { 0, 0, 200, 0, 0, 0, 0 }, // U+2003
    { 0, 0, 67, 0, 0, 0, 0 }, // U+2004
    { 0, 0, 50, 0, 0, 0, 0 }, // U+2005
    { 0, 0, 33, 0, 0, 0, 0 }, // U+2006
    { 0, 0, 125, 0, 0, 0, 0 }, // U+2007
    { 0, 0, 58, 0, 0, 0, 0 }, // U+2008
    { 0, 0, 40, 0, 0, 0, 0 }, // U+2009
    { 0, 0, 10, 0, 0, 0, 0 }, // U+200A
    { 0, 0, 0, 0, 0, 0, 0 }, // U+200B
    { 2, 11, 0, -1, 8, 6, 0 }, // U+200C
    { 4, 12, 0, -2, 9, 12, 6 }, // U+200D
    { 6, 13, 0, -3, 10, 20, 18 }, // U+200E
    { 6, 13, 0, -3, 10, 20, 38 }, // U+200F
    { 5, 2, 76, 0, 4, 3, 58 }, // U+2010
    { 5, 2, 76, 0, 4, 3, 61 }, // U+2011
    { 8, 2, 125, 0, 5, 4, 64 }, // U+2012
    { 7, 2, 100, 0, 4, 4, 68 }, // U+2013
    { 13, 2, 200, 0, 4, 7, 72 }, // U+2014
    { 13, 2, 200, 0, 4, 7, 79 }, // U+2015
    { 5, 13, 100, 1, 10, 17, 86 }, // U+2016
    { 7, 4, 100, 0, -1, 7, 103 }, // U+2017
    { 3, 5, 49, 0, 11, 4, 110 }, // U+2018
    { 3, 5, 49, 0, 10, 4, 114 }, // U+2019
    { 3, 5, 49, 0, 2, 4, 118 }, // U+201A
    { 3, 5, 49, 0, 11, 4, 122 }, // U+201B
    { 6, 5, 89, 0, 11, 8, 126 }, // U+201C
    { 6, 5, 89, 0, 10, 8, 134 }, // U+201D
    { 6, 5, 89, 0, 2, 8, 142 }, // U+201E
    { 6, 5, 89, 0, 11, 8, 150 }, // U+201F
    { 7, 8, 99, 0, 9, 14, 158 }, // U+2020
    { 7, 10, 100, 0, 9, 18, 172 }, // U+2021
    { 4, 3, 60, 0, 5, 3, 190 }, // U+2022
    { 6, 5, 125, 1, 7, 8, 193 }, // U+2023
    { 4, 3, 58, 0, 3, 3, 201 }, // U+2024
    { 7, 3, 100, 0, 3, 6, 204 }, // U+2025
    { 11, 3, 200, 1, 3, 9, 210 }, // U+2026
    { 4, 3, 58, 0, 6, 3, 219 }, // U+2027
    { 0, 0, 0, 0, 0, 0, 222 }, // U+2028
    { 0, 0, 0, 0, 0, 0, 222 }, // U+2029
    { 6, 13, 0, -3, 10, 20, 222 }, // U+202A
    { 6, 13, 0, -3, 10, 20, 242 }, // U+202B
    { 4, 12, 0, -2, 9, 12, 262 }, // U+202C
    { 6, 13, 0, -3, 10, 20, 274 }, // U+202D
    { 6, 13, 0, -3, 10, 20, 294 }, // U+202E
    { 0, 0, 21, 0, 0, 0, 314 }, // U+202F
    { 18, 11, 278, 0, 10, 50, 314 }, // U+2030
    { 4, 5, 55, 0, 9, 5, 364 }, // U+2032
    { 7, 5, 98, 0, 9, 9, 369 }, // U+2033
    { 9, 5, 142, 0, 9, 12, 378 }, // U+2034
    { 4, 5, 55, 0, 9, 5, 390 }, // U+2035
    { 7, 5, 102, 0, 9, 9, 395 }, // U+2036
    { 9, 5, 146, 0, 9, 12, 404 }, // U+2037
    { 6, 3, 100, 0, 0, 5, 416 }, // U+2038
    { 4, 4, 67, 0, 5, 4, 421 }, // U+2039
    { 4, 4, 67, 0, 5, 4, 425 }, // U+203A
    { 9, 8, 125, 0, 8, 18, 429 }, // U+203B
    { 8, 10, 116, 0, 10, 20, 447 }, // U+203C
    { 7, 2, 100, 0, 10, 4, 467 }, // U+203E
    { 4, 2, 60, 0, 4, 2, 471 }, // U+2043
    { 8, 11, 36, -3, 10, 22, 473 }, // U+2044
    { 12, 10, 187, 0, 10, 30, 495 }, // U+2047
    { 10, 10, 154, 0, 10, 25, 525 }, // U+2048
    { 10, 10, 154, 0, 10, 25, 550 }, // U+2049
    { 9, 3, 200, 2, 6, 7, 575 }, // U+2053
    { 12, 5, 185, 0, 9, 15, 582 }, // U+2057
    { 0, 0, 44, 0, 0, 0, 597 }, // U+205F
    { 0, 0, 0, 0, 0, 0, 597 }, // U+2060
    { 0, 0, 0, 0, 0, 0, 597 }, // U+2061
    { 0, 0, 0, 0, 0, 0, 597 }, // U+2062
    { 0, 0, 0, 0, 0, 0, 597 }, // U+2063
    { 0, 0, 0, 0, 0, 0, 597 }, // U+2064
    { 6, 6, 89, 0, 11, 9, 0 }, // U+2070
    { 6, 6, 89, 0, 11, 9, 9 }, // U+2074
    { 5, 6, 89, 0, 11, 8, 18 }, // U+2075
    { 6, 6, 89, 0, 11, 9, 26 }, // U+2076
    { 6, 6, 89, 0, 11, 9, 35 }, // U+2077
    { 6, 6, 89, 0, 11, 9, 44 }, // U+2078
    { 6, 6, 89, 0, 11, 9, 53 }, // U+2079
    { 7, 5, 113, 0, 9, 9, 62 }, // U+207F
    { 6, 6, 89, 0, 4, 9, 71 }, // U+2080
    { 5, 6, 89, 0, 4, 8, 80 }, // U+2081
    { 6, 6, 89, 0, 4, 9, 88 }, // U+2082
    { 6, 6, 89, 0, 4, 9, 97 }, // U+2083
    { 6, 6, 89, 0, 4, 9, 106 }, // U+2084
    { 5, 6, 89, 0, 4, 8, 115 }, // U+2085
    { 6, 6, 89, 0, 4, 9, 123 }, // U+2086
    { 6, 6, 89, 0, 4, 9, 132 }, // U+2087
    { 6, 6, 89, 0, 4, 9, 141 }, // U+2088
    { 6, 6, 89, 0, 4, 9, 150 }, // U+2089
    { 8, 8, 115, 0, 8, 16, 0 }, // U+20A3
    { 8, 9, 114, 0, 9, 18, 16 }, // U+20A4
    { 18, 9, 272, 0, 9, 41, 34 }, // U+20A7
    { 8, 9, 123, 0, 9, 18, 75 }, // U+20AC
    { 9, 6, 200, 2, 7, 14, 0 }, // U+2190
    { 7, 8, 200, 3, 9, 14, 14 }, // U+2191
    { 9, 6, 200, 2, 7, 14, 28 }, // U+2192
    { 7, 8, 200, 3, 9, 14, 42 }, // U+2193
    { 9, 5, 200, 2, 7, 12, 56 }, // U+2194
    { 7, 9, 200, 3, 9, 16, 68 }, // U+2195
    { 7, 9, 200, 3, 10, 16, 84 }, // U+21A8
    { 7, 9, 200, 3, 10, 16, 100 }, // U+21B2
    { 7, 9, 200, 3, 9, 16, 116 }, // U+21B3
    { 9, 7, 200, 2, 8, 16, 132 }, // U+21B5
    { 9, 7, 200, 2, 8, 16, 148 }, // U+21D0
    { 9, 8, 200, 2, 9, 18, 164 }, // U+21D1
    { 9, 7, 200, 2, 8, 16, 182 }, // U+21D2
    { 9, 8, 200, 2, 9, 18, 198 }, // U+21D3
    { 9, 7, 200, 2, 8, 16, 216 }, // U+21D4
    { 9, 9, 200, 2, 9, 21, 0 }, // U+2200
    { 8, 10, 125, 0, 10, 20, 21 }, // U+2202
    { 7, 9, 200, 3, 9, 16, 41 }, // U+2203
    { 11, 11, 200, 1, 10, 31, 57 }, // U+2205
    { 9, 9, 137, 0, 9, 21, 88 }, // U+2206
    { 9, 9, 200, 2, 9, 21, 109 }, // U+2207
    { 9, 9, 200, 2, 9, 21, 130 }, // U+2208
    { 9, 11, 200, 2, 10, 25, 151 }, // U+2209
    { 9, 7, 200, 2, 8, 16, 176 }, // U+220A
    { 9, 9, 200, 2, 9, 21, 192 }, // U+220B
    { 9, 11, 200, 2, 10, 25, 213 }, // U+220C
    { 9, 7, 200, 2, 8, 16, 238 }, // U+220D
    { 11, 11, 167, 0, 9, 31, 254 }, // U+220F
    { 9, 12, 133, 0, 9, 27, 285 }, // U+2211
    { 6, 2, 125, 1, 5, 3, 312 }, // U+2212
    { 7, 10, 105, 0, 9, 18, 315 }, // U+2215
    { 7, 10, 105, 0, 9, 18, 333 }, // U+2216
    { 6, 6, 125, 1, 7, 9, 351 }, // U+2217
    { 6, 5, 125, 1, 7, 8, 360 }, // U+2218
    { 4, 3, 125, 2, 6, 3, 368 }, // U+2219
    { 10, 11, 125, -1, 10, 28, 371 }, // U+221A
    { 8, 5, 125, 0, 7, 10, 399 }, // U+221D
    { 8, 5, 125, 0, 7, 10, 409 }, // U+221E
    { 9, 9, 200, 2, 9, 21, 419 }, // U+221F
    { 11, 9, 200, 1, 9, 25, 440 }, // U+2220
    { 3, 13, 100, 2, 10, 10, 465 }, // U+2223
    { 5, 13, 100, 1, 10, 17, 475 }, // U+2225
    { 9, 9, 200, 2, 9, 21, 492 }, // U+2227
    { 9, 9, 200, 2, 9, 21, 513 }, // U+2228
    { 9, 9, 200, 2, 9, 21, 534 }, // U+2229
    { 9, 9, 200, 2, 9, 21, 555 }, // U+222A
    { 8, 13, 125, 0, 10, 26, 576 }, // U+222B
    { 9, 9, 200, 2, 9, 21, 602 }, // U+2234
    { 9, 9, 200, 2, 9, 21, 623 }, // U+2235
    { 4, 8, 62, 0, 9, 8, 644 }, // U+2236
    { 9, 9, 200, 2, 9, 21, 652 }, // U+2237
    { 9, 3, 200, 2, 6, 7, 673 }, // U+223C
    { 9, 7, 200, 2, 8, 16, 680 }, // U+2245
    { 8, 6, 125, 0, 7, 12, 696 }, // U+2248
    { 7, 5, 200, 3, 6, 9, 708 }, // U+224D
    { 6, 7, 125, 1, 8, 11, 717 }, // U+2260
    { 9, 6, 200, 2, 7, 14, 728 }, // U+2261
    { 6, 8, 125, 1, 8, 12, 742 }, // U+2264
    { 6, 9, 125, 1, 9, 14, 754 }, // U+2265
    { 11, 6, 200, 1, 7, 17, 768 }, // U+226A
    { 11, 6, 200, 1, 7, 17, 785 }, // U+226B
    { 9, 7, 200, 2, 8, 16, 802 }, // U+2283
    { 9, 11, 200, 2, 10, 25, 818 }, // U+2284
    { 9, 11, 200, 2, 10, 25, 843 }, // U+2285
    { 9, 9, 200, 2, 9, 21, 868 }, // U+2286
    { 9, 9, 200, 2, 9, 21, 889 }, // U+2287
    { 11, 9, 200, 1, 9, 25, 910 }, // U+2295
    { 11, 9, 200, 1, 9, 25, 935 }, // U+2296
    { 11, 9, 200, 1, 9, 25, 960 }, // U+2297
    { 11, 9, 200, 1, 9, 25, 985 }, // U+2298
    { 9, 9, 200, 2, 9, 21, 1010 }, // U+22A5
    { 4, 3, 125, 2, 6, 3, 1031 }, // U+22C5
    { 11, 3, 200, 1, 6, 9, 1034 }, // U+22EF
    { 12, 10, 155, 0, 10, 30, 0 }, // U+FB00
    { 9, 10, 140, 0, 10, 23, 30 }, // U+FB01
    { 9, 10, 141, 0, 10, 23, 53 }, // U+FB02
    { 14, 10, 208, 0, 10, 35, 76 }, // U+FB03
    { 14, 10, 209, 0, 10, 35, 111 }, // U+FB04
    { 11, 10, 159, 0, 10, 28, 146 }, // U+FB05
    { 12, 10, 185, 0, 10, 30, 174 }, // U+FB06
    { 13, 12, 200, 0, 11, 39, 0 }, // U+FFFD
};

static const EpdUnicodeInterval bookerly_6_boldIntervals[] = {
    { 0x0, 0x0, 0x0 },
    { 0x8, 0x9, 0x1 },
    { 0xD, 0xD, 0x3 },
    { 0x1D, 0x1D, 0x4 },
    { 0x20, 0x7E, 0x5 },
    { 0xA0, 0xFF, 0x64 },
    { 0x100, 0x17F, 0xC4 },
    { 0x1C4, 0x1F5, 0x144 },
    { 0x1F8, 0x21F, 0x176 },
    { 0x300, 0x304, 0x19E },
    { 0x306, 0x30C, 0x1A3 },
    { 0x30F, 0x30F, 0x1AA },
    { 0x311, 0x315, 0x1AB },
    { 0x31B, 0x31B, 0x1B0 },
    { 0x323, 0x329, 0x1B1 },
    { 0x32D, 0x32E, 0x1B8 },
    { 0x330, 0x331, 0x1BA },
    { 0x342, 0x342, 0x1BC },
    { 0x344, 0x345, 0x1BD },
    { 0x2000, 0x2030, 0x1BF },
    { 0x2032, 0x203C, 0x1F0 },
    { 0x203E, 0x203E, 0x1FB },
    { 0x2043, 0x2044, 0x1FC },
    { 0x2047, 0x2049, 0x1FE },
    { 0x2053, 0x2053, 0x201 },
    { 0x2057, 0x2057, 0x202 },
    { 0x205F, 0x2064, 0x203 },
    { 0x2070, 0x2070, 0x209 },
    { 0x2074, 0x2079, 0x20A },
    { 0x207F, 0x2089, 0x210 },
    { 0x20A3, 0x20A4, 0x21B },
    { 0x20A7, 0x20A7, 0x21D },
    { 0x20AC, 0x20AC, 0x21E },
    { 0x2190, 0x2195, 0x21F },
    { 0x21A8, 0x21A8, 0x225 },
    { 0x21B2, 0x21B3, 0x226 },
    { 0x21B5, 0x21B5, 0x228 },
    { 0x21D0, 0x21D4, 0x229 },
    { 0x2200, 0x2200, 0x22E },
    { 0x2202, 0x2203, 0x22F },
    { 0x2205, 0x220D, 0x231 },
    { 0x220F, 0x220F, 0x23A },
    { 0x2211, 0x2212, 0x23B },
    { 0x2215, 0x221A, 0x23D },
    { 0x221D, 0x2220, 0x243 },
    { 0x2223, 0x2223, 0x247 },
    { 0x2225, 0x2225, 0x248 },
    { 0x2227, 0x222B, 0x249 },
    { 0x2234, 0x2237, 0x24E },
    { 0x223C, 0x223C, 0x252 },
    { 0x2245, 0x2245, 0x253 },
    { 0x2248, 0x2248, 0x254 },
    { 0x224D, 0x224D, 0x255 },
    { 0x2260, 0x2261, 0x256 },
    { 0x2264, 0x2265, 0x258 },
    { 0x226A, 0x226B, 0x25A },
    { 0x2283, 0x2287, 0x25C },
    { 0x2295, 0x2298, 0x261 },
    { 0x22A5, 0x22A5, 0x265 },
    { 0x22C5, 0x22C5, 0x266 },
    { 0x22EF, 0x22EF, 0x267 },
    { 0xFB00, 0xFB06, 0x268 },
    { 0xFFFD, 0xFFFD, 0x26F },
};

static const EpdFontGroup bookerly_6_boldGroups[] = {
    { 0, 1279, 1886, 100, 0 },
    { 1279, 1180, 2351, 96, 100 },
    { 2459, 1529, 3757, 128, 196 },
    { 3988, 1490, 3152, 90, 324 },
    { 5478, 143, 155, 33, 414 },
    { 5621, 458, 702, 74, 447 },
    { 6079, 124, 214, 18, 521 },
    { 6203, 98, 97, 4, 539 },
    { 6301, 203, 287, 15, 543 },
    { 6504, 758, 1263, 58, 558 },
    { 7262, 139, 230, 7, 616 },
    { 7401, 49, 48, 1, 623 },
};

static const EpdKernClassEntry bookerly_6_boldKernLeftClasses[] = {
    { 0x0022, 1 }, // "
    { 0x0027, 1 }, // '
    { 0x0028, 2 }, // (
    { 0x002A, 3 }, // *
    { 0x002B, 4 }, // +
    { 0x002C, 5 }, // ,
    { 0x002D, 6 }, // -
    { 0x002E, 5 }, // .
    { 0x002F, 7 }, // /
    { 0x0030, 8 }, // 0
    { 0x0031, 9 }, // 1
    { 0x0032, 10 }, // 2
    { 0x0033, 8 }, // 3
    { 0x0034, 11 }, // 4
    { 0x0035, 12 }, // 5
    { 0x0036, 13 }, // 6
    { 0x0037, 14 }, // 7
    { 0x0038, 15 }, // 8
    { 0x0039, 16 }, // 9
    { 0x003A, 17 }, // :
    { 0x003B, 17 }, // ;
    { 0x003C, 4 }, // <
    { 0x003D, 4 }, // =
    { 0x003E, 4 }, // >
    { 0x0040, 18 }, // @
    { 0x0041, 19 }, // A
    { 0x0042, 20 }, // B
    { 0x0043, 21 }, // C
    { 0x0044, 22 }, // D
    { 0x0045, 23 }, // E
    { 0x0046, 24 }, // F
    { 0x0047, 25 }, // G
    { 0x0048, 26 }, // H
    { 0x0049, 26 }, // I
    { 0x004A, 27 }, // J
    { 0x004B, 28 }, // K
    { 0x004C, 29 }, // L
    { 0x004D, 30 }, // M
    { 0x004E, 31 }, // N
    { 0x004F, 22 }, // O
    { 0x0050, 32 }, // P
    { 0x0051, 33 }, // Q
    { 0x0052, 34 }, // R
    { 0x0053, 35 }, // S
    { 0x0054, 36 }, // T
    { 0x0055, 37 }, // U
    { 0x0056, 38 }, // V
    { 0x0057, 38 }, // W
    { 0x0058, 39 }, // X
    { 0x0059, 40 }, // Y
    { 0x005A, 41 }, // Z
    { 0x005B, 42 }, // [
    { 0x005C, 43 }, // <backslash>
    { 0x0061, 44 }, // a
    { 0x0062, 45 }, // b
    { 0x0063, 46 }, // c
    { 0x0064, 47 }, // d
    { 0x0065, 48 }, // e
    { 0x0066, 49 }, // f
    { 0x0067, 50 }, // g
    { 0x0068, 51 }, // h
    { 0x0069, 52 }, // i
    { 0x006A, 53 }, // j
    { 0x006B, 54 }, // k
    { 0x006C, 55 }, // l
    { 0x006D, 51 }, // m
    { 0x006E, 51 }, // n
    { 0x006F, 45 }, // o
    { 0x0070, 45 }, // p
    { 0x0071, 56 }, // q
    { 0x0072, 57 }, // r
    { 0x0073, 58 }, // s
    { 0x0074, 59 }, // t
    { 0x0075, 60 }, // u
    { 0x0076, 61 }, // v
    { 0x0077, 61 }, // w
    { 0x0078, 62 }, // x
    { 0x0079, 61 }, // y
    { 0x007A, 63 }, // z
    { 0x007B, 64 }, // {
    { 0x007E, 4 }, // ~
    { 0x00A1, 65 }, // U+00A1
    { 0x00AB, 66 }, // U+00AB
    { 0x00AD, 6 }, // U+00AD
    { 0x00BB, 67 }, // U+00BB
    { 0x00BF, 68 }, // U+00BF
    { 0x00C0, 19 }, // U+00C0
    { 0x00C1, 19 }, // U+00C1
    { 0x00C2, 19 }, // U+00C2
    { 0x00C3, 19 }, // U+00C3
    { 0x00C4, 19 }, // U+00C4
    { 0x00C5, 19 }, // U+00C5
    { 0x00C6, 23 }, // U+00C6
    { 0x00C7, 21 }, // U+00C7
    { 0x00C8, 23 }, // U+00C8
    { 0x00C9, 23 }, // U+00C9
    { 0x00CA, 23 }, // U+00CA
    { 0x00CB, 23 }, // U+00CB
    { 0x00CC, 26 }, // U+00CC
    { 0x00CD, 26 }, // U+00CD
    { 0x00CE, 26 }, // U+00CE
    { 0x00CF, 26 }, // U+00CF
    { 0x00D0, 22 }, // U+00D0
    { 0x00D1, 31 }, // U+00D1
    { 0x00D2, 22 }, // U+00D2
    { 0x00D3, 22 }, // U+00D3
    { 0x00D4, 22 }, // U+00D4
    { 0x00D5, 22 }, // U+00D5
    { 0x00D6, 22 }, // U+00D6
    { 0x00D7, 4 }, // U+00D7
    { 0x00D8, 69 }, // U+00D8
    { 0x00D9, 37 }, // U+00D9
    { 0x00DA, 37 }, // U+00DA
    { 0x00DB, 37 }, // U+00DB
    { 0x00DC, 37 }, // U+00DC
    { 0x00DD, 40 }, // U+00DD
    { 0x00DE, 70 }, // U+00DE
    { 0x00DF, 71 }, // U+00DF
    { 0x00E0, 44 }, // U+00E0
    { 0x00E1, 44 }, // U+00E1
    { 0x00E2, 44 }, // U+00E2
    { 0x00E3, 44 }, // U+00E3
    { 0x00E4, 44 }, // U+00E4
    { 0x00E5, 44 }, // U+00E5
    { 0x00E6, 48 }, // U+00E6
    { 0x00E7, 46 }, // U+00E7
    { 0x00E8, 48 }, // U+00E8
    { 0x00E9, 48 }, // U+00E9
    { 0x00EA, 48 }, // U+00EA
    { 0x00EB, 48 }, // U+00EB
    { 0x00EC, 52 }, // U+00EC
    { 0x00ED, 52 }, // U+00ED
    { 0x00EE, 72 }, // U+00EE
    { 0x00EF, 72 }, // U+00EF
    { 0x00F0, 45 }, // U+00F0
    { 0x00F1, 51 }, // U+00F1
    { 0x00F2, 45 }, // U+00F2
    { 0x00F3, 45 }, // U+00F3
    { 0x00F4, 45 }, // U+00F4
    { 0x00F5, 45 }, // U+00F5
    { 0x00F6, 45 }, // U+00F6
    { 0x00F7, 4 }, // U+00F7
    { 0x00F8, 45 }, // U+00F8
    { 0x00F9, 60 }, // U+00F9
    { 0x00FA, 60 }, // U+00FA
    { 0x00FB, 60 }, // U+00FB
    { 0x00FC, 60 }, // U+00FC
    { 0x00FD, 61 }, // U+00FD
    { 0x00FE, 45 }, // U+00FE
    { 0x00FF, 61 }, // U+00FF
    { 0x0100, 19 }, // U+0100
    { 0x0101, 44 }, // U+0101
    { 0x0102, 19 }, // U+0102
    { 0x0103, 44 }, // U+0103
    { 0x0104, 73 }, // U+0104
    { 0x0105, 74 }, // U+0105
    { 0x0106, 21 }, // U+0106
    { 0x0107, 46 }, // U+0107
    { 0x0108, 21 }, // U+0108
    { 0x0109, 46 }, // U+0109
    { 0x010A, 21 }, // U+010A
    { 0x010B, 46 }, // U+010B
    { 0x010C, 21 }, // U+010C
    { 0x010D, 46 }, // U+010D
    { 0x010E, 22 }, // U+010E
    { 0x010F, 75 }, // U+010F
    { 0x0110, 22 }, // U+0110
    { 0x0111, 76 }, // U+0111
    { 0x0112, 23 }, // U+0112
    { 0x0113, 48 }, // U+0113
    { 0x0114, 23 }, // U+0114
    { 0x0115, 48 }, // U+0115
    { 0x0116, 23 }, // U+0116
    { 0x0117, 48 }, // U+0117
    { 0x0118, 77 }, // U+0118
    { 0x0119, 78 }, // U+0119
    { 0x011A, 23 }, // U+011A
    { 0x011B, 48 }, // U+011B
    { 0x011C, 25 }, // U+011C
    { 0x011D, 50 }, // U+011D
    { 0x011E, 25 }, // U+011E
    { 0x011F, 50 }, // U+011F
    { 0x0120, 25 }, // U+0120
    { 0x0121, 50 }, // U+0121
    { 0x0122, 25 }, // U+0122
    { 0x0123, 50 }, // U+0123
    { 0x0124, 26 }, // U+0124
    { 0x0125, 51 }, // U+0125
    { 0x0126, 26 }, // U+0126
    { 0x0127, 51 }, // U+0127
    { 0x0128, 26 }, // U+0128
    { 0x0129, 72 }, // U+0129
    { 0x012A, 26 }, // U+012A
    { 0x012B, 72 }, // U+012B
    { 0x012C, 26 }, // U+012C
    { 0x012D, 72 }, // U+012D
    { 0x012E, 26 }, // U+012E
    { 0x012F, 79 }, // U+012F
    { 0x0130, 26 }, // U+0130
    { 0x0131, 52 }, // U+0131
    { 0x0132, 27 }, // U+0132
    { 0x0133, 53 }, // U+0133
    { 0x0134, 27 }, // U+0134
    { 0x0135, 80 }, // U+0135
    { 0x0136, 28 }, // U+0136
    { 0x0137, 54 }, // U+0137
    { 0x0138, 54 }, // U+0138
    { 0x0139, 29 }, // U+0139
    { 0x013A, 55 }, // U+013A
    { 0x013B, 29 }, // U+013B
    { 0x013C, 55 }, // U+013C
    { 0x013E, 75 }, // U+013E
    { 0x0141, 29 }, // U+0141
    { 0x0142, 81 }, // U+0142
    { 0x0143, 31 }, // U+0143
    { 0x0144, 51 }, // U+0144
    { 0x0145, 31 }, // U+0145
    { 0x0146, 51 }, // U+0146
    { 0x0147, 31 }, // U+0147
    { 0x0148, 51 }, // U+0148
    { 0x0149, 51 }, // U+0149
    { 0x014A, 31 }, // U+014A
    { 0x014B, 51 }, // U+014B
    { 0x014C, 22 }, // U+014C
    { 0x014D, 45 }, // U+014D
    { 0x014E, 22 }, // U+014E
    { 0x014F, 45 }, // U+014F
    { 0x0150, 22 }, // U+0150
    { 0x0151, 45 }, // U+0151
    { 0x0152, 23 }, // U+0152
    { 0x0153, 48 }, // U+0153
    { 0x0154, 34 }, // U+0154
    { 0x0155, 57 }, // U+0155
    { 0x0156, 34 }, // U+0156
    { 0x0157, 57 }, // U+0157
    { 0x0158, 34 }, // U+0158
    { 0x0159, 57 }, // U+0159
    { 0x015A, 35 }, // U+015A
    { 0x015B, 58 }, // U+015B
    { 0x015C, 35 }, // U+015C
    { 0x015D, 58 }, // U+015D
    { 0x015E, 35 }, // U+015E
    { 0x015F, 58 }, // U+015F
    { 0x0160, 35 }, // U+0160
    { 0x0161, 58 }, // U+0161
    { 0x0162, 36 }, // U+0162
    { 0x0163, 82 }, // U+0163
    { 0x0164, 36 }, // U+0164
    { 0x0165, 83 }, // U+0165
    { 0x0166, 36 }, // U+0166
    { 0x0167, 59 }, // U+0167
    { 0x0168, 37 }, // U+0168
    { 0x0169, 60 }, // U+0169
    { 0x016A, 37 }, // U+016A
    { 0x016B, 60 }, // U+016B
    { 0x016C, 37 }, // U+016C
    { 0x016D, 60 }, // U+016D
    { 0x016E, 37 }, // U+016E
    { 0x016F, 60 }, // U+016F
    { 0x0170, 37 }, // U+0170
    { 0x0171, 60 }, // U+0171
    { 0x0172, 37 }, // U+0172
    { 0x0173, 84 }, // U+0173
    { 0x0174, 38 }, // U+0174
    { 0x0175, 61 }, // U+0175
    { 0x0176, 40 }, // U+0176
    { 0x0177, 61 }, // U+0177
    { 0x0178, 40 }, // U+0178
    { 0x0179, 41 }, // U+0179
    { 0x017A, 63 }, // U+017A
    { 0x017B, 41 }, // U+017B
    { 0x017C, 63 }, // U+017C
    { 0x017D, 41 }, // U+017D
    { 0x017E, 63 }, // U+017E
    { 0x01C4, 41 }, // U+01C4
    { 0x01C5, 63 }, // U+01C5
    { 0x01C6, 63 }, // U+01C6
    { 0x01C7, 27 }, // U+01C7
    { 0x01C8, 53 }, // U+01C8
    { 0x01C9, 53 }, // U+01C9
    { 0x01CA, 27 }, // U+01CA
    { 0x01CB, 53 }, // U+01CB
    { 0x01CC, 53 }, // U+01CC
    { 0x01CD, 19 }, // U+01CD
    { 0x01CE, 44 }, // U+01CE
    { 0x01CF, 26 }, // U+01CF
    { 0x01D0, 72 }, // U+01D0
    { 0x01D1, 22 }, // U+01D1
    { 0x01D2, 45 }, // U+01D2
    { 0x01D3, 37 }, // U+01D3
    { 0x01D4, 60 }, // U+01D4
    { 0x01D5, 37 }, // U+01D5
    { 0x01D6, 60 }, // U+01D6
    { 0x01D7, 37 }, // U+01D7
    { 0x01D8, 60 }, // U+01D8
    { 0x01D9, 37 }, // U+01D9
    { 0x01DA, 60 }, // U+01DA
    { 0x01DB, 37 }, // U+01DB
    { 0x01DC, 60 }, // U+01DC
    { 0x01DD, 45 }, // U+01DD
    { 0x01DE, 19 }, // U+01DE
    { 0x01DF, 44 }, // U+01DF
    { 0x01E0, 19 }, // U+01E0
    { 0x01E1, 44 }, // U+01E1
    { 0x01E2, 23 }, // U+01E2
    { 0x01E3, 48 }, // U+01E3
    { 0x01E4, 25 }, // U+01E4
    { 0x01E5, 85 }, // U+01E5
    { 0x01E6, 25 }, // U+01E6
    { 0x01E7, 50 }, // U+01E7
    { 0x01E8, 28 }, // U+01E8
    { 0x01E9, 54 }, // U+01E9
    { 0x01EA, 22 }, // U+01EA
    { 0x01EB, 45 }, // U+01EB
    { 0x01EC, 22 }, // U+01EC
    { 0x01ED, 45 }, // U+01ED
    { 0x01EF, 86 }, // U+01EF
    { 0x01F0, 80 }, // U+01F0
    { 0x01F1, 41 }, // U+01F1
    { 0x01F2, 63 }, // U+01F2
    { 0x01F3, 63 }, // U+01F3
    { 0x01F4, 25 }, // U+01F4
    { 0x01F5, 50 }, // U+01F5
    { 0x01F8, 31 }, // U+01F8
    { 0x01F9, 51 }, // U+01F9
    { 0x01FA, 19 }, // U+01FA
    { 0x01FB, 44 }, // U+01FB
    { 0x01FC, 23 }, // U+01FC
    { 0x01FD, 48 }, // U+01FD
    { 0x01FE, 69 }, // U+01FE
    { 0x01FF, 45 }, // U+01FF
    { 0x0200, 19 }, // U+0200
    { 0x0201, 44 }, // U+0201
    { 0x0202, 19 }, // U+0202
    { 0x0203, 44 }, // U+0203
    { 0x0204, 23 }, // U+0204
    { 0x0205, 48 }, // U+0205
    { 0x0206, 23 }, // U+0206
    { 0x0207, 48 }, // U+0207
    { 0x0208, 26 }, // U+0208
    { 0x0209, 72 }, // U+0209
    { 0x020A, 26 }, // U+020A
    { 0x020B, 72 }, // U+020B
    { 0x020C, 22 }, // U+020C
    { 0x020D, 45 }, // U+020D
    { 0x020E, 22 }, // U+020E
    { 0x020F, 45 }, // U+020F
    { 0x0210, 34 }, // U+0210
    { 0x0211, 57 }, // U+0211
    { 0x0212, 34 }, // U+0212
    { 0x0213, 57 }, // U+0213
    { 0x0214, 37 }, // U+0214
    { 0x0215, 60 }, // U+0215
    { 0x0216, 37 }, // U+0216
    { 0x0217, 60 }, // U+0217
    { 0x0218, 35 }, // U+0218
    { 0x0219, 58 }, // U+0219
    { 0x021A, 36 }, // U+021A
    { 0x021B, 59 }, // U+021B
    { 0x021C, 20 }, // U+021C
    { 0x021D, 87 }, // U+021D
    { 0x021E, 26 }, // U+021E
    { 0x021F, 51 }, // U+021F
    { 0x2010, 6 }, // U+2010
    { 0x2011, 6 }, // U+2011
    { 0x2013, 6 }, // U+2013
    { 0x2014, 6 }, // U+2014
    { 0x2015, 6 }, // U+2015
    { 0x2018, 88 }, // U+2018
    { 0x2019, 89 }, // U+2019
    { 0x201A, 90 }, // U+201A
    { 0x201B, 88 }, // U+201B
    { 0x201C, 88 }, // U+201C
    { 0x201D, 89 }, // U+201D
    { 0x201E, 5 }, // U+201E
    { 0x201F, 88 }, // U+201F
    { 0x2025, 5 }, // U+2025
    { 0x2026, 5 }, // U+2026
    { 0x2039, 66 }, // U+2039
    { 0x203A, 67 }, // U+203A
    { 0x2212, 4 }, // U+2212
    { 0x2217, 4 }, // U+2217
    { 0x2248, 4 }, // U+2248
    { 0x2260, 4 }, // U+2260
    { 0xFB00, 49 }, // U+FB00
    { 0xFB01, 52 }, // U+FB01
    { 0xFB02, 55 }, // U+FB02
    { 0xFB03, 52 }, // U+FB03
    { 0xFB04, 55 }, // U+FB04
    { 0xFB05, 59 }, // U+FB05
    { 0xFB06, 59 }, // U+FB06
};

static const EpdKernClassEntry bookerly_6_boldKernRightClasses[] = {
    { 0x0022, 1 }, // "
    { 0x0027, 1 }, // '
    { 0x0029, 2 }, // )
    { 0x002A, 3 }, // *
    { 0x002B, 4 }, // +
    { 0x002C, 5 }, // ,
    { 0x002D, 6 }, // -
    { 0x002E, 7 }, // .
    { 0x002F, 8 }, // /
    { 0x0030, 9 }, // 0
    { 0x0031, 10 }, // 1
    { 0x0032, 11 }, // 2
    { 0x0033, 10 }, // 3
    { 0x0034, 12 }, // 4
    { 0x0035, 13 }, // 5
    { 0x0036, 14 }, // 6
    { 0x0037, 15 }, // 7
    { 0x0038, 16 }, // 8
    { 0x003A, 17 }, // :
    { 0x003B, 18 }, // ;
    { 0x003C, 4 }, // <
    { 0x003D, 4 }, // =
    { 0x003E, 4 }, // >
    { 0x003F, 19 }, // ?
    { 0x0041, 20 }, // A
    { 0x0042, 21 }, // B
    { 0x0043, 22 }, // C
    { 0x0044, 21 }, // D
    { 0x0045, 21 }, // E
    { 0x0046, 21 }, // F
    { 0x0047, 22 }, // G
    { 0x0048, 21 }, // H
    { 0x0049, 21 }, // I
    { 0x004A, 23 }, // J
    { 0x004B, 21 }, // K
    { 0x004C, 21 }, // L
    { 0x004D, 24 }, // M
    { 0x004E, 21 }, // N
    { 0x004F, 22 }, // O
    { 0x0050, 21 }, // P
    { 0x0051, 22 }, // Q
    { 0x0052, 21 }, // R
    { 0x0053, 25 }, // S
    { 0x0054, 26 }, // T
    { 0x0055, 27 }, // U
    { 0x0056, 28 }, // V
    { 0x0057, 28 }, // W
    { 0x0058, 29 }, // X
    { 0x0059, 30 }, // Y
    { 0x005A, 31 }, // Z
    { 0x005C, 32 }, // <backslash>
    { 0x005D, 33 }, // ]
    { 0x0061, 34 }, // a
    { 0x0062, 35 }, // b
    { 0x0063, 36 }, // c
    { 0x0064, 36 }, // d
    { 0x0065, 36 }, // e
    { 0x0066, 37 }, // f
    { 0x0067, 38 }, // g
    { 0x0068, 39 }, // h
    { 0x0069, 40 }, // i
    { 0x006A, 41 }, // j
    { 0x006B, 39 }, // k
    { 0x006C, 39 }, // l
    { 0x006D, 42 }, // m
    { 0x006E, 42 }, // n
    { 0x006F, 36 }, // o
    { 0x0070, 43 }, // p
    { 0x0071, 36 }, // q
    { 0x0072, 42 }, // r
    { 0x0073, 44 }, // s
    { 0x0074, 45 }, // t
    { 0x0075, 46 }, // u
    { 0x0076, 47 }, // v
    { 0x0077, 47 }, // w
    { 0x0078, 48 }, // x
    { 0x0079, 49 }, // y
    { 0x007A, 50 }, // z
    { 0x007D, 51 }, // }
    { 0x007E, 4 }, // ~
    { 0x00AB, 52 }, // U+00AB
    { 0x00AD, 6 }, // U+00AD
    { 0x00B0, 53 }, // U+00B0
    { 0x00BB, 54 }, // U+00BB
    { 0x00BF, 55 }, // U+00BF
    { 0x00C0, 20 }, // U+00C0
    { 0x00C1, 20 }, // U+00C1
    { 0x00C2, 20 }, // U+00C2
    { 0x00C3, 20 }, // U+00C3
    { 0x00C4, 20 }, // U+00C4
    { 0x00C5, 20 }, // U+00C5
    { 0x00C6, 56 }, // U+00C6
    { 0x00C7, 22 }, // U+00C7
    { 0x00C8, 21 }, // U+00C8
    { 0x00C9, 21 }, // U+00C9
    { 0x00CA, 21 }, // U+00CA
    { 0x00CB, 21 }, // U+00CB
    { 0x00CC, 21 }, // U+00CC
    { 0x00CD, 21 }, // U+00CD
    { 0x00CE, 21 }, // U+00CE
    { 0x00CF, 21 }, // U+00CF
    { 0x00D0, 21 }, // U+00D0
    { 0x00D1, 21 }, // U+00D1
    { 0x00D2, 22 }, // U+00D2
    { 0x00D3, 22 }, // U+00D3
    { 0x00D4, 22 }, // U+00D4
    { 0x00D5, 22 }, // U+00D5
    { 0x00D6, 22 }, // U+00D6
    { 0x00D7, 4 }, // U+00D7
    { 0x00D8, 57 }, // U+00D8
    { 0x00D9, 27 }, // U+00D9
    { 0x00DA, 27 }, // U+00DA
    { 0x00DB, 27 }, // U+00DB
    { 0x00DC, 27 }, // U+00DC
    { 0x00DD, 30 }, // U+00DD
    { 0x00DE, 21 }, // U+00DE
    { 0x00DF, 58 }, // U+00DF
    { 0x00E0, 34 }, // U+00E0
    { 0x00E1, 34 }, // U+00E1
    { 0x00E2, 34 }, // U+00E2
    { 0x00E3, 59 }, // U+00E3
    { 0x00E4, 60 }, // U+00E4
    { 0x00E5, 34 }, // U+00E5
    { 0x00E6, 34 }, // U+00E6
    { 0x00E7, 36 }, // U+00E7
    { 0x00E8, 36 }, // U+00E8
    { 0x00E9, 36 }, // U+00E9
    { 0x00EA, 36 }, // U+00EA
    { 0x00EB, 61 }, // U+00EB
    { 0x00EC, 62 }, // U+00EC
    { 0x00ED, 40 }, // U+00ED
    { 0x00EE, 63 }, // U+00EE
    { 0x00EF, 64 }, // U+00EF
    { 0x00F0, 36 }, // U+00F0
    { 0x00F1, 42 }, // U+00F1
    { 0x00F2, 36 }, // U+00F2
    { 0x00F3, 36 }, // U+00F3
    { 0x00F4, 36 }, // U+00F4
    { 0x00F5, 36 }, // U+00F5
    { 0x00F6, 65 }, // U+00F6
    { 0x00F7, 4 }, // U+00F7
    { 0x00F8, 66 }, // U+00F8
    { 0x00F9, 46 }, // U+00F9
    { 0x00FA, 46 }, // U+00FA
    { 0x00FB, 46 }, // U+00FB
    { 0x00FC, 46 }, // U+00FC
    { 0x00FD, 49 }, // U+00FD
    { 0x00FE, 67 }, // U+00FE
    { 0x00FF, 49 }, // U+00FF
    { 0x0100, 20 }, // U+0100
    { 0x0101, 68 }, // U+0101
    { 0x0102, 20 }, // U+0102
    { 0x0103, 69 }, // U+0103
    { 0x0104, 20 }, // U+0104
    { 0x0105, 34 }, // U+0105
    { 0x0106, 22 }, // U+0106
    { 0x0107, 36 }, // U+0107
    { 0x0108, 22 }, // U+0108
    { 0x0109, 70 }, // U+0109
    { 0x010A, 22 }, // U+010A
    { 0x010B, 36 }, // U+010B
    { 0x010C, 22 }, // U+010C
    { 0x010D, 71 }, // U+010D
    { 0x010E, 21 }, // U+010E
    { 0x010F, 36 }, // U+010F
    { 0x0110, 21 }, // U+0110
    { 0x0111, 36 }, // U+0111
    { 0x0112, 21 }, // U+0112
    { 0x0113, 72 }, // U+0113
    { 0x0114, 21 }, // U+0114
    { 0x0115, 70 }, // U+0115
    { 0x0116, 21 }, // U+0116
    { 0x0117, 36 }, // U+0117
    { 0x0118, 21 }, // U+0118
    { 0x0119, 36 }, // U+0119
    { 0x011A, 21 }, // U+011A
    { 0x011B, 70 }, // U+011B
    { 0x011C, 22 }, // U+011C
    { 0x011D, 38 }, // U+011D
    { 0x011E, 22 }, // U+011E
    { 0x011F, 73 }, // U+011F
    { 0x0120, 22 }, // U+0120
    { 0x0121, 38 }, // U+0121
    { 0x0122, 22 }, // U+0122
    { 0x0123, 38 }, // U+0123
    { 0x0124, 21 }, // U+0124
    { 0x0125, 39 }, // U+0125
    { 0x0126, 21 }, // U+0126
    { 0x0127, 74 }, // U+0127
    { 0x0128, 21 }, // U+0128
    { 0x0129, 64 }, // U+0129
    { 0x012A, 21 }, // U+012A
    { 0x012B, 64 }, // U+012B
    { 0x012C, 21 }, // U+012C
    { 0x012D, 64 }, // U+012D
    { 0x012E, 21 }, // U+012E
    { 0x012F, 40 }, // U+012F
    { 0x0130, 21 }, // U+0130
    { 0x0131, 40 }, // U+0131
    { 0x0132, 21 }, // U+0132
    { 0x0133, 40 }, // U+0133
    { 0x0134, 23 }, // U+0134
    { 0x0135, 75 }, // U+0135
    { 0x0136, 21 }, // U+0136
    { 0x0137, 39 }, // U+0137
    { 0x0138, 42 }, // U+0138
    { 0x0139, 21 }, // U+0139
    { 0x013A, 39 }, // U+013A
    { 0x013B, 21 }, // U+013B
    { 0x013C, 39 }, // U+013C
    { 0x013D, 21 }, // U+013D
    { 0x013E, 39 }, // U+013E
    { 0x013F, 21 }, // U+013F
    { 0x0140, 39 }, // U+0140
    { 0x0141, 21 }, // U+0141
    { 0x0142, 76 }, // U+0142
    { 0x0143, 21 }, // U+0143
    { 0x0144, 42 }, // U+0144
    { 0x0145, 21 }, // U+0145
    { 0x0146, 42 }, // U+0146
    { 0x0147, 21 }, // U+0147
    { 0x0148, 42 }, // U+0148
    { 0x0149, 42 }, // U+0149
    { 0x014A, 21 }, // U+014A
    { 0x014B, 42 }, // U+014B
    { 0x014C, 22 }, // U+014C
    { 0x014D, 36 }, // U+014D
    { 0x014E, 22 }, // U+014E
    { 0x014F, 71 }, // U+014F
    { 0x0150, 22 }, // U+0150
    { 0x0151, 36 }, // U+0151
    { 0x0152, 22 }, // U+0152
    { 0x0153, 36 }, // U+0153
    { 0x0154, 21 }, // U+0154
    { 0x0155, 42 }, // U+0155
    { 0x0156, 21 }, // U+0156
    { 0x0157, 42 }, // U+0157
    { 0x0158, 21 }, // U+0158
    { 0x0159, 77 }, // U+0159
    { 0x015A, 25 }, // U+015A
    { 0x015B, 44 }, // U+015B
    { 0x015C, 25 }, // U+015C
    { 0x015D, 78 }, // U+015D
    { 0x015E, 25 }, // U+015E
    { 0x015F, 44 }, // U+015F
    { 0x0160, 25 }, // U+0160
    { 0x0161, 79 }, // U+0161
    { 0x0162, 26 }, // U+0162
    { 0x0163, 45 }, // U+0163
    { 0x0164, 26 }, // U+0164
    { 0x0165, 45 }, // U+0165
    { 0x0166, 26 }, // U+0166
    { 0x0167, 45 }, // U+0167
    { 0x0168, 27 }, // U+0168
    { 0x0169, 46 }, // U+0169
    { 0x016A, 27 }, // U+016A
    { 0x016B, 46 }, // U+016B
    { 0x016C, 27 }, // U+016C
    { 0x016D, 46 }, // U+016D
    { 0x016E, 27 }, // U+016E
    { 0x016F, 46 }, // U+016F
    { 0x0170, 27 }, // U+0170
    { 0x0171, 46 }, // U+0171
    { 0x0172, 27 }, // U+0172
    { 0x0173, 46 }, // U+0173
    { 0x0174, 28 }, // U+0174
    { 0x0175, 47 }, // U+0175
    { 0x0176, 30 }, // U+0176
    { 0x0177, 49 }, // U+0177
    { 0x0178, 30 }, // U+0178
    { 0x0179, 31 }, // U+0179
    { 0x017A, 50 }, // U+017A
    { 0x017B, 31 }, // U+017B
    { 0x017C, 50 }, // U+017C
    { 0x017D, 31 }, // U+017D
    { 0x017E, 80 }, // U+017E
    { 0x017F, 58 }, // U+017F
    { 0x01C4, 21 }, // U+01C4
    { 0x01C5, 21 }, // U+01C5
    { 0x01C6, 36 }, // U+01C6
    { 0x01C7, 21 }, // U+01C7
    { 0x01C8, 21 }, // U+01C8
    { 0x01C9, 39 }, // U+01C9
    { 0x01CA, 21 }, // U+01CA
    { 0x01CB, 21 }, // U+01CB
    { 0x01CC, 42 }, // U+01CC
    { 0x01CD, 20 }, // U+01CD
    { 0x01CE, 34 }, // U+01CE
    { 0x01CF, 21 }, // U+01CF
    { 0x01D0, 64 }, // U+01D0
    { 0x01D1, 22 }, // U+01D1
    { 0x01D2, 36 }, // U+01D2
    { 0x01D3, 27 }, // U+01D3
    { 0x01D4, 46 }, // U+01D4
    { 0x01D5, 27 }, // U+01D5
    { 0x01D6, 46 }, // U+01D6
    { 0x01D7, 27 }, // U+01D7
    { 0x01D8, 46 }, // U+01D8
    { 0x01D9, 27 }, // U+01D9
    { 0x01DA, 46 }, // U+01DA
    { 0x01DB, 27 }, // U+01DB
    { 0x01DC, 46 }, // U+01DC
    { 0x01DD, 81 }, // U+01DD
    { 0x01DE, 20 }, // U+01DE
    { 0x01DF, 34 }, // U+01DF
    { 0x01E0, 20 }, // U+01E0
    { 0x01E1, 34 }, // U+01E1
    { 0x01E2, 56 }, // U+01E2
    { 0x01E3, 34 }, // U+01E3
    { 0x01E4, 22 }, // U+01E4
    { 0x01E5, 82 }, // U+01E5
    { 0x01E6, 22 }, // U+01E6
    { 0x01E7, 38 }, // U+01E7
    { 0x01E8, 21 }, // U+01E8
    { 0x01E9, 39 }, // U+01E9
    { 0x01EA, 22 }, // U+01EA
    { 0x01EB, 36 }, // U+01EB
    { 0x01EC, 22 }, // U+01EC
    { 0x01ED, 36 }, // U+01ED
    { 0x01EE, 83 }, // U+01EE
    { 0x01EF, 84 }, // U+01EF
    { 0x01F0, 75 }, // U+01F0
    { 0x01F1, 21 }, // U+01F1
    { 0x01F2, 21 }, // U+01F2
    { 0x01F3, 36 }, // U+01F3
    { 0x01F4, 22 }, // U+01F4
    { 0x01F5, 38 }, // U+01F5
    { 0x01F8, 21 }, // U+01F8
    { 0x01F9, 42 }, // U+01F9
    { 0x01FA, 20 }, // U+01FA
    { 0x01FB, 34 }, // U+01FB
    { 0x01FC, 56 }, // U+01FC
    { 0x01FD, 34 }, // U+01FD
    { 0x01FE, 57 }, // U+01FE
    { 0x01FF, 36 }, // U+01FF
    { 0x0200, 20 }, // U+0200
    { 0x0201, 34 }, // U+0201
    { 0x0202, 20 }, // U+0202
    { 0x0203, 34 }, // U+0203
    { 0x0204, 21 }, // U+0204
    { 0x0205, 36 }, // U+0205
    { 0x0206, 21 }, // U+0206
    { 0x0207, 36 }, // U+0207
    { 0x0208, 21 }, // U+0208
    { 0x0209, 64 }, // U+0209
    { 0x020A, 21 }, // U+020A
    { 0x020B, 64 }, // U+020B
    { 0x020C, 22 }, // U+020C
    { 0x020D, 36 }, // U+020D
    { 0x020E, 22 }, // U+020E
    { 0x020F, 36 }, // U+020F
    { 0x0210, 21 }, // U+0210
    { 0x0211, 42 }, // U+0211
    { 0x0212, 21 }, // U+0212
    { 0x0213, 42 }, // U+0213
    { 0x0214, 27 }, // U+0214
    { 0x0215, 46 }, // U+0215
    { 0x0216, 27 }, // U+0216
    { 0x0217, 46 }, // U+0217
    { 0x0218, 25 }, // U+0218
    { 0x0219, 44 }, // U+0219
    { 0x021A, 26 }, // U+021A
    { 0x021B, 45 }, // U+021B
    { 0x021C, 85 }, // U+021C
    { 0x021D, 86 }, // U+021D
    { 0x021E, 21 }, // U+021E
    { 0x021F, 39 }, // U+021F
    { 0x2010, 6 }, // U+2010
    { 0x2011, 6 }, // U+2011
    { 0x2013, 6 }, // U+2013
    { 0x2014, 6 }, // U+2014
    { 0x2015, 6 }, // U+2015
    { 0x2018, 87 }, // U+2018
    { 0x2019, 88 }, // U+2019
    { 0x201A, 7 }, // U+201A
    { 0x201B, 87 }, // U+201B
    { 0x201C, 87 }, // U+201C
    { 0x201D, 88 }, // U+201D
    { 0x201E, 7 }, // U+201E
    { 0x201F, 87 }, // U+201F
    { 0x2025, 7 }, // U+2025
    { 0x2026, 7 }, // U+2026
    { 0x2039, 52 }, // U+2039
    { 0x203A, 54 }, // U+203A
    { 0x2047, 19 }, // U+2047
    { 0x2048, 19 }, // U+2048
    { 0x2212, 4 }, // U+2212
    { 0x2217, 4 }, // U+2217
    { 0x2248, 4 }, // U+2248
    { 0x2260, 4 }, // U+2260
    { 0xFB00, 37 }, // U+FB00
    { 0xFB01, 37 }, // U+FB01
    { 0xFB02, 37 }, // U+FB02
    { 0xFB03, 37 }, // U+FB03
    { 0xFB04, 37 }, // U+FB04
    { 0xFB05, 37 }, // U+FB05
    { 0xFB06, 44 }, // U+FB06
};

static const int8_t bookerly_6_boldKernMatrix[] = {
       0,    0,    0,    0,    0,    0,    0,    0,    0,    0,    0,  -12,    0,   -6,    0,    0,    0,    0,    0,  -10,    0,    0,    0,    0,    0,    0,    0,    0,    0,    0,    0,    0,    0,    0,    0,    0,    0,   -8,    0,    0,    0,    0,    0,    0,    8,    0,    0,    0,    0,    0,    0,    0,    0,    0,    0,    0,    0,    0,    0,    0,    0,    0,    0,    0,    0,    0,    0,    0,    0,    0,    0,    0,   -8,    0,    0,    0,    0,    0,    0,    0,    0,   -8,    0,    0,    0,    0,    0,    0,
       0,    0,    0,    0,    0,    0,    0,    0,    0,    0,    0,    0,    0,    0,    0,    0,    0,    0,    0,    0,    0,   -6,   12,    0,    0,    0,    0,    0,    0,    0,    0,    0,    0,   -4,    0,   -4,    0,    0,    0,    0,   10,    0,    0,    0,    0,    0,    6,    0,    6,    0,    0,    0,    0,    0,    0,    0,   -6,    0,   -4,   -4,   -4,    0,    6,    6,   -4,   -4,    0,   -4,   -4,   -4,   -4,   -4,    0,    0,   10,    0,    0,    0,    0,    0,    0,    0,    0,    0,    0,    0,    0,    0,
       0,    0,    0,    0,    0,    0,    0,    0,    0,    0,    0,    0,    0,    0,    0,    0,    0,    0,    0,  -16,    0,    0,    0,    0,    0,    0,    0,    4,    6,    4,    0,    0,    0,    0,    0,   -4,    0,   -6,    0,    0,    0,    0,    0,    0,    0,    0,    0,    0,    0,    0,    0,    0,    0,    0,    0,  -27,    0,    0,    0,    0,   -4,    0,    0,    0,   -4,   -4,    0,    0,    0,   -4,   -4,   -4,   -6,    0,    0,    0,    0,    0,    0,    0,    0,   -6,    0,    0,    0,    0,    0,    0,
       0,    0,    0,    0,    0,    0,    0,    0,    0,   -6,   -4,   -6,    0,    0,   -4,    0,    0,    0,    0,    0,    0,    0,    0,    0,    0,    0,    0,    0,    0,    0,    0,    0,    0,    0,    0,    0,    0,    0,    0,    0,    0,    0,    0,    0,    0,    0,    0,    0,    0,    0,    0,    0,    0,    0,    0,    0,    0,    0,    0,    0,    0,    0,    0,    0,    0,    0,    0,    0,    0,    0,    0,    0,    0,    0,    0,    0,    0,    0,    0,    0,    0,    0,    0,    0,    0,    0,    0,    0,
       0,    0,    0,    0,    0,    0,    0,    0,   -4,    0,    0,   -4,    0,   -4,  -10,    0,    0,    0,    0,    6,    0,   -8,    6,    0,    0,  -16,   -8,  -26,    0,  -18,    0,    0,    0,    0,    0,   -3,    0,    0,    0,    0,    0,   -2,   -3,    0,   -6,   -8,  -18,    0,  -18,    0,    0,    0,    0,    0,    0,    0,   -8,    0,    0,    0,   -3,    0,    0,    0,   -3,   -3,    0,    0,    0,   -3,   -3,   -3,    0,    0,   -4,    0,   -2,    0,    0,    0,    0,    0,    0,    0,    0,    0,  -16,   -8,
       0,    0,    0,    0,    0,    0,    0,    0,    0,    0,    0,    0,    0,    0,    0,    0,    0,    0,    0,   -6,    0,    0,   -4,    0,    0,   -4,    0,  -10,   -4,  -10,    0,    0,    0,    0,    0,    0,    0,    0,    0,    0,    0,    0,    0,    0,    0,    0,   -3,    0,   -3,    0,    0,    0,    0,    0,    0,   -6,    0,    0,    0,    0,    0,    0,    0,    0,    0,    0,    0,    0,    0,    0,    0,    0,    0,    0,    0,    0,    0,    0,    0,    0,    0,    0,    0,    0,   -6,    0,    0,    0,
       0,    0,    0,    0,    0,    0,    0,    0,   -8,    0,    0,  -18,   -5,  -12,    0,   -6,    0,    0,    0,  -20,    0,   -8,    0,    0,   -6,    0,    0,    0,    0,    0,   -4,    0,    0,  -20,    0,  -18,   -8,  -18,    0,    0,    0,  -10,  -10,  -18,    0,   -6,   -4,   -8,   -4,   -8,    0,    0,    0,    0,    0,  -28,   -8,    0,  -20,  -20,  -18,    0,    4,    4,  -18,  -18,    0,  -20,  -20,  -18,  -18,  -18,  -18,    0,    0,    0,  -10,  -18,  -18,   -8,    0,  -18,    0,   -6,    0,  -14,    0,    0,
       0,    0,    0,    0,   -4,    0,   -4,    0,    0,    0,    0,    0,    0,    0,    0,    0,    0,    0,    0,    0,    0,    0,    0,    0,    0,    0,    0,    0,    0,    0,    0,    0,    0,    0,    0,    0,    0,    0,    0,    0,    0,    0,    0,    0,    0,    0,    0,    0,    0,    0,    0,    0,   -6,    0,    0,    0,    0,    0,    0,    0,    0,    0,    0,    0,    0,    0,    0,    0,    0,    0,    0,    0,    0,    0,    0,    0,    0,    0,    0,    0,    0,    0,    0,    0,    0,    0,    0,    0,
       0,    0,    0,   -6,    0,    0,    0,    0,    0,    0,    0,   -6,    0,    0,   -6,    0,    0,    0,    0,    0,    0,    0,    0,    0,    0,    0,    0,    0,    0,    0,    0,    0,    0,    0,    0,    0,    0,    0,    0,    0,    0,    0,    0,    0,    0,    0,    0,    0,    0,    0,    0,    0,  -16,    0,    0,    0,    0,    0,    0,    0,    0,    0,    0,    0,    0,    0,    0,    0,    0,    0,    0,    0,    0,    0,    0,    0,    0,    0,    0,    0,    0,    0,    0,    0,    0,    0,   -6,    0,
       0,    0,    0,    0,    0,    0,    0,    0,    0,    0,    0,    0,    0,    0,    0,    0,    0,    0,    0,    0,    0,    0,    0,    0,    0,    0,    0,    0,    0,    0,    0,    0,    0,    0,    0,    0,    0,    0,    0,    0,    0,    0,    0,    0,    0,    0,    0,    0,    0,    0,    0,    0,   -6,    0,    0,    0,    0,    0,    0,    0,    0,    0,    0,    0,    0,    0,    0,    0,    0,    0,    0,    0,    0,    0,    0,    0,    0,    0,    0,    0,    0,    0,    0,    0,    0,    0,    0,    0,
       0,    0,    0,    0,    0,    0,    0,    0,    0,    0,    0,    0,    0,    0,   -4,    0,    0,    0,    0,    0,    0,    0,    0,    0,    0,    0,    0,    0,    0,    0,    0,   -6,    0,    0,    0,    0,    0,    0,    0,    0,    0,    0,    0,    0,    0,    0,    0,    0,    0,    0,    0,    0,  -16,    0,    0,    0,    0,    0,    0,    0,    0,    0,    0,    0,    0,    0,    0,    0,    0,    0,    0,    0,    0,    0,    0,    0,    0,    0,    0,    0,    0,    0,    0,    0,    0,    0,   -4,    0,
       0,    0,    0,    0,   -6,    0,   -6,    0,    0,    0,    0,    0,    0,    0,    0,    0,    0,    0,    0,    0,    0,    0,    0,    0,    0,    0,    0,    0,    0,    0,    0,    0,    0,    0,    0,    0,    0,    0,    0,    0,    0,    0,    0,    0,    0,    0,    0,    0,    0,    0,    0,    0,   -4,    0,    0,    0,    0,    0,    0,    0,    0,    0,    0,    0,    0,    0,    0,    0,    0,    0,    0,    0,    0,    0,    0,    0,    0,    0,    0,    0,    0,    0,    0,    0,    0,    0,    0,    0,
       0,    0,    0,    0,    0,    0,    0,    0,    0,    0,    0,    0,    0,    0,    0,    0,    0,    0,    0,    0,    0,    0,    0,    0,    0,    0,    0,    0,    0,    0,    0,    0,    0,    0,    0,    0,    0,    0,    0,    0,    0,    0,    0,    0,    0,    0,    0,    0,    0,    0,    0,    0,   -8,    0,    0,    0,    0,    0,    0,    0,    0,    0,    0,    0,    0,    0,    0,    0,    0,    0,    0,    0,    0,    0,    0,    0,    0,    0,    0,    0,    0,    0,    0,    0,    0,    0,    0,    0,
       0,    0,    0,   -6,  -20,    0,  -20,  -18,   -2,    0,    0,  -14,    0,   -4,    0,    0,   -4,   -4,    0,    0,    0,    0,    0,    0,    0,    0,    0,    0,    0,    0,    0,    0,    0,    0,    0,    0,    0,    0,    0,    0,    0,    0,    0,    0,    0,    0,    0,    0,    0,    0,    0,    0,    0,    0,    0,    0,    0,    0,    0,    0,    0,    0,    0,    0,    0,    0,    0,    0,    0,    0,    0,    0,    0,    0,    0,    0,    0,    0,    0,    0,    0,    0,    0,    0,    0,    0,    0,    0,
       0,    0,    0,    0,    0,    0,    0,    0,    0,    0,    0,   -4,    0,    0,   -2,    0,    0,    0,    0,    0,    0,    0,    0,    0,    0,    0,    0,    0,    0,    0,    0,    0,    0,    0,    0,    0,    0,    0,    0,    0,    0,    0,    0,    0,    0,    0,    0,    0,    0,    0,    0,    0,   -6,    0,    0,    0,    0,    0,    0,    0,    0,    0,    0,    0,    0,    0,    0,    0,    0,    0,    0,    0,    0,    0,    0,    0,    0,    0,    0,    0,    0,    0,    0,    0,    0,    0,    0,    0,
       0,    0,    0,    0,  -10,    0,  -10,  -10,    0,    0,   -2,   -4,   -6,    0,   -4,    0,    0,    0,    0,    0,    0,    0,    0,    0,    0,    0,    0,    0,    0,    0,    0,    0,    0,    0,    0,    0,    0,    0,    0,    0,    0,    0,    0,    0,    0,    0,    0,    0,    0,    0,    0,    0,   -4,    0,    0,    0,    0,    0,    0,    0,    0,    0,    0,    0,    0,    0,    0,    0,    0,    0,    0,    0,    0,    0,    0,    0,    0,    0,    0,    0,    0,    0,    0,    0,    0,    0,    0,    0,
       0,    0,    0,    0,    0,    0,    0,    0,    0,    0,    0,    0,    0,    0,    0,    0,    0,    0,    0,    0,    0,    0,    0,    0,    0,    0,    0,   -3,    0,   -3,    0,    0,    0,    0,    0,    0,    0,    0,    0,    0,    0,    0,    0,    0,    0,    0,    0,    0,    0,    0,    0,    0,    0,    0,    0,    0,    0,    0,    0,    0,    0,    0,    0,    0,    0,    0,    0,    0,    0,    0,    0,    0,    0,    0,    0,    0,    0,    0,    0,    0,    0,    0,    0,    0,    0,    0,    0,    0,
       0,    0,    0,    0,    0,    0,    0,    0,    0,    0,    0,    0,    0,    0,    0,    0,    0,    0,    0,    0,    0,    0,    0,    0,    0,    0,    0,    0,    0,   -4,    0,    0,    0,    0,    0,    0,    0,    0,    0,    0,    0,    0,    0,    0,    0,    0,    0,    0,    0,    0,    0,    0,    0,    0,    0,    0,    0,    0,    0,    0,    0,    0,    0,    0,    0,    0,    0,    0,    0,    0,    0,    0,    0,    0,    0,    0,    0,    0,    0,    0,    0,    0,    0,    0,    0,    0,    0,    0,
     -10,    0,  -18,    0,    0,   -6,    0,    4,    0,    0,    0,    0,    0,    0,    0,    0,    0,    0,  -11,    5,    0,   -3,    0,    0,    0,  -21,  -12,  -23,    2,  -21,    2,  -20,    0,    0,   -3,    0,    0,    0,    0,    0,    0,    0,    0,    0,   -3,   -4,  -17,    4,  -17,    0,    0,   -6,    0,    0,    0,    6,    0,    0,    0,    0,    0,    0,    0,    0,    0,    0,    0,    0,    0,    0,    0,    0,    0,    0,    0,    0,    0,    0,    0,    0,    0,    0,    0,    0,    0,    0,  -22,  -16,
       0,    0,    0,    0,   -4,    0,   -4,    0,    0,    0,    0,    0,    0,    0,    0,    0,    0,    0,    0,   -6,    0,    0,    0,    0,    0,   -3,    0,   -5,   -3,   -6,    0,   -8,    0,    0,    0,    3,    0,    0,    0,    0,    2,    0,    0,    0,    0,    0,    0,    0,    0,    0,    0,    0,    0,    0,    0,   -5,    0,    0,    0,    0,    3,    0,    0,    0,    3,    3,    0,    0,    0,    3,    3,    3,    0,    0,    0,    0,    0,    0,    0,    0,    0,    0,    0,    0,   -4,    0,    0,    0,
       0,    0,    0,    0,    0,   -4,    0,    0,    0,    0,    0,    0,    0,    0,    0,    0,    0,    0,    0,    0,    0,   -5,    0,    0,    0,    0,    0,    0,    0,    0,    0,    0,    0,   -3,    0,   -3,    0,   -3,    0,    0,    0,    0,    0,   -3,    0,   -3,   -3,    0,   -3,    0,    0,    0,    0,    0,    0,    0,   -5,    0,   -3,   -3,   -3,    0,    0,    0,   -3,   -3,    0,   -3,   -3,   -3,   -3,   -3,   -3,    0,    0,    0,    0,   -3,   -3,    0,    0,   -3,    0,    0,    0,    0,    0,    0,
       0,   -6,    0,    0,  -10,    0,  -10,   -8,    0,    0,    0,    0,    0,    0,    0,    0,    0,    0,    0,   -6,   -3,    0,   -4,   -2,    0,    0,   -3,   -4,   -7,   -5,   -3,   -6,    0,    0,    0,    0,    0,   -2,    0,    0,    0,    0,    0,    0,    6,    0,    0,    0,    0,    0,    0,    0,    0,    0,    0,  -14,    0,   -4,    0,    0,    0,    0,    0,    0,    0,    0,    0,    0,    0,    0,    0,    0,   -2,    0,    0,    0,    0,    0,    0,    0,    0,   -2,    0,    0,    0,    0,    0,    0,
       0,    0,    0,    0,    0,    0,    0,    0,    0,    0,    0,    0,    0,    0,    0,    0,    0,    0,    0,    0,    0,    0,    0,    0,    0,    0,    0,    0,    0,    0,    0,    0,    0,    0,    0,    0,    0,    0,    0,    0,    0,    0,    0,    0,    0,    0,    0,    0,    0,    0,    0,    0,    0,    0,    0,    0,    0,    0,    0,    0,    0,    0,    0,    0,    0,    0,    0,    0,    0,    0,    0,    0,    0,    0,    0,    0,    0,    0,    0,    0,    0,    0,    0,    0,    0,    0,    0,    4,
       0,    0,    8,    0,  -14,    0,  -14,  -17,    0,    0,    0,    0,    0,    0,    0,    0,    0,    0,    0,  -17,    0,    0,    0,   -4,    0,    0,    0,    0,    0,    0,    0,    0,    0,   -6,    2,   -4,    0,   -8,    2,    0,    0,    0,    0,   -6,    0,    0,    0,    0,    0,   -4,    0,    0,    0,    0,    0,  -23,    0,    0,   -6,   -6,   -4,    0,    8,    8,   -4,   -4,    2,   -6,   -6,   -4,   -4,   -4,   -8,    2,    8,    2,    0,   -6,   -6,   -4,    0,   -8,    0,    0,    0,    0,    4,    4,
       0,    0,    0,    0,    0,    0,    0,    0,    0,    0,    0,    0,    0,    0,    0,    0,    0,    0,    0,    0,    0,    0,    0,    0,    0,   -4,    0,   -4,    0,   -4,    0,    0,    0,    0,    0,    0,    0,   -3,    0,    0,    0,    0,    0,    0,    0,    0,   -2,    0,   -2,    0,    0,    0,    0,    0,    0,   -4,    0,    0,    0,    0,    0,    0,    0,    0,    0,    0,    0,    0,    0,    0,    0,    0,   -3,    0,    0,    0,    0,    0,    0,    0,    0,   -3,    0,    0,    0,    0,    0,    0,
       0,    0,    0,    0,    0,    0,    0,    0,    0,    0,    0,    0,    0,    0,    0,    0,    0,    0,    0,    0,    0,   -3,    0,    0,    0,    0,    0,    0,    0,    0,    0,    0,    0,    0,    0,   -3,    0,    0,    0,    0,    0,    0,    0,    0,    0,   -2,   -2,    0,   -2,    0,    0,   -4,    0,    0,    0,    0,   -3,    0,    0,    0,   -3,    0,    4,    4,   -3,   -3,    0,    0,    0,   -3,   -3,   -3,    0,    0,    0,    0,    0,    0,    0,    0,    0,    0,    0,    0,    0,    0,    0,    0,
       0,    0,    0,    0,   -8,   -4,   -8,   -8,    0,    0,    0,    0,    0,    0,    0,    0,   -6,   -6,    0,   -8,    0,   -3,    0,    0,    0,    0,    0,    0,    0,    0,    0,    0,    0,   -6,    2,   -4,    0,   -4,    2,    0,    3,    0,    0,   -3,    0,   -2,   -3,   -4,   -3,   -3,    0,    0,    0,    0,    0,  -10,   -3,    0,   -6,   -6,   -4,    0,    6,    6,   -4,   -4,    2,   -6,   -6,   -4,   -4,   -4,   -4,    2,    0,    2,    0,   -3,   -3,   -3,    0,   -4,    0,    0,    0,    0,    0,    0,
       0,    0,    0,    0,    0,   -6,    0,    0,    0,    0,    0,    0,    0,    0,    0,    0,    0,    0,    0,    4,    0,   -8,    0,    4,    0,    0,    0,    0,    2,    0,    0,    0,    0,   -3,    2,   -5,    0,    0,    2,    0,    0,    0,   -2,   -2,   -6,   -7,  -12,    2,  -12,    0,    0,    0,    0,    0,    0,    2,   -8,    0,   -3,   -3,   -5,    0,    6,    6,   -5,   -5,    2,   -3,   -3,   -5,   -5,   -5,    0,    2,    6,    2,    0,   -2,   -2,    0,    0,    0,    0,    0,    0,   -4,    0,    0,
       0,    0,   -8,    0,    0,    0,    0,    0,    0,    0,    0,    0,    0,    0,    0,    0,    0,    0,    0,    6,    0,    0,    0,    0,    0,  -11,   -5,  -16,    4,  -16,    0,  -22,    0,    0,    0,    0,    0,    0,    0,    0,    0,    0,    0,    0,    0,    0,  -10,    0,  -10,    0,    0,    0,    0,    0,    0,    0,    0,    0,    0,    0,    0,    0,    0,    0,    0,    0,    0,    0,    0,    0,    0,    0,    0,    0,    0,    0,    0,    0,    0,    0,    0,    0,    0,    0,    0,    0,  -10,   -6,
       0,    0,    0,    0,    0,    0,    0,    0,    0,    0,    0,    0,    0,    0,    0,    0,    0,    0,    0,    0,    0,   -2,    0,    0,    0,   -5,   -3,   -6,    6,   -4,    0,    0,    0,    0,    0,    0,    0,    0,    0,    0,    0,    0,    0,    0,    0,   -2,   -3,    0,   -3,    0,    0,    0,    0,    0,    0,    0,   -2,    0,    0,    0,    0,    0,    4,    4,    0,    0,    0,    0,    0,    0,    0,    0,    0,    0,    4,    0,    0,    0,    0,    0,    0,    0,    0,    0,    0,    0,   -4,    0,
       0,    0,    8,    0,   -7,   -4,   -7,    0,    0,    0,    0,    0,    0,    0,    0,    0,    0,    0,    0,   -6,    0,   -3,    0,    0,    0,    0,    0,    4,    0,    3,    0,    0,    0,   -4,    4,   -3,    0,   -6,    4,    0,    0,    0,    0,   -5,    0,    0,   -3,   -2,   -3,   -2,    0,    0,    0,    0,    0,   -8,   -3,    0,   -4,   -4,   -3,    0,   12,   12,   -3,   -3,    4,   -4,   -4,   -3,   -3,   -3,   -6,    4,   12,    4,    0,   -5,   -5,   -2,    0,   -6,    0,    0,    0,   -6,    0,    0,
       4,    0,   11,    0,  -20,    0,  -20,  -20,    0,    0,    0,    0,    0,    0,    0,    0,    0,    0,    0,  -22,   -2,    0,    0,   -3,    0,    2,    0,    0,   -2,    0,    0,    0,    0,   -3,    0,   -3,    0,   -6,    0,    0,    6,    0,    0,   -4,    4,    4,    5,    0,    5,    0,    0,    0,    0,    0,    0,  -27,    0,    0,   -3,   -3,   -3,    0,    4,    4,   -3,   -3,    0,   -3,   -3,   -3,   -3,   -3,   -6,    0,    4,    0,    0,   -4,   -4,    0,    0,   -6,    0,    0,    0,    0,    4,    6,
       0,    2,    0,    0,   -4,    0,  -10,   -8,    0,    0,    0,    0,    0,    0,    0,    0,    0,    6,    0,   -6,   -3,    0,   14,   -2,    0,    0,   -3,   -4,   -7,   -5,   -3,   -6,   10,    0,    0,    0,    0,    1,    0,    0,   18,    0,    0,    0,    6,    0,    0,    0,    6,    0,   12,    0,    0,    0,    0,  -14,    0,   -4,    0,    0,    0,    0,    0,    0,    0,    0,    0,    0,    0,    0,    0,    0,    1,    0,   18,    0,    0,    0,    0,    0,    0,    8,    0,    4,    0,    0,    0,    0,
       0,    0,   -6,    0,    0,   -6,    0,    0,    0,    0,    0,    0,    0,    0,    0,    0,    0,    0,   -6,    6,    0,   -6,    0,    4,    0,  -12,   -8,  -13,    6,  -15,    0,    0,    0,    0,   -3,    0,    0,    0,    0,    0,    0,    0,    0,    0,   -4,   -4,   -6,    4,   -6,    0,    0,    0,    0,    0,    0,    6,   -6,    0,    0,    0,    0,    0,    0,    0,    0,    0,    0,    0,    0,    0,    0,    0,    0,    0,    0,    0,    0,    0,    0,    0,    0,    0,    0,    0,   -4,    0,  -12,   -8,
       0,    0,    0,    0,   -4,    0,   -4,   -4,    0,    0,    0,    0,    0,    0,    0,    0,    0,    0,    0,   -5,    0,    0,    0,    0,    0,    0,    0,   -3,   -3,   -3,    0,    0,    0,    0,    0,    0,    0,   -8,    0,    0,    0,    0,    0,    0,    0,    0,   -4,   -2,   -4,    0,    0,    0,    0,    0,    0,   -6,    0,    0,    0,    0,    0,    0,    0,    0,    0,    0,    0,    0,    0,    0,    0,    0,   -8,    0,    0,    0,    0,    0,    0,    0,    0,   -8,    0,    0,    0,   -4,    0,    0,
       0,    0,    0,    0,  -20,   -4,  -20,  -25,    0,    0,    0,    0,    0,    0,    0,    0,   -4,   -4,    0,  -24,    0,   -6,    0,   -5,   -3,    0,    0,    0,    0,    0,   -2,    0,    0,  -11,    0,  -12,    0,  -13,    0,    0,    0,    0,    0,  -14,    0,    0,    0,    0,    0,   -4,    0,   -6,    0,   -4,    0,  -20,   -6,    0,  -11,  -11,  -12,    0,    6,    6,  -12,  -12,    0,  -11,  -11,  -12,  -12,  -12,  -13,    0,    0,    0,    0,  -14,  -14,   -4,   -4,  -13,    0,    0,    0,   -4,    4,    4,
       0,    0,    0,    0,   -8,    0,   -8,  -12,    0,    0,    0,    0,    0,    0,    0,    0,    0,    0,    0,  -13,    0,   -3,    0,   -3,   -3,    0,    0,    0,    0,    0,   -3,    0,    0,   -4,    2,   -3,    0,   -8,    2,    0,    0,    0,    0,   -5,    0,    0,   -4,   -5,   -4,   -4,    0,    0,    0,   -4,    0,  -14,   -3,   -6,   -4,   -4,   -3,    0,    7,    7,   -3,   -3,    2,   -4,   -4,   -3,   -3,   -3,   -8,    2,    4,    2,    0,   -5,   -5,   -4,    0,   -8,    0,    0,    0,    0,    0,    0,
       0,    0,    6,    0,  -26,  -10,  -26,  -27,    0,    0,    0,    0,    0,    0,    0,    0,   -4,   -4,    0,  -28,    0,  -10,    0,   -7,   -7,    0,    0,    2,    0,    4,    0,    0,    0,  -15,    6,  -15,   -4,  -17,    6,    0,    0,   -6,   -4,  -14,    0,   -5,   -6,   -5,   -6,   -6,    6,   -8,    0,   -6,    0,  -28,  -10,    0,  -26,  -23,  -15,    0,   12,   12,  -15,  -15,    6,  -23,  -26,  -15,  -15,  -15,  -28,    6,   12,    6,   -6,  -14,  -14,   -6,    0,  -17,    0,    0,    0,  -12,    0,    4,
       0,    0,    6,    0,    0,   -4,    0,    0,    0,    0,    0,    0,    0,    0,    0,    0,    0,    0,    0,    2,    0,   -7,    0,    3,    0,    0,    0,    0,    2,    0,    0,    0,    0,    0,    4,   -2,    0,    0,    4,    0,    0,    0,    0,    0,    0,   -4,   -7,    4,   -7,    0,    0,    0,    0,    0,    0,    6,   -3,    0,    0,    0,   -2,    0,    8,    8,   -2,   -2,    4,    0,    0,   -2,   -2,   -2,    0,    4,   10,    4,    0,    0,    0,    0,    0,    0,    0,    0,    0,    0,    0,    0,
       0,    0,    4,    0,  -18,  -10,  -18,  -21,    0,    0,    0,    0,    0,    0,    0,    0,   -6,   -6,    0,  -22,    0,  -12,    0,   -3,   -9,    0,    0,    2,    0,    4,    0,    0,    0,  -16,    4,  -16,   -3,  -19,    4,    0,    0,  -10,   -8,  -15,   -2,   -7,   -6,  -10,   -6,  -10,    4,  -10,    0,   -8,    0,  -20,  -12,    0,  -16,  -24,  -16,    0,   12,   12,  -16,  -16,    4,  -22,  -22,  -16,  -16,  -16,  -19,    4,    8,    4,  -10,  -15,  -15,  -10,   -8,  -19,    0,   -4,    0,   -8,    0,    4,
       0,    0,    0,    0,    0,    0,    0,    0,    0,    0,    0,    0,    0,    0,    0,    0,    0,    0,    0,    0,    0,    0,    0,    0,    0,    0,    0,    0,    0,    0,    0,    0,    0,    0,    0,    0,    0,    0,    0,    0,    0,    0,    0,    0,    0,    0,   -2,    0,   -2,    0,    0,    0,    0,    0,    0,    0,    0,    0,    0,    0,    0,    0,    4,    4,    0,    0,    0,    0,    0,    0,    0,    0,    0,    0,    6,    0,    0,    0,    0,    0,    0,    0,    0,    0,    0,    0,    0,    0,
       0,    0,    0,    0,    0,    0,    0,    0,    0,    0,    0,    0,    0,    0,    0,    0,    0,    0,    0,    0,    0,    0,    8,    0,    0,    0,    0,    0,    0,    0,    0,    0,    0,    0,    0,    0,    0,    0,    0,    0,    9,    0,    0,    0,    0,    0,    0,    0,   10,    0,    0,    0,    0,    0,    0,    0,    0,    0,    0,    0,    0,    0,    6,    6,    0,    0,    0,    0,    0,    0,    0,    0,    0,    0,    9,    0,    0,    0,    0,    0,    0,    0,    0,    0,    0,    0,    0,    0,
       0,    0,    0,    0,    0,    0,    0,    0,    0,    0,    0,   -6,    0,    0,  -12,    0,    0,    0,    0,    0,    0,   -6,    0,    0,    0,  -16,  -10,  -20,    0,  -16,    0,    0,    0,    0,    0,   -4,    0,    4,    0,    0,    0,    0,    0,    0,   -4,   -6,   -6,    0,   -6,    0,    0,    0,    0,    0,    0,    0,   -6,    0,    0,    0,   -4,    0,    0,    0,   -4,   -4,    0,    0,    0,   -4,   -4,   -4,    4,    0,    0,    0,    0,    0,    0,    0,    0,    4,    0,    0,    0,    0,    0,    0,
       0,    0,   -8,    0,    0,    0,    0,    0,    0,    0,    0,    0,    0,    0,    0,    0,    0,    0,   -5,    0,    0,    0,    0,    0,    0,    0,    0,    0,    0,    0,    0,  -20,    0,    0,   -2,    0,    0,    0,    0,    0,    0,    0,    0,    0,    0,   -3,   -8,    0,   -8,    0,    0,    0,    0,    0,    0,    0,    0,    0,    0,    0,    0,    0,    0,    0,    0,    0,   -3,    0,    0,    0,    0,    0,    0,    0,    0,    0,    0,    0,    0,    0,    0,    0,    0,    0,    0,    0,   -8,   -6,
       0,   -6,   -4,    0,   -6,    0,   -6,   -8,    0,    0,    0,    0,    0,    0,    0,    0,    0,    0,   -3,    0,    0,    0,    0,    0,    0,    0,    0,    0,    0,    0,    0,  -12,    0,    0,   -2,    0,    0,    0,   -2,    0,    0,    0,    0,    0,    2,    0,   -4,   -5,   -4,    0,    0,    0,    0,    0,    0,    0,    0,    0,    0,    0,    0,    0,    0,    0,    0,    0,   -2,    0,    0,    0,    0,    0,    0,   -2,    0,    5,    0,    0,    0,    0,    0,    0,    0,    0,    0,    0,   -8,   -4,
       0,    0,    0,    0,    0,    0,    0,    0,    0,    0,    0,    0,    0,    0,    0,    0,    0,    0,    0,    0,    0,    0,    0,    0,    0,    0,    0,    0,    0,    0,    0,  -12,    0,   -2,    0,    0,    0,   -3,    0,    0,    0,    0,    0,    0,    0,    0,   -2,   -2,   -2,    0,    0,    0,    0,    0,    0,    0,    0,    0,   -2,   -2,    0,    0,    0,    0,    0,    0,    0,   -2,   -2,    0,    0,    0,   -3,    0,    0,    0,    0,    0,    0,    0,    0,   -3,    0,    0,    0,    0,    0,    4,
       0,    0,    0,    0,    0,    0,    0,    0,    0,    0,    0,    0,    0,    0,    0,    0,    0,    0,    0,    0,    0,    0,    0,    0,    0,    0,    0,    0,    0,    0,    0,    0,    0,    0,    0,    0,    0,    0,    0,    0,    0,    0,    0,    0,    0,    0,   -4,    2,   -4,    0,    0,    0,    0,    0,    0,    0,    0,    0,    0,    0,    0,    0,    0,    0,    0,    0,    0,    0,    0,    0,    0,    0,    0,    0,    0,    0,    0,    0,    0,    0,    0,    0,    0,    0,    0,    0,   -4,    0,
       0,    0,    0,    0,    0,    0,    0,    0,    0,    0,    0,    0,    0,    0,    0,    0,    0,    0,   -4,    0,    0,    0,    0,    0,    0,    0,    0,    0,    0,    0,    0,   -8,    0,   -2,    0,    0,    0,    0,    0,    0,    0,    0,    0,    0,    0,    0,   -4,    0,   -4,    0,    0,    0,    0,    0,    0,    0,    0,    0,   -2,   -2,    0,    0,    0,    0,    0,    0,    0,   -2,   -2,    0,    0,    0,    0,    0,    0,    6,    0,    0,    0,    0,    0,    0,    0,    0,    0,    0,   -4,    0,
      20,   20,   20,    0,   -6,    0,   -6,   -6,    0,    0,    0,    0,    0,    0,    0,    0,    0,    0,   12,    0,    0,    0,    0,    0,    0,    0,    0,    0,    0,    0,    0,   20,   17,   -3,    0,   -3,    0,   -4,    0,    4,   10,    0,    0,   -3,    0,    0,    2,    0,    2,    0,   20,    0,    0,    0,    0,    0,    0,    0,    4,    7,    5,   22,   43,   25,   -2,   -3,    0,    3,    1,   -1,   -4,    0,   -1,   21,   20,    0,    6,    1,    2,    9,    0,   -4,    0,    0,    0,    0,   16,   18,
       6,    0,    4,    0,    0,    0,    0,    0,    0,    0,    0,    0,    0,    0,    0,    0,    0,    0,    0,    0,    0,    0,    0,    0,    0,    0,    0,    0,    0,    0,    0,   -6,    0,   -4,    0,   -5,    0,   -2,    0,    0,    4,    0,    3,    0,    5,    0,    2,    0,    2,    0,    0,    0,    0,    0,    0,    0,    0,    0,   -4,   -4,   -5,    0,    0,    0,   -5,   -5,    0,   -4,   -4,   -5,   -5,   -5,   -2,    0,    4,    0,    0,    0,    0,    0,    0,    8,    0,    0,    0,    0,    8,    8,
       0,    0,   -8,    0,    0,    0,    0,    0,    0,    0,    0,    0,    0,    0,    0,    0,    0,    0,   -3,    0,    0,    0,    0,    0,    0,    0,    0,    0,    0,    0,    0,  -18,    0,    0,    0,    0,    0,    0,    0,    0,    0,    0,    0,    0,   -2,   -2,  -11,    0,  -11,    0,    0,    0,    0,    0,    0,    0,    0,    0,    0,    0,    0,    0,    0,    0,    0,    0,    0,    0,    0,    0,    0,    0,    0,    0,    0,    0,    0,    0,    0,    0,    0,    0,    0,   -4,    0,    0,  -10,   -6,
       0,    0,    0,    0,    0,    0,    0,    0,    0,    0,    0,    0,    0,    0,    0,    0,    0,    0,    0,    0,    0,    0,    0,    0,    0,    0,    0,    0,    0,    0,    0,    0,    0,    0,    0,    0,    0,    3,    0,    0,    0,    0,    0,    0,    0,    0,   -4,    0,   -4,    0,    0,    0,    0,    0,    0,    0,    0,    0,    0,    0,    0,    0,    0,    0,    0,    0,    0,    0,    0,    0,    0,    0,    3,    0,    0,    0,    0,    0,    0,    0,    0,    3,    0,    0,    0,    0,   -4,    0,
       0,    0,    0,    0,    0,    0,    0,    0,    0,    0,    0,    0,    0,    0,    0,    0,    0,    0,    0,    0,    0,    0,    0,    0,    0,    0,    0,    0,    0,    0,    0,    0,    0,    0,    0,    0,    0,   -4,    0,    0,    0,    0,    0,    0,    0,    0,   -4,   -2,   -4,    0,    0,    0,    0,    0,    0,    0,    0,    0,    0,    0,    0,    0,    0,    0,    0,    0,    0,    0,    0,    0,    0,    0,   -4,    0,    0,    0,    0,    0,    0,    0,    0,   -4,    0,    0,    0,    0,    0,    0,
       0,    0,    0,    0,    0,    0,    0,    0,    0,    0,    0,    0,    0,    0,    0,    0,    0,    0,   -3,    0,    0,    0,    0,    0,    0,    0,    0,    0,    0,    0,    0,   -4,    0,   -4,   -4,   -5,    0,   -4,    0,    0,    0,    0,    0,   -3,    0,    0,   -6,    2,   -6,    0,    0,    0,    0,    0,    0,    0,    0,    0,   -4,   -4,   -5,    0,    0,    0,   -5,   -3,    0,   -4,   -4,   -5,   -5,   -5,   -4,    0,    0,    0,    0,   -3,   -3,    0,    0,   -4,    0,    0,    0,    0,    0,    0,
       0,    0,    0,    0,    0,    0,    0,    0,    0,    0,    0,    0,    0,    0,    0,    0,    0,    0,   -6,    0,    0,    0,    0,    0,    0,    0,    0,    0,    0,    0,    0,    0,    0,    0,    0,    0,    0,    0,    0,    0,    0,    0,    0,    0,    0,    0,   -4,    0,   -4,    0,    0,    0,    0,    0,    0,    0,    0,    0,    0,    0,    0,    0,    0,    0,    0,    0,    0,    0,    0,    0,    0,    0,    0,    0,    0,    0,    0,    0,    0,    0,    0,    0,    0,    0,    0,    0,   -6,   -4,
       0,    0,    0,    0,    0,    0,    0,    0,    0,    0,    0,    0,    0,    0,    0,    0,    0,    0,   -3,    0,    0,    0,    0,    0,    0,    0,    0,    0,    0,    0,    0,  -10,    0,    0,    0,    0,    0,    0,    0,    0,   14,    0,    3,    0,    0,    0,   -3,    0,    6,    0,    0,    0,    0,    0,    0,    0,    0,    0,    0,    0,    0,    0,    0,    0,    0,    0,    0,    0,    0,    0,    0,    0,    0,    0,   14,    0,    0,    0,    0,    0,    0,    0,    0,    0,    0,    0,   -6,    0,
       0,    0,    4,    0,  -14,   -4,  -14,  -12,    0,    0,    0,    0,    0,    0,    0,    0,    0,    0,   -4,    0,    0,    0,    0,    0,    0,    0,    0,    0,    0,    0,    0,    0,    0,   -7,   -4,   -4,    0,   -6,   -4,    0,    0,    0,    0,   -5,    3,    0,    0,    0,    0,    0,    0,    0,    0,    0,    0,    0,    0,    0,   -7,   -7,   -4,    0,    0,    0,   -4,   -4,   -4,   -7,   -7,   -4,   -4,   -4,   -6,   -4,    0,   -4,    0,   -5,   -5,    0,    0,   -6,    0,    0,    0,    0,    6,    6,
       0,    0,    0,    0,   -3,    0,   -3,   -4,    0,    0,    0,    0,    0,    0,    0,    0,    0,    0,   -3,    0,    0,    0,    0,    0,    0,    0,    0,    0,    0,    0,    0,   -6,    0,   -3,    0,    0,    0,   -3,    0,    0,    0,    0,    0,    0,    0,    0,   -3,   -3,   -3,    0,    0,    0,    0,    0,    0,    0,    0,    0,   -3,   -3,    0,    0,    0,    0,    0,    0,    0,   -3,   -3,    0,    0,    0,   -3,    0,    0,    0,    0,    0,    0,    0,    0,   -3,    0,    0,    0,    0,   -4,    0,
       0,    0,    0,    0,    0,    0,    0,    0,    0,    0,    0,    0,    0,    0,    0,    0,    0,    0,    0,    0,    0,    0,    0,    0,    0,    0,    0,    0,    0,    0,    0,   -6,    0,    0,    0,    0,    0,    0,    0,    0,    4,    0,    0,    0,    0,    0,   -2,    0,   -2,    0,    0,    0,    0,    0,    0,    0,    0,    0,    0,    0,    0,    0,    0,    0,    0,    0,    0,    0,    0,    0,    0,    0,    0,    0,    0,    0,    0,    0,    0,    0,    0,    0,    0,    0,    0,    0,    3,    4,
       0,    0,    0,    0,    0,    0,    0,    0,    0,    0,    0,    0,    0,    0,    0,    0,    0,    0,   -3,    0,    0,    0,    0,    0,    0,    0,    0,    0,    0,    0,    0,   -8,    0,    0,    0,    0,    0,    2,    0,    0,    0,    0,    0,    0,    0,    0,   -7,    4,   -7,    0,    0,    0,    0,    0,    0,    0,    0,    0,    0,    0,    0,    0,    0,    0,    0,    0,    0,    0,    0,    0,    0,    0,    2,    0,    0,    0,    0,    0,    0,    0,    0,    2,    0,    0,    0,    0,   -4,   -3,
       0,    0,    6,    0,  -18,   -3,  -18,  -11,    0,    0,    0,    0,    0,    0,    0,    0,    0,    0,    0,    0,    0,    0,    0,    0,    0,    0,    0,    0,    0,    0,    0,    0,    0,   -6,   -5,   -6,    3,   -9,   -5,    2,    4,    2,    4,   -7,    4,    2,    0,    0,    0,    0,    0,    0,    0,    0,    0,    0,    0,    0,   -6,   -6,   -6,    2,    0,    0,   -6,   -6,   -5,   -6,   -6,   -6,   -6,   -6,   -9,   -5,    8,   -5,    2,   -7,   -7,    0,    0,   -9,    0,    0,    0,    0,    8,    8,
       0,    0,    4,    0,    0,    0,    0,    0,    0,    0,    0,    0,    0,    0,    0,    0,    0,    0,    0,    0,    0,    0,    0,    0,    0,    0,    0,    0,    0,    0,    0,    0,    0,    0,    0,   -5,    0,   -2,    0,    0,    0,    0,    3,   -2,    4,    0,    0,    2,    0,    0,    0,    0,    0,    0,    0,    0,    0,    0,    0,    0,   -5,    0,    0,    0,   -5,   -5,    0,    0,    0,   -5,   -5,   -5,   -2,    0,    0,    0,    0,   -2,   -2,    0,    0,   -2,    0,    0,    0,    0,    6,    8,
       0,    0,    0,    0,    0,    0,    0,    0,    0,    0,    0,    0,    0,    0,    0,    0,    0,    0,    0,    0,    0,    0,    0,    0,    0,    0,    0,    0,    0,    0,    0,   -6,    0,    0,    0,    0,    0,   -2,    0,    0,    0,    0,    0,    0,    0,    0,    0,    0,    0,    0,    0,    0,    0,    0,    0,    0,    0,    0,    0,    0,    0,    0,    0,    0,    0,    0,    0,    0,    0,    0,    0,    0,   -2,    0,    0,    0,    0,    0,    0,    0,    0,   -2,    0,    0,    0,    0,    0,    0,
       0,    0,    0,    0,    0,    0,    0,    0,    0,    0,    0,    0,    0,    0,    0,    0,    0,    0,    0,    0,    0,    0,   14,    0,    0,    0,    0,    6,    0,    4,    0,    0,    0,    0,    0,    0,    0,    0,    0,    0,   11,    0,    0,    0,    0,    0,    4,    0,    4,    0,    0,    0,    0,    0,    0,    0,    0,    0,    0,    0,    0,    0,    6,    6,    0,    0,    0,    0,    0,    0,    0,    0,    0,    0,   11,    0,    0,    0,    0,    0,    0,    4,    0,    0,    0,    0,    0,    0,
       0,    0,    0,    0,    0,    0,    0,    0,    0,    0,    0,    0,    0,    0,    0,    0,    0,    0,    0,    0,    0,    0,    8,    0,    0,    0,    0,   -6,    0,   -4,    0,    0,    0,    0,    0,    0,    0,    0,    0,    0,    8,    0,    0,    0,    0,    0,    0,    0,    0,    0,    0,    0,    0,    0,    0,    0,    0,    0,    0,    0,    0,    0,    0,    0,    0,    0,    0,    0,    0,    0,    0,    0,    0,    0,    0,    0,    0,    0,    0,    0,    0,    0,    0,    0,    0,    0,    0,    0,
       0,    0,    0,    0,    0,    0,    0,    0,    0,    0,    0,    0,    0,    0,    0,    0,    0,    0,    0,    0,    0,    0,    0,    0,    0,   -4,   -4,   -6,    0,   -8,    0,    0,    0,    0,    0,    0,    0,    0,    0,    0,    0,    0,    0,    0,    0,    0,    0,    0,    0,    0,    0,    0,    0,    0,    0,    0,    0,    0,    0,    0,    0,    0,    0,    0,    0,    0,   -6,    0,    0,    0,    0,    0,    0,    0,    0,    0,    0,    0,    0,    0,    0,    0,    0,    0,    0,    0,    0,    0,
       0,    0,    0,    0,   -4,    0,   -4,    0,    0,    0,    0,    0,    0,    0,    0,    0,    0,    0,    0,   -6,   -4,    0,    0,    0,    0,   -6,    0,   -8,    0,  -10,    0,    0,    0,    0,    0,    0,    0,    0,    0,    0,    0,    0,    0,    0,    0,    0,    0,    0,    0,    0,    0,    0,    0,    0,    0,  -10,    0,    0,    0,    0,    0,    0,    0,    0,    0,    0,    0,    0,    0,    0,    0,    0,    0,    0,    0,    0,    0,    0,    0,    0,    0,    0,    0,    0,    0,    0,    0,    0,
       0,    0,    0,    0,    0,    0,    0,    0,    0,    0,    0,    0,    0,    0,    0,    0,    0,    0,    0,    0,   -4,   -5,    6,    0,    0,   -8,   -6,  -14,    0,  -12,    0,    0,    0,   -6,   -6,   -6,   -4,    0,   -6,    0,    6,   -4,    0,   -8,   -4,   -4,   -6,   -6,   -8,   -6,    0,    0,    0,    0,    0,    0,   -5,   -6,   -6,   -6,   -6,    0,    0,    0,   -6,   -6,   -6,   -6,   -6,   -6,   -6,   -6,    0,   -6,    0,   -6,   -4,   -8,   -8,   -6,    0,    0,    0,    0,    0,    0,    0,    0,
       0,   -6,    0,    0,  -10,    0,  -10,   -8,    0,    0,    0,    0,    0,    0,    0,    0,    0,    0,    0,   -6,   -3,    0,   -4,   -2,    0,    0,   -3,   -4,   -5,   -5,   -3,   -6,    0,    0,    0,    0,    0,   -2,    0,    0,    0,    0,    0,    0,    6,    0,    0,    0,    0,    0,    0,    0,    0,    0,    0,  -14,    0,   -4,    0,    0,    0,    0,    0,    0,    0,    0,    0,    0,    0,    0,    0,    0,   -2,    0,    0,    0,    0,    0,    0,    0,    0,   -2,    0,    0,    0,    0,    0,    0,
       0,   -6,    0,    0,  -16,    0,  -16,  -22,    0,    0,    0,    0,    0,    0,    0,    0,    0,    0,   -4,  -16,   -9,    0,   -8,  -10,   -5,   -6,   -7,  -14,  -14,  -15,    0,  -12,   -6,   -3,   -4,    0,    0,   -6,   -4,    0,    0,    0,    0,   -3,    0,    0,    0,   -3,    0,    0,    0,    0,    0,    0,    0,  -22,    0,    0,   -3,   -3,    0,    0,    0,    0,    0,    0,   -4,   -3,   -3,    0,    0,    0,   -6,   -4,    0,   -4,    0,   -3,   -3,    0,    0,   -6,   -8,    0,    0,    0,    0,    0,
       0,    0,   -4,    0,    0,    0,    0,   -4,    0,    0,    0,    0,    0,    0,    0,    0,    0,    0,   -4,    0,    0,    0,    0,    0,    0,    0,    0,    0,    0,    0,    0,   -6,    0,    0,    0,    0,    0,    0,    0,    0,    0,   -4,   -4,    0,    0,   -4,   -8,    0,   -8,    0,    0,    0,    0,    0,    0,    0,    0,    0,    0,    0,    0,    0,    0,    0,    0,    0,    0,    0,    0,    0,    0,    0,    0,    0,    0,    0,   -4,    0,    0,    0,    0,    0,    0,    0,    0,    0,   -8,   -6,
       0,    6,    6,    0,    0,    0,    0,    0,    0,    0,    0,    0,    0,    0,    0,    0,    0,    0,    0,    0,    0,    0,    0,    0,    0,    0,    0,    0,    0,    0,    0,    4,    6,    0,   11,    0,    0,    0,   11,    0,    0,    0,    0,    0,    0,    0,    0,    0,    0,    0,    6,    0,    0,    0,    0,    0,    0,    0,    0,    0,    0,    0,   10,   10,    0,    0,   11,    0,    0,    0,    0,    0,    0,   11,    0,   11,    0,    0,    0,    0,    0,    0,    0,    0,    0,    0,    4,    6,
     -10,    0,  -18,    0,    0,   -6,    0,    4,    0,    0,    0,    0,    0,    0,    0,    0,    0,    0,  -11,    5,    0,   -3,    4,    0,    0,  -21,  -12,  -23,    2,  -21,    2,  -20,    0,    0,   -3,    0,    0,    0,    0,    0,    8,    0,    0,    0,   -3,   -4,  -17,    4,  -17,    0,    0,   -6,    0,    0,    0,    6,    0,    0,    0,    0,    0,    0,    0,    0,    0,    0,    0,    0,    0,    0,    0,    0,    0,    0,    8,    0,    0,    0,    0,    0,    0,    0,    0,    0,    0,    0,  -22,  -16,
       0,    0,   -8,    0,    0,    0,    0,    0,    0,    0,    0,    0,    0,    0,    0,    0,    0,    0,   -5,    0,    0,    0,    0,    0,    0,    0,    0,    0,    0,    0,    0,  -20,    0,    0,   -2,    0,    0,    0,    0,    0,   18,    0,    0,    0,    0,   -3,   -8,    0,   -8,    0,    0,    0,    0,    0,    0,    0,    0,    0,    0,    0,    0,    0,    0,    0,    0,    0,   -3,    0,    0,    0,    0,    0,    0,    0,   18,    0,    0,    0,    0,    0,    0,    0,    0,    0,    0,    0,   -8,   -6,
       0,   18,   14,    0,    0,    0,    0,    0,    0,    0,    0,    0,    0,    0,    0,    0,    0,    0,   10,    0,    0,    0,    0,    0,    0,    0,    0,    0,    0,    0,    0,   12,   12,    0,   22,    0,    8,    0,   22,   10,   10,    2,    0,    0,    4,    2,    6,    4,    6,    0,   16,    0,    0,    0,    0,    0,    0,    0,    0,    8,    0,   10,    0,    0,    0,    0,   22,    0,    0,    0,    0,    0,    0,   22,   18,   22,    8,    0,    6,    7,    0,    0,    0,    0,    0,    0,   12,   16,
       0,    0,    0,    0,    0,    0,    0,    0,    0,    0,    0,    0,    0,    0,    0,    0,    0,    0,    0,    0,    0,    0,    0,    0,    0,    0,    0,    0,    0,    0,    0,    0,    0,    0,    0,    0,    0,    0,    0,    0,    0,    0,    0,    0,    0,    0,   -4,    2,   -4,    0,    0,    0,    0,    0,    0,    0,    0,    0,    0,    0,    0,    0,    0,    0,    0,    0,    0,    0,    0,    0,    0,    0,    0,    0,    0,    0,    0,    0,    0,    0,    0,    0,    0,    0,    0,    0,   -2,    0,
       0,    0,    0,    0,    0,    0,    0,    0,    0,    0,    0,    0,    0,    0,    0,    0,    0,    0,    0,    0,    0,    0,    0,    0,    0,    0,    0,    0,    0,    0,    0,    0,    0,    0,    0,    0,    0,    0,    0,    0,    4,    0,    0,    0,    0,    0,    0,    0,    0,    0,    0,    0,    0,    0,    0,    0,    0,    0,    0,    0,    0,    0,    0,    0,    0,    0,    0,    0,    0,    0,    0,    0,    0,    0,    0,    0,    0,    0,    0,    0,    0,    0,    0,    0,    0,    0,    0,    4,
       0,    0,    0,    0,    0,    0,    0,    0,    0,    0,    0,    0,    0,    0,    0,    0,    0,    0,   -4,    0,    0,    0,    0,    0,    0,    0,    0,    0,    0,    0,    0,   -8,    0,   -2,    0,    0,    0,    0,    0,    0,    8,    0,    0,    0,    0,    0,   -4,    0,   -4,    0,    0,    0,    0,    0,    0,    0,    0,    0,   -2,   -2,    0,    0,    0,    0,    0,    0,    0,   -2,   -2,    0,    0,    0,    0,    0,    8,    6,    0,    0,    0,    0,    0,    0,    0,    0,    0,    0,   -4,    0,
       0,    0,    0,    0,    0,    0,    0,    0,    0,    0,    0,    0,    0,    0,    0,    0,    0,    0,    0,    0,    0,    0,    0,    0,    0,    0,    0,    0,    0,    0,    0,    0,    0,    0,    0,    0,    0,    3,    0,    0,   19,    0,    0,    0,    0,    0,   -4,    0,   -4,    0,    0,    0,    0,    0,    0,    0,    0,    0,    0,    0,    0,    0,    0,    0,    0,    0,    0,    0,    0,    0,    0,    0,    3,    0,   19,    0,    0,    0,    0,    0,    0,    3,    0,    0,    0,    0,   -4,    0,
       0,    0,    0,    0,    0,    0,    0,    0,    0,    0,    0,    0,    0,    0,    0,    0,    0,    0,    0,    0,    0,    0,    0,    0,    0,    0,    0,    0,    0,    0,    0,    0,    0,    0,   10,    0,    0,   -4,   10,    0,    0,    0,    0,    0,    0,    0,    0,    0,    0,    0,    0,    0,    0,    0,    0,    0,    0,    0,    0,    0,    0,    0,    0,    0,    0,    0,   10,    0,    0,    0,    0,    0,   -4,   10,    0,   10,    0,    0,    0,    0,    0,   -4,    0,    0,    0,    0,    0,    0,
       0,    0,    0,    0,    0,    0,    0,    0,    0,    0,    0,    0,    0,    0,    0,    0,    0,    0,   -6,    0,    0,    0,    0,    0,    0,    0,    0,    0,    0,    0,    0,    0,    0,    0,    0,    0,    4,    0,    0,    6,    6,    6,    8,    0,    8,    4,    4,    4,    4,    0,    0,    0,    0,    0,    0,    0,    0,    0,    0,    0,    0,    6,    0,    0,    0,    0,    0,    0,    0,    0,    0,    0,    0,    0,    0,    0,    6,    0,    0,    0,    0,    0,    0,    0,    0,    0,   -6,   -4,
       0,    0,    0,    0,    0,    0,    0,    0,    0,    0,    0,    0,    0,    0,    0,    0,    0,    0,    0,    0,    0,    0,    0,    0,    0,    0,    0,    0,    0,    0,    0,   -6,    0,    0,    0,    0,    0,    0,    0,    0,   12,    0,    0,    0,    0,    0,   -2,    0,   -2,    0,    0,    0,    0,    0,    0,    0,    0,    0,    0,    0,    0,    0,    0,    0,    0,    0,    0,    0,    0,    0,    0,    0,    0,    0,    0,    0,    0,    0,    0,    0,    0,    0,    0,    0,    0,    0,    3,    4,
       0,    0,    0,    0,    0,    0,    0,    0,    0,    0,    0,    0,    0,    0,    0,    0,    0,    0,    0,    0,    0,    0,    0,    0,    0,    0,    0,    0,    0,    0,    0,    0,    0,    0,    0,    0,    0,    0,    0,    0,    0,    0,    0,    0,    0,    0,    0,    0,    0,    0,    0,    0,    0,    0,    0,    0,    0,    0,    0,    0,    0,    0,    0,    0,    0,    0,    0,    0,    0,    0,    0,    0,    0,    0,    0,    0,    0,    0,    0,    0,    0,    0,    0,    0,    0,    0,    4,    0,
       0,    0,    0,    0,    0,    0,    0,    0,    0,    0,    0,    0,    0,    0,    0,    0,    0,    0,   -3,    0,    0,    0,    0,    0,    0,    0,    0,    0,    0,    0,    0,   -8,    0,    0,    0,    0,    0,    2,    0,    0,   16,    0,    0,    0,    0,    0,   -7,    4,   -7,    0,    0,    0,    0,    0,    0,    0,    0,    0,    0,    0,    0,    0,    0,    0,    0,    0,    0,    0,    0,    0,    0,    0,    2,    0,   16,    0,    0,    0,    0,    0,    0,    2,    0,    0,    0,    0,   -4,   -3,
       6,    0,    4,    0,    0,    0,    0,    0,    0,    0,    0,    0,    0,    0,    0,    0,    0,    0,    0,    0,    0,    0,    0,    0,    0,    0,    0,    0,    0,    0,    0,   -6,    0,   -4,    0,   -5,    0,   10,    0,    0,    4,    0,    3,    0,    5,    0,    2,    0,    2,    0,    0,    0,    0,    0,    0,    0,    0,    0,   -4,   -4,   -5,    0,    0,    0,   -5,   -5,    0,   -4,   -4,   -5,   -5,   -5,   10,    0,    4,    0,    0,    0,    0,    0,    0,    8,    0,    0,    0,    0,    8,    8,
       0,    0,    0,    0,    0,    0,    0,    0,    0,    0,    0,    0,    0,    0,    0,    0,    0,    0,    0,    0,    0,    0,    0,    0,    0,    0,    0,    0,    0,    0,    0,    0,    0,    0,    0,   -3,    0,    0,    0,    0,    0,    0,    0,    0,    0,    0,    0,    0,    0,    0,    0,    0,    0,    0,    0,    0,    0,    0,    0,    0,   -3,    0,    0,    0,   -3,   -3,    0,    0,    0,   -3,   -3,   -3,    0,    0,    0,    0,    0,    0,    0,    0,    0,    0,    0,    0,    0,    0,    0,    0,
       0,    0,    0,    0,    0,    0,    0,    0,    0,    0,    0,    0,    0,    0,    0,    0,    0,    0,    0,    0,    0,    0,    0,    0,    0,    0,    0,    0,    0,    0,    0,  -10,    0,    0,    0,    4,    0,    0,    0,    0,    0,    0,    0,    0,    0,    0,    0,    0,    0,    0,    0,    0,    0,    0,    0,    0,    0,    0,    0,    0,    4,    0,    0,    0,    4,    4,    0,    0,    0,    4,    4,    4,    0,    0,    0,    0,    0,    0,    0,    0,    0,    0,    0,    0,    0,    0,    0,    0,
       0,    0,    0,    0,  -16,    0,  -16,    0,    0,    0,    0,  -10,    0,    0,    0,    0,    0,    0,    0,  -16,    0,    0,    0,    0,    0,    8,    0,    4,    0,    4,    0,    0,    0,    0,    4,   -6,    0,  -10,    4,    0,    2,    0,    0,   -6,    0,    0,    8,    8,    8,    0,    0,    0,    0,    0,  -22,  -24,    0,    0,    0,    0,   -6,    0,    6,    6,   -6,   -6,    4,    0,    0,   -6,   -6,   -6,  -10,    4,    6,    4,    0,   -6,   -6,    0,    0,  -10,    0,    0,    0,    0,    0,    0,
       0,    0,    0,    0,  -16,    0,  -16,    0,    0,    0,    0,  -16,   -6,  -10,    0,    0,    0,    0,    0,  -24,    0,   -8,    0,    0,   -4,    0,    0,    4,    0,    4,    0,    0,    0,   -8,    4,  -14,    0,  -17,    4,    0,    0,    0,    0,  -14,    2,    0,    0,    0,    0,   -4,    0,    0,    0,    0,    0,  -33,   -8,    0,   -8,   -8,  -14,    0,    6,    6,  -14,  -14,    4,   -8,   -8,  -14,  -14,  -14,  -17,   10,    6,    4,    0,  -14,  -14,   -4,    0,  -17,    0,    0,    0,    0,    0,    0,
       0,    0,    0,    0,    0,    0,    0,    0,   -4,    0,    0,   -4,    0,   -4,  -10,    0,    0,    0,    0,    6,    0,   -8,    6,    0,    0,  -16,   -8,  -26,    0,  -18,    0,    0,    0,    0,    0,   -3,    0,    0,    0,    0,    0,   -2,   -3,    0,   -6,   -8,  -18,    0,  -24,    0,    0,    0,    0,    0,    0,    0,   -8,    0,    0,    0,   -3,    0,    0,    0,   -3,   -3,    0,    0,    0,   -3,   -3,   -3,    0,    0,   -4,    0,   -2,    0,    0,    0,    0,    0,    0,    0,    0,    0,  -16,   -8,
};

static const EpdLigaturePair bookerly_6_boldLigaturePairs[] = {
    { 0x00660066, 0xFB00 }, // f f -> U+FB00
    { 0x00660069, 0xFB01 }, // f i -> U+FB01
    { 0x0066006C, 0xFB02 }, // f l -> U+FB02
    { 0xFB000069, 0xFB03 }, // U+FB00 i -> U+FB03
    { 0xFB00006C, 0xFB04 }, // U+FB00 l -> U+FB04
};

static const EpdFontData bookerly_6_bold = {
    bookerly_6_boldBitmaps,
    bookerly_6_boldGlyphs,
    bookerly_6_boldIntervals,
    63,
    16,
    14,
    -4,
    true,
    bookerly_6_boldGroups,
    12,
    nullptr,
    bookerly_6_boldKernLeftClasses,
    bookerly_6_boldKernRightClasses,
    bookerly_6_boldKernMatrix,
    391,
    397,
    90,
    88,
    bookerly_6_boldLigaturePairs,
    5,
};
