/**
 * generated by fontconvert.py
 * name: bookerly_8_bold
 * size: 8
 * mode: 2-bit  compressed: true
 * Command used: fontconvert.py bookerly_8_bold 8 ../builtinFonts/source/Bookerly/Bookerly-Bold.ttf --2bit --compress --pnum --exclude-intervals 0x0400,0x04FF --exclude-intervals 0x1EA0,0x1EF9 --exclude-intervals 0x01A0,0x01A1 --exclude-intervals 0x01AF,0x01B0
 */
#pragma once
#include "EpdFontData.h"

static const uint8_t bookerly_8_boldBitmaps[10609] = {
    0x85, 0x56, 0x31, 0x6F, 0x1C, 0xC7, 0x15, 0xFE, 0xEE, 0xD6, 0xD6, 0x02, 0x1A, 0xC0, 0xA3, 0x94,
    0x89, 0x22, 0x8E, 0x8A, 0x14, 0x2E, 0x4C, 0x8E, 0x0A, 0x15, 0x44, 0xB0, 0x77, 0x3B, 0x08, 0x8B,
    0x14, 0x06, 0xE2, 0x34, 0x49, 0x19, 0xBB, 0x8E, 0x0B, 0x36, 0x0C, 0xAC, 0x82, 0xC7, 0x1D, 0x89,
    0x85, 0x0A, 0x35, 0xFA, 0x07, 0x56, 0x91, 0x4A, 0x0D, 0x19, 0x80, 0x40, 0x0C, 0x84, 0xE4, 0x0E,
    0xC5, 0x42, 0x05, 0x81, 0x70, 0x2D, 0x19, 0x48, 0x91, 0x04, 0x5A, 0x40, 0x2A, 0x12, 0xB1, 0xB8,
    0x91, 0xB5, 0x56, 0xCE, 0xD6, 0xDE, 0x4D, 0xBE, 0x59, 0x52, 0x94, 0xA8, 0x38, 0xC9, 0xCE, 0x9B,
    0xB9, 0xBD, 0xDD, 0xB7, 0x6F, 0x66, 0xBE, 0xF7, 0xDE, 0xF7, 0x66, 0xB5, 0x9D, 0x4C, 0x26, 0x5B,
    0x5B, 0x2B, 0x2B, 0x78, 0x7F, 0x7B, 0x35, 0xDB, 0xCA, 0x9A, 0xCC, 0xC7, 0x76, 0xC1, 0xF4, 0x1E,
    0xB8, 0xFE, 0xBE, 0xBB, 0x78, 0xF4, 0x24, 0x0F, 0x4D, 0x7A, 0x0B, 0xE2, 0x23, 0x2C, 0x6F, 0xDC,
    0x0E, 0xA1, 0x9A, 0x9B, 0xC7, 0xA5, 0x0F, 0xF0, 0x41, 0x86, 0x78, 0xD5, 0x51, 0xD2, 0x29, 0x54,
    0x30, 0xD9, 0x5F, 0x6C, 0xF6, 0x00, 0x79, 0x05, 0xD9, 0xA0, 0x1F, 0x80, 0xB1, 0xB9, 0x72, 0x60,
    0xAF, 0x1D, 0x98, 0x3C, 0xE0, 0xE2, 0x04, 0x3D, 0x77, 0x22, 0xC0, 0x39, 0x88, 0x5A, 0x62, 0xE1,
    0x8B, 0x39, 0x64, 0x59, 0x86, 0xC5, 0x6C, 0x05, 0xD9, 0xA2, 0xC7, 0xF0, 0x9B, 0x07, 0x8D, 0x7C,
    0x78, 0xB8, 0x83, 0xF4, 0x37, 0x73, 0x90, 0x73, 0xEF, 0x61, 0x7E, 0x6E, 0x0E, 0x8B, 0x72, 0x15,
    0x9B, 0x69, 0x83, 0x4F, 0xF8, 0xD9, 0x2E, 0x90, 0x8C, 0x2D, 0xD2, 0x7D, 0x87, 0x74, 0x9D, 0xBF,
    0x87, 0x40, 0x5A, 0xDD, 0x85, 0xF2, 0x9C, 0x7A, 0x92, 0x61, 0x75, 0xC0, 0xAE, 0xB6, 0x31, 0x48,
    0x27, 0xD0, 0x47, 0xC1, 0xA6, 0xB3, 0x8F, 0x5D, 0x16, 0xAF, 0x0B, 0xA8, 0x92, 0x5A, 0x58, 0xCE,
    0x88, 0x01, 0xA8, 0xC3, 0x96, 0xF1, 0x6E, 0x01, 0x12, 0xC2, 0x25, 0x35, 0x6E, 0x5F, 0xE5, 0x3F,
    0x05, 0x61, 0x13, 0x97, 0x54, 0xFD, 0xFA, 0xB8, 0x25, 0x55, 0xE2, 0x84, 0x55, 0x7C, 0x73, 0x15,
    0x89, 0xFD, 0xCC, 0xEA, 0x4D, 0xBD, 0xF9, 0x99, 0x49, 0x6C, 0xDF, 0xE1, 0x58, 0x8A, 0x80, 0x4F,
    0x9F, 0x9E, 0xDC, 0xF7, 0x2C, 0xBF, 0x8F, 0x6D, 0x1E, 0x8B, 0xB8, 0x80, 0xC2, 0x17, 0xF5, 0x0F,
    0xF3, 0x68, 0x9F, 0x8F, 0x68, 0x81, 0x13, 0xA2, 0x01, 0x3C, 0xFA, 0x35, 0x12, 0xC7, 0x89, 0x20,
    0xCD, 0xC9, 0x1B, 0x82, 0xD8, 0x9B, 0x41, 0x04, 0xA7, 0x96, 0xBC, 0xEE, 0xFB, 0x61, 0xAF, 0x79,
    0x25, 0x3E, 0xEF, 0x7B, 0xBD, 0x54, 0xCB, 0xE0, 0xFA, 0x33, 0xE0, 0x8E, 0xF6, 0xB9, 0x4F, 0xCE,
    0xB4, 0x8B, 0xD3, 0x3C, 0x10, 0x78, 0x1D, 0xCC, 0x50, 0xDA, 0x4C, 0xBA, 0x77, 0xA4, 0x85, 0x06,
    0x46, 0xE8, 0x35, 0xC4, 0x05, 0xCA, 0x20, 0x0F, 0x55, 0x1E, 0x9C, 0x98, 0xF0, 0x06, 0xD7, 0x34,
    0x2E, 0xAB, 0xF8, 0x56, 0xB4, 0x38, 0x5F, 0x02, 0x54, 0xA6, 0x46, 0x81, 0x62, 0x8A, 0x9C, 0x3E,
    0x14, 0xD4, 0x36, 0x08, 0xA6, 0x1F, 0x4C, 0x7A, 0x68, 0xA4, 0x34, 0x03, 0x69, 0x8A, 0xD0, 0xD0,
    0xF3, 0x71, 0xAD, 0x9D, 0xC8, 0x60, 0xE8, 0x64, 0xD5, 0xED, 0x49, 0x4F, 0x70, 0x8E, 0x1E, 0xD6,
    0x26, 0x1A, 0xE1, 0x58, 0xA2, 0x68, 0xA3, 0xE7, 0xA1, 0x5D, 0x8F, 0xC8, 0x7B, 0x48, 0x07, 0xFD,
    0x7B, 0xCE, 0xCB, 0xB5, 0xB9, 0x61, 0x5A, 0x0D, 0x93, 0x4A, 0xA7, 0x4E, 0x8E, 0x6D, 0x9F, 0xD3,
    0x05, 0x47, 0x59, 0x14, 0xF6, 0xEA, 0x31, 0x04, 0xDB, 0x71, 0xC1, 0x89, 0x07, 0x3D, 0x91, 0x12,
    0x1C, 0x17, 0x47, 0x6E, 0x59, 0x8E, 0x9D, 0x4A, 0x2B, 0xC5, 0xAF, 0x1E, 0xD9, 0x24, 0x42, 0x64,
    0xB5, 0xA0, 0x9D, 0x9A, 0xA6, 0xD4, 0xD8, 0x71, 0xE3, 0x34, 0xC5, 0x25, 0x0D, 0xC5, 0x89, 0xFD,
    0x7C, 0xA9, 0x92, 0xA1, 0xEA, 0x6D, 0x70, 0x62, 0xD3, 0x0B, 0xC8, 0x27, 0x50, 0xB7, 0x11, 0xBD,
    0x80, 0x38, 0xFE, 0x08, 0x39, 0x16, 0xF0, 0xEA, 0x9A, 0xEB, 0x9C, 0x35, 0xC0, 0x35, 0x3A, 0x0B,
    0xEF, 0x02, 0x6B, 0x60, 0x88, 0xAD, 0x19, 0xFE, 0x32, 0x32, 0xBB, 0x40, 0x3B, 0x1F, 0xD5, 0xE8,
    0xE2, 0xDF, 0xDE, 0x3D, 0xF9, 0xE4, 0xF4, 0xFE, 0x2A, 0x22, 0x52, 0xD4, 0x27, 0x78, 0xFC, 0x80,
    0xFA, 0x43, 0xE0, 0x32, 0x6F, 0x4D, 0xA8, 0x7E, 0xED, 0xB1, 0x82, 0x95, 0x8B, 0x3E, 0xAF, 0x06,
    0x78, 0x3F, 0x4E, 0x7C, 0x3C, 0xAB, 0x98, 0x19, 0xA0, 0x0C, 0xDC, 0x62, 0xC3, 0xDD, 0x4A, 0xFB,
    0xCB, 0x21, 0x94, 0x6C, 0xB9, 0x80, 0x4B, 0x99, 0x64, 0x04, 0xCC, 0x73, 0x10, 0x53, 0x0E, 0x73,
    0xF3, 0x0B, 0xC8, 0x54, 0xC9, 0x10, 0x16, 0x07, 0x75, 0x84, 0x99, 0x6E, 0xAA, 0x70, 0x9B, 0xC9,
    0xB4, 0x11, 0xA1, 0x9D, 0xC5, 0xFF, 0xE8, 0xA6, 0x47, 0xCE, 0x3C, 0xFA, 0x13, 0xFB, 0xF3, 0x1A,
    0xFD, 0x87, 0x34, 0x7C, 0x8F, 0x3E, 0x3F, 0x9A, 0x10, 0x90, 0x96, 0xDF, 0xED, 0xA0, 0x30, 0xA5,
    0x09, 0xF7, 0x82, 0xD3, 0x33, 0xA3, 0xC7, 0x95, 0x5C, 0xAF, 0xE5, 0x8D, 0x5A, 0xAE, 0x13, 0x20,
    0xFA, 0xC0, 0xCB, 0xEB, 0x8D, 0xB4, 0x8D, 0xBC, 0xE1, 0xD5, 0xB8, 0x2E, 0x02, 0x9D, 0x57, 0xA7,
    0xC1, 0x4B, 0xEB, 0x35, 0x36, 0xB9, 0x95, 0x61, 0xDC, 0x55, 0x1C, 0xF3, 0xE8, 0x4D, 0x5A, 0x6C,
    0x7A, 0xA1, 0xD2, 0xE1, 0x36, 0xF4, 0x98, 0xF6, 0x1D, 0x1D, 0xE3, 0x72, 0x76, 0x6D, 0xA4, 0x53,
    0x6F, 0xF4, 0xF8, 0x6C, 0x07, 0xEA, 0xA8, 0x41, 0x34, 0x59, 0x04, 0xAF, 0x8E, 0xBC, 0x74, 0x9B,
    0xD2, 0x5D, 0x90, 0xD1, 0x88, 0x93, 0x4F, 0x6D, 0xBC, 0x71, 0x97, 0xA5, 0x5B, 0xA1, 0x16, 0x15,
    0x8A, 0x50, 0xA9, 0xA3, 0x4A, 0x3A, 0x8A, 0x7D, 0xA5, 0x63, 0x3A, 0x9D, 0x28, 0xAA, 0x46, 0x31,
    0x21, 0xC6, 0x93, 0x24, 0xB4, 0xB2, 0xCA, 0x34, 0xB2, 0x93, 0xB5, 0x25, 0x61, 0xD8, 0xDB, 0xCD,
    0x31, 0xD0, 0x6E, 0x20, 0xC3, 0xB4, 0x57, 0x3E, 0x29, 0x9A, 0xE0, 0x75, 0xB5, 0x5C, 0x9D, 0x59,
    0x4F, 0x08, 0x46, 0x3E, 0x2D, 0xCF, 0xAC, 0x51, 0xD5, 0xBA, 0x8A, 0xBA, 0x45, 0xA3, 0xA9, 0x7B,
    0xB6, 0xA9, 0x9A, 0x4F, 0xA7, 0xA2, 0x49, 0xDE, 0xCA, 0xB1, 0xA4, 0x66, 0xA3, 0x76, 0x61, 0x46,
    0x28, 0x9E, 0x31, 0x04, 0x2B, 0xEE, 0x7F, 0x8F, 0x39, 0x71, 0x9F, 0x8B, 0x7C, 0x44, 0x77, 0x4C,
    0xD9, 0x99, 0x08, 0xF2, 0x11, 0xFF, 0xDF, 0x67, 0xD8, 0xDF, 0x23, 0xFE, 0x75, 0x69, 0x8A, 0x46,
    0xB1, 0x43, 0x57, 0x38, 0xDD, 0xD0, 0x1B, 0x72, 0x45, 0xBA, 0xAD, 0x63, 0x0C, 0x74, 0x23, 0x5B,
    0xD1, 0xC8, 0x26, 0x6D, 0x55, 0x9D, 0x6E, 0x2F, 0x78, 0x31, 0xFA, 0xA9, 0x17, 0xC3, 0xDF, 0x79,
    0xA9, 0xFE, 0xE0, 0xA5, 0x7C, 0xC6, 0x5E, 0x35, 0x32, 0x75, 0x8D, 0x5E, 0xBF, 0x37, 0x2D, 0xAB,
    0x74, 0x56, 0xB8, 0xA2, 0xD6, 0xB5, 0xB6, 0xB2, 0x91, 0x90, 0x2D, 0xFB, 0x2E, 0x7B, 0xFE, 0x11,
    0xA4, 0x3C, 0x84, 0x4C, 0xC7, 0x90, 0x49, 0x60, 0x88, 0x04, 0x68, 0x5B, 0xD0, 0xAD, 0x64, 0x83,
    0x92, 0x49, 0xC5, 0x98, 0x90, 0xAE, 0x24, 0x37, 0xE4, 0x04, 0x50, 0x1B, 0x06, 0x9F, 0x5D, 0x63,
    0xCF, 0x99, 0xBB, 0x39, 0x9F, 0x69, 0xFA, 0x4D, 0x06, 0x12, 0x74, 0xB0, 0x91, 0x4C, 0xF4, 0xB8,
    0x96, 0xFB, 0x5E, 0xEE, 0x79, 0x79, 0xCF, 0xC7, 0x1B, 0xBA, 0x65, 0xF6, 0x86, 0x4F, 0x9A, 0xD7,
    0x36, 0xED, 0xFF, 0xB7, 0xD9, 0x67, 0xDC, 0x44, 0x52, 0x82, 0x78, 0x42, 0xA2, 0x0B, 0x31, 0x8A,
    0x2D, 0xE7, 0x60, 0x2C, 0xD5, 0xC4, 0xCA, 0x1F, 0x63, 0xB9, 0xEF, 0x63, 0xB2, 0x9F, 0xE0, 0x48,
    0xA6, 0x39, 0x20, 0x6A, 0xFB, 0x0D, 0x67, 0x9B, 0x71, 0x3A, 0x4D, 0x2E, 0xA0, 0x3B, 0x9D, 0x4E,
    0x6C, 0x9E, 0x98, 0x08, 0x28, 0x33, 0x3F, 0x5A, 0x20, 0x83, 0xB8, 0x81, 0x20, 0x95, 0x18, 0x35,
    0x61, 0xBC, 0xCD, 0xD6, 0xC2, 0xEE, 0xCA, 0xE8, 0xD2, 0x95, 0xD1, 0x8F, 0xC9, 0x71, 0x6F, 0x49,
    0xAF, 0x34, 0x49, 0x70, 0xA5, 0x0F, 0x8C, 0x92, 0xC2, 0x48, 0xAB, 0xF1, 0xFD, 0x7D, 0xC8, 0x74,
    0x1B, 0x75, 0x7B, 0xEB, 0x95, 0x15, 0xA8, 0xEF, 0x0A, 0xEA, 0x2B, 0x37, 0xE0, 0xE6, 0x57, 0x21,
    0xAA, 0x2F, 0x48, 0x53, 0x2C, 0x6D, 0xCF, 0x3C, 0x7A, 0x2F, 0xB8, 0x95, 0x97, 0xCC, 0xBF, 0xD2,
    0x1E, 0xE7, 0x63, 0x84, 0xDA, 0x6F, 0xAB, 0x26, 0xAF, 0x5A, 0xD6, 0x36, 0x37, 0x25, 0x6D, 0xED,
    0xCD, 0x84, 0x15, 0x0F, 0x82, 0x34, 0xC9, 0xE3, 0x47, 0x12, 0xC9, 0xF3, 0xC3, 0x5F, 0xA0, 0xFF,
    0xAF, 0x0F, 0xFF, 0x4E, 0x18, 0xD2, 0x16, 0x08, 0x09, 0x87, 0x5D, 0x12, 0x02, 0x46, 0x3D, 0x8F,
    0xE2, 0x1B, 0x02, 0x5F, 0xEF, 0x22, 0xAD, 0x69, 0xFF, 0x05, 0x29, 0x28, 0xB8, 0x2E, 0x01, 0x51,
    0xD0, 0xFE, 0xCB, 0x0A, 0x09, 0x73, 0x5C, 0xD8, 0x16, 0xFA, 0x7A, 0x30, 0xE1, 0x31, 0xF7, 0xF2,
    0x75, 0x40, 0xB1, 0x47, 0x02, 0x74, 0xCC, 0xFB, 0x2F, 0x59, 0x55, 0x9E, 0xB3, 0x08, 0xBD, 0x8C,
    0x2C, 0x83, 0x2E, 0x4B, 0x4E, 0x3B, 0xD7, 0xC7, 0xAD, 0xC7, 0x4A, 0x30, 0xDC, 0xA8, 0x17, 0x99,
    0x7E, 0x79, 0x47, 0x6F, 0x6D, 0x24, 0x5C, 0x52, 0x97, 0x72, 0x77, 0x72, 0xF8, 0x62, 0xA3, 0xA6,
    0x42, 0xC0, 0x77, 0x2C, 0x51, 0xDF, 0xDF, 0xBE, 0x63, 0x4C, 0x65, 0x1D, 0x5B, 0x93, 0x95, 0x58,
    0x0D, 0x58, 0xC2, 0x58, 0xC8, 0x58, 0xCE, 0xF8, 0x2E, 0x96, 0xB6, 0xD5, 0xD3, 0x77, 0xC8, 0xAD,
    0xB6, 0xE9, 0x7F, 0x69, 0xDA, 0xE6, 0x36, 0xA9, 0xBA, 0xB9, 0x37, 0x21, 0x17, 0x71, 0x29, 0x43,
    0x36, 0x0F, 0x92, 0xE0, 0x16, 0x83, 0x36, 0xD8, 0xBB, 0x77, 0xCD, 0x4F, 0x38, 0x8D, 0x42, 0x82,
    0x58, 0xC3, 0x4B, 0x0C, 0x14, 0xDE, 0x51, 0xB1, 0xD2, 0xE4, 0x1B, 0xF1, 0x9E, 0x8B, 0x54, 0xB7,
    0xDC, 0x45, 0x17, 0xD9, 0x4F, 0x1C, 0xCB, 0xA3, 0x4A, 0x84, 0x46, 0x7C, 0x39, 0x11, 0xAE, 0xED,
    0x64, 0x22, 0xF6, 0x1A, 0x11, 0xFC, 0xB9, 0x10, 0x2B, 0x8D, 0x0A, 0x18, 0x4A, 0x0C, 0xDE, 0x8D,
    0x51, 0xB0, 0xD6, 0xF9, 0x49, 0x87, 0x78, 0x56, 0xC1, 0x1B, 0x26, 0xFA, 0x2C, 0xBD, 0x63, 0x37,
    0xEC, 0x62, 0x69, 0xD4, 0x49, 0x4E, 0x32, 0x0B, 0x95, 0x78, 0xDC, 0x44, 0x0B, 0x5C, 0x03, 0xE3,
    0xE2, 0x63, 0x5B, 0x04, 0xBB, 0xDA, 0x21, 0xAA, 0xC7, 0x46, 0xCC, 0x22, 0xCE, 0x84, 0x55, 0xDE,
    0x60, 0x30, 0xC5, 0xCA, 0xB7, 0xFC, 0x8F, 0x58, 0x4F, 0xDF, 0x14, 0xD6, 0x9E, 0xC2, 0x23, 0x7D,
    0xE9, 0x55, 0xB9, 0xB9, 0x20, 0x59, 0x05, 0x0D, 0x4D, 0xC9, 0x09, 0x0F, 0x08, 0xC8, 0x7F, 0xC5,
    0x85, 0x55, 0x83, 0x4F, 0xEB, 0xED, 0xA4, 0x2A, 0x4A, 0xAB, 0xBE, 0xC5, 0x32, 0xED, 0x75, 0x95,
    0x34, 0x16, 0xD7, 0x65, 0xCB, 0xB7, 0x6A, 0xBD, 0xE6, 0x81, 0xE0, 0x54, 0xF4, 0x92, 0x2F, 0x0F,
    0xDA, 0xF3, 0x4C, 0x30, 0x62, 0x8F, 0x65, 0xC3, 0x20, 0x3E, 0x6D, 0xCA, 0x16, 0x35, 0xEE, 0xF4,
    0x1B, 0x46, 0x11, 0x52, 0x2F, 0x7C, 0xEF, 0x4C, 0xEB, 0xFB, 0xB4, 0xCE, 0x9D, 0xEA, 0xA6, 0xE8,
    0x1C, 0x14, 0x45, 0x79, 0x25, 0x2B, 0xC5, 0x12, 0xB8, 0x0D, 0x45, 0xBE, 0x2A, 0xF8, 0xC4, 0xE9,
    0x0F, 0x7D, 0xB9, 0xD7, 0x2C, 0xB3, 0x6E, 0xA8, 0xFF, 0x68, 0xDA, 0x92, 0x4B, 0xF4, 0xCD, 0x48,
    0xED, 0x31, 0xEF, 0xD7, 0x1B, 0x26, 0xF7, 0xCF, 0xFC, 0xE8, 0xED, 0x41, 0xAD, 0xFB, 0x35, 0x14,
    0x07, 0x13, 0xD2, 0x24, 0xF9, 0x27, 0xB0, 0xE0, 0x78, 0x3E, 0x3F, 0x15, 0xB5, 0xDE, 0x14, 0x7F,
    0x6D, 0x59, 0xD9, 0x55, 0x20, 0xDE, 0xD5, 0x20, 0xA9, 0x47, 0x9D, 0xE4, 0xA9, 0xD3, 0xC1, 0x8A,
    0x29, 0x96, 0x0B, 0x5B, 0x72, 0xEB, 0x37, 0xBD, 0x4A, 0xBC, 0xEA, 0x77, 0x63, 0x52, 0x53, 0x59,
    0xCD, 0x4E, 0x16, 0xAE, 0x6D, 0xE4, 0x9E, 0x7E, 0xB0, 0xF4, 0x58, 0xFE, 0xB6, 0xC7, 0x9C, 0x38,
    0x7A, 0x15, 0x15, 0x2C, 0x9A, 0xB9, 0xD7, 0x0B, 0xE5, 0xAE, 0xFC, 0xEA, 0x35, 0x4A, 0xA5, 0x4F,
    0xBF, 0xD5, 0xBB, 0xC3, 0xF7, 0xF2, 0xAF, 0x64, 0xFB, 0x83, 0x72, 0x51, 0xE7, 0x3B, 0xBA, 0x49,
    0x1C, 0xE7, 0x9E, 0xE9, 0x7F, 0x0A, 0xF7, 0xAA, 0xA5, 0xA1, 0x3F, 0x2D, 0x44, 0x5D, 0xCA, 0x5A,
    0x27, 0xAF, 0x45, 0xFD, 0x9C, 0xE7, 0xB0, 0x26, 0x7D, 0xD1, 0x96, 0x0F, 0x5B, 0x7D, 0xDD, 0xC7,
    0x62, 0xBA, 0xEF, 0xD2, 0xFB, 0x36, 0x39, 0x8A, 0x47, 0x0D, 0x4C, 0xE3, 0x21, 0xA6, 0xDC, 0xDF,
    0x6F, 0xF5, 0x52, 0xD5, 0x50, 0xD7, 0xCB, 0x5B, 0xCF, 0x6A, 0xF1, 0xE7, 0xAF, 0x5D, 0xF2, 0xB7,
    0x3F, 0xBA, 0xA4, 0x2D, 0x4C, 0x7F, 0xC2, 0xB4, 0x6B, 0x16, 0x08, 0x8E, 0xD7, 0x37, 0x2B, 0x71,
    0x18, 0xCF, 0x2E, 0xCC, 0x41, 0x62, 0x21, 0x3E, 0x37, 0x3C, 0xD6, 0x94, 0x9F, 0x37, 0xFF, 0xC3,
    0x32, 0xB6, 0xD0, 0xF7, 0x28, 0x5D, 0x17, 0xC3, 0x0C, 0xE9, 0x12, 0x57, 0x76, 0xBA, 0x33, 0x13,
    0x39, 0x74, 0x0F, 0x3A, 0x31, 0xC5, 0x46, 0x3C, 0x9E, 0x44, 0x96, 0xAD, 0xB4, 0x1D, 0x74, 0x87,
    0xDB, 0xF9, 0xEE, 0xB0, 0xDB, 0x76, 0xC7, 0xDC, 0x79, 0x1C, 0x3F, 0xD3, 0x56, 0x54, 0xD7, 0xCE,
    0x5E, 0x23, 0x06, 0x53, 0x4C, 0x4C, 0x32, 0x15, 0x41, 0x4A, 0xAB, 0xB4, 0x92, 0x46, 0x18, 0xD1,
    0x25, 0xEB, 0x32, 0x6B, 0x9E, 0x5E, 0xE2, 0xB9, 0x05, 0x9F, 0xEC, 0xE0, 0xDF, 0x9D, 0x57, 0x41,
    0x6F, 0xDC, 0xC6, 0x15, 0xFE, 0x48, 0xCA, 0x22, 0x62, 0x3A, 0x1E, 0x9D, 0x02, 0xB7, 0x8D, 0x35,
    0x3E, 0xE4, 0x60, 0x14, 0x92, 0x68, 0x20, 0x3E, 0x6C, 0xD0, 0xDD, 0xE5, 0x24, 0x3E, 0xF4, 0xE8,
    0xA0, 0xA7, 0xDE, 0xEC, 0x18, 0x05, 0x0A, 0x24, 0x05, 0xA4, 0xB4, 0x3A, 0x08, 0xAD, 0x24, 0x8E,
    0xE5, 0x43, 0x81, 0x06, 0x68, 0xB7, 0xBF, 0xA0, 0x3E, 0xE4, 0x50, 0x14, 0x08, 0x64, 0xA0, 0x42,
    0x21, 0xA0, 0xB6, 0xC8, 0x38, 0x28, 0x72, 0xC8, 0x21, 0x34, 0xDC, 0x5B, 0xD0, 0x7A, 0x5C, 0x17,
    0x30, 0x60, 0xA1, 0xD5, 0xC4, 0x66, 0xDB, 0x75, 0xB3, 0xD2, 0xF4, 0x1B, 0xEE, 0xC6, 0x4E, 0x02,
    0xBB, 0xEB, 0x2C, 0xF7, 0x0D, 0x77, 0x76, 0xF9, 0xDE, 0x9B, 0x79, 0xEF, 0x7D, 0xF3, 0xDE, 0x63,
    0x67, 0xFD, 0x24, 0x5E, 0x9C, 0x9F, 0x5F, 0x58, 0x58, 0xE8, 0x76, 0x3B, 0x38, 0x0D, 0x4F, 0xA7,
    0x10, 0x1E, 0x40, 0xB8, 0xB2, 0xFB, 0x93, 0xB2, 0xFD, 0x36, 0x56, 0x97, 0x3C, 0x75, 0x97, 0x54,
    0xEA, 0xCA, 0xF8, 0x00, 0xB8, 0xFC, 0x05, 0xCA, 0x75, 0xE0, 0x4C, 0x74, 0xDB, 0x46, 0x65, 0x2F,
    0xFE, 0x13, 0x72, 0x87, 0x44, 0x43, 0x90, 0x80, 0xC2, 0x99, 0xF5, 0xA2, 0x3A, 0x81, 0x5E, 0xE7,
    0xA0, 0x12, 0x7B, 0x5A, 0xC4, 0x9F, 0xD3, 0x9E, 0xEE, 0xFE, 0xD7, 0xFF, 0x5F, 0xDC, 0x1C, 0x64,
    0x1B, 0xB5, 0xD8, 0xA8, 0x92, 0x0F, 0xCA, 0xF8, 0x13, 0x2D, 0x9D, 0x9D, 0xDA, 0xE7, 0xA2, 0x15,
    0x56, 0x11, 0xEC, 0x20, 0x76, 0x7A, 0xA5, 0xB9, 0x00, 0x0C, 0x27, 0x61, 0x1F, 0x62, 0x07, 0x73,
    0xCF, 0xA3, 0x03, 0xFC, 0x4C, 0xE3, 0xC7, 0x35, 0x5A, 0x6B, 0x48, 0x05, 0x92, 0xBB, 0x08, 0x3E,
    0xC3, 0x4C, 0x8A, 0x95, 0xE3, 0xC8, 0xB6, 0x21, 0x0D, 0x30, 0xD3, 0xDE, 0x6E, 0x6F, 0xA3, 0xE8,
    0x21, 0x56, 0x2B, 0x78, 0x11, 0x87, 0x71, 0x2A, 0xBD, 0x84, 0xA5, 0xBF, 0x5D, 0xD4, 0x6F, 0x94,
    0x81, 0xBE, 0xC0, 0xF1, 0xF6, 0xBF, 0x2E, 0xEA, 0x53, 0xF9, 0x99, 0xE6, 0x59, 0x42, 0x1E, 0xCF,
    0x2B, 0xCB, 0x57, 0xCC, 0x21, 0x93, 0x99, 0x96, 0x49, 0xB7, 0x80, 0xCC, 0x46, 0x1B, 0xA5, 0x14,
    0x6A, 0xAD, 0x0B, 0x12, 0x27, 0xFC, 0x49, 0xF3, 0xDE, 0xDC, 0x84, 0x37, 0x4E, 0x20, 0xB7, 0xB9,
    0x99, 0xEE, 0xE3, 0x78, 0xAC, 0x5E, 0xAE, 0xCB, 0x0B, 0xBF, 0xED, 0x7D, 0xCF, 0xF6, 0x2E, 0x6C,
    0xF5, 0x5E, 0xFE, 0x4B, 0xC9, 0x7F, 0xA2, 0x3E, 0xBE, 0xFD, 0x6E, 0xD6, 0x17, 0x55, 0xD7, 0x2E,
    0xF3, 0xEA, 0x5A, 0x59, 0x86, 0x25, 0x86, 0x44, 0x1D, 0x6F, 0xDD, 0x1B, 0xCD, 0x03, 0x4D, 0xE3,
    0xF0, 0xE6, 0xEF, 0x1A, 0xBF, 0x99, 0x6E, 0xFF, 0xE4, 0x56, 0x60, 0x63, 0x9D, 0xBE, 0x9B, 0x0D,
    0xA4, 0xE9, 0xD4, 0x33, 0x36, 0x31, 0xD3, 0x35, 0xB6, 0x5F, 0xB0, 0x99, 0x3E, 0xD6, 0xDE, 0x3E,
    0x2F, 0xC3, 0x2A, 0x8B, 0xBF, 0x4C, 0x49, 0x95, 0x1D, 0x3C, 0xCC, 0xEA, 0x3E, 0x3D, 0xD2, 0x6D,
    0x88, 0x93, 0xD8, 0x99, 0xD4, 0xA9, 0xFC, 0x2E, 0x8A, 0xCF, 0x29, 0xBB, 0x8B, 0xD9, 0xBB, 0xC0,
    0x57, 0xA8, 0xC2, 0x37, 0xB2, 0x85, 0xD5, 0xF9, 0xB9, 0xAD, 0x04, 0x05, 0xED, 0xF1, 0x1F, 0xA9,
    0x8A, 0x2A, 0x31, 0xED, 0xAD, 0xD3, 0xAD, 0x56, 0xAB, 0xBD, 0x2C, 0x2A, 0x20, 0xB5, 0x87, 0x54,
    0x6B, 0xCE, 0x9B, 0x9F, 0x7C, 0x58, 0x91, 0x38, 0x69, 0x9D, 0xE4, 0x9E, 0x43, 0x85, 0x04, 0xB1,
    0x6E, 0x24, 0x49, 0xC7, 0xFD, 0xAD, 0xED, 0x6F, 0xCB, 0xA0, 0x16, 0x3B, 0x8B, 0xE2, 0x46, 0xB5,
    0x0E, 0x44, 0xFA, 0x9F, 0x40, 0x12, 0xFD, 0x12, 0x38, 0x9A, 0x6C, 0x2A, 0xCC, 0x25, 0xAE, 0xC4,
    0x0A, 0x8E, 0x7A, 0x80, 0xF1, 0x86, 0x69, 0x3E, 0x6C, 0xA0, 0x82, 0xD9, 0x2F, 0x2A, 0x10, 0xB0,
    0xD4, 0xF2, 0xEA, 0x8D, 0x7D, 0x14, 0x37, 0x2F, 0xDD, 0xF2, 0x0A, 0xCE, 0x52, 0x01, 0x16, 0x80,
    0x39, 0x30, 0x32, 0xAD, 0xE8, 0x9E, 0x82, 0x8D, 0x9D, 0xC2, 0x79, 0x34, 0x57, 0xC5, 0x98, 0x87,
    0x15, 0x3A, 0x75, 0x54, 0x82, 0x4E, 0xE3, 0xD6, 0x0C, 0xB5, 0x4F, 0xD7, 0x73, 0x7C, 0xB6, 0xDD,
    0x8A, 0xF5, 0x0B, 0xF6, 0x8A, 0xD4, 0x99, 0x36, 0xDF, 0xD1, 0x74, 0xFA, 0x1D, 0x8D, 0x78, 0x63,
    0xB7, 0x82, 0x08, 0x9D, 0xE5, 0xBE, 0x23, 0x4D, 0x0C, 0x44, 0x3A, 0xB0, 0xA1, 0xF5, 0x70, 0xC6,
    0x12, 0x6C, 0x52, 0x67, 0x55, 0x0B, 0x2D, 0x2C, 0x7C, 0x5F, 0x0C, 0x88, 0x39, 0x7F, 0x11, 0x52,
    0xD8, 0xE7, 0xF8, 0xE6, 0x70, 0x41, 0xBF, 0x67, 0x64, 0x8A, 0xA3, 0x04, 0xFE, 0xC8, 0xF1, 0xC0,
    0x20, 0xBC, 0x69, 0x11, 0x5D, 0xAF, 0x11, 0xEF, 0x12, 0xA6, 0x6E, 0x00, 0x89, 0x6B, 0xC8, 0x55,
    0xA1, 0xDC, 0x75, 0xDA, 0xEC, 0xAF, 0x98, 0x5F, 0x29, 0x03, 0xFE, 0xCA, 0x84, 0x3A, 0x16, 0x46,
    0xFC, 0xFF, 0x21, 0x6E, 0xCA, 0x72, 0x32, 0x1D, 0xE7, 0x15, 0x02, 0x7E, 0x05, 0x1F, 0xE9, 0xC9,
    0xE4, 0x95, 0x42, 0x74, 0xA7, 0x42, 0xC8, 0x31, 0x91, 0x3C, 0x11, 0x8A, 0x3B, 0x6A, 0x38, 0xD6,
    0x27, 0xF4, 0x83, 0x74, 0x8E, 0x21, 0x74, 0x9B, 0xBC, 0x15, 0x91, 0x82, 0xC8, 0x02, 0x60, 0x21,
    0xA3, 0x92, 0x76, 0xF6, 0x1E, 0xE3, 0x9D, 0x31, 0x4E, 0x07, 0x05, 0xA1, 0xE7, 0x5C, 0xA0, 0xE2,
    0x32, 0x8B, 0x4A, 0x59, 0xE5, 0x9B, 0x65, 0xF6, 0xA9, 0x17, 0x2B, 0x4C, 0xEC, 0xAC, 0xD0, 0x36,
    0xC5, 0x95, 0xE1, 0x79, 0x59, 0x6F, 0xEE, 0x94, 0x4E, 0x4B, 0xAE, 0x54, 0x07, 0xAE, 0x31, 0xAC,
    0xDB, 0xEC, 0x8A, 0x18, 0x6A, 0xF9, 0x5F, 0x44, 0x55, 0x54, 0x03, 0x3F, 0xF2, 0xF3, 0xDC, 0x59,
    0xB9, 0x6B, 0x45, 0x79, 0x45, 0x94, 0x33, 0xC2, 0x8B, 0x94, 0xE2, 0x9E, 0xF6, 0x93, 0xF2, 0x84,
    0x28, 0x97, 0xE5, 0x6E, 0x4D, 0x86, 0x91, 0x51, 0x39, 0xF0, 0xF7, 0x67, 0x16, 0x61, 0x06, 0x3A,
    0x40, 0x78, 0x4B, 0xC5, 0x67, 0xD4, 0x33, 0x8A, 0x04, 0x01, 0x92, 0x8F, 0x75, 0xFC, 0x8E, 0x7A,
    0xE6, 0x5D, 0xB5, 0xE9, 0xE6, 0x69, 0x3A, 0x38, 0xAF, 0xD3, 0x4A, 0x94, 0x5F, 0xFE, 0x48, 0x93,
    0xD3, 0x44, 0x9E, 0x2A, 0x7B, 0x54, 0x3D, 0x9D, 0x83, 0xC9, 0xDB, 0xCC, 0x6F, 0x2D, 0x9F, 0x7E,
    0x3A, 0xC7, 0xCC, 0xCC, 0xD5, 0xFE, 0xCA, 0xD6, 0xD3, 0x9F, 0xA7, 0xAE, 0x87, 0x74, 0x8F, 0x51,
    0x2D, 0x59, 0x5F, 0xCA, 0x8C, 0x23, 0x55, 0xF2, 0xCF, 0xCC, 0x3B, 0x03, 0xA9, 0xC8, 0xA1, 0x86,
    0xFF, 0x5D, 0x03, 0xF7, 0x4C, 0xAB, 0xB8, 0x95, 0x1F, 0x70, 0x1C, 0x30, 0x28, 0x1F, 0x0D, 0x11,
    0x9F, 0x97, 0xB9, 0x49, 0x4D, 0xAA, 0x45, 0xCD, 0x7C, 0x35, 0xE0, 0xD8, 0xE1, 0xC8, 0xCE, 0x42,
    0x88, 0x8F, 0x21, 0xE2, 0x3D, 0x88, 0xC8, 0xD1, 0xF7, 0x8E, 0x07, 0x2D, 0x67, 0xB0, 0xD3, 0x21,
    0xC2, 0x7C, 0x44, 0x58, 0xB6, 0xF0, 0xAD, 0x11, 0xE2, 0x0A, 0x43, 0xFC, 0x0C, 0xB8, 0x4E, 0x81,
    0x94, 0xB1, 0xEF, 0x22, 0x55, 0xCC, 0xF0, 0x7A, 0x9D, 0x23, 0x63, 0xF6, 0xCA, 0xF8, 0x5F, 0xCA,
    0x3D, 0x08, 0xD7, 0xE7, 0x69, 0x19, 0x9D, 0x14, 0x66, 0x6B, 0x16, 0x88, 0xC7, 0xA7, 0xF7, 0xEB,
    0xEA, 0x90, 0x1E, 0xE5, 0xFC, 0xFE, 0x03, 0x6D, 0xA9, 0x7A, 0x93, 0xE9, 0xF8, 0x8A, 0x2F, 0xBE,
    0xB6, 0x3C, 0x4F, 0x6F, 0xF0, 0xC0, 0x22, 0xB8, 0x6F, 0x26, 0x92, 0x3F, 0x76, 0xA4, 0xDB, 0x11,
    0xFD, 0xC8, 0x8A, 0x7E, 0xB7, 0x73, 0xEC, 0x08, 0x8A, 0xDB, 0x3A, 0x76, 0x4E, 0x0D, 0xA5, 0x73,
    0x64, 0x81, 0x53, 0xDD, 0xF8, 0x9C, 0x5E, 0x3F, 0x2E, 0x75, 0x77, 0x99, 0xD2, 0x15, 0x75, 0xE8,
    0x6B, 0xC8, 0x28, 0xFD, 0x46, 0x31, 0xF2, 0x22, 0x91, 0x81, 0x1D, 0x1F, 0x09, 0x35, 0xDC, 0x80,
    0x75, 0xD5, 0x62, 0x95, 0x2B, 0xA1, 0x53, 0x3C, 0x79, 0x74, 0x21, 0xAA, 0xB5, 0x66, 0x97, 0x41,
    0x31, 0xCA, 0x39, 0xCC, 0xF4, 0xDC, 0x32, 0x30, 0x8F, 0xC9, 0x74, 0xF8, 0x7C, 0xC3, 0xD3, 0x8E,
    0x9F, 0xD2, 0x0B, 0xE6, 0xF2, 0x64, 0x3A, 0x5E, 0xA7, 0x27, 0xEF, 0x13, 0x56, 0x9F, 0x9A, 0xC9,
    0xED, 0x88, 0xD5, 0x30, 0xEF, 0xAD, 0x8C, 0xEC, 0xB8, 0xEF, 0x90, 0xBF, 0xCF, 0x06, 0xA8, 0x64,
    0xDE, 0xBB, 0x61, 0x10, 0x3D, 0x60, 0x9E, 0xFE, 0x4C, 0xF9, 0xE2, 0xD8, 0x24, 0xA4, 0x47, 0x83,
    0xBE, 0x8C, 0x98, 0x06, 0x79, 0x5E, 0x33, 0x56, 0x31, 0x06, 0x60, 0xCF, 0x8A, 0xEB, 0xB5, 0x78,
    0xBF, 0xA1, 0xEB, 0x56, 0xEC, 0x55, 0xE2, 0xC0, 0x37, 0x41, 0xFE, 0x40, 0x17, 0x3A, 0x72, 0x46,
    0x6C, 0x58, 0xF9, 0x9A, 0x91, 0x89, 0x96, 0xB3, 0x90, 0x29, 0xA4, 0xAC, 0x64, 0x6C, 0x25, 0xFA,
    0xF2, 0xF4, 0x76, 0x9A, 0xD7, 0x45, 0xDA, 0x0B, 0x59, 0x62, 0x99, 0xD8, 0xB9, 0xAF, 0x06, 0x98,
    0x71, 0x1F, 0x69, 0x81, 0x8E, 0xC4, 0x94, 0xC4, 0xB4, 0x43, 0xB6, 0xE9, 0xE7, 0x99, 0xAB, 0xE4,
    0x3B, 0x25, 0xEB, 0x36, 0xB6, 0x9B, 0x03, 0x55, 0x8E, 0xE3, 0x7C, 0x1D, 0x21, 0x0D, 0x59, 0xC5,
    0xD1, 0xE7, 0xC7, 0x70, 0x4E, 0x4F, 0x41, 0xFC, 0x03, 0x47, 0xAE, 0x8E, 0x53, 0x38, 0x05, 0x49,
    0x74, 0xCE, 0x8F, 0x61, 0x63, 0x19, 0x8F, 0x5B, 0x38, 0x3C, 0xE7, 0xEF, 0xA1, 0x19, 0xB7, 0x74,
    0x7F, 0x87, 0xCF, 0xF6, 0xCA, 0x8E, 0x8C, 0xAA, 0xA9, 0xF4, 0xAD, 0x2A, 0x71, 0x07, 0x3A, 0x5B,
    0x04, 0xD6, 0xD8, 0xC1, 0x66, 0x85, 0x2B, 0xE5, 0x6D, 0xA7, 0xC2, 0x7D, 0x56, 0x1C, 0x74, 0x05,
    0x3A, 0x87, 0xB0, 0xD6, 0x14, 0x0C, 0x06, 0x2D, 0x75, 0x88, 0x7D, 0x3F, 0x80, 0xC0, 0x36, 0x01,
    0xBC, 0x82, 0x80, 0x55, 0x11, 0xBE, 0x23, 0xF2, 0x8B, 0x36, 0x7D, 0x89, 0x17, 0xE4, 0xBA, 0x8C,
    0xFD, 0x39, 0x9D, 0x3B, 0xBD, 0xDA, 0x44, 0x2F, 0xDD, 0x53, 0x09, 0x53, 0xD1, 0x4B, 0x60, 0x93,
    0x8B, 0xDA, 0xB7, 0x2E, 0x63, 0x38, 0xCF, 0x23, 0xE8, 0x23, 0x7A, 0x0F, 0xC9, 0x73, 0xE3, 0x38,
    0x89, 0xEC, 0x45, 0x88, 0xD9, 0x31, 0x6C, 0x27, 0x58, 0x06, 0x16, 0x10, 0x93, 0x69, 0x51, 0x11,
    0xB0, 0x8F, 0x3E, 0x69, 0x95, 0x9B, 0x40, 0x47, 0x65, 0xA2, 0x9E, 0x7B, 0xE2, 0xB3, 0x69, 0x02,
    0xB3, 0x63, 0x96, 0x2E, 0x3F, 0xE9, 0xD9, 0x0C, 0x1E, 0xDA, 0xDA, 0x3E, 0x51, 0xE3, 0x2F, 0x10,
    0x0D, 0x10, 0x0E, 0x10, 0xB1, 0x1A, 0x0A, 0x15, 0xD3, 0xA5, 0xAE, 0xEA, 0x26, 0xD5, 0x5A, 0x64,
    0x1A, 0x62, 0x13, 0x5B, 0xB2, 0x59, 0x8D, 0x1F, 0x02, 0xBF, 0x26, 0xAA, 0x75, 0x78, 0xCE, 0x27,
    0x86, 0x94, 0xD9, 0x9B, 0xB0, 0xBD, 0x64, 0xC5, 0x6B, 0x8F, 0x49, 0x5E, 0xAA, 0xF3, 0x4F, 0x06,
    0x61, 0x53, 0x8E, 0x19, 0x64, 0x36, 0x6A, 0xDE, 0x50, 0x22, 0x9D, 0x6F, 0x29, 0x49, 0xD5, 0x19,
    0x29, 0x34, 0x8D, 0x42, 0x9D, 0x30, 0x38, 0xC7, 0x7C, 0xC5, 0xF3, 0x68, 0xBD, 0x3C, 0x8E, 0x93,
    0xE1, 0xE2, 0x0E, 0xFF, 0x8A, 0xF8, 0xF0, 0x18, 0xCE, 0xE0, 0x55, 0x24, 0x0E, 0xD3, 0x9D, 0x71,
    0x6C, 0xB4, 0xF5, 0x37, 0x48, 0xCE, 0x8E, 0x5B, 0xB7, 0x39, 0x73, 0x61, 0x35, 0x6C, 0x12, 0xFC,
    0x6B, 0xC0, 0x30, 0xBB, 0xF9, 0x83, 0xA8, 0x28, 0xD8, 0xF3, 0xBE, 0x62, 0xDA, 0x48, 0xCD, 0xDA,
    0xEF, 0x4D, 0xFE, 0x81, 0x17, 0xCC, 0x9C, 0xFA, 0xE1, 0xBE, 0x7F, 0x6D, 0xF0, 0x3C, 0xB6, 0xC1,
    0x11, 0x65, 0x13, 0x53, 0x08, 0x93, 0x46, 0x8F, 0x49, 0x7E, 0xD7, 0xB0, 0x99, 0x89, 0xFF, 0x3D,
    0xC0, 0x91, 0x26, 0x4F, 0xB6, 0x7D, 0xC3, 0x3D, 0x86, 0xF3, 0x25, 0xDF, 0xE1, 0x06, 0xB7, 0x10,
    0x9D, 0x19, 0xC7, 0x19, 0x20, 0x7E, 0xD4, 0x78, 0xFC, 0x1F, 0xB6, 0xA1, 0xFF, 0x57, 0x46, 0xA7,
    0x81, 0x2F, 0x7B, 0xE9, 0x45, 0x2B, 0x36, 0x8C, 0xE0, 0xCB, 0xDE, 0x87, 0x3A, 0xDA, 0x55, 0x81,
    0x6B, 0x7A, 0xEA, 0xAB, 0xBE, 0x2A, 0x30, 0xA0, 0x45, 0xE9, 0xCF, 0xD6, 0x62, 0x43, 0x72, 0x48,
    0x39, 0xDF, 0x09, 0x2B, 0xF9, 0x73, 0x2B, 0x23, 0x2B, 0xC3, 0xE6, 0x4E, 0xFD, 0x84, 0xD0, 0xC1,
    0x88, 0x21, 0xF5, 0x0D, 0x9D, 0xF7, 0x76, 0xF2, 0x2B, 0x35, 0xF4, 0xF6, 0x33, 0xAE, 0xF2, 0x3F,
    0x9D, 0x58, 0x4D, 0x6C, 0x1C, 0xB7, 0x15, 0x7E, 0x33, 0x54, 0x3C, 0xB1, 0x27, 0x11, 0x5D, 0xA0,
    0x87, 0x06, 0x8E, 0x42, 0x1D, 0x7C, 0x28, 0xDA, 0xD8, 0x34, 0x8A, 0x1C, 0x54, 0xD4, 0xDA, 0x61,
    0xEC, 0x83, 0x0F, 0x2A, 0xEA, 0x5E, 0x0A, 0xF4, 0xD0, 0xA0, 0x06, 0xDA, 0x53, 0x7A, 0x50, 0x0F,
    0x46, 0x91, 0x02, 0x92, 0x67, 0x6C, 0x03, 0x0D, 0xD0, 0x5C, 0x74, 0xEB, 0x55, 0xD7, 0x1A, 0x35,
    0x6C, 0x14, 0x06, 0x1A, 0x20, 0xF2, 0x0E, 0x65, 0x1D, 0x8C, 0xD6, 0x85, 0x3D, 0xFE, 0x01, 0x72,
    0x48, 0x5B, 0x4F, 0x11, 0x17, 0x41, 0x23, 0xA0, 0x62, 0xEC, 0x71, 0xB2, 0xB1, 0x67, 0x97, 0xFD,
    0xC8, 0xDD, 0x95, 0x25, 0x79, 0xE5, 0x5D, 0x69, 0x87, 0xD4, 0xCE, 0xAC, 0xC8, 0xEF, 0x3D, 0x92,
    0xEF, 0x7D, 0xEF, 0xBD, 0xA1, 0x0B, 0x19, 0x05, 0x56, 0x93, 0xFF, 0x70, 0xF4, 0x44, 0xA1, 0xE3,
    0xF9, 0x23, 0xF4, 0x47, 0x25, 0x85, 0x77, 0x0D, 0xB1, 0x6B, 0x15, 0x45, 0xAB, 0x2D, 0xE2, 0xB6,
    0x26, 0x41, 0x57, 0x29, 0x55, 0xB9, 0xB2, 0xD7, 0xAC, 0xDE, 0xF7, 0x47, 0xE2, 0x6D, 0x37, 0x2F,
    0x6A, 0x91, 0xCC, 0x69, 0x5A, 0xD0, 0x98, 0xA0, 0x3D, 0x96, 0x92, 0x4B, 0xEE, 0x3E, 0xB1, 0x85,
    0xF8, 0x40, 0x53, 0x06, 0xFC, 0xA7, 0xC0, 0x6A, 0xD2, 0xAE, 0x64, 0xBC, 0xF2, 0x12, 0xF1, 0x3F,
    0x51, 0x54, 0x0D, 0x13, 0xD3, 0x87, 0x4D, 0x47, 0x83, 0x25, 0x9A, 0xC2, 0x04, 0x83, 0xDE, 0x41,
    0x3F, 0xB3, 0x01, 0x5A, 0x52, 0x0C, 0xE8, 0x59, 0x9A, 0xEF, 0x42, 0xDF, 0xD0, 0x14, 0x7B, 0xA5,
    0xB9, 0xA2, 0xA8, 0x70, 0x5A, 0x30, 0x4D, 0x42, 0xD3, 0xF7, 0xFD, 0x62, 0xF2, 0x32, 0xB2, 0x86,
    0x67, 0x46, 0xD2, 0xE5, 0x06, 0x51, 0xC3, 0x21, 0xB9, 0xBF, 0x09, 0x91, 0x84, 0x4A, 0xB6, 0x0A,
    0x6C, 0x41, 0x07, 0x89, 0xE6, 0xBC, 0x28, 0x3F, 0x3B, 0x6C, 0x93, 0xB0, 0xD4, 0xE0, 0x34, 0xFD,
    0x12, 0xCD, 0xFB, 0xF1, 0xD0, 0x5A, 0x5A, 0x8A, 0xB0, 0x91, 0x6F, 0xE0, 0x21, 0xA3, 0xAF, 0x74,
    0x50, 0x14, 0xA3, 0x82, 0x9F, 0xA2, 0xA0, 0x45, 0xEC, 0x22, 0xC5, 0xAF, 0x0E, 0x03, 0x7F, 0xCD,
    0xCF, 0x3C, 0x3C, 0xB2, 0xDA, 0x0B, 0x14, 0x1A, 0x0A, 0xCC, 0x30, 0x58, 0x52, 0xE1, 0x9D, 0x82,
    0xAC, 0xA2, 0xE9, 0x51, 0x91, 0xC7, 0xC6, 0x88, 0xBF, 0xE9, 0x4E, 0x74, 0x28, 0x78, 0x40, 0x8A,
    0xD8, 0xFB, 0xB0, 0x1F, 0x77, 0x46, 0x73, 0x5D, 0xF3, 0x91, 0x76, 0x81, 0xE4, 0x1A, 0x0E, 0x54,
    0x77, 0xD0, 0x13, 0x74, 0xA9, 0xB8, 0x16, 0x1B, 0xBA, 0xFB, 0xED, 0x2A, 0x89, 0xD5, 0x8A, 0x52,
    0xA8, 0x45, 0x07, 0x6E, 0x00, 0x11, 0x3D, 0xFE, 0x1B, 0xFA, 0x5F, 0x29, 0xC4, 0xD9, 0x8B, 0x35,
    0x4D, 0x8D, 0x58, 0xD3, 0x34, 0xFA, 0x7C, 0xAF, 0x27, 0x5C, 0xBB, 0xF3, 0xA6, 0xF8, 0xD3, 0x6A,
    0xA0, 0x0C, 0x71, 0x4F, 0xA8, 0xBC, 0xDE, 0x46, 0x86, 0xF4, 0x26, 0x61, 0x5B, 0x14, 0xEB, 0xC8,
    0x6A, 0x61, 0x35, 0xD0, 0xE7, 0xFB, 0x0D, 0xC8, 0x89, 0x2D, 0x81, 0x1B, 0x5E, 0x20, 0x66, 0xDD,
    0x1A, 0x52, 0x6B, 0xC4, 0xAA, 0xE1, 0xFA, 0x32, 0xD7, 0xFB, 0xB9, 0xDB, 0x16, 0xCD, 0x3F, 0xCF,
    0xDC, 0x8D, 0x9E, 0xE4, 0xFA, 0x34, 0x50, 0x31, 0x60, 0x0F, 0x7C, 0xAB, 0xD3, 0xDF, 0x1F, 0x58,
    0x26, 0xCF, 0x1A, 0x3F, 0xCF, 0x52, 0x9B, 0xCD, 0xF9, 0xFD, 0x94, 0x6B, 0x2A, 0xEE, 0x50, 0x18,
    0x10, 0x5B, 0xA3, 0xA0, 0x3D, 0x2A, 0xE6, 0xDE, 0x90, 0xF8, 0x45, 0x62, 0xD5, 0x10, 0x58, 0xFA,
    0x25, 0x51, 0x4D, 0xF4, 0xE1, 0xA8, 0xB0, 0x30, 0x95, 0x60, 0xA3, 0xA9, 0x6C, 0x03, 0x8B, 0x91,
    0x72, 0x28, 0x54, 0xA4, 0xBC, 0xAF, 0x95, 0x14, 0x17, 0x5D, 0xC3, 0xD8, 0x08, 0xE5, 0xAC, 0xC8,
    0xAA, 0xB8, 0xED, 0x9D, 0x17, 0xB6, 0x22, 0x09, 0x26, 0x12, 0xCD, 0x28, 0xD6, 0xDE, 0x81, 0xB6,
    0xCE, 0xFC, 0x26, 0x9C, 0xBF, 0x0F, 0x55, 0xD8, 0x69, 0x82, 0x93, 0xFD, 0x6D, 0x49, 0xE5, 0xA2,
    0x47, 0x6F, 0x31, 0x5B, 0xF3, 0xE2, 0xA8, 0xA4, 0xA3, 0x3D, 0xDB, 0x66, 0xB6, 0x11, 0x34, 0x13,
    0x9A, 0x96, 0x7A, 0x9A, 0xDB, 0x76, 0x90, 0x3F, 0xD8, 0xE2, 0x8F, 0xD1, 0x53, 0x23, 0xF2, 0xCB,
    0x87, 0xB9, 0x6A, 0x70, 0x05, 0x29, 0xBC, 0x45, 0x87, 0xB0, 0x8A, 0x9F, 0x60, 0x5D, 0xC5, 0xF4,
    0xAF, 0xCA, 0x25, 0x56, 0xA4, 0x79, 0x26, 0xBE, 0x26, 0x5A, 0x98, 0xA4, 0x27, 0xA5, 0xF3, 0xFD,
    0xD1, 0xA4, 0x6C, 0x3C, 0xC7, 0x51, 0x45, 0xEC, 0xC3, 0x5A, 0x14, 0x28, 0x70, 0xD4, 0x85, 0x6C,
    0x70, 0xFF, 0x51, 0x45, 0x8C, 0x02, 0x4B, 0x9E, 0x48, 0xE3, 0xCC, 0xED, 0xED, 0xCB, 0x44, 0x93,
    0x8E, 0x18, 0x83, 0x82, 0xC2, 0x92, 0x82, 0x72, 0x27, 0xB2, 0x80, 0x40, 0x1C, 0x2C, 0x39, 0x0D,
    0x0D, 0x7F, 0x7D, 0xA4, 0xBB, 0xAA, 0x0A, 0x06, 0x56, 0xCC, 0x16, 0x9B, 0xD8, 0xC0, 0x5A, 0xC5,
    0x3F, 0xCF, 0x37, 0x31, 0x84, 0x28, 0x65, 0xE1, 0xC6, 0x06, 0xD0, 0xA3, 0xA4, 0xF1, 0x0F, 0x69,
    0xEA, 0xDB, 0x6E, 0xFA, 0x01, 0x4D, 0xB2, 0x70, 0x14, 0x1F, 0x69, 0x8A, 0x3E, 0x01, 0x8D, 0x55,
    0x51, 0xD9, 0x8A, 0x8A, 0x7A, 0xBD, 0xC5, 0x45, 0x2D, 0x1F, 0xDA, 0x0D, 0x52, 0xB2, 0xDC, 0x82,
    0xEB, 0x86, 0x48, 0x99, 0x25, 0x9A, 0x55, 0x64, 0x2B, 0x12, 0xD8, 0xFD, 0xD9, 0x0C, 0xEB, 0x10,
    0xE7, 0x4B, 0x71, 0xDC, 0xAC, 0x37, 0x79, 0xDC, 0xE4, 0x37, 0xEA, 0xD7, 0xF6, 0x27, 0x57, 0xBE,
    0x67, 0xDC, 0x22, 0x24, 0xA0, 0x37, 0x5F, 0xA2, 0x4C, 0xAB, 0x6F, 0xEE, 0xCF, 0xCD, 0x2F, 0x0A,
    0x87, 0x95, 0x2A, 0xBE, 0x7E, 0x41, 0x44, 0xF9, 0x9D, 0xC5, 0xE4, 0x05, 0xF3, 0xDE, 0x5D, 0xCC,
    0xCD, 0xA0, 0x59, 0x93, 0xFB, 0x1B, 0x97, 0x45, 0xB1, 0xFD, 0xBC, 0x53, 0x93, 0xCD, 0x52, 0x66,
    0x83, 0x66, 0x6E, 0x37, 0x63, 0x1C, 0x27, 0x95, 0x64, 0x22, 0xDB, 0x47, 0x22, 0xE3, 0x2E, 0x10,
    0x2B, 0xB9, 0x61, 0xA6, 0xC8, 0xD2, 0x32, 0xD4, 0x91, 0x8A, 0x16, 0x98, 0xD9, 0x83, 0x0D, 0x72,
    0xE7, 0xB7, 0x1D, 0xD2, 0x00, 0x99, 0x8F, 0x2D, 0xB6, 0x33, 0xCF, 0xBA, 0xC4, 0xBB, 0x7D, 0x17,
    0x65, 0x02, 0x54, 0xD0, 0x84, 0xB3, 0x3E, 0x5A, 0x42, 0xAC, 0x6E, 0x91, 0x3B, 0xD2, 0x7D, 0xB4,
    0x28, 0xCE, 0x55, 0xFC, 0x6D, 0x67, 0xCE, 0xB3, 0x27, 0xAA, 0x74, 0x06, 0xF7, 0x9B, 0x9A, 0x38,
    0x5B, 0xA5, 0xFF, 0x36, 0xCE, 0xE4, 0xA3, 0xD2, 0x65, 0x26, 0x02, 0xE6, 0xC8, 0x5A, 0x7C, 0x6E,
    0x02, 0x6E, 0x2C, 0xDB, 0x71, 0xC5, 0xCC, 0x96, 0xAB, 0xC4, 0x05, 0xE5, 0x53, 0x05, 0x1A, 0x3A,
    0x15, 0xB4, 0xD8, 0xC5, 0x78, 0x2F, 0x24, 0x99, 0x3D, 0x26, 0xD8, 0x74, 0x85, 0x18, 0x29, 0xB4,
    0xA4, 0xF4, 0x0B, 0x9B, 0xC9, 0x02, 0xD1, 0x64, 0xB9, 0x22, 0x7E, 0x1D, 0x84, 0x74, 0x9F, 0x7C,
    0xEA, 0xC4, 0x11, 0x0F, 0xF8, 0x7D, 0x3C, 0x5F, 0x37, 0xC4, 0xAF, 0x21, 0x45, 0x29, 0x73, 0x95,
    0x56, 0x30, 0x95, 0x7E, 0xA6, 0xE4, 0x76, 0xD2, 0x7D, 0x7F, 0x0B, 0x8A, 0x23, 0xBA, 0x92, 0xF3,
    0x60, 0xD7, 0x84, 0x11, 0xBC, 0x10, 0x82, 0xC4, 0x12, 0x09, 0x4C, 0x4B, 0xF1, 0x8B, 0x96, 0x33,
    0x26, 0x5F, 0xF6, 0xA4, 0x70, 0xB4, 0xDF, 0x7E, 0x4C, 0xE9, 0x49, 0x23, 0x67, 0x0A, 0x7E, 0x92,
    0xF8, 0x92, 0x93, 0xC8, 0x67, 0x89, 0x9F, 0xD4, 0xE2, 0x7D, 0x93, 0xDE, 0xF6, 0x23, 0xB1, 0x60,
    0x43, 0xE3, 0xAA, 0xEB, 0x3F, 0xCE, 0x01, 0x3C, 0x5B, 0x6E, 0x69, 0x47, 0xB8, 0xBE, 0xD2, 0xE3,
    0x67, 0x0A, 0xB4, 0xD0, 0x6E, 0x73, 0x67, 0x91, 0x48, 0x89, 0xE7, 0x2E, 0x99, 0xE5, 0xE5, 0x68,
    0x38, 0x44, 0x95, 0x27, 0x6D, 0xDC, 0x66, 0x2F, 0x00, 0x73, 0xAB, 0x87, 0x15, 0x38, 0xAE, 0x08,
    0x8A, 0xF4, 0x71, 0x21, 0x6F, 0x6B, 0xBE, 0x9C, 0xBD, 0x00, 0x79, 0xF6, 0x9D, 0xFC, 0x1D, 0xF1,
    0x33, 0xF1, 0xD3, 0x61, 0x7A, 0x2D, 0xF2, 0x6B, 0x86, 0x2F, 0x9B, 0xAD, 0xB3, 0x15, 0xE5, 0xCA,
    0xBB, 0xEA, 0x7A, 0x3B, 0xA6, 0x04, 0x36, 0x6C, 0x26, 0xEB, 0x3E, 0xC2, 0x27, 0xA0, 0x94, 0x68,
    0x53, 0x5C, 0x11, 0x33, 0xBE, 0x3D, 0xCD, 0x10, 0x7F, 0x84, 0xA1, 0x1F, 0xB8, 0xC7, 0x57, 0x98,
    0x39, 0x14, 0x3D, 0x69, 0x0B, 0x5B, 0x1F, 0x28, 0x0E, 0x14, 0x91, 0xBB, 0xEE, 0x45, 0xA0, 0x11,
    0x51, 0x7C, 0xD7, 0x3F, 0xC5, 0xA5, 0x6C, 0xF9, 0xC3, 0x0D, 0x91, 0x82, 0x22, 0x67, 0xE8, 0xE5,
    0x91, 0x48, 0x5B, 0xD3, 0x52, 0xC2, 0xE3, 0x78, 0x85, 0xF5, 0xD6, 0xE8, 0x4D, 0xF4, 0x04, 0xA7,
    0xC6, 0x6F, 0x11, 0x8F, 0xD6, 0x88, 0x23, 0x73, 0xE0, 0x64, 0x21, 0x3F, 0x85, 0x02, 0x08, 0x7C,
    0x7B, 0xBD, 0x5D, 0x20, 0xE9, 0x7A, 0xCB, 0x67, 0x45, 0xF8, 0xDD, 0x96, 0xFC, 0xBC, 0xE1, 0xC7,
    0x9E, 0x35, 0x71, 0xBE, 0x4A, 0x3F, 0xA9, 0x77, 0x8C, 0x3C, 0xC0, 0xF4, 0x5E, 0x00, 0xBF, 0xC5,
    0xDC, 0x48, 0x29, 0x0A, 0x90, 0x10, 0xD2, 0x47, 0x59, 0x3F, 0xD9, 0xDC, 0xF1, 0xDA, 0x82, 0x40,
    0xB1, 0xEB, 0xCA, 0x25, 0xE6, 0x73, 0x43, 0xD6, 0xF6, 0x66, 0xCF, 0xD3, 0x0F, 0x39, 0x25, 0x30,
    0xEE, 0x34, 0x06, 0x12, 0x46, 0x12, 0x46, 0x6C, 0xEA, 0x18, 0x4E, 0x1B, 0xF7, 0xC2, 0xF4, 0x34,
    0xB9, 0xEA, 0x34, 0xE1, 0x3D, 0x4D, 0xEE, 0x13, 0x0F, 0xB7, 0xEE, 0x05, 0x7C, 0x8D, 0x61, 0x19,
    0x31, 0xD6, 0x89, 0x78, 0x3B, 0x2B, 0x33, 0xB9, 0x5A, 0xF2, 0x73, 0x9B, 0x55, 0x39, 0x67, 0xD2,
    0x3B, 0xDE, 0x14, 0xC0, 0x34, 0xC8, 0x17, 0xA0, 0x10, 0x6A, 0x2A, 0xB2, 0x05, 0xF5, 0x32, 0x62,
    0x8A, 0x50, 0x7C, 0x70, 0x9D, 0x23, 0x5F, 0x49, 0xF0, 0x5F, 0xA9, 0x1A, 0xA0, 0xC8, 0x33, 0xE8,
    0x20, 0x2C, 0x95, 0xE0, 0x37, 0x89, 0x5C, 0x92, 0x23, 0x7B, 0x0C, 0x6C, 0x46, 0x7B, 0x2E, 0xB8,
    0xFA, 0xC3, 0x19, 0x48, 0x87, 0x7C, 0x22, 0x59, 0x4C, 0xB3, 0x72, 0xDE, 0xB7, 0x24, 0xD2, 0xD2,
    0x66, 0x2E, 0xFD, 0xC9, 0xB0, 0xD1, 0x4F, 0x1C, 0x7B, 0xAB, 0xDD, 0xC9, 0x08, 0x29, 0xFE, 0x1F,
    0x85, 0xAD, 0x61, 0x62, 0x5E, 0x86, 0xD7, 0x1D, 0x86, 0x89, 0x2D, 0xC1, 0x4F, 0x17, 0xF4, 0xAE,
    0x44, 0xB9, 0xCF, 0x5D, 0x15, 0x7C, 0xA6, 0xC2, 0x5B, 0x14, 0xFE, 0x70, 0x98, 0x40, 0x04, 0x54,
    0x8A, 0x3A, 0x1D, 0xC4, 0x7D, 0xBD, 0x14, 0x03, 0x7F, 0xC9, 0x1D, 0xEF, 0x92, 0x33, 0xF3, 0x66,
    0x8D, 0x84, 0x2F, 0xAF, 0xBB, 0x8F, 0x09, 0x2D, 0x85, 0x24, 0x8A, 0xA5, 0x48, 0xC5, 0xB6, 0x03,
    0x7F, 0x75, 0xD3, 0xC2, 0xB6, 0x2C, 0x84, 0xB5, 0x55, 0x23, 0x2E, 0x5B, 0xD3, 0xEC, 0x3F, 0xF5,
    0x3C, 0x72, 0x91, 0x79, 0x56, 0x50, 0x12, 0xB9, 0x7C, 0xDE, 0xB6, 0xE2, 0x96, 0xF4, 0x09, 0x86,
    0x4F, 0x81, 0x5C, 0x2D, 0xFA, 0xA0, 0x5F, 0x4F, 0xC0, 0xA9, 0xD7, 0x60, 0x35, 0xD7, 0x4C, 0x97,
    0x9D, 0x57, 0xF0, 0xBD, 0xA6, 0x7B, 0xCC, 0x8C, 0x6C, 0xF4, 0x06, 0x38, 0x63, 0x05, 0xE1, 0xBB,
    0xEC, 0xB8, 0x80, 0x45, 0x74, 0x04, 0xAC, 0x65, 0x08, 0xBB, 0x21, 0x0F, 0xE7, 0x4D, 0x7E, 0xEF,
    0x59, 0x80, 0xCB, 0xCD, 0x8E, 0xB1, 0xDC, 0xE7, 0x8D, 0x9E, 0x4E, 0xEE, 0xFB, 0xE0, 0x20, 0x54,
    0xE7, 0x85, 0x71, 0x8F, 0x02, 0x61, 0x89, 0x70, 0x49, 0x56, 0x77, 0xE9, 0x73, 0x37, 0xFA, 0x8F,
    0x8D, 0x8D, 0x1F, 0x8D, 0x0D, 0xF2, 0xAD, 0x81, 0x92, 0xBC, 0x1A, 0x57, 0x7B, 0xB9, 0x58, 0xD8,
    0x41, 0x66, 0xA3, 0x25, 0xCB, 0x12, 0xA6, 0x1C, 0x73, 0xB6, 0x51, 0x3C, 0x41, 0x98, 0x9E, 0x8A,
    0x35, 0x2A, 0xA7, 0xC4, 0x2A, 0xD1, 0x72, 0x19, 0x5C, 0x15, 0x94, 0x01, 0x0E, 0x3A, 0xFA, 0x5A,
    0x36, 0x1B, 0xE3, 0xC9, 0x3D, 0x5E, 0x7F, 0x23, 0x9F, 0x92, 0xC9, 0x55, 0x59, 0xD1, 0x15, 0x0A,
    0x6A, 0x62, 0xF7, 0x29, 0x8E, 0x46, 0x86, 0xCB, 0x98, 0x89, 0xE7, 0x5E, 0x7D, 0x7D, 0x10, 0xDC,
    0x48, 0xF3, 0xBB, 0x1B, 0xF3, 0x1E, 0x39, 0xD9, 0xE5, 0x20, 0x9D, 0x08, 0x36, 0x61, 0xA8, 0x64,
    0xA8, 0x2A, 0xE1, 0xF6, 0x14, 0xD5, 0xFD, 0x3A, 0x60, 0x04, 0xF4, 0xB1, 0xB1, 0x89, 0xA9, 0xD8,
    0x00, 0x60, 0x00, 0x70, 0x6A, 0x3B, 0x67, 0x6C, 0xF3, 0xF4, 0xFC, 0xC4, 0x91, 0xF9, 0xD7, 0x5D,
    0x6D, 0xB2, 0xB9, 0x05, 0xB9, 0x62, 0xDD, 0x97, 0x2C, 0xD3, 0x7E, 0x8B, 0x0F, 0x39, 0x1D, 0x99,
    0x86, 0xE1, 0x77, 0xE4, 0x7F, 0x63, 0xDD, 0xBF, 0x22, 0x1B, 0xB6, 0xFD, 0x0A, 0x8E, 0xE2, 0xDF,
    0x25, 0xCA, 0x5F, 0xB6, 0xA2, 0x03, 0xDB, 0xE3, 0xC1, 0x91, 0x24, 0xEC, 0x85, 0xB1, 0x8C, 0xB3,
    0xBF, 0x0F, 0x02, 0xDE, 0x32, 0xDF, 0x8D, 0x6E, 0x3E, 0x37, 0x5F, 0x6D, 0x54, 0x2A, 0xA9, 0xD7,
    0x95, 0x3A, 0x08, 0xA6, 0x01, 0xB7, 0xD2, 0x1F, 0xBA, 0x34, 0x90, 0x1B, 0x8B, 0x1C, 0x18, 0x69,
    0x5A, 0x26, 0x69, 0x70, 0x6F, 0x20, 0x3D, 0x9F, 0xF7, 0x54, 0x11, 0xE4, 0x05, 0x05, 0x67, 0x11,
    0x27, 0x15, 0xF3, 0x26, 0x9F, 0xC6, 0x65, 0xCE, 0x4B, 0xC9, 0x9E, 0x35, 0x71, 0xA2, 0xE4, 0x48,
    0xB7, 0xBF, 0xAC, 0xE9, 0xDD, 0x85, 0xAE, 0x98, 0x5D, 0x88, 0x40, 0x75, 0x1D, 0xB9, 0x5A, 0xFC,
    0x85, 0xF8, 0x0B, 0xFB, 0xC9, 0x55, 0x5A, 0xBD, 0x52, 0x6B, 0xC7, 0x32, 0x18, 0x0A, 0xEE, 0x55,
    0x67, 0xD4, 0x43, 0xC4, 0xA0, 0xD2, 0xA2, 0xDF, 0xE8, 0x6E, 0x97, 0x6A, 0x57, 0xA2, 0xC0, 0x73,
    0xC1, 0x4D, 0x0A, 0x7F, 0x4F, 0xE1, 0x4D, 0xA2, 0xD6, 0x30, 0x81, 0x7B, 0x41, 0x0E, 0x02, 0x71,
    0x6A, 0x0E, 0x4C, 0xBD, 0xB8, 0xB0, 0x3B, 0x81, 0xF8, 0xFC, 0x39, 0xA3, 0x47, 0x3A, 0xF8, 0x58,
    0x05, 0xBF, 0x1B, 0x22, 0x70, 0x34, 0xF0, 0x39, 0x80, 0x57, 0x00, 0x77, 0xEC, 0x40, 0xBE, 0xAA,
    0x77, 0xE9, 0x35, 0x60, 0xD1, 0x9E, 0x83, 0x7D, 0x10, 0x3D, 0xAE, 0xFB, 0xD5, 0x60, 0xB5, 0xFE,
    0x02, 0xC2, 0xBF, 0xDC, 0x00, 0x85, 0x80, 0xF8, 0x58, 0xEF, 0x05, 0x62, 0x6E, 0x96, 0x44, 0x95,
    0xA0, 0x1E, 0x2B, 0xB9, 0x6E, 0x47, 0x48, 0x07, 0x3B, 0x71, 0x16, 0xDF, 0xB1, 0x5C, 0xB1, 0x4F,
    0xEF, 0x73, 0x62, 0x8F, 0x6E, 0xFD, 0x88, 0xC2, 0xAF, 0x66, 0xFE, 0x89, 0xF0, 0x03, 0xE7, 0x26,
    0xEB, 0xC8, 0xB2, 0xE9, 0x6A, 0xE5, 0x79, 0xE7, 0xE8, 0x28, 0xFA, 0x28, 0xC6, 0x62, 0x27, 0x70,
    0x3F, 0xF5, 0x56, 0x17, 0x6F, 0x65, 0xA5, 0x96, 0xC7, 0x8B, 0x0A, 0x5A, 0x18, 0xFE, 0xC1, 0x17,
    0x65, 0x7C, 0xF3, 0xA1, 0x66, 0xFF, 0xF8, 0x8B, 0x66, 0x75, 0xAA, 0xC2, 0x16, 0x8A, 0x89, 0xEA,
    0xB0, 0x77, 0x5B, 0x97, 0x7D, 0x07, 0x9F, 0x69, 0x62, 0x67, 0x7B, 0x3E, 0xF0, 0xD0, 0x52, 0xBA,
    0x8C, 0x94, 0x5A, 0x57, 0x14, 0xDD, 0x2E, 0x21, 0x59, 0x53, 0xF0, 0x54, 0xF9, 0x71, 0x3E, 0x2B,
    0xE9, 0x77, 0xAC, 0xDF, 0x3B, 0xFF, 0x29, 0xB7, 0xAA, 0xF0, 0x5F, 0xC4, 0x4E, 0xF8, 0xE9, 0x77,
    0x6B, 0x79, 0xD6, 0xF0, 0x73, 0x25, 0x5F, 0xD1, 0xD1, 0xF5, 0x8C, 0xAD, 0x2A, 0xE7, 0xE9, 0x6D,
    0x5F, 0xB6, 0x5C, 0x71, 0x95, 0x48, 0xAE, 0xDD, 0xCB, 0x30, 0x7A, 0x5B, 0x11, 0xFB, 0x18, 0x52,
    0xAF, 0xEF, 0x52, 0x6A, 0x97, 0xD3, 0x9B, 0x14, 0xF8, 0x80, 0x97, 0xD8, 0xA2, 0x71, 0xA9, 0x9C,
    0xE2, 0x7A, 0x32, 0xF1, 0x61, 0xB0, 0x76, 0x79, 0x0B, 0xCA, 0x60, 0xA1, 0x17, 0x13, 0x32, 0xE9,
    0xA5, 0xD2, 0xBD, 0x03, 0xEB, 0x56, 0xE5, 0x28, 0xC9, 0xB3, 0xEE, 0x14, 0x6A, 0xE4, 0x74, 0x04,
    0x51, 0x01, 0x29, 0x2F, 0x02, 0xCD, 0x32, 0x49, 0xA6, 0xD2, 0x4B, 0xE0, 0x23, 0x0F, 0xBE, 0xE8,
    0xDE, 0x78, 0x74, 0xA3, 0xD1, 0x28, 0xE0, 0xC0, 0x04, 0x08, 0x2B, 0x46, 0x40, 0xDE, 0x4C, 0xD0,
    0xA3, 0x80, 0x8F, 0x8D, 0xD1, 0xC4, 0x14, 0x71, 0x33, 0x12, 0x7E, 0xD0, 0x41, 0xA6, 0xA5, 0xF8,
    0xB1, 0x7E, 0x49, 0xF5, 0x5C, 0x83, 0xE7, 0x22, 0x26, 0xFE, 0x1F, 0xAD, 0x58, 0x31, 0x6F, 0x1C,
    0xC7, 0x15, 0x7E, 0x7B, 0x4B, 0x73, 0x24, 0xAD, 0xCD, 0x61, 0x00, 0x17, 0x89, 0x25, 0x66, 0x58,
    0xA8, 0x30, 0x02, 0x86, 0xCB, 0xC2, 0x01, 0x18, 0xE0, 0xB8, 0x3B, 0xB6, 0x0B, 0x21, 0x08, 0x02,
    0xA9, 0x49, 0x97, 0xC4, 0x08, 0x20, 0x20, 0x85, 0x0B, 0xAA, 0x60, 0xA1, 0xC0, 0x3A, 0xEE, 0x2A,
    0x02, 0x92, 0x22, 0x85, 0xEF, 0x1F, 0x84, 0x85, 0x8A, 0x58, 0x42, 0x40, 0x25, 0x66, 0x21, 0x20,
    0x22, 0x77, 0x28, 0x16, 0x2A, 0x54, 0x64, 0x60, 0x1B, 0x48, 0xE1, 0x42, 0xAB, 0xC8, 0x4D, 0xC4,
    0x20, 0x5C, 0x26, 0x0B, 0x67, 0x15, 0x1F, 0x6F, 0xFC, 0xBD, 0xB9, 0x23, 0x23, 0xCB, 0x74, 0xC8,
    0x9C, 0xB2, 0xB7, 0xF3, 0x74, 0xA4, 0x76, 0xBF, 0x37, 0xF3, 0xE6, 0xBD, 0xEF, 0x7D, 0x43, 0x22,
    0x0A, 0x48, 0x13, 0x51, 0xF8, 0xAB, 0x1C, 0xB6, 0xD5, 0x27, 0xBE, 0xAE, 0xD0, 0xE0, 0x8A, 0x5D,
    0x57, 0xB9, 0x2A, 0xDE, 0x69, 0xD4, 0xCD, 0x4A, 0x9A, 0xFE, 0x94, 0x28, 0xA5, 0x49, 0x4F, 0x48,
    0x23, 0x4D, 0xAC, 0x53, 0x2D, 0x8D, 0xD2, 0xCB, 0xC4, 0xB6, 0xC7, 0xF6, 0xCD, 0x0A, 0x36, 0x8D,
    0xCA, 0xD7, 0xA4, 0x59, 0x97, 0xE6, 0xB2, 0xDA, 0xAE, 0xE3, 0xED, 0x3A, 0x73, 0x1A, 0x08, 0x80,
    0x0A, 0x5E, 0x60, 0xC0, 0x68, 0x8A, 0x31, 0xC3, 0x86, 0x80, 0x49, 0xFC, 0x3C, 0xFB, 0xC3, 0x5B,
    0xCA, 0xE5, 0xC0, 0xFC, 0xC9, 0x2A, 0xAC, 0xFA, 0x51, 0xEA, 0x31, 0xEF, 0xB0, 0x7D, 0xBD, 0xE6,
    0xFF, 0x0D, 0x4B, 0xCD, 0x98, 0x9B, 0x86, 0x31, 0x6F, 0x1A, 0x60, 0xC6, 0x2E, 0xA7, 0xFD, 0x4B,
    0x5F, 0xA0, 0xD3, 0x66, 0xD7, 0x52, 0x6A, 0xD2, 0x9C, 0x22, 0xA3, 0xE0, 0xC5, 0x60, 0x25, 0x6E,
    0xD3, 0x35, 0x6A, 0xE7, 0xEE, 0x76, 0x93, 0x44, 0x77, 0xB7, 0xAA, 0x85, 0x08, 0x93, 0xEE, 0x44,
    0x98, 0x37, 0xCC, 0xF2, 0x58, 0x2A, 0x4D, 0x6F, 0x26, 0x75, 0x1F, 0xFE, 0xFB, 0x4E, 0xF4, 0xE8,
    0x53, 0xD7, 0x78, 0x9C, 0xAC, 0x0E, 0x9D, 0x89, 0x6D, 0xD0, 0x87, 0x33, 0xEA, 0xD0, 0x7F, 0x31,
    0x73, 0x6C, 0xD6, 0x3A, 0x84, 0xE9, 0x74, 0x28, 0x73, 0x95, 0x0F, 0xD7, 0x1D, 0x5E, 0x24, 0x23,
    0x45, 0xBC, 0xDC, 0xC8, 0xCF, 0xEF, 0x62, 0x56, 0x53, 0x2F, 0xB6, 0x74, 0x1B, 0x2F, 0xE2, 0x95,
    0x56, 0x4F, 0x9A, 0x10, 0x83, 0x9E, 0x1A, 0x73, 0x18, 0x6B, 0x3D, 0x20, 0xF5, 0x00, 0xC4, 0xAF,
    0x63, 0x84, 0x35, 0x91, 0x2A, 0xF1, 0x46, 0xBE, 0xA8, 0x57, 0x8A, 0x37, 0x6A, 0xF5, 0x7A, 0xA5,
    0x34, 0xA9, 0x73, 0x95, 0xFA, 0x7E, 0xC5, 0xDF, 0x9F, 0xBA, 0xE3, 0xAB, 0x55, 0xF1, 0x97, 0x8A,
    0x5A, 0x15, 0x45, 0x25, 0x22, 0x40, 0xB3, 0x94, 0x99, 0x6C, 0xC7, 0x51, 0x5C, 0xC6, 0xBF, 0xDC,
    0x23, 0x59, 0xCB, 0x00, 0x11, 0xEC, 0x79, 0xBB, 0xE1, 0x6D, 0x7A, 0x9E, 0xAD, 0xFC, 0x13, 0x5B,
    0xB1, 0xC3, 0x36, 0x74, 0x6C, 0x89, 0x6D, 0x9C, 0x67, 0xB0, 0x45, 0x19, 0xC3, 0x72, 0x36, 0xF0,
    0x4A, 0x28, 0xF4, 0x36, 0x36, 0x6C, 0x67, 0x7D, 0xA4, 0x82, 0x2E, 0x9C, 0x3C, 0xAA, 0xE0, 0xE3,
    0x17, 0x25, 0x5C, 0x10, 0x7B, 0x88, 0x2A, 0x38, 0x90, 0x15, 0xF0, 0xC3, 0x0A, 0xF0, 0x30, 0x62,
    0x07, 0x26, 0x74, 0x30, 0x04, 0x03, 0xE8, 0xB0, 0x02, 0xB2, 0x47, 0x0B, 0x4B, 0x0E, 0x91, 0x85,
    0x49, 0x19, 0x36, 0x61, 0xD0, 0x6F, 0xF0, 0x4F, 0x18, 0x0B, 0xDE, 0x5B, 0x9C, 0x6F, 0x64, 0xEE,
    0x61, 0x5F, 0x5E, 0xAB, 0x12, 0xF9, 0xC6, 0x17, 0x87, 0xBA, 0x56, 0x27, 0xD9, 0xC7, 0xBD, 0x64,
    0xF8, 0x6C, 0x8F, 0x48, 0x34, 0x03, 0x48, 0x4D, 0xAD, 0x2D, 0xE0, 0xB9, 0x7D, 0x14, 0xCE, 0x2D,
    0x46, 0xD5, 0x03, 0x3F, 0x7F, 0xC4, 0xF8, 0x67, 0x49, 0xAD, 0x0F, 0x2B, 0x0A, 0xEF, 0xD6, 0x24,
    0xB6, 0x1B, 0x92, 0xAE, 0x47, 0x8A, 0xD6, 0x29, 0xD3, 0x85, 0x76, 0x77, 0x9D, 0x19, 0x1B, 0xA3,
    0x89, 0x19, 0x8A, 0x6A, 0x6A, 0xF1, 0x0C, 0x19, 0x38, 0x2E, 0x68, 0x41, 0xD1, 0x98, 0xA2, 0x71,
    0x47, 0xE9, 0x2A, 0x7F, 0x4F, 0x9D, 0x55, 0xBF, 0x36, 0x93, 0x93, 0x4B, 0x6B, 0x89, 0xE5, 0x6D,
    0xCE, 0xEA, 0xD8, 0x72, 0x49, 0x3C, 0xFD, 0x51, 0x65, 0x56, 0x4F, 0x5E, 0xF8, 0xBD, 0x4D, 0x73,
    0x9E, 0xC0, 0xA2, 0xCE, 0xB4, 0x3C, 0xF8, 0xC4, 0x36, 0x2B, 0x49, 0x6B, 0x0A, 0x3E, 0x40, 0x00,
    0x3E, 0xD3, 0xFB, 0x41, 0x25, 0xC4, 0x9D, 0x84, 0xE3, 0x52, 0x2A, 0x28, 0x46, 0x28, 0x12, 0x8A,
    0x75, 0x42, 0x2A, 0x5F, 0xC6, 0x48, 0x49, 0xE9, 0x14, 0xBF, 0x8B, 0xCD, 0x3A, 0xE6, 0xDC, 0x50,
    0x80, 0xFC, 0x47, 0x45, 0x45, 0x13, 0x14, 0x62, 0xFD, 0x7E, 0x83, 0x50, 0xBA, 0xCA, 0x99, 0x24,
    0xB2, 0x0B, 0x61, 0xD9, 0xF1, 0x77, 0x2A, 0x0C, 0xEA, 0x24, 0xDA, 0x43, 0x60, 0x26, 0x89, 0x1E,
    0x62, 0x45, 0x05, 0xA6, 0x1B, 0x0F, 0x9D, 0x55, 0xCE, 0x2E, 0x5A, 0xCC, 0x2B, 0x8F, 0xE9, 0xF0,
    0x91, 0x90, 0xB4, 0x1D, 0x3F, 0xA3, 0xA0, 0xB0, 0x14, 0x04, 0x14, 0xBE, 0x4B, 0x2D, 0x78, 0x5B,
    0xF3, 0xC5, 0x12, 0x95, 0x85, 0xC4, 0x6E, 0xFE, 0xE7, 0x56, 0xE7, 0x4A, 0xE9, 0x6A, 0xF1, 0x69,
    0x8F, 0x6E, 0x74, 0xB1, 0x07, 0xD5, 0xC0, 0xCD, 0x6E, 0x39, 0x18, 0x23, 0x78, 0x6C, 0xDD, 0xD0,
    0xC2, 0x31, 0x35, 0x89, 0xFB, 0x5A, 0xBC, 0xAB, 0x8F, 0x70, 0x4A, 0x17, 0xF0, 0x20, 0x1C, 0x4D,
    0x20, 0xB0, 0xBB, 0x95, 0x1F, 0xA3, 0x38, 0x05, 0x1B, 0x72, 0xCE, 0x60, 0x4B, 0x5E, 0x3B, 0x9E,
    0xDF, 0x15, 0xBC, 0xF3, 0x0E, 0xC2, 0x0A, 0xDA, 0x79, 0x1E, 0xBF, 0xE2, 0x9C, 0x0E, 0xFF, 0xEE,
    0x8B, 0xFF, 0x98, 0xEB, 0xCD, 0x07, 0x54, 0x41, 0xAF, 0x3C, 0x9F, 0x5F, 0x2C, 0x37, 0x34, 0x3E,
    0xDB, 0x2F, 0x1D, 0xCB, 0x6F, 0xD4, 0x50, 0xE2, 0x68, 0x1A, 0x74, 0x24, 0xF3, 0xCC, 0xE5, 0xCB,
    0xAB, 0xFA, 0x8A, 0xA4, 0x74, 0x83, 0x4B, 0x26, 0xB8, 0x91, 0x83, 0x75, 0xAD, 0x9F, 0x46, 0xEB,
    0x11, 0xF6, 0xEF, 0x91, 0x19, 0xA9, 0x06, 0x4F, 0xBD, 0x47, 0xCA, 0xB7, 0x21, 0x35, 0x4B, 0xEA,
    0xDB, 0x47, 0x94, 0x21, 0xC1, 0x69, 0xE0, 0x00, 0x3A, 0x36, 0xE4, 0x91, 0x11, 0x0B, 0xFF, 0xD4,
    0x6F, 0x49, 0xEE, 0x79, 0x06, 0xA9, 0x8E, 0xAE, 0x7D, 0x44, 0xFD, 0x3A, 0x93, 0x54, 0x33, 0xF4,
    0xA5, 0x1C, 0xCA, 0x51, 0xB8, 0x55, 0x98, 0x22, 0x44, 0x64, 0x52, 0x44, 0x75, 0x96, 0xB9, 0xAC,
    0x9D, 0xFE, 0x8E, 0xE8, 0x76, 0x0A, 0xE0, 0x7E, 0x81, 0x40, 0x3B, 0x17, 0x68, 0x81, 0x76, 0x66,
    0x94, 0xCD, 0x56, 0x4D, 0xBA, 0xCB, 0xAF, 0x7D, 0x6B, 0x05, 0xF1, 0x1E, 0xEC, 0xDD, 0x78, 0xB3,
    0x01, 0x97, 0x3B, 0x66, 0x41, 0x85, 0x76, 0x2C, 0x7E, 0xDB, 0x46, 0xAE, 0x9F, 0xA7, 0x8B, 0x44,
    0x1D, 0x99, 0x53, 0x5A, 0x38, 0xA3, 0x1E, 0xA2, 0x1C, 0xB2, 0x06, 0x38, 0x20, 0x09, 0xDB, 0x46,
    0x25, 0xB7, 0xFD, 0x92, 0x93, 0xE0, 0x3D, 0x5A, 0x0E, 0x1D, 0xBE, 0x77, 0x28, 0x6D, 0xA1, 0x87,
    0x99, 0x05, 0xAC, 0x6F, 0x0F, 0xFB, 0xFB, 0x09, 0x05, 0xFD, 0x9E, 0x70, 0x7F, 0x8B, 0xAE, 0x59,
    0x79, 0xCD, 0x0A, 0x67, 0xC2, 0x3E, 0x45, 0x98, 0xE0, 0xE3, 0xAE, 0x70, 0xF5, 0x04, 0xDD, 0x2E,
    0x5C, 0x5F, 0x6D, 0x57, 0xA2, 0xAF, 0x99, 0x21, 0x40, 0x10, 0xE0, 0x07, 0x35, 0xE8, 0x85, 0x0D,
    0x9C, 0xC0, 0x07, 0x5C, 0x24, 0x3E, 0xAE, 0xC0, 0x4F, 0x82, 0x8D, 0x94, 0x16, 0x00, 0x0E, 0x6C,
    0x40, 0x83, 0x2A, 0xE5, 0x0C, 0x09, 0xEC, 0xBB, 0x9F, 0xBD, 0xF8, 0xAC, 0x52, 0xC5, 0xAD, 0x59,
    0xA9, 0x13, 0xA9, 0x55, 0x41, 0xB2, 0x21, 0x6C, 0x5D, 0xFA, 0x43, 0xC4, 0xC6, 0x2E, 0xBC, 0x5D,
    0xDE, 0x09, 0x6D, 0x56, 0xE4, 0xEA, 0x09, 0x31, 0xF1, 0x3D, 0x4B, 0x45, 0xD9, 0xAE, 0xCB, 0x63,
    0xDB, 0x27, 0xB9, 0x89, 0x3E, 0x74, 0xCF, 0x90, 0x7C, 0x40, 0x7E, 0x33, 0x24, 0x88, 0x5C, 0x3E,
    0xC0, 0xCF, 0xF7, 0xA0, 0x14, 0xEE, 0x62, 0xBF, 0xCA, 0x42, 0x67, 0xB5, 0xD2, 0x93, 0x2F, 0x53,
    0xFB, 0x32, 0x37, 0x48, 0xE1, 0x13, 0xEC, 0xB4, 0xE1, 0xE6, 0x24, 0x06, 0xF7, 0xBD, 0x9E, 0xD8,
    0xAA, 0xC5, 0x3D, 0x23, 0x76, 0xB0, 0x21, 0x24, 0x1E, 0x18, 0x71, 0xAF, 0x8A, 0x3E, 0xE8, 0xC5,
    0x55, 0xE7, 0x19, 0x7A, 0x05, 0xB5, 0xC6, 0xF9, 0x90, 0x5E, 0x41, 0xAD, 0xD8, 0x5A, 0x4F, 0xAF,
    0x50, 0x1D, 0xA0, 0xAE, 0x80, 0x79, 0x87, 0x33, 0x48, 0x59, 0xDF, 0xA7, 0xBE, 0xC4, 0xAD, 0xD6,
    0x73, 0xAB, 0x16, 0x98, 0x65, 0x49, 0xDC, 0x2C, 0x41, 0x40, 0xC8, 0x44, 0x1A, 0xA6, 0xFF, 0xF3,
    0xF8, 0x1A, 0xBF, 0x41, 0x91, 0x3B, 0x94, 0xD0, 0x0F, 0x71, 0x3A, 0x16, 0xD0, 0xC4, 0x04, 0x89,
    0xDE, 0x70, 0x13, 0x52, 0x3C, 0xBF, 0x6A, 0xE6, 0xA5, 0x3E, 0x8B, 0x32, 0x40, 0x13, 0xDB, 0xF3,
    0x8D, 0x42, 0x9A, 0x49, 0x61, 0x2E, 0x4B, 0xD6, 0x4D, 0xA7, 0x9F, 0xD0, 0x33, 0x2D, 0x2E, 0x75,
    0x7A, 0xB9, 0xD0, 0x73, 0x83, 0xE7, 0x4B, 0xCE, 0x7A, 0x64, 0x12, 0x3A, 0x0F, 0xEA, 0x7B, 0x52,
    0xEA, 0x35, 0x45, 0xD9, 0x1E, 0xA9, 0x4F, 0xF0, 0x96, 0x9C, 0x12, 0x0D, 0x7B, 0x11, 0xD5, 0x78,
    0x15, 0x7C, 0xE1, 0xD3, 0xAA, 0x40, 0x10, 0x26, 0x66, 0x65, 0x87, 0xDE, 0x04, 0x65, 0x27, 0x6F,
    0x36, 0x50, 0x76, 0x12, 0x9D, 0xDF, 0xA4, 0x2F, 0x44, 0x96, 0xD5, 0xA2, 0x62, 0x65, 0xA7, 0x07,
    0xCA, 0x6E, 0xDD, 0x2B, 0xBB, 0xC6, 0x2B, 0xBB, 0xEA, 0x0C, 0x2B, 0x3B, 0xDB, 0x86, 0x00, 0x52,
    0xDB, 0x90, 0x40, 0x9A, 0x11, 0x5C, 0x97, 0xAB, 0x6B, 0xA7, 0xF1, 0xDA, 0x70, 0xA8, 0x10, 0xA5,
    0x63, 0xD5, 0x79, 0x7E, 0x95, 0x9B, 0xEB, 0x0F, 0x94, 0xD7, 0x9E, 0xC9, 0x81, 0xF6, 0x04, 0x0E,
    0x2B, 0xC4, 0xC8, 0x5A, 0xE0, 0xC8, 0x6D, 0xEB, 0x71, 0x86, 0xEC, 0xC3, 0xF9, 0x31, 0xD4, 0x19,
    0xD1, 0xBE, 0x19, 0x8A, 0xC3, 0x4D, 0x16, 0x87, 0x9B, 0x5E, 0x1C, 0x46, 0x47, 0x88, 0x43, 0xBF,
    0x21, 0x16, 0x65, 0x37, 0xEC, 0xD6, 0xC7, 0x28, 0x10, 0x3A, 0xEB, 0x85, 0x34, 0x42, 0x66, 0xFF,
    0x97, 0x02, 0xE1, 0x8B, 0x37, 0x93, 0xD7, 0x7D, 0x7A, 0x58, 0x20, 0x26, 0x2B, 0x21, 0xB6, 0x72,
    0xD6, 0x5A, 0x90, 0x5A, 0x2C, 0xE5, 0x58, 0xC8, 0xB1, 0x8C, 0x63, 0x11, 0xC7, 0x12, 0x8E, 0x05,
    0x1C, 0xCB, 0x37, 0x16, 0x6F, 0x84, 0xE6, 0xC0, 0x3B, 0x75, 0x9B, 0xE8, 0xEB, 0x43, 0x31, 0x95,
    0xB9, 0x12, 0x52, 0x0A, 0xEA, 0xE9, 0xE0, 0x86, 0x8A, 0x82, 0x88, 0xF2, 0xF0, 0x62, 0xA8, 0xBC,
    0xAE, 0xEF, 0xAB, 0x7E, 0x8C, 0xF7, 0x91, 0xCC, 0x7F, 0xC8, 0x87, 0x14, 0x8A, 0x7F, 0x0B, 0x44,
    0xED, 0x5F, 0x68, 0x17, 0x9E, 0x42, 0xAB, 0x43, 0x29, 0x94, 0x85, 0x61, 0x4D, 0x61, 0x77, 0xA8,
    0x1C, 0xC5, 0x3C, 0x9D, 0x9A, 0x61, 0x7B, 0x0C, 0x3A, 0x1D, 0x5C, 0x4B, 0x34, 0x90, 0xBE, 0x24,
    0xF2, 0xFF, 0x03, 0xB1, 0x72, 0x87, 0x0C, 0xED, 0x00, 0x6C, 0x9C, 0x8E, 0x4F, 0xB0, 0x7E, 0xFA,
    0x98, 0x93, 0xC2, 0xF8, 0xEE, 0xBE, 0x32, 0x7B, 0x98, 0x0B, 0x87, 0x9C, 0xF2, 0xE5, 0x9C, 0x51,
    0x8A, 0x9A, 0x4D, 0xC4, 0x5B, 0xF9, 0xF2, 0x94, 0xCA, 0x93, 0x25, 0xA4, 0xB5, 0x45, 0x51, 0xE7,
    0xEB, 0x58, 0x4E, 0x43, 0x3F, 0x65, 0x62, 0x43, 0xD8, 0xDB, 0x3E, 0xFE, 0x2B, 0x83, 0x42, 0xC6,
    0x29, 0xCA, 0x26, 0x68, 0xBB, 0x71, 0xD9, 0x79, 0xBF, 0xCC, 0xB6, 0x58, 0x99, 0xA1, 0xEE, 0x7E,
    0xB6, 0x47, 0x27, 0x4E, 0xF8, 0x36, 0x47, 0xD1, 0x7D, 0xBC, 0xB5, 0x39, 0x5A, 0xBF, 0xC4, 0xD3,
    0x33, 0x2B, 0x34, 0x53, 0xD1, 0xC4, 0x12, 0x8D, 0x9F, 0x3D, 0x2A, 0xD6, 0x2C, 0xB3, 0xF1, 0x4E,
    0x70, 0x75, 0x34, 0x67, 0x41, 0x17, 0x19, 0x48, 0x27, 0xCE, 0x1C, 0xE1, 0xE6, 0xEC, 0x34, 0xB5,
    0xAF, 0x90, 0x8A, 0xA9, 0xF5, 0xA6, 0x4F, 0x60, 0x57, 0xA1, 0xCF, 0x48, 0x73, 0x0B, 0x54, 0x84,
    0x63, 0x0F, 0xD7, 0xF2, 0xE3, 0x9C, 0xBF, 0x98, 0x69, 0x69, 0x96, 0x14, 0x1F, 0x13, 0x39, 0xE5,
    0xCF, 0x5C, 0xA2, 0xA9, 0x35, 0x92, 0xF3, 0x14, 0xFA, 0xBC, 0x05, 0x7D, 0xA1, 0x50, 0x16, 0x20,
    0x59, 0xDE, 0x62, 0xAD, 0x71, 0xC5, 0xD7, 0x59, 0xBC, 0xA3, 0x23, 0x94, 0xC6, 0x45, 0xA6, 0xA9,
    0x96, 0x38, 0x36, 0xF8, 0x75, 0x82, 0x0E, 0x3E, 0xF9, 0xD2, 0x11, 0xB0, 0xCF, 0x4C, 0x1B, 0xF2,
    0x13, 0x0F, 0x33, 0xB7, 0x1F, 0x76, 0x07, 0x7D, 0xF2, 0xFA, 0xF4, 0x3B, 0xE6, 0xE7, 0xE5, 0x4C,
    0xF5, 0xE2, 0x1C, 0xCA, 0xD5, 0x2A, 0x1B, 0x1E, 0x7C, 0xA2, 0x5A, 0x35, 0xE3, 0x3A, 0xAD, 0xA6,
    0x2F, 0x7D, 0xF5, 0x19, 0x61, 0x5C, 0x67, 0x65, 0x77, 0xE5, 0xB0, 0x13, 0xC2, 0x49, 0x64, 0x86,
    0x3C, 0x8F, 0x39, 0xA0, 0x21, 0x52, 0xD7, 0x8C, 0x74, 0x42, 0xC0, 0xF5, 0xD2, 0x1C, 0x4D, 0x5C,
    0xA6, 0x68, 0x86, 0xC2, 0x17, 0x8F, 0x3A, 0x24, 0x0C, 0x33, 0x83, 0xAE, 0xDA, 0xD1, 0x9C, 0x5D,
    0x24, 0xD1, 0xA7, 0x93, 0xA7, 0x8E, 0x70, 0x33, 0x3D, 0x0D, 0x56, 0x44, 0x65, 0xC4, 0xC8, 0xFA,
    0x50, 0xEC, 0xFF, 0x99, 0x41, 0x63, 0x03, 0x4A, 0x34, 0xF9, 0x6A, 0x20, 0x02, 0xB6, 0xF0, 0xEF,
    0x8E, 0x19, 0x0A, 0x00, 0xD4, 0xFD, 0x7D, 0x30, 0xEF, 0x56, 0x8D, 0x96, 0xDF, 0xE7, 0x48, 0xE2,
    0x8D, 0x57, 0x57, 0xDA, 0xD5, 0xC4, 0x12, 0x67, 0x7B, 0x3C, 0x5B, 0x6C, 0xC8, 0x8F, 0xF6, 0x23,
    0xA7, 0xF2, 0xA2, 0xC2, 0x44, 0x7C, 0x0F, 0x1B, 0x1F, 0x11, 0x3D, 0xE8, 0xCA, 0x1E, 0x27, 0xF8,
    0x97, 0x91, 0xC7, 0x4F, 0x0E, 0xF6, 0x24, 0xFC, 0x33, 0xC2, 0xB4, 0xD2, 0x1D, 0xED, 0x80, 0x41,
    0x74, 0xEA, 0x55, 0x92, 0x6D, 0x12, 0x3F, 0xA6, 0xD6, 0xF7, 0x8E, 0x3A, 0x4A, 0xBD, 0x82, 0xFC,
    0xE2, 0x97, 0xAC, 0x1D, 0xCD, 0xD9, 0xD3, 0x65, 0xF2, 0xD5, 0x6E, 0x5A, 0x7D, 0x6E, 0x97, 0x71,
    0x98, 0xA7, 0x21, 0x72, 0x8F, 0xB5, 0x57, 0x8B, 0x63, 0x66, 0xE6, 0x23, 0x83, 0xD6, 0x08, 0xA6,
    0x52, 0xCD, 0x7E, 0x5B, 0xAA, 0xBD, 0x05, 0x1F, 0x3F, 0x89, 0x37, 0x92, 0x89, 0xF4, 0x23, 0xD9,
    0xFB, 0x5A, 0x31, 0x1F, 0xA7, 0xEB, 0x71, 0xCD, 0xFD, 0x31, 0x28, 0x5B, 0xB6, 0xA5, 0x33, 0xD7,
    0x5F, 0x76, 0x1B, 0x4B, 0x9D, 0xA9, 0xB9, 0xCE, 0x19, 0x48, 0xD2, 0x67, 0xEE, 0xA0, 0xD0, 0xE1,
    0xA0, 0x37, 0xB7, 0xBD, 0x5A, 0x87, 0x9D, 0xC6, 0x19, 0x04, 0xF9, 0xD1, 0x8F, 0xFF, 0xCA, 0x8D,
    0x78, 0xF0, 0x11, 0x8E, 0x4B, 0x0F, 0x87, 0xCD, 0xDB, 0x74, 0x8B, 0x38, 0x71, 0x30, 0x8D, 0xB6,
    0xCC, 0xE7, 0x41, 0xD5, 0x38, 0x7C, 0xA0, 0x7F, 0x82, 0x8E, 0x7F, 0x63, 0x58, 0x30, 0x45, 0x5C,
    0xEA, 0x20, 0x28, 0x74, 0x83, 0xB8, 0x64, 0x61, 0x83, 0x2F, 0x57, 0x12, 0x7A, 0x39, 0xF1, 0xDE,
    0x7A, 0x7C, 0x98, 0xF8, 0xE6, 0xA2, 0x3F, 0xA0, 0x21, 0x73, 0xD6, 0x69, 0xB1, 0xA6, 0x8C, 0x4B,
    0x03, 0x47, 0xE2, 0x5B, 0xD5, 0x80, 0xF7, 0xA4, 0x1E, 0xFE, 0x01, 0xC8, 0x55, 0x31, 0xE2, 0xCB,
    0xAA, 0xE2, 0x60, 0x30, 0xED, 0x3F, 0x2E, 0xF4, 0xD3, 0xBF, 0x53, 0x25, 0x0A, 0x14, 0xCF, 0x1E,
    0xA2, 0x43, 0x71, 0x90, 0xB3, 0x5E, 0x87, 0x7E, 0x5C, 0x42, 0x61, 0x8B, 0xB2, 0x11, 0xB6, 0x77,
    0x70, 0x47, 0xB6, 0x17, 0xFF, 0xC3, 0x7D, 0x0E, 0x25, 0x8E, 0x3D, 0x6E, 0xC2, 0x30, 0x1C, 0x47,
    0x7F, 0x54, 0x2A, 0x74, 0x20, 0x4D, 0x46, 0x16, 0x70, 0x06, 0x86, 0x0E, 0x4D, 0x48, 0x25, 0x90,
    0x22, 0xF4, 0xB7, 0xF0, 0x11, 0x72, 0x84, 0xCC, 0x4C, 0xAD, 0xD4, 0x21, 0x95, 0x1C, 0xF0, 0x11,
    0x72, 0x84, 0x6C, 0xAC, 0xA9, 0x94, 0x81, 0x89, 0xF8, 0x08, 0xDE, 0x59, 0xBC, 0x77, 0xF1, 0x50,
    0x66, 0x3E, 0x94, 0x37, 0xBE, 0xE1, 0xE9, 0x85, 0x90, 0x88, 0x31, 0xC2, 0x9C, 0xDA, 0x6A, 0x08,
    0xA6, 0xB8, 0xF9, 0xAC, 0xE7, 0xE8, 0xDC, 0xC1, 0x6C, 0xAB, 0xAB, 0xCB, 0xC3, 0x93, 0x5D, 0xA8,
    0x49, 0x49, 0x00, 0x97, 0x5C, 0x32, 0xB1, 0xD6, 0x1F, 0xE6, 0x49, 0xFB, 0xC2, 0x03, 0x13, 0x2B,
    0x9D, 0xE8, 0x95, 0x66, 0x02, 0xF0, 0x96, 0xD3, 0x96, 0x5C, 0xA2, 0x83, 0xEC, 0xD7, 0x6C, 0x14,
    0x03, 0xF0, 0xA5, 0x7F, 0x0C, 0xB9, 0x71, 0x32, 0x14, 0x7B, 0x5B, 0xD9, 0x17, 0x2A, 0x0A, 0x8A,
    0xD9, 0x6B, 0x94, 0x1E, 0xFF, 0x9B, 0xE2, 0xBD, 0x69, 0xAC, 0x22, 0x4A, 0x33, 0x2A, 0xDF, 0x1E,
    0x55, 0x04, 0xE5, 0xF9, 0xAF, 0x24, 0x4E, 0xA1, 0x9C, 0x45, 0xDF, 0x48, 0x9B, 0xCB, 0xAE, 0xBD,
    0xE3, 0x8B, 0x8D, 0x69, 0x1D, 0x50, 0xE7, 0x9D, 0x79, 0x86, 0xAC, 0xAF, 0x76, 0xA0, 0x3A, 0xB7,
    0xAD, 0xFA, 0x24, 0x72, 0xB8, 0xC1, 0xDD, 0xF4, 0x63, 0x29, 0x8F, 0x6F, 0x85, 0x52, 0x31, 0x6F,
    0xD3, 0x40, 0x14, 0xFE, 0x12, 0x2B, 0x49, 0x49, 0xD4, 0x3A, 0x54, 0x08, 0x29, 0x2A, 0x8D, 0x83,
    0xD4, 0x22, 0x0F, 0x89, 0xC3, 0xC0, 0xE0, 0xE1, 0x6C, 0xDF, 0xCE, 0xE2, 0x85, 0x8E, 0xA8, 0x1B,
    0x12, 0x13, 0x83, 0x07, 0x0F, 0xD7, 0xFA, 0xC4, 0x2F, 0x60, 0x00, 0xC4, 0xD8, 0x95, 0x4C, 0x11,
    0xCA, 0x60, 0x21, 0x97, 0x9A, 0xA1, 0x33, 0x16, 0x4C, 0x6C, 0xF9, 0x01, 0x95, 0x7A, 0x48, 0x46,
    0xCA, 0x50, 0x61, 0xDE, 0xA5, 0xA0, 0x56, 0x22, 0xA8, 0xEF, 0x7B, 0x77, 0x7A, 0xF7, 0xDE, 0xF7,
    0xCE, 0xEF, 0x3E, 0x39, 0x0C, 0xAF, 0x19, 0x9E, 0xD8, 0x07, 0x77, 0xAE, 0x0C, 0x75, 0x40, 0x4E,
    0xE6, 0x52, 0xBE, 0x84, 0x5C, 0x01, 0x8E, 0x35, 0xEC, 0xE0, 0xE3, 0xD1, 0x60, 0xB0, 0x36, 0xC0,
    0x2A, 0x74, 0x13, 0x95, 0xCC, 0xF5, 0xAA, 0x2A, 0x3E, 0x99, 0xA0, 0xAA, 0xE4, 0x64, 0xC2, 0x2B,
    0xB2, 0x7C, 0x42, 0x26, 0xAF, 0xA2, 0x54, 0xDD, 0x84, 0xCB, 0x5E, 0xE0, 0xCF, 0x25, 0xD8, 0x66,
    0x4C, 0xB0, 0xA1, 0x3F, 0x62, 0x11, 0x2E, 0x77, 0xE8, 0xF3, 0x3A, 0x74, 0x21, 0x62, 0x4A, 0x94,
    0x6C, 0x36, 0x8C, 0x7D, 0x31, 0xA2, 0x53, 0xA4, 0x80, 0xEB, 0x31, 0x51, 0x53, 0xAA, 0xAB, 0x61,
    0xBC, 0x3E, 0x34, 0x0A, 0xA3, 0xD8, 0x3C, 0x4D, 0xAA, 0xE4, 0xBC, 0x9E, 0x6B, 0x18, 0x1A, 0x94,
    0xAB, 0xE7, 0xC9, 0x79, 0x52, 0x6D, 0x9E, 0x52, 0x86, 0xE2, 0xBF, 0x0C, 0xA3, 0xE8, 0x21, 0xE0,
    0x09, 0x1F, 0x23, 0xC2, 0x09, 0x3F, 0x51, 0x04, 0x1E, 0xA1, 0x17, 0x38, 0x76, 0xEF, 0x30, 0xF0,
    0x7C, 0xBB, 0xC9, 0x8F, 0x8E, 0xCD, 0xCF, 0x0B, 0xD1, 0x91, 0x25, 0x25, 0xB5, 0x78, 0x2F, 0x6F,
    0x10, 0x2F, 0x1D, 0xFC, 0x5F, 0xBC, 0x06, 0x4C, 0xEC, 0xCA, 0x06, 0x56, 0x03, 0x68, 0x84, 0xB5,
    0xD7, 0xCF, 0xBF, 0x87, 0xEF, 0xF6, 0xF6, 0x43, 0xFC, 0x0B, 0x4E, 0xF5, 0xBB, 0xFC, 0xD9, 0xFB,
    0x07, 0x8D, 0x5B, 0x6F, 0x56, 0x5E, 0x50, 0x03, 0x9A, 0x74, 0x4B, 0x67, 0x6E, 0xD2, 0xEE, 0xA4,
    0x7D, 0xAD, 0x0B, 0x63, 0xB4, 0xBB, 0x5A, 0x4D, 0x30, 0x57, 0x4B, 0xE5, 0xFF, 0xFC, 0x5A, 0x12,
    0xE3, 0xDB, 0x97, 0x63, 0x67, 0x86, 0xD6, 0xD3, 0xBE, 0xCB, 0x60, 0xF6, 0x37, 0x62, 0x86, 0x51,
    0xBF, 0xEF, 0xBA, 0x70, 0x4D, 0xE1, 0x97, 0x98, 0xB6, 0x4A, 0xB3, 0xC0, 0xBE, 0x56, 0xB6, 0x4D,
    0x33, 0x3B, 0x60, 0xA4, 0x4F, 0x17, 0xED, 0x75, 0x73, 0xEC, 0x78, 0x4C, 0x44, 0x53, 0x1D, 0xDF,
    0x33, 0xC7, 0xBE, 0xE3, 0x09, 0x26, 0xD2, 0x68, 0xAA, 0xBA, 0xC0, 0x23, 0x08, 0x78, 0xB0, 0xD0,
    0xA1, 0x2E, 0x3B, 0x12, 0xA9, 0xC7, 0x2C, 0xA7, 0x63, 0xD6, 0x28, 0x7E, 0x21, 0xD2, 0xD2, 0x63,
    0x99, 0xE5, 0x78, 0x1D, 0x73, 0x83, 0xA6, 0xAC, 0xC9, 0x96, 0x1A, 0x31, 0x43, 0x5A, 0x38, 0x20,
    0x58, 0x30, 0xA4, 0xAB, 0xFB, 0xF2, 0x4E, 0x6E, 0xC1, 0xC5, 0x2B, 0x0C, 0xE8, 0xC2, 0xED, 0x0F,
    0x79, 0xEB, 0x31, 0x6E, 0x9F, 0x85, 0x71, 0xA9, 0xEE, 0x9F, 0x85, 0x14, 0x53, 0x86, 0xF2, 0x54,
    0x15, 0x16, 0x2E, 0x02, 0x2C, 0xFC, 0xA5, 0x7B, 0x98, 0x8D, 0xB4, 0x47, 0xE4, 0xDB, 0x7A, 0x60,
    0xBB, 0x8D, 0x6C, 0x0C, 0xE2, 0x5C, 0xFE, 0x57, 0x09, 0x01, 0x06, 0x47, 0x8B, 0xD3, 0x43, 0x40,
    0x0C, 0x12, 0x84, 0xD4, 0x98, 0xA3, 0x9E, 0xD3, 0x77, 0xF5, 0xB0, 0x1B, 0xCB, 0x5C, 0x0C, 0x3C,
    0x04, 0x0E, 0xF9, 0x27, 0x54, 0x45, 0x95, 0xEF, 0xA9, 0xB7, 0x73, 0xA2, 0x29, 0xBD, 0xB6, 0x94,
    0xA5, 0x82, 0x22, 0x91, 0x1E, 0xCD, 0x66, 0xD3, 0x2B, 0xB5, 0xF5, 0x28, 0x0A, 0x70, 0x48, 0xCA,
    0x78, 0xD4, 0xC3, 0xAA, 0x22, 0xDB, 0x53, 0x19, 0xA2, 0x94, 0x7C, 0x4B, 0xA5, 0x41, 0x11, 0x7B,
    0x88, 0x6D, 0xE2, 0x2F, 0x99, 0x01, 0x0E, 0x1C, 0x08, 0x31, 0x96, 0x17, 0x81, 0x5A, 0xEC, 0x66,
    0x0B, 0x0C, 0xC9, 0x67, 0xCD, 0x8B, 0x99, 0xA9, 0x22, 0x13, 0x51, 0x7B, 0x39, 0x75, 0x93, 0x67,
    0xA6, 0x14, 0x26, 0x6F, 0xF2, 0x6E, 0xF0, 0x4B, 0xED, 0x8C, 0x0B, 0x12, 0xD8, 0x26, 0x85, 0x19,
    0x49, 0x9C, 0x91, 0xC6, 0x65, 0x34, 0xFD, 0x31, 0x27, 0x95, 0xF9, 0x6F, 0xB5, 0x8E, 0x2D, 0x0E,
    0xC2, 0x30, 0x18, 0x40, 0xBF, 0x41, 0xC2, 0x44, 0x45, 0x51, 0x98, 0x25, 0xD4, 0x22, 0x96, 0xCD,
    0x20, 0x26, 0xBA, 0xAF, 0xBD, 0x07, 0xD7, 0x40, 0x90, 0x19, 0x76, 0x07, 0xAE, 0xC0, 0x01, 0x10,
    0x13, 0x15, 0x1B, 0xDB, 0x11, 0x7A, 0x84, 0xEF, 0x08, 0x9F, 0xA8, 0x68, 0xC8, 0x12, 0xFE, 0x1C,
    0x07, 0x20, 0x4F, 0x3E, 0xF1, 0x9E, 0x20, 0xEC, 0x4F, 0xBA, 0xD3, 0x4E, 0x63, 0x54, 0x04, 0xB7,
    0x25, 0x4B, 0xCE, 0xB9, 0x89, 0xE7, 0x19, 0x18, 0xD8, 0x78, 0x6C, 0xF7, 0x70, 0xB6, 0x99, 0x5F,
    0xF8, 0xC3, 0x74, 0x87, 0x24, 0x08, 0x5F, 0x82, 0xA1, 0xDA, 0x69, 0x8D, 0x4E, 0xD0, 0x93, 0x1F,
    0x74, 0x99, 0x52, 0x2B, 0x61, 0x0B, 0x1A, 0x72, 0x10, 0x54, 0x74, 0xFA, 0x28, 0xA9, 0x08, 0x55,
    0x85, 0x4E, 0x91, 0xF4, 0x18, 0x74, 0x85, 0xBD, 0x8C, 0xC0, 0x19, 0x19, 0xDB, 0x30, 0x86, 0xBC,
    0xFA, 0x30, 0x0C, 0xE2, 0xA7, 0x2C, 0x60, 0x04, 0xF9, 0x45, 0xD9, 0xD1, 0xBF, 0x5D, 0xDC, 0x75,
    0x09, 0xA7, 0x6D, 0x79, 0x35, 0xB3, 0xA2, 0x3A, 0xAC, 0x59, 0xD0, 0x2A, 0x80, 0xDB, 0xB0, 0x69,
    0xFF, 0x7D, 0xF9, 0x02, 0x1D, 0xCD, 0x21, 0x0E, 0xC2, 0x40, 0x10, 0x05, 0xD0, 0xDF, 0x56, 0x54,
    0x54, 0x8C, 0x01, 0xDD, 0x23, 0xEC, 0x09, 0x80, 0x1E, 0x81, 0x23, 0x70, 0x03, 0x0C, 0x02, 0xC5,
    0x2E, 0xE1, 0x0A, 0x1C, 0x04, 0x81, 0x66, 0x6B, 0xAA, 0x30, 0x8B, 0xC0, 0x8F, 0xC0, 0x21, 0xBA,
    0x24, 0x15, 0xA4, 0xC0, 0x0E, 0xDB, 0x8E, 0x78, 0xF9, 0xC9, 0x4F, 0xFE, 0x68, 0xA9, 0x55, 0xEB,
    0x68, 0x5F, 0x53, 0x6B, 0x48, 0x40, 0x06, 0xEB, 0x07, 0xF4, 0x7B, 0x08, 0x25, 0x43, 0x77, 0x80,
    0x35, 0xE9, 0x87, 0xB3, 0x1B, 0xE7, 0xF7, 0x6A, 0x21, 0x28, 0x1A, 0xE8, 0x00, 0xAA, 0x40, 0xB1,
    0x11, 0xDE, 0xD9, 0x5A, 0x05, 0xC4, 0xD3, 0xE2, 0xA2, 0x74, 0x60, 0x3F, 0xF8, 0x1A, 0x7D, 0x4A,
    0xC1, 0xD4, 0x5E, 0xFB, 0xD9, 0x86, 0x42, 0xE2, 0xE7, 0x4B, 0x32, 0x89, 0x2F, 0xFD, 0xE0, 0xB4,
    0x2B, 0x39, 0xE9, 0xB7, 0xE7, 0xB8, 0x7F, 0x51, 0x0E, 0x8A, 0xD3, 0xD0, 0xE5, 0xEE, 0x44, 0xC7,
    0x95, 0xFD, 0x41, 0x4D, 0x20, 0xDF, 0xF1, 0x85, 0x43, 0x26, 0x1E, 0xD6, 0xFD, 0x01, 0x6D, 0x50,
    0xB1, 0x4E, 0xC3, 0x30, 0x14, 0x3C, 0xDB, 0x82, 0x20, 0x45, 0xC2, 0x33, 0x4B, 0x3A, 0x45, 0x42,
    0x48, 0xB4, 0x2B, 0x43, 0x20, 0x9E, 0xE0, 0x37, 0xF8, 0x08, 0x46, 0x04, 0xFE, 0x03, 0x7E, 0x81,
    0xB9, 0x2C, 0xFD, 0x83, 0xE4, 0x07, 0xD2, 0x64, 0x28, 0x48, 0x4C, 0x64, 0x66, 0xA8, 0x3C, 0x64,
    0xF0, 0x00, 0x35, 0xE7, 0xB6, 0x14, 0x24, 0x90, 0x4E, 0xCF, 0xCF, 0xE7, 0x3B, 0xBF, 0xB3, 0x25,
    0xA0, 0x0D, 0x4E, 0x81, 0x2A, 0xF8, 0xBB, 0xE0, 0xD9, 0xA4, 0x16, 0x12, 0x90, 0x1D, 0x52, 0x8F,
    0x32, 0x20, 0x7F, 0x86, 0xE8, 0xFE, 0x41, 0x14, 0x25, 0x35, 0x44, 0x4F, 0x63, 0xB5, 0x1A, 0xD8,
    0x6C, 0x9C, 0x7F, 0x95, 0xF9, 0x0B, 0xCE, 0xDF, 0xA0, 0x3F, 0x90, 0x0C, 0x71, 0x2B, 0x25, 0xB4,
    0xAA, 0x0B, 0xB8, 0x38, 0x71, 0x3A, 0x64, 0xB2, 0xDB, 0x97, 0x06, 0x06, 0xAA, 0x8F, 0x9A, 0x8B,
    0x25, 0xF6, 0x16, 0xDF, 0xDE, 0xC5, 0xD6, 0xA8, 0x1C, 0x60, 0x23, 0xC3, 0x48, 0x93, 0x15, 0x8E,
    0x5E, 0x63, 0xCF, 0x3A, 0x5E, 0x46, 0x46, 0xF6, 0x38, 0x79, 0xC7, 0x7D, 0x30, 0xD0, 0xD8, 0x41,
    0x3C, 0x20, 0x69, 0x71, 0xA8, 0xE3, 0x13, 0x88, 0x6C, 0x13, 0xD6, 0xE2, 0x18, 0x28, 0x76, 0x30,
    0x28, 0x1C, 0x8A, 0xDB, 0xAD, 0x26, 0x52, 0x1C, 0x64, 0xC0, 0x45, 0x58, 0x97, 0xD4, 0x2E, 0xC3,
    0xAC, 0x0C, 0xAE, 0x9C, 0x3E, 0xF2, 0x4A, 0xB5, 0xB6, 0x33, 0x86, 0xB2, 0xD0, 0xC1, 0x97, 0xC1,
    0xCF, 0x40, 0x97, 0x1F, 0x05, 0x9F, 0xAE, 0x4F, 0x79, 0x84, 0x1B, 0x80, 0x69, 0x99, 0xB9, 0xAD,
    0xC7, 0xF3, 0x3E, 0x6F, 0xAE, 0x65, 0x03, 0x39, 0xFF, 0x01, 0x0E, 0xF8, 0xBF, 0xFC, 0xEA, 0xBA,
    0x0A, 0x9C, 0x74, 0xC6, 0xCA, 0x9E, 0x0C, 0xF9, 0xDF, 0x32, 0x42, 0x34, 0xA0, 0x7D, 0xD2, 0xF6,
    0x69, 0x6B, 0xC5, 0x67, 0xBC, 0x59, 0x5E, 0x22, 0xBD, 0x32, 0xA3, 0xA7, 0x8E, 0x91, 0x98, 0x9A,
    0x95, 0x3D, 0x19, 0xF2, 0x5F, 0x9D, 0x55, 0xBF, 0x6F, 0x1C, 0x45, 0x14, 0xFE, 0x76, 0x37, 0x78,
    0xA5, 0xEC, 0xC9, 0x4B, 0x4B, 0xE3, 0x8D, 0x90, 0x8B, 0x08, 0xC5, 0x99, 0xC6, 0x05, 0x12, 0x7B,
    0xB7, 0x23, 0x53, 0xD0, 0xD2, 0x20, 0x3A, 0x94, 0xC2, 0x05, 0xA2, 0x89, 0x91, 0x5C, 0x44, 0xE2,
    0x7C, 0xBB, 0x21, 0x25, 0x4D, 0x28, 0x28, 0x23, 0xB9, 0xB6, 0xA5, 0x70, 0x85, 0x91, 0x4E, 0x60,
    0xFB, 0x16, 0x45, 0x28, 0xA5, 0x4F, 0xA2, 0x44, 0x82, 0xCD, 0x3F, 0xE0, 0x0C, 0xF2, 0x16, 0x4B,
    0x7C, 0xBE, 0xE1, 0x7B, 0x73, 0xE7, 0xF3, 0xC9, 0x40, 0x40, 0xD8, 0x6F, 0xAC, 0xB7, 0xEF, 0x7D,
    0xEF, 0xCD, 0xBC, 0x9F, 0xCE, 0x10, 0x43, 0xE1, 0x2E, 0x92, 0x22, 0x45, 0x6C, 0xC7, 0x88, 0x6C,
    0x8D, 0xB0, 0x32, 0x08, 0x7E, 0xAF, 0xE0, 0x9F, 0x95, 0xC0, 0x79, 0x01, 0x58, 0x0D, 0xE4, 0x00,
    0x52, 0x20, 0x6C, 0x90, 0x4C, 0x70, 0x23, 0x01, 0x62, 0xED, 0x5B, 0x9D, 0x58, 0xDD, 0x8E, 0xF5,
    0x20, 0x46, 0x9D, 0xA0, 0xBE, 0x8B, 0xA6, 0x8B, 0x61, 0x0D, 0x55, 0x20, 0xB7, 0x3A, 0xB7, 0x05,
    0xE2, 0x19, 0x65, 0x56, 0x68, 0xFE, 0x39, 0x1C, 0x16, 0x43, 0xF1, 0xE9, 0x69, 0x0C, 0x7F, 0xD6,
    0xA1, 0x9D, 0xF0, 0xFA, 0x1E, 0x3A, 0xB0, 0x48, 0x83, 0x13, 0xDD, 0x8D, 0x63, 0xDD, 0x4D, 0x79,
    0x4C, 0x8C, 0xAC, 0x54, 0x50, 0xFA, 0x08, 0x8A, 0xCF, 0xFA, 0x9C, 0x1E, 0x3E, 0xE4, 0x2B, 0xB0,
    0x06, 0x1C, 0xF3, 0x51, 0xF0, 0x5E, 0xEA, 0xE0, 0xA4, 0x0C, 0xBF, 0x2A, 0xE3, 0xA0, 0x5A, 0x0E,
    0xCC, 0x9A, 0x57, 0xA7, 0x68, 0x7A, 0x7B, 0xE3, 0xA1, 0x25, 0x35, 0xC3, 0xFD, 0x66, 0x07, 0x26,
    0xF3, 0x8C, 0xF2, 0x47, 0xF1, 0xA3, 0x32, 0x7E, 0x5E, 0x84, 0x27, 0x08, 0x4E, 0xE1, 0x5F, 0xC0,
    0x1B, 0x03, 0x06, 0x18, 0x5A, 0x84, 0xD6, 0xCA, 0x93, 0x98, 0x02, 0xA0, 0xCD, 0x93, 0xF1, 0x5B,
    0x8E, 0xF0, 0x22, 0x13, 0x9D, 0x60, 0x04, 0xEB, 0xE2, 0xBF, 0xB4, 0x79, 0x68, 0x40, 0xBF, 0x68,
    0x07, 0xE5, 0x95, 0x4D, 0x4C, 0x9B, 0x15, 0xDA, 0x1C, 0xCD, 0x6C, 0xE4, 0xF0, 0x1A, 0x8F, 0x36,
    0x11, 0x79, 0xC5, 0x88, 0x3B, 0x0B, 0x77, 0x08, 0x2F, 0x32, 0xD1, 0x09, 0x46, 0x32, 0x94, 0x31,
    0x4E, 0xE0, 0x10, 0x53, 0x64, 0x32, 0xC7, 0x0A, 0x3F, 0x95, 0x1D, 0x3A, 0x8C, 0xCB, 0xA6, 0xD8,
    0xCF, 0x6C, 0x82, 0xD1, 0x21, 0xBC, 0x8A, 0x7A, 0xB3, 0x60, 0x93, 0xD2, 0x66, 0x8D, 0xB2, 0xE4,
    0xD2, 0x86, 0xE5, 0x74, 0xEF, 0x7D, 0xCC, 0xD3, 0xD0, 0xBA, 0xE7, 0xA2, 0xBC, 0xBA, 0x43, 0x39,
    0x99, 0xE8, 0x04, 0x93, 0x5B, 0x5B, 0xA9, 0x57, 0xB6, 0x88, 0x59, 0x83, 0xFF, 0x7A, 0x92, 0x2A,
    0x2F, 0xF2, 0xDA, 0x56, 0xBC, 0x2F, 0xDB, 0xAB, 0x95, 0xDE, 0x8E, 0xCB, 0x5B, 0x01, 0x3B, 0x89,
    0x51, 0x31, 0xE7, 0x5D, 0xA0, 0x81, 0x6F, 0x10, 0x96, 0xEC, 0x9E, 0xDB, 0x0A, 0x69, 0xBE, 0xDF,
    0x4C, 0x23, 0xCE, 0x2D, 0x3E, 0xDB, 0x83, 0x84, 0x94, 0xB8, 0x42, 0x10, 0x59, 0x4B, 0xF2, 0xFC,
    0x4A, 0x5E, 0x1C, 0x31, 0x58, 0x3D, 0xD3, 0xA4, 0x8E, 0xDA, 0x0E, 0x48, 0x21, 0x55, 0x04, 0x10,
    0x26, 0x99, 0xAE, 0x9D, 0xE1, 0x4C, 0x07, 0xBF, 0xC4, 0xDB, 0x3F, 0xA1, 0xF7, 0x12, 0x49, 0x23,
    0x44, 0x86, 0x9F, 0x14, 0x26, 0x65, 0xCF, 0xF4, 0x0F, 0xFA, 0xFD, 0x9E, 0x51, 0xC5, 0x5B, 0x59,
    0xDB, 0xF5, 0xD3, 0xD4, 0xEB, 0x36, 0xD0, 0x77, 0x8E, 0xAA, 0x6C, 0xA3, 0xCC, 0x1E, 0x95, 0xE1,
    0xB3, 0x22, 0x78, 0xAE, 0x83, 0x5F, 0xE0, 0x9D, 0x02, 0x17, 0xB3, 0x10, 0x92, 0x0D, 0xDD, 0xFB,
    0x0D, 0xFD, 0x43, 0x21, 0x32, 0x2A, 0xD0, 0xEA, 0x83, 0xD1, 0x17, 0xBF, 0x9A, 0x7E, 0xBD, 0x6D,
    0x9A, 0xED, 0x1F, 0x4E, 0x8D, 0x0A, 0x47, 0x07, 0xC0, 0x6B, 0x48, 0x9A, 0x53, 0xF2, 0xBF, 0x3A,
    0x2D, 0xB5, 0xC7, 0x67, 0x33, 0x47, 0xCC, 0xDF, 0xB4, 0x02, 0x0C, 0x01, 0x8B, 0x22, 0x6B, 0x0B,
    0x96, 0xA2, 0xA8, 0xAF, 0xFF, 0x0C, 0xCC, 0xBF, 0xFD, 0x72, 0xAE, 0xD9, 0x6E, 0x92, 0x5E, 0xB6,
    0xF1, 0x39, 0x7D, 0x9D, 0x8D, 0xE0, 0xBF, 0x60, 0x4A, 0x47, 0x52, 0x83, 0x01, 0xBB, 0xBB, 0xCB,
    0x3C, 0xB5, 0xDD, 0x02, 0x68, 0x3B, 0x6E, 0xBA, 0x0C, 0x1C, 0x47, 0x9D, 0x60, 0x04, 0x2B, 0x36,
    0x62, 0xEB, 0x7C, 0x88, 0x2F, 0xF1, 0x49, 0xDF, 0x3E, 0x07, 0xD7, 0x8E, 0x3A, 0xBE, 0x49, 0xF1,
    0x7F, 0x88, 0x86, 0x34, 0xA7, 0x13, 0x24, 0x23, 0xE4, 0x06, 0x4D, 0xC1, 0xF6, 0x78, 0x3D, 0xAD,
    0xD6, 0x02, 0xE4, 0x82, 0xC1, 0xA6, 0x2B, 0xC7, 0x00, 0x8B, 0x3F, 0x9B, 0xD8, 0x1C, 0x63, 0x3C,
    0x40, 0x33, 0x67, 0xAE, 0xA9, 0xA7, 0x26, 0x9F, 0x8E, 0x65, 0xC0, 0xF8, 0xF7, 0x6F, 0x61, 0x73,
    0xE1, 0x92, 0x7E, 0x33, 0x9B, 0x98, 0x55, 0x35, 0x9A, 0x33, 0xD4, 0xBE, 0xB3, 0xB7, 0x9B, 0x59,
    0x33, 0x67, 0xD4, 0xFB, 0xB2, 0x11, 0xEE, 0x1D, 0x89, 0xE1, 0x9C, 0xD7, 0xD0, 0x93, 0x6F, 0xCB,
    0xFB, 0x13, 0x3D, 0x75, 0x48, 0x86, 0x9F, 0x14, 0xE2, 0x86, 0x74, 0x99, 0xB4, 0xFA, 0x2B, 0x78,
    0xA5, 0xF4, 0x2D, 0xF9, 0xFB, 0x7B, 0x68, 0x39, 0xD8, 0x35, 0xCF, 0x57, 0xCC, 0x1B, 0x32, 0x94,
    0x61, 0x8D, 0x9E, 0x96, 0x81, 0x8D, 0x2A, 0xB7, 0xFD, 0x6E, 0x8A, 0x09, 0x47, 0x26, 0x97, 0xB9,
    0xC5, 0x3A, 0x4B, 0xA2, 0x05, 0x23, 0x6B, 0xBA, 0x27, 0x18, 0x8E, 0xFD, 0x2D, 0x2C, 0x60, 0x6E,
    0x62, 0xD7, 0x3B, 0x8E, 0x4C, 0xF2, 0xE2, 0x18, 0x3B, 0xEC, 0x2C, 0xF5, 0x90, 0x83, 0x58, 0xCB,
    0xA2, 0x0E, 0x0C, 0x75, 0xF7, 0x56, 0x7D, 0xEE, 0x91, 0x2F, 0xFF, 0xC0, 0x52, 0xC3, 0x28, 0x15,
    0x3B, 0xF2, 0x22, 0xAA, 0xA2, 0x8A, 0xBB, 0x20, 0xA8, 0xE1, 0x74, 0xD7, 0x76, 0xC6, 0x74, 0x1F,
    0x25, 0x7F, 0xD9, 0x19, 0x6E, 0x8C, 0x98, 0xE2, 0xCB, 0x9D, 0x97, 0x6C, 0x8C, 0xD0, 0x61, 0xA0,
    0xED, 0xB0, 0x40, 0x3B, 0xD2, 0xE8, 0xC8, 0x8E, 0xFC, 0x84, 0x8D, 0x4D, 0x9D, 0x2F, 0x3B, 0xE7,
    0x01, 0xDC, 0xC0, 0x49, 0x32, 0x40, 0x7D, 0x66, 0x2B, 0x1E, 0x56, 0x69, 0x8D, 0xF7, 0xA4, 0xF4,
    0xFD, 0x80, 0x77, 0x1C, 0xF0, 0x18, 0xC5, 0xFD, 0xB6, 0x33, 0xBF, 0x87, 0x63, 0xEF, 0xF6, 0xDF,
    0x92, 0x1D, 0x2B, 0x3B, 0xDE, 0x59, 0xE8, 0x91, 0x1D, 0x99, 0x98, 0xF1, 0x92, 0xF8, 0x60, 0xE0,
    0x63, 0x92, 0x9D, 0x68, 0x6E, 0x32, 0x37, 0x66, 0x87, 0x33, 0xF2, 0x6A, 0x4A, 0xAC, 0x2B, 0x90,
    0xB5, 0xE4, 0x6B, 0x6F, 0x48, 0x9F, 0x4F, 0x07, 0x58, 0x6B, 0xAD, 0x60, 0xBD, 0x15, 0x61, 0xAB,
    0x15, 0xE8, 0xEF, 0x9F, 0xEE, 0xF3, 0xDF, 0x94, 0x2D, 0x84, 0x5F, 0x6F, 0x85, 0xB8, 0xD3, 0x5A,
    0x46, 0xF4, 0x44, 0x62, 0x7B, 0xEC, 0x4E, 0xF4, 0xF5, 0x00, 0x77, 0xB0, 0xCC, 0xE4, 0x87, 0xD8,
    0x42, 0xA0, 0x05, 0xFB, 0xDD, 0x47, 0x1F, 0x17, 0xC2, 0xBF, 0x8B, 0x88, 0x6B, 0x65, 0xC5, 0x61,
    0x16, 0xF1, 0x8A, 0x85, 0x79, 0xAF, 0x3C, 0xC7, 0xD6, 0xD9, 0x33, 0xDD, 0xCF, 0x82, 0x42, 0x8E,
    0xF0, 0x22, 0x13, 0x5D, 0xF4, 0xCD, 0x75, 0xFF, 0x1D, 0xFA, 0x27, 0x3E, 0x20, 0x3E, 0x26, 0x3E,
    0x25, 0xDE, 0x04, 0xC4, 0x87, 0xC4, 0x2F, 0xCF, 0xFD, 0xCB, 0x20, 0xFC, 0x33, 0xE5, 0xB6, 0x26,
    0x71, 0xD7, 0xDD, 0x5E, 0xD2, 0xBB, 0x47, 0xF1, 0x8F, 0x4D, 0x37, 0x2A, 0xEA, 0x3F, 0x01, 0x8D,
    0x90, 0x31, 0x6E, 0x02, 0x31, 0x10, 0x45, 0x3F, 0xA2, 0xD8, 0x62, 0xA5, 0x4C, 0x47, 0x0B, 0x37,
    0x98, 0x96, 0x2A, 0xEC, 0x51, 0x72, 0x83, 0x3D, 0xC2, 0x98, 0x95, 0xE8, 0xE9, 0x29, 0x72, 0x92,
    0xC4, 0x9B, 0x1B, 0xD0, 0x51, 0xD0, 0x04, 0x89, 0x02, 0x51, 0x2D, 0x92, 0x0B, 0x0B, 0xD6, 0x3B,
    0x8C, 0xA5, 0xA4, 0x08, 0x8A, 0x94, 0x48, 0x1E, 0x4B, 0x63, 0xFF, 0x79, 0x7E, 0x32, 0xFC, 0xEB,
    0xE7, 0x58, 0x35, 0x96, 0x6D, 0x9C, 0x91, 0x0B, 0x10, 0xD5, 0xB6, 0x3E, 0x5F, 0x2B, 0x5A, 0x06,
    0x3C, 0xD6, 0xB4, 0x89, 0x90, 0x9D, 0x02, 0xB2, 0x1D, 0xDF, 0x42, 0xD9, 0x76, 0xE4, 0x2C, 0x1F,
    0xEA, 0x73, 0xB0, 0xDB, 0x1F, 0xAB, 0x89, 0xB2, 0x1B, 0xE0, 0x43, 0x8E, 0x7D, 0xE4, 0x13, 0xB9,
    0x84, 0xFA, 0xF0, 0x18, 0x9B, 0x7E, 0xC5, 0x36, 0x09, 0xA6, 0xE0, 0x61, 0x0E, 0x84, 0x2C, 0x91,
    0x2D, 0x14, 0xA6, 0xE1, 0xF3, 0xBB, 0xFC, 0xEB, 0x66, 0xC3, 0x5C, 0xC9, 0x3E, 0xC9, 0xD6, 0x00,
    0xFA, 0x0D, 0xE8, 0x39, 0x03, 0x38, 0x03, 0x38, 0x03, 0xF8, 0x3F, 0x80, 0xD1, 0x00, 0x9B, 0x07,
    0xCA, 0xD5, 0x0B, 0xFE, 0xFC, 0x83, 0xB5, 0xB6, 0xD2, 0x89, 0x43, 0x11, 0x01, 0xF6, 0xC0, 0x9C,
    0x2A, 0x2B, 0x57, 0xA4, 0x45, 0xCF, 0xEF, 0x7C, 0x7A, 0x7E, 0x22, 0xB7, 0x38, 0x92, 0xA3, 0x44,
    0x6E, 0xA2, 0xE4, 0xE6, 0x6C, 0xFD, 0x1B, 0x25, 0x0E, 0x45, 0xBC, 0x03, 0x63, 0x60, 0x68, 0x60,
    0x60, 0x60, 0x60, 0xFE, 0x00, 0x24, 0xF8, 0xFF, 0x00, 0x09, 0x0B, 0x79, 0x20, 0xF1, 0x85, 0xF9,
    0x00, 0x03, 0xF3, 0xFF, 0x8F, 0x1F, 0x18, 0xF8, 0xFF, 0xFF, 0xF8, 0xC3, 0x60, 0xFF, 0xFF, 0xC1,
    0x7F, 0x06, 0xFB, 0x3F, 0x4C, 0xFF, 0x81, 0x2A, 0xF4, 0xFF, 0x30, 0x30, 0xFF, 0xA9, 0x07, 0xAA,
    0xFE, 0xFF, 0xFF, 0x00, 0x03, 0x83, 0x9D, 0x3D, 0x50, 0x31, 0x9F, 0x0D, 0xCC, 0x00, 0x90, 0x51,
    0x00,
};

static const EpdGlyph bookerly_8_boldGlyphs[] = {
    { 0, 0, 0, 0, 0, 0, 0 }, // U+0000
    { 0, 0, 0, 0, 0, 0, 0 }, // U+0008
    { 0, 0, 57, 0, 0, 0, 0 }, // U+0009
    { 0, 0, 57, 0, 0, 0, 0 }, // U+000D
    { 0, 0, 0, 0, 0, 0, 0 }, // U+001D
    { 0, 0, 57, 0, 0, 0, 0 }, // U+0020
    { 4, 13, 77, 1, 13, 13, 0 }, // !
    { 7, 6, 112, 0, 12, 11, 13 }, // "
    { 11, 11, 166, 0, 10, 31, 24 }, // #
    { 9, 18, 148, 0, 15, 41, 55 }, // $
    { 16, 14, 258, 0, 13, 56, 96 }, // %
    { 14, 13, 213, 0, 13, 46, 152 }, // &
    { 4, 6, 61, 0, 12, 6, 198 }, // '
    { 6, 16, 101, 0, 13, 24, 204 }, // (
    { 6, 16, 101, 0, 13, 24, 228 }, // )
    { 7, 6, 104, 0, 13, 11, 252 }, // *
    { 9, 8, 166, 1, 10, 18, 263 }, // +
    { 5, 6, 77, 0, 2, 8, 281 }, // ,
    { 6, 2, 101, 0, 5, 3, 289 }, // -
    { 4, 3, 77, 0, 3, 3, 292 }, // .
    { 9, 13, 141, 0, 12, 30, 295 }, // /
    { 11, 12, 176, 0, 12, 33, 325 }, // 0
    { 8, 12, 132, 0, 12, 24, 358 }, // 1
    { 10, 12, 157, 0, 12, 30, 382 }, // 2
    { 9, 12, 146, 0, 12, 27, 412 }, // 3
    { 11, 12, 170, 0, 12, 33, 439 }, // 4
    { 9, 12, 149, 0, 12, 27, 472 }, // 5
    { 10, 12, 163, 0, 12, 30, 499 }, // 6
    { 10, 12, 149, 0, 12, 30, 529 }, // 7
    { 10, 12, 165, 0, 12, 30, 559 }, // 8
    { 10, 12, 163, 0, 12, 30, 589 }, // 9
    { 4, 9, 77, 0, 9, 9, 619 }, // :
    { 5, 13, 77, 0, 9, 17, 628 }, // ;
    { 9, 9, 166, 1, 10, 21, 645 }, // <
    { 9, 6, 166, 1, 9, 14, 666 }, // =
    { 9, 9, 166, 1, 11, 21, 680 }, // >
    { 7, 13, 131, 1, 13, 23, 701 }, // ?
    { 17, 15, 264, 0, 12, 64, 724 }, // @
    { 13, 12, 206, 0, 12, 39, 788 }, // A
    { 11, 12, 173, 0, 12, 33, 827 }, // B
    { 11, 12, 175, 0, 12, 33, 860 }, // C
    { 13, 12, 207, 0, 12, 39, 893 }, // D
    { 11, 12, 173, 0, 12, 33, 932 }, // E
    { 10, 12, 158, 0, 12, 30, 965 }, // F
    { 12, 12, 198, 0, 12, 36, 995 }, // G
    { 15, 12, 229, 0, 12, 45, 1031 }, // H
    { 7, 12, 112, 0, 12, 21, 1076 }, // I
    { 8, 16, 105, -1, 12, 32, 1097 }, // J
    { 13, 12, 202, 0, 12, 39, 1129 }, // K
    { 11, 12, 166, 0, 12, 33, 1168 }, // L
    { 16, 12, 253, 0, 12, 48, 1201 }, // M
    { 14, 12, 214, 0, 12, 42, 1249 }, // N
    { 13, 12, 208, 0, 12, 39, 1291 }, // O
    { 11, 12, 167, 0, 12, 33, 1330 }, // P
    { 14, 16, 208, 0, 12, 56, 1363 }, // Q
    { 13, 12, 190, 0, 12, 39, 1419 }, // R
    { 10, 12, 156, 0, 12, 30, 1458 }, // S
    { 12, 12, 192, 0, 12, 36, 1488 }, // T
    { 14, 12, 214, 0, 12, 42, 1524 }, // U
    { 14, 12, 208, 0, 12, 42, 1566 }, // V
    { 19, 12, 297, 0, 12, 57, 1608 }, // W
    { 13, 12, 205, 0, 12, 39, 1665 }, // X
    { 13, 12, 193, 0, 12, 39, 1704 }, // Y
    { 10, 12, 162, 0, 12, 30, 1743 }, // Z
    { 5, 16, 90, 1, 13, 20, 1773 }, // [
    { 9, 13, 141, 0, 12, 30, 1793 }, // <backslash>
    { 5, 16, 90, 0, 13, 20, 1823 }, // ]
    { 9, 8, 166, 1, 10, 18, 1843 }, // ^
    { 9, 2, 133, 0, -1, 5, 1861 }, // _
    { 5, 4, 180, 3, 14, 5, 1866 }, // `
    { 10, 9, 152, 0, 9, 23, 1871 }, // a
    { 11, 13, 165, -1, 13, 36, 1894 }, // b
    { 9, 9, 139, 0, 9, 21, 1930 }, // c
    { 11, 13, 168, 0, 13, 36, 1951 }, // d
    { 9, 9, 145, 0, 9, 21, 1987 }, // e
    { 9, 13, 116, 0, 13, 30, 2008 }, // f
    { 11, 13, 161, 0, 9, 36, 2038 }, // g
    { 11, 13, 177, 0, 13, 36, 2074 }, // h
    { 6, 13, 95, 0, 13, 20, 2110 }, // i
    { 7, 17, 85, -2, 13, 30, 2130 }, // j
    { 11, 13, 169, 0, 13, 36, 2160 }, // k
    { 6, 13, 93, 0, 13, 20, 2196 }, // l
    { 17, 9, 264, 0, 9, 39, 2216 }, // m
    { 12, 9, 180, 0, 9, 27, 2255 }, // n
    { 10, 9, 161, 0, 9, 23, 2282 }, // o
    { 11, 13, 167, 0, 9, 36, 2305 }, // p
    { 11, 13, 160, 0, 9, 36, 2341 }, // q
    { 8, 9, 127, 0, 9, 18, 2377 }, // r
    { 8, 9, 134, 0, 9, 18, 2395 }, // s
    { 8, 11, 113, -1, 11, 22, 2413 }, // t
    { 12, 9, 174, 0, 9, 27, 2435 }, // u
    { 11, 9, 174, 0, 9, 25, 2462 }, // v
    { 16, 9, 242, 0, 9, 36, 2487 }, // w
    { 11, 9, 166, 0, 9, 25, 2523 }, // x
    { 11, 13, 174, 0, 9, 36, 2548 }, // y
    { 9, 10, 138, 0, 9, 23, 2584 }, // z
    { 6, 17, 107, 1, 14, 26, 2607 }, // {
    { 3, 15, 84, 1, 13, 12, 2633 }, // |
    { 6, 16, 107, 0, 13, 24, 2645 }, // }
    { 9, 3, 166, 1, 7, 7, 2669 }, // ~
    { 0, 0, 57, 0, 0, 0, 0 }, // U+00A0
    { 4, 13, 77, 0, 9, 13, 0 }, // U+00A1
    { 10, 16, 151, 0, 13, 40, 13 }, // U+00A2
    { 10, 11, 155, 0, 11, 28, 53 }, // U+00A3
    { 10, 9, 166, 0, 9, 23, 81 }, // U+00A4
    { 12, 11, 178, 0, 11, 33, 104 }, // U+00A5
    { 3, 15, 84, 1, 13, 12, 137 }, // U+00A6
    { 9, 14, 138, 0, 12, 32, 149 }, // U+00A7
    { 7, 3, 180, 2, 13, 6, 181 }, // U+00A8
    { 13, 12, 209, 0, 12, 39, 187 }, // U+00A9
    { 7, 8, 117, 0, 12, 14, 226 }, // U+00AA
    { 10, 6, 156, 0, 7, 15, 240 }, // U+00AB
    { 9, 4, 166, 1, 8, 9, 255 }, // U+00AC
    { 6, 2, 101, 0, 5, 3, 264 }, // U+00AD
    { 10, 9, 155, 0, 13, 23, 267 }, // U+00AE
    { 7, 2, 180, 2, 12, 4, 290 }, // U+00AF
    { 7, 6, 141, 1, 12, 11, 294 }, // U+00B0
    { 9, 11, 166, 1, 11, 25, 305 }, // U+00B1
    { 7, 7, 119, 0, 14, 13, 330 }, // U+00B2
    { 7, 8, 119, 0, 14, 14, 343 }, // U+00B3
    { 4, 4, 180, 4, 14, 4, 357 }, // U+00B4
    { 12, 13, 175, 0, 9, 39, 361 }, // U+00B5
    { 10, 14, 158, 0, 12, 35, 400 }, // U+00B6
    { 4, 3, 77, 0, 7, 3, 435 }, // U+00B7
    { 4, 4, 180, 4, -1, 4, 438 }, // U+00B8
    { 6, 7, 119, 1, 14, 11, 442 }, // U+00B9
    { 7, 9, 117, 0, 12, 16, 453 }, // U+00BA
    { 10, 6, 156, 0, 7, 15, 469 }, // U+00BB
    { 17, 14, 287, 1, 13, 60, 484 }, // U+00BC
    { 17, 14, 287, 1, 13, 60, 544 }, // U+00BD
    { 18, 14, 287, 0, 13, 63, 604 }, // U+00BE
    { 8, 13, 131, 0, 9, 26, 667 }, // U+00BF
    { 13, 17, 206, 0, 17, 56, 693 }, // U+00C0
    { 13, 17, 206, 0, 17, 56, 749 }, // U+00C1
    { 13, 17, 206, 0, 17, 56, 805 }, // U+00C2
    { 13, 16, 206, 0, 16, 52, 861 }, // U+00C3
    { 13, 16, 206, 0, 16, 52, 913 }, // U+00C4
    { 13, 17, 206, 0, 17, 56, 965 }, // U+00C5
    { 17, 12, 262, -1, 12, 51, 1021 }, // U+00C6
    { 11, 17, 175, 0, 12, 47, 1072 }, // U+00C7
    { 11, 17, 173, 0, 17, 47, 1119 }, // U+00C8
    { 11, 17, 173, 0, 17, 47, 1166 }, // U+00C9
    { 11, 17, 173, 0, 17, 47, 1213 }, // U+00CA
    { 11, 16, 173, 0, 16, 44, 1260 }, // U+00CB
    { 7, 17, 112, 0, 17, 30, 1304 }, // U+00CC
    { 7, 17, 112, 0, 17, 30, 1334 }, // U+00CD
    { 7, 17, 112, 0, 17, 30, 1364 }, // U+00CE
    { 7, 16, 112, 0, 16, 28, 1394 }, // U+00CF
    { 13, 12, 207, 0, 12, 39, 1422 }, // U+00D0
    { 14, 16, 214, 0, 16, 56, 1461 }, // U+00D1
    { 13, 17, 208, 0, 17, 56, 1517 }, // U+00D2
    { 13, 17, 208, 0, 17, 56, 1573 }, // U+00D3
    { 13, 17, 208, 0, 17, 56, 1629 }, // U+00D4
    { 13, 16, 208, 0, 16, 52, 1685 }, // U+00D5
    { 13, 16, 208, 0, 16, 52, 1737 }, // U+00D6
    { 8, 7, 166, 1, 9, 14, 1789 }, // U+00D7
    { 13, 12, 208, 0, 12, 39, 1803 }, // U+00D8
    { 14, 17, 214, 0, 17, 60, 1842 }, // U+00D9
    { 14, 17, 214, 0, 17, 60, 1902 }, // U+00DA
    { 14, 17, 214, 0, 17, 60, 1962 }, // U+00DB
    { 14, 16, 214, 0, 16, 56, 2022 }, // U+00DC
    { 13, 17, 193, 0, 17, 56, 2078 }, // U+00DD
    { 11, 12, 173, 0, 12, 33, 2134 }, // U+00DE
    { 11, 13, 178, 0, 13, 36, 2167 }, // U+00DF
    { 10, 14, 152, 0, 14, 35, 2203 }, // U+00E0
    { 10, 14, 152, 0, 14, 35, 2238 }, // U+00E1
    { 10, 14, 152, 0, 14, 35, 2273 }, // U+00E2
    { 10, 13, 152, 0, 13, 33, 2308 }, // U+00E3
    { 10, 13, 152, 0, 13, 33, 2341 }, // U+00E4
    { 10, 15, 152, 0, 15, 38, 2374 }, // U+00E5
    { 14, 9, 221, 0, 9, 32, 2412 }, // U+00E6
    { 9, 14, 139, 0, 9, 32, 2444 }, // U+00E7
    { 9, 14, 145, 0, 14, 32, 2476 }, // U+00E8
    { 9, 14, 145, 0, 14, 32, 2508 }, // U+00E9
    { 9, 14, 145, 0, 14, 32, 2540 }, // U+00EA
    { 9, 13, 145, 0, 13, 30, 2572 }, // U+00EB
    { 6, 14, 95, 0, 14, 21, 2602 }, // U+00EC
    { 6, 14, 95, 0, 14, 21, 2623 }, // U+00ED
    { 6, 14, 95, 0, 14, 21, 2644 }, // U+00EE
    { 7, 13, 95, 0, 13, 23, 2665 }, // U+00EF
    { 10, 14, 161, 0, 14, 35, 2688 }, // U+00F0
    { 12, 13, 180, 0, 13, 39, 2723 }, // U+00F1
    { 10, 14, 161, 0, 14, 35, 2762 }, // U+00F2
    { 10, 14, 161, 0, 14, 35, 2797 }, // U+00F3
    { 10, 14, 161, 0, 14, 35, 2832 }, // U+00F4
    { 10, 13, 161, 0, 13, 33, 2867 }, // U+00F5
    { 10, 13, 161, 0, 13, 33, 2900 }, // U+00F6
    { 9, 10, 166, 1, 11, 23, 2933 }, // U+00F7
    { 10, 9, 161, 0, 9, 23, 2956 }, // U+00F8
    { 12, 14, 174, 0, 14, 42, 2979 }, // U+00F9
    { 12, 14, 174, 0, 14, 42, 3021 }, // U+00FA
    { 12, 14, 174, 0, 14, 42, 3063 }, // U+00FB
    { 12, 13, 174, 0, 13, 39, 3105 }, // U+00FC
    { 11, 18, 174, 0, 14, 50, 3144 }, // U+00FD
    { 11, 17, 167, 0, 13, 47, 3194 }, // U+00FE
    { 11, 17, 174, 0, 13, 47, 3241 }, // U+00FF
    { 13, 15, 206, 0, 15, 49, 0 }, // U+0100
    { 10, 12, 152, 0, 12, 30, 49 }, // U+0101
    { 13, 16, 206, 0, 16, 52, 79 }, // U+0102
    { 10, 13, 152, 0, 13, 33, 131 }, // U+0103
    { 13, 16, 206, 0, 12, 52, 164 }, // U+0104
    { 10, 13, 152, 0, 9, 33, 216 }, // U+0105
    { 11, 17, 175, 0, 17, 47, 249 }, // U+0106
    { 9, 14, 139, 0, 14, 32, 296 }, // U+0107
    { 11, 17, 175, 0, 17, 47, 328 }, // U+0108
    { 9, 14, 139, 0, 14, 32, 375 }, // U+0109
    { 11, 16, 175, 0, 16, 44, 407 }, // U+010A
    { 9, 13, 139, 0, 13, 30, 451 }, // U+010B
    { 11, 17, 175, 0, 17, 47, 481 }, // U+010C
    { 9, 14, 139, 0, 14, 32, 528 }, // U+010D
    { 13, 17, 207, 0, 17, 56, 560 }, // U+010E
    { 13, 13, 173, 0, 13, 43, 616 }, // U+010F
    { 13, 12, 207, 0, 12, 39, 659 }, // U+0110
    { 11, 13, 168, 0, 13, 36, 698 }, // U+0111
    { 11, 15, 173, 0, 15, 42, 734 }, // U+0112
    { 9, 12, 145, 0, 12, 27, 776 }, // U+0113
    { 11, 16, 173, 0, 16, 44, 803 }, // U+0114
    { 9, 13, 145, 0, 13, 30, 847 }, // U+0115
    { 11, 16, 173, 0, 16, 44, 877 }, // U+0116
    { 9, 13, 145, 0, 13, 30, 921 }, // U+0117
    { 11, 16, 173, 0, 12, 44, 951 }, // U+0118
    { 9, 12, 145, 0, 9, 27, 995 }, // U+0119
    { 11, 17, 173, 0, 17, 47, 1022 }, // U+011A
    { 9, 14, 145, 0, 14, 32, 1069 }, // U+011B
    { 12, 17, 198, 0, 17, 51, 1101 }, // U+011C
    { 11, 18, 161, 0, 14, 50, 1152 }, // U+011D
    { 12, 16, 198, 0, 16, 48, 1202 }, // U+011E
    { 11, 17, 161, 0, 13, 47, 1250 }, // U+011F
    { 12, 16, 198, 0, 16, 48, 1297 }, // U+0120
    { 11, 17, 161, 0, 13, 47, 1345 }, // U+0121
    { 12, 17, 198, 0, 12, 51, 1392 }, // U+0122
    { 11, 19, 161, 0, 15, 53, 1443 }, // U+0123
    { 15, 17, 229, 0, 17, 64, 1496 }, // U+0124
    { 12, 18, 177, -1, 18, 54, 1560 }, // U+0125
    { 15, 12, 229, 0, 12, 45, 1614 }, // U+0126
    { 11, 13, 177, 0, 13, 36, 1659 }, // U+0127
    { 7, 16, 112, 0, 16, 28, 1695 }, // U+0128
    { 6, 13, 95, 0, 13, 20, 1723 }, // U+0129
    { 7, 15, 112, 0, 15, 27, 1743 }, // U+012A
    { 6, 12, 95, 0, 12, 18, 1770 }, // U+012B
    { 7, 16, 112, 0, 16, 28, 1788 }, // U+012C
    { 6, 13, 95, 0, 13, 20, 1816 }, // U+012D
    { 7, 16, 112, 0, 12, 28, 1836 }, // U+012E
    { 7, 17, 95, 0, 13, 30, 1864 }, // U+012F
    { 7, 16, 112, 0, 16, 28, 1894 }, // U+0130
    { 6, 9, 95, 0, 9, 14, 1922 }, // U+0131
    { 14, 16, 216, 0, 12, 56, 1936 }, // U+0132
    { 11, 17, 179, 0, 13, 47, 1992 }, // U+0133
    { 8, 21, 105, -1, 17, 42, 2039 }, // U+0134
    { 8, 18, 85, -2, 14, 36, 2081 }, // U+0135
    { 13, 17, 202, 0, 12, 56, 2117 }, // U+0136
    { 11, 18, 169, 0, 13, 50, 2173 }, // U+0137
    { 11, 9, 173, 0, 9, 25, 2223 }, // U+0138
    { 11, 17, 166, 0, 17, 47, 2248 }, // U+0139
    { 6, 18, 93, 0, 18, 27, 2295 }, // U+013A
    { 11, 17, 166, 0, 12, 47, 2322 }, // U+013B
    { 6, 18, 93, 0, 13, 27, 2369 }, // U+013C
    { 11, 13, 166, 0, 13, 36, 2396 }, // U+013D
    { 8, 13, 98, 0, 13, 26, 2432 }, // U+013E
    { 11, 12, 166, 0, 12, 33, 2458 }, // U+013F
    { 9, 13, 143, 0, 13, 30, 2491 }, // U+0140
    { 12, 12, 166, -1, 12, 36, 2521 }, // U+0141
    { 7, 13, 93, -1, 13, 23, 2557 }, // U+0142
    { 14, 17, 214, 0, 17, 60, 2580 }, // U+0143
    { 12, 14, 180, 0, 14, 42, 2640 }, // U+0144
    { 14, 17, 214, 0, 12, 60, 2682 }, // U+0145
    { 12, 14, 180, 0, 9, 42, 2742 }, // U+0146
    { 14, 17, 214, 0, 17, 60, 2784 }, // U+0147
    { 12, 14, 180, 0, 14, 42, 2844 }, // U+0148
    { 16, 12, 242, 0, 12, 48, 2886 }, // U+0149
    { 14, 16, 214, 0, 12, 56, 2934 }, // U+014A
    { 10, 13, 174, 0, 9, 33, 2990 }, // U+014B
    { 13, 15, 208, 0, 15, 49, 3023 }, // U+014C
    { 10, 12, 161, 0, 12, 30, 3072 }, // U+014D
    { 13, 16, 208, 0, 16, 52, 3102 }, // U+014E
    { 10, 13, 161, 0, 13, 33, 3154 }, // U+014F
    { 13, 17, 208, 0, 17, 56, 3187 }, // U+0150
    { 10, 15, 161, 0, 15, 38, 3243 }, // U+0151
    { 17, 12, 270, 0, 12, 51, 3281 }, // U+0152
    { 15, 9, 243, 0, 9, 34, 3332 }, // U+0153
    { 13, 17, 190, 0, 17, 56, 3366 }, // U+0154
    { 8, 14, 127, 0, 14, 28, 3422 }, // U+0155
    { 13, 17, 190, 0, 12, 56, 3450 }, // U+0156
    { 8, 14, 127, 0, 9, 28, 3506 }, // U+0157
    { 13, 17, 190, 0, 17, 56, 3534 }, // U+0158
    { 8, 14, 127, 0, 14, 28, 3590 }, // U+0159
    { 10, 17, 156, 0, 17, 43, 3618 }, // U+015A
    { 8, 14, 134, 0, 14, 28, 3661 }, // U+015B
    { 10, 17, 156, 0, 17, 43, 3689 }, // U+015C
    { 8, 14, 134, 0, 14, 28, 3732 }, // U+015D
    { 10, 17, 156, 0, 12, 43, 3760 }, // U+015E
    { 8, 14, 134, 0, 9, 28, 3803 }, // U+015F
    { 10, 17, 156, 0, 17, 43, 3831 }, // U+0160
    { 8, 14, 134, 0, 14, 28, 3874 }, // U+0161
    { 12, 17, 192, 0, 12, 51, 3902 }, // U+0162
    { 8, 16, 113, -1, 11, 32, 3953 }, // U+0163
    { 12, 17, 192, 0, 17, 51, 3985 }, // U+0164
    { 8, 14, 113, -1, 14, 28, 4036 }, // U+0165
    { 12, 12, 192, 0, 12, 36, 4064 }, // U+0166
    { 8, 12, 113, -1, 12, 24, 4100 }, // U+0167
    { 14, 16, 214, 0, 16, 56, 4124 }, // U+0168
    { 12, 13, 174, 0, 13, 39, 4180 }, // U+0169
    { 14, 15, 214, 0, 15, 53, 4219 }, // U+016A
    { 12, 12, 174, 0, 12, 36, 4272 }, // U+016B
    { 14, 16, 214, 0, 16, 56, 4308 }, // U+016C
    { 12, 13, 174, 0, 13, 39, 4364 }, // U+016D
    { 14, 17, 214, 0, 17, 60, 4403 }, // U+016E
    { 12, 15, 174, 0, 15, 45, 4463 }, // U+016F
    { 14, 17, 214, 0, 17, 60, 4508 }, // U+0170
    { 12, 15, 174, 0, 15, 45, 4568 }, // U+0171
    { 14, 15, 214, 0, 12, 53, 4613 }, // U+0172
    { 12, 13, 174, 0, 9, 39, 4666 }, // U+0173
    { 19, 17, 297, 0, 17, 81, 4705 }, // U+0174
    { 16, 14, 242, 0, 14, 56, 4786 }, // U+0175
    { 13, 17, 193, 0, 17, 56, 4842 }, // U+0176
    { 11, 18, 174, 0, 14, 50, 4898 }, // U+0177
    { 13, 16, 193, 0, 16, 52, 4948 }, // U+0178
    { 10, 17, 162, 0, 17, 43, 5000 }, // U+0179
    { 9, 15, 138, 0, 14, 34, 5043 }, // U+017A
    { 10, 16, 162, 0, 16, 40, 5077 }, // U+017B
    { 9, 14, 138, 0, 13, 32, 5117 }, // U+017C
    { 10, 17, 162, 0, 17, 43, 5149 }, // U+017D
    { 9, 15, 138, 0, 14, 34, 5192 }, // U+017E
    { 9, 13, 110, 0, 13, 30, 5226 }, // U+017F
    { 23, 17, 362, 0, 17, 98, 0 }, // U+01C4
    { 22, 15, 337, 0, 14, 83, 98 }, // U+01C5
    { 19, 15, 304, 0, 14, 72, 181 }, // U+01C6
    { 18, 16, 270, 0, 12, 72, 253 }, // U+01C7
    { 15, 17, 250, 0, 13, 64, 325 }, // U+01C8
    { 11, 17, 178, 0, 13, 47, 389 }, // U+01C9
    { 21, 16, 319, 0, 12, 84, 436 }, // U+01CA
    { 19, 17, 299, 0, 13, 81, 520 }, // U+01CB
    { 16, 17, 265, 0, 13, 68, 601 }, // U+01CC
    { 13, 17, 206, 0, 17, 56, 669 }, // U+01CD
    { 10, 14, 152, 0, 14, 35, 725 }, // U+01CE
    { 7, 17, 112, 0, 17, 30, 760 }, // U+01CF
    { 6, 14, 95, 0, 14, 21, 790 }, // U+01D0
    { 13, 17, 208, 0, 17, 56, 811 }, // U+01D1
    { 10, 14, 161, 0, 14, 35, 867 }, // U+01D2
    { 14, 17, 214, 0, 17, 60, 902 }, // U+01D3
    { 12, 14, 174, 0, 14, 42, 962 }, // U+01D4
    { 14, 18, 214, 0, 18, 63, 1004 }, // U+01D5
    { 12, 15, 174, 0, 15, 45, 1067 }, // U+01D6
    { 14, 18, 214, 0, 18, 63, 1112 }, // U+01D7
    { 12, 16, 174, 0, 16, 48, 1175 }, // U+01D8
    { 14, 18, 214, 0, 18, 63, 1223 }, // U+01D9
    { 12, 16, 174, 0, 16, 48, 1286 }, // U+01DA
    { 14, 18, 214, 0, 18, 63, 1334 }, // U+01DB
    { 12, 16, 174, 0, 16, 48, 1397 }, // U+01DC
    { 9, 9, 145, 0, 9, 21, 1445 }, // U+01DD
    { 13, 18, 206, 0, 18, 59, 1466 }, // U+01DE
    { 10, 15, 152, 0, 15, 38, 1525 }, // U+01DF
    { 13, 18, 206, 0, 18, 59, 1563 }, // U+01E0
    { 10, 15, 152, 0, 15, 38, 1622 }, // U+01E1
    { 17, 15, 262, -1, 15, 64, 1660 }, // U+01E2
    { 14, 12, 221, 0, 12, 42, 1724 }, // U+01E3
    { 13, 12, 198, 0, 12, 39, 1766 }, // U+01E4
    { 12, 13, 161, -1, 9, 39, 1805 }, // U+01E5
    { 12, 17, 198, 0, 17, 51, 1844 }, // U+01E6
    { 11, 18, 161, 0, 14, 50, 1895 }, // U+01E7
    { 13, 17, 202, 0, 17, 56, 1945 }, // U+01E8
    { 12, 18, 169, -1, 18, 54, 2001 }, // U+01E9
    { 13, 15, 208, 0, 12, 49, 2055 }, // U+01EA
    { 10, 12, 161, 0, 9, 30, 2104 }, // U+01EB
    { 13, 18, 208, 0, 15, 59, 2134 }, // U+01EC
    { 10, 15, 161, 0, 12, 38, 2193 }, // U+01ED
    { 10, 17, 156, 0, 17, 43, 2231 }, // U+01EE
    { 9, 18, 144, 0, 14, 41, 2274 }, // U+01EF
    { 8, 18, 85, -2, 14, 36, 2315 }, // U+01F0
    { 24, 12, 369, 0, 12, 72, 2351 }, // U+01F1
    { 22, 13, 345, 0, 12, 72, 2423 }, // U+01F2
    { 20, 14, 305, 0, 13, 70, 2495 }, // U+01F3
    { 12, 17, 198, 0, 17, 51, 2565 }, // U+01F4
    { 11, 18, 161, 0, 14, 50, 2616 }, // U+01F5
    { 14, 17, 214, 0, 17, 60, 2666 }, // U+01F8
    { 12, 14, 180, 0, 14, 42, 2726 }, // U+01F9
    { 13, 19, 206, 0, 19, 62, 2768 }, // U+01FA
    { 10, 19, 152, 0, 19, 48, 2830 }, // U+01FB
    { 17, 17, 262, -1, 17, 73, 2878 }, // U+01FC
    { 14, 14, 221, 0, 14, 49, 2951 }, // U+01FD
    { 13, 17, 208, 0, 17, 56, 3000 }, // U+01FE
    { 10, 14, 161, 0, 14, 35, 3056 }, // U+01FF
    { 13, 17, 206, 0, 17, 56, 3091 }, // U+0200
    { 10, 15, 152, 0, 15, 38, 3147 }, // U+0201
    { 13, 16, 206, 0, 16, 52, 3185 }, // U+0202
    { 10, 13, 152, 0, 13, 33, 3237 }, // U+0203
    { 11, 17, 173, 0, 17, 47, 3270 }, // U+0204
    { 9, 15, 145, 0, 15, 34, 3317 }, // U+0205
    { 11, 16, 173, 0, 16, 44, 3351 }, // U+0206
    { 9, 13, 145, 0, 13, 30, 3395 }, // U+0207
    { 9, 17, 112, -2, 17, 39, 3425 }, // U+0208
    { 7, 15, 95, -1, 15, 27, 3464 }, // U+0209
    { 7, 16, 112, 0, 16, 28, 3491 }, // U+020A
    { 6, 13, 95, 0, 13, 20, 3519 }, // U+020B
    { 13, 17, 208, 0, 17, 56, 3539 }, // U+020C
    { 10, 15, 161, 0, 15, 38, 3595 }, // U+020D
    { 13, 16, 208, 0, 16, 52, 3633 }, // U+020E
    { 10, 13, 161, 0, 13, 33, 3685 }, // U+020F
    { 13, 17, 190, 0, 17, 56, 3718 }, // U+0210
    { 8, 15, 127, 0, 15, 30, 3774 }, // U+0211
    { 13, 16, 190, 0, 16, 52, 3804 }, // U+0212
    { 8, 13, 127, 0, 13, 26, 3856 }, // U+0213
    { 14, 17, 214, 0, 17, 60, 3882 }, // U+0214
    { 12, 15, 174, 0, 15, 45, 3942 }, // U+0215
    { 14, 16, 214, 0, 16, 56, 3987 }, // U+0216
    { 12, 13, 174, 0, 13, 39, 4043 }, // U+0217
    { 10, 17, 156, 0, 12, 43, 4082 }, // U+0218
    { 8, 14, 134, 0, 9, 28, 4125 }, // U+0219
    { 12, 17, 192, 0, 12, 51, 4153 }, // U+021A
    { 8, 16, 113, -1, 11, 32, 4204 }, // U+021B
    { 10, 14, 159, 0, 12, 35, 4236 }, // U+021C
    { 9, 13, 138, 0, 9, 30, 4271 }, // U+021D
    { 15, 17, 229, 0, 17, 64, 4301 }, // U+021E
    { 12, 18, 177, -1, 18, 54, 4365 }, // U+021F
    { 5, 4, 0, -3, 14, 5, 0 }, // U+0300
    { 4, 4, 0, -1, 14, 4, 5 }, // U+0301
    { 6, 4, 0, -3, 14, 6, 9 }, // U+0302
    { 6, 3, 0, -3, 13, 5, 15 }, // U+0303
    { 6, 2, 0, -3, 12, 3, 20 }, // U+0304
    { 6, 3, 0, -3, 13, 5, 23 }, // U+0306
    { 4, 3, 0, -2, 13, 3, 28 }, // U+0307
    { 8, 3, 0, -4, 13, 6, 31 }, // U+0308
    { 6, 6, 0, -3, 16, 9, 37 }, // U+0309
    { 6, 5, 0, -3, 15, 8, 46 }, // U+030A
    { 7, 5, 0, -3, 15, 9, 54 }, // U+030B
    { 6, 4, 0, -3, 14, 6, 63 }, // U+030C
    { 7, 5, 0, -4, 15, 9, 69 }, // U+030F
    { 6, 3, 0, -3, 13, 5, 78 }, // U+0311
    { 4, 5, 0, -2, 15, 5, 83 }, // U+0312
    { 4, 5, 0, -2, 15, 5, 88 }, // U+0313
    { 4, 5, 0, -2, 15, 5, 93 }, // U+0314
    { 3, 4, 0, -1, 14, 3, 98 }, // U+0315
    { 4, 4, 0, -2, 10, 4, 101 }, // U+031B
    { 4, 3, 0, -2, -1, 3, 105 }, // U+0323
    { 8, 3, 0, -4, -2, 6, 108 }, // U+0324
    { 4, 4, 0, -2, -1, 4, 114 }, // U+0325
    { 4, 4, 0, -2, -1, 4, 118 }, // U+0326
    { 4, 4, 0, -2, -1, 4, 122 }, // U+0327
    { 4, 5, 0, -2, 1, 5, 126 }, // U+0328
    { 3, 4, 75, 1, -1, 3, 131 }, // U+0329
    { 6, 4, 0, -3, -1, 6, 134 }, // U+032D
    { 6, 3, 0, -3, -1, 5, 140 }, // U+032E
    { 6, 3, 0, -3, -1, 5, 145 }, // U+0330
    { 6, 2, 0, -3, -2, 3, 150 }, // U+0331
    { 6, 3, 0, -3, 13, 5, 153 }, // U+0342
    { 8, 7, 0, -4, 17, 14, 158 }, // U+0344
    { 4, 3, 0, -2, -1, 3, 172 }, // U+0345
    { 0, 0, 133, 0, 0, 0, 0 }, // U+2000
    { 0, 0, 267, 0, 0, 0, 0 }, // U+2001
    { 0, 0, 133, 0, 0, 0, 0 }, // U+2002
    { 0, 0, 267, 0, 0, 0, 0 }, // U+2003
    { 0, 0, 89, 0, 0, 0, 0 }, // U+2004
    { 0, 0, 67, 0, 0, 0, 0 }, // U+2005
    { 0, 0, 44, 0, 0, 0, 0 }, // U+2006
    { 0, 0, 166, 0, 0, 0, 0 }, // U+2007
    { 0, 0, 77, 0, 0, 0, 0 }, // U+2008
    { 0, 0, 53, 0, 0, 0, 0 }, // U+2009
    { 0, 0, 13, 0, 0, 0, 0 }, // U+200A
    { 0, 0, 0, 0, 0, 0, 0 }, // U+200B
    { 2, 14, 0, -1, 10, 7, 0 }, // U+200C
    { 4, 15, 0, -2, 11, 15, 7 }, // U+200D
    { 6, 16, 0, -3, 12, 24, 22 }, // U+200E
    { 6, 16, 0, -3, 12, 24, 46 }, // U+200F
    { 6, 2, 101, 0, 5, 3, 70 }, // U+2010
    { 6, 2, 101, 0, 5, 3, 73 }, // U+2011
    { 9, 2, 166, 1, 6, 5, 76 }, // U+2012
    { 9, 2, 133, 0, 5, 5, 81 }, // U+2013
    { 17, 2, 267, 0, 5, 9, 86 }, // U+2014
    { 17, 2, 267, 0, 5, 9, 95 }, // U+2015
    { 7, 17, 133, 1, 13, 30, 104 }, // U+2016
    { 9, 5, 133, 0, -1, 12, 134 }, // U+2017
    { 4, 6, 66, 0, 13, 6, 146 }, // U+2018
    { 4, 6, 66, 0, 12, 6, 152 }, // U+2019
    { 4, 6, 66, 0, 2, 6, 158 }, // U+201A
    { 4, 6, 66, 0, 13, 6, 164 }, // U+201B
    { 8, 6, 119, 0, 13, 12, 170 }, // U+201C
    { 7, 6, 119, 0, 12, 11, 182 }, // U+201D
    { 7, 6, 119, 0, 2, 11, 193 }, // U+201E
    { 8, 6, 119, 0, 13, 12, 204 }, // U+201F
    { 8, 11, 132, 0, 12, 22, 216 }, // U+2020
    { 8, 13, 133, 0, 12, 26, 238 }, // U+2021
    { 5, 4, 80, 0, 7, 5, 264 }, // U+2022
    { 7, 6, 166, 2, 9, 11, 269 }, // U+2023
    { 4, 3, 77, 0, 2, 3, 280 }, // U+2024
    { 8, 3, 133, 0, 3, 6, 283 }, // U+2025
    { 15, 3, 267, 1, 3, 12, 289 }, // U+2026
    { 4, 3, 77, 0, 6, 3, 301 }, // U+2027
    { 0, 0, 0, 0, 0, 0, 304 }, // U+2028
    { 0, 0, 0, 0, 0, 0, 304 }, // U+2029
    { 6, 16, 0, -3, 12, 24, 304 }, // U+202A
    { 6, 16, 0, -3, 12, 24, 328 }, // U+202B
    { 6, 16, 0, -3, 12, 24, 352 }, // U+202C
    { 8, 16, 0, -4, 12, 32, 376 }, // U+202D
    { 8, 16, 0, -4, 12, 32, 408 }, // U+202E
    { 0, 0, 29, 0, 0, 0, 440 }, // U+202F
    { 23, 14, 370, 0, 13, 81, 440 }, // U+2030
    { 5, 6, 73, 0, 12, 8, 521 }, // U+2032
    { 8, 6, 131, 0, 12, 12, 529 }, // U+2033
    { 12, 6, 189, 0, 12, 18, 541 }, // U+2034
    { 5, 6, 73, 0, 12, 8, 559 }, // U+2035
    { 8, 6, 136, 0, 12, 12, 567 }, // U+2036
    { 12, 6, 194, 0, 12, 18, 579 }, // U+2037
    { 8, 3, 133, 0, 0, 6, 597 }, // U+2038
    { 5, 6, 89, 0, 7, 8, 603 }, // U+2039
    { 6, 6, 89, 0, 7, 9, 611 }, // U+203A
    { 11, 11, 166, 0, 11, 31, 620 }, // U+203B
    { 9, 13, 155, 1, 13, 30, 651 }, // U+203C
    { 9, 2, 133, 0, 14, 5, 681 }, // U+203E
    { 5, 2, 80, 0, 5, 3, 686 }, // U+2043
    { 9, 14, 49, -3, 13, 32, 689 }, // U+2044
    { 15, 13, 250, 1, 13, 49, 721 }, // U+2047
    { 12, 13, 206, 1, 13, 39, 770 }, // U+2048
    { 12, 13, 206, 1, 13, 39, 809 }, // U+2049
    { 11, 3, 267, 3, 6, 9, 848 }, // U+2053
    { 16, 6, 247, 0, 12, 24, 857 }, // U+2057
    { 0, 0, 59, 0, 0, 0, 881 }, // U+205F
    { 0, 0, 0, 0, 0, 0, 881 }, // U+2060
    { 0, 0, 0, 0, 0, 0, 881 }, // U+2061
    { 0, 0, 0, 0, 0, 0, 881 }, // U+2062
    { 0, 0, 0, 0, 0, 0, 881 }, // U+2063
    { 0, 0, 0, 0, 0, 0, 881 }, // U+2064
    { 8, 7, 119, 0, 14, 14, 0 }, // U+2070
    { 8, 8, 119, 0, 14, 16, 14 }, // U+2074
    { 6, 8, 119, 1, 14, 12, 30 }, // U+2075
    { 7, 8, 119, 0, 14, 14, 42 }, // U+2076
    { 6, 8, 119, 1, 14, 12, 56 }, // U+2077
    { 7, 8, 119, 0, 14, 14, 68 }, // U+2078
    { 7, 8, 119, 0, 14, 14, 82 }, // U+2079
    { 8, 6, 151, 1, 12, 12, 96 }, // U+207F
    { 8, 7, 119, 0, 5, 14, 108 }, // U+2080
    { 6, 7, 119, 1, 5, 11, 122 }, // U+2081
    { 7, 7, 119, 0, 5, 13, 133 }, // U+2082
    { 7, 8, 119, 0, 5, 14, 146 }, // U+2083
    { 8, 8, 119, 0, 5, 16, 160 }, // U+2084
    { 6, 8, 119, 1, 5, 12, 176 }, // U+2085
    { 7, 8, 119, 0, 5, 14, 188 }, // U+2086
    { 6, 8, 119, 1, 5, 12, 202 }, // U+2087
    { 7, 8, 119, 0, 5, 14, 214 }, // U+2088
    { 7, 8, 119, 0, 5, 14, 228 }, // U+2089
    { 10, 11, 153, 0, 11, 28, 0 }, // U+20A3
    { 10, 11, 152, 0, 11, 28, 28 }, // U+20A4
    { 23, 11, 363, 0, 11, 64, 56 }, // U+20A7
    { 11, 11, 165, 0, 11, 31, 120 }, // U+20AC
    { 11, 8, 267, 3, 10, 22, 0 }, // U+2190
    { 9, 11, 267, 4, 12, 25, 22 }, // U+2191
    { 11, 8, 267, 3, 10, 22, 47 }, // U+2192
    { 9, 11, 267, 4, 12, 25, 69 }, // U+2193
    { 11, 7, 267, 3, 10, 20, 94 }, // U+2194
    { 9, 12, 267, 4, 12, 27, 114 }, // U+2195
    { 9, 11, 267, 4, 12, 25, 141 }, // U+21A8
    { 9, 12, 267, 4, 13, 27, 166 }, // U+21B2
    { 9, 12, 267, 4, 12, 27, 193 }, // U+21B3
    { 11, 9, 267, 3, 10, 25, 220 }, // U+21B5
    { 11, 10, 267, 3, 10, 28, 245 }, // U+21D0
    { 11, 11, 267, 3, 12, 31, 273 }, // U+21D1
    { 11, 9, 267, 3, 10, 25, 304 }, // U+21D2
    { 11, 11, 267, 3, 12, 31, 329 }, // U+21D3
    { 11, 9, 267, 3, 10, 25, 360 }, // U+21D4
    { 13, 12, 267, 2, 12, 39, 0 }, // U+2200
    { 9, 13, 166, 1, 13, 30, 39 }, // U+2202
    { 9, 12, 267, 4, 12, 27, 69 }, // U+2203
    { 13, 14, 267, 2, 13, 46, 96 }, // U+2205
    { 12, 12, 182, 0, 12, 36, 142 }, // U+2206
    { 11, 12, 267, 3, 12, 33, 178 }, // U+2207
    { 13, 12, 267, 2, 12, 39, 211 }, // U+2208
    { 13, 14, 267, 2, 13, 46, 250 }, // U+2209
    { 13, 10, 267, 2, 11, 33, 296 }, // U+220A
    { 13, 12, 267, 2, 12, 39, 329 }, // U+220B
    { 13, 14, 267, 2, 13, 46, 368 }, // U+220C
    { 13, 10, 267, 2, 11, 33, 414 }, // U+220D
    { 14, 15, 223, 0, 12, 53, 447 }, // U+220F
    { 11, 16, 177, 0, 12, 44, 500 }, // U+2211
    { 9, 2, 166, 1, 7, 5, 544 }, // U+2212
    { 9, 13, 141, 0, 12, 30, 549 }, // U+2215
    { 9, 13, 141, 0, 12, 30, 579 }, // U+2216
    { 9, 8, 166, 1, 10, 18, 609 }, // U+2217
    { 7, 6, 166, 2, 9, 11, 627 }, // U+2218
    { 4, 3, 166, 3, 6, 3, 638 }, // U+2219
    { 12, 16, 166, -1, 14, 48, 641 }, // U+221A
    { 9, 6, 166, 1, 8, 14, 689 }, // U+221D
    { 11, 6, 166, 0, 8, 17, 703 }, // U+221E
    { 11, 12, 267, 3, 12, 33, 720 }, // U+221F
    { 13, 12, 267, 2, 12, 39, 753 }, // U+2220
    { 3, 17, 133, 3, 13, 13, 792 }, // U+2223
    { 7, 17, 133, 1, 13, 30, 805 }, // U+2225
    { 13, 12, 267, 2, 12, 39, 835 }, // U+2227
    { 13, 12, 267, 2, 12, 39, 874 }, // U+2228
    { 11, 12, 267, 3, 12, 33, 913 }, // U+2229
    { 11, 12, 267, 3, 12, 33, 946 }, // U+222A
    { 10, 17, 166, 0, 13, 43, 979 }, // U+222B
    { 11, 10, 267, 3, 9, 28, 1022 }, // U+2234
    { 11, 10, 267, 3, 9, 28, 1050 }, // U+2235
    { 4, 9, 83, 1, 11, 9, 1078 }, // U+2236
    { 11, 10, 267, 3, 9, 28, 1087 }, // U+2237
    { 11, 3, 267, 3, 6, 9, 1115 }, // U+223C
    { 11, 9, 267, 3, 10, 25, 1124 }, // U+2245
    { 9, 7, 166, 1, 9, 16, 1149 }, // U+2248
    { 9, 8, 267, 4, 9, 18, 1165 }, // U+224D
    { 9, 10, 166, 1, 11, 23, 1183 }, // U+2260
    { 11, 8, 267, 3, 9, 22, 1206 }, // U+2261
    { 9, 11, 166, 1, 11, 25, 1228 }, // U+2264
    { 9, 12, 166, 1, 12, 27, 1253 }, // U+2265
    { 15, 8, 267, 1, 9, 30, 1280 }, // U+226A
    { 15, 8, 267, 1, 9, 30, 1310 }, // U+226B
    { 13, 10, 267, 2, 11, 33, 1340 }, // U+2283
    { 13, 14, 267, 2, 13, 46, 1373 }, // U+2284
    { 13, 14, 267, 2, 13, 46, 1419 }, // U+2285
    { 11, 12, 267, 3, 12, 33, 1465 }, // U+2286
    { 11, 12, 267, 3, 12, 33, 1498 }, // U+2287
    { 13, 12, 267, 2, 12, 39, 1531 }, // U+2295
    { 13, 12, 267, 2, 12, 39, 1570 }, // U+2296
    { 13, 12, 267, 2, 12, 39, 1609 }, // U+2297
    { 13, 12, 267, 2, 12, 39, 1648 }, // U+2298
    { 11, 12, 267, 3, 12, 33, 1687 }, // U+22A5
    { 4, 3, 166, 3, 6, 3, 1720 }, // U+22C5
    { 15, 3, 267, 1, 6, 12, 1723 }, // U+22EF
    { 15, 13, 206, 0, 13, 49, 0 }, // U+FB00
    { 12, 13, 186, 0, 13, 39, 49 }, // U+FB01
    { 12, 13, 188, 0, 13, 39, 88 }, // U+FB02
    { 18, 13, 277, 0, 13, 59, 127 }, // U+FB03
    { 18, 13, 278, 0, 13, 59, 186 }, // U+FB04
    { 14, 13, 212, 0, 13, 46, 245 }, // U+FB05
    { 16, 13, 247, 0, 13, 52, 291 }, // U+FB06
    { 17, 16, 267, 0, 14, 68, 0 }, // U+FFFD
};

static const EpdUnicodeInterval bookerly_8_boldIntervals[] = {
    { 0x0, 0x0, 0x0 },
    { 0x8, 0x9, 0x1 },
    { 0xD, 0xD, 0x3 },
    { 0x1D, 0x1D, 0x4 },
    { 0x20, 0x7E, 0x5 },
    { 0xA0, 0xFF, 0x64 },
    { 0x100, 0x17F, 0xC4 },
    { 0x1C4, 0x1F5, 0x144 },
    { 0x1F8, 0x21F, 0x176 },
    { 0x300, 0x304, 0x19E },
    { 0x306, 0x30C, 0x1A3 },
    { 0x30F, 0x30F, 0x1AA },
    { 0x311, 0x315, 0x1AB },
    { 0x31B, 0x31B, 0x1B0 },
    { 0x323, 0x329, 0x1B1 },
    { 0x32D, 0x32E, 0x1B8 },
    { 0x330, 0x331, 0x1BA },
    { 0x342, 0x342, 0x1BC },
    { 0x344, 0x345, 0x1BD },
    { 0x2000, 0x2030, 0x1BF },
    { 0x2032, 0x203C, 0x1F0 },
    { 0x203E, 0x203E, 0x1FB },
    { 0x2043, 0x2044, 0x1FC },
    { 0x2047, 0x2049, 0x1FE },
    { 0x2053, 0x2053, 0x201 },
    { 0x2057, 0x2057, 0x202 },
    { 0x205F, 0x2064, 0x203 },
    { 0x2070, 0x2070, 0x209 },
    { 0x2074, 0x2079, 0x20A },
    { 0x207F, 0x2089, 0x210 },
    { 0x20A3, 0x20A4, 0x21B },
    { 0x20A7, 0x20A7, 0x21D },
    { 0x20AC, 0x20AC, 0x21E },
    { 0x2190, 0x2195, 0x21F },
    { 0x21A8, 0x21A8, 0x225 },
    { 0x21B2, 0x21B3, 0x226 },
    { 0x21B5, 0x21B5, 0x228 },
    { 0x21D0, 0x21D4, 0x229 },
    { 0x2200, 0x2200, 0x22E },
    { 0x2202, 0x2203, 0x22F },
    { 0x2205, 0x220D, 0x231 },
    { 0x220F, 0x220F, 0x23A },
    { 0x2211, 0x2212, 0x23B },
    { 0x2215, 0x221A, 0x23D },
    { 0x221D, 0x2220, 0x243 },
    { 0x2223, 0x2223, 0x247 },
    { 0x2225, 0x2225, 0x248 },
    { 0x2227, 0x222B, 0x249 },
    { 0x2234, 0x2237, 0x24E },
    { 0x223C, 0x223C, 0x252 },
    { 0x2245, 0x2245, 0x253 },
    { 0x2248, 0x2248, 0x254 },
    { 0x224D, 0x224D, 0x255 },
    { 0x2260, 0x2261, 0x256 },
    { 0x2264, 0x2265, 0x258 },
    { 0x226A, 0x226B, 0x25A },
    { 0x2283, 0x2287, 0x25C },
    { 0x2295, 0x2298, 0x261 },
    { 0x22A5, 0x22A5, 0x265 },
    { 0x22C5, 0x22C5, 0x266 },
    { 0x22EF, 0x22EF, 0x267 },
    { 0xFB00, 0xFB06, 0x268 },
    { 0xFFFD, 0xFFFD, 0x26F },
};

static const EpdFontGroup bookerly_8_boldGroups[] = {
    { 0, 1869, 3109, 100, 0 },
    { 1869, 1683, 3827, 96, 100 },
    { 3552, 2219, 5921, 128, 196 },
    { 5771, 2141, 4978, 90, 324 },
    { 7912, 196, 201, 33, 414 },
    { 8108, 592, 991, 74, 447 },
    { 8700, 168, 276, 18, 521 },
    { 8868, 154, 165, 4, 539 },
    { 9022, 279, 453, 15, 543 },
    { 9301, 1034, 2042, 58, 558 },
    { 10335, 205, 364, 7, 616 },
    { 10540, 69, 80, 1, 623 },
};

static const EpdKernClassEntry bookerly_8_boldKernLeftClasses[] = {
    { 0x0022, 1 }, // "
    { 0x0027, 1 }, // '
    { 0x0028, 2 }, // (
    { 0x002A, 3 }, // *
    { 0x002B, 4 }, // +
    { 0x002C, 5 }, // ,
    { 0x002D, 6 }, // -
    { 0x002E, 5 }, // .
    { 0x002F, 7 }, // /
    { 0x0030, 8 }, // 0
    { 0x0031, 9 }, // 1
    { 0x0032, 10 }, // 2
    { 0x0033, 8 }, // 3
    { 0x0034, 11 }, // 4
    { 0x0035, 12 }, // 5
    { 0x0036, 13 }, // 6
    { 0x0037, 14 }, // 7
    { 0x0038, 15 }, // 8
    { 0x0039, 16 }, // 9
    { 0x003A, 17 }, // :
    { 0x003B, 17 }, // ;
    { 0x003C, 4 }, // <
    { 0x003D, 4 }, // =
    { 0x003E, 4 }, // >
    { 0x0040, 18 }, // @
    { 0x0041, 19 }, // A
    { 0x0042, 20 }, // B
    { 0x0043, 21 }, // C
    { 0x0044, 22 }, // D
    { 0x0045, 23 }, // E
    { 0x0046, 24 }, // F
    { 0x0047, 25 }, // G
    { 0x0048, 26 }, // H
    { 0x0049, 26 }, // I
    { 0x004A, 27 }, // J
    { 0x004B, 28 }, // K
    { 0x004C, 29 }, // L
    { 0x004D, 30 }, // M
    { 0x004E, 31 }, // N
    { 0x004F, 22 }, // O
    { 0x0050, 32 }, // P
    { 0x0051, 33 }, // Q
    { 0x0052, 34 }, // R
    { 0x0053, 35 }, // S
    { 0x0054, 36 }, // T
    { 0x0055, 37 }, // U
    { 0x0056, 38 }, // V
    { 0x0057, 38 }, // W
    { 0x0058, 39 }, // X
    { 0x0059, 40 }, // Y
    { 0x005A, 41 }, // Z
    { 0x005B, 42 }, // [
    { 0x005C, 43 }, // <backslash>
    { 0x0061, 44 }, // a
    { 0x0062, 45 }, // b
    { 0x0063, 46 }, // c
    { 0x0064, 47 }, // d
    { 0x0065, 48 }, // e
    { 0x0066, 49 }, // f
    { 0x0067, 50 }, // g
    { 0x0068, 51 }, // h
    { 0x0069, 52 }, // i
    { 0x006A, 53 }, // j
    { 0x006B, 54 }, // k
    { 0x006C, 55 }, // l
    { 0x006D, 51 }, // m
    { 0x006E, 51 }, // n
    { 0x006F, 45 }, // o
    { 0x0070, 45 }, // p
    { 0x0071, 56 }, // q
    { 0x0072, 57 }, // r
    { 0x0073, 58 }, // s
    { 0x0074, 59 }, // t
    { 0x0075, 60 }, // u
    { 0x0076, 61 }, // v
    { 0x0077, 61 }, // w
    { 0x0078, 62 }, // x
    { 0x0079, 61 }, // y
    { 0x007A, 63 }, // z
    { 0x007B, 64 }, // {
    { 0x007E, 4 }, // ~
    { 0x00A1, 65 }, // U+00A1
    { 0x00AB, 66 }, // U+00AB
    { 0x00AD, 6 }, // U+00AD
    { 0x00BB, 67 }, // U+00BB
    { 0x00BF, 68 }, // U+00BF
    { 0x00C0, 19 }, // U+00C0
    { 0x00C1, 19 }, // U+00C1
    { 0x00C2, 19 }, // U+00C2
    { 0x00C3, 19 }, // U+00C3
    { 0x00C4, 19 }, // U+00C4
    { 0x00C5, 19 }, // U+00C5
    { 0x00C6, 23 }, // U+00C6
    { 0x00C7, 21 }, // U+00C7
    { 0x00C8, 23 }, // U+00C8
    { 0x00C9, 23 }, // U+00C9
    { 0x00CA, 23 }, // U+00CA
    { 0x00CB, 23 }, // U+00CB
    { 0x00CC, 26 }, // U+00CC
    { 0x00CD, 26 }, // U+00CD
    { 0x00CE, 26 }, // U+00CE
    { 0x00CF, 26 }, // U+00CF
    { 0x00D0, 22 }, // U+00D0
    { 0x00D1, 31 }, // U+00D1
    { 0x00D2, 22 }, // U+00D2
    { 0x00D3, 22 }, // U+00D3
    { 0x00D4, 22 }, // U+00D4
    { 0x00D5, 22 }, // U+00D5
    { 0x00D6, 22 }, // U+00D6
    { 0x00D7, 4 }, // U+00D7
    { 0x00D8, 69 }, // U+00D8
    { 0x00D9, 37 }, // U+00D9
    { 0x00DA, 37 }, // U+00DA
    { 0x00DB, 37 }, // U+00DB
    { 0x00DC, 37 }, // U+00DC
    { 0x00DD, 40 }, // U+00DD
    { 0x00DE, 70 }, // U+00DE
    { 0x00DF, 71 }, // U+00DF
    { 0x00E0, 44 }, // U+00E0
    { 0x00E1, 44 }, // U+00E1
    { 0x00E2, 44 }, // U+00E2
    { 0x00E3, 44 }, // U+00E3
    { 0x00E4, 44 }, // U+00E4
    { 0x00E5, 44 }, // U+00E5
    { 0x00E6, 48 }, // U+00E6
    { 0x00E7, 46 }, // U+00E7
    { 0x00E8, 48 }, // U+00E8
    { 0x00E9, 48 }, // U+00E9
    { 0x00EA, 48 }, // U+00EA
    { 0x00EB, 48 }, // U+00EB
    { 0x00EC, 52 }, // U+00EC
    { 0x00ED, 52 }, // U+00ED
    { 0x00EE, 72 }, // U+00EE
    { 0x00EF, 72 }, // U+00EF
    { 0x00F0, 45 }, // U+00F0
    { 0x00F1, 51 }, // U+00F1
    { 0x00F2, 45 }, // U+00F2
    { 0x00F3, 45 }, // U+00F3
    { 0x00F4, 45 }, // U+00F4
    { 0x00F5, 45 }, // U+00F5
    { 0x00F6, 45 }, // U+00F6
    { 0x00F7, 4 }, // U+00F7
    { 0x00F8, 45 }, // U+00F8
    { 0x00F9, 60 }, // U+00F9
    { 0x00FA, 60 }, // U+00FA
    { 0x00FB, 60 }, // U+00FB
    { 0x00FC, 60 }, // U+00FC
    { 0x00FD, 61 }, // U+00FD
    { 0x00FE, 45 }, // U+00FE
    { 0x00FF, 61 }, // U+00FF
    { 0x0100, 19 }, // U+0100
    { 0x0101, 44 }, // U+0101
    { 0x0102, 19 }, // U+0102
    { 0x0103, 44 }, // U+0103
    { 0x0104, 73 }, // U+0104
    { 0x0105, 74 }, // U+0105
    { 0x0106, 21 }, // U+0106
    { 0x0107, 46 }, // U+0107
    { 0x0108, 21 }, // U+0108
    { 0x0109, 46 }, // U+0109
    { 0x010A, 21 }, // U+010A
    { 0x010B, 46 }, // U+010B
    { 0x010C, 21 }, // U+010C
    { 0x010D, 46 }, // U+010D
    { 0x010E, 22 }, // U+010E
    { 0x010F, 75 }, // U+010F
    { 0x0110, 22 }, // U+0110
    { 0x0111, 76 }, // U+0111
    { 0x0112, 23 }, // U+0112
    { 0x0113, 48 }, // U+0113
    { 0x0114, 23 }, // U+0114
    { 0x0115, 48 }, // U+0115
    { 0x0116, 23 }, // U+0116
    { 0x0117, 48 }, // U+0117
    { 0x0118, 77 }, // U+0118
    { 0x0119, 78 }, // U+0119
    { 0x011A, 23 }, // U+011A
    { 0x011B, 48 }, // U+011B
    { 0x011C, 25 }, // U+011C
    { 0x011D, 50 }, // U+011D
    { 0x011E, 25 }, // U+011E
    { 0x011F, 50 }, // U+011F
    { 0x0120, 25 }, // U+0120
    { 0x0121, 50 }, // U+0121
    { 0x0122, 25 }, // U+0122
    { 0x0123, 50 }, // U+0123
    { 0x0124, 26 }, // U+0124
    { 0x0125, 51 }, // U+0125
    { 0x0126, 26 }, // U+0126
    { 0x0127, 51 }, // U+0127
    { 0x0128, 26 }, // U+0128
    { 0x0129, 72 }, // U+0129
    { 0x012A, 26 }, // U+012A
    { 0x012B, 72 }, // U+012B
    { 0x012C, 26 }, // U+012C
    { 0x012D, 72 }, // U+012D
    { 0x012E, 26 }, // U+012E
    { 0x012F, 79 }, // U+012F
    { 0x0130, 26 }, // U+0130
    { 0x0131, 52 }, // U+0131
    { 0x0132, 27 }, // U+0132
    { 0x0133, 53 }, // U+0133
    { 0x0134, 27 }, // U+0134
    { 0x0135, 80 }, // U+0135
    { 0x0136, 28 }, // U+0136
    { 0x0137, 54 }, // U+0137
    { 0x0138, 54 }, // U+0138
    { 0x0139, 29 }, // U+0139
    { 0x013A, 55 }, // U+013A
    { 0x013B, 29 }, // U+013B
    { 0x013C, 55 }, // U+013C
    { 0x013E, 75 }, // U+013E
    { 0x0141, 29 }, // U+0141
    { 0x0142, 81 }, // U+0142
    { 0x0143, 31 }, // U+0143
    { 0x0144, 51 }, // U+0144
    { 0x0145, 31 }, // U+0145
    { 0x0146, 51 }, // U+0146
    { 0x0147, 31 }, // U+0147
    { 0x0148, 51 }, // U+0148
    { 0x0149, 51 }, // U+0149
    { 0x014A, 31 }, // U+014A
    { 0x014B, 51 }, // U+014B
    { 0x014C, 22 }, // U+014C
    { 0x014D, 45 }, // U+014D
    { 0x014E, 22 }, // U+014E
    { 0x014F, 45 }, // U+014F
    { 0x0150, 22 }, // U+0150
    { 0x0151, 45 }, // U+0151
    { 0x0152, 23 }, // U+0152
    { 0x0153, 48 }, // U+0153
    { 0x0154, 34 }, // U+0154
    { 0x0155, 57 }, // U+0155
    { 0x0156, 34 }, // U+0156
    { 0x0157, 57 }, // U+0157
    { 0x0158, 34 }, // U+0158
    { 0x0159, 57 }, // U+0159
    { 0x015A, 35 }, // U+015A
    { 0x015B, 58 }, // U+015B
    { 0x015C, 35 }, // U+015C
    { 0x015D, 58 }, // U+015D
    { 0x015E, 35 }, // U+015E
    { 0x015F, 58 }, // U+015F
    { 0x0160, 35 }, // U+0160
    { 0x0161, 58 }, // U+0161
    { 0x0162, 36 }, // U+0162
    { 0x0163, 82 }, // U+0163
    { 0x0164, 36 }, // U+0164
    { 0x0165, 83 }, // U+0165
    { 0x0166, 36 }, // U+0166
    { 0x0167, 59 }, // U+0167
    { 0x0168, 37 }, // U+0168
    { 0x0169, 60 }, // U+0169
    { 0x016A, 37 }, // U+016A
    { 0x016B, 60 }, // U+016B
    { 0x016C, 37 }, // U+016C
    { 0x016D, 60 }, // U+016D
    { 0x016E, 37 }, // U+016E
    { 0x016F, 60 }, // U+016F
    { 0x0170, 37 }, // U+0170
    { 0x0171, 60 }, // U+0171
    { 0x0172, 37 }, // U+0172
    { 0x0173, 84 }, // U+0173
    { 0x0174, 38 }, // U+0174
    { 0x0175, 61 }, // U+0175
    { 0x0176, 40 }, // U+0176
    { 0x0177, 61 }, // U+0177
    { 0x0178, 40 }, // U+0178
    { 0x0179, 41 }, // U+0179
    { 0x017A, 63 }, // U+017A
    { 0x017B, 41 }, // U+017B
    { 0x017C, 63 }, // U+017C
    { 0x017D, 41 }, // U+017D
    { 0x017E, 63 }, // U+017E
    { 0x01C4, 41 }, // U+01C4
    { 0x01C5, 63 }, // U+01C5
    { 0x01C6, 63 }, // U+01C6
    { 0x01C7, 27 }, // U+01C7
    { 0x01C8, 53 }, // U+01C8
    { 0x01C9, 53 }, // U+01C9
    { 0x01CA, 27 }, // U+01CA
    { 0x01CB, 53 }, // U+01CB
    { 0x01CC, 53 }, // U+01CC
    { 0x01CD, 19 }, // U+01CD
    { 0x01CE, 44 }, // U+01CE
    { 0x01CF, 26 }, // U+01CF
    { 0x01D0, 72 }, // U+01D0
    { 0x01D1, 22 }, // U+01D1
    { 0x01D2, 45 }, // U+01D2
    { 0x01D3, 37 }, // U+01D3
    { 0x01D4, 60 }, // U+01D4
    { 0x01D5, 37 }, // U+01D5
    { 0x01D6, 60 }, // U+01D6
    { 0x01D7, 37 }, // U+01D7
    { 0x01D8, 60 }, // U+01D8
    { 0x01D9, 37 }, // U+01D9
    { 0x01DA, 60 }, // U+01DA
    { 0x01DB, 37 }, // U+01DB
    { 0x01DC, 60 }, // U+01DC
    { 0x01DD, 45 }, // U+01DD
    { 0x01DE, 19 }, // U+01DE
    { 0x01DF, 44 }, // U+01DF
    { 0x01E0, 19 }, // U+01E0
    { 0x01E1, 44 }, // U+01E1
    { 0x01E2, 23 }, // U+01E2
    { 0x01E3, 48 }, // U+01E3
    { 0x01E4, 25 }, // U+01E4
    { 0x01E5, 85 }, // U+01E5
    { 0x01E6, 25 }, // U+01E6
    { 0x01E7, 50 }, // U+01E7
    { 0x01E8, 28 }, // U+01E8
    { 0x01E9, 54 }, // U+01E9
    { 0x01EA, 22 }, // U+01EA
    { 0x01EB, 45 }, // U+01EB
    { 0x01EC, 22 }, // U+01EC
    { 0x01ED, 45 }, // U+01ED
    { 0x01EF, 86 }, // U+01EF
    { 0x01F0, 80 }, // U+01F0
    { 0x01F1, 41 }, // U+01F1
    { 0x01F2, 63 }, // U+01F2
    { 0x01F3, 63 }, // U+01F3
    { 0x01F4, 25 }, // U+01F4
    { 0x01F5, 50 }, // U+01F5
    { 0x01F8, 31 }, // U+01F8
    { 0x01F9, 51 }, // U+01F9
    { 0x01FA, 19 }, // U+01FA
    { 0x01FB, 44 }, // U+01FB
    { 0x01FC, 23 }, // U+01FC
    { 0x01FD, 48 }, // U+01FD
    { 0x01FE, 69 }, // U+01FE
    { 0x01FF, 45 }, // U+01FF
    { 0x0200, 19 }, // U+0200
    { 0x0201, 44 }, // U+0201
    { 0x0202, 19 }, // U+0202
    { 0x0203, 44 }, // U+0203
    { 0x0204, 23 }, // U+0204
    { 0x0205, 48 }, // U+0205
    { 0x0206, 23 }, // U+0206
    { 0x0207, 48 }, // U+0207
    { 0x0208, 26 }, // U+0208
    { 0x0209, 72 }, // U+0209
    { 0x020A, 26 }, // U+020A
    { 0x020B, 72 }, // U+020B
    { 0x020C, 22 }, // U+020C
    { 0x020D, 45 }, // U+020D
    { 0x020E, 22 }, // U+020E
    { 0x020F, 45 }, // U+020F
    { 0x0210, 34 }, // U+0210
    { 0x0211, 57 }, // U+0211
    { 0x0212, 34 }, // U+0212
    { 0x0213, 57 }, // U+0213
    { 0x0214, 37 }, // U+0214
    { 0x0215, 60 }, // U+0215
    { 0x0216, 37 }, // U+0216
    { 0x0217, 60 }, // U+0217
    { 0x0218, 35 }, // U+0218
    { 0x0219, 58 }, // U+0219
    { 0x021A, 36 }, // U+021A
    { 0x021B, 59 }, // U+021B
    { 0x021C, 20 }, // U+021C
    { 0x021D, 87 }, // U+021D
    { 0x021E, 26 }, // U+021E
    { 0x021F, 51 }, // U+021F
    { 0x2010, 6 }, // U+2010
    { 0x2011, 6 }, // U+2011
    { 0x2013, 6 }, // U+2013
    { 0x2014, 6 }, // U+2014
    { 0x2015, 6 }, // U+2015
    { 0x2018, 88 }, // U+2018
    { 0x2019, 89 }, // U+2019
    { 0x201A, 90 }, // U+201A
    { 0x201B, 88 }, // U+201B
    { 0x201C, 88 }, // U+201C
    { 0x201D, 89 }, // U+201D
    { 0x201E, 5 }, // U+201E
    { 0x201F, 88 }, // U+201F
    { 0x2025, 5 }, // U+2025
    { 0x2026, 5 }, // U+2026
    { 0x2039, 66 }, // U+2039
    { 0x203A, 67 }, // U+203A
    { 0x2212, 4 }, // U+2212
    { 0x2217, 4 }, // U+2217
    { 0x2248, 4 }, // U+2248
    { 0x2260, 4 }, // U+2260
    { 0xFB00, 49 }, // U+FB00
    { 0xFB01, 52 }, // U+FB01
    { 0xFB02, 55 }, // U+FB02
    { 0xFB03, 52 }, // U+FB03
    { 0xFB04, 55 }, // U+FB04
    { 0xFB05, 59 }, // U+FB05
    { 0xFB06, 59 }, // U+FB06
};

static const EpdKernClassEntry bookerly_8_boldKernRightClasses[] = {
    { 0x0022, 1 }, // "
    { 0x0027, 1 }, // '
    { 0x0029, 2 }, // )
    { 0x002A, 3 }, // *
    { 0x002B, 4 }, // +
    { 0x002C, 5 }, // ,
    { 0x002D, 6 }, // -
    { 0x002E, 7 }, // .
    { 0x002F, 8 }, // /
    { 0x0030, 9 }, // 0
    { 0x0031, 10 }, // 1
    { 0x0032, 11 }, // 2
    { 0x0033, 10 }, // 3
    { 0x0034, 12 }, // 4
    { 0x0035, 13 }, // 5
    { 0x0036, 14 }, // 6
    { 0x0037, 15 }, // 7
    { 0x0038, 16 }, // 8
    { 0x003A, 17 }, // :
    { 0x003B, 18 }, // ;
    { 0x003C, 4 }, // <
    { 0x003D, 4 }, // =
    { 0x003E, 4 }, // >
    { 0x003F, 19 }, // ?
    { 0x0041, 20 }, // A
    { 0x0042, 21 }, // B
    { 0x0043, 22 }, // C
    { 0x0044, 21 }, // D
    { 0x0045, 21 }, // E
    { 0x0046, 21 }, // F
    { 0x0047, 22 }, // G
    { 0x0048, 21 }, // H
    { 0x0049, 21 }, // I
    { 0x004A, 23 }, // J
    { 0x004B, 21 }, // K
    { 0x004C, 21 }, // L
    { 0x004D, 24 }, // M
    { 0x004E, 21 }, // N
    { 0x004F, 22 }, // O
    { 0x0050, 21 }, // P
    { 0x0051, 22 }, // Q
    { 0x0052, 21 }, // R
    { 0x0053, 25 }, // S
    { 0x0054, 26 }, // T
    { 0x0055, 27 }, // U
    { 0x0056, 28 }, // V
    { 0x0057, 28 }, // W
    { 0x0058, 29 }, // X
    { 0x0059, 30 }, // Y
    { 0x005A, 31 }, // Z
    { 0x005C, 32 }, // <backslash>
    { 0x005D, 33 }, // ]
    { 0x0061, 34 }, // a
    { 0x0062, 35 }, // b
    { 0x0063, 36 }, // c
    { 0x0064, 36 }, // d
    { 0x0065, 36 }, // e
    { 0x0066, 37 }, // f
    { 0x0067, 38 }, // g
    { 0x0068, 39 }, // h
    { 0x0069, 40 }, // i
    { 0x006A, 41 }, // j
    { 0x006B, 39 }, // k
    { 0x006C, 39 }, // l
    { 0x006D, 42 }, // m
    { 0x006E, 42 }, // n
    { 0x006F, 36 }, // o
    { 0x0070, 43 }, // p
    { 0x0071, 36 }, // q
    { 0x0072, 42 }, // r
    { 0x0073, 44 }, // s
    { 0x0074, 45 }, // t
    { 0x0075, 46 }, // u
    { 0x0076, 47 }, // v
    { 0x0077, 47 }, // w
    { 0x0078, 48 }, // x
    { 0x0079, 49 }, // y
    { 0x007A, 50 }, // z
    { 0x007D, 51 }, // }
    { 0x007E, 4 }, // ~
    { 0x00AB, 52 }, // U+00AB
    { 0x00AD, 6 }, // U+00AD
    { 0x00B0, 53 }, // U+00B0
    { 0x00BB, 54 }, // U+00BB
    { 0x00BF, 55 }, // U+00BF
    { 0x00C0, 20 }, // U+00C0
    { 0x00C1, 20 }, // U+00C1
    { 0x00C2, 20 }, // U+00C2
    { 0x00C3, 20 }, // U+00C3
    { 0x00C4, 20 }, // U+00C4
    { 0x00C5, 20 }, // U+00C5
    { 0x00C6, 56 }, // U+00C6
    { 0x00C7, 22 }, // U+00C7
    { 0x00C8, 21 }, // U+00C8
    { 0x00C9, 21 }, // U+00C9
    { 0x00CA, 21 }, // U+00CA
    { 0x00CB, 21 }, // U+00CB
    { 0x00CC, 21 }, // U+00CC
    { 0x00CD, 21 }, // U+00CD
    { 0x00CE, 21 }, // U+00CE
    { 0x00CF, 21 }, // U+00CF
    { 0x00D0, 21 }, // U+00D0
    { 0x00D1, 21 }, // U+00D1
    { 0x00D2, 22 }, // U+00D2
    { 0x00D3, 22 }, // U+00D3
    { 0x00D4, 22 }, // U+00D4
    { 0x00D5, 22 }, // U+00D5
    { 0x00D6, 22 }, // U+00D6
    { 0x00D7, 4 }, // U+00D7
    { 0x00D8, 57 }, // U+00D8
    { 0x00D9, 27 }, // U+00D9
    { 0x00DA, 27 }, // U+00DA
    { 0x00DB, 27 }, // U+00DB
    { 0x00DC, 27 }, // U+00DC
    { 0x00DD, 30 }, // U+00DD
    { 0x00DE, 21 }, // U+00DE
    { 0x00DF, 58 }, // U+00DF
    { 0x00E0, 34 }, // U+00E0
    { 0x00E1, 34 }, // U+00E1
    { 0x00E2, 34 }, // U+00E2
    { 0x00E3, 59 }, // U+00E3
    { 0x00E4, 60 }, // U+00E4
    { 0x00E5, 34 }, // U+00E5
    { 0x00E6, 34 }, // U+00E6
    { 0x00E7, 36 }, // U+00E7
    { 0x00E8, 36 }, // U+00E8
    { 0x00E9, 36 }, // U+00E9
    { 0x00EA, 36 }, // U+00EA
    { 0x00EB, 61 }, // U+00EB
    { 0x00EC, 62 }, // U+00EC
    { 0x00ED, 40 }, // U+00ED
    { 0x00EE, 63 }, // U+00EE
    { 0x00EF, 64 }, // U+00EF
    { 0x00F0, 36 }, // U+00F0
    { 0x00F1, 42 }, // U+00F1
    { 0x00F2, 36 }, // U+00F2
    { 0x00F3, 36 }, // U+00F3
    { 0x00F4, 36 }, // U+00F4
    { 0x00F5, 36 }, // U+00F5
    { 0x00F6, 65 }, // U+00F6
    { 0x00F7, 4 }, // U+00F7
    { 0x00F8, 66 }, // U+00F8
    { 0x00F9, 46 }, // U+00F9
    { 0x00FA, 46 }, // U+00FA
    { 0x00FB, 46 }, // U+00FB
    { 0x00FC, 46 }, // U+00FC
    { 0x00FD, 49 }, // U+00FD
    { 0x00FE, 67 }, // U+00FE
    { 0x00FF, 49 }, // U+00FF
    { 0x0100, 20 }, // U+0100
    { 0x0101, 68 }, // U+0101
    { 0x0102, 20 }, // U+0102
    { 0x0103, 69 }, // U+0103
    { 0x0104, 20 }, // U+0104
    { 0x0105, 34 }, // U+0105
    { 0x0106, 22 }, // U+0106
    { 0x0107, 36 }, // U+0107
    { 0x0108, 22 }, // U+0108
    { 0x0109, 70 }, // U+0109
    { 0x010A, 22 }, // U+010A
    { 0x010B, 36 }, // U+010B
    { 0x010C, 22 }, // U+010C
    { 0x010D, 71 }, // U+010D
    { 0x010E, 21 }, // U+010E
    { 0x010F, 36 }, // U+010F
    { 0x0110, 21 }, // U+0110
    { 0x0111, 36 }, // U+0111
    { 0x0112, 21 }, // U+0112
    { 0x0113, 72 }, // U+0113
    { 0x0114, 21 }, // U+0114
    { 0x0115, 70 }, // U+0115
    { 0x0116, 21 }, // U+0116
    { 0x0117, 36 }, // U+0117
    { 0x0118, 21 }, // U+0118
    { 0x0119, 36 }, // U+0119
    { 0x011A, 21 }, // U+011A
    { 0x011B, 70 }, // U+011B
    { 0x011C, 22 }, // U+011C
    { 0x011D, 38 }, // U+011D
    { 0x011E, 22 }, // U+011E
    { 0x011F, 73 }, // U+011F
    { 0x0120, 22 }, // U+0120
    { 0x0121, 38 }, // U+0121
    { 0x0122, 22 }, // U+0122
    { 0x0123, 38 }, // U+0123
    { 0x0124, 21 }, // U+0124
    { 0x0125, 39 }, // U+0125
    { 0x0126, 21 }, // U+0126
    { 0x0127, 74 }, // U+0127
    { 0x0128, 21 }, // U+0128
    { 0x0129, 64 }, // U+0129
    { 0x012A, 21 }, // U+012A
    { 0x012B, 64 }, // U+012B
    { 0x012C, 21 }, // U+012C
    { 0x012D, 64 }, // U+012D
    { 0x012E, 21 }, // U+012E
    { 0x012F, 40 }, // U+012F
    { 0x0130, 21 }, // U+0130
    { 0x0131, 40 }, // U+0131
    { 0x0132, 21 }, // U+0132
    { 0x0133, 40 }, // U+0133
    { 0x0134, 23 }, // U+0134
    { 0x0135, 75 }, // U+0135
    { 0x0136, 21 }, // U+0136
    { 0x0137, 39 }, // U+0137
    { 0x0138, 42 }, // U+0138
    { 0x0139, 21 }, // U+0139
    { 0x013A, 39 }, // U+013A
    { 0x013B, 21 }, // U+013B
    { 0x013C, 39 }, // U+013C
    { 0x013D, 21 }, // U+013D
    { 0x013E, 39 }, // U+013E
    { 0x013F, 21 }, // U+013F
    { 0x0140, 39 }, // U+0140
    { 0x0141, 21 }, // U+0141
    { 0x0142, 76 }, // U+0142
    { 0x0143, 21 }, // U+0143
    { 0x0144, 42 }, // U+0144
    { 0x0145, 21 }, // U+0145
    { 0x0146, 42 }, // U+0146
    { 0x0147, 21 }, // U+0147
    { 0x0148, 42 }, // U+0148
    { 0x0149, 42 }, // U+0149
    { 0x014A, 21 }, // U+014A
    { 0x014B, 42 }, // U+014B
    { 0x014C, 22 }, // U+014C
    { 0x014D, 36 }, // U+014D
    { 0x014E, 22 }, // U+014E
    { 0x014F, 71 }, // U+014F
    { 0x0150, 22 }, // U+0150
    { 0x0151, 36 }, // U+0151
    { 0x0152, 22 }, // U+0152
    { 0x0153, 36 }, // U+0153
    { 0x0154, 21 }, // U+0154
    { 0x0155, 42 }, // U+0155
    { 0x0156, 21 }, // U+0156
    { 0x0157, 42 }, // U+0157
    { 0x0158, 21 }, // U+0158
    { 0x0159, 77 }, // U+0159
    { 0x015A, 25 }, // U+015A
    { 0x015B, 44 }, // U+015B
    { 0x015C, 25 }, // U+015C
    { 0x015D, 78 }, // U+015D
    { 0x015E, 25 }, // U+015E
    { 0x015F, 44 }, // U+015F
    { 0x0160, 25 }, // U+0160
    { 0x0161, 79 }, // U+0161
    { 0x0162, 26 }, // U+0162
    { 0x0163, 45 }, // U+0163
    { 0x0164, 26 }, // U+0164
    { 0x0165, 45 }, // U+0165
    { 0x0166, 26 }, // U+0166
    { 0x0167, 45 }, // U+0167
    { 0x0168, 27 }, // U+0168
    { 0x0169, 46 }, // U+0169
    { 0x016A, 27 }, // U+016A
    { 0x016B, 46 }, // U+016B
    { 0x016C, 27 }, // U+016C
    { 0x016D, 46 }, // U+016D
    { 0x016E, 27 }, // U+016E
    { 0x016F, 46 }, // U+016F
    { 0x0170, 27 }, // U+0170
    { 0x0171, 46 }, // U+0171
    { 0x0172, 27 }, // U+0172
    { 0x0173, 46 }, // U+0173
    { 0x0174, 28 }, // U+0174
    { 0x0175, 47 }, // U+0175
    { 0x0176, 30 }, // U+0176
    { 0x0177, 49 }, // U+0177
    { 0x0178, 30 }, // U+0178
    { 0x0179, 31 }, // U+0179
    { 0x017A, 50 }, // U+017A
    { 0x017B, 31 }, // U+017B
    { 0x017C, 50 }, // U+017C
    { 0x017D, 31 }, // U+017D
    { 0x017E, 80 }, // U+017E
    { 0x017F, 58 }, // U+017F
    { 0x01C4, 21 }, // U+01C4
    { 0x01C5, 21 }, // U+01C5
    { 0x01C6, 36 }, // U+01C6
    { 0x01C7, 21 }, // U+01C7
    { 0x01C8, 21 }, // U+01C8
    { 0x01C9, 39 }, // U+01C9
    { 0x01CA, 21 }, // U+01CA
    { 0x01CB, 21 }, // U+01CB
    { 0x01CC, 42 }, // U+01CC
    { 0x01CD, 20 }, // U+01CD
    { 0x01CE, 34 }, // U+01CE
    { 0x01CF, 21 }, // U+01CF
    { 0x01D0, 64 }, // U+01D0
    { 0x01D1, 22 }, // U+01D1
    { 0x01D2, 36 }, // U+01D2
    { 0x01D3, 27 }, // U+01D3
    { 0x01D4, 46 }, // U+01D4
    { 0x01D5, 27 }, // U+01D5
    { 0x01D6, 46 }, // U+01D6
    { 0x01D7, 27 }, // U+01D7
    { 0x01D8, 46 }, // U+01D8
    { 0x01D9, 27 }, // U+01D9
    { 0x01DA, 46 }, // U+01DA
    { 0x01DB, 27 }, // U+01DB
    { 0x01DC, 46 }, // U+01DC
    { 0x01DD, 81 }, // U+01DD
    { 0x01DE, 20 }, // U+01DE
    { 0x01DF, 34 }, // U+01DF
    { 0x01E0, 20 }, // U+01E0
    { 0x01E1, 34 }, // U+01E1
    { 0x01E2, 56 }, // U+01E2
    { 0x01E3, 34 }, // U+01E3
    { 0x01E4, 22 }, // U+01E4
    { 0x01E5, 82 }, // U+01E5
    { 0x01E6, 22 }, // U+01E6
    { 0x01E7, 38 }, // U+01E7
    { 0x01E8, 21 }, // U+01E8
    { 0x01E9, 39 }, // U+01E9
    { 0x01EA, 22 }, // U+01EA
    { 0x01EB, 36 }, // U+01EB
    { 0x01EC, 22 }, // U+01EC
    { 0x01ED, 36 }, // U+01ED
    { 0x01EE, 83 }, // U+01EE
    { 0x01EF, 84 }, // U+01EF
    { 0x01F0, 75 }, // U+01F0
    { 0x01F1, 21 }, // U+01F1
    { 0x01F2, 21 }, // U+01F2
    { 0x01F3, 36 }, // U+01F3
    { 0x01F4, 22 }, // U+01F4
    { 0x01F5, 38 }, // U+01F5
    { 0x01F8, 21 }, // U+01F8
    { 0x01F9, 42 }, // U+01F9
    { 0x01FA, 20 }, // U+01FA
    { 0x01FB, 34 }, // U+01FB
    { 0x01FC, 56 }, // U+01FC
    { 0x01FD, 34 }, // U+01FD
    { 0x01FE, 57 }, // U+01FE
    { 0x01FF, 36 }, // U+01FF
    { 0x0200, 20 }, // U+0200
    { 0x0201, 34 }, // U+0201
    { 0x0202, 20 }, // U+0202
    { 0x0203, 34 }, // U+0203
    { 0x0204, 21 }, // U+0204
    { 0x0205, 36 }, // U+0205
    { 0x0206, 21 }, // U+0206
    { 0x0207, 36 }, // U+0207
    { 0x0208, 21 }, // U+0208
    { 0x0209, 64 }, // U+0209
    { 0x020A, 21 }, // U+020A
    { 0x020B, 64 }, // U+020B
    { 0x020C, 22 }, // U+020C
    { 0x020D, 36 }, // U+020D
    { 0x020E, 22 }, // U+020E
    { 0x020F, 36 }, // U+020F
    { 0x0210, 21 }, // U+0210
    { 0x0211, 42 }, // U+0211
    { 0x0212, 21 }, // U+0212
    { 0x0213, 42 }, // U+0213
    { 0x0214, 27 }, // U+0214
    { 0x0215, 46 }, // U+0215
    { 0x0216, 27 }, // U+0216
    { 0x0217, 46 }, // U+0217
    { 0x0218, 25 }, // U+0218
    { 0x0219, 44 }, // U+0219
    { 0x021A, 26 }, // U+021A
    { 0x021B, 45 }, // U+021B
    { 0x021C, 85 }, // U+021C
    { 0x021D, 86 }, // U+021D
    { 0x021E, 21 }, // U+021E
    { 0x021F, 39 }, // U+021F
    { 0x2010, 6 }, // U+2010
    { 0x2011, 6 }, // U+2011
    { 0x2013, 6 }, // U+2013
    { 0x2014, 6 }, // U+2014
    { 0x2015, 6 }, // U+2015
    { 0x2018, 87 }, // U+2018
    { 0x2019, 88 }, // U+2019
    { 0x201A, 7 }, // U+201A
    { 0x201B, 87 }, // U+201B
    { 0x201C, 87 }, // U+201C
    { 0x201D, 88 }, // U+201D
    { 0x201E, 7 }, // U+201E
    { 0x201F, 87 }, // U+201F
    { 0x2025, 7 }, // U+2025
    { 0x2026, 7 }, // U+2026
    { 0x2039, 52 }, // U+2039
    { 0x203A, 54 }, // U+203A
    { 0x2047, 19 }, // U+2047
    { 0x2048, 19 }, // U+2048
    { 0x2212, 4 }, // U+2212
    { 0x2217, 4 }, // U+2217
    { 0x2248, 4 }, // U+2248
    { 0x2260, 4 }, // U+2260
    { 0xFB00, 37 }, // U+FB00
    { 0xFB01, 37 }, // U+FB01
    { 0xFB02, 37 }, // U+FB02
    { 0xFB03, 37 }, // U+FB03
    { 0xFB04, 37 }, // U+FB04
    { 0xFB05, 37 }, // U+FB05
    { 0xFB06, 44 }, // U+FB06
};

static const int8_t bookerly_8_boldKernMatrix[] = {
       0,    0,    0,    0,    0,    0,    0,    0,    0,    0,    0,  -16,    0,   -8,    0,    0,    0,    0,    0,  -13,    0,    0,    0,    0,    0,    0,    0,    0,    0,    0,    0,    0,    0,    0,    0,    0,    0,  -11,    0,    0,    0,    0,    0,    0,   11,    0,    0,    0,    0,    0,    0,    0,    0,    0,    0,    0,    0,    0,    0,    0,    0,    0,    0,    0,    0,    0,    0,    0,    0,    0,    0,    0,  -11,    0,    0,    0,    0,    0,    0,    0,    0,  -11,    0,    0,    0,    0,    0,    0,
       0,    0,    0,    0,    0,    0,    0,    0,    0,    0,    0,    0,    0,    0,    0,    0,    0,    0,    0,    0,    0,   -8,   16,    0,    0,    0,    0,    0,    0,    0,    0,    0,    0,   -5,    0,   -5,    0,    0,    0,    0,   14,    0,    0,    0,    0,    0,    8,    0,    8,    0,    0,    0,    0,    0,    0,    0,   -8,    0,   -5,   -5,   -5,    0,    8,    8,   -5,   -5,    0,   -5,   -5,   -5,   -5,   -5,    0,    0,   14,    0,    0,    0,    0,    0,    0,    0,    0,    0,    0,    0,    0,    0,
       0,    0,    0,    0,    0,    0,    0,    0,    0,    0,    0,    0,    0,    0,    0,    0,    0,    0,    0,  -21,    0,    0,    0,    0,    0,    0,    0,    5,    8,    5,    0,    0,    0,    0,    0,   -5,    0,   -8,    0,    0,    0,    0,    0,    0,    0,    0,    0,    0,    0,    0,    0,    0,    0,    0,    0,  -36,    0,    0,    0,    0,   -5,    0,    0,    0,   -5,   -5,    0,    0,    0,   -5,   -5,   -5,   -8,    0,    0,    0,    0,    0,    0,    0,    0,   -8,    0,    0,    0,    0,    0,    0,
       0,    0,    0,    0,    0,    0,    0,    0,    0,   -8,   -5,   -8,    0,    0,   -5,    0,    0,    0,    0,    0,    0,    0,    0,    0,    0,    0,    0,    0,    0,    0,    0,    0,    0,    0,    0,    0,    0,    0,    0,    0,    0,    0,    0,    0,    0,    0,    0,    0,    0,    0,    0,    0,    0,    0,    0,    0,    0,    0,    0,    0,    0,    0,    0,    0,    0,    0,    0,    0,    0,    0,    0,    0,    0,    0,    0,    0,    0,    0,    0,    0,    0,    0,    0,    0,    0,    0,    0,    0,
       0,    0,    0,    0,    0,    0,    0,    0,   -5,    0,    0,   -5,    0,   -5,  -13,    0,    0,    0,    0,    8,    0,  -11,    8,    0,    0,  -21,  -11,  -35,    0,  -24,    0,    0,    0,    0,    0,   -4,    0,    0,    0,    0,    0,   -3,   -4,    0,   -8,  -10,  -24,    0,  -24,    0,    0,    0,    0,    0,    0,    0,  -11,    0,    0,    0,   -4,    0,    0,    0,   -4,   -4,    0,    0,    0,   -4,   -4,   -4,    0,    0,   -5,    0,   -3,    0,    0,    0,    0,    0,    0,    0,    0,    0,  -21,  -11,
       0,    0,    0,    0,    0,    0,    0,    0,    0,    0,    0,    0,    0,    0,    0,    0,    0,    0,    0,   -8,    0,    0,   -5,    0,    0,   -5,    0,  -13,   -5,  -13,    0,    0,    0,    0,    0,    0,    0,    0,    0,    0,    0,    0,    0,    0,    0,    0,   -4,    0,   -4,    0,    0,    0,    0,    0,    0,   -8,    0,    0,    0,    0,    0,    0,    0,    0,    0,    0,    0,    0,    0,    0,    0,    0,    0,    0,    0,    0,    0,    0,    0,    0,    0,    0,    0,    0,   -8,    0,    0,    0,
       0,    0,    0,    0,    0,    0,    0,    0,  -11,    0,    0,  -24,   -7,  -16,    0,   -8,    0,    0,    0,  -27,    0,  -11,    0,    0,   -8,    0,    0,    0,    0,    0,   -5,    0,    0,  -27,    0,  -24,  -11,  -24,    0,    0,    0,  -13,  -13,  -24,    0,   -8,   -5,  -11,   -5,  -11,    0,    0,    0,    0,    0,  -37,  -11,    0,  -27,  -27,  -24,    0,    5,    5,  -24,  -24,    0,  -27,  -27,  -24,  -24,  -24,  -24,    0,    0,    0,  -13,  -24,  -24,  -11,    0,  -24,    0,   -8,    0,  -19,    0,    0,
       0,    0,    0,    0,   -5,    0,   -5,    0,    0,    0,    0,    0,    0,    0,    0,    0,    0,    0,    0,    0,    0,    0,    0,    0,    0,    0,    0,    0,    0,    0,    0,    0,    0,    0,    0,    0,    0,    0,    0,    0,    0,    0,    0,    0,    0,    0,    0,    0,    0,    0,    0,    0,   -8,    0,    0,    0,    0,    0,    0,    0,    0,    0,    0,    0,    0,    0,    0,    0,    0,    0,    0,    0,    0,    0,    0,    0,    0,    0,    0,    0,    0,    0,    0,    0,    0,    0,    0,    0,
       0,    0,    0,   -8,    0,    0,    0,    0,    0,    0,    0,   -8,    0,    0,   -8,    0,    0,    0,    0,    0,    0,    0,    0,    0,    0,    0,    0,    0,    0,    0,    0,    0,    0,    0,    0,    0,    0,    0,    0,    0,    0,    0,    0,    0,    0,    0,    0,    0,    0,    0,    0,    0,  -21,    0,    0,    0,    0,    0,    0,    0,    0,    0,    0,    0,    0,    0,    0,    0,    0,    0,    0,    0,    0,    0,    0,    0,    0,    0,    0,    0,    0,    0,    0,    0,    0,    0,   -8,    0,
       0,    0,    0,    0,    0,    0,    0,    0,    0,    0,    0,    0,    0,    0,    0,    0,    0,    0,    0,    0,    0,    0,    0,    0,    0,    0,    0,    0,    0,    0,    0,    0,    0,    0,    0,    0,    0,    0,    0,    0,    0,    0,    0,    0,    0,    0,    0,    0,    0,    0,    0,    0,   -8,    0,    0,    0,    0,    0,    0,    0,    0,    0,    0,    0,    0,    0,    0,    0,    0,    0,    0,    0,    0,    0,    0,    0,    0,    0,    0,    0,    0,    0,    0,    0,    0,    0,    0,    0,
       0,    0,    0,    0,    0,    0,    0,    0,    0,    0,    0,    0,    0,    0,   -5,    0,    0,    0,    0,    0,    0,    0,    0,    0,    0,    0,    0,    0,    0,    0,    0,   -8,    0,    0,    0,    0,    0,    0,    0,    0,    0,    0,    0,    0,    0,    0,    0,    0,    0,    0,    0,    0,  -21,    0,    0,    0,    0,    0,    0,    0,    0,    0,    0,    0,    0,    0,    0,    0,    0,    0,    0,    0,    0,    0,    0,    0,    0,    0,    0,    0,    0,    0,    0,    0,    0,    0,   -5,    0,
       0,    0,    0,    0,   -8,    0,   -8,    0,    0,    0,    0,    0,    0,    0,    0,    0,    0,    0,    0,    0,    0,    0,    0,    0,    0,    0,    0,    0,    0,    0,    0,    0,    0,    0,    0,    0,    0,    0,    0,    0,    0,    0,    0,    0,    0,    0,    0,    0,    0,    0,    0,    0,   -5,    0,    0,    0,    0,    0,    0,    0,    0,    0,    0,    0,    0,    0,    0,    0,    0,    0,    0,    0,    0,    0,    0,    0,    0,    0,    0,    0,    0,    0,    0,    0,    0,    0,    0,    0,
       0,    0,    0,    0,    0,    0,    0,    0,    0,    0,    0,    0,    0,    0,    0,    0,    0,    0,    0,    0,    0,    0,    0,    0,    0,    0,    0,    0,    0,    0,    0,    0,    0,    0,    0,    0,    0,    0,    0,    0,    0,    0,    0,    0,    0,    0,    0,    0,    0,    0,    0,    0,  -11,    0,    0,    0,    0,    0,    0,    0,    0,    0,    0,    0,    0,    0,    0,    0,    0,    0,    0,    0,    0,    0,    0,    0,    0,    0,    0,    0,    0,    0,    0,    0,    0,    0,    0,    0,
       0,    0,    0,   -8,  -27,    0,  -27,  -24,   -3,    0,    0,  -19,    0,   -5,    0,    0,   -5,   -5,    0,    0,    0,    0,    0,    0,    0,    0,    0,    0,    0,    0,    0,    0,    0,    0,    0,    0,    0,    0,    0,    0,    0,    0,    0,    0,    0,    0,    0,    0,    0,    0,    0,    0,    0,    0,    0,    0,    0,    0,    0,    0,    0,    0,    0,    0,    0,    0,    0,    0,    0,    0,    0,    0,    0,    0,    0,    0,    0,    0,    0,    0,    0,    0,    0,    0,    0,    0,    0,    0,
       0,    0,    0,    0,    0,    0,    0,    0,    0,    0,    0,   -5,    0,    0,   -3,    0,    0,    0,    0,    0,    0,    0,    0,    0,    0,    0,    0,    0,    0,    0,    0,    0,    0,    0,    0,    0,    0,    0,    0,    0,    0,    0,    0,    0,    0,    0,    0,    0,    0,    0,    0,    0,   -8,    0,    0,    0,    0,    0,    0,    0,    0,    0,    0,    0,    0,    0,    0,    0,    0,    0,    0,    0,    0,    0,    0,    0,    0,    0,    0,    0,    0,    0,    0,    0,    0,    0,    0,    0,
       0,    0,    0,    0,  -13,    0,  -13,  -13,    0,    0,   -3,   -5,   -8,    0,   -5,    0,    0,    0,    0,    0,    0,    0,    0,    0,    0,    0,    0,    0,    0,    0,    0,    0,    0,    0,    0,    0,    0,    0,    0,    0,    0,    0,    0,    0,    0,    0,    0,    0,    0,    0,    0,    0,   -5,    0,    0,    0,    0,    0,    0,    0,    0,    0,    0,    0,    0,    0,    0,    0,    0,    0,    0,    0,    0,    0,    0,    0,    0,    0,    0,    0,    0,    0,    0,    0,    0,    0,    0,    0,
       0,    0,    0,    0,    0,    0,    0,    0,    0,    0,    0,    0,    0,    0,    0,    0,    0,    0,    0,    0,    0,    0,    0,    0,    0,    0,    0,   -4,    0,   -4,    0,    0,    0,    0,    0,    0,    0,    0,    0,    0,    0,    0,    0,    0,    0,    0,    0,    0,    0,    0,    0,    0,    0,    0,    0,    0,    0,    0,    0,    0,    0,    0,    0,    0,    0,    0,    0,    0,    0,    0,    0,    0,    0,    0,    0,    0,    0,    0,    0,    0,    0,    0,    0,    0,    0,    0,    0,    0,
       0,    0,    0,    0,    0,    0,    0,    0,    0,    0,    0,    0,    0,    0,    0,    0,    0,    0,    0,    0,    0,    0,    0,    0,    0,    0,    0,    0,    0,   -5,    0,    0,    0,    0,    0,    0,    0,    0,    0,    0,    0,    0,    0,    0,    0,    0,    0,    0,    0,    0,    0,    0,    0,    0,    0,    0,    0,    0,    0,    0,    0,    0,    0,    0,    0,    0,    0,    0,    0,    0,    0,    0,    0,    0,    0,    0,    0,    0,    0,    0,    0,    0,    0,    0,    0,    0,    0,    0,
     -13,    0,  -24,    0,    0,   -8,    0,    5,    0,    0,    0,    0,    0,    0,    0,    0,    0,    0,  -15,    7,    0,   -4,    0,    0,    0,  -28,  -16,  -31,    3,  -27,    3,  -27,    0,    0,   -4,    0,    0,    0,    0,    0,    0,    0,    0,    0,   -4,   -5,  -23,    5,  -23,    0,    0,   -8,    0,    0,    0,    8,    0,    0,    0,    0,    0,    0,    0,    0,    0,    0,    0,    0,    0,    0,    0,    0,    0,    0,    0,    0,    0,    0,    0,    0,    0,    0,    0,    0,    0,    0,  -29,  -21,
       0,    0,    0,    0,   -5,    0,   -5,    0,    0,    0,    0,    0,    0,    0,    0,    0,    0,    0,    0,   -8,    0,    0,    0,    0,    0,   -4,    0,   -7,   -4,   -8,    0,  -11,    0,    0,    0,    4,    0,    0,    0,    0,    3,    0,    0,    0,    0,    0,    0,    0,    0,    0,    0,    0,    0,    0,    0,   -7,    0,    0,    0,    0,    4,    0,    0,    0,    4,    4,    0,    0,    0,    4,    4,    4,    0,    0,    0,    0,    0,    0,    0,    0,    0,    0,    0,    0,   -5,    0,    0,    0,
       0,    0,    0,    0,    0,   -5,    0,    0,    0,    0,    0,    0,    0,    0,    0,    0,    0,    0,    0,    0,    0,   -6,    0,    0,    0,    0,    0,    0,    0,    0,    0,    0,    0,   -4,    0,   -4,    0,   -4,    0,    0,    0,    0,    0,   -4,    0,   -3,   -3,    0,   -3,    0,    0,    0,    0,    0,    0,    0,   -6,    0,   -4,   -4,   -4,    0,    0,    0,   -4,   -4,    0,   -4,   -4,   -4,   -4,   -4,   -4,    0,    0,    0,    0,   -4,   -4,    0,    0,   -4,    0,    0,    0,    0,    0,    0,
       0,   -8,    0,    0,  -13,    0,  -13,  -11,    0,    0,    0,    0,    0,    0,    0,    0,    0,    0,    0,   -7,   -4,    0,   -5,   -3,    0,    0,   -4,   -5,   -9,   -7,   -3,   -8,    0,    0,    0,    0,    0,   -3,    0,    0,    0,    0,    0,    0,    8,    0,    0,    0,    0,    0,    0,    0,    0,    0,    0,  -19,    0,   -5,    0,    0,    0,    0,    0,    0,    0,    0,    0,    0,    0,    0,    0,    0,   -3,    0,    0,    0,    0,    0,    0,    0,    0,   -3,    0,    0,    0,    0,    0,    0,
       0,    0,    0,    0,    0,    0,    0,    0,    0,    0,    0,    0,    0,    0,    0,    0,    0,    0,    0,    0,    0,    0,    0,    0,    0,    0,    0,    0,    0,    0,    0,    0,    0,    0,    0,    0,    0,    0,    0,    0,    0,    0,    0,    0,    0,    0,    0,    0,    0,    0,    0,    0,    0,    0,    0,    0,    0,    0,    0,    0,    0,    0,    0,    0,    0,    0,    0,    0,    0,    0,    0,    0,    0,    0,    0,    0,    0,    0,    0,    0,    0,    0,    0,    0,    0,    0,    0,    5,
       0,    0,   11,    0,  -19,    0,  -19,  -23,    0,    0,    0,    0,    0,    0,    0,    0,    0,    0,    0,  -23,    0,    0,    0,   -5,    0,    0,    0,    0,    0,    0,    0,    0,    0,   -8,    3,   -5,    0,  -11,    3,    0,    0,    0,    0,   -8,    0,    0,    0,    0,    0,   -5,    0,    0,    0,    0,    0,  -31,    0,    0,   -8,   -8,   -5,    0,   11,   11,   -5,   -5,    3,   -8,   -8,   -5,   -5,   -5,  -11,    3,   11,    3,    0,   -8,   -8,   -5,    0,  -11,    0,    0,    0,    0,    5,    5,
       0,    0,    0,    0,    0,    0,    0,    0,    0,    0,    0,    0,    0,    0,    0,    0,    0,    0,    0,    0,    0,    0,    0,    0,    0,   -5,    0,   -5,    0,   -5,    0,    0,    0,    0,    0,    0,    0,   -3,    0,    0,    0,    0,    0,    0,    0,    0,   -3,    0,   -3,    0,    0,    0,    0,    0,    0,   -5,    0,    0,    0,    0,    0,    0,    0,    0,    0,    0,    0,    0,    0,    0,    0,    0,   -3,    0,    0,    0,    0,    0,    0,    0,    0,   -3,    0,    0,    0,    0,    0,    0,
       0,    0,    0,    0,    0,    0,    0,    0,    0,    0,    0,    0,    0,    0,    0,    0,    0,    0,    0,    0,    0,   -4,    0,    0,    0,    0,    0,    0,    0,    0,    0,    0,    0,    0,    0,   -4,    0,    0,    0,    0,    0,    0,    0,    0,    0,   -3,   -3,    0,   -3,    0,    0,   -5,    0,    0,    0,    0,   -4,    0,    0,    0,   -4,    0,    5,    5,   -4,   -4,    0,    0,    0,   -4,   -4,   -4,    0,    0,    0,    0,    0,    0,    0,    0,    0,    0,    0,    0,    0,    0,    0,    0,
       0,    0,    0,    0,  -11,   -5,  -11,  -10,    0,    0,    0,    0,    0,    0,    0,    0,   -8,   -8,    0,  -11,    0,   -4,    0,    0,    0,    0,    0,    0,    0,    0,    0,    0,    0,   -8,    3,   -5,    0,   -5,    3,    0,    4,    0,    0,   -5,    0,   -3,   -4,   -5,   -4,   -4,    0,    0,    0,    0,    0,  -13,   -4,    0,   -8,   -8,   -5,    0,    8,    8,   -5,   -5,    3,   -8,   -8,   -5,   -5,   -5,   -5,    3,    0,    3,    0,   -5,   -5,   -4,    0,   -5,    0,    0,    0,    0,    0,    0,
       0,    0,    0,    0,    0,   -8,    0,    0,    0,    0,    0,    0,    0,    0,    0,    0,    0,    0,    0,    5,    0,  -11,    0,    5,    0,    0,    0,    0,    3,    0,    0,    0,    0,   -4,    3,   -6,    0,    0,    3,    0,    0,    0,   -3,   -3,   -8,   -9,  -16,    3,  -16,    0,    0,    0,    0,    0,    0,    3,  -11,    0,   -4,   -4,   -6,    0,    8,    8,   -6,   -6,    3,   -4,   -4,   -6,   -6,   -6,    0,    3,    8,    3,    0,   -3,   -3,    0,    0,    0,    0,    0,    0,   -5,    0,    0,
       0,    0,  -11,    0,    0,    0,    0,    0,    0,    0,    0,    0,    0,    0,    0,    0,    0,    0,    0,    8,    0,    0,    0,    0,    0,  -15,   -7,  -21,    5,  -21,    0,  -29,    0,    0,    0,    0,    0,    0,    0,    0,    0,    0,    0,    0,    0,    0,  -13,    0,  -13,    0,    0,    0,    0,    0,    0,    0,    0,    0,    0,    0,    0,    0,    0,    0,    0,    0,    0,    0,    0,    0,    0,    0,    0,    0,    0,    0,    0,    0,    0,    0,    0,    0,    0,    0,    0,    0,  -13,   -8,
       0,    0,    0,    0,    0,    0,    0,    0,    0,    0,    0,    0,    0,    0,    0,    0,    0,    0,    0,    0,    0,   -3,    0,    0,    0,   -7,   -4,   -8,    8,   -5,    0,    0,    0,    0,    0,    0,    0,    0,    0,    0,    0,    0,    0,    0,    0,   -3,   -4,    0,   -4,    0,    0,    0,    0,    0,    0,    0,   -3,    0,    0,    0,    0,    0,    5,    5,    0,    0,    0,    0,    0,    0,    0,    0,    0,    0,    5,    0,    0,    0,    0,    0,    0,    0,    0,    0,    0,    0,   -5,    0,
       0,    0,   11,    0,   -9,   -5,   -9,    0,    0,    0,    0,    0,    0,    0,    0,    0,    0,    0,    0,   -8,    0,   -4,    0,    0,    0,    0,    0,    5,    0,    4,    0,    0,    0,   -6,    5,   -4,    0,   -8,    5,    0,    0,    0,    0,   -7,    0,    0,   -4,   -3,   -4,   -3,    0,    0,    0,    0,    0,  -11,   -4,    0,   -6,   -6,   -4,    0,   16,   16,   -4,   -4,    5,   -6,   -6,   -4,   -4,   -4,   -8,    5,   16,    5,    0,   -7,   -7,   -3,    0,   -8,    0,    0,    0,   -8,    0,    0,
       5,    0,   15,    0,  -27,    0,  -27,  -26,    0,    0,    0,    0,    0,    0,    0,    0,    0,    0,    0,  -29,   -3,    0,    0,   -4,    0,    3,    0,    0,   -3,    0,    0,    0,    0,   -4,    0,   -4,    0,   -7,    0,    0,    8,    0,    0,   -5,    5,    5,    6,    0,    6,    0,    0,    0,    0,    0,    0,  -36,    0,    0,   -4,   -4,   -4,    0,    5,    5,   -4,   -4,    0,   -4,   -4,   -4,   -4,   -4,   -7,    0,    5,    0,    0,   -5,   -5,    0,    0,   -7,    0,    0,    0,    0,    5,    8,
       0,    3,    0,    0,   -5,    0,  -13,  -11,    0,    0,    0,    0,    0,    0,    0,    0,    0,    8,    0,   -7,   -4,    0,   19,   -3,    0,    0,   -4,   -5,   -9,   -7,   -3,   -8,   13,    0,    0,    0,    0,    1,    0,    0,   24,    0,    0,    0,    8,    0,    0,    0,    8,    0,   16,    0,    0,    0,    0,  -19,    0,   -5,    0,    0,    0,    0,    0,    0,    0,    0,    0,    0,    0,    0,    0,    0,    1,    0,   24,    0,    0,    0,    0,    0,    0,   11,    0,    5,    0,    0,    0,    0,
       0,    0,   -8,    0,    0,   -8,    0,    0,    0,    0,    0,    0,    0,    0,    0,    0,    0,    0,   -8,    8,    0,   -8,    0,    5,    0,  -16,  -11,  -17,    8,  -20,    0,    0,    0,    0,   -4,    0,    0,    0,    0,    0,    0,    0,    0,    0,   -5,   -5,   -8,    5,   -8,    0,    0,    0,    0,    0,    0,    8,   -8,    0,    0,    0,    0,    0,    0,    0,    0,    0,    0,    0,    0,    0,    0,    0,    0,    0,    0,    0,    0,    0,    0,    0,    0,    0,    0,    0,   -5,    0,  -16,  -11,
       0,    0,    0,    0,   -5,    0,   -5,   -5,    0,    0,    0,    0,    0,    0,    0,    0,    0,    0,    0,   -7,    0,    0,    0,    0,    0,    0,    0,   -4,   -3,   -4,    0,    0,    0,    0,    0,    0,    0,  -11,    0,    0,    0,    0,    0,    0,    0,    0,   -5,   -3,   -5,    0,    0,    0,    0,    0,    0,   -8,    0,    0,    0,    0,    0,    0,    0,    0,    0,    0,    0,    0,    0,    0,    0,    0,  -11,    0,    0,    0,    0,    0,    0,    0,    0,  -11,    0,    0,    0,   -5,    0,    0,
       0,    0,    0,    0,  -27,   -5,  -27,  -33,    0,    0,    0,    0,    0,    0,    0,    0,   -5,   -5,    0,  -32,    0,   -8,    0,   -7,   -4,    0,    0,    0,    0,    0,   -3,    0,    0,  -15,    0,  -16,    0,  -17,    0,    0,    0,    0,    0,  -19,    0,    0,    0,    0,    0,   -5,    0,   -8,    0,   -5,    0,  -27,   -8,    0,  -15,  -15,  -16,    0,    8,    8,  -16,  -16,    0,  -15,  -15,  -16,  -16,  -16,  -17,    0,    0,    0,    0,  -19,  -19,   -5,   -5,  -17,    0,    0,    0,   -5,    5,    5,
       0,    0,    0,    0,  -11,    0,  -11,  -15,    0,    0,    0,    0,    0,    0,    0,    0,    0,    0,    0,  -17,    0,   -4,    0,   -4,   -4,    0,    0,    0,    0,    0,   -4,    0,    0,   -5,    3,   -4,    0,  -11,    3,    0,    0,    0,    0,   -7,    0,    0,   -5,   -6,   -5,   -5,    0,    0,    0,   -5,    0,  -19,   -4,   -8,   -5,   -5,   -4,    0,    9,    9,   -4,   -4,    3,   -5,   -5,   -4,   -4,   -4,  -11,    3,    5,    3,    0,   -7,   -7,   -5,    0,  -11,    0,    0,    0,    0,    0,    0,
       0,    0,    8,    0,  -35,  -13,  -35,  -36,    0,    0,    0,    0,    0,    0,    0,    0,   -5,   -5,    0,  -37,    0,  -13,    0,   -9,   -9,    0,    0,    3,    0,    5,    0,    0,    0,  -20,    8,  -20,   -5,  -23,    8,    0,    0,   -8,   -5,  -19,    0,   -7,   -8,   -6,   -8,   -8,    8,  -11,    0,   -8,    0,  -37,  -13,    0,  -34,  -31,  -20,    0,   16,   16,  -20,  -20,    8,  -31,  -34,  -20,  -20,  -20,  -37,    8,   16,    8,   -8,  -19,  -19,   -8,    0,  -23,    0,    0,    0,  -16,    0,    5,
       0,    0,    8,    0,    0,   -5,    0,    0,    0,    0,    0,    0,    0,    0,    0,    0,    0,    0,    0,    3,    0,   -9,    0,    4,    0,    0,    0,    0,    3,    0,    0,    0,    0,    0,    5,   -3,    0,    0,    5,    0,    0,    0,    0,    0,    0,   -5,   -9,    5,   -9,    0,    0,    0,    0,    0,    0,    8,   -4,    0,    0,    0,   -3,    0,   11,   11,   -3,   -3,    5,    0,    0,   -3,   -3,   -3,    0,    5,   13,    5,    0,    0,    0,    0,    0,    0,    0,    0,    0,    0,    0,    0,
       0,    0,    5,    0,  -24,  -13,  -24,  -28,    0,    0,    0,    0,    0,    0,    0,    0,   -8,   -8,    0,  -29,    0,  -16,    0,   -4,  -12,    0,    0,    3,    0,    5,    0,    0,    0,  -21,    5,  -21,   -4,  -25,    5,    0,    0,  -13,  -11,  -20,   -3,   -9,   -8,  -13,   -8,  -13,    5,  -13,    0,  -11,    0,  -27,  -16,    0,  -21,  -32,  -21,    0,   16,   16,  -21,  -21,    5,  -29,  -29,  -21,  -21,  -21,  -25,    5,   11,    5,  -13,  -20,  -20,  -13,  -11,  -25,    0,   -5,    0,  -11,    0,    5,
       0,    0,    0,    0,    0,    0,    0,    0,    0,    0,    0,    0,    0,    0,    0,    0,    0,    0,    0,    0,    0,    0,    0,    0,    0,    0,    0,    0,    0,    0,    0,    0,    0,    0,    0,    0,    0,    0,    0,    0,    0,    0,    0,    0,    0,    0,   -3,    0,   -3,    0,    0,    0,    0,    0,    0,    0,    0,    0,    0,    0,    0,    0,    5,    5,    0,    0,    0,    0,    0,    0,    0,    0,    0,    0,    8,    0,    0,    0,    0,    0,    0,    0,    0,    0,    0,    0,    0,    0,
       0,    0,    0,    0,    0,    0,    0,    0,    0,    0,    0,    0,    0,    0,    0,    0,    0,    0,    0,    0,    0,    0,   11,    0,    0,    0,    0,    0,    0,    0,    0,    0,    0,    0,    0,    0,    0,    0,    0,    0,   12,    0,    0,    0,    0,    0,    0,    0,   13,    0,    0,    0,    0,    0,    0,    0,    0,    0,    0,    0,    0,    0,    8,    8,    0,    0,    0,    0,    0,    0,    0,    0,    0,    0,   12,    0,    0,    0,    0,    0,    0,    0,    0,    0,    0,    0,    0,    0,
       0,    0,    0,    0,    0,    0,    0,    0,    0,    0,    0,   -8,    0,    0,  -16,    0,    0,    0,    0,    0,    0,   -8,    0,    0,    0,  -21,  -13,  -27,    0,  -21,    0,    0,    0,    0,    0,   -5,    0,    5,    0,    0,    0,    0,    0,    0,   -5,   -8,   -8,    0,   -8,    0,    0,    0,    0,    0,    0,    0,   -8,    0,    0,    0,   -5,    0,    0,    0,   -5,   -5,    0,    0,    0,   -5,   -5,   -5,    5,    0,    0,    0,    0,    0,    0,    0,    0,    5,    0,    0,    0,    0,    0,    0,
       0,    0,  -11,    0,    0,    0,    0,    0,    0,    0,    0,    0,    0,    0,    0,    0,    0,    0,   -7,    0,    0,    0,    0,    0,    0,    0,    0,    0,    0,    0,    0,  -27,    0,    0,   -3,    0,    0,    0,    0,    0,    0,    0,    0,    0,    0,   -4,  -11,    0,  -11,    0,    0,    0,    0,    0,    0,    0,    0,    0,    0,    0,    0,    0,    0,    0,    0,    0,   -3,    0,    0,    0,    0,    0,    0,    0,    0,    0,    0,    0,    0,    0,    0,    0,    0,    0,    0,    0,  -11,   -8,
       0,   -8,   -5,    0,   -8,    0,   -8,  -11,    0,    0,    0,    0,    0,    0,    0,    0,    0,    0,   -4,    0,    0,    0,    0,    0,    0,    0,    0,    0,    0,    0,    0,  -16,    0,    0,   -3,    0,    0,    0,   -3,    0,    0,    0,    0,    0,    3,    0,   -5,   -7,   -5,    0,    0,    0,    0,    0,    0,    0,    0,    0,    0,    0,    0,    0,    0,    0,    0,    0,   -3,    0,    0,    0,    0,    0,    0,   -3,    0,    7,    0,    0,    0,    0,    0,    0,    0,    0,    0,    0,  -11,   -5,
       0,    0,    0,    0,    0,    0,    0,    0,    0,    0,    0,    0,    0,    0,    0,    0,    0,    0,    0,    0,    0,    0,    0,    0,    0,    0,    0,    0,    0,    0,    0,  -16,    0,   -3,    0,    0,    0,   -4,    0,    0,    0,    0,    0,    0,    0,    0,   -3,   -3,   -3,    0,    0,    0,    0,    0,    0,    0,    0,    0,   -3,   -3,    0,    0,    0,    0,    0,    0,    0,   -3,   -3,    0,    0,    0,   -4,    0,    0,    0,    0,    0,    0,    0,    0,   -4,    0,    0,    0,    0,    0,    5,
       0,    0,    0,    0,    0,    0,    0,    0,    0,    0,    0,    0,    0,    0,    0,    0,    0,    0,    0,    0,    0,    0,    0,    0,    0,    0,    0,    0,    0,    0,    0,    0,    0,    0,    0,    0,    0,    0,    0,    0,    0,    0,    0,    0,    0,    0,   -5,    3,   -5,    0,    0,    0,    0,    0,    0,    0,    0,    0,    0,    0,    0,    0,    0,    0,    0,    0,    0,    0,    0,    0,    0,    0,    0,    0,    0,    0,    0,    0,    0,    0,    0,    0,    0,    0,    0,    0,   -5,    0,
       0,    0,    0,    0,    0,    0,    0,    0,    0,    0,    0,    0,    0,    0,    0,    0,    0,    0,   -5,    0,    0,    0,    0,    0,    0,    0,    0,    0,    0,    0,    0,  -11,    0,   -3,    0,    0,    0,    0,    0,    0,    0,    0,    0,    0,    0,    0,   -5,    0,   -5,    0,    0,    0,    0,    0,    0,    0,    0,    0,   -3,   -3,    0,    0,    0,    0,    0,    0,    0,   -3,   -3,    0,    0,    0,    0,    0,    0,    8,    0,    0,    0,    0,    0,    0,    0,    0,    0,    0,   -5,    0,
      27,   27,   27,    0,   -8,    0,   -8,   -8,    0,    0,    0,    0,    0,    0,    0,    0,    0,    0,   16,    0,    0,    0,    0,    0,    0,    0,    0,    0,    0,    0,    0,   27,   23,   -3,    0,   -4,    0,   -5,    0,    5,   13,    0,    0,   -5,    0,    0,    3,    0,    3,    0,   27,    0,    0,    0,    0,    0,    0,    0,    6,   10,    7,   29,   57,   33,   -3,   -4,    0,    5,    2,   -1,   -5,    0,   -1,   28,   27,    0,    8,    1,    2,   12,    0,   -5,    0,    0,    0,    0,   21,   24,
       8,    0,    5,    0,    0,    0,    0,    0,    0,    0,    0,    0,    0,    0,    0,    0,    0,    0,    0,    0,    0,    0,    0,    0,    0,    0,    0,    0,    0,    0,    0,   -8,    0,   -5,    0,   -7,    0,   -3,    0,    0,    5,    0,    4,    0,    7,    0,    3,    0,    3,    0,    0,    0,    0,    0,    0,    0,    0,    0,   -5,   -5,   -7,    0,    0,    0,   -7,   -7,    0,   -5,   -5,   -7,   -7,   -7,   -3,    0,    5,    0,    0,    0,    0,    0,    0,   11,    0,    0,    0,    0,   10,   11,
       0,    0,  -11,    0,    0,    0,    0,    0,    0,    0,    0,    0,    0,    0,    0,    0,    0,    0,   -4,    0,    0,    0,    0,    0,    0,    0,    0,    0,    0,    0,    0,  -24,    0,    0,    0,    0,    0,    0,    0,    0,    0,    0,    0,    0,   -3,   -3,  -15,    0,  -15,    0,    0,    0,    0,    0,    0,    0,    0,    0,    0,    0,    0,    0,    0,    0,    0,    0,    0,    0,    0,    0,    0,    0,    0,    0,    0,    0,    0,    0,    0,    0,    0,    0,    0,   -5,    0,    0,  -13,   -8,
       0,    0,    0,    0,    0,    0,    0,    0,    0,    0,    0,    0,    0,    0,    0,    0,    0,    0,    0,    0,    0,    0,    0,    0,    0,    0,    0,    0,    0,    0,    0,    0,    0,    0,    0,    0,    0,    4,    0,    0,    0,    0,    0,    0,    0,    0,   -5,    0,   -5,    0,    0,    0,    0,    0,    0,    0,    0,    0,    0,    0,    0,    0,    0,    0,    0,    0,    0,    0,    0,    0,    0,    0,    4,    0,    0,    0,    0,    0,    0,    0,    0,    4,    0,    0,    0,    0,   -5,    0,
       0,    0,    0,    0,    0,    0,    0,    0,    0,    0,    0,    0,    0,    0,    0,    0,    0,    0,    0,    0,    0,    0,    0,    0,    0,    0,    0,    0,    0,    0,    0,    0,    0,    0,    0,    0,    0,   -5,    0,    0,    0,    0,    0,    0,    0,    0,   -5,   -3,   -5,    0,    0,    0,    0,    0,    0,    0,    0,    0,    0,    0,    0,    0,    0,    0,    0,    0,    0,    0,    0,    0,    0,    0,   -5,    0,    0,    0,    0,    0,    0,    0,    0,   -5,    0,    0,    0,    0,    0,    0,
       0,    0,    0,    0,    0,    0,    0,    0,    0,    0,    0,    0,    0,    0,    0,    0,    0,    0,   -4,    0,    0,    0,    0,    0,    0,    0,    0,    0,    0,    0,    0,   -5,    0,   -5,   -5,   -7,    0,   -5,    0,    0,    0,    0,    0,   -4,    0,    0,   -8,    3,   -8,    0,    0,    0,    0,    0,    0,    0,    0,    0,   -5,   -5,   -7,    0,    0,    0,   -7,   -4,    0,   -5,   -5,   -7,   -7,   -7,   -5,    0,    0,    0,    0,   -4,   -4,    0,    0,   -5,    0,    0,    0,    0,    0,    0,
       0,    0,    0,    0,    0,    0,    0,    0,    0,    0,    0,    0,    0,    0,    0,    0,    0,    0,   -8,    0,    0,    0,    0,    0,    0,    0,    0,    0,    0,    0,    0,    0,    0,    0,    0,    0,    0,    0,    0,    0,    0,    0,    0,    0,    0,    0,   -5,    0,   -5,    0,    0,    0,    0,    0,    0,    0,    0,    0,    0,    0,    0,    0,    0,    0,    0,    0,    0,    0,    0,    0,    0,    0,    0,    0,    0,    0,    0,    0,    0,    0,    0,    0,    0,    0,    0,    0,   -8,   -5,
       0,    0,    0,    0,    0,    0,    0,    0,    0,    0,    0,    0,    0,    0,    0,    0,    0,    0,   -4,    0,    0,    0,    0,    0,    0,    0,    0,    0,    0,    0,    0,  -13,    0,    0,    0,    0,    0,    0,    0,    0,   19,    0,    3,    0,    0,    0,   -4,    0,    8,    0,    0,    0,    0,    0,    0,    0,    0,    0,    0,    0,    0,    0,    0,    0,    0,    0,    0,    0,    0,    0,    0,    0,    0,    0,   19,    0,    0,    0,    0,    0,    0,    0,    0,    0,    0,    0,   -8,    0,
       0,    0,    5,    0,  -19,   -5,  -19,  -16,    0,    0,    0,    0,    0,    0,    0,    0,    0,    0,   -5,    0,    0,    0,    0,    0,    0,    0,    0,    0,    0,    0,    0,    0,    0,   -9,   -5,   -5,    0,   -8,   -5,    0,    0,    0,    0,   -7,    4,    0,    0,    0,    0,    0,    0,    0,    0,    0,    0,    0,    0,    0,   -9,   -9,   -5,    0,    0,    0,   -5,   -5,   -5,   -9,   -9,   -5,   -5,   -5,   -8,   -5,    0,   -5,    0,   -7,   -7,    0,    0,   -8,    0,    0,    0,    0,    8,    8,
       0,    0,    0,    0,   -4,    0,   -4,   -5,    0,    0,    0,    0,    0,    0,    0,    0,    0,    0,   -4,    0,    0,    0,    0,    0,    0,    0,    0,    0,    0,    0,    0,   -8,    0,   -4,    0,    0,    0,   -4,    0,    0,    0,    0,    0,    0,    0,    0,   -4,   -4,   -4,    0,    0,    0,    0,    0,    0,    0,    0,    0,   -4,   -4,    0,    0,    0,    0,    0,    0,    0,   -4,   -4,    0,    0,    0,   -4,    0,    0,    0,    0,    0,    0,    0,    0,   -4,    0,    0,    0,    0,   -5,    0,
       0,    0,    0,    0,    0,    0,    0,    0,    0,    0,    0,    0,    0,    0,    0,    0,    0,    0,    0,    0,    0,    0,    0,    0,    0,    0,    0,    0,    0,    0,    0,   -8,    0,    0,    0,    0,    0,    0,    0,    0,    5,    0,    0,    0,    0,    0,   -3,    0,   -3,    0,    0,    0,    0,    0,    0,    0,    0,    0,    0,    0,    0,    0,    0,    0,    0,    0,    0,    0,    0,    0,    0,    0,    0,    0,    0,    0,    0,    0,    0,    0,    0,    0,    0,    0,    0,    0,    4,    5,
       0,    0,    0,    0,    0,    0,    0,    0,    0,    0,    0,    0,    0,    0,    0,    0,    0,    0,   -4,    0,    0,    0,    0,    0,    0,    0,    0,    0,    0,    0,    0,  -11,    0,    0,    0,    0,    0,    3,    0,    0,    0,    0,    0,    0,    0,    0,   -9,    5,   -9,    0,    0,    0,    0,    0,    0,    0,    0,    0,    0,    0,    0,    0,    0,    0,    0,    0,    0,    0,    0,    0,    0,    0,    3,    0,    0,    0,    0,    0,    0,    0,    0,    3,    0,    0,    0,    0,   -5,   -4,
       0,    0,    8,    0,  -24,   -4,  -24,  -15,    0,    0,    0,    0,    0,    0,    0,    0,    0,    0,    0,    0,    0,    0,    0,    0,    0,    0,    0,    0,    0,    0,    0,    0,    0,   -8,   -7,   -8,    4,  -12,   -7,    3,    5,    3,    5,   -9,    5,    3,    0,    0,    0,    0,    0,    0,    0,    0,    0,    0,    0,    0,   -8,   -8,   -8,    3,    0,    0,   -8,   -8,   -7,   -8,   -8,   -8,   -8,   -8,  -12,   -7,   11,   -7,    3,   -9,   -9,    0,    0,  -12,    0,    0,    0,    0,   11,   11,
       0,    0,    5,    0,    0,    0,    0,    0,    0,    0,    0,    0,    0,    0,    0,    0,    0,    0,    0,    0,    0,    0,    0,    0,    0,    0,    0,    0,    0,    0,    0,    0,    0,    0,    0,   -7,    0,   -3,    0,    0,    0,    0,    4,   -3,    5,    0,    0,    3,    0,    0,    0,    0,    0,    0,    0,    0,    0,    0,    0,    0,   -7,    0,    0,    0,   -7,   -7,    0,    0,    0,   -7,   -7,   -7,   -3,    0,    0,    0,    0,   -3,   -3,    0,    0,   -3,    0,    0,    0,    0,    8,   11,
       0,    0,    0,    0,    0,    0,    0,    0,    0,    0,    0,    0,    0,    0,    0,    0,    0,    0,    0,    0,    0,    0,    0,    0,    0,    0,    0,    0,    0,    0,    0,   -8,    0,    0,    0,    0,    0,   -3,    0,    0,    0,    0,    0,    0,    0,    0,    0,    0,    0,    0,    0,    0,    0,    0,    0,    0,    0,    0,    0,    0,    0,    0,    0,    0,    0,    0,    0,    0,    0,    0,    0,    0,   -3,    0,    0,    0,    0,    0,    0,    0,    0,   -3,    0,    0,    0,    0,    0,    0,
       0,    0,    0,    0,    0,    0,    0,    0,    0,    0,    0,    0,    0,    0,    0,    0,    0,    0,    0,    0,    0,    0,   19,    0,    0,    0,    0,    8,    0,    5,    0,    0,    0,    0,    0,    0,    0,    0,    0,    0,   15,    0,    0,    0,    0,    0,    5,    0,    5,    0,    0,    0,    0,    0,    0,    0,    0,    0,    0,    0,    0,    0,    8,    8,    0,    0,    0,    0,    0,    0,    0,    0,    0,    0,   15,    0,    0,    0,    0,    0,    0,    5,    0,    0,    0,    0,    0,    0,
       0,    0,    0,    0,    0,    0,    0,    0,    0,    0,    0,    0,    0,    0,    0,    0,    0,    0,    0,    0,    0,    0,   11,    0,    0,    0,    0,   -8,    0,   -5,    0,    0,    0,    0,    0,    0,    0,    0,    0,    0,   11,    0,    0,    0,    0,    0,    0,    0,    0,    0,    0,    0,    0,    0,    0,    0,    0,    0,    0,    0,    0,    0,    0,    0,    0,    0,    0,    0,    0,    0,    0,    0,    0,    0,    0,    0,    0,    0,    0,    0,    0,    0,    0,    0,    0,    0,    0,    0,
       0,    0,    0,    0,    0,    0,    0,    0,    0,    0,    0,    0,    0,    0,    0,    0,    0,    0,    0,    0,    0,    0,    0,    0,    0,   -5,   -5,   -8,    0,  -11,    0,    0,    0,    0,    0,    0,    0,    0,    0,    0,    0,    0,    0,    0,    0,    0,    0,    0,    0,    0,    0,    0,    0,    0,    0,    0,    0,    0,    0,    0,    0,    0,    0,    0,    0,    0,   -8,    0,    0,    0,    0,    0,    0,    0,    0,    0,    0,    0,    0,    0,    0,    0,    0,    0,    0,    0,    0,    0,
       0,    0,    0,    0,   -5,    0,   -5,    0,    0,    0,    0,    0,    0,    0,    0,    0,    0,    0,    0,   -8,   -5,    0,    0,    0,    0,   -8,    0,  -11,    0,  -13,    0,    0,    0,    0,    0,    0,    0,    0,    0,    0,    0,    0,    0,    0,    0,    0,    0,    0,    0,    0,    0,    0,    0,    0,    0,  -13,    0,    0,    0,    0,    0,    0,    0,    0,    0,    0,    0,    0,    0,    0,    0,    0,    0,    0,    0,    0,    0,    0,    0,    0,    0,    0,    0,    0,    0,    0,    0,    0,
       0,    0,    0,    0,    0,    0,    0,    0,    0,    0,    0,    0,    0,    0,    0,    0,    0,    0,    0,    0,   -5,   -7,    8,    0,    0,  -11,   -8,  -19,    0,  -16,    0,    0,    0,   -8,   -8,   -8,   -5,    0,   -8,    0,    8,   -5,    0,  -11,   -5,   -5,   -8,   -8,  -11,   -8,    0,    0,    0,    0,    0,    0,   -7,   -8,   -8,   -8,   -8,    0,    0,    0,   -8,   -8,   -8,   -8,   -8,   -8,   -8,   -8,    0,   -8,    0,   -8,   -5,  -11,  -11,   -8,    0,    0,    0,    0,    0,    0,    0,    0,
       0,   -8,    0,    0,  -13,    0,  -13,  -11,    0,    0,    0,    0,    0,    0,    0,    0,    0,    0,    0,   -7,   -4,    0,   -5,   -3,    0,    0,   -4,   -5,   -7,   -7,   -3,   -8,    0,    0,    0,    0,    0,   -3,    0,    0,    0,    0,    0,    0,    8,    0,    0,    0,    0,    0,    0,    0,    0,    0,    0,  -19,    0,   -5,    0,    0,    0,    0,    0,    0,    0,    0,    0,    0,    0,    0,    0,    0,   -3,    0,    0,    0,    0,    0,    0,    0,    0,   -3,    0,    0,    0,    0,    0,    0,
       0,   -8,    0,    0,  -21,    0,  -21,  -29,    0,    0,    0,    0,    0,    0,    0,    0,    0,    0,   -5,  -21,  -12,    0,  -11,  -13,   -7,   -8,   -9,  -19,  -19,  -20,    0,  -16,   -8,   -4,   -5,    0,    0,   -8,   -5,    0,    0,    0,    0,   -4,    0,    0,    0,   -3,    0,    0,    0,    0,    0,    0,    0,  -29,    0,    0,   -4,   -4,    0,    0,    0,    0,    0,    0,   -5,   -4,   -4,    0,    0,    0,   -8,   -5,    0,   -5,    0,   -4,   -4,    0,    0,   -8,  -11,    0,    0,    0,    0,    0,
       0,    0,   -5,    0,    0,    0,    0,   -5,    0,    0,    0,    0,    0,    0,    0,    0,    0,    0,   -5,    0,    0,    0,    0,    0,    0,    0,    0,    0,    0,    0,    0,   -8,    0,    0,    0,    0,    0,    0,    0,    0,    0,   -5,   -5,    0,    0,   -5,  -11,    0,  -11,    0,    0,    0,    0,    0,    0,    0,    0,    0,    0,    0,    0,    0,    0,    0,    0,    0,    0,    0,    0,    0,    0,    0,    0,    0,    0,    0,   -5,    0,    0,    0,    0,    0,    0,    0,    0,    0,  -11,   -8,
       0,    8,    8,    0,    0,    0,    0,    0,    0,    0,    0,    0,    0,    0,    0,    0,    0,    0,    0,    0,    0,    0,    0,    0,    0,    0,    0,    0,    0,    0,    0,    5,    8,    0,   15,    0,    0,    0,   15,    0,    0,    0,    0,    0,    0,    0,    0,    0,    0,    0,    8,    0,    0,    0,    0,    0,    0,    0,    0,    0,    0,    0,   13,   13,    0,    0,   15,    0,    0,    0,    0,    0,    0,   15,    0,   15,    0,    0,    0,    0,    0,    0,    0,    0,    0,    0,    5,    8,
     -13,    0,  -24,    0,    0,   -8,    0,    5,    0,    0,    0,    0,    0,    0,    0,    0,    0,    0,  -15,    7,    0,   -4,    5,    0,    0,  -28,  -16,  -31,    3,  -27,    3,  -27,    0,    0,   -4,    0,    0,    0,    0,    0,   11,    0,    0,    0,   -4,   -5,  -23,    5,  -23,    0,    0,   -8,    0,    0,    0,    8,    0,    0,    0,    0,    0,    0,    0,    0,    0,    0,    0,    0,    0,    0,    0,    0,    0,    0,   11,    0,    0,    0,    0,    0,    0,    0,    0,    0,    0,    0,  -29,  -21,
       0,    0,  -11,    0,    0,    0,    0,    0,    0,    0,    0,    0,    0,    0,    0,    0,    0,    0,   -7,    0,    0,    0,    0,    0,    0,    0,    0,    0,    0,    0,    0,  -27,    0,    0,   -3,    0,    0,    0,    0,    0,   24,    0,    0,    0,    0,   -4,  -11,    0,  -11,    0,    0,    0,    0,    0,    0,    0,    0,    0,    0,    0,    0,    0,    0,    0,    0,    0,   -3,    0,    0,    0,    0,    0,    0,    0,   24,    0,    0,    0,    0,    0,    0,    0,    0,    0,    0,    0,  -11,   -8,
       0,   24,   19,    0,    0,    0,    0,    0,    0,    0,    0,    0,    0,    0,    0,    0,    0,    0,   13,    0,    0,    0,    0,    0,    0,    0,    0,    0,    0,    0,    0,   16,   16,    0,   29,    0,   11,    0,   29,   13,   13,    3,    0,    0,    5,    3,    8,    5,    8,    0,   21,    0,    0,    0,    0,    0,    0,    0,    0,   11,    0,   13,    0,    0,    0,    0,   29,    0,    0,    0,    0,    0,    0,   29,   24,   29,   11,    0,    8,    9,    0,    0,    0,    0,    0,    0,   16,   21,
       0,    0,    0,    0,    0,    0,    0,    0,    0,    0,    0,    0,    0,    0,    0,    0,    0,    0,    0,    0,    0,    0,    0,    0,    0,    0,    0,    0,    0,    0,    0,    0,    0,    0,    0,    0,    0,    0,    0,    0,    0,    0,    0,    0,    0,    0,   -5,    3,   -5,    0,    0,    0,    0,    0,    0,    0,    0,    0,    0,    0,    0,    0,    0,    0,    0,    0,    0,    0,    0,    0,    0,    0,    0,    0,    0,    0,    0,    0,    0,    0,    0,    0,    0,    0,    0,    0,   -3,    0,
       0,    0,    0,    0,    0,    0,    0,    0,    0,    0,    0,    0,    0,    0,    0,    0,    0,    0,    0,    0,    0,    0,    0,    0,    0,    0,    0,    0,    0,    0,    0,    0,    0,    0,    0,    0,    0,    0,    0,    0,    5,    0,    0,    0,    0,    0,    0,    0,    0,    0,    0,    0,    0,    0,    0,    0,    0,    0,    0,    0,    0,    0,    0,    0,    0,    0,    0,    0,    0,    0,    0,    0,    0,    0,    0,    0,    0,    0,    0,    0,    0,    0,    0,    0,    0,    0,    0,    5,
       0,    0,    0,    0,    0,    0,    0,    0,    0,    0,    0,    0,    0,    0,    0,    0,    0,    0,   -5,    0,    0,    0,    0,    0,    0,    0,    0,    0,    0,    0,    0,  -11,    0,   -3,    0,    0,    0,    0,    0,    0,   11,    0,    0,    0,    0,    0,   -5,    0,   -5,    0,    0,    0,    0,    0,    0,    0,    0,    0,   -3,   -3,    0,    0,    0,    0,    0,    0,    0,   -3,   -3,    0,    0,    0,    0,    0,   11,    8,    0,    0,    0,    0,    0,    0,    0,    0,    0,    0,   -5,    0,
       0,    0,    0,    0,    0,    0,    0,    0,    0,    0,    0,    0,    0,    0,    0,    0,    0,    0,    0,    0,    0,    0,    0,    0,    0,    0,    0,    0,    0,    0,    0,    0,    0,    0,    0,    0,    0,    4,    0,    0,   25,    0,    0,    0,    0,    0,   -5,    0,   -5,    0,    0,    0,    0,    0,    0,    0,    0,    0,    0,    0,    0,    0,    0,    0,    0,    0,    0,    0,    0,    0,    0,    0,    4,    0,   25,    0,    0,    0,    0,    0,    0,    4,    0,    0,    0,    0,   -5,    0,
       0,    0,    0,    0,    0,    0,    0,    0,    0,    0,    0,    0,    0,    0,    0,    0,    0,    0,    0,    0,    0,    0,    0,    0,    0,    0,    0,    0,    0,    0,    0,    0,    0,    0,   13,    0,    0,   -5,   13,    0,    0,    0,    0,    0,    0,    0,    0,    0,    0,    0,    0,    0,    0,    0,    0,    0,    0,    0,    0,    0,    0,    0,    0,    0,    0,    0,   13,    0,    0,    0,    0,    0,   -5,   13,    0,   13,    0,    0,    0,    0,    0,   -5,    0,    0,    0,    0,    0,    0,
       0,    0,    0,    0,    0,    0,    0,    0,    0,    0,    0,    0,    0,    0,    0,    0,    0,    0,   -8,    0,    0,    0,    0,    0,    0,    0,    0,    0,    0,    0,    0,    0,    0,    0,    0,    0,    5,    0,    0,    8,    8,    8,   11,    0,   11,    5,    6,    5,    6,    0,    0,    0,    0,    0,    0,    0,    0,    0,    0,    0,    0,    8,    0,    0,    0,    0,    0,    0,    0,    0,    0,    0,    0,    0,    0,    0,    8,    0,    0,    0,    0,    0,    0,    0,    0,    0,   -8,   -5,
       0,    0,    0,    0,    0,    0,    0,    0,    0,    0,    0,    0,    0,    0,    0,    0,    0,    0,    0,    0,    0,    0,    0,    0,    0,    0,    0,    0,    0,    0,    0,   -8,    0,    0,    0,    0,    0,    0,    0,    0,   16,    0,    0,    0,    0,    0,   -3,    0,   -3,    0,    0,    0,    0,    0,    0,    0,    0,    0,    0,    0,    0,    0,    0,    0,    0,    0,    0,    0,    0,    0,    0,    0,    0,    0,    0,    0,    0,    0,    0,    0,    0,    0,    0,    0,    0,    0,    4,    5,
       0,    0,    0,    0,    0,    0,    0,    0,    0,    0,    0,    0,    0,    0,    0,    0,    0,    0,    0,    0,    0,    0,    0,    0,    0,    0,    0,    0,    0,    0,    0,    0,    0,    0,    0,    0,    0,    0,    0,    0,    0,    0,    0,    0,    0,    0,    0,    0,    0,    0,    0,    0,    0,    0,    0,    0,    0,    0,    0,    0,    0,    0,    0,    0,    0,    0,    0,    0,    0,    0,    0,    0,    0,    0,    0,    0,    0,    0,    0,    0,    0,    0,    0,    0,    0,    0,    5,    0,
       0,    0,    0,    0,    0,    0,    0,    0,    0,    0,    0,    0,    0,    0,    0,    0,    0,    0,   -4,    0,    0,    0,    0,    0,    0,    0,    0,    0,    0,    0,    0,  -11,    0,    0,    0,    0,    0,    3,    0,    0,   21,    0,    0,    0,    0,    0,   -9,    5,   -9,    0,    0,    0,    0,    0,    0,    0,    0,    0,    0,    0,    0,    0,    0,    0,    0,    0,    0,    0,    0,    0,    0,    0,    3,    0,   21,    0,    0,    0,    0,    0,    0,    3,    0,    0,    0,    0,   -5,   -4,
       8,    0,    5,    0,    0,    0,    0,    0,    0,    0,    0,    0,    0,    0,    0,    0,    0,    0,    0,    0,    0,    0,    0,    0,    0,    0,    0,    0,    0,    0,    0,   -8,    0,   -5,    0,   -7,    0,   13,    0,    0,    5,    0,    4,    0,    7,    0,    3,    0,    3,    0,    0,    0,    0,    0,    0,    0,    0,    0,   -5,   -5,   -7,    0,    0,    0,   -7,   -7,    0,   -5,   -5,   -7,   -7,   -7,   13,    0,    5,    0,    0,    0,    0,    0,    0,   11,    0,    0,    0,    0,   10,   11,
       0,    0,    0,    0,    0,    0,    0,    0,    0,    0,    0,    0,    0,    0,    0,    0,    0,    0,    0,    0,    0,    0,    0,    0,    0,    0,    0,    0,    0,    0,    0,    0,    0,    0,    0,   -4,    0,    0,    0,    0,    0,    0,    0,    0,    0,    0,    0,    0,    0,    0,    0,    0,    0,    0,    0,    0,    0,    0,    0,    0,   -4,    0,    0,    0,   -4,   -4,    0,    0,    0,   -4,   -4,   -4,    0,    0,    0,    0,    0,    0,    0,    0,    0,    0,    0,    0,    0,    0,    0,    0,
       0,    0,    0,    0,    0,    0,    0,    0,    0,    0,    0,    0,    0,    0,    0,    0,    0,    0,    0,    0,    0,    0,    0,    0,    0,    0,    0,    0,    0,    0,    0,  -13,    0,    0,    0,    5,    0,    0,    0,    0,    0,    0,    0,    0,    0,    0,    0,    0,    0,    0,    0,    0,    0,    0,    0,    0,    0,    0,    0,    0,    5,    0,    0,    0,    5,    5,    0,    0,    0,    5,    5,    5,    0,    0,    0,    0,    0,    0,    0,    0,    0,    0,    0,    0,    0,    0,    0,    0,
       0,    0,    0,    0,  -21,    0,  -21,    0,    0,    0,    0,  -13,    0,    0,    0,    0,    0,    0,    0,  -21,    0,    0,    0,    0,    0,   11,    0,    5,    0,    5,    0,    0,    0,    0,    5,   -8,    0,  -13,    5,    0,    3,    0,    0,   -8,    0,    0,   11,   11,   11,    0,    0,    0,    0,    0,  -29,  -32,    0,    0,    0,    0,   -8,    0,    8,    8,   -8,   -8,    5,    0,    0,   -8,   -8,   -8,  -13,    5,    8,    5,    0,   -8,   -8,    0,    0,  -13,    0,    0,    0,    0,    0,    0,
       0,    0,    0,    0,  -21,    0,  -21,    0,    0,    0,    0,  -21,   -8,  -13,    0,    0,    0,    0,    0,  -32,    0,  -11,    0,    0,   -5,    0,    0,    5,    0,    5,    0,    0,    0,  -11,    5,  -19,    0,  -23,    5,    0,    0,    0,    0,  -19,    3,    0,    0,    0,    0,   -5,    0,    0,    0,    0,    0,  -44,  -11,    0,  -11,  -11,  -19,    0,    8,    8,  -19,  -19,    5,  -11,  -11,  -19,  -19,  -19,  -23,   13,    8,    5,    0,  -19,  -19,   -5,    0,  -23,    0,    0,    0,    0,    0,    0,
       0,    0,    0,    0,    0,    0,    0,    0,   -5,    0,    0,   -5,    0,   -5,  -13,    0,    0,    0,    0,    8,    0,  -11,    8,    0,    0,  -21,  -11,  -35,    0,  -24,    0,    0,    0,    0,    0,   -4,    0,    0,    0,    0,    0,   -3,   -4,    0,   -8,  -10,  -24,    0,  -32,    0,    0,    0,    0,    0,    0,    0,  -11,    0,    0,    0,   -4,    0,    0,    0,   -4,   -4,    0,    0,    0,   -4,   -4,   -4,    0,    0,   -5,    0,   -3,    0,    0,    0,    0,    0,    0,    0,    0,    0,  -21,  -11,
};

static const EpdLigaturePair bookerly_8_boldLigaturePairs[] = {
    { 0x00660066, 0xFB00 }, // f f -> U+FB00
    { 0x00660069, 0xFB01 }, // f i -> U+FB01
    { 0x0066006C, 0xFB02 }, // f l -> U+FB02
    { 0xFB000069, 0xFB03 }, // U+FB00 i -> U+FB03
    { 0xFB00006C, 0xFB04 }, // U+FB00 l -> U+FB04
};

static const EpdFontData bookerly_8_bold = {
    bookerly_8_boldBitmaps,
    bookerly_8_boldGlyphs,
    bookerly_8_boldIntervals,
    63,
    22,
    18,
    -5,
    true,
    bookerly_8_boldGroups,
    12,
    nullptr,
    bookerly_8_boldKernLeftClasses,
    bookerly_8_boldKernRightClasses,
    bookerly_8_boldKernMatrix,
    391,
    397,
    90,
    88,
    bookerly_8_boldLigaturePairs,
    5,
};
