/**
 * generated by fontconvert.py
 * name: bookerly_8_regular
 * size: 8
 * mode: 2-bit  compressed: true
 * Command used: fontconvert.py bookerly_8_regular 8 ../builtinFonts/source/Bookerly/Bookerly-Regular.ttf --2bit --compress --pnum --exclude-intervals 0x0400,0x04FF --exclude-intervals 0x1EA0,0x1EF9 --exclude-intervals 0x01A0,0x01A1 --exclude-intervals 0x01AF,0x01B0
 */
#pragma once
#include "EpdFontData.h"

static const uint8_t bookerly_8_regularBitmaps[10031] = {
    0x95, 0x56, 0x4F, 0x68, 0x1C, 0xD7, 0x19, 0xFF, 0xCD, 0x4C, 0xE3, 0xC1, 0x7A, 0xDA, 0x79, 0x81,
    0x3A, 0x69, 0xA9, 0xB4, 0x1A, 0x1F, 0x7C, 0x30, 0xED, 0xEE, 0xCE, 0x52, 0xF6, 0x30, 0x6D, 0x57,
    0x3B, 0x2F, 0xE9, 0x21, 0x07, 0x07, 0xEA, 0x8B, 0xC9, 0xA1, 0x90, 0xE4, 0x18, 0x28, 0xB6, 0xB7,
    0x20, 0x88, 0x70, 0x25, 0xCF, 0xA4, 0xEE, 0x2D, 0x14, 0xEB, 0xDE, 0x8B, 0xA1, 0xBE, 0x54, 0x2A,
    0xAC, 0xA0, 0x2A, 0xE4, 0x60, 0x79, 0x9E, 0xE3, 0x83, 0x0F, 0xA6, 0xE4, 0x99, 0x50, 0x72, 0xE8,
    0xA1, 0x53, 0x63, 0x28, 0x48, 0x81, 0x0C, 0x64, 0x53, 0xD6, 0xB1, 0xB4, 0xD3, 0xDF, 0x1B, 0x49,
    0x8E, 0xE4, 0xE6, 0xD2, 0x79, 0xDF, 0x37, 0xF3, 0xF6, 0xED, 0x7B, 0xDF, 0xFB, 0xFE, 0xBD, 0xDF,
    0xF7, 0x96, 0xB6, 0x36, 0xF9, 0x0C, 0x87, 0x5D, 0x60, 0x79, 0xA9, 0x67, 0xD8, 0x74, 0x4F, 0x77,
    0x35, 0x80, 0x7B, 0x19, 0x3E, 0x56, 0xAF, 0x7E, 0xB6, 0x96, 0x54, 0xA5, 0xF7, 0x06, 0xBC, 0x19,
    0xCC, 0xBD, 0xAD, 0xF2, 0xCA, 0x9C, 0x9E, 0xC5, 0xEC, 0xF7, 0x31, 0x7B, 0x1E, 0x58, 0x03, 0x0C,
    0xFC, 0x09, 0xC2, 0x2F, 0xD0, 0x7F, 0x80, 0xF8, 0x1E, 0xDA, 0x1A, 0xD2, 0xC0, 0xD9, 0x03, 0x3E,
    0x41, 0xF7, 0x01, 0x96, 0x1E, 0x22, 0xD9, 0x47, 0x38, 0x86, 0xA3, 0xE1, 0x64, 0x96, 0xC2, 0x6C,
    0x16, 0xD7, 0xCC, 0x3C, 0x6E, 0x15, 0x3D, 0x98, 0xCD, 0x5B, 0xE4, 0x87, 0xBA, 0x78, 0x7C, 0xA5,
    0xBC, 0xF6, 0xA0, 0xD7, 0x8B, 0xDE, 0x1C, 0xF6, 0x70, 0x9E, 0xDC, 0xED, 0x76, 0x61, 0x06, 0xA5,
    0xA3, 0x65, 0xE6, 0x2A, 0xEA, 0x71, 0x17, 0x70, 0x77, 0x33, 0x78, 0x37, 0x14, 0xA8, 0x07, 0xBC,
    0xDF, 0xAD, 0x43, 0xE8, 0x0A, 0xAD, 0xCD, 0x1E, 0xE2, 0x3E, 0x59, 0x6E, 0xA1, 0xEF, 0x96, 0x08,
    0x37, 0xAA, 0xCC, 0x9D, 0x5E, 0xD0, 0x3D, 0x3E, 0x34, 0x66, 0xCD, 0xD5, 0x3E, 0x02, 0xCC, 0x23,
    0x66, 0xEB, 0xB1, 0xC5, 0xE8, 0xA3, 0xC5, 0x11, 0xA1, 0x3C, 0x8D, 0xB5, 0x21, 0x7F, 0x49, 0xF8,
    0xEC, 0xBB, 0xDA, 0x31, 0xB4, 0xC3, 0x38, 0xEC, 0x79, 0x99, 0x5D, 0xD3, 0x42, 0x17, 0xDF, 0x55,
    0xEF, 0x23, 0x2C, 0xDF, 0xE7, 0xD7, 0xD1, 0xB6, 0x25, 0xD5, 0xAB, 0x7F, 0xB7, 0x5F, 0x28, 0x2C,
    0x04, 0xF3, 0xF1, 0xBB, 0x49, 0xF1, 0x8A, 0xC2, 0x78, 0x0B, 0x8D, 0x7A, 0x87, 0x2E, 0x36, 0x61,
    0xB8, 0x5C, 0x1D, 0x6C, 0x79, 0x9E, 0xDB, 0xB9, 0x53, 0xC8, 0x51, 0xD6, 0xF4, 0x4C, 0xDF, 0x29,
    0x62, 0x94, 0x47, 0x54, 0xF4, 0x1D, 0xD3, 0xF6, 0xB4, 0x1C, 0x29, 0x77, 0x1F, 0xA7, 0x74, 0xAA,
    0xBF, 0xA7, 0xBD, 0x13, 0x4D, 0x3C, 0x49, 0xF6, 0xE8, 0xD3, 0x28, 0xA7, 0x61, 0xE8, 0x09, 0x50,
    0x4B, 0x34, 0xC1, 0x3D, 0x50, 0xC2, 0xCB, 0xB0, 0x00, 0x0C, 0xD6, 0xB3, 0xA4, 0xCA, 0xC4, 0x78,
    0x70, 0x67, 0xD8, 0xE4, 0x66, 0xCB, 0x62, 0xFC, 0xD2, 0x2A, 0x67, 0x05, 0x58, 0xFC, 0xD1, 0x24,
    0x59, 0x43, 0x08, 0x24, 0xC0, 0x17, 0x70, 0x3F, 0x81, 0xFF, 0x0B, 0x04, 0x12, 0x2D, 0x89, 0xC1,
    0xE8, 0x16, 0xA3, 0x68, 0x45, 0xD5, 0x24, 0x2B, 0xB9, 0x6E, 0x15, 0x0F, 0xCD, 0x0F, 0xF6, 0xD0,
    0xE1, 0xCA, 0x05, 0xAC, 0xFE, 0x6A, 0x9C, 0x64, 0x88, 0x32, 0xE7, 0xA9, 0xF2, 0xB5, 0x9D, 0xD5,
    0xB9, 0x8D, 0xA4, 0x42, 0x5F, 0x64, 0x7D, 0x4F, 0x93, 0xDA, 0x5E, 0x26, 0x47, 0xF0, 0x26, 0x1C,
    0xCC, 0x06, 0x1B, 0x19, 0x15, 0x3B, 0x4B, 0xAD, 0xFA, 0xC0, 0x92, 0x55, 0x8C, 0x1E, 0xA4, 0x53,
    0xA9, 0x9E, 0xCF, 0x18, 0x01, 0xD4, 0x6D, 0x7B, 0x29, 0x58, 0x6A, 0x2C, 0xF6, 0x65, 0xB9, 0x30,
    0x59, 0xEA, 0x94, 0xB2, 0x94, 0xD7, 0xB7, 0xC3, 0xC2, 0xE6, 0x4A, 0x4E, 0x99, 0x2A, 0xF6, 0xAC,
    0xD8, 0x01, 0x65, 0x56, 0x99, 0x33, 0x52, 0x76, 0xBF, 0x15, 0xCC, 0x8D, 0x11, 0x31, 0xDE, 0x74,
    0x2A, 0xEA, 0x77, 0xA7, 0x69, 0x3B, 0xB5, 0xB7, 0x71, 0x1A, 0xAB, 0xBE, 0x59, 0xC4, 0x00, 0xBE,
    0xC1, 0x36, 0x4E, 0x27, 0xD5, 0x2B, 0x97, 0x68, 0x26, 0xDF, 0x3D, 0xAE, 0x71, 0x0B, 0x1A, 0xD1,
    0x71, 0x8B, 0x48, 0x9D, 0xC3, 0x75, 0xE4, 0x9A, 0xC1, 0x18, 0xCE, 0x95, 0x49, 0x16, 0xE3, 0x8C,
    0x95, 0x80, 0x36, 0x1B, 0xE6, 0xA6, 0xC0, 0xD3, 0xB7, 0x0C, 0xD5, 0xDC, 0xE2, 0x6E, 0xAD, 0x79,
    0xBF, 0x9C, 0xEF, 0x37, 0x97, 0x1B, 0xF1, 0x99, 0xB8, 0xD1, 0xF3, 0x27, 0xF3, 0xBD, 0xF6, 0x72,
    0x2B, 0x6E, 0xAF, 0x6E, 0xF5, 0xE5, 0x4D, 0x63, 0xF7, 0x15, 0xD4, 0xC4, 0xFD, 0xEA, 0x2D, 0x8D,
    0xE8, 0x69, 0xED, 0x7F, 0xEB, 0x53, 0xFC, 0x86, 0xFC, 0xC7, 0x0C, 0xB8, 0xAF, 0xE1, 0xDE, 0xA3,
    0xC9, 0x3B, 0x05, 0x7C, 0xBA, 0x35, 0xA0, 0x13, 0x9A, 0xF4, 0xC5, 0x22, 0x56, 0x51, 0xBD, 0x56,
    0xA9, 0x68, 0x8A, 0x68, 0xA4, 0x05, 0x63, 0xE9, 0xD6, 0xEF, 0x4A, 0x89, 0x0D, 0x23, 0x50, 0x1E,
    0x50, 0xB8, 0x61, 0xD2, 0xA9, 0x42, 0x6E, 0xFC, 0x9D, 0x42, 0xA2, 0x68, 0x63, 0xAD, 0x5F, 0x87,
    0x37, 0xAE, 0xDD, 0x49, 0x8A, 0xB8, 0xFB, 0xB3, 0xD2, 0xA9, 0xB2, 0x88, 0xA2, 0x36, 0xB8, 0xE4,
    0x8E, 0x40, 0x47, 0x40, 0x1E, 0x51, 0x20, 0xD0, 0x16, 0x58, 0x91, 0x7F, 0x28, 0x93, 0xCA, 0x9E,
    0x8F, 0xA4, 0x2A, 0xC2, 0xF5, 0x42, 0xE0, 0x16, 0x93, 0xC5, 0x12, 0x73, 0x63, 0x5D, 0xD5, 0xFD,
    0xB3, 0x02, 0x43, 0xB9, 0xCE, 0x69, 0x45, 0x52, 0xE9, 0x70, 0x5D, 0x0B, 0xE8, 0xC3, 0x39, 0x3C,
    0x42, 0x95, 0x3A, 0xEC, 0x33, 0x23, 0xD6, 0x90, 0x96, 0x40, 0x3A, 0xF6, 0xBE, 0xFE, 0x48, 0x22,
    0x6E, 0xE3, 0xDC, 0xA1, 0x4A, 0xDE, 0xB4, 0xEF, 0xAC, 0xF4, 0xD1, 0x8F, 0x18, 0xB4, 0x9D, 0x3B,
    0x4E, 0xFE, 0x24, 0x29, 0x52, 0x13, 0xAA, 0x90, 0x4B, 0x25, 0x9E, 0x73, 0x55, 0x51, 0xE0, 0x08,
    0xC7, 0xC7, 0x64, 0x16, 0xAA, 0x94, 0x73, 0x93, 0xC2, 0xCE, 0x3D, 0xD9, 0x64, 0x96, 0x16, 0xE1,
    0xC4, 0xE7, 0x79, 0x79, 0xB1, 0xD5, 0xF9, 0x9F, 0xA5, 0x58, 0x46, 0xF2, 0xB8, 0x42, 0xA8, 0x3E,
    0x82, 0x70, 0x0A, 0x08, 0xC6, 0x42, 0xB4, 0xA8, 0x28, 0x55, 0x14, 0x13, 0xF2, 0x80, 0x2C, 0x33,
    0x08, 0xAF, 0xA0, 0xAC, 0x7D, 0xA4, 0x45, 0x84, 0xA4, 0xE0, 0x74, 0x3C, 0x37, 0xE8, 0x18, 0x75,
    0x0F, 0x7C, 0x90, 0xD2, 0x07, 0x5A, 0x94, 0xC2, 0x48, 0x2D, 0x8A, 0x50, 0xCF, 0x6C, 0xFE, 0x50,
    0xCF, 0x2C, 0xFD, 0x58, 0x37, 0xE2, 0x5F, 0xEB, 0x46, 0xEB, 0x91, 0x6E, 0x34, 0xEE, 0x99, 0x86,
    0xCC, 0xCC, 0xAC, 0xAF, 0x4C, 0xC7, 0x75, 0xC6, 0xF4, 0xE1, 0x5E, 0xA2, 0x12, 0x13, 0x6A, 0xEA,
    0x4F, 0xDF, 0xCE, 0x6C, 0x91, 0xFB, 0xE4, 0x90, 0x2C, 0x3E, 0xC4, 0x8C, 0xF7, 0x10, 0x33, 0x78,
    0x46, 0x4E, 0x21, 0x55, 0x84, 0xD4, 0x04, 0x60, 0x48, 0xE1, 0xEF, 0xEC, 0xD1, 0xFA, 0x01, 0x13,
    0x4E, 0x32, 0x94, 0x42, 0x1D, 0x63, 0xA6, 0x87, 0xE4, 0xE1, 0x5C, 0x84, 0xD8, 0x99, 0xC0, 0xC9,
    0x79, 0xD8, 0x0E, 0xD2, 0xC4, 0xA5, 0xF8, 0x42, 0x38, 0x46, 0xF8, 0x75, 0xA6, 0xDC, 0x3E, 0x19,
    0x93, 0xFF, 0x47, 0x66, 0xC5, 0xD4, 0x94, 0x36, 0x6F, 0xA7, 0xEC, 0x44, 0xFA, 0x48, 0xBE, 0xA1,
    0x13, 0xED, 0x7B, 0x44, 0x9B, 0x20, 0x9A, 0xF4, 0x9D, 0x12, 0x9E, 0x91, 0x6A, 0x92, 0x16, 0x8B,
    0x35, 0x4A, 0xA1, 0xE5, 0xA3, 0xEF, 0xD5, 0x0E, 0x1C, 0x5B, 0xB8, 0x7D, 0x59, 0xAA, 0xAE, 0xAF,
    0x62, 0xA1, 0x06, 0x77, 0x2D, 0x7A, 0xA7, 0xD5, 0xDE, 0xB5, 0xBB, 0x77, 0x86, 0xF1, 0xFC, 0xD9,
    0xF8, 0xCC, 0x61, 0xA2, 0x1E, 0xA7, 0x6D, 0x78, 0x95, 0xCA, 0x75, 0xAE, 0xA3, 0x1A, 0x4A, 0x9A,
    0xDF, 0xCA, 0x92, 0x68, 0x23, 0xA9, 0xB1, 0xBF, 0xC3, 0x6A, 0x90, 0xAF, 0xA1, 0x7A, 0xC4, 0xDC,
    0x86, 0x85, 0xAD, 0x98, 0x56, 0x0C, 0xE1, 0x67, 0x44, 0x37, 0x6D, 0x78, 0xAC, 0x58, 0x79, 0x3E,
    0xA5, 0xFA, 0x5F, 0xAA, 0x83, 0xE3, 0xC6, 0x58, 0x13, 0x8F, 0x91, 0x17, 0x3D, 0x39, 0x8E, 0xD4,
    0xB2, 0x6F, 0x24, 0xF6, 0x98, 0x24, 0xEA, 0x73, 0x62, 0xED, 0x07, 0x7F, 0xF3, 0xE1, 0x7D, 0x7C,
    0x53, 0xC0, 0xBD, 0x7F, 0x21, 0x80, 0xF3, 0xA9, 0xF7, 0x26, 0xF0, 0x6F, 0xEF, 0xCF, 0x34, 0xC1,
    0x65, 0x9A, 0xAC, 0x38, 0xA5, 0x3D, 0x4E, 0x25, 0xD2, 0x7F, 0x1D, 0xE4, 0x92, 0xAF, 0x0B, 0xB8,
    0x8F, 0x29, 0xFF, 0x19, 0x65, 0x2E, 0x92, 0x53, 0xF2, 0x3F, 0x6C, 0x61, 0x31, 0xD4, 0xA1, 0xA4,
    0xF6, 0xDB, 0xA8, 0x6E, 0x54, 0xA8, 0xEE, 0xEF, 0x47, 0x16, 0x24, 0x0A, 0xEF, 0xB7, 0xDA, 0xBD,
    0xAF, 0xEC, 0xF4, 0x95, 0xA3, 0xB3, 0x49, 0x5A, 0xA5, 0xBD, 0x04, 0x60, 0x3D, 0xD8, 0xD0, 0x3D,
    0xA1, 0xCE, 0x2E, 0xD4, 0x83, 0x5B, 0x60, 0xA2, 0x7A, 0x16, 0x38, 0x2F, 0xB6, 0x61, 0xAE, 0xAF,
    0x1B, 0x4E, 0xA0, 0xF4, 0xFD, 0xE2, 0xC4, 0xB3, 0xCF, 0x02, 0x47, 0x47, 0x04, 0xA0, 0xDE, 0xCA,
    0xD5, 0xAC, 0x3A, 0x44, 0x2A, 0x7A, 0x80, 0x43, 0x89, 0xF0, 0x8F, 0x3D, 0x22, 0xE1, 0xBF, 0x4C,
    0x6F, 0x7F, 0x88, 0xA0, 0x87, 0xD9, 0x16, 0xF1, 0x0A, 0xBD, 0x00, 0x43, 0x81, 0xAA, 0xCA, 0x2E,
    0x5D, 0xC2, 0xB9, 0xBA, 0x7A, 0xB9, 0xB6, 0xF8, 0x46, 0xDB, 0x38, 0x4F, 0x7C, 0x0A, 0x70, 0x6A,
    0x8A, 0xC5, 0xB7, 0x11, 0x07, 0x18, 0xE4, 0x59, 0xF8, 0x59, 0x46, 0x14, 0x61, 0x25, 0xF0, 0x0F,
    0xE8, 0x6A, 0xE6, 0x3F, 0x2B, 0x7D, 0x55, 0xFA, 0x58, 0x3A, 0xA2, 0x52, 0xEC, 0x9A, 0x53, 0x53,
    0x45, 0x4F, 0x49, 0x42, 0xB2, 0x8D, 0x83, 0x85, 0xF2, 0xE5, 0x03, 0x04, 0xDA, 0x80, 0xBF, 0xCF,
    0x2C, 0xCC, 0x30, 0x97, 0x59, 0x54, 0xF7, 0x32, 0xB7, 0x22, 0xFC, 0x13, 0xB3, 0x33, 0x22, 0xF7,
    0x52, 0xFD, 0x66, 0x3F, 0x1A, 0x19, 0xF1, 0x9F, 0xB1, 0x05, 0xF5, 0xBB, 0xC4, 0x07, 0xFC, 0xE4,
    0x97, 0x4C, 0x15, 0x2B, 0xE4, 0xB9, 0x04, 0x67, 0x0A, 0xEF, 0x9F, 0x3C, 0xC3, 0x16, 0xDF, 0xD3,
    0x09, 0xDE, 0xB9, 0x48, 0x35, 0x4F, 0x10, 0x53, 0x2E, 0xA5, 0x95, 0xCF, 0x8A, 0x85, 0xAB, 0x8A,
    0x49, 0x48, 0x0A, 0xAF, 0x42, 0x4E, 0x6C, 0xC4, 0x3B, 0x7F, 0x42, 0x58, 0xE9, 0x9E, 0x63, 0x36,
    0x5D, 0x7D, 0x7D, 0xA4, 0xC2, 0x09, 0xAE, 0xC0, 0xD2, 0xE1, 0xDA, 0x54, 0xC9, 0x5D, 0x2D, 0x1D,
    0x13, 0x1C, 0xA3, 0xF0, 0xF5, 0x27, 0xF9, 0x83, 0xBD, 0xEF, 0xD0, 0xEE, 0xA0, 0xC6, 0xFD, 0x2B,
    0xAC, 0x6B, 0xC1, 0xF3, 0x16, 0xAA, 0xDC, 0x38, 0xB4, 0xC9, 0xB7, 0x98, 0xC9, 0x5F, 0x73, 0xCA,
    0x3B, 0xD1, 0x7C, 0x02, 0x55, 0x87, 0x81, 0x3C, 0xB1, 0x4D, 0x58, 0xB0, 0x80, 0x06, 0x31, 0x24,
    0xA1, 0x86, 0x40, 0xBF, 0x82, 0x20, 0x42, 0x28, 0x74, 0xFE, 0x41, 0x79, 0x85, 0xB3, 0x82, 0xFF,
    0x69, 0xDC, 0x44, 0x5F, 0x4E, 0xDF, 0xE0, 0x6D, 0x64, 0x77, 0xCA, 0x53, 0xEB, 0x14, 0x7D, 0x50,
    0xB1, 0xD6, 0x8B, 0xAF, 0xF0, 0xF5, 0xA2, 0x83, 0xF4, 0xC1, 0x24, 0xCF, 0x2E, 0xA7, 0x2A, 0xDC,
    0x35, 0x9C, 0x18, 0xE0, 0x1B, 0x0A, 0x5F, 0x1B, 0xA7, 0xF7, 0xF7, 0x78, 0x41, 0xA8, 0x7D, 0xAE,
    0x63, 0xD7, 0x2C, 0x3B, 0x26, 0x76, 0x0C, 0xFB, 0xD1, 0x48, 0xD1, 0xE1, 0x2B, 0x39, 0xAE, 0xEE,
    0xEA, 0xC0, 0x35, 0x0D, 0x14, 0x87, 0xE4, 0xF2, 0x4E, 0x91, 0xC9, 0x7D, 0x5E, 0x48, 0x2C, 0x75,
    0x94, 0xAD, 0x83, 0xEE, 0x54, 0xBD, 0x18, 0x35, 0x9F, 0x51, 0xCB, 0xC4, 0x97, 0x87, 0x61, 0xB5,
    0xE5, 0x34, 0x29, 0x2F, 0xB7, 0x17, 0xF6, 0x65, 0x26, 0x8F, 0x4C, 0xB8, 0x98, 0x97, 0x51, 0xF1,
    0xD7, 0x72, 0xB3, 0xBB, 0x8A, 0x39, 0xA3, 0x36, 0xCD, 0xF0, 0xAB, 0x32, 0xCF, 0x1A, 0x3C, 0xC4,
    0xF9, 0xF8, 0xCA, 0xC5, 0x26, 0x8E, 0x9A, 0xBC, 0x2D, 0xCA, 0x55, 0xA1, 0x2F, 0xFB, 0xBA, 0xE9,
    0x7E, 0x43, 0x0B, 0xF6, 0x6E, 0xF3, 0xC4, 0x1F, 0x4F, 0xF2, 0x0F, 0xCB, 0x45, 0xD7, 0x34, 0xF9,
    0xD3, 0x53, 0xE2, 0x02, 0xBC, 0xDF, 0xC3, 0xFD, 0x1C, 0x98, 0xD8, 0xDB, 0x42, 0x7E, 0xE3, 0xE7,
    0x7B, 0x8B, 0x5E, 0x56, 0x36, 0x85, 0x2E, 0x82, 0xE0, 0x91, 0x16, 0xF3, 0x8F, 0xB5, 0xFF, 0xDE,
    0x5F, 0x94, 0xB7, 0xF5, 0x33, 0xB8, 0x25, 0x4F, 0x3C, 0x8B, 0x62, 0x7A, 0xB3, 0xEC, 0x10, 0x10,
    0x2F, 0xD4, 0xAB, 0x4A, 0xB8, 0x44, 0x2E, 0xC9, 0x2A, 0x68, 0xF2, 0x77, 0xCA, 0x6F, 0x95, 0xEC,
    0xD4, 0x92, 0xC1, 0x13, 0xAE, 0x71, 0x55, 0xF1, 0x24, 0x23, 0x99, 0xE2, 0xA7, 0x77, 0xD1, 0x3D,
    0xB8, 0x38, 0x69, 0x9B, 0x85, 0x4D, 0x0F, 0xD7, 0x47, 0x48, 0xA7, 0x36, 0xFE, 0x22, 0x6B, 0x33,
    0x4F, 0xED, 0x8D, 0x70, 0xDE, 0xDE, 0xA1, 0xD8, 0xEC, 0xB7, 0x55, 0x8F, 0xB5, 0x95, 0xD0, 0xC3,
    0x93, 0x0F, 0x5D, 0x81, 0x3A, 0x49, 0xEA, 0x0A, 0x56, 0xD7, 0x29, 0x7E, 0xFD, 0x7A, 0x6C, 0x8E,
    0x60, 0xF2, 0x92, 0x83, 0x64, 0x17, 0xEF, 0x6E, 0xE3, 0xBF, 0x9D, 0x57, 0xCF, 0x8F, 0x1C, 0x47,
    0x15, 0xFE, 0xBA, 0x4B, 0x6C, 0xC7, 0xDB, 0xE3, 0xEE, 0x93, 0x63, 0x94, 0x78, 0xA6, 0xF7, 0xE0,
    0x83, 0x41, 0xB3, 0xDB, 0x0B, 0x19, 0xA1, 0x81, 0xF4, 0x6E, 0x97, 0xE3, 0x0B, 0xC8, 0x42, 0x09,
    0x92, 0x39, 0x45, 0x8A, 0xD6, 0xE2, 0x00, 0x07, 0x42, 0xE6, 0x30, 0x87, 0x81, 0xD8, 0x3B, 0xE5,
    0xF8, 0x68, 0x10, 0xFD, 0x0F, 0x20, 0x59, 0xC1, 0x27, 0xFB, 0xB0, 0x8B, 0xB4, 0x11, 0x96, 0xD6,
    0xDE, 0xAE, 0x64, 0x85, 0x72, 0x88, 0x22, 0x75, 0x40, 0x88, 0x03, 0x46, 0xEA, 0x44, 0x86, 0x48,
    0x6B, 0x27, 0xE9, 0xA0, 0x39, 0x8C, 0xF0, 0x7A, 0x9B, 0xAF, 0x7A, 0xC6, 0x6B, 0x42, 0xE2, 0x1D,
    0x7B, 0xAA, 0xDF, 0xAB, 0xA9, 0xEE, 0x7A, 0xEF, 0xD5, 0xFB, 0x55, 0xAF, 0x6A, 0xA2, 0x08, 0x38,
    0x56, 0xB5, 0xF9, 0x66, 0x84, 0x0E, 0xB0, 0x62, 0xC0, 0xDE, 0x83, 0xBF, 0x26, 0x9B, 0x3F, 0x41,
    0xEB, 0x25, 0x74, 0x13, 0xB4, 0x12, 0x44, 0x09, 0xC2, 0x3B, 0xD2, 0xD9, 0x03, 0x12, 0x20, 0x03,
    0x74, 0x05, 0x7D, 0x69, 0xDD, 0xD3, 0xE2, 0x82, 0x16, 0x52, 0x3A, 0x12, 0xF1, 0x1E, 0x9E, 0x3D,
    0x03, 0x1F, 0x38, 0x0C, 0xAC, 0x5E, 0x55, 0xFD, 0x52, 0xCD, 0x41, 0x7D, 0xF3, 0x3F, 0xDA, 0x5F,
    0xC3, 0x61, 0x07, 0x35, 0x21, 0xD9, 0x73, 0xCC, 0x2F, 0xFC, 0x9E, 0xBE, 0xB1, 0xBB, 0x8C, 0xC2,
    0x47, 0xE6, 0xBE, 0xA0, 0xC5, 0xB6, 0xF4, 0xFF, 0x9E, 0xE1, 0x06, 0xDC, 0x52, 0xA3, 0x0D, 0x9C,
    0x87, 0x28, 0x65, 0xA7, 0x6A, 0x00, 0x46, 0x03, 0x7B, 0xE8, 0x9D, 0x6B, 0xD6, 0x22, 0x3C, 0xAF,
    0xBE, 0x55, 0xB4, 0xA2, 0x86, 0xE7, 0xBC, 0x8B, 0x4D, 0x2C, 0xB4, 0xEA, 0xCB, 0xD7, 0x03, 0xAA,
    0x13, 0xF5, 0xDA, 0x5D, 0xA4, 0x09, 0x1C, 0xD9, 0xC3, 0x31, 0xCC, 0x62, 0x31, 0x3C, 0x85, 0xCE,
    0xBF, 0x2E, 0xA8, 0xB3, 0xDA, 0xAA, 0xB0, 0xF3, 0xCF, 0x93, 0x6A, 0xB1, 0x7F, 0xAA, 0x9A, 0x73,
    0x49, 0x63, 0x68, 0x43, 0xFC, 0x51, 0x1E, 0x55, 0xA9, 0xFA, 0x58, 0xAD, 0x52, 0x42, 0xAA, 0xC5,
    0x0B, 0xAA, 0xE1, 0xA3, 0x17, 0x19, 0xE0, 0x80, 0xAF, 0x71, 0x79, 0xE4, 0x65, 0x38, 0x70, 0xE2,
    0xFC, 0x88, 0x9C, 0x19, 0xA2, 0xEE, 0xC8, 0x6F, 0x17, 0xFA, 0xEC, 0x99, 0xE4, 0x47, 0x45, 0x72,
    0xB6, 0x9B, 0x3C, 0xF7, 0xBE, 0xE6, 0x17, 0x31, 0xC4, 0x91, 0x97, 0xE2, 0x81, 0x9F, 0xB5, 0x3A,
    0x8B, 0x8B, 0xAD, 0x4E, 0xA0, 0xAD, 0xEA, 0x89, 0xCB, 0xA7, 0xFF, 0x6A, 0x7E, 0x21, 0x01, 0x8A,
    0xF9, 0x71, 0xA8, 0xDE, 0xCA, 0x92, 0x4C, 0x28, 0x0F, 0x3D, 0xA4, 0x79, 0x28, 0xDF, 0xD4, 0x42,
    0x87, 0x92, 0x14, 0xD9, 0x51, 0xBD, 0x85, 0x5A, 0xB3, 0x9B, 0x74, 0x5D, 0xAC, 0xFB, 0x5F, 0x80,
    0xEB, 0x01, 0xB6, 0x36, 0x6F, 0x6F, 0x7E, 0x94, 0xAF, 0x03, 0xFB, 0xE0, 0x94, 0x2A, 0xFE, 0x04,
    0xFD, 0x5B, 0x48, 0x2B, 0xE0, 0x20, 0xBE, 0x05, 0xFF, 0x16, 0xF0, 0x7F, 0x30, 0x0A, 0xD0, 0x60,
    0xA3, 0xD7, 0x6C, 0x76, 0x9E, 0xC1, 0x2A, 0xED, 0x36, 0x8F, 0x8F, 0xBE, 0x36, 0xAA, 0x64, 0x79,
    0x7E, 0xF9, 0xAD, 0x2C, 0xA4, 0x72, 0x7D, 0xDD, 0x3A, 0x01, 0xCF, 0x87, 0x73, 0x51, 0x13, 0x38,
    0xE0, 0x2B, 0x60, 0x4B, 0x3C, 0x43, 0xCB, 0xC9, 0xC7, 0x58, 0xCE, 0xD2, 0x6D, 0xC6, 0xA7, 0xA6,
    0x5B, 0x39, 0x46, 0x19, 0x3A, 0x42, 0xFF, 0x1D, 0x79, 0x97, 0xCA, 0xD8, 0xBF, 0x66, 0xB4, 0xDD,
    0x3A, 0x73, 0xC8, 0x2D, 0x25, 0x29, 0x6A, 0x26, 0x7B, 0xD8, 0x41, 0x80, 0x02, 0x66, 0x8D, 0x80,
    0x9A, 0x61, 0x3B, 0x61, 0xBA, 0x8E, 0xE9, 0xB2, 0x9B, 0xF0, 0xAD, 0x8B, 0x97, 0xD0, 0xDF, 0xB6,
    0x5D, 0xF3, 0x4E, 0xF9, 0x35, 0x74, 0x81, 0x96, 0xCD, 0x20, 0x74, 0x18, 0x77, 0x93, 0x60, 0x23,
    0x0D, 0x42, 0x49, 0x0D, 0xDE, 0xD4, 0xA4, 0x10, 0x9A, 0x1A, 0x84, 0x92, 0x1A, 0x58, 0x7A, 0xE5,
    0x30, 0xAC, 0x4C, 0x2F, 0xE1, 0xE8, 0x3B, 0xF2, 0x13, 0x6C, 0x39, 0xF6, 0xFB, 0xD4, 0xC0, 0xF9,
    0x21, 0x35, 0xA0, 0x67, 0xA8, 0xC1, 0x61, 0xA3, 0x01, 0x49, 0x72, 0x2B, 0xAF, 0xE4, 0xAC, 0x60,
    0xDD, 0x2D, 0xE2, 0xA4, 0x85, 0x08, 0xFE, 0xD0, 0x1E, 0x18, 0xA7, 0x60, 0x40, 0xAC, 0x63, 0xD4,
    0xCC, 0x6F, 0x4C, 0x7C, 0x9D, 0xF8, 0x7B, 0x05, 0x6C, 0x6B, 0xD8, 0x6F, 0x67, 0x10, 0x3B, 0x39,
    0x5D, 0x5D, 0xC0, 0xA3, 0x6E, 0x75, 0xF2, 0x2E, 0x31, 0x29, 0xCB, 0x93, 0xD4, 0x8E, 0x7A, 0x21,
    0x20, 0xF6, 0xA6, 0xE4, 0x37, 0x6D, 0x89, 0xB8, 0x29, 0x61, 0xBD, 0xAD, 0xA7, 0x93, 0xF1, 0xB9,
    0x82, 0xFD, 0x99, 0x86, 0x75, 0x5A, 0x4E, 0xAD, 0x83, 0xF8, 0x0B, 0x69, 0xB6, 0xA7, 0x5C, 0x7F,
    0x95, 0x74, 0x1F, 0x8F, 0xF1, 0xFC, 0x94, 0x7E, 0x70, 0x4A, 0xD6, 0x12, 0x7B, 0x6F, 0x8D, 0xAA,
    0xF4, 0x66, 0x98, 0x08, 0xDC, 0xF6, 0xA8, 0x99, 0xEE, 0x78, 0x3C, 0x04, 0x7E, 0xB5, 0x75, 0x05,
    0x28, 0x39, 0xB0, 0x75, 0xDB, 0x86, 0x90, 0x6D, 0x01, 0x5F, 0xAE, 0xAE, 0x21, 0xFE, 0x73, 0x59,
    0x72, 0xAF, 0x66, 0xCE, 0x4E, 0xEE, 0x23, 0x9F, 0x47, 0xC2, 0xF2, 0xD5, 0xAE, 0x20, 0xAA, 0x20,
    0x04, 0xDC, 0x7B, 0x85, 0xC5, 0x4C, 0x18, 0xB9, 0xB9, 0x51, 0x15, 0xA3, 0x36, 0x25, 0x40, 0x30,
    0x1F, 0x7E, 0x66, 0x3E, 0xC7, 0x65, 0x1E, 0x5C, 0xCD, 0x5D, 0x5C, 0x66, 0xFE, 0x19, 0x28, 0x95,
    0x7B, 0x55, 0x56, 0xE3, 0x39, 0x17, 0x1D, 0xFF, 0x6A, 0x41, 0x02, 0x50, 0xA5, 0x65, 0xE0, 0xF6,
    0x63, 0xD3, 0xB3, 0x5D, 0x87, 0xF5, 0x29, 0xC4, 0xA9, 0x27, 0x60, 0x71, 0x7E, 0x2B, 0x9D, 0xD3,
    0x8F, 0x4B, 0xBF, 0x48, 0x85, 0x66, 0x68, 0x57, 0x9C, 0x07, 0x9C, 0xFA, 0xE2, 0xE3, 0xAB, 0x7E,
    0x8E, 0xC4, 0xC9, 0x3C, 0x1C, 0x30, 0xCF, 0xC2, 0xB7, 0x90, 0x9B, 0x8A, 0xFA, 0x68, 0x8A, 0x8D,
    0x62, 0xBD, 0x78, 0xF4, 0x7C, 0x58, 0xCA, 0xF0, 0xDA, 0xC0, 0xC5, 0x0D, 0x17, 0x0B, 0xFC, 0x12,
    0x9C, 0xF1, 0xD3, 0x5D, 0xDF, 0x85, 0xE7, 0x62, 0xDE, 0xC5, 0xB9, 0xE0, 0x5A, 0x11, 0xEF, 0x49,
    0xF4, 0xA8, 0xE2, 0xA7, 0xDC, 0xCA, 0x17, 0x47, 0xB9, 0x15, 0xCB, 0x38, 0x0B, 0x34, 0xE5, 0xD1,
    0xBA, 0xD9, 0x0D, 0x62, 0x44, 0x0C, 0x88, 0xEE, 0x25, 0xCC, 0x8A, 0xF7, 0x58, 0x00, 0xEE, 0x11,
    0xFB, 0x8C, 0x6E, 0x88, 0xBE, 0xD1, 0xDF, 0xEC, 0xFE, 0x1B, 0xC4, 0x67, 0xC7, 0x79, 0x95, 0x66,
    0x70, 0x76, 0x76, 0x59, 0x74, 0x96, 0x31, 0xCF, 0x3E, 0xA2, 0x15, 0xFF, 0x83, 0x8C, 0xB1, 0x8F,
    0x80, 0xBD, 0xBB, 0x33, 0x84, 0x95, 0x2A, 0x53, 0x20, 0x68, 0x28, 0xF1, 0x1B, 0x53, 0xF2, 0x9B,
    0x16, 0x10, 0x9F, 0xA7, 0x8C, 0x3C, 0x9B, 0x4E, 0xC6, 0xC6, 0xD8, 0x07, 0xEF, 0xAA, 0xA9, 0x75,
    0xB0, 0xFE, 0x4D, 0xFE, 0x0F, 0xA7, 0x5B, 0x3F, 0x99, 0xEB, 0xAE, 0x37, 0xB4, 0x2B, 0x1B, 0xBA,
    0xBB, 0x9E, 0xCC, 0x21, 0xFD, 0x40, 0x39, 0x3B, 0xE5, 0x98, 0x3B, 0x45, 0x64, 0xBF, 0x27, 0x23,
    0x97, 0x9C, 0x4D, 0x22, 0x4F, 0x99, 0x58, 0x8D, 0xB8, 0x63, 0x72, 0x9F, 0x35, 0xAB, 0x5F, 0x1E,
    0x47, 0xC0, 0x1D, 0x2F, 0xAE, 0x53, 0x1D, 0x62, 0x81, 0x3B, 0xB8, 0xFE, 0x95, 0xE8, 0xF3, 0x74,
    0xF0, 0xA9, 0x87, 0xB3, 0x33, 0xE0, 0xEA, 0xC9, 0x97, 0x22, 0xF0, 0xC4, 0xFC, 0xA6, 0xF9, 0x0F,
    0x22, 0x90, 0x4C, 0x2F, 0xE3, 0xF3, 0x7C, 0xDF, 0x83, 0x4F, 0xCC, 0xEF, 0x54, 0xA5, 0xE4, 0x8A,
    0xE1, 0x2D, 0xB7, 0xEF, 0x87, 0xD8, 0x60, 0xB5, 0x11, 0x6F, 0x68, 0x7B, 0x5B, 0x32, 0x5F, 0x71,
    0xEE, 0x41, 0xB9, 0x89, 0x46, 0x77, 0x15, 0x15, 0xE7, 0xE6, 0x4C, 0x70, 0xCF, 0x54, 0x3B, 0xD7,
    0x66, 0xAA, 0x57, 0x20, 0x32, 0xF3, 0x7A, 0x85, 0x92, 0xB9, 0xA5, 0xA8, 0x84, 0x14, 0x77, 0xB4,
    0x6B, 0x65, 0xBE, 0xA5, 0x3D, 0x07, 0x5E, 0x0D, 0x5E, 0x83, 0x07, 0xAF, 0xF2, 0xEC, 0xC2, 0xC3,
    0x86, 0x37, 0xD7, 0x6D, 0xFC, 0xB2, 0x58, 0x0D, 0xD5, 0xA1, 0xCA, 0x78, 0x41, 0xDB, 0xAB, 0x44,
    0x70, 0x86, 0x08, 0x6F, 0xE2, 0x04, 0xAB, 0xAB, 0x87, 0x99, 0x3D, 0x2C, 0xBD, 0x82, 0xB6, 0x87,
    0xE5, 0x54, 0x05, 0x7F, 0x53, 0x38, 0x0E, 0x73, 0x70, 0xE6, 0xB0, 0x26, 0x52, 0x2A, 0x88, 0x02,
    0x6E, 0x1B, 0xB5, 0xDA, 0x04, 0x4A, 0xFF, 0xFB, 0x68, 0xDC, 0xC5, 0x53, 0xD7, 0x27, 0x09, 0x64,
    0x65, 0x8D, 0x50, 0x6F, 0x8E, 0xF7, 0xD8, 0x01, 0x94, 0x76, 0x8E, 0xD9, 0x2E, 0x0E, 0x1D, 0x87,
    0xDB, 0xAD, 0x2A, 0xF0, 0x81, 0xC4, 0xCE, 0x60, 0x0B, 0x61, 0xFA, 0x99, 0x6A, 0x06, 0xB4, 0xDF,
    0x3B, 0xAA, 0x67, 0xCA, 0x52, 0x2F, 0xBC, 0xC2, 0xFA, 0x4D, 0x8F, 0x2C, 0xA7, 0x3B, 0x3A, 0xF8,
    0xA0, 0x94, 0xF6, 0x10, 0x3E, 0x93, 0xD8, 0x37, 0x35, 0xBF, 0x5B, 0x1D, 0xC3, 0xA6, 0xEC, 0x5F,
    0x83, 0x73, 0xBF, 0xDA, 0x36, 0x45, 0xF5, 0xB5, 0xC3, 0x2B, 0x82, 0x29, 0xE1, 0x2E, 0xCF, 0x6B,
    0x5D, 0xDD, 0x69, 0xAB, 0x75, 0x83, 0x2D, 0xB0, 0xFC, 0x7C, 0xF7, 0x65, 0xF4, 0x4B, 0x43, 0xF5,
    0x90, 0xF1, 0xEB, 0xD5, 0xCB, 0x7A, 0x75, 0x65, 0x3A, 0x98, 0x32, 0x01, 0xEF, 0x10, 0xE2, 0xE7,
    0x26, 0x7C, 0x13, 0x28, 0x19, 0x47, 0xC6, 0xB7, 0xFE, 0xD0, 0x45, 0x8F, 0xA2, 0x5C, 0xC1, 0x06,
    0x37, 0x26, 0xB5, 0xC5, 0x2F, 0x78, 0x5E, 0x79, 0xFB, 0x4F, 0x20, 0xD3, 0xCC, 0x52, 0x42, 0xBB,
    0xD5, 0x85, 0xEA, 0xCB, 0x73, 0x87, 0x78, 0x23, 0xFA, 0x8E, 0xBE, 0x9C, 0x7D, 0xD5, 0xDC, 0xF8,
    0x46, 0x6C, 0xEA, 0xA8, 0x72, 0x94, 0xD8, 0x7F, 0x9C, 0x2C, 0x1C, 0x88, 0x1F, 0xC0, 0x62, 0xA1,
    0xA0, 0x19, 0x75, 0xB3, 0xC9, 0xED, 0x7B, 0xCA, 0x5F, 0xD3, 0x91, 0xD0, 0x6D, 0x2B, 0xEB, 0x59,
    0x59, 0xDB, 0x32, 0xE3, 0x60, 0xCD, 0x68, 0x6C, 0x7D, 0x04, 0xB1, 0x29, 0x6D, 0xB3, 0x19, 0xF1,
    0x6A, 0x5F, 0x06, 0x77, 0x98, 0xBB, 0xB9, 0x87, 0x87, 0x10, 0x9C, 0x1C, 0xF4, 0xB7, 0x77, 0x6D,
    0x9A, 0xA7, 0x60, 0xEE, 0x5B, 0x8B, 0xD5, 0xCD, 0xED, 0x3E, 0x6F, 0xF9, 0xCA, 0x08, 0xB4, 0x47,
    0x02, 0x33, 0x8E, 0xC3, 0x35, 0x49, 0x81, 0xC6, 0x92, 0x66, 0x15, 0xA1, 0x64, 0x12, 0x25, 0x63,
    0x36, 0x84, 0xF8, 0x1D, 0x9C, 0xD9, 0x09, 0x94, 0xE2, 0x4F, 0x70, 0xF7, 0xF0, 0xB5, 0xF9, 0x49,
    0x02, 0x19, 0x0F, 0x1F, 0xAE, 0x37, 0x8E, 0xC7, 0x81, 0x94, 0x76, 0x66, 0xB2, 0xC6, 0x5C, 0xDB,
    0x4D, 0x35, 0x33, 0x63, 0xFB, 0x7E, 0x62, 0x9C, 0xE4, 0xEA, 0xF6, 0x7C, 0xD6, 0xFD, 0x43, 0xF6,
    0xBD, 0x0B, 0xD9, 0xB2, 0xD0, 0xF1, 0x9A, 0xFC, 0xE9, 0x10, 0x76, 0xB5, 0x5B, 0xF7, 0xAD, 0x3F,
    0xEF, 0xEA, 0x57, 0x1D, 0x5D, 0xB7, 0x1F, 0x42, 0x43, 0xF0, 0x1F, 0xD0, 0x6D, 0x67, 0x30, 0x34,
    0xD6, 0xCF, 0x57, 0x97, 0x95, 0x95, 0x49, 0x94, 0x24, 0xD8, 0x85, 0xFD, 0x0F, 0x88, 0x99, 0x49,
    0x94, 0x0C, 0xE1, 0x8B, 0x70, 0x5E, 0x1C, 0x9B, 0x75, 0x10, 0xE5, 0x53, 0x55, 0xCE, 0x3D, 0xF0,
    0x7D, 0x7A, 0xA9, 0x58, 0xB2, 0xB3, 0x3A, 0x67, 0x85, 0x74, 0x4F, 0x43, 0xFC, 0x06, 0xF6, 0x5D,
    0x93, 0x17, 0x28, 0x4C, 0x49, 0xA1, 0xCD, 0xAF, 0x49, 0xDC, 0x34, 0xA9, 0x65, 0xC0, 0x1B, 0x41,
    0x5F, 0xFA, 0x77, 0x74, 0x95, 0x02, 0x45, 0x05, 0xB9, 0x67, 0x67, 0x74, 0x8B, 0xBF, 0x37, 0x26,
    0x60, 0x0D, 0x4C, 0xB3, 0x71, 0xE6, 0xFB, 0x0F, 0x3C, 0xFD, 0x98, 0x0B, 0xFD, 0x17, 0x9D, 0x58,
    0x4D, 0x6C, 0xDC, 0xC6, 0x15, 0xFE, 0xC8, 0x91, 0x4D, 0x47, 0x13, 0x71, 0x74, 0x68, 0xD1, 0x02,
    0xD2, 0x2E, 0x75, 0x08, 0x0A, 0x17, 0x90, 0x4C, 0x1D, 0x04, 0x74, 0xDB, 0xAC, 0xBC, 0x93, 0xE4,
    0x90, 0x83, 0x5B, 0x40, 0x87, 0xF8, 0x54, 0xA0, 0x30, 0x7A, 0xEA, 0x21, 0x96, 0xF7, 0x60, 0x14,
    0x72, 0x23, 0x8B, 0x4C, 0x7C, 0x48, 0x81, 0x20, 0xA8, 0x51, 0xF4, 0xD6, 0x3F, 0x03, 0xCD, 0xA5,
    0xB2, 0xDB, 0x15, 0x50, 0x15, 0x50, 0x6B, 0x45, 0x9C, 0x44, 0x87, 0x1C, 0x82, 0xA2, 0x63, 0xE4,
    0xD0, 0x43, 0x0E, 0x25, 0x12, 0x17, 0x06, 0x64, 0xD7, 0x65, 0x81, 0x6D, 0xB0, 0x90, 0x25, 0xB1,
    0x6F, 0x86, 0xBB, 0xFA, 0x89, 0x25, 0x2D, 0x65, 0x72, 0x86, 0x5A, 0x8E, 0x66, 0xBE, 0xF7, 0x66,
    0xDE, 0x3F, 0x71, 0x51, 0xC2, 0xCD, 0x63, 0xD8, 0xAB, 0x42, 0xBD, 0x41, 0xFD, 0x0D, 0xEA, 0xBF,
    0xA3, 0xB1, 0x75, 0x05, 0xF7, 0x03, 0x0D, 0xB6, 0x91, 0xC2, 0xCB, 0x33, 0xF8, 0xB8, 0x4A, 0x53,
    0xEA, 0x98, 0xC6, 0x75, 0xE4, 0x2F, 0xE5, 0xF2, 0xD4, 0x6B, 0x08, 0xB6, 0x8A, 0x95, 0xF0, 0x3A,
    0x08, 0xDF, 0xC7, 0x59, 0x42, 0xF0, 0x71, 0x7A, 0x07, 0xD3, 0x3F, 0x40, 0xCD, 0xC7, 0xF9, 0x24,
    0x0E, 0xFE, 0x11, 0x3B, 0x32, 0x86, 0xF3, 0x80, 0xE0, 0xD6, 0xF0, 0x4C, 0x64, 0xCE, 0x9C, 0x81,
    0x78, 0x1D, 0x5E, 0xDA, 0x87, 0x4C, 0x79, 0xD8, 0x05, 0x0B, 0x0B, 0x4C, 0xD1, 0xC4, 0x25, 0xEA,
    0x6D, 0xEA, 0x0B, 0x47, 0x43, 0x7F, 0x2A, 0xF1, 0x1C, 0x0D, 0x4A, 0x70, 0x02, 0x8C, 0x11, 0xC4,
    0xA8, 0xD9, 0x6D, 0x24, 0xDA, 0xDB, 0x48, 0x05, 0xD2, 0x09, 0xDC, 0xAC, 0xC3, 0x8C, 0x51, 0xAB,
    0xDB, 0x16, 0x02, 0xFC, 0x49, 0xE6, 0xD0, 0xB1, 0x7E, 0xDD, 0xBE, 0x13, 0x11, 0x65, 0x56, 0xB8,
    0x1D, 0x88, 0x04, 0x75, 0x61, 0x66, 0x5E, 0x05, 0xE6, 0x8A, 0xC9, 0xB7, 0xE1, 0x6D, 0x5B, 0xC0,
    0x73, 0xC0, 0xDD, 0xD8, 0xB9, 0xA7, 0xCA, 0x82, 0xDF, 0x84, 0xD3, 0x06, 0x7B, 0x1D, 0x83, 0xCF,
    0x95, 0x00, 0x9F, 0x06, 0x26, 0x4A, 0xB3, 0x0D, 0x38, 0x19, 0x90, 0x76, 0xE5, 0x75, 0x2C, 0xB2,
    0x74, 0x3F, 0x54, 0x78, 0x62, 0x87, 0xCA, 0x81, 0x0F, 0x0C, 0xC0, 0x1F, 0x05, 0x5B, 0x86, 0x93,
    0xF6, 0x67, 0x9B, 0xBD, 0x2A, 0xDD, 0x7F, 0xDB, 0x51, 0x1A, 0xCC, 0x65, 0x78, 0x3B, 0xE3, 0x58,
    0xE5, 0x38, 0xC7, 0x21, 0x7A, 0xCD, 0xE7, 0x98, 0xE0, 0x98, 0x17, 0xBF, 0xCC, 0x1A, 0x46, 0xA8,
    0xC5, 0x35, 0x08, 0xFE, 0x0E, 0x46, 0xDE, 0x05, 0xFB, 0x29, 0x58, 0x4C, 0xFA, 0x2D, 0x5A, 0x71,
    0x9D, 0xC5, 0x35, 0x16, 0x5F, 0xB5, 0x4F, 0xFA, 0x1D, 0xB6, 0x34, 0xFF, 0xA2, 0x6D, 0x31, 0xDB,
    0xBB, 0x98, 0xC1, 0x6B, 0x22, 0xD9, 0xDA, 0xC3, 0x0C, 0x6E, 0x67, 0x8D, 0x1D, 0x92, 0x7B, 0x8C,
    0x91, 0x18, 0x8D, 0x0C, 0x5F, 0xD3, 0xC7, 0x40, 0x39, 0x17, 0x49, 0xCD, 0x0C, 0xED, 0x46, 0x9E,
    0x06, 0x8B, 0x29, 0xC7, 0x2D, 0x4E, 0x5B, 0xA6, 0x96, 0xC7, 0x7C, 0x51, 0xDA, 0xDF, 0x63, 0x1C,
    0x4D, 0xB1, 0x48, 0x7C, 0xA6, 0x64, 0x3A, 0x62, 0x7B, 0xCF, 0x74, 0x82, 0x35, 0xD4, 0x39, 0xBE,
    0xFD, 0x7D, 0x44, 0xB9, 0x39, 0x84, 0xDD, 0x13, 0x70, 0x5D, 0xB0, 0x4F, 0xE1, 0x74, 0xCA, 0xC2,
    0x9E, 0x39, 0x05, 0x71, 0x07, 0xAC, 0xDD, 0x07, 0xD6, 0x5C, 0xCB, 0xB6, 0x95, 0x83, 0x35, 0xFA,
    0x90, 0x76, 0xE5, 0x75, 0x3C, 0x72, 0x5F, 0xB4, 0x88, 0xD0, 0x3C, 0x60, 0xA8, 0x30, 0x28, 0x7D,
    0x14, 0x14, 0x27, 0xBF, 0x32, 0x69, 0x39, 0x3C, 0x4F, 0xB4, 0xC1, 0x39, 0xD8, 0xA3, 0x13, 0x30,
    0x6C, 0x74, 0x6C, 0x1C, 0x5E, 0x4F, 0xC7, 0xFA, 0x1C, 0x85, 0x00, 0x5E, 0x54, 0x48, 0x6F, 0x9A,
    0xDF, 0x51, 0x9B, 0x6D, 0xAE, 0x90, 0x32, 0x4E, 0xE0, 0x85, 0xAE, 0x02, 0xB3, 0x9D, 0xBA, 0x33,
    0x5F, 0x47, 0x3D, 0x24, 0x80, 0x8D, 0x55, 0x27, 0xB9, 0x4F, 0x76, 0xE7, 0x16, 0x76, 0x37, 0x64,
    0xC1, 0x9F, 0xA4, 0xD5, 0x2B, 0x72, 0xDC, 0x03, 0xB5, 0xE0, 0x0A, 0x44, 0x07, 0xE3, 0x64, 0xCA,
    0xBF, 0x47, 0x90, 0xAB, 0x29, 0x47, 0x2F, 0xB9, 0x6A, 0xA1, 0x25, 0x03, 0x92, 0xA0, 0x9A, 0xC1,
    0xA6, 0x42, 0x28, 0x4B, 0x52, 0x29, 0x44, 0xE9, 0xB6, 0x4F, 0x42, 0x82, 0xAE, 0x00, 0xA8, 0xA2,
    0xEC, 0x46, 0x0E, 0x9A, 0x79, 0x59, 0x2A, 0xE5, 0x90, 0xCD, 0xA9, 0x72, 0xFB, 0x1C, 0x00, 0x86,
    0x01, 0x0D, 0x87, 0xDC, 0xA7, 0xEA, 0x92, 0x3B, 0xC1, 0x8E, 0x20, 0xE8, 0xC8, 0xCE, 0x69, 0xA0,
    0xD9, 0xB4, 0xAF, 0x8D, 0x34, 0xD2, 0x81, 0x0C, 0x48, 0xE4, 0x02, 0xBB, 0x3D, 0xCF, 0xC1, 0x17,
    0x5B, 0xD8, 0x3F, 0x26, 0xE2, 0x40, 0x46, 0x34, 0xD7, 0x8B, 0xE1, 0xA7, 0xA8, 0x4D, 0x9A, 0xB5,
    0x23, 0xD6, 0x92, 0x59, 0xD1, 0x7E, 0xAB, 0xD9, 0x66, 0xC6, 0xD4, 0x55, 0x6B, 0xC9, 0xDD, 0xE6,
    0xE9, 0xBF, 0x84, 0xFF, 0xCD, 0x7B, 0x24, 0xAE, 0x2C, 0xB6, 0x6E, 0x46, 0x79, 0x9E, 0xF6, 0x23,
    0x31, 0x0B, 0x50, 0x4B, 0x52, 0x8A, 0x1C, 0xF0, 0x23, 0x29, 0x1E, 0x2A, 0xE1, 0x6A, 0xDF, 0xD9,
    0x6B, 0xC1, 0xCB, 0xF7, 0x93, 0x8F, 0xB6, 0xEA, 0x63, 0x6F, 0x2C, 0xFD, 0x50, 0x9B, 0x1D, 0x18,
    0xEE, 0x0F, 0xDE, 0x22, 0x8E, 0xD2, 0xB9, 0xF8, 0xB1, 0xBE, 0xA1, 0x0C, 0x56, 0x95, 0x90, 0x7A,
    0x77, 0x20, 0x13, 0xFD, 0xD5, 0x99, 0x28, 0x3B, 0x7A, 0xDD, 0x45, 0x99, 0x6B, 0xB3, 0xBB, 0xA7,
    0xD7, 0x5D, 0x1A, 0xBB, 0x96, 0x86, 0xF1, 0xD1, 0x2B, 0xE3, 0x99, 0x4D, 0x65, 0x34, 0xF2, 0xE9,
    0x95, 0x47, 0xAD, 0x18, 0xC4, 0x28, 0xAA, 0x92, 0xAB, 0x01, 0xD2, 0x34, 0x1F, 0x87, 0x53, 0xF5,
    0xE4, 0x10, 0x59, 0xB7, 0xA7, 0x8C, 0xE8, 0x38, 0x8E, 0xA6, 0x7E, 0x08, 0xD5, 0x07, 0x79, 0xF0,
    0x12, 0xB9, 0xE3, 0xA5, 0x43, 0x9B, 0x88, 0x97, 0xA2, 0x94, 0x62, 0x69, 0x06, 0x37, 0x45, 0xA0,
    0x68, 0xF5, 0x80, 0x23, 0x03, 0xA6, 0x7C, 0xA6, 0x0A, 0x4D, 0x99, 0xE5, 0xAA, 0xEA, 0x99, 0xD7,
    0xFD, 0x2D, 0x78, 0x45, 0x25, 0x9F, 0x28, 0xD0, 0x1C, 0x12, 0x7A, 0x50, 0xC4, 0x12, 0xA6, 0xF9,
    0xF2, 0xE8, 0x28, 0x59, 0x4B, 0xC7, 0xD3, 0xAE, 0xFA, 0xF2, 0xCD, 0xE8, 0xE6, 0x71, 0x44, 0x33,
    0x5D, 0x29, 0x54, 0x25, 0x9D, 0x22, 0xDD, 0x19, 0x91, 0xA1, 0x64, 0x07, 0x6E, 0x8F, 0xF6, 0x74,
    0x8E, 0x5C, 0x52, 0xE3, 0xB3, 0x9C, 0x78, 0x5F, 0x01, 0x27, 0x5F, 0xC3, 0x39, 0x39, 0x35, 0xD2,
    0x64, 0x4E, 0xD2, 0xE2, 0xA4, 0xBE, 0x9C, 0xBC, 0x17, 0x17, 0x31, 0x38, 0x4B, 0x69, 0xC7, 0xDB,
    0x88, 0xD2, 0xB0, 0xE0, 0xD4, 0x2F, 0x0C, 0xC4, 0xF8, 0x41, 0x63, 0x1F, 0x85, 0x02, 0xF9, 0x45,
    0x0B, 0x52, 0x5F, 0xC0, 0xAF, 0x41, 0xD0, 0x1A, 0x4A, 0x5B, 0xE6, 0xE1, 0x87, 0x08, 0xB8, 0x4A,
    0xDE, 0xCC, 0xCC, 0xCA, 0x29, 0x6B, 0x72, 0xF4, 0x9C, 0xC1, 0x6C, 0x90, 0x55, 0x79, 0xEC, 0x57,
    0xE0, 0x2F, 0xDB, 0x99, 0xAB, 0xF0, 0x1B, 0x08, 0x2E, 0xA8, 0xE8, 0x83, 0x8C, 0x7C, 0x94, 0xA7,
    0xBB, 0x02, 0x6A, 0xD0, 0x61, 0x49, 0x74, 0xBD, 0xE5, 0x81, 0x36, 0xB9, 0xEB, 0x93, 0x9D, 0x38,
    0x88, 0xAF, 0x59, 0x61, 0xCE, 0xEE, 0x13, 0xC9, 0x3E, 0xD1, 0xA8, 0x32, 0x28, 0x28, 0x12, 0xAA,
    0xA2, 0xC9, 0x63, 0xC0, 0xCC, 0x46, 0x05, 0x6D, 0x7E, 0xA0, 0xC8, 0x2F, 0x8C, 0x3D, 0x36, 0x3E,
    0x97, 0xC1, 0xCB, 0xFD, 0xF1, 0xCF, 0xCE, 0x9E, 0x9D, 0x9D, 0xF2, 0xC7, 0xCA, 0x70, 0x48, 0x42,
    0x26, 0x39, 0x1E, 0x44, 0xD8, 0xC7, 0x52, 0xE0, 0xFB, 0xFB, 0x57, 0x93, 0x0B, 0xA2, 0x13, 0x73,
    0xAD, 0x8F, 0x72, 0x1F, 0x9B, 0x18, 0x1A, 0x2A, 0x7C, 0xC3, 0xBC, 0x3E, 0xEF, 0xAA, 0x51, 0xB6,
    0xB1, 0x1A, 0xE4, 0x9D, 0x91, 0x78, 0x24, 0x66, 0xE6, 0xFE, 0x05, 0x6B, 0x93, 0x62, 0xC5, 0xDF,
    0xB2, 0x6F, 0x9E, 0x0E, 0x33, 0xE3, 0xDC, 0x4C, 0x7E, 0x88, 0x6F, 0x16, 0xF2, 0x6D, 0xC8, 0x86,
    0x0E, 0x14, 0xA9, 0x3D, 0xF9, 0x8E, 0xC1, 0x65, 0xEA, 0x14, 0x7C, 0x06, 0x03, 0xEA, 0x94, 0x96,
    0x0C, 0xB2, 0x8F, 0x29, 0x3F, 0x79, 0x42, 0x3D, 0x22, 0x03, 0x09, 0x11, 0x69, 0x92, 0xD3, 0x69,
    0xAB, 0x0F, 0xE3, 0x36, 0xEA, 0x01, 0x97, 0x23, 0x19, 0x3C, 0xD4, 0xC2, 0x49, 0x7D, 0xEC, 0x35,
    0xB2, 0x8C, 0x68, 0x7D, 0xEB, 0xC4, 0xC8, 0x5D, 0x5F, 0x6C, 0x8E, 0xC4, 0xFE, 0x1D, 0x38, 0x16,
    0xDE, 0xCC, 0x2E, 0x72, 0xB6, 0x29, 0xEB, 0xB6, 0xCD, 0x75, 0x8F, 0xBC, 0xCB, 0x5D, 0xD9, 0x0B,
    0x2C, 0x27, 0xDE, 0x9B, 0xE3, 0x80, 0xBD, 0x0D, 0xF4, 0xD2, 0xB8, 0x63, 0x88, 0x9B, 0x1C, 0x72,
    0xBC, 0xDB, 0x4D, 0x8E, 0x3D, 0x49, 0x73, 0x41, 0x93, 0x41, 0xB3, 0x49, 0x4C, 0x07, 0x3B, 0x2D,
    0xC1, 0x51, 0xE7, 0x51, 0x35, 0xDC, 0x5C, 0xE8, 0x72, 0xF3, 0x90, 0x7A, 0x42, 0x32, 0x6E, 0x10,
    0x37, 0x74, 0x00, 0x0E, 0x9D, 0x89, 0x49, 0x26, 0x28, 0xB4, 0x1E, 0xCE, 0x8A, 0x4C, 0x23, 0x95,
    0x9A, 0x38, 0xE5, 0x6A, 0x50, 0xF0, 0xA0, 0xAC, 0x9C, 0x6A, 0x24, 0xE4, 0x5D, 0x1F, 0x93, 0xD0,
    0xE0, 0xC6, 0x16, 0x9D, 0xE4, 0x79, 0xCA, 0xA7, 0x05, 0x1D, 0x14, 0x97, 0xFB, 0x3A, 0xA5, 0xD9,
    0x82, 0x9C, 0xCC, 0x34, 0xF8, 0x46, 0x07, 0x4E, 0x42, 0x85, 0xCF, 0x45, 0xF0, 0x9D, 0x5E, 0x1E,
    0xBD, 0x0D, 0x9B, 0x3C, 0xAA, 0x9A, 0xAB, 0xE7, 0x1C, 0x5D, 0x73, 0x34, 0xFD, 0x0E, 0x5B, 0xD2,
    0x33, 0xD9, 0x01, 0x91, 0xF8, 0x42, 0x99, 0xC3, 0x7D, 0x26, 0x32, 0xA7, 0x5C, 0x78, 0xBF, 0x36,
    0xB9, 0x74, 0x1F, 0x32, 0x46, 0xFA, 0x15, 0x2A, 0x71, 0xE6, 0x56, 0x28, 0x22, 0x3F, 0xDB, 0x8E,
    0xF0, 0x73, 0x89, 0x07, 0xD2, 0xFD, 0x3B, 0xD8, 0xF3, 0xFD, 0xA8, 0x25, 0xF9, 0xB6, 0xB7, 0xB9,
    0xF9, 0x07, 0x81, 0x6C, 0x68, 0x82, 0xBC, 0x76, 0x9D, 0x7A, 0x0D, 0x79, 0xBB, 0x86, 0xCD, 0x5B,
    0xE6, 0xF7, 0x34, 0x32, 0x27, 0x90, 0x19, 0xA7, 0x39, 0x7F, 0x34, 0x73, 0x4F, 0x77, 0x02, 0x1D,
    0xB4, 0xFE, 0x9A, 0xD5, 0x3D, 0x5D, 0xAB, 0xB1, 0x7F, 0xCD, 0xCD, 0xB9, 0x79, 0xA7, 0x46, 0xE6,
    0x58, 0x27, 0xEF, 0x19, 0xB6, 0x76, 0xDE, 0xF3, 0x3A, 0x61, 0x6A, 0x4A, 0xB1, 0xEB, 0xDD, 0xB4,
    0x2E, 0xDC, 0xA1, 0x61, 0xC5, 0x5D, 0x4D, 0xAE, 0xD7, 0x3C, 0x5B, 0x31, 0xA5, 0x8D, 0xBC, 0x42,
    0x1E, 0x57, 0x92, 0xF1, 0x0B, 0xD9, 0x89, 0xD2, 0x69, 0x8C, 0x11, 0x11, 0xED, 0xD2, 0xA9, 0x5E,
    0x9E, 0xA8, 0x6E, 0x8B, 0x58, 0xF4, 0x4C, 0x7E, 0x26, 0xC9, 0x4A, 0xAD, 0x2F, 0xD4, 0xB1, 0x62,
    0x9F, 0xC3, 0x87, 0x80, 0x18, 0x57, 0x46, 0x05, 0x43, 0xE1, 0xCA, 0xC8, 0xA3, 0xB0, 0x2D, 0x13,
    0xA0, 0x4A, 0x72, 0x37, 0x3C, 0x3C, 0xDE, 0x14, 0xDA, 0x84, 0xAF, 0x43, 0x80, 0xE9, 0x78, 0x57,
    0xE1, 0xDA, 0xAC, 0xD4, 0xDD, 0xA1, 0x43, 0x36, 0xB9, 0x52, 0x9D, 0x59, 0x1F, 0xD7, 0x36, 0xC5,
    0xF4, 0xB0, 0x90, 0x93, 0x9E, 0xAC, 0x71, 0x79, 0x7E, 0x0D, 0x01, 0x8D, 0x28, 0x97, 0x72, 0x1D,
    0x53, 0x0A, 0x86, 0xE9, 0x9F, 0xB3, 0xA5, 0xC9, 0xEB, 0x18, 0xD1, 0x72, 0x49, 0x37, 0xFF, 0x97,
    0x25, 0xB6, 0xBC, 0xCF, 0x0C, 0x6B, 0x83, 0x83, 0x65, 0xE1, 0x4E, 0x53, 0xC0, 0x9A, 0xD6, 0xCD,
    0x4B, 0x87, 0xC1, 0x95, 0x62, 0xA7, 0x48, 0x2E, 0x97, 0x4D, 0x2C, 0x70, 0xF4, 0xA1, 0x3C, 0x09,
    0x32, 0x2F, 0x26, 0x6D, 0x12, 0x3D, 0xE4, 0xC3, 0x5B, 0xE9, 0x55, 0x84, 0x65, 0xD0, 0x87, 0x9B,
    0xBA, 0x11, 0x8B, 0x43, 0x37, 0x1B, 0xE5, 0x5B, 0x3F, 0x59, 0x5B, 0x6D, 0xD6, 0x46, 0xC7, 0x6A,
    0x5F, 0xE9, 0x96, 0xA0, 0xFB, 0xDB, 0xFB, 0x60, 0x45, 0x9D, 0x38, 0x67, 0x65, 0x4A, 0xAD, 0x49,
    0x91, 0xA8, 0x82, 0xA4, 0x3D, 0x3B, 0x53, 0x41, 0xEF, 0x16, 0xEF, 0x99, 0x18, 0xCE, 0x14, 0xB1,
    0xA4, 0x99, 0x2C, 0x2A, 0x51, 0xA7, 0xE7, 0xC2, 0x4A, 0x51, 0x68, 0xA2, 0x39, 0x74, 0xAB, 0x22,
    0x9F, 0x86, 0xFD, 0xD2, 0x6A, 0xE7, 0x9A, 0x9D, 0x7E, 0x70, 0xF5, 0x1E, 0x43, 0xB3, 0x33, 0x79,
    0xB6, 0xCB, 0xD0, 0x1C, 0x9D, 0xDA, 0x63, 0xF2, 0xC6, 0x37, 0x0A, 0xD3, 0x4D, 0x54, 0xA2, 0x42,
    0x72, 0x50, 0x3E, 0xFD, 0xFF, 0xB0, 0x2E, 0x28, 0x59, 0x13, 0x64, 0xC4, 0xDE, 0x46, 0x9B, 0x4C,
    0xF7, 0x26, 0xD8, 0x87, 0xF0, 0xEE, 0xC2, 0xB5, 0xDF, 0x01, 0xAE, 0x73, 0x75, 0xD9, 0x53, 0x15,
    0x77, 0xAF, 0x55, 0x99, 0x12, 0xAD, 0xFB, 0x5E, 0xBB, 0x53, 0xF8, 0x3B, 0xFD, 0x4C, 0x24, 0x76,
    0xAB, 0xE0, 0x3E, 0x24, 0xA8, 0x1A, 0x32, 0xE5, 0x50, 0xCF, 0xDF, 0x9D, 0x94, 0xCC, 0x69, 0xF2,
    0x77, 0xBF, 0xE9, 0x16, 0xC6, 0xC7, 0x91, 0x31, 0xE9, 0xD6, 0x8F, 0xE3, 0xA2, 0x77, 0x53, 0xAF,
    0x93, 0x92, 0x42, 0x07, 0xEE, 0xAF, 0xC0, 0xBE, 0x67, 0x9E, 0xF6, 0x53, 0xD1, 0xB1, 0x04, 0xCD,
    0x55, 0x25, 0x6F, 0x31, 0x6F, 0x1C, 0xEC, 0xB3, 0x1D, 0xA1, 0x71, 0xB0, 0x9F, 0xC7, 0xEE, 0xC7,
    0x70, 0xCF, 0xF4, 0xA1, 0x76, 0x32, 0x64, 0x5D, 0xE4, 0x00, 0xC6, 0xDE, 0xA8, 0xF6, 0xA6, 0xE2,
    0xFB, 0xF8, 0x8D, 0xD8, 0x82, 0xCD, 0xA1, 0x52, 0x6E, 0xA5, 0x2B, 0x4E, 0xF3, 0x97, 0x32, 0x23,
    0x2A, 0xDE, 0x5E, 0xED, 0x8E, 0x24, 0xE9, 0x94, 0x68, 0x87, 0x72, 0xCE, 0xA3, 0xB8, 0xBA, 0x45,
    0xB9, 0x96, 0x7C, 0x44, 0x69, 0xF1, 0x9B, 0x7F, 0xF3, 0x48, 0xD1, 0x7E, 0xC6, 0xE1, 0xAE, 0x5F,
    0xA0, 0xE0, 0xFF, 0x09, 0xFB, 0x2E, 0xF0, 0x80, 0xDD, 0x21, 0x23, 0x36, 0xE1, 0x69, 0xDE, 0x38,
    0x05, 0xE3, 0xFC, 0xE1, 0x9A, 0x7C, 0x84, 0x34, 0x60, 0x9C, 0x8C, 0x7E, 0x6A, 0xB2, 0xC0, 0xBB,
    0xF1, 0xCA, 0xD6, 0x34, 0x8B, 0xB3, 0x0A, 0x57, 0xA9, 0xEF, 0xDF, 0x53, 0x7C, 0xF4, 0x33, 0xE5,
    0xFD, 0xE8, 0x4F, 0x92, 0x2D, 0xBF, 0x08, 0x37, 0xA3, 0x5C, 0x3A, 0x2D, 0x3E, 0x61, 0xCD, 0x03,
    0xFF, 0x01, 0x7B, 0xCB, 0xA8, 0x4E, 0xBE, 0xBE, 0x1D, 0x62, 0x59, 0x20, 0x65, 0x6F, 0x29, 0x77,
    0x5D, 0x9A, 0x2F, 0x51, 0xF3, 0xBD, 0x4F, 0x4E, 0x75, 0x13, 0x2A, 0x58, 0x1E, 0xE3, 0x92, 0xFD,
    0x50, 0x76, 0xA7, 0xFB, 0xA1, 0x2C, 0x79, 0x27, 0x9B, 0x76, 0x75, 0x85, 0x76, 0xCA, 0x24, 0x25,
    0x09, 0xEC, 0x5D, 0xB8, 0x8F, 0xAC, 0x2A, 0xD9, 0x5A, 0x98, 0xE2, 0xCD, 0x15, 0x49, 0x46, 0x68,
    0xBF, 0x3E, 0x7D, 0x14, 0xB3, 0xB7, 0x4B, 0x53, 0x29, 0x22, 0x93, 0x2E, 0xBE, 0x51, 0xA8, 0xF3,
    0xB7, 0xD5, 0x14, 0x97, 0x63, 0x55, 0x3B, 0xC1, 0x7E, 0x88, 0x20, 0x37, 0x2F, 0x30, 0x33, 0x01,
    0xBD, 0xB0, 0xA8, 0x1B, 0x45, 0x3A, 0xF1, 0x82, 0xFD, 0xE6, 0x95, 0xC2, 0xB1, 0x1E, 0xBA, 0xB1,
    0x83, 0xEF, 0xAC, 0x61, 0xB2, 0x66, 0x7D, 0xB5, 0xA2, 0x82, 0x02, 0x15, 0x86, 0x85, 0x16, 0xA2,
    0x5E, 0x02, 0x61, 0x38, 0xCC, 0x4E, 0x82, 0x0F, 0x93, 0xC3, 0xB8, 0xBA, 0xBB, 0xBA, 0x2F, 0xFE,
    0xFE, 0xF0, 0x55, 0x92, 0xC4, 0xC0, 0x00, 0x86, 0x6A, 0xA6, 0xDE, 0x71, 0x55, 0x09, 0x12, 0x6B,
    0x60, 0xFF, 0x34, 0x83, 0x62, 0xB7, 0xD8, 0x39, 0xD8, 0xA8, 0xD4, 0x8F, 0x52, 0xFC, 0x1F, 0xAD,
    0x58, 0x31, 0x6C, 0x1C, 0xC7, 0x15, 0xFD, 0xBB, 0x43, 0xDD, 0xCA, 0x1A, 0x6A, 0xF7, 0x0A, 0x19,
    0x11, 0x40, 0xDE, 0x2D, 0x0B, 0x16, 0x0E, 0x40, 0xF2, 0x58, 0xB0, 0xD8, 0x24, 0x4B, 0xEE, 0xD8,
    0x4D, 0xD2, 0x89, 0x85, 0x5D, 0x05, 0x30, 0xA8, 0x2A, 0x95, 0xA4, 0x43, 0x70, 0x85, 0x20, 0x51,
    0xBA, 0x55, 0x52, 0xA4, 0x30, 0x10, 0xB0, 0x77, 0x61, 0x01, 0x11, 0x10, 0x84, 0x2A, 0xEE, 0x6C,
    0xD0, 0x80, 0x0C, 0x53, 0xBC, 0xB1, 0x55, 0xA4, 0x50, 0xB3, 0x52, 0x0A, 0x17, 0x69, 0x36, 0x89,
    0x2A, 0x06, 0x48, 0xD6, 0xC0, 0xC5, 0x38, 0x48, 0xC7, 0x5B, 0xBF, 0x3F, 0xBB, 0x47, 0x91, 0x00,
    0x23, 0x52, 0x94, 0x6E, 0x67, 0x3E, 0x56, 0xA3, 0xD9, 0xFF, 0x67, 0xFE, 0xFC, 0xFF, 0xFE, 0x1B,
    0x12, 0x95, 0x3F, 0xF1, 0x4B, 0x05, 0x69, 0xFD, 0xC7, 0xFC, 0xE3, 0x7A, 0x39, 0xD8, 0xC8, 0x95,
    0x97, 0x67, 0x8D, 0xFB, 0x99, 0xBB, 0x99, 0x49, 0xDA, 0x9E, 0x16, 0x5A, 0xD2, 0xC2, 0x84, 0x54,
    0x92, 0x3C, 0xAA, 0x13, 0xCB, 0xD0, 0xC8, 0x2D, 0x48, 0xD7, 0x4A, 0x21, 0xE7, 0x85, 0x9E, 0x91,
    0xB4, 0xEE, 0xD1, 0xA2, 0xF7, 0x69, 0xD6, 0xD8, 0xCC, 0xA2, 0x5C, 0xF9, 0x79, 0x46, 0xFB, 0x3F,
    0x8B, 0x85, 0x3C, 0xCF, 0x9A, 0xC5, 0x80, 0xA0, 0x99, 0x32, 0x7C, 0xB5, 0xCD, 0x83, 0xB4, 0xE0,
    0xE7, 0xAC, 0xB9, 0xDE, 0x61, 0x79, 0xB1, 0x66, 0x34, 0x07, 0xAC, 0xD9, 0xCC, 0x81, 0x66, 0x8C,
    0xAF, 0x4B, 0x4B, 0xB3, 0xE6, 0xFB, 0x31, 0x34, 0x43, 0xC9, 0xBE, 0x62, 0xB5, 0x4A, 0x32, 0xFE,
    0x5C, 0xD3, 0x54, 0x1C, 0x29, 0x12, 0xB1, 0x87, 0x1D, 0xC5, 0x44, 0x76, 0x7E, 0x27, 0xCF, 0xBC,
    0xCE, 0x9D, 0xDD, 0x2C, 0x14, 0xBF, 0xBB, 0x93, 0x04, 0x22, 0x76, 0x54, 0x4B, 0xC4, 0x2E, 0xE1,
    0x2D, 0xA4, 0x50, 0xC4, 0xD9, 0x7B, 0x8D, 0xCE, 0xD3, 0xDD, 0x2D, 0xF9, 0xC3, 0x0F, 0x79, 0xDF,
    0xE8, 0x89, 0x52, 0x91, 0x93, 0xAF, 0xAC, 0x01, 0x4C, 0x52, 0xEB, 0x55, 0x62, 0x91, 0x45, 0xB3,
    0x45, 0xDE, 0x66, 0xD6, 0xA2, 0x76, 0x9E, 0x76, 0xF9, 0x73, 0xDE, 0xAA, 0xC5, 0xC2, 0xD3, 0x2C,
    0xCC, 0xFA, 0x14, 0x0F, 0x45, 0xA9, 0x95, 0xFA, 0x8A, 0xB7, 0xC9, 0xBD, 0x92, 0x4A, 0xB2, 0xD0,
    0xE9, 0x40, 0x5F, 0x44, 0x6F, 0xA6, 0xD0, 0x96, 0x42, 0x59, 0x8A, 0x69, 0xE8, 0x56, 0x42, 0xE4,
    0x40, 0x53, 0x9D, 0xD5, 0x5C, 0x15, 0x1A, 0xCD, 0x25, 0xE2, 0x26, 0xB5, 0xEB, 0x68, 0xD7, 0x3E,
    0xD4, 0xFC, 0x0F, 0x74, 0xEF, 0x5B, 0x4D, 0x42, 0xF3, 0xDE, 0x7D, 0xC2, 0xE1, 0x44, 0x2A, 0xFA,
    0x6E, 0xE4, 0x6B, 0xFF, 0xFD, 0xBE, 0x84, 0xF6, 0xEC, 0xDC, 0x16, 0x8B, 0x90, 0x85, 0xCF, 0x42,
    0x7E, 0x02, 0x21, 0x1E, 0x43, 0xD0, 0x0B, 0x16, 0x6D, 0xCA, 0x3C, 0xD5, 0xA0, 0xAC, 0x9D, 0xB8,
    0x66, 0x27, 0xBC, 0x04, 0x12, 0x58, 0x03, 0xF9, 0xBC, 0x9D, 0x3A, 0x95, 0xDB, 0xC1, 0x18, 0x34,
    0x3F, 0x4D, 0xA0, 0x59, 0x11, 0x6B, 0x26, 0x68, 0x96, 0x09, 0x34, 0x57, 0x12, 0x68, 0xB6, 0x12,
    0x68, 0x86, 0x10, 0x8F, 0x21, 0xE8, 0x05, 0x8B, 0xB6, 0x95, 0x40, 0xB3, 0x95, 0x40, 0x33, 0xEF,
    0x89, 0x2C, 0xD6, 0x27, 0x58, 0x48, 0xD6, 0xB7, 0xCC, 0x8A, 0xAB, 0xC4, 0x4B, 0x2E, 0xBA, 0xF9,
    0x5D, 0x69, 0xAB, 0x6D, 0xFF, 0xDF, 0xC9, 0xBA, 0x67, 0xA5, 0xA1, 0x4B, 0x87, 0x3B, 0xB6, 0x14,
    0xB6, 0x1F, 0x0D, 0xC7, 0xF3, 0xAF, 0x17, 0x6E, 0x77, 0x62, 0x5E, 0x9F, 0xF8, 0x3D, 0x14, 0xE7,
    0x07, 0x34, 0xD5, 0xF8, 0x60, 0xD1, 0x6F, 0xA2, 0xFF, 0x09, 0x53, 0x1E, 0x69, 0xB2, 0xBF, 0x49,
    0x48, 0xEC, 0xA6, 0xE4, 0x20, 0x3A, 0x5D, 0x9C, 0x67, 0x0D, 0x93, 0x97, 0xE9, 0x16, 0xE5, 0xEF,
    0xE7, 0x6A, 0x62, 0x82, 0xCE, 0x23, 0xF0, 0x32, 0xB2, 0x79, 0x81, 0xE4, 0x20, 0x50, 0x1F, 0xD2,
    0x7B, 0x35, 0x76, 0x7C, 0x65, 0x44, 0xCB, 0x1F, 0x53, 0xE0, 0xD2, 0x4A, 0x2F, 0xF6, 0xBF, 0x8B,
    0xA9, 0xDA, 0xED, 0x46, 0xDA, 0x33, 0x71, 0xE3, 0x23, 0x3C, 0x0F, 0x3F, 0x5E, 0xDC, 0x4E, 0xAB,
    0xD5, 0xA0, 0xE9, 0x26, 0xBC, 0xAE, 0xA9, 0xD8, 0x89, 0xC5, 0xFE, 0xE3, 0x24, 0x0D, 0x13, 0x70,
    0xD6, 0x13, 0xB8, 0xE3, 0x6B, 0xF8, 0x60, 0xBE, 0x5C, 0x6B, 0x2F, 0x21, 0x67, 0x77, 0x88, 0xD0,
    0x5F, 0xC1, 0x90, 0x49, 0x30, 0x75, 0xA0, 0x63, 0x8D, 0x1E, 0x8E, 0x76, 0x99, 0xE4, 0xEE, 0x80,
    0xAC, 0x5E, 0xCC, 0x19, 0x85, 0x74, 0x42, 0x2E, 0x15, 0x07, 0x66, 0xEF, 0x91, 0xD7, 0x89, 0x43,
    0xA1, 0x03, 0x3B, 0xB9, 0x6E, 0x25, 0x81, 0x95, 0xE0, 0xBD, 0xD1, 0x51, 0xD8, 0x83, 0xF9, 0x8D,
    0xAD, 0xD5, 0x4B, 0x63, 0xBA, 0xA7, 0x1B, 0xB4, 0x80, 0x8D, 0xD5, 0x8E, 0xEC, 0x1E, 0x4D, 0x23,
    0x88, 0x43, 0xAC, 0xA8, 0x0F, 0x6B, 0x1B, 0x6C, 0xCD, 0x71, 0xC9, 0x1E, 0x96, 0xD6, 0x6E, 0x49,
    0x7D, 0xC5, 0xD1, 0x35, 0xFB, 0x65, 0xAB, 0x0B, 0xED, 0x75, 0x9E, 0x39, 0xFD, 0x01, 0x7D, 0x04,
    0x2B, 0x79, 0x52, 0x98, 0xF9, 0x1E, 0x71, 0xF4, 0x8F, 0xE4, 0x54, 0x16, 0xAD, 0x8F, 0x70, 0x44,
    0xA5, 0x6B, 0xE4, 0x25, 0x72, 0x2E, 0x95, 0xEF, 0xAF, 0x32, 0x6D, 0xFC, 0x0A, 0x73, 0xE7, 0xD4,
    0x1B, 0x9B, 0xE7, 0x9F, 0x67, 0x0E, 0x67, 0xE6, 0x75, 0x56, 0x70, 0x17, 0x81, 0x73, 0x13, 0x87,
    0xE3, 0xD3, 0xDB, 0x58, 0x81, 0x94, 0x24, 0xC6, 0x2E, 0x3F, 0xE9, 0x0A, 0x78, 0xEB, 0x1C, 0x60,
    0x73, 0x6F, 0x65, 0x05, 0x8E, 0x32, 0xC9, 0xBA, 0xF6, 0x1A, 0x2B, 0x90, 0x7D, 0x5A, 0x79, 0x48,
    0x55, 0x8F, 0xE1, 0x2E, 0xCA, 0xE9, 0x46, 0x87, 0x02, 0x8F, 0x47, 0x30, 0xCE, 0xB1, 0x61, 0xE7,
    0xB1, 0xD1, 0x60, 0xFF, 0x0D, 0xB9, 0xF8, 0x28, 0x3E, 0x55, 0x9E, 0x9E, 0xF9, 0x90, 0xFC, 0x61,
    0xB9, 0x92, 0x7A, 0x48, 0xB5, 0xF1, 0x5E, 0x5F, 0x95, 0xB0, 0x07, 0x4C, 0x1F, 0x02, 0x9B, 0x37,
    0x30, 0x6D, 0x27, 0xDC, 0x8E, 0x37, 0x4D, 0xEF, 0xAE, 0xB2, 0x91, 0xFE, 0x78, 0x6A, 0x3E, 0xC2,
    0xB7, 0xA3, 0x0E, 0x70, 0xF0, 0x7A, 0x05, 0xC1, 0x1A, 0x60, 0x6C, 0x92, 0xC5, 0x6C, 0x84, 0x10,
    0xBE, 0xB1, 0x73, 0x0F, 0xF9, 0x83, 0x17, 0x1B, 0xA9, 0x4C, 0x42, 0x05, 0x02, 0x67, 0x72, 0xBB,
    0x43, 0xD1, 0xD3, 0x3C, 0x2F, 0x34, 0xB5, 0x5F, 0x96, 0x55, 0xA7, 0xBF, 0x43, 0x8D, 0xDE, 0x7F,
    0xE3, 0x39, 0x1F, 0xA7, 0xE4, 0xFE, 0x44, 0x57, 0xF2, 0x5C, 0x2F, 0x7C, 0x4C, 0xEC, 0x71, 0x18,
    0xDF, 0xD5, 0xFE, 0x13, 0x54, 0xCA, 0x76, 0x9F, 0xC4, 0xF3, 0x07, 0xA6, 0xA6, 0xCE, 0xD3, 0xAC,
    0xD9, 0x38, 0x5B, 0x0B, 0xC4, 0x88, 0x42, 0x6B, 0x9D, 0x42, 0x1B, 0x05, 0xD5, 0xBA, 0x05, 0x60,
    0xD9, 0xC6, 0xA9, 0x3F, 0x23, 0x6B, 0x34, 0x70, 0x3E, 0x4D, 0x50, 0x6E, 0xD1, 0x9C, 0xBF, 0x6B,
    0xCC, 0x02, 0xCC, 0xCB, 0x4D, 0x25, 0xF2, 0x0C, 0xCE, 0xE8, 0xE5, 0x7B, 0xF5, 0xCD, 0xD4, 0x19,
    0x8D, 0x41, 0xE5, 0xA6, 0x2A, 0x21, 0xA5, 0xDD, 0x87, 0x11, 0xD8, 0x80, 0x89, 0xD0, 0x18, 0x80,
    0x7E, 0xA8, 0x47, 0xB1, 0x6D, 0x50, 0x08, 0xDD, 0x50, 0x0D, 0x78, 0x75, 0xA7, 0x49, 0x6C, 0xA1,
    0x02, 0x9A, 0xC5, 0xBF, 0x48, 0xEB, 0xD7, 0xD4, 0x9C, 0x43, 0x68, 0xFE, 0x35, 0xF2, 0x06, 0x1C,
    0xB3, 0x0B, 0x7F, 0x21, 0x3F, 0xD7, 0x4B, 0x56, 0xD2, 0xB5, 0xF5, 0xED, 0x8E, 0xF2, 0xCB, 0xA4,
    0xFE, 0xE6, 0x30, 0x58, 0x46, 0xFF, 0xE4, 0x5A, 0xFD, 0x80, 0x24, 0x73, 0x0F, 0x14, 0x12, 0x89,
    0x2F, 0x01, 0xDB, 0x24, 0x31, 0x5D, 0xAE, 0xA0, 0x7B, 0x31, 0x49, 0x91, 0x02, 0x88, 0xF7, 0xA8,
    0x9D, 0x36, 0xA8, 0x5A, 0xA5, 0xA5, 0x2E, 0x2D, 0xE8, 0xA2, 0xE8, 0x00, 0x91, 0xB9, 0x89, 0xA2,
    0xFD, 0x61, 0x80, 0xB2, 0x21, 0xFE, 0xC8, 0x50, 0x8A, 0x64, 0x13, 0x9F, 0x91, 0xF8, 0x44, 0x3B,
    0xDF, 0x66, 0x8D, 0x74, 0xFD, 0xE4, 0x90, 0xCC, 0xF9, 0xA2, 0x8B, 0x1A, 0x7F, 0xBE, 0x2C, 0xFF,
    0x4E, 0x72, 0x34, 0x26, 0xFB, 0xC0, 0xE4, 0xA1, 0x29, 0xB0, 0xF8, 0xE0, 0x19, 0x31, 0x05, 0x32,
    0x88, 0xA9, 0x5F, 0xB3, 0x0A, 0x1C, 0x6D, 0x12, 0xA8, 0x29, 0x47, 0xE3, 0xF0, 0x3C, 0xA1, 0x79,
    0x84, 0xAC, 0xFB, 0xB2, 0x90, 0x44, 0xB9, 0x5E, 0xB9, 0x1F, 0x2F, 0xB9, 0x54, 0x0D, 0x78, 0xC4,
    0x86, 0xB6, 0x6B, 0x06, 0x04, 0x84, 0x6E, 0x3A, 0x31, 0x02, 0x71, 0x0A, 0x33, 0x27, 0xA6, 0x03,
    0x99, 0x31, 0x30, 0x44, 0xA3, 0x1B, 0x3B, 0x6B, 0x01, 0xA5, 0x22, 0x96, 0x69, 0x65, 0x68, 0xB0,
    0xC5, 0x5D, 0xAB, 0xED, 0x0C, 0x1B, 0x49, 0xB5, 0xBA, 0xD4, 0xAD, 0x6B, 0xF6, 0xF7, 0x94, 0x6A,
    0x28, 0x71, 0xE8, 0x71, 0x50, 0x31, 0x17, 0x40, 0x1E, 0xDF, 0x2E, 0xCD, 0x2C, 0x58, 0x21, 0x53,
    0x4B, 0x7A, 0x1B, 0xD4, 0x52, 0xC6, 0x45, 0xA4, 0x14, 0x84, 0xF2, 0x94, 0xAC, 0x92, 0xF9, 0x8E,
    0xD4, 0xF4, 0xD3, 0x93, 0xA6, 0x08, 0x5D, 0x34, 0xC8, 0xD4, 0x35, 0xC7, 0x73, 0xF2, 0x14, 0xB9,
    0x4B, 0x54, 0x6E, 0xB8, 0x48, 0x0F, 0x15, 0x19, 0x8A, 0xC6, 0x0C, 0x8D, 0xA9, 0x1F, 0x33, 0x3F,
    0x26, 0x7E, 0xCC, 0xFB, 0x98, 0xF6, 0x31, 0xEB, 0x63, 0xD2, 0xC7, 0x9C, 0x8F, 0x29, 0x1F, 0xC5,
    0x64, 0x23, 0x22, 0xB6, 0x88, 0xCD, 0x1B, 0xFA, 0x05, 0xF6, 0x05, 0xF2, 0x05, 0xBE, 0xB5, 0xDF,
    0xC0, 0xBB, 0x40, 0xBB, 0x0A, 0xD4, 0x61, 0x37, 0xA3, 0xDF, 0x2B, 0x3D, 0x85, 0x84, 0xA3, 0x3F,
    0xC3, 0x6D, 0xFF, 0x2A, 0xA1, 0xF4, 0x17, 0x0C, 0xA5, 0xAA, 0x84, 0x52, 0x7D, 0x04, 0x94, 0xDE,
    0x36, 0x50, 0x0A, 0xDE, 0x07, 0xEA, 0xE6, 0x18, 0x4C, 0x86, 0x79, 0xD9, 0xA2, 0x77, 0x66, 0x59,
    0x8A, 0xF4, 0x58, 0x40, 0xA5, 0x26, 0x7F, 0xC3, 0x07, 0x3D, 0x2E, 0xF5, 0x6F, 0x84, 0xAA, 0xEC,
    0x6C, 0x46, 0x72, 0x3E, 0xE3, 0xCA, 0x6B, 0x20, 0x2B, 0x93, 0x59, 0x9C, 0x6E, 0x79, 0xBC, 0x48,
    0xDE, 0x27, 0xB1, 0xB3, 0x9B, 0x97, 0xC9, 0xDB, 0x03, 0xB2, 0x3E, 0x56, 0x21, 0xE0, 0x29, 0x9C,
    0x43, 0xEF, 0x7A, 0x14, 0xC5, 0x45, 0xF2, 0x46, 0xA0, 0x70, 0x97, 0x99, 0xC2, 0x4D, 0x9A, 0x32,
    0xDD, 0x22, 0xDA, 0x28, 0xF2, 0x75, 0xC3, 0xEB, 0xE8, 0x50, 0xEA, 0x60, 0x3E, 0x69, 0x7D, 0x9E,
    0xFC, 0xFC, 0x4E, 0xB2, 0x22, 0x74, 0xD4, 0x51, 0xBF, 0x29, 0x30, 0x70, 0x0E, 0x71, 0xE1, 0x5D,
    0x62, 0x2C, 0x3C, 0x5D, 0xD1, 0x9C, 0xD1, 0x14, 0xA4, 0x34, 0xDD, 0x64, 0x2F, 0x1F, 0xE3, 0xDF,
    0x0B, 0xB0, 0x82, 0x5A, 0x69, 0x7F, 0x70, 0x3A, 0x4B, 0xD6, 0x2A, 0x47, 0xEA, 0xD9, 0xE9, 0x63,
    0xCC, 0x80, 0xF6, 0xB7, 0x5A, 0xB4, 0x30, 0x4F, 0xC2, 0x29, 0x80, 0x27, 0xF5, 0x37, 0x11, 0xB0,
    0x77, 0xA5, 0x89, 0x63, 0x99, 0xC7, 0x28, 0x3A, 0xE6, 0x1D, 0x19, 0xDF, 0xF4, 0x38, 0xD7, 0xD3,
    0x0B, 0x1B, 0x34, 0x07, 0x7B, 0x4B, 0x64, 0x5F, 0x2C, 0x95, 0xFB, 0x3B, 0x48, 0x1D, 0xFA, 0xD9,
    0xAF, 0x71, 0x11, 0x63, 0x47, 0x86, 0x0C, 0x00, 0xE4, 0xEC, 0x11, 0x7D, 0x48, 0xB8, 0xCF, 0x55,
    0x4E, 0xAC, 0x99, 0x70, 0x8D, 0x1C, 0xD2, 0xD9, 0xC9, 0xE3, 0xD4, 0x52, 0xAB, 0x3B, 0xBF, 0xEC,
    0x40, 0xAD, 0x18, 0x59, 0x7D, 0xE4, 0xE9, 0xE1, 0x67, 0xE0, 0x8C, 0x2E, 0xAB, 0x2F, 0x74, 0x90,
    0x9E, 0x9D, 0x39, 0x8A, 0xF7, 0x9F, 0x51, 0x51, 0xBA, 0xB6, 0xF6, 0xFF, 0xEF, 0x0C, 0x67, 0x40,
    0xD1, 0x62, 0xC4, 0xE1, 0x55, 0xA0, 0x9F, 0xBB, 0xFF, 0xF8, 0xAA, 0x97, 0xA0, 0x74, 0x92, 0x8B,
    0x42, 0xEB, 0x3C, 0x86, 0xFB, 0x37, 0xE2, 0x53, 0xDD, 0x18, 0xB0, 0xA6, 0x1A, 0xAE, 0xAE, 0x21,
    0xD9, 0x93, 0xC7, 0xDD, 0x18, 0xDE, 0x35, 0x6C, 0x11, 0x79, 0xA1, 0x4F, 0x77, 0x37, 0x59, 0x65,
    0x5F, 0xBD, 0x73, 0xEE, 0xF8, 0x8B, 0x49, 0x37, 0xA3, 0x65, 0x10, 0x4E, 0x33, 0xB3, 0x31, 0xA2,
    0x46, 0x47, 0x4B, 0x1B, 0xDC, 0x23, 0x65, 0xD9, 0x89, 0x71, 0x22, 0x12, 0x98, 0xED, 0x29, 0x29,
    0x70, 0x8B, 0x1C, 0xB4, 0xD3, 0xE5, 0xCB, 0xF1, 0x6F, 0xE1, 0xDD, 0x49, 0x78, 0xF7, 0xCA, 0x7C,
    0x7D, 0xCF, 0x43, 0x42, 0x95, 0x3E, 0x5A, 0xED, 0x65, 0x07, 0xAD, 0x9E, 0x44, 0x97, 0xA5, 0xFC,
    0xFE, 0xEC, 0xEC, 0x91, 0x9A, 0x26, 0x4C, 0x4D, 0x24, 0xE7, 0xAF, 0xD8, 0xCB, 0xDD, 0x8D, 0x53,
    0x91, 0xE7, 0xC9, 0x45, 0x8E, 0x53, 0x10, 0x13, 0xFB, 0x57, 0xC7, 0x51, 0xF6, 0x33, 0x63, 0x6F,
    0x9F, 0x92, 0xA6, 0x23, 0xD4, 0x47, 0x54, 0xA9, 0x1C, 0x63, 0x06, 0x95, 0xDC, 0xEB, 0x70, 0x21,
    0x09, 0x05, 0xF1, 0xED, 0x1D, 0x05, 0x6A, 0x07, 0x34, 0x5D, 0x2D, 0x3A, 0x2A, 0x90, 0x6A, 0x65,
    0x87, 0xFC, 0xA2, 0x64, 0xA5, 0x86, 0x08, 0xA4, 0x7C, 0x9F, 0x6E, 0xA4, 0x5F, 0x66, 0xDD, 0xC5,
    0x5B, 0x34, 0x95, 0xA8, 0x6E, 0xD2, 0xFC, 0x5F, 0xC6, 0x47, 0x2B, 0x01, 0xFF, 0x12, 0x0E, 0x6A,
    0xE7, 0xC3, 0x1B, 0x3B, 0xDB, 0xCD, 0x60, 0x7A, 0x26, 0xB8, 0x60, 0x6A, 0xD9, 0xE1, 0xF6, 0x10,
    0xE9, 0x67, 0xA0, 0x39, 0x30, 0xD9, 0xB3, 0xC4, 0xB7, 0xFC, 0xF3, 0x58, 0x7C, 0xAF, 0x7F, 0x75,
    0xB5, 0x46, 0xE3, 0xC7, 0xBB, 0xC7, 0xAC, 0xCD, 0xD6, 0x96, 0x46, 0x87, 0xB9, 0xE7, 0x83, 0x34,
    0xD4, 0x73, 0xA0, 0xA5, 0x7D, 0x7F, 0x00, 0x60, 0x70, 0x91, 0x07, 0xF3, 0xF4, 0xA0, 0x93, 0xEE,
    0x28, 0x99, 0xAD, 0x6C, 0x37, 0xE7, 0x66, 0xE6, 0xA8, 0x65, 0xF7, 0x01, 0x28, 0x7C, 0x52, 0xF8,
    0x9F, 0xA9, 0xF4, 0xB6, 0x32, 0x7F, 0x3F, 0x48, 0xA1, 0x26, 0xD2, 0xE6, 0xCA, 0x56, 0xFC, 0x31,
    0xA7, 0x9D, 0xF8, 0xCA, 0x37, 0x44, 0x62, 0xBF, 0x03, 0xE9, 0xE5, 0x66, 0x87, 0x0E, 0x8E, 0x79,
    0xB1, 0xAF, 0xDA, 0x98, 0xFB, 0x2A, 0x7E, 0xF8, 0x59, 0x22, 0x9E, 0x83, 0xEB, 0xA0, 0xCE, 0xBF,
    0x6C, 0x4E, 0xF2, 0x55, 0xE3, 0xFB, 0xFC, 0x47, 0x25, 0xCE, 0x3F, 0x0A, 0xC2, 0x30, 0x18, 0x87,
    0xE1, 0x1F, 0xFE, 0x29, 0x08, 0x85, 0x76, 0x11, 0x1C, 0x2C, 0xAD, 0x9B, 0x43, 0xC4, 0x0A, 0x41,
    0x2A, 0x44, 0x9B, 0x23, 0x14, 0xC4, 0xDD, 0x23, 0x64, 0xA8, 0xE0, 0x20, 0x98, 0x23, 0xF4, 0x08,
    0x3D, 0x42, 0x04, 0x17, 0x27, 0xBF, 0x23, 0xE4, 0x08, 0x99, 0x75, 0xC9, 0x11, 0xB4, 0x74, 0x79,
    0xC7, 0x87, 0x37, 0xBB, 0xAE, 0x82, 0x50, 0xD4, 0x4D, 0x80, 0x54, 0xEF, 0xAC, 0x6A, 0x45, 0xF5,
    0x76, 0x47, 0x9A, 0xFE, 0x5B, 0x65, 0x2F, 0xBB, 0xD6, 0x10, 0x02, 0xF0, 0xDE, 0x38, 0xA0, 0xA4,
    0x0D, 0x0D, 0x28, 0x92, 0x13, 0xA4, 0x72, 0x4B, 0x39, 0xED, 0x28, 0x95, 0x93, 0x2C, 0xA9, 0x85,
    0xCB, 0x49, 0xC6, 0x0F, 0x5B, 0xEA, 0x08, 0x0B, 0x7D, 0xB1, 0xCC, 0x87, 0xF9, 0x18, 0x77, 0xDB,
    0x34, 0xA3, 0x25, 0xAF, 0x85, 0x29, 0xB8, 0x6A, 0x0A, 0xA3, 0xF8, 0x0C, 0xCA, 0xB4, 0x9A, 0x31,
    0xDE, 0x99, 0xC6, 0x79, 0x0F, 0xEC, 0xBF, 0x9F, 0x9B, 0x60, 0x45, 0x2C, 0x92, 0x39, 0x07, 0x37,
    0xCF, 0x83, 0x52, 0x2A, 0x8E, 0xB0, 0x26, 0xD5, 0x9E, 0xCF, 0x77, 0x3B, 0x46, 0xBF, 0xF3, 0x76,
    0x27, 0xD9, 0x8B, 0xD0, 0x03, 0x1A, 0xCA, 0x00, 0xDD, 0x93, 0x77, 0xCE, 0x5D, 0x7F, 0x85, 0x52,
    0x3D, 0x6F, 0x13, 0x41, 0x10, 0x7D, 0x77, 0xC6, 0x76, 0x3E, 0x7C, 0x76, 0x8A, 0x04, 0x45, 0x8A,
    0x95, 0x18, 0x14, 0x90, 0x8B, 0x4D, 0xBC, 0x48, 0x87, 0xB4, 0xC5, 0x25, 0xDE, 0x1F, 0x40, 0xE1,
    0xC6, 0xD4, 0xAE, 0x40, 0x4A, 0x01, 0x5B, 0x5C, 0x61, 0x05, 0x48, 0x56, 0x69, 0x68, 0x53, 0x80,
    0x44, 0x41, 0xE1, 0x16, 0xAA, 0x8D, 0xE4, 0x02, 0xD1, 0x78, 0x13, 0x0A, 0x0A, 0x1A, 0x97, 0x90,
    0xEA, 0xC4, 0x1F, 0xC8, 0x09, 0xA5, 0x08, 0x4A, 0x71, 0xCC, 0xDA, 0x21, 0x89, 0x84, 0x51, 0xE6,
    0xDD, 0x3E, 0xCD, 0xCD, 0xCC, 0x8E, 0x66, 0xDF, 0x6E, 0xAB, 0x75, 0xCD, 0xD0, 0xAE, 0xBF, 0x9A,
    0xBF, 0x32, 0xF8, 0x80, 0xFE, 0x98, 0x68, 0xBD, 0x07, 0x3D, 0x01, 0x12, 0x53, 0x58, 0xC5, 0xE7,
    0x5E, 0xAD, 0x36, 0x55, 0xC3, 0x24, 0xCC, 0x35, 0x93, 0x05, 0xE9, 0xD6, 0x20, 0x43, 0xBB, 0x8D,
    0x2C, 0xD3, 0x23, 0xCE, 0x32, 0xDB, 0x26, 0x93, 0x57, 0x5E, 0x9C, 0xDE, 0x84, 0xBF, 0x7B, 0x1D,
    0x23, 0x60, 0x42, 0x44, 0x11, 0x63, 0x82, 0x63, 0xCC, 0x88, 0x84, 0x60, 0x01, 0x25, 0x16, 0x19,
    0x17, 0x46, 0xA4, 0x51, 0x1C, 0xC5, 0x4C, 0xB0, 0x50, 0x28, 0x3E, 0xA4, 0xE4, 0x35, 0xDF, 0xFD,
    0x89, 0x54, 0x18, 0xC6, 0x83, 0x45, 0xDF, 0xFA, 0xD6, 0xB3, 0xDB, 0x27, 0x5B, 0xC7, 0x9E, 0x75,
    0xF0, 0x2F, 0xE1, 0xD9, 0x17, 0x27, 0x4F, 0x8E, 0xC7, 0xFE, 0xD6, 0xF1, 0xEE, 0xC9, 0x38, 0x77,
    0x0B, 0x4D, 0xC2, 0x3A, 0x62, 0x0C, 0xE4, 0x20, 0x25, 0xC8, 0x18, 0xFD, 0x53, 0x6A, 0xB9, 0xB1,
    0x1E, 0xAD, 0xB9, 0xD6, 0x2F, 0x67, 0xF5, 0xA9, 0x28, 0xCA, 0x94, 0x82, 0x4E, 0xB9, 0xBD, 0x1B,
    0x94, 0xFB, 0x54, 0xFB, 0xBF, 0x72, 0x79, 0x54, 0x70, 0x4F, 0xE7, 0x31, 0x19, 0x40, 0xBE, 0xE5,
    0xBD, 0xD9, 0xFA, 0xD1, 0x7A, 0xF7, 0xB8, 0xD3, 0xC2, 0xBF, 0x90, 0x94, 0xBF, 0x2D, 0x9F, 0x7E,
    0xB8, 0x9F, 0x9F, 0x7E, 0x3B, 0xB1, 0x81, 0xB7, 0xA2, 0x4B, 0xD4, 0x65, 0x7B, 0x58, 0x25, 0xEE,
    0x25, 0x21, 0xF1, 0xD0, 0xF4, 0x46, 0xFC, 0xCD, 0x36, 0x90, 0xFC, 0x7C, 0x96, 0x9E, 0xDB, 0xED,
    0xAF, 0x61, 0x78, 0x68, 0x1B, 0x8F, 0xD4, 0x43, 0x3B, 0x44, 0x7D, 0xC4, 0x9C, 0x3F, 0x38, 0xB4,
    0x18, 0x6E, 0xA6, 0xE7, 0xDA, 0xB3, 0x15, 0xBD, 0x09, 0x5F, 0xBA, 0x83, 0xCF, 0x94, 0xDD, 0x2D,
    0xCC, 0x54, 0xCB, 0x11, 0xDD, 0x8C, 0xE1, 0x96, 0x22, 0x55, 0x5E, 0x76, 0xBA, 0xA7, 0xE2, 0xC0,
    0xF2, 0x23, 0x4D, 0x35, 0xBC, 0x1B, 0x05, 0x05, 0xF0, 0x4E, 0xD7, 0x44, 0x22, 0xA8, 0x16, 0xA6,
    0x29, 0xD2, 0xD9, 0xEF, 0x9A, 0x34, 0x12, 0x71, 0x50, 0x65, 0x85, 0x69, 0x37, 0x8F, 0xA7, 0x8B,
    0x86, 0x55, 0x73, 0x72, 0x19, 0x5D, 0xC2, 0x32, 0x72, 0x32, 0x44, 0x19, 0x45, 0x5D, 0xD4, 0x65,
    0x84, 0xA4, 0x5B, 0x8D, 0xAB, 0x5E, 0xE9, 0xAE, 0xCE, 0x15, 0x30, 0xF7, 0x5D, 0x0A, 0x95, 0x78,
    0xEF, 0x41, 0x7E, 0xE9, 0x8E, 0xA6, 0x38, 0x65, 0x63, 0xD6, 0x8F, 0x4C, 0x64, 0x84, 0x83, 0x12,
    0xAA, 0xCE, 0x57, 0xDD, 0x70, 0xDD, 0x8D, 0x98, 0x8D, 0x1F, 0x4E, 0x53, 0x2E, 0xC0, 0x4D, 0x9C,
    0x03, 0x75, 0x05, 0x1D, 0x9D, 0xCE, 0xDD, 0x01, 0x2C, 0x7C, 0xED, 0x62, 0xC1, 0xB5, 0xD8, 0x0E,
    0xCE, 0x30, 0x38, 0xCA, 0x24, 0x8C, 0x6F, 0xA1, 0x60, 0x97, 0xD2, 0xE7, 0xB6, 0xA9, 0x33, 0x08,
    0x18, 0xCC, 0xBB, 0x82, 0x0B, 0x5B, 0xA3, 0x39, 0xD7, 0xE8, 0x45, 0xD0, 0xBE, 0x1D, 0xF4, 0x07,
    0xD6, 0xC0, 0x18, 0x28, 0xB5, 0x94, 0xAA, 0xA6, 0x56, 0x02, 0x6A, 0x1E, 0xFC, 0xB2, 0x90, 0x3E,
    0x2A, 0xEC, 0x37, 0xB4, 0x69, 0xA6, 0x06, 0xB1, 0x41, 0xDD, 0xCC, 0x9E, 0xA9, 0x4A, 0xA2, 0x02,
    0xF0, 0xD2, 0x45, 0xBF, 0x6E, 0x05, 0x71, 0x05, 0x9E, 0x9C, 0x5B, 0xF9, 0x9D, 0x84, 0x0D, 0xA7,
    0x1B, 0x29, 0xB9, 0x4F, 0x52, 0x26, 0x4C, 0xFC, 0xB2, 0xE2, 0xE0, 0x8B, 0xE6, 0x47, 0xAF, 0x47,
    0x95, 0x7F, 0x00, 0xB5, 0x8E, 0x31, 0x0A, 0xC2, 0x40, 0x14, 0x05, 0x5F, 0x92, 0x22, 0x60, 0xD0,
    0x94, 0x82, 0xE6, 0x00, 0x29, 0x12, 0xB6, 0xD9, 0x22, 0x4D, 0xC8, 0x1E, 0xC9, 0x22, 0x42, 0x50,
    0x34, 0x7B, 0x04, 0x8F, 0xB0, 0x78, 0x02, 0x05, 0xD3, 0x19, 0xFD, 0x47, 0xF8, 0x47, 0xF8, 0x1E,
    0xC1, 0x5E, 0xD0, 0xC5, 0xD2, 0x5E, 0xA6, 0x1D, 0x98, 0x49, 0xA4, 0xEC, 0x74, 0xB1, 0xF2, 0xB4,
    0x79, 0xDD, 0xA6, 0x0C, 0x17, 0x4A, 0x2C, 0x99, 0xAB, 0x5C, 0xF3, 0x82, 0x83, 0x6B, 0x48, 0xA3,
    0x82, 0xB2, 0x01, 0x05, 0xB4, 0xB4, 0x23, 0x62, 0x2E, 0xD1, 0xE2, 0x6D, 0x1F, 0x2C, 0x32, 0xB0,
    0xB2, 0xBD, 0x38, 0x0E, 0x29, 0x42, 0x82, 0x29, 0x32, 0x8F, 0xB2, 0x6B, 0x3E, 0x51, 0x63, 0xB6,
    0xC4, 0xF2, 0xE4, 0xC6, 0x28, 0x73, 0xF6, 0xE6, 0x45, 0x94, 0xB7, 0x12, 0x33, 0x62, 0x23, 0x75,
    0x9B, 0xEB, 0x5C, 0x17, 0x7A, 0x77, 0x4D, 0x7E, 0xDA, 0x0B, 0xEC, 0x31, 0xF9, 0x92, 0xA2, 0x27,
    0x65, 0x07, 0x3E, 0x70, 0x64, 0x67, 0xE8, 0x70, 0x17, 0x65, 0x8E, 0x14, 0x91, 0x32, 0xFE, 0x83,
    0xE7, 0x74, 0xC3, 0xBF, 0x3F, 0x3F, 0x1D, 0xCE, 0xB1, 0x0D, 0xC2, 0x30, 0x10, 0x05, 0xD0, 0x1F,
    0xBB, 0x48, 0x61, 0x29, 0x9E, 0x20, 0x78, 0x03, 0x18, 0x81, 0x9B, 0x03, 0x86, 0x60, 0x03, 0x6C,
    0x89, 0x82, 0x35, 0xE8, 0x90, 0xA0, 0x60, 0x83, 0xF8, 0xD8, 0x80, 0x11, 0x28, 0x10, 0x0D, 0x05,
    0x51, 0x44, 0x43, 0x48, 0x30, 0x67, 0xAE, 0x78, 0xFA, 0x3A, 0xDD, 0x9D, 0xCE, 0x27, 0x76, 0x47,
    0xB6, 0x05, 0x5B, 0xC0, 0x2E, 0x60, 0x13, 0x24, 0xF8, 0x36, 0xEB, 0x28, 0x07, 0x78, 0x2A, 0x3E,
    0xAC, 0xCE, 0xAC, 0x03, 0x69, 0xC2, 0x7C, 0x84, 0x91, 0xDE, 0x80, 0x0A, 0x58, 0x1F, 0x82, 0x4F,
    0x21, 0xBE, 0x21, 0xD5, 0x9C, 0x48, 0xAC, 0xF5, 0xE6, 0xEF, 0x36, 0x5B, 0xAE, 0x5E, 0x0D, 0x5C,
    0x9C, 0x75, 0x0F, 0xB8, 0x9B, 0x51, 0x77, 0xD4, 0xB2, 0xFA, 0xCD, 0xAA, 0x25, 0xA6, 0x64, 0xF6,
    0x4F, 0x24, 0xD6, 0xDD, 0x20, 0xE7, 0x2E, 0xAA, 0x6F, 0x0D, 0xED, 0x2A, 0x90, 0x1F, 0x65, 0x00,
    0x71, 0xC0, 0x04, 0xF9, 0x87, 0xB2, 0xBF, 0x22, 0x86, 0x1F, 0x55, 0x8F, 0x31, 0x6E, 0xC2, 0x40,
    0x10, 0x45, 0x9F, 0xC7, 0x82, 0x95, 0x82, 0x62, 0x1A, 0x4A, 0x4B, 0x94, 0xD9, 0x22, 0x12, 0x2E,
    0x10, 0xA4, 0x89, 0xB2, 0x77, 0xE0, 0x22, 0x5B, 0xB8, 0xC7, 0x47, 0xC8, 0x11, 0x1C, 0x4E, 0x40,
    0x91, 0x3E, 0x73, 0x04, 0x8E, 0xE0, 0x23, 0xA4, 0xA0, 0x48, 0x81, 0xB4, 0x8C, 0x4D, 0xA2, 0x18,
    0xCD, 0xE8, 0x17, 0x6F, 0xFF, 0xFC, 0x99, 0x15, 0x78, 0x00, 0x0F, 0xFB, 0x74, 0x36, 0x2D, 0x40,
    0xC0, 0x31, 0xD7, 0x6D, 0xDC, 0x2D, 0x72, 0xC6, 0xD5, 0xBF, 0x48, 0x03, 0xAD, 0x59, 0x4D, 0x11,
    0x35, 0x72, 0x6F, 0xD9, 0x2D, 0xB6, 0x71, 0xAE, 0x0E, 0x11, 0x0A, 0xD1, 0x17, 0x8E, 0x66, 0x35,
    0x7D, 0x14, 0x35, 0xE2, 0xC2, 0x38, 0xF5, 0xD7, 0x1A, 0xC6, 0xF4, 0x8F, 0xA5, 0x0B, 0xCF, 0x56,
    0x1E, 0x3F, 0xF5, 0xA5, 0x5F, 0xFB, 0xF4, 0x53, 0x53, 0x32, 0xA5, 0x1B, 0xAA, 0xE5, 0x10, 0x3E,
    0xF4, 0x3D, 0x7E, 0x5D, 0xA8, 0x39, 0x49, 0xB0, 0x43, 0x26, 0x99, 0x96, 0x99, 0xC6, 0x4C, 0x53,
    0xD2, 0x88, 0x79, 0x99, 0xD8, 0xAD, 0x81, 0x19, 0xAC, 0xD2, 0xB9, 0x1A, 0x74, 0x36, 0x90, 0xEC,
    0x84, 0xFB, 0x64, 0xF9, 0xCA, 0xD3, 0x86, 0xBC, 0xEA, 0xDB, 0xAD, 0xFF, 0xDB, 0x76, 0x90, 0x37,
    0xFB, 0xD4, 0x41, 0xD5, 0x6B, 0xDE, 0x18, 0x19, 0x1B, 0x6E, 0x23, 0x36, 0x6B, 0x09, 0xAE, 0xEE,
    0xD3, 0x6E, 0x5F, 0x7D, 0x4B, 0xDF, 0x2D, 0x7E, 0x95, 0xBA, 0x42, 0x1A, 0x23, 0x57, 0x95, 0x54,
    0xBF, 0x6F, 0x23, 0x45, 0x14, 0xFE, 0x66, 0x57, 0xB0, 0x90, 0x75, 0xEC, 0x43, 0x22, 0xD5, 0xE5,
    0xCE, 0x57, 0x50, 0x98, 0xC8, 0xCA, 0x5A, 0xC2, 0x48, 0x8E, 0x64, 0xC7, 0x23, 0xA5, 0x05, 0x29,
    0x05, 0x6E, 0x40, 0x42, 0xA9, 0x8D, 0x74, 0x31, 0x92, 0x0B, 0xEB, 0x08, 0xE7, 0x81, 0x86, 0x82,
    0xC6, 0x12, 0xA2, 0xA3, 0x70, 0xE1, 0xE2, 0xF0, 0x15, 0x59, 0xE9, 0x5C, 0x9C, 0xA2, 0x04, 0xAF,
    0x68, 0x11, 0xB0, 0xFF, 0x00, 0xD1, 0x82, 0x40, 0x82, 0x04, 0xC4, 0x16, 0x2E, 0x4C, 0x94, 0x64,
    0xF8, 0x66, 0x9C, 0xF3, 0x9D, 0x2C, 0xEE, 0x80, 0xF5, 0xDB, 0xF5, 0x7B, 0xDF, 0x7C, 0xEF, 0xCD,
    0xAF, 0xF7, 0x5E, 0x15, 0x39, 0xDC, 0xC0, 0x32, 0xBF, 0x45, 0xF8, 0xA8, 0xC0, 0xD3, 0x29, 0xDC,
    0x93, 0x04, 0x22, 0x8A, 0x81, 0x1F, 0x23, 0xE0, 0x81, 0x04, 0x3E, 0x00, 0xB0, 0xC9, 0xB7, 0x08,
    0x78, 0x53, 0x64, 0x6F, 0x83, 0x74, 0x78, 0x70, 0xB4, 0xCC, 0xED, 0xA2, 0xEA, 0xA1, 0xED, 0x23,
    0xCC, 0x22, 0x5C, 0x46, 0x58, 0x44, 0x27, 0x44, 0xA0, 0x50, 0xD7, 0x78, 0xF5, 0x1D, 0x30, 0xE2,
    0x4C, 0x82, 0x3F, 0xB1, 0xB6, 0xFF, 0xD8, 0xE4, 0x10, 0x09, 0xF6, 0x19, 0x7F, 0x26, 0xBD, 0x93,
    0x4B, 0xE4, 0x51, 0x43, 0x15, 0x63, 0x54, 0x9C, 0x6F, 0xD0, 0xCE, 0x79, 0xB2, 0x5D, 0xF5, 0x64,
    0x39, 0xF1, 0x51, 0x57, 0x39, 0x3B, 0x16, 0x9C, 0x4C, 0xF0, 0xFE, 0x58, 0xCD, 0x7C, 0x0A, 0xC0,
    0x1E, 0xF0, 0x07, 0xC4, 0xF7, 0x70, 0x3E, 0x85, 0xBB, 0xA5, 0x7C, 0x37, 0x5A, 0x16, 0xF1, 0x2A,
    0x92, 0x0A, 0xD2, 0x8D, 0xC6, 0xA4, 0xAB, 0xA7, 0x63, 0x3D, 0xBD, 0xDB, 0x18, 0x55, 0xCD, 0x82,
    0x92, 0x9B, 0x22, 0xCA, 0x39, 0x91, 0xBF, 0x25, 0xDD, 0x4F, 0xE0, 0x7C, 0x0B, 0xF1, 0x3B, 0x30,
    0x05, 0x42, 0x08, 0x7D, 0x9E, 0x3B, 0x19, 0xD4, 0x80, 0xB6, 0xB1, 0xA0, 0xF5, 0xF4, 0x6C, 0x78,
    0x2F, 0xB4, 0x26, 0x41, 0x0E, 0x91, 0x00, 0xC4, 0x86, 0x76, 0xFA, 0x73, 0xCD, 0x95, 0x6D, 0x0F,
    0xE1, 0x92, 0xA1, 0x1D, 0x7C, 0x75, 0x2F, 0x2C, 0xA0, 0x5D, 0x46, 0xAD, 0x85, 0xDC, 0x99, 0xA1,
    0x89, 0x88, 0x07, 0x77, 0x1E, 0x0C, 0x07, 0x1D, 0x60, 0xD4, 0xD8, 0xD6, 0x7A, 0x12, 0x62, 0x9B,
    0x3A, 0x11, 0xE2, 0xFA, 0x02, 0xCD, 0xFD, 0x08, 0x22, 0xB5, 0xB1, 0x2B, 0x63, 0x7D, 0x3E, 0x1C,
    0x1E, 0x52, 0x31, 0xA6, 0x48, 0x39, 0x44, 0xC2, 0x2A, 0x17, 0x70, 0x81, 0xDD, 0xFD, 0xC8, 0x13,
    0x29, 0xA7, 0x72, 0x94, 0xA5, 0x9D, 0x1D, 0x9A, 0x3D, 0xB5, 0xDA, 0x78, 0x3D, 0x6D, 0x8E, 0x0D,
    0x8D, 0x37, 0xA5, 0xB5, 0x6C, 0xDE, 0x4F, 0x38, 0xCF, 0xCA, 0x5B, 0x9D, 0xAE, 0x3E, 0x7F, 0xD9,
    0xC4, 0x19, 0x11, 0x21, 0x5E, 0xD7, 0x3A, 0xCA, 0x7F, 0x7E, 0x9B, 0x27, 0x7C, 0xE3, 0x3F, 0xBF,
    0x39, 0x15, 0xC8, 0x6E, 0xA2, 0xA3, 0xBA, 0x4E, 0x36, 0x87, 0x69, 0x1E, 0x2D, 0x5F, 0x5D, 0x73,
    0x79, 0xF7, 0x5C, 0x6C, 0xC7, 0x4A, 0x0A, 0x87, 0xBB, 0x93, 0xBC, 0xF2, 0x5B, 0x45, 0xB4, 0xEE,
    0x0E, 0xD3, 0xAE, 0xE6, 0xEC, 0xBC, 0xC0, 0x95, 0x06, 0x57, 0xB3, 0xCA, 0xE9, 0x4B, 0x3C, 0xBE,
    0xD8, 0x89, 0x5C, 0xE9, 0x21, 0x4B, 0xA0, 0x80, 0x32, 0x81, 0x32, 0xB3, 0x25, 0x43, 0xDB, 0x83,
    0x2B, 0x19, 0x20, 0x26, 0x54, 0x22, 0x77, 0x55, 0x44, 0x22, 0xDA, 0x38, 0xF6, 0x27, 0xFE, 0x64,
    0xE3, 0xF8, 0x25, 0xEA, 0xF9, 0xA8, 0x1C, 0xB6, 0x4A, 0xED, 0x7E, 0x5E, 0x8D, 0x26, 0x0C, 0x5B,
    0xB6, 0x77, 0xC1, 0x09, 0x62, 0xA6, 0xA0, 0x99, 0xD9, 0x55, 0x17, 0x1E, 0xDE, 0xF5, 0xE1, 0x33,
    0xD4, 0x9B, 0x70, 0xBF, 0x80, 0xF3, 0x2B, 0xC4, 0xC4, 0xAE, 0x2F, 0x45, 0xB0, 0x85, 0x3B, 0x3F,
    0xA0, 0x3F, 0x42, 0xBF, 0x6D, 0x94, 0xC0, 0x43, 0xDE, 0x8B, 0xEF, 0x1C, 0x87, 0xFD, 0x51, 0x99,
    0x42, 0x25, 0xF0, 0xE2, 0xD0, 0x46, 0x7C, 0x9A, 0x1C, 0x0C, 0x07, 0xCC, 0x15, 0xE0, 0x96, 0xB1,
    0x9C, 0x18, 0x9E, 0x32, 0xB9, 0x5D, 0xE5, 0x91, 0x42, 0x24, 0x70, 0x23, 0x63, 0x05, 0xC3, 0x2F,
    0xBB, 0xFA, 0x32, 0x5C, 0x7C, 0x2A, 0xC9, 0xBF, 0xFD, 0xCC, 0x75, 0x1F, 0xDA, 0x4C, 0xFD, 0x0E,
    0xAE, 0xC9, 0x54, 0xC9, 0x4C, 0xCD, 0x8A, 0x88, 0x99, 0x5A, 0x44, 0x58, 0x46, 0x3B, 0x44, 0x85,
    0x42, 0x85, 0x26, 0x41, 0x0E, 0x91, 0x40, 0x1A, 0xC9, 0x74, 0xA1, 0xA3, 0x71, 0xEF, 0xC0, 0x61,
    0x81, 0xDC, 0x8F, 0xAB, 0x48, 0x2B, 0xC6, 0xAB, 0xF5, 0xBF, 0x84, 0x2E, 0x74, 0xA4, 0x3B, 0x83,
    0x20, 0x17, 0x61, 0x93, 0xAB, 0x92, 0x68, 0x3D, 0xF3, 0x50, 0xAC, 0x90, 0x98, 0x57, 0x36, 0x03,
    0x1E, 0x62, 0xE1, 0xE9, 0x60, 0xF4, 0xD0, 0xA2, 0x73, 0x65, 0x61, 0xF8, 0x0A, 0xDB, 0xEB, 0xCC,
    0xBE, 0xFF, 0x48, 0x9B, 0x83, 0x42, 0x5E, 0xCB, 0xFF, 0x95, 0x94, 0x03, 0xB5, 0xA0, 0xDB, 0x24,
    0x4B, 0x57, 0x1A, 0xDB, 0x73, 0xE5, 0x39, 0x81, 0xFA, 0x29, 0x76, 0x8E, 0x30, 0x57, 0xF8, 0xFC,
    0xF6, 0x76, 0xB4, 0x7B, 0x29, 0x67, 0x7C, 0x2A, 0x34, 0xAF, 0xBA, 0x04, 0x33, 0xF4, 0x17, 0x47,
    0xD5, 0xF5, 0xCD, 0xC6, 0x0B, 0x2C, 0x9A, 0xA8, 0xD1, 0x30, 0xA4, 0x45, 0xE5, 0x45, 0x7C, 0xE8,
    0xC5, 0x35, 0x76, 0x37, 0x2F, 0xC6, 0x11, 0xAD, 0xAB, 0xCC, 0x2E, 0x23, 0x90, 0x4E, 0x82, 0x75,
    0xAC, 0x3B, 0x49, 0x20, 0x5F, 0xC1, 0x23, 0x1C, 0x4B, 0xE8, 0xE3, 0xC8, 0x8F, 0x7D, 0x75, 0x84,
    0x1A, 0xCB, 0xE4, 0x7A, 0x8F, 0x6B, 0xA0, 0x6D, 0xF0, 0x82, 0xA3, 0x90, 0xFF, 0x68, 0x0A, 0x31,
    0xBD, 0x4E, 0x45, 0xA4, 0xFC, 0xEF, 0x19, 0xDB, 0xE0, 0xF3, 0xA2, 0xB5, 0x65, 0x5F, 0xC5, 0x13,
    0x45, 0x3B, 0xCF, 0x73, 0xD3, 0x41, 0xF6, 0x07, 0x1D, 0xDB, 0x48, 0xD3, 0x55, 0x84, 0x15, 0x74,
    0x4A, 0x08, 0xCE, 0x06, 0xCF, 0xB3, 0x0D, 0xCD, 0xAA, 0x81, 0xA7, 0x92, 0x35, 0x2D, 0x80, 0x45,
    0xA6, 0x2F, 0x65, 0x73, 0x9C, 0xA0, 0xC5, 0xD4, 0xAF, 0x20, 0xAE, 0x8A, 0xA8, 0xE2, 0xA8, 0xD1,
    0x7B, 0xA7, 0x26, 0xA0, 0x6F, 0x29, 0x19, 0x3C, 0x6E, 0x49, 0xA1, 0x2D, 0x97, 0xD0, 0xDE, 0xCC,
    0xAC, 0x25, 0x71, 0x3B, 0x6B, 0xC3, 0x01, 0xDB, 0xC7, 0xB3, 0x16, 0x06, 0x34, 0x87, 0x7D, 0xF6,
    0x32, 0x31, 0xEE, 0xC1, 0x7F, 0xA3, 0x83, 0x42, 0x66, 0x09, 0xA5, 0x8C, 0x8B, 0x9D, 0x8C, 0x23,
    0xC7, 0x5A, 0xAB, 0x7E, 0xC6, 0x51, 0x46, 0x37, 0x58, 0x31, 0x93, 0xB5, 0x1C, 0xC3, 0xB5, 0x7C,
    0x49, 0x3E, 0x4F, 0xA5, 0x04, 0xF2, 0x71, 0xC5, 0xE7, 0x0E, 0x76, 0xD8, 0x0E, 0x0C, 0x56, 0xE4,
    0x4E, 0x0C, 0xE7, 0x49, 0x3E, 0x4F, 0x1B, 0xAF, 0xA9, 0x07, 0xD8, 0xF9, 0xE9, 0x63, 0xD9, 0xDB,
    0x14, 0xAA, 0xB7, 0x2E, 0x94, 0xD1, 0x0D, 0x66, 0xC6, 0x16, 0xF9, 0x05, 0x62, 0x25, 0x90, 0xEF,
    0x7C, 0x2D, 0x7B, 0x4B, 0xE4, 0x17, 0xC8, 0x4F, 0x1C, 0xF2, 0x5D, 0x8E, 0x2C, 0xCD, 0xF9, 0xA6,
    0x0C, 0x9F, 0x2E, 0x6B, 0x07, 0xFD, 0xAE, 0x9E, 0xB0, 0xF9, 0x54, 0x3D, 0x15, 0xEE, 0xF9, 0xCA,
    0x74, 0x21, 0xFC, 0x0D, 0x8D, 0x90, 0x31, 0x4A, 0x44, 0x31, 0x10, 0x86, 0xBF, 0x25, 0x76, 0x11,
    0x73, 0x81, 0xC0, 0xDE, 0x40, 0x2D, 0x53, 0x49, 0xD6, 0xD6, 0xC6, 0x6A, 0xDB, 0x77, 0x01, 0x0B,
    0x0B, 0xAD, 0x93, 0x9B, 0xE8, 0x05, 0x04, 0x5B, 0x41, 0xC9, 0xEB, 0xB7, 0x99, 0x23, 0xAC, 0xA0,
    0x6E, 0xB1, 0x4D, 0x04, 0x15, 0x94, 0xAC, 0xCF, 0x64, 0x6D, 0x04, 0x5D, 0x10, 0xE6, 0x9F, 0x66,
    0x66, 0xBE, 0xF9, 0x67, 0x48, 0x17, 0xA2, 0x16, 0xEF, 0x59, 0x33, 0xC7, 0x54, 0x85, 0x61, 0xF0,
    0xDD, 0xF4, 0x91, 0x1D, 0xE4, 0x97, 0xCC, 0xE4, 0x81, 0x30, 0x5B, 0x41, 0x8A, 0x6A, 0x29, 0x9A,
    0xDE, 0x50, 0xFB, 0xA5, 0x9B, 0x4A, 0xAD, 0xFE, 0x0C, 0x33, 0x99, 0x87, 0x59, 0x21, 0x88, 0x7A,
    0x12, 0xED, 0xC5, 0x20, 0x21, 0x4B, 0x77, 0xBC, 0xA1, 0x2D, 0x75, 0x2F, 0xA8, 0xC5, 0xEA, 0x16,
    0x4D, 0xDE, 0x5E, 0x9B, 0x68, 0x2E, 0x0A, 0xD5, 0xC6, 0x49, 0xDB, 0x6B, 0xFF, 0x4C, 0x75, 0x78,
    0xB7, 0xBA, 0x29, 0x43, 0x24, 0x1D, 0x15, 0xD4, 0xF2, 0x73, 0x0D, 0xB0, 0x0D, 0x60, 0x1B, 0xC0,
    0x36, 0x80, 0xFD, 0x07, 0xA0, 0x1F, 0x15, 0x50, 0x57, 0xA0, 0xB7, 0xBE, 0xEF, 0xDC, 0xFC, 0x83,
    0xFA, 0x23, 0xFF, 0x11, 0x43, 0x1F, 0x3C, 0x21, 0xC2, 0x5B, 0x66, 0xD4, 0x9F, 0x55, 0x39, 0xC6,
    0xF7, 0x83, 0x9C, 0x3F, 0xDF, 0xF8, 0xEB, 0x7D, 0xC7, 0x1D, 0x8E, 0x3D, 0x71, 0x1C, 0x66, 0x87,
    0x9C, 0x3A, 0x5E, 0xF3, 0xC1, 0x65, 0x8A, 0x63, 0xF9, 0x02, 0x63, 0x60, 0x68, 0x60, 0x60, 0x60,
    0x60, 0xFE, 0x00, 0x24, 0xF8, 0xFF, 0x00, 0x09, 0x0B, 0x79, 0x20, 0xF1, 0x85, 0xF9, 0x00, 0x03,
    0xF3, 0xFF, 0x8F, 0x1F, 0x18, 0xF8, 0xFF, 0xFF, 0xF8, 0xC3, 0x60, 0xFF, 0xFF, 0xC1, 0x7F, 0x06,
    0xFB, 0x3F, 0x4C, 0xFF, 0x81, 0x2A, 0xF4, 0xFF, 0x30, 0x30, 0xFF, 0xA9, 0x07, 0xAA, 0xFE, 0xFF,
    0xFF, 0x00, 0x03, 0x83, 0x9D, 0x3D, 0x50, 0x31, 0x9F, 0x0D, 0xCC, 0x00, 0x90, 0x51, 0x00,
};

static const EpdGlyph bookerly_8_regularGlyphs[] = {
    { 0, 0, 0, 0, 0, 0, 0 }, // U+0000
    { 0, 0, 0, 0, 0, 0, 0 }, // U+0008
    { 0, 0, 57, 0, 0, 0, 0 }, // U+0009
    { 0, 0, 57, 0, 0, 0, 0 }, // U+000D
    { 0, 0, 0, 0, 0, 0, 0 }, // U+001D
    { 0, 0, 57, 0, 0, 0, 0 }, // U+0020
    { 3, 13, 73, 1, 13, 10, 0 }, // !
    { 6, 6, 98, 0, 12, 9, 10 }, // "
    { 11, 11, 166, 0, 10, 31, 19 }, // #
    { 9, 17, 141, 0, 14, 39, 50 }, // $
    { 15, 13, 258, 1, 12, 49, 89 }, // %
    { 14, 12, 214, 0, 12, 42, 138 }, // &
    { 3, 6, 52, 0, 12, 5, 180 }, // '
    { 6, 16, 97, 0, 13, 24, 185 }, // (
    { 6, 16, 97, 0, 13, 24, 209 }, // )
    { 6, 5, 99, 0, 12, 8, 233 }, // *
    { 8, 8, 166, 1, 9, 16, 241 }, // +
    { 4, 6, 73, 0, 3, 6, 257 }, // ,
    { 6, 2, 100, 0, 5, 3, 263 }, // -
    { 3, 3, 73, 1, 3, 3, 266 }, // .
    { 8, 13, 131, 0, 12, 26, 269 }, // /
    { 10, 12, 166, 0, 12, 30, 295 }, // 0
    { 7, 12, 114, 0, 12, 21, 325 }, // 1
    { 9, 12, 144, 0, 12, 27, 346 }, // 2
    { 8, 12, 136, 0, 12, 24, 373 }, // 3
    { 10, 12, 161, 0, 12, 30, 397 }, // 4
    { 8, 12, 136, 0, 12, 24, 427 }, // 5
    { 9, 12, 152, 0, 12, 27, 451 }, // 6
    { 9, 12, 141, 0, 12, 27, 478 }, // 7
    { 8, 12, 156, 1, 12, 24, 505 }, // 8
    { 9, 12, 152, 0, 12, 27, 529 }, // 9
    { 3, 9, 73, 1, 9, 7, 556 }, // :
    { 4, 12, 73, 0, 9, 12, 563 }, // ;
    { 8, 8, 166, 1, 10, 16, 575 }, // <
    { 8, 5, 166, 1, 8, 10, 591 }, // =
    { 8, 8, 166, 1, 10, 16, 601 }, // >
    { 7, 12, 127, 1, 12, 21, 617 }, // ?
    { 16, 15, 255, 0, 12, 60, 638 }, // @
    { 13, 12, 198, 0, 12, 39, 698 }, // A
    { 10, 12, 165, 0, 12, 30, 737 }, // B
    { 11, 12, 171, 0, 12, 33, 767 }, // C
    { 12, 13, 200, 0, 12, 39, 800 }, // D
    { 11, 12, 168, 0, 12, 33, 839 }, // E
    { 10, 12, 152, 0, 12, 30, 872 }, // F
    { 12, 12, 194, 0, 12, 36, 902 }, // G
    { 14, 12, 223, 0, 12, 42, 938 }, // H
    { 6, 12, 101, 0, 12, 18, 980 }, // I
    { 7, 16, 97, -1, 12, 28, 998 }, // J
    { 13, 12, 194, 0, 12, 39, 1026 }, // K
    { 11, 12, 161, 0, 12, 33, 1065 }, // L
    { 16, 12, 238, 0, 12, 48, 1098 }, // M
    { 14, 12, 217, 0, 12, 42, 1146 }, // N
    { 13, 12, 208, 0, 12, 39, 1188 }, // O
    { 10, 12, 158, 0, 12, 30, 1227 }, // P
    { 14, 15, 208, 0, 12, 53, 1257 }, // Q
    { 12, 12, 181, 0, 12, 36, 1310 }, // R
    { 9, 12, 147, 0, 12, 27, 1346 }, // S
    { 11, 12, 183, 0, 12, 33, 1373 }, // T
    { 13, 12, 206, 0, 12, 39, 1406 }, // U
    { 13, 12, 196, 0, 12, 39, 1445 }, // V
    { 19, 12, 296, 0, 12, 57, 1484 }, // W
    { 13, 12, 194, 0, 12, 39, 1541 }, // X
    { 12, 12, 182, 0, 12, 36, 1580 }, // Y
    { 10, 13, 158, 0, 12, 33, 1616 }, // Z
    { 4, 16, 82, 1, 13, 16, 1649 }, // [
    { 8, 13, 131, 0, 12, 26, 1665 }, // <backslash>
    { 4, 16, 82, 0, 13, 16, 1691 }, // ]
    { 9, 8, 166, 1, 11, 18, 1707 }, // ^
    { 9, 2, 133, 0, -1, 5, 1725 }, // _
    { 5, 4, 179, 3, 14, 5, 1730 }, // `
    { 10, 9, 146, 0, 9, 23, 1735 }, // a
    { 11, 13, 159, -1, 13, 36, 1758 }, // b
    { 9, 9, 135, 0, 9, 21, 1794 }, // c
    { 11, 13, 166, 0, 13, 36, 1815 }, // d
    { 9, 9, 139, 0, 9, 21, 1851 }, // e
    { 9, 13, 108, 0, 13, 30, 1872 }, // f
    { 10, 13, 155, 0, 9, 33, 1902 }, // g
    { 11, 13, 176, 0, 13, 36, 1935 }, // h
    { 6, 14, 88, 0, 14, 21, 1971 }, // i
    { 5, 18, 77, -1, 14, 23, 1992 }, // j
    { 11, 13, 161, 0, 13, 36, 2015 }, // k
    { 6, 13, 87, 0, 13, 20, 2051 }, // l
    { 17, 9, 266, 0, 9, 39, 2071 }, // m
    { 12, 9, 179, 0, 9, 27, 2110 }, // n
    { 10, 9, 159, 0, 9, 23, 2137 }, // o
    { 10, 13, 164, 0, 9, 33, 2160 }, // p
    { 11, 13, 158, 0, 9, 36, 2193 }, // q
    { 8, 9, 123, 0, 9, 18, 2229 }, // r
    { 7, 9, 128, 1, 9, 16, 2247 }, // s
    { 7, 11, 109, 0, 11, 20, 2263 }, // t
    { 11, 9, 173, 0, 9, 25, 2283 }, // u
    { 11, 9, 160, 0, 9, 25, 2308 }, // v
    { 15, 9, 238, 0, 9, 34, 2333 }, // w
    { 10, 9, 158, 0, 9, 23, 2367 }, // x
    { 11, 13, 160, 0, 9, 36, 2390 }, // y
    { 9, 10, 134, 0, 9, 23, 2426 }, // z
    { 6, 16, 103, 1, 13, 24, 2449 }, // {
    { 2, 15, 73, 1, 13, 8, 2473 }, // |
    { 6, 16, 103, 0, 13, 24, 2481 }, // }
    { 9, 3, 166, 1, 7, 7, 2505 }, // ~
    { 0, 0, 57, 0, 0, 0, 0 }, // U+00A0
    { 4, 13, 73, 0, 9, 13, 0 }, // U+00A1
    { 9, 16, 142, 0, 13, 36, 13 }, // U+00A2
    { 10, 11, 145, 0, 11, 28, 49 }, // U+00A3
    { 10, 9, 157, 0, 9, 23, 77 }, // U+00A4
    { 11, 11, 175, 0, 11, 31, 100 }, // U+00A5
    { 2, 15, 73, 1, 13, 8, 131 }, // U+00A6
    { 8, 14, 136, 0, 12, 28, 139 }, // U+00A7
    { 7, 3, 179, 2, 14, 6, 167 }, // U+00A8
    { 13, 12, 209, 0, 12, 39, 173 }, // U+00A9
    { 6, 8, 119, 1, 12, 12, 212 }, // U+00AA
    { 9, 6, 140, 0, 7, 14, 224 }, // U+00AB
    { 8, 4, 166, 1, 8, 8, 238 }, // U+00AC
    { 6, 2, 100, 0, 5, 3, 246 }, // U+00AD
    { 10, 9, 155, 0, 13, 23, 249 }, // U+00AE
    { 7, 2, 179, 2, 13, 4, 272 }, // U+00AF
    { 7, 5, 141, 1, 12, 9, 276 }, // U+00B0
    { 8, 11, 166, 1, 10, 22, 285 }, // U+00B1
    { 6, 7, 119, 1, 14, 11, 307 }, // U+00B2
    { 6, 8, 119, 1, 14, 12, 318 }, // U+00B3
    { 4, 4, 179, 4, 14, 4, 330 }, // U+00B4
    { 11, 13, 178, 1, 9, 36, 334 }, // U+00B5
    { 9, 15, 145, 0, 12, 34, 370 }, // U+00B6
    { 3, 3, 73, 1, 7, 3, 404 }, // U+00B7
    { 4, 4, 179, 4, -1, 4, 407 }, // U+00B8
    { 6, 7, 119, 1, 14, 11, 411 }, // U+00B9
    { 6, 8, 121, 1, 12, 12, 422 }, // U+00BA
    { 10, 6, 140, 0, 7, 15, 434 }, // U+00BB
    { 17, 13, 287, 1, 12, 56, 449 }, // U+00BC
    { 17, 13, 287, 1, 12, 56, 505 }, // U+00BD
    { 17, 13, 287, 1, 12, 56, 561 }, // U+00BE
    { 7, 12, 127, 0, 9, 21, 617 }, // U+00BF
    { 13, 16, 198, 0, 16, 52, 638 }, // U+00C0
    { 13, 16, 198, 0, 16, 52, 690 }, // U+00C1
    { 13, 17, 198, 0, 17, 56, 742 }, // U+00C2
    { 13, 16, 198, 0, 16, 52, 798 }, // U+00C3
    { 13, 16, 198, 0, 16, 52, 850 }, // U+00C4
    { 13, 17, 198, 0, 17, 56, 902 }, // U+00C5
    { 17, 12, 248, -1, 12, 51, 958 }, // U+00C6
    { 11, 17, 171, 0, 12, 47, 1009 }, // U+00C7
    { 11, 16, 168, 0, 16, 44, 1056 }, // U+00C8
    { 11, 16, 168, 0, 16, 44, 1100 }, // U+00C9
    { 11, 17, 168, 0, 17, 47, 1144 }, // U+00CA
    { 11, 16, 168, 0, 16, 44, 1191 }, // U+00CB
    { 6, 16, 101, 0, 16, 24, 1235 }, // U+00CC
    { 6, 16, 101, 0, 16, 24, 1259 }, // U+00CD
    { 7, 17, 101, 0, 17, 30, 1283 }, // U+00CE
    { 7, 16, 101, 0, 16, 28, 1313 }, // U+00CF
    { 12, 12, 200, 0, 12, 36, 1341 }, // U+00D0
    { 14, 16, 217, 0, 16, 56, 1377 }, // U+00D1
    { 13, 16, 208, 0, 16, 52, 1433 }, // U+00D2
    { 13, 16, 208, 0, 16, 52, 1485 }, // U+00D3
    { 13, 17, 208, 0, 17, 56, 1537 }, // U+00D4
    { 13, 16, 208, 0, 16, 52, 1593 }, // U+00D5
    { 13, 16, 208, 0, 16, 52, 1645 }, // U+00D6
    { 7, 7, 166, 2, 9, 13, 1697 }, // U+00D7
    { 13, 12, 208, 0, 12, 39, 1710 }, // U+00D8
    { 13, 16, 206, 0, 16, 52, 1749 }, // U+00D9
    { 13, 16, 206, 0, 16, 52, 1801 }, // U+00DA
    { 13, 17, 206, 0, 17, 56, 1853 }, // U+00DB
    { 13, 16, 206, 0, 16, 52, 1909 }, // U+00DC
    { 12, 16, 182, 0, 16, 48, 1961 }, // U+00DD
    { 10, 12, 166, 0, 12, 30, 2009 }, // U+00DE
    { 11, 13, 173, 0, 13, 36, 2039 }, // U+00DF
    { 10, 14, 146, 0, 14, 35, 2075 }, // U+00E0
    { 10, 14, 146, 0, 14, 35, 2110 }, // U+00E1
    { 10, 14, 146, 0, 14, 35, 2145 }, // U+00E2
    { 10, 13, 146, 0, 13, 33, 2180 }, // U+00E3
    { 10, 14, 146, 0, 14, 35, 2213 }, // U+00E4
    { 10, 15, 146, 0, 15, 38, 2248 }, // U+00E5
    { 14, 9, 217, 0, 9, 32, 2286 }, // U+00E6
    { 9, 14, 135, 0, 9, 32, 2318 }, // U+00E7
    { 9, 14, 139, 0, 14, 32, 2350 }, // U+00E8
    { 9, 14, 139, 0, 14, 32, 2382 }, // U+00E9
    { 9, 14, 139, 0, 14, 32, 2414 }, // U+00EA
    { 9, 14, 139, 0, 14, 32, 2446 }, // U+00EB
    { 6, 14, 88, 0, 14, 21, 2478 }, // U+00EC
    { 6, 14, 88, 0, 14, 21, 2499 }, // U+00ED
    { 6, 14, 88, 0, 14, 21, 2520 }, // U+00EE
    { 7, 14, 88, -1, 14, 25, 2541 }, // U+00EF
    { 10, 14, 159, 0, 14, 35, 2566 }, // U+00F0
    { 12, 13, 179, 0, 13, 39, 2601 }, // U+00F1
    { 10, 14, 159, 0, 14, 35, 2640 }, // U+00F2
    { 10, 14, 159, 0, 14, 35, 2675 }, // U+00F3
    { 10, 14, 159, 0, 14, 35, 2710 }, // U+00F4
    { 10, 13, 159, 0, 13, 33, 2745 }, // U+00F5
    { 10, 14, 159, 0, 14, 35, 2778 }, // U+00F6
    { 8, 10, 166, 1, 10, 20, 2813 }, // U+00F7
    { 10, 9, 159, 0, 9, 23, 2833 }, // U+00F8
    { 11, 14, 173, 0, 14, 39, 2856 }, // U+00F9
    { 11, 14, 173, 0, 14, 39, 2895 }, // U+00FA
    { 11, 14, 173, 0, 14, 39, 2934 }, // U+00FB
    { 11, 14, 173, 0, 14, 39, 2973 }, // U+00FC
    { 11, 18, 160, 0, 14, 50, 3012 }, // U+00FD
    { 10, 17, 166, 0, 13, 43, 3062 }, // U+00FE
    { 11, 18, 160, 0, 14, 50, 3105 }, // U+00FF
    { 13, 15, 198, 0, 15, 49, 0 }, // U+0100
    { 10, 13, 146, 0, 13, 33, 49 }, // U+0101
    { 13, 16, 198, 0, 16, 52, 82 }, // U+0102
    { 10, 13, 146, 0, 13, 33, 134 }, // U+0103
    { 13, 16, 198, 0, 12, 52, 167 }, // U+0104
    { 10, 12, 146, 0, 9, 30, 219 }, // U+0105
    { 11, 16, 171, 0, 16, 44, 249 }, // U+0106
    { 9, 14, 135, 0, 14, 32, 293 }, // U+0107
    { 11, 17, 171, 0, 17, 47, 325 }, // U+0108
    { 9, 14, 135, 0, 14, 32, 372 }, // U+0109
    { 11, 16, 171, 0, 16, 44, 404 }, // U+010A
    { 9, 14, 135, 0, 14, 32, 448 }, // U+010B
    { 11, 17, 171, 0, 17, 47, 480 }, // U+010C
    { 9, 14, 135, 0, 14, 32, 527 }, // U+010D
    { 12, 18, 200, 0, 17, 54, 559 }, // U+010E
    { 12, 15, 172, 0, 15, 45, 613 }, // U+010F
    { 12, 12, 200, 0, 12, 36, 658 }, // U+0110
    { 11, 13, 166, 0, 13, 36, 694 }, // U+0111
    { 11, 15, 168, 0, 15, 42, 730 }, // U+0112
    { 9, 13, 139, 0, 13, 30, 772 }, // U+0113
    { 11, 16, 168, 0, 16, 44, 802 }, // U+0114
    { 9, 13, 139, 0, 13, 30, 846 }, // U+0115
    { 11, 16, 168, 0, 16, 44, 876 }, // U+0116
    { 9, 14, 139, 0, 14, 32, 920 }, // U+0117
    { 11, 16, 168, 0, 12, 44, 952 }, // U+0118
    { 9, 12, 139, 0, 9, 27, 996 }, // U+0119
    { 11, 17, 168, 0, 17, 47, 1023 }, // U+011A
    { 9, 14, 139, 0, 14, 32, 1070 }, // U+011B
    { 12, 17, 194, 0, 17, 51, 1102 }, // U+011C
    { 10, 18, 155, 0, 14, 45, 1153 }, // U+011D
    { 12, 16, 194, 0, 16, 48, 1198 }, // U+011E
    { 10, 17, 155, 0, 13, 43, 1246 }, // U+011F
    { 12, 16, 194, 0, 16, 48, 1289 }, // U+0120
    { 10, 18, 155, 0, 14, 45, 1337 }, // U+0121
    { 12, 17, 194, 0, 12, 51, 1382 }, // U+0122
    { 10, 19, 155, 0, 15, 48, 1433 }, // U+0123
    { 14, 17, 223, 0, 17, 60, 1481 }, // U+0124
    { 12, 17, 176, -1, 17, 51, 1541 }, // U+0125
    { 14, 12, 223, 0, 12, 42, 1592 }, // U+0126
    { 11, 13, 176, 0, 13, 36, 1634 }, // U+0127
    { 6, 16, 101, 0, 16, 24, 1670 }, // U+0128
    { 6, 13, 88, 0, 13, 20, 1694 }, // U+0129
    { 6, 15, 101, 0, 15, 23, 1714 }, // U+012A
    { 6, 13, 88, 0, 13, 20, 1737 }, // U+012B
    { 6, 16, 101, 0, 16, 24, 1757 }, // U+012C
    { 6, 13, 88, 0, 13, 20, 1781 }, // U+012D
    { 6, 16, 101, 0, 12, 24, 1801 }, // U+012E
    { 6, 18, 88, 0, 14, 27, 1825 }, // U+012F
    { 6, 16, 101, 0, 16, 24, 1852 }, // U+0130
    { 6, 9, 88, 0, 9, 14, 1876 }, // U+0131
    { 12, 16, 192, 0, 12, 48, 1890 }, // U+0132
    { 10, 18, 162, 0, 14, 45, 1938 }, // U+0133
    { 8, 21, 97, -1, 17, 42, 1983 }, // U+0134
    { 7, 18, 77, -1, 14, 32, 2025 }, // U+0135
    { 13, 17, 194, 0, 12, 56, 2057 }, // U+0136
    { 11, 18, 161, 0, 13, 50, 2113 }, // U+0137
    { 11, 9, 164, 0, 9, 25, 2163 }, // U+0138
    { 11, 16, 161, 0, 16, 44, 2188 }, // U+0139
    { 6, 17, 87, 0, 17, 26, 2232 }, // U+013A
    { 11, 17, 161, 0, 12, 47, 2258 }, // U+013B
    { 6, 18, 87, 0, 13, 27, 2305 }, // U+013C
    { 11, 15, 161, 0, 15, 42, 2332 }, // U+013D
    { 7, 15, 92, 0, 15, 27, 2374 }, // U+013E
    { 11, 12, 161, 0, 12, 33, 2401 }, // U+013F
    { 8, 13, 125, 0, 13, 26, 2434 }, // U+0140
    { 12, 12, 161, -1, 12, 36, 2460 }, // U+0141
    { 7, 13, 87, -1, 13, 23, 2496 }, // U+0142
    { 14, 16, 217, 0, 16, 56, 2519 }, // U+0143
    { 12, 14, 179, 0, 14, 42, 2575 }, // U+0144
    { 14, 17, 217, 0, 12, 60, 2617 }, // U+0145
    { 12, 14, 179, 0, 9, 42, 2677 }, // U+0146
    { 14, 17, 217, 0, 17, 60, 2719 }, // U+0147
    { 12, 14, 179, 0, 14, 42, 2779 }, // U+0148
    { 16, 13, 241, 0, 13, 52, 2821 }, // U+0149
    { 14, 15, 217, 0, 12, 53, 2873 }, // U+014A
    { 10, 13, 172, 0, 9, 33, 2926 }, // U+014B
    { 13, 15, 208, 0, 15, 49, 2959 }, // U+014C
    { 10, 13, 159, 0, 13, 33, 3008 }, // U+014D
    { 13, 16, 208, 0, 16, 52, 3041 }, // U+014E
    { 10, 13, 159, 0, 13, 33, 3093 }, // U+014F
    { 13, 17, 208, 0, 17, 56, 3126 }, // U+0150
    { 10, 14, 159, 0, 14, 35, 3182 }, // U+0151
    { 16, 12, 258, 0, 12, 48, 3217 }, // U+0152
    { 15, 9, 242, 0, 9, 34, 3265 }, // U+0153
    { 12, 16, 181, 0, 16, 48, 3299 }, // U+0154
    { 8, 14, 123, 0, 14, 28, 3347 }, // U+0155
    { 12, 17, 181, 0, 12, 51, 3375 }, // U+0156
    { 8, 14, 123, 0, 9, 28, 3426 }, // U+0157
    { 12, 17, 181, 0, 17, 51, 3454 }, // U+0158
    { 8, 14, 123, 0, 14, 28, 3505 }, // U+0159
    { 9, 16, 147, 0, 16, 36, 3533 }, // U+015A
    { 7, 14, 128, 1, 14, 25, 3569 }, // U+015B
    { 9, 17, 147, 0, 17, 39, 3594 }, // U+015C
    { 7, 14, 128, 1, 14, 25, 3633 }, // U+015D
    { 9, 17, 147, 0, 12, 39, 3658 }, // U+015E
    { 7, 14, 128, 1, 9, 25, 3697 }, // U+015F
    { 9, 17, 147, 0, 17, 39, 3722 }, // U+0160
    { 7, 14, 128, 1, 14, 25, 3761 }, // U+0161
    { 11, 17, 183, 0, 12, 47, 3786 }, // U+0162
    { 7, 16, 109, 0, 11, 28, 3833 }, // U+0163
    { 11, 17, 183, 0, 17, 47, 3861 }, // U+0164
    { 7, 13, 109, 0, 13, 23, 3908 }, // U+0165
    { 11, 12, 183, 0, 12, 33, 3931 }, // U+0166
    { 7, 11, 109, 0, 11, 20, 3964 }, // U+0167
    { 13, 16, 206, 0, 16, 52, 3984 }, // U+0168
    { 11, 13, 173, 0, 13, 36, 4036 }, // U+0169
    { 13, 15, 206, 0, 15, 49, 4072 }, // U+016A
    { 11, 13, 173, 0, 13, 36, 4121 }, // U+016B
    { 13, 16, 206, 0, 16, 52, 4157 }, // U+016C
    { 11, 13, 173, 0, 13, 36, 4209 }, // U+016D
    { 13, 17, 206, 0, 17, 56, 4245 }, // U+016E
    { 11, 15, 173, 0, 15, 42, 4301 }, // U+016F
    { 13, 17, 206, 0, 17, 56, 4343 }, // U+0170
    { 11, 14, 173, 0, 14, 39, 4399 }, // U+0171
    { 13, 16, 206, 0, 12, 52, 4438 }, // U+0172
    { 11, 13, 173, 0, 9, 36, 4490 }, // U+0173
    { 19, 17, 296, 0, 17, 81, 4526 }, // U+0174
    { 15, 14, 238, 0, 14, 53, 4607 }, // U+0175
    { 12, 17, 182, 0, 17, 51, 4660 }, // U+0176
    { 11, 18, 160, 0, 14, 50, 4711 }, // U+0177
    { 12, 16, 182, 0, 16, 48, 4761 }, // U+0178
    { 10, 17, 158, 0, 16, 43, 4809 }, // U+0179
    { 9, 15, 134, 0, 14, 34, 4852 }, // U+017A
    { 10, 17, 158, 0, 16, 43, 4886 }, // U+017B
    { 9, 15, 134, 0, 14, 34, 4929 }, // U+017C
    { 10, 18, 158, 0, 17, 45, 4963 }, // U+017D
    { 9, 15, 134, 0, 14, 34, 5008 }, // U+017E
    { 9, 13, 108, 0, 13, 30, 5042 }, // U+017F
    { 23, 18, 358, 0, 17, 104, 0 }, // U+01C4
    { 21, 15, 334, 0, 14, 79, 104 }, // U+01C5
    { 19, 15, 300, 0, 14, 72, 183 }, // U+01C6
    { 17, 16, 257, 0, 12, 68, 255 }, // U+01C7
    { 14, 18, 237, 0, 14, 63, 323 }, // U+01C8
    { 10, 18, 163, 0, 14, 45, 386 }, // U+01C9
    { 20, 16, 314, 0, 12, 80, 431 }, // U+01CA
    { 18, 18, 294, 0, 14, 81, 511 }, // U+01CB
    { 16, 18, 256, 0, 14, 72, 592 }, // U+01CC
    { 13, 17, 198, 0, 17, 56, 664 }, // U+01CD
    { 10, 14, 146, 0, 14, 35, 720 }, // U+01CE
    { 7, 17, 101, 0, 17, 30, 755 }, // U+01CF
    { 7, 14, 88, -1, 14, 25, 785 }, // U+01D0
    { 13, 17, 208, 0, 17, 56, 810 }, // U+01D1
    { 10, 14, 159, 0, 14, 35, 866 }, // U+01D2
    { 13, 17, 206, 0, 17, 56, 901 }, // U+01D3
    { 11, 14, 173, 0, 14, 39, 957 }, // U+01D4
    { 13, 18, 206, 0, 18, 59, 996 }, // U+01D5
    { 11, 17, 173, 0, 17, 47, 1055 }, // U+01D6
    { 13, 19, 206, 0, 19, 62, 1102 }, // U+01D7
    { 11, 18, 173, 0, 18, 50, 1164 }, // U+01D8
    { 13, 19, 206, 0, 19, 62, 1214 }, // U+01D9
    { 11, 18, 173, 0, 18, 50, 1276 }, // U+01DA
    { 13, 19, 206, 0, 19, 62, 1326 }, // U+01DB
    { 11, 18, 173, 0, 18, 50, 1388 }, // U+01DC
    { 9, 9, 139, 0, 9, 21, 1438 }, // U+01DD
    { 13, 18, 198, 0, 18, 59, 1459 }, // U+01DE
    { 10, 17, 146, 0, 17, 43, 1518 }, // U+01DF
    { 13, 18, 198, 0, 18, 59, 1561 }, // U+01E0
    { 10, 17, 146, 0, 17, 43, 1620 }, // U+01E1
    { 17, 15, 248, -1, 15, 64, 1663 }, // U+01E2
    { 14, 13, 217, 0, 13, 46, 1727 }, // U+01E3
    { 13, 12, 194, 0, 12, 39, 1773 }, // U+01E4
    { 12, 13, 155, -1, 9, 39, 1812 }, // U+01E5
    { 12, 17, 194, 0, 17, 51, 1851 }, // U+01E6
    { 10, 18, 155, 0, 14, 45, 1902 }, // U+01E7
    { 13, 17, 194, 0, 17, 56, 1947 }, // U+01E8
    { 12, 18, 161, -1, 18, 54, 2003 }, // U+01E9
    { 13, 16, 208, 0, 12, 52, 2057 }, // U+01EA
    { 10, 13, 159, 0, 9, 33, 2109 }, // U+01EB
    { 13, 19, 208, 0, 15, 62, 2142 }, // U+01EC
    { 10, 17, 159, 0, 13, 43, 2204 }, // U+01ED
    { 10, 17, 153, 0, 17, 43, 2247 }, // U+01EE
    { 8, 18, 134, 0, 14, 36, 2290 }, // U+01EF
    { 7, 18, 77, -1, 14, 32, 2326 }, // U+01F0
    { 23, 13, 358, 0, 12, 75, 2358 }, // U+01F1
    { 21, 13, 334, 0, 12, 69, 2433 }, // U+01F2
    { 19, 14, 300, 0, 13, 67, 2502 }, // U+01F3
    { 12, 16, 194, 0, 16, 48, 2569 }, // U+01F4
    { 10, 18, 155, 0, 14, 45, 2617 }, // U+01F5
    { 14, 16, 217, 0, 16, 56, 2662 }, // U+01F8
    { 12, 14, 179, 0, 14, 42, 2718 }, // U+01F9
    { 13, 19, 198, 0, 19, 62, 2760 }, // U+01FA
    { 10, 19, 146, 0, 19, 48, 2822 }, // U+01FB
    { 17, 16, 248, -1, 16, 68, 2870 }, // U+01FC
    { 14, 14, 217, 0, 14, 49, 2938 }, // U+01FD
    { 13, 16, 208, 0, 16, 52, 2987 }, // U+01FE
    { 10, 14, 159, 0, 14, 35, 3039 }, // U+01FF
    { 13, 17, 198, 0, 17, 56, 3074 }, // U+0200
    { 10, 14, 146, 0, 14, 35, 3130 }, // U+0201
    { 13, 16, 198, 0, 16, 52, 3165 }, // U+0202
    { 10, 13, 146, 0, 13, 33, 3217 }, // U+0203
    { 11, 17, 168, 0, 17, 47, 3250 }, // U+0204
    { 9, 14, 139, 0, 14, 32, 3297 }, // U+0205
    { 11, 16, 168, 0, 16, 44, 3329 }, // U+0206
    { 9, 13, 139, 0, 13, 30, 3373 }, // U+0207
    { 8, 17, 101, -2, 17, 34, 3403 }, // U+0208
    { 7, 14, 88, -1, 14, 25, 3437 }, // U+0209
    { 6, 16, 101, 0, 16, 24, 3462 }, // U+020A
    { 6, 13, 88, 0, 13, 20, 3486 }, // U+020B
    { 13, 17, 208, 0, 17, 56, 3506 }, // U+020C
    { 10, 14, 159, 0, 14, 35, 3562 }, // U+020D
    { 13, 16, 208, 0, 16, 52, 3597 }, // U+020E
    { 10, 13, 159, 0, 13, 33, 3649 }, // U+020F
    { 12, 17, 181, 0, 17, 51, 3682 }, // U+0210
    { 8, 14, 123, 0, 14, 28, 3733 }, // U+0211
    { 12, 16, 181, 0, 16, 48, 3761 }, // U+0212
    { 8, 13, 123, 0, 13, 26, 3809 }, // U+0213
    { 13, 17, 206, 0, 17, 56, 3835 }, // U+0214
    { 11, 14, 173, 0, 14, 39, 3891 }, // U+0215
    { 13, 16, 206, 0, 16, 52, 3930 }, // U+0216
    { 11, 13, 173, 0, 13, 36, 3982 }, // U+0217
    { 9, 17, 147, 0, 12, 39, 4018 }, // U+0218
    { 7, 14, 128, 1, 9, 25, 4057 }, // U+0219
    { 11, 17, 183, 0, 12, 47, 4082 }, // U+021A
    { 7, 16, 109, 0, 11, 28, 4129 }, // U+021B
    { 8, 14, 153, 1, 12, 28, 4157 }, // U+021C
    { 8, 13, 124, 0, 9, 26, 4185 }, // U+021D
    { 14, 17, 223, 0, 17, 60, 4211 }, // U+021E
    { 12, 18, 176, -1, 18, 54, 4271 }, // U+021F
    { 4, 4, 0, -3, 14, 4, 0 }, // U+0300
    { 4, 4, 0, -1, 14, 4, 4 }, // U+0301
    { 6, 4, 0, -3, 14, 6, 8 }, // U+0302
    { 6, 3, 0, -3, 13, 5, 14 }, // U+0303
    { 6, 2, 0, -3, 13, 3, 19 }, // U+0304
    { 6, 3, 0, -3, 13, 5, 22 }, // U+0306
    { 4, 3, 0, -2, 14, 3, 27 }, // U+0307
    { 6, 3, 0, -3, 14, 5, 30 }, // U+0308
    { 6, 6, 0, -3, 16, 9, 35 }, // U+0309
    { 6, 5, 0, -3, 15, 8, 44 }, // U+030A
    { 7, 4, 0, -3, 14, 7, 52 }, // U+030B
    { 6, 4, 0, -3, 14, 6, 59 }, // U+030C
    { 7, 4, 0, -4, 14, 7, 65 }, // U+030F
    { 6, 3, 0, -3, 13, 5, 72 }, // U+0311
    { 4, 5, 0, -2, 15, 5, 77 }, // U+0312
    { 3, 5, 0, -1, 15, 4, 82 }, // U+0313
    { 3, 5, 0, -2, 15, 4, 86 }, // U+0314
    { 2, 5, 0, -1, 16, 3, 90 }, // U+0315
    { 4, 4, 0, -2, 11, 4, 93 }, // U+031B
    { 4, 3, 0, -2, -1, 3, 97 }, // U+0323
    { 6, 3, 0, -3, -1, 5, 100 }, // U+0324
    { 4, 4, 0, -2, -1, 4, 105 }, // U+0325
    { 4, 4, 0, -2, -1, 4, 109 }, // U+0326
    { 4, 4, 0, -2, -1, 4, 113 }, // U+0327
    { 4, 5, 0, -2, 1, 5, 117 }, // U+0328
    { 3, 4, 72, 1, -1, 3, 122 }, // U+0329
    { 6, 3, 0, -3, -1, 5, 125 }, // U+032D
    { 6, 3, 0, -3, -1, 5, 130 }, // U+032E
    { 6, 3, 0, -3, -1, 5, 135 }, // U+0330
    { 6, 2, 0, -3, -1, 3, 140 }, // U+0331
    { 6, 3, 0, -3, 13, 5, 143 }, // U+0342
    { 6, 7, 0, -3, 18, 11, 148 }, // U+0344
    { 3, 3, 0, -1, -1, 3, 159 }, // U+0345
    { 0, 0, 133, 0, 0, 0, 0 }, // U+2000
    { 0, 0, 267, 0, 0, 0, 0 }, // U+2001
    { 0, 0, 133, 0, 0, 0, 0 }, // U+2002
    { 0, 0, 267, 0, 0, 0, 0 }, // U+2003
    { 0, 0, 89, 0, 0, 0, 0 }, // U+2004
    { 0, 0, 67, 0, 0, 0, 0 }, // U+2005
    { 0, 0, 44, 0, 0, 0, 0 }, // U+2006
    { 0, 0, 166, 0, 0, 0, 0 }, // U+2007
    { 0, 0, 73, 0, 0, 0, 0 }, // U+2008
    { 0, 0, 53, 0, 0, 0, 0 }, // U+2009
    { 0, 0, 13, 0, 0, 0, 0 }, // U+200A
    { 0, 0, 0, 0, 0, 0, 0 }, // U+200B
    { 2, 14, 0, -1, 10, 7, 0 }, // U+200C
    { 4, 15, 0, -2, 11, 15, 7 }, // U+200D
    { 6, 16, 0, -3, 12, 24, 22 }, // U+200E
    { 6, 16, 0, -3, 12, 24, 46 }, // U+200F
    { 6, 2, 100, 0, 5, 3, 70 }, // U+2010
    { 6, 2, 100, 0, 5, 3, 73 }, // U+2011
    { 9, 2, 166, 1, 6, 5, 76 }, // U+2012
    { 9, 2, 133, 0, 5, 5, 81 }, // U+2013
    { 17, 2, 267, 0, 5, 9, 86 }, // U+2014
    { 17, 2, 267, 0, 5, 9, 95 }, // U+2015
    { 6, 17, 133, 1, 13, 26, 104 }, // U+2016
    { 9, 4, 133, 0, -1, 9, 130 }, // U+2017
    { 4, 6, 63, 0, 14, 6, 139 }, // U+2018
    { 4, 6, 63, 0, 13, 6, 145 }, // U+2019
    { 4, 6, 63, 0, 2, 6, 151 }, // U+201A
    { 4, 6, 63, 0, 14, 6, 157 }, // U+201B
    { 7, 6, 117, 0, 14, 11, 163 }, // U+201C
    { 7, 6, 117, 0, 13, 11, 174 }, // U+201D
    { 7, 6, 117, 0, 2, 11, 185 }, // U+201E
    { 7, 6, 117, 0, 14, 11, 196 }, // U+201F
    { 8, 11, 133, 0, 12, 22, 207 }, // U+2020
    { 8, 13, 133, 0, 12, 26, 229 }, // U+2021
    { 5, 4, 80, 0, 7, 5, 255 }, // U+2022
    { 7, 6, 166, 2, 9, 11, 260 }, // U+2023
    { 3, 3, 73, 1, 2, 3, 271 }, // U+2024
    { 8, 3, 133, 0, 3, 6, 274 }, // U+2025
    { 15, 3, 267, 1, 3, 12, 280 }, // U+2026
    { 3, 3, 73, 1, 6, 3, 292 }, // U+2027
    { 0, 0, 0, 0, 0, 0, 295 }, // U+2028
    { 0, 0, 0, 0, 0, 0, 295 }, // U+2029
    { 6, 16, 0, -3, 12, 24, 295 }, // U+202A
    { 6, 16, 0, -3, 12, 24, 319 }, // U+202B
    { 6, 16, 0, -3, 12, 24, 343 }, // U+202C
    { 8, 16, 0, -4, 12, 32, 367 }, // U+202D
    { 8, 16, 0, -4, 12, 32, 399 }, // U+202E
    { 0, 0, 29, 0, 0, 0, 431 }, // U+202F
    { 22, 13, 367, 1, 12, 72, 431 }, // U+2030
    { 4, 6, 70, 0, 12, 6, 503 }, // U+2032
    { 8, 6, 122, 0, 12, 12, 509 }, // U+2033
    { 11, 6, 174, 0, 12, 17, 521 }, // U+2034
    { 4, 6, 70, 0, 12, 6, 538 }, // U+2035
    { 8, 6, 128, 0, 12, 12, 544 }, // U+2036
    { 12, 6, 186, 0, 12, 18, 556 }, // U+2037
    { 8, 3, 133, 0, 0, 6, 574 }, // U+2038
    { 5, 6, 86, 0, 7, 8, 580 }, // U+2039
    { 5, 6, 86, 0, 7, 8, 588 }, // U+203A
    { 11, 11, 166, 0, 11, 31, 596 }, // U+203B
    { 8, 13, 146, 1, 13, 26, 627 }, // U+203C
    { 9, 2, 133, 0, 14, 5, 653 }, // U+203E
    { 5, 2, 80, 0, 5, 3, 658 }, // U+2043
    { 9, 13, 49, -3, 12, 30, 661 }, // U+2044
    { 14, 12, 238, 1, 12, 42, 691 }, // U+2047
    { 11, 13, 200, 1, 13, 36, 733 }, // U+2048
    { 11, 13, 200, 1, 13, 36, 769 }, // U+2049
    { 10, 4, 267, 3, 7, 10, 805 }, // U+2053
    { 14, 6, 226, 0, 12, 21, 815 }, // U+2057
    { 0, 0, 59, 0, 0, 0, 836 }, // U+205F
    { 0, 0, 0, 0, 0, 0, 836 }, // U+2060
    { 0, 0, 0, 0, 0, 0, 836 }, // U+2061
    { 0, 0, 0, 0, 0, 0, 836 }, // U+2062
    { 0, 0, 0, 0, 0, 0, 836 }, // U+2063
    { 0, 0, 0, 0, 0, 0, 836 }, // U+2064
    { 7, 8, 119, 0, 14, 14, 0 }, // U+2070
    { 7, 8, 119, 0, 14, 14, 14 }, // U+2074
    { 6, 8, 119, 1, 14, 12, 28 }, // U+2075
    { 6, 8, 119, 1, 14, 12, 40 }, // U+2076
    { 6, 8, 119, 1, 14, 12, 52 }, // U+2077
    { 6, 8, 119, 1, 14, 12, 64 }, // U+2078
    { 6, 8, 119, 1, 14, 12, 76 }, // U+2079
    { 8, 6, 151, 1, 12, 12, 88 }, // U+207F
    { 7, 8, 119, 0, 5, 14, 100 }, // U+2080
    { 6, 7, 119, 1, 5, 11, 114 }, // U+2081
    { 6, 7, 119, 1, 5, 11, 125 }, // U+2082
    { 6, 8, 119, 1, 5, 12, 136 }, // U+2083
    { 7, 8, 119, 0, 5, 14, 148 }, // U+2084
    { 6, 8, 119, 1, 5, 12, 162 }, // U+2085
    { 6, 8, 119, 1, 5, 12, 174 }, // U+2086
    { 6, 8, 119, 1, 5, 12, 186 }, // U+2087
    { 6, 8, 119, 1, 5, 12, 198 }, // U+2088
    { 6, 8, 119, 1, 5, 12, 210 }, // U+2089
    { 9, 11, 142, 0, 11, 25, 0 }, // U+20A3
    { 10, 11, 145, 0, 11, 28, 25 }, // U+20A4
    { 21, 11, 340, 1, 11, 58, 53 }, // U+20A7
    { 10, 11, 160, 0, 11, 28, 111 }, // U+20AC
    { 11, 7, 267, 3, 9, 20, 0 }, // U+2190
    { 7, 11, 267, 5, 12, 20, 20 }, // U+2191
    { 11, 7, 267, 3, 9, 20, 40 }, // U+2192
    { 7, 11, 267, 5, 12, 20, 60 }, // U+2193
    { 11, 7, 267, 3, 9, 20, 80 }, // U+2194
    { 7, 11, 267, 5, 12, 20, 100 }, // U+2195
    { 7, 11, 267, 5, 12, 20, 120 }, // U+21A8
    { 7, 11, 267, 5, 12, 20, 140 }, // U+21B2
    { 7, 11, 267, 5, 12, 20, 160 }, // U+21B3
    { 9, 8, 267, 4, 10, 18, 180 }, // U+21B5
    { 11, 7, 267, 3, 9, 20, 198 }, // U+21D0
    { 9, 10, 267, 4, 11, 23, 218 }, // U+21D1
    { 11, 7, 267, 3, 9, 20, 241 }, // U+21D2
    { 9, 10, 267, 4, 11, 23, 261 }, // U+21D3
    { 11, 7, 267, 3, 9, 20, 284 }, // U+21D4
    { 13, 12, 267, 2, 12, 39, 0 }, // U+2200
    { 9, 13, 166, 1, 13, 30, 39 }, // U+2202
    { 9, 12, 267, 4, 12, 27, 69 }, // U+2203
    { 13, 14, 267, 2, 13, 46, 96 }, // U+2205
    { 11, 12, 176, 0, 12, 33, 142 }, // U+2206
    { 11, 12, 267, 3, 12, 33, 175 }, // U+2207
    { 11, 12, 267, 3, 12, 33, 208 }, // U+2208
    { 11, 14, 267, 3, 13, 39, 241 }, // U+2209
    { 11, 9, 267, 3, 10, 25, 280 }, // U+220A
    { 11, 12, 267, 3, 12, 33, 305 }, // U+220B
    { 11, 14, 267, 3, 13, 39, 338 }, // U+220C
    { 11, 9, 267, 3, 10, 25, 377 }, // U+220D
    { 14, 15, 216, 0, 12, 53, 402 }, // U+220F
    { 11, 16, 163, 0, 12, 44, 455 }, // U+2211
    { 8, 2, 166, 1, 6, 4, 499 }, // U+2212
    { 8, 13, 131, 0, 12, 26, 503 }, // U+2215
    { 8, 13, 141, 1, 12, 26, 529 }, // U+2216
    { 8, 8, 166, 1, 10, 16, 555 }, // U+2217
    { 7, 5, 166, 2, 9, 9, 571 }, // U+2218
    { 3, 3, 166, 4, 6, 3, 580 }, // U+2219
    { 11, 16, 166, 0, 14, 44, 583 }, // U+221A
    { 9, 6, 166, 1, 8, 14, 627 }, // U+221D
    { 11, 6, 166, 0, 8, 17, 641 }, // U+221E
    { 11, 12, 267, 3, 12, 33, 658 }, // U+221F
    { 12, 12, 267, 2, 12, 36, 691 }, // U+2220
    { 3, 17, 133, 3, 13, 13, 727 }, // U+2223
    { 6, 17, 133, 1, 13, 26, 740 }, // U+2225
    { 11, 12, 267, 3, 12, 33, 766 }, // U+2227
    { 11, 12, 267, 3, 12, 33, 799 }, // U+2228
    { 11, 12, 267, 3, 12, 33, 832 }, // U+2229
    { 11, 12, 267, 3, 12, 33, 865 }, // U+222A
    { 10, 17, 166, 0, 13, 43, 898 }, // U+222B
    { 11, 10, 267, 3, 9, 28, 941 }, // U+2234
    { 11, 10, 267, 3, 9, 28, 969 }, // U+2235
    { 3, 9, 83, 1, 11, 7, 997 }, // U+2236
    { 11, 10, 267, 3, 9, 28, 1004 }, // U+2237
    { 10, 4, 267, 3, 7, 10, 1032 }, // U+223C
    { 10, 10, 267, 3, 11, 25, 1042 }, // U+2245
    { 9, 6, 166, 1, 9, 14, 1067 }, // U+2248
    { 9, 8, 267, 4, 9, 18, 1081 }, // U+224D
    { 8, 8, 166, 1, 10, 16, 1099 }, // U+2260
    { 9, 8, 267, 4, 9, 18, 1115 }, // U+2261
    { 8, 12, 166, 1, 11, 24, 1133 }, // U+2264
    { 8, 12, 166, 1, 11, 24, 1157 }, // U+2265
    { 15, 7, 267, 1, 9, 27, 1181 }, // U+226A
    { 15, 7, 267, 1, 9, 27, 1208 }, // U+226B
    { 11, 9, 267, 3, 10, 25, 1235 }, // U+2283
    { 11, 15, 267, 3, 13, 42, 1260 }, // U+2284
    { 11, 15, 267, 3, 13, 42, 1302 }, // U+2285
    { 11, 12, 267, 3, 12, 33, 1344 }, // U+2286
    { 11, 12, 267, 3, 12, 33, 1377 }, // U+2287
    { 13, 12, 267, 2, 12, 39, 1410 }, // U+2295
    { 13, 12, 267, 2, 12, 39, 1449 }, // U+2296
    { 13, 12, 267, 2, 12, 39, 1488 }, // U+2297
    { 13, 12, 267, 2, 12, 39, 1527 }, // U+2298
    { 11, 12, 267, 3, 12, 33, 1566 }, // U+22A5
    { 3, 3, 166, 4, 6, 3, 1599 }, // U+22C5
    { 15, 3, 267, 1, 6, 12, 1602 }, // U+22EF
    { 14, 13, 198, 0, 13, 46, 0 }, // U+FB00
    { 12, 13, 178, 0, 13, 39, 46 }, // U+FB01
    { 12, 13, 179, 0, 13, 39, 85 }, // U+FB02
    { 17, 13, 269, 0, 13, 56, 124 }, // U+FB03
    { 17, 13, 269, 0, 13, 56, 180 }, // U+FB04
    { 13, 13, 205, 0, 13, 43, 236 }, // U+FB05
    { 14, 13, 237, 1, 13, 46, 279 }, // U+FB06
    { 17, 16, 267, 0, 14, 68, 0 }, // U+FFFD
};

static const EpdUnicodeInterval bookerly_8_regularIntervals[] = {
    { 0x0, 0x0, 0x0 },
    { 0x8, 0x9, 0x1 },
    { 0xD, 0xD, 0x3 },
    { 0x1D, 0x1D, 0x4 },
    { 0x20, 0x7E, 0x5 },
    { 0xA0, 0xFF, 0x64 },
    { 0x100, 0x17F, 0xC4 },
    { 0x1C4, 0x1F5, 0x144 },
    { 0x1F8, 0x21F, 0x176 },
    { 0x300, 0x304, 0x19E },
    { 0x306, 0x30C, 0x1A3 },
    { 0x30F, 0x30F, 0x1AA },
    { 0x311, 0x315, 0x1AB },
    { 0x31B, 0x31B, 0x1B0 },
    { 0x323, 0x329, 0x1B1 },
    { 0x32D, 0x32E, 0x1B8 },
    { 0x330, 0x331, 0x1BA },
    { 0x342, 0x342, 0x1BC },
    { 0x344, 0x345, 0x1BD },
    { 0x2000, 0x2030, 0x1BF },
    { 0x2032, 0x203C, 0x1F0 },
    { 0x203E, 0x203E, 0x1FB },
    { 0x2043, 0x2044, 0x1FC },
    { 0x2047, 0x2049, 0x1FE },
    { 0x2053, 0x2053, 0x201 },
    { 0x2057, 0x2057, 0x202 },
    { 0x205F, 0x2064, 0x203 },
    { 0x2070, 0x2070, 0x209 },
    { 0x2074, 0x2079, 0x20A },
    { 0x207F, 0x2089, 0x210 },
    { 0x20A3, 0x20A4, 0x21B },
    { 0x20A7, 0x20A7, 0x21D },
    { 0x20AC, 0x20AC, 0x21E },
    { 0x2190, 0x2195, 0x21F },
    { 0x21A8, 0x21A8, 0x225 },
    { 0x21B2, 0x21B3, 0x226 },
    { 0x21B5, 0x21B5, 0x228 },
    { 0x21D0, 0x21D4, 0x229 },
    { 0x2200, 0x2200, 0x22E },
    { 0x2202, 0x2203, 0x22F },
    { 0x2205, 0x220D, 0x231 },
    { 0x220F, 0x220F, 0x23A },
    { 0x2211, 0x2212, 0x23B },
    { 0x2215, 0x221A, 0x23D },
    { 0x221D, 0x2220, 0x243 },
    { 0x2223, 0x2223, 0x247 },
    { 0x2225, 0x2225, 0x248 },
    { 0x2227, 0x222B, 0x249 },
    { 0x2234, 0x2237, 0x24E },
    { 0x223C, 0x223C, 0x252 },
    { 0x2245, 0x2245, 0x253 },
    { 0x2248, 0x2248, 0x254 },
    { 0x224D, 0x224D, 0x255 },
    { 0x2260, 0x2261, 0x256 },
    { 0x2264, 0x2265, 0x258 },
    { 0x226A, 0x226B, 0x25A },
    { 0x2283, 0x2287, 0x25C },
    { 0x2295, 0x2298, 0x261 },
    { 0x22A5, 0x22A5, 0x265 },
    { 0x22C5, 0x22C5, 0x266 },
    { 0x22EF, 0x22EF, 0x267 },
    { 0xFB00, 0xFB06, 0x268 },
    { 0xFFFD, 0xFFFD, 0x26F },
};

static const EpdFontGroup bookerly_8_regularGroups[] = {
    { 0, 1802, 2895, 100, 0 },
    { 1802, 1604, 3721, 96, 100 },
    { 3406, 2129, 5780, 128, 196 },
    { 5535, 1945, 4932, 90, 324 },
    { 7480, 182, 192, 33, 414 },
    { 7662, 565, 953, 74, 447 },
    { 8227, 163, 280, 18, 521 },
    { 8390, 148, 165, 4, 539 },
    { 8538, 212, 342, 15, 543 },
    { 8750, 998, 1815, 58, 558 },
    { 9748, 214, 364, 7, 616 },
    { 9962, 69, 80, 1, 623 },
};

static const EpdKernClassEntry bookerly_8_regularKernLeftClasses[] = {
    { 0x0022, 1 }, // "
    { 0x0027, 1 }, // '
    { 0x0028, 2 }, // (
    { 0x002A, 3 }, // *
    { 0x002B, 4 }, // +
    { 0x002C, 5 }, // ,
    { 0x002D, 6 }, // -
    { 0x002E, 5 }, // .
    { 0x002F, 7 }, // /
    { 0x0030, 8 }, // 0
    { 0x0031, 9 }, // 1
    { 0x0032, 10 }, // 2
    { 0x0033, 11 }, // 3
    { 0x0034, 12 }, // 4
    { 0x0035, 8 }, // 5
    { 0x0036, 10 }, // 6
    { 0x0037, 13 }, // 7
    { 0x0038, 14 }, // 8
    { 0x0039, 15 }, // 9
    { 0x003A, 16 }, // :
    { 0x003B, 16 }, // ;
    { 0x003C, 4 }, // <
    { 0x003D, 4 }, // =
    { 0x003E, 4 }, // >
    { 0x0040, 17 }, // @
    { 0x0041, 18 }, // A
    { 0x0042, 19 }, // B
    { 0x0043, 20 }, // C
    { 0x0044, 21 }, // D
    { 0x0045, 22 }, // E
    { 0x0046, 23 }, // F
    { 0x0047, 24 }, // G
    { 0x0048, 25 }, // H
    { 0x0049, 25 }, // I
    { 0x004A, 26 }, // J
    { 0x004B, 27 }, // K
    { 0x004C, 28 }, // L
    { 0x004D, 29 }, // M
    { 0x004E, 30 }, // N
    { 0x004F, 21 }, // O
    { 0x0050, 31 }, // P
    { 0x0051, 32 }, // Q
    { 0x0052, 33 }, // R
    { 0x0053, 34 }, // S
    { 0x0054, 35 }, // T
    { 0x0055, 36 }, // U
    { 0x0056, 37 }, // V
    { 0x0057, 37 }, // W
    { 0x0058, 38 }, // X
    { 0x0059, 39 }, // Y
    { 0x005A, 40 }, // Z
    { 0x005B, 41 }, // [
    { 0x005C, 42 }, // <backslash>
    { 0x0061, 43 }, // a
    { 0x0062, 44 }, // b
    { 0x0063, 45 }, // c
    { 0x0064, 46 }, // d
    { 0x0065, 47 }, // e
    { 0x0066, 48 }, // f
    { 0x0067, 49 }, // g
    { 0x0068, 50 }, // h
    { 0x0069, 51 }, // i
    { 0x006A, 52 }, // j
    { 0x006B, 53 }, // k
    { 0x006C, 54 }, // l
    { 0x006D, 50 }, // m
    { 0x006E, 50 }, // n
    { 0x006F, 44 }, // o
    { 0x0070, 44 }, // p
    { 0x0071, 55 }, // q
    { 0x0072, 56 }, // r
    { 0x0073, 57 }, // s
    { 0x0074, 58 }, // t
    { 0x0075, 59 }, // u
    { 0x0076, 60 }, // v
    { 0x0077, 60 }, // w
    { 0x0078, 61 }, // x
    { 0x0079, 60 }, // y
    { 0x007A, 62 }, // z
    { 0x007B, 63 }, // {
    { 0x007E, 4 }, // ~
    { 0x00A1, 64 }, // U+00A1
    { 0x00AB, 65 }, // U+00AB
    { 0x00AD, 6 }, // U+00AD
    { 0x00BB, 66 }, // U+00BB
    { 0x00BF, 67 }, // U+00BF
    { 0x00C0, 18 }, // U+00C0
    { 0x00C1, 18 }, // U+00C1
    { 0x00C2, 18 }, // U+00C2
    { 0x00C3, 18 }, // U+00C3
    { 0x00C4, 18 }, // U+00C4
    { 0x00C5, 18 }, // U+00C5
    { 0x00C6, 22 }, // U+00C6
    { 0x00C7, 20 }, // U+00C7
    { 0x00C8, 22 }, // U+00C8
    { 0x00C9, 22 }, // U+00C9
    { 0x00CA, 22 }, // U+00CA
    { 0x00CB, 22 }, // U+00CB
    { 0x00CC, 25 }, // U+00CC
    { 0x00CD, 25 }, // U+00CD
    { 0x00CE, 25 }, // U+00CE
    { 0x00CF, 25 }, // U+00CF
    { 0x00D0, 21 }, // U+00D0
    { 0x00D1, 30 }, // U+00D1
    { 0x00D2, 21 }, // U+00D2
    { 0x00D3, 21 }, // U+00D3
    { 0x00D4, 21 }, // U+00D4
    { 0x00D5, 21 }, // U+00D5
    { 0x00D6, 21 }, // U+00D6
    { 0x00D7, 4 }, // U+00D7
    { 0x00D8, 68 }, // U+00D8
    { 0x00D9, 36 }, // U+00D9
    { 0x00DA, 36 }, // U+00DA
    { 0x00DB, 36 }, // U+00DB
    { 0x00DC, 36 }, // U+00DC
    { 0x00DD, 39 }, // U+00DD
    { 0x00DE, 69 }, // U+00DE
    { 0x00DF, 70 }, // U+00DF
    { 0x00E0, 43 }, // U+00E0
    { 0x00E1, 43 }, // U+00E1
    { 0x00E2, 43 }, // U+00E2
    { 0x00E3, 43 }, // U+00E3
    { 0x00E4, 43 }, // U+00E4
    { 0x00E5, 43 }, // U+00E5
    { 0x00E6, 47 }, // U+00E6
    { 0x00E7, 45 }, // U+00E7
    { 0x00E8, 47 }, // U+00E8
    { 0x00E9, 47 }, // U+00E9
    { 0x00EA, 47 }, // U+00EA
    { 0x00EB, 47 }, // U+00EB
    { 0x00EC, 51 }, // U+00EC
    { 0x00ED, 51 }, // U+00ED
    { 0x00EE, 71 }, // U+00EE
    { 0x00EF, 71 }, // U+00EF
    { 0x00F0, 72 }, // U+00F0
    { 0x00F1, 50 }, // U+00F1
    { 0x00F2, 44 }, // U+00F2
    { 0x00F3, 44 }, // U+00F3
    { 0x00F4, 44 }, // U+00F4
    { 0x00F5, 44 }, // U+00F5
    { 0x00F6, 44 }, // U+00F6
    { 0x00F7, 4 }, // U+00F7
    { 0x00F8, 73 }, // U+00F8
    { 0x00F9, 59 }, // U+00F9
    { 0x00FA, 59 }, // U+00FA
    { 0x00FB, 59 }, // U+00FB
    { 0x00FC, 59 }, // U+00FC
    { 0x00FD, 60 }, // U+00FD
    { 0x00FE, 44 }, // U+00FE
    { 0x00FF, 60 }, // U+00FF
    { 0x0100, 18 }, // U+0100
    { 0x0101, 43 }, // U+0101
    { 0x0102, 18 }, // U+0102
    { 0x0103, 43 }, // U+0103
    { 0x0104, 74 }, // U+0104
    { 0x0105, 75 }, // U+0105
    { 0x0106, 20 }, // U+0106
    { 0x0107, 45 }, // U+0107
    { 0x0108, 20 }, // U+0108
    { 0x0109, 45 }, // U+0109
    { 0x010A, 20 }, // U+010A
    { 0x010B, 45 }, // U+010B
    { 0x010C, 20 }, // U+010C
    { 0x010D, 45 }, // U+010D
    { 0x010E, 21 }, // U+010E
    { 0x010F, 76 }, // U+010F
    { 0x0110, 21 }, // U+0110
    { 0x0111, 46 }, // U+0111
    { 0x0112, 22 }, // U+0112
    { 0x0113, 47 }, // U+0113
    { 0x0114, 22 }, // U+0114
    { 0x0115, 47 }, // U+0115
    { 0x0116, 22 }, // U+0116
    { 0x0117, 47 }, // U+0117
    { 0x0118, 77 }, // U+0118
    { 0x0119, 78 }, // U+0119
    { 0x011A, 22 }, // U+011A
    { 0x011B, 47 }, // U+011B
    { 0x011C, 24 }, // U+011C
    { 0x011D, 49 }, // U+011D
    { 0x011E, 24 }, // U+011E
    { 0x011F, 49 }, // U+011F
    { 0x0120, 24 }, // U+0120
    { 0x0121, 49 }, // U+0121
    { 0x0122, 24 }, // U+0122
    { 0x0123, 49 }, // U+0123
    { 0x0124, 25 }, // U+0124
    { 0x0125, 50 }, // U+0125
    { 0x0126, 25 }, // U+0126
    { 0x0127, 50 }, // U+0127
    { 0x0128, 25 }, // U+0128
    { 0x0129, 71 }, // U+0129
    { 0x012A, 25 }, // U+012A
    { 0x012B, 71 }, // U+012B
    { 0x012C, 25 }, // U+012C
    { 0x012D, 71 }, // U+012D
    { 0x012E, 79 }, // U+012E
    { 0x012F, 80 }, // U+012F
    { 0x0130, 25 }, // U+0130
    { 0x0131, 51 }, // U+0131
    { 0x0132, 26 }, // U+0132
    { 0x0133, 52 }, // U+0133
    { 0x0134, 26 }, // U+0134
    { 0x0135, 81 }, // U+0135
    { 0x0136, 27 }, // U+0136
    { 0x0137, 53 }, // U+0137
    { 0x0138, 53 }, // U+0138
    { 0x0139, 28 }, // U+0139
    { 0x013A, 54 }, // U+013A
    { 0x013B, 28 }, // U+013B
    { 0x013C, 54 }, // U+013C
    { 0x013E, 76 }, // U+013E
    { 0x0141, 28 }, // U+0141
    { 0x0142, 82 }, // U+0142
    { 0x0143, 30 }, // U+0143
    { 0x0144, 50 }, // U+0144
    { 0x0145, 30 }, // U+0145
    { 0x0146, 50 }, // U+0146
    { 0x0147, 30 }, // U+0147
    { 0x0148, 50 }, // U+0148
    { 0x0149, 50 }, // U+0149
    { 0x014A, 30 }, // U+014A
    { 0x014B, 50 }, // U+014B
    { 0x014C, 21 }, // U+014C
    { 0x014D, 44 }, // U+014D
    { 0x014E, 21 }, // U+014E
    { 0x014F, 44 }, // U+014F
    { 0x0150, 21 }, // U+0150
    { 0x0151, 44 }, // U+0151
    { 0x0152, 22 }, // U+0152
    { 0x0153, 47 }, // U+0153
    { 0x0154, 33 }, // U+0154
    { 0x0155, 56 }, // U+0155
    { 0x0156, 33 }, // U+0156
    { 0x0157, 56 }, // U+0157
    { 0x0158, 33 }, // U+0158
    { 0x0159, 56 }, // U+0159
    { 0x015A, 34 }, // U+015A
    { 0x015B, 57 }, // U+015B
    { 0x015C, 34 }, // U+015C
    { 0x015D, 57 }, // U+015D
    { 0x015E, 34 }, // U+015E
    { 0x015F, 57 }, // U+015F
    { 0x0160, 34 }, // U+0160
    { 0x0161, 57 }, // U+0161
    { 0x0162, 35 }, // U+0162
    { 0x0163, 83 }, // U+0163
    { 0x0164, 35 }, // U+0164
    { 0x0166, 35 }, // U+0166
    { 0x0167, 58 }, // U+0167
    { 0x0168, 36 }, // U+0168
    { 0x0169, 59 }, // U+0169
    { 0x016A, 36 }, // U+016A
    { 0x016B, 59 }, // U+016B
    { 0x016C, 36 }, // U+016C
    { 0x016D, 59 }, // U+016D
    { 0x016E, 36 }, // U+016E
    { 0x016F, 59 }, // U+016F
    { 0x0170, 36 }, // U+0170
    { 0x0171, 59 }, // U+0171
    { 0x0172, 36 }, // U+0172
    { 0x0173, 84 }, // U+0173
    { 0x0174, 37 }, // U+0174
    { 0x0175, 60 }, // U+0175
    { 0x0176, 39 }, // U+0176
    { 0x0177, 60 }, // U+0177
    { 0x0178, 39 }, // U+0178
    { 0x0179, 40 }, // U+0179
    { 0x017A, 62 }, // U+017A
    { 0x017B, 40 }, // U+017B
    { 0x017C, 62 }, // U+017C
    { 0x017D, 40 }, // U+017D
    { 0x017E, 62 }, // U+017E
    { 0x01C4, 40 }, // U+01C4
    { 0x01C5, 62 }, // U+01C5
    { 0x01C6, 62 }, // U+01C6
    { 0x01C7, 26 }, // U+01C7
    { 0x01C8, 52 }, // U+01C8
    { 0x01C9, 52 }, // U+01C9
    { 0x01CA, 26 }, // U+01CA
    { 0x01CB, 52 }, // U+01CB
    { 0x01CC, 52 }, // U+01CC
    { 0x01CD, 18 }, // U+01CD
    { 0x01CE, 43 }, // U+01CE
    { 0x01CF, 25 }, // U+01CF
    { 0x01D0, 71 }, // U+01D0
    { 0x01D1, 21 }, // U+01D1
    { 0x01D2, 44 }, // U+01D2
    { 0x01D3, 36 }, // U+01D3
    { 0x01D4, 59 }, // U+01D4
    { 0x01D5, 36 }, // U+01D5
    { 0x01D6, 59 }, // U+01D6
    { 0x01D7, 36 }, // U+01D7
    { 0x01D8, 59 }, // U+01D8
    { 0x01D9, 36 }, // U+01D9
    { 0x01DA, 59 }, // U+01DA
    { 0x01DB, 36 }, // U+01DB
    { 0x01DC, 59 }, // U+01DC
    { 0x01DD, 44 }, // U+01DD
    { 0x01DE, 18 }, // U+01DE
    { 0x01DF, 43 }, // U+01DF
    { 0x01E0, 18 }, // U+01E0
    { 0x01E1, 43 }, // U+01E1
    { 0x01E2, 22 }, // U+01E2
    { 0x01E3, 47 }, // U+01E3
    { 0x01E4, 24 }, // U+01E4
    { 0x01E5, 85 }, // U+01E5
    { 0x01E6, 24 }, // U+01E6
    { 0x01E7, 49 }, // U+01E7
    { 0x01E8, 27 }, // U+01E8
    { 0x01E9, 53 }, // U+01E9
    { 0x01EA, 21 }, // U+01EA
    { 0x01EB, 44 }, // U+01EB
    { 0x01EC, 21 }, // U+01EC
    { 0x01ED, 44 }, // U+01ED
    { 0x01EF, 86 }, // U+01EF
    { 0x01F0, 81 }, // U+01F0
    { 0x01F1, 40 }, // U+01F1
    { 0x01F2, 62 }, // U+01F2
    { 0x01F3, 62 }, // U+01F3
    { 0x01F4, 24 }, // U+01F4
    { 0x01F5, 49 }, // U+01F5
    { 0x01F8, 30 }, // U+01F8
    { 0x01F9, 50 }, // U+01F9
    { 0x01FA, 18 }, // U+01FA
    { 0x01FB, 43 }, // U+01FB
    { 0x01FC, 22 }, // U+01FC
    { 0x01FD, 47 }, // U+01FD
    { 0x01FE, 87 }, // U+01FE
    { 0x01FF, 44 }, // U+01FF
    { 0x0200, 18 }, // U+0200
    { 0x0201, 43 }, // U+0201
    { 0x0202, 18 }, // U+0202
    { 0x0203, 43 }, // U+0203
    { 0x0204, 22 }, // U+0204
    { 0x0205, 47 }, // U+0205
    { 0x0206, 22 }, // U+0206
    { 0x0207, 47 }, // U+0207
    { 0x0208, 25 }, // U+0208
    { 0x0209, 71 }, // U+0209
    { 0x020A, 25 }, // U+020A
    { 0x020B, 71 }, // U+020B
    { 0x020C, 21 }, // U+020C
    { 0x020D, 44 }, // U+020D
    { 0x020E, 21 }, // U+020E
    { 0x020F, 44 }, // U+020F
    { 0x0210, 33 }, // U+0210
    { 0x0211, 56 }, // U+0211
    { 0x0212, 33 }, // U+0212
    { 0x0213, 56 }, // U+0213
    { 0x0214, 36 }, // U+0214
    { 0x0215, 59 }, // U+0215
    { 0x0216, 36 }, // U+0216
    { 0x0217, 59 }, // U+0217
    { 0x0218, 34 }, // U+0218
    { 0x0219, 57 }, // U+0219
    { 0x021A, 35 }, // U+021A
    { 0x021B, 58 }, // U+021B
    { 0x021C, 19 }, // U+021C
    { 0x021D, 88 }, // U+021D
    { 0x021E, 25 }, // U+021E
    { 0x021F, 50 }, // U+021F
    { 0x2010, 6 }, // U+2010
    { 0x2011, 6 }, // U+2011
    { 0x2013, 6 }, // U+2013
    { 0x2014, 6 }, // U+2014
    { 0x2015, 6 }, // U+2015
    { 0x2018, 89 }, // U+2018
    { 0x2019, 90 }, // U+2019
    { 0x201A, 5 }, // U+201A
    { 0x201B, 89 }, // U+201B
    { 0x201C, 89 }, // U+201C
    { 0x201D, 90 }, // U+201D
    { 0x201E, 5 }, // U+201E
    { 0x201F, 89 }, // U+201F
    { 0x2025, 5 }, // U+2025
    { 0x2026, 5 }, // U+2026
    { 0x2039, 65 }, // U+2039
    { 0x203A, 66 }, // U+203A
    { 0x2212, 4 }, // U+2212
    { 0x2217, 4 }, // U+2217
    { 0x2248, 4 }, // U+2248
    { 0x2260, 4 }, // U+2260
    { 0xFB00, 48 }, // U+FB00
    { 0xFB01, 51 }, // U+FB01
    { 0xFB02, 54 }, // U+FB02
    { 0xFB03, 51 }, // U+FB03
    { 0xFB04, 54 }, // U+FB04
    { 0xFB05, 58 }, // U+FB05
    { 0xFB06, 58 }, // U+FB06
};

static const EpdKernClassEntry bookerly_8_regularKernRightClasses[] = {
    { 0x0021, 1 }, // !
    { 0x0022, 2 }, // "
    { 0x0027, 2 }, // '
    { 0x0029, 3 }, // )
    { 0x002A, 4 }, // *
    { 0x002B, 5 }, // +
    { 0x002C, 6 }, // ,
    { 0x002D, 7 }, // -
    { 0x002E, 8 }, // .
    { 0x002F, 9 }, // /
    { 0x0030, 10 }, // 0
    { 0x0031, 11 }, // 1
    { 0x0032, 12 }, // 2
    { 0x0033, 13 }, // 3
    { 0x0034, 14 }, // 4
    { 0x0035, 15 }, // 5
    { 0x0036, 16 }, // 6
    { 0x0037, 17 }, // 7
    { 0x0038, 18 }, // 8
    { 0x003A, 19 }, // :
    { 0x003B, 20 }, // ;
    { 0x003C, 5 }, // <
    { 0x003D, 5 }, // =
    { 0x003E, 5 }, // >
    { 0x003F, 21 }, // ?
    { 0x0041, 22 }, // A
    { 0x0042, 23 }, // B
    { 0x0043, 24 }, // C
    { 0x0044, 23 }, // D
    { 0x0045, 23 }, // E
    { 0x0046, 23 }, // F
    { 0x0047, 24 }, // G
    { 0x0048, 23 }, // H
    { 0x0049, 23 }, // I
    { 0x004A, 25 }, // J
    { 0x004B, 23 }, // K
    { 0x004C, 23 }, // L
    { 0x004D, 26 }, // M
    { 0x004E, 23 }, // N
    { 0x004F, 24 }, // O
    { 0x0050, 23 }, // P
    { 0x0051, 24 }, // Q
    { 0x0052, 23 }, // R
    { 0x0053, 27 }, // S
    { 0x0054, 28 }, // T
    { 0x0055, 29 }, // U
    { 0x0056, 30 }, // V
    { 0x0057, 30 }, // W
    { 0x0058, 31 }, // X
    { 0x0059, 32 }, // Y
    { 0x005A, 33 }, // Z
    { 0x005C, 34 }, // <backslash>
    { 0x005D, 35 }, // ]
    { 0x0061, 36 }, // a
    { 0x0062, 37 }, // b
    { 0x0063, 38 }, // c
    { 0x0064, 38 }, // d
    { 0x0065, 38 }, // e
    { 0x0066, 39 }, // f
    { 0x0067, 40 }, // g
    { 0x0068, 41 }, // h
    { 0x0069, 42 }, // i
    { 0x006A, 43 }, // j
    { 0x006B, 41 }, // k
    { 0x006C, 41 }, // l
    { 0x006D, 44 }, // m
    { 0x006E, 44 }, // n
    { 0x006F, 38 }, // o
    { 0x0070, 45 }, // p
    { 0x0071, 38 }, // q
    { 0x0072, 44 }, // r
    { 0x0073, 46 }, // s
    { 0x0074, 47 }, // t
    { 0x0075, 48 }, // u
    { 0x0076, 49 }, // v
    { 0x0077, 49 }, // w
    { 0x0078, 50 }, // x
    { 0x0079, 51 }, // y
    { 0x007A, 52 }, // z
    { 0x007D, 53 }, // }
    { 0x007E, 5 }, // ~
    { 0x00AB, 54 }, // U+00AB
    { 0x00AD, 7 }, // U+00AD
    { 0x00B0, 55 }, // U+00B0
    { 0x00BB, 56 }, // U+00BB
    { 0x00BF, 57 }, // U+00BF
    { 0x00C0, 22 }, // U+00C0
    { 0x00C1, 22 }, // U+00C1
    { 0x00C2, 22 }, // U+00C2
    { 0x00C3, 22 }, // U+00C3
    { 0x00C4, 22 }, // U+00C4
    { 0x00C5, 22 }, // U+00C5
    { 0x00C6, 58 }, // U+00C6
    { 0x00C7, 24 }, // U+00C7
    { 0x00C8, 23 }, // U+00C8
    { 0x00C9, 23 }, // U+00C9
    { 0x00CA, 23 }, // U+00CA
    { 0x00CB, 23 }, // U+00CB
    { 0x00CC, 23 }, // U+00CC
    { 0x00CD, 23 }, // U+00CD
    { 0x00CE, 23 }, // U+00CE
    { 0x00CF, 23 }, // U+00CF
    { 0x00D0, 23 }, // U+00D0
    { 0x00D1, 23 }, // U+00D1
    { 0x00D2, 24 }, // U+00D2
    { 0x00D3, 24 }, // U+00D3
    { 0x00D4, 24 }, // U+00D4
    { 0x00D5, 24 }, // U+00D5
    { 0x00D6, 24 }, // U+00D6
    { 0x00D7, 5 }, // U+00D7
    { 0x00D8, 59 }, // U+00D8
    { 0x00D9, 29 }, // U+00D9
    { 0x00DA, 29 }, // U+00DA
    { 0x00DB, 29 }, // U+00DB
    { 0x00DC, 29 }, // U+00DC
    { 0x00DD, 32 }, // U+00DD
    { 0x00DE, 23 }, // U+00DE
    { 0x00DF, 60 }, // U+00DF
    { 0x00E0, 36 }, // U+00E0
    { 0x00E1, 36 }, // U+00E1
    { 0x00E2, 36 }, // U+00E2
    { 0x00E3, 61 }, // U+00E3
    { 0x00E4, 62 }, // U+00E4
    { 0x00E5, 36 }, // U+00E5
    { 0x00E6, 36 }, // U+00E6
    { 0x00E7, 38 }, // U+00E7
    { 0x00E8, 38 }, // U+00E8
    { 0x00E9, 38 }, // U+00E9
    { 0x00EA, 38 }, // U+00EA
    { 0x00EB, 63 }, // U+00EB
    { 0x00EC, 64 }, // U+00EC
    { 0x00ED, 42 }, // U+00ED
    { 0x00EE, 65 }, // U+00EE
    { 0x00EF, 66 }, // U+00EF
    { 0x00F0, 38 }, // U+00F0
    { 0x00F1, 44 }, // U+00F1
    { 0x00F2, 38 }, // U+00F2
    { 0x00F3, 38 }, // U+00F3
    { 0x00F4, 38 }, // U+00F4
    { 0x00F5, 38 }, // U+00F5
    { 0x00F6, 38 }, // U+00F6
    { 0x00F7, 5 }, // U+00F7
    { 0x00F8, 67 }, // U+00F8
    { 0x00F9, 48 }, // U+00F9
    { 0x00FA, 48 }, // U+00FA
    { 0x00FB, 48 }, // U+00FB
    { 0x00FC, 48 }, // U+00FC
    { 0x00FD, 51 }, // U+00FD
    { 0x00FE, 68 }, // U+00FE
    { 0x00FF, 51 }, // U+00FF
    { 0x0100, 22 }, // U+0100
    { 0x0101, 69 }, // U+0101
    { 0x0102, 22 }, // U+0102
    { 0x0103, 70 }, // U+0103
    { 0x0104, 22 }, // U+0104
    { 0x0105, 36 }, // U+0105
    { 0x0106, 24 }, // U+0106
    { 0x0107, 38 }, // U+0107
    { 0x0108, 24 }, // U+0108
    { 0x0109, 38 }, // U+0109
    { 0x010A, 24 }, // U+010A
    { 0x010B, 38 }, // U+010B
    { 0x010C, 24 }, // U+010C
    { 0x010D, 38 }, // U+010D
    { 0x010E, 23 }, // U+010E
    { 0x010F, 38 }, // U+010F
    { 0x0110, 23 }, // U+0110
    { 0x0111, 38 }, // U+0111
    { 0x0112, 23 }, // U+0112
    { 0x0113, 71 }, // U+0113
    { 0x0114, 23 }, // U+0114
    { 0x0115, 71 }, // U+0115
    { 0x0116, 23 }, // U+0116
    { 0x0117, 38 }, // U+0117
    { 0x0118, 23 }, // U+0118
    { 0x0119, 38 }, // U+0119
    { 0x011A, 23 }, // U+011A
    { 0x011B, 38 }, // U+011B
    { 0x011C, 24 }, // U+011C
    { 0x011D, 40 }, // U+011D
    { 0x011E, 24 }, // U+011E
    { 0x011F, 40 }, // U+011F
    { 0x0120, 24 }, // U+0120
    { 0x0121, 40 }, // U+0121
    { 0x0122, 24 }, // U+0122
    { 0x0123, 40 }, // U+0123
    { 0x0124, 23 }, // U+0124
    { 0x0125, 41 }, // U+0125
    { 0x0126, 23 }, // U+0126
    { 0x0127, 72 }, // U+0127
    { 0x0128, 23 }, // U+0128
    { 0x0129, 66 }, // U+0129
    { 0x012A, 23 }, // U+012A
    { 0x012B, 66 }, // U+012B
    { 0x012C, 23 }, // U+012C
    { 0x012D, 66 }, // U+012D
    { 0x012E, 23 }, // U+012E
    { 0x012F, 42 }, // U+012F
    { 0x0130, 23 }, // U+0130
    { 0x0131, 42 }, // U+0131
    { 0x0132, 23 }, // U+0132
    { 0x0133, 42 }, // U+0133
    { 0x0134, 25 }, // U+0134
    { 0x0135, 73 }, // U+0135
    { 0x0136, 23 }, // U+0136
    { 0x0137, 41 }, // U+0137
    { 0x0138, 44 }, // U+0138
    { 0x0139, 23 }, // U+0139
    { 0x013A, 41 }, // U+013A
    { 0x013B, 23 }, // U+013B
    { 0x013C, 41 }, // U+013C
    { 0x013D, 23 }, // U+013D
    { 0x013E, 41 }, // U+013E
    { 0x013F, 23 }, // U+013F
    { 0x0140, 41 }, // U+0140
    { 0x0141, 23 }, // U+0141
    { 0x0142, 74 }, // U+0142
    { 0x0143, 23 }, // U+0143
    { 0x0144, 44 }, // U+0144
    { 0x0145, 23 }, // U+0145
    { 0x0146, 44 }, // U+0146
    { 0x0147, 23 }, // U+0147
    { 0x0148, 44 }, // U+0148
    { 0x0149, 44 }, // U+0149
    { 0x014A, 23 }, // U+014A
    { 0x014B, 44 }, // U+014B
    { 0x014C, 24 }, // U+014C
    { 0x014D, 38 }, // U+014D
    { 0x014E, 24 }, // U+014E
    { 0x014F, 38 }, // U+014F
    { 0x0150, 24 }, // U+0150
    { 0x0151, 38 }, // U+0151
    { 0x0152, 24 }, // U+0152
    { 0x0153, 38 }, // U+0153
    { 0x0154, 23 }, // U+0154
    { 0x0155, 44 }, // U+0155
    { 0x0156, 23 }, // U+0156
    { 0x0157, 44 }, // U+0157
    { 0x0158, 23 }, // U+0158
    { 0x0159, 75 }, // U+0159
    { 0x015A, 27 }, // U+015A
    { 0x015B, 46 }, // U+015B
    { 0x015C, 27 }, // U+015C
    { 0x015D, 46 }, // U+015D
    { 0x015E, 27 }, // U+015E
    { 0x015F, 46 }, // U+015F
    { 0x0160, 27 }, // U+0160
    { 0x0161, 76 }, // U+0161
    { 0x0162, 28 }, // U+0162
    { 0x0163, 47 }, // U+0163
    { 0x0164, 28 }, // U+0164
    { 0x0165, 47 }, // U+0165
    { 0x0166, 28 }, // U+0166
    { 0x0167, 47 }, // U+0167
    { 0x0168, 29 }, // U+0168
    { 0x0169, 48 }, // U+0169
    { 0x016A, 29 }, // U+016A
    { 0x016B, 48 }, // U+016B
    { 0x016C, 29 }, // U+016C
    { 0x016D, 48 }, // U+016D
    { 0x016E, 29 }, // U+016E
    { 0x016F, 48 }, // U+016F
    { 0x0170, 29 }, // U+0170
    { 0x0171, 48 }, // U+0171
    { 0x0172, 29 }, // U+0172
    { 0x0173, 48 }, // U+0173
    { 0x0174, 30 }, // U+0174
    { 0x0175, 49 }, // U+0175
    { 0x0176, 32 }, // U+0176
    { 0x0177, 51 }, // U+0177
    { 0x0178, 32 }, // U+0178
    { 0x0179, 33 }, // U+0179
    { 0x017A, 52 }, // U+017A
    { 0x017B, 33 }, // U+017B
    { 0x017C, 52 }, // U+017C
    { 0x017D, 33 }, // U+017D
    { 0x017E, 77 }, // U+017E
    { 0x017F, 60 }, // U+017F
    { 0x01C4, 23 }, // U+01C4
    { 0x01C5, 23 }, // U+01C5
    { 0x01C6, 38 }, // U+01C6
    { 0x01C7, 23 }, // U+01C7
    { 0x01C8, 23 }, // U+01C8
    { 0x01C9, 41 }, // U+01C9
    { 0x01CA, 23 }, // U+01CA
    { 0x01CB, 23 }, // U+01CB
    { 0x01CC, 44 }, // U+01CC
    { 0x01CD, 22 }, // U+01CD
    { 0x01CE, 36 }, // U+01CE
    { 0x01CF, 23 }, // U+01CF
    { 0x01D0, 66 }, // U+01D0
    { 0x01D1, 24 }, // U+01D1
    { 0x01D2, 38 }, // U+01D2
    { 0x01D3, 29 }, // U+01D3
    { 0x01D4, 48 }, // U+01D4
    { 0x01D5, 29 }, // U+01D5
    { 0x01D6, 48 }, // U+01D6
    { 0x01D7, 29 }, // U+01D7
    { 0x01D8, 48 }, // U+01D8
    { 0x01D9, 29 }, // U+01D9
    { 0x01DA, 48 }, // U+01DA
    { 0x01DB, 29 }, // U+01DB
    { 0x01DC, 48 }, // U+01DC
    { 0x01DD, 78 }, // U+01DD
    { 0x01DE, 22 }, // U+01DE
    { 0x01DF, 36 }, // U+01DF
    { 0x01E0, 22 }, // U+01E0
    { 0x01E1, 36 }, // U+01E1
    { 0x01E2, 58 }, // U+01E2
    { 0x01E3, 36 }, // U+01E3
    { 0x01E4, 24 }, // U+01E4
    { 0x01E5, 79 }, // U+01E5
    { 0x01E6, 24 }, // U+01E6
    { 0x01E7, 40 }, // U+01E7
    { 0x01E8, 23 }, // U+01E8
    { 0x01E9, 41 }, // U+01E9
    { 0x01EA, 24 }, // U+01EA
    { 0x01EB, 38 }, // U+01EB
    { 0x01EC, 24 }, // U+01EC
    { 0x01ED, 38 }, // U+01ED
    { 0x01EE, 80 }, // U+01EE
    { 0x01EF, 81 }, // U+01EF
    { 0x01F1, 23 }, // U+01F1
    { 0x01F2, 23 }, // U+01F2
    { 0x01F3, 38 }, // U+01F3
    { 0x01F4, 24 }, // U+01F4
    { 0x01F5, 40 }, // U+01F5
    { 0x01F8, 23 }, // U+01F8
    { 0x01F9, 44 }, // U+01F9
    { 0x01FA, 22 }, // U+01FA
    { 0x01FB, 36 }, // U+01FB
    { 0x01FC, 58 }, // U+01FC
    { 0x01FD, 36 }, // U+01FD
    { 0x01FE, 82 }, // U+01FE
    { 0x01FF, 38 }, // U+01FF
    { 0x0200, 22 }, // U+0200
    { 0x0201, 36 }, // U+0201
    { 0x0202, 22 }, // U+0202
    { 0x0203, 36 }, // U+0203
    { 0x0204, 23 }, // U+0204
    { 0x0205, 38 }, // U+0205
    { 0x0206, 23 }, // U+0206
    { 0x0207, 38 }, // U+0207
    { 0x0208, 23 }, // U+0208
    { 0x0209, 66 }, // U+0209
    { 0x020A, 23 }, // U+020A
    { 0x020B, 66 }, // U+020B
    { 0x020C, 24 }, // U+020C
    { 0x020D, 38 }, // U+020D
    { 0x020E, 24 }, // U+020E
    { 0x020F, 38 }, // U+020F
    { 0x0210, 23 }, // U+0210
    { 0x0211, 44 }, // U+0211
    { 0x0212, 23 }, // U+0212
    { 0x0213, 44 }, // U+0213
    { 0x0214, 29 }, // U+0214
    { 0x0215, 48 }, // U+0215
    { 0x0216, 29 }, // U+0216
    { 0x0217, 48 }, // U+0217
    { 0x0218, 27 }, // U+0218
    { 0x0219, 46 }, // U+0219
    { 0x021A, 28 }, // U+021A
    { 0x021B, 47 }, // U+021B
    { 0x021C, 83 }, // U+021C
    { 0x021D, 84 }, // U+021D
    { 0x021E, 23 }, // U+021E
    { 0x021F, 41 }, // U+021F
    { 0x2010, 7 }, // U+2010
    { 0x2011, 7 }, // U+2011
    { 0x2013, 7 }, // U+2013
    { 0x2014, 7 }, // U+2014
    { 0x2015, 7 }, // U+2015
    { 0x2018, 85 }, // U+2018
    { 0x2019, 86 }, // U+2019
    { 0x201A, 8 }, // U+201A
    { 0x201B, 85 }, // U+201B
    { 0x201C, 85 }, // U+201C
    { 0x201D, 86 }, // U+201D
    { 0x201E, 8 }, // U+201E
    { 0x201F, 85 }, // U+201F
    { 0x2025, 8 }, // U+2025
    { 0x2026, 8 }, // U+2026
    { 0x2039, 54 }, // U+2039
    { 0x203A, 56 }, // U+203A
    { 0x203C, 1 }, // U+203C
    { 0x2047, 21 }, // U+2047
    { 0x2048, 21 }, // U+2048
    { 0x2049, 1 }, // U+2049
    { 0x2212, 5 }, // U+2212
    { 0x2217, 5 }, // U+2217
    { 0x2248, 5 }, // U+2248
    { 0x2260, 5 }, // U+2260
    { 0xFB00, 39 }, // U+FB00
    { 0xFB01, 39 }, // U+FB01
    { 0xFB02, 39 }, // U+FB02
    { 0xFB03, 39 }, // U+FB03
    { 0xFB04, 39 }, // U+FB04
    { 0xFB05, 39 }, // U+FB05
    { 0xFB06, 46 }, // U+FB06
};

static const int8_t bookerly_8_regularKernMatrix[] = {
       0,    0,    0,    0,    0,    0,    0,    0,    0,    0,    0,    0,    0,  -13,    0,    0,    0,    0,    0,    0,    0,  -13,    0,    0,    0,    0,    0,    0,    0,    0,    0,    0,    0,    0,    0,    0,    0,    0,    0,  -11,    0,    0,    0,    0,    0,    0,   11,    0,    0,    0,    0,    0,    0,    0,    0,    0,    0,    0,    0,    0,    0,    0,    0,    0,    0,    0,    0,    0,    0,    0,    0,    0,    0,    0,    0,    0,    0,    0,  -11,    0,    0,    0,    0,    0,    0,    0,
       0,    0,    0,    0,    0,    0,    0,    0,    0,    0,    0,    0,    0,    0,    0,    0,    0,    0,    0,    0,    0,    0,    0,   -8,   13,    0,    0,    0,    0,    0,    0,    0,    0,    0,    0,   -5,    0,   -5,    0,    0,    0,    0,   14,    0,    0,    0,    0,    0,    5,    0,    5,    0,    0,    0,    0,    0,    0,    0,   -8,    0,   -5,   -5,   -5,    0,    5,    5,   -5,    0,   -5,   -5,   -5,    0,   14,    0,    0,    0,    0,    0,    0,    0,    0,   -8,    0,    0,    0,    0,
       0,    0,    0,    0,    0,    0,    0,    0,    0,    0,    0,    0,    0,    0,    0,    0,    0,    0,    0,    0,    0,  -22,    0,    0,    0,    0,    0,    0,    0,   11,   11,    0,    0,    0,    0,    0,    0,   -5,    0,   -8,    0,    0,    0,    0,    0,    0,    0,    0,    0,    0,    0,    0,    0,    0,    0,    0,    0,  -36,    0,    0,    0,    0,   -5,    0,    0,    0,   -5,    0,    0,    0,   -5,    0,    0,    0,    0,    0,    0,    0,   -8,    0,    0,    0,    0,    0,    0,    0,
       0,    0,    0,    0,    0,    0,    0,    0,    0,    0,   -8,   -5,   -8,   -8,    0,    0,   -5,    0,    0,    0,    0,    0,    0,    0,    0,    0,    0,    0,    0,    0,    0,    0,    0,    0,    0,    0,    0,    0,    0,    0,    0,    0,    0,    0,    0,    0,    0,    0,    0,    0,    0,    0,    0,    0,    0,    0,    0,    0,    0,    0,    0,    0,    0,    0,    0,    0,    0,    0,    0,    0,    0,    0,    0,    0,    0,    0,    0,    0,    0,    0,    0,    0,    0,    0,    0,    0,
       0,    0,    0,    0,    0,    0,    0,    0,    0,   -5,    0,    0,    0,   -5,    0,   -5,  -11,    0,    0,    0,    0,    8,    0,  -11,    8,    0,    0,  -19,  -11,  -24,    0,  -21,    0,    0,    0,    0,   -4,   -4,    0,    0,    0,    0,    0,   -3,   -4,    0,   -8,  -10,  -16,    0,  -16,    0,    0,    0,    0,    0,    0,    0,  -11,    0,    0,    0,   -4,    0,    0,    0,   -4,    0,    0,    0,   -4,    0,   -5,    0,   -3,    0,    0,    0,    0,    0,    0,  -11,    0,    0,  -21,  -11,
       0,    0,    0,    0,    0,    0,    0,    0,    0,    0,    0,    0,    0,    0,    0,    0,    0,    0,    0,    0,    0,   -8,    0,    0,   -5,    0,    0,  -11,    0,  -13,    0,  -13,    0,    0,    0,    0,    0,    0,    0,    0,    0,    0,    0,    0,    0,    0,    0,    0,   -4,    0,   -4,    0,    0,    0,    0,    0,    0,   -8,    0,    0,    0,    0,    0,    0,    0,    0,    0,    0,    0,    0,    0,    0,    0,    0,    0,    0,    0,    0,    0,    0,    0,    0,   -8,    0,    0,    0,
       0,    0,    0,    0,    0,    0,    0,    0,    0,  -11,    0,    0,    0,  -24,   -7,  -13,    0,   -8,    0,    0,    0,  -27,    0,  -11,    0,    0,   -8,    0,    0,    0,    0,    0,   -5,    0,    0,  -27,    0,  -24,  -11,  -21,    0,    0,    0,  -13,  -13,  -24,    0,   -8,   -5,  -11,   -5,  -11,    0,    0,    0,    0,    0,  -37,  -11,    0,  -27,  -27,  -24,    0,   11,   11,  -24,    0,  -27,  -27,  -24,    0,    0,    0,  -13,  -24,  -11,    0,  -21,    0,   -8,  -11,    0,  -19,    0,    0,
       0,    0,    0,    0,    0,   -5,    0,   -5,    0,    0,    0,    0,    0,    0,    0,    0,    0,    0,    0,    0,    0,    0,    0,    0,    0,    0,    0,    0,    0,    0,    0,    0,    0,    0,    0,    0,    0,    0,    0,    0,    0,    0,    0,    0,    0,    0,    0,    0,    0,    0,    0,    0,    0,    0,   -5,    0,    0,    0,    0,    0,    0,    0,    0,    0,    0,    0,    0,    0,    0,    0,    0,    0,    0,    0,    0,    0,    0,    0,    0,    0,    0,    0,    0,    0,    0,    0,
       0,    0,    0,    0,    0,    0,    0,    0,    0,    0,    0,    0,    0,   -8,    0,    0,   -5,    0,    0,    0,    0,    0,    0,    0,    0,    0,    0,    0,    0,    0,    0,    0,    0,    0,    0,    0,    0,    0,    0,    0,    0,    0,    0,    0,    0,    0,    0,    0,    0,    0,    0,    0,    0,    0,  -16,    0,    0,    0,    0,    0,    0,    0,    0,    0,    0,    0,    0,    0,    0,    0,    0,    0,    0,    0,    0,    0,    0,    0,    0,    0,    0,    0,    0,    0,   -8,    0,
       0,    0,    0,    0,    0,    0,    0,    0,    0,    0,    0,    0,    0,    0,    0,    0,    0,    0,    0,    0,    0,    0,    0,    0,    0,    0,    0,    0,    0,    0,    0,    0,    0,    0,    0,    0,    0,    0,    0,    0,    0,    0,    0,    0,    0,    0,    0,    0,    0,    0,    0,    0,    0,    0,   -5,    0,    0,    0,    0,    0,    0,    0,    0,    0,    0,    0,    0,    0,    0,    0,    0,    0,    0,    0,    0,    0,    0,    0,    0,    0,    0,    0,    0,    0,    0,    0,
       0,    0,    0,    0,    0,   -5,    0,   -5,    0,    0,    0,    0,    0,    0,    0,    0,    0,    0,    0,    0,    0,    0,    0,    0,    0,    0,    0,    0,    0,    0,    0,    0,    0,    0,    0,    0,    0,    0,    0,    0,    0,    0,    0,    0,    0,    0,    0,    0,    0,    0,    0,    0,    0,    0,  -11,    0,    0,    0,    0,    0,    0,    0,    0,    0,    0,    0,    0,    0,    0,    0,    0,    0,    0,    0,    0,    0,    0,    0,    0,    0,    0,    0,    0,    0,    0,    0,
       0,    0,    0,    0,    0,    0,    0,    0,    0,    0,    0,    0,    0,    0,    0,    0,   -5,    0,    0,    0,    0,    0,    0,    0,    0,    0,    0,    0,    0,    0,    0,    0,    0,   -8,    0,    0,    0,    0,    0,    0,    0,    0,    0,    0,    0,    0,    0,    0,    0,    0,    0,    0,    0,    0,  -16,    0,    0,    0,    0,    0,    0,    0,    0,    0,    0,    0,    0,    0,    0,    0,    0,    0,    0,    0,    0,    0,    0,    0,    0,    0,    0,    0,    0,    0,   -5,    0,
       0,    0,    0,    0,   -8,  -19,    0,  -19,  -24,    0,    8,    0,    0,  -13,    0,   -5,    0,   -5,   -5,   -5,    0,    0,    0,    0,    0,    0,    0,    0,    0,    0,    0,    0,    0,    0,    0,    0,    0,    0,    0,    0,    0,    0,    0,    0,    0,    0,    0,    0,    0,    0,    0,    0,    0,    0,    0,    0,    0,    0,    0,    0,    0,    0,    0,    0,    0,    0,    0,    0,    0,    0,    0,    0,    0,    0,    0,    0,    0,    0,    0,    0,    0,    0,    0,    0,    0,    0,
       0,    0,    0,    0,    0,    0,    0,    0,    0,    0,    0,    0,    0,   -5,    0,    0,    0,    0,    0,    0,    0,    0,    0,    0,    0,    0,    0,    0,    0,    0,    0,    0,    0,    0,    0,    0,    0,    0,    0,    0,    0,    0,    0,    0,    0,    0,    0,    0,    0,    0,    0,    0,    0,    0,   -8,    0,    0,    0,    0,    0,    0,    0,    0,    0,    0,    0,    0,    0,    0,    0,    0,    0,    0,    0,    0,    0,    0,    0,    0,    0,    0,    0,    0,    0,    0,    0,
       0,    0,    0,    0,    0,  -11,    0,  -11,  -11,    0,    0,   -3,    0,   -5,   -5,    0,   -3,    0,    0,    0,    0,    0,    0,    0,    0,    0,    0,    0,    0,    0,    0,    0,    0,    0,    0,    0,    0,    0,    0,    0,    0,    0,    0,    0,    0,    0,    0,    0,    0,    0,    0,    0,    0,    0,  -11,    0,    0,    0,    0,    0,    0,    0,    0,    0,    0,    0,    0,    0,    0,    0,    0,    0,    0,    0,    0,    0,    0,    0,    0,    0,    0,    0,    0,    0,    0,    0,
       0,    0,    0,    0,    0,    0,    0,    0,    0,    0,    0,    0,    0,    0,    0,    0,    0,    0,    0,    0,    0,    0,    0,    0,    0,    0,    0,    0,    0,   -4,    0,   -4,    0,    0,    0,    0,    0,    0,    0,    0,    0,    0,    0,    0,    0,    0,    0,    0,    0,    0,    0,    0,    0,    0,    0,    0,    0,    0,    0,    0,    0,    0,    0,    0,    0,    0,    0,    0,    0,    0,    0,    0,    0,    0,    0,    0,    0,    0,    0,    0,    0,    0,    0,    0,    0,    0,
       0,    0,    0,    0,    0,    0,    0,    0,    0,    0,    0,    0,    0,    0,    0,    0,    0,    0,    0,    0,    0,    0,    0,    0,    0,    0,    0,    0,    0,    0,    0,   -5,    0,    0,    0,    0,    0,    0,    0,    0,    0,    0,    0,    0,    0,    0,    0,    0,    0,    0,    0,    0,    0,    0,    0,    0,    0,    0,    0,    0,    0,    0,    0,    0,    0,    0,    0,    0,    0,    0,    0,    0,    0,    0,    0,    0,    0,    0,    0,    0,    0,    0,   -5,    0,    0,    0,
       0,  -13,    0,  -22,    0,    0,   -8,    0,    5,    0,    0,    0,    0,    0,    0,    0,    0,    0,    0,    0,  -15,    7,    0,   -5,    0,    5,    0,  -27,  -16,  -29,    5,  -28,    3,  -27,    0,    0,   -4,    0,    0,    0,    0,    0,    0,    0,    0,    0,   -4,   -5,  -17,    5,  -17,    0,    0,   -8,    0,    0,    0,    8,   -1,    0,    0,    0,    0,    0,    0,    0,    0,    0,    0,    0,    0,    0,    0,    0,    0,    0,    0,    0,    0,    0,    0,   -1,    0,    0,  -24,  -19,
       0,    0,    0,    0,    0,   -4,    0,   -4,    0,    0,    0,    0,    0,    0,    0,    0,    0,    0,    0,    0,    0,   -3,    0,    0,    0,    0,    0,   -4,    0,   -7,   -4,   -5,    0,  -11,    0,    0,    0,    7,    0,    0,    0,    0,    5,    0,    0,    0,    0,    0,    0,    0,    0,    0,    0,    0,    0,    0,    0,   -7,    0,    0,    0,    0,    7,    0,    0,    0,    7,    0,    0,    0,    7,    0,    0,    0,    0,    0,    0,    0,    0,    0,    0,    0,   -5,    0,    0,    0,
       0,    0,    0,    0,    0,    0,   -5,    0,    0,    0,    0,    0,    0,    0,    0,    0,    0,    0,    0,    0,    0,    0,    0,   -6,    0,    0,    0,    0,    0,    0,    0,    0,    0,    0,    0,   -4,    0,   -4,    0,   -4,    0,    0,    0,    0,    0,   -5,    0,   -3,   -3,    0,   -3,    0,    0,    0,    0,    0,    0,    0,   -6,    0,   -4,   -4,   -4,    0,    0,    0,   -4,    0,   -4,   -4,   -4,    0,    0,    0,    0,   -5,    0,    0,   -4,    0,    0,   -6,    0,    0,    0,    0,
       0,    0,   -8,    0,    0,  -11,    0,  -11,  -11,    0,    0,    0,    0,    0,    0,    0,    0,    0,    0,    0,    0,   -8,   -4,    0,   -5,   -3,    0,    0,   -4,   -5,   -8,  -11,   -3,   -8,    0,    0,    0,    0,    0,   -3,    0,    0,    0,    0,    0,    0,    8,    0,    0,    0,    0,    0,    0,    0,    0,    0,    0,  -19,    0,   -5,    0,    0,    0,    0,    0,    0,    0,    0,    0,    0,    0,    0,    0,    0,    0,    0,    0,    0,   -3,   -3,    0,    0,    0,    0,    0,    0,
       0,    0,    0,    0,    0,    0,    0,    0,    0,    0,    0,    0,    0,    0,    0,    0,    0,    0,    0,    0,    0,    0,    0,    0,    0,    0,    0,    0,    0,    0,    0,    0,    0,    0,    0,    0,    0,    0,    0,    0,    0,    0,    0,    0,    0,    0,    0,    0,    0,    0,    0,    0,    0,    0,    0,    0,    0,    0,    0,    0,    0,    0,    0,    0,    0,    0,    0,    0,    0,    0,    0,    0,    0,    0,    0,    0,    0,    0,    0,    0,    0,    0,    0,    0,    0,    3,
       0,    0,    0,   11,    0,  -24,    0,  -24,  -23,    0,    0,    0,    0,    0,    0,    0,    0,    0,    0,    0,    0,  -24,    0,    0,    0,   -5,    0,    0,    0,    0,    0,    0,    0,    0,    0,   -8,    3,   -5,    0,  -11,    3,    0,    0,    0,    0,   -8,    0,    0,    0,    0,    0,   -5,    0,    0,    0,    0,    0,  -31,    0,    0,   -8,   -8,   -5,    0,   11,   11,   -5,    3,   -8,   -8,   -5,    3,   11,    3,    0,   -8,   -5,    0,  -11,    0,    0,    0,    0,    0,    5,    5,
       0,    0,    0,    0,    0,    0,    0,    0,    0,    0,    0,    0,    0,    0,    0,    0,    0,    0,    0,    0,    0,    0,    0,    0,    0,    0,    0,   -5,    0,   -5,    0,   -5,    0,    0,    0,    0,    0,    0,    0,   -3,    0,    0,    0,    0,    0,    0,    0,    0,    0,    0,    0,    0,    0,    0,    0,    0,    0,   -5,    0,    0,    0,    0,    0,    0,    0,    0,    0,    0,    0,    0,    0,    0,    0,    0,    0,    0,    0,    0,   -3,    0,    0,    0,    0,    0,    0,    0,
       0,    0,    0,    0,    0,    0,    0,    0,    0,    0,    0,    0,    0,    0,    0,    0,    0,    0,    0,    0,    0,    0,    0,   -4,    0,    0,    0,    0,    0,    0,    0,    0,    0,    0,    0,    0,    0,   -4,    0,    0,    0,    0,    0,    0,    0,    0,    0,   -3,   -8,    0,   -8,    0,    0,   -5,    0,    0,    0,    0,   -4,    0,    0,    0,   -4,    0,    5,    5,   -4,    0,    0,    0,   -4,    0,    5,    0,    0,    0,    0,    0,    0,    0,    0,   -4,    0,    0,    0,    0,
       0,    0,    0,    0,    0,  -13,   -5,  -13,  -10,    0,    0,    0,    0,    0,    0,    0,    0,    0,   -8,   -8,    0,  -11,    0,   -3,    0,    0,    0,    0,    0,    0,    0,    0,    0,    0,    0,   -8,    0,   -5,    0,   -5,    0,    0,    0,    0,    0,   -7,    0,   -3,   -4,   -5,   -4,   -4,    0,    0,    0,    0,    0,  -13,   -3,    0,   -8,   -8,   -5,    0,    8,    8,   -5,    0,   -8,   -8,   -5,    0,    0,    0,    0,   -7,   -4,    0,   -5,    0,    0,   -3,    0,    0,    0,    0,
       0,    0,    0,    0,    0,    0,   -8,    0,    0,    0,    0,    0,    0,    0,    0,    0,    0,    0,    0,    0,    0,    7,    0,  -11,    0,    5,    0,    0,    0,    0,    3,    0,    0,    0,    0,   -4,    0,   -6,    0,    0,    0,    0,    0,    0,   -3,   -3,   -8,   -9,  -16,    0,  -16,    0,    0,    0,    0,    0,    0,    3,  -11,    0,   -4,   -4,   -6,    0,    8,    8,   -6,    0,   -4,   -4,   -6,    0,    8,    0,    0,   -3,    0,    0,    0,    0,    0,  -11,    0,   -5,    0,    0,
       0,    0,    0,  -11,    0,    0,    0,    0,    0,    0,    0,    0,    0,    0,    0,    0,    0,    0,    0,    0,    0,   11,    0,    0,    0,    0,    0,  -13,   -7,  -21,    3,  -21,    0,  -29,    0,    0,    0,    0,    0,    0,    0,    0,    0,    0,    0,    0,    0,    0,   -8,    0,   -8,    0,    0,    0,    0,    0,    0,    0,    0,    0,    0,    0,    0,    0,    0,    0,    0,    0,    0,    0,    0,    0,    0,    0,    0,    0,    0,    0,    0,    0,    0,    0,    0,    0,  -11,   -5,
       0,    0,    0,    0,    0,    0,    0,    0,    0,    0,    0,    0,    0,    0,    0,    0,    0,    0,    0,    0,    0,    5,    0,   -3,    0,    0,    0,   -7,   -4,   -4,    8,   -5,    0,    0,    0,    0,    0,    0,    0,    0,    0,    0,    0,    0,    0,    0,    0,   -3,   -4,    0,   -4,    0,    0,    0,    0,    0,    0,    5,   -3,    0,    0,    0,    0,    0,   11,   11,    0,    0,    0,    0,    0,    0,    0,    0,    0,    0,    0,    0,    0,    0,    0,   -3,    0,    0,   -5,    0,
       0,    0,    0,    0,    0,  -12,   -5,  -12,    0,    0,    0,    0,    0,    0,    0,    0,    0,    0,    0,    0,    0,  -10,    0,   -4,    0,    0,    0,    0,    0,    0,    0,    0,    0,    0,    0,   -6,    0,   -4,    0,   -8,    0,    0,    0,    0,    0,   -7,    0,    0,   -4,   -3,   -4,   -3,    0,    0,    0,    0,    0,  -11,   -4,    0,   -6,   -6,   -4,    0,   11,   11,   -4,    0,   -6,   -6,   -4,    0,    0,    0,    0,   -7,   -3,    0,   -8,    0,    0,   -4,    0,   -8,    0,    0,
       0,    5,    0,   10,    0,  -27,    0,  -27,  -26,    0,    0,    0,    0,    0,    0,    0,    0,    0,    0,    0,    0,  -27,   -4,    0,    0,   -4,    0,    8,    0,    0,   -3,    0,    0,    0,    0,   -4,    0,   -4,    0,   -7,    0,    0,    8,    0,    0,   -5,    5,    7,    8,    0,    8,    0,    0,    0,    0,    0,    0,  -36,    0,    0,   -4,   -4,   -4,    0,    5,    5,   -4,    0,   -4,   -4,   -4,    0,   13,    0,    0,   -5,    0,    0,   -7,    0,    0,    0,    0,    0,    5,    8,
       0,    0,    5,    0,    0,   -3,    0,  -11,  -11,    0,    0,    0,    0,    0,    0,    0,    0,    0,    0,    8,    0,   -8,   -4,    0,   20,   -3,    0,    0,   -4,   -5,   -8,  -11,   -3,   -8,   13,    0,    0,    0,    0,    3,    0,    0,   24,    0,    0,    0,    8,    0,    0,    0,   15,    0,   19,    0,    0,    0,    0,  -19,    0,   -5,    0,    0,    0,    0,    0,    0,    0,    0,    0,    0,    0,    0,   24,    0,    0,    0,    0,    0,   12,   -3,    5,    0,    0,    0,    0,    0,
       0,    0,    0,   -8,    0,    0,   -8,    0,    0,    0,    0,    0,    0,    0,    0,    0,    0,    0,    0,    0,   -8,   11,    0,   -8,    0,    8,    0,  -13,   -9,  -17,    8,  -19,    0,    0,    0,    0,    0,    0,    0,    0,    0,    0,    0,    0,    0,    0,   -3,   -5,   -8,    5,   -8,    0,    0,    0,    0,    0,    0,    8,   -5,    0,    0,    0,    0,    0,    0,    0,    0,    0,    0,    0,    0,    0,    0,    0,    0,    0,    0,    0,    0,    0,    0,   -8,   -5,    0,  -16,  -11,
       0,    0,    0,    0,    0,   -5,    0,   -5,   -5,    0,    0,    0,    0,    0,    0,    0,    0,    0,    0,    0,    0,   -5,    0,    0,    0,    0,    0,    0,    0,   -3,   -3,   -3,    0,    0,    0,    0,    0,    0,    0,   -8,    0,    0,    0,    0,    0,    0,    0,    0,   -5,   -3,   -5,    0,    0,    0,    0,    0,    0,   -8,    0,    0,    0,    0,    0,    0,    0,    0,    0,    0,    0,    0,    0,    0,    0,    0,    0,    0,    0,    0,   -8,    0,    0,    0,    0,   -5,    0,    0,
       0,    0,    0,    0,    0,  -24,  -11,  -24,  -33,    0,    0,    0,    0,    0,    0,    0,    0,    0,  -11,  -11,    0,  -29,    0,   -8,    0,   -7,   -4,    0,    0,    0,    0,    0,   -3,    0,    0,  -15,    0,  -16,    0,  -17,    0,    0,    0,    0,    0,  -19,    0,    0,    0,    0,    0,   -5,    0,  -13,    0,   -5,    0,  -27,   -8,    0,  -15,  -15,  -16,    0,   11,   11,  -16,    0,  -15,  -15,  -16,    0,    0,    0,    0,  -19,   -5,   -5,  -17,    0,    0,   -8,    0,   -5,    5,    5,
       0,    0,    0,    0,    0,  -11,    0,  -11,  -15,    0,    0,    0,    0,    0,    0,    0,    0,    0,    0,    0,    0,  -19,    0,   -4,    0,   -4,   -4,    0,    0,    0,    0,    0,   -3,    0,    0,   -5,    0,   -4,    0,  -11,    0,    0,    0,    0,    0,   -7,    0,    0,    0,   -5,    0,   -5,    0,    0,    0,   -5,    0,  -19,   -4,   -8,   -5,   -5,   -4,    0,   11,   11,   -4,    0,   -5,   -5,   -4,    0,    0,    0,    0,   -7,   -5,    0,  -11,    0,    0,   -4,    0,    0,    0,    0,
       0,    0,    0,   11,    0,  -27,  -13,  -27,  -36,    0,    0,    0,    0,    0,    0,    0,    0,    0,   -5,   -5,    0,  -31,    0,  -11,    0,   -4,   -7,    0,    0,    8,    0,    5,    0,    0,    0,  -17,    7,  -19,   -5,  -24,    7,    0,    0,   -7,   -5,  -17,    0,   -5,   -5,   -8,   -5,   -9,    0,  -11,    0,   -8,    0,  -37,  -11,    0,  -28,  -25,  -19,    0,   16,   16,  -19,    7,  -28,  -17,  -19,    7,   16,    7,   -7,  -17,   -9,    0,  -24,    0,    0,  -11,    0,  -11,    0,    5,
       0,    0,    0,    8,    0,    0,    0,    0,    0,    0,    0,    0,    0,    0,    0,    0,    0,    0,    0,    0,    0,    5,    0,   -8,    0,    7,    0,    0,    0,    0,    8,    0,    0,    0,    0,    0,    5,    0,    0,    0,    5,    0,    0,    0,    0,    0,    0,   -8,  -12,    5,  -12,    0,    0,    0,    0,    0,    0,    8,   -3,    0,    0,    0,    0,    0,   13,   13,    0,    5,    0,    0,    0,    5,   13,    5,    0,    0,    0,    0,    0,    0,    0,   -3,    0,    0,    0,    0,
       0,    0,    0,    0,    0,  -21,  -13,  -21,  -28,    0,    0,    0,    0,    0,    0,    0,    0,    0,   -8,   -8,    0,  -27,    0,  -13,    0,   -4,   -7,    0,    0,    7,    0,    7,    0,    0,    0,  -18,    5,  -21,   -5,  -17,    5,    0,    0,   -8,   -5,  -21,    0,   -8,   -8,   -9,   -8,   -8,    0,  -13,    0,  -11,    0,  -29,  -13,    0,  -18,  -26,  -21,    0,   29,   19,  -21,    5,  -26,  -26,  -21,    5,   14,    5,   -8,  -21,   -8,  -11,  -17,    0,   -5,  -13,    0,  -11,    0,    5,
       0,    0,    0,    0,    0,    0,    0,    0,    0,    0,    0,    0,    0,    0,    0,    0,    0,    0,    0,    0,    0,    0,    0,   -3,    0,    0,    0,    0,    0,    0,    0,    0,    0,    0,    0,    0,    0,    0,    0,    0,    0,    0,    0,    0,    0,    0,    0,    0,   -3,    0,   -3,    0,    0,    0,    0,    0,    0,    0,   -3,    0,    0,    0,    0,    0,    5,    5,    0,    0,    0,    0,    0,    0,    8,    0,    0,    0,    0,    0,    0,    0,    0,   -3,    0,    0,    0,    0,
       0,    0,    0,    0,    0,    0,    0,    0,    0,    0,    0,    0,    0,    0,    0,    0,    0,    0,    0,    0,    0,    0,    0,    0,   11,    0,    0,    0,    0,    0,    0,    0,    0,    0,    0,    0,    0,    0,    0,    0,    0,    0,   11,    0,    0,    0,    0,    0,    0,    0,   14,    0,    0,    0,    0,    0,    0,    0,    0,    0,    0,    0,    0,    0,    5,    5,    0,    0,    0,    0,    0,    0,   11,    0,    0,    0,    0,    0,    0,    0,    0,    0,    0,    0,    0,    0,
       0,    0,    0,    0,    0,    0,    0,    0,    0,    0,    0,    0,    0,   -8,    0,    0,  -16,    0,    0,    0,    0,    0,    0,   -8,    0,    0,    0,  -21,  -13,  -27,    0,  -21,    0,    0,    0,    0,    0,   -5,    0,    5,    0,    0,    0,    0,    0,    0,   -5,   -8,   -8,    0,   -8,    0,    0,    0,    0,    0,    0,    0,   -8,    0,    0,    0,   -5,    0,    0,    0,   -5,    0,    0,    0,   -5,    0,    0,    0,    0,    0,    0,    0,    5,    0,    0,   -8,    0,    0,    0,    0,
       0,    0,    0,  -11,    0,    0,    0,    0,    0,    0,    0,    0,    0,    0,    0,    0,    0,    0,    0,    0,   -7,    0,    0,    0,    0,    0,    0,    0,    0,    0,    0,    0,    0,  -27,    0,    0,   -3,    0,    0,    0,    0,    0,    0,    0,    0,    0,    0,   -3,   -9,    0,   -9,    0,    0,    0,    0,    0,    0,    0,    0,    0,    0,    0,    0,    0,    0,    0,    0,   -3,    0,    0,    0,    0,    0,    0,    0,    0,    0,    0,    0,    0,   -5,    0,    0,    0,  -11,   -8,
       0,    0,   -5,   -5,    0,   -4,    0,   -4,  -11,    0,    0,    0,    0,    0,    0,    0,    0,    0,    0,    0,   -4,    0,    0,    0,    0,    0,    0,    0,    0,    0,    0,    0,    0,  -16,    0,    0,   -3,    0,    0,    0,   -3,    0,    0,    0,    0,    0,    3,    0,   -3,   -4,   -3,    0,    0,    0,    0,    0,    0,    0,    0,    0,    0,    0,    0,    0,    0,    0,    0,   -3,    0,    0,    0,   -3,    0,   10,    0,    0,    0,    0,    0,    0,    0,    0,    0,    0,  -13,   -5,
       0,    0,    0,    0,    0,    0,    0,    0,    0,    0,    0,    0,    0,    0,    0,    0,    0,    0,    0,    0,    0,    0,    0,    0,    0,    0,    0,    0,    0,    0,    0,    0,    0,  -16,    0,   -3,   -3,    0,    0,   -4,   -3,    0,    0,    0,    0,    0,    0,    0,    0,    0,    0,    0,    0,    0,    0,    0,    0,    0,    0,    0,   -3,   -3,    0,    0,    0,    0,    0,   -3,   -3,   -3,    0,   -3,    0,   -3,    0,    0,    0,    0,   -4,    0,    0,    0,    0,    0,    0,    5,
       0,    0,    0,    0,    0,    0,    0,    0,    0,    0,    0,    0,    0,    0,    0,    0,    0,    0,    0,    0,    0,    0,    0,    0,    0,    0,    0,    0,    0,    0,    0,    0,    0,    0,    0,    0,    0,    0,    0,    0,    0,    0,    0,    0,    0,    0,    0,    0,   -8,    3,   -8,    0,    0,    0,    0,    0,    0,    0,    0,    0,    0,    0,    0,    0,    0,    0,    0,    0,    0,    0,    0,    0,    0,    0,    0,    0,    0,    0,    0,    0,    0,    0,    0,    0,   -5,    0,
       0,    0,    0,    0,    0,    0,    0,    0,    0,    0,    0,    0,    0,    0,    0,    0,    0,    0,    0,    0,   -7,    0,    0,    0,    0,    0,    0,    0,    0,    0,    0,    0,    0,  -11,    0,   -3,    0,    0,    0,    0,    0,    0,    0,    0,    0,    0,    0,    0,   -3,    0,   -3,    0,    0,    0,    0,    0,    0,    0,    0,    0,   -3,   -3,    0,    0,    0,    0,    0,    0,   -3,   -3,    0,    0,    0,    8,    0,    0,    0,    0,    0,    0,    0,    0,    0,    0,   -5,    0,
      16,   27,   27,   27,    0,   -5,    0,   -5,   -8,    0,    0,    0,    0,    0,    0,    0,    0,    0,    0,    0,   14,    0,    0,    0,    0,    0,    0,    0,    0,    0,    0,    0,    0,   22,   22,   -3,    0,   -4,    0,   -3,    0,    5,    8,    0,    0,   -5,    0,    0,    5,    0,    5,    0,   27,    0,    0,    0,    0,    0,    0,    0,    2,   10,    3,   32,   56,   35,   -4,    0,    4,    1,   -1,   25,   27,    0,   11,    3,    8,    0,   -3,    0,    0,    0,    0,    0,   21,   25,
       0,    8,    0,    5,    0,    0,    0,    0,    0,    0,    0,    0,    0,    0,    0,    0,    0,    0,    0,    0,    0,    0,    0,    0,    0,    0,    0,    0,    0,    0,    0,    0,    0,   -8,    0,   -4,    0,   -3,    0,    0,    0,    0,    7,    0,    4,    0,    7,    0,    3,    0,    3,    0,    0,    0,    0,    0,    0,    0,    0,    0,   -4,   -4,   -3,    0,    0,    0,   -3,    0,   -4,   -4,   -3,    0,    7,    0,    0,    0,    0,    0,   13,    0,    0,    0,    0,    0,    4,   11,
       0,    0,    0,   -5,    0,    0,    0,    0,    0,    0,    0,    0,    0,    0,    0,    0,    0,    0,    0,    0,   -4,    0,    0,    0,    0,    0,    0,    0,    0,    0,    0,    0,    0,  -24,    0,    0,    0,    0,    0,    0,    0,    0,    0,    0,    0,    0,   -3,   -3,  -15,    0,  -15,    0,    0,    0,    0,    0,    0,    0,    0,    0,    0,    0,    0,    0,    0,    0,    0,    0,    0,    0,    0,    0,    0,    0,    0,    0,    0,    0,    0,    0,    0,    0,    0,    0,  -13,   -8,
       0,    0,    0,    0,    0,    0,    0,    0,    0,    0,    0,    0,    0,    0,    0,    0,    0,    0,    0,    0,    0,    0,    0,    0,    0,    0,    0,    0,    0,    0,    0,    0,    0,    0,    0,    0,    0,    0,    0,    0,    0,    0,    0,    0,    0,    0,    0,    0,   -9,    0,   -9,    0,    0,    0,    0,    0,    0,    0,    0,    0,    0,    0,    0,    0,    0,    0,    0,    0,    0,    0,    0,    0,    0,    0,    0,    0,    0,    0,    0,    0,    0,    0,    0,    0,   -8,    0,
       0,    0,    0,    0,    0,   -5,    0,   -5,    0,    0,    0,    0,    0,    0,    0,    0,    0,    0,    0,    0,    0,    0,    0,    0,    0,    0,    0,    0,    0,    0,    0,    0,    0,    0,    0,    0,    0,    0,    0,   -5,    0,    0,    0,    0,    0,    0,    0,    0,    0,    0,    0,    0,    0,    0,    0,    0,    0,    0,    0,    0,    0,    0,    0,    0,    0,    0,    0,    0,    0,    0,    0,    0,    0,    0,    0,    0,    0,    0,   -5,    0,    0,    0,    0,    0,    0,    0,
       0,    0,    0,    0,    0,    0,    0,    0,    0,    0,    0,    0,    0,    0,    0,    0,    0,    0,    0,    0,   -4,    0,    0,    0,    0,    0,    0,    0,    0,    0,    0,    0,    0,   -5,    0,   -4,   -5,   -5,    0,    0,    0,    0,    3,    0,    0,   -4,    0,    0,    0,    3,    0,    0,    0,    0,    0,    0,    0,    0,    0,    0,   -4,   -4,   -5,    0,    0,    0,   -3,    0,   -4,   -4,   -5,    0,    0,    0,    0,   -4,    0,    0,    0,    0,    0,    0,    0,    0,    0,    0,
       0,    0,    0,    0,    0,    0,    0,    0,    0,    0,    0,    0,    0,    0,    0,    0,    0,    0,    0,    0,   -5,    0,    0,    0,    0,    0,    0,    0,    0,    0,    0,    0,    0,    0,    0,    0,    0,    0,    0,    0,    0,    0,    0,    0,    0,    0,    0,    0,   -5,    0,   -5,    0,    0,    0,    0,    0,    0,    0,    0,    0,    0,    0,    0,    0,    0,    0,    0,    0,    0,    0,    0,    0,    0,    0,    0,    0,    0,    0,    0,    0,    0,    0,    0,    0,   -8,   -5,
       0,    0,    0,    0,    0,    0,    0,    0,    0,    0,    0,    0,    0,    0,    0,    0,    0,    0,    0,    0,   -4,    0,    0,    0,    0,    0,    0,    0,    0,    0,    0,    0,    0,  -13,    0,    0,    0,    0,    0,    0,    0,    0,   18,    0,    3,    0,    0,    0,   -5,    0,    8,    0,    0,    0,    0,    0,    0,    0,    0,    0,    0,    0,    0,    0,    0,    0,    0,    0,    0,    0,    0,    0,   18,    0,    0,    0,    0,    0,    0,    0,    0,    0,    0,    0,   -8,    0,
       0,    0,    0,    5,    0,  -16,   -5,  -16,  -16,    0,    0,    0,    0,    0,    0,    0,    0,    0,    0,    0,   -5,    0,    0,    0,    0,    0,    0,    0,    0,    0,    0,    0,    0,    0,    0,   -7,   -4,   -5,    0,   -9,   -4,    0,    0,    0,    0,   -6,    4,    0,    0,    0,    0,    0,    0,    0,    0,    0,    0,    0,    0,    0,   -7,   -7,   -5,    0,    0,    0,   -5,   -4,   -7,   -7,   -5,   -4,    0,   -4,    0,   -6,    0,    0,   -9,    0,    0,    0,    0,    0,    8,    8,
       0,    0,    0,    0,    0,   -4,    0,   -4,   -8,    0,    0,    0,    0,    0,    0,    0,    0,    0,    0,    0,   -7,    0,    0,    0,    0,    0,    0,    0,    0,    0,    0,    0,    0,  -13,    0,   -4,    0,    0,    0,   -4,    0,    0,    0,    0,    0,    0,    0,    0,   -3,   -3,   -3,    0,    0,    0,    0,    0,    0,    0,    0,    0,   -4,   -4,    0,    0,    0,    0,    0,    0,   -4,   -4,    0,    0,    0,    0,    0,    0,    0,    0,   -4,    0,    0,    0,    0,    0,   -5,    0,
       0,    0,    0,    0,    0,    0,    0,    0,    0,    0,    0,    0,    0,    0,    0,    0,    0,    0,    0,    0,    0,    0,    0,    0,    0,    0,    0,    0,    0,    0,    0,    0,    0,  -13,    0,    0,    0,    0,    0,    0,    0,    0,    0,    0,    0,    0,    0,    0,   -3,    0,   -3,    0,    0,    0,    0,    0,    0,    0,    0,    0,    0,    0,    0,    0,    0,    0,    0,    0,    0,    0,    0,    0,    0,    0,    0,    0,    0,    0,    0,    0,    0,    0,    0,    0,    4,    5,
       0,    0,    0,    0,    0,    0,    0,    0,    0,    0,    0,    0,    0,    0,    0,    0,    0,    0,    0,    0,   -7,    0,    0,    0,    0,    0,    0,    0,    0,    0,    0,    0,    0,  -16,    0,    0,    0,    0,    0,    0,    0,    0,    0,    0,    0,    0,    0,    0,   -5,    5,   -5,    0,    0,    0,    0,    0,    0,    0,    0,    0,    0,    0,    0,    0,    0,    0,    0,    0,    0,    0,    0,    0,    0,    0,    0,    0,    0,    0,    0,    0,    0,    0,    0,    0,   -5,   -5,
       0,    0,    0,   13,    0,  -21,   -4,  -21,  -15,    0,    0,    0,    0,    0,    0,    0,    0,    0,    0,    0,    0,    0,    0,    0,    0,    0,    0,    0,    0,    0,    0,    0,    0,    0,    0,   -3,   -7,   -5,    7,  -12,   -7,    3,    6,    3,    5,   -9,    8,   11,    4,    4,    4,    0,    0,    0,    0,    0,    0,    0,    0,    0,   -3,   -3,   -5,    3,    0,    0,   -5,   -7,   -3,   -3,   -5,   -7,   11,   -7,    3,   -9,    0,    0,  -12,    0,    0,    0,    0,    0,   11,   13,
       0,    0,    0,    5,    0,    0,    0,    0,    0,    0,    0,    0,    0,    0,    0,    0,    0,    0,    0,    0,    0,    0,    0,    0,    0,    0,    0,    0,    0,    0,    0,    0,    0,    0,    0,    0,    0,   -4,    0,    0,    0,    0,    0,    0,    8,    0,    5,    0,    4,    3,    4,    0,    0,    0,    0,    0,    0,    0,    0,    0,    0,    0,   -4,    0,    0,    0,   -4,    0,    0,    0,   -4,    0,    0,    0,    0,    0,    0,    0,    0,    0,    0,    0,    0,    0,   11,   13,
       0,    0,    0,    0,    0,    0,    0,    0,    0,    0,    0,    0,    0,    0,    0,    0,    0,    0,    0,    0,    0,    0,    0,    0,    0,    0,    0,    0,    0,    0,    0,    0,    0,  -13,    0,    0,    0,    0,    0,   -3,    0,    0,    0,    0,    0,    0,    0,    0,    0,    0,    0,    0,    0,    0,    0,    0,    0,    0,    0,    0,    0,    0,    0,    0,    0,    0,    0,    0,    0,    0,    0,    0,    0,    0,    0,    0,    0,    0,   -3,    0,    0,    0,    0,    0,    0,    0,
       0,    0,    0,    0,    0,    0,    0,    0,    0,    0,    0,    0,    0,    0,    0,    0,    0,    0,    0,    0,    0,    0,    0,    0,   16,    0,    0,    0,    0,    0,    0,    0,    0,    0,    0,    0,    0,    0,    0,    0,    0,    0,   14,    0,    0,    0,    0,    0,   15,    0,   15,    0,    0,    0,    0,    0,    0,    0,    0,    0,    0,    0,    0,    0,    5,    5,    0,    0,    0,    0,    0,    0,   14,    0,    0,    0,    0,    0,    0,    0,    0,    0,    0,    0,    0,    0,
       0,    0,    0,    0,    0,    0,    0,    0,    0,    0,    0,    0,    0,    0,    0,    0,    0,    0,    0,    0,    0,    0,    0,    0,   11,    0,    0,    0,    0,   -8,    0,  -11,    0,    0,    0,    0,    0,    0,    0,    0,    0,    0,   11,    0,    0,    0,    0,    0,    0,    0,    0,    0,    0,    0,    0,    0,    0,    0,    0,    0,    0,    0,    0,    0,    0,    0,    0,    0,    0,    0,    0,    0,    0,    0,    0,    0,    0,    0,    0,    0,    0,    0,    0,    0,    0,    0,
       0,    0,    0,    0,    0,    0,    0,    0,    0,    0,    0,    0,    0,    0,    0,    0,    0,    0,    0,    0,    0,    0,    0,    0,    0,    0,    0,   -5,   -5,   -8,    0,  -11,    0,    0,    0,    0,    0,    0,    0,    0,    0,    0,    0,    0,    0,    0,    0,    0,    0,    0,    0,    0,    0,    0,    0,    0,    0,    0,    0,    0,    0,    0,    0,    0,    0,    0,    0,    0,    0,    0,    0,    0,    0,    0,    0,    0,    0,    0,    0,    0,    0,    0,    0,    0,    0,    0,
       0,    0,    0,    0,    0,   -5,    0,   -5,    0,    0,    0,    0,    0,    0,    0,    0,    0,    0,    0,    0,    0,   -8,   -5,    0,    0,    0,    0,   -8,    0,  -11,    0,  -13,    0,    0,    0,    0,    0,    0,    0,    0,    0,    0,    0,    0,    0,    0,    0,    0,    0,    0,    0,    0,    0,    0,    0,    0,    0,  -13,    0,    0,    0,    0,    0,    0,    0,    0,    0,    0,    0,    0,    0,    0,    0,    0,    0,    0,    0,    0,    0,    0,    0,    0,    0,    0,    0,    0,
       0,    0,    0,    0,    0,    0,    0,    0,    0,    0,    0,    0,    0,    0,    0,    0,    0,    0,    0,    0,    0,    0,   -5,   -7,    8,    0,    0,  -11,   -8,  -20,    0,  -14,    0,    0,    0,   -8,   -8,   -8,   -5,    0,   -8,    0,    0,   -5,    0,  -11,   -5,   -5,   -8,   -8,   -8,   -8,    0,    0,    0,    0,    0,    0,   -7,   -8,   -8,   -8,   -8,    0,    0,    0,   -8,   -8,   -8,   -8,   -8,   -8,    0,   -8,   -5,  -11,   -8,    0,    0,    0,    0,   -7,    0,    0,    0,    0,
       0,    0,   -8,    0,    0,  -11,    0,  -11,  -11,    0,    0,    0,    0,    0,    0,    0,    0,    0,    0,    0,    0,   -8,   -4,    0,   -5,   -3,    0,    0,   -4,   -3,   -5,   -8,   -3,   -8,    0,    0,    0,    0,    0,   -3,    0,    0,    0,    0,    0,    0,    8,    0,    0,    0,    0,    0,    0,    0,    0,    0,    0,  -19,    0,   -5,    0,    0,    0,    0,    0,    0,    0,    0,    0,    0,    0,    0,    0,    0,    0,    0,    0,    0,   -3,   -3,    0,    0,    0,    0,    0,    0,
       0,    0,   -8,    0,    0,  -21,    0,  -21,  -27,    0,    0,    0,    0,    0,    0,    0,    0,    0,    0,    0,   -5,  -27,  -12,    0,  -11,  -12,   -5,   -8,   -9,  -17,  -19,  -20,    0,  -21,   -8,   -4,   -5,    0,    0,   -5,   -5,    0,    0,    0,    0,   -4,    0,    0,    0,   -3,    0,    0,    0,    0,    0,    0,    0,  -29,    0,    0,   -4,   -4,    0,    0,    0,    0,    0,   -5,   -4,   -4,    0,   -5,    0,   -5,    0,   -4,    0,    0,   -5,  -11,    0,    0,    0,    0,    0,    0,
       0,    0,    0,   -5,    0,   -4,    0,   -4,   -5,    0,    0,    0,    0,    0,    0,    0,    0,    0,    0,    0,   -8,    0,    0,    0,    0,    0,    0,    0,    0,    0,    0,    0,    0,  -13,    0,    0,    0,    0,    0,    0,    0,    0,    0,   -4,   -4,    0,    0,   -5,  -11,    0,  -11,    0,    0,    0,    0,    0,    0,    0,    0,    0,    0,    0,    0,    0,    0,    0,    0,    0,    0,    0,    0,    0,    0,    0,   -4,    0,    0,    0,    0,    0,    0,    0,    0,    0,  -11,   -8,
       0,    0,    5,    5,    0,    0,    0,    0,    0,    0,    0,    0,    0,    0,    0,    0,    0,    0,    0,    0,    0,    0,    0,    0,    0,    0,    0,    0,    0,    0,    0,    0,    0,    5,    5,    0,   13,    0,    0,    0,   13,    0,    0,    0,    0,    0,    0,    0,    0,    0,    0,    0,    5,    0,    0,    0,    0,    0,    0,    0,    0,    0,    0,    0,   13,   13,    0,   13,    0,    0,    0,   13,    0,   13,    0,    0,    0,    0,    0,    0,    0,    0,    0,    0,    0,    5,
       0,    0,   -5,   -5,    0,   -4,    0,   -4,  -27,    0,    0,    0,    0,    0,    0,    0,    0,    0,    0,    0,   -4,    0,    0,    0,    0,    0,    0,    0,    0,    0,    0,    0,    0,  -24,    0,    0,   -3,    0,    0,    0,   -3,    0,    0,    0,    0,    0,    3,    0,   -3,   -4,   -3,    0,    0,    0,    0,    0,    0,    0,    0,    0,    0,    0,    0,    0,    0,    0,    0,   -3,    0,    0,    0,   -3,    0,   10,    0,    0,    0,    0,    0,    0,    0,    0,    0,    0,  -21,   -5,
       0,    0,   -5,   -5,    0,   -4,    0,   -4,  -11,    0,    0,    0,    0,    0,    0,    0,    0,    0,    0,    0,   -4,    0,    0,    0,    0,    0,    0,    0,    0,    0,    0,    0,    0,  -16,    0,    0,   -3,    0,    0,    0,   -3,    0,    0,    0,    0,    0,    3,    0,    0,   -4,    0,    0,    0,    0,    0,    0,    0,    0,    0,    0,    0,    0,    0,    0,    0,    0,    0,   -3,    0,    0,    0,   -3,    0,   10,    0,    0,    0,    0,    0,    0,    0,    0,    0,    0,  -13,   -5,
       0,  -13,    0,  -22,    0,    0,   -8,    0,    5,    0,    0,    0,    0,    0,    0,    0,    0,    0,    0,    0,  -15,    7,    0,   -5,    5,    5,    0,  -27,  -16,  -29,    5,  -28,    3,  -27,    0,    0,   -4,    0,    0,    0,    0,    0,   11,    0,    0,    0,   -4,   -5,  -17,    5,  -17,    0,    0,   -8,    0,    0,    0,    8,   -1,    0,    0,    0,    0,    0,    0,    0,    0,    0,    0,    0,    0,    0,   11,    0,    0,    0,    0,    0,    0,    0,    0,   -1,    0,    0,  -24,  -19,
       0,    0,    0,  -11,    0,    0,    0,    0,    0,    0,    0,    0,    0,    0,    0,    0,    0,    0,    0,    0,   -7,    0,    0,    0,    0,    0,    0,    0,    0,    0,    0,    0,    0,  -27,    0,    0,   -3,    0,    0,    0,    0,    0,   24,    0,    0,    0,    0,   -3,   -9,    0,   -9,    0,    0,    0,    0,    0,    0,    0,    0,    0,    0,    0,    0,    0,    0,    0,    0,   -3,    0,    0,    0,    0,   24,    0,    0,    0,    0,    0,    0,    0,   -5,    0,    0,    0,  -11,   -8,
       8,    0,   24,   19,    0,    0,    0,    0,    0,    0,    0,    0,    0,    0,    0,    0,    0,    0,    0,    0,   13,    0,    0,    0,    0,    0,    0,    0,    0,    0,    0,    0,    0,   16,   16,    0,   28,    0,   11,    0,   28,   11,   16,    0,    0,    0,   11,    8,    8,    0,    8,    0,   21,    0,    0,    0,    0,    0,    0,    0,    0,   11,    0,   11,    0,    0,    0,   28,    0,    0,    0,   28,   24,   28,   13,   13,    9,    0,    0,    0,    0,    0,    0,    0,   16,   21,
       0,    0,    0,    0,    0,    0,    0,    0,    0,    0,    0,    0,    0,    0,    0,    0,    0,    0,    0,    0,    0,    0,    0,    0,    0,    0,    0,    0,    0,    0,    0,    0,    0,    0,    0,    0,    0,    0,    0,    0,    0,    0,    8,    0,    0,    0,    0,    0,    0,    0,    0,    0,    0,    0,    0,    0,    0,    0,    0,    0,    0,    0,    0,    0,    0,    0,    0,    0,    0,    0,    0,    0,    0,    0,    0,    0,    0,    0,    0,    0,    0,    0,    0,    0,    0,    3,
       0,    0,    0,    0,    0,    0,    0,    0,    0,    0,    0,    0,    0,    0,    0,    0,    0,    0,    0,    0,   -7,    0,    0,    0,    0,    0,    0,    0,    0,    0,    0,    0,    0,  -11,    0,   -3,    0,    0,    0,    0,    0,    0,    8,    0,    0,    0,    0,    0,   -3,    0,   -3,    0,    0,    0,    0,    0,    0,    0,    0,    0,   -3,   -3,    0,    0,    0,    0,    0,    0,   -3,   -3,    0,    0,    8,    8,    0,    0,    0,    0,    0,    0,    0,    0,    0,    0,   -5,    0,
       0,    0,    0,    0,    0,    0,    0,    0,    0,    0,    0,    0,    0,    0,    0,    0,    0,    0,    0,    0,    0,    0,    0,   -4,    0,    0,    0,    0,    0,    0,    0,    0,    0,    0,    0,    0,    0,   -4,    0,    0,    0,    0,    8,    0,    0,    0,    0,   -3,   -8,    0,   -8,    0,    0,   -5,    0,    0,    0,    0,   -4,    0,    0,    0,   -4,    0,    5,    5,   -4,    0,    0,    0,   -4,    0,    5,    0,    0,    0,    0,    0,    0,    0,    0,   -4,    0,    0,    0,    0,
       0,    0,    0,    0,    0,    0,    0,    0,    0,    0,    0,    0,    0,    0,    0,    0,    0,    0,    0,    0,    0,    0,    0,    0,    0,    0,    0,    0,    0,    0,    0,    0,    0,    0,    0,    0,    0,    0,    0,    0,    0,    0,   19,    0,    0,    0,    0,    0,   -9,    0,   -9,    0,    0,    0,    0,    0,    0,    0,    0,    0,    0,    0,    0,    0,    0,    0,    0,    0,    0,    0,    0,    0,   19,    0,    0,    0,    0,    0,    0,    0,    0,    0,    0,    0,   -8,    0,
       0,    0,    0,    0,    0,   -5,    0,   -5,    0,    0,    0,    0,    0,    0,    0,    0,    0,    0,    0,    0,    0,    0,    0,    0,    0,    0,    0,    0,    0,    0,    0,    0,    0,    0,    0,    0,   11,    0,    0,   -5,   11,    0,    0,    0,    0,    0,    0,    0,    0,    0,    0,    0,    0,    0,    0,    0,    0,    0,    0,    0,    0,    0,    0,    0,    0,    0,    0,   11,    0,    0,    0,   11,    0,   11,    0,    0,    0,    0,   -5,    0,    0,    0,    0,    0,   11,   11,
       0,    0,    0,    0,    0,    0,    0,    0,    0,    0,    0,    0,    0,    0,    0,    0,    0,    0,    0,    0,   -5,    0,    0,    0,    0,    0,    0,    0,    0,    0,    0,    0,    0,    0,    0,    0,    0,    0,   11,    0,    0,   11,   13,   11,   13,    0,   11,   11,    8,    8,    8,    0,    0,    0,    0,    0,    0,    0,    0,    0,    0,    0,    0,   11,    0,    0,    0,    0,    0,    0,    0,    0,    0,    0,   11,    0,    0,    0,    0,    0,    0,    0,    0,    0,   -8,   -5,
       0,    0,    0,    0,    0,    0,    0,    0,    0,    0,    0,    0,    0,    0,    0,    0,    0,    0,    0,    0,    0,    0,    0,    0,    0,    0,    0,    0,    0,    0,    0,    0,    0,  -13,    0,    0,    0,    0,    0,    0,    0,    0,    5,    0,    0,    0,    0,    0,   -3,    0,   -3,    0,    0,    0,    0,    0,    0,    0,    0,    0,    0,    0,    0,    0,    0,    0,    0,    0,    0,    0,    0,    0,    0,    0,    0,    0,    0,    0,    0,    0,    0,    0,    0,    0,    4,    5,
       0,    0,    0,    0,    0,    0,    0,    0,    0,    0,    0,    0,    0,    0,    0,    0,    0,    0,    0,    0,   -7,    0,    0,    0,    0,    0,    0,    0,    0,    0,    0,    0,    0,  -16,    0,    0,    0,    0,    0,    0,    0,    0,   19,    0,    0,    0,    0,    0,   -5,    5,   -5,    0,    0,    0,    0,    0,    0,    0,    0,    0,    0,    0,    0,    0,    0,    0,    0,    0,    0,    0,    0,    0,   19,    0,    0,    0,    0,    0,    0,    0,    0,    0,    0,    0,   -5,   -5,
       0,    8,    0,    5,    0,    0,    0,    0,    0,    0,    0,    0,    0,    0,    0,    0,    0,    0,    0,    0,    0,    0,    0,    0,    0,    0,    0,    0,    0,    0,    0,    0,    0,   -8,    0,   -4,    0,   -3,    0,   19,    0,    0,    7,    0,    4,    0,    7,    0,    3,    0,    3,    0,    0,    0,    0,    0,    0,    0,    0,    0,   -4,   -4,   -3,    0,    0,    0,   -3,    0,   -4,   -4,   -3,    0,    7,    0,    0,    0,    0,    0,   13,    0,    0,    0,    0,    0,    4,   11,
       0,    0,    0,    0,    0,    0,    0,    0,    0,    0,    0,    0,    0,    0,    0,    0,    0,    0,    0,    0,    0,    0,    0,    0,    0,    0,    0,    0,    0,    0,    0,    0,    0,    0,    0,    0,    0,   -4,    0,    0,    0,    0,    0,    0,    0,    0,    0,    0,    0,    0,    0,    0,    0,    0,    0,    0,    0,    0,    0,    0,    0,    0,   -4,    0,    0,    0,   -4,    0,    0,    0,   -4,    0,    0,    0,    0,    0,    0,    0,    0,    0,    0,    0,    0,    0,    0,    0,
       0,    0,   -8,    0,    0,  -11,    0,  -11,  -11,    0,    0,    0,    0,    0,    0,    0,    0,    0,    0,    0,    0,   -8,   -4,    0,   -5,   -3,    0,    0,   -4,   -5,   -5,  -11,   -3,   -8,    0,    0,    0,    0,    0,   -3,    0,    0,    0,    0,    0,    0,    8,    0,    0,    0,    0,    0,    0,    0,    0,    0,    0,  -19,    0,   -5,    0,    0,    0,    0,    0,    0,    0,    0,    0,    0,    0,    0,    0,    0,    0,    0,    0,    0,   -3,   -3,    0,    0,    0,    0,    0,    0,
       0,    0,    0,    0,    0,    0,    0,    0,    0,    0,    0,    0,    0,    0,    0,    0,    0,    0,    0,    0,    0,    0,    0,    0,    0,    0,    0,    0,    0,    0,    0,    0,    0,  -13,    0,    0,    0,    5,    0,    0,    0,    0,    0,    0,    0,    0,    0,    0,    0,    0,    0,    0,    0,    0,    0,    0,    0,    0,    0,    0,    0,    0,    5,    0,    0,    0,    5,    0,    0,    0,    5,    0,    0,    0,    0,    0,    0,    0,    0,    0,    0,    0,    0,    0,    0,    0,
       0,    0,    0,    0,    0,  -21,    0,  -21,    0,    0,    0,    0,    0,  -13,    0,    0,    0,    0,    0,    0,    0,  -19,    0,    0,    0,    0,    0,   11,    0,    5,    0,    5,    0,    0,    0,    0,    5,   -8,    0,   -8,    5,    0,    3,    0,    0,   -8,    0,    0,    3,    0,    3,    0,    0,    0,    0,    0,  -29,  -32,    0,    0,    0,    0,   -8,    0,   13,   13,   -8,    5,    0,    0,   -8,    5,   13,    5,    0,   -8,    0,    0,   -8,    0,    0,    0,    0,    0,    0,    0,
       0,    0,    0,    0,    0,  -21,    0,  -21,    0,    0,    0,    0,    0,  -19,   -8,  -11,    0,    0,    0,    0,    0,  -27,    0,  -11,    0,    0,   -5,    0,    0,    5,    0,    5,    0,    0,    0,  -11,    3,  -13,    0,  -23,    3,    0,    0,    0,    0,  -21,    3,    0,    0,    0,    0,   -5,    0,    0,    0,    0,    0,  -44,  -11,    0,  -11,  -11,  -13,    0,    5,    5,  -13,    3,  -11,  -11,  -13,    3,   11,    3,    0,  -21,   -5,    0,  -23,    0,    0,  -11,    0,    0,    0,    0,
};

static const EpdLigaturePair bookerly_8_regularLigaturePairs[] = {
    { 0x00660066, 0xFB00 }, // f f -> U+FB00
    { 0x00660069, 0xFB01 }, // f i -> U+FB01
    { 0x0066006C, 0xFB02 }, // f l -> U+FB02
    { 0xFB000069, 0xFB03 }, // U+FB00 i -> U+FB03
    { 0xFB00006C, 0xFB04 }, // U+FB00 l -> U+FB04
};

static const EpdFontData bookerly_8_regular = {
    bookerly_8_regularBitmaps,
    bookerly_8_regularGlyphs,
    bookerly_8_regularIntervals,
    63,
    22,
    18,
    -5,
    true,
    bookerly_8_regularGroups,
    12,
    nullptr,
    bookerly_8_regularKernLeftClasses,
    bookerly_8_regularKernRightClasses,
    bookerly_8_regularKernMatrix,
    390,
    399,
    90,
    86,
    bookerly_8_regularLigaturePairs,
    5,
};
