/**
 * generated by fontconvert.py
 * name: inter_12_regular
 * size: 12
 * mode: 2-bit  compressed: true
 * Command used: fontconvert.py inter_12_regular 12 ../builtinFonts/source/Inter/Inter-Regular.ttf --2bit --compress --pnum --exclude-intervals 0x0400,0x04FF --exclude-intervals 0x1EA0,0x1EF9 --exclude-intervals 0x01A0,0x01A1 --exclude-intervals 0x01AF,0x01B0
 */
#pragma once
#include "EpdFontData.h"

static const uint8_t inter_12_regularBitmaps[15929] = {
    0xAD, 0x58, 0xBD, 0x8F, 0xDC, 0xC6, 0x15, 0x7F, 0x24, 0x25, 0x13, 0x31, 0x81, 0xA5, 0x8A, 0xDB,
    0x42, 0x12, 0x70, 0x6C, 0x5C, 0xC8, 0x8A, 0xB4, 0x6C, 0x55, 0x90, 0xCB, 0xB1, 0x5C, 0xA4, 0xB3,
    0x55, 0xE8, 0x62, 0x20, 0x29, 0xEC, 0xC2, 0x85, 0xE5, 0x14, 0x6A, 0x54, 0x6C, 0x10, 0x9E, 0x96,
    0x71, 0x0A, 0x97, 0x56, 0x61, 0xFB, 0x2F, 0x48, 0x11, 0xCB, 0x85, 0x1C, 0xE0, 0x10, 0x30, 0x31,
    0xA5, 0x1D, 0x44, 0xA5, 0x0B, 0x33, 0x09, 0x14, 0x95, 0x22, 0x02, 0x08, 0x49, 0x7C, 0x80, 0x33,
    0x76, 0x26, 0xF6, 0x4A, 0xB7, 0xBB, 0xF4, 0xEF, 0xCD, 0xEC, 0xEE, 0xED, 0x7D, 0xCA, 0x30, 0x42,
    0xCE, 0xE3, 0x2E, 0x87, 0x33, 0xC3, 0x37, 0xEF, 0xFD, 0xDE, 0x17, 0x89, 0xFA, 0x2B, 0x67, 0x6F,
    0x7E, 0x5E, 0xC4, 0xB9, 0x46, 0x7C, 0xF4, 0x28, 0x43, 0x3F, 0x1F, 0x65, 0x3E, 0x58, 0x1E, 0x2F,
    0xBC, 0x60, 0xBA, 0x12, 0xB7, 0x06, 0x49, 0xBA, 0xE4, 0x49, 0xBA, 0x01, 0xDA, 0xF2, 0x8B, 0xA8,
    0x6D, 0x27, 0x67, 0x9E, 0xDE, 0xF9, 0x17, 0xA9, 0x80, 0xA8, 0x09, 0xC9, 0xA9, 0x43, 0x72, 0xEB,
    0x0E, 0x0D, 0xDB, 0x56, 0x8D, 0x40, 0x9E, 0xBC, 0x40, 0x5E, 0x91, 0x90, 0x2F, 0x12, 0x0A, 0xC4,
    0x25, 0x0A, 0x68, 0x40, 0xF4, 0x3C, 0xD6, 0xEA, 0x80, 0x22, 0x41, 0x6E, 0x3B, 0xA6, 0xB0, 0x6D,
    0x29, 0xEE, 0x84, 0x45, 0xDA, 0xF1, 0x65, 0xD2, 0x71, 0x8B, 0x04, 0xCF, 0xB2, 0x57, 0x08, 0xFD,
    0x84, 0xE7, 0x0D, 0xC6, 0xCD, 0x70, 0x73, 0x5D, 0x52, 0xC7, 0xAF, 0xA9, 0xE3, 0x35, 0x65, 0xC7,
    0x6D, 0xF2, 0x8E, 0x57, 0x67, 0xAF, 0x44, 0x92, 0xE7, 0xF2, 0x1A, 0x14, 0xCE, 0xD7, 0xFC, 0x11,
    0x91, 0x73, 0x85, 0xD7, 0x1E, 0x93, 0x5F, 0xA4, 0x17, 0xD1, 0x3F, 0xE8, 0x50, 0x4A, 0x37, 0xF0,
    0x4B, 0x37, 0x3A, 0xA4, 0xE8, 0xD2, 0x3A, 0x38, 0x8F, 0xAB, 0xA0, 0xA0, 0xA0, 0x09, 0xCD, 0xAE,
    0xF8, 0xB2, 0x05, 0x72, 0x54, 0xD4, 0x90, 0x27, 0x6F, 0x8E, 0xC1, 0xA9, 0x4A, 0x68, 0x9D, 0xD4,
    0x05, 0x3C, 0xC4, 0x65, 0x8B, 0x54, 0xE2, 0x34, 0xF4, 0xC7, 0x8A, 0x67, 0x2A, 0x1E, 0x49, 0x2C,
    0x2E, 0xB7, 0x95, 0x14, 0x6C, 0x2B, 0xBC, 0x42, 0x53, 0x44, 0x25, 0x48, 0x53, 0x78, 0x59, 0x91,
    0xFF, 0xA8, 0xC6, 0x33, 0x3C, 0x9F, 0x80, 0x2D, 0xB0, 0x9E, 0x45, 0x97, 0x9B, 0xDC, 0xFF, 0x6B,
    0x5D, 0xBA, 0xFF, 0x95, 0x9A, 0x5A, 0x59, 0x52, 0x26, 0x36, 0x69, 0x58, 0xC4, 0xDB, 0x3B, 0xB5,
    0xDF, 0xFE, 0x45, 0x59, 0x71, 0x5B, 0x41, 0x93, 0xF0, 0x6A, 0x5F, 0x86, 0x45, 0x88, 0xD5, 0x7A,
    0xE0, 0x3B, 0xA1, 0x1C, 0xE7, 0x00, 0xAB, 0x97, 0xE6, 0x5F, 0x82, 0xBE, 0x1E, 0x9E, 0x85, 0xC2,
    0x97, 0xE0, 0xE6, 0xCA, 0x29, 0xF4, 0x27, 0xD0, 0x18, 0x7A, 0xD0, 0x17, 0x14, 0xDC, 0x6B, 0xCE,
    0x1A, 0x27, 0x7E, 0x7D, 0x19, 0x14, 0xA1, 0xE0, 0xB5, 0x12, 0xAC, 0x72, 0xC5, 0xBC, 0xEA, 0x13,
    0x6E, 0x83, 0xDF, 0x37, 0x19, 0x5E, 0x3F, 0x25, 0x7F, 0x46, 0xC3, 0x4F, 0x9B, 0x1B, 0x9F, 0x34,
    0xB6, 0x7F, 0x21, 0x91, 0x55, 0x4A, 0x89, 0xA0, 0x4B, 0x43, 0x07, 0x9E, 0x5D, 0x60, 0xD0, 0xA4,
    0x49, 0x32, 0xB8, 0xF1, 0xC6, 0xF9, 0xDB, 0x62, 0xD8, 0x16, 0xDD, 0x8D, 0x3D, 0x30, 0x32, 0x9A,
    0x41, 0x5B, 0x27, 0x60, 0x8C, 0x67, 0xA0, 0x0D, 0x8C, 0xBC, 0x15, 0x37, 0x97, 0x25, 0xCE, 0xCD,
    0x87, 0x3E, 0xC4, 0x21, 0x63, 0xDF, 0xC4, 0x0A, 0x5D, 0x48, 0xBC, 0x85, 0x5C, 0x9F, 0x4E, 0x28,
    0x2C, 0x32, 0x2C, 0x1E, 0x8A, 0x94, 0x82, 0x22, 0x27, 0x5F, 0xE6, 0x98, 0x5B, 0x5A, 0xAA, 0xE7,
    0xBF, 0xA6, 0x0F, 0x88, 0x93, 0x3C, 0x26, 0xC6, 0xD8, 0xB0, 0xE8, 0x93, 0xDF, 0x42, 0x19, 0x8C,
    0x25, 0x73, 0xB8, 0x93, 0x68, 0x72, 0xAF, 0xD2, 0xB9, 0xCC, 0xE9, 0xE8, 0xB3, 0x6B, 0xD1, 0x17,
    0x7E, 0x31, 0xA1, 0x18, 0x9B, 0x49, 0x21, 0xE3, 0xC4, 0xC0, 0x8C, 0x29, 0xB2, 0x62, 0x21, 0x20,
    0xCF, 0xC3, 0x46, 0x02, 0x49, 0x18, 0x44, 0x54, 0x61, 0xCE, 0xE2, 0x56, 0x10, 0x5B, 0x81, 0x60,
    0xB2, 0x6B, 0xA9, 0xF9, 0x5A, 0x31, 0x66, 0x86, 0x74, 0x0E, 0x9C, 0xD9, 0xB5, 0x30, 0xB1, 0x0B,
    0xEE, 0x32, 0x70, 0xF7, 0xE3, 0xA9, 0xBD, 0x07, 0xE7, 0x84, 0x1D, 0x0C, 0xCC, 0x0E, 0x03, 0xEC,
    0x19, 0xFB, 0x68, 0xA7, 0xD6, 0x1A, 0x96, 0xC7, 0xC4, 0x42, 0xCC, 0x67, 0x98, 0xE5, 0x90, 0x39,
    0xA4, 0x95, 0x83, 0x74, 0x02, 0xA9, 0xF2, 0xFE, 0xC1, 0x2D, 0xAC, 0x8E, 0x35, 0xCF, 0x27, 0xB4,
    0xD7, 0x30, 0x59, 0xBE, 0x57, 0x55, 0x88, 0xDD, 0x60, 0xED, 0x18, 0xD4, 0x23, 0x23, 0xF9, 0xDD,
    0x11, 0xA3, 0x82, 0xB2, 0x56, 0x53, 0xF6, 0xD2, 0x94, 0x4E, 0x40, 0xA5, 0x96, 0x5F, 0xC3, 0xB7,
    0x78, 0x0B, 0xFF, 0x73, 0xF0, 0x95, 0xD1, 0x26, 0x78, 0x1B, 0x83, 0xB7, 0xDA, 0xB2, 0x75, 0x52,
    0x40, 0x5B, 0x1A, 0xDA, 0x9A, 0x42, 0x5B, 0x31, 0x6B, 0x0B, 0xF6, 0xEF, 0x08, 0x5E, 0x6F, 0x10,
    0xDF, 0xA2, 0x5F, 0x42, 0x13, 0xA3, 0x7A, 0x44, 0x23, 0x98, 0xFF, 0xDD, 0xA5, 0x16, 0x99, 0xDB,
    0x40, 0xF6, 0xB1, 0x6E, 0x84, 0xDD, 0xB2, 0xB6, 0x9C, 0xDD, 0xBD, 0xB6, 0xE6, 0x20, 0x46, 0x54,
    0xCE, 0x22, 0x77, 0x14, 0x79, 0x0D, 0xA6, 0x60, 0x65, 0x56, 0x84, 0xED, 0xD6, 0xA6, 0xBB, 0x36,
    0xDD, 0xC2, 0xE8, 0x67, 0x8F, 0xD0, 0xFB, 0x46, 0xE8, 0x0B, 0x62, 0x83, 0x08, 0x1E, 0x4F, 0xE6,
    0xCF, 0xA7, 0xC4, 0x02, 0xCE, 0xB1, 0x5C, 0x89, 0xE9, 0xA5, 0x61, 0x28, 0x3C, 0x28, 0xF4, 0x15,
    0x40, 0x30, 0xBA, 0x13, 0x23, 0x80, 0x40, 0x94, 0xD8, 0x04, 0x88, 0xE7, 0x60, 0x03, 0x99, 0x8C,
    0xFE, 0xBE, 0x23, 0xFD, 0xF6, 0xA1, 0xA4, 0x6B, 0xC0, 0x34, 0x9E, 0xB3, 0xA0, 0x12, 0x23, 0xA8,
    0x0A, 0xEB, 0xE9, 0x5D, 0x41, 0xED, 0xB1, 0x12, 0x3A, 0xD0, 0x17, 0xC1, 0x4D, 0xC4, 0x44, 0x07,
    0x9E, 0xA7, 0x46, 0x9D, 0xF0, 0x66, 0xF4, 0x86, 0x75, 0x45, 0x3D, 0x72, 0xA1, 0xBE, 0xC6, 0x9D,
    0xE1, 0x42, 0xF0, 0x37, 0x33, 0x6C, 0x1F, 0xD2, 0x68, 0xED, 0xCF, 0xCC, 0xD8, 0x13, 0xD4, 0x38,
    0x1B, 0xB6, 0xB3, 0xEE, 0xC6, 0xD5, 0xF9, 0x5E, 0x36, 0x36, 0x70, 0x7B, 0xFE, 0xF6, 0x47, 0xA7,
    0xE6, 0xEA, 0xCE, 0xC0, 0x54, 0xC0, 0xE8, 0x1B, 0xE2, 0x8F, 0x6F, 0xFE, 0x40, 0xCD, 0x23, 0x74,
    0x02, 0xE2, 0x80, 0x01, 0xFF, 0x64, 0xD8, 0xCF, 0xA5, 0x05, 0x23, 0x5D, 0x16, 0x46, 0xF8, 0xC5,
    0x38, 0xA6, 0x4D, 0xB8, 0xA4, 0x73, 0x8C, 0x1D, 0xA3, 0x08, 0x17, 0x4E, 0xB0, 0x66, 0xAC, 0xA4,
    0x06, 0x43, 0xE7, 0x16, 0xE3, 0xA1, 0xA2, 0xBB, 0xE6, 0xCA, 0xC7, 0xCF, 0x6E, 0x31, 0xC6, 0xD9,
    0x32, 0x68, 0x74, 0xEB, 0xAC, 0xE2, 0x49, 0x90, 0x0E, 0x9B, 0x0D, 0x3B, 0xB2, 0x13, 0x90, 0x68,
    0x8F, 0x46, 0x8F, 0x60, 0xC6, 0xDE, 0xD3, 0xD6, 0xAD, 0x73, 0xD8, 0xB1, 0xD3, 0x0C, 0xE0, 0xE1,
    0x48, 0x95, 0x1D, 0xBE, 0x6E, 0xAD, 0x9B, 0x2B, 0xFF, 0x37, 0xFD, 0x4E, 0x93, 0x07, 0x22, 0x76,
    0xEB, 0xC4, 0x7B, 0x3C, 0x7A, 0x57, 0xA6, 0x4E, 0xFB, 0xB0, 0xC5, 0x4A, 0xA7, 0xE9, 0x77, 0x66,
    0x4D, 0x6B, 0xA3, 0xC4, 0x92, 0x79, 0xAE, 0x60, 0xB4, 0xC3, 0x71, 0x93, 0x73, 0xE7, 0xDF, 0x0B,
    0xD6, 0xCC, 0x53, 0x5F, 0x33, 0xB4, 0x2B, 0xBE, 0x30, 0x54, 0x7B, 0x6C, 0x0B, 0x29, 0xC3, 0x28,
    0x67, 0xBC, 0x97, 0x6C, 0x90, 0x1A, 0xD8, 0x72, 0x14, 0x30, 0xE6, 0x36, 0xEC, 0xB7, 0x5A, 0xF6,
    0x49, 0x2D, 0x34, 0x0A, 0x18, 0x56, 0x6C, 0x19, 0xAC, 0x65, 0x13, 0x57, 0xF1, 0xEE, 0xDC, 0xDA,
    0x09, 0x83, 0xB7, 0x01, 0x4D, 0x80, 0xCF, 0xCC, 0xC4, 0x09, 0x6D, 0xE2, 0x05, 0x53, 0x4C, 0x63,
    0xA7, 0x9A, 0x3F, 0x9F, 0x9A, 0x7B, 0x8D, 0x8D, 0xC3, 0x72, 0xA4, 0xA5, 0x00, 0x14, 0x8B, 0xB6,
    0x9D, 0x99, 0x31, 0x26, 0xAC, 0x0D, 0x5B, 0xE1, 0xB6, 0xA3, 0x26, 0x68, 0x9C, 0x31, 0x82, 0x67,
    0xDE, 0xB7, 0x56, 0x7F, 0x3A, 0xB7, 0xAE, 0x07, 0xB1, 0xC0, 0x52, 0x65, 0xE5, 0xCD, 0x2A, 0x58,
    0x67, 0x96, 0x98, 0x41, 0x5F, 0xBB, 0xDA, 0xE1, 0x85, 0xE2, 0x19, 0xED, 0x1A, 0xD6, 0xE2, 0xDD,
    0x43, 0x61, 0xDF, 0xE7, 0x35, 0x6C, 0x47, 0x10, 0x05, 0x93, 0xDE, 0x47, 0xCA, 0x3E, 0xE3, 0x31,
    0x21, 0xC6, 0x8E, 0x04, 0xEF, 0xAB, 0x6D, 0x6F, 0xD9, 0xA5, 0xA6, 0x68, 0x3C, 0x70, 0xA5, 0x8D,
    0xB9, 0x7F, 0x8C, 0xB6, 0xAF, 0x5F, 0x2F, 0xC6, 0x9B, 0x89, 0x13, 0xB4, 0xC3, 0x06, 0x68, 0xB4,
    0x83, 0xFD, 0xB6, 0xD9, 0x20, 0x0F, 0x71, 0x10, 0xCB, 0x03, 0xA1, 0xDC, 0x1D, 0x73, 0x3A, 0xB1,
    0xC9, 0xC2, 0x67, 0xD3, 0x84, 0xEE, 0x0D, 0xD4, 0x2A, 0x9A, 0x8B, 0x04, 0x97, 0xAC, 0xC5, 0x2D,
    0x2E, 0xAC, 0x1A, 0x16, 0x4D, 0x64, 0xD5, 0x65, 0xB4, 0x07, 0xE9, 0xC0, 0xAF, 0x18, 0x39, 0xC7,
    0x33, 0xB1, 0x6B, 0x6E, 0x87, 0x48, 0x61, 0x49, 0x4F, 0x36, 0x36, 0xC0, 0x62, 0xAB, 0x67, 0xB7,
    0x6F, 0xEB, 0xE3, 0xC6, 0x19, 0x8E, 0xF5, 0x81, 0x63, 0x61, 0x15, 0xCF, 0x68, 0x9A, 0xF2, 0x31,
    0xE5, 0x15, 0x55, 0x37, 0x1D, 0x1D, 0xB7, 0x8D, 0xDF, 0x16, 0x4B, 0xD6, 0x82, 0x9A, 0x01, 0xA2,
    0x61, 0x57, 0xDA, 0x19, 0x03, 0x9D, 0x0D, 0xE9, 0xA8, 0x20, 0x7D, 0x13, 0xCF, 0x10, 0x13, 0xBE,
    0xE5, 0x88, 0x07, 0x03, 0x6E, 0xB1, 0xC1, 0x09, 0x32, 0x27, 0x8D, 0xC8, 0xA4, 0x89, 0x81, 0x98,
    0xCE, 0xC1, 0x16, 0x1A, 0x85, 0xD3, 0x11, 0x22, 0x3E, 0xA6, 0x59, 0x9D, 0x59, 0x93, 0x82, 0xE5,
    0x28, 0xF8, 0xE6, 0x40, 0x41, 0x17, 0xA1, 0xDA, 0x91, 0xB4, 0xAE, 0xBE, 0x95, 0x94, 0xAA, 0x6F,
    0x1A, 0x4A, 0xD4, 0xFF, 0x14, 0x95, 0x0A, 0x5B, 0xD5, 0x4A, 0x97, 0x8E, 0x52, 0x3A, 0xF1, 0x6A,
    0xA5, 0xFB, 0x9E, 0x54, 0x3A, 0x0A, 0x0A, 0xA5, 0xC3, 0x57, 0x85, 0xD2, 0xC1, 0x7B, 0x00, 0x96,
    0xF7, 0x25, 0x5F, 0x26, 0xB8, 0x60, 0x27, 0xC0, 0x98, 0x26, 0x35, 0x0F, 0x71, 0xBA, 0x65, 0xC2,
    0xB6, 0xB0, 0xB4, 0xFE, 0x46, 0xB1, 0x20, 0x41, 0x15, 0xA8, 0x0F, 0x8A, 0x84, 0xD6, 0xC0, 0xAD,
    0x06, 0x26, 0xB5, 0xC3, 0x6F, 0xAA, 0x40, 0x29, 0x28, 0x02, 0x85, 0x20, 0x0F, 0x04, 0xEF, 0x72,
    0x0C, 0x5C, 0x62, 0x86, 0x4B, 0x68, 0x0D, 0xB6, 0x22, 0xE3, 0xCC, 0x17, 0x17, 0x73, 0x6B, 0x1E,
    0x1C, 0x07, 0x97, 0x15, 0xEF, 0xBC, 0x6B, 0xEC, 0x43, 0x96, 0xAF, 0x60, 0xDF, 0x60, 0x8D, 0x9A,
    0x7F, 0xF9, 0x3E, 0xA3, 0xD9, 0xC7, 0x13, 0x33, 0xEE, 0xC9, 0x55, 0x8B, 0xE4, 0xC3, 0xE8, 0xFF,
    0xC0, 0xEF, 0x6F, 0x99, 0xDF, 0x9C, 0xF9, 0x8D, 0x99, 0xDF, 0x70, 0xC9, 0x6F, 0xAB, 0x96, 0x86,
    0xF1, 0xE2, 0x3E, 0x2F, 0x90, 0xCD, 0x99, 0x0E, 0x56, 0x98, 0x86, 0x84, 0x11, 0x06, 0xAC, 0xA5,
    0x03, 0x60, 0xC0, 0x8B, 0x76, 0xF4, 0x1C, 0x48, 0x9B, 0xAB, 0x73, 0x24, 0x75, 0xE7, 0xF9, 0xFC,
    0xD3, 0x96, 0x43, 0x67, 0x91, 0x9A, 0xA8, 0x8E, 0x7C, 0x9E, 0xC3, 0x0B, 0xE7, 0x0C, 0xE3, 0x79,
    0x3E, 0x7F, 0x96, 0x45, 0x86, 0x7C, 0x9E, 0x80, 0x4A, 0x00, 0xB0, 0x84, 0x3F, 0x45, 0xCE, 0x56,
    0x67, 0x62, 0x25, 0x9F, 0x3F, 0xB9, 0x0C, 0xFD, 0xAA, 0xE5, 0x17, 0x2F, 0x12, 0xAF, 0x1F, 0x4A,
    0xCF, 0xB0, 0xE5, 0x23, 0x48, 0x95, 0xF0, 0x78, 0x9B, 0xE0, 0x31, 0x2B, 0x0C, 0x6F, 0xC2, 0x59,
    0xE1, 0xCD, 0xEA, 0xC1, 0x68, 0xC4, 0x64, 0x21, 0xF0, 0xF7, 0x09, 0x27, 0x6E, 0x15, 0xE7, 0x20,
    0x40, 0x5E, 0xED, 0x28, 0x1B, 0x29, 0x4C, 0xCC, 0x30, 0xD1, 0x83, 0xB8, 0xEE, 0xA0, 0x24, 0x5C,
    0xC4, 0x96, 0xA8, 0xB7, 0x88, 0x37, 0x41, 0xB5, 0x88, 0x41, 0xF3, 0x58, 0x65, 0x9C, 0x03, 0x4C,
    0xBA, 0x87, 0x34, 0x56, 0x51, 0x8A, 0x34, 0x4A, 0x51, 0x82, 0xE8, 0xB8, 0x85, 0x80, 0x44, 0x51,
    0x4E, 0x65, 0x28, 0xE0, 0xFB, 0x75, 0x50, 0xA4, 0x29, 0x29, 0x08, 0xBA, 0x87, 0xB7, 0xC8, 0x3C,
    0x72, 0x1B, 0xAF, 0xDE, 0x0A, 0x3D, 0xE9, 0x36, 0x2A, 0x7C, 0x59, 0xC2, 0xE6, 0x82, 0x77, 0x0B,
    0xFA, 0xAA, 0xF1, 0x3F, 0x13, 0xF4, 0x87, 0xDA, 0xFB, 0x9C, 0xE8, 0x57, 0xD2, 0x7D, 0x04, 0x7D,
    0x48, 0x4E, 0x0C, 0x10, 0xD0, 0xA7, 0x26, 0x53, 0xB5, 0xB6, 0xCC, 0x00, 0x47, 0x76, 0x24, 0xE1,
    0xB7, 0xBD, 0x1A, 0xDE, 0xC2, 0x51, 0xAC, 0xA0, 0x09, 0x10, 0x4F, 0x29, 0x67, 0x22, 0xD1, 0x26,
    0xD9, 0x7C, 0x60, 0x7F, 0xC4, 0xEC, 0x73, 0x6A, 0x58, 0x61, 0xFF, 0x0E, 0x8C, 0x11, 0xD2, 0xC2,
    0xE3, 0x80, 0x57, 0xE1, 0x18, 0x65, 0x05, 0x64, 0x0E, 0xFC, 0xCB, 0x58, 0x54, 0xF9, 0xCA, 0x3B,
    0x5C, 0xF3, 0x8E, 0x31, 0xBF, 0x63, 0x93, 0x87, 0xC5, 0x9C, 0x8C, 0x84, 0xCC, 0x8F, 0xCF, 0xEF,
    0x30, 0xEE, 0xE9, 0x7B, 0x5C, 0xC8, 0x94, 0x28, 0x72, 0x64, 0x42, 0x3B, 0x2F, 0x16, 0xCF, 0x43,
    0xA0, 0xB6, 0x03, 0x58, 0xF6, 0x1C, 0x8F, 0xFB, 0x16, 0xFA, 0xCE, 0xBC, 0xDB, 0x66, 0x1C, 0x36,
    0x03, 0xC2, 0xDC, 0x9A, 0xA9, 0x2B, 0x86, 0xF5, 0xCD, 0x62, 0x40, 0xCF, 0x3E, 0x37, 0x31, 0xB2,
    0xCB, 0xC1, 0x62, 0xB0, 0xA8, 0x56, 0x2E, 0x9A, 0x64, 0xCB, 0x56, 0x31, 0xD0, 0xB4, 0x2D, 0x6D,
    0x50, 0x35, 0xA3, 0x7A, 0xB4, 0xF5, 0x0E, 0x17, 0x3E, 0x07, 0x47, 0x3F, 0x0F, 0xD3, 0x19, 0xC9,
    0x5F, 0x2C, 0x6A, 0xB7, 0x63, 0xCF, 0xD7, 0xE4, 0x48, 0x6E, 0x08, 0x7A, 0x8B, 0x5D, 0xAF, 0xF3,
    0x1F, 0xF2, 0x3E, 0x13, 0xFE, 0x6F, 0x64, 0x78, 0xB9, 0x8E, 0x48, 0xA5, 0xA6, 0x8C, 0x5D, 0x46,
    0x56, 0xCE, 0xFD, 0x43, 0xF2, 0x84, 0xF3, 0x11, 0xF2, 0xCE, 0x26, 0xFB, 0xA9, 0xCE, 0x79, 0xEB,
    0x78, 0x6F, 0xE5, 0x8C, 0x26, 0xF1, 0xAC, 0xBA, 0x4B, 0x89, 0xE6, 0xF8, 0x52, 0x95, 0xCE, 0x24,
    0xBB, 0x53, 0x45, 0xD3, 0x84, 0xC4, 0xA1, 0xF5, 0x5F, 0x72, 0xA6, 0xA0, 0x04, 0xC0, 0xCF, 0x1E,
    0xDC, 0x35, 0x99, 0x72, 0x6A, 0x0A, 0x8B, 0xA0, 0xB0, 0x45, 0x86, 0xBF, 0x2C, 0xB6, 0xD8, 0x04,
    0x32, 0xE4, 0xCD, 0x29, 0x0A, 0xB5, 0x64, 0xA8, 0x4C, 0x72, 0x4A, 0x6F, 0x0B, 0xBF, 0x55, 0xD1,
    0x07, 0x13, 0xE4, 0x45, 0x39, 0x9D, 0x2E, 0x17, 0x21, 0x64, 0xCB, 0x84, 0x65, 0xB0, 0x88, 0xFC,
    0x31, 0xDC, 0x1E, 0x73, 0x52, 0x7C, 0x62, 0xB7, 0x60, 0x5C, 0xA5, 0x6B, 0x21, 0xB2, 0xAC, 0xCF,
    0x29, 0xFA, 0xA0, 0x85, 0xF6, 0x32, 0x28, 0x95, 0x6B, 0xED, 0x70, 0x99, 0x47, 0x6D, 0x81, 0xCA,
    0x65, 0x2D, 0x32, 0xA4, 0x70, 0xFB, 0x11, 0x3C, 0xC8, 0x7B, 0x44, 0xA7, 0xCC, 0xCB, 0x31, 0xB7,
    0xC1, 0xDC, 0x09, 0x98, 0x4E, 0xCD, 0x5C, 0x1E, 0xCF, 0xD5, 0x04, 0xD3, 0xD6, 0x3C, 0x39, 0x48,
    0x90, 0x2E, 0x70, 0xDA, 0x1D, 0xEE, 0x4C, 0xAC, 0x87, 0x62, 0x56, 0xAE, 0xC3, 0xD8, 0x19, 0x24,
    0x56, 0x89, 0x3F, 0x7F, 0x80, 0x19, 0xF4, 0xDA, 0x83, 0xF9, 0xED, 0x31, 0x8D, 0xAE, 0x9D, 0x3C,
    0x96, 0x61, 0xFE, 0x5F, 0xA1, 0x2F, 0x65, 0x59, 0x8A, 0x11, 0xD2, 0xE0, 0x47, 0xE4, 0xDC, 0xB3,
    0x9B, 0x3D, 0x61, 0x1C, 0x0A, 0x8C, 0x04, 0x35, 0x86, 0xCF, 0x8E, 0xBA, 0xBB, 0x50, 0xC8, 0x6E,
    0x3B, 0x23, 0x92, 0x56, 0x67, 0x0F, 0x26, 0x90, 0x73, 0xCA, 0xE9, 0xDF, 0xFA, 0x51, 0xED, 0xDC,
    0x26, 0x0C, 0x60, 0x2D, 0x59, 0x3D, 0xDC, 0xC2, 0xAF, 0x7D, 0x93, 0x11, 0x3B, 0xE2, 0x78, 0x98,
    0x05, 0x72, 0x28, 0x36, 0x77, 0xFD, 0xDC, 0x3E, 0xEA, 0x82, 0xA0, 0x63, 0xD8, 0x79, 0x02, 0x53,
    0x4E, 0x60, 0xFE, 0x09, 0x57, 0xB0, 0xD0, 0x6B, 0x36, 0xB1, 0xEE, 0x20, 0x81, 0x11, 0x26, 0x3E,
    0x7F, 0x2F, 0xD2, 0x18, 0x5B, 0x81, 0xB8, 0xF3, 0xC0, 0xB1, 0x76, 0x5E, 0xBC, 0x8D, 0xFD, 0xFC,
    0x03, 0xF8, 0xFC, 0x70, 0xE7, 0x43, 0x84, 0xF4, 0xBB, 0x54, 0x9A, 0x6F, 0x1E, 0x5C, 0xE3, 0x7C,
    0xEF, 0xCB, 0xDA, 0xF7, 0x96, 0x89, 0x45, 0x84, 0x32, 0x88, 0xE0, 0x4C, 0x3D, 0xB7, 0x0A, 0xE1,
    0xF8, 0x65, 0xE2, 0x1E, 0xD0, 0x21, 0x4A, 0x03, 0x6F, 0x0E, 0x9F, 0xA8, 0x6C, 0xB7, 0xE7, 0x95,
    0x2D, 0x10, 0xB1, 0xF6, 0x03, 0xCD, 0x20, 0x71, 0x0E, 0x8A, 0xD0, 0x1C, 0xCF, 0x00, 0xCA, 0xE1,
    0xC8, 0x7E, 0x15, 0xC8, 0x3E, 0x3C, 0xC0, 0xAD, 0xBD, 0x98, 0xCE, 0xB2, 0xC7, 0xFD, 0x79, 0xBD,
    0xBF, 0xF7, 0x34, 0x3E, 0x40, 0x66, 0x3F, 0x51, 0x39, 0xC1, 0x0D, 0x18, 0x9F, 0xFC, 0x84, 0x9E,
    0xC3, 0xC6, 0xCE, 0x72, 0x9A, 0xFE, 0x26, 0x95, 0xE8, 0xCF, 0x3E, 0x56, 0x01, 0x12, 0xAD, 0x53,
    0x10, 0x45, 0x50, 0x04, 0xC5, 0xEB, 0xEF, 0xB7, 0xD3, 0xD7, 0xDF, 0xE7, 0x7F, 0x7B, 0x4F, 0x7F,
    0xEA, 0x4C, 0xF9, 0xFB, 0xD7, 0xC9, 0xA3, 0xC5, 0x8C, 0x98, 0xD5, 0x8F, 0xE9, 0x5E, 0xD8, 0x7E,
    0xE9, 0xCD, 0xB8, 0xF8, 0x5C, 0x03, 0xDC, 0x20, 0x19, 0xC9, 0x5F, 0x6E, 0x22, 0xF3, 0xF5, 0x0A,
    0xE5, 0x37, 0x64, 0xC5, 0xDF, 0x6A, 0xDC, 0x9A, 0x63, 0x2C, 0xA0, 0xFE, 0x15, 0xEC, 0xEE, 0x4F,
    0x35, 0x87, 0x26, 0x5B, 0x69, 0x46, 0x3C, 0x0F, 0x67, 0x0A, 0x35, 0x24, 0x3D, 0xBA, 0x47, 0x65,
    0x44, 0x2D, 0xE9, 0x90, 0xB6, 0x85, 0x0A, 0x5E, 0x7A, 0xF8, 0x6B, 0xE5, 0xBF, 0x73, 0xFF, 0xCF,
    0x8D, 0x77, 0xFF, 0xFE, 0x7D, 0xE9, 0x3D, 0x7C, 0xE7, 0x6F, 0xD2, 0xDD, 0x16, 0xFF, 0x2C, 0x68,
    0x9B, 0x76, 0x04, 0x86, 0x8D, 0xB8, 0xDA, 0xBC, 0xC9, 0x21, 0x20, 0x05, 0x58, 0x4F, 0x1A, 0x6D,
    0x72, 0x89, 0xEE, 0x21, 0x65, 0x76, 0xBE, 0xC6, 0xDB, 0x3E, 0x95, 0x36, 0x29, 0xE1, 0xC8, 0x35,
    0xC4, 0xFF, 0xAF, 0x1B, 0x53, 0xD7, 0xF0, 0x98, 0xC8, 0x20, 0x23, 0x14, 0xC7, 0x73, 0xBD, 0x75,
    0x24, 0xD7, 0xCB, 0x88, 0xC2, 0x99, 0x18, 0xC4, 0x1B, 0xD6, 0x8B, 0x9A, 0xFB, 0xEA, 0xB0, 0x9D,
    0x9C, 0xBF, 0x3D, 0xE6, 0x6F, 0x44, 0xB0, 0x42, 0x44, 0xC7, 0x3E, 0xD7, 0x48, 0xF6, 0x2E, 0x34,
    0x77, 0x18, 0x30, 0xB2, 0x99, 0x75, 0x66, 0x1C, 0xBC, 0xE2, 0xE8, 0xB1, 0xDA, 0xEC, 0x17, 0x0E,
    0xD4, 0xE6, 0xD8, 0xDC, 0x59, 0xC9, 0xB7, 0xFB, 0x06, 0x70, 0xA8, 0x79, 0x82, 0x85, 0x4C, 0x9A,
    0xA2, 0x8E, 0x3D, 0x08, 0x42, 0xBD, 0x2E, 0xFC, 0x3D, 0x76, 0x0F, 0x66, 0x46, 0x34, 0x74, 0xB5,
    0xFD, 0x7C, 0x68, 0x4F, 0x5F, 0xC6, 0xC5, 0x3D, 0xBA, 0x42, 0xCE, 0x2D, 0x0E, 0xCD, 0x6E, 0x1D,
    0x8F, 0x5E, 0x96, 0x49, 0xD0, 0xCA, 0x73, 0x8E, 0xCD, 0x7D, 0xBF, 0x03, 0xBD, 0x59, 0x4F, 0x6C,
    0xDD, 0x48, 0x19, 0xFF, 0xC6, 0x6E, 0xE3, 0x25, 0x96, 0xD6, 0x7B, 0x08, 0xA2, 0xA9, 0xD8, 0xE7,
    0x4B, 0x0F, 0x15, 0xE4, 0xD9, 0x17, 0x84, 0x40, 0xB2, 0x9F, 0x0D, 0x95, 0xE8, 0x35, 0x07, 0xDA,
    0x2B, 0x3D, 0x70, 0x40, 0x15, 0x82, 0x1E, 0x72, 0x08, 0xC8, 0xE9, 0x33, 0xDA, 0x03, 0xD7, 0x0A,
    0x69, 0xB9, 0x70, 0xE1, 0x48, 0x0B, 0x28, 0x45, 0x7A, 0x07, 0x2F, 0x7A, 0xE9, 0x73, 0x7B, 0xE1,
    0x6A, 0x76, 0x55, 0x2E, 0x5C, 0x8C, 0xC4, 0xB2, 0x12, 0x95, 0xE8, 0xAC, 0x18, 0x56, 0x6E, 0xF3,
    0x5E, 0x86, 0xDF, 0x37, 0xB6, 0xD3, 0x24, 0xDB, 0x40, 0xD3, 0x3F, 0xB1, 0x67, 0x26, 0xF6, 0xBC,
    0x99, 0xEF, 0xFB, 0xE6, 0x9B, 0xDF, 0xF7, 0x67, 0x9C, 0x55, 0x4A, 0x70, 0x9F, 0x21, 0xBE, 0x86,
    0x14, 0x1C, 0xBA, 0x47, 0xDD, 0xBD, 0x6A, 0x7E, 0x5D, 0xE3, 0x22, 0x74, 0xEE, 0x6A, 0x15, 0xFE,
    0x70, 0x27, 0x5E, 0x0B, 0xB2, 0x35, 0x2A, 0xD6, 0x48, 0x99, 0x82, 0x87, 0x6C, 0xED, 0x0C, 0x3A,
    0xFD, 0xDF, 0x4D, 0x31, 0x80, 0x66, 0x79, 0x3B, 0x9E, 0xCE, 0xA6, 0x44, 0xB3, 0x86, 0xEC, 0xA7,
    0xF7, 0xC8, 0x29, 0xFD, 0xD4, 0x4B, 0xDD, 0xDC, 0x23, 0x2B, 0xF5, 0x40, 0xB0, 0xAF, 0x5A, 0x4B,
    0x9A, 0xA1, 0x7A, 0x18, 0xDA, 0x57, 0xD7, 0xFC, 0xB5, 0xF3, 0x01, 0x66, 0x69, 0xAD, 0x53, 0xAD,
    0xF7, 0x8C, 0x10, 0xDF, 0x08, 0x9B, 0xB5, 0xB1, 0xD6, 0x0B, 0xBF, 0x76, 0x95, 0x97, 0x0A, 0x39,
    0x24, 0x2A, 0x22, 0xA2, 0x68, 0xF3, 0x40, 0xE5, 0xF7, 0x18, 0xFD, 0x3E, 0x09, 0xE9, 0x57, 0x8E,
    0xE2, 0xF1, 0x5F, 0x1B, 0x3F, 0xB9, 0x48, 0xDD, 0x95, 0x91, 0x5B, 0x8E, 0x40, 0xDD, 0x27, 0x1F,
    0x6D, 0x0C, 0x0E, 0x19, 0xD9, 0x95, 0x22, 0xF1, 0xA9, 0x24, 0xFA, 0xAC, 0x26, 0x1A, 0x97, 0xE4,
    0x6B, 0x4D, 0xCB, 0xB3, 0x3B, 0x84, 0x21, 0xB4, 0xBC, 0x7D, 0xC7, 0xBC, 0xF3, 0xF3, 0xA1, 0x3A,
    0xE9, 0x2E, 0x43, 0xB5, 0x7F, 0x59, 0xA7, 0x2F, 0x92, 0xAD, 0x4B, 0xEF, 0x13, 0xE9, 0x93, 0x1A,
    0xD0, 0x06, 0x56, 0xE8, 0x96, 0xE4, 0x34, 0x14, 0x8F, 0xD3, 0x4D, 0x57, 0x4E, 0x68, 0xBE, 0x49,
    0xF1, 0x88, 0x06, 0x5E, 0x35, 0xB0, 0xE6, 0x19, 0x8D, 0x6B, 0x72, 0xC0, 0x52, 0x9E, 0xA3, 0x49,
    0x4C, 0xCA, 0xFF, 0x8E, 0x74, 0x75, 0x25, 0x6E, 0xD3, 0x85, 0x2F, 0xD0, 0x34, 0xA4, 0xCC, 0x6F,
    0x25, 0xBE, 0x82, 0xCA, 0x5A, 0xA5, 0xF1, 0x3F, 0x35, 0x89, 0x86, 0xFC, 0xD2, 0xA9, 0x57, 0x6C,
    0xE9, 0xFD, 0x4C, 0x57, 0x8D, 0xEF, 0xEE, 0xAA, 0x6C, 0xE8, 0xA5, 0x59, 0x1C, 0x05, 0x34, 0x0C,
    0x78, 0xE5, 0x03, 0xD3, 0xC4, 0x01, 0x45, 0x41, 0xE0, 0xE5, 0xF3, 0xD8, 0x77, 0xB4, 0xCC, 0x30,
    0x38, 0x6F, 0xEC, 0x9A, 0x6C, 0x29, 0x16, 0x14, 0x96, 0x94, 0xB0, 0x46, 0x1D, 0xFD, 0x77, 0x90,
    0xE6, 0xDD, 0xFF, 0x2E, 0x18, 0xE4, 0xE1, 0xE5, 0xEA, 0x9C, 0xA8, 0xC9, 0x92, 0x98, 0x90, 0xBC,
    0x2F, 0x23, 0x21, 0x23, 0x5B, 0x26, 0xDB, 0xD2, 0x7D, 0x52, 0xF7, 0xCA, 0x83, 0x54, 0x42, 0x66,
    0xE4, 0xFC, 0x19, 0xFB, 0x75, 0xA9, 0xA2, 0x91, 0x97, 0x73, 0x17, 0xC5, 0xD8, 0x34, 0xFF, 0x72,
    0x45, 0xCE, 0x7D, 0x89, 0xE9, 0x53, 0x8C, 0x0B, 0xFA, 0x19, 0x63, 0x3D, 0x47, 0xC1, 0x9E, 0xF4,
    0xC5, 0x80, 0x42, 0xE8, 0x86, 0xDC, 0x8F, 0xC7, 0x14, 0x42, 0xFD, 0xD1, 0x57, 0xBE, 0x55, 0x4F,
    0x7E, 0x2A, 0xA5, 0xBC, 0x71, 0xF7, 0xAE, 0xFC, 0x89, 0xDC, 0x90, 0xE3, 0x72, 0xE3, 0xEE, 0x8D,
    0xFA, 0xEE, 0xE6, 0x8D, 0xBB, 0xF5, 0x90, 0xEC, 0xD2, 0xCB, 0xFD, 0xD4, 0xD2, 0x0B, 0xA2, 0xAF,
    0xDE, 0xA2, 0xD9, 0xFC, 0xFA, 0x6F, 0x28, 0x25, 0x77, 0x4E, 0xC9, 0x36, 0x6D, 0xBA, 0xE9, 0x86,
    0x9D, 0x6F, 0x38, 0x39, 0xD8, 0xFB, 0x7B, 0xB4, 0x04, 0x0D, 0x5D, 0xEC, 0xB9, 0xC4, 0xC0, 0x94,
    0x46, 0x79, 0xC6, 0xF7, 0x1C, 0xB3, 0xEE, 0x3A, 0xA1, 0x4F, 0x45, 0xC9, 0x1E, 0x15, 0x9E, 0xC1,
    0x20, 0x56, 0x30, 0x25, 0x28, 0xC7, 0x4F, 0x69, 0x7C, 0x27, 0x9D, 0xE9, 0x9C, 0x07, 0x34, 0x94,
    0xCC, 0x30, 0x20, 0x05, 0x48, 0xC4, 0x0E, 0x59, 0x50, 0x97, 0x9B, 0x4F, 0x9C, 0xF2, 0xE6, 0x8F,
    0x53, 0x7F, 0xC1, 0xA4, 0x18, 0xC9, 0x43, 0x30, 0x5C, 0xA1, 0xB3, 0x20, 0x3F, 0xF8, 0x3F, 0x35,
    0x80, 0x44, 0x23, 0x98, 0xDA, 0x8C, 0x92, 0xDD, 0xC7, 0x55, 0x34, 0xBB, 0x5C, 0xB1, 0x2A, 0x8E,
    0xD6, 0xF6, 0x3A, 0x63, 0x69, 0x0D, 0xC4, 0x25, 0x8B, 0x60, 0xBC, 0x08, 0x66, 0x8B, 0x40, 0x9B,
    0x16, 0xCF, 0xE8, 0xF1, 0x17, 0x81, 0xBD, 0x08, 0xE8, 0x0C, 0xF4, 0xFB, 0xBC, 0x92, 0x80, 0x09,
    0xEF, 0xE8, 0x1A, 0x85, 0xA9, 0x5D, 0x5A, 0x65, 0xC2, 0xC6, 0x54, 0xCE, 0xCA, 0x4F, 0xCA, 0x4B,
    0xA5, 0x7D, 0xE0, 0x36, 0xA8, 0x72, 0x80, 0xD3, 0x5F, 0xCA, 0x80, 0x4D, 0x28, 0x8B, 0xD8, 0x70,
    0x00, 0x9C, 0x2C, 0x24, 0xE5, 0x3D, 0xAA, 0x2D, 0x9D, 0x76, 0xC2, 0x84, 0x80, 0xAF, 0xF7, 0x1E,
    0x80, 0x53, 0x37, 0x44, 0x0A, 0xC8, 0xDA, 0xF2, 0xDB, 0xCE, 0x18, 0xDA, 0x6A, 0x62, 0xD3, 0xEF,
    0x3E, 0x90, 0xA6, 0x6B, 0xFF, 0xE2, 0x39, 0x94, 0x94, 0xD0, 0xCF, 0xD7, 0x4B, 0x18, 0x9C, 0x55,
    0x12, 0x70, 0x51, 0x5A, 0x15, 0x1A, 0x27, 0x47, 0x03, 0x9D, 0x5B, 0xE5, 0x90, 0x9B, 0x4D, 0xA7,
    0xB2, 0x4A, 0xE9, 0x55, 0x30, 0xC1, 0xB0, 0x82, 0x4E, 0xBF, 0x59, 0x61, 0xE6, 0x1F, 0x2A, 0x8A,
    0xC4, 0xDF, 0x2A, 0x2A, 0xEC, 0xBF, 0xD4, 0x42, 0xDA, 0xBA, 0xB1, 0x4B, 0x71, 0xB5, 0x86, 0x53,
    0x10, 0xD5, 0x49, 0xC9, 0xBB, 0x12, 0xE4, 0x47, 0xD8, 0xDD, 0x6A, 0x73, 0x08, 0xF2, 0x98, 0xE2,
    0xB1, 0x0B, 0x80, 0xB2, 0x25, 0x15, 0x00, 0x97, 0x60, 0xC7, 0x03, 0x7D, 0x24, 0xB7, 0x41, 0x7E,
    0xDC, 0x7A, 0x19, 0x1F, 0xAB, 0x2D, 0x6F, 0x4E, 0xE1, 0x85, 0xAE, 0x45, 0x6C, 0xE9, 0x50, 0x0C,
    0x39, 0x8A, 0x26, 0x64, 0x35, 0x30, 0x0F, 0x1A, 0x62, 0xF8, 0x7A, 0x80, 0xE1, 0xF7, 0xA6, 0x03,
    0xA1, 0x42, 0x15, 0xD9, 0x00, 0x9E, 0x02, 0xA0, 0x44, 0xFD, 0xF6, 0x06, 0x66, 0xAE, 0x6D, 0x80,
    0xC7, 0xE6, 0x06, 0x76, 0xE3, 0x3F, 0x05, 0x66, 0xC2, 0xD0, 0x24, 0x5D, 0x29, 0x20, 0x1D, 0x6D,
    0x30, 0x3E, 0x77, 0x4C, 0xB9, 0xD0, 0xAB, 0xAA, 0x05, 0xE7, 0x94, 0x2C, 0x45, 0xD0, 0x42, 0xC2,
    0x8F, 0x10, 0x8C, 0x14, 0x65, 0x05, 0x35, 0x23, 0x4B, 0xFA, 0xBA, 0x62, 0xEC, 0x19, 0x57, 0xC0,
    0xAE, 0x91, 0xCC, 0xE6, 0x89, 0x03, 0xCA, 0xE6, 0x3E, 0xB8, 0x2E, 0x16, 0x11, 0x43, 0xA6, 0xDC,
    0x30, 0x96, 0x02, 0x36, 0xC1, 0x98, 0xE7, 0x65, 0x3C, 0xAF, 0xC0, 0xE2, 0x49, 0x39, 0x25, 0xEC,
    0xD7, 0x86, 0xA2, 0x6A, 0x0B, 0x8B, 0x64, 0xD7, 0xEB, 0x68, 0x78, 0x16, 0x36, 0x63, 0x56, 0x4C,
    0xC4, 0xA6, 0xC0, 0x3E, 0x1F, 0xFC, 0xB2, 0x96, 0xDF, 0xB0, 0xF5, 0x99, 0xC4, 0x0A, 0xC3, 0x55,
    0x9D, 0x12, 0x5F, 0x8B, 0x5D, 0x8E, 0x5B, 0xF4, 0xF4, 0x2E, 0x2E, 0x9D, 0x12, 0xDF, 0xB3, 0x82,
    0x31, 0xFF, 0x98, 0x63, 0xCD, 0x0E, 0x7D, 0xEE, 0x7A, 0x73, 0x7C, 0xCD, 0x02, 0xB7, 0x60, 0x52,
    0x2D, 0x95, 0x53, 0xE3, 0x6B, 0xED, 0x13, 0x5D, 0x7B, 0xBB, 0x6F, 0xBC, 0xAD, 0x9E, 0x1B, 0xA5,
    0x6F, 0x16, 0x5C, 0xED, 0x95, 0x68, 0x0E, 0x10, 0x1F, 0x98, 0x56, 0x32, 0x33, 0xAB, 0xE6, 0xD6,
    0xAE, 0xA4, 0xB1, 0x75, 0x69, 0x90, 0x2F, 0x4D, 0xD4, 0x65, 0x29, 0x62, 0xA4, 0x0C, 0x0D, 0x28,
    0x30, 0xED, 0x86, 0x51, 0x29, 0x98, 0x55, 0xCB, 0x10, 0xE1, 0x84, 0x7B, 0xC0, 0x52, 0x1A, 0x9B,
    0x91, 0xC6, 0x2F, 0x82, 0x72, 0x6C, 0x5A, 0x12, 0xEB, 0x1C, 0x91, 0x10, 0x4E, 0x66, 0xB5, 0x5B,
    0x8B, 0x06, 0xFA, 0xCE, 0x20, 0x4F, 0x80, 0x25, 0xAD, 0x32, 0xC6, 0x79, 0x7D, 0x45, 0x57, 0xA7,
    0x1D, 0xEE, 0x39, 0x98, 0xB2, 0xE0, 0xBC, 0x0C, 0x47, 0x59, 0x0A, 0xDC, 0x6A, 0x0A, 0x61, 0x92,
    0xEC, 0x8C, 0x10, 0x8D, 0x5B, 0x13, 0x41, 0xB5, 0x9B, 0x76, 0xAF, 0x4A, 0x03, 0x5E, 0xC9, 0xE6,
    0xDE, 0x5E, 0x48, 0x40, 0x50, 0xD8, 0x49, 0x1C, 0x28, 0x0D, 0xF7, 0x37, 0x28, 0x47, 0xFA, 0x55,
    0x3F, 0x9E, 0xBD, 0x95, 0x67, 0x08, 0x5F, 0x7C, 0x35, 0x3A, 0x53, 0x28, 0x88, 0x9C, 0x3F, 0x95,
    0x4B, 0xE2, 0xD6, 0xAB, 0xD0, 0x59, 0x12, 0x39, 0xE2, 0x80, 0x77, 0x69, 0x3F, 0x17, 0x78, 0x49,
    0x3A, 0x85, 0x89, 0x88, 0xCB, 0xD4, 0x3A, 0xB4, 0x17, 0xB8, 0xB1, 0x83, 0x51, 0xA7, 0x4B, 0xF5,
    0x02, 0x37, 0xE2, 0xB8, 0x37, 0xA1, 0x38, 0xA6, 0xEF, 0x2F, 0xF7, 0xD6, 0x53, 0xBD, 0x4C, 0x39,
    0x9C, 0x83, 0xBD, 0x3C, 0x1D, 0x63, 0x43, 0x8E, 0xDE, 0x4B, 0xD9, 0x1A, 0x90, 0xEE, 0x95, 0xD6,
    0x9C, 0x51, 0x3A, 0xE2, 0xC6, 0xE7, 0xC6, 0x4B, 0xD1, 0xB8, 0x39, 0x1A, 0x4E, 0x76, 0x6B, 0xA7,
    0x9C, 0x71, 0x63, 0x5E, 0xFB, 0x1F, 0xCC, 0x10, 0xCE, 0x95, 0x68, 0x8B, 0x7B, 0x9B, 0x8E, 0x94,
    0xC9, 0x8A, 0x57, 0x56, 0xA0, 0x59, 0x24, 0xBE, 0xFF, 0x90, 0x87, 0x5C, 0x06, 0x6C, 0x49, 0x69,
    0xAE, 0x39, 0xA9, 0xDD, 0x92, 0xD4, 0x67, 0x92, 0x94, 0x82, 0x7E, 0xD4, 0x14, 0x75, 0x84, 0xEA,
    0xA7, 0x4A, 0xB9, 0xA5, 0x52, 0x76, 0xAD, 0x94, 0x90, 0xF8, 0x69, 0x8A, 0x1A, 0xA3, 0xFA, 0xA8,
    0x1E, 0xAA, 0x8D, 0x0A, 0xF7, 0x70, 0x6C, 0xE4, 0x61, 0x5B, 0x62, 0x63, 0x22, 0xB6, 0x26, 0x72,
    0x6B, 0xAB, 0xE1, 0x04, 0x6A, 0x8B, 0x0D, 0x3C, 0xE4, 0x98, 0xE6, 0xB5, 0x56, 0x3E, 0xE5, 0x54,
    0xA9, 0xD8, 0x6F, 0xCC, 0xAB, 0xF9, 0x21, 0x66, 0x0B, 0x35, 0x2E, 0xC1, 0x78, 0x08, 0xD8, 0x56,
    0x43, 0xC6, 0xB8, 0x8C, 0x75, 0x75, 0xD7, 0x71, 0xE1, 0xE7, 0x34, 0x98, 0x1F, 0x89, 0x41, 0x17,
    0x96, 0x4E, 0x93, 0xF9, 0xB1, 0x81, 0xE8, 0x34, 0x98, 0x3F, 0x8B, 0x46, 0xD1, 0xE1, 0x68, 0x74,
    0x0A, 0xCC, 0x57, 0xE8, 0x2D, 0xD0, 0x0B, 0xD3, 0xB9, 0xFB, 0x91, 0xB4, 0x74, 0x89, 0x8C, 0x99,
    0x74, 0x6A, 0xEF, 0x56, 0xDE, 0x03, 0x95, 0xD0, 0x14, 0x99, 0xF4, 0x3B, 0xC8, 0x6F, 0xC5, 0xFA,
    0x5B, 0x2C, 0xC7, 0x8F, 0x58, 0x8E, 0x79, 0x2F, 0x87, 0xB5, 0x60, 0xAB, 0x7A, 0x0C, 0x39, 0x3C,
    0x96, 0x63, 0xC4, 0x72, 0x4C, 0x21, 0x82, 0x90, 0x68, 0xEC, 0x0A, 0x72, 0x78, 0x39, 0xE4, 0x08,
    0x59, 0x8E, 0x8C, 0xE5, 0x50, 0x2C, 0x47, 0x0D, 0x39, 0x5C, 0x96, 0xC3, 0x63, 0x39, 0x02, 0x96,
    0xA3, 0x3D, 0x0F, 0x17, 0x5D, 0x52, 0x3E, 0x40, 0x5D, 0x7E, 0xA6, 0x02, 0xF6, 0x65, 0x27, 0xAC,
    0xB2, 0x40, 0x60, 0xDC, 0x82, 0x67, 0x4A, 0x72, 0xBF, 0x04, 0x9B, 0x94, 0x8F, 0x3F, 0x38, 0x36,
    0xB4, 0xA8, 0x66, 0x98, 0xB1, 0x69, 0x39, 0x6F, 0x88, 0x07, 0xEF, 0xE0, 0xA8, 0x32, 0xA3, 0xC4,
    0xAD, 0x0B, 0x6F, 0x86, 0x07, 0xE8, 0xDA, 0x38, 0xF7, 0x59, 0x32, 0x3B, 0x84, 0xD5, 0xD7, 0xAB,
    0x2B, 0x73, 0x42, 0xDA, 0xEC, 0x7D, 0x81, 0x38, 0x94, 0x8A, 0x02, 0x80, 0x09, 0xBB, 0xAA, 0x8C,
    0xBC, 0x12, 0x31, 0xC8, 0xAE, 0x2C, 0x3E, 0x89, 0x3A, 0x18, 0xD3, 0x00, 0x69, 0xB4, 0x15, 0xB2,
    0x35, 0xC5, 0xAC, 0x8D, 0x39, 0xBB, 0x63, 0x93, 0x5F, 0xD4, 0x2F, 0xD6, 0xB4, 0x39, 0xC0, 0x7E,
    0x1D, 0x5D, 0x49, 0x91, 0xB1, 0x00, 0x3A, 0x77, 0xF6, 0xF0, 0xEE, 0xA3, 0xBA, 0x39, 0x7F, 0x45,
    0x40, 0xC5, 0x5F, 0x86, 0x78, 0x88, 0xDF, 0x71, 0x40, 0x05, 0x9A, 0xE2, 0x23, 0x73, 0xDB, 0x73,
    0x76, 0xF2, 0x5B, 0x39, 0x15, 0xAA, 0xA1, 0x02, 0x49, 0xBE, 0xE2, 0x56, 0xAA, 0x2F, 0x55, 0x6A,
    0x9C, 0xAA, 0xB1, 0xF1, 0xC2, 0x14, 0xB0, 0x0F, 0xE6, 0x12, 0xF0, 0x2B, 0x3A, 0xC7, 0xF9, 0x91,
    0xA4, 0x42, 0xDC, 0x06, 0x5A, 0xEB, 0xE4, 0xAA, 0xCA, 0x38, 0x4D, 0xE1, 0xF3, 0x83, 0x98, 0xCD,
    0xC3, 0xBD, 0xE9, 0x0E, 0x45, 0x86, 0xE6, 0xB4, 0x10, 0xF3, 0x64, 0x7B, 0xEA, 0x2F, 0x22, 0x8E,
    0x3E, 0x87, 0x13, 0x89, 0x93, 0xCD, 0x45, 0xF2, 0xF0, 0x98, 0x93, 0x87, 0x65, 0x91, 0x9F, 0x74,
    0xAE, 0x48, 0x53, 0xE7, 0x69, 0xE9, 0x86, 0x79, 0xE7, 0x3A, 0x4E, 0x32, 0xB7, 0x4F, 0x36, 0xAA,
    0x97, 0x98, 0x0B, 0x0F, 0x62, 0x69, 0xB2, 0x7F, 0x9E, 0x3B, 0x97, 0x4A, 0xE7, 0xBD, 0x1C, 0xCF,
    0xF4, 0x83, 0x13, 0x4A, 0x7E, 0x9B, 0xAE, 0xE3, 0xDC, 0xAF, 0x3F, 0xC4, 0x36, 0x27, 0x57, 0xF5,
    0xC3, 0x29, 0x60, 0x35, 0x63, 0xB7, 0xC5, 0xF0, 0x32, 0x40, 0x74, 0xD3, 0x25, 0x8D, 0x2B, 0x0F,
    0x4D, 0xBB, 0x63, 0xA0, 0xA9, 0x4C, 0x9C, 0x52, 0x38, 0xDD, 0x2D, 0x53, 0x21, 0x74, 0x0A, 0x18,
    0x6C, 0xFF, 0xF5, 0xE9, 0x82, 0xFC, 0x3D, 0xC1, 0x99, 0x69, 0x6A, 0x40, 0x7C, 0x3D, 0x75, 0xB4,
    0xF4, 0xDF, 0x9F, 0x23, 0x0F, 0xCE, 0x68, 0xB5, 0xE8, 0x53, 0xA3, 0x89, 0x71, 0x37, 0x70, 0x6E,
    0x21, 0x6D, 0x79, 0x8F, 0x1A, 0x4B, 0x57, 0xFC, 0xF5, 0xCC, 0xE7, 0xC3, 0x2C, 0x97, 0x24, 0xEF,
    0xC3, 0x91, 0xEC, 0x4C, 0xA0, 0xCF, 0x09, 0xAF, 0x73, 0x5A, 0x51, 0x13, 0x28, 0x02, 0x60, 0x38,
    0xBE, 0x03, 0x90, 0x13, 0xC8, 0x08, 0xA9, 0x4C, 0x9D, 0xEC, 0xFB, 0xB1, 0x55, 0xF3, 0x6D, 0xC0,
    0xDB, 0x9D, 0x43, 0x39, 0x75, 0xEB, 0xE2, 0xD8, 0xE9, 0x70, 0xE2, 0xCE, 0x4B, 0xFA, 0xF2, 0x6B,
    0xA0, 0xC7, 0x08, 0xDF, 0x4D, 0xC9, 0xFE, 0xA8, 0xA2, 0xA5, 0xF4, 0xD6, 0x2B, 0xD3, 0xB3, 0x40,
    0x83, 0xBF, 0x2C, 0xB8, 0xF7, 0x0F, 0x64, 0x36, 0xAF, 0x40, 0x2F, 0x36, 0x1F, 0xFC, 0x6C, 0x2C,
    0x58, 0xA4, 0x76, 0x79, 0xDC, 0xED, 0xE4, 0x5E, 0x3A, 0x30, 0xEA, 0x5D, 0x31, 0x07, 0xFF, 0xE7,
    0xDF, 0x4E, 0xE5, 0xCB, 0x28, 0xBA, 0xB6, 0xFA, 0xBF, 0x69, 0x9D, 0xB3, 0x28, 0xF1, 0xCA, 0x91,
    0xDB, 0x59, 0x00, 0xAD, 0x9B, 0xFD, 0x7B, 0x91, 0xC2, 0xDB, 0x5D, 0xBD, 0x43, 0xD6, 0x13, 0xF8,
    0xBE, 0xA4, 0xE2, 0xEF, 0xAE, 0x64, 0xFF, 0xA2, 0x36, 0xF0, 0x12, 0x1F, 0x00, 0x7E, 0xFA, 0xF7,
    0x14, 0xA6, 0xEC, 0x7F, 0x10, 0x12, 0xB1, 0xAC, 0x02, 0x2A, 0x50, 0x5D, 0x2D, 0x4C, 0x10, 0xE6,
    0xCF, 0xB7, 0x00, 0xEB, 0x23, 0xA4, 0x70, 0xC0, 0x12, 0xD6, 0x02, 0xEE, 0xEB, 0xF6, 0xA2, 0xB6,
    0xBF, 0xD7, 0xE5, 0x6F, 0x2B, 0xE7, 0xD3, 0x48, 0xAB, 0xE4, 0xE1, 0x3C, 0xE1, 0x5C, 0x19, 0x27,
    0xA0, 0xC1, 0x71, 0xE5, 0x10, 0xEE, 0xD6, 0x0E, 0xEE, 0x83, 0x34, 0xFB, 0x30, 0x6A, 0x59, 0x31,
    0xE3, 0x54, 0xC1, 0x32, 0x14, 0x7F, 0x28, 0xC3, 0x33, 0xBF, 0x47, 0x26, 0xDC, 0x6F, 0x41, 0x90,
    0xA6, 0x15, 0xE4, 0x28, 0xEE, 0xDE, 0x7D, 0x0D, 0xF4, 0xF8, 0x93, 0xD7, 0x2E, 0x4C, 0xE5, 0x43,
    0x1C, 0x3D, 0xD3, 0x5F, 0xBF, 0x3A, 0xBD, 0xF5, 0x75, 0xB2, 0x17, 0x92, 0xEC, 0x5F, 0x55, 0x47,
    0x70, 0xF7, 0x72, 0xF4, 0x0C, 0x8E, 0xEF, 0x2B, 0xF3, 0x71, 0xF4, 0x75, 0xD0, 0xE3, 0x8A, 0x25,
    0xDF, 0x7C, 0xB6, 0x19, 0x33, 0xAD, 0xC7, 0xE6, 0xAB, 0x66, 0x17, 0xAB, 0x6E, 0x76, 0xD1, 0xC6,
    0x5C, 0xE7, 0x6F, 0x95, 0xC8, 0xB0, 0x2A, 0xE7, 0xE3, 0x71, 0xEE, 0xE5, 0x61, 0xEE, 0xD3, 0xB8,
    0x0C, 0xC4, 0xBF, 0xAB, 0xD8, 0x7E, 0x50, 0xC5, 0xDE, 0xB7, 0xEB, 0x61, 0x6C, 0x57, 0x01, 0xB2,
    0x23, 0x0F, 0x67, 0x0E, 0xAF, 0xF4, 0x53, 0xFF, 0xE9, 0x1E, 0x45, 0x33, 0xB8, 0x24, 0x41, 0x7D,
    0xC8, 0xD9, 0xEC, 0xDC, 0xCD, 0x0A, 0x9D, 0x3D, 0x1E, 0x26, 0x41, 0x8C, 0xA4, 0x8D, 0xEE, 0x79,
    0xFA, 0x5F, 0xF6, 0xDE, 0xA0, 0x3B, 0x07, 0xB7, 0x81, 0xE7, 0xDD, 0x93, 0xCF, 0x1D, 0xB1, 0x23,
    0x81, 0x1F, 0x59, 0x32, 0xDB, 0x79, 0xA2, 0xB9, 0xD0, 0x36, 0x9C, 0xC6, 0xBE, 0xAE, 0x4F, 0xC6,
    0x57, 0xF4, 0xA9, 0x58, 0xBE, 0x9F, 0xF2, 0xAD, 0xC0, 0xC2, 0x11, 0xE2, 0xCB, 0x60, 0xFF, 0x5F,
    0x06, 0x01, 0xDE, 0x62, 0x0C, 0xCB, 0x60, 0xA2, 0x13, 0x24, 0x2B, 0xE0, 0xF4, 0x29, 0xE6, 0xFD,
    0x11, 0xBB, 0x93, 0x60, 0x2E, 0xFB, 0xEA, 0xFE, 0x5F, 0x04, 0x71, 0x7B, 0x78, 0xF1, 0xA0, 0x4E,
    0xEF, 0x00, 0x98, 0x3E, 0xF7, 0xE9, 0xF7, 0x7C, 0x4E, 0x11, 0xD2, 0x9C, 0xE4, 0xE1, 0x0E, 0x0C,
    0x3A, 0xA4, 0xD8, 0xEC, 0xBC, 0x9B, 0x47, 0xFC, 0x75, 0xBC, 0xAB, 0x9C, 0x66, 0xF0, 0xBF, 0x2D,
    0x92, 0x1C, 0x06, 0xFB, 0x74, 0x4E, 0xD1, 0x58, 0x52, 0x24, 0x9E, 0xFF, 0x09, 0x59, 0xE4, 0xD7,
    0x90, 0xBA, 0xCC, 0x51, 0x8B, 0x7D, 0x9E, 0xAF, 0x7B, 0x1D, 0xFF, 0x05, 0xBD, 0x5A, 0x3F, 0x8C,
    0xDC, 0x58, 0x19, 0xFF, 0x6C, 0x67, 0xD7, 0xCA, 0x5A, 0xE0, 0x2B, 0x36, 0x52, 0xF6, 0xA2, 0x5B,
    0x23, 0xB1, 0x45, 0x12, 0x25, 0x33, 0x4D, 0x90, 0x52, 0x78, 0xC6, 0x8F, 0xBB, 0x22, 0x1D, 0x4A,
    0xC1, 0xD2, 0x86, 0x22, 0x05, 0xA4, 0x20, 0x14, 0x14, 0x91, 0xF0, 0x66, 0x7C, 0xD7, 0x20, 0x44,
    0x41, 0x8A, 0x5C, 0x9F, 0x22, 0x05, 0xB7, 0x08, 0x05, 0xA4, 0x15, 0x1A, 0xA1, 0xC9, 0xCE, 0x4B,
    0x82, 0x44, 0x91, 0x22, 0xE6, 0x4E, 0x28, 0x1D, 0x31, 0x42, 0x88, 0x13, 0x8B, 0x82, 0x41, 0xEF,
    0x60, 0x72, 0x99, 0x59, 0xF3, 0xFB, 0xDE, 0xB3, 0x67, 0x27, 0xFB, 0x6F, 0x76, 0x36, 0xB3, 0x3B,
    0xF6, 0xF7, 0x66, 0xFC, 0xE7, 0x7D, 0xFE, 0xBD, 0xEF, 0x7D, 0x7F, 0x9F, 0x87, 0xA2, 0x82, 0x88,
    0xCE, 0xAF, 0xD2, 0x8E, 0x8F, 0x93, 0xA3, 0x71, 0x15, 0x1A, 0xBF, 0xC3, 0x4D, 0x88, 0xA6, 0x56,
    0x43, 0xD3, 0x08, 0xD0, 0xC4, 0xBE, 0x20, 0x6A, 0x7B, 0x09, 0x91, 0x72, 0x25, 0x59, 0xB9, 0x93,
    0x92, 0x9D, 0xD9, 0x19, 0x39, 0x45, 0x91, 0x93, 0x5B, 0x14, 0x8A, 0xFC, 0x84, 0x3A, 0xE4, 0x13,
    0x85, 0x54, 0x27, 0x6A, 0x62, 0xA3, 0x80, 0x62, 0xF0, 0x11, 0x5E, 0x21, 0x67, 0x57, 0x13, 0xF3,
    0x10, 0xEB, 0x13, 0xF2, 0x8B, 0x2C, 0xFA, 0x8E, 0x8A, 0x71, 0x33, 0x6E, 0xA5, 0x8E, 0xD5, 0xED,
    0xD7, 0x37, 0x3B, 0x0F, 0x29, 0x54, 0x14, 0x2B, 0xEA, 0xB4, 0xAD, 0x7E, 0xF4, 0xA0, 0x13, 0x0C,
    0x42, 0xC2, 0xF3, 0x2E, 0x7B, 0xE8, 0x72, 0xC1, 0x67, 0x34, 0x7D, 0xEE, 0x7C, 0xE7, 0x78, 0x00,
    0xCF, 0x59, 0xD2, 0xFB, 0x40, 0x3A, 0x85, 0xA0, 0xEF, 0x4D, 0x8E, 0xF9, 0x68, 0xA1, 0xA1, 0x77,
    0x9D, 0x1F, 0x10, 0x73, 0xD3, 0xE6, 0x66, 0x9D, 0x25, 0x1B, 0x49, 0xC6, 0x39, 0x11, 0x52, 0x45,
    0x78, 0xAC, 0x23, 0xC9, 0xE9, 0x91, 0x35, 0xD0, 0xA0, 0x1B, 0x25, 0x5F, 0xC6, 0x9E, 0x96, 0xD3,
    0x75, 0x95, 0xA8, 0x55, 0x08, 0xBB, 0xE8, 0x66, 0x5E, 0x66, 0xF5, 0x02, 0x41, 0x31, 0xB0, 0xD4,
    0xC0, 0x79, 0x81, 0xEF, 0xEC, 0x94, 0x20, 0xDA, 0xE5, 0xEF, 0xD8, 0x70, 0x59, 0x64, 0xD0, 0x3C,
    0x04, 0x57, 0xD9, 0xCA, 0x2A, 0x8A, 0x8C, 0xEA, 0x9B, 0xA5, 0x5C, 0x24, 0x61, 0xD8, 0x18, 0xD8,
    0x7B, 0xFA, 0xF0, 0x86, 0x70, 0x8B, 0x3C, 0xF8, 0xB8, 0x8F, 0x11, 0xC6, 0xB4, 0x00, 0x2E, 0x4A,
    0xEF, 0x6B, 0x9A, 0x63, 0x48, 0xB5, 0x3A, 0xAD, 0xF8, 0x1B, 0x3D, 0xBB, 0x48, 0xE9, 0x04, 0x41,
    0x44, 0x44, 0x5E, 0xDB, 0xC8, 0x71, 0x69, 0xF6, 0x68, 0xF0, 0xA1, 0xF3, 0xEB, 0xC4, 0xFE, 0x34,
    0xB5, 0xC5, 0xBD, 0x89, 0xF1, 0xB1, 0x76, 0xF2, 0xBC, 0x3B, 0xD9, 0x96, 0x8A, 0x4E, 0x1B, 0xDF,
    0x69, 0x4C, 0xB5, 0x46, 0x49, 0x93, 0xCB, 0x2F, 0x84, 0xD8, 0x83, 0x86, 0x51, 0xCB, 0xCA, 0x92,
    0xA6, 0x8C, 0xCF, 0x49, 0x32, 0xEB, 0xAF, 0x92, 0xBA, 0x82, 0x16, 0x26, 0xC6, 0xE7, 0x43, 0x37,
    0xDC, 0x67, 0xC2, 0x28, 0xE3, 0xF5, 0x2D, 0x11, 0x32, 0xFB, 0xA2, 0x18, 0xA0, 0x5F, 0x0B, 0x3A,
    0xEB, 0x49, 0xE8, 0x6D, 0xA6, 0x60, 0x34, 0xE0, 0xC3, 0xA4, 0xB6, 0x51, 0x6E, 0xAE, 0xF1, 0x3D,
    0x3E, 0xEE, 0xED, 0x8A, 0xA2, 0xE8, 0xA3, 0xFF, 0x96, 0xE7, 0xD0, 0xDE, 0x44, 0x37, 0x5F, 0x1D,
    0x36, 0x27, 0x89, 0xBE, 0x8F, 0x53, 0x6E, 0xF1, 0x0C, 0x22, 0xFA, 0xB8, 0x60, 0x09, 0x47, 0x3C,
    0xDA, 0x80, 0x81, 0xFA, 0x8C, 0xB9, 0x6A, 0xD6, 0xB8, 0xD1, 0xE7, 0x62, 0x36, 0xC4, 0x88, 0x5A,
    0xE8, 0xBE, 0xF1, 0x02, 0xDA, 0x59, 0xFC, 0x1C, 0x9C, 0xDE, 0xE1, 0x27, 0xB0, 0x91, 0xBA, 0xC5,
    0xA6, 0x60, 0x53, 0xCE, 0xC8, 0x95, 0x76, 0x1F, 0x0D, 0x58, 0xA2, 0x09, 0xB8, 0xF1, 0x85, 0xCB,
    0x66, 0x80, 0xC6, 0x95, 0xB8, 0xC3, 0x95, 0x5D, 0x6E, 0xF4, 0x61, 0x75, 0x41, 0xDF, 0x52, 0xE7,
    0x9B, 0x57, 0xF8, 0x6C, 0xAF, 0x64, 0x55, 0x6C, 0x8E, 0x8C, 0xC2, 0x87, 0xB3, 0xF0, 0x40, 0xFC,
    0x1B, 0xE8, 0x19, 0x3C, 0x63, 0x67, 0xE8, 0x8C, 0x9C, 0x41, 0xAA, 0x92, 0x18, 0x35, 0x1F, 0x33,
    0x66, 0x86, 0xCC, 0x88, 0x35, 0x60, 0xE0, 0x1D, 0xF5, 0xCE, 0x5A, 0xDC, 0x03, 0xEC, 0xAA, 0x9A,
    0x2A, 0xB3, 0xF7, 0xF8, 0x7C, 0x0F, 0xFB, 0xB6, 0xF3, 0xAA, 0xBA, 0xDF, 0x01, 0x3A, 0x7B, 0x75,
    0xC4, 0x3D, 0xDF, 0xE0, 0xD1, 0x67, 0x00, 0xD4, 0x87, 0xC2, 0x34, 0x34, 0x20, 0x06, 0x51, 0x14,
    0x85, 0xA6, 0xB5, 0x52, 0xA9, 0x42, 0x28, 0x4A, 0x04, 0xC8, 0xFE, 0xEB, 0x3E, 0x00, 0xC1, 0x70,
    0xA0, 0xA7, 0x9E, 0x25, 0xDD, 0x11, 0xEF, 0x7B, 0x78, 0x4C, 0x02, 0x1E, 0xF5, 0x51, 0x4A, 0x56,
    0x01, 0xE7, 0x78, 0xEE, 0xED, 0x71, 0xD1, 0x92, 0x36, 0x82, 0x98, 0xDE, 0x52, 0x56, 0x6C, 0xC4,
    0xDA, 0x84, 0x1B, 0x34, 0x15, 0x79, 0x95, 0x48, 0x4A, 0x23, 0xA1, 0x1D, 0xD4, 0xD3, 0xD7, 0x7B,
    0x9A, 0x76, 0xBB, 0xAE, 0x46, 0xFA, 0xEB, 0xA7, 0x58, 0xD0, 0x29, 0x1B, 0x01, 0xC0, 0xFE, 0x92,
    0xAF, 0xBC, 0x05, 0x3E, 0x3C, 0x79, 0x36, 0xD7, 0x4E, 0xDF, 0xD0, 0xE7, 0xE0, 0x39, 0xD0, 0x56,
    0xE2, 0xBD, 0x9F, 0x3A, 0x4F, 0x13, 0x82, 0x3A, 0xBF, 0xDD, 0x1C, 0xBB, 0x1F, 0x42, 0xEF, 0xE0,
    0x71, 0xA8, 0x4B, 0xD3, 0x99, 0x63, 0xED, 0xBC, 0xFD, 0x76, 0x15, 0xAE, 0x97, 0xE6, 0x46, 0x3D,
    0x39, 0xBB, 0x4A, 0x62, 0x5F, 0x49, 0x5E, 0x66, 0xF7, 0x08, 0xDE, 0x72, 0x85, 0x27, 0xB2, 0xC9,
    0x91, 0x76, 0xC1, 0x28, 0x46, 0x67, 0x18, 0x97, 0xDB, 0x84, 0x4C, 0xAB, 0xC3, 0x0D, 0x07, 0x6E,
    0x9E, 0xEC, 0xC0, 0x04, 0x73, 0x1D, 0xDB, 0xE1, 0x39, 0x11, 0x77, 0xD9, 0xA8, 0xE1, 0x3B, 0xAB,
    0xAC, 0x81, 0x95, 0xE2, 0xB5, 0x20, 0xE7, 0xB3, 0x94, 0x66, 0x4D, 0x00, 0x82, 0x65, 0xCF, 0xEC,
    0x6B, 0xD9, 0xFC, 0xBB, 0x83, 0x73, 0x0D, 0x5C, 0xAB, 0x8B, 0x2E, 0xAC, 0xF9, 0x05, 0x59, 0xEB,
    0xDA, 0xBD, 0xB1, 0x4F, 0xD5, 0x7D, 0x82, 0x7F, 0xC0, 0x01, 0xB1, 0xA3, 0x38, 0x85, 0xD3, 0x97,
    0x38, 0xA5, 0x0A, 0x17, 0x77, 0xA6, 0x54, 0xC7, 0x30, 0x40, 0x07, 0x83, 0xDA, 0x61, 0x91, 0xD3,
    0x1E, 0xA0, 0x95, 0x54, 0xF9, 0xD7, 0x68, 0x20, 0x3E, 0xA6, 0x19, 0xAC, 0x4C, 0xBB, 0x39, 0xF2,
    0xDC, 0xA9, 0x0F, 0xF0, 0x18, 0xC6, 0x61, 0x84, 0x28, 0xAB, 0xC6, 0xE5, 0xF3, 0xDE, 0x1B, 0xD2,
    0x9C, 0x2B, 0x43, 0xE9, 0x45, 0xCE, 0xD0, 0x4B, 0x3A, 0x8A, 0xD1, 0x72, 0xCA, 0x1B, 0xA5, 0x3A,
    0xB6, 0x5B, 0x77, 0x96, 0x86, 0x8F, 0xDF, 0x25, 0xF2, 0x0F, 0xE9, 0xD5, 0xF2, 0xB2, 0x82, 0xA1,
    0xAB, 0xCD, 0xD5, 0x55, 0xB5, 0xDF, 0x7D, 0x4C, 0x2E, 0x58, 0x07, 0x78, 0x54, 0x08, 0xC1, 0x7D,
    0x77, 0x61, 0xA4, 0xB6, 0x90, 0xDB, 0xE8, 0xD1, 0x7D, 0x72, 0x9E, 0x15, 0xC2, 0x19, 0x5C, 0x93,
    0x0E, 0x12, 0x76, 0x27, 0xB5, 0x33, 0x47, 0x5A, 0x63, 0x49, 0x33, 0x43, 0x1A, 0x51, 0x1B, 0x69,
    0x6E, 0x2E, 0x2F, 0xB7, 0x90, 0x96, 0x14, 0x85, 0xBC, 0xB9, 0xBA, 0xDA, 0x4D, 0xCC, 0x85, 0xE5,
    0xE5, 0x1F, 0x50, 0x50, 0x20, 0xC0, 0x07, 0xAB, 0xAB, 0xEB, 0xDB, 0x7B, 0xEC, 0xD9, 0x54, 0x09,
    0x0D, 0xDC, 0x1A, 0x71, 0x72, 0xA0, 0x05, 0x39, 0x7B, 0x87, 0xFC, 0x68, 0x40, 0xFE, 0x17, 0x08,
    0xF4, 0xD2, 0x17, 0x28, 0xC0, 0x12, 0xA4, 0x07, 0x63, 0x69, 0x66, 0x26, 0xFA, 0xF3, 0x37, 0xFA,
    0xE5, 0xF0, 0xD3, 0xF1, 0xDB, 0x89, 0x13, 0xD1, 0xAF, 0x7E, 0xA3, 0xEF, 0xB7, 0x84, 0x23, 0xF7,
    0xDA, 0xA2, 0xCD, 0xF3, 0x9F, 0x1C, 0x9C, 0x67, 0x6B, 0x70, 0xE3, 0x17, 0xE3, 0x38, 0x5E, 0x9A,
    0x0B, 0xDF, 0x0B, 0xFA, 0xF6, 0x9D, 0x83, 0xF2, 0xFC, 0xE1, 0x57, 0x6E, 0x5D, 0xA8, 0xF7, 0x20,
    0x94, 0x7D, 0xB9, 0xB2, 0xA6, 0x8D, 0xDF, 0x6A, 0x50, 0xE8, 0x35, 0x5A, 0x17, 0x5C, 0x6F, 0xD9,
    0x89, 0x9B, 0xBA, 0x72, 0x1C, 0x5A, 0x5F, 0x34, 0x60, 0x94, 0xCD, 0xA4, 0x9E, 0x5A, 0x74, 0xBA,
    0xA9, 0xC3, 0xFE, 0x8E, 0xCF, 0x7C, 0x38, 0xFA, 0xA9, 0xF4, 0xDB, 0x17, 0x87, 0x6D, 0x82, 0x61,
    0xC3, 0x98, 0x95, 0x2F, 0x23, 0x52, 0x8E, 0xCE, 0x0E, 0xBA, 0xB9, 0x99, 0x8B, 0xB3, 0xB6, 0x58,
    0xF1, 0x64, 0x6C, 0xE0, 0x13, 0xCD, 0x5B, 0x22, 0x74, 0xE5, 0x41, 0x76, 0x32, 0x3B, 0x8A, 0xB8,
    0x96, 0xA0, 0x87, 0xA6, 0x37, 0xBC, 0x8A, 0x05, 0xFD, 0x73, 0xFF, 0x20, 0x69, 0x76, 0xB4, 0x44,
    0x8F, 0x27, 0x22, 0x14, 0xA8, 0x88, 0xF7, 0x5C, 0xB8, 0x76, 0xE8, 0xB6, 0xA5, 0xA8, 0xAE, 0x13,
    0x5E, 0x93, 0x98, 0xBA, 0x69, 0x90, 0x87, 0x21, 0xDB, 0xE7, 0x7E, 0xA2, 0xE6, 0xCD, 0x93, 0x2D,
    0xB1, 0x32, 0xF4, 0x11, 0x5E, 0x0A, 0x3E, 0x10, 0xCA, 0x43, 0x52, 0x16, 0x92, 0x1F, 0x37, 0x23,
    0x15, 0x24, 0xA4, 0x6E, 0xE3, 0x1A, 0x14, 0xF7, 0x7F, 0xA0, 0x02, 0x89, 0x43, 0x01, 0x3F, 0xD8,
    0x87, 0x23, 0x50, 0x76, 0x8E, 0x3E, 0x7D, 0x50, 0x03, 0x54, 0x27, 0x53, 0x41, 0x94, 0x51, 0x64,
    0x41, 0x67, 0x0C, 0x86, 0x6E, 0x81, 0x7E, 0xBD, 0x35, 0xCE, 0x70, 0x07, 0x9D, 0x02, 0xF5, 0x29,
    0x44, 0x14, 0x0A, 0x7D, 0x49, 0x21, 0x6A, 0x89, 0x10, 0xCF, 0x8A, 0x30, 0x3B, 0x11, 0xBE, 0x9B,
    0x7C, 0x8C, 0x67, 0x86, 0x78, 0x66, 0x68, 0x2B, 0xDC, 0xDB, 0x01, 0x45, 0xE5, 0xCC, 0x94, 0xFC,
    0xD7, 0xCA, 0x42, 0xBC, 0x8C, 0x61, 0xF3, 0x34, 0x0F, 0x96, 0xA1, 0x9D, 0xF3, 0x34, 0x04, 0x22,
    0x6C, 0x50, 0xB3, 0x47, 0x11, 0xF8, 0xA3, 0x6B, 0x93, 0xB9, 0x85, 0x4E, 0x1A, 0x5A, 0x0A, 0xAC,
    0x7C, 0xED, 0x17, 0x80, 0xE3, 0x47, 0xA3, 0xBE, 0x72, 0x92, 0x1D, 0x15, 0x13, 0x76, 0x38, 0x05,
    0xB1, 0xA8, 0xE1, 0x30, 0xB7, 0xF1, 0xDB, 0xA1, 0x1F, 0x44, 0xA6, 0xDE, 0xCB, 0x79, 0x87, 0xC3,
    0xB4, 0x65, 0x55, 0xE1, 0x8C, 0xDF, 0x38, 0x0C, 0x2D, 0x22, 0x04, 0x85, 0x74, 0xB9, 0x1C, 0x6B,
    0x8D, 0xD4, 0x45, 0xBD, 0x5F, 0x20, 0x75, 0x7A, 0x32, 0x10, 0x61, 0x78, 0x19, 0xDB, 0xA5, 0xF0,
    0x6B, 0x93, 0x8F, 0xF2, 0x24, 0x29, 0x98, 0x58, 0x7D, 0xFF, 0x07, 0x6C, 0x63, 0xD5, 0x08, 0x5B,
    0xA0, 0x9D, 0xEC, 0x77, 0x86, 0x1E, 0x79, 0x95, 0x9C, 0xC7, 0xA8, 0x65, 0xFE, 0x95, 0x92, 0xC3,
    0x3E, 0x1E, 0x2A, 0xD1, 0xC2, 0xF9, 0x1F, 0xCB, 0xDD, 0xEE, 0x25, 0x5E, 0x45, 0xCA, 0x1C, 0x1D,
    0xCF, 0x87, 0x66, 0xF1, 0x7B, 0xE7, 0x9F, 0x4E, 0x2F, 0x48, 0x23, 0xF9, 0xF5, 0x5D, 0xFC, 0x5E,
    0x6E, 0x96, 0x56, 0xF8, 0xA7, 0x2B, 0x86, 0x4A, 0x0D, 0xC0, 0xAA, 0x60, 0x82, 0xBD, 0xBC, 0x96,
    0xA4, 0xFE, 0x0B, 0xDB, 0x40, 0xC4, 0x54, 0xAA, 0x03, 0x6A, 0x82, 0x02, 0xA1, 0x14, 0xAA, 0x71,
    0x85, 0x4A, 0x5B, 0xA1, 0xE2, 0x56, 0xD4, 0x01, 0x35, 0x40, 0x01, 0xC8, 0x07, 0x39, 0x20, 0x68,
    0xF7, 0x9B, 0x4B, 0x3E, 0xF3, 0xEF, 0x8A, 0xB0, 0x50, 0xD1, 0x9F, 0xFA, 0x11, 0xFC, 0x20, 0x2F,
    0x34, 0x2C, 0xEE, 0xB5, 0x4F, 0x15, 0xC4, 0x68, 0xC6, 0xB2, 0x38, 0x92, 0xB5, 0x4C, 0x8C, 0xE8,
    0xAC, 0x36, 0xAD, 0x5B, 0xDA, 0x3E, 0xB5, 0x2F, 0xB5, 0x32, 0xA8, 0x5E, 0x1B, 0x3F, 0xEB, 0xC8,
    0x24, 0x66, 0xA7, 0x2F, 0x3F, 0x54, 0x38, 0x5C, 0xE0, 0x74, 0xCB, 0x84, 0xF9, 0xD8, 0xE5, 0x87,
    0xD2, 0xCB, 0xEE, 0x8D, 0x2C, 0x03, 0xE1, 0xB7, 0xAF, 0x8C, 0x12, 0x4E, 0x86, 0xC6, 0xEC, 0x35,
    0x72, 0x06, 0xBC, 0xE4, 0xC8, 0x6B, 0x96, 0xBB, 0x2C, 0x44, 0xEF, 0x93, 0xDB, 0xD6, 0x59, 0xF0,
    0xBE, 0x59, 0x05, 0x45, 0x6E, 0xEB, 0x25, 0xED, 0x61, 0xA3, 0x0F, 0xF5, 0x85, 0xFD, 0x72, 0xDB,
    0x2A, 0xB3, 0xD3, 0x4B, 0x15, 0xF7, 0xB6, 0x95, 0xDE, 0xB9, 0x2E, 0x17, 0x79, 0xA5, 0x35, 0x36,
    0x59, 0x2A, 0xAF, 0x35, 0x31, 0x25, 0x28, 0x1D, 0x05, 0x1F, 0x87, 0x9A, 0xF3, 0x0A, 0xF9, 0x1B,
    0x3D, 0xE2, 0x15, 0x2B, 0x5D, 0x2E, 0xEE, 0xB9, 0x40, 0x7D, 0x1C, 0x03, 0xD1, 0xD5, 0x54, 0xB6,
    0xCB, 0xFA, 0xC6, 0x21, 0x07, 0xE3, 0x5F, 0x41, 0xB4, 0x0D, 0x74, 0x52, 0xCF, 0xF6, 0x71, 0xF9,
    0xF2, 0x31, 0x0E, 0x86, 0xF2, 0x36, 0xD9, 0x7F, 0xC9, 0xC9, 0x79, 0x22, 0xC9, 0xB9, 0x22, 0xDE,
    0x7E, 0x30, 0xE6, 0x53, 0xE7, 0x3A, 0xC0, 0xE2, 0x5C, 0x1B, 0xC1, 0x9F, 0x23, 0xB9, 0x9F, 0x70,
    0x5B, 0xD3, 0x51, 0x3D, 0xD4, 0x6D, 0xAC, 0xDB, 0x76, 0xD5, 0x16, 0x45, 0xAE, 0xDB, 0x2C, 0x1E,
    0xB9, 0xDA, 0xD0, 0x6D, 0x9D, 0xB6, 0x38, 0xB8, 0x8A, 0x5B, 0xCD, 0xB9, 0x47, 0x67, 0x74, 0x7B,
    0x43, 0xCC, 0xDE, 0x67, 0xBC, 0xD0, 0x6B, 0x20, 0x46, 0x9D, 0x80, 0x5A, 0x26, 0xB3, 0xC1, 0x07,
    0x29, 0x00, 0x78, 0xA2, 0x85, 0x3D, 0x79, 0x40, 0x62, 0xDA, 0x35, 0x16, 0x06, 0xE9, 0xF3, 0x40,
    0x12, 0xA4, 0x74, 0xA7, 0x4E, 0x2D, 0xA4, 0x20, 0x18, 0x45, 0xF7, 0x41, 0x8A, 0x71, 0x04, 0x9B,
    0x7A, 0x24, 0x90, 0xBD, 0x9B, 0x6C, 0x79, 0xAE, 0xB3, 0xBB, 0xAD, 0x8C, 0x46, 0x9C, 0xAB, 0x68,
    0x99, 0x18, 0xF2, 0x41, 0x30, 0x6D, 0x78, 0x0D, 0xB3, 0xFA, 0x89, 0xBC, 0x07, 0x70, 0x15, 0xB2,
    0x2A, 0x93, 0xDF, 0xAC, 0x8C, 0xF6, 0x91, 0x9C, 0x7C, 0x59, 0x19, 0xC7, 0xDD, 0xF9, 0x73, 0x8D,
    0xCD, 0xE8, 0x6F, 0xCD, 0xBD, 0x22, 0xDF, 0xF4, 0x9E, 0x58, 0x65, 0x3A, 0xE1, 0xB6, 0x6C, 0x07,
    0x9F, 0x99, 0x39, 0xE1, 0xB7, 0x12, 0xFF, 0x95, 0xF0, 0x75, 0xD4, 0xD8, 0x67, 0x37, 0x3E, 0x7D,
    0x51, 0x7B, 0x73, 0x30, 0x32, 0xEA, 0xEA, 0xBD, 0x8F, 0x28, 0xF9, 0x3C, 0x31, 0x0B, 0x57, 0x47,
    0x20, 0xAC, 0x5B, 0x8B, 0x17, 0x63, 0x3F, 0xB7, 0x93, 0x31, 0xC2, 0xB2, 0xAA, 0x88, 0x9A, 0x98,
    0xC0, 0xC3, 0x9F, 0x53, 0x42, 0xAF, 0x89, 0xF9, 0x5F, 0x16, 0x50, 0x25, 0x3F, 0x69, 0x20, 0x91,
    0x0E, 0x51, 0x45, 0xB0, 0x0C, 0x22, 0x68, 0xBC, 0xDF, 0x23, 0xB3, 0x0E, 0x75, 0x86, 0x8D, 0xE2,
    0x26, 0x77, 0x4E, 0x79, 0x11, 0x03, 0x86, 0xC1, 0xCA, 0x98, 0x46, 0x22, 0x90, 0x3E, 0x0A, 0x3D,
    0xBD, 0xAE, 0x36, 0xC3, 0x43, 0x15, 0x5C, 0x04, 0xA2, 0xFB, 0xA5, 0xE1, 0x5B, 0x2A, 0x19, 0x5D,
    0xC9, 0x31, 0x9B, 0xB1, 0x5E, 0x81, 0xA8, 0xBF, 0xA2, 0x59, 0x98, 0xC3, 0x19, 0x5E, 0x48, 0xBB,
    0x4E, 0x6D, 0x9C, 0x8F, 0x7E, 0x99, 0x7B, 0x88, 0x05, 0xEF, 0x10, 0xDB, 0xAF, 0x4E, 0x22, 0x72,
    0xE4, 0x5C, 0xC9, 0xF5, 0xA3, 0xC1, 0x87, 0x0B, 0x2F, 0xC9, 0xFB, 0x59, 0x32, 0xA7, 0x57, 0x13,
    0x26, 0xC3, 0x37, 0x4D, 0x2C, 0x7A, 0x89, 0x5F, 0x9A, 0x75, 0x4D, 0xD6, 0xB2, 0x20, 0xA5, 0x09,
    0x05, 0x86, 0x54, 0xFA, 0xB6, 0xCE, 0x8E, 0xB0, 0x6B, 0x8F, 0x65, 0xA7, 0xD0, 0xD8, 0x2F, 0x32,
    0xF3, 0xE2, 0xED, 0x88, 0xE6, 0xD7, 0x77, 0xA4, 0xFB, 0x4C, 0x58, 0x9B, 0xE5, 0xDB, 0x90, 0xC9,
    0xE4, 0xA7, 0x35, 0xBE, 0xC8, 0x0B, 0x56, 0x67, 0xBF, 0x7A, 0xEB, 0x71, 0x48, 0xD2, 0x89, 0x53,
    0xBA, 0x43, 0x7E, 0x50, 0x3F, 0x24, 0x76, 0xD8, 0xAF, 0xDD, 0x25, 0x18, 0x16, 0x5A, 0x73, 0xB8,
    0xEB, 0xEE, 0x0E, 0xF4, 0x8B, 0x1D, 0x54, 0x4D, 0x0F, 0x35, 0x53, 0xC4, 0xCD, 0xC1, 0x96, 0x20,
    0xF3, 0x37, 0x05, 0x39, 0x4D, 0xF0, 0xB4, 0xE5, 0x30, 0xBC, 0x6F, 0x91, 0xF7, 0xD3, 0x09, 0x01,
    0x1F, 0x0C, 0x0D, 0x4F, 0x1B, 0xD3, 0x38, 0x34, 0x9E, 0xF0, 0x12, 0x2F, 0xB9, 0x76, 0xB7, 0x18,
    0x5C, 0xBB, 0xCB, 0xBF, 0x8A, 0xC1, 0x83, 0xCF, 0xF9, 0xDB, 0x6C, 0xEE, 0x40, 0x3F, 0x71, 0x7E,
    0x1E, 0x0F, 0xBC, 0x45, 0xD6, 0xF3, 0xFC, 0x8D, 0xD4, 0x68, 0xDC, 0x4A, 0xD6, 0x6E, 0xEF, 0xC2,
    0xDA, 0x98, 0xB3, 0x15, 0xA8, 0x58, 0x94, 0x68, 0xD5, 0x12, 0x56, 0x65, 0x9A, 0x57, 0xAF, 0x3A,
    0x83, 0xCC, 0xB9, 0x56, 0x95, 0xFF, 0x34, 0xB3, 0x77, 0xEA, 0x56, 0x43, 0xA9, 0x59, 0xA7, 0x75,
    0xBF, 0x78, 0xE9, 0x6C, 0xEA, 0xA4, 0x92, 0x79, 0xAC, 0xDE, 0x3F, 0x32, 0x6C, 0xC8, 0xCF, 0x86,
    0x6F, 0x92, 0x26, 0x03, 0x96, 0x22, 0x02, 0xE4, 0x30, 0xD5, 0x16, 0x6C, 0x6C, 0x4E, 0x1C, 0x0D,
    0x38, 0x71, 0x0F, 0x29, 0x17, 0x67, 0x5C, 0xE7, 0x26, 0xC7, 0x17, 0xC0, 0x0D, 0xDE, 0xCE, 0x0D,
    0x46, 0xA6, 0xDF, 0x71, 0xD5, 0x20, 0xA7, 0x3F, 0xB9, 0xAC, 0x3F, 0x89, 0xFD, 0xA9, 0x74, 0x1E,
    0xA5, 0xF6, 0xE3, 0x14, 0xBF, 0x01, 0x76, 0x32, 0xA4, 0x21, 0x22, 0x2A, 0xFC, 0x89, 0x8E, 0x0E,
    0x7F, 0x4C, 0x8F, 0x46, 0x05, 0xF3, 0x35, 0xE4, 0x7B, 0x48, 0xF7, 0x5C, 0x9D, 0xED, 0x4D, 0x86,
    0xEF, 0x70, 0x58, 0x54, 0x89, 0x25, 0x07, 0x96, 0xD4, 0x60, 0x41, 0xD2, 0xEE, 0xA5, 0x7A, 0x81,
    0x56, 0xBF, 0x8D, 0x8B, 0xA0, 0x77, 0x7E, 0x5E, 0xA9, 0x1E, 0x71, 0xDD, 0xB2, 0x3F, 0xD5, 0xD0,
    0xAD, 0x09, 0x6F, 0xBF, 0x0E, 0xF3, 0x7F, 0x49, 0x06, 0x5D, 0xF9, 0x17, 0x0A, 0xCE, 0x00, 0xAC,
    0xEA, 0x0D, 0x9A, 0x7E, 0xB5, 0xA4, 0x05, 0xE9, 0xAF, 0xE9, 0xBF, 0x5A, 0xE8, 0x77, 0x7F, 0xD7,
    0x4F, 0xBE, 0xF9, 0x0F, 0x9C, 0x98, 0xDC, 0x8C, 0x07, 0xEB, 0xE5, 0xD4, 0xA8, 0x31, 0x90, 0x30,
    0xE0, 0xFB, 0x63, 0x9F, 0x82, 0x98, 0xDA, 0xBE, 0x40, 0x81, 0xA5, 0xBC, 0x04, 0x7D, 0x73, 0x44,
    0x96, 0x9A, 0x95, 0x3B, 0x32, 0x0E, 0xEC, 0xCC, 0x49, 0xD7, 0x10, 0x2A, 0xEC, 0x2C, 0xF7, 0x3F,
    0x90, 0x56, 0x9E, 0x7B, 0x3F, 0x49, 0xE8, 0xDF, 0x99, 0xFB, 0x54, 0xD0, 0x6F, 0x53, 0xE7, 0x19,
    0x2F, 0x13, 0xD8, 0x2F, 0xD8, 0xBD, 0x72, 0x20, 0x89, 0x12, 0xF6, 0xBA, 0x75, 0xC1, 0x85, 0x21,
    0xE9, 0x65, 0x32, 0x24, 0xF5, 0x3A, 0xE7, 0x46, 0xE9, 0x3A, 0xB4, 0x39, 0x6C, 0x0D, 0x5C, 0x0D,
    0x6B, 0x18, 0x56, 0x3B, 0x00, 0x7E, 0xE5, 0xD3, 0x86, 0xC8, 0xBD, 0x6F, 0x3E, 0xFF, 0x30, 0x77,
    0x3F, 0x7A, 0xF2, 0x38, 0x73, 0x9E, 0x3C, 0x79, 0x22, 0x9D, 0xE7, 0x1F, 0x7D, 0x26, 0xED, 0x0D,
    0xF1, 0xF7, 0x84, 0x36, 0xF8, 0xAD, 0x55, 0xC1, 0x35, 0xEA, 0x43, 0x8E, 0x93, 0x31, 0xCB, 0x72,
    0xEB, 0x45, 0x9A, 0x2E, 0x26, 0x96, 0xE6, 0x46, 0x07, 0xDA, 0xE4, 0x37, 0xE7, 0x01, 0xDF, 0x89,
    0xB8, 0xDC, 0x83, 0x64, 0xEC, 0x9C, 0xEC, 0x9C, 0xC3, 0x61, 0x8F, 0x93, 0xE2, 0x15, 0xFE, 0x8B,
    0x4B, 0xBD, 0x51, 0x55, 0x55, 0xEE, 0xF0, 0x65, 0xCE, 0x01, 0x1A, 0x9E, 0xCA, 0x6D, 0x89, 0xCD,
    0x3C, 0x59, 0x28, 0x41, 0x3C, 0x09, 0x91, 0x8A, 0x80, 0x78, 0x5D, 0xB4, 0x86, 0x23, 0xE4, 0xF4,
    0x32, 0xD6, 0xF1, 0x07, 0x42, 0x23, 0x88, 0x0C, 0x06, 0x99, 0x9A, 0x38, 0x14, 0x25, 0x86, 0x4F,
    0xB0, 0xF5, 0xA7, 0x18, 0x5D, 0xF3, 0x56, 0x96, 0xA0, 0x07, 0xD3, 0xE1, 0x14, 0x2A, 0x0E, 0x76,
    0xFC, 0x8D, 0xEA, 0x08, 0xC7, 0x56, 0x2D, 0xD3, 0x20, 0xF2, 0x8E, 0xC6, 0xCA, 0x6E, 0x51, 0x48,
    0x26, 0xD2, 0x15, 0x45, 0xBD, 0x54, 0x41, 0x65, 0x3A, 0xB9, 0xD2, 0xBC, 0x43, 0x69, 0x9A, 0x57,
    0x42, 0x56, 0x79, 0x9A, 0x73, 0xF0, 0x6A, 0x78, 0xE8, 0x9B, 0x32, 0x95, 0x09, 0x65, 0xA3, 0x4C,
    0xA5, 0x4F, 0x2D, 0x7F, 0xBB, 0x55, 0xF4, 0xCF, 0xAF, 0xA2, 0xA8, 0xCA, 0xF5, 0x7F, 0x17, 0x04,
    0x33, 0xA9, 0x8E, 0x7C, 0x7D, 0x84, 0x1B, 0xBA, 0x30, 0x22, 0xD6, 0x63, 0x68, 0x15, 0x6D, 0x93,
    0xC6, 0xD4, 0x80, 0x2D, 0xE9, 0xA5, 0x8C, 0x4E, 0x95, 0x67, 0x1D, 0x18, 0x98, 0xCE, 0x2E, 0xFE,
    0x93, 0x99, 0x19, 0x7D, 0x77, 0xFA, 0xC0, 0x38, 0x45, 0x7B, 0xBA, 0x95, 0xA2, 0x1D, 0x1C, 0xD8,
    0xAC, 0x0A, 0xF2, 0xE6, 0xD8, 0x25, 0xD5, 0xFF, 0x03, 0xC5, 0x59, 0x3D, 0x70, 0xDC, 0xC6, 0x15,
    0x7E, 0x00, 0x44, 0xC2, 0x16, 0x66, 0xBC, 0x2A, 0xA8, 0x19, 0x4B, 0x96, 0x89, 0x14, 0x2A, 0x6C,
    0x8D, 0x78, 0xD7, 0xAA, 0x38, 0x10, 0x88, 0x5C, 0xA8, 0x48, 0x11, 0x16, 0x39, 0xB7, 0x72, 0xE1,
    0x22, 0x4E, 0x11, 0x37, 0x29, 0x58, 0x1C, 0x45, 0x24, 0x2A, 0x54, 0x86, 0x85, 0xDD, 0xAB, 0x48,
    0x63, 0xBA, 0x90, 0x0B, 0x16, 0x4C, 0xE6, 0x4E, 0x07, 0xCB, 0x65, 0x0A, 0x5D, 0x32, 0xA3, 0x2A,
    0x85, 0x30, 0xE3, 0x78, 0xC6, 0x13, 0xCD, 0x24, 0x98, 0x04, 0x93, 0x9C, 0xE4, 0xBB, 0xDB, 0x7C,
    0xDF, 0x2E, 0x70, 0x3C, 0x4A, 0xA2, 0x44, 0x52, 0xE2, 0xF9, 0x0E, 0xFB, 0xF6, 0x7E, 0x80, 0xC5,
    0x7B, 0x6F, 0xDF, 0xCF, 0xF7, 0x1E, 0x44, 0x44, 0xBC, 0xAC, 0xD0, 0x3A, 0x17, 0xE7, 0x3F, 0x03,
    0xAD, 0xC7, 0x22, 0x9B, 0x49, 0x89, 0x21, 0xE7, 0xA4, 0x94, 0x20, 0xC3, 0xDF, 0xA5, 0x78, 0xF9,
    0x42, 0xBB, 0x5D, 0x8A, 0x53, 0x34, 0xF5, 0xA4, 0x14, 0x29, 0xCE, 0x6F, 0xF7, 0x4A, 0xFE, 0x2E,
    0x43, 0x33, 0xB9, 0x85, 0x99, 0xFC, 0xCC, 0x4C, 0x2A, 0xE1, 0x29, 0xB2, 0x2A, 0xBC, 0x40, 0xBA,
    0xE6, 0x72, 0x7C, 0xC0, 0x1F, 0x99, 0x3F, 0xC0, 0xD4, 0x4F, 0x54, 0x2A, 0x5A, 0x8F, 0xA4, 0xA9,
    0xF1, 0xDA, 0xE2, 0x84, 0x9B, 0xC8, 0xE5, 0x00, 0x44, 0x89, 0x5A, 0x31, 0x93, 0x3F, 0x34, 0x93,
    0xB3, 0x65, 0x26, 0xBE, 0x3E, 0x51, 0xD2, 0x6E, 0xAF, 0xF9, 0xFA, 0xBE, 0xA3, 0x75, 0x11, 0x7E,
    0xAE, 0x65, 0xFB, 0xCB, 0x7C, 0x55, 0x62, 0x01, 0x8F, 0x1D, 0x09, 0x05, 0xC7, 0x2E, 0xCF, 0x8C,
    0x78, 0x23, 0x30, 0x66, 0x26, 0xB7, 0x90, 0x1D, 0x4C, 0x90, 0x82, 0xFF, 0x85, 0x89, 0x74, 0xA4,
    0x09, 0xC6, 0x70, 0xD5, 0x26, 0xCE, 0x10, 0xF5, 0xE8, 0x21, 0x17, 0x73, 0xF5, 0xEF, 0x5D, 0x4C,
    0x72, 0x46, 0xF6, 0x5E, 0x25, 0x49, 0xF8, 0x5A, 0x68, 0x34, 0x43, 0x1B, 0xD2, 0x00, 0x0D, 0x93,
    0x0D, 0xC8, 0x1F, 0xE8, 0x21, 0xA8, 0x03, 0xC5, 0xD7, 0xAF, 0xD3, 0xBC, 0x6D, 0x93, 0xEA, 0x0B,
    0x2D, 0x03, 0x35, 0x59, 0x20, 0x51, 0xC7, 0x20, 0xB8, 0x41, 0x45, 0x6A, 0x3D, 0x1A, 0xD2, 0xC4,
    0x70, 0xC6, 0x24, 0x65, 0x75, 0x6B, 0x37, 0x69, 0x05, 0x59, 0xCB, 0xCF, 0x5A, 0x22, 0x3C, 0x9C,
    0x84, 0x9F, 0x0F, 0x71, 0x88, 0x3D, 0x82, 0x94, 0x16, 0xD3, 0x9B, 0x51, 0xA0, 0x8C, 0x0C, 0xE7,
    0x41, 0xAA, 0xEB, 0x39, 0xB5, 0xF3, 0x0F, 0x99, 0x9D, 0xFF, 0x5B, 0xD8, 0xB9, 0x2C, 0xAB, 0xB9,
    0x5B, 0xCD, 0xAB, 0xD5, 0x1C, 0x26, 0x76, 0x0E, 0x32, 0x3B, 0x7B, 0xB9, 0x9D, 0x9D, 0xC2, 0xCE,
    0xD2, 0x2D, 0x43, 0x33, 0x47, 0x25, 0xCC, 0x06, 0x73, 0x58, 0xAA, 0x84, 0xC6, 0xA7, 0x70, 0x49,
    0x93, 0x66, 0x57, 0x7A, 0x30, 0x67, 0x98, 0x27, 0x6C, 0xAE, 0x9C, 0x65, 0x4D, 0x16, 0x13, 0x72,
    0xA7, 0x32, 0xF2, 0x16, 0x64, 0x96, 0x33, 0xCB, 0x17, 0xB9, 0x5A, 0x48, 0xC8, 0x93, 0xE5, 0xC8,
    0xF2, 0x63, 0xB9, 0xB1, 0xBC, 0x58, 0x4E, 0x2C, 0x1F, 0x96, 0x0B, 0xCB, 0x43, 0x60, 0x38, 0x20,
    0x55, 0x86, 0x7A, 0x86, 0xBA, 0xA0, 0xBC, 0xE3, 0x2C, 0x55, 0x09, 0x69, 0xBF, 0xD6, 0x52, 0xFD,
    0x32, 0xB6, 0xEE, 0x15, 0x24, 0x7B, 0x26, 0x21, 0x4B, 0xE7, 0x13, 0x67, 0xAD, 0xA5, 0x4B, 0x37,
    0x8F, 0x1F, 0x8C, 0x40, 0x24, 0x72, 0xF3, 0x48, 0x1A, 0x6E, 0xDE, 0x92, 0xE5, 0xC3, 0x13, 0xEE,
    0xF0, 0x94, 0x78, 0x03, 0x90, 0x98, 0x9E, 0x1D, 0x57, 0x37, 0x69, 0xD1, 0x2A, 0xC2, 0x08, 0xC4,
    0x2F, 0x6B, 0x4E, 0xF6, 0x5E, 0x86, 0x27, 0xF3, 0x87, 0xEA, 0x92, 0xC0, 0x40, 0xA4, 0xD1, 0x00,
    0x89, 0xE0, 0x76, 0xD2, 0xA1, 0x38, 0xBB, 0x94, 0xAC, 0x84, 0x21, 0x38, 0x05, 0x56, 0x77, 0x73,
    0xDC, 0xC7, 0xA3, 0x4B, 0xF9, 0x5A, 0x43, 0x1F, 0x29, 0xA2, 0x80, 0xA2, 0x61, 0xC1, 0xEE, 0x56,
    0xE9, 0x7F, 0x21, 0x1C, 0x11, 0x6A, 0x08, 0xAE, 0x0E, 0xBC, 0x3F, 0xA7, 0x32, 0x11, 0xF9, 0xD8,
    0x28, 0xE0, 0x0B, 0x51, 0x3A, 0x8F, 0x3F, 0x2C, 0x3B, 0x38, 0x9F, 0x66, 0xD8, 0x75, 0xFA, 0xA3,
    0xE6, 0xA4, 0xDB, 0x93, 0x56, 0x29, 0x1D, 0x68, 0x7A, 0xD7, 0x19, 0xC5, 0x77, 0xBA, 0xE1, 0xB8,
    0x25, 0x89, 0xAC, 0x2F, 0x4B, 0xA3, 0x25, 0x41, 0x21, 0x6E, 0xCD, 0x2C, 0x6E, 0x7C, 0x8C, 0x63,
    0x67, 0x25, 0x5A, 0x57, 0x85, 0x0B, 0xF6, 0x9D, 0xC4, 0xCB, 0x0E, 0x7A, 0x1F, 0xAC, 0x21, 0x67,
    0x0D, 0x64, 0x53, 0x27, 0xE2, 0xEA, 0x7E, 0x2E, 0x41, 0xEE, 0x0E, 0x19, 0x67, 0x36, 0x28, 0x65,
    0x93, 0x32, 0x28, 0x2B, 0x6A, 0x97, 0x9B, 0xBF, 0x3B, 0x25, 0xE6, 0xAB, 0xF9, 0x23, 0xA2, 0x36,
    0x8C, 0x5E, 0x8C, 0x9A, 0xFC, 0x12, 0x0B, 0x38, 0x8C, 0xC6, 0xD2, 0x9C, 0xD4, 0x82, 0xA5, 0x88,
    0xCD, 0xDF, 0x62, 0xBF, 0xFA, 0xD0, 0xF4, 0xB9, 0xEA, 0xC7, 0x5F, 0x25, 0x50, 0x6E, 0x21, 0xE1,
    0xE7, 0x23, 0xA3, 0xD2, 0x0E, 0x6E, 0xB4, 0x6B, 0x42, 0x6F, 0xC0, 0x91, 0x22, 0xEC, 0x25, 0xFC,
    0xDE, 0x32, 0xAB, 0x6F, 0x20, 0xD4, 0x0D, 0xC1, 0x21, 0x36, 0xFE, 0x14, 0x58, 0xCE, 0xD7, 0xB1,
    0x63, 0xD8, 0xD4, 0x26, 0xD6, 0x3C, 0x9D, 0xCC, 0xC6, 0xBC, 0xF2, 0x88, 0xA3, 0xD8, 0xC5, 0x8E,
    0x6F, 0xC0, 0x60, 0xE3, 0x34, 0xCC, 0x94, 0xD6, 0x89, 0xA3, 0x87, 0x0C, 0x57, 0xE2, 0xFF, 0x36,
    0x77, 0xC1, 0x32, 0x8C, 0xFC, 0x7D, 0x63, 0xC5, 0xB2, 0x00, 0x3B, 0x3C, 0xE0, 0x68, 0x44, 0xB2,
    0xDA, 0x94, 0xBB, 0x4A, 0xFF, 0xD3, 0x9B, 0x2C, 0xF3, 0xEC, 0xF6, 0x2F, 0x44, 0xB8, 0x4E, 0x1D,
    0x9B, 0x8A, 0x0E, 0x06, 0x54, 0xB6, 0x75, 0xF1, 0x44, 0x78, 0x75, 0xDA, 0x6B, 0x5E, 0x1D, 0x85,
    0xFD, 0xAF, 0x8B, 0xE0, 0x5E, 0xE1, 0x26, 0x5B, 0x47, 0x66, 0x1A, 0x29, 0xCF, 0xB8, 0x17, 0x8C,
    0x45, 0x16, 0xE7, 0xC3, 0x38, 0xEF, 0x05, 0xC7, 0x83, 0x69, 0xBE, 0xFD, 0x4A, 0xBC, 0x3B, 0xF9,
    0x95, 0xCA, 0x20, 0x06, 0x53, 0x83, 0x38, 0x69, 0xDE, 0xBD, 0xF4, 0xB6, 0x31, 0x90, 0xC4, 0x1A,
    0xC8, 0xF1, 0xF5, 0xBE, 0x23, 0x26, 0x56, 0xC8, 0xBB, 0x18, 0x6F, 0xCE, 0x47, 0xEF, 0xEE, 0xC0,
    0xEC, 0xF6, 0xFA, 0x2B, 0xEB, 0xFD, 0x4F, 0xC2, 0x88, 0x27, 0xF1, 0x4F, 0x87, 0x70, 0x60, 0x06,
    0x97, 0x86, 0xC9, 0xD0, 0xED, 0xF6, 0xA7, 0x48, 0xDA, 0x5A, 0x1E, 0xB7, 0xAF, 0xC3, 0xA9, 0x19,
    0x2C, 0x1B, 0x70, 0x71, 0xC4, 0x50, 0x04, 0x53, 0x57, 0xA7, 0x56, 0xA0, 0xB3, 0x6D, 0x06, 0x70,
    0xBD, 0x2F, 0x52, 0xB7, 0x18, 0x8B, 0x37, 0x48, 0x96, 0x16, 0xE7, 0x13, 0xC2, 0x17, 0xDA, 0x49,
    0xA0, 0x33, 0x7B, 0x13, 0xF5, 0x41, 0xAE, 0x6E, 0xE6, 0x8B, 0x4E, 0x7A, 0xD4, 0x58, 0xFE, 0x5C,
    0x59, 0xDC, 0xA2, 0xE6, 0x5B, 0xB6, 0xE6, 0x2F, 0x0B, 0xB9, 0xC6, 0x71, 0xF1, 0xC8, 0x79, 0x89,
    0x82, 0x98, 0xC0, 0x7D, 0xE9, 0x0B, 0x79, 0xDE, 0x2B, 0x26, 0xF2, 0x95, 0x3F, 0x1A, 0x5A, 0x14,
    0x26, 0x25, 0x1B, 0x41, 0x07, 0xA4, 0x41, 0x56, 0x18, 0x7C, 0x40, 0x6A, 0x21, 0x60, 0x04, 0x43,
    0xA0, 0x71, 0x90, 0xF1, 0x21, 0x8D, 0x8E, 0x80, 0x55, 0xAC, 0x34, 0x04, 0x5E, 0xA0, 0x90, 0xA7,
    0xE0, 0xE9, 0xA4, 0x50, 0x03, 0x56, 0x8E, 0x0C, 0x15, 0x1B, 0xD4, 0xDC, 0xED, 0xFD, 0xEA, 0xA3,
    0x38, 0x48, 0x1E, 0x4A, 0xFF, 0x15, 0x4B, 0xC6, 0x1F, 0xEA, 0x07, 0x5D, 0x2C, 0xDF, 0x37, 0x90,
    0xB0, 0x63, 0xD0, 0x21, 0xB2, 0x6A, 0xB2, 0x48, 0x68, 0x9E, 0x1A, 0x80, 0x9E, 0xF6, 0x8C, 0x7B,
    0x95, 0xD4, 0x11, 0x68, 0x0F, 0x28, 0x75, 0xD7, 0xD1, 0x49, 0x53, 0xE2, 0x3B, 0x7F, 0x7B, 0x32,
    0x96, 0x70, 0xE2, 0x90, 0x95, 0xC4, 0xC4, 0xA3, 0x17, 0x24, 0xC3, 0x55, 0xAE, 0x72, 0xCE, 0x2C,
    0x42, 0x2D, 0x62, 0x8F, 0x2C, 0xC1, 0xAE, 0x77, 0x49, 0xB8, 0x03, 0x90, 0xF6, 0x52, 0x3F, 0xC5,
    0xCA, 0x3A, 0x83, 0x50, 0xBD, 0xFD, 0xC9, 0xB0, 0xCE, 0x53, 0x9F, 0x2C, 0x60, 0x1B, 0xEF, 0x0B,
    0x2B, 0x00, 0xC2, 0xFF, 0x4E, 0x05, 0xFC, 0x4B, 0x57, 0x8F, 0x4A, 0xF7, 0xCE, 0xF7, 0xFC, 0xDC,
    0xC5, 0x6F, 0x11, 0xFE, 0x6B, 0x26, 0x7D, 0x09, 0xF4, 0x43, 0x71, 0xEE, 0x2A, 0xE3, 0x57, 0xA7,
    0x30, 0x78, 0x4D, 0xF8, 0x8F, 0x91, 0x49, 0x9E, 0x72, 0x76, 0x1F, 0xF6, 0x09, 0x0E, 0x9D, 0xD9,
    0x0F, 0x29, 0xCC, 0xC1, 0x99, 0xBD, 0x12, 0x06, 0x59, 0x52, 0x5C, 0x93, 0xD9, 0xA5, 0x4A, 0x94,
    0x2F, 0x10, 0xB0, 0x1A, 0x47, 0x15, 0x10, 0xC5, 0x1D, 0x2B, 0x3B, 0x96, 0x75, 0x7B, 0xE8, 0xC1,
    0x6C, 0x65, 0x30, 0x28, 0x4D, 0xB5, 0xD1, 0x93, 0xD2, 0x41, 0xBD, 0xE4, 0xE7, 0x52, 0x86, 0x80,
    0xC2, 0x37, 0xF0, 0x1F, 0x8C, 0xF3, 0x7F, 0x18, 0x1A, 0x7C, 0x69, 0x70, 0x3F, 0x62, 0xE1, 0xE6,
    0x12, 0xB0, 0x8F, 0x30, 0x58, 0x62, 0x35, 0x4D, 0x3D, 0xC7, 0xD2, 0x6E, 0x07, 0x05, 0x5B, 0x84,
    0x50, 0xA8, 0x98, 0xFF, 0xD2, 0x19, 0x37, 0xCD, 0x9E, 0x1E, 0xCE, 0x9A, 0x97, 0x29, 0x80, 0xA9,
    0x18, 0x9F, 0x61, 0x9D, 0xDF, 0x14, 0xE2, 0xDD, 0xCF, 0x60, 0xA5, 0x09, 0x06, 0xE6, 0x6F, 0xF1,
    0x3D, 0x1B, 0x62, 0x20, 0xE4, 0x66, 0x4D, 0x80, 0xB1, 0x80, 0xD0, 0xAB, 0x78, 0x6D, 0x08, 0x2B,
    0x96, 0x67, 0x8C, 0x0A, 0x8B, 0x8A, 0x33, 0xAC, 0x98, 0xB5, 0xE8, 0xDC, 0xFF, 0x9E, 0x5F, 0x0D,
    0x2C, 0x3F, 0x73, 0x28, 0x98, 0x95, 0xEE, 0xC1, 0xAC, 0x1B, 0x15, 0xCC, 0xCA, 0xA5, 0x72, 0x27,
    0x6B, 0x18, 0x77, 0x53, 0x0B, 0xB7, 0x9D, 0x3A, 0xC8, 0x5D, 0xDA, 0xDE, 0xEF, 0x90, 0x3F, 0xA2,
    0x80, 0x8C, 0x11, 0xEE, 0xF6, 0xED, 0x3D, 0x66, 0x5E, 0xB7, 0xC0, 0x05, 0x04, 0x58, 0xAF, 0xA0,
    0xC5, 0x62, 0x32, 0x1B, 0x06, 0x8B, 0xD8, 0x04, 0x31, 0xB6, 0x18, 0xAA, 0x8B, 0x59, 0x8D, 0xC2,
    0xD2, 0x28, 0xBD, 0xC4, 0xF0, 0xC3, 0x98, 0x25, 0xEA, 0x26, 0x16, 0x0B, 0x06, 0x55, 0x3E, 0x28,
    0xAA, 0xA2, 0x98, 0x22, 0x0D, 0x91, 0xF9, 0xCB, 0x69, 0x8A, 0x4E, 0x54, 0xA6, 0x9E, 0xD4, 0x29,
    0x1A, 0xAA, 0xCC, 0xBE, 0x12, 0xF9, 0xF7, 0xC0, 0x5E, 0x3E, 0x63, 0xF5, 0x6C, 0x36, 0x84, 0xA6,
    0xE1, 0xB0, 0x61, 0x97, 0x62, 0xAD, 0x05, 0xB5, 0x51, 0xD9, 0xD2, 0xC3, 0x7D, 0xFB, 0x5C, 0xFA,
    0x6E, 0x55, 0xA5, 0x91, 0x37, 0x3F, 0x5B, 0xC7, 0x80, 0x1E, 0xD2, 0x18, 0x41, 0x4F, 0xA1, 0xA2,
    0x74, 0x2B, 0xB0, 0x78, 0xB8, 0xD2, 0x81, 0xEF, 0x20, 0xDB, 0x4C, 0x36, 0x66, 0x76, 0x9C, 0x9B,
    0x03, 0x4E, 0x0A, 0xB6, 0x5B, 0x38, 0x9B, 0x7E, 0x0B, 0x72, 0x80, 0x6D, 0xB8, 0xB0, 0x96, 0xF5,
    0x8C, 0x4A, 0x4D, 0x07, 0xC5, 0xF8, 0x1B, 0x25, 0x1F, 0x4A, 0xD5, 0x6D, 0x91, 0xAA, 0xDD, 0x62,
    0x67, 0x95, 0xDA, 0xB9, 0x29, 0xF6, 0xBC, 0x8E, 0xD8, 0xEB, 0x4A, 0xDB, 0xB9, 0xE1, 0x4A, 0xA6,
    0xF7, 0x92, 0x89, 0x6D, 0xBE, 0x24, 0x52, 0x77, 0x5F, 0x0A, 0xB6, 0x5F, 0xEC, 0x2E, 0x4C, 0xD9,
    0x32, 0xD3, 0xD8, 0x06, 0x08, 0x32, 0x35, 0xDF, 0x26, 0x90, 0x4C, 0x5B, 0x14, 0xCF, 0x9F, 0xE6,
    0xD7, 0x04, 0x62, 0x42, 0x20, 0xC2, 0xB3, 0x36, 0xE7, 0x0C, 0xE6, 0x98, 0x15, 0x8C, 0xB3, 0xD2,
    0x57, 0x29, 0xF3, 0x85, 0x93, 0xC9, 0x0A, 0x7B, 0xA0, 0xF8, 0xC0, 0xE3, 0xAC, 0xA1, 0x0D, 0x4B,
    0x87, 0x86, 0x6A, 0xC2, 0x90, 0x8A, 0xCE, 0xFE, 0xFB, 0x14, 0xDD, 0x95, 0x08, 0xF4, 0x86, 0x8C,
    0xD8, 0xCE, 0xD2, 0x84, 0xD2, 0x7E, 0x8D, 0x5A, 0x05, 0x48, 0xAF, 0x8F, 0xCB, 0xFB, 0x8F, 0xC6,
    0xF0, 0xB2, 0x98, 0x48, 0x0C, 0x91, 0x2C, 0xC8, 0xA0, 0x89, 0x41, 0x17, 0x1E, 0xB0, 0x37, 0xF8,
    0x9D, 0xBF, 0x2B, 0x8C, 0x10, 0xC1, 0x8F, 0xE7, 0xF6, 0xA4, 0x0B, 0x75, 0x75, 0x55, 0x2E, 0x3D,
    0x14, 0x0E, 0x74, 0xD5, 0x7E, 0x6A, 0x75, 0x5D, 0x0F, 0xA9, 0xF5, 0x4E, 0xCC, 0x42, 0x8C, 0x1D,
    0xEC, 0xEF, 0x48, 0xB1, 0xE3, 0xC3, 0x7E, 0x0F, 0xBB, 0x3D, 0xEC, 0xF5, 0xB0, 0xD3, 0xC3, 0x3E,
    0x0F, 0xBB, 0x3C, 0xEC, 0xF1, 0xB0, 0xC3, 0xC3, 0xFE, 0x0E, 0xBB, 0x3B, 0xEC, 0xED, 0xB0, 0xB3,
    0xC3, 0xBE, 0x0E, 0xBB, 0x3A, 0xEC, 0xE9, 0xB0, 0xA3, 0xC3, 0x2A, 0xCF, 0xC2, 0xFF, 0xF7, 0xAA,
    0x0E, 0x4D, 0x4B, 0x97, 0xF1, 0x83, 0x51, 0x2C, 0x51, 0xC4, 0xA6, 0xC4, 0x41, 0xF0, 0x7F, 0xB9,
    0xBA, 0x80, 0x15, 0x8B, 0xD0, 0x8C, 0xDC, 0x29, 0x88, 0xBD, 0xFC, 0x56, 0x4D, 0xD4, 0x46, 0x8D,
    0x6E, 0x0D, 0x98, 0x3C, 0x31, 0xB0, 0x8B, 0x98, 0xC5, 0xDF, 0x2F, 0xB3, 0x64, 0x71, 0xB5, 0x78,
    0xB7, 0x52, 0xFF, 0x83, 0xCC, 0xBF, 0x99, 0xE2, 0xB3, 0xFC, 0xF2, 0xC8, 0x90, 0xD7, 0xA8, 0xBB,
    0x92, 0xCC, 0x38, 0x8C, 0x38, 0xD9, 0x8F, 0x07, 0x7C, 0x6D, 0xB6, 0xAB, 0xBB, 0x6D, 0xE6, 0xEE,
    0x17, 0xE6, 0x01, 0x7F, 0x85, 0xBD, 0x6B, 0xEB, 0xFF, 0x46, 0x07, 0x33, 0x41, 0xE3, 0x0D, 0x06,
    0x8D, 0x5F, 0x33, 0x68, 0x8C, 0xEA, 0xA0, 0xE1, 0x8E, 0xB1, 0x1D, 0xFE, 0xBF, 0xB0, 0xBC, 0x62,
    0x86, 0x5F, 0x65, 0x86, 0xEF, 0x22, 0xB9, 0x3B, 0x05, 0x88, 0x37, 0x40, 0x86, 0x57, 0x29, 0x32,
    0x7C, 0x93, 0x19, 0x9E, 0xEE, 0xDE, 0x2C, 0x19, 0x34, 0x72, 0x6C, 0x48, 0xC0, 0xA0, 0xA1, 0x18,
    0x34, 0x1A, 0x6C, 0x12, 0x9D, 0x92, 0xA7, 0xFB, 0x0F, 0x7E, 0x15, 0x49, 0xCE, 0x6F, 0x65, 0x50,
    0xDB, 0xC0, 0xFF, 0x6E, 0x33, 0x55, 0x69, 0x33, 0x0D, 0x65, 0x33, 0x6B, 0x00, 0x0B, 0x46, 0xDE,
    0xBD, 0x41, 0xA4, 0xAE, 0xE6, 0x2B, 0x91, 0x37, 0x68, 0xE0, 0x56, 0x2A, 0xF7, 0x01, 0xCC, 0xC2,
    0x24, 0x7C, 0x32, 0x91, 0x16, 0x5B, 0xA5, 0x4E, 0xBD, 0x3B, 0x05, 0x77, 0xB4, 0x43, 0x05, 0x5C,
    0xB8, 0x30, 0x9F, 0x22, 0x6C, 0xBD, 0x25, 0x51, 0x83, 0x1A, 0xF1, 0xAF, 0x25, 0xC7, 0xA8, 0xBD,
    0xC8, 0x15, 0x33, 0x78, 0x93, 0x29, 0xBC, 0x45, 0xE7, 0xBF, 0xE8, 0xCE, 0x87, 0x71, 0x32, 0x3B,
    0x11, 0xFF, 0x51, 0xAA, 0xDC, 0x6C, 0x41, 0x8E, 0x5C, 0x03, 0xAF, 0x47, 0xB2, 0xB2, 0xBC, 0x27,
    0xB7, 0x4D, 0xC3, 0x38, 0x9E, 0x0A, 0xCB, 0x43, 0xFE, 0x3E, 0xC4, 0xF1, 0x6C, 0xC4, 0xB6, 0xE7,
    0x47, 0x88, 0x32, 0x21, 0xF8, 0x0B, 0xAE, 0xA5, 0xE2, 0xFE, 0x2E, 0x9D, 0x01, 0x75, 0xB9, 0x01,
    0x75, 0x11, 0xDE, 0xB4, 0xA6, 0x1D, 0xF3, 0x74, 0x40, 0x9B, 0xB1, 0x33, 0x8D, 0x99, 0xE7, 0x10,
    0x66, 0x61, 0x64, 0x3F, 0x8C, 0x2C, 0xC8, 0xB1, 0x96, 0x65, 0xC4, 0xCA, 0x02, 0x67, 0x60, 0xC5,
    0x3A, 0x36, 0x6B, 0xE6, 0x52, 0xC4, 0x6D, 0xEF, 0xD1, 0x00, 0x16, 0x0A, 0xDC, 0x69, 0x82, 0xE0,
    0xAB, 0xB1, 0x07, 0x9D, 0x41, 0xDA, 0xE0, 0x56, 0x3A, 0x95, 0x95, 0x19, 0xF6, 0xE8, 0x47, 0x6B,
    0x45, 0x1A, 0xA1, 0xA8, 0x20, 0xF1, 0x6E, 0x26, 0xB6, 0x61, 0x29, 0xAD, 0xC3, 0x1D, 0xF0, 0xC6,
    0xD5, 0xDE, 0xBA, 0xFA, 0xC9, 0x82, 0xED, 0x41, 0xBF, 0xFC, 0x0D, 0x63, 0xC9, 0x57, 0xBB, 0x5F,
    0xBD, 0xBB, 0xF6, 0xE6, 0x8B, 0x81, 0xE3, 0xC1, 0x1E, 0x38, 0x87, 0x9E, 0xF3, 0x0A, 0xBC, 0x41,
    0xC1, 0xA8, 0xFD, 0x5B, 0x30, 0xA3, 0x7B, 0xD9, 0x2B, 0xF7, 0x9C, 0x5F, 0xE2, 0x9A, 0x73, 0x90,
    0xA8, 0xB6, 0x3E, 0x17, 0xD6, 0xE7, 0xA5, 0x05, 0xAC, 0xEF, 0xA3, 0x57, 0x96, 0x0A, 0x56, 0x43,
    0xB3, 0xA1, 0xDD, 0x48, 0x65, 0x38, 0x53, 0x20, 0xAD, 0xCD, 0xB3, 0xA7, 0xB8, 0xC2, 0xC2, 0x7C,
    0x16, 0x64, 0x9E, 0x0D, 0xF1, 0x29, 0x11, 0xBE, 0xF7, 0x4D, 0xA2, 0xE2, 0x79, 0x40, 0x1B, 0xA8,
    0xBF, 0xCB, 0xAA, 0xB6, 0xDE, 0x98, 0xBD, 0x26, 0x6B, 0x35, 0x64, 0x19, 0xD6, 0xFD, 0xB3, 0xC4,
    0xBD, 0x69, 0x02, 0xCA, 0xD5, 0x2D, 0xEF, 0x61, 0xEE, 0x4D, 0xD6, 0x70, 0x09, 0xC2, 0xFC, 0x0B,
    0x0E, 0xF3, 0x82, 0xE4, 0xDE, 0xA3, 0x4C, 0xE0, 0xB8, 0xC8, 0x4E, 0x5B, 0xAF, 0x9D, 0x39, 0x28,
    0xBF, 0x58, 0xED, 0xFE, 0xE6, 0xAD, 0x8F, 0x60, 0xF9, 0x4B, 0xEF, 0x47, 0x93, 0xF8, 0x3B, 0x02,
    0xE0, 0x67, 0xDF, 0x0A, 0x91, 0xC8, 0xFF, 0x26, 0x13, 0xF7, 0x2F, 0xD8, 0x8E, 0xDB, 0xB7, 0x4F,
    0xA4, 0x23, 0xFB, 0x54, 0x18, 0x38, 0x62, 0xE7, 0x5E, 0x6C, 0x79, 0xFA, 0xA4, 0x00, 0xCE, 0xBF,
    0x22, 0x92, 0x2E, 0x9D, 0x4C, 0xB7, 0xDE, 0xD8, 0x1F, 0x82, 0x9F, 0x9F, 0x16, 0x36, 0xF4, 0x1D,
    0x8D, 0xCD, 0xB3, 0xF4, 0x0E, 0xE4, 0xFD, 0x27, 0x1A, 0x76, 0xA8, 0xD2, 0x48, 0xF8, 0xB4, 0xD6,
    0x4D, 0x19, 0x1A, 0x62, 0x98, 0x9E, 0xC2, 0x5D, 0x4C, 0x54, 0x7C, 0x87, 0x16, 0xFF, 0x69, 0x66,
    0x4B, 0x69, 0x2F, 0xDF, 0x45, 0x06, 0xEB, 0x20, 0x30, 0xC5, 0x89, 0x61, 0xC7, 0xAC, 0x61, 0xD8,
    0x39, 0x5D, 0x21, 0xE4, 0x95, 0x0A, 0xBE, 0x5D, 0x99, 0xE2, 0x23, 0xA5, 0xB3, 0xF8, 0x5A, 0xD1,
    0x11, 0x24, 0x2E, 0xE3, 0x81, 0x8F, 0x65, 0x11, 0x06, 0xFF, 0x0E, 0x63, 0xFC, 0xC7, 0xB2, 0x8B,
    0xDF, 0xE3, 0x2F, 0x8B, 0x00, 0x28, 0xFA, 0x8C, 0x79, 0x70, 0x67, 0x8B, 0xD3, 0x7C, 0xA6, 0x46,
    0xD2, 0xA6, 0xB4, 0x04, 0x2F, 0xAA, 0xC2, 0x5F, 0xC7, 0x1D, 0x72, 0x30, 0x9B, 0x41, 0x12, 0x00,
    0x1D, 0x5D, 0xFF, 0x4C, 0x8F, 0xAF, 0x7F, 0xC6, 0x4F, 0xFB, 0xDF, 0xFE, 0x98, 0x8F, 0xB7, 0x9D,
    0x2D, 0x77, 0x80, 0x48, 0x9A, 0x1A, 0x38, 0x74, 0x96, 0x6D, 0x26, 0x84, 0x15, 0x60, 0x1C, 0x96,
    0x48, 0x70, 0xE4, 0xF4, 0x3D, 0x14, 0x17, 0x52, 0x95, 0xDC, 0x06, 0x48, 0xA2, 0x66, 0x31, 0xCF,
    0xC5, 0x43, 0x0D, 0x08, 0xF8, 0xF3, 0x2C, 0xFC, 0x7B, 0x90, 0x9D, 0x23, 0xD8, 0xB4, 0xD6, 0xCE,
    0xF3, 0xD8, 0xAC, 0xC0, 0x6A, 0x9B, 0xD0, 0x35, 0x70, 0xE6, 0x26, 0x92, 0x16, 0xB4, 0x1D, 0x56,
    0xCE, 0xE5, 0xDC, 0x35, 0x09, 0xFF, 0x1A, 0xB6, 0x7F, 0xB8, 0x24, 0xC3, 0xAA, 0x58, 0x0F, 0x06,
    0xB2, 0x59, 0x04, 0xE3, 0x32, 0xDC, 0x1A, 0x9E, 0xAA, 0xDA, 0xCA, 0x43, 0x42, 0xFF, 0xA0, 0x90,
    0x7E, 0x86, 0xCB, 0xED, 0xD5, 0xFB, 0x1F, 0xCA, 0xC9, 0xA1, 0x2C, 0xF0, 0x31, 0xEA, 0x71, 0x16,
    0x63, 0x93, 0xED, 0xED, 0x97, 0x5A, 0xE6, 0xA1, 0xDB, 0x74, 0x5F, 0xFF, 0x41, 0xBC, 0xFB, 0x3A,
    0xF1, 0xC6, 0xD7, 0x33, 0xAF, 0x60, 0xBE, 0x72, 0x73, 0x2F, 0x73, 0x5E, 0x3A, 0xFE, 0x0F, 0x7D,
    0x52, 0x4B, 0x6B, 0x13, 0x51, 0x14, 0xFE, 0x26, 0x4F, 0xDA, 0xC1, 0xCE, 0x2C, 0x0A, 0xDA, 0x9A,
    0x76, 0x0A, 0x76, 0x11, 0x64, 0x9A, 0x59, 0x18, 0x64, 0xC0, 0x9B, 0xCE, 0xAD, 0x28, 0x28, 0x6E,
    0xE2, 0x42, 0x17, 0xDD, 0xD8, 0x45, 0x57, 0x45, 0x6D, 0x16, 0x15, 0xB3, 0x88, 0x9D, 0xC1, 0x5F,
    0x90, 0x9F, 0x10, 0x10, 0xA1, 0x64, 0x63, 0x16, 0x29, 0xB8, 0x68, 0xCD, 0xC5, 0x5F, 0x30, 0x0B,
    0xD7, 0x32, 0x60, 0x45, 0x5C, 0x79, 0x17, 0x53, 0x08, 0x6D, 0xEA, 0x78, 0xEE, 0x24, 0x11, 0x41,
    0xF1, 0x9E, 0xFB, 0x3A, 0xF7, 0xE3, 0x3B, 0xE7, 0x9E, 0x07, 0x43, 0x05, 0x06, 0xB2, 0x5C, 0x0F,
    0x0C, 0xAC, 0xA1, 0x8C, 0x62, 0x68, 0xC4, 0x8C, 0x6D, 0xCF, 0xE4, 0xF3, 0xDE, 0xE7, 0x17, 0x23,
    0x60, 0x30, 0xDA, 0x39, 0xE8, 0x95, 0xF6, 0x98, 0x17, 0x17, 0x82, 0xF2, 0x71, 0x0B, 0xAB, 0x33,
    0x38, 0x72, 0xD0, 0xB2, 0x40, 0xE3, 0x18, 0xBB, 0xC4, 0x2D, 0x41, 0xE3, 0x8E, 0x74, 0x9B, 0x0D,
    0xD6, 0x74, 0x1D, 0x59, 0xE0, 0xCD, 0xE5, 0xB5, 0x96, 0x21, 0x33, 0x01, 0xAB, 0xC0, 0x32, 0xA0,
    0x3F, 0xE0, 0x99, 0xD7, 0x01, 0x60, 0x04, 0x24, 0xDC, 0xE0, 0x16, 0x6A, 0xB8, 0x82, 0xBF, 0xF4,
    0x4A, 0x8D, 0xBD, 0x6F, 0x28, 0xFB, 0xA8, 0x54, 0x6A, 0xAD, 0x95, 0x1C, 0x6C, 0x38, 0x3C, 0x2B,
    0x32, 0xC2, 0xE3, 0xCA, 0x53, 0x05, 0x4D, 0xC4, 0xF8, 0xC9, 0x7D, 0x91, 0xC3, 0xD4, 0x3E, 0x50,
    0x05, 0x24, 0x10, 0x22, 0x23, 0x28, 0x00, 0xE8, 0xC0, 0x25, 0x10, 0x4F, 0x3D, 0xF7, 0xFE, 0xF1,
    0xBC, 0xAA, 0x0C, 0x29, 0x50, 0xA1, 0x9A, 0x00, 0xB2, 0x64, 0x82, 0x50, 0x05, 0xC3, 0xA5, 0xD5,
    0x80, 0x62, 0x29, 0x1A, 0x8A, 0x74, 0x9D, 0x43, 0x4A, 0x4B, 0x19, 0xD1, 0x84, 0xC1, 0xC7, 0x8C,
    0x25, 0x5A, 0x65, 0x5A, 0xB9, 0x49, 0x92, 0x16, 0x6A, 0xCC, 0xDD, 0xC3, 0x4E, 0x37, 0xF0, 0x13,
    0xB1, 0x97, 0x9D, 0x4C, 0xC2, 0xBD, 0xC4, 0x4B, 0x80, 0xEB, 0x5D, 0xB5, 0x93, 0x0F, 0x39, 0x95,
    0xEB, 0x6D, 0x3F, 0xCA, 0x84, 0x1A, 0x49, 0xFA, 0xA7, 0xFC, 0x4D, 0xEE, 0x9D, 0x07, 0x67, 0x09,
    0xDE, 0x7C, 0x4A, 0xF5, 0x0E, 0x30, 0x04, 0xFA, 0xD0, 0x83, 0xD0, 0x39, 0x0F, 0x99, 0x1F, 0x98,
    0xDB, 0xE9, 0x4B, 0x9C, 0xA2, 0xE0, 0xCE, 0x37, 0xD1, 0xF4, 0xF9, 0xE2, 0x46, 0xE0, 0x91, 0xBB,
    0x45, 0x64, 0x6E, 0x73, 0x5D, 0x0B, 0x2B, 0xDD, 0x98, 0xE6, 0x2C, 0x42, 0x52, 0x33, 0x30, 0xC2,
    0x5B, 0xFD, 0x6B, 0xF7, 0xB2, 0x74, 0xA3, 0xD1, 0x04, 0xFC, 0x36, 0xAE, 0x5E, 0xD0, 0x11, 0x41,
    0x8F, 0xB4, 0x24, 0x70, 0x62, 0xEC, 0x03, 0x26, 0x45, 0xD0, 0xEC, 0x74, 0x9A, 0xB9, 0x42, 0xDB,
    0x1B, 0xF6, 0x6B, 0x9D, 0x85, 0xA2, 0xD0, 0x85, 0x4A, 0xAC, 0xDD, 0x70, 0xA4, 0x2E, 0xAC, 0x88,
    0xF5, 0x52, 0x87, 0x76, 0x31, 0xDE, 0x87, 0x13, 0x68, 0x23, 0xE4, 0x80, 0x13, 0xEC, 0x06, 0x5A,
    0xAC, 0x47, 0xC7, 0x48, 0x2B, 0x43, 0x99, 0xA3, 0x52, 0x85, 0xEB, 0xC0, 0xD1, 0x4B, 0x14, 0x86,
    0x5F, 0xF8, 0xFA, 0xC6, 0x47, 0x61, 0x6A, 0x41, 0x60, 0xB2, 0x65, 0xDD, 0x60, 0x2B, 0x69, 0x4D,
    0x29, 0xC5, 0xF7, 0xF9, 0x40, 0x58, 0xB8, 0x31, 0xE6, 0x78, 0x03, 0xD1, 0x91, 0x51, 0x14, 0x75,
    0x0E, 0x4F, 0x43, 0xEB, 0x09, 0xCF, 0x51, 0x0F, 0xD9, 0xF0, 0xC4, 0x65, 0x31, 0xF9, 0x30, 0xA8,
    0x29, 0x50, 0x14, 0xC6, 0x89, 0xF6, 0x01, 0x5A, 0x92, 0x50, 0xDC, 0xF9, 0xB7, 0xF8, 0x3F, 0xE0,
    0x27, 0xC9, 0x68, 0xA7, 0xDB, 0x3D, 0xF8, 0xF3, 0xAE, 0x3D, 0x52, 0x35, 0xB2, 0x92, 0xE4, 0x7B,
    0xFD, 0xD9, 0xAB, 0xC7, 0xEF, 0x92, 0x64, 0xB8, 0x45, 0x75, 0xDC, 0x6C, 0x8F, 0x19, 0xBB, 0x49,
    0x1B, 0xC5, 0xB3, 0xCD, 0x0B, 0x6A, 0x34, 0x58, 0x01, 0x65, 0x58, 0xA3, 0xC8, 0x31, 0xAB, 0xA0,
    0x6C, 0x48, 0xF4, 0xEE, 0x30, 0xDD, 0x48, 0xCD, 0x84, 0x29, 0x90, 0x87, 0x17, 0x6E, 0xC9, 0x45,
    0x79, 0x28, 0x23, 0x39, 0x90, 0xF3, 0xA6, 0xD2, 0x7B, 0xF2, 0x4C, 0x9E, 0xD6, 0x25, 0xBC, 0xA8,
    0xC0, 0x3B, 0x9D, 0x7A, 0x2F, 0x1D, 0xA6, 0xC6, 0xAD, 0x98, 0xD9, 0x6E, 0xC9, 0x2D, 0x31, 0xDB,
    0x8A, 0x35, 0x5E, 0xAF, 0x47, 0x72, 0x2C, 0x52, 0xFA, 0xC4, 0x4C, 0x71, 0xE6, 0x52, 0xEE, 0x58,
    0x59, 0xE1, 0x50, 0xFD, 0x6E, 0xE7, 0x9F, 0x5A, 0x23, 0x97, 0x55, 0xED, 0xAA, 0xED, 0x32, 0x6B,
    0x54, 0xB8, 0xC3, 0xA9, 0xED, 0x22, 0x7C, 0xE5, 0x49, 0x28, 0xE5, 0x94, 0xCF, 0xEB, 0x77, 0x37,
    0x78, 0xF2, 0x43, 0x19, 0x92, 0xB2, 0xF7, 0x7B, 0x72, 0xD3, 0x7C, 0x88, 0x01, 0x35, 0xF6, 0x54,
    0xCC, 0xB4, 0x4B, 0x9F, 0x73, 0x9F, 0x2F, 0x61, 0x2C, 0x06, 0xD7, 0x30, 0x3F, 0xCF, 0x58, 0xA9,
    0x3A, 0xD7, 0xD0, 0x65, 0x31, 0xCC, 0x0A, 0x8D, 0x93, 0xDE, 0xB3, 0x22, 0x9D, 0xAA, 0xBE, 0x1C,
    0xB1, 0xBE, 0x69, 0xFE, 0x02, 0xAD, 0x56, 0xBD, 0x8F, 0xDC, 0x44, 0x14, 0xFF, 0xD9, 0x3E, 0x62,
    0x14, 0x4B, 0x37, 0x27, 0x74, 0x1B, 0x12, 0xD0, 0xAD, 0x53, 0x20, 0x74, 0x44, 0xB7, 0x76, 0x43,
    0xB1, 0x48, 0x5E, 0x7B, 0xA0, 0xA3, 0xDB, 0x22, 0x2B, 0x44, 0x45, 0x8A, 0x54, 0x41, 0xE2, 0x52,
    0x5C, 0xB1, 0x42, 0x4E, 0xEC, 0x86, 0x86, 0x8A, 0x22, 0x7F, 0x00, 0x45, 0x0A, 0xB4, 0x08, 0x65,
    0x91, 0xAE, 0x38, 0x94, 0x4B, 0xEC, 0x8E, 0xD6, 0xE2, 0x2F, 0xB0, 0x10, 0x42, 0x88, 0xCA, 0x85,
    0x23, 0xED, 0x1D, 0xBB, 0x3B, 0xBC, 0x37, 0xF6, 0xEE, 0x5E, 0x8E, 0x14, 0x08, 0x31, 0x7E, 0x3B,
    0xF6, 0xBC, 0xF9, 0x78, 0xBF, 0xF7, 0xE6, 0x7D, 0xEC, 0xBD, 0x89, 0xCC, 0x94, 0xEC, 0x8C, 0x70,
    0x6F, 0xF5, 0xC1, 0x4D, 0x29, 0x55, 0x65, 0xF4, 0x9B, 0x4C, 0x26, 0x92, 0xBE, 0xD3, 0xD1, 0x68,
    0x84, 0x89, 0x6E, 0xA9, 0xD2, 0x2D, 0x1F, 0xE9, 0x26, 0x5F, 0xC9, 0x04, 0xAA, 0xF2, 0xBF, 0x3F,
    0x91, 0x52, 0x92, 0x7E, 0x1A, 0x07, 0xBF, 0x79, 0xAC, 0x07, 0x70, 0x20, 0xE8, 0xE9, 0xC2, 0xC3,
    0x00, 0xFB, 0x34, 0x76, 0xE9, 0xF1, 0x10, 0xD0, 0xD3, 0xC7, 0x4D, 0x20, 0x1C, 0x04, 0xF1, 0xD1,
    0xF4, 0x0E, 0x68, 0xD6, 0xA3, 0x19, 0x5E, 0xEB, 0xC0, 0xD4, 0x1B, 0x6D, 0x29, 0x1C, 0x29, 0x68,
    0xAF, 0x80, 0xE7, 0x62, 0xE0, 0x61, 0xFF, 0x06, 0xF3, 0x5D, 0x21, 0x5D, 0xCD, 0x09, 0xBA, 0x08,
    0x7A, 0xE8, 0x07, 0xB8, 0xB9, 0xCB, 0xFC, 0x50, 0xAF, 0x09, 0x06, 0x88, 0x03, 0x1C, 0x05, 0x98,
    0xF6, 0x71, 0xE7, 0x26, 0xF3, 0x07, 0x3E, 0x2F, 0xA6, 0x2D, 0x74, 0x94, 0xB0, 0xA5, 0x63, 0xA5,
    0xA6, 0xA9, 0xB1, 0x55, 0x2D, 0x8D, 0x5E, 0x0C, 0x33, 0x55, 0x8D, 0xCE, 0x86, 0x6B, 0xCE, 0x86,
    0xA6, 0x68, 0xDB, 0xA5, 0xC5, 0x2F, 0x36, 0x8B, 0x33, 0xB6, 0x7A, 0xF9, 0x8A, 0x8D, 0x7A, 0xAF,
    0x3D, 0x83, 0xCB, 0xE6, 0x48, 0x1B, 0xF2, 0x95, 0x14, 0x4B, 0x18, 0x8F, 0x69, 0xA6, 0xC0, 0x1C,
    0x2A, 0x55, 0xB5, 0x2A, 0x97, 0xA8, 0xC1, 0x88, 0x3C, 0x44, 0x08, 0x1B, 0x71, 0x1E, 0xEA, 0xC8,
    0x98, 0x87, 0x34, 0x81, 0x35, 0xC3, 0x2A, 0x88, 0xE5, 0x94, 0x21, 0x7F, 0xAD, 0xB9, 0xCD, 0x0E,
    0x63, 0xA8, 0x87, 0xEE, 0x0C, 0x76, 0x4A, 0x1A, 0xF7, 0xC8, 0x8A, 0xC0, 0x78, 0x9B, 0x8C, 0x0A,
    0x1C, 0x09, 0x8C, 0xF9, 0xB5, 0xCD, 0xB0, 0xD0, 0xEF, 0x5A, 0x39, 0xBD, 0xFC, 0x53, 0x27, 0x65,
    0x1B, 0x97, 0xA2, 0x39, 0x28, 0x68, 0x5E, 0xC7, 0xBA, 0x37, 0x2A, 0xB7, 0x74, 0x6A, 0x58, 0xF9,
    0xC3, 0x99, 0xFF, 0x0C, 0x8E, 0xAC, 0x82, 0x80, 0x6F, 0xB0, 0x3A, 0x18, 0x0B, 0x5A, 0xA8, 0x5F,
    0xC7, 0x60, 0xA6, 0x51, 0xE2, 0xA7, 0xD3, 0xF0, 0x0B, 0x3A, 0xD1, 0xAF, 0xC4, 0x8C, 0x77, 0x02,
    0xB2, 0xC5, 0xB2, 0x81, 0x83, 0x35, 0xA2, 0x0D, 0xA8, 0x0D, 0xAE, 0x0D, 0xB4, 0x0D, 0xBA, 0x0D,
    0xC0, 0x8B, 0x18, 0x37, 0x30, 0xD7, 0x48, 0xD7, 0x60, 0xCD, 0x39, 0x5A, 0xBC, 0xE2, 0x09, 0x5A,
    0xC8, 0x5D, 0x12, 0xDE, 0xA0, 0xEE, 0x59, 0x69, 0x0B, 0x9C, 0xBF, 0x1A, 0xEC, 0x7B, 0x76, 0xDA,
    0xC2, 0x17, 0x9F, 0xA1, 0xD5, 0xC0, 0x5E, 0xA0, 0x55, 0x02, 0xA4, 0x44, 0x1C, 0x8F, 0x8F, 0xA7,
    0x15, 0x6B, 0x13, 0x0B, 0x19, 0x13, 0x5A, 0x52, 0x7B, 0x1B, 0xD3, 0x3D, 0x54, 0x7B, 0x18, 0x6E,
    0x69, 0xE1, 0xB1, 0xF8, 0xA8, 0x8C, 0x85, 0x59, 0x8E, 0x85, 0x55, 0x1C, 0x6F, 0x5B, 0xF9, 0x74,
    0xCF, 0xCA, 0xAB, 0x3D, 0x2B, 0x1D, 0x6E, 0xD1, 0x21, 0x27, 0x71, 0x10, 0x04, 0x07, 0xBC, 0xF0,
    0xC4, 0xA5, 0x95, 0x20, 0x23, 0x06, 0x8E, 0x0C, 0x6C, 0x79, 0x60, 0x49, 0x9E, 0xD7, 0x13, 0x56,
    0x11, 0xD3, 0xDE, 0x80, 0xCE, 0x08, 0x9C, 0x0F, 0x4B, 0x9A, 0x2C, 0x69, 0xB6, 0xA2, 0xE9, 0x21,
    0xA1, 0xB3, 0x6A, 0x88, 0x18, 0x5D, 0xF2, 0x73, 0x21, 0xEF, 0x9A, 0x6C, 0x8F, 0x53, 0xA3, 0xB2,
    0x0B, 0x21, 0x43, 0x9C, 0x92, 0x19, 0x5D, 0x69, 0xE7, 0x66, 0x45, 0x9F, 0xDA, 0x60, 0x80, 0x48,
    0x61, 0x95, 0x60, 0x9F, 0x79, 0xA0, 0xC7, 0x64, 0xE8, 0x19, 0x73, 0x9C, 0x9C, 0x47, 0xEB, 0x5B,
    0x01, 0xAE, 0xFA, 0x1F, 0xC3, 0xFD, 0xDA, 0x97, 0x4E, 0xF9, 0x1C, 0xE6, 0xF9, 0x0C, 0xE3, 0xEC,
    0xD7, 0x7C, 0x1E, 0xFD, 0x5C, 0x8E, 0x93, 0x5F, 0x72, 0xE3, 0xBC, 0x86, 0x5D, 0x2E, 0xE0, 0x7E,
    0x15, 0x49, 0xC7, 0xDD, 0xD6, 0xEB, 0xD1, 0x68, 0x4B, 0x9E, 0x77, 0x89, 0xBC, 0x0B, 0xD4, 0xD3,
    0xB4, 0x8B, 0xE1, 0x2B, 0x3C, 0xB8, 0x03, 0x4B, 0x15, 0xE2, 0xF7, 0xDA, 0x47, 0x3C, 0xC0, 0x60,
    0x77, 0x67, 0xC0, 0x71, 0x1A, 0xC4, 0x08, 0x6A, 0x44, 0x25, 0x22, 0xC9, 0x17, 0xDB, 0xD7, 0xD4,
    0xB4, 0x18, 0x58, 0xE8, 0x9E, 0xB3, 0xDA, 0x82, 0xA8, 0xC5, 0xB0, 0x45, 0x4B, 0x8D, 0x53, 0xB1,
    0x9C, 0x64, 0xB5, 0xC1, 0x29, 0x0E, 0x6F, 0xA9, 0xDF, 0x80, 0x2B, 0xEA, 0x31, 0xF4, 0x50, 0x9C,
    0xE1, 0xB0, 0x0E, 0x29, 0x94, 0x4E, 0xB7, 0xD6, 0xA0, 0xBF, 0x05, 0x1B, 0x32, 0x27, 0x9F, 0x60,
    0x17, 0x24, 0x39, 0x63, 0xB6, 0x10, 0xF9, 0x8B, 0xFD, 0x03, 0x67, 0x04, 0x72, 0x88, 0x03, 0x33,
    0x5F, 0xC9, 0x65, 0x1B, 0x7B, 0x27, 0xA4, 0x33, 0xF9, 0x63, 0x42, 0x42, 0x05, 0xBD, 0x6F, 0x7D,
    0x47, 0x7C, 0x12, 0x2B, 0x0D, 0x5C, 0x7B, 0xF4, 0xEE, 0x5D, 0x51, 0xBB, 0xD5, 0xE1, 0xD9, 0xE1,
    0xCC, 0x3F, 0x3B, 0xFC, 0xC3, 0xAD, 0xDD, 0xFA, 0xDA, 0xA3, 0x37, 0x6E, 0x93, 0xD3, 0xA3, 0x73,
    0x3B, 0x99, 0x27, 0xF3, 0x0B, 0x7E, 0x4A, 0x1E, 0x4A, 0x92, 0x59, 0x34, 0x04, 0x41, 0xEA, 0xB6,
    0x6C, 0x3A, 0xD1, 0x5C, 0xB1, 0x69, 0xD8, 0x6B, 0xB4, 0xD5, 0x6C, 0x8A, 0x6A, 0x8E, 0x97, 0x15,
    0xBB, 0x23, 0x93, 0xE2, 0x61, 0x3A, 0xC6, 0xCB, 0x4F, 0x52, 0x24, 0xC5, 0x65, 0xDE, 0x03, 0x5A,
    0xD9, 0x91, 0x1D, 0x99, 0xE5, 0x9F, 0xE7, 0xD6, 0xA5, 0x27, 0xC9, 0xB3, 0x7F, 0xF0, 0x3E, 0x21,
    0x1E, 0x65, 0xFC, 0x0E, 0xF0, 0x9A, 0x84, 0x49, 0xC9, 0x4B, 0xCD, 0x20, 0xFE, 0x9C, 0x59, 0xE7,
    0xCF, 0xC9, 0x51, 0x1E, 0x38, 0xB9, 0xCB, 0xD9, 0x58, 0x48, 0x21, 0xF7, 0xE1, 0x5D, 0x65, 0xCB,
    0x71, 0x92, 0x61, 0x25, 0x62, 0xED, 0x57, 0x26, 0xDD, 0xE9, 0x33, 0x62, 0x14, 0xEC, 0xA0, 0x94,
    0x81, 0x20, 0x72, 0xED, 0x6C, 0xA2, 0x51, 0x91, 0x1D, 0x86, 0x32, 0xFD, 0x55, 0x5C, 0x6E, 0x71,
    0x33, 0x47, 0x5B, 0xA3, 0xF5, 0x59, 0xAB, 0xD6, 0x61, 0xEB, 0xAB, 0xD2, 0x2A, 0x18, 0x47, 0x41,
    0x28, 0xAC, 0x82, 0x30, 0x58, 0xC5, 0x3E, 0x77, 0x24, 0x9F, 0xBB, 0x98, 0x3A, 0x93, 0x93, 0x9F,
    0x28, 0xA8, 0x8B, 0x40, 0xDD, 0x80, 0xBB, 0x80, 0xBB, 0x7D, 0xBA, 0xA1, 0x97, 0x64, 0x11, 0xEF,
    0x19, 0xEC, 0x8A, 0xBF, 0xCA, 0x55, 0xAE, 0x18, 0x92, 0x22, 0xD1, 0x82, 0xBA, 0xE5, 0x93, 0x34,
    0xB4, 0x2A, 0x3B, 0xA7, 0x73, 0xAD, 0x22, 0x34, 0x53, 0xEA, 0xE8, 0x4E, 0x0A, 0x8F, 0x72, 0x47,
    0xEE, 0x31, 0x3E, 0x0F, 0xC6, 0x82, 0x7C, 0xD8, 0xAA, 0xE8, 0x2A, 0xEC, 0xBC, 0xE9, 0x76, 0x71,
    0x25, 0xBD, 0x20, 0xC2, 0x63, 0x5E, 0xC4, 0x66, 0x08, 0x39, 0xC4, 0x74, 0xA3, 0x42, 0x4A, 0x7E,
    0x38, 0xF9, 0x3E, 0x65, 0xAB, 0x35, 0x24, 0xF0, 0x12, 0x75, 0x35, 0xED, 0xE9, 0x2B, 0xEE, 0x69,
    0x7B, 0x05, 0x6D, 0x5E, 0xDB, 0x61, 0x67, 0xA7, 0xAA, 0x5C, 0xD5, 0xC9, 0xBC, 0x4E, 0x16, 0x75,
    0xB2, 0x5C, 0xD1, 0x42, 0x73, 0x88, 0x9F, 0xD6, 0x3B, 0x1C, 0x50, 0x97, 0x08, 0x9D, 0x4F, 0x6D,
    0xA5, 0xDC, 0x65, 0x16, 0x2D, 0x5C, 0xA2, 0x44, 0xF7, 0x44, 0xFE, 0xC2, 0x15, 0x4A, 0x19, 0x99,
    0x7A, 0x6F, 0x84, 0x44, 0x95, 0x61, 0x36, 0x0F, 0xFC, 0x45, 0xE0, 0xAB, 0x15, 0x2D, 0x69, 0x98,
    0xA8, 0x9A, 0xCA, 0x12, 0x8B, 0xD7, 0x15, 0x6B, 0xFC, 0x63, 0x19, 0xFD, 0x55, 0x50, 0x1E, 0xB4,
    0x97, 0x48, 0x9E, 0x96, 0x47, 0xD3, 0x72, 0x5D, 0xC9, 0x7A, 0xA4, 0x6B, 0xD4, 0x06, 0xD5, 0xAA,
    0xDD, 0xA0, 0x2B, 0xD4, 0x25, 0x5B, 0xDA, 0xD2, 0xE2, 0x53, 0xDE, 0xA6, 0x78, 0x34, 0x39, 0x14,
    0x5D, 0x8A, 0xD1, 0x2A, 0xE4, 0x68, 0xC5, 0xFF, 0xDC, 0xD6, 0x79, 0x60, 0xCE, 0x79, 0xA0, 0xD2,
    0xD2, 0x48, 0xEE, 0xE3, 0xA6, 0x94, 0x00, 0xF7, 0xD1, 0xBF, 0x5F, 0xF9, 0x4F, 0x4B, 0x73, 0xC9,
    0x4A, 0x44, 0x4F, 0xCB, 0xFE, 0xFD, 0x29, 0xF3, 0x8F, 0x2E, 0x9C, 0xF1, 0x2F, 0x97, 0x71, 0x7D,
    0xAA, 0x7A, 0x14, 0x98, 0x19, 0x05, 0x66, 0x46, 0x7A, 0x86, 0xBA, 0x78, 0x8D, 0x9B, 0x78, 0xE5,
    0x10, 0x76, 0xD2, 0x95, 0xDB, 0xEF, 0x50, 0xC0, 0xCF, 0x8D, 0xCA, 0x58, 0x10, 0x7B, 0x4E, 0xD7,
    0xBE, 0xD3, 0xBD, 0x50, 0xAF, 0x9C, 0x19, 0xFF, 0x2D, 0x4A, 0xB7, 0xDE, 0x77, 0xCE, 0xC9, 0x1E,
    0x59, 0xAD, 0x03, 0xCF, 0x98, 0x50, 0xAA, 0xCC, 0xD4, 0x52, 0x3A, 0xFC, 0xCF, 0xCD, 0xFF, 0x06,
    0x57, 0xE6, 0xD7, 0x69, 0xED, 0x75, 0x4A, 0x83, 0xAF, 0xF7, 0x53, 0xF1, 0x65, 0x69, 0xAB, 0xFC,
    0x4D, 0xF5, 0x28, 0x51, 0xF3, 0x6B, 0x6A, 0xE8, 0xA8, 0xDC, 0xFD, 0xA0, 0xDA, 0xEA, 0x4B, 0xBC,
    0x83, 0x4D, 0xE9, 0xE1, 0xDA, 0x13, 0x73, 0xF1, 0x39, 0xE1, 0xEA, 0x73, 0xCC, 0xE5, 0x67, 0xCA,
    0xF5, 0xA7, 0xE2, 0x02, 0x34, 0xFC, 0x1B, 0xED, 0x53, 0xBD, 0x6E, 0xDB, 0x30, 0x10, 0xFE, 0x6C,
    0xA1, 0x26, 0x50, 0x0E, 0xF4, 0xE0, 0x76, 0x0C, 0xD7, 0xA2, 0x40, 0xAC, 0xB5, 0x83, 0x6C, 0x1D,
    0xD0, 0xB1, 0x8B, 0x87, 0x06, 0x1D, 0x3A, 0xA8, 0x43, 0xE7, 0x6A, 0xE9, 0x90, 0x21, 0xB5, 0xB9,
    0xF5, 0x5D, 0xBC, 0x64, 0x51, 0x01, 0x07, 0xB5, 0xA2, 0x7B, 0x04, 0xBD, 0x41, 0x33, 0x34, 0xE8,
    0xEA, 0x41, 0x40, 0x0D, 0x24, 0x16, 0x7B, 0x54, 0xDC, 0x20, 0x19, 0x8C, 0xBE, 0x40, 0x79, 0x47,
    0x52, 0x14, 0x3F, 0xDC, 0xCF, 0x77, 0x47, 0xB5, 0x45, 0xEC, 0x71, 0xA6, 0x5D, 0x11, 0x71, 0x13,
    0xF1, 0xA6, 0x5B, 0xD7, 0x9A, 0xD3, 0x73, 0x32, 0x3B, 0xC8, 0x18, 0x16, 0x1F, 0x86, 0xC5, 0xDD,
    0x00, 0xA6, 0x80, 0x47, 0xDF, 0x43, 0xFD, 0x80, 0x31, 0x48, 0x0C, 0x2E, 0x32, 0xF2, 0x9E, 0x4F,
    0x72, 0x82, 0x0D, 0x60, 0x31, 0x95, 0x7A, 0x24, 0xC0, 0xAB, 0x19, 0x16, 0x2D, 0x5E, 0x58, 0x82,
    0x72, 0x9F, 0xB5, 0x9B, 0xE7, 0xB0, 0xB7, 0x01, 0xA0, 0xF6, 0xEE, 0xA8, 0x98, 0xE1, 0x77, 0x8B,
    0x9D, 0xA5, 0x46, 0xB9, 0x95, 0x72, 0xD3, 0x7C, 0xEF, 0x2E, 0xF5, 0x2C, 0x0A, 0xED, 0x60, 0x80,
    0x09, 0x70, 0x0A, 0x6C, 0xD0, 0xBF, 0x82, 0x62, 0x18, 0x0A, 0x00, 0xBD, 0x45, 0x5A, 0xE1, 0xD4,
    0xD0, 0x99, 0x21, 0x5B, 0x22, 0x6E, 0xB1, 0xD2, 0xAE, 0x51, 0x5C, 0x66, 0x2E, 0xEE, 0x2C, 0xE8,
    0x06, 0xE9, 0x25, 0x1A, 0x43, 0x1B, 0xED, 0x56, 0xC6, 0xA5, 0x37, 0x6E, 0xF0, 0xD5, 0x7D, 0x34,
    0x34, 0xAF, 0x60, 0xB7, 0x01, 0xD0, 0x63, 0xF4, 0x45, 0x6B, 0x2C, 0x3C, 0x9E, 0x5F, 0x77, 0xDF,
    0x8C, 0x67, 0x27, 0xE1, 0x28, 0x6B, 0xEA, 0xD3, 0x16, 0x78, 0xB9, 0x94, 0x3C, 0x30, 0x90, 0x20,
    0x8E, 0x24, 0x8A, 0x44, 0xE4, 0x4C, 0x24, 0xEC, 0x63, 0xF9, 0xA7, 0x69, 0x84, 0x63, 0xD9, 0x0D,
    0x69, 0xA7, 0x9C, 0x62, 0x11, 0xA7, 0x29, 0x60, 0x13, 0x0C, 0x67, 0xF8, 0xBE, 0x43, 0x99, 0xA3,
    0x30, 0x8F, 0xF4, 0x41, 0xF2, 0x07, 0xB9, 0xD6, 0x5C, 0xF1, 0x2F, 0x7E, 0xCD, 0xD1, 0x03, 0xB9,
    0x4B, 0x48, 0xB2, 0x14, 0x13, 0xA2, 0x31, 0xB0, 0x46, 0x74, 0x05, 0x61, 0x76, 0xB1, 0xA4, 0xCA,
    0xBB, 0x7B, 0x4A, 0x56, 0xC2, 0x8F, 0xA1, 0x5E, 0x89, 0xBE, 0xC4, 0x2F, 0x3E, 0x14, 0xCF, 0x73,
    0xB2, 0x9D, 0xDD, 0xFF, 0x75, 0xFB, 0x77, 0xDD, 0x7A, 0x33, 0x98, 0x16, 0xC7, 0x12, 0x6C, 0x46,
    0xD6, 0x53, 0xA2, 0x69, 0x62, 0xC9, 0xDE, 0x74, 0xB1, 0xCF, 0xA0, 0x3D, 0xC6, 0x9A, 0x27, 0xEF,
    0x42, 0x92, 0x42, 0x93, 0x7D, 0xEF, 0x94, 0xEF, 0x98, 0x7D, 0x1B, 0xAE, 0xE2, 0x37, 0x3C, 0x89,
    0xEA, 0xA4, 0x5F, 0xCB, 0x6A, 0x33, 0x56, 0x6D, 0xB8, 0x19, 0xF5, 0x68, 0x6C, 0xC8, 0x7C, 0x42,
    0x74, 0x8B, 0x68, 0x0B, 0xB5, 0x86, 0xB1, 0x98, 0xE8, 0x50, 0xB0, 0xC1, 0xCF, 0x50, 0xD1, 0xC4,
    0x3A, 0xA1, 0x67, 0x79, 0xCE, 0x95, 0xE7, 0x95, 0x62, 0xE9, 0x0B, 0x21, 0xC8, 0x08, 0xDD, 0x04,
    0x79, 0x6A, 0x41, 0x0F, 0xB7, 0xD2, 0x1E, 0xF0, 0x04, 0xC5, 0x17, 0x7C, 0x6B, 0x50, 0xD5, 0x41,
    0x2F, 0x36, 0x28, 0xD6, 0x28, 0xE2, 0x0E, 0x70, 0x3F, 0xA4, 0x23, 0x47, 0x62, 0xC7, 0x53, 0xB9,
    0xC8, 0xB8, 0x38, 0x52, 0x32, 0xA3, 0x47, 0xB3, 0x7B, 0xE5, 0x87, 0x5D, 0x85, 0xAB, 0x16, 0xA5,
    0x25, 0xA9, 0x57, 0x21, 0xA5, 0xD1, 0xEE, 0x32, 0x0F, 0xE0, 0xE2, 0x6F, 0x14, 0x7B, 0xE6, 0x9E,
    0x22, 0x16, 0x9E, 0x24, 0x75, 0x4B, 0xD3, 0x8C, 0x4C, 0xC7, 0x01, 0x84, 0xDA, 0x98, 0xAA, 0x3A,
    0x96, 0x3D, 0x88, 0x25, 0x53, 0x03, 0x7F, 0x00, 0x7D, 0x56, 0x31, 0x8C, 0xDC, 0x44, 0x14, 0x7D,
    0xB6, 0x93, 0xB3, 0x84, 0x83, 0x9C, 0x26, 0x41, 0x07, 0xD1, 0xB9, 0xA1, 0x88, 0x88, 0x58, 0xA7,
    0xA0, 0x48, 0xE1, 0xB5, 0x0D, 0x14, 0x48, 0xA1, 0xC8, 0x15, 0xB9, 0x50, 0x26, 0x2D, 0x41, 0xE8,
    0x28, 0x28, 0x28, 0x9C, 0xAC, 0xA3, 0x48, 0x50, 0x86, 0x82, 0xD0, 0x26, 0x05, 0x05, 0xDA, 0x88,
    0x5C, 0x93, 0x62, 0x8B, 0x3D, 0x76, 0x92, 0x94, 0x29, 0xB0, 0x84, 0x80, 0x32, 0x1B, 0x11, 0x09,
    0xE9, 0x52, 0x9C, 0x25, 0x7C, 0x64, 0x6F, 0xCF, 0x7B, 0xC3, 0xFB, 0x63, 0xEF, 0xDD, 0x05, 0x85,
    0x8C, 0xF5, 0xDF, 0xFC, 0x19, 0xFF, 0xF9, 0x9E, 0x79, 0xFF, 0xCF, 0x8C, 0x71, 0x39, 0x85, 0xAB,
    0x4B, 0xF8, 0xD7, 0x26, 0x08, 0x91, 0xA1, 0x8B, 0x88, 0x0F, 0x10, 0x2D, 0xF4, 0x7F, 0x8C, 0x7C,
    0x5D, 0x47, 0x7E, 0x8E, 0xD8, 0x4F, 0x11, 0x50, 0xFC, 0xCD, 0x9B, 0xCB, 0xB6, 0xA6, 0x71, 0x70,
    0x73, 0x19, 0x6C, 0xEF, 0x8B, 0xAE, 0x8D, 0x98, 0x72, 0xE8, 0x28, 0x70, 0xF2, 0x12, 0xAC, 0x2F,
    0x0B, 0xF4, 0xB4, 0xA2, 0xFD, 0xD8, 0x1B, 0xFF, 0x3A, 0x09, 0xD2, 0x87, 0xC3, 0xD8, 0xFE, 0xA6,
    0x13, 0x39, 0x67, 0x17, 0x33, 0xE7, 0x08, 0x86, 0x0B, 0x27, 0x30, 0x78, 0xFD, 0x24, 0x06, 0x47,
    0xDE, 0xC3, 0xF0, 0xC4, 0x69, 0x64, 0x6F, 0x5F, 0x42, 0xF7, 0x74, 0xB1, 0x14, 0x7E, 0xA1, 0x62,
    0xFF, 0x89, 0x1A, 0xBA, 0xFF, 0x7C, 0x50, 0xC9, 0x58, 0x7B, 0x6D, 0x17, 0xCE, 0x59, 0x80, 0x43,
    0xE8, 0x9A, 0x62, 0x2D, 0x83, 0x7E, 0x53, 0x5B, 0x8F, 0xE8, 0xD7, 0xA6, 0x5F, 0x64, 0x31, 0x10,
    0x73, 0xCE, 0x8B, 0x19, 0x5F, 0x0F, 0x90, 0x2E, 0x0F, 0x9C, 0x47, 0xD5, 0xC0, 0xD9, 0x2C, 0x07,
    0xCE, 0x04, 0x99, 0x53, 0xA2, 0xEB, 0x14, 0x8B, 0xA1, 0x53, 0x74, 0xFD, 0xEB, 0x6A, 0xE8, 0xFD,
    0xF9, 0x87, 0xF8, 0x2D, 0x10, 0xEE, 0x62, 0x5E, 0x2C, 0xAD, 0x27, 0x46, 0x4A, 0xEA, 0x2F, 0x13,
    0xAE, 0xD9, 0xC8, 0x81, 0xBE, 0x44, 0xE7, 0x38, 0x35, 0x4D, 0x5F, 0xB0, 0xC3, 0x61, 0x72, 0x31,
    0x9A, 0xC0, 0x99, 0xFE, 0x0C, 0x57, 0x05, 0xA9, 0x9F, 0x7A, 0xB9, 0x0F, 0x3B, 0xF5, 0xD1, 0xD0,
    0x24, 0xD4, 0x5D, 0x6C, 0xA9, 0x5B, 0xDD, 0xB8, 0x8D, 0x91, 0xF0, 0x4E, 0xDD, 0x33, 0x34, 0x3A,
    0xF9, 0x12, 0x47, 0x69, 0xAD, 0x53, 0xAD, 0x65, 0x6E, 0x76, 0x4E, 0xF0, 0x72, 0x9C, 0xEC, 0x9C,
    0xBB, 0x8B, 0x88, 0xFD, 0x45, 0xF2, 0xBB, 0xFE, 0xA4, 0x4C, 0x30, 0x43, 0x15, 0x61, 0x28, 0x50,
    0xE3, 0x5E, 0x64, 0x09, 0xD8, 0x02, 0x8E, 0x80, 0x27, 0xE0, 0x0F, 0x09, 0x41, 0x46, 0xE8, 0x0A,
    0x44, 0x04, 0x12, 0xC3, 0x72, 0x69, 0xBE, 0x64, 0xAF, 0xA0, 0x6B, 0xAF, 0x14, 0x98, 0x08, 0xAC,
    0x0B, 0xDC, 0x12, 0xB8, 0x91, 0x7B, 0xF9, 0xEA, 0xE6, 0xC6, 0xDA, 0xD3, 0x11, 0x3F, 0x39, 0x61,
    0x5A, 0x78, 0xCA, 0xCB, 0x33, 0xF6, 0x6D, 0x8C, 0xDA, 0x3E, 0x1A, 0x3D, 0xA2, 0x91, 0xF3, 0x8C,
    0x80, 0x1D, 0x81, 0x91, 0x40, 0x22, 0x10, 0xE4, 0x8D, 0x7F, 0x46, 0xCE, 0x60, 0x8D, 0x31, 0x2A,
    0xF4, 0x50, 0x12, 0xFD, 0xD4, 0xE0, 0xD7, 0x5B, 0x69, 0x05, 0xEF, 0x96, 0xCE, 0xE7, 0x7A, 0xD3,
    0x9F, 0xD0, 0x66, 0xF7, 0x4E, 0x4D, 0x94, 0xB1, 0x25, 0xB6, 0xCF, 0xC3, 0x8C, 0xFA, 0x7F, 0x14,
    0x0F, 0x40, 0xA8, 0x70, 0xB0, 0x34, 0x1F, 0x66, 0x35, 0x93, 0x4A, 0xDC, 0x9A, 0x4A, 0x68, 0x66,
    0xE5, 0xE5, 0x6F, 0x7E, 0x2B, 0xD5, 0x35, 0x4E, 0x8C, 0x9D, 0xD7, 0x9F, 0x5E, 0x65, 0x15, 0x7C,
    0xA4, 0x7C, 0x56, 0x23, 0x4E, 0x5F, 0x66, 0xEC, 0x16, 0xC6, 0x8B, 0xAD, 0x69, 0xE9, 0x8C, 0xD1,
    0xA3, 0xA5, 0x55, 0xC1, 0x1A, 0xD1, 0xA4, 0x96, 0x38, 0x55, 0xB8, 0xB2, 0x40, 0x47, 0x74, 0xED,
    0x31, 0xC6, 0xF4, 0xF2, 0xE1, 0x74, 0x57, 0x7C, 0x2A, 0x46, 0x5E, 0xCA, 0xE1, 0xF9, 0x54, 0x32,
    0x61, 0x39, 0x8B, 0xE0, 0x8F, 0x31, 0xE8, 0xC2, 0xE7, 0xA4, 0x3B, 0x08, 0x4A, 0x94, 0x01, 0x3A,
    0x95, 0x55, 0xFA, 0x69, 0x77, 0x60, 0x8F, 0x7B, 0x24, 0x54, 0xD7, 0x0D, 0x3A, 0xEA, 0x5E, 0xD7,
    0x55, 0x8E, 0x2A, 0x97, 0xBC, 0xFC, 0x60, 0x3F, 0xFE, 0x2E, 0xBC, 0x8B, 0xC0, 0x73, 0xE5, 0xFE,
    0xC4, 0xF4, 0x52, 0x0C, 0x33, 0x7A, 0xA9, 0x60, 0x02, 0x9B, 0x9F, 0x0C, 0xC1, 0xE9, 0xF5, 0xFB,
    0xF9, 0x6B, 0x9C, 0x75, 0xE5, 0x63, 0x7B, 0xA5, 0x96, 0xD5, 0x74, 0x05, 0x62, 0x42, 0xF6, 0x32,
    0x58, 0x14, 0x40, 0x20, 0x90, 0xA0, 0xEA, 0x91, 0x2C, 0x42, 0xD5, 0xCE, 0xDB, 0x97, 0x0D, 0xCD,
    0xD4, 0xA0, 0x88, 0xFE, 0xA9, 0xCF, 0x03, 0xE2, 0x17, 0xEE, 0x79, 0x8D, 0x98, 0xD6, 0x32, 0x6C,
    0x00, 0xF1, 0xDE, 0xC8, 0x3D, 0x8A, 0xB4, 0x33, 0x4E, 0x24, 0x61, 0xA4, 0xFD, 0x67, 0x8F, 0x61,
    0xEB, 0x1B, 0xC0, 0xD1, 0xFD, 0xA0, 0x24, 0x5A, 0x1B, 0x69, 0xCA, 0x31, 0xD0, 0xE1, 0x18, 0xE1,
    0x4E, 0x8D, 0xAB, 0x38, 0x03, 0x2E, 0xC1, 0xE6, 0x97, 0x1C, 0xD2, 0x1E, 0x6A, 0x2D, 0x2B, 0x4F,
    0x1D, 0xC6, 0xD4, 0x55, 0x32, 0xAE, 0xC6, 0xA9, 0x8D, 0x1F, 0xC0, 0x30, 0x34, 0x1B, 0x4C, 0x18,
    0xEE, 0xE1, 0x2B, 0x04, 0x7C, 0x61, 0x37, 0x91, 0x36, 0xC5, 0xA6, 0xBB, 0x94, 0xB0, 0x4E, 0x8D,
    0x6C, 0xD8, 0x63, 0x77, 0x4C, 0x60, 0x32, 0xDA, 0xE3, 0x58, 0xDE, 0x72, 0xDC, 0x67, 0x3B, 0xD3,
    0xBE, 0xA1, 0x55, 0xBD, 0xA1, 0x67, 0x2B, 0xA9, 0x5D, 0xF3, 0xB4, 0xB0, 0xAB, 0x50, 0xDE, 0xFA,
    0x62, 0xE7, 0x8C, 0xE7, 0x63, 0xB9, 0xB7, 0x08, 0x89, 0x80, 0x9F, 0x37, 0xC9, 0xA4, 0x4B, 0x2D,
    0x89, 0xE5, 0x37, 0xEC, 0x34, 0xF2, 0x39, 0x85, 0x41, 0x18, 0x15, 0x5C, 0x0D, 0xB0, 0x70, 0x6E,
    0x1D, 0x08, 0x26, 0x3C, 0x2B, 0x72, 0xB8, 0x9B, 0xCC, 0x82, 0x17, 0x6C, 0x5B, 0xD9, 0x4B, 0x8D,
    0xCE, 0x5C, 0x09, 0xCF, 0x37, 0xF5, 0x42, 0x9B, 0xB7, 0x64, 0xFE, 0xCE, 0xAC, 0x49, 0xA3, 0x0E,
    0x97, 0xD4, 0x1A, 0x7B, 0xAA, 0x55, 0x38, 0xC9, 0xCB, 0x46, 0xB1, 0x4A, 0xA1, 0x50, 0xFC, 0x94,
    0xC1, 0xF7, 0x75, 0xA3, 0x74, 0x79, 0x78, 0x1B, 0x45, 0x42, 0x61, 0x14, 0x89, 0x8D, 0x51, 0x24,
    0x50, 0x0B, 0x77, 0x5B, 0x25, 0xD9, 0xE5, 0x70, 0x51, 0xD6, 0x7B, 0x74, 0x38, 0x91, 0x34, 0x08,
    0x53, 0x57, 0xD5, 0x0C, 0xEF, 0x20, 0x29, 0x82, 0x5C, 0x93, 0x80, 0xDE, 0x8C, 0xE1, 0x7A, 0xFE,
    0xAC, 0x42, 0x58, 0xF6, 0x26, 0xA8, 0x78, 0x5E, 0x9A, 0x52, 0x1D, 0x6A, 0xE7, 0x3D, 0xCF, 0x95,
    0x57, 0x29, 0xF3, 0xE2, 0x32, 0xBD, 0x5C, 0xF2, 0xEE, 0x2A, 0xB7, 0x78, 0xEB, 0xB7, 0x0B, 0x5B,
    0xCC, 0x04, 0xCD, 0x7A, 0x9B, 0x11, 0x2E, 0xC3, 0x8D, 0xFE, 0x54, 0xDA, 0xAE, 0xB2, 0x4B, 0x57,
    0x79, 0x05, 0xED, 0x72, 0x57, 0x6F, 0x9B, 0xE8, 0xFF, 0x57, 0x60, 0xED, 0x81, 0x2D, 0xF3, 0xE1,
    0x2D, 0x00, 0xB9, 0x22, 0xE0, 0x3D, 0x79, 0xC0, 0x55, 0xBC, 0xAF, 0xAE, 0x20, 0xB6, 0x54, 0x8C,
    0xC8, 0x52, 0x8B, 0xC8, 0xC4, 0x6E, 0x28, 0x30, 0xB0, 0x0A, 0x01, 0xAE, 0x67, 0x28, 0xC0, 0x17,
    0x3E, 0xBA, 0x96, 0x0A, 0x10, 0x8A, 0xB1, 0x7F, 0x4D, 0x0D, 0xE1, 0x6E, 0x3D, 0x90, 0xC8, 0x09,
    0xA3, 0xE1, 0x2E, 0x49, 0x97, 0x11, 0xCD, 0x87, 0x90, 0xCF, 0x57, 0xE1, 0x48, 0xFE, 0xB9, 0xB2,
    0x38, 0x9E, 0xAE, 0x04, 0xB9, 0x24, 0x3B, 0x12, 0xC7, 0x6E, 0x20, 0x7B, 0x9D, 0x07, 0xCC, 0x3B,
    0xBB, 0x6B, 0x1B, 0x92, 0xE6, 0x9A, 0xF4, 0x32, 0x9B, 0xED, 0x31, 0x13, 0xE8, 0xD4, 0xF4, 0xCE,
    0xB4, 0xE9, 0x63, 0x2A, 0x0D, 0x25, 0x1C, 0x91, 0x04, 0x27, 0xE6, 0x43, 0xDE, 0x33, 0x73, 0x2F,
    0x1C, 0x93, 0x65, 0x30, 0x1E, 0xD3, 0x19, 0x82, 0x34, 0xE4, 0x6B, 0x49, 0x15, 0x71, 0x1A, 0x4B,
    0xE6, 0x15, 0x23, 0xDD, 0xB0, 0xBF, 0xB2, 0xB2, 0x92, 0x4A, 0x7B, 0x75, 0xA3, 0x9F, 0x07, 0x26,
    0x09, 0x0E, 0x8B, 0x6D, 0x1A, 0x72, 0x8C, 0xCF, 0x1B, 0xC3, 0x9E, 0x6F, 0x60, 0x99, 0xB8, 0x88,
    0x90, 0x64, 0x6E, 0x4A, 0xDE, 0xC0, 0x4F, 0xEE, 0x4F, 0x48, 0x50, 0x46, 0x7E, 0x3A, 0x42, 0x8F,
    0xB0, 0x23, 0xE4, 0x0C, 0x5A, 0x11, 0x5D, 0xFA, 0xC8, 0xCB, 0x92, 0xD0, 0x22, 0xAC, 0x90, 0x94,
    0xCA, 0x70, 0x22, 0x37, 0xA5, 0x30, 0x62, 0xFC, 0xE6, 0x98, 0xEF, 0x88, 0x51, 0x9B, 0xB2, 0xFD,
    0xB5, 0xFE, 0x6D, 0x69, 0xAF, 0x5C, 0x5C, 0x59, 0xC6, 0xCB, 0xB2, 0xFE, 0x55, 0x92, 0x9A, 0xC3,
    0x21, 0xA7, 0xF0, 0x37, 0xA4, 0xD9, 0xE5, 0x7B, 0x6D, 0x6E, 0x46, 0x61, 0xFD, 0xD8, 0x6A, 0xC1,
    0xBE, 0x14, 0xC9, 0x77, 0x1C, 0xA2, 0x9A, 0x40, 0x58, 0x72, 0x10, 0xAC, 0xCB, 0xFE, 0x49, 0xF7,
    0x3B, 0x31, 0x4F, 0x15, 0xBA, 0x7A, 0xAC, 0x98, 0x72, 0x29, 0x42, 0xBA, 0xD0, 0x6C, 0xFF, 0xF5,
    0x48, 0xDA, 0xB9, 0x6C, 0x50, 0xB6, 0x81, 0x1D, 0xE6, 0x80, 0x6B, 0x24, 0xA0, 0x84, 0x94, 0x2B,
    0x70, 0xEF, 0xD7, 0xE6, 0x4F, 0x48, 0xC6, 0x59, 0x69, 0x7B, 0x01, 0xCB, 0x49, 0x24, 0x12, 0x3C,
    0x95, 0xFC, 0x48, 0xDD, 0x9D, 0xCD, 0xC2, 0x7F, 0xF8, 0xB0, 0x0C, 0x1C, 0x55, 0xC5, 0x8E, 0x1A,
    0x46, 0x8E, 0xCA, 0x28, 0xD1, 0x41, 0x99, 0xFF, 0x52, 0x14, 0xE6, 0xBF, 0x42, 0x56, 0xB4, 0x2E,
    0x10, 0x0A, 0x04, 0x02, 0xFE, 0x9E, 0x16, 0xE3, 0xF8, 0xD6, 0x85, 0x5A, 0x56, 0x5C, 0x32, 0x53,
    0xFA, 0xCD, 0xDF, 0x04, 0xB5, 0xDB, 0xC2, 0x0A, 0xD5, 0xE3, 0x5B, 0xCB, 0xED, 0xC1, 0xB7, 0x0F,
    0xA6, 0x44, 0x51, 0x23, 0xBD, 0x99, 0xEC, 0x80, 0xDC, 0xAB, 0x93, 0x71, 0x90, 0x75, 0xCB, 0x38,
    0x8A, 0x26, 0x5D, 0x5E, 0xF7, 0x91, 0x29, 0x67, 0x22, 0xF3, 0x23, 0x47, 0x79, 0xB7, 0x4D, 0x28,
    0xB9, 0xE1, 0x9C, 0xCA, 0x50, 0x5E, 0x8B, 0x58, 0x3C, 0x90, 0xDC, 0x8F, 0x1B, 0x91, 0x68, 0x6A,
    0x73, 0x2D, 0x26, 0x72, 0x27, 0xEE, 0x9D, 0xEF, 0x3C, 0x02, 0x30, 0xB1, 0x86, 0xED, 0xFB, 0x99,
    0x69, 0x57, 0xE6, 0xFE, 0x73, 0x55, 0x23, 0x1E, 0x25, 0x34, 0x3F, 0x2D, 0x62, 0x33, 0xF7, 0x67,
    0xF1, 0x7B, 0xFF, 0x02, 0xB5, 0x56, 0x31, 0x8F, 0xDC, 0x54, 0x10, 0x1E, 0xDB, 0x39, 0x36, 0x9C,
    0x25, 0xBC, 0x45, 0x90, 0x10, 0x22, 0xF8, 0x8A, 0x54, 0x28, 0x8A, 0x1B, 0x0A, 0x0A, 0xDF, 0xAE,
    0xC5, 0x2F, 0x48, 0x81, 0x85, 0x94, 0x14, 0xD0, 0xE4, 0x1F, 0x5C, 0x79, 0x77, 0x6B, 0x89, 0x3F,
    0x90, 0x02, 0x51, 0x53, 0x2F, 0x48, 0x5C, 0x71, 0x45, 0x12, 0x6D, 0x38, 0x0B, 0xFE, 0x80, 0x49,
    0x93, 0x82, 0x22, 0x6E, 0xA9, 0xB0, 0x4E, 0x1B, 0xC9, 0x42, 0x7B, 0x6B, 0xBE, 0xF9, 0xE6, 0xAD,
    0xF7, 0xF6, 0x72, 0x89, 0xEE, 0x90, 0xB0, 0xF6, 0x7D, 0xB6, 0xC7, 0xEF, 0xCD, 0xCC, 0x9B, 0xF9,
    0xDE, 0xCC, 0x8A, 0x14, 0x22, 0x12, 0xD4, 0x80, 0x48, 0x9F, 0x46, 0x18, 0xD2, 0xF6, 0xA2, 0x0C,
    0x30, 0xEE, 0xBA, 0xAE, 0x25, 0xF0, 0x95, 0x1F, 0x38, 0xC5, 0x26, 0x73, 0x59, 0x50, 0xE9, 0xA3,
    0x3E, 0xF1, 0xF2, 0xF5, 0x35, 0x9C, 0x03, 0x92, 0x33, 0xC0, 0xAF, 0xAF, 0x32, 0xF1, 0x4F, 0x5F,
    0x56, 0x12, 0xFE, 0xF6, 0xC7, 0x5C, 0x12, 0xBF, 0x3A, 0x90, 0x7D, 0xBF, 0x8A, 0x65, 0xC7, 0xAF,
    0xB6, 0xDC, 0xE4, 0xAB, 0x82, 0xDC, 0xBC, 0x60, 0xF8, 0x82, 0x37, 0x61, 0x01, 0x47, 0xBB, 0x5A,
    0xA1, 0xD1, 0xD7, 0x52, 0x37, 0xA0, 0x1F, 0x16, 0x3A, 0x59, 0x45, 0x51, 0x2F, 0xBA, 0xB9, 0xE1,
    0xEE, 0x15, 0xE1, 0x8E, 0x5F, 0xBD, 0x2F, 0x07, 0x7E, 0x95, 0x48, 0xFC, 0x65, 0x35, 0x93, 0xC1,
    0x8B, 0x17, 0x8D, 0x78, 0xA7, 0x2F, 0xA1, 0xF4, 0xF0, 0x6F, 0x4C, 0x89, 0xD5, 0xCE, 0x40, 0xED,
    0x78, 0xE5, 0x4A, 0xBD, 0xC6, 0xE5, 0xBE, 0xF3, 0x75, 0xEE, 0x1C, 0x3F, 0x70, 0x0E, 0xC7, 0x99,
    0x79, 0x3F, 0xA8, 0x6C, 0x2B, 0xDE, 0xDC, 0x82, 0x2E, 0xBB, 0x8C, 0x3B, 0xAE, 0xCC, 0xDD, 0x0B,
    0x93, 0x8F, 0xD6, 0x5B, 0xE6, 0xBA, 0xDA, 0xE9, 0x29, 0x4C, 0xEF, 0xA1, 0x4B, 0x46, 0xEB, 0xEC,
    0x7E, 0xBB, 0xF2, 0x81, 0xEE, 0xD0, 0x31, 0xBA, 0xA8, 0xCE, 0x7A, 0xA7, 0x7F, 0x96, 0xB6, 0x01,
    0x6E, 0x85, 0x9B, 0xFA, 0xDC, 0xAF, 0xB6, 0xAF, 0x99, 0x92, 0xCD, 0xA8, 0x24, 0xAA, 0x2A, 0x54,
    0xA5, 0xBE, 0x45, 0xE5, 0xD5, 0xE5, 0x51, 0xF9, 0x30, 0xCF, 0x75, 0x87, 0x32, 0xFE, 0x61, 0x2A,
    0x63, 0x68, 0xD8, 0x45, 0x64, 0xD2, 0xE7, 0x18, 0x49, 0x26, 0x69, 0x58, 0x49, 0xEA, 0xCF, 0x25,
    0x95, 0xE7, 0x18, 0x49, 0xF6, 0x85, 0x40, 0x20, 0xBE, 0xAE, 0xFF, 0x91, 0x7B, 0xC9, 0xF3, 0xFB,
    0x01, 0x12, 0xEC, 0x4F, 0xBF, 0x86, 0x2C, 0xC2, 0x18, 0x1D, 0x61, 0xCB, 0x47, 0x88, 0x06, 0xF6,
    0x52, 0x34, 0x88, 0x42, 0xE3, 0xB5, 0xD2, 0x20, 0x38, 0x0D, 0x02, 0x73, 0xA4, 0x01, 0xFA, 0x48,
    0xD6, 0x57, 0xAA, 0xC4, 0x14, 0x19, 0x82, 0x1D, 0x0D, 0xB4, 0x36, 0x32, 0xC3, 0x48, 0x30, 0xC2,
    0x12, 0x6E, 0x37, 0xD0, 0x35, 0xC3, 0x48, 0x30, 0xC2, 0x46, 0xED, 0x04, 0x46, 0x26, 0xBD, 0x9A,
    0x21, 0x58, 0x94, 0x82, 0x44, 0x29, 0x38, 0x94, 0x82, 0x55, 0x29, 0x48, 0x95, 0x82, 0x53, 0x29,
    0x28, 0x95, 0x62, 0x9B, 0x63, 0xCC, 0x1C, 0x17, 0x62, 0x7B, 0xC3, 0xD0, 0xEB, 0x33, 0x66, 0x4E,
    0x12, 0x53, 0xB2, 0xB5, 0xB0, 0xD4, 0x8C, 0x8C, 0x11, 0xB1, 0x25, 0x2E, 0xB2, 0x3C, 0x46, 0x96,
    0xBA, 0xC8, 0xB2, 0x7C, 0xCF, 0xC8, 0x30, 0x33, 0x2E, 0xCC, 0xED, 0x56, 0x38, 0x86, 0x38, 0x22,
    0xB8, 0x5C, 0x3B, 0xFE, 0xBB, 0x63, 0xB1, 0x3A, 0x91, 0xAB, 0x33, 0xF9, 0x33, 0x71, 0xB0, 0xE0,
    0x2D, 0xFE, 0x5E, 0x8C, 0x61, 0xE2, 0x41, 0xD1, 0x13, 0x53, 0x74, 0x8C, 0xB7, 0x96, 0x37, 0xE5,
    0xD0, 0x13, 0xA3, 0xE6, 0xBE, 0x29, 0x4A, 0xD4, 0x1E, 0x88, 0xA9, 0xD6, 0xCF, 0xC4, 0xD3, 0xDB,
    0xF2, 0xBC, 0x69, 0xE7, 0x88, 0xB3, 0x7C, 0x68, 0x7C, 0xDB, 0xF8, 0xE4, 0xE9, 0xA7, 0x21, 0x1F,
    0x99, 0x41, 0x9F, 0xE2, 0x90, 0x98, 0xBC, 0xCE, 0xF3, 0x07, 0x32, 0x51, 0xAD, 0x92, 0xFC, 0x33,
    0x9D, 0xFE, 0x42, 0x79, 0xC4, 0x39, 0x11, 0xE7, 0x47, 0x5C, 0x1B, 0x99, 0x91, 0x6B, 0xA2, 0x79,
    0x61, 0x48, 0xEE, 0x21, 0x5F, 0x8F, 0xF2, 0xFC, 0xE1, 0x42, 0x4E, 0x68, 0xF1, 0xD9, 0x74, 0xFA,
    0xD3, 0x42, 0xB7, 0x0D, 0xF9, 0x31, 0xE7, 0x1C, 0x73, 0xFE, 0x31, 0x97, 0x5C, 0x17, 0xE5, 0x6A,
    0x33, 0x7D, 0x62, 0x50, 0x10, 0x6B, 0x62, 0x4B, 0x7F, 0x96, 0x0E, 0x85, 0x92, 0x3E, 0x7E, 0x01,
    0x23, 0xEB, 0xAF, 0x2D, 0xA0, 0x6C, 0x9E, 0x28, 0xB9, 0x26, 0xC6, 0xB0, 0xE8, 0x3F, 0x41, 0xA4,
    0x86, 0x82, 0x4E, 0xED, 0x74, 0x6A, 0x46, 0x69, 0x2B, 0x1F, 0xC8, 0xC5, 0xEB, 0x1D, 0xF1, 0xDD,
    0x21, 0xD6, 0x2B, 0xBE, 0x46, 0x12, 0x11, 0x49, 0x53, 0x87, 0x51, 0x7D, 0x8E, 0x06, 0x86, 0x3B,
    0x6F, 0x98, 0xB8, 0xA5, 0xB0, 0x67, 0xE5, 0x0F, 0x34, 0x55, 0x8F, 0xE2, 0xAE, 0x52, 0x00, 0x63,
    0x07, 0xF3, 0x49, 0x86, 0x0F, 0x5A, 0xCA, 0xF7, 0xB4, 0x06, 0xDC, 0x62, 0x11, 0x25, 0x45, 0x79,
    0x92, 0x25, 0x4D, 0x57, 0xB0, 0xBF, 0xAB, 0x1F, 0xEE, 0xE9, 0x39, 0xC5, 0x19, 0x09, 0x6A, 0x14,
    0x80, 0xB0, 0xF4, 0xCE, 0xE4, 0x44, 0x23, 0x05, 0xAD, 0xEF, 0x75, 0x7D, 0x8B, 0xA2, 0x13, 0x77,
    0xC5, 0x2A, 0x01, 0xF6, 0x0E, 0xED, 0xA1, 0x9E, 0xF2, 0x09, 0xC0, 0x6F, 0x13, 0x14, 0x46, 0x14,
    0x33, 0x9C, 0xB4, 0xBB, 0x7A, 0x0A, 0x77, 0x56, 0x96, 0x36, 0xE0, 0x1A, 0x26, 0x2F, 0x69, 0xB2,
    0x6C, 0x48, 0xEC, 0xAA, 0x0A, 0xA3, 0x75, 0x5B, 0xD3, 0x57, 0x7E, 0xE0, 0x94, 0x37, 0x7A, 0xDD,
    0xBA, 0xAD, 0xBC, 0xA5, 0x15, 0x92, 0x40, 0x56, 0x28, 0x9C, 0x30, 0x68, 0xF4, 0xB5, 0x64, 0x3E,
    0x10, 0xE3, 0x4B, 0x5A, 0xE1, 0x27, 0xE7, 0x7B, 0xD5, 0xE3, 0x77, 0xF4, 0xAA, 0x85, 0xEB, 0x55,
    0x9D, 0x15, 0x24, 0x96, 0x04, 0xD4, 0x04, 0xAB, 0x3D, 0x71, 0xE6, 0xEE, 0x85, 0xC9, 0x97, 0x6E,
    0x5E, 0xEB, 0xD6, 0x5D, 0xD6, 0xAB, 0x6A, 0x57, 0x44, 0x4A, 0x57, 0x19, 0xD6, 0xE9, 0x59, 0x60,
    0x35, 0x0C, 0x94, 0xE3, 0xAE, 0xC9, 0x9F, 0x7E, 0xA5, 0xF4, 0xD8, 0x93, 0xAD, 0xA7, 0x59, 0xD2,
    0xD5, 0x1F, 0x2F, 0x1F, 0x5F, 0x78, 0x5E, 0xFF, 0x86, 0x72, 0xFE, 0x15, 0x2C, 0x52, 0x22, 0xB9,
    0xE7, 0xBA, 0x7F, 0xC6, 0x6F, 0xD2, 0xCD, 0xB1, 0x3C, 0xEC, 0x0A, 0x7F, 0x49, 0x32, 0x0D, 0xD9,
    0xA3, 0x91, 0x46, 0xEE, 0xBF, 0x61, 0x6B, 0x6B, 0x42, 0x62, 0x42, 0xD4, 0x93, 0x59, 0x36, 0x13,
    0x62, 0x4C, 0xC9, 0x80, 0xE8, 0x11, 0xDD, 0xEA, 0xBE, 0xDD, 0x6A, 0xC9, 0x2C, 0x59, 0x71, 0x1A,
    0xE2, 0x82, 0xD8, 0x05, 0xCC, 0xC2, 0xEF, 0xA5, 0x2A, 0xFB, 0x4E, 0x25, 0x4B, 0xCA, 0x5B, 0x62,
    0x4D, 0x2C, 0x82, 0x3E, 0xC5, 0x37, 0x2C, 0x9C, 0xC4, 0x89, 0x4A, 0xBD, 0x53, 0xCD, 0xDB, 0xA0,
    0x9C, 0x51, 0xAC, 0xCC, 0xDD, 0xD7, 0xFF, 0x38, 0x9E, 0xB6, 0x2D, 0x88, 0xB5, 0x55, 0xC4, 0x7F,
    0xC9, 0xF6, 0x89, 0x4C, 0xCE, 0x34, 0x74, 0x72, 0x9B, 0x67, 0xF5, 0x2A, 0x18, 0xA3, 0xEE, 0xEA,
    0x81, 0xEB, 0xFE, 0x27, 0xBB, 0x9F, 0xE6, 0xDF, 0xF4, 0xFA, 0xB7, 0xD0, 0xFB, 0x57, 0xD7, 0xF6,
    0x74, 0xDA, 0xCB, 0x37, 0xFC, 0xA1, 0x84, 0xF8, 0x2F, 0xDD, 0x95, 0xAD, 0x72, 0xDB, 0x40, 0x14,
    0x85, 0x8F, 0xA4, 0x99, 0x08, 0x18, 0x6C, 0x40, 0x32, 0x81, 0x2A, 0x6E, 0x27, 0x11, 0x2D, 0xB0,
    0x2D, 0xF1, 0x92, 0x80, 0x86, 0x17, 0x94, 0x15, 0x98, 0x16, 0x38, 0x95, 0x58, 0xA9, 0x1F, 0x21,
    0xA0, 0xA0, 0x0D, 0x69, 0x81, 0x81, 0x81, 0x1B, 0xED, 0x23, 0xE8, 0x11, 0x34, 0x9D, 0xB0, 0x82,
    0x08, 0x28, 0x53, 0x37, 0x63, 0x6B, 0x7B, 0xEE, 0xAE, 0xA4, 0x26, 0xB4, 0xD3, 0x80, 0x56, 0xE3,
    0x5D, 0x5F, 0xEF, 0xDE, 0xDF, 0x6F, 0xEF, 0xCA, 0x38, 0x03, 0x46, 0xA6, 0xC4, 0xE8, 0xA6, 0x01,
    0xB0, 0xE5, 0x98, 0x72, 0x44, 0xC0, 0xA1, 0x4A, 0x7D, 0x73, 0x93, 0xAB, 0x3B, 0x93, 0x47, 0x69,
    0xAC, 0x13, 0x28, 0x3D, 0x71, 0x23, 0x97, 0x31, 0x85, 0x4A, 0x63, 0xEA, 0xA9, 0xFC, 0x1C, 0xA1,
    0xD9, 0xC0, 0x33, 0x15, 0x86, 0xE7, 0xD9, 0xC5, 0x73, 0xDF, 0xB4, 0xF5, 0xE8, 0x36, 0xD3, 0x51,
    0xAA, 0xCA, 0x29, 0xA6, 0xF5, 0x1C, 0x75, 0xF3, 0x36, 0xD0, 0xCD, 0x4A, 0x61, 0x35, 0x1F, 0xA3,
    0x99, 0xD4, 0x5E, 0x1D, 0xEB, 0xA0, 0x52, 0x65, 0xA4, 0x13, 0x63, 0xF0, 0xA5, 0xD8, 0xFC, 0xB6,
    0x47, 0x50, 0x73, 0x0A, 0x25, 0x23, 0x25, 0xCB, 0x6A, 0xCE, 0xE9, 0x64, 0xC2, 0x69, 0x72, 0xC2,
    0x69, 0xAC, 0x38, 0xAD, 0x54, 0x0A, 0x34, 0xA1, 0x86, 0x57, 0x07, 0x1A, 0x7E, 0x15, 0x54, 0x08,
    0x4A, 0xAF, 0x06, 0x57, 0x1A, 0x66, 0x85, 0x15, 0xA8, 0x35, 0x47, 0x4C, 0x1B, 0x30, 0x40, 0x8B,
    0xCC, 0x30, 0x8C, 0x3C, 0xFC, 0xAE, 0x64, 0x34, 0xB4, 0xFA, 0x1B, 0xE3, 0x35, 0xBC, 0x85, 0xF8,
    0x65, 0x94, 0x9A, 0xA3, 0x8A, 0x72, 0x22, 0x2D, 0x01, 0xBF, 0xEE, 0x88, 0x26, 0x52, 0x02, 0x17,
    0x43, 0x22, 0xF2, 0xA4, 0xA8, 0x35, 0xBF, 0x59, 0x17, 0x53, 0x26, 0x51, 0xB7, 0xCF, 0x25, 0x9F,
    0x5B, 0x21, 0xED, 0xC4, 0x3E, 0xB9, 0xBC, 0xFC, 0x48, 0x5F, 0xDB, 0xC3, 0xB3, 0xB3, 0x53, 0xEE,
    0x16, 0xC6, 0x64, 0x5D, 0xF6, 0xC0, 0xC6, 0x79, 0x11, 0xF7, 0xE2, 0x81, 0x05, 0x63, 0xC4, 0x21,
    0x3C, 0x22, 0x3C, 0xE5, 0xC9, 0x24, 0xE5, 0x04, 0x47, 0xD5, 0x9A, 0x64, 0xA8, 0x7A, 0x4B, 0xB5,
    0x2B, 0x8E, 0x84, 0x9E, 0x13, 0xED, 0xBC, 0x53, 0xD5, 0xFB, 0x80, 0xBD, 0x05, 0x94, 0xC9, 0xB3,
    0x1D, 0x92, 0xCF, 0xDF, 0xDA, 0x02, 0x73, 0x1E, 0xE1, 0x28, 0x5F, 0x22, 0xCB, 0x79, 0x4C, 0xCC,
    0x29, 0xD0, 0x2B, 0x14, 0x3A, 0xD4, 0xE7, 0xC1, 0x8F, 0x86, 0x1D, 0x60, 0x4A, 0x26, 0x10, 0xB6,
    0x88, 0x87, 0x73, 0xF2, 0x80, 0xB8, 0x42, 0x51, 0x92, 0x37, 0x6A, 0x06, 0xFB, 0x93, 0xCF, 0x51,
    0x85, 0x4C, 0xDB, 0x96, 0xC3, 0x09, 0x63, 0x4E, 0xF1, 0xF0, 0xB9, 0xBF, 0x36, 0x6A, 0xBC, 0x3C,
    0x32, 0x41, 0x39, 0x51, 0xDF, 0xF5, 0xD8, 0x37, 0xAC, 0xF6, 0x00, 0xFE, 0x05, 0x52, 0xB5, 0xF3,
    0xCB, 0xE9, 0xEC, 0xBD, 0x1E, 0x87, 0x26, 0x3F, 0xC0, 0x15, 0x35, 0x17, 0xF0, 0x4B, 0xA6, 0x9F,
    0x98, 0x36, 0x33, 0xED, 0xE1, 0xEC, 0x25, 0x8E, 0xD9, 0x33, 0x38, 0xFC, 0x7A, 0xC6, 0x9F, 0x4F,
    0xEF, 0x3E, 0xD9, 0x4D, 0x78, 0x74, 0x80, 0x3D, 0x78, 0x05, 0x66, 0x3F, 0x47, 0x6D, 0x5A, 0x2C,
    0x90, 0x55, 0xD8, 0x33, 0x0B, 0x44, 0x2D, 0x90, 0x11, 0xAF, 0xC3, 0x5E, 0x58, 0xEC, 0xAF, 0x28,
    0xA7, 0x88, 0x77, 0x54, 0xBF, 0x86, 0x4F, 0x0E, 0x86, 0xB0, 0xB2, 0x0D, 0xAE, 0x52, 0x9C, 0xDA,
    0xE4, 0x06, 0xCD, 0xFB, 0xCF, 0xCC, 0x5C, 0xBB, 0xCC, 0xD9, 0x6D, 0xB9, 0xD5, 0x5A, 0x60, 0x26,
    0xF8, 0x42, 0x99, 0x0A, 0xB9, 0x67, 0xBA, 0x9B, 0xDE, 0xF5, 0x5D, 0xEF, 0xE8, 0x6E, 0xED, 0xC9,
    0xDA, 0xCB, 0x28, 0xC7, 0xBB, 0x2F, 0x27, 0x2B, 0xE7, 0xBB, 0x94, 0xA3, 0xE6, 0xE5, 0x14, 0x21,
    0xD0, 0x13, 0x27, 0xF8, 0xD5, 0xD8, 0x09, 0x5E, 0x3D, 0x77, 0x02, 0xEA, 0x55, 0x27, 0x34, 0xCB,
    0x4E, 0x58, 0x2E, 0xA5, 0x3F, 0x79, 0x49, 0x29, 0xC4, 0x14, 0x4A, 0x11, 0x3A, 0x9D, 0x41, 0x79,
    0x30, 0x1F, 0x1C, 0x0E, 0x21, 0x86, 0xA0, 0x7D, 0x1A, 0xB9, 0x24, 0x66, 0x5F, 0x15, 0xB6, 0xCF,
    0xE5, 0x9A, 0x75, 0xC9, 0x6F, 0x5C, 0x47, 0xDB, 0x72, 0x14, 0xBB, 0x0E, 0x31, 0x35, 0x83, 0x1D,
    0xDD, 0xB5, 0xB2, 0x9C, 0x5D, 0x7B, 0xB3, 0xA6, 0xC7, 0x92, 0x5A, 0x8B, 0x37, 0x66, 0xF1, 0x58,
    0xE8, 0xD0, 0xA3, 0x43, 0x8F, 0x0E, 0x3D, 0x3A, 0xF4, 0xE8, 0xD0, 0xA3, 0x43, 0x8F, 0x0E, 0x3D,
    0x3A, 0x38, 0x74, 0x1E, 0xAF, 0xE2, 0x43, 0xA1, 0xD3, 0x19, 0x94, 0x07, 0xF3, 0xC1, 0xE1, 0x10,
    0x62, 0x08, 0xDA, 0xA7, 0xF1, 0xCF, 0xA3, 0x3B, 0xC5, 0x13, 0x87, 0xAE, 0xC1, 0xDA, 0xA1, 0x3B,
    0x97, 0x4A, 0x04, 0x5D, 0xF4, 0x42, 0x3B, 0x74, 0xA1, 0x71, 0xE8, 0xE0, 0x6D, 0x3B, 0xC1, 0xDF,
    0x75, 0xC2, 0xE8, 0x26, 0x75, 0xE8, 0x62, 0x79, 0xDD, 0x09, 0xBA, 0xB5, 0xBC, 0xD0, 0x04, 0x5D,
    0xCD, 0x57, 0x76, 0x87, 0x6E, 0xFF, 0xFF, 0x42, 0x77, 0xDC, 0x77, 0xDD, 0x79, 0xD7, 0x75, 0x2C,
    0xD9, 0x75, 0x9D, 0x58, 0xDA, 0xAE, 0x53, 0x1D, 0x3A, 0x5B, 0x88, 0xED, 0xB1, 0x75, 0xCF, 0xB0,
    0xE9, 0x04, 0x01, 0x66, 0xD1, 0xC9, 0xFF, 0x89, 0x45, 0x37, 0xED, 0xBB, 0x6E, 0xDB, 0x75, 0x9D,
    0x05, 0x23, 0xE8, 0xBC, 0xF2, 0x91, 0xD1, 0xFD, 0x02,
};

static const EpdGlyph inter_12_regularGlyphs[] = {
    { 0, 0, 182, 0, 0, 0, 0 }, // U+0000
    { 0, 0, 110, 0, 0, 0, 0 }, // U+0020
    { 5, 20, 109, 1, 19, 25, 0 }, // !
    { 7, 8, 181, 2, 19, 14, 25 }, // "
    { 16, 19, 250, 0, 19, 76, 39 }, // #
    { 14, 24, 254, 1, 21, 84, 115 }, // $
    { 20, 20, 380, 2, 19, 100, 199 }, // %
    { 15, 20, 254, 1, 19, 75, 299 }, // &
    { 3, 8, 116, 2, 19, 6, 374 }, // '
    { 6, 24, 140, 2, 20, 36, 380 }, // (
    { 6, 24, 140, 1, 20, 36, 416 }, // )
    { 11, 12, 197, 1, 19, 33, 452 }, // *
    { 13, 12, 262, 2, 13, 39, 485 }, // +
    { 4, 8, 109, 1, 3, 8, 524 }, // ,
    { 9, 3, 181, 1, 9, 7, 532 }, // -
    { 5, 5, 109, 1, 4, 7, 539 }, // .
    { 9, 23, 141, 0, 20, 52, 546 }, // /
    { 14, 20, 251, 1, 19, 70, 598 }, // 0
    { 7, 19, 159, 1, 19, 34, 668 }, // 1
    { 13, 19, 240, 1, 19, 62, 702 }, // 2
    { 13, 20, 245, 1, 19, 65, 764 }, // 3
    { 14, 19, 256, 1, 19, 67, 829 }, // 4
    { 13, 20, 236, 1, 19, 65, 896 }, // 5
    { 13, 20, 245, 1, 19, 65, 961 }, // 6
    { 12, 19, 222, 1, 19, 57, 1026 }, // 7
    { 13, 20, 244, 1, 19, 65, 1083 }, // 8
    { 13, 20, 245, 1, 19, 65, 1148 }, // 9
    { 5, 15, 109, 1, 14, 19, 1213 }, // :
    { 5, 19, 114, 1, 14, 24, 1232 }, // ;
    { 12, 14, 262, 2, 14, 42, 1256 }, // <
    { 12, 8, 262, 2, 11, 24, 1298 }, // =
    { 13, 14, 262, 2, 14, 46, 1322 }, // >
    { 12, 20, 206, 0, 19, 60, 1368 }, // ?
    { 22, 23, 387, 1, 18, 127, 1428 }, // @
    { 17, 19, 273, 0, 19, 81, 1555 }, // A
    { 13, 19, 260, 2, 19, 62, 1636 }, // B
    { 16, 20, 291, 1, 19, 80, 1698 }, // C
    { 15, 19, 286, 2, 19, 72, 1778 }, // D
    { 12, 19, 238, 2, 19, 57, 1850 }, // E
    { 12, 19, 233, 2, 19, 57, 1907 }, // F
    { 17, 20, 297, 1, 19, 85, 1964 }, // G
    { 15, 19, 294, 2, 19, 72, 2049 }, // H
    { 3, 19, 104, 2, 19, 15, 2121 }, // I
    { 11, 20, 225, 1, 19, 55, 2136 }, // J
    { 14, 19, 265, 2, 19, 67, 2191 }, // K
    { 11, 19, 223, 2, 19, 53, 2258 }, // L
    { 19, 19, 357, 2, 19, 91, 2311 }, // M
    { 15, 19, 297, 2, 19, 72, 2402 }, // N
    { 17, 20, 304, 1, 19, 85, 2474 }, // O
    { 13, 19, 253, 2, 19, 62, 2559 }, // P
    { 17, 21, 304, 1, 19, 90, 2621 }, // Q
    { 14, 19, 256, 2, 19, 67, 2711 }, // R
    { 14, 20, 254, 1, 19, 70, 2778 }, // S
    { 14, 19, 255, 1, 19, 67, 2848 }, // T
    { 15, 20, 294, 2, 19, 75, 2915 }, // U
    { 17, 19, 273, 0, 19, 81, 2990 }, // V
    { 24, 19, 391, 0, 19, 114, 3071 }, // W
    { 17, 19, 270, 0, 19, 81, 3185 }, // X
    { 17, 19, 268, 0, 19, 81, 3266 }, // Y
    { 14, 19, 250, 1, 19, 67, 3347 }, // Z
    { 6, 24, 140, 2, 20, 36, 3414 }, // [
    { 9, 23, 141, 0, 20, 52, 3450 }, // <backslash>
    { 6, 24, 140, 1, 20, 36, 3502 }, // ]
    { 11, 9, 186, 0, 18, 25, 3538 }, // ^
    { 12, 3, 182, 0, 0, 9, 3563 }, // _
    { 5, 4, 122, 1, 19, 5, 3572 }, // `
    { 11, 15, 221, 1, 14, 42, 3577 }, // a
    { 13, 20, 241, 1, 19, 65, 3619 }, // b
    { 12, 15, 224, 1, 14, 45, 3684 }, // c
    { 13, 20, 241, 1, 19, 65, 3729 }, // d
    { 13, 15, 229, 1, 14, 49, 3794 }, // e
    { 9, 19, 142, 0, 19, 43, 3843 }, // f
    { 13, 20, 241, 1, 14, 65, 3886 }, // g
    { 12, 19, 233, 1, 19, 57, 3951 }, // h
    { 4, 19, 94, 1, 19, 19, 4008 }, // i
    { 6, 25, 94, -1, 19, 38, 4027 }, // j
    { 13, 19, 216, 1, 19, 62, 4065 }, // k
    { 4, 19, 94, 1, 19, 19, 4127 }, // l
    { 19, 14, 347, 1, 14, 67, 4146 }, // m
    { 12, 14, 232, 1, 14, 42, 4213 }, // n
    { 13, 15, 235, 1, 14, 49, 4255 }, // o
    { 13, 20, 241, 1, 14, 65, 4304 }, // p
    { 13, 20, 241, 1, 14, 65, 4369 }, // q
    { 8, 14, 146, 1, 14, 28, 4434 }, // r
    { 11, 15, 206, 1, 14, 42, 4462 }, // s
    { 8, 18, 129, 0, 17, 36, 4504 }, // t
    { 12, 15, 233, 1, 14, 45, 4540 }, // u
    { 14, 14, 220, 0, 14, 49, 4585 }, // v
    { 20, 14, 321, 0, 14, 70, 4634 }, // w
    { 13, 14, 215, 0, 14, 46, 4704 }, // x
    { 14, 20, 220, 0, 14, 70, 4750 }, // y
    { 11, 14, 214, 1, 14, 39, 4820 }, // z
    { 9, 24, 167, 1, 20, 54, 4859 }, // {
    { 2, 31, 130, 3, 25, 16, 4913 }, // |
    { 8, 24, 167, 1, 20, 48, 4929 }, // }
    { 14, 6, 262, 1, 10, 21, 4977 }, // ~
    { 0, 0, 110, 0, 0, 0, 0 }, // U+00A0
    { 5, 19, 110, 1, 14, 24, 0 }, // U+00A1
    { 12, 19, 224, 1, 19, 57, 24 }, // U+00A2
    { 13, 19, 242, 1, 19, 62, 81 }, // U+00A3
    { 16, 17, 287, 1, 16, 68, 143 }, // U+00A4
    { 14, 19, 217, 0, 19, 67, 211 }, // U+00A5
    { 3, 23, 105, 2, 19, 18, 278 }, // U+00A6
    { 12, 23, 225, 1, 19, 69, 296 }, // U+00A7
    { 9, 4, 232, 3, 19, 9, 365 }, // U+00A8
    { 20, 20, 363, 1, 19, 100, 374 }, // U+00A9
    { 10, 12, 179, 0, 19, 30, 474 }, // U+00AA
    { 13, 13, 228, 1, 14, 43, 504 }, // U+00AB
    { 11, 7, 262, 2, 10, 20, 547 }, // U+00AC
    { 15, 15, 263, 1, 19, 57, 567 }, // U+00AE
    { 8, 2, 185, 2, 18, 4, 624 }, // U+00AF
    { 9, 9, 179, 1, 19, 21, 628 }, // U+00B0
    { 12, 14, 262, 2, 14, 42, 649 }, // U+00B1
    { 9, 11, 172, 1, 21, 25, 691 }, // U+00B2
    { 9, 11, 174, 1, 21, 25, 716 }, // U+00B3
    { 5, 4, 122, 1, 19, 5, 741 }, // U+00B4
    { 14, 20, 231, 1, 14, 70, 746 }, // U+00B5
    { 12, 19, 238, 1, 19, 57, 816 }, // U+00B6
    { 5, 5, 109, 1, 11, 7, 873 }, // U+00B7
    { 6, 7, 104, 1, 1, 11, 880 }, // U+00B8
    { 5, 11, 118, 1, 21, 14, 891 }, // U+00B9
    { 11, 12, 190, 0, 19, 33, 905 }, // U+00BA
    { 14, 13, 228, 0, 14, 46, 938 }, // U+00BB
    { 19, 19, 314, 0, 19, 91, 984 }, // U+00BC
    { 20, 19, 331, 0, 19, 95, 1075 }, // U+00BD
    { 20, 19, 346, 1, 19, 95, 1170 }, // U+00BE
    { 11, 19, 206, 1, 14, 53, 1265 }, // U+00BF
    { 17, 24, 273, 0, 24, 102, 1318 }, // U+00C0
    { 17, 24, 273, 0, 24, 102, 1420 }, // U+00C1
    { 17, 24, 273, 0, 24, 102, 1522 }, // U+00C2
    { 17, 24, 273, 0, 24, 102, 1624 }, // U+00C3
    { 17, 24, 273, 0, 24, 102, 1726 }, // U+00C4
    { 17, 25, 273, 0, 25, 107, 1828 }, // U+00C5
    { 24, 19, 395, 0, 19, 114, 1935 }, // U+00C6
    { 16, 25, 291, 1, 19, 100, 2049 }, // U+00C7
    { 12, 24, 238, 2, 24, 72, 2149 }, // U+00C8
    { 12, 24, 238, 2, 24, 72, 2221 }, // U+00C9
    { 12, 24, 238, 2, 24, 72, 2293 }, // U+00CA
    { 12, 24, 238, 2, 24, 72, 2365 }, // U+00CB
    { 5, 24, 104, 0, 24, 30, 2437 }, // U+00CC
    { 5, 24, 104, 2, 24, 30, 2467 }, // U+00CD
    { 9, 24, 104, -1, 24, 54, 2497 }, // U+00CE
    { 9, 24, 104, -1, 24, 54, 2551 }, // U+00CF
    { 17, 19, 293, 0, 19, 81, 2605 }, // U+00D0
    { 15, 24, 297, 2, 24, 90, 2686 }, // U+00D1
    { 17, 25, 304, 1, 24, 107, 2776 }, // U+00D2
    { 17, 25, 304, 1, 24, 107, 2883 }, // U+00D3
    { 17, 25, 304, 1, 24, 107, 2990 }, // U+00D4
    { 17, 25, 304, 1, 24, 107, 3097 }, // U+00D5
    { 17, 25, 304, 1, 24, 107, 3204 }, // U+00D6
    { 12, 12, 262, 2, 13, 36, 3311 }, // U+00D7
    { 17, 20, 304, 1, 19, 85, 3347 }, // U+00D8
    { 15, 25, 294, 2, 24, 94, 3432 }, // U+00D9
    { 15, 25, 294, 2, 24, 94, 3526 }, // U+00DA
    { 15, 25, 294, 2, 24, 94, 3620 }, // U+00DB
    { 15, 25, 294, 2, 24, 94, 3714 }, // U+00DC
    { 17, 24, 268, 0, 24, 102, 3808 }, // U+00DD
    { 13, 19, 251, 1, 19, 62, 3910 }, // U+00DE
    { 12, 19, 243, 2, 19, 57, 3972 }, // U+00DF
    { 11, 20, 221, 1, 19, 55, 4029 }, // U+00E0
    { 11, 20, 221, 1, 19, 55, 4084 }, // U+00E1
    { 11, 20, 221, 1, 19, 55, 4139 }, // U+00E2
    { 11, 20, 221, 1, 19, 55, 4194 }, // U+00E3
    { 11, 20, 221, 1, 19, 55, 4249 }, // U+00E4
    { 11, 22, 221, 1, 21, 61, 4304 }, // U+00E5
    { 21, 15, 363, 1, 14, 79, 4365 }, // U+00E6
    { 12, 20, 224, 1, 14, 60, 4444 }, // U+00E7
    { 13, 20, 229, 1, 19, 65, 4504 }, // U+00E8
    { 13, 20, 229, 1, 19, 65, 4569 }, // U+00E9
    { 13, 20, 229, 1, 19, 65, 4634 }, // U+00EA
    { 13, 20, 229, 1, 19, 65, 4699 }, // U+00EB
    { 6, 19, 94, -1, 19, 29, 4764 }, // U+00EC
    { 6, 19, 94, 1, 19, 29, 4793 }, // U+00ED
    { 8, 19, 94, -1, 19, 38, 4822 }, // U+00EE
    { 9, 19, 94, -2, 19, 43, 4860 }, // U+00EF
    { 13, 21, 230, 1, 20, 69, 4903 }, // U+00F0
    { 12, 19, 232, 1, 19, 57, 4972 }, // U+00F1
    { 13, 20, 235, 1, 19, 65, 5029 }, // U+00F2
    { 13, 20, 235, 1, 19, 65, 5094 }, // U+00F3
    { 13, 20, 235, 1, 19, 65, 5159 }, // U+00F4
    { 13, 20, 235, 1, 19, 65, 5224 }, // U+00F5
    { 13, 20, 235, 1, 19, 65, 5289 }, // U+00F6
    { 12, 14, 262, 2, 14, 42, 5354 }, // U+00F7
    { 14, 16, 235, 0, 15, 56, 5396 }, // U+00F8
    { 12, 20, 233, 1, 19, 60, 5452 }, // U+00F9
    { 12, 20, 233, 1, 19, 60, 5512 }, // U+00FA
    { 12, 20, 233, 1, 19, 60, 5572 }, // U+00FB
    { 12, 20, 233, 1, 19, 60, 5632 }, // U+00FC
    { 14, 25, 220, 0, 19, 88, 5692 }, // U+00FD
    { 13, 25, 241, 1, 19, 82, 5780 }, // U+00FE
    { 14, 25, 220, 0, 19, 88, 5862 }, // U+00FF
    { 17, 23, 273, 0, 23, 98, 0 }, // U+0100
    { 11, 19, 221, 1, 18, 53, 98 }, // U+0101
    { 17, 24, 273, 0, 24, 102, 151 }, // U+0102
    { 11, 20, 221, 1, 19, 55, 253 }, // U+0103
    { 18, 25, 273, 0, 19, 113, 308 }, // U+0104
    { 12, 20, 221, 1, 14, 60, 421 }, // U+0105
    { 16, 25, 291, 1, 24, 100, 481 }, // U+0106
    { 12, 20, 224, 1, 19, 60, 581 }, // U+0107
    { 16, 25, 291, 1, 24, 100, 641 }, // U+0108
    { 12, 20, 224, 1, 19, 60, 741 }, // U+0109
    { 16, 25, 291, 1, 24, 100, 801 }, // U+010A
    { 12, 20, 224, 1, 19, 60, 901 }, // U+010B
    { 16, 25, 291, 1, 24, 100, 961 }, // U+010C
    { 12, 20, 224, 1, 19, 60, 1061 }, // U+010D
    { 15, 24, 286, 2, 24, 90, 1121 }, // U+010E
    { 17, 21, 280, 1, 20, 90, 1211 }, // U+010F
    { 17, 19, 293, 0, 19, 81, 1301 }, // U+0110
    { 15, 20, 241, 1, 19, 75, 1382 }, // U+0111
    { 12, 23, 238, 2, 23, 69, 1457 }, // U+0112
    { 13, 19, 229, 1, 18, 62, 1526 }, // U+0113
    { 12, 24, 238, 2, 24, 72, 1588 }, // U+0114
    { 13, 20, 229, 1, 19, 65, 1660 }, // U+0115
    { 12, 24, 238, 2, 24, 72, 1725 }, // U+0116
    { 13, 20, 229, 1, 19, 65, 1797 }, // U+0117
    { 13, 25, 238, 2, 19, 82, 1862 }, // U+0118
    { 13, 20, 229, 1, 14, 65, 1944 }, // U+0119
    { 12, 24, 238, 2, 24, 72, 2009 }, // U+011A
    { 13, 20, 229, 1, 19, 65, 2081 }, // U+011B
    { 17, 25, 297, 1, 24, 107, 2146 }, // U+011C
    { 13, 25, 241, 1, 19, 82, 2253 }, // U+011D
    { 17, 25, 297, 1, 24, 107, 2335 }, // U+011E
    { 13, 25, 241, 1, 19, 82, 2442 }, // U+011F
    { 17, 25, 297, 1, 24, 107, 2524 }, // U+0120
    { 13, 25, 241, 1, 19, 82, 2631 }, // U+0121
    { 17, 26, 297, 1, 19, 111, 2713 }, // U+0122
    { 13, 27, 241, 1, 21, 88, 2824 }, // U+0123
    { 15, 24, 294, 2, 24, 90, 2912 }, // U+0124
    { 14, 24, 233, -1, 24, 84, 3002 }, // U+0125
    { 18, 19, 306, 1, 19, 86, 3086 }, // U+0126
    { 13, 19, 233, 0, 19, 62, 3172 }, // U+0127
    { 8, 24, 104, -1, 24, 48, 3234 }, // U+0128
    { 8, 19, 94, -1, 19, 38, 3282 }, // U+0129
    { 8, 23, 104, -1, 23, 46, 3320 }, // U+012A
    { 8, 18, 94, -1, 18, 36, 3366 }, // U+012B
    { 8, 24, 104, -1, 24, 48, 3402 }, // U+012C
    { 8, 19, 94, -1, 19, 38, 3450 }, // U+012D
    { 6, 25, 104, 0, 19, 38, 3488 }, // U+012E
    { 6, 25, 94, -1, 19, 38, 3526 }, // U+012F
    { 4, 24, 104, 1, 24, 24, 3564 }, // U+0130
    { 4, 14, 94, 1, 14, 14, 3588 }, // U+0131
    { 17, 20, 329, 2, 19, 85, 3602 }, // U+0132
    { 10, 25, 187, 1, 19, 63, 3687 }, // U+0133
    { 14, 25, 225, 1, 24, 88, 3750 }, // U+0134
    { 8, 25, 94, -1, 19, 50, 3838 }, // U+0135
    { 14, 26, 265, 2, 19, 91, 3888 }, // U+0136
    { 13, 26, 216, 1, 19, 85, 3979 }, // U+0137
    { 12, 14, 207, 1, 14, 42, 4064 }, // U+0138
    { 11, 24, 223, 2, 24, 66, 4106 }, // U+0139
    { 6, 24, 94, 1, 24, 36, 4172 }, // U+013A
    { 11, 26, 223, 2, 19, 72, 4208 }, // U+013B
    { 5, 26, 94, 0, 19, 33, 4280 }, // U+013C
    { 11, 20, 223, 2, 20, 55, 4313 }, // U+013D
    { 7, 20, 133, 1, 20, 35, 4368 }, // U+013E
    { 11, 19, 222, 2, 19, 53, 4403 }, // U+013F
    { 8, 19, 141, 1, 19, 38, 4456 }, // U+0140
    { 14, 19, 235, 0, 19, 67, 4494 }, // U+0141
    { 8, 19, 94, -1, 19, 38, 4561 }, // U+0142
    { 15, 24, 297, 2, 24, 90, 4599 }, // U+0143
    { 12, 19, 232, 1, 19, 57, 4689 }, // U+0144
    { 15, 26, 297, 2, 19, 98, 4746 }, // U+0145
    { 12, 21, 232, 1, 14, 63, 4844 }, // U+0146
    { 15, 24, 297, 2, 24, 90, 4907 }, // U+0147
    { 12, 19, 232, 1, 19, 57, 4997 }, // U+0148
    { 15, 25, 297, 2, 19, 94, 5054 }, // U+014A
    { 12, 20, 232, 1, 14, 60, 5148 }, // U+014B
    { 17, 24, 304, 1, 23, 102, 5208 }, // U+014C
    { 13, 19, 235, 1, 18, 62, 5310 }, // U+014D
    { 17, 25, 304, 1, 24, 107, 5372 }, // U+014E
    { 13, 20, 235, 1, 19, 65, 5479 }, // U+014F
    { 17, 25, 304, 1, 24, 107, 5544 }, // U+0150
    { 13, 20, 235, 1, 19, 65, 5651 }, // U+0151
    { 23, 19, 400, 1, 19, 110, 5716 }, // U+0152
    { 23, 15, 394, 1, 14, 87, 5826 }, // U+0153
    { 14, 24, 256, 2, 24, 84, 5913 }, // U+0154
    { 8, 19, 146, 1, 19, 38, 5997 }, // U+0155
    { 14, 26, 256, 2, 19, 91, 6035 }, // U+0156
    { 9, 21, 146, 0, 14, 48, 6126 }, // U+0157
    { 14, 24, 256, 2, 24, 84, 6174 }, // U+0158
    { 8, 19, 146, 1, 19, 38, 6258 }, // U+0159
    { 14, 25, 254, 1, 24, 88, 6296 }, // U+015A
    { 11, 20, 206, 1, 19, 55, 6384 }, // U+015B
    { 14, 25, 254, 1, 24, 88, 6439 }, // U+015C
    { 11, 20, 206, 1, 19, 55, 6527 }, // U+015D
    { 14, 25, 254, 1, 19, 88, 6582 }, // U+015E
    { 11, 20, 206, 1, 14, 55, 6670 }, // U+015F
    { 14, 25, 254, 1, 24, 88, 6725 }, // U+0160
    { 11, 20, 206, 1, 19, 55, 6813 }, // U+0161
    { 14, 25, 255, 1, 19, 88, 6868 }, // U+0162
    { 9, 23, 129, 0, 17, 52, 6956 }, // U+0163
    { 14, 24, 255, 1, 24, 84, 7008 }, // U+0164
    { 9, 22, 149, 0, 21, 50, 7092 }, // U+0165
    { 14, 19, 255, 1, 19, 67, 7142 }, // U+0166
    { 8, 18, 129, 0, 17, 36, 7209 }, // U+0167
    { 15, 25, 294, 2, 24, 94, 7245 }, // U+0168
    { 12, 20, 233, 1, 19, 60, 7339 }, // U+0169
    { 15, 24, 294, 2, 23, 90, 7399 }, // U+016A
    { 12, 19, 233, 1, 18, 57, 7489 }, // U+016B
    { 15, 25, 294, 2, 24, 94, 7546 }, // U+016C
    { 12, 20, 233, 1, 19, 60, 7640 }, // U+016D
    { 15, 26, 294, 2, 25, 98, 7700 }, // U+016E
    { 12, 22, 233, 1, 21, 66, 7798 }, // U+016F
    { 15, 25, 294, 2, 24, 94, 7864 }, // U+0170
    { 12, 20, 233, 1, 19, 60, 7958 }, // U+0171
    { 15, 25, 294, 2, 19, 94, 8018 }, // U+0172
    { 13, 20, 233, 1, 14, 65, 8112 }, // U+0173
    { 24, 24, 391, 0, 24, 144, 8177 }, // U+0174
    { 20, 19, 321, 0, 19, 95, 8321 }, // U+0175
    { 17, 24, 268, 0, 24, 102, 8416 }, // U+0176
    { 14, 25, 220, 0, 19, 88, 8518 }, // U+0177
    { 17, 24, 268, 0, 24, 102, 8606 }, // U+0178
    { 14, 24, 250, 1, 24, 84, 8708 }, // U+0179
    { 11, 19, 214, 1, 19, 53, 8792 }, // U+017A
    { 14, 24, 250, 1, 24, 84, 8845 }, // U+017B
    { 11, 19, 214, 1, 19, 53, 8929 }, // U+017C
    { 14, 24, 250, 1, 24, 84, 8982 }, // U+017D
    { 11, 19, 214, 1, 19, 53, 9066 }, // U+017E
    { 7, 19, 120, 1, 19, 34, 9119 }, // U+017F
    { 28, 19, 500, 2, 19, 133, 0 }, // U+01C5
    { 26, 20, 455, 1, 19, 130, 133 }, // U+01C6
    { 24, 20, 449, 2, 19, 120, 263 }, // U+01C7
    { 17, 25, 317, 2, 19, 107, 383 }, // U+01C8
    { 10, 25, 187, 1, 19, 63, 490 }, // U+01C9
    { 29, 20, 523, 2, 19, 145, 553 }, // U+01CA
    { 22, 25, 391, 2, 19, 138, 698 }, // U+01CB
    { 18, 25, 326, 1, 19, 113, 836 }, // U+01CC
    { 17, 24, 273, 0, 24, 102, 949 }, // U+01CD
    { 11, 20, 221, 1, 19, 55, 1051 }, // U+01CE
    { 9, 24, 104, -1, 24, 54, 1106 }, // U+01CF
    { 8, 19, 94, -1, 19, 38, 1160 }, // U+01D0
    { 17, 25, 304, 1, 24, 107, 1198 }, // U+01D1
    { 13, 20, 235, 1, 19, 65, 1305 }, // U+01D2
    { 15, 25, 294, 2, 24, 94, 1370 }, // U+01D3
    { 12, 20, 233, 1, 19, 60, 1464 }, // U+01D4
    { 15, 28, 294, 2, 27, 105, 1524 }, // U+01D5
    { 12, 23, 233, 1, 22, 69, 1629 }, // U+01D6
    { 15, 29, 294, 2, 28, 109, 1698 }, // U+01D7
    { 12, 24, 233, 1, 23, 72, 1807 }, // U+01D8
    { 15, 29, 294, 2, 28, 109, 1879 }, // U+01D9
    { 12, 24, 233, 1, 23, 72, 1988 }, // U+01DA
    { 15, 29, 294, 2, 28, 109, 2060 }, // U+01DB
    { 12, 24, 233, 1, 23, 72, 2169 }, // U+01DC
    { 13, 15, 229, 1, 14, 49, 2241 }, // U+01DD
    { 17, 27, 273, 0, 27, 115, 2290 }, // U+01DE
    { 11, 23, 221, 1, 22, 64, 2405 }, // U+01DF
    { 17, 27, 273, 0, 27, 115, 2469 }, // U+01E0
    { 11, 23, 221, 1, 22, 64, 2584 }, // U+01E1
    { 24, 23, 395, 0, 23, 138, 2648 }, // U+01E2
    { 21, 19, 363, 1, 18, 100, 2786 }, // U+01E3
    { 17, 20, 297, 1, 19, 85, 2886 }, // U+01E4
    { 16, 20, 266, 1, 14, 80, 2971 }, // U+01E5
    { 17, 25, 297, 1, 24, 107, 3051 }, // U+01E6
    { 13, 25, 241, 1, 19, 82, 3158 }, // U+01E7
    { 14, 24, 265, 2, 24, 84, 3240 }, // U+01E8
    { 15, 24, 216, -1, 24, 90, 3324 }, // U+01E9
    { 17, 25, 304, 1, 19, 107, 3414 }, // U+01EA
    { 13, 20, 235, 1, 14, 65, 3521 }, // U+01EB
    { 17, 29, 304, 1, 23, 124, 3586 }, // U+01EC
    { 13, 24, 235, 1, 18, 78, 3710 }, // U+01ED
    { 15, 30, 270, 1, 24, 113, 3788 }, // U+01EE
    { 13, 25, 246, 1, 19, 82, 3901 }, // U+01EF
    { 8, 25, 94, -1, 19, 50, 3983 }, // U+01F0
    { 31, 19, 536, 2, 19, 148, 4033 }, // U+01F1
    { 28, 19, 500, 2, 19, 133, 4181 }, // U+01F2
    { 26, 20, 455, 1, 19, 130, 4314 }, // U+01F3
    { 17, 25, 297, 1, 24, 107, 4444 }, // U+01F4
    { 13, 25, 241, 1, 19, 82, 4551 }, // U+01F5
    { 24, 20, 440, 2, 19, 120, 4633 }, // U+01F6
    { 14, 25, 251, 1, 19, 88, 4753 }, // U+01F7
    { 15, 24, 297, 2, 24, 90, 4841 }, // U+01F8
    { 12, 19, 232, 1, 19, 57, 4931 }, // U+01F9
    { 17, 28, 273, 0, 28, 119, 4988 }, // U+01FA
    { 11, 25, 221, 1, 24, 69, 5107 }, // U+01FB
    { 24, 24, 395, 0, 24, 144, 5176 }, // U+01FC
    { 21, 20, 363, 1, 19, 105, 5320 }, // U+01FD
    { 17, 25, 304, 1, 24, 107, 5425 }, // U+01FE
    { 14, 20, 235, 0, 19, 70, 5532 }, // U+01FF
    { 17, 24, 273, 0, 24, 102, 5602 }, // U+0200
    { 11, 20, 221, 1, 19, 55, 5704 }, // U+0201
    { 17, 25, 273, 0, 25, 107, 5759 }, // U+0202
    { 11, 21, 221, 1, 20, 58, 5866 }, // U+0203
    { 12, 24, 238, 2, 24, 72, 5924 }, // U+0204
    { 13, 20, 229, 1, 19, 65, 5996 }, // U+0205
    { 12, 25, 238, 2, 25, 75, 6061 }, // U+0206
    { 13, 21, 229, 1, 20, 69, 6136 }, // U+0207
    { 10, 24, 104, -3, 24, 60, 6205 }, // U+0208
    { 9, 19, 94, -3, 19, 43, 6265 }, // U+0209
    { 8, 25, 104, -1, 25, 50, 6308 }, // U+020A
    { 8, 20, 94, -1, 20, 40, 6358 }, // U+020B
    { 17, 25, 304, 1, 24, 107, 6398 }, // U+020C
    { 13, 20, 235, 1, 19, 65, 6505 }, // U+020D
    { 17, 26, 304, 1, 25, 111, 6570 }, // U+020E
    { 13, 21, 235, 1, 20, 69, 6681 }, // U+020F
    { 14, 24, 256, 2, 24, 84, 6750 }, // U+0210
    { 10, 19, 146, -1, 19, 48, 6834 }, // U+0211
    { 14, 25, 256, 2, 25, 88, 6882 }, // U+0212
    { 8, 20, 146, 1, 20, 40, 6970 }, // U+0213
    { 15, 25, 294, 2, 24, 94, 7010 }, // U+0214
    { 12, 20, 233, 1, 19, 60, 7104 }, // U+0215
    { 15, 26, 294, 2, 25, 98, 7164 }, // U+0216
    { 12, 21, 233, 1, 20, 63, 7262 }, // U+0217
    { 14, 26, 254, 1, 19, 91, 7325 }, // U+0218
    { 11, 21, 206, 1, 14, 58, 7416 }, // U+0219
    { 14, 26, 255, 1, 19, 91, 7474 }, // U+021A
    { 8, 24, 129, 0, 17, 48, 7565 }, // U+021B
    { 14, 25, 250, 1, 19, 88, 7613 }, // U+021C
    { 11, 20, 214, 1, 14, 55, 7701 }, // U+021D
    { 15, 24, 294, 2, 24, 90, 7756 }, // U+021E
    { 14, 24, 233, -1, 24, 84, 7846 }, // U+021F
    { 5, 4, 0, 1, 19, 5, 0 }, // U+0300
    { 5, 4, 0, 1, 19, 5, 5 }, // U+0301
    { 8, 4, 0, 1, 19, 8, 10 }, // U+0302
    { 8, 4, 0, 2, 19, 8, 18 }, // U+0303
    { 8, 2, 0, 2, 18, 4, 26 }, // U+0304
    { 8, 4, 0, 1, 19, 8, 30 }, // U+0306
    { 4, 4, 0, 1, 19, 4, 38 }, // U+0307
    { 9, 4, 0, 3, 19, 9, 42 }, // U+0308
    { 5, 4, 0, 1, 19, 5, 51 }, // U+0309
    { 7, 7, 0, 0, 21, 13, 56 }, // U+030A
    { 8, 4, 0, 1, 19, 8, 69 }, // U+030C
    { 9, 4, 0, 1, 19, 9, 77 }, // U+030F
    { 5, 8, 0, 4, 13, 10, 86 }, // U+0313
    { 5, 8, 0, 4, 13, 10, 96 }, // U+0315
    { 4, 6, 0, -5, 18, 6, 106 }, // U+031B
    { 4, 4, 94, 1, -2, 4, 112 }, // U+0323
    { 4, 6, 0, -10, -1, 6, 116 }, // U+0326
    { 6, 7, 0, 1, 1, 11, 122 }, // U+0327
    { 5, 7, 0, 1, 1, 9, 133 }, // U+0328
    { 8, 4, 0, 1, -2, 8, 142 }, // U+032C
    { 11, 17, 0, -13, 15, 47, 150 }, // U+0337
    { 15, 20, 0, -15, 19, 75, 197 }, // U+0338
    { 8, 4, 0, -11, 19, 8, 272 }, // U+0342
    { 4, 6, 0, 0, 16, 6, 280 }, // U+0343
    { 9, 6, 0, -12, 20, 14, 286 }, // U+0346
    { 8, 6, 0, -12, -3, 12, 300 }, // U+0347
    { 7, 6, 0, -10, 0, 11, 312 }, // U+0348
    { 6, 6, 0, -10, -1, 9, 323 }, // U+0349
    { 9, 6, 0, -12, 20, 14, 332 }, // U+034A
    { 10, 10, 0, -13, 23, 25, 346 }, // U+034B
    { 10, 6, 0, -12, 21, 15, 371 }, // U+034C
    { 11, 6, 0, -13, -1, 17, 386 }, // U+034D
    { 7, 6, 0, -11, -1, 11, 403 }, // U+034E
    { 0, 0, 0, 0, 0, 0, 414 }, // U+034F
    { 10, 10, 0, -12, 25, 25, 414 }, // U+0350
    { 3, 6, 0, -8, 19, 5, 439 }, // U+0351
    { 8, 7, 0, -11, 21, 14, 444 }, // U+0352
    { 7, 7, 0, -10, 0, 13, 458 }, // U+0353
    { 7, 7, 0, -10, 0, 13, 471 }, // U+0354
    { 7, 7, 0, -9, 0, 13, 484 }, // U+0355
    { 14, 7, 0, -12, 0, 25, 497 }, // U+0356
    { 4, 7, 0, 0, 21, 7, 522 }, // U+0357
    { 4, 4, 0, 1, 19, 4, 529 }, // U+0358
    { 6, 7, 0, -10, 0, 11, 533 }, // U+0359
    { 10, 6, 0, -12, 0, 15, 544 }, // U+035A
    { 6, 7, 0, -10, 21, 11, 559 }, // U+035B
    { 18, 5, 0, -9, 0, 23, 570 }, // U+035C
    { 18, 5, 0, -9, 19, 23, 593 }, // U+035D
    { 16, 3, 0, -15, 19, 12, 616 }, // U+035E
    { 16, 3, 0, -15, -2, 12, 628 }, // U+035F
    { 24, 4, 0, -12, 19, 24, 640 }, // U+0360
    { 18, 5, 0, -9, 19, 23, 664 }, // U+0361
    { 20, 6, 0, -9, -1, 30, 687 }, // U+0362
    { 7, 8, 0, -10, 22, 14, 717 }, // U+0363
    { 7, 8, 0, -10, 22, 14, 731 }, // U+0364
    { 2, 10, 0, -8, 24, 5, 745 }, // U+0365
    { 8, 8, 0, -11, 22, 16, 750 }, // U+0366
    { 6, 8, 0, -10, 22, 12, 766 }, // U+0367
    { 7, 8, 0, -11, 22, 14, 778 }, // U+0368
    { 7, 11, 0, -11, 25, 20, 792 }, // U+0369
    { 6, 11, 0, -10, 25, 17, 812 }, // U+036A
    { 10, 8, 0, -12, 22, 20, 829 }, // U+036B
    { 5, 8, 0, -9, 22, 10, 849 }, // U+036C
    { 5, 10, 0, 0, 24, 13, 859 }, // U+036D
    { 8, 8, 0, -11, 22, 16, 872 }, // U+036E
    { 7, 8, 0, -10, 22, 14, 888 }, // U+036F
    { 0, 0, 218, 0, 0, 0, 0 }, // U+2000
    { 0, 0, 436, 0, 0, 0, 0 }, // U+2001
    { 0, 0, 200, 0, 0, 0, 0 }, // U+2002
    { 0, 0, 400, 0, 0, 0, 0 }, // U+2003
    { 0, 0, 134, 0, 0, 0, 0 }, // U+2004
    { 0, 0, 100, 0, 0, 0, 0 }, // U+2005
    { 0, 0, 66, 0, 0, 0, 0 }, // U+2006
    { 0, 0, 259, 0, 0, 0, 0 }, // U+2007
    { 0, 0, 109, 0, 0, 0, 0 }, // U+2008
    { 0, 0, 70, 0, 0, 0, 0 }, // U+2009
    { 0, 0, 34, 0, 0, 0, 0 }, // U+200A
    { 0, 0, 0, 0, 0, 0, 0 }, // U+200B
    { 9, 3, 141, 0, 9, 7, 0 }, // U+2010
    { 9, 3, 141, 0, 9, 7, 7 }, // U+2011
    { 14, 3, 259, 1, 10, 11, 14 }, // U+2012
    { 13, 3, 200, 0, 9, 10, 25 }, // U+2013
    { 25, 3, 400, 0, 9, 19, 35 }, // U+2014
    { 25, 3, 400, 0, 9, 19, 54 }, // U+2015
    { 6, 31, 188, 3, 25, 47, 73 }, // U+2016
    { 13, 6, 178, -1, 0, 20, 120 }, // U+2017
    { 5, 8, 98, 1, 19, 10, 140 }, // U+2018
    { 5, 8, 98, 1, 19, 10, 150 }, // U+2019
    { 4, 8, 91, 1, 3, 8, 160 }, // U+201A
    { 5, 8, 98, 0, 19, 10, 168 }, // U+201B
    { 9, 8, 167, 1, 19, 18, 178 }, // U+201C
    { 9, 8, 167, 1, 19, 18, 196 }, // U+201D
    { 9, 8, 160, 1, 3, 18, 214 }, // U+201E
    { 9, 8, 167, 0, 19, 18, 232 }, // U+201F
    { 10, 15, 193, 1, 19, 38, 250 }, // U+2020
    { 10, 19, 193, 1, 19, 48, 288 }, // U+2021
    { 9, 9, 220, 2, 12, 21, 336 }, // U+2022
    { 7, 9, 220, 4, 12, 16, 357 }, // U+2023
    { 5, 5, 109, 1, 4, 7, 373 }, // U+2024
    { 11, 5, 218, 1, 4, 14, 380 }, // U+2025
    { 18, 5, 328, 1, 4, 23, 394 }, // U+2026
    { 5, 5, 109, 1, 11, 7, 417 }, // U+2027
    { 0, 0, 70, 0, 0, 0, 424 }, // U+202F
    { 28, 20, 520, 2, 19, 140, 424 }, // U+2030
    { 37, 20, 660, 2, 19, 185, 564 }, // U+2031
    { 4, 8, 86, 1, 19, 8, 749 }, // U+2032
    { 9, 8, 171, 1, 19, 18, 757 }, // U+2033
    { 14, 8, 256, 1, 19, 28, 775 }, // U+2034
    { 4, 8, 86, 1, 19, 8, 803 }, // U+2035
    { 9, 8, 171, 1, 19, 18, 811 }, // U+2036
    { 14, 8, 256, 1, 19, 28, 829 }, // U+2037
    { 10, 6, 179, 1, -1, 15, 857 }, // U+2038
    { 8, 13, 148, 1, 14, 26, 872 }, // U+2039
    { 9, 13, 148, 0, 14, 30, 898 }, // U+203A
    { 14, 15, 252, 1, 16, 53, 928 }, // U+203B
    { 11, 20, 218, 1, 19, 55, 981 }, // U+203C
    { 12, 20, 201, 0, 19, 60, 1036 }, // U+203D
    { 12, 3, 213, 1, 21, 9, 1096 }, // U+203E
    { 20, 5, 324, 0, -1, 25, 1105 }, // U+203F
    { 20, 5, 324, 0, 19, 25, 1130 }, // U+2040
    { 11, 15, 178, 0, 8, 42, 1155 }, // U+2041
    { 16, 16, 286, 1, 17, 64, 1197 }, // U+2042
    { 8, 3, 220, 3, 9, 6, 1261 }, // U+2043
    { 16, 19, 71, -6, 19, 76, 1267 }, // U+2044
    { 6, 24, 140, 2, 20, 36, 1343 }, // U+2045
    { 6, 24, 140, 1, 20, 36, 1379 }, // U+2046
    { 25, 20, 411, 0, 19, 125, 1415 }, // U+2047
    { 18, 20, 315, 0, 19, 90, 1540 }, // U+2048
    { 18, 20, 315, 1, 19, 90, 1630 }, // U+2049
    { 9, 20, 173, 1, 14, 45, 1720 }, // U+204A
    { 12, 19, 238, 2, 19, 57, 1765 }, // U+204B
    { 12, 11, 234, 1, 13, 33, 1822 }, // U+204C
    { 12, 11, 234, 1, 13, 33, 1855 }, // U+204D
    { 11, 12, 197, 1, 9, 33, 1888 }, // U+204E
    { 5, 18, 114, 1, 13, 23, 1921 }, // U+204F
    { 20, 25, 322, 0, 19, 125, 1944 }, // U+2050
    { 11, 25, 213, 2, 19, 69, 2069 }, // U+2051
    { 16, 19, 285, 1, 19, 76, 2138 }, // U+2052
    { 16, 6, 287, 1, 12, 24, 2214 }, // U+2053
    { 20, 5, 324, 0, -1, 25, 2238 }, // U+2054
    { 11, 11, 216, 1, 12, 31, 2263 }, // U+2055
    { 20, 8, 341, 1, 19, 40, 2294 }, // U+2057
    { 0, 0, 110, 0, 0, 0, 2334 }, // U+205F
    { 10, 11, 180, 1, 21, 28, 0 }, // U+2070
    { 3, 12, 77, 1, 22, 9, 28 }, // U+2071
    { 10, 11, 179, 1, 21, 28, 37 }, // U+2074
    { 9, 11, 171, 1, 21, 25, 65 }, // U+2075
    { 9, 11, 173, 1, 21, 25, 90 }, // U+2076
    { 9, 11, 158, 0, 21, 25, 115 }, // U+2077
    { 9, 11, 175, 1, 21, 25, 140 }, // U+2078
    { 9, 11, 173, 1, 21, 25, 165 }, // U+2079
    { 9, 7, 171, 1, 19, 16, 190 }, // U+207A
    { 9, 3, 171, 1, 17, 7, 206 }, // U+207B
    { 8, 6, 171, 1, 18, 12, 213 }, // U+207C
    { 5, 13, 104, 1, 22, 17, 225 }, // U+207D
    { 5, 13, 104, 0, 22, 17, 242 }, // U+207E
    { 9, 9, 169, 1, 19, 21, 259 }, // U+207F
    { 10, 11, 180, 1, 6, 28, 280 }, // U+2080
    { 5, 11, 118, 1, 6, 14, 308 }, // U+2081
    { 9, 11, 172, 1, 6, 25, 322 }, // U+2082
    { 9, 11, 174, 1, 6, 25, 347 }, // U+2083
    { 10, 11, 179, 1, 6, 28, 372 }, // U+2084
    { 9, 11, 171, 1, 6, 25, 400 }, // U+2085
    { 9, 11, 173, 1, 6, 25, 425 }, // U+2086
    { 9, 11, 158, 0, 6, 25, 450 }, // U+2087
    { 9, 11, 175, 1, 6, 25, 475 }, // U+2088
    { 9, 11, 173, 1, 6, 25, 500 }, // U+2089
    { 9, 7, 171, 1, 4, 16, 525 }, // U+208A
    { 9, 3, 171, 1, 2, 7, 541 }, // U+208B
    { 8, 6, 171, 1, 3, 12, 548 }, // U+208C
    { 5, 13, 104, 1, 7, 17, 560 }, // U+208D
    { 5, 13, 104, 0, 7, 17, 577 }, // U+208E
    { 9, 9, 157, 0, 4, 21, 594 }, // U+2090
    { 10, 9, 162, 0, 4, 23, 615 }, // U+2091
    { 10, 9, 166, 0, 4, 23, 638 }, // U+2092
    { 10, 9, 156, 0, 4, 23, 661 }, // U+2093
    { 10, 11, 177, 1, 5, 28, 684 }, // U+2094
    { 9, 11, 169, 1, 6, 25, 712 }, // U+2095
    { 9, 11, 155, 1, 6, 25, 737 }, // U+2096
    { 3, 11, 77, 1, 6, 9, 762 }, // U+2097
    { 13, 9, 244, 1, 4, 30, 771 }, // U+2098
    { 9, 9, 169, 1, 4, 21, 801 }, // U+2099
    { 9, 11, 170, 1, 4, 25, 822 }, // U+209A
    { 9, 9, 151, 0, 4, 21, 847 }, // U+209B
    { 6, 11, 98, 0, 6, 17, 868 }, // U+209C
    { 16, 20, 288, 1, 19, 80, 0 }, // U+20A0
    { 16, 24, 291, 1, 21, 96, 80 }, // U+20A1
    { 16, 20, 289, 1, 19, 80, 176 }, // U+20A2
    { 15, 19, 240, -1, 19, 72, 256 }, // U+20A3
    { 13, 19, 242, 1, 19, 62, 328 }, // U+20A4
    { 19, 18, 340, 1, 16, 86, 390 }, // U+20A5
    { 19, 19, 305, 0, 19, 91, 476 }, // U+20A6
    { 21, 20, 376, 2, 19, 105, 567 }, // U+20A7
    { 25, 20, 444, 2, 19, 125, 672 }, // U+20A8
    { 24, 19, 379, 0, 19, 114, 797 }, // U+20A9
    { 17, 14, 323, 2, 14, 60, 911 }, // U+20AA
    { 15, 25, 241, 1, 19, 94, 971 }, // U+20AB
    { 16, 20, 264, 0, 19, 80, 1065 }, // U+20AC
    { 18, 19, 281, 0, 19, 86, 1145 }, // U+20AD
    { 14, 19, 255, 1, 19, 67, 1231 }, // U+20AE
    { 33, 27, 550, 1, 21, 223, 1298 }, // U+20AF
    { 16, 19, 263, 0, 19, 76, 1521 }, // U+20B1
    { 17, 24, 297, 1, 21, 102, 1597 }, // U+20B2
    { 17, 19, 273, 0, 19, 81, 1699 }, // U+20B3
    { 14, 20, 250, 1, 19, 70, 1780 }, // U+20B4
    { 16, 24, 291, 1, 21, 96, 1850 }, // U+20B5
    { 14, 19, 255, 1, 19, 67, 1946 }, // U+20B8
    { 13, 19, 214, 0, 19, 62, 2013 }, // U+20B9
    { 13, 20, 235, 1, 19, 65, 2075 }, // U+20BA
    { 16, 14, 288, 1, 14, 56, 2140 }, // U+20BC
    { 17, 19, 277, 0, 19, 81, 2196 }, // U+20BD
    { 16, 19, 287, 1, 19, 76, 2277 }, // U+20BE
    { 13, 24, 260, 2, 21, 78, 2353 }, // U+20BF
    { 19, 16, 379, 2, 16, 76, 0 }, // U+2190
    { 17, 19, 331, 2, 19, 81, 76 }, // U+2191
    { 19, 16, 379, 3, 16, 76, 157 }, // U+2192
    { 17, 20, 331, 2, 19, 85, 233 }, // U+2193
    { 29, 16, 534, 2, 16, 116, 318 }, // U+2194
    { 17, 30, 331, 2, 23, 128, 434 }, // U+2195
    { 15, 15, 306, 2, 14, 57, 562 }, // U+2196
    { 15, 15, 306, 2, 14, 57, 619 }, // U+2197
    { 15, 14, 306, 2, 14, 53, 676 }, // U+2198
    { 15, 14, 306, 2, 14, 53, 729 }, // U+2199
    { 25, 19, 455, 2, 19, 119, 782 }, // U+21A9
    { 25, 19, 455, 2, 19, 119, 901 }, // U+21AA
    { 21, 19, 392, 2, 19, 100, 1020 }, // U+21B0
    { 21, 19, 392, 2, 19, 100, 1120 }, // U+21B1
    { 21, 17, 392, 2, 19, 90, 1220 }, // U+21B3
    { 17, 20, 330, 2, 19, 85, 1310 }, // U+21B4
    { 21, 17, 392, 2, 19, 90, 1395 }, // U+21B5
    { 19, 23, 379, 2, 23, 110, 1485 }, // U+21BA
    { 19, 23, 379, 2, 23, 110, 1595 }, // U+21BB
    { 19, 17, 379, 2, 16, 81, 1705 }, // U+21D0
    { 19, 17, 379, 3, 16, 81, 1786 }, // U+21D2
    { 29, 17, 534, 2, 16, 124, 1867 }, // U+21D4
    { 11, 19, 240, 2, 19, 53, 1991 }, // U+21DE
    { 11, 20, 240, 2, 19, 55, 2044 }, // U+21DF
    { 21, 12, 403, 2, 15, 63, 2099 }, // U+21E4
    { 21, 12, 403, 2, 15, 63, 2162 }, // U+21E5
    { 22, 20, 409, 2, 20, 110, 2225 }, // U+21E7
    { 22, 24, 409, 2, 20, 132, 2335 }, // U+21EA
    { 13, 20, 250, 1, 19, 65, 0 }, // U+2202
    { 15, 16, 271, 1, 15, 60, 65 }, // U+2205
    { 17, 19, 269, 0, 19, 81, 125 }, // U+2206
    { 14, 22, 286, 2, 19, 77, 206 }, // U+220F
    { 15, 23, 251, 0, 19, 87, 283 }, // U+2211
    { 12, 3, 262, 2, 9, 9, 370 }, // U+2212
    { 15, 19, 249, 0, 19, 72, 379 }, // U+221A
    { 21, 11, 371, 1, 13, 58, 451 }, // U+221E
    { 10, 26, 144, -1, 20, 65, 509 }, // U+222B
    { 5, 15, 109, 1, 17, 19, 574 }, // U+2236
    { 14, 11, 262, 1, 13, 39, 593 }, // U+2248
    { 12, 14, 262, 2, 14, 42, 632 }, // U+2260
    { 12, 14, 262, 2, 14, 42, 674 }, // U+2264
    { 12, 14, 262, 2, 14, 42, 716 }, // U+2265
    { 35, 35, 556, 0, 27, 307, 758 }, // U+2295
    { 35, 35, 556, 0, 27, 307, 1065 }, // U+2296
    { 35, 35, 556, 0, 27, 307, 1372 }, // U+2297
    { 35, 35, 556, 0, 27, 307, 1679 }, // U+2298
};

static const EpdUnicodeInterval inter_12_regularIntervals[] = {
    { 0x0, 0x0, 0x0 },
    { 0x20, 0x7E, 0x1 },
    { 0xA0, 0xAC, 0x60 },
    { 0xAE, 0xFF, 0x6D },
    { 0x100, 0x148, 0xBF },
    { 0x14A, 0x17F, 0x108 },
    { 0x1C5, 0x21F, 0x13E },
    { 0x300, 0x304, 0x199 },
    { 0x306, 0x30A, 0x19E },
    { 0x30C, 0x30C, 0x1A3 },
    { 0x30F, 0x30F, 0x1A4 },
    { 0x313, 0x313, 0x1A5 },
    { 0x315, 0x315, 0x1A6 },
    { 0x31B, 0x31B, 0x1A7 },
    { 0x323, 0x323, 0x1A8 },
    { 0x326, 0x328, 0x1A9 },
    { 0x32C, 0x32C, 0x1AC },
    { 0x337, 0x338, 0x1AD },
    { 0x342, 0x343, 0x1AF },
    { 0x346, 0x36F, 0x1B1 },
    { 0x2000, 0x200B, 0x1DB },
    { 0x2010, 0x2027, 0x1E7 },
    { 0x202F, 0x2055, 0x1FF },
    { 0x2057, 0x2057, 0x226 },
    { 0x205F, 0x205F, 0x227 },
    { 0x2070, 0x2071, 0x228 },
    { 0x2074, 0x208E, 0x22A },
    { 0x2090, 0x209C, 0x245 },
    { 0x20A0, 0x20AF, 0x252 },
    { 0x20B1, 0x20B5, 0x262 },
    { 0x20B8, 0x20BA, 0x267 },
    { 0x20BC, 0x20BF, 0x26A },
    { 0x2190, 0x2199, 0x26E },
    { 0x21A9, 0x21AA, 0x278 },
    { 0x21B0, 0x21B1, 0x27A },
    { 0x21B3, 0x21B5, 0x27C },
    { 0x21BA, 0x21BB, 0x27F },
    { 0x21D0, 0x21D0, 0x281 },
    { 0x21D2, 0x21D2, 0x282 },
    { 0x21D4, 0x21D4, 0x283 },
    { 0x21DE, 0x21DF, 0x284 },
    { 0x21E4, 0x21E5, 0x286 },
    { 0x21E7, 0x21E7, 0x288 },
    { 0x21EA, 0x21EA, 0x289 },
    { 0x2202, 0x2202, 0x28A },
    { 0x2205, 0x2206, 0x28B },
    { 0x220F, 0x220F, 0x28D },
    { 0x2211, 0x2212, 0x28E },
    { 0x221A, 0x221A, 0x290 },
    { 0x221E, 0x221E, 0x291 },
    { 0x222B, 0x222B, 0x292 },
    { 0x2236, 0x2236, 0x293 },
    { 0x2248, 0x2248, 0x294 },
    { 0x2260, 0x2260, 0x295 },
    { 0x2264, 0x2265, 0x296 },
    { 0x2295, 0x2298, 0x298 },
};

static const EpdFontGroup inter_12_regularGroups[] = {
    { 0, 2588, 5717, 96, 0 },
    { 2588, 2320, 6714, 95, 96 },
    { 4908, 2749, 10156, 127, 191 },
    { 7657, 2566, 8776, 91, 318 },
    { 10223, 694, 1037, 66, 409 },
    { 10917, 1314, 2599, 77, 475 },
    { 12231, 513, 1140, 42, 552 },
    { 12744, 1420, 2653, 28, 594 },
    { 14164, 1013, 2724, 28, 622 },
    { 15177, 752, 2108, 18, 650 },
};

static const EpdKernClassEntry inter_12_regularKernLeftClasses[] = {
    { 0x0022, 1 }, // "
    { 0x0024, 2 }, // $
    { 0x0025, 3 }, // %
    { 0x0026, 4 }, // &
    { 0x0027, 1 }, // '
    { 0x0028, 5 }, // (
    { 0x0029, 6 }, // )
    { 0x002A, 7 }, // *
    { 0x002B, 8 }, // +
    { 0x002C, 9 }, // ,
    { 0x002D, 8 }, // -
    { 0x002E, 9 }, // .
    { 0x002F, 10 }, // /
    { 0x0030, 11 }, // 0
    { 0x0031, 12 }, // 1
    { 0x0032, 13 }, // 2
    { 0x0033, 14 }, // 3
    { 0x0034, 15 }, // 4
    { 0x0035, 16 }, // 5
    { 0x0036, 17 }, // 6
    { 0x0037, 18 }, // 7
    { 0x0038, 14 }, // 8
    { 0x0039, 11 }, // 9
    { 0x003A, 19 }, // :
    { 0x003B, 19 }, // ;
    { 0x003D, 20 }, // =
    { 0x003E, 21 }, // >
    { 0x003F, 22 }, // ?
    { 0x0040, 23 }, // @
    { 0x0041, 24 }, // A
    { 0x0042, 25 }, // B
    { 0x0043, 26 }, // C
    { 0x0044, 23 }, // D
    { 0x0045, 27 }, // E
    { 0x0046, 28 }, // F
    { 0x0047, 29 }, // G
    { 0x0048, 12 }, // H
    { 0x0049, 12 }, // I
    { 0x004A, 30 }, // J
    { 0x004B, 31 }, // K
    { 0x004C, 32 }, // L
    { 0x004D, 12 }, // M
    { 0x004E, 12 }, // N
    { 0x004F, 23 }, // O
    { 0x0050, 33 }, // P
    { 0x0051, 23 }, // Q
    { 0x0052, 34 }, // R
    { 0x0053, 2 }, // S
    { 0x0054, 35 }, // T
    { 0x0055, 30 }, // U
    { 0x0056, 36 }, // V
    { 0x0057, 37 }, // W
    { 0x0058, 38 }, // X
    { 0x0059, 39 }, // Y
    { 0x005A, 40 }, // Z
    { 0x005B, 41 }, // [
    { 0x005C, 42 }, // <backslash>
    { 0x005D, 6 }, // ]
    { 0x005E, 7 }, // ^
    { 0x005F, 43 }, // _
    { 0x0061, 44 }, // a
    { 0x0062, 45 }, // b
    { 0x0063, 45 }, // c
    { 0x0064, 12 }, // d
    { 0x0065, 45 }, // e
    { 0x0066, 46 }, // f
    { 0x0067, 47 }, // g
    { 0x0068, 44 }, // h
    { 0x0069, 48 }, // i
    { 0x006A, 48 }, // j
    { 0x006B, 49 }, // k
    { 0x006C, 12 }, // l
    { 0x006D, 44 }, // m
    { 0x006E, 44 }, // n
    { 0x006F, 45 }, // o
    { 0x0070, 45 }, // p
    { 0x0071, 47 }, // q
    { 0x0072, 50 }, // r
    { 0x0073, 51 }, // s
    { 0x0074, 52 }, // t
    { 0x0075, 53 }, // u
    { 0x0076, 54 }, // v
    { 0x0077, 55 }, // w
    { 0x0078, 56 }, // x
    { 0x0079, 54 }, // y
    { 0x007A, 57 }, // z
    { 0x007B, 5 }, // {
    { 0x007C, 12 }, // |
    { 0x007D, 6 }, // }
    { 0x007E, 58 }, // ~
    { 0x00A1, 59 }, // U+00A1
    { 0x00A2, 45 }, // U+00A2
    { 0x00A5, 60 }, // U+00A5
    { 0x00A9, 23 }, // U+00A9
    { 0x00AA, 61 }, // U+00AA
    { 0x00AB, 62 }, // U+00AB
    { 0x00AC, 47 }, // U+00AC
    { 0x00AE, 63 }, // U+00AE
    { 0x00B0, 7 }, // U+00B0
    { 0x00B1, 20 }, // U+00B1
    { 0x00B2, 64 }, // U+00B2
    { 0x00B5, 65 }, // U+00B5
    { 0x00B6, 12 }, // U+00B6
    { 0x00B7, 66 }, // U+00B7
    { 0x00BA, 61 }, // U+00BA
    { 0x00BB, 67 }, // U+00BB
    { 0x00BF, 68 }, // U+00BF
    { 0x00C0, 24 }, // U+00C0
    { 0x00C1, 24 }, // U+00C1
    { 0x00C2, 24 }, // U+00C2
    { 0x00C3, 24 }, // U+00C3
    { 0x00C4, 24 }, // U+00C4
    { 0x00C5, 24 }, // U+00C5
    { 0x00C6, 27 }, // U+00C6
    { 0x00C7, 26 }, // U+00C7
    { 0x00C8, 27 }, // U+00C8
    { 0x00C9, 27 }, // U+00C9
    { 0x00CA, 27 }, // U+00CA
    { 0x00CB, 27 }, // U+00CB
    { 0x00CC, 12 }, // U+00CC
    { 0x00CD, 12 }, // U+00CD
    { 0x00CE, 69 }, // U+00CE
    { 0x00CF, 69 }, // U+00CF
    { 0x00D0, 23 }, // U+00D0
    { 0x00D1, 12 }, // U+00D1
    { 0x00D2, 23 }, // U+00D2
    { 0x00D3, 23 }, // U+00D3
    { 0x00D4, 23 }, // U+00D4
    { 0x00D5, 23 }, // U+00D5
    { 0x00D6, 23 }, // U+00D6
    { 0x00D7, 70 }, // U+00D7
    { 0x00D8, 23 }, // U+00D8
    { 0x00D9, 30 }, // U+00D9
    { 0x00DA, 30 }, // U+00DA
    { 0x00DB, 30 }, // U+00DB
    { 0x00DC, 30 }, // U+00DC
    { 0x00DD, 39 }, // U+00DD
    { 0x00DE, 71 }, // U+00DE
    { 0x00DF, 72 }, // U+00DF
    { 0x00E0, 44 }, // U+00E0
    { 0x00E1, 44 }, // U+00E1
    { 0x00E2, 44 }, // U+00E2
    { 0x00E3, 44 }, // U+00E3
    { 0x00E4, 44 }, // U+00E4
    { 0x00E5, 44 }, // U+00E5
    { 0x00E6, 73 }, // U+00E6
    { 0x00E7, 45 }, // U+00E7
    { 0x00E8, 45 }, // U+00E8
    { 0x00E9, 45 }, // U+00E9
    { 0x00EA, 45 }, // U+00EA
    { 0x00EB, 45 }, // U+00EB
    { 0x00EC, 48 }, // U+00EC
    { 0x00ED, 48 }, // U+00ED
    { 0x00EE, 74 }, // U+00EE
    { 0x00EF, 75 }, // U+00EF
    { 0x00F0, 45 }, // U+00F0
    { 0x00F1, 76 }, // U+00F1
    { 0x00F2, 45 }, // U+00F2
    { 0x00F3, 45 }, // U+00F3
    { 0x00F4, 45 }, // U+00F4
    { 0x00F5, 77 }, // U+00F5
    { 0x00F6, 77 }, // U+00F6
    { 0x00F7, 8 }, // U+00F7
    { 0x00F8, 45 }, // U+00F8
    { 0x00F9, 53 }, // U+00F9
    { 0x00FA, 53 }, // U+00FA
    { 0x00FB, 53 }, // U+00FB
    { 0x00FC, 53 }, // U+00FC
    { 0x00FD, 54 }, // U+00FD
    { 0x00FE, 45 }, // U+00FE
    { 0x00FF, 54 }, // U+00FF
    { 0x0100, 24 }, // U+0100
    { 0x0101, 78 }, // U+0101
    { 0x0102, 24 }, // U+0102
    { 0x0103, 44 }, // U+0103
    { 0x0104, 24 }, // U+0104
    { 0x0105, 44 }, // U+0105
    { 0x0106, 26 }, // U+0106
    { 0x0107, 45 }, // U+0107
    { 0x0108, 26 }, // U+0108
    { 0x0109, 45 }, // U+0109
    { 0x010A, 26 }, // U+010A
    { 0x010B, 45 }, // U+010B
    { 0x010C, 26 }, // U+010C
    { 0x010D, 45 }, // U+010D
    { 0x010E, 23 }, // U+010E
    { 0x010F, 79 }, // U+010F
    { 0x0111, 80 }, // U+0111
    { 0x0112, 27 }, // U+0112
    { 0x0113, 45 }, // U+0113
    { 0x0114, 27 }, // U+0114
    { 0x0115, 45 }, // U+0115
    { 0x0116, 27 }, // U+0116
    { 0x0117, 45 }, // U+0117
    { 0x0118, 27 }, // U+0118
    { 0x0119, 45 }, // U+0119
    { 0x011A, 27 }, // U+011A
    { 0x011B, 45 }, // U+011B
    { 0x011C, 29 }, // U+011C
    { 0x011D, 47 }, // U+011D
    { 0x011E, 29 }, // U+011E
    { 0x011F, 47 }, // U+011F
    { 0x0120, 29 }, // U+0120
    { 0x0121, 47 }, // U+0121
    { 0x0122, 29 }, // U+0122
    { 0x0123, 47 }, // U+0123
    { 0x0124, 12 }, // U+0124
    { 0x0125, 44 }, // U+0125
    { 0x0126, 12 }, // U+0126
    { 0x0127, 44 }, // U+0127
    { 0x0128, 69 }, // U+0128
    { 0x0129, 81 }, // U+0129
    { 0x012A, 69 }, // U+012A
    { 0x012B, 82 }, // U+012B
    { 0x012C, 69 }, // U+012C
    { 0x012D, 83 }, // U+012D
    { 0x012E, 12 }, // U+012E
    { 0x012F, 48 }, // U+012F
    { 0x0130, 12 }, // U+0130
    { 0x0131, 48 }, // U+0131
    { 0x0133, 48 }, // U+0133
    { 0x0134, 30 }, // U+0134
    { 0x0135, 84 }, // U+0135
    { 0x0136, 31 }, // U+0136
    { 0x0137, 49 }, // U+0137
    { 0x0138, 49 }, // U+0138
    { 0x0139, 85 }, // U+0139
    { 0x013A, 86 }, // U+013A
    { 0x013B, 32 }, // U+013B
    { 0x013C, 12 }, // U+013C
    { 0x013D, 87 }, // U+013D
    { 0x013E, 12 }, // U+013E
    { 0x013F, 88 }, // U+013F
    { 0x0140, 89 }, // U+0140
    { 0x0141, 90 }, // U+0141
    { 0x0142, 91 }, // U+0142
    { 0x0143, 12 }, // U+0143
    { 0x0144, 44 }, // U+0144
    { 0x0145, 12 }, // U+0145
    { 0x0146, 44 }, // U+0146
    { 0x0147, 12 }, // U+0147
    { 0x0148, 44 }, // U+0148
    { 0x014A, 12 }, // U+014A
    { 0x014C, 23 }, // U+014C
    { 0x014D, 45 }, // U+014D
    { 0x014E, 23 }, // U+014E
    { 0x014F, 45 }, // U+014F
    { 0x0150, 23 }, // U+0150
    { 0x0151, 45 }, // U+0151
    { 0x0152, 27 }, // U+0152
    { 0x0153, 45 }, // U+0153
    { 0x0154, 34 }, // U+0154
    { 0x0155, 50 }, // U+0155
    { 0x0156, 34 }, // U+0156
    { 0x0157, 50 }, // U+0157
    { 0x0158, 34 }, // U+0158
    { 0x0159, 50 }, // U+0159
    { 0x015A, 2 }, // U+015A
    { 0x015B, 51 }, // U+015B
    { 0x015C, 2 }, // U+015C
    { 0x015D, 51 }, // U+015D
    { 0x015E, 2 }, // U+015E
    { 0x015F, 51 }, // U+015F
    { 0x0160, 2 }, // U+0160
    { 0x0161, 51 }, // U+0161
    { 0x0162, 92 }, // U+0162
    { 0x0163, 52 }, // U+0163
    { 0x0164, 93 }, // U+0164
    { 0x0165, 52 }, // U+0165
    { 0x0166, 94 }, // U+0166
    { 0x0167, 52 }, // U+0167
    { 0x0168, 30 }, // U+0168
    { 0x0169, 53 }, // U+0169
    { 0x016A, 30 }, // U+016A
    { 0x016B, 53 }, // U+016B
    { 0x016C, 30 }, // U+016C
    { 0x016D, 53 }, // U+016D
    { 0x016E, 30 }, // U+016E
    { 0x016F, 53 }, // U+016F
    { 0x0170, 30 }, // U+0170
    { 0x0171, 53 }, // U+0171
    { 0x0172, 30 }, // U+0172
    { 0x0173, 53 }, // U+0173
    { 0x0174, 37 }, // U+0174
    { 0x0175, 55 }, // U+0175
    { 0x0176, 39 }, // U+0176
    { 0x0177, 54 }, // U+0177
    { 0x0178, 39 }, // U+0178
    { 0x0179, 40 }, // U+0179
    { 0x017A, 57 }, // U+017A
    { 0x017B, 40 }, // U+017B
    { 0x017C, 57 }, // U+017C
    { 0x017D, 40 }, // U+017D
    { 0x017E, 57 }, // U+017E
    { 0x017F, 95 }, // U+017F
    { 0x01C5, 96 }, // U+01C5
    { 0x01C6, 57 }, // U+01C6
    { 0x01C8, 48 }, // U+01C8
    { 0x01C9, 48 }, // U+01C9
    { 0x01CB, 48 }, // U+01CB
    { 0x01CC, 48 }, // U+01CC
    { 0x01CD, 24 }, // U+01CD
    { 0x01CE, 44 }, // U+01CE
    { 0x01CF, 86 }, // U+01CF
    { 0x01D0, 97 }, // U+01D0
    { 0x01D1, 23 }, // U+01D1
    { 0x01D2, 45 }, // U+01D2
    { 0x01D3, 30 }, // U+01D3
    { 0x01D4, 53 }, // U+01D4
    { 0x01D5, 30 }, // U+01D5
    { 0x01D6, 53 }, // U+01D6
    { 0x01D7, 30 }, // U+01D7
    { 0x01D8, 53 }, // U+01D8
    { 0x01D9, 30 }, // U+01D9
    { 0x01DA, 53 }, // U+01DA
    { 0x01DB, 30 }, // U+01DB
    { 0x01DC, 53 }, // U+01DC
    { 0x01DD, 98 }, // U+01DD
    { 0x01DE, 24 }, // U+01DE
    { 0x01DF, 44 }, // U+01DF
    { 0x01E0, 24 }, // U+01E0
    { 0x01E1, 44 }, // U+01E1
    { 0x01E2, 27 }, // U+01E2
    { 0x01E3, 73 }, // U+01E3
    { 0x01E4, 29 }, // U+01E4
    { 0x01E5, 47 }, // U+01E5
    { 0x01E6, 29 }, // U+01E6
    { 0x01E7, 47 }, // U+01E7
    { 0x01E8, 31 }, // U+01E8
    { 0x01E9, 49 }, // U+01E9
    { 0x01EA, 23 }, // U+01EA
    { 0x01EB, 45 }, // U+01EB
    { 0x01EC, 23 }, // U+01EC
    { 0x01ED, 45 }, // U+01ED
    { 0x01F0, 48 }, // U+01F0
    { 0x01F1, 99 }, // U+01F1
    { 0x01F2, 57 }, // U+01F2
    { 0x01F3, 57 }, // U+01F3
    { 0x01F4, 29 }, // U+01F4
    { 0x01F5, 47 }, // U+01F5
    { 0x01F6, 100 }, // U+01F6
    { 0x01F8, 12 }, // U+01F8
    { 0x01F9, 44 }, // U+01F9
    { 0x01FA, 24 }, // U+01FA
    { 0x01FB, 44 }, // U+01FB
    { 0x01FC, 27 }, // U+01FC
    { 0x01FD, 73 }, // U+01FD
    { 0x01FE, 23 }, // U+01FE
    { 0x01FF, 45 }, // U+01FF
    { 0x0200, 24 }, // U+0200
    { 0x0201, 44 }, // U+0201
    { 0x0202, 24 }, // U+0202
    { 0x0203, 44 }, // U+0203
    { 0x0204, 27 }, // U+0204
    { 0x0205, 45 }, // U+0205
    { 0x0206, 27 }, // U+0206
    { 0x0207, 45 }, // U+0207
    { 0x0208, 101 }, // U+0208
    { 0x0209, 102 }, // U+0209
    { 0x020A, 69 }, // U+020A
    { 0x020B, 103 }, // U+020B
    { 0x020C, 23 }, // U+020C
    { 0x020D, 45 }, // U+020D
    { 0x020E, 23 }, // U+020E
    { 0x020F, 45 }, // U+020F
    { 0x0210, 34 }, // U+0210
    { 0x0211, 50 }, // U+0211
    { 0x0212, 34 }, // U+0212
    { 0x0213, 50 }, // U+0213
    { 0x0214, 30 }, // U+0214
    { 0x0215, 53 }, // U+0215
    { 0x0216, 30 }, // U+0216
    { 0x0217, 53 }, // U+0217
    { 0x0218, 2 }, // U+0218
    { 0x0219, 51 }, // U+0219
    { 0x021A, 35 }, // U+021A
    { 0x021B, 52 }, // U+021B
    { 0x021E, 12 }, // U+021E
    { 0x021F, 44 }, // U+021F
    { 0x2018, 104 }, // U+2018
    { 0x2019, 105 }, // U+2019
    { 0x201A, 106 }, // U+201A
    { 0x201C, 104 }, // U+201C
    { 0x201D, 105 }, // U+201D
    { 0x201E, 106 }, // U+201E
    { 0x2020, 61 }, // U+2020
    { 0x2021, 61 }, // U+2021
    { 0x2022, 107 }, // U+2022
    { 0x2023, 107 }, // U+2023
    { 0x2026, 108 }, // U+2026
    { 0x2034, 105 }, // U+2034
    { 0x2039, 62 }, // U+2039
    { 0x203A, 67 }, // U+203A
    { 0x203D, 22 }, // U+203D
    { 0x2043, 107 }, // U+2043
    { 0x204B, 33 }, // U+204B
    { 0x204C, 44 }, // U+204C
    { 0x204D, 107 }, // U+204D
    { 0x204F, 19 }, // U+204F
    { 0x2071, 109 }, // U+2071
    { 0x2074, 110 }, // U+2074
    { 0x2077, 111 }, // U+2077
    { 0x207A, 112 }, // U+207A
    { 0x207B, 112 }, // U+207B
    { 0x2080, 113 }, // U+2080
    { 0x2081, 113 }, // U+2081
    { 0x2082, 113 }, // U+2082
    { 0x2083, 113 }, // U+2083
    { 0x2084, 113 }, // U+2084
    { 0x2085, 114 }, // U+2085
    { 0x2086, 113 }, // U+2086
    { 0x2087, 115 }, // U+2087
    { 0x2088, 113 }, // U+2088
    { 0x2089, 113 }, // U+2089
    { 0x208A, 113 }, // U+208A
    { 0x208B, 113 }, // U+208B
    { 0x208C, 113 }, // U+208C
    { 0x208D, 113 }, // U+208D
    { 0x208E, 113 }, // U+208E
    { 0x2090, 113 }, // U+2090
    { 0x2091, 113 }, // U+2091
    { 0x2092, 113 }, // U+2092
    { 0x2093, 113 }, // U+2093
    { 0x2095, 113 }, // U+2095
    { 0x2096, 113 }, // U+2096
    { 0x2097, 113 }, // U+2097
    { 0x2098, 113 }, // U+2098
    { 0x2099, 113 }, // U+2099
    { 0x209A, 113 }, // U+209A
    { 0x209B, 113 }, // U+209B
    { 0x209C, 113 }, // U+209C
    { 0x20A1, 26 }, // U+20A1
    { 0x20A7, 52 }, // U+20A7
    { 0x20A8, 51 }, // U+20A8
    { 0x20A9, 116 }, // U+20A9
    { 0x20AC, 117 }, // U+20AC
    { 0x20AF, 45 }, // U+20AF
    { 0x20B2, 29 }, // U+20B2
    { 0x20B5, 26 }, // U+20B5
    { 0x20BD, 118 }, // U+20BD
    { 0x20BF, 25 }, // U+20BF
    { 0x2190, 8 }, // U+2190
    { 0x21D0, 20 }, // U+21D0
    { 0x2206, 24 }, // U+2206
    { 0x2212, 8 }, // U+2212
    { 0x221E, 88 }, // U+221E
    { 0x2248, 20 }, // U+2248
    { 0x2260, 20 }, // U+2260
    { 0x2264, 20 }, // U+2264
    { 0x2265, 20 }, // U+2265
};

static const EpdKernClassEntry inter_12_regularKernRightClasses[] = {
    { 0x0022, 1 }, // "
    { 0x0023, 2 }, // #
    { 0x0024, 3 }, // $
    { 0x0025, 4 }, // %
    { 0x0026, 5 }, // &
    { 0x0027, 1 }, // '
    { 0x0029, 6 }, // )
    { 0x002A, 7 }, // *
    { 0x002B, 8 }, // +
    { 0x002C, 9 }, // ,
    { 0x002D, 10 }, // -
    { 0x002E, 11 }, // .
    { 0x002F, 12 }, // /
    { 0x0030, 13 }, // 0
    { 0x0031, 14 }, // 1
    { 0x0032, 15 }, // 2
    { 0x0033, 16 }, // 3
    { 0x0034, 17 }, // 4
    { 0x0035, 18 }, // 5
    { 0x0036, 13 }, // 6
    { 0x0037, 19 }, // 7
    { 0x0038, 20 }, // 8
    { 0x0039, 21 }, // 9
    { 0x003A, 22 }, // :
    { 0x003B, 22 }, // ;
    { 0x003C, 23 }, // <
    { 0x003D, 24 }, // =
    { 0x003F, 25 }, // ?
    { 0x0040, 26 }, // @
    { 0x0041, 27 }, // A
    { 0x0042, 28 }, // B
    { 0x0043, 29 }, // C
    { 0x0044, 28 }, // D
    { 0x0045, 28 }, // E
    { 0x0046, 28 }, // F
    { 0x0047, 29 }, // G
    { 0x0048, 28 }, // H
    { 0x0049, 28 }, // I
    { 0x004A, 30 }, // J
    { 0x004B, 28 }, // K
    { 0x004C, 28 }, // L
    { 0x004D, 28 }, // M
    { 0x004E, 28 }, // N
    { 0x004F, 29 }, // O
    { 0x0050, 28 }, // P
    { 0x0051, 29 }, // Q
    { 0x0052, 28 }, // R
    { 0x0053, 3 }, // S
    { 0x0054, 31 }, // T
    { 0x0055, 32 }, // U
    { 0x0056, 33 }, // V
    { 0x0057, 34 }, // W
    { 0x0058, 35 }, // X
    { 0x0059, 36 }, // Y
    { 0x005A, 37 }, // Z
    { 0x005C, 33 }, // <backslash>
    { 0x005D, 6 }, // ]
    { 0x005E, 38 }, // ^
    { 0x005F, 39 }, // _
    { 0x0061, 40 }, // a
    { 0x0062, 28 }, // b
    { 0x0063, 41 }, // c
    { 0x0064, 41 }, // d
    { 0x0065, 41 }, // e
    { 0x0066, 42 }, // f
    { 0x0067, 41 }, // g
    { 0x0068, 28 }, // h
    { 0x0069, 43 }, // i
    { 0x006A, 44 }, // j
    { 0x006B, 28 }, // k
    { 0x006C, 28 }, // l
    { 0x006D, 45 }, // m
    { 0x006E, 45 }, // n
    { 0x006F, 41 }, // o
    { 0x0070, 45 }, // p
    { 0x0071, 41 }, // q
    { 0x0072, 45 }, // r
    { 0x0073, 46 }, // s
    { 0x0074, 47 }, // t
    { 0x0075, 48 }, // u
    { 0x0076, 49 }, // v
    { 0x0077, 50 }, // w
    { 0x0078, 51 }, // x
    { 0x0079, 49 }, // y
    { 0x007A, 52 }, // z
    { 0x007C, 28 }, // |
    { 0x007D, 6 }, // }
    { 0x007E, 53 }, // ~
    { 0x00A2, 41 }, // U+00A2
    { 0x00A5, 54 }, // U+00A5
    { 0x00A9, 29 }, // U+00A9
    { 0x00AA, 55 }, // U+00AA
    { 0x00AB, 56 }, // U+00AB
    { 0x00AC, 57 }, // U+00AC
    { 0x00AE, 58 }, // U+00AE
    { 0x00B0, 59 }, // U+00B0
    { 0x00B1, 24 }, // U+00B1
    { 0x00B2, 60 }, // U+00B2
    { 0x00B5, 61 }, // U+00B5
    { 0x00B6, 62 }, // U+00B6
    { 0x00B7, 63 }, // U+00B7
    { 0x00B9, 64 }, // U+00B9
    { 0x00BA, 55 }, // U+00BA
    { 0x00BB, 65 }, // U+00BB
    { 0x00BF, 66 }, // U+00BF
    { 0x00C0, 27 }, // U+00C0
    { 0x00C1, 27 }, // U+00C1
    { 0x00C2, 27 }, // U+00C2
    { 0x00C3, 27 }, // U+00C3
    { 0x00C4, 27 }, // U+00C4
    { 0x00C5, 27 }, // U+00C5
    { 0x00C6, 27 }, // U+00C6
    { 0x00C7, 29 }, // U+00C7
    { 0x00C8, 28 }, // U+00C8
    { 0x00C9, 28 }, // U+00C9
    { 0x00CA, 28 }, // U+00CA
    { 0x00CB, 28 }, // U+00CB
    { 0x00CC, 28 }, // U+00CC
    { 0x00CD, 28 }, // U+00CD
    { 0x00CE, 67 }, // U+00CE
    { 0x00CF, 67 }, // U+00CF
    { 0x00D0, 68 }, // U+00D0
    { 0x00D1, 28 }, // U+00D1
    { 0x00D2, 29 }, // U+00D2
    { 0x00D3, 29 }, // U+00D3
    { 0x00D4, 29 }, // U+00D4
    { 0x00D5, 29 }, // U+00D5
    { 0x00D6, 29 }, // U+00D6
    { 0x00D7, 69 }, // U+00D7
    { 0x00D8, 29 }, // U+00D8
    { 0x00D9, 32 }, // U+00D9
    { 0x00DA, 32 }, // U+00DA
    { 0x00DB, 32 }, // U+00DB
    { 0x00DC, 32 }, // U+00DC
    { 0x00DD, 36 }, // U+00DD
    { 0x00DE, 28 }, // U+00DE
    { 0x00DF, 28 }, // U+00DF
    { 0x00E0, 40 }, // U+00E0
    { 0x00E1, 40 }, // U+00E1
    { 0x00E2, 40 }, // U+00E2
    { 0x00E3, 70 }, // U+00E3
    { 0x00E4, 71 }, // U+00E4
    { 0x00E5, 40 }, // U+00E5
    { 0x00E6, 40 }, // U+00E6
    { 0x00E7, 41 }, // U+00E7
    { 0x00E8, 41 }, // U+00E8
    { 0x00E9, 41 }, // U+00E9
    { 0x00EA, 41 }, // U+00EA
    { 0x00EB, 72 }, // U+00EB
    { 0x00EC, 73 }, // U+00EC
    { 0x00ED, 74 }, // U+00ED
    { 0x00EE, 75 }, // U+00EE
    { 0x00EF, 76 }, // U+00EF
    { 0x00F0, 41 }, // U+00F0
    { 0x00F1, 45 }, // U+00F1
    { 0x00F2, 41 }, // U+00F2
    { 0x00F3, 41 }, // U+00F3
    { 0x00F4, 41 }, // U+00F4
    { 0x00F5, 77 }, // U+00F5
    { 0x00F6, 72 }, // U+00F6
    { 0x00F7, 8 }, // U+00F7
    { 0x00F8, 41 }, // U+00F8
    { 0x00F9, 48 }, // U+00F9
    { 0x00FA, 48 }, // U+00FA
    { 0x00FB, 48 }, // U+00FB
    { 0x00FC, 78 }, // U+00FC
    { 0x00FD, 49 }, // U+00FD
    { 0x00FE, 28 }, // U+00FE
    { 0x00FF, 79 }, // U+00FF
    { 0x0100, 27 }, // U+0100
    { 0x0101, 80 }, // U+0101
    { 0x0102, 27 }, // U+0102
    { 0x0103, 40 }, // U+0103
    { 0x0104, 27 }, // U+0104
    { 0x0105, 40 }, // U+0105
    { 0x0106, 29 }, // U+0106
    { 0x0107, 41 }, // U+0107
    { 0x0108, 29 }, // U+0108
    { 0x0109, 41 }, // U+0109
    { 0x010A, 29 }, // U+010A
    { 0x010B, 41 }, // U+010B
    { 0x010C, 29 }, // U+010C
    { 0x010D, 41 }, // U+010D
    { 0x010E, 28 }, // U+010E
    { 0x010F, 41 }, // U+010F
    { 0x0110, 81 }, // U+0110
    { 0x0111, 41 }, // U+0111
    { 0x0112, 28 }, // U+0112
    { 0x0113, 41 }, // U+0113
    { 0x0114, 28 }, // U+0114
    { 0x0115, 41 }, // U+0115
    { 0x0116, 28 }, // U+0116
    { 0x0117, 41 }, // U+0117
    { 0x0118, 28 }, // U+0118
    { 0x0119, 41 }, // U+0119
    { 0x011A, 28 }, // U+011A
    { 0x011B, 41 }, // U+011B
    { 0x011C, 29 }, // U+011C
    { 0x011D, 41 }, // U+011D
    { 0x011E, 29 }, // U+011E
    { 0x011F, 41 }, // U+011F
    { 0x0120, 29 }, // U+0120
    { 0x0121, 41 }, // U+0121
    { 0x0122, 29 }, // U+0122
    { 0x0123, 41 }, // U+0123
    { 0x0124, 28 }, // U+0124
    { 0x0125, 28 }, // U+0125
    { 0x0126, 28 }, // U+0126
    { 0x0127, 82 }, // U+0127
    { 0x0128, 67 }, // U+0128
    { 0x0129, 83 }, // U+0129
    { 0x012A, 67 }, // U+012A
    { 0x012B, 84 }, // U+012B
    { 0x012C, 67 }, // U+012C
    { 0x012D, 76 }, // U+012D
    { 0x012E, 28 }, // U+012E
    { 0x012F, 43 }, // U+012F
    { 0x0130, 28 }, // U+0130
    { 0x0131, 43 }, // U+0131
    { 0x0133, 43 }, // U+0133
    { 0x0134, 30 }, // U+0134
    { 0x0135, 85 }, // U+0135
    { 0x0136, 28 }, // U+0136
    { 0x0137, 28 }, // U+0137
    { 0x0138, 45 }, // U+0138
    { 0x0139, 28 }, // U+0139
    { 0x013A, 28 }, // U+013A
    { 0x013B, 28 }, // U+013B
    { 0x013C, 28 }, // U+013C
    { 0x013D, 28 }, // U+013D
    { 0x013E, 28 }, // U+013E
    { 0x0140, 28 }, // U+0140
    { 0x0141, 28 }, // U+0141
    { 0x0142, 28 }, // U+0142
    { 0x0143, 28 }, // U+0143
    { 0x0144, 45 }, // U+0144
    { 0x0145, 28 }, // U+0145
    { 0x0146, 45 }, // U+0146
    { 0x0147, 28 }, // U+0147
    { 0x0148, 45 }, // U+0148
    { 0x014A, 28 }, // U+014A
    { 0x014B, 45 }, // U+014B
    { 0x014C, 29 }, // U+014C
    { 0x014D, 86 }, // U+014D
    { 0x014E, 29 }, // U+014E
    { 0x014F, 41 }, // U+014F
    { 0x0150, 29 }, // U+0150
    { 0x0151, 41 }, // U+0151
    { 0x0152, 29 }, // U+0152
    { 0x0153, 41 }, // U+0153
    { 0x0154, 28 }, // U+0154
    { 0x0155, 45 }, // U+0155
    { 0x0156, 28 }, // U+0156
    { 0x0157, 45 }, // U+0157
    { 0x0158, 28 }, // U+0158
    { 0x0159, 45 }, // U+0159
    { 0x015A, 3 }, // U+015A
    { 0x015B, 46 }, // U+015B
    { 0x015C, 3 }, // U+015C
    { 0x015D, 46 }, // U+015D
    { 0x015E, 3 }, // U+015E
    { 0x015F, 46 }, // U+015F
    { 0x0160, 3 }, // U+0160
    { 0x0161, 46 }, // U+0161
    { 0x0162, 87 }, // U+0162
    { 0x0163, 47 }, // U+0163
    { 0x0164, 88 }, // U+0164
    { 0x0165, 47 }, // U+0165
    { 0x0166, 89 }, // U+0166
    { 0x0167, 47 }, // U+0167
    { 0x0168, 32 }, // U+0168
    { 0x0169, 90 }, // U+0169
    { 0x016A, 32 }, // U+016A
    { 0x016B, 48 }, // U+016B
    { 0x016C, 32 }, // U+016C
    { 0x016D, 48 }, // U+016D
    { 0x016E, 32 }, // U+016E
    { 0x016F, 48 }, // U+016F
    { 0x0170, 32 }, // U+0170
    { 0x0171, 48 }, // U+0171
    { 0x0172, 32 }, // U+0172
    { 0x0173, 48 }, // U+0173
    { 0x0174, 34 }, // U+0174
    { 0x0175, 50 }, // U+0175
    { 0x0176, 36 }, // U+0176
    { 0x0177, 49 }, // U+0177
    { 0x0178, 36 }, // U+0178
    { 0x0179, 37 }, // U+0179
    { 0x017A, 52 }, // U+017A
    { 0x017B, 37 }, // U+017B
    { 0x017C, 52 }, // U+017C
    { 0x017D, 37 }, // U+017D
    { 0x017E, 52 }, // U+017E
    { 0x017F, 28 }, // U+017F
    { 0x01C5, 91 }, // U+01C5
    { 0x01C6, 41 }, // U+01C6
    { 0x01C8, 28 }, // U+01C8
    { 0x01C9, 28 }, // U+01C9
    { 0x01CB, 28 }, // U+01CB
    { 0x01CC, 45 }, // U+01CC
    { 0x01CD, 27 }, // U+01CD
    { 0x01CE, 40 }, // U+01CE
    { 0x01CF, 28 }, // U+01CF
    { 0x01D0, 92 }, // U+01D0
    { 0x01D1, 29 }, // U+01D1
    { 0x01D2, 41 }, // U+01D2
    { 0x01D3, 32 }, // U+01D3
    { 0x01D4, 48 }, // U+01D4
    { 0x01D5, 32 }, // U+01D5
    { 0x01D6, 48 }, // U+01D6
    { 0x01D7, 32 }, // U+01D7
    { 0x01D8, 48 }, // U+01D8
    { 0x01D9, 32 }, // U+01D9
    { 0x01DA, 48 }, // U+01DA
    { 0x01DB, 32 }, // U+01DB
    { 0x01DC, 48 }, // U+01DC
    { 0x01DD, 86 }, // U+01DD
    { 0x01DE, 27 }, // U+01DE
    { 0x01DF, 40 }, // U+01DF
    { 0x01E0, 27 }, // U+01E0
    { 0x01E1, 40 }, // U+01E1
    { 0x01E2, 27 }, // U+01E2
    { 0x01E3, 40 }, // U+01E3
    { 0x01E4, 29 }, // U+01E4
    { 0x01E5, 41 }, // U+01E5
    { 0x01E6, 29 }, // U+01E6
    { 0x01E7, 41 }, // U+01E7
    { 0x01E8, 28 }, // U+01E8
    { 0x01E9, 28 }, // U+01E9
    { 0x01EA, 29 }, // U+01EA
    { 0x01EB, 41 }, // U+01EB
    { 0x01EC, 29 }, // U+01EC
    { 0x01ED, 41 }, // U+01ED
    { 0x01EF, 47 }, // U+01EF
    { 0x01F0, 44 }, // U+01F0
    { 0x01F2, 28 }, // U+01F2
    { 0x01F3, 86 }, // U+01F3
    { 0x01F4, 29 }, // U+01F4
    { 0x01F5, 41 }, // U+01F5
    { 0x01F6, 91 }, // U+01F6
    { 0x01F8, 28 }, // U+01F8
    { 0x01F9, 45 }, // U+01F9
    { 0x01FA, 27 }, // U+01FA
    { 0x01FB, 40 }, // U+01FB
    { 0x01FC, 27 }, // U+01FC
    { 0x01FD, 40 }, // U+01FD
    { 0x01FE, 29 }, // U+01FE
    { 0x01FF, 41 }, // U+01FF
    { 0x0200, 27 }, // U+0200
    { 0x0201, 40 }, // U+0201
    { 0x0202, 27 }, // U+0202
    { 0x0203, 40 }, // U+0203
    { 0x0204, 28 }, // U+0204
    { 0x0205, 41 }, // U+0205
    { 0x0206, 28 }, // U+0206
    { 0x0207, 41 }, // U+0207
    { 0x0208, 67 }, // U+0208
    { 0x0209, 93 }, // U+0209
    { 0x020A, 67 }, // U+020A
    { 0x020B, 94 }, // U+020B
    { 0x020C, 29 }, // U+020C
    { 0x020D, 41 }, // U+020D
    { 0x020E, 29 }, // U+020E
    { 0x020F, 41 }, // U+020F
    { 0x0210, 28 }, // U+0210
    { 0x0211, 45 }, // U+0211
    { 0x0212, 28 }, // U+0212
    { 0x0213, 45 }, // U+0213
    { 0x0214, 32 }, // U+0214
    { 0x0215, 48 }, // U+0215
    { 0x0216, 32 }, // U+0216
    { 0x0217, 48 }, // U+0217
    { 0x0218, 3 }, // U+0218
    { 0x0219, 46 }, // U+0219
    { 0x021A, 31 }, // U+021A
    { 0x021B, 47 }, // U+021B
    { 0x021E, 28 }, // U+021E
    { 0x021F, 28 }, // U+021F
    { 0x2018, 95 }, // U+2018
    { 0x2019, 96 }, // U+2019
    { 0x201A, 97 }, // U+201A
    { 0x201B, 98 }, // U+201B
    { 0x201C, 95 }, // U+201C
    { 0x201D, 96 }, // U+201D
    { 0x201E, 97 }, // U+201E
    { 0x201F, 99 }, // U+201F
    { 0x2020, 55 }, // U+2020
    { 0x2021, 55 }, // U+2021
    { 0x2022, 100 }, // U+2022
    { 0x2023, 100 }, // U+2023
    { 0x2026, 101 }, // U+2026
    { 0x2034, 102 }, // U+2034
    { 0x2039, 56 }, // U+2039
    { 0x203A, 65 }, // U+203A
    { 0x203D, 25 }, // U+203D
    { 0x2043, 100 }, // U+2043
    { 0x2044, 103 }, // U+2044
    { 0x204A, 47 }, // U+204A
    { 0x204B, 28 }, // U+204B
    { 0x204C, 100 }, // U+204C
    { 0x204D, 45 }, // U+204D
    { 0x204F, 22 }, // U+204F
    { 0x2074, 104 }, // U+2074
    { 0x2077, 105 }, // U+2077
    { 0x2079, 106 }, // U+2079
    { 0x207E, 107 }, // U+207E
    { 0x207F, 108 }, // U+207F
    { 0x2080, 109 }, // U+2080
    { 0x2081, 109 }, // U+2081
    { 0x2082, 109 }, // U+2082
    { 0x2083, 109 }, // U+2083
    { 0x2084, 110 }, // U+2084
    { 0x2086, 109 }, // U+2086
    { 0x2087, 111 }, // U+2087
    { 0x2088, 109 }, // U+2088
    { 0x2089, 109 }, // U+2089
    { 0x208A, 109 }, // U+208A
    { 0x208B, 109 }, // U+208B
    { 0x208C, 109 }, // U+208C
    { 0x208D, 109 }, // U+208D
    { 0x208E, 109 }, // U+208E
    { 0x2091, 109 }, // U+2091
    { 0x2092, 109 }, // U+2092
    { 0x2093, 109 }, // U+2093
    { 0x2095, 109 }, // U+2095
    { 0x2096, 109 }, // U+2096
    { 0x2097, 109 }, // U+2097
    { 0x2098, 109 }, // U+2098
    { 0x2099, 109 }, // U+2099
    { 0x209A, 109 }, // U+209A
    { 0x209B, 109 }, // U+209B
    { 0x209C, 109 }, // U+209C
    { 0x20A1, 29 }, // U+20A1
    { 0x20A7, 28 }, // U+20A7
    { 0x20A8, 28 }, // U+20A8
    { 0x20A9, 54 }, // U+20A9
    { 0x20AB, 41 }, // U+20AB
    { 0x20B2, 29 }, // U+20B2
    { 0x20B4, 112 }, // U+20B4
    { 0x20B5, 29 }, // U+20B5
    { 0x20B8, 113 }, // U+20B8
    { 0x20BF, 28 }, // U+20BF
    { 0x2192, 8 }, // U+2192
    { 0x21D2, 24 }, // U+21D2
    { 0x2206, 27 }, // U+2206
    { 0x2212, 8 }, // U+2212
    { 0x221E, 114 }, // U+221E
    { 0x222B, 44 }, // U+222B
    { 0x2236, 22 }, // U+2236
    { 0x2248, 24 }, // U+2248
    { 0x2260, 24 }, // U+2260
    { 0x2264, 24 }, // U+2264
    { 0x2265, 24 }, // U+2265
};

static const int8_t inter_12_regularKernMatrix[] = {
       0,    0,    0,    0,  -13,    0,    0,    0,  -33,    0,  -33,    0,    0,    0,    0,    0,  -25,    0,    0,    0,    0,    0,    0,    0,    0,    0,  -32,    0,    0,  -66,    0,    0,    0,    0,    0,    0,    0,    0,    0,    0,   -9,    0,    0,    0,    0,   -3,    0,    0,    0,    0,    0,    0,    0,    0,    0,    0,    0,    0,    0,    0,    0,    0,    0,    0,    0,    0,    0,    0,    0,    0,    0,   -9,    0,    0,    0,    0,   -9,    0,    0,    0,    0,    0,    0,    0,    0,   -9,    0,    0,    0,    0,    0,    0,    0,    0,    0,    0,    0,    0,    0,    0,  -33,    0,    0,    0,    0,    0,    0,    0,    0,    0,    0,    0,    0,    0,
       0,    0,    0,    0,    0,    0,    0,    0,    0,    0,    0,    0,    0,    0,    0,    0,    0,    0,    0,    0,    0,    0,    0,    0,    0,    0,    0,    0,    0,    0,   -3,    0,    0,    0,   -4,    0,    0,    0,    0,    0,    0,    0,    0,    0,    0,    0,    0,    0,    0,    0,    0,    0,    0,    0,    0,    0,    0,    0,    0,    0,    0,    0,    0,    0,    0,    0,    0,    0,    0,    0,    0,    0,    0,    0,    0,   18,    0,    0,    0,    0,    0,    0,   18,   18,    0,    0,   -3,   -3,   -3,    0,    0,    0,    0,   18,    0,    0,    0,    0,    0,    0,    0,    0,    0,    0,    0,    0,    0,    0,    0,  -26,    0,    0,    0,    0,
       0,    0,    0,    0,    0,    0,    0,    0,    0,    0,    0,    0,    0,    0,    0,    0,    0,    0,    0,    0,    0,    0,    0,    0,    0,    0,    0,    0,    0,    0,    0,    0,    0,    0,    0,    0,    0,    0,    0,    0,    0,    0,    0,    0,    0,    0,    0,    0,    0,    0,    0,    0,    0,    0,    0,    0,    0,    0,    0,    0,    0,    0,    0,    0,    0,    0,    0,    0,    0,    0,    0,    0,    0,    0,    0,    0,    0,    0,    0,    0,    0,    0,    0,    0,    0,    0,    0,    0,    0,    0,    0,    0,    0,    0,  -25,  -27,    0,    0,    0,    0,    0,  -27,    0,    0,    0,    0,    0,    0,    0,    0,    0,    0,    0,    0,
     -13,    0,    0,    0,    0,    0,    0,    0,    0,    0,    0,    0,    0,    0,    0,    0,    0,    0,    0,    0,    0,    0,    0,    0,    0,    0,    0,    0,    0,    0,  -23,    0,  -25,  -16,    0,  -29,    0,    0,    0,    0,    0,    0,    0,    0,    0,    0,    0,    0,  -13,  -13,    0,    0,    0,    0,  -16,    0,    0,   -9,    0,    0,    0,    0,    0,    0,    0,    0,    0,    0,    0,    0,    0,    0,    0,    0,    0,    0,    0,    0,  -13,    0,    0,    0,    0,    0,    0,    0,  -23,  -23,  -23,    0,    0,    0,    0,    0,  -36,    0,    0,    0,    0,    0,    0,    0,    0,    0,    0,    0,    0,    0,    0,    0,    0,    0,    0,    0,
       0,    0,    0,    0,    0,    0,    0,    0,    0,    0,    0,    0,    0,    0,    0,    0,    0,    0,    0,    0,    0,    0,    0,    0,    0,    0,    0,    0,    0,    0,    0,    0,    0,    0,    0,    0,    0,    0,    0,    0,   -4,    0,    0,   11,    0,    0,    0,    0,    0,    0,    0,    0,    0,    0,    0,    0,    0,    0,    0,    0,    0,    0,    0,    0,    0,    0,    0,    0,    0,    0,    0,   -4,    0,    0,    0,    0,   -4,    0,    0,    0,    0,    0,    0,    0,   11,   -4,    0,    0,    0,    0,    0,    0,   57,    0,    0,    0,    0,    0,    0,    0,    0,    0,    0,    0,    0,    0,    0,    0,    0,    0,    0,    0,    0,    0,
       0,    0,    0,    0,    0,    0,    0,    0,    0,    0,    0,    0,    0,    0,    0,    0,    0,    0,    0,    0,    0,    0,    0,    0,    0,    0,    0,    0,    0,    0,    0,    0,    0,    0,    0,    0,    0,    0,    0,    0,    0,    0,    0,    0,    0,    0,    0,    0,    0,    0,    0,    0,    0,    0,    0,    0,    0,    0,    0,    0,    0,    0,    0,    0,    0,    0,    0,    0,    0,    0,    0,    0,    0,    0,    0,    0,    0,    0,    0,    0,    0,    0,    0,    0,    0,    0,    0,    0,    0,    0,    0,    0,    3,    0,  -13,    0,    0,    0,    0,    0,    0,    0,    0,    0,    0,    0,    0,    0,    0,    0,    0,    0,    0,    0,
       0,    0,    0,    0,  -13,    0,    0,    0,  -54,    0,  -54,    0,    0,    0,    0,    0,  -18,    0,    0,    0,    0,    0,    0,    0,    0,   -4,  -32,    0,   -4,  -38,    0,    0,    0,    0,    0,    0,    0,    0,  -27,    0,    0,    0,    0,    0,    0,    0,    0,    0,    0,    0,    0,    0,    0,    0,    0,    0,    0,    0,    0,    0,    0,    0,    0,    0,    0,    0,    0,    0,    0,    0,    0,    0,    0,    0,    0,    0,    0,    0,    0,    0,    0,    0,    0,    0,    0,    0,    0,    0,    0,    0,    0,    0,    0,    0,    0,    0,    0,    0,    0,    0,  -54,    0,    0,    0,    0,    0,    0,    0,    0,    0,    0,    0,    0,    0,
       0,    0,    0,    0,    0,    0,    0,    0,    0,    0,    0,    0,    0,    0,  -13,   -4,    0,    0,   -9,    0,    0,    0,    0,    0,    0,    0,  -13,    0,    0,  -18,  -29,    0,  -20,  -20,  -15,  -32,    0,    0,    0,    0,    0,    0,    0,    0,    0,    0,    0,    0,   -1,    0,   -9,    0,    0,    0,    0,    0,    0,    0,    0,    0,    0,   -7,    0,    0,    0,    0,    0,    0,    0,    0,    0,    0,    0,    0,    0,    0,    0,    0,   -1,    0,    0,    0,    0,    0,    0,    0,  -43,  -43,  -29,    0,    0,    0,    0,    0,  -25,    0,    0,    0,    0,    0,    0,    0,    0,    0,    0,    0,    0,    0,    0,    0,    0,    0,    0,    0,
     -33,    0,    0,    0,    0,    0,    0,    0,    0,    0,    0,    0,  -10,  -36,    0,   -9,    0,   -6,   -6,   -8,   -3,    0,    0,    0,  -40,  -18,    0,    0,  -18,    0,  -13,    0,    0,    0,    0,  -13,    0,    0,    0,    0,    0,    0,    0,    0,    0,    0,    0,    0,    0,    0,    0,    0,    0,    0,    0,    0,    0,    0,    0,    0,    0,  -21,    0,    0,    0,    0,    0,    0,    0,    0,    0,    0,    0,    0,    0,    0,    0,    0,    0,    0,    0,    0,    0,    0,    0,    0,  -13,  -13,  -13,    0,    0,    0,    0,    0,    0,  -23,    0,  -54,  -54,    0,    0,  -23,    0,    0,    0,    0,    0,    0,    0,    0,    0,    0,    0,    0,
       0,    0,    0,    0,    0,    0,    0,    0,  -16,    0,  -16,    0,    0,    0,    0,    0,    0,    0,    0,    0,    0,    0,    0,    0,    0,    0,  -10,    0,    0,  -25,    0,    0,    0,    0,    0,    0,    0,    0,    0,    0,    0,    0,    0,    0,    0,    0,    0,    0,    0,    0,    0,    0,    0,    0,    0,    0,    0,    0,    0,    0,    0,    0,    0,    0,    0,    0,    0,    0,    0,    0,    0,    0,    0,    0,    0,    0,    0,    0,    0,    0,    0,    0,    0,    0,    0,    0,    0,    0,    0,    0,    0,    0,   27,    0,    0,    0,    0,    0,    0,    0,  -16,    0,    0,    0,    0,    0,    0,    0,    0,    0,    0,    0,    0,    0,
       0,    0,    0,    0,    0,    0,    0,    0,  -10,    0,  -10,    0,    0,    0,    0,    0,    0,    0,   -8,    0,    0,    0,    0,    0,    0,    0,   -2,    0,    0,    0,    0,    0,   -5,    0,  -14,  -13,    0,    0,  -18,    0,    0,    0,    0,    0,    0,    0,    6,    0,    0,    0,    0,    0,    0,    0,    0,    0,    0,    0,    0,    0,    0,    0,    0,    0,    0,    0,    0,    0,    0,    0,    0,    0,    0,    0,    0,    0,    0,    0,    0,    0,    0,    0,    0,    0,    0,    0,    0,    0,    0,    0,    0,    0,    0,    0,  -18,    0,  -20,    0,    0,    0,  -10,    0,    0,    0,    0,    0,    0,    0,    0,    0,    0,    0,    0,    0,
       0,    0,    0,    0,    0,    0,    0,    0,    0,    0,    0,    0,    0,    0,    0,    0,    0,    0,    0,    0,    0,    0,    0,    0,    0,    0,    0,    0,    0,    0,    0,    0,    0,    0,    0,    0,    0,    0,    0,    0,    0,    0,    0,    0,    0,    0,    5,    0,    2,    0,    0,    0,    0,    0,    0,    0,    0,    0,    0,    0,    0,    0,    0,    0,    0,    0,    0,   13,    0,    0,    0,    0,    0,    0,    0,   25,    0,    0,    2,    0,   13,    0,   25,   25,    0,    0,    0,    0,    0,    0,    0,    0,   19,   25,    0,    0,    0,    0,    0,    0,    0,    0,    0,    0,    0,    0,    0,    0,    0,    0,    0,    0,    0,    0,
       0,    0,    0,    0,    0,    0,    0,    0,    0,    0,    0,    0,    0,    0,    0,    0,   -6,    0,    0,    0,    0,    0,    0,    0,    0,    0,    0,    0,    0,    0,    0,    0,    0,    0,    0,    0,    0,    0,    0,    0,    0,    0,    0,    0,    0,    0,    0,    0,    0,    0,    0,    0,    0,    0,    0,    0,    0,    0,    0,    0,    0,    0,    0,    0,    0,    0,    0,    0,    0,    0,    0,    0,    0,    0,    0,    0,    0,    0,    0,    0,    0,    0,    0,    0,    0,    0,    0,    0,    0,    0,    0,    0,    0,    0,    0,    0,    0,    0,    0,    0,    0,    0,    0,    0,    0,    0,    0,    0,    0,    0,    0,    0,    0,    0,
       0,    0,    0,    0,    0,    0,   -7,    0,   -9,    0,   -9,    0,    0,    0,    0,    0,    0,    0,    0,    0,    0,    0,    0,    0,    0,    0,    0,    0,    0,    0,    0,    0,    0,    0,   -8,    0,    0,   -7,    0,    0,    0,    0,    0,    0,    0,    0,    0,    0,    0,    0,    0,    0,    0,    0,    0,  -13,    0,    0,   -7,    0,    0,    0,    0,    0,    0,    0,    0,    0,    0,    0,    0,    0,    0,    0,    0,    0,    0,    0,    0,    0,    0,    0,    0,    0,    0,    0,    0,    0,    0,    0,    0,    0,    0,    0,    0,    0,  -20,    0,    0,    0,   -9,    0,    0,    0,    0,    0,    0,    0,    0,    0,    0,    0,    0,    0,
       0,    0,    0,    0,    0,    0,  -10,    0,  -13,    0,  -13,    0,    0,  -10,    0,    0,    0,    0,   -4,    0,    0,    0,    0,    0,    0,    0,    0,    0,    0,    0,    0,    0,    0,    0,    0,    0,    0,  -10,    0,    0,    0,    0,    0,    0,    0,    0,   -2,    0,    0,    0,    0,    0,    0,    0,    0,    0,    0,   -2,  -10,    0,    0,  -16,    0,    0,    0,    0,    0,    0,    0,    0,    0,    0,    0,    0,    0,    0,    0,    0,    0,    0,    0,    0,    0,    0,    0,    0,    0,    0,    0,    0,    0,    0,    0,    0,    0,    0,    0,    0,    0,    0,  -13,    0,    0,    0,    0,    0,    0,    0,    0,    0,    0,    0,    0,    0,
       0,    0,    0,    0,    0,    0,   -2,    0,  -11,    0,  -11,    0,    0,   -2,    0,    0,    0,    0,    0,    0,    0,    0,    0,    0,    0,    0,    0,    0,    0,    0,    0,    0,    0,    0,    0,    0,    0,   -2,    0,    0,    0,    0,    0,    0,    0,    0,   -1,    0,    0,    0,    0,    0,    0,    0,    0,    0,    0,   -2,   -2,    0,    0,    0,    0,    0,    0,    0,    0,    0,    0,    0,    0,    0,    0,    0,    0,    0,    0,    0,    0,    0,    0,    0,    0,    0,    0,    0,    0,    0,    0,    0,    0,    0,    0,    0,    0,    0,    0,    0,    0,    0,  -11,    0,    0,    0,    0,    0,    0,    0,    0,    0,    0,    0,    0,    0,
       0,    0,    0,    0,    0,    0,    0,    0,  -13,    0,  -13,    0,    0,    0,    0,    0,    0,    0,    0,    0,    0,    0,    0,    0,    0,    0,    0,    0,    0,    0,    0,    0,    0,    0,    0,    0,    0,    0,  -18,    0,    0,    0,    0,    0,    0,    0,    0,    0,    0,    0,    0,    0,    0,    0,    0,    0,    0,    0,    0,    0,    0,    0,    0,    0,    0,    0,    0,    0,    0,    0,    0,    0,    0,    0,    0,    0,    0,    0,    0,    0,    0,    0,    0,    0,    0,    0,    0,    0,    0,    0,    0,    0,    0,    0,    0,    0,  -18,    0,    0,    0,  -13,    0,    0,    0,    0,    0,    0,    0,    0,    0,    0,    0,    0,    0,
       0,  -23,    0,    1,  -18,    0,    2,    0,  -50,    0,  -50,    0,   -6,    0,    0,   -7,  -23,   -4,    8,   -6,   -4,  -13,  -36,    0,    0,    0,  -43,    0,    0,  -38,    0,    0,    0,    0,    0,    0,    0,    2,  -63,  -18,  -20,    0,    0,    0,  -20,  -18,    0,    0,    0,    0,    0,    0,    0,    0,    0,  -25,    0,    0,    2,    0,    0,    0,    0,    0,    0,    0,    0,    0,    0,  -18,  -18,  -20,    0,    0,    0,   36,  -20,    0,    0,  -18,    0,    0,   36,   36,    0,  -20,    0,    0,    0,    0,    0,    0,    0,   36,    0,    0,  -57,    0,    0,    0,  -50,    0,    0,    0,    0,    0,    0,    0,    0,  -36,    0,    0,    0,    0,
       0,    0,    0,    0,    0,    0,    0,    0,    0,    0,    0,    0,    0,    0,    0,    0,    0,    0,    0,    0,    0,    0,    0,    0,    0,    0,    0,    0,    0,    0,  -13,    0,  -25,    0,    0,    0,    0,    0,    0,    0,    0,    0,    0,    0,    0,    0,    0,    0,    0,    0,    0,    0,    0,    0,    0,    0,    0,    0,    0,    0,    0,    0,    0,    0,    0,    0,    0,    0,    0,    0,    0,    0,    0,    0,    0,    0,    0,    0,    0,    0,    0,    0,    0,    0,    0,    0,  -13,  -13,  -13,    0,    0,    0,    0,    0,  -18,    0,    0,    0,    0,    0,    0,    0,    0,    0,    0,    0,    0,    0,    0,    0,    0,    0,    0,    0,
       0,    0,    0,    0,    0,    0,    0,    0,    0,    0,    0,    0,    0,    0,    0,    0,    0,    0,    0,    0,    0,    0,    0,    0,    0,    0,  -20,    0,    0,    0,  -18,    0,  -27,  -25,  -20,  -38,    0,    0,    0,    0,    0,    0,    0,    0,    0,    0,    0,    0,  -16,    0,  -13,    0,    0,    0,    0,    0,    0,    0,    0,    0,    0,    0,    0,    0,    0,    0,    0,    0,    0,    0,    0,    0,    0,    0,    0,    0,    0,    0,  -16,    0,    0,    0,    0,    0,    0,    0,  -18,  -18,  -18,    0,    0,    0,    0,    0,  -23,    0,    0,    0,    0,    0,    0,    0,    0,    0,    0,    0,    0,    0,    0,    0,    0,    0,  -16,    0,
       0,    0,    0,    0,    0,    0,    0,    0,    0,    0,    0,    0,    0,    0,    0,    0,    0,    0,  -29,    0,    0,    0,    0,    0,    0,    0,    0,    0,    0,    0,  -32,    0,  -29,  -29,  -23,  -36,  -25,    0,    0,    0,    0,    0,    0,    0,    0,    0,    0,    0,    0,    0,    0,    0,    0,    0,    0,    0,    0,    0,    0,    0,    0,    0,    0,    0,    0,    0,    0,    0,    0,    0,    0,    0,    0,    0,    0,    0,    0,    0,    0,    0,    0,    0,    0,    0,    0,    0,  -32,  -32,  -32,    0,    0,    0,    0,    0,  -38,    0,    0,    0,    0,    0,    0,    0,    0,    0,    0,    0,    0,    0,    0,    0,    0,    0,  -29,    0,
       0,    0,    0,    0,    0,    0,    0,    0,    0,    0,    0,    0,    0,    0,    0,    0,    0,    0,    0,    0,    0,    0,    0,    0,    0,    0,  -25,    0,    0,    0,    0,    0,    0,    0,    0,    0,    0,    0,    0,    0,    0,    0,    0,    0,    0,    0,    0,    0,    0,    0,    0,    0,    0,    0,    0,    0,    0,    0,    0,    0,    0,    0,    0,    0,    0,    0,    0,    0,    0,    0,    0,    0,    0,    0,    0,    0,    0,    0,    0,    0,    0,    0,    0,    0,    0,    0,    0,    0,    0,    0,    0,    0,    0,    0,    0,    0,    0,    0,    0,    0,    0,    0,    0,    0,    0,    0,    0,    0,    0,    0,    0,    0,    0,    0,
       0,    0,    0,    0,    0,    0,    0,    0,  -18,    0,  -18,  -16,    0,    0,    0,    0,    0,    0,    0,    0,    0,    0,    0,    0,    0,    0,  -13,    0,    0,    0,  -13,    0,  -13,   -2,  -16,  -15,    0,    0,  -16,    0,    0,    0,    0,    0,    0,    0,    0,    0,    0,    0,    0,    0,    0,    0,    0,    0,    0,   -2,    0,    0,    0,    0,    0,    0,    0,    0,    0,    0,    0,    0,    0,    0,    0,    0,    0,    0,    0,    0,    0,    0,    0,    0,    0,    0,    0,    0,  -13,  -13,  -13,    0,    0,    0,    0,    0,  -13,    0,  -16,    0,    0,    0,  -18,    0,    0,    0,    0,    0,    0,    0,  -16,  -40,    0,    0,    0,    0,
     -32,    0,    0,    0,    0,    0,  -32,  -13,    0,  -13,    0,    8,   -2,  -17,    0,    0,    0,    0,    0,    0,    0,    0,    0,  -20,  -25,  -13,    5,    0,  -13,    0,  -35,  -10,  -30,  -23,    0,  -32,    0,  -32,    0,    0,   -2,    0,    2,    0,    0,    0,   -9,    0,  -27,  -27,    0,    0,  -13,    0,  -29,  -13,  -13,  -28,  -32,    0,    0,  -20,  -13,    0,  -13,    0,    0,    0,  -13,    0,    0,   -2,    2,    2,    2,    0,   -2,    0,  -27,    0,    0,    0,    0,    0,    0,   -2,  -35,  -35,  -58,    0,    0,    2,    0,    0,  -52,  -41,    0,    0,    0,  -13,    0,  -41,   -3,    0,    0,    0,    0,    0,    0,    0,    0,    0,  -20,    0,
       0,    0,    0,    0,    0,    0,    0,    0,    0,    0,    0,    0,    0,    0,    0,    0,    0,    0,    0,    0,    0,    0,    0,    0,    0,    0,    0,    0,    0,    0,  -21,    0,    0,    0,    0,    0,    0,    0,    0,    0,    0,    0,    0,    0,    0,    0,    0,    0,    0,    0,    0,    0,    0,    0,    0,    0,    0,    0,    0,    0,    0,    0,    0,    0,    0,    0,    0,    0,    0,    0,    0,    0,    0,    0,    0,   13,    0,    0,    0,    0,    0,    0,   13,   13,    0,    0,  -21,  -21,  -21,    0,    0,    0,    0,   13,  -20,    0,    0,    0,    0,    0,    0,    0,    0,    0,    0,    0,    0,    0,    0,    0,    0,    0,    0,    0,
       0,    0,    0,    0,    0,    0,    0,    0,    0,    0,    0,    0,    0,    0,    0,    0,    0,    0,    0,    0,    0,    0,    0,    0,    0,    0,   -7,    0,    0,    0,    0,    0,    0,    0,   -2,    0,    0,    0,  -16,    0,    0,    0,    0,    0,    0,    0,    0,    0,    0,    0,    0,    0,    0,    0,    0,    0,    0,    0,    0,    0,    0,    0,    0,    0,    0,    0,    0,    0,    0,    0,    0,    0,    0,    0,    0,   13,    0,    0,    0,    0,    0,    0,   13,   13,    0,    0,    0,    0,    0,    0,    0,    0,    0,   13,    0,    0,    0,    0,    0,    0,    0,    0,    0,    0,    0,    0,    0,    0,    0,    0,    0,    0,    0,    0,
       0,    0,    0,    0,    0,    0,    0,    0,    0,    0,    0,    0,    0,    0,    0,    0,    0,    0,    0,    0,    0,    0,    0,    0,    0,    0,    0,    0,    0,    0,    0,    0,    0,    0,    0,    0,    0,    0,    0,    0,    0,    0,    0,    0,    0,    0,    0,    0,    0,    0,    0,    0,    0,    0,    0,    0,    0,    0,    0,    0,    0,    0,    0,    0,    0,    0,    0,    0,    0,    0,    0,    0,    0,    0,    0,   29,    0,    0,    0,    0,    0,    0,   29,   29,    0,    0,    0,    0,    0,    0,    0,    0,   22,   29,    0,    0,    0,    0,    0,    0,    0,    0,    0,    0,    0,    0,    0,    0,    0,    0,    0,    0,    0,    0,
       0,    0,    0,    0,    0,    0,    0,    0,  -16,    0,  -29,   -1,    0,    0,    0,    0,    0,    0,    0,    0,    0,    0,    0,    0,    0,   -1,  -36,    0,   -1,  -27,    0,    0,    0,    0,    0,    0,    0,    0,  -13,   -9,  -13,    0,    0,    0,  -10,    0,    0,  -13,  -13,    0,    0,  -13,    0,    0,    0,    0,    0,    0,    0,    0,  -13,    0,    0,    0,    0,    0,    0,    0,    0,   -9,   -9,  -13,    0,    0,    0,    0,  -13,  -13,  -13,   -9,    0,    0,    0,    0,    0,  -13,    0,    0,    0,  -13,    0,    0,   46,    0,    0,    0,  -48,    0,    0,    0,  -50,    0,    0,    0,    0,    0,    0,    0,    0,  -23,    0,    0,    0,    0,
       0,    0,    0,    0,    0,    0,    0,    0,    0,    0,    0,    0,    0,    0,    0,    0,    0,    0,    0,    0,    0,    0,    0,    0,    0,    0,   -9,    0,    0,    0,  -12,    0,   -9,    0,   -2,   -9,    0,    0,    0,    0,    0,    0,    0,    0,    0,    0,    0,    0,    0,    0,    0,    0,    0,    0,    0,    0,    0,    0,    0,    0,    0,    0,    0,    0,    0,    0,    0,    0,    0,    0,    0,    0,    0,    0,    0,   13,    0,    0,    0,    0,    0,    0,   13,   13,    0,    0,  -12,  -12,  -12,    0,    0,    0,    9,   13,    0,    0,    0,    0,    0,    0,    0,    0,    0,    0,    0,    0,    0,    0,    0,    0,    0,    0,    0,    0,
       0,    0,    0,    0,    0,    0,    0,    0,  -13,    0,  -13,  -23,    0,    0,    0,    0,    0,    0,    0,    0,    0,    0,    0,    0,    0,    0,  -10,    0,    0,    0,    0,    0,    0,    0,    0,    0,    0,    0,  -20,    0,    0,    0,    0,    0,    0,    0,    0,    0,    0,    0,    0,    0,    0,    0,    0,    0,    0,    0,    0,    0,    0,    0,    0,    0,    0,    0,    0,    0,    0,    0,    0,    0,    0,    0,    0,    0,    0,    0,    0,    0,    0,    0,    0,    0,    0,    0,    0,    0,    0,    0,    0,    0,   19,    0,    0,    0,  -32,    0,    0,    0,  -13,    0,    0,    0,    0,    0,    0,    0,    0,    0,    0,    0,    0,    0,
       0,    0,   -5,    0,    0,    0,    0,  -43,    0,  -43,    0,    0,    0,    0,    0,    0,    0,    0,    0,    0,    0,    0,  -27,  -13,    0,  -14,    0,    0,  -14,    0,    0,    0,    0,    0,    0,    0,    0,    0,    0,    0,  -16,    0,    5,    0,    0,    0,    0,  -13,  -16,  -25,    0,    0,  -43,    0,    0,  -20,  -63,   -6,    0,    0,  -13,    0,  -61,    0,    0,    0,    0,    0,  -13,    0,    0,  -16,    5,    5,    5,   34,  -16,  -13,  -16,    0,    0,    0,   34,   34,    0,  -16,    0,    0,    0,  -13,    0,    5,   34,   34,    0,    0,    0,    0,    0,  -13,    0,    0,    0,    0,    0,    0,    0,    0,    0,    0,    0,    0,    0,  -13,
     -36,    0,    0,    0,    0,    0,  -68,  -34,    0,  -54,    0,    0,    0,  -18,    0,    0,    0,    0,    0,    0,    0,    0,    0,    0,   -7,  -11,    0,    0,  -11,    0,  -39,    0,  -27,    0,    0,  -23,    0,  -52,    0,    0,    0,    0,    0,    0,    0,    0,   -9,    0,  -27,    0,    0,    0,  -50,    0,  -38,  -25,  -86,  -32,  -70,    0,    0,  -35,  -59,    0,    0,    0,    0,    0,  -13,    0,    0,    0,    0,    0,    0,    0,    0,    0,  -27,    0,    0,    0,    0,    0,    0,    0,  -39,  -39,  -39,    0,    0,    0,    0,    0,  -34,  -16,    0,  -18,  -18,  -13,    0,  -43,    0,    0,    0,    0,    0,    0,    0,    0,    0,    0,    0,    0,
       0,    0,    0,    0,  -13,    0,    0,  -18,  -16,  -18,  -29,    0,    0,    0,    0,    0,    0,    0,    0,    0,    0,    0,    0,    0,    0,    0,  -29,    0,    0,  -38,   -1,    0,    0,    0,    0,    0,    0,    0,    0,   -2,   -4,    0,    0,    0,   -1,    0,    0,    0,    0,    0,    0,    0,  -18,    0,    0,    0,  -18,    0,    0,    0,    0,    0,  -18,    0,    0,    0,    0,    0,    0,   -2,   -2,   -4,    0,    0,    0,    0,   -4,    0,    0,   -2,    0,    0,    0,    0,    0,   -4,   -1,   -1,   -1,    0,    0,    0,    0,    0,    0,    0,  -57,    0,    0,    0,  -54,    0,    0,    0,    0,    0,    0,    0,    0,  -32,    0,    0,    0,    0,
       0,    0,    0,    0,    0,    0,    0,    0,    0,    0,    0,    0,    0,    0,    0,    0,    0,    0,    0,    0,    0,    0,    0,    0,    0,    0,    0,    0,    0,    0,   -2,    0,   -7,    0,    0,  -10,    0,    0,    0,   -2,   -6,    0,    0,    0,    0,    0,    0,    0,    0,    0,    0,    0,    0,    0,    0,    0,    0,    0,    0,    0,    0,    0,    0,    0,    0,    0,    0,    0,    0,   -2,   -2,   -6,    0,    0,    0,   18,   -6,    0,    0,   -2,    0,    0,   18,   18,    0,   -6,   -2,   -2,   -2,    0,    0,    0,    0,   18,    0,    0,    0,    0,    0,    0,    0,    0,    0,    0,    0,    0,    0,    0,    0,    0,    0,    0,    0,    0,
       0,    0,    0,    0,  -13,    0,    0,  -29,  -13,  -29,  -13,  -52,  -13,    0,    0,    0,  -27,    0,  -32,    0,    0,  -13,  -32,  -13,    0,  -13,  -35,    0,  -13,  -36,    0,    0,    0,    0,    0,    6,    0,    0,  -23,  -33,  -35,   -1,    0,    0,  -26,  -33,  -33,  -31,  -29,  -29,  -28,  -23,  -29,    0,    0,  -52,  -29,    0,    0,    0,  -72,    0,  -61,    0,  -20,    0,    0,    0,  -13,  -49,  -49,  -55,    0,    0,    0,   36,  -55,  -55,  -43,  -33,    0,    0,   36,   36,    0,  -35,    0,    0,    0,  -47,    0,    0,   51,   36,    0,    0,  -48,    0,    0,  -13,  -47,    0,    0,    0,    0,    0,    0,    0,    0,  -50,    0,    0,    0,    0,
       0,    0,    0,    0,  -20,    0,    0,  -20,  -38,  -20,  -38,  -19,   -5,    0,    0,    0,  -13,    0,    0,    0,    0,  -25,  -29,  -25,    0,  -27,  -30,    0,  -13,  -38,    0,    0,    7,    0,    0,    0,    0,    0,  -32,  -21,  -22,    0,    0,    0,   -4,  -18,    0,    0,    0,    0,    0,    0,  -20,    0,    0,  -23,  -45,    0,    0,    0,    0,    0,  -36,    0,    0,    0,    0,    0,  -16,  -21,  -37,  -22,    0,    0,    0,   34,  -40,    0,    0,  -21,    0,    0,   34,   34,    0,  -22,    0,    0,    0,    0,    0,    0,   16,   34,    0,    0,  -45,    0,    0,  -16,  -38,    0,    0,    0,    0,    0,    0,    0,  -53,  -61,    0,    0,    0,    0,
       0,    0,    0,    0,  -20,    0,    0,  -20,  -38,  -20,  -38,    0,    0,    0,    0,    0,  -13,    0,    0,    0,    0,  -20,  -29,  -25,    0,   -2,  -23,    0,   -2,  -25,    0,    0,    0,    9,    0,    0,    0,    0,    0,  -20,  -20,    0,    0,    0,  -12,  -13,    0,    0,    0,    0,    0,    0,  -20,    0,    0,  -23,  -20,    0,    0,    0,    0,    0,  -34,    0,    0,    0,    0,    0,    0,  -20,  -20,  -20,    0,    0,    0,    0,  -20,    0,    0,  -20,    0,    0,    0,    0,    0,  -20,    0,    0,    0,    0,    0,    0,   34,    0,    0,    0,  -43,    0,    0,    0,  -38,    0,    0,    0,    0,    0,    0,    0,  -35,  -43,    0,    0,    0,    0,
       0,    0,   -4,    0,    0,    0,    0,  -15,    0,  -15,    0,    0,  -14,    0,    0,   -8,  -16,    0,    0,   -8,    0,    0,  -23,  -20,    0,  -16,    0,    0,  -16,    0,  -12,    0,    0,    0,    0,    0,    0,    0,    0,  -23,  -11,    0,    0,    0,    0,    0,    0,    0,    0,    0,    0,    0,  -29,    0,    0,  -16,  -35,   -3,    0,    0,    0,    0,  -33,    0,    0,    0,    0,    0,  -18,  -23,  -23,  -11,    0,    0,    0,    0,  -11,    0,    0,  -23,    0,    0,    0,    0,    0,  -11,  -12,  -12,  -12,    0,    0,    0,   34,    0,    0,    0,    0,    0,    0,  -18,    0,    0,    0,    0,    0,    0,    0,    0,    0,    0,    0,  -13,    0,    0,
       0,    0,    0,    0,  -25,    0,    0,  -32,  -13,  -32,  -13,    0,    0,    0,    0,    0,  -27,    0,    0,    0,    0,  -25,  -41,  -38,    0,  -15,  -32,    0,  -15,  -13,    6,    0,    0,    0,    0,    0,    0,    0,    0,  -31,  -33,    0,  -11,    0,  -18,  -27,    0,  -16,    0,    0,    0,    0,  -32,    0,    0,  -36,  -52,   -3,    0,    0,  -16,    0,  -52,    0,  -25,    0,    0,    0,  -34,  -58,  -49,  -33,  -11,  -23,  -11,    0,  -33,  -16,    0,  -51,    0,    0,    0,    0,    0,  -55,    6,    6,    6,  -16,    0,  -11,   34,    0,    0,    0,  -43,    0,    0,  -16,  -52,    0,    0,    0,    0,    0,    0,    0,  -60,  -71,    0,    0,    0,  -13,
       0,    0,    0,    0,    0,    0,    0,  -16,    0,  -16,    0,    0,    0,    0,    0,    0,    0,    0,    0,    0,    0,    0,  -25,    0,    0,  -13,    0,    0,  -13,    0,    0,    0,    0,    0,    0,    0,    0,    0,    0,    0,    0,    0,    0,    0,    0,    0,    0,    0,    0,    0,    0,    0,  -16,    0,    0,  -13,  -16,    0,    0,    0,    0,    0,  -29,    0,    0,    0,    0,    0,    0,    0,    0,    0,    0,    0,    0,   34,    0,    0,    0,    0,    0,    0,   34,   34,    0,    0,    0,    0,    0,    0,    0,    0,   13,   34,    0,    0,    0,    0,    0,    0,    0,    0,    0,    0,    0,    0,    0,    0,    0,    0,    0,    0,    0,    0,
       0,    0,    0,    0,    0,    0,    0,    0,    0,    0,    0,    0,    0,    0,    0,    0,    0,    0,    0,    0,    0,    0,    0,    0,    0,    0,    0,    0,    0,    0,    0,    0,    0,    0,    0,    0,    0,    0,    0,    0,   -4,    0,    0,   11,    0,    0,    0,    0,    0,    0,    0,    0,    0,    0,    0,    0,    0,    0,    0,    0,    0,    0,    0,    0,    0,    0,    0,    0,    0,    0,    0,   -4,    0,    0,    0,    0,   -4,    0,    0,    0,    0,    0,    0,    0,   11,   -4,    0,    0,    0,    0,    0,    0,   34,    0,    0,    0,    0,    0,    0,    0,    0,    0,    0,    0,    0,    0,    0,    0,    0,    0,    0,    0,    0,    0,
     -32,    0,    0,    0,    0,    0,  -32,  -13,    0,  -13,    0,    8,   -2,  -17,    0,    0,    0,    0,    0,    0,    0,    0,    0,  -20,  -25,  -13,    5,    0,  -13,    0,  -51,  -10,  -49,  -46,    0,  -32,    0,  -32,    0,    0,   -2,    0,    2,    0,    0,    0,   -9,    0,  -47,  -27,    0,    0,  -13,    0,  -29,  -13,  -13,  -28,  -32,    0,    0,  -20,  -13,    0,  -13,    0,    0,    0,  -13,    0,    0,   -2,    2,    2,    2,    0,   -2,    0,  -47,    0,    0,    0,    0,    0,    0,   -2,  -51,  -51,  -51,    0,    0,    2,    0,    0,  -69,  -63,    0,    0,    0,  -13,    0,  -63,   -3,    0,    0,    0,    0,    0,    0,    0,    0,    0,  -20,    0,
       0,    0,    0,    0,    0,    0,  -27,    0,    0,    0,    0,    0,  -18,  -43,    0,  -18,  -23,  -18,    0,  -18,  -18,    0,    0,    0,    0,  -16,    0,   11,  -16,    0,  -23,  -16,  -32,    0,    0,    0,    0,  -27,    0,    0,    0,    0,   11,   38,   11,    0,    0,    0,  -32,    0,    0,    0,    0,    0,    0,    0,    0,    0,  -27,    0,    0,  -18,    0,    0,    0,    0,    0,    0,    0,    0,    0,    0,   11,   11,   11,    0,    0,    0,  -32,    0,    0,   11,    0,    0,   38,    0,  -23,  -23,  -23,    0,   11,   11,    0,    0,  -16,    0,    0,    0,    0,    0,    0,    0,    0,    0,    0,    0,    0,    0,    0,    0,    0,    0,  -20,    0,
      -4,    0,    0,    0,    0,    0,    0,    0,    0,    0,    0,    0,    0,  -16,    0,    0,    0,    0,    0,    0,    0,    0,    0,    0,    0,    0,    0,    0,    0,    0,  -30,    0,  -20,  -20,    0,  -29,    0,    0,    0,    0,    0,    0,    0,    0,    0,    0,    0,    0,   -7,    0,    0,    0,    0,    0,    0,    0,    0,   -3,    0,    0,    0,    0,    0,    0,    0,    0,    0,    0,    0,    0,    0,    0,    0,    0,    0,    0,    0,    0,   -7,    0,    0,    0,    0,    0,    0,    0,  -30,  -30,  -30,    0,    0,    0,    0,    0,  -18,  -10,    0,    0,    0,    0,    0,  -10,    0,    0,    0,    0,    0,    0,    0,    0,    0,    0,    0,    0,
      -9,    0,    0,    0,    0,   -4,    0,    0,    0,    0,    0,    0,    0,  -13,    0,    0,    0,    0,    0,    0,    0,    0,    0,    0,    0,    0,  -12,    0,    0,    0,  -36,    0,  -22,  -20,  -11,  -35,    0,    0,    0,    4,    0,    0,    0,    0,    0,    0,    0,    0,   -8,   -7,  -10,   -6,    0,    0,  -13,    0,    0,   -4,    0,    0,    0,    0,    0,    0,    0,    0,    0,    0,    0,    4,    4,    0,    0,    0,    0,    0,    0,    0,   -8,    4,    0,    0,    0,    0,    0,    0,  -36,  -36,  -36,    0,    0,    0,   14,    0,  -25,   -9,    0,    0,    0,    0,    0,   -9,    0,    0,    0,    0,    0,    0,    0,    0,    0,    0,    0,    0,
       0,    0,    0,    0,    0,    0,    0,  -11,  -23,  -11,  -23,  -11,    0,    0,    0,    0,  -25,    0,    0,    0,    0,    0,    0,    0,    0,    0,  -13,    0,    0,  -25,    0,    0,    0,    0,    0,    4,    0,    0,   -6,   -6,  -10,  -15,    0,    0,    0,   -9,  -14,    0,    0,    7,    0,    0,  -11,    0,    0,  -16,  -11,    0,    0,    0,    0,    0,  -11,    0,    0,    0,    0,    0,   -9,   -6,   -6,  -10,    0,    0,    0,   40,  -10,    0,    0,   -6,    0,    0,   40,   56,    0,  -10,    0,    0,    0,    0,    0,    0,   18,   54,    0,    0,  -36,    0,    0,   -9,  -23,    0,    0,    0,    0,    0,    0,    0,    0,  -16,    0,    0,    0,    0,
       0,    0,    0,    0,    0,    0,    0,    0,    0,    0,    0,    0,    0,    0,    0,    0,    0,    0,    0,    0,    0,    0,    0,    0,    0,    0,    0,    0,    0,    0,  -20,    0,    0,    0,    0,    0,    0,    0,    0,    0,    0,    0,    0,    0,    0,    0,    0,    0,    0,    0,    0,    0,    0,    0,    0,    0,    0,    0,    0,    0,    0,    0,    0,    0,    0,    0,    0,    0,    0,    0,    0,    0,    0,    0,    0,    0,    0,    0,    0,    0,    0,    0,    0,    0,    0,    0,  -20,  -20,  -20,    0,    0,    0,    0,    0,    0,    0,    0,    0,    0,    0,    0,    0,    0,    0,    0,    0,    0,    0,    0,    0,    0,    0,    0,    0,
       0,    0,    0,    0,    0,    3,    0,    0,    0,    0,    0,    0,    0,    0,    0,    0,    0,    0,    0,    0,    0,    0,    0,    0,    0,    0,    0,    0,    0,    0,    0,    0,    0,    0,    0,    0,    0,    0,    0,    0,    0,    0,    0,    0,    0,    0,    1,    0,    0,    0,    0,    0,    0,    3,    0,    0,    0,    0,    0,    0,    0,    0,    0,    0,    0,    0,    0,    0,    0,    0,    0,    0,    0,    0,    0,   28,    0,    0,    0,    0,    0,    0,   41,   28,    0,    0,    0,    0,    0,    0,    0,    0,   34,   41,    0,    0,    0,    0,    0,    0,    0,    0,    0,    0,    0,    0,    0,    0,    0,    0,    0,    0,    0,    0,
       0,    0,    0,    0,    0,    0,    0,  -18,    0,  -18,    0,    0,    0,    0,    0,    0,  -18,    0,    0,    0,    0,    0,  -34,    0,    0,    0,    0,    0,    0,    0,  -23,    0,    0,    0,    0,    0,    0,    0,    0,    0,   -9,    0,    0,    0,    0,    0,    0,    0,    0,    0,    0,    0,  -18,    0,    0,  -20,  -45,    0,    0,    0,    0,    0,  -18,    0,    0,    0,    0,    0,    0,    0,    0,   -9,    0,    0,    0,    0,   -9,    0,    0,    0,    0,    0,    0,    0,    0,   -9,  -23,  -23,  -23,    0,    0,    0,    0,    0,    0,    0,    0,    0,    0,    0,    0,    0,    0,    0,    0,    0,    0,    0,    0,    0,    0,    0,    0,    0,
       0,    0,    0,    0,    0,    0,    0,  -16,  -25,  -16,  -25,  -13,    0,    0,    0,    0,    0,    0,    0,    0,    0,    0,  -16,    0,    0,    0,  -16,    4,    0,  -23,  -23,    0,    0,    0,    0,    0,  -13,    0,    0,   -1,   -6,    6,    3,    5,    5,    0,    6,    0,    6,    3,    5,    0,  -16,    0,    0,    0,  -29,    0,    0,    0,    0,    0,  -16,    0,    0,    0,    0,    0,    0,   -1,   -1,   -6,    3,    3,    3,   11,   -6,    0,    6,   -1,    0,    4,   11,   11,    5,   -6,  -23,  -23,  -23,    0,    4,    3,    0,   11,  -16,    6,  -32,    0,    0,    0,  -25,    6,    0,    0,    0,    0,    0,    0,    0,  -20,    0,    0,    0,    0,
      -3,    0,    0,    0,    0,    0,    0,    0,    0,    0,    0,    0,    0,    0,    0,    0,    0,    0,    0,    0,    0,    0,    0,    0,    0,    0,    0,    0,    0,    0,  -29,    0,  -18,  -13,    0,  -29,    0,    0,    0,    0,    0,    0,    0,    0,    0,    0,    1,    0,   -1,    0,    0,    0,    0,    0,    0,    0,    0,   -3,    0,    0,    0,    0,    0,    0,    0,    0,    0,    0,    0,    0,    0,    0,    0,    0,    0,    0,    0,    0,   -1,    0,    0,    0,    0,    0,    0,    0,  -29,  -29,  -29,    0,    0,    0,    0,    0,  -20,    0,   -4,    0,    0,    0,    0,    0,    0,    0,    0,    0,    0,    0,    0,    0,    0,    0,    0,    0,
       0,    0,    0,    0,    0,    0,    0,   -8,    0,   -8,    0,    0,    0,    0,    0,    0,   -6,    0,    0,    0,    0,    0,  -11,    0,    0,    0,    0,    0,    0,    0,  -13,    0,   -4,   -4,    0,   -6,    0,    0,    0,    3,   -4,   -8,    0,    4,    0,   -4,   -3,    0,    9,    7,    0,    0,   -8,    0,    0,    0,   -8,    0,    0,    0,    0,    0,   -8,    0,    0,    0,    0,    0,   -4,    3,    3,   -4,    0,    0,    0,    0,   -4,    0,    9,    3,    0,    0,    0,    0,    4,   -4,  -13,  -13,  -13,    0,    0,    0,   18,    0,  -16,    3,    0,    0,    0,   -4,    0,    3,    0,    0,    0,    0,    0,    0,    0,   13,    0,    0,    0,    0,
       0,    0,    0,    0,    0,    0,    0,  -16,    0,  -16,    0,  -13,    0,    0,    0,    0,    0,    0,    0,    0,    0,    0,  -16,    0,    0,    0,    0,    0,    0,    0,  -20,    0,    0,    0,    0,  -23,    0,    0,  -13,    0,    0,    0,    0,    0,    0,    0,    0,    0,    0,    0,    0,    0,  -16,    0,    0,    0,  -29,    0,    0,    0,    0,    0,  -16,    0,    0,    0,    0,    0,    0,    0,    0,    0,    0,    0,    0,    0,    0,    0,    0,    0,    3,    0,    0,    0,    0,    0,  -20,  -50,  -20,    0,    0,    0,    0,    0,  -16,    6,    0,    0,    0,    0,    0,    6,    0,    0,    0,    0,    0,    0,    0,  -25,    0,    0,    0,    0,
       0,    0,    0,    0,    0,    0,    0,  -13,  -19,  -13,  -19,  -23,    0,    0,    0,    0,    0,    0,    0,    0,    0,    0,  -13,  -16,    0,    0,  -27,    2,    0,  -25,  -13,    0,    0,    0,    0,  -13,    0,    0,  -32,   -3,   -8,    6,    0,    0,    0,   -1,    6,    0,    0,    0,    0,    0,  -13,    0,    0,  -16,  -13,    0,    0,    0,    0,    0,  -13,    0,    0,    0,    0,    0,    0,   -3,   -3,   -8,    0,    0,    0,    0,   -8,    0,    0,   -3,    0,    2,    0,    0,    0,   -8,  -13,  -38,  -13,    0,    2,    0,    3,    0,    0,    3,  -32,    0,    0,    0,  -49,    3,    0,    0,    0,    0,    0,    0,    0,  -20,    0,    0,    0,    0,
       0,    0,    0,    0,  -13,    0,    0,    0,  -29,    0,  -29,    0,    0,    0,    0,    0,    0,    0,    0,    0,    0,    0,    0,    0,    0,    0,  -27,    0,    0,  -23,  -20,    0,    0,    0,    0,    0,  -13,    0,    0,    0,   -7,    0,    0,    0,    0,    0,    0,    0,    0,    0,    0,    0,    0,    0,    0,  -13,    0,    0,    0,    0,    0,    0,    0,    0,    0,    0,    0,    0,    0,    0,    0,   -7,    0,    0,    0,    0,   -7,    0,    0,    0,    0,    0,    0,    0,    0,   -7,  -20,  -20,  -20,    0,    0,    0,    0,    0,    0,    4,  -32,    0,    0,    0,  -29,    4,    0,    0,    0,    0,    0,    0,    0,    0,    0,    0,    0,    0,
       0,    0,    0,    0,    0,    0,    0,   -9,    0,   -9,    0,    0,    0,    0,    0,    0,    0,    0,    0,    0,    0,    0,    0,  -13,    0,    0,    0,    0,    0,    0,  -25,    0,    0,    0,    0,    0,    0,    0,    0,   -1,  -10,    7,    0,    0,    0,    0,    7,    0,    0,    0,    0,    0,   -9,    0,    0,  -13,   -9,    0,    0,    0,    0,    0,   -9,    0,    0,    0,    0,    0,    0,   -1,   -1,  -10,    0,    0,    0,    0,  -10,    0,    0,   -1,    0,    0,    0,    0,    0,  -10,  -25,  -25,  -25,    0,    0,    0,    0,    0,    0,    0,    0,    0,    0,    0,    0,    0,    0,    0,    0,    0,    0,    0,    0,    0,    0,    0,    0,    0,
       0,    0,    0,    0,    0,    0,    0,    0,    0,    0,    0,    0,    0,    0,    0,    0,    0,    0,    0,    0,    0,    0,    0,    0,    0,    0,    0,    0,    0,    0,  -13,    0,    0,    0,    0,    0,    0,    0,    0,    0,   -6,    0,    0,    0,    0,    0,    0,    0,    0,    0,    0,    0,    0,    0,    0,    0,    0,    0,    0,    0,    0,    0,    0,    0,    0,    0,    0,    0,    0,    0,    0,   -6,    0,    0,    0,    0,   -6,    0,    0,    0,    0,    0,    0,    0,    0,   -6,  -13,  -13,  -13,    0,    0,    0,    0,    0,    0,    0,    0,    0,    0,    0,    0,    0,    0,    0,    0,    0,    0,    0,    0,    0,    0,    0,    0,    0,
       0,    0,    0,    0,    0,    0,    0,    0,    0,    0,    0,    0,    0,    0,  -13,   -4,    0,    0,   -9,    0,    0,    0,    0,    0,    0,    0,  -13,    0,    0,  -18,  -29,    0,  -20,  -20,  -29,  -32,    0,    0,    0,    0,    0,    0,    0,    0,    0,    0,    0,    0,   -1,    0,   -9,    0,    0,    0,    0,    0,    0,    0,    0,    0,    0,   -7,    0,    0,    0,    0,    0,    0,    0,    0,    0,    0,    0,    0,    0,    0,    0,    0,   -1,    0,    0,    0,    0,    0,    0,    0,  -43,  -43,  -29,    0,    0,    0,    0,    0,  -25,    0,    0,    0,    0,    0,    0,    0,    0,    0,    0,    0,    0,    0,    0,    0,    0,    0,    0,    0,
       0,    0,    0,    0,    0,    0,    0,    0,    0,    0,    0,    0,    0,    0,    0,    0,    0,    0,    0,    0,    0,    0,    0,    0,    0,    0,    0,    0,    0,    0,  -27,    0,  -13,    0,    0,  -27,    0,    0,    0,    0,    0,    0,    0,    0,    0,    0,    0,    0,    0,    0,    0,    0,    0,    0,    0,    0,    0,    0,    0,    0,    0,    0,    0,    0,    0,    0,    0,    0,    0,    0,    0,    0,    0,    0,    0,    0,    0,    0,    0,    0,    0,    0,    0,    0,    0,    0,  -27,  -27,  -27,    0,    0,    0,    0,    0,  -13,    0,    0,    0,    0,    0,    0,    0,    0,    0,    0,    0,    0,    0,    0,    0,    0,    0,    0,    0,
       0,    0,    0,    0,    0,    0,    0,    0,    0,    0,    0,    0,    0,    0,    0,    0,    0,    0,    0,    0,    0,    0,    0,    0,    0,    0,    0,    0,    0,    0,    0,    0,    0,    0,    0,    0,    0,    0,    0,    0,    0,    0,   13,    0,    0,    0,    0,    0,    0,    0,    0,    0,    0,    0,    0,    0,    0,    0,    0,    0,    0,    0,    0,    0,    0,    0,    0,    0,    0,    0,    0,    0,   13,   13,   13,    0,    0,    0,    0,    0,    0,    0,    0,    0,    0,    0,    0,    0,    0,    0,    0,   13,   18,    0,    0,    0,    0,    0,    0,    0,    0,    0,    0,    0,    0,    0,    0,    0,    0,    0,    0,    0,    0,    0,
       0,    0,    0,    0,  -16,    0,    0,    0,    0,    0,    0,    0,    0,    0,    0,    0,    0,    0,    0,    0,    0,    0,    0,    0,    0,    0,  -29,    0,    0,  -29,    0,    0,    0,    0,    0,    0,    0,    0,    0,    0,  -13,    0,    0,    0,    0,    0,    0,    0,    0,    0,    0,    0,    0,    0,    0,    0,    0,    0,    0,    0,    0,    0,    0,    0,    0,    0,    0,    0,    0,    0,    0,  -13,    0,    0,    0,    0,  -13,    0,    0,    0,    0,    0,    0,    0,    0,  -13,    0,    0,    0,    0,    0,    0,    0,    0,    0,    0,    0,    0,    0,    0,    0,    0,    0,    0,    0,    0,    0,    0,    0,    0,    0,    0,    0,    0,
       0,    0,    0,    0,    0,    0,    0,    0,    0,    0,    0,    0,    0,    0,    0,    0,    0,    0,    0,    0,    0,    0,    0,    0,    0,    0,  -13,    0,    0,    0,  -20,    0,    0,    0,    0,  -25,    0,    0,    0,    0,    0,    0,    0,    0,    0,    0,    0,    0,    0,    0,    0,    0,    0,    0,    0,    0,    0,    0,    0,    0,    0,    0,    0,    0,    0,    0,    0,    0,    0,    0,    0,    0,    0,    0,    0,    0,    0,    0,    0,    0,    0,    0,    0,    0,    0,    0,  -20,  -20,  -20,    0,    0,    0,    0,    0,    0,    0,    0,    0,    0,    0,    0,    0,    0,    0,    0,    0,    0,    0,    0,    0,    0,    0,    0,    0,
       0,    0,    0,    0,  -13,    0,    0,    0,    0,    0,    0,    0,    0,    0,    0,    0,  -20,    0,    0,    0,    0,    0,    0,    0,    0,   -2,  -28,    0,   -2,  -28,    0,    0,    0,    0,   -3,   -3,    0,    0,    0,   -4,  -11,    0,    0,    0,    0,   -4,    0,    0,    0,    0,    0,    0,    0,    0,    0,    0,    0,    0,    0,    0,    0,    0,    0,    0,    0,    0,    0,    0,    0,   -4,   -4,  -11,    0,    0,    0,    0,  -11,    0,    0,   -4,    0,    0,    0,    0,    0,  -11,    0,    0,    0,    0,    0,    0,    0,    0,    0,    0,    0,    0,    0,    0,    0,    0,    0,    0,    0,    0,    0,    0,    0,    0,    0,    0,    0,    0,
       0,    0,    0,    0,    0,    0,    0,    0,    0,    0,    0,    0,    0,    0,    0,    0,    0,    0,    0,    0,    0,    0,    0,    0,    0,    0,    0,    0,    0,    0,    0,    0,    0,    0,    0,    0,    0,    0,    0,    0,    0,    0,    0,    0,    0,    0,    0,    0,    0,    0,    0,    0,    0,    0,    0,    0,    0,    0,    0,    0,    0,    0,    0,    0,    0,    0,    0,    0,    0,    0,    0,    0,    0,    0,    0,    0,    0,    0,    0,    0,    0,    0,    0,    0,    0,    0,    0,    0,    0,    0,    0,    0,    0,    0,    0,    0,    0,    0,    0,    0,    0,    0,    0,   -4,    0,    0,    0,    0,    0,    0,    0,    0,    0,    0,
       0,    0,    0,    0,    0,    0,    0,  -16,    0,  -16,    0,  -13,    0,    0,    0,    0,    0,    0,    0,    0,    0,    0,  -16,    0,    0,    0,    0,    0,    0,    0,  -20,    0,    0,    0,    0,  -23,    0,    0,  -13,    0,    0,    0,    0,    0,    0,    0,    0,    0,    0,    0,    0,    0,  -16,    0,    0,    0,  -29,    0,    0,    0,    0,    0,  -16,    0,    0,    0,    0,    0,    0,    0,    0,    0,    0,    0,    0,    0,    0,    0,    0,    0,    3,    0,    0,    0,    0,    0,  -20,  -50,  -20,    0,    0,    0,    0,    0,  -36,    6,    0,    0,    0,    0,    0,    6,    0,    0,    0,    0,    0,    0,    0,  -25,    0,    0,    0,    0,
       0,    0,    0,    0,    0,    0,    0,    0,    0,    0,    0,    0,    0,    0,  -13,   -4,    0,    0,   -9,    0,    0,    0,    0,    0,    0,    0,  -13,    0,    0,  -18,  -61,    0,  -36,  -20,  -33,  -52,    0,    0,    0,    0,    0,    0,    0,    0,    0,    0,    0,    0,   -1,    0,   -9,    0,    0,    0,    0,    0,    0,    0,    0,    0,    0,   -7,    0,    0,    0,    0,    0,    0,    0,    0,    0,    0,    0,    0,    0,    0,    0,    0,   -1,    0,    0,    0,    0,    0,    0,    0,  -61,  -61,  -61,    0,    0,    0,    0,    0,  -25,    0,    0,    0,    0,    0,    0,    0,    0,    0,    0,    0,    0,    0,    0,    0,    0,    0,    0,    0,
       0,    0,    0,    0,    0,    0,    0,    0,    0,    0,    0,    0,    0,  -16,  -20,  -18,    0,    0,  -20,  -13,    0,    0,    0,    0,    0,    0,  -13,    0,    0,    0,  -52,    0,  -25,  -23,  -16,  -36,  -13,    0,    0,    0,    0,    0,    0,    0,    0,    0,    0,    0,  -13,  -13,  -13,    0,    0,    0,    0,    0,    0,    0,    0,    0,    0,    0,    0,    0,    0,    0,    0,    0,    0,    0,    0,    0,    0,    0,    0,    0,    0,    0,  -13,    0,    0,    0,    0,    0,    0,    0,  -52,  -52,  -52,    0,    0,    0,    0,    0,  -34,    0,    0,    0,    0,    0,    0,    0,    0,    0,    0,    0,    0,    0,    0,    0,    0,    0,    0,    0,
       0,    0,    0,    0,    0,    0,    0,    0,    0,    0,    0,    0,    0,    0,    0,    0,    0,    0,    0,    0,    0,    0,    0,    0,    0,    0,    0,    0,    0,    0,  -27,    0,  -33,  -29,    0,    0,    0,    0,    0,    0,    0,    0,    0,    0,    0,    0,    0,    0,    0,    0,    0,    0,    0,    0,    0,    0,    0,    0,    0,    0,    0,    0,    0,    0,    0,    0,    0,    0,    0,    0,    0,    0,    0,    0,    0,    0,    0,    0,    0,    0,    0,    0,    0,    0,    0,    0,  -27,  -27,  -27,    0,    0,    0,    0,    0,  -25,  -13,    0,    0,    0,    0,    0,  -13,    0,    0,    0,    0,    0,    0,    0,    0,    0,    0,    0,    0,
       0,    0,    0,    0,    0,    0,    0,    0,    0,    0,    0,    0,    0,    0,    0,    0,    0,    0,    0,    0,    0,    0,    0,    0,    0,    0,    0,    0,    0,    0,    0,    0,    0,    0,    0,    0,    0,    0,    0,    0,    0,    0,    0,    0,    0,    0,    0,    0,    0,    0,    0,    0,    0,    0,    0,    0,    0,    0,    0,    0,    0,    0,    0,    0,    0,    0,    0,    0,    0,    0,    0,    0,    0,    0,    0,    9,    0,    0,    0,    0,    0,    0,    9,    9,    0,    0,    0,    0,    0,    0,    0,    0,   16,    9,    0,    0,    0,    0,    0,    0,    0,    0,    0,    0,    0,    0,    0,    0,    0,    0,    0,    0,    0,    0,
       0,    0,    0,    0,    0,    0,    0,    0,    0,    0,    0,    0,    0,    0,    0,    0,    0,    0,    0,    0,    0,    0,    0,    0,    0,    0,  -13,    0,    0,    0,  -36,    0,  -16,    0,  -18,  -18,    0,    0,    0,    0,    0,    0,    0,    0,    0,    0,    0,    0,    0,    0,    0,    0,    0,    0,    0,    0,    0,    0,    0,    0,    0,    0,    0,    0,    0,    0,    0,    0,    0,    0,    0,    0,    0,    0,    0,    0,    0,    0,    0,    0,    0,    0,    0,    0,    0,    0,  -36,  -36,  -36,    0,    0,    0,    0,    0,    0,    0,    0,    0,    0,    0,    0,    0,    0,    0,    0,    0,    0,    0,    0,    0,    0,    0,  -13,    0,
       0,    0,    0,    0,    0,    0,    0,    0,  -41,    0,  -41,    0,    0,    0,    0,    0,    0,    0,    0,    0,    0,    0,    0,    0,    0,    0,  -16,    0,    0,  -16,  -23,    0,  -20,    0,    0,    0,  -16,    0,    0,    0,    0,    0,    0,    0,    0,    0,    0,    0,    0,    0,    0,    0,    0,    0,    0,    0,    0,    0,    0,    0,    0,    0,    0,    0,    0,    0,    0,    0,    0,    0,    0,    0,    0,    0,    0,    0,    0,    0,    0,    0,    0,    0,    0,    0,    0,    0,  -23,  -23,  -23,    0,    0,    0,    0,    0,  -23,    0,  -50,    0,    0,    0,  -41,    0,    0,    0,    0,    0,    0,    0,    0,    0,    0,    0,    0,    0,
       0,    0,    0,    0,    0,    0,    0,    0,    0,    0,    0,    0,    0,    0,    0,    0,    0,    0,    0,    0,    0,    0,    0,    0,    0,    0,    0,    0,    0,    0,  -21,    0,    0,    0,    0,    0,    0,    0,    0,    0,    0,    0,    0,    0,    0,    0,    0,    0,    0,    0,    0,    0,    0,    0,    0,    0,    0,    0,    0,    0,    0,    0,    0,    0,    0,    0,    0,    0,    0,    0,    0,    0,    0,    0,    0,   13,    0,    0,    0,    0,    0,    0,   13,   13,    0,    0,  -21,  -21,  -21,    0,    0,    0,    0,   13,  -47,    0,    0,    0,    0,    0,    0,    0,    0,    0,    0,    0,    0,    0,    0,    0,    0,    0,    0,    0,
       0,    0,    0,    0,    0,    0,    0,    0,    0,    0,    0,    0,    0,    0,    0,    0,    0,    0,    0,    0,    0,    0,    0,    0,    0,    0,    0,    0,    0,    0,  -32,    0,    0,    0,    0,    0,    0,    0,    0,    0,    0,    0,    0,    0,    0,    0,    0,    0,    0,    0,    0,    0,    0,    0,    0,    0,    0,    0,    0,    0,    0,    0,    0,    0,    0,    0,    0,    0,    0,    0,    0,    0,    0,    0,    0,    0,    0,    0,    0,    0,    0,    0,    0,    0,    0,    0,  -32,  -32,  -32,    0,    0,    0,    0,    0,    0,    0,    0,    0,    0,    0,    0,    0,    0,    0,    0,    0,    0,    0,    0,    0,    0,    0,    0,    0,
       0,    0,    0,    0,    0,    3,    0,    0,    0,    0,    0,    0,    0,    0,    0,    0,    0,    0,    0,    0,    0,    0,    0,    0,    0,    0,    0,    0,    0,    0,    0,    0,    0,    0,    0,    0,    0,    0,    0,    0,    0,    0,    0,    0,    0,    0,    1,    0,    0,    0,    0,    0,    0,    3,    0,    0,    0,    0,    0,    0,    0,    0,    0,    0,    0,    0,    0,    0,    0,    0,    0,    0,    0,    0,    0,   41,    0,    0,    0,    0,    0,    0,   44,   41,    0,    0,    0,    0,    0,    0,    0,    0,   29,   41,    0,    0,    0,    0,    0,    0,    0,    0,    0,    0,    0,    0,    0,    0,    0,    0,    0,    0,    0,    0,
       0,    0,    0,    0,    0,    0,    0,    0,    0,    0,    0,    0,    0,   18,    0,    0,    0,    0,   36,    0,    0,    0,    0,    0,    0,    0,    0,   25,    0,    0,   36,    0,   34,    0,    0,    0,   36,    0,    0,    0,    0,   16,   28,   28,   11,    0,   20,    0,    0,    0,    0,    0,    0,    0,    0,    0,    0,    0,    0,    0,    0,    0,    0,    0,    0,    0,    9,    0,    0,    0,    0,    0,   41,   28,   41,   69,    0,    0,    0,    0,    0,   25,   69,   69,   41,    0,   36,   36,   36,    0,   55,   41,   20,   69,    0,    0,    0,    0,    0,    0,    0,    0,    0,    0,    0,    0,    0,    0,    0,    0,    0,    0,    0,    0,
      -4,    0,    0,    0,    0,    0,    0,    0,    0,    0,    0,    0,    0,  -16,    0,    0,    0,    0,    0,    0,    0,    0,    0,    0,    0,    0,    0,    0,    0,    0,  -50,    0,  -20,  -20,    0,  -29,    0,    0,    0,    0,    0,    0,    0,    0,    0,    0,    0,    0,   -7,    0,    0,    0,    0,    0,    0,    0,    0,   -3,    0,    0,    0,    0,    0,    0,    0,    0,    0,    0,    0,    0,    0,    0,    0,    0,    0,    0,    0,    0,   -7,    0,    0,    0,    0,    0,    0,    0,  -50,  -50,  -50,    0,    0,    0,    0,    0,  -18,  -10,    0,    0,    0,    0,    0,  -10,    0,    0,    0,    0,    0,    0,    0,    0,    0,    0,    0,    0,
      -9,    0,    0,    0,    0,   -4,    0,    0,    0,    0,    0,    0,    0,  -13,    0,    0,    0,    0,    0,    0,    0,    0,    0,    0,    0,    0,  -12,    0,    0,    0,  -56,    0,  -22,  -20,  -11,  -35,    0,    0,    0,    4,    0,    0,    0,    0,    0,    0,    0,    0,   -8,   -7,  -10,   -6,    0,    0,  -13,    0,    0,   -4,    0,    0,    0,    0,    0,    0,    0,    0,    0,    0,    0,    4,    4,    0,    0,    0,    0,    0,    0,    0,   -8,    4,    0,    0,    0,    0,    0,    0,  -56,  -56,  -56,    0,    0,    0,   14,    0,  -25,   -9,    0,    0,    0,    0,    0,   -9,    0,    0,    0,    0,    0,    0,    0,    0,    0,    0,    0,    0,
      -4,    0,    0,    0,    0,    0,    0,    0,    0,    0,    0,    0,    0,  -16,    0,    0,    0,    0,    0,    0,    0,    0,    0,    0,    0,    0,    0,    0,    0,    0,  -59,    0,  -20,  -20,    0,  -29,    0,    0,    0,    0,    0,    0,    0,    0,    0,    0,    0,    0,   -7,    0,    0,    0,    0,    0,    0,    0,    0,   -3,    0,    0,    0,    0,    0,    0,    0,    0,    0,    0,    0,    0,    0,    0,    0,    0,    0,    0,    0,    0,   -7,    0,    0,    0,    0,    0,    0,    0,  -59,  -59,  -59,    0,    0,    0,    0,    0,  -18,  -10,    0,    0,    0,    0,    0,  -10,    0,    0,    0,    0,    0,    0,    0,    0,    0,    0,    0,    0,
      13,    0,    0,    0,    0,   39,   23,    0,    0,    0,    0,    0,    0,   18,    0,    0,    0,    0,   18,    0,    0,    0,    0,    0,    0,    0,    0,   13,    0,    0,   16,    0,    0,    0,    0,    0,    0,   23,    0,    0,    0,    0,   16,   11,   11,    0,    0,    0,    0,    0,    0,    0,    0,    0,   17,    0,    0,    7,   23,    0,    0,    0,    0,    0,    0,    0,    0,    0,    0,    0,    0,    0,   16,   16,   35,   20,    0,    0,    0,    0,    0,   13,   20,   20,   11,    0,   16,   16,   16,    0,   13,   36,   18,   20,   13,    0,    0,    0,    0,    0,    0,    0,    0,    0,    0,    0,    0,    0,    0,  -16,    0,    0,    0,    0,
       0,    0,    0,    0,    0,    0,    0,    0,    0,    0,    0,    0,    0,    0,    0,    0,    0,    0,    0,    0,    0,    0,    0,    0,    0,    0,    0,   13,    0,    0,   13,    0,    0,    0,    0,    0,    0,    0,    0,    0,    0,    0,   13,   16,    0,    0,    0,    0,    0,    0,    0,    0,    0,    0,    0,    0,    0,    0,    0,    0,    0,    0,    0,    0,    0,    0,    0,    0,    0,    0,    0,    0,   13,   13,   16,   16,    0,    0,    0,    0,    0,   16,   16,   16,   16,    0,   13,   13,   13,    0,   13,   13,   16,   16,    0,    0,    0,    0,    0,    0,    0,    0,    0,    0,    0,    0,    0,    0,    0,    0,    0,    0,    0,    0,
       0,    0,    0,    0,    0,    0,    0,    0,    0,    0,    0,    0,    0,   18,    0,    0,    0,    0,   36,    0,    0,    0,    0,    0,    0,    0,    0,   25,    0,    0,   36,    0,   34,    0,    0,    0,   36,    0,    0,    0,    0,   16,   44,   41,   11,    0,   20,    0,    0,    0,    0,    0,    0,    0,    0,    0,    0,    0,    0,    0,    0,    0,    0,    0,    0,    0,    9,    0,    0,    0,    0,    0,   44,   44,   44,   69,    0,    0,    0,    0,    0,   25,   69,   69,   41,    0,   36,   36,   36,    0,   55,   44,   43,   69,    0,    0,    0,    0,    0,    0,    0,    0,    0,    0,    0,    0,    0,    0,    0,    0,    0,    0,    0,    0,
       0,    0,    0,    0,    0,    0,    0,    0,    0,    0,    0,    0,    0,   18,    0,    0,    0,    0,   36,    0,    0,    0,    0,    0,    0,    0,    0,   25,    0,    0,   36,    0,   34,    0,    0,    0,   36,    0,    0,    0,    0,   16,   44,   44,   11,    0,   20,    0,    0,    0,    0,    0,    0,    0,    0,    0,    0,    0,    0,    0,    0,    0,    0,    0,    0,    0,    9,    0,    0,    0,    0,    0,   44,   44,   44,   69,    0,    0,    0,    0,    0,   25,   69,   69,   44,    0,   36,   36,   36,    0,   55,   44,   20,   69,    0,    0,    0,    0,    0,    0,    0,    0,    0,    0,    0,    0,    0,    0,    0,    0,    0,    0,    0,    0,
       0,    0,    0,    0,    0,    0,    0,    0,    0,    0,    0,    0,    0,   18,    0,    0,    0,    0,   36,    0,    0,    0,    0,    0,    0,    0,    0,   25,    0,    0,   36,    0,   34,    0,    0,    0,   36,    0,    0,    0,    0,   16,   44,   28,   11,    0,   20,    0,    0,    0,    0,    0,    0,    0,    0,    0,    0,    0,    0,    0,    0,    0,    0,    0,    0,    0,    9,    0,    0,    0,    0,    0,   44,   44,   44,   69,    0,    0,    0,    0,    0,   25,   69,   69,   41,    0,   36,   36,   36,    0,   55,   44,   20,   69,    0,    0,    0,    0,    0,    0,    0,    0,    0,    0,    0,    0,    0,    0,    0,    0,    0,    0,    0,    0,
       0,    0,    0,    0,    0,    3,    0,    0,    0,    0,    0,    0,    0,    0,    0,    0,    0,    0,    0,    0,    0,    0,    0,    0,    0,    0,    0,    0,    0,    0,    0,    0,    0,    0,    0,    0,    0,    0,    0,    0,    0,    0,    0,    0,    0,    0,    1,    0,    0,    0,    0,    0,    0,    3,    0,    0,    0,    0,    0,    0,    0,    0,    0,    0,    0,    0,    0,    0,    0,    0,    0,    0,    0,    0,    0,   41,    0,    0,    0,    0,    0,    0,   44,   41,    0,    0,    0,    0,    0,    0,    0,    0,   29,   44,    0,    0,    0,    0,    0,    0,    0,    0,    0,    0,    0,    0,    0,    0,    0,    0,    0,    0,    0,    0,
     -36,    0,    0,    0,    0,    0,  -70,  -54,    0,  -54,    0,    0,    0,  -18,    0,    0,    0,    0,    0,    0,    0,    0,    0,    0,   -7,  -11,    0,    0,  -11,    0,  -39,    0,  -27,    0,    0,  -23,    0,  -70,    0,    0,    0,    0,    0,    0,    0,    0,   -9,    0,  -27,    0,    0,    0,  -52,    0,  -38,  -25,  -54,  -32,  -70,    0,    0,  -35,  -54,    0,    0,    0,    0,    0,  -13,    0,    0,    0,    0,    0,    0,    0,    0,    0,  -27,    0,    0,    0,    0,    0,    0,    0,  -39,  -39,  -39,    0,    0,    0,    0,    0,  -34,  -16,    0,  -18,  -18,  -13,    0,  -43,    0,    0,    0,    0,    0,    0,    0,    0,    0,    0,    0,    0,
       0,    0,    0,    0,    0,    0,    0,    0,    0,    0,    0,    0,    0,    0,    0,    0,    0,    0,    0,    0,    0,    0,    0,    0,    0,    0,    0,    0,    0,    0,    0,    0,    0,    0,    0,    0,    0,    0,    0,    0,    0,    0,    0,    0,    0,    0,    5,    0,    2,    0,    0,    0,    0,    0,    0,    0,    0,    0,    0,    0,    0,    0,    0,    0,    0,    0,    0,   13,    0,    0,    0,    0,    0,    0,    0,   25,    0,    0,    2,    0,   13,    0,   25,   25,    0,    0,    0,    0,    0,    0,    0,    0,   35,   25,    0,    0,    0,    0,    0,    0,    0,    0,    0,    0,    0,    0,    0,    0,    0,    0,    0,    0,    0,    0,
     -36,    0,    0,    0,    0,    0,  -68,  -50,    0,  -50,    0,    0,    0,  -18,    0,    0,    0,    0,    0,    0,    0,    0,    0,    0,   -7,  -11,    0,    0,  -11,    0,  -39,    0,  -27,    0,    0,  -23,    0,  -52,    0,    0,    0,    0,    0,    0,    0,    0,   -9,    0,  -27,    0,    0,    0,  -47,    0,  -38,  -25,  -50,  -32,  -70,    0,    0,  -35,  -50,    0,    0,    0,    0,    0,  -13,    0,    0,    0,    0,    0,    0,    0,    0,    0,  -27,    0,    0,    0,    0,    0,    0,    0,  -39,  -39,  -39,    0,    0,    0,    0,    0,  -34,  -16,    0,  -18,  -18,  -13,    0,  -43,    0,    0,    0,    0,    0,    0,    0,    0,    0,    0,    0,    0,
       0,    0,    0,    0,    0,    0,    0,    0,    0,    0,    0,    0,    0,    0,    0,    0,    0,    0,    0,    0,    0,    0,    0,    0,    0,    0,    0,    0,    0,    0,    0,    0,    0,    0,    0,  -13,    0,    0,    0,    0,    0,    0,    0,    0,    0,    0,    0,    0,    0,    0,    0,    0,    0,    0,    0,    0,    0,    0,    0,    0,    0,    0,    0,    0,    0,    0,    0,    0,    0,    0,    0,    0,    0,    0,    0,    0,    0,    0,    0,    0,    0,    0,    0,    0,    0,    0,    0,    0,    0,    0,    0,    0,    0,    0,    0,    0,    0,    0,    0,    0,    0,    0,    0,    0,    0,    0,    0,    0,    0,    0,    0,    0,    0,    0,
       0,    0,    0,    0,    0,    0,    0,    0,    0,    0,    0,    0,    0,    0,    0,    0,    0,    0,    0,    0,    0,    0,    0,    0,    0,    0,    0,    0,    0,    0,    0,    0,    0,    0,    0,    0,    0,    0,    0,    0,    0,    0,    0,    0,    0,    0,    5,    0,    2,    0,    0,    0,    0,    0,    0,    0,    0,    0,    0,    0,    0,    0,    0,    0,    0,    0,    0,   27,    0,    0,    0,    0,    0,    0,    0,   25,    0,    0,    2,    0,   13,    0,   25,   25,    0,    0,    0,    0,    0,    0,    0,    0,   19,   25,    0,    0,    0,    0,    0,    0,    0,    0,    0,    0,    0,    0,    0,    0,    0,    0,    0,    0,    0,    0,
     -36,    0,    0,    0,    0,    0,  -66,  -34,    0,  -54,    0,    0,    0,  -18,    0,    0,    0,    0,    0,    0,    0,    0,    0,    0,   -7,  -11,    0,    0,  -11,    0,  -39,    0,  -27,    0,    0,  -45,    0,  -66,    0,    0,    0,    0,    0,    0,    0,    0,   -9,    0,  -27,    0,    0,    0,  -50,    0,  -38,  -25,  -86,  -32,  -66,    0,    0,  -35,  -59,    0,    0,    0,    0,    0,  -13,    0,    0,    0,    0,    0,    0,    0,    0,    0,  -27,    0,    0,    0,    0,    0,    0,    0,  -39,  -39,  -39,    0,    0,    0,    0,    0,  -34,  -29,    0,  -18,  -18,  -13,    0,  -29,    0,    0,    0,    0,    0,    0,    0,    0,    0,    0,    0,    0,
       0,    0,    0,    0,    0,    0,    0,    0,    0,    0,    0,    0,    0,    0,    0,    0,    0,    0,    0,    0,    0,    0,    0,    0,    0,    0,    0,    0,    0,    0,    0,    0,    0,    0,    0,    0,    0,    0,    0,    0,    0,    0,    0,    0,    0,    0,   13,    0,    2,    0,    0,    0,    0,    0,    0,    0,    0,    0,    0,    0,    0,    0,    0,    0,    0,    0,    0,   27,    0,    0,    0,    0,    0,    0,    0,   25,    0,    0,    2,    0,   13,    0,   25,   25,    0,    0,    0,    0,    0,    0,    0,    0,   19,   25,    0,    0,    0,    0,    0,    0,    0,    0,    0,    0,    0,    0,    0,    0,    0,    0,    0,    0,    0,    0,
       0,    0,    0,    0,  -13,    0,    0,  -43,  -13,  -43,  -13,  -52,  -13,    0,    0,    0,  -27,    0,  -32,    0,    0,  -13,  -32,  -13,    0,  -13,  -35,    0,  -13,  -36,    0,    0,    0,    0,    0,    6,    0,    0,  -23,  -33,  -35,   -1,    0,    0,  -26,  -33,  -33,  -45,  -29,  -29,  -56,  -37,  -43,    0,    0,  -52,  -43,    0,    0,    0,  -45,    0,  -43,    0,  -20,    0,    0,    0,  -13,  -49,  -49,  -55,    0,    0,    0,   36,  -55,  -45,  -43,  -33,    0,    0,   36,   36,    0,  -35,    0,    0,    0,  -45,    0,    0,   51,   36,    0,    0,  -48,    0,    0,  -13,  -47,    0,    0,    0,    0,    0,    0,    0,    0,  -50,    0,    0,    0,    0,
       0,    0,    0,    0,  -13,    0,    0,  -43,  -13,  -43,  -13,  -52,  -13,    0,    0,    0,  -27,    0,  -32,    0,    0,  -13,  -32,  -13,    0,  -13,  -35,    0,  -13,  -36,    0,    0,    0,    0,    0,    6,    0,    0,  -23,  -33,  -35,   -1,    0,    0,  -26,  -33,  -33,  -31,  -29,  -29,  -28,  -23,  -43,    0,    0,  -52,  -43,    0,    0,    0,  -72,    0,  -43,    0,  -20,    0,    0,    0,  -13,  -49,  -49,  -55,    0,    0,    0,   36,  -55,  -55,  -43,  -33,    0,    0,   36,   36,    0,  -35,    0,    0,    0,  -47,    0,    0,   51,   36,    0,    0,  -48,    0,    0,  -13,  -47,    0,    0,    0,    0,    0,    0,    0,    0,  -50,    0,    0,    0,    0,
       0,    0,    0,    0,  -13,    0,    0,  -29,  -13,  -29,  -13,  -52,  -13,    0,    0,    0,  -27,    0,  -32,    0,    0,  -13,  -32,  -13,    0,  -13,  -58,    0,  -13,  -84,    0,    0,    0,    0,    0,    6,    0,    0,  -23,  -33,  -35,   -1,    0,    0,  -26,  -33,  -33,  -31,  -29,  -29,  -28,  -23,  -29,    0,    0,  -52,  -29,    0,    0,    0,  -72,    0,  -61,    0,  -20,    0,    0,    0,  -13,  -49,  -49,  -55,    0,    0,    0,   36,  -55,  -55,  -43,  -33,    0,    0,   36,   36,    0,  -35,    0,    0,    0,  -47,    0,    0,   51,   36,    0,    0,  -48,    0,    0,  -13,  -47,    0,    0,    0,    0,    0,    0,    0,    0,  -79,    0,    0,    0,    0,
       0,    0,    0,    0,    0,    0,    0,    0,    0,    0,    0,    0,    0,    0,    0,    0,    0,    0,    0,    0,    0,    0,    0,    0,    0,    0,    0,    0,    0,    0,    0,    0,    0,    0,    0,    0,    0,    0,    0,  -21,  -25,  -12,    0,    0,  -21,  -21,  -11,  -21,  -21,  -21,  -21,  -21,    0,    0,    0,    0,    0,    0,    0,    0,  -21,    0,    0,    0,    0,    0,    0,    0,    0,  -21,  -21,  -25,    0,    0,    0,    0,  -25,  -21,  -21,  -21,    0,    0,    0,    0,    0,  -25,    0,    0,    0,  -21,    0,    0,    0,    0,    0,    0,    0,    0,    0,    0,    0,    0,    0,    0,    0,    0,    0,    0,    0,    0,    0,    0,    0,    0,
       0,    0,    0,    0,    0,    0,    0,    0,    0,    0,    0,    0,    0,    0,    0,    0,    0,    0,    0,    0,    0,    0,    0,    0,    0,    0,    0,    0,    0,    0,  -29,    0,    0,    0,    0,    0,    0,    0,    0,    0,   -6,    0,    0,    0,    0,    0,    0,    0,    0,    0,    0,    0,    0,    0,    0,    0,    0,    0,    0,    0,    0,    0,    0,    0,    0,    0,    0,    0,    0,    0,    0,   -6,    0,    0,    0,    0,   -6,    0,    0,    0,    0,    0,    0,    0,    0,   -6,  -29,  -29,  -29,    0,    0,    0,    0,    0,    0,    0,    0,    0,    0,    0,    0,    0,    0,    0,    0,    0,    0,    0,    0,    0,    0,    0,    0,    0,
       0,    0,    0,    0,    0,    3,    0,    0,    0,    0,    0,    0,    0,    0,    0,    0,    0,    0,    0,    0,    0,    0,    0,    0,    0,    0,    0,    0,    0,    0,    0,    0,    0,    0,    0,    0,    0,    0,    0,    0,    0,    0,    0,    0,    0,    0,    1,    0,    0,    0,    0,    0,    0,    3,    0,    0,    0,    0,    0,    0,    0,    0,    0,    0,    0,    0,    0,    0,    0,    0,    0,    0,    0,    0,    0,   41,    0,    0,    0,    0,    0,    0,   41,   41,    0,    0,    0,    0,    0,    0,    0,    0,   47,   41,    0,    0,    0,    0,    0,    0,    0,    0,    0,    0,    0,    0,    0,    0,    0,    0,    0,    0,    0,    0,
      -9,    0,    0,    0,    0,   -4,    0,    0,    0,    0,    0,    0,    0,  -13,    0,    0,    0,    0,    0,    0,    0,    0,    0,    0,    0,    0,  -12,    0,    0,    0,  -67,    0,  -22,  -20,  -11,  -35,    0,    0,    0,    4,    0,    0,    0,    0,    0,    0,    0,    0,   -8,   -7,  -10,   -6,    0,    0,  -13,    0,    0,   -4,    0,    0,    0,    0,    0,    0,    0,    0,    0,    0,    0,    4,    4,    0,    0,    0,    0,    0,    0,    0,   -8,    4,    0,    0,    0,    0,    0,    0,  -67,  -67,  -67,    0,    0,    0,   14,    0,  -25,   -9,    0,    0,    0,    0,    0,   -9,    0,    0,    0,    0,    0,    0,    0,    0,    0,    0,    0,    0,
       0,    0,    0,    0,    0,    0,    0,    0,    0,    0,    0,    0,    0,    0,    0,    0,    0,    0,    0,    0,    0,    0,    0,    0,    0,    0,    0,    0,    0,    0,    0,    0,    0,    0,    0,    0,    0,    0,    0,    0,    0,    0,    0,    0,    0,    0,    0,    0,    0,    0,    0,    0,    0,    0,    0,    0,    0,    0,    0,    0,    0,    0,    0,    0,    0,    0,    0,    0,    0,    0,    0,    0,    0,    0,    0,    0,    0,    0,    0,    0,    0,    0,    0,    0,    0,    0,    0,    0,    0,    0,    0,    0,   13,    0,    0,    0,    0,    0,    0,    0,    0,    0,    0,    0,    0,    0,    0,    0,    0,    0,    0,    0,    0,    0,
       0,    0,    0,    0,    0,    0,    0,  -16,    0,  -16,    0,  -13,    0,    0,    0,    0,    0,    0,    0,    0,    0,    0,  -16,    0,    0,    0,    0,    0,    0,    0,  -38,    0,    0,    0,    0,  -23,    0,    0,  -13,    0,    0,    0,    0,    0,    0,    0,    0,    0,    0,    0,    0,    0,  -16,    0,    0,    0,  -29,    0,    0,    0,    0,    0,  -16,    0,    0,    0,    0,    0,    0,    0,    0,    0,    0,    0,    0,    0,    0,    0,    0,    0,    3,    0,    0,    0,    0,    0,  -38,  -38,  -38,    0,    0,    0,    0,    0,  -16,    6,    0,    0,    0,    0,    0,    6,    0,    0,    0,    0,    0,    0,    0,  -25,    0,    0,    0,    0,
       0,    0,    0,    0,    0,    0,    0,    0,    0,    0,    0,    0,    0,    0,    0,    0,    0,    0,    0,    0,    0,    0,    0,    0,    0,    0,    0,    0,    0,    0,    0,    0,    0,    0,    0,    0,    0,    0,    0,    0,    0,    0,    0,    0,    0,    0,    0,    0,    0,    0,    0,    0,    0,    0,    0,    0,    0,    0,    0,    0,    0,    0,    0,    0,    0,    0,    0,    0,    0,    0,    0,    0,    0,    0,    0,    9,    0,    0,    0,    0,    0,    0,    9,    9,    0,    0,    0,    0,    0,    0,    0,    0,   29,    9,    0,    0,    0,    0,    0,    0,    0,    0,    0,    0,    0,    0,    0,    0,    0,    0,    0,    0,    0,    0,
       0,    0,    0,    0,    0,    3,    0,    0,    0,    0,    0,    0,    0,    0,    0,    0,    0,    0,    0,    0,    0,    0,    0,    0,    0,    0,    0,    0,    0,    0,    0,    0,    0,    0,    0,    0,    0,    0,    0,    0,    0,    0,    0,    0,    0,    0,    1,    0,    0,    0,    0,    0,    0,    3,    0,    0,    0,    0,    0,    0,    0,    0,    0,    0,    0,    0,    0,    0,    0,    0,    0,    0,    0,    0,    0,   41,    0,    0,    0,    0,    0,    0,   41,   41,    0,    0,    0,    0,    0,    0,    0,    0,   34,   41,    0,    0,    0,    0,    0,    0,    0,    0,    0,    0,    0,    0,    0,    0,    0,    0,    0,    0,    0,    0,
       0,    0,    0,    0,    0,    0,    0,    0,    0,    0,    0,    0,    0,   18,    0,    0,    0,    0,   36,    0,    0,    0,    0,    0,    0,    0,    0,   25,    0,    0,   36,    0,   34,    0,    0,    0,   36,    0,    0,    0,    0,   16,   41,   44,   11,    0,   20,    0,    0,    0,    0,    0,    0,    0,    0,    0,    0,    0,    0,    0,    0,    0,    0,    0,    0,    0,    9,    0,    0,    0,    0,    0,   41,   41,   41,   69,    0,    0,    0,    0,    0,   25,   69,   69,   44,    0,   36,   36,   36,    0,   55,   41,   38,   85,    0,    0,    0,    0,    0,    0,    0,    0,    0,    0,    0,    0,    0,    0,    0,    0,    0,    0,    0,    0,
       0,    0,    0,    0,  -25,    0,    0,    0,  -34,    0,  -34,  -38,    0,    0,    0,    0,  -25,    0,    0,    0,    0,    0,    0,    0,    0,    0,  -38,    0,    0,  -59,    0,    0,    0,    0,    0,    0,    0,    0,    0,    0,  -16,    0,    0,    0,    0,  -10,    0,    0,    0,    0,    0,    0,    0,    0,    0,    0,    0,    0,    0,    0,    0,    0,    0,    0,    0,  -25,    0,    0,    0,    0,    0,  -16,    0,    0,    0,    0,  -16,    0,    0,    0,    0,    0,    0,    0,    0,  -16,    0,    0,    0,    0,    0,    0,    0,    0,    0,    0,  -25,    0,    0,    0,  -34,    0,    0,    0,    0,    0,    0,    0,    0,    0,    0,    0,    0,    0,
       0,  -50,    0,    0,  -27,    0,    0,  -25,  -40,  -25,  -40,  -57,  -18,    0,    0,    0,  -38,    0,  -25,  -16,    0,  -23,  -38,  -23,    0,  -23,  -55,    0,  -23,  -50,    0,    0,    0,    0,    0,    0,    0,    0,  -16,  -23,  -25,    0,    0,    0,   -8,  -31,    6,  -16,    6,    0,    0,    0,  -43,    0,    0,  -34,  -25,    0,    0,    0,  -34,   -4,  -25,    0,    0,  -27,    0,    0,    0,  -23,  -23,  -25,    0,    0,    0,    0,  -25,  -16,    6,  -23,    0,    0,    0,    0,    0,  -25,    0,    0,    0,  -16,    0,    0,    0,    0,    0,    0,    0,    0,    0,    0,  -40,    0,    0,    0,    0,    0,    0,    0,    0,    0,    0,    0,    0,    0,
       0,    0,    0,    0,    0,    0,    0,    0,    0,    0,    0,    0,    0,  -27,    0,    0,    0,    0,    0,    0,    0,    0,    0,    0,    0,    0,    0,    0,    0,    0,  -38,    0,  -36,  -25,    0,  -43,    0,    0,    0,  -13,    0,    0,    0,    0,    0,    0,    0,    0,  -20,    0,    0,    0,    0,    0,    0,    0,    0,    0,    0,    0,    0,    0,    0,    0,    0,    0,    0,    0,    0,  -13,  -13,    0,    0,    0,    0,    0,    0,    0,  -20,  -13,    0,    0,    0,    0,    0,    0,  -38,  -38,  -38,    0,    0,    0,    0,    0,  -50,  -38,    0,    0,    0,    0,    0,  -38,    0,    0,    0,    0,    0,    0,    0,    0,    0,    0,    0,    0,
       0,    0,    0,    0,    0,    0,    0,    0,    0,    0,    0,    0,    0,    0,    0,    0,    0,    0,    0,    0,    0,    0,    0,    0,    0,    0,  -13,    0,    0,    0,  -13,    0,  -16,    0,  -18,  -18,    0,    0,    0,    0,    0,    0,    0,    0,    0,    0,    0,    0,    0,    0,    0,    0,    0,    0,    0,    0,    0,    0,    0,    0,    0,    0,    0,    0,    0,    0,    0,    0,    0,    0,    0,    0,    0,    0,    0,    0,    0,    0,    0,    0,    0,    0,    0,    0,    0,    0,  -13,  -13,  -13,    0,    0,    0,    0,    0,    0,    0,    0,    0,    0,    0,    0,    0,    0,    0,    0,    0,    0,    0,    0,    0,    0,    0,  -13,    0,
     -33,    0,    0,    0,    0,    0,    0,    0,    0,    0,    0,    0,  -10,  -36,    0,   -9,    0,   -6,   -6,   -8,   -3,    0,    0,    0,  -40,  -18,    0,    0,  -18,    0,  -13,    0,    0,    0,    0,  -13,    0,    0,    0,    0,    0,    0,    0,    0,    0,    0,    0,    0,    0,    0,    0,    0,    0,    0,    0,    0,    0,    0,    0,    0,    0,  -21,    0,    0,    0,    0,    0,    0,    0,    0,    0,    0,    0,    0,    0,    0,    0,    0,    0,    0,    0,    0,    0,    0,    0,    0,  -13,  -13,  -13,    0,    0,    0,    0,    0,    0,  -23,    0,  -54,  -73,    0,    0,  -23,    0,    0,    0,    0,    0,    0,    0,    0,    0,    0,    0,    0,
       0,    0,    0,    0,    0,    0,    0,    0,    0,    0,    0,    0,    0,    0,    0,    0,    0,    0,    0,    0,    0,    0,    0,    0,    0,    0,    0,    0,    0,    0,    0,    0,    0,    0,    0,    0,    0,    0,    0,    0,    0,    0,    0,    0,    0,    0,    0,    0,    0,    0,    0,    0,    0,    0,    0,    0,    0,    0,    0,    0,    0,    0,    0,    0,    0,    0,    0,    0,    0,    0,    0,    0,    0,    0,    0,    0,    0,    0,    0,    0,    0,    0,    0,    0,    0,    0,    0,    0,    0,    0,    0,    0,    0,    0,    0,    0,    0,    0,    0,    0,    0,    0,    0,    0,    0,    0,    9,    0,    0,    0,    0,    0,    0,    0,
       0,    0,    0,    0,    0,    0,    0,    0,    0,    0,    0,    0,    0,    0,    0,    0,    0,    0,    0,    0,    0,    0,    0,    0,    0,    0,    0,    0,    0,    0,    0,    0,    0,    0,    0,    0,    0,    0,    0,    0,    0,    0,    0,    0,    0,    0,    0,    0,    0,    0,    0,    0,    0,    0,    0,    0,    0,    0,    0,    0,    0,    0,    0,   -3,    0,    0,    0,    0,    0,    0,    0,    0,    0,    0,    0,    0,    0,    0,    0,    0,    0,    0,    0,    0,    0,    0,    0,    0,    0,    0,    0,    0,    0,    0,    0,    0,    0,    0,    0,    0,    0,    0,    0,    0,   -6,    0,    0,    0,    0,    0,    0,    0,    0,    0,
       0,    0,    0,    0,    0,    0,    0,    0,    0,    0,    0,    0,    0,    0,    0,    0,    0,    0,    0,    0,    0,    0,    0,    0,    0,    0,    0,    0,    0,    0,    0,    0,    0,    0,    0,    0,    0,    0,    0,    0,    0,    0,    0,    0,    0,    0,    0,    0,    0,    0,    0,    0,    0,    0,    0,    0,    0,    0,    0,    0,    0,    0,    0,    0,    0,    0,    0,    0,    0,    0,    0,    0,    0,    0,    0,    0,    0,    0,    0,    0,    0,    0,    0,    0,    0,    0,    0,    0,    0,    0,    0,    0,    0,    0,    0,    0,    0,    0,    0,    0,    0,    0,    0,  -21,    5,   -3,    0,  -13,    0,    0,    0,    0,    0,    0,
       0,    0,    0,    0,    0,    0,    0,    0,    0,    0,    0,    0,    0,    0,    0,    0,    0,    0,    0,    0,    0,    0,    0,    0,    0,    0,    0,    0,    0,    0,    0,    0,    0,    0,    0,    0,    0,    0,    0,    0,    0,    0,    0,    0,    0,    0,    0,    0,    0,    0,    0,    0,    0,    0,    0,    0,    0,    0,    0,   -9,    0,    0,    0,    0,    0,    0,    0,    0,    0,    0,    0,    0,    0,    0,    0,    0,    0,    0,    0,    0,    0,    0,    0,    0,    0,    0,    0,    0,    0,    0,    0,    0,    0,    0,    0,    0,    0,    0,    0,    0,    0,    0,    0,    0,   -6,    0,    0,    0,    0,    0,    0,    0,    0,    0,
       0,    0,    0,    0,    0,    0,    0,    0,    0,    0,    0,    0,    0,  -36,    0,    0,    0,    0,    0,    0,    0,    0,    0,    0,    0,  -16,    0,    0,  -16,    0,  -50,    0,  -53,  -35,    0,  -60,    0,    0,    0,    0,    0,    0,    0,    5,    0,    0,    0,    0,  -20,    0,    0,    0,    0,    0,    0,    0,    0,    0,    0,    0,    0,    0,    0,    0,    0,    0,    0,    0,    0,    0,    0,    0,    0,    0,    0,    0,    0,    0,  -20,    0,    0,    0,    0,    0,    5,    0,  -50,  -50,  -79,    0,    0,    0,    0,    0,    0,    0,    0,    0,    0,    0,    0,    0,    0,    0,    0,    0,    0,    0,    0,  -10,   -6,    0,    0,    0,
       0,    0,    0,    0,    0,    0,    0,    0,    0,    0,    0,    0,    0,    0,    0,    0,    0,    0,    0,    0,    0,    0,    0,    0,    0,    0,    0,    0,    0,    0,    0,    0,    0,    0,    0,    0,    0,    0,    0,    0,    0,    0,    0,    0,    0,    0,    0,    0,    0,    0,    0,    0,    0,    0,    0,    0,    0,    0,    0,    0,    0,    0,    0,    0,    0,    0,    0,    0,    0,    0,    0,    0,    0,    0,    0,    0,    0,    0,    0,    0,    0,    0,    0,    0,    0,    0,    0,    0,    0,    0,    0,    0,    0,    0,    0,    0,    0,    0,    0,    0,    0,    0,    0,    0,    0,    0,    0,    0,   -6,    0,    0,    0,    0,    0,
       0,    0,    0,    0,    0,    0,    0,    0,    0,    0,    0,    0,    0,    0,    0,    0,    0,    0,    0,    0,    0,    0,    0,    0,    0,    0,    0,    0,    0,    0,    0,    0,    0,    0,    0,    0,    0,    0,    0,    0,    0,    0,    0,    0,    0,    0,    0,    0,    0,    0,    0,    0,    0,    0,    0,    0,    0,    0,    0,    0,    0,    0,    0,    0,    0,    0,    0,    0,    0,    0,    0,    0,    0,    0,    0,    0,    0,    0,    0,    0,    0,    0,    0,    0,    0,    0,    0,    0,    0,    0,    0,    0,    0,    0,    0,    0,    0,    0,    0,    0,    0,    0,    0,    0,    0,    0,    0,    0,    0,  -20,    0,    0,    0,    0,
       0,    0,    0,    0,    0,    0,    0,    0,    0,    0,    0,    0,    0,    0,    0,    0,    0,    0,    0,    0,    0,    0,    0,    0,    0,    0,    0,    0,    0,    0,    0,    0,    0,    0,    0,    0,    0,    0,    0,    0,    0,    0,    0,    0,    0,    0,    0,    0,    0,    0,    0,    0,    0,    0,    0,    0,    0,    0,    0,    0,    0,    0,    0,    0,    0,    0,    0,    0,    0,    0,    0,    0,    0,    0,    0,    0,    0,    0,    0,    0,    0,    0,    0,    0,    0,    0,    0,    0,    0,    0,    0,    0,   16,    0,    0,    0,    0,    0,    0,    0,    0,    0,    0,    0,    0,    0,    0,    0,    0,    0,    0,    0,    0,    0,
       0,    0,    0,    0,    0,    0,    0,    0,    0,    0,    0,    0,   -2,    0,    0,    0,    0,    0,    0,    0,    0,    0,    0,    0,    0,    0,    0,    0,    0,    0,    0,    0,    0,    0,    0,    0,    0,    0,    0,    0,    0,    0,    0,    0,    0,    0,    0,    0,    0,    0,    0,    0,    0,    0,    0,    0,    0,    0,    0,    0,    0,    0,    0,    0,    0,    0,    0,    0,    0,    0,    0,    0,    0,    0,    0,    0,    0,    0,    0,    0,    0,    0,    0,    0,    0,    0,    0,    0,    0,    0,    0,    0,    0,    0,    0,    0,    0,    0,    0,    0,    0,    0,    0,    0,    0,    0,    0,    0,    0,    0,    0,    0,    0,    0,
       0,    0,    0,    0,    0,    0,    0,    0,  -27,    0,  -27,  -16,    0,    0,    0,    0,    0,    0,    0,    0,    0,    0,    0,    0,    0,    0,    0,    0,    0,    0,    0,    0,    0,    0,    0,    0,    0,    0,  -20,    0,    0,    0,    0,    0,    0,    0,    0,    0,    0,    0,    0,    0,    0,    0,    0,    0,    0,    0,    0,    0,    0,    0,    0,    0,    0,    0,    0,    0,    0,    0,    0,    0,    0,    0,    0,    0,    0,    0,    0,    0,    0,    0,    0,    0,    0,    0,    0,    0,    0,    0,    0,    0,    0,    0,    0,    0,    0,    0,    0,    0,  -27,    0,    0,    0,    0,    0,    0,    0,    0,    0,    0,    0,    0,    0,
};

static const EpdFontData inter_12_regular = {
    inter_12_regularBitmaps,
    inter_12_regularGlyphs,
    inter_12_regularIntervals,
    56,
    30,
    25,
    -7,
    true,
    inter_12_regularGroups,
    10,
    nullptr,
    inter_12_regularKernLeftClasses,
    inter_12_regularKernRightClasses,
    inter_12_regularKernMatrix,
    450,
    453,
    118,
    114,
    nullptr,
    0,
};
