/**
 * generated by fontconvert.py
 * name: inter_8_italic
 * size: 8
 * mode: 2-bit  compressed: true
 * Command used: fontconvert.py inter_8_italic 8 ../builtinFonts/source/Inter/Inter-Italic.ttf --2bit --compress --pnum --exclude-intervals 0x0400,0x04FF --exclude-intervals 0x1EA0,0x1EF9 --exclude-intervals 0x01A0,0x01A1 --exclude-intervals 0x01AF,0x01B0
 */
#pragma once
#include "EpdFontData.h"

static const uint8_t inter_8_italicBitmaps[11098] = {
    0x7D, 0x56, 0x41, 0x88, 0x1C, 0xC7, 0x15, 0x7D, 0xDD, 0xB5, 0xDA, 0xC6, 0xEA, 0xED, 0xEE, 0x3D,
    0x48, 0x44, 0xE0, 0x9E, 0xE9, 0x1C, 0x1C, 0x98, 0x40, 0xEF, 0xEE, 0x18, 0xDA, 0xA1, 0x84, 0x67,
    0xB4, 0x05, 0x86, 0xEC, 0x21, 0x10, 0x7C, 0xF0, 0x9E, 0x44, 0x22, 0xE5, 0x6A, 0x02, 0xDB, 0xC8,
    0x0D, 0x11, 0x58, 0xB6, 0x7A, 0xE5, 0x83, 0x72, 0x49, 0xD8, 0x9C, 0x72, 0x30, 0x81, 0x05, 0xFB,
    0x12, 0x19, 0x92, 0x3E, 0xE8, 0xA0, 0x43, 0xE2, 0x2D, 0x5F, 0x93, 0x4B, 0x89, 0xDC, 0x42, 0x0E,
    0x9D, 0x83, 0x31, 0xC4, 0x10, 0xFA, 0x30, 0x90, 0x35, 0x5E, 0x69, 0xF2, 0xAA, 0x7A, 0x66, 0x77,
    0x2D, 0xD6, 0xEE, 0xAA, 0x65, 0xA7, 0x67, 0x7E, 0xFD, 0xAA, 0xFF, 0xFE, 0xFB, 0xEF, 0x17, 0x10,
    0x20, 0xE4, 0x88, 0x39, 0x22, 0xA4, 0x1C, 0xF6, 0x91, 0xB8, 0xEB, 0xFE, 0xBF, 0xA6, 0xEF, 0xE8,
    0x3B, 0xF5, 0x47, 0xCA, 0x73, 0x6F, 0xDA, 0x78, 0x5A, 0xFB, 0xFB, 0x3A, 0x9B, 0xCF, 0xBE, 0xF7,
    0xFB, 0x03, 0x21, 0x54, 0x20, 0xB0, 0xF7, 0xC9, 0xC1, 0xDE, 0x9F, 0x0F, 0xD6, 0xB8, 0x74, 0xCD,
    0x4E, 0xBC, 0x04, 0xBA, 0xF1, 0xE6, 0x26, 0xF8, 0x43, 0x17, 0x5F, 0x2B, 0xA3, 0x57, 0x90, 0x54,
    0x10, 0x5F, 0x01, 0xF7, 0x35, 0x5E, 0x35, 0xEB, 0xB7, 0xDB, 0xEA, 0x77, 0x66, 0xFA, 0x65, 0x9D,
    0x3C, 0xA7, 0x37, 0xA0, 0x86, 0x75, 0xBC, 0xA5, 0x23, 0x8C, 0xCD, 0x08, 0xA5, 0x69, 0xD0, 0x7C,
    0xA6, 0xB1, 0xBD, 0x03, 0xAC, 0xD0, 0x15, 0x8A, 0x2B, 0x40, 0xFB, 0x5F, 0xF8, 0x0F, 0x1E, 0x22,
    0x14, 0x3B, 0x48, 0xC5, 0x4F, 0x51, 0xFA, 0xC7, 0x58, 0x3C, 0xDE, 0x1C, 0xE2, 0x03, 0x1E, 0x41,
    0x05, 0x21, 0xC4, 0x5F, 0xE1, 0x77, 0x48, 0xBA, 0xF5, 0x89, 0x6C, 0xCB, 0xA1, 0x29, 0xC3, 0x5A,
    0x66, 0x75, 0xF6, 0x95, 0xB1, 0x76, 0x45, 0x59, 0x1E, 0x72, 0x37, 0x51, 0x07, 0x0C, 0x71, 0x80,
    0x9C, 0xC1, 0x15, 0x28, 0x17, 0xA3, 0xE0, 0x5B, 0x8E, 0x15, 0xF8, 0xB5, 0xAF, 0x3D, 0x0D, 0xB3,
    0x1C, 0x9E, 0xF6, 0xDD, 0x8A, 0x84, 0x80, 0x48, 0xAC, 0xDB, 0xED, 0xF4, 0x0F, 0x7E, 0xBD, 0x35,
    0x0B, 0xCD, 0xBB, 0x77, 0x05, 0x7C, 0xE0, 0x36, 0x40, 0xAF, 0x06, 0x57, 0x3F, 0xC7, 0xFD, 0xB9,
    0xE2, 0x52, 0x9F, 0xB3, 0x76, 0x07, 0x8B, 0xD3, 0xD1, 0x78, 0xFD, 0xC8, 0xBC, 0x7D, 0x00, 0x49,
    0x14, 0x57, 0x1D, 0xAC, 0x12, 0x63, 0xDA, 0x5B, 0xA7, 0xCA, 0x1E, 0x23, 0xC5, 0x88, 0x5F, 0xD0,
    0xC7, 0x0A, 0x30, 0xAF, 0xC5, 0x67, 0x26, 0x44, 0x17, 0xA1, 0x49, 0xD1, 0x8C, 0xD0, 0x48, 0xB4,
    0x12, 0x46, 0x7A, 0x7A, 0x22, 0xEA, 0x61, 0x86, 0x70, 0x11, 0x71, 0x60, 0x36, 0xF5, 0x2F, 0xDC,
    0xB1, 0x38, 0xE8, 0x25, 0x58, 0x64, 0x8D, 0x3E, 0xBC, 0x79, 0x1D, 0x3C, 0x30, 0x31, 0xCC, 0x0A,
    0x4F, 0xC4, 0x83, 0x04, 0x0A, 0x1B, 0xC0, 0x63, 0xFB, 0x31, 0x01, 0xA6, 0xBB, 0x38, 0x9A, 0x2F,
    0xCD, 0xF6, 0x69, 0xD6, 0xA2, 0x37, 0xFB, 0x14, 0xB8, 0xA9, 0xEC, 0x07, 0x4F, 0x17, 0xBE, 0x9E,
    0xBE, 0xAC, 0x92, 0x93, 0x25, 0xB8, 0xC2, 0x20, 0xD1, 0xD8, 0xD4, 0xB8, 0xA3, 0xBD, 0x7F, 0xD4,
    0xE2, 0x0D, 0x15, 0x0B, 0x95, 0x07, 0x0C, 0xB5, 0xBD, 0x7A, 0x4B, 0xD9, 0x4D, 0x23, 0x67, 0xC5,
    0x3C, 0x2B, 0x1E, 0xC3, 0x7E, 0x11, 0x3F, 0x43, 0xC6, 0x9F, 0x84, 0x43, 0x42, 0xD4, 0x55, 0xA0,
    0xA6, 0x43, 0x24, 0x33, 0xE7, 0xCD, 0x46, 0xA9, 0xC5, 0xD3, 0x36, 0x44, 0xC3, 0x75, 0xE9, 0xA7,
    0xD8, 0xFA, 0xB0, 0x9E, 0xFA, 0x9A, 0x21, 0x16, 0x9E, 0x96, 0xA2, 0x1E, 0x9C, 0x45, 0x89, 0x64,
    0xDE, 0xC2, 0x33, 0xD6, 0x0F, 0xFD, 0x0E, 0x80, 0x09, 0xD0, 0xBC, 0xF8, 0xC5, 0x69, 0x2C, 0x09,
    0x5A, 0x46, 0x1D, 0x0A, 0x2D, 0x9E, 0x23, 0xF9, 0x50, 0x4D, 0x7C, 0xEB, 0xB0, 0x12, 0x7A, 0x9A,
    0x61, 0x11, 0x8B, 0xB5, 0x54, 0x0E, 0x9C, 0x36, 0x45, 0x9B, 0xA3, 0x1D, 0xF8, 0x6D, 0xF2, 0x27,
    0xE3, 0x7F, 0x6E, 0xCF, 0x59, 0xF0, 0x90, 0x9B, 0xCB, 0x43, 0xC6, 0x71, 0x4F, 0x7D, 0xCB, 0x7C,
    0x3A, 0xD4, 0x38, 0x7D, 0x96, 0xF9, 0x5A, 0x77, 0x6F, 0xCC, 0xF2, 0x96, 0xF2, 0x67, 0xD8, 0x04,
    0x9E, 0x00, 0x59, 0x0D, 0x4B, 0xC9, 0xCD, 0x85, 0xE9, 0xF6, 0x5C, 0xF5, 0x1F, 0xDE, 0x7E, 0x64,
    0x27, 0x9F, 0x6B, 0xBD, 0x0D, 0xF7, 0xD8, 0x22, 0x54, 0xCA, 0x7B, 0x62, 0x5F, 0xB9, 0xD0, 0xDA,
    0xA9, 0xE4, 0x78, 0x32, 0x28, 0x6D, 0xE1, 0x4D, 0xBC, 0x36, 0x50, 0xB1, 0x05, 0xCA, 0x51, 0x94,
    0xCF, 0xEA, 0x1F, 0x81, 0xF7, 0x6F, 0x1A, 0xDF, 0x80, 0x50, 0x22, 0x8F, 0xC2, 0xAF, 0xD7, 0xD2,
    0x7C, 0x18, 0xC9, 0x71, 0x14, 0x15, 0x4D, 0xB4, 0x36, 0x3E, 0x5C, 0x4B, 0xC7, 0x4D, 0x3E, 0x1A,
    0xDF, 0x78, 0xDE, 0xC8, 0xCB, 0x3F, 0xAE, 0x6D, 0xDD, 0x86, 0xF5, 0x15, 0x46, 0x7B, 0x5A, 0x20,
    0x08, 0xB4, 0x4D, 0x62, 0x6A, 0x20, 0x5B, 0xB0, 0x06, 0xDA, 0xC6, 0xD3, 0xA5, 0xF8, 0xCF, 0x2C,
    0x7C, 0xF4, 0x24, 0x86, 0xCC, 0x91, 0x4B, 0x57, 0xED, 0xC1, 0xDC, 0x84, 0x5E, 0x97, 0xA0, 0x8A,
    0x51, 0x46, 0x68, 0xB3, 0xB9, 0x1A, 0x7E, 0xA2, 0x09, 0xD4, 0xC4, 0x31, 0xF1, 0xFA, 0x4D, 0x7D,
    0xFF, 0x79, 0x0F, 0xA3, 0x09, 0xF7, 0x67, 0x03, 0x48, 0x89, 0x6B, 0xA5, 0xCD, 0x89, 0xA5, 0x91,
    0x9B, 0x65, 0xE3, 0xB5, 0xD3, 0x9B, 0x75, 0xF8, 0x6C, 0xB9, 0xAD, 0x75, 0x38, 0x4B, 0x90, 0xB3,
    0xDC, 0x22, 0x44, 0x03, 0x44, 0x94, 0x15, 0x6E, 0x37, 0x41, 0x21, 0xD1, 0x59, 0x87, 0xCF, 0x7A,
    0xB3, 0x8E, 0x09, 0x4D, 0xB0, 0x60, 0x53, 0x36, 0xAF, 0x87, 0x8F, 0x54, 0xEE, 0xF2, 0x2B, 0x81,
    0xEB, 0xBB, 0xB6, 0xAE, 0x2E, 0x30, 0x7B, 0xA4, 0xCE, 0x9B, 0x15, 0x40, 0x85, 0x6F, 0x39, 0x5E,
    0x72, 0xDC, 0x5E, 0xAA, 0x3A, 0x34, 0x2F, 0x1C, 0x6F, 0x21, 0x78, 0x21, 0x7D, 0xC6, 0x0B, 0xD9,
    0x8B, 0xB8, 0xFB, 0x09, 0x06, 0xBB, 0xF7, 0x08, 0x7D, 0x4E, 0xCF, 0xD2, 0x8D, 0x82, 0xA3, 0xA2,
    0x46, 0xF4, 0x2B, 0x12, 0x67, 0x39, 0x20, 0x64, 0xBD, 0x45, 0xE1, 0x36, 0xB6, 0xBA, 0xE0, 0x4A,
    0xDF, 0x72, 0xDE, 0x4D, 0x45, 0x6B, 0x9A, 0x97, 0x9C, 0x44, 0xF9, 0x1E, 0xB2, 0xEE, 0x74, 0xDB,
    0x29, 0xAB, 0x3C, 0x11, 0x3A, 0x4E, 0x10, 0xDD, 0xC3, 0x70, 0x86, 0xEC, 0x2F, 0xD8, 0x60, 0xEA,
    0x43, 0xB0, 0x04, 0x58, 0x80, 0x95, 0x85, 0xB3, 0x5F, 0x7D, 0x16, 0x2F, 0x09, 0xCF, 0x24, 0x7D,
    0x13, 0x96, 0x65, 0x72, 0x8F, 0x43, 0xED, 0xCD, 0x62, 0x23, 0x1E, 0xC7, 0x6D, 0x50, 0x46, 0x4D,
    0xDC, 0xA4, 0x65, 0xDE, 0xA4, 0x45, 0xD1, 0xE6, 0xB2, 0x31, 0x52, 0x1A, 0x23, 0x37, 0xF7, 0x75,
    0x91, 0xF9, 0xBA, 0x8C, 0x7D, 0x47, 0xE7, 0x80, 0x8A, 0x16, 0x6A, 0xCA, 0x06, 0x2B, 0x31, 0xB6,
    0xBC, 0x93, 0x8C, 0x28, 0xA7, 0x3E, 0xC5, 0x8C, 0x2A, 0x64, 0x5C, 0xE2, 0x97, 0x90, 0xA4, 0x73,
    0x81, 0x63, 0x46, 0xF7, 0xF8, 0x14, 0xD7, 0x6E, 0x80, 0x09, 0x75, 0xB2, 0x44, 0xDA, 0x20, 0x6D,
    0x91, 0xB7, 0x8E, 0x51, 0x17, 0xA5, 0x9D, 0x3C, 0x2A, 0x62, 0x14, 0x11, 0xCA, 0x81, 0x47, 0x2A,
    0xD5, 0x9B, 0x1F, 0x5F, 0x98, 0xA8, 0x8B, 0x1C, 0x8E, 0xCA, 0x26, 0x6E, 0xA7, 0xB7, 0xEA, 0x90,
    0x69, 0xF7, 0xF4, 0x77, 0xF8, 0xDC, 0xF8, 0x79, 0x8F, 0x99, 0x2A, 0x84, 0xAE, 0x18, 0x98, 0xF3,
    0x19, 0xEC, 0x77, 0x8E, 0xBF, 0x48, 0x94, 0xEB, 0x37, 0x7B, 0x54, 0x35, 0xB3, 0x8E, 0xB6, 0xF2,
    0xCC, 0x34, 0x74, 0xFD, 0x66, 0x51, 0x9F, 0x9D, 0x8D, 0x8B, 0xF4, 0xE8, 0xD0, 0xEB, 0x20, 0xA5,
    0xA5, 0x4F, 0xA1, 0xD0, 0x8B, 0xFC, 0xC1, 0x42, 0x9E, 0x3B, 0xC2, 0x92, 0x4D, 0x92, 0x34, 0x20,
    0x0B, 0x4A, 0xF2, 0xC8, 0xCE, 0xB6, 0xA1, 0x52, 0xB2, 0xB7, 0x2C, 0xA3, 0xAE, 0x6C, 0x19, 0x91,
    0xD7, 0x4D, 0x0E, 0x93, 0x0A, 0x1D, 0x05, 0x2A, 0x22, 0x53, 0x52, 0x84, 0x12, 0x41, 0x09, 0xD1,
    0x62, 0x29, 0x24, 0xA5, 0xA0, 0xC8, 0x17, 0xC2, 0x44, 0x28, 0x42, 0xEA, 0x90, 0x8C, 0x28, 0xF2,
    0x32, 0x3D, 0x2C, 0xB9, 0x47, 0x43, 0x04, 0xCA, 0xC6, 0x10, 0x86, 0x3B, 0x2C, 0x57, 0xFD, 0x8E,
    0xC2, 0x50, 0xBF, 0x6E, 0x23, 0xB9, 0x61, 0x89, 0x30, 0xE9, 0xD7, 0xFB, 0x9A, 0x32, 0x60, 0x48,
    0x87, 0xC6, 0xA2, 0xD9, 0xDA, 0xB6, 0xE9, 0x68, 0x82, 0x2D, 0xFE, 0xFD, 0x8A, 0x9D, 0xF4, 0x29,
    0x35, 0xB2, 0xEE, 0x48, 0x9B, 0x8A, 0x4B, 0x26, 0x8B, 0x2E, 0x9E, 0xB3, 0xAF, 0x08, 0x1D, 0x86,
    0x08, 0x7E, 0x06, 0x71, 0x0C, 0xAF, 0x73, 0x21, 0x9F, 0xA3, 0xAC, 0x53, 0xDC, 0x63, 0x0B, 0x47,
    0xDF, 0x37, 0x22, 0x97, 0x2D, 0xF7, 0xD6, 0xCB, 0xED, 0xF5, 0x5D, 0x75, 0x44, 0xF1, 0xEE, 0xC4,
    0xC1, 0xB2, 0xE5, 0x44, 0x8B, 0x8B, 0x42, 0xBE, 0xA8, 0x91, 0xFB, 0xB8, 0x82, 0xEF, 0x8F, 0xC7,
    0x45, 0x21, 0x47, 0xA3, 0x34, 0x4D, 0xD7, 0xD6, 0xA2, 0x97, 0xFC, 0x99, 0x57, 0xB9, 0xFE, 0x4A,
    0xC0, 0xFA, 0x76, 0xDA, 0x37, 0x54, 0xA1, 0x84, 0xDA, 0xC6, 0x55, 0xF6, 0x4E, 0x7F, 0x26, 0x64,
    0x4C, 0xE3, 0xF5, 0x95, 0xF9, 0x7C, 0xF7, 0xAD, 0xDB, 0xC5, 0xC8, 0x86, 0x78, 0x62, 0x92, 0x1D,
    0x93, 0xB3, 0x31, 0xF8, 0xB6, 0x21, 0x95, 0xAC, 0x0A, 0x0A, 0x74, 0xA6, 0x92, 0x2F, 0x16, 0x60,
    0x2F, 0x3A, 0x0D, 0x0B, 0xE3, 0x08, 0xD9, 0x43, 0x3D, 0xF0, 0xA8, 0x53, 0x46, 0xC2, 0xDA, 0xB3,
    0x84, 0xDE, 0xCB, 0xF0, 0xCE, 0xB2, 0x81, 0xF9, 0xEC, 0x07, 0x3B, 0x75, 0xEE, 0xD5, 0x3D, 0xF5,
    0x58, 0xC4, 0xC5, 0x2A, 0x26, 0x6C, 0x48, 0x67, 0xEA, 0xB8, 0x50, 0x89, 0x0B, 0x37, 0x9D, 0x70,
    0xD3, 0xFF, 0x9D, 0x77, 0xA5, 0x72, 0x7E, 0xFF, 0x32, 0xB6, 0x8F, 0x9D, 0x2B, 0x0F, 0x93, 0x6C,
    0xE9, 0x6A, 0x55, 0x59, 0x41, 0xE7, 0x36, 0x63, 0xB6, 0x43, 0xE7, 0xF2, 0x70, 0xC1, 0x2C, 0x68,
    0x9C, 0xDE, 0x0B, 0x7A, 0x66, 0x6D, 0x03, 0xAF, 0xF4, 0x3E, 0x2F, 0xDA, 0xF4, 0xC6, 0x9E, 0x0A,
    0xBF, 0xB0, 0x41, 0xDE, 0x8E, 0xF1, 0xFE, 0x09, 0x56, 0x0F, 0xCE, 0x42, 0x8E, 0xFA, 0x90, 0x77,
    0xEA, 0x54, 0xD4, 0x3C, 0x09, 0xB9, 0x6F, 0xE9, 0x1F, 0xA0, 0x0C, 0xAC, 0xD0, 0x78, 0xE4, 0xC1,
    0x25, 0xE0, 0x5C, 0x5A, 0x96, 0x57, 0x1C, 0xB6, 0xAC, 0x0E, 0x6F, 0xF2, 0xA7, 0xB3, 0x0C, 0x9C,
    0xBB, 0x3B, 0xDC, 0xEB, 0x3B, 0xDA, 0x19, 0xAA, 0xA2, 0x4E, 0x87, 0x48, 0x2B, 0x6C, 0x1A, 0x6C,
    0xB3, 0x6B, 0x74, 0x28, 0xEE, 0xA2, 0xCC, 0x51, 0x92, 0x66, 0x61, 0x1C, 0x47, 0x69, 0x9A, 0x4B,
    0xC9, 0xEB, 0x94, 0x5D, 0x14, 0x3D, 0xDB, 0xD6, 0xD9, 0x4F, 0x9E, 0x92, 0xF3, 0xAA, 0xE5, 0xC5,
    0xC0, 0xC8, 0x80, 0x69, 0x08, 0xD9, 0xD0, 0x29, 0x35, 0x65, 0x64, 0xFF, 0x1C, 0xB9, 0xFA, 0x53,
    0x0F, 0x2E, 0x3A, 0xF5, 0x59, 0x96, 0x96, 0x37, 0x81, 0xD2, 0x75, 0xE4, 0xF3, 0x59, 0x12, 0x7B,
    0x3A, 0xF8, 0x77, 0x17, 0x28, 0x9A, 0x53, 0x02, 0xC6, 0x31, 0x1A, 0xF6, 0xF1, 0x6C, 0x47, 0xA7,
    0x73, 0x2B, 0x89, 0xD2, 0xCD, 0xF5, 0x6F, 0x47, 0x74, 0x91, 0xC6, 0x60, 0x19, 0xA3, 0x6D, 0xAF,
    0xD1, 0x2C, 0x7B, 0xF3, 0x05, 0x90, 0x68, 0x71, 0x02, 0xAA, 0x72, 0xEE, 0x61, 0x08, 0x77, 0x13,
    0xD9, 0xC0, 0x7A, 0x84, 0x2A, 0xC7, 0x56, 0x77, 0xD6, 0x32, 0xB6, 0xDB, 0xA1, 0x3A, 0x43, 0x78,
    0x82, 0x8C, 0x4A, 0x11, 0x79, 0x3A, 0xE5, 0xF4, 0xF5, 0x69, 0x78, 0x32, 0xC4, 0x74, 0x0B, 0xD9,
    0x97, 0x76, 0xD5, 0x61, 0xA0, 0x78, 0xDE, 0x32, 0xB5, 0xFA, 0x20, 0x4B, 0x8C, 0x5A, 0x0C, 0xB4,
    0xD5, 0x27, 0xC2, 0xD9, 0x6C, 0x08, 0xD5, 0xB0, 0x1F, 0x94, 0xEF, 0x51, 0xD6, 0xFE, 0x99, 0xE2,
    0xB5, 0xBF, 0x49, 0xFC, 0xE8, 0x61, 0x89, 0xD7, 0x83, 0x43, 0x6C, 0x52, 0x32, 0xE8, 0x8F, 0xD5,
    0xD8, 0x8A, 0x0F, 0xB4, 0xF7, 0x77, 0xE0, 0xC4, 0x5E, 0xE6, 0xBC, 0x13, 0x88, 0xDF, 0x20, 0x0E,
    0xA9, 0xD2, 0xEA, 0x32, 0xAA, 0x10, 0x6D, 0xE0, 0x69, 0xF1, 0x46, 0x2D, 0x1E, 0xC2, 0xFF, 0x2D,
    0xBC, 0x7F, 0x01, 0x33, 0xA7, 0x6A, 0xC6, 0xF2, 0x8D, 0x4C, 0xBB, 0x62, 0x2B, 0x5B, 0x5D, 0xBA,
    0xE5, 0xBA, 0x47, 0x65, 0x75, 0x8E, 0xE5, 0xCD, 0xF8, 0xA6, 0x6F, 0xE1, 0x88, 0xEA, 0x55, 0xF9,
    0xA6, 0x67, 0xC2, 0x65, 0xF2, 0x66, 0x46, 0x2E, 0xF4, 0x91, 0x8D, 0x6C, 0x64, 0xEE, 0x5A, 0x0E,
    0xED, 0x38, 0xE3, 0x6A, 0x56, 0xA0, 0xB7, 0xB4, 0xC5, 0xBF, 0xE6, 0x2C, 0x47, 0x0E, 0xBE, 0x31,
    0x87, 0x5F, 0x53, 0x55, 0x2C, 0x8E, 0xBC, 0x61, 0x70, 0xFF, 0x09, 0x66, 0x6E, 0x95, 0xE3, 0xD9,
    0x94, 0xD9, 0x21, 0x33, 0xB7, 0x1F, 0xD4, 0xCD, 0xD7, 0x4A, 0xFD, 0x10, 0xFF, 0x07, 0x95, 0x56,
    0x4F, 0x68, 0x1C, 0x55, 0x18, 0xFF, 0xCD, 0xBC, 0xA4, 0xD3, 0xEC, 0x64, 0x66, 0x56, 0x48, 0x25,
    0xB6, 0xB3, 0x19, 0x0F, 0x39, 0x14, 0x3A, 0x75, 0x83, 0x8C, 0x30, 0x31, 0xBB, 0xEE, 0xAB, 0x45,
    0x72, 0xD0, 0x62, 0x40, 0xAB, 0x87, 0x22, 0x44, 0x2F, 0x82, 0xA8, 0x9D, 0x96, 0x45, 0x5A, 0x45,
    0xF7, 0x35, 0x97, 0x42, 0x0F, 0x25, 0x15, 0xBC, 0x79, 0x88, 0xE2, 0xA1, 0x0D, 0x82, 0x73, 0xA8,
    0x58, 0xAA, 0x36, 0x0F, 0x7B, 0xE8, 0xA1, 0x08, 0x53, 0x42, 0x2F, 0x22, 0x32, 0xEA, 0xA1, 0x62,
    0x41, 0x56, 0xD8, 0xC3, 0xA2, 0x6D, 0xC6, 0xEF, 0xCD, 0x6C, 0x92, 0xB6, 0x36, 0xC9, 0x66, 0xF6,
    0xDB, 0x0D, 0x99, 0xF7, 0xFD, 0x79, 0xDF, 0xEF, 0xFB, 0x0B, 0x38, 0xB0, 0x01, 0x0C, 0xC0, 0x85,
    0x8F, 0x90, 0x3E, 0x01, 0x9A, 0x88, 0xE9, 0x53, 0x3C, 0xE3, 0xC0, 0xF7, 0x30, 0x32, 0x61, 0x3F,
    0x29, 0xFD, 0x09, 0x84, 0xB3, 0x08, 0xE6, 0x11, 0x9C, 0x83, 0x7F, 0x1D, 0xCE, 0x5D, 0xE8, 0x09,
    0x34, 0xA1, 0x64, 0xB1, 0x24, 0xF5, 0x24, 0x65, 0x3C, 0x36, 0x00, 0xA2, 0xEA, 0x05, 0x45, 0xA4,
    0xD6, 0x02, 0x86, 0x35, 0xFE, 0xE1, 0xAB, 0x22, 0xCB, 0x94, 0x32, 0xAB, 0x75, 0xC6, 0xBC, 0x79,
    0xC7, 0x44, 0x48, 0xB6, 0xF6, 0xC2, 0x0D, 0xE0, 0x93, 0x39, 0x1F, 0x71, 0x63, 0xBA, 0xFD, 0xE6,
    0x4A, 0x54, 0x18, 0xAC, 0x20, 0xB5, 0x75, 0x69, 0x32, 0x6E, 0xD8, 0x60, 0x9F, 0x42, 0xEF, 0xA0,
    0x9A, 0x41, 0x4B, 0xB0, 0xEF, 0x1F, 0x3C, 0x7A, 0x13, 0xBA, 0x04, 0x23, 0x8B, 0x64, 0xC4, 0x44,
    0x89, 0x2C, 0x58, 0xCA, 0x78, 0xFE, 0xA8, 0x8B, 0x4F, 0x20, 0x42, 0xAE, 0x66, 0x04, 0x5A, 0x06,
    0x76, 0x50, 0x18, 0x1A, 0x27, 0x76, 0xB3, 0x0D, 0xBF, 0x8E, 0xC0, 0x84, 0xCF, 0xB8, 0x73, 0x10,
    0xFA, 0x5D, 0xE0, 0x04, 0xCA, 0x3E, 0xA2, 0x1A, 0x1A, 0x6D, 0x0C, 0x72, 0x94, 0x79, 0x9C, 0x96,
    0x39, 0x34, 0x0E, 0xB4, 0xBA, 0x60, 0x69, 0x15, 0xCE, 0x8E, 0x69, 0xE1, 0xB7, 0x7E, 0x93, 0x41,
    0x7A, 0x4C, 0x1E, 0x97, 0x9A, 0x3C, 0x2E, 0x1E, 0x91, 0xC7, 0x93, 0xDF, 0x45, 0x33, 0x3B, 0x8D,
    0xDA, 0x48, 0x05, 0xCE, 0x27, 0x1D, 0xE8, 0x99, 0x28, 0x4C, 0xCF, 0x18, 0x77, 0x86, 0x2C, 0xED,
    0x1D, 0xEF, 0xCB, 0xC0, 0x9D, 0xFC, 0xAE, 0xF4, 0x32, 0x3E, 0x13, 0xFA, 0x35, 0x6E, 0x56, 0xE0,
    0x37, 0x51, 0x8B, 0x61, 0xD7, 0x60, 0x5A, 0xD0, 0x4F, 0x13, 0x63, 0x23, 0xEB, 0x5D, 0xB9, 0x4C,
    0xC2, 0xDC, 0xD2, 0xE5, 0x53, 0x7F, 0x2C, 0xBC, 0xF1, 0x42, 0xF4, 0x71, 0x77, 0x76, 0xB9, 0x99,
    0x7C, 0xBE, 0x4B, 0x86, 0x26, 0x9C, 0xAE, 0xD2, 0xD8, 0x48, 0xD4, 0xAF, 0x93, 0x84, 0xD1, 0x44,
    0x10, 0x44, 0x5E, 0x52, 0xD8, 0xF1, 0x81, 0xBD, 0x28, 0x5D, 0x99, 0x2F, 0x5D, 0x9E, 0x27, 0x57,
    0x0B, 0x4F, 0x1B, 0x99, 0xD8, 0x75, 0x98, 0x9B, 0x29, 0xD9, 0x9A, 0xD0, 0x12, 0x93, 0xD7, 0x67,
    0xDE, 0x5A, 0xA0, 0xFF, 0x42, 0x34, 0x59, 0x8A, 0xE0, 0x64, 0xEC, 0x89, 0x9D, 0xC1, 0x0C, 0xE3,
    0x91, 0x01, 0xA2, 0xD8, 0x24, 0x70, 0x91, 0x28, 0xD2, 0xA4, 0x37, 0x9D, 0x54, 0xBA, 0x6D, 0x5F,
    0x21, 0xA7, 0xA8, 0x9C, 0x9B, 0xA0, 0x48, 0x57, 0x6F, 0xF1, 0xC6, 0x32, 0x5F, 0xBA, 0x86, 0xA5,
    0xEB, 0x68, 0x5D, 0x47, 0xE3, 0x2C, 0x06, 0x0F, 0xE5, 0x91, 0x74, 0xF3, 0x1B, 0x10, 0x35, 0x9B,
    0xE4, 0xC2, 0x30, 0x45, 0x60, 0x0F, 0x01, 0x6D, 0xF2, 0x29, 0x6E, 0xE4, 0xF1, 0xB0, 0x31, 0x44,
    0x10, 0x3A, 0x9D, 0xD0, 0x8F, 0xDD, 0x05, 0x37, 0x0E, 0x4F, 0xB6, 0x77, 0x73, 0x77, 0x1C, 0x8E,
    0x0F, 0xF6, 0x22, 0xF4, 0xAB, 0x7C, 0x0D, 0x94, 0x28, 0x81, 0x4E, 0x50, 0x3B, 0xA2, 0x04, 0xC6,
    0x5D, 0x30, 0xF2, 0x84, 0x41, 0xC2, 0x60, 0x1C, 0x25, 0xAB, 0x44, 0x4E, 0x3E, 0x01, 0xC4, 0xEF,
    0x43, 0x93, 0x3F, 0xD2, 0xBB, 0x43, 0x18, 0x36, 0x56, 0x28, 0xB6, 0xEE, 0x26, 0x32, 0xBB, 0x49,
    0xE6, 0x3D, 0x89, 0x58, 0xA3, 0x48, 0x31, 0xBA, 0x4B, 0x85, 0x6E, 0x17, 0x21, 0xD0, 0x32, 0x5E,
    0x22, 0x99, 0xC9, 0x84, 0x52, 0x52, 0xD2, 0x7D, 0x79, 0x40, 0x3A, 0x53, 0x9C, 0xFB, 0x41, 0xA0,
    0xF5, 0xFC, 0x0E, 0x72, 0xC8, 0x23, 0x10, 0xA7, 0x80, 0xE4, 0x27, 0xB0, 0x67, 0xCF, 0xC0, 0x66,
    0x19, 0xE1, 0x3B, 0xAC, 0x60, 0xA8, 0x29, 0x44, 0x08, 0x92, 0x08, 0xA9, 0x29, 0xF6, 0x93, 0xF5,
    0xC0, 0x09, 0xF7, 0x7B, 0x1D, 0x7A, 0x47, 0x62, 0x64, 0x52, 0xCF, 0x23, 0x6F, 0x48, 0x38, 0x12,
    0x6E, 0x82, 0x30, 0x45, 0xB4, 0x80, 0x94, 0xEC, 0x47, 0xEC, 0xCF, 0x8E, 0xB9, 0x78, 0xC9, 0x46,
    0xE8, 0xAB, 0xE4, 0x26, 0xC8, 0x1E, 0x07, 0x52, 0xA0, 0x6F, 0x7E, 0xAA, 0x27, 0x23, 0xC6, 0xCE,
    0xF1, 0xBE, 0xF9, 0xA1, 0x52, 0x66, 0xA0, 0xDC, 0x2F, 0xFF, 0xC0, 0x00, 0xC6, 0x6A, 0x18, 0x18,
    0xE9, 0x5B, 0xFF, 0x3C, 0x8C, 0x26, 0x86, 0xC6, 0xD5, 0xAD, 0xA8, 0x3E, 0xFA, 0x72, 0x39, 0x7F,
    0xB2, 0x8C, 0xA2, 0xFC, 0x8B, 0xB2, 0x42, 0xD9, 0x03, 0x5B, 0xBD, 0xF6, 0x29, 0x77, 0x10, 0x50,
    0x39, 0x23, 0x7D, 0x66, 0x91, 0x2A, 0x94, 0xF0, 0x64, 0x8B, 0x17, 0xC9, 0x01, 0x95, 0xCA, 0x2E,
    0xBE, 0x3E, 0x4C, 0xA8, 0x2F, 0xAD, 0xA8, 0x7E, 0xA2, 0x65, 0x89, 0x79, 0xAA, 0x53, 0x41, 0x18,
    0x62, 0x94, 0xCE, 0xE2, 0x1C, 0xC3, 0x9C, 0xA2, 0x58, 0x4B, 0xEB, 0x47, 0x84, 0x49, 0x35, 0x9C,
    0xA8, 0x03, 0x2D, 0xBF, 0x96, 0x6A, 0x53, 0xA4, 0x7C, 0xB8, 0x48, 0xE1, 0xB6, 0xA9, 0x74, 0xF6,
    0xFA, 0x8F, 0x97, 0x89, 0xB1, 0x45, 0xEE, 0xAB, 0x98, 0xAA, 0xA0, 0x4E, 0x1E, 0x46, 0x2B, 0xE3,
    0x39, 0xCC, 0xA0, 0x7C, 0xED, 0x97, 0x9F, 0xB2, 0x72, 0x1F, 0xC7, 0xEB, 0xA2, 0x5F, 0x7E, 0xEA,
    0x26, 0x7F, 0x27, 0x98, 0xE1, 0x7D, 0xF2, 0x0F, 0x51, 0xF9, 0xB0, 0x5E, 0x5B, 0x73, 0xF2, 0x1E,
    0x51, 0xC9, 0xFB, 0x71, 0xAD, 0xD7, 0x8F, 0x31, 0xAB, 0x49, 0x95, 0xFE, 0x1B, 0x9D, 0xEB, 0xA2,
    0x94, 0x8C, 0xCE, 0x6E, 0x7C, 0x3E, 0x50, 0xAE, 0x35, 0x47, 0xCA, 0x9B, 0xE8, 0xA7, 0x48, 0x64,
    0x89, 0x71, 0xE0, 0x12, 0xD5, 0x0E, 0x15, 0xB2, 0x0D, 0xFB, 0xE8, 0x79, 0xFB, 0xDD, 0x2F, 0x2C,
    0x17, 0xAE, 0xAB, 0xE2, 0x1A, 0xD7, 0x8F, 0x24, 0x8D, 0x95, 0x22, 0xB0, 0x9E, 0x1A, 0x0D, 0xBC,
    0xE8, 0x16, 0x82, 0x14, 0x4A, 0x12, 0x48, 0xE9, 0x1B, 0x91, 0xDA, 0x90, 0x14, 0xFB, 0x16, 0x5C,
    0x0A, 0xB7, 0x6F, 0x92, 0x7A, 0xF6, 0x36, 0x42, 0xBD, 0x4B, 0x26, 0xBA, 0x64, 0xE4, 0xA2, 0xEA,
    0xCB, 0x2A, 0x3F, 0xAC, 0xB5, 0x10, 0xB7, 0x2B, 0xA8, 0x85, 0xF0, 0x23, 0xB8, 0x31, 0xDC, 0x14,
    0x7E, 0x9A, 0xE7, 0xD5, 0x7A, 0x88, 0xE9, 0xA1, 0x48, 0x51, 0xC1, 0x0D, 0x6E, 0x47, 0x84, 0x6A,
    0xB4, 0x2A, 0x30, 0x2B, 0xB6, 0x21, 0xA2, 0x3A, 0xA9, 0x54, 0x99, 0xD4, 0xBF, 0x08, 0x85, 0x38,
    0x4E, 0xD5, 0xEF, 0x76, 0xAC, 0xF8, 0x86, 0x70, 0xC6, 0xC0, 0x3A, 0x34, 0x64, 0xE0, 0x5C, 0x44,
    0xCD, 0xC7, 0xEC, 0x50, 0xE1, 0x26, 0x15, 0x72, 0xEB, 0x5F, 0xE8, 0xE9, 0x47, 0x30, 0x78, 0x83,
    0x42, 0x74, 0x1B, 0x2E, 0x3B, 0x0D, 0xDF, 0x31, 0x08, 0x7F, 0x9A, 0x98, 0xB1, 0x8D, 0x49, 0xE9,
    0xA2, 0xCA, 0x4F, 0xC0, 0x7B, 0x25, 0xC5, 0xD3, 0x19, 0x5F, 0x9B, 0xCF, 0xAB, 0x89, 0xEF, 0xAA,
    0x02, 0xF3, 0x6B, 0xAA, 0x68, 0x42, 0xEA, 0x58, 0xD4, 0x67, 0x23, 0xC4, 0xB1, 0xA2, 0x34, 0xD6,
    0x65, 0xDD, 0x13, 0x5E, 0x0F, 0x51, 0xAE, 0x72, 0x7F, 0xE7, 0x76, 0x44, 0xE8, 0x8E, 0x53, 0xBD,
    0xF4, 0xEF, 0x57, 0xE4, 0x9E, 0x0A, 0xE8, 0x57, 0x44, 0xCF, 0x6B, 0x64, 0xB4, 0x98, 0xE6, 0x27,
    0x7C, 0xB4, 0x2D, 0x26, 0x4D, 0x13, 0xC6, 0x6B, 0x60, 0x5D, 0x68, 0x6D, 0x55, 0xF1, 0x9A, 0x54,
    0x2B, 0xC0, 0xEA, 0x16, 0x40, 0xD9, 0xAC, 0xC8, 0xB9, 0x00, 0xE7, 0x2B, 0x69, 0x69, 0x89, 0x8B,
    0xC4, 0x27, 0x32, 0x24, 0xE5, 0xEA, 0xE4, 0x0C, 0xA5, 0x5D, 0x3E, 0x23, 0x55, 0x7C, 0x84, 0x31,
    0x47, 0x79, 0xAA, 0xC6, 0x9E, 0xC5, 0x84, 0x5B, 0x87, 0xBB, 0x4F, 0xF8, 0xBA, 0x0C, 0x35, 0x19,
    0xEA, 0x32, 0x38, 0x82, 0x63, 0x34, 0x75, 0x67, 0x73, 0xEE, 0xBC, 0xF1, 0xEA, 0x77, 0x12, 0x67,
    0x3A, 0x51, 0x0C, 0x74, 0xAA, 0x53, 0x87, 0x13, 0x81, 0xC1, 0xEB, 0x1E, 0x77, 0x6E, 0xAD, 0xE6,
    0x97, 0x95, 0xE7, 0xF2, 0x96, 0x9C, 0xE4, 0xCB, 0x07, 0xC0, 0x1C, 0xDF, 0x9A, 0x93, 0x8A, 0x93,
    0x42, 0xFA, 0x5C, 0x1F, 0x3A, 0x0F, 0x40, 0x5B, 0x96, 0xF4, 0xBB, 0x35, 0xE7, 0x63, 0xC0, 0x37,
    0xC0, 0x55, 0xE0, 0x8A, 0xBA, 0xED, 0x16, 0xCC, 0xAA, 0x9C, 0xEF, 0xB6, 0x92, 0x31, 0x33, 0x8D,
    0x47, 0x0D, 0x11, 0xC1, 0xD0, 0x52, 0x2F, 0x5B, 0xE1, 0x21, 0x35, 0xAE, 0xD8, 0xC1, 0x4C, 0xB3,
    0x35, 0x97, 0x54, 0x7F, 0x5D, 0xCD, 0x3A, 0xE8, 0x2B, 0x70, 0x68, 0x43, 0xD2, 0x04, 0xB5, 0xB0,
    0x02, 0xE6, 0x60, 0x07, 0x6A, 0x63, 0x6A, 0x16, 0x51, 0xC1, 0x6A, 0x0B, 0x39, 0x11, 0xF3, 0x4C,
    0x71, 0xB6, 0x26, 0xC2, 0x7D, 0x32, 0xBB, 0x07, 0x8D, 0x6E, 0xFE, 0x5A, 0x43, 0xCD, 0xEB, 0x6D,
    0x3C, 0xF7, 0x81, 0xBA, 0x39, 0xE7, 0xA8, 0x72, 0x48, 0x9B, 0xEB, 0x83, 0xF3, 0x00, 0xF4, 0x65,
    0xD1, 0x83, 0x6A, 0x53, 0xCE, 0x11, 0x77, 0x08, 0x96, 0xEB, 0xFA, 0x61, 0x18, 0x44, 0x91, 0x26,
    0x18, 0x1F, 0x54, 0xDB, 0x2A, 0x25, 0xEE, 0xFA, 0x52, 0xAC, 0x36, 0xCB, 0x1D, 0x18, 0x13, 0xD4,
    0x56, 0x1E, 0x72, 0x52, 0xE6, 0xCD, 0x36, 0x65, 0xFC, 0x43, 0x4E, 0x30, 0x0F, 0x7C, 0x2B, 0x68,
    0x89, 0xD6, 0xA6, 0x81, 0x97, 0xB8, 0xF1, 0x97, 0xA8, 0xB0, 0xF5, 0x10, 0x34, 0x8D, 0x1C, 0xB5,
    0xCE, 0x6A, 0x08, 0x32, 0x14, 0x0B, 0xAD, 0xB5, 0x04, 0x6F, 0x9A, 0x38, 0x05, 0xDD, 0x38, 0x64,
    0x9C, 0x28, 0xC8, 0x37, 0xB8, 0xC8, 0xFC, 0x3F, 0xA6, 0xBD, 0x4C, 0x0E, 0x68, 0x14, 0x93, 0x5A,
    0x83, 0x17, 0x61, 0x78, 0x18, 0xA6, 0x1B, 0x73, 0x12, 0xA6, 0x97, 0xEF, 0xC5, 0x74, 0x63, 0x4E,
    0xE4, 0x89, 0x3A, 0xD8, 0x07, 0xE7, 0x83, 0xE8, 0x6F, 0xCC, 0x49, 0x13, 0xA5, 0xAD, 0xFE, 0xEE,
    0x2A, 0x86, 0x27, 0xD4, 0x7E, 0xC5, 0xA4, 0xDA, 0x6D, 0xD4, 0xB3, 0x74, 0x9E, 0xDD, 0x68, 0x9B,
    0x7A, 0xDB, 0xB6, 0x23, 0x2B, 0x8C, 0xDC, 0x34, 0x76, 0x4E, 0x25, 0x8E, 0x21, 0xA6, 0x8A, 0x79,
    0x54, 0xA0, 0x31, 0x91, 0x83, 0xA6, 0x49, 0x97, 0x48, 0x97, 0x6B, 0xA0, 0xD1, 0x42, 0x5D, 0xAF,
    0xC2, 0xBB, 0xFD, 0x20, 0x1A, 0x5B, 0x70, 0xDE, 0x93, 0x61, 0x5B, 0x70, 0x92, 0x8F, 0x57, 0x7B,
    0x3E, 0x6E, 0xC1, 0xA9, 0xAF, 0x77, 0xDD, 0x12, 0x9A, 0xB4, 0x88, 0x1B, 0xB4, 0xAB, 0x1E, 0x14,
    0xD4, 0xE3, 0xF5, 0xB3, 0xD0, 0x7E, 0x06, 0x3A, 0x39, 0x08, 0x89, 0xF2, 0xBD, 0xD1, 0xBB, 0x66,
    0xAF, 0xD1, 0x29, 0x3A, 0x2A, 0x8D, 0x1B, 0x6D, 0x83, 0x93, 0x60, 0x60, 0x63, 0xC2, 0x06, 0x4D,
    0xDB, 0xD4, 0x9B, 0x96, 0xEE, 0x0A, 0xEE, 0xDB, 0xE0, 0x8B, 0xAE, 0xCB, 0x79, 0xFF, 0x56, 0xFE,
    0x03, 0xAD, 0x58, 0x4F, 0x88, 0x1C, 0x59, 0x1D, 0xFE, 0x5E, 0xD5, 0xCC, 0x54, 0x76, 0x6A, 0xAB,
    0x6A, 0x84, 0x80, 0x31, 0x5B, 0x3D, 0x3D, 0x87, 0x1C, 0x64, 0xB7, 0x66, 0x27, 0x87, 0x5A, 0xAD,
    0x6C, 0xBA, 0x33, 0x15, 0x05, 0x83, 0xB7, 0x39, 0x98, 0x53, 0x50, 0x47, 0xF1, 0xE0, 0x41, 0x4D,
    0xE9, 0x36, 0x4B, 0xC0, 0xC9, 0xA6, 0xB2, 0x97, 0xC5, 0x8B, 0x8C, 0x88, 0x78, 0x9D, 0xC3, 0x1E,
    0x24, 0x82, 0x36, 0xE8, 0x21, 0x87, 0x60, 0x1E, 0x78, 0xF3, 0x54, 0xB0, 0x82, 0x20, 0x0A, 0x25,
    0x0A, 0xEA, 0xAE, 0x2C, 0x75, 0x68, 0xB0, 0x95, 0xC9, 0xB6, 0xDF, 0x7B, 0xAF, 0x7A, 0xD2, 0x3D,
    0xD3, 0xD3, 0x5D, 0xBD, 0xD8, 0x55, 0x3D, 0x4C, 0x53, 0xEF, 0x7D, 0xBF, 0xFF, 0xDF, 0xEF, 0xF7,
    0x0A, 0xC1, 0x10, 0xE6, 0xE3, 0x48, 0x04, 0x12, 0x61, 0x81, 0xA4, 0x44, 0x76, 0x84, 0xB2, 0x2F,
    0x64, 0x66, 0xBF, 0x3F, 0x70, 0x1F, 0x3D, 0xF6, 0x91, 0x44, 0x88, 0x12, 0x84, 0x18, 0xA5, 0x66,
    0xAD, 0x75, 0x5C, 0x04, 0xB7, 0x8A, 0xC8, 0x92, 0x89, 0x25, 0x63, 0x8B, 0xEB, 0xF2, 0xD8, 0x49,
    0xBB, 0xED, 0x34, 0xF8, 0xBB, 0x7E, 0xBC, 0xB2, 0x82, 0xF5, 0x1E, 0xAC, 0xC3, 0xA6, 0xB0, 0x0F,
    0x53, 0x70, 0xE3, 0xA7, 0x1B, 0x20, 0x37, 0x04, 0x44, 0x02, 0x1C, 0x01, 0xC7, 0xC0, 0xC5, 0x05,
    0x98, 0x9E, 0x5E, 0x7B, 0x03, 0x58, 0x05, 0x44, 0x0E, 0x3B, 0x55, 0xFF, 0xAC, 0x40, 0x8C, 0x0A,
    0xF7, 0xE1, 0xA0, 0x85, 0x24, 0xC1, 0xA5, 0x0C, 0xE8, 0x03, 0x65, 0x7D, 0x67, 0x7D, 0x51, 0x76,
    0xEF, 0xE4, 0xEE, 0x33, 0xAD, 0xCC, 0x9A, 0x46, 0xB8, 0xA8, 0x35, 0xFF, 0x08, 0xC1, 0xAD, 0x3C,
    0x12, 0x39, 0xF1, 0x62, 0x80, 0xBB, 0xE2, 0x35, 0x74, 0x36, 0x51, 0x3B, 0x98, 0x2B, 0x77, 0x72,
    0xEC, 0xE7, 0x4B, 0x80, 0x5F, 0x02, 0x7E, 0x03, 0xF1, 0x76, 0x03, 0x70, 0x01, 0x04, 0x4A, 0xED,
    0x25, 0xC0, 0xB9, 0xB8, 0xD3, 0x4C, 0xF3, 0xAD, 0x43, 0xBC, 0x9C, 0x63, 0x7D, 0x19, 0x70, 0x06,
    0xF4, 0xD1, 0x38, 0xA0, 0xF3, 0xC1, 0xF7, 0x72, 0x7C, 0x36, 0xC5, 0xA7, 0x74, 0x60, 0x09, 0x2E,
    0x06, 0x01, 0x22, 0x1F, 0x2D, 0x0F, 0x5E, 0x0B, 0x5E, 0x88, 0x90, 0x01, 0xED, 0x20, 0x4E, 0x50,
    0x5D, 0xBB, 0x23, 0x1F, 0x28, 0x70, 0x8B, 0x29, 0xF8, 0x06, 0xBF, 0xBF, 0xE2, 0xFF, 0x7F, 0x51,
    0xA1, 0x25, 0x7C, 0x01, 0x06, 0x17, 0x8C, 0x2E, 0x18, 0x5E, 0x30, 0xBE, 0x60, 0x80, 0xD1, 0x69,
    0xA7, 0x08, 0xFE, 0x3D, 0x4E, 0x1B, 0xD8, 0xA3, 0xC2, 0xB9, 0xF9, 0xD8, 0x41, 0xCB, 0x85, 0xEF,
    0xC3, 0xBF, 0xFB, 0x33, 0xFF, 0x3B, 0xEF, 0x2A, 0x09, 0xA1, 0xCA, 0x9A, 0x7E, 0xF7, 0x4E, 0xB1,
    0xFB, 0x91, 0x59, 0x98, 0x61, 0x7D, 0x88, 0xCB, 0x83, 0x99, 0x59, 0x43, 0xCC, 0x1A, 0xF2, 0x81,
    0xAC, 0xD3, 0x71, 0x54, 0xB9, 0xDA, 0xFB, 0xBE, 0x4E, 0x85, 0xF6, 0x28, 0xDF, 0x7C, 0x94, 0x46,
    0xDA, 0xB9, 0xB4, 0xF8, 0xDA, 0x6D, 0x3C, 0x60, 0xD1, 0x9C, 0xD4, 0x8D, 0x72, 0x46, 0x1A, 0x11,
    0xEA, 0x25, 0xEC, 0x0E, 0xB5, 0x33, 0x04, 0xF5, 0x1C, 0x3B, 0x63, 0x23, 0xC5, 0x6B, 0x12, 0x97,
    0x1B, 0xC3, 0xD2, 0xCD, 0x7F, 0x00, 0xBE, 0xD9, 0x00, 0x79, 0x75, 0x9C, 0x20, 0x0D, 0x91, 0x4F,
    0x67, 0xC7, 0xF9, 0xC8, 0x0D, 0x01, 0x7D, 0x9D, 0x0E, 0xBB, 0x5A, 0x93, 0x39, 0x98, 0xAC, 0xD8,
    0xDE, 0x44, 0xE9, 0x6E, 0xE5, 0xB8, 0x9E, 0xE3, 0x85, 0x65, 0x1C, 0x32, 0x95, 0x77, 0xE7, 0xAB,
    0xCD, 0x72, 0x7C, 0xE5, 0xFC, 0x72, 0x0C, 0x86, 0xE5, 0x6A, 0xAF, 0x42, 0xFF, 0x74, 0x39, 0xFE,
    0x62, 0x5C, 0x8E, 0xB3, 0x72, 0xE3, 0xC6, 0xDD, 0xD4, 0x25, 0xA3, 0xB8, 0xD8, 0xF7, 0xF1, 0xD6,
    0x31, 0xD6, 0x0E, 0x27, 0x02, 0xDA, 0x5C, 0xCA, 0xCD, 0x89, 0x98, 0x36, 0x94, 0x32, 0xBF, 0xFA,
    0x67, 0x4A, 0x31, 0xF1, 0xDD, 0x58, 0x46, 0x4A, 0x63, 0x70, 0x96, 0x20, 0x69, 0xD4, 0x39, 0x29,
    0x3C, 0x4F, 0x47, 0x24, 0x5E, 0x46, 0x96, 0x2A, 0x72, 0xBF, 0xA0, 0xCB, 0xF7, 0x4D, 0x86, 0xF1,
    0xA1, 0xBA, 0x02, 0x06, 0x5F, 0x5D, 0x64, 0x07, 0x26, 0xC0, 0x31, 0x5A, 0xB7, 0x0F, 0x40, 0x82,
    0xA0, 0x29, 0x89, 0xBE, 0x62, 0x5E, 0x3D, 0x86, 0x9A, 0xDB, 0xB9, 0xFB, 0x8A, 0xDE, 0xEC, 0x8E,
    0x33, 0xC6, 0x7B, 0x8A, 0xF6, 0xAD, 0x3C, 0xB4, 0x73, 0xE6, 0x44, 0x62, 0xA7, 0xBC, 0x63, 0x07,
    0x19, 0x6F, 0xD7, 0xD0, 0x43, 0x6A, 0xA7, 0x0E, 0x25, 0xB5, 0x1F, 0xFD, 0x32, 0x57, 0x5F, 0x25,
    0x27, 0x18, 0x3D, 0x83, 0x7F, 0xFB, 0xDB, 0x6C, 0x28, 0xEA, 0x8A, 0xF4, 0x35, 0x96, 0x64, 0xA0,
    0x77, 0x8E, 0xF0, 0xEA, 0xD1, 0x7C, 0xE8, 0x76, 0x1F, 0xA9, 0x31, 0x21, 0xD0, 0xAA, 0xB7, 0x34,
    0x54, 0x47, 0x83, 0xF4, 0xE8, 0xD5, 0xDD, 0xE2, 0x13, 0xA9, 0x52, 0xD0, 0x88, 0x30, 0xE0, 0x19,
    0xAF, 0x76, 0x35, 0x36, 0x7D, 0xD6, 0xBE, 0xDD, 0xC2, 0xB8, 0xF6, 0xF4, 0xAE, 0x95, 0x0D, 0x2F,
    0x5B, 0xCB, 0xCF, 0xDF, 0xB7, 0xB5, 0x77, 0x4D, 0xAE, 0xCF, 0xDC, 0xA9, 0x99, 0xAF, 0x8F, 0x8A,
    0x64, 0x5E, 0x88, 0x42, 0x48, 0x4B, 0xDA, 0xD2, 0xCE, 0xE9, 0x94, 0x94, 0x7D, 0x95, 0x1D, 0x72,
    0x55, 0xE5, 0x4B, 0x85, 0x3D, 0xAE, 0xE3, 0x53, 0xFD, 0x3C, 0xD7, 0xCF, 0x29, 0xAB, 0x45, 0x8C,
    0x1B, 0x64, 0x71, 0x91, 0xDA, 0x52, 0xCC, 0xD1, 0xDA, 0x0B, 0xC3, 0x28, 0x49, 0xE2, 0x2C, 0x33,
    0xA6, 0xA1, 0xA4, 0x83, 0x8A, 0x00, 0x42, 0xFA, 0xCC, 0x1A, 0x8F, 0xDF, 0x16, 0xEC, 0x3C, 0xE4,
    0x37, 0x62, 0x3C, 0x3A, 0x74, 0x62, 0x12, 0xBB, 0x88, 0xBB, 0xDB, 0xE8, 0x05, 0x03, 0xD3, 0xE8,
    0x04, 0x82, 0x00, 0xAB, 0x9A, 0x44, 0x3C, 0x4F, 0x91, 0xB7, 0xEA, 0x10, 0x91, 0x4A, 0xC9, 0x84,
    0xD1, 0xA7, 0x25, 0x34, 0xA5, 0x5F, 0x77, 0x26, 0x4E, 0x0A, 0x7A, 0xE1, 0x3E, 0xAC, 0xC7, 0x58,
    0xBB, 0xA0, 0xF7, 0x4B, 0x95, 0x9E, 0x2A, 0x43, 0x73, 0x7D, 0xEB, 0x3C, 0x75, 0x55, 0xA0, 0x32,
    0x5A, 0x79, 0x50, 0x3B, 0x1D, 0xFB, 0xD6, 0x3F, 0xF4, 0xFA, 0x33, 0x86, 0xB2, 0x77, 0xE0, 0xC0,
    0xD4, 0x8D, 0x83, 0xAE, 0x8B, 0x2A, 0xB0, 0xA5, 0x1F, 0xC0, 0x3B, 0xC0, 0xE6, 0x00, 0xED, 0x27,
    0xD8, 0xF6, 0xD0, 0x71, 0x91, 0x30, 0xAF, 0x2D, 0xD9, 0x53, 0x9D, 0x11, 0xA0, 0x38, 0x0A, 0x1A,
    0x17, 0x83, 0x49, 0x47, 0x95, 0x91, 0x34, 0x74, 0x13, 0x61, 0x0F, 0xAF, 0x16, 0x2A, 0x98, 0x49,
    0x85, 0xF8, 0x1E, 0xB2, 0x08, 0x59, 0xA0, 0xB3, 0x11, 0xAA, 0xE1, 0xBE, 0x68, 0xEA, 0x87, 0x2B,
    0x7D, 0x84, 0x09, 0xA2, 0x12, 0xBB, 0x12, 0xAF, 0xB3, 0xCB, 0x55, 0xC8, 0x12, 0x64, 0x2D, 0x65,
    0x9A, 0xB2, 0x28, 0xAD, 0xDD, 0x39, 0x49, 0x90, 0x7C, 0xC8, 0x39, 0x68, 0x9A, 0x20, 0x81, 0x43,
    0x9A, 0xA3, 0xB5, 0x30, 0x65, 0x34, 0x23, 0x07, 0x1A, 0xC1, 0x40, 0x39, 0xCF, 0xD1, 0x3A, 0x9A,
    0xBE, 0x76, 0xCA, 0x45, 0x63, 0x6C, 0xB5, 0x27, 0x53, 0x74, 0xAE, 0x08, 0xD7, 0xF1, 0xE0, 0xBE,
    0x88, 0x60, 0x65, 0x2E, 0xF2, 0x15, 0x37, 0xF6, 0xAF, 0xFA, 0x1B, 0x8B, 0x55, 0x5B, 0x41, 0xAB,
    0x83, 0xF0, 0xE2, 0x59, 0xD5, 0x26, 0xE4, 0x57, 0x51, 0x75, 0x0E, 0xC0, 0x3A, 0xBC, 0x27, 0x68,
    0x17, 0xE8, 0xEA, 0xDD, 0xD3, 0x00, 0xB5, 0x31, 0x47, 0x8E, 0xDC, 0xC1, 0x4B, 0x53, 0xC6, 0xEC,
    0xEB, 0x70, 0xD6, 0xFE, 0x86, 0x93, 0xD3, 0x58, 0x49, 0x71, 0xCC, 0x62, 0x9F, 0xE9, 0xE3, 0x25,
    0x4C, 0xF7, 0x88, 0x6B, 0x7D, 0x6A, 0xEE, 0x32, 0xE9, 0xED, 0x6F, 0x71, 0x26, 0x19, 0x52, 0xFC,
    0x90, 0xA9, 0xFF, 0xEB, 0xA9, 0x61, 0xD1, 0x30, 0x46, 0xEB, 0x3C, 0x32, 0x5A, 0x1A, 0x5A, 0x7D,
    0xFA, 0x2A, 0x61, 0x75, 0x8A, 0x9F, 0x30, 0xEF, 0x5C, 0x29, 0x26, 0xF9, 0x3D, 0xB3, 0xF4, 0xC2,
    0x16, 0xBD, 0xC2, 0x7C, 0x65, 0xAE, 0x7E, 0x2C, 0x05, 0xDE, 0x7E, 0xDE, 0x79, 0xFF, 0xEF, 0xB6,
    0x65, 0xC6, 0x38, 0x87, 0xEA, 0x89, 0x74, 0x91, 0x04, 0x93, 0x5C, 0x1C, 0x1F, 0x48, 0x54, 0x86,
    0x24, 0xEB, 0xC6, 0x55, 0xB5, 0xD0, 0x61, 0x0D, 0x65, 0x08, 0xFB, 0x08, 0x4B, 0x55, 0x4C, 0xC9,
    0xE9, 0xB1, 0x75, 0x6A, 0x4C, 0xCB, 0x55, 0x9B, 0x12, 0x32, 0xE6, 0xF1, 0x82, 0xCD, 0x8A, 0xA3,
    0xDF, 0xF3, 0x81, 0x78, 0x6F, 0xBA, 0xAB, 0x37, 0x40, 0x3E, 0x3D, 0xA9, 0x9D, 0x0F, 0xCE, 0x96,
    0x17, 0x17, 0xF8, 0x7A, 0xBA, 0x04, 0xF8, 0xD7, 0x72, 0xFC, 0x35, 0x15, 0x3F, 0x68, 0x00, 0x6E,
    0x26, 0xD7, 0xD1, 0x08, 0xD6, 0xDF, 0x94, 0x43, 0xD3, 0xBE, 0x72, 0x56, 0xA9, 0x0A, 0xB1, 0x54,
    0xC1, 0x63, 0x4B, 0x4D, 0xC4, 0xFB, 0xEF, 0xEA, 0x49, 0xDA, 0xFC, 0xA1, 0x83, 0x59, 0x30, 0x3F,
    0xFD, 0xC9, 0x1E, 0xAC, 0xD1, 0x68, 0x50, 0x3B, 0xC7, 0x1D, 0x06, 0xB7, 0x9E, 0xB4, 0x22, 0xAB,
    0xF2, 0x12, 0x51, 0x1C, 0xC4, 0x62, 0x54, 0x66, 0x6A, 0xF4, 0x76, 0xE4, 0x4A, 0x67, 0xB3, 0xBC,
    0x17, 0x0C, 0x1F, 0x94, 0x86, 0xAB, 0xC7, 0xC7, 0xA9, 0x7A, 0xB4, 0xAF, 0x02, 0xC4, 0x3E, 0x62,
    0x8F, 0xC4, 0x25, 0x4A, 0xCE, 0x6F, 0xDB, 0x5F, 0x31, 0x5C, 0x99, 0xC6, 0xB6, 0xEC, 0x11, 0xE0,
    0x0A, 0x83, 0x4C, 0x69, 0xDE, 0xA0, 0xBD, 0x77, 0xB6, 0xF4, 0x9B, 0x00, 0xE8, 0xDC, 0xB7, 0x9F,
    0x93, 0xAD, 0x7D, 0xDF, 0xF9, 0xFD, 0xB9, 0x7C, 0xC4, 0x53, 0xCD, 0xEB, 0xB9, 0x21, 0xB0, 0x26,
    0xE0, 0xAB, 0x17, 0xEC, 0x9E, 0x38, 0x9C, 0xA9, 0xDD, 0xF4, 0xB1, 0xD1, 0x79, 0x58, 0xF9, 0xC8,
    0x98, 0x82, 0x41, 0x0A, 0xFB, 0x3F, 0xC0, 0x5D, 0x09, 0x51, 0x6C, 0xA0, 0xEC, 0x89, 0xA2, 0xEB,
    0xE6, 0x81, 0x39, 0x63, 0xBC, 0xA0, 0x4B, 0x65, 0x4B, 0x0B, 0x3F, 0x06, 0x1B, 0x48, 0x24, 0xB0,
    0x49, 0x72, 0x62, 0x94, 0xB6, 0x41, 0xF2, 0xEB, 0x45, 0xD8, 0xA9, 0x66, 0xCC, 0xA9, 0x8D, 0xC0,
    0xAF, 0x00, 0xFF, 0x82, 0xF5, 0xC5, 0x06, 0xE0, 0x0D, 0x31, 0x0B, 0x55, 0x7E, 0xA2, 0x5F, 0x17,
    0xDF, 0x1C, 0x4C, 0xBA, 0x81, 0x61, 0x58, 0x33, 0x6D, 0xF7, 0xC4, 0xC1, 0x8D, 0x35, 0x17, 0x5F,
    0x80, 0xF8, 0xB3, 0x61, 0xD9, 0x45, 0x9A, 0xB3, 0xB6, 0x47, 0x95, 0x22, 0x07, 0x66, 0x70, 0xA5,
    0x8F, 0xA0, 0x05, 0xF1, 0xEA, 0xF6, 0x6E, 0xCB, 0xBA, 0xB7, 0xDB, 0x98, 0xD0, 0x47, 0xB7, 0xA6,
    0xDD, 0x72, 0x33, 0x7D, 0xDE, 0x5B, 0x3A, 0x68, 0xF3, 0x97, 0x93, 0x7E, 0x52, 0x91, 0xF2, 0x04,
    0x83, 0x35, 0xC1, 0xE6, 0x71, 0x20, 0x71, 0xAE, 0xBA, 0x1B, 0x67, 0x11, 0x67, 0xA9, 0x77, 0xF9,
    0xBF, 0xB8, 0xFC, 0xCF, 0x33, 0x10, 0x13, 0x2A, 0x3D, 0x95, 0xD1, 0x34, 0x00, 0xDE, 0x92, 0x6A,
    0xB0, 0x57, 0xB5, 0x19, 0xE9, 0x43, 0x70, 0x3D, 0xE2, 0xF4, 0xD4, 0x88, 0xD3, 0xEF, 0xAB, 0xBB,
    0xEC, 0x5B, 0xB2, 0xDB, 0xCE, 0xDB, 0xCF, 0xC6, 0x95, 0x3D, 0xAA, 0x8F, 0x78, 0x9E, 0x90, 0x21,
    0x6F, 0x4B, 0x9E, 0xF0, 0x63, 0xE2, 0xA2, 0xBB, 0x83, 0xF6, 0x07, 0x53, 0x47, 0xD7, 0xA6, 0xC8,
    0x63, 0x5A, 0x5C, 0x00, 0xCB, 0xC3, 0xCE, 0x9B, 0xF5, 0xE9, 0xB5, 0x29, 0xF2, 0x04, 0x2D, 0x2E,
    0x00, 0x67, 0x1E, 0x71, 0xF0, 0xF9, 0xAE, 0xC4, 0x75, 0xC5, 0x8C, 0x4D, 0xF1, 0x79, 0x64, 0xFB,
    0x39, 0xF0, 0x5B, 0xE0, 0x43, 0x35, 0xBC, 0x2E, 0x10, 0x71, 0x51, 0xD3, 0xFA, 0x8F, 0x97, 0xD1,
    0x9F, 0xCC, 0xFB, 0x5E, 0xCD, 0xBC, 0x0B, 0xC0, 0x17, 0x60, 0x16, 0x06, 0x93, 0x69, 0xA6, 0xBA,
    0x72, 0xA1, 0x4A, 0x6D, 0x1E, 0x20, 0x99, 0xEC, 0x2A, 0x70, 0xDF, 0x0C, 0x13, 0x8A, 0xCE, 0x2C,
    0xD5, 0x27, 0xD7, 0x2E, 0xD5, 0xA2, 0x32, 0xBB, 0xE0, 0xD8, 0x6C, 0x17, 0x1E, 0x62, 0xB7, 0x64,
    0x56, 0x79, 0x25, 0x65, 0x86, 0x47, 0x19, 0x65, 0xF7, 0xD9, 0x42, 0xB2, 0x7E, 0xC1, 0x3E, 0xF2,
    0x3D, 0x89, 0x50, 0xBE, 0x91, 0x62, 0x53, 0x5E, 0x57, 0x55, 0x79, 0x43, 0x0D, 0x46, 0x1D, 0xE3,
    0x69, 0xBC, 0x92, 0x6A, 0xDB, 0xF4, 0x54, 0xB1, 0x6D, 0xA7, 0x7D, 0x4E, 0xBA, 0xD9, 0x7D, 0x52,
    0xE3, 0x1F, 0x43, 0xBC, 0xF6, 0xBB, 0x04, 0x9F, 0x79, 0x27, 0xC3, 0x75, 0x87, 0x47, 0x1F, 0xA6,
    0xB2, 0xEE, 0x10, 0x14, 0xFC, 0x7D, 0x5D, 0x41, 0x8A, 0x60, 0xEF, 0x45, 0xA8, 0x3C, 0x5B, 0xBA,
    0x2E, 0x9C, 0x2F, 0xC3, 0x1E, 0x42, 0x54, 0xBA, 0x82, 0x26, 0x26, 0x6F, 0xC5, 0x7F, 0x8C, 0xE3,
    0x8F, 0x72, 0x2D, 0xAE, 0xE7, 0xA2, 0x74, 0x84, 0xB4, 0x3F, 0x9F, 0xDB, 0xEF, 0xC0, 0xFA, 0x21,
    0xC4, 0x9F, 0x80, 0x81, 0xAE, 0x9B, 0x42, 0x8D, 0x23, 0xBB, 0xC6, 0xCA, 0x34, 0x15, 0xEF, 0x49,
    0xDC, 0x44, 0x53, 0x11, 0x42, 0x0F, 0xA8, 0xFA, 0xD5, 0x41, 0x30, 0x1A, 0x2A, 0x38, 0x3E, 0x70,
    0xD2, 0xFA, 0x85, 0x9F, 0xFE, 0xE5, 0xEA, 0x21, 0xF4, 0xDA, 0xED, 0xF4, 0xE9, 0x48, 0xAA, 0x95,
    0x51, 0x4D, 0xC9, 0xC1, 0x28, 0x5D, 0xFD, 0xAA, 0xFE, 0xD9, 0x53, 0x11, 0xE1, 0x26, 0x92, 0x50,
    0xF7, 0x4B, 0x78, 0xFA, 0x6C, 0xEA, 0x45, 0x4A, 0x23, 0x58, 0x1E, 0x15, 0xEE, 0xD5, 0x07, 0xED,
    0x79, 0xB0, 0x13, 0x2F, 0x3A, 0x9A, 0xC0, 0x8A, 0xCF, 0x01, 0x64, 0xCA, 0x6F, 0x2C, 0x82, 0xA5,
    0x13, 0x02, 0xA9, 0x1E, 0x9D, 0xBC, 0x7C, 0x9B, 0x7C, 0x6B, 0xA7, 0x3D, 0x26, 0xC6, 0x1E, 0xDB,
    0xD1, 0xE4, 0xF7, 0x3F, 0xAD, 0x58, 0xC1, 0x6F, 0xE4, 0x66, 0x15, 0xFF, 0xD9, 0x6E, 0xE2, 0x24,
    0x5E, 0xDB, 0x7B, 0x48, 0xA5, 0xC0, 0x7A, 0xC6, 0x39, 0xEC, 0x61, 0x5B, 0x39, 0xC9, 0x1E, 0x5C,
    0xE4, 0xB4, 0x93, 0xCD, 0x47, 0x91, 0xC8, 0xA1, 0x42, 0x9A, 0x43, 0x03, 0x87, 0x0A, 0x58, 0xCA,
    0x0D, 0xA1, 0xD6, 0x42, 0x23, 0x14, 0xA4, 0xA5, 0xF1, 0x06, 0x09, 0x4E, 0xA0, 0xFC, 0x09, 0x39,
    0x20, 0x51, 0xE5, 0x64, 0xC4, 0x22, 0xAD, 0xA0, 0x22, 0x9F, 0x54, 0x89, 0x43, 0x4F, 0x46, 0x05,
    0x71, 0x00, 0x21, 0x23, 0x90, 0x2A, 0xD1, 0x1E, 0xE6, 0x10, 0x41, 0x50, 0xB3, 0x31, 0xBF, 0xF7,
    0x79, 0x26, 0x09, 0x6D, 0xB6, 0x99, 0x6C, 0xEB, 0x19, 0x3B, 0xA3, 0x19, 0xFB, 0xF7, 0xDE, 0xF7,
    0xDE, 0xEF, 0xBD, 0xF7, 0xFB, 0x02, 0xC0, 0xFA, 0x32, 0xDC, 0xA6, 0xB2, 0xFE, 0x0A, 0xCF, 0x3A,
    0xC4, 0x5D, 0x84, 0x48, 0x00, 0x04, 0xE8, 0xC4, 0x8D, 0xF2, 0xE1, 0x4F, 0x7D, 0x13, 0x1D, 0xF8,
    0xFC, 0x2E, 0xE2, 0xAB, 0xE4, 0xDF, 0xC4, 0xAE, 0xD0, 0x43, 0xEA, 0x2A, 0x64, 0x18, 0x76, 0x80,
    0xD5, 0x57, 0xF4, 0x0F, 0x5F, 0xC6, 0xF6, 0x23, 0x34, 0xC7, 0x7C, 0x0E, 0xF7, 0x15, 0x90, 0xFF,
    0x96, 0x1F, 0xCA, 0x5B, 0xBC, 0xD4, 0x80, 0x7D, 0xFC, 0x97, 0x46, 0x87, 0x1B, 0x7F, 0xFA, 0x5A,
    0x91, 0xD8, 0x3A, 0x40, 0x66, 0x6B, 0x3E, 0x6D, 0xEB, 0x21, 0x72, 0x67, 0x47, 0x13, 0xE7, 0x25,
    0xA0, 0x17, 0xBF, 0xB6, 0x89, 0xF0, 0x3F, 0xEB, 0x0D, 0xCE, 0x0E, 0x97, 0x67, 0xEA, 0xC9, 0x25,
    0xE4, 0x25, 0x0F, 0x04, 0xD1, 0x97, 0x4B, 0x47, 0x60, 0x23, 0x5E, 0x2A, 0xF1, 0xB3, 0xEA, 0xC1,
    0xB7, 0x74, 0x06, 0xDF, 0xD6, 0xAB, 0x9B, 0xE1, 0x4B, 0x6A, 0xBB, 0x71, 0x1E, 0x9D, 0x62, 0x28,
    0x17, 0x76, 0x45, 0x0C, 0x15, 0x9A, 0x15, 0x39, 0x85, 0x0F, 0x47, 0x75, 0x78, 0x46, 0x84, 0x4F,
    0x78, 0xF6, 0xE0, 0x71, 0x15, 0x01, 0x56, 0x37, 0x7D, 0x6C, 0x37, 0x02, 0x2F, 0xC0, 0x82, 0x7B,
    0x28, 0x8F, 0x33, 0x36, 0xF0, 0x42, 0x04, 0x4F, 0xF1, 0x16, 0xF8, 0xD7, 0x10, 0x31, 0x06, 0x0C,
    0xC0, 0x2D, 0x64, 0x19, 0xB2, 0x14, 0xE9, 0x6D, 0xE4, 0x39, 0xF2, 0x12, 0xD8, 0x93, 0x95, 0xBA,
    0x1A, 0x53, 0xA7, 0xDE, 0x17, 0xF4, 0xBF, 0xF6, 0x34, 0x8D, 0x57, 0x41, 0xED, 0xC1, 0xD2, 0x01,
    0x97, 0x60, 0x69, 0x3F, 0xF3, 0x61, 0xEB, 0x4E, 0x42, 0x47, 0x8A, 0x28, 0x88, 0x78, 0x4D, 0xBC,
    0x84, 0x0E, 0xF5, 0x9C, 0xEF, 0x66, 0x2E, 0x63, 0x73, 0x94, 0x79, 0x48, 0x71, 0xB4, 0xB6, 0x84,
    0x01, 0x1E, 0x84, 0x87, 0x67, 0xE1, 0xB0, 0x04, 0xD2, 0x55, 0x44, 0xB4, 0x20, 0x80, 0x20, 0xDE,
    0x1C, 0x08, 0xC7, 0x44, 0x25, 0xBE, 0x0F, 0x82, 0x5D, 0x03, 0xB1, 0x22, 0x10, 0x2A, 0x11, 0xA4,
    0x5B, 0x02, 0x94, 0x09, 0x4E, 0x2A, 0x00, 0xB7, 0xE5, 0x42, 0x57, 0xE1, 0x54, 0x06, 0x0E, 0xED,
    0x02, 0x31, 0x1C, 0xFD, 0x85, 0x7F, 0x60, 0xE9, 0x78, 0x63, 0x47, 0x77, 0x9C, 0x9D, 0x22, 0x71,
    0x7E, 0x54, 0x64, 0xCE, 0x97, 0x14, 0x4F, 0x66, 0xC8, 0x45, 0xEE, 0x7A, 0xC8, 0xBD, 0x39, 0x13,
    0x45, 0x40, 0x32, 0xF0, 0x90, 0x67, 0x1F, 0x98, 0x9D, 0x87, 0x9B, 0xC3, 0x2E, 0xCC, 0x9A, 0x35,
    0x42, 0x8D, 0xA8, 0x42, 0x56, 0x23, 0xDF, 0x43, 0x5D, 0x5A, 0x3A, 0x77, 0xFE, 0x75, 0xE8, 0xED,
    0x3F, 0x64, 0xD6, 0x19, 0xB6, 0x8C, 0xC1, 0x25, 0x3B, 0xC8, 0x0D, 0x61, 0x06, 0x79, 0x51, 0x85,
    0x1B, 0x15, 0x39, 0x41, 0x46, 0x90, 0x0F, 0xB9, 0x53, 0x90, 0x53, 0x6B, 0xB1, 0x0A, 0xDF, 0x93,
    0x5F, 0x67, 0x16, 0x83, 0xDA, 0x56, 0x42, 0x03, 0x8F, 0x8C, 0x0C, 0xC8, 0xC0, 0x0E, 0x1F, 0x4F,
    0x98, 0xB1, 0x8C, 0xEB, 0x1A, 0x60, 0xB1, 0xBF, 0xAC, 0xC5, 0x1F, 0xDF, 0xF0, 0x92, 0x0B, 0x36,
    0xDF, 0x33, 0x1B, 0xC0, 0xE2, 0x2E, 0x9E, 0x2D, 0xC0, 0x1F, 0x9F, 0x82, 0xD5, 0x54, 0xDE, 0x7D,
    0x92, 0xB4, 0x97, 0x21, 0xC9, 0x11, 0x95, 0x88, 0x6A, 0x24, 0xB5, 0x71, 0xB0, 0xB4, 0xEA, 0xB5,
    0x57, 0x0A, 0xAF, 0x25, 0x0B, 0xDD, 0xFA, 0xCD, 0xD8, 0xAD, 0x13, 0x84, 0x1B, 0x42, 0xD5, 0xCC,
    0xD2, 0x29, 0x57, 0x40, 0xE7, 0x5C, 0xD5, 0xEB, 0x22, 0x3C, 0x32, 0x77, 0xDE, 0x2D, 0xF0, 0x42,
    0x81, 0x59, 0x18, 0xAA, 0x24, 0x5C, 0x55, 0x6F, 0x4C, 0x86, 0x81, 0x90, 0xA1, 0x2C, 0xE5, 0x5D,
    0x97, 0xB6, 0x5E, 0x8B, 0x8B, 0xB8, 0x05, 0xDF, 0x51, 0xD8, 0x1F, 0x81, 0x93, 0xAA, 0x11, 0xDF,
    0xB6, 0x4E, 0x1C, 0xC6, 0x57, 0xC9, 0xDB, 0xC3, 0xDA, 0x0A, 0xE2, 0xF7, 0xCD, 0x9D, 0x4F, 0x2B,
    0x3C, 0xBB, 0x2B, 0x1F, 0x7E, 0x59, 0x61, 0xAF, 0xB8, 0x82, 0x09, 0x3E, 0xF8, 0x1D, 0xB9, 0xDF,
    0x7E, 0xBB, 0xB0, 0x76, 0x26, 0x30, 0x24, 0xB7, 0x6A, 0x38, 0x78, 0x12, 0x5B, 0x6D, 0x6D, 0xFA,
    0xB8, 0x9A, 0xB9, 0x5B, 0x15, 0x42, 0xF5, 0x84, 0xE6, 0x7E, 0x55, 0xE0, 0xCE, 0x15, 0xCD, 0x45,
    0x23, 0x0F, 0x9F, 0xC4, 0x5C, 0x3A, 0x66, 0xC2, 0xC4, 0xE6, 0xDC, 0x47, 0xE8, 0x7A, 0x6A, 0xDE,
    0x29, 0x58, 0xCF, 0x6E, 0x53, 0x2C, 0x39, 0x8A, 0x9D, 0x2B, 0x5B, 0x42, 0xDC, 0x16, 0xB0, 0xF5,
    0x32, 0xEC, 0x37, 0xE5, 0x43, 0xD0, 0xC3, 0xCC, 0xCD, 0x49, 0x4B, 0x65, 0x9C, 0x53, 0xEB, 0x5D,
    0xBA, 0xA1, 0x2E, 0x2D, 0x98, 0x33, 0x2B, 0x56, 0x05, 0xAB, 0xB8, 0xAA, 0x15, 0x69, 0x7A, 0x13,
    0x94, 0x25, 0xDB, 0xC7, 0x09, 0xCE, 0x1F, 0x4D, 0x53, 0xC1, 0xFE, 0x9B, 0x18, 0xFB, 0x8A, 0x2C,
    0xD0, 0xB4, 0x4F, 0xE9, 0x9F, 0xE9, 0x0A, 0x9B, 0x79, 0x7D, 0x67, 0x9F, 0x25, 0xC8, 0x20, 0x38,
    0xFB, 0x0F, 0xC0, 0x32, 0xCE, 0x25, 0x0F, 0xBF, 0xDE, 0x64, 0xA9, 0x1E, 0x10, 0x65, 0x54, 0x51,
    0x6D, 0x00, 0xB7, 0xAB, 0xAE, 0x57, 0x97, 0x0B, 0x6E, 0x91, 0xC3, 0xB5, 0xEA, 0xB8, 0x39, 0x51,
    0x19, 0x9B, 0x76, 0x19, 0xA2, 0x3F, 0xD8, 0xDE, 0xA9, 0x56, 0xFE, 0xDE, 0x18, 0xF2, 0x8C, 0x4B,
    0xFA, 0xB0, 0x23, 0x89, 0x5C, 0xC8, 0x4D, 0x47, 0xAB, 0xC3, 0xA3, 0x7A, 0x6A, 0x30, 0x9C, 0x7A,
    0x50, 0xDE, 0x38, 0x3A, 0x2B, 0xE9, 0xF3, 0x2B, 0xB9, 0xF1, 0xCF, 0xD4, 0xFD, 0x63, 0xBB, 0x92,
    0x3B, 0xAF, 0x2B, 0x8F, 0x2B, 0xF1, 0x70, 0x37, 0xC0, 0x1B, 0xC7, 0x98, 0xDE, 0x35, 0xFD, 0xE2,
    0xF9, 0xF3, 0xFD, 0xE2, 0x22, 0x70, 0x12, 0xE5, 0x7C, 0xBF, 0x38, 0x57, 0xD2, 0x17, 0xC6, 0xEB,
    0x02, 0x2B, 0x37, 0xFB, 0xE8, 0x68, 0xB1, 0x22, 0xE5, 0xB3, 0xE6, 0x61, 0x18, 0x3A, 0x3A, 0x08,
    0xE1, 0xDF, 0x43, 0xF7, 0x10, 0xF1, 0x5B, 0x58, 0xF2, 0xD1, 0x23, 0x69, 0xF8, 0xB8, 0xAD, 0x07,
    0xA8, 0xE7, 0x17, 0xE1, 0x57, 0x98, 0x36, 0xAB, 0xF6, 0x4C, 0xDB, 0x95, 0x11, 0xC4, 0xA1, 0xD1,
    0x45, 0x34, 0xC0, 0x72, 0x85, 0x75, 0xA6, 0x75, 0x88, 0x74, 0x0B, 0x79, 0x82, 0x3C, 0xFC, 0xE4,
    0x66, 0x37, 0x30, 0xCE, 0x6B, 0xEF, 0x04, 0x56, 0x0D, 0x61, 0x69, 0x0D, 0xAB, 0xFF, 0xF8, 0x66,
    0x17, 0x4B, 0x6A, 0xD8, 0x1F, 0x58, 0xE6, 0x2E, 0xB9, 0x44, 0x1F, 0xD6, 0xAB, 0x73, 0xC1, 0xBF,
    0x8A, 0x89, 0x51, 0xDA, 0x26, 0x36, 0x34, 0x35, 0x43, 0xB2, 0x0C, 0xC8, 0xE1, 0xDD, 0xFF, 0x63,
    0x99, 0xD5, 0x90, 0x4D, 0x9B, 0xAF, 0xF1, 0xD3, 0xC0, 0xF0, 0x5B, 0x42, 0x82, 0x65, 0x9E, 0x2B,
    0x14, 0x18, 0x20, 0xB7, 0x38, 0x17, 0xDA, 0xB9, 0x9D, 0x60, 0xDE, 0xCC, 0x82, 0x1C, 0x4B, 0x74,
    0x24, 0xA4, 0x7D, 0xEB, 0xE7, 0x6D, 0x83, 0x1F, 0xCF, 0x9D, 0x90, 0x8C, 0x65, 0x65, 0x30, 0x9C,
    0x99, 0x4C, 0x6D, 0x9B, 0x19, 0xF5, 0x94, 0x71, 0xB9, 0x28, 0x5D, 0xB5, 0xD5, 0x45, 0x6C, 0x78,
    0x69, 0x4F, 0xD9, 0x1F, 0xC8, 0x5C, 0x47, 0x65, 0x69, 0x4B, 0xDB, 0xDA, 0x29, 0xF8, 0xA2, 0xA0,
    0x90, 0x81, 0x14, 0xE0, 0x1E, 0xAE, 0x8F, 0xA9, 0xDB, 0x54, 0x61, 0x73, 0x28, 0xD2, 0x89, 0x29,
    0xA5, 0x79, 0xD1, 0x38, 0x1D, 0xDE, 0xE5, 0x9B, 0x91, 0x25, 0xD2, 0x29, 0x33, 0x23, 0xAA, 0x16,
    0xE9, 0xE4, 0x68, 0x91, 0x4E, 0x9E, 0x98, 0x1E, 0x46, 0x46, 0x3A, 0xFD, 0x60, 0x53, 0x51, 0x3A,
    0x1D, 0x34, 0xC5, 0x29, 0x9A, 0x24, 0x5C, 0xD0, 0x3E, 0xAD, 0x10, 0x93, 0x23, 0x1F, 0x0F, 0xFD,
    0x27, 0x14, 0x62, 0xEC, 0x23, 0x8E, 0x12, 0x55, 0x33, 0x79, 0x69, 0x4C, 0x9B, 0xCE, 0x3B, 0x7F,
    0x95, 0xD2, 0x68, 0x6B, 0xC2, 0x93, 0x2F, 0x3D, 0x98, 0x69, 0xCF, 0x77, 0x20, 0x72, 0xCF, 0x07,
    0x5B, 0xC1, 0x31, 0xAA, 0xEE, 0xFE, 0x5B, 0x22, 0xF7, 0x12, 0x8B, 0x2E, 0x13, 0x2C, 0x33, 0x75,
    0x82, 0xA5, 0x98, 0x74, 0xF0, 0xC6, 0x8B, 0x9D, 0x82, 0xD3, 0xD4, 0x4E, 0xF5, 0x90, 0xBC, 0xF2,
    0x54, 0xE2, 0x21, 0x09, 0xD1, 0x0B, 0x91, 0x05, 0x78, 0xD0, 0x41, 0xDD, 0x71, 0x74, 0x12, 0x63,
    0xED, 0x21, 0xD6, 0x77, 0x25, 0xED, 0x64, 0x91, 0xE4, 0x6F, 0xB6, 0x2D, 0xAE, 0xD1, 0x20, 0x34,
    0xA2, 0x4D, 0x24, 0x9B, 0xE8, 0x2B, 0x91, 0x6B, 0x22, 0xD6, 0x44, 0xAA, 0x89, 0x50, 0x13, 0x99,
    0x46, 0x65, 0x25, 0xC2, 0x4A, 0x74, 0x95, 0xC8, 0x2A, 0x23, 0x80, 0xF2, 0x91, 0xB2, 0xF2, 0x0F,
    0x10, 0x6F, 0x14, 0x1D, 0xEA, 0xB9, 0xF1, 0x8C, 0x48, 0x45, 0x36, 0x51, 0x35, 0xC1, 0x44, 0x23,
    0x17, 0x4A, 0xBB, 0x03, 0xCC, 0xDE, 0x84, 0x5B, 0x0A, 0xD5, 0x27, 0x69, 0xCE, 0xBC, 0x8D, 0x0D,
    0xE3, 0x73, 0xC0, 0x2F, 0x80, 0xB7, 0x81, 0xDF, 0x09, 0xD2, 0x65, 0xFD, 0x19, 0x33, 0x66, 0xDC,
    0xCA, 0x65, 0xF1, 0x33, 0x68, 0xD2, 0x06, 0x44, 0xCA, 0xA0, 0xB8, 0x5A, 0xA3, 0xE6, 0x46, 0x82,
    0xA5, 0x03, 0x53, 0xD4, 0x16, 0xD5, 0xE6, 0xF6, 0x87, 0xB0, 0xEB, 0x37, 0xE0, 0xAA, 0x75, 0x66,
    0xF6, 0x7D, 0x44, 0xCE, 0x4F, 0x98, 0x20, 0x2A, 0x5E, 0x26, 0x2A, 0x2B, 0x29, 0xC0, 0x75, 0x84,
    0x15, 0xB5, 0x85, 0xF8, 0xAB, 0x35, 0x9E, 0x1F, 0x43, 0x9C, 0xB2, 0x8F, 0xC7, 0xC1, 0x9B, 0xCE,
    0x1F, 0x86, 0x9E, 0x3D, 0x0C, 0x82, 0xDC, 0xCF, 0xF2, 0xA8, 0x2E, 0xC3, 0xFB, 0x55, 0xE8, 0x16,
    0x2F, 0xB4, 0xD3, 0xE8, 0xE6, 0x2E, 0x92, 0x3D, 0x5C, 0xCB, 0x27, 0x9C, 0x7A, 0xF6, 0x0C, 0xEC,
    0x9F, 0x01, 0xBF, 0x9F, 0x60, 0xDE, 0x59, 0x7B, 0x98, 0x1B, 0x60, 0x66, 0x7E, 0xD2, 0x79, 0xFA,
    0x0C, 0xF0, 0x9E, 0xB2, 0xBE, 0x78, 0xF9, 0xBC, 0xB6, 0x7E, 0x0C, 0xBC, 0x0B, 0xBC, 0xAA, 0x4C,
    0xD5, 0x0F, 0x0D, 0xF1, 0x4D, 0x8F, 0x07, 0xE2, 0xA6, 0xE8, 0xEE, 0xAB, 0xC4, 0x34, 0x35, 0x92,
    0x75, 0x75, 0x93, 0x7B, 0x13, 0x45, 0x9F, 0x9D, 0x9F, 0xC2, 0x7A, 0xE7, 0xB4, 0x9B, 0x2A, 0x32,
    0x2D, 0xBD, 0x81, 0xF5, 0x23, 0xC9, 0x58, 0x6A, 0xA1, 0xED, 0xA6, 0x72, 0x90, 0x33, 0xDF, 0xD7,
    0xE8, 0x17, 0x13, 0x22, 0x1B, 0x9F, 0x61, 0xBD, 0x78, 0x39, 0xF2, 0xB7, 0x8A, 0x54, 0x2F, 0xEC,
    0x7E, 0x82, 0x28, 0x2F, 0xB2, 0xFA, 0x1A, 0x13, 0x7F, 0xD6, 0x27, 0x83, 0x91, 0x40, 0xB7, 0x8B,
    0x4E, 0xC9, 0x91, 0xF6, 0xD8, 0x27, 0xE7, 0xD4, 0xAA, 0xEE, 0xF7, 0x2F, 0x94, 0xF3, 0x94, 0x60,
    0xFF, 0x50, 0xF8, 0x5E, 0x31, 0xB9, 0x9C, 0x6F, 0x43, 0x85, 0x77, 0x26, 0x90, 0xF3, 0x73, 0x0A,
    0xCF, 0x99, 0x50, 0x4D, 0xBE, 0x57, 0xF8, 0x68, 0xB4, 0x1E, 0x0F, 0xDE, 0x7A, 0x3E, 0xCA, 0x70,
    0xE5, 0x59, 0x9C, 0x0F, 0x69, 0x80, 0xD4, 0x47, 0xDE, 0x91, 0xCA, 0x29, 0x96, 0xBE, 0xD1, 0x8E,
    0x7C, 0x95, 0x3A, 0x7A, 0x60, 0xEB, 0xF9, 0x7E, 0x54, 0xCE, 0xB2, 0x99, 0xF8, 0x87, 0x71, 0xFF,
    0x23, 0x31, 0xA0, 0x9B, 0x5F, 0x38, 0xCD, 0xE8, 0xE5, 0x48, 0xD6, 0x9E, 0xB7, 0x35, 0x33, 0x73,
    0x11, 0x92, 0xB0, 0xEE, 0xCF, 0xC0, 0xB7, 0xD5, 0xE4, 0x92, 0xF8, 0x3C, 0xF1, 0x2E, 0x51, 0xC2,
    0x9F, 0x37, 0xC4, 0x2B, 0xAE, 0xA2, 0xB7, 0x9F, 0x11, 0x7F, 0xDA, 0x68, 0x5E, 0x02, 0x6E, 0x32,
    0xE4, 0xDE, 0x1F, 0x06, 0xC8, 0xC9, 0x64, 0x6E, 0x26, 0x9C, 0xFF, 0x02, 0xAF, 0x6B, 0xCA, 0x81,
    0xEB, 0xA8, 0x07, 0x56, 0xB5, 0xE6, 0x15, 0xE1, 0x89, 0xEC, 0x65, 0x65, 0x67, 0xA3, 0xCC, 0xFF,
    0x0F, 0xDA, 0x96, 0x75, 0x0C, 0xEA, 0xAC, 0xC4, 0x42, 0x97, 0xCD, 0x9E, 0x89, 0x59, 0xC2, 0x75,
    0x1F, 0x83, 0x04, 0x2B, 0xC3, 0x91, 0xB6, 0xF2, 0xDB, 0x5D, 0xBF, 0x39, 0xD6, 0x9B, 0xA1, 0x34,
    0xF6, 0xD2, 0xEC, 0x8B, 0x6B, 0xE9, 0x60, 0xA2, 0xA6, 0xB5, 0xC1, 0xD4, 0x46, 0x24, 0xA8, 0x8F,
    0x3F, 0x25, 0xA4, 0x5E, 0xAF, 0xBB, 0xEA, 0x8C, 0xBC, 0x3D, 0xC4, 0x4A, 0x2A, 0xEC, 0xB6, 0x69,
    0x9D, 0x74, 0xDD, 0x6E, 0xB4, 0x27, 0xAE, 0x0F, 0x47, 0xC0, 0x04, 0x8B, 0x0B, 0xFB, 0xDF, 0xBA,
    0xFB, 0xE2, 0x18, 0x9B, 0x1A, 0x64, 0x19, 0xD3, 0x87, 0xD8, 0x56, 0xE8, 0x9F, 0x6E, 0x2A, 0x42,
    0x2C, 0xB4, 0xE2, 0xAF, 0xC7, 0x6E, 0x82, 0xE5, 0xAF, 0x9B, 0xBD, 0x37, 0xCB, 0x77, 0x0B, 0xD3,
    0xF5, 0xF8, 0xCE, 0x05, 0x96, 0x55, 0x20, 0xE3, 0x5D, 0x9D, 0x3A, 0xE3, 0x8D, 0xAA, 0xAC, 0xAD,
    0x3F, 0x1F, 0x32, 0x43, 0x3B, 0x9B, 0xF7, 0x44, 0x33, 0x98, 0x8A, 0x6B, 0xF9, 0x20, 0x75, 0x97,
    0xE3, 0xE3, 0x42, 0xD3, 0x1F, 0x4F, 0xB3, 0xE8, 0xA2, 0x69, 0xF6, 0x3F, 0x6D, 0x51, 0x41, 0x6B,
    0x13, 0x51, 0x10, 0xFE, 0x36, 0x79, 0xA9, 0xB1, 0x2B, 0xCD, 0x0A, 0x8B, 0x44, 0x9A, 0xA4, 0xAB,
    0xAE, 0xB2, 0xD5, 0xDA, 0x6E, 0xE8, 0xB3, 0x69, 0xAC, 0xBA, 0xD3, 0x7F, 0xB0, 0x87, 0x7A, 0xF1,
    0x20, 0xDB, 0xA0, 0xE0, 0x31, 0x48, 0xD1, 0x40, 0x2C, 0x79, 0x07, 0x2F, 0xDE, 0x82, 0xFE, 0x81,
    0x15, 0x84, 0x42, 0x11, 0xEC, 0xC1, 0x83, 0xA0, 0xE8, 0x03, 0x41, 0xAF, 0x7B, 0xF5, 0x96, 0x7B,
    0x2F, 0x39, 0x78, 0x10, 0x11, 0xE2, 0xBC, 0x5D, 0x0F, 0x22, 0x2E, 0xFB, 0x76, 0xBF, 0xF9, 0xE6,
    0x7B, 0xC3, 0x37, 0x33, 0x89, 0x0C, 0xAA, 0x32, 0x2E, 0xD1, 0x82, 0xF6, 0x13, 0x81, 0x68, 0xE2,
    0x50, 0x94, 0x01, 0x44, 0x07, 0xB4, 0x0C, 0x67, 0x1A, 0x3B, 0x74, 0xC4, 0x54, 0xBA, 0xE7, 0xCD,
    0x63, 0x43, 0xED, 0xAA, 0x21, 0x04, 0x62, 0xD5, 0xA1, 0xB3, 0x38, 0xA7, 0x64, 0x56, 0x1F, 0xA3,
    0xB1, 0xB2, 0xD9, 0x47, 0xF1, 0x15, 0x2B, 0x32, 0x71, 0x6E, 0x38, 0x81, 0x3C, 0x62, 0xD1, 0x29,
    0xD8, 0x58, 0x84, 0xCB, 0x29, 0xB9, 0xEF, 0xFA, 0x71, 0x4B, 0xCF, 0x03, 0x50, 0x28, 0x13, 0xE6,
    0xC0, 0x49, 0xF8, 0x40, 0x02, 0x68, 0x94, 0xFE, 0x22, 0xF2, 0xA7, 0xC4, 0xE7, 0x24, 0x8A, 0x98,
    0x15, 0x2C, 0x41, 0xF9, 0x0F, 0x55, 0xFF, 0x3F, 0xE5, 0x98, 0x43, 0x1F, 0xF5, 0x36, 0xD7, 0x09,
    0x42, 0x0E, 0x46, 0xDF, 0xFB, 0x61, 0xDA, 0x1F, 0xB1, 0xEC, 0x93, 0xBA, 0x4D, 0x17, 0x69, 0x43,
    0xAD, 0xD3, 0x79, 0xC3, 0xB3, 0x27, 0x63, 0x03, 0x3B, 0x4B, 0xBF, 0x2E, 0xA4, 0x06, 0x58, 0x99,
    0xF5, 0x74, 0xE9, 0xB5, 0x4C, 0xCB, 0xAA, 0x44, 0x15, 0xF7, 0xFA, 0x74, 0xD9, 0xEB, 0x8D, 0x81,
    0xAA, 0x7F, 0xEB, 0x83, 0xEF, 0x0B, 0xAE, 0x6B, 0xE3, 0xB2, 0xAE, 0x72, 0x37, 0x2E, 0xD6, 0xA8,
    0xF4, 0xC3, 0x7A, 0xB7, 0xA6, 0xEE, 0x99, 0x6B, 0xBE, 0xE7, 0xD9, 0xAA, 0x3B, 0x39, 0xED, 0xD4,
    0x50, 0xE1, 0x30, 0xA2, 0x16, 0x3A, 0xB9, 0x79, 0x5B, 0x0D, 0xB0, 0x48, 0x06, 0xAD, 0xA2, 0xAC,
    0xAF, 0x16, 0x1D, 0x75, 0x17, 0x70, 0xE2, 0x00, 0x83, 0x75, 0x60, 0x1B, 0x5E, 0xD0, 0xD8, 0x33,
    0x63, 0x15, 0xD5, 0xFD, 0x07, 0xA8, 0xB8, 0x97, 0xBE, 0xB5, 0x9F, 0xAD, 0xBE, 0x15, 0xDC, 0x46,
    0xC4, 0xED, 0x08, 0xA3, 0xDE, 0x44, 0xD3, 0x3E, 0x9E, 0x60, 0xE7, 0x5F, 0x3C, 0x9A, 0x4D, 0x8B,
    0x72, 0xB3, 0x1C, 0x58, 0xFC, 0x46, 0xB3, 0x9F, 0x77, 0x63, 0xEB, 0xCE, 0x2B, 0x0E, 0xE7, 0x66,
    0x59, 0x17, 0x4F, 0xE2, 0xA2, 0x04, 0xD0, 0xC4, 0xE1, 0xE1, 0x1B, 0x32, 0x7F, 0xC0, 0x63, 0x8F,
    0x57, 0xE8, 0x8C, 0x7A, 0x4C, 0xEF, 0x79, 0x54, 0x82, 0xF1, 0x23, 0x75, 0x1F, 0x66, 0x91, 0x75,
    0xF8, 0x32, 0x0C, 0x19, 0x6C, 0xA9, 0x5D, 0xFD, 0x32, 0xDF, 0xAD, 0x83, 0xB6, 0x7A, 0xA8, 0x7A,
    0x34, 0xE4, 0x8B, 0xCC, 0x53, 0x82, 0x34, 0x97, 0x9A, 0xA9, 0x0B, 0xBD, 0xA5, 0x7B, 0xEA, 0x39,
    0x0D, 0xC9, 0x4C, 0x5C, 0xE2, 0x1A, 0xE7, 0x8D, 0xF6, 0x85, 0xB1, 0x23, 0xD0, 0x3A, 0x46, 0xF0,
    0x19, 0xF2, 0x2B, 0xC2, 0x2F, 0xB9, 0x87, 0x41, 0x32, 0xCE, 0x20, 0x1A, 0x37, 0x03, 0x3F, 0xE0,
    0xF5, 0xB4, 0x55, 0x87, 0x67, 0xD2, 0x30, 0x09, 0x6A, 0xEA, 0x1A, 0x6A, 0xE8, 0xB0, 0xBF, 0xDF,
    0x95, 0x54, 0x41, 0x8B, 0xE4, 0x44, 0x14, 0xFE, 0x92, 0x9A, 0x9D, 0x68, 0xA7, 0x53, 0xE9, 0xC3,
    0xF4, 0xC1, 0x25, 0xBD, 0xA3, 0xE2, 0xA1, 0xD5, 0x40, 0xC7, 0x25, 0x42, 0x56, 0x5A, 0x53, 0xB0,
    0xC8, 0x9E, 0x94, 0x3E, 0x38, 0xE0, 0xC1, 0x43, 0x9F, 0xD5, 0x43, 0x56, 0x06, 0xB6, 0x0F, 0x42,
    0x0A, 0x3D, 0xE8, 0x41, 0xA4, 0x7F, 0x42, 0x40, 0x41, 0x19, 0x10, 0x82, 0xA7, 0xBD, 0x75, 0xED,
    0xCC, 0x41, 0x50, 0x16, 0x6A, 0x4E, 0x1E, 0xBC, 0x64, 0xD0, 0xC3, 0x5E, 0x94, 0x3E, 0xF4, 0xA1,
    0x59, 0x9D, 0x89, 0xAF, 0x2A, 0x2D, 0x2E, 0x78, 0xB2, 0xF2, 0xAA, 0xBB, 0xF2, 0xAA, 0xF2, 0xBD,
    0xF7, 0xBE, 0xF7, 0x25, 0x65, 0xF3, 0xFE, 0xB2, 0xA4, 0x09, 0x20, 0x6F, 0xD7, 0xC3, 0xA3, 0xD9,
    0xAA, 0x15, 0x27, 0x27, 0x58, 0xB5, 0x6D, 0x2B, 0x4F, 0x68, 0x88, 0x7F, 0x57, 0x74, 0xE4, 0x47,
    0xE7, 0xA1, 0xF3, 0xD0, 0xFD, 0x82, 0xBD, 0xC7, 0x3E, 0x64, 0x63, 0x2F, 0xF5, 0xD2, 0x5E, 0xC2,
    0x8B, 0xA0, 0xE8, 0x57, 0x91, 0x8E, 0xF4, 0x58, 0xDD, 0x52, 0xAF, 0xAA, 0x9B, 0xF2, 0xA6, 0xC8,
    0x5B, 0x39, 0x3C, 0x22, 0x3C, 0x41, 0xBF, 0xE8, 0x05, 0x51, 0x36, 0x00, 0x8F, 0xC6, 0xC9, 0x00,
    0x08, 0x11, 0x20, 0x42, 0x0A, 0x5A, 0xD6, 0x45, 0x61, 0x3C, 0xBD, 0x17, 0x82, 0x24, 0xAA, 0x33,
    0x3D, 0x20, 0x7C, 0x9E, 0x46, 0xF5, 0x58, 0x27, 0xCA, 0xAC, 0xC3, 0xCC, 0xF8, 0x53, 0xEB, 0xFF,
    0x5E, 0x7D, 0xA4, 0xEE, 0xAA, 0x57, 0xAC, 0xDF, 0x55, 0xAE, 0x7C, 0xF9, 0xD1, 0x07, 0x8F, 0x18,
    0x3C, 0xBA, 0x7A, 0x78, 0x1A, 0x66, 0xD4, 0x40, 0x85, 0xDE, 0x63, 0x5C, 0x7F, 0x0C, 0x28, 0x38,
    0x0A, 0xF9, 0x25, 0x98, 0x02, 0x93, 0x60, 0x02, 0x0C, 0xC6, 0x1C, 0x11, 0xAE, 0x73, 0x73, 0x35,
    0xBE, 0x04, 0x32, 0xE4, 0xA2, 0x94, 0x0B, 0x10, 0x62, 0xB6, 0x20, 0x80, 0x2C, 0x5E, 0xC4, 0x16,
    0x29, 0x8B, 0xF9, 0x22, 0xE6, 0x66, 0x75, 0x7C, 0x0C, 0xC7, 0xFC, 0x4F, 0x54, 0x00, 0x24, 0x7A,
    0x0C, 0x14, 0x9A, 0xE2, 0xD4, 0x0F, 0x14, 0x71, 0x75, 0x87, 0x36, 0xF6, 0xFA, 0x66, 0x3B, 0x3D,
    0xA0, 0x53, 0xCD, 0x1F, 0x37, 0xB4, 0xFB, 0xC9, 0x67, 0x69, 0xE5, 0xB3, 0x3B, 0x49, 0x15, 0xB1,
    0xB7, 0x13, 0x5D, 0xB8, 0xDB, 0x5C, 0x5A, 0x48, 0x8B, 0xD2, 0xC1, 0x74, 0x38, 0x1D, 0x50, 0x87,
    0xD4, 0x41, 0xED, 0xB0, 0x2C, 0xD8, 0xC0, 0xA0, 0x9D, 0xFF, 0x6E, 0xE0, 0xBE, 0xEA, 0x19, 0xBC,
    0x6F, 0x02, 0x03, 0xF8, 0x73, 0xDF, 0x20, 0x7E, 0xBA, 0x41, 0x37, 0xE2, 0x34, 0x99, 0xDB, 0xBF,
    0xB4, 0x48, 0xAA, 0xB9, 0xDA, 0xF9, 0xEA, 0xB4, 0x68, 0x92, 0x4A, 0xCD, 0x2D, 0x32, 0x9A, 0x46,
    0x9B, 0xC6, 0x5E, 0xA8, 0x0B, 0x75, 0xAE, 0x96, 0xDD, 0x99, 0x8B, 0x33, 0x49, 0x76, 0x7E, 0x2A,
    0x97, 0xA7, 0x5D, 0x76, 0x9E, 0x0A, 0x74, 0x5A, 0xCF, 0x06, 0xA8, 0x5C, 0xE5, 0x23, 0xC6, 0x14,
    0x1C, 0x3E, 0x5C, 0x19, 0x51, 0xB3, 0x98, 0x20, 0xBA, 0xAD, 0xB7, 0xE8, 0x02, 0xC0, 0x7B, 0x51,
    0xB3, 0x1F, 0xE4, 0xF0, 0x6A, 0x36, 0xFD, 0x6B, 0xCD, 0x2E, 0x11, 0x86, 0x22, 0xFA, 0x55, 0x40,
    0x5B, 0x20, 0xA6, 0x7C, 0x26, 0x7D, 0x26, 0xB8, 0x07, 0xB2, 0xC0, 0x47, 0xC4, 0x8D, 0x61, 0xAF,
    0xE3, 0x15, 0x3B, 0x86, 0x45, 0xB8, 0xCD, 0xA2, 0x22, 0x60, 0x7D, 0x2F, 0xF3, 0xD6, 0xBE, 0xE8,
    0xE1, 0x29, 0x8B, 0x1C, 0x5B, 0x09, 0x5A, 0xC9, 0x98, 0xE3, 0xD8, 0x97, 0x93, 0x3F, 0xAF, 0xE0,
    0xB6, 0x0D, 0x40, 0xF2, 0xF4, 0xDB, 0x2B, 0xDC, 0x82, 0xDF, 0xA5, 0x7C, 0x0D, 0x7D, 0xD2, 0x10,
    0xE5, 0xEB, 0x09, 0xAE, 0x52, 0x3D, 0xAF, 0x60, 0x83, 0xE4, 0x02, 0x2B, 0x89, 0x1C, 0x04, 0xE8,
    0x42, 0x1C, 0x9E, 0x35, 0xF9, 0x2F, 0xDB, 0xC3, 0xDB, 0xCD, 0x33, 0x6F, 0xCE, 0x5E, 0xA2, 0x5E,
    0x77, 0xB4, 0x79, 0x34, 0x0D, 0xD5, 0xA9, 0xA1, 0x87, 0xD4, 0x44, 0x6E, 0x9F, 0x96, 0x91, 0x69,
    0x0A, 0x4D, 0x2A, 0x84, 0x19, 0x21, 0xD2, 0xD2, 0xF4, 0x89, 0xAD, 0xD9, 0xD2, 0xC8, 0xCC, 0x27,
    0x4F, 0x80, 0x50, 0x8D, 0x44, 0x44, 0x79, 0x66, 0xF4, 0x74, 0x8A, 0x12, 0x07, 0x70, 0x37, 0xCE,
    0x31, 0x3D, 0x57, 0x90, 0xFE, 0x1A, 0xE8, 0x50, 0xEF, 0x2B, 0x87, 0xF8, 0x62, 0x92, 0x09, 0x26,
    0x72, 0x0C, 0xA9, 0x56, 0xCC, 0x10, 0x6E, 0xBD, 0x4B, 0x4C, 0x47, 0xA3, 0x10, 0x05, 0xCF, 0x28,
    0x7E, 0x60, 0x22, 0x4E, 0x31, 0x82, 0xD3, 0x60, 0x03, 0x4F, 0x90, 0x4E, 0xB9, 0x89, 0xBA, 0xB7,
    0x13, 0x0A, 0x68, 0x2B, 0x34, 0x8C, 0x84, 0xBB, 0x5B, 0x42, 0x09, 0xB7, 0xE1, 0x74, 0xC4, 0x0B,
    0x1E, 0x20, 0x18, 0x61, 0x1A, 0x39, 0x4D, 0xEC, 0x89, 0x31, 0x47, 0xB6, 0xB7, 0x3B, 0x5F, 0xC7,
    0xE6, 0x15, 0xA0, 0x71, 0x00, 0xCF, 0x6D, 0x85, 0xEF, 0xDD, 0x56, 0x3E, 0x77, 0x14, 0xA7, 0xD7,
    0x85, 0x53, 0x88, 0x00, 0xAF, 0x53, 0x89, 0x6B, 0x9A, 0xDA, 0xC2, 0x59, 0x86, 0x29, 0xEE, 0x82,
    0x75, 0xB4, 0x94, 0x9B, 0xA1, 0xA9, 0xA2, 0xA2, 0x6D, 0x53, 0x01, 0xE5, 0xDF, 0xD5, 0x6C, 0x53,
    0xF2, 0x5A, 0xE9, 0x4F, 0x34, 0xCF, 0x1B, 0xB2, 0x20, 0xD7, 0x51, 0xA9, 0xA2, 0x12, 0xF1, 0x3B,
    0x54, 0x02, 0x31, 0x61, 0x88, 0x34, 0x5C, 0x1E, 0xE1, 0xB0, 0x45, 0xFE, 0x13, 0x56, 0x5F, 0xA2,
    0x25, 0x7B, 0x0B, 0xE5, 0x25, 0x7A, 0xDF, 0xE2, 0xDA, 0xCC, 0xF8, 0xA3, 0x95, 0x8C, 0x57, 0x32,
    0x6B, 0xC9, 0xF0, 0xC6, 0x25, 0x5E, 0x33, 0xFD, 0x72, 0xD4, 0x73, 0x9F, 0x4F, 0x36, 0xBE, 0xBE,
    0xB7, 0x60, 0xD4, 0xAD, 0x83, 0x8F, 0x9F, 0x35, 0x79, 0x2C, 0x9B, 0xA6, 0x9A, 0xE1, 0xFA, 0xD7,
    0x70, 0xDA, 0x56, 0x33, 0xED, 0xDC, 0xC7, 0xFF, 0x18, 0xE9, 0x93, 0x92, 0x81, 0x23, 0x9F, 0x7F,
    0x97, 0xF0, 0xD5, 0xBD, 0x63, 0x8F, 0xF4, 0xF2, 0xDF, 0x7B, 0x33, 0x38, 0xF6, 0xA9, 0xCD, 0xA1,
    0xA8, 0x11, 0xD2, 0x27, 0xC3, 0x6A, 0x23, 0x78, 0x52, 0x1B, 0xF7, 0x89, 0x84, 0x0D, 0x91, 0x36,
    0xB0, 0xDA, 0xA0, 0xA7, 0xCA, 0x66, 0x30, 0x2B, 0xD7, 0xD8, 0xB7, 0x0C, 0xBA, 0xED, 0x6F, 0x98,
    0x9C, 0xAC, 0x30, 0x37, 0xF7, 0x15, 0xF8, 0x77, 0xF0, 0xB6, 0xA4, 0x60, 0xF8, 0x1B, 0xDC, 0xD8,
    0x5A, 0x65, 0xFD, 0xF3, 0xA6, 0xD6, 0x3A, 0x2D, 0x2E, 0x54, 0x52, 0x9D, 0xCA, 0xF9, 0x83, 0x33,
    0x61, 0x3E, 0x08, 0x7F, 0x03, 0x1D, 0x51, 0x3D, 0x6E, 0xDB, 0x30, 0x18, 0x7D, 0xB2, 0x92, 0xA8,
    0x80, 0x24, 0x7B, 0x12, 0x5A, 0xC0, 0xFA, 0xF1, 0xD0, 0xC1, 0x35, 0xE8, 0x58, 0x03, 0x53, 0x30,
    0x81, 0x6D, 0xF1, 0x08, 0x5A, 0xBA, 0x6B, 0x2E, 0x32, 0x70, 0x50, 0x01, 0xB5, 0x40, 0x61, 0x1E,
    0x81, 0x47, 0xF0, 0x09, 0x0A, 0x0E, 0x19, 0x32, 0x64, 0xF0, 0x11, 0x74, 0x04, 0x1E, 0x41, 0x83,
    0x06, 0x03, 0xCD, 0x90, 0xCF, 0x06, 0x41, 0xE2, 0xF1, 0xE1, 0xBD, 0xF7, 0x7D, 0xFC, 0x18, 0xB8,
    0x75, 0xC7, 0x99, 0x62, 0x8A, 0x3F, 0x0E, 0x73, 0x0D, 0x06, 0xCE, 0x95, 0x6A, 0xF0, 0x32, 0x19,
    0x42, 0x95, 0xAA, 0x3F, 0xE3, 0xCF, 0x11, 0x66, 0x36, 0x66, 0xF5, 0xCA, 0x7C, 0xB3, 0x28, 0x7F,
    0xD9, 0x42, 0x07, 0x2E, 0xEB, 0x1E, 0xCC, 0x5F, 0x4B, 0x0E, 0x3B, 0xD7, 0xD5, 0x98, 0x58, 0xF4,
    0xBE, 0x0E, 0x91, 0xE2, 0x2B, 0x42, 0xC7, 0x04, 0x53, 0x85, 0x53, 0xBC, 0x25, 0x65, 0xE8, 0xB6,
    0x2D, 0x17, 0xFB, 0xD7, 0x5B, 0xF5, 0xDB, 0x15, 0xD2, 0x83, 0x2F, 0xAB, 0xE1, 0x73, 0x1D, 0xA0,
    0x1A, 0x92, 0x7A, 0x33, 0x00, 0x95, 0x4B, 0x88, 0x0D, 0x11, 0x53, 0x59, 0x01, 0x4E, 0x4B, 0x50,
    0x0A, 0x88, 0x09, 0xE0, 0xD3, 0x0E, 0x30, 0x45, 0x44, 0x1C, 0xC8, 0x47, 0x5D, 0x29, 0x65, 0x1B,
    0xE3, 0x8F, 0x53, 0xC6, 0x22, 0x91, 0x0A, 0xB6, 0x7E, 0x09, 0x4D, 0xFE, 0x2F, 0x8E, 0xA3, 0xF4,
    0x4B, 0x30, 0x64, 0x5B, 0xD2, 0x0D, 0x81, 0xBC, 0xAF, 0x57, 0xC7, 0x60, 0x8C, 0x29, 0x6F, 0x32,
    0x40, 0x3C, 0xB6, 0xA1, 0x41, 0xE7, 0x9D, 0xFD, 0x36, 0x2E, 0xF7, 0xAF, 0xAB, 0x33, 0x9A, 0xF0,
    0x3D, 0xAE, 0x33, 0x93, 0x75, 0x10, 0x3B, 0x1B, 0xEA, 0xC9, 0x38, 0x7D, 0x5E, 0x9B, 0x7D, 0x27,
    0x96, 0x3B, 0x52, 0x1E, 0x5C, 0xE2, 0x26, 0x3A, 0xA0, 0x16, 0x38, 0x8E, 0xB8, 0xA4, 0xC4, 0x62,
    0x36, 0x08, 0x21, 0xDA, 0xB9, 0xA1, 0x0A, 0x6C, 0xC9, 0xF2, 0xB7, 0xDB, 0xAB, 0xCF, 0xC3, 0x1D,
    0x0E, 0x7D, 0x2E, 0x23, 0x3A, 0x13, 0x79, 0xE8, 0x81, 0xC3, 0xE9, 0x87, 0x44, 0x24, 0x4A, 0x65,
    0xAD, 0x2A, 0x6F, 0xA2, 0x78, 0x3A, 0x8D, 0x53, 0xA1, 0x3C, 0x14, 0x67, 0x21, 0x38, 0x0D, 0x2A,
    0x6F, 0x20, 0x29, 0x4B, 0x3D, 0x49, 0xD1, 0x84, 0xFA, 0x8A, 0xF9, 0x85, 0x27, 0x8C, 0xD4, 0xCE,
    0x4E, 0x33, 0xBD, 0x3E, 0x35, 0x47, 0x7A, 0xFA, 0xF8, 0x69, 0x9B, 0x3C, 0x57, 0xEF, 0x5C, 0xDC,
    0xBB, 0x3B, 0xCA, 0x4F, 0xE5, 0x66, 0x64, 0x9C, 0xB4, 0xE5, 0xA2, 0xA1, 0x1B, 0x98, 0xDD, 0xE8,
    0x4A, 0x3F, 0x9C, 0x16, 0xC7, 0x28, 0x65, 0x4B, 0xCE, 0x17, 0x90, 0xD8, 0xFC, 0xEF, 0x99, 0x72,
    0x5C, 0xF5, 0xDC, 0xF6, 0x0B, 0x43, 0xE1, 0x17, 0x0B, 0xBF, 0x5A, 0xAE, 0x58, 0x70, 0x6A, 0xFA,
    0xBB, 0x51, 0x68, 0xE0, 0x21, 0x77, 0x3B, 0xFA, 0x25, 0xEE, 0x0A, 0x7D, 0x83, 0x0C, 0x15, 0x4D,
    0x7E, 0x49, 0x93, 0xCB, 0xF0, 0x01, 0x75, 0x54, 0x41, 0x88, 0x1C, 0x45, 0x14, 0x7D, 0xDD, 0x95,
    0xD9, 0x56, 0xDB, 0xEE, 0xDE, 0x83, 0xC1, 0x81, 0xED, 0xD9, 0x56, 0x11, 0x0C, 0xDA, 0x9B, 0x11,
    0xE9, 0x43, 0x05, 0x66, 0xD3, 0x15, 0x3C, 0xE4, 0x20, 0xE2, 0x12, 0x5C, 0x3C, 0x88, 0x6B, 0xCE,
    0xA2, 0x49, 0x45, 0x5B, 0x50, 0xD8, 0x38, 0xAD, 0x5E, 0x04, 0x41, 0xE2, 0x61, 0x8F, 0xCA, 0x42,
    0x40, 0x62, 0x12, 0x48, 0x1B, 0x83, 0xAC, 0x82, 0x3B, 0x45, 0x3C, 0x28, 0x2C, 0x48, 0xC7, 0x90,
    0x8B, 0x28, 0x94, 0x11, 0x2F, 0x2A, 0xDA, 0x87, 0x41, 0x06, 0xCD, 0x4C, 0xF9, 0x6B, 0x26, 0xAE,
    0x01, 0xF1, 0xF3, 0xAB, 0xE8, 0xA6, 0xAB, 0xFE, 0x7F, 0xFF, 0xFD, 0xFF, 0x1A, 0x4F, 0xC2, 0x9B,
    0xA0, 0xE3, 0x83, 0xCF, 0x21, 0x5B, 0x5D, 0xC9, 0x06, 0x4D, 0xA1, 0xD1, 0xAB, 0x91, 0x18, 0xE5,
    0xD6, 0x70, 0x95, 0x75, 0x66, 0x14, 0xC8, 0xF6, 0xCC, 0x23, 0x28, 0x1D, 0x53, 0xFB, 0x1F, 0x0C,
    0x3B, 0x8F, 0x70, 0x7E, 0x5F, 0x5B, 0x6E, 0xA0, 0xFA, 0x0A, 0xFA, 0x2D, 0x5C, 0xBF, 0x0B, 0x3F,
    0xDE, 0x23, 0x3F, 0xB9, 0x57, 0x1F, 0x3C, 0x57, 0x46, 0x63, 0xB4, 0x4B, 0xCC, 0xD3, 0x79, 0x07,
    0xE8, 0x0F, 0x5D, 0xBD, 0xEE, 0x89, 0x30, 0xC4, 0x1D, 0x31, 0x90, 0xC6, 0x5B, 0x3C, 0xD9, 0xE4,
    0x4B, 0xE8, 0xF1, 0x7D, 0x69, 0x56, 0x44, 0x9F, 0x69, 0xD7, 0x08, 0xCC, 0xCC, 0x8C, 0x9D, 0x1A,
    0xCE, 0x2C, 0x5D, 0x09, 0xF6, 0xF3, 0x26, 0xB9, 0x07, 0x74, 0x37, 0x91, 0xAC, 0x20, 0x84, 0x75,
    0xEC, 0x01, 0x06, 0x84, 0x4A, 0x33, 0x51, 0xD1, 0xA7, 0x85, 0x55, 0x24, 0x1F, 0x22, 0x02, 0xF2,
    0x31, 0x02, 0xE0, 0x4E, 0x47, 0x9C, 0x7C, 0xAA, 0x34, 0x86, 0xCE, 0xD9, 0xE4, 0x15, 0x82, 0x89,
    0x29, 0x93, 0xC7, 0xBE, 0x51, 0xB1, 0x27, 0xEA, 0x34, 0x72, 0x14, 0x4F, 0x68, 0x1D, 0x74, 0x55,
    0xB6, 0xCD, 0x4A, 0xF9, 0x3D, 0x13, 0x2F, 0x7E, 0xC7, 0x84, 0x87, 0x7F, 0xCD, 0x53, 0xF4, 0x5E,
    0x7B, 0xF0, 0x2B, 0x1F, 0x61, 0xE1, 0xA3, 0xBB, 0x7D, 0xA1, 0xDC, 0x7F, 0xEC, 0x98, 0xE8, 0x84,
    0x1D, 0x0C, 0x8C, 0x11, 0x29, 0x3B, 0x8F, 0x9E, 0xFB, 0x2B, 0x38, 0x46, 0xC8, 0x70, 0xE9, 0xE6,
    0x25, 0x9B, 0xCF, 0xF7, 0xDE, 0x06, 0x22, 0xF7, 0x6B, 0x42, 0xE9, 0x9A, 0xDF, 0x75, 0xC0, 0xDE,
    0x7F, 0xA5, 0xEA, 0x24, 0xB1, 0x44, 0x72, 0x23, 0xE6, 0x48, 0x91, 0x76, 0x55, 0x0F, 0xDC, 0xD1,
    0x1C, 0x5C, 0xE8, 0x0C, 0xCB, 0x3F, 0xD4, 0x19, 0xF1, 0x2B, 0x6E, 0x49, 0x6D, 0x6A, 0x8A, 0xE2,
    0x34, 0x14, 0x85, 0x42, 0x53, 0xAD, 0x59, 0x5F, 0x05, 0x38, 0xA1, 0x75, 0xC7, 0xB9, 0xAE, 0xE6,
    0x13, 0xF3, 0x46, 0x8D, 0xA5, 0x35, 0x0C, 0x44, 0xCF, 0xC7, 0x9C, 0xE2, 0xEC, 0x10, 0xEA, 0x8C,
    0xED, 0x3C, 0xAA, 0x0A, 0xF7, 0xB2, 0xB9, 0xA5, 0x80, 0x18, 0x0D, 0x13, 0xB1, 0xD3, 0xF8, 0x08,
    0x58, 0x13, 0x22, 0xF0, 0x8A, 0x18, 0xB9, 0x21, 0x46, 0x16, 0x9F, 0x79, 0xB5, 0x40, 0x94, 0xF2,
    0xCA, 0xD6, 0x31, 0x86, 0x2F, 0xF7, 0x2B, 0x78, 0x3A, 0x29, 0xA9, 0xE4, 0x04, 0x44, 0x77, 0x38,
    0xBB, 0x1F, 0x99, 0x37, 0xCB, 0xD0, 0xBD, 0x5A, 0x06, 0xB8, 0x2A, 0xE2, 0x13, 0x5F, 0x22, 0xFD,
    0x88, 0xD6, 0xC5, 0x1D, 0x70, 0x4D, 0x80, 0x7E, 0x7A, 0x01, 0x99, 0x19, 0xEE, 0x66, 0x82, 0xBB,
    0x0D, 0xCC, 0x7D, 0x4E, 0x0D, 0xC9, 0xC0, 0xAE, 0x0C, 0xE1, 0x13, 0xE1, 0xA1, 0x25, 0x9D, 0x56,
    0x0C, 0x8D, 0x80, 0xBA, 0x19, 0x79, 0x35, 0xD8, 0x58, 0xED, 0xE2, 0xCB, 0x4D, 0x89, 0xBD, 0xAB,
    0xF6, 0x49, 0xA0, 0x3B, 0xC2, 0x30, 0xB5, 0xBD, 0xA6, 0x47, 0xA3, 0x12, 0x6A, 0xE5, 0x2A, 0x8E,
    0x9F, 0xB1, 0x5D, 0xF6, 0x09, 0xD1, 0xB5, 0xDA, 0xA1, 0xB3, 0x33, 0x73, 0x55, 0x04, 0xA6, 0x38,
    0xD8, 0xEB, 0x1A, 0xEC, 0x30, 0x61, 0x5E, 0xA3, 0xB1, 0x32, 0x13, 0xF8, 0xBF, 0x11, 0xE2, 0x27,
    0x88, 0x2C, 0x4F, 0x20, 0xA0, 0x48, 0x1D, 0xCA, 0x1A, 0xCF, 0xDA, 0x92, 0x9B, 0xC6, 0x3E, 0x54,
    0xC0, 0x1F, 0xC0, 0x18, 0x91, 0x46, 0x6B, 0x4C, 0x05, 0xE3, 0x21, 0xCA, 0x37, 0x1B, 0x2F, 0xE2,
    0xFE, 0xB6, 0x69, 0xF4, 0x8E, 0xED, 0x82, 0x4B, 0xA4, 0xD0, 0xBE, 0xBE, 0x60, 0x5F, 0xB8, 0x6B,
    0x11, 0x67, 0x8E, 0xEA, 0x2B, 0xDA, 0x2F, 0x5F, 0x69, 0x20, 0x9D, 0x2F, 0x84, 0x44, 0xE5, 0xEE,
    0x40, 0xB6, 0x2A, 0xF6, 0x0E, 0x64, 0xAE, 0xD9, 0xE3, 0xA8, 0x64, 0x13, 0x85, 0xA8, 0x2F, 0x8E,
    0xD6, 0x93, 0xC3, 0x2A, 0x4F, 0x9A, 0xA5, 0x89, 0x8D, 0xB7, 0x6F, 0x1A, 0x95, 0x4F, 0xF7, 0x6C,
    0xBA, 0xCF, 0x4F, 0x77, 0x92, 0x90, 0x77, 0xA8, 0x49, 0xCE, 0x8E, 0xC8, 0x23, 0x54, 0xB9, 0xB9,
    0x41, 0x0C, 0x25, 0x17, 0xCA, 0xC5, 0x33, 0x34, 0x1F, 0xE8, 0xCD, 0xAE, 0x10, 0xA4, 0x00, 0x56,
    0x60, 0xEF, 0x0D, 0x3B, 0x6D, 0xCE, 0xEF, 0x6F, 0xCB, 0x0C, 0xD5, 0xC3, 0xD0, 0xF9, 0x48, 0xBF,
    0x5C, 0x34, 0x47, 0xAB, 0xEA, 0x5D, 0xBD, 0xFC, 0x4B, 0xE9, 0x13, 0x58, 0x82, 0x58, 0xFE, 0x33,
    0xB5, 0x44, 0x03, 0xAD, 0x98, 0x26, 0x88, 0x6B, 0xA0, 0x68, 0xA8, 0x8F, 0x86, 0x94, 0x24, 0xE1,
    0x5D, 0xFB, 0x94, 0xC6, 0x6C, 0x4C, 0xA4, 0x4E, 0x87, 0x90, 0xF6, 0xD8, 0x6A, 0xC8, 0x31, 0x8A,
    0xB8, 0xF4, 0x88, 0x2E, 0x57, 0x75, 0x4D, 0xD3, 0x5A, 0x5D, 0x79, 0xF0, 0xEC, 0xA9, 0xDC, 0xD4,
    0x16, 0x07, 0x2B, 0x97, 0x9F, 0x45, 0x34, 0x9E, 0x46, 0xFE, 0x3F, 0x34, 0xE4, 0x12, 0xFA, 0xA8,
    0xFC, 0x2F, 0x1A, 0xCB, 0xBB, 0x6D, 0x8E, 0x7E, 0xEE, 0xCF, 0x53, 0x14, 0x1E, 0x24, 0xE8, 0x5D,
    0x4D, 0xEF, 0xF2, 0x6E, 0xE7, 0xAC, 0x6E, 0xBD, 0x26, 0x5A, 0x6B, 0x82, 0x3A, 0x8F, 0x25, 0xEC,
    0xDD, 0x42, 0x5E, 0x5B, 0x0A, 0x48, 0xCA, 0xBE, 0xB0, 0x27, 0x61, 0xC3, 0x4C, 0x2F, 0x7E, 0x0B,
    0x36, 0x42, 0xA2, 0xF0, 0xC0, 0x79, 0xF8, 0x1A, 0x39, 0xC4, 0x02, 0x53, 0x3E, 0x13, 0x21, 0x29,
    0xF4, 0xA4, 0xED, 0xEB, 0x4D, 0x23, 0xF9, 0x77, 0x08, 0x6A, 0xE9, 0x6D, 0x37, 0x61, 0x4F, 0xA6,
    0x3C, 0x23, 0x93, 0x45, 0x26, 0xA5, 0xB4, 0x71, 0xCC, 0xD0, 0x55, 0xEB, 0xAE, 0x0A, 0x58, 0x49,
    0x9E, 0xDE, 0xBD, 0x71, 0xA9, 0x4F, 0x45, 0xD9, 0x7F, 0x13, 0x8E, 0x6F, 0xDA, 0x89, 0x0B, 0x66,
    0x41, 0x0E, 0x28, 0xE4, 0xCA, 0xFD, 0xAB, 0xF1, 0x3E, 0xDE, 0x0A, 0x5F, 0x7A, 0x3E, 0x3E, 0x1D,
    0xA7, 0x47, 0xDA, 0xC4, 0x49, 0x3A, 0x3D, 0x90, 0x6C, 0xAC, 0x0C, 0xA8, 0xBA, 0x23, 0xC0, 0x69,
    0xAB, 0x56, 0xD2, 0x6A, 0x84, 0x22, 0x84, 0x0C, 0xA0, 0x49, 0xC9, 0x8B, 0xE7, 0x54, 0x0A, 0xDD,
    0x43, 0xC5, 0xA1, 0x0F, 0x3C, 0xAD, 0xFA, 0x13, 0xDC, 0x2E, 0xED, 0xEF, 0xF2, 0x6F, 0x65, 0x54,
    0xCD, 0x4A, 0x1B, 0x51, 0x14, 0xFE, 0x66, 0x46, 0x8D, 0x35, 0xD1, 0xE9, 0x42, 0xA1, 0xA0, 0x89,
    0x2E, 0x5C, 0x04, 0x1B, 0x9B, 0x58, 0x46, 0x70, 0x21, 0xE4, 0xF6, 0x05, 0x4A, 0x36, 0xB3, 0x2C,
    0xF6, 0x05, 0xDA, 0xA6, 0x90, 0x85, 0x50, 0x21, 0x43, 0x9F, 0x20, 0x8F, 0x10, 0xA8, 0xAB, 0x6B,
    0x29, 0x59, 0x64, 0x67, 0x8B, 0xF3, 0x08, 0x43, 0xA1, 0x9B, 0xAE, 0x66, 0x51, 0x41, 0xBA, 0x1A,
    0x4A, 0x28, 0x2E, 0xA2, 0xD3, 0xEF, 0xDC, 0x1B, 0x35, 0xDA, 0x4B, 0xCE, 0x70, 0x7F, 0xCE, 0x39,
    0xDF, 0x39, 0xE7, 0x3B, 0x27, 0x98, 0x01, 0x50, 0xA6, 0x0C, 0x01, 0x37, 0x06, 0x96, 0xB8, 0x6D,
    0xE6, 0x79, 0xBC, 0x1D, 0x86, 0xCA, 0xE7, 0xDE, 0xE3, 0x1D, 0x52, 0xCA, 0x6B, 0x98, 0x55, 0x03,
    0xAE, 0xE1, 0x9D, 0x46, 0x95, 0x9D, 0xA4, 0xD3, 0x1E, 0xF4, 0xDA, 0x1B, 0xE8, 0x9B, 0xF7, 0x04,
    0x88, 0xE1, 0x98, 0x1F, 0x9C, 0x69, 0xBB, 0x43, 0xE3, 0x3F, 0xCF, 0x73, 0x84, 0xE1, 0x9B, 0x3B,
    0x1C, 0xF1, 0xFD, 0xC4, 0xBA, 0x5C, 0x30, 0xA8, 0x8B, 0x40, 0x09, 0x58, 0x93, 0x5F, 0x50, 0x2D,
    0xED, 0xEF, 0x1D, 0xFA, 0xBB, 0x89, 0x77, 0xAA, 0x9C, 0x31, 0xD0, 0x36, 0x6A, 0x33, 0xE2, 0xB7,
    0x8C, 0x82, 0xA2, 0x0B, 0x37, 0x16, 0x1F, 0x99, 0x04, 0xBB, 0xCF, 0x68, 0xF3, 0x6B, 0x86, 0x1B,
    0x1E, 0x89, 0xCF, 0x94, 0xC0, 0x85, 0x88, 0xC8, 0xDB, 0x12, 0xF2, 0x06, 0xC1, 0x78, 0xE9, 0x47,
    0x4C, 0x2A, 0x85, 0xF3, 0xB3, 0x83, 0xC2, 0xCB, 0x1A, 0xCA, 0x8B, 0xBE, 0x01, 0x13, 0x34, 0x23,
    0x55, 0xCA, 0x1E, 0x25, 0xA0, 0x34, 0x68, 0xD7, 0xDE, 0xC4, 0xB0, 0x9D, 0xA1, 0xF6, 0x29, 0x82,
    0xFF, 0x85, 0xB9, 0x8C, 0x60, 0x12, 0x94, 0xB5, 0x9E, 0xC7, 0xF5, 0x50, 0x3D, 0x8D, 0xB0, 0x9B,
    0x22, 0x18, 0xA2, 0x51, 0x43, 0xDB, 0x47, 0x4B, 0xB2, 0x95, 0x84, 0xBD, 0x7C, 0xE4, 0x84, 0x23,
    0x14, 0x06, 0x28, 0xB7, 0x31, 0x1C, 0xB8, 0x71, 0xDF, 0x47, 0xB2, 0x87, 0x68, 0x52, 0x3C, 0xE3,
    0x9D, 0xC7, 0x0A, 0xE2, 0xC2, 0x8B, 0xD8, 0xFD, 0x1E, 0xE3, 0x4F, 0x84, 0xA6, 0x5A, 0x39, 0x50,
    0xDD, 0xDC, 0xBE, 0x6F, 0x2C, 0x23, 0xAB, 0x7A, 0x51, 0x50, 0x11, 0xE7, 0xCF, 0x13, 0x7C, 0x00,
    0xBE, 0x85, 0x38, 0x33, 0xAF, 0xCB, 0xF2, 0x69, 0x2A, 0x16, 0x82, 0x70, 0x65, 0xA9, 0xF4, 0x90,
    0x1F, 0x16, 0xC2, 0x8D, 0x59, 0x88, 0xA2, 0xD0, 0x36, 0x86, 0xF0, 0x66, 0x8A, 0x6B, 0x19, 0x30,
    0x14, 0x58, 0xEE, 0x5A, 0x72, 0x97, 0xC1, 0x52, 0x4C, 0x1E, 0xF9, 0xCE, 0x9C, 0x33, 0xF9, 0xEC,
    0x49, 0xB5, 0x96, 0xE0, 0xB3, 0x92, 0x8A, 0x34, 0xBD, 0x15, 0x85, 0x0E, 0xC5, 0x95, 0xA4, 0x8B,
    0x72, 0x9A, 0xB7, 0xE1, 0xB9, 0xCA, 0x32, 0xD7, 0xD4, 0xBA, 0xD7, 0xD5, 0x3A, 0xA9, 0x30, 0xED,
    0x47, 0x96, 0x73, 0x8A, 0xCB, 0x32, 0x7B, 0x22, 0xD4, 0xF2, 0x60, 0xC5, 0xAC, 0x1E, 0x25, 0x9B,
    0xD3, 0x7A, 0xEC, 0xEB, 0x93, 0xF1, 0x22, 0x9C, 0x94, 0x12, 0xDD, 0x10, 0x50, 0x9B, 0x10, 0x10,
    0x4C, 0x44, 0x56, 0x69, 0x8A, 0x18, 0xFB, 0x56, 0x10, 0x89, 0xBB, 0x79, 0x9E, 0xAE, 0x84, 0x07,
    0x93, 0x3E, 0x9D, 0xBF, 0xF1, 0xDF, 0xCC, 0x23, 0x01, 0x25, 0x5E, 0xC1, 0xC4, 0xBB, 0x60, 0xDA,
    0x89, 0x20, 0xAF, 0x5A, 0x4E, 0x1E, 0xE3, 0xCC, 0x3A, 0xB9, 0x59, 0x77, 0x8C, 0x2B, 0x04, 0x8C,
    0xB9, 0xE1, 0x2B, 0x34, 0x58, 0xBC, 0xAC, 0x1E, 0x86, 0x2D, 0xC9, 0xCE, 0xBD, 0x55, 0x55, 0xB6,
    0x59, 0x8B, 0xD2, 0x3F, 0x97, 0x24, 0xFF, 0x1D, 0xF7, 0xCC, 0xD0, 0x95, 0x6C, 0x4D, 0x47, 0x24,
    0x01, 0x33, 0x0F, 0xA8, 0xB4, 0x4F, 0xE8, 0x0A, 0x59, 0x29, 0xFE, 0x18, 0xC1, 0x61, 0x38, 0xC6,
    0xD6, 0xA8, 0xB0, 0xE4, 0xF5, 0x31, 0x9C, 0xBF, 0x6C, 0x8B, 0x8F, 0x31, 0x96, 0x5C, 0x1B, 0x80,
    0x6D, 0x37, 0x63, 0x1B, 0x89, 0x6D, 0x79, 0xDA, 0x76, 0x7A, 0x26, 0xCF, 0x39, 0x87, 0x9C, 0xC7,
    0x7D, 0x1E, 0x9F, 0x69, 0x2D, 0xFB, 0xE8, 0xE1, 0x4C, 0x5A, 0xAC, 0xCC, 0x78, 0x9D, 0x25, 0x7B,
    0x75, 0xA1, 0x91, 0x31, 0x6D, 0xE9, 0x13, 0xD5, 0xCC, 0xAF, 0xEC, 0x9B, 0x18, 0xCD, 0x4D, 0xD4,
    0x1F, 0x8C, 0xD2, 0x79, 0x18, 0x66, 0xC2, 0xFD, 0x58, 0x40, 0x2A, 0x44, 0xD1, 0x5F, 0xE5, 0x78,
    0x7F, 0x94, 0x6E, 0xA8, 0x51, 0x5E, 0xE2, 0x67, 0xDD, 0xB1, 0xA7, 0x3C, 0x74, 0xB3, 0xD5, 0xD6,
    0x02, 0x72, 0xB2, 0x59, 0x32, 0x39, 0x61, 0x80, 0xFE, 0xEC, 0x2F, 0xFF, 0x0A, 0xF1, 0xEA, 0xC5,
    0xEA, 0x85, 0x1B, 0x79, 0x51, 0xF3, 0x72, 0x3D, 0x29, 0x2A, 0xDB, 0xBA, 0x01, 0x49, 0x0D, 0x88,
    0xB0, 0x73, 0xAD, 0x8F, 0xDF, 0x53, 0x06, 0xFC, 0x67, 0xE8, 0x6F, 0xDA, 0xD8, 0x2D, 0x99, 0x0D,
    0x3A, 0x39, 0xAA, 0x6D, 0xE9, 0xEB, 0xEA, 0x96, 0xBE, 0x22, 0xDE, 0x90, 0x12, 0x73, 0x62, 0xF0,
    0xF8, 0xB6, 0x8D, 0x64, 0x14, 0x97, 0xA8, 0x76, 0x58, 0x84, 0x93, 0xB8, 0x11, 0x7D, 0xA7, 0xF5,
    0xD4, 0x1F, 0x21, 0xA1, 0xF3, 0x84, 0xF7, 0xF1, 0x1A, 0x6B, 0x5A, 0xB5, 0x75, 0xCD, 0x47, 0xB8,
    0x6F, 0xC7, 0x4E, 0xEB, 0x88, 0x9D, 0xF7, 0xBF, 0xDD, 0xEF, 0xCF, 0x80, 0x3E, 0xB6, 0x3D, 0x4E,
    0x3B, 0x57, 0x35, 0xE0, 0xE9, 0x01, 0x5C, 0xDD, 0xC3, 0x3F, 0xBD, 0x93, 0xB1, 0x6E, 0xD4, 0x40,
    0x10, 0x86, 0x7F, 0x9F, 0x01, 0x17, 0x2B, 0x9F, 0x29, 0x88, 0x94, 0x28, 0xE7, 0xBB, 0x96, 0xC2,
    0x17, 0xA7, 0x30, 0xD2, 0x16, 0x3E, 0xD9, 0x12, 0x2F, 0x70, 0x8D, 0x45, 0x41, 0x43, 0x4F, 0x71,
    0x2E, 0x0E, 0xC9, 0x05, 0x24, 0xCB, 0x1B, 0xA4, 0xA2, 0xA2, 0x48, 0x87, 0x44, 0xB5, 0x05, 0x05,
    0x0D, 0xD2, 0x4A, 0xBC, 0xC0, 0x35, 0xF4, 0x5B, 0x20, 0x21, 0xA5, 0xDA, 0xE2, 0xA8, 0xC8, 0x65,
    0x99, 0xD9, 0x1C, 0xA2, 0x4E, 0x01, 0xA3, 0xD1, 0xC8, 0xDE, 0x9D, 0x99, 0xFD, 0xE6, 0x5F, 0x2D,
    0x96, 0x10, 0x3B, 0xDC, 0x9B, 0x01, 0x49, 0x8B, 0xA7, 0x4A, 0xFC, 0x52, 0x8B, 0xAC, 0x5D, 0x27,
    0xAD, 0x16, 0x70, 0x19, 0x5C, 0x8E, 0x61, 0x40, 0x69, 0x71, 0x6B, 0x91, 0x7F, 0x9F, 0xBC, 0x73,
    0xF9, 0xC8, 0xD5, 0x69, 0x45, 0xF6, 0xC4, 0xE8, 0x26, 0xB2, 0xE5, 0x73, 0xF5, 0x61, 0xB7, 0x4F,
    0x40, 0x62, 0x90, 0x19, 0xE4, 0x06, 0x72, 0x83, 0xDE, 0xC2, 0xEA, 0xC8, 0xE8, 0x58, 0xF5, 0x02,
    0xD5, 0x18, 0x72, 0xDE, 0xBD, 0x6E, 0xFC, 0x35, 0x67, 0xF9, 0x1B, 0xD1, 0xE6, 0x02, 0x79, 0x86,
    0x62, 0x8C, 0x22, 0x45, 0x9D, 0x43, 0x16, 0xA8, 0x0A, 0xAC, 0x6B, 0x68, 0x09, 0x5D, 0xC1, 0xAD,
    0x61, 0x5F, 0xE0, 0x82, 0x92, 0x63, 0xBF, 0x8B, 0x0D, 0x22, 0x62, 0xD0, 0x40, 0x0D, 0x4C, 0x01,
    0x11, 0xBC, 0xE0, 0x95, 0x11, 0x1D, 0x08, 0x2C, 0x80, 0x73, 0xEF, 0x28, 0xF9, 0xA0, 0xA3, 0x8F,
    0x36, 0xA0, 0x50, 0xEA, 0x1A, 0x70, 0x88, 0x0C, 0x62, 0x75, 0x94, 0xA0, 0x19, 0x43, 0x14, 0x48,
    0x06, 0xC4, 0x0E, 0xF1, 0x86, 0x0B, 0xA3, 0x65, 0xD4, 0x66, 0xD7, 0xA5, 0x2B, 0x66, 0x5B, 0x59,
    0x25, 0xE6, 0x71, 0x25, 0x8C, 0x5C, 0xBC, 0xF9, 0xA9, 0x33, 0x57, 0x9A, 0xD0, 0x42, 0x18, 0x9C,
    0xB4, 0xA8, 0x80, 0x3E, 0x1C, 0x4E, 0x4E, 0x14, 0x1B, 0x76, 0x6A, 0x3A, 0x0A, 0x1E, 0x2B, 0xC4,
    0x2D, 0x7B, 0x09, 0x0C, 0xA1, 0x86, 0x79, 0xF6, 0x56, 0x33, 0x04, 0x5B, 0xF9, 0x56, 0xBD, 0xFA,
    0xA1, 0x96, 0x67, 0xB8, 0x0F, 0x34, 0x5F, 0xD5, 0xA5, 0x07, 0x0E, 0xC3, 0x46, 0xCA, 0x63, 0x34,
    0x44, 0x6C, 0xB9, 0xE5, 0xCB, 0x2B, 0xAC, 0x3E, 0xF2, 0xDA, 0xE1, 0x5E, 0x6F, 0x87, 0xF3, 0x8B,
    0xCC, 0x42, 0x7C, 0xA7, 0xF9, 0x14, 0x1F, 0x47, 0xE5, 0x5E, 0x1D, 0x74, 0x3C, 0xA1, 0x50, 0x78,
    0x40, 0xBA, 0x1F, 0x6F, 0x50, 0x6E, 0xC4, 0x16, 0xF3, 0x50, 0xF1, 0x67, 0x37, 0xEA, 0xF8, 0x6F,
    0xE5, 0xA9, 0x30, 0xDE, 0xE2, 0x0C, 0x98, 0x85, 0xBB, 0xF9, 0x4C, 0x8B, 0x76, 0x44, 0x13, 0x80,
    0xAE, 0x98, 0xA2, 0x1C, 0x73, 0xDA, 0x64, 0x02, 0x28, 0xA4, 0x92, 0x11, 0xD2, 0x53, 0x3E, 0x26,
    0xED, 0xF1, 0xEC, 0x1B, 0x52, 0x0D, 0x7F, 0x83, 0xC9, 0x25, 0x8F, 0x57, 0x50, 0xA4, 0x7C, 0x8D,
    0x84, 0xD4, 0xE8, 0xB9, 0xCA, 0x4A, 0xBE, 0x1C, 0x43, 0xB5, 0x34, 0x71, 0x16, 0xA6, 0x65, 0x59,
    0xE9, 0x16, 0xBE, 0x60, 0x45, 0xCD, 0x8F, 0xFD, 0x96, 0xD3, 0x1E, 0xDD, 0x4E, 0x72, 0x57, 0x1E,
    0x30, 0x0F, 0xC7, 0xD3, 0x10, 0x7B, 0x74, 0xDD, 0x5F, 0x1E, 0xB2, 0x22, 0x44, 0xE2, 0xC1, 0x7F,
    0xE1, 0x79, 0x18, 0x78, 0xAA, 0x8C, 0x79, 0xE6, 0x35, 0xF3, 0x08, 0xC7, 0x3C, 0x54, 0x43, 0x3C,
    0x27, 0x96, 0x79, 0x3E, 0x49, 0xE6, 0x21, 0x80, 0x7F, 0xCB, 0x13, 0x29, 0xD6, 0x27, 0x51, 0xAC,
    0xCF, 0x34, 0xE8, 0x33, 0x30, 0x0F, 0x3D, 0x10, 0xE6, 0x51, 0xCC, 0x33, 0x0D, 0xFA, 0x0C, 0xAC,
    0x0F, 0xBF, 0x9B, 0xBE, 0x8F, 0xD4, 0x9D, 0x78, 0x7E, 0x03,
};

static const EpdGlyph inter_8_italicGlyphs[] = {
    { 0, 0, 122, 0, 0, 0, 0 }, // U+0000
    { 0, 0, 73, 0, 0, 0, 0 }, // U+0020
    { 5, 14, 73, 0, 13, 18, 0 }, // !
    { 6, 6, 121, 2, 13, 9, 18 }, // "
    { 11, 13, 167, 0, 13, 36, 27 }, // #
    { 11, 16, 169, 0, 14, 44, 63 }, // $
    { 13, 14, 254, 2, 13, 46, 107 }, // %
    { 10, 14, 182, 0, 13, 35, 153 }, // &
    { 3, 6, 77, 2, 13, 5, 188 }, // '
    { 6, 16, 93, 1, 13, 24, 193 }, // (
    { 6, 16, 93, -1, 13, 24, 217 }, // )
    { 8, 8, 132, 1, 13, 16, 241 }, // *
    { 9, 9, 175, 1, 9, 21, 257 }, // +
    { 4, 6, 73, -1, 3, 6, 278 }, // ,
    { 6, 2, 121, 1, 6, 3, 284 }, // -
    { 3, 4, 73, 0, 3, 3, 287 }, // .
    { 8, 15, 94, -1, 13, 30, 290 }, // /
    { 11, 14, 167, 0, 13, 39, 320 }, // 0
    { 6, 13, 106, 1, 13, 20, 359 }, // 1
    { 10, 13, 160, 0, 13, 33, 379 }, // 2
    { 10, 14, 164, 0, 13, 35, 412 }, // 3
    { 10, 13, 171, 0, 13, 33, 447 }, // 4
    { 10, 14, 157, 0, 13, 35, 480 }, // 5
    { 10, 14, 163, 0, 13, 35, 515 }, // 6
    { 10, 13, 148, 0, 13, 33, 550 }, // 7
    { 10, 14, 163, 0, 13, 35, 583 }, // 8
    { 10, 14, 163, 0, 13, 35, 618 }, // 9
    { 4, 11, 73, 0, 10, 11, 653 }, // :
    { 6, 13, 76, -1, 10, 20, 664 }, // ;
    { 9, 10, 175, 1, 10, 23, 684 }, // <
    { 9, 6, 175, 1, 8, 14, 707 }, // =
    { 9, 10, 175, 1, 10, 23, 721 }, // >
    { 8, 14, 137, 1, 13, 28, 744 }, // ?
    { 16, 16, 258, 0, 12, 64, 772 }, // @
    { 12, 13, 182, -1, 13, 39, 836 }, // A
    { 11, 13, 174, 0, 13, 36, 875 }, // B
    { 11, 14, 194, 1, 13, 39, 911 }, // C
    { 12, 13, 191, 0, 13, 39, 950 }, // D
    { 11, 13, 159, 0, 13, 36, 989 }, // E
    { 11, 13, 155, 0, 13, 36, 1025 }, // F
    { 11, 14, 198, 1, 13, 39, 1061 }, // G
    { 13, 13, 196, 0, 13, 43, 1100 }, // H
    { 5, 13, 70, 0, 13, 17, 1143 }, // I
    { 10, 14, 150, 0, 13, 35, 1160 }, // J
    { 12, 13, 177, 0, 13, 39, 1195 }, // K
    { 9, 13, 149, 0, 13, 30, 1234 }, // L
    { 15, 13, 238, 0, 13, 49, 1264 }, // M
    { 13, 13, 198, 0, 13, 43, 1313 }, // N
    { 12, 14, 203, 1, 13, 42, 1356 }, // O
    { 11, 13, 169, 0, 13, 36, 1398 }, // P
    { 12, 15, 203, 1, 13, 45, 1434 }, // Q
    { 11, 13, 171, 0, 13, 36, 1479 }, // R
    { 11, 14, 169, 0, 13, 39, 1515 }, // S
    { 11, 13, 170, 1, 13, 36, 1554 }, // T
    { 12, 14, 196, 1, 13, 42, 1590 }, // U
    { 12, 13, 182, 1, 13, 39, 1632 }, // V
    { 17, 13, 261, 1, 13, 56, 1671 }, // W
    { 13, 13, 180, -1, 13, 43, 1727 }, // X
    { 12, 13, 179, 1, 13, 39, 1770 }, // Y
    { 11, 13, 166, 0, 13, 36, 1809 }, // Z
    { 7, 16, 93, 0, 13, 28, 1845 }, // [
    { 4, 15, 94, 1, 13, 15, 1873 }, // <backslash>
    { 7, 16, 94, -1, 13, 28, 1888 }, // ]
    { 8, 6, 124, 0, 12, 12, 1916 }, // ^
    { 8, 2, 122, -1, 0, 4, 1928 }, // _
    { 3, 3, 81, 2, 13, 3, 1932 }, // `
    { 10, 11, 161, 0, 10, 28, 1935 }, // a
    { 10, 14, 161, 0, 13, 35, 1963 }, // b
    { 9, 11, 150, 0, 10, 25, 1998 }, // c
    { 11, 14, 161, 0, 13, 39, 2023 }, // d
    { 9, 11, 151, 0, 10, 25, 2062 }, // e
    { 10, 17, 96, -2, 13, 43, 2087 }, // f
    { 10, 14, 161, 0, 10, 35, 2130 }, // g
    { 9, 13, 155, 0, 13, 30, 2165 }, // h
    { 5, 13, 63, 0, 13, 17, 2195 }, // i
    { 7, 17, 63, -2, 13, 30, 2212 }, // j
    { 10, 13, 144, 0, 13, 33, 2242 }, // k
    { 4, 13, 63, 0, 13, 13, 2275 }, // l
    { 14, 10, 231, 0, 10, 35, 2288 }, // m
    { 9, 10, 155, 0, 10, 23, 2323 }, // n
    { 10, 11, 157, 0, 10, 28, 2346 }, // o
    { 11, 14, 161, -1, 10, 39, 2374 }, // p
    { 10, 14, 161, 0, 10, 35, 2413 }, // q
    { 7, 10, 97, 0, 10, 18, 2448 }, // r
    { 9, 11, 138, 0, 10, 25, 2466 }, // s
    { 6, 13, 86, 0, 12, 20, 2491 }, // t
    { 10, 10, 155, 0, 9, 25, 2511 }, // u
    { 9, 9, 147, 1, 9, 21, 2536 }, // v
    { 13, 9, 214, 1, 9, 30, 2557 }, // w
    { 11, 9, 143, -1, 9, 25, 2587 }, // x
    { 11, 13, 147, -1, 9, 36, 2612 }, // y
    { 9, 9, 143, 0, 9, 21, 2648 }, // z
    { 7, 16, 111, 1, 13, 28, 2669 }, // {
    { 6, 21, 86, 0, 17, 32, 2697 }, // |
    { 8, 16, 111, -1, 13, 32, 2729 }, // }
    { 9, 4, 175, 1, 7, 9, 2761 }, // ~
    { 0, 0, 73, 0, 0, 0, 0 }, // U+00A0
    { 5, 14, 73, 0, 10, 18, 0 }, // U+00A1
    { 10, 13, 150, 0, 13, 33, 18 }, // U+00A2
    { 11, 13, 161, 0, 13, 36, 51 }, // U+00A3
    { 12, 12, 191, 0, 11, 36, 87 }, // U+00A4
    { 11, 13, 145, 0, 13, 36, 123 }, // U+00A5
    { 5, 16, 70, 0, 13, 20, 159 }, // U+00A6
    { 9, 16, 149, 0, 13, 36, 179 }, // U+00A7
    { 6, 3, 155, 3, 13, 5, 215 }, // U+00A8
    { 14, 14, 242, 1, 13, 49, 220 }, // U+00A9
    { 8, 8, 119, 0, 13, 16, 269 }, // U+00AA
    { 10, 8, 152, 0, 9, 20, 285 }, // U+00AB
    { 8, 5, 175, 1, 7, 10, 305 }, // U+00AC
    { 10, 11, 176, 1, 13, 28, 315 }, // U+00AE
    { 6, 2, 123, 2, 12, 3, 343 }, // U+00AF
    { 7, 7, 120, 1, 13, 13, 346 }, // U+00B0
    { 10, 10, 175, 0, 10, 25, 359 }, // U+00B1
    { 7, 7, 115, 1, 14, 13, 384 }, // U+00B2
    { 7, 7, 116, 1, 14, 13, 397 }, // U+00B3
    { 4, 3, 55, 1, 13, 3, 410 }, // U+00B4
    { 11, 13, 154, -1, 9, 36, 413 }, // U+00B5
    { 9, 13, 158, 1, 13, 30, 449 }, // U+00B6
    { 3, 4, 73, 1, 8, 3, 479 }, // U+00B7
    { 5, 5, 70, -1, 1, 7, 482 }, // U+00B8
    { 5, 7, 79, 1, 14, 9, 489 }, // U+00B9
    { 8, 8, 126, 1, 13, 16, 498 }, // U+00BA
    { 9, 8, 152, 0, 9, 18, 514 }, // U+00BB
    { 13, 13, 207, 0, 13, 43, 532 }, // U+00BC
    { 14, 13, 220, 0, 13, 46, 575 }, // U+00BD
    { 13, 13, 228, 1, 13, 43, 621 }, // U+00BE
    { 8, 14, 133, -1, 10, 28, 664 }, // U+00BF
    { 12, 16, 182, -1, 16, 48, 692 }, // U+00C0
    { 12, 16, 182, -1, 16, 48, 740 }, // U+00C1
    { 12, 16, 182, -1, 16, 48, 788 }, // U+00C2
    { 12, 16, 182, -1, 16, 48, 836 }, // U+00C3
    { 12, 16, 182, -1, 16, 48, 884 }, // U+00C4
    { 12, 17, 182, -1, 17, 51, 932 }, // U+00C5
    { 18, 13, 262, -1, 13, 59, 983 }, // U+00C6
    { 11, 17, 194, 1, 13, 47, 1042 }, // U+00C7
    { 11, 16, 159, 0, 16, 44, 1089 }, // U+00C8
    { 11, 16, 159, 0, 16, 44, 1133 }, // U+00C9
    { 11, 16, 159, 0, 16, 44, 1177 }, // U+00CA
    { 11, 16, 159, 0, 16, 44, 1221 }, // U+00CB
    { 5, 16, 70, 0, 16, 20, 1265 }, // U+00CC
    { 7, 16, 70, 0, 16, 28, 1285 }, // U+00CD
    { 7, 16, 70, 0, 16, 28, 1313 }, // U+00CE
    { 7, 16, 70, 0, 16, 28, 1341 }, // U+00CF
    { 12, 13, 195, 0, 13, 39, 1369 }, // U+00D0
    { 13, 16, 198, 0, 16, 52, 1408 }, // U+00D1
    { 12, 17, 203, 1, 16, 51, 1460 }, // U+00D2
    { 12, 17, 203, 1, 16, 51, 1511 }, // U+00D3
    { 12, 17, 203, 1, 16, 51, 1562 }, // U+00D4
    { 12, 17, 203, 1, 16, 51, 1613 }, // U+00D5
    { 12, 17, 203, 1, 16, 51, 1664 }, // U+00D6
    { 9, 9, 175, 1, 9, 21, 1715 }, // U+00D7
    { 13, 14, 203, 0, 13, 46, 1736 }, // U+00D8
    { 12, 17, 196, 1, 16, 51, 1782 }, // U+00D9
    { 12, 17, 196, 1, 16, 51, 1833 }, // U+00DA
    { 12, 17, 196, 1, 16, 51, 1884 }, // U+00DB
    { 12, 17, 196, 1, 16, 51, 1935 }, // U+00DC
    { 12, 16, 179, 1, 16, 48, 1986 }, // U+00DD
    { 10, 13, 168, 0, 13, 33, 2034 }, // U+00DE
    { 10, 13, 162, 0, 13, 33, 2067 }, // U+00DF
    { 10, 14, 161, 0, 13, 35, 2100 }, // U+00E0
    { 10, 14, 161, 0, 13, 35, 2135 }, // U+00E1
    { 10, 14, 161, 0, 13, 35, 2170 }, // U+00E2
    { 10, 14, 161, 0, 13, 35, 2205 }, // U+00E3
    { 10, 14, 161, 0, 13, 35, 2240 }, // U+00E4
    { 10, 15, 161, 0, 14, 38, 2275 }, // U+00E5
    { 15, 11, 239, 0, 10, 42, 2313 }, // U+00E6
    { 9, 14, 150, 0, 10, 32, 2355 }, // U+00E7
    { 9, 14, 151, 0, 13, 32, 2387 }, // U+00E8
    { 9, 14, 151, 0, 13, 32, 2419 }, // U+00E9
    { 9, 14, 151, 0, 13, 32, 2451 }, // U+00EA
    { 9, 14, 151, 0, 13, 32, 2483 }, // U+00EB
    { 4, 13, 63, 0, 13, 13, 2515 }, // U+00EC
    { 6, 13, 63, 0, 13, 20, 2528 }, // U+00ED
    { 6, 13, 63, 0, 13, 20, 2548 }, // U+00EE
    { 6, 13, 63, 0, 13, 20, 2568 }, // U+00EF
    { 10, 14, 153, 0, 13, 35, 2588 }, // U+00F0
    { 9, 13, 155, 0, 13, 30, 2623 }, // U+00F1
    { 10, 14, 157, 0, 13, 35, 2653 }, // U+00F2
    { 10, 14, 157, 0, 13, 35, 2688 }, // U+00F3
    { 10, 14, 157, 0, 13, 35, 2723 }, // U+00F4
    { 10, 14, 157, 0, 13, 35, 2758 }, // U+00F5
    { 10, 14, 157, 0, 13, 35, 2793 }, // U+00F6
    { 9, 9, 175, 1, 9, 21, 2828 }, // U+00F7
    { 11, 11, 157, -1, 10, 31, 2849 }, // U+00F8
    { 10, 14, 155, 0, 13, 35, 2880 }, // U+00F9
    { 10, 14, 155, 0, 13, 35, 2915 }, // U+00FA
    { 10, 14, 155, 0, 13, 35, 2950 }, // U+00FB
    { 10, 14, 155, 0, 13, 35, 2985 }, // U+00FC
    { 11, 17, 147, -1, 13, 47, 3020 }, // U+00FD
    { 11, 17, 160, -1, 13, 47, 3067 }, // U+00FE
    { 11, 17, 147, -1, 13, 47, 3114 }, // U+00FF
    { 12, 15, 182, -1, 15, 45, 0 }, // U+0100
    { 10, 13, 161, 0, 12, 33, 45 }, // U+0101
    { 12, 16, 182, -1, 16, 48, 78 }, // U+0102
    { 10, 14, 161, 0, 13, 35, 126 }, // U+0103
    { 12, 17, 182, -1, 13, 51, 161 }, // U+0104
    { 10, 14, 161, 0, 10, 35, 212 }, // U+0105
    { 11, 17, 194, 1, 16, 47, 247 }, // U+0106
    { 9, 14, 150, 0, 13, 32, 294 }, // U+0107
    { 11, 17, 194, 1, 16, 47, 326 }, // U+0108
    { 9, 14, 150, 0, 13, 32, 373 }, // U+0109
    { 11, 17, 194, 1, 16, 47, 405 }, // U+010A
    { 9, 14, 150, 0, 13, 32, 452 }, // U+010B
    { 11, 17, 194, 1, 16, 47, 484 }, // U+010C
    { 9, 14, 150, 0, 13, 32, 531 }, // U+010D
    { 12, 16, 191, 0, 16, 48, 563 }, // U+010E
    { 13, 14, 181, 0, 13, 46, 611 }, // U+010F
    { 12, 13, 195, 0, 13, 39, 657 }, // U+0110
    { 12, 14, 161, 0, 13, 42, 696 }, // U+0111
    { 11, 15, 159, 0, 15, 42, 738 }, // U+0112
    { 9, 13, 151, 0, 12, 30, 780 }, // U+0113
    { 11, 16, 159, 0, 16, 44, 810 }, // U+0114
    { 9, 14, 151, 0, 13, 32, 854 }, // U+0115
    { 11, 16, 159, 0, 16, 44, 886 }, // U+0116
    { 9, 14, 151, 0, 13, 32, 930 }, // U+0117
    { 11, 17, 159, 0, 13, 47, 962 }, // U+0118
    { 9, 14, 151, 0, 10, 32, 1009 }, // U+0119
    { 11, 16, 159, 0, 16, 44, 1041 }, // U+011A
    { 9, 14, 151, 0, 13, 32, 1085 }, // U+011B
    { 11, 17, 198, 1, 16, 47, 1117 }, // U+011C
    { 10, 17, 161, 0, 13, 43, 1164 }, // U+011D
    { 11, 17, 198, 1, 16, 47, 1207 }, // U+011E
    { 10, 17, 161, 0, 13, 43, 1254 }, // U+011F
    { 11, 17, 198, 1, 16, 47, 1297 }, // U+0120
    { 10, 17, 161, 0, 13, 43, 1344 }, // U+0121
    { 11, 18, 198, 1, 13, 50, 1387 }, // U+0122
    { 10, 18, 161, 0, 14, 45, 1437 }, // U+0123
    { 13, 16, 196, 0, 16, 52, 1482 }, // U+0124
    { 9, 16, 155, 0, 16, 36, 1534 }, // U+0125
    { 13, 13, 205, 0, 13, 43, 1570 }, // U+0126
    { 9, 13, 155, 0, 13, 30, 1613 }, // U+0127
    { 7, 16, 70, 0, 16, 28, 1643 }, // U+0128
    { 6, 13, 63, 0, 13, 20, 1671 }, // U+0129
    { 7, 15, 70, 0, 15, 27, 1691 }, // U+012A
    { 6, 12, 63, 0, 12, 18, 1718 }, // U+012B
    { 7, 16, 70, 0, 16, 28, 1736 }, // U+012C
    { 6, 13, 63, 0, 13, 20, 1764 }, // U+012D
    { 7, 17, 70, -2, 13, 30, 1784 }, // U+012E
    { 7, 17, 63, -2, 13, 30, 1814 }, // U+012F
    { 5, 16, 70, 0, 16, 20, 1844 }, // U+0130
    { 4, 9, 63, 0, 9, 9, 1864 }, // U+0131
    { 14, 14, 220, 0, 13, 49, 1873 }, // U+0132
    { 9, 17, 125, 0, 13, 39, 1922 }, // U+0133
    { 12, 17, 150, 0, 16, 51, 1961 }, // U+0134
    { 8, 17, 63, -2, 13, 34, 2012 }, // U+0135
    { 12, 18, 177, 0, 13, 54, 2046 }, // U+0136
    { 10, 18, 144, 0, 13, 45, 2100 }, // U+0137
    { 10, 9, 138, 0, 9, 23, 2145 }, // U+0138
    { 9, 16, 149, 0, 16, 36, 2168 }, // U+0139
    { 6, 16, 63, 0, 16, 24, 2204 }, // U+013A
    { 9, 18, 149, 0, 13, 41, 2228 }, // U+013B
    { 5, 18, 63, -1, 13, 23, 2269 }, // U+013C
    { 9, 13, 149, 0, 13, 30, 2292 }, // U+013D
    { 7, 13, 79, 0, 13, 23, 2322 }, // U+013E
    { 9, 13, 148, 0, 13, 30, 2345 }, // U+013F
    { 7, 13, 94, 0, 13, 23, 2375 }, // U+0140
    { 9, 13, 149, 0, 13, 30, 2398 }, // U+0141
    { 6, 13, 63, -1, 13, 20, 2428 }, // U+0142
    { 13, 16, 198, 0, 16, 52, 2448 }, // U+0143
    { 9, 13, 155, 0, 13, 30, 2500 }, // U+0144
    { 13, 18, 198, 0, 13, 59, 2530 }, // U+0145
    { 9, 15, 155, 0, 10, 34, 2589 }, // U+0146
    { 13, 16, 198, 0, 16, 52, 2623 }, // U+0147
    { 9, 13, 155, 0, 13, 30, 2675 }, // U+0148
    { 13, 17, 198, 0, 13, 56, 2705 }, // U+014A
    { 9, 14, 155, 0, 10, 32, 2761 }, // U+014B
    { 12, 16, 203, 1, 15, 48, 2793 }, // U+014C
    { 10, 13, 157, 0, 12, 33, 2841 }, // U+014D
    { 12, 17, 203, 1, 16, 51, 2874 }, // U+014E
    { 10, 14, 157, 0, 13, 35, 2925 }, // U+014F
    { 12, 17, 203, 1, 16, 51, 2960 }, // U+0150
    { 10, 14, 157, 0, 13, 35, 3011 }, // U+0151
    { 17, 13, 257, 0, 13, 56, 3046 }, // U+0152
    { 16, 11, 260, 0, 10, 44, 3102 }, // U+0153
    { 11, 16, 171, 0, 16, 44, 3146 }, // U+0154
    { 7, 13, 97, 0, 13, 23, 3190 }, // U+0155
    { 11, 18, 171, 0, 13, 50, 3213 }, // U+0156
    { 8, 15, 97, -1, 10, 30, 3263 }, // U+0157
    { 11, 16, 171, 0, 16, 44, 3293 }, // U+0158
    { 8, 13, 97, 0, 13, 26, 3337 }, // U+0159
    { 11, 17, 169, 0, 16, 47, 3363 }, // U+015A
    { 9, 14, 138, 0, 13, 32, 3410 }, // U+015B
    { 11, 17, 169, 0, 16, 47, 3442 }, // U+015C
    { 9, 14, 138, 0, 13, 32, 3489 }, // U+015D
    { 11, 17, 169, 0, 13, 47, 3521 }, // U+015E
    { 9, 14, 138, 0, 10, 32, 3568 }, // U+015F
    { 11, 17, 169, 0, 16, 47, 3600 }, // U+0160
    { 9, 14, 138, 0, 13, 32, 3647 }, // U+0161
    { 11, 17, 170, 1, 13, 47, 3679 }, // U+0162
    { 6, 16, 86, 0, 12, 24, 3726 }, // U+0163
    { 11, 16, 170, 1, 16, 44, 3750 }, // U+0164
    { 7, 14, 86, 0, 13, 25, 3794 }, // U+0165
    { 11, 13, 170, 1, 13, 36, 3819 }, // U+0166
    { 6, 13, 87, 0, 12, 20, 3855 }, // U+0167
    { 12, 17, 196, 1, 16, 51, 3875 }, // U+0168
    { 10, 14, 155, 0, 13, 35, 3926 }, // U+0169
    { 12, 16, 196, 1, 15, 48, 3961 }, // U+016A
    { 10, 13, 155, 0, 12, 33, 4009 }, // U+016B
    { 12, 17, 196, 1, 16, 51, 4042 }, // U+016C
    { 10, 14, 155, 0, 13, 35, 4093 }, // U+016D
    { 12, 18, 196, 1, 17, 54, 4128 }, // U+016E
    { 10, 15, 155, 0, 14, 38, 4182 }, // U+016F
    { 12, 17, 196, 1, 16, 51, 4220 }, // U+0170
    { 10, 14, 155, 0, 13, 35, 4271 }, // U+0171
    { 12, 17, 196, 1, 13, 51, 4306 }, // U+0172
    { 10, 13, 155, 0, 9, 33, 4357 }, // U+0173
    { 17, 16, 261, 1, 16, 68, 4390 }, // U+0174
    { 13, 13, 214, 1, 13, 43, 4458 }, // U+0175
    { 12, 16, 179, 1, 16, 48, 4501 }, // U+0176
    { 11, 17, 147, -1, 13, 47, 4549 }, // U+0177
    { 12, 16, 179, 1, 16, 48, 4596 }, // U+0178
    { 11, 16, 166, 0, 16, 44, 4644 }, // U+0179
    { 9, 13, 143, 0, 13, 30, 4688 }, // U+017A
    { 11, 16, 166, 0, 16, 44, 4718 }, // U+017B
    { 9, 13, 143, 0, 13, 30, 4762 }, // U+017C
    { 11, 16, 166, 0, 16, 44, 4792 }, // U+017D
    { 9, 13, 143, 0, 13, 30, 4836 }, // U+017E
    { 10, 17, 80, -3, 13, 43, 4866 }, // U+017F
    { 21, 13, 333, 0, 13, 69, 0 }, // U+01C5
    { 18, 14, 281, 0, 13, 63, 69 }, // U+01C6
    { 19, 14, 299, 0, 13, 67, 132 }, // U+01C7
    { 14, 17, 212, 0, 13, 60, 199 }, // U+01C8
    { 9, 17, 125, 0, 13, 39, 259 }, // U+01C9
    { 22, 14, 349, 0, 13, 77, 298 }, // U+01CA
    { 17, 17, 261, 0, 13, 73, 375 }, // U+01CB
    { 14, 17, 218, 0, 13, 60, 448 }, // U+01CC
    { 12, 16, 182, -1, 16, 48, 508 }, // U+01CD
    { 10, 14, 161, 0, 13, 35, 556 }, // U+01CE
    { 7, 16, 70, 0, 16, 28, 591 }, // U+01CF
    { 6, 13, 63, 0, 13, 20, 619 }, // U+01D0
    { 12, 17, 203, 1, 16, 51, 639 }, // U+01D1
    { 10, 14, 157, 0, 13, 35, 690 }, // U+01D2
    { 12, 17, 196, 1, 16, 51, 725 }, // U+01D3
    { 10, 14, 155, 0, 13, 35, 776 }, // U+01D4
    { 12, 19, 196, 1, 18, 57, 811 }, // U+01D5
    { 10, 16, 155, 0, 15, 40, 868 }, // U+01D6
    { 12, 20, 196, 1, 19, 60, 908 }, // U+01D7
    { 10, 17, 155, 0, 16, 43, 968 }, // U+01D8
    { 12, 20, 196, 1, 19, 60, 1011 }, // U+01D9
    { 10, 17, 155, 0, 16, 43, 1071 }, // U+01DA
    { 12, 20, 196, 1, 19, 60, 1114 }, // U+01DB
    { 10, 17, 155, 0, 16, 43, 1174 }, // U+01DC
    { 9, 11, 151, 0, 10, 25, 1217 }, // U+01DD
    { 12, 18, 182, -1, 18, 54, 1242 }, // U+01DE
    { 10, 16, 161, 0, 15, 40, 1296 }, // U+01DF
    { 12, 18, 182, -1, 18, 54, 1336 }, // U+01E0
    { 10, 16, 161, 0, 15, 40, 1390 }, // U+01E1
    { 18, 15, 262, -1, 15, 68, 1430 }, // U+01E2
    { 15, 13, 239, 0, 12, 49, 1498 }, // U+01E3
    { 11, 14, 198, 1, 13, 39, 1547 }, // U+01E4
    { 11, 14, 161, 0, 10, 39, 1586 }, // U+01E5
    { 11, 17, 198, 1, 16, 47, 1625 }, // U+01E6
    { 10, 17, 161, 0, 13, 43, 1672 }, // U+01E7
    { 12, 16, 177, 0, 16, 48, 1715 }, // U+01E8
    { 10, 16, 144, 0, 16, 40, 1763 }, // U+01E9
    { 12, 17, 203, 1, 13, 51, 1803 }, // U+01EA
    { 10, 14, 157, 0, 10, 35, 1854 }, // U+01EB
    { 12, 19, 203, 1, 15, 57, 1889 }, // U+01EC
    { 10, 16, 157, 0, 12, 40, 1946 }, // U+01ED
    { 13, 22, 180, -1, 18, 72, 1986 }, // U+01EE
    { 10, 17, 164, 0, 13, 43, 2058 }, // U+01EF
    { 8, 17, 63, -2, 13, 34, 2101 }, // U+01F0
    { 23, 13, 356, 0, 13, 75, 2135 }, // U+01F1
    { 21, 13, 333, 0, 13, 69, 2210 }, // U+01F2
    { 18, 14, 281, 0, 13, 63, 2279 }, // U+01F3
    { 11, 17, 198, 1, 16, 47, 2342 }, // U+01F4
    { 10, 17, 161, 0, 13, 43, 2389 }, // U+01F5
    { 18, 14, 293, 0, 13, 63, 2432 }, // U+01F6
    { 12, 17, 167, -1, 13, 51, 2495 }, // U+01F7
    { 13, 16, 198, 0, 16, 52, 2546 }, // U+01F8
    { 9, 13, 155, 0, 13, 30, 2598 }, // U+01F9
    { 12, 19, 182, -1, 19, 57, 2628 }, // U+01FA
    { 10, 17, 161, 0, 16, 43, 2685 }, // U+01FB
    { 18, 16, 262, -1, 16, 72, 2728 }, // U+01FC
    { 15, 14, 239, 0, 13, 53, 2800 }, // U+01FD
    { 13, 17, 203, 0, 16, 56, 2853 }, // U+01FE
    { 11, 14, 157, -1, 13, 39, 2909 }, // U+01FF
    { 12, 16, 182, -1, 16, 48, 2948 }, // U+0200
    { 10, 14, 161, 0, 13, 35, 2996 }, // U+0201
    { 12, 16, 182, -1, 16, 48, 3031 }, // U+0202
    { 10, 14, 161, 0, 13, 35, 3079 }, // U+0203
    { 11, 16, 159, 0, 16, 44, 3114 }, // U+0204
    { 9, 14, 151, 0, 13, 32, 3158 }, // U+0205
    { 11, 16, 159, 0, 16, 44, 3190 }, // U+0206
    { 9, 14, 151, 0, 13, 32, 3234 }, // U+0207
    { 6, 16, 70, 0, 16, 24, 3266 }, // U+0208
    { 6, 13, 63, -1, 13, 20, 3290 }, // U+0209
    { 7, 16, 70, 0, 16, 28, 3310 }, // U+020A
    { 6, 13, 63, 0, 13, 20, 3338 }, // U+020B
    { 12, 17, 203, 1, 16, 51, 3358 }, // U+020C
    { 10, 14, 157, 0, 13, 35, 3409 }, // U+020D
    { 12, 17, 203, 1, 16, 51, 3444 }, // U+020E
    { 10, 14, 157, 0, 13, 35, 3495 }, // U+020F
    { 11, 16, 171, 0, 16, 44, 3530 }, // U+0210
    { 7, 13, 97, 0, 13, 23, 3574 }, // U+0211
    { 11, 16, 171, 0, 16, 44, 3597 }, // U+0212
    { 7, 13, 97, 0, 13, 23, 3641 }, // U+0213
    { 12, 17, 196, 1, 16, 51, 3664 }, // U+0214
    { 10, 14, 155, 0, 13, 35, 3715 }, // U+0215
    { 12, 17, 196, 1, 16, 51, 3750 }, // U+0216
    { 10, 14, 155, 0, 13, 35, 3801 }, // U+0217
    { 11, 18, 169, 0, 13, 50, 3836 }, // U+0218
    { 9, 15, 138, 0, 10, 34, 3886 }, // U+0219
    { 11, 18, 170, 1, 13, 50, 3920 }, // U+021A
    { 6, 17, 86, 0, 12, 26, 3970 }, // U+021B
    { 11, 17, 167, 0, 13, 47, 3996 }, // U+021C
    { 9, 14, 143, 0, 10, 32, 4043 }, // U+021D
    { 13, 16, 196, 0, 16, 52, 4075 }, // U+021E
    { 9, 16, 155, 0, 16, 36, 4127 }, // U+021F
    { 3, 3, 0, 2, 13, 3, 0 }, // U+0300
    { 4, 3, 0, 1, 13, 3, 3 }, // U+0301
    { 6, 3, 0, 1, 13, 5, 6 }, // U+0302
    { 6, 3, 0, 2, 13, 5, 11 }, // U+0303
    { 6, 2, 0, 2, 12, 3, 16 }, // U+0304
    { 5, 3, 0, 2, 13, 4, 19 }, // U+0306
    { 3, 3, 0, 2, 13, 3, 23 }, // U+0307
    { 6, 3, 0, 3, 13, 5, 26 }, // U+0308
    { 3, 3, 0, 2, 13, 3, 31 }, // U+0309
    { 5, 5, 0, 1, 14, 7, 34 }, // U+030A
    { 6, 3, 0, 2, 13, 5, 41 }, // U+030C
    { 6, 3, 0, 2, 13, 5, 46 }, // U+030F
    { 4, 6, 0, 3, 9, 6, 51 }, // U+0313
    { 4, 6, 0, 3, 9, 6, 57 }, // U+0315
    { 4, 4, 0, -3, 12, 4, 63 }, // U+031B
    { 3, 3, 62, -1, -1, 3, 67 }, // U+0323
    { 3, 4, 0, -8, -1, 3, 70 }, // U+0326
    { 5, 5, 0, -1, 1, 7, 73 }, // U+0327
    { 4, 5, 0, -1, 1, 5, 80 }, // U+0328
    { 7, 3, 0, -1, -1, 6, 85 }, // U+032C
    { 10, 12, 0, -10, 10, 30, 91 }, // U+0337
    { 13, 14, 0, -11, 13, 46, 121 }, // U+0338
    { 6, 3, 0, -6, 13, 5, 167 }, // U+0342
    { 4, 5, 0, 0, 11, 5, 172 }, // U+0343
    { 7, 4, 0, -7, 14, 7, 177 }, // U+0346
    { 6, 4, 0, -9, -2, 6, 184 }, // U+0347
    { 5, 4, 0, -6, 0, 5, 190 }, // U+0348
    { 5, 5, 0, -8, 0, 7, 195 }, // U+0349
    { 8, 4, 0, -8, 13, 8, 202 }, // U+034A
    { 8, 7, 0, -8, 16, 14, 210 }, // U+034B
    { 7, 4, 0, -7, 14, 7, 224 }, // U+034C
    { 8, 5, 0, -10, 0, 10, 231 }, // U+034D
    { 5, 5, 0, -9, 0, 7, 241 }, // U+034E
    { 0, 0, 0, 0, 0, 0, 248 }, // U+034F
    { 7, 7, 0, -7, 17, 13, 248 }, // U+0350
    { 3, 4, 0, -5, 13, 3, 261 }, // U+0351
    { 6, 5, 0, -7, 14, 8, 264 }, // U+0352
    { 5, 5, 0, -8, 0, 7, 272 }, // U+0353
    { 6, 5, 0, -8, 0, 8, 279 }, // U+0354
    { 6, 5, 0, -8, 0, 8, 287 }, // U+0355
    { 9, 5, 0, -9, 0, 12, 295 }, // U+0356
    { 3, 5, 0, 1, 14, 4, 307 }, // U+0357
    { 3, 3, 0, 2, 13, 3, 311 }, // U+0358
    { 4, 5, 0, -8, 0, 5, 314 }, // U+0359
    { 8, 4, 0, -10, 0, 8, 319 }, // U+035A
    { 5, 5, 0, -6, 14, 7, 327 }, // U+035B
    { 12, 4, 0, -5, 0, 12, 334 }, // U+035C
    { 12, 4, 0, -5, 13, 12, 346 }, // U+035D
    { 11, 3, 0, -9, 13, 9, 358 }, // U+035E
    { 10, 3, 0, -11, -1, 8, 367 }, // U+035F
    { 16, 3, 0, -7, 13, 12, 375 }, // U+0360
    { 12, 4, 0, -5, 13, 12, 387 }, // U+0361
    { 13, 5, 0, -7, 0, 17, 399 }, // U+0362
    { 5, 6, 0, -6, 15, 8, 416 }, // U+0363
    { 5, 6, 0, -6, 15, 8, 424 }, // U+0364
    { 3, 7, 0, -5, 16, 6, 432 }, // U+0365
    { 5, 6, 0, -6, 15, 8, 438 }, // U+0366
    { 5, 6, 0, -6, 15, 8, 446 }, // U+0367
    { 5, 6, 0, -6, 15, 8, 454 }, // U+0368
    { 6, 8, 0, -6, 17, 12, 462 }, // U+0369
    { 5, 8, 0, -6, 17, 10, 474 }, // U+036A
    { 9, 6, 0, -8, 15, 14, 484 }, // U+036B
    { 4, 6, 0, -5, 15, 6, 498 }, // U+036C
    { 4, 7, 0, 1, 16, 7, 504 }, // U+036D
    { 6, 6, 0, -6, 15, 9, 511 }, // U+036E
    { 6, 6, 0, -6, 15, 9, 520 }, // U+036F
    { 0, 0, 146, 0, 0, 0, 0 }, // U+2000
    { 0, 0, 291, 0, 0, 0, 0 }, // U+2001
    { 0, 0, 133, 0, 0, 0, 0 }, // U+2002
    { 0, 0, 267, 0, 0, 0, 0 }, // U+2003
    { 0, 0, 89, 0, 0, 0, 0 }, // U+2004
    { 0, 0, 67, 0, 0, 0, 0 }, // U+2005
    { 0, 0, 44, 0, 0, 0, 0 }, // U+2006
    { 0, 0, 173, 0, 0, 0, 0 }, // U+2007
    { 0, 0, 73, 0, 0, 0, 0 }, // U+2008
    { 0, 0, 47, 0, 0, 0, 0 }, // U+2009
    { 0, 0, 22, 0, 0, 0, 0 }, // U+200A
    { 0, 0, 0, 0, 0, 0, 0 }, // U+200B
    { 6, 2, 94, 0, 6, 3, 0 }, // U+2010
    { 6, 2, 94, 0, 6, 3, 3 }, // U+2011
    { 11, 3, 173, 0, 7, 9, 6 }, // U+2012
    { 9, 2, 134, 0, 6, 5, 15 }, // U+2013
    { 17, 2, 267, 0, 6, 9, 20 }, // U+2014
    { 17, 2, 267, 0, 6, 9, 29 }, // U+2015
    { 8, 21, 126, 0, 17, 42, 38 }, // U+2016
    { 9, 4, 119, -2, 0, 9, 80 }, // U+2017
    { 4, 6, 75, 1, 13, 6, 89 }, // U+2018
    { 4, 6, 75, 1, 13, 6, 95 }, // U+2019
    { 5, 6, 75, -1, 3, 8, 101 }, // U+201A
    { 3, 6, 75, 2, 13, 5, 109 }, // U+201B
    { 7, 6, 121, 1, 13, 11, 114 }, // U+201C
    { 7, 6, 121, 1, 13, 11, 125 }, // U+201D
    { 7, 6, 121, -1, 3, 11, 136 }, // U+201E
    { 5, 6, 121, 2, 13, 8, 147 }, // U+201F
    { 8, 10, 128, 1, 13, 20, 155 }, // U+2020
    { 9, 13, 129, 0, 13, 30, 175 }, // U+2021
    { 7, 6, 146, 1, 8, 11, 205 }, // U+2022
    { 6, 6, 146, 2, 8, 9, 216 }, // U+2023
    { 3, 4, 73, 0, 3, 3, 225 }, // U+2024
    { 8, 4, 145, 0, 3, 8, 228 }, // U+2025
    { 12, 4, 218, 0, 3, 12, 236 }, // U+2026
    { 3, 4, 73, 1, 8, 3, 248 }, // U+2027
    { 0, 0, 47, 0, 0, 0, 251 }, // U+202F
    { 18, 14, 347, 2, 13, 63, 251 }, // U+2030
    { 24, 14, 440, 2, 13, 84, 314 }, // U+2031
    { 4, 6, 57, 1, 13, 6, 398 }, // U+2032
    { 7, 6, 114, 1, 13, 11, 404 }, // U+2033
    { 11, 6, 171, 1, 13, 17, 415 }, // U+2034
    { 2, 6, 57, 2, 13, 3, 432 }, // U+2035
    { 6, 6, 114, 2, 13, 9, 435 }, // U+2036
    { 9, 6, 171, 2, 13, 14, 444 }, // U+2037
    { 7, 5, 119, -1, 0, 9, 458 }, // U+2038
    { 7, 8, 99, 0, 9, 14, 467 }, // U+2039
    { 6, 8, 99, 0, 9, 12, 481 }, // U+203A
    { 10, 10, 168, 0, 11, 25, 493 }, // U+203B
    { 9, 14, 145, 0, 13, 32, 518 }, // U+203C
    { 8, 14, 134, 1, 13, 28, 550 }, // U+203D
    { 9, 2, 142, -1, 14, 5, 578 }, // U+203E
    { 13, 4, 216, -1, 0, 13, 583 }, // U+203F
    { 13, 4, 216, 1, 13, 13, 596 }, // U+2040
    { 8, 10, 119, -1, 5, 20, 609 }, // U+2041
    { 11, 10, 191, 0, 11, 28, 629 }, // U+2042
    { 5, 2, 146, 2, 6, 3, 657 }, // U+2043
    { 13, 13, 47, -5, 13, 43, 660 }, // U+2044
    { 7, 16, 93, 0, 13, 28, 703 }, // U+2045
    { 7, 16, 94, -1, 13, 28, 731 }, // U+2046
    { 17, 14, 274, 1, 13, 60, 759 }, // U+2047
    { 12, 14, 210, 1, 13, 42, 819 }, // U+2048
    { 14, 14, 210, 0, 13, 49, 861 }, // U+2049
    { 7, 13, 134, 1, 9, 23, 910 }, // U+204A
    { 10, 13, 158, 0, 13, 33, 933 }, // U+204B
    { 9, 8, 156, 1, 9, 18, 966 }, // U+204C
    { 9, 8, 156, 0, 9, 18, 984 }, // U+204D
    { 8, 8, 132, 0, 7, 16, 1002 }, // U+204E
    { 3, 12, 76, 1, 9, 9, 1018 }, // U+204F
    { 15, 17, 215, -1, 13, 64, 1027 }, // U+2050
    { 8, 16, 142, 2, 13, 32, 1091 }, // U+2051
    { 13, 13, 190, 0, 13, 43, 1123 }, // U+2052
    { 11, 4, 191, 1, 8, 11, 1166 }, // U+2053
    { 13, 4, 216, -1, 0, 13, 1177 }, // U+2054
    { 9, 8, 144, 0, 8, 18, 1190 }, // U+2055
    { 14, 6, 228, 1, 13, 21, 1208 }, // U+2057
    { 0, 0, 73, 0, 0, 0, 1229 }, // U+205F
    { 8, 7, 120, 1, 14, 14, 0 }, // U+2070
    { 3, 8, 51, 1, 15, 6, 14 }, // U+2071
    { 7, 7, 120, 1, 14, 13, 20 }, // U+2074
    { 7, 7, 114, 1, 14, 13, 33 }, // U+2075
    { 7, 7, 116, 1, 14, 13, 46 }, // U+2076
    { 7, 7, 106, 1, 14, 13, 59 }, // U+2077
    { 7, 7, 117, 1, 14, 13, 72 }, // U+2078
    { 7, 7, 116, 1, 14, 13, 85 }, // U+2079
    { 7, 5, 114, 1, 13, 9, 98 }, // U+207A
    { 7, 2, 114, 1, 11, 4, 107 }, // U+207B
    { 7, 4, 114, 1, 12, 7, 111 }, // U+207C
    { 5, 9, 69, 1, 15, 12, 118 }, // U+207D
    { 5, 9, 69, 0, 15, 12, 130 }, // U+207E
    { 7, 6, 113, 1, 13, 11, 142 }, // U+207F
    { 8, 7, 120, -1, 4, 14, 153 }, // U+2080
    { 4, 7, 79, 0, 4, 7, 167 }, // U+2081
    { 7, 7, 115, -1, 4, 13, 174 }, // U+2082
    { 8, 7, 116, -1, 4, 14, 187 }, // U+2083
    { 8, 7, 120, -1, 4, 14, 201 }, // U+2084
    { 7, 7, 114, -1, 4, 13, 215 }, // U+2085
    { 8, 7, 116, -1, 4, 14, 228 }, // U+2086
    { 6, 7, 106, 0, 4, 11, 242 }, // U+2087
    { 8, 7, 117, -1, 4, 14, 253 }, // U+2088
    { 8, 7, 116, -1, 4, 14, 267 }, // U+2089
    { 6, 5, 114, 0, 3, 8, 281 }, // U+208A
    { 6, 2, 114, 0, 1, 3, 289 }, // U+208B
    { 6, 4, 114, 0, 2, 6, 292 }, // U+208C
    { 4, 9, 69, 0, 5, 9, 298 }, // U+208D
    { 4, 9, 69, -1, 5, 9, 307 }, // U+208E
    { 7, 6, 113, -1, 3, 11, 316 }, // U+2090
    { 7, 6, 107, -1, 3, 11, 327 }, // U+2091
    { 7, 6, 111, -1, 3, 11, 338 }, // U+2092
    { 7, 6, 104, -1, 3, 11, 349 }, // U+2093
    { 8, 8, 118, -1, 4, 16, 360 }, // U+2094
    { 7, 7, 113, -1, 4, 13, 376 }, // U+2095
    { 7, 7, 103, -1, 4, 13, 389 }, // U+2096
    { 4, 7, 51, -1, 4, 7, 402 }, // U+2097
    { 10, 6, 162, -1, 3, 15, 409 }, // U+2098
    { 7, 6, 113, -1, 3, 11, 424 }, // U+2099
    { 7, 8, 113, -1, 3, 14, 435 }, // U+209A
    { 6, 6, 101, -1, 3, 9, 449 }, // U+209B
    { 5, 7, 66, -1, 4, 9, 458 }, // U+209C
    { 11, 14, 192, 1, 13, 39, 0 }, // U+20A0
    { 11, 16, 194, 1, 14, 44, 39 }, // U+20A1
    { 12, 14, 193, 0, 13, 42, 83 }, // U+20A2
    { 12, 13, 160, -1, 13, 39, 125 }, // U+20A3
    { 11, 13, 161, 0, 13, 36, 164 }, // U+20A4
    { 14, 13, 227, 0, 11, 46, 200 }, // U+20A5
    { 13, 13, 203, 0, 13, 43, 246 }, // U+20A6
    { 19, 14, 299, 0, 13, 67, 289 }, // U+20A7
    { 18, 14, 296, 0, 13, 63, 356 }, // U+20A8
    { 17, 13, 252, 0, 13, 56, 419 }, // U+20A9
    { 13, 10, 215, 0, 10, 33, 475 }, // U+20AA
    { 13, 17, 161, -1, 13, 56, 508 }, // U+20AB
    { 12, 14, 176, 0, 13, 42, 564 }, // U+20AC
    { 13, 13, 189, 0, 13, 43, 606 }, // U+20AD
    { 11, 13, 170, 1, 13, 36, 649 }, // U+20AE
    { 23, 18, 367, 0, 14, 104, 685 }, // U+20AF
    { 12, 13, 176, 0, 13, 39, 789 }, // U+20B1
    { 11, 16, 198, 1, 14, 44, 828 }, // U+20B2
    { 13, 13, 182, -1, 13, 43, 872 }, // U+20B3
    { 11, 14, 167, 0, 13, 39, 915 }, // U+20B4
    { 11, 16, 194, 1, 14, 44, 954 }, // U+20B5
    { 11, 13, 170, 1, 13, 36, 998 }, // U+20B8
    { 10, 13, 142, 0, 13, 33, 1034 }, // U+20B9
    { 9, 14, 156, 0, 13, 32, 1067 }, // U+20BA
    { 11, 10, 192, 0, 10, 28, 1099 }, // U+20BC
    { 12, 13, 185, 0, 13, 39, 1127 }, // U+20BD
    { 12, 13, 191, 0, 13, 39, 1166 }, // U+20BE
    { 11, 16, 174, 0, 14, 44, 1205 }, // U+20BF
    { 14, 11, 253, 1, 11, 39, 0 }, // U+2190
    { 11, 13, 221, 2, 13, 36, 39 }, // U+2191
    { 13, 11, 253, 2, 11, 36, 75 }, // U+2192
    { 12, 14, 221, 1, 13, 42, 111 }, // U+2193
    { 20, 11, 356, 1, 11, 55, 153 }, // U+2194
    { 13, 20, 221, 1, 15, 65, 208 }, // U+2195
    { 10, 10, 204, 1, 9, 25, 273 }, // U+2196
    { 11, 10, 204, 1, 9, 28, 298 }, // U+2197
    { 10, 10, 204, 2, 10, 25, 326 }, // U+2198
    { 11, 10, 204, 1, 10, 28, 351 }, // U+2199
    { 18, 13, 303, 1, 13, 59, 379 }, // U+21A9
    { 17, 13, 303, 1, 13, 56, 438 }, // U+21AA
    { 14, 13, 262, 2, 13, 46, 494 }, // U+21B0
    { 16, 13, 261, 0, 13, 52, 540 }, // U+21B1
    { 14, 12, 261, 1, 13, 42, 592 }, // U+21B3
    { 10, 14, 220, 2, 13, 35, 634 }, // U+21B4
    { 15, 12, 261, 1, 13, 45, 669 }, // U+21B5
    { 14, 15, 253, 1, 15, 53, 714 }, // U+21BA
    { 14, 15, 253, 1, 15, 53, 767 }, // U+21BB
    { 14, 12, 253, 1, 11, 42, 820 }, // U+21D0
    { 14, 12, 253, 1, 11, 42, 862 }, // U+21D2
    { 20, 12, 356, 1, 11, 60, 904 }, // U+21D4
    { 8, 13, 160, 2, 13, 26, 964 }, // U+21DE
    { 8, 14, 160, 1, 13, 28, 990 }, // U+21DF
    { 15, 8, 269, 1, 10, 30, 1018 }, // U+21E4
    { 16, 8, 269, 1, 10, 32, 1048 }, // U+21E5
    { 15, 14, 273, 1, 14, 53, 1080 }, // U+21E7
    { 15, 17, 273, 1, 14, 64, 1133 }, // U+21EA
    { 9, 14, 167, 1, 13, 32, 0 }, // U+2202
    { 12, 11, 181, 0, 10, 33, 32 }, // U+2205
    { 12, 13, 179, -1, 13, 39, 65 }, // U+2206
    { 12, 15, 191, 0, 13, 45, 104 }, // U+220F
    { 12, 16, 168, -1, 13, 48, 149 }, // U+2211
    { 9, 2, 175, 1, 6, 5, 197 }, // U+2212
    { 12, 13, 166, 0, 13, 39, 202 }, // U+221A
    { 15, 8, 247, 0, 9, 30, 241 }, // U+221E
    { 10, 17, 96, -2, 13, 43, 271 }, // U+222B
    { 5, 10, 73, 0, 11, 13, 314 }, // U+2236
    { 9, 8, 175, 1, 9, 18, 327 }, // U+2248
    { 9, 10, 175, 1, 10, 23, 345 }, // U+2260
    { 11, 10, 175, 0, 10, 28, 368 }, // U+2264
    { 10, 10, 175, 0, 10, 25, 396 }, // U+2265
    { 24, 24, 371, 0, 18, 144, 421 }, // U+2295
    { 24, 24, 371, 0, 18, 144, 565 }, // U+2296
    { 24, 24, 371, 0, 18, 144, 709 }, // U+2297
    { 24, 24, 371, 0, 18, 144, 853 }, // U+2298
};

static const EpdUnicodeInterval inter_8_italicIntervals[] = {
    { 0x0, 0x0, 0x0 },
    { 0x20, 0x7E, 0x1 },
    { 0xA0, 0xAC, 0x60 },
    { 0xAE, 0xFF, 0x6D },
    { 0x100, 0x148, 0xBF },
    { 0x14A, 0x17F, 0x108 },
    { 0x1C5, 0x21F, 0x13E },
    { 0x300, 0x304, 0x199 },
    { 0x306, 0x30A, 0x19E },
    { 0x30C, 0x30C, 0x1A3 },
    { 0x30F, 0x30F, 0x1A4 },
    { 0x313, 0x313, 0x1A5 },
    { 0x315, 0x315, 0x1A6 },
    { 0x31B, 0x31B, 0x1A7 },
    { 0x323, 0x323, 0x1A8 },
    { 0x326, 0x328, 0x1A9 },
    { 0x32C, 0x32C, 0x1AC },
    { 0x337, 0x338, 0x1AD },
    { 0x342, 0x343, 0x1AF },
    { 0x346, 0x36F, 0x1B1 },
    { 0x2000, 0x200B, 0x1DB },
    { 0x2010, 0x2027, 0x1E7 },
    { 0x202F, 0x2055, 0x1FF },
    { 0x2057, 0x2057, 0x226 },
    { 0x205F, 0x205F, 0x227 },
    { 0x2070, 0x2071, 0x228 },
    { 0x2074, 0x208E, 0x22A },
    { 0x2090, 0x209C, 0x245 },
    { 0x20A0, 0x20AF, 0x252 },
    { 0x20B1, 0x20B5, 0x262 },
    { 0x20B8, 0x20BA, 0x267 },
    { 0x20BC, 0x20BF, 0x26A },
    { 0x2190, 0x2199, 0x26E },
    { 0x21A9, 0x21AA, 0x278 },
    { 0x21B0, 0x21B1, 0x27A },
    { 0x21B3, 0x21B5, 0x27C },
    { 0x21BA, 0x21BB, 0x27F },
    { 0x21D0, 0x21D0, 0x281 },
    { 0x21D2, 0x21D2, 0x282 },
    { 0x21D4, 0x21D4, 0x283 },
    { 0x21DE, 0x21DF, 0x284 },
    { 0x21E4, 0x21E5, 0x286 },
    { 0x21E7, 0x21E7, 0x288 },
    { 0x21EA, 0x21EA, 0x289 },
    { 0x2202, 0x2202, 0x28A },
    { 0x2205, 0x2206, 0x28B },
    { 0x220F, 0x220F, 0x28D },
    { 0x2211, 0x2212, 0x28E },
    { 0x221A, 0x221A, 0x290 },
    { 0x221E, 0x221E, 0x291 },
    { 0x222B, 0x222B, 0x292 },
    { 0x2236, 0x2236, 0x293 },
    { 0x2248, 0x2248, 0x294 },
    { 0x2260, 0x2260, 0x295 },
    { 0x2264, 0x2265, 0x296 },
    { 0x2295, 0x2298, 0x298 },
};

static const EpdFontGroup inter_8_italicGroups[] = {
    { 0, 1790, 3182, 96, 0 },
    { 1790, 1571, 3585, 95, 96 },
    { 3361, 1875, 5648, 127, 191 },
    { 5236, 1864, 4657, 91, 318 },
    { 7100, 468, 637, 66, 409 },
    { 7568, 901, 1399, 77, 475 },
    { 8469, 417, 520, 42, 552 },
    { 8886, 952, 1373, 28, 594 },
    { 9838, 748, 1314, 28, 622 },
    { 10586, 512, 1045, 18, 650 },
};

static const EpdKernClassEntry inter_8_italicKernLeftClasses[] = {
    { 0x0022, 1 }, // "
    { 0x0024, 2 }, // $
    { 0x0025, 3 }, // %
    { 0x0026, 4 }, // &
    { 0x0027, 1 }, // '
    { 0x0028, 5 }, // (
    { 0x0029, 6 }, // )
    { 0x002A, 7 }, // *
    { 0x002B, 8 }, // +
    { 0x002C, 9 }, // ,
    { 0x002D, 8 }, // -
    { 0x002E, 9 }, // .
    { 0x002F, 10 }, // /
    { 0x0030, 11 }, // 0
    { 0x0031, 12 }, // 1
    { 0x0032, 13 }, // 2
    { 0x0033, 14 }, // 3
    { 0x0034, 15 }, // 4
    { 0x0035, 16 }, // 5
    { 0x0036, 17 }, // 6
    { 0x0037, 18 }, // 7
    { 0x0038, 14 }, // 8
    { 0x0039, 11 }, // 9
    { 0x003A, 19 }, // :
    { 0x003B, 19 }, // ;
    { 0x003D, 20 }, // =
    { 0x003E, 21 }, // >
    { 0x003F, 22 }, // ?
    { 0x0040, 23 }, // @
    { 0x0041, 24 }, // A
    { 0x0042, 25 }, // B
    { 0x0043, 26 }, // C
    { 0x0044, 23 }, // D
    { 0x0045, 27 }, // E
    { 0x0046, 28 }, // F
    { 0x0047, 29 }, // G
    { 0x0048, 12 }, // H
    { 0x0049, 12 }, // I
    { 0x004A, 30 }, // J
    { 0x004B, 31 }, // K
    { 0x004C, 32 }, // L
    { 0x004D, 12 }, // M
    { 0x004E, 12 }, // N
    { 0x004F, 23 }, // O
    { 0x0050, 33 }, // P
    { 0x0051, 23 }, // Q
    { 0x0052, 34 }, // R
    { 0x0053, 2 }, // S
    { 0x0054, 35 }, // T
    { 0x0055, 30 }, // U
    { 0x0056, 36 }, // V
    { 0x0057, 37 }, // W
    { 0x0058, 38 }, // X
    { 0x0059, 39 }, // Y
    { 0x005A, 40 }, // Z
    { 0x005B, 41 }, // [
    { 0x005C, 42 }, // <backslash>
    { 0x005D, 6 }, // ]
    { 0x005E, 7 }, // ^
    { 0x005F, 43 }, // _
    { 0x0061, 44 }, // a
    { 0x0062, 45 }, // b
    { 0x0063, 45 }, // c
    { 0x0064, 12 }, // d
    { 0x0065, 45 }, // e
    { 0x0066, 46 }, // f
    { 0x0067, 47 }, // g
    { 0x0068, 44 }, // h
    { 0x0069, 48 }, // i
    { 0x006A, 48 }, // j
    { 0x006B, 49 }, // k
    { 0x006C, 12 }, // l
    { 0x006D, 44 }, // m
    { 0x006E, 44 }, // n
    { 0x006F, 45 }, // o
    { 0x0070, 45 }, // p
    { 0x0071, 47 }, // q
    { 0x0072, 50 }, // r
    { 0x0073, 51 }, // s
    { 0x0074, 52 }, // t
    { 0x0075, 53 }, // u
    { 0x0076, 54 }, // v
    { 0x0077, 55 }, // w
    { 0x0078, 56 }, // x
    { 0x0079, 54 }, // y
    { 0x007A, 57 }, // z
    { 0x007B, 5 }, // {
    { 0x007C, 12 }, // |
    { 0x007D, 6 }, // }
    { 0x007E, 58 }, // ~
    { 0x00A1, 59 }, // U+00A1
    { 0x00A2, 45 }, // U+00A2
    { 0x00A5, 60 }, // U+00A5
    { 0x00A9, 23 }, // U+00A9
    { 0x00AA, 61 }, // U+00AA
    { 0x00AB, 62 }, // U+00AB
    { 0x00AC, 47 }, // U+00AC
    { 0x00AE, 63 }, // U+00AE
    { 0x00B0, 7 }, // U+00B0
    { 0x00B1, 20 }, // U+00B1
    { 0x00B2, 64 }, // U+00B2
    { 0x00B5, 65 }, // U+00B5
    { 0x00B6, 12 }, // U+00B6
    { 0x00B7, 66 }, // U+00B7
    { 0x00BA, 61 }, // U+00BA
    { 0x00BB, 67 }, // U+00BB
    { 0x00BF, 68 }, // U+00BF
    { 0x00C0, 24 }, // U+00C0
    { 0x00C1, 24 }, // U+00C1
    { 0x00C2, 24 }, // U+00C2
    { 0x00C3, 24 }, // U+00C3
    { 0x00C4, 24 }, // U+00C4
    { 0x00C5, 24 }, // U+00C5
    { 0x00C6, 27 }, // U+00C6
    { 0x00C7, 26 }, // U+00C7
    { 0x00C8, 27 }, // U+00C8
    { 0x00C9, 27 }, // U+00C9
    { 0x00CA, 27 }, // U+00CA
    { 0x00CB, 27 }, // U+00CB
    { 0x00CC, 12 }, // U+00CC
    { 0x00CD, 12 }, // U+00CD
    { 0x00CE, 69 }, // U+00CE
    { 0x00CF, 69 }, // U+00CF
    { 0x00D0, 23 }, // U+00D0
    { 0x00D1, 12 }, // U+00D1
    { 0x00D2, 23 }, // U+00D2
    { 0x00D3, 23 }, // U+00D3
    { 0x00D4, 23 }, // U+00D4
    { 0x00D5, 23 }, // U+00D5
    { 0x00D6, 23 }, // U+00D6
    { 0x00D7, 70 }, // U+00D7
    { 0x00D8, 23 }, // U+00D8
    { 0x00D9, 30 }, // U+00D9
    { 0x00DA, 30 }, // U+00DA
    { 0x00DB, 30 }, // U+00DB
    { 0x00DC, 30 }, // U+00DC
    { 0x00DD, 39 }, // U+00DD
    { 0x00DE, 71 }, // U+00DE
    { 0x00DF, 72 }, // U+00DF
    { 0x00E0, 44 }, // U+00E0
    { 0x00E1, 44 }, // U+00E1
    { 0x00E2, 44 }, // U+00E2
    { 0x00E3, 44 }, // U+00E3
    { 0x00E4, 44 }, // U+00E4
    { 0x00E5, 44 }, // U+00E5
    { 0x00E6, 73 }, // U+00E6
    { 0x00E7, 45 }, // U+00E7
    { 0x00E8, 45 }, // U+00E8
    { 0x00E9, 45 }, // U+00E9
    { 0x00EA, 45 }, // U+00EA
    { 0x00EB, 45 }, // U+00EB
    { 0x00EC, 48 }, // U+00EC
    { 0x00ED, 48 }, // U+00ED
    { 0x00EE, 74 }, // U+00EE
    { 0x00EF, 75 }, // U+00EF
    { 0x00F0, 45 }, // U+00F0
    { 0x00F1, 76 }, // U+00F1
    { 0x00F2, 45 }, // U+00F2
    { 0x00F3, 45 }, // U+00F3
    { 0x00F4, 45 }, // U+00F4
    { 0x00F5, 77 }, // U+00F5
    { 0x00F6, 77 }, // U+00F6
    { 0x00F7, 8 }, // U+00F7
    { 0x00F8, 45 }, // U+00F8
    { 0x00F9, 53 }, // U+00F9
    { 0x00FA, 53 }, // U+00FA
    { 0x00FB, 53 }, // U+00FB
    { 0x00FC, 53 }, // U+00FC
    { 0x00FD, 54 }, // U+00FD
    { 0x00FE, 45 }, // U+00FE
    { 0x00FF, 54 }, // U+00FF
    { 0x0100, 24 }, // U+0100
    { 0x0101, 78 }, // U+0101
    { 0x0102, 24 }, // U+0102
    { 0x0103, 44 }, // U+0103
    { 0x0104, 24 }, // U+0104
    { 0x0105, 44 }, // U+0105
    { 0x0106, 26 }, // U+0106
    { 0x0107, 45 }, // U+0107
    { 0x0108, 26 }, // U+0108
    { 0x0109, 45 }, // U+0109
    { 0x010A, 26 }, // U+010A
    { 0x010B, 45 }, // U+010B
    { 0x010C, 26 }, // U+010C
    { 0x010D, 45 }, // U+010D
    { 0x010E, 23 }, // U+010E
    { 0x010F, 79 }, // U+010F
    { 0x0111, 80 }, // U+0111
    { 0x0112, 27 }, // U+0112
    { 0x0113, 45 }, // U+0113
    { 0x0114, 27 }, // U+0114
    { 0x0115, 45 }, // U+0115
    { 0x0116, 27 }, // U+0116
    { 0x0117, 45 }, // U+0117
    { 0x0118, 27 }, // U+0118
    { 0x0119, 45 }, // U+0119
    { 0x011A, 27 }, // U+011A
    { 0x011B, 45 }, // U+011B
    { 0x011C, 29 }, // U+011C
    { 0x011D, 47 }, // U+011D
    { 0x011E, 29 }, // U+011E
    { 0x011F, 47 }, // U+011F
    { 0x0120, 29 }, // U+0120
    { 0x0121, 47 }, // U+0121
    { 0x0122, 29 }, // U+0122
    { 0x0123, 47 }, // U+0123
    { 0x0124, 12 }, // U+0124
    { 0x0125, 44 }, // U+0125
    { 0x0126, 12 }, // U+0126
    { 0x0127, 44 }, // U+0127
    { 0x0128, 69 }, // U+0128
    { 0x0129, 81 }, // U+0129
    { 0x012A, 69 }, // U+012A
    { 0x012B, 82 }, // U+012B
    { 0x012C, 69 }, // U+012C
    { 0x012D, 83 }, // U+012D
    { 0x012E, 12 }, // U+012E
    { 0x012F, 48 }, // U+012F
    { 0x0130, 12 }, // U+0130
    { 0x0131, 48 }, // U+0131
    { 0x0133, 48 }, // U+0133
    { 0x0134, 30 }, // U+0134
    { 0x0135, 84 }, // U+0135
    { 0x0136, 31 }, // U+0136
    { 0x0137, 49 }, // U+0137
    { 0x0138, 49 }, // U+0138
    { 0x0139, 85 }, // U+0139
    { 0x013A, 86 }, // U+013A
    { 0x013B, 32 }, // U+013B
    { 0x013C, 12 }, // U+013C
    { 0x013D, 87 }, // U+013D
    { 0x013E, 12 }, // U+013E
    { 0x013F, 88 }, // U+013F
    { 0x0140, 89 }, // U+0140
    { 0x0141, 90 }, // U+0141
    { 0x0142, 91 }, // U+0142
    { 0x0143, 12 }, // U+0143
    { 0x0144, 44 }, // U+0144
    { 0x0145, 12 }, // U+0145
    { 0x0146, 44 }, // U+0146
    { 0x0147, 12 }, // U+0147
    { 0x0148, 44 }, // U+0148
    { 0x014A, 12 }, // U+014A
    { 0x014C, 23 }, // U+014C
    { 0x014D, 45 }, // U+014D
    { 0x014E, 23 }, // U+014E
    { 0x014F, 45 }, // U+014F
    { 0x0150, 23 }, // U+0150
    { 0x0151, 45 }, // U+0151
    { 0x0152, 27 }, // U+0152
    { 0x0153, 45 }, // U+0153
    { 0x0154, 34 }, // U+0154
    { 0x0155, 50 }, // U+0155
    { 0x0156, 34 }, // U+0156
    { 0x0157, 50 }, // U+0157
    { 0x0158, 34 }, // U+0158
    { 0x0159, 50 }, // U+0159
    { 0x015A, 2 }, // U+015A
    { 0x015B, 51 }, // U+015B
    { 0x015C, 2 }, // U+015C
    { 0x015D, 51 }, // U+015D
    { 0x015E, 2 }, // U+015E
    { 0x015F, 51 }, // U+015F
    { 0x0160, 2 }, // U+0160
    { 0x0161, 51 }, // U+0161
    { 0x0162, 92 }, // U+0162
    { 0x0163, 52 }, // U+0163
    { 0x0164, 93 }, // U+0164
    { 0x0165, 52 }, // U+0165
    { 0x0166, 94 }, // U+0166
    { 0x0167, 52 }, // U+0167
    { 0x0168, 30 }, // U+0168
    { 0x0169, 53 }, // U+0169
    { 0x016A, 30 }, // U+016A
    { 0x016B, 53 }, // U+016B
    { 0x016C, 30 }, // U+016C
    { 0x016D, 53 }, // U+016D
    { 0x016E, 30 }, // U+016E
    { 0x016F, 53 }, // U+016F
    { 0x0170, 30 }, // U+0170
    { 0x0171, 53 }, // U+0171
    { 0x0172, 30 }, // U+0172
    { 0x0173, 53 }, // U+0173
    { 0x0174, 37 }, // U+0174
    { 0x0175, 55 }, // U+0175
    { 0x0176, 39 }, // U+0176
    { 0x0177, 54 }, // U+0177
    { 0x0178, 39 }, // U+0178
    { 0x0179, 40 }, // U+0179
    { 0x017A, 57 }, // U+017A
    { 0x017B, 40 }, // U+017B
    { 0x017C, 57 }, // U+017C
    { 0x017D, 40 }, // U+017D
    { 0x017E, 57 }, // U+017E
    { 0x017F, 95 }, // U+017F
    { 0x01C5, 96 }, // U+01C5
    { 0x01C6, 57 }, // U+01C6
    { 0x01C8, 48 }, // U+01C8
    { 0x01C9, 48 }, // U+01C9
    { 0x01CB, 48 }, // U+01CB
    { 0x01CC, 48 }, // U+01CC
    { 0x01CD, 24 }, // U+01CD
    { 0x01CE, 44 }, // U+01CE
    { 0x01CF, 86 }, // U+01CF
    { 0x01D0, 97 }, // U+01D0
    { 0x01D1, 23 }, // U+01D1
    { 0x01D2, 45 }, // U+01D2
    { 0x01D3, 30 }, // U+01D3
    { 0x01D4, 53 }, // U+01D4
    { 0x01D5, 30 }, // U+01D5
    { 0x01D6, 53 }, // U+01D6
    { 0x01D7, 30 }, // U+01D7
    { 0x01D8, 53 }, // U+01D8
    { 0x01D9, 30 }, // U+01D9
    { 0x01DA, 53 }, // U+01DA
    { 0x01DB, 30 }, // U+01DB
    { 0x01DC, 53 }, // U+01DC
    { 0x01DD, 98 }, // U+01DD
    { 0x01DE, 24 }, // U+01DE
    { 0x01DF, 44 }, // U+01DF
    { 0x01E0, 24 }, // U+01E0
    { 0x01E1, 44 }, // U+01E1
    { 0x01E2, 27 }, // U+01E2
    { 0x01E3, 73 }, // U+01E3
    { 0x01E4, 29 }, // U+01E4
    { 0x01E5, 47 }, // U+01E5
    { 0x01E6, 29 }, // U+01E6
    { 0x01E7, 47 }, // U+01E7
    { 0x01E8, 31 }, // U+01E8
    { 0x01E9, 49 }, // U+01E9
    { 0x01EA, 23 }, // U+01EA
    { 0x01EB, 45 }, // U+01EB
    { 0x01EC, 23 }, // U+01EC
    { 0x01ED, 45 }, // U+01ED
    { 0x01F0, 48 }, // U+01F0
    { 0x01F1, 99 }, // U+01F1
    { 0x01F2, 57 }, // U+01F2
    { 0x01F3, 57 }, // U+01F3
    { 0x01F4, 29 }, // U+01F4
    { 0x01F5, 47 }, // U+01F5
    { 0x01F6, 100 }, // U+01F6
    { 0x01F8, 12 }, // U+01F8
    { 0x01F9, 44 }, // U+01F9
    { 0x01FA, 24 }, // U+01FA
    { 0x01FB, 44 }, // U+01FB
    { 0x01FC, 27 }, // U+01FC
    { 0x01FD, 73 }, // U+01FD
    { 0x01FE, 23 }, // U+01FE
    { 0x01FF, 45 }, // U+01FF
    { 0x0200, 24 }, // U+0200
    { 0x0201, 44 }, // U+0201
    { 0x0202, 24 }, // U+0202
    { 0x0203, 44 }, // U+0203
    { 0x0204, 27 }, // U+0204
    { 0x0205, 45 }, // U+0205
    { 0x0206, 27 }, // U+0206
    { 0x0207, 45 }, // U+0207
    { 0x0208, 101 }, // U+0208
    { 0x0209, 102 }, // U+0209
    { 0x020A, 69 }, // U+020A
    { 0x020B, 103 }, // U+020B
    { 0x020C, 23 }, // U+020C
    { 0x020D, 45 }, // U+020D
    { 0x020E, 23 }, // U+020E
    { 0x020F, 45 }, // U+020F
    { 0x0210, 34 }, // U+0210
    { 0x0211, 50 }, // U+0211
    { 0x0212, 34 }, // U+0212
    { 0x0213, 50 }, // U+0213
    { 0x0214, 30 }, // U+0214
    { 0x0215, 53 }, // U+0215
    { 0x0216, 30 }, // U+0216
    { 0x0217, 53 }, // U+0217
    { 0x0218, 2 }, // U+0218
    { 0x0219, 51 }, // U+0219
    { 0x021A, 35 }, // U+021A
    { 0x021B, 52 }, // U+021B
    { 0x021E, 12 }, // U+021E
    { 0x021F, 44 }, // U+021F
    { 0x2018, 104 }, // U+2018
    { 0x2019, 105 }, // U+2019
    { 0x201A, 106 }, // U+201A
    { 0x201C, 104 }, // U+201C
    { 0x201D, 105 }, // U+201D
    { 0x201E, 106 }, // U+201E
    { 0x2020, 61 }, // U+2020
    { 0x2021, 61 }, // U+2021
    { 0x2022, 107 }, // U+2022
    { 0x2023, 107 }, // U+2023
    { 0x2026, 108 }, // U+2026
    { 0x2034, 105 }, // U+2034
    { 0x2039, 62 }, // U+2039
    { 0x203A, 67 }, // U+203A
    { 0x203D, 22 }, // U+203D
    { 0x2043, 107 }, // U+2043
    { 0x204B, 33 }, // U+204B
    { 0x204C, 44 }, // U+204C
    { 0x204D, 107 }, // U+204D
    { 0x204F, 19 }, // U+204F
    { 0x2071, 109 }, // U+2071
    { 0x2074, 110 }, // U+2074
    { 0x2077, 111 }, // U+2077
    { 0x207A, 112 }, // U+207A
    { 0x207B, 112 }, // U+207B
    { 0x2080, 113 }, // U+2080
    { 0x2081, 113 }, // U+2081
    { 0x2082, 113 }, // U+2082
    { 0x2083, 113 }, // U+2083
    { 0x2084, 113 }, // U+2084
    { 0x2085, 114 }, // U+2085
    { 0x2086, 113 }, // U+2086
    { 0x2087, 115 }, // U+2087
    { 0x2088, 113 }, // U+2088
    { 0x2089, 113 }, // U+2089
    { 0x208A, 113 }, // U+208A
    { 0x208B, 113 }, // U+208B
    { 0x208C, 113 }, // U+208C
    { 0x208D, 113 }, // U+208D
    { 0x208E, 113 }, // U+208E
    { 0x2090, 113 }, // U+2090
    { 0x2091, 113 }, // U+2091
    { 0x2092, 113 }, // U+2092
    { 0x2093, 113 }, // U+2093
    { 0x2095, 113 }, // U+2095
    { 0x2096, 113 }, // U+2096
    { 0x2097, 113 }, // U+2097
    { 0x2098, 113 }, // U+2098
    { 0x2099, 113 }, // U+2099
    { 0x209A, 113 }, // U+209A
    { 0x209B, 113 }, // U+209B
    { 0x209C, 113 }, // U+209C
    { 0x20A1, 26 }, // U+20A1
    { 0x20A8, 51 }, // U+20A8
    { 0x20A9, 116 }, // U+20A9
    { 0x20AC, 117 }, // U+20AC
    { 0x20AF, 45 }, // U+20AF
    { 0x20B2, 29 }, // U+20B2
    { 0x20B5, 26 }, // U+20B5
    { 0x20BD, 118 }, // U+20BD
    { 0x20BF, 25 }, // U+20BF
    { 0x2190, 8 }, // U+2190
    { 0x21D0, 20 }, // U+21D0
    { 0x2206, 24 }, // U+2206
    { 0x2212, 8 }, // U+2212
    { 0x221E, 88 }, // U+221E
    { 0x2248, 20 }, // U+2248
    { 0x2260, 20 }, // U+2260
    { 0x2264, 20 }, // U+2264
    { 0x2265, 20 }, // U+2265
};

static const EpdKernClassEntry inter_8_italicKernRightClasses[] = {
    { 0x0022, 1 }, // "
    { 0x0023, 2 }, // #
    { 0x0024, 3 }, // $
    { 0x0025, 4 }, // %
    { 0x0026, 5 }, // &
    { 0x0027, 1 }, // '
    { 0x0029, 6 }, // )
    { 0x002A, 7 }, // *
    { 0x002B, 8 }, // +
    { 0x002C, 9 }, // ,
    { 0x002D, 10 }, // -
    { 0x002E, 11 }, // .
    { 0x002F, 12 }, // /
    { 0x0030, 13 }, // 0
    { 0x0031, 14 }, // 1
    { 0x0032, 15 }, // 2
    { 0x0033, 16 }, // 3
    { 0x0034, 17 }, // 4
    { 0x0035, 18 }, // 5
    { 0x0036, 13 }, // 6
    { 0x0037, 19 }, // 7
    { 0x0038, 20 }, // 8
    { 0x0039, 21 }, // 9
    { 0x003A, 22 }, // :
    { 0x003B, 22 }, // ;
    { 0x003C, 23 }, // <
    { 0x003D, 24 }, // =
    { 0x003F, 25 }, // ?
    { 0x0040, 26 }, // @
    { 0x0041, 27 }, // A
    { 0x0042, 28 }, // B
    { 0x0043, 29 }, // C
    { 0x0044, 28 }, // D
    { 0x0045, 28 }, // E
    { 0x0046, 28 }, // F
    { 0x0047, 29 }, // G
    { 0x0048, 28 }, // H
    { 0x0049, 28 }, // I
    { 0x004A, 30 }, // J
    { 0x004B, 28 }, // K
    { 0x004C, 28 }, // L
    { 0x004D, 28 }, // M
    { 0x004E, 28 }, // N
    { 0x004F, 29 }, // O
    { 0x0050, 28 }, // P
    { 0x0051, 29 }, // Q
    { 0x0052, 28 }, // R
    { 0x0053, 3 }, // S
    { 0x0054, 31 }, // T
    { 0x0055, 32 }, // U
    { 0x0056, 33 }, // V
    { 0x0057, 34 }, // W
    { 0x0058, 35 }, // X
    { 0x0059, 36 }, // Y
    { 0x005A, 37 }, // Z
    { 0x005C, 33 }, // <backslash>
    { 0x005D, 6 }, // ]
    { 0x005E, 38 }, // ^
    { 0x005F, 39 }, // _
    { 0x0061, 40 }, // a
    { 0x0062, 28 }, // b
    { 0x0063, 40 }, // c
    { 0x0064, 40 }, // d
    { 0x0065, 40 }, // e
    { 0x0066, 41 }, // f
    { 0x0067, 40 }, // g
    { 0x0068, 28 }, // h
    { 0x0069, 42 }, // i
    { 0x006A, 43 }, // j
    { 0x006B, 28 }, // k
    { 0x006C, 28 }, // l
    { 0x006D, 44 }, // m
    { 0x006E, 44 }, // n
    { 0x006F, 40 }, // o
    { 0x0070, 44 }, // p
    { 0x0071, 40 }, // q
    { 0x0072, 44 }, // r
    { 0x0073, 45 }, // s
    { 0x0074, 46 }, // t
    { 0x0075, 47 }, // u
    { 0x0076, 48 }, // v
    { 0x0077, 49 }, // w
    { 0x0078, 50 }, // x
    { 0x0079, 48 }, // y
    { 0x007A, 51 }, // z
    { 0x007C, 28 }, // |
    { 0x007D, 6 }, // }
    { 0x007E, 52 }, // ~
    { 0x00A2, 40 }, // U+00A2
    { 0x00A5, 53 }, // U+00A5
    { 0x00A9, 29 }, // U+00A9
    { 0x00AA, 54 }, // U+00AA
    { 0x00AB, 55 }, // U+00AB
    { 0x00AC, 56 }, // U+00AC
    { 0x00AE, 57 }, // U+00AE
    { 0x00B0, 58 }, // U+00B0
    { 0x00B1, 24 }, // U+00B1
    { 0x00B2, 59 }, // U+00B2
    { 0x00B5, 60 }, // U+00B5
    { 0x00B6, 61 }, // U+00B6
    { 0x00B7, 62 }, // U+00B7
    { 0x00B9, 63 }, // U+00B9
    { 0x00BA, 54 }, // U+00BA
    { 0x00BB, 64 }, // U+00BB
    { 0x00BF, 65 }, // U+00BF
    { 0x00C0, 27 }, // U+00C0
    { 0x00C1, 27 }, // U+00C1
    { 0x00C2, 27 }, // U+00C2
    { 0x00C3, 27 }, // U+00C3
    { 0x00C4, 27 }, // U+00C4
    { 0x00C5, 27 }, // U+00C5
    { 0x00C6, 27 }, // U+00C6
    { 0x00C7, 29 }, // U+00C7
    { 0x00C8, 28 }, // U+00C8
    { 0x00C9, 28 }, // U+00C9
    { 0x00CA, 28 }, // U+00CA
    { 0x00CB, 28 }, // U+00CB
    { 0x00CC, 28 }, // U+00CC
    { 0x00CD, 28 }, // U+00CD
    { 0x00CE, 66 }, // U+00CE
    { 0x00CF, 66 }, // U+00CF
    { 0x00D0, 67 }, // U+00D0
    { 0x00D1, 28 }, // U+00D1
    { 0x00D2, 29 }, // U+00D2
    { 0x00D3, 29 }, // U+00D3
    { 0x00D4, 29 }, // U+00D4
    { 0x00D5, 29 }, // U+00D5
    { 0x00D6, 29 }, // U+00D6
    { 0x00D7, 68 }, // U+00D7
    { 0x00D8, 29 }, // U+00D8
    { 0x00D9, 32 }, // U+00D9
    { 0x00DA, 32 }, // U+00DA
    { 0x00DB, 32 }, // U+00DB
    { 0x00DC, 32 }, // U+00DC
    { 0x00DD, 36 }, // U+00DD
    { 0x00DE, 28 }, // U+00DE
    { 0x00DF, 28 }, // U+00DF
    { 0x00E0, 69 }, // U+00E0
    { 0x00E1, 69 }, // U+00E1
    { 0x00E2, 69 }, // U+00E2
    { 0x00E3, 70 }, // U+00E3
    { 0x00E4, 71 }, // U+00E4
    { 0x00E5, 69 }, // U+00E5
    { 0x00E6, 69 }, // U+00E6
    { 0x00E7, 40 }, // U+00E7
    { 0x00E8, 40 }, // U+00E8
    { 0x00E9, 40 }, // U+00E9
    { 0x00EA, 40 }, // U+00EA
    { 0x00EB, 72 }, // U+00EB
    { 0x00EC, 73 }, // U+00EC
    { 0x00ED, 74 }, // U+00ED
    { 0x00EE, 75 }, // U+00EE
    { 0x00EF, 76 }, // U+00EF
    { 0x00F0, 40 }, // U+00F0
    { 0x00F1, 44 }, // U+00F1
    { 0x00F2, 40 }, // U+00F2
    { 0x00F3, 40 }, // U+00F3
    { 0x00F4, 40 }, // U+00F4
    { 0x00F5, 77 }, // U+00F5
    { 0x00F6, 72 }, // U+00F6
    { 0x00F7, 8 }, // U+00F7
    { 0x00F8, 40 }, // U+00F8
    { 0x00F9, 47 }, // U+00F9
    { 0x00FA, 47 }, // U+00FA
    { 0x00FB, 47 }, // U+00FB
    { 0x00FC, 78 }, // U+00FC
    { 0x00FD, 48 }, // U+00FD
    { 0x00FE, 28 }, // U+00FE
    { 0x00FF, 79 }, // U+00FF
    { 0x0100, 27 }, // U+0100
    { 0x0101, 80 }, // U+0101
    { 0x0102, 27 }, // U+0102
    { 0x0103, 69 }, // U+0103
    { 0x0104, 27 }, // U+0104
    { 0x0105, 69 }, // U+0105
    { 0x0106, 29 }, // U+0106
    { 0x0107, 40 }, // U+0107
    { 0x0108, 29 }, // U+0108
    { 0x0109, 40 }, // U+0109
    { 0x010A, 29 }, // U+010A
    { 0x010B, 40 }, // U+010B
    { 0x010C, 29 }, // U+010C
    { 0x010D, 40 }, // U+010D
    { 0x010E, 28 }, // U+010E
    { 0x010F, 40 }, // U+010F
    { 0x0110, 81 }, // U+0110
    { 0x0111, 40 }, // U+0111
    { 0x0112, 28 }, // U+0112
    { 0x0113, 40 }, // U+0113
    { 0x0114, 28 }, // U+0114
    { 0x0115, 40 }, // U+0115
    { 0x0116, 28 }, // U+0116
    { 0x0117, 40 }, // U+0117
    { 0x0118, 28 }, // U+0118
    { 0x0119, 40 }, // U+0119
    { 0x011A, 28 }, // U+011A
    { 0x011B, 40 }, // U+011B
    { 0x011C, 29 }, // U+011C
    { 0x011D, 40 }, // U+011D
    { 0x011E, 29 }, // U+011E
    { 0x011F, 40 }, // U+011F
    { 0x0120, 29 }, // U+0120
    { 0x0121, 40 }, // U+0121
    { 0x0122, 29 }, // U+0122
    { 0x0123, 40 }, // U+0123
    { 0x0124, 28 }, // U+0124
    { 0x0125, 28 }, // U+0125
    { 0x0126, 28 }, // U+0126
    { 0x0127, 82 }, // U+0127
    { 0x0128, 66 }, // U+0128
    { 0x0129, 83 }, // U+0129
    { 0x012A, 66 }, // U+012A
    { 0x012B, 84 }, // U+012B
    { 0x012C, 66 }, // U+012C
    { 0x012D, 76 }, // U+012D
    { 0x012E, 28 }, // U+012E
    { 0x012F, 42 }, // U+012F
    { 0x0130, 28 }, // U+0130
    { 0x0131, 42 }, // U+0131
    { 0x0133, 42 }, // U+0133
    { 0x0134, 30 }, // U+0134
    { 0x0135, 85 }, // U+0135
    { 0x0136, 28 }, // U+0136
    { 0x0137, 28 }, // U+0137
    { 0x0139, 28 }, // U+0139
    { 0x013A, 28 }, // U+013A
    { 0x013B, 28 }, // U+013B
    { 0x013C, 28 }, // U+013C
    { 0x013D, 28 }, // U+013D
    { 0x013E, 28 }, // U+013E
    { 0x0140, 28 }, // U+0140
    { 0x0141, 28 }, // U+0141
    { 0x0142, 28 }, // U+0142
    { 0x0143, 28 }, // U+0143
    { 0x0144, 44 }, // U+0144
    { 0x0145, 28 }, // U+0145
    { 0x0146, 44 }, // U+0146
    { 0x0147, 28 }, // U+0147
    { 0x0148, 44 }, // U+0148
    { 0x014A, 28 }, // U+014A
    { 0x014B, 44 }, // U+014B
    { 0x014C, 29 }, // U+014C
    { 0x014D, 86 }, // U+014D
    { 0x014E, 29 }, // U+014E
    { 0x014F, 40 }, // U+014F
    { 0x0150, 29 }, // U+0150
    { 0x0151, 40 }, // U+0151
    { 0x0152, 29 }, // U+0152
    { 0x0153, 40 }, // U+0153
    { 0x0154, 28 }, // U+0154
    { 0x0155, 44 }, // U+0155
    { 0x0156, 28 }, // U+0156
    { 0x0157, 44 }, // U+0157
    { 0x0158, 28 }, // U+0158
    { 0x0159, 44 }, // U+0159
    { 0x015A, 3 }, // U+015A
    { 0x015B, 45 }, // U+015B
    { 0x015C, 3 }, // U+015C
    { 0x015D, 45 }, // U+015D
    { 0x015E, 3 }, // U+015E
    { 0x015F, 45 }, // U+015F
    { 0x0160, 3 }, // U+0160
    { 0x0161, 45 }, // U+0161
    { 0x0162, 87 }, // U+0162
    { 0x0163, 46 }, // U+0163
    { 0x0164, 88 }, // U+0164
    { 0x0165, 46 }, // U+0165
    { 0x0166, 89 }, // U+0166
    { 0x0167, 46 }, // U+0167
    { 0x0168, 32 }, // U+0168
    { 0x0169, 90 }, // U+0169
    { 0x016A, 32 }, // U+016A
    { 0x016B, 47 }, // U+016B
    { 0x016C, 32 }, // U+016C
    { 0x016D, 47 }, // U+016D
    { 0x016E, 32 }, // U+016E
    { 0x016F, 47 }, // U+016F
    { 0x0170, 32 }, // U+0170
    { 0x0171, 47 }, // U+0171
    { 0x0172, 32 }, // U+0172
    { 0x0173, 47 }, // U+0173
    { 0x0174, 34 }, // U+0174
    { 0x0175, 49 }, // U+0175
    { 0x0176, 36 }, // U+0176
    { 0x0177, 48 }, // U+0177
    { 0x0178, 36 }, // U+0178
    { 0x0179, 37 }, // U+0179
    { 0x017A, 51 }, // U+017A
    { 0x017B, 37 }, // U+017B
    { 0x017C, 51 }, // U+017C
    { 0x017D, 37 }, // U+017D
    { 0x017E, 51 }, // U+017E
    { 0x017F, 28 }, // U+017F
    { 0x01C5, 91 }, // U+01C5
    { 0x01C6, 40 }, // U+01C6
    { 0x01C8, 28 }, // U+01C8
    { 0x01C9, 28 }, // U+01C9
    { 0x01CB, 28 }, // U+01CB
    { 0x01CC, 44 }, // U+01CC
    { 0x01CD, 27 }, // U+01CD
    { 0x01CE, 69 }, // U+01CE
    { 0x01CF, 28 }, // U+01CF
    { 0x01D0, 92 }, // U+01D0
    { 0x01D1, 29 }, // U+01D1
    { 0x01D2, 40 }, // U+01D2
    { 0x01D3, 32 }, // U+01D3
    { 0x01D4, 47 }, // U+01D4
    { 0x01D5, 32 }, // U+01D5
    { 0x01D6, 47 }, // U+01D6
    { 0x01D7, 32 }, // U+01D7
    { 0x01D8, 47 }, // U+01D8
    { 0x01D9, 32 }, // U+01D9
    { 0x01DA, 47 }, // U+01DA
    { 0x01DB, 32 }, // U+01DB
    { 0x01DC, 47 }, // U+01DC
    { 0x01DD, 86 }, // U+01DD
    { 0x01DE, 27 }, // U+01DE
    { 0x01DF, 69 }, // U+01DF
    { 0x01E0, 27 }, // U+01E0
    { 0x01E1, 69 }, // U+01E1
    { 0x01E2, 27 }, // U+01E2
    { 0x01E3, 69 }, // U+01E3
    { 0x01E4, 29 }, // U+01E4
    { 0x01E5, 40 }, // U+01E5
    { 0x01E6, 29 }, // U+01E6
    { 0x01E7, 40 }, // U+01E7
    { 0x01E8, 28 }, // U+01E8
    { 0x01E9, 28 }, // U+01E9
    { 0x01EA, 29 }, // U+01EA
    { 0x01EB, 40 }, // U+01EB
    { 0x01EC, 29 }, // U+01EC
    { 0x01ED, 40 }, // U+01ED
    { 0x01EF, 46 }, // U+01EF
    { 0x01F0, 43 }, // U+01F0
    { 0x01F2, 28 }, // U+01F2
    { 0x01F3, 86 }, // U+01F3
    { 0x01F4, 29 }, // U+01F4
    { 0x01F5, 40 }, // U+01F5
    { 0x01F6, 91 }, // U+01F6
    { 0x01F8, 28 }, // U+01F8
    { 0x01F9, 44 }, // U+01F9
    { 0x01FA, 27 }, // U+01FA
    { 0x01FB, 69 }, // U+01FB
    { 0x01FC, 27 }, // U+01FC
    { 0x01FD, 69 }, // U+01FD
    { 0x01FE, 29 }, // U+01FE
    { 0x01FF, 40 }, // U+01FF
    { 0x0200, 27 }, // U+0200
    { 0x0201, 69 }, // U+0201
    { 0x0202, 27 }, // U+0202
    { 0x0203, 69 }, // U+0203
    { 0x0204, 28 }, // U+0204
    { 0x0205, 40 }, // U+0205
    { 0x0206, 28 }, // U+0206
    { 0x0207, 40 }, // U+0207
    { 0x0208, 66 }, // U+0208
    { 0x0209, 93 }, // U+0209
    { 0x020A, 66 }, // U+020A
    { 0x020B, 94 }, // U+020B
    { 0x020C, 29 }, // U+020C
    { 0x020D, 40 }, // U+020D
    { 0x020E, 29 }, // U+020E
    { 0x020F, 40 }, // U+020F
    { 0x0210, 28 }, // U+0210
    { 0x0211, 44 }, // U+0211
    { 0x0212, 28 }, // U+0212
    { 0x0213, 44 }, // U+0213
    { 0x0214, 32 }, // U+0214
    { 0x0215, 47 }, // U+0215
    { 0x0216, 32 }, // U+0216
    { 0x0217, 47 }, // U+0217
    { 0x0218, 3 }, // U+0218
    { 0x0219, 45 }, // U+0219
    { 0x021A, 31 }, // U+021A
    { 0x021B, 46 }, // U+021B
    { 0x021E, 28 }, // U+021E
    { 0x021F, 28 }, // U+021F
    { 0x2018, 95 }, // U+2018
    { 0x2019, 96 }, // U+2019
    { 0x201A, 97 }, // U+201A
    { 0x201B, 98 }, // U+201B
    { 0x201C, 95 }, // U+201C
    { 0x201D, 96 }, // U+201D
    { 0x201E, 97 }, // U+201E
    { 0x201F, 99 }, // U+201F
    { 0x2020, 54 }, // U+2020
    { 0x2021, 54 }, // U+2021
    { 0x2022, 100 }, // U+2022
    { 0x2023, 100 }, // U+2023
    { 0x2026, 101 }, // U+2026
    { 0x2034, 102 }, // U+2034
    { 0x2039, 55 }, // U+2039
    { 0x203A, 64 }, // U+203A
    { 0x203D, 25 }, // U+203D
    { 0x2043, 100 }, // U+2043
    { 0x2044, 103 }, // U+2044
    { 0x204A, 46 }, // U+204A
    { 0x204B, 28 }, // U+204B
    { 0x204C, 100 }, // U+204C
    { 0x204D, 44 }, // U+204D
    { 0x204F, 22 }, // U+204F
    { 0x2074, 104 }, // U+2074
    { 0x2077, 105 }, // U+2077
    { 0x2079, 106 }, // U+2079
    { 0x207E, 107 }, // U+207E
    { 0x207F, 108 }, // U+207F
    { 0x2080, 109 }, // U+2080
    { 0x2081, 109 }, // U+2081
    { 0x2082, 109 }, // U+2082
    { 0x2083, 109 }, // U+2083
    { 0x2084, 110 }, // U+2084
    { 0x2086, 109 }, // U+2086
    { 0x2087, 111 }, // U+2087
    { 0x2088, 109 }, // U+2088
    { 0x2089, 109 }, // U+2089
    { 0x208A, 109 }, // U+208A
    { 0x208B, 109 }, // U+208B
    { 0x208C, 109 }, // U+208C
    { 0x208D, 109 }, // U+208D
    { 0x208E, 109 }, // U+208E
    { 0x2090, 109 }, // U+2090
    { 0x2091, 109 }, // U+2091
    { 0x2092, 109 }, // U+2092
    { 0x2093, 109 }, // U+2093
    { 0x2095, 109 }, // U+2095
    { 0x2096, 109 }, // U+2096
    { 0x2097, 109 }, // U+2097
    { 0x2098, 109 }, // U+2098
    { 0x2099, 109 }, // U+2099
    { 0x209A, 109 }, // U+209A
    { 0x209B, 109 }, // U+209B
    { 0x209C, 109 }, // U+209C
    { 0x20A1, 29 }, // U+20A1
    { 0x20A8, 28 }, // U+20A8
    { 0x20A9, 53 }, // U+20A9
    { 0x20AB, 40 }, // U+20AB
    { 0x20B2, 29 }, // U+20B2
    { 0x20B4, 112 }, // U+20B4
    { 0x20B5, 29 }, // U+20B5
    { 0x20B8, 113 }, // U+20B8
    { 0x20BF, 28 }, // U+20BF
    { 0x2192, 8 }, // U+2192
    { 0x21D2, 24 }, // U+21D2
    { 0x2206, 27 }, // U+2206
    { 0x2212, 8 }, // U+2212
    { 0x221E, 114 }, // U+221E
    { 0x222B, 43 }, // U+222B
    { 0x2236, 22 }, // U+2236
    { 0x2248, 24 }, // U+2248
    { 0x2260, 24 }, // U+2260
    { 0x2264, 24 }, // U+2264
    { 0x2265, 24 }, // U+2265
};

static const int8_t inter_8_italicKernMatrix[] = {
       0,    0,    0,    0,   -9,    0,    0,    0,  -22,    0,  -22,    0,    0,    0,    0,    0,  -17,    0,    0,    0,    0,    0,    0,    0,    0,    0,  -21,    0,    0,  -44,    0,    0,    0,    0,    0,    0,    0,    0,    0,   -6,    0,    0,    0,    0,   -2,    0,    0,    0,    0,    0,    0,    0,    0,    0,    0,    0,    0,    0,    0,    0,    0,    0,    0,    0,    0,    0,    0,    0,    0,    0,    0,   -6,    0,    0,    0,    0,   -6,    0,    0,    0,    0,    0,    0,    0,    0,   -6,    0,    0,    0,    0,    0,    0,    0,    0,    0,    0,    0,    0,    0,    0,  -22,    0,    0,    0,    0,    0,    0,    0,    0,    0,    0,    0,    0,    0,
       0,    0,    0,    0,    0,    0,    0,    0,    0,    0,    0,    0,    0,    0,    0,    0,    0,    0,    0,    0,    0,    0,    0,    0,    0,    0,    0,    0,    0,    0,   -2,    0,    0,    0,   -3,    0,    0,    0,    0,    0,    0,    0,    0,    0,    0,    0,    0,    0,    0,    0,    0,    0,    0,    0,    0,    0,    0,    0,    0,    0,    0,    0,    0,    0,    0,    0,    0,    0,    0,    0,    0,    0,    0,    0,    0,   12,    0,    0,    0,    0,    0,    0,   12,   12,    0,    0,   -2,   -2,   -2,    0,    0,    0,    0,   12,    0,    0,    0,    0,    0,    0,    0,    0,    0,    0,    0,    0,    0,    0,    0,  -17,    0,    0,    0,    0,
       0,    0,    0,    0,    0,    0,    0,    0,    0,    0,    0,    0,    0,    0,    0,    0,    0,    0,    0,    0,    0,    0,    0,    0,    0,    0,    0,    0,    0,    0,    0,    0,    0,    0,    0,    0,    0,    0,    0,    0,    0,    0,    0,    0,    0,    0,    0,    0,    0,    0,    0,    0,    0,    0,    0,    0,    0,    0,    0,    0,    0,    0,    0,    0,    0,    0,    0,    0,    0,    0,    0,    0,    0,    0,    0,    0,    0,    0,    0,    0,    0,    0,    0,    0,    0,    0,    0,    0,    0,    0,    0,    0,    0,    0,  -17,  -18,    0,    0,    0,    0,    0,  -18,    0,    0,    0,    0,    0,    0,    0,    0,    0,    0,    0,    0,
      -9,    0,    0,    0,    0,    0,    0,    0,    0,    0,    0,    0,    0,    0,    0,    0,    0,    0,    0,    0,    0,    0,    0,    0,    0,    0,    0,    0,    0,    0,  -15,    0,  -17,  -11,    0,  -20,    0,    0,    0,    0,    0,    0,    0,    0,    0,    0,    0,   -9,   -9,    0,    0,    0,    0,  -11,    0,    0,   -6,    0,    0,    0,    0,    0,    0,    0,    0,    0,    0,    0,    0,    0,    0,    0,    0,    0,    0,    0,    0,    0,   -9,    0,    0,    0,    0,    0,    0,    0,  -15,  -15,  -15,    0,    0,    0,    0,    0,  -24,    0,    0,    0,    0,    0,    0,    0,    0,    0,    0,    0,    0,    0,    0,    0,    0,    0,    0,    0,
       0,    0,    0,    0,    0,    0,    0,    0,    0,    0,    0,    0,    0,    0,    0,    0,    0,    0,    0,    0,    0,    0,    0,    0,    0,    0,    0,    0,    0,    0,    0,    0,    0,    0,    0,    0,    0,    0,    0,   -3,    0,    0,    8,    0,    0,    0,    0,    0,    0,    0,    0,    0,    0,    0,    0,    0,    0,    0,    0,    0,    0,    0,    0,    0,    0,    0,    0,    0,    0,    0,    0,   -3,    0,    0,    0,    0,   -3,    0,    0,    0,    0,    0,    0,    0,    8,   -3,    0,    0,    0,    0,    0,    0,   38,    0,    0,    0,    0,    0,    0,    0,    0,    0,    0,    0,    0,    0,    0,    0,    0,    0,    0,    0,    0,    0,
       0,    0,    0,    0,    0,    0,    0,    0,    0,    0,    0,    0,    0,    0,    0,    0,    0,    0,    0,    0,    0,    0,    0,    0,    0,    0,    0,    0,    0,    0,    0,    0,    0,    0,    0,    0,    0,    0,    0,    0,    0,    0,    0,    0,    0,    0,    0,    0,    0,    0,    0,    0,    0,    0,    0,    0,    0,    0,    0,    0,    0,    0,    0,    0,    0,    0,    0,    0,    0,    0,    0,    0,    0,    0,    0,    0,    0,    0,    0,    0,    0,    0,    0,    0,    0,    0,    0,    0,    0,    0,    0,    0,    2,    0,   -9,    0,    0,    0,    0,    0,    0,    0,    0,    0,    0,    0,    0,    0,    0,    0,    0,    0,    0,    0,
       0,    0,    0,    0,   -9,    0,    0,    0,  -36,    0,  -36,    0,    0,    0,    0,    0,  -12,    0,    0,    0,    0,    0,    0,    0,    0,   -2,  -21,    0,   -2,  -26,    0,    0,    0,    0,    0,    0,    0,    0,  -18,    0,    0,    0,    0,    0,    0,    0,    0,    0,    0,    0,    0,    0,    0,    0,    0,    0,    0,    0,    0,    0,    0,    0,    0,    0,    0,    0,    0,    0,    0,    0,    0,    0,    0,    0,    0,    0,    0,    0,    0,    0,    0,    0,    0,    0,    0,    0,    0,    0,    0,    0,    0,    0,    0,    0,    0,    0,    0,    0,    0,    0,  -36,    0,    0,    0,    0,    0,    0,    0,    0,    0,    0,    0,    0,    0,
       0,    0,    0,    0,    0,    0,    0,    0,    0,    0,    0,    0,    0,    0,   -9,   -3,    0,    0,   -6,    0,    0,    0,    0,    0,    0,    0,   -9,    0,    0,  -12,  -20,    0,  -14,  -14,  -10,  -21,    0,    0,    0,    0,    0,    0,    0,    0,    0,    0,    0,   -1,    0,   -6,    0,    0,    0,    0,    0,    0,    0,    0,    0,    0,   -4,    0,    0,    0,    0,    0,    0,    0,    0,    0,    0,    0,    0,    0,    0,    0,    0,    0,   -1,    0,    0,    0,    0,    0,    0,    0,  -29,  -29,  -20,    0,    0,    0,    0,    0,  -17,    0,    0,    0,    0,    0,    0,    0,    0,    0,    0,    0,    0,    0,    0,    0,    0,    0,    0,    0,
     -22,    0,    0,    0,    0,    0,    0,    0,    0,    0,    0,    0,   -7,  -24,    0,   -6,    0,   -4,   -4,   -5,   -2,    0,    0,    0,  -26,  -12,    0,    0,  -12,    0,   -9,    0,    0,    0,    0,   -9,    0,    0,    0,    0,    0,    0,    0,    0,    0,    0,    0,    0,    0,    0,    0,    0,    0,    0,    0,    0,    0,    0,    0,    0,  -14,    0,    0,    0,    0,    0,    0,    0,    0,    0,    0,    0,    0,    0,    0,    0,    0,    0,    0,    0,    0,    0,    0,    0,    0,    0,   -9,   -9,   -9,    0,    0,    0,    0,    0,    0,  -15,    0,  -36,  -36,    0,    0,  -15,    0,    0,    0,    0,    0,    0,    0,    0,    0,    0,    0,    0,
       0,    0,    0,    0,    0,    0,    0,    0,  -11,    0,  -11,    0,    0,    0,    0,    0,    0,    0,    0,    0,    0,    0,    0,    0,    0,    0,   -7,    0,    0,  -17,    0,    0,    0,    0,    0,    0,    0,    0,    0,    0,    0,    0,    0,    0,    0,    0,    0,    0,    0,    0,    0,    0,    0,    0,    0,    0,    0,    0,    0,    0,    0,    0,    0,    0,    0,    0,    0,    0,    0,    0,    0,    0,    0,    0,    0,    0,    0,    0,    0,    0,    0,    0,    0,    0,    0,    0,    0,    0,    0,    0,    0,    0,   18,    0,    0,    0,    0,    0,    0,    0,  -11,    0,    0,    0,    0,    0,    0,    0,    0,    0,    0,    0,    0,    0,
       0,    0,    0,    0,    0,    0,    0,    0,   -7,    0,   -7,    0,    0,    0,    0,    0,    0,    0,   -5,    0,    0,    0,    0,    0,    0,    0,   -1,    0,    0,    0,    0,    0,   -4,    0,   -9,   -9,    0,    0,  -12,    0,    0,    0,    0,    0,    0,    4,    0,    0,    0,    0,    0,    0,    0,    0,    0,    0,    0,    0,    0,    0,    0,    0,    0,    0,    0,    0,    0,    0,    0,    0,    0,    0,    0,    0,    0,    0,    0,    0,    0,    0,    0,    0,    0,    0,    0,    0,    0,    0,    0,    0,    0,    0,    0,    0,  -12,    0,  -14,    0,    0,    0,   -7,    0,    0,    0,    0,    0,    0,    0,    0,    0,    0,    0,    0,    0,
       0,    0,    0,    0,    0,    0,    0,    0,    0,    0,    0,    0,    0,    0,    0,    0,    0,    0,    0,    0,    0,    0,    0,    0,    0,    0,    0,    0,    0,    0,    0,    0,    0,    0,    0,    0,    0,    0,    0,    0,    0,    0,    0,    0,    0,    3,    0,    1,    0,    0,    0,    0,    0,    0,    0,    0,    0,    0,    0,    0,    0,    0,    0,    0,    0,    0,    9,    0,    0,    0,    0,    0,    0,    0,    0,   17,    0,    0,    1,    0,    9,    0,   17,   17,    0,    0,    0,    0,    0,    0,    0,    0,   13,   17,    0,    0,    0,    0,    0,    0,    0,    0,    0,    0,    0,    0,    0,    0,    0,    0,    0,    0,    0,    0,
       0,    0,    0,    0,    0,    0,    0,    0,    0,    0,    0,    0,    0,    0,    0,    0,   -4,    0,    0,    0,    0,    0,    0,    0,    0,    0,    0,    0,    0,    0,    0,    0,    0,    0,    0,    0,    0,    0,    0,    0,    0,    0,    0,    0,    0,    0,    0,    0,    0,    0,    0,    0,    0,    0,    0,    0,    0,    0,    0,    0,    0,    0,    0,    0,    0,    0,    0,    0,    0,    0,    0,    0,    0,    0,    0,    0,    0,    0,    0,    0,    0,    0,    0,    0,    0,    0,    0,    0,    0,    0,    0,    0,    0,    0,    0,    0,    0,    0,    0,    0,    0,    0,    0,    0,    0,    0,    0,    0,    0,    0,    0,    0,    0,    0,
       0,    0,    0,    0,    0,    0,   -5,    0,   -6,    0,   -6,    0,    0,    0,    0,    0,    0,    0,    0,    0,    0,    0,    0,    0,    0,    0,    0,    0,    0,    0,    0,    0,    0,    0,   -5,    0,    0,   -5,    0,    0,    0,    0,    0,    0,    0,    0,    0,    0,    0,    0,    0,    0,    0,    0,   -9,    0,    0,   -5,    0,    0,    0,    0,    0,    0,    0,    0,    0,    0,    0,    0,    0,    0,    0,    0,    0,    0,    0,    0,    0,    0,    0,    0,    0,    0,    0,    0,    0,    0,    0,    0,    0,    0,    0,    0,    0,    0,  -14,    0,    0,    0,   -6,    0,    0,    0,    0,    0,    0,    0,    0,    0,    0,    0,    0,    0,
       0,    0,    0,    0,    0,    0,   -7,    0,   -9,    0,   -9,    0,    0,   -6,    0,    0,    0,    0,   -2,    0,    0,    0,    0,    0,    0,    0,    0,    0,    0,    0,    0,    0,    0,    0,    0,    0,    0,   -7,    0,    0,    0,    0,    0,    0,    0,   -1,    0,    0,    0,    0,    0,    0,    0,    0,    0,    0,   -1,   -7,    0,    0,  -10,    0,    0,    0,    0,    0,    0,    0,    0,    0,    0,    0,    0,    0,    0,    0,    0,    0,    0,    0,    0,    0,    0,    0,    0,    0,    0,    0,    0,    0,    0,    0,    0,    0,    0,    0,    0,    0,    0,    0,   -9,    0,    0,    0,    0,    0,    0,    0,    0,    0,    0,    0,    0,    0,
       0,    0,    0,    0,    0,    0,   -1,    0,   -7,    0,   -7,    0,    0,   -1,    0,    0,    0,    0,    0,    0,    0,    0,    0,    0,    0,    0,    0,    0,    0,    0,    0,    0,    0,    0,    0,    0,    0,   -1,    0,    0,    0,    0,    0,    0,    0,   -1,    0,    0,    0,    0,    0,    0,    0,    0,    0,    0,   -1,   -1,    0,    0,    0,    0,    0,    0,    0,    0,    0,    0,    0,    0,    0,    0,    0,    0,    0,    0,    0,    0,    0,    0,    0,    0,    0,    0,    0,    0,    0,    0,    0,    0,    0,    0,    0,    0,    0,    0,    0,    0,    0,    0,   -7,    0,    0,    0,    0,    0,    0,    0,    0,    0,    0,    0,    0,    0,
       0,    0,    0,    0,    0,    0,    0,    0,   -8,    0,   -8,    0,    0,    0,    0,    0,    0,    0,    0,    0,    0,    0,    0,    0,    0,    0,    0,    0,    0,    0,    0,    0,    0,    0,    0,    0,    0,    0,  -12,    0,    0,    0,    0,    0,    0,    0,    0,    0,    0,    0,    0,    0,    0,    0,    0,    0,    0,    0,    0,    0,    0,    0,    0,    0,    0,    0,    0,    0,    0,    0,    0,    0,    0,    0,    0,    0,    0,    0,    0,    0,    0,    0,    0,    0,    0,    0,    0,    0,    0,    0,    0,    0,    0,    0,    0,    0,  -12,    0,    0,    0,   -8,    0,    0,    0,    0,    0,    0,    0,    0,    0,    0,    0,    0,    0,
       0,  -15,    0,    1,  -12,    0,    1,    0,  -33,    0,  -33,    0,   -4,    0,    0,   -4,  -15,   -3,    5,   -4,   -3,   -9,  -24,    0,    0,    0,  -29,    0,    0,  -26,    0,    0,    0,    0,    0,    0,    0,    1,  -42,  -14,    0,    0,    0,  -14,  -12,    0,    0,    0,    0,    0,    0,    0,    0,    0,  -17,    0,    0,    1,    0,    0,    0,    0,    0,    0,    0,    0,    0,    0,  -12,  -12,  -12,  -14,    0,    0,    0,   24,  -14,    0,    0,  -12,    0,    0,   24,   24,    0,  -14,    0,    0,    0,    0,    0,    0,    0,   24,    0,    0,  -38,    0,    0,    0,  -33,    0,    0,    0,    0,    0,    0,    0,    0,  -24,    0,    0,    0,    0,
       0,    0,    0,    0,    0,    0,    0,    0,    0,    0,    0,    0,    0,    0,    0,    0,    0,    0,    0,    0,    0,    0,    0,    0,    0,    0,    0,    0,    0,    0,   -9,    0,  -17,    0,    0,    0,    0,    0,    0,    0,    0,    0,    0,    0,    0,    0,    0,    0,    0,    0,    0,    0,    0,    0,    0,    0,    0,    0,    0,    0,    0,    0,    0,    0,    0,    0,    0,    0,    0,    0,    0,    0,    0,    0,    0,    0,    0,    0,    0,    0,    0,    0,    0,    0,    0,    0,   -9,   -9,   -9,    0,    0,    0,    0,    0,  -12,    0,    0,    0,    0,    0,    0,    0,    0,    0,    0,    0,    0,    0,    0,    0,    0,    0,    0,    0,
       0,    0,    0,    0,    0,    0,    0,    0,    0,    0,    0,    0,    0,    0,    0,    0,    0,    0,    0,    0,    0,    0,    0,    0,    0,    0,  -14,    0,    0,    0,  -12,    0,  -18,  -17,  -14,  -26,    0,    0,    0,    0,    0,    0,    0,    0,    0,    0,    0,  -11,    0,   -9,    0,    0,    0,    0,    0,    0,    0,    0,    0,    0,    0,    0,    0,    0,    0,    0,    0,    0,    0,    0,    0,    0,    0,    0,    0,    0,    0,    0,  -11,    0,    0,    0,    0,    0,    0,    0,  -12,  -12,  -12,    0,    0,    0,    0,    0,  -15,    0,    0,    0,    0,    0,    0,    0,    0,    0,    0,    0,    0,    0,    0,    0,    0,    0,  -11,    0,
       0,    0,    0,    0,    0,    0,    0,    0,    0,    0,    0,    0,    0,    0,    0,    0,    0,    0,  -20,    0,    0,    0,    0,    0,    0,    0,    0,    0,    0,    0,  -21,    0,  -20,  -20,  -15,  -24,  -17,    0,    0,    0,    0,    0,    0,    0,    0,    0,    0,    0,    0,    0,    0,    0,    0,    0,    0,    0,    0,    0,    0,    0,    0,    0,    0,    0,    0,    0,    0,    0,    0,    0,    0,    0,    0,    0,    0,    0,    0,    0,    0,    0,    0,    0,    0,    0,    0,    0,  -21,  -21,  -21,    0,    0,    0,    0,    0,  -26,    0,    0,    0,    0,    0,    0,    0,    0,    0,    0,    0,    0,    0,    0,    0,    0,    0,  -20,    0,
       0,    0,    0,    0,    0,    0,    0,    0,    0,    0,    0,    0,    0,    0,    0,    0,    0,    0,    0,    0,    0,    0,    0,    0,    0,    0,  -17,    0,    0,    0,    0,    0,    0,    0,    0,    0,    0,    0,    0,    0,    0,    0,    0,    0,    0,    0,    0,    0,    0,    0,    0,    0,    0,    0,    0,    0,    0,    0,    0,    0,    0,    0,    0,    0,    0,    0,    0,    0,    0,    0,    0,    0,    0,    0,    0,    0,    0,    0,    0,    0,    0,    0,    0,    0,    0,    0,    0,    0,    0,    0,    0,    0,    0,    0,    0,    0,    0,    0,    0,    0,    0,    0,    0,    0,    0,    0,    0,    0,    0,    0,    0,    0,    0,    0,
       0,    0,    0,    0,    0,    0,    0,    0,  -12,    0,  -12,  -11,    0,    0,    0,    0,    0,    0,    0,    0,    0,    0,    0,    0,    0,    0,   -9,    0,    0,    0,   -9,    0,   -9,   -1,  -11,  -10,    0,    0,  -11,    0,    0,    0,    0,    0,    0,    0,    0,    0,    0,    0,    0,    0,    0,    0,    0,    0,   -1,    0,    0,    0,    0,    0,    0,    0,    0,    0,    0,    0,    0,    0,    0,    0,    0,    0,    0,    0,    0,    0,    0,    0,    0,    0,    0,    0,    0,    0,   -9,   -9,   -9,    0,    0,    0,    0,    0,   -9,    0,  -11,    0,    0,    0,  -12,    0,    0,    0,    0,    0,    0,    0,  -10,  -27,    0,    0,    0,    0,
     -21,    0,    0,    0,    0,    0,  -21,   -9,    0,   -9,    0,    5,   -1,  -12,    0,    0,    0,    0,    0,    0,    0,    0,    0,  -14,  -17,   -9,    4,    0,   -9,    0,  -23,   -6,  -20,  -15,    0,  -22,    0,  -21,    0,   -1,    0,    1,    0,    0,    0,   -6,    0,  -18,  -18,    0,    0,   -9,    0,  -20,   -9,   -9,  -19,  -21,    0,    0,  -13,   -9,    0,   -9,    0,    0,    0,   -9,    0,    0,    0,   -1,    1,    1,    1,    0,   -1,    0,  -18,    0,    0,    0,    0,    0,    0,   -1,  -23,  -23,  -39,    0,    0,    1,    0,    0,  -35,  -27,    0,    0,    0,   -9,    0,  -27,   -2,    0,    0,    0,    0,    0,    0,    0,    0,    0,  -14,    0,
       0,    0,    0,    0,    0,    0,    0,    0,    0,    0,    0,    0,    0,    0,    0,    0,    0,    0,    0,    0,    0,    0,    0,    0,    0,    0,    0,    0,    0,    0,  -14,    0,    0,    0,    0,    0,    0,    0,    0,    0,    0,    0,    0,    0,    0,    0,    0,    0,    0,    0,    0,    0,    0,    0,    0,    0,    0,    0,    0,    0,    0,    0,    0,    0,    0,    0,    0,    0,    0,    0,    0,    0,    0,    0,    0,    9,    0,    0,    0,    0,    0,    0,    9,    9,    0,    0,  -14,  -14,  -14,    0,    0,    0,    0,    9,  -13,    0,    0,    0,    0,    0,    0,    0,    0,    0,    0,    0,    0,    0,    0,    0,    0,    0,    0,    0,
       0,    0,    0,    0,    0,    0,    0,    0,    0,    0,    0,    0,    0,    0,    0,    0,    0,    0,    0,    0,    0,    0,    0,    0,    0,    0,   -5,    0,    0,    0,    0,    0,    0,    0,   -1,    0,    0,    0,  -11,    0,    0,    0,    0,    0,    0,    0,    0,    0,    0,    0,    0,    0,    0,    0,    0,    0,    0,    0,    0,    0,    0,    0,    0,    0,    0,    0,    0,    0,    0,    0,    0,    0,    0,    0,    0,    9,    0,    0,    0,    0,    0,    0,    9,    9,    0,    0,    0,    0,    0,    0,    0,    0,    0,    9,    0,    0,    0,    0,    0,    0,    0,    0,    0,    0,    0,    0,    0,    0,    0,    0,    0,    0,    0,    0,
       0,    0,    0,    0,    0,    0,    0,    0,    0,    0,    0,    0,    0,    0,    0,    0,    0,    0,    0,    0,    0,    0,    0,    0,    0,    0,    0,    0,    0,    0,    0,    0,    0,    0,    0,    0,    0,    0,    0,    0,    0,    0,    0,    0,    0,    0,    0,    0,    0,    0,    0,    0,    0,    0,    0,    0,    0,    0,    0,    0,    0,    0,    0,    0,    0,    0,    0,    0,    0,    0,    0,    0,    0,    0,    0,   20,    0,    0,    0,    0,    0,    0,   20,   20,    0,    0,    0,    0,    0,    0,    0,    0,   15,   20,    0,    0,    0,    0,    0,    0,    0,    0,    0,    0,    0,    0,    0,    0,    0,    0,    0,    0,    0,    0,
       0,    0,    0,    0,    0,    0,    0,    0,  -11,    0,  -20,   -1,    0,    0,    0,    0,    0,    0,    0,    0,    0,    0,    0,    0,    0,   -1,  -24,    0,   -1,  -18,    0,    0,    0,    0,    0,    0,    0,    0,   -9,   -9,    0,    0,    0,   -7,    0,    0,   -9,   -9,    0,    0,   -9,    0,    0,    0,    0,    0,    0,    0,    0,   -9,    0,    0,    0,    0,    0,    0,    0,    0,   -6,   -6,   -6,   -9,    0,    0,    0,    0,   -9,   -9,   -9,   -6,    0,    0,    0,    0,    0,   -9,    0,    0,    0,   -9,    0,    0,   31,    0,    0,    0,  -32,    0,    0,    0,  -33,    0,    0,    0,    0,    0,    0,    0,    0,  -15,    0,    0,    0,    0,
       0,    0,    0,    0,    0,    0,    0,    0,    0,    0,    0,    0,    0,    0,    0,    0,    0,    0,    0,    0,    0,    0,    0,    0,    0,    0,   -6,    0,    0,    0,   -8,    0,   -6,    0,   -1,   -6,    0,    0,    0,    0,    0,    0,    0,    0,    0,    0,    0,    0,    0,    0,    0,    0,    0,    0,    0,    0,    0,    0,    0,    0,    0,    0,    0,    0,    0,    0,    0,    0,    0,    0,    0,    0,    0,    0,    0,    9,    0,    0,    0,    0,    0,    0,    9,    9,    0,    0,   -8,   -8,   -8,    0,    0,    0,    6,    9,    0,    0,    0,    0,    0,    0,    0,    0,    0,    0,    0,    0,    0,    0,    0,    0,    0,    0,    0,    0,
       0,    0,    0,    0,    0,    0,    0,    0,   -9,    0,   -9,  -15,    0,    0,    0,    0,    0,    0,    0,    0,    0,    0,    0,    0,    0,    0,   -6,    0,    0,    0,    0,    0,    0,    0,    0,    0,    0,    0,  -14,    0,    0,    0,    0,    0,    0,    0,    0,    0,    0,    0,    0,    0,    0,    0,    0,    0,    0,    0,    0,    0,    0,    0,    0,    0,    0,    0,    0,    0,    0,    0,    0,    0,    0,    0,    0,    0,    0,    0,    0,    0,    0,    0,    0,    0,    0,    0,    0,    0,    0,    0,    0,    0,   13,    0,    0,    0,  -21,    0,    0,    0,   -9,    0,    0,    0,    0,    0,    0,    0,    0,    0,    0,    0,    0,    0,
       0,    0,   -3,    0,    0,    0,    0,  -29,    0,  -29,    0,    0,    0,    0,    0,    0,    0,    0,    0,    0,    0,    0,  -18,   -9,    0,   -9,    0,    0,   -9,    0,    0,    0,    0,    0,    0,    0,    0,    0,    0,  -11,    0,    3,    0,    0,    0,    0,   -9,  -11,  -17,    0,    0,  -29,    0,    0,  -14,  -42,   -4,    0,    0,   -9,    0,  -41,    0,    0,    0,    0,    0,   -9,    0,    0,    0,  -11,    3,    3,    3,   23,  -11,   -9,  -11,    0,    0,    0,   23,   23,    0,  -11,    0,    0,    0,   -9,    0,    3,   23,   23,    0,    0,    0,    0,    0,   -9,    0,    0,    0,    0,    0,    0,    0,    0,    0,    0,    0,    0,    0,   -9,
     -24,    0,    0,    0,    0,    0,  -45,  -23,    0,  -36,    0,    0,    0,  -12,    0,    0,    0,    0,    0,    0,    0,    0,    0,    0,   -5,   -8,    0,    0,   -8,    0,  -26,    0,  -18,    0,    0,  -15,    0,  -35,    0,    0,    0,    0,    0,    0,    0,   -6,    0,  -18,    0,    0,    0,  -33,    0,  -26,  -17,  -57,  -21,  -47,    0,    0,  -23,  -39,    0,    0,    0,    0,    0,   -9,    0,    0,    0,    0,    0,    0,    0,    0,    0,    0,  -18,    0,    0,    0,    0,    0,    0,    0,  -26,  -26,  -26,    0,    0,    0,    0,    0,  -23,  -10,    0,  -12,  -12,   -9,    0,  -29,    0,    0,    0,    0,    0,    0,    0,    0,    0,    0,    0,    0,
       0,    0,    0,    0,   -9,    0,    0,  -12,  -11,  -12,  -20,    0,    0,    0,    0,    0,    0,    0,    0,    0,    0,    0,    0,    0,    0,    0,  -20,    0,    0,  -26,   -1,    0,    0,    0,    0,    0,    0,    0,    0,   -3,    0,    0,    0,   -1,    0,    0,    0,    0,    0,    0,    0,  -12,    0,    0,    0,  -12,    0,    0,    0,    0,    0,  -12,    0,    0,    0,    0,    0,    0,   -1,   -1,   -1,   -3,    0,    0,    0,    0,   -3,    0,    0,   -1,    0,    0,    0,    0,    0,   -3,   -1,   -1,   -1,    0,    0,    0,    0,    0,    0,    0,  -38,    0,    0,    0,  -36,    0,    0,    0,    0,    0,    0,    0,    0,  -21,    0,    0,    0,    0,
       0,    0,    0,    0,    0,    0,    0,    0,    0,    0,    0,    0,    0,    0,    0,    0,    0,    0,    0,    0,    0,    0,    0,    0,    0,    0,    0,    0,    0,    0,   -1,    0,   -4,    0,    0,   -6,    0,    0,    0,   -4,    0,    0,    0,    0,    0,    0,    0,    0,    0,    0,    0,    0,    0,    0,    0,    0,    0,    0,    0,    0,    0,    0,    0,    0,    0,    0,    0,    0,   -2,   -2,   -2,   -4,    0,    0,    0,   12,   -4,    0,    0,   -2,    0,    0,   12,   12,    0,   -4,   -1,   -1,   -1,    0,    0,    0,    0,   12,    0,    0,    0,    0,    0,    0,    0,    0,    0,    0,    0,    0,    0,    0,    0,    0,    0,    0,    0,    0,
       0,    0,    0,    0,   -9,    0,    0,  -20,   -9,  -20,   -9,  -35,   -9,    0,    0,    0,  -18,    0,  -21,    0,    0,   -9,  -21,   -9,    0,   -9,  -23,    0,   -9,  -24,    0,    0,    0,    0,    0,    4,    0,    0,  -15,  -23,   -1,    0,    0,  -17,  -22,  -22,  -21,  -20,  -19,  -19,  -15,  -20,    0,    0,  -35,  -20,    0,    0,    0,  -48,    0,  -41,    0,  -14,    0,    0,    0,   -9,  -22,  -32,  -32,  -37,    0,    0,    0,   24,  -37,  -37,  -29,  -22,    0,    0,   24,   24,    0,  -23,    0,    0,    0,  -31,    0,    0,   34,   24,    0,    0,  -32,    0,    0,   -9,  -32,    0,    0,    0,    0,    0,    0,    0,    0,  -33,    0,    0,    0,    0,
       0,    0,    0,    0,  -14,    0,    0,  -14,  -26,  -14,  -26,  -13,   -4,    0,    0,    0,   -9,    0,    0,    0,    0,  -17,  -20,  -17,    0,  -18,  -20,    0,   -9,  -26,    0,    0,    4,    0,    0,    0,    0,    0,  -21,  -15,    0,    0,    0,   -2,  -12,    0,    0,    0,    0,    0,    0,  -14,    0,    0,  -15,  -30,    0,    0,    0,    0,    0,  -24,    0,    0,    0,    0,    0,  -11,  -14,  -14,  -25,  -15,    0,    0,    0,   23,  -27,    0,    0,  -14,    0,    0,   23,   23,    0,  -15,    0,    0,    0,    0,    0,    0,   11,   23,    0,    0,  -30,    0,    0,  -11,  -26,    0,    0,    0,    0,    0,    0,    0,  -35,  -41,    0,    0,    0,    0,
       0,    0,    0,    0,  -14,    0,    0,  -14,  -26,  -14,  -26,    0,    0,    0,    0,    0,   -9,    0,    0,    0,    0,  -14,  -20,  -17,    0,   -1,  -15,    0,   -1,  -17,    0,    0,    0,    6,    0,    0,    0,    0,    0,  -14,    0,    0,    0,   -8,   -9,    0,    0,    0,    0,    0,    0,  -14,    0,    0,  -15,  -14,    0,    0,    0,    0,    0,  -23,    0,    0,    0,    0,    0,    0,  -14,  -14,  -14,  -14,    0,    0,    0,    0,  -14,    0,    0,  -14,    0,    0,    0,    0,    0,  -14,    0,    0,    0,    0,    0,    0,   23,    0,    0,    0,  -29,    0,    0,    0,  -26,    0,    0,    0,    0,    0,    0,    0,  -24,  -28,    0,    0,    0,    0,
       0,    0,   -3,    0,    0,    0,    0,  -10,    0,  -10,    0,    0,   -9,    0,    0,   -5,  -11,    0,    0,   -5,    0,    0,  -15,  -14,    0,  -11,    0,    0,  -11,    0,   -8,    0,    0,    0,    0,    0,    0,    0,    0,   -8,    0,    0,    0,    0,    0,    0,    0,    0,    0,    0,    0,  -19,    0,    0,  -11,  -24,   -2,    0,    0,    0,    0,  -22,    0,    0,    0,    0,    0,  -12,  -15,  -15,  -15,   -8,    0,    0,    0,    0,   -8,    0,    0,  -15,    0,    0,    0,    0,    0,   -8,   -8,   -8,   -8,    0,    0,    0,   23,    0,    0,    0,    0,    0,    0,  -12,    0,    0,    0,    0,    0,    0,    0,    0,    0,    0,    0,   -9,    0,    0,
       0,    0,    0,    0,  -17,    0,    0,  -21,   -9,  -21,   -9,    0,    0,    0,    0,    0,  -18,    0,    0,    0,    0,  -17,  -27,  -26,    0,  -10,  -22,    0,  -10,   -9,    4,    0,    0,    0,    0,    0,    0,    0,    0,  -22,    0,   -8,    0,  -12,  -18,    0,  -11,    0,    0,    0,    0,  -21,    0,    0,  -24,  -35,   -2,    0,    0,  -11,    0,  -35,    0,  -17,    0,    0,    0,  -23,  -20,  -39,  -33,  -22,   -8,  -15,   -8,    0,  -22,  -11,    0,  -34,    0,    0,    0,    0,    0,  -37,    4,    4,    4,  -11,    0,   -8,   23,    0,    0,    0,  -29,    0,    0,  -11,  -35,    0,    0,    0,    0,    0,    0,    0,  -40,  -47,    0,    0,    0,   -9,
       0,    0,    0,    0,    0,    0,    0,  -11,    0,  -11,    0,    0,    0,    0,    0,    0,    0,    0,    0,    0,    0,    0,  -17,    0,    0,   -9,    0,    0,   -9,    0,    0,    0,    0,    0,    0,    0,    0,    0,    0,    0,    0,    0,    0,    0,    0,    0,    0,    0,    0,    0,    0,  -11,    0,    0,   -9,  -11,    0,    0,    0,    0,    0,  -20,    0,    0,    0,    0,    0,    0,    0,    0,    0,    0,    0,    0,    0,   23,    0,    0,    0,    0,    0,    0,   23,   23,    0,    0,    0,    0,    0,    0,    0,    0,    9,   23,    0,    0,    0,    0,    0,    0,    0,    0,    0,    0,    0,    0,    0,    0,    0,    0,    0,    0,    0,    0,
       0,    0,    0,    0,    0,    0,    0,    0,    0,    0,    0,    0,    0,    0,    0,    0,    0,    0,    0,    0,    0,    0,    0,    0,    0,    0,    0,    0,    0,    0,    0,    0,    0,    0,    0,    0,    0,    0,    0,   -3,    0,    0,    8,    0,    0,    0,    0,    0,    0,    0,    0,    0,    0,    0,    0,    0,    0,    0,    0,    0,    0,    0,    0,    0,    0,    0,    0,    0,    0,    0,    0,   -3,    0,    0,    0,    0,   -3,    0,    0,    0,    0,    0,    0,    0,    8,   -3,    0,    0,    0,    0,    0,    0,   23,    0,    0,    0,    0,    0,    0,    0,    0,    0,    0,    0,    0,    0,    0,    0,    0,    0,    0,    0,    0,    0,
     -21,    0,    0,    0,    0,    0,  -21,   -9,    0,   -9,    0,    5,   -1,  -12,    0,    0,    0,    0,    0,    0,    0,    0,    0,  -14,  -17,   -9,    4,    0,   -9,    0,  -34,   -6,  -33,  -30,    0,  -22,    0,  -21,    0,   -1,    0,    1,    0,    0,    0,   -6,    0,  -32,  -18,    0,    0,   -9,    0,  -20,   -9,   -9,  -19,  -21,    0,    0,  -13,   -9,    0,   -9,    0,    0,    0,   -9,    0,    0,    0,   -1,    1,    1,    1,    0,   -1,    0,  -32,    0,    0,    0,    0,    0,    0,   -1,  -34,  -34,  -34,    0,    0,    1,    0,    0,  -46,  -42,    0,    0,    0,   -9,    0,  -42,   -2,    0,    0,    0,    0,    0,    0,    0,    0,    0,  -14,    0,
       0,    0,    0,    0,    0,    0,  -18,    0,    0,    0,    0,    0,  -12,  -29,    0,  -12,  -15,  -12,    0,  -12,  -12,    0,    0,    0,    0,  -11,    0,    7,  -11,    0,  -15,  -11,  -21,    0,    0,    0,    0,  -18,    0,    0,    0,    7,   26,    7,    0,    0,    0,  -21,    0,    0,    0,    0,    0,    0,    0,    0,    0,  -18,    0,    0,  -12,    0,    0,    0,    0,    0,    0,    0,    0,    0,    0,    0,    7,    7,    7,    0,    0,    0,  -21,    0,    0,    7,    0,    0,   26,    0,  -15,  -15,  -15,    0,    7,    7,    0,    0,  -11,    0,    0,    0,    0,    0,    0,    0,    0,    0,    0,    0,    0,    0,    0,    0,    0,    0,  -14,    0,
      -3,    0,    0,    0,    0,    0,    0,    0,    0,    0,    0,    0,    0,  -11,    0,    0,    0,    0,    0,    0,    0,    0,    0,    0,    0,    0,    0,    0,    0,    0,  -20,    0,  -14,  -14,    0,  -20,    0,    0,    0,    0,    0,    0,    0,    0,    0,    0,    0,   -4,    0,    0,    0,    0,    0,    0,    0,    0,   -2,    0,    0,    0,    0,    0,    0,    0,    0,    0,    0,    0,    0,    0,    0,    0,    0,    0,    0,    0,    0,    0,   -4,    0,    0,    0,    0,    0,    0,    0,  -20,  -20,  -20,    0,    0,    0,    0,    0,  -12,   -6,    0,    0,    0,    0,    0,   -6,    0,    0,    0,    0,    0,    0,    0,    0,    0,    0,    0,    0,
      -6,    0,    0,    0,    0,   -3,    0,    0,    0,    0,    0,    0,    0,   -9,    0,    0,    0,    0,    0,    0,    0,    0,    0,    0,    0,    0,   -8,    0,    0,    0,  -24,    0,  -15,  -14,   -8,  -23,    0,    0,    0,    0,    0,    0,    0,    0,    0,    0,    0,   -5,   -5,   -6,   -4,    0,    0,   -9,    0,    0,   -2,    0,    0,    0,    0,    0,    0,    0,    0,    0,    0,    0,    2,    2,    2,    0,    0,    0,    0,    0,    0,    0,   -5,    2,    0,    0,    0,    0,    0,    0,  -24,  -24,  -24,    0,    0,    0,    9,    0,  -17,   -6,    0,    0,    0,    0,    0,   -6,    0,    0,    0,    0,    0,    0,    0,    0,    0,    0,    0,    0,
       0,    0,    0,    0,    0,    0,    0,   -8,  -15,   -8,  -15,   -8,    0,    0,    0,    0,  -17,    0,    0,    0,    0,    0,    0,    0,    0,    0,   -9,    0,    0,  -17,    0,    0,    0,    0,    0,    3,    0,    0,   -4,   -7,  -10,    0,    0,    0,   -6,   -9,    0,    0,    5,    0,    0,   -8,    0,    0,  -11,   -8,    0,    0,    0,    0,    0,   -8,    0,    0,    0,    0,    0,   -6,   -4,   -4,   -4,   -7,    0,    0,    0,   27,   -7,    0,    0,   -4,    0,    0,   27,   38,    0,   -7,    0,    0,    0,    0,    0,    0,   12,   36,    0,    0,  -24,    0,    0,   -6,  -15,    0,    0,    0,    0,    0,    0,    0,    0,  -11,    0,    0,    0,    0,
       0,    0,    0,    0,    0,    0,    0,    0,    0,    0,    0,    0,    0,    0,    0,    0,    0,    0,    0,    0,    0,    0,    0,    0,    0,    0,    0,    0,    0,    0,  -14,    0,    0,    0,    0,    0,    0,    0,    0,    0,    0,    0,    0,    0,    0,    0,    0,    0,    0,    0,    0,    0,    0,    0,    0,    0,    0,    0,    0,    0,    0,    0,    0,    0,    0,    0,    0,    0,    0,    0,    0,    0,    0,    0,    0,    0,    0,    0,    0,    0,    0,    0,    0,    0,    0,    0,  -14,  -14,  -14,    0,    0,    0,    0,    0,    0,    0,    0,    0,    0,    0,    0,    0,    0,    0,    0,    0,    0,    0,    0,    0,    0,    0,    0,    0,
       0,    0,    0,    0,    0,    2,    0,    0,    0,    0,    0,    0,    0,    0,    0,    0,    0,    0,    0,    0,    0,    0,    0,    0,    0,    0,    0,    0,    0,    0,    0,    0,    0,    0,    0,    0,    0,    0,    0,    0,    0,    0,    0,    0,    0,    1,    0,    0,    0,    0,    0,    0,    2,    0,    0,    0,    0,    0,    0,    0,    0,    0,    0,    0,    0,    0,    0,    0,    0,    0,    0,    0,    0,    0,    0,   19,    0,    0,    0,    0,    0,    0,   28,   19,    0,    0,    0,    0,    0,    0,    0,    0,   23,   28,    0,    0,    0,    0,    0,    0,    0,    0,    0,    0,    0,    0,    0,    0,    0,    0,    0,    0,    0,    0,
       0,    0,    0,    0,    0,    0,    0,  -12,    0,  -12,    0,    0,    0,    0,    0,    0,  -12,    0,    0,    0,    0,    0,  -23,    0,    0,    0,    0,    0,    0,    0,  -15,    0,    0,    0,    0,    0,    0,    0,    0,   -6,    0,    0,    0,    0,    0,    0,    0,    0,    0,    0,    0,  -12,    0,    0,  -14,  -30,    0,    0,    0,    0,    0,  -12,    0,    0,    0,    0,    0,    0,    0,    0,    0,   -6,    0,    0,    0,    0,   -6,    0,    0,    0,    0,    0,    0,    0,    0,   -6,  -15,  -15,  -15,    0,    0,    0,    0,    0,    0,    0,    0,    0,    0,    0,    0,    0,    0,    0,    0,    0,    0,    0,    0,    0,    0,    0,    0,    0,
       0,    0,    0,    0,    0,    0,    0,  -11,  -17,  -11,  -17,   -9,    0,    0,    0,    0,    0,    0,    0,    0,    0,    0,  -11,    0,    0,    0,  -11,    3,    0,  -15,  -15,    0,    0,    0,    0,    0,   -9,    0,    0,   -4,    4,    2,    3,    3,    0,    4,    0,    4,    2,    3,    0,  -11,    0,    0,    0,  -20,    0,    0,    0,    0,    0,  -11,    0,    0,    0,    0,    0,    0,   -1,   -1,   -1,   -4,    2,    2,    2,    7,   -4,    0,    4,   -1,    0,    3,    7,    7,    3,   -4,  -15,  -15,  -15,    0,    3,    2,    0,    7,  -11,    4,  -21,    0,    0,    0,  -17,    4,    0,    0,    0,    0,    0,    0,    0,  -14,    0,    0,    0,    0,
      -2,    0,    0,    0,    0,    0,    0,    0,    0,    0,    0,    0,    0,    0,    0,    0,    0,    0,    0,    0,    0,    0,    0,    0,    0,    0,    0,    0,    0,    0,  -20,    0,  -12,   -9,    0,  -20,    0,    0,    0,    0,    0,    0,    0,    0,    0,    1,    0,   -1,    0,    0,    0,    0,    0,    0,    0,    0,   -2,    0,    0,    0,    0,    0,    0,    0,    0,    0,    0,    0,    0,    0,    0,    0,    0,    0,    0,    0,    0,    0,   -1,    0,    0,    0,    0,    0,    0,    0,  -20,  -20,  -20,    0,    0,    0,    0,    0,  -14,    0,   -3,    0,    0,    0,    0,    0,    0,    0,    0,    0,    0,    0,    0,    0,    0,    0,    0,    0,
       0,    0,    0,    0,    0,    0,    0,   -5,    0,   -5,    0,    0,    0,    0,    0,    0,   -4,    0,    0,    0,    0,    0,   -8,    0,    0,    0,    0,    0,    0,    0,   -9,    0,   -3,   -3,    0,   -4,    0,    0,    0,   -3,   -6,    0,    3,    0,   -3,   -2,    0,    6,    4,    0,    0,   -5,    0,    0,    0,   -5,    0,    0,    0,    0,    0,   -5,    0,    0,    0,    0,    0,   -3,    2,    2,    2,   -3,    0,    0,    0,    0,   -3,    0,    6,    2,    0,    0,    0,    0,    3,   -3,   -9,   -9,   -9,    0,    0,    0,   12,    0,  -11,    2,    0,    0,    0,   -3,    0,    2,    0,    0,    0,    0,    0,    0,    0,    9,    0,    0,    0,    0,
       0,    0,    0,    0,    0,    0,    0,  -11,    0,  -11,    0,   -9,    0,    0,    0,    0,    0,    0,    0,    0,    0,    0,  -11,    0,    0,    0,    0,    0,    0,    0,  -14,    0,    0,    0,    0,  -15,    0,    0,   -9,    0,    0,    0,    0,    0,    0,    0,    0,    0,    0,    0,    0,  -11,    0,    0,    0,  -20,    0,    0,    0,    0,    0,  -11,    0,    0,    0,    0,    0,    0,    0,    0,    0,    0,    0,    0,    0,    0,    0,    0,    0,    0,    2,    0,    0,    0,    0,    0,  -14,  -33,  -14,    0,    0,    0,    0,    0,  -11,    4,    0,    0,    0,    0,    0,    4,    0,    0,    0,    0,    0,    0,    0,  -17,    0,    0,    0,    0,
       0,    0,    0,    0,    0,    0,    0,   -9,  -13,   -9,  -13,  -15,    0,    0,    0,    0,    0,    0,    0,    0,    0,    0,   -9,  -11,    0,    0,  -18,    1,    0,  -17,   -9,    0,    0,    0,    0,   -9,    0,    0,  -21,   -5,    4,    0,    0,    0,   -1,    4,    0,    0,    0,    0,    0,   -9,    0,    0,  -11,   -9,    0,    0,    0,    0,    0,   -9,    0,    0,    0,    0,    0,    0,   -2,   -2,   -2,   -5,    0,    0,    0,    0,   -5,    0,    0,   -2,    0,    1,    0,    0,    0,   -5,   -9,  -26,   -9,    0,    1,    0,    2,    0,    0,    2,  -21,    0,    0,    0,  -33,    2,    0,    0,    0,    0,    0,    0,    0,  -14,    0,    0,    0,    0,
       0,    0,    0,    0,   -9,    0,    0,    0,  -20,    0,  -20,    0,    0,    0,    0,    0,    0,    0,    0,    0,    0,    0,    0,    0,    0,    0,  -18,    0,    0,  -15,  -14,    0,    0,    0,    0,    0,   -9,    0,    0,   -5,    0,    0,    0,    0,    0,    0,    0,    0,    0,    0,    0,    0,    0,    0,   -9,    0,    0,    0,    0,    0,    0,    0,    0,    0,    0,    0,    0,    0,    0,    0,    0,   -5,    0,    0,    0,    0,   -5,    0,    0,    0,    0,    0,    0,    0,    0,   -5,  -14,  -14,  -14,    0,    0,    0,    0,    0,    0,    2,  -21,    0,    0,    0,  -20,    2,    0,    0,    0,    0,    0,    0,    0,    0,    0,    0,    0,    0,
       0,    0,    0,    0,    0,    0,    0,   -6,    0,   -6,    0,    0,    0,    0,    0,    0,    0,    0,    0,    0,    0,    0,    0,   -9,    0,    0,    0,    0,    0,    0,  -17,    0,    0,    0,    0,    0,    0,    0,    0,   -6,    5,    0,    0,    0,    0,    5,    0,    0,    0,    0,    0,   -6,    0,    0,   -9,   -6,    0,    0,    0,    0,    0,   -6,    0,    0,    0,    0,    0,    0,   -1,   -1,   -1,   -6,    0,    0,    0,    0,   -6,    0,    0,   -1,    0,    0,    0,    0,    0,   -6,  -17,  -17,  -17,    0,    0,    0,    0,    0,    0,    0,    0,    0,    0,    0,    0,    0,    0,    0,    0,    0,    0,    0,    0,    0,    0,    0,    0,    0,
       0,    0,    0,    0,    0,    0,    0,    0,    0,    0,    0,    0,    0,    0,    0,    0,    0,    0,    0,    0,    0,    0,    0,    0,    0,    0,    0,    0,    0,    0,   -9,    0,    0,    0,    0,    0,    0,    0,    0,   -4,    0,    0,    0,    0,    0,    0,    0,    0,    0,    0,    0,    0,    0,    0,    0,    0,    0,    0,    0,    0,    0,    0,    0,    0,    0,    0,    0,    0,    0,    0,    0,   -4,    0,    0,    0,    0,   -4,    0,    0,    0,    0,    0,    0,    0,    0,   -4,   -9,   -9,   -9,    0,    0,    0,    0,    0,    0,    0,    0,    0,    0,    0,    0,    0,    0,    0,    0,    0,    0,    0,    0,    0,    0,    0,    0,    0,
       0,    0,    0,    0,    0,    0,    0,    0,    0,    0,    0,    0,    0,    0,   -9,   -3,    0,    0,   -6,    0,    0,    0,    0,    0,    0,    0,   -9,    0,    0,  -12,  -20,    0,  -14,  -14,  -19,  -21,    0,    0,    0,    0,    0,    0,    0,    0,    0,    0,    0,   -1,    0,   -6,    0,    0,    0,    0,    0,    0,    0,    0,    0,    0,   -4,    0,    0,    0,    0,    0,    0,    0,    0,    0,    0,    0,    0,    0,    0,    0,    0,    0,   -1,    0,    0,    0,    0,    0,    0,    0,  -29,  -29,  -20,    0,    0,    0,    0,    0,  -17,    0,    0,    0,    0,    0,    0,    0,    0,    0,    0,    0,    0,    0,    0,    0,    0,    0,    0,    0,
       0,    0,    0,    0,    0,    0,    0,    0,    0,    0,    0,    0,    0,    0,    0,    0,    0,    0,    0,    0,    0,    0,    0,    0,    0,    0,    0,    0,    0,    0,  -18,    0,   -9,    0,    0,  -18,    0,    0,    0,    0,    0,    0,    0,    0,    0,    0,    0,    0,    0,    0,    0,    0,    0,    0,    0,    0,    0,    0,    0,    0,    0,    0,    0,    0,    0,    0,    0,    0,    0,    0,    0,    0,    0,    0,    0,    0,    0,    0,    0,    0,    0,    0,    0,    0,    0,    0,  -18,  -18,  -18,    0,    0,    0,    0,    0,   -9,    0,    0,    0,    0,    0,    0,    0,    0,    0,    0,    0,    0,    0,    0,    0,    0,    0,    0,    0,
       0,    0,    0,    0,    0,    0,    0,    0,    0,    0,    0,    0,    0,    0,    0,    0,    0,    0,    0,    0,    0,    0,    0,    0,    0,    0,    0,    0,    0,    0,    0,    0,    0,    0,    0,    0,    0,    0,    0,    0,    0,    9,    0,    0,    0,    0,    0,    0,    0,    0,    0,    0,    0,    0,    0,    0,    0,    0,    0,    0,    0,    0,    0,    0,    0,    0,    0,    0,    0,    0,    0,    0,    9,    9,    9,    0,    0,    0,    0,    0,    0,    0,    0,    0,    0,    0,    0,    0,    0,    0,    0,    9,   12,    0,    0,    0,    0,    0,    0,    0,    0,    0,    0,    0,    0,    0,    0,    0,    0,    0,    0,    0,    0,    0,
       0,    0,    0,    0,  -11,    0,    0,    0,    0,    0,    0,    0,    0,    0,    0,    0,    0,    0,    0,    0,    0,    0,    0,    0,    0,    0,  -20,    0,    0,  -20,    0,    0,    0,    0,    0,    0,    0,    0,    0,   -9,    0,    0,    0,    0,    0,    0,    0,    0,    0,    0,    0,    0,    0,    0,    0,    0,    0,    0,    0,    0,    0,    0,    0,    0,    0,    0,    0,    0,    0,    0,    0,   -9,    0,    0,    0,    0,   -9,    0,    0,    0,    0,    0,    0,    0,    0,   -9,    0,    0,    0,    0,    0,    0,    0,    0,    0,    0,    0,    0,    0,    0,    0,    0,    0,    0,    0,    0,    0,    0,    0,    0,    0,    0,    0,    0,
       0,    0,    0,    0,    0,    0,    0,    0,    0,    0,    0,    0,    0,    0,    0,    0,    0,    0,    0,    0,    0,    0,    0,    0,    0,    0,   -9,    0,    0,    0,  -14,    0,    0,    0,    0,  -17,    0,    0,    0,    0,    0,    0,    0,    0,    0,    0,    0,    0,    0,    0,    0,    0,    0,    0,    0,    0,    0,    0,    0,    0,    0,    0,    0,    0,    0,    0,    0,    0,    0,    0,    0,    0,    0,    0,    0,    0,    0,    0,    0,    0,    0,    0,    0,    0,    0,    0,  -14,  -14,  -14,    0,    0,    0,    0,    0,    0,    0,    0,    0,    0,    0,    0,    0,    0,    0,    0,    0,    0,    0,    0,    0,    0,    0,    0,    0,
       0,    0,    0,    0,   -9,    0,    0,    0,    0,    0,    0,    0,    0,    0,    0,    0,  -13,    0,    0,    0,    0,    0,    0,    0,    0,   -1,  -19,    0,   -1,  -19,    0,    0,    0,    0,   -2,   -2,    0,    0,    0,   -8,    0,    0,    0,    0,   -3,    0,    0,    0,    0,    0,    0,    0,    0,    0,    0,    0,    0,    0,    0,    0,    0,    0,    0,    0,    0,    0,    0,    0,   -3,   -3,   -3,   -8,    0,    0,    0,    0,   -8,    0,    0,   -3,    0,    0,    0,    0,    0,   -8,    0,    0,    0,    0,    0,    0,    0,    0,    0,    0,    0,    0,    0,    0,    0,    0,    0,    0,    0,    0,    0,    0,    0,    0,    0,    0,    0,    0,
       0,    0,    0,    0,    0,    0,    0,    0,    0,    0,    0,    0,    0,    0,    0,    0,    0,    0,    0,    0,    0,    0,    0,    0,    0,    0,    0,    0,    0,    0,    0,    0,    0,    0,    0,    0,    0,    0,    0,    0,    0,    0,    0,    0,    0,    0,    0,    0,    0,    0,    0,    0,    0,    0,    0,    0,    0,    0,    0,    0,    0,    0,    0,    0,    0,    0,    0,    0,    0,    0,    0,    0,    0,    0,    0,    0,    0,    0,    0,    0,    0,    0,    0,    0,    0,    0,    0,    0,    0,    0,    0,    0,    0,    0,    0,    0,    0,    0,    0,    0,    0,    0,    0,   -3,    0,    0,    0,    0,    0,    0,    0,    0,    0,    0,
       0,    0,    0,    0,    0,    0,    0,  -11,    0,  -11,    0,   -9,    0,    0,    0,    0,    0,    0,    0,    0,    0,    0,  -11,    0,    0,    0,    0,    0,    0,    0,  -14,    0,    0,    0,    0,  -15,    0,    0,   -9,    0,    0,    0,    0,    0,    0,    0,    0,    0,    0,    0,    0,  -11,    0,    0,    0,  -20,    0,    0,    0,    0,    0,  -11,    0,    0,    0,    0,    0,    0,    0,    0,    0,    0,    0,    0,    0,    0,    0,    0,    0,    0,    2,    0,    0,    0,    0,    0,  -14,  -33,  -14,    0,    0,    0,    0,    0,  -24,    4,    0,    0,    0,    0,    0,    4,    0,    0,    0,    0,    0,    0,    0,  -17,    0,    0,    0,    0,
       0,    0,    0,    0,    0,    0,    0,    0,    0,    0,    0,    0,    0,    0,   -9,   -3,    0,    0,   -6,    0,    0,    0,    0,    0,    0,    0,   -9,    0,    0,  -12,  -41,    0,  -24,  -14,  -22,  -35,    0,    0,    0,    0,    0,    0,    0,    0,    0,    0,    0,   -1,    0,   -6,    0,    0,    0,    0,    0,    0,    0,    0,    0,    0,   -4,    0,    0,    0,    0,    0,    0,    0,    0,    0,    0,    0,    0,    0,    0,    0,    0,    0,   -1,    0,    0,    0,    0,    0,    0,    0,  -41,  -41,  -41,    0,    0,    0,    0,    0,  -17,    0,    0,    0,    0,    0,    0,    0,    0,    0,    0,    0,    0,    0,    0,    0,    0,    0,    0,    0,
       0,    0,    0,    0,    0,    0,    0,    0,    0,    0,    0,    0,    0,  -11,  -14,  -12,    0,    0,  -14,   -9,    0,    0,    0,    0,    0,    0,   -9,    0,    0,    0,  -35,    0,  -17,  -15,  -11,  -24,   -9,    0,    0,    0,    0,    0,    0,    0,    0,    0,    0,   -9,   -9,   -9,    0,    0,    0,    0,    0,    0,    0,    0,    0,    0,    0,    0,    0,    0,    0,    0,    0,    0,    0,    0,    0,    0,    0,    0,    0,    0,    0,    0,   -9,    0,    0,    0,    0,    0,    0,    0,  -35,  -35,  -35,    0,    0,    0,    0,    0,  -23,    0,    0,    0,    0,    0,    0,    0,    0,    0,    0,    0,    0,    0,    0,    0,    0,    0,    0,    0,
       0,    0,    0,    0,    0,    0,    0,    0,    0,    0,    0,    0,    0,    0,    0,    0,    0,    0,    0,    0,    0,    0,    0,    0,    0,    0,    0,    0,    0,    0,  -18,    0,  -22,  -19,    0,    0,    0,    0,    0,    0,    0,    0,    0,    0,    0,    0,    0,    0,    0,    0,    0,    0,    0,    0,    0,    0,    0,    0,    0,    0,    0,    0,    0,    0,    0,    0,    0,    0,    0,    0,    0,    0,    0,    0,    0,    0,    0,    0,    0,    0,    0,    0,    0,    0,    0,    0,  -18,  -18,  -18,    0,    0,    0,    0,    0,  -17,   -9,    0,    0,    0,    0,    0,   -9,    0,    0,    0,    0,    0,    0,    0,    0,    0,    0,    0,    0,
       0,    0,    0,    0,    0,    0,    0,    0,    0,    0,    0,    0,    0,    0,    0,    0,    0,    0,    0,    0,    0,    0,    0,    0,    0,    0,    0,    0,    0,    0,    0,    0,    0,    0,    0,    0,    0,    0,    0,    0,    0,    0,    0,    0,    0,    0,    0,    0,    0,    0,    0,    0,    0,    0,    0,    0,    0,    0,    0,    0,    0,    0,    0,    0,    0,    0,    0,    0,    0,    0,    0,    0,    0,    0,    0,    6,    0,    0,    0,    0,    0,    0,    6,    6,    0,    0,    0,    0,    0,    0,    0,    0,   11,    6,    0,    0,    0,    0,    0,    0,    0,    0,    0,    0,    0,    0,    0,    0,    0,    0,    0,    0,    0,    0,
       0,    0,    0,    0,    0,    0,    0,    0,    0,    0,    0,    0,    0,    0,    0,    0,    0,    0,    0,    0,    0,    0,    0,    0,    0,    0,   -9,    0,    0,    0,  -24,    0,  -11,    0,  -12,  -12,    0,    0,    0,    0,    0,    0,    0,    0,    0,    0,    0,    0,    0,    0,    0,    0,    0,    0,    0,    0,    0,    0,    0,    0,    0,    0,    0,    0,    0,    0,    0,    0,    0,    0,    0,    0,    0,    0,    0,    0,    0,    0,    0,    0,    0,    0,    0,    0,    0,    0,  -24,  -24,  -24,    0,    0,    0,    0,    0,    0,    0,    0,    0,    0,    0,    0,    0,    0,    0,    0,    0,    0,    0,    0,    0,    0,    0,   -9,    0,
       0,    0,    0,    0,    0,    0,    0,    0,  -27,    0,  -27,    0,    0,    0,    0,    0,    0,    0,    0,    0,    0,    0,    0,    0,    0,    0,  -11,    0,    0,  -11,  -15,    0,  -14,    0,    0,    0,  -11,    0,    0,    0,    0,    0,    0,    0,    0,    0,    0,    0,    0,    0,    0,    0,    0,    0,    0,    0,    0,    0,    0,    0,    0,    0,    0,    0,    0,    0,    0,    0,    0,    0,    0,    0,    0,    0,    0,    0,    0,    0,    0,    0,    0,    0,    0,    0,    0,    0,  -15,  -15,  -15,    0,    0,    0,    0,    0,  -15,    0,  -33,    0,    0,    0,  -27,    0,    0,    0,    0,    0,    0,    0,    0,    0,    0,    0,    0,    0,
       0,    0,    0,    0,    0,    0,    0,    0,    0,    0,    0,    0,    0,    0,    0,    0,    0,    0,    0,    0,    0,    0,    0,    0,    0,    0,    0,    0,    0,    0,  -14,    0,    0,    0,    0,    0,    0,    0,    0,    0,    0,    0,    0,    0,    0,    0,    0,    0,    0,    0,    0,    0,    0,    0,    0,    0,    0,    0,    0,    0,    0,    0,    0,    0,    0,    0,    0,    0,    0,    0,    0,    0,    0,    0,    0,    9,    0,    0,    0,    0,    0,    0,    9,    9,    0,    0,  -14,  -14,  -14,    0,    0,    0,    0,    9,  -31,    0,    0,    0,    0,    0,    0,    0,    0,    0,    0,    0,    0,    0,    0,    0,    0,    0,    0,    0,
       0,    0,    0,    0,    0,    0,    0,    0,    0,    0,    0,    0,    0,    0,    0,    0,    0,    0,    0,    0,    0,    0,    0,    0,    0,    0,    0,    0,    0,    0,  -21,    0,    0,    0,    0,    0,    0,    0,    0,    0,    0,    0,    0,    0,    0,    0,    0,    0,    0,    0,    0,    0,    0,    0,    0,    0,    0,    0,    0,    0,    0,    0,    0,    0,    0,    0,    0,    0,    0,    0,    0,    0,    0,    0,    0,    0,    0,    0,    0,    0,    0,    0,    0,    0,    0,    0,  -21,  -21,  -21,    0,    0,    0,    0,    0,    0,    0,    0,    0,    0,    0,    0,    0,    0,    0,    0,    0,    0,    0,    0,    0,    0,    0,    0,    0,
       0,    0,    0,    0,    0,    2,    0,    0,    0,    0,    0,    0,    0,    0,    0,    0,    0,    0,    0,    0,    0,    0,    0,    0,    0,    0,    0,    0,    0,    0,    0,    0,    0,    0,    0,    0,    0,    0,    0,    0,    0,    0,    0,    0,    0,    1,    0,    0,    0,    0,    0,    0,    2,    0,    0,    0,    0,    0,    0,    0,    0,    0,    0,    0,    0,    0,    0,    0,    0,    0,    0,    0,    0,    0,    0,   28,    0,    0,    0,    0,    0,    0,   29,   28,    0,    0,    0,    0,    0,    0,    0,    0,   20,   28,    0,    0,    0,    0,    0,    0,    0,    0,    0,    0,    0,    0,    0,    0,    0,    0,    0,    0,    0,    0,
       0,    0,    0,    0,    0,    0,    0,    0,    0,    0,    0,    0,    0,   12,    0,    0,    0,    0,   24,    0,    0,    0,    0,    0,    0,    0,    0,   17,    0,    0,   24,    0,   23,    0,    0,    0,   24,    0,    0,    0,   11,   19,   18,    7,    0,   14,    0,    0,    0,    0,    0,    0,    0,    0,    0,    0,    0,    0,    0,    0,    0,    0,    0,    0,    0,    6,    0,    0,    0,    0,    0,    0,   28,   19,   28,   46,    0,    0,    0,    0,    0,   17,   46,   46,   27,    0,   24,   24,   24,    0,   36,   28,   14,   46,    0,    0,    0,    0,    0,    0,    0,    0,    0,    0,    0,    0,    0,    0,    0,    0,    0,    0,    0,    0,
      -3,    0,    0,    0,    0,    0,    0,    0,    0,    0,    0,    0,    0,  -11,    0,    0,    0,    0,    0,    0,    0,    0,    0,    0,    0,    0,    0,    0,    0,    0,  -33,    0,  -14,  -14,    0,  -20,    0,    0,    0,    0,    0,    0,    0,    0,    0,    0,    0,   -4,    0,    0,    0,    0,    0,    0,    0,    0,   -2,    0,    0,    0,    0,    0,    0,    0,    0,    0,    0,    0,    0,    0,    0,    0,    0,    0,    0,    0,    0,    0,   -4,    0,    0,    0,    0,    0,    0,    0,  -33,  -33,  -33,    0,    0,    0,    0,    0,  -12,   -6,    0,    0,    0,    0,    0,   -6,    0,    0,    0,    0,    0,    0,    0,    0,    0,    0,    0,    0,
      -6,    0,    0,    0,    0,   -3,    0,    0,    0,    0,    0,    0,    0,   -9,    0,    0,    0,    0,    0,    0,    0,    0,    0,    0,    0,    0,   -8,    0,    0,    0,  -37,    0,  -15,  -14,   -8,  -23,    0,    0,    0,    0,    0,    0,    0,    0,    0,    0,    0,   -5,   -5,   -6,   -4,    0,    0,   -9,    0,    0,   -2,    0,    0,    0,    0,    0,    0,    0,    0,    0,    0,    0,    2,    2,    2,    0,    0,    0,    0,    0,    0,    0,   -5,    2,    0,    0,    0,    0,    0,    0,  -37,  -37,  -37,    0,    0,    0,    9,    0,  -17,   -6,    0,    0,    0,    0,    0,   -6,    0,    0,    0,    0,    0,    0,    0,    0,    0,    0,    0,    0,
      -3,    0,    0,    0,    0,    0,    0,    0,    0,    0,    0,    0,    0,  -11,    0,    0,    0,    0,    0,    0,    0,    0,    0,    0,    0,    0,    0,    0,    0,    0,  -40,    0,  -14,  -14,    0,  -20,    0,    0,    0,    0,    0,    0,    0,    0,    0,    0,    0,   -4,    0,    0,    0,    0,    0,    0,    0,    0,   -2,    0,    0,    0,    0,    0,    0,    0,    0,    0,    0,    0,    0,    0,    0,    0,    0,    0,    0,    0,    0,    0,   -4,    0,    0,    0,    0,    0,    0,    0,  -40,  -40,  -40,    0,    0,    0,    0,    0,  -12,   -6,    0,    0,    0,    0,    0,   -6,    0,    0,    0,    0,    0,    0,    0,    0,    0,    0,    0,    0,
       9,    0,    0,    0,    0,   26,   15,    0,    0,    0,    0,    0,    0,   12,    0,    0,    0,    0,   12,    0,    0,    0,    0,    0,    0,    0,    0,    9,    0,    0,   11,    0,    0,    0,    0,    0,    0,   15,    0,    0,    0,   11,    7,    7,    0,    0,    0,    0,    0,    0,    0,    0,    0,   11,    0,    0,    4,   15,    0,    0,    0,    0,    0,    0,    0,    0,    0,    0,    0,    0,    0,    0,   11,   11,   23,   13,    0,    0,    0,    0,    0,    9,   13,   13,    7,    0,   11,   11,   11,    0,    9,   24,   12,   13,    9,    0,    0,    0,    0,    0,    0,    0,    0,    0,    0,    0,    0,    0,    0,  -11,    0,    0,    0,    0,
       0,    0,    0,    0,    0,    0,    0,    0,    0,    0,    0,    0,    0,    0,    0,    0,    0,    0,    0,    0,    0,    0,    0,    0,    0,    0,    0,    9,    0,    0,    9,    0,    0,    0,    0,    0,    0,    0,    0,    0,    0,    9,   11,    0,    0,    0,    0,    0,    0,    0,    0,    0,    0,    0,    0,    0,    0,    0,    0,    0,    0,    0,    0,    0,    0,    0,    0,    0,    0,    0,    0,    0,    9,    9,   11,   11,    0,    0,    0,    0,    0,   11,   11,   11,   11,    0,    9,    9,    9,    0,    9,    9,   11,   11,    0,    0,    0,    0,    0,    0,    0,    0,    0,    0,    0,    0,    0,    0,    0,    0,    0,    0,    0,    0,
       0,    0,    0,    0,    0,    0,    0,    0,    0,    0,    0,    0,    0,   12,    0,    0,    0,    0,   24,    0,    0,    0,    0,    0,    0,    0,    0,   17,    0,    0,   24,    0,   23,    0,    0,    0,   24,    0,    0,    0,   11,   29,   27,    7,    0,   14,    0,    0,    0,    0,    0,    0,    0,    0,    0,    0,    0,    0,    0,    0,    0,    0,    0,    0,    0,    6,    0,    0,    0,    0,    0,    0,   29,   29,   29,   46,    0,    0,    0,    0,    0,   17,   46,   46,   27,    0,   24,   24,   24,    0,   36,   29,   29,   46,    0,    0,    0,    0,    0,    0,    0,    0,    0,    0,    0,    0,    0,    0,    0,    0,    0,    0,    0,    0,
       0,    0,    0,    0,    0,    0,    0,    0,    0,    0,    0,    0,    0,   12,    0,    0,    0,    0,   24,    0,    0,    0,    0,    0,    0,    0,    0,   17,    0,    0,   24,    0,   23,    0,    0,    0,   24,    0,    0,    0,   11,   29,   29,    7,    0,   14,    0,    0,    0,    0,    0,    0,    0,    0,    0,    0,    0,    0,    0,    0,    0,    0,    0,    0,    0,    6,    0,    0,    0,    0,    0,    0,   29,   29,   29,   46,    0,    0,    0,    0,    0,   17,   46,   46,   29,    0,   24,   24,   24,    0,   36,   29,   14,   46,    0,    0,    0,    0,    0,    0,    0,    0,    0,    0,    0,    0,    0,    0,    0,    0,    0,    0,    0,    0,
       0,    0,    0,    0,    0,    0,    0,    0,    0,    0,    0,    0,    0,   12,    0,    0,    0,    0,   24,    0,    0,    0,    0,    0,    0,    0,    0,   17,    0,    0,   24,    0,   23,    0,    0,    0,   24,    0,    0,    0,   11,   29,   18,    7,    0,   14,    0,    0,    0,    0,    0,    0,    0,    0,    0,    0,    0,    0,    0,    0,    0,    0,    0,    0,    0,    6,    0,    0,    0,    0,    0,    0,   29,   29,   29,   46,    0,    0,    0,    0,    0,   17,   46,   46,   27,    0,   24,   24,   24,    0,   36,   29,   14,   46,    0,    0,    0,    0,    0,    0,    0,    0,    0,    0,    0,    0,    0,    0,    0,    0,    0,    0,    0,    0,
       0,    0,    0,    0,    0,    2,    0,    0,    0,    0,    0,    0,    0,    0,    0,    0,    0,    0,    0,    0,    0,    0,    0,    0,    0,    0,    0,    0,    0,    0,    0,    0,    0,    0,    0,    0,    0,    0,    0,    0,    0,    0,    0,    0,    0,    1,    0,    0,    0,    0,    0,    0,    2,    0,    0,    0,    0,    0,    0,    0,    0,    0,    0,    0,    0,    0,    0,    0,    0,    0,    0,    0,    0,    0,    0,   28,    0,    0,    0,    0,    0,    0,   29,   28,    0,    0,    0,    0,    0,    0,    0,    0,   20,   29,    0,    0,    0,    0,    0,    0,    0,    0,    0,    0,    0,    0,    0,    0,    0,    0,    0,    0,    0,    0,
     -24,    0,    0,    0,    0,    0,  -47,  -36,    0,  -36,    0,    0,    0,  -12,    0,    0,    0,    0,    0,    0,    0,    0,    0,    0,   -5,   -8,    0,    0,   -8,    0,  -26,    0,  -18,    0,    0,  -15,    0,  -47,    0,    0,    0,    0,    0,    0,    0,   -6,    0,  -18,    0,    0,    0,  -35,    0,  -26,  -17,  -36,  -21,  -47,    0,    0,  -23,  -36,    0,    0,    0,    0,    0,   -9,    0,    0,    0,    0,    0,    0,    0,    0,    0,    0,  -18,    0,    0,    0,    0,    0,    0,    0,  -26,  -26,  -26,    0,    0,    0,    0,    0,  -23,  -10,    0,  -12,  -12,   -9,    0,  -29,    0,    0,    0,    0,    0,    0,    0,    0,    0,    0,    0,    0,
       0,    0,    0,    0,    0,    0,    0,    0,    0,    0,    0,    0,    0,    0,    0,    0,    0,    0,    0,    0,    0,    0,    0,    0,    0,    0,    0,    0,    0,    0,    0,    0,    0,    0,    0,    0,    0,    0,    0,    0,    0,    0,    0,    0,    0,    3,    0,    1,    0,    0,    0,    0,    0,    0,    0,    0,    0,    0,    0,    0,    0,    0,    0,    0,    0,    0,    9,    0,    0,    0,    0,    0,    0,    0,    0,   17,    0,    0,    1,    0,    9,    0,   17,   17,    0,    0,    0,    0,    0,    0,    0,    0,   23,   17,    0,    0,    0,    0,    0,    0,    0,    0,    0,    0,    0,    0,    0,    0,    0,    0,    0,    0,    0,    0,
     -24,    0,    0,    0,    0,    0,  -45,  -33,    0,  -33,    0,    0,    0,  -12,    0,    0,    0,    0,    0,    0,    0,    0,    0,    0,   -5,   -8,    0,    0,   -8,    0,  -26,    0,  -18,    0,    0,  -15,    0,  -35,    0,    0,    0,    0,    0,    0,    0,   -6,    0,  -18,    0,    0,    0,  -32,    0,  -26,  -17,  -33,  -21,  -47,    0,    0,  -23,  -33,    0,    0,    0,    0,    0,   -9,    0,    0,    0,    0,    0,    0,    0,    0,    0,    0,  -18,    0,    0,    0,    0,    0,    0,    0,  -26,  -26,  -26,    0,    0,    0,    0,    0,  -23,  -10,    0,  -12,  -12,   -9,    0,  -29,    0,    0,    0,    0,    0,    0,    0,    0,    0,    0,    0,    0,
       0,    0,    0,    0,    0,    0,    0,    0,    0,    0,    0,    0,    0,    0,    0,    0,    0,    0,    0,    0,    0,    0,    0,    0,    0,    0,    0,    0,    0,    0,    0,    0,    0,    0,    0,   -9,    0,    0,    0,    0,    0,    0,    0,    0,    0,    0,    0,    0,    0,    0,    0,    0,    0,    0,    0,    0,    0,    0,    0,    0,    0,    0,    0,    0,    0,    0,    0,    0,    0,    0,    0,    0,    0,    0,    0,    0,    0,    0,    0,    0,    0,    0,    0,    0,    0,    0,    0,    0,    0,    0,    0,    0,    0,    0,    0,    0,    0,    0,    0,    0,    0,    0,    0,    0,    0,    0,    0,    0,    0,    0,    0,    0,    0,    0,
       0,    0,    0,    0,    0,    0,    0,    0,    0,    0,    0,    0,    0,    0,    0,    0,    0,    0,    0,    0,    0,    0,    0,    0,    0,    0,    0,    0,    0,    0,    0,    0,    0,    0,    0,    0,    0,    0,    0,    0,    0,    0,    0,    0,    0,    3,    0,    1,    0,    0,    0,    0,    0,    0,    0,    0,    0,    0,    0,    0,    0,    0,    0,    0,    0,    0,   18,    0,    0,    0,    0,    0,    0,    0,    0,   17,    0,    0,    1,    0,    9,    0,   17,   17,    0,    0,    0,    0,    0,    0,    0,    0,   13,   17,    0,    0,    0,    0,    0,    0,    0,    0,    0,    0,    0,    0,    0,    0,    0,    0,    0,    0,    0,    0,
     -24,    0,    0,    0,    0,    0,  -44,  -23,    0,  -36,    0,    0,    0,  -12,    0,    0,    0,    0,    0,    0,    0,    0,    0,    0,   -5,   -8,    0,    0,   -8,    0,  -26,    0,  -18,    0,    0,  -30,    0,  -44,    0,    0,    0,    0,    0,    0,    0,   -6,    0,  -18,    0,    0,    0,  -33,    0,  -26,  -17,  -57,  -21,  -44,    0,    0,  -23,  -39,    0,    0,    0,    0,    0,   -9,    0,    0,    0,    0,    0,    0,    0,    0,    0,    0,  -18,    0,    0,    0,    0,    0,    0,    0,  -26,  -26,  -26,    0,    0,    0,    0,    0,  -23,  -19,    0,  -12,  -12,   -9,    0,  -19,    0,    0,    0,    0,    0,    0,    0,    0,    0,    0,    0,    0,
       0,    0,    0,    0,    0,    0,    0,    0,    0,    0,    0,    0,    0,    0,    0,    0,    0,    0,    0,    0,    0,    0,    0,    0,    0,    0,    0,    0,    0,    0,    0,    0,    0,    0,    0,    0,    0,    0,    0,    0,    0,    0,    0,    0,    0,    9,    0,    1,    0,    0,    0,    0,    0,    0,    0,    0,    0,    0,    0,    0,    0,    0,    0,    0,    0,    0,   18,    0,    0,    0,    0,    0,    0,    0,    0,   17,    0,    0,    1,    0,    9,    0,   17,   17,    0,    0,    0,    0,    0,    0,    0,    0,   13,   17,    0,    0,    0,    0,    0,    0,    0,    0,    0,    0,    0,    0,    0,    0,    0,    0,    0,    0,    0,    0,
       0,    0,    0,    0,   -9,    0,    0,  -29,   -9,  -29,   -9,  -35,   -9,    0,    0,    0,  -18,    0,  -21,    0,    0,   -9,  -21,   -9,    0,   -9,  -23,    0,   -9,  -24,    0,    0,    0,    0,    0,    4,    0,    0,  -15,  -23,   -1,    0,    0,  -17,  -22,  -22,  -30,  -20,  -19,  -38,  -24,  -29,    0,    0,  -35,  -29,    0,    0,    0,  -30,    0,  -29,    0,  -14,    0,    0,    0,   -9,  -22,  -32,  -32,  -37,    0,    0,    0,   24,  -37,  -30,  -29,  -22,    0,    0,   24,   24,    0,  -23,    0,    0,    0,  -30,    0,    0,   34,   24,    0,    0,  -32,    0,    0,   -9,  -32,    0,    0,    0,    0,    0,    0,    0,    0,  -33,    0,    0,    0,    0,
       0,    0,    0,    0,   -9,    0,    0,  -29,   -9,  -29,   -9,  -35,   -9,    0,    0,    0,  -18,    0,  -21,    0,    0,   -9,  -21,   -9,    0,   -9,  -23,    0,   -9,  -24,    0,    0,    0,    0,    0,    4,    0,    0,  -15,  -23,   -1,    0,    0,  -17,  -22,  -22,  -21,  -20,  -19,  -19,  -15,  -29,    0,    0,  -35,  -29,    0,    0,    0,  -48,    0,  -29,    0,  -14,    0,    0,    0,   -9,  -22,  -32,  -32,  -37,    0,    0,    0,   24,  -37,  -37,  -29,  -22,    0,    0,   24,   24,    0,  -23,    0,    0,    0,  -31,    0,    0,   34,   24,    0,    0,  -32,    0,    0,   -9,  -32,    0,    0,    0,    0,    0,    0,    0,    0,  -33,    0,    0,    0,    0,
       0,    0,    0,    0,   -9,    0,    0,  -20,   -9,  -20,   -9,  -35,   -9,    0,    0,    0,  -18,    0,  -21,    0,    0,   -9,  -21,   -9,    0,   -9,  -39,    0,   -9,  -56,    0,    0,    0,    0,    0,    4,    0,    0,  -15,  -23,   -1,    0,    0,  -17,  -22,  -22,  -21,  -20,  -19,  -19,  -15,  -20,    0,    0,  -35,  -20,    0,    0,    0,  -48,    0,  -41,    0,  -14,    0,    0,    0,   -9,  -22,  -32,  -32,  -37,    0,    0,    0,   24,  -37,  -37,  -29,  -22,    0,    0,   24,   24,    0,  -23,    0,    0,    0,  -31,    0,    0,   34,   24,    0,    0,  -32,    0,    0,   -9,  -32,    0,    0,    0,    0,    0,    0,    0,    0,  -53,    0,    0,    0,    0,
       0,    0,    0,    0,    0,    0,    0,    0,    0,    0,    0,    0,    0,    0,    0,    0,    0,    0,    0,    0,    0,    0,    0,    0,    0,    0,    0,    0,    0,    0,    0,    0,    0,    0,    0,    0,    0,    0,    0,  -17,   -8,    0,    0,  -14,  -14,   -8,  -14,  -14,  -14,  -14,  -14,    0,    0,    0,    0,    0,    0,    0,    0,  -14,    0,    0,    0,    0,    0,    0,    0,    0,  -14,  -14,  -14,  -17,    0,    0,    0,    0,  -17,  -14,  -14,  -14,    0,    0,    0,    0,    0,  -17,    0,    0,    0,  -14,    0,    0,    0,    0,    0,    0,    0,    0,    0,    0,    0,    0,    0,    0,    0,    0,    0,    0,    0,    0,    0,    0,    0,    0,
       0,    0,    0,    0,    0,    0,    0,    0,    0,    0,    0,    0,    0,    0,    0,    0,    0,    0,    0,    0,    0,    0,    0,    0,    0,    0,    0,    0,    0,    0,  -20,    0,    0,    0,    0,    0,    0,    0,    0,   -4,    0,    0,    0,    0,    0,    0,    0,    0,    0,    0,    0,    0,    0,    0,    0,    0,    0,    0,    0,    0,    0,    0,    0,    0,    0,    0,    0,    0,    0,    0,    0,   -4,    0,    0,    0,    0,   -4,    0,    0,    0,    0,    0,    0,    0,    0,   -4,  -20,  -20,  -20,    0,    0,    0,    0,    0,    0,    0,    0,    0,    0,    0,    0,    0,    0,    0,    0,    0,    0,    0,    0,    0,    0,    0,    0,    0,
       0,    0,    0,    0,    0,    2,    0,    0,    0,    0,    0,    0,    0,    0,    0,    0,    0,    0,    0,    0,    0,    0,    0,    0,    0,    0,    0,    0,    0,    0,    0,    0,    0,    0,    0,    0,    0,    0,    0,    0,    0,    0,    0,    0,    0,    1,    0,    0,    0,    0,    0,    0,    2,    0,    0,    0,    0,    0,    0,    0,    0,    0,    0,    0,    0,    0,    0,    0,    0,    0,    0,    0,    0,    0,    0,   28,    0,    0,    0,    0,    0,    0,   28,   28,    0,    0,    0,    0,    0,    0,    0,    0,   31,   28,    0,    0,    0,    0,    0,    0,    0,    0,    0,    0,    0,    0,    0,    0,    0,    0,    0,    0,    0,    0,
      -6,    0,    0,    0,    0,   -3,    0,    0,    0,    0,    0,    0,    0,   -9,    0,    0,    0,    0,    0,    0,    0,    0,    0,    0,    0,    0,   -8,    0,    0,    0,  -45,    0,  -15,  -14,   -8,  -23,    0,    0,    0,    0,    0,    0,    0,    0,    0,    0,    0,   -5,   -5,   -6,   -4,    0,    0,   -9,    0,    0,   -2,    0,    0,    0,    0,    0,    0,    0,    0,    0,    0,    0,    2,    2,    2,    0,    0,    0,    0,    0,    0,    0,   -5,    2,    0,    0,    0,    0,    0,    0,  -45,  -45,  -45,    0,    0,    0,    9,    0,  -17,   -6,    0,    0,    0,    0,    0,   -6,    0,    0,    0,    0,    0,    0,    0,    0,    0,    0,    0,    0,
       0,    0,    0,    0,    0,    0,    0,    0,    0,    0,    0,    0,    0,    0,    0,    0,    0,    0,    0,    0,    0,    0,    0,    0,    0,    0,    0,    0,    0,    0,    0,    0,    0,    0,    0,    0,    0,    0,    0,    0,    0,    0,    0,    0,    0,    0,    0,    0,    0,    0,    0,    0,    0,    0,    0,    0,    0,    0,    0,    0,    0,    0,    0,    0,    0,    0,    0,    0,    0,    0,    0,    0,    0,    0,    0,    0,    0,    0,    0,    0,    0,    0,    0,    0,    0,    0,    0,    0,    0,    0,    0,    0,    9,    0,    0,    0,    0,    0,    0,    0,    0,    0,    0,    0,    0,    0,    0,    0,    0,    0,    0,    0,    0,    0,
       0,    0,    0,    0,    0,    0,    0,  -11,    0,  -11,    0,   -9,    0,    0,    0,    0,    0,    0,    0,    0,    0,    0,  -11,    0,    0,    0,    0,    0,    0,    0,  -26,    0,    0,    0,    0,  -15,    0,    0,   -9,    0,    0,    0,    0,    0,    0,    0,    0,    0,    0,    0,    0,  -11,    0,    0,    0,  -20,    0,    0,    0,    0,    0,  -11,    0,    0,    0,    0,    0,    0,    0,    0,    0,    0,    0,    0,    0,    0,    0,    0,    0,    0,    2,    0,    0,    0,    0,    0,  -26,  -26,  -26,    0,    0,    0,    0,    0,  -11,    4,    0,    0,    0,    0,    0,    4,    0,    0,    0,    0,    0,    0,    0,  -17,    0,    0,    0,    0,
       0,    0,    0,    0,    0,    0,    0,    0,    0,    0,    0,    0,    0,    0,    0,    0,    0,    0,    0,    0,    0,    0,    0,    0,    0,    0,    0,    0,    0,    0,    0,    0,    0,    0,    0,    0,    0,    0,    0,    0,    0,    0,    0,    0,    0,    0,    0,    0,    0,    0,    0,    0,    0,    0,    0,    0,    0,    0,    0,    0,    0,    0,    0,    0,    0,    0,    0,    0,    0,    0,    0,    0,    0,    0,    0,    6,    0,    0,    0,    0,    0,    0,    6,    6,    0,    0,    0,    0,    0,    0,    0,    0,   20,    6,    0,    0,    0,    0,    0,    0,    0,    0,    0,    0,    0,    0,    0,    0,    0,    0,    0,    0,    0,    0,
       0,    0,    0,    0,    0,    2,    0,    0,    0,    0,    0,    0,    0,    0,    0,    0,    0,    0,    0,    0,    0,    0,    0,    0,    0,    0,    0,    0,    0,    0,    0,    0,    0,    0,    0,    0,    0,    0,    0,    0,    0,    0,    0,    0,    0,    1,    0,    0,    0,    0,    0,    0,    2,    0,    0,    0,    0,    0,    0,    0,    0,    0,    0,    0,    0,    0,    0,    0,    0,    0,    0,    0,    0,    0,    0,   28,    0,    0,    0,    0,    0,    0,   28,   28,    0,    0,    0,    0,    0,    0,    0,    0,   23,   28,    0,    0,    0,    0,    0,    0,    0,    0,    0,    0,    0,    0,    0,    0,    0,    0,    0,    0,    0,    0,
       0,    0,    0,    0,    0,    0,    0,    0,    0,    0,    0,    0,    0,   12,    0,    0,    0,    0,   24,    0,    0,    0,    0,    0,    0,    0,    0,   17,    0,    0,   24,    0,   23,    0,    0,    0,   24,    0,    0,    0,   11,   28,   29,    7,    0,   14,    0,    0,    0,    0,    0,    0,    0,    0,    0,    0,    0,    0,    0,    0,    0,    0,    0,    0,    0,    6,    0,    0,    0,    0,    0,    0,   28,   28,   28,   46,    0,    0,    0,    0,    0,   17,   46,   46,   29,    0,   24,   24,   24,    0,   36,   28,   26,   57,    0,    0,    0,    0,    0,    0,    0,    0,    0,    0,    0,    0,    0,    0,    0,    0,    0,    0,    0,    0,
       0,    0,    0,    0,  -17,    0,    0,    0,  -23,    0,  -23,  -26,    0,    0,    0,    0,  -17,    0,    0,    0,    0,    0,    0,    0,    0,    0,  -26,    0,    0,  -39,    0,    0,    0,    0,    0,    0,    0,    0,    0,  -11,    0,    0,    0,    0,   -6,    0,    0,    0,    0,    0,    0,    0,    0,    0,    0,    0,    0,    0,    0,    0,    0,    0,    0,    0,  -17,    0,    0,    0,    0,    0,    0,  -11,    0,    0,    0,    0,  -11,    0,    0,    0,    0,    0,    0,    0,    0,  -11,    0,    0,    0,    0,    0,    0,    0,    0,    0,    0,  -17,    0,    0,    0,  -23,    0,    0,    0,    0,    0,    0,    0,    0,    0,    0,    0,    0,    0,
       0,  -33,    0,    0,  -18,    0,    0,  -17,  -26,  -17,  -26,  -38,  -12,    0,    0,    0,  -26,    0,  -17,  -11,    0,  -15,  -26,  -15,    0,  -15,  -36,    0,  -15,  -33,    0,    0,    0,    0,    0,    0,    0,    0,  -11,  -17,    0,    0,    0,   -6,  -20,    4,  -11,    4,    0,    0,    0,  -29,    0,    0,  -23,  -17,    0,    0,    0,  -23,   -3,  -17,    0,    0,  -18,    0,    0,    0,  -15,  -15,  -15,  -17,    0,    0,    0,    0,  -17,  -11,    4,  -15,    0,    0,    0,    0,    0,  -17,    0,    0,    0,  -11,    0,    0,    0,    0,    0,    0,    0,    0,    0,    0,  -26,    0,    0,    0,    0,    0,    0,    0,    0,    0,    0,    0,    0,    0,
       0,    0,    0,    0,    0,    0,    0,    0,    0,    0,    0,    0,    0,  -18,    0,    0,    0,    0,    0,    0,    0,    0,    0,    0,    0,    0,    0,    0,    0,    0,  -26,    0,  -24,  -17,    0,  -29,    0,    0,    0,    0,    0,    0,    0,    0,    0,    0,    0,  -14,    0,    0,    0,    0,    0,    0,    0,    0,    0,    0,    0,    0,    0,    0,    0,    0,    0,    0,    0,    0,   -9,   -9,   -9,    0,    0,    0,    0,    0,    0,    0,  -14,   -9,    0,    0,    0,    0,    0,    0,  -26,  -26,  -26,    0,    0,    0,    0,    0,  -33,  -26,    0,    0,    0,    0,    0,  -26,    0,    0,    0,    0,    0,    0,    0,    0,    0,    0,    0,    0,
       0,    0,    0,    0,    0,    0,    0,    0,    0,    0,    0,    0,    0,    0,    0,    0,    0,    0,    0,    0,    0,    0,    0,    0,    0,    0,   -9,    0,    0,    0,   -9,    0,  -11,    0,  -12,  -12,    0,    0,    0,    0,    0,    0,    0,    0,    0,    0,    0,    0,    0,    0,    0,    0,    0,    0,    0,    0,    0,    0,    0,    0,    0,    0,    0,    0,    0,    0,    0,    0,    0,    0,    0,    0,    0,    0,    0,    0,    0,    0,    0,    0,    0,    0,    0,    0,    0,    0,   -9,   -9,   -9,    0,    0,    0,    0,    0,    0,    0,    0,    0,    0,    0,    0,    0,    0,    0,    0,    0,    0,    0,    0,    0,    0,    0,   -9,    0,
     -22,    0,    0,    0,    0,    0,    0,    0,    0,    0,    0,    0,   -7,  -24,    0,   -6,    0,   -4,   -4,   -5,   -2,    0,    0,    0,  -26,  -12,    0,    0,  -12,    0,   -9,    0,    0,    0,    0,   -9,    0,    0,    0,    0,    0,    0,    0,    0,    0,    0,    0,    0,    0,    0,    0,    0,    0,    0,    0,    0,    0,    0,    0,    0,  -14,    0,    0,    0,    0,    0,    0,    0,    0,    0,    0,    0,    0,    0,    0,    0,    0,    0,    0,    0,    0,    0,    0,    0,    0,    0,   -9,   -9,   -9,    0,    0,    0,    0,    0,    0,  -15,    0,  -36,  -48,    0,    0,  -15,    0,    0,    0,    0,    0,    0,    0,    0,    0,    0,    0,    0,
       0,    0,    0,    0,    0,    0,    0,    0,    0,    0,    0,    0,    0,    0,    0,    0,    0,    0,    0,    0,    0,    0,    0,    0,    0,    0,    0,    0,    0,    0,    0,    0,    0,    0,    0,    0,    0,    0,    0,    0,    0,    0,    0,    0,    0,    0,    0,    0,    0,    0,    0,    0,    0,    0,    0,    0,    0,    0,    0,    0,    0,    0,    0,    0,    0,    0,    0,    0,    0,    0,    0,    0,    0,    0,    0,    0,    0,    0,    0,    0,    0,    0,    0,    0,    0,    0,    0,    0,    0,    0,    0,    0,    0,    0,    0,    0,    0,    0,    0,    0,    0,    0,    0,    0,    0,    0,    6,    0,    0,    0,    0,    0,    0,    0,
       0,    0,    0,    0,    0,    0,    0,    0,    0,    0,    0,    0,    0,    0,    0,    0,    0,    0,    0,    0,    0,    0,    0,    0,    0,    0,    0,    0,    0,    0,    0,    0,    0,    0,    0,    0,    0,    0,    0,    0,    0,    0,    0,    0,    0,    0,    0,    0,    0,    0,    0,    0,    0,    0,    0,    0,    0,    0,    0,    0,    0,    0,   -2,    0,    0,    0,    0,    0,    0,    0,    0,    0,    0,    0,    0,    0,    0,    0,    0,    0,    0,    0,    0,    0,    0,    0,    0,    0,    0,    0,    0,    0,    0,    0,    0,    0,    0,    0,    0,    0,    0,    0,    0,    0,   -4,    0,    0,    0,    0,    0,    0,    0,    0,    0,
       0,    0,    0,    0,    0,    0,    0,    0,    0,    0,    0,    0,    0,    0,    0,    0,    0,    0,    0,    0,    0,    0,    0,    0,    0,    0,    0,    0,    0,    0,    0,    0,    0,    0,    0,    0,    0,    0,    0,    0,    0,    0,    0,    0,    0,    0,    0,    0,    0,    0,    0,    0,    0,    0,    0,    0,    0,    0,    0,    0,    0,    0,    0,    0,    0,    0,    0,    0,    0,    0,    0,    0,    0,    0,    0,    0,    0,    0,    0,    0,    0,    0,    0,    0,    0,    0,    0,    0,    0,    0,    0,    0,    0,    0,    0,    0,    0,    0,    0,    0,    0,    0,    0,  -14,    3,   -2,    0,   -9,    0,    0,    0,    0,    0,    0,
       0,    0,    0,    0,    0,    0,    0,    0,    0,    0,    0,    0,    0,    0,    0,    0,    0,    0,    0,    0,    0,    0,    0,    0,    0,    0,    0,    0,    0,    0,    0,    0,    0,    0,    0,    0,    0,    0,    0,    0,    0,    0,    0,    0,    0,    0,    0,    0,    0,    0,    0,    0,    0,    0,    0,    0,    0,    0,   -6,    0,    0,    0,    0,    0,    0,    0,    0,    0,    0,    0,    0,    0,    0,    0,    0,    0,    0,    0,    0,    0,    0,    0,    0,    0,    0,    0,    0,    0,    0,    0,    0,    0,    0,    0,    0,    0,    0,    0,    0,    0,    0,    0,    0,    0,   -4,    0,    0,    0,    0,    0,    0,    0,    0,    0,
       0,    0,    0,    0,    0,    0,    0,    0,    0,    0,    0,    0,    0,  -24,    0,    0,    0,    0,    0,    0,    0,    0,    0,    0,    0,  -10,    0,    0,  -10,    0,  -33,    0,  -35,  -24,    0,  -40,    0,    0,    0,    0,    0,    0,    4,    0,    0,    0,    0,  -14,    0,    0,    0,    0,    0,    0,    0,    0,    0,    0,    0,    0,    0,    0,    0,    0,    0,    0,    0,    0,    0,    0,    0,    0,    0,    0,    0,    0,    0,    0,  -14,    0,    0,    0,    0,    0,    4,    0,  -33,  -33,  -53,    0,    0,    0,    0,    0,    0,    0,    0,    0,    0,    0,    0,    0,    0,    0,    0,    0,    0,    0,    0,   -7,   -4,    0,    0,    0,
       0,    0,    0,    0,    0,    0,    0,    0,    0,    0,    0,    0,    0,    0,    0,    0,    0,    0,    0,    0,    0,    0,    0,    0,    0,    0,    0,    0,    0,    0,    0,    0,    0,    0,    0,    0,    0,    0,    0,    0,    0,    0,    0,    0,    0,    0,    0,    0,    0,    0,    0,    0,    0,    0,    0,    0,    0,    0,    0,    0,    0,    0,    0,    0,    0,    0,    0,    0,    0,    0,    0,    0,    0,    0,    0,    0,    0,    0,    0,    0,    0,    0,    0,    0,    0,    0,    0,    0,    0,    0,    0,    0,    0,    0,    0,    0,    0,    0,    0,    0,    0,    0,    0,    0,    0,    0,    0,    0,   -4,    0,    0,    0,    0,    0,
       0,    0,    0,    0,    0,    0,    0,    0,    0,    0,    0,    0,    0,    0,    0,    0,    0,    0,    0,    0,    0,    0,    0,    0,    0,    0,    0,    0,    0,    0,    0,    0,    0,    0,    0,    0,    0,    0,    0,    0,    0,    0,    0,    0,    0,    0,    0,    0,    0,    0,    0,    0,    0,    0,    0,    0,    0,    0,    0,    0,    0,    0,    0,    0,    0,    0,    0,    0,    0,    0,    0,    0,    0,    0,    0,    0,    0,    0,    0,    0,    0,    0,    0,    0,    0,    0,    0,    0,    0,    0,    0,    0,    0,    0,    0,    0,    0,    0,    0,    0,    0,    0,    0,    0,    0,    0,    0,    0,    0,  -13,    0,    0,    0,    0,
       0,    0,    0,    0,    0,    0,    0,    0,    0,    0,    0,    0,    0,    0,    0,    0,    0,    0,    0,    0,    0,    0,    0,    0,    0,    0,    0,    0,    0,    0,    0,    0,    0,    0,    0,    0,    0,    0,    0,    0,    0,    0,    0,    0,    0,    0,    0,    0,    0,    0,    0,    0,    0,    0,    0,    0,    0,    0,    0,    0,    0,    0,    0,    0,    0,    0,    0,    0,    0,    0,    0,    0,    0,    0,    0,    0,    0,    0,    0,    0,    0,    0,    0,    0,    0,    0,    0,    0,    0,    0,    0,    0,   11,    0,    0,    0,    0,    0,    0,    0,    0,    0,    0,    0,    0,    0,    0,    0,    0,    0,    0,    0,    0,    0,
       0,    0,    0,    0,    0,    0,    0,    0,    0,    0,    0,    0,   -1,    0,    0,    0,    0,    0,    0,    0,    0,    0,    0,    0,    0,    0,    0,    0,    0,    0,    0,    0,    0,    0,    0,    0,    0,    0,    0,    0,    0,    0,    0,    0,    0,    0,    0,    0,    0,    0,    0,    0,    0,    0,    0,    0,    0,    0,    0,    0,    0,    0,    0,    0,    0,    0,    0,    0,    0,    0,    0,    0,    0,    0,    0,    0,    0,    0,    0,    0,    0,    0,    0,    0,    0,    0,    0,    0,    0,    0,    0,    0,    0,    0,    0,    0,    0,    0,    0,    0,    0,    0,    0,    0,    0,    0,    0,    0,    0,    0,    0,    0,    0,    0,
       0,    0,    0,    0,    0,    0,    0,    0,  -18,    0,  -18,  -11,    0,    0,    0,    0,    0,    0,    0,    0,    0,    0,    0,    0,    0,    0,    0,    0,    0,    0,    0,    0,    0,    0,    0,    0,    0,    0,  -14,    0,    0,    0,    0,    0,    0,    0,    0,    0,    0,    0,    0,    0,    0,    0,    0,    0,    0,    0,    0,    0,    0,    0,    0,    0,    0,    0,    0,    0,    0,    0,    0,    0,    0,    0,    0,    0,    0,    0,    0,    0,    0,    0,    0,    0,    0,    0,    0,    0,    0,    0,    0,    0,    0,    0,    0,    0,    0,    0,    0,    0,  -18,    0,    0,    0,    0,    0,    0,    0,    0,    0,    0,    0,    0,    0,
};

static const EpdFontData inter_8_italic = {
    inter_8_italicBitmaps,
    inter_8_italicGlyphs,
    inter_8_italicIntervals,
    56,
    20,
    17,
    -5,
    true,
    inter_8_italicGroups,
    10,
    nullptr,
    inter_8_italicKernLeftClasses,
    inter_8_italicKernRightClasses,
    inter_8_italicKernMatrix,
    449,
    452,
    118,
    114,
    nullptr,
    0,
};
