/**
 * generated by fontconvert.py
 * name: inter_8_bold
 * size: 8
 * mode: 2-bit  compressed: true
 * Command used: fontconvert.py inter_8_bold 8 ../builtinFonts/source/Inter/Inter-Bold.ttf --2bit --compress --pnum --exclude-intervals 0x0400,0x04FF --exclude-intervals 0x1EA0,0x1EF9 --exclude-intervals 0x01A0,0x01A1 --exclude-intervals 0x01AF,0x01B0
 */
#pragma once
#include "EpdFontData.h"

static const uint8_t inter_8_boldBitmaps[10472] = {
    0x85, 0x56, 0xBF, 0x8F, 0x1D, 0x47, 0x1D, 0xFF, 0xEC, 0xDB, 0xC4, 0xAB, 0x64, 0x24, 0x4F, 0x24,
    0x6C, 0x89, 0x80, 0xE2, 0xA1, 0xA0, 0x70, 0x71, 0xF6, 0x86, 0x08, 0x89, 0x03, 0xBD, 0xDD, 0x1D,
    0x94, 0x82, 0x22, 0x05, 0x46, 0x0A, 0x95, 0x0B, 0x1A, 0x0A, 0x3A, 0x23, 0x11, 0xA4, 0x0B, 0xBC,
    0x77, 0xB7, 0xC1, 0x05, 0x6D, 0xFE, 0x03, 0x5C, 0xA4, 0x4E, 0xAE, 0x08, 0x52, 0x10, 0xCF, 0xDE,
    0x91, 0xAF, 0xA0, 0xA0, 0xC8, 0x28, 0x2E, 0x68, 0x57, 0x72, 0x44, 0x0A, 0x0B, 0x3C, 0x90, 0x95,
    0x6F, 0x2E, 0xB7, 0xF7, 0x86, 0xCF, 0xEC, 0xDB, 0xE7, 0x7B, 0xF6, 0x9D, 0xC2, 0x7C, 0xBF, 0x6F,
    0xDF, 0xFC, 0xFC, 0xCE, 0xF7, 0xF7, 0x77, 0xB0, 0x58, 0xB5, 0x19, 0xBE, 0xBB, 0x58, 0x00, 0x98,
    0x75, 0xB3, 0x6E, 0xC7, 0xED, 0xB8, 0xED, 0x7D, 0x0E, 0xD2, 0xFB, 0x36, 0xBD, 0x6F, 0xD2, 0x03,
    0x53, 0x85, 0x8E, 0x28, 0x32, 0x2D, 0x85, 0x6E, 0x42, 0x1B, 0x42, 0x7B, 0x45, 0xE2, 0xB5, 0x8B,
    0xD8, 0xBA, 0x02, 0xBC, 0x0E, 0x7C, 0x1F, 0x59, 0xD0, 0x2A, 0xD8, 0xEA, 0x0D, 0x57, 0xBE, 0x7E,
    0xA3, 0xDA, 0x87, 0x5C, 0xEA, 0xA4, 0xB1, 0xF8, 0x81, 0x9B, 0x7E, 0xCF, 0x95, 0x6F, 0xB8, 0x3C,
    0xB4, 0xDC, 0x10, 0x77, 0x7E, 0x07, 0x2F, 0x92, 0x6E, 0x65, 0x24, 0x7E, 0xDB, 0x6E, 0x61, 0xDF,
    0x6D, 0x63, 0xBF, 0x75, 0xA8, 0x3E, 0x33, 0x78, 0xF9, 0x27, 0x1A, 0xB8, 0x28, 0x6A, 0x6C, 0x95,
    0x0E, 0xEF, 0xF0, 0xFA, 0x76, 0xFB, 0xD7, 0x13, 0x53, 0xB8, 0x4C, 0x2B, 0x8B, 0x55, 0xCB, 0x7A,
    0xC8, 0x00, 0x25, 0x21, 0x15, 0xE4, 0x09, 0xB2, 0x0E, 0xAA, 0xFB, 0xB8, 0x5C, 0xB8, 0x59, 0xEE,
    0xE6, 0xB2, 0xAD, 0x82, 0x13, 0x27, 0x3E, 0xEE, 0x9B, 0xCD, 0x76, 0x76, 0xB6, 0x85, 0x56, 0xB8,
    0x8E, 0x02, 0x33, 0xC2, 0x62, 0x84, 0x19, 0xE6, 0x28, 0x91, 0x43, 0xEA, 0x84, 0xFD, 0x82, 0x3D,
    0x12, 0xD2, 0xB2, 0x16, 0xB5, 0x30, 0x84, 0x5A, 0xD6, 0x92, 0xA7, 0x4A, 0x4C, 0x71, 0x29, 0x4A,
    0xAF, 0x7F, 0xF3, 0xAB, 0xBD, 0x4E, 0xD9, 0xDF, 0x7F, 0xF2, 0x0D, 0x3D, 0xD1, 0x49, 0x8B, 0x15,
    0xEE, 0x85, 0xBA, 0x09, 0x66, 0xB2, 0x1E, 0x82, 0x6C, 0xE7, 0xD7, 0xA6, 0xD3, 0x6D, 0xAA, 0x85,
    0xA3, 0x41, 0x8B, 0x77, 0xE0, 0x26, 0x6D, 0x6A, 0x53, 0x93, 0x45, 0xA2, 0x5A, 0xE2, 0x0A, 0xAE,
    0x91, 0xE8, 0x14, 0x3B, 0xF8, 0x18, 0x78, 0x05, 0x69, 0xD0, 0x32, 0x98, 0x3C, 0x75, 0x65, 0xE2,
    0x0A, 0x74, 0xB3, 0x01, 0xD9, 0xE1, 0x90, 0x93, 0x5C, 0x9A, 0x84, 0x95, 0xC4, 0xC2, 0x55, 0xEE,
    0x77, 0xEE, 0x67, 0x2E, 0x79, 0x0E, 0x48, 0x43, 0x2C, 0x91, 0x3F, 0x36, 0x65, 0x66, 0xAF, 0xA6,
    0x16, 0x99, 0x81, 0xAC, 0x51, 0x01, 0x3D, 0x32, 0x07, 0x65, 0x50, 0x05, 0xEA, 0xA3, 0xE5, 0xB6,
    0x8C, 0x0A, 0xE3, 0xB6, 0xD4, 0x5E, 0xE2, 0x36, 0x61, 0x40, 0xC2, 0x8D, 0x41, 0xDA, 0x5E, 0x9D,
    0xB8, 0x32, 0xA5, 0x61, 0x6C, 0x34, 0xCC, 0xAA, 0xE5, 0x3C, 0xC6, 0x0D, 0x26, 0x39, 0x34, 0xE9,
    0x3F, 0x8C, 0xFC, 0xA3, 0x51, 0x99, 0x29, 0x6F, 0xDA, 0xBD, 0xE0, 0x69, 0xFB, 0x78, 0x05, 0x91,
    0xBB, 0xC8, 0x78, 0x30, 0x25, 0xA8, 0x3E, 0x94, 0x4B, 0x5E, 0x64, 0x5E, 0xCD, 0x2C, 0x09, 0x5E,
    0x4A, 0x5B, 0x32, 0x93, 0x87, 0x3A, 0x5B, 0x0E, 0xD4, 0x4E, 0xA5, 0x6C, 0xB9, 0xB3, 0x68, 0xA8,
    0x37, 0xB3, 0x97, 0xBA, 0x22, 0x89, 0xC8, 0x49, 0x2E, 0xA5, 0xA3, 0x94, 0xC3, 0x52, 0x18, 0x44,
    0x50, 0x24, 0x4A, 0x03, 0x02, 0x1E, 0x94, 0x32, 0x6D, 0x47, 0xC9, 0xD4, 0x40, 0x30, 0x3A, 0xD9,
    0x63, 0x53, 0xF1, 0xA2, 0xB4, 0x55, 0x6F, 0x99, 0xB5, 0x68, 0xED, 0x7C, 0x25, 0xCB, 0xE3, 0xB5,
    0x2C, 0x37, 0x20, 0xC2, 0xA0, 0x9C, 0xD4, 0xCE, 0x26, 0x6E, 0x9A, 0xBA, 0x2A, 0x73, 0x6A, 0xE9,
    0x2E, 0xFC, 0xD3, 0x0D, 0x4C, 0x1A, 0xB5, 0x66, 0x72, 0xE5, 0xF2, 0xF1, 0xFB, 0xD2, 0xE0, 0x0B,
    0xEB, 0x96, 0x8F, 0xE6, 0xDA, 0x5E, 0x19, 0xA1, 0x4E, 0x9A, 0x5A, 0x1D, 0xA1, 0xD1, 0xB8, 0xC7,
    0xB5, 0x0E, 0x13, 0x5E, 0xA3, 0x6A, 0x24, 0x9A, 0xAE, 0x40, 0x5C, 0xCB, 0x70, 0xDA, 0x7F, 0x97,
    0x43, 0x6A, 0xFB, 0x84, 0x7F, 0x86, 0xD6, 0xB8, 0x10, 0x74, 0xD5, 0x62, 0x37, 0x32, 0x16, 0xDD,
    0x85, 0xAE, 0x5B, 0x35, 0x98, 0xC9, 0xFA, 0x12, 0x25, 0xCB, 0x81, 0x13, 0x4C, 0x28, 0xAA, 0x8D,
    0x4B, 0x49, 0x1D, 0x65, 0x26, 0x9E, 0xB2, 0x42, 0x46, 0x27, 0x8C, 0x37, 0x88, 0x36, 0xF1, 0x50,
    0x3F, 0xD6, 0x05, 0xAE, 0xCB, 0xA0, 0x30, 0x2D, 0x1B, 0x89, 0xE9, 0x8E, 0x94, 0x98, 0xBD, 0x23,
    0xE2, 0x87, 0xBD, 0xE9, 0x94, 0xB1, 0x51, 0xE4, 0xE1, 0x04, 0xF9, 0x85, 0xCF, 0x3E, 0x8F, 0x7A,
    0xA3, 0x13, 0x1F, 0xDD, 0xA4, 0x4E, 0x9A, 0xA8, 0x98, 0x17, 0xDF, 0x5E, 0x91, 0x6C, 0x80, 0xA0,
    0x93, 0xE3, 0x3A, 0xFD, 0xC2, 0xA4, 0x0F, 0x6C, 0x76, 0xD0, 0xCA, 0xFB, 0x4E, 0x3E, 0xEA, 0x54,
    0xE8, 0x2B, 0x2C, 0x4A, 0xCC, 0x17, 0xD1, 0x91, 0x40, 0x2A, 0x21, 0xD4, 0x5E, 0x1A, 0x2F, 0x8C,
    0x57, 0x9A, 0xC3, 0x65, 0xA3, 0x63, 0x3F, 0xB5, 0xFC, 0x86, 0x60, 0x02, 0x39, 0x7B, 0x81, 0xBC,
    0x59, 0x19, 0xBC, 0xAA, 0x17, 0x15, 0x4A, 0xDA, 0x79, 0x3E, 0x20, 0x3B, 0x15, 0x0A, 0xF5, 0x5E,
    0x2F, 0x42, 0x97, 0x84, 0x31, 0x7C, 0x47, 0x82, 0xC2, 0xFA, 0xD4, 0xF9, 0x64, 0x03, 0x39, 0x54,
    0x96, 0x4B, 0x61, 0x08, 0xDE, 0x10, 0x34, 0xD1, 0x47, 0x0F, 0x88, 0x18, 0x42, 0xC4, 0x8D, 0x61,
    0x5C, 0xC5, 0xD9, 0x79, 0x12, 0x5F, 0xE2, 0xE8, 0xED, 0xD3, 0x99, 0x48, 0x6C, 0x60, 0x4F, 0x8C,
    0xEC, 0x15, 0x91, 0xBD, 0xE4, 0xE7, 0xF3, 0x6C, 0x59, 0x24, 0xBB, 0xE4, 0x96, 0x93, 0x9B, 0xEC,
    0x79, 0x74, 0xA7, 0x98, 0x74, 0x21, 0x44, 0x7C, 0x66, 0x12, 0x1D, 0xFC, 0x46, 0x8B, 0x87, 0xA8,
    0xE2, 0x33, 0x48, 0xAB, 0xD2, 0xB6, 0x73, 0xA9, 0xAB, 0x00, 0xD1, 0x8F, 0x66, 0x8C, 0x42, 0x52,
    0x95, 0x15, 0xFC, 0x5D, 0x7C, 0xD5, 0x21, 0x38, 0x84, 0x1E, 0x27, 0x73, 0xF8, 0x1C, 0x71, 0x3E,
    0x6B, 0x3D, 0x7D, 0x80, 0x3C, 0x9C, 0x85, 0xC0, 0x36, 0xE8, 0x05, 0xB9, 0xA5, 0x1F, 0x59, 0x86,
    0x8A, 0x3D, 0x36, 0x7F, 0xB5, 0xC7, 0xF6, 0xD0, 0x7E, 0xF5, 0x9F, 0x2F, 0xED, 0xD1, 0x7F, 0x1F,
    0x5A, 0x7F, 0xF8, 0xC0, 0xFA, 0xE6, 0xC0, 0xFA, 0xEA, 0x36, 0x7F, 0x6F, 0x5A, 0x9F, 0x47, 0x77,
    0x62, 0x32, 0xF0, 0x54, 0x11, 0x95, 0x19, 0x8C, 0x3F, 0x6E, 0xFD, 0x51, 0xE7, 0xFD, 0xC2, 0xFB,
    0xC2, 0x7B, 0xE5, 0xBD, 0xF4, 0x3E, 0xF5, 0x7E, 0xE2, 0xA9, 0xA3, 0xA8, 0x24, 0x46, 0x0C, 0xBD,
    0xAB, 0x8E, 0xA6, 0x2F, 0x87, 0xC4, 0x38, 0x67, 0x38, 0xCC, 0xF9, 0x1F, 0xFB, 0x71, 0x8E, 0xC6,
    0xE4, 0x9E, 0x0E, 0x4F, 0xF5, 0x35, 0x1A, 0x54, 0x0F, 0xEC, 0x0F, 0xA8, 0x4C, 0xB4, 0x8E, 0x7F,
    0xDE, 0x04, 0xFF, 0x9F, 0xBC, 0xDC, 0x85, 0xBA, 0xBD, 0x26, 0x1F, 0x0F, 0x15, 0xE7, 0x5E, 0x21,
    0xCC, 0xD1, 0x2D, 0x5E, 0x81, 0x25, 0xE5, 0x2A, 0xE1, 0xD5, 0x4A, 0x73, 0x76, 0x4C, 0x0C, 0xAC,
    0x3E, 0x4C, 0x03, 0xB8, 0x51, 0xBD, 0xBF, 0xAE, 0x3E, 0x99, 0x9B, 0x26, 0xAE, 0x9C, 0xAC, 0xAB,
    0xCF, 0x18, 0xA5, 0x1D, 0x91, 0xA5, 0xE0, 0xEB, 0x90, 0x9C, 0x27, 0xEE, 0x7C, 0x9C, 0xB8, 0x7B,
    0x19, 0x33, 0xAB, 0x11, 0xCB, 0x91, 0xC3, 0x39, 0x2A, 0x86, 0x0C, 0x03, 0x47, 0x91, 0xCD, 0xBA,
    0x13, 0xF7, 0x5D, 0xF6, 0xA0, 0x4D, 0x1F, 0xDA, 0xC9, 0xA1, 0x49, 0x98, 0x0E, 0x78, 0x6F, 0xB3,
    0xDA, 0xB8, 0x60, 0x62, 0xAF, 0x8B, 0xB4, 0x53, 0xBA, 0xCC, 0x68, 0xF5, 0x5C, 0xF4, 0xCC, 0x38,
    0x72, 0x56, 0x42, 0xFE, 0x94, 0x9E, 0x29, 0xFF, 0x74, 0x6D, 0x06, 0xF1, 0xEF, 0x2B, 0x0B, 0x64,
    0xFF, 0x92, 0x1D, 0xD2, 0x5E, 0x32, 0x25, 0xF4, 0xC2, 0x61, 0x42, 0xDF, 0x88, 0xC7, 0x2B, 0xF4,
    0xF2, 0xBD, 0x4E, 0x90, 0xF6, 0xB1, 0x89, 0x54, 0xEF, 0x45, 0x8F, 0xE0, 0x0D, 0xE9, 0x17, 0x56,
    0x1E, 0xB8, 0x1C, 0xFD, 0x6E, 0x0C, 0x3C, 0x26, 0x99, 0xBB, 0xEC, 0xCB, 0x3F, 0x38, 0x71, 0xD0,
    0xA6, 0x8F, 0xC8, 0xC2, 0x70, 0x7F, 0xF1, 0x2C, 0x92, 0x5A, 0x70, 0x44, 0x50, 0x79, 0xAB, 0xB2,
    0xB1, 0x40, 0xD2, 0xC5, 0xB4, 0x23, 0x0D, 0x72, 0x3D, 0xAE, 0x36, 0xBA, 0xD1, 0x0B, 0x9C, 0x07,
    0xF7, 0x98, 0x0A, 0x2F, 0xE3, 0x03, 0x7C, 0x32, 0x24, 0xC9, 0x6B, 0xAC, 0x6E, 0x2C, 0xC9, 0x4C,
    0x93, 0x99, 0x49, 0x4D, 0x6A, 0x27, 0x2D, 0x33, 0xB7, 0xAB, 0xEA, 0x2A, 0x96, 0xD5, 0x73, 0x20,
    0xE7, 0xCA, 0x65, 0xA4, 0x46, 0xB4, 0x17, 0xF7, 0xB7, 0xB6, 0xA7, 0x5B, 0xAF, 0xBC, 0x10, 0x5D,
    0xFC, 0x97, 0xD3, 0xD7, 0x62, 0xAA, 0x1D, 0x52, 0xE3, 0x55, 0x32, 0x75, 0xAB, 0x66, 0x96, 0xDE,
    0x1D, 0x42, 0x69, 0xB7, 0xA9, 0xF3, 0x47, 0x63, 0x66, 0xED, 0xD6, 0xF8, 0xA4, 0x8F, 0xF1, 0xDF,
    0x2B, 0xDD, 0x45, 0xAD, 0x1B, 0x7E, 0xD9, 0xE7, 0xCC, 0x93, 0x75, 0xC4, 0x65, 0x27, 0x50, 0x41,
    0x97, 0xC2, 0xCC, 0x86, 0x7A, 0x42, 0x64, 0x3F, 0x66, 0xFE, 0x93, 0xB5, 0x73, 0x31, 0x46, 0x06,
    0x14, 0x5F, 0xB2, 0x6C, 0xD9, 0x52, 0xD8, 0x59, 0x3A, 0x22, 0xFB, 0x9C, 0xE1, 0xFC, 0x26, 0xA9,
    0x42, 0x98, 0xF9, 0xCD, 0x58, 0xA7, 0x48, 0xAA, 0x98, 0xE8, 0xFC, 0xA3, 0xB1, 0x88, 0x24, 0x77,
    0x84, 0x93, 0xEF, 0x2B, 0xC6, 0x74, 0xE3, 0x14, 0x36, 0x21, 0x0A, 0xF4, 0x2C, 0xED, 0x79, 0x6A,
    0xAB, 0x81, 0x76, 0xF6, 0x30, 0xDE, 0x5C, 0xBE, 0x45, 0x8E, 0x74, 0xF2, 0xC1, 0x79, 0x92, 0xE5,
    0xE8, 0x24, 0x51, 0x6F, 0xE2, 0x37, 0xCB, 0x2D, 0xA6, 0xB1, 0xB1, 0x5D, 0xA0, 0xED, 0x44, 0xCC,
    0x41, 0xFA, 0x2C, 0xE4, 0x7A, 0x97, 0x61, 0xB1, 0x49, 0xB5, 0xAB, 0xD0, 0x2D, 0xF0, 0x84, 0x79,
    0xC7, 0x0E, 0xE8, 0xD0, 0xF5, 0xE8, 0xE6, 0xE8, 0x58, 0x80, 0xBA, 0x8D, 0x16, 0x0F, 0x3D, 0xF1,
    0x0D, 0xB3, 0x69, 0x30, 0x7D, 0x45, 0xC5, 0x5E, 0xCF, 0xCE, 0xFD, 0xE1, 0x79, 0x46, 0x9F, 0xC1,
    0xB5, 0xD2, 0xEA, 0xA8, 0xFF, 0x53, 0xAD, 0x9E, 0x56, 0x5E, 0x7C, 0xAD, 0x05, 0x9F, 0x72, 0x7D,
    0x03, 0xE7, 0x28, 0xF1, 0xD4, 0x40, 0x87, 0xF6, 0xA9, 0x11, 0x59, 0x8D, 0x81, 0x43, 0x1B, 0x6C,
    0x3C, 0x7D, 0x0A, 0xF1, 0x74, 0x1F, 0x7D, 0xAA, 0x78, 0x19, 0xCC, 0x0C, 0x6A, 0x89, 0xE4, 0x96,
    0xDE, 0x92, 0x75, 0xD5, 0x68, 0x79, 0xB2, 0x2E, 0xF6, 0x39, 0x42, 0xDB, 0xB4, 0x39, 0xD6, 0xA0,
    0x5A, 0xC1, 0x98, 0x3B, 0xAB, 0xFE, 0x3E, 0xE7, 0xE3, 0x57, 0xE7, 0x9F, 0xEA, 0x21, 0x9C, 0x6D,
    0xC1, 0xE7, 0x11, 0xDD, 0x99, 0xFA, 0xFE, 0x05, 0xE4, 0x87, 0xF1, 0x75, 0x9A, 0xF6, 0x98, 0x30,
    0xB9, 0xC8, 0x37, 0xDB, 0x99, 0xBA, 0x6D, 0x8B, 0xFC, 0x6F, 0xE6, 0x7A, 0xF5, 0x77, 0xA3, 0x7E,
    0xF4, 0xA9, 0x96, 0x7F, 0x7E, 0x0C, 0xE9, 0x58, 0x10, 0xDC, 0x12, 0x59, 0x3B, 0x47, 0x21, 0x4D,
    0xCE, 0xB7, 0xE7, 0xDD, 0xE1, 0x54, 0x37, 0xBC, 0x6C, 0x77, 0x91, 0x2B, 0x3D, 0x13, 0x66, 0xA4,
    0x2C, 0x6B, 0x35, 0x50, 0x16, 0x1B, 0x94, 0x19, 0x58, 0xDF, 0x6E, 0xE3, 0x23, 0xED, 0x72, 0x0C,
    0x61, 0x16, 0x18, 0x1D, 0x5F, 0x4B, 0x7D, 0x7C, 0x3F, 0x30, 0x94, 0x95, 0x1E, 0x27, 0x93, 0x7D,
    0x7A, 0x64, 0x2D, 0x87, 0xA8, 0xDC, 0xE3, 0xF2, 0x32, 0x3E, 0x73, 0x23, 0x68, 0xD9, 0x66, 0xF1,
    0xED, 0x38, 0x3D, 0xA7, 0xFD, 0x10, 0x15, 0x5F, 0xC2, 0x99, 0x89, 0x90, 0x7E, 0x9E, 0xB0, 0x3A,
    0xAC, 0xFA, 0xC2, 0x30, 0x60, 0x79, 0xE6, 0x5B, 0x7C, 0xEE, 0x3C, 0x30, 0x7F, 0x09, 0xF5, 0x9D,
    0x12, 0xFF, 0x03, 0xA5, 0x57, 0x3D, 0x6C, 0x1C, 0xC7, 0x19, 0x7D, 0xBB, 0x6B, 0x71, 0xA5, 0x5B,
    0x84, 0xC3, 0x82, 0x32, 0x64, 0x4B, 0xE6, 0xBA, 0x60, 0x71, 0x49, 0x48, 0xAD, 0xDC, 0x11, 0xF0,
    0xED, 0xEE, 0x18, 0x4A, 0xD2, 0x86, 0x40, 0xA0, 0xCA, 0x85, 0x88, 0x20, 0x40, 0x80, 0xC4, 0x80,
    0x14, 0xF8, 0x0A, 0x09, 0x38, 0xF2, 0x46, 0x29, 0x02, 0xB8, 0xB2, 0x9A, 0x54, 0x29, 0xC2, 0xC2,
    0x95, 0x8B, 0xE8, 0x80, 0x10, 0x8A, 0x80, 0x5C, 0x72, 0x63, 0xAB, 0x48, 0x11, 0x04, 0x5A, 0x98,
    0x85, 0x8A, 0xA4, 0xD8, 0x20, 0x3F, 0x06, 0xA2, 0x24, 0x58, 0x58, 0x0B, 0x67, 0x25, 0x2E, 0x6F,
    0xFC, 0x66, 0x49, 0xCA, 0x17, 0x85, 0xF2, 0x9D, 0x95, 0xD9, 0xEF, 0x16, 0x73, 0x33, 0x6F, 0xBE,
    0x99, 0xF9, 0xFE, 0x17, 0xC3, 0xE1, 0xF2, 0x42, 0x6F, 0x78, 0xD0, 0x60, 0xDB, 0x06, 0x9C, 0x12,
    0xC2, 0x20, 0xBD, 0xA5, 0xE3, 0xEF, 0xCA, 0xDE, 0x06, 0x48, 0xF1, 0xF7, 0x55, 0x64, 0x14, 0x07,
    0x39, 0x45, 0x00, 0x16, 0xE1, 0x1A, 0x19, 0x98, 0x4C, 0x5C, 0xCC, 0x05, 0xA4, 0x00, 0xFA, 0xFB,
    0x48, 0xF7, 0x21, 0xA4, 0xA5, 0xD0, 0x29, 0xFA, 0x26, 0xEF, 0x1B, 0x4D, 0x66, 0xB7, 0xC7, 0xDD,
    0xFE, 0xCF, 0x8A, 0x8E, 0x93, 0x5F, 0xC5, 0x60, 0x80, 0xAB, 0x03, 0x74, 0xD9, 0x59, 0x43, 0xDE,
    0x7F, 0xB3, 0xF8, 0xD5, 0xF8, 0x6A, 0xB3, 0x1F, 0x86, 0x81, 0x8E, 0x85, 0x8C, 0x42, 0x88, 0x2D,
    0x04, 0x35, 0xFC, 0x1A, 0xA9, 0x91, 0x6E, 0x61, 0xDF, 0x5F, 0x7F, 0x0C, 0x76, 0x48, 0xE8, 0xD9,
    0xB6, 0xCC, 0x9D, 0x9B, 0xCE, 0x02, 0xB8, 0x53, 0x8D, 0x68, 0x84, 0xB8, 0x85, 0x08, 0x10, 0x7F,
    0xC5, 0x79, 0x83, 0xB5, 0x50, 0x75, 0x7C, 0x15, 0xFD, 0x11, 0xFE, 0x3E, 0x38, 0x7A, 0x46, 0x20,
    0xBA, 0x05, 0xB1, 0x0F, 0x67, 0x1D, 0x1B, 0x37, 0x1F, 0x15, 0x57, 0xB7, 0xF1, 0x02, 0xE0, 0x98,
    0x1C, 0xE2, 0x31, 0xD7, 0x9E, 0x88, 0xD0, 0x19, 0xDD, 0x93, 0xD7, 0xFF, 0xFE, 0xB1, 0xBA, 0xAD,
    0x2F, 0xEA, 0xDB, 0xFA, 0x3B, 0xFA, 0xFA, 0xA7, 0xF7, 0x55, 0x67, 0xF4, 0xAE, 0x8C, 0xBE, 0x91,
    0x20, 0x30, 0x35, 0xB1, 0x59, 0x73, 0x42, 0x47, 0x46, 0x65, 0xBB, 0x77, 0x62, 0x98, 0x0C, 0x77,
    0x3A, 0x5B, 0xF5, 0xCB, 0x6D, 0xE7, 0xCF, 0xB9, 0x77, 0x3F, 0x13, 0xEF, 0xCA, 0x34, 0x41, 0x92,
    0x40, 0xFC, 0x5C, 0xFA, 0xF7, 0xB5, 0xF3, 0x49, 0x7E, 0xFA, 0x12, 0xFA, 0x06, 0x5F, 0xBB, 0xC5,
    0x03, 0x01, 0x2D, 0x60, 0x01, 0x9E, 0xC1, 0xBC, 0xAB, 0xD7, 0xAA, 0xC1, 0x6B, 0x7F, 0xB8, 0xF0,
    0xA3, 0x7F, 0x5E, 0x78, 0xED, 0x4F, 0x17, 0xD6, 0xDE, 0xD9, 0xE6, 0x88, 0x3B, 0x3E, 0xB8, 0xBB,
    0xD1, 0x97, 0x24, 0xD1, 0x79, 0xB2, 0xB3, 0xB6, 0xD6, 0xB9, 0x16, 0x16, 0x73, 0x92, 0x37, 0x73,
    0x72, 0xBC, 0xF8, 0x37, 0x8C, 0x8C, 0xFE, 0xE1, 0x63, 0xC9, 0xBE, 0x73, 0x13, 0xA7, 0x2F, 0x49,
    0xFE, 0xFD, 0xC1, 0xFB, 0xC4, 0x86, 0x79, 0xBC, 0x83, 0xAE, 0x53, 0x04, 0x2A, 0x7D, 0x2F, 0xAD,
    0x9A, 0xFF, 0x77, 0xD0, 0xF5, 0x8A, 0x85, 0x4E, 0x52, 0x07, 0xF9, 0x4B, 0x9D, 0x41, 0x29, 0x50,
    0x0A, 0x39, 0x49, 0x75, 0x24, 0x8D, 0xC9, 0xF6, 0xEE, 0x67, 0x54, 0xDE, 0x01, 0xAD, 0xDB, 0x4B,
    0xF1, 0x8A, 0x3A, 0x25, 0xED, 0xEA, 0x7E, 0x43, 0xEC, 0x84, 0xBB, 0xDA, 0xB9, 0xA8, 0xE1, 0x7D,
    0x4E, 0xCB, 0xD6, 0x2A, 0xDA, 0x67, 0xA3, 0xC5, 0x50, 0xA6, 0xD2, 0x7F, 0xF2, 0x38, 0x32, 0x2C,
    0xE3, 0xDE, 0xB5, 0xA5, 0xEE, 0x52, 0x6F, 0x35, 0xAA, 0xE7, 0x6E, 0xAE, 0x76, 0x10, 0x46, 0x08,
    0xEE, 0x69, 0xF7, 0x61, 0xEE, 0x3E, 0x2C, 0x82, 0xDF, 0xEB, 0xF0, 0x0A, 0xE2, 0xB8, 0xB9, 0xE3,
    0xCB, 0x58, 0x41, 0x1F, 0x6B, 0x94, 0x49, 0x01, 0xE1, 0x6A, 0x08, 0x9F, 0xCA, 0x9B, 0x6F, 0x49,
    0xB1, 0x22, 0x14, 0xBA, 0xAF, 0x2B, 0xE4, 0x6F, 0x2B, 0x57, 0xFF, 0x47, 0xF9, 0xD2, 0x64, 0xF3,
    0xF0, 0xD4, 0xB3, 0xD7, 0x04, 0x4A, 0xAC, 0x24, 0x39, 0xBA, 0x0B, 0x39, 0x72, 0x37, 0x73, 0x75,
    0xC0, 0x93, 0x9C, 0x5F, 0x9F, 0x47, 0x5A, 0xD8, 0x35, 0x67, 0xC9, 0x21, 0xC9, 0x28, 0xF9, 0x7C,
    0x05, 0x81, 0xEE, 0x52, 0x8C, 0x39, 0xAE, 0x7F, 0xF2, 0xC1, 0x76, 0xF4, 0xBB, 0x8B, 0x05, 0xE6,
    0x83, 0x02, 0x2B, 0x5F, 0xA1, 0xFD, 0xAD, 0x16, 0xC8, 0xD3, 0x8A, 0x77, 0x1B, 0xD8, 0x35, 0x45,
    0x63, 0xD1, 0xDB, 0x8D, 0x44, 0x1A, 0x43, 0x13, 0x19, 0x52, 0x20, 0x76, 0x10, 0x0B, 0x95, 0x8E,
    0x24, 0xAD, 0xC7, 0x4E, 0x11, 0xB0, 0x03, 0x1E, 0xC7, 0xB6, 0x11, 0xB5, 0x26, 0x9D, 0x3D, 0xE5,
    0x7D, 0xAC, 0xBD, 0xDD, 0xCC, 0xBF, 0x9B, 0x8B, 0x0F, 0x0B, 0xF1, 0xA0, 0x0C, 0x4D, 0x9D, 0x62,
    0x98, 0x60, 0x73, 0x48, 0x06, 0x54, 0x23, 0xCF, 0x71, 0x6E, 0x66, 0xFC, 0x57, 0x89, 0x81, 0xBB,
    0xAB, 0x66, 0xC5, 0xAF, 0x4B, 0xC7, 0x68, 0xE7, 0x5B, 0xB3, 0xF2, 0x77, 0x6E, 0x48, 0xEF, 0x2F,
    0xDA, 0xF9, 0x70, 0x66, 0xFE, 0x67, 0x80, 0x3D, 0x60, 0x57, 0x5A, 0xF0, 0xE2, 0x6C, 0x4B, 0x9A,
    0x16, 0x19, 0x03, 0x24, 0xF6, 0x35, 0xA4, 0x58, 0x51, 0xF1, 0xE5, 0x14, 0x34, 0x52, 0x2F, 0xE7,
    0x98, 0x9F, 0x99, 0x31, 0x82, 0x7F, 0x70, 0x4C, 0x98, 0xD2, 0x3A, 0x28, 0x5F, 0x09, 0x38, 0xD1,
    0xB3, 0x2F, 0xFA, 0xA6, 0xCB, 0x80, 0x62, 0xAA, 0x50, 0x0D, 0x53, 0x24, 0x34, 0x9D, 0xCD, 0x86,
    0xD8, 0x49, 0x11, 0x87, 0x37, 0xEA, 0xC0, 0x94, 0xD6, 0x1F, 0x29, 0x54, 0x9F, 0xBA, 0xB6, 0xE7,
    0xA2, 0x87, 0x05, 0xD2, 0x9A, 0xA9, 0x75, 0x24, 0x43, 0x1B, 0x97, 0xDC, 0xEA, 0x80, 0xC8, 0x90,
    0x34, 0xF1, 0xD7, 0xCE, 0xE2, 0x7B, 0x8D, 0xC2, 0xB3, 0x59, 0xF1, 0xEE, 0x4D, 0x88, 0x12, 0xAB,
    0x2B, 0xB3, 0xE2, 0x4F, 0x2E, 0x22, 0xE9, 0xE0, 0x5C, 0x7B, 0x56, 0x7C, 0x1B, 0x4B, 0x08, 0x88,
    0x15, 0xEA, 0xF8, 0xE7, 0xA5, 0x4E, 0x17, 0xD5, 0x44, 0x6B, 0xC9, 0xF3, 0x59, 0x77, 0xF0, 0x6C,
    0xFC, 0xAB, 0x1B, 0x77, 0xCA, 0xEE, 0xF6, 0xB3, 0xE7, 0x1D, 0x46, 0x0B, 0xA3, 0x42, 0x53, 0x86,
    0x4E, 0x1D, 0x22, 0x09, 0xA9, 0xAE, 0x2A, 0x1A, 0x55, 0x8C, 0xBC, 0x69, 0x48, 0x11, 0xBF, 0x51,
    0x87, 0xA6, 0x20, 0xC0, 0x79, 0x03, 0xBE, 0xC1, 0xDC, 0x19, 0x7B, 0x8D, 0x1A, 0x15, 0x8F, 0xCD,
    0x8B, 0x18, 0x5D, 0xED, 0xE5, 0xD5, 0xA3, 0xB2, 0xAA, 0x86, 0x55, 0x15, 0x57, 0x55, 0x58, 0x55,
    0xA2, 0xAA, 0xBC, 0xAA, 0x72, 0x2B, 0xEB, 0x1D, 0xB8, 0xC6, 0x9F, 0x15, 0x14, 0x23, 0x2C, 0xD5,
    0xC8, 0xD0, 0x52, 0x81, 0x8A, 0xA4, 0xEA, 0x12, 0x6A, 0x30, 0xA2, 0x22, 0x43, 0xFE, 0xA2, 0xA6,
    0x6F, 0xC7, 0xA8, 0x4F, 0x62, 0xCA, 0x27, 0x11, 0xD6, 0x7A, 0x8C, 0x75, 0x19, 0xBC, 0xF2, 0x7F,
    0xF0, 0xA0, 0x17, 0xE1, 0xD7, 0x0C, 0x9F, 0x1F, 0xE9, 0xE7, 0xE7, 0xB1, 0x2E, 0x6D, 0x50, 0x86,
    0xF3, 0x13, 0xF9, 0xFC, 0x3C, 0x6E, 0x28, 0xB8, 0x0F, 0xD9, 0xFF, 0x48, 0x3D, 0x3F, 0x0F, 0x60,
    0xD9, 0xC7, 0x66, 0xA8, 0x98, 0xE2, 0x6C, 0x4E, 0xE4, 0xEA, 0x7D, 0xF4, 0x23, 0xD9, 0xA1, 0xC1,
    0x5B, 0x09, 0x59, 0x67, 0xF9, 0x57, 0x93, 0xA3, 0x42, 0xC5, 0x7C, 0xE9, 0x8D, 0x11, 0x07, 0x57,
    0xB0, 0xB9, 0x44, 0xAE, 0x1D, 0x72, 0x1D, 0x90, 0x6B, 0x46, 0xAE, 0x1F, 0xD4, 0x8D, 0xAF, 0x9D,
    0x27, 0x57, 0x1E, 0x04, 0x2E, 0x0F, 0x46, 0xFE, 0xB9, 0x65, 0x51, 0xD1, 0x31, 0x8F, 0x25, 0xB7,
    0xF8, 0xAD, 0x9F, 0x33, 0x2F, 0x04, 0xE3, 0x23, 0xA1, 0x76, 0x70, 0x10, 0x2C, 0x67, 0x5D, 0xB2,
    0x0D, 0x8F, 0xB7, 0x99, 0xFF, 0x12, 0x4B, 0xE6, 0x4E, 0x41, 0x5C, 0xC6, 0x5C, 0xEB, 0xCB, 0xEC,
    0xD2, 0x6A, 0x0C, 0xA6, 0x71, 0xCE, 0x2D, 0xFC, 0x26, 0x42, 0x2D, 0x7E, 0x5C, 0x04, 0x77, 0x73,
    0xEF, 0x81, 0x76, 0x4C, 0x13, 0xB8, 0xE2, 0xFF, 0xA6, 0x27, 0xBE, 0x57, 0x36, 0xAE, 0x18, 0xAA,
    0x2A, 0xD0, 0x55, 0xA0, 0x1E, 0x5D, 0x91, 0x0C, 0x4B, 0xE3, 0xF5, 0xC3, 0x59, 0x47, 0x22, 0xAA,
    0x99, 0x7B, 0x51, 0x87, 0xB2, 0x12, 0xB2, 0x8A, 0x50, 0xED, 0x37, 0x0E, 0x40, 0xB0, 0xA7, 0xED,
    0xDB, 0xA8, 0x6A, 0x6C, 0xCD, 0x95, 0x71, 0xE7, 0x20, 0x94, 0x04, 0xAC, 0x7D, 0x46, 0x68, 0x33,
    0x99, 0x5D, 0xA1, 0x73, 0xA9, 0x2D, 0xA1, 0x7A, 0x42, 0x6D, 0x8D, 0x54, 0xF4, 0xA0, 0x89, 0xB7,
    0x0C, 0x07, 0x77, 0x0E, 0x65, 0xFE, 0xC5, 0x48, 0x67, 0xDB, 0xEA, 0x79, 0x7E, 0x69, 0x06, 0xE4,
    0x37, 0x6D, 0x59, 0x73, 0xB2, 0x3D, 0x1D, 0x79, 0xEA, 0xA4, 0xCD, 0xCB, 0xAD, 0x57, 0x66, 0xDA,
    0xDD, 0xBB, 0x06, 0xFF, 0x1C, 0xBC, 0xA6, 0x3E, 0x98, 0x72, 0x29, 0xCB, 0xEE, 0x91, 0x61, 0x86,
    0x34, 0x39, 0x31, 0x85, 0x73, 0xF9, 0xA7, 0xCC, 0x06, 0xA6, 0xDC, 0x64, 0xF9, 0x47, 0xDC, 0xF6,
    0xD6, 0x68, 0xAF, 0x88, 0x4A, 0x73, 0x04, 0x65, 0x3D, 0x16, 0x1A, 0x99, 0x04, 0xBA, 0xC7, 0x42,
    0xAE, 0x21, 0xF6, 0xC9, 0xD5, 0xD6, 0x69, 0x0C, 0x1E, 0x6F, 0x31, 0x5D, 0xD8, 0x3D, 0xE7, 0x54,
    0x13, 0xCC, 0xF3, 0xCF, 0x97, 0xC4, 0x81, 0xDE, 0x7C, 0x53, 0xB3, 0x94, 0xE4, 0x92, 0xD8, 0x95,
    0xD1, 0x2D, 0xE5, 0x1F, 0x28, 0xBF, 0xDD, 0x44, 0x9C, 0xC1, 0x0C, 0xC8, 0x09, 0x63, 0xFC, 0x62,
    0xE4, 0x81, 0x0D, 0xB6, 0x4E, 0x4D, 0x47, 0xB6, 0xB1, 0xDA, 0xC4, 0x2A, 0x21, 0x9F, 0x7E, 0x6C,
    0xC4, 0x2E, 0x8F, 0x5A, 0x4B, 0xA6, 0xD9, 0xCE, 0xE0, 0x38, 0xD8, 0xAB, 0xEB, 0x95, 0xAD, 0x46,
    0x8F, 0x99, 0xE1, 0xEE, 0xC1, 0xBF, 0xC1, 0x98, 0x3A, 0xBF, 0x05, 0xE7, 0xDB, 0x74, 0x5E, 0x95,
    0x0A, 0xDD, 0xF1, 0x74, 0xCF, 0xCB, 0x7A, 0x9E, 0xE6, 0x81, 0x22, 0xD6, 0xDD, 0xFB, 0xF6, 0x10,
    0x27, 0x5E, 0x40, 0x58, 0x61, 0x71, 0xC3, 0xF6, 0x3F, 0xAD, 0xAD, 0x49, 0xD7, 0xCC, 0xA8, 0xE2,
    0x69, 0x9A, 0x74, 0xF9, 0xE6, 0x56, 0xCA, 0xAA, 0xC1, 0x72, 0xB3, 0x74, 0xA8, 0x86, 0xFF, 0xF1,
    0xF4, 0x29, 0xC8, 0xA7, 0x65, 0xFA, 0x4C, 0x24, 0x53, 0x09, 0xBD, 0xF5, 0x44, 0x7B, 0x3A, 0x72,
    0x32, 0x02, 0x4C, 0xD9, 0x5D, 0x1E, 0x7D, 0x13, 0xF0, 0xB3, 0xC3, 0xA8, 0x51, 0x63, 0x65, 0x2C,
    0x93, 0xBD, 0xA3, 0xD4, 0xEE, 0x8F, 0x2D, 0x38, 0x11, 0xBA, 0x97, 0x66, 0xBD, 0x5F, 0x66, 0xFD,
    0xBB, 0x59, 0x6A, 0xE5, 0xA6, 0x5E, 0x1F, 0x1F, 0x86, 0x0D, 0x5B, 0x34, 0x34, 0xA6, 0x79, 0x6C,
    0xA9, 0x3C, 0x32, 0x32, 0xBA, 0xD7, 0x44, 0xD9, 0xA6, 0x5C, 0x70, 0xF5, 0x74, 0x24, 0x85, 0x2C,
    0x0A, 0xAC, 0xAE, 0x4D, 0x47, 0x9E, 0x59, 0x46, 0xD2, 0x3B, 0x2C, 0x11, 0xA6, 0xEC, 0x3E, 0x61,
    0xE2, 0x43, 0x2F, 0x8B, 0x7D, 0x9D, 0x08, 0x15, 0xD2, 0x46, 0x2E, 0x23, 0xF8, 0x85, 0xFD, 0x48,
    0xA2, 0x0A, 0x5C, 0x26, 0x8C, 0x02, 0x67, 0x73, 0xA4, 0x1A, 0xA7, 0x1B, 0xD9, 0x3C, 0xA9, 0xF0,
    0x0F, 0x4D, 0x22, 0x24, 0x5B, 0x55, 0x06, 0x9A, 0x6F, 0xF6, 0x39, 0xC2, 0xF1, 0xC9, 0xAF, 0x80,
    0x49, 0xA3, 0x9F, 0x71, 0x97, 0xCF, 0x00, 0xAD, 0x57, 0xBF, 0x6F, 0xE5, 0x58, 0x15, 0xFE, 0x6C,
    0x6F, 0x62, 0x25, 0x5E, 0x8D, 0xA7, 0x98, 0x91, 0x26, 0x8B, 0x76, 0x4C, 0x41, 0x11, 0xA4, 0x4C,
    0x4C, 0x31, 0xC5, 0x80, 0xF2, 0x9E, 0xEF, 0x0A, 0x89, 0x02, 0x8A, 0x0D, 0xD2, 0x4E, 0x45, 0x41,
    0x90, 0x86, 0x0A, 0x50, 0x28, 0xA6, 0x08, 0xD2, 0x7B, 0x89, 0x77, 0xE8, 0xA0, 0x20, 0xE2, 0x1F,
    0x20, 0xC5, 0x94, 0xB0, 0xA4, 0x18, 0xA4, 0x91, 0x78, 0x3B, 0xCF, 0x62, 0x0A, 0x0A, 0x8A, 0x35,
    0x50, 0x6C, 0xB1, 0x8D, 0x25, 0x8A, 0x45, 0x1A, 0xCD, 0x62, 0x69, 0xBD, 0xE1, 0xEE, 0x8E, 0xF3,
    0x2E, 0xDF, 0xB9, 0xEF, 0x25, 0x71, 0x92, 0x97, 0x3C, 0x67, 0x85, 0x7D, 0xAE, 0x65, 0xDF, 0x1F,
    0xDF, 0x39, 0xBE, 0xF7, 0xFC, 0x04, 0x00, 0x93, 0xE2, 0x3E, 0xE4, 0x1A, 0xF2, 0x5D, 0x39, 0xAF,
    0x52, 0xEF, 0xE3, 0xCC, 0xFB, 0x67, 0xEE, 0x3F, 0x2F, 0xC2, 0xBF, 0x94, 0xE1, 0x8B, 0x2A, 0x32,
    0x75, 0x82, 0x41, 0x17, 0xFD, 0x01, 0x12, 0xCE, 0x0A, 0x6A, 0x38, 0xEF, 0xC8, 0xF4, 0xE0, 0x10,
    0xC9, 0x10, 0xCB, 0x61, 0x8A, 0xCD, 0x34, 0x32, 0xE9, 0x76, 0x98, 0xF6, 0xC2, 0x74, 0x7B, 0x98,
    0xC6, 0x2F, 0x52, 0x8E, 0x3A, 0xEF, 0xA6, 0xCE, 0xC7, 0x29, 0xB6, 0xDB, 0x22, 0x2F, 0x2C, 0x20,
    0xFC, 0x29, 0xDC, 0x6A, 0x36, 0xF2, 0x11, 0x22, 0x21, 0x41, 0x4C, 0x10, 0x14, 0x44, 0x05, 0x61,
    0x41, 0x5C, 0x10, 0x18, 0x44, 0xA6, 0xB0, 0x03, 0x10, 0x1B, 0x63, 0xB1, 0x3B, 0x6C, 0x03, 0xB6,
    0x1D, 0xB6, 0x9B, 0xB3, 0x98, 0x44, 0x76, 0x7E, 0x9C, 0x62, 0x0E, 0x98, 0x57, 0x08, 0x81, 0x37,
    0x81, 0xD7, 0xE0, 0x9A, 0x3C, 0x34, 0x3A, 0x4A, 0x07, 0x09, 0xBA, 0x1C, 0xEF, 0x5B, 0xE2, 0x4B,
    0x82, 0x4E, 0xF4, 0x6E, 0x1D, 0x98, 0xCA, 0x31, 0xB9, 0x40, 0x7F, 0x1D, 0x58, 0x03, 0xF6, 0xE5,
    0xD5, 0x3F, 0xA4, 0x2C, 0xAA, 0x1B, 0x64, 0x3D, 0x60, 0x4C, 0x7C, 0x27, 0x3B, 0xF6, 0x4F, 0x66,
    0xFE, 0x59, 0x39, 0xFF, 0xC8, 0xAE, 0x00, 0xBE, 0x07, 0xAF, 0x46, 0x70, 0xAD, 0x05, 0xF8, 0x2D,
    0x7E, 0x5F, 0x51, 0xF2, 0x3D, 0x38, 0x95, 0x3C, 0x67, 0x82, 0x3B, 0xBF, 0x4D, 0xC1, 0xBD, 0x5F,
    0xBD, 0x02, 0xF8, 0xE2, 0xA2, 0x48, 0x8E, 0x6A, 0x36, 0xF8, 0xF2, 0x32, 0x6E, 0x97, 0xF0, 0x33,
    0x79, 0x37, 0x87, 0x30, 0x26, 0xD5, 0x41, 0xAE, 0xBD, 0x52, 0x3B, 0x0D, 0xE2, 0x67, 0x94, 0x73,
    0xC8, 0x68, 0xCE, 0x9A, 0x07, 0xBC, 0x8F, 0x26, 0xED, 0xEF, 0x08, 0x3E, 0xCD, 0x11, 0x93, 0x67,
    0x37, 0xC8, 0xD1, 0xF3, 0x4E, 0x9A, 0x7C, 0x4B, 0xBF, 0x8C, 0xDB, 0x9F, 0x00, 0xA5, 0xE0, 0xE1,
    0x57, 0x91, 0x53, 0x47, 0xE8, 0x46, 0x1C, 0xD4, 0xF1, 0x50, 0xC7, 0x11, 0x92, 0x88, 0xB2, 0xBF,
    0x55, 0x47, 0xA6, 0xE4, 0x04, 0x99, 0xCA, 0xD5, 0x3B, 0x15, 0x7E, 0x52, 0x71, 0x29, 0x11, 0x08,
    0x44, 0xBC, 0x31, 0xF1, 0x9D, 0x3D, 0x47, 0x90, 0x08, 0x35, 0xE6, 0xD6, 0xAD, 0xE0, 0x46, 0x91,
    0x28, 0xDC, 0x98, 0x8C, 0x11, 0x6A, 0x7C, 0xCA, 0xE8, 0x78, 0x27, 0xC6, 0xE6, 0x34, 0xDE, 0x92,
    0x4E, 0x90, 0xF5, 0x7F, 0x90, 0xED, 0x18, 0xD9, 0x98, 0x8E, 0xAB, 0xE2, 0x3F, 0xA6, 0xFE, 0xC8,
    0x9E, 0xE5, 0x2D, 0xDC, 0xDE, 0x82, 0x5F, 0xB4, 0x45, 0x5E, 0x98, 0x43, 0xF0, 0x87, 0x89, 0x39,
    0x5D, 0x8E, 0xEC, 0xD0, 0x82, 0x0A, 0xB8, 0x59, 0x6B, 0x99, 0xA9, 0x23, 0xE5, 0x29, 0x1D, 0xB9,
    0x08, 0xB9, 0x2D, 0xE0, 0xAA, 0x35, 0x97, 0x44, 0x89, 0xB5, 0x5D, 0x88, 0x99, 0xF9, 0x06, 0x32,
    0x73, 0x62, 0x97, 0x8A, 0x3A, 0x12, 0x3E, 0x91, 0x63, 0x69, 0xC9, 0x85, 0xDA, 0xE7, 0x0F, 0xAC,
    0xE4, 0x33, 0xC5, 0x3E, 0x6D, 0x94, 0xC1, 0x44, 0xB5, 0x3B, 0xA2, 0xDA, 0xCE, 0xFD, 0xBE, 0x3F,
    0xEA, 0x38, 0xDB, 0xD4, 0x74, 0x76, 0x4E, 0x35, 0xCA, 0x33, 0x1A, 0xD2, 0xF7, 0xF2, 0xC4, 0x6A,
    0x88, 0xFF, 0xAF, 0x9C, 0xE2, 0x76, 0xBF, 0x47, 0x35, 0x57, 0xCE, 0x63, 0x6E, 0x7B, 0x0A, 0x3A,
    0xAE, 0x6D, 0xB4, 0xE7, 0x32, 0x37, 0x0F, 0xFF, 0x3D, 0x38, 0xFA, 0x0A, 0x5C, 0x26, 0x3E, 0xE0,
    0x0E, 0xAE, 0xF4, 0x2F, 0xC7, 0x3E, 0xA0, 0x2D, 0x97, 0xF6, 0xE0, 0x6B, 0x96, 0x1E, 0x02, 0xD7,
    0x81, 0x27, 0x40, 0x69, 0xA9, 0x3D, 0xA3, 0xC7, 0x76, 0x9F, 0xDF, 0x96, 0x25, 0x1A, 0xD5, 0x09,
    0x39, 0x95, 0x31, 0x42, 0xA7, 0x3A, 0x51, 0xB9, 0xBB, 0x08, 0x4B, 0xDC, 0x59, 0x9B, 0x58, 0xF0,
    0x84, 0x3E, 0x2A, 0x3D, 0x53, 0x7B, 0xE5, 0xC0, 0xCB, 0xD7, 0xBC, 0xBC, 0xD3, 0x24, 0x99, 0x47,
    0x2F, 0x60, 0xDB, 0x8E, 0x31, 0x59, 0x7C, 0x7F, 0x47, 0x45, 0x2A, 0xA1, 0xB6, 0x98, 0x71, 0x9B,
    0x8C, 0x35, 0x9B, 0xD8, 0xBC, 0x42, 0xA2, 0x11, 0xFF, 0x1B, 0xE1, 0x66, 0x16, 0x9A, 0x52, 0x82,
    0x9B, 0x22, 0x55, 0x4D, 0xBA, 0x71, 0x7D, 0xA7, 0xFC, 0xD1, 0x2E, 0xE7, 0xA6, 0xD3, 0x6F, 0x19,
    0xFF, 0x7E, 0x2A, 0x58, 0x67, 0x6F, 0x9A, 0x46, 0x71, 0x73, 0xFD, 0xE2, 0x95, 0x76, 0x5C, 0x4D,
    0x5B, 0xB9, 0xF1, 0xD5, 0x6F, 0x96, 0x51, 0x7A, 0xF1, 0xCA, 0x8D, 0x8D, 0x5F, 0x14, 0xD1, 0x74,
    0x9E, 0xDD, 0xC6, 0xB5, 0x55, 0x3D, 0xBB, 0x39, 0x4F, 0x90, 0x00, 0xD3, 0xA6, 0xAE, 0xF2, 0x40,
    0x93, 0x74, 0x0E, 0xB7, 0xBA, 0x2B, 0xA7, 0x56, 0x55, 0x47, 0xD7, 0xF8, 0xB0, 0xA2, 0x8B, 0xDB,
    0x3A, 0x9B, 0x66, 0x1B, 0xC4, 0xD0, 0x3B, 0x23, 0xE8, 0x48, 0x8F, 0xC3, 0xD7, 0x42, 0x37, 0x5E,
    0x61, 0xF4, 0xEA, 0xC4, 0x67, 0x6F, 0xEE, 0xFA, 0x33, 0xD4, 0x58, 0xC7, 0x22, 0x9D, 0x47, 0x8E,
    0x87, 0x36, 0xD2, 0x72, 0x23, 0xCE, 0xD1, 0x0D, 0x1B, 0xD4, 0xFB, 0xA1, 0x4A, 0x8C, 0xE4, 0x2D,
    0x12, 0x84, 0x54, 0x92, 0x3F, 0xD9, 0x9F, 0xF6, 0x1F, 0xA1, 0x8A, 0xD5, 0xB6, 0xA8, 0x25, 0xA5,
    0x65, 0x6C, 0x09, 0x33, 0x9D, 0x40, 0xBF, 0x8F, 0x2F, 0x2A, 0x98, 0x12, 0x4C, 0x27, 0x0E, 0xFB,
    0xD0, 0x14, 0x90, 0xFD, 0x7E, 0xA1, 0x5D, 0xD1, 0x5A, 0x3A, 0x13, 0x97, 0xEA, 0x64, 0x3D, 0x67,
    0x75, 0x4C, 0x09, 0xAA, 0x01, 0x0E, 0xB8, 0x24, 0xB7, 0x54, 0xA2, 0xAA, 0x51, 0xF5, 0x51, 0x59,
    0x4D, 0x61, 0x4C, 0x0B, 0x6C, 0x3E, 0x51, 0xC5, 0xAA, 0xDA, 0x16, 0x1D, 0xFD, 0xC2, 0xCE, 0x7C,
    0x55, 0x5A, 0x7D, 0xB5, 0xD3, 0x96, 0xB8, 0xA1, 0x0F, 0xED, 0x9E, 0x9D, 0xBF, 0x0D, 0xAF, 0xA5,
    0xB5, 0x87, 0xA8, 0x1A, 0xD7, 0xC5, 0x33, 0x85, 0x5F, 0xA0, 0xC8, 0xAD, 0xD3, 0xB8, 0xB0, 0xB6,
    0xF5, 0x73, 0x6C, 0xE8, 0x7D, 0xDE, 0xD7, 0xCF, 0x2F, 0x71, 0xD2, 0x83, 0xEC, 0x20, 0xAB, 0x54,
    0x85, 0xB3, 0xF7, 0x31, 0x9B, 0x3D, 0x5D, 0xB1, 0x9D, 0x62, 0x73, 0x3C, 0x6B, 0xF7, 0xA0, 0xFC,
    0xAC, 0x6C, 0xAE, 0x91, 0x54, 0x4A, 0xE8, 0x35, 0x44, 0x3D, 0xF0, 0x60, 0x63, 0x6E, 0x09, 0x84,
    0xA4, 0x53, 0xD1, 0xA8, 0x0A, 0xD2, 0xF1, 0x71, 0xEC, 0x85, 0x45, 0x9C, 0x26, 0x4D, 0x3D, 0x5C,
    0x3A, 0xF2, 0x17, 0xE0, 0x81, 0x6B, 0x7A, 0x75, 0xFA, 0x79, 0x93, 0xE9, 0x57, 0x85, 0xFE, 0xBC,
    0xD2, 0x7A, 0xA0, 0x75, 0x87, 0xAA, 0xA3, 0x75, 0xA8, 0xB5, 0xA7, 0xB5, 0xAB, 0xF1, 0x40, 0x1C,
    0xCA, 0x38, 0x98, 0x1D, 0xD4, 0x12, 0x06, 0xEA, 0x18, 0x55, 0x78, 0x96, 0xDA, 0xA2, 0x61, 0xE2,
    0xA1, 0x9C, 0x7C, 0x36, 0x20, 0xF5, 0xC0, 0x4F, 0x41, 0x1B, 0x99, 0xFF, 0x2E, 0xBC, 0x97, 0x93,
    0x3C, 0xA7, 0x0D, 0x97, 0x66, 0x24, 0xFB, 0x7F, 0xC8, 0xAC, 0x31, 0x5F, 0x21, 0x28, 0x25, 0x71,
    0xBD, 0x1C, 0x90, 0xDB, 0xBB, 0x69, 0xCF, 0xE2, 0xC1, 0x24, 0x58, 0xD3, 0x15, 0xDC, 0x57, 0xE2,
    0xCD, 0xC5, 0x9D, 0x83, 0xFE, 0x1C, 0xF4, 0xDD, 0x4C, 0xE3, 0xBA, 0x8C, 0xBA, 0x31, 0x93, 0xBA,
    0x88, 0x2D, 0xB6, 0xEF, 0xD2, 0xC7, 0xDC, 0x8E, 0x73, 0x2A, 0x4C, 0x3C, 0x3B, 0xCE, 0x25, 0x33,
    0xA9, 0xE4, 0x77, 0x27, 0x69, 0x92, 0xCD, 0xEF, 0xC6, 0x11, 0x96, 0xB1, 0x4F, 0x82, 0x9F, 0xAD,
    0x0E, 0xBE, 0x24, 0xB7, 0x66, 0x30, 0x9C, 0xC1, 0xED, 0xC7, 0x8C, 0x65, 0x9F, 0x66, 0x70, 0x3E,
    0xFC, 0xF2, 0xFF, 0xE6, 0xFE, 0x4A, 0xF9, 0xBF, 0x41, 0xB0, 0xD2, 0x82, 0x1B, 0xC8, 0xC5, 0x11,
    0xAB, 0x08, 0xE4, 0x11, 0xA5, 0x95, 0x44, 0xE0, 0x4A, 0x12, 0x17, 0x2D, 0x89, 0x2E, 0xFB, 0xF8,
    0x18, 0xF1, 0xB3, 0x92, 0x0C, 0x99, 0x8F, 0x28, 0xE7, 0xC3, 0x4E, 0x76, 0x86, 0x62, 0x4C, 0x96,
    0x45, 0x4C, 0xBB, 0x18, 0xD5, 0xDD, 0xA0, 0xEC, 0xF4, 0xBC, 0xCF, 0xB6, 0x7B, 0x9E, 0x19, 0xF5,
    0x98, 0xA5, 0xF1, 0x7B, 0x59, 0xFA, 0xFD, 0x51, 0x6C, 0xD5, 0x6B, 0xAC, 0xEE, 0x63, 0xED, 0xB4,
    0x89, 0xB2, 0xB2, 0xFE, 0x29, 0xD3, 0x41, 0xF6, 0xF9, 0x66, 0x46, 0xB0, 0x11, 0x55, 0xA6, 0x0B,
    0x71, 0xAE, 0xD2, 0x9F, 0xBB, 0x69, 0xA0, 0x24, 0x49, 0xF9, 0x6F, 0x6E, 0xF2, 0xFA, 0x8C, 0x75,
    0xB7, 0x02, 0x90, 0xAD, 0xB0, 0x2E, 0xCF, 0x93, 0xAC, 0xB8, 0x53, 0x25, 0x74, 0x77, 0x9D, 0xC6,
    0x2D, 0xD6, 0xBA, 0x45, 0x73, 0x5D, 0xBA, 0x85, 0xE0, 0x29, 0xDC, 0xA2, 0x2D, 0xEE, 0xF2, 0x83,
    0xD5, 0x32, 0x48, 0xA7, 0x22, 0xBE, 0x61, 0x3D, 0xC0, 0x3D, 0xC9, 0x18, 0x7C, 0xA3, 0x22, 0x93,
    0x27, 0x6E, 0xD9, 0xC5, 0x7A, 0xC2, 0xD0, 0x3E, 0x52, 0xCE, 0x90, 0x75, 0x5F, 0xB9, 0xE6, 0x94,
    0x5D, 0xB7, 0x8C, 0x4D, 0xE1, 0xDB, 0x94, 0x1A, 0xCB, 0x36, 0xB7, 0xB0, 0xCC, 0xE9, 0xF5, 0x59,
    0xE5, 0x75, 0x16, 0xC1, 0xF9, 0xD1, 0x08, 0xCE, 0xA6, 0x5A, 0x09, 0xD3, 0x64, 0xA8, 0xC2, 0x71,
    0x89, 0xF4, 0x18, 0xEE, 0x4B, 0xF8, 0xBF, 0x56, 0xED, 0xC1, 0x9D, 0x3D, 0xF8, 0x4F, 0x71, 0xED,
    0xCD, 0x16, 0xE0, 0x2D, 0x31, 0xEF, 0xDA, 0x1A, 0xED, 0x67, 0xC0, 0x8D, 0x59, 0x98, 0xDC, 0xFE,
    0x2D, 0xE0, 0x29, 0x18, 0xF9, 0xE6, 0xBF, 0xA3, 0xDC, 0x4F, 0xEC, 0x7B, 0x6B, 0xC9, 0x17, 0x96,
    0x4E, 0xCE, 0x64, 0x86, 0xE4, 0x2C, 0x93, 0x4D, 0x45, 0x92, 0x8A, 0xF9, 0x12, 0xFA, 0x46, 0x53,
    0x72, 0x89, 0xCA, 0xA6, 0x18, 0x16, 0x31, 0x8E, 0xEE, 0xA8, 0x08, 0x0A, 0x2F, 0x75, 0x0A, 0xB7,
    0x70, 0xD4, 0x89, 0xBC, 0x2D, 0xB1, 0x97, 0x71, 0x2F, 0xBE, 0x1B, 0x5F, 0x3F, 0x8F, 0x38, 0x4D,
    0xBC, 0xD0, 0x30, 0xEF, 0xCA, 0xCE, 0x42, 0x34, 0x44, 0x1A, 0x16, 0xC3, 0xDD, 0x13, 0x00, 0xE7,
    0x2D, 0x04, 0x23, 0xCC, 0x2D, 0xDB, 0x58, 0xEF, 0x94, 0xD3, 0xC9, 0x2D, 0x9F, 0xF9, 0x45, 0x62,
    0xB2, 0xC0, 0x9A, 0xF5, 0x1C, 0x03, 0x58, 0x8D, 0x1B, 0x1B, 0x36, 0xD6, 0x8B, 0xFB, 0x3C, 0x95,
    0xDD, 0xD5, 0xB1, 0x1A, 0x1A, 0x15, 0x7F, 0xA0, 0xCE, 0xB8, 0xC1, 0x96, 0xE0, 0x92, 0xBD, 0x54,
    0x93, 0xB2, 0xF1, 0x72, 0xF0, 0xA6, 0xD7, 0x6B, 0x09, 0xDE, 0xAC, 0x1C, 0x67, 0x48, 0xCE, 0x2A,
    0xE6, 0xF7, 0xF0, 0x5E, 0x87, 0x5B, 0x8B, 0x8A, 0xB5, 0xC4, 0x67, 0x8E, 0x7D, 0x6D, 0x1F, 0xAF,
    0xDF, 0x95, 0x90, 0xE3, 0xA8, 0x19, 0x2C, 0x9A, 0x7E, 0xB4, 0x25, 0xFE, 0xE2, 0x12, 0xAE, 0xAD,
    0x61, 0x65, 0xBF, 0xD5, 0xCE, 0x5F, 0x8A, 0x59, 0x0A, 0xA6, 0xCD, 0x56, 0x9C, 0x02, 0x0E, 0xFF,
    0xF1, 0x9D, 0x4B, 0x01, 0x9B, 0x65, 0xA9, 0x23, 0xE5, 0x90, 0x2F, 0xDA, 0x7B, 0xFB, 0xCE, 0xE4,
    0xC4, 0x06, 0x5E, 0x19, 0xA6, 0x1D, 0xAF, 0x8A, 0x54, 0xD7, 0x67, 0x62, 0x18, 0x07, 0x0C, 0xB2,
    0x51, 0xD8, 0xEB, 0x22, 0x7C, 0x9B, 0x49, 0x56, 0xF8, 0xBB, 0x3B, 0x3D, 0x04, 0x9F, 0xDC, 0x1E,
    0xC0, 0x7F, 0xC9, 0xB3, 0xF5, 0x6A, 0xD6, 0x21, 0x5E, 0xCD, 0x2D, 0x72, 0xB5, 0x1C, 0xC5, 0x22,
    0x01, 0x12, 0x06, 0xC0, 0xFD, 0xB1, 0x3A, 0x0F, 0xC2, 0x6F, 0x17, 0xBD, 0xE8, 0x97, 0x79, 0x27,
    0xFE, 0x6B, 0xB6, 0x9A, 0xFC, 0x2D, 0x8B, 0xBE, 0xF5, 0x81, 0x0A, 0xFF, 0xF4, 0x1F, 0x16, 0x2F,
    0x0C, 0x23, 0xE5, 0x88, 0xA7, 0xD7, 0xB7, 0x5E, 0xCD, 0xC0, 0x7D, 0x2E, 0x8E, 0x77, 0x1B, 0xEF,
    0xC7, 0xA8, 0xC3, 0x47, 0x65, 0xF0, 0xBC, 0xF0, 0x5E, 0x64, 0x0E, 0xED, 0x7B, 0x68, 0x4B, 0xE3,
    0x26, 0x35, 0x6A, 0x52, 0x96, 0x3A, 0x1D, 0x3F, 0xEB, 0x86, 0x69, 0xC4, 0xA4, 0xEA, 0x87, 0x08,
    0xDE, 0x83, 0x5F, 0xCB, 0xA8, 0x5B, 0x49, 0x12, 0xFB, 0x95, 0x42, 0x64, 0xB9, 0xC9, 0xBF, 0x7C,
    0xA4, 0xBC, 0x0F, 0x33, 0xF7, 0x51, 0x6B, 0x16, 0x8B, 0xF6, 0x79, 0x4F, 0x58, 0x24, 0x86, 0xDB,
    0x5B, 0x82, 0x21, 0x82, 0x99, 0x77, 0x22, 0xF6, 0xC7, 0x2A, 0x92, 0x21, 0x2B, 0xCC, 0x10, 0xAB,
    0xA3, 0xD1, 0x86, 0x63, 0x4E, 0x0C, 0x93, 0x72, 0x25, 0xC5, 0x29, 0xC5, 0xB0, 0xEB, 0x22, 0x75,
    0xD4, 0xF9, 0x35, 0xE9, 0x1C, 0x27, 0x7D, 0xAD, 0x60, 0x77, 0x05, 0x61, 0x1C, 0x05, 0x2F, 0x81,
    0x6D, 0xBA, 0xA0, 0x36, 0xB0, 0x54, 0xBC, 0x60, 0x30, 0xF1, 0x97, 0x97, 0xC0, 0xBE, 0x81, 0x1D,
    0x75, 0x88, 0x6A, 0xCA, 0xFD, 0x3F, 0xAD, 0x57, 0x31, 0x8F, 0x1B, 0x45, 0x14, 0xFE, 0x76, 0xF7,
    0xB8, 0x85, 0x5B, 0xC8, 0xA4, 0x08, 0x22, 0x40, 0x12, 0x37, 0x29, 0x1C, 0x29, 0xB9, 0x6D, 0x28,
    0x22, 0x61, 0xEF, 0x0E, 0x50, 0x20, 0x41, 0xC1, 0x15, 0x50, 0x20, 0x40, 0xA4, 0xB8, 0x06, 0x09,
    0xE9, 0x52, 0xA4, 0x48, 0x61, 0xDF, 0x2D, 0x14, 0xD4, 0x01, 0x89, 0xDE, 0x05, 0x05, 0x20, 0x21,
    0x90, 0xA0, 0x48, 0x61, 0xE2, 0x0D, 0xF9, 0x01, 0xAC, 0x48, 0x41, 0x41, 0xC1, 0x4A, 0x41, 0x42,
    0x22, 0x02, 0x56, 0x62, 0x85, 0x36, 0xDC, 0xDA, 0xC3, 0xF7, 0x66, 0xED, 0x8B, 0x73, 0xDC, 0xE9,
    0x7C, 0x27, 0xBC, 0xCF, 0xCF, 0xF6, 0xEC, 0xCC, 0x7B, 0xB3, 0x6F, 0xDE, 0xFB, 0xDE, 0x67, 0x00,
    0x67, 0xD7, 0xCD, 0x18, 0xAB, 0xB9, 0x31, 0x49, 0x90, 0x54, 0x41, 0x06, 0x54, 0x5E, 0x61, 0xEA,
    0xCA, 0x69, 0x14, 0x2A, 0x2A, 0xAF, 0xA0, 0x0A, 0x52, 0xDE, 0x68, 0xA1, 0x6A, 0x65, 0x7D, 0x70,
    0xB2, 0x19, 0x9B, 0x0A, 0x5C, 0x09, 0x0C, 0x06, 0xF0, 0xB2, 0x38, 0xA5, 0x52, 0x9A, 0x0A, 0x08,
    0xFE, 0xFA, 0xC1, 0x54, 0xA1, 0xA1, 0x8A, 0x82, 0xCC, 0x2D, 0x7A, 0x5E, 0xE6, 0xA7, 0x54, 0x2D,
    0x4D, 0x15, 0x81, 0x63, 0x35, 0xE4, 0x6E, 0x2D, 0xF3, 0x6A, 0xEC, 0xBC, 0x2A, 0xC0, 0x4F, 0x0F,
    0x52, 0x27, 0x44, 0x75, 0x45, 0x45, 0x2A, 0x35, 0x26, 0x34, 0xDA, 0x98, 0x60, 0x3C, 0x33, 0xF1,
    0x48, 0x85, 0xB0, 0xC2, 0xE9, 0x4A, 0x8C, 0x85, 0xFF, 0x15, 0x99, 0x6F, 0x42, 0x80, 0x72, 0x03,
    0xA0, 0xEB, 0x35, 0x9C, 0x2D, 0x87, 0xE5, 0x95, 0x12, 0xD4, 0xBB, 0x2E, 0x0C, 0x5D, 0x3E, 0xAF,
    0xA3, 0x1B, 0xC3, 0x35, 0x0D, 0xB6, 0x60, 0x1A, 0xAD, 0xAD, 0x4E, 0x45, 0x6F, 0xE7, 0xA2, 0xEF,
    0x95, 0xA2, 0xAB, 0xA1, 0xD5, 0xDD, 0x6A, 0x4D, 0xA2, 0x54, 0x55, 0xD4, 0xAA, 0xAA, 0x43, 0xC6,
    0xB3, 0xDA, 0x9A, 0xA0, 0x72, 0x39, 0x76, 0xFF, 0x61, 0xCF, 0xD2, 0xE2, 0x90, 0xF6, 0x2E, 0x8A,
    0x35, 0xDA, 0xEA, 0xD1, 0x52, 0x8F, 0x76, 0x7A, 0xB4, 0xD2, 0xA3, 0x8D, 0x1E, 0x67, 0xF7, 0xB8,
    0xBE, 0xC7, 0xD5, 0x3D, 0xAE, 0xED, 0x71, 0x0D, 0xDF, 0x0E, 0x37, 0xED, 0x95, 0xFC, 0xE4, 0xBE,
    0x96, 0x39, 0xA4, 0x52, 0x86, 0xC5, 0xEE, 0xF1, 0xEF, 0x5A, 0x25, 0xC6, 0xA8, 0xA4, 0x0E, 0x55,
    0x52, 0xAA, 0xBD, 0xDF, 0x9C, 0xCF, 0x77, 0xC8, 0x77, 0xCC, 0x15, 0x27, 0xE0, 0xBE, 0x9F, 0x60,
    0x5B, 0xA3, 0x6B, 0x77, 0x34, 0x02, 0x9F, 0xCC, 0xD9, 0x4E, 0xBC, 0x5F, 0x53, 0xEF, 0x76, 0xE6,
    0xDF, 0xCA, 0xD5, 0x77, 0x85, 0xBA, 0x5B, 0xB6, 0x4C, 0x1D, 0x63, 0x18, 0xA1, 0x3F, 0x44, 0xBC,
    0xF2, 0x24, 0xFC, 0x21, 0x98, 0x14, 0x7C, 0x31, 0xE8, 0xF1, 0x08, 0x6D, 0x1A, 0xDC, 0x48, 0x5A,
    0x26, 0xD9, 0x54, 0x49, 0x4F, 0x25, 0x9B, 0xA3, 0x24, 0xBC, 0x4B, 0xF3, 0x58, 0x1F, 0x44, 0x59,
    0xA0, 0xC5, 0xDF, 0xDE, 0xD7, 0x25, 0xDE, 0x57, 0x72, 0x5F, 0xEF, 0xBE, 0x9C, 0x0F, 0xB9, 0x7E,
    0x9B, 0xEF, 0x55, 0x9A, 0x59, 0x02, 0x5C, 0x93, 0x21, 0x60, 0xAA, 0xB5, 0x12, 0x6E, 0x00, 0x11,
    0x37, 0x1B, 0xA2, 0xCF, 0x38, 0xF7, 0xF9, 0x29, 0xDF, 0x65, 0xAC, 0xF5, 0x5E, 0xCD, 0x39, 0x25,
    0x1C, 0xCE, 0x95, 0xD7, 0xCA, 0x0A, 0x3C, 0xE6, 0x44, 0x29, 0xDF, 0xFD, 0x31, 0xB8, 0xBD, 0x28,
    0x90, 0x0C, 0x6C, 0x84, 0xDF, 0x39, 0xE2, 0x4F, 0x76, 0xCF, 0x64, 0x8E, 0xEF, 0x2D, 0x6E, 0x71,
    0xC3, 0xCF, 0x63, 0x93, 0x06, 0x76, 0x49, 0xBB, 0x0D, 0xF5, 0x8D, 0xCD, 0x73, 0xAE, 0x53, 0x14,
    0x3D, 0x2F, 0x75, 0xA8, 0x47, 0x46, 0x87, 0xDF, 0xCB, 0x99, 0xB8, 0x9F, 0xC1, 0xFD, 0x14, 0xCE,
    0x12, 0xD4, 0xDB, 0x08, 0xD4, 0x21, 0x5C, 0xAC, 0x7C, 0x22, 0xB2, 0x74, 0x1C, 0xDD, 0x1E, 0x2E,
    0x74, 0x0E, 0x76, 0x24, 0x71, 0xE2, 0xB4, 0xCB, 0x47, 0xF1, 0x85, 0xE3, 0x40, 0x01, 0x27, 0x3D,
    0x84, 0x3B, 0x87, 0x39, 0xF8, 0x05, 0x9C, 0xF2, 0x28, 0xEE, 0xB8, 0xD3, 0x63, 0x36, 0x7A, 0x87,
    0x73, 0xC7, 0x34, 0xCF, 0x8F, 0xE8, 0x2E, 0xE0, 0xF2, 0xE4, 0x30, 0xC1, 0x9C, 0xE6, 0xB6, 0x6E,
    0x07, 0x29, 0x21, 0x67, 0xCB, 0xA4, 0xFD, 0x37, 0xD2, 0x6E, 0x90, 0x86, 0x23, 0xED, 0x37, 0x40,
    0xF3, 0xB9, 0x16, 0x79, 0x4E, 0x7B, 0x77, 0x52, 0xF7, 0x76, 0xBA, 0x60, 0xED, 0x2C, 0x7F, 0x0A,
    0xCA, 0x12, 0x1F, 0x61, 0x15, 0xEA, 0xF4, 0xC1, 0x15, 0x34, 0xF5, 0x72, 0x02, 0x52, 0x9E, 0x0B,
    0x57, 0x68, 0xE3, 0x05, 0x1A, 0x6E, 0xB1, 0x50, 0x9D, 0x4E, 0x5F, 0x5B, 0x92, 0xCD, 0x8F, 0x4F,
    0x9F, 0x5E, 0x70, 0x12, 0x88, 0x44, 0x0D, 0xA5, 0x30, 0x2A, 0xC1, 0x9B, 0x82, 0xD8, 0xE5, 0xB1,
    0x49, 0xC0, 0xCF, 0xCC, 0x04, 0xC1, 0x6F, 0x1C, 0x53, 0xAC, 0x38, 0x16, 0x20, 0x55, 0xC4, 0x86,
    0x40, 0x74, 0x92, 0x15, 0xF2, 0x8A, 0xE9, 0xF8, 0xF1, 0xB5, 0x26, 0x92, 0xF7, 0x4C, 0x12, 0x8F,
    0x4C, 0x4E, 0xFF, 0x85, 0xF3, 0xF6, 0xC7, 0xDC, 0xAB, 0x29, 0xFB, 0x2C, 0x7C, 0xEE, 0x61, 0xB0,
    0x39, 0xDA, 0x2E, 0xC2, 0xD2, 0x34, 0xDB, 0xF8, 0x4F, 0xA5, 0x77, 0xED, 0x43, 0xF7, 0x9D, 0xD7,
    0xD0, 0x67, 0xA9, 0x76, 0x7D, 0x83, 0xD8, 0x1D, 0x69, 0xB9, 0x37, 0x5F, 0xE9, 0xE2, 0xE2, 0xAF,
    0x2C, 0x34, 0x2C, 0xEA, 0xAC, 0xF7, 0x74, 0xD5, 0x7B, 0xE2, 0x97, 0x3E, 0x7B, 0x51, 0x20, 0x23,
    0xFE, 0x9D, 0x8C, 0x79, 0x16, 0xBD, 0xCC, 0x62, 0xD7, 0xCE, 0x27, 0x70, 0x3E, 0xB2, 0x58, 0xB7,
    0x2A, 0xAE, 0xE8, 0x89, 0x8E, 0x68, 0x8B, 0x6E, 0xBA, 0xD6, 0x09, 0x7D, 0x74, 0x9D, 0x4D, 0x62,
    0x09, 0x07, 0x69, 0xBF, 0x31, 0x3F, 0x0F, 0x0E, 0xF7, 0xBD, 0x58, 0x0C, 0xD9, 0xCF, 0x0B, 0x97,
    0xEC, 0x20, 0x24, 0xDB, 0x47, 0xA5, 0xD2, 0x2A, 0x46, 0xF5, 0x2D, 0xFE, 0x29, 0x61, 0x0A, 0xB0,
    0xDB, 0x8D, 0xFB, 0xA8, 0xD8, 0x12, 0x38, 0xEE, 0xE7, 0xCC, 0xD5, 0x4B, 0x03, 0x44, 0x19, 0x94,
    0x8D, 0x3C, 0xF5, 0x54, 0x5E, 0x28, 0xD4, 0xCB, 0xA9, 0xDA, 0x80, 0x1A, 0x5B, 0x31, 0x50, 0xAF,
    0xA4, 0xEA, 0xC5, 0x4C, 0x3D, 0x5F, 0x2C, 0x8E, 0x88, 0x63, 0x3B, 0xC7, 0x3E, 0x48, 0xD4, 0xF4,
    0x0E, 0xC4, 0x74, 0xF3, 0x10, 0x0E, 0x02, 0xC5, 0x02, 0x6E, 0x6E, 0xFB, 0xCC, 0xAB, 0x4D, 0x7C,
    0xE5, 0x80, 0x5E, 0xD3, 0xF8, 0xFF, 0x3C, 0x3B, 0xAF, 0x1E, 0x62, 0x0B, 0xEE, 0x07, 0xDA, 0xFD,
    0x13, 0xB8, 0x6E, 0xF3, 0xCA, 0x94, 0x21, 0xCF, 0xDE, 0xCB, 0xA5, 0x8D, 0xF5, 0x01, 0x9E, 0x8D,
    0x61, 0x89, 0x16, 0x02, 0x45, 0xC2, 0x1E, 0xD8, 0x24, 0xAB, 0xC8, 0x29, 0xC3, 0xBB, 0x45, 0xC0,
    0xF1, 0x77, 0xB0, 0xFC, 0x12, 0xBC, 0x3F, 0xA6, 0x6B, 0x79, 0x54, 0x14, 0x59, 0x18, 0xC9, 0x5C,
    0xC7, 0x68, 0xBC, 0xC1, 0x93, 0x2B, 0xDA, 0x6E, 0x11, 0x79, 0x85, 0x1C, 0xA4, 0x4D, 0xDE, 0xFD,
    0xFB, 0x92, 0xD2, 0xA1, 0xDE, 0x14, 0xB0, 0x6C, 0x82, 0x32, 0x66, 0xB6, 0xA7, 0x42, 0x83, 0xD8,
    0xBB, 0x49, 0x9A, 0x5A, 0x9A, 0xA7, 0x4D, 0xD3, 0xC2, 0x98, 0x6A, 0xD1, 0xAC, 0x3F, 0x6A, 0x3F,
    0x13, 0x4D, 0xA7, 0xBC, 0xCB, 0x96, 0x4B, 0xEE, 0xF4, 0x2D, 0xD0, 0xAC, 0x12, 0xF6, 0x64, 0xD2,
    0x99, 0x31, 0x3B, 0xCA, 0x09, 0x47, 0xE1, 0x5F, 0x7C, 0xD9, 0x6E, 0xB4, 0xA3, 0x8E, 0xC0, 0xBF,
    0x96, 0x99, 0x75, 0xC0, 0xE9, 0x43, 0x14, 0x07, 0xCE, 0xD9, 0x9E, 0xF3, 0xD5, 0x21, 0x8A, 0x63,
    0xCA, 0xF2, 0xCA, 0x5D, 0x4A, 0xE9, 0xCA, 0x29, 0x85, 0xBC, 0xCC, 0x94, 0x8C, 0x25, 0xCD, 0x0D,
    0xD4, 0x8C, 0x2C, 0xB6, 0x2C, 0xF1, 0x9A, 0xB1, 0xA7, 0x35, 0x8C, 0x26, 0x18, 0x99, 0x74, 0xE8,
    0x67, 0x43, 0xAF, 0x18, 0xBA, 0x33, 0xF1, 0xF2, 0x61, 0x90, 0x0E, 0xB9, 0xC7, 0x1B, 0x18, 0x95,
    0x18, 0x25, 0x18, 0x42, 0x84, 0xD9, 0xE6, 0x26, 0x70, 0xF2, 0xE9, 0x5E, 0x79, 0x3A, 0xB4, 0x46,
    0xD6, 0xC5, 0x83, 0x23, 0xE7, 0x22, 0xE5, 0x22, 0xE3, 0x22, 0xE1, 0x12, 0xC6, 0xA6, 0x2A, 0xB2,
    0x2D, 0x92, 0xAD, 0x15, 0x3E, 0x92, 0x96, 0xAE, 0x61, 0x79, 0x95, 0xE0, 0x1A, 0x69, 0x9C, 0xED,
    0x1A, 0x0F, 0x88, 0x74, 0xA6, 0x63, 0xC0, 0x49, 0x8B, 0xCC, 0xB7, 0x35, 0xB6, 0x6D, 0x50, 0x16,
    0x40, 0x69, 0x5C, 0x24, 0x6B, 0x86, 0x43, 0xDE, 0x7C, 0x15, 0xFE, 0x29, 0x4B, 0xE8, 0xD6, 0x0E,
    0x04, 0x6A, 0x57, 0x3E, 0x7C, 0x51, 0x01, 0xFE, 0x07, 0xA0, 0x76, 0xAE, 0x35, 0x6D, 0xB5, 0x61,
    0x8F, 0x8B, 0x03, 0xF5, 0xB2, 0x54, 0x07, 0x6C, 0xAE, 0x48, 0x37, 0x73, 0xCD, 0xEF, 0x2C, 0xF7,
    0x9A, 0x90, 0x50, 0x23, 0xF6, 0x08, 0xD4, 0xC1, 0x06, 0xFA, 0x67, 0x08, 0x09, 0x1D, 0x42, 0xC2,
    0x57, 0x84, 0x04, 0x66, 0x5C, 0xEB, 0x66, 0x6D, 0xF7, 0xB0, 0xCA, 0xC4, 0x59, 0xDA, 0x95, 0x3A,
    0xFE, 0x44, 0x8A, 0x9E, 0x5C, 0xBE, 0x17, 0x67, 0xBD, 0xAF, 0xB3, 0xAD, 0x5B, 0x4C, 0x9D, 0x34,
    0x34, 0xC9, 0xB3, 0x0D, 0x11, 0x7A, 0x1D, 0xDE, 0xF7, 0x70, 0x7E, 0xD4, 0x0B, 0xB6, 0xBF, 0xF6,
    0x00, 0x17, 0xAE, 0x22, 0xE8, 0x2C, 0xD0, 0xF8, 0xDE, 0x01, 0x4D, 0xB9, 0xEF, 0x2D, 0xDA, 0xBE,
    0x79, 0x58, 0xC1, 0x10, 0x8F, 0x3D, 0x76, 0xB0, 0xE5, 0x73, 0xEB, 0x50, 0x1D, 0xF8, 0x6F, 0x35,
    0x88, 0x95, 0x51, 0x22, 0x0B, 0x84, 0x91, 0xFC, 0x4C, 0x29, 0x73, 0x3F, 0xE5, 0x6E, 0x7B, 0x1D,
    0x67, 0x2E, 0x22, 0x38, 0xBF, 0x03, 0x8A, 0x9A, 0x64, 0x83, 0x94, 0x83, 0xC4, 0x83, 0xD0, 0xD9,
    0x75, 0x75, 0xF8, 0xE5, 0x94, 0xAC, 0x2E, 0x5F, 0x43, 0xEB, 0x3A, 0x4E, 0x9E, 0xB2, 0x98, 0x21,
    0x7F, 0x7C, 0x74, 0xD5, 0xE0, 0x9E, 0xFC, 0x14, 0x99, 0xFB, 0x29, 0x77, 0x59, 0x72, 0xC1, 0x17,
    0xD2, 0x92, 0x0E, 0xB4, 0xBC, 0x3E, 0xE8, 0x14, 0xA7, 0xAF, 0x48, 0xE2, 0xEC, 0x7D, 0x9D, 0x5B,
    0x57, 0x1D, 0xFB, 0x44, 0xE5, 0xEE, 0x6B, 0x25, 0x89, 0xF2, 0xCB, 0x97, 0xF7, 0x27, 0xFA, 0x4F,
    0xE9, 0x28, 0xBF, 0x74, 0x79, 0x2F, 0x40, 0x25, 0x3A, 0xCB, 0xE1, 0x02, 0x77, 0xF4, 0x91, 0x89,
    0x3E, 0x63, 0xD7, 0x62, 0xAC, 0xDF, 0x3D, 0x98, 0xE8, 0xDB, 0xBF, 0x13, 0xDB, 0x29, 0x9C, 0x9B,
    0xE9, 0x91, 0xBD, 0x31, 0x9E, 0xFE, 0x03, 0xF1, 0xDC, 0xD7, 0xDB, 0xFA, 0x00, 0x9D, 0x02, 0xC7,
    0x9E, 0xD9, 0x69, 0x15, 0xDA, 0x76, 0x7C, 0xB6, 0x8A, 0xF4, 0xDE, 0x06, 0xDB, 0x06, 0x26, 0x84,
    0x21, 0x76, 0x8B, 0x56, 0xC3, 0x04, 0xB2, 0xF6, 0xE0, 0xC2, 0x37, 0x8A, 0xA0, 0xA0, 0xFA, 0x6A,
    0xAC, 0xD2, 0xF9, 0x28, 0xB1, 0x11, 0xAA, 0x21, 0x4E, 0x3D, 0xBA, 0xA8, 0x25, 0x9E, 0x47, 0xF1,
    0x0C, 0xFD, 0x76, 0xCB, 0xB8, 0x6C, 0x48, 0xD4, 0xEC, 0x9A, 0x8F, 0xD5, 0x82, 0xEC, 0x79, 0x9A,
    0xCA, 0x6F, 0xCA, 0xF7, 0xAE, 0x97, 0x76, 0xBD, 0x6C, 0x5E, 0x1A, 0x8C, 0x27, 0xF6, 0xEF, 0x0A,
    0xCD, 0x82, 0xC6, 0x99, 0xCD, 0x67, 0xAE, 0xA3, 0x7D, 0x72, 0x01, 0x46, 0x7E, 0x1C, 0xBE, 0xD1,
    0x2D, 0x56, 0x0B, 0x9B, 0x35, 0xD6, 0xE2, 0x6B, 0x50, 0x13, 0xED, 0x8C, 0x32, 0xB6, 0xFE, 0x8E,
    0x53, 0x44, 0x2E, 0xDB, 0x77, 0xCE, 0x09, 0xD6, 0x90, 0x90, 0x07, 0xD8, 0xE3, 0x0A, 0x6A, 0xA9,
    0xD2, 0xEE, 0x0A, 0x38, 0xBF, 0x35, 0x81, 0xB3, 0xA1, 0xCF, 0x2B, 0x42, 0x9C, 0x56, 0xB6, 0x67,
    0x32, 0xAE, 0x44, 0xBF, 0x06, 0xE2, 0xB7, 0x4C, 0x49, 0x99, 0xB6, 0x8B, 0xFD, 0x64, 0xC7, 0x78,
    0x2E, 0xC0, 0xCB, 0xCB, 0xE4, 0xA3, 0x3C, 0xC4, 0xEC, 0x6A, 0xE5, 0x41, 0x6E, 0xB3, 0x5C, 0x80,
    0x51, 0x23, 0x1C, 0xB3, 0x43, 0xC9, 0x51, 0x81, 0x7F, 0x22, 0x08, 0x14, 0x21, 0x93, 0x88, 0x70,
    0x9D, 0xB0, 0x17, 0xDA, 0x91, 0x94, 0x8C, 0x81, 0xB0, 0x13, 0x56, 0x88, 0x93, 0x29, 0xA9, 0x20,
    0xAA, 0x84, 0x23, 0x9C, 0x53, 0xB6, 0x13, 0xC7, 0x70, 0x27, 0x50, 0x3F, 0xEB, 0x87, 0x1B, 0x46,
    0xB8, 0x05, 0x9F, 0x10, 0x6A, 0xD1, 0x53, 0x48, 0xE9, 0xEF, 0xB3, 0x7F, 0xAC, 0x28, 0xEF, 0x8B,
    0x53, 0x12, 0xB2, 0x29, 0x0F, 0x0C, 0xA2, 0x9C, 0xFF, 0xBB, 0xEA, 0x65, 0x33, 0xF9, 0xA9, 0xF0,
    0x4C, 0xCD, 0xE6, 0xE9, 0x65, 0x9D, 0x07, 0x0F, 0xB5, 0xFB, 0x2F, 0x3D, 0x50, 0x3D, 0x6F, 0xDA,
    0x50, 0x14, 0x3D, 0x26, 0x80, 0xD3, 0x10, 0x82, 0x07, 0x50, 0x3F, 0xD2, 0xC4, 0x0C, 0x1D, 0x88,
    0x54, 0x62, 0x2B, 0x72, 0x5A, 0x2B, 0x18, 0x7C, 0x7F, 0x40, 0x86, 0x74, 0x40, 0xDD, 0x2A, 0xA4,
    0x22, 0x55, 0x62, 0x02, 0x04, 0x95, 0x2B, 0xD1, 0xFA, 0xFD, 0x04, 0x86, 0x76, 0x2E, 0x52, 0xB7,
    0x64, 0x68, 0x86, 0xAA, 0x52, 0x26, 0xDF, 0x9F, 0xC0, 0x4F, 0xF0, 0x90, 0xB1, 0x83, 0x07, 0x06,
    0x2A, 0x45, 0xD0, 0x6B, 0x9A, 0xF6, 0x3E, 0xF9, 0xE9, 0x9E, 0x73, 0xCF, 0x91, 0xDF, 0x3D, 0x5D,
    0xEF, 0xE0, 0xB1, 0x77, 0x9D, 0x57, 0x66, 0xEC, 0x06, 0x65, 0x23, 0x4C, 0x5E, 0x29, 0x60, 0xCD,
    0x6D, 0xAA, 0x56, 0x9B, 0x49, 0x81, 0x3B, 0xCB, 0x51, 0x67, 0xFA, 0x3B, 0xE9, 0xCF, 0x8E, 0xAC,
    0xE2, 0x0E, 0xCE, 0xD8, 0x66, 0x8B, 0x73, 0xA8, 0x75, 0x0F, 0x13, 0x9D, 0xBB, 0x33, 0x2F, 0xD9,
    0x73, 0x50, 0xAF, 0xD7, 0xBD, 0xEA, 0xDF, 0xBB, 0x3C, 0x09, 0x7E, 0x74, 0xC4, 0xE2, 0xBA, 0x23,
    0x03, 0xB5, 0x7D, 0xAB, 0x0C, 0x34, 0x31, 0x41, 0x88, 0x7F, 0x16, 0x3C, 0x85, 0x83, 0x3E, 0xE6,
    0x1A, 0x6F, 0x91, 0x8E, 0xE2, 0x3D, 0x4C, 0x4B, 0x41, 0x63, 0x6C, 0x01, 0x3B, 0xC0, 0x2E, 0x84,
    0x4D, 0x69, 0x46, 0x46, 0x41, 0x87, 0xE8, 0xF0, 0x08, 0xB0, 0x81, 0x0B, 0x20, 0x57, 0xF6, 0x17,
    0xD5, 0x19, 0xBC, 0xE0, 0x1A, 0x08, 0x97, 0x1F, 0x82, 0x91, 0x0B, 0x54, 0x28, 0x8A, 0x81, 0x28,
    0xEE, 0x4D, 0x1D, 0x3E, 0x9D, 0x9F, 0xCE, 0x9F, 0x29, 0x44, 0x66, 0x09, 0x95, 0xCF, 0xE1, 0xE2,
    0xDD, 0x4C, 0x43, 0x86, 0x4A, 0x9C, 0xA7, 0x56, 0xF0, 0x33, 0xC9, 0x4B, 0x97, 0x21, 0xC0, 0x9F,
    0x8C, 0x67, 0xC7, 0x93, 0x71, 0xFC, 0x60, 0x17, 0xAD, 0xEF, 0x38, 0x78, 0x83, 0x5C, 0x56, 0x9E,
    0x70, 0x88, 0x96, 0x2A, 0x22, 0x8B, 0x29, 0x56, 0xB4, 0xBF, 0xC8, 0x2F, 0xA2, 0xE9, 0x6D, 0xFA,
    0x32, 0xC7, 0x2E, 0x6B, 0x64, 0x25, 0x6E, 0x90, 0xA1, 0xC2, 0xC6, 0x6D, 0xA9, 0x12, 0x1A, 0x2A,
    0x1D, 0x15, 0xB8, 0x29, 0x5F, 0xDA, 0xB5, 0x48, 0xE7, 0x96, 0xCC, 0x28, 0x87, 0x9B, 0x12, 0x0A,
    0x5F, 0xE9, 0xE6, 0x94, 0xC9, 0xA0, 0x0B, 0xA7, 0xD6, 0x87, 0x04, 0x92, 0xC5, 0x36, 0x2C, 0x7A,
    0x22, 0xC2, 0xAC, 0xD1, 0xF8, 0xF5, 0xF6, 0xFC, 0x78, 0xB1, 0x8D, 0xE7, 0xF0, 0x25, 0x03, 0x4D,
    0x96, 0xD2, 0xF0, 0x11, 0x26, 0xCC, 0xF5, 0x12, 0xE8, 0x11, 0x0C, 0xC1, 0x4D, 0xC1, 0x85, 0xF5,
    0xDD, 0x06, 0x4B, 0x45, 0xEB, 0x64, 0x13, 0xD2, 0x7D, 0xA3, 0xA5, 0x6D, 0xB8, 0x5E, 0x5D, 0xF1,
    0xAC, 0xD2, 0x5B, 0xE1, 0x7F, 0x65, 0xD6, 0xB7, 0x30, 0xBF, 0x7C, 0x82, 0x0B, 0x5D, 0x6C, 0x3A,
    0x5D, 0x5E, 0x5E, 0xC5, 0xED, 0xF6, 0xEB, 0xB9, 0xA4, 0x26, 0xA7, 0x41, 0x0F, 0xD5, 0x0B, 0xD5,
    0x50, 0x59, 0x59, 0xD1, 0xA7, 0xF7, 0x3C, 0x26, 0x5F, 0xE5, 0x80, 0x98, 0x62, 0xA9, 0x94, 0x53,
    0x03, 0x1E, 0xB0, 0x2F, 0x73, 0x03, 0x43, 0x1E, 0xF2, 0x09, 0xFB, 0xBC, 0xD1, 0x2A, 0x9B, 0x6C,
    0xA4, 0xBC, 0xFC, 0x99, 0x73, 0xC2, 0x6E, 0x74, 0x9C, 0xE2, 0x3E, 0x06, 0x08, 0x55, 0xAA, 0x1E,
    0x72, 0xBA, 0x5B, 0x74, 0xF7, 0xED, 0x3C, 0x3D, 0x80, 0xD1, 0xB4, 0x6D, 0x1B, 0x86, 0x3B, 0x71,
    0x1C, 0x2F, 0x6B, 0xD0, 0x89, 0x7A, 0x49, 0x26, 0xF6, 0xC4, 0x62, 0x50, 0x43, 0xF2, 0x33, 0x71,
    0x26, 0x09, 0xFE, 0x01, 0x8D, 0x54, 0xBF, 0x8F, 0xDC, 0x44, 0x14, 0xFE, 0x6C, 0xE7, 0xD6, 0x5A,
    0x8C, 0x6E, 0x4E, 0xCA, 0xAE, 0x84, 0x20, 0xBB, 0x6E, 0x56, 0x40, 0x71, 0x8B, 0x9B, 0x2D, 0xB6,
    0x98, 0x8D, 0xA7, 0x4B, 0x79, 0x57, 0xE4, 0xFA, 0x14, 0x11, 0xA0, 0x28, 0x08, 0xA4, 0x2C, 0xD2,
    0x01, 0x56, 0x3C, 0x22, 0xA2, 0xCE, 0xFD, 0x09, 0x69, 0xA1, 0xC9, 0x4A, 0x24, 0xD2, 0x4A, 0x58,
    0xF1, 0x74, 0x29, 0x68, 0x46, 0x69, 0x53, 0xC4, 0x6D, 0xAA, 0x98, 0x93, 0x25, 0x82, 0x58, 0x7B,
    0x78, 0x63, 0x3B, 0x17, 0x21, 0x28, 0x32, 0xEF, 0xF9, 0xED, 0xBC, 0xF7, 0x66, 0xBE, 0x99, 0x79,
    0x3F, 0xD6, 0x14, 0xA6, 0x00, 0x4C, 0x2B, 0xC7, 0x27, 0xC7, 0xA9, 0x29, 0x6F, 0xFD, 0xF2, 0xC0,
    0x18, 0x41, 0x0C, 0xB2, 0xD3, 0x90, 0xAD, 0x00, 0xFE, 0xAB, 0x02, 0xBC, 0x7A, 0x37, 0x32, 0xCD,
    0xF8, 0xBA, 0x69, 0x4E, 0x4E, 0x70, 0xC8, 0x79, 0xB2, 0x05, 0x7D, 0x9B, 0x0D, 0xA2, 0x39, 0xE7,
    0x0B, 0x70, 0x3E, 0x9F, 0xEE, 0xC3, 0x3A, 0x38, 0x3F, 0x4D, 0xB6, 0xDB, 0x8A, 0x50, 0xB7, 0x49,
    0xB5, 0x2D, 0x37, 0xE5, 0x46, 0x03, 0xD1, 0x8A, 0x56, 0x25, 0x7C, 0xBD, 0xF8, 0xC6, 0xDA, 0x79,
    0x32, 0xE7, 0xD3, 0xC3, 0xFD, 0x2B, 0x80, 0xAF, 0x7C, 0xF5, 0xF0, 0x65, 0x5E, 0xDB, 0x5F, 0x4F,
    0x79, 0xD2, 0x93, 0x9D, 0x2D, 0xAF, 0x3B, 0x5B, 0x5E, 0x7F, 0xFD, 0xB2, 0xF5, 0x90, 0x6F, 0x0F,
    0xB1, 0xCA, 0x75, 0xAE, 0x53, 0xF5, 0x21, 0xDD, 0xB9, 0x40, 0x8D, 0x06, 0x15, 0x24, 0x66, 0x59,
    0x86, 0xD9, 0x10, 0x59, 0x68, 0x99, 0xC6, 0x6C, 0xE8, 0xC8, 0x2C, 0xF4, 0xB4, 0xFD, 0x5A, 0x9D,
    0xFC, 0x7B, 0xED, 0x3B, 0x63, 0xC5, 0x48, 0x7E, 0x5B, 0x1C, 0x92, 0xDC, 0x94, 0x4B, 0x2B, 0x8B,
    0xD2, 0xDA, 0x9F, 0x29, 0x92, 0xEF, 0x5D, 0xB3, 0xB1, 0xC2, 0x7E, 0x20, 0xB7, 0xF4, 0x90, 0xAB,
    0xE7, 0xAF, 0x80, 0xF5, 0xF2, 0xD7, 0xA7, 0x02, 0xC5, 0xF2, 0xCE, 0x53, 0xE1, 0xAA, 0xD5, 0xF9,
    0x73, 0xE1, 0x8B, 0x50, 0x37, 0x7D, 0xD4, 0x3A, 0xCC, 0x1E, 0xB4, 0x47, 0xED, 0x61, 0x7B, 0xDC,
    0x1E, 0xF8, 0x0D, 0x72, 0x0B, 0xED, 0xEB, 0x16, 0x3B, 0xAC, 0x5A, 0xF0, 0xDB, 0xCB, 0x16, 0xFD,
    0xF6, 0xB2, 0x85, 0xFF, 0xEA, 0x51, 0x8B, 0xCF, 0xCA, 0xFE, 0x04, 0x50, 0xD0, 0xF8, 0xCC, 0xFE,
    0x86, 0xE0, 0x53, 0xF0, 0x09, 0xF8, 0x1C, 0xB3, 0x0F, 0x3A, 0x57, 0xC8, 0x04, 0x9F, 0x32, 0x32,
    0xD2, 0x37, 0xDF, 0x27, 0xF3, 0x90, 0x42, 0x3B, 0x9F, 0x4F, 0x86, 0x36, 0xA1, 0x53, 0xBB, 0x65,
    0xCE, 0x40, 0xCE, 0xE1, 0xA0, 0xCB, 0x31, 0xAD, 0xA5, 0x3D, 0x64, 0x0C, 0xC4, 0x84, 0xF9, 0x62,
    0x38, 0x70, 0x05, 0x04, 0xBC, 0x12, 0xC1, 0x29, 0xA6, 0x13, 0x8C, 0xF6, 0xE0, 0x14, 0x9E, 0x66,
    0x32, 0xC6, 0x55, 0x30, 0xE9, 0x6B, 0xA7, 0x9C, 0x23, 0x44, 0xA0, 0xDC, 0xD2, 0x2D, 0x03, 0x15,
    0x8A, 0x15, 0x45, 0x12, 0xC8, 0xC0, 0x3E, 0xD7, 0xC1, 0x73, 0xF5, 0xB1, 0xB9, 0x99, 0xD5, 0xD9,
    0x27, 0xE6, 0x26, 0xFB, 0x5D, 0x07, 0xDF, 0x2B, 0xB2, 0xE3, 0xC0, 0x1E, 0xD3, 0x65, 0xE1, 0x2D,
    0x33, 0xCB, 0x09, 0xEB, 0xF2, 0x42, 0x16, 0x91, 0xB5, 0x73, 0x3A, 0x99, 0xD5, 0x88, 0x73, 0x72,
    0x09, 0xE7, 0x48, 0x78, 0x0F, 0xE1, 0xD5, 0xF6, 0x2E, 0xAE, 0x86, 0x23, 0xE0, 0x48, 0x78, 0x05,
    0xBA, 0xEC, 0xE5, 0xC6, 0xB2, 0x1D, 0xDF, 0x91, 0x37, 0xA2, 0xA2, 0x75, 0xCD, 0x6B, 0xE0, 0xD6,
    0x19, 0x42, 0x2A, 0xEE, 0xBB, 0xE2, 0x23, 0xDD, 0xC7, 0x6A, 0x89, 0x04, 0xA5, 0x5B, 0x78, 0x8A,
    0xA9, 0xB0, 0xE0, 0xD5, 0xA7, 0x0B, 0xDC, 0x80, 0xB3, 0x83, 0xD7, 0xC0, 0xDD, 0x51, 0x26, 0x31,
    0x74, 0x44, 0x7C, 0x54, 0xE6, 0x2F, 0xAA, 0xF4, 0x7E, 0x39, 0x19, 0x9C, 0xA5, 0x2A, 0x55, 0xFD,
    0xCE, 0xB5, 0xAD, 0x26, 0x4F, 0xC1, 0x17, 0xA0, 0x12, 0xE6, 0x94, 0x3D, 0x40, 0x5B, 0x43, 0x00,
    0x4C, 0x2C, 0x30, 0x72, 0x91, 0x8B, 0x0C, 0x6F, 0x28, 0x17, 0x4F, 0x2E, 0xE6, 0x4F, 0x48, 0x1B,
    0x23, 0x96, 0xB1, 0x0C, 0x2E, 0x28, 0x96, 0xD1, 0xC5, 0x3C, 0x22, 0x6D, 0x6C, 0x9F, 0x3B, 0xA2,
    0x07, 0xBB, 0x46, 0xC6, 0x79, 0x60, 0x8A, 0x84, 0xDD, 0xFF, 0xB1, 0x1C, 0xB1, 0x9F, 0xDC, 0x12,
    0x11, 0x7C, 0x5B, 0xC9, 0x91, 0xA4, 0xF9, 0xCA, 0x3E, 0x39, 0xB1, 0x8B, 0x0F, 0x6C, 0x08, 0x66,
    0x36, 0x08, 0x99, 0x15, 0x49, 0x7F, 0x51, 0xAA, 0x22, 0x56, 0xFB, 0x3A, 0xCE, 0x7D, 0x9D, 0xB0,
    0x7B, 0x7A, 0xC4, 0xEE, 0x29, 0x44, 0x74, 0xCF, 0xDA, 0xA3, 0x2C, 0x51, 0x8B, 0x68, 0x9A, 0xD3,
    0x1A, 0x47, 0x3A, 0xC2, 0x2B, 0x7C, 0xED, 0x51, 0x30, 0xBA, 0x8D, 0xC7, 0xC8, 0x82, 0x06, 0x59,
    0x94, 0xCB, 0x6C, 0xC5, 0x54, 0x36, 0x0A, 0x54, 0x86, 0x50, 0xDA, 0xDB, 0x67, 0x4E, 0x85, 0xC4,
    0x29, 0x5B, 0xF0, 0x19, 0xCE, 0x90, 0x51, 0x12, 0x32, 0xB7, 0x2B, 0xC0, 0x74, 0x97, 0xEE, 0x28,
    0x1C, 0xA7, 0x2D, 0x3D, 0x22, 0x2A, 0x7B, 0x3A, 0xA6, 0x54, 0x53, 0x12, 0x4C, 0x83, 0x73, 0x43,
    0x2C, 0x5A, 0x89, 0xF3, 0x1D, 0xFE, 0x38, 0x26, 0xEF, 0x5B, 0x76, 0xAE, 0x47, 0x26, 0x3D, 0x32,
    0x44, 0xF9, 0x51, 0x6C, 0x06, 0x3F, 0x8F, 0x45, 0xFE, 0xFA, 0x71, 0xF3, 0xD8, 0x10, 0x35, 0xF9,
    0x8E, 0x52, 0x08, 0x4F, 0xDC, 0xF9, 0x32, 0xAD, 0x42, 0xFD, 0xC3, 0xF6, 0xB2, 0x70, 0x85, 0xED,
    0x54, 0x1A, 0x09, 0xFD, 0x99, 0x4C, 0xFE, 0x2F, 0xC5, 0xEF, 0x34, 0xFE, 0x55, 0x26, 0xF0, 0xF1,
    0xC5, 0xC2, 0x1E, 0xF0, 0xDB, 0xD6, 0x3F, 0x70, 0x3B, 0x7D, 0xDD, 0xE9, 0x97, 0x5B, 0xDD, 0x8E,
    0x2B, 0x94, 0xE5, 0x25, 0x62, 0xBA, 0x71, 0xEC, 0x2A, 0x5C, 0xF2, 0x6D, 0x98, 0xC9, 0x6C, 0xFB,
    0x79, 0x4D, 0xDD, 0x54, 0xC4, 0xD4, 0xFC, 0x31, 0xB5, 0xFE, 0xD0, 0x96, 0x87, 0xAD, 0xCF, 0xA8,
    0xBA, 0xF4, 0x59, 0x5E, 0x23, 0xD8, 0xF5, 0x00, 0xAE, 0xF9, 0x0B, 0x74, 0xA4, 0x5A, 0xC0, 0xD1,
    0x78, 0x80, 0xF7, 0xFF, 0x24, 0x4D, 0x84, 0x8D, 0x48, 0x0D, 0xDD, 0x44, 0x86, 0x06, 0x93, 0xBF,
    0xDB, 0x78, 0xF4, 0x7D, 0x7B, 0x4D, 0x51, 0x33, 0xFA, 0x92, 0x3A, 0x37, 0x10, 0xD4, 0xBA, 0x81,
    0xED, 0xDD, 0x01, 0xFE, 0x01, 0xCD, 0x50, 0x3B, 0x6A, 0xC3, 0x40, 0x10, 0x1D, 0x45, 0x04, 0x17,
    0x02, 0x7B, 0x0B, 0xBB, 0x30, 0xC6, 0x56, 0x9B, 0x98, 0xC8, 0x6E, 0x52, 0x6C, 0x60, 0xF6, 0x93,
    0x43, 0xB8, 0xCD, 0x01, 0x52, 0xA5, 0x50, 0xA1, 0x80, 0xE3, 0xE4, 0x08, 0x3E, 0x82, 0x0A, 0x1F,
    0xC0, 0x85, 0x8A, 0x2D, 0x0C, 0xD1, 0x11, 0x74, 0x84, 0xB9, 0x41, 0xA6, 0x50, 0xC0, 0x85, 0x40,
    0x59, 0xD9, 0x10, 0x4C, 0x4E, 0x90, 0xF7, 0xA6, 0xD8, 0x07, 0x33, 0xF3, 0xDE, 0x0E, 0x40, 0x44,
    0xFA, 0x80, 0x98, 0x25, 0x88, 0xA6, 0x89, 0x48, 0xC8, 0xA1, 0xEC, 0x10, 0xD4, 0x61, 0x3D, 0x28,
    0x92, 0x54, 0x37, 0xF3, 0x06, 0xD2, 0x65, 0xBD, 0xC8, 0x55, 0xBE, 0x70, 0x02, 0xB5, 0x8B, 0x08,
    0xBA, 0x19, 0xA7, 0xF2, 0x8D, 0xC3, 0x93, 0x7E, 0xE7, 0x39, 0x07, 0x14, 0x96, 0x3D, 0x3B, 0x80,
    0x29, 0x00, 0xC4, 0xA4, 0x9C, 0x4A, 0x63, 0x46, 0x54, 0x87, 0x09, 0x9D, 0x75, 0xE6, 0xB7, 0x8F,
    0xD7, 0xBA, 0x8E, 0xAA, 0x3E, 0xF4, 0xA1, 0xA5, 0x27, 0xDB, 0x87, 0x0E, 0x2D, 0xAD, 0xEC, 0xCA,
    0xB6, 0xBE, 0xAB, 0xAD, 0x9E, 0xB7, 0x43, 0x59, 0xB0, 0x47, 0x8A, 0x02, 0xEF, 0xA6, 0xB3, 0x59,
    0x82, 0x52, 0x58, 0xC3, 0xE8, 0x64, 0xE6, 0x79, 0x0F, 0x7F, 0xB2, 0xC6, 0xD6, 0xD8, 0xDE, 0x2F,
    0x4F, 0x3E, 0x05, 0xA4, 0x01, 0x47, 0x1F, 0x66, 0x67, 0x8E, 0x67, 0x5F, 0x48, 0x43, 0xF6, 0xA9,
    0x7D, 0xF7, 0x7F, 0xF9, 0xD1, 0x35, 0x18, 0x1A, 0xB1, 0xE6, 0x57, 0x5E, 0xEC, 0x03, 0x58, 0xD2,
    0x5B, 0xB1, 0xD9, 0xA9, 0x3C, 0xAA, 0x02, 0xBB, 0xE4, 0x75, 0x91, 0x65, 0xDD, 0x46, 0x21, 0x90,
    0xE3, 0x6A, 0x50, 0x26, 0x94, 0xEE, 0xBD, 0x1B, 0x8F, 0xDD, 0x68, 0x6D, 0x1A, 0xC4, 0xB8, 0xBE,
    0xB2, 0x12, 0xE4, 0xC5, 0x4D, 0xBC, 0x12, 0x0F, 0x6C, 0x4A, 0x53, 0x2A, 0x92, 0x85, 0x3C, 0x43,
    0x3C, 0x82, 0xF9, 0xAA, 0xF0, 0x9B, 0xE4, 0xFE, 0x54, 0x2F, 0x74, 0x79, 0x46, 0xFF, 0xAE, 0x31,
    0x93, 0xA8, 0x8F, 0x9A, 0x24, 0xDC, 0x80, 0x0F, 0x54, 0x29, 0x3B, 0xE1, 0x5B, 0x8E, 0xB7, 0x43,
    0x50, 0xF0, 0x09, 0xE8, 0xA9, 0x21, 0x86, 0x1F, 0x6D, 0x54, 0xBF, 0x8F, 0xDC, 0x44, 0x14, 0xFE,
    0xBC, 0x0E, 0x59, 0x90, 0x2F, 0x9A, 0x2B, 0x72, 0xD5, 0x21, 0x59, 0xA2, 0xA4, 0x88, 0x23, 0xD1,
    0x9E, 0x3D, 0xA3, 0x5C, 0xFE, 0x80, 0x15, 0xBA, 0xAD, 0x68, 0x52, 0x50, 0x41, 0xB1, 0x2D, 0xC5,
    0xEE, 0xDA, 0x39, 0x84, 0x40, 0x0A, 0x05, 0x0D, 0x1D, 0x88, 0x94, 0x81, 0x26, 0xED, 0x22, 0x6D,
    0x76, 0x2D, 0xB6, 0x41, 0x22, 0xE8, 0x2C, 0x20, 0x8A, 0xA8, 0x62, 0x44, 0x24, 0xC4, 0x9D, 0x44,
    0x2C, 0x9D, 0x8B, 0xD9, 0x9C, 0x77, 0x1F, 0xDF, 0xF8, 0xF6, 0x4E, 0x28, 0x62, 0xF4, 0xBD, 0xD1,
    0xF3, 0xFC, 0xF2, 0x37, 0xEF, 0x7B, 0x6F, 0xBC, 0x03, 0xA8, 0x35, 0xF4, 0x20, 0x8B, 0x83, 0x6C,
    0x6F, 0xA7, 0xBF, 0xA7, 0x25, 0x4E, 0xFA, 0x7A, 0x74, 0xA0, 0xA4, 0xF1, 0x66, 0x0F, 0x10, 0x03,
    0x9A, 0xD3, 0x02, 0x36, 0x6F, 0x1B, 0x57, 0x6F, 0x76, 0xA4, 0x54, 0x62, 0xC3, 0xCF, 0x1A, 0x7D,
    0x7D, 0x16, 0xBF, 0x65, 0x46, 0xEF, 0x60, 0xF4, 0x2E, 0xE2, 0x4F, 0xA0, 0x7F, 0x8C, 0xC3, 0xDF,
    0x9B, 0x40, 0x6A, 0x5F, 0x8A, 0xCE, 0x4D, 0x60, 0x1B, 0xB8, 0x82, 0x8E, 0xE4, 0x4A, 0xEA, 0xC8,
    0x34, 0x09, 0xF6, 0x78, 0xD2, 0x30, 0xA9, 0x87, 0xBA, 0x8A, 0x13, 0x24, 0x7B, 0xC3, 0xF0, 0x11,
    0x17, 0x57, 0x9E, 0x64, 0x68, 0x5B, 0x20, 0xD6, 0x21, 0xC7, 0x06, 0x52, 0x39, 0x3C, 0xE9, 0xD1,
    0x8F, 0x9E, 0x63, 0xF7, 0x37, 0x37, 0x88, 0xEB, 0x3C, 0xD0, 0x04, 0x52, 0xA8, 0xFD, 0x52, 0xC1,
    0x44, 0x0F, 0x10, 0x7D, 0x8B, 0xF0, 0x00, 0xE9, 0x0A, 0xCA, 0x20, 0xF4, 0xAA, 0x54, 0xCA, 0x54,
    0xB8, 0xAE, 0xC7, 0x03, 0x4B, 0x24, 0x22, 0xB9, 0x16, 0x29, 0x13, 0xB5, 0x28, 0x63, 0x75, 0x58,
    0xB5, 0x16, 0xD1, 0x34, 0x2D, 0xA5, 0xC9, 0x61, 0xE5, 0x15, 0xB8, 0x6C, 0xDA, 0x24, 0xD0, 0x39,
    0xAD, 0xA4, 0xD5, 0x09, 0xE6, 0xEB, 0x39, 0xD2, 0x34, 0x85, 0x8E, 0x34, 0x44, 0xC4, 0xE8, 0x2E,
    0x03, 0xD1, 0xA1, 0xC1, 0xD9, 0xB8, 0xDD, 0x23, 0x2B, 0x9A, 0xEC, 0x17, 0x56, 0x2D, 0x0A, 0xDB,
    0x7D, 0xD6, 0xB4, 0x16, 0x2E, 0x0A, 0x37, 0x26, 0xD6, 0x2F, 0x2C, 0x2E, 0xAD, 0xB1, 0xF0, 0x9A,
    0xCB, 0x9F, 0xB9, 0x8D, 0xDC, 0x69, 0x00, 0xAB, 0xC8, 0xD8, 0x76, 0x7F, 0x10, 0x63, 0x83, 0x9F,
    0x5E, 0x14, 0xCB, 0xC1, 0xD1, 0xE1, 0x17, 0x22, 0xEA, 0x39, 0xD6, 0x8D, 0x2F, 0xB9, 0x4D, 0xB0,
    0x5B, 0xDA, 0x30, 0xE8, 0x54, 0x56, 0x1D, 0x9D, 0xF0, 0x1F, 0xBF, 0x5C, 0x44, 0xCC, 0xB5, 0x61,
    0xA7, 0x52, 0x26, 0xF6, 0x2B, 0x85, 0x1B, 0x7E, 0x1D, 0x22, 0x7D, 0xB8, 0x9E, 0x9B, 0xC8, 0x75,
    0xE1, 0x37, 0xE3, 0x31, 0x52, 0xB2, 0xCE, 0xBA, 0xFF, 0x84, 0x13, 0xF8, 0x2B, 0x55, 0x93, 0x81,
    0xAA, 0xD0, 0xB1, 0x41, 0x05, 0xAF, 0xF6, 0xCB, 0x73, 0x16, 0xF2, 0x69, 0x2E, 0xF2, 0x34, 0xB7,
    0xFE, 0x5F, 0xF9, 0xF2, 0xF4, 0x3F, 0x56, 0x75, 0xF3, 0x25, 0xC3, 0xB7, 0x94, 0x75, 0xBB, 0xCE,
    0x2F, 0x90, 0xD6, 0xF8, 0xB0, 0x0E, 0x4E, 0x8B, 0x48, 0x8A, 0x24, 0x28, 0x86, 0xFE, 0x06, 0xF4,
    0x39, 0xC2, 0xF1, 0x4D, 0x0C, 0x25, 0x8F, 0xA8, 0x80, 0x07, 0xCC, 0xAB, 0x8E, 0x54, 0xDD, 0x72,
    0x9B, 0xBA, 0x69, 0xC9, 0xC2, 0x2F, 0x41, 0x50, 0x28, 0x7E, 0x76, 0xCB, 0x3B, 0x9C, 0x42, 0x5A,
    0x6E, 0x2E, 0xA1, 0x32, 0x6D, 0x54, 0x36, 0x83, 0x3A, 0xB4, 0x50, 0xF7, 0x4A, 0x0C, 0x5E, 0x1C,
    0x63, 0x2E, 0x82, 0x81, 0x1C, 0x43, 0x9D, 0x15, 0x50, 0x8B, 0x8A, 0x6B, 0x1A, 0xDA, 0x98, 0x16,
    0x31, 0x64, 0xBC, 0x59, 0x4D, 0x60, 0x0A, 0x87, 0xB9, 0xE9, 0x34, 0xB8, 0xBA, 0x36, 0x94, 0xA5,
    0xDB, 0x60, 0x33, 0x48, 0xBC, 0xDF, 0x9E, 0xFE, 0xFD, 0x26, 0xBB, 0xDC, 0x8F, 0x28, 0x28, 0xB3,
    0x72, 0xE2, 0x02, 0x8E, 0x89, 0x5F, 0x90, 0xC1, 0xC4, 0xFF, 0x83, 0x53, 0x13, 0xFF, 0xB4, 0x9C,
    0xBA, 0xBE, 0x88, 0x77, 0xAD, 0xFF, 0x67, 0x9E, 0x68, 0xEB, 0xFF, 0x5A, 0xC4, 0x1F, 0x4D, 0x83,
    0x45, 0xF9, 0x28, 0xA6, 0x96, 0xD2, 0x44, 0x4F, 0x57, 0xFE, 0x33, 0xC7, 0xD8, 0xCF, 0xF1, 0x4A,
    0xEF, 0x99, 0xF6, 0x16, 0x92, 0x29, 0x29, 0xC3, 0x7D, 0x26, 0xE1, 0x2A, 0x34, 0xB5, 0xEB, 0x6F,
    0xD5, 0xCA, 0x15, 0x4B, 0xC6, 0xE4, 0x3C, 0x07, 0xB6, 0x80, 0x37, 0x99, 0xC3, 0x05, 0xF9, 0x84,
    0x9F, 0x4F, 0xF5, 0x56, 0x1C, 0x6F, 0x61, 0x74, 0xAD, 0x3F, 0x52, 0xEB, 0xF8, 0xDA, 0x58, 0x6F,
    0x25, 0xE1, 0x57, 0x53, 0x56, 0x90, 0x27, 0x85, 0x5B, 0xF9, 0x7A, 0xCB, 0x9F, 0x94, 0xC5, 0x78,
    0x67, 0x19, 0x15, 0x22, 0xA7, 0xC1, 0xC9, 0xCB, 0xC1, 0xC9, 0x52, 0xDD, 0xAD, 0x19, 0x20, 0x8D,
    0x69, 0x82, 0xD1, 0x94, 0xB9, 0xD8, 0xE3, 0x05, 0x11, 0x4A, 0x7E, 0xA3, 0x9B, 0xEF, 0xBC, 0x97,
    0xCF, 0xA5, 0xEA, 0xF7, 0x7B, 0x1F, 0x7C, 0x77, 0x9F, 0x4E, 0x02, 0x24, 0x5D, 0x2A, 0x94, 0x07,
    0x6D, 0x05, 0x5F, 0x12, 0x50, 0x1B, 0x02, 0x89, 0x23, 0xD0, 0x82, 0x0E, 0xF9, 0x84, 0x5F, 0x37,
    0xAF, 0x10, 0xD8, 0x84, 0x7A, 0xFB, 0xC2, 0x99, 0xE0, 0x7F, 0xE0, 0x84, 0xCF, 0x52, 0x4A, 0x30,
    0x75, 0xCE, 0xDB, 0x33, 0xB3, 0xD3, 0x20, 0xAD, 0x58, 0x51, 0x14, 0x8C, 0x7A, 0x33, 0xE1, 0x5A,
    0x45, 0x9C, 0xD6, 0x50, 0x16, 0x51, 0x0D, 0xDD, 0x3A, 0xBA, 0x84, 0xBE, 0x7B, 0x5F, 0x7D, 0x5C,
    0x3A, 0xDC, 0xE3, 0x5B, 0x61, 0xD4, 0xEA, 0x22, 0xB7, 0xAD, 0x03, 0x4B, 0x8E, 0xE4, 0x93, 0xB3,
    0x6A, 0x6A, 0xEB, 0xDA, 0xDA, 0x73, 0xB4, 0x82, 0x96, 0x81, 0x34, 0x41, 0x3E, 0x0A, 0xF2, 0x84,
    0xD8, 0x7D, 0xB2, 0x22, 0xB7, 0xE8, 0xD8, 0x44, 0x7F, 0x23, 0x5D, 0x5F, 0x3C, 0x17, 0x40, 0xE7,
    0xB1, 0x3B, 0x81, 0x91, 0xD1, 0x47, 0xD5, 0xEC, 0xE7, 0xEA, 0xE5, 0xE3, 0xBA, 0xBE, 0xDD, 0xE3,
    0xFE, 0x21, 0xC3, 0xE2, 0xB2, 0xBF, 0x26, 0x5E, 0xEB, 0xE1, 0x8D, 0x3B, 0xAE, 0x1E, 0x59, 0x2C,
    0xAC, 0x45, 0xBE, 0x41, 0x36, 0x34, 0xFC, 0x64, 0x15, 0x39, 0x9F, 0xB5, 0x1B, 0xB0, 0x46, 0x72,
    0x56, 0x02, 0x97, 0x5D, 0xD9, 0xC6, 0xBF, 0x8D, 0x54, 0xB1, 0x6E, 0x13, 0x41, 0x10, 0x7D, 0x77,
    0x67, 0x38, 0x84, 0x03, 0x4B, 0x11, 0x09, 0x24, 0x62, 0x5D, 0x93, 0x0A, 0x81, 0xDD, 0x50, 0xAE,
    0x7D, 0xF7, 0x09, 0x34, 0x57, 0x22, 0x7F, 0x00, 0x05, 0x0D, 0x85, 0x41, 0xB1, 0xEE, 0x3A, 0xBE,
    0x80, 0x3E, 0xF5, 0x35, 0xA1, 0x48, 0x91, 0x22, 0xC8, 0xFB, 0x09, 0xD7, 0xD0, 0xBB, 0x41, 0x42,
    0x29, 0xD0, 0x16, 0x87, 0x14, 0x21, 0x3B, 0xCB, 0x9B, 0x5B, 0x3B, 0x36, 0xC6, 0x42, 0x6C, 0xEE,
    0x29, 0xBB, 0xB3, 0x33, 0xF3, 0x66, 0x76, 0x66, 0x0C, 0x70, 0x3D, 0x20, 0x86, 0x44, 0x03, 0x44,
    0x35, 0xA0, 0xF2, 0x1C, 0xA9, 0x73, 0x66, 0x50, 0x55, 0x65, 0xD7, 0x00, 0xA1, 0xE5, 0xDD, 0x25,
    0xD1, 0x27, 0x3A, 0xF0, 0xAB, 0x47, 0x14, 0x19, 0x02, 0x57, 0x23, 0xFE, 0xD1, 0x20, 0x79, 0x3D,
    0xC5, 0xB0, 0x97, 0xE0, 0xB0, 0x77, 0xC7, 0xDF, 0xED, 0x42, 0xD6, 0x11, 0x31, 0x20, 0x56, 0x4E,
    0xF3, 0xFC, 0x12, 0xCE, 0x39, 0x54, 0xD5, 0x17, 0x4F, 0x1E, 0x93, 0x3C, 0xC9, 0x80, 0x17, 0x3B,
    0x3C, 0x3B, 0x38, 0xEE, 0xDD, 0x6D, 0xB9, 0x14, 0x39, 0x85, 0x5B, 0x62, 0x90, 0x58, 0x6E, 0x79,
    0x3A, 0x62, 0xAD, 0x25, 0xA5, 0x06, 0x2A, 0x63, 0x4A, 0x51, 0xCD, 0x9C, 0xF2, 0x86, 0x49, 0xB9,
    0x25, 0xB3, 0xAA, 0x16, 0x8C, 0x20, 0xB4, 0x0C, 0x41, 0x19, 0x26, 0x96, 0x02, 0xCF, 0xF9, 0xE7,
    0xD7, 0x21, 0x30, 0x05, 0x5C, 0x16, 0xB9, 0x5A, 0x9D, 0x34, 0x43, 0x3D, 0x3C, 0xD6, 0x07, 0xF4,
    0xF5, 0xE7, 0xD7, 0xD1, 0x7A, 0x38, 0xD0, 0x97, 0xDD, 0x1B, 0x1B, 0x3A, 0x83, 0x19, 0xBC, 0x75,
    0xEA, 0x8C, 0x7C, 0x25, 0x52, 0x0B, 0xBD, 0x80, 0x4E, 0xA1, 0x95, 0xD1, 0xD1, 0xFC, 0x10, 0x8C,
    0x0F, 0x89, 0xB3, 0xFC, 0xA0, 0x2C, 0x46, 0x16, 0xD7, 0x36, 0x9A, 0x5B, 0x55, 0xDA, 0x11, 0xEC,
    0x13, 0xBC, 0xF2, 0xCC, 0xDC, 0xF0, 0x48, 0x21, 0xAF, 0xA8, 0x20, 0x6A, 0xCA, 0xAE, 0xAC, 0x24,
    0xAE, 0x9A, 0xAE, 0xC4, 0x61, 0x2A, 0xCE, 0x49, 0x21, 0x44, 0x2D, 0x23, 0x6F, 0x5B, 0x17, 0x4B,
    0xA9, 0xE4, 0x5B, 0x29, 0x65, 0xB7, 0x64, 0xE6, 0xB1, 0x61, 0xE6, 0x71, 0xC9, 0xCC, 0xC7, 0x19,
    0x33, 0xBF, 0x01, 0x33, 0x3F, 0x6D, 0xDF, 0xDE, 0x57, 0xB4, 0x2D, 0x69, 0x5B, 0xD3, 0xF6, 0xB1,
    0x03, 0x3E, 0x20, 0x94, 0x44, 0x9A, 0x66, 0x6C, 0x88, 0x13, 0xA9, 0xC4, 0x85, 0x94, 0x64, 0x82,
    0xA0, 0xC1, 0x28, 0xCF, 0xA7, 0x4C, 0xC1, 0xB9, 0x2C, 0xAC, 0xAA, 0xD9, 0xDA, 0x3A, 0x12, 0x3F,
    0x4A, 0x3C, 0x26, 0xD8, 0xD4, 0x2C, 0x28, 0x59, 0x4A, 0x22, 0xB9, 0xAA, 0x4E, 0x49, 0xDC, 0x24,
    0x5F, 0x73, 0xCB, 0xB3, 0xA5, 0x5C, 0xF4, 0xF7, 0x81, 0xEB, 0x40, 0x5C, 0xE1, 0x59, 0x75, 0x66,
    0x0A, 0xE7, 0xEC, 0x34, 0x1F, 0x9B, 0x09, 0xCF, 0x13, 0xCA, 0x27, 0xBC, 0xD9, 0x05, 0xFE, 0x92,
    0xDD, 0x83, 0xE8, 0xBF, 0xA7, 0x9D, 0xD8, 0x7F, 0xA8, 0xCE, 0xA4, 0x93, 0x33, 0xDF, 0xDC, 0x7E,
    0x15, 0xEC, 0x13, 0x01, 0x42, 0xB3, 0x1F, 0xC5, 0x0D, 0x83, 0x5E, 0x30, 0x78, 0x86, 0x14, 0x18,
    0x6C, 0xAD, 0x4D, 0xAC, 0xCC, 0x21, 0x22, 0xD4, 0xA7, 0xDC, 0x4A, 0x6E, 0x83, 0xAB, 0xEA, 0x33,
    0x5F, 0x1B, 0x61, 0xB9, 0xA5, 0xDD, 0x59, 0xF5, 0x3A, 0x1B, 0x29, 0x70, 0x73, 0x82, 0x3E, 0x4F,
    0xD8, 0xF8, 0x47, 0x8C, 0xA7, 0x13, 0xD1, 0x71, 0x64, 0x74, 0x8B, 0xD8, 0xF4, 0x19, 0xA3, 0x32,
    0x05, 0x22, 0xD1, 0x29, 0xEA, 0x8D, 0x7D, 0x9C, 0xF9, 0x79, 0x98, 0xB1, 0x90, 0xD2, 0x36, 0x1F,
    0x0D, 0xFA, 0xB1, 0xB4, 0x5E, 0xDB, 0x81, 0xF8, 0xA7, 0xFD, 0xF6, 0x3C, 0x3B, 0x57, 0x2A, 0xCE,
    0xF2, 0x48, 0x46, 0x4F, 0xE6, 0x99, 0xFB, 0xB0, 0xD9, 0x33, 0xCF, 0x5B, 0xB3, 0xC9, 0xE7, 0x23,
    0x16, 0xAD, 0x40, 0x66, 0x93, 0x69, 0x52, 0xBE, 0x67, 0x36, 0x49, 0xF4, 0x52, 0x98, 0xD6, 0x83,
    0xC6, 0xF6, 0xA8, 0x49, 0xE6, 0x1A, 0x61, 0x9B, 0xFA, 0x41, 0xE3, 0xD1, 0x92, 0x30, 0x59, 0x0D,
    0x5A, 0x9F, 0x8D, 0x45, 0xFB, 0x47, 0x40, 0x26, 0xBF, 0x35, 0xAA, 0x41, 0xBA, 0xC4, 0xE3, 0x6F,
    0x08, 0x6B, 0x0C, 0x16, 0x78, 0x7A, 0x2D, 0x42, 0xD9, 0x7C, 0x97, 0x82, 0x48, 0x4D, 0xB2, 0xD5,
    0x86, 0x75, 0xE1, 0xC7, 0xCD, 0x60, 0xBD, 0x79, 0x73, 0x25, 0xFB, 0xAE, 0x6D, 0xD5, 0xFC, 0x3A,
    0x0F, 0x88, 0x87, 0x04, 0x03, 0x38, 0x67, 0x0A, 0x2D, 0x46, 0x5E, 0xF6, 0x2E, 0x58, 0x6B, 0x65,
    0x7C, 0xC0, 0x5A, 0xB3, 0xAB, 0xF5, 0xCC, 0x2D, 0x75, 0x41, 0x30, 0x7E, 0x2F, 0x6B, 0xEF, 0xD6,
    0x2D, 0x3C, 0x67, 0xC6, 0x17, 0xAC, 0x5C, 0x1F, 0x81, 0xED, 0x96, 0xB1, 0x09, 0xE7, 0xC9, 0xFC,
    0xFE, 0x75, 0x61, 0xD5, 0x92, 0xF5, 0xC7, 0x2D, 0x7E, 0x8E, 0xF9, 0x7B, 0xE1, 0xF0, 0xDF, 0x76,
    0xBF, 0xCE, 0x58, 0xD5, 0x95, 0xBE, 0xFC, 0x97, 0xF3, 0x96, 0x8F, 0xDF, 0xB5, 0x92, 0x3F, 0x6F,
    0xD3, 0x40, 0x18, 0xC6, 0x9F, 0x4B, 0x68, 0x3C, 0x58, 0xE5, 0x58, 0x90, 0x10, 0x82, 0x7A, 0x61,
    0x84, 0x7A, 0x41, 0xA8, 0x83, 0x1B, 0xDF, 0xC6, 0xC0, 0xD2, 0x85, 0x9D, 0x81, 0x89, 0x25, 0x4B,
    0x87, 0x0E, 0x69, 0x7D, 0x12, 0x5F, 0xA0, 0x1F, 0xA1, 0x73, 0x97, 0x32, 0x64, 0x00, 0xE4, 0xE2,
    0x53, 0xFB, 0x05, 0x2C, 0x31, 0xB0, 0x7A, 0x80, 0x81, 0xED, 0x06, 0x0F, 0x46, 0x24, 0x39, 0x9E,
    0xD7, 0x8E, 0x98, 0x90, 0x80, 0xA1, 0x6F, 0x4E, 0x8F, 0x2E, 0xF7, 0xFE, 0xB9, 0x9F, 0x1F, 0x5B,
    0x19, 0x24, 0x1D, 0x76, 0xD6, 0x40, 0x02, 0xF5, 0xC2, 0x24, 0xC1, 0xE6, 0x17, 0xAE, 0x8C, 0xDD,
    0xFB, 0x98, 0x6A, 0xE7, 0xDA, 0xE4, 0x6B, 0xC4, 0x1D, 0x86, 0x18, 0x85, 0x43, 0x1D, 0x9A, 0xF4,
    0xB9, 0xDF, 0xDF, 0x6E, 0xF7, 0x9F, 0xB6, 0xD3, 0xBA, 0x4D, 0xDE, 0x7A, 0x1D, 0xEA, 0x67, 0x61,
    0x53, 0x80, 0x0A, 0x08, 0x46, 0x05, 0x3B, 0xFA, 0xE9, 0xC6, 0x9F, 0xEB, 0xE8, 0xBA, 0xD1, 0x57,
    0x5E, 0x9B, 0x36, 0x41, 0x97, 0xA3, 0xCC, 0xC3, 0xAA, 0x0A, 0xBC, 0x09, 0x45, 0xF0, 0x5C, 0x73,
    0xF5, 0xF7, 0x35, 0x4C, 0x0D, 0x52, 0xDF, 0xA4, 0x80, 0x76, 0x18, 0x37, 0x00, 0x79, 0x8E, 0xFB,
    0xD5, 0xC9, 0x5F, 0x1E, 0x32, 0x55, 0x9C, 0x9F, 0xB1, 0xEC, 0x8E, 0x0C, 0xB7, 0x55, 0xB0, 0x1B,
    0x9E, 0xB1, 0x43, 0x64, 0x11, 0x1B, 0x68, 0x36, 0xE3, 0xD6, 0x43, 0xAC, 0x1E, 0x23, 0x64, 0xD0,
    0x47, 0x88, 0x5A, 0x8C, 0x3D, 0x46, 0x0D, 0x26, 0x4D, 0x7C, 0x9A, 0xAC, 0x8B, 0x6E, 0x3A, 0x5B,
    0x1D, 0xCF, 0x63, 0xBF, 0x3B, 0xD7, 0x7E, 0x9A, 0x57, 0xEB, 0xA5, 0x5E, 0xE6, 0xAD, 0x3A, 0xD8,
    0x32, 0x28, 0xC7, 0xCB, 0xC8, 0xFD, 0xF9, 0x17, 0xBB, 0xC2, 0x9E, 0xE0, 0x51, 0x59, 0xF2, 0x2A,
    0xD1, 0x2D, 0x65, 0xF2, 0x6B, 0xF7, 0x31, 0xD8, 0xB3, 0x29, 0xEE, 0x2B, 0x53, 0x7C, 0x71, 0x1F,
    0x82, 0x7D, 0xB5, 0x0B, 0xDC, 0x03, 0x32, 0x21, 0xE3, 0xE2, 0x43, 0xA9, 0x7A, 0xB3, 0x27, 0xD8,
    0x6D, 0xB6, 0x2A, 0x83, 0x99, 0x4B, 0xD7, 0xA6, 0x32, 0x28, 0x7E, 0xD0, 0x65, 0x8B, 0x89, 0xBD,
    0xFB, 0xD2, 0x54, 0xC1, 0xBD, 0x39, 0x37, 0x07, 0x74, 0xD5, 0x82, 0x59, 0xD6, 0x4C, 0xF8, 0x6C,
    0x5F, 0xF1, 0x1A, 0xF8, 0x9D, 0xE5, 0x96, 0x05, 0x98, 0x84, 0xC0, 0x6D, 0xFA, 0x6D, 0x46, 0xC7,
    0x56, 0xC0, 0x65, 0x6F, 0x53, 0x02, 0xCD, 0xC3, 0xC8, 0xED, 0x60, 0x62, 0x46, 0x4D, 0x26, 0x4E,
    0xF8, 0x23, 0xD1, 0xC3, 0x85, 0xE8, 0xDE, 0x3B, 0xD1, 0x8C, 0x2F, 0x30, 0xB8, 0x8D, 0x0E, 0x27,
    0x43, 0x76, 0x4F, 0x74, 0x31, 0x74, 0xF1, 0xDB, 0xE0, 0x84, 0xD8, 0xCA, 0x34, 0x99, 0x9C, 0xCA,
    0x2D, 0x6A, 0xC9, 0xCD, 0xF7, 0x8B, 0x46, 0xBE, 0x0B, 0x79, 0xAB, 0xA0, 0x57, 0xF8, 0x37, 0x1E,
    0xB6, 0x90, 0x87, 0x41, 0x1E, 0x06, 0x79, 0x18, 0xE4, 0x61, 0x64, 0x5E, 0x71, 0x5A, 0xE6, 0x65,
    0x66, 0x36, 0x9C, 0x0C, 0xD9, 0x3D, 0xD1, 0xC5, 0xD0, 0x95, 0xF4, 0x13, 0x6E, 0x86, 0xE7, 0xF4,
    0x01, 0x79, 0x54, 0x7B, 0x22, 0x3C, 0x9F, 0x3A, 0x92, 0x20, 0x6D, 0x44, 0x93, 0x5A, 0x78, 0x8A,
    0x96, 0x3C, 0xAA, 0xBB, 0x14, 0x9E, 0xE6, 0xC9, 0x0D, 0xF3, 0x6C, 0xF7, 0xFE, 0xE4, 0xBD, 0x3F,
    0xA5, 0xF0, 0x8C, 0xBC, 0x90, 0x44, 0x75, 0xCF, 0x63, 0x84, 0x67, 0xDA, 0xFB, 0xB3, 0x14, 0x7F,
    0x98, 0x14, 0x1E, 0xF7, 0x5F, 0x3C, 0xBF, 0x00,
};

static const EpdGlyph inter_8_boldGlyphs[] = {
    { 0, 0, 140, 0, 0, 0, 0 }, // U+0000
    { 0, 0, 62, 0, 0, 0, 0 }, // U+0020
    { 4, 14, 85, 1, 13, 14, 0 }, // !
    { 7, 6, 142, 1, 13, 11, 14 }, // "
    { 11, 13, 172, 0, 13, 36, 25 }, // #
    { 11, 16, 175, 0, 14, 44, 61 }, // $
    { 15, 14, 266, 1, 13, 53, 105 }, // %
    { 12, 14, 178, 0, 13, 42, 158 }, // &
    { 3, 6, 86, 1, 13, 5, 200 }, // '
    { 5, 16, 98, 1, 13, 20, 205 }, // (
    { 5, 16, 98, 0, 13, 20, 225 }, // )
    { 7, 8, 148, 1, 13, 14, 245 }, // *
    { 9, 9, 180, 1, 9, 21, 259 }, // +
    { 4, 6, 84, 0, 3, 6, 280 }, // ,
    { 6, 3, 123, 1, 6, 5, 286 }, // -
    { 4, 4, 84, 1, 3, 4, 291 }, // .
    { 7, 15, 102, 0, 13, 27, 295 }, // /
    { 11, 14, 178, 0, 13, 39, 322 }, // 0
    { 6, 13, 113, 0, 13, 20, 361 }, // 1
    { 10, 13, 166, 0, 13, 33, 381 }, // 2
    { 10, 14, 171, 0, 13, 35, 414 }, // 3
    { 11, 13, 179, 0, 13, 36, 449 }, // 4
    { 10, 14, 165, 0, 13, 35, 485 }, // 5
    { 10, 14, 171, 0, 13, 35, 520 }, // 6
    { 10, 13, 153, 0, 13, 33, 555 }, // 7
    { 11, 14, 172, 0, 13, 39, 588 }, // 8
    { 10, 14, 171, 0, 13, 35, 627 }, // 9
    { 4, 10, 84, 1, 9, 10, 662 }, // :
    { 5, 12, 86, 0, 9, 15, 672 }, // ;
    { 9, 10, 180, 1, 10, 23, 687 }, // <
    { 9, 7, 180, 1, 8, 16, 710 }, // =
    { 9, 10, 180, 1, 10, 23, 726 }, // >
    { 9, 14, 150, 0, 13, 32, 749 }, // ?
    { 17, 17, 270, 0, 13, 73, 781 }, // @
    { 12, 13, 197, 0, 13, 39, 854 }, // A
    { 10, 13, 175, 1, 13, 33, 893 }, // B
    { 12, 14, 197, 0, 13, 42, 926 }, // C
    { 11, 13, 191, 1, 13, 36, 968 }, // D
    { 9, 13, 162, 1, 13, 30, 1004 }, // E
    { 9, 13, 156, 1, 13, 30, 1034 }, // F
    { 12, 14, 199, 0, 13, 42, 1064 }, // G
    { 11, 13, 197, 1, 13, 36, 1106 }, // H
    { 3, 13, 74, 1, 13, 10, 1142 }, // I
    { 9, 14, 154, 0, 13, 32, 1152 }, // J
    { 11, 13, 190, 1, 13, 36, 1184 }, // K
    { 8, 13, 150, 1, 13, 26, 1220 }, // L
    { 14, 13, 246, 1, 13, 46, 1246 }, // M
    { 11, 13, 201, 1, 13, 36, 1292 }, // N
    { 13, 14, 204, 0, 13, 46, 1328 }, // O
    { 10, 13, 172, 1, 13, 33, 1374 }, // P
    { 13, 15, 205, 0, 13, 49, 1407 }, // Q
    { 10, 13, 175, 1, 13, 33, 1456 }, // R
    { 11, 14, 175, 0, 13, 39, 1489 }, // S
    { 11, 13, 176, 0, 13, 36, 1528 }, // T
    { 11, 14, 194, 1, 13, 39, 1564 }, // U
    { 12, 13, 197, 0, 13, 39, 1603 }, // V
    { 17, 13, 274, 0, 13, 56, 1642 }, // W
    { 12, 13, 194, 0, 13, 39, 1698 }, // X
    { 12, 13, 193, 0, 13, 39, 1737 }, // Y
    { 11, 13, 175, 0, 13, 36, 1776 }, // Z
    { 5, 16, 98, 1, 13, 20, 1812 }, // [
    { 7, 15, 102, 0, 13, 27, 1832 }, // <backslash>
    { 5, 16, 98, 0, 13, 20, 1859 }, // ]
    { 8, 6, 128, 0, 12, 12, 1879 }, // ^
    { 8, 2, 127, 0, 0, 4, 1891 }, // _
    { 4, 3, 93, 1, 13, 3, 1895 }, // `
    { 9, 11, 153, 0, 10, 25, 1898 }, // a
    { 9, 14, 166, 1, 13, 32, 1923 }, // b
    { 10, 11, 155, 0, 10, 28, 1955 }, // c
    { 10, 14, 166, 0, 13, 35, 1983 }, // d
    { 10, 11, 157, 0, 10, 28, 2018 }, // e
    { 7, 13, 105, 0, 13, 23, 2046 }, // f
    { 10, 14, 166, 0, 10, 35, 2069 }, // g
    { 9, 13, 164, 1, 13, 30, 2104 }, // h
    { 4, 13, 71, 0, 13, 13, 2134 }, // i
    { 5, 17, 71, -1, 13, 22, 2147 }, // j
    { 9, 13, 153, 1, 13, 30, 2169 }, // k
    { 3, 13, 71, 1, 13, 10, 2199 }, // l
    { 14, 10, 242, 1, 10, 35, 2209 }, // m
    { 9, 10, 164, 1, 10, 23, 2244 }, // n
    { 10, 11, 162, 0, 10, 28, 2267 }, // o
    { 9, 14, 166, 1, 10, 32, 2295 }, // p
    { 10, 14, 166, 0, 10, 35, 2327 }, // q
    { 6, 10, 107, 1, 10, 15, 2362 }, // r
    { 9, 11, 147, 0, 10, 25, 2377 }, // s
    { 6, 13, 98, 0, 12, 20, 2402 }, // t
    { 9, 10, 164, 1, 9, 23, 2422 }, // u
    { 10, 9, 157, 0, 9, 23, 2445 }, // v
    { 14, 9, 225, 0, 9, 32, 2468 }, // w
    { 10, 9, 152, 0, 9, 23, 2500 }, // x
    { 10, 13, 158, 0, 9, 33, 2523 }, // y
    { 9, 9, 150, 0, 9, 21, 2556 }, // z
    { 6, 16, 123, 1, 13, 24, 2577 }, // {
    { 4, 21, 98, 1, 17, 21, 2601 }, // |
    { 7, 16, 123, 0, 13, 28, 2622 }, // }
    { 10, 4, 180, 1, 7, 10, 2650 }, // ~
    { 0, 0, 62, 0, 0, 0, 0 }, // U+00A0
    { 4, 14, 85, 1, 10, 14, 0 }, // U+00A1
    { 10, 13, 155, 0, 13, 33, 14 }, // U+00A2
    { 10, 13, 169, 0, 13, 33, 47 }, // U+00A3
    { 11, 12, 202, 1, 11, 33, 80 }, // U+00A4
    { 10, 13, 151, 0, 13, 33, 113 }, // U+00A5
    { 3, 16, 89, 1, 13, 12, 146 }, // U+00A6
    { 9, 16, 150, 0, 13, 36, 158 }, // U+00A7
    { 7, 3, 164, 2, 13, 6, 194 }, // U+00A8
    { 13, 14, 243, 1, 13, 46, 200 }, // U+00A9
    { 7, 8, 122, 0, 13, 14, 246 }, // U+00AA
    { 11, 8, 173, 0, 9, 22, 260 }, // U+00AB
    { 9, 5, 180, 1, 7, 12, 282 }, // U+00AC
    { 11, 11, 175, 0, 13, 31, 294 }, // U+00AE
    { 5, 3, 114, 1, 13, 4, 325 }, // U+00AF
    { 7, 7, 121, 0, 13, 13, 329 }, // U+00B0
    { 9, 10, 180, 1, 10, 23, 342 }, // U+00B1
    { 7, 8, 119, 0, 15, 14, 365 }, // U+00B2
    { 7, 8, 122, 0, 15, 14, 379 }, // U+00B3
    { 4, 3, 93, 1, 13, 3, 393 }, // U+00B4
    { 10, 13, 166, 1, 9, 33, 396 }, // U+00B5
    { 9, 13, 158, 0, 13, 30, 429 }, // U+00B6
    { 4, 4, 84, 1, 8, 4, 459 }, // U+00B7
    { 4, 5, 96, 1, 1, 5, 463 }, // U+00B8
    { 5, 7, 85, 0, 14, 9, 468 }, // U+00B9
    { 8, 8, 129, 0, 13, 16, 477 }, // U+00BA
    { 11, 8, 173, 0, 9, 22, 493 }, // U+00BB
    { 14, 13, 222, 0, 13, 46, 515 }, // U+00BC
    { 14, 13, 231, 0, 13, 46, 561 }, // U+00BD
    { 15, 13, 243, 0, 13, 49, 607 }, // U+00BE
    { 9, 14, 150, 0, 10, 32, 656 }, // U+00BF
    { 12, 16, 197, 0, 16, 48, 688 }, // U+00C0
    { 12, 16, 197, 0, 16, 48, 736 }, // U+00C1
    { 12, 16, 197, 0, 16, 48, 784 }, // U+00C2
    { 12, 16, 197, 0, 16, 48, 832 }, // U+00C3
    { 12, 16, 197, 0, 16, 48, 880 }, // U+00C4
    { 12, 17, 197, 0, 17, 51, 928 }, // U+00C5
    { 17, 13, 272, 0, 13, 56, 979 }, // U+00C6
    { 12, 17, 197, 0, 13, 51, 1035 }, // U+00C7
    { 9, 16, 162, 1, 16, 36, 1086 }, // U+00C8
    { 9, 16, 162, 1, 16, 36, 1122 }, // U+00C9
    { 9, 16, 162, 1, 16, 36, 1158 }, // U+00CA
    { 9, 16, 162, 1, 16, 36, 1194 }, // U+00CB
    { 5, 16, 74, -1, 16, 20, 1230 }, // U+00CC
    { 4, 16, 74, 1, 16, 16, 1250 }, // U+00CD
    { 7, 16, 74, -1, 16, 28, 1266 }, // U+00CE
    { 7, 16, 74, -1, 16, 28, 1294 }, // U+00CF
    { 12, 13, 202, 0, 13, 39, 1322 }, // U+00D0
    { 11, 16, 201, 1, 16, 44, 1361 }, // U+00D1
    { 13, 17, 204, 0, 16, 56, 1405 }, // U+00D2
    { 13, 17, 204, 0, 16, 56, 1461 }, // U+00D3
    { 13, 17, 204, 0, 16, 56, 1517 }, // U+00D4
    { 13, 17, 204, 0, 16, 56, 1573 }, // U+00D5
    { 13, 17, 204, 0, 16, 56, 1629 }, // U+00D6
    { 9, 10, 180, 1, 10, 23, 1685 }, // U+00D7
    { 13, 14, 204, 0, 13, 46, 1708 }, // U+00D8
    { 11, 17, 194, 1, 16, 47, 1754 }, // U+00D9
    { 11, 17, 194, 1, 16, 47, 1801 }, // U+00DA
    { 11, 17, 194, 1, 16, 47, 1848 }, // U+00DB
    { 11, 17, 194, 1, 16, 47, 1895 }, // U+00DC
    { 12, 16, 193, 0, 16, 48, 1942 }, // U+00DD
    { 9, 13, 177, 1, 13, 30, 1990 }, // U+00DE
    { 10, 13, 174, 1, 13, 33, 2020 }, // U+00DF
    { 9, 14, 153, 0, 13, 32, 2053 }, // U+00E0
    { 9, 14, 153, 0, 13, 32, 2085 }, // U+00E1
    { 9, 14, 153, 0, 13, 32, 2117 }, // U+00E2
    { 9, 14, 153, 0, 13, 32, 2149 }, // U+00E3
    { 9, 14, 153, 0, 13, 32, 2181 }, // U+00E4
    { 9, 15, 153, 0, 14, 34, 2213 }, // U+00E5
    { 15, 11, 241, 0, 10, 42, 2247 }, // U+00E6
    { 10, 14, 155, 0, 10, 35, 2289 }, // U+00E7
    { 10, 14, 157, 0, 13, 35, 2324 }, // U+00E8
    { 10, 14, 157, 0, 13, 35, 2359 }, // U+00E9
    { 10, 14, 157, 0, 13, 35, 2394 }, // U+00EA
    { 10, 14, 157, 0, 13, 35, 2429 }, // U+00EB
    { 5, 13, 71, -1, 13, 17, 2464 }, // U+00EC
    { 4, 13, 71, 1, 13, 13, 2481 }, // U+00ED
    { 7, 13, 71, -1, 13, 23, 2494 }, // U+00EE
    { 7, 13, 71, -1, 13, 23, 2517 }, // U+00EF
    { 10, 14, 158, 0, 13, 35, 2540 }, // U+00F0
    { 9, 13, 164, 1, 13, 30, 2575 }, // U+00F1
    { 10, 14, 162, 0, 13, 35, 2605 }, // U+00F2
    { 10, 14, 162, 0, 13, 35, 2640 }, // U+00F3
    { 10, 14, 162, 0, 13, 35, 2675 }, // U+00F4
    { 10, 14, 162, 0, 13, 35, 2710 }, // U+00F5
    { 10, 14, 162, 0, 13, 35, 2745 }, // U+00F6
    { 9, 10, 180, 1, 10, 23, 2780 }, // U+00F7
    { 10, 11, 162, 0, 10, 28, 2803 }, // U+00F8
    { 9, 14, 164, 1, 13, 32, 2831 }, // U+00F9
    { 9, 14, 164, 1, 13, 32, 2863 }, // U+00FA
    { 9, 14, 164, 1, 13, 32, 2895 }, // U+00FB
    { 9, 14, 164, 1, 13, 32, 2927 }, // U+00FC
    { 10, 17, 158, 0, 13, 43, 2959 }, // U+00FD
    { 9, 17, 166, 1, 13, 39, 3002 }, // U+00FE
    { 10, 17, 158, 0, 13, 43, 3041 }, // U+00FF
    { 12, 16, 197, 0, 16, 48, 0 }, // U+0100
    { 9, 14, 153, 0, 13, 32, 48 }, // U+0101
    { 12, 16, 197, 0, 16, 48, 80 }, // U+0102
    { 9, 14, 153, 0, 13, 32, 128 }, // U+0103
    { 13, 17, 197, 0, 13, 56, 160 }, // U+0104
    { 9, 14, 153, 0, 10, 32, 216 }, // U+0105
    { 12, 17, 197, 0, 16, 51, 248 }, // U+0106
    { 10, 14, 155, 0, 13, 35, 299 }, // U+0107
    { 12, 17, 197, 0, 16, 51, 334 }, // U+0108
    { 10, 14, 155, 0, 13, 35, 385 }, // U+0109
    { 12, 17, 197, 0, 16, 51, 420 }, // U+010A
    { 10, 14, 155, 0, 13, 35, 471 }, // U+010B
    { 12, 17, 197, 0, 16, 51, 506 }, // U+010C
    { 10, 14, 155, 0, 13, 35, 557 }, // U+010D
    { 11, 16, 191, 1, 16, 44, 592 }, // U+010E
    { 13, 14, 199, 0, 13, 46, 636 }, // U+010F
    { 12, 13, 202, 0, 13, 39, 682 }, // U+0110
    { 11, 14, 166, 0, 13, 39, 721 }, // U+0111
    { 9, 16, 162, 1, 16, 36, 760 }, // U+0112
    { 10, 14, 157, 0, 13, 35, 796 }, // U+0113
    { 9, 16, 162, 1, 16, 36, 831 }, // U+0114
    { 10, 14, 157, 0, 13, 35, 867 }, // U+0115
    { 9, 16, 162, 1, 16, 36, 902 }, // U+0116
    { 10, 14, 157, 0, 13, 35, 938 }, // U+0117
    { 9, 17, 162, 1, 13, 39, 973 }, // U+0118
    { 10, 14, 157, 0, 10, 35, 1012 }, // U+0119
    { 9, 16, 162, 1, 16, 36, 1047 }, // U+011A
    { 10, 14, 157, 0, 13, 35, 1083 }, // U+011B
    { 12, 17, 199, 0, 16, 51, 1118 }, // U+011C
    { 10, 17, 166, 0, 13, 43, 1169 }, // U+011D
    { 12, 17, 199, 0, 16, 51, 1212 }, // U+011E
    { 10, 17, 166, 0, 13, 43, 1263 }, // U+011F
    { 12, 17, 199, 0, 16, 51, 1306 }, // U+0120
    { 10, 17, 166, 0, 13, 43, 1357 }, // U+0121
    { 12, 17, 199, 0, 13, 51, 1400 }, // U+0122
    { 10, 18, 166, 0, 14, 45, 1451 }, // U+0123
    { 11, 16, 197, 1, 16, 44, 1496 }, // U+0124
    { 12, 16, 164, -2, 16, 48, 1540 }, // U+0125
    { 13, 13, 213, 0, 13, 43, 1588 }, // U+0126
    { 11, 13, 164, -1, 13, 36, 1631 }, // U+0127
    { 7, 16, 74, -1, 16, 28, 1667 }, // U+0128
    { 7, 13, 71, -1, 13, 23, 1695 }, // U+0129
    { 6, 16, 74, -1, 16, 24, 1718 }, // U+012A
    { 6, 13, 71, -1, 13, 20, 1742 }, // U+012B
    { 7, 16, 74, -1, 16, 28, 1762 }, // U+012C
    { 7, 13, 71, -1, 13, 23, 1790 }, // U+012D
    { 4, 17, 74, 0, 13, 17, 1813 }, // U+012E
    { 5, 17, 71, -1, 13, 22, 1830 }, // U+012F
    { 4, 16, 74, 0, 16, 16, 1852 }, // U+0130
    { 3, 9, 71, 1, 9, 7, 1868 }, // U+0131
    { 13, 14, 228, 1, 13, 46, 1875 }, // U+0132
    { 8, 17, 142, 0, 13, 34, 1921 }, // U+0133
    { 11, 17, 154, 0, 16, 47, 1955 }, // U+0134
    { 7, 17, 71, -1, 13, 30, 2002 }, // U+0135
    { 11, 17, 190, 1, 13, 47, 2032 }, // U+0136
    { 9, 17, 153, 1, 13, 39, 2079 }, // U+0137
    { 9, 9, 155, 1, 9, 21, 2118 }, // U+0138
    { 8, 16, 150, 1, 16, 32, 2139 }, // U+0139
    { 4, 16, 71, 1, 16, 16, 2171 }, // U+013A
    { 8, 17, 150, 1, 13, 34, 2187 }, // U+013B
    { 4, 17, 71, 0, 13, 17, 2221 }, // U+013C
    { 8, 13, 150, 1, 13, 26, 2238 }, // U+013D
    { 6, 13, 104, 1, 13, 20, 2264 }, // U+013E
    { 8, 13, 153, 1, 13, 26, 2284 }, // U+013F
    { 7, 13, 118, 1, 13, 23, 2310 }, // U+0140
    { 10, 13, 161, 0, 13, 33, 2333 }, // U+0141
    { 6, 13, 71, -1, 13, 20, 2366 }, // U+0142
    { 11, 16, 201, 1, 16, 44, 2386 }, // U+0143
    { 9, 13, 164, 1, 13, 30, 2430 }, // U+0144
    { 11, 17, 201, 1, 13, 47, 2460 }, // U+0145
    { 9, 14, 164, 1, 10, 32, 2507 }, // U+0146
    { 11, 16, 201, 1, 16, 44, 2539 }, // U+0147
    { 9, 13, 164, 1, 13, 30, 2583 }, // U+0148
    { 11, 17, 201, 1, 13, 47, 2613 }, // U+014A
    { 9, 14, 164, 1, 10, 32, 2660 }, // U+014B
    { 13, 17, 204, 0, 16, 56, 2692 }, // U+014C
    { 10, 14, 162, 0, 13, 35, 2748 }, // U+014D
    { 13, 17, 204, 0, 16, 56, 2783 }, // U+014E
    { 10, 14, 162, 0, 13, 35, 2839 }, // U+014F
    { 13, 17, 204, 0, 16, 56, 2874 }, // U+0150
    { 10, 14, 162, 0, 13, 35, 2930 }, // U+0151
    { 17, 13, 272, 0, 13, 56, 2965 }, // U+0152
    { 16, 11, 261, 0, 10, 44, 3021 }, // U+0153
    { 10, 16, 175, 1, 16, 40, 3065 }, // U+0154
    { 6, 13, 107, 1, 13, 20, 3105 }, // U+0155
    { 10, 17, 175, 1, 13, 43, 3125 }, // U+0156
    { 7, 14, 107, 0, 10, 25, 3168 }, // U+0157
    { 10, 16, 175, 1, 16, 40, 3193 }, // U+0158
    { 7, 13, 107, 0, 13, 23, 3233 }, // U+0159
    { 11, 17, 175, 0, 16, 47, 3256 }, // U+015A
    { 9, 14, 147, 0, 13, 32, 3303 }, // U+015B
    { 11, 17, 175, 0, 16, 47, 3335 }, // U+015C
    { 9, 14, 147, 0, 13, 32, 3382 }, // U+015D
    { 11, 17, 175, 0, 13, 47, 3414 }, // U+015E
    { 9, 14, 147, 0, 10, 32, 3461 }, // U+015F
    { 11, 17, 175, 0, 16, 47, 3493 }, // U+0160
    { 9, 14, 147, 0, 13, 32, 3540 }, // U+0161
    { 11, 17, 176, 0, 13, 47, 3572 }, // U+0162
    { 6, 16, 98, 0, 12, 24, 3619 }, // U+0163
    { 11, 16, 176, 0, 16, 44, 3643 }, // U+0164
    { 7, 14, 118, 0, 13, 25, 3687 }, // U+0165
    { 11, 13, 176, 0, 13, 36, 3712 }, // U+0166
    { 6, 13, 98, 0, 12, 20, 3748 }, // U+0167
    { 11, 17, 194, 1, 16, 47, 3768 }, // U+0168
    { 9, 14, 164, 1, 13, 32, 3815 }, // U+0169
    { 11, 17, 194, 1, 16, 47, 3847 }, // U+016A
    { 9, 14, 164, 1, 13, 32, 3894 }, // U+016B
    { 11, 17, 194, 1, 16, 47, 3926 }, // U+016C
    { 9, 14, 164, 1, 13, 32, 3973 }, // U+016D
    { 11, 18, 194, 1, 17, 50, 4005 }, // U+016E
    { 9, 15, 164, 1, 14, 34, 4055 }, // U+016F
    { 11, 17, 194, 1, 16, 47, 4089 }, // U+0170
    { 9, 14, 164, 1, 13, 32, 4136 }, // U+0171
    { 11, 17, 194, 1, 13, 47, 4168 }, // U+0172
    { 9, 13, 164, 1, 9, 30, 4215 }, // U+0173
    { 17, 16, 274, 0, 16, 68, 4245 }, // U+0174
    { 14, 13, 225, 0, 13, 46, 4313 }, // U+0175
    { 12, 16, 193, 0, 16, 48, 4359 }, // U+0176
    { 10, 17, 158, 0, 13, 43, 4407 }, // U+0177
    { 12, 16, 193, 0, 16, 48, 4450 }, // U+0178
    { 11, 16, 175, 0, 16, 44, 4498 }, // U+0179
    { 9, 13, 150, 0, 13, 30, 4542 }, // U+017A
    { 11, 16, 175, 0, 16, 44, 4572 }, // U+017B
    { 9, 13, 150, 0, 13, 30, 4616 }, // U+017C
    { 11, 16, 175, 0, 16, 44, 4646 }, // U+017D
    { 9, 13, 150, 0, 13, 30, 4690 }, // U+017E
    { 5, 13, 89, 1, 13, 17, 4720 }, // U+017F
    { 20, 13, 341, 1, 13, 65, 0 }, // U+01C5
    { 19, 14, 316, 0, 13, 67, 65 }, // U+01C6
    { 17, 14, 305, 1, 13, 60, 132 }, // U+01C7
    { 12, 17, 221, 1, 13, 51, 192 }, // U+01C8
    { 7, 17, 142, 1, 13, 30, 243 }, // U+01C9
    { 21, 14, 356, 1, 13, 74, 273 }, // U+01CA
    { 16, 17, 272, 1, 13, 68, 347 }, // U+01CB
    { 13, 17, 235, 1, 13, 56, 415 }, // U+01CC
    { 12, 16, 197, 0, 16, 48, 471 }, // U+01CD
    { 9, 14, 153, 0, 13, 32, 519 }, // U+01CE
    { 7, 16, 74, -1, 16, 28, 551 }, // U+01CF
    { 7, 13, 71, -1, 13, 23, 579 }, // U+01D0
    { 13, 17, 204, 0, 16, 56, 602 }, // U+01D1
    { 10, 14, 162, 0, 13, 35, 658 }, // U+01D2
    { 11, 17, 194, 1, 16, 47, 693 }, // U+01D3
    { 9, 14, 164, 1, 13, 32, 740 }, // U+01D4
    { 11, 19, 194, 1, 18, 53, 772 }, // U+01D5
    { 9, 16, 164, 1, 15, 36, 825 }, // U+01D6
    { 11, 20, 194, 1, 19, 55, 861 }, // U+01D7
    { 9, 17, 164, 1, 16, 39, 916 }, // U+01D8
    { 11, 20, 194, 1, 19, 55, 955 }, // U+01D9
    { 9, 17, 164, 1, 16, 39, 1010 }, // U+01DA
    { 11, 20, 194, 1, 19, 55, 1049 }, // U+01DB
    { 9, 17, 164, 1, 16, 39, 1104 }, // U+01DC
    { 10, 11, 157, 0, 10, 28, 1143 }, // U+01DD
    { 12, 18, 197, 0, 18, 54, 1171 }, // U+01DE
    { 9, 16, 153, 0, 15, 36, 1225 }, // U+01DF
    { 12, 18, 197, 0, 18, 54, 1261 }, // U+01E0
    { 9, 16, 153, 0, 15, 36, 1315 }, // U+01E1
    { 17, 16, 272, 0, 16, 68, 1351 }, // U+01E2
    { 15, 14, 241, 0, 13, 53, 1419 }, // U+01E3
    { 13, 14, 199, 0, 13, 46, 1472 }, // U+01E4
    { 12, 14, 182, 0, 10, 42, 1518 }, // U+01E5
    { 12, 17, 199, 0, 16, 51, 1560 }, // U+01E6
    { 10, 17, 166, 0, 13, 43, 1611 }, // U+01E7
    { 11, 16, 190, 1, 16, 44, 1654 }, // U+01E8
    { 11, 16, 153, -1, 16, 44, 1698 }, // U+01E9
    { 13, 17, 204, 0, 13, 56, 1742 }, // U+01EA
    { 10, 14, 162, 0, 10, 35, 1798 }, // U+01EB
    { 13, 20, 204, 0, 16, 65, 1833 }, // U+01EC
    { 10, 17, 162, 0, 13, 43, 1898 }, // U+01ED
    { 11, 20, 182, 0, 16, 55, 1941 }, // U+01EE
    { 10, 17, 170, 0, 13, 43, 1996 }, // U+01EF
    { 7, 17, 71, -1, 13, 30, 2039 }, // U+01F0
    { 22, 13, 367, 1, 13, 72, 2069 }, // U+01F1
    { 20, 13, 341, 1, 13, 65, 2141 }, // U+01F2
    { 19, 14, 316, 0, 13, 67, 2206 }, // U+01F3
    { 12, 17, 199, 0, 16, 51, 2273 }, // U+01F4
    { 10, 17, 166, 0, 13, 43, 2324 }, // U+01F5
    { 17, 14, 296, 1, 13, 60, 2367 }, // U+01F6
    { 10, 17, 196, 1, 13, 43, 2427 }, // U+01F7
    { 11, 16, 201, 1, 16, 44, 2470 }, // U+01F8
    { 9, 13, 164, 1, 13, 30, 2514 }, // U+01F9
    { 12, 19, 197, 0, 19, 57, 2544 }, // U+01FA
    { 9, 17, 153, 0, 16, 39, 2601 }, // U+01FB
    { 17, 16, 272, 0, 16, 68, 2640 }, // U+01FC
    { 15, 14, 241, 0, 13, 53, 2708 }, // U+01FD
    { 13, 17, 204, 0, 16, 56, 2761 }, // U+01FE
    { 10, 14, 162, 0, 13, 35, 2817 }, // U+01FF
    { 12, 16, 197, 0, 16, 48, 2852 }, // U+0200
    { 9, 14, 153, 0, 13, 32, 2900 }, // U+0201
    { 12, 16, 197, 0, 16, 48, 2932 }, // U+0202
    { 9, 14, 153, 0, 13, 32, 2980 }, // U+0203
    { 10, 16, 162, 0, 16, 40, 3012 }, // U+0204
    { 10, 14, 157, 0, 13, 35, 3052 }, // U+0205
    { 9, 16, 162, 1, 16, 36, 3087 }, // U+0206
    { 10, 14, 157, 0, 13, 35, 3123 }, // U+0207
    { 7, 16, 74, -2, 16, 28, 3158 }, // U+0208
    { 8, 13, 71, -3, 13, 26, 3186 }, // U+0209
    { 7, 16, 74, -1, 16, 28, 3212 }, // U+020A
    { 7, 13, 71, -1, 13, 23, 3240 }, // U+020B
    { 13, 17, 204, 0, 16, 56, 3263 }, // U+020C
    { 10, 14, 162, 0, 13, 35, 3319 }, // U+020D
    { 13, 17, 204, 0, 16, 56, 3354 }, // U+020E
    { 10, 14, 162, 0, 13, 35, 3410 }, // U+020F
    { 10, 16, 175, 1, 16, 40, 3445 }, // U+0210
    { 8, 13, 107, -1, 13, 26, 3485 }, // U+0211
    { 10, 16, 175, 1, 16, 40, 3511 }, // U+0212
    { 7, 13, 107, 0, 13, 23, 3551 }, // U+0213
    { 11, 17, 194, 1, 16, 47, 3574 }, // U+0214
    { 10, 14, 164, 0, 13, 35, 3621 }, // U+0215
    { 11, 17, 194, 1, 16, 47, 3656 }, // U+0216
    { 9, 14, 164, 1, 13, 32, 3703 }, // U+0217
    { 11, 17, 175, 0, 13, 47, 3735 }, // U+0218
    { 9, 14, 147, 0, 10, 32, 3782 }, // U+0219
    { 11, 17, 176, 0, 13, 47, 3814 }, // U+021A
    { 6, 16, 98, 0, 12, 24, 3861 }, // U+021B
    { 10, 17, 177, 1, 13, 43, 3885 }, // U+021C
    { 9, 14, 152, 0, 10, 32, 3928 }, // U+021D
    { 11, 16, 197, 1, 16, 44, 3960 }, // U+021E
    { 12, 16, 164, -2, 16, 48, 4004 }, // U+021F
    { 4, 3, 0, 1, 13, 3, 0 }, // U+0300
    { 4, 3, 0, 1, 13, 3, 3 }, // U+0301
    { 7, 3, 0, 0, 13, 6, 6 }, // U+0302
    { 6, 3, 0, 1, 13, 5, 12 }, // U+0303
    { 5, 3, 0, 1, 13, 4, 17 }, // U+0304
    { 7, 3, 0, 0, 13, 6, 21 }, // U+0306
    { 3, 3, 0, 1, 13, 3, 27 }, // U+0307
    { 7, 3, 0, 2, 13, 6, 30 }, // U+0308
    { 4, 3, 0, 0, 13, 3, 36 }, // U+0309
    { 6, 5, 0, 0, 14, 8, 39 }, // U+030A
    { 7, 3, 0, 0, 13, 6, 47 }, // U+030C
    { 7, 3, 0, 1, 13, 6, 53 }, // U+030F
    { 4, 6, 0, 3, 9, 6, 59 }, // U+0313
    { 4, 6, 0, 3, 9, 6, 65 }, // U+0315
    { 3, 5, 0, -4, 13, 4, 71 }, // U+031B
    { 3, 3, 75, 1, -1, 3, 75 }, // U+0323
    { 3, 4, 0, -7, -1, 3, 78 }, // U+0326
    { 4, 5, 0, 1, 1, 5, 81 }, // U+0327
    { 5, 5, 0, 0, 1, 7, 86 }, // U+0328
    { 7, 3, 0, 0, -1, 6, 93 }, // U+032C
    { 8, 12, 0, -9, 10, 24, 99 }, // U+0337
    { 10, 14, 0, -10, 13, 35, 123 }, // U+0338
    { 7, 3, 0, -9, 13, 6, 158 }, // U+0342
    { 4, 4, 0, 0, 11, 4, 164 }, // U+0343
    { 7, 5, 0, -9, 14, 9, 168 }, // U+0346
    { 6, 5, 0, -8, -1, 8, 177 }, // U+0347
    { 6, 4, 0, -8, 0, 6, 185 }, // U+0348
    { 4, 5, 0, -7, 0, 5, 191 }, // U+0349
    { 7, 4, 0, -9, 13, 7, 196 }, // U+034A
    { 7, 8, 0, -9, 17, 14, 203 }, // U+034B
    { 7, 5, 0, -9, 15, 9, 217 }, // U+034C
    { 9, 4, 0, -10, -1, 9, 226 }, // U+034D
    { 5, 5, 0, -8, 0, 7, 235 }, // U+034E
    { 0, 0, 0, 0, 0, 0, 242 }, // U+034F
    { 7, 7, 0, -8, 16, 13, 242 }, // U+0350
    { 3, 4, 0, -7, 13, 3, 255 }, // U+0351
    { 7, 6, 0, -9, 15, 11, 258 }, // U+0352
    { 5, 5, 0, -8, 0, 7, 269 }, // U+0353
    { 6, 5, 0, -8, 0, 8, 276 }, // U+0354
    { 6, 5, 0, -8, 0, 8, 284 }, // U+0355
    { 10, 5, 0, -9, 0, 13, 292 }, // U+0356
    { 3, 5, 0, 0, 14, 4, 305 }, // U+0357
    { 3, 3, 0, 1, 13, 3, 309 }, // U+0358
    { 5, 5, 0, -8, 0, 7, 312 }, // U+0359
    { 8, 4, 0, -9, 0, 8, 319 }, // U+035A
    { 5, 5, 0, -8, 14, 7, 327 }, // U+035B
    { 13, 4, 0, -7, 0, 13, 334 }, // U+035C
    { 13, 4, 0, -7, 13, 13, 347 }, // U+035D
    { 10, 3, 0, -10, 13, 8, 360 }, // U+035E
    { 10, 3, 0, -10, -1, 8, 368 }, // U+035F
    { 17, 4, 0, -9, 13, 17, 376 }, // U+0360
    { 13, 4, 0, -7, 13, 13, 393 }, // U+0361
    { 15, 4, 0, -7, -1, 15, 406 }, // U+0362
    { 5, 6, 0, -8, 15, 8, 421 }, // U+0363
    { 5, 6, 0, -8, 15, 8, 429 }, // U+0364
    { 2, 8, 0, -6, 17, 4, 437 }, // U+0365
    { 5, 6, 0, -8, 15, 8, 441 }, // U+0366
    { 5, 6, 0, -8, 15, 8, 449 }, // U+0367
    { 5, 6, 0, -8, 15, 8, 457 }, // U+0368
    { 5, 8, 0, -8, 17, 10, 465 }, // U+0369
    { 5, 8, 0, -8, 17, 10, 475 }, // U+036A
    { 8, 6, 0, -9, 15, 12, 485 }, // U+036B
    { 4, 6, 0, -7, 15, 6, 497 }, // U+036C
    { 4, 7, 0, 0, 16, 7, 503 }, // U+036D
    { 5, 6, 0, -8, 15, 8, 510 }, // U+036E
    { 6, 6, 0, -8, 15, 9, 518 }, // U+036F
    { 0, 0, 152, 0, 0, 0, 0 }, // U+2000
    { 0, 0, 301, 0, 0, 0, 0 }, // U+2001
    { 0, 0, 133, 0, 0, 0, 0 }, // U+2002
    { 0, 0, 267, 0, 0, 0, 0 }, // U+2003
    { 0, 0, 89, 0, 0, 0, 0 }, // U+2004
    { 0, 0, 67, 0, 0, 0, 0 }, // U+2005
    { 0, 0, 44, 0, 0, 0, 0 }, // U+2006
    { 0, 0, 172, 0, 0, 0, 0 }, // U+2007
    { 0, 0, 84, 0, 0, 0, 0 }, // U+2008
    { 0, 0, 41, 0, 0, 0, 0 }, // U+2009
    { 0, 0, 20, 0, 0, 0, 0 }, // U+200A
    { 0, 0, 0, 0, 0, 0, 0 }, // U+200B
    { 6, 3, 120, 1, 6, 5, 0 }, // U+2010
    { 6, 3, 120, 1, 6, 5, 5 }, // U+2011
    { 11, 3, 172, 0, 7, 9, 10 }, // U+2012
    { 9, 3, 133, 0, 6, 7, 19 }, // U+2013
    { 17, 3, 267, 0, 6, 13, 26 }, // U+2014
    { 17, 3, 267, 0, 6, 13, 39 }, // U+2015
    { 7, 21, 149, 1, 17, 37, 52 }, // U+2016
    { 8, 4, 126, 0, 0, 8, 89 }, // U+2017
    { 4, 6, 78, 1, 13, 6, 97 }, // U+2018
    { 4, 6, 78, 1, 13, 6, 103 }, // U+2019
    { 4, 6, 72, 0, 3, 6, 109 }, // U+201A
    { 4, 6, 78, 0, 13, 6, 115 }, // U+201B
    { 8, 6, 138, 1, 13, 12, 121 }, // U+201C
    { 7, 6, 136, 1, 13, 11, 133 }, // U+201D
    { 8, 6, 130, 0, 3, 12, 144 }, // U+201E
    { 8, 6, 136, 0, 13, 12, 156 }, // U+201F
    { 8, 10, 155, 1, 13, 20, 168 }, // U+2020
    { 8, 13, 155, 1, 13, 26, 188 }, // U+2021
    { 6, 6, 124, 1, 8, 9, 214 }, // U+2022
    { 5, 6, 124, 2, 8, 8, 223 }, // U+2023
    { 4, 4, 84, 1, 3, 4, 231 }, // U+2024
    { 9, 4, 168, 1, 3, 9, 235 }, // U+2025
    { 14, 4, 251, 1, 3, 14, 244 }, // U+2026
    { 4, 4, 84, 1, 8, 4, 258 }, // U+2027
    { 0, 0, 41, 0, 0, 0, 262 }, // U+202F
    { 21, 14, 365, 1, 13, 74, 262 }, // U+2030
    { 27, 14, 465, 1, 13, 95, 336 }, // U+2031
    { 4, 6, 72, 0, 13, 6, 431 }, // U+2032
    { 9, 6, 143, 0, 13, 14, 437 }, // U+2033
    { 13, 6, 215, 0, 13, 20, 451 }, // U+2034
    { 4, 6, 72, 0, 13, 6, 471 }, // U+2035
    { 9, 6, 143, 0, 13, 14, 477 }, // U+2036
    { 13, 6, 215, 0, 13, 20, 491 }, // U+2037
    { 9, 5, 145, 0, 0, 12, 511 }, // U+2038
    { 7, 8, 113, 0, 9, 14, 523 }, // U+2039
    { 7, 8, 113, 0, 9, 14, 537 }, // U+203A
    { 12, 11, 214, 1, 11, 33, 551 }, // U+203B
    { 9, 14, 169, 1, 13, 32, 584 }, // U+203C
    { 9, 14, 148, 0, 13, 32, 616 }, // U+203D
    { 9, 2, 132, 0, 14, 5, 648 }, // U+203E
    { 14, 4, 225, 0, 0, 14, 653 }, // U+203F
    { 14, 4, 225, 0, 13, 14, 667 }, // U+2040
    { 8, 10, 126, 0, 6, 20, 681 }, // U+2041
    { 11, 10, 202, 1, 11, 28, 701 }, // U+2042
    { 6, 3, 124, 1, 6, 5, 729 }, // U+2043
    { 11, 13, 55, -4, 13, 36, 734 }, // U+2044
    { 5, 16, 98, 1, 13, 20, 770 }, // U+2045
    { 5, 16, 98, 0, 13, 20, 790 }, // U+2046
    { 18, 14, 299, 0, 13, 63, 810 }, // U+2047
    { 14, 14, 234, 0, 13, 49, 873 }, // U+2048
    { 13, 14, 234, 1, 13, 46, 922 }, // U+2049
    { 8, 13, 123, 0, 9, 26, 968 }, // U+204A
    { 9, 13, 158, 1, 13, 30, 994 }, // U+204B
    { 8, 8, 161, 1, 9, 16, 1024 }, // U+204C
    { 8, 8, 161, 1, 9, 16, 1040 }, // U+204D
    { 7, 8, 148, 1, 7, 14, 1056 }, // U+204E
    { 4, 13, 86, 1, 9, 13, 1070 }, // U+204F
    { 14, 17, 225, 0, 13, 60, 1083 }, // U+2050
    { 7, 16, 152, 2, 13, 28, 1143 }, // U+2051
    { 13, 13, 212, 0, 13, 43, 1171 }, // U+2052
    { 12, 5, 201, 0, 8, 15, 1214 }, // U+2053
    { 14, 4, 225, 0, 0, 14, 1229 }, // U+2054
    { 10, 9, 190, 1, 9, 23, 1243 }, // U+2055
    { 17, 6, 286, 0, 13, 26, 1266 }, // U+2057
    { 0, 0, 77, 0, 0, 0, 1292 }, // U+205F
    { 8, 8, 128, 0, 15, 16, 0 }, // U+2070
    { 3, 8, 57, 0, 15, 6, 16 }, // U+2071
    { 8, 7, 126, 0, 14, 14, 22 }, // U+2074
    { 7, 7, 122, 0, 14, 13, 36 }, // U+2075
    { 7, 8, 123, 0, 15, 14, 49 }, // U+2076
    { 7, 7, 110, 0, 14, 13, 63 }, // U+2077
    { 8, 8, 124, 0, 15, 16, 76 }, // U+2078
    { 7, 8, 123, 0, 15, 14, 92 }, // U+2079
    { 6, 6, 123, 1, 13, 9, 106 }, // U+207A
    { 6, 3, 123, 1, 12, 5, 115 }, // U+207B
    { 6, 5, 123, 1, 13, 8, 120 }, // U+207C
    { 4, 9, 74, 1, 15, 9, 128 }, // U+207D
    { 4, 9, 74, 0, 15, 9, 137 }, // U+207E
    { 7, 6, 119, 0, 13, 11, 146 }, // U+207F
    { 8, 8, 128, 0, 5, 16, 157 }, // U+2080
    { 5, 7, 85, 0, 4, 9, 173 }, // U+2081
    { 7, 8, 119, 0, 5, 14, 182 }, // U+2082
    { 7, 8, 122, 0, 5, 14, 196 }, // U+2083
    { 8, 7, 126, 0, 4, 14, 210 }, // U+2084
    { 7, 7, 122, 0, 4, 13, 224 }, // U+2085
    { 7, 8, 123, 0, 5, 14, 237 }, // U+2086
    { 7, 7, 110, 0, 4, 13, 251 }, // U+2087
    { 8, 8, 124, 0, 5, 16, 264 }, // U+2088
    { 7, 8, 123, 0, 5, 14, 280 }, // U+2089
    { 6, 6, 123, 1, 3, 9, 294 }, // U+208A
    { 6, 3, 123, 1, 2, 5, 303 }, // U+208B
    { 6, 5, 123, 1, 3, 8, 308 }, // U+208C
    { 4, 9, 74, 1, 5, 9, 316 }, // U+208D
    { 4, 9, 74, 0, 5, 9, 325 }, // U+208E
    { 6, 6, 110, 0, 3, 9, 334 }, // U+2090
    { 7, 6, 112, 0, 3, 11, 343 }, // U+2091
    { 7, 6, 115, 0, 3, 11, 354 }, // U+2092
    { 7, 6, 112, 0, 3, 11, 365 }, // U+2093
    { 8, 8, 127, 0, 4, 16, 376 }, // U+2094
    { 7, 7, 119, 0, 4, 13, 392 }, // U+2095
    { 7, 7, 111, 0, 4, 13, 405 }, // U+2096
    { 3, 7, 57, 0, 4, 6, 418 }, // U+2097
    { 10, 6, 169, 0, 3, 15, 424 }, // U+2098
    { 7, 6, 119, 0, 3, 11, 439 }, // U+2099
    { 7, 8, 118, 0, 3, 14, 450 }, // U+209A
    { 7, 6, 107, 0, 3, 11, 464 }, // U+209B
    { 5, 7, 73, 0, 4, 9, 475 }, // U+209C
    { 12, 14, 201, 0, 13, 42, 0 }, // U+20A0
    { 12, 16, 197, 0, 14, 48, 42 }, // U+20A1
    { 12, 14, 192, 0, 13, 42, 90 }, // U+20A2
    { 11, 13, 164, -1, 13, 36, 132 }, // U+20A3
    { 10, 13, 169, 0, 13, 33, 168 }, // U+20A4
    { 14, 13, 229, 0, 11, 46, 201 }, // U+20A5
    { 13, 13, 201, 0, 13, 43, 247 }, // U+20A6
    { 16, 14, 266, 1, 13, 56, 290 }, // U+20A7
    { 18, 14, 311, 1, 13, 63, 346 }, // U+20A8
    { 17, 13, 276, 0, 13, 56, 409 }, // U+20A9
    { 14, 10, 244, 1, 10, 35, 465 }, // U+20AA
    { 11, 17, 166, 0, 13, 47, 500 }, // U+20AB
    { 11, 14, 181, 0, 13, 39, 547 }, // U+20AC
    { 14, 13, 212, 0, 13, 46, 586 }, // U+20AD
    { 11, 13, 176, 0, 13, 36, 632 }, // U+20AE
    { 24, 18, 387, 0, 14, 108, 668 }, // U+20AF
    { 12, 13, 189, 0, 13, 39, 776 }, // U+20B1
    { 12, 16, 199, 0, 14, 48, 815 }, // U+20B2
    { 12, 13, 197, 0, 13, 39, 863 }, // U+20B3
    { 10, 14, 196, 1, 13, 35, 902 }, // U+20B4
    { 12, 16, 197, 0, 14, 48, 937 }, // U+20B5
    { 11, 13, 177, 0, 13, 36, 985 }, // U+20B8
    { 9, 13, 151, 0, 13, 30, 1021 }, // U+20B9
    { 10, 14, 170, 0, 13, 35, 1051 }, // U+20BA
    { 11, 10, 202, 1, 10, 28, 1086 }, // U+20BC
    { 12, 13, 196, 0, 13, 39, 1114 }, // U+20BD
    { 11, 13, 201, 1, 13, 36, 1153 }, // U+20BE
    { 10, 16, 175, 1, 14, 40, 1189 }, // U+20BF
    { 13, 13, 253, 1, 12, 43, 0 }, // U+2190
    { 13, 13, 240, 1, 13, 43, 43 }, // U+2191
    { 13, 13, 253, 2, 12, 43, 86 }, // U+2192
    { 13, 14, 240, 1, 13, 46, 129 }, // U+2193
    { 20, 12, 356, 1, 11, 60, 175 }, // U+2194
    { 12, 20, 228, 1, 15, 60, 235 }, // U+2195
    { 11, 10, 205, 1, 9, 28, 295 }, // U+2196
    { 10, 10, 205, 1, 9, 25, 323 }, // U+2197
    { 10, 10, 205, 1, 10, 25, 348 }, // U+2198
    { 11, 10, 205, 1, 10, 28, 373 }, // U+2199
    { 17, 14, 308, 1, 13, 60, 401 }, // U+21A9
    { 17, 14, 308, 1, 13, 60, 461 }, // U+21AA
    { 15, 13, 268, 1, 13, 49, 521 }, // U+21B0
    { 15, 13, 268, 1, 13, 49, 570 }, // U+21B1
    { 15, 12, 268, 1, 13, 45, 619 }, // U+21B3
    { 13, 14, 237, 1, 13, 46, 664 }, // U+21B4
    { 15, 12, 268, 1, 13, 45, 710 }, // U+21B5
    { 13, 16, 253, 1, 16, 52, 755 }, // U+21BA
    { 13, 16, 253, 1, 16, 52, 807 }, // U+21BB
    { 13, 13, 253, 1, 12, 43, 859 }, // U+21D0
    { 13, 13, 253, 2, 12, 43, 902 }, // U+21D2
    { 20, 13, 356, 1, 12, 65, 945 }, // U+21D4
    { 9, 13, 168, 1, 13, 30, 1010 }, // U+21DE
    { 9, 14, 168, 1, 13, 32, 1040 }, // U+21DF
    { 15, 9, 278, 1, 11, 34, 1072 }, // U+21E4
    { 15, 9, 278, 1, 11, 34, 1106 }, // U+21E5
    { 16, 14, 292, 1, 14, 56, 1140 }, // U+21E7
    { 16, 18, 292, 1, 14, 72, 1196 }, // U+21EA
    { 9, 14, 177, 1, 13, 32, 0 }, // U+2202
    { 11, 11, 182, 0, 10, 31, 32 }, // U+2205
    { 12, 13, 196, 0, 13, 39, 63 }, // U+2206
    { 10, 16, 203, 1, 13, 40, 102 }, // U+220F
    { 11, 16, 196, 1, 13, 44, 142 }, // U+2211
    { 9, 3, 180, 1, 6, 7, 186 }, // U+2212
    { 10, 13, 177, 1, 13, 33, 193 }, // U+221A
    { 16, 8, 260, 0, 9, 32, 226 }, // U+221E
    { 8, 17, 101, -1, 13, 34, 258 }, // U+222B
    { 4, 10, 84, 1, 11, 10, 292 }, // U+2236
    { 9, 8, 180, 1, 9, 18, 302 }, // U+2248
    { 9, 10, 180, 1, 10, 23, 320 }, // U+2260
    { 9, 10, 180, 1, 10, 23, 343 }, // U+2264
    { 9, 10, 180, 1, 10, 23, 366 }, // U+2265
    { 23, 24, 371, 0, 18, 138, 389 }, // U+2295
    { 23, 24, 371, 0, 18, 138, 527 }, // U+2296
    { 23, 24, 371, 0, 18, 138, 665 }, // U+2297
    { 23, 24, 371, 0, 18, 138, 803 }, // U+2298
};

static const EpdUnicodeInterval inter_8_boldIntervals[] = {
    { 0x0, 0x0, 0x0 },
    { 0x20, 0x7E, 0x1 },
    { 0xA0, 0xAC, 0x60 },
    { 0xAE, 0xFF, 0x6D },
    { 0x100, 0x148, 0xBF },
    { 0x14A, 0x17F, 0x108 },
    { 0x1C5, 0x21F, 0x13E },
    { 0x300, 0x304, 0x199 },
    { 0x306, 0x30A, 0x19E },
    { 0x30C, 0x30C, 0x1A3 },
    { 0x30F, 0x30F, 0x1A4 },
    { 0x313, 0x313, 0x1A5 },
    { 0x315, 0x315, 0x1A6 },
    { 0x31B, 0x31B, 0x1A7 },
    { 0x323, 0x323, 0x1A8 },
    { 0x326, 0x328, 0x1A9 },
    { 0x32C, 0x32C, 0x1AC },
    { 0x337, 0x338, 0x1AD },
    { 0x342, 0x343, 0x1AF },
    { 0x346, 0x36F, 0x1B1 },
    { 0x2000, 0x200B, 0x1DB },
    { 0x2010, 0x2027, 0x1E7 },
    { 0x202F, 0x2055, 0x1FF },
    { 0x2057, 0x2057, 0x226 },
    { 0x205F, 0x205F, 0x227 },
    { 0x2070, 0x2071, 0x228 },
    { 0x2074, 0x208E, 0x22A },
    { 0x2090, 0x209C, 0x245 },
    { 0x20A0, 0x20AF, 0x252 },
    { 0x20B1, 0x20B5, 0x262 },
    { 0x20B8, 0x20BA, 0x267 },
    { 0x20BC, 0x20BF, 0x26A },
    { 0x2190, 0x2199, 0x26E },
    { 0x21A9, 0x21AA, 0x278 },
    { 0x21B0, 0x21B1, 0x27A },
    { 0x21B3, 0x21B5, 0x27C },
    { 0x21BA, 0x21BB, 0x27F },
    { 0x21D0, 0x21D0, 0x281 },
    { 0x21D2, 0x21D2, 0x282 },
    { 0x21D4, 0x21D4, 0x283 },
    { 0x21DE, 0x21DF, 0x284 },
    { 0x21E4, 0x21E5, 0x286 },
    { 0x21E7, 0x21E7, 0x288 },
    { 0x21EA, 0x21EA, 0x289 },
    { 0x2202, 0x2202, 0x28A },
    { 0x2205, 0x2206, 0x28B },
    { 0x220F, 0x220F, 0x28D },
    { 0x2211, 0x2212, 0x28E },
    { 0x221A, 0x221A, 0x290 },
    { 0x221E, 0x221E, 0x291 },
    { 0x222B, 0x222B, 0x292 },
    { 0x2236, 0x2236, 0x293 },
    { 0x2248, 0x2248, 0x294 },
    { 0x2260, 0x2260, 0x295 },
    { 0x2264, 0x2265, 0x296 },
    { 0x2295, 0x2298, 0x298 },
};

static const EpdFontGroup inter_8_boldGroups[] = {
    { 0, 1651, 3125, 96, 0 },
    { 1651, 1556, 3634, 95, 96 },
    { 3207, 1823, 5469, 127, 191 },
    { 5030, 1717, 4626, 91, 318 },
    { 6747, 489, 636, 66, 409 },
    { 7236, 881, 1475, 77, 475 },
    { 8117, 307, 541, 42, 552 },
    { 8424, 863, 1329, 28, 594 },
    { 9287, 693, 1426, 28, 622 },
    { 9980, 492, 1024, 18, 650 },
};

static const EpdKernClassEntry inter_8_boldKernLeftClasses[] = {
    { 0x0022, 1 }, // "
    { 0x0024, 2 }, // $
    { 0x0025, 3 }, // %
    { 0x0026, 4 }, // &
    { 0x0027, 1 }, // '
    { 0x0028, 5 }, // (
    { 0x0029, 6 }, // )
    { 0x002A, 7 }, // *
    { 0x002B, 8 }, // +
    { 0x002C, 9 }, // ,
    { 0x002D, 8 }, // -
    { 0x002E, 9 }, // .
    { 0x002F, 10 }, // /
    { 0x0030, 11 }, // 0
    { 0x0031, 12 }, // 1
    { 0x0032, 13 }, // 2
    { 0x0033, 14 }, // 3
    { 0x0034, 15 }, // 4
    { 0x0035, 16 }, // 5
    { 0x0036, 17 }, // 6
    { 0x0037, 18 }, // 7
    { 0x0038, 14 }, // 8
    { 0x0039, 11 }, // 9
    { 0x003A, 19 }, // :
    { 0x003B, 19 }, // ;
    { 0x003D, 20 }, // =
    { 0x003E, 21 }, // >
    { 0x003F, 22 }, // ?
    { 0x0040, 23 }, // @
    { 0x0041, 24 }, // A
    { 0x0042, 25 }, // B
    { 0x0043, 26 }, // C
    { 0x0044, 23 }, // D
    { 0x0045, 27 }, // E
    { 0x0046, 28 }, // F
    { 0x0047, 29 }, // G
    { 0x0048, 12 }, // H
    { 0x0049, 12 }, // I
    { 0x004A, 30 }, // J
    { 0x004B, 31 }, // K
    { 0x004C, 32 }, // L
    { 0x004D, 12 }, // M
    { 0x004E, 12 }, // N
    { 0x004F, 23 }, // O
    { 0x0050, 33 }, // P
    { 0x0051, 23 }, // Q
    { 0x0052, 34 }, // R
    { 0x0053, 2 }, // S
    { 0x0054, 35 }, // T
    { 0x0055, 30 }, // U
    { 0x0056, 36 }, // V
    { 0x0057, 37 }, // W
    { 0x0058, 38 }, // X
    { 0x0059, 39 }, // Y
    { 0x005A, 40 }, // Z
    { 0x005B, 41 }, // [
    { 0x005C, 42 }, // <backslash>
    { 0x005D, 6 }, // ]
    { 0x005E, 7 }, // ^
    { 0x005F, 43 }, // _
    { 0x0061, 44 }, // a
    { 0x0062, 45 }, // b
    { 0x0063, 45 }, // c
    { 0x0064, 12 }, // d
    { 0x0065, 45 }, // e
    { 0x0066, 46 }, // f
    { 0x0067, 47 }, // g
    { 0x0068, 44 }, // h
    { 0x0069, 48 }, // i
    { 0x006A, 48 }, // j
    { 0x006B, 49 }, // k
    { 0x006C, 12 }, // l
    { 0x006D, 44 }, // m
    { 0x006E, 44 }, // n
    { 0x006F, 45 }, // o
    { 0x0070, 45 }, // p
    { 0x0071, 47 }, // q
    { 0x0072, 50 }, // r
    { 0x0073, 51 }, // s
    { 0x0074, 52 }, // t
    { 0x0075, 53 }, // u
    { 0x0076, 54 }, // v
    { 0x0077, 55 }, // w
    { 0x0078, 56 }, // x
    { 0x0079, 54 }, // y
    { 0x007A, 57 }, // z
    { 0x007B, 5 }, // {
    { 0x007C, 12 }, // |
    { 0x007D, 6 }, // }
    { 0x007E, 58 }, // ~
    { 0x00A1, 59 }, // U+00A1
    { 0x00A2, 45 }, // U+00A2
    { 0x00A5, 60 }, // U+00A5
    { 0x00A9, 23 }, // U+00A9
    { 0x00AA, 61 }, // U+00AA
    { 0x00AB, 62 }, // U+00AB
    { 0x00AC, 63 }, // U+00AC
    { 0x00AE, 64 }, // U+00AE
    { 0x00B0, 7 }, // U+00B0
    { 0x00B1, 20 }, // U+00B1
    { 0x00B2, 65 }, // U+00B2
    { 0x00B3, 66 }, // U+00B3
    { 0x00B5, 67 }, // U+00B5
    { 0x00B6, 12 }, // U+00B6
    { 0x00B7, 68 }, // U+00B7
    { 0x00B9, 69 }, // U+00B9
    { 0x00BA, 61 }, // U+00BA
    { 0x00BB, 70 }, // U+00BB
    { 0x00BF, 71 }, // U+00BF
    { 0x00C0, 24 }, // U+00C0
    { 0x00C1, 24 }, // U+00C1
    { 0x00C2, 24 }, // U+00C2
    { 0x00C3, 24 }, // U+00C3
    { 0x00C4, 24 }, // U+00C4
    { 0x00C5, 24 }, // U+00C5
    { 0x00C6, 27 }, // U+00C6
    { 0x00C7, 26 }, // U+00C7
    { 0x00C8, 27 }, // U+00C8
    { 0x00C9, 27 }, // U+00C9
    { 0x00CA, 27 }, // U+00CA
    { 0x00CB, 27 }, // U+00CB
    { 0x00CC, 12 }, // U+00CC
    { 0x00CD, 12 }, // U+00CD
    { 0x00CE, 72 }, // U+00CE
    { 0x00CF, 72 }, // U+00CF
    { 0x00D0, 23 }, // U+00D0
    { 0x00D1, 12 }, // U+00D1
    { 0x00D2, 23 }, // U+00D2
    { 0x00D3, 23 }, // U+00D3
    { 0x00D4, 23 }, // U+00D4
    { 0x00D5, 23 }, // U+00D5
    { 0x00D6, 23 }, // U+00D6
    { 0x00D7, 73 }, // U+00D7
    { 0x00D8, 23 }, // U+00D8
    { 0x00D9, 30 }, // U+00D9
    { 0x00DA, 30 }, // U+00DA
    { 0x00DB, 30 }, // U+00DB
    { 0x00DC, 30 }, // U+00DC
    { 0x00DD, 39 }, // U+00DD
    { 0x00DE, 74 }, // U+00DE
    { 0x00DF, 75 }, // U+00DF
    { 0x00E0, 44 }, // U+00E0
    { 0x00E1, 44 }, // U+00E1
    { 0x00E2, 44 }, // U+00E2
    { 0x00E3, 44 }, // U+00E3
    { 0x00E4, 44 }, // U+00E4
    { 0x00E5, 44 }, // U+00E5
    { 0x00E6, 76 }, // U+00E6
    { 0x00E7, 45 }, // U+00E7
    { 0x00E8, 45 }, // U+00E8
    { 0x00E9, 45 }, // U+00E9
    { 0x00EA, 45 }, // U+00EA
    { 0x00EB, 45 }, // U+00EB
    { 0x00EC, 48 }, // U+00EC
    { 0x00ED, 48 }, // U+00ED
    { 0x00EE, 77 }, // U+00EE
    { 0x00EF, 78 }, // U+00EF
    { 0x00F0, 45 }, // U+00F0
    { 0x00F1, 79 }, // U+00F1
    { 0x00F2, 45 }, // U+00F2
    { 0x00F3, 45 }, // U+00F3
    { 0x00F4, 45 }, // U+00F4
    { 0x00F5, 80 }, // U+00F5
    { 0x00F6, 80 }, // U+00F6
    { 0x00F7, 8 }, // U+00F7
    { 0x00F8, 45 }, // U+00F8
    { 0x00F9, 53 }, // U+00F9
    { 0x00FA, 53 }, // U+00FA
    { 0x00FB, 53 }, // U+00FB
    { 0x00FC, 53 }, // U+00FC
    { 0x00FD, 54 }, // U+00FD
    { 0x00FE, 45 }, // U+00FE
    { 0x00FF, 54 }, // U+00FF
    { 0x0100, 24 }, // U+0100
    { 0x0101, 81 }, // U+0101
    { 0x0102, 24 }, // U+0102
    { 0x0103, 44 }, // U+0103
    { 0x0104, 24 }, // U+0104
    { 0x0105, 44 }, // U+0105
    { 0x0106, 26 }, // U+0106
    { 0x0107, 45 }, // U+0107
    { 0x0108, 26 }, // U+0108
    { 0x0109, 45 }, // U+0109
    { 0x010A, 26 }, // U+010A
    { 0x010B, 45 }, // U+010B
    { 0x010C, 26 }, // U+010C
    { 0x010D, 45 }, // U+010D
    { 0x010E, 23 }, // U+010E
    { 0x010F, 82 }, // U+010F
    { 0x0111, 83 }, // U+0111
    { 0x0112, 27 }, // U+0112
    { 0x0113, 45 }, // U+0113
    { 0x0114, 27 }, // U+0114
    { 0x0115, 45 }, // U+0115
    { 0x0116, 27 }, // U+0116
    { 0x0117, 45 }, // U+0117
    { 0x0118, 27 }, // U+0118
    { 0x0119, 45 }, // U+0119
    { 0x011A, 27 }, // U+011A
    { 0x011B, 45 }, // U+011B
    { 0x011C, 29 }, // U+011C
    { 0x011D, 47 }, // U+011D
    { 0x011E, 29 }, // U+011E
    { 0x011F, 47 }, // U+011F
    { 0x0120, 29 }, // U+0120
    { 0x0121, 47 }, // U+0121
    { 0x0122, 29 }, // U+0122
    { 0x0123, 47 }, // U+0123
    { 0x0124, 12 }, // U+0124
    { 0x0125, 44 }, // U+0125
    { 0x0126, 12 }, // U+0126
    { 0x0127, 44 }, // U+0127
    { 0x0128, 72 }, // U+0128
    { 0x0129, 84 }, // U+0129
    { 0x012A, 72 }, // U+012A
    { 0x012B, 85 }, // U+012B
    { 0x012C, 72 }, // U+012C
    { 0x012D, 86 }, // U+012D
    { 0x012E, 12 }, // U+012E
    { 0x012F, 48 }, // U+012F
    { 0x0130, 12 }, // U+0130
    { 0x0131, 48 }, // U+0131
    { 0x0133, 48 }, // U+0133
    { 0x0134, 30 }, // U+0134
    { 0x0135, 87 }, // U+0135
    { 0x0136, 31 }, // U+0136
    { 0x0137, 49 }, // U+0137
    { 0x0138, 49 }, // U+0138
    { 0x0139, 88 }, // U+0139
    { 0x013A, 89 }, // U+013A
    { 0x013B, 32 }, // U+013B
    { 0x013C, 12 }, // U+013C
    { 0x013D, 90 }, // U+013D
    { 0x013E, 12 }, // U+013E
    { 0x013F, 91 }, // U+013F
    { 0x0140, 92 }, // U+0140
    { 0x0141, 93 }, // U+0141
    { 0x0142, 94 }, // U+0142
    { 0x0143, 12 }, // U+0143
    { 0x0144, 44 }, // U+0144
    { 0x0145, 12 }, // U+0145
    { 0x0146, 44 }, // U+0146
    { 0x0147, 12 }, // U+0147
    { 0x0148, 44 }, // U+0148
    { 0x014A, 12 }, // U+014A
    { 0x014C, 23 }, // U+014C
    { 0x014D, 45 }, // U+014D
    { 0x014E, 23 }, // U+014E
    { 0x014F, 45 }, // U+014F
    { 0x0150, 23 }, // U+0150
    { 0x0151, 45 }, // U+0151
    { 0x0152, 27 }, // U+0152
    { 0x0153, 45 }, // U+0153
    { 0x0154, 34 }, // U+0154
    { 0x0155, 50 }, // U+0155
    { 0x0156, 34 }, // U+0156
    { 0x0157, 50 }, // U+0157
    { 0x0158, 34 }, // U+0158
    { 0x0159, 50 }, // U+0159
    { 0x015A, 2 }, // U+015A
    { 0x015B, 51 }, // U+015B
    { 0x015C, 2 }, // U+015C
    { 0x015D, 51 }, // U+015D
    { 0x015E, 2 }, // U+015E
    { 0x015F, 51 }, // U+015F
    { 0x0160, 2 }, // U+0160
    { 0x0161, 51 }, // U+0161
    { 0x0162, 95 }, // U+0162
    { 0x0163, 52 }, // U+0163
    { 0x0164, 96 }, // U+0164
    { 0x0165, 52 }, // U+0165
    { 0x0166, 97 }, // U+0166
    { 0x0167, 52 }, // U+0167
    { 0x0168, 30 }, // U+0168
    { 0x0169, 53 }, // U+0169
    { 0x016A, 30 }, // U+016A
    { 0x016B, 53 }, // U+016B
    { 0x016C, 30 }, // U+016C
    { 0x016D, 53 }, // U+016D
    { 0x016E, 30 }, // U+016E
    { 0x016F, 53 }, // U+016F
    { 0x0170, 30 }, // U+0170
    { 0x0171, 53 }, // U+0171
    { 0x0172, 30 }, // U+0172
    { 0x0173, 53 }, // U+0173
    { 0x0174, 37 }, // U+0174
    { 0x0175, 55 }, // U+0175
    { 0x0176, 39 }, // U+0176
    { 0x0177, 54 }, // U+0177
    { 0x0178, 39 }, // U+0178
    { 0x0179, 40 }, // U+0179
    { 0x017A, 57 }, // U+017A
    { 0x017B, 40 }, // U+017B
    { 0x017C, 57 }, // U+017C
    { 0x017D, 40 }, // U+017D
    { 0x017E, 57 }, // U+017E
    { 0x017F, 98 }, // U+017F
    { 0x01C5, 99 }, // U+01C5
    { 0x01C6, 57 }, // U+01C6
    { 0x01C8, 48 }, // U+01C8
    { 0x01C9, 48 }, // U+01C9
    { 0x01CB, 48 }, // U+01CB
    { 0x01CC, 48 }, // U+01CC
    { 0x01CD, 24 }, // U+01CD
    { 0x01CE, 44 }, // U+01CE
    { 0x01CF, 89 }, // U+01CF
    { 0x01D0, 100 }, // U+01D0
    { 0x01D1, 23 }, // U+01D1
    { 0x01D2, 45 }, // U+01D2
    { 0x01D3, 30 }, // U+01D3
    { 0x01D4, 53 }, // U+01D4
    { 0x01D5, 30 }, // U+01D5
    { 0x01D6, 53 }, // U+01D6
    { 0x01D7, 30 }, // U+01D7
    { 0x01D8, 53 }, // U+01D8
    { 0x01D9, 30 }, // U+01D9
    { 0x01DA, 53 }, // U+01DA
    { 0x01DB, 30 }, // U+01DB
    { 0x01DC, 53 }, // U+01DC
    { 0x01DD, 101 }, // U+01DD
    { 0x01DE, 24 }, // U+01DE
    { 0x01DF, 44 }, // U+01DF
    { 0x01E0, 24 }, // U+01E0
    { 0x01E1, 44 }, // U+01E1
    { 0x01E2, 27 }, // U+01E2
    { 0x01E3, 76 }, // U+01E3
    { 0x01E4, 29 }, // U+01E4
    { 0x01E5, 47 }, // U+01E5
    { 0x01E6, 29 }, // U+01E6
    { 0x01E7, 47 }, // U+01E7
    { 0x01E8, 31 }, // U+01E8
    { 0x01E9, 49 }, // U+01E9
    { 0x01EA, 23 }, // U+01EA
    { 0x01EB, 45 }, // U+01EB
    { 0x01EC, 23 }, // U+01EC
    { 0x01ED, 45 }, // U+01ED
    { 0x01F0, 48 }, // U+01F0
    { 0x01F1, 102 }, // U+01F1
    { 0x01F2, 57 }, // U+01F2
    { 0x01F3, 57 }, // U+01F3
    { 0x01F4, 29 }, // U+01F4
    { 0x01F5, 47 }, // U+01F5
    { 0x01F6, 103 }, // U+01F6
    { 0x01F8, 12 }, // U+01F8
    { 0x01F9, 44 }, // U+01F9
    { 0x01FA, 24 }, // U+01FA
    { 0x01FB, 44 }, // U+01FB
    { 0x01FC, 27 }, // U+01FC
    { 0x01FD, 76 }, // U+01FD
    { 0x01FE, 23 }, // U+01FE
    { 0x01FF, 45 }, // U+01FF
    { 0x0200, 24 }, // U+0200
    { 0x0201, 44 }, // U+0201
    { 0x0202, 24 }, // U+0202
    { 0x0203, 44 }, // U+0203
    { 0x0204, 27 }, // U+0204
    { 0x0205, 45 }, // U+0205
    { 0x0206, 27 }, // U+0206
    { 0x0207, 45 }, // U+0207
    { 0x0208, 104 }, // U+0208
    { 0x0209, 105 }, // U+0209
    { 0x020A, 72 }, // U+020A
    { 0x020B, 106 }, // U+020B
    { 0x020C, 23 }, // U+020C
    { 0x020D, 45 }, // U+020D
    { 0x020E, 23 }, // U+020E
    { 0x020F, 45 }, // U+020F
    { 0x0210, 34 }, // U+0210
    { 0x0211, 50 }, // U+0211
    { 0x0212, 34 }, // U+0212
    { 0x0213, 50 }, // U+0213
    { 0x0214, 30 }, // U+0214
    { 0x0215, 53 }, // U+0215
    { 0x0216, 30 }, // U+0216
    { 0x0217, 53 }, // U+0217
    { 0x0218, 2 }, // U+0218
    { 0x0219, 51 }, // U+0219
    { 0x021A, 35 }, // U+021A
    { 0x021B, 52 }, // U+021B
    { 0x021E, 12 }, // U+021E
    { 0x021F, 44 }, // U+021F
    { 0x2018, 107 }, // U+2018
    { 0x2019, 108 }, // U+2019
    { 0x201A, 109 }, // U+201A
    { 0x201C, 107 }, // U+201C
    { 0x201D, 108 }, // U+201D
    { 0x201E, 109 }, // U+201E
    { 0x2020, 61 }, // U+2020
    { 0x2021, 61 }, // U+2021
    { 0x2022, 110 }, // U+2022
    { 0x2023, 110 }, // U+2023
    { 0x2026, 111 }, // U+2026
    { 0x2034, 108 }, // U+2034
    { 0x2039, 62 }, // U+2039
    { 0x203A, 70 }, // U+203A
    { 0x203D, 22 }, // U+203D
    { 0x2043, 110 }, // U+2043
    { 0x204B, 33 }, // U+204B
    { 0x204C, 44 }, // U+204C
    { 0x204D, 110 }, // U+204D
    { 0x204F, 19 }, // U+204F
    { 0x2070, 66 }, // U+2070
    { 0x2071, 112 }, // U+2071
    { 0x2074, 113 }, // U+2074
    { 0x2075, 66 }, // U+2075
    { 0x2076, 66 }, // U+2076
    { 0x2077, 114 }, // U+2077
    { 0x2078, 66 }, // U+2078
    { 0x2079, 66 }, // U+2079
    { 0x207A, 115 }, // U+207A
    { 0x207B, 115 }, // U+207B
    { 0x207D, 116 }, // U+207D
    { 0x2080, 117 }, // U+2080
    { 0x2081, 117 }, // U+2081
    { 0x2082, 117 }, // U+2082
    { 0x2083, 117 }, // U+2083
    { 0x2084, 117 }, // U+2084
    { 0x2085, 118 }, // U+2085
    { 0x2086, 117 }, // U+2086
    { 0x2087, 119 }, // U+2087
    { 0x2088, 117 }, // U+2088
    { 0x2089, 117 }, // U+2089
    { 0x208A, 117 }, // U+208A
    { 0x208B, 117 }, // U+208B
    { 0x208C, 117 }, // U+208C
    { 0x208D, 117 }, // U+208D
    { 0x208E, 117 }, // U+208E
    { 0x2090, 117 }, // U+2090
    { 0x2091, 117 }, // U+2091
    { 0x2092, 117 }, // U+2092
    { 0x2093, 117 }, // U+2093
    { 0x2095, 117 }, // U+2095
    { 0x2096, 117 }, // U+2096
    { 0x2097, 117 }, // U+2097
    { 0x2098, 117 }, // U+2098
    { 0x2099, 117 }, // U+2099
    { 0x209A, 117 }, // U+209A
    { 0x209B, 117 }, // U+209B
    { 0x209C, 117 }, // U+209C
    { 0x20A1, 26 }, // U+20A1
    { 0x20A7, 52 }, // U+20A7
    { 0x20A8, 51 }, // U+20A8
    { 0x20A9, 120 }, // U+20A9
    { 0x20AC, 121 }, // U+20AC
    { 0x20AF, 45 }, // U+20AF
    { 0x20B2, 29 }, // U+20B2
    { 0x20B5, 26 }, // U+20B5
    { 0x20BD, 122 }, // U+20BD
    { 0x20BF, 25 }, // U+20BF
    { 0x2190, 8 }, // U+2190
    { 0x21D0, 20 }, // U+21D0
    { 0x2206, 24 }, // U+2206
    { 0x2212, 8 }, // U+2212
    { 0x221E, 91 }, // U+221E
    { 0x2248, 20 }, // U+2248
    { 0x2260, 20 }, // U+2260
    { 0x2264, 20 }, // U+2264
    { 0x2265, 20 }, // U+2265
};

static const EpdKernClassEntry inter_8_boldKernRightClasses[] = {
    { 0x0020, 1 }, // U+0020
    { 0x0021, 2 }, // !
    { 0x0022, 3 }, // "
    { 0x0023, 4 }, // #
    { 0x0024, 5 }, // $
    { 0x0025, 6 }, // %
    { 0x0026, 7 }, // &
    { 0x0027, 3 }, // '
    { 0x0028, 8 }, // (
    { 0x0029, 9 }, // )
    { 0x002A, 10 }, // *
    { 0x002B, 11 }, // +
    { 0x002C, 12 }, // ,
    { 0x002D, 13 }, // -
    { 0x002E, 14 }, // .
    { 0x002F, 15 }, // /
    { 0x0030, 16 }, // 0
    { 0x0031, 17 }, // 1
    { 0x0032, 18 }, // 2
    { 0x0033, 19 }, // 3
    { 0x0034, 20 }, // 4
    { 0x0035, 21 }, // 5
    { 0x0036, 16 }, // 6
    { 0x0037, 22 }, // 7
    { 0x0038, 23 }, // 8
    { 0x0039, 24 }, // 9
    { 0x003A, 25 }, // :
    { 0x003B, 25 }, // ;
    { 0x003C, 26 }, // <
    { 0x003D, 27 }, // =
    { 0x003F, 28 }, // ?
    { 0x0040, 29 }, // @
    { 0x0041, 30 }, // A
    { 0x0042, 31 }, // B
    { 0x0043, 32 }, // C
    { 0x0044, 31 }, // D
    { 0x0045, 31 }, // E
    { 0x0046, 31 }, // F
    { 0x0047, 32 }, // G
    { 0x0048, 31 }, // H
    { 0x0049, 31 }, // I
    { 0x004A, 33 }, // J
    { 0x004B, 31 }, // K
    { 0x004C, 31 }, // L
    { 0x004D, 31 }, // M
    { 0x004E, 31 }, // N
    { 0x004F, 32 }, // O
    { 0x0050, 31 }, // P
    { 0x0051, 32 }, // Q
    { 0x0052, 31 }, // R
    { 0x0053, 5 }, // S
    { 0x0054, 34 }, // T
    { 0x0055, 35 }, // U
    { 0x0056, 36 }, // V
    { 0x0057, 37 }, // W
    { 0x0058, 38 }, // X
    { 0x0059, 39 }, // Y
    { 0x005A, 40 }, // Z
    { 0x005B, 8 }, // [
    { 0x005C, 36 }, // <backslash>
    { 0x005D, 9 }, // ]
    { 0x005E, 41 }, // ^
    { 0x005F, 42 }, // _
    { 0x0061, 43 }, // a
    { 0x0062, 31 }, // b
    { 0x0063, 44 }, // c
    { 0x0064, 44 }, // d
    { 0x0065, 44 }, // e
    { 0x0066, 45 }, // f
    { 0x0067, 44 }, // g
    { 0x0068, 31 }, // h
    { 0x0069, 46 }, // i
    { 0x006A, 47 }, // j
    { 0x006B, 31 }, // k
    { 0x006C, 31 }, // l
    { 0x006D, 48 }, // m
    { 0x006E, 48 }, // n
    { 0x006F, 44 }, // o
    { 0x0070, 48 }, // p
    { 0x0071, 44 }, // q
    { 0x0072, 48 }, // r
    { 0x0073, 49 }, // s
    { 0x0074, 50 }, // t
    { 0x0075, 51 }, // u
    { 0x0076, 52 }, // v
    { 0x0077, 53 }, // w
    { 0x0078, 54 }, // x
    { 0x0079, 52 }, // y
    { 0x007A, 55 }, // z
    { 0x007B, 8 }, // {
    { 0x007C, 31 }, // |
    { 0x007D, 9 }, // }
    { 0x007E, 56 }, // ~
    { 0x00A2, 44 }, // U+00A2
    { 0x00A5, 57 }, // U+00A5
    { 0x00A9, 32 }, // U+00A9
    { 0x00AA, 58 }, // U+00AA
    { 0x00AB, 59 }, // U+00AB
    { 0x00AC, 60 }, // U+00AC
    { 0x00AE, 61 }, // U+00AE
    { 0x00B0, 62 }, // U+00B0
    { 0x00B1, 27 }, // U+00B1
    { 0x00B2, 63 }, // U+00B2
    { 0x00B5, 64 }, // U+00B5
    { 0x00B6, 65 }, // U+00B6
    { 0x00B7, 66 }, // U+00B7
    { 0x00B9, 67 }, // U+00B9
    { 0x00BA, 58 }, // U+00BA
    { 0x00BB, 68 }, // U+00BB
    { 0x00BF, 69 }, // U+00BF
    { 0x00C0, 30 }, // U+00C0
    { 0x00C1, 30 }, // U+00C1
    { 0x00C2, 30 }, // U+00C2
    { 0x00C3, 30 }, // U+00C3
    { 0x00C4, 30 }, // U+00C4
    { 0x00C5, 30 }, // U+00C5
    { 0x00C6, 30 }, // U+00C6
    { 0x00C7, 32 }, // U+00C7
    { 0x00C8, 31 }, // U+00C8
    { 0x00C9, 31 }, // U+00C9
    { 0x00CA, 31 }, // U+00CA
    { 0x00CB, 31 }, // U+00CB
    { 0x00CC, 31 }, // U+00CC
    { 0x00CD, 31 }, // U+00CD
    { 0x00CE, 70 }, // U+00CE
    { 0x00CF, 70 }, // U+00CF
    { 0x00D0, 71 }, // U+00D0
    { 0x00D1, 31 }, // U+00D1
    { 0x00D2, 32 }, // U+00D2
    { 0x00D3, 32 }, // U+00D3
    { 0x00D4, 32 }, // U+00D4
    { 0x00D5, 32 }, // U+00D5
    { 0x00D6, 32 }, // U+00D6
    { 0x00D7, 72 }, // U+00D7
    { 0x00D8, 32 }, // U+00D8
    { 0x00D9, 35 }, // U+00D9
    { 0x00DA, 35 }, // U+00DA
    { 0x00DB, 35 }, // U+00DB
    { 0x00DC, 35 }, // U+00DC
    { 0x00DD, 39 }, // U+00DD
    { 0x00DE, 31 }, // U+00DE
    { 0x00DF, 31 }, // U+00DF
    { 0x00E0, 43 }, // U+00E0
    { 0x00E1, 43 }, // U+00E1
    { 0x00E2, 43 }, // U+00E2
    { 0x00E3, 73 }, // U+00E3
    { 0x00E4, 74 }, // U+00E4
    { 0x00E5, 43 }, // U+00E5
    { 0x00E6, 43 }, // U+00E6
    { 0x00E7, 44 }, // U+00E7
    { 0x00E8, 44 }, // U+00E8
    { 0x00E9, 44 }, // U+00E9
    { 0x00EA, 44 }, // U+00EA
    { 0x00EB, 75 }, // U+00EB
    { 0x00EC, 76 }, // U+00EC
    { 0x00ED, 77 }, // U+00ED
    { 0x00EE, 78 }, // U+00EE
    { 0x00EF, 79 }, // U+00EF
    { 0x00F0, 44 }, // U+00F0
    { 0x00F1, 48 }, // U+00F1
    { 0x00F2, 44 }, // U+00F2
    { 0x00F3, 44 }, // U+00F3
    { 0x00F4, 44 }, // U+00F4
    { 0x00F5, 80 }, // U+00F5
    { 0x00F6, 75 }, // U+00F6
    { 0x00F7, 11 }, // U+00F7
    { 0x00F8, 44 }, // U+00F8
    { 0x00F9, 51 }, // U+00F9
    { 0x00FA, 51 }, // U+00FA
    { 0x00FB, 51 }, // U+00FB
    { 0x00FC, 81 }, // U+00FC
    { 0x00FD, 52 }, // U+00FD
    { 0x00FE, 31 }, // U+00FE
    { 0x00FF, 82 }, // U+00FF
    { 0x0100, 30 }, // U+0100
    { 0x0101, 83 }, // U+0101
    { 0x0102, 30 }, // U+0102
    { 0x0103, 43 }, // U+0103
    { 0x0104, 30 }, // U+0104
    { 0x0105, 43 }, // U+0105
    { 0x0106, 32 }, // U+0106
    { 0x0107, 44 }, // U+0107
    { 0x0108, 32 }, // U+0108
    { 0x0109, 44 }, // U+0109
    { 0x010A, 32 }, // U+010A
    { 0x010B, 44 }, // U+010B
    { 0x010C, 32 }, // U+010C
    { 0x010D, 44 }, // U+010D
    { 0x010E, 31 }, // U+010E
    { 0x010F, 44 }, // U+010F
    { 0x0110, 84 }, // U+0110
    { 0x0111, 44 }, // U+0111
    { 0x0112, 31 }, // U+0112
    { 0x0113, 44 }, // U+0113
    { 0x0114, 31 }, // U+0114
    { 0x0115, 44 }, // U+0115
    { 0x0116, 31 }, // U+0116
    { 0x0117, 44 }, // U+0117
    { 0x0118, 31 }, // U+0118
    { 0x0119, 44 }, // U+0119
    { 0x011A, 31 }, // U+011A
    { 0x011B, 44 }, // U+011B
    { 0x011C, 32 }, // U+011C
    { 0x011D, 44 }, // U+011D
    { 0x011E, 32 }, // U+011E
    { 0x011F, 44 }, // U+011F
    { 0x0120, 32 }, // U+0120
    { 0x0121, 44 }, // U+0121
    { 0x0122, 32 }, // U+0122
    { 0x0123, 44 }, // U+0123
    { 0x0124, 31 }, // U+0124
    { 0x0125, 31 }, // U+0125
    { 0x0126, 31 }, // U+0126
    { 0x0127, 85 }, // U+0127
    { 0x0128, 70 }, // U+0128
    { 0x0129, 86 }, // U+0129
    { 0x012A, 70 }, // U+012A
    { 0x012B, 87 }, // U+012B
    { 0x012C, 70 }, // U+012C
    { 0x012D, 79 }, // U+012D
    { 0x012E, 31 }, // U+012E
    { 0x012F, 46 }, // U+012F
    { 0x0130, 31 }, // U+0130
    { 0x0131, 46 }, // U+0131
    { 0x0133, 46 }, // U+0133
    { 0x0134, 33 }, // U+0134
    { 0x0135, 88 }, // U+0135
    { 0x0136, 31 }, // U+0136
    { 0x0137, 31 }, // U+0137
    { 0x0138, 48 }, // U+0138
    { 0x0139, 31 }, // U+0139
    { 0x013A, 31 }, // U+013A
    { 0x013B, 31 }, // U+013B
    { 0x013C, 31 }, // U+013C
    { 0x013D, 31 }, // U+013D
    { 0x013E, 31 }, // U+013E
    { 0x0140, 31 }, // U+0140
    { 0x0141, 31 }, // U+0141
    { 0x0142, 31 }, // U+0142
    { 0x0143, 31 }, // U+0143
    { 0x0144, 48 }, // U+0144
    { 0x0145, 31 }, // U+0145
    { 0x0146, 48 }, // U+0146
    { 0x0147, 31 }, // U+0147
    { 0x0148, 48 }, // U+0148
    { 0x014A, 31 }, // U+014A
    { 0x014B, 48 }, // U+014B
    { 0x014C, 32 }, // U+014C
    { 0x014D, 89 }, // U+014D
    { 0x014E, 32 }, // U+014E
    { 0x014F, 44 }, // U+014F
    { 0x0150, 32 }, // U+0150
    { 0x0151, 44 }, // U+0151
    { 0x0152, 32 }, // U+0152
    { 0x0153, 44 }, // U+0153
    { 0x0154, 31 }, // U+0154
    { 0x0155, 48 }, // U+0155
    { 0x0156, 31 }, // U+0156
    { 0x0157, 48 }, // U+0157
    { 0x0158, 31 }, // U+0158
    { 0x0159, 48 }, // U+0159
    { 0x015A, 5 }, // U+015A
    { 0x015B, 49 }, // U+015B
    { 0x015C, 5 }, // U+015C
    { 0x015D, 49 }, // U+015D
    { 0x015E, 5 }, // U+015E
    { 0x015F, 49 }, // U+015F
    { 0x0160, 5 }, // U+0160
    { 0x0161, 49 }, // U+0161
    { 0x0162, 90 }, // U+0162
    { 0x0163, 50 }, // U+0163
    { 0x0164, 91 }, // U+0164
    { 0x0165, 50 }, // U+0165
    { 0x0166, 92 }, // U+0166
    { 0x0167, 50 }, // U+0167
    { 0x0168, 35 }, // U+0168
    { 0x0169, 93 }, // U+0169
    { 0x016A, 35 }, // U+016A
    { 0x016B, 51 }, // U+016B
    { 0x016C, 35 }, // U+016C
    { 0x016D, 51 }, // U+016D
    { 0x016E, 35 }, // U+016E
    { 0x016F, 51 }, // U+016F
    { 0x0170, 35 }, // U+0170
    { 0x0171, 51 }, // U+0171
    { 0x0172, 35 }, // U+0172
    { 0x0173, 51 }, // U+0173
    { 0x0174, 37 }, // U+0174
    { 0x0175, 53 }, // U+0175
    { 0x0176, 39 }, // U+0176
    { 0x0177, 52 }, // U+0177
    { 0x0178, 39 }, // U+0178
    { 0x0179, 40 }, // U+0179
    { 0x017A, 55 }, // U+017A
    { 0x017B, 40 }, // U+017B
    { 0x017C, 55 }, // U+017C
    { 0x017D, 40 }, // U+017D
    { 0x017E, 55 }, // U+017E
    { 0x017F, 31 }, // U+017F
    { 0x01C5, 94 }, // U+01C5
    { 0x01C6, 44 }, // U+01C6
    { 0x01C8, 31 }, // U+01C8
    { 0x01C9, 31 }, // U+01C9
    { 0x01CB, 31 }, // U+01CB
    { 0x01CC, 48 }, // U+01CC
    { 0x01CD, 30 }, // U+01CD
    { 0x01CE, 43 }, // U+01CE
    { 0x01CF, 31 }, // U+01CF
    { 0x01D0, 95 }, // U+01D0
    { 0x01D1, 32 }, // U+01D1
    { 0x01D2, 44 }, // U+01D2
    { 0x01D3, 35 }, // U+01D3
    { 0x01D4, 51 }, // U+01D4
    { 0x01D5, 35 }, // U+01D5
    { 0x01D6, 51 }, // U+01D6
    { 0x01D7, 35 }, // U+01D7
    { 0x01D8, 51 }, // U+01D8
    { 0x01D9, 35 }, // U+01D9
    { 0x01DA, 51 }, // U+01DA
    { 0x01DB, 35 }, // U+01DB
    { 0x01DC, 51 }, // U+01DC
    { 0x01DD, 89 }, // U+01DD
    { 0x01DE, 30 }, // U+01DE
    { 0x01DF, 43 }, // U+01DF
    { 0x01E0, 30 }, // U+01E0
    { 0x01E1, 43 }, // U+01E1
    { 0x01E2, 30 }, // U+01E2
    { 0x01E3, 43 }, // U+01E3
    { 0x01E4, 32 }, // U+01E4
    { 0x01E5, 44 }, // U+01E5
    { 0x01E6, 32 }, // U+01E6
    { 0x01E7, 44 }, // U+01E7
    { 0x01E8, 31 }, // U+01E8
    { 0x01E9, 31 }, // U+01E9
    { 0x01EA, 32 }, // U+01EA
    { 0x01EB, 44 }, // U+01EB
    { 0x01EC, 32 }, // U+01EC
    { 0x01ED, 44 }, // U+01ED
    { 0x01EF, 50 }, // U+01EF
    { 0x01F0, 47 }, // U+01F0
    { 0x01F2, 31 }, // U+01F2
    { 0x01F3, 89 }, // U+01F3
    { 0x01F4, 32 }, // U+01F4
    { 0x01F5, 44 }, // U+01F5
    { 0x01F6, 94 }, // U+01F6
    { 0x01F8, 31 }, // U+01F8
    { 0x01F9, 48 }, // U+01F9
    { 0x01FA, 30 }, // U+01FA
    { 0x01FB, 43 }, // U+01FB
    { 0x01FC, 30 }, // U+01FC
    { 0x01FD, 43 }, // U+01FD
    { 0x01FE, 32 }, // U+01FE
    { 0x01FF, 44 }, // U+01FF
    { 0x0200, 30 }, // U+0200
    { 0x0201, 43 }, // U+0201
    { 0x0202, 30 }, // U+0202
    { 0x0203, 43 }, // U+0203
    { 0x0204, 31 }, // U+0204
    { 0x0205, 44 }, // U+0205
    { 0x0206, 31 }, // U+0206
    { 0x0207, 44 }, // U+0207
    { 0x0208, 70 }, // U+0208
    { 0x0209, 96 }, // U+0209
    { 0x020A, 70 }, // U+020A
    { 0x020B, 97 }, // U+020B
    { 0x020C, 32 }, // U+020C
    { 0x020D, 44 }, // U+020D
    { 0x020E, 32 }, // U+020E
    { 0x020F, 44 }, // U+020F
    { 0x0210, 31 }, // U+0210
    { 0x0211, 48 }, // U+0211
    { 0x0212, 31 }, // U+0212
    { 0x0213, 48 }, // U+0213
    { 0x0214, 35 }, // U+0214
    { 0x0215, 51 }, // U+0215
    { 0x0216, 35 }, // U+0216
    { 0x0217, 51 }, // U+0217
    { 0x0218, 5 }, // U+0218
    { 0x0219, 49 }, // U+0219
    { 0x021A, 34 }, // U+021A
    { 0x021B, 50 }, // U+021B
    { 0x021E, 31 }, // U+021E
    { 0x021F, 31 }, // U+021F
    { 0x2018, 98 }, // U+2018
    { 0x2019, 99 }, // U+2019
    { 0x201A, 100 }, // U+201A
    { 0x201B, 101 }, // U+201B
    { 0x201C, 98 }, // U+201C
    { 0x201D, 99 }, // U+201D
    { 0x201E, 100 }, // U+201E
    { 0x201F, 102 }, // U+201F
    { 0x2020, 58 }, // U+2020
    { 0x2021, 58 }, // U+2021
    { 0x2022, 103 }, // U+2022
    { 0x2023, 103 }, // U+2023
    { 0x2026, 104 }, // U+2026
    { 0x2034, 105 }, // U+2034
    { 0x2039, 59 }, // U+2039
    { 0x203A, 68 }, // U+203A
    { 0x203D, 28 }, // U+203D
    { 0x2043, 103 }, // U+2043
    { 0x2044, 106 }, // U+2044
    { 0x204A, 50 }, // U+204A
    { 0x204B, 31 }, // U+204B
    { 0x204C, 103 }, // U+204C
    { 0x204D, 48 }, // U+204D
    { 0x204F, 25 }, // U+204F
    { 0x2074, 107 }, // U+2074
    { 0x2077, 108 }, // U+2077
    { 0x2079, 109 }, // U+2079
    { 0x207E, 110 }, // U+207E
    { 0x207F, 111 }, // U+207F
    { 0x2080, 112 }, // U+2080
    { 0x2081, 112 }, // U+2081
    { 0x2082, 112 }, // U+2082
    { 0x2083, 112 }, // U+2083
    { 0x2084, 113 }, // U+2084
    { 0x2086, 112 }, // U+2086
    { 0x2087, 114 }, // U+2087
    { 0x2088, 112 }, // U+2088
    { 0x2089, 112 }, // U+2089
    { 0x208A, 112 }, // U+208A
    { 0x208B, 112 }, // U+208B
    { 0x208C, 112 }, // U+208C
    { 0x208D, 112 }, // U+208D
    { 0x208E, 112 }, // U+208E
    { 0x2091, 112 }, // U+2091
    { 0x2092, 112 }, // U+2092
    { 0x2093, 112 }, // U+2093
    { 0x2095, 112 }, // U+2095
    { 0x2096, 112 }, // U+2096
    { 0x2097, 112 }, // U+2097
    { 0x2098, 112 }, // U+2098
    { 0x2099, 112 }, // U+2099
    { 0x209A, 112 }, // U+209A
    { 0x209B, 112 }, // U+209B
    { 0x209C, 112 }, // U+209C
    { 0x20A1, 32 }, // U+20A1
    { 0x20A7, 31 }, // U+20A7
    { 0x20A8, 31 }, // U+20A8
    { 0x20A9, 57 }, // U+20A9
    { 0x20AB, 44 }, // U+20AB
    { 0x20B2, 32 }, // U+20B2
    { 0x20B4, 115 }, // U+20B4
    { 0x20B5, 32 }, // U+20B5
    { 0x20B8, 116 }, // U+20B8
    { 0x20BF, 31 }, // U+20BF
    { 0x2192, 11 }, // U+2192
    { 0x21D2, 27 }, // U+21D2
    { 0x2206, 30 }, // U+2206
    { 0x2212, 11 }, // U+2212
    { 0x221E, 117 }, // U+221E
    { 0x222B, 47 }, // U+222B
    { 0x2236, 25 }, // U+2236
    { 0x2248, 27 }, // U+2248
    { 0x2260, 27 }, // U+2260
    { 0x2264, 27 }, // U+2264
    { 0x2265, 27 }, // U+2265
};

static const int8_t inter_8_boldKernMatrix[] = {
       0,    0,    0,    0,    0,    0,   -9,    0,    0,    0,    0,  -24,    0,  -24,    0,    0,    0,    0,    0,  -17,    0,    0,    0,    0,    0,    0,    0,    0,    0,  -21,    0,    0,  -44,    0,    0,    0,    0,    0,    0,    0,    0,    0,    0,   -6,    0,    0,    0,    0,   -3,    0,    0,    0,    0,    0,    0,    0,    0,    0,    0,    0,    0,    0,    0,    0,    0,    0,    0,    0,    0,    0,    0,    0,    0,    0,   -6,    0,    0,    0,    0,   -6,    0,    0,    0,    0,    0,    0,    0,    0,   -6,    0,    0,    0,    0,    0,    0,    0,    0,    0,    0,    0,    0,    0,    0,  -24,    0,    0,    0,    0,    0,    0,    0,    0,    0,    0,    0,    0,    0,
       0,    0,    0,    0,    0,    0,    0,    0,    0,    0,    0,    0,    0,    0,    0,    0,    0,    0,    0,    0,    0,   -1,    0,    0,    0,    0,    0,    0,    0,   -4,    0,    0,    0,   -3,    0,    0,    0,   -4,    0,    0,    0,    0,    0,    0,    0,    0,    0,    0,    0,    0,    0,    0,    0,    0,    0,    0,    0,    0,    0,    0,    0,    0,    0,    0,    0,    0,    0,    0,    0,    0,    0,    0,    0,    0,    0,    0,    0,    0,   12,    0,    0,    0,    0,    0,    0,   12,   12,    0,    0,   -3,   -3,   -3,    0,    0,    0,    0,   12,    0,    0,    0,    0,    0,    0,    0,    0,    0,    0,    0,    0,    0,    0,    0,  -16,    0,    0,    0,    0,
       0,    0,    0,    0,    0,    0,    0,    0,    0,    0,    0,    0,    0,    0,    0,    0,    0,    0,    0,    0,    0,    0,    0,    0,    0,    0,    0,    0,    0,    0,    0,    0,    0,    0,    0,    0,    0,    0,    0,    0,    0,    0,    0,    0,    0,    0,    0,    0,    0,    0,    0,    0,    0,    0,    0,    0,    0,    0,    0,    0,    0,    0,    0,    0,    0,    0,    0,    0,    0,    0,    0,    0,    0,    0,    0,    0,    0,    0,    0,    0,    0,    0,    0,    0,    0,    0,    0,    0,    0,    0,    0,    0,    0,    0,    0,    0,    0,  -17,  -18,    0,    0,    0,    0,    0,  -18,    0,    0,    0,    0,    0,    0,    0,    0,    0,    0,    0,    0,
       0,    0,   -9,    0,    0,    0,    0,    0,    0,    0,    0,    0,    0,    0,    0,    0,    0,    0,    0,    0,    0,    0,    0,    0,    0,    0,    0,    0,    0,    0,    0,    0,    0,  -15,    0,  -17,  -11,    0,  -20,    0,    0,    0,    0,    0,    0,    0,    0,    0,    0,    0,    0,   -9,   -9,    0,    0,    0,    0,  -11,    0,    0,   -6,    0,    0,    0,    0,    0,    0,    0,    0,    0,    0,    0,    0,    0,    0,    0,    0,    0,    0,    0,    0,   -9,    0,    0,    0,    0,    0,    0,    0,  -15,  -15,  -15,    0,    0,    0,    0,    0,  -24,    0,    0,    0,    0,    0,    0,    0,    0,    0,    0,    0,    0,    0,    0,    0,    0,    0,    0,    0,
       0,    0,    0,    0,    0,    0,    0,    0,    0,    0,    0,    0,    0,    0,    0,    0,    0,    0,    0,    0,    0,    0,    0,    0,    0,    0,    0,    0,    0,    0,    4,    0,    0,    0,    0,    0,    0,    0,    0,    0,    0,    0,    0,   -1,    0,    0,    4,    4,    0,    0,    0,    0,    0,    0,    0,    0,    0,    0,    0,    0,    0,    0,    0,    0,    0,    0,    0,    0,    0,    0,    0,    0,    0,    0,   -1,    0,    0,    0,    0,   -1,    0,    0,    0,    0,    4,    0,    0,    4,   -1,    0,    0,    0,    0,    4,    0,   30,    0,    0,    0,    0,    0,    0,    0,    0,    0,    0,    0,    0,    0,    0,    0,    0,    0,    0,    0,    0,    0,
       0,    0,    0,    0,    0,    0,    0,    0,    0,    0,    0,    0,    0,    0,    0,    0,    0,    0,    0,    0,    0,    0,    0,    0,    0,    0,    0,    0,    0,    0,    0,    0,    0,    0,    0,    0,    0,    0,    0,    0,    0,    0,    0,    0,    0,    0,    0,    0,    0,    0,    0,    0,    0,    0,    0,    0,    0,    0,    0,    0,    0,    0,    0,    0,    0,    0,    0,    0,    0,    0,    0,    0,    0,    0,    0,    0,    0,    0,    0,    0,    0,    0,    0,    0,    0,    0,    0,    0,    0,    0,    0,    0,    0,    0,    0,    6,    0,   -9,    0,    0,    0,    0,    0,    0,    0,    0,    0,    0,    0,    0,    0,    0,    0,    0,    0,    0,    0,
       0,    0,    0,    0,    0,    0,   -9,    0,    0,    0,    0,  -36,    0,  -36,    0,    0,    0,    0,    0,  -12,    0,    0,    0,    0,    0,    0,    0,    0,   -4,  -25,    0,   -4,  -26,    0,    0,    0,    0,    0,    0,    0,    0,  -18,    0,    0,    0,    0,    0,    0,    0,    0,    0,    0,    0,    0,    0,    0,    0,    0,    0,    0,    0,    0,    0,    0,    0,    0,    0,    0,    0,    0,    5,    0,    0,    0,    0,    0,    0,    0,    0,    0,    0,    0,    0,    0,    0,    0,    0,    0,    0,    0,    0,    0,    0,    0,    0,    0,    0,    0,    0,    0,    0,    0,    0,  -36,    0,    0,    0,    0,    0,    0,    0,    0,    0,    0,    0,    0,    0,
       0,    0,    0,    0,    0,    0,    0,    0,    0,    0,    0,    0,    0,    0,    0,    0,    0,   -6,   -1,    0,    0,   -8,    0,    0,    0,    0,    0,    0,    0,   -9,    0,    0,  -12,  -20,    0,  -12,   -7,  -11,  -17,    0,    0,    0,    0,    0,    0,    0,    0,    0,    0,    0,    0,   -1,    0,   -6,    0,    0,    0,    0,    0,    0,    0,    0,    0,    0,   -2,    0,    0,    0,    0,    0,    0,    0,    0,    0,    0,    0,    0,    0,    0,    0,    0,   -1,    0,    0,    0,    0,    0,    0,    0,  -36,  -36,  -20,    0,    0,    0,    0,    0,   -8,    0,    0,    0,    0,    0,    0,    0,    0,    0,    0,    0,    0,    0,    0,    0,    0,    0,    0,    0,
      -8,   -3,  -26,    0,    0,    0,    0,    0,    0,    0,    0,    0,    0,    0,    0,   -8,  -25,    0,   -6,    0,   -2,   -7,   -7,   -3,    0,    0,    0,  -27,  -12,    0,    0,  -12,    0,   -9,    0,    0,    0,    0,  -17,    0,    0,    0,    0,    0,    0,    0,    0,    0,    0,    0,    0,    0,    0,    0,    0,    0,    0,    0,    0,    0,    0,    0,    0,    0,  -16,    0,    0,    0,    0,    0,    0,    0,    0,    0,    0,    0,    0,    0,    0,    0,    0,    0,    0,    0,    0,    0,    0,    0,    0,   -9,   -9,   -9,    0,    0,    0,    0,    0,    0,  -25,    0,  -36,  -36,    0,    0,  -25,    0,    0,    0,    0,    0,    0,    0,    0,    0,    0,    0,    0,
       0,    0,    0,    0,    0,    0,    0,    0,    0,    0,    0,  -11,    0,  -11,    0,    0,    0,    0,    0,    0,    0,    0,    0,    0,    0,    0,    0,    0,    0,   -9,    0,    0,  -17,    0,    0,    2,    2,    0,    0,    0,    0,    0,    0,    0,    0,    0,    0,    0,    0,    0,    0,    0,    0,    0,    0,    0,    0,    0,    0,    0,    0,    0,    0,    0,    0,    0,    0,    0,    0,    0,    0,    0,    0,    0,    0,    0,    0,    0,    0,    0,    0,    0,    0,    0,    0,    0,    0,    0,    0,    0,    0,    0,    0,    0,    0,   14,    0,    0,    0,    0,    0,    0,    0,  -11,    0,    0,    0,    0,    0,    0,    0,    0,    0,    0,    0,    0,    0,
       0,    0,    0,    0,    0,    0,    0,    0,    0,    0,    0,   -8,    0,   -8,    0,    0,    0,    0,    0,    0,    0,   -5,    0,    0,    0,    0,    0,    0,    0,   -2,    0,    0,    0,    0,    0,   -8,    0,  -10,   -9,    0,    0,  -12,    0,    0,    0,    0,    0,    0,    0,    5,    0,    0,    0,    0,    0,    0,    0,    0,    0,    0,    0,    0,    0,    0,    0,    0,    0,    0,    0,    0,    0,    0,    0,    0,    0,    0,    0,    0,    0,    0,    0,    0,    0,    0,    0,    0,    0,    0,    0,    0,    0,    0,    0,    0,    0,    0,    0,  -12,    0,  -14,    0,    0,    0,   -8,    0,    0,    0,    0,    0,    0,    0,    0,    0,    0,    0,    0,    0,
       0,    0,    0,    0,    0,    0,    0,    0,    4,    0,    0,    0,    0,    0,    0,    0,    0,    0,    0,    0,    0,    0,    0,    0,    0,    0,    0,    0,    0,    0,    0,    0,    0,    0,    0,    0,    0,    0,    0,    0,    0,    4,    0,    0,    0,    0,    0,    0,    0,    3,    0,    3,    0,    0,    0,    0,    0,    0,    0,    0,    0,    0,    0,    0,    0,    0,    0,    0,    0,    0,    9,    0,    0,    0,    0,    0,    0,    0,   18,    0,    0,    3,    0,   10,    0,   18,   18,    0,    0,    0,    0,    0,    0,    0,    0,   11,   18,    0,    0,    0,    0,    0,    0,    0,    0,    0,    0,    0,    0,    0,    0,    0,    0,    0,    0,    0,    0,
       0,    0,    0,    0,    0,    0,    0,    0,    0,    0,    0,    0,    0,    0,    0,    0,    0,    0,    0,   -4,    0,    0,    0,    0,    0,    0,    0,    0,    0,    0,    0,    0,    0,    0,    0,    0,    0,    0,    0,    0,    0,    0,    0,    0,    0,    0,    0,    0,    0,    0,    0,    0,    0,    0,    0,    0,    0,    0,    0,    0,    0,    0,    0,    0,    0,    0,    0,    0,    0,    0,    0,    0,    0,    0,    0,    0,    0,    0,    0,    0,    0,    0,    0,    0,    0,    0,    0,    0,    0,    0,    0,    0,    0,    0,    0,    0,    0,    0,    0,    0,    0,    0,    0,    0,    0,    0,    0,    0,    0,    0,    0,    0,    0,    0,    0,    0,    0,
       0,    0,    0,    0,    0,    0,    0,    0,    0,   -3,    0,   -5,    0,   -5,    0,    0,    0,    0,    0,    0,    0,    0,    0,    0,    0,    0,    0,    0,    0,    0,    0,    0,    0,    0,    0,    0,    0,   -6,    0,    0,   -3,    0,    0,    0,    0,    0,    0,    0,    0,    0,    0,    0,    0,    0,    0,    0,    0,    0,   -9,    0,    0,   -3,    0,    0,    0,    0,    0,    0,    0,    0,    0,    0,    0,    0,    0,    0,    0,    0,    0,    0,    0,    0,    0,    0,    0,    0,    0,    0,    0,    0,    0,    0,    0,    0,    0,    0,    0,    0,    0,  -14,    0,    0,    0,   -5,    0,    0,    0,    0,    0,    0,    0,    0,    0,    0,    0,    0,    0,
       0,    0,    0,    0,    0,    0,    0,    0,    0,  -11,    0,   -9,    0,   -9,    0,    0,  -11,    0,    0,    0,    0,   -3,    0,    0,    0,    0,    0,    0,    0,    0,    0,    0,    0,    0,    0,    0,    0,    0,    0,    0,  -11,    0,    0,    0,    0,    0,    0,    0,    0,   -2,    0,    0,    0,    0,    0,    0,    0,    0,    0,    0,   -1,  -11,    0,    0,  -12,    0,    0,    0,    0,    0,    0,    0,    0,    0,    0,    0,    0,    0,    0,    0,    0,    0,    0,    0,    0,    0,    0,    0,    0,    0,    0,    0,    0,    0,    0,    0,    0,    0,    0,    0,    0,    0,    0,   -9,    0,    0,    0,    0,    0,    0,    0,    0,    0,    0,    0,    0,    0,
       0,    0,    0,    0,    0,    0,    0,    0,    0,   -2,    0,   -6,    0,   -6,    0,    0,   -1,    0,    0,    0,    0,    0,    0,    0,    0,    0,    0,    0,    0,    0,    0,    0,    0,    0,    0,    0,    0,    0,    0,    0,   -2,    0,    0,    0,    0,    0,    0,    0,    0,   -1,    0,    0,    0,    0,    0,    0,    0,    0,    0,    0,   -1,   -2,    0,    0,    0,    0,    0,    0,    0,    0,    0,    0,    0,    0,    0,    0,    0,    0,    0,    0,    0,    0,    0,    0,    0,    0,    0,    0,    0,    0,    0,    0,    0,    0,    0,    0,    0,    0,    0,    0,    0,    0,    0,   -6,    0,    0,    0,    0,    0,    0,    0,    0,    0,    0,    0,    0,    0,
       0,    0,    0,    0,    0,    0,    0,    0,    0,    0,    0,   -8,    0,   -8,    0,    0,    0,    0,    0,    0,    0,    0,    0,    0,    0,    0,    0,    0,    0,    0,    0,    0,    0,    0,    0,    0,    0,    0,    0,    0,    0,  -12,    0,    0,    0,    0,    0,    0,    0,    0,    0,    0,    0,    0,    0,    0,    0,    0,    0,    0,    0,    0,    0,    0,    0,    0,    0,    0,    0,    0,    0,    0,    0,    0,    0,    0,    0,    0,    0,    0,    0,    0,    0,    0,    0,    0,    0,    0,    0,    0,    0,    0,    0,    0,    0,    0,    0,    0,    0,  -12,    0,    0,    0,   -8,    0,    0,    0,    0,    0,    0,    0,    0,    0,    0,    0,    0,    0,
       0,    0,    0,  -15,    0,    1,  -12,    0,    0,    1,    0,  -33,    0,  -33,    0,   -4,    0,    0,   -4,  -15,   -3,    5,   -4,   -3,   -9,  -24,    0,    0,    0,  -29,    0,    0,  -26,    0,    0,    0,    0,    0,    0,    0,    1,  -42,  -12,  -14,    0,    0,    0,  -14,  -12,    0,    0,    0,    0,    0,    0,    0,    0,    0,  -17,    0,    0,    1,    0,    0,    0,    0,    0,    0,    0,    0,    0,    0,  -12,  -12,  -14,    0,    0,    0,   24,  -14,    0,    0,  -12,    0,    0,   24,   24,    0,  -14,    0,    0,    0,    0,    0,    0,    0,   24,    0,    0,  -38,    0,    0,    0,  -33,    0,    0,    0,    0,    0,    0,    0,    0,  -11,    0,    0,    0,    0,
       0,    0,    0,    0,    0,    0,    0,    0,    0,    0,    0,    0,    0,    0,    0,    0,    0,    0,    0,    0,    0,    0,    0,    0,    0,    0,    0,    0,    0,    0,    0,    0,    0,   -9,    0,  -17,    0,    0,    0,    0,    0,    0,    0,    0,    0,    0,    0,    0,    0,    0,    0,    0,    0,    0,    0,    0,    0,    0,    0,    0,    0,    0,    0,    0,    0,    0,    0,    0,    0,    0,    0,    0,    0,    0,    0,    0,    0,    0,    0,    0,    0,    0,    0,    0,    0,    0,    0,    0,    0,   -9,   -9,   -9,    0,    0,    0,    0,    0,  -12,    0,    0,    0,    0,    0,    0,    0,    0,    0,    0,    0,    0,    0,    0,    0,    0,    0,    0,    0,
       0,    0,    0,    0,    0,    0,    0,    0,    0,    0,    0,    0,    0,    0,    0,    0,    0,    0,    0,    0,    0,    0,    0,    0,    0,    0,    0,    0,    0,  -14,    0,    0,    0,  -12,    0,  -18,  -17,  -14,  -26,    0,    0,    0,    0,    0,    0,    0,    0,    0,    0,    0,    0,  -11,    0,   -9,    0,    0,    0,    0,    0,    0,    0,    0,    0,    0,    0,    0,    0,    0,    0,    0,    0,    0,    0,    0,    0,    0,    0,    0,    0,    0,    0,  -11,    0,    0,    0,    0,    0,    0,    0,  -12,  -12,  -12,    0,    0,    0,    0,    0,  -15,    0,    0,    0,    0,    0,    0,    0,    0,    0,    0,    0,    0,    0,    0,    0,    0,    0,  -11,    0,
       0,    0,    0,    0,    0,    0,    0,    0,    0,    0,    0,    0,    0,    0,    0,    0,    0,    0,    0,    0,    0,  -20,    0,    0,    0,    0,    0,    0,    0,  -10,    0,    0,    0,  -21,    0,  -20,  -20,  -15,  -24,  -17,    0,    0,    0,    0,    0,    0,    0,    0,    0,    0,    0,    0,    0,    0,    0,    0,    0,    0,    0,    0,    0,    0,    0,    0,    0,    0,    0,    0,    0,    0,    0,    0,    0,    0,    0,    0,    0,    0,    0,    0,    0,    0,    0,    0,    0,    0,    0,    0,    0,  -21,  -21,  -21,    0,    0,    0,    0,    0,  -26,    0,    0,    0,    0,    0,    0,    0,    0,    0,    0,    0,    0,    0,    0,    0,    0,    0,  -20,    0,
       0,    0,    0,    0,    0,    0,    0,    0,    0,    0,    0,    0,    0,    0,    0,    0,    0,    0,    0,    0,    0,    0,    0,    0,    0,    0,    0,    0,    0,  -17,    0,    0,    0,    0,    0,    0,    0,    0,    0,    0,    0,    0,    0,    0,    0,    0,    0,    0,    0,    0,    0,    0,    0,    0,    0,    0,    0,    0,    0,    0,    0,    0,    0,    0,    0,    0,    0,    0,    0,    0,    0,    0,    0,    0,    0,    0,    0,    0,    0,    0,    0,    0,    0,    0,    0,    0,    0,    0,    0,    0,    0,    0,    0,    0,    0,    0,    0,    0,    0,    0,    0,    0,    0,    0,    0,    0,    0,    0,    0,    0,    0,    0,    0,    0,    0,    0,    0,
       0,    0,    0,    0,    0,    0,    0,    0,    0,    0,    0,  -12,    0,  -12,  -11,    0,    0,    0,    0,    0,    0,    0,    0,    0,    0,    0,    0,    0,    0,  -11,    0,    0,    0,   -9,    0,  -11,   -7,  -15,  -12,    0,    0,  -11,    0,    0,    0,    0,    0,    0,    0,    0,    0,    0,    0,    0,    0,    0,    0,    0,    0,    0,   -1,    0,    0,    0,    0,    0,    0,    0,    0,    0,    0,    0,    0,    0,    0,    0,    0,    0,    0,    0,    0,    0,    0,    0,    0,    0,    0,    0,    0,   -9,   -9,   -9,    0,    0,    0,    7,    0,   -9,    0,  -11,    0,    0,    0,  -12,    0,    0,    0,    0,    0,    0,    0,  -10,  -27,    0,    0,    0,    0,
       0,    0,  -21,    0,   -4,    0,    0,    0,    0,  -25,   -9,    0,   -9,    0,    3,   -2,  -16,    0,    0,    0,    0,    0,    0,    0,    0,  -10,  -14,  -17,  -11,    4,    0,  -11,    0,  -24,   -7,  -23,  -20,    0,  -23,    0,  -25,    0,    0,   -6,   -3,    1,    0,    0,   -3,   -8,    0,  -18,  -18,    0,    0,   -9,    0,  -20,   -9,   -9,  -19,  -25,    0,    0,  -14,   -9,    0,   -9,    0,    0,    0,   -9,    0,    0,   -6,    1,    1,    1,    0,   -6,    0,  -18,    0,    0,    0,    0,    0,    0,   -6,  -24,  -24,  -39,    0,    0,    1,    0,    0,  -35,  -27,    0,    0,    0,   -9,    0,  -27,   -4,    0,    0,    0,    0,    0,    0,    0,    0,    0,  -14,    0,
       0,    0,    0,    0,    0,    0,    0,    0,    0,    0,    0,    0,    0,    0,    0,    0,    0,    0,    0,    0,    0,    0,    0,    0,    0,    0,    0,    0,    0,    0,    0,    0,    0,  -13,    0,    0,    0,    0,    0,    0,    0,    0,    0,    0,    0,    0,    0,    0,    0,    0,    0,    0,    0,    0,    0,    0,    0,    0,    0,    0,    0,    0,    0,    0,    0,    0,    0,    0,    0,    0,    0,    0,    0,    0,    0,    0,    0,    0,    9,    0,    0,    0,    0,    0,    0,    9,    9,    0,    0,  -13,  -13,  -13,    0,    0,    0,    0,    9,  -15,    0,    0,    0,    0,    0,    0,    0,    0,    0,    0,    0,    0,    0,    0,    0,    0,    0,    0,    0,
       0,    0,    0,    0,    0,    0,    0,    0,    0,    0,    0,    0,    0,    0,    0,    0,    0,    0,    0,    0,    0,    0,    0,    0,    0,    0,    0,    0,    0,   -7,    0,    0,    0,    0,    0,    0,    0,   -4,    0,    0,    0,  -11,    0,    0,    0,    0,    0,    0,    0,    0,    0,    2,    0,    0,    0,    0,    0,    0,    0,    0,    0,    0,    0,    0,    0,    0,    0,    0,    0,    0,    0,    0,    0,    0,    0,    0,    0,    0,    9,    0,    0,    2,    0,    0,    0,    9,    9,    0,    0,    0,    0,    0,    0,    0,    0,    0,    9,    0,    0,    0,    0,    0,    0,    0,    0,    0,    0,    0,    0,    0,    0,    0,    0,    0,    0,    0,    0,
       0,    0,    0,    0,    0,    0,    0,    0,    0,    0,    0,    0,    0,    0,    0,    0,    0,    0,    0,    0,    0,    0,    0,    0,    0,    0,    0,    0,    0,    0,    0,    0,    0,    0,    0,    0,    0,    0,    0,    0,    0,    0,    0,    0,    0,    0,    0,    0,    0,    0,    0,    0,    0,    0,    0,    0,    0,    0,    0,    0,    0,    0,    0,    0,    0,    0,    0,    0,    0,    0,    0,    0,    0,    0,    0,    0,    0,    0,   20,    0,    0,    0,    0,    0,    0,   20,   20,    0,    0,    0,    0,    0,    0,    0,    0,   12,   20,    0,    0,    0,    0,    0,    0,    0,    0,    0,    0,    0,    0,    0,    0,    0,    0,    0,    0,    0,    0,
       0,    0,    0,    0,    0,    0,    0,    0,    0,    0,    0,  -11,    0,  -20,   -2,    0,    0,    0,    0,    0,    0,    0,    0,    0,    0,    0,    0,    0,    0,  -24,    0,    0,  -18,    0,    0,    0,    0,    0,    0,    0,    0,   -9,   -4,   -6,    0,    0,    0,   -5,    0,    0,   -9,   -9,    0,    0,   -9,    0,    0,    0,    0,    0,    0,    0,    0,   -9,    0,    0,    0,    0,    0,    0,    0,    0,   -4,   -4,   -6,    0,    0,    0,    0,   -6,   -9,   -9,   -4,    0,    0,    0,    0,    0,   -6,    0,    0,    0,   -9,    0,    0,   25,    0,    0,    0,  -32,    0,    0,    0,  -33,    0,    0,    0,    0,    0,    0,    0,    0,   -7,    0,    0,    0,    0,
       0,    0,    0,    0,    0,    0,    0,    0,    0,    0,    0,    0,    0,    0,    0,    0,    0,    0,    0,    0,    0,    0,    0,    0,    0,    0,    0,    0,    0,   -8,    0,    0,    0,   -8,    0,   -6,    0,   -4,   -8,    0,    0,    0,    0,    0,    0,    0,    0,    0,    0,    0,    0,    0,    0,    0,    0,    0,    0,    0,    0,    0,    0,    0,    0,    0,    0,    0,    0,    0,    0,    0,    0,    0,    0,    0,    0,    0,    0,    0,    9,    0,    0,    0,    0,    0,    0,    9,    9,    0,    0,   -8,   -8,   -8,    0,    0,    0,    9,    9,    0,    0,    0,    0,    0,    0,    0,    0,    0,    0,    0,    0,    0,    0,    0,    0,    0,    0,    0,    0,
       0,    0,    0,    0,    0,    0,    0,    0,    0,    0,    0,   -9,    0,   -9,  -15,    0,    0,    0,    0,    0,    0,    0,    0,    0,    0,    0,    0,    0,    0,   -7,    0,    0,    0,    0,    0,    0,    0,    0,    0,    0,    0,  -14,    0,    0,    0,    0,    0,    0,    0,    0,    0,    0,    0,    0,    0,    0,    0,    0,    0,    0,    0,    0,    0,    0,    0,    0,    0,    0,    0,    0,    0,    0,    0,    0,    0,    0,    0,    0,    0,    0,    0,    0,    0,    0,    0,    0,    0,    0,    0,    0,    0,    0,    0,    0,    0,   11,    0,    0,    0,  -21,    0,    0,    0,   -9,    0,    0,    0,    0,    0,    0,    0,    0,    0,    0,    0,    0,    0,
       0,    0,    0,    0,   -4,    0,    0,    0,    0,    0,  -21,    0,  -21,    0,    0,    0,    0,    0,    0,    0,    0,    0,    0,    0,    0,  -18,   -9,    0,  -11,    0,    0,  -11,    0,    0,    0,    0,    0,    0,    0,    0,    0,    0,    0,  -11,    0,    1,    0,    0,    0,    0,   -9,  -11,  -17,    0,    0,  -21,    0,    0,  -14,  -34,   -4,    0,    0,   -9,    0,  -33,    0,    0,    0,    0,    0,   -9,    0,    0,  -11,    1,    1,    1,   23,  -11,   -9,  -11,    0,    0,    0,   23,   23,    0,  -11,    0,    0,    0,   -9,    0,    1,   23,   23,    0,    0,    0,    0,    0,   -9,    0,    0,    0,    0,    0,    0,    0,    0,    0,    0,    0,    0,    0,   -9,
       0,    0,  -24,    0,    0,    0,    0,    0,    0,  -45,  -18,    0,  -31,    0,    0,    0,  -12,    0,    0,    0,    0,    0,    0,    0,    0,    0,    0,   -2,   -8,    0,    0,   -8,    0,  -24,    0,  -21,  -10,    0,  -26,    0,  -35,    0,    0,    0,    0,    0,    0,    0,    0,   -6,    0,  -18,    0,    0,    0,  -28,    0,  -26,  -17,  -52,  -21,  -47,    0,    0,  -21,  -34,    0,    0,    0,    0,    0,   -9,    0,    0,    0,    0,    0,    0,    0,    0,    0,  -18,    0,    0,    0,    0,    0,    0,    0,  -24,  -24,  -24,    0,    0,    0,    0,    0,  -23,  -23,    0,  -12,  -12,   -9,    0,  -41,    0,    0,    0,    0,    0,    0,    0,    0,    0,    0,    0,    0,
       0,    0,    0,    0,    0,    0,   -9,    0,    0,    0,   -6,  -11,   -6,  -20,    0,    0,    0,    0,    0,    0,    0,    0,    0,    0,    0,    0,    0,    0,    0,  -22,    0,    0,  -26,    0,    0,    0,    0,    0,    0,    0,    0,    0,   -4,   -3,    0,    0,    0,    0,    0,    0,    0,    0,    0,    0,    0,   -6,    0,    0,    0,   -6,    0,    0,    0,    0,    0,   -6,    0,    0,    0,    0,    0,    0,   -4,   -4,   -3,    0,    0,    0,    0,   -3,    0,    0,   -4,    0,    0,    0,    0,    0,   -3,    0,    0,    0,    0,    0,    0,    0,    0,    0,    0,  -38,    0,    0,    0,  -36,    0,    0,    0,    0,    0,    0,    0,    0,  -10,    0,    0,    0,    0,
       0,    0,    0,    0,    0,    0,    0,    0,    0,    0,    0,    0,    0,    0,    0,    0,    0,    0,    0,    0,    0,    0,    0,    0,    0,    0,    0,    0,    0,    0,    0,    0,    0,   -1,    0,   -5,    0,    0,   -8,    0,    0,    0,   -2,   -4,    0,    0,    0,    0,    0,    0,    0,    0,    0,    0,    0,    0,    0,    0,    0,    0,    0,    0,    0,    0,    0,    0,    0,    0,    0,    0,    0,    0,   -2,   -2,   -4,    0,    0,    0,   12,   -4,    0,    0,   -2,    0,    0,   12,   12,    0,   -4,   -1,   -1,   -1,    0,    0,    0,    0,   12,    0,    0,    0,    0,    0,    0,    0,    0,    0,    0,    0,    0,    0,    0,    0,    0,    0,    0,    0,    0,
       0,    0,    0,    0,   -2,    0,   -9,    0,    0,    0,  -15,   -9,  -15,   -9,  -35,   -9,    0,    0,    0,  -18,    0,  -21,    0,    0,   -9,  -21,   -9,    0,   -9,  -24,    0,   -9,  -24,    0,    0,    0,    0,    0,    2,    0,    0,  -15,  -21,  -23,    0,    0,    0,  -16,  -21,  -25,  -21,  -18,  -18,   -9,  -14,  -15,    0,    0,  -35,  -15,    0,    0,    0,  -49,    0,  -36,    0,  -14,    0,    0,    0,   -9,  -32,  -32,  -37,    0,    0,    0,   24,  -37,  -38,  -27,  -21,    0,    0,   24,   24,    0,  -23,    0,    0,    0,  -32,    0,    0,   38,   24,    0,    0,  -32,    0,    0,   -9,  -32,    0,    0,    0,    0,    0,    0,    0,    0,  -15,    0,    0,    0,    0,
       0,    0,    0,    0,    0,    0,  -14,    0,    0,    0,  -15,  -26,  -15,  -26,  -15,   -8,    0,    0,    0,   -9,    0,    0,    0,    0,  -17,  -20,  -17,    0,  -20,  -23,    0,  -11,  -26,    0,    0,    4,    0,    0,    0,    0,    0,  -21,  -17,  -17,    0,    0,    0,   -4,  -12,    0,    0,    0,    0,    0,    0,  -15,    0,    0,  -15,  -32,    0,    0,    0,    0,    0,  -26,    0,    0,   -8,    0,    0,  -11,  -17,  -27,  -17,    0,    0,    0,   23,  -29,    0,    0,  -17,    0,    0,   23,   23,    0,  -17,    0,    0,    0,    0,    0,    0,   11,   23,    0,    0,  -30,    0,    0,  -11,  -26,    0,    0,    0,    0,    0,    0,    0,  -38,  -41,    0,    0,    0,    0,
       0,    0,    0,    0,   -2,    0,  -14,    0,    0,    0,  -11,  -26,  -11,  -26,   -8,    0,    0,    0,    0,   -9,    0,    0,    0,    0,  -14,  -20,  -17,    0,   -7,  -20,    0,   -7,  -17,    0,    0,    2,    6,    0,    0,    0,    0,    0,  -15,  -14,    0,    0,    0,   -9,   -9,    0,    0,    0,    0,    0,    0,  -11,    0,    0,  -15,  -11,    0,    0,    0,    0,    0,  -20,    0,    0,   -8,    0,    0,    0,  -15,  -15,  -14,    0,    0,    0,    0,  -14,    0,    0,  -15,    0,    0,    0,    0,    0,  -14,    0,    0,    0,    0,    0,    0,   23,    0,    0,    0,  -29,    0,    0,    0,  -26,    0,    0,    0,    0,    0,    0,    0,  -27,  -30,    0,    0,    0,    0,
       0,    0,    0,    0,   -4,    0,    0,    0,    0,    0,  -11,    0,  -11,    0,    0,  -10,    0,    0,   -6,  -11,    0,    0,   -6,    0,    0,  -15,  -14,    0,  -15,    0,    0,  -15,    0,   -8,    0,    0,    0,    0,    0,    0,    0,    0,  -15,   -8,    0,    0,    0,    0,    0,    0,    0,    0,    0,    0,    0,  -20,    0,    0,  -11,  -25,   -2,    0,    0,    0,    0,  -23,    0,    0,    0,    0,    0,  -12,  -15,  -15,   -8,    0,    0,    0,    0,   -8,    0,    0,  -15,    0,    0,    0,    0,    0,   -8,   -8,   -8,   -8,    0,    0,    0,   23,    0,    0,    0,    0,    0,    0,  -12,    0,    0,    0,    0,    0,    0,    0,    0,    0,    0,    0,   -9,    0,    0,
       0,    0,    0,    0,    0,    0,  -17,    0,    0,    0,  -17,  -17,  -17,  -17,    0,    0,    0,    0,    0,  -18,    0,    0,    0,    0,  -17,  -27,  -26,    0,  -12,  -23,    0,  -12,   -9,    2,    0,    0,    0,    0,    0,    0,    0,    0,  -28,  -30,    0,   -5,    0,  -13,  -18,    0,  -11,    0,    0,    0,    0,  -17,    0,    0,  -24,  -31,   -2,    0,    0,  -11,    0,  -31,    0,  -17,    0,    0,    0,  -23,  -46,  -41,  -30,   -5,  -15,   -5,    0,  -30,  -11,    0,  -53,    0,    0,    0,    0,    0,  -45,    2,    2,    2,  -11,    0,   -5,   23,    0,    0,    0,  -29,    0,    0,  -11,  -43,    0,    0,    0,    0,    0,    0,    0,  -46,  -50,    0,    0,    0,   -9,
       0,    0,    0,    0,    0,    0,    0,    0,    0,    0,  -10,    0,  -10,    0,    0,    0,    0,    0,    0,    0,    0,    0,    0,    0,    0,  -17,    0,    0,   -9,    0,    0,   -9,    0,    0,    0,    0,    0,    0,    0,    0,    0,    0,    0,    0,    0,    0,    0,    0,    0,    0,    0,    0,    0,    0,    0,  -10,    0,    0,   -9,  -10,    0,    0,    0,    0,    0,  -19,    0,    0,    0,    0,    0,    0,    0,    0,    0,    0,    0,    0,   23,    0,    0,    0,    0,    0,    0,   23,   23,    0,    0,    0,    0,    0,    0,    0,    0,    9,   23,    0,    0,    0,    0,    0,    0,    0,    0,    0,    0,    0,    0,    0,    0,    0,    0,    0,    0,    0,    0,
       0,    0,    0,    0,    0,    0,    0,    0,    0,    0,    0,    0,    0,    0,    0,    0,    0,    0,    0,    0,    0,    0,    0,    0,    0,    0,    0,    0,    0,    0,    4,    0,    0,    0,    0,    0,    0,    0,    0,    0,    0,    0,    0,   -1,    0,    0,    4,    4,    0,    0,    0,    0,    0,    0,    0,    0,    0,    0,    0,    0,    0,    0,    0,    0,    0,    0,    0,    0,    0,    0,    0,    0,    0,    0,   -1,    0,    0,    0,    0,   -1,    0,    0,    0,    0,    4,    0,    0,    4,   -1,    0,    0,    0,    0,    4,    0,   23,    0,    0,    0,    0,    0,    0,    0,    0,    0,    0,    0,    0,    0,    0,    0,    0,    0,    0,    0,    0,    0,
       0,    0,  -21,    0,   -4,    0,    0,    0,    0,  -25,   -9,    0,   -9,    0,    3,   -2,  -16,    0,    0,    0,    0,    0,    0,    0,    0,  -10,  -14,  -17,  -11,    4,    0,  -11,    0,  -35,   -7,  -38,  -35,    0,  -23,    0,  -25,    0,    0,   -6,   -3,    1,    0,    0,   -3,   -8,    0,  -32,  -18,    0,    0,   -9,    0,  -20,   -9,   -9,  -19,  -25,    0,    0,  -14,   -9,    0,   -9,    0,    0,    0,   -9,    0,    0,   -6,    1,    1,    1,    0,   -6,    0,  -32,    0,    0,    0,    0,    0,    0,   -6,  -35,  -35,  -35,    0,    0,    1,    0,    0,  -46,  -42,    0,    0,    0,   -9,    0,  -42,   -4,    0,    0,    0,    0,    0,    0,    0,    0,    0,  -14,    0,
       0,    0,    0,    0,    0,    0,    0,    0,    0,  -18,    0,    0,    0,    0,    0,  -12,  -29,    0,  -12,  -15,  -12,    0,  -12,  -12,    0,    0,    0,    0,  -11,    0,    7,  -11,    0,  -15,  -11,  -21,    0,    0,    0,    0,  -18,    0,    0,    0,    0,    3,   26,    8,    0,    0,    0,  -21,    0,    0,    0,    0,    0,    0,    0,    0,    0,  -18,    0,    0,  -12,    0,    0,    0,    0,    0,    0,    0,    0,    0,    0,    3,    3,    3,    0,    0,    0,  -21,    0,    0,    7,    0,    0,   26,    0,  -15,  -15,  -15,    0,    7,    3,    0,    0,  -11,    0,    0,    0,    0,    0,    0,    0,    0,    0,    0,    0,    0,    0,    0,    0,    0,    0,  -14,    0,
       0,    0,   -7,    0,    0,    0,    0,    0,    0,    0,    0,    0,    0,    0,    0,    0,  -11,    0,    0,    0,    0,    0,    0,    0,    0,    0,    0,    0,    0,    0,    0,    0,    0,  -21,    0,  -14,  -14,    0,  -26,    0,    0,    0,    0,    0,    0,    0,    0,    0,    0,    0,    0,   -5,    0,    0,    0,    0,    0,    0,    0,    0,   -2,    0,    0,    0,    0,    0,    0,    0,    0,    0,    0,    0,    0,    0,    0,    0,    0,    0,    0,    0,    0,   -5,    0,    0,    0,    0,    0,    0,    0,  -21,  -21,  -21,    0,    0,    0,    1,    0,  -12,   -7,    0,    0,    0,    0,    0,   -7,    0,    0,    0,    0,    0,    0,    0,    0,    0,    0,    0,    0,
       0,    0,   -6,    0,    0,    0,    0,    0,   -3,    0,    0,    0,    0,    0,    0,    0,   -9,    0,    0,    0,    0,    0,    0,    0,    0,    0,    0,    0,    0,   -8,    0,    0,    0,  -23,    0,  -17,  -14,   -8,  -31,    0,    0,    0,    2,    0,    0,    0,    0,    0,    0,    0,    0,   -5,   -4,   -6,   -5,    0,    0,   -9,    0,    0,   -3,    0,    0,    0,    0,    0,    0,    0,    0,    0,    0,    0,    2,    2,    0,    0,    0,    0,    0,    0,    0,   -5,    2,    0,    0,    0,    0,    0,    0,  -23,  -23,  -23,    0,    0,    0,   11,    0,  -17,   -6,    0,    0,    0,    0,    0,   -6,    0,    0,    0,    0,    0,    0,    0,    0,    0,    0,    0,    0,
       0,    0,    0,    0,    0,    0,    0,    0,    0,    0,   -5,  -15,   -5,  -15,   -4,    0,    0,    0,    0,  -17,    0,    0,    0,    0,    0,    0,    0,    0,    0,   -9,    0,    0,  -17,    0,    0,    0,    0,    0,    1,    0,    0,   -4,   -5,   -5,  -12,    2,    1,    0,   -5,  -11,    0,    0,    6,    0,    0,   -5,    0,    0,  -11,   -5,    0,    0,    0,    0,    0,   -5,    0,    0,    0,    0,    0,   -5,   -5,   -5,   -5,    2,    2,    2,   27,   -5,    0,    0,   -5,    0,    0,   27,   38,    1,   -5,    0,    0,    0,    0,    0,    2,   12,   36,    0,    0,  -24,    0,    0,   -5,  -15,    0,    0,    0,    0,    0,    0,    0,    0,   -5,    0,    0,    0,    0,
       0,    0,    0,    0,    0,    0,    0,    0,    0,    0,    0,    0,    0,    0,    0,    0,    0,    0,    0,    0,    0,    0,    0,    0,    0,    0,    0,    0,    0,    0,    0,    0,    0,  -14,    0,    0,    0,    0,    0,    0,    0,    0,    0,    0,    0,    0,    2,    0,    0,    0,    0,    0,    0,    0,    0,    0,    0,    0,    0,    0,    0,    0,    0,    0,    0,    0,    0,    0,    0,    0,    0,    0,    0,    0,    0,    0,    0,    0,    0,    0,    0,    0,    0,    0,    0,    0,    0,    2,    0,  -14,  -14,  -14,    0,    0,    0,    0,    0,    0,    0,    0,    0,    0,    0,    0,    0,    0,    0,    0,    0,    0,    0,    0,    0,    0,    0,    0,    0,
       0,    0,    0,    0,    0,    0,    0,    0,    1,    0,    0,    0,    0,    0,    0,    0,    0,    0,    0,    0,    0,    0,    0,    0,    0,    0,    0,    0,    0,    0,    0,    0,    0,    0,    0,    0,    0,    0,    0,    0,    0,    0,    0,    0,    0,    0,    0,    0,    0,    0,    0,    0,    0,    0,    0,    0,    1,    0,    0,    0,    0,    0,    0,    0,    0,    0,    0,    0,    0,    0,    0,    0,    0,    0,    0,    0,    0,    0,   17,    0,    0,    0,    0,    0,    0,   26,   17,    0,    0,    0,    0,    0,    0,    0,    0,   23,   26,    0,    0,    0,    0,    0,    0,    0,    0,    0,    0,    0,    0,    0,    0,    0,    0,    0,    0,    0,    0,
       0,    0,    0,    0,    0,    0,    0,    0,    0,    0,  -15,    0,  -15,    0,    0,    0,    0,    0,    0,  -12,    0,    0,    0,    0,    0,  -23,    0,    0,    0,    0,    0,    0,    0,  -15,    0,    0,    0,    0,    0,    0,    0,    0,    0,   -6,    0,    0,    0,    0,    0,    0,    0,    2,    0,    0,    0,  -15,    0,    0,  -14,  -33,    0,    0,    0,    0,    0,  -15,    0,    0,    0,    0,    0,    0,    0,    0,   -6,    0,    0,    0,    0,   -6,    0,    2,    0,    0,    0,    0,    0,    0,   -6,  -15,  -15,  -15,    0,    0,    0,    0,    0,    0,    0,    0,    0,    0,    0,    0,    0,    0,    0,    0,    0,    0,    0,    0,    0,    0,    0,    0,    0,
       0,    0,    0,    0,    0,    0,    0,    0,    0,    0,   -9,  -17,   -9,  -17,   -8,    0,    0,    0,    0,    0,    0,    0,    0,    0,    0,  -10,    0,    0,    0,  -11,    3,    0,  -15,  -15,    0,    0,    0,    0,    0,   -9,    0,    0,   -3,   -5,    5,    1,    3,    2,    0,    5,    0,    4,    3,    4,    0,   -9,    0,    0,    0,  -17,    0,    0,    0,    0,    0,   -9,    0,    0,    0,    0,    0,    0,   -3,   -3,   -5,    1,    1,    1,    3,   -5,    0,    4,   -3,    0,    3,    3,    3,    3,   -5,  -15,  -15,  -15,    0,    3,    1,   10,    3,  -11,    4,  -21,    0,    0,    0,  -17,    4,    0,    0,    0,    0,    0,    0,    0,   -6,    0,    0,    0,    0,
       0,    0,   -3,    0,    0,    0,    0,    0,    0,    0,    0,    0,    0,    0,    0,    0,    0,    0,    0,    0,    0,    0,    0,    0,    0,    0,    0,    0,    0,    0,    0,    0,    0,  -20,    0,  -12,   -9,    0,  -20,    0,    0,    0,    0,    0,    0,    0,    0,    0,    0,    1,    0,   -1,    0,    0,    0,    0,    0,    0,    0,    0,   -2,    0,    0,    0,    0,    0,    0,    0,    0,    0,    0,    0,    0,    0,    0,    0,    0,    0,    0,    0,    0,   -1,    0,    0,    0,    0,    0,    0,    0,  -20,  -20,  -20,    0,    0,    0,    1,    0,  -14,    0,   -1,    0,    0,    0,    0,    0,    0,    0,    0,    0,    0,    0,    0,    0,    0,    0,    0,    0,
       0,    0,    0,    0,    0,    0,    0,    0,    0,    0,   -4,    0,   -4,    0,    0,    0,    0,    0,    0,   -2,    0,    0,    0,    0,    0,   -8,    0,    0,    0,    0,    1,    0,    0,   -9,    0,   -1,   -1,    0,   -2,    0,    0,    0,    2,   -2,   -9,    0,    2,    0,   -2,   -5,    0,    6,    6,    0,    0,   -4,    0,    0,    0,   -4,    0,    0,    0,    0,    0,   -4,    0,    0,    0,    0,    0,   -1,    2,    2,   -2,    0,    0,    0,    0,   -2,    0,    6,    2,    0,    1,    0,    0,    2,   -2,   -9,   -9,   -9,    0,    1,    0,   12,    0,  -11,    4,    0,    0,    0,   -1,    0,    4,    0,    0,    0,    0,    0,    0,    0,    4,    0,    0,    0,    0,
       0,    0,    0,    0,    0,    0,    0,    0,    0,    0,  -10,    0,  -10,    0,   -9,    0,    0,    0,    0,    0,    0,    0,    0,    0,    0,  -11,    0,    0,    0,    0,    0,    0,    0,  -14,    0,    0,    0,    0,  -15,    0,    0,   -9,    0,    0,    0,    0,    0,    0,    0,    0,    0,    0,    0,    0,    0,  -10,    0,    0,    0,  -19,    0,    0,    0,    0,    0,  -10,    0,    0,    0,    0,    1,    0,    0,    0,    0,    0,    0,    0,    0,    0,    0,    0,    0,    6,    0,    0,    0,    0,    0,  -14,  -33,  -14,    0,    0,    0,    0,    0,  -11,    4,    0,    0,    0,    0,    0,    4,    0,    0,    0,    0,    0,    0,    0,   -8,    0,    0,    0,    0,
       0,    0,    0,    0,    0,    0,    0,    0,    0,    0,   -9,  -12,   -9,  -12,  -15,    0,    0,    0,    0,    0,    0,    0,    0,    0,    0,   -9,  -11,    0,    0,  -18,    1,    0,  -17,   -9,    0,    0,    0,    0,   -9,    0,    0,  -21,   -3,   -5,    4,    0,    0,    0,   -1,    5,    0,    0,    0,    0,    0,   -9,    0,    0,  -11,   -9,    0,    0,    0,    0,    0,   -9,    0,    0,    0,    0,    0,    0,   -3,   -3,   -5,    0,    0,    0,    5,   -5,    0,    0,   -3,    0,    1,    5,    5,    0,   -5,   -9,  -26,   -9,    0,    1,    0,    1,    5,    0,    2,  -21,    0,    0,    0,  -32,    2,    0,    0,    0,    0,    0,    0,    0,   -6,    0,    0,    0,    0,
       0,    0,    0,    0,    0,    0,   -9,    0,    0,    0,    0,  -20,    0,  -20,    0,    0,    0,    0,    0,    0,    0,    0,    0,    0,    0,    0,    0,    0,    0,  -18,    0,    0,  -15,  -14,    0,    0,    0,    0,    0,   -9,    0,    0,   -1,   -4,    0,    0,    0,    0,    0,    0,    0,    0,    0,    0,    0,    0,    0,    0,   -9,    0,    0,    0,    0,    0,    0,    0,    0,    0,    0,    0,    0,    0,   -1,   -1,   -4,    0,    0,    0,    0,   -4,    0,    0,   -1,    0,    0,    0,    0,    0,   -4,  -14,  -14,  -14,    0,    0,    0,    0,    0,    0,    2,  -21,    0,    0,    0,  -20,    2,    0,    0,    0,    0,    0,    0,    0,    0,    0,    0,    0,    0,
       0,    0,    0,    0,    0,    0,    0,    0,    0,    0,   -6,    0,   -6,    0,    0,    0,    0,    0,    0,    0,    0,    0,    0,    0,    0,    0,   -9,    0,    0,    0,    0,    0,    0,   -8,    0,    0,    0,    0,    0,    0,    0,    0,   -1,   -6,    4,    0,    0,    0,    0,    4,    0,    0,    0,    0,    0,   -6,    0,    0,   -9,   -6,    0,    0,    0,    0,    0,   -6,    0,    0,    0,    0,    0,    0,   -1,   -1,   -6,    0,    0,    0,    0,   -6,    0,    0,   -1,    0,    0,    0,    0,    0,   -6,   -8,   -8,   -8,    0,    0,    0,    0,    0,    0,    0,    0,    0,    0,    0,    0,    0,    0,    0,    0,    0,    0,    0,    0,    0,    0,    0,    0,    0,
       0,    0,    0,    0,    0,    0,    0,    0,    0,    0,    0,    0,    0,    0,    0,    0,    0,    0,    0,    0,    0,    0,    0,    0,    0,    0,    0,    0,    0,    0,    0,    0,    0,   -9,    0,    0,    0,    0,    0,    0,    0,    0,    0,   -5,    0,    0,    0,    0,    0,    0,    0,    0,    0,    0,    0,    0,    0,    0,    0,    0,    0,    0,    0,    0,    0,    0,    0,    0,    0,    0,    0,    0,    0,    0,   -5,    0,    0,    0,    0,   -5,    0,    0,    0,    0,    0,    0,    0,    0,   -5,   -9,   -9,   -9,    0,    0,    0,    0,    0,    0,    0,    0,    0,    0,    0,    0,    0,    0,    0,    0,    0,    0,    0,    0,    0,    0,    0,    0,    0,
       0,    0,    0,    0,    0,    0,    0,    0,    0,    0,    0,    0,    0,    0,    0,    0,    0,   -6,   -1,    0,    0,   -8,    0,    0,    0,    0,    0,    0,    0,   -9,    0,    0,  -12,  -20,    0,  -12,   -7,  -22,  -17,    0,    0,    0,    0,    0,    0,    0,    0,    0,    0,    0,    0,   -1,    0,   -6,    0,    0,    0,    0,    0,    0,    0,    0,    0,    0,   -2,    0,    0,    0,    0,    0,    0,    0,    0,    0,    0,    0,    0,    0,    0,    0,    0,   -1,    0,    0,    0,    0,    0,    0,    0,  -36,  -36,  -20,    0,    0,    0,    0,    0,   -8,    0,    0,    0,    0,    0,    0,    0,    0,    0,    0,    0,    0,    0,    0,    0,    0,    0,    0,    0,
       0,    0,    0,    0,    0,    0,    0,    0,    0,    0,    0,    0,    0,    0,    0,    0,    0,    0,    0,    0,    0,    0,    0,    0,    0,    0,    0,    0,    0,    0,    0,    0,    0,  -18,    0,   -9,    0,    0,  -18,    0,    0,    0,    0,    0,    0,    0,    0,    0,    0,    0,    0,    0,    0,    0,    0,    0,    0,    0,    0,    0,    0,    0,    0,    0,    0,    0,    0,    0,    0,    0,    0,    0,    0,    0,    0,    0,    0,    0,    0,    0,    0,    0,    0,    0,    0,    0,    0,    0,    0,  -18,  -18,  -18,    0,    0,    0,    0,    0,   -9,    0,    0,    0,    0,    0,    0,    0,    0,    0,    0,    0,    0,    0,    0,    0,    0,    0,    0,    0,
       0,    0,    0,    0,    0,    0,    0,    0,    0,    0,    0,    0,    0,    0,    0,    0,    0,    0,    0,    0,    0,    0,    0,    0,    0,    0,    0,    0,    0,    0,    0,    0,    0,    0,    0,    0,    0,    0,    0,    0,    0,    0,    0,    0,    0,    8,    0,    0,    0,    0,    0,    0,    0,    0,    0,    0,    0,    0,    0,    0,    0,    0,    0,    0,    0,    0,    0,    0,    0,    0,    0,    0,    0,    0,    0,    8,    8,    8,    0,    0,    0,    0,    0,    0,    0,    0,    0,    0,    0,    0,    0,    0,    0,    0,    8,   12,    0,    0,    0,    0,    0,    0,    0,    0,    0,    0,    0,    0,    0,    0,    0,    0,    0,    0,    0,    0,    0,
       0,    0,    0,    0,    0,    0,  -11,    0,    0,    0,    0,    0,    0,    0,    0,    0,    0,    0,    0,    0,    0,    0,    0,    0,    0,    0,    0,    0,    0,  -20,    0,    0,  -20,    0,    0,    0,    0,    0,    0,    0,    0,    0,    0,   -9,    0,    0,    0,    0,    0,    0,    0,    0,    0,    0,    0,    0,    0,    0,    0,    0,    0,    0,    0,    0,    0,    0,    0,    0,    0,    0,    0,    0,    0,    0,   -9,    0,    0,    0,    0,   -9,    0,    0,    0,    0,    0,    0,    0,    0,   -9,    0,    0,    0,    0,    0,    0,    0,    0,    0,    0,    0,    0,    0,    0,    0,    0,    0,    0,    0,    0,    0,    0,    0,    0,    0,    0,    0,    0,
       0,    0,    0,    0,    0,    0,    0,    0,    0,    0,    0,    0,    0,    0,    0,    0,    0,    0,    0,    0,    0,    0,    0,    0,    0,    0,    0,    0,    0,   -9,    0,    0,    0,  -14,    0,    0,    0,    0,  -17,    0,    0,    0,    0,    0,    0,    0,    0,    0,    0,    0,    0,    0,    0,    0,    0,    0,    0,    0,    0,    0,    0,    0,    0,    0,    0,    0,    0,    0,    0,    0,    0,    0,    0,    0,    0,    0,    0,    0,    0,    0,    0,    0,    0,    0,    0,    0,    0,    0,    0,  -14,  -14,  -14,    0,    0,    0,    0,    0,    0,    0,    0,    0,    0,    0,    0,    0,    0,    0,    0,    0,    0,    0,    0,    0,    0,    0,    0,    0,
       0,    0,    0,    0,    0,    0,    0,    0,    0,    0,    0,    0,    0,    0,    0,    0,    0,    0,    0,    0,    0,    0,    0,    0,    0,    0,    0,    0,    0,    0,    0,    0,    0,  -14,    0,    0,    0,    0,    0,    0,    0,    0,    0,    0,    0,    0,    0,    0,    0,    0,    0,    0,    0,    0,    0,    0,    0,    0,    0,    0,    0,    0,    0,    0,    0,    0,    0,    0,    0,    0,    0,    0,    0,    0,    0,    0,    0,    0,    0,    0,    0,    0,    0,    0,    0,    0,    0,    0,    0,  -14,  -14,  -14,    0,    0,    0,    0,    0,    0,    0,    0,    0,    0,    0,    0,    0,    0,    0,    0,    0,    0,    0,    0,    0,    0,    0,    0,    0,
       0,    0,    0,    0,    0,    0,   -9,    0,    0,    0,    0,    0,    0,    0,    0,    0,    0,    0,    0,  -13,    0,    0,    0,    0,    0,    0,    0,    0,   -1,  -19,    0,   -1,  -19,    0,    0,    0,    0,   -2,   -2,    0,    0,    0,   -3,   -8,    0,    0,    0,    0,   -3,    0,    0,    0,    0,    0,    0,    0,    0,    0,    0,    0,    0,    0,    0,    0,    0,    0,    0,    0,    0,    0,    0,    0,   -3,   -3,   -8,    0,    0,    0,    0,   -8,    0,    0,   -3,    0,    0,    0,    0,    0,   -8,    0,    0,    0,    0,    0,    0,    0,    0,    0,    0,    0,    0,    0,    0,    0,    0,    0,    0,    0,    0,    0,    0,    0,    0,    0,    0,    0,    0,
       0,    0,    0,    0,    0,    0,    0,    0,    0,    0,    0,    0,    0,    0,    0,    0,    0,    0,    0,    0,    0,    0,    0,    0,    0,    0,    0,    0,    0,    0,    0,    0,    0,    0,    0,    0,    0,    0,    0,    0,    0,    0,    0,    0,    0,    0,    0,    0,    0,    0,    0,    0,    0,    0,    0,    0,    0,    0,    0,    0,    0,    0,    0,    0,    0,    0,    0,    0,    0,    0,    0,    0,    0,    0,    0,    0,    0,    0,    0,    0,    0,    0,    0,    0,    0,    0,    0,    0,    0,    0,    0,    0,    0,    0,    0,    0,    0,    0,    0,    0,    0,    0,    0,    0,    0,    0,   -3,    0,    0,    0,    0,    0,    0,    0,    0,    0,    0,
       0,    0,    0,    0,    0,    0,    0,    0,    0,    0,    0,    0,    0,    0,    0,    0,    0,    0,    0,    0,    0,    0,    0,    0,    0,    0,    0,    0,    0,    0,    0,    0,    0,    0,    0,    0,    0,    0,    0,    0,    0,    0,    0,    0,    0,    0,    0,    0,    0,    0,    0,    0,    0,    0,    0,    0,    0,    0,    0,    0,    0,    0,    0,    0,    0,    0,    0,    0,    0,    0,    0,    0,    0,    0,    0,    0,    0,    0,    0,    0,    0,    0,    0,    0,    0,    0,    0,    0,    0,    0,    0,    0,    0,    0,    0,    0,    0,    0,    0,    0,    0,    0,    0,    0,    0,    0,    0,   -1,    0,    0,    0,    0,    0,    0,    0,    0,    0,
       0,    0,    0,    0,    0,    0,    0,    0,    0,    0,  -10,    0,  -10,    0,   -9,    0,    0,    0,    0,    0,    0,    0,    0,    0,    0,  -11,    0,    0,    0,    0,    0,    0,    0,  -14,    0,    0,    0,    0,  -15,    0,    0,   -9,    0,    0,    0,    0,    0,    0,    0,    0,    0,    0,    0,    0,    0,  -10,    0,    0,    0,  -19,    0,    0,    0,    0,    0,  -10,    0,    0,    0,    0,    1,    0,    0,    0,    0,    0,    0,    0,    0,    0,    0,    0,    0,    6,    0,    0,    0,    0,    0,  -14,  -33,  -14,    0,    0,    0,    0,    0,  -24,    4,    0,    0,    0,    0,    0,    4,    0,    0,    0,    0,    0,    0,    0,   -8,    0,    0,    0,    0,
       0,    0,    0,    0,    0,    0,    0,    0,    0,    0,    0,    0,    0,    0,    0,    0,    0,   -6,   -1,    0,    0,   -8,    0,    0,    0,    0,    0,    0,    0,   -9,    0,    0,  -12,  -42,    0,  -23,   -7,  -23,  -31,    0,    0,    0,    0,    0,    0,    0,    0,    0,    0,    0,    0,   -1,    0,   -6,    0,    0,    0,    0,    0,    0,    0,    0,    0,    0,   -2,    0,    0,    0,    0,    0,    0,    0,    0,    0,    0,    0,    0,    0,    0,    0,    0,   -1,    0,    0,    0,    0,    0,    0,    0,  -42,  -42,  -42,    0,    0,    0,    0,    0,   -8,    0,    0,    0,    0,    0,    0,    0,    0,    0,    0,    0,    0,    0,    0,    0,    0,    0,    0,    0,
       0,    0,    0,    0,    0,    0,    0,    0,    0,    0,    0,    0,    0,    0,    0,    0,    0,    0,    0,    0,    0,    0,    0,    0,    0,    0,    0,    0,    0,    0,    0,    0,    0,    0,    0,    0,    0,    0,    0,    0,    0,    0,    0,    0,    0,    0,    0,    0,    0,    0,    0,    0,    0,    0,    0,    0,    0,    0,    0,    0,    0,    0,    0,    0,    0,    0,    0,    0,    0,    0,    0,    0,    0,    0,    0,    0,    0,    0,    0,    0,    0,    0,    0,    0,    0,    0,    0,    0,    0,    0,    0,    0,    0,    0,    0,    0,    0,    0,    0,    0,    0,    0,    0,    0,    0,    0,    0,    0,    0,    3,    0,    0,    0,    0,    0,    0,    0,
       0,    0,    0,    0,    0,    0,    0,    0,    0,    0,    0,    0,    0,    0,    0,    0,  -11,  -14,  -12,    0,    0,  -14,   -9,    0,    0,    0,    0,    0,    0,   -9,    0,    0,    0,  -35,    0,  -17,  -15,  -11,  -24,   -9,    0,    0,    0,    0,    0,    0,    0,    0,    0,    0,    0,   -9,   -9,   -9,    0,    0,    0,    0,    0,    0,    0,    0,    0,    0,    0,    0,    0,    0,    0,    0,    0,    0,    0,    0,    0,    0,    0,    0,    0,    0,    0,   -9,    0,    0,    0,    0,    0,    0,    0,  -35,  -35,  -35,    0,    0,    0,    0,    0,  -23,    0,    0,    0,    0,    0,    0,    0,    0,    0,    0,    0,    0,    0,    0,    0,    0,    0,    0,    0,
       0,    0,    0,    0,    0,    0,    0,    0,    0,    0,    0,    0,    0,    0,    0,    0,    0,    0,    0,    0,    0,    0,    0,    0,    0,    0,    0,    0,    0,    0,    0,    0,    0,  -18,    0,  -32,  -26,    0,    0,    0,    0,    0,    0,    0,    0,    0,    0,    0,    0,    0,    0,    0,    0,    0,    0,    0,    0,    0,    0,    0,    0,    0,    0,    0,    0,    0,    0,    0,    0,    0,    0,    0,    0,    0,    0,    0,    0,    0,    0,    0,    0,    0,    0,    0,    0,    0,    0,    0,    0,  -18,  -18,  -18,    0,    0,    0,    0,    0,  -17,   -9,    0,    0,    0,    0,    0,   -9,    0,    0,    0,    0,    0,    0,    0,    0,    0,    0,    0,    0,
       0,    0,    0,    0,    0,    0,    0,    0,    0,    0,    0,    0,    0,    0,    0,    0,    0,    0,    0,    0,    0,    0,    0,    0,    0,    0,    0,    0,    0,    0,    0,    0,    0,    0,    0,    0,    0,    0,    0,    0,    0,    0,    0,    0,    0,    0,    0,    0,    0,    0,    0,    0,    0,    0,    0,    0,    0,    0,    0,    0,    0,    0,    0,    0,    0,    0,    0,    0,    0,    0,    0,    0,    0,    0,    0,    0,    0,    0,   11,    0,    0,    0,    0,    0,    0,   11,   11,    0,    0,    0,    0,    0,    0,    0,    0,   11,   11,    0,    0,    0,    0,    0,    0,    0,    0,    0,    0,    0,    0,    0,    0,    0,    0,    0,    0,    0,    0,
       0,    0,    0,    0,    0,    0,    0,    0,    0,    0,    0,    0,    0,    0,    0,    0,    0,    0,    0,    0,    0,    0,    0,    0,    0,    0,    0,    0,    0,   -9,    0,    0,    0,  -24,    0,  -11,    0,  -12,  -12,    0,    0,    0,    0,    0,    0,    0,    0,    0,    0,    0,    0,    0,    0,    0,    0,    0,    0,    0,    0,    0,    0,    0,    0,    0,    0,    0,    0,    0,    0,    0,    0,    0,    0,    0,    0,    0,    0,    0,    0,    0,    0,    0,    0,    0,    0,    0,    0,    0,    0,  -24,  -24,  -24,    0,    0,    0,    0,    0,    0,    0,    0,    0,    0,    0,    0,    0,    0,    0,    0,    0,    0,    0,    0,    0,    0,    0,   -9,    0,
       0,    0,    0,    0,    0,    0,    0,    0,    0,    0,    0,  -27,    0,  -27,    0,    0,    0,    0,    0,    0,    0,    0,    0,    0,    0,    0,    0,    0,    0,  -11,    0,    0,  -11,  -15,    0,  -14,    0,    0,    0,  -11,    0,    0,    0,    0,    0,    0,    0,    0,    0,    0,    0,    0,    0,    0,    0,    0,    0,    0,    0,    0,    0,    0,    0,    0,    0,    0,    0,    0,    0,    0,    0,    0,    0,    0,    0,    0,    0,    0,    0,    0,    0,    0,    0,    0,    0,    0,    0,    0,    0,  -15,  -15,  -15,    0,    0,    0,    0,    0,  -15,    0,  -33,    0,    0,    0,  -27,    0,    0,    0,    0,    0,    0,    0,    0,    0,    0,    0,    0,    0,
       0,    0,    0,    0,    0,    0,    0,    0,    0,    0,    0,    0,    0,    0,    0,    0,    0,    0,    0,    0,    0,    0,    0,    0,    0,    0,    0,    0,    0,    0,    0,    0,    0,  -13,    0,    0,    0,    0,    0,    0,    0,    0,    0,    0,    0,    0,    0,    0,    0,    0,    0,    0,    0,    0,    0,    0,    0,    0,    0,    0,    0,    0,    0,    0,    0,    0,    0,    0,    0,    0,    0,    0,    0,    0,    0,    0,    0,    0,    9,    0,    0,    0,    0,    0,    0,    9,    9,    0,    0,  -13,  -13,  -13,    0,    0,    0,    0,    9,  -33,    0,    0,    0,    0,    0,    0,    0,    0,    0,    0,    0,    0,    0,    0,    0,    0,    0,    0,    0,
       0,    0,    0,    0,    0,    0,    0,    0,    0,    0,    0,    0,    0,    0,    0,    0,    0,    0,    0,    0,    0,    0,    0,    0,    0,    0,    0,    0,    0,    0,    0,    0,    0,  -21,    0,    0,    0,    0,    0,    0,    0,    0,    0,    0,    0,    0,    0,    0,    0,    0,    0,    0,    0,    0,    0,    0,    0,    0,    0,    0,    0,    0,    0,    0,    0,    0,    0,    0,    0,    0,    0,    0,    0,    0,    0,    0,    0,    0,    0,    0,    0,    0,    0,    0,    0,    0,    0,    0,    0,  -21,  -21,  -21,    0,    0,    0,    0,    0,    0,    0,    0,    0,    0,    0,    0,    0,    0,    0,    0,    0,    0,    0,    0,    0,    0,    0,    0,    0,
       0,    0,    0,    0,    0,    0,    0,    0,    1,    0,    0,    0,    0,    0,    0,    0,    0,    0,    0,    0,    0,    0,    0,    0,    0,    0,    0,    0,    0,    0,    0,    0,    0,    0,    0,    0,    0,    0,    0,    0,    0,    0,    0,    0,    0,    0,    0,    0,    0,    0,    0,    0,    0,    0,    0,    0,    1,    0,    0,    0,    0,    0,    0,    0,    0,    0,    0,    0,    0,    0,    0,    0,    0,    0,    0,    0,    0,    0,   27,    0,    0,    0,    0,    0,    0,   28,   27,    0,    0,    0,    0,    0,    0,    0,    0,   20,   27,    0,    0,    0,    0,    0,    0,    0,    0,    0,    0,    0,    0,    0,    0,    0,    0,    0,    0,    0,    0,
       0,    0,    0,    0,    0,    0,    0,    0,    0,    0,    0,    0,    0,    0,    0,    0,   12,    0,    0,    0,    0,   24,    0,    0,    0,    0,    0,    0,    0,    0,   18,    0,    0,   24,    0,   23,    0,    0,    0,   24,    0,    0,    0,    0,   11,   17,   17,    3,    0,   14,    0,    0,    0,    0,    0,    0,    0,    0,    0,    0,    0,    0,    0,    0,    0,    0,    0,    0,    0,   11,    0,    0,    0,    0,    0,   26,   17,   26,   44,    0,    0,    0,    0,    0,   18,   44,   44,   26,    0,   24,   24,   24,    0,   38,   26,   14,   44,    0,    0,    0,    0,    0,    0,    0,    0,    0,    0,    0,    0,    0,    0,    0,    0,    0,    0,    0,    0,
       0,    0,   -7,    0,    0,    0,    0,    0,    0,    0,    0,    0,    0,    0,    0,    0,  -11,    0,    0,    0,    0,    0,    0,    0,    0,    0,    0,    0,    0,    0,    0,    0,    0,  -34,    0,  -14,  -14,    0,  -26,    0,    0,    0,    0,    0,    0,    0,    0,    0,    0,    0,    0,   -5,    0,    0,    0,    0,    0,    0,    0,    0,   -2,    0,    0,    0,    0,    0,    0,    0,    0,    0,    0,    0,    0,    0,    0,    0,    0,    0,    0,    0,    0,   -5,    0,    0,    0,    0,    0,    0,    0,  -34,  -34,  -34,    0,    0,    0,    1,    0,  -12,   -7,    0,    0,    0,    0,    0,   -7,    0,    0,    0,    0,    0,    0,    0,    0,    0,    0,    0,    0,
       0,    0,   -6,    0,    0,    0,    0,    0,   -3,    0,    0,    0,    0,    0,    0,    0,   -9,    0,    0,    0,    0,    0,    0,    0,    0,    0,    0,    0,    0,   -8,    0,    0,    0,  -37,    0,  -17,  -14,   -8,  -31,    0,    0,    0,    2,    0,    0,    0,    0,    0,    0,    0,    0,   -5,   -4,   -6,   -5,    0,    0,   -9,    0,    0,   -3,    0,    0,    0,    0,    0,    0,    0,    0,    0,    0,    0,    2,    2,    0,    0,    0,    0,    0,    0,    0,   -5,    2,    0,    0,    0,    0,    0,    0,  -37,  -37,  -37,    0,    0,    0,   11,    0,  -17,   -6,    0,    0,    0,    0,    0,   -6,    0,    0,    0,    0,    0,    0,    0,    0,    0,    0,    0,    0,
       0,    0,   -7,    0,    0,    0,    0,    0,    0,    0,    0,    0,    0,    0,    0,    0,  -11,    0,    0,    0,    0,    0,    0,    0,    0,    0,    0,    0,    0,    0,    0,    0,    0,  -40,    0,  -14,  -14,    0,  -26,    0,    0,    0,    0,    0,    0,    0,    0,    0,    0,    0,    0,   -5,    0,    0,    0,    0,    0,    0,    0,    0,   -2,    0,    0,    0,    0,    0,    0,    0,    0,    0,    0,    0,    0,    0,    0,    0,    0,    0,    0,    0,    0,   -5,    0,    0,    0,    0,    0,    0,    0,  -40,  -40,  -40,    0,    0,    0,    1,    0,  -12,   -7,    0,    0,    0,    0,    0,   -7,    0,    0,    0,    0,    0,    0,    0,    0,    0,    0,    0,    0,
       0,    0,    9,    0,    0,    0,    0,    2,   32,   15,    0,    0,    0,    0,    0,    0,   12,    0,    0,    0,    0,   12,    0,    0,    0,    0,    0,    0,    0,    0,    8,    0,    0,   11,    0,    0,    0,    0,    0,    0,   15,    0,    0,    0,    0,   10,    7,    7,    0,    0,    0,    0,    0,    0,    0,    0,    0,   11,    0,    0,    4,   15,    0,    0,    0,    0,    0,    0,    0,    0,    0,    0,    0,    0,    0,   10,   10,   21,   11,    0,    0,    0,    0,    0,    8,   11,   11,    7,    0,   11,   11,   11,    0,    8,   21,   12,   11,    9,    0,    0,    0,    0,    0,    0,    0,    0,    0,    0,    0,    0,    0,    0,   -5,    0,    0,    0,    0,
       0,    0,    0,    0,    0,    0,    0,    0,    0,    0,    0,    0,    0,    0,    0,    0,    0,    0,    0,    0,    0,    0,    0,    0,    0,    0,    0,    0,    0,    0,    9,    0,    0,    9,    0,    0,    0,    0,    0,    0,    0,    0,    0,    0,    0,    9,   11,    0,    0,    0,    0,    0,    0,    0,    0,    0,    0,    0,    0,    0,    0,    0,    0,    0,    0,    0,    0,    0,    0,    0,    0,    0,    0,    0,    0,    9,    9,   11,   11,    0,    0,    0,    0,    0,   11,   11,   11,   11,    0,    9,    9,    9,    0,    9,    9,   11,   11,    0,    0,    0,    0,    0,    0,    0,    0,    0,    0,    0,    0,    0,    0,    0,    0,    0,    0,    0,    0,
       0,    0,    0,    0,    0,    0,    0,    0,    0,    0,    0,    0,    0,    0,    0,    0,   12,    0,    0,    0,    0,   24,    0,    0,    0,    0,    0,    0,    0,    0,   18,    0,    0,   24,    0,   23,    0,    0,    0,   24,    0,    0,    0,    0,   11,   29,   26,    3,    0,   14,    0,    0,    0,    0,    0,    0,    0,    0,    0,    0,    0,    0,    0,    0,    0,    0,    0,    0,    0,   11,    0,    0,    0,    0,    0,   29,   29,   29,   44,    0,    0,    0,    0,    0,   18,   44,   44,   26,    0,   24,   24,   24,    0,   38,   29,   29,   44,    0,    0,    0,    0,    0,    0,    0,    0,    0,    0,    0,    0,    0,    0,    0,    0,    0,    0,    0,    0,
       0,    0,    0,    0,    0,    0,    0,    0,    0,    0,    0,    0,    0,    0,    0,    0,   12,    0,    0,    0,    0,   24,    0,    0,    0,    0,    0,    0,    0,    0,   18,    0,    0,   24,    0,   23,    0,    0,    0,   24,    0,    0,    0,    0,   11,   29,   29,    3,    0,   14,    0,    0,    0,    0,    0,    0,    0,    0,    0,    0,    0,    0,    0,    0,    0,    0,    0,    0,    0,   11,    0,    0,    0,    0,    0,   29,   29,   29,   44,    0,    0,    0,    0,    0,   18,   44,   44,   29,    0,   24,   24,   24,    0,   38,   29,   14,   44,    0,    0,    0,    0,    0,    0,    0,    0,    0,    0,    0,    0,    0,    0,    0,    0,    0,    0,    0,    0,
       0,    0,    0,    0,    0,    0,    0,    0,    0,    0,    0,    0,    0,    0,    0,    0,   12,    0,    0,    0,    0,   24,    0,    0,    0,    0,    0,    0,    0,    0,   18,    0,    0,   24,    0,   23,    0,    0,    0,   24,    0,    0,    0,    0,   11,   29,   17,    3,    0,   14,    0,    0,    0,    0,    0,    0,    0,    0,    0,    0,    0,    0,    0,    0,    0,    0,    0,    0,    0,   11,    0,    0,    0,    0,    0,   29,   29,   29,   44,    0,    0,    0,    0,    0,   18,   44,   44,   26,    0,   24,   24,   24,    0,   38,   29,   14,   44,    0,    0,    0,    0,    0,    0,    0,    0,    0,    0,    0,    0,    0,    0,    0,    0,    0,    0,    0,    0,
       0,    0,    0,    0,    0,    0,    0,    0,    1,    0,    0,    0,    0,    0,    0,    0,    0,    0,    0,    0,    0,    0,    0,    0,    0,    0,    0,    0,    0,    0,    0,    0,    0,    0,    0,    0,    0,    0,    0,    0,    0,    0,    0,    0,    0,    0,    0,    0,    0,    0,    0,    0,    0,    0,    0,    0,    1,    0,    0,    0,    0,    0,    0,    0,    0,    0,    0,    0,    0,    0,    0,    0,    0,    0,    0,    0,    0,    0,   27,    0,    0,    0,    0,    0,    0,   28,   27,    0,    0,    0,    0,    0,    0,    0,    0,   20,   28,    0,    0,    0,    0,    0,    0,    0,    0,    0,    0,    0,    0,    0,    0,    0,    0,    0,    0,    0,    0,
       0,    0,  -24,    0,    0,    0,    0,    0,    0,  -47,  -30,    0,  -30,    0,    0,    0,  -12,    0,    0,    0,    0,    0,    0,    0,    0,    0,    0,   -2,   -8,    0,    0,   -8,    0,  -24,    0,  -21,  -10,    0,  -26,    0,  -47,    0,    0,    0,    0,    0,    0,    0,    0,   -6,    0,  -18,    0,    0,    0,  -30,    0,  -26,  -17,  -30,  -21,  -47,    0,    0,  -21,  -30,    0,    0,    0,    0,    0,   -9,    0,    0,    0,    0,    0,    0,    0,    0,    0,  -18,    0,    0,    0,    0,    0,    0,    0,  -24,  -24,  -24,    0,    0,    0,    0,    0,  -23,  -23,    0,  -12,  -12,   -9,    0,  -41,    0,    0,    0,    0,    0,    0,    0,    0,    0,    0,    0,    0,
       0,    0,    0,    0,    0,    0,    0,    0,    4,    0,    0,    0,    0,    0,    0,    0,    0,    0,    0,    0,    0,    0,    0,    0,    0,    0,    0,    0,    0,    0,    0,    0,    0,    0,    0,    0,    0,    0,    0,    0,    0,    4,    0,    0,    0,    0,    0,    0,    0,    3,    0,    3,    0,    0,    0,    0,    0,    0,    0,    0,    0,    0,    0,    0,    0,    0,    0,    0,    0,    0,    9,    0,    0,    0,    0,    0,    0,    0,   18,    0,    0,    3,    0,   10,    0,   18,   18,    0,    0,    0,    0,    0,    0,    0,    0,   21,   18,    0,    0,    0,    0,    0,    0,    0,    0,    0,    0,    0,    0,    0,    0,    0,    0,    0,    0,    0,    0,
       0,    0,  -24,    0,    0,    0,    0,    0,    0,  -45,  -27,    0,  -27,    0,    0,    0,  -12,    0,    0,    0,    0,    0,    0,    0,    0,    0,    0,   -2,   -8,    0,    0,   -8,    0,  -24,    0,  -21,  -10,    0,  -26,    0,  -35,    0,    0,    0,    0,    0,    0,    0,    0,   -6,    0,  -18,    0,    0,    0,  -27,    0,  -26,  -17,  -27,  -21,  -47,    0,    0,  -21,  -27,    0,    0,    0,    0,    0,   -9,    0,    0,    0,    0,    0,    0,    0,    0,    0,  -18,    0,    0,    0,    0,    0,    0,    0,  -24,  -24,  -24,    0,    0,    0,    0,    0,  -23,  -23,    0,  -12,  -12,   -9,    0,  -41,    0,    0,    0,    0,    0,    0,    0,    0,    0,    0,    0,    0,
       0,    0,    0,    0,    0,    0,    0,    0,    0,    0,    0,    0,    0,    0,    0,    0,    0,    0,    0,    0,    0,    0,    0,    0,    0,    0,    0,    0,    0,    0,    0,    0,    0,    0,    0,    0,    0,    0,   -9,    0,    0,    0,    0,    0,    0,    0,    0,    0,    0,    0,    0,    0,    0,    0,    0,    0,    0,    0,    0,    0,    0,    0,    0,    0,    0,    0,    0,    0,    0,    0,    0,    0,    0,    0,    0,    0,    0,    0,    0,    0,    0,    0,    0,    0,    0,    0,    0,    0,    0,    0,    0,    0,    0,    0,    0,    0,    0,    0,    0,    0,    0,    0,    0,    0,    0,    0,    0,    0,    0,    0,    0,    0,    0,    0,    0,    0,    0,
       0,    0,    0,    0,    0,    0,    0,    0,    4,    0,    0,    0,    0,    0,    0,    0,    0,    0,    0,    0,    0,    0,    0,    0,    0,    0,    0,    0,    0,    0,    0,    0,    0,    0,    0,    0,    0,    0,    0,    0,    0,    4,    0,    0,    0,    0,    0,    0,    0,    3,    0,    3,    0,    0,    0,    0,    0,    0,    0,    0,    0,    0,    0,    0,    0,    0,    0,    0,    0,    0,   18,    0,    0,    0,    0,    0,    0,    0,   18,    0,    0,    3,    0,    9,    0,   18,   18,    0,    0,    0,    0,    0,    0,    0,    0,   11,   18,    0,    0,    0,    0,    0,    0,    0,    0,    0,    0,    0,    0,    0,    0,    0,    0,    0,    0,    0,    0,
       0,    0,  -24,    0,    0,    0,    0,    0,    0,  -44,  -18,    0,  -31,    0,    0,    0,  -12,    0,    0,    0,    0,    0,    0,    0,    0,    0,    0,   -2,   -8,    0,    0,   -8,    0,  -24,    0,  -21,  -10,    0,  -38,    0,  -44,    0,    0,    0,    0,    0,    0,    0,    0,   -6,    0,  -18,    0,    0,    0,  -28,    0,  -26,  -17,  -52,  -21,  -44,    0,    0,  -21,  -34,    0,    0,    0,    0,    0,   -9,    0,    0,    0,    0,    0,    0,    0,    0,    0,  -18,    0,    0,    0,    0,    0,    0,    0,  -24,  -24,  -24,    0,    0,    0,    0,    0,  -23,  -32,    0,  -12,  -12,   -9,    0,  -32,    0,    0,    0,    0,    0,    0,    0,    0,    0,    0,    0,    0,
       0,    0,    0,    0,    0,    0,    0,    0,    4,    0,    0,    0,    0,    0,    0,    0,    0,    0,    0,    0,    0,    0,    0,    0,    0,    0,    0,    0,    0,    0,    0,    0,    0,    0,    0,    0,    0,    0,    0,    0,    0,    4,    0,    0,    0,    0,    0,    0,    0,    9,    0,    3,    0,    0,    0,    0,    0,    0,    0,    0,    0,    0,    0,    0,    0,    0,    0,    0,    0,    0,   18,    0,    0,    0,    0,    0,    0,    0,   18,    0,    0,    3,    0,    9,    0,   18,   18,    0,    0,    0,    0,    0,    0,    0,    0,   11,   18,    0,    0,    0,    0,    0,    0,    0,    0,    0,    0,    0,    0,    0,    0,    0,    0,    0,    0,    0,    0,
       0,    0,    0,    0,   -2,    0,   -9,    0,    0,    0,  -26,   -9,  -26,   -9,  -35,   -9,    0,    0,    0,  -18,    0,  -21,    0,    0,   -9,  -21,   -9,    0,   -9,  -24,    0,   -9,  -24,    0,    0,    0,    0,    0,    2,    0,    0,  -15,  -21,  -23,    0,    0,    0,  -16,  -21,  -25,  -37,  -18,  -18,  -23,  -24,  -26,    0,    0,  -35,  -26,    0,    0,    0,  -37,    0,  -26,    0,  -14,    0,    0,    0,   -9,  -32,  -32,  -37,    0,    0,    0,   24,  -37,  -37,  -27,  -21,    0,    0,   24,   24,    0,  -23,    0,    0,    0,  -37,    0,    0,   38,   24,    0,    0,  -32,    0,    0,   -9,  -32,    0,    0,    0,    0,    0,    0,    0,    0,  -15,    0,    0,    0,    0,
       0,    0,    0,    0,   -2,    0,   -9,    0,    0,    0,  -26,   -9,  -26,   -9,  -35,   -9,    0,    0,    0,  -18,    0,  -21,    0,    0,   -9,  -21,   -9,    0,   -9,  -24,    0,   -9,  -24,    0,    0,    0,    0,    0,    2,    0,    0,  -15,  -21,  -23,    0,    0,    0,  -16,  -21,  -25,  -21,  -18,  -18,   -9,  -14,  -26,    0,    0,  -35,  -26,    0,    0,    0,  -49,    0,  -26,    0,  -14,    0,    0,    0,   -9,  -32,  -32,  -37,    0,    0,    0,   24,  -37,  -38,  -27,  -21,    0,    0,   24,   24,    0,  -23,    0,    0,    0,  -32,    0,    0,   38,   24,    0,    0,  -32,    0,    0,   -9,  -32,    0,    0,    0,    0,    0,    0,    0,    0,  -15,    0,    0,    0,    0,
       0,    0,    0,    0,   -2,    0,   -9,    0,    0,    0,  -15,   -9,  -15,   -9,  -35,   -9,    0,    0,    0,  -18,    0,  -21,    0,    0,   -9,  -21,   -9,    0,   -9,  -41,    0,   -9,  -56,    0,    0,    0,    0,    0,    2,    0,    0,  -15,  -21,  -23,    0,    0,    0,  -16,  -21,  -25,  -21,  -18,  -18,   -9,  -14,  -15,    0,    0,  -35,  -15,    0,    0,    0,  -49,    0,  -36,    0,  -14,    0,    0,    0,   -9,  -32,  -32,  -37,    0,    0,    0,   24,  -37,  -38,  -27,  -21,    0,    0,   24,   24,    0,  -23,    0,    0,    0,  -32,    0,    0,   38,   24,    0,    0,  -32,    0,    0,   -9,  -32,    0,    0,    0,    0,    0,    0,    0,    0,  -24,    0,    0,    0,    0,
       0,    0,    0,    0,    0,    0,    0,    0,    0,    0,    0,    0,    0,    0,    0,    0,    0,    0,    0,    0,    0,    0,    0,    0,    0,    0,    0,    0,    0,    0,    0,    0,    0,    0,    0,    0,    0,    0,    0,    0,    0,    0,  -16,  -17,  -11,    0,    0,  -16,  -16,  -11,  -16,  -15,  -15,  -15,  -16,    0,    0,    0,    0,    0,    0,    0,    0,  -16,    0,    0,    0,    0,    0,    0,    0,    0,  -16,  -16,  -17,    0,    0,    0,    0,  -17,  -16,  -15,  -16,    0,    0,    0,    0,    0,  -17,    0,    0,    0,  -16,    0,    0,    0,    0,    0,    0,    0,    0,    0,    0,    0,    0,    0,    0,    0,    0,    0,    0,    0,    0,    0,    0,    0,    0,
       0,    0,    0,    0,    0,    0,    0,    0,    0,    0,    0,    0,    0,    0,    0,    0,    0,    0,    0,    0,    0,    0,    0,    0,    0,    0,    0,    0,    0,    0,    0,    0,    0,  -20,    0,    0,    0,    0,    0,    0,    0,    0,    0,   -5,    0,    0,    0,    0,    0,    0,    0,    0,    0,    0,    0,    0,    0,    0,    0,    0,    0,    0,    0,    0,    0,    0,    0,    0,    0,    0,    0,    0,    0,    0,   -5,    0,    0,    0,    0,   -5,    0,    0,    0,    0,    0,    0,    0,    0,   -5,  -20,  -20,  -20,    0,    0,    0,    0,    0,    0,    0,    0,    0,    0,    0,    0,    0,    0,    0,    0,    0,    0,    0,    0,    0,    0,    0,    0,    0,
       0,    0,    0,    0,    0,    0,    0,    0,    1,    0,    0,    0,    0,    0,    0,    0,    0,    0,    0,    0,    0,    0,    0,    0,    0,    0,    0,    0,    0,    0,    0,    0,    0,    0,    0,    0,    0,    0,    0,    0,    0,    0,    0,    0,    0,    0,    0,    0,    0,    0,    0,    0,    0,    0,    0,    0,    1,    0,    0,    0,    0,    0,    0,    0,    0,    0,    0,    0,    0,    0,    0,    0,    0,    0,    0,    0,    0,    0,   27,    0,    0,    0,    0,    0,    0,   27,   27,    0,    0,    0,    0,    0,    0,    0,    0,   28,   27,    0,    0,    0,    0,    0,    0,    0,    0,    0,    0,    0,    0,    0,    0,    0,    0,    0,    0,    0,    0,
       0,    0,   -6,    0,    0,    0,    0,    0,   -3,    0,    0,    0,    0,    0,    0,    0,   -9,    0,    0,    0,    0,    0,    0,    0,    0,    0,    0,    0,    0,   -8,    0,    0,    0,  -44,    0,  -17,  -14,   -8,  -31,    0,    0,    0,    2,    0,    0,    0,    0,    0,    0,    0,    0,   -5,   -4,   -6,   -5,    0,    0,   -9,    0,    0,   -3,    0,    0,    0,    0,    0,    0,    0,    0,    0,    0,    0,    2,    2,    0,    0,    0,    0,    0,    0,    0,   -5,    2,    0,    0,    0,    0,    0,    0,  -44,  -44,  -44,    0,    0,    0,   11,    0,  -17,   -6,    0,    0,    0,    0,    0,   -6,    0,    0,    0,    0,    0,    0,    0,    0,    0,    0,    0,    0,
       0,    0,    0,    0,    0,    0,    0,    0,    0,    0,    0,    0,    0,    0,    0,    0,    0,    0,    0,    0,    0,    0,    0,    0,    0,    0,    0,    0,    0,    0,    0,    0,    0,    0,    0,    0,    0,    0,    0,    0,    0,    0,    0,    0,    0,    0,    0,    0,    0,    0,    0,    0,    0,    0,    0,    0,    0,    0,    0,    0,    0,    0,    0,    0,    0,    0,    0,    0,    0,    0,    0,    0,    0,    0,    0,    0,    0,    0,    0,    0,    0,    0,    0,    0,    0,    0,    0,    0,    0,    0,    0,    0,    0,    0,    0,    9,    0,    0,    0,    0,    0,    0,    0,    0,    0,    0,    0,    0,    0,    0,    0,    0,    0,    0,    0,    0,    0,
       0,    0,    0,    0,    0,    0,    0,    0,    0,    0,  -10,    0,  -10,    0,   -9,    0,    0,    0,    0,    0,    0,    0,    0,    0,    0,  -11,    0,    0,    0,    0,    0,    0,    0,  -26,    0,    0,    0,    0,  -15,    0,    0,   -9,    0,    0,    0,    0,    0,    0,    0,    0,    0,    0,    0,    0,    0,  -10,    0,    0,    0,  -19,    0,    0,    0,    0,    0,  -10,    0,    0,    0,    0,    1,    0,    0,    0,    0,    0,    0,    0,    0,    0,    0,    0,    0,    6,    0,    0,    0,    0,    0,  -26,  -26,  -26,    0,    0,    0,    0,    0,  -11,    4,    0,    0,    0,    0,    0,    4,    0,    0,    0,    0,    0,    0,    0,   -8,    0,    0,    0,    0,
       0,    0,    0,    0,    0,    0,    0,    0,    0,    0,    0,    0,    0,    0,    0,    0,    0,    0,    0,    0,    0,    0,    0,    0,    0,    0,    0,    0,    0,    0,    0,    0,    0,    0,    0,    0,    0,    0,    0,    0,    0,    0,    0,    0,    0,    0,    0,    0,    0,    0,    0,    0,    0,    0,    0,    0,    0,    0,    0,    0,    0,    0,    0,    0,    0,    0,    0,    0,    0,    0,    0,    0,    0,    0,    0,    0,    0,    0,   11,    0,    0,    0,    0,    0,    0,   11,   11,    0,    0,    0,    0,    0,    0,    0,    0,   20,   11,    0,    0,    0,    0,    0,    0,    0,    0,    0,    0,    0,    0,    0,    0,    0,    0,    0,    0,    0,    0,
       0,    0,    0,    0,    0,    0,    0,    0,    1,    0,    0,    0,    0,    0,    0,    0,    0,    0,    0,    0,    0,    0,    0,    0,    0,    0,    0,    0,    0,    0,    0,    0,    0,    0,    0,    0,    0,    0,    0,    0,    0,    0,    0,    0,    0,    0,    0,    0,    0,    0,    0,    0,    0,    0,    0,    0,    1,    0,    0,    0,    0,    0,    0,    0,    0,    0,    0,    0,    0,    0,    0,    0,    0,    0,    0,    0,    0,    0,   27,    0,    0,    0,    0,    0,    0,   27,   27,    0,    0,    0,    0,    0,    0,    0,    0,   23,   27,    0,    0,    0,    0,    0,    0,    0,    0,    0,    0,    0,    0,    0,    0,    0,    0,    0,    0,    0,    0,
       0,    0,    0,    0,    0,    0,    0,    0,    0,    0,    0,    0,    0,    0,    0,    0,   12,    0,    0,    0,    0,   24,    0,    0,    0,    0,    0,    0,    0,    0,   18,    0,    0,   24,    0,   23,    0,    0,    0,   24,    0,    0,    0,    0,   11,   26,   29,    3,    0,   14,    0,    0,    0,    0,    0,    0,    0,    0,    0,    0,    0,    0,    0,    0,    0,    0,    0,    0,    0,   11,    0,    0,    0,    0,    0,   26,   26,   26,   44,    0,    0,    0,    0,    0,   18,   44,   44,   29,    0,   24,   24,   24,    0,   38,   26,   26,   54,    0,    0,    0,    0,    0,    0,    0,    0,    0,    0,    0,    0,    0,    0,    0,    0,    0,    0,    0,    0,
       0,    0,    0,    0,    0,    0,  -17,    0,    0,    0,    0,  -28,    0,  -28,  -26,    0,    0,    0,    0,  -17,    0,    0,    0,    0,    0,    0,    0,    0,    0,  -26,    0,    0,  -39,    0,    0,    0,    0,    0,    0,    0,    0,    0,    0,  -11,    0,    0,    0,    0,   -5,    0,    0,    0,    0,    0,    0,    0,    0,    0,    0,    0,    0,    0,    0,    0,    0,    0,    0,    0,  -17,    0,    0,    0,    0,    0,  -11,    0,    0,    0,    0,  -11,    0,    0,    0,    0,    0,    0,    0,    0,  -11,    0,    0,    0,    0,    0,    0,    0,    0,    0,    0,  -26,    0,    0,    0,  -28,    0,    0,    0,    0,    0,    0,    0,    0,    0,    0,    0,    0,    0,
       0,    0,    0,  -33,    0,    0,  -18,    0,    0,    0,  -14,  -35,  -14,  -35,  -38,  -12,    0,    0,    0,  -26,    0,  -17,  -11,    0,  -15,  -26,  -15,    0,  -15,  -36,    0,  -15,  -33,    0,    0,    0,    0,    0,    0,    0,    0,  -11,  -15,  -17,    0,    0,    0,   -8,  -18,    2,  -11,    3,    0,    0,    0,  -26,    0,    0,  -23,  -14,    0,    0,    0,  -23,   -3,  -14,    0,    0,  -18,    0,    0,    0,  -15,  -15,  -17,    0,    0,    0,    0,  -17,  -11,    3,  -15,    0,    0,    0,    0,    0,  -17,    0,    0,    0,  -11,    0,    0,    0,    0,    0,    0,    0,    0,    0,    0,  -35,    0,    0,    0,    0,    0,    0,    0,    0,    0,    0,    0,    0,    0,
       0,    0,    0,    0,    0,    0,    0,    0,    0,    0,    0,    0,    0,    0,    0,    0,  -18,    0,    0,    0,    0,    0,    0,    0,    0,    0,    0,    0,    0,    0,    0,    0,    0,  -26,    0,  -24,  -17,    0,  -29,    0,    0,    0,   -9,    0,    0,    0,    0,    0,    0,    0,    0,  -14,    0,    0,    0,    0,    0,    0,    0,    0,    0,    0,    0,    0,    0,    0,    0,    0,    0,    0,    0,    0,   -9,   -9,    0,    0,    0,    0,    0,    0,    0,  -14,   -9,    0,    0,    0,    0,    0,    0,  -26,  -26,  -26,    0,    0,    0,    0,    0,  -33,  -26,    0,    0,    0,    0,    0,  -26,    0,    0,    0,    0,    0,    0,    0,    0,    0,    0,    0,    0,
       0,    0,    0,    0,    0,    0,    0,    0,    0,    0,    0,    0,    0,    0,    0,    0,    0,    0,    0,    0,    0,    0,    0,    0,    0,    0,    0,    0,    0,   -9,    0,    0,    0,   -9,    0,  -11,    0,  -12,  -12,    0,    0,    0,    0,    0,    0,    0,    0,    0,    0,    0,    0,    0,    0,    0,    0,    0,    0,    0,    0,    0,    0,    0,    0,    0,    0,    0,    0,    0,    0,    0,    0,    0,    0,    0,    0,    0,    0,    0,    0,    0,    0,    0,    0,    0,    0,    0,    0,    0,    0,   -9,   -9,   -9,    0,    0,    0,    0,    0,    0,    0,    0,    0,    0,    0,    0,    0,    0,    0,    0,    0,    0,    0,    0,    0,    0,    0,   -9,    0,
      -8,   -3,  -26,    0,    0,    0,    0,    0,    0,    0,    0,    0,    0,    0,    0,   -8,  -25,    0,   -6,    0,   -2,   -7,   -7,   -3,    0,    0,    0,  -27,  -12,    0,    0,  -12,    0,   -9,    0,    0,    0,    0,  -17,    0,    0,    0,    0,    0,    0,    0,    0,    0,    0,    0,    0,    0,    0,    0,    0,    0,    0,    0,    0,    0,    0,    0,    0,    0,  -16,    0,    0,    0,    0,    0,    0,    0,    0,    0,    0,    0,    0,    0,    0,    0,    0,    0,    0,    0,    0,    0,    0,    0,    0,   -9,   -9,   -9,    0,    0,    0,    0,    0,    0,  -25,    0,  -36,  -48,    0,    0,  -25,    0,    0,    0,    0,    0,    0,    0,    0,    0,    0,    0,    0,
       0,    0,    0,    0,    0,    0,    0,    0,    0,    0,    0,    0,    0,    0,    0,    0,    0,    0,    0,    0,    0,    0,    0,    0,    0,    0,    0,    0,    0,    0,    0,    0,    0,    0,    0,    0,    0,    0,    0,    0,    0,    0,    0,    0,    0,    0,    0,    0,    0,    0,    0,    0,    0,    0,    0,    0,    0,    0,    0,    0,    0,    0,    0,    0,    0,    0,    0,    0,    0,    0,    0,    0,    0,    0,    0,    0,    0,    0,    0,    0,    0,    0,    0,    0,    0,    0,    0,    0,    0,    0,    0,    0,    0,    0,    0,    0,    0,    0,    0,    0,    0,    0,    0,    0,    0,    0,    0,    0,    0,    6,    0,    0,    0,    0,    0,    0,    0,
       0,    0,    0,    0,    0,    0,    0,    0,    0,    0,    0,    0,    0,    0,    0,    0,    0,    0,    0,    0,    0,    0,    0,    0,    0,    0,    0,    0,    0,    0,    0,    0,    0,    0,    0,    0,    0,    0,    0,    0,    0,    0,    0,    0,    0,    0,    0,    0,    0,    0,    0,    0,    0,    0,    0,    0,    0,    0,    0,    0,    0,    0,    0,    0,    0,    0,   -2,    0,    0,    0,    0,    0,    0,    0,    0,    0,    0,    0,    0,    0,    0,    0,    0,    0,    0,    0,    0,    0,    0,    0,    0,    0,    0,    0,    0,    0,    0,    0,    0,    0,    0,    0,    0,    0,    0,    0,    0,   -4,    0,    0,    0,    0,    0,    0,    0,    0,    0,
       0,    0,    0,    0,    0,    0,    0,    0,    0,    0,    0,    0,    0,    0,    0,    0,    0,    0,    0,    0,    0,    0,    0,    0,    0,    0,    0,    0,    0,    0,    0,    0,    0,    0,    0,    0,    0,    0,    0,    0,    0,    0,    0,    0,    0,    0,    0,    0,    0,    0,    0,    0,    0,    0,    0,    0,    0,    0,    0,    0,    0,    0,    0,    0,    0,    0,    0,    0,    0,    0,    0,    0,    0,    0,    0,    0,    0,    0,    0,    0,    0,    0,    0,    0,    0,    0,    0,    0,    0,    0,    0,    0,    0,    0,    0,    0,    0,    0,    0,    0,    0,    0,    0,    0,    0,    0,  -14,    3,   -2,    0,   -9,    0,    0,    0,    0,    0,    0,
       0,    0,    0,    0,    0,    0,    0,    0,    0,    0,    0,    0,    0,    0,    0,    0,    0,    0,    0,    0,    0,    0,    0,    0,    0,    0,    0,    0,    0,    0,    0,    0,    0,    0,    0,    0,    0,    0,    0,    0,    0,    0,    0,    0,    0,    0,    0,    0,    0,    0,    0,    0,    0,    0,    0,    0,    0,    0,    0,    0,    0,    0,   -4,    0,    0,    0,    0,    0,    0,    0,    0,    0,    0,    0,    0,    0,    0,    0,    0,    0,    0,    0,    0,    0,    0,    0,    0,    0,    0,    0,    0,    0,    0,    0,    0,    0,    0,    0,    0,    0,    0,    0,    0,    0,    0,    0,    0,   -5,    0,    0,    0,    0,    0,    0,    0,    0,    0,
       0,    0,    0,    0,    0,    0,    0,    0,    0,    0,    0,    0,    0,    0,    0,    0,    0,    0,    0,    0,    0,    0,    0,    0,    0,    0,    0,    0,    0,    0,    0,    0,    0,    0,    0,    0,    0,    0,    0,    0,    0,    0,    0,    0,    0,    0,    0,    0,    0,    0,    0,    0,    0,    0,    0,    0,    0,    0,    0,    0,    0,    0,    0,    0,    0,    0,    0,    0,    0,    0,    0,    0,    0,    0,    0,    0,    0,    0,    0,    0,    0,    0,    0,    0,    0,    0,    0,    0,    0,    0,    0,    0,    0,    0,    0,    0,    0,    0,    0,    0,    0,    0,    0,    0,    0,    0,    0,    0,    0,    0,    2,    0,    0,    0,    0,    0,    0,
       0,    0,    0,    0,    0,    0,    0,    0,    0,    0,    0,    0,    0,    0,    0,    0,  -11,    0,    0,    0,    0,    0,    0,    0,    0,    0,    0,    0,  -10,    0,    0,  -10,    0,  -15,    0,  -38,  -27,    0,  -46,    0,    0,    0,    0,    0,    0,    0,    2,    0,    0,    0,    0,   -6,    0,    0,    0,    0,    0,    0,    0,    0,    0,    0,    0,    0,    0,    0,    0,    0,    0,    0,    0,    0,    0,    0,    0,    0,    0,    0,    0,    0,    0,   -6,    0,    0,    0,    0,    0,    2,    0,  -15,  -15,  -24,    0,    0,    0,    0,    0,    0,    0,    0,    0,    0,    0,    0,    0,    0,    0,    0,    0,    0,    0,    0,   -8,   -4,    0,    0,    0,
       0,    0,    0,    0,    0,    0,    0,    0,    0,    0,    0,    0,    0,    0,    0,    0,    0,    0,    0,    0,    0,    0,    0,    0,    0,    0,    0,    0,    0,    0,    0,    0,    0,    0,    0,    0,    0,    0,    0,    0,    0,    0,    0,    0,    0,    0,    0,    0,    0,    0,    0,    0,    0,    0,    0,    0,    0,    0,    0,    0,    0,    0,    0,    0,    0,    0,    0,    0,    0,    0,    0,    0,    0,    0,    0,    0,    0,    0,    0,    0,    0,    0,    0,    0,    0,    0,    0,    0,    0,    0,    0,    0,    0,    0,    0,    0,    0,    0,    0,    0,    0,    0,    0,    0,    0,    0,    0,    0,    0,    0,    0,   -4,    0,    0,    0,    0,    0,
       0,    0,    0,    0,    0,    0,    0,    0,    0,    0,    0,    0,    0,    0,    0,    0,    0,    0,    0,    0,    0,    0,    0,    0,    0,    0,    0,    0,    0,    0,    0,    0,    0,    0,    0,    0,    0,    0,    0,    0,    0,    0,    0,    0,    0,    0,    0,    0,    0,    0,    0,    0,    0,    0,    0,    0,    0,    0,    0,    0,    0,    0,    0,    0,    0,    0,    0,    0,    0,    0,    0,    0,    0,    0,    0,    0,    0,    0,    0,    0,    0,    0,    0,    0,    0,    0,    0,    0,    0,    0,    0,    0,    0,    0,    0,    0,    0,    0,    0,    0,    0,    0,    0,    0,    0,    0,    0,    0,    0,    0,    0,    0,  -11,    0,    0,    0,    0,
       0,    0,    0,    0,    0,    0,    0,    0,    0,    0,    0,    0,    0,    0,    0,    0,    0,    0,    0,    0,    0,    0,    0,    0,    0,    0,    0,    0,    0,    0,    0,    0,    0,    0,    0,    0,    0,    0,    0,    0,    0,    0,    0,    0,    0,    0,    0,    0,    0,    0,    0,    0,    0,    0,    0,    0,    0,    0,    0,    0,    0,    0,    0,    0,    0,    0,    0,    0,    0,    0,    0,    0,    0,    0,    0,    0,    0,    0,    0,    0,    0,    0,    0,    0,    0,    0,    0,    0,    0,    0,    0,    0,    0,    0,    0,   11,    0,    0,    0,    0,    0,    0,    0,    0,    0,    0,    0,    0,    0,    0,    0,    0,    0,    0,    0,    0,    0,
       0,    0,    0,    0,    0,    0,    0,    0,    0,    0,    0,    0,    0,    0,    0,   -2,    0,    0,    0,    0,    0,    0,    0,    0,    0,    0,    0,    0,    0,    0,    0,    0,    0,    0,    0,    0,    0,    0,    0,    0,    0,    0,    0,    0,    0,    0,    0,    0,    0,    0,    0,    0,    0,    0,    0,    0,    0,    0,    0,    0,    0,    0,    0,    0,    0,    0,    0,    0,    0,    0,    0,    0,    0,    0,    0,    0,    0,    0,    0,    0,    0,    0,    0,    0,    0,    0,    0,    0,    0,    0,    0,    0,    0,    0,    0,    0,    0,    0,    0,    0,    0,    0,    0,    0,    0,    0,    0,    0,    0,    0,    0,    0,    0,    0,    0,    0,    0,
       0,    0,    0,    0,    0,    0,    0,    0,    0,    0,    0,  -18,    0,  -18,  -11,    0,    0,    0,    0,    0,    0,    0,    0,    0,    0,    0,    0,    0,    0,    0,    0,    0,    0,    0,    0,    0,    0,    0,    0,    0,    0,  -14,    0,    0,    0,    0,    0,    0,    0,    0,    0,    0,    0,    0,    0,    0,    0,    0,    0,    0,    0,    0,    0,    0,    0,    0,    0,    0,    0,    0,    0,    0,    0,    0,    0,    0,    0,    0,    0,    0,    0,    0,    0,    0,    0,    0,    0,    0,    0,    0,    0,    0,    0,    0,    0,    0,    0,    0,    0,    0,    0,    0,    0,  -18,    0,    0,    0,    0,    0,    0,    0,    0,    0,    0,    0,    0,    0,
};

static const EpdFontData inter_8_bold = {
    inter_8_boldBitmaps,
    inter_8_boldGlyphs,
    inter_8_boldIntervals,
    56,
    20,
    17,
    -5,
    true,
    inter_8_boldGroups,
    10,
    nullptr,
    inter_8_boldKernLeftClasses,
    inter_8_boldKernRightClasses,
    inter_8_boldKernMatrix,
    458,
    458,
    122,
    117,
    nullptr,
    0,
};
