/**
 * generated by fontconvert.py
 * name: inter_10_bold
 * size: 10
 * mode: 2-bit  compressed: true
 * Command used: fontconvert.py inter_10_bold 10 ../builtinFonts/source/Inter/Inter-Bold.ttf --2bit --compress --pnum --exclude-intervals 0x0400,0x04FF --exclude-intervals 0x1EA0,0x1EF9 --exclude-intervals 0x01A0,0x01A1 --exclude-intervals 0x01AF,0x01B0
 */
#pragma once
#include "EpdFontData.h"

static const uint8_t inter_10_boldBitmaps[13717] = {
    0x95, 0x57, 0x3D, 0x8C, 0xDC, 0xC6, 0x15, 0x7E, 0x5C, 0x5A, 0x62, 0x00, 0x02, 0x1E, 0x17, 0x3A,
    0x3B, 0x80, 0x80, 0x4C, 0x8A, 0x14, 0x41, 0x80, 0x98, 0x4D, 0xCA, 0xD3, 0xCE, 0x44, 0x2E, 0x5C,
    0x18, 0x08, 0xAE, 0xD0, 0xD9, 0x45, 0x0A, 0xF7, 0x29, 0xAC, 0x36, 0x85, 0xB4, 0xA4, 0xD4, 0xA4,
    0x08, 0x60, 0x29, 0x40, 0x14, 0x17, 0x69, 0x52, 0xB8, 0xB0, 0xE5, 0x42, 0x4D, 0x0A, 0x05, 0x58,
    0x92, 0xA3, 0xB8, 0x4C, 0x21, 0x46, 0x09, 0x94, 0xD2, 0x4C, 0x6C, 0x4B, 0x80, 0x02, 0xE8, 0x88,
    0x88, 0x42, 0x46, 0xD6, 0x90, 0x93, 0xEF, 0x0D, 0x77, 0xF7, 0xF6, 0xA4, 0x93, 0xA1, 0x70, 0xDE,
    0x9B, 0xE5, 0x0C, 0x67, 0x67, 0xDE, 0xFF, 0x7B, 0x43, 0x94, 0x87, 0xA6, 0x36, 0x6D, 0x8E, 0x76,
    0x8A, 0x08, 0x6F, 0x39, 0xDE, 0xC2, 0xA3, 0x32, 0x9A, 0x6F, 0x40, 0x32, 0xAC, 0x9F, 0xFE, 0x4D,
    0xA2, 0xEE, 0x0C, 0x45, 0xC0, 0x93, 0x8F, 0x2F, 0xEA, 0xCC, 0x7B, 0xA3, 0x80, 0x71, 0x73, 0x93,
    0x62, 0xD3, 0x53, 0x02, 0xAC, 0xBD, 0xD7, 0x40, 0x12, 0x97, 0x3B, 0x12, 0x67, 0x5B, 0x12, 0x71,
    0x4B, 0x32, 0x6E, 0xA6, 0xFF, 0xBF, 0x3A, 0xE1, 0xCC, 0xF7, 0x24, 0xFC, 0x48, 0xF2, 0x61, 0x4D,
    0xD9, 0x87, 0x99, 0x56, 0x1F, 0x12, 0x65, 0x0F, 0x09, 0x73, 0x57, 0xF1, 0x6D, 0x20, 0x92, 0x1E,
    0xEB, 0x54, 0x31, 0x7F, 0x55, 0x1A, 0xF5, 0xB3, 0xAC, 0xC8, 0x0E, 0x6A, 0xCD, 0xEB, 0xF9, 0x7F,
    0xEB, 0x3D, 0xF8, 0x89, 0x34, 0x3A, 0xD9, 0xD3, 0x2E, 0xCD, 0x97, 0xF4, 0x47, 0xDA, 0x3D, 0x13,
    0x75, 0xB4, 0xFB, 0xE3, 0xD8, 0xE0, 0x2D, 0xD5, 0xA4, 0xDC, 0xF7, 0xB0, 0x65, 0xBF, 0x1B, 0x08,
    0x7F, 0x05, 0xAB, 0xDB, 0xDA, 0x50, 0x7C, 0xEB, 0x69, 0xCB, 0x74, 0x75, 0xF4, 0xE6, 0xAC, 0xC1,
    0xEA, 0x19, 0xDE, 0xFA, 0xE8, 0x69, 0x3B, 0x6B, 0x09, 0x5F, 0x89, 0xB0, 0x0E, 0xD2, 0x88, 0x7C,
    0x41, 0x89, 0xC7, 0xC2, 0x3B, 0x60, 0xE2, 0x16, 0xF0, 0xF3, 0x8E, 0x92, 0x83, 0x86, 0x62, 0xAF,
    0x29, 0x1E, 0x22, 0x2D, 0x7D, 0x6A, 0xD4, 0xFB, 0xB7, 0x8D, 0x4A, 0x7C, 0xA1, 0x22, 0x4F, 0xEA,
    0x77, 0x1E, 0x34, 0xFB, 0x22, 0xF1, 0x57, 0x26, 0x4E, 0xD5, 0x9C, 0x1F, 0xBC, 0xC4, 0x5D, 0xDA,
    0x08, 0x23, 0x0B, 0x30, 0x19, 0xC4, 0x9D, 0xD3, 0x02, 0x6D, 0x52, 0x40, 0xA6, 0x65, 0x21, 0x4C,
    0xDA, 0x40, 0x42, 0x9B, 0x91, 0x68, 0xD2, 0x36, 0x69, 0xE3, 0x6E, 0xDD, 0x92, 0x2E, 0x69, 0x45,
    0xD8, 0x41, 0xAD, 0xD4, 0xD3, 0xD2, 0x0F, 0xFE, 0x45, 0x73, 0x5F, 0xC8, 0x91, 0xD2, 0x81, 0x94,
    0x2F, 0x7E, 0xF2, 0xA5, 0xC6, 0x24, 0xED, 0x85, 0xAF, 0x17, 0x0F, 0x41, 0x79, 0x07, 0xD8, 0x9E,
    0xE1, 0x67, 0x7E, 0xF1, 0xC2, 0xF2, 0x66, 0x4F, 0x3B, 0xE7, 0xEA, 0xA1, 0x1E, 0x98, 0xDF, 0xF9,
    0x5A, 0xF1, 0x73, 0xAC, 0x58, 0x92, 0x23, 0x1B, 0xF5, 0x33, 0x3E, 0xBB, 0x4D, 0x4C, 0x6A, 0x44,
    0x21, 0xB4, 0x0C, 0x66, 0xC2, 0x1F, 0x21, 0x9A, 0x13, 0x2C, 0x1D, 0x48, 0x03, 0x6A, 0x12, 0x5F,
    0x83, 0x6B, 0xA3, 0xB4, 0xD2, 0x4C, 0x9D, 0x30, 0x47, 0x51, 0x9A, 0x4C, 0x67, 0x05, 0x7F, 0x17,
    0x8F, 0x3D, 0x24, 0xE7, 0x88, 0xEA, 0x76, 0x65, 0x47, 0xB3, 0x41, 0x0E, 0x6A, 0xD8, 0x2D, 0xBF,
    0x5F, 0xD2, 0x71, 0xED, 0x1C, 0xA5, 0x90, 0xAB, 0xEF, 0xEA, 0xB7, 0x7B, 0x17, 0xD9, 0x4F, 0x22,
    0x4B, 0x33, 0x0B, 0x49, 0x92, 0x68, 0x28, 0xD7, 0xD1, 0x40, 0x49, 0x4F, 0xB2, 0xA1, 0xFA, 0xC1,
    0xC7, 0xDE, 0x3B, 0x00, 0xED, 0xB0, 0x49, 0x41, 0x5B, 0x78, 0x95, 0xCD, 0x48, 0x2C, 0x6B, 0x96,
    0x28, 0x61, 0x2B, 0x52, 0x16, 0xF8, 0x15, 0xD1, 0xEB, 0x63, 0x98, 0xDB, 0x21, 0xA6, 0x57, 0xE9,
    0x0C, 0xB4, 0x0B, 0xF0, 0xC0, 0xFF, 0xDB, 0x3C, 0x31, 0x68, 0x4C, 0x81, 0x12, 0xA8, 0x80, 0xE5,
    0x92, 0x22, 0xBB, 0xC4, 0xC9, 0x4B, 0x4A, 0x9B, 0x25, 0xC9, 0x62, 0x49, 0x6A, 0x7F, 0xD0, 0x6A,
    0x65, 0xF6, 0x44, 0x10, 0x20, 0x04, 0x36, 0x21, 0x1F, 0x2F, 0x01, 0xD7, 0xCE, 0x49, 0x4D, 0x19,
    0x0C, 0x3A, 0x6F, 0x32, 0x6F, 0xD5, 0xDD, 0x21, 0x82, 0x80, 0x49, 0xE1, 0x60, 0x45, 0x8B, 0xEC,
    0xEE, 0x20, 0xBC, 0x9D, 0xF9, 0x60, 0x25, 0x10, 0x25, 0x41, 0x94, 0x71, 0x10, 0x65, 0x4D, 0x2C,
    0xC4, 0x0C, 0x16, 0xAD, 0x64, 0x4B, 0xAA, 0x76, 0xA4, 0x40, 0xA2, 0x2A, 0x02, 0xB1, 0x01, 0x33,
    0xBC, 0xB3, 0xC8, 0x13, 0x16, 0xE5, 0x21, 0xD9, 0xB9, 0x1F, 0x00, 0x3B, 0xFB, 0x0E, 0xB4, 0xB2,
    0x90, 0x12, 0x08, 0xC2, 0x60, 0x33, 0x16, 0xC0, 0x82, 0x49, 0x9B, 0x64, 0x97, 0x86, 0xE9, 0x49,
    0x54, 0xDD, 0xA1, 0xA8, 0x70, 0xE6, 0xA4, 0xBC, 0x12, 0x74, 0xD8, 0xC9, 0x33, 0xEF, 0x8D, 0x2C,
    0xA4, 0x60, 0x92, 0xE1, 0xF4, 0xA6, 0x3E, 0x2A, 0xAA, 0x2D, 0x71, 0x67, 0x7F, 0x1D, 0xD7, 0x91,
    0x44, 0x07, 0xD4, 0xB9, 0x96, 0x0F, 0xBC, 0x4E, 0xFD, 0x81, 0x8E, 0xFE, 0x14, 0xB8, 0xC1, 0xEC,
    0x82, 0xE4, 0x3D, 0x07, 0x9D, 0xF6, 0xB4, 0xE2, 0x7C, 0xDB, 0xEC, 0x8E, 0x8C, 0x5E, 0x09, 0x2E,
    0xA2, 0x0E, 0x55, 0x12, 0x0C, 0xEF, 0x02, 0x4C, 0xEF, 0x26, 0xF5, 0x61, 0xFC, 0x1D, 0x8A, 0x40,
    0xBA, 0x03, 0x01, 0xD9, 0x40, 0xF9, 0x55, 0xCA, 0x1B, 0xCA, 0x46, 0x98, 0xE4, 0x57, 0xAC, 0xB5,
    0x68, 0x89, 0x05, 0x93, 0xDD, 0xB3, 0xE9, 0x4F, 0xAE, 0x18, 0xDE, 0x7F, 0x74, 0xFD, 0x93, 0xAB,
    0x41, 0x5F, 0x7E, 0xB5, 0xBE, 0xA5, 0xB4, 0xA7, 0xD3, 0x3D, 0xF6, 0x39, 0x3F, 0xF0, 0xE4, 0x13,
    0xA2, 0x82, 0xD8, 0xF9, 0x13, 0x6F, 0xA4, 0xEF, 0xD4, 0xAF, 0xAC, 0x82, 0x3C, 0x01, 0x30, 0xB6,
    0xAC, 0x85, 0xDD, 0xB1, 0x92, 0x01, 0xE7, 0xC2, 0xA6, 0x8E, 0xA9, 0x20, 0xB7, 0x45, 0xE7, 0x49,
    0x50, 0xC0, 0xCA, 0x40, 0x84, 0x88, 0xFC, 0xB5, 0xF3, 0x2D, 0xFF, 0x0F, 0x92, 0x17, 0xE6, 0x14,
    0x88, 0x97, 0x67, 0xFD, 0x72, 0x4E, 0x19, 0x34, 0x87, 0x88, 0x2A, 0x0A, 0x87, 0xA0, 0x2A, 0xE8,
    0x82, 0xA4, 0x33, 0x92, 0x76, 0xD7, 0xFD, 0x5C, 0xE8, 0x65, 0x46, 0x2A, 0xBD, 0x37, 0x2E, 0x28,
    0x7B, 0xCB, 0x1F, 0x38, 0xFC, 0xF7, 0x17, 0x27, 0xAF, 0x52, 0xDA, 0x05, 0x8F, 0x19, 0xF5, 0x77,
    0xF1, 0x53, 0x7B, 0x36, 0xE3, 0x94, 0x63, 0x24, 0xF4, 0xA0, 0x57, 0x67, 0x67, 0x58, 0xA2, 0x20,
    0x9E, 0x1C, 0xB6, 0x5E, 0x32, 0x5D, 0x03, 0xC8, 0xAB, 0x70, 0xBC, 0x82, 0xE6, 0x95, 0x4E, 0xBA,
    0xAC, 0x48, 0x61, 0xAF, 0xC2, 0xFB, 0x46, 0x3E, 0xB8, 0x81, 0x51, 0x82, 0xD9, 0xB8, 0xCF, 0x69,
    0xE6, 0xC2, 0x9E, 0x4D, 0xED, 0x6D, 0xF5, 0x9E, 0x2B, 0x69, 0x60, 0x88, 0x5C, 0xED, 0x5B, 0x40,
    0xF5, 0x2E, 0x66, 0xAA, 0x92, 0xF2, 0x92, 0xEA, 0xEA, 0xB3, 0xB1, 0xF6, 0x98, 0x6F, 0x42, 0xCC,
    0xAD, 0x47, 0x18, 0x8B, 0x37, 0xE9, 0x93, 0xF3, 0xAD, 0x6C, 0x78, 0xF7, 0xB8, 0x57, 0x7A, 0xF2,
    0xB8, 0x0D, 0x62, 0xCC, 0xF3, 0x88, 0x67, 0x5D, 0x3A, 0xD6, 0xCD, 0x0C, 0xD1, 0x91, 0xF2, 0x61,
    0xA5, 0x6E, 0x3E, 0xF4, 0x2A, 0xD0, 0x12, 0x36, 0x86, 0x97, 0xE6, 0xC0, 0xAC, 0x28, 0x11, 0x33,
    0xCA, 0x60, 0x8A, 0x6B, 0xE4, 0x31, 0xCF, 0xD7, 0x54, 0xDF, 0x18, 0xB0, 0x9E, 0xD3, 0x0B, 0x6B,
    0x89, 0xFF, 0xCA, 0x34, 0xEF, 0x9F, 0x2B, 0x83, 0x93, 0x97, 0x3C, 0xD3, 0x31, 0x5C, 0xFF, 0xC3,
    0xE1, 0xCC, 0xF5, 0x8F, 0xA7, 0x65, 0x61, 0x7D, 0x0F, 0xA8, 0xF6, 0xF7, 0x36, 0x5F, 0xF1, 0x3E,
    0xFD, 0x65, 0x33, 0xB3, 0x81, 0xC0, 0x23, 0x68, 0x3D, 0xCA, 0xE3, 0x6C, 0x8B, 0xC7, 0xDA, 0x06,
    0xD4, 0xAF, 0x5B, 0x9E, 0x17, 0x6D, 0xC2, 0x3C, 0xB6, 0xDB, 0x3C, 0x52, 0x88, 0x3E, 0xC2, 0x1C,
    0x87, 0x48, 0x8F, 0x01, 0xAB, 0xEB, 0x37, 0xCC, 0x8B, 0xD6, 0x50, 0x79, 0xF4, 0x09, 0xE9, 0xCE,
    0xBD, 0x08, 0x76, 0x22, 0x97, 0x47, 0x4E, 0x41, 0xE1, 0x1F, 0xF5, 0x30, 0xDE, 0x64, 0x12, 0x52,
    0x20, 0x41, 0x41, 0x7C, 0x9E, 0x4A, 0x84, 0xB6, 0x12, 0x96, 0x54, 0x66, 0xD8, 0x19, 0xB6, 0x5C,
    0x79, 0x96, 0x89, 0x06, 0x1A, 0xAA, 0xAF, 0xB4, 0x54, 0xC5, 0x3D, 0x95, 0xB0, 0x86, 0x92, 0x82,
    0x3A, 0x34, 0xC4, 0x6E, 0xE8, 0x39, 0xC1, 0x1C, 0x0B, 0x10, 0xF9, 0x24, 0xC8, 0x70, 0x60, 0xDD,
    0x10, 0x98, 0x6B, 0x23, 0x74, 0xDD, 0x0C, 0x5D, 0x1F, 0x83, 0x4F, 0x9B, 0x1C, 0x98, 0xD2, 0x89,
    0x2F, 0x4C, 0x59, 0x8A, 0xDB, 0xA6, 0x5C, 0xC8, 0x2B, 0xA6, 0x54, 0x19, 0x18, 0xCD, 0x14, 0x3A,
    0x59, 0xA1, 0x13, 0x0E, 0x5D, 0xCA, 0x1D, 0x6C, 0x06, 0x5D, 0xC7, 0xC1, 0x0A, 0xDB, 0x21, 0xE6,
    0xD7, 0x48, 0x8A, 0x75, 0x03, 0xEC, 0x44, 0x53, 0x59, 0xD1, 0x94, 0x03, 0x30, 0x07, 0x66, 0x57,
    0x9A, 0x52, 0xFC, 0xA5, 0x29, 0x93, 0x7F, 0x37, 0x65, 0xEC, 0x1B, 0xF0, 0x09, 0xAC, 0x81, 0x0A,
    0x28, 0x57, 0xA6, 0xFA, 0x9C, 0x1A, 0xA1, 0x36, 0x88, 0x0A, 0x4E, 0xB2, 0x41, 0x8C, 0x61, 0xAA,
    0x76, 0x65, 0xAA, 0xCF, 0xAA, 0x31, 0xB8, 0x47, 0x5F, 0xFD, 0x1C, 0xCE, 0x30, 0x06, 0x7F, 0x00,
    0x0C, 0xD5, 0x67, 0x2E, 0x98, 0x54, 0x71, 0x9C, 0xE9, 0xBC, 0xEC, 0x99, 0x97, 0x1F, 0x59, 0xE6,
    0x6A, 0x75, 0xA6, 0x41, 0xF0, 0x40, 0x70, 0x9C, 0xB1, 0x1C, 0xF7, 0x56, 0x07, 0x4F, 0x2E, 0xF2,
    0xDE, 0x5A, 0x2F, 0x0B, 0x60, 0x45, 0x65, 0xC4, 0xAE, 0xE0, 0xD8, 0xE2, 0xE1, 0x16, 0xCD, 0xA4,
    0xD7, 0x8D, 0xFE, 0x86, 0xE0, 0x4E, 0x9C, 0x5B, 0x36, 0x55, 0x16, 0x72, 0x4B, 0xC6, 0x05, 0x08,
    0x8C, 0x02, 0x91, 0xEC, 0xB0, 0xCA, 0x3A, 0xED, 0xD9, 0x98, 0x8B, 0x79, 0x48, 0xE2, 0x58, 0xF1,
    0xF5, 0x56, 0x95, 0xB5, 0x49, 0x2E, 0xDE, 0x30, 0xEE, 0xE4, 0xD7, 0x74, 0x48, 0x4E, 0xFF, 0x0F,
    0x06, 0x03, 0x92, 0xE6, 0x65, 0xB0, 0x42, 0x16, 0xCA, 0x39, 0xDB, 0x3D, 0x78, 0x3E, 0x2D, 0xE7,
    0x1C, 0xC8, 0x10, 0xAE, 0x38, 0x6C, 0x49, 0x93, 0x72, 0x39, 0x84, 0x22, 0x49, 0x9A, 0x75, 0xE0,
    0xE1, 0x30, 0x47, 0x0E, 0xA9, 0x6E, 0x60, 0xB7, 0x76, 0xAB, 0x94, 0x0F, 0x1E, 0x64, 0xB7, 0xD9,
    0x01, 0xFC, 0xA1, 0x24, 0xC9, 0x0B, 0xCE, 0xA7, 0x75, 0xE0, 0xD6, 0x87, 0x12, 0xC5, 0x37, 0x39,
    0x0A, 0xBC, 0xFF, 0xB6, 0x70, 0xB9, 0x3B, 0x8F, 0x3A, 0xE4, 0xA8, 0x2F, 0xFF, 0x83, 0x3E, 0x79,
    0xF4, 0xCF, 0xC7, 0x48, 0x9A, 0x8F, 0x9A, 0x6F, 0x10, 0xC3, 0x9F, 0x9A, 0xB1, 0xA3, 0x60, 0xCF,
    0x48, 0x1E, 0x85, 0x02, 0x5D, 0x5E, 0xAB, 0x86, 0x4D, 0x33, 0xB8, 0x08, 0x58, 0x35, 0x69, 0x27,
    0x02, 0x3D, 0xAA, 0x98, 0xB9, 0x1A, 0x74, 0xB8, 0x29, 0x14, 0x73, 0x58, 0x96, 0xED, 0x44, 0x4B,
    0xCD, 0x6E, 0x8A, 0xB0, 0x09, 0x7A, 0x45, 0x9B, 0x99, 0xCC, 0x88, 0x96, 0x79, 0x0A, 0x09, 0x8A,
    0x03, 0x34, 0xC6, 0xA2, 0x09, 0x7B, 0xE8, 0xD8, 0xE6, 0x21, 0x84, 0x23, 0xC2, 0xE0, 0xE3, 0x6A,
    0x0F, 0x76, 0x87, 0xE3, 0x10, 0xD4, 0xF8, 0x11, 0xB0, 0xFF, 0xAE, 0xC3, 0xE6, 0x9C, 0xE5, 0xA5,
    0xE1, 0xE0, 0x3B, 0x72, 0x6C, 0x4F, 0x42, 0xC9, 0x04, 0xBD, 0xD7, 0xD7, 0x3F, 0x9D, 0x96, 0x81,
    0xB0, 0x16, 0x4D, 0x2F, 0xE8, 0x45, 0x2D, 0xDF, 0xCB, 0x5B, 0xD5, 0x2E, 0x91, 0x73, 0xE7, 0x5C,
    0x01, 0x90, 0xD4, 0x82, 0x8B, 0x54, 0x93, 0xA0, 0x4C, 0x9D, 0x75, 0x28, 0xB0, 0x7B, 0xB2, 0xC8,
    0x68, 0x17, 0xA7, 0x6B, 0x83, 0xEA, 0x54, 0xF7, 0x46, 0x17, 0xBF, 0xB0, 0xBD, 0xD1, 0xF1, 0x8A,
    0xA8, 0xE7, 0xD2, 0x2A, 0x41, 0x99, 0xF3, 0x3E, 0x49, 0xA1, 0xE7, 0xA9, 0xF9, 0xE1, 0xAC, 0xF0,
    0xBE, 0x03, 0xEC, 0xEF, 0xEF, 0x9D, 0xC1, 0x29, 0x42, 0x47, 0x53, 0xEE, 0x6D, 0x38, 0xF7, 0x9E,
    0xE5, 0xC4, 0x1B, 0xDD, 0xB0, 0x12, 0xF5, 0xD3, 0x6F, 0xEC, 0x22, 0xB2, 0x79, 0x6C, 0x95, 0xB7,
    0xC2, 0xDA, 0x49, 0x9F, 0xC3, 0x06, 0x4E, 0xD0, 0x50, 0x37, 0xBC, 0xD3, 0x5B, 0x76, 0x8C, 0x20,
    0x33, 0xE7, 0x58, 0x72, 0x0E, 0xEF, 0xFE, 0x23, 0x3B, 0xFA, 0xCE, 0xD5, 0xC5, 0x54, 0xB1, 0xA0,
    0xF0, 0x10, 0xBE, 0xCF, 0x6E, 0xC1, 0xFB, 0x6E, 0xAA, 0x10, 0xC6, 0x19, 0x90, 0x71, 0xEF, 0x38,
    0xCC, 0xAF, 0xCB, 0x12, 0x0A, 0x25, 0x53, 0x80, 0xBD, 0x45, 0x32, 0x2E, 0xE0, 0x0E, 0xD9, 0xAD,
    0x51, 0x51, 0x85, 0xD2, 0x0D, 0x35, 0x30, 0xF7, 0xBA, 0xCA, 0xEE, 0x8E, 0xC2, 0x57, 0x31, 0xD2,
    0x74, 0xA8, 0x17, 0x56, 0x3B, 0x5F, 0xC2, 0xCE, 0xA5, 0xF2, 0x83, 0xF2, 0x63, 0xD8, 0xFC, 0x35,
    0x9C, 0x75, 0x58, 0xEA, 0x7D, 0x1A, 0x8F, 0xE9, 0xC0, 0x86, 0x0B, 0x2D, 0x8C, 0x5C, 0xCF, 0x1F,
    0x6D, 0x70, 0xF8, 0x64, 0xCC, 0x91, 0x9F, 0xB3, 0x5B, 0x1E, 0x99, 0x05, 0x96, 0xAA, 0xB8, 0x5C,
    0xCC, 0x95, 0xF6, 0xD9, 0x7D, 0x2F, 0x7C, 0x1D, 0x3D, 0x81, 0x4D, 0x2C, 0x4E, 0xEB, 0x12, 0x15,
    0x66, 0x02, 0xBF, 0xDF, 0x9F, 0x8A, 0x90, 0x35, 0x6C, 0xC4, 0xF0, 0x76, 0x3F, 0xCC, 0xEC, 0x10,
    0x1D, 0x03, 0xBF, 0x1C, 0x96, 0xAF, 0xD1, 0x70, 0xF8, 0x24, 0x05, 0xBC, 0xC8, 0x44, 0x5C, 0xB7,
    0x36, 0xC7, 0x37, 0x69, 0x6A, 0x53, 0x3F, 0x2B, 0x70, 0x40, 0xD2, 0x0D, 0xD2, 0x0C, 0x4A, 0x0F,
    0xA8, 0x9B, 0x2C, 0x21, 0x10, 0xC1, 0xAC, 0x78, 0x88, 0xC9, 0xB4, 0x1B, 0x62, 0xBB, 0x7D, 0x0A,
    0x3F, 0x90, 0xD1, 0x1E, 0x39, 0xFF, 0x6B, 0x2C, 0xF7, 0x07, 0x9E, 0xFC, 0x3B, 0x36, 0x2F, 0x86,
    0xB8, 0x93, 0x2F, 0xD3, 0x21, 0x8E, 0xB9, 0xBA, 0x19, 0xBF, 0x95, 0xB3, 0xB5, 0x76, 0x6D, 0xD0,
    0x6E, 0xB5, 0x25, 0xBC, 0xEA, 0x88, 0x76, 0xBF, 0xD5, 0x56, 0x30, 0x3F, 0xD4, 0xC5, 0x36, 0x9F,
    0xA7, 0x42, 0x1C, 0x7E, 0x09, 0x23, 0xD8, 0x86, 0x53, 0x74, 0x6A, 0x70, 0xB8, 0x94, 0xFC, 0x16,
    0x22, 0x39, 0xD2, 0xC2, 0x9D, 0xC6, 0x64, 0x6C, 0xDC, 0x5C, 0x47, 0x64, 0xDF, 0x60, 0xD8, 0xD2,
    0x79, 0xBB, 0x13, 0x59, 0x98, 0x7B, 0xB6, 0xCE, 0xD9, 0x6C, 0x0C, 0x88, 0x4A, 0xD8, 0x42, 0x6E,
    0x1B, 0xC8, 0xDF, 0x85, 0x8B, 0xA7, 0x62, 0xF3, 0x18, 0x09, 0xCC, 0x6C, 0x15, 0xDB, 0xFA, 0xF7,
    0x56, 0x8D, 0x56, 0x3C, 0xB6, 0x6B, 0x2B, 0x06, 0xA9, 0x65, 0xA6, 0x9D, 0xBC, 0x64, 0xC5, 0x9F,
    0xFB, 0xF4, 0x6F, 0x5D, 0x72, 0xBF, 0x8D, 0x9F, 0x1A, 0xA4, 0x64, 0x84, 0x2F, 0xF2, 0xD3, 0xAA,
    0x8A, 0x73, 0xAD, 0x8A, 0x2D, 0xE2, 0x7F, 0xE2, 0x70, 0xC1, 0x78, 0x07, 0xF2, 0x93, 0x57, 0x4A,
    0x5C, 0x07, 0x6E, 0x7F, 0xB0, 0xA0, 0xF4, 0x0B, 0x59, 0x52, 0xF2, 0x50, 0x20, 0xB0, 0x0C, 0x02,
    0xE1, 0xD0, 0xA1, 0x60, 0x9E, 0xB9, 0x24, 0x04, 0x55, 0xF5, 0x53, 0x27, 0x3F, 0xEF, 0xD2, 0x7F,
    0xB4, 0x48, 0xEF, 0x51, 0xD8, 0x70, 0x86, 0xDB, 0xEF, 0x41, 0x83, 0x8B, 0x72, 0x76, 0x19, 0xF1,
    0xCB, 0x4D, 0x44, 0x70, 0x29, 0x8F, 0x52, 0x42, 0xA3, 0x62, 0xBF, 0x64, 0xC3, 0x2D, 0x1A, 0x94,
    0x50, 0x7C, 0x1F, 0x37, 0xE9, 0xA7, 0x26, 0xDC, 0xB2, 0x99, 0x1A, 0x62, 0x2B, 0xAB, 0x26, 0x83,
    0x96, 0x76, 0x4A, 0x52, 0x27, 0xB6, 0x92, 0x6F, 0xC3, 0x91, 0x36, 0x67, 0xA5, 0x4C, 0x11, 0x8E,
    0x47, 0xD7, 0xB4, 0xF7, 0xAD, 0x0F, 0x59, 0xA2, 0x9A, 0x8D, 0x71, 0x9F, 0xB4, 0x49, 0xC3, 0x0D,
    0x09, 0xB5, 0x18, 0x71, 0x95, 0x4F, 0x9B, 0x69, 0x8C, 0xBB, 0xF4, 0x93, 0xD9, 0x48, 0x1F, 0x3C,
    0x5B, 0x4F, 0x6D, 0x9E, 0xE5, 0x54, 0xAC, 0x22, 0xA2, 0x9F, 0xEE, 0xF8, 0x9E, 0xB4, 0x01, 0x14,
    0xEF, 0x4C, 0x1C, 0x32, 0x35, 0x98, 0xEB, 0x8F, 0x7C, 0x42, 0x62, 0xC1, 0xFA, 0x79, 0xC8, 0xF6,
    0xB2, 0x3B, 0xA3, 0x86, 0xF2, 0x62, 0xEE, 0x2E, 0xA4, 0x1C, 0xCD, 0xFF, 0x07, 0xAD, 0x58, 0x3D,
    0x8C, 0xDC, 0xC6, 0x15, 0x7E, 0x24, 0xEF, 0x44, 0xE4, 0x08, 0x68, 0xAE, 0x38, 0x01, 0xD1, 0x8F,
    0x4D, 0x03, 0x69, 0xA4, 0x40, 0x12, 0x1B, 0x15, 0x42, 0x70, 0x7B, 0x33, 0x92, 0x0B, 0x17, 0x29,
    0x74, 0xC5, 0xA9, 0x72, 0x00, 0x35, 0x4A, 0x93, 0x22, 0x07, 0x03, 0x2E, 0x04, 0x68, 0xEF, 0x38,
    0x8A, 0xCA, 0x00, 0xD1, 0xA5, 0x72, 0x91, 0xC2, 0x2A, 0xDC, 0x44, 0x2E, 0xD4, 0x28, 0xC1, 0x15,
    0xBB, 0x4B, 0x3A, 0x57, 0x5C, 0xE1, 0x22, 0xB4, 0x05, 0x43, 0x45, 0x10, 0x80, 0x89, 0x22, 0x18,
    0x38, 0x03, 0x02, 0x23, 0xD0, 0xC0, 0x48, 0x22, 0x77, 0xF2, 0xBD, 0xE1, 0xDE, 0x2A, 0x71, 0x14,
    0x79, 0x15, 0x1D, 0xF9, 0x66, 0x96, 0x1C, 0xCE, 0x7B, 0xF3, 0xF3, 0xBE, 0xF7, 0x33, 0xBB, 0x44,
    0x29, 0xEE, 0x15, 0x22, 0x3A, 0x85, 0x5A, 0x4E, 0xEF, 0x74, 0x72, 0xF3, 0x75, 0x82, 0xE8, 0x0C,
    0xF9, 0xB6, 0x10, 0xB6, 0x4E, 0xFE, 0xDA, 0xC8, 0x13, 0xDB, 0xF2, 0x04, 0x4D, 0xE8, 0x67, 0x83,
    0xE4, 0x71, 0x83, 0x76, 0x7C, 0xE5, 0x6E, 0xA0, 0x79, 0x30, 0x64, 0x35, 0x05, 0xB6, 0xA5, 0xB0,
    0xCE, 0x28, 0x2A, 0x24, 0x45, 0x39, 0xE1, 0x97, 0x28, 0xD9, 0xD3, 0x24, 0x6D, 0x4E, 0xF1, 0x23,
    0x45, 0x21, 0xDE, 0xB9, 0x44, 0xF9, 0x31, 0xB4, 0x67, 0x4A, 0x5A, 0x8B, 0x6F, 0x0D, 0xBD, 0x73,
    0xEC, 0x82, 0xDA, 0xB4, 0xCF, 0xF3, 0xE4, 0x51, 0xA6, 0x63, 0x8A, 0x69, 0x99, 0x42, 0x7D, 0x9E,
    0x82, 0xFC, 0xDA, 0xA4, 0x2C, 0xA3, 0xF4, 0x28, 0xD2, 0x89, 0x4A, 0x54, 0xFA, 0xDC, 0xE6, 0xE7,
    0xB2, 0xBF, 0x6B, 0xEA, 0xAE, 0x4D, 0x6A, 0xA4, 0xD7, 0x24, 0x37, 0x6B, 0xB1, 0x53, 0x45, 0x7F,
    0x29, 0x02, 0x9B, 0xFB, 0x56, 0x25, 0xB6, 0x96, 0xB6, 0xA6, 0x21, 0x84, 0x4F, 0x1E, 0x26, 0xD4,
    0xB8, 0xCB, 0x30, 0xE3, 0xFE, 0xE3, 0x12, 0x85, 0x56, 0x0B, 0x5B, 0xC6, 0x37, 0xAB, 0xF8, 0x82,
    0x12, 0x39, 0x45, 0x2D, 0x45, 0xB6, 0xE8, 0x1D, 0xAF, 0x7B, 0x64, 0x24, 0x0D, 0xE2, 0x6F, 0xEB,
    0x10, 0xD3, 0x4F, 0x4A, 0x0A, 0xAA, 0xE3, 0x7E, 0x15, 0x7F, 0x54, 0x09, 0x5B, 0x60, 0x0C, 0x88,
    0x38, 0x79, 0x94, 0x36, 0x25, 0xF5, 0x12, 0x37, 0x11, 0x6F, 0x15, 0x55, 0x8A, 0x76, 0xDF, 0xDA,
    0x92, 0xA2, 0x3A, 0x34, 0x14, 0xFF, 0xEA, 0x1F, 0x0D, 0xC9, 0xB8, 0x5D, 0xA1, 0xDE, 0xCA, 0x7A,
    0x4C, 0xFD, 0xED, 0x43, 0x97, 0xA8, 0x7F, 0x8F, 0x84, 0xEA, 0x6F, 0x47, 0x97, 0xA8, 0x27, 0xD7,
    0x13, 0x4A, 0xF8, 0xAB, 0xF8, 0x6C, 0xAB, 0xA1, 0xF0, 0xE9, 0xF1, 0x9A, 0x3C, 0x6B, 0x79, 0xCB,
    0xC6, 0x93, 0xC5, 0x41, 0xA6, 0x18, 0xD3, 0xCA, 0xBA, 0x9A, 0x13, 0x7A, 0xC1, 0x6A, 0xF9, 0xB1,
    0xEE, 0x0B, 0xBD, 0xB1, 0xAE, 0xA5, 0xD5, 0xF3, 0x98, 0xC0, 0x28, 0x51, 0x5E, 0x33, 0xA2, 0xE0,
    0x9F, 0x0D, 0x89, 0x07, 0x15, 0xC9, 0x4B, 0x98, 0xE6, 0x2D, 0x8C, 0xFD, 0x10, 0x9A, 0xA8, 0x1B,
    0xA2, 0x16, 0x9A, 0x3C, 0x75, 0x4C, 0x41, 0x26, 0xE8, 0xF2, 0xFB, 0x05, 0x05, 0x8E, 0xC8, 0xE9,
    0xCB, 0xC3, 0x2C, 0xC3, 0x2F, 0x06, 0x74, 0x98, 0x04, 0x9D, 0x4E, 0x77, 0xD5, 0xF9, 0x0F, 0x76,
    0xF4, 0xB9, 0xEB, 0x3B, 0xFA, 0xFC, 0xF5, 0x9B, 0xFA, 0xF4, 0x07, 0xBB, 0xEA, 0xED, 0xC5, 0x4B,
    0xD0, 0xDF, 0x06, 0xFA, 0x55, 0x44, 0x47, 0x98, 0x29, 0xAD, 0x7F, 0xF1, 0x09, 0x51, 0x5C, 0xA5,
    0x4D, 0xBD, 0x5C, 0x9D, 0xD9, 0xEE, 0x4B, 0x03, 0xFD, 0x9E, 0x24, 0xDA, 0x60, 0x82, 0x1A, 0x41,
    0x47, 0x36, 0xD6, 0xF8, 0xB5, 0xC7, 0xDD, 0x27, 0x2D, 0x97, 0xD7, 0xBC, 0x2D, 0x8A, 0x5B, 0xAC,
    0x82, 0x96, 0x04, 0x01, 0x6E, 0x9E, 0x61, 0x5C, 0x48, 0x0B, 0xED, 0x2B, 0x7C, 0xE2, 0x05, 0x5E,
    0x21, 0x4C, 0xC2, 0x6B, 0x89, 0xD6, 0xD5, 0x29, 0xA1, 0x13, 0xAB, 0xA0, 0x03, 0x5C, 0x42, 0x25,
    0x10, 0xB5, 0xC4, 0x8F, 0xAD, 0x67, 0xFE, 0x9B, 0xC6, 0xBE, 0xB1, 0xEF, 0xB7, 0x76, 0x6C, 0xDB,
    0xED, 0x14, 0x0C, 0x53, 0x72, 0x1C, 0x8B, 0xBE, 0x05, 0x46, 0x1B, 0xD9, 0x0C, 0xA4, 0xE9, 0xA7,
    0x06, 0xB3, 0x65, 0x8A, 0x4D, 0x3F, 0x34, 0x7D, 0x5A, 0xEB, 0x13, 0xFD, 0x07, 0xCD, 0x61, 0x62,
    0x9D, 0x45, 0x2C, 0xD2, 0x39, 0x58, 0x42, 0x44, 0x19, 0x9E, 0x3C, 0x15, 0x97, 0xB2, 0xFC, 0x51,
    0x19, 0x4C, 0x6F, 0x5A, 0x05, 0x38, 0x28, 0xB9, 0x9B, 0xF7, 0xC2, 0xA2, 0x1F, 0x30, 0xF5, 0xC2,
    0x1C, 0xAF, 0x68, 0xC4, 0x27, 0xD6, 0x80, 0xD8, 0xAD, 0x28, 0x7C, 0x62, 0x88, 0x35, 0x43, 0x23,
    0xA9, 0xA8, 0x95, 0x14, 0x98, 0xD6, 0x69, 0x25, 0xFE, 0xBC, 0xA4, 0x1F, 0x2F, 0x28, 0x62, 0xE5,
    0x51, 0xA2, 0xA9, 0xA2, 0xEB, 0xDA, 0x2F, 0x00, 0xF6, 0x50, 0xA3, 0xC2, 0xEE, 0x84, 0xBA, 0xC7,
    0xD5, 0x35, 0xAE, 0xAA, 0x23, 0x14, 0xDE, 0x2C, 0x36, 0x61, 0x2D, 0x1A, 0x78, 0x88, 0xFD, 0xC7,
    0x44, 0xCB, 0xC1, 0x6F, 0x88, 0xB6, 0xC5, 0x61, 0xF2, 0x00, 0x42, 0x1D, 0xE4, 0x0B, 0x99, 0x8E,
    0x14, 0xBD, 0xFD, 0x1A, 0xF2, 0xBE, 0xB0, 0x9A, 0xA2, 0x9B, 0xF7, 0x61, 0x8E, 0x30, 0x29, 0xD8,
    0x59, 0xA4, 0x69, 0x9B, 0x12, 0xC8, 0xA3, 0x01, 0x1A, 0xFC, 0x67, 0x90, 0x17, 0xD8, 0xC2, 0x63,
    0x79, 0x71, 0x0D, 0xC9, 0xCB, 0x7D, 0x74, 0x02, 0x01, 0x51, 0x95, 0x5F, 0x92, 0x37, 0x00, 0xD7,
    0x62, 0x8F, 0xF5, 0x38, 0x38, 0x8B, 0xDD, 0xA9, 0xFB, 0x02, 0x78, 0xAA, 0xE2, 0x82, 0xFC, 0x62,
    0x05, 0x03, 0xE7, 0x7F, 0x2C, 0xA0, 0xC9, 0x27, 0x05, 0x9D, 0xF1, 0x61, 0x76, 0xD7, 0xBC, 0x4F,
    0x2B, 0xCC, 0x09, 0x33, 0x9A, 0x23, 0xF6, 0x2A, 0x29, 0xB9, 0x1D, 0x66, 0xAF, 0xC3, 0x0F, 0x43,
    0x0A, 0x00, 0xDC, 0x8A, 0x27, 0x2E, 0x69, 0x4D, 0xC2, 0x90, 0x1F, 0x18, 0x61, 0x2B, 0xDF, 0x3A,
    0xDB, 0x66, 0x0C, 0x25, 0x0E, 0x04, 0xC0, 0xAA, 0xEA, 0xEC, 0x21, 0x01, 0x14, 0x65, 0x0D, 0x41,
    0xB0, 0xE0, 0x21, 0x00, 0xDE, 0xB4, 0x6E, 0x9B, 0x7D, 0xD8, 0x69, 0x50, 0x49, 0x15, 0x56, 0x89,
    0x8E, 0xAC, 0xCD, 0x05, 0xE0, 0x1E, 0xEF, 0xDD, 0xC5, 0x5B, 0x88, 0xD6, 0xA0, 0x4E, 0xC9, 0x47,
    0x67, 0xF0, 0xF9, 0xE0, 0x67, 0x03, 0x38, 0x08, 0x79, 0xEC, 0xDF, 0x98, 0x7F, 0x30, 0x80, 0xE6,
    0x97, 0xDE, 0x5C, 0xDE, 0xD1, 0x1F, 0xC2, 0x85, 0x42, 0xD6, 0x93, 0x9A, 0xA6, 0xD7, 0x9B, 0xC8,
    0xBB, 0x0A, 0xCB, 0x6C, 0xE0, 0xF2, 0x80, 0xF6, 0x03, 0x91, 0x77, 0x08, 0x5A, 0x39, 0x0B, 0xFE,
    0xF3, 0xE7, 0x80, 0x87, 0x7B, 0x80, 0x47, 0xD9, 0xED, 0xE3, 0x1B, 0xE9, 0xC4, 0x5D, 0xA1, 0x45,
    0x18, 0x20, 0xD1, 0xD5, 0x7F, 0xFE, 0xEA, 0x32, 0x64, 0xDE, 0xCA, 0xD9, 0x81, 0x08, 0xAE, 0x47,
    0xAE, 0x6E, 0x85, 0x1D, 0x43, 0x2E, 0xD7, 0x41, 0x2D, 0xF6, 0x7E, 0x8F, 0x50, 0x63, 0x39, 0xC0,
    0xB8, 0x5A, 0x7C, 0x75, 0x85, 0x95, 0x91, 0x8B, 0xBD, 0x3B, 0x24, 0x15, 0x04, 0xA9, 0x94, 0xC5,
    0x29, 0x37, 0xBF, 0x6C, 0xEC, 0xFA, 0x46, 0x4F, 0xD7, 0xCB, 0xB8, 0xE0, 0xD9, 0x04, 0x35, 0x8C,
    0x12, 0x88, 0xFB, 0xB7, 0xC2, 0xCB, 0x40, 0xBB, 0x28, 0xA2, 0x2A, 0x1A, 0x67, 0xF0, 0xEE, 0x80,
    0x20, 0x7B, 0x94, 0x00, 0x6B, 0x0E, 0xB0, 0x3E, 0xFA, 0x10, 0xB3, 0xC4, 0xAF, 0x87, 0x9F, 0x9C,
    0xE0, 0x05, 0x80, 0x6A, 0xB8, 0x07, 0x0E, 0x7A, 0xD6, 0x80, 0x46, 0x97, 0xD7, 0xA6, 0x21, 0x26,
    0xB3, 0x15, 0xD3, 0x9D, 0xDB, 0x2F, 0x5A, 0xEE, 0x7C, 0xD2, 0x75, 0xA3, 0x58, 0xF1, 0x78, 0xCB,
    0xFF, 0x17, 0x6F, 0x83, 0x65, 0x90, 0xF8, 0x75, 0x3E, 0xEF, 0xC0, 0xFB, 0x5A, 0xBC, 0x0B, 0xBE,
    0x8E, 0x6F, 0xE5, 0xE0, 0xED, 0xF6, 0xFB, 0xB5, 0x78, 0x57, 0xE0, 0x29, 0x22, 0xCD, 0x63, 0x46,
    0xC5, 0x2B, 0x6F, 0x04, 0xEE, 0xCE, 0x57, 0x0F, 0x5F, 0x79, 0xFB, 0x35, 0x07, 0xD8, 0x38, 0x56,
    0x4B, 0x1E, 0xCF, 0x05, 0xAF, 0xB3, 0xD3, 0xD5, 0x93, 0xCD, 0xE6, 0xC0, 0xC5, 0x96, 0x57, 0xCF,
    0x85, 0x14, 0xC3, 0xC9, 0x38, 0x0C, 0x88, 0xBD, 0xAC, 0x60, 0xBD, 0x8A, 0x82, 0xF5, 0xEB, 0x99,
    0xBB, 0x7B, 0x17, 0x1A, 0x34, 0x37, 0x57, 0x1E, 0x01, 0x4D, 0x78, 0xEF, 0xDA, 0xF1, 0xFD, 0x19,
    0xA7, 0x3A, 0xE8, 0x0F, 0xBF, 0x45, 0x57, 0xDF, 0x71, 0x61, 0xCF, 0xDF, 0x2D, 0xA7, 0xA6, 0x93,
    0x91, 0x28, 0xB2, 0x1C, 0x05, 0xD2, 0x32, 0x48, 0x1B, 0x81, 0x73, 0xD8, 0xA2, 0xA4, 0x28, 0xC9,
    0xAD, 0x62, 0x28, 0x3E, 0x2F, 0x86, 0xE1, 0x37, 0xC5, 0x10, 0xEE, 0x73, 0x48, 0x5C, 0x32, 0x14,
    0x89, 0x02, 0xE7, 0x78, 0x96, 0xDD, 0x29, 0x4F, 0x5B, 0x77, 0x36, 0xE3, 0x70, 0xD9, 0x7E, 0x07,
    0x97, 0xB0, 0x18, 0x84, 0x73, 0xE0, 0xE3, 0x45, 0xC1, 0x3B, 0x70, 0x69, 0x26, 0xB8, 0x2C, 0xA7,
    0xB8, 0x74, 0xD7, 0x36, 0xE4, 0x60, 0xAE, 0x41, 0x79, 0x70, 0x32, 0x39, 0x37, 0x83, 0xDB, 0xA7,
    0x3E, 0x36, 0x79, 0x75, 0xEE, 0x60, 0x64, 0x1E, 0xFD, 0x01, 0x0C, 0x0C, 0xCF, 0x7F, 0x30, 0x93,
    0x9C, 0xE6, 0x00, 0x64, 0x9E, 0x64, 0xDF, 0x86, 0xC8, 0x38, 0x58, 0x39, 0x38, 0x99, 0x44, 0x6F,
    0xD1, 0x87, 0xF2, 0x42, 0x13, 0x3F, 0x40, 0xBE, 0x57, 0x78, 0xC8, 0x4D, 0xAC, 0xC2, 0x03, 0x5E,
    0xD1, 0xF8, 0x16, 0x7B, 0x00, 0x1E, 0x67, 0x15, 0xFE, 0xA4, 0xC2, 0x38, 0x65, 0x37, 0x4E, 0x8C,
    0x71, 0x24, 0xC6, 0x79, 0xDA, 0x48, 0xBF, 0x6A, 0x64, 0x98, 0x37, 0x52, 0xA8, 0x46, 0xFE, 0x12,
    0xE3, 0x34, 0x18, 0xA7, 0xEA, 0xC6, 0x81, 0x97, 0xD2, 0x02, 0xE3, 0xCC, 0x51, 0xA7, 0x32, 0x6A,
    0x26, 0xF1, 0x6D, 0xAE, 0x1B, 0x18, 0x18, 0xC9, 0x67, 0x29, 0x23, 0x8A, 0x75, 0x4A, 0x52, 0xCB,
    0x3D, 0x78, 0x02, 0xA4, 0xDA, 0xBE, 0x9D, 0xE0, 0x33, 0x70, 0x39, 0x35, 0x27, 0x51, 0x5D, 0x2A,
    0x7E, 0x10, 0x32, 0x39, 0xF6, 0xC2, 0xB9, 0x06, 0x4F, 0x2A, 0xB7, 0xEC, 0x83, 0x90, 0xE9, 0xEB,
    0xDB, 0x90, 0x87, 0x54, 0xE2, 0x6F, 0xD5, 0xD4, 0xAE, 0xDE, 0x78, 0x9E, 0xDE, 0x7E, 0x5C, 0xCF,
    0x9D, 0x7F, 0x76, 0x99, 0x27, 0x47, 0x9D, 0x5C, 0x94, 0xA2, 0x88, 0x73, 0x17, 0x6D, 0x4C, 0xEA,
    0xE2, 0x12, 0x65, 0xC0, 0xA0, 0xAC, 0xBA, 0xD8, 0xC5, 0x61, 0xE5, 0x65, 0x65, 0xDF, 0x03, 0x8E,
    0xD6, 0xE0, 0x16, 0x8B, 0xCC, 0xD6, 0x43, 0x1F, 0x61, 0x14, 0x34, 0x40, 0x3D, 0xFA, 0xD4, 0xB0,
    0xA3, 0x1C, 0xAB, 0xA9, 0xA3, 0xA4, 0x35, 0x04, 0x21, 0x24, 0xE4, 0x55, 0xFA, 0x9E, 0x19, 0x79,
    0xCD, 0xD0, 0x33, 0xC3, 0xA0, 0x1E, 0xC2, 0xEE, 0x65, 0x35, 0x3C, 0x0E, 0xAE, 0xD1, 0x90, 0x52,
    0xF8, 0x82, 0xE1, 0xB1, 0x76, 0x28, 0x1B, 0xB4, 0xC3, 0x5C, 0x91, 0x6C, 0xB1, 0xF1, 0x2E, 0x91,
    0x3B, 0x7B, 0x14, 0xB1, 0xAD, 0xE4, 0x45, 0xE4, 0x8B, 0xC6, 0xBB, 0x6B, 0x62, 0x6B, 0xE4, 0x6F,
    0xCD, 0xA6, 0x67, 0xD2, 0xC0, 0x48, 0x6B, 0x84, 0x71, 0x46, 0x03, 0xB7, 0x11, 0xBB, 0x8C, 0x69,
    0x76, 0x96, 0x21, 0x31, 0x7C, 0x77, 0x8B, 0x79, 0xF8, 0xC2, 0xD9, 0x58, 0xBC, 0xAD, 0x2D, 0x74,
    0x8B, 0xAE, 0xB8, 0xE4, 0x6B, 0x36, 0x96, 0x43, 0x17, 0xB5, 0xD8, 0x2D, 0xA3, 0x9D, 0x62, 0x76,
    0x16, 0xBE, 0xC6, 0xE4, 0x3F, 0x50, 0xC1, 0x8E, 0xF6, 0xBF, 0x51, 0xBC, 0x83, 0x33, 0x32, 0x2E,
    0x21, 0xBF, 0x0E, 0xED, 0xC7, 0x63, 0x8A, 0x91, 0x28, 0xE4, 0xF2, 0x62, 0x1B, 0x61, 0x27, 0x4D,
    0x50, 0x79, 0x77, 0xAD, 0xAD, 0xB8, 0xAD, 0x92, 0x17, 0xD0, 0x11, 0x6C, 0xDE, 0x6A, 0x1A, 0xE0,
    0xAB, 0xE4, 0x7E, 0x62, 0x1C, 0xED, 0x1F, 0xA6, 0x8E, 0xEC, 0x9F, 0x66, 0x3F, 0x83, 0x33, 0xD8,
    0x96, 0x2E, 0xF4, 0x33, 0xA9, 0x41, 0xF2, 0xE5, 0xFE, 0x69, 0xF6, 0x34, 0x71, 0x8C, 0x06, 0x94,
    0xA4, 0x46, 0x8C, 0x66, 0x58, 0xD5, 0xEE, 0x7C, 0xE0, 0x36, 0x7E, 0xC2, 0x7E, 0x03, 0xEC, 0x43,
    0x69, 0x5B, 0x69, 0xC7, 0x4E, 0xC2, 0x22, 0x04, 0x22, 0xDA, 0x30, 0x3B, 0x39, 0x33, 0x44, 0xC6,
    0x7A, 0xF6, 0x75, 0x58, 0x36, 0xA1, 0x2B, 0x1D, 0xDC, 0x2F, 0x3D, 0xAC, 0x70, 0x36, 0x16, 0xFF,
    0xC6, 0x56, 0x74, 0xBF, 0x0A, 0x77, 0xCA, 0x6E, 0x63, 0x66, 0x61, 0xE9, 0xC1, 0xA0, 0x85, 0x62,
    0x47, 0x29, 0x8A, 0x97, 0xDE, 0xD3, 0xF8, 0xDD, 0xBE, 0xF4, 0xE6, 0xB8, 0xDD, 0xE0, 0xB8, 0x4A,
    0x5D, 0xDC, 0x0E, 0xEA, 0xEF, 0xA1, 0xA3, 0x0B, 0x38, 0xF9, 0x6A, 0x19, 0x4F, 0x32, 0xED, 0xEF,
    0xED, 0x1F, 0xA8, 0xC5, 0xE0, 0x59, 0x49, 0x56, 0xF9, 0x36, 0x0F, 0xDF, 0x2D, 0xE9, 0xE7, 0xF0,
    0xC2, 0x4D, 0xFC, 0x35, 0x96, 0x84, 0xF3, 0xD3, 0xE6, 0x0A, 0x1F, 0xB4, 0x37, 0xB0, 0x3C, 0xB7,
    0x24, 0x1C, 0x11, 0x72, 0xB7, 0x0B, 0x5A, 0x3C, 0xCF, 0x0F, 0x77, 0xC7, 0xEF, 0x79, 0x6A, 0xB2,
    0x62, 0x6C, 0x2B, 0xFB, 0x5E, 0xDD, 0xFA, 0xE6, 0xA5, 0xC7, 0x45, 0x56, 0xA7, 0xD9, 0x57, 0xE7,
    0x04, 0x0D, 0xC6, 0xA1, 0x61, 0x24, 0x29, 0x95, 0x24, 0xB9, 0x56, 0xA3, 0x17, 0x68, 0x20, 0x97,
    0xEE, 0x09, 0x67, 0x7D, 0xB3, 0xB3, 0xC0, 0x4E, 0xA1, 0xCE, 0x87, 0x25, 0x7B, 0xCD, 0x19, 0x59,
    0x6E, 0x6F, 0x05, 0xE3, 0x32, 0x70, 0x49, 0xEF, 0x8C, 0x2C, 0x40, 0x40, 0xF8, 0xB0, 0x0A, 0xBF,
    0xAC, 0x66, 0x67, 0xE1, 0xBC, 0x73, 0xE4, 0x68, 0x89, 0x70, 0x2A, 0xEF, 0x8E, 0xE7, 0x2E, 0x9A,
    0xEE, 0xB7, 0xE3, 0xE1, 0xC8, 0x9C, 0x6F, 0x1F, 0xE3, 0xD8, 0x9C, 0xFC, 0xA9, 0x91, 0xC1, 0x58,
    0x8A, 0x54, 0x9E, 0x96, 0xF2, 0x5E, 0x2A, 0x0B, 0x16, 0x15, 0xDB, 0xFA, 0x27, 0x4E, 0xD4, 0x8B,
    0x24, 0x78, 0xF5, 0x7F, 0x1C, 0xCE, 0x7D, 0x33, 0x0A, 0x4C, 0xF6, 0x3B, 0x23, 0xC7, 0x46, 0x7C,
    0xEB, 0xEC, 0x17, 0x48, 0x58, 0x71, 0x9B, 0xBF, 0x38, 0x33, 0x8B, 0x71, 0x29, 0xEF, 0x2D, 0xDD,
    0xA5, 0xBC, 0xB3, 0xB0, 0x2C, 0x1C, 0x52, 0x9C, 0xE9, 0xFE, 0x74, 0x92, 0xE9, 0xCE, 0x34, 0x8A,
    0x0B, 0x9C, 0x18, 0xE0, 0x2C, 0x4D, 0xFE, 0x39, 0x60, 0x8B, 0x44, 0xA8, 0x81, 0x6F, 0x4A, 0x54,
    0x43, 0xF1, 0x0D, 0x24, 0x92, 0x3B, 0x15, 0xC1, 0xE0, 0x28, 0xF8, 0xBA, 0xA0, 0xE0, 0x79, 0xCE,
    0xF6, 0x0A, 0x25, 0x73, 0xD2, 0x41, 0x6E, 0xE3, 0x38, 0xA0, 0xC7, 0x10, 0x96, 0x94, 0xD3, 0xF8,
    0xFB, 0xE2, 0xFF, 0x88, 0x79, 0x6A, 0xB3, 0x02, 0xEE, 0xC9, 0xBE, 0x6B, 0xC6, 0x1E, 0xA2, 0x50,
    0xD3, 0x70, 0x2C, 0x6A, 0xF0, 0x6C, 0x3F, 0x32, 0x68, 0x6F, 0x33, 0xFD, 0x9D, 0x3F, 0x2F, 0xA0,
    0x5C, 0x37, 0xDC, 0xC4, 0xC0, 0x0F, 0x64, 0x4A, 0xFF, 0x02, 0xBD, 0x59, 0xBD, 0x73, 0xDC, 0xC6,
    0x15, 0x7F, 0x00, 0x78, 0x42, 0x66, 0x30, 0xC3, 0x65, 0x41, 0x66, 0xE2, 0x71, 0x14, 0xB4, 0x19,
    0x8D, 0x6D, 0xB4, 0x2E, 0x2C, 0x2E, 0xE4, 0x46, 0x45, 0x0A, 0xB3, 0x90, 0x94, 0xD2, 0xF9, 0x0B,
    0x22, 0x17, 0x2A, 0x54, 0x90, 0x04, 0x34, 0xF9, 0x03, 0xA4, 0xCC, 0xD8, 0x93, 0xC2, 0x45, 0x54,
    0xB8, 0x88, 0xE9, 0x82, 0x4A, 0x26, 0x85, 0x32, 0x23, 0x1C, 0xA0, 0xA4, 0x48, 0xA1, 0xC2, 0xD0,
    0x87, 0xAD, 0x22, 0x85, 0x90, 0x28, 0xB4, 0x3D, 0xCC, 0x4C, 0x82, 0x58, 0x97, 0x78, 0x25, 0x02,
    0xB7, 0xF9, 0xBD, 0xDD, 0x3B, 0xF2, 0xF8, 0x7D, 0x47, 0xDE, 0x04, 0xB7, 0x0F, 0x77, 0x58, 0xEC,
    0xC7, 0xDB, 0xB7, 0xEF, 0xFD, 0xDE, 0x7B, 0x7B, 0x44, 0xB8, 0x12, 0x45, 0x74, 0xEE, 0x13, 0xDA,
    0xBE, 0xA2, 0x9A, 0x48, 0xF6, 0x6C, 0x7D, 0xD6, 0x10, 0x35, 0x2D, 0x39, 0x4D, 0x97, 0x5C, 0x25,
    0xC9, 0xAB, 0x65, 0xEC, 0xD7, 0x51, 0x1A, 0x68, 0x5D, 0x08, 0xAD, 0xCB, 0x70, 0x73, 0x1D, 0x4F,
    0x3E, 0x6A, 0xBD, 0x5E, 0x42, 0x2E, 0x1A, 0x93, 0xA7, 0x0B, 0x77, 0x2D, 0xE5, 0x71, 0xE6, 0xC9,
    0x47, 0x0B, 0x5D, 0xCB, 0x77, 0x15, 0x39, 0xCA, 0x59, 0x57, 0xA1, 0x56, 0xF2, 0x97, 0x6A, 0xD5,
    0x51, 0x89, 0xA7, 0xA4, 0x56, 0x42, 0x29, 0x6E, 0x76, 0xE7, 0x0D, 0xA2, 0x3F, 0x2C, 0xDB, 0x69,
    0x9D, 0xF8, 0xD4, 0x2C, 0xF8, 0x4E, 0xE9, 0x3F, 0x2D, 0x1C, 0x1D, 0x63, 0xFE, 0x71, 0x59, 0x38,
    0xF5, 0xAA, 0x3D, 0x74, 0xF4, 0x4B, 0x10, 0x3A, 0x7B, 0x2D, 0x46, 0x5B, 0x3A, 0x7E, 0xEA, 0x97,
    0x0A, 0x03, 0x53, 0x50, 0x50, 0xF0, 0x77, 0xF2, 0x1A, 0xEE, 0x42, 0x77, 0x21, 0x01, 0xB0, 0xE1,
    0x55, 0x56, 0x12, 0x4C, 0x79, 0x1F, 0x12, 0xD5, 0x45, 0xF0, 0xF2, 0x6A, 0x15, 0x96, 0xCC, 0x84,
    0xD7, 0x93, 0xA8, 0x96, 0x34, 0x42, 0x78, 0xE6, 0x7A, 0x51, 0x06, 0x75, 0xD0, 0xCF, 0x4B, 0x57,
    0xEB, 0x94, 0x92, 0xD6, 0x2E, 0xCB, 0x2F, 0x48, 0xA4, 0x14, 0xB2, 0x28, 0x68, 0x81, 0x5C, 0x5D,
    0x0A, 0xDD, 0x8B, 0xEE, 0x37, 0x92, 0xEE, 0x4A, 0xD3, 0x9B, 0x4B, 0x7C, 0x2F, 0x7A, 0xD4, 0xA0,
    0x1E, 0x6F, 0xB9, 0x4B, 0x80, 0x7B, 0x88, 0x05, 0x2D, 0xAF, 0x80, 0xA9, 0x99, 0xE9, 0xB0, 0xB1,
    0x48, 0xA4, 0x53, 0xEF, 0x79, 0xE5, 0xC4, 0x4B, 0xE3, 0xB2, 0xE1, 0x41, 0x89, 0x82, 0xCA, 0xB2,
    0xC3, 0xD7, 0x34, 0xD8, 0x78, 0x13, 0xFB, 0x6B, 0x98, 0x99, 0x19, 0x5B, 0x1A, 0x77, 0xDF, 0x42,
    0x07, 0x6C, 0x8C, 0xA8, 0xA7, 0xB6, 0x29, 0xFE, 0x1F, 0x2B, 0xF7, 0xBB, 0x82, 0xF2, 0x09, 0x36,
    0x25, 0x0C, 0x52, 0x0A, 0xD6, 0xC9, 0x28, 0x0A, 0x6B, 0x0A, 0xF8, 0xA7, 0x5C, 0xDF, 0x02, 0x29,
    0xEA, 0x7E, 0xD6, 0xA7, 0x0C, 0xEB, 0xCA, 0x30, 0x61, 0x46, 0x61, 0x91, 0x91, 0x18, 0x21, 0x7E,
    0xE6, 0xFA, 0x9C, 0xF2, 0xF5, 0x16, 0xED, 0x7B, 0x20, 0x63, 0x9E, 0xE7, 0x89, 0x56, 0xDF, 0xD9,
    0xA6, 0xA5, 0x55, 0xF2, 0xFB, 0xAB, 0x24, 0x74, 0x9F, 0xA2, 0xFB, 0x7D, 0x70, 0xD0, 0x05, 0xAD,
    0x82, 0x16, 0xED, 0x77, 0xDC, 0xA5, 0xE8, 0xCB, 0x3E, 0xDE, 0x77, 0xC9, 0x43, 0x3B, 0x73, 0x61,
    0x89, 0x02, 0xF3, 0xC3, 0x24, 0x62, 0xB1, 0x99, 0x97, 0xBC, 0x54, 0x51, 0xF2, 0x92, 0x1D, 0xB5,
    0xBE, 0x79, 0xA1, 0x41, 0x75, 0xF3, 0xFE, 0x86, 0xD3, 0xF0, 0xB3, 0xAD, 0xC7, 0xFB, 0x57, 0xBC,
    0x58, 0xB4, 0x07, 0x1F, 0xE6, 0xEA, 0xE4, 0x31, 0x85, 0xBA, 0x30, 0xDF, 0x27, 0xE1, 0x01, 0xD2,
    0xD4, 0xF1, 0x99, 0xB5, 0x01, 0x6E, 0x40, 0x1C, 0x28, 0xDD, 0xCB, 0x97, 0x32, 0x18, 0xB1, 0x29,
    0xB9, 0xAE, 0xB9, 0xAC, 0xDD, 0xDE, 0xA9, 0x59, 0xFB, 0xC4, 0x36, 0xDB, 0x03, 0x56, 0x83, 0x6D,
    0xB8, 0x81, 0x6D, 0xC8, 0xA4, 0x6E, 0xA5, 0xEE, 0x9B, 0x9D, 0x98, 0xC3, 0xC6, 0x60, 0x95, 0x76,
    0x1B, 0x66, 0xDD, 0x22, 0xF8, 0x38, 0xF5, 0x34, 0xD1, 0xA5, 0x89, 0xA7, 0xF3, 0xE2, 0xD2, 0x7B,
    0x5A, 0x3A, 0x10, 0xFE, 0xFC, 0xB8, 0xD3, 0xD1, 0x35, 0xE0, 0x90, 0x29, 0x73, 0x93, 0xAF, 0xEE,
    0x0D, 0xA3, 0xEB, 0xAB, 0x46, 0x57, 0xC6, 0x9C, 0x6E, 0xD2, 0x29, 0xF6, 0xE0, 0xD7, 0x31, 0xB3,
    0x34, 0xAE, 0xAE, 0xC9, 0xAF, 0x18, 0x92, 0x86, 0x5D, 0xC4, 0xC5, 0xC2, 0x7F, 0x16, 0x3B, 0xED,
    0x49, 0x16, 0xC8, 0x56, 0xB4, 0x35, 0xB4, 0xA2, 0x31, 0x17, 0xC8, 0x58, 0x12, 0xED, 0x81, 0x36,
    0x18, 0xE5, 0x6E, 0x63, 0x76, 0x47, 0x8C, 0x39, 0x57, 0x86, 0xE2, 0xEF, 0x2B, 0xAE, 0x17, 0x95,
    0xCF, 0xC6, 0x5C, 0x1D, 0x0A, 0x6D, 0x4B, 0x50, 0xE0, 0x04, 0xFA, 0x1D, 0xDD, 0xD7, 0xE8, 0x27,
    0x29, 0x91, 0x24, 0xF9, 0x1E, 0xEB, 0xE8, 0x6B, 0x2D, 0x74, 0xEE, 0xBC, 0xE4, 0x2D, 0x79, 0x3D,
    0xCE, 0x42, 0xDD, 0xF8, 0x90, 0xC6, 0x65, 0xA2, 0x0F, 0xCE, 0x12, 0xAD, 0x2C, 0x5B, 0xB6, 0x86,
    0xF8, 0x72, 0x4A, 0x96, 0xBC, 0xB4, 0xF2, 0xBE, 0xAC, 0xC8, 0x6A, 0xDA, 0x09, 0x58, 0x3A, 0x08,
    0x79, 0x4F, 0x2B, 0xA5, 0x51, 0xE4, 0x3D, 0x01, 0x4B, 0xD3, 0x60, 0x01, 0xAA, 0xCA, 0xBE, 0x90,
    0x04, 0x3A, 0x85, 0xB6, 0x6A, 0xD6, 0xFC, 0x7A, 0xD3, 0x80, 0xE1, 0x0F, 0x4E, 0xC4, 0x58, 0xC4,
    0x6A, 0x5B, 0x90, 0xFB, 0xEF, 0x9A, 0x58, 0x01, 0xF8, 0xDA, 0x8D, 0xBF, 0x3B, 0x94, 0x83, 0x79,
    0xA6, 0xEE, 0xDA, 0x7A, 0x71, 0x58, 0x1B, 0x17, 0x5E, 0x26, 0x80, 0x65, 0x44, 0xEC, 0xB1, 0x3B,
    0x96, 0x49, 0xAF, 0x1E, 0xA5, 0x79, 0xF2, 0xFE, 0xAB, 0x63, 0x16, 0x84, 0xD7, 0x86, 0x40, 0xD5,
    0xA0, 0xF2, 0x7A, 0xFE, 0xA1, 0xC4, 0xFD, 0x45, 0x01, 0xFC, 0x05, 0x45, 0x1B, 0x57, 0xDA, 0x44,
    0x6B, 0x1D, 0x7E, 0x71, 0xA5, 0x35, 0x75, 0x5A, 0x5B, 0xDA, 0x5C, 0x53, 0xC3, 0x36, 0x7B, 0x89,
    0xFB, 0x87, 0x1B, 0x10, 0x30, 0xE2, 0x29, 0xFE, 0x16, 0xC5, 0x12, 0x89, 0xBF, 0xB4, 0x8C, 0xF9,
    0x24, 0x7A, 0x49, 0x2C, 0xCA, 0x28, 0x15, 0x65, 0x78, 0x28, 0xBD, 0xF6, 0xBD, 0xA4, 0xF9, 0xAD,
    0xB2, 0xA6, 0x77, 0xD4, 0x87, 0xDB, 0xFD, 0xCE, 0xB4, 0x13, 0xE5, 0x41, 0x1F, 0x70, 0xD0, 0x9C,
    0xFB, 0xCD, 0xF1, 0xE3, 0xA0, 0x9D, 0xB2, 0xED, 0x0E, 0x1E, 0xE7, 0x83, 0xB3, 0x2B, 0xCB, 0x51,
    0x8F, 0xB5, 0xE9, 0xE8, 0x71, 0xEE, 0xFC, 0x70, 0xD8, 0xEE, 0x30, 0x7E, 0xA2, 0xF8, 0xA8, 0xCF,
    0x2A, 0x40, 0xBB, 0x1F, 0x27, 0x69, 0x87, 0x7C, 0xC8, 0x21, 0x28, 0x9C, 0x43, 0x39, 0x0A, 0x63,
    0x78, 0xB7, 0x34, 0x02, 0x7C, 0xBC, 0xDD, 0x65, 0x84, 0xDB, 0x7D, 0x51, 0xBB, 0x73, 0x59, 0xDD,
    0xA2, 0xEE, 0xB1, 0xB4, 0x00, 0x8A, 0xD2, 0x6E, 0x16, 0xA6, 0x6D, 0x26, 0xBE, 0x6A, 0xB2, 0x40,
    0xAB, 0xCC, 0xB1, 0x00, 0x78, 0x3D, 0x88, 0xDB, 0xB0, 0xB8, 0x27, 0xD2, 0x39, 0xE6, 0x88, 0xA0,
    0x07, 0x47, 0x17, 0x6C, 0x38, 0xA2, 0x07, 0xC2, 0xEE, 0xF7, 0x8D, 0xBF, 0x67, 0x8D, 0xF0, 0xF0,
    0x53, 0xBC, 0x97, 0xD2, 0xCC, 0x20, 0x5A, 0x77, 0x9A, 0x63, 0x69, 0x01, 0x94, 0x80, 0xA4, 0xAB,
    0x48, 0xFE, 0xAA, 0x07, 0x8F, 0x0F, 0x4F, 0x60, 0xC3, 0x10, 0x72, 0x7B, 0xAC, 0xF1, 0x50, 0xF8,
    0x79, 0xC3, 0x12, 0x42, 0xE9, 0x63, 0x8B, 0x5F, 0x73, 0xB8, 0x1E, 0x15, 0xC3, 0x10, 0x20, 0x83,
    0x04, 0x33, 0xD2, 0x94, 0xC1, 0xA9, 0x64, 0x41, 0x4D, 0x19, 0x5E, 0x65, 0x49, 0x4C, 0x5D, 0xCD,
    0x1E, 0x24, 0x06, 0xC1, 0x4F, 0xDC, 0xAC, 0xA8, 0x8B, 0xBE, 0x19, 0xE2, 0xF5, 0x8C, 0x4C, 0xC4,
    0x14, 0x67, 0xC3, 0x31, 0x60, 0xFE, 0x04, 0x0C, 0xA6, 0x7B, 0xA0, 0xDF, 0x9B, 0x9A, 0x76, 0xB4,
    0xF8, 0x35, 0x84, 0xD6, 0xCA, 0x18, 0x7B, 0x00, 0xAF, 0xA7, 0x1B, 0x42, 0x84, 0xC2, 0x8F, 0xA8,
    0x0C, 0xEA, 0xD6, 0x63, 0xBD, 0x75, 0x7A, 0x04, 0xDB, 0x45, 0xE4, 0xEE, 0x99, 0x11, 0x5B, 0xAF,
    0xD7, 0x8A, 0xAA, 0x8D, 0xD0, 0x8B, 0x74, 0xCB, 0x5D, 0xFA, 0xDB, 0x5D, 0x04, 0x77, 0xB1, 0x41,
    0xF9, 0x79, 0xE3, 0xBC, 0x68, 0xE8, 0xDB, 0x8E, 0x2E, 0xF0, 0x82, 0xD6, 0x1D, 0x8A, 0x34, 0x44,
    0xCF, 0x79, 0xC3, 0xE5, 0x51, 0x9F, 0x49, 0xC7, 0xDD, 0xB7, 0x0C, 0x19, 0x1F, 0xF5, 0x61, 0xF0,
    0x5B, 0xA4, 0x77, 0xE8, 0x3A, 0x83, 0x68, 0x86, 0xF2, 0x23, 0x53, 0xC6, 0x99, 0x68, 0xB9, 0xBD,
    0x8E, 0xCF, 0xB5, 0x71, 0x19, 0xC7, 0xA8, 0xD2, 0x94, 0x99, 0x43, 0x19, 0x6F, 0xF7, 0x94, 0x19,
    0x6A, 0x17, 0xA9, 0x4D, 0xCC, 0x7D, 0xDF, 0x5B, 0x63, 0x8C, 0xC3, 0xF2, 0x30, 0x15, 0xCF, 0x90,
    0xD6, 0xA5, 0xA2, 0xA5, 0x04, 0x4E, 0xB3, 0xE4, 0x32, 0x78, 0xB5, 0xB9, 0x06, 0x9C, 0x63, 0xA8,
    0xDB, 0xB1, 0x5D, 0x25, 0x9A, 0xB0, 0x92, 0x65, 0xB2, 0x1B, 0x0D, 0x38, 0x63, 0xF3, 0x0B, 0xEB,
    0x5A, 0x06, 0xA8, 0x9D, 0xA3, 0x4F, 0x5E, 0x80, 0xF0, 0x3E, 0x47, 0x5C, 0xDC, 0x45, 0x0C, 0x9C,
    0xB5, 0xA0, 0x04, 0x14, 0xDD, 0x2C, 0x33, 0xF1, 0xA0, 0xCC, 0xFC, 0x7F, 0x94, 0x99, 0xA7, 0x4B,
    0xE8, 0x2E, 0x28, 0x07, 0x49, 0x50, 0x58, 0x52, 0x18, 0xB3, 0xAB, 0x5C, 0x36, 0x61, 0x51, 0x87,
    0x9A, 0xBC, 0xEC, 0xEB, 0x5A, 0x5F, 0xEC, 0xB5, 0xAE, 0x6A, 0x9D, 0x03, 0xCA, 0xA9, 0xE7, 0x33,
    0x09, 0xB0, 0x8D, 0x65, 0xB6, 0x6D, 0x61, 0xCC, 0x79, 0x15, 0xA7, 0xAC, 0xD0, 0x19, 0xB7, 0x24,
    0xB7, 0x42, 0x0C, 0xB3, 0x05, 0x51, 0xC8, 0x74, 0x2A, 0x62, 0x10, 0x3E, 0x47, 0x87, 0x6E, 0xFB,
    0x7F, 0x12, 0xC3, 0x20, 0xE2, 0x61, 0x70, 0x07, 0x5E, 0x70, 0xF8, 0xC4, 0x51, 0xFE, 0x38, 0xF3,
    0xA2, 0x00, 0xD8, 0x10, 0xC1, 0x45, 0xD5, 0x70, 0xDD, 0x12, 0xC0, 0x67, 0x1D, 0xD1, 0x20, 0x65,
    0xDC, 0x17, 0xBC, 0x20, 0x58, 0x71, 0x10, 0xAC, 0xD2, 0x0E, 0xE1, 0x19, 0x29, 0xA3, 0x1A, 0xA4,
    0x8C, 0xBB, 0x83, 0x17, 0xE2, 0x00, 0xD7, 0xB1, 0xB9, 0xCA, 0x20, 0x65, 0x54, 0x26, 0x65, 0xEC,
    0x8E, 0x84, 0x29, 0xDD, 0x5D, 0x99, 0xEB, 0x35, 0x44, 0x96, 0xE7, 0x97, 0x6D, 0x2E, 0xBF, 0x9D,
    0xB9, 0x9E, 0x8E, 0x8D, 0x5D, 0x91, 0xE5, 0x98, 0x6C, 0x84, 0xC0, 0xB9, 0x45, 0xD6, 0x66, 0x24,
    0xD1, 0x73, 0x4B, 0xD3, 0x91, 0x46, 0xAF, 0xE7, 0x7E, 0x5B, 0x7B, 0x4F, 0x0B, 0xE7, 0xC2, 0xD8,
    0x6C, 0x98, 0x94, 0x99, 0xAE, 0x22, 0xFE, 0x41, 0x7B, 0xBE, 0x07, 0xFD, 0xF5, 0x2F, 0x2E, 0xB3,
    0x61, 0x17, 0x9C, 0xA9, 0xF3, 0x5D, 0xD2, 0xE0, 0xAE, 0xFB, 0x3B, 0xF7, 0xCD, 0x4F, 0x01, 0x83,
    0x3B, 0x6D, 0x44, 0xC5, 0x77, 0xF4, 0xDD, 0x5C, 0x1B, 0x8C, 0x43, 0x91, 0xB9, 0x2F, 0x18, 0x46,
    0x1E, 0x99, 0xF4, 0x96, 0xB3, 0x79, 0x9D, 0x82, 0x9D, 0x9C, 0x56, 0xC0, 0x0A, 0xA7, 0x22, 0xF6,
    0xC6, 0x90, 0x9A, 0x23, 0x27, 0x79, 0xA4, 0xE1, 0x06, 0xD0, 0x0E, 0x79, 0xC9, 0xC3, 0x61, 0xEA,
    0xC5, 0xA1, 0x69, 0x34, 0xB0, 0xBF, 0xF9, 0x61, 0x36, 0x56, 0xDA, 0x0C, 0xFF, 0xA7, 0x43, 0x9F,
    0xB5, 0x0A, 0xEA, 0x52, 0xE6, 0x70, 0x26, 0xDF, 0x70, 0x76, 0x84, 0xAC, 0xBE, 0xB4, 0x3E, 0x6F,
    0xDB, 0xB7, 0xB5, 0xE6, 0x34, 0x80, 0x7A, 0x6E, 0xED, 0x15, 0x10, 0xF6, 0x7C, 0xDB, 0xE8, 0x46,
    0x7F, 0xD8, 0xDF, 0x8F, 0xB1, 0xA7, 0x1B, 0x9F, 0x06, 0x38, 0xC1, 0x27, 0x12, 0x9C, 0xCC, 0x33,
    0x0A, 0x77, 0x64, 0x22, 0xB5, 0xDC, 0x90, 0xE9, 0x61, 0x9E, 0x22, 0xF8, 0x05, 0xC0, 0xF2, 0x19,
    0x56, 0xDA, 0x9F, 0xCE, 0x2A, 0xCF, 0x87, 0x14, 0xAE, 0x90, 0xDF, 0x33, 0xC1, 0x49, 0x87, 0x64,
    0x82, 0x48, 0x95, 0xE4, 0x06, 0x23, 0x10, 0xA6, 0xDD, 0x5F, 0xF6, 0x21, 0x75, 0x87, 0x0D, 0xAB,
    0x67, 0x36, 0x3B, 0xDC, 0xC8, 0xB1, 0xC9, 0x51, 0xCC, 0xE8, 0x05, 0x43, 0x46, 0xDD, 0x2D, 0xBC,
    0x83, 0xA4, 0x5E, 0xD7, 0x6C, 0xD0, 0xE9, 0x22, 0x85, 0x85, 0x8C, 0xD1, 0x62, 0x23, 0x8F, 0xB9,
    0xBD, 0x3B, 0x3C, 0xC3, 0x18, 0xF5, 0xE5, 0x97, 0x28, 0xD0, 0x45, 0xC4, 0xC7, 0x7E, 0x9C, 0x9C,
    0x44, 0xAF, 0xF0, 0x58, 0xD1, 0x55, 0xB5, 0xE0, 0x28, 0xF9, 0xAE, 0x42, 0xFD, 0x20, 0xEA, 0x89,
    0xD8, 0x08, 0xCA, 0x41, 0xDA, 0x30, 0x37, 0x1D, 0x36, 0x32, 0xFC, 0xA4, 0xE0, 0xCF, 0x45, 0x07,
    0xB2, 0x18, 0x93, 0x8D, 0xD3, 0x4E, 0x3B, 0x6B, 0xD2, 0x0B, 0xD8, 0x34, 0x1F, 0x19, 0x16, 0xD6,
    0xC6, 0xC6, 0x99, 0xFA, 0x6D, 0x93, 0xB6, 0xF9, 0x31, 0xEB, 0xD1, 0xDC, 0x7E, 0xBF, 0x31, 0x05,
    0x69, 0x40, 0xD1, 0x58, 0xCF, 0xFA, 0x93, 0x6C, 0x0A, 0x9F, 0x85, 0x03, 0x95, 0x98, 0x16, 0x92,
    0x8F, 0x62, 0xB3, 0x49, 0x93, 0xD0, 0x01, 0xD2, 0x10, 0x85, 0x28, 0xC2, 0x02, 0xF6, 0xD7, 0x84,
    0x85, 0xD8, 0xF9, 0x3C, 0x11, 0x0D, 0x42, 0xD5, 0x12, 0xB6, 0x73, 0x16, 0xCA, 0x1C, 0x1B, 0x01,
    0xBC, 0xDA, 0xED, 0x38, 0x4F, 0xC5, 0x09, 0xB4, 0x9B, 0x0B, 0x89, 0xCF, 0x99, 0x21, 0xF0, 0xC2,
    0x31, 0x6B, 0xC3, 0x3F, 0xC4, 0x9E, 0xF2, 0x84, 0x44, 0x63, 0x4F, 0x15, 0x8F, 0x9C, 0xF5, 0x4C,
    0xFE, 0x0D, 0x84, 0xD6, 0x52, 0x27, 0xF9, 0xF0, 0xD0, 0x59, 0x47, 0xD7, 0xFA, 0xFE, 0x13, 0xDD,
    0x5C, 0xFD, 0x66, 0x64, 0xAD, 0x44, 0xB7, 0x7F, 0x46, 0x6E, 0x1F, 0xB1, 0xE5, 0x83, 0x92, 0x76,
    0xE2, 0xF6, 0xB0, 0x18, 0x87, 0xBA, 0x14, 0xA6, 0xB0, 0xEC, 0x54, 0x6E, 0x22, 0xEB, 0x04, 0x17,
    0xAE, 0xAE, 0xAC, 0x4B, 0xBC, 0x91, 0x8A, 0xAD, 0x62, 0x36, 0x1A, 0x0C, 0x77, 0x80, 0x73, 0x76,
    0x55, 0xD7, 0x53, 0xF9, 0xC7, 0x4A, 0xF6, 0x95, 0xF8, 0xCF, 0xF0, 0xAC, 0xDF, 0x41, 0x77, 0x67,
    0xED, 0xD6, 0xD4, 0xD8, 0x60, 0x75, 0x1B, 0x39, 0x84, 0x1C, 0x87, 0x0D, 0x37, 0xBD, 0x43, 0xEE,
    0x57, 0xB5, 0x8D, 0x34, 0x3A, 0xD3, 0x61, 0x63, 0xD6, 0x4D, 0x85, 0x3D, 0x9C, 0x5C, 0x1A, 0x5B,
    0x1A, 0xE7, 0x40, 0x5B, 0x60, 0xE1, 0x21, 0x36, 0xE5, 0x6F, 0xF8, 0x4E, 0xE2, 0x69, 0x49, 0x04,
    0xE0, 0xED, 0xFD, 0x9A, 0xFC, 0x8B, 0x80, 0x7B, 0xB2, 0xA1, 0xD9, 0x58, 0x0C, 0x29, 0x44, 0x53,
    0x00, 0x45, 0xF7, 0x79, 0x49, 0xCE, 0x85, 0xE9, 0x30, 0xE3, 0x3D, 0xAE, 0x82, 0x07, 0x85, 0x78,
    0x8F, 0x3A, 0x33, 0x93, 0x68, 0xC9, 0x04, 0xD3, 0x16, 0xBB, 0xA7, 0xAD, 0xAD, 0x49, 0xAC, 0xB0,
    0x3D, 0xC1, 0xA0, 0xE5, 0xF6, 0x16, 0x1F, 0x3F, 0x35, 0xDC, 0x93, 0x3D, 0x51, 0xF5, 0xED, 0x3F,
    0x42, 0x56, 0xB5, 0x73, 0x4E, 0xC6, 0xD8, 0x57, 0xD0, 0xF6, 0x21, 0x13, 0x8F, 0x0D, 0x87, 0x16,
    0x15, 0x88, 0x2A, 0x52, 0xF6, 0xB7, 0xB9, 0x81, 0x41, 0x8D, 0x67, 0xD8, 0x60, 0x99, 0x90, 0xB8,
    0xFF, 0x5D, 0x95, 0x91, 0x78, 0xF4, 0xA2, 0x6E, 0x28, 0x78, 0xFE, 0x2D, 0xEE, 0xFE, 0x8B, 0xBF,
    0xF2, 0x0C, 0x2F, 0xCA, 0x57, 0x48, 0xF2, 0xB6, 0x0A, 0xD8, 0xA2, 0xA3, 0x8B, 0x9C, 0x75, 0x30,
    0x95, 0x90, 0x94, 0x8E, 0x65, 0xC9, 0xF1, 0x33, 0xA7, 0xC4, 0x2E, 0x83, 0x28, 0x9F, 0x43, 0x99,
    0x83, 0xA8, 0x41, 0x66, 0x8E, 0x0B, 0x09, 0xB4, 0x28, 0xA4, 0xA7, 0x80, 0xB9, 0x7E, 0x13, 0xC5,
    0xD1, 0x4F, 0x10, 0xE3, 0x84, 0x37, 0x91, 0x99, 0x89, 0xCF, 0x7F, 0xBE, 0x4A, 0xC1, 0xB3, 0x30,
    0x23, 0xFF, 0x9F, 0x0C, 0x28, 0xAD, 0xC0, 0x4C, 0x4D, 0xD0, 0xE3, 0x3F, 0xE4, 0x6A, 0x8B, 0x8A,
    0x12, 0xDF, 0x0A, 0x09, 0xF6, 0x92, 0x75, 0xFB, 0xE6, 0x2F, 0xB5, 0x02, 0xE1, 0x54, 0x19, 0x16,
    0xE6, 0xAF, 0x34, 0x95, 0x98, 0x3F, 0xDD, 0x28, 0x57, 0xB6, 0x2D, 0xC7, 0xE3, 0x26, 0xE2, 0x3A,
    0x80, 0x56, 0xD9, 0x88, 0x53, 0xF2, 0x1F, 0x43, 0x4B, 0xAC, 0xB6, 0xA3, 0x0A, 0xF2, 0xE0, 0xFF,
    0x40, 0x62, 0xE0, 0xDC, 0x0D, 0x45, 0xE2, 0x4F, 0x35, 0x05, 0x8F, 0x81, 0x37, 0x5F, 0x23, 0xE2,
    0x80, 0x8A, 0x73, 0x7B, 0x3E, 0xC7, 0xE0, 0x03, 0x63, 0x04, 0x17, 0x26, 0x6E, 0x09, 0x95, 0x75,
    0x2A, 0x66, 0x77, 0x6E, 0xFF, 0x18, 0x75, 0x99, 0xE5, 0x71, 0x70, 0x9D, 0x8A, 0xC7, 0xDD, 0x19,
    0xBE, 0xD6, 0x7D, 0x94, 0xCB, 0x57, 0x1A, 0x3E, 0xBF, 0x08, 0x2A, 0x86, 0x62, 0xC9, 0x87, 0x2A,
    0x80, 0x7F, 0x08, 0x08, 0x39, 0x07, 0xA0, 0x3F, 0x5F, 0xFB, 0xD4, 0x36, 0x1B, 0x24, 0x7F, 0xBD,
    0x81, 0x25, 0x23, 0x40, 0xE2, 0x18, 0x09, 0x1B, 0x93, 0x70, 0xFA, 0x6A, 0x07, 0xE0, 0xA7, 0x8F,
    0x62, 0xAD, 0x2B, 0x14, 0xF6, 0xA7, 0xAD, 0x49, 0x89, 0xE7, 0x26, 0x9E, 0xCB, 0xA9, 0xB8, 0x15,
    0x9F, 0x3B, 0xC6, 0x63, 0xCD, 0xC5, 0x8E, 0xF5, 0x5F, 0x43, 0xC7, 0x3A, 0xE1, 0x5C, 0x6F, 0x89,
    0x58, 0x74, 0x89, 0xCF, 0x4B, 0xC6, 0x5B, 0xD7, 0x99, 0xDB, 0xB2, 0xE6, 0xF4, 0xEC, 0xB0, 0x73,
    0x82, 0xFF, 0x01, 0xBD, 0x59, 0xBF, 0x6F, 0xDC, 0xC8, 0x15, 0x7E, 0x24, 0xA5, 0x23, 0x12, 0x16,
    0xA3, 0x62, 0x15, 0x04, 0x30, 0x10, 0xF6, 0x87, 0x3B, 0x4F, 0x1B, 0x04, 0x96, 0x66, 0x6C, 0x20,
    0x71, 0x79, 0x1B, 0xC0, 0x4A, 0x8A, 0x14, 0x6E, 0x52, 0xC7, 0x8D, 0x4B, 0x67, 0xC9, 0xBB, 0xFC,
    0x01, 0xBA, 0x03, 0x92, 0x2A, 0x45, 0x5C, 0xA4, 0xB8, 0x28, 0x85, 0x1A, 0x17, 0x46, 0xE0, 0x5D,
    0x8E, 0x72, 0xC5, 0x15, 0x2E, 0x8E, 0xF6, 0xE5, 0x92, 0xF2, 0x88, 0x03, 0x8C, 0x00, 0x36, 0x10,
    0x10, 0x01, 0x2F, 0xA6, 0x02, 0x92, 0x93, 0xEF, 0xCD, 0xEC, 0x6A, 0x65, 0x9D, 0xCE, 0x5E, 0x59,
    0x72, 0x76, 0x39, 0x6F, 0xB4, 0x24, 0x67, 0xDE, 0x9B, 0x79, 0xBF, 0xBE, 0x37, 0x5A, 0x23, 0xA2,
    0xFB, 0x5B, 0x54, 0xD8, 0x0F, 0x69, 0xAB, 0x45, 0xD7, 0x92, 0xA8, 0x68, 0xF6, 0xE7, 0x81, 0x02,
    0x4D, 0x53, 0xCA, 0xF0, 0x14, 0x9D, 0xFC, 0x8D, 0xB5, 0x7A, 0x4A, 0xE9, 0x27, 0xAE, 0x13, 0x86,
    0x66, 0xC4, 0x5D, 0xD0, 0xB9, 0x2E, 0xAA, 0xD1, 0xA5, 0x46, 0x94, 0xFC, 0x66, 0xAE, 0x72, 0x74,
    0x05, 0xBE, 0x54, 0xEC, 0xF7, 0xC1, 0xB0, 0x83, 0x39, 0x9B, 0x08, 0xE3, 0x0A, 0x9B, 0x73, 0x87,
    0xF9, 0xC2, 0xAA, 0x21, 0x9A, 0xD0, 0xF3, 0x8A, 0x29, 0x5E, 0x07, 0x5D, 0x27, 0x1A, 0x4F, 0xF0,
    0x28, 0x1E, 0x26, 0x89, 0xED, 0x85, 0x1D, 0x40, 0xE5, 0xC1, 0x40, 0x61, 0xA7, 0xC0, 0x2B, 0xAE,
    0x15, 0xDE, 0x11, 0x46, 0xD1, 0x36, 0x29, 0xCD, 0x7F, 0xCF, 0xD0, 0xCF, 0xC2, 0x8E, 0xE4, 0xDF,
    0x87, 0xF8, 0xF0, 0x86, 0xB0, 0x33, 0x0C, 0x89, 0x86, 0x09, 0x28, 0x1D, 0xFB, 0x4C, 0xD1, 0x92,
    0xEA, 0xEC, 0x34, 0x18, 0x33, 0x0D, 0x9B, 0xA4, 0x04, 0x6D, 0x45, 0x59, 0xEC, 0xDD, 0x1D, 0x6E,
    0x99, 0xC2, 0xD6, 0x58, 0x03, 0x68, 0xDA, 0x2F, 0x59, 0xDC, 0xC6, 0x98, 0x6E, 0xDE, 0x36, 0xA6,
    0x9E, 0x67, 0xF7, 0xB2, 0x86, 0xB9, 0x3A, 0xCC, 0xE1, 0x1A, 0x5E, 0x47, 0xC3, 0x2E, 0x92, 0x68,
    0x89, 0xF7, 0x9D, 0x3F, 0x89, 0xEE, 0x53, 0xD3, 0x8B, 0xBC, 0x0F, 0x08, 0x7C, 0x7A, 0x61, 0x5E,
    0x7E, 0xB1, 0x36, 0x64, 0x4E, 0xD8, 0x58, 0x2C, 0x5D, 0x2F, 0xC4, 0x2A, 0x08, 0xDA, 0x48, 0xCA,
    0xC2, 0xF8, 0xAE, 0xF4, 0x5D, 0xED, 0xBA, 0x59, 0xEB, 0xBA, 0x69, 0xEF, 0xBB, 0xCC, 0x77, 0x72,
    0xD7, 0x75, 0xE2, 0xA1, 0xEB, 0xE2, 0x67, 0x8F, 0xC6, 0xE8, 0x22, 0xFB, 0xD8, 0x6D, 0x82, 0x7D,
    0x8C, 0x31, 0xD0, 0xEA, 0x23, 0x6C, 0xC3, 0x94, 0x54, 0x89, 0x7D, 0x80, 0xC6, 0x4B, 0xD9, 0x1F,
    0xDF, 0xED, 0x7B, 0xCC, 0xB4, 0x63, 0x96, 0x1D, 0x33, 0xDC, 0x70, 0xEC, 0x98, 0x59, 0xC7, 0xAC,
    0x3A, 0x66, 0xD4, 0x31, 0x9B, 0x8E, 0x99, 0x74, 0x60, 0x01, 0x12, 0x59, 0x10, 0x72, 0xA4, 0x60,
    0xA2, 0x98, 0xA4, 0x25, 0xEF, 0x0C, 0x6F, 0x8D, 0xDB, 0x1B, 0xB7, 0x39, 0x8B, 0xDD, 0xC1, 0xE7,
    0x07, 0x4C, 0xD4, 0x11, 0x59, 0x23, 0xB6, 0x1E, 0x6C, 0x6C, 0xA9, 0x68, 0xB0, 0xB0, 0x14, 0x7B,
    0xBD, 0x51, 0xD4, 0x87, 0x2D, 0x48, 0xF0, 0x4A, 0xB2, 0x98, 0x85, 0x0D, 0x3D, 0x62, 0xE3, 0x89,
    0xDA, 0xC5, 0x72, 0xB6, 0x88, 0x3D, 0x82, 0x52, 0x30, 0x0E, 0xE6, 0x1B, 0x2B, 0x6B, 0xBC, 0x0E,
    0xE3, 0xCD, 0x70, 0x7F, 0x0A, 0xD1, 0xBA, 0x1E, 0x12, 0xCE, 0x88, 0x79, 0x45, 0xB5, 0xD2, 0x71,
    0x2D, 0xF3, 0xC4, 0x5A, 0x23, 0xAC, 0x2D, 0xD3, 0xA7, 0xFB, 0xF8, 0x05, 0xCB, 0xD5, 0x51, 0x93,
    0xC1, 0x8E, 0x93, 0x0F, 0xAA, 0xE8, 0x19, 0xF4, 0x44, 0x34, 0xE2, 0x2B, 0xC6, 0x1B, 0x10, 0xF6,
    0x5A, 0x4B, 0x41, 0x1B, 0xEC, 0xB7, 0xA9, 0x6D, 0xD5, 0x47, 0xED, 0x24, 0x68, 0xB3, 0xA8, 0x55,
    0xB6, 0x15, 0x2D, 0x4B, 0x71, 0x59, 0x68, 0x31, 0x73, 0x02, 0x8D, 0x99, 0x79, 0xD8, 0x9C, 0xE1,
    0xE2, 0xB1, 0x93, 0xE5, 0xD8, 0xA8, 0x79, 0xC5, 0x45, 0xF7, 0x2F, 0x13, 0x6D, 0x3F, 0xC0, 0x3E,
    0xD7, 0x7E, 0xB9, 0xDC, 0x8A, 0x9E, 0xE0, 0xB2, 0x26, 0x39, 0xBC, 0x55, 0xA5, 0x25, 0x2F, 0x0E,
    0x0B, 0xD5, 0x01, 0x5C, 0x92, 0x96, 0x0D, 0xBF, 0x65, 0x1E, 0x41, 0xCB, 0x49, 0x9D, 0x0C, 0x45,
    0x15, 0x5A, 0x9B, 0x53, 0xE6, 0xED, 0x22, 0x3E, 0xA8, 0xC2, 0xE7, 0x86, 0x23, 0x01, 0x96, 0xBC,
    0x49, 0xA1, 0x2D, 0x85, 0x6D, 0xE5, 0x01, 0xBB, 0xB4, 0xA2, 0x4C, 0x91, 0x62, 0xAA, 0x67, 0xF2,
    0x71, 0x27, 0x6C, 0x83, 0xA7, 0x2C, 0xE7, 0xA3, 0x9A, 0x82, 0xE7, 0xF8, 0x2B, 0xD3, 0x4E, 0xB3,
    0xDE, 0x8B, 0x53, 0xB3, 0x4A, 0x9B, 0x51, 0x9A, 0x67, 0x88, 0x27, 0xEA, 0xA9, 0x25, 0x61, 0x7B,
    0xF0, 0xF3, 0x26, 0x23, 0xAE, 0x9B, 0xF8, 0x4B, 0x1D, 0x42, 0xA6, 0x0D, 0xFE, 0x09, 0xB5, 0x9F,
    0xBC, 0xC2, 0x76, 0x16, 0xB5, 0xC5, 0xEF, 0x5B, 0x35, 0xB4, 0xE2, 0x6B, 0xA7, 0xFF, 0x1D, 0x4D,
    0x01, 0x0F, 0xE7, 0x5E, 0x8F, 0x29, 0xFA, 0xAA, 0x76, 0x8D, 0xF4, 0xF8, 0x42, 0x44, 0x0A, 0x76,
    0x28, 0xB1, 0x1A, 0x74, 0x3D, 0xA0, 0x74, 0xD7, 0xE0, 0xC2, 0x1F, 0xAB, 0xCA, 0xE6, 0xB6, 0xD6,
    0x60, 0x5D, 0xD8, 0xA2, 0xEF, 0xD0, 0x1B, 0x91, 0xCF, 0xD9, 0x3A, 0xD1, 0x15, 0xA2, 0x5F, 0xBE,
    0xAE, 0x88, 0xE1, 0x57, 0x98, 0xAA, 0x40, 0x70, 0x7F, 0xFB, 0x8D, 0x89, 0x98, 0xEC, 0x6A, 0x76,
    0xD9, 0x8F, 0x5F, 0x7B, 0x17, 0x61, 0xF6, 0x74, 0x07, 0xED, 0xFB, 0x6F, 0x4C, 0xC4, 0xC8, 0x50,
    0x80, 0x1F, 0x77, 0x5F, 0x4B, 0xC4, 0x1D, 0x1F, 0x25, 0x1A, 0xC5, 0x51, 0xF0, 0xC1, 0xE6, 0xCE,
    0x34, 0xB3, 0xBD, 0xDA, 0xEB, 0x15, 0x75, 0xF2, 0x83, 0x56, 0xD8, 0x3A, 0x84, 0xAB, 0xE1, 0xB3,
    0x39, 0xF6, 0x01, 0x89, 0xFB, 0x8D, 0xD1, 0xB1, 0x74, 0x34, 0x3A, 0x77, 0xD0, 0x0A, 0x76, 0x74,
    0x64, 0x0D, 0xEC, 0x34, 0x08, 0xB4, 0xF8, 0xB4, 0xC2, 0x85, 0x3F, 0x56, 0x8C, 0x5E, 0x2F, 0xC8,
    0x15, 0xC2, 0x56, 0x91, 0x0D, 0x5C, 0x0B, 0xF5, 0xC5, 0xC9, 0xC5, 0x91, 0x65, 0xEA, 0xAE, 0x95,
    0xA3, 0xEA, 0x91, 0x0B, 0xB9, 0xDD, 0x0B, 0xF7, 0x34, 0xBD, 0xF0, 0x89, 0xAD, 0x45, 0x8C, 0x16,
    0x9E, 0x7E, 0xF6, 0x05, 0x58, 0xC8, 0x5D, 0xC3, 0x59, 0x42, 0x30, 0x9D, 0x39, 0xCA, 0x00, 0x05,
    0xB2, 0x32, 0x8D, 0x1A, 0xF1, 0xF4, 0x4F, 0x2E, 0x4A, 0xC2, 0x1E, 0x1D, 0x15, 0x5F, 0xDC, 0x04,
    0x95, 0x46, 0x3C, 0xDD, 0x03, 0x48, 0xC1, 0x44, 0x3A, 0xE3, 0xE9, 0xE6, 0x6C, 0x12, 0x4C, 0x4B,
    0xDF, 0xDD, 0x5B, 0x70, 0x1B, 0x21, 0x3C, 0xC7, 0xF6, 0x0F, 0x03, 0xA5, 0x60, 0x68, 0xD4, 0xB5,
    0x3E, 0xA9, 0x20, 0x7A, 0x54, 0x07, 0xFB, 0x16, 0x38, 0x03, 0xF7, 0x6A, 0x75, 0x15, 0x42, 0x63,
    0x09, 0xC1, 0x38, 0x8B, 0xF0, 0x54, 0xF1, 0x7B, 0x62, 0x48, 0x16, 0x38, 0x87, 0xC3, 0x74, 0xF6,
    0x8D, 0x30, 0xDD, 0x28, 0xED, 0xF3, 0x9A, 0xA2, 0xA2, 0x75, 0x4D, 0x7F, 0xAF, 0x95, 0x79, 0x31,
    0x88, 0xEA, 0x52, 0x73, 0x32, 0x4C, 0x73, 0x86, 0x88, 0x07, 0x27, 0x24, 0xC9, 0x03, 0xCB, 0x63,
    0xD0, 0x60, 0xD0, 0x31, 0x67, 0x53, 0xF4, 0x1A, 0xF7, 0xFF, 0xC9, 0xA6, 0x5D, 0x50, 0x70, 0xC8,
    0x89, 0x72, 0x42, 0x97, 0x18, 0x0D, 0xDA, 0x0E, 0xB2, 0xD7, 0x6C, 0xA7, 0x0E, 0x42, 0xD2, 0xF6,
    0x7D, 0x9F, 0xA6, 0x17, 0xE9, 0x63, 0x65, 0xB9, 0xC2, 0x46, 0x54, 0xF1, 0xCB, 0xD3, 0xC7, 0x98,
    0x45, 0x84, 0x84, 0x10, 0x10, 0xE3, 0x8E, 0xA5, 0x0F, 0x0B, 0xD1, 0x20, 0x99, 0x13, 0x6C, 0x02,
    0xB1, 0x20, 0x15, 0x0B, 0x05, 0xDF, 0x39, 0xE0, 0x54, 0x02, 0x55, 0x14, 0xDA, 0xCD, 0xE0, 0x3D,
    0x5A, 0x01, 0xB8, 0x58, 0x9A, 0x46, 0x40, 0xAE, 0x09, 0x60, 0xAB, 0x34, 0x34, 0x45, 0xAA, 0x99,
    0x41, 0x2B, 0x05, 0x54, 0x54, 0x40, 0x81, 0xC5, 0x2E, 0xF0, 0x2F, 0x32, 0xE2, 0x34, 0x64, 0x74,
    0x3B, 0x30, 0x08, 0xC6, 0x62, 0xA5, 0x41, 0x46, 0x25, 0xA4, 0x54, 0x0F, 0x10, 0xC6, 0x73, 0xF7,
    0x6E, 0x4E, 0xB6, 0xD4, 0xB0, 0x85, 0x46, 0x0D, 0x96, 0xFE, 0x1C, 0x89, 0x15, 0x91, 0x20, 0x82,
    0x34, 0x11, 0x60, 0xB5, 0xBB, 0xE7, 0x9E, 0x49, 0xBC, 0x83, 0x7D, 0x3A, 0x7B, 0x86, 0x7D, 0x51,
    0x75, 0x31, 0xB6, 0x5A, 0xE4, 0x7E, 0xCB, 0x93, 0xC6, 0x0B, 0xF5, 0x8A, 0x2C, 0xDB, 0x72, 0x96,
    0xDD, 0x46, 0x30, 0x81, 0x25, 0x6B, 0xCA, 0x8C, 0x43, 0x4E, 0xAC, 0x0E, 0xB8, 0xDF, 0xDB, 0x1F,
    0x2F, 0x2D, 0xEA, 0xA2, 0xC5, 0x22, 0x16, 0x2B, 0xD8, 0xF3, 0xE1, 0xEA, 0xCC, 0x22, 0x86, 0x15,
    0x0C, 0xEB, 0x2F, 0x1C, 0x2D, 0x0C, 0x2D, 0x24, 0x86, 0x6F, 0x18, 0x6E, 0xEB, 0x3B, 0x19, 0x66,
    0x1D, 0xBC, 0x5A, 0x38, 0xBA, 0x38, 0x0B, 0x03, 0x5B, 0xC5, 0x1E, 0xC2, 0xAA, 0x4F, 0xCD, 0x32,
    0xF4, 0x88, 0x12, 0x66, 0x5E, 0x2A, 0x9D, 0x1A, 0x59, 0x15, 0x9A, 0xFD, 0x37, 0xB4, 0x1C, 0xA1,
    0xB4, 0xAF, 0x49, 0xB8, 0x22, 0xE1, 0x7A, 0x64, 0xC9, 0xC3, 0xB5, 0xF5, 0x9F, 0xF5, 0x5E, 0xBD,
    0x8B, 0xF9, 0xB3, 0x8A, 0xBC, 0x91, 0x16, 0xBC, 0x77, 0x7A, 0x93, 0x8B, 0x12, 0x7C, 0xE5, 0x93,
    0x17, 0xE3, 0xFF, 0x59, 0x31, 0x18, 0xAE, 0xB8, 0xE6, 0xB0, 0x28, 0xCD, 0x1C, 0xD8, 0x3A, 0x28,
    0x6F, 0x3F, 0x84, 0x2E, 0x5A, 0x54, 0x66, 0xDC, 0xA1, 0x32, 0x0B, 0x76, 0x7E, 0x51, 0xBB, 0xCA,
    0x8C, 0x21, 0x39, 0xA0, 0x3F, 0x9B, 0x74, 0xCA, 0x7E, 0x72, 0xBC, 0x24, 0x6B, 0x5C, 0x87, 0x68,
    0xC2, 0xCF, 0xF0, 0xD4, 0x55, 0x66, 0xDA, 0x55, 0x66, 0xBD, 0xAB, 0xCC, 0xC2, 0x61, 0xEF, 0x8F,
    0xBE, 0x32, 0x6B, 0x7D, 0x65, 0xD6, 0x2E, 0xF9, 0xF9, 0xCE, 0x05, 0x4B, 0xAE, 0x04, 0x9D, 0xE3,
    0xBC, 0x91, 0x4A, 0xD0, 0x7D, 0x26, 0x27, 0xE9, 0x05, 0x57, 0x82, 0x30, 0x9E, 0x00, 0xC6, 0x13,
    0x5D, 0x5C, 0x64, 0x62, 0xF8, 0x05, 0x13, 0x4F, 0x5F, 0x33, 0x32, 0x2D, 0x62, 0x11, 0xE7, 0x92,
    0xD3, 0xA9, 0x30, 0x9E, 0x16, 0x1C, 0xEC, 0x17, 0x74, 0x6F, 0xFF, 0xE8, 0xFE, 0x11, 0x2D, 0x25,
    0x94, 0x1F, 0x1F, 0x16, 0xD0, 0x45, 0x64, 0x39, 0x56, 0x51, 0xD1, 0x2C, 0xD6, 0xBD, 0x89, 0x75,
    0xC2, 0x12, 0x33, 0x84, 0xE9, 0xEC, 0x23, 0xCB, 0x81, 0x1C, 0x4D, 0x22, 0x1B, 0xC9, 0xFC, 0xC5,
    0xC6, 0xF7, 0x0B, 0xCA, 0x82, 0x9E, 0x32, 0x38, 0x6C, 0x96, 0x95, 0x18, 0x03, 0xD7, 0x6B, 0x3C,
    0x0A, 0xCF, 0xE6, 0xD5, 0x91, 0x0B, 0xA1, 0xED, 0x1C, 0x31, 0xC1, 0x41, 0x17, 0x5E, 0xC2, 0x55,
    0x1F, 0x17, 0x7D, 0x5C, 0xF3, 0x71, 0xC9, 0xC7, 0x15, 0x1F, 0x17, 0x7C, 0x5C, 0xEF, 0x71, 0xB9,
    0xC7, 0xD5, 0x1E, 0x17, 0x7B, 0x5C, 0xEB, 0x71, 0xA9, 0xC7, 0x95, 0x1E, 0x17, 0x7A, 0x5C, 0xE7,
    0x61, 0x1F, 0xA1, 0x16, 0xD6, 0xCE, 0x98, 0xE7, 0x43, 0x0D, 0x87, 0x0A, 0x0E, 0xF5, 0x1B, 0xC0,
    0xD0, 0x29, 0x08, 0x29, 0x68, 0x8F, 0x60, 0x5B, 0x54, 0x7A, 0x45, 0xA6, 0x18, 0xFA, 0xC3, 0xDB,
    0xBE, 0xF1, 0xDF, 0x6F, 0xE5, 0xE7, 0xC2, 0x15, 0xAC, 0xD5, 0xCB, 0x6E, 0xA9, 0x30, 0xB8, 0x7F,
    0xE8, 0xE8, 0x93, 0x3C, 0x7C, 0xA6, 0x3D, 0xBA, 0x58, 0x11, 0x5A, 0x08, 0x3D, 0xC7, 0xCE, 0xF8,
    0x6C, 0xCD, 0x53, 0xFC, 0xFF, 0x01, 0x5A, 0xA4, 0x34, 0x57, 0x0A, 0xC7, 0x4D, 0x1F, 0x6F, 0xCE,
    0x0D, 0x2D, 0x9C, 0xE3, 0x34, 0xC7, 0x1D, 0x67, 0x4C, 0xC5, 0x50, 0x43, 0xA0, 0xCA, 0x3B, 0x4E,
    0x8A, 0xBD, 0x53, 0x70, 0x94, 0xC3, 0x4E, 0x85, 0x75, 0xA7, 0x62, 0xD3, 0x29, 0xA1, 0x3B, 0xF5,
    0x2B, 0x24, 0x86, 0x0E, 0x89, 0xA1, 0xF6, 0x15, 0x21, 0x44, 0xCF, 0x05, 0x1C, 0x67, 0xED, 0xA4,
    0xE3, 0x6C, 0xAE, 0x85, 0xF6, 0x5F, 0xC2, 0x76, 0xF2, 0xAF, 0x9D, 0x8A, 0x06, 0x25, 0x32, 0xF5,
    0x8E, 0x52, 0xF7, 0x32, 0x55, 0x72, 0x22, 0x00, 0xEC, 0xFD, 0x91, 0xAB, 0x08, 0xE3, 0xCF, 0x4B,
    0x0A, 0xFF, 0x0D, 0x95, 0xB6, 0x10, 0x65, 0xB4, 0x71, 0x6E, 0xE8, 0xB8, 0x7D, 0x99, 0xD2, 0x9B,
    0x94, 0x7C, 0x96, 0x07, 0x57, 0x57, 0x46, 0xB2, 0x69, 0xE9, 0x59, 0xD5, 0x57, 0x96, 0x61, 0xF9,
    0x3C, 0x56, 0x86, 0xA2, 0x1E, 0xC1, 0xE7, 0x5A, 0x19, 0xD0, 0xAA, 0x22, 0xFC, 0x7A, 0x8B, 0xD4,
    0x36, 0x89, 0xF7, 0x28, 0xF8, 0xF1, 0x3C, 0x38, 0xE3, 0x9A, 0xED, 0xDC, 0x98, 0x2E, 0xE0, 0xAF,
    0x3B, 0x9C, 0xAA, 0x8B, 0xBD, 0xBB, 0xCB, 0x3B, 0x1C, 0xDF, 0xF9, 0x35, 0x99, 0x62, 0xA0, 0x8E,
    0x1F, 0xCE, 0x57, 0xEC, 0xB2, 0x6F, 0x23, 0xDF, 0x47, 0x3C, 0x9D, 0x2A, 0x14, 0x14, 0x76, 0x50,
    0x1C, 0xF5, 0x36, 0x90, 0x8F, 0xE7, 0xD9, 0x17, 0xAA, 0xEE, 0x21, 0x95, 0x16, 0x91, 0x59, 0x73,
    0x47, 0x4A, 0x67, 0x62, 0xE7, 0x57, 0x17, 0xBF, 0x5F, 0xF9, 0xD5, 0xAD, 0xC2, 0x8E, 0x75, 0x92,
    0x42, 0x27, 0x9A, 0x25, 0xA4, 0xC5, 0x8C, 0xAB, 0x5D, 0x5B, 0xDB, 0x24, 0x25, 0x97, 0x82, 0xC1,
    0x55, 0xA7, 0x97, 0xFE, 0x15, 0x17, 0xEC, 0xBC, 0xBB, 0xF7, 0xEE, 0x06, 0xB4, 0x98, 0x94, 0x2F,
    0xFD, 0x56, 0xAA, 0xBD, 0xF7, 0x0E, 0xBF, 0x27, 0xCA, 0xD3, 0xBE, 0x11, 0xEA, 0xDB, 0xE0, 0x6B,
    0x18, 0xC1, 0x03, 0xE8, 0x67, 0x34, 0xBA, 0x90, 0x03, 0x13, 0xD6, 0xD4, 0x6E, 0x1E, 0x7D, 0x6A,
    0x08, 0xFB, 0xB0, 0xDA, 0x81, 0x09, 0xD6, 0xE3, 0xE1, 0xDB, 0xED, 0x77, 0x51, 0xF1, 0xAD, 0x5D,
    0x88, 0x18, 0x80, 0x4D, 0x98, 0x3C, 0x32, 0x4E, 0x83, 0xAB, 0x89, 0x01, 0x2D, 0xB0, 0x1A, 0x58,
    0x0F, 0x34, 0x57, 0x04, 0x6C, 0xA4, 0x74, 0x28, 0x62, 0xF6, 0xF3, 0x05, 0x90, 0x9E, 0xA0, 0x01,
    0x2F, 0xC0, 0xBA, 0x0A, 0x24, 0x25, 0x18, 0x10, 0x80, 0x41, 0xE9, 0x81, 0xF8, 0x11, 0xE0, 0xEE,
    0x1D, 0xD6, 0x80, 0xBD, 0x63, 0xBA, 0xB9, 0xBD, 0xA3, 0xF6, 0xFC, 0x12, 0x8E, 0x64, 0xC4, 0xA1,
    0x06, 0xA8, 0x04, 0xB8, 0xF8, 0xE6, 0x15, 0x0C, 0xBE, 0xA0, 0x4B, 0xB8, 0xE0, 0x9E, 0x1F, 0x83,
    0x9E, 0x87, 0x7F, 0x5A, 0x66, 0x6D, 0x7D, 0x45, 0xAF, 0xD1, 0xA8, 0xEF, 0x6C, 0x67, 0x7F, 0x3B,
    0xE0, 0xFE, 0xF1, 0x6F, 0xFA, 0x9E, 0xA6, 0xE4, 0x21, 0xB2, 0xD7, 0xE7, 0x08, 0xC8, 0x3F, 0xD5,
    0x17, 0x72, 0x5C, 0x70, 0xE7, 0x0E, 0x6D, 0xC3, 0xC7, 0x6F, 0x52, 0xB0, 0xBE, 0xF2, 0x11, 0x41,
    0xE6, 0xCF, 0xA9, 0x22, 0x83, 0x5A, 0xC7, 0x1F, 0x6F, 0x9D, 0xFF, 0x6C, 0xAA, 0xE7, 0xB3, 0xA9,
    0x23, 0xDF, 0x5F, 0x49, 0x8C, 0x75, 0x06, 0xF8, 0x0D, 0x71, 0xD6, 0x4A, 0x9F, 0x14, 0x00, 0x15,
    0x52, 0x33, 0x8E, 0x96, 0x5C, 0x0A, 0x00, 0x4E, 0x86, 0x98, 0x9E, 0x2E, 0x71, 0xE5, 0xAB, 0xF2,
    0x6D, 0xB0, 0x06, 0x54, 0xCE, 0xE5, 0x93, 0x05, 0x00, 0x6F, 0x8E, 0xCE, 0x9B, 0x5C, 0x06, 0xDB,
    0x9A, 0x43, 0x8C, 0x1B, 0x10, 0xC3, 0x48, 0x0E, 0x8C, 0x8C, 0xCD, 0xE4, 0x7F, 0xF1, 0xB3, 0xA2,
    0x5B, 0xED, 0x66, 0xD0, 0x22, 0x54, 0xE2, 0xBE, 0xAF, 0xDF, 0x39, 0xDF, 0x71, 0x64, 0x76, 0xC7,
    0x2C, 0xBC, 0x21, 0xB0, 0x7B, 0x6E, 0x9B, 0xD9, 0xEF, 0x30, 0x08, 0x0B, 0x38, 0x4B, 0x3B, 0x45,
    0x0C, 0xC6, 0x59, 0xA9, 0x81, 0x09, 0x74, 0x80, 0xB5, 0xCB, 0xEF, 0xDF, 0x44, 0x87, 0x12, 0x12,
    0x30, 0x24, 0x36, 0x49, 0x8E, 0x9C, 0xCF, 0xC2, 0x96, 0x88, 0xD6, 0xD9, 0x4F, 0xBA, 0xE9, 0x3C,
    0xD4, 0x74, 0x1C, 0xE9, 0x93, 0x3A, 0x28, 0x9A, 0x74, 0xE8, 0x64, 0x39, 0x1D, 0xC1, 0xF4, 0xFC,
    0x7D, 0x8C, 0x4C, 0xEB, 0xB7, 0xB0, 0xB8, 0x81, 0x64, 0xC9, 0x5A, 0x0B, 0x6E, 0x90, 0x44, 0x2E,
    0xB7, 0x66, 0xEA, 0xCE, 0xE2, 0xFD, 0x91, 0x7E, 0x68, 0x73, 0x69, 0x4B, 0x79, 0xBD, 0xE2, 0x8A,
    0x0A, 0xF7, 0xA5, 0x09, 0x51, 0x87, 0x77, 0x8C, 0xF8, 0x17, 0xFF, 0x43, 0x39, 0x51, 0xAF, 0x30,
    0x2A, 0x3C, 0xAD, 0x31, 0x7E, 0xE4, 0x36, 0x03, 0x82, 0xFC, 0xB6, 0x77, 0x4E, 0xAD, 0x6E, 0xEB,
    0xE3, 0x6D, 0x44, 0xD1, 0x7F, 0xAC, 0xE6, 0xB8, 0x12, 0xF5, 0x69, 0x19, 0x35, 0x49, 0x15, 0x35,
    0xF1, 0xB7, 0xB6, 0xFF, 0x01, 0x5D, 0x52, 0x4F, 0x6B, 0x13, 0x41, 0x14, 0xFF, 0x6D, 0xD2, 0xEE,
    0x36, 0xD9, 0x9A, 0xCD, 0x21, 0x39, 0x14, 0xDB, 0xA6, 0x07, 0x0F, 0x55, 0x92, 0xEC, 0x65, 0xC1,
    0x15, 0xF7, 0xCF, 0xF8, 0x0D, 0x72, 0x68, 0x2F, 0xFA, 0x05, 0xC4, 0x42, 0x89, 0x10, 0x68, 0x0F,
    0x35, 0xBB, 0xDF, 0xC0, 0xDE, 0x45, 0x88, 0x20, 0x1E, 0x0A, 0x9A, 0xF5, 0x20, 0xA8, 0xD4, 0xEC,
    0x42, 0xBF, 0x40, 0xB0, 0x5F, 0x60, 0x0F, 0x82, 0x07, 0x41, 0xA7, 0x50, 0x6C, 0x2C, 0x49, 0xC7,
    0x37, 0xD3, 0x1E, 0xAA, 0xF3, 0x76, 0x66, 0xDE, 0xFE, 0xE6, 0xBD, 0xDF, 0xBC, 0x3F, 0xE3, 0xC3,
    0x86, 0xC5, 0x34, 0x9A, 0x36, 0x7C, 0xD4, 0x50, 0xE0, 0x30, 0xA7, 0xB0, 0x6D, 0xD4, 0xE6, 0x51,
    0x2E, 0x85, 0x3F, 0x77, 0xA7, 0xA0, 0x11, 0x9D, 0x3E, 0x79, 0xED, 0x96, 0xDB, 0xDB, 0xD6, 0x54,
    0xEB, 0xB8, 0xA3, 0x2F, 0x58, 0x5F, 0x42, 0x3F, 0x84, 0x6F, 0xCB, 0xB3, 0xC9, 0xA8, 0x55, 0x03,
    0xC2, 0xF8, 0xF7, 0x38, 0xCF, 0x3F, 0x67, 0x36, 0x6B, 0x59, 0xCC, 0xEA, 0xC3, 0x98, 0x00, 0x1D,
    0xF8, 0x81, 0xA4, 0x32, 0x9F, 0x33, 0xED, 0x01, 0xDD, 0x23, 0xA5, 0x4D, 0xB7, 0xAC, 0x93, 0xD7,
    0xBF, 0x7F, 0x75, 0xDF, 0xDF, 0xFB, 0xB8, 0x26, 0x99, 0x4B, 0xAB, 0x6D, 0x6F, 0xAE, 0x0A, 0x07,
    0x21, 0x4C, 0xA4, 0xA8, 0x4A, 0x53, 0xE6, 0x23, 0x8A, 0xC3, 0xF1, 0x3C, 0xAE, 0x53, 0x43, 0x03,
    0x59, 0xA0, 0x02, 0x34, 0x01, 0x17, 0x48, 0x80, 0x1C, 0x85, 0x0C, 0xC5, 0xF8, 0x7F, 0xB8, 0x23,
    0xA3, 0x34, 0xA0, 0x40, 0x89, 0x12, 0xB9, 0xC2, 0xB5, 0x0C, 0xD2, 0x5A, 0x9A, 0xE3, 0x06, 0x94,
    0x35, 0xBA, 0x90, 0x34, 0x92, 0x07, 0x45, 0x76, 0xE9, 0xB1, 0x4C, 0xF3, 0x16, 0xCD, 0xB2, 0x1E,
    0xFE, 0x72, 0x0F, 0x41, 0x31, 0x07, 0xD8, 0xC3, 0x2E, 0xEA, 0x9B, 0x88, 0x04, 0xFA, 0x43, 0xEC,
    0x5A, 0xE8, 0x99, 0xA8, 0x6F, 0xA4, 0xD3, 0xCD, 0x8D, 0x4D, 0xB5, 0x02, 0x27, 0xF9, 0xA5, 0x74,
    0x58, 0x94, 0x45, 0x59, 0x91, 0x44, 0x06, 0x81, 0xA5, 0x37, 0xD2, 0xE7, 0x6C, 0xA6, 0xC8, 0xE9,
    0x9A, 0x7D, 0x18, 0x1C, 0xC5, 0x1C, 0x4B, 0x65, 0x89, 0x7F, 0x98, 0x41, 0x53, 0x88, 0x91, 0xCB,
    0xD3, 0x92, 0x8E, 0x50, 0xA0, 0xF7, 0x18, 0xF6, 0x0B, 0xD6, 0xBF, 0x40, 0xB5, 0x0A, 0x5D, 0xC7,
    0x4A, 0x21, 0x0B, 0x05, 0xA7, 0x95, 0x74, 0x60, 0x05, 0x11, 0x7B, 0x19, 0x2F, 0x62, 0x01, 0xC4,
    0x37, 0x03, 0xD2, 0x6F, 0xD0, 0x05, 0x6D, 0xB0, 0x67, 0x10, 0x31, 0x14, 0x0D, 0xE6, 0x7A, 0x83,
    0x1E, 0x6D, 0xE6, 0x24, 0x1C, 0x79, 0x0D, 0x6D, 0xDF, 0xE0, 0x45, 0x85, 0xEF, 0x64, 0x21, 0x0B,
    0xD9, 0x4E, 0x2C, 0x75, 0x3D, 0x1F, 0xB1, 0x19, 0x6E, 0xE6, 0xB2, 0xDE, 0x01, 0xCC, 0x53, 0x7D,
    0x12, 0x32, 0x59, 0x7A, 0x36, 0x29, 0xE4, 0xF6, 0x31, 0x37, 0xBF, 0xF7, 0x66, 0x56, 0x93, 0x95,
    0x16, 0xD0, 0x6B, 0xAE, 0x78, 0x5D, 0xD9, 0x27, 0x60, 0x11, 0xEF, 0xE2, 0x36, 0xEE, 0xCA, 0x3E,
    0x50, 0xFB, 0x53, 0xBC, 0xFF, 0x1A, 0x3F, 0x3D, 0x66, 0x76, 0x9F, 0xEA, 0xE8, 0x22, 0x8D, 0x1F,
    0xC1, 0xA2, 0xE7, 0x84, 0x7A, 0x00, 0x1C, 0x5A, 0x7F, 0xB6, 0xB8, 0x26, 0x84, 0xCA, 0x99, 0xB0,
    0x79, 0x6A, 0x29, 0xFA, 0x30, 0xCF, 0xB7, 0xA8, 0x93, 0xA9, 0x50, 0x11, 0x5C, 0x8E, 0x50, 0x88,
    0xEC, 0xCE, 0xC1, 0x41, 0x7C, 0x5D, 0xD7, 0x64, 0xFF, 0x58, 0x43, 0x88, 0xF3, 0x03, 0x1E, 0x3C,
    0x1C, 0x12, 0x5A, 0x93, 0x49, 0x5D, 0x79, 0x44, 0xE4, 0x6E, 0x5C, 0x0C, 0x4F, 0xD1, 0x60, 0x78,
    0x26, 0xDF, 0x52, 0x59, 0xA2, 0xB7, 0xE5, 0x62, 0xC6, 0xA9, 0x10, 0x82, 0x2B, 0x4D, 0x61, 0x56,
    0xD6, 0xE2, 0x3A, 0xF7, 0xF9, 0x3D, 0xDE, 0x48, 0xCC, 0xD8, 0xE7, 0x01, 0x0F, 0x06, 0xFE, 0xC0,
    0x1C, 0xC3, 0x59, 0x73, 0xD4, 0x90, 0xA0, 0xD3, 0x75, 0xBA, 0x3E, 0xB7, 0x32, 0x27, 0x71, 0x95,
    0xF8, 0x57, 0xC6, 0x6E, 0xD5, 0x85, 0xCF, 0xCD, 0x8C, 0x4A, 0x94, 0x20, 0x69, 0x10, 0x8D, 0x93,
    0x38, 0x74, 0x6A, 0x25, 0x55, 0x95, 0xF1, 0xFD, 0x31, 0xD9, 0x28, 0x0F, 0x27, 0x19, 0x6E, 0xE3,
    0xEC, 0x47, 0x7C, 0x72, 0x74, 0xF5, 0xBD, 0x3A, 0x62, 0x6F, 0x3F, 0x25, 0x49, 0x32, 0x80, 0x97,
    0xFA, 0x9E, 0xD7, 0xAA, 0x38, 0x89, 0x97, 0x2F, 0x8F, 0x2B, 0x99, 0x15, 0x1B, 0xAC, 0x99, 0x54,
    0xC6, 0x66, 0x66, 0x65, 0xAB, 0xF9, 0x7A, 0xF7, 0x2F, 0x9D, 0x55, 0x3F, 0x8F, 0xDC, 0x44, 0x14,
    0xFF, 0xD9, 0xBE, 0xC4, 0x52, 0x2C, 0x34, 0x14, 0xB7, 0x24, 0x11, 0x28, 0x6E, 0x52, 0x1C, 0x89,
    0x2E, 0x6E, 0x28, 0x40, 0x3A, 0x7B, 0x86, 0x34, 0x29, 0x68, 0xB6, 0xB8, 0xA5, 0xA0, 0x81, 0x22,
    0x55, 0x22, 0x94, 0x94, 0x29, 0xF6, 0xCE, 0x0E, 0x14, 0x94, 0xEC, 0x47, 0x38, 0x51, 0x52, 0x53,
    0x5C, 0x61, 0xE2, 0x49, 0x2A, 0xCA, 0x45, 0x7C, 0x01, 0xEB, 0xA2, 0x20, 0x41, 0x35, 0xD2, 0x0D,
    0xC8, 0x49, 0x36, 0x37, 0xBC, 0x37, 0xF6, 0x3A, 0x4B, 0x04, 0x05, 0x8C, 0x9F, 0xC7, 0xF3, 0xDE,
    0xBC, 0x79, 0xFF, 0xDF, 0x78, 0xB2, 0xDF, 0xBC, 0x6A, 0x5E, 0x01, 0x93, 0xE1, 0x5B, 0x3A, 0x57,
    0xD1, 0xAB, 0x27, 0xB3, 0x99, 0x9A, 0xCD, 0xA6, 0xCE, 0x59, 0x02, 0x00, 0x33, 0x1E, 0xCA, 0xF1,
    0xD0, 0xFD, 0x0C, 0x3F, 0xFE, 0x8D, 0x0E, 0xFC, 0xF8, 0x1F, 0x47, 0x5D, 0x3B, 0xD7, 0xDE, 0xF9,
    0x7E, 0xE1, 0xC5, 0xB5, 0x5E, 0x84, 0x50, 0x02, 0x19, 0x24, 0x0A, 0x1C, 0x7A, 0x5C, 0xFA, 0x75,
    0x8E, 0x39, 0x1E, 0x30, 0x5A, 0x1C, 0xCC, 0xEB, 0xCE, 0x0E, 0xF4, 0x94, 0xB9, 0x55, 0x52, 0xF5,
    0x07, 0x6F, 0x69, 0x91, 0xE8, 0x4C, 0x54, 0x52, 0x54, 0x45, 0xAA, 0x0E, 0xB3, 0xC1, 0x26, 0x99,
    0x56, 0x32, 0x55, 0x45, 0x86, 0x3C, 0xC3, 0x3C, 0xC7, 0x83, 0xBD, 0x81, 0x4E, 0x94, 0x03, 0x89,
    0x79, 0x81, 0x3A, 0x47, 0x37, 0x87, 0x9D, 0xAF, 0xF9, 0x33, 0x45, 0xFC, 0xA9, 0xA8, 0xC4, 0x27,
    0x9A, 0x64, 0x26, 0x5F, 0x0F, 0xDE, 0x05, 0xD6, 0x43, 0x47, 0xE1, 0x6A, 0x09, 0x06, 0x94, 0x4C,
    0x21, 0x30, 0x1E, 0x36, 0xD8, 0xDE, 0x79, 0xAE, 0x3C, 0xDB, 0xB2, 0x47, 0xEF, 0x9E, 0x2D, 0x08,
    0xBD, 0x76, 0xB6, 0x78, 0xE3, 0x48, 0x80, 0xD4, 0xC8, 0xAE, 0x5C, 0x95, 0x2B, 0xD9, 0xA5, 0x5E,
    0xC2, 0x7D, 0x72, 0xBB, 0x5C, 0x96, 0xCB, 0x03, 0x7C, 0x41, 0xD8, 0x16, 0xB9, 0x5E, 0xD2, 0xCB,
    0x2B, 0x14, 0xA1, 0x2D, 0xA3, 0xAE, 0x08, 0x4D, 0x8F, 0x06, 0x4C, 0x10, 0x9A, 0x48, 0xA9, 0x26,
    0xA2, 0xE8, 0xA3, 0xF0, 0xFA, 0x44, 0xA0, 0x3C, 0x21, 0xB5, 0x60, 0x8F, 0x8B, 0x1A, 0x3F, 0xD0,
    0x67, 0x2F, 0x0F, 0xF8, 0xF8, 0xDE, 0x6E, 0xA4, 0x3D, 0x96, 0x30, 0x93, 0x5C, 0x5D, 0xF1, 0x01,
    0xB4, 0x43, 0x68, 0xEC, 0x96, 0x97, 0xDF, 0x36, 0xBA, 0xA9, 0x10, 0x3D, 0x7E, 0x79, 0xF2, 0x72,
    0x09, 0x71, 0xB3, 0x3D, 0xFD, 0xB9, 0xC5, 0x8D, 0x70, 0x79, 0xFA, 0xD8, 0x60, 0x2F, 0xF4, 0x98,
    0x0D, 0x78, 0x2F, 0x6C, 0xE1, 0x39, 0x59, 0xF9, 0xD6, 0x5A, 0xED, 0xA8, 0x78, 0x54, 0x3D, 0x2A,
    0x1F, 0xD5, 0x8F, 0x06, 0x8C, 0x26, 0x6C, 0x18, 0x31, 0x98, 0x31, 0x1A, 0xE2, 0x54, 0x6F, 0xCA,
    0x2F, 0x2F, 0x75, 0x6F, 0xCC, 0xD3, 0x27, 0xCB, 0xDE, 0x9C, 0xD3, 0x27, 0x6D, 0x6F, 0x10, 0x53,
    0xBC, 0x49, 0xC4, 0x33, 0x18, 0xE5, 0xD4, 0x60, 0x16, 0x0D, 0xAA, 0x9C, 0x63, 0x7B, 0xC4, 0x0B,
    0xA1, 0xE7, 0xA2, 0xAA, 0x85, 0x3A, 0x16, 0xCA, 0x0A, 0x1C, 0x5D, 0xF0, 0xEA, 0x88, 0x6A, 0xE7,
    0xE2, 0xA1, 0xAD, 0xC5, 0xC7, 0xE6, 0x58, 0xDC, 0x34, 0x56, 0x84, 0xED, 0xD1, 0x85, 0x60, 0x81,
    0xBA, 0x9E, 0xE7, 0xF9, 0x65, 0xE2, 0xA8, 0xF9, 0x50, 0x35, 0x4F, 0x74, 0x4E, 0x10, 0xEB, 0xCB,
    0xA1, 0x0F, 0x79, 0x2D, 0xBE, 0x32, 0xB5, 0x78, 0x68, 0x88, 0x6E, 0x73, 0x7E, 0x63, 0x7D, 0x4C,
    0x5B, 0xB7, 0x29, 0x4F, 0xF1, 0x0A, 0xE2, 0x06, 0x72, 0xA1, 0x6E, 0x9F, 0xAF, 0xF0, 0x08, 0xC1,
    0x0A, 0x91, 0x81, 0x58, 0x42, 0x2A, 0x64, 0x15, 0x92, 0x16, 0x11, 0x15, 0x02, 0x35, 0xE0, 0xFB,
    0x44, 0x11, 0x3A, 0x36, 0xC4, 0xF0, 0x08, 0xAF, 0xA2, 0x2E, 0x69, 0x53, 0x7D, 0x8D, 0x33, 0x4C,
    0xF1, 0xD0, 0x08, 0xBE, 0xFD, 0x09, 0xF1, 0xAF, 0x25, 0xA2, 0xEE, 0x0C, 0x5B, 0xAE, 0x53, 0x52,
    0x3E, 0x35, 0xFC, 0x6E, 0xB9, 0xE7, 0x8A, 0x69, 0xF1, 0x33, 0xE9, 0x79, 0x98, 0xD7, 0x9F, 0xA1,
    0x8E, 0x0E, 0xBB, 0x1E, 0x64, 0x68, 0x37, 0x81, 0x2A, 0xA6, 0x08, 0xEC, 0x36, 0xA6, 0x1C, 0xF2,
    0xBE, 0x9C, 0xB8, 0x1C, 0x81, 0x7D, 0xC4, 0xAE, 0x4A, 0x9D, 0x91, 0xB7, 0x88, 0xA7, 0xC3, 0x77,
    0x1D, 0x4E, 0x0D, 0xA8, 0x23, 0x29, 0x7E, 0x2B, 0xA0, 0x03, 0x6E, 0x03, 0x6F, 0x83, 0xD6, 0x41,
    0x8F, 0x02, 0x8D, 0xB3, 0x04, 0x93, 0xD9, 0xF4, 0x2A, 0x10, 0x2A, 0xF9, 0x6C, 0xD6, 0xE8, 0xC4,
    0x39, 0x72, 0xE6, 0x9E, 0x5B, 0x00, 0xEF, 0xBE, 0x50, 0x24, 0x91, 0x50, 0xF9, 0xDB, 0xA7, 0xAE,
    0xDA, 0x01, 0xCE, 0xFB, 0x58, 0x51, 0xAB, 0x52, 0x9D, 0x4A, 0x0A, 0x36, 0xCB, 0xA2, 0x08, 0x51,
    0x00, 0xC4, 0x0A, 0xE9, 0x23, 0xEE, 0xC6, 0xF7, 0xDE, 0x02, 0xCE, 0xB1, 0xF1, 0xE4, 0x46, 0xB9,
    0x04, 0x9C, 0xE9, 0xBF, 0x99, 0xF6, 0xF5, 0x7E, 0x71, 0xF1, 0x25, 0x32, 0x43, 0x37, 0xD5, 0x0B,
    0xA7, 0xB3, 0x3F, 0x5C, 0xC5, 0xEB, 0x10, 0x97, 0x30, 0x99, 0xCA, 0x95, 0x5C, 0xAD, 0x8B, 0x86,
    0x0B, 0x4B, 0x50, 0xD2, 0x6F, 0x70, 0x75, 0xC1, 0xB7, 0x19, 0x95, 0x02, 0x62, 0x26, 0x13, 0xBA,
    0x4B, 0xEF, 0x7C, 0x20, 0x93, 0xE8, 0xB8, 0xEA, 0xC9, 0x79, 0x1F, 0xB5, 0x96, 0x1E, 0x75, 0x88,
    0xF5, 0x53, 0x2E, 0x08, 0x5F, 0x6C, 0xE0, 0xD3, 0xB2, 0x95, 0x24, 0x4C, 0x1A, 0x69, 0x2E, 0x9A,
    0x68, 0x7C, 0xAE, 0x13, 0x7E, 0x7D, 0x03, 0xBF, 0x68, 0x98, 0x03, 0xDB, 0x7D, 0x58, 0x29, 0x2C,
    0x1C, 0xD9, 0xCC, 0xB5, 0xF2, 0x9B, 0xAE, 0xBC, 0x65, 0x64, 0xD0, 0x1D, 0x86, 0xFE, 0x22, 0x21,
    0xE7, 0x63, 0x8B, 0xC4, 0x20, 0x6B, 0x91, 0x2D, 0x51, 0x2A, 0x38, 0x0E, 0x4B, 0x0F, 0x9C, 0x97,
    0x7D, 0xF8, 0x4C, 0xF9, 0xB1, 0xE2, 0x13, 0x14, 0xFD, 0x70, 0xDC, 0xED, 0x07, 0x69, 0x61, 0x25,
    0x99, 0xD7, 0x51, 0x91, 0x0A, 0x9A, 0x02, 0x9A, 0xE0, 0xA7, 0xD8, 0x66, 0x54, 0x6B, 0x6D, 0xAA,
    0x48, 0x7A, 0xCA, 0xB9, 0x5C, 0x4F, 0xFB, 0x3E, 0xD4, 0xBD, 0xE0, 0x54, 0x91, 0x5C, 0xA9, 0xFB,
    0x8D, 0x7E, 0x9C, 0xA3, 0x03, 0x68, 0xE8, 0xAE, 0x8B, 0xDC, 0x19, 0xCA, 0xD8, 0x96, 0x90, 0xC9,
    0x52, 0x2A, 0xCA, 0x9C, 0x9F, 0x1A, 0xCA, 0x61, 0x44, 0xC9, 0x85, 0x30, 0x74, 0xD7, 0x50, 0xDD,
    0x15, 0x7C, 0x74, 0x7B, 0x94, 0x29, 0x19, 0x2D, 0x39, 0x73, 0xC5, 0x6B, 0x99, 0xFC, 0xA3, 0xD1,
    0xA5, 0xAB, 0x26, 0x9F, 0x57, 0x9C, 0xA2, 0x1E, 0x52, 0x30, 0x64, 0x1E, 0x48, 0x70, 0xE1, 0x21,
    0xF7, 0xB0, 0xCD, 0x15, 0xD7, 0x38, 0xD5, 0xB8, 0xB6, 0x6E, 0x4C, 0x5D, 0xDA, 0xBA, 0xEC, 0x3C,
    0xD0, 0xA2, 0xAD, 0xCB, 0xAA, 0xDE, 0x46, 0x8D, 0xBF, 0x01, 0x66, 0x53, 0x41, 0x35, 0xFC, 0xA7,
    0x29, 0x4F, 0x4C, 0xE3, 0x81, 0x16, 0x84, 0x26, 0x54, 0x4A, 0xB3, 0xE9, 0x64, 0x9F, 0x0C, 0xA8,
    0x0E, 0xCA, 0xE5, 0x5C, 0x9A, 0x11, 0x08, 0x2D, 0x9D, 0x9A, 0xF4, 0x61, 0x6E, 0x71, 0xF5, 0x04,
    0x05, 0xA5, 0xEB, 0x0C, 0x09, 0x79, 0xE7, 0xAA, 0x0F, 0x9E, 0x2A, 0x22, 0x52, 0x12, 0x76, 0xC8,
    0x9B, 0x92, 0xE6, 0xF5, 0x98, 0x90, 0xB1, 0xD9, 0xF0, 0xFF, 0x89, 0x15, 0xEE, 0x52, 0xB9, 0xFB,
    0xEA, 0x97, 0xBF, 0x7F, 0xE6, 0xAA, 0x0F, 0x29, 0x23, 0xAF, 0x9D, 0xFE, 0xBF, 0x63, 0xEC, 0xAB,
    0x6A, 0xA3, 0xAF, 0xFE, 0xC9, 0xC8, 0xAB, 0x6B, 0x23, 0x37, 0x76, 0xF5, 0xB8, 0xBB, 0x73, 0xB2,
    0xB1, 0xCB, 0xFD, 0x71, 0x09, 0x89, 0x6A, 0x70, 0x85, 0x6A, 0x6D, 0x8F, 0xF2, 0x68, 0x71, 0x29,
    0x68, 0xDF, 0x68, 0x1B, 0xEA, 0x0C, 0x13, 0xDB, 0xB0, 0x4D, 0x6C, 0xAC, 0x23, 0x43, 0xFD, 0xA1,
    0x76, 0x87, 0xD3, 0x99, 0xE5, 0x8C, 0xDC, 0xD4, 0x1F, 0xDD, 0x73, 0x4B, 0x84, 0xAE, 0xF2, 0xE5,
    0xB7, 0xE1, 0xFC, 0x9D, 0x75, 0xAF, 0xEF, 0x22, 0x2A, 0xEE, 0x0B, 0xB7, 0x8A, 0x9D, 0xB9, 0xEE,
    0x5E, 0x48, 0xE7, 0xA4, 0x3B, 0x8B, 0x9C, 0x61, 0x4A, 0x71, 0xDF, 0x6B, 0x59, 0x5F, 0xB9, 0xF4,
    0x53, 0xA6, 0x4B, 0x37, 0x03, 0x5F, 0xBB, 0x05, 0xF8, 0xE2, 0xCD, 0xC1, 0x57, 0xEF, 0x1E, 0xF8,
    0xF2, 0xDD, 0xC1, 0x5F, 0xE5, 0x53, 0x3B, 0x72, 0xDB, 0x30, 0x10, 0x7D, 0x18, 0x8D, 0xA3, 0x82,
    0x05, 0x5C, 0x90, 0x35, 0x8A, 0x54, 0x4A, 0x41, 0x5C, 0x80, 0x00, 0x71, 0x04, 0x14, 0x54, 0xAD,
    0x26, 0x4D, 0x2A, 0xD5, 0x99, 0x89, 0x2C, 0x1C, 0xC1, 0x45, 0x8E, 0x90, 0x2A, 0x8D, 0x53, 0xA4,
    0x70, 0x21, 0x0B, 0x3C, 0x82, 0x8E, 0xC0, 0x1B, 0x58, 0x05, 0x92, 0x70, 0x46, 0xA0, 0x90, 0x25,
    0xCD, 0xF1, 0x8C, 0x9B, 0x5C, 0x20, 0xD8, 0x1D, 0xEE, 0x92, 0xFB, 0x7B, 0x78, 0x00, 0xD9, 0x37,
    0xF0, 0x04, 0xB9, 0x71, 0x3A, 0x6B, 0xD5, 0x72, 0x54, 0x72, 0x44, 0x32, 0xCB, 0x01, 0xE3, 0x0A,
    0x3F, 0x6C, 0x98, 0x16, 0x0A, 0xC0, 0x83, 0x25, 0x2C, 0x9F, 0xC1, 0x37, 0x28, 0x05, 0xEA, 0xD4,
    0x7E, 0xF0, 0x0E, 0x02, 0x45, 0xB3, 0x8F, 0xBB, 0xE6, 0xF3, 0xBD, 0x8F, 0xB9, 0xFE, 0x58, 0x1E,
    0xA3, 0x0C, 0x00, 0xFB, 0x0A, 0x7E, 0x85, 0x7C, 0x30, 0xEA, 0x13, 0x25, 0x42, 0x73, 0xEA, 0xEF,
    0x84, 0x9F, 0xDB, 0x16, 0xEB, 0x7D, 0x2A, 0xEE, 0x50, 0xA1, 0x67, 0xE7, 0xC5, 0x89, 0x02, 0x53,
    0x3E, 0xC1, 0x10, 0x46, 0x72, 0x64, 0xC3, 0x54, 0xC8, 0xDB, 0xFA, 0xC1, 0x65, 0x53, 0x3E, 0xBB,
    0x87, 0xB8, 0x42, 0x0B, 0x53, 0x71, 0x57, 0x6F, 0x1D, 0x7F, 0x76, 0x2B, 0x6E, 0x64, 0x42, 0xD6,
    0x4F, 0x20, 0xB1, 0x68, 0x17, 0xAD, 0x8F, 0x3E, 0x8E, 0x96, 0x60, 0x92, 0x57, 0x34, 0x3E, 0xAE,
    0x9B, 0xF1, 0x59, 0x34, 0x20, 0x8C, 0x8A, 0x86, 0x7D, 0xC1, 0x23, 0xC9, 0x81, 0xAC, 0x42, 0x89,
    0x1B, 0xAA, 0xAB, 0xC8, 0x0A, 0x70, 0x33, 0x0B, 0x24, 0x45, 0x72, 0x58, 0x7B, 0xE9, 0x87, 0x43,
    0xA8, 0x5E, 0x84, 0xFD, 0x93, 0x20, 0x66, 0x44, 0x57, 0x77, 0xEF, 0xBB, 0xC5, 0xAB, 0x8C, 0x58,
    0x07, 0xE8, 0x2D, 0x72, 0x0E, 0x68, 0xB0, 0x1E, 0xD9, 0x89, 0x28, 0x30, 0xA4, 0x14, 0x22, 0x52,
    0xF4, 0x06, 0xE0, 0x60, 0x54, 0xBE, 0x35, 0x2B, 0xEE, 0x64, 0x32, 0x2F, 0x9B, 0xFC, 0x8F, 0x18,
    0x66, 0x56, 0xC6, 0x95, 0xCA, 0x06, 0xBD, 0xDB, 0x3D, 0x49, 0x9A, 0xCF, 0xAC, 0x88, 0xBA, 0xAC,
    0x93, 0x5A, 0xD7, 0xC7, 0x71, 0x22, 0xB3, 0x33, 0x87, 0x15, 0x87, 0x22, 0x1E, 0xFC, 0x8C, 0x23,
    0xBF, 0x81, 0x56, 0xE0, 0x11, 0xCB, 0x33, 0x78, 0x80, 0xA0, 0x39, 0x12, 0xA2, 0xDB, 0xC7, 0x5B,
    0xFD, 0xDD, 0xA7, 0xF4, 0xB3, 0xA4, 0x76, 0x81, 0x19, 0x8B, 0x80, 0xF0, 0xE6, 0x10, 0xA7, 0x2F,
    0xF9, 0xAF, 0x70, 0xE9, 0x52, 0x9B, 0x4E, 0xBF, 0xCF, 0xE1, 0x30, 0x5F, 0xEB, 0x10, 0xAC, 0xB1,
    0x97, 0x3F, 0xFD, 0x40, 0xB9, 0x8F, 0xD5, 0xAB, 0xBE, 0xBD, 0x02, 0xD3, 0xDB, 0x53, 0x50, 0xBD,
    0xBA, 0xC6, 0x0B, 0xFD, 0x0A, 0x01, 0x76, 0xDA, 0x82, 0xBA, 0x95, 0xFD, 0xBB, 0x63, 0x79, 0x27,
    0x08, 0x5C, 0x89, 0xDA, 0xF8, 0xB6, 0x36, 0x25, 0x79, 0xD2, 0x71, 0x22, 0xE9, 0x2F, 0x7D, 0x55,
    0xBF, 0x8F, 0xDC, 0x44, 0x14, 0x7E, 0xB6, 0x75, 0xAC, 0xC0, 0x48, 0xAE, 0x96, 0x08, 0x52, 0x4C,
    0x43, 0x03, 0x14, 0x03, 0x7D, 0xC8, 0x4C, 0x22, 0x04, 0x45, 0x88, 0xEE, 0x8A, 0x5D, 0x90, 0xB8,
    0x22, 0x14, 0x34, 0x54, 0xDB, 0x5D, 0xC7, 0x79, 0x44, 0x0A, 0x84, 0x22, 0x14, 0x0A, 0xE8, 0x91,
    0x48, 0x81, 0x48, 0x71, 0xFC, 0x03, 0xBB, 0x33, 0xC7, 0x21, 0x5D, 0x71, 0x05, 0x26, 0xCA, 0x0F,
    0xBA, 0x33, 0x11, 0xD7, 0x84, 0x22, 0x46, 0xF2, 0x25, 0xBB, 0x7B, 0xB6, 0x87, 0xEF, 0xD9, 0x7B,
    0xBB, 0x17, 0x24, 0xB0, 0xFC, 0xBD, 0x99, 0xF1, 0xBC, 0x79, 0x33, 0xEF, 0xCD, 0x7B, 0x9F, 0xE9,
    0x53, 0xA2, 0x9E, 0xCF, 0x49, 0xF8, 0x92, 0xD4, 0xA5, 0x8A, 0x14, 0xFD, 0x40, 0xEA, 0xB9, 0x1F,
    0x6F, 0xA9, 0xC4, 0x4F, 0x5B, 0xAC, 0x3B, 0x12, 0x8F, 0x1F, 0x7D, 0xD7, 0xF3, 0xBE, 0xA0, 0x1D,
    0x28, 0x26, 0x8E, 0x28, 0xB9, 0x37, 0x20, 0xCC, 0xB5, 0x58, 0x3E, 0x6F, 0x19, 0x0A, 0xBE, 0x27,
    0xB2, 0x9E, 0x22, 0xEF, 0x5D, 0x3C, 0x7F, 0x9C, 0x8B, 0x3B, 0xEB, 0x85, 0xBC, 0x7E, 0xBE, 0x54,
    0xEF, 0xBE, 0x4A, 0xEA, 0xF9, 0x37, 0x49, 0xBD, 0xF8, 0x31, 0xF0, 0x35, 0xA9, 0x4F, 0x1C, 0xC9,
    0x9F, 0xF6, 0xCA, 0xE4, 0xEF, 0x2B, 0x45, 0xEC, 0x6D, 0x16, 0x7A, 0x6F, 0xC8, 0xD7, 0x14, 0x7C,
    0x49, 0x14, 0xBE, 0x0F, 0x53, 0x81, 0x86, 0x9D, 0x9A, 0xED, 0xE8, 0x64, 0x96, 0x66, 0xC2, 0xC5,
    0x85, 0x34, 0x51, 0xAE, 0x30, 0xA5, 0xE2, 0x5F, 0x1D, 0xCE, 0x65, 0x54, 0x32, 0x27, 0x95, 0x64,
    0x24, 0x6F, 0xEE, 0x15, 0xE2, 0xF0, 0x20, 0x8F, 0xB1, 0x27, 0xEC, 0x68, 0x4A, 0x57, 0x47, 0xE2,
    0x73, 0xB4, 0x38, 0x1E, 0xEA, 0xA8, 0xC0, 0xF8, 0x14, 0xC7, 0xC3, 0xD6, 0x76, 0x8B, 0xC5, 0xB7,
    0x1E, 0xA0, 0xFC, 0x4A, 0x87, 0xD6, 0x00, 0x5B, 0x42, 0xAF, 0xA6, 0x5E, 0x69, 0x29, 0xCE, 0x14,
    0xC5, 0x70, 0x5D, 0x1C, 0x69, 0xE8, 0x65, 0x18, 0x13, 0xC9, 0x47, 0xA6, 0xED, 0xF7, 0xD0, 0x8F,
    0xDD, 0x2B, 0x18, 0x5B, 0xAD, 0xBC, 0xC7, 0xB7, 0xEA, 0xF4, 0x08, 0x17, 0x88, 0x06, 0x2F, 0x7F,
    0xB6, 0x41, 0xB5, 0xC7, 0x37, 0x8F, 0x87, 0x7C, 0x5C, 0xA6, 0x54, 0xF7, 0x0A, 0x05, 0x01, 0x8F,
    0xEA, 0x84, 0x85, 0x60, 0x21, 0x59, 0x28, 0x16, 0x96, 0xC5, 0x09, 0x44, 0xC0, 0x27, 0x21, 0xBD,
    0x30, 0x26, 0xB2, 0x70, 0x2A, 0x0A, 0x60, 0x0A, 0xD4, 0x80, 0x0D, 0xA7, 0xA9, 0xFF, 0xAB, 0xB2,
    0xDE, 0xD7, 0xE2, 0xC6, 0xC3, 0xE9, 0xE8, 0xC1, 0xBC, 0xEB, 0x1B, 0x3B, 0x15, 0x46, 0x01, 0x02,
    0x48, 0x80, 0xA8, 0x0B, 0x8A, 0xC5, 0x61, 0x21, 0xCA, 0xC4, 0x4D, 0x36, 0xAB, 0xC4, 0x8D, 0xA9,
    0x11, 0x10, 0x13, 0x5B, 0x2D, 0x44, 0x8D, 0x89, 0xDB, 0x98, 0x68, 0x55, 0xAC, 0x37, 0xAC, 0x42,
    0x67, 0xC4, 0x5D, 0x88, 0x18, 0x7A, 0x14, 0xD6, 0xAB, 0x7B, 0xEF, 0xAC, 0x42, 0xF2, 0x1E, 0x93,
    0x0F, 0xD9, 0x75, 0x18, 0xA6, 0x01, 0xE4, 0x76, 0xEC, 0x0D, 0x4C, 0x4B, 0x5F, 0x8C, 0x83, 0x5A,
    0x45, 0x85, 0xF5, 0x95, 0x62, 0xCD, 0x42, 0xCD, 0xC8, 0xEE, 0x64, 0x89, 0xCF, 0xC7, 0x71, 0x41,
    0xA3, 0x72, 0x1C, 0x95, 0xFD, 0x70, 0x3A, 0x0E, 0xAB, 0x34, 0x2A, 0x71, 0x0A, 0xD6, 0xA7, 0x14,
    0x6B, 0xCF, 0x6C, 0x42, 0x17, 0x49, 0xE9, 0xC4, 0x28, 0x52, 0x46, 0x68, 0xA9, 0x53, 0x27, 0x09,
    0x6E, 0x3A, 0x8C, 0x39, 0xAA, 0xA6, 0x93, 0xF1, 0x6F, 0x4F, 0x8A, 0x6A, 0xF1, 0xE5, 0x8D, 0x93,
    0xB9, 0x6F, 0x4C, 0xF8, 0x34, 0x6B, 0x4A, 0x0A, 0xBC, 0xB3, 0x88, 0xA4, 0x77, 0x69, 0x0E, 0x69,
    0x14, 0x47, 0x41, 0x2B, 0xDC, 0x66, 0x4A, 0xD2, 0x51, 0x7F, 0xC8, 0xE9, 0xE6, 0x2B, 0xD8, 0xF3,
    0x5E, 0xE0, 0xC0, 0x0A, 0xE2, 0x35, 0x16, 0xEA, 0x5F, 0x82, 0x58, 0x0C, 0x53, 0x3D, 0xE6, 0x5B,
    0x86, 0x58, 0xA4, 0xDA, 0x9A, 0xD5, 0xA8, 0x1F, 0xD7, 0xB6, 0x1B, 0xDB, 0xD4, 0x6B, 0xB6, 0x51,
    0x19, 0x0D, 0xC9, 0xDD, 0x06, 0xE5, 0x34, 0x01, 0xB6, 0x81, 0x8B, 0x5D, 0xAB, 0x27, 0x24, 0xEF,
    0x37, 0x98, 0x9F, 0x50, 0x04, 0xBD, 0xD3, 0x47, 0x22, 0xCD, 0x18, 0x6B, 0xC3, 0x01, 0x46, 0x1B,
    0xB8, 0x6B, 0x4E, 0x65, 0xEF, 0x02, 0xBF, 0xA9, 0xF9, 0xF2, 0xA2, 0x36, 0x3D, 0x2B, 0x92, 0xF3,
    0x5B, 0x14, 0xE7, 0xD4, 0xA6, 0x1D, 0xA6, 0xBB, 0x74, 0x9D, 0x06, 0xF0, 0x6A, 0xA7, 0xD5, 0xA7,
    0xB8, 0x59, 0x85, 0x2C, 0x2A, 0x82, 0x06, 0xA2, 0x37, 0x85, 0x10, 0x39, 0x84, 0xE2, 0x05, 0x48,
    0xF2, 0xF3, 0x4F, 0x9B, 0x01, 0xB4, 0x61, 0xAF, 0x15, 0x3D, 0xCE, 0xD7, 0xA8, 0xC6, 0xCA, 0xA8,
    0x54, 0x86, 0x95, 0x33, 0x08, 0xDC, 0x4C, 0x54, 0x44, 0x15, 0x6F, 0xD1, 0xD9, 0x84, 0xAE, 0x63,
    0xF4, 0xD3, 0x6F, 0x35, 0x49, 0xC4, 0x4C, 0xE2, 0xAC, 0xB2, 0xC4, 0x44, 0x46, 0xA1, 0x7F, 0x87,
    0x02, 0xEE, 0x2B, 0xEE, 0x6B, 0x0A, 0x46, 0x3C, 0x7F, 0x06, 0x4B, 0x47, 0x17, 0x7D, 0xF9, 0x4D,
    0xDB, 0xA0, 0x64, 0x39, 0x79, 0x28, 0xF6, 0x5D, 0xCD, 0xF4, 0xEC, 0xA5, 0x66, 0xA1, 0xA7, 0x74,
    0xD0, 0xAE, 0x15, 0x2E, 0xAD, 0xB8, 0x4D, 0x76, 0x11, 0x74, 0x6E, 0xF7, 0xA6, 0xB8, 0x34, 0xB4,
    0xFB, 0x45, 0xD2, 0xB5, 0x59, 0x92, 0xC5, 0x60, 0x8A, 0x83, 0x0C, 0x45, 0xEA, 0xB5, 0x38, 0xC8,
    0x93, 0xEC, 0x6D, 0x69, 0xD4, 0x0D, 0xCC, 0x5F, 0x50, 0x47, 0x36, 0x9E, 0xA5, 0x0E, 0x17, 0x56,
    0x63, 0x0F, 0x4A, 0xCA, 0x34, 0x8F, 0x1F, 0x74, 0xE5, 0x19, 0x67, 0xF4, 0xBF, 0x6D, 0xB0, 0x38,
    0x6A, 0xC7, 0x74, 0xB8, 0xB3, 0x23, 0xAB, 0xC5, 0x51, 0x8A, 0x3D, 0x50, 0x1E, 0x20, 0x25, 0x39,
    0x47, 0x9D, 0x82, 0x16, 0x93, 0x0C, 0x99, 0xC9, 0xB6, 0xE1, 0x42, 0x02, 0x7A, 0x00, 0x2B, 0x2D,
    0xD1, 0x39, 0xE9, 0x3A, 0xA4, 0x75, 0x47, 0x8D, 0x27, 0x4C, 0x8D, 0xFB, 0x85, 0xFC, 0xFC, 0xE7,
    0x52, 0x5D, 0x76, 0xA4, 0x42, 0x06, 0xA8, 0x96, 0x71, 0xF9, 0xFE, 0x94, 0xBF, 0x27, 0x0F, 0xF7,
    0x41, 0x8D, 0x3E, 0x6F, 0xA9, 0x11, 0xEB, 0x96, 0x36, 0x96, 0x71, 0xE4, 0x84, 0xE0, 0xD8, 0x23,
    0x39, 0xC6, 0xF0, 0xA7, 0x02, 0x7D, 0x56, 0x13, 0x7A, 0x69, 0x96, 0x6E, 0xF0, 0x9D, 0x82, 0x30,
    0x5D, 0x9C, 0x0B, 0xBE, 0xAF, 0x4A, 0xDE, 0xDB, 0x2C, 0xA5, 0x01, 0xE3, 0xE8, 0x08, 0xD4, 0x13,
    0x56, 0xD4, 0xE7, 0xB8, 0x97, 0x88, 0x39, 0xCE, 0xFB, 0x47, 0x4D, 0x2F, 0x98, 0x09, 0x6A, 0xA0,
    0xE6, 0xBA, 0xE1, 0x3A, 0x6A, 0xBD, 0x5E, 0xF4, 0x0D, 0xB3, 0xBD, 0x30, 0x29, 0x68, 0xAF, 0x69,
    0xFD, 0xE3, 0x75, 0xCB, 0x27, 0x44, 0x81, 0x46, 0x50, 0xB0, 0xCD, 0x19, 0xBF, 0xBE, 0x80, 0x5F,
    0xD7, 0xE1, 0x17, 0xA8, 0x31, 0x3C, 0x03, 0x8C, 0xF9, 0x7B, 0x72, 0xE7, 0x06, 0xFB, 0x95, 0x3D,
    0xEB, 0xD7, 0xAA, 0xD0, 0x97, 0x39, 0x36, 0x1C, 0xEA, 0xFE, 0x47, 0x43, 0x7D, 0x3A, 0x7E, 0x26,
    0x97, 0xFE, 0x03, 0x41, 0x5B, 0x22, 0xA8, 0xCA, 0xBE, 0x35, 0xFD, 0xD1, 0x5D, 0xF4, 0x5F, 0xDF,
    0xF9, 0x93, 0x90, 0x08, 0x60, 0xE4, 0x8A, 0x0B, 0x9D, 0x33, 0x1A, 0xE1, 0xC2, 0xAE, 0x29, 0x0A,
    0x96, 0x83, 0x09, 0x21, 0x7E, 0x27, 0x01, 0x6A, 0x2E, 0xC9, 0xFF, 0x42, 0xD7, 0x50, 0x10, 0xE8,
    0x3B, 0xDA, 0x71, 0x95, 0xC0, 0xBB, 0x5B, 0x89, 0xBD, 0xA9, 0x38, 0x2C, 0x84, 0xCF, 0x44, 0x97,
    0x96, 0x6B, 0xB4, 0xDA, 0xD2, 0x66, 0x6D, 0xE5, 0x08, 0x66, 0xFC, 0xD1, 0xC8, 0xA4, 0x72, 0xDD,
    0x8D, 0xE5, 0x95, 0xAC, 0xC3, 0x7B, 0x8C, 0xBC, 0xFB, 0x0B, 0xB5, 0xE1, 0xC9, 0xA2, 0xE3, 0x6B,
    0x05, 0x0A, 0xAA, 0x8C, 0xC0, 0xE0, 0x1D, 0x7A, 0x25, 0x42, 0xCC, 0x29, 0x64, 0xCE, 0xCD, 0x06,
    0x74, 0x6E, 0xD6, 0xFD, 0x59, 0x18, 0xCB, 0xBF, 0x10, 0x3F, 0x5B, 0x6E, 0xB1, 0x17, 0xA7, 0x21,
    0xF6, 0x7A, 0xE2, 0x4D, 0xBA, 0x75, 0xE8, 0xC6, 0x5B, 0x07, 0x8C, 0x0C, 0x74, 0x4C, 0x4C, 0x24,
    0xFC, 0x77, 0x94, 0x88, 0xA4, 0x98, 0x0D, 0x35, 0x88, 0x2C, 0xB3, 0x5D, 0x69, 0x45, 0x57, 0x29,
    0xFA, 0x8A, 0x39, 0x1A, 0x04, 0x0D, 0x76, 0x06, 0xBD, 0xF2, 0x1B, 0xE0, 0x47, 0x91, 0xE3, 0x9D,
    0x7C, 0xC0, 0xDC, 0x0F, 0xB6, 0x1D, 0x93, 0x9D, 0xDC, 0x6E, 0xC0, 0x82, 0xD0, 0xE4, 0x25, 0x57,
    0xE9, 0x1F, 0xAD, 0x54, 0x3D, 0x6F, 0xDC, 0x46, 0x10, 0x7D, 0x24, 0xE1, 0x10, 0x30, 0x83, 0xEC,
    0x15, 0x16, 0x52, 0x05, 0xAB, 0x52, 0x51, 0xC3, 0x14, 0x2E, 0x4F, 0x24, 0x7F, 0x42, 0x0A, 0xCB,
    0xAD, 0x53, 0xA4, 0x30, 0xDC, 0xB8, 0x75, 0x71, 0x31, 0x37, 0xF0, 0x0F, 0x50, 0x95, 0x3E, 0xA5,
    0xC0, 0x00, 0x76, 0x6F, 0x50, 0x47, 0xFE, 0x83, 0xDC, 0x3F, 0x30, 0xE1, 0x32, 0x2E, 0xCC, 0x82,
    0x09, 0x18, 0x83, 0xDC, 0xCD, 0xCC, 0x90, 0xC7, 0x9C, 0x14, 0x4B, 0x55, 0x08, 0xEE, 0x60, 0x3F,
    0x66, 0xDF, 0xCC, 0xBE, 0x7D, 0x3B, 0xF0, 0x01, 0xA8, 0x1A, 0x48, 0x33, 0x60, 0x04, 0x82, 0x6E,
    0x1E, 0x3A, 0x37, 0x54, 0xD4, 0xD2, 0xA2, 0xB8, 0x54, 0xBB, 0x69, 0x9E, 0xD7, 0xC5, 0x4F, 0x19,
    0xC0, 0xC3, 0xF4, 0x45, 0x34, 0x8E, 0xC9, 0xA1, 0xEA, 0xE0, 0xBB, 0x11, 0xD1, 0xC7, 0x2A, 0x8B,
    0x2F, 0x2E, 0x76, 0x5B, 0xF5, 0xAA, 0x7B, 0xA1, 0x4C, 0xBB, 0x62, 0xDF, 0xDB, 0x1A, 0xA8, 0x05,
    0x2D, 0x61, 0x0D, 0xD4, 0xCF, 0xA9, 0x69, 0x8A, 0x1C, 0xB6, 0x39, 0xC5, 0xA5, 0x36, 0x3E, 0x2B,
    0x7E, 0xEB, 0x29, 0x40, 0x43, 0x01, 0xC8, 0x71, 0x0B, 0xF8, 0x34, 0x0C, 0x68, 0x88, 0x6C, 0x8A,
    0x7D, 0x0B, 0x2E, 0xC5, 0x5C, 0x95, 0xCA, 0x74, 0xB9, 0x7A, 0xD5, 0xEA, 0xDF, 0x2F, 0xEA, 0xF0,
    0x43, 0x05, 0xCF, 0x51, 0x8C, 0xBC, 0x9D, 0x43, 0xE0, 0xF0, 0x53, 0x00, 0xCD, 0xA7, 0x92, 0xC5,
    0xC8, 0x79, 0xF0, 0x59, 0x75, 0xAD, 0x24, 0x17, 0xE2, 0x61, 0x62, 0xC2, 0x39, 0x4B, 0x5C, 0x14,
    0x45, 0xCF, 0x6C, 0x44, 0x0D, 0xFB, 0x50, 0x56, 0xA3, 0xE4, 0x95, 0x66, 0x9C, 0xD9, 0x57, 0x40,
    0x73, 0x03, 0x17, 0x29, 0x81, 0xB8, 0x16, 0x01, 0x45, 0x57, 0xEF, 0x72, 0xA4, 0x5A, 0xD7, 0xA5,
    0x0E, 0x9B, 0xEF, 0xB4, 0x67, 0xA0, 0xF9, 0xC0, 0x9F, 0x6F, 0x0F, 0xB5, 0x5F, 0x5F, 0xE9, 0xA8,
    0x49, 0x9F, 0xC4, 0x46, 0xBD, 0x7B, 0x49, 0xFB, 0x09, 0xDF, 0x11, 0x7A, 0x6A, 0x24, 0xCE, 0xFC,
    0x55, 0x9C, 0xD9, 0x50, 0x19, 0x54, 0x2D, 0xDE, 0x0E, 0x28, 0x2B, 0x94, 0x71, 0x5D, 0x46, 0x6D,
    0xE9, 0x0F, 0x25, 0xE7, 0x75, 0x32, 0xB9, 0xA5, 0x94, 0xBA, 0xB3, 0xF0, 0x2D, 0x94, 0x45, 0xFA,
    0x1A, 0x36, 0x09, 0xFA, 0x44, 0x35, 0x49, 0x6A, 0x92, 0x2D, 0x92, 0x93, 0x3D, 0xDA, 0x1A, 0x0F,
    0x68, 0x18, 0x9B, 0x24, 0x6A, 0x12, 0xBF, 0x4F, 0xB0, 0x4D, 0x10, 0xBF, 0x46, 0x64, 0x8F, 0x1E,
    0xDB, 0x19, 0x01, 0x78, 0x80, 0x75, 0x09, 0x5B, 0x06, 0x7D, 0xA9, 0x9A, 0x32, 0x35, 0xA5, 0xC5,
    0xDB, 0x1E, 0x55, 0x83, 0xEA, 0x97, 0x47, 0x53, 0x32, 0xE4, 0x73, 0x5F, 0x6E, 0x47, 0x11, 0x41,
    0x3E, 0xD4, 0x28, 0x72, 0xCA, 0x45, 0x37, 0xB1, 0xF0, 0xAB, 0x85, 0xDF, 0x58, 0x54, 0x96, 0xB3,
    0xCE, 0x48, 0x35, 0xCC, 0x6F, 0x07, 0xE6, 0x37, 0x03, 0xF3, 0x3B, 0xEB, 0x6D, 0x52, 0xDC, 0xA4,
    0xB9, 0x59, 0x31, 0xB3, 0xEE, 0x9E, 0xB2, 0x09, 0x07, 0x99, 0x1E, 0x70, 0x2C, 0x2E, 0x25, 0x90,
    0xF0, 0x3D, 0xE2, 0x4C, 0x62, 0x26, 0xA2, 0x2D, 0xDE, 0x4A, 0xDC, 0xF3, 0xFD, 0x21, 0x64, 0x6B,
    0xF0, 0xAC, 0x28, 0x2A, 0x41, 0x92, 0xED, 0x61, 0x8B, 0x59, 0x78, 0x93, 0x04, 0xC1, 0x38, 0xF4,
    0xAD, 0xF6, 0xB4, 0xF0, 0x4A, 0x50, 0xCF, 0xAF, 0x44, 0xF2, 0xAD, 0x39, 0xDD, 0x3A, 0xFD, 0xA3,
    0x78, 0xC3, 0x22, 0x09, 0xEB, 0x80, 0x0D, 0x69, 0x39, 0x64, 0x87, 0xBB, 0xCD, 0x82, 0x08, 0x09,
    0x3B, 0x40, 0x12, 0x93, 0xBC, 0x6C, 0x51, 0x58, 0xD0, 0xA9, 0x7B, 0x36, 0x0D, 0x1B, 0x03, 0x21,
    0xE1, 0x56, 0x83, 0x3B, 0x56, 0x6B, 0x36, 0x2D, 0x9B, 0xC3, 0x18, 0x44, 0xB0, 0x63, 0x87, 0x9E,
    0x8D, 0x88, 0xD5, 0xEC, 0x71, 0x56, 0xE4, 0x31, 0x48, 0x9B, 0x18, 0xB8, 0xA3, 0xC5, 0xA4, 0x68,
    0xE5, 0x76, 0xA4, 0xCA, 0xA9, 0x66, 0xE0, 0xE1, 0xB5, 0xF7, 0xF4, 0xDF, 0x73, 0x2F, 0x24, 0x09,
    0x5D, 0xD7, 0x28, 0x2C, 0x8C, 0x5A, 0x08, 0x46, 0x7D, 0x0D, 0x27, 0xD8, 0xBF, 0x21, 0x8A, 0x42,
    0xFA, 0xF7, 0xF8, 0xEE, 0xF2, 0xE7, 0x0D, 0xB4, 0xDF, 0xD1, 0x0B, 0x1E, 0x48, 0x09, 0x1B, 0x5A,
    0x3D, 0xFB, 0x91, 0x1A, 0x25, 0x75, 0x46, 0x83, 0x0D, 0x5D, 0xFE, 0xA0, 0x4D, 0xD0, 0x45, 0x7F,
    0x3F, 0xDF, 0xF9, 0x8E, 0xD2, 0x8B, 0xFB, 0x49, 0x31, 0x1E, 0x41, 0x7B, 0x44, 0xB9, 0xCF, 0x55,
    0xC0, 0x81, 0xD7, 0xD4, 0x5F, 0x23, 0xE2, 0x9F, 0x3B, 0x24, 0xDE, 0x0E, 0x1B, 0x2F, 0xDB, 0x1F,
    0xEE, 0xDB, 0x3B, 0xB1, 0x96, 0xBC, 0x0E, 0x2A, 0x26, 0x71, 0xA6, 0xE6, 0x4A, 0xB9, 0x9D, 0x14,
    0x22, 0xE3, 0xC0, 0x16, 0x97, 0xD7, 0x2A, 0xA6, 0x7F, 0x70, 0xFF, 0x07, 0x55, 0x8F, 0x2A, 0x5D,
    0x4D, 0xAD, 0x25, 0x59, 0xF2, 0x84, 0xA5, 0x7E, 0x4F, 0xAD, 0x39, 0x2D, 0xAA, 0x1B, 0x55, 0xCF,
    0x1C, 0x30, 0x53, 0x73, 0x0E, 0x8C, 0x92, 0x66, 0xFF, 0xD6, 0x2D, 0xBE, 0xE3, 0x5A, 0xB4, 0xDE,
    0x4A, 0xAD, 0x1A, 0x38, 0x1F, 0x58, 0xA9, 0x61, 0xBD, 0xCC, 0x37, 0x94, 0x15, 0xE3, 0x1E, 0xD6,
    0x2D, 0x65, 0x18, 0xDD, 0x17, 0xFC, 0x63, 0xE6, 0x80, 0x0A, 0x45, 0xE4, 0x4C, 0xEC, 0x9A, 0xA3,
    0xF1, 0x7B, 0x1A, 0x2A, 0xC6, 0xAC, 0xEF, 0x8D, 0xD9, 0xD2, 0x67, 0x9E, 0xA6, 0x7F, 0x35, 0x77,
    0x68, 0x75, 0x59, 0xBA, 0x6F, 0x0D, 0x75, 0xBE, 0xB0, 0x86, 0xFA, 0xA7, 0xF6, 0x57, 0xED, 0x76,
    0xA1, 0xCB, 0x3C, 0x8A, 0xF8, 0x82, 0xB3, 0x39, 0x99, 0x4A, 0xCD, 0x0F, 0x64, 0xF8, 0x42, 0xD6,
    0xFC, 0xFE, 0xD6, 0x9A, 0xF2, 0x5B, 0x33, 0x71, 0x6B, 0xFD, 0xA9, 0xB8, 0x5C, 0xF3, 0xB9, 0xD6,
    0x10, 0x73, 0xCC, 0x35, 0x67, 0xFE, 0xE8, 0xA6, 0xBF, 0xE4, 0x3B, 0x57, 0x62, 0xEA, 0x0D, 0x6D,
    0x68, 0xD9, 0x0C, 0x9B, 0xD3, 0xE2, 0x4D, 0x3B, 0xCD, 0xCD, 0xAB, 0xE2, 0x77, 0xB0, 0xF5, 0x1B,
    0xB1, 0x39, 0xD7, 0x11, 0xCF, 0x71, 0x81, 0x09, 0xDF, 0xF3, 0x4B, 0xD1, 0xE6, 0x8A, 0xEC, 0x4B,
    0xC4, 0x19, 0xBC, 0x1E, 0xD1, 0x0E, 0xE1, 0x9F, 0xF8, 0xBA, 0x83, 0x76, 0x48, 0x47, 0x1C, 0xE5,
    0x48, 0xCE, 0xB9, 0x52, 0x51, 0x3D, 0xF9, 0x9C, 0x75, 0xE3, 0x62, 0xFF, 0xB7, 0x28, 0xE7, 0x3F,
    0x2D, 0x98, 0xF7, 0xCE, 0x1F, 0x2D, 0xC0, 0x73, 0xAC, 0xE2, 0xEA, 0x46, 0x74, 0xCD, 0xF6, 0x1F,
    0xCD, 0x94, 0xBF, 0x6E, 0xD4, 0x40, 0x10, 0xC6, 0x3F, 0xDB, 0x21, 0x87, 0x64, 0x89, 0x6D, 0x12,
    0x09, 0x29, 0x85, 0xEB, 0x88, 0x62, 0xDB, 0x44, 0xE2, 0xB2, 0x46, 0xBC, 0x00, 0x05, 0xF7, 0x06,
    0x94, 0x48, 0x69, 0x29, 0xA2, 0x78, 0x25, 0x1E, 0x80, 0x34, 0x88, 0x57, 0x88, 0x8E, 0x82, 0x26,
    0xC5, 0x15, 0x24, 0xDE, 0x9E, 0xC6, 0x12, 0xA2, 0xC6, 0x45, 0xD2, 0xA4, 0x89, 0x25, 0x2C, 0xE1,
    0x84, 0xBD, 0x1B, 0x66, 0xFF, 0xDC, 0x25, 0x25, 0x20, 0x8A, 0xF8, 0xD6, 0x37, 0xF6, 0xEC, 0xCC,
    0x78, 0x7F, 0xF3, 0xAD, 0x8D, 0x17, 0x10, 0x54, 0x0A, 0x6A, 0xD6, 0x46, 0x1D, 0x92, 0x01, 0xAF,
    0x6C, 0x4E, 0x56, 0x92, 0x55, 0xCF, 0x6C, 0x05, 0x7B, 0xE8, 0x87, 0xE2, 0xF1, 0xA1, 0x17, 0xD4,
    0xA6, 0x54, 0x82, 0x8F, 0xCD, 0x52, 0x27, 0xF4, 0x53, 0x8F, 0x88, 0x20, 0x2E, 0x6A, 0x14, 0x9A,
    0xB4, 0xCC, 0xDE, 0x19, 0xF9, 0x48, 0x18, 0xF9, 0x46, 0x98, 0xA2, 0x93, 0x5A, 0xDC, 0xF0, 0x1C,
    0xCD, 0xB1, 0x53, 0xB7, 0x58, 0x1D, 0xB2, 0x03, 0x14, 0x9F, 0xD5, 0x00, 0x9C, 0x59, 0xC0, 0x5A,
    0x24, 0xF6, 0x0C, 0xE9, 0xA0, 0x90, 0x75, 0xAA, 0x1C, 0x71, 0x5E, 0xDE, 0x0A, 0xC3, 0xBF, 0xA6,
    0x30, 0x79, 0x2B, 0x2F, 0x3F, 0x76, 0x8A, 0xA8, 0xAF, 0x88, 0x38, 0x01, 0x44, 0x0B, 0x1E, 0xF3,
    0x09, 0x67, 0x1E, 0xFE, 0xE1, 0x38, 0xC6, 0xB6, 0x7B, 0x6E, 0x4D, 0x54, 0x72, 0x91, 0x52, 0x7E,
    0x9B, 0x40, 0xF0, 0x7A, 0x32, 0x57, 0x6E, 0xCE, 0x67, 0xC5, 0x67, 0x61, 0x80, 0x9C, 0x9D, 0xA2,
    0xE1, 0xC5, 0x69, 0x5E, 0x18, 0x78, 0x51, 0x00, 0x77, 0x23, 0xB8, 0x2E, 0xA7, 0x9A, 0x73, 0x0D,
    0x9F, 0x7A, 0x73, 0xF2, 0x52, 0x71, 0x67, 0xC8, 0x2E, 0x81, 0xC6, 0xC0, 0x53, 0xE0, 0x33, 0xC0,
    0x05, 0x7B, 0x24, 0x1D, 0xD2, 0x76, 0xFF, 0x79, 0x53, 0xBF, 0x35, 0x9F, 0xBE, 0x98, 0xEC, 0x7B,
    0x99, 0x5E, 0x21, 0x21, 0x60, 0x01, 0x9C, 0x86, 0xF8, 0x74, 0x81, 0x4A, 0x0B, 0xFA, 0x4A, 0xBD,
    0xBC, 0xA2, 0x5F, 0x56, 0xA5, 0x64, 0x4E, 0xF7, 0x50, 0x63, 0xAC, 0x12, 0xD2, 0xA7, 0xEC, 0xBB,
    0xB1, 0x7E, 0x96, 0xE3, 0xEA, 0x66, 0xD5, 0xB6, 0x9A, 0xBB, 0xAD, 0xB3, 0x6B, 0xEE, 0xD1, 0x5F,
    0x8C, 0xFD, 0x16, 0x95, 0xC1, 0x21, 0xB0, 0x86, 0x3D, 0xE6, 0xDC, 0x5B, 0x55, 0xBB, 0xBD, 0x5F,
    0xD7, 0x1B, 0xB2, 0x1F, 0x33, 0xCE, 0x81, 0x1C, 0x36, 0xD2, 0xA3, 0xFC, 0x68, 0x5B, 0x0D, 0x63,
    0x55, 0xDB, 0x83, 0x62, 0x40, 0x52, 0x22, 0x6B, 0x30, 0x32, 0x81, 0xD7, 0x21, 0x33, 0xEB, 0x01,
    0xC2, 0xF5, 0x93, 0x9B, 0x63, 0x9E, 0xCC, 0x4C, 0x28, 0xF8, 0x1A, 0x5B, 0x76, 0x8B, 0x06, 0x75,
    0x0D, 0x75, 0x0E, 0x49, 0xE7, 0xD8, 0xB7, 0xCE, 0x89, 0x18, 0xCC, 0x4D, 0xE3, 0xEB, 0x5D, 0xDC,
    0x99, 0x5D, 0xC6, 0xEF, 0xFA, 0xFC, 0x3B, 0x61, 0x49, 0x7D, 0xE4, 0x5D, 0x4E, 0x2C, 0x36, 0x23,
    0x7A, 0x5F, 0xF7, 0x6E, 0xDF, 0xB4, 0xAE, 0x73, 0x5E, 0x1A, 0x48, 0x8D, 0xD4, 0xF9, 0x58, 0xB2,
    0x91, 0xDB, 0x5A, 0x7C, 0x23, 0x34, 0x36, 0x9D, 0x0A, 0x05, 0x1C, 0xD6, 0xD8, 0xFD, 0xF1, 0x90,
    0x4E, 0x1A, 0xB6, 0x82, 0x97, 0xED, 0x6D, 0x39, 0xF3, 0x36, 0xD7, 0xB3, 0x84, 0x88, 0x9A, 0x5C,
    0x9F, 0x44, 0x3B, 0x4B, 0xA6, 0xF5, 0x54, 0xB3, 0x8D, 0xF3, 0xCB, 0xF8, 0x90, 0x5F, 0xAC, 0xEA,
    0x2D, 0xEB, 0x0B, 0x83, 0x0D, 0xDE, 0xBC, 0xC8, 0xFC, 0xF3, 0xFD, 0x5B, 0xC3, 0x69, 0xAC, 0x57,
    0x8D, 0xB0, 0x85, 0x8A, 0x73, 0xAC, 0xBB, 0xED, 0x95, 0xD1, 0xB4, 0xEE, 0x02, 0xCF, 0xC2, 0xBF,
    0x38, 0xC9, 0x34, 0xF0, 0xFD, 0x33, 0x27, 0x22, 0x27, 0x22, 0x27, 0x22, 0x27, 0x22, 0x27, 0x02,
    0xE7, 0x03, 0x6E, 0xA6, 0xE3, 0x91, 0xB4, 0x60, 0x7B, 0x12, 0xED, 0xCC, 0xCF, 0xDF, 0xDA, 0x65,
    0x7C, 0xC8, 0x2F, 0x56, 0xF5, 0x96, 0xF5, 0x85, 0x17, 0xF8, 0x3E, 0x70, 0x0A, 0x66, 0x74, 0x9C,
    0xD2, 0x2C, 0x3C, 0xA7, 0xF8, 0x61, 0x3D, 0x67, 0x46, 0x5D, 0xE0, 0x21, 0xE3, 0x39, 0x83, 0xBD,
    0xF5, 0xBB, 0x38, 0xC7, 0xE9, 0xF3, 0x98, 0x33, 0xC7, 0xCE, 0x3D, 0xE5, 0x7C, 0x1C, 0xF5, 0x54,
    0x51, 0xCF, 0x79, 0xD0, 0x93, 0xBF, 0x54, 0x7E, 0xDF, 0xE6, 0x91, 0xB3, 0x88, 0x9C, 0x55, 0xD4,
    0x71, 0x1E, 0x6C, 0xD6, 0x07, 0x3D, 0xDD, 0xC7, 0xCD, 0x71, 0x4A, 0x1D, 0xF4, 0x54, 0x91, 0xF3,
    0xE1, 0x7F, 0xE1, 0xFC, 0x0D,
};

static const EpdGlyph inter_10_boldGlyphs[] = {
    { 0, 0, 175, 0, 0, 0, 0 }, // U+0000
    { 0, 0, 77, 0, 0, 0, 0 }, // U+0020
    { 5, 17, 106, 1, 16, 22, 0 }, // !
    { 9, 8, 178, 1, 16, 18, 22 }, // "
    { 14, 16, 214, 0, 16, 56, 40 }, // #
    { 13, 21, 218, 0, 18, 69, 96 }, // $
    { 19, 17, 333, 1, 16, 81, 165 }, // %
    { 14, 17, 222, 0, 16, 60, 246 }, // &
    { 4, 8, 108, 1, 16, 8, 306 }, // '
    { 7, 20, 122, 1, 17, 35, 314 }, // (
    { 7, 20, 122, 0, 17, 35, 349 }, // )
    { 9, 10, 185, 1, 16, 23, 384 }, // *
    { 12, 12, 224, 1, 12, 36, 407 }, // +
    { 4, 8, 105, 1, 3, 8, 443 }, // ,
    { 8, 4, 154, 1, 8, 8, 451 }, // -
    { 5, 5, 105, 1, 4, 7, 459 }, // .
    { 8, 19, 128, 0, 16, 38, 466 }, // /
    { 14, 17, 223, 0, 16, 60, 504 }, // 0
    { 8, 16, 141, 0, 16, 32, 564 }, // 1
    { 11, 16, 207, 1, 16, 44, 596 }, // 2
    { 13, 17, 213, 0, 16, 56, 640 }, // 3
    { 14, 16, 224, 0, 16, 56, 696 }, // 4
    { 12, 17, 206, 0, 16, 51, 752 }, // 5
    { 13, 17, 214, 0, 16, 56, 803 }, // 6
    { 12, 16, 191, 0, 16, 48, 859 }, // 7
    { 13, 17, 214, 0, 16, 56, 907 }, // 8
    { 13, 17, 214, 0, 16, 56, 963 }, // 9
    { 5, 12, 105, 1, 11, 15, 1019 }, // :
    { 5, 16, 107, 1, 11, 20, 1034 }, // ;
    { 11, 12, 224, 1, 12, 33, 1054 }, // <
    { 12, 8, 224, 1, 10, 24, 1087 }, // =
    { 11, 12, 224, 2, 12, 33, 1111 }, // >
    { 11, 17, 187, 0, 16, 47, 1144 }, // ?
    { 21, 21, 338, 0, 16, 111, 1191 }, // @
    { 15, 16, 246, 0, 16, 60, 1302 }, // A
    { 12, 16, 219, 1, 16, 48, 1362 }, // B
    { 15, 17, 246, 0, 16, 64, 1410 }, // C
    { 14, 16, 239, 1, 16, 56, 1474 }, // D
    { 11, 16, 202, 1, 16, 44, 1530 }, // E
    { 11, 16, 195, 1, 16, 44, 1574 }, // F
    { 15, 17, 249, 0, 16, 64, 1618 }, // G
    { 14, 16, 247, 1, 16, 56, 1682 }, // H
    { 4, 16, 92, 1, 16, 16, 1738 }, // I
    { 11, 17, 193, 0, 16, 47, 1754 }, // J
    { 14, 16, 237, 1, 16, 56, 1801 }, // K
    { 11, 16, 188, 1, 16, 44, 1857 }, // L
    { 17, 16, 308, 1, 16, 68, 1901 }, // M
    { 14, 16, 251, 1, 16, 56, 1969 }, // N
    { 16, 17, 255, 0, 16, 68, 2025 }, // O
    { 12, 16, 215, 1, 16, 48, 2093 }, // P
    { 16, 18, 257, 0, 16, 72, 2141 }, // Q
    { 13, 16, 218, 1, 16, 52, 2213 }, // R
    { 13, 17, 218, 0, 16, 56, 2265 }, // S
    { 14, 16, 220, 0, 16, 56, 2321 }, // T
    { 13, 17, 242, 1, 16, 56, 2377 }, // U
    { 15, 16, 246, 0, 16, 60, 2433 }, // V
    { 22, 16, 343, 0, 16, 88, 2493 }, // W
    { 15, 16, 243, 0, 16, 60, 2581 }, // X
    { 15, 16, 240, 0, 16, 60, 2641 }, // Y
    { 12, 16, 219, 1, 16, 48, 2701 }, // Z
    { 6, 20, 122, 1, 17, 30, 2749 }, // [
    { 8, 19, 128, 0, 16, 38, 2779 }, // <backslash>
    { 6, 20, 122, 0, 17, 30, 2817 }, // ]
    { 10, 7, 160, 0, 15, 18, 2847 }, // ^
    { 10, 3, 159, 0, 0, 8, 2865 }, // _
    { 5, 4, 117, 1, 16, 5, 2873 }, // `
    { 11, 13, 191, 0, 12, 36, 2878 }, // a
    { 12, 17, 208, 1, 16, 51, 2914 }, // b
    { 12, 13, 194, 0, 12, 39, 2965 }, // c
    { 12, 17, 208, 0, 16, 51, 3004 }, // d
    { 12, 13, 196, 0, 12, 39, 3055 }, // e
    { 8, 16, 131, 0, 16, 32, 3094 }, // f
    { 12, 17, 208, 0, 12, 51, 3126 }, // g
    { 11, 16, 205, 1, 16, 44, 3177 }, // h
    { 4, 16, 89, 1, 16, 16, 3221 }, // i
    { 6, 21, 89, -1, 16, 32, 3237 }, // j
    { 11, 16, 191, 1, 16, 44, 3269 }, // k
    { 4, 16, 89, 1, 16, 16, 3313 }, // l
    { 17, 12, 302, 1, 12, 51, 3329 }, // m
    { 11, 12, 205, 1, 12, 33, 3380 }, // n
    { 12, 13, 202, 0, 12, 39, 3413 }, // o
    { 12, 17, 208, 1, 12, 51, 3452 }, // p
    { 12, 17, 208, 0, 12, 51, 3503 }, // q
    { 7, 12, 133, 1, 12, 21, 3554 }, // r
    { 11, 13, 184, 0, 12, 36, 3575 }, // s
    { 8, 15, 122, 0, 14, 30, 3611 }, // t
    { 11, 13, 205, 1, 12, 36, 3641 }, // u
    { 12, 12, 196, 0, 12, 36, 3677 }, // v
    { 18, 12, 281, 0, 12, 54, 3713 }, // w
    { 12, 12, 190, 0, 12, 36, 3767 }, // x
    { 13, 17, 197, 0, 12, 56, 3803 }, // y
    { 10, 12, 187, 1, 12, 30, 3859 }, // z
    { 8, 20, 154, 1, 17, 40, 3889 }, // {
    { 4, 26, 122, 2, 21, 26, 3929 }, // |
    { 9, 20, 154, 0, 17, 45, 3955 }, // }
    { 12, 6, 224, 1, 9, 18, 4000 }, // ~
    { 0, 0, 77, 0, 0, 0, 0 }, // U+00A0
    { 5, 16, 106, 1, 12, 20, 0 }, // U+00A1
    { 12, 16, 194, 0, 16, 48, 20 }, // U+00A2
    { 13, 16, 211, 0, 16, 52, 68 }, // U+00A3
    { 14, 14, 252, 1, 13, 49, 120 }, // U+00A4
    { 12, 16, 188, 0, 16, 48, 169 }, // U+00A5
    { 3, 19, 111, 2, 16, 15, 217 }, // U+00A6
    { 11, 20, 187, 0, 16, 55, 232 }, // U+00A7
    { 9, 4, 205, 2, 16, 9, 287 }, // U+00A8
    { 17, 17, 303, 1, 16, 73, 296 }, // U+00A9
    { 9, 10, 153, 0, 16, 23, 369 }, // U+00AA
    { 13, 10, 217, 0, 11, 33, 392 }, // U+00AB
    { 10, 6, 224, 2, 8, 15, 425 }, // U+00AC
    { 13, 13, 219, 0, 16, 43, 440 }, // U+00AE
    { 7, 3, 143, 1, 16, 6, 483 }, // U+00AF
    { 8, 8, 151, 1, 16, 16, 489 }, // U+00B0
    { 12, 12, 224, 1, 12, 36, 505 }, // U+00B1
    { 9, 9, 149, 0, 18, 21, 541 }, // U+00B2
    { 9, 10, 152, 0, 18, 23, 562 }, // U+00B3
    { 5, 4, 117, 1, 16, 5, 585 }, // U+00B4
    { 12, 17, 207, 1, 12, 51, 590 }, // U+00B5
    { 12, 16, 198, 0, 16, 48, 641 }, // U+00B6
    { 5, 5, 105, 1, 10, 7, 689 }, // U+00B7
    { 5, 6, 120, 2, 1, 8, 696 }, // U+00B8
    { 6, 9, 106, 0, 18, 14, 704 }, // U+00B9
    { 10, 10, 161, 0, 16, 25, 718 }, // U+00BA
    { 13, 10, 217, 0, 11, 33, 743 }, // U+00BB
    { 17, 16, 278, 0, 16, 68, 776 }, // U+00BC
    { 18, 16, 289, 0, 16, 72, 844 }, // U+00BD
    { 19, 16, 303, 0, 16, 76, 916 }, // U+00BE
    { 11, 17, 187, 0, 12, 47, 992 }, // U+00BF
    { 15, 20, 246, 0, 20, 75, 1039 }, // U+00C0
    { 15, 20, 246, 0, 20, 75, 1114 }, // U+00C1
    { 15, 20, 246, 0, 20, 75, 1189 }, // U+00C2
    { 15, 20, 246, 0, 20, 75, 1264 }, // U+00C3
    { 15, 20, 246, 0, 20, 75, 1339 }, // U+00C4
    { 15, 21, 246, 0, 21, 79, 1414 }, // U+00C5
    { 21, 16, 340, 0, 16, 84, 1493 }, // U+00C6
    { 15, 21, 246, 0, 16, 79, 1577 }, // U+00C7
    { 11, 20, 202, 1, 20, 55, 1656 }, // U+00C8
    { 11, 20, 202, 1, 20, 55, 1711 }, // U+00C9
    { 11, 20, 202, 1, 20, 55, 1766 }, // U+00CA
    { 11, 20, 202, 1, 20, 55, 1821 }, // U+00CB
    { 6, 20, 92, -1, 20, 30, 1876 }, // U+00CC
    { 6, 20, 92, 1, 20, 30, 1906 }, // U+00CD
    { 9, 20, 92, -2, 20, 45, 1936 }, // U+00CE
    { 8, 20, 92, -1, 20, 40, 1981 }, // U+00CF
    { 15, 16, 252, 0, 16, 60, 2021 }, // U+00D0
    { 14, 20, 251, 1, 20, 70, 2081 }, // U+00D1
    { 16, 21, 255, 0, 20, 84, 2151 }, // U+00D2
    { 16, 21, 255, 0, 20, 84, 2235 }, // U+00D3
    { 16, 21, 255, 0, 20, 84, 2319 }, // U+00D4
    { 16, 21, 255, 0, 20, 84, 2403 }, // U+00D5
    { 16, 21, 255, 0, 20, 84, 2487 }, // U+00D6
    { 12, 12, 224, 1, 12, 36, 2571 }, // U+00D7
    { 16, 17, 255, 0, 16, 68, 2607 }, // U+00D8
    { 13, 21, 242, 1, 20, 69, 2675 }, // U+00D9
    { 13, 21, 242, 1, 20, 69, 2744 }, // U+00DA
    { 13, 21, 242, 1, 20, 69, 2813 }, // U+00DB
    { 13, 21, 242, 1, 20, 69, 2882 }, // U+00DC
    { 15, 20, 240, 0, 20, 75, 2951 }, // U+00DD
    { 12, 16, 221, 1, 16, 48, 3026 }, // U+00DE
    { 12, 16, 217, 1, 16, 48, 3074 }, // U+00DF
    { 11, 17, 191, 0, 16, 47, 3122 }, // U+00E0
    { 11, 17, 191, 0, 16, 47, 3169 }, // U+00E1
    { 11, 17, 191, 0, 16, 47, 3216 }, // U+00E2
    { 11, 17, 191, 0, 16, 47, 3263 }, // U+00E3
    { 11, 17, 191, 0, 16, 47, 3310 }, // U+00E4
    { 11, 19, 191, 0, 18, 53, 3357 }, // U+00E5
    { 19, 13, 302, 0, 12, 62, 3410 }, // U+00E6
    { 12, 17, 194, 0, 12, 51, 3472 }, // U+00E7
    { 12, 17, 196, 0, 16, 51, 3523 }, // U+00E8
    { 12, 17, 196, 0, 16, 51, 3574 }, // U+00E9
    { 12, 17, 196, 0, 16, 51, 3625 }, // U+00EA
    { 12, 17, 196, 0, 16, 51, 3676 }, // U+00EB
    { 6, 16, 89, -1, 16, 24, 3727 }, // U+00EC
    { 5, 16, 89, 1, 16, 20, 3751 }, // U+00ED
    { 9, 16, 89, -2, 16, 36, 3771 }, // U+00EE
    { 9, 16, 89, -2, 16, 36, 3807 }, // U+00EF
    { 12, 17, 198, 0, 16, 51, 3843 }, // U+00F0
    { 11, 16, 205, 1, 16, 44, 3894 }, // U+00F1
    { 12, 17, 202, 0, 16, 51, 3938 }, // U+00F2
    { 12, 17, 202, 0, 16, 51, 3989 }, // U+00F3
    { 12, 17, 202, 0, 16, 51, 4040 }, // U+00F4
    { 12, 17, 202, 0, 16, 51, 4091 }, // U+00F5
    { 12, 17, 202, 0, 16, 51, 4142 }, // U+00F6
    { 12, 12, 224, 1, 12, 36, 4193 }, // U+00F7
    { 12, 13, 202, 0, 12, 39, 4229 }, // U+00F8
    { 11, 17, 205, 1, 16, 47, 4268 }, // U+00F9
    { 11, 17, 205, 1, 16, 47, 4315 }, // U+00FA
    { 11, 17, 205, 1, 16, 47, 4362 }, // U+00FB
    { 11, 17, 205, 1, 16, 47, 4409 }, // U+00FC
    { 13, 21, 197, 0, 16, 69, 4456 }, // U+00FD
    { 12, 21, 208, 1, 16, 63, 4525 }, // U+00FE
    { 13, 21, 197, 0, 16, 69, 4588 }, // U+00FF
    { 15, 20, 246, 0, 20, 75, 0 }, // U+0100
    { 11, 17, 191, 0, 16, 47, 75 }, // U+0101
    { 15, 20, 246, 0, 20, 75, 122 }, // U+0102
    { 11, 17, 191, 0, 16, 47, 197 }, // U+0103
    { 16, 21, 246, 0, 16, 84, 244 }, // U+0104
    { 12, 17, 191, 0, 12, 51, 328 }, // U+0105
    { 15, 21, 246, 0, 20, 79, 379 }, // U+0106
    { 12, 17, 194, 0, 16, 51, 458 }, // U+0107
    { 15, 21, 246, 0, 20, 79, 509 }, // U+0108
    { 12, 17, 194, 0, 16, 51, 588 }, // U+0109
    { 15, 21, 246, 0, 20, 79, 639 }, // U+010A
    { 12, 17, 194, 0, 16, 51, 718 }, // U+010B
    { 15, 21, 246, 0, 20, 79, 769 }, // U+010C
    { 12, 17, 194, 0, 16, 51, 848 }, // U+010D
    { 14, 20, 239, 1, 20, 70, 899 }, // U+010E
    { 16, 17, 249, 0, 16, 68, 969 }, // U+010F
    { 15, 16, 252, 0, 16, 60, 1037 }, // U+0110
    { 14, 17, 208, 0, 16, 60, 1097 }, // U+0111
    { 11, 20, 202, 1, 20, 55, 1157 }, // U+0112
    { 12, 17, 196, 0, 16, 51, 1212 }, // U+0113
    { 11, 20, 202, 1, 20, 55, 1263 }, // U+0114
    { 12, 17, 196, 0, 16, 51, 1318 }, // U+0115
    { 11, 20, 202, 1, 20, 55, 1369 }, // U+0116
    { 12, 17, 196, 0, 16, 51, 1424 }, // U+0117
    { 12, 21, 202, 1, 16, 63, 1475 }, // U+0118
    { 12, 17, 196, 0, 12, 51, 1538 }, // U+0119
    { 11, 20, 202, 1, 20, 55, 1589 }, // U+011A
    { 12, 17, 196, 0, 16, 51, 1644 }, // U+011B
    { 15, 21, 249, 0, 20, 79, 1695 }, // U+011C
    { 12, 21, 208, 0, 16, 63, 1774 }, // U+011D
    { 15, 21, 249, 0, 20, 79, 1837 }, // U+011E
    { 12, 21, 208, 0, 16, 63, 1916 }, // U+011F
    { 15, 21, 249, 0, 20, 79, 1979 }, // U+0120
    { 12, 21, 208, 0, 16, 63, 2058 }, // U+0121
    { 15, 21, 249, 0, 16, 79, 2121 }, // U+0122
    { 12, 23, 208, 0, 18, 69, 2200 }, // U+0123
    { 14, 20, 247, 1, 20, 70, 2269 }, // U+0124
    { 14, 20, 205, -2, 20, 70, 2339 }, // U+0125
    { 16, 16, 267, 0, 16, 64, 2409 }, // U+0126
    { 13, 16, 205, -1, 16, 52, 2473 }, // U+0127
    { 8, 20, 92, -1, 20, 40, 2525 }, // U+0128
    { 8, 16, 89, -1, 16, 32, 2565 }, // U+0129
    { 7, 20, 92, -1, 20, 35, 2597 }, // U+012A
    { 7, 16, 89, -1, 16, 28, 2632 }, // U+012B
    { 8, 20, 92, -1, 20, 40, 2660 }, // U+012C
    { 8, 16, 89, -1, 16, 32, 2700 }, // U+012D
    { 5, 21, 92, 0, 16, 27, 2732 }, // U+012E
    { 6, 21, 89, -1, 16, 32, 2759 }, // U+012F
    { 4, 20, 92, 1, 20, 20, 2791 }, // U+0130
    { 4, 12, 89, 1, 12, 12, 2811 }, // U+0131
    { 16, 17, 285, 1, 16, 68, 2823 }, // U+0132
    { 9, 21, 177, 1, 16, 48, 2891 }, // U+0133
    { 14, 21, 193, 0, 20, 74, 2939 }, // U+0134
    { 9, 21, 89, -2, 16, 48, 3013 }, // U+0135
    { 14, 21, 237, 1, 16, 74, 3061 }, // U+0136
    { 11, 21, 191, 1, 16, 58, 3135 }, // U+0137
    { 12, 12, 193, 1, 12, 36, 3193 }, // U+0138
    { 11, 20, 188, 1, 20, 55, 3229 }, // U+0139
    { 5, 20, 89, 1, 20, 25, 3284 }, // U+013A
    { 11, 21, 188, 1, 16, 58, 3309 }, // U+013B
    { 5, 21, 89, 0, 16, 27, 3367 }, // U+013C
    { 11, 16, 188, 1, 16, 44, 3394 }, // U+013D
    { 7, 16, 130, 1, 16, 28, 3438 }, // U+013E
    { 11, 16, 191, 1, 16, 44, 3466 }, // U+013F
    { 9, 16, 147, 1, 16, 36, 3510 }, // U+0140
    { 12, 16, 201, 0, 16, 48, 3546 }, // U+0141
    { 7, 16, 89, -1, 16, 28, 3594 }, // U+0142
    { 14, 20, 251, 1, 20, 70, 3622 }, // U+0143
    { 11, 16, 205, 1, 16, 44, 3692 }, // U+0144
    { 14, 21, 251, 1, 16, 74, 3736 }, // U+0145
    { 11, 17, 205, 1, 12, 47, 3810 }, // U+0146
    { 14, 20, 251, 1, 20, 70, 3857 }, // U+0147
    { 11, 16, 205, 1, 16, 44, 3927 }, // U+0148
    { 14, 21, 251, 1, 16, 74, 3971 }, // U+014A
    { 11, 17, 205, 1, 12, 47, 4045 }, // U+014B
    { 16, 21, 255, 0, 20, 84, 4092 }, // U+014C
    { 12, 17, 202, 0, 16, 51, 4176 }, // U+014D
    { 16, 21, 255, 0, 20, 84, 4227 }, // U+014E
    { 12, 17, 202, 0, 16, 51, 4311 }, // U+014F
    { 16, 21, 255, 0, 20, 84, 4362 }, // U+0150
    { 12, 17, 202, 0, 16, 51, 4446 }, // U+0151
    { 21, 16, 340, 0, 16, 84, 4497 }, // U+0152
    { 20, 13, 326, 0, 12, 65, 4581 }, // U+0153
    { 13, 20, 218, 1, 20, 65, 4646 }, // U+0154
    { 7, 16, 133, 1, 16, 28, 4711 }, // U+0155
    { 13, 21, 218, 1, 16, 69, 4739 }, // U+0156
    { 8, 17, 133, 0, 12, 34, 4808 }, // U+0157
    { 13, 20, 218, 1, 20, 65, 4842 }, // U+0158
    { 9, 16, 133, 0, 16, 36, 4907 }, // U+0159
    { 13, 21, 218, 0, 20, 69, 4943 }, // U+015A
    { 11, 17, 184, 0, 16, 47, 5012 }, // U+015B
    { 13, 21, 218, 0, 20, 69, 5059 }, // U+015C
    { 11, 17, 184, 0, 16, 47, 5128 }, // U+015D
    { 13, 21, 218, 0, 16, 69, 5175 }, // U+015E
    { 11, 17, 184, 0, 12, 47, 5244 }, // U+015F
    { 13, 21, 218, 0, 20, 69, 5291 }, // U+0160
    { 11, 17, 184, 0, 16, 47, 5360 }, // U+0161
    { 14, 21, 220, 0, 16, 74, 5407 }, // U+0162
    { 8, 19, 122, 0, 14, 38, 5481 }, // U+0163
    { 14, 20, 220, 0, 20, 70, 5519 }, // U+0164
    { 9, 18, 147, 0, 17, 41, 5589 }, // U+0165
    { 14, 16, 220, 0, 16, 56, 5630 }, // U+0166
    { 8, 15, 122, 0, 14, 30, 5686 }, // U+0167
    { 13, 21, 242, 1, 20, 69, 5716 }, // U+0168
    { 11, 17, 205, 1, 16, 47, 5785 }, // U+0169
    { 13, 21, 242, 1, 20, 69, 5832 }, // U+016A
    { 11, 17, 205, 1, 16, 47, 5901 }, // U+016B
    { 13, 21, 242, 1, 20, 69, 5948 }, // U+016C
    { 11, 17, 205, 1, 16, 47, 6017 }, // U+016D
    { 13, 22, 242, 1, 21, 72, 6064 }, // U+016E
    { 11, 19, 205, 1, 18, 53, 6136 }, // U+016F
    { 13, 21, 242, 1, 20, 69, 6189 }, // U+0170
    { 11, 17, 205, 1, 16, 47, 6258 }, // U+0171
    { 13, 21, 242, 1, 16, 69, 6305 }, // U+0172
    { 11, 17, 205, 1, 12, 47, 6374 }, // U+0173
    { 22, 20, 343, 0, 20, 110, 6421 }, // U+0174
    { 18, 16, 281, 0, 16, 72, 6531 }, // U+0175
    { 15, 20, 240, 0, 20, 75, 6603 }, // U+0176
    { 13, 21, 197, 0, 16, 69, 6678 }, // U+0177
    { 15, 20, 240, 0, 20, 75, 6747 }, // U+0178
    { 12, 20, 219, 1, 20, 60, 6822 }, // U+0179
    { 10, 16, 187, 1, 16, 40, 6882 }, // U+017A
    { 12, 20, 219, 1, 20, 60, 6922 }, // U+017B
    { 10, 16, 187, 1, 16, 40, 6982 }, // U+017C
    { 12, 20, 219, 1, 20, 60, 7022 }, // U+017D
    { 10, 16, 187, 1, 16, 40, 7082 }, // U+017E
    { 6, 16, 111, 1, 16, 24, 7122 }, // U+017F
    { 25, 16, 426, 1, 16, 100, 0 }, // U+01C5
    { 24, 17, 395, 0, 16, 102, 100 }, // U+01C6
    { 22, 17, 381, 1, 16, 94, 202 }, // U+01C7
    { 16, 21, 276, 1, 16, 84, 296 }, // U+01C8
    { 9, 21, 177, 1, 16, 48, 380 }, // U+01C9
    { 26, 17, 444, 1, 16, 111, 428 }, // U+01CA
    { 20, 21, 340, 1, 16, 105, 539 }, // U+01CB
    { 17, 21, 293, 1, 16, 90, 644 }, // U+01CC
    { 15, 20, 246, 0, 20, 75, 734 }, // U+01CD
    { 11, 17, 191, 0, 16, 47, 809 }, // U+01CE
    { 9, 20, 92, -2, 20, 45, 856 }, // U+01CF
    { 9, 16, 89, -2, 16, 36, 901 }, // U+01D0
    { 16, 21, 255, 0, 20, 84, 937 }, // U+01D1
    { 12, 17, 202, 0, 16, 51, 1021 }, // U+01D2
    { 13, 21, 242, 1, 20, 69, 1072 }, // U+01D3
    { 11, 17, 205, 1, 16, 47, 1141 }, // U+01D4
    { 13, 24, 242, 1, 23, 78, 1188 }, // U+01D5
    { 11, 20, 205, 1, 19, 55, 1266 }, // U+01D6
    { 13, 25, 242, 1, 24, 82, 1321 }, // U+01D7
    { 11, 21, 205, 1, 20, 58, 1403 }, // U+01D8
    { 13, 25, 242, 1, 24, 82, 1461 }, // U+01D9
    { 11, 21, 205, 1, 20, 58, 1543 }, // U+01DA
    { 13, 25, 242, 1, 24, 82, 1601 }, // U+01DB
    { 11, 21, 205, 1, 20, 58, 1683 }, // U+01DC
    { 12, 13, 196, 0, 12, 39, 1741 }, // U+01DD
    { 15, 23, 246, 0, 23, 87, 1780 }, // U+01DE
    { 11, 20, 191, 0, 19, 55, 1867 }, // U+01DF
    { 15, 23, 246, 0, 23, 87, 1922 }, // U+01E0
    { 11, 20, 191, 0, 19, 55, 2009 }, // U+01E1
    { 21, 20, 340, 0, 20, 105, 2064 }, // U+01E2
    { 19, 17, 302, 0, 16, 81, 2169 }, // U+01E3
    { 16, 17, 249, 0, 16, 68, 2250 }, // U+01E4
    { 14, 17, 227, 0, 12, 60, 2318 }, // U+01E5
    { 15, 21, 249, 0, 20, 79, 2378 }, // U+01E6
    { 12, 21, 208, 0, 16, 63, 2457 }, // U+01E7
    { 14, 20, 237, 1, 20, 70, 2520 }, // U+01E8
    { 14, 20, 191, -2, 20, 70, 2590 }, // U+01E9
    { 16, 21, 255, 0, 16, 84, 2660 }, // U+01EA
    { 12, 17, 202, 0, 12, 51, 2744 }, // U+01EB
    { 16, 25, 255, 0, 20, 100, 2795 }, // U+01EC
    { 12, 21, 202, 0, 16, 63, 2895 }, // U+01ED
    { 14, 25, 227, 0, 20, 88, 2958 }, // U+01EE
    { 13, 21, 213, 0, 16, 69, 3046 }, // U+01EF
    { 9, 21, 89, -2, 16, 48, 3115 }, // U+01F0
    { 27, 16, 458, 1, 16, 108, 3163 }, // U+01F1
    { 25, 16, 426, 1, 16, 100, 3271 }, // U+01F2
    { 24, 17, 395, 0, 16, 102, 3371 }, // U+01F3
    { 15, 21, 249, 0, 20, 79, 3473 }, // U+01F4
    { 12, 21, 208, 0, 16, 63, 3552 }, // U+01F5
    { 21, 17, 370, 1, 16, 90, 3615 }, // U+01F6
    { 13, 21, 244, 1, 16, 69, 3705 }, // U+01F7
    { 14, 20, 251, 1, 20, 70, 3774 }, // U+01F8
    { 11, 16, 205, 1, 16, 44, 3844 }, // U+01F9
    { 15, 24, 246, 0, 24, 90, 3888 }, // U+01FA
    { 11, 21, 191, 0, 20, 58, 3978 }, // U+01FB
    { 21, 20, 340, 0, 20, 105, 4036 }, // U+01FC
    { 19, 17, 302, 0, 16, 81, 4141 }, // U+01FD
    { 16, 21, 255, 0, 20, 84, 4222 }, // U+01FE
    { 12, 17, 202, 0, 16, 51, 4306 }, // U+01FF
    { 15, 20, 246, 0, 20, 75, 4357 }, // U+0200
    { 11, 17, 191, 0, 16, 47, 4432 }, // U+0201
    { 15, 20, 246, 0, 20, 75, 4479 }, // U+0202
    { 11, 17, 191, 0, 16, 47, 4554 }, // U+0203
    { 11, 20, 202, 1, 20, 55, 4601 }, // U+0204
    { 12, 17, 196, 0, 16, 51, 4656 }, // U+0205
    { 11, 20, 202, 1, 20, 55, 4707 }, // U+0206
    { 12, 17, 196, 0, 16, 51, 4762 }, // U+0207
    { 9, 20, 92, -3, 20, 45, 4813 }, // U+0208
    { 9, 16, 89, -3, 16, 36, 4858 }, // U+0209
    { 8, 20, 92, -1, 20, 40, 4894 }, // U+020A
    { 8, 16, 89, -1, 16, 32, 4934 }, // U+020B
    { 16, 21, 255, 0, 20, 84, 4966 }, // U+020C
    { 12, 17, 202, 0, 16, 51, 5050 }, // U+020D
    { 16, 21, 255, 0, 20, 84, 5101 }, // U+020E
    { 12, 17, 202, 0, 16, 51, 5185 }, // U+020F
    { 13, 20, 218, 1, 20, 65, 5236 }, // U+0210
    { 9, 16, 133, -1, 16, 36, 5301 }, // U+0211
    { 13, 20, 218, 1, 20, 65, 5337 }, // U+0212
    { 8, 16, 133, 1, 16, 32, 5402 }, // U+0213
    { 13, 21, 242, 1, 20, 69, 5434 }, // U+0214
    { 11, 17, 205, 1, 16, 47, 5503 }, // U+0215
    { 13, 21, 242, 1, 20, 69, 5550 }, // U+0216
    { 11, 17, 205, 1, 16, 47, 5619 }, // U+0217
    { 13, 21, 218, 0, 16, 69, 5666 }, // U+0218
    { 11, 17, 184, 0, 12, 47, 5735 }, // U+0219
    { 14, 21, 220, 0, 16, 74, 5782 }, // U+021A
    { 8, 19, 122, 0, 14, 38, 5856 }, // U+021B
    { 12, 21, 221, 1, 16, 63, 5894 }, // U+021C
    { 10, 17, 190, 1, 12, 43, 5957 }, // U+021D
    { 14, 20, 247, 1, 20, 70, 6000 }, // U+021E
    { 14, 20, 205, -2, 20, 70, 6070 }, // U+021F
    { 5, 4, 0, 1, 16, 5, 0 }, // U+0300
    { 5, 4, 0, 1, 16, 5, 5 }, // U+0301
    { 9, 4, 0, 0, 16, 9, 10 }, // U+0302
    { 8, 4, 0, 1, 16, 8, 19 }, // U+0303
    { 7, 3, 0, 1, 16, 6, 27 }, // U+0304
    { 8, 4, 0, 0, 16, 8, 33 }, // U+0306
    { 4, 4, 0, 1, 16, 4, 41 }, // U+0307
    { 9, 4, 0, 2, 16, 9, 45 }, // U+0308
    { 4, 4, 0, 1, 16, 4, 54 }, // U+0309
    { 6, 6, 0, 1, 18, 9, 58 }, // U+030A
    { 9, 4, 0, 0, 16, 9, 67 }, // U+030C
    { 9, 4, 0, 1, 16, 9, 76 }, // U+030F
    { 5, 7, 0, 4, 10, 9, 85 }, // U+0313
    { 5, 7, 0, 4, 10, 9, 94 }, // U+0315
    { 4, 6, 0, -5, 16, 6, 103 }, // U+031B
    { 4, 4, 94, 1, -1, 4, 109 }, // U+0323
    { 4, 5, 0, -9, -1, 5, 113 }, // U+0326
    { 5, 6, 0, 2, 1, 8, 118 }, // U+0327
    { 6, 6, 0, 0, 1, 9, 126 }, // U+0328
    { 9, 4, 0, 0, -1, 9, 135 }, // U+032C
    { 9, 15, 0, -11, 13, 34, 144 }, // U+0337
    { 13, 17, 0, -13, 16, 56, 178 }, // U+0338
    { 8, 4, 0, -11, 16, 8, 234 }, // U+0342
    { 5, 4, 0, 0, 13, 5, 242 }, // U+0343
    { 9, 5, 0, -11, 17, 12, 247 }, // U+0346
    { 8, 6, 0, -10, -2, 12, 259 }, // U+0347
    { 6, 6, 0, -9, 0, 9, 271 }, // U+0348
    { 5, 5, 0, -9, -1, 7, 280 }, // U+0349
    { 9, 6, 0, -11, 17, 14, 287 }, // U+034A
    { 9, 10, 0, -11, 21, 23, 301 }, // U+034B
    { 9, 6, 0, -11, 18, 14, 324 }, // U+034C
    { 11, 5, 0, -12, -1, 14, 338 }, // U+034D
    { 5, 6, 0, -9, 0, 8, 352 }, // U+034E
    { 0, 0, 0, 0, 0, 0, 360 }, // U+034F
    { 9, 9, 0, -10, 21, 21, 360 }, // U+0350
    { 3, 5, 0, -8, 16, 4, 381 }, // U+0351
    { 8, 8, 0, -11, 19, 16, 385 }, // U+0352
    { 6, 6, 0, -9, 0, 9, 401 }, // U+0353
    { 6, 6, 0, -9, 0, 9, 410 }, // U+0354
    { 7, 6, 0, -10, 0, 11, 419 }, // U+0355
    { 12, 6, 0, -11, 0, 18, 430 }, // U+0356
    { 4, 6, 0, 0, 18, 6, 448 }, // U+0357
    { 4, 4, 0, 1, 16, 4, 454 }, // U+0358
    { 5, 6, 0, -9, 0, 8, 458 }, // U+0359
    { 9, 5, 0, -11, 0, 12, 466 }, // U+035A
    { 5, 5, 0, -9, 17, 7, 478 }, // U+035B
    { 16, 5, 0, -9, 0, 20, 485 }, // U+035C
    { 17, 5, 0, -9, 16, 22, 505 }, // U+035D
    { 13, 3, 0, -13, 16, 10, 527 }, // U+035E
    { 13, 3, 0, -13, -1, 10, 537 }, // U+035F
    { 22, 4, 0, -12, 16, 22, 547 }, // U+0360
    { 17, 5, 0, -9, 16, 22, 569 }, // U+0361
    { 19, 5, 0, -9, -1, 24, 591 }, // U+0362
    { 7, 6, 0, -10, 18, 11, 615 }, // U+0363
    { 7, 6, 0, -10, 18, 11, 626 }, // U+0364
    { 3, 9, 0, -8, 21, 7, 637 }, // U+0365
    { 7, 6, 0, -10, 18, 11, 644 }, // U+0366
    { 7, 6, 0, -10, 18, 11, 655 }, // U+0367
    { 6, 6, 0, -10, 18, 9, 666 }, // U+0368
    { 7, 9, 0, -10, 21, 16, 675 }, // U+0369
    { 7, 9, 0, -10, 21, 16, 691 }, // U+036A
    { 9, 6, 0, -11, 18, 14, 707 }, // U+036B
    { 4, 6, 0, -8, 18, 6, 721 }, // U+036C
    { 4, 8, 0, 0, 20, 8, 727 }, // U+036D
    { 7, 6, 0, -10, 18, 11, 735 }, // U+036E
    { 7, 6, 0, -10, 18, 11, 746 }, // U+036F
    { 0, 0, 189, 0, 0, 0, 0 }, // U+2000
    { 0, 0, 376, 0, 0, 0, 0 }, // U+2001
    { 0, 0, 167, 0, 0, 0, 0 }, // U+2002
    { 0, 0, 333, 0, 0, 0, 0 }, // U+2003
    { 0, 0, 111, 0, 0, 0, 0 }, // U+2004
    { 0, 0, 83, 0, 0, 0, 0 }, // U+2005
    { 0, 0, 55, 0, 0, 0, 0 }, // U+2006
    { 0, 0, 215, 0, 0, 0, 0 }, // U+2007
    { 0, 0, 105, 0, 0, 0, 0 }, // U+2008
    { 0, 0, 51, 0, 0, 0, 0 }, // U+2009
    { 0, 0, 25, 0, 0, 0, 0 }, // U+200A
    { 0, 0, 0, 0, 0, 0, 0 }, // U+200B
    { 8, 4, 150, 1, 8, 8, 0 }, // U+2010
    { 8, 4, 150, 1, 8, 8, 8 }, // U+2011
    { 13, 3, 215, 0, 8, 10, 16 }, // U+2012
    { 11, 4, 167, 0, 8, 11, 26 }, // U+2013
    { 21, 4, 333, 0, 8, 21, 37 }, // U+2014
    { 21, 4, 333, 0, 8, 21, 58 }, // U+2015
    { 8, 26, 186, 2, 21, 52, 79 }, // U+2016
    { 10, 5, 157, 0, 0, 13, 131 }, // U+2017
    { 5, 8, 97, 1, 16, 10, 144 }, // U+2018
    { 5, 8, 97, 1, 16, 10, 154 }, // U+2019
    { 4, 8, 90, 1, 3, 8, 164 }, // U+201A
    { 5, 8, 97, 0, 16, 10, 172 }, // U+201B
    { 10, 8, 172, 1, 16, 20, 182 }, // U+201C
    { 9, 8, 169, 1, 16, 18, 202 }, // U+201D
    { 9, 8, 162, 1, 3, 18, 220 }, // U+201E
    { 10, 8, 169, 0, 16, 20, 238 }, // U+201F
    { 10, 13, 193, 1, 16, 33, 258 }, // U+2020
    { 10, 16, 193, 1, 16, 40, 291 }, // U+2021
    { 8, 8, 155, 1, 10, 16, 331 }, // U+2022
    { 6, 8, 155, 2, 10, 12, 347 }, // U+2023
    { 5, 5, 105, 1, 4, 7, 359 }, // U+2024
    { 11, 5, 209, 1, 4, 14, 366 }, // U+2025
    { 18, 5, 314, 1, 4, 23, 380 }, // U+2026
    { 5, 5, 105, 1, 10, 7, 403 }, // U+2027
    { 0, 0, 51, 0, 0, 0, 410 }, // U+202F
    { 26, 17, 457, 1, 16, 111, 410 }, // U+2030
    { 34, 17, 581, 1, 16, 145, 521 }, // U+2031
    { 4, 7, 90, 1, 16, 7, 666 }, // U+2032
    { 10, 7, 179, 1, 16, 18, 673 }, // U+2033
    { 15, 7, 268, 1, 16, 27, 691 }, // U+2034
    { 4, 7, 90, 1, 16, 7, 718 }, // U+2035
    { 10, 7, 179, 1, 16, 18, 725 }, // U+2036
    { 15, 7, 268, 1, 16, 27, 743 }, // U+2037
    { 10, 5, 181, 1, -1, 13, 770 }, // U+2038
    { 9, 10, 141, 0, 11, 23, 783 }, // U+2039
    { 8, 10, 141, 0, 11, 20, 806 }, // U+203A
    { 15, 14, 268, 1, 14, 53, 826 }, // U+203B
    { 11, 17, 212, 1, 16, 47, 879 }, // U+203C
    { 11, 17, 185, 0, 16, 47, 926 }, // U+203D
    { 11, 3, 164, 0, 18, 9, 973 }, // U+203E
    { 18, 4, 281, 0, -1, 18, 982 }, // U+203F
    { 18, 4, 281, 0, 16, 18, 1000 }, // U+2040
    { 10, 12, 157, 0, 7, 30, 1018 }, // U+2041
    { 14, 13, 253, 1, 14, 46, 1048 }, // U+2042
    { 7, 4, 155, 1, 8, 7, 1094 }, // U+2043
    { 14, 16, 68, -5, 16, 56, 1101 }, // U+2044
    { 6, 20, 122, 1, 17, 30, 1157 }, // U+2045
    { 6, 20, 122, 0, 17, 30, 1187 }, // U+2046
    { 23, 17, 374, 0, 16, 98, 1217 }, // U+2047
    { 17, 17, 293, 0, 16, 73, 1315 }, // U+2048
    { 17, 17, 293, 1, 16, 73, 1388 }, // U+2049
    { 9, 17, 153, 0, 12, 39, 1461 }, // U+204A
    { 11, 16, 198, 1, 16, 44, 1500 }, // U+204B
    { 10, 10, 201, 1, 11, 25, 1544 }, // U+204C
    { 11, 10, 201, 1, 11, 28, 1569 }, // U+204D
    { 9, 10, 185, 1, 8, 23, 1597 }, // U+204E
    { 5, 15, 107, 1, 11, 19, 1620 }, // U+204F
    { 18, 21, 281, 0, 16, 95, 1639 }, // U+2050
    { 9, 20, 190, 2, 16, 45, 1734 }, // U+2051
    { 15, 16, 265, 1, 16, 60, 1779 }, // U+2052
    { 14, 6, 252, 1, 10, 21, 1839 }, // U+2053
    { 18, 4, 281, 0, -1, 18, 1860 }, // U+2054
    { 12, 11, 237, 1, 11, 33, 1878 }, // U+2055
    { 21, 7, 357, 1, 16, 37, 1911 }, // U+2057
    { 0, 0, 97, 0, 0, 0, 1948 }, // U+205F
    { 10, 10, 160, 0, 18, 25, 0 }, // U+2070
    { 3, 10, 72, 1, 19, 8, 25 }, // U+2071
    { 10, 9, 157, 0, 18, 23, 33 }, // U+2074
    { 8, 10, 152, 1, 18, 20, 56 }, // U+2075
    { 9, 10, 153, 0, 18, 23, 76 }, // U+2076
    { 8, 9, 137, 0, 18, 18, 99 }, // U+2077
    { 9, 10, 155, 0, 18, 23, 117 }, // U+2078
    { 9, 10, 153, 0, 18, 23, 140 }, // U+2079
    { 8, 8, 154, 1, 17, 16, 163 }, // U+207A
    { 8, 2, 154, 1, 14, 4, 179 }, // U+207B
    { 8, 6, 154, 1, 16, 12, 183 }, // U+207C
    { 5, 12, 93, 1, 19, 15, 195 }, // U+207D
    { 5, 12, 93, 0, 19, 15, 210 }, // U+207E
    { 8, 7, 149, 1, 16, 14, 225 }, // U+207F
    { 10, 10, 160, 0, 6, 25, 239 }, // U+2080
    { 6, 9, 106, 0, 6, 14, 264 }, // U+2081
    { 9, 9, 149, 0, 6, 21, 278 }, // U+2082
    { 9, 10, 152, 0, 6, 23, 299 }, // U+2083
    { 10, 9, 157, 0, 6, 23, 322 }, // U+2084
    { 8, 10, 152, 1, 6, 20, 345 }, // U+2085
    { 9, 10, 153, 0, 6, 23, 365 }, // U+2086
    { 8, 9, 137, 0, 6, 18, 388 }, // U+2087
    { 9, 10, 155, 0, 6, 23, 406 }, // U+2088
    { 9, 10, 153, 0, 6, 23, 429 }, // U+2089
    { 8, 8, 154, 1, 5, 16, 452 }, // U+208A
    { 8, 2, 154, 1, 2, 4, 468 }, // U+208B
    { 8, 6, 154, 1, 4, 12, 472 }, // U+208C
    { 5, 12, 93, 1, 7, 15, 484 }, // U+208D
    { 5, 12, 93, 0, 7, 15, 499 }, // U+208E
    { 8, 8, 137, 0, 4, 16, 514 }, // U+2090
    { 8, 8, 140, 0, 4, 16, 530 }, // U+2091
    { 9, 8, 144, 0, 4, 18, 546 }, // U+2092
    { 9, 7, 139, 0, 4, 16, 564 }, // U+2093
    { 8, 9, 158, 1, 4, 18, 580 }, // U+2094
    { 8, 9, 149, 1, 6, 18, 598 }, // U+2095
    { 8, 9, 138, 1, 6, 18, 616 }, // U+2096
    { 3, 9, 72, 1, 6, 7, 634 }, // U+2097
    { 12, 7, 211, 1, 4, 21, 641 }, // U+2098
    { 8, 7, 149, 1, 4, 14, 662 }, // U+2099
    { 8, 10, 148, 1, 4, 20, 676 }, // U+209A
    { 8, 8, 134, 0, 4, 16, 696 }, // U+209B
    { 6, 9, 91, 0, 5, 14, 712 }, // U+209C
    { 15, 17, 252, 0, 16, 64, 0 }, // U+20A0
    { 15, 20, 246, 0, 18, 75, 64 }, // U+20A1
    { 15, 17, 240, 0, 16, 64, 139 }, // U+20A2
    { 13, 16, 204, -1, 16, 52, 203 }, // U+20A3
    { 13, 16, 211, 0, 16, 52, 255 }, // U+20A4
    { 17, 16, 286, 1, 14, 68, 307 }, // U+20A5
    { 16, 16, 251, 0, 16, 64, 375 }, // U+20A6
    { 20, 17, 332, 1, 16, 85, 439 }, // U+20A7
    { 23, 17, 388, 1, 16, 98, 524 }, // U+20A8
    { 21, 16, 345, 0, 16, 84, 622 }, // U+20A9
    { 17, 12, 305, 1, 12, 51, 706 }, // U+20AA
    { 14, 21, 208, 0, 16, 74, 757 }, // U+20AB
    { 14, 17, 227, 0, 16, 60, 831 }, // U+20AC
    { 17, 16, 265, 0, 16, 68, 891 }, // U+20AD
    { 14, 16, 220, 0, 16, 56, 959 }, // U+20AE
    { 30, 23, 483, 0, 18, 173, 1015 }, // U+20AF
    { 15, 16, 236, 0, 16, 60, 1188 }, // U+20B1
    { 15, 21, 249, 0, 18, 79, 1248 }, // U+20B2
    { 15, 16, 246, 0, 16, 60, 1327 }, // U+20B3
    { 13, 17, 244, 1, 16, 56, 1387 }, // U+20B4
    { 15, 21, 246, 0, 18, 79, 1443 }, // U+20B5
    { 14, 16, 221, 0, 16, 56, 1522 }, // U+20B8
    { 12, 16, 189, 0, 16, 48, 1578 }, // U+20B9
    { 12, 17, 213, 1, 16, 51, 1626 }, // U+20BA
    { 14, 12, 252, 1, 12, 42, 1677 }, // U+20BC
    { 15, 16, 245, 0, 16, 60, 1719 }, // U+20BD
    { 14, 16, 252, 1, 16, 56, 1779 }, // U+20BE
    { 12, 20, 219, 1, 18, 60, 1835 }, // U+20BF
    { 16, 15, 316, 2, 14, 60, 0 }, // U+2190
    { 15, 16, 300, 2, 16, 60, 60 }, // U+2191
    { 16, 15, 316, 2, 14, 60, 120 }, // U+2192
    { 15, 17, 300, 2, 16, 64, 180 }, // U+2193
    { 24, 15, 445, 2, 14, 90, 244 }, // U+2194
    { 14, 25, 285, 2, 19, 88, 334 }, // U+2195
    { 12, 13, 256, 2, 12, 39, 422 }, // U+2196
    { 12, 13, 256, 2, 12, 39, 461 }, // U+2197
    { 12, 12, 256, 2, 12, 36, 500 }, // U+2198
    { 12, 12, 256, 2, 12, 36, 536 }, // U+2199
    { 21, 17, 384, 2, 16, 90, 572 }, // U+21A9
    { 22, 17, 384, 1, 16, 94, 662 }, // U+21AA
    { 17, 16, 335, 2, 16, 68, 756 }, // U+21B0
    { 17, 16, 335, 2, 16, 68, 824 }, // U+21B1
    { 17, 15, 335, 2, 16, 64, 892 }, // U+21B3
    { 15, 17, 297, 2, 16, 64, 956 }, // U+21B4
    { 17, 15, 335, 2, 16, 64, 1020 }, // U+21B5
    { 16, 19, 316, 2, 19, 76, 1084 }, // U+21BA
    { 16, 19, 316, 2, 19, 76, 1160 }, // U+21BB
    { 16, 16, 316, 2, 15, 64, 1236 }, // U+21D0
    { 16, 16, 316, 2, 15, 64, 1300 }, // U+21D2
    { 24, 16, 445, 2, 15, 96, 1364 }, // U+21D4
    { 11, 16, 210, 1, 16, 44, 1460 }, // U+21DE
    { 11, 17, 210, 1, 16, 47, 1504 }, // U+21DF
    { 19, 11, 348, 1, 13, 53, 1551 }, // U+21E4
    { 19, 11, 348, 1, 13, 53, 1604 }, // U+21E5
    { 21, 17, 365, 1, 17, 90, 1657 }, // U+21E7
    { 21, 21, 365, 1, 17, 111, 1747 }, // U+21EA
    { 12, 17, 221, 1, 16, 51, 0 }, // U+2202
    { 14, 13, 228, 0, 12, 46, 51 }, // U+2205
    { 15, 16, 244, 0, 16, 60, 97 }, // U+2206
    { 12, 19, 254, 2, 16, 57, 157 }, // U+220F
    { 13, 19, 245, 1, 16, 62, 214 }, // U+2211
    { 12, 4, 224, 1, 8, 12, 276 }, // U+2212
    { 12, 16, 221, 1, 16, 48, 288 }, // U+221A
    { 20, 11, 325, 0, 12, 55, 336 }, // U+221E
    { 9, 22, 127, -1, 17, 50, 391 }, // U+222B
    { 5, 13, 105, 1, 14, 17, 441 }, // U+2236
    { 12, 10, 224, 1, 11, 30, 458 }, // U+2248
    { 12, 12, 224, 1, 12, 36, 488 }, // U+2260
    { 12, 13, 224, 1, 13, 39, 524 }, // U+2264
    { 12, 13, 224, 1, 13, 39, 563 }, // U+2265
    { 29, 29, 463, 0, 22, 211, 602 }, // U+2295
    { 29, 29, 463, 0, 22, 211, 813 }, // U+2296
    { 29, 29, 463, 0, 22, 211, 1024 }, // U+2297
    { 29, 29, 463, 0, 22, 211, 1235 }, // U+2298
};

static const EpdUnicodeInterval inter_10_boldIntervals[] = {
    { 0x0, 0x0, 0x0 },
    { 0x20, 0x7E, 0x1 },
    { 0xA0, 0xAC, 0x60 },
    { 0xAE, 0xFF, 0x6D },
    { 0x100, 0x148, 0xBF },
    { 0x14A, 0x17F, 0x108 },
    { 0x1C5, 0x21F, 0x13E },
    { 0x300, 0x304, 0x199 },
    { 0x306, 0x30A, 0x19E },
    { 0x30C, 0x30C, 0x1A3 },
    { 0x30F, 0x30F, 0x1A4 },
    { 0x313, 0x313, 0x1A5 },
    { 0x315, 0x315, 0x1A6 },
    { 0x31B, 0x31B, 0x1A7 },
    { 0x323, 0x323, 0x1A8 },
    { 0x326, 0x328, 0x1A9 },
    { 0x32C, 0x32C, 0x1AC },
    { 0x337, 0x338, 0x1AD },
    { 0x342, 0x343, 0x1AF },
    { 0x346, 0x36F, 0x1B1 },
    { 0x2000, 0x200B, 0x1DB },
    { 0x2010, 0x2027, 0x1E7 },
    { 0x202F, 0x2055, 0x1FF },
    { 0x2057, 0x2057, 0x226 },
    { 0x205F, 0x205F, 0x227 },
    { 0x2070, 0x2071, 0x228 },
    { 0x2074, 0x208E, 0x22A },
    { 0x2090, 0x209C, 0x245 },
    { 0x20A0, 0x20AF, 0x252 },
    { 0x20B1, 0x20B5, 0x262 },
    { 0x20B8, 0x20BA, 0x267 },
    { 0x20BC, 0x20BF, 0x26A },
    { 0x2190, 0x2199, 0x26E },
    { 0x21A9, 0x21AA, 0x278 },
    { 0x21B0, 0x21B1, 0x27A },
    { 0x21B3, 0x21B5, 0x27C },
    { 0x21BA, 0x21BB, 0x27F },
    { 0x21D0, 0x21D0, 0x281 },
    { 0x21D2, 0x21D2, 0x282 },
    { 0x21D4, 0x21D4, 0x283 },
    { 0x21DE, 0x21DF, 0x284 },
    { 0x21E4, 0x21E5, 0x286 },
    { 0x21E7, 0x21E7, 0x288 },
    { 0x21EA, 0x21EA, 0x289 },
    { 0x2202, 0x2202, 0x28A },
    { 0x2205, 0x2206, 0x28B },
    { 0x220F, 0x220F, 0x28D },
    { 0x2211, 0x2212, 0x28E },
    { 0x221A, 0x221A, 0x290 },
    { 0x221E, 0x221E, 0x291 },
    { 0x222B, 0x222B, 0x292 },
    { 0x2236, 0x2236, 0x293 },
    { 0x2248, 0x2248, 0x294 },
    { 0x2260, 0x2260, 0x295 },
    { 0x2264, 0x2265, 0x296 },
    { 0x2295, 0x2298, 0x298 },
};

static const EpdFontGroup inter_10_boldGroups[] = {
    { 0, 2205, 4449, 96, 0 },
    { 2205, 2045, 5107, 95, 96 },
    { 4250, 2345, 7871, 127, 191 },
    { 6595, 2242, 6743, 91, 318 },
    { 8837, 628, 909, 66, 409 },
    { 9465, 1147, 2221, 77, 475 },
    { 10612, 410, 858, 42, 552 },
    { 11022, 1172, 2074, 28, 594 },
    { 12194, 894, 1987, 28, 622 },
    { 13088, 629, 1579, 18, 650 },
};

static const EpdKernClassEntry inter_10_boldKernLeftClasses[] = {
    { 0x0022, 1 }, // "
    { 0x0024, 2 }, // $
    { 0x0025, 3 }, // %
    { 0x0026, 4 }, // &
    { 0x0027, 1 }, // '
    { 0x0028, 5 }, // (
    { 0x0029, 6 }, // )
    { 0x002A, 7 }, // *
    { 0x002B, 8 }, // +
    { 0x002C, 9 }, // ,
    { 0x002D, 8 }, // -
    { 0x002E, 9 }, // .
    { 0x002F, 10 }, // /
    { 0x0030, 11 }, // 0
    { 0x0031, 12 }, // 1
    { 0x0032, 13 }, // 2
    { 0x0033, 14 }, // 3
    { 0x0034, 15 }, // 4
    { 0x0035, 16 }, // 5
    { 0x0036, 17 }, // 6
    { 0x0037, 18 }, // 7
    { 0x0038, 14 }, // 8
    { 0x0039, 11 }, // 9
    { 0x003A, 19 }, // :
    { 0x003B, 19 }, // ;
    { 0x003D, 20 }, // =
    { 0x003E, 21 }, // >
    { 0x003F, 22 }, // ?
    { 0x0040, 23 }, // @
    { 0x0041, 24 }, // A
    { 0x0042, 25 }, // B
    { 0x0043, 26 }, // C
    { 0x0044, 23 }, // D
    { 0x0045, 27 }, // E
    { 0x0046, 28 }, // F
    { 0x0047, 29 }, // G
    { 0x0048, 12 }, // H
    { 0x0049, 12 }, // I
    { 0x004A, 30 }, // J
    { 0x004B, 31 }, // K
    { 0x004C, 32 }, // L
    { 0x004D, 12 }, // M
    { 0x004E, 12 }, // N
    { 0x004F, 23 }, // O
    { 0x0050, 33 }, // P
    { 0x0051, 23 }, // Q
    { 0x0052, 34 }, // R
    { 0x0053, 2 }, // S
    { 0x0054, 35 }, // T
    { 0x0055, 30 }, // U
    { 0x0056, 36 }, // V
    { 0x0057, 37 }, // W
    { 0x0058, 38 }, // X
    { 0x0059, 39 }, // Y
    { 0x005A, 40 }, // Z
    { 0x005B, 41 }, // [
    { 0x005C, 42 }, // <backslash>
    { 0x005D, 6 }, // ]
    { 0x005E, 7 }, // ^
    { 0x005F, 43 }, // _
    { 0x0061, 44 }, // a
    { 0x0062, 45 }, // b
    { 0x0063, 45 }, // c
    { 0x0064, 12 }, // d
    { 0x0065, 45 }, // e
    { 0x0066, 46 }, // f
    { 0x0067, 47 }, // g
    { 0x0068, 44 }, // h
    { 0x0069, 48 }, // i
    { 0x006A, 48 }, // j
    { 0x006B, 49 }, // k
    { 0x006C, 12 }, // l
    { 0x006D, 44 }, // m
    { 0x006E, 44 }, // n
    { 0x006F, 45 }, // o
    { 0x0070, 45 }, // p
    { 0x0071, 47 }, // q
    { 0x0072, 50 }, // r
    { 0x0073, 51 }, // s
    { 0x0074, 52 }, // t
    { 0x0075, 53 }, // u
    { 0x0076, 54 }, // v
    { 0x0077, 55 }, // w
    { 0x0078, 56 }, // x
    { 0x0079, 54 }, // y
    { 0x007A, 57 }, // z
    { 0x007B, 5 }, // {
    { 0x007C, 12 }, // |
    { 0x007D, 6 }, // }
    { 0x007E, 58 }, // ~
    { 0x00A1, 59 }, // U+00A1
    { 0x00A2, 45 }, // U+00A2
    { 0x00A5, 60 }, // U+00A5
    { 0x00A9, 23 }, // U+00A9
    { 0x00AA, 61 }, // U+00AA
    { 0x00AB, 62 }, // U+00AB
    { 0x00AC, 63 }, // U+00AC
    { 0x00AE, 64 }, // U+00AE
    { 0x00B0, 7 }, // U+00B0
    { 0x00B1, 20 }, // U+00B1
    { 0x00B2, 65 }, // U+00B2
    { 0x00B3, 66 }, // U+00B3
    { 0x00B5, 67 }, // U+00B5
    { 0x00B6, 12 }, // U+00B6
    { 0x00B7, 68 }, // U+00B7
    { 0x00B9, 69 }, // U+00B9
    { 0x00BA, 61 }, // U+00BA
    { 0x00BB, 70 }, // U+00BB
    { 0x00BF, 71 }, // U+00BF
    { 0x00C0, 24 }, // U+00C0
    { 0x00C1, 24 }, // U+00C1
    { 0x00C2, 24 }, // U+00C2
    { 0x00C3, 24 }, // U+00C3
    { 0x00C4, 24 }, // U+00C4
    { 0x00C5, 24 }, // U+00C5
    { 0x00C6, 27 }, // U+00C6
    { 0x00C7, 26 }, // U+00C7
    { 0x00C8, 27 }, // U+00C8
    { 0x00C9, 27 }, // U+00C9
    { 0x00CA, 27 }, // U+00CA
    { 0x00CB, 27 }, // U+00CB
    { 0x00CC, 12 }, // U+00CC
    { 0x00CD, 12 }, // U+00CD
    { 0x00CE, 72 }, // U+00CE
    { 0x00CF, 72 }, // U+00CF
    { 0x00D0, 23 }, // U+00D0
    { 0x00D1, 12 }, // U+00D1
    { 0x00D2, 23 }, // U+00D2
    { 0x00D3, 23 }, // U+00D3
    { 0x00D4, 23 }, // U+00D4
    { 0x00D5, 23 }, // U+00D5
    { 0x00D6, 23 }, // U+00D6
    { 0x00D7, 73 }, // U+00D7
    { 0x00D8, 23 }, // U+00D8
    { 0x00D9, 30 }, // U+00D9
    { 0x00DA, 30 }, // U+00DA
    { 0x00DB, 30 }, // U+00DB
    { 0x00DC, 30 }, // U+00DC
    { 0x00DD, 39 }, // U+00DD
    { 0x00DE, 74 }, // U+00DE
    { 0x00DF, 75 }, // U+00DF
    { 0x00E0, 44 }, // U+00E0
    { 0x00E1, 44 }, // U+00E1
    { 0x00E2, 44 }, // U+00E2
    { 0x00E3, 44 }, // U+00E3
    { 0x00E4, 44 }, // U+00E4
    { 0x00E5, 44 }, // U+00E5
    { 0x00E6, 76 }, // U+00E6
    { 0x00E7, 45 }, // U+00E7
    { 0x00E8, 45 }, // U+00E8
    { 0x00E9, 45 }, // U+00E9
    { 0x00EA, 45 }, // U+00EA
    { 0x00EB, 45 }, // U+00EB
    { 0x00EC, 48 }, // U+00EC
    { 0x00ED, 48 }, // U+00ED
    { 0x00EE, 77 }, // U+00EE
    { 0x00EF, 78 }, // U+00EF
    { 0x00F0, 45 }, // U+00F0
    { 0x00F1, 79 }, // U+00F1
    { 0x00F2, 45 }, // U+00F2
    { 0x00F3, 45 }, // U+00F3
    { 0x00F4, 45 }, // U+00F4
    { 0x00F5, 80 }, // U+00F5
    { 0x00F6, 80 }, // U+00F6
    { 0x00F7, 8 }, // U+00F7
    { 0x00F8, 45 }, // U+00F8
    { 0x00F9, 53 }, // U+00F9
    { 0x00FA, 53 }, // U+00FA
    { 0x00FB, 53 }, // U+00FB
    { 0x00FC, 53 }, // U+00FC
    { 0x00FD, 54 }, // U+00FD
    { 0x00FE, 45 }, // U+00FE
    { 0x00FF, 54 }, // U+00FF
    { 0x0100, 24 }, // U+0100
    { 0x0101, 81 }, // U+0101
    { 0x0102, 24 }, // U+0102
    { 0x0103, 44 }, // U+0103
    { 0x0104, 24 }, // U+0104
    { 0x0105, 44 }, // U+0105
    { 0x0106, 26 }, // U+0106
    { 0x0107, 45 }, // U+0107
    { 0x0108, 26 }, // U+0108
    { 0x0109, 45 }, // U+0109
    { 0x010A, 26 }, // U+010A
    { 0x010B, 45 }, // U+010B
    { 0x010C, 26 }, // U+010C
    { 0x010D, 45 }, // U+010D
    { 0x010E, 23 }, // U+010E
    { 0x010F, 82 }, // U+010F
    { 0x0111, 83 }, // U+0111
    { 0x0112, 27 }, // U+0112
    { 0x0113, 45 }, // U+0113
    { 0x0114, 27 }, // U+0114
    { 0x0115, 45 }, // U+0115
    { 0x0116, 27 }, // U+0116
    { 0x0117, 45 }, // U+0117
    { 0x0118, 27 }, // U+0118
    { 0x0119, 45 }, // U+0119
    { 0x011A, 27 }, // U+011A
    { 0x011B, 45 }, // U+011B
    { 0x011C, 29 }, // U+011C
    { 0x011D, 47 }, // U+011D
    { 0x011E, 29 }, // U+011E
    { 0x011F, 47 }, // U+011F
    { 0x0120, 29 }, // U+0120
    { 0x0121, 47 }, // U+0121
    { 0x0122, 29 }, // U+0122
    { 0x0123, 47 }, // U+0123
    { 0x0124, 12 }, // U+0124
    { 0x0125, 44 }, // U+0125
    { 0x0126, 12 }, // U+0126
    { 0x0127, 44 }, // U+0127
    { 0x0128, 72 }, // U+0128
    { 0x0129, 84 }, // U+0129
    { 0x012A, 72 }, // U+012A
    { 0x012B, 85 }, // U+012B
    { 0x012C, 72 }, // U+012C
    { 0x012D, 86 }, // U+012D
    { 0x012E, 12 }, // U+012E
    { 0x012F, 48 }, // U+012F
    { 0x0130, 12 }, // U+0130
    { 0x0131, 48 }, // U+0131
    { 0x0133, 48 }, // U+0133
    { 0x0134, 30 }, // U+0134
    { 0x0135, 87 }, // U+0135
    { 0x0136, 31 }, // U+0136
    { 0x0137, 49 }, // U+0137
    { 0x0138, 49 }, // U+0138
    { 0x0139, 88 }, // U+0139
    { 0x013A, 89 }, // U+013A
    { 0x013B, 32 }, // U+013B
    { 0x013C, 12 }, // U+013C
    { 0x013D, 90 }, // U+013D
    { 0x013E, 12 }, // U+013E
    { 0x013F, 91 }, // U+013F
    { 0x0140, 92 }, // U+0140
    { 0x0141, 93 }, // U+0141
    { 0x0142, 94 }, // U+0142
    { 0x0143, 12 }, // U+0143
    { 0x0144, 44 }, // U+0144
    { 0x0145, 12 }, // U+0145
    { 0x0146, 44 }, // U+0146
    { 0x0147, 12 }, // U+0147
    { 0x0148, 44 }, // U+0148
    { 0x014A, 12 }, // U+014A
    { 0x014C, 23 }, // U+014C
    { 0x014D, 45 }, // U+014D
    { 0x014E, 23 }, // U+014E
    { 0x014F, 45 }, // U+014F
    { 0x0150, 23 }, // U+0150
    { 0x0151, 45 }, // U+0151
    { 0x0152, 27 }, // U+0152
    { 0x0153, 45 }, // U+0153
    { 0x0154, 34 }, // U+0154
    { 0x0155, 50 }, // U+0155
    { 0x0156, 34 }, // U+0156
    { 0x0157, 50 }, // U+0157
    { 0x0158, 34 }, // U+0158
    { 0x0159, 50 }, // U+0159
    { 0x015A, 2 }, // U+015A
    { 0x015B, 51 }, // U+015B
    { 0x015C, 2 }, // U+015C
    { 0x015D, 51 }, // U+015D
    { 0x015E, 2 }, // U+015E
    { 0x015F, 51 }, // U+015F
    { 0x0160, 2 }, // U+0160
    { 0x0161, 51 }, // U+0161
    { 0x0162, 95 }, // U+0162
    { 0x0163, 52 }, // U+0163
    { 0x0164, 96 }, // U+0164
    { 0x0165, 52 }, // U+0165
    { 0x0166, 97 }, // U+0166
    { 0x0167, 52 }, // U+0167
    { 0x0168, 30 }, // U+0168
    { 0x0169, 53 }, // U+0169
    { 0x016A, 30 }, // U+016A
    { 0x016B, 53 }, // U+016B
    { 0x016C, 30 }, // U+016C
    { 0x016D, 53 }, // U+016D
    { 0x016E, 30 }, // U+016E
    { 0x016F, 53 }, // U+016F
    { 0x0170, 30 }, // U+0170
    { 0x0171, 53 }, // U+0171
    { 0x0172, 30 }, // U+0172
    { 0x0173, 53 }, // U+0173
    { 0x0174, 37 }, // U+0174
    { 0x0175, 55 }, // U+0175
    { 0x0176, 39 }, // U+0176
    { 0x0177, 54 }, // U+0177
    { 0x0178, 39 }, // U+0178
    { 0x0179, 40 }, // U+0179
    { 0x017A, 57 }, // U+017A
    { 0x017B, 40 }, // U+017B
    { 0x017C, 57 }, // U+017C
    { 0x017D, 40 }, // U+017D
    { 0x017E, 57 }, // U+017E
    { 0x017F, 98 }, // U+017F
    { 0x01C5, 99 }, // U+01C5
    { 0x01C6, 57 }, // U+01C6
    { 0x01C8, 48 }, // U+01C8
    { 0x01C9, 48 }, // U+01C9
    { 0x01CB, 48 }, // U+01CB
    { 0x01CC, 48 }, // U+01CC
    { 0x01CD, 24 }, // U+01CD
    { 0x01CE, 44 }, // U+01CE
    { 0x01CF, 89 }, // U+01CF
    { 0x01D0, 100 }, // U+01D0
    { 0x01D1, 23 }, // U+01D1
    { 0x01D2, 45 }, // U+01D2
    { 0x01D3, 30 }, // U+01D3
    { 0x01D4, 53 }, // U+01D4
    { 0x01D5, 30 }, // U+01D5
    { 0x01D6, 53 }, // U+01D6
    { 0x01D7, 30 }, // U+01D7
    { 0x01D8, 53 }, // U+01D8
    { 0x01D9, 30 }, // U+01D9
    { 0x01DA, 53 }, // U+01DA
    { 0x01DB, 30 }, // U+01DB
    { 0x01DC, 53 }, // U+01DC
    { 0x01DD, 101 }, // U+01DD
    { 0x01DE, 24 }, // U+01DE
    { 0x01DF, 44 }, // U+01DF
    { 0x01E0, 24 }, // U+01E0
    { 0x01E1, 44 }, // U+01E1
    { 0x01E2, 27 }, // U+01E2
    { 0x01E3, 76 }, // U+01E3
    { 0x01E4, 29 }, // U+01E4
    { 0x01E5, 47 }, // U+01E5
    { 0x01E6, 29 }, // U+01E6
    { 0x01E7, 47 }, // U+01E7
    { 0x01E8, 31 }, // U+01E8
    { 0x01E9, 49 }, // U+01E9
    { 0x01EA, 23 }, // U+01EA
    { 0x01EB, 45 }, // U+01EB
    { 0x01EC, 23 }, // U+01EC
    { 0x01ED, 45 }, // U+01ED
    { 0x01F0, 48 }, // U+01F0
    { 0x01F1, 102 }, // U+01F1
    { 0x01F2, 57 }, // U+01F2
    { 0x01F3, 57 }, // U+01F3
    { 0x01F4, 29 }, // U+01F4
    { 0x01F5, 47 }, // U+01F5
    { 0x01F6, 103 }, // U+01F6
    { 0x01F8, 12 }, // U+01F8
    { 0x01F9, 44 }, // U+01F9
    { 0x01FA, 24 }, // U+01FA
    { 0x01FB, 44 }, // U+01FB
    { 0x01FC, 27 }, // U+01FC
    { 0x01FD, 76 }, // U+01FD
    { 0x01FE, 23 }, // U+01FE
    { 0x01FF, 45 }, // U+01FF
    { 0x0200, 24 }, // U+0200
    { 0x0201, 44 }, // U+0201
    { 0x0202, 24 }, // U+0202
    { 0x0203, 44 }, // U+0203
    { 0x0204, 27 }, // U+0204
    { 0x0205, 45 }, // U+0205
    { 0x0206, 27 }, // U+0206
    { 0x0207, 45 }, // U+0207
    { 0x0208, 104 }, // U+0208
    { 0x0209, 105 }, // U+0209
    { 0x020A, 72 }, // U+020A
    { 0x020B, 106 }, // U+020B
    { 0x020C, 23 }, // U+020C
    { 0x020D, 45 }, // U+020D
    { 0x020E, 23 }, // U+020E
    { 0x020F, 45 }, // U+020F
    { 0x0210, 34 }, // U+0210
    { 0x0211, 50 }, // U+0211
    { 0x0212, 34 }, // U+0212
    { 0x0213, 50 }, // U+0213
    { 0x0214, 30 }, // U+0214
    { 0x0215, 53 }, // U+0215
    { 0x0216, 30 }, // U+0216
    { 0x0217, 53 }, // U+0217
    { 0x0218, 2 }, // U+0218
    { 0x0219, 51 }, // U+0219
    { 0x021A, 35 }, // U+021A
    { 0x021B, 52 }, // U+021B
    { 0x021E, 12 }, // U+021E
    { 0x021F, 44 }, // U+021F
    { 0x2018, 107 }, // U+2018
    { 0x2019, 108 }, // U+2019
    { 0x201A, 109 }, // U+201A
    { 0x201C, 107 }, // U+201C
    { 0x201D, 108 }, // U+201D
    { 0x201E, 109 }, // U+201E
    { 0x2020, 61 }, // U+2020
    { 0x2021, 61 }, // U+2021
    { 0x2022, 110 }, // U+2022
    { 0x2023, 110 }, // U+2023
    { 0x2026, 111 }, // U+2026
    { 0x2034, 108 }, // U+2034
    { 0x2039, 62 }, // U+2039
    { 0x203A, 70 }, // U+203A
    { 0x203D, 22 }, // U+203D
    { 0x2043, 110 }, // U+2043
    { 0x204B, 33 }, // U+204B
    { 0x204C, 44 }, // U+204C
    { 0x204D, 110 }, // U+204D
    { 0x204F, 19 }, // U+204F
    { 0x2070, 66 }, // U+2070
    { 0x2071, 112 }, // U+2071
    { 0x2074, 113 }, // U+2074
    { 0x2075, 66 }, // U+2075
    { 0x2076, 66 }, // U+2076
    { 0x2077, 114 }, // U+2077
    { 0x2078, 66 }, // U+2078
    { 0x2079, 66 }, // U+2079
    { 0x207A, 115 }, // U+207A
    { 0x207B, 115 }, // U+207B
    { 0x207D, 116 }, // U+207D
    { 0x2080, 117 }, // U+2080
    { 0x2081, 117 }, // U+2081
    { 0x2082, 117 }, // U+2082
    { 0x2083, 117 }, // U+2083
    { 0x2084, 117 }, // U+2084
    { 0x2085, 118 }, // U+2085
    { 0x2086, 117 }, // U+2086
    { 0x2087, 119 }, // U+2087
    { 0x2088, 117 }, // U+2088
    { 0x2089, 117 }, // U+2089
    { 0x208A, 117 }, // U+208A
    { 0x208B, 117 }, // U+208B
    { 0x208C, 117 }, // U+208C
    { 0x208D, 117 }, // U+208D
    { 0x208E, 117 }, // U+208E
    { 0x2090, 117 }, // U+2090
    { 0x2091, 117 }, // U+2091
    { 0x2092, 117 }, // U+2092
    { 0x2093, 117 }, // U+2093
    { 0x2095, 117 }, // U+2095
    { 0x2096, 117 }, // U+2096
    { 0x2097, 117 }, // U+2097
    { 0x2098, 117 }, // U+2098
    { 0x2099, 117 }, // U+2099
    { 0x209A, 117 }, // U+209A
    { 0x209B, 117 }, // U+209B
    { 0x209C, 117 }, // U+209C
    { 0x20A1, 26 }, // U+20A1
    { 0x20A7, 52 }, // U+20A7
    { 0x20A8, 51 }, // U+20A8
    { 0x20A9, 120 }, // U+20A9
    { 0x20AC, 121 }, // U+20AC
    { 0x20AF, 45 }, // U+20AF
    { 0x20B2, 29 }, // U+20B2
    { 0x20B5, 26 }, // U+20B5
    { 0x20BD, 122 }, // U+20BD
    { 0x20BF, 25 }, // U+20BF
    { 0x2190, 8 }, // U+2190
    { 0x21D0, 20 }, // U+21D0
    { 0x2206, 24 }, // U+2206
    { 0x2212, 8 }, // U+2212
    { 0x221E, 91 }, // U+221E
    { 0x2248, 20 }, // U+2248
    { 0x2260, 20 }, // U+2260
    { 0x2264, 20 }, // U+2264
    { 0x2265, 20 }, // U+2265
};

static const EpdKernClassEntry inter_10_boldKernRightClasses[] = {
    { 0x0020, 1 }, // U+0020
    { 0x0021, 2 }, // !
    { 0x0022, 3 }, // "
    { 0x0023, 4 }, // #
    { 0x0024, 5 }, // $
    { 0x0025, 6 }, // %
    { 0x0026, 7 }, // &
    { 0x0027, 3 }, // '
    { 0x0028, 8 }, // (
    { 0x0029, 9 }, // )
    { 0x002A, 10 }, // *
    { 0x002B, 11 }, // +
    { 0x002C, 12 }, // ,
    { 0x002D, 13 }, // -
    { 0x002E, 14 }, // .
    { 0x002F, 15 }, // /
    { 0x0030, 16 }, // 0
    { 0x0031, 17 }, // 1
    { 0x0032, 18 }, // 2
    { 0x0033, 19 }, // 3
    { 0x0034, 20 }, // 4
    { 0x0035, 21 }, // 5
    { 0x0036, 16 }, // 6
    { 0x0037, 22 }, // 7
    { 0x0038, 23 }, // 8
    { 0x0039, 24 }, // 9
    { 0x003A, 25 }, // :
    { 0x003B, 25 }, // ;
    { 0x003C, 26 }, // <
    { 0x003D, 27 }, // =
    { 0x003F, 28 }, // ?
    { 0x0040, 29 }, // @
    { 0x0041, 30 }, // A
    { 0x0042, 31 }, // B
    { 0x0043, 32 }, // C
    { 0x0044, 31 }, // D
    { 0x0045, 31 }, // E
    { 0x0046, 31 }, // F
    { 0x0047, 32 }, // G
    { 0x0048, 31 }, // H
    { 0x0049, 31 }, // I
    { 0x004A, 33 }, // J
    { 0x004B, 31 }, // K
    { 0x004C, 31 }, // L
    { 0x004D, 31 }, // M
    { 0x004E, 31 }, // N
    { 0x004F, 32 }, // O
    { 0x0050, 31 }, // P
    { 0x0051, 32 }, // Q
    { 0x0052, 31 }, // R
    { 0x0053, 5 }, // S
    { 0x0054, 34 }, // T
    { 0x0055, 35 }, // U
    { 0x0056, 36 }, // V
    { 0x0057, 37 }, // W
    { 0x0058, 38 }, // X
    { 0x0059, 39 }, // Y
    { 0x005A, 40 }, // Z
    { 0x005B, 8 }, // [
    { 0x005C, 36 }, // <backslash>
    { 0x005D, 9 }, // ]
    { 0x005E, 41 }, // ^
    { 0x005F, 42 }, // _
    { 0x0061, 43 }, // a
    { 0x0062, 31 }, // b
    { 0x0063, 44 }, // c
    { 0x0064, 44 }, // d
    { 0x0065, 44 }, // e
    { 0x0066, 45 }, // f
    { 0x0067, 44 }, // g
    { 0x0068, 31 }, // h
    { 0x0069, 46 }, // i
    { 0x006A, 47 }, // j
    { 0x006B, 31 }, // k
    { 0x006C, 31 }, // l
    { 0x006D, 48 }, // m
    { 0x006E, 48 }, // n
    { 0x006F, 44 }, // o
    { 0x0070, 48 }, // p
    { 0x0071, 44 }, // q
    { 0x0072, 48 }, // r
    { 0x0073, 49 }, // s
    { 0x0074, 50 }, // t
    { 0x0075, 51 }, // u
    { 0x0076, 52 }, // v
    { 0x0077, 53 }, // w
    { 0x0078, 54 }, // x
    { 0x0079, 52 }, // y
    { 0x007A, 55 }, // z
    { 0x007B, 8 }, // {
    { 0x007C, 31 }, // |
    { 0x007D, 9 }, // }
    { 0x007E, 56 }, // ~
    { 0x00A2, 44 }, // U+00A2
    { 0x00A5, 57 }, // U+00A5
    { 0x00A9, 32 }, // U+00A9
    { 0x00AA, 58 }, // U+00AA
    { 0x00AB, 59 }, // U+00AB
    { 0x00AC, 60 }, // U+00AC
    { 0x00AE, 61 }, // U+00AE
    { 0x00B0, 62 }, // U+00B0
    { 0x00B1, 27 }, // U+00B1
    { 0x00B2, 63 }, // U+00B2
    { 0x00B5, 64 }, // U+00B5
    { 0x00B6, 65 }, // U+00B6
    { 0x00B7, 66 }, // U+00B7
    { 0x00B9, 67 }, // U+00B9
    { 0x00BA, 58 }, // U+00BA
    { 0x00BB, 68 }, // U+00BB
    { 0x00BF, 69 }, // U+00BF
    { 0x00C0, 30 }, // U+00C0
    { 0x00C1, 30 }, // U+00C1
    { 0x00C2, 30 }, // U+00C2
    { 0x00C3, 30 }, // U+00C3
    { 0x00C4, 30 }, // U+00C4
    { 0x00C5, 30 }, // U+00C5
    { 0x00C6, 30 }, // U+00C6
    { 0x00C7, 32 }, // U+00C7
    { 0x00C8, 31 }, // U+00C8
    { 0x00C9, 31 }, // U+00C9
    { 0x00CA, 31 }, // U+00CA
    { 0x00CB, 31 }, // U+00CB
    { 0x00CC, 31 }, // U+00CC
    { 0x00CD, 31 }, // U+00CD
    { 0x00CE, 70 }, // U+00CE
    { 0x00CF, 70 }, // U+00CF
    { 0x00D0, 71 }, // U+00D0
    { 0x00D1, 31 }, // U+00D1
    { 0x00D2, 32 }, // U+00D2
    { 0x00D3, 32 }, // U+00D3
    { 0x00D4, 32 }, // U+00D4
    { 0x00D5, 32 }, // U+00D5
    { 0x00D6, 32 }, // U+00D6
    { 0x00D7, 72 }, // U+00D7
    { 0x00D8, 32 }, // U+00D8
    { 0x00D9, 35 }, // U+00D9
    { 0x00DA, 35 }, // U+00DA
    { 0x00DB, 35 }, // U+00DB
    { 0x00DC, 35 }, // U+00DC
    { 0x00DD, 39 }, // U+00DD
    { 0x00DE, 31 }, // U+00DE
    { 0x00DF, 31 }, // U+00DF
    { 0x00E0, 43 }, // U+00E0
    { 0x00E1, 43 }, // U+00E1
    { 0x00E2, 43 }, // U+00E2
    { 0x00E3, 73 }, // U+00E3
    { 0x00E4, 74 }, // U+00E4
    { 0x00E5, 43 }, // U+00E5
    { 0x00E6, 43 }, // U+00E6
    { 0x00E7, 44 }, // U+00E7
    { 0x00E8, 44 }, // U+00E8
    { 0x00E9, 44 }, // U+00E9
    { 0x00EA, 44 }, // U+00EA
    { 0x00EB, 75 }, // U+00EB
    { 0x00EC, 76 }, // U+00EC
    { 0x00ED, 77 }, // U+00ED
    { 0x00EE, 78 }, // U+00EE
    { 0x00EF, 79 }, // U+00EF
    { 0x00F0, 44 }, // U+00F0
    { 0x00F1, 48 }, // U+00F1
    { 0x00F2, 44 }, // U+00F2
    { 0x00F3, 44 }, // U+00F3
    { 0x00F4, 44 }, // U+00F4
    { 0x00F5, 80 }, // U+00F5
    { 0x00F6, 75 }, // U+00F6
    { 0x00F7, 11 }, // U+00F7
    { 0x00F8, 44 }, // U+00F8
    { 0x00F9, 51 }, // U+00F9
    { 0x00FA, 51 }, // U+00FA
    { 0x00FB, 51 }, // U+00FB
    { 0x00FC, 81 }, // U+00FC
    { 0x00FD, 52 }, // U+00FD
    { 0x00FE, 31 }, // U+00FE
    { 0x00FF, 82 }, // U+00FF
    { 0x0100, 30 }, // U+0100
    { 0x0101, 83 }, // U+0101
    { 0x0102, 30 }, // U+0102
    { 0x0103, 43 }, // U+0103
    { 0x0104, 30 }, // U+0104
    { 0x0105, 43 }, // U+0105
    { 0x0106, 32 }, // U+0106
    { 0x0107, 44 }, // U+0107
    { 0x0108, 32 }, // U+0108
    { 0x0109, 44 }, // U+0109
    { 0x010A, 32 }, // U+010A
    { 0x010B, 44 }, // U+010B
    { 0x010C, 32 }, // U+010C
    { 0x010D, 44 }, // U+010D
    { 0x010E, 31 }, // U+010E
    { 0x010F, 44 }, // U+010F
    { 0x0110, 84 }, // U+0110
    { 0x0111, 44 }, // U+0111
    { 0x0112, 31 }, // U+0112
    { 0x0113, 44 }, // U+0113
    { 0x0114, 31 }, // U+0114
    { 0x0115, 44 }, // U+0115
    { 0x0116, 31 }, // U+0116
    { 0x0117, 44 }, // U+0117
    { 0x0118, 31 }, // U+0118
    { 0x0119, 44 }, // U+0119
    { 0x011A, 31 }, // U+011A
    { 0x011B, 44 }, // U+011B
    { 0x011C, 32 }, // U+011C
    { 0x011D, 44 }, // U+011D
    { 0x011E, 32 }, // U+011E
    { 0x011F, 44 }, // U+011F
    { 0x0120, 32 }, // U+0120
    { 0x0121, 44 }, // U+0121
    { 0x0122, 32 }, // U+0122
    { 0x0123, 44 }, // U+0123
    { 0x0124, 31 }, // U+0124
    { 0x0125, 31 }, // U+0125
    { 0x0126, 31 }, // U+0126
    { 0x0127, 85 }, // U+0127
    { 0x0128, 70 }, // U+0128
    { 0x0129, 86 }, // U+0129
    { 0x012A, 70 }, // U+012A
    { 0x012B, 87 }, // U+012B
    { 0x012C, 70 }, // U+012C
    { 0x012D, 79 }, // U+012D
    { 0x012E, 31 }, // U+012E
    { 0x012F, 46 }, // U+012F
    { 0x0130, 31 }, // U+0130
    { 0x0131, 46 }, // U+0131
    { 0x0133, 46 }, // U+0133
    { 0x0134, 33 }, // U+0134
    { 0x0135, 88 }, // U+0135
    { 0x0136, 31 }, // U+0136
    { 0x0137, 31 }, // U+0137
    { 0x0138, 48 }, // U+0138
    { 0x0139, 31 }, // U+0139
    { 0x013A, 31 }, // U+013A
    { 0x013B, 31 }, // U+013B
    { 0x013C, 31 }, // U+013C
    { 0x013D, 31 }, // U+013D
    { 0x013E, 31 }, // U+013E
    { 0x0140, 31 }, // U+0140
    { 0x0141, 31 }, // U+0141
    { 0x0142, 31 }, // U+0142
    { 0x0143, 31 }, // U+0143
    { 0x0144, 48 }, // U+0144
    { 0x0145, 31 }, // U+0145
    { 0x0146, 48 }, // U+0146
    { 0x0147, 31 }, // U+0147
    { 0x0148, 48 }, // U+0148
    { 0x014A, 31 }, // U+014A
    { 0x014B, 48 }, // U+014B
    { 0x014C, 32 }, // U+014C
    { 0x014D, 89 }, // U+014D
    { 0x014E, 32 }, // U+014E
    { 0x014F, 44 }, // U+014F
    { 0x0150, 32 }, // U+0150
    { 0x0151, 44 }, // U+0151
    { 0x0152, 32 }, // U+0152
    { 0x0153, 44 }, // U+0153
    { 0x0154, 31 }, // U+0154
    { 0x0155, 48 }, // U+0155
    { 0x0156, 31 }, // U+0156
    { 0x0157, 48 }, // U+0157
    { 0x0158, 31 }, // U+0158
    { 0x0159, 48 }, // U+0159
    { 0x015A, 5 }, // U+015A
    { 0x015B, 49 }, // U+015B
    { 0x015C, 5 }, // U+015C
    { 0x015D, 49 }, // U+015D
    { 0x015E, 5 }, // U+015E
    { 0x015F, 49 }, // U+015F
    { 0x0160, 5 }, // U+0160
    { 0x0161, 49 }, // U+0161
    { 0x0162, 90 }, // U+0162
    { 0x0163, 50 }, // U+0163
    { 0x0164, 91 }, // U+0164
    { 0x0165, 50 }, // U+0165
    { 0x0166, 92 }, // U+0166
    { 0x0167, 50 }, // U+0167
    { 0x0168, 35 }, // U+0168
    { 0x0169, 93 }, // U+0169
    { 0x016A, 35 }, // U+016A
    { 0x016B, 51 }, // U+016B
    { 0x016C, 35 }, // U+016C
    { 0x016D, 51 }, // U+016D
    { 0x016E, 35 }, // U+016E
    { 0x016F, 51 }, // U+016F
    { 0x0170, 35 }, // U+0170
    { 0x0171, 51 }, // U+0171
    { 0x0172, 35 }, // U+0172
    { 0x0173, 51 }, // U+0173
    { 0x0174, 37 }, // U+0174
    { 0x0175, 53 }, // U+0175
    { 0x0176, 39 }, // U+0176
    { 0x0177, 52 }, // U+0177
    { 0x0178, 39 }, // U+0178
    { 0x0179, 40 }, // U+0179
    { 0x017A, 55 }, // U+017A
    { 0x017B, 40 }, // U+017B
    { 0x017C, 55 }, // U+017C
    { 0x017D, 40 }, // U+017D
    { 0x017E, 55 }, // U+017E
    { 0x017F, 31 }, // U+017F
    { 0x01C5, 94 }, // U+01C5
    { 0x01C6, 44 }, // U+01C6
    { 0x01C8, 31 }, // U+01C8
    { 0x01C9, 31 }, // U+01C9
    { 0x01CB, 31 }, // U+01CB
    { 0x01CC, 48 }, // U+01CC
    { 0x01CD, 30 }, // U+01CD
    { 0x01CE, 43 }, // U+01CE
    { 0x01CF, 31 }, // U+01CF
    { 0x01D0, 95 }, // U+01D0
    { 0x01D1, 32 }, // U+01D1
    { 0x01D2, 44 }, // U+01D2
    { 0x01D3, 35 }, // U+01D3
    { 0x01D4, 51 }, // U+01D4
    { 0x01D5, 35 }, // U+01D5
    { 0x01D6, 51 }, // U+01D6
    { 0x01D7, 35 }, // U+01D7
    { 0x01D8, 51 }, // U+01D8
    { 0x01D9, 35 }, // U+01D9
    { 0x01DA, 51 }, // U+01DA
    { 0x01DB, 35 }, // U+01DB
    { 0x01DC, 51 }, // U+01DC
    { 0x01DD, 89 }, // U+01DD
    { 0x01DE, 30 }, // U+01DE
    { 0x01DF, 43 }, // U+01DF
    { 0x01E0, 30 }, // U+01E0
    { 0x01E1, 43 }, // U+01E1
    { 0x01E2, 30 }, // U+01E2
    { 0x01E3, 43 }, // U+01E3
    { 0x01E4, 32 }, // U+01E4
    { 0x01E5, 44 }, // U+01E5
    { 0x01E6, 32 }, // U+01E6
    { 0x01E7, 44 }, // U+01E7
    { 0x01E8, 31 }, // U+01E8
    { 0x01E9, 31 }, // U+01E9
    { 0x01EA, 32 }, // U+01EA
    { 0x01EB, 44 }, // U+01EB
    { 0x01EC, 32 }, // U+01EC
    { 0x01ED, 44 }, // U+01ED
    { 0x01EF, 50 }, // U+01EF
    { 0x01F0, 47 }, // U+01F0
    { 0x01F2, 31 }, // U+01F2
    { 0x01F3, 89 }, // U+01F3
    { 0x01F4, 32 }, // U+01F4
    { 0x01F5, 44 }, // U+01F5
    { 0x01F6, 94 }, // U+01F6
    { 0x01F8, 31 }, // U+01F8
    { 0x01F9, 48 }, // U+01F9
    { 0x01FA, 30 }, // U+01FA
    { 0x01FB, 43 }, // U+01FB
    { 0x01FC, 30 }, // U+01FC
    { 0x01FD, 43 }, // U+01FD
    { 0x01FE, 32 }, // U+01FE
    { 0x01FF, 44 }, // U+01FF
    { 0x0200, 30 }, // U+0200
    { 0x0201, 43 }, // U+0201
    { 0x0202, 30 }, // U+0202
    { 0x0203, 43 }, // U+0203
    { 0x0204, 31 }, // U+0204
    { 0x0205, 44 }, // U+0205
    { 0x0206, 31 }, // U+0206
    { 0x0207, 44 }, // U+0207
    { 0x0208, 70 }, // U+0208
    { 0x0209, 96 }, // U+0209
    { 0x020A, 70 }, // U+020A
    { 0x020B, 97 }, // U+020B
    { 0x020C, 32 }, // U+020C
    { 0x020D, 44 }, // U+020D
    { 0x020E, 32 }, // U+020E
    { 0x020F, 44 }, // U+020F
    { 0x0210, 31 }, // U+0210
    { 0x0211, 48 }, // U+0211
    { 0x0212, 31 }, // U+0212
    { 0x0213, 48 }, // U+0213
    { 0x0214, 35 }, // U+0214
    { 0x0215, 51 }, // U+0215
    { 0x0216, 35 }, // U+0216
    { 0x0217, 51 }, // U+0217
    { 0x0218, 5 }, // U+0218
    { 0x0219, 49 }, // U+0219
    { 0x021A, 34 }, // U+021A
    { 0x021B, 50 }, // U+021B
    { 0x021E, 31 }, // U+021E
    { 0x021F, 31 }, // U+021F
    { 0x2018, 98 }, // U+2018
    { 0x2019, 99 }, // U+2019
    { 0x201A, 100 }, // U+201A
    { 0x201B, 101 }, // U+201B
    { 0x201C, 98 }, // U+201C
    { 0x201D, 99 }, // U+201D
    { 0x201E, 100 }, // U+201E
    { 0x201F, 102 }, // U+201F
    { 0x2020, 58 }, // U+2020
    { 0x2021, 58 }, // U+2021
    { 0x2022, 103 }, // U+2022
    { 0x2023, 103 }, // U+2023
    { 0x2026, 104 }, // U+2026
    { 0x2034, 105 }, // U+2034
    { 0x2039, 59 }, // U+2039
    { 0x203A, 68 }, // U+203A
    { 0x203D, 28 }, // U+203D
    { 0x2043, 103 }, // U+2043
    { 0x2044, 106 }, // U+2044
    { 0x204A, 50 }, // U+204A
    { 0x204B, 31 }, // U+204B
    { 0x204C, 103 }, // U+204C
    { 0x204D, 48 }, // U+204D
    { 0x204F, 25 }, // U+204F
    { 0x2074, 107 }, // U+2074
    { 0x2077, 108 }, // U+2077
    { 0x2079, 109 }, // U+2079
    { 0x207E, 110 }, // U+207E
    { 0x207F, 111 }, // U+207F
    { 0x2080, 112 }, // U+2080
    { 0x2081, 112 }, // U+2081
    { 0x2082, 112 }, // U+2082
    { 0x2083, 112 }, // U+2083
    { 0x2084, 113 }, // U+2084
    { 0x2086, 112 }, // U+2086
    { 0x2087, 114 }, // U+2087
    { 0x2088, 112 }, // U+2088
    { 0x2089, 112 }, // U+2089
    { 0x208A, 112 }, // U+208A
    { 0x208B, 112 }, // U+208B
    { 0x208C, 112 }, // U+208C
    { 0x208D, 112 }, // U+208D
    { 0x208E, 112 }, // U+208E
    { 0x2091, 112 }, // U+2091
    { 0x2092, 112 }, // U+2092
    { 0x2093, 112 }, // U+2093
    { 0x2095, 112 }, // U+2095
    { 0x2096, 112 }, // U+2096
    { 0x2097, 112 }, // U+2097
    { 0x2098, 112 }, // U+2098
    { 0x2099, 112 }, // U+2099
    { 0x209A, 112 }, // U+209A
    { 0x209B, 112 }, // U+209B
    { 0x209C, 112 }, // U+209C
    { 0x20A1, 32 }, // U+20A1
    { 0x20A7, 31 }, // U+20A7
    { 0x20A8, 31 }, // U+20A8
    { 0x20A9, 57 }, // U+20A9
    { 0x20AB, 44 }, // U+20AB
    { 0x20B2, 32 }, // U+20B2
    { 0x20B4, 115 }, // U+20B4
    { 0x20B5, 32 }, // U+20B5
    { 0x20B8, 116 }, // U+20B8
    { 0x20BF, 31 }, // U+20BF
    { 0x2192, 11 }, // U+2192
    { 0x21D2, 27 }, // U+21D2
    { 0x2206, 30 }, // U+2206
    { 0x2212, 11 }, // U+2212
    { 0x221E, 117 }, // U+221E
    { 0x222B, 47 }, // U+222B
    { 0x2236, 25 }, // U+2236
    { 0x2248, 27 }, // U+2248
    { 0x2260, 27 }, // U+2260
    { 0x2264, 27 }, // U+2264
    { 0x2265, 27 }, // U+2265
};

static const int8_t inter_10_boldKernMatrix[] = {
       0,    0,    0,    0,    0,    0,  -11,    0,    0,    0,    0,  -30,    0,  -30,    0,    0,    0,    0,    0,  -21,    0,    0,    0,    0,    0,    0,    0,    0,    0,  -26,    0,    0,  -55,    0,    0,    0,    0,    0,    0,    0,    0,    0,    0,   -8,    0,    0,    0,    0,   -4,    0,    0,    0,    0,    0,    0,    0,    0,    0,    0,    0,    0,    0,    0,    0,    0,    0,    0,    0,    0,    0,    0,    0,    0,    0,   -8,    0,    0,    0,    0,   -8,    0,    0,    0,    0,    0,    0,    0,    0,   -8,    0,    0,    0,    0,    0,    0,    0,    0,    0,    0,    0,    0,    0,    0,  -30,    0,    0,    0,    0,    0,    0,    0,    0,    0,    0,    0,    0,    0,
       0,    0,    0,    0,    0,    0,    0,    0,    0,    0,    0,    0,    0,    0,    0,    0,    0,    0,    0,    0,    0,   -1,    0,    0,    0,    0,    0,    0,    0,   -5,    0,    0,    0,   -3,    0,    0,    0,   -5,    0,    0,    0,    0,    0,    0,    0,    0,    0,    0,    0,    0,    0,    0,    0,    0,    0,    0,    0,    0,    0,    0,    0,    0,    0,    0,    0,    0,    0,    0,    0,    0,    0,    0,    0,    0,    0,    0,    0,    0,   15,    0,    0,    0,    0,    0,    0,   15,   15,    0,    0,   -3,   -3,   -3,    0,    0,    0,    0,   15,    0,    0,    0,    0,    0,    0,    0,    0,    0,    0,    0,    0,    0,    0,    0,  -21,    0,    0,    0,    0,
       0,    0,    0,    0,    0,    0,    0,    0,    0,    0,    0,    0,    0,    0,    0,    0,    0,    0,    0,    0,    0,    0,    0,    0,    0,    0,    0,    0,    0,    0,    0,    0,    0,    0,    0,    0,    0,    0,    0,    0,    0,    0,    0,    0,    0,    0,    0,    0,    0,    0,    0,    0,    0,    0,    0,    0,    0,    0,    0,    0,    0,    0,    0,    0,    0,    0,    0,    0,    0,    0,    0,    0,    0,    0,    0,    0,    0,    0,    0,    0,    0,    0,    0,    0,    0,    0,    0,    0,    0,    0,    0,    0,    0,    0,    0,    0,    0,  -21,  -23,    0,    0,    0,    0,    0,  -23,    0,    0,    0,    0,    0,    0,    0,    0,    0,    0,    0,    0,
       0,    0,  -11,    0,    0,    0,    0,    0,    0,    0,    0,    0,    0,    0,    0,    0,    0,    0,    0,    0,    0,    0,    0,    0,    0,    0,    0,    0,    0,    0,    0,    0,    0,  -19,    0,  -21,  -13,    0,  -25,    0,    0,    0,    0,    0,    0,    0,    0,    0,    0,    0,    0,  -11,  -11,    0,    0,    0,    0,  -13,    0,    0,   -7,    0,    0,    0,    0,    0,    0,    0,    0,    0,    0,    0,    0,    0,    0,    0,    0,    0,    0,    0,    0,  -11,    0,    0,    0,    0,    0,    0,    0,  -19,  -19,  -19,    0,    0,    0,    0,    0,  -30,    0,    0,    0,    0,    0,    0,    0,    0,    0,    0,    0,    0,    0,    0,    0,    0,    0,    0,    0,
       0,    0,    0,    0,    0,    0,    0,    0,    0,    0,    0,    0,    0,    0,    0,    0,    0,    0,    0,    0,    0,    0,    0,    0,    0,    0,    0,    0,    0,    0,    5,    0,    0,    0,    0,    0,    0,    0,    0,    0,    0,    0,    0,   -2,    0,    0,    4,    5,    0,    0,    0,    0,    0,    0,    0,    0,    0,    0,    0,    0,    0,    0,    0,    0,    0,    0,    0,    0,    0,    0,    0,    0,    0,    0,   -2,    0,    0,    0,    0,   -2,    0,    0,    0,    0,    5,    0,    0,    4,   -2,    0,    0,    0,    0,    5,    0,   37,    0,    0,    0,    0,    0,    0,    0,    0,    0,    0,    0,    0,    0,    0,    0,    0,    0,    0,    0,    0,    0,
       0,    0,    0,    0,    0,    0,    0,    0,    0,    0,    0,    0,    0,    0,    0,    0,    0,    0,    0,    0,    0,    0,    0,    0,    0,    0,    0,    0,    0,    0,    0,    0,    0,    0,    0,    0,    0,    0,    0,    0,    0,    0,    0,    0,    0,    0,    0,    0,    0,    0,    0,    0,    0,    0,    0,    0,    0,    0,    0,    0,    0,    0,    0,    0,    0,    0,    0,    0,    0,    0,    0,    0,    0,    0,    0,    0,    0,    0,    0,    0,    0,    0,    0,    0,    0,    0,    0,    0,    0,    0,    0,    0,    0,    0,    0,    7,    0,  -11,    0,    0,    0,    0,    0,    0,    0,    0,    0,    0,    0,    0,    0,    0,    0,    0,    0,    0,    0,
       0,    0,    0,    0,    0,    0,  -11,    0,    0,    0,    0,  -45,    0,  -45,    0,    0,    0,    0,    0,  -15,    0,    0,    0,    0,    0,    0,    0,    0,   -5,  -32,    0,   -5,  -32,    0,    0,    0,    0,    0,    0,    0,    0,  -23,    0,    0,    0,    0,    0,    0,    0,    0,    0,    0,    0,    0,    0,    0,    0,    0,    0,    0,    0,    0,    0,    0,    0,    0,    0,    0,    0,    0,    6,    0,    0,    0,    0,    0,    0,    0,    0,    0,    0,    0,    0,    0,    0,    0,    0,    0,    0,    0,    0,    0,    0,    0,    0,    0,    0,    0,    0,    0,    0,    0,    0,  -45,    0,    0,    0,    0,    0,    0,    0,    0,    0,    0,    0,    0,    0,
       0,    0,    0,    0,    0,    0,    0,    0,    0,    0,    0,    0,    0,    0,    0,    0,    0,   -7,   -2,    0,    0,   -9,    0,    0,    0,    0,    0,    0,    0,  -11,    0,    0,  -15,  -26,    0,  -15,   -9,  -14,  -21,    0,    0,    0,    0,    0,    0,    0,    0,    0,    0,    0,    0,   -1,    0,   -7,    0,    0,    0,    0,    0,    0,    0,    0,    0,    0,   -3,    0,    0,    0,    0,    0,    0,    0,    0,    0,    0,    0,    0,    0,    0,    0,    0,   -1,    0,    0,    0,    0,    0,    0,    0,  -45,  -45,  -26,    0,    0,    0,    0,    0,  -10,    0,    0,    0,    0,    0,    0,    0,    0,    0,    0,    0,    0,    0,    0,    0,    0,    0,    0,    0,
     -10,   -4,  -33,    0,    0,    0,    0,    0,    0,    0,    0,    0,    0,    0,    0,  -10,  -31,    0,   -7,    0,   -2,   -9,   -8,   -4,    0,    0,    0,  -34,  -15,    0,    0,  -15,    0,  -11,    0,    0,    0,    0,  -21,    0,    0,    0,    0,    0,    0,    0,    0,    0,    0,    0,    0,    0,    0,    0,    0,    0,    0,    0,    0,    0,    0,    0,    0,    0,  -20,    0,    0,    0,    0,    0,    0,    0,    0,    0,    0,    0,    0,    0,    0,    0,    0,    0,    0,    0,    0,    0,    0,    0,    0,  -11,  -11,  -11,    0,    0,    0,    0,    0,    0,  -32,    0,  -45,  -45,    0,    0,  -32,    0,    0,    0,    0,    0,    0,    0,    0,    0,    0,    0,    0,
       0,    0,    0,    0,    0,    0,    0,    0,    0,    0,    0,  -13,    0,  -13,    0,    0,    0,    0,    0,    0,    0,    0,    0,    0,    0,    0,    0,    0,    0,  -11,    0,    0,  -21,    0,    0,    3,    3,    0,    0,    0,    0,    0,    0,    0,    0,    0,    0,    0,    0,    0,    0,    0,    0,    0,    0,    0,    0,    0,    0,    0,    0,    0,    0,    0,    0,    0,    0,    0,    0,    0,    0,    0,    0,    0,    0,    0,    0,    0,    0,    0,    0,    0,    0,    0,    0,    0,    0,    0,    0,    0,    0,    0,    0,    0,    0,   17,    0,    0,    0,    0,    0,    0,    0,  -13,    0,    0,    0,    0,    0,    0,    0,    0,    0,    0,    0,    0,    0,
       0,    0,    0,    0,    0,    0,    0,    0,    0,    0,    0,  -10,    0,  -10,    0,    0,    0,    0,    0,    0,    0,   -7,    0,    0,    0,    0,    0,    0,    0,   -2,    0,    0,    0,    0,    0,  -10,    0,  -13,  -11,    0,    0,  -15,    0,    0,    0,    0,    0,    0,    0,    6,    0,    0,    0,    0,    0,    0,    0,    0,    0,    0,    0,    0,    0,    0,    0,    0,    0,    0,    0,    0,    0,    0,    0,    0,    0,    0,    0,    0,    0,    0,    0,    0,    0,    0,    0,    0,    0,    0,    0,    0,    0,    0,    0,    0,    0,    0,    0,  -15,    0,  -17,    0,    0,    0,  -10,    0,    0,    0,    0,    0,    0,    0,    0,    0,    0,    0,    0,    0,
       0,    0,    0,    0,    0,    0,    0,    0,    5,    0,    0,    0,    0,    0,    0,    0,    0,    0,    0,    0,    0,    0,    0,    0,    0,    0,    0,    0,    0,    0,    0,    0,    0,    0,    0,    0,    0,    0,    0,    0,    0,    5,    0,    0,    0,    0,    0,    0,    0,    4,    0,    3,    0,    0,    0,    0,    0,    0,    0,    0,    0,    0,    0,    0,    0,    0,    0,    0,    0,    0,   11,    0,    0,    0,    0,    0,    0,    0,   22,    0,    0,    3,    0,   12,    0,   22,   22,    0,    0,    0,    0,    0,    0,    0,    0,   13,   22,    0,    0,    0,    0,    0,    0,    0,    0,    0,    0,    0,    0,    0,    0,    0,    0,    0,    0,    0,    0,
       0,    0,    0,    0,    0,    0,    0,    0,    0,    0,    0,    0,    0,    0,    0,    0,    0,    0,    0,   -5,    0,    0,    0,    0,    0,    0,    0,    0,    0,    0,    0,    0,    0,    0,    0,    0,    0,    0,    0,    0,    0,    0,    0,    0,    0,    0,    0,    0,    0,    0,    0,    0,    0,    0,    0,    0,    0,    0,    0,    0,    0,    0,    0,    0,    0,    0,    0,    0,    0,    0,    0,    0,    0,    0,    0,    0,    0,    0,    0,    0,    0,    0,    0,    0,    0,    0,    0,    0,    0,    0,    0,    0,    0,    0,    0,    0,    0,    0,    0,    0,    0,    0,    0,    0,    0,    0,    0,    0,    0,    0,    0,    0,    0,    0,    0,    0,    0,
       0,    0,    0,    0,    0,    0,    0,    0,    0,   -3,    0,   -7,    0,   -7,    0,    0,    0,    0,    0,    0,    0,    0,    0,    0,    0,    0,    0,    0,    0,    0,    0,    0,    0,    0,    0,    0,    0,   -7,    0,    0,   -3,    0,    0,    0,    0,    0,    0,    0,    0,    0,    0,    0,    0,    0,    0,    0,    0,    0,  -11,    0,    0,   -3,    0,    0,    0,    0,    0,    0,    0,    0,    0,    0,    0,    0,    0,    0,    0,    0,    0,    0,    0,    0,    0,    0,    0,    0,    0,    0,    0,    0,    0,    0,    0,    0,    0,    0,    0,    0,    0,  -17,    0,    0,    0,   -7,    0,    0,    0,    0,    0,    0,    0,    0,    0,    0,    0,    0,    0,
       0,    0,    0,    0,    0,    0,    0,    0,    0,  -13,    0,  -11,    0,  -11,    0,    0,  -14,    0,    0,    0,    0,   -4,    0,    0,    0,    0,    0,    0,    0,    0,    0,    0,    0,    0,    0,    0,    0,    0,    0,    0,  -13,    0,    0,    0,    0,    0,    0,    0,    0,   -2,    0,    0,    0,    0,    0,    0,    0,    0,    0,    0,   -2,  -13,    0,    0,  -15,    0,    0,    0,    0,    0,    0,    0,    0,    0,    0,    0,    0,    0,    0,    0,    0,    0,    0,    0,    0,    0,    0,    0,    0,    0,    0,    0,    0,    0,    0,    0,    0,    0,    0,    0,    0,    0,    0,  -11,    0,    0,    0,    0,    0,    0,    0,    0,    0,    0,    0,    0,    0,
       0,    0,    0,    0,    0,    0,    0,    0,    0,   -3,    0,   -7,    0,   -7,    0,    0,   -1,    0,    0,    0,    0,    0,    0,    0,    0,    0,    0,    0,    0,    0,    0,    0,    0,    0,    0,    0,    0,    0,    0,    0,   -3,    0,    0,    0,    0,    0,    0,    0,    0,   -1,    0,    0,    0,    0,    0,    0,    0,    0,    0,    0,   -2,   -3,    0,    0,    0,    0,    0,    0,    0,    0,    0,    0,    0,    0,    0,    0,    0,    0,    0,    0,    0,    0,    0,    0,    0,    0,    0,    0,    0,    0,    0,    0,    0,    0,    0,    0,    0,    0,    0,    0,    0,    0,    0,   -7,    0,    0,    0,    0,    0,    0,    0,    0,    0,    0,    0,    0,    0,
       0,    0,    0,    0,    0,    0,    0,    0,    0,    0,    0,  -10,    0,  -10,    0,    0,    0,    0,    0,    0,    0,    0,    0,    0,    0,    0,    0,    0,    0,    0,    0,    0,    0,    0,    0,    0,    0,    0,    0,    0,    0,  -15,    0,    0,    0,    0,    0,    0,    0,    0,    0,    0,    0,    0,    0,    0,    0,    0,    0,    0,    0,    0,    0,    0,    0,    0,    0,    0,    0,    0,    0,    0,    0,    0,    0,    0,    0,    0,    0,    0,    0,    0,    0,    0,    0,    0,    0,    0,    0,    0,    0,    0,    0,    0,    0,    0,    0,    0,    0,  -15,    0,    0,    0,  -10,    0,    0,    0,    0,    0,    0,    0,    0,    0,    0,    0,    0,    0,
       0,    0,    0,  -19,    0,    1,  -15,    0,    0,    1,    0,  -42,    0,  -42,    0,   -5,    0,    0,   -6,  -19,   -3,    7,   -5,   -3,  -11,  -30,    0,    0,    0,  -36,    0,    0,  -32,    0,    0,    0,    0,    0,    0,    0,    1,  -53,  -15,  -17,    0,    0,    0,  -17,  -15,    0,    0,    0,    0,    0,    0,    0,    0,    0,  -21,    0,    0,    1,    0,    0,    0,    0,    0,    0,    0,    0,    0,    0,  -15,  -15,  -17,    0,    0,    0,   30,  -17,    0,    0,  -15,    0,    0,   30,   30,    0,  -17,    0,    0,    0,    0,    0,    0,    0,   30,    0,    0,  -47,    0,    0,    0,  -42,    0,    0,    0,    0,    0,    0,    0,    0,  -14,    0,    0,    0,    0,
       0,    0,    0,    0,    0,    0,    0,    0,    0,    0,    0,    0,    0,    0,    0,    0,    0,    0,    0,    0,    0,    0,    0,    0,    0,    0,    0,    0,    0,    0,    0,    0,    0,  -11,    0,  -21,    0,    0,    0,    0,    0,    0,    0,    0,    0,    0,    0,    0,    0,    0,    0,    0,    0,    0,    0,    0,    0,    0,    0,    0,    0,    0,    0,    0,    0,    0,    0,    0,    0,    0,    0,    0,    0,    0,    0,    0,    0,    0,    0,    0,    0,    0,    0,    0,    0,    0,    0,    0,    0,  -11,  -11,  -11,    0,    0,    0,    0,    0,  -15,    0,    0,    0,    0,    0,    0,    0,    0,    0,    0,    0,    0,    0,    0,    0,    0,    0,    0,    0,
       0,    0,    0,    0,    0,    0,    0,    0,    0,    0,    0,    0,    0,    0,    0,    0,    0,    0,    0,    0,    0,    0,    0,    0,    0,    0,    0,    0,    0,  -17,    0,    0,    0,  -15,    0,  -23,  -21,  -17,  -32,    0,    0,    0,    0,    0,    0,    0,    0,    0,    0,    0,    0,  -13,    0,  -11,    0,    0,    0,    0,    0,    0,    0,    0,    0,    0,    0,    0,    0,    0,    0,    0,    0,    0,    0,    0,    0,    0,    0,    0,    0,    0,    0,  -13,    0,    0,    0,    0,    0,    0,    0,  -15,  -15,  -15,    0,    0,    0,    0,    0,  -19,    0,    0,    0,    0,    0,    0,    0,    0,    0,    0,    0,    0,    0,    0,    0,    0,    0,  -13,    0,
       0,    0,    0,    0,    0,    0,    0,    0,    0,    0,    0,    0,    0,    0,    0,    0,    0,    0,    0,    0,    0,  -25,    0,    0,    0,    0,    0,    0,    0,  -13,    0,    0,    0,  -26,    0,  -25,  -25,  -19,  -30,  -21,    0,    0,    0,    0,    0,    0,    0,    0,    0,    0,    0,    0,    0,    0,    0,    0,    0,    0,    0,    0,    0,    0,    0,    0,    0,    0,    0,    0,    0,    0,    0,    0,    0,    0,    0,    0,    0,    0,    0,    0,    0,    0,    0,    0,    0,    0,    0,    0,    0,  -26,  -26,  -26,    0,    0,    0,    0,    0,  -32,    0,    0,    0,    0,    0,    0,    0,    0,    0,    0,    0,    0,    0,    0,    0,    0,    0,  -25,    0,
       0,    0,    0,    0,    0,    0,    0,    0,    0,    0,    0,    0,    0,    0,    0,    0,    0,    0,    0,    0,    0,    0,    0,    0,    0,    0,    0,    0,    0,  -21,    0,    0,    0,    0,    0,    0,    0,    0,    0,    0,    0,    0,    0,    0,    0,    0,    0,    0,    0,    0,    0,    0,    0,    0,    0,    0,    0,    0,    0,    0,    0,    0,    0,    0,    0,    0,    0,    0,    0,    0,    0,    0,    0,    0,    0,    0,    0,    0,    0,    0,    0,    0,    0,    0,    0,    0,    0,    0,    0,    0,    0,    0,    0,    0,    0,    0,    0,    0,    0,    0,    0,    0,    0,    0,    0,    0,    0,    0,    0,    0,    0,    0,    0,    0,    0,    0,    0,
       0,    0,    0,    0,    0,    0,    0,    0,    0,    0,    0,  -15,    0,  -15,  -13,    0,    0,    0,    0,    0,    0,    0,    0,    0,    0,    0,    0,    0,    0,  -14,    0,    0,    0,  -11,    0,  -14,   -9,  -18,  -15,    0,    0,  -13,    0,    0,    0,    0,    0,    0,    0,    0,    0,    0,    0,    0,    0,    0,    0,    0,    0,    0,   -2,    0,    0,    0,    0,    0,    0,    0,    0,    0,    0,    0,    0,    0,    0,    0,    0,    0,    0,    0,    0,    0,    0,    0,    0,    0,    0,    0,    0,  -11,  -11,  -11,    0,    0,    0,    8,    0,  -11,    0,  -13,    0,    0,    0,  -15,    0,    0,    0,    0,    0,    0,    0,  -13,  -34,    0,    0,    0,    0,
       0,    0,  -26,    0,   -5,    0,    0,    0,    0,  -32,  -11,    0,  -11,    0,    4,   -2,  -20,    0,    0,    0,    0,    0,    0,    0,    0,  -13,  -17,  -21,  -14,    5,    0,  -14,    0,  -30,   -8,  -28,  -25,    0,  -28,    0,  -32,    0,    0,   -8,   -4,    1,    0,    0,   -4,  -10,    0,  -23,  -23,    0,    0,  -11,    0,  -25,  -11,  -11,  -24,  -32,    0,    0,  -18,  -11,    0,  -11,    0,    0,    0,  -11,    0,    0,   -8,    1,    1,    1,    0,   -8,    0,  -23,    0,    0,    0,    0,    0,    0,   -8,  -30,  -30,  -49,    0,    0,    1,    0,    0,  -43,  -34,    0,    0,    0,  -11,    0,  -34,   -5,    0,    0,    0,    0,    0,    0,    0,    0,    0,  -17,    0,
       0,    0,    0,    0,    0,    0,    0,    0,    0,    0,    0,    0,    0,    0,    0,    0,    0,    0,    0,    0,    0,    0,    0,    0,    0,    0,    0,    0,    0,    0,    0,    0,    0,  -17,    0,    0,    0,    0,    0,    0,    0,    0,    0,    0,    0,    0,    0,    0,    0,    0,    0,    0,    0,    0,    0,    0,    0,    0,    0,    0,    0,    0,    0,    0,    0,    0,    0,    0,    0,    0,    0,    0,    0,    0,    0,    0,    0,    0,   11,    0,    0,    0,    0,    0,    0,   11,   11,    0,    0,  -17,  -17,  -17,    0,    0,    0,    0,   11,  -19,    0,    0,    0,    0,    0,    0,    0,    0,    0,    0,    0,    0,    0,    0,    0,    0,    0,    0,    0,
       0,    0,    0,    0,    0,    0,    0,    0,    0,    0,    0,    0,    0,    0,    0,    0,    0,    0,    0,    0,    0,    0,    0,    0,    0,    0,    0,    0,    0,   -9,    0,    0,    0,    0,    0,    0,    0,   -5,    0,    0,    0,  -13,    0,    0,    0,    0,    0,    0,    0,    0,    0,    2,    0,    0,    0,    0,    0,    0,    0,    0,    0,    0,    0,    0,    0,    0,    0,    0,    0,    0,    0,    0,    0,    0,    0,    0,    0,    0,   11,    0,    0,    2,    0,    0,    0,   11,   11,    0,    0,    0,    0,    0,    0,    0,    0,    0,   11,    0,    0,    0,    0,    0,    0,    0,    0,    0,    0,    0,    0,    0,    0,    0,    0,    0,    0,    0,    0,
       0,    0,    0,    0,    0,    0,    0,    0,    0,    0,    0,    0,    0,    0,    0,    0,    0,    0,    0,    0,    0,    0,    0,    0,    0,    0,    0,    0,    0,    0,    0,    0,    0,    0,    0,    0,    0,    0,    0,    0,    0,    0,    0,    0,    0,    0,    0,    0,    0,    0,    0,    0,    0,    0,    0,    0,    0,    0,    0,    0,    0,    0,    0,    0,    0,    0,    0,    0,    0,    0,    0,    0,    0,    0,    0,    0,    0,    0,   25,    0,    0,    0,    0,    0,    0,   25,   25,    0,    0,    0,    0,    0,    0,    0,    0,   15,   25,    0,    0,    0,    0,    0,    0,    0,    0,    0,    0,    0,    0,    0,    0,    0,    0,    0,    0,    0,    0,
       0,    0,    0,    0,    0,    0,    0,    0,    0,    0,    0,  -13,    0,  -24,   -2,    0,    0,    0,    0,    0,    0,    0,    0,    0,    0,    0,    0,    0,    0,  -30,    0,    0,  -23,    0,    0,    0,    0,    0,    0,    0,    0,  -11,   -6,   -8,    0,    0,    0,   -6,    0,    0,  -11,  -11,    0,    0,  -11,    0,    0,    0,    0,    0,    0,    0,    0,  -11,    0,    0,    0,    0,    0,    0,    0,    0,   -6,   -6,   -8,    0,    0,    0,    0,   -8,  -11,  -11,   -6,    0,    0,    0,    0,    0,   -8,    0,    0,    0,  -11,    0,    0,   31,    0,    0,    0,  -40,    0,    0,    0,  -42,    0,    0,    0,    0,    0,    0,    0,    0,   -9,    0,    0,    0,    0,
       0,    0,    0,    0,    0,    0,    0,    0,    0,    0,    0,    0,    0,    0,    0,    0,    0,    0,    0,    0,    0,    0,    0,    0,    0,    0,    0,    0,    0,  -10,    0,    0,    0,  -10,    0,   -7,    0,   -5,   -9,    0,    0,    0,    0,    0,    0,    0,    0,    0,    0,    0,    0,    0,    0,    0,    0,    0,    0,    0,    0,    0,    0,    0,    0,    0,    0,    0,    0,    0,    0,    0,    0,    0,    0,    0,    0,    0,    0,    0,   11,    0,    0,    0,    0,    0,    0,   11,   11,    0,    0,  -10,  -10,  -10,    0,    0,    0,   12,   11,    0,    0,    0,    0,    0,    0,    0,    0,    0,    0,    0,    0,    0,    0,    0,    0,    0,    0,    0,    0,
       0,    0,    0,    0,    0,    0,    0,    0,    0,    0,    0,  -11,    0,  -11,  -19,    0,    0,    0,    0,    0,    0,    0,    0,    0,    0,    0,    0,    0,    0,   -8,    0,    0,    0,    0,    0,    0,    0,    0,    0,    0,    0,  -17,    0,    0,    0,    0,    0,    0,    0,    0,    0,    0,    0,    0,    0,    0,    0,    0,    0,    0,    0,    0,    0,    0,    0,    0,    0,    0,    0,    0,    0,    0,    0,    0,    0,    0,    0,    0,    0,    0,    0,    0,    0,    0,    0,    0,    0,    0,    0,    0,    0,    0,    0,    0,    0,   13,    0,    0,    0,  -26,    0,    0,    0,  -11,    0,    0,    0,    0,    0,    0,    0,    0,    0,    0,    0,    0,    0,
       0,    0,    0,    0,   -5,    0,    0,    0,    0,    0,  -26,    0,  -26,    0,    0,    0,    0,    0,    0,    0,    0,    0,    0,    0,    0,  -23,  -11,    0,  -14,    0,    0,  -14,    0,    0,    0,    0,    0,    0,    0,    0,    0,    0,    0,  -13,    0,    2,    0,    0,    0,    0,  -11,  -13,  -21,    0,    0,  -26,    0,    0,  -17,  -43,   -5,    0,    0,  -11,    0,  -41,    0,    0,    0,    0,    0,  -11,    0,    0,  -13,    2,    2,    2,   28,  -13,  -11,  -13,    0,    0,    0,   28,   28,    0,  -13,    0,    0,    0,  -11,    0,    2,   28,   28,    0,    0,    0,    0,    0,  -11,    0,    0,    0,    0,    0,    0,    0,    0,    0,    0,    0,    0,    0,  -11,
       0,    0,  -30,    0,    0,    0,    0,    0,    0,  -57,  -22,    0,  -39,    0,    0,    0,  -15,    0,    0,    0,    0,    0,    0,    0,    0,    0,    0,   -3,   -9,    0,    0,   -9,    0,  -30,    0,  -26,  -12,    0,  -32,    0,  -43,    0,    0,    0,    0,    0,    0,    0,    0,   -7,    0,  -23,    0,    0,    0,  -35,    0,  -32,  -21,  -66,  -27,  -59,    0,    0,  -26,  -43,    0,    0,    0,    0,    0,  -11,    0,    0,    0,    0,    0,    0,    0,    0,    0,  -23,    0,    0,    0,    0,    0,    0,    0,  -30,  -30,  -30,    0,    0,    0,    0,    0,  -28,  -29,    0,  -15,  -15,  -11,    0,  -52,    0,    0,    0,    0,    0,    0,    0,    0,    0,    0,    0,    0,
       0,    0,    0,    0,    0,    0,  -11,    0,    0,    0,   -7,  -13,   -7,  -24,    0,    0,    0,    0,    0,    0,    0,    0,    0,    0,    0,    0,    0,    0,    0,  -28,    0,    0,  -32,    0,    0,    0,    0,    0,    0,    0,    0,    0,   -5,   -4,    0,    0,    0,    0,    0,    0,    0,    0,    0,    0,    0,   -7,    0,    0,    0,   -7,    0,    0,    0,    0,    0,   -7,    0,    0,    0,    0,    0,    0,   -5,   -5,   -4,    0,    0,    0,    0,   -4,    0,    0,   -5,    0,    0,    0,    0,    0,   -4,    0,    0,    0,    0,    0,    0,    0,    0,    0,    0,  -47,    0,    0,    0,  -45,    0,    0,    0,    0,    0,    0,    0,    0,  -12,    0,    0,    0,    0,
       0,    0,    0,    0,    0,    0,    0,    0,    0,    0,    0,    0,    0,    0,    0,    0,    0,    0,    0,    0,    0,    0,    0,    0,    0,    0,    0,    0,    0,    0,    0,    0,    0,   -2,    0,   -7,    0,    0,  -10,    0,    0,    0,   -2,   -5,    0,    0,    0,    0,    0,    0,    0,    0,    0,    0,    0,    0,    0,    0,    0,    0,    0,    0,    0,    0,    0,    0,    0,    0,    0,    0,    0,    0,   -2,   -2,   -5,    0,    0,    0,   15,   -5,    0,    0,   -2,    0,    0,   15,   15,    0,   -5,   -2,   -2,   -2,    0,    0,    0,    0,   15,    0,    0,    0,    0,    0,    0,    0,    0,    0,    0,    0,    0,    0,    0,    0,    0,    0,    0,    0,    0,
       0,    0,    0,    0,   -2,    0,  -11,    0,    0,    0,  -19,  -11,  -19,  -11,  -43,  -11,    0,    0,    0,  -23,    0,  -26,    0,    0,  -11,  -26,  -11,    0,  -11,  -30,    0,  -11,  -30,    0,    0,    0,    0,    0,    2,    0,    0,  -19,  -27,  -29,    0,    0,    0,  -20,  -26,  -31,  -27,  -22,  -22,  -12,  -17,  -19,    0,    0,  -43,  -19,    0,    0,    0,  -61,    0,  -46,    0,  -17,    0,    0,    0,  -11,  -40,  -40,  -46,    0,    0,    0,   30,  -46,  -48,  -34,  -27,    0,    0,   30,   30,    0,  -29,    0,    0,    0,  -40,    0,    0,   47,   30,    0,    0,  -40,    0,    0,  -11,  -40,    0,    0,    0,    0,    0,    0,    0,    0,  -19,    0,    0,    0,    0,
       0,    0,    0,    0,    0,    0,  -17,    0,    0,    0,  -19,  -32,  -19,  -32,  -18,  -10,    0,    0,    0,  -11,    0,    0,    0,    0,  -21,  -25,  -21,    0,  -25,  -28,    0,  -14,  -32,    0,    0,    5,    0,    0,    0,    0,    0,  -26,  -21,  -22,    0,    0,    0,   -5,  -15,    0,    0,    0,    0,    0,    0,  -19,    0,    0,  -19,  -40,    0,    0,    0,    0,    0,  -32,    0,    0,  -10,    0,    0,  -13,  -21,  -34,  -22,    0,    0,    0,   28,  -37,    0,    0,  -21,    0,    0,   28,   28,    0,  -22,    0,    0,    0,    0,    0,    0,   13,   28,    0,    0,  -38,    0,    0,  -13,  -32,    0,    0,    0,    0,    0,    0,    0,  -47,  -51,    0,    0,    0,    0,
       0,    0,    0,    0,   -2,    0,  -17,    0,    0,    0,  -14,  -32,  -14,  -32,  -10,    0,    0,    0,    0,  -11,    0,    0,    0,    0,  -17,  -25,  -21,    0,   -9,  -25,    0,   -9,  -21,    0,    0,    2,    7,    0,    0,    0,    0,    0,  -19,  -17,    0,    0,    0,  -11,  -11,    0,    0,    0,    0,    0,    0,  -14,    0,    0,  -19,  -14,    0,    0,    0,    0,    0,  -25,    0,    0,  -10,    0,    0,    0,  -19,  -19,  -17,    0,    0,    0,    0,  -17,    0,    0,  -19,    0,    0,    0,    0,    0,  -17,    0,    0,    0,    0,    0,    0,   28,    0,    0,    0,  -36,    0,    0,    0,  -32,    0,    0,    0,    0,    0,    0,    0,  -34,  -37,    0,    0,    0,    0,
       0,    0,    0,    0,   -5,    0,    0,    0,    0,    0,  -14,    0,  -14,    0,    0,  -13,    0,    0,   -7,  -13,    0,    0,   -7,    0,    0,  -19,  -17,    0,  -18,    0,    0,  -18,    0,  -10,    0,    0,    0,    0,    0,    0,    0,    0,  -19,   -9,    0,    0,    0,    0,    0,    0,    0,    0,    0,    0,    0,  -25,    0,    0,  -13,  -31,   -2,    0,    0,    0,    0,  -29,    0,    0,    0,    0,    0,  -15,  -19,  -19,   -9,    0,    0,    0,    0,   -9,    0,    0,  -19,    0,    0,    0,    0,    0,   -9,  -10,  -10,  -10,    0,    0,    0,   28,    0,    0,    0,    0,    0,    0,  -15,    0,    0,    0,    0,    0,    0,    0,    0,    0,    0,    0,  -11,    0,    0,
       0,    0,    0,    0,    0,    0,  -21,    0,    0,    0,  -21,  -21,  -21,  -21,    0,    0,    0,    0,    0,  -23,    0,    0,    0,    0,  -21,  -34,  -32,    0,  -15,  -28,    0,  -15,  -11,    2,    0,    0,    0,    0,    0,    0,    0,    0,  -35,  -37,    0,   -7,    0,  -16,  -23,    0,  -13,    0,    0,    0,    0,  -21,    0,    0,  -30,  -38,   -3,    0,    0,  -13,    0,  -38,    0,  -21,    0,    0,    0,  -28,  -57,  -52,  -37,   -7,  -19,   -7,    0,  -37,  -13,    0,  -66,    0,    0,    0,    0,    0,  -56,    2,    2,    2,  -13,    0,   -7,   28,    0,    0,    0,  -36,    0,    0,  -13,  -54,    0,    0,    0,    0,    0,    0,    0,  -58,  -63,    0,    0,    0,  -11,
       0,    0,    0,    0,    0,    0,    0,    0,    0,    0,  -12,    0,  -12,    0,    0,    0,    0,    0,    0,    0,    0,    0,    0,    0,    0,  -21,    0,    0,  -11,    0,    0,  -11,    0,    0,    0,    0,    0,    0,    0,    0,    0,    0,    0,    0,    0,    0,    0,    0,    0,    0,    0,    0,    0,    0,    0,  -12,    0,    0,  -11,  -12,    0,    0,    0,    0,    0,  -23,    0,    0,    0,    0,    0,    0,    0,    0,    0,    0,    0,    0,   28,    0,    0,    0,    0,    0,    0,   28,   28,    0,    0,    0,    0,    0,    0,    0,    0,   11,   28,    0,    0,    0,    0,    0,    0,    0,    0,    0,    0,    0,    0,    0,    0,    0,    0,    0,    0,    0,    0,
       0,    0,    0,    0,    0,    0,    0,    0,    0,    0,    0,    0,    0,    0,    0,    0,    0,    0,    0,    0,    0,    0,    0,    0,    0,    0,    0,    0,    0,    0,    5,    0,    0,    0,    0,    0,    0,    0,    0,    0,    0,    0,    0,   -2,    0,    0,    4,    5,    0,    0,    0,    0,    0,    0,    0,    0,    0,    0,    0,    0,    0,    0,    0,    0,    0,    0,    0,    0,    0,    0,    0,    0,    0,    0,   -2,    0,    0,    0,    0,   -2,    0,    0,    0,    0,    5,    0,    0,    4,   -2,    0,    0,    0,    0,    5,    0,   29,    0,    0,    0,    0,    0,    0,    0,    0,    0,    0,    0,    0,    0,    0,    0,    0,    0,    0,    0,    0,    0,
       0,    0,  -26,    0,   -5,    0,    0,    0,    0,  -32,  -11,    0,  -11,    0,    4,   -2,  -20,    0,    0,    0,    0,    0,    0,    0,    0,  -13,  -17,  -21,  -14,    5,    0,  -14,    0,  -43,   -8,  -47,  -44,    0,  -28,    0,  -32,    0,    0,   -8,   -4,    1,    0,    0,   -4,  -10,    0,  -40,  -23,    0,    0,  -11,    0,  -25,  -11,  -11,  -24,  -32,    0,    0,  -18,  -11,    0,  -11,    0,    0,    0,  -11,    0,    0,   -8,    1,    1,    1,    0,   -8,    0,  -40,    0,    0,    0,    0,    0,    0,   -8,  -43,  -43,  -43,    0,    0,    1,    0,    0,  -58,  -53,    0,    0,    0,  -11,    0,  -53,   -5,    0,    0,    0,    0,    0,    0,    0,    0,    0,  -17,    0,
       0,    0,    0,    0,    0,    0,    0,    0,    0,  -23,    0,    0,    0,    0,    0,  -15,  -36,    0,  -15,  -19,  -15,    0,  -15,  -15,    0,    0,    0,    0,  -13,    0,    9,  -13,    0,  -19,  -13,  -26,    0,    0,    0,    0,  -23,    0,    0,    0,    0,    4,   32,   10,    0,    0,    0,  -26,    0,    0,    0,    0,    0,    0,    0,    0,    0,  -23,    0,    0,  -15,    0,    0,    0,    0,    0,    0,    0,    0,    0,    0,    4,    4,    4,    0,    0,    0,  -26,    0,    0,    9,    0,    0,   32,    0,  -19,  -19,  -19,    0,    9,    4,    0,    0,  -13,    0,    0,    0,    0,    0,    0,    0,    0,    0,    0,    0,    0,    0,    0,    0,    0,    0,  -17,    0,
       0,    0,   -8,    0,    0,    0,    0,    0,    0,    0,    0,    0,    0,    0,    0,    0,  -13,    0,    0,    0,    0,    0,    0,    0,    0,    0,    0,    0,    0,    0,    0,    0,    0,  -26,    0,  -17,  -17,    0,  -32,    0,    0,    0,    0,    0,    0,    0,    0,    0,    0,    0,    0,   -6,    0,    0,    0,    0,    0,    0,    0,    0,   -3,    0,    0,    0,    0,    0,    0,    0,    0,    0,    0,    0,    0,    0,    0,    0,    0,    0,    0,    0,    0,   -6,    0,    0,    0,    0,    0,    0,    0,  -26,  -26,  -26,    0,    0,    0,    2,    0,  -15,   -9,    0,    0,    0,    0,    0,   -9,    0,    0,    0,    0,    0,    0,    0,    0,    0,    0,    0,    0,
       0,    0,   -8,    0,    0,    0,    0,    0,   -4,    0,    0,    0,    0,    0,    0,    0,  -11,    0,    0,    0,    0,    0,    0,    0,    0,    0,    0,    0,    0,  -11,    0,    0,    0,  -29,    0,  -22,  -17,   -9,  -38,    0,    0,    0,    3,    0,    0,    0,    0,    0,    0,    0,    0,   -6,   -5,   -7,   -7,    0,    0,  -11,    0,    0,   -3,    0,    0,    0,    0,    0,    0,    0,    0,    0,    0,    0,    3,    3,    0,    0,    0,    0,    0,    0,    0,   -6,    3,    0,    0,    0,    0,    0,    0,  -29,  -29,  -29,    0,    0,    0,   14,    0,  -21,   -7,    0,    0,    0,    0,    0,   -7,    0,    0,    0,    0,    0,    0,    0,    0,    0,    0,    0,    0,
       0,    0,    0,    0,    0,    0,    0,    0,    0,    0,   -7,  -19,   -7,  -19,   -4,    0,    0,    0,    0,  -21,    0,    0,    0,    0,    0,    0,    0,    0,    0,  -11,    0,    0,  -21,    0,    0,    0,    0,    0,    1,    0,    0,   -5,   -7,   -6,  -15,    2,    1,    0,   -6,  -13,    0,    0,    7,    0,    0,   -7,    0,    0,  -13,   -7,    0,    0,    0,    0,    0,   -7,    0,    0,    0,    0,    0,   -6,   -7,   -7,   -6,    2,    2,    2,   34,   -6,    0,    0,   -7,    0,    0,   34,   47,    1,   -6,    0,    0,    0,    0,    0,    2,   15,   45,    0,    0,  -30,    0,    0,   -6,  -19,    0,    0,    0,    0,    0,    0,    0,    0,   -6,    0,    0,    0,    0,
       0,    0,    0,    0,    0,    0,    0,    0,    0,    0,    0,    0,    0,    0,    0,    0,    0,    0,    0,    0,    0,    0,    0,    0,    0,    0,    0,    0,    0,    0,    0,    0,    0,  -17,    0,    0,    0,    0,    0,    0,    0,    0,    0,    0,    0,    0,    3,    0,    0,    0,    0,    0,    0,    0,    0,    0,    0,    0,    0,    0,    0,    0,    0,    0,    0,    0,    0,    0,    0,    0,    0,    0,    0,    0,    0,    0,    0,    0,    0,    0,    0,    0,    0,    0,    0,    0,    0,    3,    0,  -17,  -17,  -17,    0,    0,    0,    0,    0,    0,    0,    0,    0,    0,    0,    0,    0,    0,    0,    0,    0,    0,    0,    0,    0,    0,    0,    0,    0,
       0,    0,    0,    0,    0,    0,    0,    0,    1,    0,    0,    0,    0,    0,    0,    0,    0,    0,    0,    0,    0,    0,    0,    0,    0,    0,    0,    0,    0,    0,    0,    0,    0,    0,    0,    0,    0,    0,    0,    0,    0,    0,    0,    0,    0,    0,    0,    0,    0,    0,    0,    0,    0,    0,    0,    0,    1,    0,    0,    0,    0,    0,    0,    0,    0,    0,    0,    0,    0,    0,    0,    0,    0,    0,    0,    0,    0,    0,   22,    0,    0,    0,    0,    0,    0,   33,   22,    0,    0,    0,    0,    0,    0,    0,    0,   29,   33,    0,    0,    0,    0,    0,    0,    0,    0,    0,    0,    0,    0,    0,    0,    0,    0,    0,    0,    0,    0,
       0,    0,    0,    0,    0,    0,    0,    0,    0,    0,  -19,    0,  -19,    0,    0,    0,    0,    0,    0,  -15,    0,    0,    0,    0,    0,  -28,    0,    0,    0,    0,    0,    0,    0,  -19,    0,    0,    0,    0,    0,    0,    0,    0,    0,   -7,    0,    0,    0,    0,    0,    0,    0,    3,    0,    0,    0,  -19,    0,    0,  -17,  -42,    0,    0,    0,    0,    0,  -19,    0,    0,    0,    0,    0,    0,    0,    0,   -7,    0,    0,    0,    0,   -7,    0,    3,    0,    0,    0,    0,    0,    0,   -7,  -19,  -19,  -19,    0,    0,    0,    0,    0,    0,    0,    0,    0,    0,    0,    0,    0,    0,    0,    0,    0,    0,    0,    0,    0,    0,    0,    0,    0,
       0,    0,    0,    0,    0,    0,    0,    0,    0,    0,  -11,  -21,  -11,  -21,  -10,    0,    0,    0,    0,    0,    0,    0,    0,    0,    0,  -12,    0,    0,    0,  -13,    4,    0,  -19,  -19,    0,    0,    0,    0,    0,  -11,    0,    0,   -4,   -7,    7,    2,    4,    2,    0,    7,    0,    5,    3,    5,    0,  -11,    0,    0,    0,  -21,    0,    0,    0,    0,    0,  -11,    0,    0,    0,    0,    0,    0,   -4,   -4,   -7,    2,    2,    2,    4,   -7,    0,    5,   -4,    0,    4,    4,    4,    4,   -7,  -19,  -19,  -19,    0,    4,    2,   12,    4,  -13,    5,  -26,    0,    0,    0,  -21,    5,    0,    0,    0,    0,    0,    0,    0,   -8,    0,    0,    0,    0,
       0,    0,   -4,    0,    0,    0,    0,    0,    0,    0,    0,    0,    0,    0,    0,    0,    0,    0,    0,    0,    0,    0,    0,    0,    0,    0,    0,    0,    0,    0,    0,    0,    0,  -25,    0,  -15,  -11,    0,  -25,    0,    0,    0,    0,    0,    0,    0,    0,    0,    0,    1,    0,   -1,    0,    0,    0,    0,    0,    0,    0,    0,   -3,    0,    0,    0,    0,    0,    0,    0,    0,    0,    0,    0,    0,    0,    0,    0,    0,    0,    0,    0,    0,   -1,    0,    0,    0,    0,    0,    0,    0,  -25,  -25,  -25,    0,    0,    0,    1,    0,  -17,    0,   -2,    0,    0,    0,    0,    0,    0,    0,    0,    0,    0,    0,    0,    0,    0,    0,    0,    0,
       0,    0,    0,    0,    0,    0,    0,    0,    0,    0,   -6,    0,   -6,    0,    0,    0,    0,    0,    0,   -2,    0,    0,    0,    0,    0,   -9,    0,    0,    0,    0,    1,    0,    0,  -11,    0,   -1,   -1,    0,   -2,    0,    0,    0,    2,   -3,  -11,    0,    2,    0,   -2,   -6,    0,    7,    7,    0,    0,   -6,    0,    0,    0,   -6,    0,    0,    0,    0,    0,   -6,    0,    0,    0,    0,    0,   -2,    2,    2,   -3,    0,    0,    0,    0,   -3,    0,    7,    2,    0,    1,    0,    0,    2,   -3,  -11,  -11,  -11,    0,    1,    0,   15,    0,  -13,    5,    0,    0,    0,   -2,    0,    5,    0,    0,    0,    0,    0,    0,    0,    5,    0,    0,    0,    0,
       0,    0,    0,    0,    0,    0,    0,    0,    0,    0,  -12,    0,  -12,    0,  -11,    0,    0,    0,    0,    0,    0,    0,    0,    0,    0,  -13,    0,    0,    0,    0,    0,    0,    0,  -17,    0,    0,    0,    0,  -19,    0,    0,  -11,    0,    0,    0,    0,    0,    0,    0,    0,    0,    0,    0,    0,    0,  -12,    0,    0,    0,  -23,    0,    0,    0,    0,    0,  -12,    0,    0,    0,    0,    1,    0,    0,    0,    0,    0,    0,    0,    0,    0,    0,    0,    0,    7,    0,    0,    0,    0,    0,  -17,  -42,  -17,    0,    0,    0,    0,    0,  -13,    5,    0,    0,    0,    0,    0,    5,    0,    0,    0,    0,    0,    0,    0,  -10,    0,    0,    0,    0,
       0,    0,    0,    0,    0,    0,    0,    0,    0,    0,  -12,  -15,  -12,  -15,  -19,    0,    0,    0,    0,    0,    0,    0,    0,    0,    0,  -11,  -13,    0,    0,  -23,    1,    0,  -21,  -11,    0,    0,    0,    0,  -11,    0,    0,  -26,   -4,   -6,    5,    0,    0,    0,   -1,    6,    0,    0,    0,    0,    0,  -12,    0,    0,  -13,  -12,    0,    0,    0,    0,    0,  -12,    0,    0,    0,    0,    0,    0,   -4,   -4,   -6,    0,    0,    0,    6,   -6,    0,    0,   -4,    0,    1,    6,    6,    0,   -6,  -11,  -32,  -11,    0,    1,    0,    1,    6,    0,    2,  -26,    0,    0,    0,  -40,    2,    0,    0,    0,    0,    0,    0,    0,   -8,    0,    0,    0,    0,
       0,    0,    0,    0,    0,    0,  -11,    0,    0,    0,    0,  -25,    0,  -25,    0,    0,    0,    0,    0,    0,    0,    0,    0,    0,    0,    0,    0,    0,    0,  -23,    0,    0,  -19,  -17,    0,    0,    0,    0,    0,  -11,    0,    0,   -1,   -5,    0,    0,    0,    0,    0,    0,    0,    0,    0,    0,    0,    0,    0,    0,  -11,    0,    0,    0,    0,    0,    0,    0,    0,    0,    0,    0,    0,    0,   -1,   -1,   -5,    0,    0,    0,    0,   -5,    0,    0,   -1,    0,    0,    0,    0,    0,   -5,  -17,  -17,  -17,    0,    0,    0,    0,    0,    0,    3,  -26,    0,    0,    0,  -25,    3,    0,    0,    0,    0,    0,    0,    0,    0,    0,    0,    0,    0,
       0,    0,    0,    0,    0,    0,    0,    0,    0,    0,   -7,    0,   -7,    0,    0,    0,    0,    0,    0,    0,    0,    0,    0,    0,    0,    0,  -11,    0,    0,    0,    0,    0,    0,  -11,    0,    0,    0,    0,    0,    0,    0,    0,   -1,   -7,    5,    0,    0,    0,    0,    5,    0,    0,    0,    0,    0,   -7,    0,    0,  -11,   -7,    0,    0,    0,    0,    0,   -7,    0,    0,    0,    0,    0,    0,   -1,   -1,   -7,    0,    0,    0,    0,   -7,    0,    0,   -1,    0,    0,    0,    0,    0,   -7,  -11,  -11,  -11,    0,    0,    0,    0,    0,    0,    0,    0,    0,    0,    0,    0,    0,    0,    0,    0,    0,    0,    0,    0,    0,    0,    0,    0,    0,
       0,    0,    0,    0,    0,    0,    0,    0,    0,    0,    0,    0,    0,    0,    0,    0,    0,    0,    0,    0,    0,    0,    0,    0,    0,    0,    0,    0,    0,    0,    0,    0,    0,  -11,    0,    0,    0,    0,    0,    0,    0,    0,    0,   -7,    0,    0,    0,    0,    0,    0,    0,    0,    0,    0,    0,    0,    0,    0,    0,    0,    0,    0,    0,    0,    0,    0,    0,    0,    0,    0,    0,    0,    0,    0,   -7,    0,    0,    0,    0,   -7,    0,    0,    0,    0,    0,    0,    0,    0,   -7,  -11,  -11,  -11,    0,    0,    0,    0,    0,    0,    0,    0,    0,    0,    0,    0,    0,    0,    0,    0,    0,    0,    0,    0,    0,    0,    0,    0,    0,
       0,    0,    0,    0,    0,    0,    0,    0,    0,    0,    0,    0,    0,    0,    0,    0,    0,   -7,   -2,    0,    0,   -9,    0,    0,    0,    0,    0,    0,    0,  -11,    0,    0,  -15,  -26,    0,  -15,   -9,  -27,  -21,    0,    0,    0,    0,    0,    0,    0,    0,    0,    0,    0,    0,   -1,    0,   -7,    0,    0,    0,    0,    0,    0,    0,    0,    0,    0,   -3,    0,    0,    0,    0,    0,    0,    0,    0,    0,    0,    0,    0,    0,    0,    0,    0,   -1,    0,    0,    0,    0,    0,    0,    0,  -45,  -45,  -26,    0,    0,    0,    0,    0,  -10,    0,    0,    0,    0,    0,    0,    0,    0,    0,    0,    0,    0,    0,    0,    0,    0,    0,    0,    0,
       0,    0,    0,    0,    0,    0,    0,    0,    0,    0,    0,    0,    0,    0,    0,    0,    0,    0,    0,    0,    0,    0,    0,    0,    0,    0,    0,    0,    0,    0,    0,    0,    0,  -23,    0,  -11,    0,    0,  -23,    0,    0,    0,    0,    0,    0,    0,    0,    0,    0,    0,    0,    0,    0,    0,    0,    0,    0,    0,    0,    0,    0,    0,    0,    0,    0,    0,    0,    0,    0,    0,    0,    0,    0,    0,    0,    0,    0,    0,    0,    0,    0,    0,    0,    0,    0,    0,    0,    0,    0,  -23,  -23,  -23,    0,    0,    0,    0,    0,  -11,    0,    0,    0,    0,    0,    0,    0,    0,    0,    0,    0,    0,    0,    0,    0,    0,    0,    0,    0,
       0,    0,    0,    0,    0,    0,    0,    0,    0,    0,    0,    0,    0,    0,    0,    0,    0,    0,    0,    0,    0,    0,    0,    0,    0,    0,    0,    0,    0,    0,    0,    0,    0,    0,    0,    0,    0,    0,    0,    0,    0,    0,    0,    0,    0,   10,    0,    0,    0,    0,    0,    0,    0,    0,    0,    0,    0,    0,    0,    0,    0,    0,    0,    0,    0,    0,    0,    0,    0,    0,    0,    0,    0,    0,    0,   10,   10,   10,    0,    0,    0,    0,    0,    0,    0,    0,    0,    0,    0,    0,    0,    0,    0,    0,   10,   15,    0,    0,    0,    0,    0,    0,    0,    0,    0,    0,    0,    0,    0,    0,    0,    0,    0,    0,    0,    0,    0,
       0,    0,    0,    0,    0,    0,  -13,    0,    0,    0,    0,    0,    0,    0,    0,    0,    0,    0,    0,    0,    0,    0,    0,    0,    0,    0,    0,    0,    0,  -25,    0,    0,  -25,    0,    0,    0,    0,    0,    0,    0,    0,    0,    0,  -11,    0,    0,    0,    0,    0,    0,    0,    0,    0,    0,    0,    0,    0,    0,    0,    0,    0,    0,    0,    0,    0,    0,    0,    0,    0,    0,    0,    0,    0,    0,  -11,    0,    0,    0,    0,  -11,    0,    0,    0,    0,    0,    0,    0,    0,  -11,    0,    0,    0,    0,    0,    0,    0,    0,    0,    0,    0,    0,    0,    0,    0,    0,    0,    0,    0,    0,    0,    0,    0,    0,    0,    0,    0,    0,
       0,    0,    0,    0,    0,    0,    0,    0,    0,    0,    0,    0,    0,    0,    0,    0,    0,    0,    0,    0,    0,    0,    0,    0,    0,    0,    0,    0,    0,  -11,    0,    0,    0,  -17,    0,    0,    0,    0,  -21,    0,    0,    0,    0,    0,    0,    0,    0,    0,    0,    0,    0,    0,    0,    0,    0,    0,    0,    0,    0,    0,    0,    0,    0,    0,    0,    0,    0,    0,    0,    0,    0,    0,    0,    0,    0,    0,    0,    0,    0,    0,    0,    0,    0,    0,    0,    0,    0,    0,    0,  -17,  -17,  -17,    0,    0,    0,    0,    0,    0,    0,    0,    0,    0,    0,    0,    0,    0,    0,    0,    0,    0,    0,    0,    0,    0,    0,    0,    0,
       0,    0,    0,    0,    0,    0,    0,    0,    0,    0,    0,    0,    0,    0,    0,    0,    0,    0,    0,    0,    0,    0,    0,    0,    0,    0,    0,    0,    0,    0,    0,    0,    0,  -17,    0,    0,    0,    0,    0,    0,    0,    0,    0,    0,    0,    0,    0,    0,    0,    0,    0,    0,    0,    0,    0,    0,    0,    0,    0,    0,    0,    0,    0,    0,    0,    0,    0,    0,    0,    0,    0,    0,    0,    0,    0,    0,    0,    0,    0,    0,    0,    0,    0,    0,    0,    0,    0,    0,    0,  -17,  -17,  -17,    0,    0,    0,    0,    0,    0,    0,    0,    0,    0,    0,    0,    0,    0,    0,    0,    0,    0,    0,    0,    0,    0,    0,    0,    0,
       0,    0,    0,    0,    0,    0,  -11,    0,    0,    0,    0,    0,    0,    0,    0,    0,    0,    0,    0,  -16,    0,    0,    0,    0,    0,    0,    0,    0,   -2,  -24,    0,   -2,  -24,    0,    0,    0,    0,   -2,   -3,    0,    0,    0,   -4,   -9,    0,    0,    0,    0,   -4,    0,    0,    0,    0,    0,    0,    0,    0,    0,    0,    0,    0,    0,    0,    0,    0,    0,    0,    0,    0,    0,    0,    0,   -4,   -4,   -9,    0,    0,    0,    0,   -9,    0,    0,   -4,    0,    0,    0,    0,    0,   -9,    0,    0,    0,    0,    0,    0,    0,    0,    0,    0,    0,    0,    0,    0,    0,    0,    0,    0,    0,    0,    0,    0,    0,    0,    0,    0,    0,    0,
       0,    0,    0,    0,    0,    0,    0,    0,    0,    0,    0,    0,    0,    0,    0,    0,    0,    0,    0,    0,    0,    0,    0,    0,    0,    0,    0,    0,    0,    0,    0,    0,    0,    0,    0,    0,    0,    0,    0,    0,    0,    0,    0,    0,    0,    0,    0,    0,    0,    0,    0,    0,    0,    0,    0,    0,    0,    0,    0,    0,    0,    0,    0,    0,    0,    0,    0,    0,    0,    0,    0,    0,    0,    0,    0,    0,    0,    0,    0,    0,    0,    0,    0,    0,    0,    0,    0,    0,    0,    0,    0,    0,    0,    0,    0,    0,    0,    0,    0,    0,    0,    0,    0,    0,    0,    0,   -3,    0,    0,    0,    0,    0,    0,    0,    0,    0,    0,
       0,    0,    0,    0,    0,    0,    0,    0,    0,    0,    0,    0,    0,    0,    0,    0,    0,    0,    0,    0,    0,    0,    0,    0,    0,    0,    0,    0,    0,    0,    0,    0,    0,    0,    0,    0,    0,    0,    0,    0,    0,    0,    0,    0,    0,    0,    0,    0,    0,    0,    0,    0,    0,    0,    0,    0,    0,    0,    0,    0,    0,    0,    0,    0,    0,    0,    0,    0,    0,    0,    0,    0,    0,    0,    0,    0,    0,    0,    0,    0,    0,    0,    0,    0,    0,    0,    0,    0,    0,    0,    0,    0,    0,    0,    0,    0,    0,    0,    0,    0,    0,    0,    0,    0,    0,    0,    0,   -1,    0,    0,    0,    0,    0,    0,    0,    0,    0,
       0,    0,    0,    0,    0,    0,    0,    0,    0,    0,  -12,    0,  -12,    0,  -11,    0,    0,    0,    0,    0,    0,    0,    0,    0,    0,  -13,    0,    0,    0,    0,    0,    0,    0,  -17,    0,    0,    0,    0,  -19,    0,    0,  -11,    0,    0,    0,    0,    0,    0,    0,    0,    0,    0,    0,    0,    0,  -12,    0,    0,    0,  -23,    0,    0,    0,    0,    0,  -12,    0,    0,    0,    0,    1,    0,    0,    0,    0,    0,    0,    0,    0,    0,    0,    0,    0,    7,    0,    0,    0,    0,    0,  -17,  -42,  -17,    0,    0,    0,    0,    0,  -30,    5,    0,    0,    0,    0,    0,    5,    0,    0,    0,    0,    0,    0,    0,  -10,    0,    0,    0,    0,
       0,    0,    0,    0,    0,    0,    0,    0,    0,    0,    0,    0,    0,    0,    0,    0,    0,   -7,   -2,    0,    0,   -9,    0,    0,    0,    0,    0,    0,    0,  -11,    0,    0,  -15,  -52,    0,  -28,   -9,  -29,  -38,    0,    0,    0,    0,    0,    0,    0,    0,    0,    0,    0,    0,   -1,    0,   -7,    0,    0,    0,    0,    0,    0,    0,    0,    0,    0,   -3,    0,    0,    0,    0,    0,    0,    0,    0,    0,    0,    0,    0,    0,    0,    0,    0,   -1,    0,    0,    0,    0,    0,    0,    0,  -52,  -52,  -52,    0,    0,    0,    0,    0,  -10,    0,    0,    0,    0,    0,    0,    0,    0,    0,    0,    0,    0,    0,    0,    0,    0,    0,    0,    0,
       0,    0,    0,    0,    0,    0,    0,    0,    0,    0,    0,    0,    0,    0,    0,    0,    0,    0,    0,    0,    0,    0,    0,    0,    0,    0,    0,    0,    0,    0,    0,    0,    0,    0,    0,    0,    0,    0,    0,    0,    0,    0,    0,    0,    0,    0,    0,    0,    0,    0,    0,    0,    0,    0,    0,    0,    0,    0,    0,    0,    0,    0,    0,    0,    0,    0,    0,    0,    0,    0,    0,    0,    0,    0,    0,    0,    0,    0,    0,    0,    0,    0,    0,    0,    0,    0,    0,    0,    0,    0,    0,    0,    0,    0,    0,    0,    0,    0,    0,    0,    0,    0,    0,    0,    0,    0,    0,    0,    0,    4,    0,    0,    0,    0,    0,    0,    0,
       0,    0,    0,    0,    0,    0,    0,    0,    0,    0,    0,    0,    0,    0,    0,    0,  -13,  -17,  -15,    0,    0,  -17,  -11,    0,    0,    0,    0,    0,    0,  -11,    0,    0,    0,  -43,    0,  -21,  -19,  -13,  -30,  -11,    0,    0,    0,    0,    0,    0,    0,    0,    0,    0,    0,  -11,  -11,  -11,    0,    0,    0,    0,    0,    0,    0,    0,    0,    0,    0,    0,    0,    0,    0,    0,    0,    0,    0,    0,    0,    0,    0,    0,    0,    0,    0,  -11,    0,    0,    0,    0,    0,    0,    0,  -43,  -43,  -43,    0,    0,    0,    0,    0,  -28,    0,    0,    0,    0,    0,    0,    0,    0,    0,    0,    0,    0,    0,    0,    0,    0,    0,    0,    0,
       0,    0,    0,    0,    0,    0,    0,    0,    0,    0,    0,    0,    0,    0,    0,    0,    0,    0,    0,    0,    0,    0,    0,    0,    0,    0,    0,    0,    0,    0,    0,    0,    0,  -23,    0,  -40,  -33,    0,    0,    0,    0,    0,    0,    0,    0,    0,    0,    0,    0,    0,    0,    0,    0,    0,    0,    0,    0,    0,    0,    0,    0,    0,    0,    0,    0,    0,    0,    0,    0,    0,    0,    0,    0,    0,    0,    0,    0,    0,    0,    0,    0,    0,    0,    0,    0,    0,    0,    0,    0,  -23,  -23,  -23,    0,    0,    0,    0,    0,  -21,  -11,    0,    0,    0,    0,    0,  -11,    0,    0,    0,    0,    0,    0,    0,    0,    0,    0,    0,    0,
       0,    0,    0,    0,    0,    0,    0,    0,    0,    0,    0,    0,    0,    0,    0,    0,    0,    0,    0,    0,    0,    0,    0,    0,    0,    0,    0,    0,    0,    0,    0,    0,    0,    0,    0,    0,    0,    0,    0,    0,    0,    0,    0,    0,    0,    0,    0,    0,    0,    0,    0,    0,    0,    0,    0,    0,    0,    0,    0,    0,    0,    0,    0,    0,    0,    0,    0,    0,    0,    0,    0,    0,    0,    0,    0,    0,    0,    0,   13,    0,    0,    0,    0,    0,    0,   13,   13,    0,    0,    0,    0,    0,    0,    0,    0,   13,   13,    0,    0,    0,    0,    0,    0,    0,    0,    0,    0,    0,    0,    0,    0,    0,    0,    0,    0,    0,    0,
       0,    0,    0,    0,    0,    0,    0,    0,    0,    0,    0,    0,    0,    0,    0,    0,    0,    0,    0,    0,    0,    0,    0,    0,    0,    0,    0,    0,    0,  -11,    0,    0,    0,  -30,    0,  -13,    0,  -15,  -15,    0,    0,    0,    0,    0,    0,    0,    0,    0,    0,    0,    0,    0,    0,    0,    0,    0,    0,    0,    0,    0,    0,    0,    0,    0,    0,    0,    0,    0,    0,    0,    0,    0,    0,    0,    0,    0,    0,    0,    0,    0,    0,    0,    0,    0,    0,    0,    0,    0,    0,  -30,  -30,  -30,    0,    0,    0,    0,    0,    0,    0,    0,    0,    0,    0,    0,    0,    0,    0,    0,    0,    0,    0,    0,    0,    0,    0,  -11,    0,
       0,    0,    0,    0,    0,    0,    0,    0,    0,    0,    0,  -34,    0,  -34,    0,    0,    0,    0,    0,    0,    0,    0,    0,    0,    0,    0,    0,    0,    0,  -13,    0,    0,  -13,  -19,    0,  -17,    0,    0,    0,  -13,    0,    0,    0,    0,    0,    0,    0,    0,    0,    0,    0,    0,    0,    0,    0,    0,    0,    0,    0,    0,    0,    0,    0,    0,    0,    0,    0,    0,    0,    0,    0,    0,    0,    0,    0,    0,    0,    0,    0,    0,    0,    0,    0,    0,    0,    0,    0,    0,    0,  -19,  -19,  -19,    0,    0,    0,    0,    0,  -19,    0,  -42,    0,    0,    0,  -34,    0,    0,    0,    0,    0,    0,    0,    0,    0,    0,    0,    0,    0,
       0,    0,    0,    0,    0,    0,    0,    0,    0,    0,    0,    0,    0,    0,    0,    0,    0,    0,    0,    0,    0,    0,    0,    0,    0,    0,    0,    0,    0,    0,    0,    0,    0,  -17,    0,    0,    0,    0,    0,    0,    0,    0,    0,    0,    0,    0,    0,    0,    0,    0,    0,    0,    0,    0,    0,    0,    0,    0,    0,    0,    0,    0,    0,    0,    0,    0,    0,    0,    0,    0,    0,    0,    0,    0,    0,    0,    0,    0,   11,    0,    0,    0,    0,    0,    0,   11,   11,    0,    0,  -17,  -17,  -17,    0,    0,    0,    0,   11,  -42,    0,    0,    0,    0,    0,    0,    0,    0,    0,    0,    0,    0,    0,    0,    0,    0,    0,    0,    0,
       0,    0,    0,    0,    0,    0,    0,    0,    0,    0,    0,    0,    0,    0,    0,    0,    0,    0,    0,    0,    0,    0,    0,    0,    0,    0,    0,    0,    0,    0,    0,    0,    0,  -26,    0,    0,    0,    0,    0,    0,    0,    0,    0,    0,    0,    0,    0,    0,    0,    0,    0,    0,    0,    0,    0,    0,    0,    0,    0,    0,    0,    0,    0,    0,    0,    0,    0,    0,    0,    0,    0,    0,    0,    0,    0,    0,    0,    0,    0,    0,    0,    0,    0,    0,    0,    0,    0,    0,    0,  -26,  -26,  -26,    0,    0,    0,    0,    0,    0,    0,    0,    0,    0,    0,    0,    0,    0,    0,    0,    0,    0,    0,    0,    0,    0,    0,    0,    0,
       0,    0,    0,    0,    0,    0,    0,    0,    1,    0,    0,    0,    0,    0,    0,    0,    0,    0,    0,    0,    0,    0,    0,    0,    0,    0,    0,    0,    0,    0,    0,    0,    0,    0,    0,    0,    0,    0,    0,    0,    0,    0,    0,    0,    0,    0,    0,    0,    0,    0,    0,    0,    0,    0,    0,    0,    1,    0,    0,    0,    0,    0,    0,    0,    0,    0,    0,    0,    0,    0,    0,    0,    0,    0,    0,    0,    0,    0,   34,    0,    0,    0,    0,    0,    0,   35,   34,    0,    0,    0,    0,    0,    0,    0,    0,   25,   34,    0,    0,    0,    0,    0,    0,    0,    0,    0,    0,    0,    0,    0,    0,    0,    0,    0,    0,    0,    0,
       0,    0,    0,    0,    0,    0,    0,    0,    0,    0,    0,    0,    0,    0,    0,    0,   15,    0,    0,    0,    0,   30,    0,    0,    0,    0,    0,    0,    0,    0,   22,    0,    0,   30,    0,   28,    0,    0,    0,   30,    0,    0,    0,    0,   13,   22,   22,    4,    0,   17,    0,    0,    0,    0,    0,    0,    0,    0,    0,    0,    0,    0,    0,    0,    0,    0,    0,    0,    0,   13,    0,    0,    0,    0,    0,   33,   22,   33,   55,    0,    0,    0,    0,    0,   22,   55,   55,   33,    0,   30,   30,   30,    0,   47,   33,   17,   55,    0,    0,    0,    0,    0,    0,    0,    0,    0,    0,    0,    0,    0,    0,    0,    0,    0,    0,    0,    0,
       0,    0,   -8,    0,    0,    0,    0,    0,    0,    0,    0,    0,    0,    0,    0,    0,  -13,    0,    0,    0,    0,    0,    0,    0,    0,    0,    0,    0,    0,    0,    0,    0,    0,  -43,    0,  -17,  -17,    0,  -32,    0,    0,    0,    0,    0,    0,    0,    0,    0,    0,    0,    0,   -6,    0,    0,    0,    0,    0,    0,    0,    0,   -3,    0,    0,    0,    0,    0,    0,    0,    0,    0,    0,    0,    0,    0,    0,    0,    0,    0,    0,    0,    0,   -6,    0,    0,    0,    0,    0,    0,    0,  -43,  -43,  -43,    0,    0,    0,    2,    0,  -15,   -9,    0,    0,    0,    0,    0,   -9,    0,    0,    0,    0,    0,    0,    0,    0,    0,    0,    0,    0,
       0,    0,   -8,    0,    0,    0,    0,    0,   -4,    0,    0,    0,    0,    0,    0,    0,  -11,    0,    0,    0,    0,    0,    0,    0,    0,    0,    0,    0,    0,  -11,    0,    0,    0,  -46,    0,  -22,  -17,   -9,  -38,    0,    0,    0,    3,    0,    0,    0,    0,    0,    0,    0,    0,   -6,   -5,   -7,   -7,    0,    0,  -11,    0,    0,   -3,    0,    0,    0,    0,    0,    0,    0,    0,    0,    0,    0,    3,    3,    0,    0,    0,    0,    0,    0,    0,   -6,    3,    0,    0,    0,    0,    0,    0,  -46,  -46,  -46,    0,    0,    0,   14,    0,  -21,   -7,    0,    0,    0,    0,    0,   -7,    0,    0,    0,    0,    0,    0,    0,    0,    0,    0,    0,    0,
       0,    0,   -8,    0,    0,    0,    0,    0,    0,    0,    0,    0,    0,    0,    0,    0,  -13,    0,    0,    0,    0,    0,    0,    0,    0,    0,    0,    0,    0,    0,    0,    0,    0,  -50,    0,  -17,  -17,    0,  -32,    0,    0,    0,    0,    0,    0,    0,    0,    0,    0,    0,    0,   -6,    0,    0,    0,    0,    0,    0,    0,    0,   -3,    0,    0,    0,    0,    0,    0,    0,    0,    0,    0,    0,    0,    0,    0,    0,    0,    0,    0,    0,    0,   -6,    0,    0,    0,    0,    0,    0,    0,  -50,  -50,  -50,    0,    0,    0,    2,    0,  -15,   -9,    0,    0,    0,    0,    0,   -9,    0,    0,    0,    0,    0,    0,    0,    0,    0,    0,    0,    0,
       0,    0,   11,    0,    0,    0,    0,    3,   41,   19,    0,    0,    0,    0,    0,    0,   15,    0,    0,    0,    0,   15,    0,    0,    0,    0,    0,    0,    0,    0,   10,    0,    0,   13,    0,    0,    0,    0,    0,    0,   19,    0,    0,    0,    0,   13,    9,    9,    0,    0,    0,    0,    0,    0,    0,    0,    0,   14,    0,    0,    6,   19,    0,    0,    0,    0,    0,    0,    0,    0,    0,    0,    0,    0,    0,   13,   13,   26,   14,    0,    0,    0,    0,    0,   10,   14,   14,    9,    0,   13,   13,   13,    0,   10,   27,   15,   14,   11,    0,    0,    0,    0,    0,    0,    0,    0,    0,    0,    0,    0,    0,    0,   -6,    0,    0,    0,    0,
       0,    0,    0,    0,    0,    0,    0,    0,    0,    0,    0,    0,    0,    0,    0,    0,    0,    0,    0,    0,    0,    0,    0,    0,    0,    0,    0,    0,    0,    0,   11,    0,    0,   11,    0,    0,    0,    0,    0,    0,    0,    0,    0,    0,    0,   11,   13,    0,    0,    0,    0,    0,    0,    0,    0,    0,    0,    0,    0,    0,    0,    0,    0,    0,    0,    0,    0,    0,    0,    0,    0,    0,    0,    0,    0,   11,   11,   13,   13,    0,    0,    0,    0,    0,   13,   13,   13,   13,    0,   11,   11,   11,    0,   11,   11,   13,   13,    0,    0,    0,    0,    0,    0,    0,    0,    0,    0,    0,    0,    0,    0,    0,    0,    0,    0,    0,    0,
       0,    0,    0,    0,    0,    0,    0,    0,    0,    0,    0,    0,    0,    0,    0,    0,   15,    0,    0,    0,    0,   30,    0,    0,    0,    0,    0,    0,    0,    0,   22,    0,    0,   30,    0,   28,    0,    0,    0,   30,    0,    0,    0,    0,   13,   36,   33,    4,    0,   17,    0,    0,    0,    0,    0,    0,    0,    0,    0,    0,    0,    0,    0,    0,    0,    0,    0,    0,    0,   13,    0,    0,    0,    0,    0,   36,   36,   36,   55,    0,    0,    0,    0,    0,   22,   55,   55,   33,    0,   30,   30,   30,    0,   47,   36,   36,   55,    0,    0,    0,    0,    0,    0,    0,    0,    0,    0,    0,    0,    0,    0,    0,    0,    0,    0,    0,    0,
       0,    0,    0,    0,    0,    0,    0,    0,    0,    0,    0,    0,    0,    0,    0,    0,   15,    0,    0,    0,    0,   30,    0,    0,    0,    0,    0,    0,    0,    0,   22,    0,    0,   30,    0,   28,    0,    0,    0,   30,    0,    0,    0,    0,   13,   36,   36,    4,    0,   17,    0,    0,    0,    0,    0,    0,    0,    0,    0,    0,    0,    0,    0,    0,    0,    0,    0,    0,    0,   13,    0,    0,    0,    0,    0,   36,   36,   36,   55,    0,    0,    0,    0,    0,   22,   55,   55,   36,    0,   30,   30,   30,    0,   47,   36,   17,   55,    0,    0,    0,    0,    0,    0,    0,    0,    0,    0,    0,    0,    0,    0,    0,    0,    0,    0,    0,    0,
       0,    0,    0,    0,    0,    0,    0,    0,    0,    0,    0,    0,    0,    0,    0,    0,   15,    0,    0,    0,    0,   30,    0,    0,    0,    0,    0,    0,    0,    0,   22,    0,    0,   30,    0,   28,    0,    0,    0,   30,    0,    0,    0,    0,   13,   36,   22,    4,    0,   17,    0,    0,    0,    0,    0,    0,    0,    0,    0,    0,    0,    0,    0,    0,    0,    0,    0,    0,    0,   13,    0,    0,    0,    0,    0,   36,   36,   36,   55,    0,    0,    0,    0,    0,   22,   55,   55,   33,    0,   30,   30,   30,    0,   47,   36,   17,   55,    0,    0,    0,    0,    0,    0,    0,    0,    0,    0,    0,    0,    0,    0,    0,    0,    0,    0,    0,    0,
       0,    0,    0,    0,    0,    0,    0,    0,    1,    0,    0,    0,    0,    0,    0,    0,    0,    0,    0,    0,    0,    0,    0,    0,    0,    0,    0,    0,    0,    0,    0,    0,    0,    0,    0,    0,    0,    0,    0,    0,    0,    0,    0,    0,    0,    0,    0,    0,    0,    0,    0,    0,    0,    0,    0,    0,    1,    0,    0,    0,    0,    0,    0,    0,    0,    0,    0,    0,    0,    0,    0,    0,    0,    0,    0,    0,    0,    0,   34,    0,    0,    0,    0,    0,    0,   35,   34,    0,    0,    0,    0,    0,    0,    0,    0,   25,   35,    0,    0,    0,    0,    0,    0,    0,    0,    0,    0,    0,    0,    0,    0,    0,    0,    0,    0,    0,    0,
       0,    0,  -30,    0,    0,    0,    0,    0,    0,  -59,  -38,    0,  -38,    0,    0,    0,  -15,    0,    0,    0,    0,    0,    0,    0,    0,    0,    0,   -3,   -9,    0,    0,   -9,    0,  -30,    0,  -26,  -12,    0,  -32,    0,  -59,    0,    0,    0,    0,    0,    0,    0,    0,   -7,    0,  -23,    0,    0,    0,  -37,    0,  -32,  -21,  -38,  -27,  -59,    0,    0,  -26,  -38,    0,    0,    0,    0,    0,  -11,    0,    0,    0,    0,    0,    0,    0,    0,    0,  -23,    0,    0,    0,    0,    0,    0,    0,  -30,  -30,  -30,    0,    0,    0,    0,    0,  -28,  -29,    0,  -15,  -15,  -11,    0,  -52,    0,    0,    0,    0,    0,    0,    0,    0,    0,    0,    0,    0,
       0,    0,    0,    0,    0,    0,    0,    0,    5,    0,    0,    0,    0,    0,    0,    0,    0,    0,    0,    0,    0,    0,    0,    0,    0,    0,    0,    0,    0,    0,    0,    0,    0,    0,    0,    0,    0,    0,    0,    0,    0,    5,    0,    0,    0,    0,    0,    0,    0,    4,    0,    3,    0,    0,    0,    0,    0,    0,    0,    0,    0,    0,    0,    0,    0,    0,    0,    0,    0,    0,   11,    0,    0,    0,    0,    0,    0,    0,   22,    0,    0,    3,    0,   12,    0,   22,   22,    0,    0,    0,    0,    0,    0,    0,    0,   27,   22,    0,    0,    0,    0,    0,    0,    0,    0,    0,    0,    0,    0,    0,    0,    0,    0,    0,    0,    0,    0,
       0,    0,  -30,    0,    0,    0,    0,    0,    0,  -57,  -34,    0,  -34,    0,    0,    0,  -15,    0,    0,    0,    0,    0,    0,    0,    0,    0,    0,   -3,   -9,    0,    0,   -9,    0,  -30,    0,  -26,  -12,    0,  -32,    0,  -43,    0,    0,    0,    0,    0,    0,    0,    0,   -7,    0,  -23,    0,    0,    0,  -33,    0,  -32,  -21,  -34,  -27,  -59,    0,    0,  -26,  -34,    0,    0,    0,    0,    0,  -11,    0,    0,    0,    0,    0,    0,    0,    0,    0,  -23,    0,    0,    0,    0,    0,    0,    0,  -30,  -30,  -30,    0,    0,    0,    0,    0,  -28,  -29,    0,  -15,  -15,  -11,    0,  -52,    0,    0,    0,    0,    0,    0,    0,    0,    0,    0,    0,    0,
       0,    0,    0,    0,    0,    0,    0,    0,    0,    0,    0,    0,    0,    0,    0,    0,    0,    0,    0,    0,    0,    0,    0,    0,    0,    0,    0,    0,    0,    0,    0,    0,    0,    0,    0,    0,    0,    0,  -11,    0,    0,    0,    0,    0,    0,    0,    0,    0,    0,    0,    0,    0,    0,    0,    0,    0,    0,    0,    0,    0,    0,    0,    0,    0,    0,    0,    0,    0,    0,    0,    0,    0,    0,    0,    0,    0,    0,    0,    0,    0,    0,    0,    0,    0,    0,    0,    0,    0,    0,    0,    0,    0,    0,    0,    0,    0,    0,    0,    0,    0,    0,    0,    0,    0,    0,    0,    0,    0,    0,    0,    0,    0,    0,    0,    0,    0,    0,
       0,    0,    0,    0,    0,    0,    0,    0,    5,    0,    0,    0,    0,    0,    0,    0,    0,    0,    0,    0,    0,    0,    0,    0,    0,    0,    0,    0,    0,    0,    0,    0,    0,    0,    0,    0,    0,    0,    0,    0,    0,    5,    0,    0,    0,    0,    0,    0,    0,    4,    0,    3,    0,    0,    0,    0,    0,    0,    0,    0,    0,    0,    0,    0,    0,    0,    0,    0,    0,    0,   23,    0,    0,    0,    0,    0,    0,    0,   22,    0,    0,    3,    0,   11,    0,   22,   22,    0,    0,    0,    0,    0,    0,    0,    0,   13,   22,    0,    0,    0,    0,    0,    0,    0,    0,    0,    0,    0,    0,    0,    0,    0,    0,    0,    0,    0,    0,
       0,    0,  -30,    0,    0,    0,    0,    0,    0,  -55,  -22,    0,  -39,    0,    0,    0,  -15,    0,    0,    0,    0,    0,    0,    0,    0,    0,    0,   -3,   -9,    0,    0,   -9,    0,  -30,    0,  -26,  -12,    0,  -47,    0,  -55,    0,    0,    0,    0,    0,    0,    0,    0,   -7,    0,  -23,    0,    0,    0,  -35,    0,  -32,  -21,  -66,  -27,  -55,    0,    0,  -26,  -43,    0,    0,    0,    0,    0,  -11,    0,    0,    0,    0,    0,    0,    0,    0,    0,  -23,    0,    0,    0,    0,    0,    0,    0,  -30,  -30,  -30,    0,    0,    0,    0,    0,  -28,  -40,    0,  -15,  -15,  -11,    0,  -40,    0,    0,    0,    0,    0,    0,    0,    0,    0,    0,    0,    0,
       0,    0,    0,    0,    0,    0,    0,    0,    5,    0,    0,    0,    0,    0,    0,    0,    0,    0,    0,    0,    0,    0,    0,    0,    0,    0,    0,    0,    0,    0,    0,    0,    0,    0,    0,    0,    0,    0,    0,    0,    0,    5,    0,    0,    0,    0,    0,    0,    0,   11,    0,    3,    0,    0,    0,    0,    0,    0,    0,    0,    0,    0,    0,    0,    0,    0,    0,    0,    0,    0,   23,    0,    0,    0,    0,    0,    0,    0,   22,    0,    0,    3,    0,   11,    0,   22,   22,    0,    0,    0,    0,    0,    0,    0,    0,   13,   22,    0,    0,    0,    0,    0,    0,    0,    0,    0,    0,    0,    0,    0,    0,    0,    0,    0,    0,    0,    0,
       0,    0,    0,    0,   -2,    0,  -11,    0,    0,    0,  -32,  -11,  -32,  -11,  -43,  -11,    0,    0,    0,  -23,    0,  -26,    0,    0,  -11,  -26,  -11,    0,  -11,  -30,    0,  -11,  -30,    0,    0,    0,    0,    0,    2,    0,    0,  -19,  -27,  -29,    0,    0,    0,  -20,  -26,  -31,  -47,  -22,  -22,  -29,  -30,  -32,    0,    0,  -43,  -32,    0,    0,    0,  -47,    0,  -32,    0,  -17,    0,    0,    0,  -11,  -40,  -40,  -46,    0,    0,    0,   30,  -46,  -47,  -34,  -27,    0,    0,   30,   30,    0,  -29,    0,    0,    0,  -47,    0,    0,   47,   30,    0,    0,  -40,    0,    0,  -11,  -40,    0,    0,    0,    0,    0,    0,    0,    0,  -19,    0,    0,    0,    0,
       0,    0,    0,    0,   -2,    0,  -11,    0,    0,    0,  -32,  -11,  -32,  -11,  -43,  -11,    0,    0,    0,  -23,    0,  -26,    0,    0,  -11,  -26,  -11,    0,  -11,  -30,    0,  -11,  -30,    0,    0,    0,    0,    0,    2,    0,    0,  -19,  -27,  -29,    0,    0,    0,  -20,  -26,  -31,  -27,  -22,  -22,  -12,  -17,  -32,    0,    0,  -43,  -32,    0,    0,    0,  -61,    0,  -32,    0,  -17,    0,    0,    0,  -11,  -40,  -40,  -46,    0,    0,    0,   30,  -46,  -48,  -34,  -27,    0,    0,   30,   30,    0,  -29,    0,    0,    0,  -40,    0,    0,   47,   30,    0,    0,  -40,    0,    0,  -11,  -40,    0,    0,    0,    0,    0,    0,    0,    0,  -19,    0,    0,    0,    0,
       0,    0,    0,    0,   -2,    0,  -11,    0,    0,    0,  -19,  -11,  -19,  -11,  -43,  -11,    0,    0,    0,  -23,    0,  -26,    0,    0,  -11,  -26,  -11,    0,  -11,  -51,    0,  -11,  -70,    0,    0,    0,    0,    0,    2,    0,    0,  -19,  -27,  -29,    0,    0,    0,  -20,  -26,  -31,  -27,  -22,  -22,  -12,  -17,  -19,    0,    0,  -43,  -19,    0,    0,    0,  -61,    0,  -46,    0,  -17,    0,    0,    0,  -11,  -40,  -40,  -46,    0,    0,    0,   30,  -46,  -48,  -34,  -27,    0,    0,   30,   30,    0,  -29,    0,    0,    0,  -40,    0,    0,   47,   30,    0,    0,  -40,    0,    0,  -11,  -40,    0,    0,    0,    0,    0,    0,    0,    0,  -30,    0,    0,    0,    0,
       0,    0,    0,    0,    0,    0,    0,    0,    0,    0,    0,    0,    0,    0,    0,    0,    0,    0,    0,    0,    0,    0,    0,    0,    0,    0,    0,    0,    0,    0,    0,    0,    0,    0,    0,    0,    0,    0,    0,    0,    0,    0,  -20,  -21,  -14,    0,    0,  -20,  -20,  -13,  -20,  -19,  -19,  -19,  -20,    0,    0,    0,    0,    0,    0,    0,    0,  -20,    0,    0,    0,    0,    0,    0,    0,    0,  -20,  -20,  -21,    0,    0,    0,    0,  -21,  -20,  -19,  -20,    0,    0,    0,    0,    0,  -21,    0,    0,    0,  -20,    0,    0,    0,    0,    0,    0,    0,    0,    0,    0,    0,    0,    0,    0,    0,    0,    0,    0,    0,    0,    0,    0,    0,    0,
       0,    0,    0,    0,    0,    0,    0,    0,    0,    0,    0,    0,    0,    0,    0,    0,    0,    0,    0,    0,    0,    0,    0,    0,    0,    0,    0,    0,    0,    0,    0,    0,    0,  -24,    0,    0,    0,    0,    0,    0,    0,    0,    0,   -7,    0,    0,    0,    0,    0,    0,    0,    0,    0,    0,    0,    0,    0,    0,    0,    0,    0,    0,    0,    0,    0,    0,    0,    0,    0,    0,    0,    0,    0,    0,   -7,    0,    0,    0,    0,   -7,    0,    0,    0,    0,    0,    0,    0,    0,   -7,  -24,  -24,  -24,    0,    0,    0,    0,    0,    0,    0,    0,    0,    0,    0,    0,    0,    0,    0,    0,    0,    0,    0,    0,    0,    0,    0,    0,    0,
       0,    0,    0,    0,    0,    0,    0,    0,    1,    0,    0,    0,    0,    0,    0,    0,    0,    0,    0,    0,    0,    0,    0,    0,    0,    0,    0,    0,    0,    0,    0,    0,    0,    0,    0,    0,    0,    0,    0,    0,    0,    0,    0,    0,    0,    0,    0,    0,    0,    0,    0,    0,    0,    0,    0,    0,    1,    0,    0,    0,    0,    0,    0,    0,    0,    0,    0,    0,    0,    0,    0,    0,    0,    0,    0,    0,    0,    0,   34,    0,    0,    0,    0,    0,    0,   34,   34,    0,    0,    0,    0,    0,    0,    0,    0,   35,   34,    0,    0,    0,    0,    0,    0,    0,    0,    0,    0,    0,    0,    0,    0,    0,    0,    0,    0,    0,    0,
       0,    0,   -8,    0,    0,    0,    0,    0,   -4,    0,    0,    0,    0,    0,    0,    0,  -11,    0,    0,    0,    0,    0,    0,    0,    0,    0,    0,    0,    0,  -11,    0,    0,    0,  -55,    0,  -22,  -17,   -9,  -38,    0,    0,    0,    3,    0,    0,    0,    0,    0,    0,    0,    0,   -6,   -5,   -7,   -7,    0,    0,  -11,    0,    0,   -3,    0,    0,    0,    0,    0,    0,    0,    0,    0,    0,    0,    3,    3,    0,    0,    0,    0,    0,    0,    0,   -6,    3,    0,    0,    0,    0,    0,    0,  -55,  -55,  -55,    0,    0,    0,   14,    0,  -21,   -7,    0,    0,    0,    0,    0,   -7,    0,    0,    0,    0,    0,    0,    0,    0,    0,    0,    0,    0,
       0,    0,    0,    0,    0,    0,    0,    0,    0,    0,    0,    0,    0,    0,    0,    0,    0,    0,    0,    0,    0,    0,    0,    0,    0,    0,    0,    0,    0,    0,    0,    0,    0,    0,    0,    0,    0,    0,    0,    0,    0,    0,    0,    0,    0,    0,    0,    0,    0,    0,    0,    0,    0,    0,    0,    0,    0,    0,    0,    0,    0,    0,    0,    0,    0,    0,    0,    0,    0,    0,    0,    0,    0,    0,    0,    0,    0,    0,    0,    0,    0,    0,    0,    0,    0,    0,    0,    0,    0,    0,    0,    0,    0,    0,    0,   11,    0,    0,    0,    0,    0,    0,    0,    0,    0,    0,    0,    0,    0,    0,    0,    0,    0,    0,    0,    0,    0,
       0,    0,    0,    0,    0,    0,    0,    0,    0,    0,  -12,    0,  -12,    0,  -11,    0,    0,    0,    0,    0,    0,    0,    0,    0,    0,  -13,    0,    0,    0,    0,    0,    0,    0,  -32,    0,    0,    0,    0,  -19,    0,    0,  -11,    0,    0,    0,    0,    0,    0,    0,    0,    0,    0,    0,    0,    0,  -12,    0,    0,    0,  -23,    0,    0,    0,    0,    0,  -12,    0,    0,    0,    0,    1,    0,    0,    0,    0,    0,    0,    0,    0,    0,    0,    0,    0,    7,    0,    0,    0,    0,    0,  -32,  -32,  -32,    0,    0,    0,    0,    0,  -13,    5,    0,    0,    0,    0,    0,    5,    0,    0,    0,    0,    0,    0,    0,  -10,    0,    0,    0,    0,
       0,    0,    0,    0,    0,    0,    0,    0,    0,    0,    0,    0,    0,    0,    0,    0,    0,    0,    0,    0,    0,    0,    0,    0,    0,    0,    0,    0,    0,    0,    0,    0,    0,    0,    0,    0,    0,    0,    0,    0,    0,    0,    0,    0,    0,    0,    0,    0,    0,    0,    0,    0,    0,    0,    0,    0,    0,    0,    0,    0,    0,    0,    0,    0,    0,    0,    0,    0,    0,    0,    0,    0,    0,    0,    0,    0,    0,    0,   13,    0,    0,    0,    0,    0,    0,   13,   13,    0,    0,    0,    0,    0,    0,    0,    0,   24,   13,    0,    0,    0,    0,    0,    0,    0,    0,    0,    0,    0,    0,    0,    0,    0,    0,    0,    0,    0,    0,
       0,    0,    0,    0,    0,    0,    0,    0,    1,    0,    0,    0,    0,    0,    0,    0,    0,    0,    0,    0,    0,    0,    0,    0,    0,    0,    0,    0,    0,    0,    0,    0,    0,    0,    0,    0,    0,    0,    0,    0,    0,    0,    0,    0,    0,    0,    0,    0,    0,    0,    0,    0,    0,    0,    0,    0,    1,    0,    0,    0,    0,    0,    0,    0,    0,    0,    0,    0,    0,    0,    0,    0,    0,    0,    0,    0,    0,    0,   34,    0,    0,    0,    0,    0,    0,   34,   34,    0,    0,    0,    0,    0,    0,    0,    0,   29,   34,    0,    0,    0,    0,    0,    0,    0,    0,    0,    0,    0,    0,    0,    0,    0,    0,    0,    0,    0,    0,
       0,    0,    0,    0,    0,    0,    0,    0,    0,    0,    0,    0,    0,    0,    0,    0,   15,    0,    0,    0,    0,   30,    0,    0,    0,    0,    0,    0,    0,    0,   22,    0,    0,   30,    0,   28,    0,    0,    0,   30,    0,    0,    0,    0,   13,   33,   36,    4,    0,   17,    0,    0,    0,    0,    0,    0,    0,    0,    0,    0,    0,    0,    0,    0,    0,    0,    0,    0,    0,   13,    0,    0,    0,    0,    0,   33,   33,   33,   55,    0,    0,    0,    0,    0,   22,   55,   55,   36,    0,   30,   30,   30,    0,   47,   33,   32,   68,    0,    0,    0,    0,    0,    0,    0,    0,    0,    0,    0,    0,    0,    0,    0,    0,    0,    0,    0,    0,
       0,    0,    0,    0,    0,    0,  -21,    0,    0,    0,    0,  -35,    0,  -35,  -32,    0,    0,    0,    0,  -21,    0,    0,    0,    0,    0,    0,    0,    0,    0,  -32,    0,    0,  -49,    0,    0,    0,    0,    0,    0,    0,    0,    0,    0,  -14,    0,    0,    0,    0,   -7,    0,    0,    0,    0,    0,    0,    0,    0,    0,    0,    0,    0,    0,    0,    0,    0,    0,    0,    0,  -21,    0,    0,    0,    0,    0,  -14,    0,    0,    0,    0,  -14,    0,    0,    0,    0,    0,    0,    0,    0,  -14,    0,    0,    0,    0,    0,    0,    0,    0,    0,    0,  -32,    0,    0,    0,  -35,    0,    0,    0,    0,    0,    0,    0,    0,    0,    0,    0,    0,    0,
       0,    0,    0,  -42,    0,    0,  -23,    0,    0,    0,  -18,  -43,  -18,  -43,  -47,  -15,    0,    0,    0,  -32,    0,  -21,  -13,    0,  -19,  -32,  -19,    0,  -19,  -46,    0,  -19,  -42,    0,    0,    0,    0,    0,    0,    0,    0,  -13,  -19,  -21,    0,    0,    0,  -10,  -23,    3,  -13,    3,    0,    0,    0,  -33,    0,    0,  -28,  -18,    0,    0,    0,  -28,   -4,  -18,    0,    0,  -23,    0,    0,    0,  -19,  -19,  -21,    0,    0,    0,    0,  -21,  -13,    3,  -19,    0,    0,    0,    0,    0,  -21,    0,    0,    0,  -13,    0,    0,    0,    0,    0,    0,    0,    0,    0,    0,  -43,    0,    0,    0,    0,    0,    0,    0,    0,    0,    0,    0,    0,    0,
       0,    0,    0,    0,    0,    0,    0,    0,    0,    0,    0,    0,    0,    0,    0,    0,  -23,    0,    0,    0,    0,    0,    0,    0,    0,    0,    0,    0,    0,    0,    0,    0,    0,  -32,    0,  -30,  -21,    0,  -36,    0,    0,    0,  -11,    0,    0,    0,    0,    0,    0,    0,    0,  -17,    0,    0,    0,    0,    0,    0,    0,    0,    0,    0,    0,    0,    0,    0,    0,    0,    0,    0,    0,    0,  -11,  -11,    0,    0,    0,    0,    0,    0,    0,  -17,  -11,    0,    0,    0,    0,    0,    0,  -32,  -32,  -32,    0,    0,    0,    0,    0,  -42,  -32,    0,    0,    0,    0,    0,  -32,    0,    0,    0,    0,    0,    0,    0,    0,    0,    0,    0,    0,
       0,    0,    0,    0,    0,    0,    0,    0,    0,    0,    0,    0,    0,    0,    0,    0,    0,    0,    0,    0,    0,    0,    0,    0,    0,    0,    0,    0,    0,  -11,    0,    0,    0,  -11,    0,  -13,    0,  -15,  -15,    0,    0,    0,    0,    0,    0,    0,    0,    0,    0,    0,    0,    0,    0,    0,    0,    0,    0,    0,    0,    0,    0,    0,    0,    0,    0,    0,    0,    0,    0,    0,    0,    0,    0,    0,    0,    0,    0,    0,    0,    0,    0,    0,    0,    0,    0,    0,    0,    0,    0,  -11,  -11,  -11,    0,    0,    0,    0,    0,    0,    0,    0,    0,    0,    0,    0,    0,    0,    0,    0,    0,    0,    0,    0,    0,    0,    0,  -11,    0,
     -10,   -4,  -33,    0,    0,    0,    0,    0,    0,    0,    0,    0,    0,    0,    0,  -10,  -31,    0,   -7,    0,   -2,   -9,   -8,   -4,    0,    0,    0,  -34,  -15,    0,    0,  -15,    0,  -11,    0,    0,    0,    0,  -21,    0,    0,    0,    0,    0,    0,    0,    0,    0,    0,    0,    0,    0,    0,    0,    0,    0,    0,    0,    0,    0,    0,    0,    0,    0,  -20,    0,    0,    0,    0,    0,    0,    0,    0,    0,    0,    0,    0,    0,    0,    0,    0,    0,    0,    0,    0,    0,    0,    0,    0,  -11,  -11,  -11,    0,    0,    0,    0,    0,    0,  -32,    0,  -45,  -61,    0,    0,  -32,    0,    0,    0,    0,    0,    0,    0,    0,    0,    0,    0,    0,
       0,    0,    0,    0,    0,    0,    0,    0,    0,    0,    0,    0,    0,    0,    0,    0,    0,    0,    0,    0,    0,    0,    0,    0,    0,    0,    0,    0,    0,    0,    0,    0,    0,    0,    0,    0,    0,    0,    0,    0,    0,    0,    0,    0,    0,    0,    0,    0,    0,    0,    0,    0,    0,    0,    0,    0,    0,    0,    0,    0,    0,    0,    0,    0,    0,    0,    0,    0,    0,    0,    0,    0,    0,    0,    0,    0,    0,    0,    0,    0,    0,    0,    0,    0,    0,    0,    0,    0,    0,    0,    0,    0,    0,    0,    0,    0,    0,    0,    0,    0,    0,    0,    0,    0,    0,    0,    0,    0,    0,    7,    0,    0,    0,    0,    0,    0,    0,
       0,    0,    0,    0,    0,    0,    0,    0,    0,    0,    0,    0,    0,    0,    0,    0,    0,    0,    0,    0,    0,    0,    0,    0,    0,    0,    0,    0,    0,    0,    0,    0,    0,    0,    0,    0,    0,    0,    0,    0,    0,    0,    0,    0,    0,    0,    0,    0,    0,    0,    0,    0,    0,    0,    0,    0,    0,    0,    0,    0,    0,    0,    0,    0,    0,    0,   -2,    0,    0,    0,    0,    0,    0,    0,    0,    0,    0,    0,    0,    0,    0,    0,    0,    0,    0,    0,    0,    0,    0,    0,    0,    0,    0,    0,    0,    0,    0,    0,    0,    0,    0,    0,    0,    0,    0,    0,    0,   -5,    0,    0,    0,    0,    0,    0,    0,    0,    0,
       0,    0,    0,    0,    0,    0,    0,    0,    0,    0,    0,    0,    0,    0,    0,    0,    0,    0,    0,    0,    0,    0,    0,    0,    0,    0,    0,    0,    0,    0,    0,    0,    0,    0,    0,    0,    0,    0,    0,    0,    0,    0,    0,    0,    0,    0,    0,    0,    0,    0,    0,    0,    0,    0,    0,    0,    0,    0,    0,    0,    0,    0,    0,    0,    0,    0,    0,    0,    0,    0,    0,    0,    0,    0,    0,    0,    0,    0,    0,    0,    0,    0,    0,    0,    0,    0,    0,    0,    0,    0,    0,    0,    0,    0,    0,    0,    0,    0,    0,    0,    0,    0,    0,    0,    0,    0,  -17,    4,   -2,    0,  -11,    0,    0,    0,    0,    0,    0,
       0,    0,    0,    0,    0,    0,    0,    0,    0,    0,    0,    0,    0,    0,    0,    0,    0,    0,    0,    0,    0,    0,    0,    0,    0,    0,    0,    0,    0,    0,    0,    0,    0,    0,    0,    0,    0,    0,    0,    0,    0,    0,    0,    0,    0,    0,    0,    0,    0,    0,    0,    0,    0,    0,    0,    0,    0,    0,    0,    0,    0,    0,   -5,    0,    0,    0,    0,    0,    0,    0,    0,    0,    0,    0,    0,    0,    0,    0,    0,    0,    0,    0,    0,    0,    0,    0,    0,    0,    0,    0,    0,    0,    0,    0,    0,    0,    0,    0,    0,    0,    0,    0,    0,    0,    0,    0,    0,   -6,    0,    0,    0,    0,    0,    0,    0,    0,    0,
       0,    0,    0,    0,    0,    0,    0,    0,    0,    0,    0,    0,    0,    0,    0,    0,    0,    0,    0,    0,    0,    0,    0,    0,    0,    0,    0,    0,    0,    0,    0,    0,    0,    0,    0,    0,    0,    0,    0,    0,    0,    0,    0,    0,    0,    0,    0,    0,    0,    0,    0,    0,    0,    0,    0,    0,    0,    0,    0,    0,    0,    0,    0,    0,    0,    0,    0,    0,    0,    0,    0,    0,    0,    0,    0,    0,    0,    0,    0,    0,    0,    0,    0,    0,    0,    0,    0,    0,    0,    0,    0,    0,    0,    0,    0,    0,    0,    0,    0,    0,    0,    0,    0,    0,    0,    0,    0,    0,    0,    0,    3,    0,    0,    0,    0,    0,    0,
       0,    0,    0,    0,    0,    0,    0,    0,    0,    0,    0,    0,    0,    0,    0,    0,  -14,    0,    0,    0,    0,    0,    0,    0,    0,    0,    0,    0,  -13,    0,    0,  -13,    0,  -19,    0,  -47,  -34,    0,  -58,    0,    0,    0,    0,    0,    0,    0,    2,    0,    0,    0,    0,   -8,    0,    0,    0,    0,    0,    0,    0,    0,    0,    0,    0,    0,    0,    0,    0,    0,    0,    0,    0,    0,    0,    0,    0,    0,    0,    0,    0,    0,    0,   -8,    0,    0,    0,    0,    0,    2,    0,  -19,  -19,  -30,    0,    0,    0,    0,    0,    0,    0,    0,    0,    0,    0,    0,    0,    0,    0,    0,    0,    0,    0,    0,   -9,   -5,    0,    0,    0,
       0,    0,    0,    0,    0,    0,    0,    0,    0,    0,    0,    0,    0,    0,    0,    0,    0,    0,    0,    0,    0,    0,    0,    0,    0,    0,    0,    0,    0,    0,    0,    0,    0,    0,    0,    0,    0,    0,    0,    0,    0,    0,    0,    0,    0,    0,    0,    0,    0,    0,    0,    0,    0,    0,    0,    0,    0,    0,    0,    0,    0,    0,    0,    0,    0,    0,    0,    0,    0,    0,    0,    0,    0,    0,    0,    0,    0,    0,    0,    0,    0,    0,    0,    0,    0,    0,    0,    0,    0,    0,    0,    0,    0,    0,    0,    0,    0,    0,    0,    0,    0,    0,    0,    0,    0,    0,    0,    0,    0,    0,    0,   -5,    0,    0,    0,    0,    0,
       0,    0,    0,    0,    0,    0,    0,    0,    0,    0,    0,    0,    0,    0,    0,    0,    0,    0,    0,    0,    0,    0,    0,    0,    0,    0,    0,    0,    0,    0,    0,    0,    0,    0,    0,    0,    0,    0,    0,    0,    0,    0,    0,    0,    0,    0,    0,    0,    0,    0,    0,    0,    0,    0,    0,    0,    0,    0,    0,    0,    0,    0,    0,    0,    0,    0,    0,    0,    0,    0,    0,    0,    0,    0,    0,    0,    0,    0,    0,    0,    0,    0,    0,    0,    0,    0,    0,    0,    0,    0,    0,    0,    0,    0,    0,    0,    0,    0,    0,    0,    0,    0,    0,    0,    0,    0,    0,    0,    0,    0,    0,    0,  -14,    0,    0,    0,    0,
       0,    0,    0,    0,    0,    0,    0,    0,    0,    0,    0,    0,    0,    0,    0,    0,    0,    0,    0,    0,    0,    0,    0,    0,    0,    0,    0,    0,    0,    0,    0,    0,    0,    0,    0,    0,    0,    0,    0,    0,    0,    0,    0,    0,    0,    0,    0,    0,    0,    0,    0,    0,    0,    0,    0,    0,    0,    0,    0,    0,    0,    0,    0,    0,    0,    0,    0,    0,    0,    0,    0,    0,    0,    0,    0,    0,    0,    0,    0,    0,    0,    0,    0,    0,    0,    0,    0,    0,    0,    0,    0,    0,    0,    0,    0,   13,    0,    0,    0,    0,    0,    0,    0,    0,    0,    0,    0,    0,    0,    0,    0,    0,    0,    0,    0,    0,    0,
       0,    0,    0,    0,    0,    0,    0,    0,    0,    0,    0,    0,    0,    0,    0,   -3,    0,    0,    0,    0,    0,    0,    0,    0,    0,    0,    0,    0,    0,    0,    0,    0,    0,    0,    0,    0,    0,    0,    0,    0,    0,    0,    0,    0,    0,    0,    0,    0,    0,    0,    0,    0,    0,    0,    0,    0,    0,    0,    0,    0,    0,    0,    0,    0,    0,    0,    0,    0,    0,    0,    0,    0,    0,    0,    0,    0,    0,    0,    0,    0,    0,    0,    0,    0,    0,    0,    0,    0,    0,    0,    0,    0,    0,    0,    0,    0,    0,    0,    0,    0,    0,    0,    0,    0,    0,    0,    0,    0,    0,    0,    0,    0,    0,    0,    0,    0,    0,
       0,    0,    0,    0,    0,    0,    0,    0,    0,    0,    0,  -23,    0,  -23,  -13,    0,    0,    0,    0,    0,    0,    0,    0,    0,    0,    0,    0,    0,    0,    0,    0,    0,    0,    0,    0,    0,    0,    0,    0,    0,    0,  -17,    0,    0,    0,    0,    0,    0,    0,    0,    0,    0,    0,    0,    0,    0,    0,    0,    0,    0,    0,    0,    0,    0,    0,    0,    0,    0,    0,    0,    0,    0,    0,    0,    0,    0,    0,    0,    0,    0,    0,    0,    0,    0,    0,    0,    0,    0,    0,    0,    0,    0,    0,    0,    0,    0,    0,    0,    0,    0,    0,    0,    0,  -23,    0,    0,    0,    0,    0,    0,    0,    0,    0,    0,    0,    0,    0,
};

static const EpdFontData inter_10_bold = {
    inter_10_boldBitmaps,
    inter_10_boldGlyphs,
    inter_10_boldIntervals,
    56,
    25,
    21,
    -6,
    true,
    inter_10_boldGroups,
    10,
    nullptr,
    inter_10_boldKernLeftClasses,
    inter_10_boldKernRightClasses,
    inter_10_boldKernMatrix,
    458,
    458,
    122,
    117,
    nullptr,
    0,
};
