/**
 * generated by fontconvert.py
 * name: inter_12_italic
 * size: 12
 * mode: 2-bit  compressed: true
 * Command used: fontconvert.py inter_12_italic 12 ../builtinFonts/source/Inter/Inter-Italic.ttf --2bit --compress --pnum --exclude-intervals 0x0400,0x04FF --exclude-intervals 0x1EA0,0x1EF9 --exclude-intervals 0x01A0,0x01A1 --exclude-intervals 0x01AF,0x01B0
 */
#pragma once
#include "EpdFontData.h"

static const uint8_t inter_12_italicBitmaps[18851] = {
    0xA5, 0x58, 0x31, 0x70, 0xDC, 0xC6, 0x15, 0xFD, 0x00, 0x22, 0x22, 0x31, 0x26, 0x81, 0x0A, 0x29,
    0x33, 0xB1, 0xC6, 0x84, 0x8B, 0x14, 0x8A, 0xC7, 0x77, 0x68, 0x52, 0xA8, 0x00, 0xEE, 0x56, 0x72,
    0x91, 0xC2, 0x85, 0x59, 0x98, 0xE3, 0xC2, 0x85, 0xDD, 0xC6, 0x99, 0x89, 0x52, 0xA8, 0xB8, 0x64,
    0x8E, 0xBC, 0xF5, 0xA4, 0x48, 0x29, 0x15, 0x49, 0x9F, 0x42, 0x85, 0x47, 0x2A, 0xC8, 0x82, 0x33,
    0xB9, 0xC4, 0xA4, 0x0E, 0xB1, 0x0B, 0x17, 0x2A, 0x8C, 0xC4, 0xF1, 0xB8, 0x8B, 0x90, 0xB1, 0x55,
    0xC4, 0x2A, 0xB8, 0x89, 0x2E, 0xCE, 0x29, 0xE4, 0x1D, 0xF2, 0xDE, 0x2E, 0x40, 0x1E, 0x25, 0x4A,
    0x49, 0x26, 0xC0, 0x2D, 0x48, 0xDC, 0x01, 0x7F, 0xFF, 0xFE, 0xFF, 0xFE, 0xFB, 0xFF, 0xAF, 0x88,
    0x4C, 0xC5, 0x78, 0xC6, 0x37, 0x7E, 0x15, 0x94, 0x38, 0x8B, 0x10, 0x67, 0xA4, 0x23, 0x75, 0x46,
    0x78, 0xA4, 0xD2, 0x97, 0x9E, 0xFD, 0xAF, 0xDB, 0xCD, 0xF3, 0x0C, 0xC7, 0xA5, 0x6C, 0x30, 0x78,
    0xFB, 0x45, 0xFB, 0xD5, 0xB7, 0x64, 0x5B, 0x56, 0xC5, 0x48, 0x47, 0x2A, 0x79, 0xD9, 0x2B, 0x25,
    0xF3, 0xCB, 0xB8, 0xAE, 0xEB, 0xE7, 0x16, 0xB7, 0xFF, 0x2A, 0xDB, 0x81, 0x16, 0x13, 0x2A, 0x31,
    0x91, 0x48, 0x15, 0x4B, 0xBF, 0xAE, 0xA7, 0xA3, 0xBA, 0x36, 0x41, 0xD1, 0x91, 0x40, 0xBF, 0x2C,
    0xA1, 0xCE, 0x24, 0x52, 0x97, 0x24, 0x96, 0x6B, 0x10, 0xF4, 0x72, 0x33, 0x36, 0x44, 0x92, 0xBA,
    0x94, 0x51, 0x3D, 0xF3, 0x66, 0x3F, 0xD9, 0x0D, 0xAA, 0xED, 0x3C, 0x28, 0xB6, 0x2F, 0x06, 0x45,
    0x25, 0x81, 0xA9, 0xC4, 0xC7, 0x4F, 0x32, 0x9A, 0x8B, 0x84, 0x75, 0x21, 0xFE, 0x5D, 0x23, 0xC1,
    0xBB, 0x18, 0x7A, 0x9A, 0x07, 0xCA, 0xF4, 0x42, 0xDF, 0xA4, 0xAF, 0x46, 0x9C, 0x5F, 0xF9, 0xF5,
    0x4C, 0xA0, 0x97, 0xC8, 0x37, 0x31, 0xBE, 0x8E, 0xB1, 0x86, 0x11, 0xCD, 0xC5, 0x2F, 0x57, 0x13,
    0x4E, 0x1C, 0xE3, 0xC7, 0x4B, 0xB1, 0x64, 0x32, 0x88, 0xA1, 0xFC, 0xA0, 0x1B, 0x14, 0xD2, 0x3F,
    0x8C, 0x94, 0x44, 0x55, 0x87, 0xAB, 0x1A, 0x60, 0x78, 0x15, 0x2E, 0x41, 0x31, 0xD2, 0x12, 0x7B,
    0x07, 0x95, 0x64, 0x41, 0x61, 0x64, 0x27, 0xD4, 0xC6, 0x2F, 0x23, 0x55, 0x85, 0x3A, 0xBA, 0x5C,
    0x42, 0xD2, 0x67, 0x45, 0x06, 0x9D, 0xF8, 0xCA, 0x59, 0x37, 0x49, 0xBC, 0x10, 0xE9, 0x6F, 0x29,
    0x99, 0x85, 0x05, 0xD6, 0x8E, 0x11, 0x6B, 0x99, 0xF6, 0x45, 0xF6, 0x0E, 0xF1, 0x3D, 0x24, 0x42,
    0x9C, 0x0F, 0xD5, 0xE3, 0x4F, 0xCA, 0x41, 0xEA, 0x99, 0x69, 0x2E, 0x7B, 0x26, 0xC3, 0x0F, 0x99,
    0x24, 0x45, 0x4F, 0x46, 0x45, 0xF2, 0xA0, 0x2E, 0xC3, 0xFA, 0x0F, 0xC6, 0x99, 0x1B, 0xC6, 0xBE,
    0x34, 0x78, 0x5B, 0xBE, 0x26, 0xB9, 0x8C, 0x85, 0xDE, 0x81, 0x57, 0x62, 0x95, 0x48, 0x17, 0x5F,
    0x64, 0x32, 0xC4, 0x97, 0xED, 0x39, 0xC4, 0x99, 0xE1, 0xDB, 0x55, 0x39, 0x43, 0x55, 0xC6, 0xCD,
    0x6D, 0x8E, 0x47, 0x8F, 0x4F, 0xBE, 0x94, 0xE1, 0xB7, 0xA9, 0x67, 0x82, 0x2A, 0x2C, 0x28, 0x29,
    0x93, 0x73, 0x76, 0xAA, 0x4C, 0xE4, 0x92, 0x64, 0xDF, 0xDF, 0x4E, 0xDF, 0xAF, 0x82, 0x85, 0x84,
    0x0B, 0xD9, 0x3C, 0x28, 0xB7, 0xFF, 0x52, 0x4A, 0x29, 0xF0, 0x29, 0x8F, 0x78, 0x69, 0xD0, 0xAE,
    0x5D, 0x91, 0x49, 0x5D, 0xDB, 0xC1, 0x97, 0xED, 0xA0, 0xD5, 0x76, 0x9A, 0x21, 0x94, 0x4F, 0x2B,
    0x67, 0x10, 0xFC, 0xA2, 0xBC, 0x74, 0x4B, 0xF7, 0xEB, 0xE2, 0xFC, 0xFA, 0x09, 0x38, 0xC9, 0x92,
    0xBC, 0x4E, 0x23, 0x83, 0xEF, 0x1A, 0x67, 0x7C, 0xF8, 0x04, 0xAE, 0x3A, 0x9E, 0xF6, 0x29, 0x8F,
    0x70, 0xC0, 0x73, 0x47, 0x8F, 0x5C, 0xA4, 0x58, 0x0F, 0xAE, 0x48, 0xE1, 0x8A, 0xC5, 0x44, 0xFB,
    0x26, 0x2C, 0xC3, 0x22, 0xA8, 0x62, 0xE5, 0x99, 0x44, 0x3C, 0xD3, 0xC5, 0xC8, 0x31, 0x32, 0x48,
    0x18, 0x8A, 0x8F, 0x11, 0x94, 0x18, 0xC5, 0x50, 0x22, 0x3D, 0x94, 0x58, 0xD1, 0x66, 0x7D, 0xD9,
    0x95, 0xB8, 0x06, 0xB2, 0x6A, 0xDD, 0x2A, 0xBA, 0x88, 0xE6, 0xFD, 0x8D, 0x71, 0x76, 0x63, 0x68,
    0xED, 0x3E, 0x75, 0x21, 0xE3, 0x9D, 0x08, 0x19, 0x91, 0xD7, 0x09, 0x5E, 0x25, 0xA3, 0xAD, 0x52,
    0xA6, 0x3E, 0x8C, 0x2C, 0x00, 0x3B, 0x75, 0xE5, 0xF0, 0x2B, 0x1A, 0x05, 0x0F, 0xE0, 0x76, 0x0F,
    0xB7, 0x53, 0xA8, 0x8D, 0x5B, 0x60, 0x43, 0x80, 0x55, 0x3C, 0x2B, 0x09, 0x26, 0x43, 0x90, 0x28,
    0x04, 0x89, 0xB2, 0xB2, 0x62, 0x4C, 0x3F, 0xBA, 0x6D, 0xE0, 0xB0, 0x29, 0xDE, 0x9E, 0xFA, 0x80,
    0x92, 0x93, 0x85, 0xA7, 0xBD, 0xAB, 0x9A, 0x80, 0x96, 0xE7, 0x26, 0x78, 0x2B, 0x2A, 0x9D, 0x04,
    0x1F, 0xF0, 0x0D, 0xAA, 0x1E, 0xE6, 0x49, 0x55, 0xA2, 0xE3, 0x7A, 0x01, 0xB0, 0x7D, 0x21, 0xC7,
    0x47, 0x88, 0x77, 0x63, 0xE3, 0x90, 0xF8, 0xBB, 0x52, 0xFC, 0x87, 0xA5, 0x84, 0x1F, 0x02, 0x8D,
    0xD0, 0x32, 0x87, 0x6E, 0xB3, 0x48, 0xFB, 0x55, 0xA4, 0x1C, 0x34, 0x5C, 0xC0, 0x72, 0x58, 0x6F,
    0x5B, 0xDB, 0xE6, 0x8D, 0x0B, 0x84, 0xDE, 0x37, 0x82, 0x60, 0x6E, 0x3D, 0xE1, 0x97, 0x8D, 0x37,
    0xEE, 0xCE, 0x24, 0x02, 0x28, 0xE2, 0x2A, 0xD1, 0x9E, 0x5D, 0x6F, 0xD0, 0xFE, 0x52, 0x7C, 0x0F,
    0xF7, 0x3D, 0x58, 0x38, 0x55, 0x9B, 0x58, 0xDA, 0xCC, 0x05, 0xF3, 0x91, 0xB7, 0x00, 0xA4, 0x7A,
    0xAB, 0xF0, 0x2D, 0x34, 0x7D, 0x13, 0x2B, 0x59, 0xA3, 0xA5, 0xBA, 0x17, 0x2A, 0xC9, 0xEB, 0x39,
    0x34, 0x1E, 0xC9, 0x48, 0xC5, 0x7A, 0x03, 0x46, 0xDB, 0x85, 0x9C, 0x31, 0xBC, 0x35, 0x80, 0xAC,
    0x21, 0xF0, 0xD4, 0x83, 0x3D, 0x13, 0xA8, 0xB9, 0xE4, 0x2D, 0xC8, 0xAF, 0x2B, 0x8C, 0xD2, 0x19,
    0x19, 0xD2, 0x2C, 0xE6, 0x76, 0x85, 0x5C, 0x67, 0x4D, 0xF5, 0x5F, 0x7E, 0xBD, 0xE4, 0x87, 0x4A,
    0x66, 0xF4, 0xB7, 0x4C, 0xB1, 0x22, 0x0C, 0xE7, 0x7B, 0x79, 0x04, 0x3F, 0x80, 0x90, 0xFC, 0xC5,
    0x44, 0x45, 0x45, 0x54, 0x24, 0xD6, 0xFE, 0x7E, 0x95, 0x63, 0xDD, 0xF9, 0x69, 0x7E, 0xE0, 0x5A,
    0x9B, 0xE7, 0xC3, 0x32, 0x82, 0xA5, 0x03, 0xF0, 0x88, 0x5F, 0x75, 0x31, 0x7A, 0x78, 0xB7, 0x2B,
    0x21, 0xEE, 0x93, 0x32, 0xBE, 0x7F, 0x50, 0x04, 0xF5, 0xE7, 0x85, 0xBC, 0x13, 0xD9, 0x10, 0xB8,
    0x09, 0xDC, 0x8C, 0x61, 0xFF, 0x0D, 0x6F, 0x06, 0xBF, 0x54, 0xB0, 0xB1, 0x6A, 0x56, 0x1A, 0x94,
    0x21, 0xF5, 0x38, 0x71, 0x2C, 0xC5, 0xD8, 0x58, 0x0E, 0x89, 0xAF, 0x93, 0xC7, 0xC9, 0xE0, 0xC4,
    0x01, 0x61, 0x98, 0xC7, 0x9B, 0x28, 0x49, 0xA6, 0xE2, 0x41, 0x76, 0x02, 0x75, 0x17, 0xE2, 0x46,
    0x42, 0xFF, 0xF2, 0x9F, 0x94, 0x21, 0x77, 0xD8, 0x44, 0x3A, 0x5D, 0x56, 0x13, 0x23, 0x72, 0x66,
    0x7D, 0xFD, 0x48, 0xF2, 0xFA, 0xFA, 0xEB, 0x80, 0xC6, 0x5C, 0xDE, 0xB9, 0xF5, 0x9E, 0x78, 0xE2,
    0xBC, 0x1F, 0x72, 0x7E, 0x0B, 0x53, 0xFE, 0x43, 0xC5, 0x13, 0x7C, 0x9B, 0x16, 0xB2, 0x02, 0xFC,
    0x8E, 0x00, 0x41, 0xFC, 0xE9, 0xDF, 0x20, 0x03, 0x35, 0xC7, 0x79, 0xD0, 0x7B, 0x99, 0x3C, 0x00,
    0x3B, 0xCE, 0xC0, 0x64, 0x6F, 0x73, 0xBA, 0xA9, 0xF8, 0x06, 0x1C, 0x29, 0x77, 0xC4, 0x9B, 0x52,
    0x28, 0x10, 0xE5, 0xB7, 0x16, 0x80, 0xBF, 0x52, 0x6D, 0xE3, 0xCA, 0x1A, 0xF8, 0x16, 0xBF, 0x1F,
    0x31, 0x01, 0x84, 0x8F, 0x2E, 0x8F, 0xEC, 0x6F, 0x61, 0x49, 0x67, 0x32, 0x5E, 0xB1, 0xD2, 0x1D,
    0x58, 0x7C, 0x5E, 0x0D, 0x43, 0xBD, 0xB9, 0x55, 0x65, 0xB1, 0x32, 0x41, 0x99, 0xC5, 0x3E, 0x42,
    0x38, 0x5B, 0x0D, 0x0A, 0x5C, 0x3B, 0xA1, 0x0E, 0x8A, 0x4B, 0x39, 0xAE, 0xFA, 0x5A, 0x06, 0x9E,
    0xD7, 0x26, 0x83, 0xB9, 0x2E, 0x9B, 0x3C, 0xF8, 0xC7, 0xE4, 0xA3, 0xA2, 0x2B, 0xF5, 0xE7, 0x35,
    0xA2, 0xE3, 0x3B, 0xF2, 0x9E, 0xC4, 0x16, 0x6E, 0x61, 0x65, 0x67, 0x9D, 0xCB, 0x4A, 0x63, 0x12,
    0xDC, 0x4C, 0x6E, 0x1E, 0x19, 0x04, 0x3A, 0x63, 0x75, 0xBC, 0x6C, 0xD2, 0x49, 0x5F, 0xE1, 0xE2,
    0xFD, 0x8D, 0x76, 0x24, 0xC9, 0x87, 0x05, 0x03, 0x52, 0x4D, 0xE9, 0xB1, 0x1D, 0xB1, 0x34, 0x0F,
    0x45, 0x87, 0x30, 0x52, 0x7D, 0x08, 0xC8, 0xC0, 0x8E, 0x58, 0x6A, 0x4E, 0x50, 0x76, 0xB9, 0xBE,
    0x84, 0x4E, 0x8D, 0xF9, 0x7B, 0xEC, 0xD6, 0x0E, 0x80, 0x7B, 0x35, 0x32, 0xA5, 0x91, 0x5D, 0x00,
    0x33, 0x0F, 0x38, 0x4A, 0xA6, 0x2A, 0xE6, 0x9F, 0xB0, 0x0A, 0x41, 0x24, 0x11, 0x03, 0x41, 0x7B,
    0x53, 0xBC, 0x31, 0x06, 0x45, 0x8E, 0x13, 0x3B, 0xBC, 0x69, 0x17, 0xB9, 0x0E, 0xCE, 0x03, 0x2D,
    0x3F, 0xB2, 0x16, 0x87, 0x77, 0x6A, 0x32, 0xC3, 0x83, 0x39, 0xD7, 0xD2, 0x67, 0x30, 0xC4, 0x1A,
    0x13, 0x03, 0xA2, 0x22, 0x2B, 0x8A, 0x0C, 0x60, 0xC3, 0xDF, 0xC5, 0xFF, 0xF0, 0xE4, 0x25, 0x23,
    0x3D, 0xE4, 0xFC, 0x9B, 0x92, 0xCD, 0xE2, 0x32, 0x32, 0x70, 0x21, 0xC3, 0x71, 0xF2, 0xA8, 0x35,
    0xC4, 0xD9, 0x46, 0x61, 0xC0, 0x0B, 0x8B, 0x83, 0xCA, 0x23, 0x52, 0x62, 0xA2, 0x30, 0x51, 0xA4,
    0xA1, 0x35, 0x38, 0xBA, 0x10, 0x12, 0xA9, 0xBB, 0xB0, 0x02, 0xC1, 0x0F, 0xB0, 0x31, 0xA0, 0xAA,
    0xB0, 0xEA, 0x98, 0x46, 0x4A, 0x58, 0x20, 0x40, 0xFD, 0x19, 0x0D, 0x52, 0x59, 0xB6, 0xC4, 0xA5,
    0xA5, 0x38, 0x08, 0xA6, 0x70, 0xAF, 0x61, 0x5B, 0xC6, 0x73, 0xCB, 0x3E, 0x21, 0x71, 0x58, 0xD7,
    0x05, 0xCC, 0x51, 0xD0, 0x6F, 0x71, 0x93, 0x31, 0x92, 0x66, 0x70, 0x7D, 0xCE, 0x1C, 0xB5, 0x5A,
    0x92, 0x35, 0x3B, 0x55, 0x56, 0x71, 0x24, 0x4B, 0x3F, 0x4D, 0x56, 0xAF, 0x35, 0x97, 0xAC, 0xB7,
    0xA6, 0x1D, 0x39, 0xD3, 0x8E, 0x1E, 0x37, 0x6D, 0xFA, 0xB8, 0x69, 0xD3, 0x9A, 0xB4, 0x56, 0xD3,
    0xB4, 0xCC, 0xD0, 0x36, 0x73, 0xE3, 0xF3, 0x84, 0x69, 0xE7, 0x27, 0x62, 0x1A, 0x33, 0x10, 0xDF,
    0x16, 0xE4, 0x7E, 0x05, 0x9D, 0x41, 0x4F, 0x28, 0x9A, 0x4A, 0x1B, 0x2C, 0xCE, 0xB4, 0x9F, 0xAE,
    0xBF, 0x59, 0xE0, 0xDD, 0x5A, 0x47, 0x5F, 0xDE, 0xDA, 0x3A, 0x69, 0xDA, 0xD8, 0xE1, 0x2B, 0x11,
    0x5B, 0x29, 0xE0, 0xD3, 0x13, 0x5B, 0x3F, 0x38, 0x9D, 0xDA, 0x54, 0x57, 0x1D, 0x57, 0x87, 0xB1,
    0x26, 0x85, 0xF0, 0x0D, 0x3E, 0x9B, 0x37, 0x4A, 0xF8, 0xAD, 0xB9, 0xCA, 0x93, 0xE6, 0x22, 0xAD,
    0x46, 0xAD, 0xA9, 0x8E, 0xCC, 0x45, 0xB8, 0x64, 0x78, 0x9F, 0xA5, 0x4A, 0x1F, 0x3C, 0x95, 0xD4,
    0x5C, 0x9B, 0x3E, 0xB1, 0xA8, 0xB8, 0xC0, 0x7A, 0xFA, 0xC4, 0x0B, 0x22, 0xA2, 0x42, 0x02, 0x0B,
    0x90, 0x59, 0x20, 0x7B, 0x13, 0xC2, 0x3F, 0x60, 0x8C, 0xDF, 0x65, 0x5E, 0xDD, 0x27, 0x75, 0xCF,
    0x6D, 0x76, 0x03, 0x3F, 0xC5, 0x45, 0xCE, 0x29, 0x52, 0xCE, 0x81, 0xD9, 0x12, 0x17, 0x40, 0xD0,
    0xA7, 0x47, 0x39, 0xB9, 0xB4, 0x84, 0xC8, 0xDC, 0xD5, 0x8C, 0x53, 0x7D, 0xDC, 0x2A, 0xFD, 0x74,
    0xBC, 0xD8, 0xD1, 0x1C, 0x70, 0x47, 0x64, 0xBC, 0x05, 0x75, 0xF0, 0x6A, 0x92, 0xA5, 0xBF, 0xCF,
    0x4C, 0x1B, 0xDC, 0x53, 0xF2, 0x9B, 0x32, 0xF8, 0x58, 0x7B, 0x0F, 0x8B, 0xE0, 0xAE, 0x0E, 0x3E,
    0x2B, 0xC2, 0x8F, 0xEC, 0xE7, 0xC3, 0x22, 0x7E, 0x55, 0x47, 0x3F, 0x2F, 0x13, 0x98, 0xF2, 0x0A,
    0x99, 0x08, 0x24, 0x33, 0xA6, 0x33, 0x8C, 0xA1, 0x59, 0xFF, 0x5E, 0xF1, 0xFA, 0xCF, 0x82, 0xFE,
    0x98, 0x28, 0x62, 0x60, 0x64, 0x3D, 0x92, 0xB7, 0x19, 0x18, 0x06, 0x41, 0x65, 0x30, 0xA7, 0x77,
    0x6A, 0xAC, 0xC1, 0xDF, 0x57, 0x48, 0x9E, 0x9F, 0x15, 0x70, 0xD3, 0x27, 0x2C, 0x49, 0x3E, 0x00,
    0xB1, 0x81, 0x5F, 0xE8, 0xAF, 0x31, 0x1D, 0x36, 0x04, 0xDC, 0x74, 0xCF, 0x16, 0x90, 0xF4, 0x5C,
    0x7C, 0x1D, 0x2C, 0x16, 0x7E, 0x8C, 0x29, 0x82, 0x7D, 0xCC, 0x00, 0x11, 0x3D, 0xB2, 0x7D, 0x6E,
    0x2B, 0xF0, 0x67, 0xF0, 0x41, 0x48, 0xD0, 0x06, 0x45, 0xCA, 0x4B, 0xCE, 0x4B, 0x26, 0xB6, 0x78,
    0xC2, 0x0F, 0x43, 0xB1, 0x25, 0x14, 0x6C, 0x95, 0x31, 0x56, 0x4F, 0x07, 0xED, 0xA3, 0x65, 0xCC,
    0x1E, 0xF3, 0xD7, 0x1E, 0x1C, 0xD0, 0xC3, 0x1C, 0x5D, 0x38, 0xA0, 0xDB, 0x94, 0x23, 0xBB, 0x28,
    0x04, 0xA6, 0xD1, 0x97, 0x93, 0x92, 0x09, 0x34, 0xFE, 0x95, 0x7A, 0x46, 0x90, 0xFD, 0xDF, 0xFA,
    0xDE, 0xA4, 0xBE, 0x43, 0xEA, 0xDB, 0xA5, 0xBE, 0x89, 0xD5, 0x17, 0xFE, 0x9F, 0x1C, 0x90, 0xB5,
    0x3D, 0x5B, 0x90, 0xDF, 0x6C, 0x95, 0xAE, 0x1A, 0x96, 0x79, 0x8A, 0xD2, 0xE1, 0x14, 0xCC, 0xE0,
    0x94, 0x56, 0x3D, 0x8B, 0x43, 0xC2, 0x10, 0x03, 0xBE, 0x64, 0x05, 0x14, 0xA0, 0x3A, 0x60, 0xA0,
    0xAC, 0x37, 0xAD, 0xCE, 0x6D, 0xB4, 0x3A, 0xB2, 0x6B, 0xC9, 0xBB, 0x90, 0x8B, 0xB6, 0x56, 0x22,
    0x22, 0x17, 0xCA, 0xB5, 0x3A, 0x2B, 0xD4, 0x23, 0x6A, 0x70, 0x2A, 0x48, 0x8A, 0x62, 0x50, 0x61,
    0x98, 0x54, 0x2D, 0xB5, 0x3A, 0xAE, 0x53, 0x23, 0x1A, 0x67, 0xB6, 0x62, 0x7B, 0x32, 0xD6, 0xE8,
    0x11, 0x67, 0xB5, 0x7C, 0xA9, 0x90, 0x1B, 0x36, 0x65, 0xCE, 0xD8, 0x55, 0x40, 0x6D, 0x7D, 0xE9,
    0x0A, 0x8B, 0x23, 0x26, 0xC6, 0x05, 0xED, 0xE0, 0x13, 0x74, 0xFC, 0x0C, 0xCE, 0xC8, 0x29, 0xDA,
    0x06, 0x5A, 0xCF, 0x26, 0x6E, 0x9D, 0xB0, 0x64, 0x01, 0xB5, 0x7A, 0xD4, 0xB6, 0x55, 0x57, 0x8E,
    0x28, 0x2E, 0x77, 0x6F, 0xF4, 0xA8, 0x01, 0x0B, 0x74, 0xC2, 0xB2, 0xC4, 0x04, 0x70, 0xA0, 0x9B,
    0x8F, 0x2C, 0x19, 0xE9, 0x5C, 0x6C, 0xE9, 0x27, 0xEC, 0xC5, 0x10, 0xFE, 0x8C, 0xD7, 0x4F, 0x60,
    0x1C, 0xFF, 0x01, 0x96, 0xEB, 0xED, 0x4B, 0x53, 0xAF, 0x30, 0x30, 0x8E, 0xE4, 0xA3, 0x34, 0xCE,
    0x51, 0xD6, 0x57, 0x32, 0x1C, 0x32, 0x63, 0x8C, 0x33, 0xE9, 0xA1, 0x68, 0x85, 0x86, 0x86, 0x45,
    0xDA, 0x8E, 0x61, 0x99, 0x66, 0xD0, 0xA9, 0x75, 0xFC, 0x0A, 0x45, 0x27, 0xBC, 0x88, 0xE0, 0xEB,
    0x86, 0x05, 0xF2, 0xE3, 0x6A, 0xAC, 0x76, 0xD0, 0x97, 0xA1, 0xEE, 0x1A, 0x4B, 0xDC, 0x91, 0x01,
    0xB8, 0x28, 0x93, 0x9F, 0xE2, 0x3A, 0x90, 0x9F, 0x95, 0x2C, 0xA3, 0x91, 0xD5, 0x21, 0xB7, 0xAF,
    0x38, 0x47, 0xBF, 0x9D, 0x71, 0xD7, 0x51, 0x0C, 0xF2, 0x4D, 0x2A, 0x56, 0xF1, 0x1E, 0xD9, 0x8F,
    0x15, 0xFE, 0x1F, 0xE9, 0xD4, 0x03, 0x56, 0x02, 0x96, 0x32, 0xF6, 0x5A, 0x75, 0x03, 0x2A, 0x1E,
    0x5F, 0xC7, 0x12, 0x52, 0x32, 0xCE, 0x6E, 0x60, 0x49, 0x7C, 0xEA, 0x8A, 0x16, 0x88, 0xC8, 0x69,
    0x96, 0xF4, 0xC8, 0x5E, 0x3D, 0xDE, 0x1E, 0xD2, 0x40, 0xA6, 0x45, 0x78, 0xA2, 0x60, 0xAD, 0x1E,
    0xD9, 0x97, 0x2B, 0xFF, 0x8A, 0x0E, 0x9C, 0x10, 0xB6, 0x7D, 0xD5, 0xB8, 0xDC, 0x45, 0xC9, 0x69,
    0xE9, 0x9B, 0x8E, 0xB7, 0x5E, 0xB7, 0x1E, 0x47, 0x6E, 0xC0, 0x58, 0x38, 0x50, 0xF8, 0xA6, 0x69,
    0x58, 0x94, 0x7B, 0x75, 0xE6, 0x58, 0x32, 0x6A, 0x7A, 0x98, 0x8D, 0xA5, 0xA2, 0x59, 0x3B, 0x05,
    0xD1, 0xB8, 0x94, 0x13, 0x86, 0xCD, 0x79, 0xC5, 0xBA, 0xEE, 0x8E, 0xED, 0x57, 0x98, 0x97, 0x68,
    0x13, 0x74, 0x09, 0x68, 0x12, 0x5C, 0xE9, 0x16, 0x50, 0x6B, 0x36, 0x77, 0x91, 0xB2, 0x46, 0xB2,
    0x20, 0x4D, 0x6C, 0x27, 0x88, 0x36, 0xA3, 0xB7, 0x26, 0x7D, 0x23, 0xE7, 0xD7, 0x6C, 0xA1, 0x39,
    0x60, 0x63, 0xDA, 0x9C, 0x1D, 0x9C, 0x2F, 0xE0, 0xA1, 0x55, 0x8B, 0x3F, 0x77, 0x46, 0x0A, 0x0D,
    0x8B, 0x0A, 0x35, 0x9A, 0x23, 0xCC, 0x3A, 0x29, 0xE4, 0x47, 0xCF, 0x94, 0xED, 0x32, 0x5A, 0x66,
    0x57, 0x3F, 0xB0, 0xBD, 0x64, 0xAB, 0xE2, 0xB7, 0x0D, 0xDB, 0x22, 0xC8, 0x90, 0x97, 0xB0, 0x12,
    0x91, 0x03, 0xE5, 0x7F, 0x6E, 0x49, 0xFA, 0x4A, 0xD9, 0xF5, 0xD0, 0xA0, 0x9B, 0x86, 0xF1, 0x47,
    0x0D, 0xE3, 0x53, 0x1D, 0x64, 0x16, 0xC4, 0xE7, 0x8D, 0x35, 0x99, 0x1C, 0x1A, 0xFF, 0xD1, 0x55,
    0xC0, 0x28, 0x04, 0x88, 0x90, 0xA1, 0x6C, 0x25, 0x4F, 0x68, 0x91, 0x74, 0x38, 0x22, 0x76, 0x3E,
    0x3A, 0x51, 0x23, 0x1D, 0x1F, 0xEC, 0xAB, 0xA0, 0x7E, 0xAD, 0x29, 0x88, 0x8E, 0xB3, 0x8F, 0xDF,
    0xA6, 0xCC, 0xDF, 0xDF, 0x94, 0xE0, 0xE3, 0x5A, 0x85, 0xF3, 0xB7, 0x8A, 0x08, 0xDD, 0x50, 0x84,
    0x04, 0x88, 0x75, 0x18, 0xAC, 0x02, 0x83, 0x3D, 0xAC, 0x5F, 0xA5, 0x78, 0x32, 0x85, 0xCC, 0xBE,
    0x06, 0x6D, 0xFD, 0x6B, 0x2E, 0xD9, 0x88, 0xF4, 0x00, 0x61, 0xCF, 0xDF, 0x40, 0x84, 0x1D, 0x4A,
    0x74, 0x7F, 0x13, 0x6E, 0x8B, 0xB1, 0xDA, 0x6F, 0x58, 0x37, 0x8F, 0x97, 0x42, 0x7B, 0x6A, 0xEF,
    0xB9, 0x7D, 0x30, 0x93, 0x74, 0xDF, 0xB8, 0x4E, 0xE2, 0xEC, 0x72, 0x19, 0xB1, 0xA4, 0xD1, 0xF3,
    0xAF, 0x94, 0x7E, 0xFD, 0xB0, 0x88, 0xEE, 0xBF, 0x0F, 0x90, 0x25, 0x58, 0x47, 0x6C, 0x7B, 0xE4,
    0xB1, 0x2D, 0x5A, 0x63, 0x71, 0x23, 0x85, 0xA4, 0x4D, 0x19, 0x22, 0xF5, 0xF5, 0xF7, 0xF7, 0x24,
    0x5A, 0x64, 0xB6, 0x9F, 0x90, 0x0B, 0x37, 0xA0, 0x4A, 0x54, 0x6D, 0x82, 0x21, 0x72, 0x49, 0x86,
    0xB2, 0x71, 0xE7, 0xF6, 0xAC, 0x5E, 0x68, 0x67, 0xEF, 0x1D, 0xB9, 0x38, 0x94, 0xDD, 0xFE, 0x03,
    0x13, 0x21, 0x2B, 0x70, 0xF6, 0x0B, 0xDC, 0xD8, 0x29, 0xAC, 0x7A, 0x6D, 0x01, 0xF1, 0xC6, 0x7D,
    0x92, 0xAD, 0xC8, 0x9B, 0x9F, 0xBA, 0x8D, 0x80, 0x68, 0x29, 0x0F, 0xB7, 0xA4, 0xB6, 0xBA, 0x44,
    0x6A, 0xD9, 0x12, 0xA9, 0x0D, 0xDC, 0x4A, 0x2F, 0x18, 0x57, 0x7C, 0x33, 0x3F, 0x1C, 0x3B, 0xEA,
    0xC7, 0xDC, 0x12, 0x78, 0xAA, 0xA3, 0xBA, 0xA4, 0x2B, 0x3D, 0xD1, 0x51, 0x7D, 0x4F, 0x79, 0x77,
    0xDA, 0xC9, 0x52, 0x84, 0xC4, 0x86, 0xF4, 0x6F, 0x23, 0x3B, 0xB0, 0xAB, 0x7C, 0xFD, 0x99, 0xCE,
    0x43, 0xE7, 0x71, 0xB5, 0x88, 0x4A, 0xA6, 0xDD, 0x80, 0x2D, 0x1E, 0x72, 0x10, 0xF3, 0x50, 0xA4,
    0x01, 0x18, 0xA4, 0xF2, 0x58, 0x75, 0x84, 0xCE, 0xE1, 0x06, 0x54, 0x62, 0x2B, 0x20, 0xF9, 0xB5,
    0x6F, 0x7C, 0x4B, 0xBC, 0x9E, 0x0A, 0x9A, 0xDD, 0x37, 0x9B, 0xA5, 0x6D, 0x7D, 0xD5, 0x69, 0xB6,
    0x6E, 0x04, 0x20, 0xB7, 0x75, 0x63, 0xE3, 0xAB, 0x33, 0x2D, 0xB6, 0xBB, 0x4F, 0x60, 0x7B, 0x7C,
    0x02, 0xDB, 0xB6, 0x24, 0xA4, 0x82, 0x7D, 0x0D, 0x4F, 0xB5, 0xC7, 0x13, 0xCA, 0x17, 0xDE, 0x1A,
    0x54, 0xD5, 0xCC, 0x51, 0xD1, 0xBB, 0xE8, 0xE3, 0x7F, 0x00, 0x9A, 0xBB, 0x8A, 0x10, 0x9A, 0xB3,
    0x05, 0xC6, 0x44, 0xAF, 0x69, 0x50, 0x63, 0x29, 0x9D, 0x80, 0x0C, 0x37, 0xC3, 0x4C, 0xBB, 0x18,
    0x7D, 0x2B, 0x09, 0x15, 0xA7, 0xDD, 0x07, 0x79, 0xBA, 0xF2, 0xDE, 0x95, 0x9B, 0x2B, 0x30, 0xCE,
    0xBD, 0x79, 0x3A, 0xA7, 0x79, 0x7E, 0x3B, 0x02, 0x6D, 0xC6, 0x30, 0x4E, 0x53, 0x4A, 0xAA, 0x78,
    0x29, 0xA8, 0x13, 0x7B, 0xAE, 0x36, 0xFB, 0x56, 0x1D, 0x2B, 0x23, 0x6F, 0xE4, 0xB4, 0x27, 0x37,
    0x62, 0xBC, 0xCB, 0x94, 0x08, 0x73, 0xCF, 0xFF, 0x47, 0x73, 0x3F, 0x11, 0x27, 0x2C, 0x04, 0x22,
    0xCD, 0x5D, 0x05, 0x24, 0x4F, 0x65, 0x2C, 0xBE, 0x5D, 0xC7, 0x3D, 0x04, 0xD9, 0xA6, 0x5B, 0x8C,
    0x13, 0xDD, 0xEC, 0xF2, 0xFD, 0x50, 0xE4, 0x21, 0x0B, 0x97, 0x37, 0x8C, 0x8F, 0xDE, 0x1A, 0x6E,
    0x1B, 0x36, 0x4D, 0x17, 0xC7, 0x10, 0xE4, 0x33, 0x86, 0x87, 0xA6, 0x11, 0x77, 0x31, 0x10, 0xBD,
    0xF1, 0xE6, 0x44, 0xC5, 0x09, 0x09, 0x5B, 0x9D, 0xB6, 0x8F, 0x02, 0x5D, 0x2E, 0xAB, 0x53, 0x62,
    0x4C, 0xFF, 0xE7, 0x18, 0x6B, 0xB1, 0x3E, 0x5E, 0x8A, 0x70, 0xF8, 0xE2, 0xCA, 0x8D, 0xE0, 0x5E,
    0x15, 0xCE, 0x51, 0x1E, 0x30, 0x62, 0x96, 0x29, 0xF0, 0x31, 0x98, 0xB4, 0x56, 0x08, 0xBE, 0xD8,
    0x64, 0x6A, 0x77, 0xB1, 0x85, 0x45, 0x86, 0xA8, 0x3C, 0xBC, 0x09, 0xA4, 0xAD, 0x1C, 0x5A, 0x3D,
    0x2F, 0x5A, 0x7B, 0x1F, 0x02, 0xFC, 0xC7, 0x56, 0x70, 0x9E, 0x7E, 0xF3, 0x4F, 0xF5, 0xE1, 0x5B,
    0xBF, 0x7C, 0xDC, 0xD3, 0x43, 0xE9, 0x97, 0xEC, 0xF0, 0xCF, 0x00, 0xCC, 0xCF, 0xF2, 0xC2, 0x10,
    0x6F, 0x0C, 0xF0, 0x0D, 0x3B, 0xDE, 0x0D, 0x0F, 0xF2, 0x6B, 0xE4, 0xBB, 0x99, 0xDB, 0x5B, 0x38,
    0x87, 0x77, 0x33, 0x20, 0x9D, 0xCF, 0x77, 0x6D, 0xF7, 0x0B, 0x9B, 0xB0, 0x94, 0x04, 0x68, 0xE3,
    0x57, 0xB0, 0xB2, 0x5F, 0x80, 0xE3, 0xAF, 0x23, 0xEF, 0xDD, 0x83, 0x2E, 0xC0, 0xA7, 0x3F, 0x73,
    0x78, 0x3E, 0xC7, 0x33, 0x47, 0xA4, 0xA2, 0x96, 0x5B, 0xC8, 0xAC, 0x03, 0x83, 0x99, 0x6E, 0xF0,
    0x67, 0xBF, 0x5A, 0x0D, 0xAE, 0x07, 0x45, 0x12, 0xBD, 0x86, 0x85, 0xE2, 0x90, 0xF8, 0x85, 0x08,
    0x59, 0x24, 0x8B, 0x30, 0xC7, 0xB5, 0x70, 0x17, 0xE5, 0x55, 0x88, 0x84, 0x5B, 0x01, 0xD8, 0x68,
    0x43, 0x4B, 0x6E, 0xD2, 0xAC, 0x79, 0x06, 0x77, 0x33, 0x78, 0x72, 0x08, 0xCB, 0xE5, 0x30, 0x5A,
    0x02, 0x8B, 0x20, 0xDF, 0xA3, 0x8C, 0x73, 0x3B, 0x21, 0xBB, 0x8C, 0xAB, 0x31, 0xD2, 0x74, 0x6E,
    0xCB, 0x13, 0xEE, 0x6C, 0x79, 0x4A, 0xCE, 0x01, 0x03, 0xBB, 0x10, 0xC1, 0x88, 0xA8, 0xBC, 0x76,
    0x0B, 0x18, 0xAC, 0x6D, 0x2B, 0xB7, 0x31, 0xD3, 0x0E, 0xE4, 0xE4, 0xE4, 0x25, 0x6E, 0x82, 0xE8,
    0xE3, 0x6A, 0x36, 0x73, 0x2E, 0xA4, 0xE8, 0x7E, 0xD3, 0x03, 0x79, 0xEB, 0xEB, 0x8A, 0x75, 0xF3,
    0xCA, 0xAD, 0xAD, 0xE3, 0x24, 0xCC, 0x8C, 0x4B, 0x37, 0xF5, 0x5C, 0xA5, 0x43, 0xDA, 0x20, 0x23,
    0xB8, 0x04, 0x7C, 0x28, 0x93, 0xFA, 0xB0, 0xDD, 0xEB, 0x43, 0xBD, 0xE3, 0x9C, 0xED, 0x32, 0xDD,
    0x4E, 0xC3, 0x06, 0x10, 0xE0, 0x78, 0xE0, 0x42, 0xD1, 0x24, 0xE3, 0xC0, 0x25, 0x4C, 0x9B, 0x33,
    0x71, 0x0D, 0xC1, 0x15, 0xB3, 0x26, 0x29, 0x64, 0x78, 0xF9, 0x1A, 0x5E, 0xE5, 0x4E, 0x9F, 0xF1,
    0x2A, 0xAF, 0xF4, 0x6D, 0x94, 0xC3, 0xFB, 0x3A, 0x44, 0xEA, 0x75, 0xF1, 0xBA, 0x8A, 0xB4, 0xDC,
    0x69, 0xE2, 0xD2, 0x3D, 0xBE, 0xDD, 0x94, 0x91, 0x7B, 0x36, 0x97, 0x02, 0x59, 0x91, 0xFD, 0x38,
    0x28, 0x3A, 0x34, 0xE2, 0x4B, 0xE8, 0x88, 0x4F, 0xAA, 0x1A, 0x1D, 0x07, 0xC7, 0x3A, 0xA2, 0x5A,
    0x80, 0x76, 0x28, 0x60, 0xCE, 0xB9, 0x7D, 0xF5, 0x68, 0xEE, 0x55, 0xE9, 0xD6, 0x2B, 0x65, 0x16,
    0xD6, 0xC5, 0x77, 0x3D, 0x5B, 0xE5, 0xC9, 0xBF, 0x01, 0xBD, 0x59, 0x3D, 0x6C, 0xDC, 0xE6, 0x19,
    0x7E, 0x49, 0x4A, 0x22, 0x64, 0x22, 0xFE, 0x32, 0x28, 0x40, 0x1A, 0xC7, 0xE6, 0xE2, 0x21, 0x08,
    0xA4, 0xE3, 0xE2, 0x41, 0x2D, 0x78, 0x77, 0x74, 0x3D, 0x78, 0xC8, 0x50, 0x0F, 0x41, 0x33, 0x64,
    0xC9, 0x90, 0xC9, 0x43, 0x9D, 0x02, 0x19, 0xAE, 0x28, 0x25, 0x31, 0xF0, 0x90, 0xA1, 0x43, 0x85,
    0x02, 0x45, 0x57, 0x0F, 0x1E, 0x5A, 0x17, 0x85, 0x5C, 0x40, 0xC3, 0x0D, 0x57, 0x8B, 0xB5, 0x87,
    0x8E, 0xA5, 0x51, 0x14, 0x1E, 0x0A, 0xB4, 0x6C, 0xE1, 0xA2, 0x45, 0x8D, 0x42, 0x5F, 0x63, 0x36,
    0x3D, 0x5B, 0xD2, 0x7D, 0x79, 0x9E, 0x8F, 0xE4, 0x9D, 0x9C, 0xC4, 0x45, 0x5D, 0x29, 0xBA, 0xBB,
    0x8F, 0x77, 0x67, 0x1F, 0xDF, 0xDF, 0xE7, 0xFD, 0x95, 0xB3, 0xE9, 0x69, 0xAF, 0x74, 0x12, 0xC1,
    0x23, 0xC8, 0x82, 0x44, 0x25, 0x4A, 0x94, 0x84, 0xD2, 0x91, 0x9E, 0x74, 0xF1, 0x4C, 0xF1, 0x7C,
    0x5F, 0xEC, 0xC3, 0xCD, 0x45, 0xBC, 0x4C, 0x24, 0xAA, 0xC4, 0x35, 0x13, 0x09, 0x1E, 0x84, 0x89,
    0x7A, 0x2B, 0xC8, 0x3A, 0x81, 0x48, 0x7C, 0x5A, 0x24, 0x7D, 0x49, 0x64, 0x80, 0x33, 0x7C, 0x1D,
    0x9F, 0x97, 0xE7, 0x24, 0x5E, 0xEE, 0x49, 0xFF, 0x7B, 0xFB, 0xA2, 0x4C, 0x29, 0xCE, 0x04, 0x0C,
    0x3E, 0x00, 0x8D, 0xDB, 0x24, 0xF4, 0x0A, 0xE8, 0x98, 0x42, 0xC2, 0x47, 0x1A, 0x4C, 0xC6, 0x32,
    0x04, 0x8B, 0x4A, 0xCE, 0x8B, 0xC6, 0x7F, 0xE1, 0x38, 0x38, 0xA1, 0x39, 0xB0, 0xC7, 0x2D, 0xF0,
    0x53, 0x9E, 0xBC, 0x3E, 0x7E, 0xEE, 0xE6, 0x21, 0x3E, 0xED, 0x18, 0x93, 0x19, 0xC8, 0x50, 0xCB,
    0x75, 0xD7, 0x7C, 0x94, 0x7B, 0xC6, 0xEC, 0x15, 0xCE, 0x44, 0x76, 0x12, 0xDC, 0x1F, 0xF1, 0xC7,
    0x4A, 0x82, 0x04, 0x2F, 0x25, 0xED, 0xE5, 0x9C, 0x58, 0xCD, 0xF0, 0xC2, 0xD7, 0xAE, 0xA8, 0x0C,
    0xBC, 0xC3, 0xD2, 0x1F, 0xCB, 0x86, 0x01, 0xAB, 0x0B, 0x1B, 0x4F, 0xDE, 0x90, 0xE9, 0x23, 0x12,
    0x57, 0x2B, 0xB0, 0x53, 0x99, 0x4A, 0x82, 0x3C, 0xC2, 0xA7, 0x18, 0x82, 0x40, 0xF1, 0x3F, 0x6B,
    0x71, 0x1E, 0x43, 0x12, 0x93, 0x49, 0xDF, 0xEC, 0xCB, 0x9B, 0x77, 0x7E, 0x0A, 0x6D, 0x45, 0xAE,
    0x4E, 0x6E, 0xCA, 0x8E, 0x19, 0x0B, 0x14, 0xA9, 0x4F, 0xA3, 0x88, 0xFD, 0xA4, 0x9D, 0xD2, 0x29,
    0xDD, 0xC2, 0xCB, 0xF9, 0x9C, 0xF1, 0x50, 0x72, 0x0E, 0xCF, 0x15, 0x89, 0xED, 0x73, 0x20, 0x4B,
    0xB8, 0xE5, 0x0A, 0x75, 0x17, 0x59, 0xBF, 0x96, 0x49, 0xE5, 0xE7, 0xA2, 0x61, 0x6F, 0x52, 0x19,
    0xE1, 0xEC, 0x24, 0xE2, 0xFF, 0x41, 0x8B, 0x72, 0x0E, 0x70, 0x57, 0x04, 0x2D, 0xA0, 0x56, 0xE6,
    0x67, 0xBE, 0x0E, 0x12, 0x67, 0xD2, 0xB1, 0x6E, 0x11, 0x5F, 0x5B, 0xF6, 0x4B, 0xB2, 0x0D, 0x8A,
    0x5A, 0xFA, 0x97, 0x35, 0xC8, 0x65, 0xE2, 0x42, 0xC8, 0x45, 0x37, 0xE9, 0xAB, 0xBC, 0x07, 0xAD,
    0xAD, 0x0B, 0xE0, 0x0F, 0x1F, 0x5A, 0x4B, 0xF4, 0x14, 0xFF, 0x7F, 0x20, 0x41, 0xE9, 0x95, 0xF3,
    0x6E, 0xA5, 0x3E, 0x32, 0xC5, 0x38, 0x0C, 0xF6, 0xAA, 0xB4, 0x1B, 0xCA, 0x28, 0x4E, 0x21, 0x58,
    0x3C, 0x1C, 0xC0, 0xBF, 0xDB, 0x43, 0x5C, 0xAA, 0x54, 0xF4, 0x60, 0xD8, 0xF3, 0xCA, 0x6A, 0x14,
    0x99, 0xBB, 0xBA, 0xEB, 0x4F, 0xFC, 0x3C, 0x4A, 0x24, 0x4A, 0x54, 0x09, 0xA1, 0xE0, 0x01, 0x70,
    0xDF, 0xA0, 0xA7, 0x25, 0xB1, 0x5E, 0x76, 0x4D, 0xA1, 0x7E, 0xA4, 0xE7, 0x21, 0x88, 0xA3, 0x7D,
    0xA3, 0xFB, 0x3F, 0x2E, 0x53, 0xB7, 0x1C, 0x7A, 0xC5, 0xFA, 0x56, 0x1E, 0x3D, 0x9E, 0x1A, 0x22,
    0x0A, 0x72, 0x19, 0xD1, 0xDE, 0x23, 0x09, 0xEE, 0xEA, 0xF6, 0xAB, 0x74, 0x55, 0x22, 0x21, 0x3E,
    0xAB, 0x7B, 0xA5, 0xB5, 0xBC, 0xA3, 0xD3, 0xF6, 0x0E, 0x18, 0x9E, 0xB6, 0x87, 0x8A, 0xB0, 0x1A,
    0xE0, 0xC3, 0xC7, 0xDB, 0x62, 0x35, 0x3D, 0x78, 0xB7, 0x04, 0x5E, 0x2A, 0x75, 0xEA, 0x46, 0x7C,
    0xF6, 0xF4, 0x28, 0x8E, 0x5F, 0x5F, 0x5E, 0x5E, 0x5D, 0x19, 0x2C, 0xAF, 0x76, 0x74, 0xBC, 0xBA,
    0x7A, 0x7B, 0x10, 0x5F, 0xB8, 0xA0, 0x3B, 0x20, 0xA7, 0xB2, 0x30, 0xF1, 0x48, 0xE2, 0x3B, 0x9B,
    0xA0, 0x26, 0x6F, 0xDE, 0x12, 0xB9, 0x22, 0x3E, 0x30, 0xB7, 0x95, 0xC4, 0x7E, 0xBE, 0xEA, 0xF1,
    0xD5, 0x0D, 0x92, 0x70, 0x22, 0x2E, 0xAC, 0xEA, 0x66, 0x87, 0x11, 0x08, 0x40, 0x9B, 0x22, 0x34,
    0x26, 0x27, 0xBE, 0x08, 0x25, 0x7B, 0x4E, 0xB5, 0xA2, 0x19, 0xC2, 0xA9, 0xC6, 0xE5, 0x44, 0xD4,
    0x6E, 0xBE, 0x82, 0xBB, 0x88, 0xC6, 0x44, 0xD6, 0xA0, 0xA3, 0x84, 0x99, 0xEC, 0xDC, 0x4A, 0x8C,
    0xA1, 0x85, 0x1C, 0xFB, 0x83, 0x0E, 0x04, 0xC6, 0x0F, 0xEE, 0x00, 0x53, 0xF0, 0x70, 0xFE, 0xA1,
    0x9F, 0xAF, 0x5F, 0x4B, 0xA2, 0x03, 0x52, 0xF0, 0x72, 0xA2, 0x76, 0x89, 0xC2, 0x2D, 0xC1, 0x8A,
    0x43, 0x20, 0x6A, 0xDB, 0x2D, 0xA5, 0x42, 0x58, 0x68, 0x8F, 0x27, 0x77, 0x70, 0xDC, 0x12, 0x61,
    0x51, 0x04, 0x99, 0x57, 0x04, 0x39, 0x10, 0x5B, 0x84, 0xB9, 0x9A, 0xEC, 0x55, 0xAA, 0x7F, 0xBF,
    0x02, 0xD8, 0x11, 0xC8, 0x02, 0x8C, 0x11, 0xF0, 0xD6, 0x60, 0xED, 0x23, 0x81, 0x98, 0xA5, 0x0B,
    0x4D, 0x02, 0x73, 0x3D, 0x57, 0xE6, 0xE3, 0x3C, 0x32, 0x97, 0xF3, 0xBE, 0x09, 0xB2, 0xBE, 0x51,
    0x3C, 0x49, 0x34, 0x41, 0x22, 0x98, 0x84, 0xE2, 0x1E, 0x80, 0xCA, 0x5C, 0xA7, 0xA1, 0xD4, 0x52,
    0xE1, 0xA1, 0x3F, 0x60, 0xFC, 0xF4, 0x60, 0x24, 0xF3, 0xD0, 0x5F, 0xE5, 0x4E, 0xE1, 0x16, 0x7D,
    0xD8, 0xCA, 0xD5, 0xA1, 0xFE, 0x3A, 0x40, 0xEF, 0x4E, 0x41, 0xEF, 0x67, 0x16, 0x10, 0x8E, 0x29,
    0x83, 0xDF, 0x8F, 0x95, 0xA4, 0x00, 0x7D, 0xDC, 0xBC, 0x86, 0x3D, 0x47, 0x87, 0xBB, 0xB9, 0x3F,
    0x69, 0x25, 0x23, 0x08, 0x00, 0xB1, 0xDA, 0xE1, 0x44, 0x02, 0x31, 0x4B, 0x24, 0xAC, 0x85, 0x89,
    0x53, 0xAD, 0x89, 0x7F, 0xBF, 0x92, 0xF0, 0x72, 0xC1, 0xAF, 0x33, 0x75, 0x10, 0x21, 0x30, 0xC5,
    0x3E, 0x2C, 0x76, 0x6A, 0x40, 0x7F, 0x0C, 0x28, 0xE9, 0x36, 0x9E, 0x72, 0xDB, 0x29, 0x11, 0x83,
    0x14, 0x40, 0xD3, 0x4F, 0x65, 0x8C, 0x6C, 0x57, 0xEA, 0xA0, 0x44, 0x6E, 0x09, 0x0B, 0xB8, 0xF0,
    0x1B, 0x05, 0xC2, 0xE9, 0x93, 0x5C, 0x06, 0xDE, 0x3D, 0xC4, 0x5B, 0x70, 0x09, 0xD2, 0x2A, 0x83,
    0x9F, 0xCE, 0xBF, 0x9B, 0xAD, 0x88, 0x75, 0xF1, 0x8B, 0x91, 0x0F, 0x2A, 0x90, 0xEF, 0xC1, 0xD7,
    0xC5, 0xE0, 0x2C, 0x6F, 0x5F, 0x06, 0x79, 0xFC, 0x7E, 0x20, 0x70, 0x9C, 0x46, 0x8A, 0x85, 0xAB,
    0xBB, 0x24, 0x31, 0xB9, 0xB9, 0x02, 0x7B, 0x8C, 0x5B, 0xA4, 0x48, 0xAA, 0xB6, 0x12, 0xD1, 0x2F,
    0xF9, 0xFC, 0x41, 0x40, 0xB8, 0x1C, 0xD0, 0x6D, 0x77, 0x68, 0x61, 0x05, 0x1E, 0xE7, 0x15, 0x90,
    0xD7, 0x5B, 0x57, 0x32, 0x0E, 0xAB, 0xD8, 0x65, 0xA2, 0xF1, 0x91, 0x8D, 0x8A, 0x73, 0xB7, 0xC5,
    0xCF, 0xE2, 0xDB, 0xE0, 0xA1, 0xB5, 0xC4, 0x6E, 0x81, 0x64, 0x03, 0x5C, 0x03, 0x17, 0xDF, 0x2E,
    0xC1, 0x1B, 0x19, 0xDB, 0xB9, 0x21, 0x9E, 0xE6, 0x4B, 0x5A, 0x6B, 0x81, 0x4E, 0x90, 0x31, 0x0F,
    0xFE, 0x4A, 0xBC, 0x8A, 0x59, 0xB0, 0x67, 0xDD, 0x99, 0x4A, 0x37, 0x95, 0x51, 0xFF, 0x9B, 0x55,
    0x68, 0x0A, 0xF7, 0x49, 0xE3, 0x6E, 0x0B, 0x6D, 0x0A, 0x83, 0xDB, 0x0E, 0x5B, 0x1B, 0xC1, 0xC6,
    0xF8, 0xED, 0xF3, 0xB2, 0x8E, 0xFC, 0x2C, 0x9F, 0xE2, 0xE2, 0xFC, 0x0B, 0xA6, 0xF0, 0xEE, 0x6B,
    0xB2, 0xD0, 0xBC, 0xAB, 0x62, 0x1E, 0xDD, 0x26, 0x68, 0x86, 0xB4, 0x20, 0xDC, 0x69, 0x10, 0x73,
    0x2E, 0xB3, 0x2D, 0xD0, 0xDB, 0x15, 0xF8, 0xB4, 0x53, 0x27, 0xE4, 0x1E, 0x39, 0xA5, 0x0D, 0xA7,
    0xB4, 0xCE, 0x9A, 0x62, 0xB3, 0xBF, 0x38, 0x27, 0xC5, 0xD7, 0x2B, 0xA9, 0x2A, 0x73, 0x77, 0x4C,
    0x74, 0xBF, 0xF7, 0xB5, 0x13, 0xE2, 0x3B, 0x3F, 0x4F, 0xCA, 0x7F, 0xC4, 0xE5, 0x97, 0xFB, 0xF2,
    0x85, 0xC7, 0x57, 0xC7, 0xF7, 0xFC, 0x22, 0xE8, 0xED, 0x23, 0xBE, 0x64, 0xDC, 0x39, 0x49, 0xBE,
    0x3E, 0xED, 0x1C, 0xB2, 0xA2, 0xC5, 0xCB, 0xB8, 0xAC, 0xF2, 0xD2, 0x63, 0x12, 0x57, 0xE5, 0x09,
    0x80, 0xAB, 0x7E, 0x38, 0xC6, 0x18, 0xD2, 0xC3, 0x1B, 0x68, 0x07, 0x3F, 0xB0, 0x45, 0x31, 0xAC,
    0x7F, 0xD0, 0xAD, 0xDF, 0x46, 0xAA, 0xAE, 0xDE, 0xA1, 0x4D, 0xC4, 0x65, 0x58, 0x87, 0x4E, 0xC4,
    0xDC, 0xAE, 0x92, 0x3E, 0x7B, 0x8F, 0x9E, 0xCD, 0x86, 0xC8, 0xA3, 0xD6, 0x6D, 0xC6, 0xBE, 0x21,
    0xC8, 0xD3, 0x3A, 0xC6, 0x86, 0x75, 0xE0, 0x8C, 0x6D, 0x33, 0x61, 0xFF, 0x37, 0x6D, 0x7F, 0xF4,
    0x0A, 0xB3, 0x1C, 0x8B, 0x65, 0xFF, 0xD1, 0x81, 0xA0, 0x72, 0xF6, 0x89, 0x3D, 0x95, 0x41, 0xE2,
    0x20, 0x07, 0xD7, 0x85, 0xC4, 0xFA, 0xC3, 0x12, 0xB7, 0x19, 0x3B, 0x7D, 0xF6, 0x12, 0x33, 0xA1,
    0x77, 0xF9, 0x0E, 0xC2, 0x63, 0x51, 0x45, 0xA0, 0x51, 0xCB, 0x51, 0xFC, 0x64, 0x87, 0x71, 0x1B,
    0xD8, 0x24, 0x6A, 0x43, 0x87, 0x41, 0xC4, 0xFC, 0x24, 0xFD, 0x6C, 0xAA, 0x79, 0xD3, 0x65, 0x59,
    0xF9, 0x56, 0x67, 0xFE, 0x86, 0x64, 0x0E, 0x8F, 0xB6, 0x3A, 0xD8, 0x60, 0x68, 0x1B, 0x2F, 0xBF,
    0x60, 0xAF, 0x60, 0xF2, 0x00, 0x87, 0xED, 0x83, 0x6A, 0xCA, 0x5E, 0xD8, 0x9C, 0x4E, 0x5D, 0xF7,
    0x50, 0x35, 0x58, 0xD5, 0x78, 0x17, 0xB3, 0x26, 0xB2, 0x1E, 0x2B, 0xD7, 0xB1, 0xD3, 0xE7, 0xB7,
    0xBD, 0x4C, 0xBC, 0xDF, 0x15, 0x30, 0xD4, 0xE6, 0xB1, 0xD3, 0x77, 0x93, 0x1B, 0x12, 0xFC, 0xBA,
    0xC2, 0xD1, 0xCF, 0xC4, 0xC3, 0x31, 0xD1, 0xF7, 0x0A, 0x5B, 0x06, 0x3E, 0xA8, 0xB1, 0xE5, 0xE0,
    0xE9, 0xA2, 0xF3, 0xF2, 0x50, 0x26, 0x7D, 0x3C, 0x83, 0x8C, 0xFD, 0x26, 0x9B, 0xD4, 0xB6, 0x01,
    0x67, 0xAA, 0x56, 0xD6, 0xE5, 0x2F, 0xB7, 0x92, 0xB0, 0x9B, 0xE2, 0x0B, 0x84, 0x3C, 0xB6, 0x46,
    0x94, 0xC1, 0xCF, 0x9B, 0xB4, 0x0E, 0xFE, 0x60, 0xAF, 0xA4, 0x46, 0x3E, 0x59, 0xF7, 0x6A, 0x24,
    0xAD, 0x89, 0xB3, 0x2B, 0xFE, 0xC7, 0xD9, 0xA2, 0x93, 0x1D, 0x85, 0xCE, 0x82, 0x6C, 0xAA, 0xEB,
    0x5A, 0x5D, 0x2A, 0x66, 0x96, 0xF9, 0xFF, 0xE4, 0xB1, 0x8F, 0x1D, 0x06, 0x21, 0x23, 0x16, 0x3D,
    0xEB, 0x06, 0x29, 0xA1, 0x87, 0x40, 0xB1, 0xCA, 0xD1, 0x27, 0x59, 0x43, 0xC1, 0x2E, 0x20, 0x57,
    0xF4, 0x0D, 0xBA, 0x9D, 0x0D, 0x5C, 0x72, 0x4B, 0x97, 0x71, 0x92, 0x59, 0xBB, 0x80, 0x74, 0x8F,
    0x17, 0x0C, 0x19, 0x72, 0x86, 0xAD, 0x2E, 0x9A, 0xB2, 0xD0, 0x30, 0x08, 0x64, 0x6E, 0x8E, 0xA1,
    0xF9, 0x0B, 0x5C, 0x3E, 0x19, 0x7F, 0x21, 0xB9, 0x21, 0x08, 0x2B, 0xC4, 0x1D, 0x1C, 0x60, 0x20,
    0xB9, 0xBB, 0x9B, 0xB8, 0xDA, 0x7B, 0x80, 0x3E, 0x0A, 0xA0, 0x02, 0xCB, 0xBB, 0xE0, 0x86, 0x24,
    0x43, 0x6E, 0x43, 0xFA, 0x24, 0x45, 0x54, 0x66, 0x3D, 0xF8, 0x26, 0x09, 0xED, 0x74, 0xF4, 0xC3,
    0x24, 0x14, 0xFF, 0xB7, 0x50, 0xC7, 0xDB, 0x85, 0x42, 0x20, 0x01, 0x95, 0x26, 0x54, 0x6A, 0xAD,
    0x09, 0xAB, 0x69, 0x98, 0x8A, 0x9C, 0x9D, 0xF2, 0x7C, 0x7E, 0xD0, 0xFB, 0x0C, 0x7A, 0x0F, 0x43,
    0x06, 0x2E, 0x5D, 0x5E, 0x62, 0x5E, 0x52, 0x66, 0x91, 0x94, 0x00, 0xB0, 0xA9, 0x2B, 0x66, 0x1A,
    0xE9, 0xD2, 0x76, 0x5F, 0x1A, 0xF4, 0x87, 0x82, 0xDB, 0x8E, 0x18, 0xB6, 0x6F, 0x99, 0x3F, 0x51,
    0xE6, 0x76, 0xB2, 0xE8, 0x13, 0x18, 0x9A, 0xC3, 0x4F, 0xF6, 0xFE, 0x49, 0x32, 0x5F, 0x62, 0xAA,
    0x31, 0x98, 0x06, 0xDC, 0xDF, 0x3C, 0x1B, 0xB7, 0x27, 0xC1, 0x7C, 0xF3, 0x3C, 0xEE, 0xC4, 0xF8,
    0x02, 0xD2, 0xC3, 0x13, 0x66, 0xEE, 0xA0, 0xAF, 0xF3, 0x73, 0x80, 0xB6, 0x44, 0xCD, 0x1C, 0xAF,
    0xA3, 0x60, 0x02, 0xED, 0x51, 0x51, 0x57, 0x4F, 0x70, 0xF6, 0x4B, 0xCC, 0xB8, 0x59, 0x0F, 0x05,
    0x23, 0x94, 0x39, 0x99, 0xB3, 0x32, 0x65, 0x90, 0xE9, 0x71, 0x01, 0x99, 0x4C, 0xD6, 0xCA, 0xB4,
    0x01, 0x99, 0x9C, 0x3D, 0xC8, 0xE4, 0xDF, 0x83, 0x4C, 0xEA, 0x12, 0x64, 0xEA, 0x52, 0xA6, 0x31,
    0x64, 0xF2, 0x30, 0x5E, 0xA4, 0x0C, 0xB8, 0x34, 0xA2, 0x4C, 0x29, 0x84, 0xE9, 0x69, 0xCA, 0x94,
    0x73, 0x7E, 0xA6, 0x4C, 0x4C, 0x6E, 0xB2, 0x4D, 0x99, 0x9A, 0x24, 0xC5, 0x26, 0xAA, 0x8E, 0x04,
    0x1B, 0x04, 0xCB, 0x87, 0x6D, 0x62, 0xC7, 0x21, 0x1B, 0xC7, 0x7E, 0x13, 0xC7, 0xCC, 0x7A, 0xA0,
    0x6C, 0xF3, 0x84, 0x9A, 0xCE, 0xE8, 0x36, 0x5B, 0x74, 0xC4, 0xE6, 0x41, 0xBB, 0x89, 0x00, 0xAD,
    0xAE, 0x6D, 0x53, 0x69, 0x8B, 0x5E, 0x3D, 0x4B, 0x85, 0x25, 0x74, 0x41, 0xD6, 0xAE, 0x1B, 0xE9,
    0x1A, 0xEF, 0x4C, 0xCF, 0xCC, 0x3E, 0x4D, 0xF3, 0x3A, 0x77, 0xA2, 0xCC, 0x6D, 0x9B, 0xF0, 0x7D,
    0x30, 0x77, 0xFE, 0x02, 0x31, 0x58, 0x4C, 0x4E, 0x8E, 0xB9, 0x93, 0xBD, 0x47, 0x08, 0x8E, 0xC5,
    0xCE, 0xCB, 0x9F, 0x7B, 0x7C, 0xE5, 0x9A, 0x9F, 0x9B, 0xBA, 0x5B, 0x8B, 0xCC, 0xA6, 0x0D, 0x69,
    0xF2, 0x61, 0x8F, 0xF4, 0xF6, 0x99, 0x34, 0x75, 0x1B, 0x01, 0x98, 0xDF, 0xBC, 0xA2, 0xC7, 0x71,
    0x91, 0x4D, 0xD1, 0xA7, 0xBC, 0x6D, 0x87, 0xE9, 0xA3, 0x9F, 0xB4, 0xD3, 0x47, 0xF7, 0x79, 0x7D,
    0xD0, 0x70, 0x8A, 0xB2, 0x26, 0xEB, 0x4D, 0xEB, 0xF2, 0xBF, 0xDF, 0x66, 0x57, 0x97, 0x79, 0xFF,
    0xD8, 0x2A, 0x59, 0x47, 0xB8, 0x43, 0x81, 0xAE, 0xF6, 0xA8, 0xC4, 0x2D, 0xA1, 0x25, 0xC6, 0x3B,
    0x83, 0x2A, 0x51, 0xC9, 0xE7, 0x67, 0x5A, 0xBB, 0x44, 0x50, 0x80, 0xF2, 0xC6, 0x56, 0x01, 0xE4,
    0x6B, 0x17, 0xD5, 0xD9, 0x2B, 0x78, 0x50, 0x19, 0x38, 0xC4, 0xE6, 0xD7, 0x10, 0x1F, 0xFB, 0x12,
    0x5C, 0x37, 0xA8, 0x05, 0x7E, 0x51, 0xD3, 0x73, 0xD1, 0x1A, 0x7A, 0x05, 0x2A, 0x42, 0x8E, 0x76,
    0x33, 0xEB, 0x86, 0xA8, 0x04, 0xD1, 0x43, 0x00, 0xB0, 0xD9, 0x19, 0xD8, 0x19, 0xA6, 0x69, 0x6C,
    0x17, 0x36, 0xAF, 0xC8, 0xCE, 0xBE, 0x76, 0x9F, 0x5C, 0x83, 0x5C, 0x3E, 0xE4, 0x61, 0x5B, 0xE9,
    0x95, 0x5C, 0x48, 0x74, 0x6D, 0x1E, 0xE0, 0x09, 0x72, 0x94, 0xB4, 0x2C, 0x4C, 0x36, 0x32, 0xB5,
    0xB7, 0x9B, 0x78, 0xE6, 0x5B, 0x4D, 0x54, 0xA9, 0x46, 0xD2, 0x0F, 0x85, 0xEB, 0x80, 0xA3, 0xD3,
    0x83, 0x09, 0xBD, 0x7F, 0x82, 0x2C, 0xE8, 0xBE, 0xBA, 0x90, 0x1C, 0x99, 0x9E, 0x93, 0x00, 0x47,
    0xFF, 0xC9, 0xE4, 0xEC, 0xC6, 0xCC, 0xED, 0x47, 0xA1, 0xB7, 0xE8, 0x66, 0x76, 0x15, 0xD4, 0x09,
    0xF2, 0x63, 0xA1, 0xC7, 0x5E, 0xD4, 0x45, 0xEF, 0xEE, 0xBF, 0x05, 0x39, 0x31, 0xCB, 0x2A, 0xB4,
    0xC9, 0x3E, 0x5A, 0x00, 0xCC, 0xC7, 0x47, 0xA2, 0xFB, 0xDA, 0x8D, 0x85, 0xBF, 0x23, 0x0E, 0x0E,
    0xFA, 0x46, 0xBC, 0x87, 0xD1, 0x93, 0x90, 0x1B, 0x43, 0x74, 0x73, 0xF3, 0xF8, 0x2D, 0xDD, 0xAF,
    0x58, 0x16, 0xAF, 0x6E, 0xDD, 0x32, 0x0C, 0x18, 0xF3, 0x50, 0x22, 0xDB, 0xDB, 0xC7, 0x0C, 0x06,
    0x20, 0x79, 0x03, 0x2D, 0x6C, 0xEA, 0x98, 0x24, 0x4C, 0xFA, 0xBB, 0x7F, 0x7B, 0x7A, 0x00, 0xF0,
    0x5D, 0x34, 0xBA, 0x4D, 0x5A, 0xAF, 0x6D, 0x82, 0x2E, 0xD0, 0xF6, 0xD7, 0x75, 0x09, 0xD1, 0x76,
    0x74, 0x65, 0xB1, 0xDD, 0xB8, 0xB4, 0x0B, 0x46, 0xFB, 0x3E, 0x04, 0xB5, 0x14, 0xA1, 0x19, 0xED,
    0x6A, 0xF0, 0x48, 0xEA, 0x15, 0xEB, 0x7E, 0x13, 0x90, 0x68, 0x3F, 0xBC, 0xB6, 0xFD, 0xE9, 0x58,
    0x0C, 0x21, 0xDC, 0xEB, 0x49, 0xFE, 0xCC, 0x26, 0xA8, 0x07, 0xE5, 0x3A, 0x42, 0xBE, 0x2B, 0x61,
    0x2A, 0x6B, 0x77, 0x7E, 0x3E, 0x36, 0x93, 0xAC, 0xB2, 0x94, 0xB7, 0xE5, 0x0D, 0x2E, 0x03, 0x1E,
    0xE9, 0x00, 0xE1, 0xF0, 0x72, 0x1D, 0x75, 0x9A, 0x58, 0x76, 0x5E, 0xFC, 0x5E, 0x96, 0xBC, 0x8A,
    0x33, 0x75, 0x3D, 0x51, 0xBF, 0xD0, 0xBD, 0x9C, 0x51, 0x39, 0xA2, 0x1E, 0x9E, 0x50, 0xCF, 0x34,
    0x76, 0x29, 0xD7, 0x6D, 0xBA, 0x02, 0x11, 0x48, 0xB7, 0x26, 0x20, 0x23, 0xA0, 0x33, 0xB5, 0x0D,
    0x48, 0xE1, 0xDF, 0x47, 0x28, 0x73, 0xB4, 0x4B, 0x66, 0xBD, 0xA5, 0x12, 0xEE, 0x5F, 0xB8, 0xC7,
    0x76, 0x12, 0xCF, 0xF6, 0xDB, 0x87, 0x17, 0xDE, 0x1C, 0xAA, 0xB8, 0x89, 0xA5, 0xA5, 0xAC, 0xBE,
    0x75, 0x12, 0x83, 0xCA, 0x5E, 0xDB, 0xCE, 0xA2, 0xAD, 0xAA, 0xDB, 0x59, 0xD5, 0xB6, 0xB3, 0x2B,
    0x52, 0xE7, 0x48, 0xBE, 0x90, 0x84, 0xFC, 0x91, 0x74, 0x3A, 0x72, 0xFE, 0xD4, 0x8B, 0xDD, 0xF8,
    0xEA, 0x02, 0x97, 0x5C, 0x71, 0x3B, 0xA0, 0xFE, 0xEF, 0x37, 0xD6, 0x0B, 0x33, 0x84, 0x5E, 0xF0,
    0xA0, 0xE0, 0x3A, 0x51, 0x02, 0x78, 0x7E, 0x25, 0xAC, 0x47, 0xCF, 0x33, 0x3F, 0xC9, 0xC5, 0xEC,
    0xE5, 0x5E, 0x15, 0x42, 0x51, 0xA4, 0x2B, 0xC0, 0xB9, 0x85, 0x74, 0x6C, 0x4F, 0x90, 0x71, 0x13,
    0xC5, 0x16, 0x43, 0x3D, 0x1A, 0x73, 0x5B, 0x5B, 0x4F, 0x6C, 0xCE, 0x45, 0x30, 0xDC, 0x4B, 0x64,
    0x79, 0x7D, 0xD6, 0x58, 0x5E, 0xBC, 0x29, 0xDE, 0x9F, 0x0C, 0x22, 0xE6, 0x5A, 0x1E, 0x14, 0x34,
    0x9C, 0x97, 0x23, 0x4C, 0x72, 0xBB, 0x22, 0x07, 0x1D, 0x2E, 0xA3, 0x3B, 0xE0, 0xB9, 0x22, 0xCA,
    0x6E, 0xB7, 0x62, 0xC8, 0x1A, 0xD7, 0x65, 0xA4, 0xCE, 0x5C, 0xEC, 0x47, 0xBD, 0x46, 0xBD, 0x2F,
    0x00, 0x9B, 0xED, 0x4E, 0x90, 0x0D, 0x71, 0x30, 0x77, 0x25, 0xDA, 0x0E, 0xF7, 0x21, 0x80, 0xCD,
    0xBF, 0x3E, 0xEC, 0x4B, 0xB4, 0x35, 0x73, 0x60, 0xAD, 0x74, 0x55, 0xA7, 0x55, 0xE7, 0x18, 0xE8,
    0x71, 0x8E, 0xE3, 0xCE, 0x87, 0x2B, 0x9F, 0x76, 0xE3, 0x73, 0x14, 0x7A, 0x5C, 0xE6, 0x70, 0x97,
    0xF3, 0xDD, 0x43, 0xAB, 0x9C, 0xA3, 0xD0, 0xFB, 0xB2, 0x00, 0x38, 0x0A, 0x3D, 0x87, 0x3D, 0x0A,
    0xEC, 0x16, 0xE1, 0xFB, 0xE9, 0x19, 0x49, 0xAE, 0xAC, 0x77, 0x9A, 0xB5, 0x75, 0xB3, 0xEF, 0xAC,
    0x93, 0xC8, 0xE1, 0xD9, 0xC9, 0xF9, 0xD9, 0xA2, 0xFD, 0xA3, 0xCC, 0x9D, 0x77, 0x2A, 0xA7, 0xF2,
    0x50, 0x16, 0xD5, 0xD8, 0xCF, 0xBB, 0x43, 0x70, 0x1D, 0x62, 0x20, 0xDC, 0x56, 0x60, 0xAB, 0x52,
    0x47, 0x07, 0x1C, 0x9F, 0x0A, 0x95, 0xAB, 0xA7, 0x46, 0xE2, 0x9D, 0x71, 0xCD, 0xB3, 0xD3, 0xF4,
    0x46, 0x6A, 0xB6, 0x49, 0x9C, 0x87, 0x03, 0xFF, 0x1B, 0x76, 0x52, 0x20, 0x9D, 0x7B, 0x56, 0xEE,
    0x76, 0xD6, 0x9C, 0x7D, 0x74, 0x99, 0x23, 0x51, 0xE3, 0xC1, 0xAC, 0xA5, 0x60, 0x84, 0x1E, 0xC2,
    0xC1, 0x91, 0xE8, 0x71, 0x96, 0x27, 0x0E, 0xD2, 0x19, 0x0E, 0x8E, 0x44, 0xCF, 0xFA, 0xAD, 0x0F,
    0xFB, 0xF5, 0xA6, 0xE6, 0x3B, 0x9A, 0xBE, 0x48, 0x05, 0x36, 0xA3, 0xC7, 0xD3, 0xF2, 0x0F, 0xB5,
    0x97, 0x90, 0x26, 0x46, 0xFC, 0x43, 0x80, 0x5B, 0xBA, 0xA5, 0x63, 0x9B, 0x1D, 0x94, 0x1B, 0xAE,
    0xAC, 0x2A, 0xA4, 0x88, 0x21, 0x6C, 0x34, 0x80, 0x4E, 0x5D, 0x5D, 0xCF, 0x65, 0xF4, 0x79, 0xBB,
    0x8F, 0x68, 0xC2, 0x28, 0x2A, 0x0F, 0xEF, 0x86, 0x66, 0x3B, 0x7D, 0x2E, 0xD6, 0xEA, 0x4C, 0x7A,
    0x55, 0xE4, 0xB1, 0x29, 0x1C, 0xF3, 0x4E, 0xE5, 0x8E, 0x65, 0x8C, 0xEE, 0x2F, 0x05, 0xBF, 0x18,
    0x7C, 0x53, 0x1E, 0xEE, 0xB9, 0x50, 0xA0, 0xAB, 0x00, 0xAD, 0x96, 0xD2, 0x98, 0x93, 0xD7, 0x77,
    0x12, 0x15, 0x62, 0x2C, 0x70, 0x9E, 0xF3, 0x87, 0x87, 0x05, 0x27, 0x93, 0xF0, 0x52, 0x29, 0xA1,
    0x37, 0xDD, 0x20, 0x1C, 0xB7, 0x1E, 0x9F, 0x01, 0xCD, 0x5A, 0x3D, 0x90, 0x1C, 0xC5, 0x15, 0x7E,
    0x33, 0x23, 0xDD, 0x94, 0x34, 0x05, 0x4D, 0x20, 0xFF, 0x48, 0xB2, 0x6F, 0x5C, 0x65, 0x02, 0xD9,
    0xA5, 0xDD, 0x4D, 0x08, 0x2E, 0x98, 0xDD, 0x1D, 0x9B, 0x80, 0x50, 0x0A, 0xAC, 0x88, 0x40, 0x0A,
    0x48, 0x4C, 0x60, 0x25, 0x04, 0x67, 0xBC, 0x77, 0x3B, 0xD8, 0x21, 0x01, 0x17, 0xE0, 0x5C, 0x01,
    0x81, 0x7D, 0x0A, 0x24, 0x57, 0x5D, 0xB0, 0x65, 0x4E, 0xDC, 0x40, 0x60, 0x07, 0x04, 0x0C, 0x3F,
    0x2E, 0x32, 0x33, 0xD8, 0x10, 0x18, 0xCA, 0xDC, 0x00, 0x0B, 0x5E, 0x89, 0xBD, 0x1D, 0x7F, 0x5F,
    0x77, 0xEF, 0xDF, 0xFD, 0x18, 0x49, 0xBB, 0xB7, 0xE5, 0x93, 0xA6, 0xA5, 0x9B, 0x9D, 0x7D, 0xFD,
    0xBD, 0xD7, 0xAF, 0xDF, 0xFB, 0xDE, 0xEB, 0x11, 0x69, 0xEF, 0x89, 0xC8, 0xB3, 0x7F, 0x94, 0x03,
    0x3F, 0x61, 0x8A, 0xA1, 0xC9, 0x61, 0x3D, 0xC3, 0xF0, 0x35, 0x06, 0xE7, 0xF3, 0x5C, 0xC4, 0x7B,
    0xBB, 0x10, 0xF1, 0x53, 0x0C, 0x2A, 0xEE, 0x8A, 0xD4, 0x64, 0x4B, 0xA4, 0x2E, 0x1D, 0x91, 0x6D,
    0x69, 0x89, 0x94, 0x65, 0x5F, 0xDC, 0xB2, 0xDC, 0x13, 0x2F, 0xC3, 0xDD, 0x20, 0x95, 0xAA, 0x84,
    0x90, 0x25, 0x0D, 0x3C, 0xCE, 0xCF, 0x55, 0x2C, 0xAA, 0x4C, 0xE4, 0xF4, 0x66, 0x3C, 0x9A, 0x68,
    0x69, 0xE3, 0xB2, 0xEC, 0xF4, 0x0B, 0xF7, 0xEE, 0xF5, 0xC2, 0x4F, 0xFD, 0x42, 0xC5, 0x5E, 0x1E,
    0x8A, 0x97, 0x57, 0x21, 0xA2, 0x2E, 0x5E, 0x6A, 0xAE, 0x20, 0x6D, 0x88, 0x4A, 0xC2, 0xB8, 0x9D,
    0xA8, 0x6F, 0x76, 0x63, 0xAF, 0xBC, 0x24, 0xF2, 0x18, 0xBF, 0xFC, 0xC4, 0x69, 0x0C, 0x2B, 0x15,
    0x0C, 0xB5, 0x2E, 0x65, 0x25, 0x8B, 0xD1, 0xE1, 0x11, 0x37, 0x15, 0xE5, 0x27, 0xE2, 0x0F, 0x20,
    0xF1, 0x95, 0x39, 0xE8, 0x71, 0xBC, 0x70, 0x05, 0xF7, 0xF0, 0xD3, 0xE1, 0x00, 0x29, 0xE2, 0xDC,
    0xE3, 0xFF, 0x4A, 0x0E, 0x27, 0x66, 0x00, 0x5E, 0x37, 0xE2, 0x1C, 0x5C, 0xEE, 0xBD, 0xA1, 0x40,
    0x31, 0x37, 0xF0, 0x25, 0x0C, 0x01, 0xE7, 0x3E, 0x39, 0x52, 0xF0, 0x3B, 0xBC, 0x55, 0xE2, 0xD3,
    0xE6, 0xA7, 0x7B, 0xE2, 0xEC, 0x49, 0x13, 0xD3, 0x40, 0x2A, 0x30, 0x07, 0xA9, 0x02, 0x90, 0x58,
    0xC3, 0xA4, 0x58, 0x89, 0x38, 0xB4, 0xA6, 0x07, 0xDC, 0xAB, 0xF0, 0xD3, 0x08, 0x26, 0x90, 0x9E,
    0xA8, 0x2C, 0x28, 0xC4, 0x2F, 0xE1, 0x4E, 0xB2, 0x73, 0x77, 0x34, 0x47, 0xCB, 0x80, 0x72, 0x69,
    0x3C, 0xEB, 0x64, 0xE7, 0x36, 0xC4, 0x81, 0x91, 0x82, 0x8F, 0xD7, 0x25, 0x8C, 0x15, 0x24, 0x9C,
    0xD2, 0x4F, 0xD1, 0x1C, 0x5D, 0x6B, 0x91, 0xAE, 0xFE, 0x3D, 0xC2, 0xFD, 0x9E, 0xD4, 0x76, 0x0B,
    0xA0, 0x8C, 0xED, 0xCA, 0x68, 0xF3, 0x35, 0x29, 0xAD, 0xA0, 0xAE, 0xC9, 0x33, 0x0B, 0x54, 0x06,
    0x02, 0x45, 0x01, 0x5A, 0x84, 0x87, 0xAF, 0x9D, 0x9D, 0x83, 0x32, 0x4B, 0xDA, 0xCD, 0xB8, 0x49,
    0xC2, 0xE9, 0xDD, 0xBE, 0x00, 0x65, 0x1C, 0xFC, 0xE6, 0xE7, 0x74, 0xE4, 0xF1, 0xB4, 0xB3, 0x28,
    0xE3, 0xE4, 0xAB, 0x18, 0xBF, 0xE2, 0x33, 0x4D, 0x6A, 0x74, 0x76, 0x91, 0xCA, 0xAC, 0x2E, 0xE3,
    0x21, 0x6E, 0x2E, 0xBA, 0x5A, 0x32, 0xBB, 0x32, 0xFE, 0x0B, 0xDC, 0xE7, 0xEF, 0xD3, 0x34, 0x03,
    0xCA, 0x1A, 0x79, 0x99, 0x5E, 0xB6, 0xB2, 0xCC, 0x20, 0x1A, 0xB2, 0xB1, 0xB3, 0xDA, 0xE2, 0xE6,
    0x90, 0x0F, 0x8D, 0x82, 0x04, 0x3B, 0xDE, 0x4F, 0xB1, 0xD1, 0xBC, 0xD4, 0xB7, 0x83, 0x9F, 0x06,
    0x09, 0x3E, 0x50, 0x09, 0xFC, 0x96, 0xB1, 0x16, 0x7F, 0xA0, 0x05, 0x16, 0x7B, 0x0D, 0x83, 0xD3,
    0x63, 0x6C, 0xC8, 0xA5, 0x59, 0x62, 0xDA, 0x66, 0xF9, 0xD1, 0xC4, 0xFA, 0x13, 0x1C, 0x43, 0x8D,
    0xF3, 0x39, 0x3C, 0xDD, 0xFD, 0x07, 0x70, 0xB8, 0x6F, 0x27, 0x72, 0xEE, 0xC9, 0x0C, 0xA1, 0xE5,
    0x4B, 0xD8, 0xED, 0xE3, 0x57, 0x53, 0x4C, 0x8A, 0x00, 0x55, 0x87, 0x21, 0x01, 0x1F, 0xB2, 0x3B,
    0x1C, 0xBA, 0x9C, 0xC0, 0x0E, 0xDA, 0x5A, 0xEB, 0x30, 0xA2, 0x03, 0x15, 0x9A, 0xBB, 0x77, 0xB0,
    0x08, 0x03, 0xDA, 0x77, 0x1C, 0xEA, 0x77, 0xCA, 0x9C, 0xCA, 0xEC, 0xF1, 0xE9, 0x36, 0x27, 0x55,
    0x29, 0x34, 0xF2, 0x52, 0x17, 0x43, 0x06, 0xB5, 0xBC, 0x0C, 0x1A, 0x79, 0x59, 0xB3, 0x2C, 0xBC,
    0xAC, 0x8D, 0xC1, 0x6A, 0x84, 0xF9, 0x13, 0xA8, 0xA5, 0x38, 0x61, 0x83, 0x43, 0x1F, 0xFF, 0x3F,
    0x5F, 0x48, 0x58, 0x96, 0x40, 0x55, 0xDE, 0x9D, 0xD0, 0xC2, 0x29, 0x07, 0xB8, 0xF6, 0xF4, 0xFE,
    0x07, 0x7A, 0x82, 0x27, 0x76, 0x42, 0x27, 0x72, 0x02, 0xEF, 0xE8, 0x28, 0xAA, 0xC4, 0x5C, 0x35,
    0x8D, 0x99, 0x90, 0x89, 0x58, 0x03, 0x26, 0x5E, 0x0F, 0x48, 0xDD, 0xCD, 0x8D, 0xA9, 0x3D, 0x82,
    0x05, 0xE0, 0x22, 0xE8, 0x70, 0x97, 0x9B, 0xCD, 0x09, 0xB8, 0x3A, 0xD0, 0xF9, 0xF8, 0x17, 0x2E,
    0x92, 0x06, 0xB8, 0x60, 0x1F, 0x1D, 0x34, 0x94, 0xDD, 0x65, 0xA1, 0x0D, 0xBF, 0xB0, 0x7A, 0xA2,
    0x2D, 0x8F, 0x94, 0x3B, 0x4A, 0xB8, 0xE7, 0x37, 0xE0, 0x32, 0x41, 0xBE, 0x1E, 0x4A, 0x58, 0x97,
    0xB0, 0x25, 0x6B, 0xAF, 0xDD, 0xEC, 0x95, 0x83, 0xA4, 0xAB, 0x57, 0x64, 0x4B, 0x2E, 0xB4, 0x64,
    0xBB, 0xF9, 0x69, 0x11, 0xC0, 0xF9, 0xE0, 0x08, 0x5E, 0x72, 0x5B, 0xBC, 0xD7, 0x73, 0x28, 0x88,
    0x29, 0x7E, 0x39, 0x7F, 0x60, 0x48, 0xA6, 0x48, 0xA5, 0xB5, 0x9E, 0x4D, 0xA3, 0x0F, 0x84, 0x4D,
    0x6F, 0xBF, 0xE6, 0x70, 0x5B, 0xCD, 0x1F, 0x1B, 0xA2, 0x07, 0x82, 0xC7, 0x28, 0x76, 0x3C, 0x18,
    0xB6, 0x39, 0xE2, 0xD0, 0xBF, 0x6D, 0xD9, 0xC4, 0x37, 0x4C, 0x7A, 0x27, 0xEE, 0x13, 0x50, 0x37,
    0x80, 0x5B, 0x9D, 0xA7, 0x27, 0x23, 0xC2, 0x48, 0x73, 0x83, 0x9B, 0xD1, 0x21, 0x08, 0x38, 0xEE,
    0x3F, 0x53, 0x23, 0xEB, 0xC2, 0xFC, 0x6D, 0x77, 0x58, 0xB0, 0x3A, 0x6F, 0x83, 0x55, 0x8E, 0x60,
    0x85, 0x3F, 0xC0, 0x8C, 0x5D, 0xBD, 0x26, 0x40, 0x2D, 0x80, 0x3D, 0x0A, 0x58, 0x40, 0x8E, 0xFB,
    0xDB, 0x88, 0xA4, 0x0C, 0x56, 0xC9, 0x64, 0x4E, 0x6C, 0xA7, 0x0C, 0x17, 0x5A, 0xE4, 0xB5, 0x21,
    0xE2, 0x2B, 0xC3, 0xC8, 0xDB, 0x36, 0x91, 0xB7, 0xBD, 0x3F, 0xF2, 0xD6, 0xF6, 0x47, 0xDE, 0x5A,
    0x19, 0x73, 0x60, 0xA4, 0x0C, 0x79, 0xAF, 0xCA, 0x4F, 0xEB, 0x07, 0x23, 0xEF, 0xDE, 0xC8, 0x2A,
    0x80, 0xE6, 0xF5, 0xF1, 0x34, 0xE4, 0x7D, 0x7F, 0x29, 0x9E, 0xA6, 0x5E, 0xBF, 0x2A, 0xFC, 0xEC,
    0x68, 0x06, 0x83, 0xE0, 0x97, 0x84, 0xC9, 0x4E, 0x12, 0x94, 0x1F, 0xC4, 0xCE, 0x6B, 0x34, 0x17,
    0xAF, 0x1A, 0xD4, 0x5B, 0x93, 0x26, 0x14, 0x57, 0x08, 0xB3, 0xF2, 0x0B, 0xA6, 0x96, 0x74, 0x85,
    0xF9, 0xE5, 0x36, 0x43, 0x16, 0x99, 0xD8, 0x39, 0x59, 0xA0, 0x82, 0x8F, 0x78, 0x89, 0x3C, 0x0A,
    0xE2, 0x14, 0xE0, 0x8E, 0x73, 0x43, 0x8E, 0x45, 0x41, 0x4B, 0x04, 0xE2, 0x83, 0x44, 0x60, 0x11,
    0x2B, 0x08, 0x77, 0x71, 0xBA, 0x96, 0x26, 0xCA, 0x31, 0x29, 0xB8, 0x00, 0x3D, 0x58, 0x7A, 0xC8,
    0xF2, 0x48, 0x02, 0xD9, 0x88, 0xDC, 0x9E, 0xB6, 0xE6, 0xC5, 0x31, 0x21, 0xD5, 0x01, 0x23, 0x3F,
    0x26, 0x6D, 0x75, 0x5C, 0x5C, 0xE6, 0x2C, 0xAB, 0xA4, 0x1B, 0x1B, 0x17, 0x64, 0x3A, 0xB7, 0x17,
    0xB0, 0xB5, 0xC3, 0xC1, 0xCD, 0x11, 0x49, 0xDC, 0xDC, 0x1B, 0xE6, 0x5A, 0xCB, 0x1E, 0xFE, 0x76,
    0xE5, 0xE9, 0x14, 0xEA, 0x95, 0x49, 0xF0, 0xC9, 0xE6, 0xAD, 0x69, 0xF6, 0xA0, 0x4C, 0x35, 0x11,
    0xD2, 0x20, 0x55, 0x0E, 0x0D, 0x5A, 0x45, 0xD3, 0x23, 0x00, 0x11, 0xF7, 0x33, 0xD8, 0xF9, 0x52,
    0x2C, 0x67, 0xDD, 0x71, 0x9A, 0x1F, 0x06, 0x2C, 0x72, 0x70, 0x1D, 0xB0, 0x5E, 0x7F, 0x45, 0xBC,
    0xB7, 0x4A, 0xF1, 0xEF, 0x5E, 0x4F, 0x83, 0x8C, 0x14, 0xC5, 0x4B, 0xA1, 0x33, 0xD6, 0xC1, 0xC7,
    0x15, 0x24, 0x21, 0xEA, 0x84, 0x2A, 0xA6, 0xAC, 0x08, 0x59, 0x93, 0x82, 0x64, 0x2E, 0x40, 0xD5,
    0x08, 0x1B, 0xD3, 0x02, 0x8D, 0x97, 0x50, 0x41, 0x10, 0xCA, 0xB2, 0x08, 0x01, 0x35, 0x27, 0x2D,
    0x48, 0xD4, 0xEF, 0xAF, 0x5C, 0x8D, 0x15, 0xEE, 0x89, 0xDA, 0xDC, 0xDC, 0x31, 0x78, 0x6B, 0x16,
    0x6F, 0xC3, 0xAC, 0xA2, 0xC6, 0x1B, 0x71, 0x31, 0x5A, 0x76, 0xE8, 0x8C, 0xA0, 0x86, 0x30, 0x63,
    0x08, 0x26, 0x31, 0x13, 0xD4, 0x38, 0xF6, 0xEF, 0xA5, 0xAA, 0x96, 0x4C, 0x9A, 0x5D, 0x1B, 0x5D,
    0x2B, 0x40, 0x1D, 0x18, 0xB7, 0x35, 0x9F, 0x11, 0x0D, 0x5A, 0x97, 0xC2, 0x62, 0xC0, 0x1A, 0xA0,
    0x04, 0x79, 0xD2, 0x91, 0xF0, 0x53, 0x59, 0xB9, 0x33, 0xB4, 0x64, 0x6C, 0xBF, 0x45, 0x56, 0x17,
    0xDB, 0xAF, 0xA8, 0xE1, 0x57, 0x2A, 0x62, 0xD7, 0x21, 0xA2, 0xAF, 0xA7, 0xA7, 0x37, 0x67, 0x9D,
    0x1D, 0xDE, 0xFF, 0xD3, 0xCD, 0x07, 0x9E, 0xDA, 0x97, 0xCC, 0x7F, 0x32, 0xF5, 0x90, 0x68, 0x9E,
    0x99, 0x69, 0xF6, 0x8B, 0x5E, 0x5C, 0x81, 0xCB, 0x81, 0xE5, 0x6E, 0x3C, 0x18, 0x00, 0x11, 0x39,
    0x44, 0x9C, 0x5E, 0x6D, 0xBB, 0xD2, 0x3D, 0x9D, 0x36, 0x0E, 0xA0, 0x82, 0xE4, 0x8A, 0x7E, 0x70,
    0x3D, 0x31, 0x75, 0xB7, 0xDE, 0xD4, 0x35, 0xFD, 0xD7, 0xFC, 0x9C, 0x19, 0xCA, 0xE9, 0xE8, 0xAC,
    0x6F, 0xD2, 0xF9, 0x50, 0x88, 0x9B, 0x59, 0xD5, 0xF0, 0x17, 0xF0, 0x22, 0xFD, 0xD4, 0x6B, 0x20,
    0x78, 0x09, 0x19, 0x01, 0x32, 0xE7, 0x1D, 0xEE, 0x10, 0x63, 0x10, 0xEE, 0x3E, 0xEE, 0x3B, 0xB8,
    0x31, 0x58, 0x2D, 0x1D, 0x0B, 0x7E, 0x1B, 0x2B, 0xBD, 0xB3, 0xAA, 0xDA, 0x4B, 0x9D, 0xD8, 0xD3,
    0xF7, 0x83, 0x98, 0xF7, 0x95, 0xBE, 0xCF, 0x3A, 0x24, 0x1A, 0xAA, 0xA8, 0xE7, 0x56, 0x31, 0x5D,
    0x56, 0x19, 0xC7, 0xD5, 0xBB, 0xAC, 0xA6, 0x89, 0x41, 0x55, 0xBB, 0x6F, 0x5D, 0x93, 0x83, 0xBA,
    0x8E, 0x07, 0x91, 0x1E, 0x5B, 0x54, 0x12, 0x30, 0x48, 0x12, 0x34, 0x63, 0x27, 0xEF, 0x05, 0xDF,
    0xEE, 0x4A, 0x88, 0x2F, 0x17, 0x1C, 0xF1, 0x5B, 0xD5, 0xE9, 0x06, 0x19, 0x50, 0x90, 0x2D, 0x20,
    0xE4, 0x8D, 0x43, 0xF5, 0x8D, 0x53, 0xE2, 0x16, 0x4D, 0x5C, 0x8D, 0xF1, 0xEE, 0x8E, 0xCF, 0x60,
    0x96, 0x16, 0xA4, 0x77, 0x20, 0x1B, 0x17, 0xD9, 0x74, 0x0C, 0x2E, 0x4F, 0x3E, 0xEF, 0x68, 0x89,
    0x52, 0xC5, 0x55, 0x61, 0x3F, 0x02, 0x70, 0x22, 0x5E, 0x84, 0xE2, 0x03, 0x02, 0xC1, 0x84, 0xA6,
    0xC8, 0x61, 0x0A, 0xB0, 0x3F, 0xB4, 0x92, 0xF7, 0x19, 0x57, 0x11, 0x91, 0x64, 0x2A, 0x94, 0x30,
    0x00, 0x14, 0x26, 0x0A, 0x98, 0x58, 0x62, 0x87, 0x74, 0x18, 0xF4, 0x02, 0x3D, 0x24, 0x43, 0x52,
    0x62, 0x06, 0x31, 0x79, 0x4D, 0x17, 0x70, 0x7A, 0x77, 0x46, 0x74, 0x88, 0xA6, 0x90, 0x36, 0x30,
    0x27, 0xF8, 0xE5, 0x68, 0xA7, 0x40, 0x08, 0xE2, 0x66, 0xA7, 0x63, 0x63, 0xE6, 0xC9, 0x23, 0x5C,
    0xEC, 0x08, 0x0F, 0x00, 0x18, 0xD4, 0x9E, 0xEB, 0x53, 0xC1, 0x56, 0xD7, 0x34, 0x4D, 0x3E, 0xD0,
    0xC7, 0x23, 0x3E, 0x4A, 0x9B, 0x1C, 0x15, 0xB7, 0x97, 0xE1, 0x29, 0xEF, 0x0D, 0x38, 0xA2, 0xFF,
    0x26, 0x8B, 0xE0, 0x5D, 0x0C, 0xC1, 0x1E, 0x97, 0xB2, 0x00, 0x2A, 0x85, 0x78, 0x8F, 0x89, 0x6B,
    0x9C, 0x1A, 0x2A, 0x84, 0xA6, 0x8D, 0xE3, 0x71, 0x49, 0x20, 0xA7, 0xAE, 0x1D, 0xF8, 0xB0, 0x9C,
    0xB3, 0x72, 0x20, 0xE7, 0x1C, 0x88, 0xBD, 0xA9, 0x73, 0x19, 0xE1, 0x2B, 0xF1, 0xD3, 0x86, 0x04,
    0x2F, 0xF4, 0x24, 0x78, 0x2A, 0x13, 0x75, 0x1D, 0x7B, 0x09, 0x6B, 0xAC, 0xC0, 0x37, 0xC3, 0x4B,
    0x89, 0x54, 0xC1, 0x26, 0x2B, 0x1E, 0xE7, 0xE9, 0x41, 0xEC, 0x36, 0xAE, 0xA6, 0x11, 0xF6, 0xCC,
    0x38, 0x6D, 0xB9, 0x29, 0xEB, 0x8F, 0xA1, 0x07, 0x4C, 0xC8, 0x4C, 0x20, 0xF3, 0x49, 0xA4, 0x56,
    0xC8, 0x51, 0x58, 0x55, 0x45, 0x1B, 0x43, 0xD5, 0x2A, 0xC8, 0x45, 0x05, 0x5A, 0xD4, 0xE1, 0x9C,
    0x11, 0x96, 0x9A, 0x72, 0xF5, 0x3A, 0x29, 0x8B, 0xFD, 0xB1, 0xE9, 0x0C, 0xE5, 0x14, 0x63, 0xEC,
    0x53, 0x44, 0xD7, 0x5E, 0xFA, 0xAB, 0x47, 0x13, 0x5D, 0x7D, 0xF1, 0xC3, 0xAA, 0x36, 0xCA, 0xE5,
    0xB1, 0x35, 0xF6, 0xED, 0xD3, 0xFB, 0x8D, 0x27, 0x73, 0xC3, 0x24, 0x96, 0xD3, 0xAF, 0x5A, 0x1A,
    0x60, 0x6D, 0x39, 0x6C, 0xF9, 0x4D, 0x6C, 0xF2, 0x16, 0x5C, 0x6C, 0x0B, 0x0E, 0x56, 0x88, 0x8E,
    0x15, 0x6E, 0xC6, 0x58, 0xC1, 0xF9, 0x96, 0x10, 0x0F, 0x96, 0xC1, 0x25, 0x56, 0x46, 0x5F, 0xC3,
    0x0C, 0x45, 0x05, 0xD8, 0x22, 0x5C, 0x2B, 0xC0, 0xF7, 0xA3, 0x99, 0xF0, 0x21, 0x36, 0x7D, 0x9E,
    0xA3, 0xE8, 0x77, 0xDF, 0x4D, 0xBD, 0x77, 0xE2, 0x79, 0xD9, 0xE9, 0x1A, 0x64, 0xF4, 0x71, 0x75,
    0xEF, 0x17, 0xC7, 0xE1, 0x8B, 0xF5, 0x62, 0x1A, 0x5C, 0x4A, 0xE1, 0x5D, 0x0F, 0x06, 0xC2, 0x81,
    0x10, 0x6C, 0xA0, 0x37, 0x00, 0x60, 0x37, 0x13, 0x9F, 0xCE, 0x9E, 0x99, 0xCE, 0xD7, 0xB7, 0x19,
    0x63, 0xDF, 0x4E, 0xFF, 0x46, 0x9C, 0x81, 0x80, 0xFC, 0x35, 0x33, 0xF9, 0xF1, 0xD1, 0x3E, 0x34,
    0xA4, 0x7F, 0xA3, 0xC6, 0xA7, 0x33, 0x45, 0x03, 0xB1, 0x27, 0xBA, 0xE0, 0xA0, 0x58, 0xD7, 0x12,
    0x18, 0xDD, 0xDD, 0xD8, 0x2D, 0xBC, 0xF7, 0x53, 0xA4, 0x83, 0x77, 0xB9, 0xC6, 0x6F, 0x14, 0x1E,
    0x98, 0x86, 0xEE, 0x76, 0x74, 0x98, 0x00, 0x5A, 0x60, 0xA8, 0x49, 0x03, 0x09, 0x22, 0x0E, 0x75,
    0x26, 0x78, 0x29, 0x0E, 0xC5, 0x7F, 0x0B, 0x60, 0xBD, 0x5D, 0xA0, 0x85, 0x88, 0x06, 0xE3, 0x67,
    0x9D, 0x3D, 0x1D, 0xA3, 0x42, 0x64, 0x4B, 0x52, 0xE3, 0xF5, 0xCE, 0xCF, 0x40, 0x61, 0x3E, 0x00,
    0x85, 0xD9, 0x7B, 0x08, 0xB6, 0x75, 0x9C, 0x50, 0x75, 0x30, 0x4F, 0x46, 0xE1, 0x7A, 0x14, 0xC9,
    0x2E, 0x8E, 0x62, 0xD7, 0x2C, 0xC8, 0x1F, 0x9F, 0xA8, 0xCB, 0xED, 0x3E, 0x30, 0x3F, 0xCF, 0x71,
    0x92, 0x88, 0xCB, 0x13, 0x32, 0x89, 0x2C, 0xC5, 0x8B, 0x59, 0x99, 0x65, 0xA4, 0x3B, 0x75, 0x15,
    0x40, 0x10, 0xBA, 0x0D, 0xA1, 0xF9, 0xFF, 0x5C, 0x99, 0xF5, 0x83, 0xBD, 0x50, 0xC5, 0x6C, 0xA3,
    0xF2, 0x59, 0x17, 0xA5, 0x62, 0x05, 0x93, 0x9D, 0xF6, 0x26, 0x04, 0x96, 0xAC, 0xFD, 0x36, 0x6F,
    0xDC, 0x67, 0xFF, 0x99, 0xB3, 0x60, 0x35, 0x6B, 0xA2, 0x8B, 0x22, 0x0C, 0x91, 0x68, 0xFA, 0x81,
    0x0F, 0x5A, 0x74, 0x25, 0x7D, 0xC2, 0x11, 0x91, 0x06, 0x1D, 0x5E, 0xAE, 0x8D, 0xBA, 0x83, 0xCD,
    0xC1, 0xF4, 0x41, 0xD7, 0x81, 0x76, 0x2D, 0x65, 0x69, 0x42, 0x93, 0x20, 0x64, 0x91, 0xD0, 0x80,
    0xD8, 0x84, 0x08, 0x06, 0x75, 0x18, 0xA5, 0x2F, 0xB5, 0x5B, 0x93, 0x1D, 0x90, 0x8C, 0x21, 0x3D,
    0xDF, 0x3A, 0xD8, 0x20, 0x58, 0x80, 0x22, 0x3C, 0xF3, 0x8A, 0x60, 0xDC, 0x5A, 0x6F, 0x7C, 0xE0,
    0x35, 0x93, 0x32, 0x14, 0x26, 0x5D, 0x44, 0x3D, 0xE7, 0x43, 0x06, 0xD0, 0xDF, 0x26, 0x0B, 0x54,
    0x46, 0x21, 0x8C, 0x56, 0xB0, 0x43, 0x57, 0xF1, 0xF0, 0x8D, 0x1B, 0x73, 0x50, 0x46, 0xB7, 0x6F,
    0x97, 0x4A, 0x76, 0x99, 0x59, 0x26, 0xF6, 0x65, 0x8F, 0x59, 0x01, 0x19, 0xA1, 0x20, 0x2E, 0x66,
    0x07, 0xA5, 0x13, 0x94, 0x21, 0xCC, 0x91, 0x1D, 0x01, 0x2B, 0x6B, 0xE9, 0x8E, 0x9A, 0x21, 0xCC,
    0xBA, 0xC3, 0x6D, 0xC7, 0xBA, 0x2D, 0xBB, 0x19, 0x6A, 0x55, 0x16, 0xEA, 0xEE, 0x30, 0x6B, 0x65,
    0x69, 0xEB, 0xF1, 0xDC, 0x86, 0xF3, 0x67, 0xE2, 0x45, 0x09, 0x09, 0xC4, 0xEB, 0x4F, 0x15, 0xC0,
    0x8C, 0x24, 0x0E, 0xD4, 0xE0, 0xD7, 0x90, 0x96, 0x7A, 0x39, 0x90, 0x7F, 0xB2, 0x43, 0xEC, 0x65,
    0x8F, 0x04, 0x31, 0x61, 0x72, 0x61, 0xF3, 0xA5, 0x03, 0xF6, 0xE8, 0x40, 0xB7, 0x12, 0xFB, 0xAA,
    0x76, 0xEB, 0x8B, 0xC1, 0x4E, 0x0C, 0x3D, 0xDA, 0x3D, 0x6A, 0xA2, 0x13, 0x08, 0xB1, 0x11, 0xCD,
    0xB2, 0xA9, 0x44, 0xC6, 0x7D, 0xC1, 0xDC, 0xF6, 0x05, 0xEF, 0x40, 0x9F, 0x06, 0xD6, 0xA4, 0x8A,
    0x27, 0xAB, 0x08, 0x79, 0x75, 0xA4, 0xA6, 0x6D, 0x94, 0x17, 0xDD, 0x00, 0xFA, 0xA8, 0x72, 0x00,
    0xFC, 0x0D, 0xCD, 0x2B, 0x49, 0x2B, 0x71, 0xA5, 0x55, 0x21, 0x69, 0xF3, 0xF2, 0x3A, 0x69, 0x35,
    0x09, 0x6C, 0x4A, 0xE5, 0x4E, 0xE8, 0x7D, 0xF9, 0xF3, 0x0D, 0xEF, 0x83, 0xDC, 0xDF, 0x8B, 0x03,
    0x5D, 0x18, 0x7D, 0x5B, 0xDE, 0x9F, 0x17, 0x08, 0xFE, 0x9C, 0xB2, 0xD1, 0x82, 0xB2, 0x9F, 0xB3,
    0x69, 0x54, 0x57, 0x5F, 0x3F, 0x91, 0xFA, 0x40, 0xDA, 0xEF, 0xA1, 0x90, 0x62, 0x52, 0x3E, 0xBA,
    0xFA, 0x32, 0x71, 0x5D, 0x69, 0x4B, 0x5D, 0x94, 0x21, 0x51, 0xF2, 0xD2, 0xDB, 0xE2, 0x7C, 0x09,
    0x1B, 0xEE, 0xC4, 0xFB, 0xFA, 0xAA, 0x73, 0x81, 0xEE, 0x66, 0x5B, 0xF2, 0x45, 0xCE, 0x6A, 0xEF,
    0xEC, 0x83, 0xDA, 0xEF, 0xB0, 0x85, 0xBD, 0x62, 0x3A, 0x11, 0xED, 0x9B, 0x3D, 0xA7, 0x27, 0xDB,
    0x00, 0xC5, 0xE2, 0xE9, 0x02, 0x95, 0xF3, 0xB8, 0x2B, 0x07, 0xD0, 0x81, 0x87, 0xF5, 0x4B, 0x25,
    0x99, 0x9D, 0x25, 0x3B, 0xD2, 0x85, 0x50, 0xD4, 0x66, 0x6E, 0x51, 0xC3, 0xB4, 0x0A, 0xE5, 0x9B,
    0x0B, 0x17, 0x33, 0x27, 0xAE, 0x91, 0xE9, 0x95, 0x3A, 0x07, 0x0F, 0x42, 0xBD, 0x8F, 0xD6, 0x79,
    0x46, 0x64, 0xA8, 0x10, 0x4F, 0xE5, 0x20, 0xDB, 0xD9, 0xC1, 0xB3, 0x4B, 0x7D, 0xFD, 0xBD, 0x0B,
    0x9A, 0x8E, 0xF6, 0xA5, 0x79, 0x73, 0x72, 0x63, 0xB1, 0x26, 0x7E, 0x35, 0x11, 0xF7, 0xDD, 0x0C,
    0xB6, 0xDE, 0x38, 0x16, 0xCC, 0x7A, 0x77, 0x6E, 0x1D, 0x7A, 0xDE, 0xF9, 0x70, 0x98, 0xE7, 0x88,
    0xEF, 0x51, 0x31, 0x13, 0x93, 0xBC, 0xF3, 0x6A, 0xCF, 0x68, 0x53, 0x56, 0x6D, 0x77, 0x2C, 0x81,
    0x5B, 0x36, 0x34, 0xE1, 0x68, 0xA7, 0x9D, 0xB3, 0x9D, 0x23, 0x28, 0x53, 0x8D, 0x0E, 0x3D, 0xBD,
    0x7C, 0x38, 0x3B, 0x6B, 0x0A, 0xDD, 0xC3, 0x65, 0xC9, 0x7E, 0x3C, 0xCD, 0xB3, 0x6B, 0x96, 0x67,
    0xD7, 0xC7, 0x8C, 0x40, 0x13, 0x8D, 0xED, 0x89, 0xE3, 0xD1, 0xE1, 0x89, 0x03, 0xD3, 0x69, 0xCF,
    0xC6, 0x03, 0x6C, 0x65, 0xAF, 0x3B, 0x34, 0x0B, 0xA9, 0xCD, 0xD3, 0xEF, 0x95, 0xFD, 0xAB, 0x2F,
    0xEF, 0xEF, 0x8E, 0xB4, 0xC0, 0xCE, 0xC3, 0xEC, 0x34, 0x2B, 0xEF, 0xCC, 0xC9, 0xF4, 0x61, 0xF0,
    0x45, 0xA4, 0x95, 0x10, 0x53, 0x05, 0xF8, 0xBA, 0x3B, 0x3E, 0xC6, 0x9B, 0x1B, 0x4A, 0xC3, 0xF3,
    0x59, 0x0B, 0x24, 0xDE, 0x5F, 0xC5, 0xFB, 0x0B, 0x6B, 0x82, 0xA7, 0xDF, 0x13, 0x18, 0xF0, 0xEA,
    0xCB, 0x47, 0xEE, 0xFB, 0x96, 0x7E, 0x91, 0x20, 0xCC, 0xEE, 0x17, 0x4D, 0x88, 0x1C, 0x56, 0xE3,
    0x61, 0xE6, 0xB7, 0xA1, 0x19, 0x46, 0xC5, 0xEF, 0x7E, 0x05, 0x99, 0xF2, 0xBD, 0x8F, 0x6D, 0x91,
    0xD2, 0x1E, 0xC8, 0xF5, 0x7F, 0xED, 0xAF, 0xE1, 0x90, 0x9B, 0x7C, 0x6B, 0xD3, 0xCB, 0x58, 0x3B,
    0x67, 0x00, 0x47, 0xF4, 0xDE, 0xCC, 0xF6, 0xBF, 0xFE, 0xE3, 0x8D, 0x0E, 0x94, 0x7D, 0x7B, 0xFC,
    0x1A, 0xDC, 0x77, 0x5F, 0xB8, 0x4E, 0xA4, 0xBA, 0x69, 0x41, 0xEF, 0x63, 0x13, 0x3B, 0x87, 0xAF,
    0xF0, 0x10, 0x8F, 0x0E, 0x68, 0xA2, 0xD3, 0x49, 0x8C, 0xCD, 0x7F, 0x8B, 0xFC, 0xA9, 0x37, 0x9A,
    0xF2, 0x24, 0xE2, 0xD4, 0xFF, 0x62, 0x94, 0x2D, 0x18, 0x73, 0x15, 0x77, 0xF8, 0xD6, 0xCB, 0x9A,
    0x03, 0x17, 0x2C, 0xB7, 0x41, 0x55, 0x57, 0x6D, 0x61, 0x41, 0x9A, 0xE2, 0xEE, 0x63, 0x95, 0x0B,
    0xD0, 0x83, 0xDB, 0xEE, 0xD9, 0x3F, 0xCC, 0x47, 0x07, 0x27, 0x7D, 0x82, 0x8D, 0x1B, 0xAE, 0x28,
    0x37, 0xF2, 0xC4, 0x1B, 0x0D, 0x0B, 0x50, 0xE4, 0x89, 0x47, 0xCD, 0x8B, 0x54, 0x7C, 0x8F, 0xCA,
    0xB2, 0xCA, 0x99, 0x94, 0x11, 0xDD, 0x0B, 0xBF, 0xC7, 0x77, 0x0A, 0xA8, 0x91, 0x93, 0x92, 0xFE,
    0xFF, 0x87, 0x7E, 0x36, 0x8C, 0x9C, 0xC7, 0xAD, 0x91, 0x73, 0xD9, 0x94, 0x32, 0x15, 0x6C, 0x9D,
    0x95, 0x1F, 0xE0, 0x22, 0x1F, 0x2D, 0x34, 0x53, 0x98, 0x4D, 0x33, 0x72, 0x55, 0x29, 0x18, 0x59,
    0xDE, 0x61, 0xA5, 0xF9, 0xBB, 0x78, 0x81, 0xCB, 0x44, 0xBE, 0x5C, 0xC7, 0xF7, 0x56, 0x57, 0x47,
    0x7C, 0x79, 0x36, 0x65, 0x66, 0xC2, 0x5C, 0x1F, 0x61, 0xEE, 0x13, 0x73, 0x77, 0x84, 0x39, 0x31,
    0x6F, 0x61, 0x48, 0x90, 0xD9, 0x50, 0x6E, 0x5E, 0xAD, 0x59, 0x4F, 0x86, 0x6F, 0xB8, 0xCD, 0x04,
    0x9C, 0xE9, 0xCD, 0xB7, 0xBD, 0x44, 0x75, 0xC3, 0x44, 0x79, 0xCD, 0xFB, 0x4D, 0x4F, 0xD9, 0xD7,
    0x5D, 0xF7, 0x65, 0xDD, 0x5C, 0x78, 0xFC, 0xF4, 0x74, 0x3C, 0x68, 0x11, 0x52, 0xBD, 0xC5, 0x6A,
    0xB4, 0xD5, 0x62, 0x47, 0xA0, 0x13, 0x49, 0xA3, 0x90, 0x02, 0xD6, 0x2F, 0x5C, 0xD0, 0xBA, 0xAD,
    0x82, 0x67, 0x70, 0x45, 0xE1, 0xA7, 0x15, 0x37, 0x2F, 0x54, 0x0C, 0x56, 0x58, 0x20, 0xD7, 0xF8,
    0x69, 0xB7, 0x2A, 0xCB, 0x2A, 0xDE, 0x02, 0xB6, 0x90, 0xED, 0x62, 0x05, 0x68, 0xA0, 0xF2, 0x91,
    0xFC, 0x1A, 0xE3, 0xAA, 0x3C, 0x9F, 0x31, 0x99, 0x42, 0x33, 0xC8, 0x6D, 0xC6, 0x9C, 0xA3, 0x39,
    0x3A, 0x61, 0xFD, 0x0D, 0x0F, 0xCA, 0x3F, 0x64, 0xDF, 0x2F, 0xBE, 0x36, 0x3C, 0x55, 0xC0, 0x9F,
    0xBA, 0xAC, 0x49, 0xAB, 0x8E, 0x22, 0xBC, 0x57, 0x71, 0x06, 0x52, 0x54, 0xBD, 0xBF, 0xBB, 0xF9,
    0xB2, 0xF7, 0x92, 0x97, 0x86, 0xC1, 0x25, 0xD8, 0x1F, 0x3F, 0xA2, 0x7E, 0x18, 0x2C, 0x63, 0x8E,
    0x20, 0x92, 0xE0, 0x39, 0x28, 0x15, 0x14, 0x88, 0xDC, 0x7E, 0x8E, 0x94, 0xEF, 0xA7, 0x64, 0x90,
    0x5A, 0x5B, 0x9F, 0x79, 0x39, 0x64, 0xC6, 0xB8, 0xB0, 0x34, 0xAD, 0x28, 0x56, 0xA4, 0xC1, 0x85,
    0x09, 0x49, 0x12, 0x6C, 0xD5, 0x06, 0x40, 0x5E, 0xD6, 0x60, 0x53, 0x9D, 0x5F, 0xFB, 0xBA, 0x18,
    0x16, 0xB0, 0xCD, 0xD1, 0x4B, 0x82, 0xF5, 0xA3, 0xDE, 0x8D, 0xEA, 0xD8, 0xC3, 0x77, 0xF3, 0xBB,
    0xBB, 0x0B, 0xB3, 0xBF, 0x98, 0xC8, 0x29, 0xC3, 0x1F, 0xC0, 0x30, 0xCF, 0xC0, 0x8D, 0xB6, 0x01,
    0x8B, 0xAD, 0x4B, 0x54, 0x5B, 0x70, 0xA5, 0x02, 0x4E, 0x04, 0xE3, 0x69, 0x22, 0xD2, 0xC1, 0x77,
    0x56, 0xF1, 0xED, 0x7A, 0x61, 0xDE, 0xA6, 0xAB, 0x25, 0xE3, 0xF6, 0x9B, 0x65, 0xAA, 0xB5, 0xDC,
    0xBE, 0xC9, 0xA5, 0x4B, 0x02, 0x1E, 0x02, 0x34, 0x14, 0x4F, 0x33, 0x54, 0xB2, 0x3F, 0xA8, 0x1F,
    0xA7, 0x6E, 0x9A, 0x9A, 0xC7, 0xFB, 0x6B, 0x2E, 0x56, 0x7C, 0xB8, 0x06, 0x26, 0x01, 0xBB, 0x85,
    0x69, 0xB0, 0x86, 0xB1, 0x11, 0xD7, 0x33, 0xD4, 0x95, 0x67, 0x11, 0xD4, 0x69, 0xCD, 0xBE, 0xA5,
    0x90, 0x1B, 0x92, 0x4F, 0x5E, 0x81, 0x52, 0x31, 0xDB, 0xE1, 0xEB, 0x4A, 0xFA, 0xF9, 0x2D, 0xD3,
    0x53, 0xB7, 0xB4, 0xDC, 0xB9, 0x72, 0x25, 0x66, 0x59, 0xBC, 0xB4, 0x79, 0x6B, 0x2C, 0x4F, 0xBF,
    0xFA, 0x97, 0xE8, 0xB3, 0x2C, 0x76, 0x7E, 0x38, 0x23, 0xC5, 0x1B, 0x59, 0x7D, 0xD9, 0x29, 0xFB,
    0x47, 0xBE, 0x73, 0x33, 0x37, 0xAC, 0x6C, 0x5B, 0x91, 0x5F, 0x7A, 0x63, 0x76, 0xF0, 0xD0, 0x58,
    0x8F, 0x78, 0xC7, 0x65, 0x6E, 0x58, 0x23, 0x16, 0x7F, 0x91, 0x61, 0xBF, 0x96, 0xD2, 0x3E, 0xBC,
    0x5D, 0xCF, 0xE3, 0xCE, 0x4E, 0xAA, 0xF7, 0x97, 0x3B, 0xD1, 0x57, 0xF7, 0x26, 0xFA, 0xEA, 0xC1,
    0x04, 0x5D, 0x53, 0x13, 0xAD, 0xE4, 0x89, 0xA6, 0xD7, 0x88, 0xB2, 0x59, 0xBA, 0x76, 0xBE, 0x30,
    0xB1, 0x8F, 0x5E, 0xF5, 0x5F, 0xCD, 0x5A, 0xBF, 0x8F, 0xDB, 0xE6, 0x19, 0x7E, 0x49, 0xF6, 0x8E,
    0x71, 0x08, 0xF8, 0xF3, 0x10, 0xA7, 0xA9, 0x83, 0x98, 0x19, 0x8D, 0xA0, 0x12, 0x97, 0x0E, 0x1D,
    0x24, 0x91, 0x8E, 0x87, 0x0C, 0x1D, 0x72, 0x83, 0x0F, 0x1D, 0x3A, 0x34, 0x43, 0xA7, 0x0C, 0xF1,
    0x92, 0xC1, 0x83, 0x7C, 0x62, 0xDB, 0x21, 0x43, 0x87, 0xDC, 0x9F, 0xE0, 0xA1, 0x43, 0x63, 0x0F,
    0x97, 0xE1, 0x0A, 0x08, 0xA8, 0x6C, 0x31, 0x36, 0xD0, 0x0E, 0x19, 0x4C, 0x23, 0x28, 0x3A, 0x5A,
    0x40, 0x1D, 0x34, 0xA8, 0x07, 0xB3, 0x8D, 0x52, 0xC8, 0xCE, 0xDD, 0xB1, 0xCF, 0xF3, 0x7E, 0x1F,
    0x25, 0x9D, 0x7F, 0x34, 0x31, 0xEE, 0x7C, 0xAE, 0x70, 0x24, 0xEF, 0x24, 0xF1, 0xFB, 0x9E, 0xF7,
    0xF7, 0xF3, 0xBE, 0x3C, 0x39, 0x21, 0x22, 0x41, 0x31, 0x91, 0xBA, 0x2E, 0xC5, 0xFF, 0x7B, 0xE1,
    0xD5, 0xF5, 0x8E, 0x48, 0x2D, 0x5E, 0x25, 0x03, 0x91, 0x33, 0xE2, 0x4F, 0x24, 0xCE, 0xF8, 0x95,
    0x89, 0x44, 0xF9, 0xC9, 0xF5, 0xF3, 0x41, 0x29, 0x61, 0x31, 0xAE, 0x67, 0x41, 0x81, 0xBB, 0xDE,
    0xBF, 0x5A, 0x85, 0xBC, 0x4A, 0x58, 0xE2, 0x8A, 0x9F, 0x38, 0x8B, 0x72, 0x7C, 0x4F, 0xBA, 0x62,
    0x72, 0x31, 0x99, 0xCC, 0x78, 0x32, 0xBC, 0xD9, 0x88, 0x24, 0x7C, 0x33, 0x16, 0xB9, 0x24, 0xA9,
    0xE0, 0xEA, 0xCD, 0x04, 0x3B, 0xB5, 0x25, 0x9E, 0xF8, 0x95, 0x48, 0x5A, 0xD7, 0x59, 0x54, 0xD7,
    0x45, 0x5A, 0xDF, 0x15, 0x5E, 0xB1, 0xA5, 0x74, 0x0C, 0xCF, 0x55, 0xBB, 0x83, 0xB3, 0x57, 0x19,
    0x7C, 0x0B, 0x70, 0xFC, 0x9C, 0x97, 0x92, 0x9F, 0x9C, 0x3A, 0x77, 0x7B, 0x7D, 0x3D, 0xF3, 0xEB,
    0xAF, 0xFF, 0x52, 0xD7, 0x79, 0xF4, 0xE5, 0x9F, 0xFE, 0x7C, 0x65, 0x9C, 0xC5, 0x59, 0x5C, 0x60,
    0x07, 0x05, 0x30, 0x95, 0x3E, 0xF6, 0xC7, 0xE6, 0x43, 0x5C, 0xF4, 0x6F, 0x23, 0x3D, 0xD1, 0xCB,
    0x8C, 0x97, 0x24, 0xC0, 0x92, 0x33, 0xD9, 0x88, 0xB0, 0x5B, 0xDF, 0xDB, 0x4B, 0xB0, 0x64, 0x7A,
    0xFF, 0xDA, 0x00, 0x0A, 0x88, 0xF6, 0x3A, 0x63, 0xEA, 0x81, 0x92, 0x2F, 0x5E, 0x04, 0x20, 0x6D,
    0x6F, 0xF9, 0xD2, 0x85, 0x7E, 0x88, 0x34, 0x70, 0x17, 0xC5, 0xD5, 0x0F, 0x14, 0xFE, 0x28, 0xD4,
    0xCB, 0xD0, 0x5E, 0xA6, 0x51, 0xAE, 0x17, 0xA3, 0x97, 0xCA, 0x64, 0x56, 0x28, 0x2A, 0xDF, 0xAF,
    0x62, 0x5E, 0x82, 0x89, 0xBD, 0x14, 0x6D, 0xAA, 0xDB, 0xE4, 0x50, 0x09, 0xAC, 0x41, 0xCD, 0xC8,
    0x60, 0xB6, 0x8C, 0xE3, 0x98, 0x42, 0x49, 0x68, 0x23, 0x77, 0xA6, 0x62, 0xC4, 0x5A, 0x49, 0x5E,
    0x11, 0xA2, 0xE8, 0xD0, 0x2C, 0x90, 0x9F, 0x9B, 0x0F, 0xF5, 0xBC, 0x4D, 0xC3, 0x50, 0xF8, 0x9C,
    0xB7, 0x73, 0xFF, 0x8A, 0x56, 0xC1, 0xED, 0xB1, 0xDE, 0x1E, 0xAB, 0x5A, 0xB9, 0x77, 0xC9, 0x3D,
    0x71, 0xBB, 0x3D, 0xE3, 0x65, 0x25, 0xB0, 0x02, 0x28, 0x70, 0xD9, 0xE3, 0xC9, 0x9B, 0x2D, 0x63,
    0xF2, 0xAA, 0x14, 0xCB, 0xF4, 0xD4, 0x36, 0x44, 0x10, 0x14, 0x40, 0x52, 0x10, 0xC1, 0x10, 0xB7,
    0x62, 0xF7, 0x0C, 0x7B, 0x67, 0xDC, 0x13, 0x07, 0x77, 0xC5, 0x9E, 0x6D, 0x1C, 0x2D, 0x7C, 0xB9,
    0x8B, 0x7D, 0x3A, 0x3C, 0xB8, 0x13, 0xF7, 0x89, 0x32, 0xBA, 0x88, 0xEE, 0xE3, 0x4D, 0xE5, 0x91,
    0xD7, 0x0E, 0xC5, 0xC0, 0x5A, 0xDE, 0xAE, 0x2A, 0xC2, 0x88, 0xA7, 0xFE, 0x8A, 0x1B, 0xFC, 0xFB,
    0x99, 0xAF, 0xBF, 0x04, 0x7F, 0x2B, 0xA8, 0x91, 0xB6, 0x04, 0x5F, 0x94, 0x04, 0xD3, 0x93, 0xE0,
    0x46, 0xC5, 0x5F, 0xBA, 0xC0, 0x53, 0x51, 0xAA, 0x0E, 0x81, 0x85, 0xAA, 0xA3, 0x28, 0xEF, 0xAB,
    0x0B, 0x40, 0x35, 0x3D, 0x6E, 0x4E, 0x77, 0x89, 0x29, 0x27, 0xDC, 0x57, 0xCC, 0xC7, 0x67, 0x2B,
    0x6C, 0x17, 0x4B, 0x78, 0x0B, 0x2B, 0x52, 0x59, 0xC1, 0x7D, 0xBF, 0xC2, 0x2E, 0x6D, 0x6C, 0xEB,
    0x4D, 0xC3, 0x92, 0x2E, 0xB5, 0x87, 0xF0, 0xA1, 0xD7, 0xC3, 0xF3, 0x92, 0xDD, 0x47, 0xE1, 0xAE,
    0x66, 0x8A, 0xD8, 0x14, 0x8A, 0x17, 0xB0, 0x2D, 0x5A, 0x87, 0x55, 0x91, 0xAE, 0x58, 0x9C, 0x6D,
    0x8B, 0xD2, 0x61, 0x74, 0x08, 0x3B, 0x16, 0x9F, 0x43, 0x77, 0xD1, 0x62, 0x1B, 0x2A, 0xB2, 0xCC,
    0xE2, 0x72, 0xA8, 0xC4, 0x61, 0xAA, 0x14, 0x91, 0x37, 0x51, 0x3C, 0xD6, 0x2F, 0xC4, 0x3A, 0xA6,
    0x58, 0x73, 0x4A, 0x64, 0x2F, 0x03, 0xEB, 0xDE, 0xD7, 0xF6, 0xA3, 0xD5, 0xB3, 0x59, 0xB2, 0x75,
    0xF3, 0xF2, 0xCE, 0xFE, 0x5E, 0x4E, 0x4A, 0x70, 0xA7, 0x96, 0x96, 0x84, 0xBB, 0x17, 0x8A, 0xAE,
    0x44, 0xA5, 0x85, 0x47, 0xAC, 0x08, 0x34, 0x62, 0x54, 0x73, 0x1B, 0xBC, 0x37, 0x04, 0x26, 0x9A,
    0xBC, 0xAD, 0x46, 0x6F, 0xA9, 0xD9, 0xBB, 0x6A, 0xF8, 0x8E, 0x9A, 0xBE, 0xA3, 0xC6, 0x9F, 0x43,
    0xB3, 0xC8, 0x2C, 0xB0, 0x71, 0xF6, 0x08, 0xAC, 0x8B, 0xA7, 0x71, 0x6A, 0xF5, 0x89, 0x88, 0xCE,
    0xBE, 0x9A, 0xEF, 0x43, 0x1C, 0xF3, 0xA6, 0x94, 0xA7, 0x0D, 0x2E, 0xF5, 0x1F, 0x9C, 0xBC, 0x7F,
    0x61, 0xE9, 0xE0, 0x76, 0x45, 0xD7, 0xA5, 0x87, 0x00, 0x07, 0x22, 0x65, 0x9B, 0xE6, 0x1F, 0x22,
    0x30, 0x61, 0x6A, 0x61, 0x9E, 0xF3, 0xEB, 0x7A, 0x97, 0xFB, 0x77, 0xB9, 0x71, 0x9B, 0x0E, 0x17,
    0x53, 0x77, 0x86, 0x9F, 0x33, 0x71, 0x05, 0x48, 0x66, 0x1F, 0x63, 0x21, 0x98, 0x4F, 0x2E, 0x3B,
    0xF5, 0x6C, 0xAE, 0xC9, 0x78, 0xA7, 0xF2, 0x1F, 0x5C, 0x40, 0xEA, 0x0B, 0x2B, 0xA6, 0x17, 0xE8,
    0x7E, 0x02, 0xCB, 0xC1, 0x6C, 0x41, 0x61, 0x8F, 0xA8, 0xE8, 0x41, 0x83, 0x71, 0x36, 0xC8, 0xCD,
    0xB7, 0xF7, 0xB3, 0xA0, 0x7E, 0x57, 0x04, 0x69, 0x36, 0x7A, 0xBB, 0x0C, 0x3E, 0xCF, 0x3D, 0xB8,
    0xF4, 0xAF, 0x16, 0x19, 0xC5, 0xD3, 0x1F, 0x68, 0x02, 0xA1, 0x0B, 0x24, 0x81, 0xA6, 0x51, 0xFC,
    0xC0, 0x0F, 0x6D, 0x0A, 0x35, 0x62, 0x71, 0x31, 0x32, 0x7B, 0x14, 0x40, 0x5A, 0x51, 0x66, 0xDA,
    0x12, 0x4E, 0xC5, 0xDB, 0x54, 0xB3, 0x64, 0xEE, 0x2E, 0xA6, 0xDE, 0xCC, 0xDD, 0x62, 0x9A, 0x5B,
    0x5A, 0x7A, 0x4B, 0x47, 0x7F, 0xC4, 0x9B, 0x5C, 0xC4, 0xF9, 0x8F, 0x55, 0xA3, 0xAF, 0x53, 0x73,
    0x1D, 0x9E, 0xA4, 0xF2, 0x6B, 0xE6, 0xE1, 0x7B, 0xBB, 0x02, 0x3F, 0x4D, 0x35, 0x67, 0xE7, 0x11,
    0x17, 0xD6, 0x1C, 0x95, 0x88, 0x4A, 0x26, 0x34, 0xB5, 0x86, 0x35, 0x3E, 0xE8, 0x33, 0x56, 0x55,
    0x55, 0x1D, 0xAA, 0xB7, 0xCB, 0xAD, 0x12, 0x8D, 0x9A, 0x32, 0xAA, 0x24, 0x64, 0x48, 0xC8, 0xF8,
    0xC1, 0xB2, 0x11, 0x69, 0x43, 0x9A, 0xD0, 0x77, 0x16, 0x3C, 0xB5, 0x09, 0x87, 0x45, 0xBA, 0xFD,
    0x72, 0x03, 0xA5, 0xC3, 0xD0, 0x0E, 0x79, 0x5F, 0x7D, 0x27, 0xCA, 0xA7, 0x10, 0xA6, 0x52, 0xCB,
    0xC5, 0xB0, 0x59, 0x17, 0x26, 0xD9, 0x91, 0x64, 0xAB, 0x02, 0xCA, 0x5C, 0xB5, 0x89, 0x3C, 0x03,
    0x7B, 0xCA, 0xBF, 0xE9, 0x43, 0x03, 0x2E, 0xF7, 0xA3, 0x65, 0x9F, 0xD0, 0xF2, 0xA4, 0x9A, 0x54,
    0xC5, 0x68, 0x55, 0x52, 0x7D, 0xAA, 0x7A, 0x54, 0x41, 0xAA, 0x55, 0x55, 0x52, 0x9B, 0x27, 0xD5,
    0xAD, 0xAA, 0xAA, 0xCB, 0x54, 0xD0, 0xA5, 0x1C, 0x48, 0x66, 0x08, 0xAD, 0x3C, 0x9E, 0xB0, 0x24,
    0x65, 0x80, 0xCA, 0x84, 0xB7, 0xD2, 0x08, 0xD3, 0xA5, 0x30, 0x13, 0x8D, 0x6F, 0xD1, 0xF7, 0xBD,
    0x8C, 0x8E, 0x4F, 0xB7, 0xA7, 0xD3, 0xD3, 0xE5, 0xE1, 0xF0, 0x74, 0x77, 0x3A, 0x3B, 0xD6, 0x6C,
    0xC9, 0x45, 0xBC, 0x43, 0xEF, 0xBB, 0xE4, 0xED, 0x20, 0xBB, 0x8E, 0xC4, 0xCC, 0x2E, 0x3A, 0xC0,
    0xEB, 0xE7, 0x71, 0x62, 0xC9, 0x59, 0x92, 0xA1, 0xC4, 0x76, 0x21, 0x4F, 0x7E, 0xF6, 0xDE, 0x11,
    0xCA, 0xB6, 0xB2, 0x0E, 0x6B, 0xD6, 0x8B, 0xFD, 0x86, 0xB4, 0x29, 0x4A, 0xF6, 0x7B, 0xAF, 0x1D,
    0x82, 0x9C, 0x0C, 0x42, 0xF8, 0x61, 0x13, 0xF1, 0xAB, 0x2F, 0x5A, 0x58, 0x61, 0x6A, 0xE9, 0xB8,
    0xE2, 0xBE, 0xF9, 0x1C, 0x04, 0xBE, 0x7C, 0x86, 0x8C, 0x80, 0x35, 0x2C, 0x61, 0x76, 0x7A, 0x39,
    0x7B, 0xC1, 0x02, 0xB7, 0x42, 0xAC, 0x83, 0xFB, 0x42, 0xEE, 0xFC, 0x3C, 0x04, 0xD6, 0x6B, 0xA7,
    0x51, 0x2D, 0xC9, 0xCA, 0x8B, 0x15, 0x98, 0x24, 0x92, 0x74, 0x82, 0xFE, 0xE6, 0xE5, 0x87, 0x2F,
    0xF0, 0x07, 0x39, 0x52, 0x1D, 0xB2, 0xD4, 0xE6, 0x35, 0x7C, 0xA3, 0xED, 0x36, 0xC4, 0xF1, 0xEA,
    0x16, 0xA1, 0x48, 0xBA, 0xD6, 0xC6, 0x7D, 0xAC, 0x3B, 0x23, 0x19, 0x01, 0x63, 0xBA, 0x55, 0x4A,
    0x4C, 0xFA, 0x94, 0x35, 0xB1, 0x86, 0x60, 0xDB, 0x57, 0x67, 0x47, 0x24, 0xA2, 0x3B, 0x40, 0xD7,
    0xC0, 0x7B, 0xEE, 0x85, 0xCE, 0x5B, 0x5F, 0x83, 0x0C, 0xE5, 0x62, 0x23, 0x58, 0x22, 0xC5, 0x37,
    0x5F, 0xF3, 0xB3, 0x83, 0x16, 0xBD, 0xB9, 0x88, 0xB2, 0x3F, 0xB5, 0x91, 0x55, 0xF2, 0xE4, 0x67,
    0x2F, 0x46, 0x44, 0x76, 0x00, 0xCA, 0x5F, 0x0F, 0x5E, 0xD7, 0x95, 0xB2, 0xD8, 0xCC, 0x7D, 0xE5,
    0x0F, 0xF2, 0x94, 0x17, 0x98, 0x7C, 0x4D, 0x39, 0x6A, 0xF6, 0x59, 0x12, 0xFD, 0x4E, 0x1D, 0x31,
    0xB6, 0x04, 0xAB, 0x6B, 0x2F, 0x23, 0x63, 0x39, 0x41, 0x6C, 0x99, 0x7C, 0x6C, 0x99, 0x77, 0x02,
    0x1F, 0x82, 0x00, 0x69, 0xBD, 0xC7, 0xFA, 0xDF, 0x55, 0xDE, 0x66, 0xEB, 0x84, 0x76, 0x6A, 0xA4,
    0x0E, 0x7D, 0x4B, 0xD1, 0x87, 0x96, 0xB1, 0x51, 0xA8, 0xC4, 0x7E, 0xDA, 0x6F, 0xBE, 0x94, 0xAA,
    0xFA, 0xDF, 0xBA, 0xF2, 0x08, 0xA8, 0x53, 0x97, 0x57, 0xBF, 0x02, 0xB2, 0x5D, 0x7C, 0x1C, 0xDC,
    0x4D, 0x1E, 0xC4, 0x85, 0xC9, 0x4D, 0x19, 0x14, 0x2B, 0x10, 0x92, 0xD1, 0x62, 0x48, 0x41, 0xDE,
    0xDF, 0xBA, 0x52, 0xD3, 0x91, 0xD1, 0x97, 0x25, 0x59, 0x5B, 0x43, 0xBB, 0xC7, 0x8C, 0x86, 0xF6,
    0x70, 0x35, 0xEB, 0x7B, 0x35, 0x3A, 0xAE, 0xF4, 0xFE, 0x3F, 0x1E, 0xEE, 0x8A, 0xA9, 0xCF, 0xD6,
    0xDA, 0x8A, 0xFC, 0x40, 0xEB, 0x59, 0x43, 0x28, 0x06, 0x96, 0x50, 0x0C, 0xE6, 0x84, 0x22, 0x22,
    0xA1, 0x58, 0xCD, 0x12, 0x95, 0x7C, 0x9E, 0x2B, 0xFA, 0x8C, 0x02, 0x9E, 0x08, 0x9A, 0x51, 0xF7,
    0xD6, 0x38, 0xEB, 0x42, 0xD2, 0xFC, 0x31, 0x42, 0x31, 0xE7, 0xD7, 0x34, 0x19, 0x6D, 0x26, 0xFE,
    0x83, 0x0F, 0x2A, 0xB6, 0xA0, 0x95, 0xED, 0xF6, 0x68, 0x37, 0x78, 0xC0, 0xB8, 0xC6, 0xF2, 0x57,
    0x1F, 0x0A, 0x4D, 0x37, 0xF7, 0x0A, 0x34, 0xA0, 0xF9, 0x18, 0x19, 0xA6, 0xBE, 0x03, 0x97, 0xB8,
    0x6E, 0x9A, 0xFC, 0x40, 0x85, 0x8D, 0x40, 0xDE, 0x25, 0xBD, 0x0A, 0xF5, 0x19, 0xF5, 0x93, 0xF3,
    0x32, 0x67, 0x4C, 0xDF, 0xB0, 0x5E, 0xA5, 0xFB, 0x49, 0xC6, 0x81, 0x05, 0x04, 0x9C, 0x27, 0x33,
    0xA6, 0xB9, 0x80, 0xA7, 0x43, 0xA4, 0xC1, 0x5F, 0xC2, 0x17, 0xE8, 0xAB, 0x9B, 0x8F, 0xF8, 0xE9,
    0x07, 0x15, 0x25, 0x7E, 0x9A, 0x9F, 0x52, 0x54, 0x4A, 0x4A, 0x41, 0xAD, 0x9C, 0x46, 0xA5, 0xA4,
    0x90, 0x94, 0x51, 0x45, 0x3C, 0xBF, 0x10, 0xB0, 0x7A, 0x5C, 0x40, 0xCB, 0x4F, 0xD1, 0xB5, 0x20,
    0x67, 0x91, 0xA3, 0x22, 0xC4, 0x26, 0x50, 0x31, 0xF6, 0xCB, 0xB1, 0xD9, 0x06, 0x60, 0xDD, 0x60,
    0x42, 0xFF, 0x1C, 0xBA, 0x09, 0xEF, 0xE3, 0x14, 0xED, 0x32, 0x3A, 0x2B, 0xB8, 0x9B, 0x21, 0x51,
    0x34, 0x14, 0x2C, 0xA6, 0x43, 0xC6, 0x56, 0xF7, 0x01, 0x3B, 0x25, 0xAF, 0xB2, 0xE9, 0xDA, 0xF8,
    0x48, 0xF8, 0xB7, 0x32, 0xF1, 0x77, 0x17, 0x21, 0xA8, 0xFA, 0xAE, 0x6C, 0x2B, 0xBB, 0x68, 0x22,
    0xBD, 0xB5, 0x00, 0x6E, 0x19, 0x22, 0xF2, 0xA2, 0x5F, 0xCF, 0x24, 0x7A, 0xA7, 0x14, 0x73, 0x01,
    0x85, 0x61, 0x97, 0x66, 0xC2, 0x06, 0xEF, 0xE6, 0xD2, 0x46, 0x22, 0x69, 0x05, 0x5C, 0x78, 0x06,
    0xB5, 0x8E, 0x70, 0xA4, 0xCF, 0xC4, 0x68, 0xCB, 0xEF, 0x64, 0xB4, 0x3B, 0x8F, 0xD9, 0x27, 0xA2,
    0x87, 0xB4, 0xE7, 0xC6, 0xED, 0xE5, 0x4D, 0x7D, 0xF7, 0xBE, 0x9B, 0xD6, 0xE6, 0x0B, 0x5A, 0xDB,
    0xDB, 0x4F, 0x6B, 0x87, 0x56, 0x78, 0xC6, 0x5E, 0xF8, 0x95, 0xEB, 0x3B, 0x4E, 0x68, 0xF2, 0x40,
    0xCE, 0xF3, 0xAE, 0x5C, 0xDE, 0x67, 0x9B, 0x17, 0x29, 0x60, 0x8A, 0x64, 0xF4, 0xFE, 0x27, 0x4B,
    0x89, 0xE4, 0x90, 0x05, 0xB6, 0xA3, 0x9F, 0xD3, 0xDC, 0x3A, 0xD2, 0xB1, 0x4F, 0xFE, 0xE4, 0xAC,
    0x9A, 0xD6, 0x50, 0x40, 0xAA, 0x99, 0xD5, 0xB6, 0xAC, 0x97, 0xC4, 0x0D, 0x0C, 0x74, 0x64, 0xA1,
    0x21, 0x38, 0xE2, 0xFD, 0x0F, 0x99, 0x52, 0xF5, 0x6B, 0xE1, 0x6C, 0xDE, 0x5C, 0xF6, 0xA4, 0xF9,
    0x4E, 0x3C, 0x3F, 0xB5, 0x6D, 0xC7, 0xD4, 0xD3, 0x80, 0xE5, 0x52, 0x71, 0x11, 0x82, 0x53, 0xEC,
    0x01, 0xAD, 0xE3, 0x14, 0xCC, 0xD5, 0x86, 0x1D, 0x17, 0x3A, 0x43, 0x7F, 0x67, 0x9F, 0xFB, 0xA2,
    0x06, 0x55, 0x3C, 0x6C, 0x23, 0x9B, 0xD8, 0x51, 0x05, 0x87, 0x4C, 0xC4, 0x96, 0x22, 0x5B, 0xA5,
    0x54, 0x2D, 0xDC, 0x57, 0x3F, 0x0F, 0xF5, 0xA0, 0x8E, 0xC0, 0x26, 0xB2, 0x0D, 0x64, 0x90, 0x04,
    0x3A, 0x9C, 0x17, 0xA9, 0xED, 0x96, 0x74, 0xD0, 0x44, 0x97, 0xAE, 0xBF, 0x58, 0x79, 0x4A, 0x53,
    0xD7, 0x57, 0x2D, 0x6E, 0xEB, 0x48, 0xA4, 0x72, 0x1D, 0xA5, 0xAF, 0xBD, 0x24, 0xE2, 0x79, 0xC3,
    0x2E, 0x75, 0xA2, 0x01, 0xC8, 0xE2, 0x43, 0x75, 0xE9, 0x94, 0x0F, 0xBF, 0x94, 0x76, 0xCC, 0x07,
    0x7C, 0x6E, 0xCE, 0x97, 0xD8, 0x41, 0x1F, 0xB5, 0xA6, 0x93, 0x3E, 0xAE, 0xA6, 0x04, 0xCD, 0xFD,
    0x89, 0x5F, 0x10, 0xD1, 0xB6, 0x45, 0xED, 0xE9, 0xA8, 0x06, 0x3F, 0x23, 0xB1, 0xBD, 0xAA, 0x5F,
    0xD9, 0xB6, 0x59, 0x25, 0xD3, 0x81, 0x5F, 0x6C, 0xC7, 0x38, 0x97, 0x34, 0x0F, 0xEA, 0xC8, 0x6F,
    0x26, 0x8B, 0x99, 0x9F, 0x0E, 0xFD, 0x42, 0x0B, 0x45, 0xA7, 0x7E, 0x3B, 0x0B, 0xA8, 0xB5, 0x55,
    0x83, 0x1D, 0x47, 0x8A, 0x1B, 0x47, 0xCA, 0x0B, 0x1D, 0x47, 0x2E, 0x0D, 0x01, 0xDD, 0xD0, 0xCD,
    0x4D, 0xDD, 0x8E, 0x7C, 0x1C, 0xA9, 0xBB, 0x6B, 0xFF, 0x44, 0x62, 0xEB, 0x1A, 0x99, 0x23, 0x2A,
    0x4A, 0x1A, 0x26, 0x1D, 0xD7, 0xC8, 0xAD, 0x3D, 0x9F, 0xA2, 0xB4, 0x50, 0x75, 0x25, 0x6E, 0x42,
    0xE2, 0xDC, 0x9A, 0x87, 0x66, 0x0C, 0xF5, 0xF0, 0xF3, 0x76, 0x62, 0x32, 0xB4, 0x1E, 0x3A, 0xB5,
    0x46, 0x9F, 0x02, 0x31, 0x0C, 0x56, 0x91, 0xB3, 0xE4, 0x5E, 0xA5, 0x96, 0xF7, 0x38, 0x6F, 0x85,
    0x83, 0x4E, 0xB4, 0x9D, 0x08, 0x4A, 0x65, 0x87, 0x41, 0x11, 0xF3, 0x2F, 0xE2, 0x82, 0x8E, 0x92,
    0x0C, 0xB6, 0x08, 0xC1, 0x21, 0xBB, 0x2E, 0xDF, 0x2E, 0xEB, 0x54, 0x33, 0x4C, 0x7D, 0x6F, 0x47,
    0x40, 0xFE, 0xAF, 0x8B, 0x56, 0x44, 0x5F, 0x87, 0x6E, 0x95, 0x65, 0x1B, 0x7A, 0x4A, 0xC8, 0x68,
    0x53, 0x1B, 0x19, 0xD0, 0x38, 0x8C, 0x5D, 0x30, 0xB1, 0xE6, 0x3E, 0x67, 0xAE, 0x48, 0x22, 0x86,
    0xBE, 0x10, 0xD3, 0x8F, 0x13, 0x56, 0xF4, 0xE4, 0x42, 0x69, 0x13, 0xA9, 0xA4, 0x9B, 0x8D, 0x51,
    0xFA, 0x4D, 0xC2, 0x6A, 0x5E, 0xDD, 0x79, 0x1F, 0xA5, 0x34, 0x25, 0x7C, 0x6C, 0x0E, 0xAA, 0x33,
    0x45, 0x9D, 0x28, 0xEA, 0x3C, 0x51, 0xA7, 0x89, 0x3A, 0x4B, 0xD4, 0x49, 0xA2, 0xCE, 0x11, 0x75,
    0x8A, 0xA8, 0x33, 0x44, 0x9D, 0x20, 0xEA, 0xFC, 0x50, 0xA7, 0x87, 0x3A, 0x3B, 0xD4, 0xC9, 0x21,
    0xE7, 0x86, 0x76, 0x8E, 0xA9, 0x33, 0x4C, 0xCD, 0x00, 0x0C, 0x62, 0xED, 0x99, 0xCA, 0xF9, 0xF4,
    0x8F, 0xB3, 0x3F, 0x4E, 0xFE, 0x38, 0xF7, 0xE3, 0xD4, 0x8F, 0x33, 0x3F, 0xA3, 0xE5, 0xE6, 0xE9,
    0xBD, 0x53, 0xC3, 0x29, 0xB4, 0x5B, 0xA2, 0xBF, 0x84, 0x8C, 0x99, 0x98, 0x42, 0x76, 0x7E, 0x8C,
    0xD3, 0x4F, 0x79, 0xEA, 0x29, 0x77, 0x9D, 0x3C, 0xF7, 0x2E, 0x40, 0x0B, 0xC9, 0x71, 0xE1, 0x90,
    0x5C, 0xBC, 0x6B, 0x24, 0x2E, 0x78, 0x9B, 0x0D, 0x31, 0x8E, 0x68, 0xCB, 0x32, 0xAD, 0x03, 0x76,
    0x02, 0x4A, 0xC3, 0xDD, 0x88, 0x63, 0x3E, 0x70, 0x5D, 0xF9, 0x7F, 0x6B, 0x08, 0xAC, 0x61, 0xAC,
    0x51, 0x6C, 0x4A, 0xF3, 0xB2, 0xA3, 0x68, 0x0B, 0x9E, 0x9A, 0xB9, 0x4E, 0x0A, 0x59, 0xF9, 0xD7,
    0x08, 0xA0, 0x7B, 0x88, 0x5A, 0xC7, 0x66, 0x06, 0xC8, 0x5C, 0xDE, 0xB7, 0x74, 0xB1, 0x9B, 0x60,
    0x33, 0xE6, 0x1C, 0x14, 0xDF, 0xE5, 0x00, 0x12, 0xE9, 0xBE, 0x1F, 0x4C, 0xC0, 0x66, 0x38, 0x2E,
    0xE8, 0x27, 0x64, 0x33, 0xAC, 0xD6, 0x3D, 0x72, 0xC0, 0xA4, 0x80, 0xC0, 0x31, 0x33, 0x57, 0xCA,
    0xCC, 0xB5, 0xCD, 0x01, 0xE4, 0x89, 0xF9, 0xA4, 0x41, 0x9D, 0xA0, 0x65, 0x1D, 0x40, 0xF1, 0x7C,
    0x72, 0x4C, 0x62, 0xB8, 0xCC, 0xF5, 0x9F, 0x4F, 0xBD, 0x69, 0x80, 0x88, 0x31, 0xB3, 0xB0, 0xE8,
    0x0E, 0x41, 0x5B, 0x86, 0xE6, 0x5C, 0xB9, 0x6D, 0xE0, 0x67, 0xA6, 0xEF, 0x55, 0x11, 0x63, 0xA9,
    0x34, 0x85, 0x79, 0x58, 0x4B, 0x67, 0x3C, 0xB3, 0x2C, 0x28, 0xB8, 0x3D, 0xA1, 0x40, 0x94, 0xA8,
    0x62, 0xBE, 0xF8, 0xF0, 0xC3, 0xA3, 0x69, 0x65, 0xB7, 0x71, 0xE9, 0x20, 0x03, 0xB7, 0x20, 0xC7,
    0xF1, 0xE3, 0x87, 0xD2, 0xBE, 0xD2, 0x1E, 0x14, 0xA1, 0xC7, 0xB0, 0xFC, 0xF4, 0x0D, 0x46, 0xEA,
    0x4B, 0x47, 0x23, 0x8C, 0x96, 0x4F, 0x92, 0xF9, 0xAD, 0x4C, 0xDE, 0x08, 0x72, 0x79, 0xE5, 0x10,
    0x46, 0x0E, 0x6D, 0x66, 0x79, 0xAC, 0x1D, 0xFD, 0x2C, 0x17, 0xFF, 0xB7, 0x0B, 0xEA, 0x08, 0x38,
    0xE4, 0x13, 0x4D, 0x8F, 0xC1, 0x87, 0x65, 0xB6, 0xC7, 0xB0, 0xB3, 0x08, 0xD4, 0x8D, 0x82, 0xB5,
    0x9E, 0x64, 0x8D, 0xC8, 0x8C, 0x2B, 0x76, 0xB1, 0x0B, 0x17, 0xFA, 0x13, 0x79, 0x01, 0xEC, 0x4E,
    0xAB, 0x57, 0xDB, 0xF2, 0x13, 0xB5, 0xF8, 0xEB, 0x9B, 0xE0, 0xBE, 0xD1, 0x64, 0x23, 0x96, 0xB8,
    0x2B, 0x71, 0x5F, 0x2E, 0x5D, 0xBF, 0x3A, 0xAB, 0xF7, 0x72, 0xCB, 0xC7, 0xB6, 0xE5, 0x4C, 0x5F,
    0x46, 0xE9, 0xBD, 0x8A, 0x7C, 0xB7, 0xD1, 0xF6, 0x00, 0x8D, 0xCF, 0x3D, 0x30, 0x97, 0x6C, 0x22,
    0xAB, 0x4D, 0x0D, 0x3D, 0x3C, 0x7C, 0xCE, 0x9A, 0xB0, 0x25, 0x2C, 0xB9, 0x76, 0xEC, 0x59, 0x21,
    0x76, 0x5A, 0xD2, 0x46, 0xDF, 0x86, 0xA0, 0x8B, 0x0E, 0xF4, 0x98, 0xA2, 0xDF, 0x92, 0x6E, 0x9B,
    0xEB, 0x44, 0x76, 0x9D, 0xB5, 0x05, 0x39, 0x05, 0x5F, 0xB2, 0x8B, 0x3C, 0xF1, 0xC1, 0x85, 0xCE,
    0x53, 0x24, 0xB8, 0x57, 0xA0, 0x49, 0x3C, 0x26, 0xF9, 0x41, 0x30, 0x58, 0xBE, 0x1F, 0x6F, 0x49,
    0x27, 0x92, 0x37, 0x57, 0x9F, 0xF1, 0x69, 0x89, 0x79, 0x87, 0x55, 0xF0, 0x26, 0xCB, 0xE0, 0x4D,
    0xFA, 0xFB, 0xED, 0xF2, 0xE8, 0x9E, 0x96, 0xF8, 0xC8, 0x2D, 0x9A, 0x5A, 0xE0, 0x65, 0xCE, 0xCD,
    0x0E, 0xF6, 0xB4, 0xC4, 0xBE, 0xB4, 0x83, 0x7B, 0x48, 0xFF, 0x2A, 0x3E, 0xA4, 0x2E, 0xDE, 0x3C,
    0xC2, 0xE7, 0x3F, 0x4D, 0x92, 0x61, 0x8E, 0x61, 0x8A, 0x59, 0x3B, 0x76, 0x70, 0xA9, 0x4E, 0xBB,
    0x48, 0x0F, 0x3F, 0x42, 0xA4, 0xFF, 0x66, 0x39, 0xD2, 0x27, 0x2E, 0x92, 0xAE, 0xC1, 0x5F, 0x7A,
    0x9C, 0x07, 0xC1, 0x63, 0xDA, 0x1C, 0x04, 0xC1, 0xF4, 0x23, 0x64, 0x94, 0x29, 0x22, 0xA9, 0x34,
    0xA8, 0xA1, 0x06, 0xBC, 0x8F, 0xB3, 0x0A, 0x8E, 0x2A, 0x70, 0x80, 0x0C, 0x72, 0xD6, 0x10, 0x4C,
    0xBA, 0x60, 0x78, 0x26, 0xCA, 0xA2, 0x8F, 0x8A, 0xE0, 0x66, 0xE1, 0x7D, 0xC6, 0xD4, 0xE7, 0xBD,
    0xBD, 0x19, 0xDC, 0x99, 0x84, 0xBB, 0x19, 0x9A, 0xE3, 0x28, 0xFF, 0x9F, 0xBE, 0x63, 0xC3, 0x1C,
    0xA0, 0xBE, 0x85, 0xA3, 0xA2, 0xFF, 0xDD, 0x1F, 0xE6, 0x87, 0x02, 0x4E, 0xED, 0x59, 0xC0, 0x9A,
    0x41, 0xF1, 0xA9, 0xAF, 0x96, 0x7C, 0x06, 0x7C, 0x31, 0xCB, 0xAF, 0x3A, 0x78, 0x40, 0x07, 0xF7,
    0x6F, 0x14, 0x47, 0x37, 0x91, 0x67, 0xDD, 0xF4, 0x26, 0xF4, 0xED, 0x6A, 0x5E, 0x34, 0x0F, 0xF8,
    0x50, 0xC9, 0x69, 0x5B, 0x3C, 0xFA, 0x36, 0xF4, 0x01, 0x89, 0xE4, 0x48, 0x9F, 0x22, 0x3D, 0xEA,
    0xDB, 0x2F, 0x1D, 0xC6, 0x23, 0x41, 0x20, 0x02, 0x37, 0x1C, 0x5C, 0x9D, 0xA1, 0x37, 0x1D, 0xC1,
    0x4D, 0xF8, 0x5F, 0x12, 0x67, 0x58, 0x0D, 0xD8, 0x28, 0xFA, 0x7B, 0xB0, 0xE0, 0x00, 0x95, 0x73,
    0x95, 0xDD, 0x69, 0x54, 0x39, 0x6E, 0x35, 0x05, 0xD2, 0x8A, 0x40, 0x13, 0x78, 0x81, 0x01, 0x4C,
    0x9F, 0x28, 0x57, 0x1C, 0x0B, 0xEF, 0x38, 0xCE, 0x07, 0x05, 0xC9, 0x64, 0xFF, 0xEC, 0x26, 0xB8,
    0xBB, 0x41, 0xA5, 0xD8, 0xCA, 0xC2, 0xC4, 0x87, 0xF5, 0xBD, 0x31, 0x64, 0x5A, 0xDD, 0xD1, 0x1B,
    0xCF, 0xE0, 0xE8, 0x20, 0xFE, 0xD2, 0xAB, 0x4B, 0xF1, 0x77, 0xD9, 0x12, 0x5D, 0xC5, 0xC4, 0xFF,
    0xDA, 0xD8, 0x3F, 0x9A, 0x99, 0xE1, 0x98, 0x6A, 0x2F, 0xA1, 0x8B, 0x2E, 0x95, 0xAC, 0xC4, 0x95,
    0xAC, 0xAE, 0x3B, 0x3A, 0xAE, 0xF7, 0x19, 0x39, 0xFE, 0x3C, 0x75, 0x47, 0xE5, 0x58, 0xDA, 0xA6,
    0xAB, 0x82, 0x6E, 0x8F, 0xE3, 0xFB, 0x3A, 0x44, 0xC8, 0xFD, 0xEA, 0x37, 0x1C, 0x71, 0xFF, 0xF0,
    0xCB, 0xA7, 0xD6, 0x14, 0x76, 0x7A, 0x53, 0x3E, 0x33, 0xE7, 0x23, 0x38, 0xFD, 0xB3, 0xA5, 0xBB,
    0x36, 0x94, 0xED, 0xBC, 0xD5, 0xF5, 0x78, 0x6B, 0xEA, 0xCF, 0xBC, 0x1D, 0xE8, 0x7A, 0xE4, 0xEB,
    0x5C, 0x83, 0x3D, 0x16, 0x91, 0xF8, 0x6E, 0xA6, 0x33, 0xE0, 0xC3, 0x9E, 0xD2, 0x1B, 0x7F, 0x51,
    0x45, 0x0F, 0x82, 0xEA, 0xE5, 0x8C, 0x96, 0x60, 0x9D, 0x66, 0x7D, 0x36, 0x9C, 0xF9, 0x40, 0xC8,
    0xEB, 0x5A, 0x74, 0xBC, 0x31, 0xB8, 0x2C, 0x92, 0x5F, 0xAF, 0xE1, 0xD5, 0xAF, 0x4F, 0xC8, 0xA9,
    0x81, 0x61, 0x80, 0x6F, 0x26, 0x30, 0x49, 0xE2, 0x46, 0x50, 0xD8, 0x06, 0x2D, 0xA2, 0xC4, 0x33,
    0x59, 0xDD, 0x83, 0xFD, 0xCB, 0x3E, 0xA8, 0x72, 0xA3, 0x8C, 0x99, 0x9B, 0x1F, 0x95, 0x58, 0x2F,
    0x93, 0x74, 0x36, 0xFF, 0xA7, 0x0D, 0x3B, 0x20, 0x12, 0x8E, 0x88, 0x70, 0xEB, 0x44, 0xE6, 0x8F,
    0xA1, 0x97, 0x34, 0xA3, 0x05, 0x53, 0x4B, 0xA6, 0x76, 0xCD, 0x5A, 0x36, 0xB5, 0x70, 0xDA, 0x70,
    0xF8, 0xEB, 0xFA, 0x2F, 0x0A, 0xF6, 0xCA, 0x79, 0xF4, 0xCF, 0x2B, 0x5B, 0xDF, 0x3B, 0x1C, 0xBE,
    0xF7, 0xE4, 0xF6, 0x33, 0xF4, 0x8B, 0xB7, 0xD0, 0x2F, 0x3E, 0x78, 0xB6, 0x7E, 0xF1, 0xBF, 0x7D,
    0x53, 0xBF, 0x6F, 0xD3, 0x40, 0x14, 0xFE, 0xCE, 0x71, 0x12, 0x12, 0xAB, 0xB5, 0x87, 0xAA, 0xA0,
    0xB6, 0xE9, 0x21, 0xC1, 0x10, 0x21, 0xB7, 0xAE, 0x44, 0x04, 0x46, 0x5C, 0xE2, 0x2B, 0x0B, 0x0C,
    0x0C, 0x19, 0x0A, 0x03, 0x12, 0x02, 0x46, 0x26, 0x32, 0x18, 0xC9, 0x43, 0x69, 0xFC, 0x27, 0x74,
    0xE0, 0x0F, 0xC8, 0xD0, 0x01, 0x19, 0x55, 0x0D, 0x28, 0x03, 0x42, 0xA9, 0xB0, 0xF8, 0x0B, 0xBC,
    0xB2, 0x9D, 0x44, 0xC5, 0xC0, 0x82, 0x2B, 0x75, 0x48, 0x45, 0x9A, 0xE3, 0x2E, 0xE9, 0x00, 0x42,
    0x60, 0xEB, 0x9E, 0xFC, 0xBE, 0xF7, 0xEE, 0xFD, 0xF8, 0xDE, 0x33, 0xC3, 0x1A, 0x28, 0x2C, 0x14,
    0x52, 0x8B, 0xAF, 0x62, 0x01, 0xE4, 0x04, 0xE5, 0x31, 0x28, 0x45, 0xBD, 0x04, 0xB3, 0x18, 0xEC,
    0xBF, 0x1B, 0x01, 0x81, 0xC4, 0xB5, 0x04, 0xBD, 0x95, 0x3E, 0x0B, 0xF2, 0x2A, 0xAF, 0x0F, 0x87,
    0xA8, 0x18, 0x3C, 0xB0, 0xD3, 0x96, 0x1D, 0x03, 0x38, 0x3C, 0xA8, 0xD5, 0x09, 0xA7, 0x79, 0x14,
    0xF5, 0xFD, 0xFE, 0xA0, 0x2B, 0xAA, 0x88, 0x56, 0xC1, 0x22, 0xD8, 0x02, 0x25, 0x0E, 0xB6, 0x8E,
    0x75, 0x0A, 0xDB, 0x46, 0xF9, 0xAE, 0xF2, 0x2D, 0x64, 0xE5, 0xD4, 0x4A, 0xED, 0x98, 0xA2, 0xA9,
    0x72, 0xFD, 0xAD, 0xDB, 0xAA, 0x16, 0x86, 0x08, 0x4F, 0x71, 0xA9, 0xD5, 0x3C, 0xD7, 0x9B, 0xD8,
    0xC6, 0x65, 0x14, 0x51, 0x85, 0x9D, 0x92, 0xCC, 0xC8, 0x02, 0x9D, 0x14, 0x36, 0xD7, 0xF8, 0x4E,
    0x1C, 0xA4, 0x00, 0xB3, 0x40, 0x9B, 0xB0, 0x72, 0x18, 0xDA, 0x64, 0x70, 0xA8, 0x7E, 0x80, 0x9A,
    0x3A, 0xBE, 0x3A, 0x7D, 0x80, 0x64, 0x2A, 0x55, 0xFC, 0x17, 0x8C, 0xDF, 0xE0, 0xB9, 0x73, 0xF8,
    0x29, 0x66, 0x4F, 0x86, 0x99, 0x6D, 0x6A, 0xC4, 0x8A, 0x16, 0xE1, 0x3F, 0xF0, 0x86, 0x16, 0xE2,
    0x3F, 0xB8, 0x91, 0xFE, 0x81, 0x5F, 0xD5, 0xC2, 0x34, 0xBB, 0xFB, 0xEF, 0x15, 0xB7, 0x55, 0x28,
    0xB2, 0x54, 0x66, 0x5D, 0x4E, 0x35, 0xE9, 0x51, 0x99, 0xBB, 0x10, 0x8C, 0x08, 0x66, 0xE8, 0x4C,
    0x9E, 0xE4, 0x9E, 0xD4, 0xEE, 0x8A, 0xFF, 0xEE, 0x64, 0x56, 0x59, 0x94, 0x87, 0xF9, 0x40, 0x1C,
    0x8B, 0xE3, 0x6C, 0xA9, 0x17, 0xE4, 0x44, 0x10, 0x31, 0x75, 0x55, 0x5D, 0xDE, 0xDF, 0xA5, 0x93,
    0xAC, 0x29, 0xD3, 0x67, 0x5F, 0x00, 0x45, 0x42, 0x1D, 0x18, 0x03, 0x03, 0x58, 0xB1, 0x08, 0x7E,
    0x66, 0x51, 0x97, 0x3B, 0xBB, 0x30, 0x14, 0x49, 0x62, 0x16, 0x87, 0x7B, 0xDF, 0x34, 0xB8, 0x74,
    0x27, 0xEE, 0xCA, 0xB8, 0xF7, 0x1C, 0x46, 0x09, 0x35, 0x23, 0xDD, 0x49, 0xC4, 0xC7, 0xB7, 0xC2,
    0x2F, 0xF3, 0x4A, 0x05, 0x88, 0xCB, 0xC2, 0x1B, 0x5D, 0xB9, 0x57, 0xE0, 0x86, 0xBE, 0xB0, 0xA6,
    0xEA, 0x11, 0x28, 0x4F, 0x38, 0x5E, 0xE4, 0x8A, 0x6D, 0x22, 0xE3, 0xEE, 0x11, 0x0E, 0xA7, 0xA9,
    0x48, 0x6D, 0xA3, 0xC3, 0x4C, 0xB2, 0x07, 0x5B, 0xA2, 0x69, 0xA3, 0x5E, 0x85, 0xAA, 0xA9, 0x20,
    0x66, 0x03, 0x99, 0x73, 0xED, 0x93, 0x72, 0x46, 0x73, 0xD6, 0x9F, 0xE6, 0x5D, 0x2A, 0x8D, 0x5A,
    0xDC, 0x8B, 0xC9, 0x18, 0xA6, 0xA6, 0xDD, 0x3A, 0xC2, 0x0E, 0x39, 0x0D, 0xB8, 0x83, 0x59, 0x0E,
    0x1B, 0xCB, 0xC2, 0x03, 0x5E, 0xDD, 0xE4, 0xA5, 0xD1, 0xD7, 0xB8, 0xB5, 0xF9, 0x39, 0x75, 0x8C,
    0xCD, 0xD8, 0x61, 0xAB, 0xF3, 0xB5, 0x0F, 0xED, 0xAB, 0xE3, 0xA1, 0xE6, 0x19, 0x8B, 0x4E, 0x37,
    0xA3, 0xB8, 0xCE, 0xA7, 0x77, 0xE8, 0x0F, 0xB1, 0x31, 0xE8, 0xF4, 0xFB, 0x9D, 0x97, 0xA7, 0x62,
    0xFD, 0x09, 0xD7, 0x41, 0x5D, 0x04, 0xE9, 0x45, 0x6E, 0xA1, 0x32, 0x6B, 0x75, 0x5B, 0xD1, 0x1F,
    0xD3, 0x8C, 0x1C, 0xC2, 0x90, 0x52, 0xB5, 0xBF, 0xF8, 0x1A, 0xFF, 0x37, 0x7C, 0x92, 0x72, 0x9C,
    0x24, 0xC9, 0x9E, 0xFE, 0x0E, 0xA4, 0x3C, 0xBB, 0x96, 0x24, 0x6F, 0xF0, 0x40, 0x8F, 0x12, 0x96,
    0x94, 0xDF, 0xB7, 0x28, 0xD6, 0x1F, 0x1C, 0x28, 0x5C, 0xCF, 0x92, 0x3C, 0xDA, 0x3D, 0x8F, 0xB6,
    0xAC, 0x42, 0x18, 0x93, 0x87, 0x13, 0xD0, 0x18, 0x56, 0xAA, 0xE8, 0x27, 0xDA, 0x52, 0xD2, 0x55,
    0x1A, 0x42, 0x85, 0x48, 0xC6, 0x5A, 0x8C, 0xB4, 0xAA, 0x27, 0x56, 0x05, 0x69, 0xDB, 0xA3, 0x0B,
    0xAC, 0x34, 0x6C, 0x46, 0x61, 0x18, 0x9C, 0x14, 0x1D, 0xAD, 0xBB, 0x6E, 0x6B, 0x78, 0x6B, 0xCB,
    0x77, 0x82, 0xBC, 0xC4, 0xE7, 0xE7, 0xCC, 0x15, 0x97, 0xF9, 0x7E, 0x38, 0xB5, 0x30, 0xB7, 0xB1,
    0x12, 0xBA, 0xA1, 0x1F, 0xE4, 0x45, 0x6E, 0x9A, 0xAE, 0xCB, 0x5C, 0x9F, 0x35, 0xFC, 0xC6, 0x6F,
    0x37, 0x7D, 0xB5, 0xA3, 0x61, 0x23, 0x10, 0x45, 0x0E, 0xA2, 0x88, 0x9C, 0x27, 0x8F, 0xE9, 0x19,
    0x63, 0xA1, 0xDB, 0x61, 0x61, 0xA4, 0xBD, 0x4C, 0x45, 0x4D, 0x0D, 0xB5, 0xB6, 0x37, 0x62, 0xCC,
    0xD7, 0x71, 0x1B, 0x9D, 0xD0, 0x71, 0xCC, 0x76, 0xDB, 0x93, 0x63, 0xA6, 0xC3, 0xB9, 0xBE, 0x06,
    0xFD, 0x4E, 0xD8, 0x70, 0x14, 0xCE, 0x69, 0xB6, 0xA6, 0xA8, 0xD4, 0xEB, 0xD9, 0x80, 0x33, 0xDD,
    0x61, 0xCA, 0x83, 0x58, 0xC7, 0x70, 0xD5, 0xEB, 0xA9, 0x9F, 0xB2, 0xED, 0x74, 0xFA, 0xA1, 0xB8,
    0x91, 0xDE, 0x8E, 0x3D, 0x35, 0x3B, 0x13, 0xC5, 0x22, 0xAC, 0xC7, 0x28, 0x8C, 0xF4, 0xA2, 0x15,
    0x72, 0xD8, 0x03, 0xAC, 0x31, 0x2C, 0x2C, 0xE0, 0x17, 0xB5, 0x56, 0x3D, 0x8C, 0xDC, 0xC6, 0x15,
    0xFE, 0x48, 0xDE, 0x85, 0x86, 0x89, 0x64, 0xB6, 0xD0, 0xCA, 0x72, 0xEC, 0x3D, 0xAA, 0x10, 0x90,
    0x83, 0x71, 0xBB, 0x4C, 0xE1, 0x42, 0x05, 0x77, 0x39, 0x06, 0x02, 0xB8, 0x70, 0xE1, 0x2B, 0x74,
    0xAE, 0x53, 0x06, 0x72, 0xA1, 0x46, 0xC5, 0x16, 0x27, 0x2F, 0x01, 0x17, 0x2E, 0xDC, 0xA4, 0x30,
    0x90, 0x94, 0xAE, 0x2F, 0x30, 0xB4, 0x80, 0xB7, 0x38, 0x58, 0xB2, 0x8E, 0x89, 0x0A, 0xB7, 0x34,
    0x54, 0xA4, 0x48, 0x00, 0x13, 0x8A, 0x63, 0x18, 0x76, 0x33, 0x0A, 0x68, 0x60, 0x23, 0xEF, 0xEE,
    0xE4, 0x7B, 0xC3, 0x9F, 0x48, 0x80, 0x9B, 0x14, 0x19, 0x72, 0xC8, 0xE1, 0xFC, 0xBC, 0xF7, 0xBD,
    0x7F, 0xBE, 0x76, 0xA6, 0x17, 0x36, 0x1F, 0x9E, 0xE0, 0xB5, 0x6E, 0x20, 0xED, 0xC2, 0xDA, 0x9A,
    0xDD, 0xDC, 0x3C, 0x3B, 0xCB, 0xAD, 0xB5, 0xF9, 0xC9, 0xC9, 0x09, 0x38, 0x3E, 0x6B, 0x3E, 0xD9,
    0x8A, 0x13, 0xD7, 0xF4, 0x4F, 0x4E, 0x0A, 0x85, 0xF4, 0x36, 0xE6, 0x4B, 0xDC, 0x36, 0x58, 0x19,
    0x18, 0x83, 0x27, 0x15, 0x9E, 0x94, 0xDE, 0xE3, 0xD2, 0x7B, 0x54, 0xF8, 0x8F, 0x8A, 0xE0, 0x61,
    0x11, 0x7C, 0x91, 0x07, 0x5F, 0xE8, 0xF0, 0x43, 0x1D, 0xBE, 0x8D, 0xE8, 0x6D, 0x28, 0x05, 0x75,
    0x00, 0x35, 0xC2, 0xC1, 0x18, 0xA3, 0x14, 0xE3, 0x14, 0x29, 0xEF, 0xB9, 0x23, 0xB3, 0x6A, 0xC9,
    0x2C, 0x49, 0xA9, 0x42, 0x4C, 0x3E, 0xD2, 0x85, 0x49, 0x62, 0xAD, 0xCE, 0xD8, 0x1D, 0x66, 0x04,
    0x45, 0x90, 0x47, 0x5A, 0x61, 0x82, 0x29, 0x0E, 0xF9, 0x1D, 0x15, 0x8A, 0x5F, 0x07, 0x48, 0x71,
    0x1D, 0x57, 0x65, 0xBD, 0x0C, 0xDD, 0xCC, 0x08, 0x47, 0xB8, 0x06, 0x9C, 0xA6, 0x6C, 0x47, 0x57,
    0x64, 0xE1, 0xCF, 0x65, 0xF0, 0x7E, 0x11, 0xBD, 0x99, 0x2B, 0xA5, 0x27, 0x0A, 0xD3, 0x09, 0x0E,
    0xE5, 0x3C, 0xA2, 0x87, 0x85, 0x7A, 0x4B, 0x26, 0x0F, 0x14, 0xD2, 0x11, 0xAE, 0xA7, 0xB8, 0x7A,
    0xCD, 0x31, 0x7A, 0x54, 0x85, 0x5C, 0xE2, 0xFE, 0x48, 0x8F, 0x14, 0x8E, 0x46, 0xB8, 0x26, 0x64,
    0x4E, 0xA7, 0xE9, 0x34, 0x1D, 0xCB, 0x75, 0x34, 0xBA, 0xF2, 0x82, 0x6C, 0x3C, 0x05, 0xE6, 0xC0,
    0x39, 0x86, 0xFF, 0x3E, 0xBE, 0xB0, 0xE6, 0x9D, 0x1F, 0x8E, 0x3D, 0x03, 0xAF, 0x82, 0xCF, 0xBB,
    0x84, 0x5F, 0x10, 0x31, 0x82, 0x1C, 0x6D, 0x8B, 0x41, 0xAC, 0x04, 0xBF, 0xFF, 0xDE, 0x8D, 0xC4,
    0x6E, 0x86, 0x9F, 0xDF, 0xE8, 0x8F, 0x2F, 0xAC, 0xE1, 0x0D, 0x03, 0xB8, 0xE3, 0x9E, 0x3B, 0x2B,
    0xB7, 0x3B, 0xEB, 0x6F, 0xA1, 0xAC, 0x4E, 0x6C, 0x91, 0xC9, 0x9D, 0x67, 0x16, 0xF1, 0x16, 0xFE,
    0xC7, 0x5C, 0x79, 0x15, 0xB1, 0x4E, 0xAA, 0x6C, 0x9B, 0xD5, 0x59, 0x3E, 0x87, 0x68, 0x29, 0x41,
    0x86, 0x59, 0xC3, 0x2E, 0xC1, 0x79, 0xE6, 0x6D, 0x66, 0x58, 0x77, 0xFC, 0x39, 0x11, 0x94, 0x9C,
    0x0A, 0x2B, 0x4E, 0x06, 0x65, 0x33, 0x79, 0xBA, 0xBD, 0x0F, 0x1C, 0xBB, 0x61, 0xB4, 0x15, 0xD4,
    0x38, 0x88, 0x11, 0x92, 0x6F, 0x2A, 0x9A, 0x05, 0xAE, 0x53, 0x33, 0x7C, 0xCD, 0x95, 0xA0, 0xC3,
    0x7C, 0x12, 0x88, 0x5D, 0xB2, 0x4D, 0x24, 0xCC, 0xA2, 0x6A, 0xDC, 0x10, 0x99, 0xBB, 0x27, 0x91,
    0x37, 0x56, 0x5A, 0xE4, 0x49, 0x05, 0xE5, 0xFD, 0x58, 0x7D, 0x56, 0x23, 0x0D, 0x8A, 0x27, 0xD5,
    0x1C, 0xAB, 0x30, 0xFF, 0x57, 0x39, 0xF7, 0xCB, 0x48, 0xFF, 0xA3, 0xB8, 0x1D, 0xE6, 0xD1, 0x1B,
    0x8F, 0x8A, 0x25, 0xF9, 0xFC, 0xF5, 0x2F, 0xDF, 0x54, 0x29, 0x7C, 0x0B, 0x2B, 0x92, 0x0E, 0x70,
    0xA9, 0xC3, 0xD2, 0xA3, 0xE9, 0xF1, 0xF4, 0x88, 0x7A, 0x4C, 0x3D, 0xAA, 0x1E, 0x57, 0x8F, 0xEC,
    0x19, 0x6C, 0x1D, 0xBA, 0x1E, 0x5F, 0x87, 0x30, 0xAA, 0x5B, 0x8C, 0xB3, 0xFB, 0x2D, 0xCA, 0xD5,
    0xB8, 0xC5, 0x69, 0xC6, 0x2D, 0x52, 0x73, 0xD4, 0x62, 0x35, 0x69, 0x8B, 0xF6, 0x87, 0xBA, 0xC5,
    0xBB, 0x28, 0x5B, 0xC4, 0xFB, 0x7C, 0x87, 0x45, 0xE4, 0x3C, 0x71, 0x4C, 0x60, 0x03, 0xB8, 0x09,
    0x13, 0xBD, 0x61, 0x94, 0x5F, 0x1E, 0x04, 0xC5, 0x38, 0xC8, 0xD3, 0x10, 0x03, 0x0F, 0xED, 0xC2,
    0x8C, 0x2B, 0x29, 0x97, 0xE6, 0x5C, 0x5B, 0x71, 0xD1, 0x70, 0xB5, 0xE2, 0xB2, 0x46, 0x5D, 0xD7,
    0xCB, 0xE5, 0x92, 0x04, 0xEA, 0xA4, 0x9E, 0xD4, 0x07, 0x4B, 0xB9, 0x46, 0x83, 0x3D, 0x39, 0x57,
    0x27, 0x61, 0x51, 0x53, 0xCA, 0x9A, 0x87, 0x96, 0x5D, 0x1F, 0x05, 0xC5, 0x60, 0xCF, 0xD3, 0x64,
    0x8B, 0x0B, 0xF8, 0x5F, 0xE9, 0xF0, 0x83, 0x42, 0x05, 0xE5, 0xA1, 0xF7, 0xFB, 0xC6, 0xDC, 0xB8,
    0x0F, 0xDF, 0x30, 0x4A, 0x9A, 0x21, 0x83, 0x46, 0x5C, 0x50, 0xD1, 0x25, 0x4B, 0x78, 0xA6, 0x53,
    0x33, 0x3F, 0x2B, 0xF7, 0xC9, 0x1D, 0x33, 0xB7, 0xE3, 0x0E, 0xBC, 0x1A, 0x61, 0x49, 0xDF, 0xE2,
    0xB0, 0x6F, 0x72, 0xE8, 0x83, 0x2F, 0xF3, 0xF0, 0xF1, 0x87, 0x45, 0x50, 0x27, 0x1A, 0xDB, 0x2D,
    0x8E, 0x16, 0x4F, 0xAA, 0x3B, 0xC9, 0x43, 0x33, 0x5F, 0x3C, 0x2E, 0xFD, 0x1F, 0x6B, 0xEA, 0x7C,
    0x83, 0xE4, 0x37, 0x19, 0x46, 0xB3, 0x91, 0xE3, 0xD6, 0xB7, 0x9A, 0xD6, 0x31, 0x61, 0xE1, 0x99,
    0xA8, 0xF0, 0x4D, 0x94, 0xFB, 0x95, 0xD2, 0x41, 0xE9, 0x3A, 0x6D, 0x41, 0xC5, 0xBA, 0x3E, 0x41,
    0x94, 0x4F, 0x11, 0xE9, 0x94, 0x1A, 0xBD, 0x84, 0x67, 0x9C, 0x16, 0xF4, 0x59, 0xF4, 0x7E, 0x3C,
    0x44, 0xC8, 0xFC, 0xF0, 0x07, 0x33, 0x45, 0x7D, 0x8E, 0xF3, 0xE3, 0xE3, 0x95, 0x67, 0x8C, 0xF7,
    0xD8, 0xF8, 0x7F, 0x2B, 0x68, 0x96, 0x60, 0x2D, 0x38, 0x19, 0x72, 0x61, 0x9B, 0x32, 0xA0, 0x48,
    0x42, 0x8B, 0x54, 0xE2, 0x1C, 0xD6, 0x32, 0xD4, 0xAC, 0x1B, 0x8B, 0x95, 0x06, 0xEF, 0xD1, 0x29,
    0xD6, 0xC9, 0xEE, 0xCC, 0x56, 0xA1, 0xB5, 0x3B, 0xE0, 0xDD, 0x1D, 0x35, 0xF7, 0x4B, 0xFB, 0x35,
    0x2D, 0xCC, 0x9C, 0x18, 0xFF, 0xD3, 0xBB, 0x65, 0xEE, 0xC8, 0x96, 0x41, 0x7B, 0x80, 0xED, 0x17,
    0xEC, 0xE3, 0xD6, 0xA9, 0x8C, 0xB8, 0x12, 0x55, 0x48, 0x5E, 0xA3, 0x26, 0x19, 0x60, 0xCB, 0xA9,
    0xAF, 0x38, 0xF5, 0x96, 0x06, 0x0D, 0x84, 0x43, 0x3F, 0x7F, 0x46, 0x0D, 0xBF, 0xA6, 0xF9, 0xEF,
    0x71, 0xC3, 0x56, 0x12, 0x9B, 0x46, 0x48, 0x89, 0x7E, 0xFE, 0x77, 0xCE, 0x93, 0x86, 0xF6, 0xF4,
    0xCB, 0x7F, 0xBC, 0xFC, 0x51, 0x5C, 0xC7, 0xE6, 0xD6, 0xFA, 0xEE, 0xFA, 0xD6, 0xB7, 0xB7, 0xBE,
    0xCE, 0x4C, 0x56, 0xFD, 0xEA, 0xEA, 0x65, 0x3A, 0x86, 0x87, 0xE1, 0x8D, 0xC5, 0x76, 0xB1, 0xE9,
    0xE8, 0x38, 0xE3, 0x39, 0x87, 0x57, 0xF2, 0xE9, 0x34, 0xBD, 0x92, 0x44, 0x21, 0x0E, 0xEE, 0x62,
    0xC5, 0xC9, 0xEB, 0x62, 0xC4, 0x34, 0xA6, 0x6B, 0x50, 0x36, 0xF1, 0x33, 0xEF, 0xE7, 0x7B, 0x12,
    0x4D, 0xAC, 0x0C, 0x35, 0xE8, 0xD5, 0x0F, 0x72, 0xD4, 0x68, 0x73, 0x51, 0x93, 0xCD, 0x4A, 0xA7,
    0x54, 0x3A, 0xCA, 0x0E, 0xE1, 0x56, 0x18, 0x90, 0x96, 0xD2, 0x72, 0x52, 0x75, 0x59, 0x8D, 0x04,
    0x66, 0xC7, 0xC8, 0x0C, 0x86, 0xC7, 0x8E, 0xCE, 0x45, 0x81, 0x77, 0x0B, 0x1A, 0xF5, 0x27, 0x77,
    0x0B, 0x91, 0xAD, 0xC3, 0x97, 0x76, 0x29, 0x94, 0xF0, 0x3B, 0xA6, 0x97, 0x0D, 0xB2, 0x4A, 0x68,
    0xD0, 0xD4, 0x7C, 0x85, 0xB6, 0xF4, 0x6C, 0x1D, 0x7F, 0x5F, 0x47, 0x4F, 0x37, 0x53, 0xAC, 0x63,
    0x3D, 0x3B, 0xC7, 0xE9, 0x0C, 0x93, 0xDF, 0x62, 0x7E, 0xC8, 0x64, 0x2A, 0xC7, 0xA6, 0xE2, 0xE6,
    0xD8, 0x20, 0x26, 0x3B, 0x83, 0x07, 0xD4, 0x6E, 0x4E, 0x0F, 0xC6, 0xE7, 0x4E, 0xF0, 0x5A, 0x90,
    0x53, 0x10, 0x5F, 0xA3, 0x89, 0x8B, 0xBE, 0x11, 0x14, 0x97, 0x12, 0x02, 0x2C, 0x05, 0x57, 0x54,
    0x74, 0x0B, 0x43, 0x51, 0xA3, 0x2D, 0xE9, 0x9A, 0xDF, 0xD7, 0x61, 0x41, 0xA6, 0x61, 0x41, 0x9E,
    0x51, 0x4E, 0x96, 0x8A, 0xDA, 0xAD, 0x79, 0xD0, 0x37, 0x22, 0x0C, 0xFD, 0x96, 0xEC, 0x62, 0x89,
    0x97, 0x89, 0x30, 0x1B, 0x0B, 0xC1, 0xA9, 0xB0, 0xBA, 0xF4, 0x3C, 0x9F, 0x73, 0x61, 0xB3, 0x11,
    0x2E, 0x7D, 0x36, 0x16, 0x2E, 0xB5, 0x27, 0x59, 0x3F, 0xFA, 0x6E, 0xE3, 0x19, 0xCA, 0xE5, 0x1B,
    0x8A, 0xE5, 0x57, 0x94, 0x4A, 0x70, 0x4F, 0xE5, 0xB1, 0x0E, 0x44, 0xA4, 0x50, 0x50, 0xF2, 0x71,
    0x9F, 0x11, 0x42, 0x05, 0x45, 0x9A, 0xE2, 0xEC, 0x3F, 0x2F, 0x4D, 0x22, 0x9C, 0x33, 0xA8, 0x92,
    0x81, 0xD2, 0x09, 0x32, 0x3C, 0xD1, 0x17, 0xB6, 0xB8, 0xF9, 0xA7, 0xDE, 0x08, 0xCE, 0x02, 0xA3,
    0x4E, 0xF1, 0x8D, 0xD6, 0xBB, 0x9A, 0xE3, 0x37, 0x16, 0x2E, 0xDA, 0x5C, 0x2B, 0xC5, 0x24, 0x60,
    0x48, 0x30, 0x2E, 0xF2, 0xF0, 0xA1, 0x2D, 0xA3, 0xF7, 0x6D, 0xA5, 0xDE, 0x6C, 0x7B, 0x64, 0xCB,
    0x58, 0x31, 0x08, 0x59, 0x95, 0x26, 0x6A, 0x8B, 0x69, 0x5C, 0x61, 0xBA, 0xD7, 0xF8, 0xDB, 0x69,
    0xDB, 0xCF, 0xD1, 0x88, 0x5A, 0x0B, 0xAD, 0xFD, 0x77, 0xB4, 0x47, 0x3A, 0x91, 0xBD, 0xAB, 0x63,
    0xAB, 0x74, 0xB6, 0x53, 0xC8, 0xB6, 0x31, 0x16, 0xDB, 0x04, 0x8B, 0xCD, 0x84, 0x39, 0x7B, 0xCA,
    0xA2, 0xCF, 0x74, 0x6F, 0x37, 0x78, 0x91, 0x3F, 0x17, 0xB1, 0x5D, 0x23, 0xB9, 0xBB, 0xC3, 0x24,
    0xB6, 0xA4, 0x6D, 0x91, 0x26, 0xEC, 0xAC, 0x7A, 0xA7, 0xD9, 0x96, 0x25, 0x6D, 0x03, 0xFE, 0xB6,
    0xC0, 0xEE, 0x9A, 0x00, 0x7F, 0x15, 0xAC, 0xF5, 0xA3, 0xA3, 0x79, 0x6C, 0x6B, 0x7F, 0xA7, 0x7D,
    0xFE, 0x2D, 0xDC, 0xAB, 0x5E, 0x5F, 0x56, 0x22, 0x96, 0xCB, 0xF6, 0x91, 0xA6, 0x91, 0xF4, 0xFE,
    0x73, 0x76, 0xFF, 0x1D, 0x11, 0x9E, 0x12, 0x6D, 0x73, 0x49, 0x3C, 0x5D, 0x08, 0x35, 0xFE, 0x73,
    0x10, 0xF1, 0xC5, 0x77, 0x67, 0x36, 0xF7, 0x38, 0x08, 0x2B, 0x57, 0x50, 0x35, 0xFE, 0x6F, 0xAD,
    0xC9, 0x2A, 0xCC, 0x41, 0x3E, 0xE5, 0x7D, 0xCA, 0x24, 0x84, 0x26, 0x0B, 0x35, 0x69, 0x48, 0xDA,
    0x91, 0x28, 0x75, 0x7C, 0x7D, 0x15, 0x5F, 0x54, 0x3E, 0x6D, 0xB1, 0xC3, 0xE2, 0x5E, 0x75, 0x9B,
    0xD2, 0x55, 0xAD, 0x74, 0xF8, 0x9F, 0xB6, 0x75, 0xF9, 0x81, 0xDE, 0x13, 0x23, 0x60, 0x69, 0x46,
    0x58, 0x53, 0x51, 0x41, 0xF5, 0xDF, 0xFC, 0x30, 0xE9, 0xF2, 0xC3, 0xB3, 0x29, 0x66, 0x4F, 0x22,
    0x6C, 0x21, 0xDE, 0x62, 0x85, 0xC4, 0x03, 0x71, 0x91, 0x4B, 0x4D, 0xDE, 0x48, 0x3B, 0xD2, 0xAF,
    0xD4, 0xF2, 0x4F, 0xA9, 0x07, 0x1F, 0xC7, 0x4F, 0xD7, 0xF0, 0x28, 0x8A, 0xB8, 0xB7, 0x77, 0x93,
    0x72, 0x2C, 0xC4, 0x83, 0x98, 0x4E, 0x4D, 0x52, 0xE2, 0x67, 0x1B, 0xF9, 0x8D, 0xBA, 0x42, 0x1F,
    0xF4, 0xC7, 0x57, 0xD5, 0x27, 0x26, 0xB0, 0xC5, 0x65, 0xFB, 0xD1, 0xC2, 0x6E, 0x5E, 0xB2, 0xC7,
    0xCA, 0xE6, 0xD3, 0x4F, 0x8B, 0x3D, 0xA3, 0xD1, 0xF9, 0xB5, 0x2B, 0x95, 0x85, 0x2B, 0x96, 0x5A,
    0xCA, 0xA5, 0x92, 0x94, 0xBA, 0x62, 0x91, 0x65, 0xC9, 0x64, 0xA1, 0x65, 0xD1, 0x4C, 0xA5, 0xAA,
    0xEA, 0x01, 0xFE, 0x03, 0x6D, 0x53, 0x31, 0x8F, 0x1C, 0x35, 0x14, 0xFE, 0x66, 0x26, 0x8B, 0xA3,
    0x58, 0xC2, 0xCD, 0x2E, 0x88, 0xE6, 0xDC, 0x46, 0x11, 0x3B, 0xF3, 0x07, 0x66, 0x76, 0x0C, 0x29,
    0xAE, 0xA0, 0xB9, 0x22, 0x57, 0x5D, 0xB1, 0x4D, 0xAA, 0x34, 0xDB, 0x20, 0xB4, 0xC5, 0xDE, 0x9D,
    0x53, 0x51, 0x50, 0x10, 0x89, 0x82, 0x82, 0x8E, 0x8E, 0x20, 0x71, 0x14, 0x57, 0x6C, 0x91, 0x64,
    0x9F, 0xF8, 0x05, 0x96, 0xA2, 0xF4, 0x6E, 0x20, 0x45, 0x8A, 0xB5, 0x94, 0x8B, 0x14, 0x44, 0x6E,
    0xCD, 0xB3, 0x77, 0x00, 0x21, 0x65, 0xED, 0x62, 0x9E, 0xDF, 0xB7, 0xDF, 0xFB, 0xFC, 0xBD, 0xE7,
    0xE2, 0x19, 0x64, 0x24, 0x5D, 0xF9, 0xAE, 0x08, 0xAB, 0x22, 0x2C, 0x4B, 0xBF, 0xAE, 0xDC, 0x4A,
    0x50, 0x7F, 0x01, 0xFD, 0x0E, 0xFC, 0xBB, 0xA1, 0x6F, 0x8E, 0xDB, 0xB6, 0x5D, 0xAE, 0x2F, 0x03,
    0x20, 0x09, 0x0D, 0x61, 0x63, 0xCB, 0x97, 0x56, 0x7E, 0x63, 0x0E, 0x14, 0x4E, 0xE7, 0x26, 0x46,
    0x77, 0xBC, 0x30, 0x38, 0x48, 0x60, 0x11, 0x49, 0xF1, 0x06, 0x0E, 0xC6, 0x68, 0x22, 0x3E, 0x61,
    0x7C, 0x45, 0x5F, 0x0A, 0x7B, 0xB6, 0x40, 0xF3, 0x36, 0x01, 0x8A, 0xA1, 0x9C, 0x6B, 0xC7, 0x38,
    0x8B, 0xE6, 0x4C, 0xD2, 0xBA, 0xA2, 0xA5, 0xA0, 0xD9, 0x62, 0x28, 0xD7, 0x44, 0xEA, 0x23, 0x41,
    0xDA, 0x44, 0xD8, 0x02, 0x01, 0xA5, 0x4B, 0x91, 0xCE, 0x51, 0x62, 0xD8, 0x41, 0x6D, 0xA9, 0xAE,
    0x5C, 0x5D, 0x91, 0xDC, 0x42, 0x47, 0xB0, 0xDA, 0x2B, 0x41, 0x4F, 0xE7, 0xA6, 0xB9, 0x4E, 0x80,
    0x32, 0x03, 0x3A, 0x2E, 0x51, 0xB9, 0x4E, 0x38, 0x26, 0xFC, 0xE0, 0x3B, 0xBA, 0xAF, 0xCC, 0xD9,
    0xB3, 0x41, 0x03, 0x7E, 0x4D, 0xB4, 0xA3, 0x37, 0xE8, 0xA3, 0xF9, 0xE8, 0x77, 0x14, 0x0E, 0x25,
    0x61, 0x74, 0x9C, 0xC2, 0xC9, 0x31, 0x13, 0x5A, 0x1D, 0x0D, 0xA3, 0xEE, 0x3C, 0xE6, 0x93, 0x8C,
    0x3F, 0x2A, 0x9D, 0x20, 0x65, 0x14, 0x6A, 0x74, 0xAC, 0x22, 0xAD, 0x8E, 0xBF, 0x3F, 0xC4, 0x08,
    0xC2, 0x56, 0xF4, 0xDF, 0x12, 0x56, 0x32, 0xAA, 0xC3, 0x12, 0x37, 0xC6, 0x98, 0x45, 0xF4, 0x73,
    0xDB, 0x0A, 0xBB, 0x94, 0x66, 0xAD, 0xCC, 0xA5, 0x42, 0x50, 0x99, 0x6E, 0x63, 0xAB, 0xE8, 0xD5,
    0xC3, 0xA0, 0x71, 0x35, 0xC5, 0x55, 0x87, 0xD0, 0x16, 0x81, 0xE5, 0xEA, 0x0B, 0x92, 0xBB, 0x7C,
    0x01, 0xDF, 0xF8, 0xAF, 0x5C, 0xE5, 0x32, 0xE3, 0x9E, 0x93, 0xF5, 0x14, 0x1B, 0x23, 0xA2, 0x53,
    0xA5, 0xE7, 0x3C, 0x04, 0xF7, 0x01, 0xC5, 0x5B, 0x48, 0x87, 0xFE, 0xB1, 0x3D, 0x67, 0xC3, 0x32,
    0xAF, 0x60, 0xDE, 0x22, 0x24, 0xC0, 0xC2, 0x72, 0x88, 0xEC, 0x41, 0x7F, 0x41, 0x2A, 0xF3, 0x42,
    0x38, 0x28, 0xFE, 0x83, 0xC3, 0x6B, 0xAA, 0x9E, 0x93, 0xBA, 0x4B, 0xB3, 0x13, 0xD7, 0xC7, 0x30,
    0x99, 0x3F, 0x42, 0x56, 0xC6, 0xB2, 0x98, 0x41, 0x1A, 0xA8, 0x09, 0x54, 0xB4, 0xB7, 0x0E, 0xD9,
    0x19, 0xF7, 0x69, 0x45, 0xCD, 0xDC, 0xAA, 0xEB, 0xFF, 0x4B, 0x1F, 0xA1, 0xE6, 0x46, 0x1D, 0xBA,
    0xAE, 0xF0, 0x2C, 0xBD, 0x99, 0x0F, 0xD2, 0xFB, 0xC8, 0x62, 0x6C, 0x62, 0xEB, 0x80, 0x35, 0x58,
    0x4B, 0x45, 0x29, 0x9A, 0xA6, 0x68, 0x60, 0x10, 0xAF, 0x92, 0x48, 0x55, 0x78, 0xB1, 0xB5, 0x32,
    0xDA, 0xD4, 0xA8, 0xD2, 0xCF, 0x4E, 0x48, 0x67, 0x06, 0xBE, 0xA6, 0xDC, 0x3A, 0x06, 0xD4, 0x08,
    0x4D, 0x15, 0xD4, 0x2E, 0x94, 0x3F, 0xBA, 0xDB, 0x69, 0x1E, 0xCD, 0xA0, 0xC1, 0xA7, 0xCD, 0x7D,
    0x3B, 0x8F, 0xF8, 0xF8, 0x45, 0xE2, 0xAF, 0x2C, 0xB8, 0x6F, 0x1C, 0x4E, 0x52, 0x0F, 0x87, 0xA6,
    0x3D, 0xF8, 0x09, 0x9B, 0x3D, 0xA1, 0xE1, 0x39, 0xE1, 0xAE, 0x4C, 0xB9, 0x6B, 0x2B, 0xEE, 0x4C,
    0x5A, 0x2B, 0xFE, 0x9E, 0xA6, 0x8C, 0x2B, 0x7D, 0xE1, 0x8B, 0x90, 0x56, 0xE9, 0x93, 0xE3, 0xD2,
    0xAA, 0x34, 0x67, 0x47, 0x46, 0xEE, 0xBC, 0xFE, 0xC2, 0xE5, 0x29, 0xA2, 0x96, 0xCB, 0x2F, 0x48,
    0xFF, 0x65, 0x13, 0xDF, 0x3D, 0x1E, 0x72, 0xA3, 0x0F, 0xA9, 0x3B, 0xB1, 0xFD, 0x9F, 0x09, 0x3B,
    0x9B, 0xFF, 0xA3, 0xEC, 0xDF, 0x54, 0xF6, 0xBD, 0x4D, 0x53, 0x3D, 0xA4, 0x0A, 0x1C, 0x89, 0xDF,
    0x7C, 0xF9, 0x92, 0xC0, 0xE2, 0xAE, 0x51, 0x6D, 0x21, 0xBF, 0x35, 0x3C, 0xC0, 0x29, 0xF7, 0x4B,
    0x7A, 0x11, 0xF2, 0x6E, 0x60, 0xB7, 0xEE, 0xFC, 0x1C, 0xB8, 0x1F, 0x5D, 0xC9, 0x9E, 0x52, 0xB3,
    0xBF, 0xB0, 0x81, 0x44, 0x72, 0x90, 0x5B, 0xA2, 0x37, 0xA4, 0x7F, 0xE0, 0xC9, 0x67, 0x7E, 0xCA,
    0xAA, 0xEC, 0x4A, 0x26, 0x49, 0x03, 0xA0, 0x30, 0x5A, 0xD9, 0x83, 0x0E, 0xCD, 0x15, 0xFA, 0x80,
    0xEE, 0x09, 0xDA, 0x0E, 0x2B, 0x8D, 0x0C, 0x50, 0xBC, 0x34, 0xBF, 0xA8, 0xE9, 0x30, 0xC0, 0x2B,
    0x3E, 0x1D, 0x8D, 0x47, 0x46, 0xC7, 0x73, 0xAF, 0x4F, 0xFE, 0x08, 0xB5, 0xB0, 0xA1, 0x93, 0x9F,
    0xF9, 0x56, 0x7E, 0xEE, 0x5B, 0x55, 0xBA, 0x95, 0xDA, 0x6B, 0x1B, 0x4D, 0xF2, 0x7B, 0xF8, 0xFE,
    0x3D, 0x55, 0x73, 0x8A, 0xF4, 0xD7, 0xAE, 0x66, 0xB9, 0x25, 0x3B, 0xC5, 0x1E, 0xD9, 0xD3, 0x1D,
    0xBB, 0x8B, 0xCB, 0xBC, 0xD9, 0x0E, 0x15, 0x51, 0xDF, 0x32, 0xCD, 0x11, 0xD2, 0x74, 0x68, 0x9C,
    0x36, 0x68, 0xDE, 0xED, 0xC7, 0x40, 0x1A, 0xFD, 0xA8, 0xF7, 0x9A, 0x0F, 0x6B, 0x16, 0x35, 0x33,
    0x9A, 0xCB, 0xFD, 0x0D, 0x6D, 0x56, 0xB1, 0x6F, 0xD4, 0x66, 0x14, 0x7F, 0xB6, 0x49, 0x2C, 0x30,
    0xD1, 0xC7, 0x00, 0xA5, 0x6A, 0x5A, 0xBC, 0x64, 0xA0, 0xA0, 0xD8, 0x0C, 0x0C, 0x55, 0x65, 0xDF,
    0x99, 0xA5, 0x48, 0xCD, 0x40, 0x06, 0x8E, 0x85, 0x81, 0x1D, 0xB5, 0x0D, 0x43, 0x07, 0x06, 0x87,
    0x73, 0xDB, 0xA1, 0x43, 0x06, 0xD2, 0xFF, 0x20, 0x48, 0x0C, 0x28, 0x0C, 0x61, 0xE8, 0x10, 0xA9,
    0x97, 0xDC, 0x47, 0x33, 0x30, 0xE2, 0xAA, 0x62, 0xEA, 0x80, 0x45, 0x52, 0xB5, 0x0A, 0x43, 0x5C,
    0xF5, 0x00, 0x5F, 0x72, 0xE7, 0xAF, 0xBF, 0xF7, 0xF9, 0x7C, 0xA1, 0xB4, 0x96, 0xBE, 0x67, 0x9F,
    0xCF, 0x7E, 0xDF, 0x7B, 0xBF, 0xDF, 0xEF, 0xBD, 0x67, 0xFA, 0x60, 0x99, 0x0C, 0x55, 0x90, 0x9D,
    0x2E, 0x92, 0x88, 0x1A, 0xE4, 0xD1, 0x2C, 0x85, 0x44, 0x14, 0x1C, 0x5B, 0x7D, 0x10, 0x0B, 0x35,
    0x88, 0x05, 0x51, 0xEC, 0x12, 0x85, 0x3E, 0x91, 0xDF, 0x6D, 0x45, 0x8E, 0x52, 0x92, 0x16, 0x5B,
    0x11, 0x05, 0x78, 0x28, 0xC6, 0xEA, 0x60, 0x75, 0x71, 0x8F, 0xEF, 0xEB, 0xE3, 0xC8, 0x11, 0x98,
    0xA9, 0x19, 0x98, 0xD9, 0x0B, 0x44, 0x8E, 0xCA, 0x89, 0x9A, 0x07, 0x43, 0x32, 0x86, 0xB7, 0x14,
    0x59, 0xD9, 0xBD, 0xBB, 0x89, 0x23, 0xB7, 0xE6, 0xA4, 0x30, 0xB6, 0x26, 0x23, 0xCF, 0xFC, 0x0C,
    0x9E, 0xAD, 0x29, 0x6C, 0x67, 0x1F, 0x87, 0xBB, 0xA3, 0x67, 0x61, 0x8E, 0x5F, 0x84, 0xF9, 0x10,
    0xAF, 0x06, 0x33, 0x2B, 0x88, 0xE5, 0x42, 0x1A, 0x90, 0x7F, 0x4F, 0x16, 0x24, 0x5E, 0x2C, 0xE5,
    0x64, 0x2B, 0x95, 0x90, 0xA9, 0xFA, 0x44, 0xD6, 0xE7, 0xD8, 0xC1, 0x3A, 0xAE, 0x77, 0xD4, 0xFB,
    0x9E, 0xA2, 0x7A, 0xB7, 0x97, 0x03, 0x32, 0x06, 0xD4, 0xC6, 0x6E, 0x48, 0xC9, 0x91, 0x24, 0x12,
    0x24, 0x81, 0xDD, 0xF8, 0xA9, 0x90, 0xA2, 0xAB, 0x14, 0x18, 0xDB, 0x03, 0x8A, 0xCD, 0xBD, 0x1E,
    0xC5, 0x56, 0x81, 0xDD, 0xAC, 0x9C, 0x8D, 0xFC, 0x98, 0x42, 0x5B, 0xC6, 0xD4, 0xB4, 0xBF, 0xE9,
    0x91, 0xF8, 0x6D, 0x29, 0xAB, 0x76, 0xA3, 0x6E, 0x41, 0x6F, 0x1F, 0xBE, 0x52, 0x11, 0x35, 0x95,
    0x22, 0x8D, 0x93, 0xC6, 0x41, 0x03, 0xA1, 0x91, 0xA0, 0x75, 0x36, 0x3D, 0x36, 0x4A, 0xF5, 0xD8,
    0xE4, 0x64, 0xC0, 0x3B, 0x99, 0xDA, 0x64, 0x1A, 0x2C, 0x98, 0x85, 0x7D, 0x8E, 0x9E, 0x11, 0xB3,
    0xC7, 0x46, 0xA7, 0x60, 0xAB, 0x94, 0xDC, 0x97, 0x39, 0x35, 0xA8, 0x80, 0xAF, 0x18, 0xAE, 0x66,
    0x08, 0xAF, 0xB2, 0x0F, 0xA1, 0x4A, 0x9A, 0x7C, 0x75, 0x55, 0x7B, 0x99, 0xDE, 0x7F, 0x80, 0x18,
    0x06, 0xDA, 0x05, 0x2F, 0x5B, 0x9A, 0xD2, 0xC5, 0x55, 0x17, 0x11, 0x2B, 0x3C, 0x87, 0xE3, 0x7D,
    0x1A, 0x85, 0x67, 0x7E, 0xBB, 0xB3, 0xBF, 0x43, 0xD6, 0xF3, 0x52, 0x0D, 0xC9, 0xEE, 0xB7, 0x5F,
    0x6D, 0x92, 0x93, 0x0A, 0xE9, 0x93, 0x93, 0x88, 0xC8, 0x05, 0x42, 0x3E, 0x9D, 0x21, 0x41, 0x4D,
    0x50, 0x2F, 0xA8, 0x44, 0x52, 0xAE, 0x51, 0xE2, 0x35, 0xCF, 0x1A, 0xC2, 0xCE, 0xDA, 0x1D, 0x04,
    0x11, 0x8A, 0x98, 0x6E, 0x53, 0xE0, 0xC5, 0x08, 0x29, 0x08, 0x6E, 0x73, 0x7E, 0x3A, 0x45, 0x5A,
    0x39, 0x84, 0x65, 0xC0, 0xF7, 0x4A, 0x36, 0xC8, 0x2F, 0x37, 0x0E, 0x12, 0x23, 0x37, 0xFF, 0x90,
    0x30, 0xDB, 0x99, 0x99, 0x4D, 0xBF, 0xDC, 0x7F, 0x58, 0x00, 0x33, 0x35, 0xB0, 0xD3, 0x0D, 0x3B,
    0xB5, 0x25, 0x80, 0x5E, 0xD8, 0xED, 0xAE, 0xED, 0x20, 0x5E, 0x55, 0x80, 0xA4, 0xA7, 0x88, 0xC5,
    0x7A, 0x1A, 0x09, 0x32, 0xF7, 0x08, 0x6A, 0x53, 0x04, 0xB9, 0x75, 0x11, 0x11, 0xDD, 0xA9, 0xFD,
    0x5B, 0x4A, 0xD3, 0x60, 0xAB, 0xD2, 0x8C, 0x38, 0x5F, 0x9F, 0x31, 0x43, 0x0A, 0x73, 0x60, 0x08,
    0x04, 0xEF, 0xFD, 0xE9, 0xC3, 0x05, 0x20, 0x52, 0x99, 0x20, 0xF7, 0xC6, 0xF5, 0x67, 0xB9, 0x4B,
    0x0D, 0x57, 0x44, 0x2B, 0xEE, 0xC4, 0xC0, 0x15, 0xCC, 0x5A, 0xEE, 0x89, 0x84, 0x9A, 0x65, 0x14,
    0x3A, 0x7D, 0x66, 0x2E, 0x34, 0x55, 0x12, 0x30, 0x3E, 0xD3, 0x69, 0xCC, 0x04, 0x9A, 0xFA, 0x74,
    0xD6, 0x4A, 0xC1, 0x60, 0x1C, 0xDB, 0x10, 0x1C, 0x93, 0x1C, 0x21, 0x4F, 0x77, 0x6F, 0x58, 0x85,
    0x10, 0x8D, 0x93, 0x55, 0x8A, 0x99, 0x34, 0x90, 0x0F, 0x69, 0x6E, 0x36, 0x2A, 0x72, 0x1B, 0x1C,
    0x67, 0x86, 0xB0, 0x6F, 0x46, 0x56, 0x4A, 0x9E, 0xAD, 0x32, 0x70, 0x13, 0xBA, 0x3F, 0xF4, 0x10,
    0x6B, 0x27, 0xA4, 0xDB, 0xB6, 0xB4, 0x7B, 0x01, 0xAB, 0x54, 0xA5, 0x8D, 0x8A, 0x4F, 0xBF, 0xAF,
    0xAB, 0xCE, 0x56, 0x52, 0x70, 0xCA, 0xD3, 0x39, 0x13, 0x02, 0x8F, 0x38, 0x3D, 0x5E, 0x36, 0x72,
    0x8F, 0xEC, 0xC7, 0xB9, 0x95, 0x35, 0xE0, 0xB5, 0xEC, 0xCA, 0x10, 0x2A, 0xF2, 0x35, 0xB7, 0x64,
    0x8C, 0x63, 0x71, 0x12, 0x40, 0xEF, 0x48, 0x47, 0x42, 0xF2, 0x22, 0x82, 0x0E, 0x06, 0x00, 0xD0,
    0x96, 0x60, 0x2F, 0x84, 0x1E, 0x9C, 0x0D, 0x64, 0x68, 0x49, 0xF1, 0x15, 0x98, 0x83, 0x70, 0x71,
    0x54, 0xA7, 0x92, 0xAC, 0x34, 0x76, 0x11, 0xA4, 0x99, 0xFD, 0x28, 0x10, 0x5D, 0x9B, 0x6F, 0x0E,
    0xEA, 0x93, 0xF1, 0x37, 0xBF, 0x41, 0xF4, 0x26, 0x11, 0xAC, 0x6C, 0x45, 0x4E, 0x51, 0x9D, 0x58,
    0xC4, 0x10, 0x51, 0xAE, 0xF9, 0xB6, 0x53, 0x22, 0x74, 0x09, 0x5A, 0x11, 0x4A, 0x5D, 0xCA, 0x45,
    0xEB, 0xC6, 0x63, 0x84, 0x6D, 0xFF, 0x9C, 0xC1, 0x6C, 0x65, 0x9E, 0xB0, 0xB7, 0xD2, 0x86, 0x70,
    0xBE, 0x93, 0xA1, 0x2B, 0x2E, 0xCB, 0xC0, 0x83, 0x89, 0xBD, 0x63, 0x4E, 0x12, 0x87, 0x08, 0x73,
    0x3D, 0x44, 0xB6, 0x10, 0xC4, 0x90, 0x7A, 0x6D, 0xB5, 0x33, 0x86, 0x15, 0x3C, 0x91, 0xCB, 0xD0,
    0xBA, 0xA8, 0x02, 0xF4, 0x0F, 0xE4, 0x79, 0x3F, 0x64, 0xEE, 0x00, 0xDA, 0xE6, 0xF5, 0x0E, 0x19,
    0x3D, 0x24, 0x89, 0xA0, 0x0B, 0x2E, 0x98, 0x1E, 0xA7, 0xDE, 0x63, 0xB8, 0xF2, 0xDA, 0xA0, 0xC8,
    0x44, 0x62, 0xA3, 0x6E, 0xA5, 0x9B, 0x91, 0x55, 0x1E, 0xC0, 0x49, 0x77, 0x5B, 0xD6, 0x0D, 0xA2,
    0x3E, 0x9A, 0x5C, 0xD5, 0xCC, 0x6D, 0x7D, 0x63, 0x62, 0x9E, 0xCB, 0x12, 0xC0, 0x5A, 0x25, 0xFE,
    0x11, 0xA9, 0x83, 0x67, 0xC6, 0x55, 0xCD, 0x42, 0x47, 0x82, 0x29, 0xE3, 0x26, 0x79, 0x73, 0xAA,
    0x0C, 0x57, 0x1F, 0x9D, 0xDF, 0xBD, 0x3F, 0xFA, 0x69, 0x65, 0x95, 0x12, 0x18, 0x20, 0xE3, 0x11,
    0x01, 0x49, 0x5D, 0xB1, 0xC9, 0xDB, 0x1B, 0x83, 0x90, 0x1C, 0x46, 0x48, 0x70, 0xD2, 0x64, 0xF7,
    0xF0, 0xD0, 0xE1, 0x17, 0xD7, 0x5D, 0x3C, 0xD7, 0x83, 0xD4, 0xCF, 0x95, 0xE5, 0xEA, 0x32, 0xD7,
    0x49, 0xFA, 0x9E, 0x1A, 0xB6, 0x22, 0x73, 0xB8, 0xC8, 0x9D, 0xC3, 0xE7, 0x3D, 0x20, 0x5E, 0x2B,
    0x45, 0x33, 0xB3, 0x24, 0x9C, 0xD8, 0xD2, 0x40, 0xFA, 0x92, 0x99, 0x4F, 0xB4, 0xEA, 0x74, 0x56,
    0x5C, 0x61, 0x1A, 0x15, 0xC6, 0xA3, 0x5A, 0x5F, 0x00, 0x4B, 0xF0, 0xD9, 0x45, 0x5A, 0xE5, 0x11,
    0x9A, 0x6A, 0x40, 0xDC, 0x4D, 0xE0, 0x03, 0x41, 0xFB, 0xD8, 0xFC, 0x64, 0x67, 0xD4, 0xB1, 0x7A,
    0xA3, 0xA5, 0xE3, 0x3F, 0x59, 0xC7, 0x1B, 0xD7, 0x17, 0x1B, 0xF3, 0xD5, 0x79, 0x5A, 0x8D, 0x12,
    0x6A, 0x96, 0x5D, 0xFD, 0x28, 0xCD, 0xE4, 0xC6, 0xA0, 0x12, 0x64, 0x5E, 0xB5, 0x43, 0xBE, 0xF0,
    0x68, 0xF2, 0xBE, 0xAE, 0x07, 0x97, 0xDA, 0x65, 0x75, 0x61, 0xF6, 0x17, 0x38, 0x7E, 0x3A, 0x63,
    0x4B, 0x9D, 0x03, 0x79, 0xA8, 0x77, 0x7D, 0x11, 0xBA, 0x7C, 0x1F, 0x7C, 0x06, 0xB3, 0xB8, 0x30,
    0x1F, 0x26, 0x14, 0xB3, 0x70, 0x5D, 0xEC, 0xB4, 0x1E, 0xE0, 0x7E, 0x63, 0x01, 0xDC, 0x06, 0xC8,
    0x2A, 0x16, 0xD2, 0xCA, 0xEE, 0xC0, 0x67, 0xEC, 0x67, 0x42, 0x76, 0x69, 0x91, 0xDA, 0x43, 0xC8,
    0xF9, 0xA7, 0x83, 0x82, 0xFC, 0xAC, 0x5D, 0x50, 0x4F, 0x6B, 0x86, 0x93, 0xA8, 0xE9, 0xCE, 0x47,
    0x67, 0xA3, 0xBE, 0xD0, 0xFD, 0x57, 0x5F, 0xA4, 0xF4, 0xEE, 0x61, 0xB2, 0x20, 0x2C, 0x26, 0xDA,
    0x4A, 0x81, 0xF0, 0xE9, 0x67, 0xD7, 0x5E, 0x31, 0xA6, 0x8A, 0xA6, 0x9F, 0x5D, 0xEB, 0x63, 0x7B,
    0x38, 0x59, 0xD8, 0x7D, 0xD8, 0x47, 0xE9, 0x43, 0xB5, 0x2E, 0x0A, 0x0D, 0x91, 0xB8, 0x11, 0x94,
    0x5A, 0xB2, 0x40, 0xE1, 0xB8, 0x51, 0x51, 0xFC, 0xAF, 0x91, 0x30, 0x42, 0x70, 0x8A, 0xCD, 0x47,
    0x6C, 0xBE, 0xAC, 0x87, 0x54, 0x5B, 0xF1, 0x48, 0xFC, 0x84, 0x87, 0xD4, 0x45, 0x81, 0x91, 0xF8,
    0xB5, 0x83, 0x0E, 0x70, 0x6B, 0x12, 0xCD, 0xF8, 0x11, 0x7B, 0xC9, 0xD9, 0x4B, 0xC6, 0x0E, 0x10,
    0x56, 0x8C, 0x46, 0x43, 0xB1, 0x81, 0x06, 0x1F, 0x98, 0xD2, 0xC3, 0xC0, 0x44, 0x27, 0xF0, 0xAD,
    0x04, 0x23, 0xF1, 0xD7, 0xB9, 0xBC, 0x1E, 0x52, 0xDC, 0xA3, 0x9C, 0xBA, 0x88, 0xE8, 0xE8, 0x61,
    0x62, 0x2E, 0xCF, 0x96, 0x26, 0x9B, 0x3B, 0x9C, 0xF5, 0x6B, 0x18, 0xE3, 0x2F, 0xB8, 0xB6, 0x7E,
    0xC9, 0xB9, 0x8F, 0xE6, 0x34, 0xB9, 0xB6, 0x5B, 0x2E, 0x3B, 0x2C, 0x3A, 0x6C, 0xBC, 0xCE, 0x73,
    0x2C, 0xA6, 0x63, 0xE5, 0xEA, 0x66, 0x02, 0xD9, 0x2B, 0x89, 0x2A, 0x6F, 0xB0, 0xD4, 0x3C, 0xEE,
    0xCB, 0x2E, 0x67, 0x29, 0x38, 0x2D, 0xEE, 0x52, 0x57, 0x59, 0x75, 0x11, 0x95, 0x6B, 0x90, 0xA4,
    0x85, 0xA6, 0xCE, 0x85, 0xC0, 0xC3, 0x48, 0x24, 0x00, 0x2E, 0xE7, 0xA5, 0x87, 0x5A, 0xAB, 0x15,
    0xA1, 0xCD, 0xA7, 0x0B, 0xBB, 0xAB, 0x89, 0xAF, 0x21, 0x9A, 0x80, 0x03, 0x1F, 0x9E, 0x36, 0xF0,
    0x7A, 0x01, 0x38, 0x6A, 0x32, 0x0E, 0x61, 0x9A, 0x1D, 0xCF, 0xF2, 0x0A, 0xA6, 0xE6, 0xBB, 0x30,
    0x79, 0xEF, 0xC2, 0x04, 0x1F, 0xB1, 0xA1, 0x0D, 0x02, 0x00, 0x4C, 0xB3, 0x0C, 0x53, 0xF0, 0x5F,
    0x98, 0xFA, 0xFF, 0x0B, 0xD3, 0xB8, 0x78, 0x70, 0xDC, 0x5C, 0x5B, 0x5D, 0x41, 0xBC, 0x79, 0xEB,
    0x46, 0x6B, 0x9E, 0x73, 0xE6, 0xBE, 0xCC, 0x93, 0x48, 0x73, 0x1B, 0x8E, 0xE8, 0xAD, 0xBF, 0x7C,
    0xDE, 0x2D, 0x9E, 0x13, 0x55, 0xB3, 0xA8, 0x7A, 0x45, 0xAE, 0xFF, 0xC0, 0x75, 0xA2, 0xBB, 0x0D,
    0x7F, 0x02, 0xA0, 0x39, 0xB5, 0xBA, 0xF8, 0x58, 0x82, 0x68, 0x36, 0xE7, 0xAB, 0x36, 0xC3, 0xB5,
    0xEF, 0xF0, 0x18, 0xE7, 0x31, 0x5F, 0x54, 0x93, 0xB4, 0xEA, 0x3F, 0xA3, 0x7D, 0xD6, 0x51, 0x90,
    0xFB, 0xF8, 0x53, 0x55, 0x85, 0xDB, 0xCC, 0x4F, 0xD0, 0xA7, 0xAF, 0x33, 0x08, 0x36, 0x25, 0x07,
    0xBF, 0xBB, 0xC8, 0xFA, 0x40, 0x72, 0xEB, 0x17, 0x3C, 0x16, 0x21, 0x55, 0xEE, 0xB0, 0x18, 0x06,
    0x97, 0xD1, 0x0D, 0x11, 0x86, 0x8B, 0x67, 0x26, 0xB4, 0xB3, 0xB3, 0x87, 0xC1, 0x9B, 0x65, 0xA4,
    0x55, 0x5B, 0x1E, 0x14, 0x56, 0x9E, 0x77, 0x20, 0x83, 0x50, 0x5C, 0xCA, 0x1B, 0xAE, 0x99, 0x79,
    0x1E, 0x56, 0x68, 0xA5, 0x8D, 0xC0, 0x4A, 0xC3, 0x98, 0x31, 0x1C, 0x7D, 0xF5, 0x0C, 0x47, 0x9F,
    0x3E, 0xBA, 0x81, 0x85, 0xBA, 0x62, 0x99, 0xED, 0x98, 0x4D, 0x87, 0x33, 0x58, 0x47, 0x3D, 0x9C,
    0xEA, 0xB7, 0x36, 0x49, 0x23, 0x79, 0x6E, 0x7F, 0x35, 0xAA, 0x2A, 0xEF, 0xFC, 0xFE, 0x0A, 0x7F,
    0xF5, 0x80, 0xA6, 0xD3, 0xBF, 0x47, 0x75, 0xBB, 0x7C, 0xEB, 0xAB, 0x47, 0x1F, 0xAC, 0x48, 0xE3,
    0x45, 0xCA, 0x75, 0xA8, 0xFB, 0x3F, 0x40, 0xE8, 0x6E, 0x95, 0x64, 0xBC, 0xD9, 0x7A, 0x4E, 0xD6,
    0xF6, 0x93, 0xBB, 0x91, 0xFD, 0x64, 0xE9, 0x4A, 0xE2, 0x7C, 0xBF, 0x34, 0x87, 0x91, 0x3F, 0xE7,
    0x44, 0x62, 0xCC, 0x21, 0xF7, 0x39, 0xDD, 0xF4, 0x2A, 0xA7, 0x66, 0xAF, 0xE2, 0x53, 0x0F, 0x33,
    0x78, 0x31, 0x0C, 0xFC, 0x31, 0x87, 0xCD, 0xAE, 0xF0, 0xD8, 0x4E, 0x51, 0x4A, 0x05, 0xA2, 0xEA,
    0xA0, 0x15, 0x84, 0x16, 0xAF, 0x94, 0x02, 0xBC, 0x57, 0x60, 0x34, 0x67, 0x90, 0x08, 0x7F, 0xDF,
    0x66, 0x22, 0x31, 0x7A, 0xF0, 0xBA, 0x2E, 0xB8, 0x33, 0xEB, 0x65, 0xF4, 0x3C, 0x72, 0xB2, 0xA6,
    0x66, 0xB2, 0x4F, 0xC6, 0x16, 0xBE, 0x41, 0xB1, 0x08, 0xAE, 0xFF, 0x01, 0x9D, 0x56, 0x31, 0x8F,
    0x1B, 0x55, 0x10, 0x9E, 0xDD, 0xE5, 0xB2, 0x07, 0x2B, 0xE5, 0xD1, 0x04, 0x45, 0x82, 0xF3, 0x5E,
    0x71, 0x05, 0x3A, 0x61, 0x3B, 0x25, 0x85, 0xCF, 0x7E, 0xD0, 0xD0, 0x52, 0xC4, 0x94, 0xFC, 0x01,
    0x0A, 0x9A, 0x14, 0x57, 0x24, 0xE7, 0xFD, 0x29, 0x14, 0x20, 0x21, 0x37, 0xA1, 0xB8, 0x22, 0xC5,
    0x1D, 0x5E, 0x5D, 0x7E, 0x40, 0x96, 0x44, 0xB4, 0x68, 0x25, 0x44, 0x93, 0x86, 0x15, 0x38, 0xC2,
    0x5C, 0x7C, 0x5E, 0xBE, 0x6F, 0xDE, 0xDB, 0xB5, 0x7D, 0x17, 0x09, 0xC1, 0x4A, 0xEF, 0xDB, 0xB3,
    0xFD, 0xDE, 0xCC, 0xBC, 0x6F, 0xBE, 0x99, 0x39, 0x91, 0x7D, 0xC1, 0x73, 0x86, 0x15, 0x55, 0x00,
    0x93, 0x01, 0x1E, 0x61, 0x05, 0x73, 0x40, 0x92, 0x03, 0xFA, 0x75, 0x5D, 0x2F, 0x47, 0x04, 0x63,
    0xF1, 0x31, 0x2E, 0x00, 0xE1, 0xBC, 0x39, 0x25, 0x23, 0x69, 0x8E, 0x85, 0xD2, 0x3C, 0xB0, 0x14,
    0x2D, 0x45, 0xD2, 0x1A, 0xB6, 0x7E, 0xCF, 0xC2, 0x3F, 0x5E, 0x14, 0xC9, 0xC5, 0x4F, 0xF3, 0x51,
    0x94, 0x9F, 0x2D, 0xA2, 0x7C, 0xB8, 0x1F, 0xE5, 0xBB, 0x12, 0xE3, 0x44, 0x62, 0xDD, 0x32, 0xB2,
    0x5E, 0x1D, 0xAC, 0xAE, 0x5F, 0xCE, 0xA2, 0x06, 0xA1, 0xC1, 0xC9, 0x82, 0x70, 0x42, 0x48, 0x35,
    0x94, 0x7C, 0x86, 0xB0, 0xAA, 0x9A, 0xD0, 0x6C, 0x1C, 0x36, 0xB1, 0x6B, 0x9C, 0xFD, 0x36, 0xCC,
    0xFD, 0x36, 0xB8, 0xC1, 0x36, 0x1C, 0x13, 0x4E, 0x5B, 0xA8, 0x36, 0xE1, 0x6E, 0x50, 0xDE, 0x92,
    0xA3, 0xB0, 0xE8, 0x4B, 0xFA, 0x69, 0x71, 0x26, 0xC9, 0xD3, 0x8B, 0x4A, 0xA2, 0x3F, 0x9F, 0x21,
    0xF4, 0xD7, 0x3F, 0xF2, 0xEA, 0xF4, 0x93, 0xD2, 0x4F, 0xDC, 0x5A, 0xA7, 0xA3, 0x5D, 0xEF, 0x75,
    0xE8, 0x03, 0x4F, 0x33, 0xC7, 0x10, 0x43, 0x22, 0xB7, 0x61, 0xE5, 0x42, 0xC4, 0x1E, 0x8D, 0x19,
    0x61, 0x92, 0x64, 0x3C, 0xD9, 0xC8, 0xBF, 0x95, 0x6A, 0x39, 0x72, 0xB7, 0xC0, 0xE6, 0xB0, 0x49,
    0xC7, 0x99, 0xA7, 0x7C, 0xE4, 0xE9, 0x80, 0xDD, 0xA8, 0x74, 0x54, 0x85, 0xB6, 0x0D, 0x22, 0x62,
    0x3E, 0x0C, 0xCF, 0x4E, 0xE0, 0x3F, 0x78, 0x8D, 0x53, 0xC9, 0x33, 0x90, 0xD1, 0x37, 0xD8, 0xBF,
    0x34, 0x71, 0x19, 0x95, 0x9D, 0x60, 0x1E, 0x66, 0x5D, 0xF9, 0xC6, 0x53, 0xFD, 0xBF, 0x58, 0xE9,
    0xAF, 0x59, 0xF9, 0x95, 0xAC, 0xFC, 0xB5, 0xCD, 0x4A, 0xD2, 0x84, 0xB3, 0x33, 0x1E, 0x5B, 0x53,
    0xD7, 0x79, 0xFA, 0xF3, 0x34, 0x4B, 0x61, 0xA1, 0x0B, 0x71, 0x0C, 0xC0, 0xCE, 0x00, 0x69, 0x1C,
    0x24, 0x85, 0x1C, 0x83, 0x91, 0x63, 0x59, 0xC2, 0xD7, 0x48, 0x7E, 0x68, 0xA9, 0x0A, 0x33, 0x3D,
    0x7C, 0x67, 0x3C, 0x86, 0xD1, 0x1A, 0x5A, 0x3A, 0xFC, 0x6E, 0xC6, 0x9B, 0xD6, 0x34, 0xFD, 0x0B,
    0x3D, 0xED, 0x91, 0x04, 0x84, 0x1F, 0x97, 0x03, 0x4A, 0x02, 0x70, 0x8E, 0xF0, 0xD5, 0x98, 0xC9,
    0xE5, 0x81, 0x26, 0x40, 0x3E, 0x94, 0xCD, 0x67, 0xE0, 0xB8, 0xB3, 0x70, 0x52, 0xC5, 0x65, 0x50,
    0x82, 0x85, 0x52, 0xCE, 0xC3, 0x42, 0xA0, 0x4E, 0x31, 0x4F, 0x73, 0xDC, 0x24, 0x07, 0x61, 0x70,
    0x3D, 0x61, 0x32, 0xAC, 0x3A, 0xF6, 0x8F, 0x91, 0x80, 0xF2, 0x8B, 0x33, 0x24, 0x24, 0xB1, 0x88,
    0xDB, 0x50, 0x60, 0x06, 0x81, 0x8B, 0x61, 0x12, 0x3A, 0x4C, 0xF4, 0x1E, 0x33, 0xDC, 0x23, 0x07,
    0x23, 0xE6, 0x96, 0x36, 0xA4, 0x35, 0x12, 0x7E, 0xEB, 0xD2, 0xB3, 0xD2, 0x57, 0xF0, 0x75, 0xA6,
    0x7A, 0xF1, 0x79, 0x45, 0x00, 0x54, 0x4B, 0x54, 0x28, 0x03, 0xF8, 0xF4, 0x48, 0x35, 0xAE, 0x52,
    0x31, 0x56, 0x95, 0x72, 0xE2, 0x84, 0xB2, 0x10, 0xD5, 0x49, 0x26, 0x4E, 0x26, 0x4E, 0x25, 0x4D,
    0x55, 0x7A, 0xC1, 0xFB, 0xCA, 0xF4, 0xB5, 0xD9, 0x56, 0xE7, 0x3B, 0x2A, 0x38, 0x99, 0xE9, 0x2B,
    0xFA, 0x5B, 0x9A, 0x0A, 0xDB, 0x77, 0xE5, 0x87, 0xAB, 0xF4, 0x5C, 0x15, 0x1D, 0xB9, 0x2A, 0x3B,
    0x72, 0xE6, 0x7B, 0x4E, 0xB6, 0xBC, 0x20, 0x55, 0xAB, 0x22, 0x95, 0x80, 0xE8, 0xAE, 0xE2, 0x4A,
    0xB3, 0x09, 0xA4, 0x6F, 0x37, 0xE2, 0x70, 0xA5, 0xDB, 0x84, 0x71, 0x8B, 0xF0, 0x96, 0xFE, 0x79,
    0xA0, 0x38, 0x5F, 0xEF, 0x49, 0x5F, 0x8D, 0xC7, 0x5F, 0xC8, 0x84, 0x56, 0x6D, 0xFF, 0x72, 0x3A,
    0x7D, 0xAC, 0x12, 0x36, 0x64, 0x84, 0x7D, 0x21, 0x57, 0xB4, 0x5E, 0xB0, 0x4E, 0xA7, 0x5B, 0x78,
    0xBC, 0x81, 0xA7, 0xD2, 0x4A, 0xD6, 0xA3, 0x7B, 0x3E, 0x50, 0xEC, 0x39, 0x82, 0x6C, 0x38, 0x1E,
    0x8F, 0x27, 0x85, 0x5E, 0xA7, 0x4A, 0xA6, 0xD3, 0xE9, 0x2C, 0x27, 0x09, 0x13, 0xA5, 0xE2, 0x89,
    0x62, 0xA9, 0x1D, 0xC9, 0x2A, 0xFE, 0x17, 0xCF, 0x8D, 0x62, 0xAE, 0xA3, 0xB3, 0xB3, 0xD7, 0x58,
    0x0B, 0x32, 0x5A, 0x08, 0x0A, 0x22, 0xF8, 0x1D, 0x68, 0xE3, 0x54, 0x06, 0x64, 0xD6, 0x90, 0x1B,
    0x2F, 0xD6, 0xD4, 0x26, 0xCA, 0xEC, 0xEE, 0xDA, 0x43, 0x40, 0x29, 0xE4, 0x23, 0x8A, 0xE1, 0x8D,
    0xBD, 0xB4, 0xE9, 0xA7, 0x83, 0x8D, 0x75, 0x4C, 0x59, 0xCE, 0xD1, 0x9E, 0x0B, 0x64, 0x12, 0x7E,
    0x97, 0x7A, 0xCF, 0x6B, 0x8F, 0x92, 0x16, 0x94, 0x6B, 0x0C, 0x35, 0x00, 0xC8, 0x72, 0x57, 0xF1,
    0x01, 0x91, 0xDA, 0x8C, 0xB3, 0xA4, 0x22, 0xAA, 0x32, 0xAD, 0x0A, 0xD3, 0x9A, 0x72, 0x1D, 0xB2,
    0x3B, 0x27, 0x99, 0xDC, 0x78, 0xB2, 0xA6, 0x53, 0xA9, 0xAC, 0x26, 0x96, 0xB5, 0x0D, 0x45, 0x46,
    0x7A, 0x99, 0x3A, 0x81, 0x8D, 0x21, 0x1D, 0x74, 0x28, 0xA4, 0x1D, 0xC7, 0x74, 0x77, 0x0D, 0x7A,
    0x9B, 0x16, 0x9E, 0x20, 0xA5, 0x41, 0x95, 0xB2, 0x7C, 0x50, 0xFA, 0xA9, 0x8D, 0x16, 0xC1, 0x15,
    0x8C, 0x70, 0x30, 0xBC, 0xBF, 0x5A, 0xB3, 0x45, 0x47, 0x41, 0xE1, 0xC4, 0xEC, 0x86, 0x14, 0x78,
    0x06, 0x73, 0x64, 0x7A, 0xF4, 0x19, 0x88, 0x5E, 0x20, 0xE8, 0xA8, 0x00, 0x93, 0x49, 0xB6, 0xEB,
    0x73, 0xD6, 0xDB, 0x6A, 0x8D, 0xFF, 0xEE, 0xB2, 0x6C, 0x5C, 0x1E, 0x6C, 0x8F, 0xD6, 0xDC, 0x0F,
    0x2F, 0x96, 0xCD, 0x15, 0x35, 0xB7, 0xD4, 0x3A, 0xD1, 0x26, 0x65, 0x58, 0xD5, 0x31, 0x60, 0xBE,
    0x31, 0x5A, 0x87, 0x6D, 0xDD, 0x44, 0xD7, 0x58, 0x0B, 0xAA, 0xEB, 0x9B, 0x52, 0x9C, 0x2D, 0x52,
    0x3F, 0x09, 0xDD, 0x2F, 0x3A, 0xB4, 0xAB, 0x91, 0x36, 0x0A, 0x76, 0x46, 0xDF, 0x20, 0x34, 0x0E,
    0xED, 0x0D, 0x77, 0x5B, 0x9B, 0x07, 0x37, 0x87, 0x16, 0xFD, 0x72, 0x2B, 0x93, 0x78, 0xE2, 0x86,
    0x90, 0xD6, 0x7B, 0xBD, 0xF4, 0xE5, 0x5F, 0xFB, 0x32, 0x37, 0x99, 0x86, 0x80, 0x24, 0x1A, 0xFD,
    0xFA, 0x4A, 0x62, 0x7D, 0xFB, 0xA1, 0x95, 0x6E, 0x0C, 0xAD, 0xA1, 0xEB, 0x30, 0xED, 0xD0, 0x8A,
    0xB6, 0x86, 0x96, 0xC6, 0x30, 0x84, 0x97, 0x2C, 0xAE, 0x8B, 0x7E, 0x5D, 0xDD, 0x39, 0xBF, 0xCF,
    0x62, 0x3A, 0x95, 0x9D, 0x57, 0x90, 0x55, 0x7E, 0x78, 0x99, 0x41, 0x88, 0xEF, 0xFD, 0x86, 0x84,
    0xD9, 0xAF, 0x5E, 0x6A, 0xB7, 0xCC, 0xF9, 0x6F, 0x84, 0x96, 0x84, 0xA5, 0xCC, 0xDC, 0x57, 0x50,
    0x65, 0xBD, 0x0A, 0x11, 0x06, 0x7E, 0x40, 0xEF, 0xA8, 0x97, 0x11, 0xFA, 0x65, 0x47, 0x55, 0xD3,
    0x45, 0xFB, 0x5C, 0x98, 0xBA, 0x8A, 0xEB, 0x3C, 0x58, 0xB1, 0xC2, 0xE5, 0x5D, 0xB6, 0x74, 0xAD,
    0xAB, 0xB7, 0xB5, 0x68, 0x3E, 0x12, 0xDF, 0xD0, 0xD1, 0xD1, 0x89, 0x1D, 0xDE, 0x69, 0xDE, 0x25,
    0x56, 0xDD, 0x98, 0xF7, 0x19, 0xA8, 0x72, 0x06, 0x98, 0x53, 0xC4, 0xFD, 0x6D, 0x45, 0x7F, 0x8E,
    0x75, 0x4F, 0x4B, 0xE7, 0x63, 0xC5, 0x13, 0xC5, 0xD9, 0x27, 0x25, 0x4B, 0xFA, 0x79, 0x41, 0xBC,
    0xA0, 0xFA, 0x56, 0x11, 0x93, 0xB0, 0x20, 0x06, 0x85, 0xA2, 0x8D, 0xD7, 0x05, 0xA2, 0x94, 0xB8,
    0x14, 0x27, 0x5A, 0xFB, 0xFD, 0x23, 0x6D, 0xB1, 0xEC, 0xF6, 0x51, 0xC9, 0xED, 0xA9, 0xE5, 0xCF,
    0x98, 0x0F, 0x0F, 0x55, 0xC8, 0x3D, 0x49, 0x2E, 0x25, 0x7C, 0x0C, 0x96, 0xC0, 0x3D, 0xC7, 0x52,
    0xA2, 0x95, 0x6F, 0xB4, 0xD3, 0x18, 0xAD, 0x98, 0xDB, 0x1A, 0x6E, 0x47, 0x71, 0x4F, 0x91, 0x57,
    0x3D, 0x99, 0x32, 0x35, 0x93, 0x7A, 0xF9, 0x66, 0xBF, 0xBD, 0x0D, 0xBF, 0x45, 0xDC, 0xFA, 0x7D,
    0xC8, 0x8C, 0xD2, 0xEF, 0x50, 0x92, 0x97, 0x1B, 0x7E, 0x6F, 0xDF, 0xF0, 0xDB, 0x1B, 0x7F, 0xA9,
    0x33, 0x70, 0xA5, 0x73, 0xFC, 0x7E, 0x7B, 0xC3, 0xC3, 0xE9, 0xF7, 0xAD, 0xDF, 0x53, 0x70, 0xC5,
    0x76, 0xC3, 0xEE, 0x49, 0xD5, 0xF8, 0xAA, 0xFD, 0x07, 0xDD, 0x94, 0xAF, 0x6F, 0xD4, 0x60, 0x18,
    0xC7, 0xBF, 0x6D, 0xB9, 0x55, 0x54, 0x14, 0x31, 0x66, 0x48, 0xA8, 0x41, 0x60, 0x76, 0xF5, 0xE4,
    0xEE, 0x5A, 0x82, 0xC0, 0x4E, 0x30, 0x85, 0x18, 0x16, 0x10, 0xB3, 0x27, 0x6E, 0xAC, 0x0E, 0x8B,
    0xC7, 0x4C, 0x4C, 0x90, 0xA9, 0x89, 0x89, 0x13, 0x6C, 0xF7, 0x2E, 0xFB, 0x07, 0x1A, 0x0C, 0xF6,
    0x04, 0x0A, 0xC4, 0x9A, 0x70, 0xC9, 0x6E, 0xA4, 0xEB, 0xCB, 0xF7, 0x79, 0xDE, 0x76, 0x39, 0x81,
    0x25, 0x24, 0xEB, 0xE5, 0x7D, 0xF2, 0x5E, 0xDB, 0xE7, 0xD7, 0xE7, 0xF9, 0xBE, 0x45, 0x6F, 0x0B,
    0xB0, 0x35, 0xD0, 0x58, 0x00, 0x69, 0x01, 0x44, 0x06, 0x08, 0x0D, 0x7A, 0xCF, 0x4B, 0xD8, 0xAB,
    0x32, 0xF8, 0x3D, 0x2B, 0x63, 0x13, 0x9B, 0x94, 0xF7, 0x47, 0x5C, 0x43, 0xC4, 0xC5, 0x1E, 0xE2,
    0x7C, 0x0F, 0x09, 0x46, 0x18, 0x22, 0x43, 0x8D, 0xC4, 0x56, 0x08, 0x2D, 0x5D, 0x6F, 0x2F, 0xEF,
    0xCC, 0x2F, 0x90, 0xDA, 0x4B, 0x86, 0x7D, 0x55, 0x23, 0xA8, 0xBC, 0x9A, 0xAE, 0xE1, 0x29, 0xFD,
    0x36, 0xFB, 0x74, 0x3C, 0xE9, 0xA3, 0x1F, 0x30, 0x54, 0x3F, 0xC6, 0x00, 0xE9, 0x18, 0x53, 0xC4,
    0x73, 0xBF, 0xA2, 0x49, 0x4A, 0x7A, 0xD9, 0x1C, 0xC7, 0xB3, 0x25, 0x90, 0xAF, 0x04, 0x4C, 0x24,
    0x7A, 0xC6, 0xCA, 0xB0, 0x2F, 0xE6, 0xAA, 0x64, 0x8E, 0x5F, 0x34, 0xC1, 0xD7, 0x39, 0xAB, 0x3D,
    0xAF, 0xC0, 0xD0, 0x34, 0x29, 0x16, 0x60, 0x48, 0x9A, 0x29, 0x7F, 0xA8, 0x30, 0x81, 0x3F, 0xA7,
    0x09, 0x0C, 0x4B, 0x8D, 0x0A, 0x9A, 0x04, 0xE8, 0x23, 0xB3, 0xD6, 0x62, 0x5F, 0x8C, 0xBB, 0xB8,
    0x2B, 0xD5, 0x78, 0x6C, 0xC4, 0xB0, 0x92, 0xC8, 0x99, 0x60, 0xCE, 0x6E, 0x9D, 0x29, 0x99, 0x80,
    0x54, 0x12, 0xC1, 0x93, 0x3A, 0x13, 0x17, 0x24, 0xE0, 0x4C, 0xEE, 0x22, 0x4F, 0x78, 0x17, 0x5F,
    0x9C, 0x19, 0x01, 0x4B, 0x67, 0x86, 0x60, 0x41, 0x4F, 0x80, 0x83, 0x96, 0x0D, 0x13, 0x15, 0x62,
    0x72, 0xA2, 0xE3, 0xF5, 0x5E, 0x4C, 0x2A, 0xCD, 0xC6, 0xD2, 0x1A, 0xD3, 0x01, 0xFE, 0x42, 0x6E,
    0xEA, 0xE3, 0x91, 0x3E, 0x16, 0xB3, 0x27, 0xCE, 0xF2, 0x20, 0x2C, 0x85, 0x48, 0xFE, 0xF7, 0x5B,
    0xFB, 0x47, 0x47, 0x87, 0x98, 0x59, 0x8E, 0xE4, 0xC1, 0xF6, 0xF6, 0x96, 0x66, 0x64, 0xA7, 0x72,
    0xA7, 0x63, 0xC9, 0x7A, 0x58, 0x9F, 0x14, 0x05, 0x76, 0x09, 0xB6, 0x26, 0x5D, 0x48, 0xFD, 0x4C,
    0xF6, 0x36, 0x9F, 0xC0, 0x16, 0x4B, 0xEC, 0x90, 0x69, 0x78, 0x51, 0x22, 0xF8, 0x66, 0x10, 0x5C,
    0xE6, 0xF0, 0xE9, 0xEE, 0xDD, 0x70, 0xD5, 0xCE, 0x13, 0x6F, 0xE0, 0x1F, 0x22, 0xB2, 0x26, 0x6D,
    0x90, 0x7E, 0xAA, 0x9A, 0xDD, 0x62, 0x08, 0x3B, 0x0F, 0xCD, 0x14, 0x59, 0x11, 0x98, 0x13, 0xEA,
    0x22, 0xE0, 0x7E, 0x66, 0x42, 0xB3, 0x17, 0x5E, 0x55, 0x49, 0x9E, 0xD9, 0x73, 0xDB, 0x20, 0xE2,
    0xCB, 0x0B, 0xAC, 0x5E, 0x29, 0xB3, 0x5B, 0x03, 0xAF, 0x2D, 0x84, 0x83, 0xD2, 0x15, 0xCA, 0x12,
    0x31, 0x16, 0x32, 0x59, 0x2E, 0xB8, 0x25, 0x45, 0x3E, 0x82, 0xCC, 0xD0, 0xF5, 0x31, 0x68, 0xD7,
    0x84, 0x6B, 0x0C, 0x19, 0xBB, 0x56, 0xB7, 0xC1, 0x70, 0x19, 0xC3, 0x3D, 0xD5, 0x1C, 0x21, 0xF5,
    0x2B, 0xAA, 0x5E, 0xBD, 0x86, 0x38, 0x53, 0x27, 0x7D, 0xBE, 0xC4, 0x41, 0x6C, 0x9F, 0xCD, 0x37,
    0xA3, 0x9F, 0x66, 0xE0, 0x73, 0x2E, 0x58, 0x87, 0x7F, 0x80, 0x3C, 0x6E, 0xFC, 0x72, 0xB4, 0xFB,
    0xC1, 0x0C, 0x28, 0xEE, 0x75, 0x9C, 0xF2, 0xCD, 0xC7, 0x5C, 0xC7, 0x84, 0x30, 0x17, 0x99, 0x8A,
    0x8C, 0xD0, 0xDB, 0xD9, 0x06, 0x36, 0x5D, 0x15, 0xDB, 0xD7, 0x2F, 0xC9, 0xF9, 0x06, 0xEF, 0x7E,
    0x7C, 0xD6, 0xE2, 0xA5, 0xE0, 0x9E, 0x4B, 0xF1, 0x1A, 0x78, 0x58, 0x61, 0xCD, 0x7E, 0xF4, 0x66,
    0xDF, 0x11, 0xB3, 0xC2, 0xF8, 0x9A, 0x61, 0xB8, 0x77, 0x07, 0x47, 0xCE, 0x9D, 0xA7, 0x7A, 0xCF,
    0x9C, 0x32, 0xD5, 0x69, 0x8D, 0x2B, 0xE2, 0xBB, 0x74, 0xA3, 0x7B, 0x23, 0x93, 0x2C, 0xE9, 0x64,
    0xB0, 0xBF, 0x44, 0xC2, 0xBF, 0x19, 0xBD, 0xEE, 0xB7, 0x3D, 0xAC, 0xFA, 0xAD, 0x5E, 0xDE, 0x4C,
    0x9C, 0x9D, 0x08, 0x1A, 0x6D, 0xB6, 0xC9, 0x25, 0x8C, 0x23, 0x1F, 0xCA, 0x30, 0xF4, 0x36, 0xBB,
    0x0B, 0x2A, 0x38, 0x11, 0xA9, 0x0E, 0x45, 0xE3, 0x99, 0x7A, 0x52, 0x91, 0xB5, 0x8B, 0x55, 0x79,
    0x95, 0x8B, 0xBA, 0x90, 0x59, 0xC9, 0x35, 0x15, 0xAE, 0x32, 0x90, 0x49, 0xDC, 0x4E, 0x65, 0x20,
    0x23, 0x52, 0x20, 0xB7, 0xF3, 0x19, 0xAC, 0x6C, 0xF4, 0xD0, 0x0D, 0xC6, 0xB2, 0x61, 0xDE, 0xF1,
    0xB8, 0x9B, 0x9B, 0x0C, 0xEE, 0x84, 0xAB, 0x92, 0x4D, 0x25, 0xB9, 0xC6, 0x6E, 0x13, 0x94, 0x32,
    0x26, 0x39, 0xE5, 0x66, 0xE0, 0x72, 0xF2, 0x23, 0xD2, 0x6A, 0x47, 0xE5, 0xA0, 0x6A, 0x8E, 0xF5,
    0xEB, 0xC3, 0xA3, 0xA0, 0x07, 0x01, 0x51, 0xA9, 0xD2, 0x76, 0xE7, 0x4A, 0x06, 0x27, 0xD2, 0xD5,
    0x8E, 0x93, 0xCA, 0x31, 0xD8, 0xB0, 0x8A, 0x9B, 0xC7, 0xC2, 0xE9, 0x71, 0xCD, 0x5E, 0xFF, 0x0F,
    0x74, 0xE8, 0xD0, 0xA1, 0x43, 0x87, 0x0E, 0x1D, 0x3A, 0x74, 0xB8, 0x45, 0xD7, 0x74, 0xE8, 0x6E,
    0x5A, 0x74, 0xE8, 0xD0, 0xA1, 0x43, 0x87, 0x0E, 0x1D, 0x3A, 0x74, 0xB8, 0x9B, 0xE8, 0xEE, 0xF1,
    0xA7, 0xE8, 0x86, 0xF2, 0x75, 0x14, 0x74, 0x49, 0x7E, 0xEA, 0xD0, 0x45, 0x17, 0x0B, 0x47, 0xCC,
    0xE7, 0x97, 0xC5, 0x31, 0x94, 0x83, 0x21, 0xE8, 0x3C, 0x49, 0x2B, 0xE8, 0x22, 0x7E, 0xD3, 0x14,
    0x5D, 0xFA, 0xA2, 0x74, 0xE8, 0x6E, 0xD8, 0xB6, 0xA2, 0xAB, 0x28, 0x44, 0x45, 0x97, 0xF3, 0x74,
    0xDD, 0x09, 0x74, 0x79, 0x8B, 0x8E, 0xC6, 0xA9, 0x8E, 0x0E, 0x4E, 0x75, 0x59, 0xA7, 0xBA, 0xBA,
    0x55, 0x9D, 0xC4, 0x54, 0x62, 0x71, 0x87, 0x2E, 0x6B, 0xD1, 0x69, 0x4C, 0x41, 0xA7, 0x69, 0x05,
    0x9D, 0xA6, 0x15, 0x74, 0x59, 0xA7, 0xBA, 0xBA, 0x55, 0x9D, 0xBE, 0x22, 0xE8, 0x7C, 0xF3, 0x8F,
    0xD1, 0xFD, 0x01,
};

static const EpdGlyph inter_12_italicGlyphs[] = {
    { 0, 0, 182, 0, 0, 0, 0 }, // U+0000
    { 0, 0, 110, 0, 0, 0, 0 }, // U+0020
    { 7, 20, 109, 0, 19, 35, 0 }, // !
    { 8, 8, 181, 3, 19, 16, 35 }, // "
    { 16, 19, 250, 0, 19, 76, 51 }, // #
    { 16, 24, 254, 0, 21, 96, 127 }, // $
    { 19, 20, 380, 3, 19, 95, 223 }, // %
    { 15, 20, 272, 0, 19, 75, 318 }, // &
    { 4, 8, 116, 3, 19, 8, 393 }, // '
    { 8, 24, 140, 2, 20, 48, 401 }, // (
    { 8, 24, 140, -1, 20, 48, 449 }, // )
    { 11, 12, 197, 2, 19, 33, 497 }, // *
    { 13, 12, 262, 2, 13, 39, 530 }, // +
    { 6, 8, 109, -1, 3, 12, 569 }, // ,
    { 9, 3, 182, 1, 9, 7, 581 }, // -
    { 5, 5, 109, 0, 4, 7, 588 }, // .
    { 13, 23, 141, -2, 20, 75, 595 }, // /
    { 15, 20, 251, 1, 19, 75, 670 }, // 0
    { 8, 19, 159, 2, 19, 38, 745 }, // 1
    { 15, 19, 239, 0, 19, 72, 783 }, // 2
    { 15, 20, 245, 0, 19, 75, 855 }, // 3
    { 15, 19, 256, 0, 19, 72, 930 }, // 4
    { 15, 20, 236, 0, 19, 75, 1002 }, // 5
    { 14, 20, 244, 1, 19, 70, 1077 }, // 6
    { 14, 19, 222, 1, 19, 67, 1147 }, // 7
    { 15, 20, 244, 0, 19, 75, 1214 }, // 8
    { 14, 20, 245, 1, 19, 70, 1289 }, // 9
    { 6, 15, 109, 0, 14, 23, 1359 }, // :
    { 8, 19, 113, -1, 14, 38, 1382 }, // ;
    { 13, 14, 262, 2, 14, 46, 1420 }, // <
    { 13, 8, 262, 2, 11, 26, 1466 }, // =
    { 14, 14, 262, 1, 14, 49, 1492 }, // >
    { 12, 20, 206, 2, 19, 60, 1541 }, // ?
    { 24, 23, 387, 0, 18, 138, 1601 }, // @
    { 17, 19, 273, -1, 19, 81, 1739 }, // A
    { 16, 19, 260, 0, 19, 76, 1820 }, // B
    { 17, 20, 291, 1, 19, 85, 1896 }, // C
    { 18, 19, 286, 0, 19, 86, 1981 }, // D
    { 16, 19, 238, 0, 19, 76, 2067 }, // E
    { 16, 19, 233, 0, 19, 76, 2143 }, // F
    { 17, 20, 297, 1, 19, 85, 2219 }, // G
    { 19, 19, 294, 0, 19, 91, 2304 }, // H
    { 7, 19, 104, 0, 19, 34, 2395 }, // I
    { 14, 20, 225, 0, 19, 70, 2429 }, // J
    { 18, 19, 265, 0, 19, 86, 2499 }, // K
    { 13, 19, 223, 0, 19, 62, 2585 }, // L
    { 23, 19, 357, 0, 19, 110, 2647 }, // M
    { 19, 19, 297, 0, 19, 91, 2757 }, // N
    { 18, 20, 304, 1, 19, 90, 2848 }, // O
    { 16, 19, 253, 0, 19, 76, 2938 }, // P
    { 18, 21, 304, 1, 19, 95, 3014 }, // Q
    { 16, 19, 256, 0, 19, 76, 3109 }, // R
    { 16, 20, 254, 0, 19, 80, 3185 }, // S
    { 15, 19, 255, 2, 19, 72, 3265 }, // T
    { 18, 20, 294, 1, 19, 90, 3337 }, // U
    { 17, 19, 273, 2, 19, 81, 3427 }, // V
    { 24, 19, 391, 2, 19, 114, 3508 }, // W
    { 19, 19, 270, -1, 19, 91, 3622 }, // X
    { 17, 19, 268, 2, 19, 81, 3713 }, // Y
    { 16, 19, 249, 0, 19, 76, 3794 }, // Z
    { 10, 24, 140, 0, 20, 60, 3870 }, // [
    { 5, 23, 141, 2, 20, 29, 3930 }, // <backslash>
    { 10, 24, 140, -1, 20, 60, 3959 }, // ]
    { 11, 9, 186, 1, 18, 25, 4019 }, // ^
    { 13, 3, 182, -2, 0, 10, 4044 }, // _
    { 5, 4, 121, 3, 19, 5, 4054 }, // `
    { 15, 15, 241, 0, 14, 57, 4059 }, // a
    { 14, 20, 241, 0, 19, 70, 4116 }, // b
    { 13, 15, 224, 1, 14, 49, 4186 }, // c
    { 15, 20, 241, 1, 19, 75, 4235 }, // d
    { 12, 15, 226, 1, 14, 45, 4310 }, // e
    { 14, 25, 143, -3, 19, 88, 4355 }, // f
    { 15, 20, 241, 0, 14, 75, 4443 }, // g
    { 14, 19, 233, 0, 19, 67, 4518 }, // h
    { 7, 19, 94, 0, 19, 34, 4585 }, // i
    { 10, 25, 94, -3, 19, 63, 4619 }, // j
    { 14, 19, 216, 0, 19, 67, 4682 }, // k
    { 6, 19, 94, 0, 19, 29, 4749 }, // l
    { 21, 14, 347, 0, 14, 74, 4778 }, // m
    { 14, 14, 233, 0, 14, 49, 4852 }, // n
    { 13, 15, 235, 1, 14, 49, 4901 }, // o
    { 15, 20, 241, -1, 14, 75, 4950 }, // p
    { 14, 20, 241, 1, 14, 70, 5025 }, // q
    { 10, 14, 146, 0, 14, 35, 5095 }, // r
    { 13, 15, 206, 0, 14, 49, 5130 }, // s
    { 8, 18, 130, 1, 17, 36, 5179 }, // t
    { 13, 15, 233, 1, 14, 49, 5215 }, // u
    { 14, 14, 220, 1, 14, 49, 5264 }, // v
    { 20, 14, 321, 1, 14, 70, 5313 }, // w
    { 15, 14, 215, -1, 14, 53, 5383 }, // x
    { 16, 20, 220, -1, 14, 80, 5436 }, // y
    { 13, 14, 214, 0, 14, 46, 5516 }, // z
    { 11, 24, 167, 1, 20, 66, 5562 }, // {
    { 7, 31, 130, 1, 25, 55, 5628 }, // |
    { 11, 24, 167, -1, 20, 66, 5683 }, // }
    { 14, 6, 262, 1, 10, 21, 5749 }, // ~
    { 0, 0, 110, 0, 0, 0, 0 }, // U+00A0
    { 7, 19, 110, 0, 14, 34, 0 }, // U+00A1
    { 13, 19, 224, 1, 19, 62, 34 }, // U+00A2
    { 16, 19, 242, 0, 19, 76, 96 }, // U+00A3
    { 18, 17, 287, 0, 16, 77, 172 }, // U+00A4
    { 15, 19, 217, 1, 19, 72, 249 }, // U+00A5
    { 7, 23, 105, 0, 19, 41, 321 }, // U+00A6
    { 14, 23, 224, 0, 19, 81, 362 }, // U+00A7
    { 10, 4, 233, 4, 19, 10, 443 }, // U+00A8
    { 20, 20, 363, 2, 19, 100, 453 }, // U+00A9
    { 11, 12, 179, 1, 19, 33, 553 }, // U+00AA
    { 14, 13, 228, 1, 14, 46, 586 }, // U+00AB
    { 12, 7, 262, 2, 10, 21, 632 }, // U+00AC
    { 16, 15, 263, 1, 19, 60, 653 }, // U+00AE
    { 9, 2, 185, 3, 18, 5, 713 }, // U+00AF
    { 9, 9, 179, 2, 19, 21, 718 }, // U+00B0
    { 14, 14, 262, 1, 14, 49, 739 }, // U+00B1
    { 10, 11, 172, 2, 21, 28, 788 }, // U+00B2
    { 10, 11, 174, 2, 21, 28, 816 }, // U+00B3
    { 6, 4, 82, 1, 19, 6, 844 }, // U+00B4
    { 15, 20, 232, -1, 14, 75, 850 }, // U+00B5
    { 14, 19, 238, 1, 19, 67, 925 }, // U+00B6
    { 4, 5, 109, 2, 11, 5, 992 }, // U+00B7
    { 6, 7, 104, -1, 1, 11, 997 }, // U+00B8
    { 7, 11, 118, 2, 21, 20, 1008 }, // U+00B9
    { 12, 12, 190, 1, 19, 36, 1028 }, // U+00BA
    { 14, 13, 228, 0, 14, 46, 1064 }, // U+00BB
    { 19, 19, 310, 0, 19, 91, 1110 }, // U+00BC
    { 20, 19, 330, 0, 19, 95, 1201 }, // U+00BD
    { 20, 19, 342, 1, 19, 95, 1296 }, // U+00BE
    { 12, 19, 200, -1, 14, 57, 1391 }, // U+00BF
    { 17, 24, 273, -1, 24, 102, 1448 }, // U+00C0
    { 17, 24, 273, -1, 24, 102, 1550 }, // U+00C1
    { 17, 24, 273, -1, 24, 102, 1652 }, // U+00C2
    { 17, 24, 273, -1, 24, 102, 1754 }, // U+00C3
    { 17, 24, 273, -1, 24, 102, 1856 }, // U+00C4
    { 17, 25, 273, -1, 25, 107, 1958 }, // U+00C5
    { 26, 19, 393, -1, 19, 124, 2065 }, // U+00C6
    { 17, 25, 291, 1, 19, 107, 2189 }, // U+00C7
    { 16, 24, 238, 0, 24, 96, 2296 }, // U+00C8
    { 16, 24, 238, 0, 24, 96, 2392 }, // U+00C9
    { 16, 24, 238, 0, 24, 96, 2488 }, // U+00CA
    { 16, 24, 238, 0, 24, 96, 2584 }, // U+00CB
    { 7, 24, 104, 0, 24, 42, 2680 }, // U+00CC
    { 10, 24, 104, 0, 24, 60, 2722 }, // U+00CD
    { 10, 24, 104, 0, 24, 60, 2782 }, // U+00CE
    { 10, 24, 104, 0, 24, 60, 2842 }, // U+00CF
    { 18, 19, 293, 0, 19, 86, 2902 }, // U+00D0
    { 19, 24, 297, 0, 24, 114, 2988 }, // U+00D1
    { 18, 25, 304, 1, 24, 113, 3102 }, // U+00D2
    { 18, 25, 304, 1, 24, 113, 3215 }, // U+00D3
    { 18, 25, 304, 1, 24, 113, 3328 }, // U+00D4
    { 18, 25, 304, 1, 24, 113, 3441 }, // U+00D5
    { 18, 25, 304, 1, 24, 113, 3554 }, // U+00D6
    { 14, 12, 262, 1, 13, 42, 3667 }, // U+00D7
    { 18, 20, 304, 1, 19, 90, 3709 }, // U+00D8
    { 18, 25, 294, 1, 24, 113, 3799 }, // U+00D9
    { 18, 25, 294, 1, 24, 113, 3912 }, // U+00DA
    { 18, 25, 294, 1, 24, 113, 4025 }, // U+00DB
    { 18, 25, 294, 1, 24, 113, 4138 }, // U+00DC
    { 17, 24, 268, 2, 24, 102, 4251 }, // U+00DD
    { 15, 19, 251, 0, 19, 72, 4353 }, // U+00DE
    { 15, 19, 243, 0, 19, 72, 4425 }, // U+00DF
    { 15, 20, 241, 0, 19, 75, 4497 }, // U+00E0
    { 15, 20, 241, 0, 19, 75, 4572 }, // U+00E1
    { 15, 20, 241, 0, 19, 75, 4647 }, // U+00E2
    { 15, 20, 241, 0, 19, 75, 4722 }, // U+00E3
    { 15, 20, 241, 0, 19, 75, 4797 }, // U+00E4
    { 15, 22, 241, 0, 21, 83, 4872 }, // U+00E5
    { 22, 15, 359, 0, 14, 83, 4955 }, // U+00E6
    { 13, 20, 224, 1, 14, 65, 5038 }, // U+00E7
    { 12, 20, 226, 1, 19, 60, 5103 }, // U+00E8
    { 12, 20, 226, 1, 19, 60, 5163 }, // U+00E9
    { 12, 20, 226, 1, 19, 60, 5223 }, // U+00EA
    { 13, 20, 226, 1, 19, 65, 5283 }, // U+00EB
    { 6, 19, 94, 0, 19, 29, 5348 }, // U+00EC
    { 9, 19, 94, 0, 19, 43, 5377 }, // U+00ED
    { 9, 19, 94, 0, 19, 43, 5420 }, // U+00EE
    { 9, 19, 94, 0, 19, 43, 5463 }, // U+00EF
    { 14, 21, 230, 0, 20, 74, 5506 }, // U+00F0
    { 14, 19, 233, 0, 19, 67, 5580 }, // U+00F1
    { 13, 20, 235, 1, 19, 65, 5647 }, // U+00F2
    { 13, 20, 235, 1, 19, 65, 5712 }, // U+00F3
    { 13, 20, 235, 1, 19, 65, 5777 }, // U+00F4
    { 13, 20, 235, 1, 19, 65, 5842 }, // U+00F5
    { 13, 20, 235, 1, 19, 65, 5907 }, // U+00F6
    { 13, 14, 262, 2, 14, 46, 5972 }, // U+00F7
    { 16, 16, 235, -1, 15, 64, 6018 }, // U+00F8
    { 13, 20, 233, 1, 19, 65, 6082 }, // U+00F9
    { 13, 20, 233, 1, 19, 65, 6147 }, // U+00FA
    { 13, 20, 233, 1, 19, 65, 6212 }, // U+00FB
    { 13, 20, 233, 1, 19, 65, 6277 }, // U+00FC
    { 16, 25, 220, -1, 19, 100, 6342 }, // U+00FD
    { 16, 25, 241, -1, 19, 100, 6442 }, // U+00FE
    { 16, 25, 220, -1, 19, 100, 6542 }, // U+00FF
    { 17, 23, 273, -1, 23, 98, 0 }, // U+0100
    { 15, 19, 241, 0, 18, 72, 98 }, // U+0101
    { 17, 24, 273, -1, 24, 102, 170 }, // U+0102
    { 15, 20, 241, 0, 19, 75, 272 }, // U+0103
    { 17, 25, 273, -1, 19, 107, 347 }, // U+0104
    { 15, 20, 241, 0, 14, 75, 454 }, // U+0105
    { 17, 25, 291, 1, 24, 107, 529 }, // U+0106
    { 13, 20, 224, 1, 19, 65, 636 }, // U+0107
    { 17, 25, 291, 1, 24, 107, 701 }, // U+0108
    { 13, 20, 224, 1, 19, 65, 808 }, // U+0109
    { 17, 25, 291, 1, 24, 107, 873 }, // U+010A
    { 13, 20, 224, 1, 19, 65, 980 }, // U+010B
    { 17, 25, 291, 1, 24, 107, 1045 }, // U+010C
    { 13, 20, 224, 1, 19, 65, 1152 }, // U+010D
    { 18, 24, 286, 0, 24, 108, 1217 }, // U+010E
    { 19, 21, 271, 1, 20, 100, 1325 }, // U+010F
    { 18, 19, 293, 0, 19, 86, 1425 }, // U+0110
    { 16, 20, 241, 1, 19, 80, 1511 }, // U+0111
    { 16, 23, 238, 0, 23, 92, 1591 }, // U+0112
    { 12, 19, 226, 1, 18, 57, 1683 }, // U+0113
    { 16, 24, 238, 0, 24, 96, 1740 }, // U+0114
    { 12, 20, 226, 1, 19, 60, 1836 }, // U+0115
    { 16, 24, 238, 0, 24, 96, 1896 }, // U+0116
    { 12, 20, 226, 1, 19, 60, 1992 }, // U+0117
    { 16, 25, 238, 0, 19, 100, 2052 }, // U+0118
    { 12, 20, 226, 1, 14, 60, 2152 }, // U+0119
    { 16, 24, 238, 0, 24, 96, 2212 }, // U+011A
    { 13, 20, 226, 1, 19, 65, 2308 }, // U+011B
    { 17, 25, 297, 1, 24, 107, 2373 }, // U+011C
    { 15, 25, 241, 0, 19, 94, 2480 }, // U+011D
    { 17, 25, 297, 1, 24, 107, 2574 }, // U+011E
    { 15, 25, 241, 0, 19, 94, 2681 }, // U+011F
    { 17, 25, 297, 1, 24, 107, 2775 }, // U+0120
    { 15, 25, 241, 0, 19, 94, 2882 }, // U+0121
    { 17, 26, 297, 1, 19, 111, 2976 }, // U+0122
    { 15, 27, 241, 0, 21, 102, 3087 }, // U+0123
    { 19, 24, 294, 0, 24, 114, 3189 }, // U+0124
    { 14, 24, 233, 0, 24, 84, 3303 }, // U+0125
    { 19, 19, 307, 1, 19, 91, 3387 }, // U+0126
    { 14, 19, 233, 0, 19, 67, 3478 }, // U+0127
    { 10, 24, 104, 0, 24, 60, 3545 }, // U+0128
    { 9, 19, 94, 0, 19, 43, 3605 }, // U+0129
    { 10, 23, 104, 0, 23, 58, 3648 }, // U+012A
    { 9, 18, 94, 0, 18, 41, 3706 }, // U+012B
    { 10, 24, 104, 0, 24, 60, 3747 }, // U+012C
    { 9, 19, 94, 0, 19, 43, 3807 }, // U+012D
    { 9, 25, 104, -2, 19, 57, 3850 }, // U+012E
    { 9, 25, 94, -2, 19, 57, 3907 }, // U+012F
    { 8, 24, 104, 0, 24, 48, 3964 }, // U+0130
    { 6, 14, 94, 0, 14, 21, 4012 }, // U+0131
    { 21, 20, 329, 0, 19, 105, 4033 }, // U+0132
    { 13, 25, 188, 0, 19, 82, 4138 }, // U+0133
    { 17, 25, 225, 0, 24, 107, 4220 }, // U+0134
    { 12, 25, 94, -3, 19, 75, 4327 }, // U+0135
    { 18, 26, 265, 0, 19, 117, 4402 }, // U+0136
    { 14, 26, 216, 0, 19, 91, 4519 }, // U+0137
    { 14, 14, 207, 0, 14, 49, 4610 }, // U+0138
    { 13, 24, 223, 0, 24, 78, 4659 }, // U+0139
    { 9, 24, 94, 0, 24, 54, 4737 }, // U+013A
    { 13, 26, 223, 0, 19, 85, 4791 }, // U+013B
    { 8, 26, 94, -2, 19, 52, 4876 }, // U+013C
    { 13, 20, 223, 0, 20, 65, 4928 }, // U+013D
    { 10, 20, 119, 0, 20, 50, 4993 }, // U+013E
    { 13, 19, 222, 0, 19, 62, 5043 }, // U+013F
    { 10, 19, 141, 0, 19, 48, 5105 }, // U+0140
    { 13, 19, 223, 0, 19, 62, 5153 }, // U+0141
    { 9, 19, 94, -1, 19, 43, 5215 }, // U+0142
    { 19, 24, 297, 0, 24, 114, 5258 }, // U+0143
    { 14, 19, 233, 0, 19, 67, 5372 }, // U+0144
    { 19, 26, 297, 0, 19, 124, 5439 }, // U+0145
    { 14, 21, 233, 0, 14, 74, 5563 }, // U+0146
    { 19, 24, 297, 0, 24, 114, 5637 }, // U+0147
    { 14, 19, 233, 0, 19, 67, 5751 }, // U+0148
    { 19, 25, 297, 0, 19, 119, 5818 }, // U+014A
    { 14, 20, 233, 0, 14, 70, 5937 }, // U+014B
    { 18, 24, 304, 1, 23, 108, 6007 }, // U+014C
    { 13, 19, 235, 1, 18, 62, 6115 }, // U+014D
    { 18, 25, 304, 1, 24, 113, 6177 }, // U+014E
    { 13, 20, 235, 1, 19, 65, 6290 }, // U+014F
    { 18, 25, 304, 1, 24, 113, 6355 }, // U+0150
    { 13, 20, 235, 1, 19, 65, 6468 }, // U+0151
    { 24, 19, 385, 1, 19, 114, 6533 }, // U+0152
    { 23, 15, 390, 1, 14, 87, 6647 }, // U+0153
    { 16, 24, 256, 0, 24, 96, 6734 }, // U+0154
    { 11, 19, 146, 0, 19, 53, 6830 }, // U+0155
    { 16, 26, 256, 0, 19, 104, 6883 }, // U+0156
    { 12, 21, 146, -2, 14, 63, 6987 }, // U+0157
    { 16, 24, 256, 0, 24, 96, 7050 }, // U+0158
    { 11, 19, 146, 0, 19, 53, 7146 }, // U+0159
    { 16, 25, 254, 0, 24, 100, 7199 }, // U+015A
    { 13, 20, 206, 0, 19, 65, 7299 }, // U+015B
    { 16, 25, 254, 0, 24, 100, 7364 }, // U+015C
    { 13, 20, 206, 0, 19, 65, 7464 }, // U+015D
    { 16, 25, 254, 0, 19, 100, 7529 }, // U+015E
    { 13, 20, 206, 0, 14, 65, 7629 }, // U+015F
    { 16, 25, 254, 0, 24, 100, 7694 }, // U+0160
    { 13, 20, 206, 0, 19, 65, 7794 }, // U+0161
    { 15, 25, 255, 2, 19, 94, 7859 }, // U+0162
    { 8, 23, 130, 1, 17, 46, 7953 }, // U+0163
    { 15, 24, 255, 2, 24, 90, 7999 }, // U+0164
    { 10, 22, 130, 1, 21, 55, 8089 }, // U+0165
    { 15, 19, 255, 2, 19, 72, 8144 }, // U+0166
    { 9, 18, 130, 0, 17, 41, 8216 }, // U+0167
    { 18, 25, 294, 1, 24, 113, 8257 }, // U+0168
    { 13, 20, 233, 1, 19, 65, 8370 }, // U+0169
    { 18, 24, 294, 1, 23, 108, 8435 }, // U+016A
    { 13, 19, 233, 1, 18, 62, 8543 }, // U+016B
    { 18, 25, 294, 1, 24, 113, 8605 }, // U+016C
    { 13, 20, 233, 1, 19, 65, 8718 }, // U+016D
    { 18, 26, 294, 1, 25, 117, 8783 }, // U+016E
    { 13, 22, 233, 1, 21, 72, 8900 }, // U+016F
    { 18, 25, 294, 1, 24, 113, 8972 }, // U+0170
    { 13, 20, 233, 1, 19, 65, 9085 }, // U+0171
    { 18, 25, 294, 1, 19, 113, 9150 }, // U+0172
    { 13, 20, 233, 1, 14, 65, 9263 }, // U+0173
    { 24, 24, 391, 2, 24, 144, 9328 }, // U+0174
    { 20, 19, 321, 1, 19, 95, 9472 }, // U+0175
    { 17, 24, 268, 2, 24, 102, 9567 }, // U+0176
    { 16, 25, 220, -1, 19, 100, 9669 }, // U+0177
    { 17, 24, 268, 2, 24, 102, 9769 }, // U+0178
    { 16, 24, 249, 0, 24, 96, 9871 }, // U+0179
    { 13, 19, 214, 0, 19, 62, 9967 }, // U+017A
    { 16, 24, 249, 0, 24, 96, 10029 }, // U+017B
    { 13, 19, 214, 0, 19, 62, 10125 }, // U+017C
    { 16, 24, 249, 0, 24, 96, 10187 }, // U+017D
    { 13, 19, 214, 0, 19, 62, 10283 }, // U+017E
    { 14, 25, 120, -4, 19, 88, 10345 }, // U+017F
    { 31, 19, 500, 0, 19, 148, 0 }, // U+01C5
    { 25, 20, 421, 1, 19, 125, 148 }, // U+01C6
    { 28, 20, 449, 0, 19, 140, 273 }, // U+01C7
    { 21, 25, 317, 0, 19, 132, 413 }, // U+01C8
    { 13, 25, 187, 0, 19, 82, 545 }, // U+01C9
    { 33, 20, 523, 0, 19, 165, 627 }, // U+01CA
    { 25, 25, 391, 0, 19, 157, 792 }, // U+01CB
    { 21, 25, 326, 0, 19, 132, 949 }, // U+01CC
    { 17, 24, 273, -1, 24, 102, 1081 }, // U+01CD
    { 15, 20, 241, 0, 19, 75, 1183 }, // U+01CE
    { 10, 24, 104, 0, 24, 60, 1258 }, // U+01CF
    { 9, 19, 94, 0, 19, 43, 1318 }, // U+01D0
    { 18, 25, 304, 1, 24, 113, 1361 }, // U+01D1
    { 13, 20, 235, 1, 19, 65, 1474 }, // U+01D2
    { 18, 25, 294, 1, 24, 113, 1539 }, // U+01D3
    { 13, 20, 233, 1, 19, 65, 1652 }, // U+01D4
    { 18, 28, 294, 1, 27, 126, 1717 }, // U+01D5
    { 13, 23, 233, 1, 22, 75, 1843 }, // U+01D6
    { 18, 29, 294, 1, 28, 131, 1918 }, // U+01D7
    { 13, 24, 233, 1, 23, 78, 2049 }, // U+01D8
    { 18, 29, 294, 1, 28, 131, 2127 }, // U+01D9
    { 13, 24, 233, 1, 23, 78, 2258 }, // U+01DA
    { 18, 29, 294, 1, 28, 131, 2336 }, // U+01DB
    { 13, 24, 233, 1, 23, 78, 2467 }, // U+01DC
    { 13, 15, 226, 1, 14, 49, 2545 }, // U+01DD
    { 17, 27, 273, -1, 27, 115, 2594 }, // U+01DE
    { 15, 23, 241, 0, 22, 87, 2709 }, // U+01DF
    { 17, 27, 273, -1, 27, 115, 2796 }, // U+01E0
    { 15, 23, 241, 0, 22, 87, 2911 }, // U+01E1
    { 26, 23, 393, -1, 23, 150, 2998 }, // U+01E2
    { 22, 19, 359, 0, 18, 105, 3148 }, // U+01E3
    { 17, 20, 297, 1, 19, 85, 3253 }, // U+01E4
    { 17, 20, 241, 0, 14, 85, 3338 }, // U+01E5
    { 17, 25, 297, 1, 24, 107, 3423 }, // U+01E6
    { 15, 25, 241, 0, 19, 94, 3530 }, // U+01E7
    { 18, 24, 265, 0, 24, 108, 3624 }, // U+01E8
    { 14, 24, 216, 0, 24, 84, 3732 }, // U+01E9
    { 18, 25, 304, 1, 19, 113, 3816 }, // U+01EA
    { 13, 20, 235, 1, 14, 65, 3929 }, // U+01EB
    { 18, 29, 304, 1, 23, 131, 3994 }, // U+01EC
    { 13, 24, 235, 1, 18, 78, 4125 }, // U+01ED
    { 18, 32, 270, -1, 26, 144, 4203 }, // U+01EE
    { 15, 25, 246, 0, 19, 94, 4347 }, // U+01EF
    { 12, 25, 94, -3, 19, 75, 4441 }, // U+01F0
    { 34, 19, 534, 0, 19, 162, 4516 }, // U+01F1
    { 31, 19, 500, 0, 19, 148, 4678 }, // U+01F2
    { 25, 20, 421, 1, 19, 125, 4826 }, // U+01F3
    { 17, 25, 297, 1, 24, 107, 4951 }, // U+01F4
    { 15, 25, 241, 0, 19, 94, 5058 }, // U+01F5
    { 27, 20, 440, 0, 19, 135, 5152 }, // U+01F6
    { 17, 25, 251, -1, 19, 107, 5287 }, // U+01F7
    { 19, 24, 297, 0, 24, 114, 5394 }, // U+01F8
    { 14, 19, 233, 0, 19, 67, 5508 }, // U+01F9
    { 17, 28, 273, -1, 28, 119, 5575 }, // U+01FA
    { 15, 24, 241, 0, 23, 90, 5694 }, // U+01FB
    { 26, 24, 393, -1, 24, 156, 5784 }, // U+01FC
    { 22, 20, 359, 0, 19, 110, 5940 }, // U+01FD
    { 18, 25, 304, 1, 24, 113, 6050 }, // U+01FE
    { 16, 20, 235, -1, 19, 80, 6163 }, // U+01FF
    { 17, 24, 273, -1, 24, 102, 6243 }, // U+0200
    { 15, 20, 241, 0, 19, 75, 6345 }, // U+0201
    { 17, 25, 273, -1, 25, 107, 6420 }, // U+0202
    { 15, 21, 241, 0, 20, 79, 6527 }, // U+0203
    { 16, 24, 238, 0, 24, 96, 6606 }, // U+0204
    { 12, 20, 226, 1, 19, 60, 6702 }, // U+0205
    { 16, 25, 238, 0, 25, 100, 6762 }, // U+0206
    { 12, 21, 226, 1, 20, 63, 6862 }, // U+0207
    { 9, 24, 104, 0, 24, 54, 6925 }, // U+0208
    { 9, 19, 94, -1, 19, 43, 6979 }, // U+0209
    { 10, 25, 104, 0, 25, 63, 7022 }, // U+020A
    { 9, 20, 94, 0, 20, 45, 7085 }, // U+020B
    { 18, 25, 304, 1, 24, 113, 7130 }, // U+020C
    { 13, 20, 235, 1, 19, 65, 7243 }, // U+020D
    { 18, 26, 304, 1, 25, 117, 7308 }, // U+020E
    { 13, 21, 235, 1, 20, 69, 7425 }, // U+020F
    { 16, 24, 256, 0, 24, 96, 7494 }, // U+0210
    { 10, 19, 146, 0, 19, 48, 7590 }, // U+0211
    { 16, 25, 256, 0, 25, 100, 7638 }, // U+0212
    { 11, 20, 146, 0, 20, 55, 7738 }, // U+0213
    { 18, 25, 294, 1, 24, 113, 7793 }, // U+0214
    { 13, 20, 233, 1, 19, 65, 7906 }, // U+0215
    { 18, 26, 294, 1, 25, 117, 7971 }, // U+0216
    { 13, 21, 233, 1, 20, 69, 8088 }, // U+0217
    { 16, 26, 254, 0, 19, 104, 8157 }, // U+0218
    { 13, 21, 206, 0, 14, 69, 8261 }, // U+0219
    { 15, 26, 255, 2, 19, 98, 8330 }, // U+021A
    { 9, 24, 130, 0, 17, 54, 8428 }, // U+021B
    { 16, 25, 250, 0, 19, 100, 8482 }, // U+021C
    { 13, 20, 214, 0, 14, 65, 8582 }, // U+021D
    { 19, 24, 294, 0, 24, 114, 8647 }, // U+021E
    { 14, 24, 233, 0, 24, 84, 8761 }, // U+021F
    { 5, 4, 0, 3, 19, 5, 0 }, // U+0300
    { 6, 4, 0, 1, 19, 6, 5 }, // U+0301
    { 9, 4, 0, 2, 19, 9, 11 }, // U+0302
    { 8, 4, 0, 4, 19, 8, 20 }, // U+0303
    { 9, 2, 0, 3, 18, 5, 28 }, // U+0304
    { 8, 4, 0, 3, 19, 8, 33 }, // U+0306
    { 4, 4, 0, 3, 19, 4, 41 }, // U+0307
    { 10, 4, 0, 4, 19, 10, 45 }, // U+0308
    { 4, 4, 0, 3, 19, 4, 55 }, // U+0309
    { 7, 7, 0, 2, 21, 13, 59 }, // U+030A
    { 9, 4, 0, 3, 19, 9, 72 }, // U+030C
    { 9, 4, 0, 3, 19, 9, 81 }, // U+030F
    { 6, 8, 0, 4, 13, 12, 90 }, // U+0313
    { 6, 8, 0, 4, 13, 12, 102 }, // U+0315
    { 5, 6, 0, -4, 18, 8, 114 }, // U+031B
    { 4, 4, 94, -1, -2, 4, 122 }, // U+0323
    { 5, 6, 0, -12, -1, 8, 126 }, // U+0326
    { 6, 7, 0, -1, 1, 11, 134 }, // U+0327
    { 6, 7, 0, -1, 1, 11, 145 }, // U+0328
    { 9, 4, 0, -1, -2, 9, 156 }, // U+032C
    { 13, 17, 0, -14, 15, 56, 165 }, // U+0337
    { 18, 20, 0, -16, 19, 90, 221 }, // U+0338
    { 8, 4, 0, -9, 19, 8, 311 }, // U+0342
    { 5, 6, 0, 1, 16, 8, 319 }, // U+0343
    { 11, 6, 0, -11, 20, 17, 327 }, // U+0346
    { 9, 6, 0, -14, -3, 14, 344 }, // U+0347
    { 7, 6, 0, -8, 0, 11, 358 }, // U+0348
    { 7, 6, 0, -12, -1, 11, 369 }, // U+0349
    { 10, 6, 0, -11, 20, 15, 380 }, // U+034A
    { 10, 10, 0, -11, 23, 25, 395 }, // U+034B
    { 10, 6, 0, -10, 21, 15, 420 }, // U+034C
    { 11, 6, 0, -14, -1, 17, 435 }, // U+034D
    { 7, 6, 0, -13, -1, 11, 452 }, // U+034E
    { 0, 0, 0, 0, 0, 0, 463 }, // U+034F
    { 10, 10, 0, -10, 25, 25, 463 }, // U+0350
    { 4, 6, 0, -7, 19, 6, 488 }, // U+0351
    { 9, 7, 0, -10, 21, 16, 494 }, // U+0352
    { 8, 7, 0, -12, 0, 14, 510 }, // U+0353
    { 8, 7, 0, -12, 0, 14, 524 }, // U+0354
    { 8, 7, 0, -12, 0, 14, 538 }, // U+0355
    { 14, 7, 0, -14, 0, 25, 552 }, // U+0356
    { 4, 7, 0, 2, 21, 7, 577 }, // U+0357
    { 4, 4, 0, 3, 19, 4, 584 }, // U+0358
    { 6, 7, 0, -12, 0, 11, 588 }, // U+0359
    { 11, 6, 0, -14, 0, 17, 599 }, // U+035A
    { 6, 7, 0, -8, 21, 11, 616 }, // U+035B
    { 18, 5, 0, -7, 0, 23, 627 }, // U+035C
    { 18, 5, 0, -7, 19, 23, 650 }, // U+035D
    { 15, 3, 0, -13, 19, 12, 673 }, // U+035E
    { 16, 3, 0, -17, -2, 12, 685 }, // U+035F
    { 25, 4, 0, -11, 19, 25, 697 }, // U+0360
    { 18, 5, 0, -8, 19, 23, 722 }, // U+0361
    { 20, 6, 0, -11, -1, 30, 745 }, // U+0362
    { 8, 8, 0, -9, 22, 16, 775 }, // U+0363
    { 8, 8, 0, -9, 22, 16, 791 }, // U+0364
    { 4, 10, 0, -7, 24, 10, 807 }, // U+0365
    { 8, 8, 0, -9, 22, 16, 817 }, // U+0366
    { 8, 8, 0, -9, 22, 16, 833 }, // U+0367
    { 8, 8, 0, -9, 22, 16, 849 }, // U+0368
    { 8, 11, 0, -9, 25, 22, 865 }, // U+0369
    { 8, 11, 0, -9, 25, 22, 887 }, // U+036A
    { 12, 8, 0, -11, 22, 24, 909 }, // U+036B
    { 6, 8, 0, -8, 22, 12, 933 }, // U+036C
    { 5, 10, 0, 2, 24, 13, 945 }, // U+036D
    { 7, 8, 0, -8, 22, 14, 958 }, // U+036E
    { 9, 8, 0, -9, 22, 18, 972 }, // U+036F
    { 0, 0, 218, 0, 0, 0, 0 }, // U+2000
    { 0, 0, 436, 0, 0, 0, 0 }, // U+2001
    { 0, 0, 200, 0, 0, 0, 0 }, // U+2002
    { 0, 0, 400, 0, 0, 0, 0 }, // U+2003
    { 0, 0, 134, 0, 0, 0, 0 }, // U+2004
    { 0, 0, 100, 0, 0, 0, 0 }, // U+2005
    { 0, 0, 66, 0, 0, 0, 0 }, // U+2006
    { 0, 0, 259, 0, 0, 0, 0 }, // U+2007
    { 0, 0, 109, 0, 0, 0, 0 }, // U+2008
    { 0, 0, 70, 0, 0, 0, 0 }, // U+2009
    { 0, 0, 34, 0, 0, 0, 0 }, // U+200A
    { 0, 0, 0, 0, 0, 0, 0 }, // U+200B
    { 9, 3, 141, 0, 9, 7, 0 }, // U+2010
    { 9, 3, 141, 0, 9, 7, 7 }, // U+2011
    { 15, 3, 259, 1, 10, 12, 14 }, // U+2012
    { 13, 3, 200, 0, 9, 10, 26 }, // U+2013
    { 26, 3, 400, 0, 9, 20, 36 }, // U+2014
    { 26, 3, 400, 0, 9, 20, 56 }, // U+2015
    { 11, 31, 188, 1, 25, 86, 76 }, // U+2016
    { 14, 6, 178, -3, 0, 21, 162 }, // U+2017
    { 6, 8, 112, 2, 19, 12, 183 }, // U+2018
    { 6, 8, 112, 2, 19, 12, 195 }, // U+2019
    { 6, 8, 112, -1, 3, 12, 207 }, // U+201A
    { 4, 8, 112, 3, 19, 8, 219 }, // U+201B
    { 10, 8, 181, 2, 19, 20, 227 }, // U+201C
    { 10, 8, 181, 2, 19, 20, 247 }, // U+201D
    { 10, 8, 181, -1, 3, 20, 267 }, // U+201E
    { 8, 8, 181, 3, 19, 16, 287 }, // U+201F
    { 11, 15, 193, 2, 19, 42, 303 }, // U+2020
    { 12, 19, 193, 1, 19, 57, 345 }, // U+2021
    { 9, 9, 220, 2, 12, 21, 402 }, // U+2022
    { 8, 9, 220, 3, 12, 18, 423 }, // U+2023
    { 5, 5, 109, 0, 4, 7, 441 }, // U+2024
    { 12, 5, 218, 0, 4, 15, 448 }, // U+2025
    { 18, 5, 327, 0, 4, 23, 463 }, // U+2026
    { 4, 5, 109, 2, 11, 5, 486 }, // U+2027
    { 0, 0, 70, 0, 0, 0, 491 }, // U+202F
    { 27, 20, 520, 3, 19, 135, 491 }, // U+2030
    { 36, 20, 660, 3, 19, 180, 626 }, // U+2031
    { 6, 8, 86, 1, 19, 12, 806 }, // U+2032
    { 11, 8, 171, 1, 19, 22, 818 }, // U+2033
    { 16, 8, 256, 1, 19, 32, 840 }, // U+2034
    { 3, 8, 86, 3, 19, 6, 872 }, // U+2035
    { 8, 8, 171, 3, 19, 16, 878 }, // U+2036
    { 14, 8, 256, 3, 19, 28, 894 }, // U+2037
    { 10, 6, 179, -2, -1, 15, 922 }, // U+2038
    { 9, 13, 148, 1, 14, 30, 937 }, // U+2039
    { 9, 13, 149, 0, 14, 30, 967 }, // U+203A
    { 14, 15, 252, 1, 16, 53, 997 }, // U+203B
    { 14, 20, 218, 0, 19, 70, 1050 }, // U+203C
    { 11, 20, 201, 2, 19, 55, 1120 }, // U+203D
    { 13, 3, 213, -1, 21, 10, 1175 }, // U+203E
    { 19, 5, 324, -1, -1, 24, 1185 }, // U+203F
    { 19, 5, 324, 2, 19, 24, 1209 }, // U+2040
    { 13, 15, 178, -2, 8, 49, 1233 }, // U+2041
    { 16, 16, 286, 1, 17, 64, 1282 }, // U+2042
    { 8, 3, 220, 3, 9, 6, 1346 }, // U+2043
    { 19, 19, 71, -7, 19, 91, 1352 }, // U+2044
    { 10, 24, 140, 0, 20, 60, 1443 }, // U+2045
    { 10, 24, 140, -1, 20, 60, 1503 }, // U+2046
    { 24, 20, 411, 2, 19, 120, 1563 }, // U+2047
    { 18, 20, 315, 2, 19, 90, 1683 }, // U+2048
    { 20, 20, 315, 0, 19, 100, 1773 }, // U+2049
    { 10, 20, 201, 2, 14, 50, 1873 }, // U+204A
    { 14, 19, 237, 1, 19, 67, 1923 }, // U+204B
    { 13, 11, 234, 1, 13, 36, 1990 }, // U+204C
    { 13, 11, 234, 1, 13, 36, 2026 }, // U+204D
    { 11, 12, 197, 0, 9, 33, 2062 }, // U+204E
    { 5, 18, 113, 1, 13, 23, 2095 }, // U+204F
    { 22, 25, 322, -1, 19, 138, 2118 }, // U+2050
    { 11, 25, 213, 3, 19, 69, 2256 }, // U+2051
    { 19, 19, 285, 0, 19, 91, 2325 }, // U+2052
    { 15, 6, 287, 2, 12, 23, 2416 }, // U+2053
    { 20, 5, 324, -2, -1, 25, 2439 }, // U+2054
    { 12, 11, 216, 1, 12, 33, 2464 }, // U+2055
    { 22, 8, 342, 1, 19, 44, 2497 }, // U+2057
    { 0, 0, 110, 0, 0, 0, 2541 }, // U+205F
    { 11, 11, 180, 2, 21, 31, 0 }, // U+2070
    { 4, 12, 77, 2, 22, 12, 31 }, // U+2071
    { 10, 11, 179, 2, 21, 28, 43 }, // U+2074
    { 10, 11, 171, 2, 21, 28, 71 }, // U+2075
    { 10, 11, 173, 2, 21, 28, 99 }, // U+2076
    { 10, 11, 158, 2, 21, 28, 127 }, // U+2077
    { 10, 11, 175, 2, 21, 28, 155 }, // U+2078
    { 10, 11, 173, 2, 21, 28, 183 }, // U+2079
    { 9, 7, 171, 2, 19, 16, 211 }, // U+207A
    { 9, 3, 171, 2, 17, 7, 227 }, // U+207B
    { 9, 6, 171, 2, 18, 14, 234 }, // U+207C
    { 7, 13, 104, 2, 22, 23, 248 }, // U+207D
    { 6, 13, 103, 1, 22, 20, 271 }, // U+207E
    { 9, 9, 169, 2, 19, 21, 291 }, // U+207F
    { 11, 11, 180, -1, 6, 31, 312 }, // U+2080
    { 6, 11, 118, 0, 6, 17, 343 }, // U+2081
    { 10, 11, 172, -1, 6, 28, 360 }, // U+2082
    { 11, 11, 174, -1, 6, 31, 388 }, // U+2083
    { 11, 11, 179, -1, 6, 31, 419 }, // U+2084
    { 10, 11, 171, -1, 6, 28, 450 }, // U+2085
    { 11, 11, 173, -1, 6, 31, 478 }, // U+2086
    { 9, 11, 158, 0, 6, 25, 509 }, // U+2087
    { 11, 11, 175, -1, 6, 31, 534 }, // U+2088
    { 11, 11, 173, -1, 6, 31, 565 }, // U+2089
    { 9, 7, 171, 0, 4, 16, 596 }, // U+208A
    { 9, 3, 171, 0, 2, 7, 612 }, // U+208B
    { 9, 6, 171, 0, 3, 14, 619 }, // U+208C
    { 6, 13, 104, 0, 7, 20, 633 }, // U+208D
    { 6, 13, 103, -2, 7, 20, 653 }, // U+208E
    { 10, 9, 170, -1, 4, 23, 673 }, // U+2090
    { 9, 9, 160, -1, 4, 21, 696 }, // U+2091
    { 10, 9, 166, -1, 4, 23, 717 }, // U+2092
    { 11, 9, 156, -2, 4, 25, 740 }, // U+2093
    { 11, 11, 177, -1, 5, 31, 765 }, // U+2094
    { 10, 11, 169, -1, 6, 28, 796 }, // U+2095
    { 10, 11, 155, -1, 6, 28, 824 }, // U+2096
    { 5, 11, 77, -1, 6, 14, 852 }, // U+2097
    { 15, 9, 243, -1, 4, 34, 866 }, // U+2098
    { 10, 9, 169, -1, 4, 23, 900 }, // U+2099
    { 10, 11, 170, -1, 4, 28, 923 }, // U+209A
    { 9, 9, 151, -1, 4, 21, 951 }, // U+209B
    { 6, 11, 98, -1, 6, 17, 972 }, // U+209C
    { 16, 20, 288, 2, 19, 80, 0 }, // U+20A0
    { 17, 24, 291, 1, 21, 102, 80 }, // U+20A1
    { 17, 20, 289, 1, 19, 85, 182 }, // U+20A2
    { 17, 19, 240, -1, 19, 81, 267 }, // U+20A3
    { 16, 19, 242, 0, 19, 76, 348 }, // U+20A4
    { 21, 18, 340, 0, 16, 95, 424 }, // U+20A5
    { 20, 19, 305, 0, 19, 95, 519 }, // U+20A6
    { 27, 20, 448, 1, 19, 135, 614 }, // U+20A7
    { 27, 20, 443, 0, 19, 135, 749 }, // U+20A8
    { 26, 19, 378, 0, 19, 124, 884 }, // U+20A9
    { 19, 14, 323, 1, 14, 67, 1008 }, // U+20AA
    { 18, 25, 241, -1, 19, 113, 1075 }, // U+20AB
    { 17, 20, 264, 0, 19, 85, 1188 }, // U+20AC
    { 19, 19, 283, 0, 19, 91, 1273 }, // U+20AD
    { 15, 19, 255, 2, 19, 72, 1364 }, // U+20AE
    { 34, 27, 550, 0, 21, 230, 1436 }, // U+20AF
    { 17, 19, 263, 1, 19, 81, 1666 }, // U+20B1
    { 17, 24, 297, 1, 21, 102, 1747 }, // U+20B2
    { 18, 19, 273, -1, 19, 86, 1849 }, // U+20B3
    { 15, 20, 250, 1, 19, 75, 1935 }, // U+20B4
    { 17, 24, 291, 1, 21, 102, 2010 }, // U+20B5
    { 15, 19, 255, 2, 19, 72, 2112 }, // U+20B8
    { 14, 19, 214, 1, 19, 67, 2184 }, // U+20B9
    { 13, 20, 235, 1, 19, 65, 2251 }, // U+20BA
    { 16, 14, 288, 0, 14, 56, 2316 }, // U+20BC
    { 18, 19, 277, 0, 19, 86, 2372 }, // U+20BD
    { 17, 19, 287, 0, 19, 81, 2458 }, // U+20BE
    { 16, 24, 260, 0, 21, 96, 2539 }, // U+20BF
    { 20, 16, 379, 2, 16, 80, 0 }, // U+2190
    { 16, 19, 331, 3, 19, 76, 80 }, // U+2191
    { 19, 16, 379, 3, 16, 76, 156 }, // U+2192
    { 17, 20, 331, 2, 19, 85, 232 }, // U+2193
    { 30, 16, 534, 2, 16, 120, 317 }, // U+2194
    { 19, 30, 331, 1, 23, 143, 437 }, // U+2195
    { 14, 15, 306, 2, 14, 53, 580 }, // U+2196
    { 17, 15, 306, 1, 14, 64, 633 }, // U+2197
    { 14, 14, 306, 3, 14, 49, 697 }, // U+2198
    { 17, 14, 306, 1, 14, 60, 746 }, // U+2199
    { 26, 19, 454, 2, 19, 124, 806 }, // U+21A9
    { 25, 19, 454, 2, 19, 119, 930 }, // U+21AA
    { 21, 19, 392, 3, 19, 100, 1049 }, // U+21B0
    { 23, 19, 392, 1, 19, 110, 1149 }, // U+21B1
    { 21, 17, 392, 2, 19, 90, 1259 }, // U+21B3
    { 15, 20, 330, 3, 19, 75, 1349 }, // U+21B4
    { 22, 17, 392, 2, 19, 94, 1424 }, // U+21B5
    { 20, 23, 379, 2, 23, 115, 1518 }, // U+21BA
    { 20, 23, 379, 2, 23, 115, 1633 }, // U+21BB
    { 20, 17, 379, 2, 16, 85, 1748 }, // U+21D0
    { 20, 17, 379, 2, 16, 85, 1833 }, // U+21D2
    { 30, 17, 534, 2, 16, 128, 1918 }, // U+21D4
    { 11, 19, 240, 3, 19, 53, 2046 }, // U+21DE
    { 12, 20, 240, 1, 19, 60, 2099 }, // U+21DF
    { 23, 12, 403, 1, 15, 69, 2159 }, // U+21E4
    { 23, 12, 403, 2, 15, 69, 2228 }, // U+21E5
    { 22, 20, 409, 2, 20, 110, 2297 }, // U+21E7
    { 22, 24, 409, 2, 20, 132, 2407 }, // U+21EA
    { 14, 20, 251, 1, 19, 70, 0 }, // U+2202
    { 17, 16, 271, 0, 15, 68, 70 }, // U+2205
    { 17, 19, 269, -1, 19, 81, 138 }, // U+2206
    { 18, 22, 286, 0, 19, 99, 219 }, // U+220F
    { 17, 23, 251, -1, 19, 98, 318 }, // U+2211
    { 13, 3, 262, 2, 9, 10, 416 }, // U+2212
    { 16, 19, 249, 1, 19, 76, 426 }, // U+221A
    { 22, 11, 371, 1, 13, 61, 502 }, // U+221E
    { 14, 26, 144, -3, 20, 91, 563 }, // U+222B
    { 6, 15, 109, 1, 17, 23, 654 }, // U+2236
    { 14, 11, 262, 1, 13, 39, 677 }, // U+2248
    { 13, 14, 262, 2, 14, 46, 716 }, // U+2260
    { 15, 14, 262, 1, 14, 53, 762 }, // U+2264
    { 14, 14, 262, 1, 14, 49, 815 }, // U+2265
    { 36, 35, 556, 0, 27, 315, 864 }, // U+2295
    { 36, 35, 556, 0, 27, 315, 1179 }, // U+2296
    { 36, 35, 556, 0, 27, 315, 1494 }, // U+2297
    { 36, 35, 556, 0, 27, 315, 1809 }, // U+2298
};

static const EpdUnicodeInterval inter_12_italicIntervals[] = {
    { 0x0, 0x0, 0x0 },
    { 0x20, 0x7E, 0x1 },
    { 0xA0, 0xAC, 0x60 },
    { 0xAE, 0xFF, 0x6D },
    { 0x100, 0x148, 0xBF },
    { 0x14A, 0x17F, 0x108 },
    { 0x1C5, 0x21F, 0x13E },
    { 0x300, 0x304, 0x199 },
    { 0x306, 0x30A, 0x19E },
    { 0x30C, 0x30C, 0x1A3 },
    { 0x30F, 0x30F, 0x1A4 },
    { 0x313, 0x313, 0x1A5 },
    { 0x315, 0x315, 0x1A6 },
    { 0x31B, 0x31B, 0x1A7 },
    { 0x323, 0x323, 0x1A8 },
    { 0x326, 0x328, 0x1A9 },
    { 0x32C, 0x32C, 0x1AC },
    { 0x337, 0x338, 0x1AD },
    { 0x342, 0x343, 0x1AF },
    { 0x346, 0x36F, 0x1B1 },
    { 0x2000, 0x200B, 0x1DB },
    { 0x2010, 0x2027, 0x1E7 },
    { 0x202F, 0x2055, 0x1FF },
    { 0x2057, 0x2057, 0x226 },
    { 0x205F, 0x205F, 0x227 },
    { 0x2070, 0x2071, 0x228 },
    { 0x2074, 0x208E, 0x22A },
    { 0x2090, 0x209C, 0x245 },
    { 0x20A0, 0x20AF, 0x252 },
    { 0x20B1, 0x20B5, 0x262 },
    { 0x20B8, 0x20BA, 0x267 },
    { 0x20BC, 0x20BF, 0x26A },
    { 0x2190, 0x2199, 0x26E },
    { 0x21A9, 0x21AA, 0x278 },
    { 0x21B0, 0x21B1, 0x27A },
    { 0x21B3, 0x21B5, 0x27C },
    { 0x21BA, 0x21BB, 0x27F },
    { 0x21D0, 0x21D0, 0x281 },
    { 0x21D2, 0x21D2, 0x282 },
    { 0x21D4, 0x21D4, 0x283 },
    { 0x21DE, 0x21DF, 0x284 },
    { 0x21E4, 0x21E5, 0x286 },
    { 0x21E7, 0x21E7, 0x288 },
    { 0x21EA, 0x21EA, 0x289 },
    { 0x2202, 0x2202, 0x28A },
    { 0x2205, 0x2206, 0x28B },
    { 0x220F, 0x220F, 0x28D },
    { 0x2211, 0x2212, 0x28E },
    { 0x221A, 0x221A, 0x290 },
    { 0x221E, 0x221E, 0x291 },
    { 0x222B, 0x222B, 0x292 },
    { 0x2236, 0x2236, 0x293 },
    { 0x2248, 0x2248, 0x294 },
    { 0x2260, 0x2260, 0x295 },
    { 0x2264, 0x2265, 0x296 },
    { 0x2295, 0x2298, 0x298 },
};

static const EpdFontGroup inter_12_italicGroups[] = {
    { 0, 3097, 6329, 96, 0 },
    { 3097, 2703, 7378, 95, 96 },
    { 5800, 3245, 11641, 127, 191 },
    { 9045, 3082, 9873, 91, 318 },
    { 12127, 746, 1127, 66, 409 },
    { 12873, 1531, 2788, 77, 475 },
    { 14404, 752, 1163, 42, 552 },
    { 15156, 1672, 2880, 28, 594 },
    { 16828, 1181, 2714, 28, 622 },
    { 18009, 842, 2240, 18, 650 },
};

static const EpdKernClassEntry inter_12_italicKernLeftClasses[] = {
    { 0x0022, 1 }, // "
    { 0x0024, 2 }, // $
    { 0x0025, 3 }, // %
    { 0x0026, 4 }, // &
    { 0x0027, 1 }, // '
    { 0x0028, 5 }, // (
    { 0x0029, 6 }, // )
    { 0x002A, 7 }, // *
    { 0x002B, 8 }, // +
    { 0x002C, 9 }, // ,
    { 0x002D, 8 }, // -
    { 0x002E, 9 }, // .
    { 0x002F, 10 }, // /
    { 0x0030, 11 }, // 0
    { 0x0031, 12 }, // 1
    { 0x0032, 13 }, // 2
    { 0x0033, 14 }, // 3
    { 0x0034, 15 }, // 4
    { 0x0035, 16 }, // 5
    { 0x0036, 17 }, // 6
    { 0x0037, 18 }, // 7
    { 0x0038, 14 }, // 8
    { 0x0039, 11 }, // 9
    { 0x003A, 19 }, // :
    { 0x003B, 19 }, // ;
    { 0x003D, 20 }, // =
    { 0x003E, 21 }, // >
    { 0x003F, 22 }, // ?
    { 0x0040, 23 }, // @
    { 0x0041, 24 }, // A
    { 0x0042, 25 }, // B
    { 0x0043, 26 }, // C
    { 0x0044, 23 }, // D
    { 0x0045, 27 }, // E
    { 0x0046, 28 }, // F
    { 0x0047, 29 }, // G
    { 0x0048, 12 }, // H
    { 0x0049, 12 }, // I
    { 0x004A, 30 }, // J
    { 0x004B, 31 }, // K
    { 0x004C, 32 }, // L
    { 0x004D, 12 }, // M
    { 0x004E, 12 }, // N
    { 0x004F, 23 }, // O
    { 0x0050, 33 }, // P
    { 0x0051, 23 }, // Q
    { 0x0052, 34 }, // R
    { 0x0053, 2 }, // S
    { 0x0054, 35 }, // T
    { 0x0055, 30 }, // U
    { 0x0056, 36 }, // V
    { 0x0057, 37 }, // W
    { 0x0058, 38 }, // X
    { 0x0059, 39 }, // Y
    { 0x005A, 40 }, // Z
    { 0x005B, 41 }, // [
    { 0x005C, 42 }, // <backslash>
    { 0x005D, 6 }, // ]
    { 0x005E, 7 }, // ^
    { 0x005F, 43 }, // _
    { 0x0061, 44 }, // a
    { 0x0062, 45 }, // b
    { 0x0063, 45 }, // c
    { 0x0064, 12 }, // d
    { 0x0065, 45 }, // e
    { 0x0066, 46 }, // f
    { 0x0067, 47 }, // g
    { 0x0068, 44 }, // h
    { 0x0069, 48 }, // i
    { 0x006A, 48 }, // j
    { 0x006B, 49 }, // k
    { 0x006C, 12 }, // l
    { 0x006D, 44 }, // m
    { 0x006E, 44 }, // n
    { 0x006F, 45 }, // o
    { 0x0070, 45 }, // p
    { 0x0071, 47 }, // q
    { 0x0072, 50 }, // r
    { 0x0073, 51 }, // s
    { 0x0074, 52 }, // t
    { 0x0075, 53 }, // u
    { 0x0076, 54 }, // v
    { 0x0077, 55 }, // w
    { 0x0078, 56 }, // x
    { 0x0079, 54 }, // y
    { 0x007A, 57 }, // z
    { 0x007B, 5 }, // {
    { 0x007C, 12 }, // |
    { 0x007D, 6 }, // }
    { 0x007E, 58 }, // ~
    { 0x00A1, 59 }, // U+00A1
    { 0x00A2, 45 }, // U+00A2
    { 0x00A5, 60 }, // U+00A5
    { 0x00A9, 23 }, // U+00A9
    { 0x00AA, 61 }, // U+00AA
    { 0x00AB, 62 }, // U+00AB
    { 0x00AC, 47 }, // U+00AC
    { 0x00AE, 63 }, // U+00AE
    { 0x00B0, 7 }, // U+00B0
    { 0x00B1, 20 }, // U+00B1
    { 0x00B2, 64 }, // U+00B2
    { 0x00B5, 65 }, // U+00B5
    { 0x00B6, 12 }, // U+00B6
    { 0x00B7, 66 }, // U+00B7
    { 0x00BA, 61 }, // U+00BA
    { 0x00BB, 67 }, // U+00BB
    { 0x00BF, 68 }, // U+00BF
    { 0x00C0, 24 }, // U+00C0
    { 0x00C1, 24 }, // U+00C1
    { 0x00C2, 24 }, // U+00C2
    { 0x00C3, 24 }, // U+00C3
    { 0x00C4, 24 }, // U+00C4
    { 0x00C5, 24 }, // U+00C5
    { 0x00C6, 27 }, // U+00C6
    { 0x00C7, 26 }, // U+00C7
    { 0x00C8, 27 }, // U+00C8
    { 0x00C9, 27 }, // U+00C9
    { 0x00CA, 27 }, // U+00CA
    { 0x00CB, 27 }, // U+00CB
    { 0x00CC, 12 }, // U+00CC
    { 0x00CD, 12 }, // U+00CD
    { 0x00CE, 69 }, // U+00CE
    { 0x00CF, 69 }, // U+00CF
    { 0x00D0, 23 }, // U+00D0
    { 0x00D1, 12 }, // U+00D1
    { 0x00D2, 23 }, // U+00D2
    { 0x00D3, 23 }, // U+00D3
    { 0x00D4, 23 }, // U+00D4
    { 0x00D5, 23 }, // U+00D5
    { 0x00D6, 23 }, // U+00D6
    { 0x00D7, 70 }, // U+00D7
    { 0x00D8, 23 }, // U+00D8
    { 0x00D9, 30 }, // U+00D9
    { 0x00DA, 30 }, // U+00DA
    { 0x00DB, 30 }, // U+00DB
    { 0x00DC, 30 }, // U+00DC
    { 0x00DD, 39 }, // U+00DD
    { 0x00DE, 71 }, // U+00DE
    { 0x00DF, 72 }, // U+00DF
    { 0x00E0, 44 }, // U+00E0
    { 0x00E1, 44 }, // U+00E1
    { 0x00E2, 44 }, // U+00E2
    { 0x00E3, 44 }, // U+00E3
    { 0x00E4, 44 }, // U+00E4
    { 0x00E5, 44 }, // U+00E5
    { 0x00E6, 73 }, // U+00E6
    { 0x00E7, 45 }, // U+00E7
    { 0x00E8, 45 }, // U+00E8
    { 0x00E9, 45 }, // U+00E9
    { 0x00EA, 45 }, // U+00EA
    { 0x00EB, 45 }, // U+00EB
    { 0x00EC, 48 }, // U+00EC
    { 0x00ED, 48 }, // U+00ED
    { 0x00EE, 74 }, // U+00EE
    { 0x00EF, 75 }, // U+00EF
    { 0x00F0, 45 }, // U+00F0
    { 0x00F1, 76 }, // U+00F1
    { 0x00F2, 45 }, // U+00F2
    { 0x00F3, 45 }, // U+00F3
    { 0x00F4, 45 }, // U+00F4
    { 0x00F5, 77 }, // U+00F5
    { 0x00F6, 77 }, // U+00F6
    { 0x00F7, 8 }, // U+00F7
    { 0x00F8, 45 }, // U+00F8
    { 0x00F9, 53 }, // U+00F9
    { 0x00FA, 53 }, // U+00FA
    { 0x00FB, 53 }, // U+00FB
    { 0x00FC, 53 }, // U+00FC
    { 0x00FD, 54 }, // U+00FD
    { 0x00FE, 45 }, // U+00FE
    { 0x00FF, 54 }, // U+00FF
    { 0x0100, 24 }, // U+0100
    { 0x0101, 78 }, // U+0101
    { 0x0102, 24 }, // U+0102
    { 0x0103, 44 }, // U+0103
    { 0x0104, 24 }, // U+0104
    { 0x0105, 44 }, // U+0105
    { 0x0106, 26 }, // U+0106
    { 0x0107, 45 }, // U+0107
    { 0x0108, 26 }, // U+0108
    { 0x0109, 45 }, // U+0109
    { 0x010A, 26 }, // U+010A
    { 0x010B, 45 }, // U+010B
    { 0x010C, 26 }, // U+010C
    { 0x010D, 45 }, // U+010D
    { 0x010E, 23 }, // U+010E
    { 0x010F, 79 }, // U+010F
    { 0x0111, 80 }, // U+0111
    { 0x0112, 27 }, // U+0112
    { 0x0113, 45 }, // U+0113
    { 0x0114, 27 }, // U+0114
    { 0x0115, 45 }, // U+0115
    { 0x0116, 27 }, // U+0116
    { 0x0117, 45 }, // U+0117
    { 0x0118, 27 }, // U+0118
    { 0x0119, 45 }, // U+0119
    { 0x011A, 27 }, // U+011A
    { 0x011B, 45 }, // U+011B
    { 0x011C, 29 }, // U+011C
    { 0x011D, 47 }, // U+011D
    { 0x011E, 29 }, // U+011E
    { 0x011F, 47 }, // U+011F
    { 0x0120, 29 }, // U+0120
    { 0x0121, 47 }, // U+0121
    { 0x0122, 29 }, // U+0122
    { 0x0123, 47 }, // U+0123
    { 0x0124, 12 }, // U+0124
    { 0x0125, 44 }, // U+0125
    { 0x0126, 12 }, // U+0126
    { 0x0127, 44 }, // U+0127
    { 0x0128, 69 }, // U+0128
    { 0x0129, 81 }, // U+0129
    { 0x012A, 69 }, // U+012A
    { 0x012B, 82 }, // U+012B
    { 0x012C, 69 }, // U+012C
    { 0x012D, 83 }, // U+012D
    { 0x012E, 12 }, // U+012E
    { 0x012F, 48 }, // U+012F
    { 0x0130, 12 }, // U+0130
    { 0x0131, 48 }, // U+0131
    { 0x0133, 48 }, // U+0133
    { 0x0134, 30 }, // U+0134
    { 0x0135, 84 }, // U+0135
    { 0x0136, 31 }, // U+0136
    { 0x0137, 49 }, // U+0137
    { 0x0138, 49 }, // U+0138
    { 0x0139, 85 }, // U+0139
    { 0x013A, 86 }, // U+013A
    { 0x013B, 32 }, // U+013B
    { 0x013C, 12 }, // U+013C
    { 0x013D, 87 }, // U+013D
    { 0x013E, 12 }, // U+013E
    { 0x013F, 88 }, // U+013F
    { 0x0140, 89 }, // U+0140
    { 0x0141, 90 }, // U+0141
    { 0x0142, 91 }, // U+0142
    { 0x0143, 12 }, // U+0143
    { 0x0144, 44 }, // U+0144
    { 0x0145, 12 }, // U+0145
    { 0x0146, 44 }, // U+0146
    { 0x0147, 12 }, // U+0147
    { 0x0148, 44 }, // U+0148
    { 0x014A, 12 }, // U+014A
    { 0x014C, 23 }, // U+014C
    { 0x014D, 45 }, // U+014D
    { 0x014E, 23 }, // U+014E
    { 0x014F, 45 }, // U+014F
    { 0x0150, 23 }, // U+0150
    { 0x0151, 45 }, // U+0151
    { 0x0152, 27 }, // U+0152
    { 0x0153, 45 }, // U+0153
    { 0x0154, 34 }, // U+0154
    { 0x0155, 50 }, // U+0155
    { 0x0156, 34 }, // U+0156
    { 0x0157, 50 }, // U+0157
    { 0x0158, 34 }, // U+0158
    { 0x0159, 50 }, // U+0159
    { 0x015A, 2 }, // U+015A
    { 0x015B, 51 }, // U+015B
    { 0x015C, 2 }, // U+015C
    { 0x015D, 51 }, // U+015D
    { 0x015E, 2 }, // U+015E
    { 0x015F, 51 }, // U+015F
    { 0x0160, 2 }, // U+0160
    { 0x0161, 51 }, // U+0161
    { 0x0162, 92 }, // U+0162
    { 0x0163, 52 }, // U+0163
    { 0x0164, 93 }, // U+0164
    { 0x0165, 52 }, // U+0165
    { 0x0166, 94 }, // U+0166
    { 0x0167, 52 }, // U+0167
    { 0x0168, 30 }, // U+0168
    { 0x0169, 53 }, // U+0169
    { 0x016A, 30 }, // U+016A
    { 0x016B, 53 }, // U+016B
    { 0x016C, 30 }, // U+016C
    { 0x016D, 53 }, // U+016D
    { 0x016E, 30 }, // U+016E
    { 0x016F, 53 }, // U+016F
    { 0x0170, 30 }, // U+0170
    { 0x0171, 53 }, // U+0171
    { 0x0172, 30 }, // U+0172
    { 0x0173, 53 }, // U+0173
    { 0x0174, 37 }, // U+0174
    { 0x0175, 55 }, // U+0175
    { 0x0176, 39 }, // U+0176
    { 0x0177, 54 }, // U+0177
    { 0x0178, 39 }, // U+0178
    { 0x0179, 40 }, // U+0179
    { 0x017A, 57 }, // U+017A
    { 0x017B, 40 }, // U+017B
    { 0x017C, 57 }, // U+017C
    { 0x017D, 40 }, // U+017D
    { 0x017E, 57 }, // U+017E
    { 0x017F, 95 }, // U+017F
    { 0x01C5, 96 }, // U+01C5
    { 0x01C6, 57 }, // U+01C6
    { 0x01C8, 48 }, // U+01C8
    { 0x01C9, 48 }, // U+01C9
    { 0x01CB, 48 }, // U+01CB
    { 0x01CC, 48 }, // U+01CC
    { 0x01CD, 24 }, // U+01CD
    { 0x01CE, 44 }, // U+01CE
    { 0x01CF, 86 }, // U+01CF
    { 0x01D0, 97 }, // U+01D0
    { 0x01D1, 23 }, // U+01D1
    { 0x01D2, 45 }, // U+01D2
    { 0x01D3, 30 }, // U+01D3
    { 0x01D4, 53 }, // U+01D4
    { 0x01D5, 30 }, // U+01D5
    { 0x01D6, 53 }, // U+01D6
    { 0x01D7, 30 }, // U+01D7
    { 0x01D8, 53 }, // U+01D8
    { 0x01D9, 30 }, // U+01D9
    { 0x01DA, 53 }, // U+01DA
    { 0x01DB, 30 }, // U+01DB
    { 0x01DC, 53 }, // U+01DC
    { 0x01DD, 98 }, // U+01DD
    { 0x01DE, 24 }, // U+01DE
    { 0x01DF, 44 }, // U+01DF
    { 0x01E0, 24 }, // U+01E0
    { 0x01E1, 44 }, // U+01E1
    { 0x01E2, 27 }, // U+01E2
    { 0x01E3, 73 }, // U+01E3
    { 0x01E4, 29 }, // U+01E4
    { 0x01E5, 47 }, // U+01E5
    { 0x01E6, 29 }, // U+01E6
    { 0x01E7, 47 }, // U+01E7
    { 0x01E8, 31 }, // U+01E8
    { 0x01E9, 49 }, // U+01E9
    { 0x01EA, 23 }, // U+01EA
    { 0x01EB, 45 }, // U+01EB
    { 0x01EC, 23 }, // U+01EC
    { 0x01ED, 45 }, // U+01ED
    { 0x01F0, 48 }, // U+01F0
    { 0x01F1, 99 }, // U+01F1
    { 0x01F2, 57 }, // U+01F2
    { 0x01F3, 57 }, // U+01F3
    { 0x01F4, 29 }, // U+01F4
    { 0x01F5, 47 }, // U+01F5
    { 0x01F6, 100 }, // U+01F6
    { 0x01F8, 12 }, // U+01F8
    { 0x01F9, 44 }, // U+01F9
    { 0x01FA, 24 }, // U+01FA
    { 0x01FB, 44 }, // U+01FB
    { 0x01FC, 27 }, // U+01FC
    { 0x01FD, 73 }, // U+01FD
    { 0x01FE, 23 }, // U+01FE
    { 0x01FF, 45 }, // U+01FF
    { 0x0200, 24 }, // U+0200
    { 0x0201, 44 }, // U+0201
    { 0x0202, 24 }, // U+0202
    { 0x0203, 44 }, // U+0203
    { 0x0204, 27 }, // U+0204
    { 0x0205, 45 }, // U+0205
    { 0x0206, 27 }, // U+0206
    { 0x0207, 45 }, // U+0207
    { 0x0208, 101 }, // U+0208
    { 0x0209, 102 }, // U+0209
    { 0x020A, 69 }, // U+020A
    { 0x020B, 103 }, // U+020B
    { 0x020C, 23 }, // U+020C
    { 0x020D, 45 }, // U+020D
    { 0x020E, 23 }, // U+020E
    { 0x020F, 45 }, // U+020F
    { 0x0210, 34 }, // U+0210
    { 0x0211, 50 }, // U+0211
    { 0x0212, 34 }, // U+0212
    { 0x0213, 50 }, // U+0213
    { 0x0214, 30 }, // U+0214
    { 0x0215, 53 }, // U+0215
    { 0x0216, 30 }, // U+0216
    { 0x0217, 53 }, // U+0217
    { 0x0218, 2 }, // U+0218
    { 0x0219, 51 }, // U+0219
    { 0x021A, 35 }, // U+021A
    { 0x021B, 52 }, // U+021B
    { 0x021E, 12 }, // U+021E
    { 0x021F, 44 }, // U+021F
    { 0x2018, 104 }, // U+2018
    { 0x2019, 105 }, // U+2019
    { 0x201A, 106 }, // U+201A
    { 0x201C, 104 }, // U+201C
    { 0x201D, 105 }, // U+201D
    { 0x201E, 106 }, // U+201E
    { 0x2020, 61 }, // U+2020
    { 0x2021, 61 }, // U+2021
    { 0x2022, 107 }, // U+2022
    { 0x2023, 107 }, // U+2023
    { 0x2026, 108 }, // U+2026
    { 0x2034, 105 }, // U+2034
    { 0x2039, 62 }, // U+2039
    { 0x203A, 67 }, // U+203A
    { 0x203D, 22 }, // U+203D
    { 0x2043, 107 }, // U+2043
    { 0x204B, 33 }, // U+204B
    { 0x204C, 44 }, // U+204C
    { 0x204D, 107 }, // U+204D
    { 0x204F, 19 }, // U+204F
    { 0x2071, 109 }, // U+2071
    { 0x2074, 110 }, // U+2074
    { 0x2077, 111 }, // U+2077
    { 0x207A, 112 }, // U+207A
    { 0x207B, 112 }, // U+207B
    { 0x2080, 113 }, // U+2080
    { 0x2081, 113 }, // U+2081
    { 0x2082, 113 }, // U+2082
    { 0x2083, 113 }, // U+2083
    { 0x2084, 113 }, // U+2084
    { 0x2085, 114 }, // U+2085
    { 0x2086, 113 }, // U+2086
    { 0x2087, 115 }, // U+2087
    { 0x2088, 113 }, // U+2088
    { 0x2089, 113 }, // U+2089
    { 0x208A, 113 }, // U+208A
    { 0x208B, 113 }, // U+208B
    { 0x208C, 113 }, // U+208C
    { 0x208D, 113 }, // U+208D
    { 0x208E, 113 }, // U+208E
    { 0x2090, 113 }, // U+2090
    { 0x2091, 113 }, // U+2091
    { 0x2092, 113 }, // U+2092
    { 0x2093, 113 }, // U+2093
    { 0x2095, 113 }, // U+2095
    { 0x2096, 113 }, // U+2096
    { 0x2097, 113 }, // U+2097
    { 0x2098, 113 }, // U+2098
    { 0x2099, 113 }, // U+2099
    { 0x209A, 113 }, // U+209A
    { 0x209B, 113 }, // U+209B
    { 0x209C, 113 }, // U+209C
    { 0x20A1, 26 }, // U+20A1
    { 0x20A8, 51 }, // U+20A8
    { 0x20A9, 116 }, // U+20A9
    { 0x20AC, 117 }, // U+20AC
    { 0x20AF, 45 }, // U+20AF
    { 0x20B2, 29 }, // U+20B2
    { 0x20B5, 26 }, // U+20B5
    { 0x20BD, 118 }, // U+20BD
    { 0x20BF, 25 }, // U+20BF
    { 0x2190, 8 }, // U+2190
    { 0x21D0, 20 }, // U+21D0
    { 0x2206, 24 }, // U+2206
    { 0x2212, 8 }, // U+2212
    { 0x221E, 88 }, // U+221E
    { 0x2248, 20 }, // U+2248
    { 0x2260, 20 }, // U+2260
    { 0x2264, 20 }, // U+2264
    { 0x2265, 20 }, // U+2265
};

static const EpdKernClassEntry inter_12_italicKernRightClasses[] = {
    { 0x0022, 1 }, // "
    { 0x0023, 2 }, // #
    { 0x0024, 3 }, // $
    { 0x0025, 4 }, // %
    { 0x0026, 5 }, // &
    { 0x0027, 1 }, // '
    { 0x0029, 6 }, // )
    { 0x002A, 7 }, // *
    { 0x002B, 8 }, // +
    { 0x002C, 9 }, // ,
    { 0x002D, 10 }, // -
    { 0x002E, 11 }, // .
    { 0x002F, 12 }, // /
    { 0x0030, 13 }, // 0
    { 0x0031, 14 }, // 1
    { 0x0032, 15 }, // 2
    { 0x0033, 16 }, // 3
    { 0x0034, 17 }, // 4
    { 0x0035, 18 }, // 5
    { 0x0036, 13 }, // 6
    { 0x0037, 19 }, // 7
    { 0x0038, 20 }, // 8
    { 0x0039, 21 }, // 9
    { 0x003A, 22 }, // :
    { 0x003B, 22 }, // ;
    { 0x003C, 23 }, // <
    { 0x003D, 24 }, // =
    { 0x003F, 25 }, // ?
    { 0x0040, 26 }, // @
    { 0x0041, 27 }, // A
    { 0x0042, 28 }, // B
    { 0x0043, 29 }, // C
    { 0x0044, 28 }, // D
    { 0x0045, 28 }, // E
    { 0x0046, 28 }, // F
    { 0x0047, 29 }, // G
    { 0x0048, 28 }, // H
    { 0x0049, 28 }, // I
    { 0x004A, 30 }, // J
    { 0x004B, 28 }, // K
    { 0x004C, 28 }, // L
    { 0x004D, 28 }, // M
    { 0x004E, 28 }, // N
    { 0x004F, 29 }, // O
    { 0x0050, 28 }, // P
    { 0x0051, 29 }, // Q
    { 0x0052, 28 }, // R
    { 0x0053, 3 }, // S
    { 0x0054, 31 }, // T
    { 0x0055, 32 }, // U
    { 0x0056, 33 }, // V
    { 0x0057, 34 }, // W
    { 0x0058, 35 }, // X
    { 0x0059, 36 }, // Y
    { 0x005A, 37 }, // Z
    { 0x005C, 33 }, // <backslash>
    { 0x005D, 6 }, // ]
    { 0x005E, 38 }, // ^
    { 0x005F, 39 }, // _
    { 0x0061, 40 }, // a
    { 0x0062, 28 }, // b
    { 0x0063, 40 }, // c
    { 0x0064, 40 }, // d
    { 0x0065, 40 }, // e
    { 0x0066, 41 }, // f
    { 0x0067, 40 }, // g
    { 0x0068, 28 }, // h
    { 0x0069, 42 }, // i
    { 0x006A, 43 }, // j
    { 0x006B, 28 }, // k
    { 0x006C, 28 }, // l
    { 0x006D, 44 }, // m
    { 0x006E, 44 }, // n
    { 0x006F, 40 }, // o
    { 0x0070, 44 }, // p
    { 0x0071, 40 }, // q
    { 0x0072, 44 }, // r
    { 0x0073, 45 }, // s
    { 0x0074, 46 }, // t
    { 0x0075, 47 }, // u
    { 0x0076, 48 }, // v
    { 0x0077, 49 }, // w
    { 0x0078, 50 }, // x
    { 0x0079, 48 }, // y
    { 0x007A, 51 }, // z
    { 0x007C, 28 }, // |
    { 0x007D, 6 }, // }
    { 0x007E, 52 }, // ~
    { 0x00A2, 40 }, // U+00A2
    { 0x00A5, 53 }, // U+00A5
    { 0x00A9, 29 }, // U+00A9
    { 0x00AA, 54 }, // U+00AA
    { 0x00AB, 55 }, // U+00AB
    { 0x00AC, 56 }, // U+00AC
    { 0x00AE, 57 }, // U+00AE
    { 0x00B0, 58 }, // U+00B0
    { 0x00B1, 24 }, // U+00B1
    { 0x00B2, 59 }, // U+00B2
    { 0x00B5, 60 }, // U+00B5
    { 0x00B6, 61 }, // U+00B6
    { 0x00B7, 62 }, // U+00B7
    { 0x00B9, 63 }, // U+00B9
    { 0x00BA, 54 }, // U+00BA
    { 0x00BB, 64 }, // U+00BB
    { 0x00BF, 65 }, // U+00BF
    { 0x00C0, 27 }, // U+00C0
    { 0x00C1, 27 }, // U+00C1
    { 0x00C2, 27 }, // U+00C2
    { 0x00C3, 27 }, // U+00C3
    { 0x00C4, 27 }, // U+00C4
    { 0x00C5, 27 }, // U+00C5
    { 0x00C6, 27 }, // U+00C6
    { 0x00C7, 29 }, // U+00C7
    { 0x00C8, 28 }, // U+00C8
    { 0x00C9, 28 }, // U+00C9
    { 0x00CA, 28 }, // U+00CA
    { 0x00CB, 28 }, // U+00CB
    { 0x00CC, 28 }, // U+00CC
    { 0x00CD, 28 }, // U+00CD
    { 0x00CE, 66 }, // U+00CE
    { 0x00CF, 66 }, // U+00CF
    { 0x00D0, 67 }, // U+00D0
    { 0x00D1, 28 }, // U+00D1
    { 0x00D2, 29 }, // U+00D2
    { 0x00D3, 29 }, // U+00D3
    { 0x00D4, 29 }, // U+00D4
    { 0x00D5, 29 }, // U+00D5
    { 0x00D6, 29 }, // U+00D6
    { 0x00D7, 68 }, // U+00D7
    { 0x00D8, 29 }, // U+00D8
    { 0x00D9, 32 }, // U+00D9
    { 0x00DA, 32 }, // U+00DA
    { 0x00DB, 32 }, // U+00DB
    { 0x00DC, 32 }, // U+00DC
    { 0x00DD, 36 }, // U+00DD
    { 0x00DE, 28 }, // U+00DE
    { 0x00DF, 28 }, // U+00DF
    { 0x00E0, 69 }, // U+00E0
    { 0x00E1, 69 }, // U+00E1
    { 0x00E2, 69 }, // U+00E2
    { 0x00E3, 70 }, // U+00E3
    { 0x00E4, 71 }, // U+00E4
    { 0x00E5, 69 }, // U+00E5
    { 0x00E6, 69 }, // U+00E6
    { 0x00E7, 40 }, // U+00E7
    { 0x00E8, 40 }, // U+00E8
    { 0x00E9, 40 }, // U+00E9
    { 0x00EA, 40 }, // U+00EA
    { 0x00EB, 72 }, // U+00EB
    { 0x00EC, 73 }, // U+00EC
    { 0x00ED, 74 }, // U+00ED
    { 0x00EE, 75 }, // U+00EE
    { 0x00EF, 76 }, // U+00EF
    { 0x00F0, 40 }, // U+00F0
    { 0x00F1, 44 }, // U+00F1
    { 0x00F2, 40 }, // U+00F2
    { 0x00F3, 40 }, // U+00F3
    { 0x00F4, 40 }, // U+00F4
    { 0x00F5, 77 }, // U+00F5
    { 0x00F6, 72 }, // U+00F6
    { 0x00F7, 8 }, // U+00F7
    { 0x00F8, 40 }, // U+00F8
    { 0x00F9, 47 }, // U+00F9
    { 0x00FA, 47 }, // U+00FA
    { 0x00FB, 47 }, // U+00FB
    { 0x00FC, 78 }, // U+00FC
    { 0x00FD, 48 }, // U+00FD
    { 0x00FE, 28 }, // U+00FE
    { 0x00FF, 79 }, // U+00FF
    { 0x0100, 27 }, // U+0100
    { 0x0101, 80 }, // U+0101
    { 0x0102, 27 }, // U+0102
    { 0x0103, 69 }, // U+0103
    { 0x0104, 27 }, // U+0104
    { 0x0105, 69 }, // U+0105
    { 0x0106, 29 }, // U+0106
    { 0x0107, 40 }, // U+0107
    { 0x0108, 29 }, // U+0108
    { 0x0109, 40 }, // U+0109
    { 0x010A, 29 }, // U+010A
    { 0x010B, 40 }, // U+010B
    { 0x010C, 29 }, // U+010C
    { 0x010D, 40 }, // U+010D
    { 0x010E, 28 }, // U+010E
    { 0x010F, 40 }, // U+010F
    { 0x0110, 81 }, // U+0110
    { 0x0111, 40 }, // U+0111
    { 0x0112, 28 }, // U+0112
    { 0x0113, 40 }, // U+0113
    { 0x0114, 28 }, // U+0114
    { 0x0115, 40 }, // U+0115
    { 0x0116, 28 }, // U+0116
    { 0x0117, 40 }, // U+0117
    { 0x0118, 28 }, // U+0118
    { 0x0119, 40 }, // U+0119
    { 0x011A, 28 }, // U+011A
    { 0x011B, 40 }, // U+011B
    { 0x011C, 29 }, // U+011C
    { 0x011D, 40 }, // U+011D
    { 0x011E, 29 }, // U+011E
    { 0x011F, 40 }, // U+011F
    { 0x0120, 29 }, // U+0120
    { 0x0121, 40 }, // U+0121
    { 0x0122, 29 }, // U+0122
    { 0x0123, 40 }, // U+0123
    { 0x0124, 28 }, // U+0124
    { 0x0125, 28 }, // U+0125
    { 0x0126, 28 }, // U+0126
    { 0x0127, 82 }, // U+0127
    { 0x0128, 66 }, // U+0128
    { 0x0129, 83 }, // U+0129
    { 0x012A, 66 }, // U+012A
    { 0x012B, 84 }, // U+012B
    { 0x012C, 66 }, // U+012C
    { 0x012D, 76 }, // U+012D
    { 0x012E, 28 }, // U+012E
    { 0x012F, 42 }, // U+012F
    { 0x0130, 28 }, // U+0130
    { 0x0131, 42 }, // U+0131
    { 0x0133, 42 }, // U+0133
    { 0x0134, 30 }, // U+0134
    { 0x0135, 85 }, // U+0135
    { 0x0136, 28 }, // U+0136
    { 0x0137, 28 }, // U+0137
    { 0x0139, 28 }, // U+0139
    { 0x013A, 28 }, // U+013A
    { 0x013B, 28 }, // U+013B
    { 0x013C, 28 }, // U+013C
    { 0x013D, 28 }, // U+013D
    { 0x013E, 28 }, // U+013E
    { 0x0140, 28 }, // U+0140
    { 0x0141, 28 }, // U+0141
    { 0x0142, 28 }, // U+0142
    { 0x0143, 28 }, // U+0143
    { 0x0144, 44 }, // U+0144
    { 0x0145, 28 }, // U+0145
    { 0x0146, 44 }, // U+0146
    { 0x0147, 28 }, // U+0147
    { 0x0148, 44 }, // U+0148
    { 0x014A, 28 }, // U+014A
    { 0x014B, 44 }, // U+014B
    { 0x014C, 29 }, // U+014C
    { 0x014D, 86 }, // U+014D
    { 0x014E, 29 }, // U+014E
    { 0x014F, 40 }, // U+014F
    { 0x0150, 29 }, // U+0150
    { 0x0151, 40 }, // U+0151
    { 0x0152, 29 }, // U+0152
    { 0x0153, 40 }, // U+0153
    { 0x0154, 28 }, // U+0154
    { 0x0155, 44 }, // U+0155
    { 0x0156, 28 }, // U+0156
    { 0x0157, 44 }, // U+0157
    { 0x0158, 28 }, // U+0158
    { 0x0159, 44 }, // U+0159
    { 0x015A, 3 }, // U+015A
    { 0x015B, 45 }, // U+015B
    { 0x015C, 3 }, // U+015C
    { 0x015D, 45 }, // U+015D
    { 0x015E, 3 }, // U+015E
    { 0x015F, 45 }, // U+015F
    { 0x0160, 3 }, // U+0160
    { 0x0161, 45 }, // U+0161
    { 0x0162, 87 }, // U+0162
    { 0x0163, 46 }, // U+0163
    { 0x0164, 88 }, // U+0164
    { 0x0165, 46 }, // U+0165
    { 0x0166, 89 }, // U+0166
    { 0x0167, 46 }, // U+0167
    { 0x0168, 32 }, // U+0168
    { 0x0169, 90 }, // U+0169
    { 0x016A, 32 }, // U+016A
    { 0x016B, 47 }, // U+016B
    { 0x016C, 32 }, // U+016C
    { 0x016D, 47 }, // U+016D
    { 0x016E, 32 }, // U+016E
    { 0x016F, 47 }, // U+016F
    { 0x0170, 32 }, // U+0170
    { 0x0171, 47 }, // U+0171
    { 0x0172, 32 }, // U+0172
    { 0x0173, 47 }, // U+0173
    { 0x0174, 34 }, // U+0174
    { 0x0175, 49 }, // U+0175
    { 0x0176, 36 }, // U+0176
    { 0x0177, 48 }, // U+0177
    { 0x0178, 36 }, // U+0178
    { 0x0179, 37 }, // U+0179
    { 0x017A, 51 }, // U+017A
    { 0x017B, 37 }, // U+017B
    { 0x017C, 51 }, // U+017C
    { 0x017D, 37 }, // U+017D
    { 0x017E, 51 }, // U+017E
    { 0x017F, 28 }, // U+017F
    { 0x01C5, 91 }, // U+01C5
    { 0x01C6, 40 }, // U+01C6
    { 0x01C8, 28 }, // U+01C8
    { 0x01C9, 28 }, // U+01C9
    { 0x01CB, 28 }, // U+01CB
    { 0x01CC, 44 }, // U+01CC
    { 0x01CD, 27 }, // U+01CD
    { 0x01CE, 69 }, // U+01CE
    { 0x01CF, 28 }, // U+01CF
    { 0x01D0, 92 }, // U+01D0
    { 0x01D1, 29 }, // U+01D1
    { 0x01D2, 40 }, // U+01D2
    { 0x01D3, 32 }, // U+01D3
    { 0x01D4, 47 }, // U+01D4
    { 0x01D5, 32 }, // U+01D5
    { 0x01D6, 47 }, // U+01D6
    { 0x01D7, 32 }, // U+01D7
    { 0x01D8, 47 }, // U+01D8
    { 0x01D9, 32 }, // U+01D9
    { 0x01DA, 47 }, // U+01DA
    { 0x01DB, 32 }, // U+01DB
    { 0x01DC, 47 }, // U+01DC
    { 0x01DD, 86 }, // U+01DD
    { 0x01DE, 27 }, // U+01DE
    { 0x01DF, 69 }, // U+01DF
    { 0x01E0, 27 }, // U+01E0
    { 0x01E1, 69 }, // U+01E1
    { 0x01E2, 27 }, // U+01E2
    { 0x01E3, 69 }, // U+01E3
    { 0x01E4, 29 }, // U+01E4
    { 0x01E5, 40 }, // U+01E5
    { 0x01E6, 29 }, // U+01E6
    { 0x01E7, 40 }, // U+01E7
    { 0x01E8, 28 }, // U+01E8
    { 0x01E9, 28 }, // U+01E9
    { 0x01EA, 29 }, // U+01EA
    { 0x01EB, 40 }, // U+01EB
    { 0x01EC, 29 }, // U+01EC
    { 0x01ED, 40 }, // U+01ED
    { 0x01EF, 46 }, // U+01EF
    { 0x01F0, 43 }, // U+01F0
    { 0x01F2, 28 }, // U+01F2
    { 0x01F3, 86 }, // U+01F3
    { 0x01F4, 29 }, // U+01F4
    { 0x01F5, 40 }, // U+01F5
    { 0x01F6, 91 }, // U+01F6
    { 0x01F8, 28 }, // U+01F8
    { 0x01F9, 44 }, // U+01F9
    { 0x01FA, 27 }, // U+01FA
    { 0x01FB, 69 }, // U+01FB
    { 0x01FC, 27 }, // U+01FC
    { 0x01FD, 69 }, // U+01FD
    { 0x01FE, 29 }, // U+01FE
    { 0x01FF, 40 }, // U+01FF
    { 0x0200, 27 }, // U+0200
    { 0x0201, 69 }, // U+0201
    { 0x0202, 27 }, // U+0202
    { 0x0203, 69 }, // U+0203
    { 0x0204, 28 }, // U+0204
    { 0x0205, 40 }, // U+0205
    { 0x0206, 28 }, // U+0206
    { 0x0207, 40 }, // U+0207
    { 0x0208, 66 }, // U+0208
    { 0x0209, 93 }, // U+0209
    { 0x020A, 66 }, // U+020A
    { 0x020B, 94 }, // U+020B
    { 0x020C, 29 }, // U+020C
    { 0x020D, 40 }, // U+020D
    { 0x020E, 29 }, // U+020E
    { 0x020F, 40 }, // U+020F
    { 0x0210, 28 }, // U+0210
    { 0x0211, 44 }, // U+0211
    { 0x0212, 28 }, // U+0212
    { 0x0213, 44 }, // U+0213
    { 0x0214, 32 }, // U+0214
    { 0x0215, 47 }, // U+0215
    { 0x0216, 32 }, // U+0216
    { 0x0217, 47 }, // U+0217
    { 0x0218, 3 }, // U+0218
    { 0x0219, 45 }, // U+0219
    { 0x021A, 31 }, // U+021A
    { 0x021B, 46 }, // U+021B
    { 0x021E, 28 }, // U+021E
    { 0x021F, 28 }, // U+021F
    { 0x2018, 95 }, // U+2018
    { 0x2019, 96 }, // U+2019
    { 0x201A, 97 }, // U+201A
    { 0x201B, 98 }, // U+201B
    { 0x201C, 95 }, // U+201C
    { 0x201D, 96 }, // U+201D
    { 0x201E, 97 }, // U+201E
    { 0x201F, 99 }, // U+201F
    { 0x2020, 54 }, // U+2020
    { 0x2021, 54 }, // U+2021
    { 0x2022, 100 }, // U+2022
    { 0x2023, 100 }, // U+2023
    { 0x2026, 101 }, // U+2026
    { 0x2034, 102 }, // U+2034
    { 0x2039, 55 }, // U+2039
    { 0x203A, 64 }, // U+203A
    { 0x203D, 25 }, // U+203D
    { 0x2043, 100 }, // U+2043
    { 0x2044, 103 }, // U+2044
    { 0x204A, 46 }, // U+204A
    { 0x204B, 28 }, // U+204B
    { 0x204C, 100 }, // U+204C
    { 0x204D, 44 }, // U+204D
    { 0x204F, 22 }, // U+204F
    { 0x2074, 104 }, // U+2074
    { 0x2077, 105 }, // U+2077
    { 0x2079, 106 }, // U+2079
    { 0x207E, 107 }, // U+207E
    { 0x207F, 108 }, // U+207F
    { 0x2080, 109 }, // U+2080
    { 0x2081, 109 }, // U+2081
    { 0x2082, 109 }, // U+2082
    { 0x2083, 109 }, // U+2083
    { 0x2084, 110 }, // U+2084
    { 0x2086, 109 }, // U+2086
    { 0x2087, 111 }, // U+2087
    { 0x2088, 109 }, // U+2088
    { 0x2089, 109 }, // U+2089
    { 0x208A, 109 }, // U+208A
    { 0x208B, 109 }, // U+208B
    { 0x208C, 109 }, // U+208C
    { 0x208D, 109 }, // U+208D
    { 0x208E, 109 }, // U+208E
    { 0x2090, 109 }, // U+2090
    { 0x2091, 109 }, // U+2091
    { 0x2092, 109 }, // U+2092
    { 0x2093, 109 }, // U+2093
    { 0x2095, 109 }, // U+2095
    { 0x2096, 109 }, // U+2096
    { 0x2097, 109 }, // U+2097
    { 0x2098, 109 }, // U+2098
    { 0x2099, 109 }, // U+2099
    { 0x209A, 109 }, // U+209A
    { 0x209B, 109 }, // U+209B
    { 0x209C, 109 }, // U+209C
    { 0x20A1, 29 }, // U+20A1
    { 0x20A8, 28 }, // U+20A8
    { 0x20A9, 53 }, // U+20A9
    { 0x20AB, 40 }, // U+20AB
    { 0x20B2, 29 }, // U+20B2
    { 0x20B4, 112 }, // U+20B4
    { 0x20B5, 29 }, // U+20B5
    { 0x20B8, 113 }, // U+20B8
    { 0x20BF, 28 }, // U+20BF
    { 0x2192, 8 }, // U+2192
    { 0x21D2, 24 }, // U+21D2
    { 0x2206, 27 }, // U+2206
    { 0x2212, 8 }, // U+2212
    { 0x221E, 114 }, // U+221E
    { 0x222B, 43 }, // U+222B
    { 0x2236, 22 }, // U+2236
    { 0x2248, 24 }, // U+2248
    { 0x2260, 24 }, // U+2260
    { 0x2264, 24 }, // U+2264
    { 0x2265, 24 }, // U+2265
};

static const int8_t inter_12_italicKernMatrix[] = {
       0,    0,    0,    0,  -13,    0,    0,    0,  -33,    0,  -33,    0,    0,    0,    0,    0,  -25,    0,    0,    0,    0,    0,    0,    0,    0,    0,  -32,    0,    0,  -66,    0,    0,    0,    0,    0,    0,    0,    0,    0,   -9,    0,    0,    0,    0,   -3,    0,    0,    0,    0,    0,    0,    0,    0,    0,    0,    0,    0,    0,    0,    0,    0,    0,    0,    0,    0,    0,    0,    0,    0,    0,    0,   -9,    0,    0,    0,    0,   -9,    0,    0,    0,    0,    0,    0,    0,    0,   -9,    0,    0,    0,    0,    0,    0,    0,    0,    0,    0,    0,    0,    0,    0,  -33,    0,    0,    0,    0,    0,    0,    0,    0,    0,    0,    0,    0,    0,
       0,    0,    0,    0,    0,    0,    0,    0,    0,    0,    0,    0,    0,    0,    0,    0,    0,    0,    0,    0,    0,    0,    0,    0,    0,    0,    0,    0,    0,    0,   -3,    0,    0,    0,   -4,    0,    0,    0,    0,    0,    0,    0,    0,    0,    0,    0,    0,    0,    0,    0,    0,    0,    0,    0,    0,    0,    0,    0,    0,    0,    0,    0,    0,    0,    0,    0,    0,    0,    0,    0,    0,    0,    0,    0,    0,   18,    0,    0,    0,    0,    0,    0,   18,   18,    0,    0,   -3,   -3,   -3,    0,    0,    0,    0,   18,    0,    0,    0,    0,    0,    0,    0,    0,    0,    0,    0,    0,    0,    0,    0,  -26,    0,    0,    0,    0,
       0,    0,    0,    0,    0,    0,    0,    0,    0,    0,    0,    0,    0,    0,    0,    0,    0,    0,    0,    0,    0,    0,    0,    0,    0,    0,    0,    0,    0,    0,    0,    0,    0,    0,    0,    0,    0,    0,    0,    0,    0,    0,    0,    0,    0,    0,    0,    0,    0,    0,    0,    0,    0,    0,    0,    0,    0,    0,    0,    0,    0,    0,    0,    0,    0,    0,    0,    0,    0,    0,    0,    0,    0,    0,    0,    0,    0,    0,    0,    0,    0,    0,    0,    0,    0,    0,    0,    0,    0,    0,    0,    0,    0,    0,  -25,  -27,    0,    0,    0,    0,    0,  -27,    0,    0,    0,    0,    0,    0,    0,    0,    0,    0,    0,    0,
     -13,    0,    0,    0,    0,    0,    0,    0,    0,    0,    0,    0,    0,    0,    0,    0,    0,    0,    0,    0,    0,    0,    0,    0,    0,    0,    0,    0,    0,    0,  -23,    0,  -25,  -16,    0,  -29,    0,    0,    0,    0,    0,    0,    0,    0,    0,    0,    0,  -13,  -13,    0,    0,    0,    0,  -16,    0,    0,   -9,    0,    0,    0,    0,    0,    0,    0,    0,    0,    0,    0,    0,    0,    0,    0,    0,    0,    0,    0,    0,    0,  -13,    0,    0,    0,    0,    0,    0,    0,  -23,  -23,  -23,    0,    0,    0,    0,    0,  -36,    0,    0,    0,    0,    0,    0,    0,    0,    0,    0,    0,    0,    0,    0,    0,    0,    0,    0,    0,
       0,    0,    0,    0,    0,    0,    0,    0,    0,    0,    0,    0,    0,    0,    0,    0,    0,    0,    0,    0,    0,    0,    0,    0,    0,    0,    0,    0,    0,    0,    0,    0,    0,    0,    0,    0,    0,    0,    0,   -4,    0,    0,   11,    0,    0,    0,    0,    0,    0,    0,    0,    0,    0,    0,    0,    0,    0,    0,    0,    0,    0,    0,    0,    0,    0,    0,    0,    0,    0,    0,    0,   -4,    0,    0,    0,    0,   -4,    0,    0,    0,    0,    0,    0,    0,   11,   -4,    0,    0,    0,    0,    0,    0,   57,    0,    0,    0,    0,    0,    0,    0,    0,    0,    0,    0,    0,    0,    0,    0,    0,    0,    0,    0,    0,    0,
       0,    0,    0,    0,    0,    0,    0,    0,    0,    0,    0,    0,    0,    0,    0,    0,    0,    0,    0,    0,    0,    0,    0,    0,    0,    0,    0,    0,    0,    0,    0,    0,    0,    0,    0,    0,    0,    0,    0,    0,    0,    0,    0,    0,    0,    0,    0,    0,    0,    0,    0,    0,    0,    0,    0,    0,    0,    0,    0,    0,    0,    0,    0,    0,    0,    0,    0,    0,    0,    0,    0,    0,    0,    0,    0,    0,    0,    0,    0,    0,    0,    0,    0,    0,    0,    0,    0,    0,    0,    0,    0,    0,    3,    0,  -13,    0,    0,    0,    0,    0,    0,    0,    0,    0,    0,    0,    0,    0,    0,    0,    0,    0,    0,    0,
       0,    0,    0,    0,  -13,    0,    0,    0,  -54,    0,  -54,    0,    0,    0,    0,    0,  -18,    0,    0,    0,    0,    0,    0,    0,    0,   -4,  -32,    0,   -4,  -38,    0,    0,    0,    0,    0,    0,    0,    0,  -27,    0,    0,    0,    0,    0,    0,    0,    0,    0,    0,    0,    0,    0,    0,    0,    0,    0,    0,    0,    0,    0,    0,    0,    0,    0,    0,    0,    0,    0,    0,    0,    0,    0,    0,    0,    0,    0,    0,    0,    0,    0,    0,    0,    0,    0,    0,    0,    0,    0,    0,    0,    0,    0,    0,    0,    0,    0,    0,    0,    0,    0,  -54,    0,    0,    0,    0,    0,    0,    0,    0,    0,    0,    0,    0,    0,
       0,    0,    0,    0,    0,    0,    0,    0,    0,    0,    0,    0,    0,    0,  -13,   -4,    0,    0,   -9,    0,    0,    0,    0,    0,    0,    0,  -13,    0,    0,  -18,  -29,    0,  -20,  -20,  -15,  -32,    0,    0,    0,    0,    0,    0,    0,    0,    0,    0,    0,   -1,    0,   -9,    0,    0,    0,    0,    0,    0,    0,    0,    0,    0,   -7,    0,    0,    0,    0,    0,    0,    0,    0,    0,    0,    0,    0,    0,    0,    0,    0,    0,   -1,    0,    0,    0,    0,    0,    0,    0,  -43,  -43,  -29,    0,    0,    0,    0,    0,  -25,    0,    0,    0,    0,    0,    0,    0,    0,    0,    0,    0,    0,    0,    0,    0,    0,    0,    0,    0,
     -33,    0,    0,    0,    0,    0,    0,    0,    0,    0,    0,    0,  -10,  -36,    0,   -9,    0,   -6,   -6,   -8,   -3,    0,    0,    0,  -40,  -18,    0,    0,  -18,    0,  -13,    0,    0,    0,    0,  -13,    0,    0,    0,    0,    0,    0,    0,    0,    0,    0,    0,    0,    0,    0,    0,    0,    0,    0,    0,    0,    0,    0,    0,    0,  -21,    0,    0,    0,    0,    0,    0,    0,    0,    0,    0,    0,    0,    0,    0,    0,    0,    0,    0,    0,    0,    0,    0,    0,    0,    0,  -13,  -13,  -13,    0,    0,    0,    0,    0,    0,  -23,    0,  -54,  -54,    0,    0,  -23,    0,    0,    0,    0,    0,    0,    0,    0,    0,    0,    0,    0,
       0,    0,    0,    0,    0,    0,    0,    0,  -16,    0,  -16,    0,    0,    0,    0,    0,    0,    0,    0,    0,    0,    0,    0,    0,    0,    0,  -10,    0,    0,  -25,    0,    0,    0,    0,    0,    0,    0,    0,    0,    0,    0,    0,    0,    0,    0,    0,    0,    0,    0,    0,    0,    0,    0,    0,    0,    0,    0,    0,    0,    0,    0,    0,    0,    0,    0,    0,    0,    0,    0,    0,    0,    0,    0,    0,    0,    0,    0,    0,    0,    0,    0,    0,    0,    0,    0,    0,    0,    0,    0,    0,    0,    0,   27,    0,    0,    0,    0,    0,    0,    0,  -16,    0,    0,    0,    0,    0,    0,    0,    0,    0,    0,    0,    0,    0,
       0,    0,    0,    0,    0,    0,    0,    0,  -10,    0,  -10,    0,    0,    0,    0,    0,    0,    0,   -8,    0,    0,    0,    0,    0,    0,    0,   -2,    0,    0,    0,    0,    0,   -5,    0,  -14,  -13,    0,    0,  -18,    0,    0,    0,    0,    0,    0,    6,    0,    0,    0,    0,    0,    0,    0,    0,    0,    0,    0,    0,    0,    0,    0,    0,    0,    0,    0,    0,    0,    0,    0,    0,    0,    0,    0,    0,    0,    0,    0,    0,    0,    0,    0,    0,    0,    0,    0,    0,    0,    0,    0,    0,    0,    0,    0,    0,  -18,    0,  -20,    0,    0,    0,  -10,    0,    0,    0,    0,    0,    0,    0,    0,    0,    0,    0,    0,    0,
       0,    0,    0,    0,    0,    0,    0,    0,    0,    0,    0,    0,    0,    0,    0,    0,    0,    0,    0,    0,    0,    0,    0,    0,    0,    0,    0,    0,    0,    0,    0,    0,    0,    0,    0,    0,    0,    0,    0,    0,    0,    0,    0,    0,    0,    5,    0,    2,    0,    0,    0,    0,    0,    0,    0,    0,    0,    0,    0,    0,    0,    0,    0,    0,    0,    0,   13,    0,    0,    0,    0,    0,    0,    0,    0,   25,    0,    0,    2,    0,   13,    0,   25,   25,    0,    0,    0,    0,    0,    0,    0,    0,   19,   25,    0,    0,    0,    0,    0,    0,    0,    0,    0,    0,    0,    0,    0,    0,    0,    0,    0,    0,    0,    0,
       0,    0,    0,    0,    0,    0,    0,    0,    0,    0,    0,    0,    0,    0,    0,    0,   -6,    0,    0,    0,    0,    0,    0,    0,    0,    0,    0,    0,    0,    0,    0,    0,    0,    0,    0,    0,    0,    0,    0,    0,    0,    0,    0,    0,    0,    0,    0,    0,    0,    0,    0,    0,    0,    0,    0,    0,    0,    0,    0,    0,    0,    0,    0,    0,    0,    0,    0,    0,    0,    0,    0,    0,    0,    0,    0,    0,    0,    0,    0,    0,    0,    0,    0,    0,    0,    0,    0,    0,    0,    0,    0,    0,    0,    0,    0,    0,    0,    0,    0,    0,    0,    0,    0,    0,    0,    0,    0,    0,    0,    0,    0,    0,    0,    0,
       0,    0,    0,    0,    0,    0,   -7,    0,   -9,    0,   -9,    0,    0,    0,    0,    0,    0,    0,    0,    0,    0,    0,    0,    0,    0,    0,    0,    0,    0,    0,    0,    0,    0,    0,   -8,    0,    0,   -7,    0,    0,    0,    0,    0,    0,    0,    0,    0,    0,    0,    0,    0,    0,    0,    0,  -13,    0,    0,   -7,    0,    0,    0,    0,    0,    0,    0,    0,    0,    0,    0,    0,    0,    0,    0,    0,    0,    0,    0,    0,    0,    0,    0,    0,    0,    0,    0,    0,    0,    0,    0,    0,    0,    0,    0,    0,    0,    0,  -20,    0,    0,    0,   -9,    0,    0,    0,    0,    0,    0,    0,    0,    0,    0,    0,    0,    0,
       0,    0,    0,    0,    0,    0,  -10,    0,  -13,    0,  -13,    0,    0,  -10,    0,    0,    0,    0,   -4,    0,    0,    0,    0,    0,    0,    0,    0,    0,    0,    0,    0,    0,    0,    0,    0,    0,    0,  -10,    0,    0,    0,    0,    0,    0,    0,   -2,    0,    0,    0,    0,    0,    0,    0,    0,    0,    0,   -2,  -10,    0,    0,  -16,    0,    0,    0,    0,    0,    0,    0,    0,    0,    0,    0,    0,    0,    0,    0,    0,    0,    0,    0,    0,    0,    0,    0,    0,    0,    0,    0,    0,    0,    0,    0,    0,    0,    0,    0,    0,    0,    0,    0,  -13,    0,    0,    0,    0,    0,    0,    0,    0,    0,    0,    0,    0,    0,
       0,    0,    0,    0,    0,    0,   -2,    0,  -11,    0,  -11,    0,    0,   -2,    0,    0,    0,    0,    0,    0,    0,    0,    0,    0,    0,    0,    0,    0,    0,    0,    0,    0,    0,    0,    0,    0,    0,   -2,    0,    0,    0,    0,    0,    0,    0,   -1,    0,    0,    0,    0,    0,    0,    0,    0,    0,    0,   -2,   -2,    0,    0,    0,    0,    0,    0,    0,    0,    0,    0,    0,    0,    0,    0,    0,    0,    0,    0,    0,    0,    0,    0,    0,    0,    0,    0,    0,    0,    0,    0,    0,    0,    0,    0,    0,    0,    0,    0,    0,    0,    0,    0,  -11,    0,    0,    0,    0,    0,    0,    0,    0,    0,    0,    0,    0,    0,
       0,    0,    0,    0,    0,    0,    0,    0,  -13,    0,  -13,    0,    0,    0,    0,    0,    0,    0,    0,    0,    0,    0,    0,    0,    0,    0,    0,    0,    0,    0,    0,    0,    0,    0,    0,    0,    0,    0,  -18,    0,    0,    0,    0,    0,    0,    0,    0,    0,    0,    0,    0,    0,    0,    0,    0,    0,    0,    0,    0,    0,    0,    0,    0,    0,    0,    0,    0,    0,    0,    0,    0,    0,    0,    0,    0,    0,    0,    0,    0,    0,    0,    0,    0,    0,    0,    0,    0,    0,    0,    0,    0,    0,    0,    0,    0,    0,  -18,    0,    0,    0,  -13,    0,    0,    0,    0,    0,    0,    0,    0,    0,    0,    0,    0,    0,
       0,  -23,    0,    1,  -18,    0,    2,    0,  -50,    0,  -50,    0,   -6,    0,    0,   -7,  -23,   -4,    8,   -6,   -4,  -13,  -36,    0,    0,    0,  -43,    0,    0,  -38,    0,    0,    0,    0,    0,    0,    0,    2,  -63,  -20,    0,    0,    0,  -20,  -18,    0,    0,    0,    0,    0,    0,    0,    0,    0,  -25,    0,    0,    2,    0,    0,    0,    0,    0,    0,    0,    0,    0,    0,  -18,  -18,  -18,  -20,    0,    0,    0,   36,  -20,    0,    0,  -18,    0,    0,   36,   36,    0,  -20,    0,    0,    0,    0,    0,    0,    0,   36,    0,    0,  -57,    0,    0,    0,  -50,    0,    0,    0,    0,    0,    0,    0,    0,  -36,    0,    0,    0,    0,
       0,    0,    0,    0,    0,    0,    0,    0,    0,    0,    0,    0,    0,    0,    0,    0,    0,    0,    0,    0,    0,    0,    0,    0,    0,    0,    0,    0,    0,    0,  -13,    0,  -25,    0,    0,    0,    0,    0,    0,    0,    0,    0,    0,    0,    0,    0,    0,    0,    0,    0,    0,    0,    0,    0,    0,    0,    0,    0,    0,    0,    0,    0,    0,    0,    0,    0,    0,    0,    0,    0,    0,    0,    0,    0,    0,    0,    0,    0,    0,    0,    0,    0,    0,    0,    0,    0,  -13,  -13,  -13,    0,    0,    0,    0,    0,  -18,    0,    0,    0,    0,    0,    0,    0,    0,    0,    0,    0,    0,    0,    0,    0,    0,    0,    0,    0,
       0,    0,    0,    0,    0,    0,    0,    0,    0,    0,    0,    0,    0,    0,    0,    0,    0,    0,    0,    0,    0,    0,    0,    0,    0,    0,  -20,    0,    0,    0,  -18,    0,  -27,  -25,  -20,  -38,    0,    0,    0,    0,    0,    0,    0,    0,    0,    0,    0,  -16,    0,  -13,    0,    0,    0,    0,    0,    0,    0,    0,    0,    0,    0,    0,    0,    0,    0,    0,    0,    0,    0,    0,    0,    0,    0,    0,    0,    0,    0,    0,  -16,    0,    0,    0,    0,    0,    0,    0,  -18,  -18,  -18,    0,    0,    0,    0,    0,  -23,    0,    0,    0,    0,    0,    0,    0,    0,    0,    0,    0,    0,    0,    0,    0,    0,    0,  -16,    0,
       0,    0,    0,    0,    0,    0,    0,    0,    0,    0,    0,    0,    0,    0,    0,    0,    0,    0,  -29,    0,    0,    0,    0,    0,    0,    0,    0,    0,    0,    0,  -32,    0,  -29,  -29,  -23,  -36,  -25,    0,    0,    0,    0,    0,    0,    0,    0,    0,    0,    0,    0,    0,    0,    0,    0,    0,    0,    0,    0,    0,    0,    0,    0,    0,    0,    0,    0,    0,    0,    0,    0,    0,    0,    0,    0,    0,    0,    0,    0,    0,    0,    0,    0,    0,    0,    0,    0,    0,  -32,  -32,  -32,    0,    0,    0,    0,    0,  -38,    0,    0,    0,    0,    0,    0,    0,    0,    0,    0,    0,    0,    0,    0,    0,    0,    0,  -29,    0,
       0,    0,    0,    0,    0,    0,    0,    0,    0,    0,    0,    0,    0,    0,    0,    0,    0,    0,    0,    0,    0,    0,    0,    0,    0,    0,  -25,    0,    0,    0,    0,    0,    0,    0,    0,    0,    0,    0,    0,    0,    0,    0,    0,    0,    0,    0,    0,    0,    0,    0,    0,    0,    0,    0,    0,    0,    0,    0,    0,    0,    0,    0,    0,    0,    0,    0,    0,    0,    0,    0,    0,    0,    0,    0,    0,    0,    0,    0,    0,    0,    0,    0,    0,    0,    0,    0,    0,    0,    0,    0,    0,    0,    0,    0,    0,    0,    0,    0,    0,    0,    0,    0,    0,    0,    0,    0,    0,    0,    0,    0,    0,    0,    0,    0,
       0,    0,    0,    0,    0,    0,    0,    0,  -18,    0,  -18,  -16,    0,    0,    0,    0,    0,    0,    0,    0,    0,    0,    0,    0,    0,    0,  -13,    0,    0,    0,  -13,    0,  -13,   -2,  -16,  -15,    0,    0,  -16,    0,    0,    0,    0,    0,    0,    0,    0,    0,    0,    0,    0,    0,    0,    0,    0,    0,   -2,    0,    0,    0,    0,    0,    0,    0,    0,    0,    0,    0,    0,    0,    0,    0,    0,    0,    0,    0,    0,    0,    0,    0,    0,    0,    0,    0,    0,    0,  -13,  -13,  -13,    0,    0,    0,    0,    0,  -13,    0,  -16,    0,    0,    0,  -18,    0,    0,    0,    0,    0,    0,    0,  -16,  -40,    0,    0,    0,    0,
     -32,    0,    0,    0,    0,    0,  -32,  -13,    0,  -13,    0,    8,   -2,  -17,    0,    0,    0,    0,    0,    0,    0,    0,    0,  -20,  -25,  -13,    5,    0,  -13,    0,  -35,  -10,  -30,  -23,    0,  -32,    0,  -32,    0,   -2,    0,    2,    0,    0,    0,   -9,    0,  -27,  -27,    0,    0,  -13,    0,  -29,  -13,  -13,  -28,  -32,    0,    0,  -20,  -13,    0,  -13,    0,    0,    0,  -13,    0,    0,    0,   -2,    2,    2,    2,    0,   -2,    0,  -27,    0,    0,    0,    0,    0,    0,   -2,  -35,  -35,  -58,    0,    0,    2,    0,    0,  -52,  -41,    0,    0,    0,  -13,    0,  -41,   -3,    0,    0,    0,    0,    0,    0,    0,    0,    0,  -20,    0,
       0,    0,    0,    0,    0,    0,    0,    0,    0,    0,    0,    0,    0,    0,    0,    0,    0,    0,    0,    0,    0,    0,    0,    0,    0,    0,    0,    0,    0,    0,  -21,    0,    0,    0,    0,    0,    0,    0,    0,    0,    0,    0,    0,    0,    0,    0,    0,    0,    0,    0,    0,    0,    0,    0,    0,    0,    0,    0,    0,    0,    0,    0,    0,    0,    0,    0,    0,    0,    0,    0,    0,    0,    0,    0,    0,   13,    0,    0,    0,    0,    0,    0,   13,   13,    0,    0,  -21,  -21,  -21,    0,    0,    0,    0,   13,  -20,    0,    0,    0,    0,    0,    0,    0,    0,    0,    0,    0,    0,    0,    0,    0,    0,    0,    0,    0,
       0,    0,    0,    0,    0,    0,    0,    0,    0,    0,    0,    0,    0,    0,    0,    0,    0,    0,    0,    0,    0,    0,    0,    0,    0,    0,   -7,    0,    0,    0,    0,    0,    0,    0,   -2,    0,    0,    0,  -16,    0,    0,    0,    0,    0,    0,    0,    0,    0,    0,    0,    0,    0,    0,    0,    0,    0,    0,    0,    0,    0,    0,    0,    0,    0,    0,    0,    0,    0,    0,    0,    0,    0,    0,    0,    0,   13,    0,    0,    0,    0,    0,    0,   13,   13,    0,    0,    0,    0,    0,    0,    0,    0,    0,   13,    0,    0,    0,    0,    0,    0,    0,    0,    0,    0,    0,    0,    0,    0,    0,    0,    0,    0,    0,    0,
       0,    0,    0,    0,    0,    0,    0,    0,    0,    0,    0,    0,    0,    0,    0,    0,    0,    0,    0,    0,    0,    0,    0,    0,    0,    0,    0,    0,    0,    0,    0,    0,    0,    0,    0,    0,    0,    0,    0,    0,    0,    0,    0,    0,    0,    0,    0,    0,    0,    0,    0,    0,    0,    0,    0,    0,    0,    0,    0,    0,    0,    0,    0,    0,    0,    0,    0,    0,    0,    0,    0,    0,    0,    0,    0,   29,    0,    0,    0,    0,    0,    0,   29,   29,    0,    0,    0,    0,    0,    0,    0,    0,   22,   29,    0,    0,    0,    0,    0,    0,    0,    0,    0,    0,    0,    0,    0,    0,    0,    0,    0,    0,    0,    0,
       0,    0,    0,    0,    0,    0,    0,    0,  -16,    0,  -29,   -1,    0,    0,    0,    0,    0,    0,    0,    0,    0,    0,    0,    0,    0,   -1,  -36,    0,   -1,  -27,    0,    0,    0,    0,    0,    0,    0,    0,  -13,  -13,    0,    0,    0,  -10,    0,    0,  -13,  -13,    0,    0,  -13,    0,    0,    0,    0,    0,    0,    0,    0,  -13,    0,    0,    0,    0,    0,    0,    0,    0,   -9,   -9,   -9,  -13,    0,    0,    0,    0,  -13,  -13,  -13,   -9,    0,    0,    0,    0,    0,  -13,    0,    0,    0,  -13,    0,    0,   46,    0,    0,    0,  -48,    0,    0,    0,  -50,    0,    0,    0,    0,    0,    0,    0,    0,  -23,    0,    0,    0,    0,
       0,    0,    0,    0,    0,    0,    0,    0,    0,    0,    0,    0,    0,    0,    0,    0,    0,    0,    0,    0,    0,    0,    0,    0,    0,    0,   -9,    0,    0,    0,  -12,    0,   -9,    0,   -2,   -9,    0,    0,    0,    0,    0,    0,    0,    0,    0,    0,    0,    0,    0,    0,    0,    0,    0,    0,    0,    0,    0,    0,    0,    0,    0,    0,    0,    0,    0,    0,    0,    0,    0,    0,    0,    0,    0,    0,    0,   13,    0,    0,    0,    0,    0,    0,   13,   13,    0,    0,  -12,  -12,  -12,    0,    0,    0,    9,   13,    0,    0,    0,    0,    0,    0,    0,    0,    0,    0,    0,    0,    0,    0,    0,    0,    0,    0,    0,    0,
       0,    0,    0,    0,    0,    0,    0,    0,  -13,    0,  -13,  -23,    0,    0,    0,    0,    0,    0,    0,    0,    0,    0,    0,    0,    0,    0,  -10,    0,    0,    0,    0,    0,    0,    0,    0,    0,    0,    0,  -20,    0,    0,    0,    0,    0,    0,    0,    0,    0,    0,    0,    0,    0,    0,    0,    0,    0,    0,    0,    0,    0,    0,    0,    0,    0,    0,    0,    0,    0,    0,    0,    0,    0,    0,    0,    0,    0,    0,    0,    0,    0,    0,    0,    0,    0,    0,    0,    0,    0,    0,    0,    0,    0,   19,    0,    0,    0,  -32,    0,    0,    0,  -13,    0,    0,    0,    0,    0,    0,    0,    0,    0,    0,    0,    0,    0,
       0,    0,   -5,    0,    0,    0,    0,  -43,    0,  -43,    0,    0,    0,    0,    0,    0,    0,    0,    0,    0,    0,    0,  -27,  -13,    0,  -14,    0,    0,  -14,    0,    0,    0,    0,    0,    0,    0,    0,    0,    0,  -16,    0,    5,    0,    0,    0,    0,  -13,  -16,  -25,    0,    0,  -43,    0,    0,  -20,  -63,   -6,    0,    0,  -13,    0,  -61,    0,    0,    0,    0,    0,  -13,    0,    0,    0,  -16,    5,    5,    5,   34,  -16,  -13,  -16,    0,    0,    0,   34,   34,    0,  -16,    0,    0,    0,  -13,    0,    5,   34,   34,    0,    0,    0,    0,    0,  -13,    0,    0,    0,    0,    0,    0,    0,    0,    0,    0,    0,    0,    0,  -13,
     -36,    0,    0,    0,    0,    0,  -68,  -34,    0,  -54,    0,    0,    0,  -18,    0,    0,    0,    0,    0,    0,    0,    0,    0,    0,   -7,  -11,    0,    0,  -11,    0,  -39,    0,  -27,    0,    0,  -23,    0,  -52,    0,    0,    0,    0,    0,    0,    0,   -9,    0,  -27,    0,    0,    0,  -50,    0,  -38,  -25,  -86,  -32,  -70,    0,    0,  -35,  -59,    0,    0,    0,    0,    0,  -13,    0,    0,    0,    0,    0,    0,    0,    0,    0,    0,  -27,    0,    0,    0,    0,    0,    0,    0,  -39,  -39,  -39,    0,    0,    0,    0,    0,  -34,  -16,    0,  -18,  -18,  -13,    0,  -43,    0,    0,    0,    0,    0,    0,    0,    0,    0,    0,    0,    0,
       0,    0,    0,    0,  -13,    0,    0,  -18,  -16,  -18,  -29,    0,    0,    0,    0,    0,    0,    0,    0,    0,    0,    0,    0,    0,    0,    0,  -29,    0,    0,  -38,   -1,    0,    0,    0,    0,    0,    0,    0,    0,   -4,    0,    0,    0,   -1,    0,    0,    0,    0,    0,    0,    0,  -18,    0,    0,    0,  -18,    0,    0,    0,    0,    0,  -18,    0,    0,    0,    0,    0,    0,   -2,   -2,   -2,   -4,    0,    0,    0,    0,   -4,    0,    0,   -2,    0,    0,    0,    0,    0,   -4,   -1,   -1,   -1,    0,    0,    0,    0,    0,    0,    0,  -57,    0,    0,    0,  -54,    0,    0,    0,    0,    0,    0,    0,    0,  -32,    0,    0,    0,    0,
       0,    0,    0,    0,    0,    0,    0,    0,    0,    0,    0,    0,    0,    0,    0,    0,    0,    0,    0,    0,    0,    0,    0,    0,    0,    0,    0,    0,    0,    0,   -2,    0,   -7,    0,    0,  -10,    0,    0,    0,   -6,    0,    0,    0,    0,    0,    0,    0,    0,    0,    0,    0,    0,    0,    0,    0,    0,    0,    0,    0,    0,    0,    0,    0,    0,    0,    0,    0,    0,   -2,   -2,   -2,   -6,    0,    0,    0,   18,   -6,    0,    0,   -2,    0,    0,   18,   18,    0,   -6,   -2,   -2,   -2,    0,    0,    0,    0,   18,    0,    0,    0,    0,    0,    0,    0,    0,    0,    0,    0,    0,    0,    0,    0,    0,    0,    0,    0,    0,
       0,    0,    0,    0,  -13,    0,    0,  -29,  -13,  -29,  -13,  -52,  -13,    0,    0,    0,  -27,    0,  -32,    0,    0,  -13,  -32,  -13,    0,  -13,  -35,    0,  -13,  -36,    0,    0,    0,    0,    0,    6,    0,    0,  -23,  -35,   -1,    0,    0,  -26,  -33,  -33,  -31,  -29,  -29,  -28,  -23,  -29,    0,    0,  -52,  -29,    0,    0,    0,  -72,    0,  -61,    0,  -20,    0,    0,    0,  -13,  -33,  -49,  -49,  -55,    0,    0,    0,   36,  -55,  -55,  -43,  -33,    0,    0,   36,   36,    0,  -35,    0,    0,    0,  -47,    0,    0,   51,   36,    0,    0,  -48,    0,    0,  -13,  -47,    0,    0,    0,    0,    0,    0,    0,    0,  -50,    0,    0,    0,    0,
       0,    0,    0,    0,  -20,    0,    0,  -20,  -38,  -20,  -38,  -19,   -5,    0,    0,    0,  -13,    0,    0,    0,    0,  -25,  -29,  -25,    0,  -27,  -30,    0,  -13,  -38,    0,    0,    7,    0,    0,    0,    0,    0,  -32,  -22,    0,    0,    0,   -4,  -18,    0,    0,    0,    0,    0,    0,  -20,    0,    0,  -23,  -45,    0,    0,    0,    0,    0,  -36,    0,    0,    0,    0,    0,  -16,  -21,  -21,  -37,  -22,    0,    0,    0,   34,  -40,    0,    0,  -21,    0,    0,   34,   34,    0,  -22,    0,    0,    0,    0,    0,    0,   16,   34,    0,    0,  -45,    0,    0,  -16,  -38,    0,    0,    0,    0,    0,    0,    0,  -53,  -61,    0,    0,    0,    0,
       0,    0,    0,    0,  -20,    0,    0,  -20,  -38,  -20,  -38,    0,    0,    0,    0,    0,  -13,    0,    0,    0,    0,  -20,  -29,  -25,    0,   -2,  -23,    0,   -2,  -25,    0,    0,    0,    9,    0,    0,    0,    0,    0,  -20,    0,    0,    0,  -12,  -13,    0,    0,    0,    0,    0,    0,  -20,    0,    0,  -23,  -20,    0,    0,    0,    0,    0,  -34,    0,    0,    0,    0,    0,    0,  -20,  -20,  -20,  -20,    0,    0,    0,    0,  -20,    0,    0,  -20,    0,    0,    0,    0,    0,  -20,    0,    0,    0,    0,    0,    0,   34,    0,    0,    0,  -43,    0,    0,    0,  -38,    0,    0,    0,    0,    0,    0,    0,  -35,  -43,    0,    0,    0,    0,
       0,    0,   -4,    0,    0,    0,    0,  -15,    0,  -15,    0,    0,  -14,    0,    0,   -8,  -16,    0,    0,   -8,    0,    0,  -23,  -20,    0,  -16,    0,    0,  -16,    0,  -12,    0,    0,    0,    0,    0,    0,    0,    0,  -11,    0,    0,    0,    0,    0,    0,    0,    0,    0,    0,    0,  -29,    0,    0,  -16,  -35,   -3,    0,    0,    0,    0,  -33,    0,    0,    0,    0,    0,  -18,  -23,  -23,  -23,  -11,    0,    0,    0,    0,  -11,    0,    0,  -23,    0,    0,    0,    0,    0,  -11,  -12,  -12,  -12,    0,    0,    0,   34,    0,    0,    0,    0,    0,    0,  -18,    0,    0,    0,    0,    0,    0,    0,    0,    0,    0,    0,  -13,    0,    0,
       0,    0,    0,    0,  -25,    0,    0,  -32,  -13,  -32,  -13,    0,    0,    0,    0,    0,  -27,    0,    0,    0,    0,  -25,  -41,  -38,    0,  -15,  -32,    0,  -15,  -13,    6,    0,    0,    0,    0,    0,    0,    0,    0,  -33,    0,  -11,    0,  -18,  -27,    0,  -16,    0,    0,    0,    0,  -32,    0,    0,  -36,  -52,   -3,    0,    0,  -16,    0,  -52,    0,  -25,    0,    0,    0,  -34,  -31,  -58,  -49,  -33,  -11,  -23,  -11,    0,  -33,  -16,    0,  -51,    0,    0,    0,    0,    0,  -55,    6,    6,    6,  -16,    0,  -11,   34,    0,    0,    0,  -43,    0,    0,  -16,  -52,    0,    0,    0,    0,    0,    0,    0,  -60,  -71,    0,    0,    0,  -13,
       0,    0,    0,    0,    0,    0,    0,  -16,    0,  -16,    0,    0,    0,    0,    0,    0,    0,    0,    0,    0,    0,    0,  -25,    0,    0,  -13,    0,    0,  -13,    0,    0,    0,    0,    0,    0,    0,    0,    0,    0,    0,    0,    0,    0,    0,    0,    0,    0,    0,    0,    0,    0,  -16,    0,    0,  -13,  -16,    0,    0,    0,    0,    0,  -29,    0,    0,    0,    0,    0,    0,    0,    0,    0,    0,    0,    0,    0,   34,    0,    0,    0,    0,    0,    0,   34,   34,    0,    0,    0,    0,    0,    0,    0,    0,   13,   34,    0,    0,    0,    0,    0,    0,    0,    0,    0,    0,    0,    0,    0,    0,    0,    0,    0,    0,    0,    0,
       0,    0,    0,    0,    0,    0,    0,    0,    0,    0,    0,    0,    0,    0,    0,    0,    0,    0,    0,    0,    0,    0,    0,    0,    0,    0,    0,    0,    0,    0,    0,    0,    0,    0,    0,    0,    0,    0,    0,   -4,    0,    0,   11,    0,    0,    0,    0,    0,    0,    0,    0,    0,    0,    0,    0,    0,    0,    0,    0,    0,    0,    0,    0,    0,    0,    0,    0,    0,    0,    0,    0,   -4,    0,    0,    0,    0,   -4,    0,    0,    0,    0,    0,    0,    0,   11,   -4,    0,    0,    0,    0,    0,    0,   34,    0,    0,    0,    0,    0,    0,    0,    0,    0,    0,    0,    0,    0,    0,    0,    0,    0,    0,    0,    0,    0,
     -32,    0,    0,    0,    0,    0,  -32,  -13,    0,  -13,    0,    8,   -2,  -17,    0,    0,    0,    0,    0,    0,    0,    0,    0,  -20,  -25,  -13,    5,    0,  -13,    0,  -51,  -10,  -49,  -46,    0,  -32,    0,  -32,    0,   -2,    0,    2,    0,    0,    0,   -9,    0,  -47,  -27,    0,    0,  -13,    0,  -29,  -13,  -13,  -28,  -32,    0,    0,  -20,  -13,    0,  -13,    0,    0,    0,  -13,    0,    0,    0,   -2,    2,    2,    2,    0,   -2,    0,  -47,    0,    0,    0,    0,    0,    0,   -2,  -51,  -51,  -51,    0,    0,    2,    0,    0,  -69,  -63,    0,    0,    0,  -13,    0,  -63,   -3,    0,    0,    0,    0,    0,    0,    0,    0,    0,  -20,    0,
       0,    0,    0,    0,    0,    0,  -27,    0,    0,    0,    0,    0,  -18,  -43,    0,  -18,  -23,  -18,    0,  -18,  -18,    0,    0,    0,    0,  -16,    0,   11,  -16,    0,  -23,  -16,  -32,    0,    0,    0,    0,  -27,    0,    0,    0,   11,   38,   11,    0,    0,    0,  -32,    0,    0,    0,    0,    0,    0,    0,    0,    0,  -27,    0,    0,  -18,    0,    0,    0,    0,    0,    0,    0,    0,    0,    0,    0,   11,   11,   11,    0,    0,    0,  -32,    0,    0,   11,    0,    0,   38,    0,  -23,  -23,  -23,    0,   11,   11,    0,    0,  -16,    0,    0,    0,    0,    0,    0,    0,    0,    0,    0,    0,    0,    0,    0,    0,    0,    0,  -20,    0,
      -4,    0,    0,    0,    0,    0,    0,    0,    0,    0,    0,    0,    0,  -16,    0,    0,    0,    0,    0,    0,    0,    0,    0,    0,    0,    0,    0,    0,    0,    0,  -30,    0,  -20,  -20,    0,  -29,    0,    0,    0,    0,    0,    0,    0,    0,    0,    0,    0,   -7,    0,    0,    0,    0,    0,    0,    0,    0,   -3,    0,    0,    0,    0,    0,    0,    0,    0,    0,    0,    0,    0,    0,    0,    0,    0,    0,    0,    0,    0,    0,   -7,    0,    0,    0,    0,    0,    0,    0,  -30,  -30,  -30,    0,    0,    0,    0,    0,  -18,  -10,    0,    0,    0,    0,    0,  -10,    0,    0,    0,    0,    0,    0,    0,    0,    0,    0,    0,    0,
      -9,    0,    0,    0,    0,   -4,    0,    0,    0,    0,    0,    0,    0,  -13,    0,    0,    0,    0,    0,    0,    0,    0,    0,    0,    0,    0,  -12,    0,    0,    0,  -36,    0,  -22,  -20,  -11,  -35,    0,    0,    0,    0,    0,    0,    0,    0,    0,    0,    0,   -8,   -7,  -10,   -6,    0,    0,  -13,    0,    0,   -4,    0,    0,    0,    0,    0,    0,    0,    0,    0,    0,    0,    4,    4,    4,    0,    0,    0,    0,    0,    0,    0,   -8,    4,    0,    0,    0,    0,    0,    0,  -36,  -36,  -36,    0,    0,    0,   14,    0,  -25,   -9,    0,    0,    0,    0,    0,   -9,    0,    0,    0,    0,    0,    0,    0,    0,    0,    0,    0,    0,
       0,    0,    0,    0,    0,    0,    0,  -11,  -23,  -11,  -23,  -11,    0,    0,    0,    0,  -25,    0,    0,    0,    0,    0,    0,    0,    0,    0,  -13,    0,    0,  -25,    0,    0,    0,    0,    0,    4,    0,    0,   -6,  -10,  -15,    0,    0,    0,   -9,  -14,    0,    0,    7,    0,    0,  -11,    0,    0,  -16,  -11,    0,    0,    0,    0,    0,  -11,    0,    0,    0,    0,    0,   -9,   -6,   -6,   -6,  -10,    0,    0,    0,   40,  -10,    0,    0,   -6,    0,    0,   40,   56,    0,  -10,    0,    0,    0,    0,    0,    0,   18,   54,    0,    0,  -36,    0,    0,   -9,  -23,    0,    0,    0,    0,    0,    0,    0,    0,  -16,    0,    0,    0,    0,
       0,    0,    0,    0,    0,    0,    0,    0,    0,    0,    0,    0,    0,    0,    0,    0,    0,    0,    0,    0,    0,    0,    0,    0,    0,    0,    0,    0,    0,    0,  -20,    0,    0,    0,    0,    0,    0,    0,    0,    0,    0,    0,    0,    0,    0,    0,    0,    0,    0,    0,    0,    0,    0,    0,    0,    0,    0,    0,    0,    0,    0,    0,    0,    0,    0,    0,    0,    0,    0,    0,    0,    0,    0,    0,    0,    0,    0,    0,    0,    0,    0,    0,    0,    0,    0,    0,  -20,  -20,  -20,    0,    0,    0,    0,    0,    0,    0,    0,    0,    0,    0,    0,    0,    0,    0,    0,    0,    0,    0,    0,    0,    0,    0,    0,    0,
       0,    0,    0,    0,    0,    3,    0,    0,    0,    0,    0,    0,    0,    0,    0,    0,    0,    0,    0,    0,    0,    0,    0,    0,    0,    0,    0,    0,    0,    0,    0,    0,    0,    0,    0,    0,    0,    0,    0,    0,    0,    0,    0,    0,    0,    1,    0,    0,    0,    0,    0,    0,    3,    0,    0,    0,    0,    0,    0,    0,    0,    0,    0,    0,    0,    0,    0,    0,    0,    0,    0,    0,    0,    0,    0,   28,    0,    0,    0,    0,    0,    0,   41,   28,    0,    0,    0,    0,    0,    0,    0,    0,   34,   41,    0,    0,    0,    0,    0,    0,    0,    0,    0,    0,    0,    0,    0,    0,    0,    0,    0,    0,    0,    0,
       0,    0,    0,    0,    0,    0,    0,  -18,    0,  -18,    0,    0,    0,    0,    0,    0,  -18,    0,    0,    0,    0,    0,  -34,    0,    0,    0,    0,    0,    0,    0,  -23,    0,    0,    0,    0,    0,    0,    0,    0,   -9,    0,    0,    0,    0,    0,    0,    0,    0,    0,    0,    0,  -18,    0,    0,  -20,  -45,    0,    0,    0,    0,    0,  -18,    0,    0,    0,    0,    0,    0,    0,    0,    0,   -9,    0,    0,    0,    0,   -9,    0,    0,    0,    0,    0,    0,    0,    0,   -9,  -23,  -23,  -23,    0,    0,    0,    0,    0,    0,    0,    0,    0,    0,    0,    0,    0,    0,    0,    0,    0,    0,    0,    0,    0,    0,    0,    0,    0,
       0,    0,    0,    0,    0,    0,    0,  -16,  -25,  -16,  -25,  -13,    0,    0,    0,    0,    0,    0,    0,    0,    0,    0,  -16,    0,    0,    0,  -16,    4,    0,  -23,  -23,    0,    0,    0,    0,    0,  -13,    0,    0,   -6,    6,    3,    5,    5,    0,    6,    0,    6,    3,    5,    0,  -16,    0,    0,    0,  -29,    0,    0,    0,    0,    0,  -16,    0,    0,    0,    0,    0,    0,   -1,   -1,   -1,   -6,    3,    3,    3,   11,   -6,    0,    6,   -1,    0,    4,   11,   11,    5,   -6,  -23,  -23,  -23,    0,    4,    3,    0,   11,  -16,    6,  -32,    0,    0,    0,  -25,    6,    0,    0,    0,    0,    0,    0,    0,  -20,    0,    0,    0,    0,
      -3,    0,    0,    0,    0,    0,    0,    0,    0,    0,    0,    0,    0,    0,    0,    0,    0,    0,    0,    0,    0,    0,    0,    0,    0,    0,    0,    0,    0,    0,  -29,    0,  -18,  -13,    0,  -29,    0,    0,    0,    0,    0,    0,    0,    0,    0,    1,    0,   -1,    0,    0,    0,    0,    0,    0,    0,    0,   -3,    0,    0,    0,    0,    0,    0,    0,    0,    0,    0,    0,    0,    0,    0,    0,    0,    0,    0,    0,    0,    0,   -1,    0,    0,    0,    0,    0,    0,    0,  -29,  -29,  -29,    0,    0,    0,    0,    0,  -20,    0,   -4,    0,    0,    0,    0,    0,    0,    0,    0,    0,    0,    0,    0,    0,    0,    0,    0,    0,
       0,    0,    0,    0,    0,    0,    0,   -8,    0,   -8,    0,    0,    0,    0,    0,    0,   -6,    0,    0,    0,    0,    0,  -11,    0,    0,    0,    0,    0,    0,    0,  -13,    0,   -4,   -4,    0,   -6,    0,    0,    0,   -4,   -8,    0,    4,    0,   -4,   -3,    0,    9,    7,    0,    0,   -8,    0,    0,    0,   -8,    0,    0,    0,    0,    0,   -8,    0,    0,    0,    0,    0,   -4,    3,    3,    3,   -4,    0,    0,    0,    0,   -4,    0,    9,    3,    0,    0,    0,    0,    4,   -4,  -13,  -13,  -13,    0,    0,    0,   18,    0,  -16,    3,    0,    0,    0,   -4,    0,    3,    0,    0,    0,    0,    0,    0,    0,   13,    0,    0,    0,    0,
       0,    0,    0,    0,    0,    0,    0,  -16,    0,  -16,    0,  -13,    0,    0,    0,    0,    0,    0,    0,    0,    0,    0,  -16,    0,    0,    0,    0,    0,    0,    0,  -20,    0,    0,    0,    0,  -23,    0,    0,  -13,    0,    0,    0,    0,    0,    0,    0,    0,    0,    0,    0,    0,  -16,    0,    0,    0,  -29,    0,    0,    0,    0,    0,  -16,    0,    0,    0,    0,    0,    0,    0,    0,    0,    0,    0,    0,    0,    0,    0,    0,    0,    0,    3,    0,    0,    0,    0,    0,  -20,  -50,  -20,    0,    0,    0,    0,    0,  -16,    6,    0,    0,    0,    0,    0,    6,    0,    0,    0,    0,    0,    0,    0,  -25,    0,    0,    0,    0,
       0,    0,    0,    0,    0,    0,    0,  -13,  -19,  -13,  -19,  -23,    0,    0,    0,    0,    0,    0,    0,    0,    0,    0,  -13,  -16,    0,    0,  -27,    2,    0,  -25,  -13,    0,    0,    0,    0,  -13,    0,    0,  -32,   -8,    6,    0,    0,    0,   -1,    6,    0,    0,    0,    0,    0,  -13,    0,    0,  -16,  -13,    0,    0,    0,    0,    0,  -13,    0,    0,    0,    0,    0,    0,   -3,   -3,   -3,   -8,    0,    0,    0,    0,   -8,    0,    0,   -3,    0,    2,    0,    0,    0,   -8,  -13,  -38,  -13,    0,    2,    0,    3,    0,    0,    3,  -32,    0,    0,    0,  -49,    3,    0,    0,    0,    0,    0,    0,    0,  -20,    0,    0,    0,    0,
       0,    0,    0,    0,  -13,    0,    0,    0,  -29,    0,  -29,    0,    0,    0,    0,    0,    0,    0,    0,    0,    0,    0,    0,    0,    0,    0,  -27,    0,    0,  -23,  -20,    0,    0,    0,    0,    0,  -13,    0,    0,   -7,    0,    0,    0,    0,    0,    0,    0,    0,    0,    0,    0,    0,    0,    0,  -13,    0,    0,    0,    0,    0,    0,    0,    0,    0,    0,    0,    0,    0,    0,    0,    0,   -7,    0,    0,    0,    0,   -7,    0,    0,    0,    0,    0,    0,    0,    0,   -7,  -20,  -20,  -20,    0,    0,    0,    0,    0,    0,    4,  -32,    0,    0,    0,  -29,    4,    0,    0,    0,    0,    0,    0,    0,    0,    0,    0,    0,    0,
       0,    0,    0,    0,    0,    0,    0,   -9,    0,   -9,    0,    0,    0,    0,    0,    0,    0,    0,    0,    0,    0,    0,    0,  -13,    0,    0,    0,    0,    0,    0,  -25,    0,    0,    0,    0,    0,    0,    0,    0,  -10,    7,    0,    0,    0,    0,    7,    0,    0,    0,    0,    0,   -9,    0,    0,  -13,   -9,    0,    0,    0,    0,    0,   -9,    0,    0,    0,    0,    0,    0,   -1,   -1,   -1,  -10,    0,    0,    0,    0,  -10,    0,    0,   -1,    0,    0,    0,    0,    0,  -10,  -25,  -25,  -25,    0,    0,    0,    0,    0,    0,    0,    0,    0,    0,    0,    0,    0,    0,    0,    0,    0,    0,    0,    0,    0,    0,    0,    0,    0,
       0,    0,    0,    0,    0,    0,    0,    0,    0,    0,    0,    0,    0,    0,    0,    0,    0,    0,    0,    0,    0,    0,    0,    0,    0,    0,    0,    0,    0,    0,  -13,    0,    0,    0,    0,    0,    0,    0,    0,   -6,    0,    0,    0,    0,    0,    0,    0,    0,    0,    0,    0,    0,    0,    0,    0,    0,    0,    0,    0,    0,    0,    0,    0,    0,    0,    0,    0,    0,    0,    0,    0,   -6,    0,    0,    0,    0,   -6,    0,    0,    0,    0,    0,    0,    0,    0,   -6,  -13,  -13,  -13,    0,    0,    0,    0,    0,    0,    0,    0,    0,    0,    0,    0,    0,    0,    0,    0,    0,    0,    0,    0,    0,    0,    0,    0,    0,
       0,    0,    0,    0,    0,    0,    0,    0,    0,    0,    0,    0,    0,    0,  -13,   -4,    0,    0,   -9,    0,    0,    0,    0,    0,    0,    0,  -13,    0,    0,  -18,  -29,    0,  -20,  -20,  -29,  -32,    0,    0,    0,    0,    0,    0,    0,    0,    0,    0,    0,   -1,    0,   -9,    0,    0,    0,    0,    0,    0,    0,    0,    0,    0,   -7,    0,    0,    0,    0,    0,    0,    0,    0,    0,    0,    0,    0,    0,    0,    0,    0,    0,   -1,    0,    0,    0,    0,    0,    0,    0,  -43,  -43,  -29,    0,    0,    0,    0,    0,  -25,    0,    0,    0,    0,    0,    0,    0,    0,    0,    0,    0,    0,    0,    0,    0,    0,    0,    0,    0,
       0,    0,    0,    0,    0,    0,    0,    0,    0,    0,    0,    0,    0,    0,    0,    0,    0,    0,    0,    0,    0,    0,    0,    0,    0,    0,    0,    0,    0,    0,  -27,    0,  -13,    0,    0,  -27,    0,    0,    0,    0,    0,    0,    0,    0,    0,    0,    0,    0,    0,    0,    0,    0,    0,    0,    0,    0,    0,    0,    0,    0,    0,    0,    0,    0,    0,    0,    0,    0,    0,    0,    0,    0,    0,    0,    0,    0,    0,    0,    0,    0,    0,    0,    0,    0,    0,    0,  -27,  -27,  -27,    0,    0,    0,    0,    0,  -13,    0,    0,    0,    0,    0,    0,    0,    0,    0,    0,    0,    0,    0,    0,    0,    0,    0,    0,    0,
       0,    0,    0,    0,    0,    0,    0,    0,    0,    0,    0,    0,    0,    0,    0,    0,    0,    0,    0,    0,    0,    0,    0,    0,    0,    0,    0,    0,    0,    0,    0,    0,    0,    0,    0,    0,    0,    0,    0,    0,    0,   13,    0,    0,    0,    0,    0,    0,    0,    0,    0,    0,    0,    0,    0,    0,    0,    0,    0,    0,    0,    0,    0,    0,    0,    0,    0,    0,    0,    0,    0,    0,   13,   13,   13,    0,    0,    0,    0,    0,    0,    0,    0,    0,    0,    0,    0,    0,    0,    0,    0,   13,   18,    0,    0,    0,    0,    0,    0,    0,    0,    0,    0,    0,    0,    0,    0,    0,    0,    0,    0,    0,    0,    0,
       0,    0,    0,    0,  -16,    0,    0,    0,    0,    0,    0,    0,    0,    0,    0,    0,    0,    0,    0,    0,    0,    0,    0,    0,    0,    0,  -29,    0,    0,  -29,    0,    0,    0,    0,    0,    0,    0,    0,    0,  -13,    0,    0,    0,    0,    0,    0,    0,    0,    0,    0,    0,    0,    0,    0,    0,    0,    0,    0,    0,    0,    0,    0,    0,    0,    0,    0,    0,    0,    0,    0,    0,  -13,    0,    0,    0,    0,  -13,    0,    0,    0,    0,    0,    0,    0,    0,  -13,    0,    0,    0,    0,    0,    0,    0,    0,    0,    0,    0,    0,    0,    0,    0,    0,    0,    0,    0,    0,    0,    0,    0,    0,    0,    0,    0,    0,
       0,    0,    0,    0,    0,    0,    0,    0,    0,    0,    0,    0,    0,    0,    0,    0,    0,    0,    0,    0,    0,    0,    0,    0,    0,    0,  -13,    0,    0,    0,  -20,    0,    0,    0,    0,  -25,    0,    0,    0,    0,    0,    0,    0,    0,    0,    0,    0,    0,    0,    0,    0,    0,    0,    0,    0,    0,    0,    0,    0,    0,    0,    0,    0,    0,    0,    0,    0,    0,    0,    0,    0,    0,    0,    0,    0,    0,    0,    0,    0,    0,    0,    0,    0,    0,    0,    0,  -20,  -20,  -20,    0,    0,    0,    0,    0,    0,    0,    0,    0,    0,    0,    0,    0,    0,    0,    0,    0,    0,    0,    0,    0,    0,    0,    0,    0,
       0,    0,    0,    0,  -13,    0,    0,    0,    0,    0,    0,    0,    0,    0,    0,    0,  -20,    0,    0,    0,    0,    0,    0,    0,    0,   -2,  -28,    0,   -2,  -28,    0,    0,    0,    0,   -3,   -3,    0,    0,    0,  -11,    0,    0,    0,    0,   -4,    0,    0,    0,    0,    0,    0,    0,    0,    0,    0,    0,    0,    0,    0,    0,    0,    0,    0,    0,    0,    0,    0,    0,   -4,   -4,   -4,  -11,    0,    0,    0,    0,  -11,    0,    0,   -4,    0,    0,    0,    0,    0,  -11,    0,    0,    0,    0,    0,    0,    0,    0,    0,    0,    0,    0,    0,    0,    0,    0,    0,    0,    0,    0,    0,    0,    0,    0,    0,    0,    0,    0,
       0,    0,    0,    0,    0,    0,    0,    0,    0,    0,    0,    0,    0,    0,    0,    0,    0,    0,    0,    0,    0,    0,    0,    0,    0,    0,    0,    0,    0,    0,    0,    0,    0,    0,    0,    0,    0,    0,    0,    0,    0,    0,    0,    0,    0,    0,    0,    0,    0,    0,    0,    0,    0,    0,    0,    0,    0,    0,    0,    0,    0,    0,    0,    0,    0,    0,    0,    0,    0,    0,    0,    0,    0,    0,    0,    0,    0,    0,    0,    0,    0,    0,    0,    0,    0,    0,    0,    0,    0,    0,    0,    0,    0,    0,    0,    0,    0,    0,    0,    0,    0,    0,    0,   -4,    0,    0,    0,    0,    0,    0,    0,    0,    0,    0,
       0,    0,    0,    0,    0,    0,    0,  -16,    0,  -16,    0,  -13,    0,    0,    0,    0,    0,    0,    0,    0,    0,    0,  -16,    0,    0,    0,    0,    0,    0,    0,  -20,    0,    0,    0,    0,  -23,    0,    0,  -13,    0,    0,    0,    0,    0,    0,    0,    0,    0,    0,    0,    0,  -16,    0,    0,    0,  -29,    0,    0,    0,    0,    0,  -16,    0,    0,    0,    0,    0,    0,    0,    0,    0,    0,    0,    0,    0,    0,    0,    0,    0,    0,    3,    0,    0,    0,    0,    0,  -20,  -50,  -20,    0,    0,    0,    0,    0,  -36,    6,    0,    0,    0,    0,    0,    6,    0,    0,    0,    0,    0,    0,    0,  -25,    0,    0,    0,    0,
       0,    0,    0,    0,    0,    0,    0,    0,    0,    0,    0,    0,    0,    0,  -13,   -4,    0,    0,   -9,    0,    0,    0,    0,    0,    0,    0,  -13,    0,    0,  -18,  -61,    0,  -36,  -20,  -33,  -52,    0,    0,    0,    0,    0,    0,    0,    0,    0,    0,    0,   -1,    0,   -9,    0,    0,    0,    0,    0,    0,    0,    0,    0,    0,   -7,    0,    0,    0,    0,    0,    0,    0,    0,    0,    0,    0,    0,    0,    0,    0,    0,    0,   -1,    0,    0,    0,    0,    0,    0,    0,  -61,  -61,  -61,    0,    0,    0,    0,    0,  -25,    0,    0,    0,    0,    0,    0,    0,    0,    0,    0,    0,    0,    0,    0,    0,    0,    0,    0,    0,
       0,    0,    0,    0,    0,    0,    0,    0,    0,    0,    0,    0,    0,  -16,  -20,  -18,    0,    0,  -20,  -13,    0,    0,    0,    0,    0,    0,  -13,    0,    0,    0,  -52,    0,  -25,  -23,  -16,  -36,  -13,    0,    0,    0,    0,    0,    0,    0,    0,    0,    0,  -13,  -13,  -13,    0,    0,    0,    0,    0,    0,    0,    0,    0,    0,    0,    0,    0,    0,    0,    0,    0,    0,    0,    0,    0,    0,    0,    0,    0,    0,    0,    0,  -13,    0,    0,    0,    0,    0,    0,    0,  -52,  -52,  -52,    0,    0,    0,    0,    0,  -34,    0,    0,    0,    0,    0,    0,    0,    0,    0,    0,    0,    0,    0,    0,    0,    0,    0,    0,    0,
       0,    0,    0,    0,    0,    0,    0,    0,    0,    0,    0,    0,    0,    0,    0,    0,    0,    0,    0,    0,    0,    0,    0,    0,    0,    0,    0,    0,    0,    0,  -27,    0,  -33,  -29,    0,    0,    0,    0,    0,    0,    0,    0,    0,    0,    0,    0,    0,    0,    0,    0,    0,    0,    0,    0,    0,    0,    0,    0,    0,    0,    0,    0,    0,    0,    0,    0,    0,    0,    0,    0,    0,    0,    0,    0,    0,    0,    0,    0,    0,    0,    0,    0,    0,    0,    0,    0,  -27,  -27,  -27,    0,    0,    0,    0,    0,  -25,  -13,    0,    0,    0,    0,    0,  -13,    0,    0,    0,    0,    0,    0,    0,    0,    0,    0,    0,    0,
       0,    0,    0,    0,    0,    0,    0,    0,    0,    0,    0,    0,    0,    0,    0,    0,    0,    0,    0,    0,    0,    0,    0,    0,    0,    0,    0,    0,    0,    0,    0,    0,    0,    0,    0,    0,    0,    0,    0,    0,    0,    0,    0,    0,    0,    0,    0,    0,    0,    0,    0,    0,    0,    0,    0,    0,    0,    0,    0,    0,    0,    0,    0,    0,    0,    0,    0,    0,    0,    0,    0,    0,    0,    0,    0,    9,    0,    0,    0,    0,    0,    0,    9,    9,    0,    0,    0,    0,    0,    0,    0,    0,   16,    9,    0,    0,    0,    0,    0,    0,    0,    0,    0,    0,    0,    0,    0,    0,    0,    0,    0,    0,    0,    0,
       0,    0,    0,    0,    0,    0,    0,    0,    0,    0,    0,    0,    0,    0,    0,    0,    0,    0,    0,    0,    0,    0,    0,    0,    0,    0,  -13,    0,    0,    0,  -36,    0,  -16,    0,  -18,  -18,    0,    0,    0,    0,    0,    0,    0,    0,    0,    0,    0,    0,    0,    0,    0,    0,    0,    0,    0,    0,    0,    0,    0,    0,    0,    0,    0,    0,    0,    0,    0,    0,    0,    0,    0,    0,    0,    0,    0,    0,    0,    0,    0,    0,    0,    0,    0,    0,    0,    0,  -36,  -36,  -36,    0,    0,    0,    0,    0,    0,    0,    0,    0,    0,    0,    0,    0,    0,    0,    0,    0,    0,    0,    0,    0,    0,    0,  -13,    0,
       0,    0,    0,    0,    0,    0,    0,    0,  -41,    0,  -41,    0,    0,    0,    0,    0,    0,    0,    0,    0,    0,    0,    0,    0,    0,    0,  -16,    0,    0,  -16,  -23,    0,  -20,    0,    0,    0,  -16,    0,    0,    0,    0,    0,    0,    0,    0,    0,    0,    0,    0,    0,    0,    0,    0,    0,    0,    0,    0,    0,    0,    0,    0,    0,    0,    0,    0,    0,    0,    0,    0,    0,    0,    0,    0,    0,    0,    0,    0,    0,    0,    0,    0,    0,    0,    0,    0,    0,  -23,  -23,  -23,    0,    0,    0,    0,    0,  -23,    0,  -50,    0,    0,    0,  -41,    0,    0,    0,    0,    0,    0,    0,    0,    0,    0,    0,    0,    0,
       0,    0,    0,    0,    0,    0,    0,    0,    0,    0,    0,    0,    0,    0,    0,    0,    0,    0,    0,    0,    0,    0,    0,    0,    0,    0,    0,    0,    0,    0,  -21,    0,    0,    0,    0,    0,    0,    0,    0,    0,    0,    0,    0,    0,    0,    0,    0,    0,    0,    0,    0,    0,    0,    0,    0,    0,    0,    0,    0,    0,    0,    0,    0,    0,    0,    0,    0,    0,    0,    0,    0,    0,    0,    0,    0,   13,    0,    0,    0,    0,    0,    0,   13,   13,    0,    0,  -21,  -21,  -21,    0,    0,    0,    0,   13,  -47,    0,    0,    0,    0,    0,    0,    0,    0,    0,    0,    0,    0,    0,    0,    0,    0,    0,    0,    0,
       0,    0,    0,    0,    0,    0,    0,    0,    0,    0,    0,    0,    0,    0,    0,    0,    0,    0,    0,    0,    0,    0,    0,    0,    0,    0,    0,    0,    0,    0,  -32,    0,    0,    0,    0,    0,    0,    0,    0,    0,    0,    0,    0,    0,    0,    0,    0,    0,    0,    0,    0,    0,    0,    0,    0,    0,    0,    0,    0,    0,    0,    0,    0,    0,    0,    0,    0,    0,    0,    0,    0,    0,    0,    0,    0,    0,    0,    0,    0,    0,    0,    0,    0,    0,    0,    0,  -32,  -32,  -32,    0,    0,    0,    0,    0,    0,    0,    0,    0,    0,    0,    0,    0,    0,    0,    0,    0,    0,    0,    0,    0,    0,    0,    0,    0,
       0,    0,    0,    0,    0,    3,    0,    0,    0,    0,    0,    0,    0,    0,    0,    0,    0,    0,    0,    0,    0,    0,    0,    0,    0,    0,    0,    0,    0,    0,    0,    0,    0,    0,    0,    0,    0,    0,    0,    0,    0,    0,    0,    0,    0,    1,    0,    0,    0,    0,    0,    0,    3,    0,    0,    0,    0,    0,    0,    0,    0,    0,    0,    0,    0,    0,    0,    0,    0,    0,    0,    0,    0,    0,    0,   41,    0,    0,    0,    0,    0,    0,   44,   41,    0,    0,    0,    0,    0,    0,    0,    0,   29,   41,    0,    0,    0,    0,    0,    0,    0,    0,    0,    0,    0,    0,    0,    0,    0,    0,    0,    0,    0,    0,
       0,    0,    0,    0,    0,    0,    0,    0,    0,    0,    0,    0,    0,   18,    0,    0,    0,    0,   36,    0,    0,    0,    0,    0,    0,    0,    0,   25,    0,    0,   36,    0,   34,    0,    0,    0,   36,    0,    0,    0,   16,   28,   28,   11,    0,   20,    0,    0,    0,    0,    0,    0,    0,    0,    0,    0,    0,    0,    0,    0,    0,    0,    0,    0,    0,    9,    0,    0,    0,    0,    0,    0,   41,   28,   41,   69,    0,    0,    0,    0,    0,   25,   69,   69,   41,    0,   36,   36,   36,    0,   55,   41,   20,   69,    0,    0,    0,    0,    0,    0,    0,    0,    0,    0,    0,    0,    0,    0,    0,    0,    0,    0,    0,    0,
      -4,    0,    0,    0,    0,    0,    0,    0,    0,    0,    0,    0,    0,  -16,    0,    0,    0,    0,    0,    0,    0,    0,    0,    0,    0,    0,    0,    0,    0,    0,  -50,    0,  -20,  -20,    0,  -29,    0,    0,    0,    0,    0,    0,    0,    0,    0,    0,    0,   -7,    0,    0,    0,    0,    0,    0,    0,    0,   -3,    0,    0,    0,    0,    0,    0,    0,    0,    0,    0,    0,    0,    0,    0,    0,    0,    0,    0,    0,    0,    0,   -7,    0,    0,    0,    0,    0,    0,    0,  -50,  -50,  -50,    0,    0,    0,    0,    0,  -18,  -10,    0,    0,    0,    0,    0,  -10,    0,    0,    0,    0,    0,    0,    0,    0,    0,    0,    0,    0,
      -9,    0,    0,    0,    0,   -4,    0,    0,    0,    0,    0,    0,    0,  -13,    0,    0,    0,    0,    0,    0,    0,    0,    0,    0,    0,    0,  -12,    0,    0,    0,  -56,    0,  -22,  -20,  -11,  -35,    0,    0,    0,    0,    0,    0,    0,    0,    0,    0,    0,   -8,   -7,  -10,   -6,    0,    0,  -13,    0,    0,   -4,    0,    0,    0,    0,    0,    0,    0,    0,    0,    0,    0,    4,    4,    4,    0,    0,    0,    0,    0,    0,    0,   -8,    4,    0,    0,    0,    0,    0,    0,  -56,  -56,  -56,    0,    0,    0,   14,    0,  -25,   -9,    0,    0,    0,    0,    0,   -9,    0,    0,    0,    0,    0,    0,    0,    0,    0,    0,    0,    0,
      -4,    0,    0,    0,    0,    0,    0,    0,    0,    0,    0,    0,    0,  -16,    0,    0,    0,    0,    0,    0,    0,    0,    0,    0,    0,    0,    0,    0,    0,    0,  -59,    0,  -20,  -20,    0,  -29,    0,    0,    0,    0,    0,    0,    0,    0,    0,    0,    0,   -7,    0,    0,    0,    0,    0,    0,    0,    0,   -3,    0,    0,    0,    0,    0,    0,    0,    0,    0,    0,    0,    0,    0,    0,    0,    0,    0,    0,    0,    0,    0,   -7,    0,    0,    0,    0,    0,    0,    0,  -59,  -59,  -59,    0,    0,    0,    0,    0,  -18,  -10,    0,    0,    0,    0,    0,  -10,    0,    0,    0,    0,    0,    0,    0,    0,    0,    0,    0,    0,
      13,    0,    0,    0,    0,   39,   23,    0,    0,    0,    0,    0,    0,   18,    0,    0,    0,    0,   18,    0,    0,    0,    0,    0,    0,    0,    0,   13,    0,    0,   16,    0,    0,    0,    0,    0,    0,   23,    0,    0,    0,   16,   11,   11,    0,    0,    0,    0,    0,    0,    0,    0,    0,   17,    0,    0,    7,   23,    0,    0,    0,    0,    0,    0,    0,    0,    0,    0,    0,    0,    0,    0,   16,   16,   35,   20,    0,    0,    0,    0,    0,   13,   20,   20,   11,    0,   16,   16,   16,    0,   13,   36,   18,   20,   13,    0,    0,    0,    0,    0,    0,    0,    0,    0,    0,    0,    0,    0,    0,  -16,    0,    0,    0,    0,
       0,    0,    0,    0,    0,    0,    0,    0,    0,    0,    0,    0,    0,    0,    0,    0,    0,    0,    0,    0,    0,    0,    0,    0,    0,    0,    0,   13,    0,    0,   13,    0,    0,    0,    0,    0,    0,    0,    0,    0,    0,   13,   16,    0,    0,    0,    0,    0,    0,    0,    0,    0,    0,    0,    0,    0,    0,    0,    0,    0,    0,    0,    0,    0,    0,    0,    0,    0,    0,    0,    0,    0,   13,   13,   16,   16,    0,    0,    0,    0,    0,   16,   16,   16,   16,    0,   13,   13,   13,    0,   13,   13,   16,   16,    0,    0,    0,    0,    0,    0,    0,    0,    0,    0,    0,    0,    0,    0,    0,    0,    0,    0,    0,    0,
       0,    0,    0,    0,    0,    0,    0,    0,    0,    0,    0,    0,    0,   18,    0,    0,    0,    0,   36,    0,    0,    0,    0,    0,    0,    0,    0,   25,    0,    0,   36,    0,   34,    0,    0,    0,   36,    0,    0,    0,   16,   44,   41,   11,    0,   20,    0,    0,    0,    0,    0,    0,    0,    0,    0,    0,    0,    0,    0,    0,    0,    0,    0,    0,    0,    9,    0,    0,    0,    0,    0,    0,   44,   44,   44,   69,    0,    0,    0,    0,    0,   25,   69,   69,   41,    0,   36,   36,   36,    0,   55,   44,   43,   69,    0,    0,    0,    0,    0,    0,    0,    0,    0,    0,    0,    0,    0,    0,    0,    0,    0,    0,    0,    0,
       0,    0,    0,    0,    0,    0,    0,    0,    0,    0,    0,    0,    0,   18,    0,    0,    0,    0,   36,    0,    0,    0,    0,    0,    0,    0,    0,   25,    0,    0,   36,    0,   34,    0,    0,    0,   36,    0,    0,    0,   16,   44,   44,   11,    0,   20,    0,    0,    0,    0,    0,    0,    0,    0,    0,    0,    0,    0,    0,    0,    0,    0,    0,    0,    0,    9,    0,    0,    0,    0,    0,    0,   44,   44,   44,   69,    0,    0,    0,    0,    0,   25,   69,   69,   44,    0,   36,   36,   36,    0,   55,   44,   20,   69,    0,    0,    0,    0,    0,    0,    0,    0,    0,    0,    0,    0,    0,    0,    0,    0,    0,    0,    0,    0,
       0,    0,    0,    0,    0,    0,    0,    0,    0,    0,    0,    0,    0,   18,    0,    0,    0,    0,   36,    0,    0,    0,    0,    0,    0,    0,    0,   25,    0,    0,   36,    0,   34,    0,    0,    0,   36,    0,    0,    0,   16,   44,   28,   11,    0,   20,    0,    0,    0,    0,    0,    0,    0,    0,    0,    0,    0,    0,    0,    0,    0,    0,    0,    0,    0,    9,    0,    0,    0,    0,    0,    0,   44,   44,   44,   69,    0,    0,    0,    0,    0,   25,   69,   69,   41,    0,   36,   36,   36,    0,   55,   44,   20,   69,    0,    0,    0,    0,    0,    0,    0,    0,    0,    0,    0,    0,    0,    0,    0,    0,    0,    0,    0,    0,
       0,    0,    0,    0,    0,    3,    0,    0,    0,    0,    0,    0,    0,    0,    0,    0,    0,    0,    0,    0,    0,    0,    0,    0,    0,    0,    0,    0,    0,    0,    0,    0,    0,    0,    0,    0,    0,    0,    0,    0,    0,    0,    0,    0,    0,    1,    0,    0,    0,    0,    0,    0,    3,    0,    0,    0,    0,    0,    0,    0,    0,    0,    0,    0,    0,    0,    0,    0,    0,    0,    0,    0,    0,    0,    0,   41,    0,    0,    0,    0,    0,    0,   44,   41,    0,    0,    0,    0,    0,    0,    0,    0,   29,   44,    0,    0,    0,    0,    0,    0,    0,    0,    0,    0,    0,    0,    0,    0,    0,    0,    0,    0,    0,    0,
     -36,    0,    0,    0,    0,    0,  -70,  -54,    0,  -54,    0,    0,    0,  -18,    0,    0,    0,    0,    0,    0,    0,    0,    0,    0,   -7,  -11,    0,    0,  -11,    0,  -39,    0,  -27,    0,    0,  -23,    0,  -70,    0,    0,    0,    0,    0,    0,    0,   -9,    0,  -27,    0,    0,    0,  -52,    0,  -38,  -25,  -54,  -32,  -70,    0,    0,  -35,  -54,    0,    0,    0,    0,    0,  -13,    0,    0,    0,    0,    0,    0,    0,    0,    0,    0,  -27,    0,    0,    0,    0,    0,    0,    0,  -39,  -39,  -39,    0,    0,    0,    0,    0,  -34,  -16,    0,  -18,  -18,  -13,    0,  -43,    0,    0,    0,    0,    0,    0,    0,    0,    0,    0,    0,    0,
       0,    0,    0,    0,    0,    0,    0,    0,    0,    0,    0,    0,    0,    0,    0,    0,    0,    0,    0,    0,    0,    0,    0,    0,    0,    0,    0,    0,    0,    0,    0,    0,    0,    0,    0,    0,    0,    0,    0,    0,    0,    0,    0,    0,    0,    5,    0,    2,    0,    0,    0,    0,    0,    0,    0,    0,    0,    0,    0,    0,    0,    0,    0,    0,    0,    0,   13,    0,    0,    0,    0,    0,    0,    0,    0,   25,    0,    0,    2,    0,   13,    0,   25,   25,    0,    0,    0,    0,    0,    0,    0,    0,   35,   25,    0,    0,    0,    0,    0,    0,    0,    0,    0,    0,    0,    0,    0,    0,    0,    0,    0,    0,    0,    0,
     -36,    0,    0,    0,    0,    0,  -68,  -50,    0,  -50,    0,    0,    0,  -18,    0,    0,    0,    0,    0,    0,    0,    0,    0,    0,   -7,  -11,    0,    0,  -11,    0,  -39,    0,  -27,    0,    0,  -23,    0,  -52,    0,    0,    0,    0,    0,    0,    0,   -9,    0,  -27,    0,    0,    0,  -47,    0,  -38,  -25,  -50,  -32,  -70,    0,    0,  -35,  -50,    0,    0,    0,    0,    0,  -13,    0,    0,    0,    0,    0,    0,    0,    0,    0,    0,  -27,    0,    0,    0,    0,    0,    0,    0,  -39,  -39,  -39,    0,    0,    0,    0,    0,  -34,  -16,    0,  -18,  -18,  -13,    0,  -43,    0,    0,    0,    0,    0,    0,    0,    0,    0,    0,    0,    0,
       0,    0,    0,    0,    0,    0,    0,    0,    0,    0,    0,    0,    0,    0,    0,    0,    0,    0,    0,    0,    0,    0,    0,    0,    0,    0,    0,    0,    0,    0,    0,    0,    0,    0,    0,  -13,    0,    0,    0,    0,    0,    0,    0,    0,    0,    0,    0,    0,    0,    0,    0,    0,    0,    0,    0,    0,    0,    0,    0,    0,    0,    0,    0,    0,    0,    0,    0,    0,    0,    0,    0,    0,    0,    0,    0,    0,    0,    0,    0,    0,    0,    0,    0,    0,    0,    0,    0,    0,    0,    0,    0,    0,    0,    0,    0,    0,    0,    0,    0,    0,    0,    0,    0,    0,    0,    0,    0,    0,    0,    0,    0,    0,    0,    0,
       0,    0,    0,    0,    0,    0,    0,    0,    0,    0,    0,    0,    0,    0,    0,    0,    0,    0,    0,    0,    0,    0,    0,    0,    0,    0,    0,    0,    0,    0,    0,    0,    0,    0,    0,    0,    0,    0,    0,    0,    0,    0,    0,    0,    0,    5,    0,    2,    0,    0,    0,    0,    0,    0,    0,    0,    0,    0,    0,    0,    0,    0,    0,    0,    0,    0,   27,    0,    0,    0,    0,    0,    0,    0,    0,   25,    0,    0,    2,    0,   13,    0,   25,   25,    0,    0,    0,    0,    0,    0,    0,    0,   19,   25,    0,    0,    0,    0,    0,    0,    0,    0,    0,    0,    0,    0,    0,    0,    0,    0,    0,    0,    0,    0,
     -36,    0,    0,    0,    0,    0,  -66,  -34,    0,  -54,    0,    0,    0,  -18,    0,    0,    0,    0,    0,    0,    0,    0,    0,    0,   -7,  -11,    0,    0,  -11,    0,  -39,    0,  -27,    0,    0,  -45,    0,  -66,    0,    0,    0,    0,    0,    0,    0,   -9,    0,  -27,    0,    0,    0,  -50,    0,  -38,  -25,  -86,  -32,  -66,    0,    0,  -35,  -59,    0,    0,    0,    0,    0,  -13,    0,    0,    0,    0,    0,    0,    0,    0,    0,    0,  -27,    0,    0,    0,    0,    0,    0,    0,  -39,  -39,  -39,    0,    0,    0,    0,    0,  -34,  -29,    0,  -18,  -18,  -13,    0,  -29,    0,    0,    0,    0,    0,    0,    0,    0,    0,    0,    0,    0,
       0,    0,    0,    0,    0,    0,    0,    0,    0,    0,    0,    0,    0,    0,    0,    0,    0,    0,    0,    0,    0,    0,    0,    0,    0,    0,    0,    0,    0,    0,    0,    0,    0,    0,    0,    0,    0,    0,    0,    0,    0,    0,    0,    0,    0,   13,    0,    2,    0,    0,    0,    0,    0,    0,    0,    0,    0,    0,    0,    0,    0,    0,    0,    0,    0,    0,   27,    0,    0,    0,    0,    0,    0,    0,    0,   25,    0,    0,    2,    0,   13,    0,   25,   25,    0,    0,    0,    0,    0,    0,    0,    0,   19,   25,    0,    0,    0,    0,    0,    0,    0,    0,    0,    0,    0,    0,    0,    0,    0,    0,    0,    0,    0,    0,
       0,    0,    0,    0,  -13,    0,    0,  -43,  -13,  -43,  -13,  -52,  -13,    0,    0,    0,  -27,    0,  -32,    0,    0,  -13,  -32,  -13,    0,  -13,  -35,    0,  -13,  -36,    0,    0,    0,    0,    0,    6,    0,    0,  -23,  -35,   -1,    0,    0,  -26,  -33,  -33,  -45,  -29,  -29,  -56,  -37,  -43,    0,    0,  -52,  -43,    0,    0,    0,  -45,    0,  -43,    0,  -20,    0,    0,    0,  -13,  -33,  -49,  -49,  -55,    0,    0,    0,   36,  -55,  -45,  -43,  -33,    0,    0,   36,   36,    0,  -35,    0,    0,    0,  -45,    0,    0,   51,   36,    0,    0,  -48,    0,    0,  -13,  -47,    0,    0,    0,    0,    0,    0,    0,    0,  -50,    0,    0,    0,    0,
       0,    0,    0,    0,  -13,    0,    0,  -43,  -13,  -43,  -13,  -52,  -13,    0,    0,    0,  -27,    0,  -32,    0,    0,  -13,  -32,  -13,    0,  -13,  -35,    0,  -13,  -36,    0,    0,    0,    0,    0,    6,    0,    0,  -23,  -35,   -1,    0,    0,  -26,  -33,  -33,  -31,  -29,  -29,  -28,  -23,  -43,    0,    0,  -52,  -43,    0,    0,    0,  -72,    0,  -43,    0,  -20,    0,    0,    0,  -13,  -33,  -49,  -49,  -55,    0,    0,    0,   36,  -55,  -55,  -43,  -33,    0,    0,   36,   36,    0,  -35,    0,    0,    0,  -47,    0,    0,   51,   36,    0,    0,  -48,    0,    0,  -13,  -47,    0,    0,    0,    0,    0,    0,    0,    0,  -50,    0,    0,    0,    0,
       0,    0,    0,    0,  -13,    0,    0,  -29,  -13,  -29,  -13,  -52,  -13,    0,    0,    0,  -27,    0,  -32,    0,    0,  -13,  -32,  -13,    0,  -13,  -58,    0,  -13,  -84,    0,    0,    0,    0,    0,    6,    0,    0,  -23,  -35,   -1,    0,    0,  -26,  -33,  -33,  -31,  -29,  -29,  -28,  -23,  -29,    0,    0,  -52,  -29,    0,    0,    0,  -72,    0,  -61,    0,  -20,    0,    0,    0,  -13,  -33,  -49,  -49,  -55,    0,    0,    0,   36,  -55,  -55,  -43,  -33,    0,    0,   36,   36,    0,  -35,    0,    0,    0,  -47,    0,    0,   51,   36,    0,    0,  -48,    0,    0,  -13,  -47,    0,    0,    0,    0,    0,    0,    0,    0,  -79,    0,    0,    0,    0,
       0,    0,    0,    0,    0,    0,    0,    0,    0,    0,    0,    0,    0,    0,    0,    0,    0,    0,    0,    0,    0,    0,    0,    0,    0,    0,    0,    0,    0,    0,    0,    0,    0,    0,    0,    0,    0,    0,    0,  -25,  -12,    0,    0,  -21,  -21,  -11,  -21,  -21,  -21,  -21,  -21,    0,    0,    0,    0,    0,    0,    0,    0,  -21,    0,    0,    0,    0,    0,    0,    0,    0,  -21,  -21,  -21,  -25,    0,    0,    0,    0,  -25,  -21,  -21,  -21,    0,    0,    0,    0,    0,  -25,    0,    0,    0,  -21,    0,    0,    0,    0,    0,    0,    0,    0,    0,    0,    0,    0,    0,    0,    0,    0,    0,    0,    0,    0,    0,    0,    0,    0,
       0,    0,    0,    0,    0,    0,    0,    0,    0,    0,    0,    0,    0,    0,    0,    0,    0,    0,    0,    0,    0,    0,    0,    0,    0,    0,    0,    0,    0,    0,  -29,    0,    0,    0,    0,    0,    0,    0,    0,   -6,    0,    0,    0,    0,    0,    0,    0,    0,    0,    0,    0,    0,    0,    0,    0,    0,    0,    0,    0,    0,    0,    0,    0,    0,    0,    0,    0,    0,    0,    0,    0,   -6,    0,    0,    0,    0,   -6,    0,    0,    0,    0,    0,    0,    0,    0,   -6,  -29,  -29,  -29,    0,    0,    0,    0,    0,    0,    0,    0,    0,    0,    0,    0,    0,    0,    0,    0,    0,    0,    0,    0,    0,    0,    0,    0,    0,
       0,    0,    0,    0,    0,    3,    0,    0,    0,    0,    0,    0,    0,    0,    0,    0,    0,    0,    0,    0,    0,    0,    0,    0,    0,    0,    0,    0,    0,    0,    0,    0,    0,    0,    0,    0,    0,    0,    0,    0,    0,    0,    0,    0,    0,    1,    0,    0,    0,    0,    0,    0,    3,    0,    0,    0,    0,    0,    0,    0,    0,    0,    0,    0,    0,    0,    0,    0,    0,    0,    0,    0,    0,    0,    0,   41,    0,    0,    0,    0,    0,    0,   41,   41,    0,    0,    0,    0,    0,    0,    0,    0,   47,   41,    0,    0,    0,    0,    0,    0,    0,    0,    0,    0,    0,    0,    0,    0,    0,    0,    0,    0,    0,    0,
      -9,    0,    0,    0,    0,   -4,    0,    0,    0,    0,    0,    0,    0,  -13,    0,    0,    0,    0,    0,    0,    0,    0,    0,    0,    0,    0,  -12,    0,    0,    0,  -67,    0,  -22,  -20,  -11,  -35,    0,    0,    0,    0,    0,    0,    0,    0,    0,    0,    0,   -8,   -7,  -10,   -6,    0,    0,  -13,    0,    0,   -4,    0,    0,    0,    0,    0,    0,    0,    0,    0,    0,    0,    4,    4,    4,    0,    0,    0,    0,    0,    0,    0,   -8,    4,    0,    0,    0,    0,    0,    0,  -67,  -67,  -67,    0,    0,    0,   14,    0,  -25,   -9,    0,    0,    0,    0,    0,   -9,    0,    0,    0,    0,    0,    0,    0,    0,    0,    0,    0,    0,
       0,    0,    0,    0,    0,    0,    0,    0,    0,    0,    0,    0,    0,    0,    0,    0,    0,    0,    0,    0,    0,    0,    0,    0,    0,    0,    0,    0,    0,    0,    0,    0,    0,    0,    0,    0,    0,    0,    0,    0,    0,    0,    0,    0,    0,    0,    0,    0,    0,    0,    0,    0,    0,    0,    0,    0,    0,    0,    0,    0,    0,    0,    0,    0,    0,    0,    0,    0,    0,    0,    0,    0,    0,    0,    0,    0,    0,    0,    0,    0,    0,    0,    0,    0,    0,    0,    0,    0,    0,    0,    0,    0,   13,    0,    0,    0,    0,    0,    0,    0,    0,    0,    0,    0,    0,    0,    0,    0,    0,    0,    0,    0,    0,    0,
       0,    0,    0,    0,    0,    0,    0,  -16,    0,  -16,    0,  -13,    0,    0,    0,    0,    0,    0,    0,    0,    0,    0,  -16,    0,    0,    0,    0,    0,    0,    0,  -38,    0,    0,    0,    0,  -23,    0,    0,  -13,    0,    0,    0,    0,    0,    0,    0,    0,    0,    0,    0,    0,  -16,    0,    0,    0,  -29,    0,    0,    0,    0,    0,  -16,    0,    0,    0,    0,    0,    0,    0,    0,    0,    0,    0,    0,    0,    0,    0,    0,    0,    0,    3,    0,    0,    0,    0,    0,  -38,  -38,  -38,    0,    0,    0,    0,    0,  -16,    6,    0,    0,    0,    0,    0,    6,    0,    0,    0,    0,    0,    0,    0,  -25,    0,    0,    0,    0,
       0,    0,    0,    0,    0,    0,    0,    0,    0,    0,    0,    0,    0,    0,    0,    0,    0,    0,    0,    0,    0,    0,    0,    0,    0,    0,    0,    0,    0,    0,    0,    0,    0,    0,    0,    0,    0,    0,    0,    0,    0,    0,    0,    0,    0,    0,    0,    0,    0,    0,    0,    0,    0,    0,    0,    0,    0,    0,    0,    0,    0,    0,    0,    0,    0,    0,    0,    0,    0,    0,    0,    0,    0,    0,    0,    9,    0,    0,    0,    0,    0,    0,    9,    9,    0,    0,    0,    0,    0,    0,    0,    0,   29,    9,    0,    0,    0,    0,    0,    0,    0,    0,    0,    0,    0,    0,    0,    0,    0,    0,    0,    0,    0,    0,
       0,    0,    0,    0,    0,    3,    0,    0,    0,    0,    0,    0,    0,    0,    0,    0,    0,    0,    0,    0,    0,    0,    0,    0,    0,    0,    0,    0,    0,    0,    0,    0,    0,    0,    0,    0,    0,    0,    0,    0,    0,    0,    0,    0,    0,    1,    0,    0,    0,    0,    0,    0,    3,    0,    0,    0,    0,    0,    0,    0,    0,    0,    0,    0,    0,    0,    0,    0,    0,    0,    0,    0,    0,    0,    0,   41,    0,    0,    0,    0,    0,    0,   41,   41,    0,    0,    0,    0,    0,    0,    0,    0,   34,   41,    0,    0,    0,    0,    0,    0,    0,    0,    0,    0,    0,    0,    0,    0,    0,    0,    0,    0,    0,    0,
       0,    0,    0,    0,    0,    0,    0,    0,    0,    0,    0,    0,    0,   18,    0,    0,    0,    0,   36,    0,    0,    0,    0,    0,    0,    0,    0,   25,    0,    0,   36,    0,   34,    0,    0,    0,   36,    0,    0,    0,   16,   41,   44,   11,    0,   20,    0,    0,    0,    0,    0,    0,    0,    0,    0,    0,    0,    0,    0,    0,    0,    0,    0,    0,    0,    9,    0,    0,    0,    0,    0,    0,   41,   41,   41,   69,    0,    0,    0,    0,    0,   25,   69,   69,   44,    0,   36,   36,   36,    0,   55,   41,   38,   85,    0,    0,    0,    0,    0,    0,    0,    0,    0,    0,    0,    0,    0,    0,    0,    0,    0,    0,    0,    0,
       0,    0,    0,    0,  -25,    0,    0,    0,  -34,    0,  -34,  -38,    0,    0,    0,    0,  -25,    0,    0,    0,    0,    0,    0,    0,    0,    0,  -38,    0,    0,  -59,    0,    0,    0,    0,    0,    0,    0,    0,    0,  -16,    0,    0,    0,    0,  -10,    0,    0,    0,    0,    0,    0,    0,    0,    0,    0,    0,    0,    0,    0,    0,    0,    0,    0,    0,  -25,    0,    0,    0,    0,    0,    0,  -16,    0,    0,    0,    0,  -16,    0,    0,    0,    0,    0,    0,    0,    0,  -16,    0,    0,    0,    0,    0,    0,    0,    0,    0,    0,  -25,    0,    0,    0,  -34,    0,    0,    0,    0,    0,    0,    0,    0,    0,    0,    0,    0,    0,
       0,  -50,    0,    0,  -27,    0,    0,  -25,  -40,  -25,  -40,  -57,  -18,    0,    0,    0,  -38,    0,  -25,  -16,    0,  -23,  -38,  -23,    0,  -23,  -55,    0,  -23,  -50,    0,    0,    0,    0,    0,    0,    0,    0,  -16,  -25,    0,    0,    0,   -8,  -31,    6,  -16,    6,    0,    0,    0,  -43,    0,    0,  -34,  -25,    0,    0,    0,  -34,   -4,  -25,    0,    0,  -27,    0,    0,    0,  -23,  -23,  -23,  -25,    0,    0,    0,    0,  -25,  -16,    6,  -23,    0,    0,    0,    0,    0,  -25,    0,    0,    0,  -16,    0,    0,    0,    0,    0,    0,    0,    0,    0,    0,  -40,    0,    0,    0,    0,    0,    0,    0,    0,    0,    0,    0,    0,    0,
       0,    0,    0,    0,    0,    0,    0,    0,    0,    0,    0,    0,    0,  -27,    0,    0,    0,    0,    0,    0,    0,    0,    0,    0,    0,    0,    0,    0,    0,    0,  -38,    0,  -36,  -25,    0,  -43,    0,    0,    0,    0,    0,    0,    0,    0,    0,    0,    0,  -20,    0,    0,    0,    0,    0,    0,    0,    0,    0,    0,    0,    0,    0,    0,    0,    0,    0,    0,    0,    0,  -13,  -13,  -13,    0,    0,    0,    0,    0,    0,    0,  -20,  -13,    0,    0,    0,    0,    0,    0,  -38,  -38,  -38,    0,    0,    0,    0,    0,  -50,  -38,    0,    0,    0,    0,    0,  -38,    0,    0,    0,    0,    0,    0,    0,    0,    0,    0,    0,    0,
       0,    0,    0,    0,    0,    0,    0,    0,    0,    0,    0,    0,    0,    0,    0,    0,    0,    0,    0,    0,    0,    0,    0,    0,    0,    0,  -13,    0,    0,    0,  -13,    0,  -16,    0,  -18,  -18,    0,    0,    0,    0,    0,    0,    0,    0,    0,    0,    0,    0,    0,    0,    0,    0,    0,    0,    0,    0,    0,    0,    0,    0,    0,    0,    0,    0,    0,    0,    0,    0,    0,    0,    0,    0,    0,    0,    0,    0,    0,    0,    0,    0,    0,    0,    0,    0,    0,    0,  -13,  -13,  -13,    0,    0,    0,    0,    0,    0,    0,    0,    0,    0,    0,    0,    0,    0,    0,    0,    0,    0,    0,    0,    0,    0,    0,  -13,    0,
     -33,    0,    0,    0,    0,    0,    0,    0,    0,    0,    0,    0,  -10,  -36,    0,   -9,    0,   -6,   -6,   -8,   -3,    0,    0,    0,  -40,  -18,    0,    0,  -18,    0,  -13,    0,    0,    0,    0,  -13,    0,    0,    0,    0,    0,    0,    0,    0,    0,    0,    0,    0,    0,    0,    0,    0,    0,    0,    0,    0,    0,    0,    0,    0,  -21,    0,    0,    0,    0,    0,    0,    0,    0,    0,    0,    0,    0,    0,    0,    0,    0,    0,    0,    0,    0,    0,    0,    0,    0,    0,  -13,  -13,  -13,    0,    0,    0,    0,    0,    0,  -23,    0,  -54,  -73,    0,    0,  -23,    0,    0,    0,    0,    0,    0,    0,    0,    0,    0,    0,    0,
       0,    0,    0,    0,    0,    0,    0,    0,    0,    0,    0,    0,    0,    0,    0,    0,    0,    0,    0,    0,    0,    0,    0,    0,    0,    0,    0,    0,    0,    0,    0,    0,    0,    0,    0,    0,    0,    0,    0,    0,    0,    0,    0,    0,    0,    0,    0,    0,    0,    0,    0,    0,    0,    0,    0,    0,    0,    0,    0,    0,    0,    0,    0,    0,    0,    0,    0,    0,    0,    0,    0,    0,    0,    0,    0,    0,    0,    0,    0,    0,    0,    0,    0,    0,    0,    0,    0,    0,    0,    0,    0,    0,    0,    0,    0,    0,    0,    0,    0,    0,    0,    0,    0,    0,    0,    0,    9,    0,    0,    0,    0,    0,    0,    0,
       0,    0,    0,    0,    0,    0,    0,    0,    0,    0,    0,    0,    0,    0,    0,    0,    0,    0,    0,    0,    0,    0,    0,    0,    0,    0,    0,    0,    0,    0,    0,    0,    0,    0,    0,    0,    0,    0,    0,    0,    0,    0,    0,    0,    0,    0,    0,    0,    0,    0,    0,    0,    0,    0,    0,    0,    0,    0,    0,    0,    0,    0,   -3,    0,    0,    0,    0,    0,    0,    0,    0,    0,    0,    0,    0,    0,    0,    0,    0,    0,    0,    0,    0,    0,    0,    0,    0,    0,    0,    0,    0,    0,    0,    0,    0,    0,    0,    0,    0,    0,    0,    0,    0,    0,   -6,    0,    0,    0,    0,    0,    0,    0,    0,    0,
       0,    0,    0,    0,    0,    0,    0,    0,    0,    0,    0,    0,    0,    0,    0,    0,    0,    0,    0,    0,    0,    0,    0,    0,    0,    0,    0,    0,    0,    0,    0,    0,    0,    0,    0,    0,    0,    0,    0,    0,    0,    0,    0,    0,    0,    0,    0,    0,    0,    0,    0,    0,    0,    0,    0,    0,    0,    0,    0,    0,    0,    0,    0,    0,    0,    0,    0,    0,    0,    0,    0,    0,    0,    0,    0,    0,    0,    0,    0,    0,    0,    0,    0,    0,    0,    0,    0,    0,    0,    0,    0,    0,    0,    0,    0,    0,    0,    0,    0,    0,    0,    0,    0,  -21,    5,   -3,    0,  -13,    0,    0,    0,    0,    0,    0,
       0,    0,    0,    0,    0,    0,    0,    0,    0,    0,    0,    0,    0,    0,    0,    0,    0,    0,    0,    0,    0,    0,    0,    0,    0,    0,    0,    0,    0,    0,    0,    0,    0,    0,    0,    0,    0,    0,    0,    0,    0,    0,    0,    0,    0,    0,    0,    0,    0,    0,    0,    0,    0,    0,    0,    0,    0,    0,   -9,    0,    0,    0,    0,    0,    0,    0,    0,    0,    0,    0,    0,    0,    0,    0,    0,    0,    0,    0,    0,    0,    0,    0,    0,    0,    0,    0,    0,    0,    0,    0,    0,    0,    0,    0,    0,    0,    0,    0,    0,    0,    0,    0,    0,    0,   -6,    0,    0,    0,    0,    0,    0,    0,    0,    0,
       0,    0,    0,    0,    0,    0,    0,    0,    0,    0,    0,    0,    0,  -36,    0,    0,    0,    0,    0,    0,    0,    0,    0,    0,    0,  -16,    0,    0,  -16,    0,  -50,    0,  -53,  -35,    0,  -60,    0,    0,    0,    0,    0,    0,    5,    0,    0,    0,    0,  -20,    0,    0,    0,    0,    0,    0,    0,    0,    0,    0,    0,    0,    0,    0,    0,    0,    0,    0,    0,    0,    0,    0,    0,    0,    0,    0,    0,    0,    0,    0,  -20,    0,    0,    0,    0,    0,    5,    0,  -50,  -50,  -79,    0,    0,    0,    0,    0,    0,    0,    0,    0,    0,    0,    0,    0,    0,    0,    0,    0,    0,    0,    0,  -10,   -6,    0,    0,    0,
       0,    0,    0,    0,    0,    0,    0,    0,    0,    0,    0,    0,    0,    0,    0,    0,    0,    0,    0,    0,    0,    0,    0,    0,    0,    0,    0,    0,    0,    0,    0,    0,    0,    0,    0,    0,    0,    0,    0,    0,    0,    0,    0,    0,    0,    0,    0,    0,    0,    0,    0,    0,    0,    0,    0,    0,    0,    0,    0,    0,    0,    0,    0,    0,    0,    0,    0,    0,    0,    0,    0,    0,    0,    0,    0,    0,    0,    0,    0,    0,    0,    0,    0,    0,    0,    0,    0,    0,    0,    0,    0,    0,    0,    0,    0,    0,    0,    0,    0,    0,    0,    0,    0,    0,    0,    0,    0,    0,   -6,    0,    0,    0,    0,    0,
       0,    0,    0,    0,    0,    0,    0,    0,    0,    0,    0,    0,    0,    0,    0,    0,    0,    0,    0,    0,    0,    0,    0,    0,    0,    0,    0,    0,    0,    0,    0,    0,    0,    0,    0,    0,    0,    0,    0,    0,    0,    0,    0,    0,    0,    0,    0,    0,    0,    0,    0,    0,    0,    0,    0,    0,    0,    0,    0,    0,    0,    0,    0,    0,    0,    0,    0,    0,    0,    0,    0,    0,    0,    0,    0,    0,    0,    0,    0,    0,    0,    0,    0,    0,    0,    0,    0,    0,    0,    0,    0,    0,    0,    0,    0,    0,    0,    0,    0,    0,    0,    0,    0,    0,    0,    0,    0,    0,    0,  -20,    0,    0,    0,    0,
       0,    0,    0,    0,    0,    0,    0,    0,    0,    0,    0,    0,    0,    0,    0,    0,    0,    0,    0,    0,    0,    0,    0,    0,    0,    0,    0,    0,    0,    0,    0,    0,    0,    0,    0,    0,    0,    0,    0,    0,    0,    0,    0,    0,    0,    0,    0,    0,    0,    0,    0,    0,    0,    0,    0,    0,    0,    0,    0,    0,    0,    0,    0,    0,    0,    0,    0,    0,    0,    0,    0,    0,    0,    0,    0,    0,    0,    0,    0,    0,    0,    0,    0,    0,    0,    0,    0,    0,    0,    0,    0,    0,   16,    0,    0,    0,    0,    0,    0,    0,    0,    0,    0,    0,    0,    0,    0,    0,    0,    0,    0,    0,    0,    0,
       0,    0,    0,    0,    0,    0,    0,    0,    0,    0,    0,    0,   -2,    0,    0,    0,    0,    0,    0,    0,    0,    0,    0,    0,    0,    0,    0,    0,    0,    0,    0,    0,    0,    0,    0,    0,    0,    0,    0,    0,    0,    0,    0,    0,    0,    0,    0,    0,    0,    0,    0,    0,    0,    0,    0,    0,    0,    0,    0,    0,    0,    0,    0,    0,    0,    0,    0,    0,    0,    0,    0,    0,    0,    0,    0,    0,    0,    0,    0,    0,    0,    0,    0,    0,    0,    0,    0,    0,    0,    0,    0,    0,    0,    0,    0,    0,    0,    0,    0,    0,    0,    0,    0,    0,    0,    0,    0,    0,    0,    0,    0,    0,    0,    0,
       0,    0,    0,    0,    0,    0,    0,    0,  -27,    0,  -27,  -16,    0,    0,    0,    0,    0,    0,    0,    0,    0,    0,    0,    0,    0,    0,    0,    0,    0,    0,    0,    0,    0,    0,    0,    0,    0,    0,  -20,    0,    0,    0,    0,    0,    0,    0,    0,    0,    0,    0,    0,    0,    0,    0,    0,    0,    0,    0,    0,    0,    0,    0,    0,    0,    0,    0,    0,    0,    0,    0,    0,    0,    0,    0,    0,    0,    0,    0,    0,    0,    0,    0,    0,    0,    0,    0,    0,    0,    0,    0,    0,    0,    0,    0,    0,    0,    0,    0,    0,    0,  -27,    0,    0,    0,    0,    0,    0,    0,    0,    0,    0,    0,    0,    0,
};

static const EpdFontData inter_12_italic = {
    inter_12_italicBitmaps,
    inter_12_italicGlyphs,
    inter_12_italicIntervals,
    56,
    30,
    25,
    -7,
    true,
    inter_12_italicGroups,
    10,
    nullptr,
    inter_12_italicKernLeftClasses,
    inter_12_italicKernRightClasses,
    inter_12_italicKernMatrix,
    449,
    452,
    118,
    114,
    nullptr,
    0,
};
