/**
 * generated by fontconvert.py
 * name: inter_10_italic
 * size: 10
 * mode: 2-bit  compressed: true
 * Command used: fontconvert.py inter_10_italic 10 ../builtinFonts/source/Inter/Inter-Italic.ttf --2bit --compress --pnum --exclude-intervals 0x0400,0x04FF --exclude-intervals 0x1EA0,0x1EF9 --exclude-intervals 0x01A0,0x01A1 --exclude-intervals 0x01AF,0x01B0
 */
#pragma once
#include "EpdFontData.h"

static const uint8_t inter_10_italicBitmaps[14935] = {
    0x8D, 0x57, 0x4F, 0x8C, 0xDC, 0x56, 0x19, 0xFF, 0x3D, 0x3B, 0x89, 0x51, 0xCD, 0xFA, 0xF5, 0x90,
    0x0A, 0x91, 0xAE, 0x67, 0x7A, 0x6E, 0x3D, 0x3B, 0x39, 0xE4, 0x60, 0x84, 0x67, 0xC6, 0x10, 0x21,
    0x6E, 0x34, 0x87, 0xA6, 0x1C, 0x22, 0xA0, 0x57, 0x10, 0x62, 0x73, 0x70, 0xD4, 0x91, 0xBA, 0xC9,
    0xF8, 0x8E, 0x84, 0xC2, 0x05, 0x0E, 0x91, 0xD0, 0x1E, 0xF6, 0x40, 0xB7, 0x11, 0x31, 0x62, 0x0E,
    0x2B, 0xB1, 0xE9, 0x1A, 0x7A, 0xE0, 0xC0, 0x01, 0x53, 0x54, 0x71, 0xA2, 0xB5, 0x28, 0x7B, 0x20,
    0xA2, 0xAA, 0x05, 0x53, 0x69, 0xD2, 0xCE, 0x8E, 0xF9, 0xBD, 0xF7, 0xEC, 0xD9, 0x49, 0xE8, 0x4A,
    0xCC, 0xF8, 0xED, 0xCE, 0xCE, 0xBE, 0x3F, 0xDF, 0xF7, 0xFB, 0x7E, 0xDF, 0xEF, 0xFB, 0x1E, 0x60,
    0x15, 0x76, 0xAE, 0xDE, 0x4E, 0xEA, 0xC4, 0x2E, 0x24, 0xDF, 0x1E, 0xCE, 0x01, 0xB8, 0x88, 0x01,
    0x22, 0xA8, 0x97, 0x1F, 0x05, 0x61, 0x90, 0x44, 0x37, 0xC3, 0xEC, 0xD9, 0x6B, 0xFA, 0x8B, 0x2B,
    0x12, 0xB8, 0xE9, 0x01, 0xD9, 0x06, 0xC7, 0x26, 0x64, 0x5D, 0xE7, 0xCF, 0x3C, 0x7A, 0x3B, 0x15,
    0xF9, 0x15, 0x58, 0x79, 0x02, 0x3B, 0xCD, 0xF0, 0xD2, 0xA3, 0x4F, 0x31, 0xA9, 0x97, 0x70, 0x50,
    0xC0, 0x15, 0x39, 0x3C, 0x2B, 0xC7, 0x86, 0x9D, 0x73, 0x71, 0xCC, 0xC1, 0xDF, 0xFC, 0x1B, 0x93,
    0x13, 0x88, 0xCF, 0x1E, 0xC4, 0xF6, 0x3B, 0xDF, 0x4C, 0xDD, 0xAB, 0x36, 0x07, 0xE0, 0xFC, 0x01,
    0xB0, 0x6B, 0x4E, 0x99, 0xCC, 0x00, 0xEF, 0x21, 0xB0, 0xD1, 0x05, 0xBE, 0x28, 0x11, 0x6D, 0x7A,
    0x18, 0x04, 0x03, 0xF4, 0xDF, 0x9E, 0xC3, 0xA9, 0x0B, 0xDA, 0xC0, 0x39, 0x97, 0x61, 0x5E, 0xB4,
    0xCA, 0x5D, 0x20, 0xF2, 0x37, 0x91, 0x05, 0xBE, 0x28, 0xC2, 0x4D, 0x27, 0x0E, 0x23, 0x0F, 0xFD,
    0x2A, 0xC4, 0x85, 0xB8, 0x32, 0x67, 0xB9, 0x62, 0x17, 0xBE, 0x7B, 0x88, 0xC4, 0xDF, 0x40, 0x19,
    0x6C, 0xD8, 0x69, 0xB4, 0x29, 0x41, 0xBF, 0x20, 0x39, 0x41, 0xE8, 0x07, 0x93, 0x12, 0xF8, 0x64,
    0x4A, 0x44, 0x42, 0xD8, 0xF9, 0x18, 0xD6, 0xEF, 0x2A, 0xDA, 0xC7, 0xB5, 0x4B, 0x6E, 0xB1, 0x00,
    0xE4, 0x2F, 0x2E, 0x60, 0xCB, 0x7D, 0x19, 0x91, 0xFD, 0x3E, 0xC6, 0x82, 0x07, 0x62, 0x8E, 0xE1,
    0x8D, 0x05, 0xDC, 0x65, 0xC7, 0xD8, 0xE1, 0x07, 0x41, 0x14, 0x3E, 0xCB, 0x0F, 0x11, 0x32, 0x51,
    0x12, 0xD4, 0xD4, 0x8D, 0x25, 0x3A, 0xE8, 0xF1, 0x8B, 0xF5, 0x77, 0x8F, 0xDF, 0x49, 0xB5, 0xA0,
    0x44, 0xC5, 0xF7, 0x14, 0x09, 0xC6, 0xFA, 0x9D, 0xF0, 0x9D, 0xF1, 0x9B, 0x52, 0x05, 0x45, 0xAD,
    0x0D, 0xB4, 0x9F, 0xCA, 0xDB, 0x73, 0x97, 0xE3, 0xAD, 0xD7, 0x73, 0x67, 0x09, 0x9B, 0x87, 0x7E,
    0x1C, 0xBF, 0xF0, 0xAE, 0x46, 0x91, 0x60, 0x32, 0x06, 0x3E, 0x38, 0x91, 0xCF, 0xA8, 0x9E, 0xF3,
    0x51, 0x4B, 0x12, 0x06, 0x46, 0x3F, 0x3A, 0xA0, 0xBE, 0xDE, 0x47, 0x19, 0x36, 0x59, 0x5C, 0x7F,
    0xE5, 0xE2, 0x40, 0x85, 0xB5, 0x50, 0xA8, 0xD8, 0x29, 0x03, 0xC4, 0x78, 0xAB, 0x1D, 0x22, 0x8D,
    0x69, 0xA6, 0x8C, 0x6A, 0xFE, 0x13, 0x2B, 0x23, 0xCD, 0xDE, 0xA1, 0xD9, 0x8C, 0xAF, 0xF3, 0xC0,
    0x51, 0x69, 0x1F, 0xCF, 0xDD, 0x38, 0xA2, 0x63, 0x01, 0xC9, 0x01, 0x7F, 0x0C, 0x7F, 0x8A, 0x20,
    0x43, 0x94, 0x21, 0xCC, 0x30, 0x9D, 0xA2, 0xDA, 0xB1, 0x8B, 0xD1, 0x83, 0xD4, 0x3D, 0x31, 0x6B,
    0xC4, 0xC2, 0x5D, 0x0C, 0xC7, 0x97, 0x13, 0x7A, 0x9A, 0x69, 0x8F, 0x4B, 0x51, 0x58, 0x85, 0xA5,
    0x69, 0xC7, 0x83, 0x44, 0xCC, 0x68, 0x8B, 0x4F, 0x6E, 0xDB, 0xB9, 0xA4, 0xCF, 0x42, 0xD9, 0xD3,
    0x03, 0xD1, 0x10, 0x25, 0xDC, 0x14, 0x5B, 0x20, 0xCC, 0x76, 0x01, 0x19, 0x63, 0xB4, 0xBF, 0x37,
    0xA9, 0x67, 0x6A, 0x3E, 0x26, 0x73, 0x88, 0xC7, 0x77, 0x18, 0x26, 0x49, 0x3B, 0xA5, 0xF6, 0x13,
    0x24, 0x2C, 0x2E, 0x91, 0x36, 0x23, 0x86, 0x11, 0x87, 0xD0, 0xBB, 0xD0, 0xFE, 0x88, 0x0E, 0x0C,
    0xB0, 0x83, 0xEE, 0xBD, 0x8A, 0xD4, 0x49, 0x71, 0xFA, 0x1A, 0x72, 0xD0, 0x44, 0xEB, 0x23, 0xD2,
    0xE3, 0x87, 0x40, 0x87, 0x10, 0x84, 0x1C, 0x95, 0x0A, 0x7F, 0x02, 0x37, 0x9E, 0x72, 0x75, 0x46,
    0x54, 0x6B, 0x8E, 0xA5, 0x0E, 0x17, 0x04, 0xA9, 0x67, 0x15, 0xDA, 0xA9, 0xBA, 0xB6, 0x1E, 0xBD,
    0x69, 0xB7, 0x50, 0xB9, 0xDB, 0xA9, 0xFC, 0xAC, 0x7A, 0x46, 0x9D, 0x1B, 0x99, 0x27, 0xC2, 0x38,
    0x42, 0xD5, 0xBF, 0x57, 0x38, 0xCB, 0x15, 0x72, 0x95, 0x7D, 0x7C, 0xE8, 0xC6, 0x03, 0x0F, 0x5F,
    0x56, 0xA0, 0xDE, 0x89, 0xDF, 0xA8, 0xCB, 0x23, 0x54, 0x87, 0x98, 0xCE, 0x90, 0x90, 0x08, 0x44,
    0x67, 0x6C, 0x95, 0xA3, 0xED, 0x15, 0x72, 0x34, 0x8C, 0xA7, 0x5F, 0xD8, 0x7F, 0xD0, 0x78, 0x33,
    0xE6, 0xA8, 0x8C, 0x05, 0x4E, 0x6A, 0x9C, 0x3E, 0xE3, 0xEB, 0x81, 0xB6, 0xF1, 0x29, 0xA4, 0x52,
    0x85, 0x96, 0xC7, 0xCF, 0x11, 0xC4, 0xA7, 0x15, 0xAC, 0xBA, 0x84, 0x4C, 0x0F, 0x1B, 0x7E, 0xB6,
    0x2C, 0x3D, 0x40, 0x7F, 0x1D, 0x29, 0xBD, 0xC7, 0x0C, 0xD6, 0xE3, 0xDB, 0x70, 0xB8, 0x87, 0x0B,
    0x25, 0x12, 0x46, 0x28, 0x24, 0xFA, 0x8C, 0xD0, 0x11, 0x13, 0xF6, 0x7D, 0xE0, 0xFB, 0xBE, 0x26,
    0x3E, 0xBD, 0xC6, 0x40, 0x54, 0xE8, 0xBE, 0x95, 0xA3, 0x71, 0x1C, 0x16, 0x24, 0xD9, 0x7C, 0x8A,
    0xFB, 0x4A, 0x5A, 0xAE, 0x59, 0x95, 0x28, 0xD7, 0x02, 0xF2, 0x14, 0x5B, 0xA1, 0xB8, 0xC7, 0xCC,
    0xDB, 0x4E, 0x9D, 0x39, 0x46, 0xB1, 0x8A, 0x97, 0x5B, 0x42, 0x70, 0xD7, 0x6E, 0x01, 0xBD, 0xB0,
    0x5B, 0x2F, 0x2E, 0xED, 0xFF, 0xD2, 0x4C, 0x7D, 0x71, 0x7F, 0x77, 0x54, 0x57, 0xE6, 0x33, 0x29,
    0x24, 0x4F, 0x67, 0x2E, 0xD4, 0xD3, 0x2D, 0xAC, 0xC7, 0xE8, 0xA7, 0x1A, 0x2B, 0x6D, 0x03, 0x3D,
    0xEC, 0x7E, 0xBB, 0x88, 0x44, 0x19, 0x2A, 0xCA, 0x17, 0xF4, 0x8E, 0xEE, 0x90, 0x6B, 0xFC, 0xC8,
    0xA8, 0x8A, 0xD8, 0x58, 0xAE, 0x78, 0x27, 0x1B, 0xEB, 0x2E, 0xED, 0x11, 0xDF, 0xBA, 0x26, 0x11,
    0x63, 0xA7, 0x00, 0x99, 0x56, 0x29, 0x45, 0x0B, 0x9D, 0xF8, 0xE8, 0x30, 0x90, 0xF6, 0x7B, 0xF3,
    0x4D, 0xDF, 0x45, 0xB2, 0x19, 0x6C, 0x20, 0x09, 0xA2, 0x4D, 0xDC, 0x54, 0xEA, 0x92, 0x85, 0xE1,
    0x26, 0xAA, 0x24, 0xF4, 0xEC, 0xAA, 0x8A, 0xDC, 0xE5, 0x51, 0x11, 0x88, 0xBD, 0x17, 0xCD, 0x86,
    0xAE, 0x52, 0x43, 0xB1, 0xBC, 0x51, 0x28, 0x37, 0xD6, 0x69, 0x89, 0x85, 0x4A, 0x19, 0xEA, 0xE0,
    0xDF, 0x78, 0xDC, 0x4F, 0x68, 0x01, 0xBD, 0xE9, 0x70, 0x49, 0xE4, 0x02, 0x07, 0xC4, 0xB1, 0x72,
    0x52, 0xAB, 0xAE, 0x53, 0x9B, 0xB2, 0xEB, 0xC6, 0x2A, 0xAE, 0x56, 0xD1, 0x23, 0x1C, 0x91, 0x26,
    0xA8, 0x92, 0xCF, 0x13, 0xD8, 0x8F, 0x28, 0xAB, 0x4A, 0xD2, 0x53, 0xFE, 0x8C, 0x1D, 0xAD, 0x43,
    0x72, 0xFF, 0x90, 0x52, 0x3D, 0xD7, 0x51, 0xEB, 0x68, 0x9C, 0x5D, 0xC6, 0x9C, 0xD2, 0xCA, 0x14,
    0x1B, 0xBE, 0xB5, 0x20, 0xC7, 0x69, 0x89, 0xA0, 0x96, 0x8E, 0x96, 0x10, 0x27, 0xDB, 0xB9, 0x53,
    0xD8, 0x85, 0x84, 0xA8, 0x48, 0xB0, 0xDD, 0xA8, 0x21, 0xD9, 0x14, 0x46, 0x08, 0x32, 0xFD, 0xD9,
    0x4E, 0x77, 0x98, 0x25, 0x43, 0xAE, 0x97, 0x8F, 0x88, 0x5B, 0x5D, 0xAC, 0x3C, 0x68, 0x6C, 0xE0,
    0xE9, 0x76, 0x41, 0x46, 0x56, 0x4C, 0x90, 0x8A, 0x96, 0x67, 0xF4, 0x42, 0x8D, 0x4A, 0x8D, 0x0E,
    0x6D, 0xF6, 0x09, 0x75, 0x8F, 0x1C, 0x8A, 0x30, 0xA2, 0x0D, 0x0C, 0x72, 0x7D, 0xB7, 0x59, 0x4F,
    0xFF, 0x1E, 0xED, 0xAB, 0x40, 0x68, 0x46, 0x73, 0x3D, 0x14, 0x83, 0x24, 0x83, 0x2D, 0xEB, 0x85,
    0x06, 0xB0, 0xA3, 0xB3, 0xDB, 0x24, 0x80, 0xB2, 0x6F, 0xB8, 0xBF, 0xC7, 0xF5, 0xB3, 0x76, 0x7D,
    0xFC, 0xB9, 0xEB, 0xAF, 0x5F, 0x33, 0x18, 0xF0, 0xF7, 0xD3, 0xEB, 0xDB, 0xB1, 0xC2, 0xE0, 0xF1,
    0x59, 0x18, 0xEC, 0xDF, 0xCD, 0x44, 0x5D, 0x64, 0xD4, 0x49, 0x62, 0x90, 0x1B, 0x0C, 0xFA, 0xC4,
    0x60, 0xF1, 0x24, 0x06, 0x39, 0x2B, 0x85, 0x19, 0x21, 0x6D, 0x18, 0xD3, 0x86, 0xA9, 0xC6, 0x60,
    0x7F, 0xBF, 0x62, 0xC9, 0x24, 0x06, 0xA2, 0x34, 0x18, 0xA8, 0xF8, 0x59, 0xCC, 0x49, 0xBB, 0x1D,
    0xA9, 0x5A, 0xBD, 0x2A, 0xCA, 0xB1, 0xC9, 0xB5, 0x0E, 0xAD, 0x6D, 0x73, 0xD4, 0x94, 0x1B, 0x6D,
    0x7B, 0xD4, 0x3E, 0x63, 0x2D, 0xFB, 0x53, 0xAD, 0x04, 0x94, 0xB0, 0x6A, 0x4C, 0x4A, 0xD8, 0xF9,
    0x9A, 0x0C, 0xAB, 0x4D, 0x05, 0x29, 0xEB, 0x72, 0xE3, 0x3E, 0x61, 0x39, 0x84, 0xF3, 0x75, 0x4A,
    0xEC, 0xCB, 0x29, 0xE4, 0x88, 0xD0, 0x90, 0xD7, 0xF2, 0xAF, 0x39, 0xBA, 0xE4, 0xBF, 0xCF, 0x3D,
    0x7A, 0xDC, 0xCA, 0x1C, 0xB6, 0xC5, 0x21, 0x1B, 0x8F, 0xCC, 0xE3, 0x18, 0xC9, 0xD3, 0x99, 0x61,
    0x9E, 0xCE, 0x9A, 0x39, 0xC3, 0xD3, 0x44, 0xB4, 0x29, 0x32, 0x33, 0x7B, 0xC6, 0xDF, 0x2C, 0x5B,
    0x6E, 0xE5, 0x1C, 0xA2, 0x53, 0x39, 0x3B, 0x18, 0x94, 0x6E, 0x0F, 0xB7, 0x0A, 0xD9, 0xC1, 0xBF,
    0x0B, 0xE9, 0x59, 0xEF, 0xE6, 0x9E, 0xB4, 0xDF, 0xC9, 0x3B, 0xAE, 0x7B, 0x35, 0xF7, 0x9D, 0x6F,
    0xD9, 0x69, 0xE0, 0xDC, 0x77, 0xD2, 0xC8, 0x56, 0x45, 0xC6, 0xAE, 0x5C, 0x44, 0x56, 0x21, 0xDB,
    0xED, 0x02, 0xEE, 0x16, 0xD9, 0x2C, 0xBE, 0xCE, 0x7D, 0xC2, 0xFA, 0x5D, 0x8C, 0x59, 0x90, 0xA7,
    0xD2, 0x49, 0x33, 0x69, 0xE7, 0x95, 0x14, 0x25, 0x69, 0x55, 0x11, 0xD2, 0x5B, 0x65, 0x0F, 0x83,
    0x22, 0x42, 0x9F, 0x70, 0x4A, 0x0E, 0x26, 0x9B, 0x0A, 0x6B, 0x5F, 0x87, 0x35, 0x35, 0x61, 0x85,
    0x0A, 0x6B, 0x45, 0x83, 0x33, 0x42, 0x57, 0x29, 0xE0, 0x32, 0x3D, 0x44, 0x71, 0x1A, 0xD6, 0xE1,
    0x59, 0xD4, 0x56, 0xE9, 0x95, 0x9B, 0xF4, 0x52, 0xA5, 0xDA, 0xA6, 0xB4, 0xCA, 0x58, 0x5E, 0xBF,
    0x43, 0x1C, 0x67, 0xE8, 0x5E, 0x8F, 0xCF, 0xA6, 0xD6, 0xFF, 0x6B, 0x83, 0x75, 0x35, 0xDF, 0xB1,
    0xFF, 0x48, 0x1B, 0x96, 0x0D, 0xB5, 0x16, 0x0D, 0x61, 0xCF, 0x3F, 0x95, 0x62, 0x9F, 0x63, 0xC7,
    0xFE, 0x43, 0x6D, 0x47, 0x87, 0x22, 0x79, 0x1A, 0xCB, 0x9D, 0x55, 0x3C, 0x8D, 0xA8, 0x9F, 0x28,
    0x3B, 0xB4, 0x4C, 0xA8, 0x75, 0x2A, 0x3D, 0x28, 0x81, 0xB0, 0x97, 0x4D, 0xF7, 0x25, 0x1E, 0x2A,
    0x81, 0xD5, 0xA2, 0x1C, 0x51, 0x50, 0x07, 0x7C, 0xF7, 0x7F, 0xD6, 0x74, 0x5F, 0x46, 0x9D, 0x8F,
    0xEA, 0xFA, 0x07, 0x6F, 0xBF, 0xF9, 0x3F, 0xDC, 0x53, 0x0F, 0x0F, 0x66, 0xA9, 0x34, 0x52, 0x6A,
    0x1E, 0x23, 0xEF, 0x26, 0xF5, 0x39, 0xCE, 0xA4, 0xFE, 0x98, 0xEC, 0x1A, 0x13, 0xFB, 0x31, 0x67,
    0x0F, 0x70, 0x9B, 0x85, 0xA4, 0x39, 0xB3, 0x79, 0x55, 0x9C, 0x37, 0x6D, 0xFE, 0x1F, 0xAE, 0x12,
    0x62, 0xCA, 0x4F, 0x15, 0x7C, 0x1E, 0xE8, 0x31, 0x7B, 0xA4, 0x6B, 0x54, 0xD3, 0x65, 0x95, 0x75,
    0xC6, 0x9A, 0x37, 0xB0, 0xCB, 0xD5, 0x06, 0x87, 0x88, 0x2A, 0x8A, 0x6C, 0x94, 0xB1, 0xB6, 0x4C,
    0xA7, 0xF6, 0xBF, 0x28, 0xD0, 0xCE, 0x77, 0x44, 0x91, 0x48, 0x9F, 0x6D, 0x9F, 0xE7, 0x3B, 0x69,
    0x18, 0x78, 0x64, 0x5D, 0xE8, 0x79, 0x88, 0xA6, 0x32, 0xE0, 0x6C, 0xC9, 0xF2, 0x58, 0xC8, 0x04,
    0x5B, 0xB9, 0x5B, 0xB1, 0x88, 0xB8, 0x05, 0x81, 0x71, 0xF2, 0x76, 0xBF, 0x01, 0x8F, 0x27, 0x2B,
    0xAD, 0x12, 0x3D, 0x36, 0x2C, 0x92, 0x98, 0xB1, 0xD1, 0x5C, 0x1D, 0xAA, 0x1A, 0xCC, 0x2D, 0x1A,
    0x71, 0xC0, 0xA2, 0x5B, 0xA9, 0x65, 0x8C, 0x0F, 0x7F, 0x0E, 0x54, 0x53, 0xA3, 0xE5, 0x44, 0xC9,
    0x5F, 0x5F, 0xB7, 0x28, 0xE4, 0x2E, 0x24, 0xBF, 0x76, 0x7E, 0x9C, 0xC2, 0xFE, 0xC0, 0x54, 0x01,
    0x55, 0x67, 0x14, 0xA6, 0xBA, 0xFB, 0x58, 0xEB, 0x40, 0x1A, 0x48, 0x55, 0x41, 0xCA, 0xD9, 0x20,
    0xE4, 0xA6, 0xEC, 0x47, 0x66, 0x41, 0xDB, 0x09, 0x74, 0x9B, 0xAF, 0x94, 0x29, 0x85, 0x91, 0x40,
    0x25, 0x7B, 0x77, 0x28, 0xA3, 0x47, 0x9A, 0x4F, 0xA8, 0xC5, 0x3F, 0xAD, 0x5C, 0xB7, 0x62, 0xA9,
    0xAD, 0x6F, 0x00, 0xAE, 0xBE, 0x01, 0x78, 0xBA, 0x0C, 0xD3, 0x75, 0x0C, 0xD3, 0x51, 0xBA, 0x5B,
    0x65, 0xD9, 0xCD, 0xE4, 0xCA, 0x95, 0x30, 0x8C, 0x82, 0x20, 0xD8, 0xF4, 0x37, 0x3C, 0x75, 0x43,
    0xA8, 0xF1, 0x2B, 0xCE, 0xF2, 0xF5, 0xAC, 0x88, 0xB1, 0x68, 0xBB, 0x57, 0xDD, 0xDF, 0xB1, 0xC3,
    0xCB, 0x5F, 0xCA, 0x47, 0x29, 0xF6, 0x20, 0xD8, 0xBF, 0xDD, 0x87, 0xCB, 0xA9, 0x9E, 0xAA, 0x61,
    0xAF, 0x5D, 0x50, 0x32, 0xCD, 0x6A, 0xBD, 0x9B, 0x84, 0xE7, 0x48, 0x66, 0x51, 0xFF, 0xC9, 0x79,
    0x6F, 0x29, 0x31, 0xA4, 0xBC, 0xB1, 0x57, 0xE3, 0x5E, 0x61, 0xD3, 0x3C, 0xCD, 0xBB, 0xF7, 0xA6,
    0xEE, 0x49, 0xB6, 0x92, 0xD3, 0xA6, 0xD3, 0xFA, 0x5A, 0xEC, 0x8E, 0x66, 0xF2, 0xF8, 0x50, 0xA6,
    0x3D, 0x9A, 0xDA, 0x81, 0xE7, 0xA3, 0x13, 0xA0, 0xC7, 0x9E, 0x62, 0x88, 0xE9, 0x57, 0x7F, 0x5E,
    0xDE, 0x32, 0xD5, 0x94, 0x69, 0x52, 0xB3, 0x53, 0x3D, 0x20, 0x7D, 0xFD, 0x56, 0x23, 0x43, 0xF5,
    0xF3, 0x1A, 0xDB, 0xB2, 0xEE, 0x8D, 0xC2, 0xA9, 0x4F, 0x2B, 0x6E, 0x5B, 0x1F, 0xC8, 0x9B, 0xE7,
    0xA4, 0xB2, 0x08, 0xCE, 0xF1, 0x52, 0x13, 0xD0, 0x68, 0x6E, 0xEB, 0xA2, 0xE9, 0x8F, 0x22, 0xC1,
    0x14, 0xBF, 0x37, 0x85, 0xD3, 0xDA, 0x76, 0x3E, 0xE6, 0x51, 0x4E, 0x31, 0x25, 0x23, 0x7D, 0x8C,
    0x07, 0xAF, 0x56, 0xA3, 0x65, 0x1C, 0x36, 0xA7, 0xF1, 0xA8, 0xD2, 0xA9, 0x75, 0x37, 0x21, 0xF6,
    0xE0, 0xCC, 0x9A, 0xA6, 0xBA, 0xC7, 0x04, 0x2E, 0xC5, 0xED, 0x58, 0x4D, 0x1A, 0xB7, 0x0D, 0xBB,
    0xC9, 0x9E, 0xB2, 0xCD, 0x9E, 0x56, 0x6B, 0x27, 0xC0, 0x2B, 0x5C, 0xFE, 0x9C, 0x86, 0xEA, 0x98,
    0x50, 0x0D, 0x7A, 0x4F, 0x40, 0x75, 0x30, 0x10, 0x33, 0xF9, 0xF1, 0xD4, 0x9A, 0xAB, 0x2D, 0x5E,
    0x10, 0xE5, 0x43, 0x37, 0xEF, 0xD7, 0x5A, 0x6B, 0xD6, 0x61, 0xFB, 0x46, 0xEC, 0x4E, 0x2A, 0x79,
    0x3C, 0x97, 0x31, 0xEF, 0x46, 0x84, 0x44, 0x99, 0x1A, 0x20, 0xE1, 0x5D, 0x25, 0xD2, 0xF5, 0x22,
    0x61, 0xD8, 0x62, 0x47, 0x35, 0xE4, 0xAA, 0x39, 0x69, 0x6E, 0x82, 0x9D, 0xB5, 0xF8, 0x8E, 0x55,
    0xD7, 0xB4, 0xA3, 0x0C, 0xD6, 0x1D, 0xC0, 0x5A, 0xA0, 0x4D, 0x23, 0xCF, 0x46, 0x83, 0xFC, 0xF9,
    0x11, 0x5B, 0xA8, 0xA7, 0x02, 0xC6, 0x07, 0x07, 0xD2, 0x2A, 0xD9, 0xDE, 0x7B, 0x03, 0x74, 0x08,
    0xDE, 0x1C, 0x5B, 0x0C, 0x57, 0x17, 0x91, 0x4C, 0x43, 0xF6, 0xDA, 0x56, 0xA5, 0x0B, 0x9E, 0x2E,
    0x76, 0xED, 0xC9, 0x4F, 0x32, 0x8B, 0xD1, 0xBC, 0x08, 0x77, 0xF2, 0x97, 0x1A, 0xF2, 0xCF, 0xCB,
    0x1B, 0x14, 0xB9, 0x03, 0x3B, 0xF7, 0x30, 0xB5, 0x73, 0x76, 0xE8, 0x76, 0xEA, 0xAB, 0x9E, 0x28,
    0x50, 0x6D, 0x46, 0x84, 0x92, 0x99, 0x2B, 0xA8, 0xAC, 0xA1, 0x2A, 0x1A, 0x89, 0xC5, 0x59, 0x0C,
    0xCF, 0xCA, 0x73, 0x79, 0x86, 0xE7, 0x86, 0x2D, 0x4E, 0xC3, 0x16, 0x82, 0xCB, 0x7B, 0x4D, 0xAF,
    0xE5, 0xE1, 0x1A, 0x5B, 0x08, 0xAA, 0xF5, 0x01, 0x85, 0xF7, 0xF1, 0x36, 0x73, 0x5B, 0x75, 0x5F,
    0xB6, 0xEA, 0xB1, 0x52, 0xDD, 0x63, 0xD1, 0x51, 0x95, 0xDA, 0xA4, 0x25, 0xBC, 0xE3, 0x39, 0xFC,
    0x49, 0xA9, 0xE5, 0x3A, 0x58, 0x2B, 0x00, 0x5A, 0x37, 0xD7, 0xE2, 0xF8, 0x24, 0xE5, 0x0F, 0x48,
    0xAC, 0xEE, 0xBD, 0x99, 0xA6, 0xD5, 0x8A, 0x0A, 0x85, 0xBA, 0xE5, 0x9D, 0xA7, 0xEF, 0x90, 0xC7,
    0xAA, 0x19, 0x35, 0xB7, 0x35, 0x73, 0x2D, 0x5B, 0x91, 0x7A, 0xAC, 0xB7, 0xB5, 0xD8, 0x10, 0xFE,
    0xB4, 0xF4, 0xB0, 0xAB, 0xDA, 0xDF, 0x7F, 0xF0, 0xCF, 0x18, 0xCF, 0xE7, 0xD4, 0x82, 0xC4, 0xCE,
    0x87, 0xDF, 0x4B, 0xBB, 0xBA, 0x0D, 0x50, 0xC1, 0x72, 0xF2, 0xD1, 0xE2, 0xF9, 0xBB, 0xEB, 0xA9,
    0xDE, 0x43, 0x37, 0x95, 0x45, 0xD3, 0x71, 0x3F, 0x01, 0x4C, 0x22, 0xCA, 0x4C, 0x14, 0x95, 0x95,
    0xCF, 0x9C, 0xFC, 0xCE, 0x76, 0xDE, 0xFF, 0xB0, 0xE9, 0x54, 0x13, 0x1C, 0x70, 0x02, 0x2B, 0x33,
    0x7B, 0x8C, 0xC0, 0x8D, 0x7D, 0xEE, 0xC4, 0xBB, 0x74, 0x08, 0x37, 0x83, 0x53, 0xAE, 0xB4, 0x71,
    0x6C, 0x17, 0x1E, 0xCB, 0x74, 0xC1, 0x40, 0x7A, 0x6C, 0x50, 0x23, 0xBF, 0x64, 0x21, 0x8A, 0x2A,
    0x96, 0xF1, 0x2B, 0xBF, 0x2E, 0x78, 0x65, 0xFC, 0x4D, 0x0E, 0xBF, 0x7C, 0x9D, 0x7D, 0x44, 0x4E,
    0x8E, 0xCB, 0x74, 0x60, 0x8A, 0x4D, 0x43, 0x1F, 0x55, 0x21, 0x76, 0x08, 0x03, 0x71, 0x78, 0x83,
    0xFB, 0xF1, 0x02, 0xA0, 0x1A, 0x74, 0x4C, 0x62, 0x88, 0x0F, 0xC9, 0xAD, 0xDF, 0xF3, 0x4E, 0x48,
    0x8C, 0x22, 0xDD, 0x94, 0xAA, 0x14, 0x76, 0x53, 0x55, 0xFD, 0x54, 0x43, 0xA9, 0x2A, 0x89, 0x6A,
    0xCE, 0x68, 0x38, 0xF0, 0x77, 0xAE, 0xFD, 0x0F, 0xAD, 0xFE, 0xAD, 0x12, 0x3E, 0x8E, 0x1D, 0x6D,
    0xBD, 0x86, 0xF7, 0x4B, 0x85, 0xD9, 0xF6, 0x62, 0x73, 0xFB, 0xA8, 0xE7, 0xE7, 0x5F, 0xAD, 0x9A,
    0xCB, 0x26, 0xEB, 0xF2, 0x01, 0x2C, 0x7D, 0x05, 0xED, 0x2A, 0xC5, 0x4C, 0x8F, 0x6A, 0xED, 0x54,
    0x57, 0xEF, 0x52, 0xA9, 0x1B, 0xB4, 0xC9, 0x51, 0x73, 0x5B, 0xEE, 0xEB, 0x2B, 0x67, 0x5F, 0x4B,
    0x88, 0xAB, 0xB5, 0xD8, 0x6B, 0x1F, 0xA9, 0xE7, 0xE8, 0x5B, 0x7C, 0x82, 0x9B, 0xE6, 0x82, 0x0F,
    0xE6, 0x8D, 0x68, 0x75, 0x97, 0x79, 0xE3, 0x34, 0xC1, 0xD8, 0x60, 0x30, 0x36, 0x35, 0xEF, 0xC3,
    0xE6, 0xEA, 0x3F, 0xD3, 0x1B, 0x07, 0xED, 0xD3, 0x8A, 0x18, 0x86, 0xB1, 0xB2, 0xF2, 0x76, 0x43,
    0x13, 0xAC, 0x29, 0x46, 0x3F, 0xC6, 0x57, 0x68, 0x44, 0xF1, 0x85, 0xD1, 0x3C, 0x48, 0xFA, 0xF3,
    0xD7, 0xDC, 0xE2, 0xBF, 0xAD, 0x58, 0x4F, 0x8C, 0x1B, 0x57, 0x19, 0xFF, 0xBD, 0x99, 0xDD, 0x9D,
    0x2A, 0xD3, 0xF8, 0xED, 0x61, 0x23, 0x28, 0xC4, 0x76, 0xB8, 0xB5, 0xD4, 0x5E, 0x83, 0xB4, 0x87,
    0x39, 0x8C, 0xED, 0x07, 0x1C, 0x22, 0x81, 0x04, 0x8B, 0x94, 0x70, 0xA9, 0x44, 0x41, 0xE2, 0xD4,
    0x43, 0x77, 0x91, 0x06, 0xC9, 0xA2, 0x9B, 0xF8, 0x85, 0x1C, 0x7A, 0x40, 0x82, 0x1C, 0x80, 0x0B,
    0x97, 0x3D, 0x70, 0xA0, 0x1B, 0x50, 0x7C, 0xF0, 0xC1, 0x6A, 0x93, 0xEE, 0xA4, 0x7B, 0xE0, 0xD8,
    0x21, 0x51, 0xB8, 0x21, 0x06, 0x50, 0x7A, 0x48, 0xA9, 0x3A, 0x12, 0x46, 0x72, 0x36, 0x5E, 0x0F,
    0xBF, 0xF7, 0x66, 0xBC, 0x01, 0xA9, 0x55, 0x76, 0x55, 0x8F, 0xE7, 0x59, 0xE3, 0x99, 0xF7, 0x7D,
    0xF3, 0xFD, 0xF9, 0x7D, 0xFF, 0x2C, 0xE0, 0xC7, 0xBE, 0x06, 0x8F, 0x33, 0x90, 0xA8, 0xA0, 0x8A,
    0x26, 0x42, 0xFB, 0xE9, 0xF1, 0x33, 0x34, 0x0F, 0xF0, 0x3C, 0x78, 0xDB, 0xC9, 0x63, 0xF9, 0x76,
    0xB6, 0xBE, 0x31, 0x0C, 0x37, 0x10, 0x7D, 0x05, 0x83, 0x6D, 0x64, 0xDB, 0x18, 0xEC, 0xAA, 0xE8,
    0x5E, 0xD2, 0xF9, 0x58, 0xCB, 0x23, 0x88, 0xD8, 0x9C, 0x10, 0x9B, 0x40, 0x7D, 0x0A, 0x5C, 0xD9,
    0x02, 0x32, 0x5F, 0x89, 0x64, 0x45, 0x39, 0xBC, 0xED, 0x72, 0x79, 0x0F, 0x14, 0x5A, 0x79, 0x0A,
    0x8F, 0xEF, 0xF3, 0x54, 0xB1, 0x7C, 0xF2, 0xAF, 0xA0, 0x81, 0x77, 0xF7, 0x46, 0xC8, 0xF9, 0xCC,
    0x11, 0x37, 0x56, 0xFD, 0xFD, 0xD9, 0xC8, 0x1D, 0xD7, 0x53, 0x37, 0x76, 0x13, 0x1F, 0x22, 0xAD,
    0x00, 0xE9, 0x79, 0xAE, 0x06, 0x44, 0xD2, 0x80, 0x13, 0x57, 0xC9, 0x41, 0xA2, 0x8E, 0xEE, 0x07,
    0xB9, 0xFE, 0x6A, 0x7E, 0x5F, 0xA1, 0x38, 0x42, 0xB4, 0x9B, 0xE8, 0xD5, 0x90, 0x49, 0x27, 0xF1,
    0x2F, 0x6A, 0xEF, 0x97, 0x70, 0x3F, 0xC2, 0xCB, 0x33, 0xDD, 0xCF, 0x63, 0x91, 0xE2, 0xE6, 0xA1,
    0xDA, 0xCF, 0x15, 0xC5, 0x28, 0x4E, 0x90, 0x0F, 0xF9, 0x6B, 0x57, 0x7B, 0xCA, 0x83, 0x87, 0xF9,
    0x71, 0x9E, 0xB2, 0x84, 0x08, 0xF8, 0x89, 0xB0, 0x0D, 0x2C, 0x2B, 0xF4, 0x33, 0x31, 0x1E, 0x39,
    0x71, 0x48, 0x22, 0xB2, 0x71, 0x8E, 0x50, 0xA9, 0xEB, 0xF3, 0x4E, 0xD6, 0xC0, 0xB0, 0x86, 0x0D,
    0x3F, 0xD9, 0x16, 0x87, 0x09, 0xBA, 0x54, 0x44, 0xAF, 0xBA, 0x3A, 0xF0, 0x54, 0xE7, 0x16, 0xE4,
    0xC4, 0x70, 0xBA, 0xB0, 0x36, 0xD9, 0x19, 0x44, 0xC0, 0x1A, 0xAF, 0xFD, 0x3C, 0x01, 0xFA, 0xBF,
    0x99, 0x42, 0x64, 0xE8, 0xC0, 0xBB, 0x7B, 0x24, 0x21, 0x65, 0xFE, 0xA6, 0xAE, 0xB6, 0xDD, 0x03,
    0x1D, 0xF6, 0xC4, 0x37, 0x74, 0x30, 0x00, 0xC9, 0x07, 0xCE, 0x45, 0x15, 0xEE, 0x48, 0x89, 0xB0,
    0x75, 0xD4, 0xC4, 0xBA, 0x97, 0xEE, 0x40, 0x6A, 0x27, 0x83, 0x7B, 0xB8, 0x4F, 0x9B, 0xED, 0x4F,
    0xE6, 0x52, 0x6E, 0xC2, 0x9F, 0xA1, 0xE9, 0x2B, 0xF8, 0x6A, 0x25, 0x47, 0xE7, 0x55, 0x0C, 0x24,
    0xB2, 0x75, 0xF4, 0x3F, 0xC2, 0xF2, 0x12, 0x30, 0x8C, 0x9C, 0x7B, 0xA9, 0xFF, 0x2D, 0xDD, 0x5C,
    0xC7, 0x70, 0x84, 0x51, 0xCF, 0xD8, 0x85, 0x3C, 0xBD, 0x37, 0xB5, 0xB8, 0xA6, 0x5F, 0xDB, 0xD3,
    0xFB, 0x39, 0x4D, 0xA0, 0xED, 0xA9, 0x8C, 0x86, 0xD8, 0x1F, 0xC3, 0x4D, 0xAE, 0xD0, 0x0F, 0x12,
    0x8D, 0xFE, 0x81, 0xDA, 0xF8, 0xF1, 0x81, 0xDA, 0x7E, 0xE7, 0xBA, 0x1A, 0x7C, 0xE8, 0x61, 0xFB,
    0xFE, 0xB7, 0x11, 0xA8, 0x06, 0xD6, 0xC5, 0x98, 0x5A, 0x50, 0x88, 0x4B, 0xDC, 0x9E, 0x5D, 0xDE,
    0x14, 0xA8, 0x67, 0xED, 0xDE, 0xA0, 0x31, 0x38, 0x1F, 0x85, 0xDD, 0x6C, 0x45, 0x81, 0xEF, 0x3D,
    0x6B, 0x70, 0xB2, 0xFC, 0xFA, 0xA5, 0x56, 0x3E, 0x5D, 0xBE, 0x72, 0x89, 0x26, 0xC4, 0x06, 0xB0,
    0x8A, 0x73, 0x97, 0x37, 0xF7, 0xF3, 0xEC, 0xDC, 0x65, 0x45, 0x5A, 0x2F, 0x47, 0xC5, 0xB7, 0x5E,
    0x6F, 0x02, 0x63, 0x83, 0x84, 0xEE, 0x5B, 0xE8, 0xCE, 0x50, 0x3E, 0x22, 0x22, 0xF8, 0x88, 0xE8,
    0x79, 0x15, 0x6B, 0x3E, 0x3A, 0xAF, 0x97, 0xA6, 0x3C, 0x43, 0xBE, 0x41, 0xA9, 0xBA, 0x13, 0x7B,
    0xF4, 0xA2, 0x4F, 0x1F, 0x4A, 0x6A, 0x40, 0xAD, 0x54, 0x85, 0xAB, 0x46, 0xBA, 0xAA, 0x11, 0x1F,
    0x52, 0xD1, 0x66, 0x1F, 0xCC, 0x50, 0xDB, 0x97, 0xBC, 0x03, 0xDE, 0x31, 0xC8, 0x28, 0xD6, 0xAA,
    0xE5, 0xB0, 0x24, 0xF2, 0xA9, 0x3F, 0xBB, 0x5D, 0x9F, 0x06, 0xDD, 0x69, 0xAF, 0x3B, 0x89, 0xFA,
    0x93, 0x41, 0x77, 0x9C, 0x75, 0xB3, 0x4C, 0x66, 0x29, 0xBE, 0x9B, 0x12, 0x64, 0x7C, 0x49, 0x09,
    0x13, 0x57, 0xAF, 0xB5, 0x43, 0xEA, 0xF6, 0xBC, 0xF1, 0x83, 0xEE, 0xAA, 0x55, 0x08, 0xD5, 0xD2,
    0x6F, 0x10, 0x34, 0x3E, 0xDF, 0x28, 0x6D, 0xC8, 0x14, 0xB2, 0xD7, 0x3C, 0x03, 0x91, 0x9E, 0x13,
    0x47, 0x6E, 0x1C, 0x79, 0x3A, 0xAC, 0x9B, 0x28, 0x10, 0xAA, 0x30, 0x7C, 0xEC, 0xDE, 0x4B, 0x90,
    0x65, 0xE8, 0xED, 0x60, 0x3C, 0x76, 0x0F, 0x12, 0x29, 0x55, 0xD8, 0xC6, 0x0F, 0x7E, 0x04, 0xD0,
    0xFA, 0x6E, 0x86, 0xF0, 0x6C, 0x8A, 0x0C, 0x89, 0x13, 0x8B, 0xC4, 0x53, 0x82, 0x00, 0x77, 0xE2,
    0x80, 0xAF, 0x4F, 0x57, 0xDD, 0xEB, 0xF1, 0x08, 0xBE, 0x33, 0x41, 0xC3, 0x8B, 0x10, 0x9D, 0xDD,
    0x16, 0x49, 0xB0, 0xED, 0xEA, 0xB7, 0x27, 0x15, 0xBC, 0x36, 0xA6, 0x46, 0xA9, 0xA1, 0xB7, 0x0C,
    0x60, 0x39, 0x18, 0x16, 0x30, 0x3C, 0x60, 0x98, 0x58, 0x2E, 0x96, 0x0D, 0xDC, 0xEB, 0xEF, 0xD1,
    0xC8, 0xBE, 0x77, 0xD1, 0x18, 0x84, 0x26, 0x8E, 0x68, 0x1B, 0xEA, 0x19, 0x51, 0x41, 0x27, 0xA1,
    0x0E, 0xFE, 0xAF, 0xC8, 0xA2, 0x7E, 0x64, 0xE5, 0xA1, 0xCD, 0xAB, 0x8D, 0x86, 0x8D, 0x81, 0xD4,
    0x65, 0x10, 0x8A, 0x21, 0x09, 0x02, 0xE2, 0x7D, 0x18, 0x2D, 0xB5, 0xFE, 0x9C, 0xB4, 0x49, 0x33,
    0x45, 0xC5, 0xF9, 0x17, 0x42, 0xAF, 0x81, 0x41, 0x35, 0x70, 0xE2, 0xCE, 0x1D, 0x4F, 0x7D, 0x79,
    0x54, 0x03, 0x23, 0x46, 0x90, 0x5E, 0xD3, 0x09, 0xA5, 0xB7, 0xCE, 0x5A, 0x47, 0xEF, 0x80, 0x18,
    0xE6, 0xED, 0xA6, 0x75, 0x43, 0x4F, 0xA4, 0xB4, 0x54, 0xEB, 0x96, 0xF2, 0x4B, 0x3C, 0xEF, 0x72,
    0x0D, 0x60, 0xD1, 0x52, 0xBA, 0xC8, 0x62, 0x40, 0x70, 0xB9, 0x7F, 0x65, 0x9A, 0xF8, 0x05, 0x79,
    0xD2, 0xCC, 0x35, 0x49, 0x72, 0x8A, 0x32, 0x22, 0xEE, 0x33, 0x4F, 0x3B, 0x79, 0xAE, 0xDD, 0x3C,
    0x8F, 0x7D, 0x65, 0xA0, 0xE0, 0x24, 0x4D, 0x86, 0xA7, 0x35, 0x89, 0x01, 0x36, 0x1D, 0x53, 0xB8,
    0x1E, 0x0B, 0xE0, 0xF7, 0x12, 0xE9, 0xDF, 0xA1, 0x35, 0x0F, 0xE2, 0xC5, 0xF0, 0xDB, 0xA4, 0x7B,
    0x66, 0x31, 0x9C, 0x6F, 0xAA, 0x85, 0xF0, 0x13, 0x8A, 0x81, 0x7C, 0xC0, 0xD4, 0xF4, 0xB3, 0x05,
    0xC9, 0xB7, 0x4E, 0xFA, 0x27, 0x1A, 0xE2, 0x3D, 0x62, 0xE9, 0x80, 0xB6, 0x24, 0x72, 0x6C, 0x16,
    0xFB, 0x2C, 0x3C, 0x8B, 0x43, 0x9A, 0x14, 0x8F, 0xCE, 0xE1, 0x1E, 0xB9, 0x46, 0x99, 0xB9, 0x93,
    0x99, 0x6F, 0xF7, 0xAE, 0xD9, 0xE1, 0x5D, 0x4B, 0xCC, 0x16, 0xE7, 0xE1, 0x65, 0x82, 0x86, 0x5C,
    0x88, 0x14, 0xF7, 0x01, 0xD3, 0x0D, 0xF9, 0xD1, 0xF8, 0x87, 0xB7, 0x4C, 0xD5, 0x88, 0x4D, 0xCD,
    0x90, 0x4C, 0x7B, 0x46, 0x4A, 0xB9, 0xF7, 0x16, 0xF1, 0x24, 0xF3, 0xA3, 0xA2, 0xEA, 0x30, 0x8D,
    0x88, 0xA3, 0xAD, 0xD8, 0x4B, 0xDC, 0x44, 0x32, 0xD1, 0x12, 0x6C, 0xBB, 0x26, 0xE8, 0x7B, 0x5C,
    0xC3, 0x12, 0x61, 0x03, 0x7B, 0xED, 0xEA, 0x1D, 0x72, 0xE8, 0x18, 0x0E, 0x8F, 0x26, 0x2C, 0x6C,
    0x7C, 0xAD, 0xC9, 0x2E, 0x1D, 0x23, 0x03, 0xD7, 0x9D, 0x52, 0xD8, 0x15, 0xF3, 0x5B, 0x17, 0xA5,
    0x0B, 0x85, 0xAB, 0x5C, 0xA3, 0xDF, 0xA3, 0xBD, 0xA2, 0x9A, 0x95, 0x55, 0xCC, 0xC8, 0x22, 0xF7,
    0x7E, 0x4F, 0x39, 0xA6, 0x16, 0x75, 0x0C, 0x03, 0x9B, 0x78, 0x9A, 0x65, 0xD2, 0xE9, 0xEC, 0xFD,
    0x0E, 0xDD, 0x7C, 0xCC, 0xAB, 0x17, 0x61, 0x02, 0x8F, 0x41, 0x7A, 0xEC, 0xA5, 0xCF, 0xC4, 0x4F,
    0x30, 0x6E, 0xBC, 0x11, 0x1F, 0x36, 0x16, 0xC3, 0xEF, 0xB9, 0x65, 0x1A, 0xB5, 0xCE, 0x12, 0x78,
    0x76, 0x21, 0xFC, 0x56, 0x14, 0x73, 0x4B, 0x6C, 0x13, 0x9C, 0xA9, 0xB4, 0xB1, 0x67, 0x92, 0xA6,
    0x92, 0x36, 0x69, 0xD6, 0xFE, 0xA7, 0xCF, 0x60, 0xC9, 0xED, 0x15, 0x08, 0x79, 0xC6, 0xBE, 0x5D,
    0x77, 0x54, 0xA9, 0x3E, 0x7B, 0xDF, 0xF2, 0x32, 0xEA, 0x4C, 0xFD, 0x95, 0xB9, 0x0A, 0xF3, 0x54,
    0x4E, 0xF9, 0x4D, 0x79, 0x51, 0x46, 0xE8, 0xE2, 0xAC, 0x59, 0xC1, 0x8B, 0xA4, 0x54, 0x9C, 0xE6,
    0x10, 0xF9, 0x0C, 0xCE, 0xA3, 0x5B, 0x7C, 0x83, 0x93, 0x91, 0xCC, 0xAC, 0x88, 0x19, 0xA5, 0xF7,
    0xC5, 0x5F, 0xA3, 0xD7, 0xCF, 0x55, 0xC4, 0xDC, 0xC6, 0x6A, 0xCB, 0x2E, 0x83, 0xF8, 0x66, 0xE9,
    0x89, 0x6B, 0x68, 0xA1, 0x75, 0x73, 0xCA, 0xCE, 0xE6, 0x86, 0xC1, 0x89, 0x82, 0xCB, 0xD8, 0x71,
    0xBE, 0xF0, 0xD4, 0x86, 0x19, 0x1A, 0xEE, 0x18, 0xA1, 0x3B, 0x65, 0xC2, 0xFC, 0x03, 0x02, 0xEF,
    0xFB, 0xE8, 0xF9, 0xDF, 0xC1, 0x50, 0x7A, 0x7A, 0x20, 0xDD, 0x38, 0x93, 0x22, 0xCD, 0xD8, 0xB4,
    0xA4, 0x55, 0xFC, 0x24, 0x6D, 0xA2, 0x9D, 0x84, 0x68, 0xC5, 0x44, 0x35, 0x97, 0xCF, 0x1C, 0xA1,
    0x0A, 0xFC, 0x89, 0xA4, 0xC0, 0xA0, 0xC1, 0x79, 0x8B, 0x38, 0x7F, 0xBC, 0xA5, 0x0B, 0x9C, 0xC3,
    0xE0, 0x3C, 0xA3, 0xE8, 0x03, 0xE2, 0x3C, 0x23, 0xCE, 0xB3, 0x81, 0x5D, 0x22, 0x21, 0xCE, 0xE3,
    0x02, 0xE7, 0x9D, 0xA7, 0x38, 0xB7, 0x87, 0x31, 0x62, 0x50, 0x46, 0x03, 0x16, 0xC4, 0x93, 0x58,
    0xA4, 0x82, 0x36, 0x27, 0x2C, 0x8A, 0xA7, 0xF8, 0x1A, 0xC1, 0xF6, 0x84, 0xB8, 0x7C, 0x71, 0x71,
    0x3C, 0x97, 0x1D, 0xCA, 0x48, 0x0F, 0x56, 0xCE, 0x2C, 0x50, 0x77, 0x62, 0x29, 0xF4, 0xEE, 0x8E,
    0x9D, 0x0F, 0x63, 0x30, 0x69, 0x1D, 0xC1, 0xFD, 0x18, 0xF5, 0x8B, 0x71, 0x5B, 0xA4, 0x17, 0x60,
    0x1A, 0xA6, 0x25, 0x36, 0x4E, 0x7F, 0xC4, 0xD5, 0x57, 0x26, 0x62, 0x2C, 0xC6, 0xC4, 0xED, 0x94,
    0xA8, 0x0D, 0x49, 0xD2, 0xA0, 0xD7, 0xC3, 0xA6, 0x1B, 0x87, 0x0D, 0x5F, 0x85, 0x8D, 0x26, 0xA2,
    0x66, 0x0F, 0x59, 0x3D, 0x75, 0x12, 0x19, 0x4B, 0x2D, 0x0F, 0xDF, 0x45, 0xB8, 0x3F, 0x2E, 0x33,
    0x91, 0x2A, 0x8A, 0x9A, 0xF3, 0x34, 0x13, 0x15, 0x08, 0xB4, 0x2B, 0xAD, 0x31, 0xCB, 0x56, 0x6D,
    0xB6, 0x65, 0x9B, 0x4A, 0x29, 0xCB, 0xA5, 0x7B, 0xC4, 0x7C, 0x8F, 0x12, 0xF7, 0xB8, 0xBB, 0x8D,
    0x2B, 0xA8, 0xDF, 0x9C, 0xB0, 0x53, 0x99, 0x4B, 0x3D, 0xCF, 0x46, 0xC7, 0xC9, 0x79, 0x01, 0x3C,
    0x0D, 0x0A, 0x98, 0x91, 0x8A, 0x30, 0x5D, 0x0C, 0x4F, 0x86, 0x33, 0x5A, 0xA4, 0x3E, 0x0E, 0xE8,
    0x05, 0xF0, 0x34, 0xD1, 0x64, 0xA2, 0xCA, 0x7F, 0x5A, 0x2F, 0x87, 0x6C, 0xE0, 0x19, 0x79, 0xDC,
    0xBB, 0xC3, 0xBC, 0xC0, 0x6E, 0xC5, 0x4D, 0xE0, 0xFD, 0x9C, 0x85, 0xF5, 0x6F, 0x45, 0xD1, 0x83,
    0x71, 0x45, 0x56, 0x98, 0x4B, 0xA4, 0x05, 0x0B, 0xA7, 0x64, 0x53, 0xA6, 0x99, 0x62, 0x99, 0x2C,
    0xC9, 0x22, 0xE7, 0x3F, 0x9A, 0x92, 0x7D, 0x0D, 0xB2, 0xFC, 0x98, 0xC9, 0xAA, 0x46, 0xDE, 0xAD,
    0x3C, 0xC3, 0xFA, 0x9E, 0x3A, 0x6E, 0x49, 0x6D, 0x5B, 0xCB, 0x36, 0xB1, 0x3F, 0x11, 0x8F, 0xEF,
    0xB8, 0x71, 0xCD, 0xD3, 0x6C, 0x82, 0xAB, 0x3E, 0x42, 0x79, 0x26, 0x95, 0x92, 0xA3, 0xCF, 0xED,
    0x1A, 0x9A, 0x4C, 0x6E, 0x0D, 0x34, 0x38, 0x92, 0x85, 0x2F, 0x67, 0x41, 0x5F, 0xE3, 0x05, 0x33,
    0x33, 0x19, 0xE9, 0xD9, 0x6D, 0x2D, 0x33, 0x61, 0xBD, 0xEF, 0x3D, 0x98, 0x49, 0x74, 0xB8, 0x2D,
    0x34, 0xDB, 0xC2, 0x00, 0xA1, 0xD9, 0x8C, 0x49, 0xFD, 0xB7, 0x43, 0xFF, 0x68, 0x50, 0xBA, 0x86,
    0x22, 0xBB, 0x76, 0xD2, 0x3B, 0x21, 0x89, 0xA3, 0x51, 0x4B, 0xD1, 0x1B, 0x9E, 0x82, 0x64, 0x69,
    0x09, 0xDD, 0x11, 0xBE, 0xB4, 0x7B, 0x0A, 0x92, 0xD5, 0x35, 0x8C, 0x76, 0x10, 0x6D, 0x9C, 0x82,
    0xC4, 0x0C, 0x54, 0x29, 0x9A, 0x11, 0x36, 0x36, 0xD0, 0x1E, 0x98, 0xC6, 0xF2, 0x84, 0x84, 0xE7,
    0xD8, 0xAA, 0x3B, 0xF9, 0xFD, 0x5C, 0xFB, 0xD7, 0xF2, 0xAF, 0x33, 0x79, 0xDF, 0x36, 0x9E, 0x1C,
    0xD2, 0x8D, 0x97, 0xFF, 0xB3, 0x15, 0xB3, 0x37, 0x79, 0x8C, 0xB6, 0xB9, 0x13, 0xD9, 0x2F, 0x97,
    0x99, 0xBF, 0xBD, 0x75, 0x67, 0x4B, 0xD5, 0x27, 0xA6, 0x31, 0x2E, 0xC0, 0xC8, 0x6E, 0x24, 0x75,
    0x1F, 0x8E, 0x18, 0xBD, 0xD5, 0x79, 0xCD, 0x08, 0xCC, 0xF7, 0x66, 0xC8, 0xD0, 0x7D, 0x25, 0xE1,
    0x1C, 0x60, 0x62, 0xE0, 0xB6, 0x99, 0x99, 0xC5, 0x64, 0x1E, 0x66, 0x55, 0x0B, 0x59, 0x61, 0xA7,
    0xC9, 0x3C, 0xF5, 0x92, 0xA1, 0x44, 0x50, 0x45, 0xAF, 0xFD, 0xBD, 0xAC, 0x3B, 0x53, 0x41, 0xC9,
    0x81, 0xE4, 0xA9, 0x97, 0xAB, 0xD2, 0x57, 0x94, 0xC9, 0xB5, 0xD7, 0x27, 0x24, 0x59, 0xA1, 0xAF,
    0xD8, 0xCE, 0x0F, 0x4E, 0x41, 0x72, 0xC1, 0x1A, 0x7E, 0x3B, 0x3A, 0x39, 0xC9, 0x0B, 0x54, 0xC3,
    0x33, 0x7A, 0x1C, 0x8F, 0x3E, 0xA6, 0xEE, 0x36, 0x6C, 0xD5, 0x0D, 0x4C, 0x9F, 0x15, 0x71, 0x60,
    0xB0, 0x08, 0xFB, 0xE4, 0xE7, 0x8E, 0xAE, 0x64, 0x61, 0xEF, 0xD3, 0x9F, 0xAF, 0xAD, 0xED, 0x84,
    0x1B, 0xC1, 0xA7, 0x3F, 0xB7, 0xE6, 0x5C, 0x42, 0x8B, 0x03, 0x5E, 0x82, 0x9F, 0xA6, 0xA6, 0x80,
    0xBD, 0x14, 0x38, 0x1C, 0xE6, 0x34, 0x83, 0x24, 0x6C, 0x18, 0x7F, 0xD3, 0xEB, 0x41, 0x88, 0xC8,
    0x4A, 0x1D, 0xFB, 0xB3, 0x62, 0xDE, 0x63, 0x6B, 0x38, 0xC4, 0x0F, 0x6F, 0x14, 0x8A, 0xFA, 0xFD,
    0x4C, 0x3E, 0x9C, 0x70, 0xFE, 0xB2, 0x3E, 0x34, 0xEA, 0x36, 0xCC, 0xFE, 0x01, 0x49, 0x02, 0x64,
    0xD4, 0x00, 0x9F, 0xB7, 0x9D, 0x41, 0xE9, 0x31, 0xE3, 0x70, 0xAF, 0x74, 0x38, 0x81, 0x55, 0x0D,
    0xD1, 0x9C, 0x03, 0x6B, 0xEE, 0xF0, 0xA7, 0xD1, 0xA5, 0x8E, 0x31, 0xF2, 0x6C, 0x92, 0x15, 0x1B,
    0x5D, 0xA5, 0xC7, 0x4E, 0x46, 0x52, 0x2A, 0xB2, 0x7B, 0x0A, 0x92, 0xD2, 0xC9, 0x1B, 0xA7, 0x20,
    0x81, 0x1D, 0x00, 0xD8, 0x0C, 0x3F, 0x67, 0x2E, 0x5B, 0xF9, 0xA4, 0x9B, 0x5B, 0x24, 0xAF, 0xDA,
    0x1C, 0x58, 0x54, 0x24, 0xC1, 0x36, 0xA7, 0xFB, 0x24, 0x66, 0xD9, 0x64, 0xD2, 0xEB, 0xB2, 0xAF,
    0x7A, 0xA2, 0xA4, 0xFB, 0x27, 0x25, 0xA5, 0xAF, 0x2A, 0x34, 0xAC, 0x64, 0x43, 0x63, 0x1A, 0x18,
    0xF9, 0x97, 0x31, 0xDA, 0x79, 0x7C, 0x5C, 0x1B, 0x22, 0x1B, 0x30, 0x4B, 0xB0, 0xB3, 0xD9, 0xFF,
    0x19, 0x9D, 0x21, 0x37, 0x10, 0x49, 0xE6, 0xC4, 0x63, 0x2F, 0xBE, 0xBA, 0x15, 0xB7, 0xFE, 0xA9,
    0xCB, 0x0C, 0xE4, 0xDB, 0x19, 0x12, 0x27, 0x26, 0x61, 0xDF, 0xF5, 0x86, 0x12, 0xF7, 0xE2, 0x53,
    0x90, 0xE8, 0x4D, 0xF7, 0xEF, 0x99, 0x73, 0x37, 0x39, 0x05, 0x89, 0x1D, 0x55, 0xB3, 0xB2, 0x20,
    0x17, 0x07, 0x9B, 0x51, 0x6D, 0xFE, 0x8F, 0x70, 0xE3, 0xA6, 0x2D, 0x41, 0x4E, 0x3C, 0x24, 0x26,
    0xB8, 0xE7, 0x1F, 0xDC, 0xF3, 0x6F, 0x6D, 0x27, 0x48, 0x5C, 0x85, 0x19, 0x86, 0x8B, 0xBA, 0xCB,
    0x47, 0x9F, 0xE3, 0x3B, 0xBB, 0xAA, 0x18, 0xAE, 0xEC, 0x31, 0x2F, 0x30, 0xB6, 0xB8, 0x6C, 0xC2,
    0x79, 0x9F, 0xCD, 0x84, 0xB1, 0x71, 0x6A, 0x06, 0x2A, 0x36, 0xBC, 0xC5, 0xDF, 0x55, 0xDA, 0x67,
    0x61, 0x93, 0xA6, 0xF5, 0xD5, 0x4D, 0x10, 0xCC, 0xA8, 0xF6, 0x93, 0x4F, 0xFE, 0xAF, 0x63, 0x8D,
    0x3E, 0x0C, 0xDB, 0x76, 0x7A, 0x5F, 0x94, 0x9C, 0xFF, 0x05, 0xBD, 0x59, 0x4F, 0x8C, 0x1B, 0x57,
    0x19, 0xFF, 0x66, 0x26, 0x9B, 0x97, 0x64, 0xD4, 0x79, 0x39, 0x64, 0xD5, 0xA0, 0xC4, 0xF6, 0x1E,
    0x72, 0x28, 0x92, 0x1D, 0x5F, 0x7A, 0xB0, 0xD4, 0xF1, 0x7A, 0x5A, 0x89, 0x63, 0xC9, 0x1E, 0x9A,
    0x5C, 0x22, 0x28, 0x07, 0x0E, 0x88, 0x03, 0xE1, 0x60, 0x60, 0x0E, 0xDB, 0xEC, 0x13, 0x07, 0x38,
    0x20, 0x55, 0xCB, 0x81, 0x5E, 0xB8, 0xEC, 0x21, 0x87, 0xE0, 0x14, 0xC5, 0x08, 0x0B, 0x2C, 0x68,
    0x9A, 0x17, 0x7A, 0x44, 0x82, 0x01, 0xA9, 0xE2, 0x80, 0x50, 0xA6, 0xD0, 0x15, 0x52, 0xA8, 0xDA,
    0x41, 0x18, 0xC9, 0x20, 0xAF, 0x87, 0xDF, 0xF7, 0x66, 0xC6, 0xF6, 0xA6, 0xEB, 0xD4, 0xBB, 0xB6,
    0xB0, 0xFD, 0x66, 0xED, 0xF5, 0xBC, 0xEF, 0xFB, 0xDE, 0xF7, 0xF7, 0xF7, 0x7D, 0x26, 0x3B, 0xD5,
    0x64, 0x5D, 0x0F, 0x68, 0xF2, 0x18, 0x11, 0x59, 0x58, 0xCE, 0x5F, 0x88, 0xC4, 0x9B, 0x44, 0xD2,
    0x23, 0x2A, 0x4B, 0x22, 0xDF, 0x25, 0xEA, 0xBB, 0x01, 0x25, 0x42, 0xD9, 0x69, 0xAA, 0x9C, 0x34,
    0xD5, 0x6E, 0xE0, 0x68, 0x49, 0x76, 0x54, 0x23, 0x2B, 0xF6, 0x89, 0x62, 0x6A, 0x0D, 0x69, 0x7D,
    0x8B, 0x69, 0xAC, 0x91, 0x95, 0xFE, 0x5E, 0xBC, 0x3F, 0x96, 0xB4, 0x59, 0xA2, 0x9A, 0x4F, 0x55,
    0x9F, 0xFC, 0x06, 0xF9, 0x3E, 0x85, 0x3E, 0x0D, 0x2B, 0x3F, 0xEE, 0xB9, 0x07, 0x5D, 0xBE, 0xCD,
    0x52, 0x8A, 0xAC, 0x3F, 0x6A, 0xA2, 0x94, 0x56, 0xC2, 0x7F, 0xE3, 0x22, 0x35, 0xDA, 0x54, 0x89,
    0x8E, 0x21, 0xC2, 0xB2, 0x2C, 0xC9, 0x81, 0xF8, 0xB8, 0x8F, 0x24, 0x2F, 0x7C, 0xB6, 0x82, 0x85,
    0x58, 0xDB, 0x11, 0x89, 0x80, 0x64, 0x40, 0x6E, 0x42, 0x04, 0xED, 0x97, 0xB0, 0xBD, 0x81, 0x95,
    0x0B, 0x65, 0x41, 0x8D, 0xAD, 0x31, 0x59, 0x07, 0xB7, 0xB4, 0x88, 0x9C, 0x48, 0x92, 0x95, 0xD4,
    0x88, 0xF6, 0xC0, 0x92, 0x42, 0xAC, 0x5E, 0x7E, 0x67, 0xD7, 0xBC, 0x77, 0xD4, 0x36, 0xB9, 0xC1,
    0x26, 0x5D, 0x25, 0xF9, 0x64, 0x48, 0x76, 0x1A, 0xE5, 0xC7, 0xDA, 0x63, 0x2E, 0x4E, 0x90, 0x69,
    0x83, 0xD2, 0xD8, 0xD9, 0xEF, 0x4B, 0xF2, 0xC1, 0xC9, 0x37, 0xAF, 0x06, 0x5F, 0xB7, 0x7C, 0x4A,
    0x2A, 0x37, 0x23, 0x91, 0x16, 0x5B, 0xC8, 0x19, 0x65, 0x1A, 0x58, 0x95, 0x18, 0xA7, 0x15, 0x95,
    0x23, 0x6A, 0x77, 0x8F, 0x23, 0x06, 0x3B, 0x11, 0xF4, 0xC2, 0xFA, 0x5D, 0x95, 0x18, 0x16, 0xCC,
    0xA4, 0x59, 0xE7, 0x8B, 0x8B, 0x71, 0xEE, 0x34, 0xFC, 0xE1, 0xA7, 0x44, 0xF6, 0x60, 0x75, 0x62,
    0x5C, 0xB9, 0x42, 0xD5, 0x84, 0xA4, 0x3A, 0x86, 0x18, 0x17, 0x3F, 0x07, 0x83, 0x80, 0x81, 0x88,
    0x27, 0x0E, 0xEB, 0xA4, 0x07, 0xE4, 0x3C, 0xB9, 0xAF, 0x1C, 0xED, 0x44, 0x42, 0xC1, 0x41, 0xE1,
    0xA4, 0x70, 0xD4, 0x2E, 0x9C, 0x90, 0x57, 0xC2, 0xAB, 0x0C, 0x17, 0x2D, 0xC1, 0x3D, 0x6B, 0xE4,
    0x2A, 0x9F, 0x5A, 0xB4, 0x79, 0x6F, 0x48, 0xAD, 0x74, 0x97, 0xB7, 0xC3, 0xBA, 0xE2, 0x8B, 0xD0,
    0xC7, 0xAB, 0x58, 0x97, 0x69, 0x5D, 0xB2, 0xBF, 0x92, 0xD8, 0x1F, 0xC3, 0x89, 0x9B, 0xF0, 0xC4,
    0x1A, 0x44, 0xA8, 0x62, 0xF9, 0x90, 0x86, 0xAF, 0x7D, 0xF2, 0xAD, 0x01, 0xC1, 0x71, 0x49, 0xCC,
    0x04, 0x8D, 0x95, 0x8E, 0xC9, 0x7E, 0x72, 0x5F, 0x3B, 0xDA, 0x4E, 0x10, 0x04, 0xBC, 0xDA, 0x8E,
    0xA2, 0xF0, 0xD2, 0x8F, 0x28, 0xDC, 0x49, 0x83, 0xB6, 0x0C, 0x0A, 0x59, 0xEC, 0xC8, 0x23, 0xA1,
    0xCB, 0x54, 0xA7, 0xFA, 0xBD, 0x11, 0xD5, 0x33, 0x19, 0xF0, 0xB8, 0xA9, 0x70, 0x10, 0x98, 0x19,
    0x92, 0x9F, 0x44, 0x06, 0x79, 0x00, 0x15, 0xBE, 0x36, 0xA3, 0x13, 0x84, 0xE8, 0x93, 0x8E, 0x09,
    0x48, 0xE8, 0xC4, 0x98, 0x1A, 0x94, 0x49, 0x76, 0xEE, 0x92, 0x4C, 0x47, 0x26, 0x40, 0xCB, 0x94,
    0x45, 0x1A, 0xCC, 0xC6, 0xCA, 0xA6, 0xCD, 0xCE, 0x1D, 0xE8, 0x04, 0xE6, 0x6D, 0x0D, 0x8A, 0xCC,
    0x15, 0xC0, 0x26, 0x22, 0xEA, 0x49, 0x6A, 0x94, 0x28, 0x6C, 0xDE, 0x48, 0x5A, 0xE3, 0xA0, 0x91,
    0x9B, 0x05, 0x36, 0x89, 0x45, 0x6A, 0x3C, 0xE8, 0x0C, 0x6C, 0xE7, 0x81, 0x92, 0x18, 0xAC, 0x86,
    0xFF, 0xC6, 0x15, 0x6A, 0x7C, 0xB3, 0xC8, 0x5C, 0x8B, 0x89, 0xC0, 0x41, 0x62, 0x43, 0x7B, 0x56,
    0xB4, 0x1A, 0x11, 0x0E, 0x05, 0xC8, 0x82, 0x22, 0x2C, 0xCB, 0x92, 0xF3, 0xA7, 0xCA, 0x36, 0x08,
    0x8E, 0xF7, 0x60, 0x11, 0xD6, 0x9A, 0x2A, 0x86, 0x1E, 0x48, 0xD5, 0x35, 0x07, 0xD1, 0xD9, 0x73,
    0x20, 0x81, 0x4F, 0x4E, 0xB2, 0x1A, 0x4D, 0x1C, 0x8A, 0xD1, 0x05, 0x35, 0x31, 0x27, 0x71, 0xFE,
    0x67, 0x5E, 0xAA, 0xE8, 0xEC, 0x76, 0xAD, 0x34, 0x42, 0x1D, 0xD0, 0x48, 0x15, 0x3A, 0x4B, 0x15,
    0x75, 0xA4, 0x8A, 0xD1, 0xD1, 0x89, 0x73, 0xDD, 0x94, 0x94, 0x7D, 0x94, 0x94, 0x66, 0xED, 0x50,
    0x49, 0xE9, 0x37, 0xAD, 0x81, 0xFC, 0xA4, 0x67, 0x0F, 0x71, 0x5B, 0xB2, 0x61, 0xC5, 0x0F, 0x5C,
    0x5D, 0x4F, 0x0D, 0xFB, 0xB3, 0x36, 0x8E, 0x0C, 0x71, 0x9C, 0xE1, 0xEA, 0x44, 0xCA, 0xDC, 0xB4,
    0x1E, 0x9D, 0x50, 0xA4, 0x79, 0x79, 0x7D, 0x19, 0x91, 0xF8, 0x94, 0x2A, 0x77, 0xDB, 0x13, 0x88,
    0xB4, 0x0A, 0x11, 0xDA, 0x79, 0xD2, 0xC7, 0x47, 0x5B, 0x17, 0x1E, 0xA8, 0xF8, 0x3D, 0x8A, 0xAF,
    0x80, 0x21, 0x4F, 0xA6, 0xAC, 0x17, 0xB0, 0x3E, 0x86, 0xFD, 0xBE, 0x3F, 0x01, 0x67, 0xF0, 0x66,
    0x3F, 0x5F, 0x0D, 0x78, 0x75, 0x88, 0x53, 0xF7, 0x4C, 0xDA, 0xEF, 0x74, 0x12, 0x99, 0xA6, 0x48,
    0xB5, 0x56, 0x9C, 0xA5, 0x7D, 0x46, 0x28, 0xB6, 0xF6, 0xB1, 0x23, 0x5F, 0xCA, 0xDA, 0x23, 0xD1,
    0xA3, 0x52, 0x75, 0x4A, 0xCA, 0x31, 0x6A, 0x73, 0xBF, 0x10, 0xB8, 0x3B, 0x89, 0xDC, 0x1F, 0xCA,
    0xC0, 0xF7, 0xB8, 0x10, 0xB1, 0x9F, 0x57, 0xA9, 0xED, 0x53, 0x17, 0x1E, 0xDE, 0xA0, 0xA4, 0x9D,
    0x59, 0x0B, 0xFC, 0x0C, 0x2F, 0x60, 0x9D, 0xA4, 0x95, 0xA6, 0xA3, 0x7A, 0xA7, 0x33, 0xF4, 0xC0,
    0xAB, 0xD2, 0xB9, 0x17, 0xD5, 0x81, 0x8C, 0xAA, 0x33, 0xBC, 0x1A, 0xB8, 0x3B, 0x84, 0xA6, 0x7A,
    0x40, 0x46, 0x5D, 0x13, 0x6B, 0x24, 0xDE, 0x47, 0x6C, 0x31, 0x91, 0x45, 0xF8, 0x59, 0x96, 0xFC,
    0xF8, 0xCC, 0xD7, 0x32, 0x31, 0xF9, 0x29, 0x94, 0x08, 0xDC, 0x40, 0x12, 0x3F, 0xCB, 0x79, 0x71,
    0xE0, 0xE7, 0xA9, 0x53, 0xF5, 0xFE, 0xC6, 0x1E, 0xDF, 0xE7, 0x9A, 0xEF, 0x3C, 0xF3, 0x6D, 0x51,
    0x36, 0x42, 0x92, 0xE3, 0xAC, 0x3E, 0x3C, 0x9B, 0x4A, 0x6B, 0xB8, 0xFE, 0xDA, 0x7C, 0x1A, 0x67,
    0x4F, 0xCB, 0x92, 0x18, 0x7E, 0x36, 0x95, 0x2B, 0x17, 0xAB, 0xA1, 0x8C, 0xE7, 0xD3, 0x31, 0x49,
    0x86, 0x9F, 0x21, 0xFC, 0xA5, 0x87, 0x28, 0xC0, 0xD3, 0x8A, 0xAD, 0xC8, 0x8E, 0x32, 0xBA, 0x32,
    0x93, 0x45, 0x21, 0x9F, 0x5D, 0xA0, 0x6D, 0x83, 0x05, 0xD9, 0xAB, 0xF8, 0xBE, 0xD8, 0xDC, 0x67,
    0xEE, 0x72, 0x94, 0x50, 0x65, 0x43, 0x6F, 0x87, 0x33, 0xDF, 0x96, 0x95, 0x50, 0xF4, 0xD9, 0xB2,
    0x3D, 0x43, 0xA6, 0xCC, 0x13, 0xB4, 0x71, 0x07, 0x5C, 0x40, 0x01, 0x26, 0x0A, 0xD8, 0x2F, 0x38,
    0x5F, 0xF2, 0xA6, 0xEC, 0xE2, 0xF1, 0xA5, 0xCC, 0x39, 0xB3, 0x46, 0x25, 0x09, 0x1A, 0x35, 0x23,
    0xB0, 0x0C, 0x50, 0x98, 0xC5, 0x3F, 0x12, 0x54, 0xE7, 0x54, 0xE5, 0x41, 0x1D, 0x6C, 0x89, 0x47,
    0x89, 0xA3, 0xF2, 0xE0, 0x70, 0x71, 0x34, 0x7E, 0x29, 0x0F, 0x92, 0x8B, 0xA0, 0xE4, 0x52, 0x15,
    0x3B, 0xF1, 0xF2, 0xA8, 0x51, 0xA6, 0x10, 0x09, 0xB8, 0xCA, 0x9A, 0xB1, 0xFA, 0xE4, 0xE4, 0x59,
    0xE1, 0x1C, 0xFC, 0xFD, 0x2A, 0xE2, 0xA8, 0x3B, 0x4D, 0xE7, 0x87, 0xF2, 0x74, 0xB1, 0xC2, 0x3C,
    0xF4, 0x7A, 0x79, 0x52, 0x49, 0x70, 0xA6, 0x84, 0x42, 0x14, 0x15, 0x0E, 0x90, 0xD6, 0x7D, 0x1C,
    0xE4, 0x20, 0xDF, 0x8E, 0x50, 0xFA, 0x04, 0x81, 0x94, 0x4B, 0xC8, 0xC1, 0x9A, 0x98, 0x57, 0xCC,
    0xD5, 0x13, 0x2F, 0x0E, 0x55, 0x3D, 0x8D, 0x09, 0x73, 0x7C, 0xFA, 0x06, 0xD1, 0x70, 0x5A, 0x50,
    0xB4, 0x05, 0x84, 0xE3, 0x42, 0x51, 0x75, 0x28, 0xE9, 0x1D, 0x12, 0xAF, 0xC4, 0xE4, 0x5E, 0x53,
    0x24, 0x5B, 0x50, 0x10, 0x6A, 0x80, 0xFC, 0x13, 0xCA, 0x12, 0xE0, 0x76, 0x09, 0x64, 0x6B, 0x10,
    0x29, 0x53, 0xFC, 0x55, 0x2C, 0x99, 0x11, 0x28, 0xC0, 0x3D, 0xB7, 0x08, 0x7A, 0x86, 0x6C, 0x11,
    0x86, 0xCC, 0xB2, 0x2F, 0xED, 0x58, 0xBA, 0x81, 0xD7, 0xA4, 0x32, 0xB0, 0xCE, 0x90, 0xAE, 0x36,
    0xC9, 0xAF, 0x40, 0x59, 0xAA, 0xE1, 0xE8, 0x36, 0xD7, 0xFA, 0x42, 0x56, 0x23, 0x5F, 0xAE, 0x5F,
    0x0A, 0xA5, 0x15, 0x4B, 0xA1, 0x3C, 0x58, 0xA7, 0x4F, 0x15, 0xB0, 0x1F, 0x70, 0x62, 0xC1, 0xC6,
    0x86, 0xAB, 0x42, 0x30, 0xB8, 0x6C, 0x54, 0x15, 0xCF, 0x70, 0x34, 0x2F, 0x51, 0xF0, 0x35, 0x26,
    0xCE, 0xCC, 0xCB, 0x7A, 0xAE, 0x19, 0xED, 0x6E, 0x76, 0xF6, 0x5A, 0xC0, 0x66, 0x2F, 0xE0, 0x28,
    0x85, 0x83, 0x19, 0xE7, 0x2A, 0x1C, 0xA9, 0x34, 0xE3, 0x48, 0xED, 0xE3, 0xD3, 0xA5, 0x5C, 0xF7,
    0xD9, 0x61, 0xB2, 0x47, 0x46, 0xAA, 0x37, 0x71, 0xFA, 0x68, 0xC6, 0xE9, 0xB9, 0x7C, 0x83, 0x6B,
    0x35, 0x8F, 0x8B, 0xD8, 0x79, 0x14, 0x39, 0x8F, 0xB4, 0xF3, 0x1B, 0xBD, 0x10, 0x37, 0x41, 0xCE,
    0x6F, 0xC9, 0x79, 0x93, 0xC4, 0xAB, 0x99, 0x9E, 0xF3, 0x3B, 0x3D, 0x73, 0x67, 0xE1, 0x81, 0x39,
    0xFA, 0x6E, 0x1F, 0xA9, 0xA5, 0x97, 0x03, 0x29, 0xB4, 0x14, 0xC1, 0x9C, 0xD3, 0x1C, 0xD2, 0xCE,
    0x19, 0x6F, 0xB3, 0xD4, 0x9C, 0xAF, 0x9D, 0xF3, 0xE2, 0xE5, 0xD8, 0x7D, 0x5D, 0x03, 0xBD, 0xCA,
    0x08, 0x95, 0x04, 0x3E, 0x72, 0x84, 0x76, 0xCC, 0xF9, 0xED, 0xC8, 0xFE, 0xC8, 0x19, 0x54, 0xF4,
    0x4B, 0xA0, 0x2D, 0x66, 0x34, 0x9F, 0xC1, 0x19, 0x2F, 0x77, 0xAA, 0xDC, 0xAC, 0x09, 0x55, 0x1D,
    0x18, 0x1E, 0x20, 0xC4, 0x17, 0x6F, 0xA3, 0x3C, 0x7C, 0x99, 0x42, 0xF7, 0x1A, 0xF5, 0xE0, 0x18,
    0x5D, 0xC4, 0x5F, 0x02, 0x1F, 0x41, 0x47, 0x90, 0xA0, 0x34, 0x7C, 0x2B, 0xAE, 0x51, 0x33, 0xF2,
    0x81, 0x9D, 0xE0, 0x9B, 0x58, 0x00, 0x7D, 0xDC, 0x29, 0x16, 0x86, 0x58, 0x9B, 0xA6, 0x67, 0xF9,
    0x8C, 0x72, 0xB0, 0x1C, 0xBF, 0x3C, 0xA2, 0x39, 0x8A, 0x5F, 0x9C, 0x36, 0xBD, 0x8B, 0xF2, 0x8E,
    0x8D, 0xB4, 0x8A, 0x4B, 0xAB, 0x41, 0x00, 0xDF, 0x55, 0x64, 0xFD, 0x19, 0x6F, 0xDE, 0x59, 0x8D,
    0x36, 0x18, 0xFE, 0xC5, 0x13, 0xF8, 0xF7, 0x7F, 0xD0, 0x46, 0x01, 0x52, 0x2B, 0x30, 0xC0, 0xBB,
    0xA0, 0x76, 0x7E, 0x31, 0xBE, 0x96, 0x89, 0xA0, 0xE7, 0x91, 0xEA, 0x02, 0x94, 0x0C, 0x64, 0x21,
    0x6C, 0xBB, 0x3E, 0x05, 0x56, 0x75, 0x83, 0x6A, 0x54, 0x86, 0x6A, 0x88, 0x51, 0x4D, 0x02, 0x7D,
    0x77, 0x91, 0x0A, 0x12, 0x64, 0xCC, 0xA4, 0x6B, 0x96, 0x15, 0x4D, 0x51, 0xCD, 0xE6, 0xE1, 0x4E,
    0x75, 0xDA, 0x12, 0x71, 0x9B, 0x2A, 0xF2, 0x36, 0x15, 0xD8, 0xA5, 0xE4, 0x53, 0xAD, 0x18, 0x67,
    0xCC, 0xB4, 0xA9, 0x6B, 0x47, 0xE0, 0xCD, 0x65, 0x65, 0xD8, 0xB8, 0x30, 0x3B, 0xD0, 0x59, 0x48,
    0x0C, 0xF6, 0x06, 0x71, 0x0D, 0xE1, 0x81, 0xA0, 0x3E, 0x75, 0x7E, 0x35, 0x62, 0x9C, 0xBD, 0x48,
    0x3E, 0xCA, 0x76, 0xCC, 0x0D, 0xCA, 0x82, 0x62, 0x98, 0x07, 0x70, 0xD1, 0xC8, 0x1A, 0xDF, 0xEA,
    0xDC, 0x15, 0xBA, 0xC4, 0x19, 0xA7, 0x46, 0xA6, 0x24, 0x67, 0x35, 0xB9, 0x8D, 0x68, 0xDF, 0xED,
    0xD2, 0x4E, 0x1A, 0x77, 0x39, 0x3F, 0x77, 0xB9, 0x8E, 0x31, 0x2E, 0x40, 0xF1, 0xC7, 0x65, 0x93,
    0x2F, 0xF2, 0xC9, 0x7F, 0x3B, 0x3C, 0x7A, 0x4A, 0xB9, 0xCD, 0x31, 0x9D, 0xC8, 0xC3, 0x81, 0xD8,
    0xFF, 0xD5, 0x87, 0xDB, 0x12, 0x40, 0xA1, 0x5A, 0x42, 0xF6, 0x00, 0xDF, 0xF2, 0x8D, 0x01, 0xDC,
    0x29, 0x05, 0xE8, 0x6A, 0x32, 0xE5, 0x37, 0xF8, 0x32, 0xA6, 0xB0, 0x72, 0xF3, 0xF1, 0x5B, 0x89,
    0x48, 0xED, 0xA2, 0x2C, 0x1B, 0x38, 0xD9, 0x9E, 0x62, 0xEF, 0x43, 0x53, 0x04, 0x81, 0x3C, 0x8A,
    0x6B, 0xE0, 0xF0, 0x80, 0x4B, 0x21, 0xCF, 0x04, 0xB2, 0xF3, 0x00, 0x1E, 0x35, 0xA0, 0x32, 0xBC,
    0x6C, 0x5A, 0xD3, 0xB6, 0x27, 0x75, 0x8D, 0xCE, 0x99, 0x10, 0xCE, 0x12, 0xD0, 0x1A, 0xB9, 0x3B,
    0x24, 0xF7, 0x79, 0x9C, 0x75, 0x64, 0x4E, 0x0D, 0x57, 0xC0, 0x6F, 0x2E, 0xD0, 0xDE, 0xA2, 0x5F,
    0x26, 0x34, 0xDE, 0xA2, 0xC1, 0x9C, 0x72, 0xAE, 0xB2, 0x2A, 0xC9, 0x92, 0x55, 0x27, 0x19, 0xD3,
    0xB4, 0x8C, 0xDB, 0x4F, 0xB5, 0x8C, 0x27, 0x97, 0xCE, 0x7E, 0x45, 0xD9, 0x8F, 0xCD, 0x1C, 0x71,
    0x51, 0x6D, 0x3C, 0x65, 0x0D, 0x0B, 0xA1, 0xBF, 0x73, 0xC0, 0x5E, 0x1A, 0x30, 0x8C, 0x63, 0xBE,
    0xA6, 0x29, 0xE6, 0xEC, 0x30, 0xC6, 0xF7, 0x3B, 0xDC, 0x2D, 0x3F, 0xC0, 0x9B, 0x8A, 0x19, 0x35,
    0xFA, 0xA0, 0xDC, 0xC4, 0xB3, 0xFE, 0xD6, 0x90, 0x04, 0x7B, 0xE9, 0x79, 0x32, 0xB0, 0x02, 0xE7,
    0xCD, 0x1A, 0xD0, 0x75, 0x38, 0xAF, 0x76, 0x7F, 0x18, 0x7B, 0xB4, 0x87, 0x7F, 0xC8, 0x0F, 0xF1,
    0x31, 0xA0, 0x4B, 0x1A, 0x7D, 0x41, 0xDB, 0xD1, 0x9B, 0xAF, 0xAB, 0xCA, 0xC1, 0x64, 0xDE, 0x27,
    0xFA, 0xA8, 0x69, 0xB5, 0xD5, 0x89, 0x01, 0xCD, 0xBE, 0xA4, 0xE9, 0x83, 0xE8, 0x18, 0x62, 0x2C,
    0xCB, 0x96, 0x6B, 0x48, 0x33, 0x63, 0x6D, 0x6C, 0x10, 0x2C, 0xC6, 0x1A, 0x0A, 0xB3, 0x06, 0xBC,
    0x1B, 0x5E, 0x60, 0x1D, 0xE1, 0x14, 0xAB, 0xD0, 0xC6, 0xDE, 0x1E, 0x7D, 0x5B, 0x73, 0x99, 0x3F,
    0x86, 0x51, 0xE8, 0x61, 0x9A, 0x7E, 0xFD, 0xDD, 0x9F, 0xB0, 0xBB, 0x84, 0xC6, 0x4B, 0x7A, 0x05,
    0x5E, 0x4D, 0xF2, 0xA4, 0xCF, 0x73, 0xDD, 0x89, 0x8F, 0x93, 0x41, 0xCE, 0x7B, 0x0C, 0x27, 0x4E,
    0x71, 0x60, 0xB0, 0x03, 0xB7, 0x46, 0x97, 0x76, 0x5D, 0x83, 0xFA, 0x3D, 0x03, 0x19, 0x6A, 0x54,
    0x51, 0x32, 0x12, 0x2C, 0x7B, 0x54, 0xD1, 0xA7, 0x0A, 0xB9, 0x5A, 0x27, 0x61, 0x68, 0x10, 0x32,
    0x87, 0x94, 0xFD, 0x3B, 0x83, 0x68, 0x40, 0x66, 0x44, 0x97, 0x76, 0x39, 0xC6, 0xDC, 0x02, 0x57,
    0x79, 0x05, 0xA8, 0xA9, 0x28, 0x96, 0x6B, 0x1E, 0x97, 0xF5, 0x7F, 0x07, 0xAD, 0x14, 0xC8, 0xFA,
    0x08, 0x2E, 0x33, 0xE7, 0x08, 0x6E, 0xED, 0x3D, 0x4C, 0xE4, 0xCC, 0x39, 0xD8, 0x36, 0x30, 0x98,
    0x44, 0x77, 0x9C, 0xB5, 0x89, 0xD9, 0x3C, 0x30, 0x1F, 0x7C, 0x62, 0xCD, 0xED, 0x82, 0xC3, 0xBC,
    0x33, 0x0D, 0xCD, 0x98, 0xF1, 0x0D, 0xAA, 0xDC, 0xCB, 0x6D, 0x45, 0x59, 0xDD, 0x1D, 0x47, 0xD6,
    0xF7, 0x72, 0x3C, 0xFA, 0x54, 0xB9, 0x6D, 0x5B, 0x71, 0xD7, 0x8A, 0x12, 0x5B, 0x0F, 0x84, 0xBE,
    0x7D, 0x4B, 0xD7, 0xFF, 0x66, 0xF2, 0x8A, 0x1C, 0x1F, 0x9A, 0x41, 0x2E, 0x2B, 0x82, 0x85, 0xBF,
    0xD7, 0x8F, 0xC3, 0xFF, 0xCC, 0xE9, 0x4F, 0xCD, 0x21, 0x97, 0x56, 0x83, 0xDA, 0xA5, 0x0F, 0x34,
    0x3D, 0x3C, 0x8E, 0x18, 0xD6, 0x1D, 0x88, 0xF0, 0x36, 0x44, 0x79, 0x0E, 0xEB, 0xF2, 0x44, 0x9C,
    0xA5, 0x45, 0xE1, 0x1A, 0x1A, 0xD0, 0x2F, 0x34, 0xFD, 0x41, 0xD3, 0xDF, 0x15, 0xDD, 0x5E, 0x58,
    0x20, 0x1B, 0x56, 0x64, 0x30, 0xF2, 0x9C, 0x9F, 0xA1, 0x80, 0x55, 0x08, 0xF3, 0xD5, 0xAF, 0xD0,
    0x3F, 0x23, 0xEB, 0x3D, 0xC5, 0xAE, 0xB7, 0xA0, 0x18, 0xCB, 0xB2, 0x6D, 0x66, 0xAD, 0x2D, 0xCF,
    0x49, 0x89, 0x93, 0xC3, 0x85, 0x05, 0x4D, 0x22, 0x8B, 0x72, 0xD3, 0x32, 0x80, 0x85, 0x3E, 0xCF,
    0xDB, 0x7E, 0xCD, 0x7A, 0x79, 0x4F, 0xCF, 0xFC, 0xD4, 0x96, 0x00, 0x32, 0xFB, 0x09, 0x52, 0xA6,
    0xDF, 0xB5, 0x47, 0xD4, 0xEB, 0x39, 0x1F, 0x81, 0xA0, 0xF8, 0x92, 0x15, 0xB5, 0x65, 0xC9, 0xD1,
    0xA1, 0x57, 0x12, 0xAA, 0x51, 0xF5, 0x5C, 0xF2, 0x1B, 0x9E, 0x47, 0x7E, 0x4F, 0xA2, 0xA5, 0x49,
    0x24, 0xF0, 0x4E, 0x24, 0xDB, 0xE8, 0xD0, 0xDD, 0x84, 0xEA, 0xCA, 0x8D, 0x90, 0xFD, 0x38, 0x23,
    0x72, 0x29, 0x21, 0xA7, 0x4F, 0x99, 0x3F, 0x4E, 0x1F, 0xA1, 0x13, 0xA1, 0xD3, 0x17, 0x11, 0xF6,
    0x7A, 0x31, 0xAA, 0x65, 0x29, 0x46, 0xE9, 0xF4, 0x13, 0x00, 0xE6, 0x17, 0x7F, 0x16, 0x51, 0xB5,
    0xFB, 0x73, 0x4D, 0xA5, 0xF8, 0x3B, 0xE8, 0xDF, 0xF4, 0x0E, 0x94, 0xA5, 0x9A, 0x59, 0x26, 0xCD,
    0xA6, 0x00, 0x2D, 0xD0, 0x4D, 0xA6, 0x78, 0xA5, 0x67, 0x7E, 0xC9, 0xA8, 0x43, 0x2B, 0xDB, 0xE8,
    0xC2, 0x12, 0x92, 0x4E, 0x44, 0xE2, 0x07, 0x8A, 0x9C, 0xC7, 0xD9, 0xEF, 0x77, 0x0C, 0x01, 0x8A,
    0xF1, 0x22, 0xAB, 0x8C, 0x27, 0xE3, 0x48, 0x29, 0x26, 0x67, 0x91, 0xBD, 0x8B, 0xF4, 0x04, 0xF0,
    0x50, 0xF5, 0x27, 0xF4, 0xD0, 0x53, 0x29, 0xAE, 0xEF, 0xFC, 0x1B, 0x09, 0x1B, 0x82, 0x47, 0x7C,
    0x50, 0x24, 0xD1, 0x5F, 0xB1, 0xE1, 0x5F, 0x2A, 0xD3, 0x18, 0xFB, 0xDC, 0x76, 0x5E, 0xAC, 0xF1,
    0xD5, 0xF3, 0x91, 0x51, 0x6A, 0x66, 0x89, 0xAD, 0x0D, 0xFC, 0x8F, 0x71, 0xC7, 0xDE, 0x6A, 0x64,
    0x9C, 0xA0, 0x82, 0xA9, 0xFB, 0x0B, 0x80, 0xBF, 0xD3, 0x9D, 0xFB, 0x3A, 0xFB, 0x81, 0xD1, 0xCF,
    0x08, 0xF0, 0x06, 0xD3, 0x30, 0xE4, 0xFF, 0xE2, 0x0E, 0x34, 0xCA, 0x06, 0xDC, 0x3C, 0xD4, 0xBE,
    0xDD, 0xB9, 0x8B, 0x5C, 0x3B, 0x32, 0xC4, 0x1D, 0x55, 0x0C, 0x20, 0x00, 0x60, 0x86, 0x6B, 0x37,
    0x12, 0xBE, 0x13, 0xC8, 0x04, 0xA9, 0xB9, 0x4F, 0x76, 0xCC, 0xB3, 0xD3, 0x0A, 0xEF, 0x50, 0x0F,
    0x01, 0x32, 0x8F, 0xF8, 0x49, 0x61, 0x29, 0xFE, 0x6B, 0x45, 0x39, 0x58, 0x90, 0xFF, 0x11, 0x83,
    0xFC, 0xA5, 0xF8, 0x73, 0x91, 0x8B, 0xF2, 0xE2, 0xBB, 0xD0, 0xF9, 0xEF, 0x90, 0x18, 0xE6, 0x33,
    0x84, 0xDA, 0xA7, 0xC6, 0x02, 0xED, 0xA3, 0x07, 0x47, 0x70, 0xFE, 0x1D, 0xE3, 0x0F, 0xFF, 0x03,
    0xBD, 0x58, 0x3F, 0x6C, 0x1B, 0xD7, 0x1D, 0xFE, 0xEE, 0x4E, 0xF6, 0xC1, 0x3A, 0x98, 0xCF, 0x43,
    0x35, 0xB8, 0x36, 0xC9, 0x0E, 0x1A, 0x84, 0x82, 0x94, 0x3A, 0x78, 0xE0, 0x70, 0x24, 0x2F, 0x06,
    0x8A, 0x8E, 0xD1, 0x60, 0x75, 0x31, 0xD0, 0x64, 0xF0, 0x54, 0x24, 0x91, 0x07, 0x06, 0xE0, 0x20,
    0x4B, 0xE7, 0xAC, 0x05, 0x0A, 0x35, 0x40, 0xBB, 0x04, 0x05, 0x34, 0x74, 0x68, 0xE8, 0xBA, 0x3E,
    0x20, 0x44, 0xC1, 0xC1, 0xB2, 0x2E, 0xF1, 0xD0, 0xA1, 0x43, 0x2F, 0x2D, 0xD2, 0x0E, 0x46, 0xD1,
    0x43, 0x53, 0xA1, 0x80, 0x8B, 0xA2, 0x57, 0x84, 0x45, 0x65, 0x5B, 0xD2, 0xF5, 0xFB, 0xBD, 0x77,
    0x14, 0xA9, 0x00, 0x4E, 0x69, 0x59, 0xEE, 0x91, 0xF7, 0x4E, 0x3A, 0xDE, 0xBD, 0xDF, 0xEF, 0xFD,
    0xFE, 0x7E, 0xDF, 0x03, 0x00, 0xFB, 0xBD, 0xD0, 0xC9, 0x0F, 0x60, 0x3D, 0x82, 0xF3, 0xF8, 0x5E,
    0x88, 0xFB, 0x70, 0x62, 0x27, 0xE1, 0x7D, 0x37, 0x44, 0x26, 0x97, 0x00, 0x59, 0x3B, 0x4F, 0xBC,
    0x00, 0xD1, 0xDC, 0xF5, 0x58, 0x01, 0x11, 0x14, 0x3F, 0xFC, 0xAD, 0x69, 0x2E, 0x43, 0x54, 0x60,
    0xA5, 0x76, 0x82, 0x32, 0xDF, 0xF4, 0x42, 0xD4, 0xE1, 0x85, 0x8B, 0x80, 0x8F, 0x36, 0x06, 0x40,
    0xEB, 0xCE, 0x9E, 0xF5, 0xB4, 0x87, 0x76, 0xBE, 0xE9, 0xE4, 0x39, 0x44, 0xDC, 0xD5, 0x90, 0x93,
    0x5E, 0xFD, 0x33, 0xFF, 0xF4, 0x82, 0x7D, 0x19, 0xE5, 0xEE, 0x1C, 0xA7, 0x82, 0x95, 0xFF, 0x96,
    0x92, 0xDC, 0xDD, 0x43, 0x2D, 0x48, 0xA6, 0x2F, 0x73, 0x36, 0x9F, 0x9F, 0x1A, 0xA5, 0xF0, 0x4A,
    0xBD, 0x1A, 0xF0, 0x55, 0xC0, 0xBF, 0x07, 0x75, 0x8A, 0xB0, 0x86, 0x94, 0x50, 0xFD, 0xE0, 0x57,
    0x14, 0xE0, 0x1E, 0x7C, 0x64, 0xE6, 0x3F, 0x3A, 0x9C, 0x98, 0x83, 0x3F, 0x39, 0x72, 0x45, 0x40,
    0x97, 0x0B, 0x02, 0x3A, 0x9E, 0x8C, 0x7D, 0x91, 0x8A, 0x6C, 0x72, 0xAC, 0x88, 0x1E, 0x69, 0x99,
    0xBF, 0x59, 0x09, 0x45, 0xF4, 0xED, 0xD8, 0x07, 0x06, 0x6E, 0xDC, 0xEA, 0x6D, 0xB5, 0x56, 0xB9,
    0x8C, 0xAC, 0xBA, 0x37, 0x16, 0x61, 0x89, 0x10, 0x2F, 0xE6, 0xE0, 0x06, 0x5A, 0x84, 0x96, 0x40,
    0x01, 0x8A, 0x6B, 0x43, 0x49, 0xEC, 0x53, 0x96, 0xA1, 0x2E, 0x43, 0x8D, 0x76, 0xA2, 0xE2, 0x65,
    0x19, 0x38, 0x33, 0x17, 0x42, 0x35, 0xC0, 0x79, 0xFB, 0x32, 0x6D, 0xA4, 0xA5, 0x8F, 0x06, 0x57,
    0x1C, 0xA0, 0x82, 0x91, 0x9C, 0x65, 0xE7, 0xE3, 0xCC, 0x09, 0x13, 0x4E, 0xCC, 0x69, 0x3D, 0x27,
    0x56, 0xF2, 0x0D, 0x4B, 0x6E, 0x58, 0x76, 0x83, 0xB2, 0x87, 0x9A, 0xA2, 0x51, 0xE0, 0x97, 0xD0,
    0xA8, 0xA0, 0x53, 0x16, 0x49, 0x9C, 0xDB, 0x1A, 0xC0, 0x49, 0x27, 0xCD, 0x91, 0xE9, 0xFB, 0x8E,
    0x18, 0x92, 0x97, 0x7D, 0xB9, 0x74, 0xDD, 0x5F, 0x50, 0x0F, 0x74, 0xDC, 0xEF, 0xA1, 0xCB, 0xB5,
    0x7A, 0xAF, 0xA3, 0x2F, 0x86, 0x70, 0xC3, 0x48, 0x2E, 0x4E, 0x9C, 0xC9, 0xC5, 0x4A, 0x33, 0x5A,
    0xA4, 0x82, 0x2C, 0x85, 0x95, 0x94, 0xF1, 0x6E, 0x1A, 0xD9, 0xB4, 0x4C, 0x33, 0xC9, 0x1C, 0x9A,
    0x66, 0x29, 0x1E, 0xBA, 0xA1, 0x0F, 0x15, 0xAF, 0xDF, 0xE3, 0x84, 0x5E, 0x3C, 0x69, 0x1D, 0xFA,
    0x5A, 0x4B, 0x55, 0xA1, 0x08, 0xF5, 0x60, 0x64, 0x1A, 0x91, 0x22, 0xB1, 0x04, 0x11, 0x48, 0x03,
    0x51, 0x1E, 0x2D, 0x44, 0x71, 0x35, 0x88, 0x34, 0x1F, 0x22, 0x4C, 0x2C, 0xF5, 0x6E, 0xDA, 0x80,
    0x88, 0xEA, 0x40, 0x24, 0xF5, 0x21, 0x82, 0x22, 0x2D, 0x47, 0x5B, 0xCA, 0xD8, 0x0B, 0x7A, 0x95,
    0xAE, 0x98, 0x1F, 0xD5, 0x60, 0xC2, 0x39, 0xC1, 0x28, 0x08, 0x9C, 0xD0, 0xDC, 0x39, 0xC3, 0x3B,
    0xDE, 0x46, 0xE6, 0x05, 0x6A, 0x77, 0xCF, 0xA3, 0x79, 0x7D, 0x09, 0x64, 0x5F, 0xA2, 0xAC, 0x51,
    0xE2, 0xD0, 0x2D, 0xD3, 0x42, 0x1D, 0x09, 0xB8, 0xA8, 0xC6, 0x81, 0x7A, 0x34, 0x64, 0xE8, 0x80,
    0x5A, 0x48, 0xC8, 0xC8, 0x20, 0x6E, 0xB2, 0x45, 0xAC, 0x17, 0x8F, 0xC4, 0xDC, 0xDE, 0x04, 0xFE,
    0xC6, 0x99, 0x6F, 0x4D, 0x2C, 0x9C, 0x71, 0x6D, 0xF1, 0x74, 0xFE, 0x44, 0xC5, 0x7E, 0x48, 0x4F,
    0x96, 0x80, 0x0A, 0x43, 0x80, 0x46, 0xC0, 0x80, 0x2E, 0xCC, 0xDC, 0xD0, 0xCE, 0x73, 0xA6, 0x5D,
    0x1E, 0x7B, 0x0C, 0x1C, 0x05, 0xB1, 0xA8, 0xC5, 0x25, 0x73, 0x2D, 0xF3, 0x0B, 0xA8, 0x67, 0x5C,
    0xA7, 0x56, 0x58, 0x52, 0xC2, 0xFD, 0xEC, 0x50, 0xA1, 0xC5, 0x4C, 0x60, 0x1A, 0x30, 0x07, 0x18,
    0x37, 0x3E, 0xBA, 0x3E, 0xF6, 0xAA, 0x1F, 0xF4, 0xBD, 0x03, 0xD1, 0x67, 0x76, 0x16, 0xEE, 0x5B,
    0x46, 0xAB, 0x22, 0xEE, 0xCD, 0x97, 0xC1, 0x68, 0x22, 0x86, 0x92, 0xCD, 0xB7, 0x22, 0xF1, 0x28,
    0xC1, 0xE7, 0x8F, 0xBE, 0x0B, 0x0B, 0xE5, 0xC8, 0x2C, 0xC5, 0xD3, 0x69, 0x5D, 0xE2, 0x33, 0x62,
    0x06, 0x49, 0xBA, 0x86, 0x04, 0xC5, 0xEC, 0x59, 0xCE, 0xF8, 0x53, 0x2E, 0x7A, 0x58, 0x2C, 0x77,
    0x19, 0x58, 0x3A, 0x84, 0xF5, 0x64, 0x35, 0x74, 0x13, 0x27, 0x91, 0x0A, 0xC0, 0xF9, 0x68, 0x26,
    0x44, 0x7C, 0x3A, 0x93, 0xF8, 0x89, 0xF4, 0x69, 0x25, 0x7D, 0x2A, 0xB1, 0x46, 0xF9, 0x2D, 0xB4,
    0xA0, 0x1E, 0xEF, 0xC1, 0xCE, 0x13, 0x33, 0x07, 0x97, 0x58, 0x1B, 0x2F, 0x11, 0x79, 0xEA, 0xEE,
    0x0E, 0xE8, 0x08, 0xBD, 0xC4, 0x32, 0x93, 0x63, 0xB4, 0xC4, 0xAC, 0x7A, 0x3D, 0x71, 0x4D, 0x52,
    0x73, 0x8D, 0xF0, 0xDE, 0xD2, 0x51, 0x3C, 0x3A, 0x94, 0xC9, 0x59, 0x39, 0xD3, 0x8A, 0xCE, 0x59,
    0xB1, 0xA2, 0xE4, 0xAB, 0x33, 0x3A, 0xC3, 0x2E, 0x8D, 0xD0, 0xA5, 0x0A, 0x5D, 0x48, 0x3D, 0xB9,
    0x85, 0xEA, 0x9D, 0x3D, 0xB8, 0x23, 0x35, 0x36, 0x37, 0xF1, 0x51, 0x48, 0xDD, 0xCC, 0x41, 0xD7,
    0xD3, 0xF1, 0x14, 0x4A, 0xA7, 0xD3, 0xE5, 0x1D, 0x2B, 0x8D, 0xAC, 0x24, 0xB3, 0x19, 0xDF, 0xF1,
    0xFA, 0x6A, 0xBC, 0xF4, 0xB9, 0x8E, 0x21, 0x37, 0x0F, 0x60, 0xAD, 0x98, 0x17, 0xC4, 0xA1, 0x8B,
    0xD5, 0xD3, 0x53, 0x67, 0x23, 0xC3, 0xCA, 0xB2, 0x84, 0xD7, 0xA7, 0xA9, 0xF3, 0xBB, 0xF4, 0x05,
    0x94, 0x12, 0xD1, 0xE2, 0x4B, 0xDC, 0x7C, 0x35, 0x8A, 0x59, 0xA9, 0x64, 0xD0, 0x2C, 0x4E, 0xA2,
    0x9B, 0xFB, 0x9D, 0x00, 0xF6, 0x3F, 0xF8, 0xC7, 0xF0, 0xD5, 0xE8, 0x16, 0x45, 0x68, 0xC5, 0xA8,
    0x9E, 0x48, 0x37, 0xA9, 0x0D, 0x96, 0xCC, 0xB3, 0xF9, 0x6A, 0x74, 0x6B, 0xE8, 0x4A, 0x7C, 0xFE,
    0x44, 0xBA, 0x5D, 0x83, 0x97, 0x07, 0x2D, 0x97, 0x95, 0x2F, 0x95, 0x32, 0x37, 0x97, 0x79, 0x79,
    0x76, 0x8B, 0xB5, 0xD1, 0x8E, 0x59, 0x3B, 0xB6, 0xDF, 0xC1, 0x52, 0x61, 0xCF, 0x9C, 0x3F, 0xEB,
    0xA8, 0xE1, 0x72, 0x3E, 0x49, 0xE0, 0x3C, 0x4C, 0x4E, 0xA5, 0x08, 0x55, 0x0F, 0x70, 0xE6, 0x9A,
    0xCC, 0xC1, 0x2C, 0xEC, 0xAF, 0x4D, 0x5F, 0x8A, 0x8E, 0x29, 0x44, 0x8B, 0x98, 0xB8, 0x3C, 0x4D,
    0x85, 0x58, 0xE7, 0xBD, 0xF0, 0x45, 0x14, 0x92, 0x57, 0xE5, 0xF1, 0x6B, 0x38, 0x7E, 0xA8, 0x5C,
    0x54, 0x6D, 0x3D, 0xED, 0x71, 0xB6, 0x8E, 0x69, 0xBC, 0x32, 0x3A, 0x1F, 0x8B, 0x9B, 0xDC, 0xDB,
    0xBA, 0x01, 0xDB, 0xBB, 0xCC, 0xF5, 0xBA, 0x06, 0x2E, 0x5D, 0xE7, 0x33, 0xCE, 0x40, 0xD5, 0xE8,
    0xCC, 0xA7, 0xF7, 0x04, 0xC2, 0xC4, 0x02, 0x24, 0x74, 0xA3, 0xC7, 0x22, 0x54, 0xEF, 0x43, 0xE9,
    0x4E, 0xC4, 0x51, 0x54, 0x4B, 0xDE, 0x5D, 0x19, 0x75, 0xA2, 0x39, 0xFA, 0xD2, 0xCE, 0x7F, 0x9F,
    0x87, 0xDE, 0xED, 0xFC, 0x6A, 0x52, 0xC2, 0x7D, 0xA6, 0x13, 0x61, 0x45, 0x82, 0x95, 0x7F, 0xAF,
    0xC6, 0x54, 0xE2, 0x09, 0x9A, 0x72, 0xA7, 0xA3, 0x07, 0x87, 0x4D, 0xB5, 0xB9, 0xBA, 0xBD, 0x1A,
    0x54, 0xF7, 0x8C, 0xDA, 0x45, 0xC5, 0x6D, 0xEB, 0x8A, 0x1B, 0x9B, 0x8A, 0x6B, 0x49, 0xC5, 0xDD,
    0x12, 0xC3, 0x76, 0x05, 0xC3, 0xA0, 0xB7, 0x19, 0x51, 0x66, 0xC4, 0xD0, 0xEC, 0x3B, 0x79, 0xBA,
    0x66, 0xBD, 0x11, 0xB6, 0xB0, 0xC4, 0x8A, 0xBB, 0x3F, 0xAE, 0xB8, 0x73, 0x1A, 0x5C, 0x81, 0xD0,
    0x4A, 0x07, 0x6A, 0x5D, 0x60, 0x95, 0xF5, 0x76, 0xE0, 0x3B, 0x79, 0xD2, 0xD0, 0xB5, 0x7E, 0x40,
    0x2D, 0x86, 0x50, 0xFF, 0xEC, 0xC3, 0xDE, 0x8B, 0x74, 0x67, 0xFD, 0x06, 0x15, 0xDA, 0x66, 0x6B,
    0x58, 0xCA, 0x8D, 0x0A, 0xBA, 0x04, 0xBB, 0x6F, 0x1F, 0xEF, 0x04, 0xD3, 0xEA, 0x75, 0xD4, 0x09,
    0xBE, 0xA4, 0xD7, 0xFC, 0x3C, 0x6A, 0x29, 0x54, 0x68, 0x74, 0x14, 0x87, 0xEE, 0xD2, 0xA1, 0xCD,
    0xFA, 0x31, 0x87, 0x0E, 0xA8, 0x1A, 0x35, 0xD3, 0x8A, 0x65, 0x54, 0x8B, 0x5A, 0x51, 0x29, 0x11,
    0x7F, 0xB6, 0x68, 0x4E, 0xD6, 0x70, 0x02, 0xF5, 0x59, 0xB4, 0xA1, 0x60, 0xB2, 0x25, 0xE6, 0xE6,
    0x7D, 0x22, 0xCD, 0x94, 0x30, 0x23, 0x84, 0x6A, 0x8B, 0xCB, 0xD9, 0x0B, 0xFF, 0xC8, 0x72, 0xA1,
    0xC1, 0x6A, 0x46, 0x23, 0xF4, 0xF5, 0xE2, 0x7D, 0x3A, 0x90, 0xCE, 0xC3, 0xB9, 0x73, 0xF0, 0xFC,
    0x31, 0x6A, 0x92, 0x2E, 0x3A, 0x6A, 0xA1, 0x1E, 0x06, 0xCA, 0x4E, 0x95, 0x17, 0x94, 0x9A, 0xA8,
    0x0C, 0x41, 0x98, 0xB3, 0xD8, 0x84, 0x5F, 0x25, 0x7A, 0x08, 0x1B, 0x4E, 0xDC, 0x61, 0xF3, 0x9D,
    0xBE, 0x31, 0xA6, 0x85, 0x39, 0xE8, 0xA6, 0xF6, 0xD8, 0x1C, 0xAD, 0x02, 0xCF, 0xC8, 0x79, 0xC8,
    0xF3, 0x6B, 0x53, 0x35, 0xC7, 0x80, 0x4B, 0xB0, 0x75, 0xB7, 0xB7, 0x89, 0xBC, 0x96, 0x65, 0x8D,
    0x7C, 0x6D, 0xE5, 0x45, 0x7B, 0xF5, 0xF4, 0x2A, 0xB5, 0x87, 0x98, 0x5B, 0xC6, 0xC9, 0x74, 0xB3,
    0xD8, 0x71, 0xF1, 0x45, 0x88, 0xA3, 0x9E, 0x3B, 0x71, 0xE4, 0xF9, 0x3E, 0x7A, 0x3D, 0x3E, 0x47,
    0xDF, 0x68, 0xE4, 0xDB, 0x34, 0x82, 0x05, 0xD7, 0x79, 0xBC, 0x7D, 0x66, 0x27, 0x30, 0xA0, 0x4B,
    0xB8, 0x89, 0x7D, 0x74, 0x2E, 0xE8, 0x42, 0xEC, 0x92, 0x70, 0x54, 0xA1, 0x3E, 0x25, 0x77, 0x91,
    0xA4, 0x66, 0xB4, 0x13, 0xD8, 0xA0, 0x1C, 0x15, 0x18, 0x83, 0x2F, 0xE5, 0xB9, 0xDD, 0xDB, 0x96,
    0x2E, 0xC4, 0xD7, 0x39, 0x3B, 0x27, 0x7F, 0x10, 0xE0, 0x0E, 0xE7, 0x1F, 0x18, 0x24, 0xD4, 0x47,
    0x77, 0x40, 0x9E, 0x73, 0x27, 0xF1, 0x0E, 0x61, 0x38, 0x11, 0xF9, 0x10, 0xB9, 0x50, 0x71, 0x44,
    0x5A, 0x97, 0x4C, 0x2A, 0x11, 0x3B, 0x06, 0xBF, 0xF6, 0x08, 0x64, 0x99, 0x08, 0x91, 0x20, 0x01,
    0xDE, 0x01, 0xF6, 0x8E, 0x53, 0x10, 0xD6, 0x83, 0x2A, 0xAB, 0x87, 0x10, 0xAB, 0xAF, 0xF7, 0x1E,
    0x14, 0xCC, 0x6A, 0xAD, 0xA0, 0x56, 0x99, 0xE6, 0x56, 0x9A, 0x42, 0x04, 0xC2, 0xAA, 0x34, 0x50,
    0x8B, 0x18, 0x8B, 0x86, 0x57, 0x75, 0xCD, 0xD5, 0xCA, 0xA0, 0x09, 0x96, 0x74, 0x2B, 0x61, 0x58,
    0xD2, 0xEC, 0x85, 0x62, 0x99, 0xE2, 0xDA, 0x16, 0xC4, 0x5E, 0x90, 0xAC, 0x2D, 0x61, 0x59, 0xAC,
    0xA0, 0xD9, 0xA4, 0x78, 0xB9, 0x08, 0xAD, 0xC3, 0x2B, 0xA6, 0x75, 0xFA, 0xD0, 0xD4, 0x4A, 0x57,
    0xC4, 0x57, 0x43, 0xEB, 0xCA, 0xA6, 0xAB, 0x16, 0xB8, 0xFF, 0x54, 0x2A, 0x10, 0xB6, 0xB4, 0x2F,
    0x83, 0x13, 0x56, 0xA0, 0x51, 0xA1, 0xF0, 0x27, 0xC6, 0x86, 0x36, 0x72, 0x57, 0x9B, 0xA3, 0x8F,
    0x48, 0x3B, 0x37, 0x53, 0x3F, 0x5E, 0xC9, 0x38, 0x8A, 0x77, 0x52, 0x2A, 0x9A, 0x5A, 0xA9, 0x31,
    0xAF, 0xA0, 0x0A, 0x3B, 0x26, 0xAE, 0x48, 0x24, 0x90, 0xAD, 0xD4, 0x23, 0x9B, 0xC2, 0xE1, 0x8E,
    0x4C, 0xD5, 0x3E, 0x0A, 0x26, 0x4A, 0xB2, 0xF3, 0x43, 0xD8, 0x07, 0xAB, 0xB1, 0x93, 0x3A, 0x7C,
    0xD2, 0x4E, 0xE5, 0x74, 0xE5, 0x0C, 0xED, 0xC4, 0x0B, 0xB9, 0xF8, 0xC0, 0xA5, 0x71, 0xBD, 0x50,
    0x31, 0x11, 0xAA, 0x34, 0x72, 0x85, 0xA6, 0x5D, 0xF4, 0x12, 0xB4, 0x76, 0x74, 0xCE, 0xA2, 0x15,
    0x48, 0xE0, 0x99, 0xF3, 0x82, 0x9E, 0x73, 0xB3, 0x30, 0x64, 0x34, 0xBA, 0xA3, 0xC9, 0x9A, 0x50,
    0x35, 0x21, 0x6A, 0x42, 0xD3, 0x84, 0xA4, 0x09, 0x45, 0x13, 0x82, 0x26, 0xF4, 0x4C, 0xC8, 0x99,
    0x50, 0x33, 0x21, 0x66, 0x42, 0xCB, 0x84, 0x94, 0x09, 0x25, 0x13, 0x42, 0x86, 0x05, 0xED, 0x9E,
    0x92, 0x90, 0x62, 0x12, 0x2D, 0xD2, 0x2C, 0x92, 0x2C, 0x4D, 0xB1, 0x58, 0x1E, 0x1A, 0x24, 0x57,
    0x5F, 0x82, 0x3D, 0x63, 0x8E, 0x2E, 0xC0, 0xF2, 0x9B, 0x3C, 0x9F, 0x85, 0xB0, 0x3E, 0x89, 0x61,
    0x3D, 0x0C, 0xC7, 0xD5, 0xE6, 0x25, 0x10, 0x43, 0x41, 0xD9, 0x42, 0x9C, 0xDD, 0x44, 0x25, 0x42,
    0xE3, 0x0A, 0x1A, 0x11, 0xAA, 0x09, 0xCE, 0x4E, 0x8B, 0x1B, 0x64, 0x45, 0x85, 0x79, 0x80, 0xE4,
    0xFF, 0x85, 0x1E, 0x60, 0x87, 0xA3, 0xE4, 0x29, 0xE3, 0xB4, 0x20, 0x84, 0x4E, 0xCC, 0x92, 0xC6,
    0x9E, 0xE6, 0xB8, 0x36, 0x43, 0x7C, 0x79, 0x17, 0xEB, 0xD7, 0xF7, 0xAC, 0xA1, 0x35, 0x74, 0x62,
    0x77, 0x9F, 0xA4, 0x58, 0x7C, 0x55, 0xA3, 0x7F, 0xFD, 0x3A, 0x43, 0xB1, 0xE6, 0x05, 0x7E, 0xAD,
    0x4E, 0x3A, 0xDC, 0x65, 0x35, 0x67, 0x9C, 0xAA, 0x58, 0x85, 0xEA, 0xE9, 0x03, 0xF8, 0x3B, 0xC3,
    0x09, 0xF3, 0x74, 0xC6, 0xA6, 0xB1, 0x82, 0x00, 0xED, 0x67, 0x31, 0x93, 0x91, 0x5E, 0x6D, 0x53,
    0xE2, 0xB3, 0x40, 0x39, 0xBF, 0x0E, 0x94, 0xF4, 0x4C, 0x21, 0xDA, 0x8C, 0x1C, 0x89, 0x14, 0xF5,
    0x87, 0x21, 0x9A, 0x79, 0x51, 0x96, 0x67, 0xCF, 0x51, 0xB5, 0xD7, 0x69, 0xB6, 0xDF, 0xF0, 0x9F,
    0xD7, 0x5E, 0x1A, 0x25, 0x5A, 0xEF, 0x87, 0xF8, 0x57, 0x82, 0x9B, 0xA9, 0xC4, 0xF3, 0xB4, 0xF8,
    0x90, 0x45, 0xDB, 0xFA, 0x3B, 0x2B, 0xC0, 0x6B, 0xF1, 0xA9, 0x00, 0x55, 0xA6, 0x5C, 0xB3, 0x8F,
    0x9B, 0x8D, 0x17, 0x80, 0xA8, 0x37, 0xB6, 0x58, 0xD5, 0x58, 0xC6, 0x6B, 0x57, 0x80, 0x99, 0x0B,
    0xA3, 0x7E, 0x15, 0x3A, 0x8F, 0x7B, 0x3A, 0x3F, 0x64, 0x4F, 0x49, 0xFC, 0x27, 0xA1, 0xA2, 0x7A,
    0x3F, 0x67, 0x98, 0xEC, 0x6B, 0xC6, 0x57, 0x29, 0x42, 0xA4, 0x5E, 0xA0, 0xEC, 0x56, 0xEF, 0x67,
    0xAC, 0xC7, 0x43, 0x58, 0xEF, 0x85, 0xF8, 0x4B, 0x8C, 0x28, 0xC1, 0x85, 0x40, 0xB6, 0x3C, 0xD8,
    0xA5, 0x93, 0xBE, 0xD2, 0x39, 0xD8, 0xFC, 0x6E, 0xD6, 0x3E, 0x0C, 0x1A, 0xBA, 0x88, 0xEA, 0x2E,
    0x9D, 0x4A, 0x97, 0x86, 0xC1, 0x74, 0x8A, 0xF4, 0xBA, 0x76, 0x7E, 0xA2, 0x77, 0x9D, 0x5C, 0x05,
    0x6D, 0x85, 0x0C, 0xD1, 0x95, 0x62, 0xD7, 0x65, 0x0A, 0x15, 0xE6, 0xDF, 0xF4, 0x3B, 0xE5, 0xC6,
    0xCC, 0x8C, 0xEE, 0x53, 0xFC, 0xB8, 0xA1, 0x1B, 0x30, 0x26, 0x75, 0x53, 0xAA, 0x1C, 0x35, 0x0C,
    0x1F, 0xF3, 0x37, 0xFC, 0xC6, 0x79, 0x5F, 0x9E, 0xB3, 0xF5, 0x73, 0x4E, 0xA8, 0x9F, 0x3C, 0xDA,
    0xBC, 0xB0, 0x87, 0xDE, 0xDD, 0xCB, 0xB3, 0xA6, 0xB6, 0x7C, 0xD5, 0x3C, 0x6E, 0xBA, 0xD8, 0xFF,
    0xD6, 0xC2, 0x57, 0x6C, 0x7C, 0x2C, 0xDC, 0xA0, 0x39, 0xA8, 0x64, 0x89, 0x39, 0x63, 0xCD, 0x9C,
    0xCA, 0xC6, 0x87, 0xC4, 0xE7, 0xD8, 0x33, 0xD3, 0x6D, 0x7C, 0x58, 0x6C, 0x02, 0xDE, 0x2F, 0x49,
    0x23, 0xBD, 0xD3, 0xDB, 0x7F, 0x11, 0xEF, 0x44, 0x23, 0xEF, 0x4C, 0xA7, 0x86, 0xC4, 0xA8, 0xCF,
    0x6C, 0xBF, 0x4C, 0x8B, 0xCC, 0x8C, 0xD1, 0x85, 0x40, 0x0B, 0xDA, 0x98, 0x56, 0xE6, 0xC8, 0x54,
    0x60, 0x3A, 0xB0, 0x03, 0xA9, 0x40, 0x11, 0x6C, 0x29, 0x06, 0x42, 0x85, 0x25, 0x69, 0x8C, 0xB4,
    0xD7, 0x8E, 0xD0, 0xF6, 0xC5, 0x05, 0xA8, 0x32, 0xDC, 0x92, 0xB6, 0xEC, 0x19, 0x78, 0x1B, 0x50,
    0xBB, 0x02, 0x80, 0x4A, 0x3A, 0x9E, 0x46, 0x5B, 0x98, 0xF2, 0x6D, 0x98, 0x5E, 0xAE, 0x03, 0x94,
    0xE4, 0xE3, 0x72, 0xE9, 0x18, 0xB8, 0x3A, 0xA9, 0x7C, 0x6C, 0xC3, 0x79, 0x14, 0xB8, 0x4E, 0xC1,
    0x24, 0xFF, 0xB7, 0xFC, 0x1B, 0x6F, 0x9A, 0xF5, 0x97, 0x65, 0xFD, 0x33, 0xA7, 0xB2, 0x3F, 0x70,
    0x76, 0x16, 0xCE, 0x0F, 0x60, 0x3F, 0x0C, 0x4C, 0xE5, 0x9B, 0x6A, 0x5B, 0x40, 0x9B, 0xE1, 0xEE,
    0x31, 0x33, 0xBC, 0xF4, 0x36, 0xC5, 0x52, 0x80, 0xFF, 0xC4, 0x76, 0x9C, 0xBC, 0xC0, 0xEE, 0x84,
    0x6C, 0xAD, 0x6E, 0x1C, 0x48, 0x10, 0x06, 0x92, 0x61, 0x62, 0x75, 0x29, 0x0D, 0x82, 0xD5, 0x1D,
    0x69, 0xDD, 0x1B, 0x54, 0xD3, 0xDA, 0x16, 0xEE, 0xAD, 0x15, 0xF4, 0x69, 0xD7, 0x26, 0x3F, 0x4B,
    0x3F, 0x29, 0xC4, 0x5E, 0x28, 0x36, 0xAB, 0x32, 0xB3, 0x01, 0x63, 0xC7, 0x47, 0x8D, 0xCE, 0x66,
    0x49, 0xFD, 0x51, 0x5A, 0xC2, 0x16, 0x17, 0xA8, 0xFE, 0xCA, 0x7F, 0x03, 0x5C, 0x22, 0x7F, 0x48,
    0x3A, 0x4E, 0xDC, 0x7A, 0x23, 0x34, 0x0D, 0xCD, 0xD6, 0xA8, 0xDB, 0x33, 0x1D, 0x4D, 0x1F, 0x3B,
    0x79, 0xFE, 0xFD, 0x07, 0x1F, 0xEA, 0x1D, 0x6D, 0xDD, 0x93, 0xFA, 0x23, 0xB8, 0x2E, 0x3B, 0xD7,
    0x1A, 0xAE, 0x27, 0xE3, 0x6D, 0x51, 0x69, 0x87, 0x30, 0x5B, 0xF3, 0x45, 0x3F, 0x94, 0x4A, 0xE2,
    0xC6, 0xED, 0xFD, 0x4B, 0x9B, 0x9E, 0xAE, 0x06, 0x25, 0x94, 0x74, 0xA5, 0xA8, 0x86, 0x2A, 0x81,
    0xAE, 0x0A, 0x0D, 0xB3, 0xB7, 0x56, 0xAC, 0xDB, 0x7E, 0xB2, 0xC1, 0xB5, 0x2A, 0xD6, 0x15, 0xD9,
    0x8A, 0x50, 0x81, 0xD9, 0x81, 0x13, 0x40, 0x2E, 0xC9, 0xBA, 0x0F, 0xEB, 0x90, 0x20, 0x37, 0x5D,
    0x64, 0xA2, 0xD4, 0x8B, 0xFB, 0x6B, 0x66, 0x07, 0xCC, 0x65, 0x83, 0x5E, 0xE5, 0x8A, 0xF8, 0xD8,
    0xFA, 0x68, 0x7F, 0xE0, 0xA2, 0xE4, 0xA5, 0x7A, 0x9F, 0xFE, 0xD3, 0xFA, 0x52, 0x53, 0x4E, 0xBA,
    0x13, 0xAB, 0xCF, 0xE3, 0x8B, 0x8E, 0xD6, 0x9A, 0x56, 0xA5, 0x88, 0x75, 0x5C, 0x1A, 0x62, 0x23,
    0xD0, 0xA6, 0x23, 0x3B, 0x81, 0xFD, 0xC8, 0xF4, 0xA9, 0x09, 0x08, 0x5A, 0x9C, 0x0D, 0x01, 0x9F,
    0x02, 0x3D, 0x05, 0x78, 0xAA, 0x5E, 0x4F, 0x83, 0x4E, 0x05, 0xEB, 0xB9, 0xD1, 0xF1, 0x5C, 0xDA,
    0xFB, 0xED, 0x31, 0x8C, 0x2B, 0x3D, 0x07, 0xC6, 0xFD, 0x17, 0x6D, 0x51, 0x4D, 0x6B, 0xD4, 0x50,
    0x14, 0x3D, 0x99, 0xC9, 0x4C, 0x86, 0x66, 0x66, 0x32, 0x8B, 0x29, 0x4A, 0x99, 0x4C, 0xA6, 0x30,
    0x48, 0xC0, 0x64, 0x1A, 0x31, 0x95, 0xF4, 0xC3, 0xE6, 0x81, 0x0B, 0xB7, 0xDD, 0xCC, 0x5A, 0xDD,
    0x09, 0x2E, 0x0C, 0x92, 0xC5, 0x2C, 0xAA, 0x7D, 0xE0, 0x1F, 0xE8, 0x0F, 0x70, 0x91, 0x8D, 0xE0,
    0x4A, 0xA2, 0x08, 0x8A, 0x8B, 0xF6, 0xA1, 0x7F, 0x20, 0xBA, 0x75, 0x93, 0xD2, 0x76, 0x2B, 0x11,
    0xA4, 0x0C, 0xD8, 0x4E, 0xBC, 0x6F, 0x54, 0xB0, 0xE8, 0x83, 0x90, 0xFB, 0xEE, 0xBB, 0xE7, 0xDE,
    0x73, 0xCF, 0x49, 0xE2, 0x40, 0x5D, 0x80, 0x89, 0x00, 0x40, 0x85, 0xB7, 0xF3, 0x49, 0x0C, 0xA8,
    0x08, 0xDF, 0xDC, 0x4B, 0x0E, 0x8A, 0xF1, 0xF6, 0x60, 0xE8, 0xA7, 0x2B, 0x02, 0xE8, 0xEE, 0x04,
    0x83, 0xEE, 0x74, 0x27, 0x8D, 0xEF, 0x8F, 0x7A, 0x54, 0xA8, 0x67, 0x6E, 0xEA, 0x47, 0x6B, 0x85,
    0xC5, 0x81, 0xA1, 0xED, 0x16, 0x06, 0x95, 0x24, 0xC9, 0xA4, 0x70, 0x62, 0xB5, 0x03, 0x68, 0x5C,
    0xE3, 0x3A, 0x33, 0xE0, 0xA0, 0x8B, 0x8B, 0x37, 0x05, 0x06, 0xDA, 0x14, 0x0D, 0xD1, 0xDD, 0x0C,
    0x1A, 0xE6, 0x66, 0xDC, 0x51, 0xD1, 0x84, 0xC1, 0x2B, 0x3C, 0x64, 0x04, 0xA4, 0xB7, 0x00, 0x13,
    0x84, 0xAC, 0x06, 0xDB, 0x36, 0x53, 0x9D, 0xBA, 0x4A, 0x32, 0xF0, 0x81, 0x14, 0x10, 0xA8, 0x72,
    0xE8, 0x20, 0x80, 0x24, 0x1B, 0xFD, 0x4E, 0x68, 0x7F, 0x12, 0x12, 0x0F, 0x0C, 0xE8, 0xCB, 0xE4,
    0x26, 0x90, 0x2F, 0xF2, 0x49, 0xA2, 0x91, 0xFF, 0x9B, 0x4A, 0x00, 0x45, 0x5C, 0x4C, 0x6D, 0xCB,
    0x71, 0x6A, 0xF8, 0x6E, 0x39, 0xD1, 0x89, 0x4A, 0x6F, 0xAE, 0xC9, 0xE2, 0x18, 0x61, 0x89, 0x40,
    0x87, 0x6F, 0x60, 0x50, 0xC3, 0xCA, 0xF9, 0xD2, 0x0B, 0x20, 0x3C, 0x23, 0x40, 0xB6, 0x2A, 0x1E,
    0x89, 0xD7, 0xA2, 0x83, 0x50, 0x5C, 0x15, 0x55, 0x5E, 0x65, 0x73, 0xB6, 0xCB, 0xE1, 0xEC, 0xED,
    0x59, 0x05, 0x4A, 0x5E, 0xC9, 0x6B, 0xF5, 0xF0, 0xEB, 0xAB, 0x69, 0x95, 0xEB, 0x42, 0x81, 0xFE,
    0x94, 0xB9, 0xFB, 0x58, 0xBA, 0x8D, 0xF5, 0x99, 0x64, 0xBA, 0xD0, 0x84, 0xAD, 0x61, 0xB7, 0x64,
    0x76, 0x0B, 0x0D, 0xA9, 0x52, 0x95, 0x59, 0xD9, 0x75, 0x4F, 0x23, 0x85, 0x68, 0x5F, 0x83, 0x41,
    0x9F, 0x02, 0xBB, 0x1C, 0x96, 0xA8, 0x9F, 0x23, 0xE4, 0x24, 0x18, 0xE0, 0x78, 0x1E, 0x55, 0x5A,
    0xC5, 0x24, 0xBE, 0x3B, 0x34, 0x48, 0x50, 0x79, 0xDC, 0xDC, 0x10, 0x16, 0x5F, 0x9D, 0x0B, 0xA5,
    0xA4, 0x2B, 0xEC, 0x26, 0xEA, 0xB9, 0xEC, 0x3F, 0xA2, 0xBF, 0xF2, 0x7D, 0x6B, 0x2E, 0x4A, 0xA7,
    0x8F, 0xB8, 0x9E, 0x4F, 0x95, 0xD3, 0x67, 0x5B, 0xB7, 0x9A, 0x9D, 0x5A, 0x03, 0x4E, 0x7B, 0xC1,
    0xF4, 0xA5, 0xA5, 0x40, 0x03, 0x2F, 0xB9, 0x8B, 0x2B, 0x12, 0x5D, 0xC3, 0xE8, 0x07, 0xF3, 0x3E,
    0xF1, 0x6B, 0x47, 0x6C, 0xF4, 0x98, 0x24, 0x71, 0xC8, 0x07, 0x0D, 0xAD, 0xF9, 0x98, 0x00, 0x4A,
    0x61, 0x9C, 0x3C, 0xE4, 0xCA, 0xC1, 0xF1, 0x7F, 0xEF, 0x07, 0x65, 0xC9, 0xC6, 0xE3, 0xF1, 0x3C,
    0xDE, 0x2D, 0x4B, 0xBE, 0x48, 0xB1, 0x42, 0x6A, 0x2A, 0xB0, 0xCA, 0xD9, 0xF3, 0x3B, 0xF0, 0x6B,
    0x0F, 0xCA, 0x29, 0xFE, 0x3A, 0x0F, 0x67, 0x4C, 0x3B, 0xBE, 0x54, 0xB8, 0xC0, 0xE6, 0x2F, 0x2B,
    0x64, 0x40, 0xC8, 0x99, 0x8C, 0x62, 0x49, 0x87, 0x9C, 0xCD, 0x5B, 0x51, 0x2D, 0x75, 0xD3, 0xB5,
    0xA2, 0x9F, 0xC8, 0x1D, 0xDF, 0x67, 0x27, 0xEC, 0x1B, 0x0B, 0xD1, 0x54, 0x2F, 0xDB, 0x81, 0xEF,
    0x79, 0x5A, 0x6E, 0xC6, 0x81, 0xEF, 0xFB, 0x41, 0x6A, 0xF0, 0x68, 0x2F, 0xCA, 0x12, 0x71, 0x28,
    0x8E, 0xC4, 0x13, 0x4E, 0xF9, 0xC8, 0x26, 0x3F, 0x03, 0x42, 0x91, 0x9A, 0x3D, 0x38, 0xDA, 0xD4,
    0x8C, 0xA9, 0x30, 0x0A, 0x0A, 0x8B, 0x46, 0xB5, 0x68, 0xB9, 0x3E, 0xD5, 0x38, 0x5E, 0x10, 0xF9,
    0xA9, 0x97, 0x6C, 0x7C, 0x61, 0x6B, 0xA7, 0x22, 0x3A, 0x14, 0xD1, 0x67, 0x91, 0x7C, 0xE4, 0x7B,
    0x1F, 0x58, 0x9B, 0x9B, 0xB4, 0xBE, 0xEC, 0xE1, 0x41, 0xED, 0xED, 0xCB, 0x21, 0x76, 0x94, 0xAC,
    0x8A, 0x1B, 0x7C, 0x83, 0x94, 0xA5, 0x86, 0x69, 0x3F, 0x23, 0x07, 0xD8, 0xBA, 0x88, 0xC4, 0x4F,
    0xA5, 0x55, 0x31, 0x8F, 0xDC, 0x44, 0x14, 0xFE, 0xC6, 0xBE, 0xBB, 0x49, 0x62, 0xD6, 0xDE, 0xE2,
    0x0E, 0x21, 0x58, 0xEF, 0x06, 0x89, 0xE2, 0x14, 0x7C, 0x39, 0x0A, 0x83, 0x2C, 0xE4, 0x8D, 0x47,
    0x8A, 0x44, 0x0A, 0x04, 0x6C, 0xC1, 0x0A, 0x3A, 0x22, 0x44, 0x45, 0x8A, 0x1C, 0xD2, 0x4A, 0x5C,
    0x11, 0xB1, 0x23, 0x51, 0x22, 0xC1, 0x15, 0xFC, 0x80, 0xB4, 0x04, 0x09, 0x59, 0xB0, 0x45, 0x0A,
    0xC2, 0x0E, 0x69, 0x52, 0x20, 0x24, 0x2B, 0x69, 0xE8, 0x32, 0x11, 0x12, 0x12, 0xA4, 0xC8, 0x04,
    0x6D, 0xB1, 0x07, 0x7B, 0x67, 0xDE, 0x8C, 0x77, 0x4F, 0x14, 0x91, 0x28, 0x18, 0x8F, 0xBD, 0x9E,
    0x99, 0xE7, 0xF7, 0x7D, 0x33, 0xEF, 0x7B, 0x6F, 0x81, 0xE9, 0x62, 0xF8, 0x36, 0xDC, 0xF3, 0xC3,
    0x1B, 0x5F, 0xD5, 0xF5, 0x31, 0x5C, 0xAB, 0xEB, 0xF9, 0x70, 0x38, 0x58, 0xBD, 0x53, 0x53, 0x43,
    0xDB, 0xC4, 0x93, 0x67, 0x52, 0x8D, 0x51, 0x85, 0x8F, 0x14, 0xBE, 0x55, 0xF8, 0x53, 0xE1, 0x57,
    0x89, 0x7B, 0x92, 0xDD, 0x13, 0xEC, 0x0E, 0xBC, 0x9F, 0xE0, 0x53, 0xFF, 0x1C, 0xFE, 0x9B, 0xE0,
    0x6F, 0x80, 0x77, 0x10, 0x24, 0x88, 0x12, 0x84, 0x19, 0x5A, 0x19, 0xE2, 0x14, 0x9D, 0x3D, 0x24,
    0x25, 0xF2, 0x12, 0x99, 0x46, 0x5A, 0xA1, 0xA8, 0x67, 0xE7, 0x6E, 0x5C, 0xDF, 0x1A, 0x0E, 0xA6,
    0xB5, 0xB1, 0x9E, 0x83, 0x56, 0x92, 0x8F, 0x06, 0xE8, 0xD2, 0xB3, 0x24, 0x3A, 0x5C, 0x46, 0x08,
    0xD1, 0xC1, 0x36, 0xDA, 0x80, 0x31, 0x65, 0xB9, 0xD7, 0xB6, 0x36, 0xAD, 0x24, 0xC9, 0xF2, 0xD1,
    0xC8, 0x0C, 0xC8, 0xA4, 0xBB, 0x93, 0xE4, 0xF4, 0x5E, 0x96, 0xD5, 0xC0, 0x72, 0xE3, 0x5F, 0x20,
    0x0A, 0x11, 0x26, 0xE8, 0xE4, 0xD8, 0x4E, 0xD1, 0x26, 0x7B, 0x3C, 0xD6, 0x46, 0x97, 0x74, 0xED,
    0xE9, 0xB6, 0xDB, 0xE2, 0x08, 0x28, 0x6D, 0x2F, 0x6A, 0x75, 0xEE, 0x2F, 0x01, 0x0D, 0x56, 0xC1,
    0x53, 0xAE, 0x4B, 0xF8, 0xCB, 0x3D, 0x3F, 0xD9, 0xEC, 0xCA, 0x1F, 0x74, 0x18, 0xF0, 0x15, 0x7C,
    0xE9, 0xBA, 0x00, 0x87, 0xED, 0x40, 0x64, 0x8A, 0xC5, 0xD8, 0x5E, 0xB3, 0x5D, 0x6D, 0xC7, 0x2D,
    0xF4, 0x64, 0x8F, 0xDE, 0x0B, 0x91, 0xD2, 0x68, 0xB3, 0x9F, 0x63, 0x93, 0x89, 0x3E, 0x57, 0x39,
    0x57, 0x76, 0xCC, 0xC4, 0x59, 0x1A, 0xCC, 0x69, 0x34, 0xC1, 0x72, 0x1D, 0x8E, 0x5C, 0xB0, 0x00,
    0xBD, 0xC6, 0x1D, 0x8B, 0x9D, 0xC4, 0x04, 0x89, 0xAC, 0xC3, 0x89, 0x53, 0x96, 0x87, 0xB4, 0xBA,
    0x6B, 0x32, 0x7A, 0x6E, 0x08, 0x77, 0x58, 0x9E, 0x72, 0x1F, 0xB0, 0xEB, 0x1B, 0x07, 0x88, 0x83,
    0xEF, 0xBB, 0x33, 0x8C, 0xE2, 0x56, 0x96, 0x41, 0x27, 0xAD, 0xBD, 0xCC, 0x97, 0x79, 0xA7, 0x4C,
    0x23, 0x24, 0xD9, 0xA8, 0x4C, 0x2C, 0x3B, 0x32, 0x66, 0xD6, 0x7E, 0x19, 0xE5, 0x06, 0x67, 0x85,
    0xB4, 0xC2, 0x5A, 0xA1, 0xAD, 0xF0, 0x56, 0x88, 0x27, 0x98, 0x2B, 0xD4, 0x25, 0xEE, 0x19, 0xD9,
    0x20, 0x5F, 0xD0, 0x0D, 0xB6, 0x29, 0x1B, 0xF4, 0xAA, 0x74, 0xF8, 0x2F, 0x57, 0xBA, 0x61, 0xF0,
    0xA0, 0x6A, 0x38, 0x4C, 0x45, 0xC3, 0x62, 0xCD, 0x9E, 0x18, 0x62, 0x24, 0xC8, 0x90, 0xDA, 0xE0,
    0xD2, 0x30, 0x10, 0x31, 0x19, 0x87, 0xC4, 0x00, 0xE9, 0x76, 0x13, 0x39, 0x3B, 0x7B, 0x51, 0xC6,
    0x11, 0x17, 0x49, 0x18, 0xD0, 0x42, 0x48, 0x2B, 0x1D, 0x5A, 0xA2, 0xCF, 0xF7, 0x47, 0xA3, 0x34,
    0x25, 0x9B, 0xFD, 0x7C, 0x44, 0x57, 0x9A, 0xA7, 0xDB, 0xEE, 0x83, 0xFD, 0x7C, 0x67, 0x94, 0xC7,
    0xD4, 0xD3, 0xBC, 0x43, 0xB6, 0x6D, 0x8B, 0xE4, 0x69, 0x6E, 0xE2, 0x2C, 0x4B, 0x2E, 0x9F, 0xC2,
    0xC4, 0xAB, 0x02, 0xB1, 0x83, 0x09, 0x6E, 0xA2, 0x4F, 0x04, 0xB8, 0x64, 0xD2, 0x3E, 0xFD, 0x0A,
    0x06, 0xFB, 0x98, 0xF9, 0x2A, 0xA2, 0x53, 0xB9, 0x0C, 0x9C, 0x02, 0x3B, 0xDF, 0x8E, 0xDE, 0xBD,
    0x16, 0xDC, 0x36, 0xDE, 0xDF, 0xEA, 0xE6, 0x71, 0x7F, 0x72, 0x9C, 0xFB, 0x8F, 0x44, 0xEF, 0x92,
    0xEA, 0xBF, 0xAF, 0xDB, 0x46, 0xE0, 0xC0, 0x1D, 0x45, 0x95, 0xFB, 0x8A, 0xFA, 0xBE, 0xAF, 0x26,
    0x5C, 0x4E, 0xB8, 0x30, 0x01, 0x4C, 0x04, 0x1D, 0x31, 0x1D, 0xB2, 0x6A, 0x0D, 0xA2, 0x89, 0xF4,
    0x49, 0xD4, 0xB1, 0x09, 0xBF, 0x16, 0xD1, 0x25, 0x95, 0xB3, 0xEA, 0x05, 0x3A, 0xEE, 0xBB, 0x8A,
    0x51, 0xE2, 0xDC, 0x87, 0x37, 0x07, 0x31, 0xF0, 0x57, 0xE2, 0x5B, 0xA7, 0x6D, 0x0B, 0x62, 0x67,
    0x5B, 0x93, 0x20, 0x2F, 0x00, 0xA7, 0x8B, 0x83, 0xF5, 0x5B, 0x51, 0x5D, 0x6B, 0x36, 0x3D, 0x04,
    0x9E, 0x25, 0x41, 0x7A, 0x94, 0xB4, 0xE8, 0x1D, 0xB0, 0x29, 0xA5, 0x07, 0x36, 0xC8, 0x56, 0x5A,
    0x61, 0x06, 0xA0, 0x7C, 0xB1, 0xDA, 0xD5, 0x6E, 0xA4, 0x11, 0x97, 0x48, 0x33, 0x5C, 0xDF, 0x6E,
    0xA2, 0x46, 0x00, 0xEB, 0xBF, 0x90, 0x64, 0x29, 0x98, 0xBB, 0x0B, 0x0A, 0x22, 0xFD, 0x9E, 0xB9,
    0xEC, 0x62, 0xB2, 0xA6, 0x4E, 0x8B, 0xC8, 0x8C, 0xE5, 0xEE, 0xE1, 0xF4, 0xA0, 0x57, 0x8D, 0xC5,
    0x73, 0xE5, 0x43, 0xE1, 0x11, 0xE3, 0x62, 0x5E, 0xCC, 0x96, 0x19, 0x61, 0x05, 0x53, 0xDA, 0x6D,
    0x93, 0x03, 0x72, 0x64, 0x05, 0x62, 0xC5, 0x61, 0x1A, 0x51, 0x04, 0x56, 0x4D, 0x4D, 0xDE, 0x10,
    0xB8, 0xDD, 0x8E, 0xDB, 0x43, 0xB2, 0xAC, 0x21, 0xEC, 0x77, 0x4F, 0x79, 0xCA, 0x57, 0xBE, 0xF4,
    0x25, 0x17, 0xC1, 0x41, 0x30, 0xB3, 0xB9, 0x1D, 0x3A, 0x11, 0x24, 0xE4, 0xFA, 0x82, 0x2C, 0xA4,
    0xB5, 0xC3, 0x37, 0x34, 0x15, 0xBB, 0xA9, 0x1C, 0x19, 0x9B, 0x04, 0x33, 0xC2, 0x34, 0x74, 0x69,
    0x56, 0xB1, 0xCA, 0x53, 0x2F, 0x2A, 0xB2, 0xDB, 0x04, 0x1B, 0x80, 0xD7, 0xB2, 0x77, 0x84, 0xDE,
    0x3B, 0xD5, 0xAD, 0xAB, 0xC8, 0x99, 0x36, 0x81, 0xC8, 0xF0, 0xA0, 0x22, 0x66, 0x44, 0x90, 0x90,
    0xE9, 0xC8, 0xCF, 0xD3, 0x2E, 0xC1, 0xE6, 0xC0, 0x1C, 0xBC, 0x5A, 0x4E, 0xD3, 0xA9, 0x74, 0x69,
    0xC3, 0xC2, 0x69, 0xB0, 0x51, 0xB4, 0x0D, 0x8C, 0x3D, 0xF2, 0x6B, 0x8E, 0xF1, 0xB5, 0xD5, 0xBC,
    0x9D, 0x25, 0x8C, 0x9C, 0x10, 0x72, 0xF2, 0xBF, 0x4F, 0x99, 0x35, 0x22, 0x27, 0x13, 0xF2, 0x6C,
    0xC8, 0xAF, 0x21, 0xAF, 0xC6, 0xAB, 0x98, 0xF6, 0x15, 0x31, 0x13, 0x2E, 0xDA, 0xE4, 0x8B, 0x89,
    0x48, 0x70, 0xD2, 0x11, 0x5F, 0xE6, 0x09, 0x11, 0xF5, 0x2A, 0xE2, 0xE9, 0x2B, 0xA2, 0xE9, 0x2B,
    0x62, 0xE9, 0xFF, 0x48, 0x22, 0xE4, 0xD2, 0xEA, 0x4F, 0x10, 0xC5, 0xC0, 0x32, 0x8C, 0x2C, 0xC1,
    0xC8, 0xC2, 0x87, 0x96, 0xDE, 0xDA, 0x09, 0xBB, 0x4D, 0xCB, 0xA2, 0x6F, 0x49, 0xE5, 0xFF, 0x62,
    0x46, 0xBA, 0xC0, 0xD6, 0x7B, 0x2E, 0x04, 0x2D, 0x17, 0xF0, 0xC4, 0x85, 0x22, 0x75, 0xF1, 0x31,
    0x38, 0xA9, 0x69, 0x4D, 0xA5, 0x62, 0x4D, 0xE0, 0x7D, 0xD2, 0x8B, 0xFF, 0xF0, 0x18, 0xFE, 0x9D,
    0x1A, 0xFC, 0x33, 0xBA, 0x5F, 0xAF, 0x11, 0xBC, 0x55, 0x23, 0x8A, 0x8E, 0xE8, 0x26, 0x0E, 0x3D,
    0x8D, 0xEE, 0x7A, 0x13, 0xC4, 0x9D, 0x65, 0xB8, 0x57, 0x37, 0xB6, 0x06, 0xBC, 0x9E, 0xF5, 0x0E,
    0x4D, 0x31, 0x33, 0x63, 0x63, 0xA6, 0x46, 0x4F, 0x1F, 0x57, 0xC5, 0x6F, 0x55, 0xAF, 0x56, 0x18,
    0x8A, 0xF5, 0x21, 0xA2, 0x5A, 0x47, 0x57, 0xE7, 0x61, 0x6F, 0xD1, 0xDD, 0x5D, 0xEC, 0x14, 0xF3,
    0xA4, 0x98, 0xF5, 0xC7, 0xBA, 0xA8, 0xE5, 0x56, 0x53, 0x6F, 0xF6, 0xD0, 0x2E, 0x45, 0xFF, 0x6B,
    0x15, 0x1C, 0x81, 0xCF, 0xF1, 0xC9, 0x7D, 0x3C, 0x7F, 0xDB, 0xF2, 0xA3, 0x63, 0x3B, 0x5D, 0xEC,
    0x34, 0x5B, 0x9A, 0x4C, 0x28, 0xA5, 0xDB, 0xD8, 0xF8, 0x81, 0x72, 0x6B, 0x5C, 0xD7, 0x82, 0x1D,
    0x0F, 0xAF, 0x68, 0x26, 0xED, 0xB7, 0xFF, 0xB7, 0xD9, 0xFC, 0x81, 0x4D, 0x20, 0xD8, 0x0C, 0x82,
    0x4B, 0x21, 0xF7, 0x47, 0x86, 0xB5, 0x97, 0x44, 0xF7, 0x63, 0xC5, 0x8F, 0xE1, 0x2D, 0x70, 0xFE,
    0x91, 0x3C, 0x7B, 0x57, 0x40, 0xA1, 0x09, 0xE5, 0x7F, 0xAC, 0x2E, 0xC5, 0xAF, 0x79, 0x45, 0x55,
    0xA3, 0x0A, 0x10, 0xC8, 0xA4, 0x11, 0xBF, 0xAD, 0xA3, 0x56, 0xFC, 0xE1, 0x2A, 0x63, 0x38, 0xA9,
    0x36, 0x22, 0x5D, 0x72, 0x19, 0x2F, 0x3F, 0xB2, 0xAD, 0x47, 0x59, 0xF5, 0xEA, 0xF4, 0x35, 0x49,
    0x12, 0x23, 0x87, 0x1F, 0x00, 0x57, 0x0E, 0x11, 0x10, 0xBB, 0xF1, 0x97, 0x4F, 0x2F, 0x28, 0x23,
    0x9F, 0xA1, 0x6D, 0x3F, 0xF5, 0x1D, 0xF1, 0x05, 0x1D, 0xD9, 0xB4, 0x56, 0xC1, 0x1C, 0xBB, 0x47,
    0x78, 0xE5, 0x67, 0xFB, 0x1F, 0xB5, 0xAA, 0x8C, 0x9F, 0x2A, 0x2A, 0x8D, 0x17, 0x15, 0xD5, 0x46,
    0x2E, 0xA8, 0x38, 0x06, 0xB6, 0x3A, 0x86, 0xB6, 0x3C, 0xAE, 0xE1, 0x1F, 0x7D, 0x92, 0xB1, 0x6E,
    0x13, 0x41, 0x10, 0x86, 0x7F, 0xDB, 0x67, 0xAD, 0x94, 0x15, 0xBB, 0x2E, 0x92, 0x06, 0x65, 0xEF,
    0xFA, 0xB0, 0x77, 0x6E, 0x5C, 0x6C, 0xA4, 0x3D, 0x7B, 0xA9, 0x28, 0x90, 0x90, 0x0B, 0x53, 0xD3,
    0x50, 0x42, 0x68, 0x52, 0x41, 0x8C, 0xF7, 0x11, 0x78, 0x88, 0x34, 0x88, 0x82, 0x14, 0x2E, 0x23,
    0xE1, 0x47, 0xC8, 0x0B, 0x00, 0x2E, 0xE8, 0x68, 0x5C, 0x18, 0xC9, 0x12, 0x77, 0x67, 0x66, 0xEF,
    0x62, 0x61, 0xA2, 0x88, 0xBB, 0xD3, 0xEA, 0x76, 0x67, 0xF6, 0x9F, 0x99, 0x6F, 0x06, 0x13, 0x74,
    0xB6, 0x90, 0xCC, 0xAB, 0xCE, 0xC2, 0x86, 0xCF, 0x5B, 0x8E, 0xEC, 0x0C, 0x7C, 0x0D, 0x7A, 0x0E,
    0x44, 0xA4, 0xB4, 0xB6, 0x66, 0x80, 0x2E, 0xD0, 0x07, 0xBE, 0xA0, 0xFD, 0x1D, 0xFC, 0x19, 0xD4,
    0x03, 0x8C, 0xB6, 0xEE, 0xE8, 0x3D, 0xA0, 0xD1, 0x9D, 0x24, 0xA5, 0xC5, 0xE9, 0x87, 0xD9, 0x06,
    0x76, 0x6C, 0x7F, 0xCD, 0xFB, 0x37, 0x74, 0xB1, 0x51, 0x7D, 0xE2, 0xD5, 0x84, 0x1C, 0x91, 0x73,
    0xEC, 0xAB, 0x1E, 0x4D, 0x66, 0x25, 0x2C, 0xAE, 0xDA, 0x37, 0xCC, 0x8B, 0xF0, 0x13, 0xFC, 0x59,
    0xC8, 0xC2, 0x09, 0x0E, 0x56, 0x20, 0x7E, 0x01, 0xC3, 0x91, 0x27, 0x48, 0x36, 0xC1, 0xBF, 0xB1,
    0xC6, 0xDC, 0x69, 0xE6, 0xB3, 0xC4, 0xF1, 0x9F, 0x38, 0x94, 0x18, 0x5E, 0x43, 0x2E, 0x83, 0xB1,
    0xE5, 0x3B, 0xFE, 0xD1, 0x8F, 0xD9, 0x86, 0x81, 0xE1, 0xE4, 0x72, 0xB6, 0x19, 0x15, 0x27, 0x97,
    0x94, 0x29, 0x45, 0x62, 0x4E, 0x42, 0x91, 0xBE, 0xC1, 0x39, 0xC5, 0x98, 0xD3, 0x6A, 0x70, 0x08,
    0x01, 0x09, 0x7E, 0xFB, 0x4A, 0xDA, 0x69, 0x3A, 0x1F, 0x23, 0xEA, 0xC5, 0x55, 0x26, 0xB5, 0xB4,
    0xC2, 0xA8, 0x81, 0xC2, 0x8E, 0x4A, 0xDA, 0x20, 0x61, 0xFF, 0x50, 0x69, 0xB9, 0xBE, 0x7F, 0xE7,
    0x99, 0xDB, 0x29, 0x88, 0xDB, 0x0C, 0x29, 0x79, 0x3A, 0x41, 0x0A, 0xAC, 0xC1, 0x3C, 0x46, 0x1F,
    0x41, 0x75, 0xEE, 0x4C, 0x2E, 0x98, 0x0A, 0xE0, 0x4D, 0x9D, 0xFC, 0x19, 0x64, 0x2D, 0xF5, 0x97,
    0xEB, 0xB7, 0x9A, 0xAB, 0xAA, 0xB9, 0x4E, 0x03, 0xD7, 0xD6, 0x73, 0xF0, 0x2D, 0x55, 0x00, 0xF1,
    0x12, 0x49, 0x05, 0x8A, 0x44, 0x17, 0xF3, 0xD7, 0xBB, 0x8B, 0x4D, 0x86, 0x4F, 0x5D, 0x20, 0x5C,
    0x05, 0xBC, 0x77, 0x08, 0x17, 0x54, 0xF8, 0x8A, 0x08, 0xBB, 0x7D, 0xC2, 0xE2, 0x0E, 0xE1, 0xFE,
    0x1E, 0xE1, 0xAA, 0x21, 0xEC, 0xFE, 0x47, 0x98, 0xDF, 0x43, 0xF8, 0x98, 0xF4, 0xCF, 0x6B, 0xC2,
    0x57, 0xF7, 0x12, 0x56, 0xB5, 0x7D, 0x0C, 0x3C, 0x86, 0xFC, 0x8D, 0x34, 0x81, 0x91, 0x30, 0x02,
    0xF9, 0x14, 0xC9, 0xD7, 0x3A, 0xF6, 0x98, 0x17, 0xA9, 0x18, 0x16, 0xA7, 0xC8, 0x5F, 0xD5, 0xB5,
    0x85, 0xBD, 0x34, 0xD2, 0x88, 0xFC, 0x42, 0xAE, 0x80, 0xA8, 0x8B, 0x38, 0x85, 0x9C, 0x83, 0x2D,
    0xC1, 0x97, 0x48, 0xE7, 0x98, 0x5B, 0xB4, 0x4B, 0xC8, 0xCF, 0x88, 0xB8, 0x7F, 0xF8, 0xC9, 0x13,
    0x31, 0x4B, 0x64, 0xD2, 0x50, 0x4B, 0xCB, 0x21, 0xA2, 0xF8, 0x2A, 0x74, 0x33, 0xB1, 0x4D, 0x37,
    0x8F, 0x89, 0x31, 0xB5, 0x48, 0x75, 0xA1, 0x72, 0xA4, 0x2B, 0x8C, 0x16, 0x18, 0x2E, 0x61, 0xD6,
    0x18, 0x58, 0x74, 0x85, 0x52, 0xDA, 0xD2, 0x80, 0x47, 0xBD, 0x5E, 0x5C, 0x96, 0x59, 0x2C, 0xAD,
    0x12, 0x56, 0x2B, 0xA3, 0xD5, 0xC0, 0x68, 0x1A, 0x8A, 0x32, 0x93, 0x3B, 0x99, 0xA8, 0x87, 0xB8,
    0x42, 0x26, 0x6B, 0xD8, 0x84, 0x67, 0x8A, 0xB7, 0x6B, 0xAA, 0x2C, 0xC0, 0xAD, 0x87, 0x42, 0x16,
    0x3A, 0x4A, 0x96, 0xAD, 0x6B, 0x73, 0xD1, 0x27, 0x6C, 0x07, 0x48, 0xDC, 0x68, 0xA1, 0xA8, 0x91,
    0x1A, 0x39, 0x12, 0xF2, 0xF8, 0x03, 0x75, 0x55, 0x4F, 0x6C, 0x14, 0x55, 0x18, 0xFF, 0xCD, 0xBC,
    0xB4, 0x13, 0x3A, 0x65, 0x9F, 0x89, 0xE0, 0x1F, 0xCA, 0xEE, 0x7A, 0xF0, 0x60, 0xA4, 0xDB, 0x85,
    0x04, 0x93, 0x1A, 0xA6, 0xBB, 0x0F, 0x39, 0x70, 0xD0, 0x04, 0x0E, 0xD6, 0x8B, 0x07, 0x4D, 0xF4,
    0x84, 0xC4, 0x72, 0x20, 0x66, 0x4D, 0x5A, 0xF7, 0x45, 0x0E, 0xDE, 0xA4, 0x89, 0x51, 0x4F, 0x26,
    0x1C, 0x38, 0xC0, 0xF6, 0xD0, 0x3D, 0xAC, 0xB1, 0x10, 0xA5, 0x0F, 0x3C, 0x18, 0x6F, 0x83, 0x80,
    0x9C, 0x34, 0x73, 0x10, 0xA3, 0xAD, 0xD2, 0x89, 0x2C, 0x71, 0x0B, 0xDB, 0x7D, 0xFE, 0xDE, 0xEC,
    0xB6, 0x34, 0x46, 0x67, 0xF7, 0x7B, 0xF3, 0x32, 0xF3, 0xBE, 0x7F, 0xBF, 0xEF, 0xF7, 0x7D, 0x83,
    0x3D, 0x0A, 0x9E, 0x4D, 0x10, 0xE8, 0x14, 0x12, 0x2D, 0xE4, 0x01, 0x94, 0x46, 0x1A, 0x3A, 0x2A,
    0x5A, 0x13, 0x95, 0x80, 0xA9, 0x71, 0xA0, 0x38, 0x0B, 0x04, 0xB6, 0x07, 0xCC, 0xBD, 0x0A, 0xD4,
    0x78, 0xA0, 0x45, 0xB9, 0x34, 0x0D, 0xB8, 0x67, 0x5B, 0xD7, 0x27, 0x80, 0xF7, 0x23, 0x50, 0xED,
    0xD1, 0xDE, 0xA2, 0x09, 0x6E, 0x8C, 0xC5, 0x72, 0xF8, 0x40, 0x5A, 0x1A, 0xDD, 0x7F, 0x2E, 0x1A,
    0x7D, 0x13, 0xB5, 0xA7, 0x0C, 0x5A, 0xFB, 0x0D, 0x9A, 0x07, 0x34, 0x9A, 0x6F, 0xD1, 0xC4, 0xB7,
    0x42, 0xCF, 0x7E, 0x1F, 0xAA, 0xEA, 0x2B, 0x13, 0x90, 0x77, 0x3B, 0xB4, 0x1F, 0x63, 0xC7, 0x41,
    0x60, 0xF4, 0x19, 0x9A, 0xF2, 0x8E, 0x03, 0x65, 0xDA, 0x59, 0x9F, 0xD1, 0x81, 0x11, 0xB1, 0x84,
    0x97, 0x30, 0x94, 0xF9, 0x88, 0xAF, 0x6A, 0xC3, 0x7B, 0xD0, 0x92, 0xCB, 0x68, 0xCA, 0x18, 0xCD,
    0x22, 0xED, 0xE4, 0x69, 0x67, 0x5C, 0xAA, 0x4A, 0x54, 0x41, 0xD1, 0x76, 0xE0, 0xDB, 0xF9, 0x47,
    0x21, 0xD5, 0x6D, 0x8A, 0xCB, 0x8D, 0x79, 0xA4, 0xDC, 0x6F, 0x4A, 0x42, 0xF3, 0x77, 0xA6, 0x79,
    0xCE, 0xC2, 0xBF, 0x35, 0x0D, 0x61, 0x80, 0x27, 0x6F, 0x02, 0xCB, 0x5D, 0xE6, 0xA8, 0x81, 0x50,
    0x51, 0x30, 0x88, 0xA1, 0xC8, 0x87, 0x73, 0x33, 0xD4, 0x0B, 0x95, 0x1F, 0x0F, 0x2B, 0x9F, 0x67,
    0x83, 0x5B, 0xC7, 0xE9, 0x27, 0x81, 0xE0, 0xD9, 0xB1, 0x5B, 0x0A, 0x55, 0x6B, 0x10, 0x0C, 0x74,
    0x72, 0x18, 0xC7, 0x95, 0xC6, 0x12, 0x2C, 0xDF, 0x0F, 0x2E, 0x1E, 0xF3, 0x86, 0x5F, 0x7E, 0x1B,
    0x61, 0x7D, 0xCD, 0x42, 0xDE, 0xE9, 0xBD, 0xA1, 0xA4, 0x5A, 0x0A, 0x74, 0x0E, 0x69, 0xA0, 0x0B,
    0x7E, 0x1A, 0xA8, 0xBC, 0x48, 0x43, 0x8C, 0x87, 0x89, 0x44, 0x24, 0x99, 0x68, 0x54, 0x89, 0x73,
    0x98, 0x7C, 0xCF, 0x14, 0x50, 0xBB, 0x67, 0xF2, 0xF0, 0x63, 0x67, 0x44, 0x6D, 0x5A, 0xF3, 0x53,
    0x94, 0x20, 0xDA, 0x74, 0x23, 0xBA, 0x88, 0x20, 0x7E, 0xE2, 0x12, 0x9C, 0xC5, 0x24, 0xCA, 0x6B,
    0x8D, 0x2B, 0x0C, 0x85, 0x39, 0x49, 0x3F, 0x6E, 0xA2, 0xF8, 0xDA, 0xFD, 0xFB, 0x58, 0xB6, 0x76,
    0x03, 0xB4, 0x93, 0x70, 0x99, 0x4A, 0xA8, 0x58, 0x8C, 0x79, 0x5C, 0x1A, 0xA7, 0x63, 0x36, 0xC3,
    0xCB, 0x22, 0x15, 0x2B, 0x9D, 0x49, 0xAE, 0x26, 0x9A, 0x74, 0x18, 0x4C, 0x5D, 0x3A, 0xAC, 0x02,
    0x55, 0xB5, 0x6B, 0xCC, 0x7A, 0xEA, 0xCB, 0x4E, 0x4D, 0xA2, 0x9D, 0x26, 0xCF, 0xCA, 0x85, 0x24,
    0x4D, 0x20, 0x7B, 0x2A, 0x59, 0xA7, 0x3D, 0x2F, 0xA9, 0xC6, 0x79, 0x78, 0xB1, 0x9F, 0x96, 0x40,
    0x54, 0xD2, 0x08, 0xFE, 0x77, 0xCA, 0xAD, 0x0F, 0x57, 0x63, 0x56, 0xA9, 0x67, 0xD5, 0x36, 0x62,
    0xD0, 0xCB, 0x46, 0xE6, 0x65, 0x51, 0x3B, 0x2F, 0xCE, 0x79, 0xA0, 0x85, 0xD9, 0x4D, 0xDC, 0xC4,
    0x55, 0x1B, 0x87, 0x4A, 0x7C, 0x74, 0x3D, 0x95, 0x90, 0xC7, 0xF0, 0xA6, 0x6C, 0x7C, 0x23, 0x01,
    0x69, 0xDB, 0xE1, 0x2F, 0x28, 0x78, 0x89, 0x6F, 0x75, 0x9E, 0x45, 0x0B, 0x58, 0x7D, 0x52, 0x2E,
    0x89, 0x30, 0x1B, 0x79, 0x5C, 0xA3, 0xCA, 0xEB, 0x26, 0xC2, 0x44, 0xB8, 0x9D, 0x7D, 0xD4, 0x82,
    0xD4, 0x81, 0x96, 0x28, 0xEA, 0x90, 0xFB, 0x2A, 0x31, 0x0E, 0x71, 0xC8, 0x94, 0x58, 0xD1, 0xAF,
    0x78, 0xDA, 0x81, 0x63, 0xB1, 0x6F, 0x75, 0x75, 0x65, 0x1D, 0xE2, 0xCC, 0xB5, 0xAB, 0x89, 0xDB,
    0xAF, 0xFE, 0xE6, 0x50, 0xB2, 0x5D, 0x88, 0x9F, 0xBD, 0x55, 0x05, 0xF1, 0x07, 0xD6, 0x08, 0x72,
    0x07, 0x1B, 0x19, 0xD4, 0x2C, 0xBE, 0x97, 0xA2, 0xCD, 0x75, 0xFA, 0x38, 0xF9, 0xD9, 0x95, 0xE1,
    0xA7, 0x1F, 0xE4, 0x24, 0x0A, 0x05, 0xB9, 0xA3, 0x50, 0x92, 0x85, 0xFC, 0x78, 0x21, 0x5F, 0x8A,
    0xF8, 0x8F, 0x4A, 0xD1, 0xAE, 0xC9, 0x28, 0x42, 0x2B, 0xAA, 0x2C, 0xA4, 0x51, 0xDD, 0xEA, 0x7E,
    0x3C, 0x4F, 0x10, 0x5A, 0x9A, 0x76, 0x35, 0x1C, 0x3A, 0x62, 0x50, 0xBF, 0x67, 0xBC, 0xF5, 0x3A,
    0xF3, 0x96, 0x44, 0x37, 0x54, 0x12, 0x2E, 0x4A, 0x49, 0xCE, 0xB8, 0x95, 0x3D, 0x80, 0x39, 0x04,
    0xBF, 0xFE, 0xC9, 0xDE, 0x39, 0xB9, 0x95, 0x51, 0x95, 0x7C, 0x7E, 0xBE, 0x71, 0x9E, 0xBB, 0x5D,
    0x0E, 0x44, 0x83, 0xE2, 0xE7, 0x09, 0x66, 0x49, 0x87, 0x34, 0xB3, 0x4A, 0x1E, 0x76, 0x51, 0x5E,
    0xB9, 0x90, 0xF1, 0xAF, 0xCA, 0xFE, 0x99, 0x59, 0xD1, 0xD9, 0xDE, 0x21, 0x2C, 0x92, 0x21, 0x78,
    0xBD, 0x2B, 0xEC, 0x81, 0xCE, 0x23, 0x88, 0x52, 0x6A, 0xA7, 0xCC, 0x2C, 0x0D, 0x0D, 0x92, 0x09,
    0x56, 0x71, 0x09, 0xFE, 0x8D, 0xC4, 0x61, 0xD3, 0xA1, 0xB4, 0xC5, 0xDF, 0x31, 0xC4, 0x75, 0xE2,
    0xAD, 0x97, 0x88, 0x5A, 0xC4, 0x08, 0x5D, 0x5C, 0x92, 0xB1, 0x66, 0x84, 0x21, 0x54, 0x27, 0xAE,
    0x5C, 0x24, 0x7D, 0xDC, 0x0C, 0x78, 0xDF, 0x60, 0x59, 0x87, 0x6D, 0x4C, 0xFC, 0xA5, 0x60, 0xD5,
    0x58, 0x1B, 0xD5, 0xD8, 0xC5, 0xC4, 0x76, 0xEA, 0xFF, 0xB7, 0x6A, 0xDF, 0xDF, 0x8A, 0x9B, 0xD9,
    0x6D, 0xA6, 0xDF, 0x19, 0xF6, 0x33, 0x47, 0x08, 0xC6, 0x5A, 0x74, 0xB7, 0x90, 0xCE, 0x86, 0x14,
    0x3D, 0x05, 0xAA, 0xDE, 0x76, 0xB7, 0x97, 0xEE, 0xCF, 0x12, 0x97, 0xE0, 0xA8, 0x2E, 0x90, 0x6A,
    0xE1, 0x31, 0xEE, 0xF3, 0x90, 0x39, 0xE4, 0x86, 0x4F, 0x42, 0xE6, 0x91, 0x2B, 0x77, 0x91, 0x2F,
    0x21, 0x5F, 0x9B, 0x05, 0x07, 0x54, 0xD4, 0xAA, 0xA0, 0x55, 0x45, 0x6B, 0xCE, 0xAE, 0x26, 0xD5,
    0xDB, 0x49, 0xF5, 0x9A, 0x55, 0x2F, 0xF6, 0xD9, 0x77, 0xBA, 0x1F, 0x40, 0xAB, 0x7F, 0x6B, 0x6E,
    0x22, 0xB0, 0xFD, 0xF2, 0x48, 0x4C, 0x7F, 0x65, 0x91, 0x14, 0x0E, 0x75, 0xD1, 0xDA, 0x74, 0x6C,
    0x65, 0x21, 0x11, 0xDA, 0x91, 0xDF, 0x26, 0xE5, 0xC6, 0xE2, 0x7C, 0xC8, 0xAE, 0x91, 0x2C, 0x82,
    0xEC, 0x69, 0x06, 0x01, 0x46, 0xC3, 0xE1, 0x48, 0x19, 0xC7, 0x66, 0x5B, 0xB2, 0x0A, 0x5E, 0xDC,
    0x1F, 0x7A, 0x0F, 0xD7, 0x4C, 0xF0, 0xC3, 0x99, 0x58, 0x8A, 0xC3, 0x69, 0x49, 0xA8, 0x73, 0x91,
    0x20, 0x4E, 0x01, 0xFD, 0x87, 0x8D, 0xF9, 0x66, 0x68, 0xE3, 0x66, 0xCE, 0x37, 0xAD, 0x9D, 0xC2,
    0xCC, 0x8E, 0x86, 0xAA, 0xB2, 0xB7, 0x4C, 0x9B, 0x5D, 0x0E, 0x21, 0xEA, 0xB2, 0xE9, 0x70, 0x70,
    0x7B, 0x54, 0x8E, 0x77, 0x14, 0x76, 0x37, 0x82, 0x8F, 0xE1, 0x32, 0x47, 0x81, 0x74, 0x61, 0x91,
    0x86, 0x1F, 0x2C, 0x9E, 0x77, 0x93, 0x63, 0xE4, 0xC1, 0x42, 0xE2, 0xE2, 0x65, 0xEB, 0x18, 0x49,
    0xD8, 0x4B, 0x70, 0x6D, 0xC1, 0xD1, 0x36, 0x44, 0x6C, 0x53, 0x71, 0xA7, 0x2B, 0x55, 0x34, 0xEC,
    0x0A, 0xD5, 0xAA, 0xDB, 0xDE, 0x89, 0xC6, 0x45, 0x07, 0xB9, 0xED, 0x2E, 0x37, 0x2E, 0x64, 0xB5,
    0x3B, 0xB7, 0xE4, 0x27, 0xF5, 0x45, 0x53, 0x1C, 0xB4, 0xCF, 0xBF, 0xD2, 0xB0, 0xFF, 0x97, 0x06,
    0x31, 0x1C, 0xA1, 0xEC, 0xE4, 0x7E, 0x27, 0x67, 0x6E, 0x96, 0x06, 0xF9, 0xD1, 0xEB, 0xFC, 0x67,
    0x1A, 0x65, 0x6B, 0xCD, 0x9E, 0x46, 0x43, 0x0D, 0x4D, 0x4F, 0x3B, 0x7E, 0xA9, 0xDD, 0xEF, 0x4E,
    0xF7, 0xB1, 0x8B, 0xB6, 0x49, 0x6D, 0x50, 0xA6, 0xD6, 0xB6, 0xF9, 0xEC, 0xE4, 0x31, 0xB8, 0x74,
    0x31, 0xB2, 0xF8, 0x3B, 0x61, 0x88, 0x31, 0xB2, 0xB0, 0x9E, 0x71, 0xDD, 0xED, 0xD9, 0xE4, 0x2E,
    0x4C, 0x54, 0xD9, 0x16, 0x8E, 0x3D, 0x52, 0xF7, 0x1F, 0x7B, 0x4E, 0xCF, 0x51, 0x7D, 0xAA, 0xEF,
    0x9F, 0x66, 0x5B, 0xF3, 0x58, 0x8E, 0xBD, 0x1E, 0x64, 0xAA, 0x9E, 0x7E, 0x68, 0x7C, 0xAB, 0x8A,
    0xA4, 0xBA, 0x79, 0xEE, 0x71, 0x13, 0x09, 0x53, 0x13, 0x3A, 0x0D, 0x3E, 0x4C, 0xC2, 0x35, 0x1D,
    0x6E, 0x6C, 0xC1, 0xE0, 0xE6, 0xBB, 0xE3, 0x6B, 0xB9, 0xED, 0xF0, 0x82, 0xB8, 0x7D, 0x56, 0xC9,
    0xA3, 0x47, 0x4D, 0x21, 0x3C, 0x62, 0x22, 0x29, 0x32, 0x99, 0xA4, 0x9C, 0x2E, 0x08, 0x3D, 0xF8,
    0xBC, 0x68, 0x5C, 0x5E, 0x60, 0x3B, 0x65, 0xBF, 0x16, 0xA5, 0xE9, 0x25, 0x48, 0xBD, 0x58, 0xC4,
    0x4C, 0x59, 0xBB, 0xF6, 0x75, 0xE6, 0xDE, 0x59, 0x71, 0xBD, 0x83, 0xFE, 0x67, 0x42, 0xB9, 0x41,
    0x35, 0xB8, 0x02, 0x7E, 0x6C, 0xC3, 0x93, 0x0E, 0x2B, 0xFA, 0xAB, 0x1B, 0x71, 0xF7, 0x50, 0x1C,
    0x7E, 0xF1, 0x42, 0x22, 0xF7, 0x9E, 0x4E, 0x73, 0xE3, 0xA7, 0x52, 0xC7, 0xB6, 0xFC, 0x80, 0x75,
    0x4E, 0xC7, 0x7D, 0x9E, 0xF6, 0xF5, 0x1A, 0xAA, 0x6E, 0x07, 0x23, 0x66, 0xEF, 0x29, 0x52, 0xB1,
    0x99, 0x8D, 0x57, 0x0E, 0x57, 0x72, 0x21, 0xD0, 0x6E, 0xB0, 0x06, 0x2A, 0xD0, 0x6E, 0xC0, 0xC8,
    0xC6, 0xD7, 0x7D, 0xF6, 0xA2, 0x4C, 0x1B, 0x92, 0xB6, 0x32, 0x3E, 0x13, 0xF9, 0x09, 0x54, 0x16,
    0xBA, 0xD9, 0xC8, 0x10, 0xA3, 0xC8, 0xE4, 0x1F, 0x85, 0x54, 0x31, 0x8B, 0x1B, 0x47, 0x18, 0xFD,
    0x76, 0xD7, 0x61, 0x49, 0x96, 0xD3, 0xA8, 0x31, 0x01, 0x23, 0x65, 0x53, 0x5C, 0x71, 0x04, 0xF9,
    0x94, 0xC2, 0x85, 0x08, 0x92, 0x35, 0x3F, 0xC1, 0x85, 0x37, 0x2E, 0x52, 0x5C, 0x6F, 0x08, 0x5C,
    0xA1, 0xC2, 0x81, 0x33, 0x9A, 0x2E, 0xAD, 0x1B, 0xF7, 0x2E, 0x83, 0x42, 0x88, 0x20, 0x67, 0x10,
    0xE4, 0x88, 0x36, 0xA4, 0x48, 0xBB, 0x90, 0x5C, 0x97, 0xC0, 0x36, 0x69, 0x5C, 0x6D, 0x60, 0x83,
    0x8F, 0x8B, 0xA4, 0xC9, 0x7B, 0x33, 0x2B, 0x59, 0x07, 0x07, 0x59, 0x6E, 0xE6, 0xF6, 0xF6, 0xE6,
    0x7B, 0xDF, 0xF7, 0xBD, 0xF7, 0xE6, 0x13, 0xC1, 0x13, 0x69, 0x91, 0x14, 0xBF, 0xCF, 0x44, 0xC2,
    0x52, 0x24, 0x31, 0x22, 0x0F, 0xB3, 0xEC, 0xF1, 0xD2, 0xDA, 0xF5, 0x08, 0x9F, 0x15, 0x56, 0x9C,
    0x8B, 0x04, 0x15, 0x5E, 0x16, 0x58, 0x87, 0xE2, 0x9F, 0x10, 0x1F, 0x15, 0x3E, 0x8E, 0xAF, 0x24,
    0x78, 0xFB, 0xA5, 0xC4, 0x5F, 0x2B, 0x7D, 0x9C, 0x44, 0xF9, 0x20, 0x09, 0x0A, 0x17, 0xD4, 0xC2,
    0x3A, 0xC0, 0xEA, 0x62, 0xF5, 0x9A, 0x35, 0xC4, 0x1A, 0x34, 0xF1, 0xD2, 0x11, 0x9F, 0x98, 0x19,
    0x23, 0x64, 0x96, 0xFA, 0x6E, 0x96, 0x9D, 0x4D, 0xAD, 0xDD, 0xF8, 0x4C, 0x61, 0x81, 0x04, 0xDA,
    0x15, 0xE6, 0x92, 0x1B, 0x1F, 0x16, 0xE5, 0xCD, 0x32, 0xBE, 0xF6, 0x18, 0x2B, 0x11, 0xB7, 0xDA,
    0x4A, 0xF4, 0x79, 0x2B, 0xCA, 0x87, 0x07, 0x4A, 0xA7, 0xDD, 0xA1, 0xC4, 0xDF, 0x55, 0x12, 0x5A,
    0x9C, 0xDD, 0xEC, 0xE7, 0x95, 0xA6, 0xEB, 0x8E, 0x4B, 0x9F, 0xBA, 0x04, 0x89, 0x61, 0xEF, 0x61,
    0xC9, 0x5A, 0xE4, 0x1C, 0xFD, 0x67, 0xD9, 0x73, 0x30, 0x80, 0x5A, 0xC8, 0x81, 0x2C, 0xD8, 0x50,
    0x58, 0x90, 0x07, 0xA5, 0x59, 0xCC, 0x19, 0x2B, 0xE4, 0xCB, 0xA1, 0xAF, 0xAB, 0x8D, 0xF5, 0x0C,
    0x47, 0xD6, 0x80, 0xFA, 0x51, 0xCB, 0xE8, 0x87, 0x5C, 0xAA, 0xBF, 0xAB, 0x38, 0x2F, 0x2F, 0x40,
    0xC7, 0x91, 0x80, 0x12, 0xC7, 0x57, 0x78, 0x7B, 0xED, 0xED, 0x44, 0xF4, 0x44, 0x85, 0xC5, 0xA8,
    0x95, 0x18, 0x75, 0x30, 0x92, 0xF8, 0xCF, 0xDA, 0xD7, 0xBD, 0xBC, 0x51, 0xB7, 0xB2, 0x1B, 0x75,
    0xF9, 0xB8, 0x55, 0x49, 0x77, 0x21, 0x9D, 0x91, 0xF4, 0x94, 0x1E, 0xA2, 0xD7, 0xA0, 0x1A, 0xC8,
    0x85, 0xC8, 0xB1, 0x67, 0xDB, 0x3D, 0xD6, 0x16, 0x92, 0x9D, 0x20, 0x7E, 0x8C, 0xF5, 0x36, 0x97,
    0xF8, 0x17, 0x23, 0x29, 0xF2, 0x2D, 0x62, 0x8D, 0x16, 0xD1, 0x42, 0x22, 0x6C, 0xEB, 0xD3, 0x3D,
    0x3E, 0xA8, 0x4E, 0x5F, 0x02, 0x10, 0x91, 0x40, 0x0C, 0xB4, 0x5B, 0x43, 0xBF, 0x21, 0x10, 0x53,
    0xE8, 0x97, 0xFC, 0x81, 0xD2, 0x57, 0x72, 0x6F, 0xB6, 0x92, 0xBE, 0xBD, 0x6A, 0x22, 0x82, 0xFC,
    0x3D, 0x9C, 0x6E, 0x21, 0x71, 0x57, 0x6A, 0xE9, 0x44, 0x85, 0xF4, 0xC0, 0xE5, 0x10, 0xCC, 0x7C,
    0x06, 0x2A, 0xC7, 0xE8, 0x70, 0x3A, 0x7B, 0x25, 0x53, 0x5B, 0xB9, 0xD3, 0xAF, 0x5C, 0xC8, 0xDA,
    0xBD, 0xA7, 0xAE, 0xF9, 0xD8, 0xB8, 0x17, 0x43, 0x2E, 0x23, 0x47, 0x7F, 0xA2, 0x49, 0xFF, 0x47,
    0xB4, 0xDF, 0xE7, 0x2B, 0x21, 0xFD, 0xA5, 0xAB, 0xD3, 0x9B, 0xD0, 0xDB, 0xB0, 0xF1, 0x82, 0xB7,
    0xE2, 0xD6, 0x8C, 0x47, 0xE2, 0xEA, 0xC3, 0x39, 0x6A, 0x71, 0x9F, 0xDD, 0x0C, 0xD8, 0xCE, 0x84,
    0xC2, 0x62, 0x8B, 0x0A, 0x1A, 0xAF, 0xEE, 0xBF, 0x84, 0xBF, 0x12, 0xEB, 0x0D, 0xE6, 0x00, 0x68,
    0x31, 0xE7, 0x31, 0x16, 0xE1, 0x91, 0x83, 0xC6, 0x66, 0x72, 0xCA, 0x3F, 0x68, 0xCB, 0x84, 0x5B,
    0x1F, 0x61, 0x45, 0xFF, 0xCD, 0xEC, 0xDB, 0x3C, 0xC9, 0x21, 0x23, 0x44, 0xC4, 0x8F, 0x71, 0x42,
    0xFA, 0x8D, 0x52, 0x4A, 0x2C, 0xDE, 0x88, 0x4D, 0xC5, 0xAD, 0xDD, 0xE6, 0x9E, 0x0F, 0xDC, 0x7F,
    0x79, 0x4E, 0x15, 0x0A, 0x78, 0x95, 0x9A, 0xCD, 0xBE, 0x2F, 0xC1, 0x6F, 0xAA, 0x7B, 0x2C, 0x1B,
    0xDB, 0xC7, 0xEE, 0x8A, 0x78, 0xCD, 0x1F, 0x70, 0x9B, 0x70, 0x9B, 0xEF, 0xB6, 0xEA, 0x86, 0x60,
    0x7E, 0xBB, 0x11, 0xD1, 0x66, 0xC4, 0x29, 0x0F, 0x5F, 0xC8, 0xEB, 0x2C, 0xB3, 0x42, 0x13, 0x6B,
    0xE4, 0x5C, 0x6F, 0xC3, 0x03, 0xB2, 0x18, 0xF0, 0xAF, 0xF6, 0xD2, 0x56, 0x59, 0x56, 0xB9, 0xCF,
    0xE8, 0xB1, 0xA0, 0x4D, 0x43, 0x76, 0xC7, 0xDE, 0xD0, 0x54, 0x6C, 0x02, 0xBB, 0x92, 0x69, 0x25,
    0xFD, 0x7C, 0xAF, 0x8B, 0x5D, 0x19, 0xE5, 0x76, 0x43, 0x98, 0x06, 0xAC, 0x0B, 0x4D, 0x18, 0x3C,
    0xBE, 0xCC, 0x9E, 0x18, 0xEA, 0x67, 0x60, 0x83, 0xC0, 0x73, 0xE1, 0xA8, 0x09, 0xF6, 0x30, 0x0E,
    0xB7, 0x40, 0x11, 0xB7, 0xD4, 0xA2, 0x46, 0xF5, 0x2F, 0x5E, 0xE3, 0x62, 0x41, 0x48, 0x0A, 0x6F,
    0x5A, 0x3B, 0x2A, 0x15, 0xA8, 0x41, 0x11, 0xA7, 0x74, 0xF9, 0xA4, 0x11, 0xF8, 0x19, 0xDC, 0x01,
    0xCD, 0x52, 0x8D, 0xA4, 0xF1, 0x35, 0x45, 0x5D, 0x96, 0xFB, 0xE8, 0x84, 0x18, 0x83, 0x71, 0xDC,
    0xA4, 0xE5, 0x12, 0xCE, 0x7F, 0x0E, 0xF2, 0xE7, 0xF0, 0x97, 0xD9, 0xCD, 0x21, 0x20, 0xBD, 0x4F,
    0x48, 0x22, 0x12, 0x90, 0x78, 0x84, 0x73, 0x68, 0x5B, 0x30, 0xCA, 0xDB, 0xCC, 0xA1, 0xB0, 0x26,
    0x9C, 0xDD, 0x70, 0x40, 0xD0, 0x3F, 0x0F, 0x67, 0xB3, 0x6F, 0xA0, 0xE4, 0xEA, 0xD6, 0x01, 0xB9,
    0x93, 0xE9, 0xDD, 0x90, 0x1B, 0x5B, 0xEB, 0x86, 0x1C, 0x3E, 0x1C, 0x3F, 0x9D, 0xCD, 0xAE, 0x96,
    0xBC, 0xA9, 0x68, 0xC0, 0x83, 0x57, 0x7B, 0xEE, 0xDB, 0x66, 0xEE, 0xB8, 0xDC, 0x7E, 0x48, 0xC5,
    0x86, 0xF9, 0xA3, 0x92, 0x16, 0xB6, 0xB5, 0x1F, 0x52, 0xEE, 0x1A, 0x1C, 0xA3, 0x0E, 0xA0, 0xD1,
    0x53, 0xB6, 0xBC, 0x75, 0x48, 0x39, 0xD1, 0xDD, 0xD3, 0xA6, 0x33, 0x42, 0x8B, 0x61, 0x62, 0x3E,
    0xB9, 0x36, 0x5E, 0xFA, 0x7B, 0xD7, 0x32, 0xB6, 0x3C, 0x83, 0xFB, 0x30, 0x5D, 0xCB, 0x87, 0xBF,
    0x3B, 0xF5, 0xB5, 0xD3, 0xEC, 0x8E, 0x73, 0x70, 0x97, 0xE3, 0x3A, 0xFC, 0xE9, 0x45, 0x8C, 0x7A,
    0x07, 0x12, 0x7C, 0xA5, 0x95, 0xCD, 0x83, 0xD7, 0xCE, 0x94, 0x15, 0x62, 0x4D, 0xBA, 0x91, 0xF8,
    0xCA, 0x5F, 0x27, 0x08, 0x84, 0x1C, 0x5D, 0x66, 0xEC, 0xB1, 0x96, 0x5E, 0xFF, 0x32, 0x7B, 0x34,
    0xC4, 0x58, 0xAF, 0x07, 0xE3, 0x97, 0xD9, 0xA3, 0x07, 0xA4, 0x72, 0x12, 0xF1, 0x82, 0x79, 0x37,
    0xDC, 0x21, 0x48, 0xC2, 0x4D, 0x19, 0xD8, 0xF1, 0xA4, 0x2C, 0x79, 0x35, 0x8A, 0xBB, 0xD9, 0xC9,
    0xCF, 0xE4, 0x86, 0x23, 0xF3, 0x88, 0x5B, 0x3B, 0x34, 0xFB, 0xD6, 0xE7, 0x68, 0x8C, 0x7E, 0x63,
    0xAF, 0xBC, 0xA4, 0x67, 0x90, 0x12, 0xBF, 0xEF, 0x93, 0x67, 0x25, 0xFD, 0x5A, 0x6C, 0xFE, 0x74,
    0x1E, 0xBC, 0x79, 0x21, 0x73, 0xD6, 0x31, 0x67, 0x7C, 0x19, 0xB9, 0x0D, 0x20, 0x05, 0xA6, 0x4F,
    0xF0, 0xD7, 0x17, 0x1A, 0x34, 0xD8, 0x9B, 0xF7, 0xC9, 0x81, 0xFE, 0xFA, 0x0E, 0xF4, 0xFC, 0xFF,
    0x40, 0xFF, 0x79, 0x92, 0x73, 0xDC, 0x6E, 0x2B, 0xCB, 0x32, 0x48, 0x48, 0x50, 0x5C, 0x04, 0x4E,
    0x7A, 0x58, 0x37, 0xF2, 0xD3, 0x06, 0xCF, 0x7F, 0xD5, 0x94, 0xB1, 0x72, 0xD3, 0x40, 0x10, 0x86,
    0x7F, 0xE9, 0x92, 0x28, 0x33, 0x9A, 0xC9, 0x51, 0x90, 0x82, 0xCC, 0x10, 0xA7, 0x06, 0xDB, 0x6A,
    0x52, 0x50, 0xC8, 0xD1, 0x51, 0xD1, 0xA6, 0xC9, 0x1B, 0xD0, 0x50, 0x30, 0x50, 0xB8, 0x70, 0x11,
    0xB0, 0x06, 0x5E, 0xC0, 0x15, 0x0D, 0x0D, 0x05, 0x05, 0x84, 0x02, 0x33, 0xA4, 0xF0, 0x30, 0x0E,
    0xB9, 0x81, 0x07, 0x40, 0x99, 0xA1, 0xA3, 0x40, 0x35, 0x05, 0xA3, 0x42, 0x85, 0x93, 0x38, 0x39,
    0x76, 0xF7, 0x44, 0xF2, 0x02, 0x29, 0xE0, 0xAC, 0xF5, 0xE9, 0x74, 0xB7, 0xDA, 0xFD, 0xFE, 0xDD,
    0x11, 0x56, 0xA1, 0x5C, 0xA1, 0x5E, 0x56, 0xC0, 0x0C, 0xD8, 0xC5, 0xF5, 0x54, 0xB9, 0xA9, 0x7E,
    0x31, 0xEF, 0x62, 0x9A, 0x62, 0x30, 0xC0, 0xFE, 0x04, 0xD5, 0x24, 0x28, 0x77, 0x95, 0xCD, 0xDE,
    0x1B, 0x3D, 0x07, 0x8F, 0xC5, 0xED, 0x0D, 0x0C, 0xCF, 0x8A, 0xF0, 0x78, 0x68, 0xE2, 0xBC, 0x95,
    0x6B, 0x7C, 0xB4, 0x9D, 0xF0, 0xB9, 0x4D, 0x57, 0x94, 0x4D, 0x37, 0xA3, 0xBC, 0x5B, 0x68, 0xB4,
    0x4C, 0x0F, 0xC9, 0x69, 0x8D, 0x0F, 0x2E, 0xC7, 0xE5, 0xA0, 0x08, 0x01, 0xBD, 0x42, 0x91, 0x45,
    0x0F, 0x01, 0xBD, 0x0E, 0xDC, 0x5C, 0x01, 0x52, 0x0D, 0xF4, 0xC9, 0xAA, 0xD8, 0x84, 0x45, 0x94,
    0x2B, 0xAB, 0xF2, 0xD8, 0x28, 0xAB, 0xA1, 0x6C, 0xB2, 0xF7, 0xAE, 0xC8, 0x9C, 0x2B, 0xD9, 0x3B,
    0x74, 0x6E, 0xA6, 0x7E, 0xED, 0xD5, 0xCA, 0xA2, 0x62, 0x8B, 0x72, 0xF2, 0xC8, 0x83, 0x92, 0xBC,
    0x4A, 0x8D, 0xB0, 0xE0, 0xF3, 0x6C, 0xEB, 0x64, 0x5D, 0x44, 0x79, 0x07, 0x71, 0x9E, 0x22, 0x36,
    0x29, 0x34, 0xD8, 0x06, 0x64, 0x7F, 0x87, 0x72, 0xAE, 0x52, 0x27, 0x7B, 0x23, 0x10, 0x37, 0x51,
    0x03, 0x5B, 0x64, 0xDA, 0x50, 0x5E, 0x96, 0x02, 0x71, 0x38, 0xDA, 0x08, 0xC9, 0x62, 0x5A, 0x27,
    0xB4, 0x9C, 0x36, 0x4B, 0xC2, 0xE9, 0xD2, 0x72, 0xE8, 0x1C, 0xD9, 0x39, 0x12, 0x37, 0xCB, 0xDC,
    0xCC, 0xBF, 0x33, 0x20, 0x37, 0xCA, 0x4B, 0xCE, 0x70, 0xA4, 0x0E, 0x59, 0x4A, 0xB6, 0x8F, 0x2C,
    0xAF, 0x70, 0xFB, 0x4B, 0x01, 0xF5, 0xD5, 0x42, 0x7D, 0x33, 0x08, 0x7F, 0x7B, 0x21, 0x58, 0x10,
    0xC9, 0xE0, 0x3E, 0x6E, 0x20, 0x72, 0x77, 0x5D, 0xA1, 0xEF, 0xFD, 0x38, 0xAA, 0xDA, 0x70, 0xD8,
    0x4F, 0x29, 0x64, 0x3F, 0x0D, 0xCE, 0x31, 0xEE, 0xC6, 0x3F, 0x9F, 0x95, 0xDA, 0x29, 0x67, 0x83,
    0xD7, 0x78, 0xE0, 0x63, 0x7D, 0x86, 0x3A, 0x26, 0x44, 0xC4, 0x12, 0x8A, 0x2E, 0x92, 0x91, 0xD5,
    0x04, 0xDA, 0x12, 0x94, 0xAE, 0x3B, 0x20, 0x62, 0xF4, 0x81, 0xB1, 0xC4, 0xA8, 0x38, 0xBF, 0xC4,
    0x72, 0xF6, 0x8B, 0x68, 0xD1, 0xEF, 0x72, 0x6C, 0x60, 0x8E, 0x89, 0xBF, 0xD5, 0xE5, 0xF2, 0xD6,
    0xB4, 0xDD, 0x6F, 0xCD, 0xAE, 0x2D, 0x8D, 0x96, 0x0C, 0x92, 0xBA, 0x3D, 0x78, 0x3A, 0x79, 0xAC,
    0x2B, 0xD9, 0x34, 0x08, 0x28, 0xFF, 0xBC, 0xE5, 0xE6, 0x6B, 0x87, 0x6F, 0x38, 0xD0, 0x26, 0x6E,
    0x9D, 0xBC, 0xCA, 0x48, 0x49, 0x49, 0x64, 0x51, 0x44, 0x00, 0x0E, 0xC8, 0x2D, 0x3E, 0xE6, 0x58,
    0xF1, 0x19, 0xF0, 0xA8, 0x46, 0x50, 0xD3, 0xC6, 0xEA, 0xCE, 0xF6, 0xA1, 0xAB, 0x56, 0x77, 0xCC,
    0x02, 0x45, 0x19, 0x21, 0x3E, 0x27, 0x5D, 0x6B, 0x84, 0x73, 0x0C, 0x0B, 0x9A, 0x7B, 0x12, 0xE0,
    0xE2, 0x0C, 0xDD, 0xAF, 0x9D, 0xF0, 0x3F, 0x96, 0x9C, 0x97, 0x37, 0x1B, 0x61, 0x48, 0x0F, 0x42,
    0x5A, 0x44, 0xA5, 0x2F, 0x0B, 0xAB, 0xC7, 0x65, 0x63, 0x67, 0x49, 0x5F, 0xFB, 0xCA, 0x81, 0x9B,
    0x47, 0x8A, 0x4C, 0xAD, 0x09, 0x65, 0xA4, 0x25, 0x10, 0x91, 0xEC, 0x96, 0x72, 0xA6, 0x44, 0x43,
    0x9B, 0x8A, 0x66, 0xA1, 0xA5, 0x96, 0xA0, 0x22, 0x86, 0xB6, 0xDF, 0xCC, 0x63, 0x91, 0x50, 0x35,
    0x73, 0x94, 0x8F, 0x45, 0xCF, 0x98, 0x55, 0x6C, 0xB3, 0x4B, 0x5F, 0xD2, 0xEC, 0x48, 0x59, 0x59,
    0xDE, 0xB6, 0xCC, 0x95, 0x6F, 0x2C, 0x0A, 0xCA, 0xA5, 0xA7, 0xDE, 0x87, 0xE2, 0x3C, 0x0E, 0xC8,
    0x48, 0x80, 0x88, 0xC5, 0x4B, 0xBE, 0x07, 0x87, 0xC6, 0xF7, 0x70, 0x2D, 0x3E, 0x6B, 0x6F, 0x1B,
    0xF1, 0xAF, 0x8A, 0x53, 0x12, 0x58, 0x97, 0x59, 0x38, 0xD1, 0x70, 0xC2, 0x73, 0xC6, 0x17, 0x9C,
    0x67, 0x9E, 0x13, 0x0D, 0x27, 0x1A, 0x4E, 0x34, 0x9C, 0xF8, 0x3F, 0x38, 0x95, 0x6D, 0x09, 0x67,
    0x50, 0x3E, 0xF1, 0x9C, 0x9F, 0x2A, 0xE1, 0x44, 0x66, 0x85, 0x13, 0x99, 0xF1, 0x9C, 0xA7, 0x56,
    0x38, 0xA3, 0xA3, 0x4A, 0x38, 0xB5, 0x19, 0x08, 0xE7, 0x32, 0x75, 0xFD, 0x3F, 0xCA, 0x69, 0x3C,
    0x27, 0x7D, 0x06, 0xA5, 0x9E, 0xDA, 0xF8, 0x7A, 0xF6, 0x9A, 0x7A, 0xD6, 0x9E, 0x53, 0x15, 0x9E,
    0x53, 0x37, 0x9C, 0xBD, 0xA6, 0x9E, 0xB5, 0xAF, 0x27, 0x6D, 0x0B, 0x27, 0x7F, 0xD3, 0x98, 0xB3,
    0xD7, 0x70, 0x2E, 0x5C, 0x09, 0xE7, 0x1F,
};

static const EpdGlyph inter_10_italicGlyphs[] = {
    { 0, 0, 152, 0, 0, 0, 0 }, // U+0000
    { 0, 0, 91, 0, 0, 0, 0 }, // U+0020
    { 6, 17, 91, 0, 16, 26, 0 }, // !
    { 7, 7, 151, 2, 16, 13, 26 }, // "
    { 14, 16, 209, 0, 16, 56, 39 }, // #
    { 13, 21, 212, 0, 18, 69, 95 }, // $
    { 16, 17, 317, 2, 16, 68, 164 }, // %
    { 13, 17, 227, 0, 16, 56, 232 }, // &
    { 4, 7, 96, 2, 16, 7, 288 }, // '
    { 8, 20, 117, 1, 17, 40, 295 }, // (
    { 7, 20, 117, -1, 17, 35, 335 }, // )
    { 10, 10, 165, 1, 16, 25, 370 }, // *
    { 11, 10, 218, 1, 11, 28, 395 }, // +
    { 5, 7, 91, -1, 3, 9, 423 }, // ,
    { 8, 3, 151, 1, 8, 6, 432 }, // -
    { 4, 4, 91, 0, 3, 4, 438 }, // .
    { 10, 19, 117, -1, 16, 48, 442 }, // /
    { 12, 17, 209, 1, 16, 51, 490 }, // 0
    { 8, 16, 132, 1, 16, 32, 541 }, // 1
    { 12, 16, 199, 0, 16, 48, 573 }, // 2
    { 13, 17, 204, 0, 16, 56, 621 }, // 3
    { 13, 16, 213, 0, 16, 52, 677 }, // 4
    { 12, 17, 196, 0, 16, 51, 729 }, // 5
    { 12, 17, 204, 1, 16, 51, 780 }, // 6
    { 13, 16, 185, 0, 16, 52, 831 }, // 7
    { 13, 17, 203, 0, 16, 56, 883 }, // 8
    { 13, 17, 204, 0, 16, 56, 939 }, // 9
    { 5, 12, 91, 0, 11, 15, 995 }, // :
    { 7, 15, 94, -1, 11, 27, 1010 }, // ;
    { 12, 12, 218, 1, 12, 36, 1037 }, // <
    { 11, 7, 218, 1, 9, 20, 1073 }, // =
    { 12, 12, 218, 1, 12, 36, 1093 }, // >
    { 10, 17, 171, 1, 16, 43, 1129 }, // ?
    { 20, 20, 322, 0, 15, 100, 1172 }, // @
    { 14, 16, 227, -1, 16, 56, 1272 }, // A
    { 13, 16, 217, 0, 16, 52, 1328 }, // B
    { 14, 17, 243, 1, 16, 60, 1380 }, // C
    { 15, 16, 238, 0, 16, 60, 1440 }, // D
    { 13, 16, 199, 0, 16, 52, 1500 }, // E
    { 13, 16, 194, 0, 16, 52, 1552 }, // F
    { 14, 17, 247, 1, 16, 60, 1604 }, // G
    { 16, 16, 245, 0, 16, 64, 1664 }, // H
    { 6, 16, 87, 0, 16, 24, 1728 }, // I
    { 12, 17, 188, 0, 16, 51, 1752 }, // J
    { 15, 16, 221, 0, 16, 60, 1803 }, // K
    { 11, 16, 186, 0, 16, 44, 1863 }, // L
    { 19, 16, 298, 0, 16, 76, 1907 }, // M
    { 16, 16, 248, 0, 16, 64, 1983 }, // N
    { 15, 17, 254, 1, 16, 64, 2047 }, // O
    { 14, 16, 211, 0, 16, 56, 2111 }, // P
    { 15, 18, 254, 1, 16, 68, 2167 }, // Q
    { 14, 16, 214, 0, 16, 56, 2235 }, // R
    { 13, 17, 212, 0, 16, 56, 2291 }, // S
    { 12, 16, 213, 2, 16, 48, 2347 }, // T
    { 15, 17, 245, 1, 16, 64, 2395 }, // U
    { 14, 16, 227, 2, 16, 56, 2459 }, // V
    { 20, 16, 326, 2, 16, 80, 2515 }, // W
    { 16, 16, 225, -1, 16, 64, 2595 }, // X
    { 14, 16, 224, 2, 16, 56, 2659 }, // Y
    { 14, 16, 207, 0, 16, 56, 2715 }, // Z
    { 8, 20, 117, 0, 17, 40, 2771 }, // [
    { 4, 19, 117, 2, 16, 19, 2811 }, // <backslash>
    { 8, 20, 117, -1, 17, 40, 2830 }, // ]
    { 9, 7, 155, 1, 15, 16, 2870 }, // ^
    { 11, 2, 152, -2, 0, 6, 2886 }, // _
    { 3, 4, 101, 3, 16, 3, 2892 }, // `
    { 12, 13, 201, 0, 12, 39, 2895 }, // a
    { 12, 17, 201, 0, 16, 51, 2934 }, // b
    { 12, 13, 187, 0, 12, 39, 2985 }, // c
    { 13, 17, 201, 0, 16, 56, 3024 }, // d
    { 11, 13, 188, 0, 12, 36, 3080 }, // e
    { 11, 21, 119, -2, 16, 58, 3116 }, // f
    { 12, 17, 201, 0, 12, 51, 3174 }, // g
    { 12, 16, 194, 0, 16, 48, 3225 }, // h
    { 6, 16, 78, 0, 16, 24, 3273 }, // i
    { 8, 21, 78, -2, 16, 42, 3297 }, // j
    { 12, 16, 180, 0, 16, 48, 3339 }, // k
    { 5, 16, 78, 0, 16, 20, 3387 }, // l
    { 18, 12, 289, 0, 12, 54, 3407 }, // m
    { 12, 12, 194, 0, 12, 36, 3461 }, // n
    { 12, 13, 196, 0, 12, 39, 3497 }, // o
    { 13, 17, 201, -1, 12, 56, 3536 }, // p
    { 12, 17, 201, 0, 12, 51, 3592 }, // q
    { 9, 12, 122, 0, 12, 27, 3643 }, // r
    { 10, 13, 172, 0, 12, 33, 3670 }, // s
    { 7, 15, 108, 0, 14, 27, 3703 }, // t
    { 11, 13, 194, 1, 12, 36, 3730 }, // u
    { 11, 12, 184, 1, 12, 33, 3766 }, // v
    { 17, 12, 268, 1, 12, 51, 3799 }, // w
    { 13, 12, 179, -1, 12, 39, 3850 }, // x
    { 13, 17, 184, -1, 12, 56, 3889 }, // y
    { 11, 12, 179, 0, 12, 33, 3945 }, // z
    { 9, 20, 139, 1, 17, 45, 3978 }, // {
    { 7, 26, 108, 0, 21, 46, 4023 }, // |
    { 9, 20, 139, -1, 17, 45, 4069 }, // }
    { 12, 4, 218, 1, 8, 12, 4114 }, // ~
    { 0, 0, 91, 0, 0, 0, 0 }, // U+00A0
    { 6, 16, 91, 0, 12, 24, 0 }, // U+00A1
    { 11, 16, 187, 1, 16, 44, 24 }, // U+00A2
    { 13, 16, 201, 0, 16, 52, 68 }, // U+00A3
    { 15, 14, 239, 0, 13, 53, 120 }, // U+00A4
    { 12, 16, 181, 1, 16, 48, 173 }, // U+00A5
    { 6, 19, 87, 0, 16, 29, 221 }, // U+00A6
    { 11, 20, 187, 0, 16, 55, 250 }, // U+00A7
    { 7, 3, 194, 4, 16, 6, 305 }, // U+00A8
    { 17, 17, 302, 1, 16, 73, 311 }, // U+00A9
    { 9, 10, 149, 1, 16, 23, 384 }, // U+00AA
    { 11, 10, 190, 1, 11, 28, 407 }, // U+00AB
    { 10, 5, 218, 2, 8, 13, 435 }, // U+00AC
    { 13, 13, 219, 1, 16, 43, 448 }, // U+00AE
    { 7, 2, 154, 3, 15, 4, 491 }, // U+00AF
    { 8, 8, 149, 2, 16, 16, 495 }, // U+00B0
    { 12, 12, 218, 1, 12, 36, 511 }, // U+00B1
    { 9, 9, 143, 1, 18, 21, 547 }, // U+00B2
    { 9, 10, 145, 1, 18, 23, 568 }, // U+00B3
    { 5, 4, 68, 1, 16, 5, 591 }, // U+00B4
    { 13, 17, 193, -1, 12, 56, 596 }, // U+00B5
    { 12, 16, 198, 1, 16, 48, 652 }, // U+00B6
    { 4, 4, 91, 1, 9, 4, 700 }, // U+00B7
    { 5, 6, 87, -1, 1, 8, 704 }, // U+00B8
    { 5, 9, 98, 2, 18, 12, 712 }, // U+00B9
    { 10, 10, 158, 1, 16, 25, 724 }, // U+00BA
    { 12, 10, 190, 0, 11, 30, 749 }, // U+00BB
    { 16, 16, 258, 0, 16, 64, 779 }, // U+00BC
    { 17, 16, 275, 0, 16, 68, 843 }, // U+00BD
    { 16, 16, 285, 1, 16, 64, 911 }, // U+00BE
    { 10, 17, 167, -1, 12, 43, 975 }, // U+00BF
    { 14, 20, 227, -1, 20, 70, 1018 }, // U+00C0
    { 14, 20, 227, -1, 20, 70, 1088 }, // U+00C1
    { 14, 20, 227, -1, 20, 70, 1158 }, // U+00C2
    { 14, 20, 227, -1, 20, 70, 1228 }, // U+00C3
    { 14, 20, 227, -1, 20, 70, 1298 }, // U+00C4
    { 14, 21, 227, -1, 21, 74, 1368 }, // U+00C5
    { 22, 16, 327, -1, 16, 88, 1442 }, // U+00C6
    { 14, 21, 243, 1, 16, 74, 1530 }, // U+00C7
    { 13, 20, 199, 0, 20, 65, 1604 }, // U+00C8
    { 13, 20, 199, 0, 20, 65, 1669 }, // U+00C9
    { 13, 20, 199, 0, 20, 65, 1734 }, // U+00CA
    { 13, 20, 199, 0, 20, 65, 1799 }, // U+00CB
    { 6, 20, 87, 0, 20, 30, 1864 }, // U+00CC
    { 8, 20, 87, 0, 20, 40, 1894 }, // U+00CD
    { 8, 20, 87, 0, 20, 40, 1934 }, // U+00CE
    { 9, 20, 87, 0, 20, 45, 1974 }, // U+00CF
    { 15, 16, 244, 0, 16, 60, 2019 }, // U+00D0
    { 16, 20, 248, 0, 20, 80, 2079 }, // U+00D1
    { 15, 21, 254, 1, 20, 79, 2159 }, // U+00D2
    { 15, 21, 254, 1, 20, 79, 2238 }, // U+00D3
    { 15, 21, 254, 1, 20, 79, 2317 }, // U+00D4
    { 15, 21, 254, 1, 20, 79, 2396 }, // U+00D5
    { 15, 21, 254, 1, 20, 79, 2475 }, // U+00D6
    { 12, 10, 218, 1, 11, 30, 2554 }, // U+00D7
    { 16, 17, 254, 0, 16, 68, 2584 }, // U+00D8
    { 15, 21, 245, 1, 20, 79, 2652 }, // U+00D9
    { 15, 21, 245, 1, 20, 79, 2731 }, // U+00DA
    { 15, 21, 245, 1, 20, 79, 2810 }, // U+00DB
    { 15, 21, 245, 1, 20, 79, 2889 }, // U+00DC
    { 14, 20, 224, 2, 20, 70, 2968 }, // U+00DD
    { 13, 16, 209, 0, 16, 52, 3038 }, // U+00DE
    { 12, 16, 202, 0, 16, 48, 3090 }, // U+00DF
    { 12, 17, 201, 0, 16, 51, 3138 }, // U+00E0
    { 12, 17, 201, 0, 16, 51, 3189 }, // U+00E1
    { 12, 17, 201, 0, 16, 51, 3240 }, // U+00E2
    { 12, 17, 201, 0, 16, 51, 3291 }, // U+00E3
    { 12, 17, 201, 0, 16, 51, 3342 }, // U+00E4
    { 12, 19, 201, 0, 18, 57, 3393 }, // U+00E5
    { 18, 13, 299, 0, 12, 59, 3450 }, // U+00E6
    { 12, 17, 187, 0, 12, 51, 3509 }, // U+00E7
    { 11, 17, 188, 0, 16, 47, 3560 }, // U+00E8
    { 11, 17, 188, 0, 16, 47, 3607 }, // U+00E9
    { 11, 17, 188, 0, 16, 47, 3654 }, // U+00EA
    { 11, 17, 188, 0, 16, 47, 3701 }, // U+00EB
    { 5, 16, 78, 0, 16, 20, 3748 }, // U+00EC
    { 7, 16, 78, 0, 16, 28, 3768 }, // U+00ED
    { 7, 16, 78, 0, 16, 28, 3796 }, // U+00EE
    { 8, 16, 78, 0, 16, 32, 3824 }, // U+00EF
    { 12, 18, 191, 0, 17, 54, 3856 }, // U+00F0
    { 12, 16, 194, 0, 16, 48, 3910 }, // U+00F1
    { 12, 17, 196, 0, 16, 51, 3958 }, // U+00F2
    { 12, 17, 196, 0, 16, 51, 4009 }, // U+00F3
    { 12, 17, 196, 0, 16, 51, 4060 }, // U+00F4
    { 12, 17, 196, 0, 16, 51, 4111 }, // U+00F5
    { 12, 17, 196, 0, 16, 51, 4162 }, // U+00F6
    { 11, 12, 218, 1, 12, 33, 4213 }, // U+00F7
    { 14, 13, 196, -1, 12, 46, 4246 }, // U+00F8
    { 11, 17, 194, 1, 16, 47, 4292 }, // U+00F9
    { 11, 17, 194, 1, 16, 47, 4339 }, // U+00FA
    { 11, 17, 194, 1, 16, 47, 4386 }, // U+00FB
    { 11, 17, 194, 1, 16, 47, 4433 }, // U+00FC
    { 13, 21, 184, -1, 16, 69, 4480 }, // U+00FD
    { 13, 21, 200, -1, 16, 69, 4549 }, // U+00FE
    { 13, 21, 184, -1, 16, 69, 4618 }, // U+00FF
    { 14, 19, 227, -1, 19, 67, 0 }, // U+0100
    { 12, 16, 201, 0, 15, 48, 67 }, // U+0101
    { 14, 20, 227, -1, 20, 70, 115 }, // U+0102
    { 12, 17, 201, 0, 16, 51, 185 }, // U+0103
    { 14, 21, 227, -1, 16, 74, 236 }, // U+0104
    { 12, 17, 201, 0, 12, 51, 310 }, // U+0105
    { 14, 21, 243, 1, 20, 74, 361 }, // U+0106
    { 12, 17, 187, 0, 16, 51, 435 }, // U+0107
    { 14, 21, 243, 1, 20, 74, 486 }, // U+0108
    { 12, 17, 187, 0, 16, 51, 560 }, // U+0109
    { 14, 21, 243, 1, 20, 74, 611 }, // U+010A
    { 12, 17, 187, 0, 16, 51, 685 }, // U+010B
    { 14, 21, 243, 1, 20, 74, 736 }, // U+010C
    { 12, 17, 187, 0, 16, 51, 810 }, // U+010D
    { 15, 20, 238, 0, 20, 75, 861 }, // U+010E
    { 16, 17, 226, 0, 16, 68, 936 }, // U+010F
    { 15, 16, 244, 0, 16, 60, 1004 }, // U+0110
    { 14, 17, 201, 0, 16, 60, 1064 }, // U+0111
    { 13, 19, 199, 0, 19, 62, 1124 }, // U+0112
    { 11, 16, 188, 0, 15, 44, 1186 }, // U+0113
    { 13, 20, 199, 0, 20, 65, 1230 }, // U+0114
    { 11, 17, 188, 0, 16, 47, 1295 }, // U+0115
    { 13, 20, 199, 0, 20, 65, 1342 }, // U+0116
    { 11, 17, 188, 0, 16, 47, 1407 }, // U+0117
    { 13, 21, 199, 0, 16, 69, 1454 }, // U+0118
    { 11, 17, 188, 0, 12, 47, 1523 }, // U+0119
    { 13, 20, 199, 0, 20, 65, 1570 }, // U+011A
    { 12, 17, 188, 0, 16, 51, 1635 }, // U+011B
    { 14, 21, 247, 1, 20, 74, 1686 }, // U+011C
    { 12, 21, 201, 0, 16, 63, 1760 }, // U+011D
    { 14, 21, 247, 1, 20, 74, 1823 }, // U+011E
    { 12, 21, 201, 0, 16, 63, 1897 }, // U+011F
    { 14, 21, 247, 1, 20, 74, 1960 }, // U+0120
    { 12, 21, 201, 0, 16, 63, 2034 }, // U+0121
    { 14, 22, 247, 1, 16, 77, 2097 }, // U+0122
    { 12, 22, 201, 0, 17, 66, 2174 }, // U+0123
    { 16, 20, 245, 0, 20, 80, 2240 }, // U+0124
    { 12, 20, 194, 0, 20, 60, 2320 }, // U+0125
    { 16, 16, 256, 1, 16, 64, 2380 }, // U+0126
    { 12, 16, 194, 0, 16, 48, 2444 }, // U+0127
    { 8, 20, 87, 0, 20, 40, 2492 }, // U+0128
    { 8, 16, 78, 0, 16, 32, 2532 }, // U+0129
    { 8, 19, 87, 0, 19, 38, 2564 }, // U+012A
    { 7, 15, 78, 0, 15, 27, 2602 }, // U+012B
    { 8, 20, 87, 0, 20, 40, 2629 }, // U+012C
    { 8, 16, 78, 0, 16, 32, 2669 }, // U+012D
    { 8, 21, 87, -2, 16, 42, 2701 }, // U+012E
    { 8, 21, 78, -2, 16, 42, 2743 }, // U+012F
    { 7, 20, 87, 0, 20, 35, 2785 }, // U+0130
    { 5, 12, 78, 0, 12, 15, 2820 }, // U+0131
    { 18, 17, 275, 0, 16, 77, 2835 }, // U+0132
    { 11, 21, 156, 0, 16, 58, 2912 }, // U+0133
    { 15, 21, 188, 0, 20, 79, 2970 }, // U+0134
    { 9, 21, 78, -2, 16, 48, 3049 }, // U+0135
    { 15, 22, 221, 0, 16, 83, 3097 }, // U+0136
    { 12, 22, 180, 0, 16, 66, 3180 }, // U+0137
    { 12, 12, 172, 0, 12, 36, 3246 }, // U+0138
    { 11, 20, 186, 0, 20, 55, 3282 }, // U+0139
    { 8, 20, 78, 0, 20, 40, 3337 }, // U+013A
    { 11, 22, 186, 0, 16, 61, 3377 }, // U+013B
    { 7, 22, 78, -2, 16, 39, 3438 }, // U+013C
    { 11, 16, 186, 0, 16, 44, 3477 }, // U+013D
    { 9, 16, 99, 0, 16, 36, 3521 }, // U+013E
    { 11, 16, 185, 0, 16, 44, 3557 }, // U+013F
    { 8, 16, 117, 0, 16, 32, 3601 }, // U+0140
    { 11, 16, 186, 0, 16, 44, 3633 }, // U+0141
    { 7, 16, 78, -1, 16, 28, 3677 }, // U+0142
    { 16, 20, 248, 0, 20, 80, 3705 }, // U+0143
    { 12, 16, 194, 0, 16, 48, 3785 }, // U+0144
    { 16, 22, 248, 0, 16, 88, 3833 }, // U+0145
    { 12, 18, 194, 0, 12, 54, 3921 }, // U+0146
    { 16, 20, 248, 0, 20, 80, 3975 }, // U+0147
    { 12, 16, 194, 0, 16, 48, 4055 }, // U+0148
    { 16, 21, 248, 0, 16, 84, 4103 }, // U+014A
    { 12, 17, 194, 0, 12, 51, 4187 }, // U+014B
    { 15, 20, 254, 1, 19, 75, 4238 }, // U+014C
    { 12, 16, 196, 0, 15, 48, 4313 }, // U+014D
    { 15, 21, 254, 1, 20, 79, 4361 }, // U+014E
    { 12, 17, 196, 0, 16, 51, 4440 }, // U+014F
    { 15, 21, 254, 1, 20, 79, 4491 }, // U+0150
    { 12, 17, 196, 0, 16, 51, 4570 }, // U+0151
    { 20, 16, 321, 1, 16, 80, 4621 }, // U+0152
    { 20, 13, 325, 0, 12, 65, 4701 }, // U+0153
    { 14, 20, 214, 0, 20, 70, 4766 }, // U+0154
    { 9, 16, 122, 0, 16, 36, 4836 }, // U+0155
    { 14, 22, 214, 0, 16, 77, 4872 }, // U+0156
    { 11, 18, 122, -2, 12, 50, 4949 }, // U+0157
    { 14, 20, 214, 0, 20, 70, 4999 }, // U+0158
    { 10, 16, 122, 0, 16, 40, 5069 }, // U+0159
    { 13, 21, 212, 0, 20, 69, 5109 }, // U+015A
    { 10, 17, 172, 0, 16, 43, 5178 }, // U+015B
    { 13, 21, 212, 0, 20, 69, 5221 }, // U+015C
    { 10, 17, 172, 0, 16, 43, 5290 }, // U+015D
    { 13, 21, 212, 0, 16, 69, 5333 }, // U+015E
    { 10, 17, 172, 0, 12, 43, 5402 }, // U+015F
    { 13, 21, 212, 0, 20, 69, 5445 }, // U+0160
    { 11, 17, 172, 0, 16, 47, 5514 }, // U+0161
    { 12, 21, 213, 2, 16, 63, 5561 }, // U+0162
    { 7, 19, 108, 0, 14, 34, 5624 }, // U+0163
    { 12, 20, 213, 2, 20, 60, 5658 }, // U+0164
    { 9, 18, 108, 0, 17, 41, 5718 }, // U+0165
    { 12, 16, 213, 2, 16, 48, 5759 }, // U+0166
    { 7, 15, 108, 0, 14, 27, 5807 }, // U+0167
    { 15, 21, 245, 1, 20, 79, 5834 }, // U+0168
    { 11, 17, 194, 1, 16, 47, 5913 }, // U+0169
    { 15, 20, 245, 1, 19, 75, 5960 }, // U+016A
    { 11, 16, 194, 1, 15, 44, 6035 }, // U+016B
    { 15, 21, 245, 1, 20, 79, 6079 }, // U+016C
    { 11, 17, 194, 1, 16, 47, 6158 }, // U+016D
    { 15, 22, 245, 1, 21, 83, 6205 }, // U+016E
    { 11, 19, 194, 1, 18, 53, 6288 }, // U+016F
    { 15, 21, 245, 1, 20, 79, 6341 }, // U+0170
    { 11, 17, 194, 1, 16, 47, 6420 }, // U+0171
    { 15, 21, 245, 1, 16, 79, 6467 }, // U+0172
    { 11, 17, 194, 1, 12, 47, 6546 }, // U+0173
    { 20, 20, 326, 2, 20, 100, 6593 }, // U+0174
    { 17, 16, 268, 1, 16, 68, 6693 }, // U+0175
    { 14, 20, 224, 2, 20, 70, 6761 }, // U+0176
    { 13, 21, 184, -1, 16, 69, 6831 }, // U+0177
    { 14, 20, 224, 2, 20, 70, 6900 }, // U+0178
    { 14, 20, 207, 0, 20, 70, 6970 }, // U+0179
    { 11, 16, 179, 0, 16, 44, 7040 }, // U+017A
    { 14, 20, 207, 0, 20, 70, 7084 }, // U+017B
    { 11, 16, 179, 0, 16, 44, 7154 }, // U+017C
    { 14, 20, 207, 0, 20, 70, 7198 }, // U+017D
    { 11, 16, 179, 0, 16, 44, 7268 }, // U+017E
    { 11, 21, 100, -3, 16, 58, 7312 }, // U+017F
    { 26, 16, 417, 0, 16, 104, 0 }, // U+01C5
    { 22, 17, 351, 0, 16, 94, 104 }, // U+01C6
    { 24, 17, 374, 0, 16, 102, 198 }, // U+01C7
    { 17, 21, 264, 0, 16, 90, 300 }, // U+01C8
    { 11, 21, 156, 0, 16, 58, 390 }, // U+01C9
    { 28, 17, 435, 0, 16, 119, 448 }, // U+01CA
    { 21, 21, 326, 0, 16, 111, 567 }, // U+01CB
    { 18, 21, 272, 0, 16, 95, 678 }, // U+01CC
    { 14, 20, 227, -1, 20, 70, 773 }, // U+01CD
    { 12, 17, 201, 0, 16, 51, 843 }, // U+01CE
    { 9, 20, 87, 0, 20, 45, 894 }, // U+01CF
    { 8, 16, 78, 0, 16, 32, 939 }, // U+01D0
    { 15, 21, 254, 1, 20, 79, 971 }, // U+01D1
    { 12, 17, 196, 0, 16, 51, 1050 }, // U+01D2
    { 15, 21, 245, 1, 20, 79, 1101 }, // U+01D3
    { 11, 17, 194, 1, 16, 47, 1180 }, // U+01D4
    { 15, 23, 245, 1, 22, 87, 1227 }, // U+01D5
    { 11, 19, 194, 1, 18, 53, 1314 }, // U+01D6
    { 15, 24, 245, 1, 23, 90, 1367 }, // U+01D7
    { 11, 20, 194, 1, 19, 55, 1457 }, // U+01D8
    { 15, 24, 245, 1, 23, 90, 1512 }, // U+01D9
    { 11, 20, 194, 1, 19, 55, 1602 }, // U+01DA
    { 15, 24, 245, 1, 23, 90, 1657 }, // U+01DB
    { 11, 20, 194, 1, 19, 55, 1747 }, // U+01DC
    { 10, 13, 188, 1, 12, 33, 1802 }, // U+01DD
    { 14, 22, 227, -1, 22, 77, 1835 }, // U+01DE
    { 12, 19, 201, 0, 18, 57, 1912 }, // U+01DF
    { 14, 22, 227, -1, 22, 77, 1969 }, // U+01E0
    { 12, 19, 201, 0, 18, 57, 2046 }, // U+01E1
    { 22, 19, 327, -1, 19, 105, 2103 }, // U+01E2
    { 18, 16, 299, 0, 15, 72, 2208 }, // U+01E3
    { 14, 17, 247, 1, 16, 60, 2280 }, // U+01E4
    { 14, 17, 201, 0, 12, 60, 2340 }, // U+01E5
    { 14, 21, 247, 1, 20, 74, 2400 }, // U+01E6
    { 12, 21, 201, 0, 16, 63, 2474 }, // U+01E7
    { 15, 20, 221, 0, 20, 75, 2537 }, // U+01E8
    { 12, 20, 180, 0, 20, 60, 2612 }, // U+01E9
    { 15, 21, 254, 1, 16, 79, 2672 }, // U+01EA
    { 12, 17, 196, 0, 12, 51, 2751 }, // U+01EB
    { 15, 24, 254, 1, 19, 90, 2802 }, // U+01EC
    { 12, 20, 196, 0, 15, 60, 2892 }, // U+01ED
    { 16, 27, 225, -1, 22, 108, 2952 }, // U+01EE
    { 12, 21, 205, 0, 16, 63, 3060 }, // U+01EF
    { 10, 21, 78, -2, 16, 53, 3123 }, // U+01F0
    { 29, 16, 445, 0, 16, 116, 3176 }, // U+01F1
    { 26, 16, 417, 0, 16, 104, 3292 }, // U+01F2
    { 22, 17, 351, 0, 16, 94, 3396 }, // U+01F3
    { 14, 21, 247, 1, 20, 74, 3490 }, // U+01F4
    { 12, 21, 201, 0, 16, 63, 3564 }, // U+01F5
    { 23, 17, 367, 0, 16, 98, 3627 }, // U+01F6
    { 14, 21, 209, -1, 16, 74, 3725 }, // U+01F7
    { 16, 20, 248, 0, 20, 80, 3799 }, // U+01F8
    { 12, 16, 194, 0, 16, 48, 3879 }, // U+01F9
    { 14, 24, 227, -1, 24, 84, 3927 }, // U+01FA
    { 12, 21, 201, 0, 20, 63, 4011 }, // U+01FB
    { 22, 20, 327, -1, 20, 110, 4074 }, // U+01FC
    { 18, 17, 299, 0, 16, 77, 4184 }, // U+01FD
    { 16, 21, 254, 0, 20, 84, 4261 }, // U+01FE
    { 14, 17, 196, -1, 16, 60, 4345 }, // U+01FF
    { 14, 20, 227, -1, 20, 70, 4405 }, // U+0200
    { 12, 17, 201, 0, 16, 51, 4475 }, // U+0201
    { 14, 20, 227, -1, 20, 70, 4526 }, // U+0202
    { 12, 17, 201, 0, 16, 51, 4596 }, // U+0203
    { 13, 20, 199, 0, 20, 65, 4647 }, // U+0204
    { 11, 17, 188, 0, 16, 47, 4712 }, // U+0205
    { 13, 20, 199, 0, 20, 65, 4759 }, // U+0206
    { 11, 17, 188, 0, 16, 47, 4824 }, // U+0207
    { 7, 20, 87, 0, 20, 35, 4871 }, // U+0208
    { 7, 16, 78, -1, 16, 28, 4906 }, // U+0209
    { 8, 20, 87, 0, 20, 40, 4934 }, // U+020A
    { 7, 16, 78, 0, 16, 28, 4974 }, // U+020B
    { 15, 21, 254, 1, 20, 79, 5002 }, // U+020C
    { 12, 17, 196, 0, 16, 51, 5081 }, // U+020D
    { 15, 21, 254, 1, 20, 79, 5132 }, // U+020E
    { 12, 17, 196, 0, 16, 51, 5211 }, // U+020F
    { 14, 20, 214, 0, 20, 70, 5262 }, // U+0210
    { 9, 16, 122, 0, 16, 36, 5332 }, // U+0211
    { 14, 20, 214, 0, 20, 70, 5368 }, // U+0212
    { 9, 16, 122, 0, 16, 36, 5438 }, // U+0213
    { 15, 21, 245, 1, 20, 79, 5474 }, // U+0214
    { 11, 17, 194, 1, 16, 47, 5553 }, // U+0215
    { 15, 21, 245, 1, 20, 79, 5600 }, // U+0216
    { 11, 17, 194, 1, 16, 47, 5679 }, // U+0217
    { 13, 22, 212, 0, 16, 72, 5726 }, // U+0218
    { 10, 18, 172, 0, 12, 45, 5798 }, // U+0219
    { 12, 22, 213, 2, 16, 66, 5843 }, // U+021A
    { 7, 20, 108, 0, 14, 35, 5909 }, // U+021B
    { 13, 21, 209, 0, 16, 69, 5944 }, // U+021C
    { 11, 17, 178, 0, 12, 47, 6013 }, // U+021D
    { 16, 20, 245, 0, 20, 80, 6060 }, // U+021E
    { 12, 20, 194, 0, 20, 60, 6140 }, // U+021F
    { 3, 4, 0, 3, 16, 3, 0 }, // U+0300
    { 5, 4, 0, 1, 16, 5, 3 }, // U+0301
    { 7, 4, 0, 2, 16, 7, 8 }, // U+0302
    { 7, 3, 0, 3, 16, 6, 15 }, // U+0303
    { 7, 2, 0, 3, 15, 4, 21 }, // U+0304
    { 7, 4, 0, 2, 16, 7, 25 }, // U+0306
    { 4, 3, 0, 2, 16, 3, 32 }, // U+0307
    { 7, 3, 0, 4, 16, 6, 35 }, // U+0308
    { 4, 4, 0, 2, 16, 4, 41 }, // U+0309
    { 7, 7, 0, 1, 18, 13, 45 }, // U+030A
    { 8, 4, 0, 2, 16, 8, 58 }, // U+030C
    { 7, 4, 0, 3, 16, 7, 66 }, // U+030F
    { 5, 7, 0, 3, 11, 9, 73 }, // U+0313
    { 5, 7, 0, 3, 11, 9, 82 }, // U+0315
    { 5, 5, 0, -4, 15, 7, 91 }, // U+031B
    { 4, 3, 78, -1, -1, 3, 98 }, // U+0323
    { 4, 5, 0, -10, -1, 5, 101 }, // U+0326
    { 5, 6, 0, -1, 1, 8, 106 }, // U+0327
    { 5, 6, 0, -1, 1, 8, 114 }, // U+0328
    { 8, 4, 0, -1, -1, 8, 122 }, // U+032C
    { 12, 15, 0, -12, 13, 45, 130 }, // U+0337
    { 15, 17, 0, -13, 16, 64, 175 }, // U+0338
    { 7, 3, 0, -8, 16, 6, 239 }, // U+0342
    { 5, 5, 0, 0, 13, 7, 245 }, // U+0343
    { 9, 5, 0, -9, 17, 12, 252 }, // U+0346
    { 8, 5, 0, -12, -3, 10, 264 }, // U+0347
    { 6, 5, 0, -7, -1, 8, 274 }, // U+0348
    { 6, 5, 0, -10, -1, 8, 282 }, // U+0349
    { 8, 5, 0, -9, 17, 10, 290 }, // U+034A
    { 8, 8, 0, -9, 19, 16, 300 }, // U+034B
    { 9, 5, 0, -9, 17, 12, 316 }, // U+034C
    { 9, 5, 0, -12, -1, 12, 328 }, // U+034D
    { 6, 6, 0, -11, 0, 9, 340 }, // U+034E
    { 0, 0, 0, 0, 0, 0, 349 }, // U+034F
    { 9, 8, 0, -9, 21, 18, 349 }, // U+0350
    { 4, 5, 0, -6, 16, 5, 367 }, // U+0351
    { 7, 7, 0, -8, 18, 13, 372 }, // U+0352
    { 6, 6, 0, -10, 0, 9, 385 }, // U+0353
    { 7, 6, 0, -10, 0, 11, 394 }, // U+0354
    { 7, 6, 0, -10, 0, 11, 405 }, // U+0355
    { 12, 6, 0, -12, 0, 18, 416 }, // U+0356
    { 4, 7, 0, 1, 18, 7, 434 }, // U+0357
    { 4, 3, 0, 2, 16, 3, 441 }, // U+0358
    { 5, 6, 0, -10, 0, 8, 444 }, // U+0359
    { 9, 5, 0, -12, 0, 12, 452 }, // U+035A
    { 5, 5, 0, -7, 17, 7, 464 }, // U+035B
    { 15, 4, 0, -6, 0, 15, 471 }, // U+035C
    { 15, 4, 0, -6, 16, 15, 486 }, // U+035D
    { 13, 3, 0, -11, 16, 10, 501 }, // U+035E
    { 13, 3, 0, -14, -1, 10, 511 }, // U+035F
    { 21, 4, 0, -9, 16, 21, 521 }, // U+0360
    { 16, 4, 0, -7, 16, 16, 542 }, // U+0361
    { 17, 5, 0, -9, -1, 22, 558 }, // U+0362
    { 7, 6, 0, -8, 18, 11, 580 }, // U+0363
    { 6, 6, 0, -7, 18, 9, 591 }, // U+0364
    { 4, 8, 0, -6, 20, 8, 600 }, // U+0365
    { 7, 6, 0, -8, 18, 11, 608 }, // U+0366
    { 6, 6, 0, -7, 18, 9, 619 }, // U+0367
    { 7, 6, 0, -8, 18, 11, 628 }, // U+0368
    { 8, 9, 0, -8, 21, 18, 639 }, // U+0369
    { 7, 9, 0, -8, 21, 16, 657 }, // U+036A
    { 10, 6, 0, -9, 18, 15, 673 }, // U+036B
    { 5, 6, 0, -7, 18, 8, 688 }, // U+036C
    { 4, 8, 0, 2, 20, 8, 696 }, // U+036D
    { 6, 6, 0, -7, 18, 9, 704 }, // U+036E
    { 7, 6, 0, -7, 18, 11, 713 }, // U+036F
    { 0, 0, 182, 0, 0, 0, 0 }, // U+2000
    { 0, 0, 364, 0, 0, 0, 0 }, // U+2001
    { 0, 0, 167, 0, 0, 0, 0 }, // U+2002
    { 0, 0, 333, 0, 0, 0, 0 }, // U+2003
    { 0, 0, 111, 0, 0, 0, 0 }, // U+2004
    { 0, 0, 83, 0, 0, 0, 0 }, // U+2005
    { 0, 0, 55, 0, 0, 0, 0 }, // U+2006
    { 0, 0, 216, 0, 0, 0, 0 }, // U+2007
    { 0, 0, 91, 0, 0, 0, 0 }, // U+2008
    { 0, 0, 58, 0, 0, 0, 0 }, // U+2009
    { 0, 0, 28, 0, 0, 0, 0 }, // U+200A
    { 0, 0, 0, 0, 0, 0, 0 }, // U+200B
    { 8, 3, 117, 0, 8, 6, 0 }, // U+2010
    { 8, 3, 117, 0, 8, 6, 6 }, // U+2011
    { 12, 3, 216, 1, 8, 9, 12 }, // U+2012
    { 11, 3, 167, 0, 8, 9, 21 }, // U+2013
    { 22, 3, 334, 0, 8, 17, 30 }, // U+2014
    { 22, 3, 334, 0, 8, 17, 47 }, // U+2015
    { 10, 26, 157, 0, 21, 65, 64 }, // U+2016
    { 11, 5, 149, -2, 0, 14, 129 }, // U+2017
    { 4, 7, 93, 2, 16, 7, 143 }, // U+2018
    { 4, 7, 93, 2, 16, 7, 150 }, // U+2019
    { 5, 7, 93, -1, 3, 9, 157 }, // U+201A
    { 3, 7, 93, 3, 16, 6, 166 }, // U+201B
    { 8, 7, 151, 2, 16, 14, 172 }, // U+201C
    { 8, 7, 151, 2, 16, 14, 186 }, // U+201D
    { 9, 7, 151, -1, 3, 16, 200 }, // U+201E
    { 6, 7, 151, 3, 16, 11, 216 }, // U+201F
    { 10, 13, 160, 1, 16, 33, 227 }, // U+2020
    { 10, 16, 161, 1, 16, 40, 260 }, // U+2021
    { 8, 8, 183, 2, 10, 16, 300 }, // U+2022
    { 7, 8, 183, 2, 10, 14, 316 }, // U+2023
    { 4, 4, 91, 0, 3, 4, 330 }, // U+2024
    { 10, 4, 182, 0, 3, 10, 334 }, // U+2025
    { 15, 4, 272, 0, 3, 15, 344 }, // U+2026
    { 4, 4, 91, 1, 9, 4, 359 }, // U+2027
    { 0, 0, 58, 0, 0, 0, 363 }, // U+202F
    { 23, 17, 433, 2, 16, 98, 363 }, // U+2030
    { 31, 17, 550, 2, 16, 132, 461 }, // U+2031
    { 5, 7, 72, 1, 16, 9, 593 }, // U+2032
    { 9, 7, 143, 1, 16, 16, 602 }, // U+2033
    { 13, 7, 214, 1, 16, 23, 618 }, // U+2034
    { 3, 7, 72, 2, 16, 6, 641 }, // U+2035
    { 7, 7, 143, 2, 16, 13, 647 }, // U+2036
    { 12, 7, 214, 2, 16, 21, 660 }, // U+2037
    { 8, 6, 149, -1, 0, 12, 681 }, // U+2038
    { 7, 10, 124, 1, 11, 18, 693 }, // U+2039
    { 7, 10, 124, 0, 11, 18, 711 }, // U+203A
    { 12, 12, 210, 1, 13, 36, 729 }, // U+203B
    { 12, 17, 182, 0, 16, 51, 765 }, // U+203C
    { 10, 17, 168, 1, 16, 43, 816 }, // U+203D
    { 11, 2, 178, -1, 18, 6, 859 }, // U+203E
    { 16, 4, 270, -1, -1, 16, 865 }, // U+203F
    { 17, 4, 270, 1, 16, 17, 881 }, // U+2040
    { 10, 12, 148, -1, 6, 30, 898 }, // U+2041
    { 14, 13, 239, 0, 14, 46, 928 }, // U+2042
    { 7, 2, 183, 2, 7, 4, 974 }, // U+2043
    { 16, 16, 59, -6, 16, 64, 978 }, // U+2044
    { 8, 20, 117, 0, 17, 40, 1042 }, // U+2045
    { 8, 20, 117, -1, 17, 40, 1082 }, // U+2046
    { 21, 17, 343, 1, 16, 90, 1122 }, // U+2047
    { 16, 17, 262, 1, 16, 68, 1212 }, // U+2048
    { 17, 17, 262, 0, 16, 73, 1280 }, // U+2049
    { 9, 17, 168, 1, 12, 39, 1353 }, // U+204A
    { 13, 16, 198, 0, 16, 52, 1392 }, // U+204B
    { 11, 10, 195, 1, 11, 28, 1444 }, // U+204C
    { 12, 10, 195, 0, 11, 30, 1472 }, // U+204D
    { 9, 10, 165, 0, 8, 23, 1502 }, // U+204E
    { 4, 15, 94, 1, 11, 15, 1525 }, // U+204F
    { 19, 21, 268, -1, 16, 100, 1540 }, // U+2050
    { 10, 20, 178, 2, 16, 50, 1640 }, // U+2051
    { 16, 16, 238, 0, 16, 64, 1690 }, // U+2052
    { 13, 5, 239, 1, 10, 17, 1754 }, // U+2053
    { 16, 4, 270, -1, -1, 16, 1771 }, // U+2054
    { 10, 9, 180, 1, 10, 23, 1787 }, // U+2055
    { 18, 7, 285, 1, 16, 32, 1810 }, // U+2057
    { 0, 0, 91, 0, 0, 0, 1842 }, // U+205F
    { 10, 10, 150, 1, 18, 25, 0 }, // U+2070
    { 4, 9, 64, 1, 18, 9, 25 }, // U+2071
    { 9, 9, 150, 1, 18, 21, 34 }, // U+2074
    { 8, 10, 143, 2, 18, 20, 55 }, // U+2075
    { 9, 10, 144, 1, 18, 23, 75 }, // U+2076
    { 8, 9, 132, 2, 18, 18, 98 }, // U+2077
    { 9, 10, 146, 1, 18, 23, 116 }, // U+2078
    { 9, 10, 144, 1, 18, 23, 139 }, // U+2079
    { 7, 6, 142, 2, 16, 11, 162 }, // U+207A
    { 7, 2, 142, 2, 14, 4, 173 }, // U+207B
    { 7, 5, 142, 2, 15, 9, 177 }, // U+207C
    { 5, 11, 86, 2, 18, 14, 186 }, // U+207D
    { 5, 11, 86, 1, 18, 14, 200 }, // U+207E
    { 8, 7, 141, 1, 16, 14, 214 }, // U+207F
    { 10, 10, 150, -1, 6, 25, 228 }, // U+2080
    { 5, 9, 98, 0, 6, 12, 253 }, // U+2081
    { 9, 9, 143, -1, 6, 21, 265 }, // U+2082
    { 9, 10, 145, -1, 6, 23, 286 }, // U+2083
    { 9, 9, 150, -1, 6, 21, 309 }, // U+2084
    { 9, 10, 143, -1, 6, 23, 330 }, // U+2085
    { 9, 10, 144, -1, 6, 23, 353 }, // U+2086
    { 8, 9, 132, 0, 6, 18, 376 }, // U+2087
    { 9, 10, 146, -1, 6, 23, 394 }, // U+2088
    { 9, 10, 144, -1, 6, 23, 417 }, // U+2089
    { 7, 6, 142, 0, 4, 11, 440 }, // U+208A
    { 7, 2, 142, 0, 2, 4, 451 }, // U+208B
    { 7, 5, 142, 0, 3, 9, 455 }, // U+208C
    { 5, 11, 86, 0, 6, 14, 464 }, // U+208D
    { 5, 11, 86, -1, 6, 14, 478 }, // U+208E
    { 9, 8, 142, -1, 4, 18, 492 }, // U+2090
    { 8, 8, 133, -1, 4, 16, 510 }, // U+2091
    { 8, 8, 138, -1, 4, 16, 526 }, // U+2092
    { 9, 7, 130, -1, 4, 16, 542 }, // U+2093
    { 9, 9, 148, -1, 4, 21, 558 }, // U+2094
    { 8, 9, 141, -1, 6, 18, 579 }, // U+2095
    { 9, 9, 129, -1, 6, 21, 597 }, // U+2096
    { 4, 9, 64, -1, 6, 9, 618 }, // U+2097
    { 12, 7, 203, -1, 4, 21, 627 }, // U+2098
    { 8, 7, 141, -1, 4, 14, 648 }, // U+2099
    { 9, 10, 142, -1, 4, 23, 662 }, // U+209A
    { 8, 8, 126, -1, 4, 16, 685 }, // U+209B
    { 6, 9, 82, -1, 5, 14, 701 }, // U+209C
    { 14, 17, 240, 1, 16, 60, 0 }, // U+20A0
    { 14, 20, 243, 1, 18, 70, 60 }, // U+20A1
    { 14, 17, 240, 1, 16, 60, 130 }, // U+20A2
    { 14, 16, 200, -1, 16, 56, 190 }, // U+20A3
    { 13, 16, 201, 0, 16, 52, 246 }, // U+20A4
    { 17, 16, 283, 0, 14, 68, 298 }, // U+20A5
    { 17, 16, 254, 0, 16, 68, 366 }, // U+20A6
    { 23, 17, 374, 0, 16, 98, 434 }, // U+20A7
    { 23, 17, 369, 0, 16, 98, 532 }, // U+20A8
    { 21, 16, 315, 0, 16, 84, 630 }, // U+20A9
    { 16, 12, 269, 0, 12, 48, 714 }, // U+20AA
    { 15, 20, 201, -1, 16, 75, 762 }, // U+20AB
    { 14, 17, 220, 0, 16, 60, 837 }, // U+20AC
    { 16, 16, 236, 0, 16, 64, 897 }, // U+20AD
    { 12, 16, 213, 2, 16, 48, 961 }, // U+20AE
    { 28, 23, 458, 0, 18, 161, 1009 }, // U+20AF
    { 15, 16, 220, 0, 16, 60, 1170 }, // U+20B1
    { 14, 21, 247, 1, 18, 74, 1230 }, // U+20B2
    { 15, 16, 227, -1, 16, 60, 1304 }, // U+20B3
    { 12, 17, 208, 1, 16, 51, 1364 }, // U+20B4
    { 14, 21, 243, 1, 18, 74, 1415 }, // U+20B5
    { 13, 16, 213, 1, 16, 52, 1489 }, // U+20B8
    { 13, 16, 178, 0, 16, 52, 1541 }, // U+20B9
    { 12, 17, 195, 0, 16, 51, 1593 }, // U+20BA
    { 14, 12, 240, 0, 12, 42, 1644 }, // U+20BC
    { 15, 16, 231, 0, 16, 60, 1686 }, // U+20BD
    { 15, 16, 239, 0, 16, 60, 1746 }, // U+20BE
    { 13, 20, 217, 0, 18, 65, 1806 }, // U+20BF
    { 16, 14, 316, 2, 14, 56, 0 }, // U+2190
    { 14, 16, 276, 2, 16, 56, 56 }, // U+2191
    { 16, 14, 316, 2, 14, 56, 112 }, // U+2192
    { 14, 17, 276, 2, 16, 60, 168 }, // U+2193
    { 24, 14, 445, 2, 14, 84, 228 }, // U+2194
    { 16, 25, 276, 1, 19, 100, 312 }, // U+2195
    { 12, 13, 255, 1, 12, 39, 412 }, // U+2196
    { 14, 13, 255, 1, 12, 46, 451 }, // U+2197
    { 13, 12, 255, 2, 12, 39, 497 }, // U+2198
    { 14, 12, 255, 1, 12, 42, 536 }, // U+2199
    { 21, 16, 379, 2, 16, 84, 578 }, // U+21A9
    { 20, 16, 379, 2, 16, 80, 662 }, // U+21AA
    { 18, 16, 327, 2, 16, 72, 742 }, // U+21B0
    { 19, 16, 327, 1, 16, 76, 814 }, // U+21B1
    { 17, 14, 327, 2, 16, 60, 890 }, // U+21B3
    { 12, 17, 275, 3, 16, 51, 950 }, // U+21B4
    { 18, 14, 327, 2, 16, 63, 1001 }, // U+21B5
    { 17, 19, 316, 2, 19, 81, 1064 }, // U+21BA
    { 16, 19, 316, 2, 19, 76, 1145 }, // U+21BB
    { 16, 15, 316, 2, 14, 60, 1221 }, // U+21D0
    { 16, 15, 316, 2, 14, 60, 1281 }, // U+21D2
    { 24, 15, 445, 2, 14, 90, 1341 }, // U+21D4
    { 10, 16, 200, 2, 16, 40, 1431 }, // U+21DE
    { 10, 17, 200, 1, 16, 43, 1471 }, // U+21DF
    { 19, 9, 336, 1, 12, 43, 1514 }, // U+21E4
    { 19, 9, 336, 2, 12, 43, 1557 }, // U+21E5
    { 18, 17, 341, 2, 17, 77, 1600 }, // U+21E7
    { 18, 21, 341, 2, 17, 95, 1677 }, // U+21EA
    { 12, 17, 209, 1, 16, 51, 0 }, // U+2202
    { 15, 13, 226, 0, 12, 49, 51 }, // U+2205
    { 14, 16, 224, -1, 16, 56, 100 }, // U+2206
    { 15, 19, 239, 0, 16, 72, 156 }, // U+220F
    { 15, 19, 209, -1, 16, 72, 228 }, // U+2211
    { 11, 2, 218, 1, 7, 6, 300 }, // U+2212
    { 14, 16, 208, 0, 16, 56, 306 }, // U+221A
    { 19, 9, 309, 0, 11, 43, 362 }, // U+221E
    { 12, 22, 120, -3, 17, 66, 405 }, // U+222B
    { 5, 12, 91, 1, 13, 15, 471 }, // U+2236
    { 12, 10, 218, 1, 11, 30, 486 }, // U+2248
    { 11, 12, 218, 1, 12, 33, 516 }, // U+2260
    { 12, 12, 218, 1, 12, 36, 549 }, // U+2264
    { 12, 12, 218, 1, 12, 36, 585 }, // U+2265
    { 30, 29, 463, 0, 22, 218, 621 }, // U+2295
    { 30, 29, 463, 0, 22, 218, 839 }, // U+2296
    { 30, 29, 463, 0, 22, 218, 1057 }, // U+2297
    { 30, 29, 463, 0, 22, 218, 1275 }, // U+2298
};

static const EpdUnicodeInterval inter_10_italicIntervals[] = {
    { 0x0, 0x0, 0x0 },
    { 0x20, 0x7E, 0x1 },
    { 0xA0, 0xAC, 0x60 },
    { 0xAE, 0xFF, 0x6D },
    { 0x100, 0x148, 0xBF },
    { 0x14A, 0x17F, 0x108 },
    { 0x1C5, 0x21F, 0x13E },
    { 0x300, 0x304, 0x199 },
    { 0x306, 0x30A, 0x19E },
    { 0x30C, 0x30C, 0x1A3 },
    { 0x30F, 0x30F, 0x1A4 },
    { 0x313, 0x313, 0x1A5 },
    { 0x315, 0x315, 0x1A6 },
    { 0x31B, 0x31B, 0x1A7 },
    { 0x323, 0x323, 0x1A8 },
    { 0x326, 0x328, 0x1A9 },
    { 0x32C, 0x32C, 0x1AC },
    { 0x337, 0x338, 0x1AD },
    { 0x342, 0x343, 0x1AF },
    { 0x346, 0x36F, 0x1B1 },
    { 0x2000, 0x200B, 0x1DB },
    { 0x2010, 0x2027, 0x1E7 },
    { 0x202F, 0x2055, 0x1FF },
    { 0x2057, 0x2057, 0x226 },
    { 0x205F, 0x205F, 0x227 },
    { 0x2070, 0x2071, 0x228 },
    { 0x2074, 0x208E, 0x22A },
    { 0x2090, 0x209C, 0x245 },
    { 0x20A0, 0x20AF, 0x252 },
    { 0x20B1, 0x20B5, 0x262 },
    { 0x20B8, 0x20BA, 0x267 },
    { 0x20BC, 0x20BF, 0x26A },
    { 0x2190, 0x2199, 0x26E },
    { 0x21A9, 0x21AA, 0x278 },
    { 0x21B0, 0x21B1, 0x27A },
    { 0x21B3, 0x21B5, 0x27C },
    { 0x21BA, 0x21BB, 0x27F },
    { 0x21D0, 0x21D0, 0x281 },
    { 0x21D2, 0x21D2, 0x282 },
    { 0x21D4, 0x21D4, 0x283 },
    { 0x21DE, 0x21DF, 0x284 },
    { 0x21E4, 0x21E5, 0x286 },
    { 0x21E7, 0x21E7, 0x288 },
    { 0x21EA, 0x21EA, 0x289 },
    { 0x2202, 0x2202, 0x28A },
    { 0x2205, 0x2206, 0x28B },
    { 0x220F, 0x220F, 0x28D },
    { 0x2211, 0x2212, 0x28E },
    { 0x221A, 0x221A, 0x290 },
    { 0x221E, 0x221E, 0x291 },
    { 0x222B, 0x222B, 0x292 },
    { 0x2236, 0x2236, 0x293 },
    { 0x2248, 0x2248, 0x294 },
    { 0x2260, 0x2260, 0x295 },
    { 0x2264, 0x2265, 0x296 },
    { 0x2295, 0x2298, 0x298 },
};

static const EpdFontGroup inter_10_italicGroups[] = {
    { 0, 2468, 4582, 96, 0 },
    { 2468, 2166, 5169, 95, 96 },
    { 4634, 2486, 8011, 127, 191 },
    { 7120, 2474, 6721, 91, 318 },
    { 9594, 598, 832, 66, 409 },
    { 10192, 1212, 2025, 77, 475 },
    { 11404, 522, 875, 42, 552 },
    { 11926, 1330, 2055, 28, 594 },
    { 13256, 992, 1902, 28, 622 },
    { 14248, 687, 1590, 18, 650 },
};

static const EpdKernClassEntry inter_10_italicKernLeftClasses[] = {
    { 0x0022, 1 }, // "
    { 0x0024, 2 }, // $
    { 0x0025, 3 }, // %
    { 0x0026, 4 }, // &
    { 0x0027, 1 }, // '
    { 0x0028, 5 }, // (
    { 0x0029, 6 }, // )
    { 0x002A, 7 }, // *
    { 0x002B, 8 }, // +
    { 0x002C, 9 }, // ,
    { 0x002D, 8 }, // -
    { 0x002E, 9 }, // .
    { 0x002F, 10 }, // /
    { 0x0030, 11 }, // 0
    { 0x0031, 12 }, // 1
    { 0x0032, 13 }, // 2
    { 0x0033, 14 }, // 3
    { 0x0034, 15 }, // 4
    { 0x0035, 16 }, // 5
    { 0x0036, 17 }, // 6
    { 0x0037, 18 }, // 7
    { 0x0038, 14 }, // 8
    { 0x0039, 11 }, // 9
    { 0x003A, 19 }, // :
    { 0x003B, 19 }, // ;
    { 0x003D, 20 }, // =
    { 0x003E, 21 }, // >
    { 0x003F, 22 }, // ?
    { 0x0040, 23 }, // @
    { 0x0041, 24 }, // A
    { 0x0042, 25 }, // B
    { 0x0043, 26 }, // C
    { 0x0044, 23 }, // D
    { 0x0045, 27 }, // E
    { 0x0046, 28 }, // F
    { 0x0047, 29 }, // G
    { 0x0048, 12 }, // H
    { 0x0049, 12 }, // I
    { 0x004A, 30 }, // J
    { 0x004B, 31 }, // K
    { 0x004C, 32 }, // L
    { 0x004D, 12 }, // M
    { 0x004E, 12 }, // N
    { 0x004F, 23 }, // O
    { 0x0050, 33 }, // P
    { 0x0051, 23 }, // Q
    { 0x0052, 34 }, // R
    { 0x0053, 2 }, // S
    { 0x0054, 35 }, // T
    { 0x0055, 30 }, // U
    { 0x0056, 36 }, // V
    { 0x0057, 37 }, // W
    { 0x0058, 38 }, // X
    { 0x0059, 39 }, // Y
    { 0x005A, 40 }, // Z
    { 0x005B, 41 }, // [
    { 0x005C, 42 }, // <backslash>
    { 0x005D, 6 }, // ]
    { 0x005E, 7 }, // ^
    { 0x005F, 43 }, // _
    { 0x0061, 44 }, // a
    { 0x0062, 45 }, // b
    { 0x0063, 45 }, // c
    { 0x0064, 12 }, // d
    { 0x0065, 45 }, // e
    { 0x0066, 46 }, // f
    { 0x0067, 47 }, // g
    { 0x0068, 44 }, // h
    { 0x0069, 48 }, // i
    { 0x006A, 48 }, // j
    { 0x006B, 49 }, // k
    { 0x006C, 12 }, // l
    { 0x006D, 44 }, // m
    { 0x006E, 44 }, // n
    { 0x006F, 45 }, // o
    { 0x0070, 45 }, // p
    { 0x0071, 47 }, // q
    { 0x0072, 50 }, // r
    { 0x0073, 51 }, // s
    { 0x0074, 52 }, // t
    { 0x0075, 53 }, // u
    { 0x0076, 54 }, // v
    { 0x0077, 55 }, // w
    { 0x0078, 56 }, // x
    { 0x0079, 54 }, // y
    { 0x007A, 57 }, // z
    { 0x007B, 5 }, // {
    { 0x007C, 12 }, // |
    { 0x007D, 6 }, // }
    { 0x007E, 58 }, // ~
    { 0x00A1, 59 }, // U+00A1
    { 0x00A2, 45 }, // U+00A2
    { 0x00A5, 60 }, // U+00A5
    { 0x00A9, 23 }, // U+00A9
    { 0x00AA, 61 }, // U+00AA
    { 0x00AB, 62 }, // U+00AB
    { 0x00AC, 47 }, // U+00AC
    { 0x00AE, 63 }, // U+00AE
    { 0x00B0, 7 }, // U+00B0
    { 0x00B1, 20 }, // U+00B1
    { 0x00B2, 64 }, // U+00B2
    { 0x00B5, 65 }, // U+00B5
    { 0x00B6, 12 }, // U+00B6
    { 0x00B7, 66 }, // U+00B7
    { 0x00BA, 61 }, // U+00BA
    { 0x00BB, 67 }, // U+00BB
    { 0x00BF, 68 }, // U+00BF
    { 0x00C0, 24 }, // U+00C0
    { 0x00C1, 24 }, // U+00C1
    { 0x00C2, 24 }, // U+00C2
    { 0x00C3, 24 }, // U+00C3
    { 0x00C4, 24 }, // U+00C4
    { 0x00C5, 24 }, // U+00C5
    { 0x00C6, 27 }, // U+00C6
    { 0x00C7, 26 }, // U+00C7
    { 0x00C8, 27 }, // U+00C8
    { 0x00C9, 27 }, // U+00C9
    { 0x00CA, 27 }, // U+00CA
    { 0x00CB, 27 }, // U+00CB
    { 0x00CC, 12 }, // U+00CC
    { 0x00CD, 12 }, // U+00CD
    { 0x00CE, 69 }, // U+00CE
    { 0x00CF, 69 }, // U+00CF
    { 0x00D0, 23 }, // U+00D0
    { 0x00D1, 12 }, // U+00D1
    { 0x00D2, 23 }, // U+00D2
    { 0x00D3, 23 }, // U+00D3
    { 0x00D4, 23 }, // U+00D4
    { 0x00D5, 23 }, // U+00D5
    { 0x00D6, 23 }, // U+00D6
    { 0x00D7, 70 }, // U+00D7
    { 0x00D8, 23 }, // U+00D8
    { 0x00D9, 30 }, // U+00D9
    { 0x00DA, 30 }, // U+00DA
    { 0x00DB, 30 }, // U+00DB
    { 0x00DC, 30 }, // U+00DC
    { 0x00DD, 39 }, // U+00DD
    { 0x00DE, 71 }, // U+00DE
    { 0x00DF, 72 }, // U+00DF
    { 0x00E0, 44 }, // U+00E0
    { 0x00E1, 44 }, // U+00E1
    { 0x00E2, 44 }, // U+00E2
    { 0x00E3, 44 }, // U+00E3
    { 0x00E4, 44 }, // U+00E4
    { 0x00E5, 44 }, // U+00E5
    { 0x00E6, 73 }, // U+00E6
    { 0x00E7, 45 }, // U+00E7
    { 0x00E8, 45 }, // U+00E8
    { 0x00E9, 45 }, // U+00E9
    { 0x00EA, 45 }, // U+00EA
    { 0x00EB, 45 }, // U+00EB
    { 0x00EC, 48 }, // U+00EC
    { 0x00ED, 48 }, // U+00ED
    { 0x00EE, 74 }, // U+00EE
    { 0x00EF, 75 }, // U+00EF
    { 0x00F0, 45 }, // U+00F0
    { 0x00F1, 76 }, // U+00F1
    { 0x00F2, 45 }, // U+00F2
    { 0x00F3, 45 }, // U+00F3
    { 0x00F4, 45 }, // U+00F4
    { 0x00F5, 77 }, // U+00F5
    { 0x00F6, 77 }, // U+00F6
    { 0x00F7, 8 }, // U+00F7
    { 0x00F8, 45 }, // U+00F8
    { 0x00F9, 53 }, // U+00F9
    { 0x00FA, 53 }, // U+00FA
    { 0x00FB, 53 }, // U+00FB
    { 0x00FC, 53 }, // U+00FC
    { 0x00FD, 54 }, // U+00FD
    { 0x00FE, 45 }, // U+00FE
    { 0x00FF, 54 }, // U+00FF
    { 0x0100, 24 }, // U+0100
    { 0x0101, 78 }, // U+0101
    { 0x0102, 24 }, // U+0102
    { 0x0103, 44 }, // U+0103
    { 0x0104, 24 }, // U+0104
    { 0x0105, 44 }, // U+0105
    { 0x0106, 26 }, // U+0106
    { 0x0107, 45 }, // U+0107
    { 0x0108, 26 }, // U+0108
    { 0x0109, 45 }, // U+0109
    { 0x010A, 26 }, // U+010A
    { 0x010B, 45 }, // U+010B
    { 0x010C, 26 }, // U+010C
    { 0x010D, 45 }, // U+010D
    { 0x010E, 23 }, // U+010E
    { 0x010F, 79 }, // U+010F
    { 0x0111, 80 }, // U+0111
    { 0x0112, 27 }, // U+0112
    { 0x0113, 45 }, // U+0113
    { 0x0114, 27 }, // U+0114
    { 0x0115, 45 }, // U+0115
    { 0x0116, 27 }, // U+0116
    { 0x0117, 45 }, // U+0117
    { 0x0118, 27 }, // U+0118
    { 0x0119, 45 }, // U+0119
    { 0x011A, 27 }, // U+011A
    { 0x011B, 45 }, // U+011B
    { 0x011C, 29 }, // U+011C
    { 0x011D, 47 }, // U+011D
    { 0x011E, 29 }, // U+011E
    { 0x011F, 47 }, // U+011F
    { 0x0120, 29 }, // U+0120
    { 0x0121, 47 }, // U+0121
    { 0x0122, 29 }, // U+0122
    { 0x0123, 47 }, // U+0123
    { 0x0124, 12 }, // U+0124
    { 0x0125, 44 }, // U+0125
    { 0x0126, 12 }, // U+0126
    { 0x0127, 44 }, // U+0127
    { 0x0128, 69 }, // U+0128
    { 0x0129, 81 }, // U+0129
    { 0x012A, 69 }, // U+012A
    { 0x012B, 82 }, // U+012B
    { 0x012C, 69 }, // U+012C
    { 0x012D, 83 }, // U+012D
    { 0x012E, 12 }, // U+012E
    { 0x012F, 48 }, // U+012F
    { 0x0130, 12 }, // U+0130
    { 0x0131, 48 }, // U+0131
    { 0x0133, 48 }, // U+0133
    { 0x0134, 30 }, // U+0134
    { 0x0135, 84 }, // U+0135
    { 0x0136, 31 }, // U+0136
    { 0x0137, 49 }, // U+0137
    { 0x0138, 49 }, // U+0138
    { 0x0139, 85 }, // U+0139
    { 0x013A, 86 }, // U+013A
    { 0x013B, 32 }, // U+013B
    { 0x013C, 12 }, // U+013C
    { 0x013D, 87 }, // U+013D
    { 0x013E, 12 }, // U+013E
    { 0x013F, 88 }, // U+013F
    { 0x0140, 89 }, // U+0140
    { 0x0141, 90 }, // U+0141
    { 0x0142, 91 }, // U+0142
    { 0x0143, 12 }, // U+0143
    { 0x0144, 44 }, // U+0144
    { 0x0145, 12 }, // U+0145
    { 0x0146, 44 }, // U+0146
    { 0x0147, 12 }, // U+0147
    { 0x0148, 44 }, // U+0148
    { 0x014A, 12 }, // U+014A
    { 0x014C, 23 }, // U+014C
    { 0x014D, 45 }, // U+014D
    { 0x014E, 23 }, // U+014E
    { 0x014F, 45 }, // U+014F
    { 0x0150, 23 }, // U+0150
    { 0x0151, 45 }, // U+0151
    { 0x0152, 27 }, // U+0152
    { 0x0153, 45 }, // U+0153
    { 0x0154, 34 }, // U+0154
    { 0x0155, 50 }, // U+0155
    { 0x0156, 34 }, // U+0156
    { 0x0157, 50 }, // U+0157
    { 0x0158, 34 }, // U+0158
    { 0x0159, 50 }, // U+0159
    { 0x015A, 2 }, // U+015A
    { 0x015B, 51 }, // U+015B
    { 0x015C, 2 }, // U+015C
    { 0x015D, 51 }, // U+015D
    { 0x015E, 2 }, // U+015E
    { 0x015F, 51 }, // U+015F
    { 0x0160, 2 }, // U+0160
    { 0x0161, 51 }, // U+0161
    { 0x0162, 92 }, // U+0162
    { 0x0163, 52 }, // U+0163
    { 0x0164, 93 }, // U+0164
    { 0x0165, 52 }, // U+0165
    { 0x0166, 94 }, // U+0166
    { 0x0167, 52 }, // U+0167
    { 0x0168, 30 }, // U+0168
    { 0x0169, 53 }, // U+0169
    { 0x016A, 30 }, // U+016A
    { 0x016B, 53 }, // U+016B
    { 0x016C, 30 }, // U+016C
    { 0x016D, 53 }, // U+016D
    { 0x016E, 30 }, // U+016E
    { 0x016F, 53 }, // U+016F
    { 0x0170, 30 }, // U+0170
    { 0x0171, 53 }, // U+0171
    { 0x0172, 30 }, // U+0172
    { 0x0173, 53 }, // U+0173
    { 0x0174, 37 }, // U+0174
    { 0x0175, 55 }, // U+0175
    { 0x0176, 39 }, // U+0176
    { 0x0177, 54 }, // U+0177
    { 0x0178, 39 }, // U+0178
    { 0x0179, 40 }, // U+0179
    { 0x017A, 57 }, // U+017A
    { 0x017B, 40 }, // U+017B
    { 0x017C, 57 }, // U+017C
    { 0x017D, 40 }, // U+017D
    { 0x017E, 57 }, // U+017E
    { 0x017F, 95 }, // U+017F
    { 0x01C5, 96 }, // U+01C5
    { 0x01C6, 57 }, // U+01C6
    { 0x01C8, 48 }, // U+01C8
    { 0x01C9, 48 }, // U+01C9
    { 0x01CB, 48 }, // U+01CB
    { 0x01CC, 48 }, // U+01CC
    { 0x01CD, 24 }, // U+01CD
    { 0x01CE, 44 }, // U+01CE
    { 0x01CF, 86 }, // U+01CF
    { 0x01D0, 97 }, // U+01D0
    { 0x01D1, 23 }, // U+01D1
    { 0x01D2, 45 }, // U+01D2
    { 0x01D3, 30 }, // U+01D3
    { 0x01D4, 53 }, // U+01D4
    { 0x01D5, 30 }, // U+01D5
    { 0x01D6, 53 }, // U+01D6
    { 0x01D7, 30 }, // U+01D7
    { 0x01D8, 53 }, // U+01D8
    { 0x01D9, 30 }, // U+01D9
    { 0x01DA, 53 }, // U+01DA
    { 0x01DB, 30 }, // U+01DB
    { 0x01DC, 53 }, // U+01DC
    { 0x01DD, 98 }, // U+01DD
    { 0x01DE, 24 }, // U+01DE
    { 0x01DF, 44 }, // U+01DF
    { 0x01E0, 24 }, // U+01E0
    { 0x01E1, 44 }, // U+01E1
    { 0x01E2, 27 }, // U+01E2
    { 0x01E3, 73 }, // U+01E3
    { 0x01E4, 29 }, // U+01E4
    { 0x01E5, 47 }, // U+01E5
    { 0x01E6, 29 }, // U+01E6
    { 0x01E7, 47 }, // U+01E7
    { 0x01E8, 31 }, // U+01E8
    { 0x01E9, 49 }, // U+01E9
    { 0x01EA, 23 }, // U+01EA
    { 0x01EB, 45 }, // U+01EB
    { 0x01EC, 23 }, // U+01EC
    { 0x01ED, 45 }, // U+01ED
    { 0x01F0, 48 }, // U+01F0
    { 0x01F1, 99 }, // U+01F1
    { 0x01F2, 57 }, // U+01F2
    { 0x01F3, 57 }, // U+01F3
    { 0x01F4, 29 }, // U+01F4
    { 0x01F5, 47 }, // U+01F5
    { 0x01F6, 100 }, // U+01F6
    { 0x01F8, 12 }, // U+01F8
    { 0x01F9, 44 }, // U+01F9
    { 0x01FA, 24 }, // U+01FA
    { 0x01FB, 44 }, // U+01FB
    { 0x01FC, 27 }, // U+01FC
    { 0x01FD, 73 }, // U+01FD
    { 0x01FE, 23 }, // U+01FE
    { 0x01FF, 45 }, // U+01FF
    { 0x0200, 24 }, // U+0200
    { 0x0201, 44 }, // U+0201
    { 0x0202, 24 }, // U+0202
    { 0x0203, 44 }, // U+0203
    { 0x0204, 27 }, // U+0204
    { 0x0205, 45 }, // U+0205
    { 0x0206, 27 }, // U+0206
    { 0x0207, 45 }, // U+0207
    { 0x0208, 101 }, // U+0208
    { 0x0209, 102 }, // U+0209
    { 0x020A, 69 }, // U+020A
    { 0x020B, 103 }, // U+020B
    { 0x020C, 23 }, // U+020C
    { 0x020D, 45 }, // U+020D
    { 0x020E, 23 }, // U+020E
    { 0x020F, 45 }, // U+020F
    { 0x0210, 34 }, // U+0210
    { 0x0211, 50 }, // U+0211
    { 0x0212, 34 }, // U+0212
    { 0x0213, 50 }, // U+0213
    { 0x0214, 30 }, // U+0214
    { 0x0215, 53 }, // U+0215
    { 0x0216, 30 }, // U+0216
    { 0x0217, 53 }, // U+0217
    { 0x0218, 2 }, // U+0218
    { 0x0219, 51 }, // U+0219
    { 0x021A, 35 }, // U+021A
    { 0x021B, 52 }, // U+021B
    { 0x021E, 12 }, // U+021E
    { 0x021F, 44 }, // U+021F
    { 0x2018, 104 }, // U+2018
    { 0x2019, 105 }, // U+2019
    { 0x201A, 106 }, // U+201A
    { 0x201C, 104 }, // U+201C
    { 0x201D, 105 }, // U+201D
    { 0x201E, 106 }, // U+201E
    { 0x2020, 61 }, // U+2020
    { 0x2021, 61 }, // U+2021
    { 0x2022, 107 }, // U+2022
    { 0x2023, 107 }, // U+2023
    { 0x2026, 108 }, // U+2026
    { 0x2034, 105 }, // U+2034
    { 0x2039, 62 }, // U+2039
    { 0x203A, 67 }, // U+203A
    { 0x203D, 22 }, // U+203D
    { 0x2043, 107 }, // U+2043
    { 0x204B, 33 }, // U+204B
    { 0x204C, 44 }, // U+204C
    { 0x204D, 107 }, // U+204D
    { 0x204F, 19 }, // U+204F
    { 0x2071, 109 }, // U+2071
    { 0x2074, 110 }, // U+2074
    { 0x2077, 111 }, // U+2077
    { 0x207A, 112 }, // U+207A
    { 0x207B, 112 }, // U+207B
    { 0x2080, 113 }, // U+2080
    { 0x2081, 113 }, // U+2081
    { 0x2082, 113 }, // U+2082
    { 0x2083, 113 }, // U+2083
    { 0x2084, 113 }, // U+2084
    { 0x2085, 114 }, // U+2085
    { 0x2086, 113 }, // U+2086
    { 0x2087, 115 }, // U+2087
    { 0x2088, 113 }, // U+2088
    { 0x2089, 113 }, // U+2089
    { 0x208A, 113 }, // U+208A
    { 0x208B, 113 }, // U+208B
    { 0x208C, 113 }, // U+208C
    { 0x208D, 113 }, // U+208D
    { 0x208E, 113 }, // U+208E
    { 0x2090, 113 }, // U+2090
    { 0x2091, 113 }, // U+2091
    { 0x2092, 113 }, // U+2092
    { 0x2093, 113 }, // U+2093
    { 0x2095, 113 }, // U+2095
    { 0x2096, 113 }, // U+2096
    { 0x2097, 113 }, // U+2097
    { 0x2098, 113 }, // U+2098
    { 0x2099, 113 }, // U+2099
    { 0x209A, 113 }, // U+209A
    { 0x209B, 113 }, // U+209B
    { 0x209C, 113 }, // U+209C
    { 0x20A1, 26 }, // U+20A1
    { 0x20A8, 51 }, // U+20A8
    { 0x20A9, 116 }, // U+20A9
    { 0x20AC, 117 }, // U+20AC
    { 0x20AF, 45 }, // U+20AF
    { 0x20B2, 29 }, // U+20B2
    { 0x20B5, 26 }, // U+20B5
    { 0x20BD, 118 }, // U+20BD
    { 0x20BF, 25 }, // U+20BF
    { 0x2190, 8 }, // U+2190
    { 0x21D0, 20 }, // U+21D0
    { 0x2206, 24 }, // U+2206
    { 0x2212, 8 }, // U+2212
    { 0x221E, 88 }, // U+221E
    { 0x2248, 20 }, // U+2248
    { 0x2260, 20 }, // U+2260
    { 0x2264, 20 }, // U+2264
    { 0x2265, 20 }, // U+2265
};

static const EpdKernClassEntry inter_10_italicKernRightClasses[] = {
    { 0x0022, 1 }, // "
    { 0x0023, 2 }, // #
    { 0x0024, 3 }, // $
    { 0x0025, 4 }, // %
    { 0x0026, 5 }, // &
    { 0x0027, 1 }, // '
    { 0x0029, 6 }, // )
    { 0x002A, 7 }, // *
    { 0x002B, 8 }, // +
    { 0x002C, 9 }, // ,
    { 0x002D, 10 }, // -
    { 0x002E, 11 }, // .
    { 0x002F, 12 }, // /
    { 0x0030, 13 }, // 0
    { 0x0031, 14 }, // 1
    { 0x0032, 15 }, // 2
    { 0x0033, 16 }, // 3
    { 0x0034, 17 }, // 4
    { 0x0035, 18 }, // 5
    { 0x0036, 13 }, // 6
    { 0x0037, 19 }, // 7
    { 0x0038, 20 }, // 8
    { 0x0039, 21 }, // 9
    { 0x003A, 22 }, // :
    { 0x003B, 22 }, // ;
    { 0x003C, 23 }, // <
    { 0x003D, 24 }, // =
    { 0x003F, 25 }, // ?
    { 0x0040, 26 }, // @
    { 0x0041, 27 }, // A
    { 0x0042, 28 }, // B
    { 0x0043, 29 }, // C
    { 0x0044, 28 }, // D
    { 0x0045, 28 }, // E
    { 0x0046, 28 }, // F
    { 0x0047, 29 }, // G
    { 0x0048, 28 }, // H
    { 0x0049, 28 }, // I
    { 0x004A, 30 }, // J
    { 0x004B, 28 }, // K
    { 0x004C, 28 }, // L
    { 0x004D, 28 }, // M
    { 0x004E, 28 }, // N
    { 0x004F, 29 }, // O
    { 0x0050, 28 }, // P
    { 0x0051, 29 }, // Q
    { 0x0052, 28 }, // R
    { 0x0053, 3 }, // S
    { 0x0054, 31 }, // T
    { 0x0055, 32 }, // U
    { 0x0056, 33 }, // V
    { 0x0057, 34 }, // W
    { 0x0058, 35 }, // X
    { 0x0059, 36 }, // Y
    { 0x005A, 37 }, // Z
    { 0x005C, 33 }, // <backslash>
    { 0x005D, 6 }, // ]
    { 0x005E, 38 }, // ^
    { 0x005F, 39 }, // _
    { 0x0061, 40 }, // a
    { 0x0062, 28 }, // b
    { 0x0063, 40 }, // c
    { 0x0064, 40 }, // d
    { 0x0065, 40 }, // e
    { 0x0066, 41 }, // f
    { 0x0067, 40 }, // g
    { 0x0068, 28 }, // h
    { 0x0069, 42 }, // i
    { 0x006A, 43 }, // j
    { 0x006B, 28 }, // k
    { 0x006C, 28 }, // l
    { 0x006D, 44 }, // m
    { 0x006E, 44 }, // n
    { 0x006F, 40 }, // o
    { 0x0070, 44 }, // p
    { 0x0071, 40 }, // q
    { 0x0072, 44 }, // r
    { 0x0073, 45 }, // s
    { 0x0074, 46 }, // t
    { 0x0075, 47 }, // u
    { 0x0076, 48 }, // v
    { 0x0077, 49 }, // w
    { 0x0078, 50 }, // x
    { 0x0079, 48 }, // y
    { 0x007A, 51 }, // z
    { 0x007C, 28 }, // |
    { 0x007D, 6 }, // }
    { 0x007E, 52 }, // ~
    { 0x00A2, 40 }, // U+00A2
    { 0x00A5, 53 }, // U+00A5
    { 0x00A9, 29 }, // U+00A9
    { 0x00AA, 54 }, // U+00AA
    { 0x00AB, 55 }, // U+00AB
    { 0x00AC, 56 }, // U+00AC
    { 0x00AE, 57 }, // U+00AE
    { 0x00B0, 58 }, // U+00B0
    { 0x00B1, 24 }, // U+00B1
    { 0x00B2, 59 }, // U+00B2
    { 0x00B5, 60 }, // U+00B5
    { 0x00B6, 61 }, // U+00B6
    { 0x00B7, 62 }, // U+00B7
    { 0x00B9, 63 }, // U+00B9
    { 0x00BA, 54 }, // U+00BA
    { 0x00BB, 64 }, // U+00BB
    { 0x00BF, 65 }, // U+00BF
    { 0x00C0, 27 }, // U+00C0
    { 0x00C1, 27 }, // U+00C1
    { 0x00C2, 27 }, // U+00C2
    { 0x00C3, 27 }, // U+00C3
    { 0x00C4, 27 }, // U+00C4
    { 0x00C5, 27 }, // U+00C5
    { 0x00C6, 27 }, // U+00C6
    { 0x00C7, 29 }, // U+00C7
    { 0x00C8, 28 }, // U+00C8
    { 0x00C9, 28 }, // U+00C9
    { 0x00CA, 28 }, // U+00CA
    { 0x00CB, 28 }, // U+00CB
    { 0x00CC, 28 }, // U+00CC
    { 0x00CD, 28 }, // U+00CD
    { 0x00CE, 66 }, // U+00CE
    { 0x00CF, 66 }, // U+00CF
    { 0x00D0, 67 }, // U+00D0
    { 0x00D1, 28 }, // U+00D1
    { 0x00D2, 29 }, // U+00D2
    { 0x00D3, 29 }, // U+00D3
    { 0x00D4, 29 }, // U+00D4
    { 0x00D5, 29 }, // U+00D5
    { 0x00D6, 29 }, // U+00D6
    { 0x00D7, 68 }, // U+00D7
    { 0x00D8, 29 }, // U+00D8
    { 0x00D9, 32 }, // U+00D9
    { 0x00DA, 32 }, // U+00DA
    { 0x00DB, 32 }, // U+00DB
    { 0x00DC, 32 }, // U+00DC
    { 0x00DD, 36 }, // U+00DD
    { 0x00DE, 28 }, // U+00DE
    { 0x00DF, 28 }, // U+00DF
    { 0x00E0, 69 }, // U+00E0
    { 0x00E1, 69 }, // U+00E1
    { 0x00E2, 69 }, // U+00E2
    { 0x00E3, 70 }, // U+00E3
    { 0x00E4, 71 }, // U+00E4
    { 0x00E5, 69 }, // U+00E5
    { 0x00E6, 69 }, // U+00E6
    { 0x00E7, 40 }, // U+00E7
    { 0x00E8, 40 }, // U+00E8
    { 0x00E9, 40 }, // U+00E9
    { 0x00EA, 40 }, // U+00EA
    { 0x00EB, 72 }, // U+00EB
    { 0x00EC, 73 }, // U+00EC
    { 0x00ED, 74 }, // U+00ED
    { 0x00EE, 75 }, // U+00EE
    { 0x00EF, 76 }, // U+00EF
    { 0x00F0, 40 }, // U+00F0
    { 0x00F1, 44 }, // U+00F1
    { 0x00F2, 40 }, // U+00F2
    { 0x00F3, 40 }, // U+00F3
    { 0x00F4, 40 }, // U+00F4
    { 0x00F5, 77 }, // U+00F5
    { 0x00F6, 72 }, // U+00F6
    { 0x00F7, 8 }, // U+00F7
    { 0x00F8, 40 }, // U+00F8
    { 0x00F9, 47 }, // U+00F9
    { 0x00FA, 47 }, // U+00FA
    { 0x00FB, 47 }, // U+00FB
    { 0x00FC, 78 }, // U+00FC
    { 0x00FD, 48 }, // U+00FD
    { 0x00FE, 28 }, // U+00FE
    { 0x00FF, 79 }, // U+00FF
    { 0x0100, 27 }, // U+0100
    { 0x0101, 80 }, // U+0101
    { 0x0102, 27 }, // U+0102
    { 0x0103, 69 }, // U+0103
    { 0x0104, 27 }, // U+0104
    { 0x0105, 69 }, // U+0105
    { 0x0106, 29 }, // U+0106
    { 0x0107, 40 }, // U+0107
    { 0x0108, 29 }, // U+0108
    { 0x0109, 40 }, // U+0109
    { 0x010A, 29 }, // U+010A
    { 0x010B, 40 }, // U+010B
    { 0x010C, 29 }, // U+010C
    { 0x010D, 40 }, // U+010D
    { 0x010E, 28 }, // U+010E
    { 0x010F, 40 }, // U+010F
    { 0x0110, 81 }, // U+0110
    { 0x0111, 40 }, // U+0111
    { 0x0112, 28 }, // U+0112
    { 0x0113, 40 }, // U+0113
    { 0x0114, 28 }, // U+0114
    { 0x0115, 40 }, // U+0115
    { 0x0116, 28 }, // U+0116
    { 0x0117, 40 }, // U+0117
    { 0x0118, 28 }, // U+0118
    { 0x0119, 40 }, // U+0119
    { 0x011A, 28 }, // U+011A
    { 0x011B, 40 }, // U+011B
    { 0x011C, 29 }, // U+011C
    { 0x011D, 40 }, // U+011D
    { 0x011E, 29 }, // U+011E
    { 0x011F, 40 }, // U+011F
    { 0x0120, 29 }, // U+0120
    { 0x0121, 40 }, // U+0121
    { 0x0122, 29 }, // U+0122
    { 0x0123, 40 }, // U+0123
    { 0x0124, 28 }, // U+0124
    { 0x0125, 28 }, // U+0125
    { 0x0126, 28 }, // U+0126
    { 0x0127, 82 }, // U+0127
    { 0x0128, 66 }, // U+0128
    { 0x0129, 83 }, // U+0129
    { 0x012A, 66 }, // U+012A
    { 0x012B, 84 }, // U+012B
    { 0x012C, 66 }, // U+012C
    { 0x012D, 76 }, // U+012D
    { 0x012E, 28 }, // U+012E
    { 0x012F, 42 }, // U+012F
    { 0x0130, 28 }, // U+0130
    { 0x0131, 42 }, // U+0131
    { 0x0133, 42 }, // U+0133
    { 0x0134, 30 }, // U+0134
    { 0x0135, 85 }, // U+0135
    { 0x0136, 28 }, // U+0136
    { 0x0137, 28 }, // U+0137
    { 0x0139, 28 }, // U+0139
    { 0x013A, 28 }, // U+013A
    { 0x013B, 28 }, // U+013B
    { 0x013C, 28 }, // U+013C
    { 0x013D, 28 }, // U+013D
    { 0x013E, 28 }, // U+013E
    { 0x0140, 28 }, // U+0140
    { 0x0141, 28 }, // U+0141
    { 0x0142, 28 }, // U+0142
    { 0x0143, 28 }, // U+0143
    { 0x0144, 44 }, // U+0144
    { 0x0145, 28 }, // U+0145
    { 0x0146, 44 }, // U+0146
    { 0x0147, 28 }, // U+0147
    { 0x0148, 44 }, // U+0148
    { 0x014A, 28 }, // U+014A
    { 0x014B, 44 }, // U+014B
    { 0x014C, 29 }, // U+014C
    { 0x014D, 86 }, // U+014D
    { 0x014E, 29 }, // U+014E
    { 0x014F, 40 }, // U+014F
    { 0x0150, 29 }, // U+0150
    { 0x0151, 40 }, // U+0151
    { 0x0152, 29 }, // U+0152
    { 0x0153, 40 }, // U+0153
    { 0x0154, 28 }, // U+0154
    { 0x0155, 44 }, // U+0155
    { 0x0156, 28 }, // U+0156
    { 0x0157, 44 }, // U+0157
    { 0x0158, 28 }, // U+0158
    { 0x0159, 44 }, // U+0159
    { 0x015A, 3 }, // U+015A
    { 0x015B, 45 }, // U+015B
    { 0x015C, 3 }, // U+015C
    { 0x015D, 45 }, // U+015D
    { 0x015E, 3 }, // U+015E
    { 0x015F, 45 }, // U+015F
    { 0x0160, 3 }, // U+0160
    { 0x0161, 45 }, // U+0161
    { 0x0162, 87 }, // U+0162
    { 0x0163, 46 }, // U+0163
    { 0x0164, 88 }, // U+0164
    { 0x0165, 46 }, // U+0165
    { 0x0166, 89 }, // U+0166
    { 0x0167, 46 }, // U+0167
    { 0x0168, 32 }, // U+0168
    { 0x0169, 90 }, // U+0169
    { 0x016A, 32 }, // U+016A
    { 0x016B, 47 }, // U+016B
    { 0x016C, 32 }, // U+016C
    { 0x016D, 47 }, // U+016D
    { 0x016E, 32 }, // U+016E
    { 0x016F, 47 }, // U+016F
    { 0x0170, 32 }, // U+0170
    { 0x0171, 47 }, // U+0171
    { 0x0172, 32 }, // U+0172
    { 0x0173, 47 }, // U+0173
    { 0x0174, 34 }, // U+0174
    { 0x0175, 49 }, // U+0175
    { 0x0176, 36 }, // U+0176
    { 0x0177, 48 }, // U+0177
    { 0x0178, 36 }, // U+0178
    { 0x0179, 37 }, // U+0179
    { 0x017A, 51 }, // U+017A
    { 0x017B, 37 }, // U+017B
    { 0x017C, 51 }, // U+017C
    { 0x017D, 37 }, // U+017D
    { 0x017E, 51 }, // U+017E
    { 0x017F, 28 }, // U+017F
    { 0x01C5, 91 }, // U+01C5
    { 0x01C6, 40 }, // U+01C6
    { 0x01C8, 28 }, // U+01C8
    { 0x01C9, 28 }, // U+01C9
    { 0x01CB, 28 }, // U+01CB
    { 0x01CC, 44 }, // U+01CC
    { 0x01CD, 27 }, // U+01CD
    { 0x01CE, 69 }, // U+01CE
    { 0x01CF, 28 }, // U+01CF
    { 0x01D0, 92 }, // U+01D0
    { 0x01D1, 29 }, // U+01D1
    { 0x01D2, 40 }, // U+01D2
    { 0x01D3, 32 }, // U+01D3
    { 0x01D4, 47 }, // U+01D4
    { 0x01D5, 32 }, // U+01D5
    { 0x01D6, 47 }, // U+01D6
    { 0x01D7, 32 }, // U+01D7
    { 0x01D8, 47 }, // U+01D8
    { 0x01D9, 32 }, // U+01D9
    { 0x01DA, 47 }, // U+01DA
    { 0x01DB, 32 }, // U+01DB
    { 0x01DC, 47 }, // U+01DC
    { 0x01DD, 86 }, // U+01DD
    { 0x01DE, 27 }, // U+01DE
    { 0x01DF, 69 }, // U+01DF
    { 0x01E0, 27 }, // U+01E0
    { 0x01E1, 69 }, // U+01E1
    { 0x01E2, 27 }, // U+01E2
    { 0x01E3, 69 }, // U+01E3
    { 0x01E4, 29 }, // U+01E4
    { 0x01E5, 40 }, // U+01E5
    { 0x01E6, 29 }, // U+01E6
    { 0x01E7, 40 }, // U+01E7
    { 0x01E8, 28 }, // U+01E8
    { 0x01E9, 28 }, // U+01E9
    { 0x01EA, 29 }, // U+01EA
    { 0x01EB, 40 }, // U+01EB
    { 0x01EC, 29 }, // U+01EC
    { 0x01ED, 40 }, // U+01ED
    { 0x01EF, 46 }, // U+01EF
    { 0x01F0, 43 }, // U+01F0
    { 0x01F2, 28 }, // U+01F2
    { 0x01F3, 86 }, // U+01F3
    { 0x01F4, 29 }, // U+01F4
    { 0x01F5, 40 }, // U+01F5
    { 0x01F6, 91 }, // U+01F6
    { 0x01F8, 28 }, // U+01F8
    { 0x01F9, 44 }, // U+01F9
    { 0x01FA, 27 }, // U+01FA
    { 0x01FB, 69 }, // U+01FB
    { 0x01FC, 27 }, // U+01FC
    { 0x01FD, 69 }, // U+01FD
    { 0x01FE, 29 }, // U+01FE
    { 0x01FF, 40 }, // U+01FF
    { 0x0200, 27 }, // U+0200
    { 0x0201, 69 }, // U+0201
    { 0x0202, 27 }, // U+0202
    { 0x0203, 69 }, // U+0203
    { 0x0204, 28 }, // U+0204
    { 0x0205, 40 }, // U+0205
    { 0x0206, 28 }, // U+0206
    { 0x0207, 40 }, // U+0207
    { 0x0208, 66 }, // U+0208
    { 0x0209, 93 }, // U+0209
    { 0x020A, 66 }, // U+020A
    { 0x020B, 94 }, // U+020B
    { 0x020C, 29 }, // U+020C
    { 0x020D, 40 }, // U+020D
    { 0x020E, 29 }, // U+020E
    { 0x020F, 40 }, // U+020F
    { 0x0210, 28 }, // U+0210
    { 0x0211, 44 }, // U+0211
    { 0x0212, 28 }, // U+0212
    { 0x0213, 44 }, // U+0213
    { 0x0214, 32 }, // U+0214
    { 0x0215, 47 }, // U+0215
    { 0x0216, 32 }, // U+0216
    { 0x0217, 47 }, // U+0217
    { 0x0218, 3 }, // U+0218
    { 0x0219, 45 }, // U+0219
    { 0x021A, 31 }, // U+021A
    { 0x021B, 46 }, // U+021B
    { 0x021E, 28 }, // U+021E
    { 0x021F, 28 }, // U+021F
    { 0x2018, 95 }, // U+2018
    { 0x2019, 96 }, // U+2019
    { 0x201A, 97 }, // U+201A
    { 0x201B, 98 }, // U+201B
    { 0x201C, 95 }, // U+201C
    { 0x201D, 96 }, // U+201D
    { 0x201E, 97 }, // U+201E
    { 0x201F, 99 }, // U+201F
    { 0x2020, 54 }, // U+2020
    { 0x2021, 54 }, // U+2021
    { 0x2022, 100 }, // U+2022
    { 0x2023, 100 }, // U+2023
    { 0x2026, 101 }, // U+2026
    { 0x2034, 102 }, // U+2034
    { 0x2039, 55 }, // U+2039
    { 0x203A, 64 }, // U+203A
    { 0x203D, 25 }, // U+203D
    { 0x2043, 100 }, // U+2043
    { 0x2044, 103 }, // U+2044
    { 0x204A, 46 }, // U+204A
    { 0x204B, 28 }, // U+204B
    { 0x204C, 100 }, // U+204C
    { 0x204D, 44 }, // U+204D
    { 0x204F, 22 }, // U+204F
    { 0x2074, 104 }, // U+2074
    { 0x2077, 105 }, // U+2077
    { 0x2079, 106 }, // U+2079
    { 0x207E, 107 }, // U+207E
    { 0x207F, 108 }, // U+207F
    { 0x2080, 109 }, // U+2080
    { 0x2081, 109 }, // U+2081
    { 0x2082, 109 }, // U+2082
    { 0x2083, 109 }, // U+2083
    { 0x2084, 110 }, // U+2084
    { 0x2086, 109 }, // U+2086
    { 0x2087, 111 }, // U+2087
    { 0x2088, 109 }, // U+2088
    { 0x2089, 109 }, // U+2089
    { 0x208A, 109 }, // U+208A
    { 0x208B, 109 }, // U+208B
    { 0x208C, 109 }, // U+208C
    { 0x208D, 109 }, // U+208D
    { 0x208E, 109 }, // U+208E
    { 0x2090, 109 }, // U+2090
    { 0x2091, 109 }, // U+2091
    { 0x2092, 109 }, // U+2092
    { 0x2093, 109 }, // U+2093
    { 0x2095, 109 }, // U+2095
    { 0x2096, 109 }, // U+2096
    { 0x2097, 109 }, // U+2097
    { 0x2098, 109 }, // U+2098
    { 0x2099, 109 }, // U+2099
    { 0x209A, 109 }, // U+209A
    { 0x209B, 109 }, // U+209B
    { 0x209C, 109 }, // U+209C
    { 0x20A1, 29 }, // U+20A1
    { 0x20A8, 28 }, // U+20A8
    { 0x20A9, 53 }, // U+20A9
    { 0x20AB, 40 }, // U+20AB
    { 0x20B2, 29 }, // U+20B2
    { 0x20B4, 112 }, // U+20B4
    { 0x20B5, 29 }, // U+20B5
    { 0x20B8, 113 }, // U+20B8
    { 0x20BF, 28 }, // U+20BF
    { 0x2192, 8 }, // U+2192
    { 0x21D2, 24 }, // U+21D2
    { 0x2206, 27 }, // U+2206
    { 0x2212, 8 }, // U+2212
    { 0x221E, 114 }, // U+221E
    { 0x222B, 43 }, // U+222B
    { 0x2236, 22 }, // U+2236
    { 0x2248, 24 }, // U+2248
    { 0x2260, 24 }, // U+2260
    { 0x2264, 24 }, // U+2264
    { 0x2265, 24 }, // U+2265
};

static const int8_t inter_10_italicKernMatrix[] = {
       0,    0,    0,    0,  -11,    0,    0,    0,  -27,    0,  -27,    0,    0,    0,    0,    0,  -21,    0,    0,    0,    0,    0,    0,    0,    0,    0,  -26,    0,    0,  -55,    0,    0,    0,    0,    0,    0,    0,    0,    0,   -7,    0,    0,    0,    0,   -3,    0,    0,    0,    0,    0,    0,    0,    0,    0,    0,    0,    0,    0,    0,    0,    0,    0,    0,    0,    0,    0,    0,    0,    0,    0,    0,   -7,    0,    0,    0,    0,   -7,    0,    0,    0,    0,    0,    0,    0,    0,   -7,    0,    0,    0,    0,    0,    0,    0,    0,    0,    0,    0,    0,    0,    0,  -27,    0,    0,    0,    0,    0,    0,    0,    0,    0,    0,    0,    0,    0,
       0,    0,    0,    0,    0,    0,    0,    0,    0,    0,    0,    0,    0,    0,    0,    0,    0,    0,    0,    0,    0,    0,    0,    0,    0,    0,    0,    0,    0,    0,   -2,    0,    0,    0,   -4,    0,    0,    0,    0,    0,    0,    0,    0,    0,    0,    0,    0,    0,    0,    0,    0,    0,    0,    0,    0,    0,    0,    0,    0,    0,    0,    0,    0,    0,    0,    0,    0,    0,    0,    0,    0,    0,    0,    0,    0,   15,    0,    0,    0,    0,    0,    0,   15,   15,    0,    0,   -2,   -2,   -2,    0,    0,    0,    0,   15,    0,    0,    0,    0,    0,    0,    0,    0,    0,    0,    0,    0,    0,    0,    0,  -21,    0,    0,    0,    0,
       0,    0,    0,    0,    0,    0,    0,    0,    0,    0,    0,    0,    0,    0,    0,    0,    0,    0,    0,    0,    0,    0,    0,    0,    0,    0,    0,    0,    0,    0,    0,    0,    0,    0,    0,    0,    0,    0,    0,    0,    0,    0,    0,    0,    0,    0,    0,    0,    0,    0,    0,    0,    0,    0,    0,    0,    0,    0,    0,    0,    0,    0,    0,    0,    0,    0,    0,    0,    0,    0,    0,    0,    0,    0,    0,    0,    0,    0,    0,    0,    0,    0,    0,    0,    0,    0,    0,    0,    0,    0,    0,    0,    0,    0,  -21,  -23,    0,    0,    0,    0,    0,  -23,    0,    0,    0,    0,    0,    0,    0,    0,    0,    0,    0,    0,
     -11,    0,    0,    0,    0,    0,    0,    0,    0,    0,    0,    0,    0,    0,    0,    0,    0,    0,    0,    0,    0,    0,    0,    0,    0,    0,    0,    0,    0,    0,  -19,    0,  -21,  -13,    0,  -25,    0,    0,    0,    0,    0,    0,    0,    0,    0,    0,    0,  -11,  -11,    0,    0,    0,    0,  -13,    0,    0,   -7,    0,    0,    0,    0,    0,    0,    0,    0,    0,    0,    0,    0,    0,    0,    0,    0,    0,    0,    0,    0,    0,  -11,    0,    0,    0,    0,    0,    0,    0,  -19,  -19,  -19,    0,    0,    0,    0,    0,  -30,    0,    0,    0,    0,    0,    0,    0,    0,    0,    0,    0,    0,    0,    0,    0,    0,    0,    0,    0,
       0,    0,    0,    0,    0,    0,    0,    0,    0,    0,    0,    0,    0,    0,    0,    0,    0,    0,    0,    0,    0,    0,    0,    0,    0,    0,    0,    0,    0,    0,    0,    0,    0,    0,    0,    0,    0,    0,    0,   -4,    0,    0,    9,    0,    0,    0,    0,    0,    0,    0,    0,    0,    0,    0,    0,    0,    0,    0,    0,    0,    0,    0,    0,    0,    0,    0,    0,    0,    0,    0,    0,   -4,    0,    0,    0,    0,   -4,    0,    0,    0,    0,    0,    0,    0,    9,   -4,    0,    0,    0,    0,    0,    0,   47,    0,    0,    0,    0,    0,    0,    0,    0,    0,    0,    0,    0,    0,    0,    0,    0,    0,    0,    0,    0,    0,
       0,    0,    0,    0,    0,    0,    0,    0,    0,    0,    0,    0,    0,    0,    0,    0,    0,    0,    0,    0,    0,    0,    0,    0,    0,    0,    0,    0,    0,    0,    0,    0,    0,    0,    0,    0,    0,    0,    0,    0,    0,    0,    0,    0,    0,    0,    0,    0,    0,    0,    0,    0,    0,    0,    0,    0,    0,    0,    0,    0,    0,    0,    0,    0,    0,    0,    0,    0,    0,    0,    0,    0,    0,    0,    0,    0,    0,    0,    0,    0,    0,    0,    0,    0,    0,    0,    0,    0,    0,    0,    0,    0,    2,    0,  -11,    0,    0,    0,    0,    0,    0,    0,    0,    0,    0,    0,    0,    0,    0,    0,    0,    0,    0,    0,
       0,    0,    0,    0,  -11,    0,    0,    0,  -45,    0,  -45,    0,    0,    0,    0,    0,  -15,    0,    0,    0,    0,    0,    0,    0,    0,   -3,  -26,    0,   -3,  -32,    0,    0,    0,    0,    0,    0,    0,    0,  -23,    0,    0,    0,    0,    0,    0,    0,    0,    0,    0,    0,    0,    0,    0,    0,    0,    0,    0,    0,    0,    0,    0,    0,    0,    0,    0,    0,    0,    0,    0,    0,    0,    0,    0,    0,    0,    0,    0,    0,    0,    0,    0,    0,    0,    0,    0,    0,    0,    0,    0,    0,    0,    0,    0,    0,    0,    0,    0,    0,    0,    0,  -45,    0,    0,    0,    0,    0,    0,    0,    0,    0,    0,    0,    0,    0,
       0,    0,    0,    0,    0,    0,    0,    0,    0,    0,    0,    0,    0,    0,  -11,   -4,    0,    0,   -7,    0,    0,    0,    0,    0,    0,    0,  -11,    0,    0,  -15,  -25,    0,  -17,  -17,  -13,  -26,    0,    0,    0,    0,    0,    0,    0,    0,    0,    0,    0,   -1,    0,   -7,    0,    0,    0,    0,    0,    0,    0,    0,    0,    0,   -6,    0,    0,    0,    0,    0,    0,    0,    0,    0,    0,    0,    0,    0,    0,    0,    0,    0,   -1,    0,    0,    0,    0,    0,    0,    0,  -36,  -36,  -25,    0,    0,    0,    0,    0,  -21,    0,    0,    0,    0,    0,    0,    0,    0,    0,    0,    0,    0,    0,    0,    0,    0,    0,    0,    0,
     -27,    0,    0,    0,    0,    0,    0,    0,    0,    0,    0,    0,   -8,  -30,    0,   -8,    0,   -5,   -5,   -7,   -2,    0,    0,    0,  -33,  -15,    0,    0,  -15,    0,  -11,    0,    0,    0,    0,  -11,    0,    0,    0,    0,    0,    0,    0,    0,    0,    0,    0,    0,    0,    0,    0,    0,    0,    0,    0,    0,    0,    0,    0,    0,  -18,    0,    0,    0,    0,    0,    0,    0,    0,    0,    0,    0,    0,    0,    0,    0,    0,    0,    0,    0,    0,    0,    0,    0,    0,    0,  -11,  -11,  -11,    0,    0,    0,    0,    0,    0,  -19,    0,  -45,  -45,    0,    0,  -19,    0,    0,    0,    0,    0,    0,    0,    0,    0,    0,    0,    0,
       0,    0,    0,    0,    0,    0,    0,    0,  -13,    0,  -13,    0,    0,    0,    0,    0,    0,    0,    0,    0,    0,    0,    0,    0,    0,    0,   -8,    0,    0,  -21,    0,    0,    0,    0,    0,    0,    0,    0,    0,    0,    0,    0,    0,    0,    0,    0,    0,    0,    0,    0,    0,    0,    0,    0,    0,    0,    0,    0,    0,    0,    0,    0,    0,    0,    0,    0,    0,    0,    0,    0,    0,    0,    0,    0,    0,    0,    0,    0,    0,    0,    0,    0,    0,    0,    0,    0,    0,    0,    0,    0,    0,    0,   22,    0,    0,    0,    0,    0,    0,    0,  -13,    0,    0,    0,    0,    0,    0,    0,    0,    0,    0,    0,    0,    0,
       0,    0,    0,    0,    0,    0,    0,    0,   -8,    0,   -8,    0,    0,    0,    0,    0,    0,    0,   -7,    0,    0,    0,    0,    0,    0,    0,   -2,    0,    0,    0,    0,    0,   -4,    0,  -11,  -11,    0,    0,  -15,    0,    0,    0,    0,    0,    0,    5,    0,    0,    0,    0,    0,    0,    0,    0,    0,    0,    0,    0,    0,    0,    0,    0,    0,    0,    0,    0,    0,    0,    0,    0,    0,    0,    0,    0,    0,    0,    0,    0,    0,    0,    0,    0,    0,    0,    0,    0,    0,    0,    0,    0,    0,    0,    0,    0,  -15,    0,  -17,    0,    0,    0,   -8,    0,    0,    0,    0,    0,    0,    0,    0,    0,    0,    0,    0,    0,
       0,    0,    0,    0,    0,    0,    0,    0,    0,    0,    0,    0,    0,    0,    0,    0,    0,    0,    0,    0,    0,    0,    0,    0,    0,    0,    0,    0,    0,    0,    0,    0,    0,    0,    0,    0,    0,    0,    0,    0,    0,    0,    0,    0,    0,    4,    0,    2,    0,    0,    0,    0,    0,    0,    0,    0,    0,    0,    0,    0,    0,    0,    0,    0,    0,    0,   11,    0,    0,    0,    0,    0,    0,    0,    0,   21,    0,    0,    2,    0,   11,    0,   21,   21,    0,    0,    0,    0,    0,    0,    0,    0,   16,   21,    0,    0,    0,    0,    0,    0,    0,    0,    0,    0,    0,    0,    0,    0,    0,    0,    0,    0,    0,    0,
       0,    0,    0,    0,    0,    0,    0,    0,    0,    0,    0,    0,    0,    0,    0,    0,   -5,    0,    0,    0,    0,    0,    0,    0,    0,    0,    0,    0,    0,    0,    0,    0,    0,    0,    0,    0,    0,    0,    0,    0,    0,    0,    0,    0,    0,    0,    0,    0,    0,    0,    0,    0,    0,    0,    0,    0,    0,    0,    0,    0,    0,    0,    0,    0,    0,    0,    0,    0,    0,    0,    0,    0,    0,    0,    0,    0,    0,    0,    0,    0,    0,    0,    0,    0,    0,    0,    0,    0,    0,    0,    0,    0,    0,    0,    0,    0,    0,    0,    0,    0,    0,    0,    0,    0,    0,    0,    0,    0,    0,    0,    0,    0,    0,    0,
       0,    0,    0,    0,    0,    0,   -6,    0,   -7,    0,   -7,    0,    0,    0,    0,    0,    0,    0,    0,    0,    0,    0,    0,    0,    0,    0,    0,    0,    0,    0,    0,    0,    0,    0,   -7,    0,    0,   -6,    0,    0,    0,    0,    0,    0,    0,    0,    0,    0,    0,    0,    0,    0,    0,    0,  -11,    0,    0,   -6,    0,    0,    0,    0,    0,    0,    0,    0,    0,    0,    0,    0,    0,    0,    0,    0,    0,    0,    0,    0,    0,    0,    0,    0,    0,    0,    0,    0,    0,    0,    0,    0,    0,    0,    0,    0,    0,    0,  -17,    0,    0,    0,   -7,    0,    0,    0,    0,    0,    0,    0,    0,    0,    0,    0,    0,    0,
       0,    0,    0,    0,    0,    0,   -8,    0,  -11,    0,  -11,    0,    0,   -8,    0,    0,    0,    0,   -3,    0,    0,    0,    0,    0,    0,    0,    0,    0,    0,    0,    0,    0,    0,    0,    0,    0,    0,   -8,    0,    0,    0,    0,    0,    0,    0,   -1,    0,    0,    0,    0,    0,    0,    0,    0,    0,    0,   -2,   -8,    0,    0,  -13,    0,    0,    0,    0,    0,    0,    0,    0,    0,    0,    0,    0,    0,    0,    0,    0,    0,    0,    0,    0,    0,    0,    0,    0,    0,    0,    0,    0,    0,    0,    0,    0,    0,    0,    0,    0,    0,    0,    0,  -11,    0,    0,    0,    0,    0,    0,    0,    0,    0,    0,    0,    0,    0,
       0,    0,    0,    0,    0,    0,   -1,    0,   -9,    0,   -9,    0,    0,   -1,    0,    0,    0,    0,    0,    0,    0,    0,    0,    0,    0,    0,    0,    0,    0,    0,    0,    0,    0,    0,    0,    0,    0,   -1,    0,    0,    0,    0,    0,    0,    0,   -1,    0,    0,    0,    0,    0,    0,    0,    0,    0,    0,   -2,   -1,    0,    0,    0,    0,    0,    0,    0,    0,    0,    0,    0,    0,    0,    0,    0,    0,    0,    0,    0,    0,    0,    0,    0,    0,    0,    0,    0,    0,    0,    0,    0,    0,    0,    0,    0,    0,    0,    0,    0,    0,    0,    0,   -9,    0,    0,    0,    0,    0,    0,    0,    0,    0,    0,    0,    0,    0,
       0,    0,    0,    0,    0,    0,    0,    0,  -11,    0,  -11,    0,    0,    0,    0,    0,    0,    0,    0,    0,    0,    0,    0,    0,    0,    0,    0,    0,    0,    0,    0,    0,    0,    0,    0,    0,    0,    0,  -15,    0,    0,    0,    0,    0,    0,    0,    0,    0,    0,    0,    0,    0,    0,    0,    0,    0,    0,    0,    0,    0,    0,    0,    0,    0,    0,    0,    0,    0,    0,    0,    0,    0,    0,    0,    0,    0,    0,    0,    0,    0,    0,    0,    0,    0,    0,    0,    0,    0,    0,    0,    0,    0,    0,    0,    0,    0,  -15,    0,    0,    0,  -11,    0,    0,    0,    0,    0,    0,    0,    0,    0,    0,    0,    0,    0,
       0,  -19,    0,    1,  -15,    0,    1,    0,  -42,    0,  -42,    0,   -5,    0,    0,   -6,  -19,   -3,    7,   -5,   -3,  -11,  -30,    0,    0,    0,  -36,    0,    0,  -32,    0,    0,    0,    0,    0,    0,    0,    1,  -53,  -17,    0,    0,    0,  -17,  -15,    0,    0,    0,    0,    0,    0,    0,    0,    0,  -21,    0,    0,    1,    0,    0,    0,    0,    0,    0,    0,    0,    0,    0,  -15,  -15,  -15,  -17,    0,    0,    0,   30,  -17,    0,    0,  -15,    0,    0,   30,   30,    0,  -17,    0,    0,    0,    0,    0,    0,    0,   30,    0,    0,  -47,    0,    0,    0,  -42,    0,    0,    0,    0,    0,    0,    0,    0,  -30,    0,    0,    0,    0,
       0,    0,    0,    0,    0,    0,    0,    0,    0,    0,    0,    0,    0,    0,    0,    0,    0,    0,    0,    0,    0,    0,    0,    0,    0,    0,    0,    0,    0,    0,  -11,    0,  -21,    0,    0,    0,    0,    0,    0,    0,    0,    0,    0,    0,    0,    0,    0,    0,    0,    0,    0,    0,    0,    0,    0,    0,    0,    0,    0,    0,    0,    0,    0,    0,    0,    0,    0,    0,    0,    0,    0,    0,    0,    0,    0,    0,    0,    0,    0,    0,    0,    0,    0,    0,    0,    0,  -11,  -11,  -11,    0,    0,    0,    0,    0,  -15,    0,    0,    0,    0,    0,    0,    0,    0,    0,    0,    0,    0,    0,    0,    0,    0,    0,    0,    0,
       0,    0,    0,    0,    0,    0,    0,    0,    0,    0,    0,    0,    0,    0,    0,    0,    0,    0,    0,    0,    0,    0,    0,    0,    0,    0,  -17,    0,    0,    0,  -15,    0,  -23,  -21,  -17,  -32,    0,    0,    0,    0,    0,    0,    0,    0,    0,    0,    0,  -13,    0,  -11,    0,    0,    0,    0,    0,    0,    0,    0,    0,    0,    0,    0,    0,    0,    0,    0,    0,    0,    0,    0,    0,    0,    0,    0,    0,    0,    0,    0,  -13,    0,    0,    0,    0,    0,    0,    0,  -15,  -15,  -15,    0,    0,    0,    0,    0,  -19,    0,    0,    0,    0,    0,    0,    0,    0,    0,    0,    0,    0,    0,    0,    0,    0,    0,  -13,    0,
       0,    0,    0,    0,    0,    0,    0,    0,    0,    0,    0,    0,    0,    0,    0,    0,    0,    0,  -25,    0,    0,    0,    0,    0,    0,    0,    0,    0,    0,    0,  -26,    0,  -25,  -25,  -19,  -30,  -21,    0,    0,    0,    0,    0,    0,    0,    0,    0,    0,    0,    0,    0,    0,    0,    0,    0,    0,    0,    0,    0,    0,    0,    0,    0,    0,    0,    0,    0,    0,    0,    0,    0,    0,    0,    0,    0,    0,    0,    0,    0,    0,    0,    0,    0,    0,    0,    0,    0,  -26,  -26,  -26,    0,    0,    0,    0,    0,  -32,    0,    0,    0,    0,    0,    0,    0,    0,    0,    0,    0,    0,    0,    0,    0,    0,    0,  -25,    0,
       0,    0,    0,    0,    0,    0,    0,    0,    0,    0,    0,    0,    0,    0,    0,    0,    0,    0,    0,    0,    0,    0,    0,    0,    0,    0,  -21,    0,    0,    0,    0,    0,    0,    0,    0,    0,    0,    0,    0,    0,    0,    0,    0,    0,    0,    0,    0,    0,    0,    0,    0,    0,    0,    0,    0,    0,    0,    0,    0,    0,    0,    0,    0,    0,    0,    0,    0,    0,    0,    0,    0,    0,    0,    0,    0,    0,    0,    0,    0,    0,    0,    0,    0,    0,    0,    0,    0,    0,    0,    0,    0,    0,    0,    0,    0,    0,    0,    0,    0,    0,    0,    0,    0,    0,    0,    0,    0,    0,    0,    0,    0,    0,    0,    0,
       0,    0,    0,    0,    0,    0,    0,    0,  -15,    0,  -15,  -13,    0,    0,    0,    0,    0,    0,    0,    0,    0,    0,    0,    0,    0,    0,  -11,    0,    0,    0,  -11,    0,  -11,   -1,  -13,  -13,    0,    0,  -13,    0,    0,    0,    0,    0,    0,    0,    0,    0,    0,    0,    0,    0,    0,    0,    0,    0,   -2,    0,    0,    0,    0,    0,    0,    0,    0,    0,    0,    0,    0,    0,    0,    0,    0,    0,    0,    0,    0,    0,    0,    0,    0,    0,    0,    0,    0,    0,  -11,  -11,  -11,    0,    0,    0,    0,    0,  -11,    0,  -13,    0,    0,    0,  -15,    0,    0,    0,    0,    0,    0,    0,  -13,  -33,    0,    0,    0,    0,
     -26,    0,    0,    0,    0,    0,  -26,  -11,    0,  -11,    0,    7,   -2,  -14,    0,    0,    0,    0,    0,    0,    0,    0,    0,  -17,  -21,  -11,    5,    0,  -11,    0,  -29,   -8,  -25,  -19,    0,  -27,    0,  -26,    0,   -1,    0,    1,    0,    0,    0,   -7,    0,  -23,  -23,    0,    0,  -11,    0,  -25,  -11,  -11,  -24,  -26,    0,    0,  -16,  -11,    0,  -11,    0,    0,    0,  -11,    0,    0,    0,   -1,    1,    1,    1,    0,   -1,    0,  -23,    0,    0,    0,    0,    0,    0,   -1,  -29,  -29,  -48,    0,    0,    1,    0,    0,  -43,  -34,    0,    0,    0,  -11,    0,  -34,   -2,    0,    0,    0,    0,    0,    0,    0,    0,    0,  -17,    0,
       0,    0,    0,    0,    0,    0,    0,    0,    0,    0,    0,    0,    0,    0,    0,    0,    0,    0,    0,    0,    0,    0,    0,    0,    0,    0,    0,    0,    0,    0,  -18,    0,    0,    0,    0,    0,    0,    0,    0,    0,    0,    0,    0,    0,    0,    0,    0,    0,    0,    0,    0,    0,    0,    0,    0,    0,    0,    0,    0,    0,    0,    0,    0,    0,    0,    0,    0,    0,    0,    0,    0,    0,    0,    0,    0,   11,    0,    0,    0,    0,    0,    0,   11,   11,    0,    0,  -18,  -18,  -18,    0,    0,    0,    0,   11,  -16,    0,    0,    0,    0,    0,    0,    0,    0,    0,    0,    0,    0,    0,    0,    0,    0,    0,    0,    0,
       0,    0,    0,    0,    0,    0,    0,    0,    0,    0,    0,    0,    0,    0,    0,    0,    0,    0,    0,    0,    0,    0,    0,    0,    0,    0,   -6,    0,    0,    0,    0,    0,    0,    0,   -2,    0,    0,    0,  -13,    0,    0,    0,    0,    0,    0,    0,    0,    0,    0,    0,    0,    0,    0,    0,    0,    0,    0,    0,    0,    0,    0,    0,    0,    0,    0,    0,    0,    0,    0,    0,    0,    0,    0,    0,    0,   11,    0,    0,    0,    0,    0,    0,   11,   11,    0,    0,    0,    0,    0,    0,    0,    0,    0,   11,    0,    0,    0,    0,    0,    0,    0,    0,    0,    0,    0,    0,    0,    0,    0,    0,    0,    0,    0,    0,
       0,    0,    0,    0,    0,    0,    0,    0,    0,    0,    0,    0,    0,    0,    0,    0,    0,    0,    0,    0,    0,    0,    0,    0,    0,    0,    0,    0,    0,    0,    0,    0,    0,    0,    0,    0,    0,    0,    0,    0,    0,    0,    0,    0,    0,    0,    0,    0,    0,    0,    0,    0,    0,    0,    0,    0,    0,    0,    0,    0,    0,    0,    0,    0,    0,    0,    0,    0,    0,    0,    0,    0,    0,    0,    0,   25,    0,    0,    0,    0,    0,    0,   25,   25,    0,    0,    0,    0,    0,    0,    0,    0,   19,   25,    0,    0,    0,    0,    0,    0,    0,    0,    0,    0,    0,    0,    0,    0,    0,    0,    0,    0,    0,    0,
       0,    0,    0,    0,    0,    0,    0,    0,  -13,    0,  -24,   -1,    0,    0,    0,    0,    0,    0,    0,    0,    0,    0,    0,    0,    0,   -1,  -30,    0,   -1,  -23,    0,    0,    0,    0,    0,    0,    0,    0,  -11,  -11,    0,    0,    0,   -9,    0,    0,  -11,  -11,    0,    0,  -11,    0,    0,    0,    0,    0,    0,    0,    0,  -11,    0,    0,    0,    0,    0,    0,    0,    0,   -7,   -7,   -7,  -11,    0,    0,    0,    0,  -11,  -11,  -11,   -7,    0,    0,    0,    0,    0,  -11,    0,    0,    0,  -11,    0,    0,   39,    0,    0,    0,  -40,    0,    0,    0,  -42,    0,    0,    0,    0,    0,    0,    0,    0,  -19,    0,    0,    0,    0,
       0,    0,    0,    0,    0,    0,    0,    0,    0,    0,    0,    0,    0,    0,    0,    0,    0,    0,    0,    0,    0,    0,    0,    0,    0,    0,   -7,    0,    0,    0,  -10,    0,   -7,    0,   -2,   -7,    0,    0,    0,    0,    0,    0,    0,    0,    0,    0,    0,    0,    0,    0,    0,    0,    0,    0,    0,    0,    0,    0,    0,    0,    0,    0,    0,    0,    0,    0,    0,    0,    0,    0,    0,    0,    0,    0,    0,   11,    0,    0,    0,    0,    0,    0,   11,   11,    0,    0,  -10,  -10,  -10,    0,    0,    0,    7,   11,    0,    0,    0,    0,    0,    0,    0,    0,    0,    0,    0,    0,    0,    0,    0,    0,    0,    0,    0,    0,
       0,    0,    0,    0,    0,    0,    0,    0,  -11,    0,  -11,  -19,    0,    0,    0,    0,    0,    0,    0,    0,    0,    0,    0,    0,    0,    0,   -8,    0,    0,    0,    0,    0,    0,    0,    0,    0,    0,    0,  -17,    0,    0,    0,    0,    0,    0,    0,    0,    0,    0,    0,    0,    0,    0,    0,    0,    0,    0,    0,    0,    0,    0,    0,    0,    0,    0,    0,    0,    0,    0,    0,    0,    0,    0,    0,    0,    0,    0,    0,    0,    0,    0,    0,    0,    0,    0,    0,    0,    0,    0,    0,    0,    0,   16,    0,    0,    0,  -26,    0,    0,    0,  -11,    0,    0,    0,    0,    0,    0,    0,    0,    0,    0,    0,    0,    0,
       0,    0,   -4,    0,    0,    0,    0,  -36,    0,  -36,    0,    0,    0,    0,    0,    0,    0,    0,    0,    0,    0,    0,  -23,  -11,    0,  -12,    0,    0,  -12,    0,    0,    0,    0,    0,    0,    0,    0,    0,    0,  -13,    0,    4,    0,    0,    0,    0,  -11,  -13,  -21,    0,    0,  -36,    0,    0,  -17,  -53,   -5,    0,    0,  -11,    0,  -51,    0,    0,    0,    0,    0,  -11,    0,    0,    0,  -13,    4,    4,    4,   28,  -13,  -11,  -13,    0,    0,    0,   28,   28,    0,  -13,    0,    0,    0,  -11,    0,    4,   28,   28,    0,    0,    0,    0,    0,  -11,    0,    0,    0,    0,    0,    0,    0,    0,    0,    0,    0,    0,    0,  -11,
     -30,    0,    0,    0,    0,    0,  -57,  -28,    0,  -45,    0,    0,    0,  -15,    0,    0,    0,    0,    0,    0,    0,    0,    0,    0,   -6,   -9,    0,    0,   -9,    0,  -32,    0,  -23,    0,    0,  -19,    0,  -43,    0,    0,    0,    0,    0,    0,    0,   -7,    0,  -23,    0,    0,    0,  -42,    0,  -32,  -21,  -72,  -27,  -59,    0,    0,  -29,  -49,    0,    0,    0,    0,    0,  -11,    0,    0,    0,    0,    0,    0,    0,    0,    0,    0,  -23,    0,    0,    0,    0,    0,    0,    0,  -32,  -32,  -32,    0,    0,    0,    0,    0,  -28,  -13,    0,  -15,  -15,  -11,    0,  -36,    0,    0,    0,    0,    0,    0,    0,    0,    0,    0,    0,    0,
       0,    0,    0,    0,  -11,    0,    0,  -15,  -13,  -15,  -24,    0,    0,    0,    0,    0,    0,    0,    0,    0,    0,    0,    0,    0,    0,    0,  -25,    0,    0,  -32,   -1,    0,    0,    0,    0,    0,    0,    0,    0,   -4,    0,    0,    0,   -1,    0,    0,    0,    0,    0,    0,    0,  -15,    0,    0,    0,  -15,    0,    0,    0,    0,    0,  -15,    0,    0,    0,    0,    0,    0,   -2,   -2,   -2,   -4,    0,    0,    0,    0,   -4,    0,    0,   -2,    0,    0,    0,    0,    0,   -4,   -1,   -1,   -1,    0,    0,    0,    0,    0,    0,    0,  -47,    0,    0,    0,  -45,    0,    0,    0,    0,    0,    0,    0,    0,  -26,    0,    0,    0,    0,
       0,    0,    0,    0,    0,    0,    0,    0,    0,    0,    0,    0,    0,    0,    0,    0,    0,    0,    0,    0,    0,    0,    0,    0,    0,    0,    0,    0,    0,    0,   -1,    0,   -6,    0,    0,   -8,    0,    0,    0,   -5,    0,    0,    0,    0,    0,    0,    0,    0,    0,    0,    0,    0,    0,    0,    0,    0,    0,    0,    0,    0,    0,    0,    0,    0,    0,    0,    0,    0,   -2,   -2,   -2,   -5,    0,    0,    0,   15,   -5,    0,    0,   -2,    0,    0,   15,   15,    0,   -5,   -1,   -1,   -1,    0,    0,    0,    0,   15,    0,    0,    0,    0,    0,    0,    0,    0,    0,    0,    0,    0,    0,    0,    0,    0,    0,    0,    0,    0,
       0,    0,    0,    0,  -11,    0,    0,  -25,  -11,  -25,  -11,  -43,  -11,    0,    0,    0,  -23,    0,  -26,    0,    0,  -11,  -26,  -11,    0,  -11,  -29,    0,  -11,  -30,    0,    0,    0,    0,    0,    5,    0,    0,  -19,  -29,   -1,    0,    0,  -21,  -28,  -27,  -26,  -25,  -24,  -23,  -19,  -25,    0,    0,  -43,  -25,    0,    0,    0,  -60,    0,  -51,    0,  -17,    0,    0,    0,  -11,  -27,  -41,  -41,  -46,    0,    0,    0,   30,  -46,  -46,  -36,  -27,    0,    0,   30,   30,    0,  -29,    0,    0,    0,  -39,    0,    0,   42,   30,    0,    0,  -40,    0,    0,  -11,  -40,    0,    0,    0,    0,    0,    0,    0,    0,  -42,    0,    0,    0,    0,
       0,    0,    0,    0,  -17,    0,    0,  -17,  -32,  -17,  -32,  -16,   -4,    0,    0,    0,  -11,    0,    0,    0,    0,  -21,  -25,  -21,    0,  -22,  -25,    0,  -11,  -32,    0,    0,    6,    0,    0,    0,    0,    0,  -26,  -18,    0,    0,    0,   -3,  -15,    0,    0,    0,    0,    0,    0,  -17,    0,    0,  -19,  -38,    0,    0,    0,    0,    0,  -30,    0,    0,    0,    0,    0,  -13,  -18,  -18,  -31,  -18,    0,    0,    0,   28,  -33,    0,    0,  -18,    0,    0,   28,   28,    0,  -18,    0,    0,    0,    0,    0,    0,   13,   28,    0,    0,  -38,    0,    0,  -13,  -32,    0,    0,    0,    0,    0,    0,    0,  -44,  -51,    0,    0,    0,    0,
       0,    0,    0,    0,  -17,    0,    0,  -17,  -32,  -17,  -32,    0,    0,    0,    0,    0,  -11,    0,    0,    0,    0,  -17,  -25,  -21,    0,   -1,  -19,    0,   -1,  -21,    0,    0,    0,    7,    0,    0,    0,    0,    0,  -17,    0,    0,    0,  -10,  -11,    0,    0,    0,    0,    0,    0,  -17,    0,    0,  -19,  -17,    0,    0,    0,    0,    0,  -28,    0,    0,    0,    0,    0,    0,  -17,  -17,  -17,  -17,    0,    0,    0,    0,  -17,    0,    0,  -17,    0,    0,    0,    0,    0,  -17,    0,    0,    0,    0,    0,    0,   28,    0,    0,    0,  -36,    0,    0,    0,  -32,    0,    0,    0,    0,    0,    0,    0,  -29,  -35,    0,    0,    0,    0,
       0,    0,   -4,    0,    0,    0,    0,  -13,    0,  -13,    0,    0,  -11,    0,    0,   -7,  -13,    0,    0,   -7,    0,    0,  -19,  -17,    0,  -13,    0,    0,  -13,    0,  -10,    0,    0,    0,    0,    0,    0,    0,    0,   -9,    0,    0,    0,    0,    0,    0,    0,    0,    0,    0,    0,  -24,    0,    0,  -13,  -29,   -2,    0,    0,    0,    0,  -28,    0,    0,    0,    0,    0,  -15,  -19,  -19,  -19,   -9,    0,    0,    0,    0,   -9,    0,    0,  -19,    0,    0,    0,    0,    0,   -9,  -10,  -10,  -10,    0,    0,    0,   28,    0,    0,    0,    0,    0,    0,  -15,    0,    0,    0,    0,    0,    0,    0,    0,    0,    0,    0,  -11,    0,    0,
       0,    0,    0,    0,  -21,    0,    0,  -26,  -11,  -26,  -11,    0,    0,    0,    0,    0,  -23,    0,    0,    0,    0,  -21,  -34,  -32,    0,  -13,  -27,    0,  -13,  -11,    5,    0,    0,    0,    0,    0,    0,    0,    0,  -27,    0,   -9,    0,  -15,  -23,    0,  -13,    0,    0,    0,    0,  -26,    0,    0,  -30,  -43,   -3,    0,    0,  -13,    0,  -43,    0,  -21,    0,    0,    0,  -28,  -26,  -49,  -41,  -27,   -9,  -19,   -9,    0,  -27,  -13,    0,  -42,    0,    0,    0,    0,    0,  -46,    5,    5,    5,  -13,    0,   -9,   28,    0,    0,    0,  -36,    0,    0,  -13,  -43,    0,    0,    0,    0,    0,    0,    0,  -50,  -59,    0,    0,    0,  -11,
       0,    0,    0,    0,    0,    0,    0,  -13,    0,  -13,    0,    0,    0,    0,    0,    0,    0,    0,    0,    0,    0,    0,  -21,    0,    0,  -11,    0,    0,  -11,    0,    0,    0,    0,    0,    0,    0,    0,    0,    0,    0,    0,    0,    0,    0,    0,    0,    0,    0,    0,    0,    0,  -13,    0,    0,  -11,  -13,    0,    0,    0,    0,    0,  -24,    0,    0,    0,    0,    0,    0,    0,    0,    0,    0,    0,    0,    0,   28,    0,    0,    0,    0,    0,    0,   28,   28,    0,    0,    0,    0,    0,    0,    0,    0,   11,   28,    0,    0,    0,    0,    0,    0,    0,    0,    0,    0,    0,    0,    0,    0,    0,    0,    0,    0,    0,    0,
       0,    0,    0,    0,    0,    0,    0,    0,    0,    0,    0,    0,    0,    0,    0,    0,    0,    0,    0,    0,    0,    0,    0,    0,    0,    0,    0,    0,    0,    0,    0,    0,    0,    0,    0,    0,    0,    0,    0,   -4,    0,    0,    9,    0,    0,    0,    0,    0,    0,    0,    0,    0,    0,    0,    0,    0,    0,    0,    0,    0,    0,    0,    0,    0,    0,    0,    0,    0,    0,    0,    0,   -4,    0,    0,    0,    0,   -4,    0,    0,    0,    0,    0,    0,    0,    9,   -4,    0,    0,    0,    0,    0,    0,   28,    0,    0,    0,    0,    0,    0,    0,    0,    0,    0,    0,    0,    0,    0,    0,    0,    0,    0,    0,    0,    0,
     -26,    0,    0,    0,    0,    0,  -26,  -11,    0,  -11,    0,    7,   -2,  -14,    0,    0,    0,    0,    0,    0,    0,    0,    0,  -17,  -21,  -11,    5,    0,  -11,    0,  -42,   -8,  -41,  -38,    0,  -27,    0,  -26,    0,   -1,    0,    1,    0,    0,    0,   -7,    0,  -40,  -23,    0,    0,  -11,    0,  -25,  -11,  -11,  -24,  -26,    0,    0,  -16,  -11,    0,  -11,    0,    0,    0,  -11,    0,    0,    0,   -1,    1,    1,    1,    0,   -1,    0,  -40,    0,    0,    0,    0,    0,    0,   -1,  -42,  -42,  -42,    0,    0,    1,    0,    0,  -58,  -53,    0,    0,    0,  -11,    0,  -53,   -2,    0,    0,    0,    0,    0,    0,    0,    0,    0,  -17,    0,
       0,    0,    0,    0,    0,    0,  -23,    0,    0,    0,    0,    0,  -15,  -36,    0,  -15,  -19,  -15,    0,  -15,  -15,    0,    0,    0,    0,  -13,    0,    9,  -13,    0,  -19,  -13,  -26,    0,    0,    0,    0,  -23,    0,    0,    0,    9,   32,    9,    0,    0,    0,  -26,    0,    0,    0,    0,    0,    0,    0,    0,    0,  -23,    0,    0,  -15,    0,    0,    0,    0,    0,    0,    0,    0,    0,    0,    0,    9,    9,    9,    0,    0,    0,  -26,    0,    0,    9,    0,    0,   32,    0,  -19,  -19,  -19,    0,    9,    9,    0,    0,  -13,    0,    0,    0,    0,    0,    0,    0,    0,    0,    0,    0,    0,    0,    0,    0,    0,    0,  -17,    0,
      -4,    0,    0,    0,    0,    0,    0,    0,    0,    0,    0,    0,    0,  -13,    0,    0,    0,    0,    0,    0,    0,    0,    0,    0,    0,    0,    0,    0,    0,    0,  -25,    0,  -17,  -17,    0,  -25,    0,    0,    0,    0,    0,    0,    0,    0,    0,    0,    0,   -6,    0,    0,    0,    0,    0,    0,    0,    0,   -3,    0,    0,    0,    0,    0,    0,    0,    0,    0,    0,    0,    0,    0,    0,    0,    0,    0,    0,    0,    0,    0,   -6,    0,    0,    0,    0,    0,    0,    0,  -25,  -25,  -25,    0,    0,    0,    0,    0,  -15,   -8,    0,    0,    0,    0,    0,   -8,    0,    0,    0,    0,    0,    0,    0,    0,    0,    0,    0,    0,
      -7,    0,    0,    0,    0,   -4,    0,    0,    0,    0,    0,    0,    0,  -11,    0,    0,    0,    0,    0,    0,    0,    0,    0,    0,    0,    0,  -10,    0,    0,    0,  -30,    0,  -18,  -17,   -9,  -29,    0,    0,    0,    0,    0,    0,    0,    0,    0,    0,    0,   -7,   -6,   -8,   -5,    0,    0,  -11,    0,    0,   -3,    0,    0,    0,    0,    0,    0,    0,    0,    0,    0,    0,    3,    3,    3,    0,    0,    0,    0,    0,    0,    0,   -7,    3,    0,    0,    0,    0,    0,    0,  -30,  -30,  -30,    0,    0,    0,   12,    0,  -21,   -8,    0,    0,    0,    0,    0,   -8,    0,    0,    0,    0,    0,    0,    0,    0,    0,    0,    0,    0,
       0,    0,    0,    0,    0,    0,    0,   -9,  -19,   -9,  -19,   -9,    0,    0,    0,    0,  -21,    0,    0,    0,    0,    0,    0,    0,    0,    0,  -11,    0,    0,  -21,    0,    0,    0,    0,    0,    3,    0,    0,   -5,   -8,  -12,    0,    0,    0,   -7,  -11,    0,    0,    6,    0,    0,   -9,    0,    0,  -13,   -9,    0,    0,    0,    0,    0,   -9,    0,    0,    0,    0,    0,   -7,   -5,   -5,   -5,   -8,    0,    0,    0,   34,   -8,    0,    0,   -5,    0,    0,   34,   47,    0,   -8,    0,    0,    0,    0,    0,    0,   15,   45,    0,    0,  -30,    0,    0,   -7,  -19,    0,    0,    0,    0,    0,    0,    0,    0,  -13,    0,    0,    0,    0,
       0,    0,    0,    0,    0,    0,    0,    0,    0,    0,    0,    0,    0,    0,    0,    0,    0,    0,    0,    0,    0,    0,    0,    0,    0,    0,    0,    0,    0,    0,  -17,    0,    0,    0,    0,    0,    0,    0,    0,    0,    0,    0,    0,    0,    0,    0,    0,    0,    0,    0,    0,    0,    0,    0,    0,    0,    0,    0,    0,    0,    0,    0,    0,    0,    0,    0,    0,    0,    0,    0,    0,    0,    0,    0,    0,    0,    0,    0,    0,    0,    0,    0,    0,    0,    0,    0,  -17,  -17,  -17,    0,    0,    0,    0,    0,    0,    0,    0,    0,    0,    0,    0,    0,    0,    0,    0,    0,    0,    0,    0,    0,    0,    0,    0,    0,
       0,    0,    0,    0,    0,    2,    0,    0,    0,    0,    0,    0,    0,    0,    0,    0,    0,    0,    0,    0,    0,    0,    0,    0,    0,    0,    0,    0,    0,    0,    0,    0,    0,    0,    0,    0,    0,    0,    0,    0,    0,    0,    0,    0,    0,    1,    0,    0,    0,    0,    0,    0,    2,    0,    0,    0,    0,    0,    0,    0,    0,    0,    0,    0,    0,    0,    0,    0,    0,    0,    0,    0,    0,    0,    0,   23,    0,    0,    0,    0,    0,    0,   35,   23,    0,    0,    0,    0,    0,    0,    0,    0,   28,   35,    0,    0,    0,    0,    0,    0,    0,    0,    0,    0,    0,    0,    0,    0,    0,    0,    0,    0,    0,    0,
       0,    0,    0,    0,    0,    0,    0,  -15,    0,  -15,    0,    0,    0,    0,    0,    0,  -15,    0,    0,    0,    0,    0,  -28,    0,    0,    0,    0,    0,    0,    0,  -19,    0,    0,    0,    0,    0,    0,    0,    0,   -7,    0,    0,    0,    0,    0,    0,    0,    0,    0,    0,    0,  -15,    0,    0,  -17,  -38,    0,    0,    0,    0,    0,  -15,    0,    0,    0,    0,    0,    0,    0,    0,    0,   -7,    0,    0,    0,    0,   -7,    0,    0,    0,    0,    0,    0,    0,    0,   -7,  -19,  -19,  -19,    0,    0,    0,    0,    0,    0,    0,    0,    0,    0,    0,    0,    0,    0,    0,    0,    0,    0,    0,    0,    0,    0,    0,    0,    0,
       0,    0,    0,    0,    0,    0,    0,  -13,  -21,  -13,  -21,  -11,    0,    0,    0,    0,    0,    0,    0,    0,    0,    0,  -13,    0,    0,    0,  -13,    3,    0,  -19,  -19,    0,    0,    0,    0,    0,  -11,    0,    0,   -5,    5,    3,    4,    4,    0,    5,    0,    5,    3,    4,    0,  -13,    0,    0,    0,  -24,    0,    0,    0,    0,    0,  -13,    0,    0,    0,    0,    0,    0,   -1,   -1,   -1,   -5,    3,    3,    3,    9,   -5,    0,    5,   -1,    0,    3,    9,    9,    4,   -5,  -19,  -19,  -19,    0,    3,    3,    0,    9,  -13,    5,  -26,    0,    0,    0,  -21,    5,    0,    0,    0,    0,    0,    0,    0,  -17,    0,    0,    0,    0,
      -2,    0,    0,    0,    0,    0,    0,    0,    0,    0,    0,    0,    0,    0,    0,    0,    0,    0,    0,    0,    0,    0,    0,    0,    0,    0,    0,    0,    0,    0,  -25,    0,  -15,  -11,    0,  -25,    0,    0,    0,    0,    0,    0,    0,    0,    0,    1,    0,   -1,    0,    0,    0,    0,    0,    0,    0,    0,   -3,    0,    0,    0,    0,    0,    0,    0,    0,    0,    0,    0,    0,    0,    0,    0,    0,    0,    0,    0,    0,    0,   -1,    0,    0,    0,    0,    0,    0,    0,  -25,  -25,  -25,    0,    0,    0,    0,    0,  -17,    0,   -4,    0,    0,    0,    0,    0,    0,    0,    0,    0,    0,    0,    0,    0,    0,    0,    0,    0,
       0,    0,    0,    0,    0,    0,    0,   -7,    0,   -7,    0,    0,    0,    0,    0,    0,   -5,    0,    0,    0,    0,    0,   -9,    0,    0,    0,    0,    0,    0,    0,  -11,    0,   -3,   -3,    0,   -5,    0,    0,    0,   -3,   -7,    0,    3,    0,   -3,   -3,    0,    7,    6,    0,    0,   -7,    0,    0,    0,   -7,    0,    0,    0,    0,    0,   -7,    0,    0,    0,    0,    0,   -4,    2,    2,    2,   -3,    0,    0,    0,    0,   -3,    0,    7,    2,    0,    0,    0,    0,    3,   -3,  -11,  -11,  -11,    0,    0,    0,   15,    0,  -13,    2,    0,    0,    0,   -4,    0,    2,    0,    0,    0,    0,    0,    0,    0,   11,    0,    0,    0,    0,
       0,    0,    0,    0,    0,    0,    0,  -13,    0,  -13,    0,  -11,    0,    0,    0,    0,    0,    0,    0,    0,    0,    0,  -13,    0,    0,    0,    0,    0,    0,    0,  -17,    0,    0,    0,    0,  -19,    0,    0,  -11,    0,    0,    0,    0,    0,    0,    0,    0,    0,    0,    0,    0,  -13,    0,    0,    0,  -24,    0,    0,    0,    0,    0,  -13,    0,    0,    0,    0,    0,    0,    0,    0,    0,    0,    0,    0,    0,    0,    0,    0,    0,    0,    2,    0,    0,    0,    0,    0,  -17,  -42,  -17,    0,    0,    0,    0,    0,  -13,    5,    0,    0,    0,    0,    0,    5,    0,    0,    0,    0,    0,    0,    0,  -21,    0,    0,    0,    0,
       0,    0,    0,    0,    0,    0,    0,  -11,  -16,  -11,  -16,  -19,    0,    0,    0,    0,    0,    0,    0,    0,    0,    0,  -11,  -13,    0,    0,  -23,    2,    0,  -21,  -11,    0,    0,    0,    0,  -11,    0,    0,  -26,   -7,    5,    0,    0,    0,   -1,    5,    0,    0,    0,    0,    0,  -11,    0,    0,  -13,  -11,    0,    0,    0,    0,    0,  -11,    0,    0,    0,    0,    0,    0,   -2,   -2,   -2,   -7,    0,    0,    0,    0,   -7,    0,    0,   -2,    0,    2,    0,    0,    0,   -7,  -11,  -32,  -11,    0,    2,    0,    2,    0,    0,    3,  -26,    0,    0,    0,  -41,    3,    0,    0,    0,    0,    0,    0,    0,  -17,    0,    0,    0,    0,
       0,    0,    0,    0,  -11,    0,    0,    0,  -25,    0,  -25,    0,    0,    0,    0,    0,    0,    0,    0,    0,    0,    0,    0,    0,    0,    0,  -23,    0,    0,  -19,  -17,    0,    0,    0,    0,    0,  -11,    0,    0,   -6,    0,    0,    0,    0,    0,    0,    0,    0,    0,    0,    0,    0,    0,    0,  -11,    0,    0,    0,    0,    0,    0,    0,    0,    0,    0,    0,    0,    0,    0,    0,    0,   -6,    0,    0,    0,    0,   -6,    0,    0,    0,    0,    0,    0,    0,    0,   -6,  -17,  -17,  -17,    0,    0,    0,    0,    0,    0,    3,  -26,    0,    0,    0,  -25,    3,    0,    0,    0,    0,    0,    0,    0,    0,    0,    0,    0,    0,
       0,    0,    0,    0,    0,    0,    0,   -7,    0,   -7,    0,    0,    0,    0,    0,    0,    0,    0,    0,    0,    0,    0,    0,  -11,    0,    0,    0,    0,    0,    0,  -21,    0,    0,    0,    0,    0,    0,    0,    0,   -8,    6,    0,    0,    0,    0,    6,    0,    0,    0,    0,    0,   -7,    0,    0,  -11,   -7,    0,    0,    0,    0,    0,   -7,    0,    0,    0,    0,    0,    0,   -1,   -1,   -1,   -8,    0,    0,    0,    0,   -8,    0,    0,   -1,    0,    0,    0,    0,    0,   -8,  -21,  -21,  -21,    0,    0,    0,    0,    0,    0,    0,    0,    0,    0,    0,    0,    0,    0,    0,    0,    0,    0,    0,    0,    0,    0,    0,    0,    0,
       0,    0,    0,    0,    0,    0,    0,    0,    0,    0,    0,    0,    0,    0,    0,    0,    0,    0,    0,    0,    0,    0,    0,    0,    0,    0,    0,    0,    0,    0,  -11,    0,    0,    0,    0,    0,    0,    0,    0,   -5,    0,    0,    0,    0,    0,    0,    0,    0,    0,    0,    0,    0,    0,    0,    0,    0,    0,    0,    0,    0,    0,    0,    0,    0,    0,    0,    0,    0,    0,    0,    0,   -5,    0,    0,    0,    0,   -5,    0,    0,    0,    0,    0,    0,    0,    0,   -5,  -11,  -11,  -11,    0,    0,    0,    0,    0,    0,    0,    0,    0,    0,    0,    0,    0,    0,    0,    0,    0,    0,    0,    0,    0,    0,    0,    0,    0,
       0,    0,    0,    0,    0,    0,    0,    0,    0,    0,    0,    0,    0,    0,  -11,   -4,    0,    0,   -7,    0,    0,    0,    0,    0,    0,    0,  -11,    0,    0,  -15,  -25,    0,  -17,  -17,  -24,  -26,    0,    0,    0,    0,    0,    0,    0,    0,    0,    0,    0,   -1,    0,   -7,    0,    0,    0,    0,    0,    0,    0,    0,    0,    0,   -6,    0,    0,    0,    0,    0,    0,    0,    0,    0,    0,    0,    0,    0,    0,    0,    0,    0,   -1,    0,    0,    0,    0,    0,    0,    0,  -36,  -36,  -25,    0,    0,    0,    0,    0,  -21,    0,    0,    0,    0,    0,    0,    0,    0,    0,    0,    0,    0,    0,    0,    0,    0,    0,    0,    0,
       0,    0,    0,    0,    0,    0,    0,    0,    0,    0,    0,    0,    0,    0,    0,    0,    0,    0,    0,    0,    0,    0,    0,    0,    0,    0,    0,    0,    0,    0,  -23,    0,  -11,    0,    0,  -23,    0,    0,    0,    0,    0,    0,    0,    0,    0,    0,    0,    0,    0,    0,    0,    0,    0,    0,    0,    0,    0,    0,    0,    0,    0,    0,    0,    0,    0,    0,    0,    0,    0,    0,    0,    0,    0,    0,    0,    0,    0,    0,    0,    0,    0,    0,    0,    0,    0,    0,  -23,  -23,  -23,    0,    0,    0,    0,    0,  -11,    0,    0,    0,    0,    0,    0,    0,    0,    0,    0,    0,    0,    0,    0,    0,    0,    0,    0,    0,
       0,    0,    0,    0,    0,    0,    0,    0,    0,    0,    0,    0,    0,    0,    0,    0,    0,    0,    0,    0,    0,    0,    0,    0,    0,    0,    0,    0,    0,    0,    0,    0,    0,    0,    0,    0,    0,    0,    0,    0,    0,   11,    0,    0,    0,    0,    0,    0,    0,    0,    0,    0,    0,    0,    0,    0,    0,    0,    0,    0,    0,    0,    0,    0,    0,    0,    0,    0,    0,    0,    0,    0,   11,   11,   11,    0,    0,    0,    0,    0,    0,    0,    0,    0,    0,    0,    0,    0,    0,    0,    0,   11,   15,    0,    0,    0,    0,    0,    0,    0,    0,    0,    0,    0,    0,    0,    0,    0,    0,    0,    0,    0,    0,    0,
       0,    0,    0,    0,  -13,    0,    0,    0,    0,    0,    0,    0,    0,    0,    0,    0,    0,    0,    0,    0,    0,    0,    0,    0,    0,    0,  -25,    0,    0,  -25,    0,    0,    0,    0,    0,    0,    0,    0,    0,  -11,    0,    0,    0,    0,    0,    0,    0,    0,    0,    0,    0,    0,    0,    0,    0,    0,    0,    0,    0,    0,    0,    0,    0,    0,    0,    0,    0,    0,    0,    0,    0,  -11,    0,    0,    0,    0,  -11,    0,    0,    0,    0,    0,    0,    0,    0,  -11,    0,    0,    0,    0,    0,    0,    0,    0,    0,    0,    0,    0,    0,    0,    0,    0,    0,    0,    0,    0,    0,    0,    0,    0,    0,    0,    0,    0,
       0,    0,    0,    0,    0,    0,    0,    0,    0,    0,    0,    0,    0,    0,    0,    0,    0,    0,    0,    0,    0,    0,    0,    0,    0,    0,  -11,    0,    0,    0,  -17,    0,    0,    0,    0,  -21,    0,    0,    0,    0,    0,    0,    0,    0,    0,    0,    0,    0,    0,    0,    0,    0,    0,    0,    0,    0,    0,    0,    0,    0,    0,    0,    0,    0,    0,    0,    0,    0,    0,    0,    0,    0,    0,    0,    0,    0,    0,    0,    0,    0,    0,    0,    0,    0,    0,    0,  -17,  -17,  -17,    0,    0,    0,    0,    0,    0,    0,    0,    0,    0,    0,    0,    0,    0,    0,    0,    0,    0,    0,    0,    0,    0,    0,    0,    0,
       0,    0,    0,    0,  -11,    0,    0,    0,    0,    0,    0,    0,    0,    0,    0,    0,  -16,    0,    0,    0,    0,    0,    0,    0,    0,   -2,  -24,    0,   -2,  -24,    0,    0,    0,    0,   -2,   -3,    0,    0,    0,   -9,    0,    0,    0,    0,   -4,    0,    0,    0,    0,    0,    0,    0,    0,    0,    0,    0,    0,    0,    0,    0,    0,    0,    0,    0,    0,    0,    0,    0,   -4,   -4,   -4,   -9,    0,    0,    0,    0,   -9,    0,    0,   -4,    0,    0,    0,    0,    0,   -9,    0,    0,    0,    0,    0,    0,    0,    0,    0,    0,    0,    0,    0,    0,    0,    0,    0,    0,    0,    0,    0,    0,    0,    0,    0,    0,    0,    0,
       0,    0,    0,    0,    0,    0,    0,    0,    0,    0,    0,    0,    0,    0,    0,    0,    0,    0,    0,    0,    0,    0,    0,    0,    0,    0,    0,    0,    0,    0,    0,    0,    0,    0,    0,    0,    0,    0,    0,    0,    0,    0,    0,    0,    0,    0,    0,    0,    0,    0,    0,    0,    0,    0,    0,    0,    0,    0,    0,    0,    0,    0,    0,    0,    0,    0,    0,    0,    0,    0,    0,    0,    0,    0,    0,    0,    0,    0,    0,    0,    0,    0,    0,    0,    0,    0,    0,    0,    0,    0,    0,    0,    0,    0,    0,    0,    0,    0,    0,    0,    0,    0,    0,   -3,    0,    0,    0,    0,    0,    0,    0,    0,    0,    0,
       0,    0,    0,    0,    0,    0,    0,  -13,    0,  -13,    0,  -11,    0,    0,    0,    0,    0,    0,    0,    0,    0,    0,  -13,    0,    0,    0,    0,    0,    0,    0,  -17,    0,    0,    0,    0,  -19,    0,    0,  -11,    0,    0,    0,    0,    0,    0,    0,    0,    0,    0,    0,    0,  -13,    0,    0,    0,  -24,    0,    0,    0,    0,    0,  -13,    0,    0,    0,    0,    0,    0,    0,    0,    0,    0,    0,    0,    0,    0,    0,    0,    0,    0,    2,    0,    0,    0,    0,    0,  -17,  -42,  -17,    0,    0,    0,    0,    0,  -30,    5,    0,    0,    0,    0,    0,    5,    0,    0,    0,    0,    0,    0,    0,  -21,    0,    0,    0,    0,
       0,    0,    0,    0,    0,    0,    0,    0,    0,    0,    0,    0,    0,    0,  -11,   -4,    0,    0,   -7,    0,    0,    0,    0,    0,    0,    0,  -11,    0,    0,  -15,  -51,    0,  -30,  -17,  -28,  -43,    0,    0,    0,    0,    0,    0,    0,    0,    0,    0,    0,   -1,    0,   -7,    0,    0,    0,    0,    0,    0,    0,    0,    0,    0,   -6,    0,    0,    0,    0,    0,    0,    0,    0,    0,    0,    0,    0,    0,    0,    0,    0,    0,   -1,    0,    0,    0,    0,    0,    0,    0,  -51,  -51,  -51,    0,    0,    0,    0,    0,  -21,    0,    0,    0,    0,    0,    0,    0,    0,    0,    0,    0,    0,    0,    0,    0,    0,    0,    0,    0,
       0,    0,    0,    0,    0,    0,    0,    0,    0,    0,    0,    0,    0,  -13,  -17,  -15,    0,    0,  -17,  -11,    0,    0,    0,    0,    0,    0,  -11,    0,    0,    0,  -43,    0,  -21,  -19,  -13,  -30,  -11,    0,    0,    0,    0,    0,    0,    0,    0,    0,    0,  -11,  -11,  -11,    0,    0,    0,    0,    0,    0,    0,    0,    0,    0,    0,    0,    0,    0,    0,    0,    0,    0,    0,    0,    0,    0,    0,    0,    0,    0,    0,    0,  -11,    0,    0,    0,    0,    0,    0,    0,  -43,  -43,  -43,    0,    0,    0,    0,    0,  -28,    0,    0,    0,    0,    0,    0,    0,    0,    0,    0,    0,    0,    0,    0,    0,    0,    0,    0,    0,
       0,    0,    0,    0,    0,    0,    0,    0,    0,    0,    0,    0,    0,    0,    0,    0,    0,    0,    0,    0,    0,    0,    0,    0,    0,    0,    0,    0,    0,    0,  -23,    0,  -28,  -24,    0,    0,    0,    0,    0,    0,    0,    0,    0,    0,    0,    0,    0,    0,    0,    0,    0,    0,    0,    0,    0,    0,    0,    0,    0,    0,    0,    0,    0,    0,    0,    0,    0,    0,    0,    0,    0,    0,    0,    0,    0,    0,    0,    0,    0,    0,    0,    0,    0,    0,    0,    0,  -23,  -23,  -23,    0,    0,    0,    0,    0,  -21,  -11,    0,    0,    0,    0,    0,  -11,    0,    0,    0,    0,    0,    0,    0,    0,    0,    0,    0,    0,
       0,    0,    0,    0,    0,    0,    0,    0,    0,    0,    0,    0,    0,    0,    0,    0,    0,    0,    0,    0,    0,    0,    0,    0,    0,    0,    0,    0,    0,    0,    0,    0,    0,    0,    0,    0,    0,    0,    0,    0,    0,    0,    0,    0,    0,    0,    0,    0,    0,    0,    0,    0,    0,    0,    0,    0,    0,    0,    0,    0,    0,    0,    0,    0,    0,    0,    0,    0,    0,    0,    0,    0,    0,    0,    0,    7,    0,    0,    0,    0,    0,    0,    7,    7,    0,    0,    0,    0,    0,    0,    0,    0,   13,    7,    0,    0,    0,    0,    0,    0,    0,    0,    0,    0,    0,    0,    0,    0,    0,    0,    0,    0,    0,    0,
       0,    0,    0,    0,    0,    0,    0,    0,    0,    0,    0,    0,    0,    0,    0,    0,    0,    0,    0,    0,    0,    0,    0,    0,    0,    0,  -11,    0,    0,    0,  -30,    0,  -13,    0,  -15,  -15,    0,    0,    0,    0,    0,    0,    0,    0,    0,    0,    0,    0,    0,    0,    0,    0,    0,    0,    0,    0,    0,    0,    0,    0,    0,    0,    0,    0,    0,    0,    0,    0,    0,    0,    0,    0,    0,    0,    0,    0,    0,    0,    0,    0,    0,    0,    0,    0,    0,    0,  -30,  -30,  -30,    0,    0,    0,    0,    0,    0,    0,    0,    0,    0,    0,    0,    0,    0,    0,    0,    0,    0,    0,    0,    0,    0,    0,  -11,    0,
       0,    0,    0,    0,    0,    0,    0,    0,  -34,    0,  -34,    0,    0,    0,    0,    0,    0,    0,    0,    0,    0,    0,    0,    0,    0,    0,  -13,    0,    0,  -13,  -19,    0,  -17,    0,    0,    0,  -13,    0,    0,    0,    0,    0,    0,    0,    0,    0,    0,    0,    0,    0,    0,    0,    0,    0,    0,    0,    0,    0,    0,    0,    0,    0,    0,    0,    0,    0,    0,    0,    0,    0,    0,    0,    0,    0,    0,    0,    0,    0,    0,    0,    0,    0,    0,    0,    0,    0,  -19,  -19,  -19,    0,    0,    0,    0,    0,  -19,    0,  -42,    0,    0,    0,  -34,    0,    0,    0,    0,    0,    0,    0,    0,    0,    0,    0,    0,    0,
       0,    0,    0,    0,    0,    0,    0,    0,    0,    0,    0,    0,    0,    0,    0,    0,    0,    0,    0,    0,    0,    0,    0,    0,    0,    0,    0,    0,    0,    0,  -18,    0,    0,    0,    0,    0,    0,    0,    0,    0,    0,    0,    0,    0,    0,    0,    0,    0,    0,    0,    0,    0,    0,    0,    0,    0,    0,    0,    0,    0,    0,    0,    0,    0,    0,    0,    0,    0,    0,    0,    0,    0,    0,    0,    0,   11,    0,    0,    0,    0,    0,    0,   11,   11,    0,    0,  -18,  -18,  -18,    0,    0,    0,    0,   11,  -39,    0,    0,    0,    0,    0,    0,    0,    0,    0,    0,    0,    0,    0,    0,    0,    0,    0,    0,    0,
       0,    0,    0,    0,    0,    0,    0,    0,    0,    0,    0,    0,    0,    0,    0,    0,    0,    0,    0,    0,    0,    0,    0,    0,    0,    0,    0,    0,    0,    0,  -26,    0,    0,    0,    0,    0,    0,    0,    0,    0,    0,    0,    0,    0,    0,    0,    0,    0,    0,    0,    0,    0,    0,    0,    0,    0,    0,    0,    0,    0,    0,    0,    0,    0,    0,    0,    0,    0,    0,    0,    0,    0,    0,    0,    0,    0,    0,    0,    0,    0,    0,    0,    0,    0,    0,    0,  -26,  -26,  -26,    0,    0,    0,    0,    0,    0,    0,    0,    0,    0,    0,    0,    0,    0,    0,    0,    0,    0,    0,    0,    0,    0,    0,    0,    0,
       0,    0,    0,    0,    0,    2,    0,    0,    0,    0,    0,    0,    0,    0,    0,    0,    0,    0,    0,    0,    0,    0,    0,    0,    0,    0,    0,    0,    0,    0,    0,    0,    0,    0,    0,    0,    0,    0,    0,    0,    0,    0,    0,    0,    0,    1,    0,    0,    0,    0,    0,    0,    2,    0,    0,    0,    0,    0,    0,    0,    0,    0,    0,    0,    0,    0,    0,    0,    0,    0,    0,    0,    0,    0,    0,   35,    0,    0,    0,    0,    0,    0,   36,   35,    0,    0,    0,    0,    0,    0,    0,    0,   24,   35,    0,    0,    0,    0,    0,    0,    0,    0,    0,    0,    0,    0,    0,    0,    0,    0,    0,    0,    0,    0,
       0,    0,    0,    0,    0,    0,    0,    0,    0,    0,    0,    0,    0,   15,    0,    0,    0,    0,   30,    0,    0,    0,    0,    0,    0,    0,    0,   21,    0,    0,   30,    0,   28,    0,    0,    0,   30,    0,    0,    0,   13,   23,   23,    9,    0,   17,    0,    0,    0,    0,    0,    0,    0,    0,    0,    0,    0,    0,    0,    0,    0,    0,    0,    0,    0,    7,    0,    0,    0,    0,    0,    0,   35,   23,   35,   57,    0,    0,    0,    0,    0,   21,   57,   57,   34,    0,   30,   30,   30,    0,   46,   35,   17,   57,    0,    0,    0,    0,    0,    0,    0,    0,    0,    0,    0,    0,    0,    0,    0,    0,    0,    0,    0,    0,
      -4,    0,    0,    0,    0,    0,    0,    0,    0,    0,    0,    0,    0,  -13,    0,    0,    0,    0,    0,    0,    0,    0,    0,    0,    0,    0,    0,    0,    0,    0,  -42,    0,  -17,  -17,    0,  -25,    0,    0,    0,    0,    0,    0,    0,    0,    0,    0,    0,   -6,    0,    0,    0,    0,    0,    0,    0,    0,   -3,    0,    0,    0,    0,    0,    0,    0,    0,    0,    0,    0,    0,    0,    0,    0,    0,    0,    0,    0,    0,    0,   -6,    0,    0,    0,    0,    0,    0,    0,  -42,  -42,  -42,    0,    0,    0,    0,    0,  -15,   -8,    0,    0,    0,    0,    0,   -8,    0,    0,    0,    0,    0,    0,    0,    0,    0,    0,    0,    0,
      -7,    0,    0,    0,    0,   -4,    0,    0,    0,    0,    0,    0,    0,  -11,    0,    0,    0,    0,    0,    0,    0,    0,    0,    0,    0,    0,  -10,    0,    0,    0,  -47,    0,  -18,  -17,   -9,  -29,    0,    0,    0,    0,    0,    0,    0,    0,    0,    0,    0,   -7,   -6,   -8,   -5,    0,    0,  -11,    0,    0,   -3,    0,    0,    0,    0,    0,    0,    0,    0,    0,    0,    0,    3,    3,    3,    0,    0,    0,    0,    0,    0,    0,   -7,    3,    0,    0,    0,    0,    0,    0,  -47,  -47,  -47,    0,    0,    0,   12,    0,  -21,   -8,    0,    0,    0,    0,    0,   -8,    0,    0,    0,    0,    0,    0,    0,    0,    0,    0,    0,    0,
      -4,    0,    0,    0,    0,    0,    0,    0,    0,    0,    0,    0,    0,  -13,    0,    0,    0,    0,    0,    0,    0,    0,    0,    0,    0,    0,    0,    0,    0,    0,  -49,    0,  -17,  -17,    0,  -25,    0,    0,    0,    0,    0,    0,    0,    0,    0,    0,    0,   -6,    0,    0,    0,    0,    0,    0,    0,    0,   -3,    0,    0,    0,    0,    0,    0,    0,    0,    0,    0,    0,    0,    0,    0,    0,    0,    0,    0,    0,    0,    0,   -6,    0,    0,    0,    0,    0,    0,    0,  -49,  -49,  -49,    0,    0,    0,    0,    0,  -15,   -8,    0,    0,    0,    0,    0,   -8,    0,    0,    0,    0,    0,    0,    0,    0,    0,    0,    0,    0,
      11,    0,    0,    0,    0,   33,   19,    0,    0,    0,    0,    0,    0,   15,    0,    0,    0,    0,   15,    0,    0,    0,    0,    0,    0,    0,    0,   11,    0,    0,   13,    0,    0,    0,    0,    0,    0,   19,    0,    0,    0,   13,    9,    9,    0,    0,    0,    0,    0,    0,    0,    0,    0,   14,    0,    0,    6,   19,    0,    0,    0,    0,    0,    0,    0,    0,    0,    0,    0,    0,    0,    0,   13,   13,   29,   17,    0,    0,    0,    0,    0,   11,   17,   17,    9,    0,   13,   13,   13,    0,   11,   30,   15,   17,   11,    0,    0,    0,    0,    0,    0,    0,    0,    0,    0,    0,    0,    0,    0,  -13,    0,    0,    0,    0,
       0,    0,    0,    0,    0,    0,    0,    0,    0,    0,    0,    0,    0,    0,    0,    0,    0,    0,    0,    0,    0,    0,    0,    0,    0,    0,    0,   11,    0,    0,   11,    0,    0,    0,    0,    0,    0,    0,    0,    0,    0,   11,   13,    0,    0,    0,    0,    0,    0,    0,    0,    0,    0,    0,    0,    0,    0,    0,    0,    0,    0,    0,    0,    0,    0,    0,    0,    0,    0,    0,    0,    0,   11,   11,   13,   13,    0,    0,    0,    0,    0,   13,   13,   13,   13,    0,   11,   11,   11,    0,   11,   11,   13,   13,    0,    0,    0,    0,    0,    0,    0,    0,    0,    0,    0,    0,    0,    0,    0,    0,    0,    0,    0,    0,
       0,    0,    0,    0,    0,    0,    0,    0,    0,    0,    0,    0,    0,   15,    0,    0,    0,    0,   30,    0,    0,    0,    0,    0,    0,    0,    0,   21,    0,    0,   30,    0,   28,    0,    0,    0,   30,    0,    0,    0,   13,   36,   34,    9,    0,   17,    0,    0,    0,    0,    0,    0,    0,    0,    0,    0,    0,    0,    0,    0,    0,    0,    0,    0,    0,    7,    0,    0,    0,    0,    0,    0,   36,   36,   36,   57,    0,    0,    0,    0,    0,   21,   57,   57,   34,    0,   30,   30,   30,    0,   46,   36,   36,   57,    0,    0,    0,    0,    0,    0,    0,    0,    0,    0,    0,    0,    0,    0,    0,    0,    0,    0,    0,    0,
       0,    0,    0,    0,    0,    0,    0,    0,    0,    0,    0,    0,    0,   15,    0,    0,    0,    0,   30,    0,    0,    0,    0,    0,    0,    0,    0,   21,    0,    0,   30,    0,   28,    0,    0,    0,   30,    0,    0,    0,   13,   36,   36,    9,    0,   17,    0,    0,    0,    0,    0,    0,    0,    0,    0,    0,    0,    0,    0,    0,    0,    0,    0,    0,    0,    7,    0,    0,    0,    0,    0,    0,   36,   36,   36,   57,    0,    0,    0,    0,    0,   21,   57,   57,   36,    0,   30,   30,   30,    0,   46,   36,   17,   57,    0,    0,    0,    0,    0,    0,    0,    0,    0,    0,    0,    0,    0,    0,    0,    0,    0,    0,    0,    0,
       0,    0,    0,    0,    0,    0,    0,    0,    0,    0,    0,    0,    0,   15,    0,    0,    0,    0,   30,    0,    0,    0,    0,    0,    0,    0,    0,   21,    0,    0,   30,    0,   28,    0,    0,    0,   30,    0,    0,    0,   13,   36,   23,    9,    0,   17,    0,    0,    0,    0,    0,    0,    0,    0,    0,    0,    0,    0,    0,    0,    0,    0,    0,    0,    0,    7,    0,    0,    0,    0,    0,    0,   36,   36,   36,   57,    0,    0,    0,    0,    0,   21,   57,   57,   34,    0,   30,   30,   30,    0,   46,   36,   17,   57,    0,    0,    0,    0,    0,    0,    0,    0,    0,    0,    0,    0,    0,    0,    0,    0,    0,    0,    0,    0,
       0,    0,    0,    0,    0,    2,    0,    0,    0,    0,    0,    0,    0,    0,    0,    0,    0,    0,    0,    0,    0,    0,    0,    0,    0,    0,    0,    0,    0,    0,    0,    0,    0,    0,    0,    0,    0,    0,    0,    0,    0,    0,    0,    0,    0,    1,    0,    0,    0,    0,    0,    0,    2,    0,    0,    0,    0,    0,    0,    0,    0,    0,    0,    0,    0,    0,    0,    0,    0,    0,    0,    0,    0,    0,    0,   35,    0,    0,    0,    0,    0,    0,   36,   35,    0,    0,    0,    0,    0,    0,    0,    0,   24,   36,    0,    0,    0,    0,    0,    0,    0,    0,    0,    0,    0,    0,    0,    0,    0,    0,    0,    0,    0,    0,
     -30,    0,    0,    0,    0,    0,  -59,  -45,    0,  -45,    0,    0,    0,  -15,    0,    0,    0,    0,    0,    0,    0,    0,    0,    0,   -6,   -9,    0,    0,   -9,    0,  -32,    0,  -23,    0,    0,  -19,    0,  -59,    0,    0,    0,    0,    0,    0,    0,   -7,    0,  -23,    0,    0,    0,  -43,    0,  -32,  -21,  -45,  -27,  -59,    0,    0,  -29,  -45,    0,    0,    0,    0,    0,  -11,    0,    0,    0,    0,    0,    0,    0,    0,    0,    0,  -23,    0,    0,    0,    0,    0,    0,    0,  -32,  -32,  -32,    0,    0,    0,    0,    0,  -28,  -13,    0,  -15,  -15,  -11,    0,  -36,    0,    0,    0,    0,    0,    0,    0,    0,    0,    0,    0,    0,
       0,    0,    0,    0,    0,    0,    0,    0,    0,    0,    0,    0,    0,    0,    0,    0,    0,    0,    0,    0,    0,    0,    0,    0,    0,    0,    0,    0,    0,    0,    0,    0,    0,    0,    0,    0,    0,    0,    0,    0,    0,    0,    0,    0,    0,    4,    0,    2,    0,    0,    0,    0,    0,    0,    0,    0,    0,    0,    0,    0,    0,    0,    0,    0,    0,    0,   11,    0,    0,    0,    0,    0,    0,    0,    0,   21,    0,    0,    2,    0,   11,    0,   21,   21,    0,    0,    0,    0,    0,    0,    0,    0,   29,   21,    0,    0,    0,    0,    0,    0,    0,    0,    0,    0,    0,    0,    0,    0,    0,    0,    0,    0,    0,    0,
     -30,    0,    0,    0,    0,    0,  -57,  -42,    0,  -42,    0,    0,    0,  -15,    0,    0,    0,    0,    0,    0,    0,    0,    0,    0,   -6,   -9,    0,    0,   -9,    0,  -32,    0,  -23,    0,    0,  -19,    0,  -43,    0,    0,    0,    0,    0,    0,    0,   -7,    0,  -23,    0,    0,    0,  -40,    0,  -32,  -21,  -42,  -27,  -59,    0,    0,  -29,  -42,    0,    0,    0,    0,    0,  -11,    0,    0,    0,    0,    0,    0,    0,    0,    0,    0,  -23,    0,    0,    0,    0,    0,    0,    0,  -32,  -32,  -32,    0,    0,    0,    0,    0,  -28,  -13,    0,  -15,  -15,  -11,    0,  -36,    0,    0,    0,    0,    0,    0,    0,    0,    0,    0,    0,    0,
       0,    0,    0,    0,    0,    0,    0,    0,    0,    0,    0,    0,    0,    0,    0,    0,    0,    0,    0,    0,    0,    0,    0,    0,    0,    0,    0,    0,    0,    0,    0,    0,    0,    0,    0,  -11,    0,    0,    0,    0,    0,    0,    0,    0,    0,    0,    0,    0,    0,    0,    0,    0,    0,    0,    0,    0,    0,    0,    0,    0,    0,    0,    0,    0,    0,    0,    0,    0,    0,    0,    0,    0,    0,    0,    0,    0,    0,    0,    0,    0,    0,    0,    0,    0,    0,    0,    0,    0,    0,    0,    0,    0,    0,    0,    0,    0,    0,    0,    0,    0,    0,    0,    0,    0,    0,    0,    0,    0,    0,    0,    0,    0,    0,    0,
       0,    0,    0,    0,    0,    0,    0,    0,    0,    0,    0,    0,    0,    0,    0,    0,    0,    0,    0,    0,    0,    0,    0,    0,    0,    0,    0,    0,    0,    0,    0,    0,    0,    0,    0,    0,    0,    0,    0,    0,    0,    0,    0,    0,    0,    4,    0,    2,    0,    0,    0,    0,    0,    0,    0,    0,    0,    0,    0,    0,    0,    0,    0,    0,    0,    0,   22,    0,    0,    0,    0,    0,    0,    0,    0,   21,    0,    0,    2,    0,   11,    0,   21,   21,    0,    0,    0,    0,    0,    0,    0,    0,   16,   21,    0,    0,    0,    0,    0,    0,    0,    0,    0,    0,    0,    0,    0,    0,    0,    0,    0,    0,    0,    0,
     -30,    0,    0,    0,    0,    0,  -55,  -28,    0,  -45,    0,    0,    0,  -15,    0,    0,    0,    0,    0,    0,    0,    0,    0,    0,   -6,   -9,    0,    0,   -9,    0,  -32,    0,  -23,    0,    0,  -38,    0,  -55,    0,    0,    0,    0,    0,    0,    0,   -7,    0,  -23,    0,    0,    0,  -42,    0,  -32,  -21,  -72,  -27,  -55,    0,    0,  -29,  -49,    0,    0,    0,    0,    0,  -11,    0,    0,    0,    0,    0,    0,    0,    0,    0,    0,  -23,    0,    0,    0,    0,    0,    0,    0,  -32,  -32,  -32,    0,    0,    0,    0,    0,  -28,  -24,    0,  -15,  -15,  -11,    0,  -24,    0,    0,    0,    0,    0,    0,    0,    0,    0,    0,    0,    0,
       0,    0,    0,    0,    0,    0,    0,    0,    0,    0,    0,    0,    0,    0,    0,    0,    0,    0,    0,    0,    0,    0,    0,    0,    0,    0,    0,    0,    0,    0,    0,    0,    0,    0,    0,    0,    0,    0,    0,    0,    0,    0,    0,    0,    0,   11,    0,    2,    0,    0,    0,    0,    0,    0,    0,    0,    0,    0,    0,    0,    0,    0,    0,    0,    0,    0,   22,    0,    0,    0,    0,    0,    0,    0,    0,   21,    0,    0,    2,    0,   11,    0,   21,   21,    0,    0,    0,    0,    0,    0,    0,    0,   16,   21,    0,    0,    0,    0,    0,    0,    0,    0,    0,    0,    0,    0,    0,    0,    0,    0,    0,    0,    0,    0,
       0,    0,    0,    0,  -11,    0,    0,  -36,  -11,  -36,  -11,  -43,  -11,    0,    0,    0,  -23,    0,  -26,    0,    0,  -11,  -26,  -11,    0,  -11,  -29,    0,  -11,  -30,    0,    0,    0,    0,    0,    5,    0,    0,  -19,  -29,   -1,    0,    0,  -21,  -28,  -27,  -37,  -25,  -24,  -47,  -31,  -36,    0,    0,  -43,  -36,    0,    0,    0,  -37,    0,  -36,    0,  -17,    0,    0,    0,  -11,  -27,  -41,  -41,  -46,    0,    0,    0,   30,  -46,  -37,  -36,  -27,    0,    0,   30,   30,    0,  -29,    0,    0,    0,  -37,    0,    0,   42,   30,    0,    0,  -40,    0,    0,  -11,  -40,    0,    0,    0,    0,    0,    0,    0,    0,  -42,    0,    0,    0,    0,
       0,    0,    0,    0,  -11,    0,    0,  -36,  -11,  -36,  -11,  -43,  -11,    0,    0,    0,  -23,    0,  -26,    0,    0,  -11,  -26,  -11,    0,  -11,  -29,    0,  -11,  -30,    0,    0,    0,    0,    0,    5,    0,    0,  -19,  -29,   -1,    0,    0,  -21,  -28,  -27,  -26,  -25,  -24,  -23,  -19,  -36,    0,    0,  -43,  -36,    0,    0,    0,  -60,    0,  -36,    0,  -17,    0,    0,    0,  -11,  -27,  -41,  -41,  -46,    0,    0,    0,   30,  -46,  -46,  -36,  -27,    0,    0,   30,   30,    0,  -29,    0,    0,    0,  -39,    0,    0,   42,   30,    0,    0,  -40,    0,    0,  -11,  -40,    0,    0,    0,    0,    0,    0,    0,    0,  -42,    0,    0,    0,    0,
       0,    0,    0,    0,  -11,    0,    0,  -25,  -11,  -25,  -11,  -43,  -11,    0,    0,    0,  -23,    0,  -26,    0,    0,  -11,  -26,  -11,    0,  -11,  -48,    0,  -11,  -70,    0,    0,    0,    0,    0,    5,    0,    0,  -19,  -29,   -1,    0,    0,  -21,  -28,  -27,  -26,  -25,  -24,  -23,  -19,  -25,    0,    0,  -43,  -25,    0,    0,    0,  -60,    0,  -51,    0,  -17,    0,    0,    0,  -11,  -27,  -41,  -41,  -46,    0,    0,    0,   30,  -46,  -46,  -36,  -27,    0,    0,   30,   30,    0,  -29,    0,    0,    0,  -39,    0,    0,   42,   30,    0,    0,  -40,    0,    0,  -11,  -40,    0,    0,    0,    0,    0,    0,    0,    0,  -66,    0,    0,    0,    0,
       0,    0,    0,    0,    0,    0,    0,    0,    0,    0,    0,    0,    0,    0,    0,    0,    0,    0,    0,    0,    0,    0,    0,    0,    0,    0,    0,    0,    0,    0,    0,    0,    0,    0,    0,    0,    0,    0,    0,  -21,  -10,    0,    0,  -18,  -18,   -9,  -18,  -18,  -18,  -18,  -18,    0,    0,    0,    0,    0,    0,    0,    0,  -18,    0,    0,    0,    0,    0,    0,    0,    0,  -18,  -18,  -18,  -21,    0,    0,    0,    0,  -21,  -18,  -18,  -18,    0,    0,    0,    0,    0,  -21,    0,    0,    0,  -18,    0,    0,    0,    0,    0,    0,    0,    0,    0,    0,    0,    0,    0,    0,    0,    0,    0,    0,    0,    0,    0,    0,    0,    0,
       0,    0,    0,    0,    0,    0,    0,    0,    0,    0,    0,    0,    0,    0,    0,    0,    0,    0,    0,    0,    0,    0,    0,    0,    0,    0,    0,    0,    0,    0,  -24,    0,    0,    0,    0,    0,    0,    0,    0,   -5,    0,    0,    0,    0,    0,    0,    0,    0,    0,    0,    0,    0,    0,    0,    0,    0,    0,    0,    0,    0,    0,    0,    0,    0,    0,    0,    0,    0,    0,    0,    0,   -5,    0,    0,    0,    0,   -5,    0,    0,    0,    0,    0,    0,    0,    0,   -5,  -24,  -24,  -24,    0,    0,    0,    0,    0,    0,    0,    0,    0,    0,    0,    0,    0,    0,    0,    0,    0,    0,    0,    0,    0,    0,    0,    0,    0,
       0,    0,    0,    0,    0,    2,    0,    0,    0,    0,    0,    0,    0,    0,    0,    0,    0,    0,    0,    0,    0,    0,    0,    0,    0,    0,    0,    0,    0,    0,    0,    0,    0,    0,    0,    0,    0,    0,    0,    0,    0,    0,    0,    0,    0,    1,    0,    0,    0,    0,    0,    0,    2,    0,    0,    0,    0,    0,    0,    0,    0,    0,    0,    0,    0,    0,    0,    0,    0,    0,    0,    0,    0,    0,    0,   35,    0,    0,    0,    0,    0,    0,   35,   35,    0,    0,    0,    0,    0,    0,    0,    0,   39,   35,    0,    0,    0,    0,    0,    0,    0,    0,    0,    0,    0,    0,    0,    0,    0,    0,    0,    0,    0,    0,
      -7,    0,    0,    0,    0,   -4,    0,    0,    0,    0,    0,    0,    0,  -11,    0,    0,    0,    0,    0,    0,    0,    0,    0,    0,    0,    0,  -10,    0,    0,    0,  -56,    0,  -18,  -17,   -9,  -29,    0,    0,    0,    0,    0,    0,    0,    0,    0,    0,    0,   -7,   -6,   -8,   -5,    0,    0,  -11,    0,    0,   -3,    0,    0,    0,    0,    0,    0,    0,    0,    0,    0,    0,    3,    3,    3,    0,    0,    0,    0,    0,    0,    0,   -7,    3,    0,    0,    0,    0,    0,    0,  -56,  -56,  -56,    0,    0,    0,   12,    0,  -21,   -8,    0,    0,    0,    0,    0,   -8,    0,    0,    0,    0,    0,    0,    0,    0,    0,    0,    0,    0,
       0,    0,    0,    0,    0,    0,    0,    0,    0,    0,    0,    0,    0,    0,    0,    0,    0,    0,    0,    0,    0,    0,    0,    0,    0,    0,    0,    0,    0,    0,    0,    0,    0,    0,    0,    0,    0,    0,    0,    0,    0,    0,    0,    0,    0,    0,    0,    0,    0,    0,    0,    0,    0,    0,    0,    0,    0,    0,    0,    0,    0,    0,    0,    0,    0,    0,    0,    0,    0,    0,    0,    0,    0,    0,    0,    0,    0,    0,    0,    0,    0,    0,    0,    0,    0,    0,    0,    0,    0,    0,    0,    0,   11,    0,    0,    0,    0,    0,    0,    0,    0,    0,    0,    0,    0,    0,    0,    0,    0,    0,    0,    0,    0,    0,
       0,    0,    0,    0,    0,    0,    0,  -13,    0,  -13,    0,  -11,    0,    0,    0,    0,    0,    0,    0,    0,    0,    0,  -13,    0,    0,    0,    0,    0,    0,    0,  -32,    0,    0,    0,    0,  -19,    0,    0,  -11,    0,    0,    0,    0,    0,    0,    0,    0,    0,    0,    0,    0,  -13,    0,    0,    0,  -24,    0,    0,    0,    0,    0,  -13,    0,    0,    0,    0,    0,    0,    0,    0,    0,    0,    0,    0,    0,    0,    0,    0,    0,    0,    2,    0,    0,    0,    0,    0,  -32,  -32,  -32,    0,    0,    0,    0,    0,  -13,    5,    0,    0,    0,    0,    0,    5,    0,    0,    0,    0,    0,    0,    0,  -21,    0,    0,    0,    0,
       0,    0,    0,    0,    0,    0,    0,    0,    0,    0,    0,    0,    0,    0,    0,    0,    0,    0,    0,    0,    0,    0,    0,    0,    0,    0,    0,    0,    0,    0,    0,    0,    0,    0,    0,    0,    0,    0,    0,    0,    0,    0,    0,    0,    0,    0,    0,    0,    0,    0,    0,    0,    0,    0,    0,    0,    0,    0,    0,    0,    0,    0,    0,    0,    0,    0,    0,    0,    0,    0,    0,    0,    0,    0,    0,    7,    0,    0,    0,    0,    0,    0,    7,    7,    0,    0,    0,    0,    0,    0,    0,    0,   24,    7,    0,    0,    0,    0,    0,    0,    0,    0,    0,    0,    0,    0,    0,    0,    0,    0,    0,    0,    0,    0,
       0,    0,    0,    0,    0,    2,    0,    0,    0,    0,    0,    0,    0,    0,    0,    0,    0,    0,    0,    0,    0,    0,    0,    0,    0,    0,    0,    0,    0,    0,    0,    0,    0,    0,    0,    0,    0,    0,    0,    0,    0,    0,    0,    0,    0,    1,    0,    0,    0,    0,    0,    0,    2,    0,    0,    0,    0,    0,    0,    0,    0,    0,    0,    0,    0,    0,    0,    0,    0,    0,    0,    0,    0,    0,    0,   35,    0,    0,    0,    0,    0,    0,   35,   35,    0,    0,    0,    0,    0,    0,    0,    0,   28,   35,    0,    0,    0,    0,    0,    0,    0,    0,    0,    0,    0,    0,    0,    0,    0,    0,    0,    0,    0,    0,
       0,    0,    0,    0,    0,    0,    0,    0,    0,    0,    0,    0,    0,   15,    0,    0,    0,    0,   30,    0,    0,    0,    0,    0,    0,    0,    0,   21,    0,    0,   30,    0,   28,    0,    0,    0,   30,    0,    0,    0,   13,   35,   36,    9,    0,   17,    0,    0,    0,    0,    0,    0,    0,    0,    0,    0,    0,    0,    0,    0,    0,    0,    0,    0,    0,    7,    0,    0,    0,    0,    0,    0,   35,   35,   35,   57,    0,    0,    0,    0,    0,   21,   57,   57,   36,    0,   30,   30,   30,    0,   46,   35,   32,   71,    0,    0,    0,    0,    0,    0,    0,    0,    0,    0,    0,    0,    0,    0,    0,    0,    0,    0,    0,    0,
       0,    0,    0,    0,  -21,    0,    0,    0,  -28,    0,  -28,  -32,    0,    0,    0,    0,  -21,    0,    0,    0,    0,    0,    0,    0,    0,    0,  -32,    0,    0,  -49,    0,    0,    0,    0,    0,    0,    0,    0,    0,  -14,    0,    0,    0,    0,   -8,    0,    0,    0,    0,    0,    0,    0,    0,    0,    0,    0,    0,    0,    0,    0,    0,    0,    0,    0,  -21,    0,    0,    0,    0,    0,    0,  -14,    0,    0,    0,    0,  -14,    0,    0,    0,    0,    0,    0,    0,    0,  -14,    0,    0,    0,    0,    0,    0,    0,    0,    0,    0,  -21,    0,    0,    0,  -28,    0,    0,    0,    0,    0,    0,    0,    0,    0,    0,    0,    0,    0,
       0,  -42,    0,    0,  -23,    0,    0,  -21,  -33,  -21,  -33,  -47,  -15,    0,    0,    0,  -32,    0,  -21,  -13,    0,  -19,  -32,  -19,    0,  -19,  -46,    0,  -19,  -42,    0,    0,    0,    0,    0,    0,    0,    0,  -13,  -21,    0,    0,    0,   -7,  -26,    5,  -13,    5,    0,    0,    0,  -36,    0,    0,  -28,  -21,    0,    0,    0,  -28,   -4,  -21,    0,    0,  -23,    0,    0,    0,  -19,  -19,  -19,  -21,    0,    0,    0,    0,  -21,  -13,    5,  -19,    0,    0,    0,    0,    0,  -21,    0,    0,    0,  -13,    0,    0,    0,    0,    0,    0,    0,    0,    0,    0,  -33,    0,    0,    0,    0,    0,    0,    0,    0,    0,    0,    0,    0,    0,
       0,    0,    0,    0,    0,    0,    0,    0,    0,    0,    0,    0,    0,  -23,    0,    0,    0,    0,    0,    0,    0,    0,    0,    0,    0,    0,    0,    0,    0,    0,  -32,    0,  -30,  -21,    0,  -36,    0,    0,    0,    0,    0,    0,    0,    0,    0,    0,    0,  -17,    0,    0,    0,    0,    0,    0,    0,    0,    0,    0,    0,    0,    0,    0,    0,    0,    0,    0,    0,    0,  -11,  -11,  -11,    0,    0,    0,    0,    0,    0,    0,  -17,  -11,    0,    0,    0,    0,    0,    0,  -32,  -32,  -32,    0,    0,    0,    0,    0,  -42,  -32,    0,    0,    0,    0,    0,  -32,    0,    0,    0,    0,    0,    0,    0,    0,    0,    0,    0,    0,
       0,    0,    0,    0,    0,    0,    0,    0,    0,    0,    0,    0,    0,    0,    0,    0,    0,    0,    0,    0,    0,    0,    0,    0,    0,    0,  -11,    0,    0,    0,  -11,    0,  -13,    0,  -15,  -15,    0,    0,    0,    0,    0,    0,    0,    0,    0,    0,    0,    0,    0,    0,    0,    0,    0,    0,    0,    0,    0,    0,    0,    0,    0,    0,    0,    0,    0,    0,    0,    0,    0,    0,    0,    0,    0,    0,    0,    0,    0,    0,    0,    0,    0,    0,    0,    0,    0,    0,  -11,  -11,  -11,    0,    0,    0,    0,    0,    0,    0,    0,    0,    0,    0,    0,    0,    0,    0,    0,    0,    0,    0,    0,    0,    0,    0,  -11,    0,
     -27,    0,    0,    0,    0,    0,    0,    0,    0,    0,    0,    0,   -8,  -30,    0,   -8,    0,   -5,   -5,   -7,   -2,    0,    0,    0,  -33,  -15,    0,    0,  -15,    0,  -11,    0,    0,    0,    0,  -11,    0,    0,    0,    0,    0,    0,    0,    0,    0,    0,    0,    0,    0,    0,    0,    0,    0,    0,    0,    0,    0,    0,    0,    0,  -18,    0,    0,    0,    0,    0,    0,    0,    0,    0,    0,    0,    0,    0,    0,    0,    0,    0,    0,    0,    0,    0,    0,    0,    0,    0,  -11,  -11,  -11,    0,    0,    0,    0,    0,    0,  -19,    0,  -45,  -61,    0,    0,  -19,    0,    0,    0,    0,    0,    0,    0,    0,    0,    0,    0,    0,
       0,    0,    0,    0,    0,    0,    0,    0,    0,    0,    0,    0,    0,    0,    0,    0,    0,    0,    0,    0,    0,    0,    0,    0,    0,    0,    0,    0,    0,    0,    0,    0,    0,    0,    0,    0,    0,    0,    0,    0,    0,    0,    0,    0,    0,    0,    0,    0,    0,    0,    0,    0,    0,    0,    0,    0,    0,    0,    0,    0,    0,    0,    0,    0,    0,    0,    0,    0,    0,    0,    0,    0,    0,    0,    0,    0,    0,    0,    0,    0,    0,    0,    0,    0,    0,    0,    0,    0,    0,    0,    0,    0,    0,    0,    0,    0,    0,    0,    0,    0,    0,    0,    0,    0,    0,    0,    7,    0,    0,    0,    0,    0,    0,    0,
       0,    0,    0,    0,    0,    0,    0,    0,    0,    0,    0,    0,    0,    0,    0,    0,    0,    0,    0,    0,    0,    0,    0,    0,    0,    0,    0,    0,    0,    0,    0,    0,    0,    0,    0,    0,    0,    0,    0,    0,    0,    0,    0,    0,    0,    0,    0,    0,    0,    0,    0,    0,    0,    0,    0,    0,    0,    0,    0,    0,    0,    0,   -2,    0,    0,    0,    0,    0,    0,    0,    0,    0,    0,    0,    0,    0,    0,    0,    0,    0,    0,    0,    0,    0,    0,    0,    0,    0,    0,    0,    0,    0,    0,    0,    0,    0,    0,    0,    0,    0,    0,    0,    0,    0,   -5,    0,    0,    0,    0,    0,    0,    0,    0,    0,
       0,    0,    0,    0,    0,    0,    0,    0,    0,    0,    0,    0,    0,    0,    0,    0,    0,    0,    0,    0,    0,    0,    0,    0,    0,    0,    0,    0,    0,    0,    0,    0,    0,    0,    0,    0,    0,    0,    0,    0,    0,    0,    0,    0,    0,    0,    0,    0,    0,    0,    0,    0,    0,    0,    0,    0,    0,    0,    0,    0,    0,    0,    0,    0,    0,    0,    0,    0,    0,    0,    0,    0,    0,    0,    0,    0,    0,    0,    0,    0,    0,    0,    0,    0,    0,    0,    0,    0,    0,    0,    0,    0,    0,    0,    0,    0,    0,    0,    0,    0,    0,    0,    0,  -18,    4,   -2,    0,  -11,    0,    0,    0,    0,    0,    0,
       0,    0,    0,    0,    0,    0,    0,    0,    0,    0,    0,    0,    0,    0,    0,    0,    0,    0,    0,    0,    0,    0,    0,    0,    0,    0,    0,    0,    0,    0,    0,    0,    0,    0,    0,    0,    0,    0,    0,    0,    0,    0,    0,    0,    0,    0,    0,    0,    0,    0,    0,    0,    0,    0,    0,    0,    0,    0,   -7,    0,    0,    0,    0,    0,    0,    0,    0,    0,    0,    0,    0,    0,    0,    0,    0,    0,    0,    0,    0,    0,    0,    0,    0,    0,    0,    0,    0,    0,    0,    0,    0,    0,    0,    0,    0,    0,    0,    0,    0,    0,    0,    0,    0,    0,   -5,    0,    0,    0,    0,    0,    0,    0,    0,    0,
       0,    0,    0,    0,    0,    0,    0,    0,    0,    0,    0,    0,    0,  -30,    0,    0,    0,    0,    0,    0,    0,    0,    0,    0,    0,  -13,    0,    0,  -13,    0,  -42,    0,  -44,  -29,    0,  -50,    0,    0,    0,    0,    0,    0,    5,    0,    0,    0,    0,  -17,    0,    0,    0,    0,    0,    0,    0,    0,    0,    0,    0,    0,    0,    0,    0,    0,    0,    0,    0,    0,    0,    0,    0,    0,    0,    0,    0,    0,    0,    0,  -17,    0,    0,    0,    0,    0,    5,    0,  -42,  -42,  -66,    0,    0,    0,    0,    0,    0,    0,    0,    0,    0,    0,    0,    0,    0,    0,    0,    0,    0,    0,    0,   -8,   -5,    0,    0,    0,
       0,    0,    0,    0,    0,    0,    0,    0,    0,    0,    0,    0,    0,    0,    0,    0,    0,    0,    0,    0,    0,    0,    0,    0,    0,    0,    0,    0,    0,    0,    0,    0,    0,    0,    0,    0,    0,    0,    0,    0,    0,    0,    0,    0,    0,    0,    0,    0,    0,    0,    0,    0,    0,    0,    0,    0,    0,    0,    0,    0,    0,    0,    0,    0,    0,    0,    0,    0,    0,    0,    0,    0,    0,    0,    0,    0,    0,    0,    0,    0,    0,    0,    0,    0,    0,    0,    0,    0,    0,    0,    0,    0,    0,    0,    0,    0,    0,    0,    0,    0,    0,    0,    0,    0,    0,    0,    0,    0,   -5,    0,    0,    0,    0,    0,
       0,    0,    0,    0,    0,    0,    0,    0,    0,    0,    0,    0,    0,    0,    0,    0,    0,    0,    0,    0,    0,    0,    0,    0,    0,    0,    0,    0,    0,    0,    0,    0,    0,    0,    0,    0,    0,    0,    0,    0,    0,    0,    0,    0,    0,    0,    0,    0,    0,    0,    0,    0,    0,    0,    0,    0,    0,    0,    0,    0,    0,    0,    0,    0,    0,    0,    0,    0,    0,    0,    0,    0,    0,    0,    0,    0,    0,    0,    0,    0,    0,    0,    0,    0,    0,    0,    0,    0,    0,    0,    0,    0,    0,    0,    0,    0,    0,    0,    0,    0,    0,    0,    0,    0,    0,    0,    0,    0,    0,  -16,    0,    0,    0,    0,
       0,    0,    0,    0,    0,    0,    0,    0,    0,    0,    0,    0,    0,    0,    0,    0,    0,    0,    0,    0,    0,    0,    0,    0,    0,    0,    0,    0,    0,    0,    0,    0,    0,    0,    0,    0,    0,    0,    0,    0,    0,    0,    0,    0,    0,    0,    0,    0,    0,    0,    0,    0,    0,    0,    0,    0,    0,    0,    0,    0,    0,    0,    0,    0,    0,    0,    0,    0,    0,    0,    0,    0,    0,    0,    0,    0,    0,    0,    0,    0,    0,    0,    0,    0,    0,    0,    0,    0,    0,    0,    0,    0,   13,    0,    0,    0,    0,    0,    0,    0,    0,    0,    0,    0,    0,    0,    0,    0,    0,    0,    0,    0,    0,    0,
       0,    0,    0,    0,    0,    0,    0,    0,    0,    0,    0,    0,   -1,    0,    0,    0,    0,    0,    0,    0,    0,    0,    0,    0,    0,    0,    0,    0,    0,    0,    0,    0,    0,    0,    0,    0,    0,    0,    0,    0,    0,    0,    0,    0,    0,    0,    0,    0,    0,    0,    0,    0,    0,    0,    0,    0,    0,    0,    0,    0,    0,    0,    0,    0,    0,    0,    0,    0,    0,    0,    0,    0,    0,    0,    0,    0,    0,    0,    0,    0,    0,    0,    0,    0,    0,    0,    0,    0,    0,    0,    0,    0,    0,    0,    0,    0,    0,    0,    0,    0,    0,    0,    0,    0,    0,    0,    0,    0,    0,    0,    0,    0,    0,    0,
       0,    0,    0,    0,    0,    0,    0,    0,  -23,    0,  -23,  -13,    0,    0,    0,    0,    0,    0,    0,    0,    0,    0,    0,    0,    0,    0,    0,    0,    0,    0,    0,    0,    0,    0,    0,    0,    0,    0,  -17,    0,    0,    0,    0,    0,    0,    0,    0,    0,    0,    0,    0,    0,    0,    0,    0,    0,    0,    0,    0,    0,    0,    0,    0,    0,    0,    0,    0,    0,    0,    0,    0,    0,    0,    0,    0,    0,    0,    0,    0,    0,    0,    0,    0,    0,    0,    0,    0,    0,    0,    0,    0,    0,    0,    0,    0,    0,    0,    0,    0,    0,  -23,    0,    0,    0,    0,    0,    0,    0,    0,    0,    0,    0,    0,    0,
};

static const EpdFontData inter_10_italic = {
    inter_10_italicBitmaps,
    inter_10_italicGlyphs,
    inter_10_italicIntervals,
    56,
    25,
    21,
    -6,
    true,
    inter_10_italicGroups,
    10,
    nullptr,
    inter_10_italicKernLeftClasses,
    inter_10_italicKernRightClasses,
    inter_10_italicKernMatrix,
    449,
    452,
    118,
    114,
    nullptr,
    0,
};
