/**
 * generated by fontconvert.py
 * name: inter_10_regular
 * size: 10
 * mode: 2-bit  compressed: true
 * Command used: fontconvert.py inter_10_regular 10 ../builtinFonts/source/Inter/Inter-Regular.ttf --2bit --compress --pnum --exclude-intervals 0x0400,0x04FF --exclude-intervals 0x1EA0,0x1EF9 --exclude-intervals 0x01A0,0x01A1 --exclude-intervals 0x01AF,0x01B0
 */
#pragma once
#include "EpdFontData.h"

static const uint8_t inter_10_regularBitmaps[12877] = {
    0x95, 0x57, 0x3F, 0x6C, 0xDC, 0xD6, 0x1D, 0xFE, 0x48, 0xBA, 0x66, 0x51, 0x42, 0xA2, 0x06, 0x0D,
    0x05, 0xE2, 0x3B, 0x66, 0x0C, 0x0C, 0x5D, 0xAE, 0xC3, 0x0D, 0x4C, 0xCC, 0x3B, 0x32, 0x35, 0xD0,
    0x35, 0x42, 0x61, 0x27, 0x83, 0x0B, 0x78, 0xC9, 0x50, 0xA4, 0x83, 0x35, 0xD0, 0x35, 0x9B, 0x9C,
    0x2D, 0x02, 0x1E, 0x32, 0x64, 0xC9, 0x14, 0x03, 0xF5, 0xA2, 0xA1, 0x83, 0x7B, 0x2A, 0xA2, 0x2B,
    0x7A, 0x2D, 0x0E, 0xAE, 0x2A, 0xBD, 0x24, 0x40, 0x33, 0x74, 0x30, 0x8B, 0x02, 0xCD, 0x68, 0xB6,
    0x75, 0x51, 0xC0, 0x43, 0xFA, 0x6A, 0x1C, 0x90, 0x83, 0x73, 0xD2, 0xEB, 0xF7, 0x1E, 0xEF, 0xA4,
    0x93, 0x2D, 0xA9, 0xEE, 0xE3, 0xFB, 0xDD, 0x91, 0xEF, 0x3D, 0xBE, 0xDF, 0xFF, 0xEF, 0xFD, 0x88,
    0x68, 0xDA, 0xC2, 0x70, 0x09, 0xCB, 0xDD, 0x2E, 0x80, 0x27, 0xC5, 0x93, 0xE2, 0x3F, 0x42, 0x5F,
    0xAB, 0x09, 0x74, 0x93, 0xE7, 0x80, 0x72, 0x05, 0x28, 0x22, 0x58, 0x45, 0x88, 0xA6, 0x52, 0xF9,
    0x4B, 0x8F, 0xEF, 0x27, 0x8E, 0x58, 0x83, 0x93, 0xF7, 0xE1, 0x24, 0x12, 0xD7, 0x1E, 0x3F, 0xC5,
    0xAE, 0xDA, 0x87, 0x67, 0x15, 0xF0, 0x2D, 0x81, 0x45, 0x5B, 0x60, 0xC1, 0x11, 0xC0, 0x12, 0xD0,
    0x02, 0x52, 0x78, 0x2A, 0x6F, 0xDE, 0x97, 0x51, 0x6B, 0x98, 0xB6, 0xC2, 0xAC, 0x85, 0x76, 0x0B,
    0xC1, 0x18, 0xB6, 0xCA, 0x71, 0x61, 0x84, 0x56, 0x17, 0xAD, 0x48, 0xB6, 0xA2, 0xAC, 0xD5, 0x8D,
    0x7F, 0x2F, 0xB9, 0x52, 0xBF, 0xD2, 0xD2, 0x9C, 0xBF, 0x45, 0x8A, 0x0B, 0xAB, 0xE8, 0x4B, 0x47,
    0x94, 0x6B, 0x1E, 0xCA, 0xB5, 0x1A, 0xFA, 0xFD, 0x90, 0x63, 0x7D, 0x7C, 0xE7, 0x8D, 0x02, 0xE4,
    0x0F, 0xF2, 0xDC, 0x40, 0xCD, 0xDB, 0x46, 0xB8, 0xB0, 0x48, 0x51, 0xC9, 0xB9, 0xB6, 0xE8, 0xE4,
    0x8B, 0x35, 0x1F, 0xEE, 0x98, 0xAF, 0x27, 0x58, 0x06, 0x19, 0x25, 0x70, 0xBF, 0x14, 0x5C, 0x5A,
    0x52, 0xBC, 0x12, 0xDE, 0x45, 0x01, 0xE7, 0x61, 0x02, 0x6B, 0x8F, 0x5B, 0x4C, 0x00, 0xFF, 0x93,
    0xB3, 0x68, 0xF8, 0x6F, 0x22, 0x72, 0x1E, 0x22, 0xC2, 0x1E, 0x1A, 0xD8, 0x86, 0x7F, 0x67, 0x1F,
    0x8E, 0xFA, 0x30, 0xAF, 0x4C, 0xA0, 0xDB, 0x2A, 0x79, 0x61, 0x91, 0x93, 0x11, 0x42, 0xAA, 0xD4,
    0x87, 0x3C, 0xB8, 0xFA, 0x18, 0x20, 0xE3, 0x78, 0x03, 0x3E, 0xD7, 0x80, 0x77, 0x35, 0x73, 0xE7,
    0x26, 0x4E, 0xEE, 0x08, 0x47, 0xD8, 0xD3, 0x4B, 0xDF, 0xBB, 0xB9, 0xC7, 0xB9, 0x1A, 0xD7, 0xB0,
    0xD1, 0x4E, 0xF6, 0xA7, 0xB8, 0xFF, 0x50, 0x9B, 0xC3, 0x1B, 0x61, 0xE7, 0x2B, 0xFC, 0xF0, 0x8F,
    0x7A, 0x90, 0x72, 0x93, 0xC9, 0x41, 0x3F, 0xBF, 0x73, 0x2F, 0x56, 0xE3, 0xF9, 0x11, 0x44, 0x61,
    0xDA, 0xEF, 0x73, 0xD5, 0xEE, 0xE4, 0xF2, 0x25, 0xE3, 0xB8, 0x57, 0x0E, 0xA4, 0x2A, 0x2D, 0xCD,
    0x2A, 0x77, 0x12, 0xCD, 0x68, 0x91, 0xAC, 0x56, 0xA6, 0x22, 0xD3, 0x1B, 0xCB, 0x70, 0x55, 0x12,
    0xDC, 0xA1, 0x2F, 0x65, 0x86, 0x01, 0xA5, 0xEE, 0x23, 0x92, 0xB3, 0xCE, 0x7B, 0x8E, 0x84, 0x18,
    0xB4, 0x2D, 0xE9, 0xDF, 0x15, 0x8E, 0x32, 0xCA, 0xC3, 0x1E, 0xFB, 0xE3, 0x76, 0xF6, 0xBD, 0x0C,
    0xC7, 0x5F, 0xAB, 0xF4, 0x2E, 0x9A, 0x57, 0x44, 0x64, 0x95, 0x29, 0xE4, 0x12, 0x05, 0xA0, 0x89,
    0xE9, 0x7C, 0x3F, 0xC1, 0xAB, 0xC0, 0x10, 0x36, 0x0D, 0x9E, 0xEB, 0xDB, 0x5B, 0xBD, 0x8D, 0x5D,
    0x25, 0x71, 0x89, 0xEB, 0x93, 0xE6, 0xDB, 0x5A, 0x04, 0xAE, 0x47, 0xB5, 0x7E, 0x2B, 0x07, 0x9D,
    0x64, 0xF3, 0x71, 0x00, 0x2D, 0x54, 0x96, 0x41, 0xC6, 0x77, 0x4B, 0xAE, 0xAC, 0x64, 0x80, 0x27,
    0x10, 0x08, 0xC4, 0x02, 0xBF, 0x13, 0xF8, 0xBB, 0x70, 0x3E, 0x13, 0xDE, 0xF7, 0x85, 0x6F, 0x8B,
    0xC8, 0x16, 0xA9, 0x2D, 0x94, 0xDA, 0xDB, 0x55, 0x13, 0x63, 0x4D, 0xD3, 0x19, 0x36, 0xAA, 0xE8,
    0xF4, 0xF2, 0xC8, 0x98, 0x2A, 0x03, 0xDE, 0xDB, 0xC3, 0xBA, 0xCA, 0x7F, 0xEC, 0x14, 0xA8, 0x38,
    0x42, 0xD2, 0x50, 0x99, 0x5D, 0xC6, 0x5B, 0xC2, 0xDB, 0x37, 0xFB, 0x2F, 0xD3, 0xDB, 0xB9, 0x7F,
    0xA7, 0x6C, 0x40, 0x86, 0x78, 0x27, 0x05, 0x7E, 0xBD, 0x83, 0xAF, 0x95, 0xD8, 0xB7, 0xE4, 0x18,
    0x83, 0x11, 0xB2, 0x81, 0x16, 0x69, 0x40, 0x99, 0x83, 0xBB, 0x85, 0x3B, 0x93, 0x8A, 0x4E, 0x39,
    0xDF, 0x1B, 0xE2, 0x40, 0x65, 0x37, 0xA7, 0xC5, 0x51, 0xD7, 0x01, 0xA0, 0xB9, 0x1E, 0x1D, 0x36,
    0x86, 0x9A, 0x2A, 0x9E, 0x69, 0x2E, 0x32, 0xB2, 0x0B, 0x7F, 0x2B, 0x67, 0xC4, 0xB7, 0xED, 0x72,
    0x80, 0x81, 0x44, 0x26, 0x91, 0x0E, 0xE7, 0x15, 0x9F, 0xD9, 0xB6, 0x6B, 0xC9, 0x01, 0xFA, 0x52,
    0xAF, 0x19, 0x0E, 0x31, 0x6E, 0xBB, 0xE3, 0x40, 0x65, 0xD6, 0x2F, 0x28, 0x66, 0x9F, 0x8A, 0x74,
    0xED, 0xA2, 0xC9, 0x7D, 0x8C, 0x22, 0x55, 0x12, 0x57, 0xFF, 0xCB, 0xED, 0xA8, 0x92, 0x73, 0x16,
    0x2C, 0xD0, 0xE6, 0x75, 0x25, 0xD6, 0x13, 0x77, 0x84, 0x38, 0x41, 0x87, 0x76, 0x2D, 0x81, 0x9D,
    0x04, 0x5E, 0x65, 0x79, 0x66, 0x71, 0xD1, 0xEB, 0x7D, 0x54, 0xBD, 0xF5, 0x6E, 0x2F, 0x57, 0xAA,
    0xC0, 0xF4, 0x35, 0xEC, 0x26, 0x3A, 0x44, 0xCD, 0x5F, 0x79, 0xB0, 0xC9, 0x7A, 0xA2, 0xA7, 0x92,
    0x99, 0xA8, 0x81, 0x09, 0x83, 0x10, 0xE5, 0x54, 0xF3, 0x20, 0xC1, 0xCD, 0x99, 0xC9, 0xAB, 0x5D,
    0x57, 0x61, 0x55, 0x8F, 0x6C, 0x67, 0x7F, 0x69, 0x38, 0x4A, 0x38, 0x8F, 0xB8, 0x8C, 0xF1, 0xE2,
    0x25, 0x0D, 0x66, 0xA4, 0x88, 0xDC, 0xFD, 0x4F, 0x8B, 0xB4, 0x7E, 0x45, 0x94, 0xFD, 0xD0, 0x11,
    0x7D, 0x49, 0x0F, 0xF7, 0xE5, 0x9A, 0x35, 0xBD, 0xEB, 0x87, 0x36, 0x27, 0x1A, 0xEE, 0x9F, 0x8B,
    0xD0, 0xDF, 0x53, 0xE4, 0xB7, 0x71, 0xDE, 0x98, 0x17, 0xAE, 0x96, 0xD5, 0xDA, 0xFF, 0x39, 0x37,
    0x7F, 0x49, 0x4D, 0x75, 0x30, 0x8D, 0x52, 0xA0, 0xC9, 0xA8, 0xE8, 0x90, 0xAE, 0x53, 0xDF, 0xBE,
    0x96, 0x60, 0x40, 0x34, 0xCB, 0x34, 0x33, 0x52, 0x83, 0xB2, 0xEF, 0xC3, 0x57, 0x8A, 0xBE, 0xD3,
    0x32, 0x54, 0xA3, 0x99, 0x56, 0x42, 0x3B, 0x39, 0xEF, 0x6C, 0xD2, 0x5D, 0x4C, 0x8C, 0xC8, 0xF4,
    0x41, 0x67, 0xB3, 0x64, 0x7C, 0x85, 0xD6, 0xD8, 0x3C, 0xD6, 0x42, 0x34, 0x78, 0xD3, 0xD9, 0x1C,
    0xC7, 0xE4, 0x4A, 0xCC, 0xB2, 0xD4, 0x08, 0xDE, 0x3F, 0x77, 0x10, 0x50, 0xA5, 0x08, 0x2E, 0xF7,
    0xB1, 0x73, 0x6D, 0x5B, 0x39, 0x47, 0xFA, 0x99, 0xE3, 0xE4, 0xE3, 0xE6, 0x41, 0x12, 0xC0, 0x7B,
    0xBA, 0xC7, 0xF7, 0xCA, 0x03, 0x91, 0xC9, 0x14, 0x9D, 0xCD, 0x11, 0xC3, 0xF7, 0x26, 0xC9, 0x27,
    0x79, 0x49, 0xC8, 0xB5, 0x21, 0x31, 0xEF, 0x90, 0xF4, 0xB3, 0x9E, 0x0B, 0x48, 0x5D, 0x74, 0xB6,
    0xE8, 0xD4, 0x2A, 0x6E, 0x62, 0x25, 0x3B, 0xBD, 0x8D, 0x79, 0xBC, 0xE8, 0xF4, 0x3E, 0x8A, 0x55,
    0x19, 0x1E, 0x81, 0x15, 0x0E, 0x6E, 0x70, 0xE5, 0xB1, 0xEB, 0xDB, 0x97, 0x13, 0xEA, 0xC8, 0xDF,
    0x67, 0x5E, 0x09, 0x2B, 0x5C, 0x3E, 0x55, 0x47, 0xAB, 0x97, 0x4B, 0x5B, 0x89, 0x01, 0xF5, 0xAB,
    0x2C, 0xEC, 0x0A, 0xEA, 0x98, 0x54, 0x3A, 0x8E, 0x0E, 0x74, 0xAC, 0xE4, 0x7F, 0x9E, 0x3A, 0xBD,
    0xCD, 0x3C, 0xE6, 0x29, 0x73, 0xD2, 0xBC, 0x26, 0x84, 0x47, 0x5B, 0x05, 0xD3, 0xA7, 0xF4, 0xC8,
    0xF4, 0xB6, 0x55, 0x12, 0xD8, 0x5C, 0x75, 0x28, 0x42, 0x87, 0x34, 0x44, 0x48, 0xE4, 0x09, 0x09,
    0x31, 0x61, 0x93, 0x63, 0x4C, 0xA0, 0xD7, 0x28, 0x65, 0xCC, 0x93, 0x21, 0x26, 0x6C, 0x45, 0x0C,
    0x4C, 0x86, 0x21, 0x42, 0x06, 0xAE, 0x59, 0x8B, 0xB6, 0x31, 0x39, 0x9E, 0x33, 0xCC, 0x49, 0xFD,
    0xC0, 0xCC, 0x3A, 0xE1, 0xE2, 0x98, 0x31, 0xCF, 0xDC, 0x53, 0x17, 0x84, 0xF5, 0xEF, 0xD7, 0x0B,
    0xFB, 0xC1, 0x6B, 0xA5, 0xF3, 0x20, 0x94, 0xEE, 0x9B, 0xE1, 0xC0, 0xF7, 0xC3, 0x68, 0xD1, 0x0F,
    0x57, 0x1A, 0x7E, 0x58, 0x8F, 0xFC, 0xD0, 0x4F, 0xFD, 0xD0, 0x93, 0x7E, 0xE8, 0x94, 0x7E, 0x48,
    0xA4, 0xD0, 0xEF, 0xB7, 0xE9, 0xF6, 0x58, 0x53, 0xEE, 0xE4, 0xAF, 0x17, 0x0C, 0x01, 0x49, 0x1A,
    0x92, 0x22, 0x52, 0x40, 0xF2, 0x6E, 0xE7, 0xA1, 0xF3, 0x79, 0x1E, 0x5A, 0xFF, 0xA0, 0x99, 0xBE,
    0x26, 0xC5, 0xA4, 0x40, 0x87, 0x49, 0xFE, 0xBC, 0xDB, 0x74, 0x88, 0xDB, 0x05, 0x13, 0xA1, 0xA4,
    0x70, 0x53, 0xB2, 0xCA, 0xC3, 0xC4, 0x30, 0x6E, 0x7B, 0x36, 0x34, 0x9F, 0x4B, 0x07, 0xF6, 0x6E,
    0xFB, 0xAD, 0x91, 0x89, 0x96, 0xFF, 0x1D, 0x2A, 0xA7, 0xF0, 0x3C, 0x7B, 0x51, 0x44, 0xCE, 0x17,
    0xE4, 0xA9, 0xA6, 0x3C, 0x79, 0x3C, 0x9B, 0xCC, 0xB6, 0x92, 0x39, 0xBE, 0x5D, 0xC3, 0x71, 0xA5,
    0xE2, 0xCB, 0x91, 0x58, 0x89, 0xD0, 0xA3, 0xD2, 0xCC, 0x47, 0xCE, 0x8E, 0xCC, 0x82, 0xB6, 0x39,
    0x64, 0xF2, 0xE6, 0x5B, 0xF4, 0xF9, 0x30, 0x45, 0x98, 0x69, 0xCB, 0x21, 0x78, 0x64, 0x4A, 0x0E,
    0xA2, 0x16, 0x93, 0xC5, 0x1C, 0x78, 0x19, 0xBA, 0xF1, 0x5D, 0x53, 0x72, 0x2C, 0x4D, 0x75, 0x53,
    0xC9, 0xF9, 0xAD, 0x9E, 0x81, 0xF0, 0xFF, 0x9B, 0x4C, 0x46, 0xBB, 0xF9, 0x8B, 0x90, 0x8E, 0xE0,
    0x88, 0xE6, 0x68, 0xA2, 0x09, 0xFF, 0x31, 0x0F, 0xAE, 0xB9, 0xCC, 0xD7, 0xE6, 0xA9, 0x30, 0xC9,
    0x11, 0xAC, 0x21, 0x12, 0x9F, 0x26, 0x70, 0x93, 0xBA, 0x19, 0xD1, 0x78, 0x61, 0x95, 0x99, 0x39,
    0xBE, 0x0C, 0x8A, 0xFD, 0xAC, 0xAC, 0x50, 0x4D, 0xA3, 0x9B, 0x9F, 0xCC, 0x36, 0x68, 0xA3, 0x1E,
    0xE1, 0x16, 0x1A, 0x11, 0x76, 0x11, 0x35, 0xF0, 0x0D, 0xA2, 0x3A, 0xFE, 0x95, 0x64, 0xBE, 0xF5,
    0x97, 0x7C, 0xE0, 0xD9, 0x9F, 0x0B, 0xE9, 0x5E, 0xFC, 0xAC, 0x90, 0xCE, 0xED, 0xFC, 0x6F, 0xA5,
    0xF3, 0x45, 0xF2, 0xA4, 0xB0, 0xFF, 0x84, 0xDF, 0x08, 0xEB, 0x21, 0x6E, 0xE4, 0xF8, 0x0A, 0x17,
    0x12, 0x4C, 0xC0, 0x18, 0xDD, 0xA6, 0x6C, 0xBA, 0x35, 0x18, 0x06, 0x46, 0x06, 0xD1, 0xE6, 0x51,
    0xAE, 0x79, 0x93, 0xEF, 0x2D, 0x42, 0x6D, 0x33, 0xAF, 0x90, 0x95, 0x67, 0x32, 0x7E, 0x4B, 0xC0,
    0x97, 0x23, 0x13, 0x34, 0x1E, 0x43, 0x86, 0x28, 0x9A, 0x6B, 0x1D, 0xCC, 0xD9, 0xC3, 0xFF, 0x57,
    0xB5, 0x1E, 0x1C, 0x77, 0x39, 0x6F, 0x97, 0xC3, 0x6A, 0x8F, 0xF7, 0xB8, 0x47, 0x9C, 0x57, 0x1E,
    0x3E, 0x89, 0x00, 0xA5, 0x26, 0xEF, 0xF6, 0xC6, 0x3A, 0x87, 0x79, 0x78, 0x7B, 0xE6, 0x20, 0x8D,
    0x74, 0x55, 0xC1, 0x64, 0xE4, 0xFE, 0x5E, 0x32, 0x3D, 0x6D, 0x77, 0x7A, 0xF7, 0xB8, 0x92, 0xCB,
    0xF1, 0x74, 0xAE, 0x2E, 0x3B, 0xEE, 0x7A, 0xCA, 0x35, 0x6B, 0xAC, 0x2F, 0x19, 0x43, 0x38, 0xC7,
    0xF2, 0xE8, 0xB0, 0x4E, 0xB3, 0x05, 0xCB, 0xD7, 0x92, 0x25, 0x54, 0x35, 0x7D, 0x46, 0xEF, 0x76,
    0x8D, 0xB3, 0xA7, 0x5D, 0x5B, 0x34, 0x31, 0x36, 0x60, 0x53, 0xF7, 0x6D, 0x78, 0x35, 0x2C, 0xFA,
    0x58, 0x71, 0x93, 0x57, 0x6C, 0x7D, 0x72, 0xF2, 0x20, 0x7D, 0x27, 0x5A, 0x00, 0x63, 0xD1, 0x55,
    0x79, 0xF0, 0x83, 0xE2, 0x5C, 0x85, 0x45, 0x3F, 0x91, 0xFE, 0xBE, 0xEC, 0x54, 0x88, 0x64, 0xC9,
    0xE6, 0x15, 0xE9, 0x4D, 0xAA, 0xE3, 0x90, 0x15, 0xDA, 0xAC, 0x2F, 0xE3, 0xA7, 0x2A, 0x59, 0x7F,
    0xBB, 0xE8, 0x9A, 0x32, 0x2D, 0x45, 0x9A, 0x22, 0xE3, 0x2F, 0xEF, 0x39, 0xF2, 0xFE, 0xDD, 0xE2,
    0x7A, 0x05, 0xF3, 0xCB, 0x8C, 0x1C, 0xE1, 0x7F, 0x2C, 0xEB, 0xC8, 0x22, 0x63, 0x86, 0xAA, 0xAF,
    0x60, 0xA9, 0x8E, 0xA1, 0xF7, 0x57, 0xA9, 0xC3, 0x7D, 0xDA, 0x66, 0x93, 0xCB, 0x91, 0xA3, 0xBA,
    0xFE, 0xC7, 0x93, 0x3A, 0xB6, 0x23, 0x44, 0x07, 0x7D, 0x45, 0xC7, 0xC8, 0xB6, 0xFF, 0xE5, 0xC4,
    0x56, 0xD1, 0xD1, 0x9D, 0x59, 0xF3, 0x44, 0x9D, 0xDE, 0x76, 0xAC, 0x26, 0x66, 0x67, 0xDA, 0x3B,
    0x33, 0x3B, 0x1B, 0xE7, 0xDE, 0x73, 0x26, 0x1E, 0xCB, 0x4C, 0x2F, 0x51, 0xE3, 0xAB, 0xAB, 0xCF,
    0x5B, 0xC7, 0x54, 0x55, 0xC7, 0x73, 0x0B, 0x30, 0xF1, 0xBE, 0xD9, 0xB6, 0x76, 0xB4, 0x50, 0xDF,
    0x26, 0xC6, 0xBE, 0x31, 0x72, 0x99, 0x04, 0x97, 0x8F, 0x33, 0x03, 0xCB, 0x1F, 0xBB, 0x48, 0x59,
    0x5D, 0x1E, 0xD7, 0x5F, 0x1E, 0xEB, 0x85, 0x87, 0xCD, 0x26, 0xD2, 0xB9, 0xC6, 0x38, 0x6E, 0x72,
    0xFC, 0xA5, 0x03, 0xF4, 0xE6, 0xB3, 0x06, 0x67, 0x77, 0x45, 0x1A, 0x20, 0xED, 0xE2, 0xBA, 0xC4,
    0xFB, 0x02, 0xEB, 0x25, 0xB2, 0x11, 0xD2, 0x36, 0xF4, 0x20, 0xA7, 0x58, 0xC5, 0xA6, 0x47, 0x1B,
    0x2E, 0x59, 0xC9, 0x8D, 0xFD, 0xE6, 0xE8, 0xD6, 0xD5, 0x41, 0x37, 0x73, 0x44, 0x2D, 0x75, 0x44,
    0xFD, 0x34, 0xC2, 0x0B, 0x68, 0x73, 0xD4, 0xA3, 0x34, 0xD5, 0x4A, 0xA4, 0xD3, 0x78, 0xC5, 0xB8,
    0x27, 0x3B, 0xF4, 0xE8, 0x0B, 0xC4, 0xC7, 0xBC, 0x6E, 0x4B, 0x38, 0xCD, 0x15, 0x73, 0x8E, 0x9F,
    0xEF, 0x67, 0xB0, 0x7A, 0x43, 0xAE, 0xAF, 0x76, 0xB9, 0xC1, 0xD1, 0xCB, 0x5A, 0x45, 0xB0, 0x87,
    0x9B, 0x01, 0xFA, 0x76, 0xC2, 0x33, 0x9F, 0x67, 0x99, 0xB7, 0x67, 0xA0, 0xC0, 0xC9, 0xA5, 0x9B,
    0xDF, 0xBC, 0x96, 0x04, 0x1A, 0xB8, 0x4D, 0x6A, 0x05, 0x50, 0xF2, 0xEA, 0xAA, 0x86, 0x8F, 0xB9,
    0x6B, 0xC3, 0xA9, 0xE2, 0xFD, 0x24, 0x23, 0x74, 0x9D, 0x32, 0xFE, 0xA4, 0xF4, 0xC6, 0xE5, 0xEC,
    0x8C, 0xA6, 0x29, 0x06, 0x35, 0x48, 0x7E, 0xBA, 0x79, 0xB6, 0x70, 0x6F, 0x0B, 0x82, 0x16, 0x21,
    0x8B, 0x58, 0xC5, 0x6F, 0x35, 0x74, 0xA7, 0xAB, 0x78, 0x4A, 0xF2, 0x03, 0x8E, 0x86, 0x6B, 0xB8,
    0xFD, 0x06, 0x16, 0xBD, 0x16, 0x01, 0x76, 0x91, 0x85, 0x81, 0xB7, 0xB0, 0x92, 0xC2, 0xFD, 0xD1,
    0x39, 0x7E, 0xA9, 0xFE, 0x6A, 0x41, 0xEA, 0x8F, 0x99, 0x02, 0xD6, 0x88, 0x67, 0x3D, 0xA4, 0x2B,
    0x2A, 0x80, 0x93, 0x3E, 0x3F, 0xCB, 0x3E, 0xC8, 0xED, 0x87, 0x20, 0xF4, 0x11, 0xF8, 0xF8, 0x5D,
    0xE8, 0x3C, 0xD0, 0x5F, 0x89, 0x75, 0xAB, 0x8C, 0x30, 0x3A, 0x51, 0x86, 0x07, 0x46, 0x86, 0x89,
    0x91, 0x21, 0xD5, 0xA9, 0x7D, 0xB6, 0xD4, 0x1F, 0x29, 0x67, 0x8C, 0x40, 0xBB, 0x4A, 0x5C, 0xBE,
    0x9A, 0xEB, 0x3A, 0x81, 0xB6, 0x1C, 0xE9, 0xAF, 0x20, 0x77, 0x86, 0x5E, 0x3B, 0xBA, 0xB0, 0xD6,
    0xBC, 0x87, 0xCE, 0x23, 0x37, 0x3F, 0x88, 0x4B, 0x82, 0xCD, 0xD0, 0x00, 0xCE, 0x6C, 0x84, 0xA0,
    0x34, 0x62, 0xA5, 0xB8, 0x76, 0x52, 0x03, 0xC6, 0x84, 0x79, 0xFF, 0x30, 0xE1, 0x12, 0xA7, 0xC4,
    0xC8, 0x29, 0x0E, 0x13, 0xD0, 0xC7, 0x1F, 0xB8, 0x81, 0x57, 0x7C, 0x37, 0x1E, 0x45, 0x69, 0x3C,
    0x7E, 0xD9, 0x2B, 0xFF, 0x0B, 0xAD, 0x58, 0x3D, 0x6C, 0x1C, 0xC7, 0x15, 0xFE, 0x76, 0x57, 0xE4,
    0x22, 0x5C, 0x84, 0xC3, 0x82, 0x01, 0x62, 0x41, 0xBC, 0x53, 0xA1, 0x82, 0x09, 0x96, 0xBC, 0x14,
    0x2C, 0x16, 0xCA, 0xF2, 0x6E, 0x04, 0x01, 0x09, 0x10, 0x16, 0x66, 0x00, 0x11, 0x29, 0x58, 0xA4,
    0x71, 0x11, 0xD8, 0x80, 0x23, 0x03, 0x67, 0xE7, 0x6C, 0x5D, 0xC4, 0x89, 0x05, 0x44, 0x45, 0x1A,
    0xC1, 0x85, 0x1A, 0x17, 0x61, 0x91, 0x42, 0xB9, 0x22, 0xBC, 0xE2, 0x80, 0x5C, 0x10, 0x49, 0x5C,
    0x84, 0x85, 0x8A, 0x14, 0xDE, 0x38, 0x88, 0x53, 0xA4, 0xC8, 0x18, 0x89, 0x53, 0x58, 0x8E, 0x33,
    0x0A, 0x2E, 0x10, 0x23, 0x91, 0xB7, 0xF9, 0x66, 0xEE, 0x8E, 0x94, 0x64, 0x49, 0x21, 0xED, 0x9B,
    0x7D, 0x6F, 0x6F, 0x76, 0x77, 0xDE, 0x9B, 0x99, 0xF7, 0x3F, 0x37, 0xDB, 0x6C, 0x02, 0x67, 0xD2,
    0x51, 0x4B, 0xC0, 0x36, 0x0F, 0xC4, 0xF0, 0x8B, 0x4C, 0xDC, 0x36, 0xA5, 0xF9, 0x46, 0x3A, 0x8F,
    0x03, 0x88, 0xE7, 0x67, 0x4A, 0xF3, 0xDD, 0xA8, 0x6F, 0xFC, 0x42, 0xD9, 0x61, 0x84, 0x59, 0x8E,
    0x54, 0xD1, 0x75, 0x3D, 0x8D, 0xF6, 0x1C, 0x5E, 0x5A, 0x00, 0xE6, 0x80, 0x57, 0xD7, 0x50, 0x14,
    0x28, 0xB9, 0x7E, 0xC9, 0x41, 0x8C, 0xA4, 0xDF, 0xEA, 0x15, 0x85, 0x9E, 0x79, 0xC1, 0xC7, 0x6F,
    0x8B, 0xBB, 0xAA, 0xA6, 0xB6, 0xB1, 0xCC, 0x2F, 0x09, 0x04, 0x2E, 0x22, 0x94, 0x6D, 0x04, 0xC4,
    0x50, 0xD6, 0x11, 0xC9, 0x94, 0xEF, 0x16, 0x51, 0xC5, 0xC6, 0x3F, 0x0A, 0xF9, 0x5A, 0xF1, 0x47,
    0x89, 0x41, 0x6B, 0xA0, 0x99, 0xA2, 0x57, 0x82, 0x11, 0x7E, 0x1E, 0x9E, 0xCF, 0x82, 0xDF, 0x4B,
    0xEF, 0xAF, 0x38, 0x59, 0x6C, 0x96, 0x0B, 0xCD, 0x6F, 0x27, 0xFB, 0xC3, 0xCE, 0x10, 0x12, 0xD7,
    0x96, 0x2C, 0xE1, 0xA8, 0xBB, 0x8A, 0x68, 0x1F, 0x8B, 0x65, 0x99, 0x06, 0x2A, 0x05, 0xCA, 0x04,
    0x8D, 0xFA, 0x2D, 0x98, 0xB2, 0x32, 0x7E, 0xD6, 0x80, 0xAE, 0xC8, 0x3C, 0xBC, 0x9F, 0xE1, 0x32,
    0x38, 0xFF, 0x4C, 0xA8, 0x92, 0x50, 0x55, 0xB6, 0x10, 0xED, 0x59, 0x16, 0xB3, 0xB3, 0xE9, 0xF2,
    0x7C, 0x0C, 0x6F, 0x95, 0xFD, 0x8D, 0x02, 0xF0, 0xFF, 0xBB, 0xAE, 0x11, 0x65, 0xE8, 0xA1, 0x1C,
    0xF6, 0x52, 0xA4, 0x95, 0x3E, 0xB7, 0xD2, 0x88, 0x5E, 0x44, 0xDD, 0x78, 0x2B, 0xBC, 0x71, 0x17,
    0xF5, 0xB6, 0xBF, 0x82, 0xB4, 0x29, 0x04, 0x62, 0xFB, 0x55, 0x4C, 0xFE, 0x3D, 0x45, 0x98, 0x7B,
    0x3D, 0x78, 0xFD, 0xAD, 0x1C, 0xA8, 0xF4, 0x87, 0xDB, 0x22, 0x4F, 0xB1, 0x8F, 0x65, 0x01, 0x44,
    0x98, 0x2C, 0x50, 0x7D, 0x17, 0xF5, 0x08, 0x8D, 0x32, 0x2A, 0x0F, 0xE1, 0x9D, 0xE3, 0x56, 0x1A,
    0x9E, 0x31, 0xC1, 0x4E, 0x26, 0x84, 0x5C, 0x5E, 0x40, 0xA9, 0x8C, 0x68, 0x45, 0x05, 0xEF, 0xE7,
    0x30, 0x3D, 0x9C, 0x39, 0xF3, 0x72, 0x4B, 0x16, 0xD4, 0x44, 0x30, 0x82, 0x09, 0xB2, 0xA3, 0x10,
    0xC2, 0xBC, 0x89, 0x69, 0x6E, 0x22, 0xDE, 0xD8, 0x91, 0xC9, 0xC5, 0x1D, 0xB5, 0xF4, 0xD6, 0xEF,
    0xB2, 0xA5, 0x1F, 0x5D, 0x51, 0xF1, 0x6B, 0x3B, 0x72, 0x6E, 0xE6, 0x45, 0x44, 0xEA, 0xC7, 0x1C,
    0x67, 0x80, 0xAF, 0x00, 0x85, 0x5E, 0x5B, 0xF5, 0x28, 0x89, 0x37, 0x1B, 0xED, 0xB8, 0x1D, 0xD7,
    0xD3, 0x8A, 0x99, 0x94, 0x94, 0x14, 0xB4, 0x85, 0xB5, 0xFF, 0x90, 0xBF, 0xE6, 0x7D, 0xF0, 0x08,
    0x89, 0xB5, 0x35, 0xF7, 0x66, 0x4D, 0x4E, 0xC8, 0x0D, 0x63, 0x1A, 0xD4, 0x9F, 0x09, 0xB2, 0x12,
    0x6E, 0xFF, 0xA2, 0xD8, 0x9B, 0x90, 0xB5, 0x5E, 0x3B, 0x45, 0x12, 0x6A, 0xAF, 0xBB, 0x1A, 0xFF,
    0xE6, 0x66, 0x85, 0x04, 0x53, 0x71, 0x32, 0xC3, 0x3D, 0xD6, 0xA1, 0x9F, 0x02, 0x9E, 0x6E, 0xFA,
    0x7A, 0xE3, 0xE7, 0xBB, 0x6F, 0xEC, 0x35, 0xEB, 0x76, 0xCC, 0x10, 0x2C, 0x01, 0x64, 0x54, 0xE8,
    0xDA, 0x03, 0xBD, 0x7D, 0x4F, 0x17, 0x23, 0x60, 0xBF, 0x76, 0x4F, 0x8B, 0x7B, 0x1A, 0xDF, 0xD5,
    0xF0, 0x1E, 0x83, 0x59, 0x5A, 0xF1, 0x0C, 0xBE, 0x41, 0x9B, 0x09, 0xB1, 0xC1, 0x9E, 0x27, 0xCB,
    0xD9, 0x37, 0xB3, 0xE0, 0x91, 0xCB, 0x2A, 0xBF, 0x8F, 0x45, 0x1A, 0x57, 0x90, 0x25, 0xBE, 0x05,
    0x76, 0xF8, 0xC8, 0x97, 0xFC, 0x94, 0x2E, 0x80, 0x7A, 0x0A, 0x77, 0x32, 0xEF, 0x43, 0x83, 0x6E,
    0x97, 0xC2, 0xF5, 0xDF, 0xCF, 0xA3, 0xAB, 0x8A, 0xE2, 0x9E, 0xFF, 0x2A, 0x3C, 0xAE, 0xA7, 0x22,
    0xBD, 0xFC, 0x92, 0x0C, 0x54, 0x28, 0x23, 0x5A, 0xE9, 0x1C, 0x31, 0x21, 0x1A, 0x84, 0xE7, 0xF2,
    0x99, 0xF0, 0xBC, 0xEA, 0x41, 0xF8, 0x3D, 0xC4, 0x41, 0x1D, 0xC9, 0xF4, 0x12, 0xCC, 0xA9, 0x25,
    0x3F, 0xAB, 0xDE, 0x0A, 0xE5, 0xD7, 0x6F, 0x51, 0xAD, 0x4B, 0x96, 0xDE, 0x31, 0x80, 0xE5, 0x00,
    0xCB, 0xC2, 0xF1, 0x70, 0x4C, 0x1C, 0x17, 0xC7, 0x06, 0xE1, 0xF9, 0xB7, 0xB9, 0x1A, 0x11, 0xAE,
    0x58, 0x7F, 0x09, 0x69, 0xB7, 0x54, 0x22, 0x0C, 0x52, 0xF8, 0x19, 0x7F, 0x42, 0x19, 0xFC, 0x89,
    0x3A, 0x0D, 0x0B, 0xE9, 0x59, 0x8F, 0x28, 0x1B, 0x0E, 0x9A, 0x4F, 0xAC, 0xC0, 0x12, 0xAA, 0x26,
    0xA0, 0x09, 0xC3, 0xEB, 0x86, 0xFC, 0x14, 0x93, 0x6A, 0xB9, 0x99, 0x4E, 0x40, 0x98, 0x3A, 0x8D,
    0x1C, 0xBA, 0x06, 0x04, 0xD9, 0xAF, 0xAD, 0x7D, 0xFD, 0x19, 0x98, 0x0E, 0xEE, 0x00, 0x69, 0xF0,
    0xAF, 0x0C, 0x6D, 0x7F, 0x4B, 0x71, 0x4D, 0xA1, 0x55, 0xAB, 0x67, 0x2C, 0x60, 0xE0, 0x6A, 0x4E,
    0xD7, 0x7E, 0x6E, 0xED, 0xBB, 0x0A, 0x74, 0xEC, 0x1A, 0xAC, 0x96, 0x7B, 0x91, 0xAA, 0x6E, 0x41,
    0xEC, 0xBA, 0x31, 0x67, 0x88, 0x74, 0x22, 0x7C, 0xD9, 0x5A, 0xF0, 0xD0, 0x92, 0xCB, 0x24, 0xAF,
    0x64, 0x40, 0x95, 0xF8, 0x3A, 0x99, 0xB4, 0x2D, 0x5D, 0x07, 0x5E, 0xDE, 0xE0, 0xFC, 0x29, 0x71,
    0x01, 0x51, 0xD1, 0x87, 0x70, 0xB1, 0x21, 0x92, 0x0B, 0xC3, 0xB7, 0x0D, 0xA7, 0xC3, 0x6B, 0x76,
    0x91, 0x56, 0x1A, 0xE3, 0xE1, 0x37, 0x45, 0xFA, 0x5A, 0x36, 0xA0, 0xC1, 0x18, 0xF8, 0xCD, 0xD0,
    0x2A, 0xB7, 0xDB, 0xC0, 0x3B, 0xD7, 0xC6, 0xC3, 0x6F, 0x95, 0x2E, 0x46, 0x17, 0xC6, 0x66, 0x7B,
    0x3C, 0xFC, 0xA6, 0x48, 0x7B, 0x96, 0x61, 0xA5, 0xBD, 0x09, 0x5C, 0xD4, 0x03, 0x3E, 0x13, 0x5F,
    0x90, 0xA7, 0x6B, 0x7E, 0x51, 0xEC, 0x23, 0x78, 0xAF, 0x75, 0x03, 0x8C, 0x6E, 0xB0, 0x6E, 0x02,
    0x2C, 0xD8, 0x5B, 0x6A, 0x6F, 0x1D, 0xB1, 0x76, 0x81, 0x01, 0xB9, 0xD8, 0xF3, 0xB4, 0x58, 0x5B,
    0x0D, 0xC8, 0x05, 0xE1, 0xC7, 0x5B, 0x36, 0x80, 0x0A, 0x1B, 0xF7, 0x85, 0x35, 0x12, 0xD1, 0xBA,
    0xD1, 0xE4, 0x04, 0xFB, 0x83, 0xE8, 0xD4, 0x43, 0xF4, 0xD1, 0x6D, 0x06, 0x5F, 0xC1, 0x30, 0x1F,
    0x72, 0x1E, 0x5F, 0xD1, 0xC0, 0xAC, 0x85, 0x1D, 0x60, 0xC7, 0xC5, 0x7A, 0x3A, 0x28, 0x42, 0x55,
    0x96, 0x0C, 0x78, 0x0F, 0xF6, 0x5D, 0x54, 0xB3, 0xDE, 0x60, 0x6D, 0x12, 0xE0, 0x3E, 0x05, 0x7F,
    0x4F, 0x70, 0x75, 0x8A, 0x5B, 0x71, 0x64, 0x2E, 0x6A, 0xD4, 0x0A, 0x53, 0x6D, 0x6D, 0x26, 0xD6,
    0x25, 0x86, 0x50, 0x6D, 0x5D, 0xAB, 0x15, 0xFA, 0xD1, 0x37, 0xEE, 0xE5, 0x26, 0x47, 0x5A, 0x1B,
    0x99, 0x73, 0xCF, 0x9F, 0x83, 0xF6, 0x25, 0x78, 0xFF, 0x44, 0xF8, 0xB3, 0x61, 0x6E, 0x3A, 0x16,
    0xAD, 0xE7, 0x43, 0xAC, 0x64, 0x61, 0xF0, 0x79, 0x68, 0x37, 0x93, 0xF8, 0x04, 0xA6, 0x1F, 0x6F,
    0x53, 0x14, 0x4C, 0xEC, 0xF6, 0x90, 0x3C, 0xF7, 0x9A, 0x54, 0xD3, 0x3A, 0x69, 0xD8, 0x29, 0x03,
    0xF5, 0xBC, 0xEB, 0xF4, 0x6C, 0xB7, 0xB9, 0x94, 0xFC, 0xFF, 0x71, 0xD6, 0x4D, 0x05, 0xF5, 0x29,
    0x5A, 0xDB, 0x54, 0x74, 0xA4, 0x04, 0x82, 0x5C, 0xD0, 0x6E, 0xA8, 0x74, 0xF3, 0xFD, 0x35, 0x18,
    0x1A, 0x83, 0x11, 0x92, 0x08, 0x8B, 0xF6, 0x7D, 0x90, 0x09, 0x94, 0x95, 0x68, 0x59, 0x7B, 0xD3,
    0x03, 0xB1, 0xF7, 0xF9, 0xFB, 0x53, 0x75, 0xE0, 0x02, 0xCB, 0x9C, 0xB3, 0x66, 0x91, 0xFC, 0xCF,
    0xE6, 0x81, 0x4A, 0x0C, 0xB1, 0x4B, 0x64, 0xCE, 0x4E, 0xCA, 0xC4, 0xE8, 0x8A, 0x4A, 0x82, 0x1D,
    0x95, 0x78, 0x7F, 0x53, 0x09, 0xEE, 0x13, 0x6B, 0xC4, 0x32, 0x51, 0x28, 0xEA, 0x64, 0x10, 0x93,
    0xA8, 0x54, 0x6B, 0x1B, 0x9F, 0xB5, 0x37, 0x6B, 0xD7, 0x7E, 0x4E, 0xEB, 0xD7, 0x34, 0x98, 0x21,
    0x7A, 0xFA, 0xD0, 0x1B, 0xC2, 0xEC, 0x31, 0x7B, 0x73, 0xD9, 0x79, 0x14, 0x97, 0xC6, 0xC8, 0x73,
    0x14, 0x9B, 0xCC, 0xF0, 0x79, 0x1C, 0x3C, 0x6D, 0x7C, 0xBA, 0xCD, 0xFE, 0x3B, 0x6A, 0x7C, 0x3C,
    0x19, 0xA3, 0x58, 0x7B, 0x70, 0xE4, 0xE6, 0xD8, 0x78, 0xCE, 0x40, 0x76, 0xFC, 0x7C, 0x99, 0xC6,
    0xF2, 0x2A, 0x82, 0x5D, 0x30, 0x67, 0x46, 0xB7, 0xB0, 0x28, 0x64, 0x37, 0xC8, 0x4F, 0x83, 0xF5,
    0x8B, 0xC7, 0x91, 0xF7, 0xB3, 0xE8, 0xA3, 0x6D, 0xD2, 0x55, 0x38, 0x43, 0x8D, 0x33, 0xFC, 0x3B,
    0xEF, 0xF8, 0x7F, 0xD0, 0x26, 0x54, 0x9A, 0x66, 0xA4, 0x4D, 0xCA, 0x19, 0x3A, 0x5E, 0xFE, 0xA6,
    0x0E, 0xB2, 0x5A, 0x36, 0x98, 0xA1, 0xC2, 0x19, 0x96, 0x47, 0xAB, 0xDE, 0x74, 0x8E, 0x60, 0x53,
    0xE8, 0x40, 0x63, 0x2E, 0x9A, 0x84, 0xEA, 0x28, 0xC8, 0x94, 0xCE, 0xCA, 0x50, 0xC8, 0x0A, 0x2A,
    0x10, 0x1F, 0xEF, 0x31, 0xF6, 0x8D, 0x82, 0x20, 0xA5, 0x1A, 0x2A, 0x9B, 0x41, 0xC7, 0xC7, 0xF3,
    0x24, 0xF1, 0x12, 0x79, 0x7E, 0x98, 0x1F, 0x58, 0xFF, 0x17, 0xE6, 0xA9, 0x56, 0xE1, 0xB3, 0x82,
    0xF1, 0x72, 0x3D, 0x3E, 0x9E, 0x8F, 0x7A, 0xC0, 0xB0, 0x59, 0xCD, 0x2F, 0x32, 0x5B, 0x08, 0xCA,
    0x3E, 0xA4, 0x9E, 0x7D, 0xDD, 0xA5, 0x35, 0x53, 0xFF, 0x6F, 0x71, 0x2F, 0x35, 0x65, 0xC3, 0xFF,
    0xB3, 0x11, 0x87, 0x35, 0xFA, 0x46, 0x1F, 0x97, 0xB7, 0x68, 0x2B, 0xAC, 0x23, 0xEB, 0x0E, 0x3A,
    0x2C, 0x76, 0x37, 0x8A, 0xEC, 0xF2, 0x2F, 0x0F, 0xC7, 0xD8, 0xC2, 0xAD, 0x40, 0x65, 0x3D, 0x4B,
    0xFD, 0x9C, 0x85, 0x4E, 0xE2, 0x69, 0x5B, 0xBE, 0xFD, 0x50, 0x26, 0xDB, 0x2A, 0x99, 0x34, 0x09,
    0x3A, 0x09, 0x1A, 0xAC, 0x82, 0x58, 0x87, 0x26, 0xAF, 0xE8, 0x64, 0x5B, 0xDA, 0x8C, 0x60, 0xF3,
    0x9C, 0x0B, 0x2F, 0x17, 0x58, 0x2E, 0xA9, 0xF2, 0xB7, 0xF2, 0x53, 0xAE, 0x84, 0xC1, 0x2B, 0x46,
    0xF4, 0x4D, 0x15, 0x26, 0x25, 0x78, 0xA6, 0xB2, 0x6E, 0xA2, 0x3D, 0x33, 0x74, 0xC8, 0x39, 0x17,
    0x3A, 0x8E, 0x4E, 0xF2, 0x03, 0x78, 0x9F, 0x22, 0xB8, 0xEA, 0x62, 0xF8, 0x11, 0x49, 0xCE, 0x21,
    0x78, 0x28, 0xFD, 0x93, 0x38, 0x3A, 0x89, 0xEF, 0x21, 0xBA, 0x9A, 0xB1, 0xBC, 0x3C, 0xC6, 0x2C,
    0x6C, 0x7B, 0x08, 0xFE, 0x82, 0xE0, 0xBC, 0xBD, 0xB3, 0x7F, 0x54, 0xC2, 0x0B, 0x94, 0x74, 0x58,
    0xAC, 0x14, 0x28, 0x7F, 0xBB, 0xBF, 0x9E, 0x9D, 0x42, 0xCF, 0x77, 0x89, 0xD5, 0xE0, 0xE5, 0x07,
    0x2D, 0x66, 0xF8, 0xA2, 0xB0, 0x44, 0x56, 0x4A, 0xF6, 0xE6, 0xED, 0x7A, 0xBA, 0xB2, 0xBE, 0xB5,
    0x9E, 0x45, 0x7D, 0x6A, 0x67, 0xD0, 0x66, 0xDD, 0x99, 0xF1, 0xBA, 0x29, 0xA1, 0x91, 0x3A, 0x69,
    0x0E, 0x80, 0xA9, 0xA9, 0x84, 0x6E, 0xF4, 0xC1, 0xE8, 0xCC, 0x58, 0xB6, 0x79, 0x05, 0x35, 0x69,
    0xCB, 0xF4, 0x6B, 0x2E, 0x75, 0x2F, 0x3D, 0x41, 0xDE, 0xE1, 0x81, 0xAA, 0xDA, 0xBA, 0x59, 0x2B,
    0xF6, 0x1C, 0x39, 0xEB, 0x88, 0x86, 0x23, 0xB7, 0xA9, 0x1F, 0x3C, 0x9D, 0xD0, 0x8A, 0x4E, 0x39,
    0x3F, 0x3C, 0x22, 0x09, 0x27, 0x2D, 0xE0, 0xEF, 0x64, 0x47, 0x9F, 0xC5, 0x3B, 0x27, 0xC3, 0x9D,
    0x3C, 0x78, 0xFB, 0x18, 0x24, 0xF3, 0x34, 0x21, 0xE1, 0x4A, 0xD7, 0x50, 0x3E, 0xED, 0x9A, 0xE2,
    0xF7, 0x04, 0x83, 0xC3, 0xD0, 0xD3, 0xAE, 0x49, 0x59, 0xCA, 0xEB, 0xB6, 0xF4, 0x79, 0x06, 0xFD,
    0xE9, 0xD3, 0xBD, 0x9B, 0x17, 0x97, 0x9E, 0xFD, 0xDD, 0xAE, 0x9A, 0x27, 0x80, 0x07, 0x1A, 0x35,
    0xF8, 0x77, 0xA5, 0x3D, 0x33, 0xDC, 0x30, 0x61, 0xD1, 0x16, 0xD8, 0x5D, 0xB0, 0x07, 0xE7, 0x74,
    0x04, 0x09, 0xF7, 0xC1, 0xDD, 0x58, 0x6D, 0x90, 0x84, 0x16, 0x76, 0x17, 0x5F, 0xFA, 0xDA, 0x50,
    0x03, 0x6F, 0x14, 0x72, 0x63, 0x3D, 0x6B, 0xFA, 0x39, 0xCF, 0x66, 0x4F, 0x05, 0x0C, 0x34, 0x96,
    0x3C, 0x21, 0xFE, 0x86, 0xE3, 0x1C, 0xA7, 0x58, 0xE0, 0x3D, 0x46, 0x3A, 0x12, 0x8C, 0x3A, 0xD4,
    0xD8, 0xDC, 0x71, 0x48, 0xA8, 0xB1, 0x87, 0x9F, 0xD5, 0xD8, 0x73, 0x49, 0xA4, 0xF4, 0xFB, 0x99,
    0xFF, 0x1D, 0x79, 0x74, 0x12, 0x4F, 0xCA, 0x60, 0x27, 0xF7, 0x7F, 0x72, 0x9C, 0x59, 0x30, 0x3A,
    0x29, 0xD9, 0x3F, 0x02, 0xB0, 0x5D, 0xE4, 0xC5, 0x20, 0x4C, 0x1E, 0x9C, 0xA0, 0x2C, 0xAB, 0x13,
    0x7E, 0xF1, 0x89, 0xB8, 0xDE, 0x2B, 0x79, 0xBB, 0x69, 0x70, 0x33, 0x15, 0x71, 0x9A, 0x2E, 0xA4,
    0xED, 0x78, 0x31, 0x4F, 0xCB, 0xB2, 0x51, 0xFE, 0xC0, 0x9C, 0x75, 0xAC, 0x28, 0x15, 0x1B, 0x55,
    0x47, 0xC1, 0xFF, 0x59, 0x02, 0x6F, 0x06, 0xBA, 0xF6, 0x2B, 0x1D, 0xED, 0xBA, 0x59, 0x5E, 0x70,
    0x0E, 0x35, 0x3A, 0x22, 0x1F, 0x89, 0x64, 0x13, 0xC1, 0x1E, 0x22, 0x71, 0x8C, 0x59, 0x26, 0x78,
    0x70, 0x14, 0x72, 0x2A, 0x3A, 0xCE, 0xC2, 0xA6, 0x5C, 0x71, 0x1E, 0x0F, 0x17, 0x96, 0x58, 0x19,
    0x76, 0xE6, 0x58, 0xF5, 0x79, 0x3A, 0xF2, 0xB3, 0xF0, 0x4A, 0x16, 0xDC, 0x91, 0xFE, 0x7B, 0xC0,
    0xA7, 0x2E, 0x1E, 0x35, 0xDD, 0x16, 0x0C, 0x26, 0x35, 0xCA, 0xD9, 0x30, 0x9D, 0x1E, 0x9E, 0xFF,
    0x07, 0x46, 0xF8, 0xBD, 0xBC, 0x69, 0xB3, 0x42, 0x87, 0x9E, 0x51, 0x47, 0xA3, 0xEE, 0x72, 0x03,
    0xDF, 0x5C, 0x7A, 0x37, 0x7F, 0xBD, 0x90, 0x4F, 0xFC, 0x59, 0xE0, 0x7B, 0x32, 0xBA, 0x93, 0x05,
    0xE7, 0x87, 0x0A, 0x3A, 0xEE, 0xEC, 0xFF, 0x03, 0xB5, 0x59, 0x4D, 0x6C, 0x1B, 0xC7, 0x15, 0xFE,
    0x76, 0xD7, 0xD2, 0xDA, 0xDC, 0x5A, 0xEB, 0x83, 0x03, 0x38, 0xAD, 0xA5, 0x75, 0x81, 0x1E, 0xDC,
    0x82, 0xB2, 0x72, 0xF0, 0x61, 0x5B, 0xAF, 0xC8, 0x71, 0x0B, 0xF4, 0xE2, 0x43, 0x79, 0x88, 0x7A,
    0x49, 0x0B, 0xA7, 0x40, 0x0E, 0x41, 0x0B, 0xD4, 0x3D, 0xD0, 0x0E, 0xD1, 0xD0, 0xD5, 0x36, 0x06,
    0x9A, 0x2B, 0x4F, 0xBE, 0x04, 0x01, 0x74, 0xE8, 0x21, 0xA0, 0x8B, 0x58, 0x40, 0x09, 0x54, 0x40,
    0x04, 0x6B, 0x5B, 0x1F, 0x7C, 0x28, 0xD0, 0x6E, 0xE1, 0xC2, 0x3D, 0x76, 0x83, 0x24, 0x08, 0x10,
    0x03, 0xC6, 0x36, 0x60, 0x61, 0x22, 0xA6, 0xBD, 0xFD, 0xDE, 0x2C, 0xC5, 0x1F, 0x59, 0x92, 0x49,
    0x89, 0xDD, 0x99, 0x47, 0x89, 0xB3, 0x33, 0xEF, 0xBD, 0x99, 0x79, 0xF3, 0xBD, 0xF7, 0x86, 0xD8,
    0x4A, 0x81, 0x95, 0x0A, 0xFA, 0x8F, 0xA7, 0x80, 0xA5, 0x08, 0x28, 0x91, 0xAE, 0x26, 0xC0, 0x3A,
    0xDF, 0xA7, 0x2D, 0x18, 0x71, 0x0D, 0x56, 0x14, 0x90, 0x16, 0xE1, 0x64, 0xCF, 0xE0, 0x66, 0x19,
    0x16, 0xE0, 0xA8, 0xC5, 0x5E, 0x6B, 0x0D, 0x46, 0x62, 0x65, 0xCA, 0x58, 0xD1, 0x4C, 0x5E, 0x85,
    0x9D, 0x85, 0xDE, 0x0F, 0xE3, 0xD3, 0x90, 0xD1, 0xF8, 0x45, 0xEA, 0x3E, 0x4B, 0x4B, 0x48, 0x03,
    0x56, 0x23, 0x5D, 0x7A, 0x2D, 0x75, 0xBA, 0xA9, 0x74, 0x6B, 0x9C, 0xC9, 0xF9, 0x8B, 0xBC, 0x29,
    0xC8, 0x37, 0x4D, 0x65, 0xBD, 0xAB, 0x8C, 0xA7, 0x93, 0xA8, 0x70, 0x48, 0x91, 0xE0, 0x5F, 0xB0,
    0x2D, 0x27, 0x5B, 0x58, 0x56, 0xC6, 0x12, 0x6D, 0xC6, 0xB0, 0x15, 0xEC, 0x06, 0xAC, 0x36, 0xA0,
    0x60, 0x84, 0x3D, 0x4E, 0x64, 0x70, 0x84, 0x34, 0x03, 0x18, 0x59, 0x1B, 0xCE, 0x67, 0x77, 0xE0,
    0xC1, 0x55, 0x01, 0x6C, 0x8A, 0x33, 0xC3, 0x16, 0x84, 0xE1, 0x80, 0xE4, 0x3B, 0xDB, 0xA9, 0x8E,
    0x1D, 0x7A, 0xCA, 0x83, 0xF3, 0xD5, 0x53, 0x8E, 0x4B, 0xF2, 0x69, 0xCD, 0x2A, 0xB8, 0xC0, 0xBC,
    0x66, 0x78, 0x12, 0x66, 0x16, 0xB9, 0x37, 0xD3, 0x05, 0xD4, 0x02, 0xA0, 0x5F, 0x8B, 0x38, 0xB1,
    0x80, 0x0D, 0xE7, 0x41, 0x6A, 0x66, 0xA1, 0x0C, 0x29, 0x90, 0xCA, 0x54, 0x23, 0xED, 0xB1, 0x98,
    0x86, 0x1A, 0x67, 0x81, 0x27, 0x30, 0xEF, 0xEA, 0x2D, 0x1E, 0x53, 0x8D, 0x19, 0xD9, 0x14, 0xD2,
    0x1C, 0xA6, 0xA7, 0xC6, 0x49, 0x60, 0x59, 0x24, 0x4D, 0xA0, 0x46, 0x63, 0x0D, 0xB8, 0x46, 0xBD,
    0x97, 0xD4, 0xD4, 0xD4, 0x30, 0x7F, 0x1B, 0xE2, 0x73, 0x85, 0xDF, 0x4C, 0xA0, 0x46, 0x61, 0x96,
    0xA6, 0xF1, 0x3E, 0xFF, 0xE9, 0x0C, 0x0E, 0x49, 0x99, 0x6F, 0x4A, 0xB7, 0xDA, 0xF0, 0x71, 0x9D,
    0xE4, 0x92, 0x1C, 0xE5, 0x53, 0x9C, 0x0F, 0x6B, 0x88, 0xE4, 0xBB, 0xBC, 0xF3, 0x48, 0x75, 0x94,
    0x6E, 0xB7, 0x39, 0x4E, 0x4F, 0x65, 0x9D, 0x72, 0x06, 0x74, 0x92, 0xC6, 0x9C, 0xD5, 0xE1, 0xDE,
    0xEC, 0xD2, 0xBC, 0x37, 0xA9, 0xC1, 0x68, 0x29, 0x92, 0xA4, 0xDD, 0xFD, 0x57, 0x97, 0xFA, 0x06,
    0x5A, 0xBE, 0x41, 0x72, 0xB9, 0x14, 0x6E, 0x73, 0x8B, 0x12, 0x9C, 0xD0, 0x85, 0x15, 0xBB, 0x3C,
    0x0E, 0xB4, 0xB7, 0xF4, 0xF2, 0x0A, 0x52, 0x9E, 0x94, 0xD4, 0x55, 0x24, 0x08, 0x49, 0xBB, 0x15,
    0xB9, 0xF0, 0x42, 0xB7, 0x29, 0xC7, 0x68, 0xDB, 0xB8, 0xAE, 0x0B, 0x93, 0x50, 0xCF, 0xF9, 0x00,
    0x3A, 0xD8, 0x7D, 0xB4, 0x91, 0xF5, 0x48, 0x4B, 0xCD, 0x35, 0x1F, 0xE8, 0xD7, 0x52, 0xB3, 0x51,
    0xCE, 0x92, 0xE1, 0x16, 0xDD, 0xB8, 0xC6, 0x9E, 0x56, 0x16, 0x19, 0x2B, 0x6A, 0x74, 0x03, 0x5A,
    0x94, 0x52, 0x6A, 0x6E, 0x96, 0xB3, 0xAE, 0xDE, 0x00, 0x0A, 0xAB, 0xE9, 0x0D, 0x10, 0xAB, 0x9D,
    0x25, 0xAC, 0x5C, 0x42, 0x0F, 0x56, 0x26, 0x94, 0x65, 0x5E, 0x0C, 0xCD, 0xBB, 0x21, 0x32, 0x8C,
    0x2F, 0x0E, 0x04, 0xC5, 0x0D, 0xA0, 0x7A, 0x10, 0x71, 0x62, 0xE5, 0x81, 0x3E, 0x72, 0xE3, 0x8B,
    0x9B, 0x54, 0x04, 0x41, 0xCF, 0x0A, 0x69, 0x5B, 0xB0, 0x3A, 0x02, 0x76, 0x2F, 0x90, 0xD2, 0x36,
    0xB9, 0xDD, 0x76, 0x24, 0x60, 0x47, 0x84, 0x14, 0xB0, 0xAB, 0xC8, 0x7A, 0xFE, 0x0D, 0xE8, 0x1E,
    0x68, 0x3D, 0xDF, 0x09, 0x8D, 0x87, 0x8A, 0x56, 0x3F, 0xC1, 0x04, 0x05, 0xD4, 0x2E, 0x84, 0xE3,
    0x83, 0x9A, 0xD1, 0x0C, 0x65, 0x68, 0x8B, 0x47, 0x38, 0x77, 0x00, 0x76, 0xC4, 0x63, 0xAC, 0xF2,
    0x63, 0xDC, 0xEE, 0x83, 0x5A, 0x36, 0x00, 0x35, 0x9A, 0x2E, 0x2D, 0x97, 0x06, 0x4A, 0x35, 0xFA,
    0x95, 0x36, 0xEB, 0xA1, 0xEB, 0x3C, 0xD9, 0x34, 0xEE, 0xC8, 0xB9, 0x3E, 0x8A, 0xC0, 0xBD, 0xD8,
    0xB6, 0xB9, 0x1A, 0x34, 0xDA, 0xF0, 0x75, 0xE0, 0x3F, 0x54, 0xA7, 0x1C, 0x4E, 0x4D, 0xA5, 0x9E,
    0xA5, 0x6D, 0xE1, 0x80, 0x2A, 0x4D, 0x8A, 0xB9, 0xE3, 0xAC, 0xD2, 0xA8, 0x35, 0x1E, 0x44, 0xA5,
    0x43, 0xAB, 0x70, 0x1C, 0xDA, 0x05, 0x6A, 0xE0, 0xF7, 0x7B, 0x53, 0x3B, 0xAA, 0x9B, 0x8A, 0x39,
    0xF0, 0x1C, 0x48, 0xB3, 0xAF, 0x93, 0xCB, 0xDB, 0xDC, 0xBB, 0x8F, 0xE3, 0x3E, 0x24, 0xE7, 0x70,
    0xFB, 0x3C, 0x95, 0x9A, 0xB7, 0xC2, 0x72, 0x96, 0x85, 0x7B, 0xBD, 0x17, 0x2A, 0x28, 0x2C, 0xC4,
    0xA8, 0xAE, 0xF7, 0x58, 0x49, 0x60, 0x90, 0xD7, 0x8B, 0xCA, 0xBE, 0xD2, 0xB6, 0xFF, 0xBB, 0x69,
    0x47, 0x8B, 0xB6, 0x5A, 0xD8, 0xB5, 0xCA, 0x80, 0x1C, 0x66, 0x73, 0xA2, 0xAC, 0xEE, 0x52, 0xB3,
    0xD9, 0xD1, 0xDF, 0x9B, 0xCD, 0x94, 0x51, 0x4B, 0x3A, 0xFC, 0x7E, 0x27, 0x71, 0xF8, 0x2F, 0x2B,
    0xC8, 0x3A, 0x58, 0xE4, 0xAA, 0xCC, 0x60, 0x7E, 0x2B, 0xF6, 0x1E, 0xA4, 0x1E, 0x5A, 0xF3, 0xA8,
    0xED, 0x5A, 0x8F, 0xA0, 0xBC, 0xF1, 0xCD, 0x35, 0x91, 0x6A, 0x85, 0xFB, 0x95, 0x23, 0x27, 0xCA,
    0xAD, 0x9F, 0xAD, 0xE5, 0xD3, 0xD9, 0xAD, 0x94, 0x3B, 0x2F, 0x55, 0x5E, 0xCC, 0x65, 0xB5, 0x9D,
    0xF7, 0xDA, 0x9D, 0xC7, 0x99, 0x6F, 0xF9, 0x55, 0x37, 0x79, 0x31, 0x97, 0xD7, 0xCF, 0x9C, 0x5F,
    0xF7, 0xE2, 0xBD, 0xF9, 0x88, 0xD5, 0xEF, 0x57, 0x02, 0x7A, 0xCC, 0x36, 0x56, 0x19, 0x48, 0x99,
    0x70, 0x43, 0x5B, 0xED, 0xCD, 0x69, 0x41, 0xBB, 0xAB, 0x72, 0x38, 0x83, 0x13, 0x75, 0xC1, 0xAD,
    0xD1, 0x07, 0xD5, 0xC1, 0x93, 0xDB, 0x0C, 0xAA, 0x63, 0xD1, 0xA2, 0xA6, 0x96, 0xEF, 0x21, 0xF5,
    0xDD, 0x87, 0x89, 0xDF, 0x0B, 0x50, 0xCE, 0x1C, 0xED, 0x94, 0xAA, 0xA7, 0xE5, 0xBF, 0x6A, 0x71,
    0xB7, 0x02, 0x29, 0x9B, 0x86, 0x3E, 0x0A, 0xDC, 0x0A, 0x8B, 0x90, 0xEB, 0xB8, 0x83, 0x28, 0x62,
    0x24, 0x6A, 0xD9, 0x9B, 0x82, 0x1E, 0x2D, 0x13, 0xF9, 0xDD, 0xF7, 0x08, 0xE5, 0xB9, 0x37, 0x43,
    0x41, 0x2D, 0xC4, 0xB9, 0xCD, 0xEE, 0xBE, 0x16, 0xB6, 0x72, 0x18, 0xFD, 0x5C, 0xEF, 0x9F, 0x8F,
    0x12, 0x69, 0x03, 0xBE, 0x99, 0xC2, 0x77, 0x22, 0xF8, 0x4B, 0x6C, 0xAB, 0x03, 0xDF, 0xA5, 0x76,
    0x65, 0x2A, 0x56, 0x3E, 0xC7, 0x43, 0xC6, 0x98, 0xC1, 0x67, 0x18, 0xEC, 0x1B, 0x69, 0xDE, 0x97,
    0x21, 0x9B, 0xAF, 0x51, 0xA9, 0x77, 0x7A, 0x85, 0x7E, 0x95, 0x07, 0x30, 0xBD, 0xA7, 0x3A, 0x5C,
    0xED, 0xA8, 0xEA, 0xA1, 0x5A, 0xC7, 0xD5, 0x14, 0x6F, 0x47, 0x58, 0x4D, 0x50, 0x6B, 0xA3, 0xBA,
    0x0C, 0x69, 0xE4, 0x2B, 0x53, 0x5B, 0x4A, 0xCC, 0xB8, 0x9E, 0x80, 0x21, 0x3E, 0xAC, 0xC7, 0x81,
    0xAF, 0x5C, 0x54, 0x03, 0x54, 0x5B, 0xF8, 0x75, 0x8C, 0xD5, 0x08, 0xD7, 0x12, 0xF9, 0x5F, 0x06,
    0xB2, 0xDD, 0x8A, 0x0A, 0x1A, 0x14, 0x09, 0x17, 0x27, 0xB6, 0xF5, 0x18, 0xA7, 0xE6, 0xFE, 0xAA,
    0xC0, 0x63, 0xE5, 0xEB, 0x81, 0xD5, 0x7D, 0xCB, 0xA4, 0x7C, 0x7B, 0x51, 0x5C, 0xA2, 0xE7, 0x93,
    0xBB, 0xF1, 0xF9, 0xD1, 0x07, 0xA7, 0x03, 0xFF, 0x15, 0x51, 0xDB, 0x0F, 0x68, 0x86, 0xBA, 0x8E,
    0xC3, 0x37, 0xAE, 0x4A, 0x89, 0x26, 0xD0, 0xF3, 0x24, 0x7C, 0xEE, 0x52, 0x71, 0x2F, 0x3D, 0x47,
    0xC6, 0x57, 0xAE, 0xB6, 0xAB, 0xE9, 0x0E, 0x7E, 0x8E, 0xDA, 0xAE, 0x17, 0xE1, 0x5C, 0x82, 0xF3,
    0x0C, 0x4E, 0x8A, 0xB2, 0xC2, 0x96, 0xC2, 0x25, 0x35, 0xF4, 0xF6, 0x8B, 0x0F, 0x9C, 0xEC, 0xE9,
    0x90, 0xAD, 0xAD, 0x3B, 0xC9, 0x92, 0xBA, 0xB0, 0xF3, 0x24, 0x9B, 0x92, 0x48, 0x85, 0x83, 0x44,
    0x0A, 0x12, 0xF6, 0x5B, 0x61, 0x59, 0x88, 0x48, 0xF0, 0xBD, 0x98, 0x81, 0x71, 0x4A, 0xDA, 0x20,
    0x05, 0x24, 0x8F, 0xE4, 0xDC, 0x08, 0x7D, 0xEB, 0x6E, 0xE8, 0x1B, 0x9F, 0x10, 0x8D, 0x1F, 0x93,
    0xCA, 0x24, 0x4F, 0x82, 0xE7, 0x10, 0x2F, 0x6B, 0x2F, 0x51, 0xD5, 0x9B, 0x7F, 0x12, 0xD7, 0x32,
    0xB5, 0xFA, 0x5A, 0x54, 0x37, 0xE3, 0xAA, 0x91, 0xEC, 0x5A, 0x0F, 0x2D, 0x6F, 0xDB, 0x67, 0x9D,
    0xDE, 0xE1, 0xB3, 0xC6, 0x94, 0x9D, 0x48, 0xA5, 0x41, 0x98, 0xB9, 0x4D, 0x48, 0x06, 0xF3, 0x27,
    0xC9, 0x60, 0x06, 0x67, 0xFE, 0x30, 0xDA, 0x15, 0x0A, 0xB0, 0xDF, 0x47, 0x8E, 0x27, 0xFF, 0xE7,
    0xD5, 0x88, 0x28, 0x2F, 0xCA, 0x73, 0x62, 0xA1, 0x6F, 0x70, 0x65, 0xCA, 0xE8, 0xB9, 0xEB, 0x17,
    0xCB, 0xCD, 0xEB, 0x6C, 0x4C, 0x3E, 0x62, 0x05, 0x92, 0x71, 0x6C, 0xDF, 0x71, 0x3C, 0x17, 0x54,
    0x48, 0x22, 0x6F, 0xC6, 0x4C, 0xF7, 0x13, 0x5A, 0x6B, 0x8F, 0x8C, 0x64, 0x90, 0xFE, 0xEB, 0xA0,
    0x62, 0x34, 0x89, 0xDB, 0x25, 0x81, 0xA8, 0xE9, 0xA0, 0xA1, 0x18, 0x60, 0x91, 0x9F, 0x0C, 0x1D,
    0xB6, 0x23, 0xD0, 0x3C, 0x91, 0x64, 0xB8, 0xB7, 0xBE, 0x5F, 0xB8, 0x77, 0x00, 0x1D, 0x54, 0x68,
    0xDE, 0x8F, 0xFA, 0xE1, 0xDE, 0x58, 0x6A, 0x9C, 0x7D, 0x83, 0x96, 0x4C, 0xE6, 0x5F, 0x72, 0x41,
    0x2F, 0x4E, 0x47, 0x0D, 0xAC, 0x35, 0x8C, 0x4F, 0x22, 0xF3, 0x9E, 0x32, 0x8C, 0xB1, 0xD5, 0xD0,
    0xCF, 0x56, 0x96, 0x75, 0xEC, 0xAF, 0xEE, 0x34, 0x7F, 0xEF, 0xE5, 0x59, 0x6F, 0x20, 0x39, 0x73,
    0x20, 0xA0, 0x16, 0x88, 0xCF, 0x21, 0x7A, 0xA4, 0x92, 0x19, 0xA4, 0x92, 0xB4, 0xB7, 0xFA, 0x6F,
    0x97, 0xE5, 0xC3, 0xA3, 0xA6, 0xD0, 0x63, 0x35, 0x17, 0x8A, 0x7D, 0x89, 0x82, 0xFF, 0x9C, 0x25,
    0xEE, 0xCD, 0xC7, 0xFF, 0xE8, 0x2C, 0xD0, 0x4F, 0x53, 0x76, 0x09, 0xF3, 0x01, 0xCE, 0x35, 0x3F,
    0x0C, 0xB0, 0x94, 0x3D, 0x0B, 0x24, 0xB8, 0x29, 0xB2, 0x8D, 0x89, 0xC1, 0xAA, 0x2A, 0x3A, 0x0F,
    0x1E, 0x7F, 0xD6, 0xA1, 0x32, 0xDB, 0x73, 0x28, 0xE8, 0x78, 0x30, 0xE8, 0x01, 0x3C, 0x73, 0xEB,
    0xD2, 0xAD, 0x94, 0x19, 0xB3, 0x8F, 0xC0, 0x47, 0x51, 0x7F, 0xD6, 0xD9, 0x52, 0xCE, 0x22, 0xDF,
    0xA1, 0xA9, 0xC6, 0xF4, 0x4E, 0x3E, 0xDA, 0xBA, 0xC3, 0x32, 0x1A, 0x66, 0x64, 0x29, 0xCE, 0xBD,
    0xF2, 0x56, 0xBA, 0x5A, 0xA9, 0xEF, 0x86, 0x97, 0x93, 0xF1, 0xE3, 0x73, 0x5E, 0xE3, 0x4D, 0x8E,
    0xEE, 0xB2, 0xB9, 0xF3, 0x5D, 0xEF, 0x9F, 0x1E, 0x35, 0x1C, 0x2D, 0x02, 0x11, 0x44, 0x76, 0xBC,
    0x22, 0x19, 0xEA, 0xF7, 0x95, 0xF9, 0xF7, 0xE1, 0x8C, 0x6A, 0x02, 0x89, 0x67, 0x4F, 0xCD, 0x55,
    0xAD, 0x64, 0x1F, 0x39, 0xC3, 0xAB, 0xF3, 0x2A, 0x9C, 0x2C, 0x5C, 0xFA, 0x71, 0x1A, 0x60, 0xA3,
    0x0A, 0xBF, 0xA6, 0xAF, 0x54, 0xBC, 0x4F, 0x21, 0x1B, 0x6B, 0x13, 0x15, 0xE8, 0xCE, 0x03, 0xC6,
    0x0A, 0x35, 0xD4, 0xCB, 0xEF, 0xA5, 0xEC, 0x29, 0x43, 0xCE, 0xEA, 0xD9, 0x24, 0xFA, 0x92, 0xAB,
    0x02, 0xEF, 0x29, 0xAE, 0x7B, 0x58, 0x37, 0x15, 0x83, 0x78, 0x62, 0xBC, 0xF3, 0x54, 0xDF, 0xBE,
    0x59, 0x61, 0x6A, 0x87, 0xD7, 0xAF, 0x28, 0x2F, 0xCF, 0xB1, 0xDF, 0x84, 0xF1, 0x08, 0xD6, 0xBB,
    0x2A, 0xBF, 0xC6, 0x9B, 0x54, 0xA2, 0xD1, 0x80, 0xDD, 0xC2, 0xC2, 0xA2, 0xBE, 0xA7, 0x18, 0x53,
    0xE2, 0xA4, 0x52, 0xB8, 0x45, 0x34, 0x26, 0x1B, 0x72, 0x91, 0x73, 0x62, 0x2C, 0x29, 0xE2, 0xA4,
    0x3B, 0x62, 0x84, 0xA6, 0xBE, 0xC6, 0x19, 0xD9, 0xB1, 0xC9, 0xE7, 0x78, 0xEA, 0x65, 0xB8, 0x3E,
    0xAC, 0x74, 0x92, 0x39, 0x6A, 0xC3, 0xC8, 0xD4, 0x77, 0x6E, 0x37, 0xE5, 0x18, 0x4C, 0x4E, 0x5F,
    0x93, 0x44, 0x83, 0x07, 0x58, 0x66, 0x42, 0x58, 0x15, 0x5C, 0x9D, 0x63, 0xE6, 0xE1, 0x21, 0x4B,
    0x2F, 0x57, 0x5C, 0x8C, 0x94, 0x35, 0x2B, 0x35, 0x22, 0xFA, 0x89, 0xB3, 0xA6, 0xF8, 0x8A, 0x46,
    0x03, 0xF8, 0xE3, 0xA8, 0x17, 0x3A, 0x94, 0x26, 0x12, 0xCA, 0x9C, 0x9F, 0x3B, 0xBF, 0xB7, 0xEC,
    0xFD, 0x65, 0x18, 0x57, 0xE4, 0x82, 0xB6, 0xBB, 0xAF, 0x8C, 0xE1, 0x99, 0xDD, 0x5E, 0xDB, 0x4A,
    0x77, 0x70, 0x17, 0xA0, 0x78, 0xC6, 0x84, 0xE2, 0x77, 0x03, 0x40, 0xAB, 0x31, 0x8F, 0x1B, 0x87,
    0x24, 0xDF, 0x0B, 0x88, 0xB6, 0x4B, 0x5C, 0x0E, 0xF7, 0x0B, 0xB9, 0xCE, 0xCA, 0x8F, 0x39, 0x01,
    0xD4, 0x79, 0x88, 0x63, 0xDF, 0xDE, 0x8E, 0x4A, 0xF7, 0x70, 0x6D, 0x75, 0x2B, 0x29, 0x7F, 0x98,
    0x38, 0x1D, 0x3D, 0x28, 0xA3, 0x0A, 0x2B, 0x6A, 0x6A, 0x2A, 0xB8, 0x19, 0x66, 0x56, 0x26, 0x91,
    0x1F, 0x36, 0xF2, 0x14, 0x78, 0x75, 0x7A, 0xCB, 0x70, 0x6C, 0x16, 0xCE, 0x1C, 0xCC, 0xEE, 0x24,
    0x6A, 0x48, 0x36, 0xFE, 0x11, 0xED, 0x2B, 0xA6, 0x2A, 0x1F, 0x47, 0xFA, 0x08, 0x4C, 0x43, 0x15,
    0xD9, 0x94, 0x0E, 0xEC, 0x9F, 0xC2, 0x29, 0xC8, 0xA7, 0xD1, 0x19, 0x5B, 0xA1, 0x37, 0x7A, 0xFE,
    0xFE, 0x7E, 0xCF, 0xD1, 0x4E, 0x41, 0x19, 0xF3, 0x1D, 0x65, 0xFF, 0x08, 0xEE, 0x7C, 0x2F, 0xA8,
    0x1D, 0x4B, 0x8D, 0x43, 0x89, 0xA5, 0x99, 0x33, 0x1B, 0x13, 0xDC, 0xD7, 0x24, 0xBF, 0x8F, 0xCC,
    0x8C, 0x29, 0x9A, 0x01, 0x9B, 0xA3, 0x2F, 0x25, 0x18, 0xC8, 0x13, 0xF6, 0xF3, 0x0B, 0xA0, 0x8F,
    0x64, 0x12, 0x77, 0x87, 0x7E, 0xE8, 0xA1, 0x6E, 0xCB, 0x58, 0x08, 0x08, 0xA1, 0x0C, 0x12, 0xB6,
    0x10, 0x2C, 0xE2, 0x89, 0x04, 0x0A, 0x9F, 0xAB, 0x9A, 0x6B, 0xDC, 0x0F, 0x5B, 0x0E, 0x3B, 0xA7,
    0xF6, 0x0F, 0xFE, 0x12, 0xA7, 0xD6, 0x8D, 0xF0, 0xE3, 0xC4, 0xBA, 0xA7, 0xBE, 0x8C, 0xCD, 0xBF,
    0x12, 0x47, 0x8C, 0x7F, 0xE3, 0xAD, 0x10, 0x8F, 0x70, 0x41, 0x11, 0x3E, 0x19, 0x13, 0x6E, 0x0A,
    0xAE, 0x98, 0x0D, 0xC9, 0x24, 0xE4, 0x66, 0x68, 0xBE, 0x38, 0x24, 0x82, 0xD9, 0x64, 0xE2, 0x22,
    0xB0, 0x18, 0x92, 0x2C, 0xDA, 0xEB, 0x8B, 0x98, 0x73, 0xCE, 0x73, 0x96, 0x73, 0x4C, 0x86, 0x9C,
    0xE3, 0xC5, 0x2A, 0xEC, 0x9F, 0x9C, 0x5E, 0x87, 0xF5, 0x87, 0xE3, 0x29, 0x51, 0xD9, 0x65, 0x22,
    0xD5, 0x76, 0xE4, 0xB7, 0x0F, 0x3B, 0x7A, 0xFE, 0x87, 0x10, 0xBD, 0x0A, 0x56, 0x74, 0x8E, 0x99,
    0x88, 0xCB, 0x10, 0xC8, 0x66, 0x30, 0x64, 0x26, 0x1B, 0x7C, 0xCF, 0x19, 0x32, 0x69, 0xD4, 0x91,
    0x9D, 0x8B, 0xBD, 0xE9, 0x4D, 0x50, 0x63, 0xEB, 0x5E, 0xB8, 0x9D, 0xCA, 0x32, 0x40, 0x6A, 0xCD,
    0x23, 0x75, 0x8D, 0xC4, 0x31, 0x23, 0xFB, 0x46, 0xC4, 0xE9, 0x89, 0x3F, 0x78, 0xA4, 0x5D, 0x42,
    0x5D, 0xBB, 0xCC, 0x14, 0xB3, 0x49, 0x2F, 0x7E, 0x45, 0xA5, 0x02, 0x23, 0x25, 0x94, 0x26, 0xEB,
    0xD3, 0x51, 0x27, 0xF7, 0xE9, 0x7E, 0x2F, 0xE2, 0xC9, 0xB2, 0xEE, 0xCF, 0x9B, 0x1D, 0x91, 0x68,
    0xC5, 0x70, 0x42, 0xE9, 0x11, 0xC8, 0x1D, 0x34, 0xB3, 0x70, 0xD9, 0x4A, 0x25, 0x80, 0xC8, 0x86,
    0x3B, 0xCD, 0x0F, 0xD8, 0x73, 0xD8, 0xA1, 0xEB, 0x38, 0x2E, 0x5A, 0xB9, 0x1C, 0x4A, 0x8E, 0xCE,
    0x1E, 0x6D, 0x6A, 0x21, 0x37, 0xC3, 0x6E, 0xAF, 0x7F, 0x98, 0x65, 0xD1, 0x8E, 0xEB, 0xEC, 0xC9,
    0x64, 0x85, 0xC2, 0xD0, 0x88, 0xFB, 0x31, 0xE3, 0x0B, 0x64, 0xCD, 0x9A, 0x23, 0x71, 0xD0, 0x44,
    0xB2, 0x4E, 0x1D, 0x1B, 0xB8, 0xD4, 0x71, 0x64, 0x15, 0xC2, 0x32, 0xA3, 0xE5, 0xBD, 0x33, 0xFA,
    0xFF, 0x01, 0xB5, 0x58, 0x31, 0x6C, 0x1C, 0xC7, 0x15, 0xFD, 0xBB, 0x2B, 0x71, 0x1D, 0x2D, 0xCC,
    0x75, 0xA1, 0x18, 0x09, 0x42, 0x72, 0x53, 0xA8, 0x60, 0x8C, 0x3B, 0x5D, 0x0A, 0x17, 0x6B, 0x61,
    0x79, 0x3B, 0xB4, 0x00, 0xB9, 0x08, 0x90, 0x5C, 0x21, 0xBA, 0x61, 0x61, 0x16, 0xAC, 0x92, 0xC2,
    0x2A, 0x2E, 0xCE, 0x45, 0x39, 0x9A, 0x4B, 0xB9, 0x48, 0x91, 0x22, 0xAC, 0xD4, 0x18, 0x01, 0x58,
    0xA4, 0x30, 0x8E, 0x80, 0x49, 0x20, 0x07, 0x84, 0x09, 0x68, 0x6A, 0x01, 0x15, 0x29, 0x02, 0xC4,
    0x1B, 0x04, 0x71, 0x0A, 0x15, 0x59, 0x24, 0x31, 0x02, 0xC8, 0x2E, 0x26, 0xC1, 0xDA, 0xA2, 0x95,
    0x23, 0x27, 0xEF, 0xCF, 0xEC, 0xF1, 0x78, 0x32, 0x49, 0x91, 0xD4, 0x79, 0x77, 0xE7, 0xCF, 0xDD,
    0xEC, 0xCC, 0xFC, 0x3F, 0xF3, 0xE7, 0xFF, 0xFF, 0xFE, 0x12, 0x11, 0x2D, 0x2C, 0xC6, 0x2A, 0xA1,
    0x28, 0xAF, 0xAF, 0x17, 0xE4, 0x27, 0x21, 0x2D, 0xA1, 0x2D, 0x24, 0x5F, 0x53, 0xEF, 0xBA, 0xDA,
    0x0F, 0xC9, 0x5D, 0x99, 0x5B, 0x0A, 0xC9, 0x49, 0xA8, 0xA5, 0xA9, 0x64, 0xEA, 0xA4, 0x68, 0x4F,
    0x3C, 0xC1, 0x3D, 0xA7, 0xD0, 0x33, 0xA0, 0x36, 0x68, 0x9B, 0x24, 0xD5, 0x37, 0x0A, 0xE7, 0x71,
    0x27, 0x56, 0xC2, 0x51, 0x0A, 0x93, 0xD8, 0x77, 0x12, 0xA2, 0xC8, 0xFA, 0xB7, 0x00, 0xD5, 0x73,
    0x47, 0x28, 0x74, 0x99, 0xA9, 0xA3, 0xDA, 0xBE, 0x2A, 0xFC, 0xBB, 0xBD, 0x8B, 0xAF, 0xCB, 0x29,
    0xDA, 0x26, 0x3B, 0x8B, 0xF0, 0xD6, 0x4B, 0x98, 0x06, 0x14, 0x1D, 0xDC, 0x05, 0x55, 0x28, 0xB2,
    0x73, 0xF0, 0xD9, 0x76, 0x53, 0xF2, 0xFF, 0xD6, 0xF3, 0x1F, 0xFE, 0xDA, 0x56, 0x51, 0xA0, 0x76,
    0xE9, 0xD0, 0x15, 0xA2, 0xB8, 0xC9, 0x79, 0xA9, 0x95, 0x0F, 0x28, 0x49, 0x5F, 0xD4, 0x3B, 0x6B,
    0x3B, 0xF7, 0x28, 0x56, 0x32, 0x38, 0xC4, 0xA4, 0x81, 0x77, 0x05, 0xCA, 0x66, 0x58, 0xF2, 0xE3,
    0xBE, 0x4F, 0x2B, 0x98, 0x49, 0x62, 0x1E, 0x89, 0xEE, 0x65, 0x19, 0xCB, 0x89, 0xBC, 0x54, 0xCF,
    0xF8, 0x5C, 0xB3, 0xDE, 0x9C, 0x68, 0x12, 0xEE, 0xCA, 0x51, 0x37, 0xF1, 0xBD, 0x6D, 0x15, 0x07,
    0x12, 0xCC, 0xB0, 0x02, 0x5C, 0x11, 0x97, 0x55, 0xA2, 0xAB, 0x6B, 0x99, 0xAE, 0x42, 0x69, 0xAA,
    0x2D, 0x53, 0x45, 0xA6, 0x0A, 0x4C, 0xE5, 0xBD, 0xA3, 0x2B, 0xE7, 0xBE, 0xAE, 0xAC, 0x7F, 0xDE,
    0xC9, 0x50, 0xD1, 0xA3, 0x3B, 0x19, 0xAB, 0x30, 0x5E, 0x91, 0x3E, 0xEB, 0x30, 0xD9, 0xD9, 0x61,
    0xD5, 0x27, 0xB5, 0xA1, 0x8D, 0x6D, 0x80, 0xE9, 0x8A, 0x64, 0x96, 0x6B, 0x9A, 0xA1, 0x66, 0xC7,
    0xCC, 0x24, 0xB3, 0x92, 0xCC, 0x48, 0x32, 0x1B, 0xC9, 0x4C, 0x24, 0xB3, 0x90, 0x60, 0x00, 0x42,
    0x8F, 0x98, 0xC4, 0x4C, 0x02, 0x26, 0x7E, 0xC2, 0x1B, 0x40, 0x07, 0x84, 0xF7, 0x01, 0x8D, 0x7D,
    0x3E, 0xDF, 0x46, 0xD9, 0x46, 0x69, 0xEA, 0x7F, 0x97, 0x89, 0xDE, 0x52, 0xA2, 0xB9, 0x3C, 0x9F,
    0x36, 0xDB, 0x76, 0xD6, 0x6C, 0x5A, 0xF9, 0x89, 0xA5, 0x1C, 0x87, 0x62, 0x61, 0x6A, 0x27, 0xD3,
    0x73, 0xAC, 0xAD, 0x11, 0xBD, 0x82, 0x9F, 0x41, 0x32, 0x58, 0x4D, 0x80, 0x83, 0x58, 0xC3, 0xE6,
    0xD7, 0x51, 0x7E, 0x0C, 0x01, 0x36, 0xD1, 0x5D, 0x76, 0xC9, 0xCA, 0x5A, 0xE4, 0xA4, 0x11, 0x4A,
    0x95, 0x3C, 0xB5, 0x4F, 0x3E, 0x0E, 0xEF, 0x14, 0x79, 0xA2, 0x5A, 0xB6, 0xB6, 0x70, 0x36, 0xC6,
    0x5E, 0x15, 0xF6, 0x87, 0x44, 0x3D, 0x3D, 0xCF, 0x4D, 0x72, 0x55, 0x12, 0xDC, 0xC8, 0x26, 0x78,
    0x29, 0x92, 0x7E, 0x24, 0xFD, 0x7D, 0x59, 0x27, 0x19, 0xE1, 0xB1, 0x64, 0x6D, 0x5E, 0x7A, 0x3D,
    0x5E, 0xE2, 0x95, 0x2B, 0x55, 0x69, 0x54, 0x0D, 0x93, 0x39, 0xE1, 0x5E, 0x58, 0x8C, 0x72, 0x5F,
    0xF7, 0x73, 0xC5, 0x51, 0xB7, 0x5E, 0xCA, 0x5B, 0xA9, 0x11, 0x9F, 0xAF, 0x8B, 0x58, 0xA8, 0x2A,
    0xC8, 0xFB, 0x78, 0x07, 0xA6, 0xE2, 0x0B, 0x23, 0xA2, 0x9D, 0x61, 0x21, 0x39, 0xF8, 0x96, 0xC5,
    0xCA, 0x07, 0x0B, 0x73, 0xD3, 0x40, 0x04, 0xE4, 0x3D, 0xDE, 0xC3, 0xB8, 0x5C, 0x4F, 0x61, 0xAF,
    0x24, 0x04, 0xB3, 0x7C, 0xBB, 0xDC, 0x6E, 0x5B, 0xA5, 0xFE, 0x5D, 0xD8, 0x61, 0x0B, 0x26, 0x17,
    0x51, 0x25, 0xA2, 0x2A, 0x28, 0x0C, 0x0F, 0x2D, 0xDE, 0x47, 0xD2, 0x56, 0x7A, 0x0F, 0x57, 0x57,
    0x89, 0x7E, 0x0B, 0x31, 0x6A, 0x83, 0x0D, 0x6D, 0xC1, 0x7E, 0x4E, 0x53, 0xD8, 0x5F, 0x44, 0x10,
    0xB5, 0x86, 0xC1, 0xFE, 0xC3, 0x1E, 0xF8, 0x19, 0x31, 0x2E, 0x5D, 0x22, 0xF7, 0x57, 0x74, 0x70,
    0xC6, 0x59, 0x99, 0x47, 0x3D, 0x6D, 0x27, 0x8F, 0xDF, 0xCF, 0xBD, 0x5D, 0x3D, 0x48, 0x41, 0xA9,
    0x73, 0x66, 0x27, 0x2C, 0xBD, 0x4E, 0x39, 0x32, 0x71, 0x3C, 0x45, 0x17, 0xE7, 0xF8, 0x87, 0xEF,
    0x0B, 0x3C, 0x67, 0x10, 0xCA, 0x49, 0x59, 0x7B, 0x58, 0x10, 0x7D, 0x25, 0x82, 0x51, 0x55, 0xFB,
    0x9B, 0x85, 0x73, 0xC9, 0x96, 0x83, 0xFE, 0x0C, 0x1A, 0x9C, 0xFA, 0x6A, 0x64, 0xF3, 0x7C, 0x72,
    0x3E, 0x85, 0x6F, 0x3C, 0x97, 0x6C, 0x9B, 0xA5, 0x33, 0x9D, 0x30, 0x63, 0xEC, 0x11, 0xCB, 0xE6,
    0x26, 0x64, 0x43, 0x33, 0xAB, 0xE7, 0x92, 0xCD, 0x58, 0xF9, 0xAB, 0x72, 0x82, 0xBA, 0x5A, 0xC8,
    0x28, 0x56, 0xBD, 0x99, 0xB9, 0x76, 0x44, 0xE1, 0x14, 0xA2, 0xC4, 0x83, 0xDC, 0x56, 0x7A, 0xB6,
    0x7B, 0x10, 0x77, 0xAE, 0x61, 0xE6, 0x95, 0x85, 0x29, 0x23, 0x70, 0x38, 0x8E, 0x12, 0x96, 0x3E,
    0x8B, 0xDE, 0xCF, 0x53, 0x3C, 0xA7, 0x77, 0x3B, 0x43, 0x02, 0xF9, 0x65, 0x19, 0xA5, 0x40, 0xD0,
    0x0A, 0x3F, 0xA7, 0x17, 0x08, 0xBD, 0xC0, 0xB6, 0x1C, 0x5C, 0x5E, 0xB6, 0x52, 0x7B, 0xE4, 0x7C,
    0xD8, 0x79, 0x8F, 0xBC, 0x1F, 0x68, 0xE5, 0xF0, 0x21, 0x67, 0x12, 0x31, 0xE9, 0xFA, 0x73, 0x37,
    0xB1, 0xC7, 0xAA, 0x67, 0xE5, 0xFE, 0x5C, 0x43, 0x83, 0x09, 0xF7, 0xE1, 0x06, 0x2F, 0xC5, 0xE7,
    0x73, 0xEC, 0x33, 0x92, 0xF0, 0x3B, 0xEF, 0xB5, 0x21, 0xE8, 0x1E, 0x66, 0xA7, 0xC3, 0xB3, 0xDF,
    0xA4, 0x06, 0x9A, 0xBE, 0xA7, 0x28, 0x78, 0x6D, 0x7F, 0x3E, 0x9D, 0xA0, 0xC2, 0xCE, 0x58, 0x38,
    0x49, 0x3F, 0x7C, 0xDC, 0xC1, 0x94, 0x4A, 0xB1, 0x88, 0x3C, 0x01, 0x13, 0x6B, 0xD7, 0xCA, 0x6B,
    0xF3, 0x1B, 0xF3, 0xA9, 0xB7, 0xEF, 0x29, 0x3A, 0xC6, 0xBD, 0xBA, 0xEC, 0x5E, 0x93, 0x6E, 0x3F,
    0x88, 0x5B, 0x9D, 0x04, 0x2E, 0x31, 0xED, 0xE2, 0x68, 0xB5, 0x6C, 0x85, 0xD5, 0xCE, 0x67, 0x70,
    0xAF, 0xC2, 0xB8, 0xD7, 0x52, 0xF9, 0x97, 0x35, 0xC2, 0x21, 0xE0, 0x1B, 0x46, 0x2E, 0x06, 0xCB,
    0x58, 0x4B, 0x22, 0x72, 0x94, 0xC6, 0x39, 0x15, 0x8D, 0x72, 0x7A, 0xE4, 0xFD, 0x6F, 0x9B, 0xAC,
    0x9D, 0x48, 0x23, 0xA3, 0xE7, 0x78, 0x4D, 0xB3, 0x05, 0x64, 0x87, 0x5E, 0x78, 0x35, 0xAB, 0xA5,
    0xDB, 0xAF, 0x89, 0xB3, 0xCB, 0x35, 0x70, 0xFB, 0x43, 0x72, 0x01, 0x90, 0x31, 0x1A, 0x5B, 0x2A,
    0x65, 0x64, 0x10, 0x76, 0xB7, 0x07, 0x01, 0xB5, 0xDB, 0x2F, 0x1F, 0xC8, 0x06, 0xD1, 0x20, 0x99,
    0x16, 0x2C, 0x82, 0x58, 0x90, 0x8A, 0x85, 0x9A, 0x33, 0x78, 0x8E, 0xD1, 0xDC, 0xD2, 0x61, 0xE8,
    0x55, 0x47, 0xD9, 0xA2, 0xD0, 0x96, 0x14, 0x22, 0xDC, 0x85, 0x08, 0x0F, 0x61, 0x1B, 0xB1, 0x17,
    0x1C, 0x63, 0x84, 0xCB, 0xF8, 0x2A, 0xEB, 0x54, 0x50, 0x08, 0x17, 0x19, 0x22, 0x3E, 0xEB, 0xBE,
    0xC0, 0x32, 0x0C, 0x1B, 0x17, 0x16, 0xF1, 0x0E, 0xAB, 0x35, 0xD1, 0xCF, 0x5C, 0xEC, 0x45, 0x87,
    0x4B, 0x9B, 0xDC, 0x59, 0x49, 0xEE, 0x6B, 0x29, 0xB9, 0x6F, 0xE0, 0x3F, 0x60, 0x82, 0xBB, 0x8F,
    0xF2, 0x4B, 0x41, 0xEE, 0xF5, 0xCC, 0xBC, 0xE3, 0x3E, 0xE2, 0xEA, 0x59, 0x22, 0x63, 0x8E, 0x2D,
    0xCA, 0xBE, 0xB4, 0x45, 0xEC, 0x1F, 0x2A, 0x1A, 0x6A, 0xC1, 0x54, 0x20, 0x94, 0x75, 0x6C, 0x74,
    0xAC, 0x1E, 0x8A, 0x8E, 0x29, 0xBB, 0x67, 0xA0, 0x0F, 0x68, 0x22, 0xD6, 0x32, 0x68, 0x0D, 0x36,
    0xCE, 0x1A, 0xAC, 0x4F, 0x2D, 0x12, 0x38, 0x5A, 0x26, 0x02, 0x9E, 0x43, 0x36, 0x06, 0x13, 0xB7,
    0xB3, 0x01, 0x98, 0x60, 0xE3, 0x53, 0x2A, 0xB9, 0xD4, 0xD9, 0x10, 0x86, 0x49, 0x61, 0x20, 0x94,
    0x87, 0xBF, 0xD8, 0x51, 0x8A, 0xB1, 0x96, 0x17, 0x19, 0xF6, 0x70, 0xD8, 0xE7, 0x46, 0x0E, 0x75,
    0xA6, 0x4C, 0x9B, 0x53, 0x96, 0xD4, 0xD8, 0x2E, 0xFF, 0xFA, 0x01, 0x64, 0xC1, 0xD8, 0xAF, 0x0B,
    0x1A, 0x1B, 0x13, 0xCE, 0x9F, 0xFA, 0x58, 0x89, 0x18, 0x48, 0xBF, 0xB4, 0x0E, 0x25, 0xA5, 0xC6,
    0x6E, 0x71, 0x58, 0xAD, 0x2F, 0xC8, 0xDA, 0xC8, 0x34, 0x5A, 0x83, 0x5C, 0xAD, 0x2E, 0xB5, 0x90,
    0x3C, 0xD4, 0xDE, 0xCD, 0x3D, 0xED, 0x51, 0x9F, 0x86, 0x87, 0x5C, 0xE1, 0x01, 0xCD, 0x1C, 0x3A,
    0x82, 0xC8, 0x61, 0xE0, 0x22, 0x38, 0x89, 0xB1, 0x3B, 0xEB, 0xB9, 0xCE, 0x62, 0x38, 0x45, 0xF1,
    0xD9, 0x5F, 0x84, 0x2C, 0x73, 0x95, 0x38, 0x40, 0xE8, 0x2C, 0x85, 0x73, 0x18, 0x5D, 0xC1, 0x2B,
    0x70, 0x85, 0x66, 0x7E, 0xE7, 0x9B, 0xBC, 0x67, 0x86, 0xF4, 0xB9, 0xDC, 0xA2, 0x32, 0x9F, 0x29,
    0x13, 0x9A, 0x35, 0x93, 0xD1, 0xC8, 0x03, 0x76, 0xA0, 0x9C, 0x32, 0x71, 0xB7, 0x11, 0xA7, 0x4C,
    0xFA, 0x8A, 0x9E, 0xA4, 0xA3, 0x4D, 0x99, 0xAC, 0x84, 0x21, 0x29, 0xB4, 0x89, 0xDF, 0x17, 0x46,
    0xE3, 0x58, 0x68, 0x4C, 0xF0, 0x1E, 0x4C, 0xEA, 0x09, 0xCF, 0xEE, 0x58, 0xFA, 0xAE, 0x04, 0xDA,
    0x38, 0x86, 0xF2, 0xD6, 0x31, 0x9D, 0x99, 0x9B, 0x07, 0x8D, 0x71, 0x62, 0xB9, 0xC5, 0x3B, 0x68,
    0x1F, 0xA6, 0x4E, 0xCA, 0x9A, 0xB7, 0x1E, 0x7F, 0xC0, 0x71, 0x7B, 0xF9, 0x20, 0x20, 0x37, 0x48,
    0x29, 0xB1, 0x3F, 0x9F, 0x17, 0x1C, 0xA4, 0xB7, 0x0A, 0x6A, 0x17, 0x14, 0xF5, 0x9F, 0xB6, 0x6E,
    0x91, 0x85, 0x93, 0x17, 0x5E, 0x5A, 0xD4, 0xE8, 0xF3, 0x1E, 0x23, 0xCD, 0x2F, 0xB4, 0x3D, 0xE0,
    0x79, 0x81, 0x0C, 0xFC, 0xEA, 0x83, 0x95, 0x0B, 0x83, 0x9C, 0x8C, 0xB3, 0x23, 0x4E, 0x8E, 0x38,
    0x37, 0xE2, 0xD4, 0x88, 0x33, 0x23, 0x4E, 0x8C, 0x38, 0x2F, 0xE2, 0xB4, 0x88, 0xB3, 0x22, 0x4E,
    0x8A, 0x38, 0x27, 0xE2, 0x94, 0x88, 0x33, 0x22, 0x4E, 0x88, 0xB0, 0x65, 0x6C, 0x47, 0x59, 0xE9,
    0x8C, 0x91, 0xF1, 0x20, 0xE1, 0xE1, 0x7C, 0xE7, 0x18, 0x70, 0x62, 0x3C, 0x38, 0x46, 0x8C, 0x31,
    0x72, 0x86, 0xA5, 0x5C, 0xC3, 0xD0, 0x4D, 0x98, 0xF3, 0xAD, 0xDC, 0x04, 0xF5, 0x8B, 0xCF, 0x16,
    0xE0, 0x79, 0xFC, 0xA4, 0x5E, 0x69, 0x8F, 0x9C, 0x07, 0xE4, 0x5C, 0x67, 0xCA, 0x56, 0x7C, 0xDA,
    0x30, 0x6F, 0xD0, 0xEF, 0x64, 0x3F, 0x21, 0xD7, 0x7B, 0x36, 0xE2, 0x58, 0x6F, 0x58, 0x54, 0x86,
    0x58, 0x3C, 0x73, 0xC0, 0xB7, 0x56, 0x4B, 0x00, 0xDF, 0xB7, 0x07, 0x0B, 0xE7, 0xFA, 0x51, 0xEA,
    0x7D, 0x7C, 0x0F, 0x7E, 0xA6, 0x06, 0x7B, 0x88, 0xB1, 0x3F, 0xFF, 0xCD, 0xBA, 0xF6, 0x9F, 0x73,
    0xE9, 0x26, 0x39, 0xF2, 0xE5, 0x1C, 0x2B, 0xCF, 0xBB, 0x5D, 0x2B, 0xFB, 0x69, 0xEE, 0xA4, 0x71,
    0x6A, 0xF2, 0xAB, 0x1A, 0xEC, 0x61, 0xA6, 0x0F, 0xD8, 0x87, 0xEC, 0xE1, 0x82, 0xAD, 0x3E, 0xF5,
    0xEF, 0x16, 0x53, 0xD6, 0x6E, 0xE4, 0x6C, 0x47, 0x7E, 0x25, 0x8A, 0xAA, 0xD1, 0x66, 0xE5, 0x6A,
    0x16, 0x05, 0xA2, 0x15, 0x7C, 0x24, 0xAF, 0x69, 0x87, 0x62, 0xDF, 0x10, 0x64, 0xDF, 0x87, 0x18,
    0xFF, 0x41, 0x79, 0x41, 0x3C, 0x33, 0x5E, 0x9B, 0x9E, 0xA6, 0xF1, 0x2A, 0xB9, 0xDF, 0x27, 0xCB,
    0x3A, 0xB5, 0x0A, 0x39, 0x59, 0xBE, 0x0D, 0x36, 0xF9, 0xAD, 0x91, 0x40, 0x46, 0xFA, 0x1D, 0x1F,
    0x21, 0xD7, 0x49, 0x4E, 0x0F, 0x16, 0x21, 0xF5, 0x54, 0x85, 0xDC, 0x71, 0x1D, 0x7A, 0x75, 0xEC,
    0xA8, 0x77, 0xD6, 0x42, 0xAD, 0x6D, 0xF3, 0xD4, 0x3B, 0xAB, 0xB1, 0xCA, 0x0F, 0xB7, 0xE8, 0x46,
    0xB8, 0x68, 0xF9, 0xB5, 0x6F, 0x90, 0x37, 0x4E, 0xCE, 0x2F, 0x88, 0x66, 0x0F, 0x87, 0xC6, 0x2E,
    0x7C, 0x4F, 0xBD, 0xB3, 0x0D, 0xF4, 0x1E, 0xE9, 0xA3, 0x33, 0x08, 0x8D, 0xB8, 0xB6, 0xC8, 0xF9,
    0x3B, 0x79, 0x8E, 0xA0, 0xB3, 0xB3, 0x43, 0xF6, 0x6C, 0x7F, 0x92, 0x38, 0xB3, 0xE9, 0x70, 0x24,
    0x3E, 0x89, 0xDD, 0xC2, 0x5A, 0xD4, 0x9C, 0x8C, 0xF4, 0x21, 0xCB, 0x4F, 0xBA, 0xA7, 0xA7, 0xA7,
    0x2A, 0xDE, 0xF3, 0x7A, 0x0B, 0x9A, 0x47, 0xDD, 0x5E, 0x36, 0xD3, 0xBD, 0x35, 0xFD, 0xF4, 0x4F,
    0x0B, 0x5E, 0x32, 0x23, 0x37, 0x5F, 0x3E, 0x3E, 0x94, 0x8E, 0xDD, 0xC0, 0x0C, 0xF7, 0xA1, 0x9E,
    0x7F, 0x94, 0x67, 0x6E, 0x04, 0x9F, 0x16, 0x2E, 0x7D, 0x53, 0xA7, 0x84, 0x7F, 0x78, 0x42, 0x0B,
    0x27, 0x7E, 0x5A, 0x60, 0x88, 0xFB, 0x7B, 0x0C, 0xCF, 0x6E, 0x8D, 0xEC, 0x0B, 0x07, 0xB4, 0x63,
    0x41, 0x3B, 0x2B, 0xE9, 0xE9, 0xBF, 0x70, 0x0C, 0x59, 0x8C, 0x8E, 0xF3, 0xF5, 0x75, 0x44, 0xEF,
    0x76, 0x48, 0x51, 0x48, 0x15, 0x4D, 0xDB, 0x68, 0x89, 0x55, 0x1A, 0x7A, 0xF0, 0xEA, 0x19, 0xE0,
    0x6C, 0xC8, 0xDF, 0x04, 0xD1, 0x61, 0x66, 0x7A, 0x91, 0x67, 0xF4, 0x27, 0xC9, 0xBA, 0xC0, 0xE2,
    0xBB, 0xCB, 0xE4, 0x7E, 0xC6, 0x90, 0x07, 0x10, 0xF6, 0xC8, 0x67, 0xC8, 0x34, 0xCE, 0xC8, 0x2B,
    0x48, 0x6E, 0xCB, 0xFC, 0xBB, 0x1C, 0xCF, 0x7E, 0x22, 0x97, 0x1B, 0xED, 0x2F, 0x1D, 0x8F, 0x31,
    0x38, 0x49, 0xE7, 0x8F, 0x82, 0xAC, 0xBF, 0x60, 0x76, 0x21, 0x46, 0x92, 0x49, 0x5F, 0x59, 0x64,
    0xA9, 0xC6, 0x2B, 0x7A, 0x7D, 0xA7, 0x4C, 0xA0, 0x59, 0xAB, 0x9F, 0xA7, 0x64, 0xA5, 0xF9, 0xC8,
    0x12, 0x7A, 0x6B, 0x97, 0xBC, 0xF7, 0xE9, 0x79, 0x97, 0xCE, 0x94, 0xC7, 0x7B, 0x2A, 0xA9, 0xBD,
    0x0E, 0x4F, 0xB3, 0xD5, 0xA4, 0xB0, 0xA5, 0x51, 0x6E, 0xF0, 0x2F, 0x62, 0x9D, 0xBB, 0x88, 0xEC,
    0xC8, 0x55, 0x22, 0x49, 0x51, 0x8B, 0xDA, 0xF1, 0xBB, 0x12, 0x3D, 0x39, 0xA6, 0x34, 0xF5, 0x97,
    0x09, 0x59, 0x06, 0x67, 0xAB, 0x41, 0xC1, 0x1E, 0x2D, 0x05, 0xB4, 0x69, 0x0B, 0xC6, 0xD1, 0x82,
    0xBC, 0x3D, 0xED, 0x17, 0x9D, 0x04, 0xF1, 0x60, 0xE9, 0x4D, 0x81, 0xB7, 0xDC, 0x2D, 0xE5, 0xE8,
    0x0C, 0x8D, 0x3A, 0x62, 0x80, 0x4C, 0x95, 0x78, 0x69, 0xA3, 0x63, 0xBE, 0xBD, 0x9C, 0xB5, 0xF4,
    0x83, 0x69, 0xA5, 0x44, 0x81, 0x2F, 0x9B, 0xA6, 0x71, 0x04, 0x96, 0x80, 0x94, 0x7C, 0xA3, 0xE1,
    0xD3, 0xD0, 0xBD, 0xE6, 0xF0, 0xD7, 0x4F, 0x86, 0xC7, 0xE8, 0xD3, 0x5F, 0x37, 0xD6, 0xB4, 0x4D,
    0x45, 0x97, 0x21, 0xED, 0x16, 0x03, 0x19, 0x60, 0x6E, 0x37, 0xA3, 0x9A, 0x74, 0x77, 0x8B, 0x38,
    0x69, 0x5D, 0xE6, 0xD5, 0xB7, 0xF5, 0x2B, 0x49, 0x4E, 0x4E, 0xB5, 0xE4, 0x5B, 0x7B, 0x14, 0xAF,
    0xF2, 0x16, 0x20, 0x28, 0xD6, 0xF6, 0xB1, 0x68, 0xD1, 0x05, 0x04, 0xC3, 0x83, 0x3C, 0xA4, 0x06,
    0xE3, 0xA2, 0xDA, 0x83, 0xE4, 0x3B, 0x38, 0xD7, 0x88, 0x97, 0xA6, 0x71, 0x99, 0xBC, 0xDD, 0x83,
    0x21, 0x08, 0xA4, 0xBF, 0x19, 0xFE, 0x42, 0x18, 0x96, 0xCA, 0x7C, 0xB2, 0xD4, 0x3B, 0xEB, 0x09,
    0xA3, 0xB8, 0xE3, 0xDE, 0x73, 0x41, 0x7A, 0x88, 0xEC, 0xF0, 0x20, 0x39, 0x1C, 0x98, 0xCF, 0xAC,
    0x70, 0xDF, 0x2C, 0xDC, 0xCF, 0x00, 0x6F, 0xAB, 0xAE, 0x98, 0x3A, 0xF2, 0xF9, 0x3F, 0x6D, 0x52,
    0xBD, 0x6F, 0xD3, 0x50, 0x10, 0xFF, 0xE5, 0xAB, 0x49, 0x1C, 0x12, 0x7B, 0x48, 0x51, 0x05, 0x6D,
    0xCD, 0xC0, 0x10, 0x21, 0x37, 0xF1, 0x10, 0x24, 0x87, 0xB8, 0xCD, 0x13, 0x7F, 0x00, 0x2A, 0x12,
    0x99, 0x58, 0x3C, 0x74, 0xE3, 0xCB, 0x43, 0x52, 0x45, 0xE5, 0xC3, 0x96, 0xF8, 0x07, 0x0C, 0x12,
    0x03, 0x5B, 0x10, 0xDD, 0x31, 0xD0, 0x85, 0x01, 0xF2, 0xA4, 0x0E, 0x30, 0x9A, 0x2E, 0xAC, 0x4F,
    0x02, 0xC4, 0x82, 0x68, 0x37, 0x8C, 0x44, 0x63, 0xEE, 0x39, 0xA5, 0x42, 0xA8, 0x77, 0x96, 0xDF,
    0xDD, 0x7B, 0xF7, 0xFB, 0xDD, 0xBD, 0x7B, 0xB7, 0x61, 0x57, 0xA1, 0x18, 0x96, 0xA6, 0xB0, 0x26,
    0xDF, 0x39, 0x00, 0xEA, 0x9A, 0x17, 0x3E, 0x0E, 0x12, 0xD1, 0x5F, 0x0F, 0x9C, 0x50, 0xF4, 0x38,
    0x70, 0x2E, 0x1E, 0xD4, 0xEB, 0xF6, 0x6A, 0xC3, 0xD8, 0xBE, 0x69, 0x68, 0x80, 0xEE, 0x0F, 0xA3,
    0x70, 0x3C, 0x8C, 0x74, 0x1F, 0x18, 0x3B, 0x1D, 0xA1, 0xD2, 0xBA, 0xE1, 0xD8, 0x56, 0xCD, 0xC8,
    0xE4, 0x61, 0xDB, 0xB6, 0x15, 0x6A, 0x47, 0x4B, 0x41, 0x5D, 0x32, 0x1A, 0x84, 0x2E, 0xD7, 0x96,
    0xEC, 0xBC, 0x06, 0x13, 0x6B, 0x28, 0xC2, 0x03, 0x71, 0xA0, 0x06, 0x9B, 0xB4, 0xC5, 0x0B, 0xC7,
    0x14, 0x00, 0x43, 0xCE, 0xA7, 0x00, 0x3A, 0xC3, 0x22, 0x60, 0x01, 0x2E, 0x20, 0x90, 0xE1, 0xFF,
    0x6F, 0x4B, 0x3C, 0xCA, 0xA9, 0xD7, 0xA6, 0x12, 0x00, 0x8A, 0x60, 0x32, 0xA2, 0x0A, 0x34, 0x52,
    0x54, 0x84, 0xAC, 0x8F, 0xDC, 0x5F, 0x08, 0x05, 0xAD, 0xCF, 0xEE, 0x75, 0x35, 0x68, 0x58, 0x03,
    0x17, 0xF3, 0xD7, 0x26, 0x87, 0x61, 0x35, 0xAC, 0x3A, 0x25, 0x2F, 0xBE, 0xB0, 0x0D, 0x78, 0x31,
    0xF0, 0xCA, 0x7F, 0x9D, 0xAA, 0x86, 0x09, 0x5E, 0x10, 0x59, 0x51, 0x26, 0x41, 0xFE, 0x83, 0xF7,
    0xFD, 0x5B, 0x9C, 0x45, 0x86, 0x18, 0x05, 0x0A, 0x97, 0xD1, 0xDA, 0x47, 0xFB, 0xED, 0x91, 0x4B,
    0x05, 0x2F, 0x5F, 0x19, 0xFE, 0x3E, 0xA3, 0x6C, 0x1D, 0x6A, 0x98, 0x2B, 0x63, 0xB1, 0xC8, 0x7A,
    0x09, 0x3F, 0x55, 0x44, 0xB6, 0x44, 0x50, 0x05, 0x3D, 0xFF, 0x69, 0x50, 0x46, 0x41, 0xF2, 0xDC,
    0x07, 0x5A, 0x74, 0x95, 0x29, 0xE5, 0x42, 0x25, 0x86, 0xC7, 0xE0, 0xD0, 0x6E, 0xDB, 0x71, 0xEB,
    0x80, 0x7A, 0x60, 0xDB, 0xE7, 0x17, 0x72, 0x3C, 0xC7, 0x65, 0xE4, 0x26, 0x6F, 0xA1, 0xC5, 0x36,
    0x53, 0x3B, 0x1B, 0x3D, 0xC0, 0x1B, 0x14, 0x23, 0x69, 0x8F, 0x50, 0x89, 0xE6, 0xC4, 0x6A, 0x5A,
    0x15, 0x1B, 0x21, 0xAA, 0xEC, 0x85, 0xD9, 0xCF, 0xED, 0x35, 0x65, 0x41, 0xCB, 0x97, 0x30, 0x30,
    0xAA, 0xC6, 0x40, 0xBE, 0x13, 0x28, 0xDD, 0x25, 0xAE, 0xE2, 0x34, 0xA3, 0xDA, 0xEB, 0xB8, 0xFB,
    0x03, 0x7B, 0xBB, 0x78, 0xFE, 0x1E, 0xCD, 0x7B, 0xD4, 0x05, 0x93, 0x92, 0x2B, 0xB2, 0x49, 0x24,
    0x2B, 0xC4, 0x58, 0xFC, 0x7A, 0x3D, 0xC2, 0x9D, 0x5F, 0x27, 0xFA, 0xBD, 0x24, 0xE1, 0xF3, 0xFD,
    0x3E, 0xFB, 0xD7, 0xCE, 0x50, 0x17, 0xF3, 0xBD, 0x64, 0xFA, 0xE4, 0xD6, 0x4E, 0xE1, 0x46, 0x12,
    0xE3, 0x58, 0x26, 0x53, 0x54, 0xBE, 0x9C, 0x95, 0xC5, 0x8D, 0xC8, 0x0B, 0x67, 0x7C, 0x84, 0x4A,
    0x24, 0xDC, 0x90, 0xEE, 0x98, 0xA6, 0xA6, 0x43, 0xF5, 0x77, 0xC4, 0x50, 0x34, 0x03, 0x95, 0xEC,
    0x2D, 0x31, 0x64, 0x96, 0xAF, 0xFB, 0xAE, 0xE6, 0x4A, 0x71, 0xE8, 0x5C, 0xB8, 0xA1, 0xEB, 0xB6,
    0x85, 0xEE, 0x9B, 0x81, 0x29, 0xA4, 0x76, 0xC4, 0x72, 0x20, 0x71, 0x2E, 0xBD, 0x69, 0x27, 0x9D,
    0x37, 0x22, 0x1A, 0xEB, 0xE2, 0xA2, 0x70, 0x45, 0x48, 0x7F, 0x7D, 0x2C, 0x87, 0xCA, 0x44, 0x97,
    0x62, 0x66, 0x08, 0x33, 0xD8, 0xBF, 0x8D, 0x9F, 0x9F, 0xF0, 0x71, 0x97, 0xCD, 0xBE, 0x47, 0x0F,
    0xD1, 0xED, 0x98, 0x24, 0x30, 0xDE, 0x19, 0x24, 0x8A, 0x39, 0x6E, 0x47, 0x2B, 0xBC, 0xE6, 0xAB,
    0x6C, 0x0E, 0x2F, 0x79, 0x97, 0xE9, 0xD0, 0x09, 0xFF, 0x8C, 0xFF, 0x01, 0xA5, 0x54, 0x3D, 0x6C,
    0xE4, 0x44, 0x14, 0xFE, 0xEC, 0x4D, 0xB2, 0x28, 0xA3, 0xB5, 0x17, 0x29, 0x41, 0x08, 0xAD, 0xB3,
    0x29, 0xB6, 0x88, 0x4E, 0x3E, 0x56, 0x27, 0xA5, 0xB0, 0xD0, 0xDC, 0xD9, 0x54, 0x57, 0x50, 0xB0,
    0x20, 0x96, 0x86, 0xE2, 0x1A, 0xBA, 0x14, 0x59, 0xA4, 0x2D, 0x0C, 0x5A, 0xD8, 0x6D, 0xA9, 0x2E,
    0x05, 0xD0, 0x21, 0xA5, 0x4E, 0x83, 0x8B, 0x14, 0x07, 0xDC, 0xED, 0x3A, 0x14, 0xD4, 0xBE, 0xE6,
    0x5A, 0x1C, 0xA8, 0x38, 0xA4, 0x63, 0x8A, 0x3D, 0x29, 0x84, 0x24, 0xE6, 0x9B, 0xF1, 0x3A, 0x21,
    0xE8, 0x24, 0x84, 0x98, 0x79, 0x1E, 0xCF, 0xBC, 0xF7, 0xE6, 0xBD, 0x37, 0xEF, 0x0F, 0x98, 0x9D,
    0xF5, 0xDF, 0x83, 0x59, 0x6F, 0x1C, 0x1C, 0x44, 0x61, 0x51, 0x44, 0x28, 0x47, 0x51, 0xCC, 0xFB,
    0xFD, 0x5E, 0xB5, 0xE7, 0x48, 0xFB, 0x7A, 0x44, 0x2F, 0xC2, 0x7C, 0x94, 0xFE, 0xD7, 0x19, 0x16,
    0xF3, 0x1B, 0x07, 0xFB, 0xEB, 0xFD, 0x1E, 0x37, 0x5A, 0x5E, 0xA3, 0xE5, 0xCB, 0xB8, 0x09, 0x29,
    0x83, 0xE1, 0x80, 0xBF, 0x78, 0x98, 0xE4, 0x11, 0x4F, 0xBE, 0xE7, 0x2C, 0x93, 0xE8, 0xB7, 0x02,
    0x3F, 0x90, 0xC3, 0x38, 0x69, 0xD2, 0x20, 0x29, 0x65, 0x1C, 0x0C, 0x86, 0xC9, 0x20, 0x6F, 0x52,
    0xB5, 0x3C, 0x8C, 0x93, 0xA1, 0x4A, 0xF2, 0x3C, 0x8B, 0xCC, 0x49, 0x06, 0xBE, 0xF4, 0x7C, 0xA7,
    0xB5, 0xBC, 0x04, 0xD4, 0x52, 0x3D, 0x8B, 0x62, 0xE7, 0x69, 0xB9, 0xB3, 0x53, 0x7B, 0x62, 0x4F,
    0xB4, 0xBA, 0xEB, 0x94, 0x9D, 0xA7, 0x45, 0x71, 0x9D, 0xA3, 0x9D, 0x87, 0x27, 0xE3, 0xB3, 0xF1,
    0x59, 0x78, 0xD2, 0xCE, 0x35, 0xFF, 0x3E, 0xA6, 0x98, 0x65, 0xB3, 0xF4, 0x11, 0x77, 0xC0, 0xDA,
    0x68, 0x84, 0x35, 0x1B, 0x23, 0x91, 0x8E, 0x84, 0x16, 0xC7, 0x7D, 0x8F, 0x87, 0x39, 0x4F, 0xE6,
    0x31, 0x9A, 0xBE, 0x6C, 0xDC, 0x14, 0x66, 0x56, 0x06, 0x24, 0xAA, 0x96, 0x02, 0xF9, 0x40, 0x40,
    0xAF, 0x1E, 0xD7, 0x24, 0x09, 0x0C, 0x35, 0xE1, 0xBA, 0xFA, 0x66, 0x66, 0x4C, 0x32, 0x86, 0x09,
    0x6B, 0x7F, 0x65, 0x0F, 0x9E, 0x78, 0xB8, 0x71, 0x88, 0xA0, 0xE1, 0x04, 0x12, 0xAA, 0xE5, 0x04,
    0xBE, 0x9D, 0x7A, 0x5C, 0x6B, 0x13, 0xC7, 0x93, 0x81, 0x8B, 0xFA, 0x89, 0xAB, 0xC8, 0xCB, 0xF7,
    0x2E, 0x2F, 0x82, 0x55, 0xEA, 0xA9, 0x34, 0x55, 0xBA, 0x2A, 0x6D, 0x95, 0xBE, 0x4A, 0xE3, 0xA5,
    0xCE, 0x4A, 0xEB, 0x42, 0xEF, 0x6A, 0x54, 0x6A, 0xBE, 0x93, 0x97, 0xBA, 0x93, 0xA4, 0xD4, 0xAE,
    0x06, 0xA5, 0x7E, 0x35, 0x28, 0x2D, 0x38, 0x54, 0xA5, 0x0D, 0x61, 0x56, 0x5A, 0x61, 0x01, 0x37,
    0x7D, 0x19, 0x6C, 0x37, 0xF9, 0x77, 0x7D, 0x47, 0x7A, 0x41, 0x6B, 0xDB, 0x6F, 0x1A, 0xB9, 0x37,
    0x5D, 0x11, 0xF9, 0x8E, 0x0B, 0xE9, 0xB9, 0x08, 0x5A, 0x0E, 0xB6, 0xFD, 0x06, 0x9A, 0x60, 0x6C,
    0x18, 0xDA, 0x46, 0x43, 0xFF, 0x19, 0x2C, 0xCF, 0x69, 0xB8, 0x0D, 0xB1, 0x64, 0xE9, 0x0B, 0x9A,
    0x51, 0x5F, 0xF0, 0x1C, 0x81, 0x86, 0x5B, 0x47, 0x43, 0xD4, 0xA2, 0x25, 0xCB, 0x90, 0xAC, 0x1C,
    0xB5, 0x43, 0x08, 0x9F, 0x34, 0x74, 0x56, 0x80, 0xD8, 0xE2, 0x6B, 0x5D, 0xDC, 0xC6, 0x06, 0x44,
    0x54, 0xCB, 0xA0, 0xD0, 0x91, 0xA0, 0x65, 0x29, 0x19, 0x1F, 0x40, 0xD9, 0x99, 0x98, 0x6C, 0x60,
    0x0B, 0x78, 0x89, 0x57, 0x5F, 0x6F, 0x42, 0x7C, 0x3E, 0x42, 0xED, 0x98, 0x01, 0xFA, 0x33, 0xC3,
    0xED, 0xF1, 0x7D, 0xC8, 0xF0, 0x6D, 0xB3, 0xD7, 0x38, 0x4D, 0xD3, 0x3C, 0x9A, 0x57, 0x1B, 0x51,
    0x9F, 0x18, 0x88, 0xFE, 0x01, 0x81, 0x81, 0xA6, 0xB1, 0x46, 0x27, 0x80, 0xBB, 0x48, 0x00, 0xF4,
    0x20, 0x0A, 0x74, 0xDF, 0x4A, 0xA5, 0x9D, 0x75, 0x18, 0x89, 0xE3, 0x0C, 0xBF, 0xA4, 0xF8, 0x2D,
    0xC2, 0x39, 0x68, 0x15, 0x98, 0x42, 0x7B, 0x28, 0xD9, 0x2C, 0xA5, 0x41, 0x47, 0xC2, 0x14, 0x40,
    0x07, 0x58, 0x41, 0x77, 0x6F, 0x79, 0x8A, 0x7A, 0xA1, 0x0B, 0x61, 0xF7, 0x82, 0xEE, 0x7C, 0xED,
    0x57, 0x94, 0xC7, 0xEE, 0x9E, 0x35, 0xD5, 0x0F, 0x58, 0x05, 0x6C, 0x86, 0x08, 0x60, 0x30, 0x19,
    0xC7, 0x44, 0x4B, 0xB4, 0x33, 0xD4, 0x15, 0x9C, 0x6D, 0xF8, 0x3E, 0xB6, 0x1B, 0x46, 0x3A, 0xBD,
    0x89, 0xAF, 0x79, 0x7F, 0xCC, 0xF7, 0x16, 0x99, 0xF9, 0x9B, 0x33, 0xF1, 0xAF, 0xE0, 0x16, 0xBA,
    0x47, 0x17, 0x18, 0xFF, 0x7C, 0x11, 0xB5, 0x1F, 0x9F, 0xE3, 0x8D, 0xC7, 0xDF, 0x33, 0x6A, 0x9B,
    0x08, 0xE7, 0xE1, 0xBC, 0x4C, 0x80, 0x3A, 0x19, 0x5D, 0xFE, 0x7D, 0x7E, 0x43, 0x18, 0x9B, 0xED,
    0xB4, 0x44, 0x3B, 0xDA, 0x23, 0x57, 0x68, 0x9D, 0x61, 0x3A, 0xBB, 0x2A, 0x34, 0x9B, 0x01, 0x4E,
    0xF9, 0xCC, 0xAB, 0xF9, 0x9C, 0x18, 0x75, 0x6D, 0x9E, 0x12, 0xA3, 0xF9, 0x76, 0x79, 0xF3, 0x6A,
    0xDE, 0x23, 0x46, 0x5C, 0x9B, 0xDF, 0x60, 0x66, 0xBC, 0x14, 0x19, 0x7F, 0x9E, 0xA0, 0xFD, 0x41,
    0xFA, 0xC7, 0x2E, 0xA4, 0x75, 0xAC, 0x04, 0x5F, 0x7E, 0x9C, 0xD1, 0x1C, 0x06, 0x57, 0x44, 0xDA,
    0x88, 0x36, 0xCB, 0x34, 0xC2, 0x23, 0xE0, 0x53, 0xD8, 0x4A, 0xFB, 0x59, 0x1B, 0xA6, 0x50, 0x9F,
    0x68, 0x6F, 0xDB, 0x55, 0x1B, 0xA3, 0x34, 0xFA, 0x8E, 0x3E, 0x17, 0x97, 0xD4, 0x0A, 0xAF, 0x75,
    0xC4, 0xD4, 0x10, 0x4B, 0x2B, 0x8F, 0x03, 0xE4, 0x31, 0x65, 0xC7, 0x94, 0x32, 0xA4, 0xDC, 0x21,
    0xA5, 0x0E, 0xC9, 0x5F, 0x7E, 0x7B, 0x68, 0x2E, 0xEE, 0x6C, 0x52, 0xD2, 0x43, 0xE2, 0x1E, 0x94,
    0x42, 0xD6, 0x20, 0xED, 0x62, 0x22, 0xDD, 0xAF, 0x94, 0xDC, 0x80, 0x92, 0x1E, 0x0E, 0xE9, 0x11,
    0x7E, 0x96, 0x92, 0x54, 0x28, 0xD1, 0xA5, 0xD5, 0x92, 0x5F, 0x4C, 0x01, 0x9D, 0xC5, 0x8D, 0x4D,
    0x8C, 0x28, 0x62, 0x54, 0x89, 0xD0, 0xA9, 0x80, 0xF5, 0x7B, 0xC6, 0xFB, 0xAE, 0xF1, 0x2A, 0xA1,
    0x61, 0x62, 0x4D, 0x68, 0x99, 0x88, 0xF8, 0xC6, 0xD3, 0xD2, 0x44, 0xBF, 0xA9, 0x6D, 0x19, 0x17,
    0xB8, 0x53, 0x64, 0xC1, 0x4C, 0x19, 0x98, 0x1B, 0xE0, 0x86, 0x98, 0x28, 0x58, 0xD3, 0x5C, 0x7F,
    0x07, 0xF4, 0x7B, 0x6E, 0xA1, 0xC2, 0xE7, 0xF9, 0x58, 0xE5, 0x33, 0x03, 0xDC, 0xF0, 0x28, 0x0A,
    0x85, 0x7E, 0xB4, 0xDE, 0xC3, 0xAC, 0xC0, 0xC7, 0x45, 0x3A, 0x2C, 0xF2, 0x4B, 0xE0, 0x91, 0xC8,
    0x75, 0xD3, 0xFE, 0x99, 0x06, 0xF6, 0x11, 0xBE, 0xFB, 0x09, 0xED, 0x13, 0x88, 0x39, 0xA6, 0xCF,
    0xF0, 0xEE, 0x8F, 0x26, 0x37, 0x22, 0x6C, 0x8D, 0xCA, 0x04, 0x30, 0xD5, 0xCC, 0x4E, 0xBD, 0x53,
    0x66, 0xAE, 0x42, 0xF7, 0xCB, 0xF7, 0xCF, 0xF5, 0x83, 0x57, 0xF1, 0xBF, 0x47, 0x47, 0x77, 0xB9,
    0x50, 0x97, 0x88, 0xB8, 0x2A, 0x11, 0x63, 0xD5, 0xCB, 0x47, 0xF8, 0xB6, 0xB2, 0xEA, 0xB3, 0xDF,
    0xF1, 0xCE, 0x0F, 0xB0, 0x8C, 0x55, 0xFF, 0x4A, 0x45, 0x99, 0xC0, 0x1E, 0xC3, 0x10, 0xB0, 0x44,
    0x13, 0x8C, 0x74, 0xF7, 0xD4, 0xAD, 0x50, 0x57, 0x00, 0x5D, 0x6E, 0xBC, 0xA6, 0xB4, 0x98, 0x76,
    0x54, 0x8B, 0xBA, 0x13, 0x97, 0x84, 0xAA, 0x30, 0xF4, 0xE8, 0xB2, 0x0C, 0x3E, 0x99, 0xDE, 0xD5,
    0x19, 0x44, 0x81, 0x1F, 0x02, 0x3B, 0xA7, 0x55, 0xC9, 0x7E, 0xB1, 0x3E, 0x5D, 0x3C, 0x3C, 0xC3,
    0xAB, 0x4F, 0xB0, 0xF1, 0x0C, 0xE2, 0x8C, 0x0E, 0x4E, 0xB9, 0xB6, 0x2F, 0xB0, 0xF5, 0x44, 0xE3,
    0xAB, 0xCE, 0x78, 0x77, 0xC2, 0x4E, 0xC7, 0xC6, 0xE2, 0xB1, 0xCF, 0xB1, 0x39, 0x0A, 0xDD, 0x1D,
    0x45, 0xD9, 0x1E, 0xFF, 0x02, 0xDD, 0x51, 0x3B, 0x6E, 0xDB, 0x40, 0x10, 0x7D, 0x6B, 0x59, 0x20,
    0x60, 0x22, 0x5A, 0x16, 0x52, 0x17, 0x8A, 0x17, 0x58, 0x89, 0xED, 0x02, 0x19, 0x42, 0xEB, 0x1B,
    0xB0, 0xC8, 0x29, 0x6C, 0xD8, 0x49, 0xA1, 0x42, 0x85, 0x02, 0xE9, 0x28, 0x2A, 0x5C, 0x05, 0x29,
    0x18, 0xC0, 0x05, 0x0D, 0xD8, 0x96, 0x8E, 0xA0, 0x0B, 0x18, 0x60, 0xEF, 0x66, 0x1C, 0x2C, 0x60,
    0x06, 0x96, 0xC2, 0xEC, 0x32, 0x4A, 0x90, 0xA4, 0xC8, 0x01, 0xF2, 0x66, 0x80, 0xF9, 0x62, 0xBE,
    0x22, 0x87, 0xDC, 0x63, 0x24, 0x41, 0x81, 0xD1, 0x2D, 0x53, 0x88, 0xE4, 0x1D, 0x82, 0x1A, 0x0E,
    0xAB, 0x15, 0xB8, 0x05, 0xFA, 0xC0, 0x1D, 0xC4, 0x1E, 0x9D, 0x07, 0xC8, 0x18, 0x2A, 0xC6, 0xA4,
    0x31, 0x83, 0x4B, 0x20, 0xC6, 0x20, 0x5F, 0xD4, 0x53, 0x7C, 0x36, 0x6B, 0x1B, 0x51, 0xAE, 0x6E,
    0xCA, 0xB4, 0x02, 0xC4, 0xAF, 0xAA, 0x39, 0x26, 0x7B, 0x90, 0x53, 0x42, 0x0C, 0x7F, 0x56, 0x1D,
    0xBC, 0x75, 0x3E, 0x05, 0x0D, 0x16, 0xDB, 0xCE, 0x26, 0x44, 0xEF, 0x90, 0xAF, 0x24, 0x54, 0x0F,
    0x61, 0x8D, 0xF1, 0xA5, 0xCF, 0xCF, 0x12, 0xAF, 0xA3, 0xAD, 0x96, 0xEC, 0x40, 0x43, 0x68, 0x89,
    0x2C, 0x85, 0x7C, 0x44, 0x5F, 0x62, 0xFC, 0x01, 0xA1, 0xF5, 0xD1, 0x23, 0x04, 0x38, 0xBF, 0x5A,
    0xDB, 0xC0, 0xC9, 0x33, 0x27, 0x17, 0xF6, 0x6C, 0x05, 0xAC, 0x5D, 0xEC, 0x95, 0xD2, 0xD3, 0xA2,
    0xB8, 0x9E, 0x92, 0x3A, 0xD6, 0xAA, 0x27, 0x1D, 0x7A, 0x31, 0x45, 0xC2, 0x34, 0x6C, 0x67, 0xAC,
    0x7F, 0x90, 0xF8, 0xE7, 0xFE, 0xC2, 0x24, 0x9B, 0x37, 0x9B, 0xCE, 0x6F, 0xD4, 0x35, 0x0B, 0xE6,
    0x99, 0x9F, 0xBD, 0xB3, 0x19, 0xE2, 0xFE, 0xAA, 0xD9, 0x75, 0xCD, 0xC4, 0x16, 0x04, 0x1D, 0x54,
    0xA2, 0x74, 0xFB, 0xDF, 0xFA, 0xFD, 0xFF, 0xAB, 0x73, 0x25, 0xB6, 0x4F, 0x27, 0xBB, 0x4C, 0xE9,
    0x79, 0xFA, 0xC9, 0x9F, 0x44, 0xD6, 0x14, 0x4F, 0xBE, 0x69, 0x64, 0xCA, 0xF7, 0x6B, 0xED, 0xA1,
    0x96, 0x5A, 0x8E, 0x2F, 0x7C, 0x87, 0xE8, 0x98, 0x48, 0x16, 0xC1, 0x36, 0xE4, 0x78, 0xA6, 0x55,
    0xBA, 0xBD, 0xAF, 0x23, 0xFA, 0x78, 0xD7, 0xEC, 0x79, 0x54, 0xCE, 0x53, 0xEE, 0x9A, 0x1C, 0x8C,
    0xA7, 0x3F, 0x5E, 0xE0, 0x3D, 0x1C, 0x3D, 0xF1, 0xF3, 0xB2, 0xC1, 0xCB, 0xF2, 0x4B, 0xC5, 0xD7,
    0x39, 0x1F, 0x20, 0x4E, 0x4D, 0xF3, 0xC8, 0xB6, 0x2C, 0xB9, 0xD0, 0x07, 0x7E, 0xAF, 0xFF, 0x7A,
    0xA0, 0xB7, 0xE6, 0x4C, 0x4C, 0x5F, 0xCB, 0xE7, 0xCA, 0x55, 0x6A, 0xDF, 0x96, 0x5A, 0xEA, 0xA7,
    0x95, 0xB8, 0xCD, 0x28, 0x71, 0x33, 0xBD, 0xC6, 0x08, 0x6B, 0xA3, 0xE0, 0x69, 0x04, 0xB9, 0x04,
    0xBE, 0x03, 0x8D, 0x55, 0x4F, 0x88, 0x1B, 0x55, 0x18, 0xFF, 0x65, 0x5E, 0x75, 0x28, 0xB3, 0x9B,
    0x29, 0xD8, 0x22, 0x08, 0xC9, 0xF4, 0x58, 0xB6, 0x9B, 0x46, 0x41, 0xE8, 0x1C, 0x26, 0xC9, 0x80,
    0xD7, 0x16, 0xF6, 0xD0, 0x6D, 0x0F, 0xA2, 0x05, 0xE9, 0x4D, 0x34, 0x1E, 0x22, 0x06, 0x4C, 0x9B,
    0x87, 0x1E, 0xA4, 0xB7, 0x45, 0xA1, 0xE7, 0x3D, 0x78, 0x28, 0x93, 0xC3, 0x2E, 0x18, 0x64, 0x0F,
    0xED, 0xE6, 0xE9, 0xA1, 0x1E, 0x3C, 0x34, 0x82, 0xC5, 0x83, 0x07, 0x07, 0xD6, 0x56, 0xC9, 0x62,
    0xFB, 0x0E, 0x91, 0x46, 0xCC, 0xE6, 0xF9, 0x7B, 0x33, 0xD9, 0xDD, 0x6E, 0x41, 0xF1, 0x25, 0xBF,
    0xEF, 0x7D, 0xEF, 0xCF, 0x7C, 0x33, 0xDF, 0xF7, 0x7E, 0xDF, 0xF7, 0x0A, 0x5F, 0x02, 0xBE, 0x01,
    0x6A, 0xAE, 0x42, 0xE4, 0x28, 0xB4, 0x00, 0xB4, 0x96, 0x12, 0xB4, 0x1A, 0x26, 0x6E, 0x47, 0x40,
    0x44, 0x54, 0x3B, 0x80, 0x6B, 0x66, 0xDC, 0x74, 0x89, 0x13, 0xC8, 0x51, 0x5B, 0x05, 0xB8, 0x07,
    0xFB, 0xAD, 0x70, 0x13, 0x78, 0xF1, 0x02, 0x0A, 0x66, 0x0A, 0x6F, 0x77, 0x1B, 0xC1, 0xF1, 0x46,
    0x1C, 0x2D, 0x9C, 0x57, 0xED, 0x85, 0xCF, 0x65, 0xFF, 0xA4, 0x82, 0x7E, 0x95, 0x78, 0x4D, 0x42,
    0xBF, 0x03, 0xF4, 0xBF, 0x00, 0xDA, 0xF7, 0x1C, 0x55, 0xBF, 0xE9, 0xCA, 0xE0, 0x42, 0x00, 0x6F,
    0xB6, 0x07, 0x61, 0x52, 0x1C, 0x7F, 0x1D, 0x58, 0x38, 0x4D, 0x5B, 0x2F, 0xD0, 0x9C, 0x19, 0xC3,
    0x7B, 0x78, 0x17, 0x01, 0x7C, 0xBE, 0xCE, 0x95, 0x6D, 0x38, 0x72, 0x93, 0x4B, 0xFA, 0xF8, 0x12,
    0x74, 0x79, 0x06, 0x1D, 0x0C, 0xD1, 0x0F, 0x68, 0xA7, 0x2C, 0x64, 0x54, 0xA6, 0x9D, 0x32, 0xED,
    0x98, 0x3D, 0x3E, 0x97, 0x1E, 0x7C, 0x92, 0x30, 0x26, 0x16, 0xA3, 0x04, 0x42, 0xE1, 0x28, 0x1E,
    0x5C, 0xE2, 0xDA, 0x2C, 0xEF, 0x39, 0x7E, 0xF9, 0x47, 0xBA, 0xB2, 0x77, 0x74, 0x0F, 0x4E, 0xC2,
    0x31, 0xD2, 0xBB, 0x95, 0x16, 0xB1, 0x59, 0xC2, 0xB5, 0x0A, 0xF0, 0xFE, 0x2A, 0x8C, 0x41, 0x69,
    0x5F, 0x29, 0xC3, 0xFE, 0x97, 0x11, 0xCE, 0x92, 0xB1, 0xD9, 0x7F, 0x69, 0x1B, 0x27, 0xAE, 0x7D,
    0x1D, 0x7F, 0x34, 0x33, 0xFA, 0xC6, 0xD5, 0x3F, 0xEF, 0x74, 0x84, 0x8A, 0x5A, 0xAE, 0x5A, 0x6E,
    0x79, 0x84, 0x4F, 0x04, 0x44, 0x83, 0xF8, 0x98, 0xF8, 0x8A, 0xD8, 0x51, 0xCB, 0xCE, 0x90, 0x8F,
    0xCD, 0xA3, 0xE8, 0x33, 0x3C, 0x3E, 0xC3, 0xE4, 0x6B, 0x62, 0x8B, 0x88, 0xA0, 0x9B, 0x83, 0xE4,
    0xAF, 0x81, 0x31, 0x7B, 0xBE, 0x50, 0xFA, 0xEA, 0x95, 0x87, 0xE3, 0x4C, 0x47, 0x47, 0xFB, 0xA8,
    0x10, 0x3E, 0xE1, 0x12, 0x8E, 0xCE, 0x0C, 0x34, 0x8C, 0x04, 0xEA, 0x3D, 0x5D, 0x44, 0x88, 0xB6,
    0x15, 0x51, 0xD9, 0x0A, 0xA3, 0x29, 0xDE, 0x5E, 0x09, 0xD1, 0x29, 0xA2, 0x76, 0x79, 0x5C, 0xE4,
    0xBE, 0x61, 0xD1, 0x1E, 0xA0, 0xDD, 0xF2, 0xBC, 0xF0, 0xD7, 0x28, 0x5C, 0x8D, 0xC3, 0x96, 0x59,
    0xB5, 0x66, 0x29, 0x69, 0x23, 0x93, 0x11, 0x56, 0x28, 0x97, 0xFD, 0x99, 0xD5, 0x6B, 0x5E, 0xCC,
    0xF9, 0xB6, 0x13, 0x73, 0x4F, 0x64, 0xF7, 0xAB, 0xC6, 0x1A, 0x42, 0x4F, 0x7A, 0x5C, 0x15, 0x43,
    0x04, 0x2A, 0x2C, 0x68, 0x06, 0x35, 0xC4, 0xB8, 0x65, 0x65, 0xA7, 0x7E, 0x55, 0x86, 0xA8, 0xF1,
    0xD9, 0x67, 0x5A, 0x8B, 0x86, 0xA3, 0x10, 0x77, 0x2D, 0xE1, 0x66, 0x68, 0x2F, 0xE3, 0x09, 0xFA,
    0xE5, 0xC2, 0xCF, 0xD0, 0x74, 0xD8, 0x4C, 0x9B, 0xBD, 0xDD, 0xD1, 0xC4, 0x7B, 0xE3, 0xD3, 0x6F,
    0xD5, 0xBB, 0xBB, 0xBD, 0xDD, 0xDF, 0xB3, 0x39, 0x71, 0x1F, 0xBF, 0xC5, 0x85, 0x3F, 0xF0, 0x37,
    0x30, 0x45, 0xD7, 0x8A, 0x3A, 0xB0, 0x85, 0x1A, 0x4E, 0xAD, 0xE2, 0x04, 0x3D, 0xD4, 0xB5, 0xCB,
    0x9A, 0x8E, 0x6F, 0xEA, 0xF0, 0x5A, 0x5F, 0x87, 0xAD, 0x67, 0x71, 0x82, 0x80, 0x0E, 0x6F, 0xF4,
    0xD2, 0xB0, 0x9B, 0x39, 0x47, 0xCA, 0x5D, 0xB7, 0x79, 0x20, 0x33, 0x6E, 0x9F, 0x8C, 0x48, 0x8F,
    0x0E, 0xFC, 0x5B, 0x53, 0x1E, 0xF1, 0x1D, 0xCE, 0x1C, 0xFD, 0x2D, 0x13, 0x76, 0xDE, 0xFF, 0x69,
    0x4A, 0x8E, 0x44, 0x07, 0x2E, 0x54, 0x49, 0xFD, 0x57, 0x92, 0xDB, 0xE4, 0xEE, 0x0A, 0x07, 0xF4,
    0x6E, 0xBB, 0x19, 0x17, 0xB4, 0x93, 0xD1, 0xC9, 0x95, 0x36, 0x2E, 0x63, 0x34, 0x93, 0x75, 0x78,
    0x59, 0x4C, 0x87, 0x68, 0x8E, 0x64, 0x36, 0x6F, 0xD7, 0xED, 0x3E, 0x6C, 0x6F, 0xC4, 0x08, 0xF6,
    0x0E, 0xE9, 0x2B, 0x45, 0x2A, 0xA4, 0x2F, 0x85, 0x3C, 0x47, 0x7D, 0x0B, 0xE2, 0x13, 0x46, 0xF1,
    0x33, 0x85, 0xAE, 0x31, 0xDA, 0x42, 0x3C, 0x55, 0x10, 0x3F, 0xE8, 0x7C, 0x4D, 0xD6, 0x08, 0x9F,
    0x70, 0x95, 0x90, 0x4E, 0x9A, 0x9F, 0x9B, 0x89, 0x97, 0x36, 0x92, 0x8C, 0xA7, 0x39, 0x3E, 0x00,
    0x02, 0x8D, 0xC2, 0x80, 0xB6, 0x1F, 0x9F, 0xCE, 0x74, 0x0C, 0x62, 0xEA, 0x7C, 0xFF, 0xC1, 0x9E,
    0x39, 0xE6, 0xAD, 0x32, 0xEF, 0x56, 0xAC, 0x74, 0x4C, 0x16, 0x2C, 0x77, 0xF6, 0xA6, 0xCE, 0xD7,
    0xEE, 0xE4, 0x5D, 0x05, 0xA7, 0x6C, 0x57, 0xB4, 0xB9, 0x57, 0x81, 0x2F, 0x1E, 0x4C, 0x6C, 0x67,
    0xF3, 0x96, 0x5D, 0x91, 0x29, 0xC3, 0xAE, 0x84, 0xA2, 0xF3, 0x5E, 0xD6, 0xD1, 0xC3, 0x62, 0x09,
    0xE5, 0xA8, 0x86, 0x4A, 0x80, 0x4A, 0x54, 0x45, 0x27, 0x88, 0xA3, 0xFA, 0xE0, 0xD1, 0xB8, 0xFC,
    0x68, 0xEC, 0xA7, 0x66, 0x58, 0xEA, 0xDA, 0x94, 0xB0, 0x89, 0xF6, 0xAF, 0xDD, 0xB1, 0x79, 0xBE,
    0xF0, 0x7D, 0x7E, 0x32, 0x65, 0x85, 0xA8, 0xD8, 0xA0, 0xA8, 0x6A, 0xB2, 0xC1, 0x10, 0xF8, 0x73,
    0x7D, 0x40, 0xBD, 0xC6, 0x3D, 0x13, 0x62, 0x8D, 0xB3, 0x38, 0x82, 0xAC, 0x2D, 0xC2, 0x92, 0x3E,
    0xAF, 0x35, 0x8F, 0x59, 0xB3, 0x16, 0xFD, 0x38, 0x5A, 0x74, 0x55, 0x7B, 0xD1, 0x91, 0x7D, 0xAE,
    0x69, 0x0B, 0x3F, 0x91, 0xDA, 0x37, 0xAA, 0x5F, 0x74, 0x38, 0xCF, 0x84, 0xE6, 0x7A, 0x70, 0x31,
    0x88, 0xF3, 0x5A, 0x33, 0xCE, 0x9E, 0xCF, 0xEC, 0xEC, 0xB7, 0x80, 0xC9, 0x5C, 0xE5, 0x89, 0xD6,
    0x89, 0x0F, 0x79, 0x0E, 0x9B, 0x8C, 0x95, 0xEE, 0xDB, 0xC3, 0x18, 0x9E, 0x1D, 0x6D, 0x4B, 0xA1,
    0x2A, 0x38, 0x3B, 0xDA, 0x90, 0x76, 0x5C, 0x86, 0x17, 0x57, 0x78, 0xFC, 0xA4, 0x9B, 0x6A, 0xA3,
    0x90, 0xE2, 0x12, 0x4B, 0x98, 0x0C, 0xAE, 0xA4, 0x35, 0xE8, 0x33, 0xD0, 0x70, 0x52, 0xD2, 0x3C,
    0xB1, 0x8C, 0x62, 0xC1, 0x99, 0x0E, 0x92, 0xDB, 0xB6, 0x1E, 0x63, 0x9D, 0x55, 0xA1, 0xDA, 0x4B,
    0xBD, 0x9C, 0xB8, 0xC7, 0xFE, 0xA7, 0x1B, 0x73, 0xD8, 0x31, 0xE7, 0xAD, 0x1B, 0x92, 0x6E, 0x1C,
    0x96, 0xCC, 0xE7, 0xDC, 0xC8, 0xB8, 0x93, 0x24, 0xCC, 0xA5, 0xD5, 0x4C, 0x3F, 0xD5, 0x5C, 0x3D,
    0xCA, 0x8F, 0xFF, 0x40, 0x21, 0xA3, 0xFA, 0xD2, 0x60, 0x9D, 0x81, 0x5E, 0xDA, 0xF8, 0xB5, 0x6B,
    0x3F, 0x4B, 0xB2, 0x90, 0x77, 0xF7, 0xD0, 0x58, 0x67, 0x0F, 0x4F, 0xC1, 0x32, 0x74, 0xC2, 0x4B,
    0x04, 0x76, 0x9C, 0xA5, 0x80, 0xB8, 0xC7, 0xA4, 0x83, 0x3B, 0x41, 0x43, 0xE1, 0xFC, 0x2F, 0x10,
    0x33, 0x54, 0x53, 0xEA, 0x67, 0x5E, 0x52, 0x91, 0xB0, 0xFF, 0x2D, 0xF1, 0x8D, 0x16, 0x4F, 0x86,
    0x22, 0xBF, 0x72, 0x8E, 0xCD, 0xC9, 0x60, 0x31, 0x58, 0xE3, 0xED, 0x34, 0x46, 0xF0, 0xD6, 0x75,
    0xD4, 0x4A, 0x01, 0xA2, 0x92, 0x8F, 0x56, 0xC9, 0x8B, 0xFB, 0x25, 0xD7, 0x42, 0x5A, 0xE4, 0xB7,
    0x01, 0x6F, 0x99, 0xD1, 0x46, 0x2C, 0x94, 0xFD, 0x39, 0xC3, 0x43, 0xB8, 0xCA, 0xBA, 0xD8, 0x25,
    0x53, 0x6C, 0x2A, 0x9E, 0x1D, 0x81, 0x0C, 0x8A, 0x8F, 0xDE, 0x06, 0xB6, 0xED, 0x50, 0x61, 0xCA,
    0x39, 0x96, 0x75, 0x4F, 0xA7, 0x38, 0xB7, 0xF3, 0x18, 0xD1, 0xCE, 0x7D, 0xB4, 0x77, 0xBE, 0x8F,
    0xFB, 0x3B, 0xDF, 0xC5, 0xD9, 0xCD, 0x99, 0x15, 0xC7, 0x3C, 0x6D, 0x7C, 0x7E, 0x68, 0x73, 0x96,
    0x80, 0xC5, 0xCA, 0x7E, 0xB2, 0x58, 0x80, 0xB8, 0x68, 0x6B, 0x29, 0x8B, 0x24, 0xAB, 0x73, 0x68,
    0xAB, 0x1D, 0xFF, 0xFD, 0x7A, 0x2F, 0x65, 0x31, 0x08, 0x0B, 0x93, 0x6C, 0x58, 0x0A, 0x51, 0xA1,
    0x52, 0xEF, 0x4D, 0x1A, 0x66, 0xCD, 0x3E, 0xB2, 0x80, 0x7F, 0x00, 0xA5, 0x54, 0xBF, 0x6B, 0xDB,
    0x40, 0x14, 0xFE, 0x24, 0x25, 0xA8, 0x44, 0x15, 0xE7, 0x25, 0x10, 0x0A, 0x41, 0x7B, 0x49, 0xEC,
    0x0E, 0x1E, 0x3A, 0x38, 0xB5, 0x68, 0xC6, 0x0E, 0xF5, 0x72, 0x59, 0xBA, 0x74, 0xE8, 0x54, 0xE8,
    0x8F, 0x21, 0x5B, 0x5D, 0x2C, 0xFA, 0x17, 0x74, 0xE9, 0x9E, 0x59, 0xD3, 0x95, 0xA4, 0x60, 0x42,
    0x62, 0x0B, 0x32, 0x96, 0x80, 0xFE, 0x04, 0x43, 0xE9, 0x2E, 0xA8, 0x4B, 0x45, 0x6A, 0x5B, 0x7D,
    0xEF, 0x4E, 0xFE, 0x91, 0xE0, 0x3A, 0x85, 0x0A, 0xDF, 0xF3, 0xE9, 0xDD, 0xE9, 0xBD, 0xEF, 0xBE,
    0xF7, 0xEE, 0x03, 0xF8, 0x71, 0x42, 0x32, 0x82, 0x67, 0x0D, 0x36, 0x19, 0xBB, 0x12, 0x76, 0x49,
    0x29, 0xD1, 0x2C, 0x8A, 0x02, 0x82, 0x77, 0x38, 0x29, 0xAF, 0x0E, 0xD9, 0xEC, 0xB1, 0xD1, 0x4E,
    0x1B, 0xE5, 0xE3, 0x46, 0x40, 0x30, 0x00, 0x3A, 0x39, 0xAC, 0x1F, 0xAF, 0xE1, 0x5E, 0x3C, 0x89,
    0x02, 0x67, 0x7F, 0xB0, 0xE3, 0x84, 0x99, 0x4E, 0xB0, 0x6A, 0xE8, 0x47, 0xD1, 0x68, 0xD3, 0x08,
    0x38, 0x18, 0xA5, 0xB7, 0xB2, 0x4D, 0x29, 0xCF, 0x3A, 0x45, 0x31, 0x26, 0x47, 0x97, 0x32, 0x51,
    0x70, 0x8F, 0x92, 0x54, 0xCD, 0x2B, 0x9E, 0x63, 0x06, 0x7E, 0xC5, 0x68, 0x50, 0x7E, 0xE1, 0xEC,
    0xA7, 0xCE, 0xC5, 0xD3, 0x10, 0xBF, 0xDE, 0x03, 0x4D, 0x3A, 0x80, 0x48, 0x17, 0xF2, 0xCE, 0xC2,
    0xEC, 0x18, 0x16, 0x02, 0xC3, 0x03, 0x43, 0xC8, 0x18, 0x85, 0xE1, 0xA2, 0xAD, 0xD9, 0x90, 0x6F,
    0x34, 0x1F, 0x45, 0x11, 0xE9, 0xC3, 0x57, 0x0D, 0x27, 0x5D, 0xCD, 0x0A, 0xE3, 0xDB, 0x33, 0x10,
    0x69, 0xB1, 0x6A, 0xB8, 0xD9, 0xA2, 0x3F, 0x6B, 0x81, 0x9D, 0x77, 0x5D, 0x58, 0xDF, 0xA6, 0xEC,
    0x3C, 0x66, 0x76, 0xD4, 0xAD, 0xEC, 0x30, 0xB4, 0x6B, 0xA7, 0x78, 0xB5, 0xEC, 0x14, 0xFD, 0x22,
    0xEB, 0xC9, 0x56, 0x3F, 0xC4, 0x71, 0x0A, 0x35, 0x84, 0xDA, 0x83, 0x12, 0xA1, 0x72, 0x52, 0xC5,
    0xD8, 0x08, 0xD7, 0x5D, 0xB3, 0x4D, 0x14, 0xE3, 0x75, 0x79, 0x0E, 0x6B, 0x0C, 0xF7, 0x12, 0x81,
    0x8F, 0xB6, 0x6F, 0x65, 0xBE, 0x9B, 0xF8, 0x01, 0x7C, 0x22, 0xFF, 0xC1, 0x34, 0xDA, 0x5B, 0xE6,
    0x60, 0x4D, 0xC0, 0x77, 0x12, 0x1F, 0x99, 0x8F, 0x86, 0x0F, 0xE1, 0xC3, 0xB9, 0x04, 0xC6, 0x1B,
    0xF1, 0xB9, 0xD0, 0x35, 0x01, 0xB6, 0x2B, 0x68, 0x2B, 0x2B, 0x53, 0x6E, 0xA2, 0x02, 0xA8, 0x36,
    0x3E, 0x67, 0x38, 0x4E, 0xD0, 0x07, 0x7A, 0xF1, 0x11, 0xE1, 0x61, 0x0A, 0x3E, 0x6A, 0x72, 0x47,
    0x7A, 0x7B, 0x4D, 0xE3, 0x75, 0x43, 0x66, 0xD9, 0x89, 0x98, 0x64, 0xA2, 0x36, 0xE3, 0x39, 0x53,
    0x2C, 0x42, 0x66, 0xB8, 0xA7, 0x09, 0x1E, 0x9A, 0xE6, 0x2A, 0x5B, 0xCE, 0xF4, 0x9C, 0x69, 0xBA,
    0x72, 0xC1, 0xB4, 0xDD, 0x0B, 0xDD, 0x78, 0x39, 0xDB, 0x20, 0x2C, 0xFB, 0x97, 0xAA, 0xF8, 0x50,
    0xA7, 0x22, 0xEB, 0x25, 0xEC, 0xA1, 0x12, 0xEE, 0x9A, 0x0A, 0x7E, 0xE7, 0x02, 0xDA, 0x5C, 0x3F,
    0xBD, 0xBB, 0xAA, 0x83, 0x74, 0x75, 0xBC, 0x01, 0x5B, 0xAE, 0xDD, 0xD4, 0xBD, 0x35, 0xA5, 0x82,
    0x4F, 0x60, 0x33, 0x0E, 0x8F, 0x4D, 0x8D, 0x3E, 0x1E, 0x04, 0x57, 0x71, 0x9C, 0xBA, 0x29, 0xAC,
    0xD4, 0x62, 0x83, 0x16, 0x1B, 0xFC, 0x8B, 0xD1, 0x4F, 0x32, 0xBD, 0x65, 0x18, 0x81, 0xC1, 0x80,
    0xC2, 0x4D, 0x40, 0x08, 0x72, 0x36, 0x03, 0x36, 0x11, 0x34, 0xA0, 0xD5, 0x06, 0x2B, 0x56, 0xA3,
    0x59, 0xA8, 0x1C, 0x3F, 0xA5, 0x9C, 0x98, 0x44, 0x74, 0xEC, 0xF1, 0x8C, 0x50, 0x8D, 0x27, 0xD4,
    0xA3, 0xA0, 0x62, 0xC9, 0x83, 0x41, 0xF9, 0xFD, 0x2D, 0xA3, 0x59, 0x44, 0x10, 0x13, 0x2A, 0x4E,
    0x7E, 0x0D, 0x08, 0x96, 0x1E, 0xB9, 0xC2, 0x86, 0x49, 0x72, 0xD8, 0x50, 0x05, 0x0E, 0x52, 0x4D,
    0xA1, 0xA0, 0x0F, 0x43, 0x53, 0xDE, 0xF4, 0x5A, 0x08, 0x9B, 0x10, 0x79, 0x34, 0x6A, 0x34, 0xFA,
    0x94, 0xA1, 0xD3, 0x8F, 0x10, 0xEC, 0x0F, 0xA8, 0x6D, 0x4E, 0x60, 0x85, 0x2C, 0x50, 0x7C, 0x4F,
    0xB7, 0xE9, 0xF6, 0xFB, 0xA4, 0x18, 0xDB, 0x87, 0xF4, 0x4E, 0xCE, 0x06, 0x15, 0x6D, 0xE8, 0x45,
    0x6E, 0x6A, 0x4F, 0xE8, 0x0A, 0xD4, 0xF2, 0x79, 0x2C, 0x2E, 0x9D, 0x4D, 0xE7, 0xED, 0x8C, 0x61,
    0xFF, 0x1E, 0x41, 0x7C, 0xA0, 0x6E, 0xB0, 0xA9, 0x2F, 0xA8, 0x83, 0x0E, 0x4B, 0xD5, 0xA1, 0x71,
    0xE7, 0xD6, 0x58, 0x37, 0x55, 0x92, 0x29, 0x74, 0xB4, 0x36, 0xB2, 0x4A, 0x3E, 0xD2, 0xAD, 0x19,
    0xC7, 0xB1, 0xF1, 0xDD, 0x54, 0xC9, 0x1B, 0x62, 0xB3, 0x28, 0x75, 0x5E, 0x42, 0x12, 0xA7, 0xA5,
    0x8E, 0xBF, 0x78, 0x19, 0xC7, 0x39, 0xBD, 0x2F, 0x97, 0xBA, 0x55, 0x52, 0xC5, 0x02, 0x94, 0xE9,
    0xE4, 0xC5, 0x68, 0x2A, 0x55, 0x06, 0x54, 0xC4, 0xB0, 0xE2, 0x9E, 0x59, 0xCB, 0xFF, 0x22, 0x55,
    0x14, 0x73, 0x6B, 0x9E, 0xA1, 0xC2, 0x5D, 0xE3, 0x4C, 0x48, 0x2C, 0xA2, 0xFB, 0x57, 0x11, 0xC3,
    0x55, 0xD8, 0xB8, 0x0A, 0xE9, 0x95, 0xE7, 0x27, 0xEC, 0x5F, 0xFF, 0x02, 0xE3, 0xE7, 0x5F, 0x65,
    0x3E, 0x9F, 0x6D, 0xA3, 0x0D, 0x8B, 0xDB, 0x6A, 0x45, 0xE2, 0x15, 0xA1, 0x3D, 0xE6, 0xCF, 0xE9,
    0xA9, 0x73, 0xE3, 0xD5, 0x99, 0x96, 0x3A, 0x13, 0x54, 0x6F, 0x7E, 0x92, 0xAD, 0x3A, 0xE1, 0xCB,
    0xCC, 0x4C, 0xCC, 0x56, 0x75, 0x83, 0x62, 0x8D, 0x83, 0xB8, 0xDA, 0x24, 0x6A, 0x53, 0x3E, 0xCB,
    0x14, 0xA9, 0xC4, 0xC8, 0xCC, 0xB4, 0xAF, 0x5C, 0x5D, 0x63, 0xE1, 0x82, 0x49, 0x00, 0xD3, 0xEB,
    0xCE, 0x57, 0x8A, 0x20, 0xB8, 0x0B, 0x1A, 0x9C, 0x9A, 0xB5, 0x80, 0xD4, 0xC6, 0x0B, 0xC5, 0x08,
    0xFD, 0xF4, 0xDE, 0x19, 0x4E, 0x8F, 0x88, 0x4D, 0x85, 0xA5, 0x66, 0x57, 0x2A, 0xBE, 0xF1, 0x19,
    0xFE, 0x2B, 0xE8, 0xAE, 0xCC, 0x16, 0xA3, 0xAC, 0xCB, 0x56, 0xF9, 0x3A, 0xDF, 0x32, 0x5B, 0xFD,
    0x03, 0xCD, 0x93, 0x31, 0x6F, 0xD3, 0x40, 0x14, 0xC7, 0xFF, 0xB6, 0xD3, 0x44, 0xC8, 0x02, 0x77,
    0x28, 0x12, 0x08, 0xD5, 0xFE, 0x02, 0x49, 0xBC, 0x66, 0x70, 0xEB, 0x13, 0x7C, 0x81, 0x2E, 0x11,
    0x03, 0x03, 0x0B, 0x0B, 0x42, 0x22, 0x4B, 0x86, 0x0A, 0x85, 0xE6, 0x50, 0xBF, 0x40, 0x76, 0x56,
    0x16, 0xC2, 0x40, 0x06, 0x86, 0x0C, 0xAD, 0x72, 0x12, 0x5F, 0xC0, 0x2C, 0x2C, 0x0C, 0xF5, 0x00,
    0x42, 0x62, 0xF2, 0x10, 0x29, 0x4D, 0x54, 0xE5, 0x78, 0xEF, 0xEE, 0xDC, 0x9D, 0x8A, 0xA1, 0xE7,
    0xBB, 0xFC, 0xCF, 0x77, 0xEF, 0xDE, 0xBD, 0xDF, 0x7B, 0x8E, 0x77, 0x84, 0x64, 0x8B, 0x78, 0x20,
    0x11, 0x14, 0xF0, 0x2A, 0x1C, 0x55, 0xA1, 0x5E, 0xA6, 0x4F, 0x97, 0x19, 0x96, 0x23, 0x7C, 0x39,
    0x36, 0x3D, 0x43, 0x75, 0xE0, 0x97, 0xC9, 0x7B, 0x15, 0x6C, 0xC1, 0xED, 0xBE, 0x90, 0x9E, 0x5E,
    0xC9, 0xD6, 0xAF, 0x05, 0x22, 0x91, 0x23, 0xC6, 0x6F, 0xD9, 0x0E, 0x4E, 0x55, 0x76, 0x2F, 0x50,
    0x9D, 0x5E, 0xA0, 0xE2, 0x32, 0x14, 0x91, 0x4A, 0x11, 0x6D, 0xAE, 0xD0, 0x5B, 0x94, 0xB8, 0x6E,
    0x91, 0x00, 0x52, 0x09, 0xE4, 0x0A, 0x78, 0x53, 0x00, 0x33, 0xDA, 0xAB, 0x2A, 0x78, 0xC5, 0x10,
    0x81, 0xCA, 0x68, 0xB4, 0x11, 0x8A, 0x18, 0x11, 0x3D, 0x31, 0xCD, 0x3A, 0x68, 0xC9, 0xC3, 0xE9,
    0x27, 0x35, 0xD6, 0xBA, 0xE0, 0xE3, 0xB9, 0xD6, 0x38, 0x9C, 0x7E, 0x46, 0x8F, 0xF6, 0x6F, 0x3A,
    0xEA, 0x96, 0xEB, 0x2D, 0xF2, 0xE9, 0x47, 0x24, 0x34, 0x6F, 0x51, 0x38, 0x7E, 0x45, 0x93, 0x39,
    0x8D, 0x03, 0x17, 0x67, 0xA0, 0xEC, 0x06, 0x1B, 0x64, 0x34, 0x96, 0xE0, 0x04, 0x21, 0xA4, 0xF0,
    0x53, 0x1B, 0x8B, 0xE0, 0x78, 0x16, 0xBA, 0xD0, 0xDA, 0x21, 0xB2, 0x77, 0x36, 0xEF, 0xB8, 0x23,
    0xC7, 0xF6, 0x18, 0x2A, 0x8C, 0x1F, 0x97, 0x48, 0x4F, 0x15, 0x82, 0xAF, 0x0A, 0xFE, 0x0F, 0xF2,
    0xAE, 0x69, 0x99, 0x73, 0xF9, 0xD6, 0x99, 0xBE, 0xC0, 0x43, 0x84, 0xDA, 0xD7, 0x2A, 0x79, 0x76,
    0xF1, 0xBD, 0xCA, 0xBC, 0x2D, 0x66, 0x19, 0xCE, 0x30, 0x34, 0xB3, 0x6E, 0xEB, 0xE2, 0x1D, 0x55,
    0xE5, 0x89, 0x56, 0xDE, 0x07, 0xBC, 0x34, 0x57, 0x8D, 0x81, 0x0D, 0xFC, 0x02, 0xBE, 0xFA, 0x87,
    0x4E, 0x48, 0xB9, 0x64, 0xC0, 0xBD, 0xD1, 0xC8, 0x78, 0x71, 0x9A, 0x14, 0x0F, 0x0E, 0x2F, 0xB3,
    0x61, 0xBA, 0xDC, 0x6D, 0x4E, 0x9A, 0x02, 0x69, 0x95, 0xF5, 0x4E, 0xE6, 0xC3, 0x88, 0x33, 0x82,
    0x1D, 0xE0, 0x2E, 0xD0, 0x66, 0xCE, 0xE9, 0x66, 0x42, 0x28, 0x28, 0xF0, 0xEA, 0x8F, 0xA4, 0x8A,
    0x84, 0x82, 0x81, 0xEF, 0xB0, 0xD1, 0x2E, 0xC2, 0xD2, 0xD3, 0x72, 0x50, 0x32, 0x53, 0xFA, 0x13,
    0xDE, 0xA2, 0x40, 0x93, 0x93, 0xD2, 0xEF, 0x0B, 0xCA, 0x0E, 0xFD, 0x12, 0xF2, 0x1A, 0x18, 0xF0,
    0x96, 0x44, 0x54, 0xFA, 0x5A, 0x90, 0xC9, 0xA5, 0x09, 0xE2, 0xDA, 0x06, 0xB4, 0x39, 0xB1, 0x74,
    0x94, 0x5C, 0xAE, 0xCB, 0x1A, 0x8F, 0x38, 0x7F, 0x29, 0xBD, 0x9C, 0x90, 0x9E, 0x71, 0x8E, 0x25,
    0x7C, 0xF6, 0x1C, 0x94, 0xA6, 0x3A, 0x9C, 0x60, 0x8A, 0xA2, 0xC1, 0x59, 0xDC, 0x07, 0xF7, 0x0E,
    0xE7, 0x73, 0x1F, 0xA6, 0xDC, 0xAC, 0x21, 0x86, 0x46, 0x5B, 0x62, 0x66, 0x34, 0x90, 0x33, 0xF4,
    0x5F, 0xF7, 0x05, 0xA9, 0xA7, 0x09, 0x83, 0xDF, 0xEB, 0x75, 0xAB, 0xB5, 0x7D, 0x7D, 0xBE, 0xF6,
    0x17, 0x3B, 0xFF, 0xF6, 0xBE, 0x91, 0xF9, 0x42, 0xB8, 0xB8, 0x1E, 0x27, 0x8A, 0xBF, 0x0D, 0x8E,
    0x2F, 0x91, 0x76, 0x9C, 0xF3, 0xDA, 0x5A, 0x3C, 0xAF, 0x2C, 0xCF, 0x96, 0x79, 0xE0, 0x4D, 0x2D,
    0xDF, 0x8D, 0x39, 0xE1, 0x38, 0xE1, 0x38, 0xE1, 0x38, 0xE1, 0x38, 0xE1, 0x38, 0x61, 0x79, 0x22,
    0x7D, 0x65, 0x34, 0x71, 0x5A, 0xAF, 0x5B, 0xAD, 0xED, 0xEB, 0xF3, 0xB5, 0xBF, 0xD8, 0xF9, 0xB7,
    0xF7, 0xDD, 0x06, 0xCE, 0x06, 0x3D, 0xF6, 0xEF, 0x9B, 0x19, 0xCE, 0x96, 0x5A, 0x1A, 0x4E, 0x6F,
    0x55, 0x58, 0x9E, 0xB1, 0xB0, 0x9A, 0x3B, 0xBE, 0x95, 0x32, 0x1A, 0x7C, 0xAB, 0x0C, 0x67, 0x24,
    0x46, 0x86, 0x73, 0x07, 0x7B, 0xB7, 0x94, 0xB3, 0xE1, 0xEA, 0xD9, 0x75, 0xF5, 0x1C, 0xB9, 0x7A,
    0x56, 0xB6, 0x9E, 0x81, 0xE3, 0x8C, 0x1C, 0x67, 0xD7, 0x71, 0xCE, 0xAD, 0x72, 0xC4, 0xCC, 0xC9,
    0x9E, 0x99, 0x33, 0x72, 0xF5, 0xEC, 0x38, 0xCE, 0xC6, 0x7F, 0xE1, 0xFC, 0x0B,
};

static const EpdGlyph inter_10_regularGlyphs[] = {
    { 0, 0, 152, 0, 0, 0, 0 }, // U+0000
    { 0, 0, 91, 0, 0, 0, 0 }, // U+0020
    { 4, 17, 91, 1, 16, 17, 0 }, // !
    { 6, 7, 151, 2, 16, 11, 17 }, // "
    { 13, 16, 209, 0, 16, 52, 28 }, // #
    { 12, 21, 212, 1, 18, 63, 80 }, // $
    { 16, 17, 317, 2, 16, 68, 143 }, // %
    { 13, 17, 212, 0, 16, 56, 211 }, // &
    { 2, 7, 96, 2, 16, 4, 267 }, // '
    { 5, 20, 117, 2, 17, 25, 271 }, // (
    { 6, 20, 117, 0, 17, 30, 296 }, // )
    { 9, 10, 165, 1, 16, 23, 326 }, // *
    { 11, 10, 218, 1, 11, 28, 349 }, // +
    { 4, 7, 91, 1, 3, 7, 377 }, // ,
    { 8, 3, 151, 1, 8, 6, 384 }, // -
    { 4, 4, 91, 1, 3, 4, 390 }, // .
    { 7, 19, 117, 0, 16, 34, 394 }, // /
    { 11, 17, 209, 1, 16, 47, 428 }, // 0
    { 7, 16, 132, 0, 16, 28, 475 }, // 1
    { 11, 16, 200, 1, 16, 44, 503 }, // 2
    { 11, 17, 204, 1, 16, 47, 547 }, // 3
    { 12, 16, 213, 1, 16, 48, 594 }, // 4
    { 11, 17, 196, 1, 16, 47, 642 }, // 5
    { 11, 17, 204, 1, 16, 47, 689 }, // 6
    { 11, 16, 185, 0, 16, 44, 736 }, // 7
    { 11, 17, 203, 1, 16, 47, 780 }, // 8
    { 11, 17, 204, 1, 16, 47, 827 }, // 9
    { 4, 12, 91, 1, 11, 12, 874 }, // :
    { 4, 15, 95, 1, 11, 15, 886 }, // ;
    { 11, 12, 218, 1, 12, 33, 901 }, // <
    { 10, 7, 218, 2, 9, 18, 934 }, // =
    { 10, 12, 218, 2, 12, 30, 952 }, // >
    { 10, 17, 171, 0, 16, 43, 982 }, // ?
    { 18, 20, 323, 1, 15, 90, 1025 }, // @
    { 14, 16, 227, 0, 16, 56, 1115 }, // A
    { 12, 16, 217, 1, 16, 48, 1171 }, // B
    { 14, 17, 243, 1, 16, 60, 1219 }, // C
    { 13, 16, 238, 1, 16, 52, 1279 }, // D
    { 11, 16, 199, 1, 16, 44, 1331 }, // E
    { 10, 16, 194, 1, 16, 40, 1375 }, // F
    { 14, 17, 247, 1, 16, 60, 1415 }, // G
    { 13, 16, 245, 1, 16, 52, 1475 }, // H
    { 3, 16, 87, 1, 16, 12, 1527 }, // I
    { 10, 17, 188, 0, 16, 43, 1539 }, // J
    { 13, 16, 221, 1, 16, 52, 1582 }, // K
    { 10, 16, 186, 1, 16, 40, 1634 }, // L
    { 16, 16, 298, 1, 16, 64, 1674 }, // M
    { 13, 16, 248, 1, 16, 52, 1738 }, // N
    { 14, 17, 254, 1, 16, 60, 1790 }, // O
    { 12, 16, 211, 1, 16, 48, 1850 }, // P
    { 14, 18, 254, 1, 16, 63, 1898 }, // Q
    { 12, 16, 214, 1, 16, 48, 1961 }, // R
    { 12, 17, 212, 1, 16, 51, 2009 }, // S
    { 13, 16, 213, 0, 16, 52, 2060 }, // T
    { 13, 17, 245, 1, 16, 56, 2112 }, // U
    { 14, 16, 227, 0, 16, 56, 2168 }, // V
    { 20, 16, 326, 0, 16, 80, 2224 }, // W
    { 14, 16, 225, 0, 16, 56, 2304 }, // X
    { 14, 16, 224, 0, 16, 56, 2360 }, // Y
    { 11, 16, 208, 1, 16, 44, 2416 }, // Z
    { 5, 20, 117, 2, 17, 25, 2460 }, // [
    { 7, 19, 117, 0, 16, 34, 2485 }, // <backslash>
    { 5, 20, 117, 1, 17, 25, 2519 }, // ]
    { 9, 7, 155, 0, 15, 16, 2544 }, // ^
    { 10, 2, 152, 0, 0, 5, 2560 }, // _
    { 4, 4, 102, 1, 16, 4, 2565 }, // `
    { 10, 13, 184, 0, 12, 33, 2569 }, // a
    { 11, 17, 201, 1, 16, 47, 2602 }, // b
    { 11, 13, 187, 0, 12, 36, 2649 }, // c
    { 11, 17, 201, 0, 16, 47, 2685 }, // d
    { 11, 13, 191, 0, 12, 36, 2732 }, // e
    { 8, 16, 119, 0, 16, 32, 2768 }, // f
    { 12, 17, 201, 0, 12, 51, 2800 }, // g
    { 10, 16, 194, 1, 16, 40, 2851 }, // h
    { 3, 16, 78, 1, 16, 12, 2891 }, // i
    { 5, 21, 78, -1, 16, 27, 2903 }, // j
    { 11, 16, 180, 1, 16, 44, 2930 }, // k
    { 3, 16, 78, 1, 16, 12, 2974 }, // l
    { 16, 12, 289, 1, 12, 48, 2986 }, // m
    { 10, 12, 194, 1, 12, 30, 3034 }, // n
    { 12, 13, 196, 0, 12, 39, 3064 }, // o
    { 11, 17, 201, 1, 12, 47, 3103 }, // p
    { 11, 17, 201, 0, 12, 47, 3150 }, // q
    { 7, 12, 121, 1, 12, 21, 3197 }, // r
    { 9, 13, 172, 1, 12, 30, 3218 }, // s
    { 7, 15, 108, 0, 14, 27, 3248 }, // t
    { 10, 13, 194, 1, 12, 33, 3275 }, // u
    { 11, 12, 184, 0, 12, 33, 3308 }, // v
    { 17, 12, 268, 0, 12, 51, 3341 }, // w
    { 11, 12, 179, 0, 12, 33, 3392 }, // x
    { 11, 17, 184, 0, 12, 47, 3425 }, // y
    { 9, 12, 179, 1, 12, 27, 3472 }, // z
    { 7, 20, 139, 1, 17, 35, 3499 }, // {
    { 3, 26, 108, 2, 21, 20, 3534 }, // |
    { 7, 20, 139, 1, 17, 35, 3554 }, // }
    { 12, 4, 218, 1, 8, 12, 3589 }, // ~
    { 0, 0, 91, 0, 0, 0, 0 }, // U+00A0
    { 4, 16, 91, 1, 12, 16, 0 }, // U+00A1
    { 11, 16, 187, 0, 16, 44, 16 }, // U+00A2
    { 11, 16, 201, 1, 16, 44, 60 }, // U+00A3
    { 13, 14, 239, 1, 13, 46, 104 }, // U+00A4
    { 12, 16, 181, 0, 16, 48, 150 }, // U+00A5
    { 3, 19, 87, 1, 16, 15, 198 }, // U+00A6
    { 10, 20, 187, 1, 16, 50, 213 }, // U+00A7
    { 8, 3, 194, 2, 16, 6, 263 }, // U+00A8
    { 17, 17, 302, 1, 16, 73, 269 }, // U+00A9
    { 9, 10, 149, 0, 16, 23, 342 }, // U+00AA
    { 12, 10, 190, 0, 11, 30, 365 }, // U+00AB
    { 9, 5, 218, 2, 8, 12, 395 }, // U+00AC
    { 13, 13, 219, 0, 16, 43, 407 }, // U+00AE
    { 6, 2, 154, 2, 15, 3, 450 }, // U+00AF
    { 8, 8, 149, 1, 16, 16, 453 }, // U+00B0
    { 10, 12, 218, 2, 12, 30, 469 }, // U+00B1
    { 7, 9, 143, 1, 18, 16, 499 }, // U+00B2
    { 8, 10, 145, 1, 18, 20, 515 }, // U+00B3
    { 4, 4, 102, 1, 16, 4, 535 }, // U+00B4
    { 11, 17, 193, 1, 12, 47, 539 }, // U+00B5
    { 10, 16, 198, 1, 16, 40, 586 }, // U+00B6
    { 4, 4, 91, 1, 9, 4, 626 }, // U+00B7
    { 5, 6, 87, 1, 1, 8, 630 }, // U+00B8
    { 5, 9, 98, 0, 18, 12, 638 }, // U+00B9
    { 10, 10, 158, 0, 16, 25, 650 }, // U+00BA
    { 11, 10, 190, 0, 11, 28, 675 }, // U+00BB
    { 16, 16, 261, 0, 16, 64, 703 }, // U+00BC
    { 17, 16, 275, 0, 16, 68, 767 }, // U+00BD
    { 18, 16, 288, 0, 16, 72, 835 }, // U+00BE
    { 9, 17, 171, 1, 12, 39, 907 }, // U+00BF
    { 14, 20, 227, 0, 20, 70, 946 }, // U+00C0
    { 14, 20, 227, 0, 20, 70, 1016 }, // U+00C1
    { 14, 20, 227, 0, 20, 70, 1086 }, // U+00C2
    { 14, 20, 227, 0, 20, 70, 1156 }, // U+00C3
    { 14, 20, 227, 0, 20, 70, 1226 }, // U+00C4
    { 14, 21, 227, 0, 21, 74, 1296 }, // U+00C5
    { 20, 16, 329, 0, 16, 80, 1370 }, // U+00C6
    { 14, 21, 243, 1, 16, 74, 1450 }, // U+00C7
    { 11, 20, 199, 1, 20, 55, 1524 }, // U+00C8
    { 11, 20, 199, 1, 20, 55, 1579 }, // U+00C9
    { 11, 20, 199, 1, 20, 55, 1634 }, // U+00CA
    { 11, 20, 199, 1, 20, 55, 1689 }, // U+00CB
    { 4, 20, 87, 0, 20, 20, 1744 }, // U+00CC
    { 5, 20, 87, 1, 20, 25, 1764 }, // U+00CD
    { 7, 20, 87, -1, 20, 35, 1789 }, // U+00CE
    { 8, 20, 87, -1, 20, 40, 1824 }, // U+00CF
    { 15, 16, 244, 0, 16, 60, 1864 }, // U+00D0
    { 13, 20, 248, 1, 20, 65, 1924 }, // U+00D1
    { 14, 21, 254, 1, 20, 74, 1989 }, // U+00D2
    { 14, 21, 254, 1, 20, 74, 2063 }, // U+00D3
    { 14, 21, 254, 1, 20, 74, 2137 }, // U+00D4
    { 14, 21, 254, 1, 20, 74, 2211 }, // U+00D5
    { 14, 21, 254, 1, 20, 74, 2285 }, // U+00D6
    { 10, 10, 218, 2, 11, 25, 2359 }, // U+00D7
    { 14, 17, 254, 1, 16, 60, 2384 }, // U+00D8
    { 13, 21, 245, 1, 20, 69, 2444 }, // U+00D9
    { 13, 21, 245, 1, 20, 69, 2513 }, // U+00DA
    { 13, 21, 245, 1, 20, 69, 2582 }, // U+00DB
    { 13, 21, 245, 1, 20, 69, 2651 }, // U+00DC
    { 14, 20, 224, 0, 20, 70, 2720 }, // U+00DD
    { 11, 16, 209, 1, 16, 44, 2790 }, // U+00DE
    { 11, 16, 202, 1, 16, 44, 2834 }, // U+00DF
    { 10, 17, 184, 0, 16, 43, 2878 }, // U+00E0
    { 10, 17, 184, 0, 16, 43, 2921 }, // U+00E1
    { 10, 17, 184, 0, 16, 43, 2964 }, // U+00E2
    { 10, 17, 184, 0, 16, 43, 3007 }, // U+00E3
    { 10, 17, 184, 0, 16, 43, 3050 }, // U+00E4
    { 10, 19, 184, 0, 18, 48, 3093 }, // U+00E5
    { 18, 13, 302, 0, 12, 59, 3141 }, // U+00E6
    { 11, 17, 187, 0, 12, 47, 3200 }, // U+00E7
    { 11, 17, 191, 0, 16, 47, 3247 }, // U+00E8
    { 11, 17, 191, 0, 16, 47, 3294 }, // U+00E9
    { 11, 17, 191, 0, 16, 47, 3341 }, // U+00EA
    { 11, 17, 191, 0, 16, 47, 3388 }, // U+00EB
    { 5, 16, 78, -1, 16, 20, 3435 }, // U+00EC
    { 5, 16, 78, 1, 16, 20, 3455 }, // U+00ED
    { 7, 16, 78, -1, 16, 28, 3475 }, // U+00EE
    { 7, 16, 78, -1, 16, 28, 3503 }, // U+00EF
    { 11, 18, 192, 0, 17, 50, 3531 }, // U+00F0
    { 10, 16, 194, 1, 16, 40, 3581 }, // U+00F1
    { 12, 17, 196, 0, 16, 51, 3621 }, // U+00F2
    { 12, 17, 196, 0, 16, 51, 3672 }, // U+00F3
    { 12, 17, 196, 0, 16, 51, 3723 }, // U+00F4
    { 12, 17, 196, 0, 16, 51, 3774 }, // U+00F5
    { 12, 17, 196, 0, 16, 51, 3825 }, // U+00F6
    { 10, 12, 218, 2, 12, 30, 3876 }, // U+00F7
    { 12, 13, 196, 0, 12, 39, 3906 }, // U+00F8
    { 10, 17, 194, 1, 16, 43, 3945 }, // U+00F9
    { 10, 17, 194, 1, 16, 43, 3988 }, // U+00FA
    { 10, 17, 194, 1, 16, 43, 4031 }, // U+00FB
    { 10, 17, 194, 1, 16, 43, 4074 }, // U+00FC
    { 11, 21, 184, 0, 16, 58, 4117 }, // U+00FD
    { 11, 21, 201, 1, 16, 58, 4175 }, // U+00FE
    { 11, 21, 184, 0, 16, 58, 4233 }, // U+00FF
    { 14, 19, 227, 0, 19, 67, 0 }, // U+0100
    { 10, 16, 184, 0, 15, 40, 67 }, // U+0101
    { 14, 20, 227, 0, 20, 70, 107 }, // U+0102
    { 10, 17, 184, 0, 16, 43, 177 }, // U+0103
    { 15, 21, 227, 0, 16, 79, 220 }, // U+0104
    { 11, 17, 184, 0, 12, 47, 299 }, // U+0105
    { 14, 21, 243, 1, 20, 74, 346 }, // U+0106
    { 11, 17, 187, 0, 16, 47, 420 }, // U+0107
    { 14, 21, 243, 1, 20, 74, 467 }, // U+0108
    { 11, 17, 187, 0, 16, 47, 541 }, // U+0109
    { 14, 21, 243, 1, 20, 74, 588 }, // U+010A
    { 11, 17, 187, 0, 16, 47, 662 }, // U+010B
    { 14, 21, 243, 1, 20, 74, 709 }, // U+010C
    { 11, 17, 187, 0, 16, 47, 783 }, // U+010D
    { 13, 20, 238, 1, 20, 65, 830 }, // U+010E
    { 15, 17, 233, 0, 16, 64, 895 }, // U+010F
    { 15, 16, 244, 0, 16, 60, 959 }, // U+0110
    { 13, 17, 201, 0, 16, 56, 1019 }, // U+0111
    { 11, 19, 199, 1, 19, 53, 1075 }, // U+0112
    { 11, 16, 191, 0, 15, 44, 1128 }, // U+0113
    { 11, 20, 199, 1, 20, 55, 1172 }, // U+0114
    { 11, 17, 191, 0, 16, 47, 1227 }, // U+0115
    { 11, 20, 199, 1, 20, 55, 1274 }, // U+0116
    { 11, 17, 191, 0, 16, 47, 1329 }, // U+0117
    { 11, 21, 199, 1, 16, 58, 1376 }, // U+0118
    { 11, 17, 191, 0, 12, 47, 1434 }, // U+0119
    { 11, 20, 199, 1, 20, 55, 1481 }, // U+011A
    { 11, 17, 191, 0, 16, 47, 1536 }, // U+011B
    { 14, 21, 247, 1, 20, 74, 1583 }, // U+011C
    { 12, 21, 201, 0, 16, 63, 1657 }, // U+011D
    { 14, 21, 247, 1, 20, 74, 1720 }, // U+011E
    { 12, 21, 201, 0, 16, 63, 1794 }, // U+011F
    { 14, 21, 247, 1, 20, 74, 1857 }, // U+0120
    { 12, 21, 201, 0, 16, 63, 1931 }, // U+0121
    { 14, 22, 247, 1, 16, 77, 1994 }, // U+0122
    { 12, 22, 201, 0, 17, 66, 2071 }, // U+0123
    { 13, 20, 245, 1, 20, 65, 2137 }, // U+0124
    { 12, 20, 194, -1, 20, 60, 2202 }, // U+0125
    { 16, 16, 255, 0, 16, 64, 2262 }, // U+0126
    { 11, 16, 194, 0, 16, 44, 2326 }, // U+0127
    { 7, 20, 87, -1, 20, 35, 2370 }, // U+0128
    { 7, 16, 78, -1, 16, 28, 2405 }, // U+0129
    { 7, 19, 87, -1, 19, 34, 2433 }, // U+012A
    { 7, 15, 78, -1, 15, 27, 2467 }, // U+012B
    { 7, 20, 87, -1, 20, 35, 2494 }, // U+012C
    { 7, 16, 78, -1, 16, 28, 2529 }, // U+012D
    { 5, 21, 87, 0, 16, 27, 2557 }, // U+012E
    { 5, 21, 78, -1, 16, 27, 2584 }, // U+012F
    { 3, 20, 87, 1, 20, 15, 2611 }, // U+0130
    { 3, 12, 78, 1, 12, 9, 2626 }, // U+0131
    { 15, 17, 274, 1, 16, 64, 2635 }, // U+0132
    { 8, 21, 156, 1, 16, 42, 2699 }, // U+0133
    { 13, 21, 188, 0, 20, 69, 2741 }, // U+0134
    { 7, 21, 78, -1, 16, 37, 2810 }, // U+0135
    { 13, 22, 221, 1, 16, 72, 2847 }, // U+0136
    { 11, 22, 180, 1, 16, 61, 2919 }, // U+0137
    { 10, 12, 172, 1, 12, 30, 2980 }, // U+0138
    { 10, 20, 186, 1, 20, 50, 3010 }, // U+0139
    { 5, 20, 78, 1, 20, 25, 3060 }, // U+013A
    { 10, 22, 186, 1, 16, 55, 3085 }, // U+013B
    { 4, 22, 78, 0, 16, 22, 3140 }, // U+013C
    { 10, 16, 186, 1, 16, 40, 3162 }, // U+013D
    { 6, 16, 111, 1, 16, 24, 3202 }, // U+013E
    { 10, 16, 185, 1, 16, 40, 3226 }, // U+013F
    { 7, 16, 117, 1, 16, 28, 3266 }, // U+0140
    { 12, 16, 196, 0, 16, 48, 3294 }, // U+0141
    { 7, 16, 78, -1, 16, 28, 3342 }, // U+0142
    { 13, 20, 248, 1, 20, 65, 3370 }, // U+0143
    { 10, 16, 194, 1, 16, 40, 3435 }, // U+0144
    { 13, 22, 248, 1, 16, 72, 3475 }, // U+0145
    { 10, 18, 194, 1, 12, 45, 3547 }, // U+0146
    { 13, 20, 248, 1, 20, 65, 3592 }, // U+0147
    { 10, 16, 194, 1, 16, 40, 3657 }, // U+0148
    { 13, 21, 248, 1, 16, 69, 3697 }, // U+014A
    { 10, 17, 194, 1, 12, 43, 3766 }, // U+014B
    { 14, 20, 254, 1, 19, 70, 3809 }, // U+014C
    { 12, 16, 196, 0, 15, 48, 3879 }, // U+014D
    { 14, 21, 254, 1, 20, 74, 3927 }, // U+014E
    { 12, 17, 196, 0, 16, 51, 4001 }, // U+014F
    { 14, 21, 254, 1, 20, 74, 4052 }, // U+0150
    { 12, 17, 196, 0, 16, 51, 4126 }, // U+0151
    { 19, 16, 334, 1, 16, 76, 4177 }, // U+0152
    { 20, 13, 328, 0, 12, 65, 4253 }, // U+0153
    { 12, 20, 214, 1, 20, 60, 4318 }, // U+0154
    { 7, 16, 121, 1, 16, 28, 4378 }, // U+0155
    { 12, 22, 214, 1, 16, 66, 4406 }, // U+0156
    { 8, 18, 121, 0, 12, 36, 4472 }, // U+0157
    { 12, 20, 214, 1, 20, 60, 4508 }, // U+0158
    { 8, 16, 121, 0, 16, 32, 4568 }, // U+0159
    { 12, 21, 212, 1, 20, 63, 4600 }, // U+015A
    { 9, 17, 172, 1, 16, 39, 4663 }, // U+015B
    { 12, 21, 212, 1, 20, 63, 4702 }, // U+015C
    { 9, 17, 172, 1, 16, 39, 4765 }, // U+015D
    { 12, 21, 212, 1, 16, 63, 4804 }, // U+015E
    { 9, 17, 172, 1, 12, 39, 4867 }, // U+015F
    { 12, 21, 212, 1, 20, 63, 4906 }, // U+0160
    { 9, 17, 172, 1, 16, 39, 4969 }, // U+0161
    { 13, 21, 213, 0, 16, 69, 5008 }, // U+0162
    { 7, 19, 108, 0, 14, 34, 5077 }, // U+0163
    { 13, 20, 213, 0, 20, 65, 5111 }, // U+0164
    { 7, 18, 124, 0, 17, 32, 5176 }, // U+0165
    { 13, 16, 213, 0, 16, 52, 5208 }, // U+0166
    { 7, 15, 108, 0, 14, 27, 5260 }, // U+0167
    { 13, 21, 245, 1, 20, 69, 5287 }, // U+0168
    { 10, 17, 194, 1, 16, 43, 5356 }, // U+0169
    { 13, 20, 245, 1, 19, 65, 5399 }, // U+016A
    { 10, 16, 194, 1, 15, 40, 5464 }, // U+016B
    { 13, 21, 245, 1, 20, 69, 5504 }, // U+016C
    { 10, 17, 194, 1, 16, 43, 5573 }, // U+016D
    { 13, 22, 245, 1, 21, 72, 5616 }, // U+016E
    { 10, 19, 194, 1, 18, 48, 5688 }, // U+016F
    { 13, 21, 245, 1, 20, 69, 5736 }, // U+0170
    { 10, 17, 194, 1, 16, 43, 5805 }, // U+0171
    { 13, 21, 245, 1, 16, 69, 5848 }, // U+0172
    { 11, 17, 194, 1, 12, 47, 5917 }, // U+0173
    { 20, 20, 326, 0, 20, 100, 5964 }, // U+0174
    { 17, 16, 268, 0, 16, 68, 6064 }, // U+0175
    { 14, 20, 224, 0, 20, 70, 6132 }, // U+0176
    { 11, 21, 184, 0, 16, 58, 6202 }, // U+0177
    { 14, 20, 224, 0, 20, 70, 6260 }, // U+0178
    { 11, 20, 208, 1, 20, 55, 6330 }, // U+0179
    { 9, 16, 179, 1, 16, 36, 6385 }, // U+017A
    { 11, 20, 208, 1, 20, 55, 6421 }, // U+017B
    { 9, 16, 179, 1, 16, 36, 6476 }, // U+017C
    { 11, 20, 208, 1, 20, 55, 6512 }, // U+017D
    { 9, 16, 179, 1, 16, 36, 6567 }, // U+017E
    { 6, 16, 100, 1, 16, 24, 6603 }, // U+017F
    { 24, 16, 417, 1, 16, 96, 0 }, // U+01C5
    { 23, 17, 379, 0, 16, 98, 96 }, // U+01C6
    { 21, 17, 374, 1, 16, 90, 194 }, // U+01C7
    { 15, 21, 264, 1, 16, 79, 284 }, // U+01C8
    { 8, 21, 156, 1, 16, 42, 363 }, // U+01C9
    { 25, 17, 435, 1, 16, 107, 405 }, // U+01CA
    { 19, 21, 326, 1, 16, 100, 512 }, // U+01CB
    { 15, 21, 272, 1, 16, 79, 612 }, // U+01CC
    { 14, 20, 227, 0, 20, 70, 691 }, // U+01CD
    { 10, 17, 184, 0, 16, 43, 761 }, // U+01CE
    { 7, 20, 87, -1, 20, 35, 804 }, // U+01CF
    { 7, 16, 78, -1, 16, 28, 839 }, // U+01D0
    { 14, 21, 254, 1, 20, 74, 867 }, // U+01D1
    { 12, 17, 196, 0, 16, 51, 941 }, // U+01D2
    { 13, 21, 245, 1, 20, 69, 992 }, // U+01D3
    { 10, 17, 194, 1, 16, 43, 1061 }, // U+01D4
    { 13, 23, 245, 1, 22, 75, 1104 }, // U+01D5
    { 10, 19, 194, 1, 18, 48, 1179 }, // U+01D6
    { 13, 24, 245, 1, 23, 78, 1227 }, // U+01D7
    { 10, 20, 194, 1, 19, 50, 1305 }, // U+01D8
    { 13, 24, 245, 1, 23, 78, 1355 }, // U+01D9
    { 10, 20, 194, 1, 19, 50, 1433 }, // U+01DA
    { 13, 24, 245, 1, 23, 78, 1483 }, // U+01DB
    { 10, 20, 194, 1, 19, 50, 1561 }, // U+01DC
    { 11, 13, 191, 0, 12, 36, 1611 }, // U+01DD
    { 14, 22, 227, 0, 22, 77, 1647 }, // U+01DE
    { 10, 19, 184, 0, 18, 48, 1724 }, // U+01DF
    { 14, 22, 227, 0, 22, 77, 1772 }, // U+01E0
    { 10, 19, 184, 0, 18, 48, 1849 }, // U+01E1
    { 20, 19, 329, 0, 19, 95, 1897 }, // U+01E2
    { 18, 16, 302, 0, 15, 72, 1992 }, // U+01E3
    { 14, 17, 247, 1, 16, 60, 2064 }, // U+01E4
    { 14, 17, 221, 0, 12, 60, 2124 }, // U+01E5
    { 14, 21, 247, 1, 20, 74, 2184 }, // U+01E6
    { 12, 21, 201, 0, 16, 63, 2258 }, // U+01E7
    { 13, 20, 221, 1, 20, 65, 2321 }, // U+01E8
    { 13, 20, 180, -1, 20, 65, 2386 }, // U+01E9
    { 14, 21, 254, 1, 16, 74, 2451 }, // U+01EA
    { 12, 17, 196, 0, 12, 51, 2525 }, // U+01EB
    { 14, 24, 254, 1, 19, 84, 2576 }, // U+01EC
    { 12, 20, 196, 0, 15, 60, 2660 }, // U+01ED
    { 13, 25, 225, 0, 20, 82, 2720 }, // U+01EE
    { 11, 21, 205, 1, 16, 58, 2802 }, // U+01EF
    { 7, 21, 78, -1, 16, 37, 2860 }, // U+01F0
    { 26, 16, 447, 1, 16, 104, 2897 }, // U+01F1
    { 24, 16, 417, 1, 16, 96, 3001 }, // U+01F2
    { 23, 17, 379, 0, 16, 98, 3097 }, // U+01F3
    { 14, 21, 247, 1, 20, 74, 3195 }, // U+01F4
    { 12, 21, 201, 0, 16, 63, 3269 }, // U+01F5
    { 21, 17, 367, 1, 16, 90, 3332 }, // U+01F6
    { 11, 21, 209, 1, 16, 58, 3422 }, // U+01F7
    { 13, 20, 248, 1, 20, 65, 3480 }, // U+01F8
    { 10, 16, 194, 1, 16, 40, 3545 }, // U+01F9
    { 14, 24, 227, 0, 24, 84, 3585 }, // U+01FA
    { 10, 21, 184, 0, 20, 53, 3669 }, // U+01FB
    { 20, 20, 329, 0, 20, 100, 3722 }, // U+01FC
    { 18, 17, 302, 0, 16, 77, 3822 }, // U+01FD
    { 14, 21, 254, 1, 20, 74, 3899 }, // U+01FE
    { 12, 17, 196, 0, 16, 51, 3973 }, // U+01FF
    { 14, 20, 227, 0, 20, 70, 4024 }, // U+0200
    { 10, 17, 184, 0, 16, 43, 4094 }, // U+0201
    { 14, 20, 227, 0, 20, 70, 4137 }, // U+0202
    { 10, 17, 184, 0, 16, 43, 4207 }, // U+0203
    { 11, 20, 199, 1, 20, 55, 4250 }, // U+0204
    { 11, 17, 191, 0, 16, 47, 4305 }, // U+0205
    { 11, 20, 199, 1, 20, 55, 4352 }, // U+0206
    { 11, 17, 191, 0, 16, 47, 4407 }, // U+0207
    { 8, 20, 87, -2, 20, 40, 4454 }, // U+0208
    { 8, 16, 78, -3, 16, 32, 4494 }, // U+0209
    { 7, 20, 87, -1, 20, 35, 4526 }, // U+020A
    { 7, 16, 78, -1, 16, 28, 4561 }, // U+020B
    { 14, 21, 254, 1, 20, 74, 4589 }, // U+020C
    { 12, 17, 196, 0, 16, 51, 4663 }, // U+020D
    { 14, 21, 254, 1, 20, 74, 4714 }, // U+020E
    { 12, 17, 196, 0, 16, 51, 4788 }, // U+020F
    { 12, 20, 214, 1, 20, 60, 4839 }, // U+0210
    { 9, 16, 121, -1, 16, 36, 4899 }, // U+0211
    { 12, 20, 214, 1, 20, 60, 4935 }, // U+0212
    { 7, 16, 121, 1, 16, 28, 4995 }, // U+0213
    { 13, 21, 245, 1, 20, 69, 5023 }, // U+0214
    { 10, 17, 194, 1, 16, 43, 5092 }, // U+0215
    { 13, 21, 245, 1, 20, 69, 5135 }, // U+0216
    { 10, 17, 194, 1, 16, 43, 5204 }, // U+0217
    { 12, 22, 212, 1, 16, 66, 5247 }, // U+0218
    { 9, 18, 172, 1, 12, 41, 5313 }, // U+0219
    { 13, 22, 213, 0, 16, 72, 5354 }, // U+021A
    { 7, 20, 108, 0, 14, 35, 5426 }, // U+021B
    { 11, 21, 209, 1, 16, 58, 5461 }, // U+021C
    { 9, 17, 179, 1, 12, 39, 5519 }, // U+021D
    { 13, 20, 245, 1, 20, 65, 5558 }, // U+021E
    { 12, 20, 194, -1, 20, 60, 5623 }, // U+021F
    { 4, 4, 0, 1, 16, 4, 0 }, // U+0300
    { 4, 4, 0, 1, 16, 4, 4 }, // U+0301
    { 7, 4, 0, 1, 16, 7, 8 }, // U+0302
    { 7, 3, 0, 2, 16, 6, 15 }, // U+0303
    { 6, 2, 0, 2, 15, 3, 21 }, // U+0304
    { 6, 4, 0, 1, 16, 6, 24 }, // U+0306
    { 3, 3, 0, 1, 16, 3, 30 }, // U+0307
    { 8, 3, 0, 2, 16, 6, 33 }, // U+0308
    { 4, 4, 0, 1, 16, 4, 39 }, // U+0309
    { 6, 7, 0, 0, 18, 11, 43 }, // U+030A
    { 7, 4, 0, 1, 16, 7, 54 }, // U+030C
    { 8, 4, 0, 1, 16, 8, 61 }, // U+030F
    { 4, 7, 0, 4, 11, 7, 69 }, // U+0313
    { 4, 7, 0, 4, 11, 7, 76 }, // U+0315
    { 4, 5, 0, -5, 15, 5, 83 }, // U+031B
    { 3, 3, 78, 1, -1, 3, 88 }, // U+0323
    { 4, 5, 0, -9, -1, 5, 91 }, // U+0326
    { 5, 6, 0, 1, 1, 8, 96 }, // U+0327
    { 5, 6, 0, 0, 1, 8, 104 }, // U+0328
    { 7, 4, 0, 1, -1, 7, 112 }, // U+032C
    { 9, 15, 0, -11, 13, 34, 119 }, // U+0337
    { 12, 17, 0, -12, 16, 51, 153 }, // U+0338
    { 7, 3, 0, -9, 16, 6, 204 }, // U+0342
    { 4, 5, 0, 0, 13, 5, 210 }, // U+0343
    { 8, 5, 0, -10, 17, 10, 215 }, // U+0346
    { 7, 5, 0, -10, -3, 9, 225 }, // U+0347
    { 5, 5, 0, -8, -1, 7, 234 }, // U+0348
    { 5, 5, 0, -8, -1, 7, 241 }, // U+0349
    { 8, 5, 0, -10, 17, 10, 248 }, // U+034A
    { 9, 8, 0, -11, 19, 18, 258 }, // U+034B
    { 8, 5, 0, -10, 17, 10, 276 }, // U+034C
    { 10, 5, 0, -11, -1, 13, 286 }, // U+034D
    { 6, 6, 0, -9, 0, 9, 299 }, // U+034E
    { 0, 0, 0, 0, 0, 0, 308 }, // U+034F
    { 9, 8, 0, -10, 21, 18, 308 }, // U+0350
    { 3, 5, 0, -7, 16, 4, 326 }, // U+0351
    { 8, 7, 0, -10, 18, 14, 330 }, // U+0352
    { 6, 6, 0, -8, 0, 9, 344 }, // U+0353
    { 6, 6, 0, -8, 0, 9, 353 }, // U+0354
    { 6, 6, 0, -8, 0, 9, 362 }, // U+0355
    { 12, 6, 0, -10, 0, 18, 371 }, // U+0356
    { 4, 7, 0, 0, 18, 7, 389 }, // U+0357
    { 3, 3, 0, 1, 16, 3, 396 }, // U+0358
    { 6, 6, 0, -9, 0, 9, 399 }, // U+0359
    { 9, 5, 0, -10, 0, 12, 408 }, // U+035A
    { 5, 5, 0, -8, 17, 7, 420 }, // U+035B
    { 16, 4, 0, -8, 0, 16, 427 }, // U+035C
    { 16, 4, 0, -8, 16, 16, 443 }, // U+035D
    { 14, 3, 0, -13, 16, 11, 459 }, // U+035E
    { 14, 3, 0, -13, -1, 11, 470 }, // U+035F
    { 20, 4, 0, -10, 16, 20, 481 }, // U+0360
    { 16, 4, 0, -8, 16, 16, 501 }, // U+0361
    { 17, 5, 0, -8, -1, 22, 517 }, // U+0362
    { 6, 6, 0, -9, 18, 9, 539 }, // U+0363
    { 6, 6, 0, -9, 18, 9, 548 }, // U+0364
    { 2, 8, 0, -7, 20, 4, 557 }, // U+0365
    { 6, 6, 0, -9, 18, 9, 561 }, // U+0366
    { 6, 6, 0, -9, 18, 9, 570 }, // U+0367
    { 6, 6, 0, -9, 18, 9, 579 }, // U+0368
    { 6, 9, 0, -9, 21, 14, 588 }, // U+0369
    { 6, 9, 0, -9, 21, 14, 602 }, // U+036A
    { 9, 6, 0, -10, 18, 14, 616 }, // U+036B
    { 4, 6, 0, -8, 18, 6, 630 }, // U+036C
    { 4, 8, 0, 0, 20, 8, 636 }, // U+036D
    { 6, 6, 0, -9, 18, 9, 644 }, // U+036E
    { 6, 6, 0, -8, 18, 9, 653 }, // U+036F
    { 0, 0, 182, 0, 0, 0, 0 }, // U+2000
    { 0, 0, 364, 0, 0, 0, 0 }, // U+2001
    { 0, 0, 167, 0, 0, 0, 0 }, // U+2002
    { 0, 0, 333, 0, 0, 0, 0 }, // U+2003
    { 0, 0, 111, 0, 0, 0, 0 }, // U+2004
    { 0, 0, 83, 0, 0, 0, 0 }, // U+2005
    { 0, 0, 55, 0, 0, 0, 0 }, // U+2006
    { 0, 0, 216, 0, 0, 0, 0 }, // U+2007
    { 0, 0, 91, 0, 0, 0, 0 }, // U+2008
    { 0, 0, 58, 0, 0, 0, 0 }, // U+2009
    { 0, 0, 28, 0, 0, 0, 0 }, // U+200A
    { 0, 0, 0, 0, 0, 0, 0 }, // U+200B
    { 7, 3, 117, 0, 8, 6, 0 }, // U+2010
    { 7, 3, 117, 0, 8, 6, 6 }, // U+2011
    { 13, 3, 216, 0, 8, 10, 12 }, // U+2012
    { 11, 3, 167, 0, 8, 9, 22 }, // U+2013
    { 21, 3, 333, 0, 8, 16, 31 }, // U+2014
    { 21, 3, 333, 0, 8, 16, 47 }, // U+2015
    { 6, 26, 157, 2, 21, 39, 63 }, // U+2016
    { 11, 5, 149, -1, 0, 14, 102 }, // U+2017
    { 4, 7, 82, 1, 16, 7, 116 }, // U+2018
    { 4, 7, 82, 1, 16, 7, 123 }, // U+2019
    { 3, 7, 76, 1, 3, 6, 130 }, // U+201A
    { 4, 7, 82, 0, 16, 7, 136 }, // U+201B
    { 7, 7, 139, 1, 16, 13, 143 }, // U+201C
    { 7, 7, 139, 1, 16, 13, 156 }, // U+201D
    { 7, 7, 133, 1, 3, 13, 169 }, // U+201E
    { 8, 7, 139, 0, 16, 14, 182 }, // U+201F
    { 8, 13, 161, 1, 16, 26, 196 }, // U+2020
    { 8, 16, 161, 1, 16, 32, 222 }, // U+2021
    { 7, 8, 183, 2, 10, 14, 254 }, // U+2022
    { 6, 8, 183, 3, 10, 12, 268 }, // U+2023
    { 4, 4, 91, 1, 3, 4, 280 }, // U+2024
    { 9, 4, 182, 1, 3, 9, 284 }, // U+2025
    { 15, 4, 273, 1, 3, 15, 293 }, // U+2026
    { 4, 4, 91, 1, 9, 4, 308 }, // U+2027
    { 0, 0, 58, 0, 0, 0, 312 }, // U+202F
    { 23, 17, 433, 2, 16, 98, 312 }, // U+2030
    { 31, 17, 550, 2, 16, 132, 410 }, // U+2031
    { 4, 7, 72, 0, 16, 7, 542 }, // U+2032
    { 8, 7, 143, 0, 16, 14, 549 }, // U+2033
    { 13, 7, 213, 0, 16, 23, 563 }, // U+2034
    { 4, 7, 72, 0, 16, 7, 586 }, // U+2035
    { 8, 7, 143, 0, 16, 14, 593 }, // U+2036
    { 13, 7, 213, 0, 16, 23, 607 }, // U+2037
    { 9, 6, 149, 0, 0, 14, 630 }, // U+2038
    { 7, 10, 124, 0, 11, 18, 644 }, // U+2039
    { 7, 10, 124, 0, 11, 18, 662 }, // U+203A
    { 13, 12, 210, 0, 13, 39, 680 }, // U+203B
    { 9, 17, 182, 1, 16, 39, 719 }, // U+203C
    { 10, 17, 168, 0, 16, 43, 758 }, // U+203D
    { 11, 2, 178, 0, 18, 6, 801 }, // U+203E
    { 17, 4, 270, 0, -1, 17, 807 }, // U+203F
    { 17, 4, 270, 0, 16, 17, 824 }, // U+2040
    { 9, 12, 148, 0, 6, 27, 841 }, // U+2041
    { 13, 13, 239, 1, 14, 43, 868 }, // U+2042
    { 7, 2, 183, 2, 7, 4, 911 }, // U+2043
    { 13, 16, 59, -5, 16, 52, 915 }, // U+2044
    { 5, 20, 117, 2, 17, 25, 967 }, // U+2045
    { 5, 20, 117, 1, 17, 25, 992 }, // U+2046
    { 21, 17, 343, 0, 16, 90, 1017 }, // U+2047
    { 15, 17, 262, 0, 16, 64, 1107 }, // U+2048
    { 15, 17, 262, 1, 16, 64, 1171 }, // U+2049
    { 9, 17, 144, 0, 12, 39, 1235 }, // U+204A
    { 11, 16, 198, 1, 16, 44, 1274 }, // U+204B
    { 10, 10, 195, 1, 11, 25, 1318 }, // U+204C
    { 10, 10, 195, 1, 11, 25, 1343 }, // U+204D
    { 9, 10, 165, 1, 8, 23, 1368 }, // U+204E
    { 4, 15, 95, 1, 11, 15, 1391 }, // U+204F
    { 17, 21, 268, 0, 16, 90, 1406 }, // U+2050
    { 9, 20, 178, 2, 16, 45, 1496 }, // U+2051
    { 13, 16, 238, 1, 16, 52, 1541 }, // U+2052
    { 13, 5, 239, 1, 10, 17, 1593 }, // U+2053
    { 17, 4, 270, 0, -1, 17, 1610 }, // U+2054
    { 9, 9, 180, 1, 10, 21, 1627 }, // U+2055
    { 17, 7, 284, 0, 16, 30, 1648 }, // U+2057
    { 0, 0, 91, 0, 0, 0, 1678 }, // U+205F
    { 9, 10, 150, 0, 18, 23, 0 }, // U+2070
    { 2, 9, 64, 1, 18, 5, 23 }, // U+2071
    { 9, 9, 149, 0, 18, 21, 28 }, // U+2074
    { 8, 10, 143, 1, 18, 20, 49 }, // U+2075
    { 9, 10, 144, 0, 18, 23, 69 }, // U+2076
    { 8, 9, 132, 0, 18, 18, 92 }, // U+2077
    { 9, 10, 146, 0, 18, 23, 110 }, // U+2078
    { 9, 10, 144, 0, 18, 23, 133 }, // U+2079
    { 7, 6, 142, 1, 16, 11, 156 }, // U+207A
    { 7, 2, 142, 1, 14, 4, 167 }, // U+207B
    { 7, 5, 142, 1, 15, 9, 171 }, // U+207C
    { 4, 11, 86, 1, 18, 11, 180 }, // U+207D
    { 4, 11, 86, 0, 18, 11, 191 }, // U+207E
    { 7, 7, 141, 1, 16, 13, 202 }, // U+207F
    { 9, 10, 150, 0, 6, 23, 215 }, // U+2080
    { 5, 9, 98, 0, 6, 12, 238 }, // U+2081
    { 7, 9, 143, 1, 6, 16, 250 }, // U+2082
    { 8, 10, 145, 1, 6, 20, 266 }, // U+2083
    { 9, 9, 149, 0, 6, 21, 286 }, // U+2084
    { 8, 10, 143, 1, 6, 20, 307 }, // U+2085
    { 9, 10, 144, 0, 6, 23, 327 }, // U+2086
    { 8, 9, 132, 0, 6, 18, 350 }, // U+2087
    { 9, 10, 146, 0, 6, 23, 368 }, // U+2088
    { 9, 10, 144, 0, 6, 23, 391 }, // U+2089
    { 7, 6, 142, 1, 4, 11, 414 }, // U+208A
    { 7, 2, 142, 1, 2, 4, 425 }, // U+208B
    { 7, 5, 142, 1, 3, 9, 429 }, // U+208C
    { 4, 11, 86, 1, 6, 11, 438 }, // U+208D
    { 4, 11, 86, 0, 6, 11, 449 }, // U+208E
    { 8, 8, 131, 0, 4, 16, 460 }, // U+2090
    { 8, 8, 135, 0, 4, 16, 476 }, // U+2091
    { 8, 8, 138, 0, 4, 16, 492 }, // U+2092
    { 8, 7, 130, 0, 4, 14, 508 }, // U+2093
    { 8, 9, 148, 1, 4, 18, 522 }, // U+2094
    { 7, 9, 141, 1, 6, 16, 540 }, // U+2095
    { 7, 9, 129, 1, 6, 16, 556 }, // U+2096
    { 2, 9, 64, 1, 6, 5, 572 }, // U+2097
    { 11, 7, 203, 1, 4, 20, 577 }, // U+2098
    { 7, 7, 141, 1, 4, 13, 597 }, // U+2099
    { 8, 10, 142, 1, 4, 20, 610 }, // U+209A
    { 8, 8, 126, 0, 4, 16, 630 }, // U+209B
    { 5, 9, 82, 0, 5, 12, 646 }, // U+209C
    { 13, 17, 240, 1, 16, 56, 0 }, // U+20A0
    { 14, 20, 243, 1, 18, 70, 56 }, // U+20A1
    { 13, 17, 241, 1, 16, 56, 126 }, // U+20A2
    { 13, 16, 200, -1, 16, 52, 182 }, // U+20A3
    { 11, 16, 201, 1, 16, 44, 234 }, // U+20A4
    { 16, 16, 283, 1, 14, 64, 278 }, // U+20A5
    { 16, 16, 254, 0, 16, 64, 342 }, // U+20A6
    { 19, 17, 314, 1, 16, 81, 406 }, // U+20A7
    { 22, 17, 370, 1, 16, 94, 487 }, // U+20A8
    { 20, 16, 315, 0, 16, 80, 581 }, // U+20A9
    { 15, 12, 269, 1, 12, 45, 661 }, // U+20AA
    { 13, 20, 201, 0, 16, 65, 706 }, // U+20AB
    { 13, 17, 220, 0, 16, 56, 771 }, // U+20AC
    { 15, 16, 234, 0, 16, 60, 827 }, // U+20AD
    { 13, 16, 213, 0, 16, 52, 887 }, // U+20AE
    { 28, 23, 458, 0, 18, 161, 939 }, // U+20AF
    { 14, 16, 219, 0, 16, 56, 1100 }, // U+20B1
    { 14, 21, 247, 1, 18, 74, 1156 }, // U+20B2
    { 14, 16, 227, 0, 16, 56, 1230 }, // U+20B3
    { 11, 17, 208, 1, 16, 47, 1286 }, // U+20B4
    { 14, 21, 243, 1, 18, 74, 1333 }, // U+20B5
    { 13, 16, 213, 0, 16, 52, 1407 }, // U+20B8
    { 11, 16, 178, 0, 16, 44, 1459 }, // U+20B9
    { 12, 17, 195, 0, 16, 51, 1503 }, // U+20BA
    { 13, 12, 240, 1, 12, 39, 1554 }, // U+20BC
    { 14, 16, 231, 0, 16, 56, 1593 }, // U+20BD
    { 13, 16, 239, 1, 16, 52, 1649 }, // U+20BE
    { 12, 20, 217, 1, 18, 60, 1701 }, // U+20BF
    { 17, 14, 316, 1, 14, 60, 0 }, // U+2190
    { 15, 16, 276, 1, 16, 60, 60 }, // U+2191
    { 16, 14, 316, 2, 14, 56, 120 }, // U+2192
    { 15, 17, 276, 1, 16, 64, 176 }, // U+2193
    { 25, 14, 445, 1, 14, 88, 240 }, // U+2194
    { 15, 25, 276, 1, 19, 94, 328 }, // U+2195
    { 12, 13, 255, 2, 12, 39, 422 }, // U+2196
    { 12, 13, 255, 2, 12, 39, 461 }, // U+2197
    { 12, 12, 255, 2, 12, 36, 500 }, // U+2198
    { 12, 12, 255, 2, 12, 36, 536 }, // U+2199
    { 21, 16, 379, 1, 16, 84, 572 }, // U+21A9
    { 21, 16, 379, 1, 16, 84, 656 }, // U+21AA
    { 18, 16, 327, 1, 16, 72, 740 }, // U+21B0
    { 17, 16, 327, 2, 16, 68, 812 }, // U+21B1
    { 17, 14, 327, 2, 16, 60, 880 }, // U+21B3
    { 14, 17, 275, 2, 16, 60, 940 }, // U+21B4
    { 18, 14, 327, 1, 16, 63, 1000 }, // U+21B5
    { 16, 19, 316, 2, 19, 76, 1063 }, // U+21BA
    { 16, 19, 316, 2, 19, 76, 1139 }, // U+21BB
    { 17, 15, 316, 1, 14, 64, 1215 }, // U+21D0
    { 16, 15, 316, 2, 14, 60, 1279 }, // U+21D2
    { 25, 15, 445, 1, 14, 94, 1339 }, // U+21D4
    { 10, 16, 200, 1, 16, 40, 1433 }, // U+21DE
    { 10, 17, 200, 1, 16, 43, 1473 }, // U+21DF
    { 19, 9, 336, 1, 12, 43, 1516 }, // U+21E4
    { 19, 9, 336, 1, 12, 43, 1559 }, // U+21E5
    { 19, 17, 341, 1, 17, 81, 1602 }, // U+21E7
    { 19, 21, 341, 1, 17, 100, 1683 }, // U+21EA
    { 11, 17, 209, 1, 16, 47, 0 }, // U+2202
    { 14, 13, 226, 0, 12, 46, 47 }, // U+2205
    { 14, 16, 224, 0, 16, 56, 93 }, // U+2206
    { 13, 19, 238, 1, 16, 62, 149 }, // U+220F
    { 13, 19, 209, 0, 16, 62, 211 }, // U+2211
    { 10, 2, 218, 2, 7, 5, 273 }, // U+2212
    { 13, 16, 207, 0, 16, 52, 278 }, // U+221A
    { 19, 9, 309, 0, 11, 43, 330 }, // U+221E
    { 9, 22, 120, -1, 17, 50, 373 }, // U+222B
    { 4, 12, 91, 1, 13, 12, 423 }, // U+2236
    { 12, 10, 218, 1, 11, 30, 435 }, // U+2248
    { 10, 12, 218, 2, 12, 30, 465 }, // U+2260
    { 10, 12, 218, 2, 12, 30, 495 }, // U+2264
    { 10, 12, 218, 2, 12, 30, 525 }, // U+2265
    { 29, 29, 463, 0, 22, 211, 555 }, // U+2295
    { 29, 29, 463, 0, 22, 211, 766 }, // U+2296
    { 29, 29, 463, 0, 22, 211, 977 }, // U+2297
    { 29, 29, 463, 0, 22, 211, 1188 }, // U+2298
};

static const EpdUnicodeInterval inter_10_regularIntervals[] = {
    { 0x0, 0x0, 0x0 },
    { 0x20, 0x7E, 0x1 },
    { 0xA0, 0xAC, 0x60 },
    { 0xAE, 0xFF, 0x6D },
    { 0x100, 0x148, 0xBF },
    { 0x14A, 0x17F, 0x108 },
    { 0x1C5, 0x21F, 0x13E },
    { 0x300, 0x304, 0x199 },
    { 0x306, 0x30A, 0x19E },
    { 0x30C, 0x30C, 0x1A3 },
    { 0x30F, 0x30F, 0x1A4 },
    { 0x313, 0x313, 0x1A5 },
    { 0x315, 0x315, 0x1A6 },
    { 0x31B, 0x31B, 0x1A7 },
    { 0x323, 0x323, 0x1A8 },
    { 0x326, 0x328, 0x1A9 },
    { 0x32C, 0x32C, 0x1AC },
    { 0x337, 0x338, 0x1AD },
    { 0x342, 0x343, 0x1AF },
    { 0x346, 0x36F, 0x1B1 },
    { 0x2000, 0x200B, 0x1DB },
    { 0x2010, 0x2027, 0x1E7 },
    { 0x202F, 0x2055, 0x1FF },
    { 0x2057, 0x2057, 0x226 },
    { 0x205F, 0x205F, 0x227 },
    { 0x2070, 0x2071, 0x228 },
    { 0x2074, 0x208E, 0x22A },
    { 0x2090, 0x209C, 0x245 },
    { 0x20A0, 0x20AF, 0x252 },
    { 0x20B1, 0x20B5, 0x262 },
    { 0x20B8, 0x20BA, 0x267 },
    { 0x20BC, 0x20BF, 0x26A },
    { 0x2190, 0x2199, 0x26E },
    { 0x21A9, 0x21AA, 0x278 },
    { 0x21B0, 0x21B1, 0x27A },
    { 0x21B3, 0x21B5, 0x27C },
    { 0x21BA, 0x21BB, 0x27F },
    { 0x21D0, 0x21D0, 0x281 },
    { 0x21D2, 0x21D2, 0x282 },
    { 0x21D4, 0x21D4, 0x283 },
    { 0x21DE, 0x21DF, 0x284 },
    { 0x21E4, 0x21E5, 0x286 },
    { 0x21E7, 0x21E7, 0x288 },
    { 0x21EA, 0x21EA, 0x289 },
    { 0x2202, 0x2202, 0x28A },
    { 0x2205, 0x2206, 0x28B },
    { 0x220F, 0x220F, 0x28D },
    { 0x2211, 0x2212, 0x28E },
    { 0x221A, 0x221A, 0x290 },
    { 0x221E, 0x221E, 0x291 },
    { 0x222B, 0x222B, 0x292 },
    { 0x2236, 0x2236, 0x293 },
    { 0x2248, 0x2248, 0x294 },
    { 0x2260, 0x2260, 0x295 },
    { 0x2264, 0x2265, 0x296 },
    { 0x2295, 0x2298, 0x298 },
};

static const EpdFontGroup inter_10_regularGroups[] = {
    { 0, 2037, 4082, 96, 0 },
    { 2037, 1923, 4866, 95, 96 },
    { 3960, 2202, 7513, 127, 191 },
    { 6162, 2140, 6366, 91, 318 },
    { 8302, 558, 775, 66, 409 },
    { 8860, 1049, 1945, 77, 475 },
    { 9909, 381, 759, 42, 552 },
    { 10290, 1145, 1954, 28, 594 },
    { 11435, 822, 1937, 28, 622 },
    { 12257, 620, 1578, 18, 650 },
};

static const EpdKernClassEntry inter_10_regularKernLeftClasses[] = {
    { 0x0022, 1 }, // "
    { 0x0024, 2 }, // $
    { 0x0025, 3 }, // %
    { 0x0026, 4 }, // &
    { 0x0027, 1 }, // '
    { 0x0028, 5 }, // (
    { 0x0029, 6 }, // )
    { 0x002A, 7 }, // *
    { 0x002B, 8 }, // +
    { 0x002C, 9 }, // ,
    { 0x002D, 8 }, // -
    { 0x002E, 9 }, // .
    { 0x002F, 10 }, // /
    { 0x0030, 11 }, // 0
    { 0x0031, 12 }, // 1
    { 0x0032, 13 }, // 2
    { 0x0033, 14 }, // 3
    { 0x0034, 15 }, // 4
    { 0x0035, 16 }, // 5
    { 0x0036, 17 }, // 6
    { 0x0037, 18 }, // 7
    { 0x0038, 14 }, // 8
    { 0x0039, 11 }, // 9
    { 0x003A, 19 }, // :
    { 0x003B, 19 }, // ;
    { 0x003D, 20 }, // =
    { 0x003E, 21 }, // >
    { 0x003F, 22 }, // ?
    { 0x0040, 23 }, // @
    { 0x0041, 24 }, // A
    { 0x0042, 25 }, // B
    { 0x0043, 26 }, // C
    { 0x0044, 23 }, // D
    { 0x0045, 27 }, // E
    { 0x0046, 28 }, // F
    { 0x0047, 29 }, // G
    { 0x0048, 12 }, // H
    { 0x0049, 12 }, // I
    { 0x004A, 30 }, // J
    { 0x004B, 31 }, // K
    { 0x004C, 32 }, // L
    { 0x004D, 12 }, // M
    { 0x004E, 12 }, // N
    { 0x004F, 23 }, // O
    { 0x0050, 33 }, // P
    { 0x0051, 23 }, // Q
    { 0x0052, 34 }, // R
    { 0x0053, 2 }, // S
    { 0x0054, 35 }, // T
    { 0x0055, 30 }, // U
    { 0x0056, 36 }, // V
    { 0x0057, 37 }, // W
    { 0x0058, 38 }, // X
    { 0x0059, 39 }, // Y
    { 0x005A, 40 }, // Z
    { 0x005B, 41 }, // [
    { 0x005C, 42 }, // <backslash>
    { 0x005D, 6 }, // ]
    { 0x005E, 7 }, // ^
    { 0x005F, 43 }, // _
    { 0x0061, 44 }, // a
    { 0x0062, 45 }, // b
    { 0x0063, 45 }, // c
    { 0x0064, 12 }, // d
    { 0x0065, 45 }, // e
    { 0x0066, 46 }, // f
    { 0x0067, 47 }, // g
    { 0x0068, 44 }, // h
    { 0x0069, 48 }, // i
    { 0x006A, 48 }, // j
    { 0x006B, 49 }, // k
    { 0x006C, 12 }, // l
    { 0x006D, 44 }, // m
    { 0x006E, 44 }, // n
    { 0x006F, 45 }, // o
    { 0x0070, 45 }, // p
    { 0x0071, 47 }, // q
    { 0x0072, 50 }, // r
    { 0x0073, 51 }, // s
    { 0x0074, 52 }, // t
    { 0x0075, 53 }, // u
    { 0x0076, 54 }, // v
    { 0x0077, 55 }, // w
    { 0x0078, 56 }, // x
    { 0x0079, 54 }, // y
    { 0x007A, 57 }, // z
    { 0x007B, 5 }, // {
    { 0x007C, 12 }, // |
    { 0x007D, 6 }, // }
    { 0x007E, 58 }, // ~
    { 0x00A1, 59 }, // U+00A1
    { 0x00A2, 45 }, // U+00A2
    { 0x00A5, 60 }, // U+00A5
    { 0x00A9, 23 }, // U+00A9
    { 0x00AA, 61 }, // U+00AA
    { 0x00AB, 62 }, // U+00AB
    { 0x00AC, 47 }, // U+00AC
    { 0x00AE, 63 }, // U+00AE
    { 0x00B0, 7 }, // U+00B0
    { 0x00B1, 20 }, // U+00B1
    { 0x00B2, 64 }, // U+00B2
    { 0x00B5, 65 }, // U+00B5
    { 0x00B6, 12 }, // U+00B6
    { 0x00B7, 66 }, // U+00B7
    { 0x00BA, 61 }, // U+00BA
    { 0x00BB, 67 }, // U+00BB
    { 0x00BF, 68 }, // U+00BF
    { 0x00C0, 24 }, // U+00C0
    { 0x00C1, 24 }, // U+00C1
    { 0x00C2, 24 }, // U+00C2
    { 0x00C3, 24 }, // U+00C3
    { 0x00C4, 24 }, // U+00C4
    { 0x00C5, 24 }, // U+00C5
    { 0x00C6, 27 }, // U+00C6
    { 0x00C7, 26 }, // U+00C7
    { 0x00C8, 27 }, // U+00C8
    { 0x00C9, 27 }, // U+00C9
    { 0x00CA, 27 }, // U+00CA
    { 0x00CB, 27 }, // U+00CB
    { 0x00CC, 12 }, // U+00CC
    { 0x00CD, 12 }, // U+00CD
    { 0x00CE, 69 }, // U+00CE
    { 0x00CF, 69 }, // U+00CF
    { 0x00D0, 23 }, // U+00D0
    { 0x00D1, 12 }, // U+00D1
    { 0x00D2, 23 }, // U+00D2
    { 0x00D3, 23 }, // U+00D3
    { 0x00D4, 23 }, // U+00D4
    { 0x00D5, 23 }, // U+00D5
    { 0x00D6, 23 }, // U+00D6
    { 0x00D7, 70 }, // U+00D7
    { 0x00D8, 23 }, // U+00D8
    { 0x00D9, 30 }, // U+00D9
    { 0x00DA, 30 }, // U+00DA
    { 0x00DB, 30 }, // U+00DB
    { 0x00DC, 30 }, // U+00DC
    { 0x00DD, 39 }, // U+00DD
    { 0x00DE, 71 }, // U+00DE
    { 0x00DF, 72 }, // U+00DF
    { 0x00E0, 44 }, // U+00E0
    { 0x00E1, 44 }, // U+00E1
    { 0x00E2, 44 }, // U+00E2
    { 0x00E3, 44 }, // U+00E3
    { 0x00E4, 44 }, // U+00E4
    { 0x00E5, 44 }, // U+00E5
    { 0x00E6, 73 }, // U+00E6
    { 0x00E7, 45 }, // U+00E7
    { 0x00E8, 45 }, // U+00E8
    { 0x00E9, 45 }, // U+00E9
    { 0x00EA, 45 }, // U+00EA
    { 0x00EB, 45 }, // U+00EB
    { 0x00EC, 48 }, // U+00EC
    { 0x00ED, 48 }, // U+00ED
    { 0x00EE, 74 }, // U+00EE
    { 0x00EF, 75 }, // U+00EF
    { 0x00F0, 45 }, // U+00F0
    { 0x00F1, 76 }, // U+00F1
    { 0x00F2, 45 }, // U+00F2
    { 0x00F3, 45 }, // U+00F3
    { 0x00F4, 45 }, // U+00F4
    { 0x00F5, 77 }, // U+00F5
    { 0x00F6, 77 }, // U+00F6
    { 0x00F7, 8 }, // U+00F7
    { 0x00F8, 45 }, // U+00F8
    { 0x00F9, 53 }, // U+00F9
    { 0x00FA, 53 }, // U+00FA
    { 0x00FB, 53 }, // U+00FB
    { 0x00FC, 53 }, // U+00FC
    { 0x00FD, 54 }, // U+00FD
    { 0x00FE, 45 }, // U+00FE
    { 0x00FF, 54 }, // U+00FF
    { 0x0100, 24 }, // U+0100
    { 0x0101, 78 }, // U+0101
    { 0x0102, 24 }, // U+0102
    { 0x0103, 44 }, // U+0103
    { 0x0104, 24 }, // U+0104
    { 0x0105, 44 }, // U+0105
    { 0x0106, 26 }, // U+0106
    { 0x0107, 45 }, // U+0107
    { 0x0108, 26 }, // U+0108
    { 0x0109, 45 }, // U+0109
    { 0x010A, 26 }, // U+010A
    { 0x010B, 45 }, // U+010B
    { 0x010C, 26 }, // U+010C
    { 0x010D, 45 }, // U+010D
    { 0x010E, 23 }, // U+010E
    { 0x010F, 79 }, // U+010F
    { 0x0111, 80 }, // U+0111
    { 0x0112, 27 }, // U+0112
    { 0x0113, 45 }, // U+0113
    { 0x0114, 27 }, // U+0114
    { 0x0115, 45 }, // U+0115
    { 0x0116, 27 }, // U+0116
    { 0x0117, 45 }, // U+0117
    { 0x0118, 27 }, // U+0118
    { 0x0119, 45 }, // U+0119
    { 0x011A, 27 }, // U+011A
    { 0x011B, 45 }, // U+011B
    { 0x011C, 29 }, // U+011C
    { 0x011D, 47 }, // U+011D
    { 0x011E, 29 }, // U+011E
    { 0x011F, 47 }, // U+011F
    { 0x0120, 29 }, // U+0120
    { 0x0121, 47 }, // U+0121
    { 0x0122, 29 }, // U+0122
    { 0x0123, 47 }, // U+0123
    { 0x0124, 12 }, // U+0124
    { 0x0125, 44 }, // U+0125
    { 0x0126, 12 }, // U+0126
    { 0x0127, 44 }, // U+0127
    { 0x0128, 69 }, // U+0128
    { 0x0129, 81 }, // U+0129
    { 0x012A, 69 }, // U+012A
    { 0x012B, 82 }, // U+012B
    { 0x012C, 69 }, // U+012C
    { 0x012D, 83 }, // U+012D
    { 0x012E, 12 }, // U+012E
    { 0x012F, 48 }, // U+012F
    { 0x0130, 12 }, // U+0130
    { 0x0131, 48 }, // U+0131
    { 0x0133, 48 }, // U+0133
    { 0x0134, 30 }, // U+0134
    { 0x0135, 84 }, // U+0135
    { 0x0136, 31 }, // U+0136
    { 0x0137, 49 }, // U+0137
    { 0x0138, 49 }, // U+0138
    { 0x0139, 85 }, // U+0139
    { 0x013A, 86 }, // U+013A
    { 0x013B, 32 }, // U+013B
    { 0x013C, 12 }, // U+013C
    { 0x013D, 87 }, // U+013D
    { 0x013E, 12 }, // U+013E
    { 0x013F, 88 }, // U+013F
    { 0x0140, 89 }, // U+0140
    { 0x0141, 90 }, // U+0141
    { 0x0142, 91 }, // U+0142
    { 0x0143, 12 }, // U+0143
    { 0x0144, 44 }, // U+0144
    { 0x0145, 12 }, // U+0145
    { 0x0146, 44 }, // U+0146
    { 0x0147, 12 }, // U+0147
    { 0x0148, 44 }, // U+0148
    { 0x014A, 12 }, // U+014A
    { 0x014C, 23 }, // U+014C
    { 0x014D, 45 }, // U+014D
    { 0x014E, 23 }, // U+014E
    { 0x014F, 45 }, // U+014F
    { 0x0150, 23 }, // U+0150
    { 0x0151, 45 }, // U+0151
    { 0x0152, 27 }, // U+0152
    { 0x0153, 45 }, // U+0153
    { 0x0154, 34 }, // U+0154
    { 0x0155, 50 }, // U+0155
    { 0x0156, 34 }, // U+0156
    { 0x0157, 50 }, // U+0157
    { 0x0158, 34 }, // U+0158
    { 0x0159, 50 }, // U+0159
    { 0x015A, 2 }, // U+015A
    { 0x015B, 51 }, // U+015B
    { 0x015C, 2 }, // U+015C
    { 0x015D, 51 }, // U+015D
    { 0x015E, 2 }, // U+015E
    { 0x015F, 51 }, // U+015F
    { 0x0160, 2 }, // U+0160
    { 0x0161, 51 }, // U+0161
    { 0x0162, 92 }, // U+0162
    { 0x0163, 52 }, // U+0163
    { 0x0164, 93 }, // U+0164
    { 0x0165, 52 }, // U+0165
    { 0x0166, 94 }, // U+0166
    { 0x0167, 52 }, // U+0167
    { 0x0168, 30 }, // U+0168
    { 0x0169, 53 }, // U+0169
    { 0x016A, 30 }, // U+016A
    { 0x016B, 53 }, // U+016B
    { 0x016C, 30 }, // U+016C
    { 0x016D, 53 }, // U+016D
    { 0x016E, 30 }, // U+016E
    { 0x016F, 53 }, // U+016F
    { 0x0170, 30 }, // U+0170
    { 0x0171, 53 }, // U+0171
    { 0x0172, 30 }, // U+0172
    { 0x0173, 53 }, // U+0173
    { 0x0174, 37 }, // U+0174
    { 0x0175, 55 }, // U+0175
    { 0x0176, 39 }, // U+0176
    { 0x0177, 54 }, // U+0177
    { 0x0178, 39 }, // U+0178
    { 0x0179, 40 }, // U+0179
    { 0x017A, 57 }, // U+017A
    { 0x017B, 40 }, // U+017B
    { 0x017C, 57 }, // U+017C
    { 0x017D, 40 }, // U+017D
    { 0x017E, 57 }, // U+017E
    { 0x017F, 95 }, // U+017F
    { 0x01C5, 96 }, // U+01C5
    { 0x01C6, 57 }, // U+01C6
    { 0x01C8, 48 }, // U+01C8
    { 0x01C9, 48 }, // U+01C9
    { 0x01CB, 48 }, // U+01CB
    { 0x01CC, 48 }, // U+01CC
    { 0x01CD, 24 }, // U+01CD
    { 0x01CE, 44 }, // U+01CE
    { 0x01CF, 86 }, // U+01CF
    { 0x01D0, 97 }, // U+01D0
    { 0x01D1, 23 }, // U+01D1
    { 0x01D2, 45 }, // U+01D2
    { 0x01D3, 30 }, // U+01D3
    { 0x01D4, 53 }, // U+01D4
    { 0x01D5, 30 }, // U+01D5
    { 0x01D6, 53 }, // U+01D6
    { 0x01D7, 30 }, // U+01D7
    { 0x01D8, 53 }, // U+01D8
    { 0x01D9, 30 }, // U+01D9
    { 0x01DA, 53 }, // U+01DA
    { 0x01DB, 30 }, // U+01DB
    { 0x01DC, 53 }, // U+01DC
    { 0x01DD, 98 }, // U+01DD
    { 0x01DE, 24 }, // U+01DE
    { 0x01DF, 44 }, // U+01DF
    { 0x01E0, 24 }, // U+01E0
    { 0x01E1, 44 }, // U+01E1
    { 0x01E2, 27 }, // U+01E2
    { 0x01E3, 73 }, // U+01E3
    { 0x01E4, 29 }, // U+01E4
    { 0x01E5, 47 }, // U+01E5
    { 0x01E6, 29 }, // U+01E6
    { 0x01E7, 47 }, // U+01E7
    { 0x01E8, 31 }, // U+01E8
    { 0x01E9, 49 }, // U+01E9
    { 0x01EA, 23 }, // U+01EA
    { 0x01EB, 45 }, // U+01EB
    { 0x01EC, 23 }, // U+01EC
    { 0x01ED, 45 }, // U+01ED
    { 0x01F0, 48 }, // U+01F0
    { 0x01F1, 99 }, // U+01F1
    { 0x01F2, 57 }, // U+01F2
    { 0x01F3, 57 }, // U+01F3
    { 0x01F4, 29 }, // U+01F4
    { 0x01F5, 47 }, // U+01F5
    { 0x01F6, 100 }, // U+01F6
    { 0x01F8, 12 }, // U+01F8
    { 0x01F9, 44 }, // U+01F9
    { 0x01FA, 24 }, // U+01FA
    { 0x01FB, 44 }, // U+01FB
    { 0x01FC, 27 }, // U+01FC
    { 0x01FD, 73 }, // U+01FD
    { 0x01FE, 23 }, // U+01FE
    { 0x01FF, 45 }, // U+01FF
    { 0x0200, 24 }, // U+0200
    { 0x0201, 44 }, // U+0201
    { 0x0202, 24 }, // U+0202
    { 0x0203, 44 }, // U+0203
    { 0x0204, 27 }, // U+0204
    { 0x0205, 45 }, // U+0205
    { 0x0206, 27 }, // U+0206
    { 0x0207, 45 }, // U+0207
    { 0x0208, 101 }, // U+0208
    { 0x0209, 102 }, // U+0209
    { 0x020A, 69 }, // U+020A
    { 0x020B, 103 }, // U+020B
    { 0x020C, 23 }, // U+020C
    { 0x020D, 45 }, // U+020D
    { 0x020E, 23 }, // U+020E
    { 0x020F, 45 }, // U+020F
    { 0x0210, 34 }, // U+0210
    { 0x0211, 50 }, // U+0211
    { 0x0212, 34 }, // U+0212
    { 0x0213, 50 }, // U+0213
    { 0x0214, 30 }, // U+0214
    { 0x0215, 53 }, // U+0215
    { 0x0216, 30 }, // U+0216
    { 0x0217, 53 }, // U+0217
    { 0x0218, 2 }, // U+0218
    { 0x0219, 51 }, // U+0219
    { 0x021A, 35 }, // U+021A
    { 0x021B, 52 }, // U+021B
    { 0x021E, 12 }, // U+021E
    { 0x021F, 44 }, // U+021F
    { 0x2018, 104 }, // U+2018
    { 0x2019, 105 }, // U+2019
    { 0x201A, 106 }, // U+201A
    { 0x201C, 104 }, // U+201C
    { 0x201D, 105 }, // U+201D
    { 0x201E, 106 }, // U+201E
    { 0x2020, 61 }, // U+2020
    { 0x2021, 61 }, // U+2021
    { 0x2022, 107 }, // U+2022
    { 0x2023, 107 }, // U+2023
    { 0x2026, 108 }, // U+2026
    { 0x2034, 105 }, // U+2034
    { 0x2039, 62 }, // U+2039
    { 0x203A, 67 }, // U+203A
    { 0x203D, 22 }, // U+203D
    { 0x2043, 107 }, // U+2043
    { 0x204B, 33 }, // U+204B
    { 0x204C, 44 }, // U+204C
    { 0x204D, 107 }, // U+204D
    { 0x204F, 19 }, // U+204F
    { 0x2071, 109 }, // U+2071
    { 0x2074, 110 }, // U+2074
    { 0x2077, 111 }, // U+2077
    { 0x207A, 112 }, // U+207A
    { 0x207B, 112 }, // U+207B
    { 0x2080, 113 }, // U+2080
    { 0x2081, 113 }, // U+2081
    { 0x2082, 113 }, // U+2082
    { 0x2083, 113 }, // U+2083
    { 0x2084, 113 }, // U+2084
    { 0x2085, 114 }, // U+2085
    { 0x2086, 113 }, // U+2086
    { 0x2087, 115 }, // U+2087
    { 0x2088, 113 }, // U+2088
    { 0x2089, 113 }, // U+2089
    { 0x208A, 113 }, // U+208A
    { 0x208B, 113 }, // U+208B
    { 0x208C, 113 }, // U+208C
    { 0x208D, 113 }, // U+208D
    { 0x208E, 113 }, // U+208E
    { 0x2090, 113 }, // U+2090
    { 0x2091, 113 }, // U+2091
    { 0x2092, 113 }, // U+2092
    { 0x2093, 113 }, // U+2093
    { 0x2095, 113 }, // U+2095
    { 0x2096, 113 }, // U+2096
    { 0x2097, 113 }, // U+2097
    { 0x2098, 113 }, // U+2098
    { 0x2099, 113 }, // U+2099
    { 0x209A, 113 }, // U+209A
    { 0x209B, 113 }, // U+209B
    { 0x209C, 113 }, // U+209C
    { 0x20A1, 26 }, // U+20A1
    { 0x20A7, 52 }, // U+20A7
    { 0x20A8, 51 }, // U+20A8
    { 0x20A9, 116 }, // U+20A9
    { 0x20AC, 117 }, // U+20AC
    { 0x20AF, 45 }, // U+20AF
    { 0x20B2, 29 }, // U+20B2
    { 0x20B5, 26 }, // U+20B5
    { 0x20BD, 118 }, // U+20BD
    { 0x20BF, 25 }, // U+20BF
    { 0x2190, 8 }, // U+2190
    { 0x21D0, 20 }, // U+21D0
    { 0x2206, 24 }, // U+2206
    { 0x2212, 8 }, // U+2212
    { 0x221E, 88 }, // U+221E
    { 0x2248, 20 }, // U+2248
    { 0x2260, 20 }, // U+2260
    { 0x2264, 20 }, // U+2264
    { 0x2265, 20 }, // U+2265
};

static const EpdKernClassEntry inter_10_regularKernRightClasses[] = {
    { 0x0022, 1 }, // "
    { 0x0023, 2 }, // #
    { 0x0024, 3 }, // $
    { 0x0025, 4 }, // %
    { 0x0026, 5 }, // &
    { 0x0027, 1 }, // '
    { 0x0029, 6 }, // )
    { 0x002A, 7 }, // *
    { 0x002B, 8 }, // +
    { 0x002C, 9 }, // ,
    { 0x002D, 10 }, // -
    { 0x002E, 11 }, // .
    { 0x002F, 12 }, // /
    { 0x0030, 13 }, // 0
    { 0x0031, 14 }, // 1
    { 0x0032, 15 }, // 2
    { 0x0033, 16 }, // 3
    { 0x0034, 17 }, // 4
    { 0x0035, 18 }, // 5
    { 0x0036, 13 }, // 6
    { 0x0037, 19 }, // 7
    { 0x0038, 20 }, // 8
    { 0x0039, 21 }, // 9
    { 0x003A, 22 }, // :
    { 0x003B, 22 }, // ;
    { 0x003C, 23 }, // <
    { 0x003D, 24 }, // =
    { 0x003F, 25 }, // ?
    { 0x0040, 26 }, // @
    { 0x0041, 27 }, // A
    { 0x0042, 28 }, // B
    { 0x0043, 29 }, // C
    { 0x0044, 28 }, // D
    { 0x0045, 28 }, // E
    { 0x0046, 28 }, // F
    { 0x0047, 29 }, // G
    { 0x0048, 28 }, // H
    { 0x0049, 28 }, // I
    { 0x004A, 30 }, // J
    { 0x004B, 28 }, // K
    { 0x004C, 28 }, // L
    { 0x004D, 28 }, // M
    { 0x004E, 28 }, // N
    { 0x004F, 29 }, // O
    { 0x0050, 28 }, // P
    { 0x0051, 29 }, // Q
    { 0x0052, 28 }, // R
    { 0x0053, 3 }, // S
    { 0x0054, 31 }, // T
    { 0x0055, 32 }, // U
    { 0x0056, 33 }, // V
    { 0x0057, 34 }, // W
    { 0x0058, 35 }, // X
    { 0x0059, 36 }, // Y
    { 0x005A, 37 }, // Z
    { 0x005C, 33 }, // <backslash>
    { 0x005D, 6 }, // ]
    { 0x005E, 38 }, // ^
    { 0x005F, 39 }, // _
    { 0x0061, 40 }, // a
    { 0x0062, 28 }, // b
    { 0x0063, 41 }, // c
    { 0x0064, 41 }, // d
    { 0x0065, 41 }, // e
    { 0x0066, 42 }, // f
    { 0x0067, 41 }, // g
    { 0x0068, 28 }, // h
    { 0x0069, 43 }, // i
    { 0x006A, 44 }, // j
    { 0x006B, 28 }, // k
    { 0x006C, 28 }, // l
    { 0x006D, 45 }, // m
    { 0x006E, 45 }, // n
    { 0x006F, 41 }, // o
    { 0x0070, 45 }, // p
    { 0x0071, 41 }, // q
    { 0x0072, 45 }, // r
    { 0x0073, 46 }, // s
    { 0x0074, 47 }, // t
    { 0x0075, 48 }, // u
    { 0x0076, 49 }, // v
    { 0x0077, 50 }, // w
    { 0x0078, 51 }, // x
    { 0x0079, 49 }, // y
    { 0x007A, 52 }, // z
    { 0x007C, 28 }, // |
    { 0x007D, 6 }, // }
    { 0x007E, 53 }, // ~
    { 0x00A2, 41 }, // U+00A2
    { 0x00A5, 54 }, // U+00A5
    { 0x00A9, 29 }, // U+00A9
    { 0x00AA, 55 }, // U+00AA
    { 0x00AB, 56 }, // U+00AB
    { 0x00AC, 57 }, // U+00AC
    { 0x00AE, 58 }, // U+00AE
    { 0x00B0, 59 }, // U+00B0
    { 0x00B1, 24 }, // U+00B1
    { 0x00B2, 60 }, // U+00B2
    { 0x00B5, 61 }, // U+00B5
    { 0x00B6, 62 }, // U+00B6
    { 0x00B7, 63 }, // U+00B7
    { 0x00B9, 64 }, // U+00B9
    { 0x00BA, 55 }, // U+00BA
    { 0x00BB, 65 }, // U+00BB
    { 0x00BF, 66 }, // U+00BF
    { 0x00C0, 27 }, // U+00C0
    { 0x00C1, 27 }, // U+00C1
    { 0x00C2, 27 }, // U+00C2
    { 0x00C3, 27 }, // U+00C3
    { 0x00C4, 27 }, // U+00C4
    { 0x00C5, 27 }, // U+00C5
    { 0x00C6, 27 }, // U+00C6
    { 0x00C7, 29 }, // U+00C7
    { 0x00C8, 28 }, // U+00C8
    { 0x00C9, 28 }, // U+00C9
    { 0x00CA, 28 }, // U+00CA
    { 0x00CB, 28 }, // U+00CB
    { 0x00CC, 28 }, // U+00CC
    { 0x00CD, 28 }, // U+00CD
    { 0x00CE, 67 }, // U+00CE
    { 0x00CF, 67 }, // U+00CF
    { 0x00D0, 68 }, // U+00D0
    { 0x00D1, 28 }, // U+00D1
    { 0x00D2, 29 }, // U+00D2
    { 0x00D3, 29 }, // U+00D3
    { 0x00D4, 29 }, // U+00D4
    { 0x00D5, 29 }, // U+00D5
    { 0x00D6, 29 }, // U+00D6
    { 0x00D7, 69 }, // U+00D7
    { 0x00D8, 29 }, // U+00D8
    { 0x00D9, 32 }, // U+00D9
    { 0x00DA, 32 }, // U+00DA
    { 0x00DB, 32 }, // U+00DB
    { 0x00DC, 32 }, // U+00DC
    { 0x00DD, 36 }, // U+00DD
    { 0x00DE, 28 }, // U+00DE
    { 0x00DF, 28 }, // U+00DF
    { 0x00E0, 40 }, // U+00E0
    { 0x00E1, 40 }, // U+00E1
    { 0x00E2, 40 }, // U+00E2
    { 0x00E3, 70 }, // U+00E3
    { 0x00E4, 71 }, // U+00E4
    { 0x00E5, 40 }, // U+00E5
    { 0x00E6, 40 }, // U+00E6
    { 0x00E7, 41 }, // U+00E7
    { 0x00E8, 41 }, // U+00E8
    { 0x00E9, 41 }, // U+00E9
    { 0x00EA, 41 }, // U+00EA
    { 0x00EB, 72 }, // U+00EB
    { 0x00EC, 73 }, // U+00EC
    { 0x00ED, 74 }, // U+00ED
    { 0x00EE, 75 }, // U+00EE
    { 0x00EF, 76 }, // U+00EF
    { 0x00F0, 41 }, // U+00F0
    { 0x00F1, 45 }, // U+00F1
    { 0x00F2, 41 }, // U+00F2
    { 0x00F3, 41 }, // U+00F3
    { 0x00F4, 41 }, // U+00F4
    { 0x00F5, 77 }, // U+00F5
    { 0x00F6, 72 }, // U+00F6
    { 0x00F7, 8 }, // U+00F7
    { 0x00F8, 41 }, // U+00F8
    { 0x00F9, 48 }, // U+00F9
    { 0x00FA, 48 }, // U+00FA
    { 0x00FB, 48 }, // U+00FB
    { 0x00FC, 78 }, // U+00FC
    { 0x00FD, 49 }, // U+00FD
    { 0x00FE, 28 }, // U+00FE
    { 0x00FF, 79 }, // U+00FF
    { 0x0100, 27 }, // U+0100
    { 0x0101, 80 }, // U+0101
    { 0x0102, 27 }, // U+0102
    { 0x0103, 40 }, // U+0103
    { 0x0104, 27 }, // U+0104
    { 0x0105, 40 }, // U+0105
    { 0x0106, 29 }, // U+0106
    { 0x0107, 41 }, // U+0107
    { 0x0108, 29 }, // U+0108
    { 0x0109, 41 }, // U+0109
    { 0x010A, 29 }, // U+010A
    { 0x010B, 41 }, // U+010B
    { 0x010C, 29 }, // U+010C
    { 0x010D, 41 }, // U+010D
    { 0x010E, 28 }, // U+010E
    { 0x010F, 41 }, // U+010F
    { 0x0110, 81 }, // U+0110
    { 0x0111, 41 }, // U+0111
    { 0x0112, 28 }, // U+0112
    { 0x0113, 41 }, // U+0113
    { 0x0114, 28 }, // U+0114
    { 0x0115, 41 }, // U+0115
    { 0x0116, 28 }, // U+0116
    { 0x0117, 41 }, // U+0117
    { 0x0118, 28 }, // U+0118
    { 0x0119, 41 }, // U+0119
    { 0x011A, 28 }, // U+011A
    { 0x011B, 41 }, // U+011B
    { 0x011C, 29 }, // U+011C
    { 0x011D, 41 }, // U+011D
    { 0x011E, 29 }, // U+011E
    { 0x011F, 41 }, // U+011F
    { 0x0120, 29 }, // U+0120
    { 0x0121, 41 }, // U+0121
    { 0x0122, 29 }, // U+0122
    { 0x0123, 41 }, // U+0123
    { 0x0124, 28 }, // U+0124
    { 0x0125, 28 }, // U+0125
    { 0x0126, 28 }, // U+0126
    { 0x0127, 82 }, // U+0127
    { 0x0128, 67 }, // U+0128
    { 0x0129, 83 }, // U+0129
    { 0x012A, 67 }, // U+012A
    { 0x012B, 84 }, // U+012B
    { 0x012C, 67 }, // U+012C
    { 0x012D, 76 }, // U+012D
    { 0x012E, 28 }, // U+012E
    { 0x012F, 43 }, // U+012F
    { 0x0130, 28 }, // U+0130
    { 0x0131, 43 }, // U+0131
    { 0x0133, 43 }, // U+0133
    { 0x0134, 30 }, // U+0134
    { 0x0135, 85 }, // U+0135
    { 0x0136, 28 }, // U+0136
    { 0x0137, 28 }, // U+0137
    { 0x0138, 45 }, // U+0138
    { 0x0139, 28 }, // U+0139
    { 0x013A, 28 }, // U+013A
    { 0x013B, 28 }, // U+013B
    { 0x013C, 28 }, // U+013C
    { 0x013D, 28 }, // U+013D
    { 0x013E, 28 }, // U+013E
    { 0x0140, 28 }, // U+0140
    { 0x0141, 28 }, // U+0141
    { 0x0142, 28 }, // U+0142
    { 0x0143, 28 }, // U+0143
    { 0x0144, 45 }, // U+0144
    { 0x0145, 28 }, // U+0145
    { 0x0146, 45 }, // U+0146
    { 0x0147, 28 }, // U+0147
    { 0x0148, 45 }, // U+0148
    { 0x014A, 28 }, // U+014A
    { 0x014B, 45 }, // U+014B
    { 0x014C, 29 }, // U+014C
    { 0x014D, 86 }, // U+014D
    { 0x014E, 29 }, // U+014E
    { 0x014F, 41 }, // U+014F
    { 0x0150, 29 }, // U+0150
    { 0x0151, 41 }, // U+0151
    { 0x0152, 29 }, // U+0152
    { 0x0153, 41 }, // U+0153
    { 0x0154, 28 }, // U+0154
    { 0x0155, 45 }, // U+0155
    { 0x0156, 28 }, // U+0156
    { 0x0157, 45 }, // U+0157
    { 0x0158, 28 }, // U+0158
    { 0x0159, 45 }, // U+0159
    { 0x015A, 3 }, // U+015A
    { 0x015B, 46 }, // U+015B
    { 0x015C, 3 }, // U+015C
    { 0x015D, 46 }, // U+015D
    { 0x015E, 3 }, // U+015E
    { 0x015F, 46 }, // U+015F
    { 0x0160, 3 }, // U+0160
    { 0x0161, 46 }, // U+0161
    { 0x0162, 87 }, // U+0162
    { 0x0163, 47 }, // U+0163
    { 0x0164, 88 }, // U+0164
    { 0x0165, 47 }, // U+0165
    { 0x0166, 89 }, // U+0166
    { 0x0167, 47 }, // U+0167
    { 0x0168, 32 }, // U+0168
    { 0x0169, 90 }, // U+0169
    { 0x016A, 32 }, // U+016A
    { 0x016B, 48 }, // U+016B
    { 0x016C, 32 }, // U+016C
    { 0x016D, 48 }, // U+016D
    { 0x016E, 32 }, // U+016E
    { 0x016F, 48 }, // U+016F
    { 0x0170, 32 }, // U+0170
    { 0x0171, 48 }, // U+0171
    { 0x0172, 32 }, // U+0172
    { 0x0173, 48 }, // U+0173
    { 0x0174, 34 }, // U+0174
    { 0x0175, 50 }, // U+0175
    { 0x0176, 36 }, // U+0176
    { 0x0177, 49 }, // U+0177
    { 0x0178, 36 }, // U+0178
    { 0x0179, 37 }, // U+0179
    { 0x017A, 52 }, // U+017A
    { 0x017B, 37 }, // U+017B
    { 0x017C, 52 }, // U+017C
    { 0x017D, 37 }, // U+017D
    { 0x017E, 52 }, // U+017E
    { 0x017F, 28 }, // U+017F
    { 0x01C5, 91 }, // U+01C5
    { 0x01C6, 41 }, // U+01C6
    { 0x01C8, 28 }, // U+01C8
    { 0x01C9, 28 }, // U+01C9
    { 0x01CB, 28 }, // U+01CB
    { 0x01CC, 45 }, // U+01CC
    { 0x01CD, 27 }, // U+01CD
    { 0x01CE, 40 }, // U+01CE
    { 0x01CF, 28 }, // U+01CF
    { 0x01D0, 92 }, // U+01D0
    { 0x01D1, 29 }, // U+01D1
    { 0x01D2, 41 }, // U+01D2
    { 0x01D3, 32 }, // U+01D3
    { 0x01D4, 48 }, // U+01D4
    { 0x01D5, 32 }, // U+01D5
    { 0x01D6, 48 }, // U+01D6
    { 0x01D7, 32 }, // U+01D7
    { 0x01D8, 48 }, // U+01D8
    { 0x01D9, 32 }, // U+01D9
    { 0x01DA, 48 }, // U+01DA
    { 0x01DB, 32 }, // U+01DB
    { 0x01DC, 48 }, // U+01DC
    { 0x01DD, 86 }, // U+01DD
    { 0x01DE, 27 }, // U+01DE
    { 0x01DF, 40 }, // U+01DF
    { 0x01E0, 27 }, // U+01E0
    { 0x01E1, 40 }, // U+01E1
    { 0x01E2, 27 }, // U+01E2
    { 0x01E3, 40 }, // U+01E3
    { 0x01E4, 29 }, // U+01E4
    { 0x01E5, 41 }, // U+01E5
    { 0x01E6, 29 }, // U+01E6
    { 0x01E7, 41 }, // U+01E7
    { 0x01E8, 28 }, // U+01E8
    { 0x01E9, 28 }, // U+01E9
    { 0x01EA, 29 }, // U+01EA
    { 0x01EB, 41 }, // U+01EB
    { 0x01EC, 29 }, // U+01EC
    { 0x01ED, 41 }, // U+01ED
    { 0x01EF, 47 }, // U+01EF
    { 0x01F0, 44 }, // U+01F0
    { 0x01F2, 28 }, // U+01F2
    { 0x01F3, 86 }, // U+01F3
    { 0x01F4, 29 }, // U+01F4
    { 0x01F5, 41 }, // U+01F5
    { 0x01F6, 91 }, // U+01F6
    { 0x01F8, 28 }, // U+01F8
    { 0x01F9, 45 }, // U+01F9
    { 0x01FA, 27 }, // U+01FA
    { 0x01FB, 40 }, // U+01FB
    { 0x01FC, 27 }, // U+01FC
    { 0x01FD, 40 }, // U+01FD
    { 0x01FE, 29 }, // U+01FE
    { 0x01FF, 41 }, // U+01FF
    { 0x0200, 27 }, // U+0200
    { 0x0201, 40 }, // U+0201
    { 0x0202, 27 }, // U+0202
    { 0x0203, 40 }, // U+0203
    { 0x0204, 28 }, // U+0204
    { 0x0205, 41 }, // U+0205
    { 0x0206, 28 }, // U+0206
    { 0x0207, 41 }, // U+0207
    { 0x0208, 67 }, // U+0208
    { 0x0209, 93 }, // U+0209
    { 0x020A, 67 }, // U+020A
    { 0x020B, 94 }, // U+020B
    { 0x020C, 29 }, // U+020C
    { 0x020D, 41 }, // U+020D
    { 0x020E, 29 }, // U+020E
    { 0x020F, 41 }, // U+020F
    { 0x0210, 28 }, // U+0210
    { 0x0211, 45 }, // U+0211
    { 0x0212, 28 }, // U+0212
    { 0x0213, 45 }, // U+0213
    { 0x0214, 32 }, // U+0214
    { 0x0215, 48 }, // U+0215
    { 0x0216, 32 }, // U+0216
    { 0x0217, 48 }, // U+0217
    { 0x0218, 3 }, // U+0218
    { 0x0219, 46 }, // U+0219
    { 0x021A, 31 }, // U+021A
    { 0x021B, 47 }, // U+021B
    { 0x021E, 28 }, // U+021E
    { 0x021F, 28 }, // U+021F
    { 0x2018, 95 }, // U+2018
    { 0x2019, 96 }, // U+2019
    { 0x201A, 97 }, // U+201A
    { 0x201B, 98 }, // U+201B
    { 0x201C, 95 }, // U+201C
    { 0x201D, 96 }, // U+201D
    { 0x201E, 97 }, // U+201E
    { 0x201F, 99 }, // U+201F
    { 0x2020, 55 }, // U+2020
    { 0x2021, 55 }, // U+2021
    { 0x2022, 100 }, // U+2022
    { 0x2023, 100 }, // U+2023
    { 0x2026, 101 }, // U+2026
    { 0x2034, 102 }, // U+2034
    { 0x2039, 56 }, // U+2039
    { 0x203A, 65 }, // U+203A
    { 0x203D, 25 }, // U+203D
    { 0x2043, 100 }, // U+2043
    { 0x2044, 103 }, // U+2044
    { 0x204A, 47 }, // U+204A
    { 0x204B, 28 }, // U+204B
    { 0x204C, 100 }, // U+204C
    { 0x204D, 45 }, // U+204D
    { 0x204F, 22 }, // U+204F
    { 0x2074, 104 }, // U+2074
    { 0x2077, 105 }, // U+2077
    { 0x2079, 106 }, // U+2079
    { 0x207E, 107 }, // U+207E
    { 0x207F, 108 }, // U+207F
    { 0x2080, 109 }, // U+2080
    { 0x2081, 109 }, // U+2081
    { 0x2082, 109 }, // U+2082
    { 0x2083, 109 }, // U+2083
    { 0x2084, 110 }, // U+2084
    { 0x2086, 109 }, // U+2086
    { 0x2087, 111 }, // U+2087
    { 0x2088, 109 }, // U+2088
    { 0x2089, 109 }, // U+2089
    { 0x208A, 109 }, // U+208A
    { 0x208B, 109 }, // U+208B
    { 0x208C, 109 }, // U+208C
    { 0x208D, 109 }, // U+208D
    { 0x208E, 109 }, // U+208E
    { 0x2091, 109 }, // U+2091
    { 0x2092, 109 }, // U+2092
    { 0x2093, 109 }, // U+2093
    { 0x2095, 109 }, // U+2095
    { 0x2096, 109 }, // U+2096
    { 0x2097, 109 }, // U+2097
    { 0x2098, 109 }, // U+2098
    { 0x2099, 109 }, // U+2099
    { 0x209A, 109 }, // U+209A
    { 0x209B, 109 }, // U+209B
    { 0x209C, 109 }, // U+209C
    { 0x20A1, 29 }, // U+20A1
    { 0x20A7, 28 }, // U+20A7
    { 0x20A8, 28 }, // U+20A8
    { 0x20A9, 54 }, // U+20A9
    { 0x20AB, 41 }, // U+20AB
    { 0x20B2, 29 }, // U+20B2
    { 0x20B4, 112 }, // U+20B4
    { 0x20B5, 29 }, // U+20B5
    { 0x20B8, 113 }, // U+20B8
    { 0x20BF, 28 }, // U+20BF
    { 0x2192, 8 }, // U+2192
    { 0x21D2, 24 }, // U+21D2
    { 0x2206, 27 }, // U+2206
    { 0x2212, 8 }, // U+2212
    { 0x221E, 114 }, // U+221E
    { 0x222B, 44 }, // U+222B
    { 0x2236, 22 }, // U+2236
    { 0x2248, 24 }, // U+2248
    { 0x2260, 24 }, // U+2260
    { 0x2264, 24 }, // U+2264
    { 0x2265, 24 }, // U+2265
};

static const int8_t inter_10_regularKernMatrix[] = {
       0,    0,    0,    0,  -11,    0,    0,    0,  -27,    0,  -27,    0,    0,    0,    0,    0,  -21,    0,    0,    0,    0,    0,    0,    0,    0,    0,  -26,    0,    0,  -55,    0,    0,    0,    0,    0,    0,    0,    0,    0,    0,   -7,    0,    0,    0,    0,   -3,    0,    0,    0,    0,    0,    0,    0,    0,    0,    0,    0,    0,    0,    0,    0,    0,    0,    0,    0,    0,    0,    0,    0,    0,    0,   -7,    0,    0,    0,    0,   -7,    0,    0,    0,    0,    0,    0,    0,    0,   -7,    0,    0,    0,    0,    0,    0,    0,    0,    0,    0,    0,    0,    0,    0,  -27,    0,    0,    0,    0,    0,    0,    0,    0,    0,    0,    0,    0,    0,
       0,    0,    0,    0,    0,    0,    0,    0,    0,    0,    0,    0,    0,    0,    0,    0,    0,    0,    0,    0,    0,    0,    0,    0,    0,    0,    0,    0,    0,    0,   -2,    0,    0,    0,   -4,    0,    0,    0,    0,    0,    0,    0,    0,    0,    0,    0,    0,    0,    0,    0,    0,    0,    0,    0,    0,    0,    0,    0,    0,    0,    0,    0,    0,    0,    0,    0,    0,    0,    0,    0,    0,    0,    0,    0,    0,   15,    0,    0,    0,    0,    0,    0,   15,   15,    0,    0,   -2,   -2,   -2,    0,    0,    0,    0,   15,    0,    0,    0,    0,    0,    0,    0,    0,    0,    0,    0,    0,    0,    0,    0,  -21,    0,    0,    0,    0,
       0,    0,    0,    0,    0,    0,    0,    0,    0,    0,    0,    0,    0,    0,    0,    0,    0,    0,    0,    0,    0,    0,    0,    0,    0,    0,    0,    0,    0,    0,    0,    0,    0,    0,    0,    0,    0,    0,    0,    0,    0,    0,    0,    0,    0,    0,    0,    0,    0,    0,    0,    0,    0,    0,    0,    0,    0,    0,    0,    0,    0,    0,    0,    0,    0,    0,    0,    0,    0,    0,    0,    0,    0,    0,    0,    0,    0,    0,    0,    0,    0,    0,    0,    0,    0,    0,    0,    0,    0,    0,    0,    0,    0,    0,  -21,  -23,    0,    0,    0,    0,    0,  -23,    0,    0,    0,    0,    0,    0,    0,    0,    0,    0,    0,    0,
     -11,    0,    0,    0,    0,    0,    0,    0,    0,    0,    0,    0,    0,    0,    0,    0,    0,    0,    0,    0,    0,    0,    0,    0,    0,    0,    0,    0,    0,    0,  -19,    0,  -21,  -13,    0,  -25,    0,    0,    0,    0,    0,    0,    0,    0,    0,    0,    0,    0,  -11,  -11,    0,    0,    0,    0,  -13,    0,    0,   -7,    0,    0,    0,    0,    0,    0,    0,    0,    0,    0,    0,    0,    0,    0,    0,    0,    0,    0,    0,    0,  -11,    0,    0,    0,    0,    0,    0,    0,  -19,  -19,  -19,    0,    0,    0,    0,    0,  -30,    0,    0,    0,    0,    0,    0,    0,    0,    0,    0,    0,    0,    0,    0,    0,    0,    0,    0,    0,
       0,    0,    0,    0,    0,    0,    0,    0,    0,    0,    0,    0,    0,    0,    0,    0,    0,    0,    0,    0,    0,    0,    0,    0,    0,    0,    0,    0,    0,    0,    0,    0,    0,    0,    0,    0,    0,    0,    0,    0,   -4,    0,    0,    9,    0,    0,    0,    0,    0,    0,    0,    0,    0,    0,    0,    0,    0,    0,    0,    0,    0,    0,    0,    0,    0,    0,    0,    0,    0,    0,    0,   -4,    0,    0,    0,    0,   -4,    0,    0,    0,    0,    0,    0,    0,    9,   -4,    0,    0,    0,    0,    0,    0,   47,    0,    0,    0,    0,    0,    0,    0,    0,    0,    0,    0,    0,    0,    0,    0,    0,    0,    0,    0,    0,    0,
       0,    0,    0,    0,    0,    0,    0,    0,    0,    0,    0,    0,    0,    0,    0,    0,    0,    0,    0,    0,    0,    0,    0,    0,    0,    0,    0,    0,    0,    0,    0,    0,    0,    0,    0,    0,    0,    0,    0,    0,    0,    0,    0,    0,    0,    0,    0,    0,    0,    0,    0,    0,    0,    0,    0,    0,    0,    0,    0,    0,    0,    0,    0,    0,    0,    0,    0,    0,    0,    0,    0,    0,    0,    0,    0,    0,    0,    0,    0,    0,    0,    0,    0,    0,    0,    0,    0,    0,    0,    0,    0,    0,    2,    0,  -11,    0,    0,    0,    0,    0,    0,    0,    0,    0,    0,    0,    0,    0,    0,    0,    0,    0,    0,    0,
       0,    0,    0,    0,  -11,    0,    0,    0,  -45,    0,  -45,    0,    0,    0,    0,    0,  -15,    0,    0,    0,    0,    0,    0,    0,    0,   -3,  -26,    0,   -3,  -32,    0,    0,    0,    0,    0,    0,    0,    0,  -23,    0,    0,    0,    0,    0,    0,    0,    0,    0,    0,    0,    0,    0,    0,    0,    0,    0,    0,    0,    0,    0,    0,    0,    0,    0,    0,    0,    0,    0,    0,    0,    0,    0,    0,    0,    0,    0,    0,    0,    0,    0,    0,    0,    0,    0,    0,    0,    0,    0,    0,    0,    0,    0,    0,    0,    0,    0,    0,    0,    0,    0,  -45,    0,    0,    0,    0,    0,    0,    0,    0,    0,    0,    0,    0,    0,
       0,    0,    0,    0,    0,    0,    0,    0,    0,    0,    0,    0,    0,    0,  -11,   -4,    0,    0,   -7,    0,    0,    0,    0,    0,    0,    0,  -11,    0,    0,  -15,  -25,    0,  -17,  -17,  -13,  -26,    0,    0,    0,    0,    0,    0,    0,    0,    0,    0,    0,    0,   -1,    0,   -7,    0,    0,    0,    0,    0,    0,    0,    0,    0,    0,   -6,    0,    0,    0,    0,    0,    0,    0,    0,    0,    0,    0,    0,    0,    0,    0,    0,   -1,    0,    0,    0,    0,    0,    0,    0,  -36,  -36,  -25,    0,    0,    0,    0,    0,  -21,    0,    0,    0,    0,    0,    0,    0,    0,    0,    0,    0,    0,    0,    0,    0,    0,    0,    0,    0,
     -27,    0,    0,    0,    0,    0,    0,    0,    0,    0,    0,    0,   -8,  -30,    0,   -8,    0,   -5,   -5,   -7,   -2,    0,    0,    0,  -33,  -15,    0,    0,  -15,    0,  -11,    0,    0,    0,    0,  -11,    0,    0,    0,    0,    0,    0,    0,    0,    0,    0,    0,    0,    0,    0,    0,    0,    0,    0,    0,    0,    0,    0,    0,    0,    0,  -18,    0,    0,    0,    0,    0,    0,    0,    0,    0,    0,    0,    0,    0,    0,    0,    0,    0,    0,    0,    0,    0,    0,    0,    0,  -11,  -11,  -11,    0,    0,    0,    0,    0,    0,  -19,    0,  -45,  -45,    0,    0,  -19,    0,    0,    0,    0,    0,    0,    0,    0,    0,    0,    0,    0,
       0,    0,    0,    0,    0,    0,    0,    0,  -13,    0,  -13,    0,    0,    0,    0,    0,    0,    0,    0,    0,    0,    0,    0,    0,    0,    0,   -8,    0,    0,  -21,    0,    0,    0,    0,    0,    0,    0,    0,    0,    0,    0,    0,    0,    0,    0,    0,    0,    0,    0,    0,    0,    0,    0,    0,    0,    0,    0,    0,    0,    0,    0,    0,    0,    0,    0,    0,    0,    0,    0,    0,    0,    0,    0,    0,    0,    0,    0,    0,    0,    0,    0,    0,    0,    0,    0,    0,    0,    0,    0,    0,    0,    0,   22,    0,    0,    0,    0,    0,    0,    0,  -13,    0,    0,    0,    0,    0,    0,    0,    0,    0,    0,    0,    0,    0,
       0,    0,    0,    0,    0,    0,    0,    0,   -8,    0,   -8,    0,    0,    0,    0,    0,    0,    0,   -7,    0,    0,    0,    0,    0,    0,    0,   -2,    0,    0,    0,    0,    0,   -4,    0,  -11,  -11,    0,    0,  -15,    0,    0,    0,    0,    0,    0,    0,    5,    0,    0,    0,    0,    0,    0,    0,    0,    0,    0,    0,    0,    0,    0,    0,    0,    0,    0,    0,    0,    0,    0,    0,    0,    0,    0,    0,    0,    0,    0,    0,    0,    0,    0,    0,    0,    0,    0,    0,    0,    0,    0,    0,    0,    0,    0,    0,  -15,    0,  -17,    0,    0,    0,   -8,    0,    0,    0,    0,    0,    0,    0,    0,    0,    0,    0,    0,    0,
       0,    0,    0,    0,    0,    0,    0,    0,    0,    0,    0,    0,    0,    0,    0,    0,    0,    0,    0,    0,    0,    0,    0,    0,    0,    0,    0,    0,    0,    0,    0,    0,    0,    0,    0,    0,    0,    0,    0,    0,    0,    0,    0,    0,    0,    0,    4,    0,    2,    0,    0,    0,    0,    0,    0,    0,    0,    0,    0,    0,    0,    0,    0,    0,    0,    0,    0,   11,    0,    0,    0,    0,    0,    0,    0,   21,    0,    0,    2,    0,   11,    0,   21,   21,    0,    0,    0,    0,    0,    0,    0,    0,   16,   21,    0,    0,    0,    0,    0,    0,    0,    0,    0,    0,    0,    0,    0,    0,    0,    0,    0,    0,    0,    0,
       0,    0,    0,    0,    0,    0,    0,    0,    0,    0,    0,    0,    0,    0,    0,    0,   -5,    0,    0,    0,    0,    0,    0,    0,    0,    0,    0,    0,    0,    0,    0,    0,    0,    0,    0,    0,    0,    0,    0,    0,    0,    0,    0,    0,    0,    0,    0,    0,    0,    0,    0,    0,    0,    0,    0,    0,    0,    0,    0,    0,    0,    0,    0,    0,    0,    0,    0,    0,    0,    0,    0,    0,    0,    0,    0,    0,    0,    0,    0,    0,    0,    0,    0,    0,    0,    0,    0,    0,    0,    0,    0,    0,    0,    0,    0,    0,    0,    0,    0,    0,    0,    0,    0,    0,    0,    0,    0,    0,    0,    0,    0,    0,    0,    0,
       0,    0,    0,    0,    0,    0,   -6,    0,   -7,    0,   -7,    0,    0,    0,    0,    0,    0,    0,    0,    0,    0,    0,    0,    0,    0,    0,    0,    0,    0,    0,    0,    0,    0,    0,   -7,    0,    0,   -6,    0,    0,    0,    0,    0,    0,    0,    0,    0,    0,    0,    0,    0,    0,    0,    0,    0,  -11,    0,    0,   -6,    0,    0,    0,    0,    0,    0,    0,    0,    0,    0,    0,    0,    0,    0,    0,    0,    0,    0,    0,    0,    0,    0,    0,    0,    0,    0,    0,    0,    0,    0,    0,    0,    0,    0,    0,    0,    0,  -17,    0,    0,    0,   -7,    0,    0,    0,    0,    0,    0,    0,    0,    0,    0,    0,    0,    0,
       0,    0,    0,    0,    0,    0,   -8,    0,  -11,    0,  -11,    0,    0,   -8,    0,    0,    0,    0,   -3,    0,    0,    0,    0,    0,    0,    0,    0,    0,    0,    0,    0,    0,    0,    0,    0,    0,    0,   -8,    0,    0,    0,    0,    0,    0,    0,    0,   -1,    0,    0,    0,    0,    0,    0,    0,    0,    0,    0,   -2,   -8,    0,    0,  -13,    0,    0,    0,    0,    0,    0,    0,    0,    0,    0,    0,    0,    0,    0,    0,    0,    0,    0,    0,    0,    0,    0,    0,    0,    0,    0,    0,    0,    0,    0,    0,    0,    0,    0,    0,    0,    0,    0,  -11,    0,    0,    0,    0,    0,    0,    0,    0,    0,    0,    0,    0,    0,
       0,    0,    0,    0,    0,    0,   -1,    0,   -9,    0,   -9,    0,    0,   -1,    0,    0,    0,    0,    0,    0,    0,    0,    0,    0,    0,    0,    0,    0,    0,    0,    0,    0,    0,    0,    0,    0,    0,   -1,    0,    0,    0,    0,    0,    0,    0,    0,   -1,    0,    0,    0,    0,    0,    0,    0,    0,    0,    0,   -2,   -1,    0,    0,    0,    0,    0,    0,    0,    0,    0,    0,    0,    0,    0,    0,    0,    0,    0,    0,    0,    0,    0,    0,    0,    0,    0,    0,    0,    0,    0,    0,    0,    0,    0,    0,    0,    0,    0,    0,    0,    0,    0,   -9,    0,    0,    0,    0,    0,    0,    0,    0,    0,    0,    0,    0,    0,
       0,    0,    0,    0,    0,    0,    0,    0,  -11,    0,  -11,    0,    0,    0,    0,    0,    0,    0,    0,    0,    0,    0,    0,    0,    0,    0,    0,    0,    0,    0,    0,    0,    0,    0,    0,    0,    0,    0,  -15,    0,    0,    0,    0,    0,    0,    0,    0,    0,    0,    0,    0,    0,    0,    0,    0,    0,    0,    0,    0,    0,    0,    0,    0,    0,    0,    0,    0,    0,    0,    0,    0,    0,    0,    0,    0,    0,    0,    0,    0,    0,    0,    0,    0,    0,    0,    0,    0,    0,    0,    0,    0,    0,    0,    0,    0,    0,  -15,    0,    0,    0,  -11,    0,    0,    0,    0,    0,    0,    0,    0,    0,    0,    0,    0,    0,
       0,  -19,    0,    1,  -15,    0,    1,    0,  -42,    0,  -42,    0,   -5,    0,    0,   -6,  -19,   -3,    7,   -5,   -3,  -11,  -30,    0,    0,    0,  -36,    0,    0,  -32,    0,    0,    0,    0,    0,    0,    0,    1,  -53,  -15,  -17,    0,    0,    0,  -17,  -15,    0,    0,    0,    0,    0,    0,    0,    0,    0,  -21,    0,    0,    1,    0,    0,    0,    0,    0,    0,    0,    0,    0,    0,  -15,  -15,  -17,    0,    0,    0,   30,  -17,    0,    0,  -15,    0,    0,   30,   30,    0,  -17,    0,    0,    0,    0,    0,    0,    0,   30,    0,    0,  -47,    0,    0,    0,  -42,    0,    0,    0,    0,    0,    0,    0,    0,  -30,    0,    0,    0,    0,
       0,    0,    0,    0,    0,    0,    0,    0,    0,    0,    0,    0,    0,    0,    0,    0,    0,    0,    0,    0,    0,    0,    0,    0,    0,    0,    0,    0,    0,    0,  -11,    0,  -21,    0,    0,    0,    0,    0,    0,    0,    0,    0,    0,    0,    0,    0,    0,    0,    0,    0,    0,    0,    0,    0,    0,    0,    0,    0,    0,    0,    0,    0,    0,    0,    0,    0,    0,    0,    0,    0,    0,    0,    0,    0,    0,    0,    0,    0,    0,    0,    0,    0,    0,    0,    0,    0,  -11,  -11,  -11,    0,    0,    0,    0,    0,  -15,    0,    0,    0,    0,    0,    0,    0,    0,    0,    0,    0,    0,    0,    0,    0,    0,    0,    0,    0,
       0,    0,    0,    0,    0,    0,    0,    0,    0,    0,    0,    0,    0,    0,    0,    0,    0,    0,    0,    0,    0,    0,    0,    0,    0,    0,  -17,    0,    0,    0,  -15,    0,  -23,  -21,  -17,  -32,    0,    0,    0,    0,    0,    0,    0,    0,    0,    0,    0,    0,  -13,    0,  -11,    0,    0,    0,    0,    0,    0,    0,    0,    0,    0,    0,    0,    0,    0,    0,    0,    0,    0,    0,    0,    0,    0,    0,    0,    0,    0,    0,  -13,    0,    0,    0,    0,    0,    0,    0,  -15,  -15,  -15,    0,    0,    0,    0,    0,  -19,    0,    0,    0,    0,    0,    0,    0,    0,    0,    0,    0,    0,    0,    0,    0,    0,    0,  -13,    0,
       0,    0,    0,    0,    0,    0,    0,    0,    0,    0,    0,    0,    0,    0,    0,    0,    0,    0,  -25,    0,    0,    0,    0,    0,    0,    0,    0,    0,    0,    0,  -26,    0,  -25,  -25,  -19,  -30,  -21,    0,    0,    0,    0,    0,    0,    0,    0,    0,    0,    0,    0,    0,    0,    0,    0,    0,    0,    0,    0,    0,    0,    0,    0,    0,    0,    0,    0,    0,    0,    0,    0,    0,    0,    0,    0,    0,    0,    0,    0,    0,    0,    0,    0,    0,    0,    0,    0,    0,  -26,  -26,  -26,    0,    0,    0,    0,    0,  -32,    0,    0,    0,    0,    0,    0,    0,    0,    0,    0,    0,    0,    0,    0,    0,    0,    0,  -25,    0,
       0,    0,    0,    0,    0,    0,    0,    0,    0,    0,    0,    0,    0,    0,    0,    0,    0,    0,    0,    0,    0,    0,    0,    0,    0,    0,  -21,    0,    0,    0,    0,    0,    0,    0,    0,    0,    0,    0,    0,    0,    0,    0,    0,    0,    0,    0,    0,    0,    0,    0,    0,    0,    0,    0,    0,    0,    0,    0,    0,    0,    0,    0,    0,    0,    0,    0,    0,    0,    0,    0,    0,    0,    0,    0,    0,    0,    0,    0,    0,    0,    0,    0,    0,    0,    0,    0,    0,    0,    0,    0,    0,    0,    0,    0,    0,    0,    0,    0,    0,    0,    0,    0,    0,    0,    0,    0,    0,    0,    0,    0,    0,    0,    0,    0,
       0,    0,    0,    0,    0,    0,    0,    0,  -15,    0,  -15,  -13,    0,    0,    0,    0,    0,    0,    0,    0,    0,    0,    0,    0,    0,    0,  -11,    0,    0,    0,  -11,    0,  -11,   -1,  -13,  -13,    0,    0,  -13,    0,    0,    0,    0,    0,    0,    0,    0,    0,    0,    0,    0,    0,    0,    0,    0,    0,    0,   -2,    0,    0,    0,    0,    0,    0,    0,    0,    0,    0,    0,    0,    0,    0,    0,    0,    0,    0,    0,    0,    0,    0,    0,    0,    0,    0,    0,    0,  -11,  -11,  -11,    0,    0,    0,    0,    0,  -11,    0,  -13,    0,    0,    0,  -15,    0,    0,    0,    0,    0,    0,    0,  -13,  -33,    0,    0,    0,    0,
     -26,    0,    0,    0,    0,    0,  -26,  -11,    0,  -11,    0,    7,   -2,  -14,    0,    0,    0,    0,    0,    0,    0,    0,    0,  -17,  -21,  -11,    5,    0,  -11,    0,  -29,   -8,  -25,  -19,    0,  -27,    0,  -26,    0,    0,   -1,    0,    1,    0,    0,    0,   -7,    0,  -23,  -23,    0,    0,  -11,    0,  -25,  -11,  -11,  -24,  -26,    0,    0,  -16,  -11,    0,  -11,    0,    0,    0,  -11,    0,    0,   -1,    1,    1,    1,    0,   -1,    0,  -23,    0,    0,    0,    0,    0,    0,   -1,  -29,  -29,  -48,    0,    0,    1,    0,    0,  -43,  -34,    0,    0,    0,  -11,    0,  -34,   -2,    0,    0,    0,    0,    0,    0,    0,    0,    0,  -17,    0,
       0,    0,    0,    0,    0,    0,    0,    0,    0,    0,    0,    0,    0,    0,    0,    0,    0,    0,    0,    0,    0,    0,    0,    0,    0,    0,    0,    0,    0,    0,  -18,    0,    0,    0,    0,    0,    0,    0,    0,    0,    0,    0,    0,    0,    0,    0,    0,    0,    0,    0,    0,    0,    0,    0,    0,    0,    0,    0,    0,    0,    0,    0,    0,    0,    0,    0,    0,    0,    0,    0,    0,    0,    0,    0,    0,   11,    0,    0,    0,    0,    0,    0,   11,   11,    0,    0,  -18,  -18,  -18,    0,    0,    0,    0,   11,  -16,    0,    0,    0,    0,    0,    0,    0,    0,    0,    0,    0,    0,    0,    0,    0,    0,    0,    0,    0,
       0,    0,    0,    0,    0,    0,    0,    0,    0,    0,    0,    0,    0,    0,    0,    0,    0,    0,    0,    0,    0,    0,    0,    0,    0,    0,   -6,    0,    0,    0,    0,    0,    0,    0,   -2,    0,    0,    0,  -13,    0,    0,    0,    0,    0,    0,    0,    0,    0,    0,    0,    0,    0,    0,    0,    0,    0,    0,    0,    0,    0,    0,    0,    0,    0,    0,    0,    0,    0,    0,    0,    0,    0,    0,    0,    0,   11,    0,    0,    0,    0,    0,    0,   11,   11,    0,    0,    0,    0,    0,    0,    0,    0,    0,   11,    0,    0,    0,    0,    0,    0,    0,    0,    0,    0,    0,    0,    0,    0,    0,    0,    0,    0,    0,    0,
       0,    0,    0,    0,    0,    0,    0,    0,    0,    0,    0,    0,    0,    0,    0,    0,    0,    0,    0,    0,    0,    0,    0,    0,    0,    0,    0,    0,    0,    0,    0,    0,    0,    0,    0,    0,    0,    0,    0,    0,    0,    0,    0,    0,    0,    0,    0,    0,    0,    0,    0,    0,    0,    0,    0,    0,    0,    0,    0,    0,    0,    0,    0,    0,    0,    0,    0,    0,    0,    0,    0,    0,    0,    0,    0,   25,    0,    0,    0,    0,    0,    0,   25,   25,    0,    0,    0,    0,    0,    0,    0,    0,   19,   25,    0,    0,    0,    0,    0,    0,    0,    0,    0,    0,    0,    0,    0,    0,    0,    0,    0,    0,    0,    0,
       0,    0,    0,    0,    0,    0,    0,    0,  -13,    0,  -24,   -1,    0,    0,    0,    0,    0,    0,    0,    0,    0,    0,    0,    0,    0,   -1,  -30,    0,   -1,  -23,    0,    0,    0,    0,    0,    0,    0,    0,  -11,   -7,  -11,    0,    0,    0,   -9,    0,    0,  -11,  -11,    0,    0,  -11,    0,    0,    0,    0,    0,    0,    0,    0,  -11,    0,    0,    0,    0,    0,    0,    0,    0,   -7,   -7,  -11,    0,    0,    0,    0,  -11,  -11,  -11,   -7,    0,    0,    0,    0,    0,  -11,    0,    0,    0,  -11,    0,    0,   39,    0,    0,    0,  -40,    0,    0,    0,  -42,    0,    0,    0,    0,    0,    0,    0,    0,  -19,    0,    0,    0,    0,
       0,    0,    0,    0,    0,    0,    0,    0,    0,    0,    0,    0,    0,    0,    0,    0,    0,    0,    0,    0,    0,    0,    0,    0,    0,    0,   -7,    0,    0,    0,  -10,    0,   -7,    0,   -2,   -7,    0,    0,    0,    0,    0,    0,    0,    0,    0,    0,    0,    0,    0,    0,    0,    0,    0,    0,    0,    0,    0,    0,    0,    0,    0,    0,    0,    0,    0,    0,    0,    0,    0,    0,    0,    0,    0,    0,    0,   11,    0,    0,    0,    0,    0,    0,   11,   11,    0,    0,  -10,  -10,  -10,    0,    0,    0,    7,   11,    0,    0,    0,    0,    0,    0,    0,    0,    0,    0,    0,    0,    0,    0,    0,    0,    0,    0,    0,    0,
       0,    0,    0,    0,    0,    0,    0,    0,  -11,    0,  -11,  -19,    0,    0,    0,    0,    0,    0,    0,    0,    0,    0,    0,    0,    0,    0,   -8,    0,    0,    0,    0,    0,    0,    0,    0,    0,    0,    0,  -17,    0,    0,    0,    0,    0,    0,    0,    0,    0,    0,    0,    0,    0,    0,    0,    0,    0,    0,    0,    0,    0,    0,    0,    0,    0,    0,    0,    0,    0,    0,    0,    0,    0,    0,    0,    0,    0,    0,    0,    0,    0,    0,    0,    0,    0,    0,    0,    0,    0,    0,    0,    0,    0,   16,    0,    0,    0,  -26,    0,    0,    0,  -11,    0,    0,    0,    0,    0,    0,    0,    0,    0,    0,    0,    0,    0,
       0,    0,   -4,    0,    0,    0,    0,  -36,    0,  -36,    0,    0,    0,    0,    0,    0,    0,    0,    0,    0,    0,    0,  -23,  -11,    0,  -12,    0,    0,  -12,    0,    0,    0,    0,    0,    0,    0,    0,    0,    0,    0,  -13,    0,    4,    0,    0,    0,    0,  -11,  -13,  -21,    0,    0,  -36,    0,    0,  -17,  -53,   -5,    0,    0,  -11,    0,  -51,    0,    0,    0,    0,    0,  -11,    0,    0,  -13,    4,    4,    4,   28,  -13,  -11,  -13,    0,    0,    0,   28,   28,    0,  -13,    0,    0,    0,  -11,    0,    4,   28,   28,    0,    0,    0,    0,    0,  -11,    0,    0,    0,    0,    0,    0,    0,    0,    0,    0,    0,    0,    0,  -11,
     -30,    0,    0,    0,    0,    0,  -57,  -28,    0,  -45,    0,    0,    0,  -15,    0,    0,    0,    0,    0,    0,    0,    0,    0,    0,   -6,   -9,    0,    0,   -9,    0,  -32,    0,  -23,    0,    0,  -19,    0,  -43,    0,    0,    0,    0,    0,    0,    0,    0,   -7,    0,  -23,    0,    0,    0,  -42,    0,  -32,  -21,  -72,  -27,  -59,    0,    0,  -29,  -49,    0,    0,    0,    0,    0,  -11,    0,    0,    0,    0,    0,    0,    0,    0,    0,  -23,    0,    0,    0,    0,    0,    0,    0,  -32,  -32,  -32,    0,    0,    0,    0,    0,  -28,  -13,    0,  -15,  -15,  -11,    0,  -36,    0,    0,    0,    0,    0,    0,    0,    0,    0,    0,    0,    0,
       0,    0,    0,    0,  -11,    0,    0,  -15,  -13,  -15,  -24,    0,    0,    0,    0,    0,    0,    0,    0,    0,    0,    0,    0,    0,    0,    0,  -25,    0,    0,  -32,   -1,    0,    0,    0,    0,    0,    0,    0,    0,   -2,   -4,    0,    0,    0,   -1,    0,    0,    0,    0,    0,    0,    0,  -15,    0,    0,    0,  -15,    0,    0,    0,    0,    0,  -15,    0,    0,    0,    0,    0,    0,   -2,   -2,   -4,    0,    0,    0,    0,   -4,    0,    0,   -2,    0,    0,    0,    0,    0,   -4,   -1,   -1,   -1,    0,    0,    0,    0,    0,    0,    0,  -47,    0,    0,    0,  -45,    0,    0,    0,    0,    0,    0,    0,    0,  -26,    0,    0,    0,    0,
       0,    0,    0,    0,    0,    0,    0,    0,    0,    0,    0,    0,    0,    0,    0,    0,    0,    0,    0,    0,    0,    0,    0,    0,    0,    0,    0,    0,    0,    0,   -1,    0,   -6,    0,    0,   -8,    0,    0,    0,   -2,   -5,    0,    0,    0,    0,    0,    0,    0,    0,    0,    0,    0,    0,    0,    0,    0,    0,    0,    0,    0,    0,    0,    0,    0,    0,    0,    0,    0,    0,   -2,   -2,   -5,    0,    0,    0,   15,   -5,    0,    0,   -2,    0,    0,   15,   15,    0,   -5,   -1,   -1,   -1,    0,    0,    0,    0,   15,    0,    0,    0,    0,    0,    0,    0,    0,    0,    0,    0,    0,    0,    0,    0,    0,    0,    0,    0,    0,
       0,    0,    0,    0,  -11,    0,    0,  -25,  -11,  -25,  -11,  -43,  -11,    0,    0,    0,  -23,    0,  -26,    0,    0,  -11,  -26,  -11,    0,  -11,  -29,    0,  -11,  -30,    0,    0,    0,    0,    0,    5,    0,    0,  -19,  -27,  -29,   -1,    0,    0,  -21,  -28,  -27,  -26,  -25,  -24,  -23,  -19,  -25,    0,    0,  -43,  -25,    0,    0,    0,  -60,    0,  -51,    0,  -17,    0,    0,    0,  -11,  -41,  -41,  -46,    0,    0,    0,   30,  -46,  -46,  -36,  -27,    0,    0,   30,   30,    0,  -29,    0,    0,    0,  -39,    0,    0,   42,   30,    0,    0,  -40,    0,    0,  -11,  -40,    0,    0,    0,    0,    0,    0,    0,    0,  -42,    0,    0,    0,    0,
       0,    0,    0,    0,  -17,    0,    0,  -17,  -32,  -17,  -32,  -16,   -4,    0,    0,    0,  -11,    0,    0,    0,    0,  -21,  -25,  -21,    0,  -22,  -25,    0,  -11,  -32,    0,    0,    6,    0,    0,    0,    0,    0,  -26,  -18,  -18,    0,    0,    0,   -3,  -15,    0,    0,    0,    0,    0,    0,  -17,    0,    0,  -19,  -38,    0,    0,    0,    0,    0,  -30,    0,    0,    0,    0,    0,  -13,  -18,  -31,  -18,    0,    0,    0,   28,  -33,    0,    0,  -18,    0,    0,   28,   28,    0,  -18,    0,    0,    0,    0,    0,    0,   13,   28,    0,    0,  -38,    0,    0,  -13,  -32,    0,    0,    0,    0,    0,    0,    0,  -44,  -51,    0,    0,    0,    0,
       0,    0,    0,    0,  -17,    0,    0,  -17,  -32,  -17,  -32,    0,    0,    0,    0,    0,  -11,    0,    0,    0,    0,  -17,  -25,  -21,    0,   -1,  -19,    0,   -1,  -21,    0,    0,    0,    7,    0,    0,    0,    0,    0,  -17,  -17,    0,    0,    0,  -10,  -11,    0,    0,    0,    0,    0,    0,  -17,    0,    0,  -19,  -17,    0,    0,    0,    0,    0,  -28,    0,    0,    0,    0,    0,    0,  -17,  -17,  -17,    0,    0,    0,    0,  -17,    0,    0,  -17,    0,    0,    0,    0,    0,  -17,    0,    0,    0,    0,    0,    0,   28,    0,    0,    0,  -36,    0,    0,    0,  -32,    0,    0,    0,    0,    0,    0,    0,  -29,  -35,    0,    0,    0,    0,
       0,    0,   -4,    0,    0,    0,    0,  -13,    0,  -13,    0,    0,  -11,    0,    0,   -7,  -13,    0,    0,   -7,    0,    0,  -19,  -17,    0,  -13,    0,    0,  -13,    0,  -10,    0,    0,    0,    0,    0,    0,    0,    0,  -19,   -9,    0,    0,    0,    0,    0,    0,    0,    0,    0,    0,    0,  -24,    0,    0,  -13,  -29,   -2,    0,    0,    0,    0,  -28,    0,    0,    0,    0,    0,  -15,  -19,  -19,   -9,    0,    0,    0,    0,   -9,    0,    0,  -19,    0,    0,    0,    0,    0,   -9,  -10,  -10,  -10,    0,    0,    0,   28,    0,    0,    0,    0,    0,    0,  -15,    0,    0,    0,    0,    0,    0,    0,    0,    0,    0,    0,  -11,    0,    0,
       0,    0,    0,    0,  -21,    0,    0,  -26,  -11,  -26,  -11,    0,    0,    0,    0,    0,  -23,    0,    0,    0,    0,  -21,  -34,  -32,    0,  -13,  -27,    0,  -13,  -11,    5,    0,    0,    0,    0,    0,    0,    0,    0,  -26,  -27,    0,   -9,    0,  -15,  -23,    0,  -13,    0,    0,    0,    0,  -26,    0,    0,  -30,  -43,   -3,    0,    0,  -13,    0,  -43,    0,  -21,    0,    0,    0,  -28,  -49,  -41,  -27,   -9,  -19,   -9,    0,  -27,  -13,    0,  -42,    0,    0,    0,    0,    0,  -46,    5,    5,    5,  -13,    0,   -9,   28,    0,    0,    0,  -36,    0,    0,  -13,  -43,    0,    0,    0,    0,    0,    0,    0,  -50,  -59,    0,    0,    0,  -11,
       0,    0,    0,    0,    0,    0,    0,  -13,    0,  -13,    0,    0,    0,    0,    0,    0,    0,    0,    0,    0,    0,    0,  -21,    0,    0,  -11,    0,    0,  -11,    0,    0,    0,    0,    0,    0,    0,    0,    0,    0,    0,    0,    0,    0,    0,    0,    0,    0,    0,    0,    0,    0,    0,  -13,    0,    0,  -11,  -13,    0,    0,    0,    0,    0,  -24,    0,    0,    0,    0,    0,    0,    0,    0,    0,    0,    0,    0,   28,    0,    0,    0,    0,    0,    0,   28,   28,    0,    0,    0,    0,    0,    0,    0,    0,   11,   28,    0,    0,    0,    0,    0,    0,    0,    0,    0,    0,    0,    0,    0,    0,    0,    0,    0,    0,    0,    0,
       0,    0,    0,    0,    0,    0,    0,    0,    0,    0,    0,    0,    0,    0,    0,    0,    0,    0,    0,    0,    0,    0,    0,    0,    0,    0,    0,    0,    0,    0,    0,    0,    0,    0,    0,    0,    0,    0,    0,    0,   -4,    0,    0,    9,    0,    0,    0,    0,    0,    0,    0,    0,    0,    0,    0,    0,    0,    0,    0,    0,    0,    0,    0,    0,    0,    0,    0,    0,    0,    0,    0,   -4,    0,    0,    0,    0,   -4,    0,    0,    0,    0,    0,    0,    0,    9,   -4,    0,    0,    0,    0,    0,    0,   28,    0,    0,    0,    0,    0,    0,    0,    0,    0,    0,    0,    0,    0,    0,    0,    0,    0,    0,    0,    0,    0,
     -26,    0,    0,    0,    0,    0,  -26,  -11,    0,  -11,    0,    7,   -2,  -14,    0,    0,    0,    0,    0,    0,    0,    0,    0,  -17,  -21,  -11,    5,    0,  -11,    0,  -42,   -8,  -41,  -38,    0,  -27,    0,  -26,    0,    0,   -1,    0,    1,    0,    0,    0,   -7,    0,  -40,  -23,    0,    0,  -11,    0,  -25,  -11,  -11,  -24,  -26,    0,    0,  -16,  -11,    0,  -11,    0,    0,    0,  -11,    0,    0,   -1,    1,    1,    1,    0,   -1,    0,  -40,    0,    0,    0,    0,    0,    0,   -1,  -42,  -42,  -42,    0,    0,    1,    0,    0,  -58,  -53,    0,    0,    0,  -11,    0,  -53,   -2,    0,    0,    0,    0,    0,    0,    0,    0,    0,  -17,    0,
       0,    0,    0,    0,    0,    0,  -23,    0,    0,    0,    0,    0,  -15,  -36,    0,  -15,  -19,  -15,    0,  -15,  -15,    0,    0,    0,    0,  -13,    0,    9,  -13,    0,  -19,  -13,  -26,    0,    0,    0,    0,  -23,    0,    0,    0,    0,    9,   32,    9,    0,    0,    0,  -26,    0,    0,    0,    0,    0,    0,    0,    0,    0,  -23,    0,    0,  -15,    0,    0,    0,    0,    0,    0,    0,    0,    0,    0,    9,    9,    9,    0,    0,    0,  -26,    0,    0,    9,    0,    0,   32,    0,  -19,  -19,  -19,    0,    9,    9,    0,    0,  -13,    0,    0,    0,    0,    0,    0,    0,    0,    0,    0,    0,    0,    0,    0,    0,    0,    0,  -17,    0,
      -4,    0,    0,    0,    0,    0,    0,    0,    0,    0,    0,    0,    0,  -13,    0,    0,    0,    0,    0,    0,    0,    0,    0,    0,    0,    0,    0,    0,    0,    0,  -25,    0,  -17,  -17,    0,  -25,    0,    0,    0,    0,    0,    0,    0,    0,    0,    0,    0,    0,   -6,    0,    0,    0,    0,    0,    0,    0,    0,   -3,    0,    0,    0,    0,    0,    0,    0,    0,    0,    0,    0,    0,    0,    0,    0,    0,    0,    0,    0,    0,   -6,    0,    0,    0,    0,    0,    0,    0,  -25,  -25,  -25,    0,    0,    0,    0,    0,  -15,   -8,    0,    0,    0,    0,    0,   -8,    0,    0,    0,    0,    0,    0,    0,    0,    0,    0,    0,    0,
      -7,    0,    0,    0,    0,   -4,    0,    0,    0,    0,    0,    0,    0,  -11,    0,    0,    0,    0,    0,    0,    0,    0,    0,    0,    0,    0,  -10,    0,    0,    0,  -30,    0,  -18,  -17,   -9,  -29,    0,    0,    0,    3,    0,    0,    0,    0,    0,    0,    0,    0,   -7,   -6,   -8,   -5,    0,    0,  -11,    0,    0,   -3,    0,    0,    0,    0,    0,    0,    0,    0,    0,    0,    0,    3,    3,    0,    0,    0,    0,    0,    0,    0,   -7,    3,    0,    0,    0,    0,    0,    0,  -30,  -30,  -30,    0,    0,    0,   12,    0,  -21,   -8,    0,    0,    0,    0,    0,   -8,    0,    0,    0,    0,    0,    0,    0,    0,    0,    0,    0,    0,
       0,    0,    0,    0,    0,    0,    0,   -9,  -19,   -9,  -19,   -9,    0,    0,    0,    0,  -21,    0,    0,    0,    0,    0,    0,    0,    0,    0,  -11,    0,    0,  -21,    0,    0,    0,    0,    0,    3,    0,    0,   -5,   -5,   -8,  -12,    0,    0,    0,   -7,  -11,    0,    0,    6,    0,    0,   -9,    0,    0,  -13,   -9,    0,    0,    0,    0,    0,   -9,    0,    0,    0,    0,    0,   -7,   -5,   -5,   -8,    0,    0,    0,   34,   -8,    0,    0,   -5,    0,    0,   34,   47,    0,   -8,    0,    0,    0,    0,    0,    0,   15,   45,    0,    0,  -30,    0,    0,   -7,  -19,    0,    0,    0,    0,    0,    0,    0,    0,  -13,    0,    0,    0,    0,
       0,    0,    0,    0,    0,    0,    0,    0,    0,    0,    0,    0,    0,    0,    0,    0,    0,    0,    0,    0,    0,    0,    0,    0,    0,    0,    0,    0,    0,    0,  -17,    0,    0,    0,    0,    0,    0,    0,    0,    0,    0,    0,    0,    0,    0,    0,    0,    0,    0,    0,    0,    0,    0,    0,    0,    0,    0,    0,    0,    0,    0,    0,    0,    0,    0,    0,    0,    0,    0,    0,    0,    0,    0,    0,    0,    0,    0,    0,    0,    0,    0,    0,    0,    0,    0,    0,  -17,  -17,  -17,    0,    0,    0,    0,    0,    0,    0,    0,    0,    0,    0,    0,    0,    0,    0,    0,    0,    0,    0,    0,    0,    0,    0,    0,    0,
       0,    0,    0,    0,    0,    2,    0,    0,    0,    0,    0,    0,    0,    0,    0,    0,    0,    0,    0,    0,    0,    0,    0,    0,    0,    0,    0,    0,    0,    0,    0,    0,    0,    0,    0,    0,    0,    0,    0,    0,    0,    0,    0,    0,    0,    0,    1,    0,    0,    0,    0,    0,    0,    2,    0,    0,    0,    0,    0,    0,    0,    0,    0,    0,    0,    0,    0,    0,    0,    0,    0,    0,    0,    0,    0,   23,    0,    0,    0,    0,    0,    0,   35,   23,    0,    0,    0,    0,    0,    0,    0,    0,   28,   35,    0,    0,    0,    0,    0,    0,    0,    0,    0,    0,    0,    0,    0,    0,    0,    0,    0,    0,    0,    0,
       0,    0,    0,    0,    0,    0,    0,  -15,    0,  -15,    0,    0,    0,    0,    0,    0,  -15,    0,    0,    0,    0,    0,  -28,    0,    0,    0,    0,    0,    0,    0,  -19,    0,    0,    0,    0,    0,    0,    0,    0,    0,   -7,    0,    0,    0,    0,    0,    0,    0,    0,    0,    0,    0,  -15,    0,    0,  -17,  -38,    0,    0,    0,    0,    0,  -15,    0,    0,    0,    0,    0,    0,    0,    0,   -7,    0,    0,    0,    0,   -7,    0,    0,    0,    0,    0,    0,    0,    0,   -7,  -19,  -19,  -19,    0,    0,    0,    0,    0,    0,    0,    0,    0,    0,    0,    0,    0,    0,    0,    0,    0,    0,    0,    0,    0,    0,    0,    0,    0,
       0,    0,    0,    0,    0,    0,    0,  -13,  -21,  -13,  -21,  -11,    0,    0,    0,    0,    0,    0,    0,    0,    0,    0,  -13,    0,    0,    0,  -13,    3,    0,  -19,  -19,    0,    0,    0,    0,    0,  -11,    0,    0,   -1,   -5,    5,    3,    4,    4,    0,    5,    0,    5,    3,    4,    0,  -13,    0,    0,    0,  -24,    0,    0,    0,    0,    0,  -13,    0,    0,    0,    0,    0,    0,   -1,   -1,   -5,    3,    3,    3,    9,   -5,    0,    5,   -1,    0,    3,    9,    9,    4,   -5,  -19,  -19,  -19,    0,    3,    3,    0,    9,  -13,    5,  -26,    0,    0,    0,  -21,    5,    0,    0,    0,    0,    0,    0,    0,  -17,    0,    0,    0,    0,
      -2,    0,    0,    0,    0,    0,    0,    0,    0,    0,    0,    0,    0,    0,    0,    0,    0,    0,    0,    0,    0,    0,    0,    0,    0,    0,    0,    0,    0,    0,  -25,    0,  -15,  -11,    0,  -25,    0,    0,    0,    0,    0,    0,    0,    0,    0,    0,    1,    0,   -1,    0,    0,    0,    0,    0,    0,    0,    0,   -3,    0,    0,    0,    0,    0,    0,    0,    0,    0,    0,    0,    0,    0,    0,    0,    0,    0,    0,    0,    0,   -1,    0,    0,    0,    0,    0,    0,    0,  -25,  -25,  -25,    0,    0,    0,    0,    0,  -17,    0,   -4,    0,    0,    0,    0,    0,    0,    0,    0,    0,    0,    0,    0,    0,    0,    0,    0,    0,
       0,    0,    0,    0,    0,    0,    0,   -7,    0,   -7,    0,    0,    0,    0,    0,    0,   -5,    0,    0,    0,    0,    0,   -9,    0,    0,    0,    0,    0,    0,    0,  -11,    0,   -3,   -3,    0,   -5,    0,    0,    0,    2,   -3,   -7,    0,    3,    0,   -3,   -3,    0,    7,    6,    0,    0,   -7,    0,    0,    0,   -7,    0,    0,    0,    0,    0,   -7,    0,    0,    0,    0,    0,   -4,    2,    2,   -3,    0,    0,    0,    0,   -3,    0,    7,    2,    0,    0,    0,    0,    3,   -3,  -11,  -11,  -11,    0,    0,    0,   15,    0,  -13,    2,    0,    0,    0,   -4,    0,    2,    0,    0,    0,    0,    0,    0,    0,   11,    0,    0,    0,    0,
       0,    0,    0,    0,    0,    0,    0,  -13,    0,  -13,    0,  -11,    0,    0,    0,    0,    0,    0,    0,    0,    0,    0,  -13,    0,    0,    0,    0,    0,    0,    0,  -17,    0,    0,    0,    0,  -19,    0,    0,  -11,    0,    0,    0,    0,    0,    0,    0,    0,    0,    0,    0,    0,    0,  -13,    0,    0,    0,  -24,    0,    0,    0,    0,    0,  -13,    0,    0,    0,    0,    0,    0,    0,    0,    0,    0,    0,    0,    0,    0,    0,    0,    0,    2,    0,    0,    0,    0,    0,  -17,  -42,  -17,    0,    0,    0,    0,    0,  -13,    5,    0,    0,    0,    0,    0,    5,    0,    0,    0,    0,    0,    0,    0,  -21,    0,    0,    0,    0,
       0,    0,    0,    0,    0,    0,    0,  -11,  -16,  -11,  -16,  -19,    0,    0,    0,    0,    0,    0,    0,    0,    0,    0,  -11,  -13,    0,    0,  -23,    2,    0,  -21,  -11,    0,    0,    0,    0,  -11,    0,    0,  -26,   -2,   -7,    5,    0,    0,    0,   -1,    5,    0,    0,    0,    0,    0,  -11,    0,    0,  -13,  -11,    0,    0,    0,    0,    0,  -11,    0,    0,    0,    0,    0,    0,   -2,   -2,   -7,    0,    0,    0,    0,   -7,    0,    0,   -2,    0,    2,    0,    0,    0,   -7,  -11,  -32,  -11,    0,    2,    0,    2,    0,    0,    3,  -26,    0,    0,    0,  -41,    3,    0,    0,    0,    0,    0,    0,    0,  -17,    0,    0,    0,    0,
       0,    0,    0,    0,  -11,    0,    0,    0,  -25,    0,  -25,    0,    0,    0,    0,    0,    0,    0,    0,    0,    0,    0,    0,    0,    0,    0,  -23,    0,    0,  -19,  -17,    0,    0,    0,    0,    0,  -11,    0,    0,    0,   -6,    0,    0,    0,    0,    0,    0,    0,    0,    0,    0,    0,    0,    0,    0,  -11,    0,    0,    0,    0,    0,    0,    0,    0,    0,    0,    0,    0,    0,    0,    0,   -6,    0,    0,    0,    0,   -6,    0,    0,    0,    0,    0,    0,    0,    0,   -6,  -17,  -17,  -17,    0,    0,    0,    0,    0,    0,    3,  -26,    0,    0,    0,  -25,    3,    0,    0,    0,    0,    0,    0,    0,    0,    0,    0,    0,    0,
       0,    0,    0,    0,    0,    0,    0,   -7,    0,   -7,    0,    0,    0,    0,    0,    0,    0,    0,    0,    0,    0,    0,    0,  -11,    0,    0,    0,    0,    0,    0,  -21,    0,    0,    0,    0,    0,    0,    0,    0,   -1,   -8,    6,    0,    0,    0,    0,    6,    0,    0,    0,    0,    0,   -7,    0,    0,  -11,   -7,    0,    0,    0,    0,    0,   -7,    0,    0,    0,    0,    0,    0,   -1,   -1,   -8,    0,    0,    0,    0,   -8,    0,    0,   -1,    0,    0,    0,    0,    0,   -8,  -21,  -21,  -21,    0,    0,    0,    0,    0,    0,    0,    0,    0,    0,    0,    0,    0,    0,    0,    0,    0,    0,    0,    0,    0,    0,    0,    0,    0,
       0,    0,    0,    0,    0,    0,    0,    0,    0,    0,    0,    0,    0,    0,    0,    0,    0,    0,    0,    0,    0,    0,    0,    0,    0,    0,    0,    0,    0,    0,  -11,    0,    0,    0,    0,    0,    0,    0,    0,    0,   -5,    0,    0,    0,    0,    0,    0,    0,    0,    0,    0,    0,    0,    0,    0,    0,    0,    0,    0,    0,    0,    0,    0,    0,    0,    0,    0,    0,    0,    0,    0,   -5,    0,    0,    0,    0,   -5,    0,    0,    0,    0,    0,    0,    0,    0,   -5,  -11,  -11,  -11,    0,    0,    0,    0,    0,    0,    0,    0,    0,    0,    0,    0,    0,    0,    0,    0,    0,    0,    0,    0,    0,    0,    0,    0,    0,
       0,    0,    0,    0,    0,    0,    0,    0,    0,    0,    0,    0,    0,    0,  -11,   -4,    0,    0,   -7,    0,    0,    0,    0,    0,    0,    0,  -11,    0,    0,  -15,  -25,    0,  -17,  -17,  -24,  -26,    0,    0,    0,    0,    0,    0,    0,    0,    0,    0,    0,    0,   -1,    0,   -7,    0,    0,    0,    0,    0,    0,    0,    0,    0,    0,   -6,    0,    0,    0,    0,    0,    0,    0,    0,    0,    0,    0,    0,    0,    0,    0,    0,   -1,    0,    0,    0,    0,    0,    0,    0,  -36,  -36,  -25,    0,    0,    0,    0,    0,  -21,    0,    0,    0,    0,    0,    0,    0,    0,    0,    0,    0,    0,    0,    0,    0,    0,    0,    0,    0,
       0,    0,    0,    0,    0,    0,    0,    0,    0,    0,    0,    0,    0,    0,    0,    0,    0,    0,    0,    0,    0,    0,    0,    0,    0,    0,    0,    0,    0,    0,  -23,    0,  -11,    0,    0,  -23,    0,    0,    0,    0,    0,    0,    0,    0,    0,    0,    0,    0,    0,    0,    0,    0,    0,    0,    0,    0,    0,    0,    0,    0,    0,    0,    0,    0,    0,    0,    0,    0,    0,    0,    0,    0,    0,    0,    0,    0,    0,    0,    0,    0,    0,    0,    0,    0,    0,    0,  -23,  -23,  -23,    0,    0,    0,    0,    0,  -11,    0,    0,    0,    0,    0,    0,    0,    0,    0,    0,    0,    0,    0,    0,    0,    0,    0,    0,    0,
       0,    0,    0,    0,    0,    0,    0,    0,    0,    0,    0,    0,    0,    0,    0,    0,    0,    0,    0,    0,    0,    0,    0,    0,    0,    0,    0,    0,    0,    0,    0,    0,    0,    0,    0,    0,    0,    0,    0,    0,    0,    0,   11,    0,    0,    0,    0,    0,    0,    0,    0,    0,    0,    0,    0,    0,    0,    0,    0,    0,    0,    0,    0,    0,    0,    0,    0,    0,    0,    0,    0,    0,   11,   11,   11,    0,    0,    0,    0,    0,    0,    0,    0,    0,    0,    0,    0,    0,    0,    0,    0,   11,   15,    0,    0,    0,    0,    0,    0,    0,    0,    0,    0,    0,    0,    0,    0,    0,    0,    0,    0,    0,    0,    0,
       0,    0,    0,    0,  -13,    0,    0,    0,    0,    0,    0,    0,    0,    0,    0,    0,    0,    0,    0,    0,    0,    0,    0,    0,    0,    0,  -25,    0,    0,  -25,    0,    0,    0,    0,    0,    0,    0,    0,    0,    0,  -11,    0,    0,    0,    0,    0,    0,    0,    0,    0,    0,    0,    0,    0,    0,    0,    0,    0,    0,    0,    0,    0,    0,    0,    0,    0,    0,    0,    0,    0,    0,  -11,    0,    0,    0,    0,  -11,    0,    0,    0,    0,    0,    0,    0,    0,  -11,    0,    0,    0,    0,    0,    0,    0,    0,    0,    0,    0,    0,    0,    0,    0,    0,    0,    0,    0,    0,    0,    0,    0,    0,    0,    0,    0,    0,
       0,    0,    0,    0,    0,    0,    0,    0,    0,    0,    0,    0,    0,    0,    0,    0,    0,    0,    0,    0,    0,    0,    0,    0,    0,    0,  -11,    0,    0,    0,  -17,    0,    0,    0,    0,  -21,    0,    0,    0,    0,    0,    0,    0,    0,    0,    0,    0,    0,    0,    0,    0,    0,    0,    0,    0,    0,    0,    0,    0,    0,    0,    0,    0,    0,    0,    0,    0,    0,    0,    0,    0,    0,    0,    0,    0,    0,    0,    0,    0,    0,    0,    0,    0,    0,    0,    0,  -17,  -17,  -17,    0,    0,    0,    0,    0,    0,    0,    0,    0,    0,    0,    0,    0,    0,    0,    0,    0,    0,    0,    0,    0,    0,    0,    0,    0,
       0,    0,    0,    0,  -11,    0,    0,    0,    0,    0,    0,    0,    0,    0,    0,    0,  -16,    0,    0,    0,    0,    0,    0,    0,    0,   -2,  -24,    0,   -2,  -24,    0,    0,    0,    0,   -2,   -3,    0,    0,    0,   -4,   -9,    0,    0,    0,    0,   -4,    0,    0,    0,    0,    0,    0,    0,    0,    0,    0,    0,    0,    0,    0,    0,    0,    0,    0,    0,    0,    0,    0,    0,   -4,   -4,   -9,    0,    0,    0,    0,   -9,    0,    0,   -4,    0,    0,    0,    0,    0,   -9,    0,    0,    0,    0,    0,    0,    0,    0,    0,    0,    0,    0,    0,    0,    0,    0,    0,    0,    0,    0,    0,    0,    0,    0,    0,    0,    0,    0,
       0,    0,    0,    0,    0,    0,    0,    0,    0,    0,    0,    0,    0,    0,    0,    0,    0,    0,    0,    0,    0,    0,    0,    0,    0,    0,    0,    0,    0,    0,    0,    0,    0,    0,    0,    0,    0,    0,    0,    0,    0,    0,    0,    0,    0,    0,    0,    0,    0,    0,    0,    0,    0,    0,    0,    0,    0,    0,    0,    0,    0,    0,    0,    0,    0,    0,    0,    0,    0,    0,    0,    0,    0,    0,    0,    0,    0,    0,    0,    0,    0,    0,    0,    0,    0,    0,    0,    0,    0,    0,    0,    0,    0,    0,    0,    0,    0,    0,    0,    0,    0,    0,    0,   -3,    0,    0,    0,    0,    0,    0,    0,    0,    0,    0,
       0,    0,    0,    0,    0,    0,    0,  -13,    0,  -13,    0,  -11,    0,    0,    0,    0,    0,    0,    0,    0,    0,    0,  -13,    0,    0,    0,    0,    0,    0,    0,  -17,    0,    0,    0,    0,  -19,    0,    0,  -11,    0,    0,    0,    0,    0,    0,    0,    0,    0,    0,    0,    0,    0,  -13,    0,    0,    0,  -24,    0,    0,    0,    0,    0,  -13,    0,    0,    0,    0,    0,    0,    0,    0,    0,    0,    0,    0,    0,    0,    0,    0,    0,    2,    0,    0,    0,    0,    0,  -17,  -42,  -17,    0,    0,    0,    0,    0,  -30,    5,    0,    0,    0,    0,    0,    5,    0,    0,    0,    0,    0,    0,    0,  -21,    0,    0,    0,    0,
       0,    0,    0,    0,    0,    0,    0,    0,    0,    0,    0,    0,    0,    0,  -11,   -4,    0,    0,   -7,    0,    0,    0,    0,    0,    0,    0,  -11,    0,    0,  -15,  -51,    0,  -30,  -17,  -28,  -43,    0,    0,    0,    0,    0,    0,    0,    0,    0,    0,    0,    0,   -1,    0,   -7,    0,    0,    0,    0,    0,    0,    0,    0,    0,    0,   -6,    0,    0,    0,    0,    0,    0,    0,    0,    0,    0,    0,    0,    0,    0,    0,    0,   -1,    0,    0,    0,    0,    0,    0,    0,  -51,  -51,  -51,    0,    0,    0,    0,    0,  -21,    0,    0,    0,    0,    0,    0,    0,    0,    0,    0,    0,    0,    0,    0,    0,    0,    0,    0,    0,
       0,    0,    0,    0,    0,    0,    0,    0,    0,    0,    0,    0,    0,  -13,  -17,  -15,    0,    0,  -17,  -11,    0,    0,    0,    0,    0,    0,  -11,    0,    0,    0,  -43,    0,  -21,  -19,  -13,  -30,  -11,    0,    0,    0,    0,    0,    0,    0,    0,    0,    0,    0,  -11,  -11,  -11,    0,    0,    0,    0,    0,    0,    0,    0,    0,    0,    0,    0,    0,    0,    0,    0,    0,    0,    0,    0,    0,    0,    0,    0,    0,    0,    0,  -11,    0,    0,    0,    0,    0,    0,    0,  -43,  -43,  -43,    0,    0,    0,    0,    0,  -28,    0,    0,    0,    0,    0,    0,    0,    0,    0,    0,    0,    0,    0,    0,    0,    0,    0,    0,    0,
       0,    0,    0,    0,    0,    0,    0,    0,    0,    0,    0,    0,    0,    0,    0,    0,    0,    0,    0,    0,    0,    0,    0,    0,    0,    0,    0,    0,    0,    0,  -23,    0,  -28,  -24,    0,    0,    0,    0,    0,    0,    0,    0,    0,    0,    0,    0,    0,    0,    0,    0,    0,    0,    0,    0,    0,    0,    0,    0,    0,    0,    0,    0,    0,    0,    0,    0,    0,    0,    0,    0,    0,    0,    0,    0,    0,    0,    0,    0,    0,    0,    0,    0,    0,    0,    0,    0,  -23,  -23,  -23,    0,    0,    0,    0,    0,  -21,  -11,    0,    0,    0,    0,    0,  -11,    0,    0,    0,    0,    0,    0,    0,    0,    0,    0,    0,    0,
       0,    0,    0,    0,    0,    0,    0,    0,    0,    0,    0,    0,    0,    0,    0,    0,    0,    0,    0,    0,    0,    0,    0,    0,    0,    0,    0,    0,    0,    0,    0,    0,    0,    0,    0,    0,    0,    0,    0,    0,    0,    0,    0,    0,    0,    0,    0,    0,    0,    0,    0,    0,    0,    0,    0,    0,    0,    0,    0,    0,    0,    0,    0,    0,    0,    0,    0,    0,    0,    0,    0,    0,    0,    0,    0,    7,    0,    0,    0,    0,    0,    0,    7,    7,    0,    0,    0,    0,    0,    0,    0,    0,   13,    7,    0,    0,    0,    0,    0,    0,    0,    0,    0,    0,    0,    0,    0,    0,    0,    0,    0,    0,    0,    0,
       0,    0,    0,    0,    0,    0,    0,    0,    0,    0,    0,    0,    0,    0,    0,    0,    0,    0,    0,    0,    0,    0,    0,    0,    0,    0,  -11,    0,    0,    0,  -30,    0,  -13,    0,  -15,  -15,    0,    0,    0,    0,    0,    0,    0,    0,    0,    0,    0,    0,    0,    0,    0,    0,    0,    0,    0,    0,    0,    0,    0,    0,    0,    0,    0,    0,    0,    0,    0,    0,    0,    0,    0,    0,    0,    0,    0,    0,    0,    0,    0,    0,    0,    0,    0,    0,    0,    0,  -30,  -30,  -30,    0,    0,    0,    0,    0,    0,    0,    0,    0,    0,    0,    0,    0,    0,    0,    0,    0,    0,    0,    0,    0,    0,    0,  -11,    0,
       0,    0,    0,    0,    0,    0,    0,    0,  -34,    0,  -34,    0,    0,    0,    0,    0,    0,    0,    0,    0,    0,    0,    0,    0,    0,    0,  -13,    0,    0,  -13,  -19,    0,  -17,    0,    0,    0,  -13,    0,    0,    0,    0,    0,    0,    0,    0,    0,    0,    0,    0,    0,    0,    0,    0,    0,    0,    0,    0,    0,    0,    0,    0,    0,    0,    0,    0,    0,    0,    0,    0,    0,    0,    0,    0,    0,    0,    0,    0,    0,    0,    0,    0,    0,    0,    0,    0,    0,  -19,  -19,  -19,    0,    0,    0,    0,    0,  -19,    0,  -42,    0,    0,    0,  -34,    0,    0,    0,    0,    0,    0,    0,    0,    0,    0,    0,    0,    0,
       0,    0,    0,    0,    0,    0,    0,    0,    0,    0,    0,    0,    0,    0,    0,    0,    0,    0,    0,    0,    0,    0,    0,    0,    0,    0,    0,    0,    0,    0,  -18,    0,    0,    0,    0,    0,    0,    0,    0,    0,    0,    0,    0,    0,    0,    0,    0,    0,    0,    0,    0,    0,    0,    0,    0,    0,    0,    0,    0,    0,    0,    0,    0,    0,    0,    0,    0,    0,    0,    0,    0,    0,    0,    0,    0,   11,    0,    0,    0,    0,    0,    0,   11,   11,    0,    0,  -18,  -18,  -18,    0,    0,    0,    0,   11,  -39,    0,    0,    0,    0,    0,    0,    0,    0,    0,    0,    0,    0,    0,    0,    0,    0,    0,    0,    0,
       0,    0,    0,    0,    0,    0,    0,    0,    0,    0,    0,    0,    0,    0,    0,    0,    0,    0,    0,    0,    0,    0,    0,    0,    0,    0,    0,    0,    0,    0,  -26,    0,    0,    0,    0,    0,    0,    0,    0,    0,    0,    0,    0,    0,    0,    0,    0,    0,    0,    0,    0,    0,    0,    0,    0,    0,    0,    0,    0,    0,    0,    0,    0,    0,    0,    0,    0,    0,    0,    0,    0,    0,    0,    0,    0,    0,    0,    0,    0,    0,    0,    0,    0,    0,    0,    0,  -26,  -26,  -26,    0,    0,    0,    0,    0,    0,    0,    0,    0,    0,    0,    0,    0,    0,    0,    0,    0,    0,    0,    0,    0,    0,    0,    0,    0,
       0,    0,    0,    0,    0,    2,    0,    0,    0,    0,    0,    0,    0,    0,    0,    0,    0,    0,    0,    0,    0,    0,    0,    0,    0,    0,    0,    0,    0,    0,    0,    0,    0,    0,    0,    0,    0,    0,    0,    0,    0,    0,    0,    0,    0,    0,    1,    0,    0,    0,    0,    0,    0,    2,    0,    0,    0,    0,    0,    0,    0,    0,    0,    0,    0,    0,    0,    0,    0,    0,    0,    0,    0,    0,    0,   35,    0,    0,    0,    0,    0,    0,   36,   35,    0,    0,    0,    0,    0,    0,    0,    0,   24,   35,    0,    0,    0,    0,    0,    0,    0,    0,    0,    0,    0,    0,    0,    0,    0,    0,    0,    0,    0,    0,
       0,    0,    0,    0,    0,    0,    0,    0,    0,    0,    0,    0,    0,   15,    0,    0,    0,    0,   30,    0,    0,    0,    0,    0,    0,    0,    0,   21,    0,    0,   30,    0,   28,    0,    0,    0,   30,    0,    0,    0,    0,   13,   23,   23,    9,    0,   17,    0,    0,    0,    0,    0,    0,    0,    0,    0,    0,    0,    0,    0,    0,    0,    0,    0,    0,    0,    7,    0,    0,    0,    0,    0,   35,   23,   35,   57,    0,    0,    0,    0,    0,   21,   57,   57,   34,    0,   30,   30,   30,    0,   46,   35,   17,   57,    0,    0,    0,    0,    0,    0,    0,    0,    0,    0,    0,    0,    0,    0,    0,    0,    0,    0,    0,    0,
      -4,    0,    0,    0,    0,    0,    0,    0,    0,    0,    0,    0,    0,  -13,    0,    0,    0,    0,    0,    0,    0,    0,    0,    0,    0,    0,    0,    0,    0,    0,  -42,    0,  -17,  -17,    0,  -25,    0,    0,    0,    0,    0,    0,    0,    0,    0,    0,    0,    0,   -6,    0,    0,    0,    0,    0,    0,    0,    0,   -3,    0,    0,    0,    0,    0,    0,    0,    0,    0,    0,    0,    0,    0,    0,    0,    0,    0,    0,    0,    0,   -6,    0,    0,    0,    0,    0,    0,    0,  -42,  -42,  -42,    0,    0,    0,    0,    0,  -15,   -8,    0,    0,    0,    0,    0,   -8,    0,    0,    0,    0,    0,    0,    0,    0,    0,    0,    0,    0,
      -7,    0,    0,    0,    0,   -4,    0,    0,    0,    0,    0,    0,    0,  -11,    0,    0,    0,    0,    0,    0,    0,    0,    0,    0,    0,    0,  -10,    0,    0,    0,  -47,    0,  -18,  -17,   -9,  -29,    0,    0,    0,    3,    0,    0,    0,    0,    0,    0,    0,    0,   -7,   -6,   -8,   -5,    0,    0,  -11,    0,    0,   -3,    0,    0,    0,    0,    0,    0,    0,    0,    0,    0,    0,    3,    3,    0,    0,    0,    0,    0,    0,    0,   -7,    3,    0,    0,    0,    0,    0,    0,  -47,  -47,  -47,    0,    0,    0,   12,    0,  -21,   -8,    0,    0,    0,    0,    0,   -8,    0,    0,    0,    0,    0,    0,    0,    0,    0,    0,    0,    0,
      -4,    0,    0,    0,    0,    0,    0,    0,    0,    0,    0,    0,    0,  -13,    0,    0,    0,    0,    0,    0,    0,    0,    0,    0,    0,    0,    0,    0,    0,    0,  -49,    0,  -17,  -17,    0,  -25,    0,    0,    0,    0,    0,    0,    0,    0,    0,    0,    0,    0,   -6,    0,    0,    0,    0,    0,    0,    0,    0,   -3,    0,    0,    0,    0,    0,    0,    0,    0,    0,    0,    0,    0,    0,    0,    0,    0,    0,    0,    0,    0,   -6,    0,    0,    0,    0,    0,    0,    0,  -49,  -49,  -49,    0,    0,    0,    0,    0,  -15,   -8,    0,    0,    0,    0,    0,   -8,    0,    0,    0,    0,    0,    0,    0,    0,    0,    0,    0,    0,
      11,    0,    0,    0,    0,   33,   19,    0,    0,    0,    0,    0,    0,   15,    0,    0,    0,    0,   15,    0,    0,    0,    0,    0,    0,    0,    0,   11,    0,    0,   13,    0,    0,    0,    0,    0,    0,   19,    0,    0,    0,    0,   13,    9,    9,    0,    0,    0,    0,    0,    0,    0,    0,    0,   14,    0,    0,    6,   19,    0,    0,    0,    0,    0,    0,    0,    0,    0,    0,    0,    0,    0,   13,   13,   29,   17,    0,    0,    0,    0,    0,   11,   17,   17,    9,    0,   13,   13,   13,    0,   11,   30,   15,   17,   11,    0,    0,    0,    0,    0,    0,    0,    0,    0,    0,    0,    0,    0,    0,  -13,    0,    0,    0,    0,
       0,    0,    0,    0,    0,    0,    0,    0,    0,    0,    0,    0,    0,    0,    0,    0,    0,    0,    0,    0,    0,    0,    0,    0,    0,    0,    0,   11,    0,    0,   11,    0,    0,    0,    0,    0,    0,    0,    0,    0,    0,    0,   11,   13,    0,    0,    0,    0,    0,    0,    0,    0,    0,    0,    0,    0,    0,    0,    0,    0,    0,    0,    0,    0,    0,    0,    0,    0,    0,    0,    0,    0,   11,   11,   13,   13,    0,    0,    0,    0,    0,   13,   13,   13,   13,    0,   11,   11,   11,    0,   11,   11,   13,   13,    0,    0,    0,    0,    0,    0,    0,    0,    0,    0,    0,    0,    0,    0,    0,    0,    0,    0,    0,    0,
       0,    0,    0,    0,    0,    0,    0,    0,    0,    0,    0,    0,    0,   15,    0,    0,    0,    0,   30,    0,    0,    0,    0,    0,    0,    0,    0,   21,    0,    0,   30,    0,   28,    0,    0,    0,   30,    0,    0,    0,    0,   13,   36,   34,    9,    0,   17,    0,    0,    0,    0,    0,    0,    0,    0,    0,    0,    0,    0,    0,    0,    0,    0,    0,    0,    0,    7,    0,    0,    0,    0,    0,   36,   36,   36,   57,    0,    0,    0,    0,    0,   21,   57,   57,   34,    0,   30,   30,   30,    0,   46,   36,   36,   57,    0,    0,    0,    0,    0,    0,    0,    0,    0,    0,    0,    0,    0,    0,    0,    0,    0,    0,    0,    0,
       0,    0,    0,    0,    0,    0,    0,    0,    0,    0,    0,    0,    0,   15,    0,    0,    0,    0,   30,    0,    0,    0,    0,    0,    0,    0,    0,   21,    0,    0,   30,    0,   28,    0,    0,    0,   30,    0,    0,    0,    0,   13,   36,   36,    9,    0,   17,    0,    0,    0,    0,    0,    0,    0,    0,    0,    0,    0,    0,    0,    0,    0,    0,    0,    0,    0,    7,    0,    0,    0,    0,    0,   36,   36,   36,   57,    0,    0,    0,    0,    0,   21,   57,   57,   36,    0,   30,   30,   30,    0,   46,   36,   17,   57,    0,    0,    0,    0,    0,    0,    0,    0,    0,    0,    0,    0,    0,    0,    0,    0,    0,    0,    0,    0,
       0,    0,    0,    0,    0,    0,    0,    0,    0,    0,    0,    0,    0,   15,    0,    0,    0,    0,   30,    0,    0,    0,    0,    0,    0,    0,    0,   21,    0,    0,   30,    0,   28,    0,    0,    0,   30,    0,    0,    0,    0,   13,   36,   23,    9,    0,   17,    0,    0,    0,    0,    0,    0,    0,    0,    0,    0,    0,    0,    0,    0,    0,    0,    0,    0,    0,    7,    0,    0,    0,    0,    0,   36,   36,   36,   57,    0,    0,    0,    0,    0,   21,   57,   57,   34,    0,   30,   30,   30,    0,   46,   36,   17,   57,    0,    0,    0,    0,    0,    0,    0,    0,    0,    0,    0,    0,    0,    0,    0,    0,    0,    0,    0,    0,
       0,    0,    0,    0,    0,    2,    0,    0,    0,    0,    0,    0,    0,    0,    0,    0,    0,    0,    0,    0,    0,    0,    0,    0,    0,    0,    0,    0,    0,    0,    0,    0,    0,    0,    0,    0,    0,    0,    0,    0,    0,    0,    0,    0,    0,    0,    1,    0,    0,    0,    0,    0,    0,    2,    0,    0,    0,    0,    0,    0,    0,    0,    0,    0,    0,    0,    0,    0,    0,    0,    0,    0,    0,    0,    0,   35,    0,    0,    0,    0,    0,    0,   36,   35,    0,    0,    0,    0,    0,    0,    0,    0,   24,   36,    0,    0,    0,    0,    0,    0,    0,    0,    0,    0,    0,    0,    0,    0,    0,    0,    0,    0,    0,    0,
     -30,    0,    0,    0,    0,    0,  -59,  -45,    0,  -45,    0,    0,    0,  -15,    0,    0,    0,    0,    0,    0,    0,    0,    0,    0,   -6,   -9,    0,    0,   -9,    0,  -32,    0,  -23,    0,    0,  -19,    0,  -59,    0,    0,    0,    0,    0,    0,    0,    0,   -7,    0,  -23,    0,    0,    0,  -43,    0,  -32,  -21,  -45,  -27,  -59,    0,    0,  -29,  -45,    0,    0,    0,    0,    0,  -11,    0,    0,    0,    0,    0,    0,    0,    0,    0,  -23,    0,    0,    0,    0,    0,    0,    0,  -32,  -32,  -32,    0,    0,    0,    0,    0,  -28,  -13,    0,  -15,  -15,  -11,    0,  -36,    0,    0,    0,    0,    0,    0,    0,    0,    0,    0,    0,    0,
       0,    0,    0,    0,    0,    0,    0,    0,    0,    0,    0,    0,    0,    0,    0,    0,    0,    0,    0,    0,    0,    0,    0,    0,    0,    0,    0,    0,    0,    0,    0,    0,    0,    0,    0,    0,    0,    0,    0,    0,    0,    0,    0,    0,    0,    0,    4,    0,    2,    0,    0,    0,    0,    0,    0,    0,    0,    0,    0,    0,    0,    0,    0,    0,    0,    0,    0,   11,    0,    0,    0,    0,    0,    0,    0,   21,    0,    0,    2,    0,   11,    0,   21,   21,    0,    0,    0,    0,    0,    0,    0,    0,   29,   21,    0,    0,    0,    0,    0,    0,    0,    0,    0,    0,    0,    0,    0,    0,    0,    0,    0,    0,    0,    0,
     -30,    0,    0,    0,    0,    0,  -57,  -42,    0,  -42,    0,    0,    0,  -15,    0,    0,    0,    0,    0,    0,    0,    0,    0,    0,   -6,   -9,    0,    0,   -9,    0,  -32,    0,  -23,    0,    0,  -19,    0,  -43,    0,    0,    0,    0,    0,    0,    0,    0,   -7,    0,  -23,    0,    0,    0,  -40,    0,  -32,  -21,  -42,  -27,  -59,    0,    0,  -29,  -42,    0,    0,    0,    0,    0,  -11,    0,    0,    0,    0,    0,    0,    0,    0,    0,  -23,    0,    0,    0,    0,    0,    0,    0,  -32,  -32,  -32,    0,    0,    0,    0,    0,  -28,  -13,    0,  -15,  -15,  -11,    0,  -36,    0,    0,    0,    0,    0,    0,    0,    0,    0,    0,    0,    0,
       0,    0,    0,    0,    0,    0,    0,    0,    0,    0,    0,    0,    0,    0,    0,    0,    0,    0,    0,    0,    0,    0,    0,    0,    0,    0,    0,    0,    0,    0,    0,    0,    0,    0,    0,  -11,    0,    0,    0,    0,    0,    0,    0,    0,    0,    0,    0,    0,    0,    0,    0,    0,    0,    0,    0,    0,    0,    0,    0,    0,    0,    0,    0,    0,    0,    0,    0,    0,    0,    0,    0,    0,    0,    0,    0,    0,    0,    0,    0,    0,    0,    0,    0,    0,    0,    0,    0,    0,    0,    0,    0,    0,    0,    0,    0,    0,    0,    0,    0,    0,    0,    0,    0,    0,    0,    0,    0,    0,    0,    0,    0,    0,    0,    0,
       0,    0,    0,    0,    0,    0,    0,    0,    0,    0,    0,    0,    0,    0,    0,    0,    0,    0,    0,    0,    0,    0,    0,    0,    0,    0,    0,    0,    0,    0,    0,    0,    0,    0,    0,    0,    0,    0,    0,    0,    0,    0,    0,    0,    0,    0,    4,    0,    2,    0,    0,    0,    0,    0,    0,    0,    0,    0,    0,    0,    0,    0,    0,    0,    0,    0,    0,   22,    0,    0,    0,    0,    0,    0,    0,   21,    0,    0,    2,    0,   11,    0,   21,   21,    0,    0,    0,    0,    0,    0,    0,    0,   16,   21,    0,    0,    0,    0,    0,    0,    0,    0,    0,    0,    0,    0,    0,    0,    0,    0,    0,    0,    0,    0,
     -30,    0,    0,    0,    0,    0,  -55,  -28,    0,  -45,    0,    0,    0,  -15,    0,    0,    0,    0,    0,    0,    0,    0,    0,    0,   -6,   -9,    0,    0,   -9,    0,  -32,    0,  -23,    0,    0,  -38,    0,  -55,    0,    0,    0,    0,    0,    0,    0,    0,   -7,    0,  -23,    0,    0,    0,  -42,    0,  -32,  -21,  -72,  -27,  -55,    0,    0,  -29,  -49,    0,    0,    0,    0,    0,  -11,    0,    0,    0,    0,    0,    0,    0,    0,    0,  -23,    0,    0,    0,    0,    0,    0,    0,  -32,  -32,  -32,    0,    0,    0,    0,    0,  -28,  -24,    0,  -15,  -15,  -11,    0,  -24,    0,    0,    0,    0,    0,    0,    0,    0,    0,    0,    0,    0,
       0,    0,    0,    0,    0,    0,    0,    0,    0,    0,    0,    0,    0,    0,    0,    0,    0,    0,    0,    0,    0,    0,    0,    0,    0,    0,    0,    0,    0,    0,    0,    0,    0,    0,    0,    0,    0,    0,    0,    0,    0,    0,    0,    0,    0,    0,   11,    0,    2,    0,    0,    0,    0,    0,    0,    0,    0,    0,    0,    0,    0,    0,    0,    0,    0,    0,    0,   22,    0,    0,    0,    0,    0,    0,    0,   21,    0,    0,    2,    0,   11,    0,   21,   21,    0,    0,    0,    0,    0,    0,    0,    0,   16,   21,    0,    0,    0,    0,    0,    0,    0,    0,    0,    0,    0,    0,    0,    0,    0,    0,    0,    0,    0,    0,
       0,    0,    0,    0,  -11,    0,    0,  -36,  -11,  -36,  -11,  -43,  -11,    0,    0,    0,  -23,    0,  -26,    0,    0,  -11,  -26,  -11,    0,  -11,  -29,    0,  -11,  -30,    0,    0,    0,    0,    0,    5,    0,    0,  -19,  -27,  -29,   -1,    0,    0,  -21,  -28,  -27,  -37,  -25,  -24,  -47,  -31,  -36,    0,    0,  -43,  -36,    0,    0,    0,  -37,    0,  -36,    0,  -17,    0,    0,    0,  -11,  -41,  -41,  -46,    0,    0,    0,   30,  -46,  -37,  -36,  -27,    0,    0,   30,   30,    0,  -29,    0,    0,    0,  -37,    0,    0,   42,   30,    0,    0,  -40,    0,    0,  -11,  -40,    0,    0,    0,    0,    0,    0,    0,    0,  -42,    0,    0,    0,    0,
       0,    0,    0,    0,  -11,    0,    0,  -36,  -11,  -36,  -11,  -43,  -11,    0,    0,    0,  -23,    0,  -26,    0,    0,  -11,  -26,  -11,    0,  -11,  -29,    0,  -11,  -30,    0,    0,    0,    0,    0,    5,    0,    0,  -19,  -27,  -29,   -1,    0,    0,  -21,  -28,  -27,  -26,  -25,  -24,  -23,  -19,  -36,    0,    0,  -43,  -36,    0,    0,    0,  -60,    0,  -36,    0,  -17,    0,    0,    0,  -11,  -41,  -41,  -46,    0,    0,    0,   30,  -46,  -46,  -36,  -27,    0,    0,   30,   30,    0,  -29,    0,    0,    0,  -39,    0,    0,   42,   30,    0,    0,  -40,    0,    0,  -11,  -40,    0,    0,    0,    0,    0,    0,    0,    0,  -42,    0,    0,    0,    0,
       0,    0,    0,    0,  -11,    0,    0,  -25,  -11,  -25,  -11,  -43,  -11,    0,    0,    0,  -23,    0,  -26,    0,    0,  -11,  -26,  -11,    0,  -11,  -48,    0,  -11,  -70,    0,    0,    0,    0,    0,    5,    0,    0,  -19,  -27,  -29,   -1,    0,    0,  -21,  -28,  -27,  -26,  -25,  -24,  -23,  -19,  -25,    0,    0,  -43,  -25,    0,    0,    0,  -60,    0,  -51,    0,  -17,    0,    0,    0,  -11,  -41,  -41,  -46,    0,    0,    0,   30,  -46,  -46,  -36,  -27,    0,    0,   30,   30,    0,  -29,    0,    0,    0,  -39,    0,    0,   42,   30,    0,    0,  -40,    0,    0,  -11,  -40,    0,    0,    0,    0,    0,    0,    0,    0,  -66,    0,    0,    0,    0,
       0,    0,    0,    0,    0,    0,    0,    0,    0,    0,    0,    0,    0,    0,    0,    0,    0,    0,    0,    0,    0,    0,    0,    0,    0,    0,    0,    0,    0,    0,    0,    0,    0,    0,    0,    0,    0,    0,    0,  -18,  -21,  -10,    0,    0,  -18,  -18,   -9,  -18,  -18,  -18,  -18,  -18,    0,    0,    0,    0,    0,    0,    0,    0,  -18,    0,    0,    0,    0,    0,    0,    0,    0,  -18,  -18,  -21,    0,    0,    0,    0,  -21,  -18,  -18,  -18,    0,    0,    0,    0,    0,  -21,    0,    0,    0,  -18,    0,    0,    0,    0,    0,    0,    0,    0,    0,    0,    0,    0,    0,    0,    0,    0,    0,    0,    0,    0,    0,    0,    0,    0,
       0,    0,    0,    0,    0,    0,    0,    0,    0,    0,    0,    0,    0,    0,    0,    0,    0,    0,    0,    0,    0,    0,    0,    0,    0,    0,    0,    0,    0,    0,  -24,    0,    0,    0,    0,    0,    0,    0,    0,    0,   -5,    0,    0,    0,    0,    0,    0,    0,    0,    0,    0,    0,    0,    0,    0,    0,    0,    0,    0,    0,    0,    0,    0,    0,    0,    0,    0,    0,    0,    0,    0,   -5,    0,    0,    0,    0,   -5,    0,    0,    0,    0,    0,    0,    0,    0,   -5,  -24,  -24,  -24,    0,    0,    0,    0,    0,    0,    0,    0,    0,    0,    0,    0,    0,    0,    0,    0,    0,    0,    0,    0,    0,    0,    0,    0,    0,
       0,    0,    0,    0,    0,    2,    0,    0,    0,    0,    0,    0,    0,    0,    0,    0,    0,    0,    0,    0,    0,    0,    0,    0,    0,    0,    0,    0,    0,    0,    0,    0,    0,    0,    0,    0,    0,    0,    0,    0,    0,    0,    0,    0,    0,    0,    1,    0,    0,    0,    0,    0,    0,    2,    0,    0,    0,    0,    0,    0,    0,    0,    0,    0,    0,    0,    0,    0,    0,    0,    0,    0,    0,    0,    0,   35,    0,    0,    0,    0,    0,    0,   35,   35,    0,    0,    0,    0,    0,    0,    0,    0,   39,   35,    0,    0,    0,    0,    0,    0,    0,    0,    0,    0,    0,    0,    0,    0,    0,    0,    0,    0,    0,    0,
      -7,    0,    0,    0,    0,   -4,    0,    0,    0,    0,    0,    0,    0,  -11,    0,    0,    0,    0,    0,    0,    0,    0,    0,    0,    0,    0,  -10,    0,    0,    0,  -56,    0,  -18,  -17,   -9,  -29,    0,    0,    0,    3,    0,    0,    0,    0,    0,    0,    0,    0,   -7,   -6,   -8,   -5,    0,    0,  -11,    0,    0,   -3,    0,    0,    0,    0,    0,    0,    0,    0,    0,    0,    0,    3,    3,    0,    0,    0,    0,    0,    0,    0,   -7,    3,    0,    0,    0,    0,    0,    0,  -56,  -56,  -56,    0,    0,    0,   12,    0,  -21,   -8,    0,    0,    0,    0,    0,   -8,    0,    0,    0,    0,    0,    0,    0,    0,    0,    0,    0,    0,
       0,    0,    0,    0,    0,    0,    0,    0,    0,    0,    0,    0,    0,    0,    0,    0,    0,    0,    0,    0,    0,    0,    0,    0,    0,    0,    0,    0,    0,    0,    0,    0,    0,    0,    0,    0,    0,    0,    0,    0,    0,    0,    0,    0,    0,    0,    0,    0,    0,    0,    0,    0,    0,    0,    0,    0,    0,    0,    0,    0,    0,    0,    0,    0,    0,    0,    0,    0,    0,    0,    0,    0,    0,    0,    0,    0,    0,    0,    0,    0,    0,    0,    0,    0,    0,    0,    0,    0,    0,    0,    0,    0,   11,    0,    0,    0,    0,    0,    0,    0,    0,    0,    0,    0,    0,    0,    0,    0,    0,    0,    0,    0,    0,    0,
       0,    0,    0,    0,    0,    0,    0,  -13,    0,  -13,    0,  -11,    0,    0,    0,    0,    0,    0,    0,    0,    0,    0,  -13,    0,    0,    0,    0,    0,    0,    0,  -32,    0,    0,    0,    0,  -19,    0,    0,  -11,    0,    0,    0,    0,    0,    0,    0,    0,    0,    0,    0,    0,    0,  -13,    0,    0,    0,  -24,    0,    0,    0,    0,    0,  -13,    0,    0,    0,    0,    0,    0,    0,    0,    0,    0,    0,    0,    0,    0,    0,    0,    0,    2,    0,    0,    0,    0,    0,  -32,  -32,  -32,    0,    0,    0,    0,    0,  -13,    5,    0,    0,    0,    0,    0,    5,    0,    0,    0,    0,    0,    0,    0,  -21,    0,    0,    0,    0,
       0,    0,    0,    0,    0,    0,    0,    0,    0,    0,    0,    0,    0,    0,    0,    0,    0,    0,    0,    0,    0,    0,    0,    0,    0,    0,    0,    0,    0,    0,    0,    0,    0,    0,    0,    0,    0,    0,    0,    0,    0,    0,    0,    0,    0,    0,    0,    0,    0,    0,    0,    0,    0,    0,    0,    0,    0,    0,    0,    0,    0,    0,    0,    0,    0,    0,    0,    0,    0,    0,    0,    0,    0,    0,    0,    7,    0,    0,    0,    0,    0,    0,    7,    7,    0,    0,    0,    0,    0,    0,    0,    0,   24,    7,    0,    0,    0,    0,    0,    0,    0,    0,    0,    0,    0,    0,    0,    0,    0,    0,    0,    0,    0,    0,
       0,    0,    0,    0,    0,    2,    0,    0,    0,    0,    0,    0,    0,    0,    0,    0,    0,    0,    0,    0,    0,    0,    0,    0,    0,    0,    0,    0,    0,    0,    0,    0,    0,    0,    0,    0,    0,    0,    0,    0,    0,    0,    0,    0,    0,    0,    1,    0,    0,    0,    0,    0,    0,    2,    0,    0,    0,    0,    0,    0,    0,    0,    0,    0,    0,    0,    0,    0,    0,    0,    0,    0,    0,    0,    0,   35,    0,    0,    0,    0,    0,    0,   35,   35,    0,    0,    0,    0,    0,    0,    0,    0,   28,   35,    0,    0,    0,    0,    0,    0,    0,    0,    0,    0,    0,    0,    0,    0,    0,    0,    0,    0,    0,    0,
       0,    0,    0,    0,    0,    0,    0,    0,    0,    0,    0,    0,    0,   15,    0,    0,    0,    0,   30,    0,    0,    0,    0,    0,    0,    0,    0,   21,    0,    0,   30,    0,   28,    0,    0,    0,   30,    0,    0,    0,    0,   13,   35,   36,    9,    0,   17,    0,    0,    0,    0,    0,    0,    0,    0,    0,    0,    0,    0,    0,    0,    0,    0,    0,    0,    0,    7,    0,    0,    0,    0,    0,   35,   35,   35,   57,    0,    0,    0,    0,    0,   21,   57,   57,   36,    0,   30,   30,   30,    0,   46,   35,   32,   71,    0,    0,    0,    0,    0,    0,    0,    0,    0,    0,    0,    0,    0,    0,    0,    0,    0,    0,    0,    0,
       0,    0,    0,    0,  -21,    0,    0,    0,  -28,    0,  -28,  -32,    0,    0,    0,    0,  -21,    0,    0,    0,    0,    0,    0,    0,    0,    0,  -32,    0,    0,  -49,    0,    0,    0,    0,    0,    0,    0,    0,    0,    0,  -14,    0,    0,    0,    0,   -8,    0,    0,    0,    0,    0,    0,    0,    0,    0,    0,    0,    0,    0,    0,    0,    0,    0,    0,    0,  -21,    0,    0,    0,    0,    0,  -14,    0,    0,    0,    0,  -14,    0,    0,    0,    0,    0,    0,    0,    0,  -14,    0,    0,    0,    0,    0,    0,    0,    0,    0,    0,  -21,    0,    0,    0,  -28,    0,    0,    0,    0,    0,    0,    0,    0,    0,    0,    0,    0,    0,
       0,  -42,    0,    0,  -23,    0,    0,  -21,  -33,  -21,  -33,  -47,  -15,    0,    0,    0,  -32,    0,  -21,  -13,    0,  -19,  -32,  -19,    0,  -19,  -46,    0,  -19,  -42,    0,    0,    0,    0,    0,    0,    0,    0,  -13,  -19,  -21,    0,    0,    0,   -7,  -26,    5,  -13,    5,    0,    0,    0,  -36,    0,    0,  -28,  -21,    0,    0,    0,  -28,   -4,  -21,    0,    0,  -23,    0,    0,    0,  -19,  -19,  -21,    0,    0,    0,    0,  -21,  -13,    5,  -19,    0,    0,    0,    0,    0,  -21,    0,    0,    0,  -13,    0,    0,    0,    0,    0,    0,    0,    0,    0,    0,  -33,    0,    0,    0,    0,    0,    0,    0,    0,    0,    0,    0,    0,    0,
       0,    0,    0,    0,    0,    0,    0,    0,    0,    0,    0,    0,    0,  -23,    0,    0,    0,    0,    0,    0,    0,    0,    0,    0,    0,    0,    0,    0,    0,    0,  -32,    0,  -30,  -21,    0,  -36,    0,    0,    0,  -11,    0,    0,    0,    0,    0,    0,    0,    0,  -17,    0,    0,    0,    0,    0,    0,    0,    0,    0,    0,    0,    0,    0,    0,    0,    0,    0,    0,    0,    0,  -11,  -11,    0,    0,    0,    0,    0,    0,    0,  -17,  -11,    0,    0,    0,    0,    0,    0,  -32,  -32,  -32,    0,    0,    0,    0,    0,  -42,  -32,    0,    0,    0,    0,    0,  -32,    0,    0,    0,    0,    0,    0,    0,    0,    0,    0,    0,    0,
       0,    0,    0,    0,    0,    0,    0,    0,    0,    0,    0,    0,    0,    0,    0,    0,    0,    0,    0,    0,    0,    0,    0,    0,    0,    0,  -11,    0,    0,    0,  -11,    0,  -13,    0,  -15,  -15,    0,    0,    0,    0,    0,    0,    0,    0,    0,    0,    0,    0,    0,    0,    0,    0,    0,    0,    0,    0,    0,    0,    0,    0,    0,    0,    0,    0,    0,    0,    0,    0,    0,    0,    0,    0,    0,    0,    0,    0,    0,    0,    0,    0,    0,    0,    0,    0,    0,    0,  -11,  -11,  -11,    0,    0,    0,    0,    0,    0,    0,    0,    0,    0,    0,    0,    0,    0,    0,    0,    0,    0,    0,    0,    0,    0,    0,  -11,    0,
     -27,    0,    0,    0,    0,    0,    0,    0,    0,    0,    0,    0,   -8,  -30,    0,   -8,    0,   -5,   -5,   -7,   -2,    0,    0,    0,  -33,  -15,    0,    0,  -15,    0,  -11,    0,    0,    0,    0,  -11,    0,    0,    0,    0,    0,    0,    0,    0,    0,    0,    0,    0,    0,    0,    0,    0,    0,    0,    0,    0,    0,    0,    0,    0,    0,  -18,    0,    0,    0,    0,    0,    0,    0,    0,    0,    0,    0,    0,    0,    0,    0,    0,    0,    0,    0,    0,    0,    0,    0,    0,  -11,  -11,  -11,    0,    0,    0,    0,    0,    0,  -19,    0,  -45,  -61,    0,    0,  -19,    0,    0,    0,    0,    0,    0,    0,    0,    0,    0,    0,    0,
       0,    0,    0,    0,    0,    0,    0,    0,    0,    0,    0,    0,    0,    0,    0,    0,    0,    0,    0,    0,    0,    0,    0,    0,    0,    0,    0,    0,    0,    0,    0,    0,    0,    0,    0,    0,    0,    0,    0,    0,    0,    0,    0,    0,    0,    0,    0,    0,    0,    0,    0,    0,    0,    0,    0,    0,    0,    0,    0,    0,    0,    0,    0,    0,    0,    0,    0,    0,    0,    0,    0,    0,    0,    0,    0,    0,    0,    0,    0,    0,    0,    0,    0,    0,    0,    0,    0,    0,    0,    0,    0,    0,    0,    0,    0,    0,    0,    0,    0,    0,    0,    0,    0,    0,    0,    0,    7,    0,    0,    0,    0,    0,    0,    0,
       0,    0,    0,    0,    0,    0,    0,    0,    0,    0,    0,    0,    0,    0,    0,    0,    0,    0,    0,    0,    0,    0,    0,    0,    0,    0,    0,    0,    0,    0,    0,    0,    0,    0,    0,    0,    0,    0,    0,    0,    0,    0,    0,    0,    0,    0,    0,    0,    0,    0,    0,    0,    0,    0,    0,    0,    0,    0,    0,    0,    0,    0,    0,   -2,    0,    0,    0,    0,    0,    0,    0,    0,    0,    0,    0,    0,    0,    0,    0,    0,    0,    0,    0,    0,    0,    0,    0,    0,    0,    0,    0,    0,    0,    0,    0,    0,    0,    0,    0,    0,    0,    0,    0,    0,   -5,    0,    0,    0,    0,    0,    0,    0,    0,    0,
       0,    0,    0,    0,    0,    0,    0,    0,    0,    0,    0,    0,    0,    0,    0,    0,    0,    0,    0,    0,    0,    0,    0,    0,    0,    0,    0,    0,    0,    0,    0,    0,    0,    0,    0,    0,    0,    0,    0,    0,    0,    0,    0,    0,    0,    0,    0,    0,    0,    0,    0,    0,    0,    0,    0,    0,    0,    0,    0,    0,    0,    0,    0,    0,    0,    0,    0,    0,    0,    0,    0,    0,    0,    0,    0,    0,    0,    0,    0,    0,    0,    0,    0,    0,    0,    0,    0,    0,    0,    0,    0,    0,    0,    0,    0,    0,    0,    0,    0,    0,    0,    0,    0,  -18,    4,   -2,    0,  -11,    0,    0,    0,    0,    0,    0,
       0,    0,    0,    0,    0,    0,    0,    0,    0,    0,    0,    0,    0,    0,    0,    0,    0,    0,    0,    0,    0,    0,    0,    0,    0,    0,    0,    0,    0,    0,    0,    0,    0,    0,    0,    0,    0,    0,    0,    0,    0,    0,    0,    0,    0,    0,    0,    0,    0,    0,    0,    0,    0,    0,    0,    0,    0,    0,    0,   -7,    0,    0,    0,    0,    0,    0,    0,    0,    0,    0,    0,    0,    0,    0,    0,    0,    0,    0,    0,    0,    0,    0,    0,    0,    0,    0,    0,    0,    0,    0,    0,    0,    0,    0,    0,    0,    0,    0,    0,    0,    0,    0,    0,    0,   -5,    0,    0,    0,    0,    0,    0,    0,    0,    0,
       0,    0,    0,    0,    0,    0,    0,    0,    0,    0,    0,    0,    0,  -30,    0,    0,    0,    0,    0,    0,    0,    0,    0,    0,    0,  -13,    0,    0,  -13,    0,  -42,    0,  -44,  -29,    0,  -50,    0,    0,    0,    0,    0,    0,    0,    5,    0,    0,    0,    0,  -17,    0,    0,    0,    0,    0,    0,    0,    0,    0,    0,    0,    0,    0,    0,    0,    0,    0,    0,    0,    0,    0,    0,    0,    0,    0,    0,    0,    0,    0,  -17,    0,    0,    0,    0,    0,    5,    0,  -42,  -42,  -66,    0,    0,    0,    0,    0,    0,    0,    0,    0,    0,    0,    0,    0,    0,    0,    0,    0,    0,    0,    0,   -8,   -5,    0,    0,    0,
       0,    0,    0,    0,    0,    0,    0,    0,    0,    0,    0,    0,    0,    0,    0,    0,    0,    0,    0,    0,    0,    0,    0,    0,    0,    0,    0,    0,    0,    0,    0,    0,    0,    0,    0,    0,    0,    0,    0,    0,    0,    0,    0,    0,    0,    0,    0,    0,    0,    0,    0,    0,    0,    0,    0,    0,    0,    0,    0,    0,    0,    0,    0,    0,    0,    0,    0,    0,    0,    0,    0,    0,    0,    0,    0,    0,    0,    0,    0,    0,    0,    0,    0,    0,    0,    0,    0,    0,    0,    0,    0,    0,    0,    0,    0,    0,    0,    0,    0,    0,    0,    0,    0,    0,    0,    0,    0,    0,   -5,    0,    0,    0,    0,    0,
       0,    0,    0,    0,    0,    0,    0,    0,    0,    0,    0,    0,    0,    0,    0,    0,    0,    0,    0,    0,    0,    0,    0,    0,    0,    0,    0,    0,    0,    0,    0,    0,    0,    0,    0,    0,    0,    0,    0,    0,    0,    0,    0,    0,    0,    0,    0,    0,    0,    0,    0,    0,    0,    0,    0,    0,    0,    0,    0,    0,    0,    0,    0,    0,    0,    0,    0,    0,    0,    0,    0,    0,    0,    0,    0,    0,    0,    0,    0,    0,    0,    0,    0,    0,    0,    0,    0,    0,    0,    0,    0,    0,    0,    0,    0,    0,    0,    0,    0,    0,    0,    0,    0,    0,    0,    0,    0,    0,    0,  -16,    0,    0,    0,    0,
       0,    0,    0,    0,    0,    0,    0,    0,    0,    0,    0,    0,    0,    0,    0,    0,    0,    0,    0,    0,    0,    0,    0,    0,    0,    0,    0,    0,    0,    0,    0,    0,    0,    0,    0,    0,    0,    0,    0,    0,    0,    0,    0,    0,    0,    0,    0,    0,    0,    0,    0,    0,    0,    0,    0,    0,    0,    0,    0,    0,    0,    0,    0,    0,    0,    0,    0,    0,    0,    0,    0,    0,    0,    0,    0,    0,    0,    0,    0,    0,    0,    0,    0,    0,    0,    0,    0,    0,    0,    0,    0,    0,   13,    0,    0,    0,    0,    0,    0,    0,    0,    0,    0,    0,    0,    0,    0,    0,    0,    0,    0,    0,    0,    0,
       0,    0,    0,    0,    0,    0,    0,    0,    0,    0,    0,    0,   -1,    0,    0,    0,    0,    0,    0,    0,    0,    0,    0,    0,    0,    0,    0,    0,    0,    0,    0,    0,    0,    0,    0,    0,    0,    0,    0,    0,    0,    0,    0,    0,    0,    0,    0,    0,    0,    0,    0,    0,    0,    0,    0,    0,    0,    0,    0,    0,    0,    0,    0,    0,    0,    0,    0,    0,    0,    0,    0,    0,    0,    0,    0,    0,    0,    0,    0,    0,    0,    0,    0,    0,    0,    0,    0,    0,    0,    0,    0,    0,    0,    0,    0,    0,    0,    0,    0,    0,    0,    0,    0,    0,    0,    0,    0,    0,    0,    0,    0,    0,    0,    0,
       0,    0,    0,    0,    0,    0,    0,    0,  -23,    0,  -23,  -13,    0,    0,    0,    0,    0,    0,    0,    0,    0,    0,    0,    0,    0,    0,    0,    0,    0,    0,    0,    0,    0,    0,    0,    0,    0,    0,  -17,    0,    0,    0,    0,    0,    0,    0,    0,    0,    0,    0,    0,    0,    0,    0,    0,    0,    0,    0,    0,    0,    0,    0,    0,    0,    0,    0,    0,    0,    0,    0,    0,    0,    0,    0,    0,    0,    0,    0,    0,    0,    0,    0,    0,    0,    0,    0,    0,    0,    0,    0,    0,    0,    0,    0,    0,    0,    0,    0,    0,    0,  -23,    0,    0,    0,    0,    0,    0,    0,    0,    0,    0,    0,    0,    0,
};

static const EpdFontData inter_10_regular = {
    inter_10_regularBitmaps,
    inter_10_regularGlyphs,
    inter_10_regularIntervals,
    56,
    25,
    21,
    -6,
    true,
    inter_10_regularGroups,
    10,
    nullptr,
    inter_10_regularKernLeftClasses,
    inter_10_regularKernRightClasses,
    inter_10_regularKernMatrix,
    450,
    453,
    118,
    114,
    nullptr,
    0,
};
