/**
 * generated by fontconvert.py
 * name: inter_12_bold
 * size: 12
 * mode: 2-bit  compressed: true
 * Command used: fontconvert.py inter_12_bold 12 ../builtinFonts/source/Inter/Inter-Bold.ttf --2bit --compress --pnum --exclude-intervals 0x0400,0x04FF --exclude-intervals 0x1EA0,0x1EF9 --exclude-intervals 0x01A0,0x01A1 --exclude-intervals 0x01AF,0x01B0
 */
#pragma once
#include "EpdFontData.h"

static const uint8_t inter_12_boldBitmaps[16762] = {
    0x9D, 0x58, 0xBF, 0x73, 0xDC, 0xC6, 0x15, 0x7E, 0x38, 0x98, 0xC4, 0x8C, 0x30, 0x13, 0xB8, 0xC8,
    0x25, 0x33, 0x56, 0x81, 0xD4, 0xCE, 0xC4, 0xF8, 0x07, 0x24, 0x62, 0x65, 0x17, 0x2A, 0x5C, 0x88,
    0x85, 0x58, 0xA9, 0x50, 0x6D, 0xA6, 0xE0, 0x3F, 0x10, 0x69, 0x31, 0xFE, 0x07, 0xC2, 0xC2, 0xAE,
    0xE3, 0x22, 0x4D, 0x98, 0x42, 0x8D, 0xAB, 0x8C, 0xC4, 0x45, 0xA2, 0xD2, 0x0D, 0x54, 0x64, 0x5C,
    0xB8, 0x08, 0xAC, 0x91, 0x9D, 0x99, 0xB8, 0xD0, 0x4E, 0x08, 0x4D, 0x60, 0x12, 0x87, 0xCD, 0xF7,
    0xED, 0xE2, 0x8E, 0xA7, 0x13, 0x4D, 0x59, 0x02, 0xF0, 0xF6, 0x0E, 0xD8, 0xC5, 0xEE, 0xDB, 0xF7,
    0xBE, 0xF7, 0x0B, 0x22, 0x65, 0xBD, 0x71, 0x56, 0x3C, 0x8B, 0x6A, 0x4B, 0x44, 0x72, 0xC5, 0x27,
    0x45, 0x25, 0x3C, 0x8E, 0xF3, 0x7A, 0x75, 0xDD, 0xCF, 0x78, 0xDD, 0xCB, 0x42, 0x0F, 0x8E, 0x9D,
    0xD8, 0xCA, 0x3D, 0x4F, 0xAD, 0x3C, 0x4C, 0xDA, 0x2B, 0xE3, 0x83, 0xD3, 0xDC, 0xB9, 0xB1, 0x00,
    0x45, 0x7D, 0x56, 0x47, 0x5D, 0x56, 0xCD, 0x6C, 0x56, 0xFD, 0xFA, 0xC5, 0xC1, 0x67, 0xDA, 0xB9,
    0xDE, 0x80, 0xEE, 0x7C, 0xA7, 0x77, 0x93, 0x66, 0x47, 0xD2, 0x7A, 0x47, 0x30, 0x17, 0xE8, 0xA1,
    0xC8, 0x36, 0xE6, 0x4A, 0x41, 0x57, 0x95, 0xCC, 0xDC, 0x42, 0x32, 0xE7, 0xAA, 0xD2, 0xB9, 0x46,
    0x7F, 0x95, 0x5B, 0xF3, 0x71, 0x0A, 0x12, 0xD1, 0xDF, 0x88, 0x94, 0xEE, 0x10, 0x7D, 0xA3, 0x44,
    0xC6, 0xD5, 0x92, 0x3A, 0x2B, 0x69, 0x66, 0xFF, 0x92, 0x26, 0x9D, 0x4B, 0xD3, 0xCE, 0x60, 0x2C,
    0xDE, 0x69, 0xB1, 0x7E, 0xC5, 0x39, 0x24, 0x55, 0x61, 0x4E, 0xCC, 0x1D, 0xED, 0x92, 0xD9, 0x62,
    0x90, 0xB8, 0x11, 0x3D, 0x62, 0x49, 0x79, 0x58, 0x48, 0x2E, 0xD2, 0xE7, 0x72, 0xDD, 0xB7, 0xBD,
    0xC8, 0x50, 0xCC, 0x2C, 0x56, 0x39, 0xC6, 0x10, 0x8C, 0xE4, 0x16, 0xB7, 0x0F, 0x0B, 0xBF, 0xC9,
    0x7B, 0xB3, 0x3F, 0xA3, 0xED, 0x33, 0x27, 0x32, 0xB3, 0xE5, 0x03, 0x25, 0x49, 0xBD, 0x83, 0x29,
    0xB2, 0xEA, 0x7A, 0x5A, 0x4B, 0x21, 0xD7, 0xF1, 0xFF, 0x0F, 0xB2, 0x83, 0x37, 0x3A, 0x29, 0x9C,
    0x40, 0x1A, 0xE9, 0xC2, 0xBF, 0x87, 0x45, 0xB7, 0xC0, 0x83, 0x98, 0x4E, 0xFC, 0xAE, 0x24, 0x1E,
    0x31, 0x45, 0x62, 0x4B, 0x34, 0x2D, 0x1B, 0x6B, 0xF0, 0xEC, 0x14, 0x1D, 0x91, 0xC3, 0x10, 0xC1,
    0x9E, 0x24, 0x76, 0x0D, 0x44, 0xE2, 0xEC, 0x23, 0x29, 0x1E, 0x0F, 0x0B, 0x29, 0x2B, 0x37, 0xA0,
    0xD1, 0x3D, 0xF4, 0x55, 0x58, 0xC9, 0x4F, 0x31, 0x30, 0x75, 0x98, 0x0B, 0x6F, 0x98, 0x49, 0x07,
    0xC7, 0x38, 0xEE, 0xDF, 0xBF, 0x27, 0x72, 0x3B, 0x1A, 0xE2, 0x3E, 0xE9, 0x52, 0x9B, 0xB5, 0x79,
    0x53, 0xD4, 0xC5, 0x9A, 0x5E, 0x71, 0xE2, 0x3E, 0x6F, 0xB2, 0x36, 0xB3, 0x89, 0x8D, 0xFB, 0xD9,
    0x20, 0xB7, 0xE7, 0x98, 0xB8, 0xA8, 0xF9, 0x24, 0xB5, 0x49, 0x17, 0xF7, 0xF1, 0x30, 0xF3, 0x67,
    0x84, 0x93, 0xBF, 0xF1, 0xF9, 0x6C, 0x98, 0x65, 0xEE, 0xD7, 0xBA, 0x26, 0xEF, 0x5C, 0x7B, 0xF7,
    0x83, 0x6B, 0x5D, 0xE1, 0xFA, 0x99, 0xAB, 0x12, 0x6A, 0xA9, 0xFF, 0xE0, 0xDA, 0x97, 0x72, 0xED,
    0x5D, 0x74, 0xF1, 0xE0, 0xB0, 0xF2, 0x65, 0x3A, 0x32, 0x47, 0xCA, 0x41, 0x29, 0xA4, 0xB9, 0xDE,
    0x7B, 0xA5, 0x3F, 0x1C, 0xE0, 0x50, 0x95, 0xB8, 0xBD, 0x2F, 0xF7, 0x04, 0x80, 0x10, 0xED, 0xEA,
    0x70, 0x9D, 0xE3, 0x51, 0x85, 0x91, 0x10, 0x77, 0x0E, 0xB9, 0x57, 0x52, 0x2A, 0xBE, 0xAE, 0x21,
    0x01, 0x11, 0x08, 0x71, 0x90, 0xA8, 0x97, 0x59, 0x47, 0x05, 0x24, 0xD0, 0x41, 0x2B, 0x59, 0x73,
    0xC1, 0xD8, 0x4F, 0xC4, 0x6B, 0x25, 0x82, 0x5C, 0x21, 0x48, 0x95, 0x8F, 0xAE, 0x2E, 0x9B, 0xA2,
    0xD5, 0x55, 0x06, 0x6D, 0xA4, 0x9D, 0x13, 0xA0, 0x49, 0xE2, 0x7E, 0x9D, 0x0C, 0x9E, 0x19, 0x95,
    0xDA, 0x12, 0x63, 0xCA, 0xB6, 0x68, 0x81, 0xCE, 0x3A, 0x71, 0x50, 0xA5, 0xE9, 0x97, 0xDC, 0x0B,
    0x9F, 0xD4, 0x05, 0xE6, 0x32, 0xF5, 0xF5, 0xA2, 0xFE, 0x4D, 0x81, 0x45, 0x7F, 0xC6, 0x35, 0xA7,
    0xC2, 0x3B, 0xC9, 0x01, 0xE9, 0xF2, 0xD4, 0x29, 0x8D, 0x7D, 0x1A, 0x3C, 0xFF, 0x84, 0x7D, 0xD0,
    0x38, 0x18, 0x26, 0xA7, 0x40, 0xCA, 0x00, 0x21, 0x10, 0x9D, 0x35, 0x80, 0x04, 0x54, 0xE3, 0x16,
    0x68, 0x10, 0x98, 0x53, 0xB3, 0x24, 0x99, 0xD3, 0x74, 0x7A, 0x9A, 0x0E, 0xE7, 0xAA, 0x35, 0x34,
    0xAE, 0x25, 0x07, 0x98, 0xF3, 0x30, 0xD7, 0x6F, 0xF1, 0x62, 0xD9, 0xD3, 0x86, 0x94, 0x9F, 0x48,
    0xF2, 0x76, 0x4F, 0x32, 0xEB, 0x40, 0xA6, 0x2A, 0x5A, 0x98, 0x4E, 0x8D, 0x77, 0x15, 0xE7, 0x08,
    0xC7, 0xBB, 0x44, 0x2D, 0xC0, 0x0E, 0xCA, 0x40, 0x05, 0xA8, 0x04, 0x3F, 0x63, 0xA9, 0x66, 0x43,
    0xA9, 0xE2, 0xAE, 0x54, 0x10, 0x87, 0x02, 0x36, 0x14, 0x4F, 0xB3, 0xA7, 0x3F, 0x83, 0x86, 0x07,
    0xD2, 0xD1, 0x91, 0x79, 0x26, 0x14, 0xF9, 0x8A, 0xB8, 0xAC, 0x53, 0x2B, 0x52, 0x41, 0xF1, 0x9A,
    0x54, 0x74, 0xD0, 0xF5, 0x28, 0xE6, 0xCC, 0xA9, 0x03, 0x45, 0xBE, 0xB8, 0x77, 0xCF, 0x77, 0xE3,
    0xF0, 0xDF, 0xE0, 0x59, 0x89, 0xBE, 0x1C, 0xA0, 0x9F, 0xB9, 0x36, 0xB0, 0x36, 0x29, 0x10, 0x4A,
    0x50, 0x59, 0x50, 0x60, 0x03, 0xE5, 0xB4, 0x9C, 0xCF, 0x5C, 0xED, 0x65, 0xD4, 0x4E, 0xC0, 0x47,
    0xED, 0xA0, 0x58, 0x8C, 0xC0, 0x1E, 0x53, 0x2A, 0xD7, 0x6A, 0x72, 0x8C, 0xB1, 0x54, 0x3A, 0x15,
    0x18, 0xAD, 0x29, 0x90, 0xAE, 0x63, 0x49, 0xE0, 0xA1, 0x09, 0xF2, 0xA7, 0x8D, 0x8D, 0x90, 0x03,
    0x04, 0x1E, 0x63, 0x6C, 0x0A, 0xA1, 0x67, 0x6D, 0x60, 0xB1, 0xAC, 0x2E, 0xEC, 0x7E, 0x49, 0x0F,
    0x2F, 0xC0, 0x1B, 0x6C, 0x4C, 0xAB, 0xBC, 0xA1, 0xA4, 0x68, 0x91, 0xD9, 0xA9, 0x3B, 0xEF, 0x6F,
    0x34, 0xF6, 0x97, 0xB5, 0xEE, 0x5C, 0x0F, 0x16, 0xBA, 0x6B, 0xF2, 0x75, 0x3D, 0x60, 0xBE, 0x35,
    0x8C, 0x54, 0x06, 0x7A, 0x75, 0x90, 0x0D, 0xBC, 0x98, 0x7F, 0x0F, 0x78, 0xB1, 0xBA, 0x31, 0x74,
    0x7D, 0x36, 0x73, 0xDF, 0xD8, 0xE8, 0x6F, 0x64, 0x30, 0x6B, 0x88, 0x23, 0x4D, 0x14, 0x60, 0x9D,
    0x6C, 0x29, 0xBB, 0x77, 0x36, 0x6D, 0x49, 0x5E, 0xB2, 0xAE, 0xCC, 0xFF, 0xCB, 0x2B, 0x59, 0x3B,
    0x36, 0xED, 0x32, 0x1C, 0x51, 0xE3, 0x65, 0x34, 0x03, 0xEE, 0x34, 0xFD, 0x40, 0x27, 0x25, 0xE4,
    0x50, 0x36, 0x01, 0x62, 0x39, 0xDC, 0x74, 0xE4, 0x5D, 0x30, 0xFA, 0xC5, 0x80, 0x92, 0x86, 0xFE,
    0x70, 0xFF, 0xE8, 0x48, 0x01, 0xAB, 0x15, 0x69, 0xBE, 0xB7, 0xB7, 0x9A, 0x0D, 0xF7, 0xAB, 0xE7,
    0xCB, 0x67, 0x5F, 0xF2, 0xB9, 0x0A, 0x36, 0x56, 0x2C, 0xE7, 0xBB, 0x4A, 0x77, 0x60, 0x68, 0x04,
    0x35, 0xD6, 0x55, 0xA9, 0x7B, 0x46, 0x77, 0x2E, 0x06, 0x5B, 0x7B, 0x14, 0x1C, 0xEE, 0x4B, 0xF2,
    0x2F, 0x60, 0x53, 0xDE, 0x07, 0xAA, 0x72, 0xB2, 0x27, 0x43, 0x61, 0x82, 0xC1, 0x7E, 0x62, 0x76,
    0x02, 0xE2, 0x7C, 0x5A, 0xF4, 0x03, 0x2E, 0x5A, 0x05, 0x2A, 0xD7, 0xA5, 0x00, 0xA8, 0x8C, 0x8A,
    0x8C, 0xD0, 0x51, 0x03, 0x5A, 0x23, 0x7C, 0xB9, 0x8A, 0x0C, 0x1C, 0x02, 0xED, 0xA8, 0xA8, 0x7F,
    0x75, 0xE3, 0x26, 0x6C, 0xC1, 0x9D, 0xFD, 0xA3, 0xD7, 0x31, 0x80, 0x37, 0x1C, 0xA7, 0x9D, 0xAE,
    0x87, 0x45, 0x56, 0x67, 0xF5, 0x80, 0x58, 0x92, 0xD6, 0x8F, 0x7C, 0xFB, 0xD0, 0xB7, 0xD3, 0xF3,
    0x47, 0x69, 0x5B, 0xFC, 0xDD, 0x8F, 0x77, 0xB6, 0xBC, 0xE1, 0xFE, 0x07, 0xB4, 0xD6, 0xEF, 0x55,
    0xFB, 0xC2, 0x39, 0x21, 0x31, 0xEC, 0x8B, 0x28, 0x3F, 0x7D, 0xD0, 0x78, 0x70, 0xE2, 0xE1, 0xB6,
    0x83, 0x1C, 0xD6, 0x8F, 0xC4, 0xD1, 0x1D, 0x86, 0x06, 0x1C, 0x17, 0xCF, 0xB9, 0xCB, 0x3F, 0x71,
    0xFC, 0x2D, 0x48, 0xC4, 0x70, 0x22, 0x97, 0x82, 0xE1, 0x31, 0x81, 0x63, 0x5C, 0xC4, 0x08, 0x7F,
    0xC3, 0x6C, 0x41, 0xAB, 0x19, 0xE9, 0xFB, 0x88, 0x0B, 0x7A, 0xC0, 0x16, 0xDE, 0x00, 0xBA, 0xA4,
    0xA0, 0xA0, 0x53, 0x58, 0x60, 0xEE, 0x19, 0xD0, 0x10, 0x38, 0x62, 0x76, 0xA5, 0x19, 0x87, 0x15,
    0x3C, 0x24, 0x8C, 0x07, 0xD4, 0x12, 0xCC, 0xFA, 0x08, 0xCE, 0x2A, 0xF4, 0x03, 0xDC, 0x00, 0xA0,
    0xC2, 0x7E, 0x55, 0xD2, 0x07, 0xCA, 0x3B, 0x3C, 0xB7, 0xBE, 0x8F, 0x4A, 0xF3, 0xC1, 0x17, 0x28,
    0x81, 0xE4, 0xB1, 0x0B, 0xAC, 0x39, 0x48, 0xD1, 0x61, 0x7B, 0x58, 0xCE, 0x89, 0xAE, 0xA0, 0x13,
    0x1F, 0xC9, 0xDC, 0x05, 0x8D, 0xA1, 0x6A, 0xFC, 0x10, 0x68, 0x0B, 0xFA, 0xEC, 0x93, 0x05, 0x39,
    0x1F, 0xA0, 0x61, 0xC2, 0xF9, 0xC0, 0x4D, 0x30, 0x8E, 0xFC, 0x0A, 0xFD, 0x92, 0x5F, 0xF0, 0x58,
    0x80, 0x9F, 0x78, 0xD0, 0x6A, 0xB6, 0xA0, 0xCB, 0x02, 0xB9, 0x0D, 0x1A, 0x43, 0x5F, 0x82, 0x31,
    0x07, 0x9D, 0x7F, 0xC7, 0x71, 0x4F, 0xCF, 0x24, 0xEC, 0x9D, 0xBC, 0x4F, 0xA4, 0xBC, 0x1B, 0x3E,
    0xA7, 0xFF, 0x1C, 0x49, 0x18, 0x0B, 0xFA, 0x7C, 0x4F, 0x5E, 0xE9, 0x5F, 0x7B, 0x77, 0x9A, 0xAB,
    0x5A, 0xD1, 0xE6, 0xD8, 0x30, 0xFE, 0x9C, 0x2E, 0xEA, 0x9F, 0xE8, 0xB5, 0x72, 0xDC, 0x97, 0x75,
    0x39, 0xBE, 0x8F, 0xA0, 0x0B, 0xDC, 0x54, 0xBE, 0x41, 0x87, 0xAE, 0x30, 0x44, 0x07, 0x39, 0xE6,
    0x7D, 0x32, 0xAE, 0xE4, 0x68, 0xD7, 0xE4, 0xE8, 0xF9, 0x7D, 0x55, 0x56, 0xE7, 0x04, 0xC0, 0xAC,
    0x68, 0x6F, 0xCF, 0x5D, 0x36, 0x96, 0x33, 0xBD, 0xFE, 0x9C, 0x9C, 0x4C, 0xFD, 0x73, 0xE9, 0x7D,
    0xE5, 0x53, 0x9A, 0x40, 0x70, 0x6F, 0x05, 0x43, 0x00, 0xF0, 0x3C, 0xF3, 0x19, 0xD4, 0x6A, 0x0B,
    0xF1, 0x88, 0x26, 0x03, 0x20, 0x00, 0x5C, 0x34, 0x70, 0x19, 0xFA, 0x06, 0x39, 0xBA, 0x09, 0x4F,
    0xAD, 0x6F, 0x61, 0xA8, 0xD6, 0x2D, 0x85, 0x69, 0x03, 0x6E, 0x44, 0x9F, 0xB1, 0xE3, 0x5B, 0x0E,
    0x81, 0x87, 0xA5, 0x9C, 0xF0, 0x86, 0x82, 0x21, 0x4C, 0xB3, 0xC4, 0xC0, 0xBA, 0x8A, 0xDC, 0x52,
    0x40, 0x6F, 0x4F, 0x4B, 0xE0, 0xB8, 0xA5, 0xC8, 0x75, 0x07, 0x83, 0xAC, 0xF4, 0x40, 0x13, 0x9E,
    0xDA, 0x11, 0x0E, 0xB4, 0xD2, 0x46, 0x4A, 0x53, 0x69, 0x70, 0x02, 0xCD, 0xE1, 0x42, 0x12, 0x58,
    0xD4, 0x23, 0xDA, 0xBB, 0xCD, 0x02, 0xED, 0xAD, 0x6F, 0x07, 0xB4, 0x1F, 0xFF, 0x97, 0xED, 0xCD,
    0x93, 0x0E, 0xED, 0x47, 0x67, 0x48, 0x50, 0xF4, 0x87, 0x88, 0x60, 0x15, 0xF6, 0x8A, 0x78, 0xA8,
    0x15, 0xA3, 0x0F, 0x36, 0x5F, 0xB1, 0x85, 0x0F, 0x0C, 0xBE, 0x15, 0x06, 0x8E, 0x98, 0xDA, 0xB2,
    0xE9, 0xD8, 0x0C, 0x6C, 0x46, 0x36, 0x30, 0x44, 0xA5, 0x19, 0x91, 0xF4, 0xDD, 0x16, 0xCD, 0x2D,
    0x8B, 0xE6, 0xA3, 0x1E, 0xCD, 0x87, 0x0B, 0xAA, 0xCA, 0x79, 0x8D, 0xE1, 0x56, 0x15, 0x4C, 0x55,
    0x32, 0x36, 0x09, 0x9B, 0x98, 0x8D, 0x60, 0x43, 0xAF, 0x43, 0xA8, 0x26, 0x10, 0x19, 0xBE, 0x42,
    0x53, 0xAC, 0x1A, 0xA6, 0x3D, 0x42, 0x75, 0x62, 0xC8, 0xAB, 0x08, 0x6D, 0x37, 0x11, 0x1A, 0x2C,
    0x5D, 0x4D, 0x9E, 0xC9, 0x06, 0xCF, 0x94, 0x4E, 0xC4, 0xFF, 0xBA, 0x9D, 0x2C, 0x50, 0xF9, 0xB1,
    0x6F, 0x6B, 0x51, 0x97, 0xF2, 0xBB, 0x4B, 0x7E, 0x07, 0xF2, 0xAB, 0xC9, 0x6F, 0x71, 0xCE, 0x6F,
    0x47, 0x7E, 0x07, 0x99, 0x12, 0x1C, 0x79, 0x4F, 0x05, 0xA6, 0x7F, 0x5C, 0x77, 0xA7, 0x4B, 0xA6,
    0xBB, 0x15, 0xD3, 0x9F, 0x9B, 0x89, 0x69, 0x40, 0xF7, 0xAF, 0x84, 0x1B, 0xDD, 0x81, 0xF1, 0x39,
    0xE1, 0xB9, 0xFB, 0x4D, 0xFB, 0x10, 0xDF, 0xA6, 0x12, 0x69, 0xC4, 0x5C, 0x35, 0x4A, 0x24, 0xCC,
    0xC1, 0x58, 0xA9, 0x9B, 0x8D, 0x12, 0x69, 0x9B, 0x00, 0x47, 0x89, 0xE4, 0x93, 0x5A, 0x94, 0x48,
    0xF5, 0x46, 0x89, 0x14, 0xAD, 0x72, 0x9F, 0x71, 0x49, 0x3E, 0x89, 0x79, 0x5B, 0x0A, 0xD6, 0x31,
    0xBE, 0x19, 0x45, 0x63, 0x59, 0xC7, 0x8B, 0xB2, 0xCB, 0x07, 0xEC, 0xA9, 0x4B, 0x98, 0xCB, 0x9A,
    0x71, 0x4D, 0xDB, 0x08, 0x48, 0xAD, 0x0F, 0x4D, 0x30, 0x65, 0xE4, 0x4F, 0xB0, 0x49, 0x86, 0x5D,
    0x43, 0x59, 0x20, 0x3B, 0x1F, 0xA2, 0x31, 0x84, 0xB5, 0x68, 0x44, 0x80, 0x13, 0xC7, 0x3C, 0xCC,
    0x07, 0x3D, 0xE0, 0x17, 0x3B, 0xFB, 0x23, 0xB3, 0xB5, 0x7F, 0x31, 0x9B, 0xA4, 0x37, 0xF6, 0x61,
    0x32, 0x75, 0xCB, 0xD0, 0x39, 0x2D, 0x50, 0x21, 0xBD, 0xA6, 0x37, 0x49, 0xC3, 0x4F, 0x46, 0xE1,
    0x17, 0x4D, 0x06, 0x9B, 0xC0, 0xCA, 0x39, 0x52, 0x49, 0x88, 0xB0, 0x30, 0x42, 0xD1, 0x94, 0xE6,
    0x06, 0x02, 0x68, 0x57, 0x1E, 0x7C, 0x8A, 0x60, 0xDA, 0xEB, 0xFC, 0x31, 0x63, 0xAA, 0xCE, 0x1E,
    0x23, 0xBE, 0x0E, 0xC7, 0xD9, 0xD7, 0x9D, 0x44, 0xC3, 0x22, 0xFD, 0x37, 0x16, 0x5E, 0x0C, 0xC9,
    0x19, 0xC3, 0xEF, 0x10, 0x13, 0xBE, 0xA6, 0x8F, 0x99, 0x09, 0xE9, 0x8E, 0x89, 0x8B, 0x94, 0x36,
    0x22, 0x1F, 0xA5, 0x95, 0x25, 0xAA, 0x73, 0xBF, 0xA9, 0xB0, 0x9F, 0x98, 0xC5, 0x5D, 0xC2, 0x5D,
    0xF8, 0x0D, 0x3C, 0xF7, 0xBC, 0x57, 0x53, 0x9C, 0x8F, 0x59, 0x59, 0xA6, 0xAB, 0x88, 0x5F, 0xFA,
    0xFC, 0xEA, 0xAE, 0xC5, 0x1B, 0x90, 0x86, 0x7F, 0x37, 0xED, 0xE1, 0xA6, 0x30, 0x1F, 0xF3, 0x44,
    0x9F, 0xE3, 0x04, 0xF7, 0xEA, 0xCB, 0x47, 0xE4, 0x2B, 0x1D, 0xD6, 0x48, 0x28, 0xAE, 0xD9, 0x82,
    0x45, 0x85, 0x63, 0x8E, 0x60, 0xEE, 0xB6, 0x9C, 0x8A, 0x69, 0x37, 0x19, 0x3A, 0x5F, 0x88, 0x02,
    0x7D, 0x4D, 0x13, 0xB2, 0x37, 0xBB, 0xA4, 0x90, 0x56, 0xC1, 0x83, 0xD2, 0x57, 0x72, 0x00, 0x16,
    0x94, 0xA2, 0x0D, 0x05, 0x07, 0xEB, 0x67, 0x4C, 0xCB, 0xBD, 0x71, 0x59, 0x9F, 0x8F, 0xE1, 0x1D,
    0x37, 0xD1, 0x7C, 0x17, 0xBF, 0xD6, 0x7D, 0x31, 0xCA, 0xE5, 0xA7, 0xF3, 0xE3, 0xF6, 0x68, 0xBB,
    0xC7, 0xDE, 0xC4, 0x4A, 0x9F, 0xC8, 0xA1, 0xC8, 0x63, 0x51, 0x5E, 0x4B, 0xDA, 0xA0, 0xBC, 0x66,
    0x15, 0x18, 0x77, 0x32, 0xEB, 0xA1, 0x11, 0x96, 0x86, 0x2C, 0x10, 0x57, 0xA3, 0x91, 0xEB, 0xE6,
    0x7E, 0xF4, 0x95, 0x2A, 0x2C, 0xFA, 0x7B, 0x14, 0xC5, 0x97, 0x9F, 0x77, 0xEC, 0xB4, 0xE8, 0x31,
    0xF7, 0x81, 0xDA, 0x37, 0xFE, 0xA1, 0x4E, 0x1F, 0xB7, 0xD9, 0xA7, 0x36, 0x57, 0x7D, 0xC9, 0x05,
    0x98, 0x16, 0xFA, 0x63, 0x64, 0xAA, 0x9F, 0x36, 0xB3, 0x56, 0xF6, 0x0F, 0xE1, 0x59, 0x16, 0x21,
    0x15, 0x6D, 0x74, 0xB5, 0xE5, 0xD3, 0x50, 0x5D, 0xD3, 0x34, 0x59, 0x43, 0x96, 0xCF, 0x42, 0x6A,
    0xEA, 0xE9, 0x9F, 0x2C, 0x1F, 0x9F, 0xD7, 0xA9, 0x2B, 0xEA, 0x55, 0x5A, 0xBC, 0x49, 0xDB, 0x87,
    0x62, 0xCA, 0x45, 0x48, 0x97, 0xBF, 0x33, 0x35, 0x54, 0xDC, 0x18, 0xE4, 0x6F, 0x06, 0xA5, 0xC0,
    0x8A, 0x80, 0x5C, 0x03, 0x10, 0xFB, 0x74, 0x1A, 0x8E, 0xC9, 0xE4, 0x53, 0x19, 0xF1, 0x1E, 0x53,
    0xE8, 0x91, 0xC9, 0x1F, 0x40, 0xC0, 0x84, 0x2F, 0x83, 0x51, 0x6D, 0xF9, 0x2A, 0x66, 0x45, 0x75,
    0x76, 0x08, 0xC0, 0x37, 0x2C, 0xA9, 0xE2, 0x65, 0x7D, 0x1B, 0x2D, 0xB9, 0xD9, 0xB0, 0xF5, 0xFD,
    0xD4, 0xCE, 0x50, 0x6E, 0xC0, 0xE7, 0xD9, 0xFC, 0x85, 0xB6, 0x98, 0xCF, 0xC2, 0x82, 0x10, 0x82,
    0x48, 0x49, 0xF8, 0x0F, 0x63, 0x2D, 0xDA, 0xC2, 0x62, 0x3E, 0x9B, 0xB8, 0x33, 0xA0, 0xFE, 0x2B,
    0x7B, 0xCE, 0xCB, 0x22, 0x94, 0x6F, 0x16, 0xBC, 0xD4, 0x99, 0x2F, 0xDF, 0x98, 0xE5, 0x7A, 0xAA,
    0x02, 0x38, 0xC0, 0x49, 0x93, 0xFD, 0x68, 0xC8, 0x8B, 0x5A, 0xF1, 0x52, 0x1C, 0x46, 0xAE, 0x89,
    0x51, 0xBF, 0xF5, 0xB0, 0x43, 0xB9, 0xF3, 0xA3, 0x62, 0x9D, 0xE7, 0xEA, 0xAB, 0x2F, 0x14, 0x6E,
    0x2F, 0xB9, 0x64, 0x3F, 0xDA, 0x9D, 0xB9, 0xAF, 0x5F, 0xCB, 0x70, 0x6E, 0xC1, 0x30, 0xC6, 0xC4,
    0xEE, 0x07, 0x18, 0xE5, 0xC7, 0x7E, 0xB3, 0xDB, 0x70, 0x38, 0x78, 0xA7, 0xC5, 0xBB, 0x95, 0xAF,
    0x43, 0xB6, 0xD4, 0x4F, 0x28, 0xE8, 0x8B, 0xA0, 0x20, 0x03, 0xC1, 0x7F, 0x1F, 0x6A, 0x35, 0x23,
    0xAF, 0xA7, 0x1D, 0x9F, 0x03, 0xFF, 0xCE, 0x17, 0x22, 0xE6, 0x27, 0xCF, 0xB8, 0x4D, 0x3B, 0x08,
    0x1D, 0xF6, 0xB5, 0xB5, 0x9B, 0xDA, 0xCB, 0x4E, 0x63, 0x4D, 0x63, 0xD4, 0x4F, 0x80, 0x08, 0x01,
    0xC4, 0x00, 0xC2, 0x06, 0x16, 0x6E, 0x60, 0x9D, 0x06, 0xD6, 0x69, 0x60, 0xB0, 0x86, 0xFA, 0x76,
    0xFC, 0x85, 0xFB, 0x85, 0xE7, 0x31, 0x70, 0x0F, 0x66, 0x46, 0x1F, 0x88, 0xB1, 0xDE, 0x7C, 0xCD,
    0xCF, 0x38, 0xE7, 0xDB, 0x87, 0x57, 0x08, 0xD2, 0x9E, 0x69, 0x85, 0x59, 0xB0, 0xAE, 0xFF, 0xDE,
    0x7D, 0xEF, 0xB8, 0x3F, 0xC5, 0x7E, 0x2D, 0x6F, 0xDE, 0xCE, 0xDF, 0x52, 0xAA, 0x1B, 0x90, 0x6F,
    0x5E, 0xD1, 0x78, 0x35, 0x69, 0xBC, 0xCD, 0xDB, 0x09, 0xF2, 0x2B, 0x98, 0xCD, 0x97, 0xA6, 0x66,
    0xDE, 0xCC, 0xD4, 0xCC, 0x05, 0x12, 0xF7, 0xC7, 0xFE, 0xD6, 0xEE, 0xDB, 0x99, 0xCB, 0xC5, 0x61,
    0x76, 0x7E, 0x45, 0x99, 0x12, 0xF5, 0x72, 0x65, 0x4E, 0x99, 0xDC, 0x42, 0xD9, 0x46, 0x2E, 0xBE,
    0xE8, 0x84, 0x12, 0x37, 0x2C, 0x9D, 0x90, 0x2A, 0xEA, 0xB9, 0x14, 0xCF, 0xE8, 0xE5, 0x9F, 0x89,
    0xFF, 0x88, 0x75, 0xD5, 0x07, 0x12, 0x9F, 0x50, 0x17, 0xDF, 0x21, 0x42, 0x38, 0x17, 0x92, 0xE9,
    0x2D, 0xF1, 0xDF, 0xD0, 0x2C, 0xAF, 0xBB, 0x2F, 0xE0, 0xDD, 0x14, 0x8B, 0xC5, 0x17, 0xD3, 0x93,
    0x8D, 0x2B, 0x75, 0x4C, 0x05, 0x7D, 0x58, 0x03, 0x86, 0x89, 0xB0, 0xCB, 0x75, 0xE3, 0xB3, 0x9A,
    0x1A, 0xD2, 0x83, 0xE9, 0xE6, 0xEE, 0x41, 0x9D, 0x8C, 0xC1, 0xED, 0xED, 0x21, 0x27, 0xD3, 0x41,
    0x2F, 0xAD, 0xFF, 0x5E, 0x89, 0x9A, 0x38, 0xF3, 0x12, 0xD2, 0x70, 0xE7, 0x06, 0x51, 0x16, 0xD1,
    0x71, 0xC1, 0xC0, 0xD5, 0x87, 0xEF, 0xAA, 0x9A, 0x81, 0xA4, 0xC5, 0x7B, 0x5C, 0x35, 0x94, 0x14,
    0x90, 0x4B, 0xC5, 0x35, 0x1C, 0xBF, 0x93, 0xA0, 0x1D, 0x25, 0x7B, 0x72, 0xF6, 0x04, 0x6E, 0xF8,
    0xE9, 0xC9, 0xD3, 0x41, 0xD2, 0x93, 0x93, 0x13, 0xB8, 0x8E, 0x93, 0xA7, 0x27, 0x9D, 0xC4, 0x67,
    0x4F, 0x10, 0xA4, 0x11, 0x93, 0x1D, 0x23, 0x68, 0xCD, 0x0F, 0x15, 0x4E, 0x85, 0x48, 0x05, 0xF8,
    0xCC, 0xD5, 0x96, 0xF2, 0x5F, 0x6C, 0x90, 0x77, 0x25, 0x1D, 0x2B, 0x7E, 0xAE, 0x8B, 0x35, 0x0D,
    0xAB, 0x86, 0xD6, 0xFF, 0x9F, 0xE1, 0x19, 0xFB, 0xFC, 0x77, 0x18, 0xFF, 0xB5, 0x95, 0x5F, 0xD5,
    0xDE, 0x70, 0x0F, 0x65, 0xD8, 0xC3, 0xF2, 0xAB, 0xD2, 0x2F, 0xF8, 0xC1, 0x6D, 0x0C, 0x1F, 0x29,
    0xBC, 0xAE, 0xF7, 0x6E, 0xA3, 0x8E, 0xC6, 0x35, 0xBF, 0x03, 0xF6, 0x3B, 0x7E, 0x77, 0x41, 0x6E,
    0xCA, 0x54, 0x81, 0xD1, 0x95, 0x77, 0x6E, 0x34, 0xFE, 0xF2, 0x1F, 0xB9, 0x91, 0x3E, 0x37, 0x50,
    0xC4, 0x6C, 0x90, 0xF5, 0x0B, 0x69, 0xD1, 0x41, 0xC7, 0x04, 0x91, 0x69, 0xAD, 0xE5, 0xED, 0xC6,
    0x80, 0x08, 0xAB, 0xC2, 0xF4, 0x11, 0xBE, 0x23, 0xFF, 0xCD, 0xEE, 0xED, 0x4F, 0x86, 0x42, 0x3F,
    0xD7, 0x81, 0x25, 0x5A, 0x13, 0xEB, 0x63, 0xB1, 0x0F, 0xC7, 0x5C, 0x96, 0x3E, 0x06, 0xC5, 0x55,
    0x0D, 0xB1, 0xE3, 0x36, 0xEE, 0x96, 0xBD, 0x7E, 0x24, 0x5E, 0x41, 0xBE, 0x84, 0x21, 0xB7, 0xA7,
    0x2F, 0x1C, 0xFD, 0xEC, 0x8B, 0xDC, 0xC5, 0x08, 0x0B, 0xCF, 0x6D, 0x99, 0xBA, 0x66, 0xC7, 0x43,
    0xEC, 0x97, 0xF2, 0x7F, 0xBD, 0x59, 0x3F, 0x6C, 0xDD, 0xC6, 0x19, 0xFF, 0x48, 0xFA, 0x89, 0x86,
    0x88, 0xF4, 0x3A, 0x58, 0x68, 0xA2, 0x06, 0xB9, 0xD5, 0x71, 0x13, 0x71, 0xEC, 0x12, 0xE9, 0xD8,
    0xB8, 0x40, 0x87, 0x0E, 0xD2, 0x60, 0x4D, 0x1D, 0xBC, 0xA4, 0x43, 0xBC, 0x78, 0xF1, 0x54, 0xC8,
    0x22, 0x53, 0x0F, 0x19, 0x32, 0x58, 0x4B, 0xB3, 0x64, 0xA8, 0x86, 0x0C, 0x8E, 0x16, 0xA7, 0x80,
    0x06, 0x15, 0x90, 0xCC, 0x43, 0x3D, 0x64, 0x25, 0x52, 0x04, 0x19, 0x32, 0x84, 0x2D, 0x1C, 0x17,
    0x4D, 0x81, 0xEA, 0x1C, 0xD0, 0x35, 0x1D, 0xF3, 0xF1, 0xF2, 0xFB, 0x8E, 0x7C, 0xEF, 0x49, 0x96,
    0x5D, 0x3B, 0x7E, 0xB6, 0x48, 0x7E, 0xDF, 0x3D, 0xFE, 0xB9, 0xEF, 0xFB, 0xEE, 0xEE, 0xFB, 0x7B,
    0x6F, 0x96, 0x94, 0xC6, 0x99, 0x0D, 0x88, 0x28, 0xCE, 0xE2, 0x4C, 0xF1, 0xA9, 0x0F, 0x9F, 0x67,
    0x32, 0xE2, 0x23, 0x48, 0x3A, 0x48, 0x2B, 0x0A, 0xAC, 0x25, 0x61, 0xAD, 0x96, 0xF7, 0x2E, 0x16,
    0xF1, 0xCD, 0xE5, 0x42, 0xDD, 0x4C, 0x48, 0x5D, 0xE9, 0xE1, 0xE6, 0xAF, 0x09, 0xCF, 0x4A, 0x79,
    0x2F, 0x2D, 0x22, 0x6B, 0x33, 0xDF, 0xB6, 0x20, 0x7D, 0x6B, 0xD2, 0x7F, 0x00, 0xC8, 0x87, 0x4C,
    0x23, 0x89, 0xDA, 0x5C, 0x0B, 0x23, 0x0B, 0x81, 0x53, 0x16, 0x44, 0x02, 0x70, 0xFE, 0x9B, 0x15,
    0xB2, 0xD6, 0x38, 0x10, 0x65, 0xF7, 0xAC, 0x83, 0xC1, 0x4A, 0x9C, 0x45, 0xC6, 0x5A, 0x5B, 0x02,
    0x34, 0x20, 0x71, 0x72, 0xBD, 0x21, 0x87, 0xAF, 0x91, 0xC2, 0x2D, 0xC9, 0xFB, 0x3F, 0x6F, 0x48,
    0x68, 0x6A, 0x48, 0x12, 0x5D, 0xA6, 0x05, 0xA2, 0x25, 0x5A, 0x24, 0xDC, 0xBC, 0xC5, 0xC8, 0xFD,
    0x5A, 0x22, 0x3C, 0xC6, 0xDB, 0xC5, 0xFE, 0xBB, 0x2A, 0x1C, 0x76, 0x7D, 0xDF, 0x88, 0xDB, 0x97,
    0x68, 0x7C, 0xA4, 0x89, 0x2C, 0x95, 0x8E, 0xB5, 0xC4, 0xD4, 0x88, 0x32, 0xA7, 0xC8, 0xB4, 0x14,
    0xDC, 0x6D, 0xC8, 0xB7, 0x35, 0x91, 0xAD, 0x68, 0x60, 0xEF, 0x52, 0x0C, 0x01, 0x18, 0x30, 0x83,
    0xE3, 0xDF, 0x83, 0xF4, 0x0B, 0xE2, 0xFB, 0x31, 0xA4, 0xFD, 0x71, 0xCA, 0x51, 0xED, 0x8F, 0x39,
    0x5A, 0xA5, 0xD0, 0x16, 0xD2, 0x56, 0xEA, 0xCB, 0x46, 0x11, 0x2E, 0x52, 0x05, 0xC9, 0x21, 0x45,
    0xB6, 0x5C, 0xBF, 0xD8, 0x34, 0x7E, 0xDB, 0x90, 0xCA, 0x49, 0xA9, 0xEA, 0xB2, 0xB0, 0xB7, 0xBC,
    0xDC, 0x50, 0xD4, 0x90, 0xD7, 0xA4, 0xF8, 0xF2, 0xC3, 0x26, 0xB6, 0x35, 0x3E, 0xF3, 0xB6, 0x68,
    0x2D, 0xCA, 0xAC, 0xD4, 0x37, 0xA4, 0x3E, 0x3D, 0x83, 0x89, 0x58, 0x05, 0xFD, 0x88, 0xA5, 0x4B,
    0x31, 0x18, 0xCF, 0x7E, 0x68, 0x75, 0x58, 0x93, 0x30, 0x10, 0xFE, 0x4A, 0x2D, 0x3F, 0xB3, 0xA6,
    0x89, 0x97, 0x6F, 0x37, 0x7B, 0x4A, 0x26, 0xBB, 0xEB, 0x2A, 0xC6, 0xC4, 0x74, 0x48, 0x66, 0xBB,
    0xEB, 0xF1, 0xF2, 0x83, 0x7A, 0x4F, 0xDE, 0xB4, 0x77, 0x1A, 0x7C, 0x7C, 0xB6, 0x0E, 0x86, 0x24,
    0x8D, 0x67, 0xBF, 0xB5, 0x1A, 0x13, 0x83, 0xA5, 0x0B, 0x2D, 0xD6, 0x8E, 0x4E, 0x00, 0x7E, 0x0F,
    0x06, 0x3A, 0xFE, 0x8F, 0x99, 0xF7, 0x0D, 0x85, 0x55, 0x04, 0xE9, 0x6F, 0x57, 0xEB, 0x7E, 0xB5,
    0x1E, 0x56, 0xCA, 0x56, 0xD1, 0x5D, 0x33, 0x9A, 0xBC, 0x5C, 0x18, 0x7F, 0xA8, 0xC0, 0x3F, 0x4F,
    0xE4, 0x3F, 0x31, 0xBD, 0x9F, 0xD5, 0x64, 0x85, 0x71, 0x2D, 0xDF, 0x87, 0x95, 0x25, 0x7E, 0xEF,
    0x1E, 0xE2, 0x38, 0xB3, 0xF5, 0x49, 0x6A, 0x5B, 0x5C, 0x73, 0xAB, 0x37, 0x88, 0xD6, 0xDD, 0x35,
    0xC7, 0x5A, 0xE2, 0x61, 0x38, 0xD1, 0xBF, 0x73, 0x8A, 0x29, 0xD2, 0x6F, 0x5D, 0xF8, 0x63, 0xB9,
    0xBD, 0x6E, 0x8C, 0xB9, 0xF4, 0xE9, 0xA7, 0xE6, 0x0F, 0x66, 0xDB, 0xA4, 0xC5, 0xF6, 0xF6, 0xA5,
    0xD2, 0xAC, 0x5D, 0xFA, 0x4B, 0xB9, 0x44, 0xA1, 0x16, 0xC5, 0xC5, 0xC4, 0xB7, 0x43, 0xA2, 0x5F,
    0x6C, 0x80, 0xA4, 0xB2, 0xCA, 0xA2, 0x49, 0x28, 0xE2, 0xD5, 0xA5, 0x75, 0x0C, 0x33, 0xD2, 0xB8,
    0xD6, 0xB1, 0x9E, 0xD0, 0x5C, 0x7C, 0xB6, 0xD2, 0x89, 0xAA, 0x26, 0x90, 0x43, 0x57, 0xA1, 0x08,
    0x19, 0xB7, 0x07, 0x9F, 0xF3, 0xB1, 0xB5, 0xB5, 0x95, 0xD8, 0xFE, 0xFD, 0xDC, 0x2A, 0x4F, 0x35,
    0x74, 0x0D, 0x33, 0x9D, 0x0C, 0x65, 0x76, 0x0E, 0x8A, 0x14, 0x27, 0xD4, 0x62, 0x5C, 0xB0, 0x20,
    0x90, 0xD1, 0xB8, 0xBA, 0x6E, 0x8E, 0x7B, 0xB2, 0x27, 0x35, 0x94, 0xCD, 0x6F, 0xA1, 0x3C, 0x09,
    0x7E, 0x34, 0xA2, 0x48, 0x61, 0x39, 0x96, 0x65, 0x88, 0x4A, 0xA1, 0xE3, 0x64, 0x09, 0xC3, 0x9D,
    0x4B, 0xB0, 0xDE, 0xFA, 0xFF, 0x42, 0x02, 0xD0, 0x29, 0xA8, 0xDB, 0x2A, 0xB7, 0x5F, 0x57, 0x79,
    0xFC, 0x9B, 0x2A, 0xE7, 0xD9, 0x7E, 0x08, 0xBA, 0xC3, 0x4B, 0x3C, 0x6B, 0xD9, 0xFE, 0xA0, 0x65,
    0xD7, 0x0B, 0x65, 0xA3, 0x23, 0x20, 0x01, 0x11, 0xC0, 0x03, 0x90, 0x07, 0xA0, 0x47, 0x83, 0x4C,
    0xD8, 0x07, 0x60, 0x84, 0x74, 0x92, 0x5E, 0xC5, 0x08, 0xFD, 0xE2, 0x67, 0x85, 0x82, 0x47, 0x88,
    0xCA, 0xBC, 0x7C, 0x50, 0x5E, 0x29, 0x83, 0x03, 0x27, 0xD1, 0x44, 0xB3, 0x7F, 0xC5, 0x9A, 0xBD,
    0x44, 0x7B, 0x8A, 0xAF, 0x26, 0xFE, 0xBC, 0x16, 0xD6, 0xF8, 0x36, 0xEB, 0xE5, 0x8B, 0xFF, 0x0E,
    0x4B, 0x35, 0x96, 0x82, 0x26, 0xCD, 0xC8, 0xCA, 0x92, 0xD2, 0x0F, 0x2A, 0xF7, 0x90, 0x5B, 0xDC,
    0x07, 0x8D, 0x62, 0x5B, 0x77, 0x8F, 0x26, 0x47, 0x54, 0x42, 0x15, 0x48, 0x95, 0x24, 0x13, 0xFA,
    0x65, 0xC9, 0xC6, 0x0C, 0x9E, 0xBB, 0x8C, 0x3D, 0xC3, 0x98, 0x25, 0x08, 0x4A, 0x7C, 0x02, 0x2C,
    0xD9, 0x65, 0x95, 0x8B, 0x7E, 0x03, 0xDC, 0x04, 0xA0, 0xE2, 0x19, 0x01, 0x1C, 0x14, 0x72, 0x0D,
    0xCE, 0x24, 0x5B, 0x04, 0x8E, 0x69, 0x77, 0x8D, 0x5D, 0xC1, 0xFD, 0x3D, 0xA2, 0x1A, 0xF3, 0x45,
    0x50, 0xEC, 0xD5, 0x3D, 0x0A, 0x31, 0xEE, 0xDD, 0x67, 0xE7, 0x08, 0x8F, 0x02, 0x8E, 0x12, 0x8B,
    0xED, 0x99, 0x05, 0x91, 0x81, 0x23, 0xD8, 0xF1, 0x15, 0x33, 0x47, 0xDA, 0x63, 0x8E, 0x7E, 0x05,
    0x8E, 0x3C, 0xC1, 0xE0, 0x28, 0x61, 0xAA, 0x05, 0x3C, 0xC8, 0x44, 0x69, 0xC0, 0x20, 0x86, 0x11,
    0x1B, 0x7A, 0x5D, 0x24, 0xE8, 0x0D, 0x7F, 0x05, 0x06, 0xDE, 0x90, 0xFD, 0x96, 0x67, 0xD9, 0x8F,
    0x81, 0x1A, 0x2C, 0x7D, 0x51, 0xFC, 0x0D, 0x32, 0xC4, 0xF6, 0x6C, 0x11, 0xEB, 0x68, 0x28, 0xB2,
    0x54, 0x33, 0x03, 0xA6, 0x73, 0xD9, 0x7B, 0x00, 0x5C, 0x07, 0x5F, 0x6A, 0x30, 0x88, 0xDE, 0xD7,
    0x18, 0x92, 0xF8, 0x88, 0xC5, 0x90, 0x70, 0xAA, 0x31, 0x0D, 0xCE, 0x17, 0x84, 0x81, 0x83, 0xE8,
    0x2B, 0xCE, 0xD7, 0x41, 0x71, 0xB2, 0xAE, 0x3D, 0x41, 0x87, 0xED, 0x02, 0x0A, 0x15, 0xC0, 0x07,
    0xC8, 0xDA, 0x79, 0x28, 0xCA, 0xF1, 0x89, 0x85, 0xB6, 0x5A, 0xBC, 0xC8, 0xDF, 0xB3, 0xD0, 0x6E,
    0x08, 0x05, 0x77, 0xE8, 0xD6, 0x55, 0xF2, 0x00, 0x58, 0x67, 0x28, 0x70, 0x76, 0x5D, 0xD1, 0xC1,
    0x23, 0x64, 0x83, 0x14, 0x1D, 0xC2, 0xC7, 0xF1, 0x3E, 0x3B, 0xC8, 0x3F, 0xE3, 0x6B, 0xB5, 0x5C,
    0x3A, 0x97, 0x01, 0xCA, 0x11, 0xBA, 0xB4, 0x70, 0x5B, 0xFE, 0x10, 0xEB, 0x15, 0x34, 0x3E, 0x7C,
    0x85, 0x85, 0x0B, 0x8A, 0x6C, 0x17, 0x6E, 0x6C, 0xC2, 0x7A, 0xA2, 0xE3, 0xC2, 0xC5, 0x2C, 0x8A,
    0x0B, 0x0C, 0x58, 0xF2, 0x0C, 0x64, 0x23, 0x4B, 0xDD, 0x63, 0x54, 0x1F, 0x13, 0x5F, 0xBF, 0x71,
    0x2E, 0x97, 0x95, 0xF9, 0x2A, 0x88, 0x9E, 0x99, 0xD9, 0x3C, 0x1E, 0xBE, 0xD1, 0x7B, 0x70, 0x71,
    0xF1, 0x03, 0x90, 0x5A, 0xCC, 0x41, 0xF4, 0xD4, 0xE0, 0x98, 0xC6, 0xBB, 0x10, 0x72, 0x3C, 0x63,
    0x2A, 0x8A, 0xE3, 0xF2, 0x2B, 0x7E, 0x76, 0x3C, 0x7C, 0xBD, 0x7A, 0x34, 0xCF, 0x22, 0x82, 0xFE,
    0x89, 0x10, 0x28, 0xDA, 0xC7, 0x2D, 0xFA, 0xBF, 0x78, 0xE5, 0xEA, 0x0F, 0xEB, 0xD2, 0x0D, 0xAF,
    0x6B, 0x82, 0xA1, 0x6B, 0xC2, 0xBA, 0x75, 0x06, 0x6B, 0x5C, 0x23, 0x4A, 0xD7, 0xC4, 0x85, 0x6B,
    0x94, 0xB6, 0x5B, 0x9F, 0xB0, 0x4D, 0x31, 0x0F, 0xD8, 0x0B, 0x37, 0x5E, 0x4B, 0x76, 0xF5, 0x1C,
    0x8C, 0x85, 0x1F, 0x71, 0xFE, 0xC3, 0x4D, 0xD4, 0x6E, 0x71, 0x03, 0x11, 0xB9, 0x81, 0x0C, 0x4C,
    0x9A, 0x83, 0x23, 0x9A, 0xB4, 0x6B, 0xC8, 0xE3, 0x68, 0x95, 0x62, 0x64, 0x81, 0x4B, 0x8A, 0xAC,
    0x6D, 0x28, 0xAE, 0xC2, 0x96, 0x13, 0x0C, 0x4B, 0xF0, 0x9F, 0x79, 0xE2, 0x1C, 0xBF, 0x7D, 0x04,
    0xCA, 0x39, 0x96, 0xBA, 0x4F, 0x60, 0xBF, 0x70, 0xA7, 0x75, 0xC8, 0x59, 0x86, 0xE5, 0x4C, 0xC6,
    0x62, 0x6A, 0x2E, 0x72, 0x0E, 0xE5, 0xB3, 0xCD, 0xFA, 0xCE, 0x6C, 0xDE, 0xE4, 0xD0, 0x71, 0x99,
    0xA5, 0x1B, 0x59, 0x91, 0x7B, 0xCE, 0x9A, 0xBE, 0x4E, 0xCE, 0x7D, 0x8D, 0x33, 0x24, 0xA4, 0x60,
    0x63, 0x48, 0x3A, 0xEF, 0x31, 0x86, 0x6F, 0xB7, 0xF8, 0x7D, 0xE2, 0xE0, 0x4F, 0xAB, 0x74, 0xE4,
    0xFD, 0x81, 0xBE, 0x14, 0x60, 0x5D, 0x42, 0xCE, 0xF3, 0x34, 0x3B, 0xBA, 0xE7, 0x4F, 0x9F, 0x63,
    0x15, 0x86, 0x1A, 0x7C, 0x57, 0xD3, 0xEC, 0xC6, 0xB5, 0xE7, 0x4E, 0x3F, 0x28, 0x76, 0x28, 0xBA,
    0x83, 0x49, 0x35, 0x98, 0xD3, 0xEC, 0x9D, 0xE7, 0x4E, 0x5F, 0x91, 0xCC, 0x22, 0xED, 0x42, 0x2B,
    0x32, 0x8C, 0xA7, 0x38, 0x0D, 0x52, 0xE9, 0x2C, 0xEE, 0xB3, 0xD8, 0x27, 0x9F, 0x1E, 0xDB, 0x41,
    0x22, 0xAF, 0xEA, 0x33, 0x7E, 0xEF, 0xBF, 0xF0, 0xE4, 0x19, 0xAE, 0xD7, 0x82, 0x42, 0x7D, 0x60,
    0xD4, 0x6F, 0xCD, 0xEC, 0xC8, 0x2F, 0x3C, 0x1B, 0x1D, 0xFA, 0xA9, 0xB3, 0x67, 0x28, 0x3B, 0x50,
    0xDD, 0xD9, 0x68, 0x58, 0x21, 0x75, 0x42, 0x7A, 0x85, 0x9C, 0x12, 0x49, 0x42, 0x01, 0x24, 0xCA,
    0xDF, 0xDD, 0x5F, 0x41, 0xFE, 0x60, 0x4D, 0x8F, 0x60, 0xDD, 0xC2, 0xB8, 0x17, 0xA3, 0x4F, 0x52,
    0x7C, 0x3C, 0x83, 0x6E, 0x8E, 0x00, 0x72, 0x26, 0xA0, 0x16, 0x73, 0x3B, 0xCF, 0xC9, 0x72, 0xBA,
    0x0F, 0xF4, 0x57, 0x36, 0x90, 0x95, 0x53, 0x07, 0x9D, 0x18, 0x0C, 0x2E, 0x4F, 0xD2, 0x92, 0x51,
    0xC5, 0xA8, 0x61, 0xD4, 0x32, 0x82, 0x89, 0x25, 0x29, 0x92, 0xAF, 0x24, 0x3D, 0x5F, 0x02, 0x2D,
    0x1B, 0xA0, 0xB3, 0x48, 0x70, 0xD3, 0xB7, 0x87, 0x3C, 0x8B, 0xD6, 0x4D, 0x26, 0x6E, 0x51, 0x05,
    0x00, 0x09, 0x46, 0x21, 0xA3, 0x80, 0x11, 0x71, 0x91, 0xC0, 0xC5, 0xCA, 0x24, 0x44, 0xFA, 0xE5,
    0x38, 0x53, 0x7B, 0x82, 0x71, 0xA7, 0x59, 0xEE, 0xDC, 0x49, 0x8F, 0xE2, 0x31, 0xE2, 0xB4, 0x10,
    0xC8, 0x7D, 0xE2, 0x8C, 0x5B, 0xD6, 0x61, 0x7B, 0xC4, 0xB8, 0x27, 0xF1, 0x7C, 0x12, 0x1D, 0x3D,
    0x73, 0x9C, 0xCC, 0x43, 0x4E, 0x04, 0x24, 0xFB, 0x6A, 0xC5, 0x59, 0xE4, 0xB5, 0xD9, 0xEC, 0x18,
    0x99, 0xCF, 0xBF, 0x0D, 0x6E, 0x6A, 0x3F, 0x3B, 0xB2, 0xDC, 0xC7, 0xC1, 0x7C, 0x8D, 0xE3, 0x55,
    0x1B, 0x63, 0xD1, 0x5B, 0x5E, 0xF9, 0xD3, 0x33, 0xC7, 0xC8, 0xFC, 0x04, 0xCE, 0x45, 0xD4, 0xBA,
    0x50, 0xDC, 0x4C, 0x7D, 0xCE, 0x21, 0x0E, 0x51, 0xCF, 0x72, 0x20, 0x44, 0x4E, 0x68, 0x0B, 0xF4,
    0x81, 0x9D, 0xDC, 0x1B, 0x52, 0xAE, 0xA1, 0xA1, 0xD0, 0xCE, 0x57, 0xE9, 0xA5, 0x91, 0x6C, 0x27,
    0x59, 0xB6, 0xEB, 0x2C, 0xDB, 0xF0, 0x90, 0x6C, 0x11, 0xCB, 0x26, 0x51, 0x21, 0xA1, 0x32, 0x85,
    0x30, 0x0D, 0x90, 0x5F, 0x41, 0xAC, 0xB0, 0x04, 0x12, 0x88, 0x9A, 0xB9, 0x62, 0xD9, 0x86, 0x2C,
    0x5B, 0x3D, 0x92, 0xCD, 0x11, 0x90, 0x2C, 0xDB, 0x12, 0xCB, 0x76, 0xB2, 0xB3, 0x33, 0x56, 0x86,
    0xA4, 0xF3, 0xF9, 0xA1, 0x3E, 0x50, 0x75, 0x53, 0xFB, 0xE3, 0xC0, 0x6B, 0x95, 0x0E, 0x86, 0xAA,
    0x92, 0x0D, 0xF8, 0x54, 0x30, 0xF3, 0x82, 0xF2, 0xB6, 0xA7, 0x76, 0xA3, 0x0B, 0x5C, 0x3E, 0xE7,
    0xE9, 0xC5, 0x8B, 0xE1, 0xC1, 0x89, 0x45, 0x0C, 0x1E, 0xA8, 0x70, 0xBC, 0x8F, 0xE7, 0x93, 0x17,
    0xC2, 0x63, 0x5B, 0xA2, 0xF4, 0x57, 0x19, 0x03, 0xBD, 0x33, 0xFB, 0x82, 0xE6, 0x4A, 0x8D, 0x53,
    0xE8, 0xDD, 0x23, 0xA9, 0x3B, 0x94, 0x12, 0xF5, 0x9F, 0x41, 0x8D, 0x20, 0x50, 0x9A, 0x51, 0xC8,
    0xA9, 0x93, 0x3F, 0x0C, 0x31, 0x6C, 0x57, 0xC0, 0xE7, 0xE7, 0x39, 0x23, 0xE4, 0xAA, 0x83, 0x4B,
    0x9E, 0x2E, 0x0B, 0x0B, 0xD8, 0xDA, 0xB9, 0xE6, 0x7A, 0x02, 0xA2, 0x87, 0xE3, 0xDE, 0x06, 0xA0,
    0xE5, 0xF8, 0x97, 0xC1, 0x9D, 0x22, 0x6E, 0x8A, 0x72, 0x02, 0x48, 0xC9, 0xB6, 0x5C, 0x4C, 0xC4,
    0xFB, 0xFA, 0x48, 0xCC, 0x44, 0x05, 0x0D, 0x0F, 0x5F, 0xB3, 0xAA, 0x91, 0xFA, 0x1E, 0xFD, 0xA1,
    0x8F, 0xE8, 0xA3, 0x53, 0x62, 0x50, 0x59, 0x3A, 0x83, 0x7E, 0xA8, 0xAD, 0xD2, 0x08, 0x34, 0xE8,
    0xA2, 0x49, 0x11, 0xB1, 0x53, 0xF8, 0xA6, 0x0E, 0xA4, 0x49, 0x85, 0x2D, 0x01, 0x3A, 0x15, 0x08,
    0x43, 0x4D, 0xEF, 0x2D, 0x79, 0x46, 0x46, 0x39, 0xC9, 0x85, 0x0D, 0x58, 0x84, 0x33, 0x08, 0x4E,
    0x0E, 0xB3, 0x41, 0xE2, 0xB6, 0x77, 0xB4, 0x87, 0x6A, 0x9F, 0xB7, 0xC2, 0xD4, 0x2D, 0xE4, 0x8D,
    0x49, 0x0F, 0x5F, 0x58, 0x1D, 0xDB, 0x7D, 0x18, 0x4C, 0xAC, 0xC7, 0x49, 0x14, 0x17, 0x45, 0xEC,
    0xFA, 0x45, 0x36, 0x3D, 0x3D, 0x6E, 0x72, 0x54, 0x20, 0x55, 0x43, 0x33, 0x9B, 0xEF, 0x4E, 0x4F,
    0x6F, 0xE7, 0x65, 0xF8, 0x84, 0x5D, 0x0A, 0xBE, 0xAA, 0xC9, 0x4B, 0x56, 0xA6, 0xA6, 0xE7, 0x97,
    0x6B, 0x14, 0x22, 0x2B, 0x66, 0xF0, 0x36, 0x4E, 0x4F, 0x2F, 0xDF, 0x2C, 0x2F, 0x32, 0xD4, 0xCC,
    0x60, 0x0E, 0xCB, 0x6D, 0xE8, 0xA7, 0xE9, 0xEE, 0x39, 0x96, 0x4F, 0x43, 0xF7, 0x42, 0x36, 0xCF,
    0xBD, 0xEF, 0x77, 0xFD, 0x79, 0x0F, 0xAF, 0x48, 0xCB, 0x54, 0x33, 0x0D, 0xDE, 0x72, 0xE4, 0xBD,
    0x3F, 0x97, 0xF2, 0x97, 0xEE, 0x6D, 0x09, 0x5A, 0x1C, 0x4D, 0x92, 0x1E, 0xE3, 0x1B, 0x50, 0xBC,
    0x9F, 0x83, 0xE6, 0x3D, 0xCB, 0x99, 0x46, 0x96, 0xBB, 0xAC, 0xD9, 0xE3, 0xB8, 0xB3, 0x81, 0x62,
    0xC1, 0x25, 0x1E, 0xB0, 0x1A, 0x2E, 0x2B, 0x44, 0xA9, 0xF4, 0xC0, 0xD9, 0xD9, 0x18, 0xB4, 0xD8,
    0x90, 0xA5, 0x2C, 0x44, 0x8B, 0x2C, 0x12, 0xD2, 0x13, 0xF7, 0xE6, 0xE2, 0x86, 0xB3, 0x61, 0xDA,
    0x21, 0x1A, 0xEC, 0x74, 0x1E, 0x86, 0x1E, 0xCA, 0xC0, 0x45, 0xEF, 0x68, 0x1C, 0x0F, 0x57, 0xC6,
    0x24, 0xC2, 0x80, 0x07, 0xCB, 0x03, 0x89, 0x15, 0x62, 0x8A, 0x83, 0xAC, 0xDB, 0x82, 0x74, 0xDB,
    0xAB, 0x90, 0x92, 0x37, 0x5C, 0x1D, 0x0F, 0x96, 0x8F, 0x55, 0x9C, 0x35, 0x92, 0x79, 0x45, 0xD9,
    0xF4, 0xF4, 0x78, 0xF7, 0x36, 0xE5, 0x5A, 0x0D, 0x81, 0x68, 0xF3, 0xCC, 0xD4, 0xF4, 0xBC, 0x72,
    0x11, 0x85, 0x41, 0xEE, 0x60, 0xAC, 0x41, 0x53, 0xD0, 0x53, 0x14, 0x67, 0x42, 0x73, 0x18, 0xF0,
    0x56, 0x22, 0xF3, 0xB8, 0x13, 0xB9, 0xB3, 0x96, 0xC9, 0x02, 0x3B, 0x13, 0xDE, 0xE0, 0x78, 0xCC,
    0x89, 0xBA, 0x1F, 0xF5, 0xE6, 0x24, 0x63, 0x3E, 0xC7, 0x4F, 0x9E, 0xE6, 0x5A, 0x40, 0x8A, 0xBC,
    0xCC, 0x29, 0x72, 0x5F, 0x3A, 0x3F, 0x75, 0xC7, 0xCE, 0xA6, 0x06, 0x14, 0xB4, 0x97, 0xDD, 0xF6,
    0x3B, 0xCF, 0x74, 0xF0, 0x3F, 0xBC, 0xE2, 0xBA, 0xEF, 0x42, 0x9C, 0xF9, 0xD0, 0x69, 0x68, 0x51,
    0x21, 0x8B, 0x18, 0x5A, 0x26, 0x0C, 0x6F, 0x9D, 0xA9, 0x24, 0xEC, 0x5A, 0x2D, 0xCA, 0x18, 0x6F,
    0xC4, 0xF7, 0x79, 0x16, 0x8E, 0xB4, 0x8C, 0x67, 0xF8, 0xE3, 0xD3, 0xA0, 0xB7, 0x43, 0xE1, 0xD7,
    0x15, 0x0D, 0xBC, 0x4E, 0xA3, 0xE6, 0x66, 0x36, 0x29, 0x57, 0xC8, 0x09, 0x72, 0x4B, 0xF9, 0x6D,
    0xA8, 0x73, 0xF6, 0x84, 0x2D, 0xC9, 0x1E, 0x68, 0xD8, 0xC7, 0x74, 0xCE, 0xEF, 0x0E, 0x69, 0xD3,
    0xD8, 0x02, 0x0A, 0x58, 0x00, 0x64, 0x89, 0x3A, 0x99, 0xB2, 0xB1, 0x6C, 0x06, 0x16, 0x50, 0xF6,
    0x16, 0x30, 0xD1, 0x26, 0x17, 0xB7, 0x2B, 0xB7, 0xD7, 0x36, 0xCE, 0x0F, 0xA6, 0xA1, 0xE7, 0xB4,
    0x13, 0xF4, 0x9A, 0xBD, 0x87, 0xB4, 0xF3, 0x19, 0xE9, 0xBD, 0x8B, 0x38, 0x6C, 0x6F, 0x90, 0xFF,
    0xAF, 0x66, 0xE2, 0x2F, 0xA7, 0xA0, 0xE7, 0x99, 0x37, 0x51, 0x70, 0x43, 0xDB, 0x6B, 0x4C, 0xE2,
    0xE6, 0xCB, 0xCF, 0x61, 0xFE, 0x46, 0xDB, 0x77, 0x49, 0x07, 0x0B, 0x47, 0xB7, 0xB1, 0xFB, 0x24,
    0xB1, 0x5B, 0xB7, 0xBC, 0x0F, 0xA2, 0xAF, 0x8F, 0xB2, 0xE6, 0x8D, 0x4D, 0xF0, 0x36, 0xE0, 0xAD,
    0x3B, 0xDE, 0x0A, 0xBC, 0x60, 0x61, 0x57, 0xBE, 0x32, 0xEA, 0xEA, 0xFB, 0x46, 0xFD, 0x17, 0xBC,
    0x6B, 0xF0, 0x36, 0x1D, 0x6F, 0xC4, 0xDC, 0x64, 0xB1, 0xE7, 0xCD, 0xE5, 0xBC, 0xF3, 0x56, 0xBC,
    0x8B, 0xD0, 0xF3, 0x7D, 0x9A, 0xED, 0xED, 0x14, 0xFE, 0x14, 0xF5, 0x95, 0x56, 0xFC, 0xB7, 0x92,
    0xBD, 0xAE, 0xC3, 0xB6, 0xF7, 0xD1, 0x2E, 0x6E, 0x1E, 0xDE, 0x1F, 0x98, 0x8A, 0x9E, 0xDB, 0x0F,
    0x28, 0x28, 0xF8, 0xAE, 0xA2, 0xD9, 0xEC, 0xDA, 0xD4, 0xF4, 0x42, 0xBD, 0x43, 0xE2, 0x4E, 0x43,
    0xD1, 0x3F, 0x26, 0xF5, 0xFF, 0x54, 0xF2, 0x8D, 0x3D, 0x73, 0x31, 0xB6, 0xA5, 0x55, 0x78, 0xAD,
    0x74, 0x64, 0xCB, 0x9A, 0xFD, 0x5B, 0xEC, 0xAC, 0x3C, 0x44, 0x06, 0xC3, 0x1E, 0xD2, 0x6F, 0xB8,
    0x74, 0xE6, 0x84, 0x0C, 0x6B, 0x90, 0x63, 0x01, 0x14, 0xFA, 0xAB, 0xB2, 0xCB, 0x13, 0x30, 0xDE,
    0x9F, 0xF0, 0x1F, 0x0F, 0xFD, 0x36, 0xEE, 0xF8, 0x4F, 0x9A, 0x87, 0x61, 0x66, 0xA3, 0xB3, 0x7D,
    0xAC, 0x65, 0xFE, 0x4D, 0xAE, 0x61, 0xFB, 0x45, 0x9E, 0xC8, 0x32, 0x27, 0x31, 0x81, 0x44, 0x16,
    0x39, 0xE7, 0xF9, 0xFC, 0x37, 0x49, 0x0A, 0x1F, 0x01, 0x82, 0x8F, 0xFB, 0x0B, 0xE2, 0x51, 0x1E,
    0xFC, 0x79, 0x8F, 0xE3, 0x07, 0xCD, 0x5A, 0x3D, 0x6C, 0xDD, 0xC8, 0x11, 0x1E, 0x92, 0x90, 0x08,
    0x88, 0x40, 0x98, 0x22, 0x2A, 0x4E, 0x01, 0x8E, 0xED, 0x41, 0x80, 0xCD, 0x26, 0xA5, 0xCF, 0xE4,
    0xC9, 0x85, 0x8B, 0x2B, 0xAC, 0xC2, 0xAA, 0x5C, 0xA8, 0x3E, 0x35, 0x6A, 0x03, 0xC4, 0xF6, 0x12,
    0xD7, 0xA6, 0xC8, 0x6B, 0xAE, 0xBA, 0x22, 0x2E, 0xAE, 0xB0, 0x9D, 0x22, 0x4D, 0x0A, 0x07, 0x38,
    0x7B, 0x19, 0xB8, 0x4C, 0x71, 0x74, 0x11, 0x5C, 0x71, 0x45, 0x68, 0xC3, 0x49, 0x80, 0xA4, 0xF0,
    0x1A, 0xA2, 0x2E, 0xD4, 0x89, 0xE4, 0xE6, 0x9B, 0x5D, 0xF2, 0xBD, 0x27, 0x59, 0xFF, 0xEF, 0x49,
    0x08, 0xC9, 0x19, 0x3D, 0x91, 0xFB, 0xF3, 0xCD, 0xEE, 0xEC, 0xEC, 0xCC, 0x90, 0x44, 0x7C, 0x44,
    0x3A, 0xEF, 0xD9, 0xA1, 0xC3, 0xD7, 0x60, 0xA1, 0x65, 0x19, 0x51, 0xFC, 0x0E, 0x45, 0x92, 0xDF,
    0x17, 0x60, 0x77, 0x4A, 0x22, 0x19, 0x2A, 0x22, 0x1D, 0x54, 0x44, 0x9D, 0x5F, 0x93, 0xDB, 0x7A,
    0x0D, 0x79, 0x8D, 0xDB, 0xA2, 0x96, 0xEE, 0x28, 0xD0, 0x5A, 0xA3, 0x96, 0xD6, 0x69, 0x54, 0x92,
    0xC8, 0xE3, 0x82, 0x92, 0x3C, 0xC9, 0x29, 0x2E, 0x44, 0x4E, 0x91, 0xE2, 0xC6, 0x1D, 0x5D, 0x1B,
    0x1A, 0x1F, 0x5B, 0x23, 0xF2, 0x74, 0xCB, 0x95, 0xB8, 0x58, 0xB6, 0x90, 0xA2, 0x3C, 0xAA, 0x3A,
    0x52, 0xE7, 0xB8, 0x97, 0x27, 0x6F, 0xD1, 0x42, 0xDA, 0xD3, 0xDF, 0x74, 0x1E, 0xEB, 0x77, 0x79,
    0xA0, 0x63, 0x8B, 0xFA, 0x86, 0x07, 0x54, 0xF1, 0xE7, 0x39, 0x23, 0x4D, 0x89, 0xDC, 0xBD, 0xAB,
    0x91, 0xC3, 0xCB, 0x3F, 0x25, 0x4F, 0x7D, 0x8B, 0xEA, 0xA8, 0x1D, 0x67, 0xB3, 0xCB, 0x71, 0xE9,
    0xC3, 0x8E, 0x3B, 0x68, 0x87, 0x7B, 0x11, 0x29, 0x33, 0xBE, 0x17, 0x55, 0x33, 0x02, 0x17, 0xA8,
    0xDC, 0x60, 0x46, 0x41, 0xA4, 0x4D, 0x1D, 0xDB, 0x20, 0xDF, 0xA7, 0xE7, 0xCC, 0x78, 0x9A, 0x5D,
    0x35, 0x08, 0xE8, 0xAC, 0xF3, 0x43, 0xC8, 0xE6, 0x69, 0xAD, 0xB8, 0xBF, 0x86, 0xE2, 0xCA, 0xEF,
    0x80, 0x95, 0x34, 0x89, 0x8C, 0x64, 0x2A, 0xB9, 0x98, 0x3E, 0x82, 0xE1, 0xC1, 0xB2, 0x2D, 0x92,
    0x14, 0xB8, 0x13, 0xD7, 0x7E, 0xCB, 0x42, 0x37, 0xE4, 0x6A, 0x8D, 0xC1, 0xD9, 0xE6, 0xD9, 0xB7,
    0x07, 0xC0, 0xB8, 0x10, 0xCC, 0xC3, 0xDD, 0xA0, 0xC7, 0xB3, 0x32, 0x82, 0xC6, 0x75, 0x3C, 0x52,
    0x59, 0x58, 0xF1, 0xE8, 0x84, 0x65, 0x92, 0x2F, 0x50, 0x82, 0x41, 0x1E, 0x53, 0x1E, 0x8E, 0xA2,
    0x32, 0x2A, 0xC2, 0x4E, 0xE7, 0x40, 0x87, 0x0E, 0x01, 0xDD, 0xE1, 0x49, 0xE1, 0x41, 0x8A, 0x5A,
    0x06, 0x9E, 0xA0, 0x8F, 0xC7, 0x4B, 0xD9, 0x15, 0x0A, 0x13, 0x61, 0xD6, 0x04, 0x00, 0x34, 0xCF,
    0xC9, 0x7D, 0xB4, 0x3A, 0xBB, 0x30, 0x6E, 0x39, 0x48, 0x64, 0x98, 0x53, 0x5E, 0xE5, 0xCC, 0xF0,
    0x6C, 0x40, 0x3B, 0x8D, 0x50, 0x7E, 0x36, 0xBB, 0x30, 0x4D, 0xC8, 0xEB, 0x83, 0x75, 0x3A, 0x64,
    0x05, 0x74, 0x1F, 0x5D, 0xA1, 0x30, 0x5E, 0x85, 0x7E, 0x1B, 0x74, 0x9B, 0x40, 0xB9, 0x97, 0x66,
    0x17, 0x26, 0xFC, 0x4B, 0x4D, 0xDE, 0x8E, 0x42, 0x7D, 0xC8, 0xB4, 0xD5, 0x8B, 0x61, 0xA4, 0xA8,
    0x41, 0x3A, 0x03, 0x95, 0x22, 0x8D, 0x2B, 0x91, 0x7A, 0x8D, 0x48, 0xDD, 0x16, 0x8B, 0xB8, 0x03,
    0xE9, 0x43, 0xD4, 0xD9, 0x67, 0x3E, 0xCA, 0x6C, 0x57, 0xA6, 0x0E, 0x2C, 0x82, 0xD0, 0x6F, 0xC7,
    0x26, 0xC6, 0xC1, 0xB4, 0x07, 0xEF, 0xD5, 0x01, 0xA6, 0x46, 0xB4, 0x15, 0x28, 0x48, 0xF8, 0x83,
    0x62, 0x59, 0x15, 0x45, 0xBB, 0x30, 0x0F, 0x40, 0xAF, 0x00, 0x17, 0x0F, 0x92, 0xCC, 0x30, 0x7F,
    0xF8, 0x37, 0xC7, 0x83, 0xB8, 0x8C, 0x31, 0xB2, 0x1D, 0x0A, 0xFB, 0x7A, 0x9F, 0x61, 0xFF, 0x75,
    0x58, 0xE4, 0x3F, 0x37, 0x86, 0x0C, 0x83, 0x0F, 0x56, 0x5B, 0xE3, 0xE4, 0x57, 0xAE, 0x4E, 0xA1,
    0x70, 0x49, 0x0E, 0x16, 0x17, 0x60, 0x61, 0x79, 0x6F, 0x6F, 0x3D, 0x54, 0xE8, 0xAC, 0x67, 0x30,
    0x6B, 0xA1, 0x32, 0x0F, 0x86, 0x22, 0x02, 0x85, 0x17, 0x51, 0x4D, 0xDB, 0x11, 0xAD, 0xC0, 0xBA,
    0xB1, 0x26, 0x55, 0x98, 0xDA, 0xCE, 0x10, 0xE0, 0x33, 0x7A, 0x06, 0xCF, 0xD8, 0x19, 0x3A, 0x23,
    0x67, 0xA4, 0x8C, 0x9B, 0x61, 0x9B, 0xDF, 0x00, 0xCD, 0x98, 0x19, 0x32, 0x23, 0x9E, 0x02, 0x8C,
    0x66, 0x2A, 0x43, 0xD3, 0x07, 0xC6, 0x2D, 0x1F, 0x53, 0x6A, 0x8D, 0xE6, 0x98, 0xFE, 0xFD, 0x94,
    0xEC, 0xB8, 0x82, 0xBE, 0xDA, 0xA0, 0x0F, 0x9E, 0x4F, 0xD5, 0x35, 0x8D, 0x41, 0x7D, 0x0C, 0x0D,
    0x87, 0xD1, 0x13, 0x63, 0xB8, 0xD3, 0x50, 0x41, 0x4F, 0xF2, 0xB0, 0x48, 0x32, 0xE8, 0x0A, 0xF0,
    0x1B, 0x32, 0x7A, 0xC2, 0xEB, 0x24, 0x2C, 0xC2, 0x3D, 0xC9, 0x7A, 0x92, 0x0E, 0x7A, 0xE2, 0xE7,
    0x37, 0xC8, 0x7B, 0xCD, 0x1B, 0x28, 0xE0, 0x6F, 0x67, 0x73, 0xC7, 0xEB, 0x16, 0xD7, 0xA1, 0x23,
    0x0F, 0x80, 0x17, 0xFD, 0x45, 0xA3, 0x99, 0xF1, 0x52, 0x4C, 0x13, 0xE5, 0x5F, 0xB9, 0x84, 0xF1,
    0x0D, 0x33, 0xBB, 0xB7, 0x31, 0x05, 0xE9, 0xEC, 0x78, 0xE7, 0x3A, 0xF7, 0x7C, 0xA7, 0xB1, 0x5B,
    0x92, 0xDD, 0x1F, 0x8B, 0x0B, 0xE0, 0x2B, 0x3C, 0x6E, 0x4B, 0xC2, 0x56, 0x38, 0x2F, 0x8E, 0xDC,
    0x6F, 0x83, 0x02, 0xE6, 0xE9, 0x47, 0xE8, 0xAF, 0x44, 0xF3, 0xAB, 0xE9, 0xDC, 0xC7, 0xD8, 0x53,
    0x62, 0x62, 0xEB, 0x56, 0xB2, 0xD9, 0xC7, 0xF8, 0xC2, 0x5B, 0xEA, 0x16, 0x4D, 0x1B, 0xEE, 0xD5,
    0xA7, 0xA9, 0xA6, 0x44, 0x67, 0x86, 0xE1, 0x81, 0xC8, 0x50, 0x44, 0x58, 0xC3, 0x1D, 0xD5, 0x7E,
    0x37, 0x36, 0xDC, 0xEA, 0xB4, 0x2D, 0x75, 0xCB, 0x59, 0x77, 0xF5, 0xF7, 0xA7, 0x1A, 0x90, 0x48,
    0xC1, 0x80, 0xA0, 0x8C, 0xA7, 0xFF, 0xA3, 0x48, 0x7C, 0x6E, 0x6C, 0xE7, 0x62, 0x16, 0x72, 0x9D,
    0x12, 0x75, 0x33, 0x1E, 0x10, 0x5A, 0x40, 0x47, 0x7F, 0x0A, 0x20, 0xD1, 0x83, 0x08, 0xBF, 0xE2,
    0x8E, 0xE5, 0x7D, 0x4B, 0x57, 0x27, 0xA0, 0x5B, 0x7E, 0x6C, 0x57, 0xB0, 0xC4, 0x8C, 0xFD, 0xB2,
    0xB8, 0x1C, 0x01, 0x0F, 0xF9, 0x11, 0x6E, 0x71, 0x85, 0x02, 0x1E, 0xE9, 0x47, 0xCC, 0x5B, 0xC0,
    0xAB, 0x90, 0xC3, 0x38, 0x2C, 0x01, 0x8F, 0x24, 0x3B, 0x32, 0x3D, 0x1B, 0x1E, 0xB2, 0xFB, 0xEA,
    0x17, 0x56, 0xD8, 0x81, 0x2E, 0x43, 0x50, 0x6C, 0x9F, 0x14, 0x43, 0x53, 0x1E, 0x26, 0xD3, 0x0B,
    0x91, 0x8E, 0xF0, 0x2D, 0x26, 0x84, 0x30, 0x63, 0x4C, 0x1B, 0x1B, 0xFA, 0xA4, 0xB2, 0x2E, 0x9A,
    0x0E, 0x30, 0x4A, 0xD1, 0xEF, 0x72, 0x5A, 0x9D, 0x78, 0x68, 0xC4, 0xF7, 0x0F, 0xD2, 0x4A, 0xE6,
    0x36, 0xBA, 0x72, 0x3B, 0xDD, 0xB8, 0xFA, 0xEB, 0xCE, 0xED, 0x4C, 0xDD, 0x53, 0xC9, 0x2A, 0x04,
    0x66, 0xA8, 0x9C, 0x30, 0xD8, 0x1F, 0xDD, 0x18, 0x36, 0xF5, 0x00, 0xFF, 0x4E, 0xB3, 0xDD, 0x8D,
    0xCD, 0xF2, 0x50, 0xB5, 0xA3, 0x58, 0xEF, 0x6C, 0x60, 0x5A, 0x4B, 0x43, 0x81, 0x19, 0xC8, 0x2D,
    0x0A, 0x76, 0x74, 0x11, 0xEC, 0x6B, 0x15, 0x74, 0xDB, 0x75, 0x50, 0x7B, 0xE8, 0xE8, 0x74, 0x5A,
    0x71, 0x53, 0xF1, 0x2E, 0xFB, 0xB3, 0xA6, 0xF5, 0x5F, 0x0C, 0xF1, 0x5E, 0x75, 0x91, 0xEB, 0xE3,
    0x45, 0xB4, 0x93, 0xEE, 0x0D, 0xED, 0x40, 0x53, 0x81, 0xEA, 0x2C, 0x17, 0x8B, 0x91, 0xE8, 0xA1,
    0xEB, 0xD3, 0xCF, 0x49, 0x79, 0x67, 0x3D, 0x50, 0xC7, 0x9D, 0xB0, 0x75, 0xB0, 0x74, 0xB0, 0x73,
    0x63, 0x2B, 0x77, 0x31, 0xB1, 0xAA, 0x20, 0x7D, 0x1E, 0x51, 0x32, 0xB4, 0x73, 0x1E, 0xB1, 0xA2,
    0xE2, 0xF4, 0x33, 0x49, 0x5F, 0x50, 0x87, 0x1D, 0x32, 0x29, 0x79, 0x6D, 0x05, 0x15, 0x5C, 0xC6,
    0xE2, 0x64, 0xC1, 0xB0, 0xA1, 0xA5, 0x38, 0x55, 0x88, 0x81, 0xB8, 0x8E, 0x05, 0x21, 0xD2, 0x6B,
    0xFD, 0xD2, 0x38, 0xFD, 0x5C, 0x86, 0x79, 0x38, 0xEE, 0x1C, 0xD6, 0x17, 0x3B, 0xF2, 0xE7, 0x66,
    0x6B, 0x8F, 0xC0, 0x6E, 0x57, 0x60, 0xB7, 0x6A, 0x66, 0x4D, 0x50, 0x8B, 0x35, 0xAC, 0x73, 0x91,
    0x6A, 0x5D, 0x20, 0x40, 0xE8, 0x8D, 0xCB, 0x4D, 0xA7, 0x92, 0xB7, 0x1A, 0xE9, 0x35, 0xD7, 0x88,
    0xD7, 0xDC, 0xB2, 0x73, 0x17, 0xBF, 0xCF, 0x72, 0x11, 0x5F, 0x35, 0x25, 0x35, 0x6F, 0xF6, 0x89,
    0x35, 0x07, 0xBC, 0x8F, 0x4B, 0xC4, 0x07, 0xBB, 0x0D, 0x2D, 0x8E, 0xBE, 0x98, 0xF8, 0x70, 0x7C,
    0xFF, 0x6C, 0xB4, 0xCA, 0x99, 0x83, 0xAC, 0xA7, 0x5C, 0x64, 0x31, 0x7B, 0x0D, 0x70, 0xDE, 0xDD,
    0xDE, 0xEB, 0xC6, 0x4A, 0xF6, 0x35, 0xDB, 0x08, 0x6B, 0x22, 0x9C, 0xBB, 0x7C, 0xE7, 0xEC, 0x57,
    0xCC, 0xC6, 0xD9, 0x66, 0x38, 0x86, 0xD1, 0xF5, 0x3A, 0xB0, 0x10, 0xB1, 0x53, 0x1A, 0x97, 0x60,
    0x32, 0x27, 0xF1, 0x19, 0x54, 0x59, 0xDC, 0x86, 0xAD, 0x11, 0x77, 0xD0, 0xAB, 0x10, 0x25, 0x1B,
    0x78, 0x65, 0x43, 0x2C, 0x12, 0xFB, 0xFC, 0xE0, 0x35, 0x17, 0xC9, 0xA4, 0xB1, 0xDD, 0xA8, 0x91,
    0x46, 0x6A, 0x68, 0xC5, 0x6B, 0xC1, 0x9C, 0x7E, 0xF1, 0xD8, 0x80, 0xCF, 0xD8, 0xEB, 0x28, 0xEB,
    0x7D, 0x5C, 0xA8, 0x88, 0x3D, 0xE4, 0x07, 0xB4, 0x8C, 0x70, 0x53, 0x93, 0x44, 0x13, 0x12, 0xBA,
    0x24, 0x01, 0x48, 0xA2, 0x0B, 0x76, 0xE8, 0xA4, 0xE6, 0xBF, 0x05, 0xC9, 0x3B, 0x8A, 0xA4, 0xDF,
    0x90, 0x84, 0xD9, 0x33, 0x65, 0x87, 0x4C, 0x0A, 0xFB, 0x27, 0xBD, 0xD3, 0xC7, 0xA9, 0x14, 0x47,
    0x71, 0x78, 0xCA, 0xED, 0xC9, 0x4C, 0x3A, 0xDC, 0x26, 0xEA, 0xC0, 0x3E, 0x49, 0x6C, 0x87, 0xD2,
    0x38, 0x89, 0x68, 0x0F, 0x5E, 0x20, 0xA7, 0x8A, 0xA4, 0x5F, 0xDB, 0x3E, 0xFB, 0xF6, 0x10, 0xBE,
    0x51, 0x58, 0x58, 0xC4, 0xD7, 0xA7, 0x23, 0x9D, 0x74, 0x06, 0x1A, 0x3C, 0x48, 0x90, 0xAF, 0xC2,
    0x3C, 0x4A, 0xAF, 0xF7, 0x63, 0x70, 0xFA, 0x39, 0xCF, 0xBE, 0x8F, 0x1C, 0x2B, 0xA3, 0x5A, 0x71,
    0x7E, 0xFA, 0xC9, 0x4E, 0x6D, 0x9C, 0x25, 0x74, 0x93, 0xEE, 0xF7, 0x7B, 0x2F, 0xA6, 0xFD, 0x56,
    0xD9, 0x53, 0x41, 0x62, 0x2D, 0x9B, 0x09, 0x59, 0x94, 0x4A, 0xBE, 0x88, 0xAF, 0x25, 0x96, 0xFC,
    0x8C, 0xD7, 0xB1, 0x23, 0x74, 0x1B, 0x98, 0xA0, 0x31, 0x86, 0x4E, 0xC2, 0x76, 0x10, 0xC7, 0xD1,
    0xDD, 0x04, 0x39, 0x94, 0x47, 0x46, 0x4A, 0x86, 0xC5, 0xB1, 0x20, 0x78, 0x2B, 0x38, 0x48, 0xBF,
    0x26, 0x7F, 0x9F, 0x83, 0x7B, 0x8E, 0xCA, 0x0B, 0xE3, 0xCA, 0xCB, 0xCA, 0x26, 0x43, 0xF7, 0x41,
    0xB7, 0xA7, 0xCB, 0x22, 0x74, 0x1F, 0x88, 0xF7, 0xCE, 0xFE, 0x7C, 0x1F, 0x68, 0x9C, 0x6D, 0xA2,
    0x84, 0xFA, 0xCD, 0x21, 0xBB, 0xDB, 0xA7, 0x0F, 0x39, 0x3C, 0x70, 0xEA, 0x21, 0x67, 0x35, 0x51,
    0x57, 0x68, 0x79, 0x8A, 0xB5, 0x0B, 0x56, 0x31, 0x6B, 0x98, 0x75, 0xCC, 0x64, 0x0A, 0x26, 0x72,
    0xB0, 0xCD, 0x12, 0xEC, 0x8E, 0x02, 0xBB, 0x55, 0x83, 0xAD, 0xB5, 0x6C, 0x92, 0xB5, 0xB1, 0xCC,
    0xF8, 0x97, 0x8D, 0x24, 0x56, 0x35, 0x33, 0x9F, 0x99, 0xC7, 0x8C, 0x30, 0x44, 0x1E, 0x6F, 0xEE,
    0x85, 0x5D, 0xD8, 0x91, 0xED, 0x6D, 0x79, 0xF1, 0x11, 0xC9, 0x04, 0x8B, 0x08, 0xAB, 0x55, 0xFE,
    0x13, 0xBE, 0x1D, 0x0C, 0x98, 0xA4, 0xD3, 0xE9, 0xB2, 0xA1, 0x9E, 0xE8, 0x3F, 0xCE, 0x04, 0x7A,
    0xB5, 0x4F, 0xDF, 0x3E, 0x9F, 0xAC, 0x24, 0x6A, 0xA2, 0x63, 0x12, 0x6D, 0x97, 0x2B, 0x25, 0xC7,
    0xB5, 0xDE, 0x7F, 0x39, 0xE9, 0x3D, 0x89, 0x6B, 0xFF, 0x7F, 0x27, 0x44, 0x0C, 0x2C, 0x98, 0x64,
    0xF1, 0x6B, 0x9B, 0xC5, 0xBB, 0x38, 0xE8, 0x9E, 0x16, 0x61, 0xDB, 0xD1, 0x1F, 0xF9, 0xBC, 0x28,
    0x86, 0x08, 0xC1, 0xB8, 0x66, 0x83, 0x3F, 0x77, 0xC6, 0xF0, 0x4B, 0x70, 0x74, 0x92, 0xE4, 0xBA,
    0x67, 0xF1, 0x98, 0x71, 0x87, 0xC4, 0x5B, 0x33, 0x8A, 0x7C, 0x18, 0xB6, 0x1C, 0x4C, 0xB0, 0x1F,
    0x97, 0xD1, 0x1A, 0x67, 0x3E, 0x8B, 0x0F, 0xA2, 0x92, 0xAC, 0x8F, 0x4A, 0xCA, 0xA8, 0xEC, 0x33,
    0x9F, 0x93, 0x6C, 0xC0, 0x33, 0x7F, 0x1C, 0x2C, 0xB3, 0x30, 0x8B, 0xD5, 0x15, 0x0A, 0x73, 0x64,
    0xB0, 0x3C, 0x8B, 0x30, 0xF1, 0x6F, 0xD1, 0x7C, 0xC2, 0x4B, 0x91, 0x03, 0x2A, 0xBA, 0xFF, 0xE9,
    0x55, 0xCE, 0xCC, 0x8B, 0x38, 0xA3, 0x26, 0x81, 0xD5, 0x6C, 0xE0, 0x29, 0x54, 0xB3, 0x0B, 0x43,
    0x0E, 0xB7, 0x0C, 0x67, 0x4D, 0xB7, 0xE8, 0x0A, 0x3C, 0x30, 0x3C, 0xAE, 0xE1, 0x21, 0x02, 0x12,
    0x73, 0x2C, 0x81, 0x9A, 0xF7, 0x09, 0xE6, 0x9A, 0xBC, 0xEE, 0xE9, 0x37, 0x9A, 0x25, 0xAC, 0xC7,
    0xBC, 0xDD, 0x58, 0xB7, 0x4F, 0x45, 0x66, 0x6A, 0x15, 0xCC, 0xA3, 0x3D, 0x38, 0x27, 0x64, 0x5B,
    0x73, 0x0C, 0xA7, 0xC8, 0xF0, 0x95, 0x91, 0xF3, 0x84, 0xF1, 0xC6, 0x3A, 0xF7, 0xF9, 0x3E, 0x9C,
    0x6F, 0xD1, 0xF9, 0x0D, 0x50, 0xD7, 0x4E, 0x03, 0xDC, 0x15, 0xB5, 0x40, 0xAC, 0x75, 0x37, 0xE6,
    0x95, 0xC9, 0xA9, 0x73, 0x9B, 0x65, 0xD4, 0x38, 0x35, 0x64, 0xD0, 0x5F, 0x37, 0xE8, 0x5B, 0x62,
    0x94, 0x65, 0x1D, 0x60, 0xC0, 0x1D, 0x93, 0x93, 0x76, 0x6B, 0xB2, 0x06, 0x3E, 0x9F, 0x0A, 0xB2,
    0x79, 0x46, 0xF6, 0x86, 0xFC, 0x3A, 0xBB, 0xCF, 0xF0, 0xA3, 0x43, 0x50, 0x50, 0x81, 0xEC, 0xEF,
    0xAF, 0x64, 0x69, 0xF3, 0x60, 0x70, 0x28, 0xFF, 0xC0, 0x4E, 0xA0, 0x66, 0x77, 0x32, 0x65, 0x07,
    0x91, 0x7D, 0xCB, 0xBE, 0x7C, 0xCD, 0x36, 0xB3, 0xE5, 0xFD, 0xCA, 0xBE, 0xEC, 0x5A, 0x5E, 0x4A,
    0x65, 0x92, 0xC1, 0x1D, 0x93, 0x3F, 0xB1, 0xEF, 0x29, 0xD3, 0x93, 0x37, 0xF9, 0x79, 0x81, 0x18,
    0x7C, 0x53, 0x7E, 0x23, 0xC9, 0xEA, 0x77, 0x13, 0x04, 0xE5, 0x5E, 0x58, 0x1B, 0xC5, 0xDF, 0x95,
    0xB1, 0x2E, 0xE3, 0x6E, 0x14, 0x73, 0x66, 0x1F, 0x9A, 0x75, 0xF4, 0x65, 0xEB, 0xA3, 0x7A, 0x62,
    0x2A, 0xC3, 0x1F, 0xF2, 0xD5, 0x0B, 0x72, 0xF6, 0x78, 0xFE, 0xCA, 0x49, 0xF2, 0x6F, 0x8E, 0x98,
    0x13, 0x4F, 0x85, 0xDF, 0x41, 0xED, 0x88, 0x1E, 0x73, 0xB3, 0xE7, 0x80, 0x3A, 0x9E, 0x51, 0xDE,
    0xB2, 0x7B, 0x60, 0xCB, 0x29, 0x16, 0x85, 0x79, 0x93, 0x99, 0x25, 0x1D, 0x80, 0xE5, 0x70, 0x6C,
    0x00, 0x48, 0xA6, 0x36, 0xF7, 0x9A, 0xE8, 0x11, 0x71, 0xDC, 0xC1, 0x6F, 0x36, 0x61, 0x54, 0xD9,
    0x23, 0x56, 0x4F, 0xE0, 0xA6, 0x68, 0x04, 0xF9, 0x12, 0x65, 0x13, 0x2C, 0x28, 0x28, 0x62, 0xC6,
    0x6D, 0x98, 0x15, 0xE0, 0xB1, 0x07, 0x53, 0xDA, 0xBD, 0x75, 0xD0, 0x9A, 0xAD, 0x11, 0x56, 0x53,
    0x33, 0xBC, 0x2D, 0x4D, 0xE3, 0x7C, 0x99, 0xE2, 0xB7, 0x6C, 0xF1, 0xDF, 0xF2, 0x2A, 0x83, 0x19,
    0xD1, 0x26, 0xF7, 0xC9, 0xB1, 0x4E, 0xFC, 0x0F, 0x99, 0x71, 0x39, 0x13, 0xE7, 0x2C, 0x18, 0x77,
    0xD4, 0x86, 0x52, 0x15, 0x42, 0xA9, 0x47, 0x5B, 0x97, 0x83, 0x99, 0xA3, 0x36, 0xD8, 0x05, 0xEF,
    0x7D, 0x3D, 0x09, 0xD7, 0x66, 0xC1, 0x3C, 0x4F, 0x7C, 0x21, 0xEF, 0x8A, 0xEC, 0xB1, 0xA0, 0xD8,
    0x82, 0xB2, 0x69, 0xBC, 0x59, 0xF0, 0x99, 0xF6, 0x0A, 0x1B, 0x18, 0x71, 0x7B, 0x7D, 0x0C, 0x78,
    0xA4, 0xD2, 0xCE, 0x79, 0x9C, 0x83, 0xB2, 0xFD, 0x30, 0xEB, 0x3E, 0xCB, 0x38, 0x9B, 0xDD, 0x1C,
    0x36, 0xAD, 0xA7, 0x3E, 0xD7, 0x74, 0x31, 0x72, 0xA1, 0x67, 0x6C, 0x68, 0x09, 0xFB, 0x8F, 0x03,
    0x0B, 0xE0, 0x5B, 0xDB, 0x00, 0x67, 0x11, 0x91, 0x21, 0xAE, 0xCD, 0x5D, 0x82, 0xA1, 0xE7, 0xAF,
    0x05, 0x76, 0xFB, 0x3B, 0x87, 0xAE, 0x80, 0xDF, 0xBC, 0x21, 0xE0, 0xCD, 0xE8, 0x57, 0xC6, 0x1F,
    0xC4, 0x1E, 0x7D, 0x2F, 0xEB, 0xD3, 0x6D, 0x0D, 0x42, 0x48, 0xF1, 0x10, 0x93, 0x87, 0x3D, 0x73,
    0x71, 0xE2, 0x0B, 0xCE, 0x0D, 0xBC, 0xFD, 0x64, 0xC0, 0x5C, 0xC1, 0x9B, 0x32, 0x7C, 0x3F, 0x3A,
    0x1F, 0xE0, 0xD3, 0xD1, 0x38, 0x9B, 0xBB, 0xF0, 0xDC, 0x74, 0xC9, 0x64, 0xD2, 0x7B, 0x27, 0xA0,
    0x39, 0x6E, 0xC8, 0xA4, 0xF9, 0xBD, 0xFD, 0xD3, 0x31, 0x08, 0xAE, 0x2F, 0x41, 0x31, 0xDE, 0x11,
    0xFD, 0xD8, 0xD1, 0x24, 0xDF, 0x67, 0xFC, 0xC3, 0xEE, 0x7C, 0xE4, 0x74, 0xD8, 0x68, 0xDB, 0xA4,
    0x8A, 0x9A, 0xD0, 0x46, 0x51, 0x88, 0xEE, 0x3B, 0xEB, 0x51, 0x7C, 0xF3, 0x09, 0x36, 0xDC, 0x67,
    0xE4, 0xFF, 0xBD, 0x22, 0xC7, 0xE9, 0xDD, 0x63, 0x93, 0x1C, 0x38, 0xD9, 0xAB, 0x34, 0x16, 0x38,
    0x97, 0x39, 0x46, 0x26, 0x8F, 0xF4, 0x1F, 0x73, 0xBF, 0x9B, 0xFA, 0x06, 0x05, 0xEE, 0xB0, 0xA1,
    0x83, 0x09, 0x82, 0xB9, 0x61, 0xB6, 0xAF, 0x5B, 0x95, 0xA1, 0xE1, 0x98, 0x09, 0xB3, 0x82, 0x05,
    0xA8, 0x63, 0x4C, 0x77, 0xDB, 0x87, 0x42, 0xF3, 0xC7, 0xEC, 0x67, 0xF7, 0xC9, 0x7B, 0x85, 0x9D,
    0xDD, 0x64, 0xEF, 0xE7, 0x30, 0xCE, 0x8C, 0x93, 0x53, 0xEE, 0x37, 0xAE, 0x59, 0xBA, 0xF9, 0xED,
    0x58, 0xEF, 0xE7, 0x3A, 0xD6, 0x2B, 0xF6, 0x2D, 0xA1, 0xF3, 0x1A, 0x2B, 0xA9, 0x50, 0xE6, 0x2F,
    0xC1, 0x19, 0xA1, 0x8F, 0x66, 0xC4, 0xCF, 0xEE, 0xED, 0xC3, 0x38, 0xA5, 0x06, 0x36, 0xA0, 0x7A,
    0x76, 0x39, 0xBA, 0x5D, 0xC3, 0x69, 0x54, 0x08, 0xFF, 0xDE, 0x54, 0xE4, 0xBF, 0x2C, 0xE6, 0xA2,
    0xDB, 0xF3, 0xC1, 0xA7, 0x6D, 0x5A, 0xC3, 0xE4, 0x08, 0x72, 0x1B, 0x10, 0xFB, 0xCD, 0x8C, 0xF8,
    0x8E, 0xFB, 0x8C, 0xCA, 0xB3, 0x56, 0x3B, 0xB4, 0x63, 0x92, 0x98, 0x5C, 0x23, 0x3D, 0x59, 0x1A,
    0x1D, 0xFE, 0x5C, 0x4F, 0x64, 0x80, 0xC0, 0x99, 0xD5, 0xC0, 0xFE, 0x09, 0xD9, 0xDD, 0x82, 0xCF,
    0xCC, 0xC9, 0x44, 0xB8, 0xC5, 0x1A, 0x76, 0x3B, 0x54, 0xB1, 0x24, 0x36, 0x84, 0x89, 0xFC, 0xAC,
    0x85, 0x04, 0xC9, 0xF6, 0x97, 0x9C, 0xE8, 0x15, 0xD1, 0x4B, 0x4E, 0xF9, 0x8A, 0xF0, 0x25, 0xF4,
    0xBB, 0x79, 0x11, 0x7E, 0x0F, 0x53, 0xD2, 0xB4, 0xC1, 0xBF, 0xA0, 0x29, 0x6D, 0xE3, 0xEF, 0x73,
    0xEC, 0x0D, 0x67, 0x9A, 0x3F, 0x3E, 0xAB, 0x3D, 0x6D, 0x5E, 0x9C, 0xBA, 0x0C, 0x30, 0x51, 0xC6,
    0xCC, 0x25, 0x6A, 0x2A, 0xF4, 0x75, 0xF8, 0x39, 0xF9, 0x3B, 0x95, 0xF1, 0x21, 0x1F, 0x0F, 0xD8,
    0x36, 0xCC, 0xB8, 0xD8, 0xAC, 0x38, 0x3C, 0xE2, 0x8C, 0x47, 0x41, 0x23, 0xAE, 0x89, 0xC0, 0x3B,
    0x0A, 0x5F, 0xED, 0xBF, 0xC2, 0x96, 0xFC, 0x66, 0xE7, 0x4D, 0x43, 0xC1, 0xCE, 0xCE, 0x4E, 0x8D,
    0x06, 0xDE, 0xA0, 0x09, 0x6F, 0xFF, 0xD5, 0x3E, 0x7F, 0x91, 0x92, 0x6B, 0xF3, 0x49, 0x0C, 0x6F,
    0xB1, 0x88, 0xB4, 0x73, 0x8E, 0x31, 0x38, 0x24, 0xF6, 0x9A, 0x21, 0xC4, 0x8E, 0x37, 0x81, 0xE3,
    0x8B, 0xC5, 0xE9, 0x21, 0x41, 0x01, 0xEC, 0xAE, 0xB0, 0xD0, 0x08, 0x78, 0x50, 0xDE, 0xE7, 0x6F,
    0xE4, 0xDC, 0x96, 0x27, 0x49, 0xF3, 0x17, 0x74, 0x72, 0x93, 0x23, 0x34, 0xFB, 0xE5, 0x63, 0xDA,
    0xB7, 0xE2, 0x71, 0x5C, 0x6D, 0x1A, 0x3D, 0x99, 0xB1, 0x7B, 0x21, 0x94, 0x09, 0xB0, 0x86, 0x77,
    0xC7, 0x1B, 0x88, 0xEC, 0x84, 0x0D, 0xA2, 0xCA, 0x38, 0xE7, 0xD7, 0xDD, 0x31, 0xC2, 0x29, 0x0E,
    0xAD, 0x04, 0xBC, 0x47, 0x89, 0x51, 0x45, 0x58, 0xD0, 0x36, 0xF6, 0x83, 0x0A, 0x4E, 0x92, 0xF1,
    0x4B, 0x74, 0x7E, 0x09, 0xC1, 0x13, 0x0F, 0x57, 0xED, 0x67, 0x00, 0xC1, 0x13, 0x1C, 0x0D, 0x1F,
    0x44, 0x5E, 0xE3, 0x70, 0x58, 0xB0, 0x93, 0x24, 0xD8, 0xB3, 0xF9, 0xC8, 0xCD, 0xAE, 0x46, 0xB6,
    0xC1, 0x9D, 0x36, 0x2F, 0x1D, 0x27, 0x7D, 0x4A, 0x04, 0x61, 0x03, 0x71, 0xF8, 0x86, 0x3B, 0x08,
    0xA9, 0xB4, 0xAD, 0xC4, 0xAF, 0x46, 0xE2, 0xD2, 0x2A, 0x2C, 0x6E, 0x01, 0x8C, 0xF1, 0x34, 0x18,
    0x8A, 0x79, 0x69, 0x80, 0x3A, 0xBA, 0x27, 0x76, 0xD3, 0xB0, 0x60, 0x62, 0xE3, 0x92, 0x60, 0xB1,
    0x6C, 0xDC, 0x15, 0xBA, 0xC5, 0xB5, 0x7C, 0xAF, 0xE1, 0x2D, 0x18, 0x23, 0x2B, 0xD8, 0xBF, 0x40,
    0xAB, 0xA1, 0xFD, 0x4F, 0x77, 0xD2, 0x5C, 0xF6, 0x0B, 0x8F, 0xDC, 0xD2, 0x52, 0x3A, 0x7F, 0x60,
    0x0F, 0x4C, 0x11, 0x5C, 0x9F, 0x9C, 0x0F, 0x98, 0xA7, 0x1E, 0xF6, 0x4E, 0xA6, 0x3A, 0x10, 0x19,
    0xCD, 0x0B, 0x58, 0xF4, 0x65, 0x15, 0xFC, 0x50, 0xB8, 0x58, 0x68, 0x4F, 0xCF, 0x07, 0x6C, 0xB1,
    0x8E, 0x9B, 0xA4, 0x11, 0x99, 0x38, 0x31, 0xFF, 0xFE, 0x3F, 0xCD, 0x5A, 0xBF, 0x73, 0xDD, 0xC6,
    0x11, 0x3E, 0x00, 0x23, 0xC2, 0x21, 0x66, 0x7C, 0x15, 0x0B, 0x33, 0x05, 0x9A, 0x14, 0x8A, 0x0A,
    0xE1, 0x2F, 0x10, 0x71, 0xA6, 0x0B, 0x15, 0x29, 0xA4, 0x42, 0x4C, 0x2B, 0x17, 0xAE, 0xD8, 0xA8,
    0x4D, 0x21, 0x0B, 0x18, 0xA7, 0x48, 0xE1, 0xC2, 0x6C, 0x54, 0xA5, 0x30, 0x0B, 0x16, 0x31, 0x5D,
    0xA8, 0x49, 0xA1, 0x42, 0x32, 0x30, 0x93, 0x42, 0x85, 0x8B, 0x60, 0xE2, 0xC9, 0xA4, 0x48, 0x11,
    0xC8, 0x51, 0x52, 0x28, 0x33, 0x11, 0x14, 0x43, 0x23, 0x50, 0xC6, 0xC3, 0xE5, 0xFB, 0xF6, 0x00,
    0xF2, 0x91, 0x12, 0x23, 0x4A, 0xFC, 0xA1, 0xBC, 0xC1, 0xDD, 0x3E, 0xE2, 0x1D, 0xEE, 0x76, 0xF7,
    0xF6, 0x76, 0xBF, 0x5D, 0xD0, 0x53, 0x4A, 0xF9, 0x5D, 0x6A, 0x32, 0xDB, 0x29, 0x75, 0xFF, 0xBE,
    0xCA, 0xAC, 0xCD, 0x55, 0xD2, 0x92, 0xD6, 0x6A, 0x71, 0x43, 0x65, 0x06, 0x7F, 0xE0, 0x93, 0x99,
    0xA0, 0xF7, 0xD6, 0xD6, 0x4C, 0x66, 0xFC, 0x59, 0x64, 0x6D, 0x95, 0x19, 0x35, 0x8C, 0xD4, 0x7A,
    0x6B, 0x45, 0x49, 0xAA, 0x70, 0x09, 0xF5, 0x67, 0x8E, 0x86, 0x1D, 0xE9, 0xA0, 0x74, 0xA3, 0xF8,
    0x9C, 0x4A, 0x4B, 0xD0, 0xB0, 0xE7, 0xC8, 0xCC, 0xDC, 0x68, 0x71, 0x47, 0xD6, 0x09, 0xD1, 0x40,
    0x4D, 0x24, 0xF4, 0x91, 0x22, 0xE5, 0x9A, 0xBA, 0xEC, 0xD1, 0x47, 0x4D, 0xF0, 0x43, 0x23, 0x54,
    0xD9, 0xD2, 0xD1, 0x0B, 0xCA, 0x51, 0x7E, 0xD6, 0xA3, 0x66, 0x69, 0x6D, 0x4D, 0xF9, 0xF6, 0xAF,
    0x4D, 0x6A, 0x2D, 0x9F, 0x15, 0x1A, 0x3F, 0xCB, 0x9A, 0xA5, 0x5F, 0x0E, 0x2A, 0xA9, 0xB0, 0x78,
    0xD0, 0x63, 0x69, 0x8C, 0xC7, 0xD7, 0x34, 0x07, 0x4D, 0x2B, 0xD0, 0xB0, 0x51, 0x85, 0x91, 0xFB,
    0xDE, 0xA0, 0x40, 0x75, 0x83, 0x61, 0x2A, 0xA9, 0x93, 0x06, 0xC3, 0x94, 0x1E, 0xDC, 0x3C, 0xA1,
    0xFD, 0x51, 0xA8, 0x67, 0xBF, 0x15, 0x7A, 0xE0, 0x03, 0xF1, 0xC8, 0xC9, 0x89, 0x91, 0xC5, 0x0D,
    0x21, 0xBA, 0x1E, 0x89, 0x16, 0xD2, 0xC6, 0x0D, 0xF4, 0x73, 0x99, 0xEA, 0xB6, 0x76, 0x15, 0x3B,
    0x44, 0x6D, 0x65, 0xB3, 0x39, 0x3E, 0x82, 0x1A, 0xE3, 0xA2, 0x16, 0x5D, 0xC8, 0xCE, 0xAF, 0x64,
    0x4A, 0x74, 0xDE, 0x55, 0xDE, 0x6B, 0xDE, 0xAC, 0xC3, 0x5A, 0x73, 0x1D, 0x26, 0x0A, 0x9B, 0x49,
    0xE1, 0x19, 0xBB, 0xA2, 0x62, 0x67, 0xDC, 0xD2, 0x5E, 0x5B, 0x04, 0x3D, 0x2F, 0xB5, 0x59, 0xE0,
    0xAE, 0x77, 0x6D, 0xFC, 0xF3, 0x75, 0x17, 0x77, 0x25, 0xE8, 0x54, 0x8A, 0x8B, 0xDB, 0x32, 0xAF,
    0xD4, 0x92, 0x93, 0x07, 0x7D, 0x56, 0x8F, 0xB4, 0x1D, 0x69, 0x3F, 0xD2, 0x61, 0xA4, 0x85, 0x71,
    0x34, 0x2B, 0x1D, 0xBD, 0x5E, 0x3B, 0x7A, 0xA5, 0x71, 0xF4, 0xA3, 0xCE, 0xD1, 0xD5, 0x59, 0x26,
    0xD4, 0xD8, 0x6C, 0x75, 0x93, 0x34, 0x2B, 0x2E, 0xB7, 0xA4, 0x89, 0x05, 0xED, 0x32, 0xA3, 0xED,
    0x47, 0x7D, 0x04, 0x1A, 0x52, 0xBB, 0x50, 0x42, 0x60, 0xCD, 0x68, 0xDB, 0x18, 0x62, 0xF6, 0xED,
    0x78, 0x4B, 0xEE, 0x3E, 0x12, 0xDE, 0x56, 0x1D, 0x67, 0x5B, 0x8E, 0x2F, 0x72, 0xF5, 0xE1, 0x35,
    0xF2, 0xB4, 0x2A, 0x1C, 0xAD, 0x0A, 0x3F, 0xAB, 0xC2, 0xCD, 0xAA, 0xF0, 0xB2, 0x2A, 0x9C, 0xAC,
    0x3A, 0x3E, 0x84, 0x8B, 0x55, 0xE1, 0x81, 0xBD, 0x96, 0x3E, 0x94, 0x3E, 0x90, 0x5E, 0xA1, 0xE7,
    0x82, 0xBE, 0xF4, 0x81, 0xF4, 0x49, 0xC7, 0x3E, 0x15, 0xCB, 0x9F, 0x57, 0xD9, 0x3D, 0xEE, 0xC3,
    0xC0, 0x6F, 0xD2, 0xFD, 0x4A, 0x6E, 0x2E, 0x2D, 0x6C, 0xAA, 0x6B, 0x45, 0x3A, 0x53, 0x43, 0x51,
    0x58, 0x74, 0xFF, 0xB4, 0xF9, 0x50, 0xE4, 0x69, 0x39, 0x14, 0xEA, 0x0D, 0xBA, 0x69, 0x52, 0x8F,
    0xE6, 0xA6, 0xC9, 0x45, 0x4C, 0x26, 0xE2, 0xDA, 0xAD, 0x9C, 0x86, 0xF8, 0x12, 0x7F, 0x09, 0x5E,
    0x42, 0x19, 0xF5, 0xBB, 0x7D, 0xCA, 0x0A, 0x79, 0x60, 0xB4, 0xEB, 0x30, 0x24, 0x79, 0x82, 0x03,
    0x9C, 0x7E, 0x09, 0xEB, 0x49, 0xAF, 0xE0, 0xB1, 0x82, 0x07, 0xCD, 0x46, 0xF0, 0x2F, 0x03, 0x3C,
    0x85, 0x3F, 0x13, 0x9B, 0x80, 0x53, 0x80, 0x3F, 0x18, 0x78, 0x90, 0x2D, 0x9E, 0x82, 0xA1, 0x63,
    0xA9, 0xAC, 0x4C, 0x70, 0x64, 0x4B, 0xF8, 0x8F, 0xA4, 0x82, 0xFE, 0xE3, 0x26, 0x6C, 0xBE, 0x51,
    0xDE, 0x0E, 0x18, 0xC1, 0x3E, 0xA8, 0xE5, 0x51, 0x13, 0xEB, 0x1B, 0x2A, 0xB0, 0x33, 0x3E, 0xC4,
    0x61, 0xF9, 0x39, 0x83, 0xF1, 0x78, 0xD4, 0x2B, 0x6C, 0x89, 0x7B, 0x65, 0xFA, 0x08, 0x33, 0x98,
    0xB1, 0xFD, 0xD9, 0x96, 0x89, 0x7D, 0x52, 0x46, 0x36, 0x29, 0x9D, 0x18, 0x8D, 0xFE, 0x63, 0x19,
    0x80, 0xD3, 0x49, 0x00, 0xC8, 0xFB, 0x16, 0x17, 0xD4, 0x81, 0x79, 0x20, 0xF6, 0xA8, 0x88, 0x6B,
    0xDC, 0xBE, 0xA3, 0x5C, 0x6A, 0xA6, 0xA9, 0x9B, 0x74, 0x52, 0xB2, 0xBF, 0x39, 0xE9, 0xD0, 0xBB,
    0xCA, 0x23, 0x01, 0xF5, 0x05, 0x30, 0x4D, 0x0A, 0xD7, 0xC3, 0x3F, 0x43, 0xD9, 0x10, 0x0E, 0xEE,
    0x36, 0xC7, 0x55, 0xD0, 0x7D, 0xD9, 0xB1, 0x4B, 0x76, 0xBB, 0xB4, 0x94, 0x1F, 0x64, 0x08, 0x3C,
    0x1E, 0x7C, 0x62, 0x17, 0x8A, 0x5E, 0xB1, 0xA0, 0x78, 0xD8, 0x1B, 0x93, 0x69, 0x07, 0x2D, 0xD6,
    0xED, 0x7B, 0x67, 0x59, 0x8B, 0xA3, 0x36, 0x97, 0x37, 0xE0, 0xF4, 0x06, 0x6E, 0x46, 0xAE, 0xDB,
    0xAC, 0xA2, 0x23, 0xA5, 0xB3, 0xA4, 0x03, 0xA5, 0xF3, 0x14, 0x0A, 0xA7, 0x19, 0xD7, 0x71, 0x0D,
    0x67, 0x09, 0xDD, 0x61, 0xB6, 0x02, 0x3B, 0xE2, 0xE1, 0xEA, 0x12, 0xA3, 0x6E, 0xDD, 0x72, 0xA6,
    0xB2, 0xB0, 0x39, 0xEF, 0x2D, 0x87, 0x37, 0x6B, 0xDE, 0x90, 0x96, 0xC1, 0x2C, 0x6D, 0xE3, 0x1E,
    0x82, 0xB7, 0xE0, 0xA5, 0x52, 0x85, 0x98, 0xA4, 0x8A, 0x2A, 0x58, 0xCB, 0x73, 0x1A, 0x10, 0xCC,
    0xE9, 0x82, 0x13, 0x64, 0x49, 0x2D, 0x99, 0x42, 0xE4, 0x3E, 0xBC, 0x65, 0xD8, 0x7D, 0x9C, 0xCE,
    0x12, 0xCE, 0xBC, 0x8C, 0xED, 0x9D, 0x32, 0x1C, 0x9C, 0x05, 0x38, 0x06, 0x07, 0xD7, 0xF8, 0xF9,
    0xF8, 0x27, 0xCA, 0xEB, 0x53, 0x83, 0x96, 0xAB, 0x2E, 0x3E, 0x15, 0x19, 0x44, 0xF7, 0xD8, 0x54,
    0x36, 0x39, 0xEA, 0xF9, 0xC7, 0x2A, 0x7A, 0xD8, 0x2B, 0xFD, 0xB4, 0x57, 0x61, 0xD5, 0x9D, 0x80,
    0x4C, 0x74, 0x0C, 0x98, 0xC7, 0xC7, 0xFC, 0x9E, 0x39, 0x1B, 0x99, 0x02, 0x58, 0x56, 0x84, 0xE5,
    0x35, 0xD6, 0x3B, 0x77, 0x0A, 0x32, 0xDD, 0x4D, 0x94, 0x5A, 0x81, 0x5C, 0xFA, 0xEC, 0x64, 0x22,
    0xDF, 0xDE, 0x73, 0xC8, 0x85, 0xB3, 0x04, 0xE6, 0x4F, 0x5E, 0xA6, 0x15, 0xFA, 0x76, 0x1E, 0xFD,
    0xFC, 0xCC, 0x64, 0xF2, 0x09, 0xEB, 0xE8, 0x69, 0x2E, 0xA9, 0xD3, 0x91, 0x69, 0xCF, 0x1B, 0x1B,
    0x3A, 0xED, 0x73, 0x26, 0xC6, 0x41, 0xD5, 0xF5, 0x85, 0xED, 0x3B, 0x75, 0x4A, 0x90, 0xF6, 0x18,
    0x34, 0xD7, 0x55, 0x52, 0x26, 0xA5, 0x7E, 0x61, 0xF3, 0x00, 0xBE, 0x46, 0x15, 0xED, 0x5C, 0xF0,
    0x88, 0x09, 0xF7, 0x62, 0x3B, 0x85, 0xB9, 0x0F, 0x7C, 0x28, 0x26, 0xD5, 0xDC, 0x05, 0x06, 0x8F,
    0x8B, 0x61, 0x79, 0x26, 0x91, 0x46, 0x5C, 0x30, 0xC0, 0x31, 0x9B, 0x7C, 0xCF, 0x7F, 0x06, 0x38,
    0x34, 0x48, 0xF3, 0xEB, 0x9B, 0xC7, 0x8E, 0x3C, 0xAF, 0x94, 0x55, 0x6D, 0x4D, 0x81, 0xDF, 0x45,
    0xFF, 0x4E, 0xBD, 0x13, 0x59, 0xD5, 0x22, 0xED, 0x92, 0xB3, 0x93, 0xBB, 0xFC, 0x84, 0x64, 0x95,
    0x78, 0x6B, 0xE7, 0xC9, 0xAB, 0x3E, 0x96, 0x4C, 0x82, 0x13, 0x21, 0xC1, 0x4C, 0x48, 0xD8, 0x0D,
    0x0E, 0xF9, 0x0B, 0xD1, 0xB5, 0x90, 0xA4, 0x12, 0x82, 0xE0, 0xB7, 0xFD, 0x15, 0x8F, 0x08, 0xC5,
    0x44, 0xB0, 0x23, 0x01, 0x24, 0xB2, 0x6B, 0xD7, 0x18, 0xED, 0x06, 0xF1, 0xB4, 0x42, 0xA2, 0x61,
    0x9B, 0x04, 0x5A, 0x1A, 0x1C, 0x8E, 0xE1, 0xD4, 0x0C, 0xA6, 0xC4, 0xD4, 0x8E, 0x4C, 0x91, 0x57,
    0xD4, 0xB0, 0xAB, 0x8C, 0xDD, 0xCF, 0x7A, 0xBE, 0x4C, 0x1D, 0xEC, 0x38, 0x2D, 0x38, 0xFB, 0xAE,
    0x69, 0xE1, 0x88, 0x87, 0xDC, 0x85, 0x5C, 0xD7, 0xC2, 0x77, 0x2D, 0xBF, 0xD6, 0xD0, 0x08, 0x54,
    0x07, 0x7D, 0xB8, 0x1E, 0x63, 0xA0, 0x97, 0x9D, 0x02, 0x9A, 0x79, 0x8E, 0x67, 0x43, 0x9B, 0x17,
    0xB2, 0x80, 0x77, 0x84, 0x58, 0xBF, 0xAE, 0x0A, 0xD1, 0x8D, 0xEB, 0x2E, 0x6C, 0x1B, 0x0B, 0x15,
    0xE6, 0xD2, 0x15, 0xF4, 0x4E, 0x59, 0xBE, 0x54, 0x6C, 0xA4, 0x55, 0x6A, 0xEB, 0x7D, 0xB1, 0xBE,
    0x99, 0x8B, 0xF5, 0x6A, 0x1D, 0x8B, 0xF8, 0xF6, 0x2F, 0x8D, 0xA4, 0x4A, 0x92, 0x27, 0xB9, 0x24,
    0x49, 0x32, 0xA4, 0x34, 0x47, 0xB8, 0x4F, 0xF3, 0x3B, 0x2F, 0x8C, 0xFB, 0x13, 0x01, 0x1E, 0x76,
    0x91, 0x08, 0x2F, 0x8C, 0x53, 0xFF, 0xC2, 0x54, 0xD9, 0x2F, 0xC6, 0x6C, 0x60, 0x21, 0xD7, 0x32,
    0x41, 0xCD, 0xA9, 0x72, 0x28, 0x8A, 0x10, 0xF1, 0x1C, 0xD7, 0xE9, 0xDF, 0x16, 0xCC, 0xBC, 0x5E,
    0x40, 0xEC, 0xF0, 0xCB, 0x60, 0xA6, 0x79, 0x1D, 0x98, 0x81, 0xD0, 0x94, 0x99, 0x22, 0x53, 0xE2,
    0x97, 0xC0, 0x4C, 0x39, 0x82, 0x19, 0x88, 0x4A, 0x49, 0x45, 0x50, 0x91, 0x33, 0x6A, 0x28, 0x25,
    0x85, 0xA4, 0x8C, 0x22, 0x22, 0x24, 0x64, 0xC6, 0x2C, 0xE9, 0xB2, 0x52, 0x92, 0x1E, 0x23, 0x51,
    0xDE, 0x97, 0x14, 0x06, 0x03, 0x3A, 0xCD, 0xEC, 0x37, 0xC1, 0x31, 0x33, 0x05, 0xF2, 0xDE, 0x0F,
    0x99, 0xF4, 0x5E, 0xEE, 0xE9, 0xBD, 0xF0, 0x44, 0x46, 0xDC, 0x9A, 0x91, 0x6F, 0x49, 0xBC, 0xB3,
    0x1F, 0xF9, 0xC3, 0x43, 0x0E, 0xC9, 0x0B, 0x11, 0x91, 0x99, 0x72, 0xDC, 0x4C, 0xB3, 0x04, 0x4C,
    0xA8, 0x3D, 0xEB, 0xD0, 0x36, 0x00, 0xE6, 0xE8, 0x03, 0x0E, 0xA0, 0xED, 0x3D, 0x87, 0xB1, 0xAF,
    0x43, 0x72, 0xDC, 0x07, 0x04, 0x99, 0xBA, 0x45, 0x07, 0xE5, 0xF9, 0x3D, 0xD6, 0xF0, 0x07, 0x98,
    0xBF, 0x0F, 0xF5, 0xA1, 0x93, 0x6F, 0xD0, 0x9F, 0x3F, 0xC3, 0xBA, 0x7E, 0x8F, 0x75, 0x7D, 0xA4,
    0x43, 0xD3, 0x63, 0x58, 0xF7, 0xE4, 0x40, 0xA8, 0x79, 0xE5, 0xBE, 0x05, 0x9D, 0x20, 0x3A, 0xDA,
    0x8B, 0x74, 0x34, 0xA4, 0x60, 0x17, 0x23, 0xBD, 0x15, 0x12, 0xED, 0xDD, 0x5C, 0x09, 0x83, 0x06,
    0x1B, 0x94, 0xAE, 0xBB, 0x83, 0x1E, 0xE8, 0x80, 0xFF, 0x79, 0xA7, 0x52, 0x8A, 0xC9, 0xF7, 0xAE,
    0x9D, 0x96, 0xE4, 0x87, 0x9E, 0x4B, 0xF1, 0xA7, 0xF4, 0x8F, 0x7B, 0x9D, 0x62, 0xF9, 0x66, 0x4C,
    0xF4, 0x60, 0x2F, 0x2C, 0xEA, 0x80, 0x7B, 0x5A, 0xBB, 0xDE, 0x91, 0xD1, 0x58, 0x63, 0xD1, 0xF2,
    0xEF, 0x48, 0xE6, 0x1A, 0xE6, 0x0E, 0x2E, 0x1F, 0x21, 0xA8, 0xB0, 0xCC, 0x52, 0xD1, 0x95, 0xF0,
    0xC4, 0x48, 0xDA, 0x7A, 0xCE, 0xDC, 0x51, 0xBB, 0x62, 0xFD, 0xC6, 0x69, 0x3C, 0xAC, 0xEF, 0xBB,
    0x5C, 0xAE, 0xC0, 0xDD, 0x0B, 0xF9, 0xDC, 0x0E, 0xD9, 0x72, 0x6A, 0x32, 0x29, 0x73, 0x60, 0x06,
    0x37, 0x06, 0x9C, 0x02, 0x27, 0x8E, 0x48, 0x66, 0x9D, 0xBF, 0x25, 0x44, 0x16, 0xCD, 0x1A, 0x1A,
    0x82, 0x5B, 0x83, 0x1C, 0x97, 0x08, 0x83, 0xD1, 0x08, 0xDA, 0xEF, 0xA6, 0x34, 0x75, 0x3E, 0x2F,
    0xF3, 0x8E, 0x9C, 0x97, 0xB9, 0x2B, 0xA1, 0x21, 0xC8, 0x32, 0xCE, 0x4F, 0xBB, 0x63, 0x8E, 0xB9,
    0xE9, 0xE1, 0xA5, 0x66, 0x36, 0x7D, 0xA9, 0x25, 0xC2, 0xBA, 0xAA, 0x19, 0xF8, 0x65, 0xD9, 0x4C,
    0xB4, 0x26, 0xF5, 0x2F, 0x2A, 0x53, 0x0A, 0x62, 0xAE, 0x12, 0x26, 0x15, 0x33, 0x33, 0x96, 0xCC,
    0x06, 0x35, 0xD6, 0xCC, 0xFA, 0xF1, 0x0B, 0x25, 0x95, 0xC1, 0x30, 0x28, 0xF7, 0x38, 0x77, 0x81,
    0xF5, 0x33, 0x1E, 0x48, 0x29, 0xA0, 0x49, 0x51, 0x60, 0x6F, 0x51, 0xEC, 0xFE, 0xC8, 0xC6, 0x23,
    0xC7, 0x98, 0x37, 0xC7, 0xA9, 0xA3, 0x0E, 0x61, 0x64, 0x63, 0x81, 0xED, 0x5D, 0x16, 0xF7, 0xDC,
    0x67, 0x2C, 0xE2, 0x1D, 0x46, 0xDF, 0x59, 0x71, 0x2F, 0x63, 0x47, 0x83, 0xF7, 0xA8, 0x39, 0xBF,
    0x39, 0xC3, 0xF8, 0x25, 0xA8, 0x9C, 0xE8, 0x9C, 0x89, 0xD4, 0x04, 0x72, 0x4F, 0x38, 0x7E, 0xED,
    0xE5, 0x13, 0xF6, 0x28, 0x24, 0xAE, 0x26, 0xF2, 0x78, 0x5B, 0x08, 0x8D, 0x6B, 0x8F, 0xDC, 0x5E,
    0x9B, 0x1F, 0x22, 0x84, 0x26, 0x53, 0xC0, 0x37, 0x82, 0x64, 0x48, 0x0F, 0x40, 0x52, 0xC2, 0x2B,
    0x03, 0x95, 0x31, 0x34, 0x42, 0xE6, 0x3D, 0xA4, 0x7F, 0xEE, 0x2A, 0x7E, 0x1C, 0xDC, 0x71, 0x1F,
    0x8A, 0x26, 0xAD, 0xA2, 0x2E, 0xCD, 0x03, 0xA4, 0x3E, 0x08, 0x56, 0xB9, 0x37, 0xDB, 0x6B, 0x08,
    0x4F, 0x72, 0x9F, 0x2D, 0x6A, 0xD3, 0x3C, 0x86, 0xEC, 0x59, 0x99, 0x7E, 0x06, 0xF8, 0xF6, 0x04,
    0xF6, 0x07, 0xBB, 0x4A, 0xA1, 0xC4, 0xB4, 0x76, 0xB5, 0xB1, 0xA9, 0xB9, 0xF3, 0x2F, 0x20, 0x9B,
    0x7F, 0x31, 0x35, 0x55, 0x41, 0xA5, 0x0E, 0xD6, 0x1B, 0xA5, 0xD8, 0x28, 0xF5, 0x3C, 0x29, 0xE7,
    0x49, 0x8D, 0x51, 0x0A, 0x8C, 0x52, 0x5D, 0x94, 0xD2, 0xA2, 0xD4, 0x15, 0xA5, 0xA8, 0x28, 0x15,
    0x45, 0x96, 0xF1, 0x0C, 0xAB, 0x78, 0x86, 0x45, 0x3C, 0xC3, 0x1A, 0x9E, 0x61, 0x09, 0xCF, 0x48,
    0xFD, 0x50, 0x8A, 0x87, 0xC1, 0x94, 0x64, 0x7D, 0x8A, 0x76, 0x51, 0xED, 0x96, 0xE5, 0x58, 0x95,
    0x63, 0x51, 0x8E, 0x35, 0x39, 0x96, 0xE4, 0x5E, 0x97, 0x64, 0x15, 0xE2, 0xF3, 0x16, 0xCD, 0x98,
    0x2A, 0xAA, 0xBB, 0xEC, 0x68, 0x8A, 0x52, 0x74, 0xD3, 0x57, 0xF0, 0x83, 0x0E, 0x21, 0x9D, 0xBE,
    0x6E, 0xA6, 0x90, 0xF2, 0xC9, 0xA9, 0x26, 0x0A, 0xB4, 0xCF, 0x10, 0x13, 0x2D, 0x18, 0xC7, 0x16,
    0xE1, 0x4C, 0x83, 0xE9, 0xEA, 0xDF, 0x2B, 0xD5, 0x36, 0xEE, 0x6F, 0xFE, 0x76, 0xCC, 0x64, 0x21,
    0xDB, 0x3D, 0x10, 0x52, 0x68, 0x76, 0x28, 0xA7, 0xFE, 0x7F, 0x4B, 0x16, 0x7C, 0xF1, 0xAE, 0x81,
    0x38, 0x09, 0x31, 0x2F, 0xA9, 0x7D, 0x9C, 0x7A, 0xB2, 0xE0, 0x8C, 0xFA, 0xFE, 0x94, 0x1F, 0x7A,
    0x73, 0x4E, 0xEA, 0x3D, 0x3A, 0xA9, 0x3B, 0x14, 0x62, 0xB6, 0xCF, 0x49, 0x45, 0x74, 0x52, 0x31,
    0x7D, 0x51, 0x4A, 0x04, 0xD3, 0xA3, 0xF3, 0x5B, 0x20, 0x98, 0xB0, 0x46, 0xA7, 0xB1, 0xC1, 0x45,
    0x4A, 0x18, 0x33, 0x23, 0x8C, 0xE9, 0x26, 0x27, 0x25, 0x13, 0xC4, 0x74, 0xDB, 0x2B, 0x74, 0x52,
    0xEF, 0x1D, 0xEA, 0xA4, 0x96, 0x37, 0x36, 0x81, 0x56, 0x9A, 0x90, 0xB1, 0x57, 0xD0, 0x4A, 0x0A,
    0xA7, 0x04, 0x4F, 0xFB, 0x6B, 0x78, 0xEF, 0x2F, 0x7E, 0xD3, 0xA4, 0xFF, 0x86, 0x93, 0xEA, 0xE8,
    0xA4, 0x1C, 0x5A, 0xC1, 0x94, 0xE6, 0xD2, 0x58, 0x31, 0xF4, 0x3B, 0xCA, 0xD1, 0x53, 0xA2, 0x15,
    0x16, 0x42, 0x62, 0x6D, 0xCE, 0x24, 0xE3, 0x4D, 0xBF, 0xA8, 0x94, 0x7E, 0x50, 0xAB, 0xF0, 0xFB,
    0x06, 0x0A, 0x6C, 0x4F, 0x28, 0xC3, 0x95, 0x53, 0x29, 0xD9, 0xFC, 0x0A, 0x0F, 0xC9, 0x79, 0x7F,
    0xE3, 0xCC, 0xD2, 0x77, 0x95, 0x55, 0x92, 0xB1, 0x06, 0xF5, 0x4D, 0xE5, 0xE7, 0x3F, 0x3F, 0x7E,
    0x61, 0x1C, 0x88, 0x31, 0xFE, 0xBC, 0x52, 0xD1, 0x77, 0x38, 0xF4, 0x0F, 0x9B, 0x3D, 0x9F, 0x89,
    0xE7, 0x76, 0x9B, 0x71, 0x2F, 0xC2, 0x76, 0xDB, 0xE3, 0x6D, 0x01, 0x23, 0xD2, 0x6E, 0xAF, 0xA9,
    0x97, 0x7E, 0x9F, 0x7B, 0x36, 0xF9, 0xB6, 0x56, 0x1A, 0x73, 0x07, 0x4F, 0x5B, 0x1C, 0xF0, 0x6E,
    0x0E, 0xF6, 0x8A, 0xC8, 0x46, 0x37, 0x19, 0x0B, 0x44, 0x15, 0xCF, 0x49, 0xEA, 0xC2, 0x7F, 0x23,
    0x67, 0x83, 0x15, 0x89, 0x4A, 0x57, 0x1A, 0x67, 0x63, 0xBE, 0xF4, 0x2C, 0x9F, 0xA2, 0x92, 0x00,
    0x13, 0x56, 0xF7, 0x90, 0xA3, 0x9E, 0x3F, 0x71, 0x9E, 0x5D, 0x44, 0xA9, 0x05, 0xAA, 0xFB, 0xCD,
    0x25, 0xE8, 0xF9, 0x83, 0x63, 0xF3, 0x5D, 0xC4, 0x79, 0x72, 0xA5, 0xD4, 0x0F, 0xAA, 0xE0, 0x4F,
    0xF5, 0x5E, 0x74, 0x7E, 0xF3, 0x2B, 0xF9, 0xBC, 0x86, 0x3A, 0x83, 0xFF, 0xB4, 0xA3, 0x32, 0x11,
    0xEC, 0xB1, 0x91, 0x47, 0xB9, 0xE0, 0xBB, 0x3A, 0x26, 0x44, 0xF7, 0x74, 0xBE, 0xB5, 0x30, 0xC6,
    0xCD, 0xB0, 0x7D, 0x9B, 0x4B, 0x49, 0xC2, 0x81, 0xA9, 0xEE, 0x6A, 0xB3, 0xC9, 0x28, 0x40, 0xD8,
    0x04, 0x64, 0x76, 0x94, 0x2B, 0x7C, 0x4A, 0xC7, 0xD2, 0xD1, 0xE3, 0xF7, 0xB7, 0x58, 0x9D, 0xBC,
    0x78, 0x86, 0xEF, 0x41, 0xE2, 0x07, 0xE0, 0xE1, 0xEF, 0x30, 0xC6, 0x06, 0xBA, 0xEB, 0xEE, 0x1E,
    0xFB, 0x3D, 0xC8, 0x88, 0x65, 0xBB, 0x29, 0xD3, 0xBC, 0xC9, 0xFA, 0xEE, 0x27, 0x93, 0x72, 0xCF,
    0x42, 0x22, 0xF9, 0x24, 0xCE, 0x54, 0xBD, 0x66, 0x45, 0x79, 0x1B, 0xCB, 0xC7, 0x96, 0xEA, 0x95,
    0x3E, 0x53, 0x24, 0xD9, 0x91, 0x0C, 0x23, 0x93, 0xCC, 0x21, 0x69, 0x32, 0x1E, 0x02, 0xC3, 0x97,
    0xD2, 0x91, 0xFB, 0x7E, 0xBB, 0xA8, 0xDD, 0x11, 0x02, 0x04, 0xFC, 0x9A, 0x59, 0x04, 0x33, 0x0A,
    0xA2, 0x27, 0x56, 0x91, 0x93, 0x7A, 0x1C, 0xDF, 0x65, 0xFB, 0x8F, 0x82, 0x77, 0x75, 0x2B, 0xFA,
    0xA1, 0x8B, 0x2C, 0xAE, 0x2D, 0x64, 0x9A, 0xF0, 0x8C, 0x87, 0xD9, 0xCE, 0xCB, 0xFE, 0xEF, 0xFC,
    0x89, 0x33, 0xF7, 0xF2, 0x31, 0x59, 0x5A, 0x34, 0x45, 0x9A, 0x17, 0x08, 0xAA, 0x2F, 0x58, 0xE8,
    0x29, 0x08, 0x7C, 0x5F, 0x7D, 0xE9, 0xEF, 0x5A, 0xF8, 0xB9, 0x0E, 0x39, 0xC5, 0x3D, 0xA5, 0xEE,
    0x5D, 0x3A, 0x95, 0xB2, 0x7E, 0x06, 0x7F, 0x9D, 0xD0, 0x5F, 0xFF, 0xA1, 0x56, 0xC1, 0xF7, 0xCD,
    0xC9, 0xBC, 0x16, 0x8B, 0x5B, 0xF7, 0x5A, 0x8C, 0xAF, 0x22, 0x36, 0x17, 0x4F, 0xED, 0x55, 0x98,
    0x82, 0xFA, 0xF8, 0x2A, 0x2C, 0x2C, 0xEF, 0x02, 0x3C, 0x9E, 0x3F, 0x3E, 0xEF, 0x4B, 0x4C, 0x34,
    0x24, 0xEE, 0xE5, 0xE9, 0x80, 0x7D, 0x2F, 0x63, 0x00, 0xF8, 0x88, 0xFF, 0x1C, 0x40, 0x33, 0xC1,
    0x2E, 0x6E, 0x48, 0x3E, 0xC2, 0x38, 0xA8, 0x16, 0x98, 0x84, 0xE9, 0xE6, 0x2B, 0x38, 0x30, 0x24,
    0x9A, 0x6D, 0x81, 0xB1, 0x98, 0xAF, 0x06, 0x48, 0xC9, 0x39, 0x87, 0x1C, 0xE7, 0x65, 0x33, 0x96,
    0x55, 0x46, 0x1C, 0x7E, 0xD3, 0xC5, 0xD6, 0xD0, 0xF6, 0x53, 0x6C, 0x35, 0x49, 0xB9, 0xA4, 0x92,
    0x47, 0x0C, 0xED, 0x8F, 0x78, 0xB8, 0x94, 0xFA, 0xA9, 0x15, 0xAF, 0x9F, 0x02, 0xE5, 0x27, 0xFF,
    0x28, 0x72, 0x57, 0x94, 0x68, 0xE5, 0xD5, 0x98, 0xCC, 0x97, 0x8E, 0x40, 0xEE, 0xD3, 0xF1, 0x6D,
    0x9D, 0x2B, 0x7C, 0x0C, 0x53, 0x13, 0xBB, 0x7E, 0xDB, 0xC6, 0xCF, 0x02, 0xB0, 0x47, 0xC4, 0xAA,
    0x61, 0xE9, 0x5E, 0x2F, 0xC5, 0xF2, 0xA7, 0x96, 0x7C, 0xF9, 0xFA, 0x33, 0x20, 0x58, 0x43, 0x34,
    0xF1, 0x6C, 0xBC, 0x73, 0xE0, 0x8A, 0x08, 0x39, 0x8D, 0x27, 0x55, 0x03, 0x6F, 0x4B, 0x21, 0x9D,
    0x01, 0xCA, 0x0D, 0x6B, 0x41, 0x7C, 0xA3, 0x72, 0xA9, 0xA0, 0xF4, 0x05, 0x94, 0x9B, 0x27, 0xF5,
    0xBA, 0x14, 0x2D, 0xA4, 0xD5, 0xAE, 0x2A, 0x53, 0xE4, 0x02, 0x77, 0x04, 0x68, 0x3C, 0xA9, 0xF5,
    0x8E, 0x6E, 0xDE, 0x37, 0xD1, 0x34, 0xA6, 0x71, 0xAE, 0x09, 0xD8, 0xC5, 0x87, 0x77, 0xB9, 0xC1,
    0x8D, 0x6A, 0xD1, 0x8C, 0x3C, 0x2D, 0x0E, 0xF2, 0x1B, 0xE8, 0xAB, 0x4D, 0x6D, 0x9F, 0x7D, 0x36,
    0x5B, 0x27, 0x02, 0x9F, 0xB1, 0x18, 0x03, 0x0F, 0x50, 0xB4, 0x91, 0xED, 0x75, 0x3B, 0xBC, 0x8F,
    0x53, 0x8A, 0xFB, 0xDE, 0x8C, 0x65, 0x93, 0x0C, 0x37, 0x2B, 0x0D, 0xBC, 0xEA, 0xD0, 0x56, 0x8F,
    0x74, 0x2F, 0xE3, 0x3B, 0xE8, 0xFE, 0xE0, 0x3B, 0x68, 0x7B, 0x68, 0x03, 0xB2, 0xDA, 0x6D, 0x6B,
    0x6B, 0xF6, 0x7F, 0x8D, 0x65, 0x29, 0x36, 0xFE, 0x9B, 0x13, 0x6F, 0xBE, 0x0E, 0xCB, 0xAA, 0xEB,
    0xFE, 0xB6, 0x8C, 0x44, 0xD6, 0xB6, 0xFE, 0x60, 0x7B, 0xDF, 0xFE, 0x76, 0xF0, 0x91, 0x66, 0xE0,
    0xFE, 0x6B, 0xDB, 0x7F, 0x01, 0x75, 0x53, 0xBF, 0x6F, 0x1B, 0x37, 0x14, 0xFE, 0x78, 0xB2, 0xA4,
    0x00, 0x07, 0xE4, 0xAE, 0x80, 0x82, 0x02, 0x4A, 0x6D, 0x6A, 0xE8, 0xE0, 0x06, 0x55, 0x6F, 0xC9,
    0xE0, 0x04, 0x77, 0x22, 0x8B, 0x76, 0xEF, 0x2D, 0xE9, 0x92, 0x25, 0x43, 0x86, 0xA2, 0xBF, 0x9C,
    0xC1, 0x06, 0x82, 0x42, 0xF6, 0x5D, 0xBB, 0x66, 0x11, 0x9A, 0x3D, 0xD6, 0x90, 0x21, 0x71, 0x87,
    0x6A, 0xD0, 0xA0, 0x02, 0xAE, 0x8F, 0x5B, 0x87, 0x0E, 0x25, 0xFA, 0x17, 0x10, 0x85, 0xF7, 0xB2,
    0x80, 0x06, 0x39, 0x96, 0xC4, 0x3E, 0x5E, 0xE2, 0xC2, 0x2D, 0xD0, 0xC7, 0xE3, 0xE1, 0xDD, 0xF7,
    0xF8, 0x7D, 0x8F, 0xF7, 0xF8, 0x28, 0x24, 0x57, 0xA1, 0x0E, 0x4C, 0x68, 0x22, 0x95, 0xC8, 0x01,
    0xD8, 0x0A, 0x0D, 0x27, 0xA3, 0x5F, 0xF5, 0xAD, 0x60, 0x1C, 0x7E, 0x3B, 0x4A, 0x2E, 0x74, 0x56,
    0xA9, 0x4E, 0x13, 0x80, 0x70, 0xC2, 0x01, 0xF3, 0xB0, 0xFC, 0x99, 0x4B, 0xB1, 0x46, 0xFB, 0x0C,
    0x1F, 0xA0, 0x90, 0x85, 0xDC, 0xC2, 0x30, 0x2C, 0x1D, 0x57, 0xA7, 0x5C, 0x6D, 0xB7, 0xA4, 0x43,
    0x55, 0x46, 0x84, 0xB5, 0xA4, 0xB0, 0xB3, 0xD9, 0x24, 0x9D, 0xCD, 0x84, 0x25, 0xFF, 0x23, 0x1B,
    0xFD, 0xA6, 0x1A, 0xC4, 0x7F, 0x01, 0xF1, 0x89, 0x8E, 0x7E, 0x31, 0xED, 0x3F, 0x6C, 0x60, 0xE7,
    0x00, 0x2F, 0xFD, 0x48, 0xCA, 0x04, 0x03, 0xA4, 0xF0, 0xF6, 0x5F, 0xA4, 0x0B, 0x51, 0x8F, 0x43,
    0x9C, 0xE0, 0xDD, 0x7F, 0x72, 0x6E, 0x0C, 0x06, 0xD9, 0x49, 0xEF, 0x1A, 0xDE, 0x41, 0x52, 0x06,
    0xFA, 0x6D, 0x2D, 0xCA, 0x9A, 0xAB, 0xEB, 0xB5, 0x96, 0x93, 0xF2, 0xD5, 0x9C, 0xF0, 0x4A, 0x53,
    0xC0, 0x22, 0xD0, 0x68, 0x28, 0x84, 0x12, 0x11, 0xD0, 0xFF, 0x5F, 0x78, 0xBB, 0xDE, 0x89, 0x05,
    0x98, 0x86, 0x0F, 0x20, 0xA4, 0xCF, 0xAD, 0xD7, 0x32, 0xD8, 0xA3, 0x69, 0x80, 0x80, 0xE0, 0x36,
    0x65, 0x25, 0x86, 0xA7, 0x60, 0x87, 0xE6, 0xE4, 0x0A, 0x43, 0x02, 0xD7, 0xDF, 0x30, 0x6E, 0xD3,
    0x0C, 0xBF, 0x2B, 0x93, 0x0B, 0x95, 0x55, 0x25, 0x15, 0xB3, 0x2B, 0x93, 0x52, 0xD0, 0xEF, 0x0D,
    0x71, 0xEB, 0x78, 0x54, 0x38, 0x7D, 0xF8, 0x83, 0x1E, 0x36, 0xFC, 0xD3, 0x61, 0xF2, 0xC6, 0x3D,
    0x54, 0x4E, 0x16, 0x8E, 0xE8, 0xA0, 0x37, 0xF9, 0x84, 0xC4, 0xF1, 0x6C, 0x78, 0x39, 0x80, 0x4A,
    0x39, 0x7D, 0x5F, 0x35, 0x94, 0x4F, 0x43, 0xD6, 0x7A, 0xF6, 0x9C, 0xBB, 0xB9, 0xA8, 0xCC, 0xF6,
    0x37, 0x12, 0x3D, 0x30, 0x8B, 0xC6, 0x12, 0x8D, 0x05, 0x90, 0x23, 0x79, 0xAA, 0x2B, 0xA7, 0xE6,
    0x85, 0xC4, 0xC8, 0x23, 0x84, 0x53, 0xD4, 0xD7, 0xE9, 0x77, 0x43, 0x69, 0x1F, 0x76, 0x25, 0xFF,
    0xDE, 0x3B, 0x7B, 0x5D, 0xC9, 0x98, 0x8C, 0x60, 0x07, 0xC7, 0x27, 0x85, 0x5B, 0x6D, 0x61, 0xDA,
    0xFA, 0x70, 0x44, 0xC2, 0x48, 0x54, 0x65, 0x9F, 0xF4, 0x42, 0xF2, 0xC8, 0xA8, 0xA6, 0x4E, 0x63,
    0x77, 0x2D, 0x99, 0x33, 0x48, 0x6C, 0xE8, 0xB4, 0x3B, 0xC7, 0xDA, 0x4B, 0xA3, 0xD9, 0xBF, 0xBD,
    0xB3, 0x05, 0xF6, 0x1C, 0xDC, 0x49, 0x71, 0xA4, 0x0E, 0xDA, 0x1A, 0xE3, 0x7A, 0x17, 0x4B, 0x0F,
    0x52, 0x6D, 0x8C, 0xA0, 0xFE, 0x12, 0x66, 0xA7, 0xCE, 0x8E, 0x2F, 0xF9, 0xE2, 0x14, 0xC5, 0xA8,
    0xB5, 0xC4, 0x35, 0x2F, 0x5B, 0xE9, 0x60, 0x79, 0x73, 0xB1, 0x96, 0x79, 0x1D, 0xBC, 0x43, 0x15,
    0x4D, 0xCE, 0x92, 0x92, 0x9D, 0x0A, 0xD5, 0x5E, 0xED, 0xD3, 0xC9, 0x5A, 0xDB, 0xC3, 0xF8, 0x41,
    0x6F, 0xC8, 0x23, 0x3E, 0x8C, 0x2F, 0x1B, 0xC0, 0x6F, 0xEF, 0xD3, 0xB8, 0x30, 0x11, 0xEE, 0xAA,
    0xD8, 0x17, 0x2B, 0x39, 0x52, 0xFB, 0x0B, 0x3B, 0x99, 0x3C, 0xDA, 0x3F, 0xB7, 0xFC, 0xA8, 0xDC,
    0xC0, 0x26, 0xB2, 0x5C, 0x98, 0x2F, 0x74, 0x43, 0x05, 0xF2, 0x3D, 0x5A, 0xF0, 0x30, 0x29, 0x11,
    0xCC, 0xC3, 0x73, 0xB6, 0x6B, 0x98, 0x73, 0x54, 0xE0, 0xAE, 0x1B, 0xE3, 0x33, 0x0A, 0x8C, 0x85,
    0x44, 0xDB, 0xF2, 0x73, 0x56, 0xA9, 0xC0, 0xB9, 0x35, 0x70, 0xD3, 0x8D, 0xEA, 0xAD, 0x54, 0xCE,
    0x2D, 0xFD, 0xBC, 0xEA, 0xB3, 0x7B, 0xFE, 0xAB, 0xE4, 0xB4, 0xF0, 0xE5, 0x7D, 0x2B, 0xFE, 0x24,
    0x25, 0xA7, 0xDE, 0x07, 0x6E, 0x7C, 0xFE, 0x12, 0xFF, 0xB2, 0x5D, 0x77, 0x86, 0x36, 0x05, 0xC1,
    0x0D, 0x76, 0xF5, 0x21, 0x75, 0x85, 0x8D, 0xE1, 0x0F, 0xE5, 0xF2, 0x85, 0x03, 0x3A, 0xFE, 0xE3,
    0xE3, 0x1F, 0x55, 0xE1, 0x35, 0xB4, 0x47, 0x92, 0x1A, 0x9F, 0xA1, 0x29, 0x0B, 0xF3, 0xC0, 0x76,
    0xED, 0x4F, 0xD6, 0xDA, 0xCA, 0x76, 0xE2, 0x26, 0x84, 0x99, 0xDA, 0x57, 0xF3, 0x57, 0xE3, 0x79,
    0xEE, 0xEF, 0x13, 0xA6, 0x8F, 0xF2, 0x69, 0x6D, 0x31, 0x93, 0x7C, 0x91, 0xA5, 0x69, 0x3F, 0xDD,
    0xCC, 0x52, 0xBE, 0x60, 0x79, 0x9E, 0xDB, 0x37, 0x36, 0xB7, 0x85, 0xA7, 0x4A, 0x4F, 0xB5, 0xD4,
    0xCC, 0x53, 0x2B, 0x4C, 0x53, 0x62, 0x83, 0xBA, 0xB5, 0xCF, 0xBE, 0xE2, 0xAB, 0x2C, 0x23, 0x56,
    0x3F, 0xCB, 0xF8, 0x8A, 0x7D, 0x9C, 0xC3, 0xAF, 0xF8, 0x4B, 0x3A, 0x33, 0xBF, 0xA4, 0xDB, 0x3C,
    0xEF, 0xE4, 0xB9, 0xB8, 0x58, 0xA4, 0x24, 0x7F, 0xC5, 0x3A, 0x9D, 0xCE, 0x5B, 0xB2, 0x28, 0x0F,
    0xE4, 0x63, 0xBC, 0x1E, 0x71, 0x7D, 0x01, 0xBE, 0x26, 0xAC, 0xEF, 0xA5, 0xE9, 0x9E, 0x44, 0x25,
    0x43, 0xA7, 0x93, 0xA6, 0x9B, 0xE9, 0xF5, 0xBD, 0x68, 0xD2, 0x36, 0x0D, 0xCD, 0x64, 0x9E, 0x0F,
    0x6D, 0xA2, 0x23, 0xC5, 0xD5, 0xC0, 0x3C, 0xB6, 0x79, 0xFC, 0x37, 0xB5, 0x56, 0xB1, 0x6E, 0xDC,
    0x46, 0x10, 0x1D, 0x92, 0x92, 0x08, 0x88, 0x80, 0xA9, 0x42, 0x72, 0x61, 0x17, 0x6C, 0x03, 0x01,
    0x11, 0x7F, 0x40, 0xA7, 0x25, 0xD2, 0xB8, 0x70, 0x80, 0xA8, 0xD0, 0x55, 0x2E, 0xD2, 0x06, 0x4A,
    0x91, 0x36, 0xC5, 0xDD, 0x91, 0x41, 0x8A, 0x14, 0x6E, 0xF4, 0x09, 0x29, 0x5C, 0x38, 0x4A, 0xA1,
    0x26, 0x45, 0x8A, 0xC3, 0x91, 0x91, 0x8A, 0x14, 0x29, 0xCC, 0x22, 0x5D, 0x1A, 0x02, 0x41, 0x00,
    0x03, 0x36, 0xE0, 0xB5, 0xC2, 0x82, 0x09, 0xC8, 0x9B, 0xBC, 0xD9, 0xE5, 0xDD, 0x51, 0x80, 0x93,
    0x54, 0xE6, 0xEE, 0x2C, 0xB9, 0xB3, 0xB3, 0xBB, 0x33, 0xB3, 0x6F, 0x66, 0x99, 0x72, 0x91, 0x9A,
    0x4A, 0x44, 0xE9, 0xE0, 0xFB, 0xF0, 0xF2, 0xF2, 0xB9, 0x62, 0xEE, 0x84, 0x0E, 0xC6, 0xE3, 0x33,
    0x66, 0x4E, 0x40, 0x99, 0x10, 0x86, 0x89, 0xCD, 0x53, 0xDC, 0x7D, 0x91, 0x7D, 0xFE, 0x6B, 0x0C,
    0x8F, 0xFA, 0xB4, 0x78, 0x4F, 0x95, 0x79, 0x89, 0x8A, 0x2D, 0x72, 0xEE, 0xEC, 0x07, 0x91, 0x5F,
    0x06, 0x45, 0x88, 0x12, 0x15, 0x71, 0xA6, 0x12, 0xE1, 0x44, 0xE6, 0x3B, 0x4E, 0x14, 0x29, 0x1A,
    0x59, 0x8D, 0x30, 0xA2, 0x28, 0xA5, 0x19, 0xCD, 0x51, 0x2C, 0x27, 0xCE, 0x22, 0x33, 0xCF, 0x2F,
    0xBD, 0xB2, 0x5F, 0x68, 0x1E, 0x14, 0x6D, 0xF8, 0x53, 0x13, 0x5E, 0x37, 0xD1, 0x4D, 0x1D, 0x7F,
    0xAD, 0xD5, 0x23, 0x6D, 0x2D, 0x8A, 0x6E, 0x7A, 0x4E, 0xFC, 0x48, 0x2B, 0xBF, 0x54, 0x41, 0x31,
    0x0A, 0x7A, 0x83, 0xD5, 0x37, 0x5A, 0x3D, 0xD6, 0x2A, 0xA8, 0xD2, 0xB0, 0x98, 0x85, 0xC5, 0x3C,
    0xCC, 0xE6, 0x61, 0xD2, 0x0F, 0x3D, 0xD5, 0x98, 0x82, 0x89, 0xE1, 0x75, 0x8D, 0x65, 0xFD, 0xB2,
    0xF1, 0xCA, 0xB6, 0xF7, 0x51, 0xDA, 0xD7, 0x43, 0xFE, 0x4E, 0xF1, 0x12, 0x75, 0xCD, 0x91, 0x7A,
    0x62, 0xEA, 0x88, 0xFE, 0x47, 0x38, 0x27, 0xDB, 0x3D, 0xC8, 0xC7, 0xEF, 0x9C, 0xEB, 0x37, 0x14,
    0x31, 0x64, 0x12, 0xC5, 0x19, 0x6A, 0xCC, 0x49, 0xB8, 0x24, 0xE7, 0x19, 0x46, 0x4A, 0x6A, 0x08,
    0x67, 0xAD, 0xB9, 0x5C, 0x92, 0xA6, 0x84, 0xA2, 0x44, 0x15, 0xAA, 0x88, 0xA1, 0x78, 0x94, 0xC4,
    0x24, 0xDF, 0xAA, 0x48, 0xD1, 0xEF, 0x1D, 0x0A, 0xDE, 0x91, 0xE1, 0xA6, 0x99, 0xF0, 0x53, 0x71,
    0x2E, 0x1C, 0xDA, 0x3B, 0x67, 0x3D, 0xD7, 0x39, 0xB5, 0x9C, 0xB8, 0x25, 0xE3, 0xD3, 0x74, 0x49,
    0xA1, 0xB8, 0x69, 0x1E, 0x53, 0x24, 0xFC, 0x26, 0xB2, 0x7A, 0xE1, 0xDD, 0xC8, 0xBB, 0x8D, 0x5D,
    0xE3, 0xE0, 0x74, 0x61, 0x8F, 0x20, 0x6E, 0x43, 0x83, 0xBD, 0x9D, 0x8B, 0xB8, 0x5F, 0x7B, 0xEA,
    0x3E, 0xA3, 0x73, 0x99, 0x11, 0xB2, 0x07, 0x88, 0xB9, 0x5A, 0x5D, 0x3D, 0x7E, 0xA5, 0xC9, 0x2F,
    0x4E, 0xC2, 0x17, 0xD7, 0x9A, 0xC2, 0x6C, 0x14, 0xBC, 0xF8, 0x4A, 0x53, 0x4C, 0xA3, 0x50, 0xDE,
    0x13, 0x3A, 0x09, 0x9F, 0xDE, 0x68, 0xAA, 0x29, 0x66, 0x9F, 0x2B, 0x4F, 0x53, 0xD0, 0x39, 0x16,
    0xCF, 0xA7, 0xB4, 0xBF, 0xD6, 0x6F, 0xA3, 0xE1, 0x46, 0xC7, 0x8D, 0x96, 0x1B, 0x3D, 0x37, 0x9A,
    0x6E, 0x74, 0xDD, 0x68, 0xBB, 0xD1, 0x77, 0xA8, 0xF1, 0x4A, 0xE7, 0x07, 0xD9, 0x4A, 0xEB, 0xBC,
    0x5E, 0xE9, 0xBD, 0x6C, 0x7B, 0xCD, 0x6F, 0xF5, 0xB4, 0xD7, 0xFD, 0x56, 0x8F, 0x7A, 0xED, 0xE5,
    0xCB, 0xEA, 0xFF, 0xB6, 0x9E, 0xAE, 0x2C, 0xE0, 0x76, 0x65, 0x83, 0xD2, 0x6B, 0x2B, 0x04, 0x5A,
    0xA6, 0xCC, 0x68, 0x0A, 0x38, 0x4F, 0x0C, 0xD6, 0x9C, 0x56, 0x39, 0x8D, 0x72, 0xEB, 0x99, 0x5B,
    0x4F, 0x5D, 0x3D, 0xF7, 0xF4, 0xC4, 0xAD, 0xA8, 0x1F, 0x09, 0x2A, 0x8C, 0x85, 0x25, 0x46, 0x81,
    0x51, 0x69, 0x20, 0x01, 0xA8, 0x7A, 0x3A, 0xCC, 0x20, 0x25, 0x70, 0x4D, 0x51, 0x64, 0x45, 0x71,
    0x81, 0x81, 0x6F, 0xEA, 0xD5, 0xA9, 0xDB, 0xC8, 0x92, 0xB0, 0x9C, 0xDA, 0x88, 0x80, 0xEA, 0x89,
    0x35, 0xDF, 0xC3, 0x02, 0x18, 0xC3, 0x7A, 0x4E, 0x13, 0x94, 0x18, 0xF7, 0x4B, 0x48, 0x78, 0x15,
    0x64, 0x3C, 0x2C, 0x26, 0xFB, 0xCE, 0xC9, 0x61, 0xF2, 0xDE, 0x64, 0xE1, 0xCF, 0x25, 0xDC, 0x36,
    0xA2, 0x1F, 0x65, 0x62, 0x4E, 0x6E, 0x67, 0x20, 0x59, 0x01, 0x4A, 0xC4, 0x24, 0x2D, 0xBE, 0xFD,
    0x5A, 0xF8, 0xD2, 0xB7, 0x3E, 0x2D, 0x29, 0xD4, 0xE4, 0xB5, 0x86, 0x93, 0x66, 0xD2, 0x47, 0xCB,
    0xC2, 0x09, 0xB4, 0xF4, 0x6C, 0xA8, 0xA2, 0x81, 0x18, 0xB9, 0xBF, 0xFC, 0x99, 0x51, 0xF0, 0xF6,
    0x13, 0x2C, 0xD3, 0xAA, 0x12, 0xBB, 0x72, 0x42, 0x33, 0xD5, 0x2D, 0x88, 0xA3, 0x9A, 0x29, 0x57,
    0xED, 0x82, 0xF6, 0x99, 0xF7, 0xC9, 0xEB, 0xB0, 0x59, 0x50, 0x63, 0x8A, 0xFB, 0xDB, 0xEF, 0x85,
    0x9D, 0x4B, 0x41, 0x45, 0x83, 0xA4, 0x55, 0xFC, 0x6B, 0xC9, 0x0C, 0x0D, 0x0A, 0x12, 0x4D, 0xB6,
    0x4D, 0x07, 0x3D, 0xFA, 0x2D, 0xFE, 0x4D, 0x0C, 0x60, 0xC4, 0x30, 0x0F, 0x12, 0x72, 0xB9, 0xA6,
    0x10, 0x91, 0x1A, 0xFF, 0x8D, 0xF0, 0x93, 0xB8, 0x49, 0x54, 0x46, 0x9F, 0x81, 0x26, 0x39, 0x54,
    0x44, 0xEA, 0x52, 0x00, 0x16, 0x54, 0x26, 0x09, 0x31, 0x09, 0xA5, 0xC3, 0x5E, 0x91, 0x23, 0x71,
    0x15, 0x78, 0x79, 0x66, 0xF9, 0x26, 0xDB, 0x71, 0x22, 0x94, 0x82, 0xB6, 0xD0, 0x77, 0x48, 0x5D,
    0x90, 0x93, 0x27, 0x11, 0x4B, 0x12, 0x74, 0xD1, 0xC2, 0x92, 0x87, 0xFC, 0x17, 0x86, 0x1E, 0x48,
    0x6B, 0x39, 0x11, 0x5F, 0xE6, 0x4B, 0x24, 0x3A, 0xB8, 0xB1, 0x9F, 0x45, 0x88, 0x74, 0xA7, 0x26,
    0xAF, 0x16, 0x57, 0x02, 0xF5, 0x18, 0x43, 0xC2, 0xE8, 0xC4, 0xFF, 0x1E, 0x43, 0xDB, 0x2C, 0x7A,
    0x51, 0x22, 0xE7, 0xED, 0xB8, 0x3D, 0xAA, 0xB7, 0x7F, 0x15, 0x03, 0xBB, 0x55, 0xA3, 0xF8, 0x4E,
    0xD7, 0x91, 0x43, 0xC8, 0x50, 0xEE, 0xBD, 0xBE, 0xF7, 0x1A, 0xAC, 0xB0, 0x83, 0x84, 0x62, 0xDB,
    0x44, 0x1D, 0x64, 0x76, 0x5F, 0xEE, 0xBE, 0x94, 0x3D, 0x13, 0x3A, 0x7F, 0x9E, 0x77, 0x79, 0xB7,
    0x76, 0x36, 0x4C, 0x97, 0x68, 0x92, 0x63, 0x94, 0x08, 0x92, 0xD8, 0x11, 0x70, 0xD5, 0x3D, 0x5B,
    0x0E, 0x28, 0x31, 0x69, 0xCC, 0x64, 0x6B, 0xB0, 0x3D, 0x18, 0x28, 0x19, 0x37, 0x1A, 0xB0, 0x0F,
    0x4E, 0x91, 0xBF, 0x34, 0x7F, 0xBB, 0xA4, 0x41, 0xB1, 0xBC, 0xD3, 0x21, 0x8F, 0x0D, 0x6F, 0x7C,
    0x6A, 0xE5, 0x3F, 0xD7, 0xFE, 0xA0, 0x3C, 0x14, 0x69, 0xFD, 0xE4, 0x0E, 0xEF, 0x89, 0xB6, 0xF2,
    0x72, 0x8A, 0xCE, 0x19, 0x9C, 0xD9, 0x20, 0x16, 0xB3, 0x90, 0x19, 0xF7, 0x9E, 0xC6, 0x71, 0x7E,
    0xC4, 0x57, 0x35, 0x4E, 0xFB, 0xA6, 0xF5, 0x5A, 0x1C, 0xEA, 0x4D, 0x2D, 0x58, 0x05, 0xBA, 0xE4,
    0x85, 0x73, 0x0B, 0x6A, 0xF1, 0x25, 0x21, 0x5C, 0x23, 0x58, 0x89, 0xDC, 0x83, 0x33, 0xF6, 0x3A,
    0x73, 0xCC, 0xF0, 0xBB, 0x9C, 0x28, 0x22, 0x5A, 0xB0, 0xB3, 0x49, 0x46, 0x72, 0xE4, 0x12, 0xAC,
    0x38, 0xF1, 0xA0, 0x59, 0xBF, 0x7A, 0xC9, 0xFE, 0x39, 0x90, 0xA0, 0x14, 0x55, 0xE4, 0x9C, 0xA0,
    0x89, 0xC1, 0x15, 0x1B, 0xD4, 0xA2, 0x4D, 0xA4, 0x15, 0x2D, 0xD8, 0x80, 0x07, 0xAD, 0x27, 0x32,
    0xA2, 0x02, 0x1B, 0x94, 0x2D, 0x8C, 0x02, 0x0B, 0xB3, 0xEA, 0xC2, 0x6C, 0xBF, 0x3F, 0xD8, 0x7C,
    0x6A, 0x36, 0xE5, 0x55, 0x6B, 0x65, 0x56, 0xCF, 0x18, 0xCB, 0x06, 0x5C, 0x61, 0x27, 0x6E, 0x55,
    0x91, 0xBF, 0xEA, 0x64, 0x97, 0xA5, 0x2A, 0x3A, 0x62, 0x58, 0x2D, 0x5F, 0xC0, 0x0F, 0x9A, 0xB0,
    0x11, 0x38, 0x55, 0x68, 0x58, 0xA0, 0xDE, 0x11, 0x62, 0xA1, 0xA5, 0x6D, 0xA2, 0xB3, 0xD5, 0x35,
    0x81, 0x34, 0xA0, 0x0A, 0x60, 0x0D, 0xCD, 0xD2, 0x8E, 0x5A, 0xD3, 0xC6, 0x67, 0x8A, 0x1B, 0xC5,
    0xF5, 0xE1, 0xF7, 0x06, 0x9B, 0xB0, 0x7A, 0x5D, 0xFD, 0x4A, 0x2A, 0x02, 0x35, 0x28, 0xA5, 0x02,
    0xB3, 0xC3, 0x6A, 0xAD, 0x48, 0x81, 0xF5, 0x94, 0x3B, 0x4A, 0xAF, 0x98, 0x66, 0x11, 0x67, 0xA0,
    0x62, 0x40, 0xD2, 0x07, 0xBF, 0x03, 0xD5, 0x34, 0x43, 0x20, 0xCC, 0xE8, 0xDD, 0x04, 0x45, 0xC8,
    0x87, 0x6F, 0xA3, 0x25, 0xEE, 0xD5, 0x56, 0x19, 0x4A, 0xFB, 0xB7, 0x50, 0x0C, 0x12, 0xDF, 0x23,
    0xC9, 0xD0, 0xFD, 0x71, 0x02, 0x9C, 0xD7, 0xA4, 0xAE, 0x60, 0x4E, 0xC8, 0x2B, 0x4A, 0x7A, 0xC2,
    0x37, 0x22, 0x8F, 0x5B, 0x90, 0x4D, 0x58, 0xC7, 0xB4, 0x75, 0xBC, 0x77, 0x74, 0x5C, 0xC7, 0xDC,
    0xB8, 0x9C, 0xF9, 0x72, 0x1D, 0x37, 0x47, 0xC7, 0x3F, 0xD0, 0xF1, 0x1E, 0x86, 0xC4, 0x39, 0x64,
    0xF3, 0xC7, 0x20, 0x21, 0xC1, 0x43, 0xB1, 0xF9, 0x41, 0x09, 0x4A, 0xFC, 0xA2, 0x54, 0xCE, 0x85,
    0x8D, 0x70, 0x1B, 0xDB, 0xB1, 0x89, 0x7C, 0x93, 0x05, 0x48, 0x62, 0x7B, 0x8B, 0xDE, 0xDF, 0x23,
    0x6B, 0x6F, 0xF7, 0x7B, 0xBD, 0x23, 0xE3, 0x98, 0x00, 0xDD, 0xD3, 0xC9, 0xE4, 0xB6, 0xCA, 0xB9,
    0x0A, 0x96, 0x14, 0x48, 0xB2, 0xD2, 0x5F, 0xDE, 0x56, 0x7B, 0xDA, 0xC4, 0xEE, 0x5D, 0x99, 0x94,
    0xF5, 0x46, 0xE6, 0xED, 0x5D, 0x19, 0x63, 0xB5, 0xEC, 0x37, 0x15, 0xB4, 0x36, 0x94, 0x17, 0x48,
    0x07, 0x39, 0xFE, 0xD0, 0x28, 0x2D, 0x90, 0x27, 0x1E, 0x98, 0x44, 0x61, 0xEF, 0x3B, 0x99, 0x63,
    0x2E, 0x64, 0x49, 0x16, 0xC8, 0x16, 0x51, 0x86, 0xBC, 0x00, 0xA0, 0xCF, 0x01, 0x41, 0x0C, 0x2A,
    0x78, 0x8C, 0xA2, 0xCC, 0xFC, 0xA4, 0x45, 0xC9, 0x6A, 0xED, 0xA0, 0x33, 0x70, 0x29, 0xB7, 0xE4,
    0xBF, 0x29, 0xA7, 0x0F, 0x76, 0xE4, 0xBA, 0xA0, 0x2F, 0x4C, 0x32, 0x93, 0xDF, 0x97, 0xF3, 0x53,
    0x9B, 0x6C, 0x2F, 0xA0, 0x1F, 0xCB, 0xE9, 0xFD, 0x91, 0xDC, 0x67, 0xFA, 0x10, 0xCC, 0x5D, 0x28,
    0x96, 0x90, 0x1F, 0x7F, 0x4C, 0xD1, 0x9B, 0xDC, 0xA0, 0xC0, 0xC3, 0x38, 0x44, 0xCB, 0x15, 0x49,
    0x5F, 0xF8, 0x32, 0x2E, 0x72, 0x83, 0x6D, 0xED, 0x0D, 0x9C, 0xD8, 0x3B, 0x98, 0xCC, 0x2D, 0x8C,
    0xBB, 0x5B, 0x5E, 0x27, 0x64, 0x6E, 0x62, 0xDC, 0xE2, 0xE6, 0x2E, 0x26, 0x73, 0x1B, 0x4F, 0xE8,
    0x1F, 0xED, 0x53, 0xA1, 0x92, 0xDB, 0x30, 0x10, 0x7D, 0x8E, 0xA7, 0x67, 0x20, 0xA0, 0x23, 0xE9,
    0xCC, 0x21, 0x91, 0x23, 0xBD, 0x02, 0x7F, 0x41, 0x2D, 0xB1, 0xC2, 0x06, 0x24, 0xA4, 0x24, 0x24,
    0xE8, 0x48, 0xBE, 0x20, 0x67, 0xCD, 0xF4, 0x03, 0x7A, 0xBC, 0xE0, 0x48, 0xD1, 0x15, 0xE4, 0x07,
    0x9C, 0x78, 0x3F, 0x41, 0x9F, 0x20, 0x58, 0x16, 0x83, 0x14, 0xB4, 0x67, 0x5B, 0x5D, 0xC5, 0xC9,
    0x4D, 0xA6, 0x33, 0x6D, 0x67, 0x8A, 0xBB, 0x5A, 0xDB, 0xF2, 0xEE, 0xFA, 0x69, 0xF7, 0xED, 0x1A,
    0x80, 0xE8, 0xA1, 0x03, 0x95, 0x73, 0xD7, 0xA5, 0x4D, 0x7B, 0xD2, 0xAD, 0xF0, 0x6C, 0x94, 0x01,
    0x98, 0xE0, 0xBA, 0xBA, 0x9E, 0x56, 0x83, 0x00, 0xA5, 0x41, 0x30, 0x69, 0x30, 0x62, 0x67, 0xD4,
    0x47, 0x53, 0x48, 0xD3, 0x2F, 0xEF, 0x43, 0x68, 0x6E, 0xD7, 0x0E, 0xD2, 0x00, 0x0C, 0x65, 0x59,
    0x8B, 0x19, 0xDE, 0x2C, 0x78, 0x6F, 0xF4, 0x9C, 0x90, 0xB9, 0x8D, 0x70, 0x8C, 0xA6, 0xFA, 0x88,
    0xC6, 0x92, 0x75, 0xC8, 0x83, 0x2D, 0xE7, 0x54, 0x5D, 0xA1, 0x0F, 0x36, 0x2C, 0xA9, 0x3D, 0xC5,
    0x0C, 0x27, 0xEA, 0xC0, 0x7B, 0x37, 0xE6, 0x6F, 0xA5, 0x85, 0x06, 0x56, 0x40, 0x8B, 0xD1, 0x1E,
    0x99, 0x87, 0x24, 0x0C, 0x22, 0xBA, 0x78, 0xD6, 0x9D, 0xA4, 0x95, 0x24, 0x15, 0x18, 0xD0, 0x6C,
    0xA4, 0x6B, 0x85, 0xAF, 0xD7, 0xC4, 0xFB, 0xE1, 0x20, 0xF1, 0x1D, 0x65, 0x30, 0x9D, 0xA2, 0x56,
    0xB8, 0x4E, 0xB9, 0x32, 0x38, 0xF1, 0xC9, 0x6D, 0x14, 0xB1, 0x51, 0x75, 0x48, 0x26, 0xF1, 0xAC,
    0xA4, 0x89, 0xFA, 0xFA, 0x87, 0x2D, 0x03, 0xBD, 0xFC, 0x66, 0x86, 0x57, 0x96, 0x9B, 0xC7, 0x68,
    0xB9, 0x79, 0x34, 0xE3, 0x99, 0x19, 0x8A, 0x7A, 0xAE, 0x6E, 0x3C, 0xC3, 0x85, 0x95, 0x36, 0xE7,
    0xD4, 0x0A, 0xDC, 0x71, 0x76, 0x2B, 0xBE, 0x6B, 0xE4, 0x50, 0x56, 0xD0, 0x2B, 0x7E, 0x4A, 0x2B,
    0x49, 0x90, 0x70, 0x19, 0x2F, 0xE1, 0x24, 0xC5, 0xD8, 0x02, 0xD3, 0x05, 0xB6, 0x01, 0x75, 0x6D,
    0x2B, 0x49, 0xE7, 0x7A, 0xAC, 0xE7, 0x6F, 0x6D, 0xE0, 0xD2, 0xFC, 0x93, 0xFF, 0xE0, 0xD3, 0xB3,
    0x75, 0xF8, 0x52, 0x1D, 0xAB, 0xB4, 0x53, 0xC6, 0xCA, 0x0D, 0x7A, 0x64, 0x7B, 0xE4, 0x16, 0x75,
    0x20, 0xD6, 0x33, 0xB6, 0x0C, 0x97, 0xCE, 0x04, 0x8E, 0x7A, 0x8C, 0x98, 0x21, 0x49, 0xAD, 0x64,
    0x4A, 0x22, 0x79, 0x91, 0xAD, 0xFF, 0x8D, 0xFD, 0xE7, 0xC6, 0x26, 0x9F, 0x21, 0x83, 0xC9, 0xE7,
    0x94, 0xCC, 0x39, 0x63, 0x2A, 0x24, 0xE9, 0x25, 0xE5, 0x4F, 0x94, 0x30, 0xF0, 0x02, 0x82, 0x5D,
    0x0F, 0xA4, 0xBF, 0x70, 0x27, 0x3D, 0x97, 0x9C, 0xEF, 0x48, 0x0C, 0x65, 0x44, 0x97, 0xCD, 0x77,
    0x4E, 0xA7, 0x5E, 0xA7, 0x8D, 0xCE, 0xBC, 0x0A, 0x2E, 0x63, 0xD7, 0x25, 0xC6, 0xC9, 0x24, 0x7F,
    0x47, 0x72, 0x67, 0xB2, 0x1E, 0x69, 0xC7, 0x61, 0x90, 0x0F, 0x56, 0x0B, 0xC7, 0x78, 0x17, 0x5F,
    0x39, 0x57, 0x14, 0xCB, 0xC8, 0xFE, 0xED, 0xDA, 0xD7, 0xC1, 0x57, 0x99, 0x5F, 0x09, 0xE2, 0xEC,
    0xC5, 0xA1, 0x0D, 0xFC, 0x8F, 0x46, 0xFD, 0xFD, 0xAC, 0x1D, 0x03, 0x5E, 0x98, 0xAA, 0xC4, 0xA6,
    0x45, 0xDD, 0xA0, 0xDE, 0xA3, 0x6E, 0x51, 0x6D, 0x51, 0xE9, 0xD8, 0xE9, 0xEA, 0x59, 0x78, 0x64,
    0xAF, 0xB0, 0xED, 0x6A, 0x9E, 0xA3, 0x9D, 0xAB, 0xD4, 0x5B, 0xFF, 0xEB, 0x15, 0xF9, 0xFC, 0xC3,
    0x58, 0x9F, 0x5C, 0x47, 0xCB, 0x46, 0x32, 0x90, 0x65, 0x4B, 0x75, 0x79, 0xCC, 0x82, 0x85, 0xC9,
    0x53, 0x3C, 0x4E, 0xEF, 0xA1, 0x23, 0x8B, 0x16, 0x8A, 0xF2, 0xF5, 0x69, 0x26, 0xA1, 0x4C, 0x7E,
    0x5F, 0x36, 0x4B, 0xAF, 0xCC, 0x61, 0x35, 0xB2, 0x81, 0xF9, 0x09, 0x8D, 0x56, 0xBF, 0x6F, 0xDD,
    0x44, 0x1C, 0xFF, 0x3E, 0xBB, 0xA9, 0xD5, 0xBA, 0xC8, 0x2C, 0x81, 0x8A, 0x20, 0x79, 0xAD, 0xCA,
    0x60, 0xFE, 0x80, 0xAA, 0x3E, 0x26, 0x84, 0x32, 0xE4, 0x21, 0xB5, 0x74, 0xE8, 0xD0, 0x15, 0x85,
    0x21, 0x1D, 0x3B, 0x80, 0xCE, 0x94, 0xA1, 0x43, 0x87, 0x46, 0xA8, 0xCC, 0x64, 0x60, 0xE9, 0xCB,
    0x90, 0x85, 0x89, 0xC5, 0x2E, 0x0C, 0x1D, 0xBA, 0x58, 0x08, 0xA9, 0x43, 0x07, 0x9C, 0x8A, 0xAA,
    0x43, 0x86, 0x5C, 0xC0, 0xA9, 0x5E, 0x52, 0xDB, 0xC7, 0xE7, 0x73, 0x7E, 0x7E, 0x49, 0x4A, 0x2B,
    0xE1, 0xA7, 0xEF, 0xE7, 0xCE, 0x77, 0xF7, 0xEE, 0xFB, 0xFB, 0xFB, 0xB5, 0x4C, 0x94, 0x48, 0x68,
    0x6B, 0x91, 0xC4, 0xB6, 0x22, 0xFA, 0xA1, 0x15, 0xC9, 0xF1, 0x13, 0x2B, 0x8B, 0x80, 0xD3, 0x93,
    0x89, 0xB2, 0xA1, 0xB5, 0x99, 0x83, 0x3C, 0x34, 0x38, 0x72, 0x17, 0x90, 0x5A, 0xDB, 0x49, 0x44,
    0x18, 0xE5, 0x00, 0xE1, 0xC6, 0x0C, 0x70, 0xEE, 0x18, 0xF4, 0xCF, 0xA9, 0x77, 0x01, 0xE7, 0x6F,
    0x8A, 0x8C, 0x6E, 0x6D, 0xE0, 0x06, 0x5B, 0x8A, 0x6F, 0xAD, 0xE1, 0x05, 0x8D, 0x24, 0xF5, 0xA3,
    0x4E, 0xD2, 0x87, 0xBF, 0x59, 0xD1, 0xB7, 0xEF, 0xE4, 0x2A, 0xF7, 0x3F, 0x03, 0x5F, 0xFF, 0x1C,
    0xE0, 0xEC, 0x87, 0x80, 0x77, 0x2E, 0x00, 0xCE, 0x7D, 0x0C, 0xA9, 0xCE, 0xDF, 0x5C, 0x14, 0xFD,
    0xF3, 0x46, 0xAE, 0x52, 0x53, 0x5A, 0x49, 0x0E, 0x1E, 0xB5, 0x64, 0xD1, 0x88, 0x67, 0x6D, 0x25,
    0xA3, 0x5D, 0xAB, 0xC4, 0xBB, 0x03, 0x36, 0xFE, 0x19, 0xC0, 0xE8, 0x14, 0xD9, 0x2E, 0x8C, 0x01,
    0x39, 0x36, 0x7C, 0x1E, 0x01, 0xB7, 0x29, 0xB8, 0x05, 0x8D, 0xA4, 0xC5, 0xA8, 0x13, 0xAD, 0xE4,
    0x17, 0x2A, 0x4A, 0x2D, 0xBF, 0xFF, 0x4B, 0x6C, 0xB8, 0x5B, 0x03, 0x20, 0x95, 0x0D, 0xDB, 0xB1,
    0xF4, 0xAA, 0x2E, 0x1B, 0x88, 0xF6, 0x78, 0xBB, 0x83, 0x71, 0x5E, 0x35, 0xBC, 0xA0, 0x26, 0xB7,
    0x12, 0x3B, 0x9D, 0x1C, 0x3D, 0x58, 0x6A, 0xE7, 0xD4, 0xE0, 0xFD, 0x75, 0x02, 0xE3, 0x39, 0xCD,
    0xD6, 0x52, 0xDC, 0xF2, 0x51, 0xB7, 0x7E, 0xE2, 0x9C, 0x2C, 0xC0, 0x17, 0x79, 0x4B, 0x69, 0x55,
    0xD8, 0xE5, 0x45, 0x64, 0xE2, 0x32, 0xC2, 0x2F, 0x06, 0xC3, 0xB5, 0xE7, 0x63, 0xA1, 0xC9, 0x38,
    0x46, 0x78, 0xE7, 0xDC, 0x99, 0x10, 0xF3, 0xA8, 0x5C, 0x18, 0x27, 0x59, 0x68, 0x2C, 0xB4, 0x04,
    0x15, 0x20, 0x5C, 0xE4, 0xAD, 0xD3, 0x18, 0xA5, 0xAC, 0x86, 0x4F, 0x77, 0xD6, 0x73, 0x0D, 0xDE,
    0x39, 0x36, 0x9A, 0xFC, 0x77, 0x7B, 0xBB, 0xCD, 0x95, 0x95, 0x2E, 0x97, 0x39, 0x8C, 0x08, 0x3E,
    0x21, 0x20, 0x84, 0x84, 0x88, 0x90, 0x10, 0x2E, 0xE7, 0xD2, 0xC9, 0x37, 0xD4, 0xF4, 0xCB, 0x41,
    0xE5, 0xA8, 0x96, 0xB8, 0x8A, 0x1A, 0x42, 0x47, 0xB0, 0x8A, 0x50, 0x00, 0x76, 0xAB, 0xB8, 0x5A,
    0xB3, 0x87, 0x5B, 0x86, 0xDC, 0xEA, 0xF8, 0x59, 0x87, 0xB5, 0xCA, 0x46, 0x95, 0x3E, 0xC4, 0xAB,
    0x5B, 0x8B, 0x70, 0x12, 0x6B, 0x01, 0xC1, 0x27, 0x88, 0x83, 0x9C, 0x90, 0x56, 0xFD, 0xFD, 0x1A,
    0xAE, 0x22, 0x5A, 0x95, 0x2A, 0x60, 0x99, 0x66, 0x5A, 0x25, 0x86, 0x18, 0xED, 0xE5, 0x7F, 0x68,
    0x15, 0xFE, 0x63, 0x9B, 0x01, 0xA3, 0x3D, 0x7D, 0x5F, 0x2B, 0x5D, 0x61, 0x17, 0xCA, 0x3B, 0x54,
    0xC4, 0xA9, 0xF0, 0xBC, 0xBC, 0x09, 0x1B, 0x62, 0xE2, 0x30, 0x6C, 0xE5, 0xF8, 0xA3, 0xED, 0x41,
    0x3F, 0xB8, 0xD8, 0xD5, 0xCE, 0xD9, 0x42, 0xDE, 0x6E, 0x88, 0x8C, 0xF7, 0x00, 0x43, 0x58, 0xC3,
    0x7D, 0x18, 0x60, 0xF1, 0x9A, 0xFC, 0x3B, 0x7F, 0xAA, 0x7F, 0xC8, 0xB7, 0xDB, 0xD1, 0x18, 0x7F,
    0x78, 0x08, 0xE3, 0x6B, 0xE4, 0x04, 0xA4, 0xD0, 0x9B, 0x2D, 0x22, 0x07, 0x47, 0x2C, 0xD2, 0x04,
    0xDC, 0x72, 0x44, 0x22, 0x86, 0xF4, 0xD7, 0xC6, 0xC3, 0x90, 0x6C, 0xDB, 0xEB, 0x14, 0x1F, 0x96,
    0x32, 0xB8, 0x6C, 0x1A, 0xCF, 0xD2, 0x65, 0x3C, 0xC8, 0x92, 0x2A, 0x1F, 0xE9, 0x51, 0x24, 0x19,
    0x43, 0x36, 0x8B, 0x0B, 0x88, 0x9A, 0xAA, 0xA8, 0x80, 0xC5, 0xB5, 0xD0, 0x88, 0x88, 0x5E, 0xE4,
    0x21, 0x3D, 0x3E, 0x1B, 0xFC, 0x3A, 0x5D, 0xFB, 0xB6, 0x41, 0x5C, 0xE5, 0x5B, 0x3B, 0x9D, 0x9A,
    0x2D, 0xBE, 0xD7, 0x75, 0x37, 0x76, 0xF6, 0x95, 0xB4, 0x6D, 0xF0, 0x02, 0x5A, 0xD8, 0x06, 0x36,
    0x47, 0x98, 0x4D, 0x7D, 0x17, 0xC7, 0xB5, 0x67, 0x0B, 0x70, 0x32, 0x23, 0x0E, 0xD0, 0x92, 0x32,
    0xC4, 0xF0, 0x88, 0x92, 0x8B, 0x93, 0x09, 0x4A, 0x00, 0x14, 0xAA, 0x34, 0xB1, 0x06, 0x5E, 0xBD,
    0x36, 0x05, 0x2A, 0x08, 0x2F, 0x7A, 0xE5, 0xD9, 0x5B, 0x70, 0xFB, 0x0A, 0x11, 0xFE, 0x04, 0x82,
    0xBF, 0xC3, 0xD6, 0xE1, 0xCC, 0xB7, 0x12, 0xD6, 0x08, 0xF1, 0xCE, 0x11, 0x6B, 0xC6, 0x6A, 0x68,
    0x3C, 0xFB, 0xD4, 0x20, 0x97, 0x4D, 0xBC, 0xAF, 0x4D, 0x52, 0x46, 0x26, 0x2D, 0x42, 0x38, 0x9B,
    0x14, 0xF4, 0x73, 0xE4, 0x42, 0x52, 0x25, 0x26, 0xEA, 0xAC, 0x09, 0xEC, 0x2B, 0x48, 0xFB, 0xD8,
    0xCC, 0x43, 0x11, 0x17, 0x0F, 0x24, 0xB2, 0x88, 0x2A, 0x00, 0xCF, 0xC7, 0xB8, 0x3B, 0x45, 0x6D,
    0xB0, 0xD9, 0x05, 0xA4, 0xBA, 0xCB, 0xAE, 0xA4, 0xB7, 0x53, 0xE6, 0x23, 0xB2, 0x7C, 0x97, 0x81,
    0x30, 0x27, 0x8E, 0x7A, 0x0C, 0x00, 0x4B, 0x2A, 0x6F, 0xB9, 0xFF, 0x44, 0xD8, 0xF0, 0x58, 0x11,
    0x87, 0xF4, 0xC6, 0x12, 0x1C, 0x06, 0x23, 0x01, 0x6C, 0xE1, 0x35, 0x9E, 0xC5, 0x5A, 0x88, 0xC2,
    0xD3, 0xC0, 0x60, 0xEF, 0xB7, 0xF9, 0x73, 0xBA, 0x1D, 0x3E, 0x24, 0xD0, 0xE8, 0xC6, 0xD5, 0x08,
    0xCF, 0xDE, 0x33, 0xE2, 0x75, 0x01, 0xCF, 0x79, 0x1D, 0x6F, 0xB1, 0x8A, 0xB7, 0x94, 0x80, 0x98,
    0x57, 0x85, 0x8D, 0x73, 0x32, 0x8A, 0xE8, 0x40, 0xAE, 0x82, 0x3A, 0xDA, 0x53, 0xA8, 0x6D, 0x99,
    0x0B, 0xCE, 0x9C, 0x4E, 0x7B, 0x99, 0xB9, 0xF7, 0x18, 0xB2, 0x23, 0xE9, 0x65, 0x67, 0x38, 0x77,
    0x8C, 0x46, 0x43, 0xDC, 0x84, 0x83, 0x69, 0x42, 0x78, 0x9D, 0xCF, 0x68, 0xCD, 0xF6, 0xE5, 0x0A,
    0x85, 0xC5, 0xC5, 0x33, 0x26, 0xFB, 0xF9, 0xD4, 0x6D, 0x2D, 0x1B, 0xBF, 0x1D, 0xFE, 0x65, 0xE5,
    0xF4, 0x4F, 0x6E, 0x02, 0xD7, 0x91, 0xB9, 0x11, 0xFD, 0x09, 0x8D, 0x8A, 0x49, 0xFA, 0x5D, 0x77,
    0xA3, 0x76, 0x93, 0x3B, 0x35, 0x8C, 0xC7, 0xC9, 0x5D, 0xEA, 0xB0, 0x84, 0xC9, 0x3D, 0x33, 0x6A,
    0x59, 0x37, 0xE1, 0xF4, 0x51, 0x9B, 0x60, 0x92, 0xAF, 0x60, 0x2B, 0x5D, 0xC1, 0x85, 0x91, 0xF1,
    0x9B, 0xCB, 0x61, 0xE3, 0xB5, 0xD1, 0x34, 0xC0, 0x8A, 0xDD, 0x6A, 0x22, 0x9B, 0xD7, 0x89, 0x45,
    0xC4, 0x47, 0xAF, 0x6C, 0x15, 0x76, 0x50, 0x2A, 0xFA, 0xDB, 0xF6, 0x62, 0x46, 0x83, 0xDC, 0xFF,
    0x67, 0x32, 0x7F, 0x02, 0x16, 0xBB, 0x80, 0xA5, 0x30, 0x60, 0x7D, 0x0F, 0x58, 0xDF, 0x93, 0x6E,
    0xD3, 0x66, 0xF4, 0x44, 0x11, 0xD4, 0x70, 0xFF, 0xD2, 0xC1, 0x17, 0x7D, 0x36, 0x14, 0x4B, 0x07,
    0xD7, 0x5A, 0x15, 0x4C, 0x97, 0x1A, 0x1E, 0xAE, 0x09, 0xA5, 0x04, 0xDD, 0x03, 0xDC, 0x42, 0x77,
    0xBF, 0x06, 0x22, 0xAC, 0xA0, 0xC2, 0xA8, 0x1D, 0x55, 0xAE, 0x18, 0x64, 0x27, 0xDA, 0xD6, 0x0B,
    0x84, 0x58, 0x51, 0x21, 0xC0, 0xB3, 0x6A, 0x15, 0x26, 0xAB, 0x18, 0x45, 0x0E, 0x0E, 0xD1, 0x33,
    0x85, 0x3D, 0x93, 0x80, 0x0D, 0x9D, 0xE1, 0x08, 0xD2, 0xBE, 0xC4, 0xE1, 0xF8, 0x00, 0x7F, 0x1B,
    0xDA, 0x16, 0x94, 0x59, 0xA3, 0xF2, 0xEE, 0x7A, 0xC7, 0x48, 0xD4, 0x91, 0x5E, 0x2E, 0xB6, 0x1D,
    0x20, 0x27, 0x93, 0x5D, 0xA6, 0xE9, 0x8F, 0xF0, 0x5E, 0xBA, 0xC2, 0xF4, 0xA5, 0x21, 0x2C, 0x12,
    0x89, 0x41, 0x57, 0x51, 0xB7, 0xCA, 0x87, 0x99, 0x25, 0x68, 0x50, 0xCA, 0xDD, 0x5A, 0x72, 0x38,
    0xB1, 0x25, 0x32, 0x59, 0x17, 0x49, 0x09, 0x39, 0xD3, 0x42, 0x92, 0x52, 0x17, 0x88, 0xBC, 0x3E,
    0x45, 0x5C, 0xEF, 0x54, 0xF1, 0xA1, 0xC5, 0x76, 0x5A, 0x2C, 0xA8, 0xA4, 0xB8, 0x7A, 0x55, 0x97,
    0x2C, 0xCF, 0x24, 0x0A, 0xB0, 0x3A, 0x99, 0x6C, 0xCC, 0xDE, 0x4D, 0x42, 0xE6, 0xC5, 0xD9, 0xF5,
    0x14, 0xA7, 0x99, 0x47, 0xB0, 0x80, 0xE2, 0x1D, 0x72, 0x64, 0xA6, 0xF2, 0x6D, 0x66, 0x7A, 0x42,
    0x33, 0x95, 0x34, 0x53, 0x89, 0xEE, 0xCE, 0x73, 0xF6, 0x0D, 0x80, 0x8D, 0xC5, 0xFE, 0x48, 0x5A,
    0xBA, 0xEE, 0xFE, 0xE2, 0x78, 0x77, 0x3F, 0x6E, 0x26, 0x17, 0xC0, 0xB3, 0x0F, 0x8B, 0x13, 0xC9,
    0x83, 0xE7, 0xE2, 0xE6, 0xE1, 0x64, 0x78, 0x5F, 0xBC, 0xBE, 0x7F, 0xE5, 0x3F, 0x49, 0xF2, 0x36,
    0x1A, 0xCF, 0xEB, 0x03, 0x68, 0x1F, 0x6B, 0x53, 0xF9, 0x60, 0xB3, 0xCB, 0xD2, 0x59, 0xCD, 0x90,
    0x60, 0x2A, 0x8B, 0x6B, 0xC6, 0x75, 0xED, 0xB4, 0xEB, 0xC3, 0x30, 0x60, 0xD7, 0x26, 0xD7, 0x1C,
    0xC2, 0xA4, 0x65, 0xBF, 0xE8, 0x37, 0xF3, 0x14, 0x0C, 0xF7, 0x98, 0xB3, 0xB0, 0x38, 0x28, 0x3F,
    0x60, 0x1E, 0x2B, 0x59, 0x3E, 0xF1, 0xBE, 0x30, 0x5E, 0x36, 0x51, 0x15, 0x3A, 0x8A, 0xCB, 0xD0,
    0x55, 0x3A, 0x9B, 0x41, 0x6B, 0xFC, 0x0F, 0x39, 0xC6, 0x54, 0xE5, 0x77, 0x93, 0xB7, 0x71, 0x22,
    0x2C, 0xC3, 0xA9, 0xFB, 0xA8, 0x39, 0x61, 0xE4, 0x27, 0x2F, 0x51, 0xCB, 0x1E, 0xD5, 0x56, 0xD2,
    0x4F, 0x59, 0xA7, 0x03, 0xB4, 0x1C, 0x40, 0x7A, 0x0C, 0x86, 0x5C, 0x29, 0x67, 0x69, 0x42, 0x83,
    0x21, 0x39, 0x2C, 0xEF, 0xD4, 0x0A, 0x90, 0xAA, 0x61, 0x66, 0x65, 0x0B, 0xF9, 0x23, 0xFC, 0x58,
    0x20, 0x54, 0x72, 0xFD, 0xE0, 0x8A, 0x00, 0xC6, 0xFC, 0xEA, 0xA8, 0x67, 0xF0, 0xD5, 0xE1, 0xC6,
    0xC9, 0x5C, 0xE1, 0x13, 0x5F, 0x22, 0x7C, 0x7D, 0xF4, 0xD1, 0x45, 0xF9, 0x34, 0xAA, 0xF1, 0xEE,
    0x65, 0xC8, 0xF7, 0xE7, 0x25, 0xC8, 0x77, 0xE3, 0x12, 0xE4, 0x73, 0x70, 0xE6, 0xC2, 0x45, 0x7E,
    0x83, 0xB1, 0xCD, 0x11, 0x0A, 0xFE, 0xB5, 0x1C, 0xF4, 0xD3, 0xAE, 0x73, 0xCC, 0x41, 0x3E, 0xC7,
    0x99, 0x67, 0x85, 0x23, 0xCD, 0x6E, 0x02, 0x9F, 0xB0, 0x37, 0xA3, 0x89, 0x56, 0xEC, 0xA0, 0x20,
    0x8C, 0x71, 0xA9, 0x27, 0x68, 0xBA, 0xFD, 0x7E, 0xC1, 0xA6, 0xCD, 0x56, 0x0D, 0x9D, 0xA6, 0x3D,
    0xC5, 0xB5, 0xEE, 0xCB, 0x74, 0xC1, 0x33, 0xC3, 0x7D, 0xA2, 0x94, 0xFC, 0x0B, 0xBD, 0x56, 0xBD,
    0x8E, 0xDD, 0x44, 0x14, 0x3E, 0x1E, 0xEF, 0xC5, 0x01, 0x83, 0x4C, 0x41, 0x28, 0x10, 0xC8, 0x5B,
    0xA4, 0x40, 0x88, 0xE0, 0x66, 0xEB, 0x3B, 0x16, 0x4F, 0x90, 0x02, 0x87, 0x82, 0x27, 0x60, 0x9B,
    0x34, 0xF4, 0xB6, 0xC4, 0x0B, 0x50, 0x20, 0x78, 0x01, 0x90, 0xC0, 0x29, 0x42, 0x91, 0x32, 0x89,
    0x2D, 0xF2, 0x02, 0x16, 0x4F, 0x60, 0x21, 0xA5, 0x49, 0xE5, 0x44, 0xB3, 0xC2, 0xBB, 0xD8, 0x1E,
    0xBE, 0x73, 0x66, 0x7C, 0xD9, 0xBF, 0x90, 0xDD, 0x06, 0xCB, 0xFE, 0x7C, 0xEF, 0xCC, 0x99, 0x39,
    0x7F, 0xDF, 0x9C, 0x63, 0xA2, 0x7D, 0xC2, 0x35, 0xE2, 0x09, 0x27, 0x40, 0x32, 0x00, 0x74, 0x0B,
    0xB0, 0x3C, 0xC4, 0xE3, 0xC9, 0xB3, 0xA2, 0xF8, 0x42, 0x5B, 0x6B, 0x47, 0x81, 0xE4, 0x59, 0x5D,
    0xFF, 0x24, 0x13, 0x22, 0xE2, 0x84, 0x65, 0x99, 0x6C, 0x20, 0x5B, 0xB9, 0x4D, 0xE5, 0x7A, 0x88,
    0x47, 0xCD, 0x80, 0xD8, 0xE6, 0x44, 0x99, 0xED, 0x88, 0x1A, 0x6B, 0x48, 0x4D, 0xC7, 0x33, 0xC5,
    0xC3, 0xD8, 0xE4, 0x59, 0x37, 0x66, 0x5D, 0x99, 0x8F, 0xF1, 0xF0, 0x11, 0x8D, 0xAA, 0xF5, 0x1B,
    0x5C, 0x01, 0x76, 0x86, 0xD3, 0xC2, 0x50, 0x56, 0x80, 0xB4, 0x07, 0x44, 0x7E, 0xB0, 0x28, 0x8A,
    0xB2, 0x82, 0xC9, 0xB6, 0x67, 0x18, 0x0E, 0xEB, 0x5F, 0xCB, 0x9D, 0x63, 0x17, 0x7D, 0xA5, 0xE9,
    0xAC, 0xE1, 0xAF, 0xB5, 0x60, 0x8F, 0xE1, 0x36, 0x8D, 0x61, 0x0B, 0xEB, 0x93, 0x01, 0x7E, 0xE8,
    0x36, 0x36, 0xA3, 0x85, 0xBB, 0x27, 0x13, 0x7B, 0x39, 0xB0, 0xBF, 0x2D, 0x7B, 0xCE, 0x31, 0x90,
    0xED, 0x7F, 0xA3, 0xF3, 0x57, 0x27, 0x37, 0x85, 0x86, 0x6F, 0xB1, 0x49, 0xA2, 0xC5, 0x66, 0x35,
    0xB9, 0xB3, 0x2C, 0xEB, 0x5C, 0x22, 0x22, 0x23, 0xB9, 0x28, 0x8A, 0x99, 0x38, 0x13, 0xB8, 0x72,
    0xFF, 0xAE, 0x38, 0x29, 0xF5, 0x0F, 0x8B, 0x97, 0x1B, 0xDD, 0x3A, 0x0E, 0x06, 0xEF, 0xC3, 0x91,
    0xC1, 0xBE, 0xC1, 0xE2, 0xF5, 0x88, 0x03, 0xBD, 0xDC, 0x17, 0x8D, 0xF1, 0x66, 0x88, 0x0D, 0x9C,
    0x31, 0x8B, 0x8C, 0x85, 0x27, 0x7F, 0x41, 0xF5, 0xCB, 0x17, 0xD0, 0xFB, 0x74, 0x68, 0x72, 0x1D,
    0x0E, 0x59, 0xF5, 0x76, 0x38, 0xBC, 0x05, 0x61, 0xC9, 0xFB, 0x6B, 0xE1, 0x46, 0x38, 0x6C, 0x08,
    0xCB, 0xD2, 0x1C, 0x1B, 0x94, 0x55, 0xF2, 0xE7, 0x8B, 0x85, 0x37, 0x65, 0x3B, 0x2D, 0x1B, 0x69,
    0xD9, 0xC2, 0x65, 0x25, 0xDC, 0xCE, 0xB0, 0x9B, 0x45, 0xC1, 0x1E, 0x76, 0xF2, 0x1C, 0xE1, 0x37,
    0x62, 0xB8, 0x85, 0x67, 0x5B, 0x78, 0xA5, 0xE1, 0x91, 0x46, 0x1A, 0x35, 0x5C, 0xD5, 0x70, 0x53,
    0xC3, 0x45, 0xED, 0x34, 0x72, 0x46, 0x69, 0x53, 0x14, 0x77, 0x12, 0x6B, 0x0D, 0x3F, 0x9B, 0xE2,
    0x1E, 0x9C, 0x6A, 0xC0, 0xBA, 0xC5, 0x50, 0x7C, 0x64, 0x28, 0xFB, 0xC3, 0x50, 0xF3, 0xB9, 0x51,
    0xB3, 0x32, 0xB1, 0x51, 0x26, 0xEB, 0x94, 0xD1, 0xB9, 0x32, 0xEF, 0x78, 0xBD, 0x7B, 0x1C, 0x3C,
    0x0A, 0xEE, 0xE8, 0x56, 0x99, 0x74, 0x50, 0x26, 0x9A, 0x94, 0x09, 0xAC, 0x32, 0x54, 0xFE, 0x6E,
    0x28, 0x7D, 0x69, 0x28, 0x3A, 0x36, 0x14, 0x80, 0xC5, 0x54, 0x62, 0xFF, 0xC6, 0xAC, 0x7A, 0xB0,
    0x2C, 0xBF, 0x49, 0xAA, 0xD7, 0x14, 0x1B, 0x8D, 0xB4, 0x69, 0xA4, 0x50, 0x23, 0x9D, 0x3A, 0x36,
    0xB4, 0x45, 0x16, 0xB7, 0xC8, 0xA8, 0x46, 0x64, 0x35, 0x24, 0xF5, 0xDF, 0xDE, 0x2F, 0x0E, 0x30,
    0xAE, 0x4F, 0x72, 0x51, 0xCD, 0x53, 0xF4, 0xAE, 0x48, 0x81, 0x5E, 0x81, 0x75, 0x54, 0xD5, 0xB9,
    0x90, 0x35, 0xAB, 0x24, 0x9F, 0x69, 0xE5, 0x68, 0x51, 0x49, 0xB4, 0x74, 0xCE, 0xA4, 0xB8, 0x6B,
    0x1D, 0x27, 0x26, 0xF7, 0xEA, 0x89, 0x19, 0xF1, 0xF3, 0x1A, 0x50, 0xCF, 0x70, 0xCF, 0x76, 0xCF,
    0xFC, 0xF5, 0xC0, 0x7A, 0x46, 0xAF, 0xDC, 0xFF, 0x5A, 0x30, 0x92, 0x33, 0x45, 0xE9, 0x42, 0x8A,
    0x97, 0x75, 0x14, 0x33, 0x21, 0xDD, 0xCA, 0xD9, 0xAD, 0x9C, 0xDD, 0xB6, 0x8F, 0xDD, 0xB6, 0xA5,
    0xDB, 0x56, 0xC3, 0x96, 0x2F, 0x27, 0x4A, 0x85, 0x96, 0x14, 0xBA, 0x17, 0xBD, 0x5F, 0xD7, 0x3F,
    0x4E, 0xA7, 0x35, 0x7B, 0x3B, 0xEC, 0x69, 0x33, 0xFC, 0x54, 0xE2, 0xA6, 0xD4, 0xBF, 0xAC, 0x3C,
    0x10, 0x34, 0xB4, 0x92, 0x93, 0x92, 0x63, 0x1C, 0x02, 0xE7, 0x68, 0x5B, 0x0A, 0xA6, 0x4B, 0x5D,
    0x3F, 0xA8, 0x70, 0x40, 0x28, 0xA9, 0x02, 0x41, 0xFA, 0x46, 0xF0, 0x3D, 0x41, 0xBA, 0x0E, 0x3A,
    0xFF, 0x1D, 0x8A, 0x2D, 0xD1, 0xC0, 0x4C, 0x84, 0x57, 0x8D, 0x78, 0x23, 0x98, 0x37, 0x50, 0x38,
    0xB3, 0xF3, 0x50, 0xCA, 0xD8, 0x09, 0xE6, 0x8C, 0x1B, 0x17, 0x94, 0xAB, 0x21, 0x5D, 0x4D, 0x32,
    0x72, 0xD8, 0x0A, 0x0E, 0xF4, 0xA4, 0x28, 0xBE, 0x3A, 0x6B, 0xCF, 0x61, 0x5D, 0xDF, 0x9F, 0xC9,
    0x55, 0x09, 0x12, 0x7B, 0x48, 0xEC, 0x21, 0xB1, 0x67, 0xBD, 0x82, 0x9C, 0xC5, 0x3B, 0x07, 0x87,
    0xF5, 0x03, 0x96, 0x8A, 0xAF, 0x01, 0xB1, 0x94, 0x03, 0xCB, 0xE7, 0xD5, 0x32, 0x43, 0xB4, 0x34,
    0x08, 0x3E, 0xAF, 0x61, 0x75, 0xBE, 0x98, 0x5C, 0x1A, 0xDF, 0x3D, 0xC1, 0x03, 0x41, 0xC9, 0x53,
    0x28, 0xC8, 0x19, 0xBD, 0x57, 0xB9, 0x8C, 0x3A, 0x4C, 0x4E, 0x50, 0xD1, 0x72, 0x97, 0x6F, 0x97,
    0x7B, 0xCF, 0x83, 0xBD, 0x0B, 0x55, 0xEB, 0x60, 0x15, 0x71, 0xA5, 0xCB, 0x48, 0xE9, 0x92, 0x3E,
    0x33, 0x71, 0x05, 0x46, 0x15, 0x8B, 0x0D, 0x2A, 0xBF, 0x32, 0xCC, 0xB0, 0x87, 0x2C, 0x74, 0x2B,
    0x18, 0x77, 0x15, 0x7F, 0xDA, 0x32, 0x68, 0x81, 0x9C, 0xD4, 0x98, 0xB6, 0xA8, 0x22, 0x70, 0x29,
    0xE9, 0xA3, 0x99, 0x9A, 0x36, 0x10, 0x02, 0x6B, 0x8B, 0x05, 0x6F, 0xD8, 0x9D, 0x8F, 0x1F, 0x33,
    0x7C, 0x46, 0x72, 0x0A, 0x19, 0x7A, 0x0E, 0x0D, 0x44, 0x4A, 0x3B, 0x93, 0xE2, 0x4A, 0x10, 0xA1,
    0xA9, 0x61, 0x8B, 0x2C, 0x87, 0xC0, 0x6D, 0xAC, 0xA7, 0x5B, 0x0C, 0xB8, 0xB6, 0x2B, 0x5C, 0x43,
    0xE5, 0x2B, 0x5B, 0xF4, 0x73, 0x74, 0x62, 0xE9, 0xC9, 0xD2, 0x9D, 0xDB, 0x5D, 0x37, 0xE6, 0xBF,
    0x32, 0x41, 0x02, 0xAF, 0x6E, 0xD1, 0xFB, 0xBB, 0x30, 0xC8, 0x79, 0xD7, 0xBE, 0x87, 0x82, 0xDB,
    0xB2, 0x74, 0x21, 0xE9, 0x2E, 0x6B, 0x63, 0x4D, 0x06, 0x49, 0x8D, 0xB0, 0x4E, 0x6A, 0xCD, 0x7F,
    0xF4, 0xD0, 0x7D, 0xE6, 0x9A, 0xE8, 0x12, 0x2A, 0x42, 0x71, 0x7C, 0x69, 0x7F, 0x7B, 0x5E, 0xD7,
    0x4D, 0xE7, 0x0B, 0x85, 0x11, 0xCB, 0x2D, 0x62, 0xE8, 0xEA, 0x03, 0xAA, 0x67, 0xEB, 0x5A, 0xBB,
    0x1B, 0x5F, 0xBC, 0x9C, 0xF4, 0x0D, 0xEB, 0x5A, 0xC7, 0xF9, 0xFE, 0x36, 0xF9, 0xF6, 0x0F, 0xBD,
    0xBD, 0xB7, 0x83, 0xED, 0x7F, 0x93, 0xB3, 0x04, 0x7D, 0xD0, 0xC5, 0x85, 0x3B, 0x82, 0x8E, 0x94,
    0xA3, 0xCC, 0x63, 0x78, 0x54, 0xF3, 0x0B, 0xC6, 0x26, 0x79, 0xD6, 0xB1, 0xF5, 0x7F, 0x50, 0x7E,
    0xBF, 0x1B, 0x93, 0x67, 0x43, 0x67, 0xFE, 0xAF, 0x72, 0xEB, 0x5A, 0x96, 0x3F, 0xBF, 0xD7, 0x07,
    0x4D, 0x9D, 0x27, 0x52, 0x10, 0x31, 0xC6, 0x1F, 0x06, 0x6C, 0x77, 0x72, 0x9A, 0xC4, 0x13, 0xDD,
    0x10, 0xFC, 0x54, 0xF0, 0x11, 0xA3, 0x7C, 0x32, 0x4C, 0x31, 0x4A, 0xDB, 0x77, 0x53, 0xC6, 0x5F,
    0x30, 0x1E, 0xE3, 0x19, 0xBD, 0xCD, 0xCF, 0x3A, 0x49, 0xFA, 0x10, 0xF8, 0xE8, 0xCC, 0xD1, 0x50,
    0xD2, 0x0B, 0xC3, 0x4A, 0xB0, 0x17, 0x1C, 0x43, 0x7C, 0x03, 0xDD, 0xB7, 0xA1, 0x64, 0xF1, 0xA9,
    0xE0, 0xB7, 0x03, 0x0A, 0xDB, 0xB2, 0xCE, 0xEE, 0x24, 0x65, 0x55, 0xE0, 0xBA, 0xA9, 0xEB, 0x4B,
    0x81, 0xEB, 0xC9, 0x2E, 0xB6, 0xDC, 0x16, 0x24, 0x2F, 0x42, 0xFE, 0x60, 0x8A, 0xE5, 0xAB, 0x6B,
    0x50, 0x3C, 0x09, 0x2E, 0x3F, 0xE1, 0x29, 0x39, 0x19, 0xC1, 0x24, 0xD5, 0x21, 0xB2, 0x7D, 0x80,
    0xA4, 0xA5, 0xFC, 0xC2, 0xCA, 0xA8, 0x97, 0xE3, 0x17, 0x5E, 0xE1, 0x25, 0xB9, 0x5E, 0x5F, 0xFF,
    0x83, 0x2D, 0x47, 0x77, 0xCF, 0xAA, 0x35, 0xA7, 0x4A, 0x27, 0x82, 0x7E, 0xC1, 0xA4, 0x4B, 0xD7,
    0x29, 0x7C, 0x20, 0x13, 0xFD, 0x03, 0xDD, 0x95, 0xB1, 0x92, 0xDC, 0x44, 0x10, 0x86, 0x7F, 0x69,
    0x02, 0x05, 0x0A, 0x44, 0xE0, 0x8B, 0x1C, 0x28, 0xA5, 0x0C, 0x55, 0xE2, 0x09, 0x6E, 0xA6, 0x9C,
    0x12, 0x70, 0x81, 0x2F, 0x26, 0xB7, 0x83, 0xE5, 0x05, 0xCE, 0xD2, 0x1B, 0xE0, 0x04, 0xE2, 0x0B,
    0x08, 0xEC, 0x75, 0x80, 0x33, 0x08, 0x5C, 0x48, 0x55, 0xBC, 0x80, 0x72, 0x02, 0x14, 0x50, 0x24,
    0x04, 0x56, 0x20, 0xAA, 0x74, 0x57, 0xDA, 0x69, 0xFE, 0x9E, 0x91, 0x74, 0x1C, 0x19, 0x55, 0x76,
    0x00, 0xDA, 0xED, 0xD9, 0x96, 0x34, 0x3D, 0xD3, 0xFD, 0xCD, 0x3F, 0xB3, 0x38, 0x03, 0x8C, 0x8C,
    0xB4, 0x13, 0xCC, 0xB7, 0x02, 0xA0, 0x6E, 0x80, 0xB2, 0xC3, 0xA3, 0x2F, 0x7A, 0x23, 0xD2, 0x17,
    0x22, 0x43, 0xF9, 0x67, 0x3D, 0xD8, 0xAE, 0x18, 0x6C, 0xB3, 0x5B, 0x6F, 0xBB, 0xB2, 0xAB, 0xD8,
    0x16, 0x5E, 0x5C, 0xC6, 0x58, 0xB4, 0x13, 0xF6, 0xEB, 0x93, 0xEB, 0x8F, 0x53, 0xF1, 0x6F, 0x72,
    0xC6, 0x97, 0xB7, 0x2D, 0x63, 0xAB, 0xD1, 0xBA, 0x1F, 0xA6, 0x3A, 0xFD, 0x79, 0xAE, 0x73, 0x33,
    0xD7, 0x9F, 0x9A, 0xC9, 0x8E, 0xF9, 0x58, 0x4D, 0xD5, 0xC8, 0xF1, 0xBB, 0x4A, 0x04, 0x6F, 0xDA,
    0xF9, 0x2E, 0x1E, 0x99, 0x26, 0x52, 0xC4, 0xC6, 0x31, 0x1D, 0xE9, 0x00, 0xFB, 0x4E, 0x9B, 0xAF,
    0x07, 0x4E, 0x55, 0x8C, 0x80, 0xE4, 0x6C, 0xBC, 0x99, 0x91, 0x2E, 0x66, 0x81, 0x59, 0xD2, 0x05,
    0xD9, 0x0C, 0x8F, 0x7C, 0x82, 0x80, 0x1D, 0x5A, 0x57, 0x0E, 0xAC, 0x85, 0x63, 0x4B, 0x67, 0xD9,
    0xF4, 0x35, 0x9B, 0x41, 0x07, 0xA7, 0x33, 0xED, 0x06, 0xF3, 0x5E, 0x6C, 0x4B, 0x9C, 0x33, 0x2D,
    0x6A, 0xD5, 0xED, 0xF1, 0x25, 0x33, 0x81, 0x21, 0x19, 0x68, 0x1D, 0x96, 0xC9, 0x33, 0x21, 0xE4,
    0x2C, 0x33, 0xD5, 0x87, 0x3E, 0xFE, 0x6A, 0x27, 0x7D, 0xAE, 0xEF, 0x25, 0xF6, 0xD7, 0x2E, 0xE5,
    0xED, 0xF1, 0x15, 0xC7, 0xF1, 0x6A, 0x67, 0x97, 0x97, 0x4F, 0x5A, 0x11, 0xC7, 0xFC, 0x1B, 0x35,
    0xDE, 0xAF, 0xB3, 0x19, 0x22, 0x30, 0x0C, 0xCE, 0x7A, 0x82, 0xEA, 0xA2, 0x95, 0x5C, 0xBE, 0x4A,
    0x27, 0x44, 0xE2, 0xCE, 0x51, 0x0F, 0x57, 0xA8, 0xC7, 0xB7, 0x78, 0x36, 0xCD, 0x48, 0x6E, 0x38,
    0x97, 0x67, 0x48, 0x4B, 0xB3, 0xEB, 0x9C, 0x5C, 0xE9, 0x78, 0x25, 0xD2, 0x67, 0xD2, 0x64, 0x4C,
    0x5D, 0xC6, 0x52, 0xA4, 0x95, 0xB9, 0xEA, 0x5B, 0x79, 0xBC, 0x58, 0x57, 0x2D, 0x38, 0x59, 0x14,
    0x13, 0xDB, 0xC6, 0x9E, 0x92, 0xA5, 0xFA, 0x5D, 0xE4, 0x8F, 0xA5, 0x10, 0x5F, 0xCB, 0x64, 0x64,
    0x2A, 0xA4, 0xC7, 0x53, 0x97, 0xBC, 0xE2, 0x10, 0x17, 0xB0, 0x23, 0x64, 0x4C, 0xE4, 0x9A, 0xAB,
    0xF1, 0x6F, 0xBF, 0x5C, 0xC5, 0x6C, 0x51, 0x19, 0xB5, 0x03, 0x9E, 0x3B, 0x94, 0xCE, 0x76, 0x14,
    0x8E, 0xBB, 0x13, 0xC5, 0xDD, 0x93, 0xF4, 0xBB, 0xE4, 0xA2, 0xF0, 0x66, 0xAC, 0xE4, 0x97, 0xD1,
    0x7E, 0x29, 0xBD, 0x4D, 0x85, 0x55, 0x3F, 0xA0, 0x00, 0xD2, 0xEB, 0x52, 0xCC, 0x68, 0xE5, 0xDD,
    0x60, 0x73, 0xE9, 0xCE, 0x13, 0x59, 0xE3, 0x2F, 0x18, 0x34, 0x05, 0x60, 0x4F, 0xBF, 0xBF, 0x75,
    0xA4, 0xD9, 0xA8, 0x9D, 0x1D, 0xBE, 0x51, 0x50, 0xC0, 0x73, 0x42, 0x21, 0xE1, 0xED, 0xB9, 0x72,
    0xCD, 0x94, 0xEB, 0x06, 0x07, 0x87, 0x06, 0x0F, 0xA5, 0x79, 0x28, 0xDE, 0xF1, 0x0B, 0x56, 0x0C,
    0xFD, 0xD5, 0x7B, 0x8A, 0xB3, 0x09, 0xEF, 0x79, 0x1D, 0x8F, 0xC7, 0x7B, 0xAB, 0xE4, 0xE2, 0x3A,
    0x43, 0x6E, 0x54, 0x75, 0x37, 0x48, 0x5A, 0xF6, 0x4D, 0x68, 0x07, 0x69, 0x0E, 0xBC, 0xD7, 0xE7,
    0x1C, 0x21, 0xF4, 0xFB, 0x67, 0xEC, 0xDF, 0xAF, 0x83, 0xFC, 0x16, 0x7E, 0x73, 0x7D, 0xA9, 0x4E,
    0xEB, 0x8F, 0x32, 0x87, 0x7D, 0xE2, 0xE2, 0x5E, 0x29, 0x55, 0x81, 0x75, 0x17, 0x77, 0xAF, 0xCA,
    0x1F, 0xAA, 0xB1, 0x80, 0x35, 0x6A, 0xF3, 0xA7, 0x50, 0xD0, 0x13, 0x2D, 0x57, 0x55, 0xB2, 0xE8,
    0xCA, 0x97, 0x2E, 0x38, 0x79, 0xA7, 0x08, 0x16, 0x2D, 0xF9, 0x3C, 0x3A, 0x66, 0xBC, 0x8A, 0x4E,
    0x4A, 0xE9, 0x04, 0x27, 0x99, 0xDE, 0xE2, 0xD1, 0xD1, 0x1F, 0x5F, 0xA8, 0xA3, 0xDB, 0x69, 0xB8,
    0xE7, 0x9C, 0x5D, 0x9E, 0x2E, 0x9D, 0x3A, 0x6B, 0xE7, 0x3D, 0x7C, 0x1F, 0x70, 0x9F, 0x42, 0xF5,
    0xB9, 0xA8, 0x54, 0xB7, 0x34, 0x9A, 0x6C, 0x8C, 0x5B, 0x07, 0x69, 0x3C, 0x02, 0x4E, 0x11, 0x1A,
    0xB8, 0xB7, 0x83, 0x44, 0x43, 0x39, 0x85, 0x96, 0xD1, 0x76, 0x7A, 0x58, 0x71, 0x29, 0x7C, 0xDC,
    0xC7, 0xAF, 0x65, 0xDA, 0xB0, 0xC4, 0x75, 0x7E, 0x26, 0x2F, 0x80, 0x0F, 0x83, 0x0E, 0x1B, 0x3A,
    0x6C, 0xE8, 0xB0, 0xA1, 0xC3, 0x86, 0x0E, 0x1B, 0x3A, 0x6C, 0xE8, 0x10, 0xD1, 0xA5, 0xC2, 0x23,
    0x52, 0x1D, 0x1E, 0xA9, 0xFE, 0xBE, 0x03, 0xEE, 0xEE, 0xE8, 0xC4, 0xCE, 0x7B, 0xF8, 0x3E, 0xE0,
    0x3E, 0x45, 0x19, 0x0A, 0x58, 0xD1, 0xE1, 0x3F, 0x8C, 0xEE, 0x23, 0x7E, 0x02, 0xBA, 0x09, 0x3F,
    0x06, 0x74, 0xE6, 0x94, 0xFA, 0x88, 0x4E, 0x3E, 0x5F, 0x22, 0x3A, 0xCB, 0x3F, 0xA5, 0x80, 0xA5,
    0xE0, 0xE1, 0x1F, 0x1C, 0x23, 0x11, 0x26, 0x13, 0x72, 0xD1, 0xA9, 0xB8, 0x11, 0x83, 0xD3, 0xFE,
    0x3A, 0x05, 0x74, 0xA9, 0xF0, 0x00, 0x55, 0x74, 0xC9, 0x42, 0x6D, 0x05, 0x74, 0x5F, 0xE1, 0xB3,
    0xFF, 0x05, 0xBA, 0x07, 0x9B, 0xEA, 0xAE, 0x36, 0xD5, 0xC9, 0xAA, 0x3A, 0xFD, 0xFB, 0x0B, 0xAA,
    0x63, 0xB6, 0x51, 0x75, 0xD5, 0x8A, 0x05, 0x6D, 0x13, 0x9D, 0xC4, 0xAF, 0xE8, 0xCC, 0xBA, 0x97,
    0xC3, 0x8C, 0xC1, 0xB1, 0xFD, 0xAA, 0xBA, 0xD6, 0x45, 0xD5, 0xA5, 0x7E, 0x55, 0x5D, 0x36, 0xAF,
    0xAA, 0x4B, 0xC6, 0x0D, 0x9D, 0xFB, 0x30, 0xE8, 0xFE, 0x02,
};

static const EpdGlyph inter_12_boldGlyphs[] = {
    { 0, 0, 210, 0, 0, 0, 0 }, // U+0000
    { 0, 0, 93, 0, 0, 0, 0 }, // U+0020
    { 6, 20, 127, 1, 19, 30, 0 }, // !
    { 10, 9, 214, 2, 19, 23, 30 }, // "
    { 16, 19, 257, 0, 19, 76, 53 }, // #
    { 15, 24, 262, 1, 21, 90, 129 }, // $
    { 21, 20, 399, 2, 19, 105, 219 }, // %
    { 17, 20, 266, 0, 19, 85, 324 }, // &
    { 4, 9, 129, 2, 19, 9, 409 }, // '
    { 8, 24, 147, 1, 20, 48, 418 }, // (
    { 8, 24, 147, 0, 20, 48, 466 }, // )
    { 11, 12, 221, 1, 19, 33, 514 }, // *
    { 13, 14, 269, 2, 14, 46, 547 }, // +
    { 5, 9, 126, 1, 4, 12, 593 }, // ,
    { 9, 4, 185, 1, 9, 9, 605 }, // -
    { 6, 5, 126, 1, 4, 8, 614 }, // .
    { 10, 23, 153, 0, 20, 58, 622 }, // /
    { 15, 20, 268, 1, 19, 75, 680 }, // 0
    { 9, 19, 169, 0, 19, 43, 755 }, // 1
    { 14, 19, 249, 1, 19, 67, 798 }, // 2
    { 14, 20, 256, 1, 19, 70, 865 }, // 3
    { 15, 19, 269, 1, 19, 72, 935 }, // 4
    { 14, 20, 247, 1, 19, 70, 1007 }, // 5
    { 14, 20, 257, 1, 19, 70, 1077 }, // 6
    { 14, 19, 230, 0, 19, 67, 1147 }, // 7
    { 15, 20, 257, 1, 19, 75, 1214 }, // 8
    { 14, 20, 257, 1, 19, 70, 1289 }, // 9
    { 6, 14, 126, 1, 13, 21, 1359 }, // :
    { 6, 18, 129, 1, 13, 27, 1380 }, // ;
    { 14, 15, 269, 1, 15, 53, 1407 }, // <
    { 13, 10, 269, 2, 12, 33, 1460 }, // =
    { 13, 15, 269, 2, 15, 49, 1493 }, // >
    { 13, 20, 224, 0, 19, 65, 1542 }, // ?
    { 24, 25, 405, 1, 19, 150, 1607 }, // @
    { 18, 19, 296, 0, 19, 86, 1757 }, // A
    { 15, 19, 263, 1, 19, 72, 1843 }, // B
    { 17, 20, 295, 1, 19, 85, 1915 }, // C
    { 16, 19, 287, 1, 19, 76, 2000 }, // D
    { 13, 19, 243, 1, 19, 62, 2076 }, // E
    { 13, 19, 234, 1, 19, 62, 2138 }, // F
    { 17, 20, 299, 1, 19, 85, 2200 }, // G
    { 16, 19, 296, 1, 19, 76, 2285 }, // H
    { 5, 19, 110, 1, 19, 24, 2361 }, // I
    { 13, 20, 232, 0, 19, 65, 2385 }, // J
    { 17, 19, 285, 1, 19, 81, 2450 }, // K
    { 13, 19, 225, 1, 19, 62, 2531 }, // L
    { 21, 19, 369, 1, 19, 100, 2593 }, // M
    { 17, 19, 302, 1, 19, 81, 2693 }, // N
    { 18, 20, 306, 1, 19, 90, 2774 }, // O
    { 15, 19, 258, 1, 19, 72, 2864 }, // P
    { 18, 21, 308, 1, 19, 95, 2936 }, // Q
    { 15, 19, 262, 1, 19, 72, 3031 }, // R
    { 15, 20, 262, 1, 19, 75, 3103 }, // S
    { 16, 19, 264, 0, 19, 76, 3178 }, // T
    { 16, 20, 290, 1, 19, 80, 3254 }, // U
    { 18, 19, 295, 0, 19, 86, 3334 }, // V
    { 26, 19, 411, 0, 19, 124, 3420 }, // W
    { 18, 19, 292, 0, 19, 86, 3544 }, // X
    { 18, 19, 289, 0, 19, 86, 3630 }, // Y
    { 15, 19, 263, 1, 19, 72, 3716 }, // Z
    { 7, 24, 147, 2, 20, 42, 3788 }, // [
    { 10, 23, 153, 0, 20, 58, 3830 }, // <backslash>
    { 7, 24, 147, 1, 20, 42, 3888 }, // ]
    { 12, 9, 193, 0, 18, 27, 3930 }, // ^
    { 12, 3, 190, 0, 0, 9, 3957 }, // _
    { 6, 4, 140, 1, 19, 6, 3966 }, // `
    { 13, 15, 230, 0, 14, 49, 3972 }, // a
    { 14, 20, 249, 1, 19, 70, 4021 }, // b
    { 14, 15, 232, 0, 14, 53, 4091 }, // c
    { 15, 20, 249, 0, 19, 75, 4144 }, // d
    { 14, 15, 235, 0, 14, 53, 4219 }, // e
    { 10, 19, 157, 0, 19, 48, 4272 }, // f
    { 15, 20, 250, 0, 14, 75, 4320 }, // g
    { 13, 19, 246, 1, 19, 62, 4395 }, // h
    { 5, 19, 106, 1, 19, 24, 4457 }, // i
    { 7, 25, 106, -1, 19, 44, 4481 }, // j
    { 14, 19, 229, 1, 19, 67, 4525 }, // k
    { 5, 19, 106, 1, 19, 24, 4592 }, // l
    { 21, 14, 362, 1, 14, 74, 4616 }, // m
    { 13, 14, 246, 1, 14, 46, 4690 }, // n
    { 15, 15, 242, 0, 14, 57, 4736 }, // o
    { 14, 20, 249, 1, 14, 70, 4793 }, // p
    { 15, 20, 249, 0, 14, 75, 4863 }, // q
    { 9, 14, 160, 1, 14, 32, 4938 }, // r
    { 13, 15, 221, 0, 14, 49, 4970 }, // s
    { 9, 18, 147, 0, 17, 41, 5019 }, // t
    { 13, 15, 246, 1, 14, 49, 5060 }, // u
    { 15, 14, 236, 0, 14, 53, 5109 }, // v
    { 21, 14, 337, 0, 14, 74, 5162 }, // w
    { 14, 14, 228, 0, 14, 49, 5236 }, // x
    { 15, 20, 237, 0, 14, 75, 5285 }, // y
    { 12, 14, 225, 1, 14, 42, 5360 }, // z
    { 10, 24, 185, 1, 20, 60, 5402 }, // {
    { 5, 31, 146, 2, 25, 39, 5462 }, // |
    { 9, 24, 185, 1, 20, 54, 5501 }, // }
    { 15, 7, 269, 1, 11, 27, 5555 }, // ~
    { 0, 0, 93, 0, 0, 0, 0 }, // U+00A0
    { 6, 19, 127, 1, 14, 29, 0 }, // U+00A1
    { 14, 19, 232, 0, 19, 67, 29 }, // U+00A2
    { 14, 19, 253, 1, 19, 67, 96 }, // U+00A3
    { 17, 17, 303, 1, 16, 73, 163 }, // U+00A4
    { 14, 19, 226, 0, 19, 67, 236 }, // U+00A5
    { 4, 23, 133, 2, 19, 23, 303 }, // U+00A6
    { 12, 23, 225, 1, 19, 69, 326 }, // U+00A7
    { 10, 4, 246, 3, 19, 10, 395 }, // U+00A8
    { 20, 20, 364, 1, 19, 100, 405 }, // U+00A9
    { 11, 12, 184, 0, 19, 33, 505 }, // U+00AA
    { 15, 13, 260, 1, 14, 49, 538 }, // U+00AB
    { 12, 7, 269, 2, 10, 21, 587 }, // U+00AC
    { 15, 15, 263, 1, 19, 57, 608 }, // U+00AE
    { 8, 4, 171, 1, 19, 8, 665 }, // U+00AF
    { 10, 10, 182, 1, 19, 25, 673 }, // U+00B0
    { 13, 15, 269, 2, 15, 49, 698 }, // U+00B1
    { 9, 12, 178, 1, 22, 27, 747 }, // U+00B2
    { 10, 12, 183, 1, 22, 30, 774 }, // U+00B3
    { 7, 4, 140, 1, 19, 7, 804 }, // U+00B4
    { 15, 20, 248, 1, 14, 75, 811 }, // U+00B5
    { 14, 19, 237, 0, 19, 67, 886 }, // U+00B6
    { 6, 5, 126, 1, 11, 8, 953 }, // U+00B7
    { 6, 7, 144, 2, 1, 11, 961 }, // U+00B8
    { 6, 11, 128, 1, 21, 17, 972 }, // U+00B9
    { 12, 12, 194, 0, 19, 36, 989 }, // U+00BA
    { 16, 13, 260, 0, 14, 52, 1025 }, // U+00BB
    { 21, 19, 333, 0, 19, 100, 1077 }, // U+00BC
    { 21, 19, 347, 0, 19, 100, 1177 }, // U+00BD
    { 22, 19, 364, 0, 19, 105, 1277 }, // U+00BE
    { 13, 19, 224, 1, 14, 62, 1382 }, // U+00BF
    { 18, 24, 296, 0, 24, 108, 1444 }, // U+00C0
    { 18, 24, 296, 0, 24, 108, 1552 }, // U+00C1
    { 18, 24, 296, 0, 24, 108, 1660 }, // U+00C2
    { 18, 24, 296, 0, 24, 108, 1768 }, // U+00C3
    { 18, 24, 296, 0, 24, 108, 1876 }, // U+00C4
    { 18, 25, 296, 0, 25, 113, 1984 }, // U+00C5
    { 25, 19, 409, 0, 19, 119, 2097 }, // U+00C6
    { 17, 25, 295, 1, 19, 107, 2216 }, // U+00C7
    { 13, 24, 243, 1, 24, 78, 2323 }, // U+00C8
    { 13, 24, 243, 1, 24, 78, 2401 }, // U+00C9
    { 13, 24, 243, 1, 24, 78, 2479 }, // U+00CA
    { 13, 24, 243, 1, 24, 78, 2557 }, // U+00CB
    { 7, 24, 110, -1, 24, 42, 2635 }, // U+00CC
    { 7, 24, 110, 1, 24, 42, 2677 }, // U+00CD
    { 11, 24, 110, -2, 24, 66, 2719 }, // U+00CE
    { 11, 24, 110, -2, 24, 66, 2785 }, // U+00CF
    { 18, 19, 303, 0, 19, 86, 2851 }, // U+00D0
    { 17, 24, 302, 1, 24, 102, 2937 }, // U+00D1
    { 18, 25, 306, 1, 24, 113, 3039 }, // U+00D2
    { 18, 25, 306, 1, 24, 113, 3152 }, // U+00D3
    { 18, 25, 306, 1, 24, 113, 3265 }, // U+00D4
    { 18, 25, 306, 1, 24, 113, 3378 }, // U+00D5
    { 18, 25, 306, 1, 24, 113, 3491 }, // U+00D6
    { 13, 14, 269, 2, 14, 46, 3604 }, // U+00D7
    { 18, 20, 306, 1, 19, 90, 3650 }, // U+00D8
    { 16, 25, 290, 1, 24, 100, 3740 }, // U+00D9
    { 16, 25, 290, 1, 24, 100, 3840 }, // U+00DA
    { 16, 25, 290, 1, 24, 100, 3940 }, // U+00DB
    { 16, 25, 290, 1, 24, 100, 4040 }, // U+00DC
    { 18, 24, 289, 0, 24, 108, 4140 }, // U+00DD
    { 14, 19, 265, 1, 19, 67, 4248 }, // U+00DE
    { 15, 19, 261, 1, 19, 72, 4315 }, // U+00DF
    { 13, 20, 230, 0, 19, 65, 4387 }, // U+00E0
    { 13, 20, 230, 0, 19, 65, 4452 }, // U+00E1
    { 13, 20, 230, 0, 19, 65, 4517 }, // U+00E2
    { 13, 20, 230, 0, 19, 65, 4582 }, // U+00E3
    { 13, 20, 230, 0, 19, 65, 4647 }, // U+00E4
    { 13, 22, 230, 0, 21, 72, 4712 }, // U+00E5
    { 22, 15, 362, 0, 14, 83, 4784 }, // U+00E6
    { 14, 20, 232, 0, 14, 70, 4867 }, // U+00E7
    { 14, 20, 235, 0, 19, 70, 4937 }, // U+00E8
    { 14, 20, 235, 0, 19, 70, 5007 }, // U+00E9
    { 14, 20, 235, 0, 19, 70, 5077 }, // U+00EA
    { 14, 20, 235, 0, 19, 70, 5147 }, // U+00EB
    { 7, 19, 106, -1, 19, 34, 5217 }, // U+00EC
    { 7, 19, 106, 1, 19, 34, 5251 }, // U+00ED
    { 11, 19, 106, -2, 19, 53, 5285 }, // U+00EE
    { 10, 19, 106, -2, 19, 48, 5338 }, // U+00EF
    { 14, 21, 238, 0, 20, 74, 5386 }, // U+00F0
    { 13, 19, 246, 1, 19, 62, 5460 }, // U+00F1
    { 15, 20, 242, 0, 19, 75, 5522 }, // U+00F2
    { 15, 20, 242, 0, 19, 75, 5597 }, // U+00F3
    { 15, 20, 242, 0, 19, 75, 5672 }, // U+00F4
    { 15, 20, 242, 0, 19, 75, 5747 }, // U+00F5
    { 15, 20, 242, 0, 19, 75, 5822 }, // U+00F6
    { 13, 15, 269, 2, 15, 49, 5897 }, // U+00F7
    { 15, 16, 242, 0, 15, 60, 5946 }, // U+00F8
    { 13, 20, 246, 1, 19, 65, 6006 }, // U+00F9
    { 13, 20, 246, 1, 19, 65, 6071 }, // U+00FA
    { 13, 20, 246, 1, 19, 65, 6136 }, // U+00FB
    { 13, 20, 246, 1, 19, 65, 6201 }, // U+00FC
    { 15, 25, 237, 0, 19, 94, 6266 }, // U+00FD
    { 14, 25, 249, 1, 19, 88, 6360 }, // U+00FE
    { 15, 25, 237, 0, 19, 94, 6448 }, // U+00FF
    { 18, 24, 296, 0, 24, 108, 0 }, // U+0100
    { 13, 20, 230, 0, 19, 65, 108 }, // U+0101
    { 18, 24, 296, 0, 24, 108, 173 }, // U+0102
    { 13, 20, 230, 0, 19, 65, 281 }, // U+0103
    { 19, 25, 296, 0, 19, 119, 346 }, // U+0104
    { 14, 20, 230, 0, 14, 70, 465 }, // U+0105
    { 17, 25, 295, 1, 24, 107, 535 }, // U+0106
    { 14, 20, 232, 0, 19, 70, 642 }, // U+0107
    { 17, 25, 295, 1, 24, 107, 712 }, // U+0108
    { 14, 20, 232, 0, 19, 70, 819 }, // U+0109
    { 17, 25, 295, 1, 24, 107, 889 }, // U+010A
    { 14, 20, 232, 0, 19, 70, 996 }, // U+010B
    { 17, 25, 295, 1, 24, 107, 1066 }, // U+010C
    { 14, 20, 232, 0, 19, 70, 1173 }, // U+010D
    { 16, 24, 287, 1, 24, 96, 1243 }, // U+010E
    { 19, 21, 299, 0, 20, 100, 1339 }, // U+010F
    { 18, 19, 303, 0, 19, 86, 1439 }, // U+0110
    { 16, 20, 249, 0, 19, 80, 1525 }, // U+0111
    { 13, 24, 243, 1, 24, 78, 1605 }, // U+0112
    { 14, 20, 235, 0, 19, 70, 1683 }, // U+0113
    { 13, 24, 243, 1, 24, 78, 1753 }, // U+0114
    { 14, 20, 235, 0, 19, 70, 1831 }, // U+0115
    { 13, 24, 243, 1, 24, 78, 1901 }, // U+0116
    { 14, 20, 235, 0, 19, 70, 1979 }, // U+0117
    { 14, 25, 243, 1, 19, 88, 2049 }, // U+0118
    { 14, 20, 235, 0, 14, 70, 2137 }, // U+0119
    { 13, 24, 243, 1, 24, 78, 2207 }, // U+011A
    { 14, 20, 235, 0, 19, 70, 2285 }, // U+011B
    { 17, 25, 299, 1, 24, 107, 2355 }, // U+011C
    { 15, 25, 250, 0, 19, 94, 2462 }, // U+011D
    { 17, 25, 299, 1, 24, 107, 2556 }, // U+011E
    { 15, 25, 250, 0, 19, 94, 2663 }, // U+011F
    { 17, 25, 299, 1, 24, 107, 2757 }, // U+0120
    { 15, 25, 250, 0, 19, 94, 2864 }, // U+0121
    { 17, 25, 299, 1, 19, 107, 2958 }, // U+0122
    { 15, 27, 250, 0, 21, 102, 3065 }, // U+0123
    { 16, 24, 296, 1, 24, 96, 3167 }, // U+0124
    { 16, 24, 246, -2, 24, 96, 3263 }, // U+0125
    { 20, 19, 320, 0, 19, 95, 3359 }, // U+0126
    { 15, 19, 246, -1, 19, 72, 3454 }, // U+0127
    { 9, 24, 110, -1, 24, 54, 3526 }, // U+0128
    { 9, 19, 106, -1, 19, 43, 3580 }, // U+0129
    { 8, 24, 110, -1, 24, 48, 3623 }, // U+012A
    { 8, 19, 106, -1, 19, 38, 3671 }, // U+012B
    { 9, 24, 110, -1, 24, 54, 3709 }, // U+012C
    { 9, 19, 106, -1, 19, 43, 3763 }, // U+012D
    { 6, 25, 110, 0, 19, 38, 3806 }, // U+012E
    { 7, 25, 106, -1, 19, 44, 3844 }, // U+012F
    { 5, 24, 110, 1, 24, 30, 3888 }, // U+0130
    { 5, 14, 106, 1, 14, 18, 3918 }, // U+0131
    { 19, 20, 342, 1, 19, 95, 3936 }, // U+0132
    { 11, 25, 213, 1, 19, 69, 4031 }, // U+0133
    { 16, 25, 232, 0, 24, 100, 4100 }, // U+0134
    { 11, 25, 106, -2, 19, 69, 4200 }, // U+0135
    { 17, 25, 285, 1, 19, 107, 4269 }, // U+0136
    { 14, 25, 229, 1, 19, 88, 4376 }, // U+0137
    { 14, 14, 232, 1, 14, 49, 4464 }, // U+0138
    { 13, 24, 225, 1, 24, 78, 4513 }, // U+0139
    { 7, 24, 106, 1, 24, 42, 4591 }, // U+013A
    { 13, 25, 225, 1, 19, 82, 4633 }, // U+013B
    { 6, 25, 106, 0, 19, 38, 4715 }, // U+013C
    { 13, 20, 225, 1, 20, 65, 4753 }, // U+013D
    { 9, 20, 156, 1, 20, 45, 4818 }, // U+013E
    { 13, 19, 229, 1, 19, 62, 4863 }, // U+013F
    { 10, 19, 177, 1, 19, 48, 4925 }, // U+0140
    { 15, 19, 241, 0, 19, 72, 4973 }, // U+0141
    { 8, 19, 106, -1, 19, 38, 5045 }, // U+0142
    { 17, 24, 302, 1, 24, 102, 5083 }, // U+0143
    { 13, 19, 246, 1, 19, 62, 5185 }, // U+0144
    { 17, 25, 302, 1, 19, 107, 5247 }, // U+0145
    { 13, 20, 246, 1, 14, 65, 5354 }, // U+0146
    { 17, 24, 302, 1, 24, 102, 5419 }, // U+0147
    { 13, 19, 246, 1, 19, 62, 5521 }, // U+0148
    { 17, 25, 302, 1, 19, 107, 5583 }, // U+014A
    { 13, 20, 246, 1, 14, 65, 5690 }, // U+014B
    { 18, 25, 306, 1, 24, 113, 5755 }, // U+014C
    { 15, 20, 242, 0, 19, 75, 5868 }, // U+014D
    { 18, 25, 306, 1, 24, 113, 5943 }, // U+014E
    { 15, 20, 242, 0, 19, 75, 6056 }, // U+014F
    { 18, 25, 306, 1, 24, 113, 6131 }, // U+0150
    { 15, 20, 242, 0, 19, 75, 6244 }, // U+0151
    { 24, 19, 408, 1, 19, 114, 6319 }, // U+0152
    { 24, 15, 391, 0, 14, 90, 6433 }, // U+0153
    { 15, 24, 262, 1, 24, 90, 6523 }, // U+0154
    { 9, 19, 160, 1, 19, 43, 6613 }, // U+0155
    { 15, 25, 262, 1, 19, 94, 6656 }, // U+0156
    { 10, 20, 160, 0, 14, 50, 6750 }, // U+0157
    { 15, 24, 262, 1, 24, 90, 6800 }, // U+0158
    { 11, 19, 160, 0, 19, 53, 6890 }, // U+0159
    { 15, 25, 262, 1, 24, 94, 6943 }, // U+015A
    { 13, 20, 221, 0, 19, 65, 7037 }, // U+015B
    { 15, 25, 262, 1, 24, 94, 7102 }, // U+015C
    { 13, 20, 221, 0, 19, 65, 7196 }, // U+015D
    { 15, 25, 262, 1, 19, 94, 7261 }, // U+015E
    { 13, 20, 221, 0, 14, 65, 7355 }, // U+015F
    { 15, 25, 262, 1, 24, 94, 7420 }, // U+0160
    { 13, 20, 221, 0, 19, 65, 7514 }, // U+0161
    { 16, 25, 264, 0, 19, 100, 7579 }, // U+0162
    { 9, 23, 147, 0, 17, 52, 7679 }, // U+0163
    { 16, 24, 264, 0, 24, 96, 7731 }, // U+0164
    { 11, 22, 177, 0, 21, 61, 7827 }, // U+0165
    { 16, 19, 264, 0, 19, 76, 7888 }, // U+0166
    { 9, 18, 147, 0, 17, 41, 7964 }, // U+0167
    { 16, 25, 290, 1, 24, 100, 8005 }, // U+0168
    { 13, 20, 246, 1, 19, 65, 8105 }, // U+0169
    { 16, 25, 290, 1, 24, 100, 8170 }, // U+016A
    { 13, 20, 246, 1, 19, 65, 8270 }, // U+016B
    { 16, 25, 290, 1, 24, 100, 8335 }, // U+016C
    { 13, 20, 246, 1, 19, 65, 8435 }, // U+016D
    { 16, 26, 290, 1, 25, 104, 8500 }, // U+016E
    { 13, 22, 246, 1, 21, 72, 8604 }, // U+016F
    { 16, 25, 290, 1, 24, 100, 8676 }, // U+0170
    { 13, 20, 246, 1, 19, 65, 8776 }, // U+0171
    { 16, 25, 290, 1, 19, 100, 8841 }, // U+0172
    { 14, 20, 246, 1, 14, 70, 8941 }, // U+0173
    { 26, 24, 411, 0, 24, 156, 9011 }, // U+0174
    { 21, 19, 337, 0, 19, 100, 9167 }, // U+0175
    { 18, 24, 289, 0, 24, 108, 9267 }, // U+0176
    { 15, 25, 237, 0, 19, 94, 9375 }, // U+0177
    { 18, 24, 289, 0, 24, 108, 9469 }, // U+0178
    { 15, 24, 263, 1, 24, 90, 9577 }, // U+0179
    { 12, 19, 225, 1, 19, 57, 9667 }, // U+017A
    { 15, 24, 263, 1, 24, 90, 9724 }, // U+017B
    { 12, 19, 225, 1, 19, 57, 9814 }, // U+017C
    { 15, 24, 263, 1, 24, 90, 9871 }, // U+017D
    { 12, 19, 225, 1, 19, 57, 9961 }, // U+017E
    { 8, 19, 134, 1, 19, 38, 10018 }, // U+017F
    { 30, 19, 512, 1, 19, 143, 0 }, // U+01C5
    { 29, 20, 474, 0, 19, 145, 143 }, // U+01C6
    { 27, 20, 457, 1, 19, 135, 288 }, // U+01C7
    { 19, 25, 332, 1, 19, 119, 423 }, // U+01C8
    { 11, 25, 213, 1, 19, 69, 542 }, // U+01C9
    { 31, 20, 533, 1, 19, 155, 611 }, // U+01CA
    { 24, 25, 408, 1, 19, 150, 766 }, // U+01CB
    { 20, 25, 352, 1, 19, 125, 916 }, // U+01CC
    { 18, 24, 296, 0, 24, 108, 1041 }, // U+01CD
    { 13, 20, 230, 0, 19, 65, 1149 }, // U+01CE
    { 11, 24, 110, -2, 24, 66, 1214 }, // U+01CF
    { 11, 19, 106, -2, 19, 53, 1280 }, // U+01D0
    { 18, 25, 306, 1, 24, 113, 1333 }, // U+01D1
    { 15, 20, 242, 0, 19, 75, 1446 }, // U+01D2
    { 16, 25, 290, 1, 24, 100, 1521 }, // U+01D3
    { 13, 20, 246, 1, 19, 65, 1621 }, // U+01D4
    { 16, 29, 290, 1, 28, 116, 1686 }, // U+01D5
    { 13, 24, 246, 1, 23, 78, 1802 }, // U+01D6
    { 16, 29, 290, 1, 28, 116, 1880 }, // U+01D7
    { 13, 24, 246, 1, 23, 78, 1996 }, // U+01D8
    { 16, 29, 290, 1, 28, 116, 2074 }, // U+01D9
    { 13, 24, 246, 1, 23, 78, 2190 }, // U+01DA
    { 16, 29, 290, 1, 28, 116, 2268 }, // U+01DB
    { 13, 24, 246, 1, 23, 78, 2384 }, // U+01DC
    { 14, 15, 235, 0, 14, 53, 2462 }, // U+01DD
    { 18, 28, 296, 0, 28, 126, 2515 }, // U+01DE
    { 13, 24, 230, 0, 23, 78, 2641 }, // U+01DF
    { 18, 28, 296, 0, 28, 126, 2719 }, // U+01E0
    { 13, 24, 230, 0, 23, 78, 2845 }, // U+01E1
    { 25, 24, 409, 0, 24, 150, 2923 }, // U+01E2
    { 22, 20, 362, 0, 19, 110, 3073 }, // U+01E3
    { 18, 20, 299, 1, 19, 90, 3183 }, // U+01E4
    { 17, 20, 273, 0, 14, 85, 3273 }, // U+01E5
    { 17, 25, 299, 1, 24, 107, 3358 }, // U+01E6
    { 15, 25, 250, 0, 19, 94, 3465 }, // U+01E7
    { 17, 24, 285, 1, 24, 102, 3559 }, // U+01E8
    { 17, 24, 229, -2, 24, 102, 3661 }, // U+01E9
    { 18, 25, 306, 1, 19, 113, 3763 }, // U+01EA
    { 15, 20, 242, 0, 14, 75, 3876 }, // U+01EB
    { 18, 30, 306, 1, 24, 135, 3951 }, // U+01EC
    { 15, 25, 242, 0, 19, 94, 4086 }, // U+01ED
    { 17, 30, 272, 0, 24, 128, 4180 }, // U+01EE
    { 14, 25, 256, 1, 19, 88, 4308 }, // U+01EF
    { 11, 25, 106, -2, 19, 69, 4396 }, // U+01F0
    { 33, 19, 550, 1, 19, 157, 4465 }, // U+01F1
    { 30, 19, 512, 1, 19, 143, 4622 }, // U+01F2
    { 29, 20, 474, 0, 19, 145, 4765 }, // U+01F3
    { 17, 25, 299, 1, 24, 107, 4910 }, // U+01F4
    { 15, 25, 250, 0, 19, 94, 5017 }, // U+01F5
    { 26, 20, 444, 1, 19, 130, 5111 }, // U+01F6
    { 16, 25, 293, 1, 19, 100, 5241 }, // U+01F7
    { 17, 24, 302, 1, 24, 102, 5341 }, // U+01F8
    { 13, 19, 246, 1, 19, 62, 5443 }, // U+01F9
    { 18, 28, 296, 0, 28, 126, 5505 }, // U+01FA
    { 13, 25, 230, 0, 24, 82, 5631 }, // U+01FB
    { 25, 24, 409, 0, 24, 150, 5713 }, // U+01FC
    { 22, 20, 362, 0, 19, 110, 5863 }, // U+01FD
    { 18, 25, 306, 1, 24, 113, 5973 }, // U+01FE
    { 15, 20, 242, 0, 19, 75, 6086 }, // U+01FF
    { 18, 24, 296, 0, 24, 108, 6161 }, // U+0200
    { 13, 20, 230, 0, 19, 65, 6269 }, // U+0201
    { 18, 25, 296, 0, 25, 113, 6334 }, // U+0202
    { 13, 21, 230, 0, 20, 69, 6447 }, // U+0203
    { 13, 24, 243, 1, 24, 78, 6516 }, // U+0204
    { 14, 20, 235, 0, 19, 70, 6594 }, // U+0205
    { 13, 25, 243, 1, 25, 82, 6664 }, // U+0206
    { 14, 21, 235, 0, 20, 74, 6746 }, // U+0207
    { 10, 24, 110, -3, 24, 60, 6820 }, // U+0208
    { 11, 19, 106, -4, 19, 53, 6880 }, // U+0209
    { 9, 25, 110, -1, 25, 57, 6933 }, // U+020A
    { 9, 20, 106, -1, 20, 45, 6990 }, // U+020B
    { 18, 25, 306, 1, 24, 113, 7035 }, // U+020C
    { 15, 20, 242, 0, 19, 75, 7148 }, // U+020D
    { 18, 26, 306, 1, 25, 117, 7223 }, // U+020E
    { 15, 21, 242, 0, 20, 79, 7340 }, // U+020F
    { 15, 24, 262, 1, 24, 90, 7419 }, // U+0210
    { 11, 19, 160, -1, 19, 53, 7509 }, // U+0211
    { 15, 25, 262, 1, 25, 94, 7562 }, // U+0212
    { 9, 20, 160, 1, 20, 45, 7656 }, // U+0213
    { 16, 25, 290, 1, 24, 100, 7701 }, // U+0214
    { 13, 20, 246, 1, 19, 65, 7801 }, // U+0215
    { 16, 26, 290, 1, 25, 104, 7866 }, // U+0216
    { 13, 21, 246, 1, 20, 69, 7970 }, // U+0217
    { 15, 25, 262, 1, 19, 94, 8039 }, // U+0218
    { 13, 20, 221, 0, 14, 65, 8133 }, // U+0219
    { 16, 25, 264, 0, 19, 100, 8198 }, // U+021A
    { 9, 23, 147, 0, 17, 52, 8298 }, // U+021B
    { 15, 25, 265, 1, 19, 94, 8350 }, // U+021C
    { 12, 20, 228, 1, 14, 60, 8444 }, // U+021D
    { 16, 24, 296, 1, 24, 96, 8504 }, // U+021E
    { 16, 24, 246, -2, 24, 96, 8600 }, // U+021F
    { 6, 4, 0, 1, 19, 6, 0 }, // U+0300
    { 7, 4, 0, 1, 19, 7, 6 }, // U+0301
    { 11, 4, 0, 0, 19, 11, 13 }, // U+0302
    { 10, 4, 0, 1, 19, 10, 24 }, // U+0303
    { 8, 4, 0, 1, 19, 8, 34 }, // U+0304
    { 9, 4, 0, 1, 19, 9, 42 }, // U+0306
    { 5, 4, 0, 1, 19, 5, 51 }, // U+0307
    { 10, 4, 0, 3, 19, 10, 56 }, // U+0308
    { 5, 4, 0, 1, 19, 5, 66 }, // U+0309
    { 7, 7, 0, 1, 21, 13, 71 }, // U+030A
    { 11, 4, 0, 0, 19, 11, 84 }, // U+030C
    { 11, 4, 0, 1, 19, 11, 95 }, // U+030F
    { 5, 9, 0, 5, 13, 12, 106 }, // U+0313
    { 5, 9, 0, 5, 13, 12, 118 }, // U+0315
    { 5, 7, 0, -6, 19, 9, 130 }, // U+031B
    { 5, 4, 113, 1, -2, 5, 139 }, // U+0323
    { 4, 6, 0, -10, -1, 6, 144 }, // U+0326
    { 6, 7, 0, 2, 1, 11, 150 }, // U+0327
    { 7, 7, 0, 0, 1, 13, 161 }, // U+0328
    { 11, 4, 0, 0, -2, 11, 174 }, // U+032C
    { 12, 17, 0, -14, 15, 51, 185 }, // U+0337
    { 15, 20, 0, -15, 19, 75, 236 }, // U+0338
    { 10, 4, 0, -13, 19, 10, 311 }, // U+0342
    { 5, 5, 0, 0, 15, 7, 321 }, // U+0343
    { 10, 6, 0, -13, 20, 15, 328 }, // U+0346
    { 9, 7, 0, -12, -2, 16, 343 }, // U+0347
    { 7, 7, 0, -11, 0, 13, 359 }, // U+0348
    { 6, 6, 0, -10, -1, 9, 372 }, // U+0349
    { 11, 6, 0, -14, 20, 17, 381 }, // U+034A
    { 10, 11, 0, -13, 25, 28, 398 }, // U+034B
    { 10, 7, 0, -13, 22, 18, 426 }, // U+034C
    { 12, 6, 0, -14, -1, 18, 444 }, // U+034D
    { 6, 7, 0, -11, 0, 11, 462 }, // U+034E
    { 0, 0, 0, 0, 0, 0, 473 }, // U+034F
    { 10, 10, 0, -12, 25, 25, 473 }, // U+0350
    { 4, 6, 0, -10, 19, 6, 498 }, // U+0351
    { 10, 8, 0, -13, 22, 20, 504 }, // U+0352
    { 7, 7, 0, -11, 0, 13, 524 }, // U+0353
    { 7, 7, 0, -11, 0, 13, 537 }, // U+0354
    { 7, 7, 0, -11, 0, 13, 550 }, // U+0355
    { 15, 7, 0, -14, 0, 27, 563 }, // U+0356
    { 4, 7, 0, 0, 21, 7, 590 }, // U+0357
    { 5, 4, 0, 1, 19, 5, 597 }, // U+0358
    { 6, 7, 0, -11, 0, 11, 602 }, // U+0359
    { 11, 6, 0, -13, 0, 17, 613 }, // U+035A
    { 6, 7, 0, -11, 21, 11, 630 }, // U+035B
    { 20, 5, 0, -11, -1, 25, 641 }, // U+035C
    { 19, 5, 0, -10, 19, 24, 666 }, // U+035D
    { 15, 3, 0, -15, 19, 12, 690 }, // U+035E
    { 15, 3, 0, -15, -2, 12, 702 }, // U+035F
    { 26, 5, 0, -14, 19, 33, 714 }, // U+0360
    { 19, 6, 0, -10, 19, 29, 747 }, // U+0361
    { 22, 6, 0, -11, -1, 33, 776 }, // U+0362
    { 7, 8, 0, -11, 22, 14, 809 }, // U+0363
    { 7, 8, 0, -11, 22, 14, 823 }, // U+0364
    { 3, 11, 0, -9, 25, 9, 837 }, // U+0365
    { 8, 8, 0, -12, 22, 16, 846 }, // U+0366
    { 7, 8, 0, -11, 22, 14, 862 }, // U+0367
    { 7, 8, 0, -11, 22, 14, 876 }, // U+0368
    { 8, 11, 0, -12, 25, 22, 890 }, // U+0369
    { 7, 11, 0, -11, 25, 20, 912 }, // U+036A
    { 12, 8, 0, -14, 22, 24, 932 }, // U+036B
    { 5, 8, 0, -10, 22, 10, 956 }, // U+036C
    { 5, 10, 0, 0, 24, 13, 966 }, // U+036D
    { 8, 8, 0, -12, 22, 16, 979 }, // U+036E
    { 7, 8, 0, -11, 22, 14, 995 }, // U+036F
    { 0, 0, 227, 0, 0, 0, 0 }, // U+2000
    { 0, 0, 451, 0, 0, 0, 0 }, // U+2001
    { 0, 0, 200, 0, 0, 0, 0 }, // U+2002
    { 0, 0, 400, 0, 0, 0, 0 }, // U+2003
    { 0, 0, 134, 0, 0, 0, 0 }, // U+2004
    { 0, 0, 100, 0, 0, 0, 0 }, // U+2005
    { 0, 0, 66, 0, 0, 0, 0 }, // U+2006
    { 0, 0, 258, 0, 0, 0, 0 }, // U+2007
    { 0, 0, 126, 0, 0, 0, 0 }, // U+2008
    { 0, 0, 61, 0, 0, 0, 0 }, // U+2009
    { 0, 0, 29, 0, 0, 0, 0 }, // U+200A
    { 0, 0, 0, 0, 0, 0, 0 }, // U+200B
    { 9, 4, 179, 1, 9, 9, 0 }, // U+2010
    { 9, 4, 179, 1, 9, 9, 9 }, // U+2011
    { 16, 4, 258, 0, 10, 16, 18 }, // U+2012
    { 13, 4, 200, 0, 9, 13, 34 }, // U+2013
    { 25, 4, 400, 0, 9, 25, 47 }, // U+2014
    { 25, 4, 400, 0, 9, 25, 72 }, // U+2015
    { 10, 31, 223, 2, 25, 78, 97 }, // U+2016
    { 12, 6, 188, 0, 0, 18, 175 }, // U+2017
    { 6, 9, 117, 1, 19, 14, 193 }, // U+2018
    { 6, 9, 117, 1, 19, 14, 207 }, // U+2019
    { 5, 9, 108, 1, 4, 12, 221 }, // U+201A
    { 6, 9, 117, 0, 19, 14, 233 }, // U+201B
    { 12, 9, 206, 1, 19, 27, 247 }, // U+201C
    { 11, 9, 203, 1, 19, 25, 274 }, // U+201D
    { 11, 9, 195, 1, 4, 25, 299 }, // U+201E
    { 11, 9, 203, 0, 19, 25, 324 }, // U+201F
    { 12, 15, 232, 1, 19, 45, 349 }, // U+2020
    { 12, 19, 232, 1, 19, 57, 394 }, // U+2021
    { 9, 9, 186, 1, 12, 21, 451 }, // U+2022
    { 7, 9, 186, 3, 12, 16, 472 }, // U+2023
    { 6, 5, 126, 1, 4, 8, 488 }, // U+2024
    { 13, 5, 251, 1, 4, 17, 496 }, // U+2025
    { 21, 5, 377, 1, 4, 27, 513 }, // U+2026
    { 6, 5, 126, 1, 11, 8, 540 }, // U+2027
    { 0, 0, 61, 0, 0, 0, 548 }, // U+202F
    { 31, 20, 548, 2, 19, 155, 548 }, // U+2030
    { 40, 20, 697, 2, 19, 200, 703 }, // U+2031
    { 5, 8, 108, 1, 19, 10, 903 }, // U+2032
    { 12, 8, 215, 1, 19, 24, 913 }, // U+2033
    { 18, 8, 322, 1, 19, 36, 937 }, // U+2034
    { 5, 8, 108, 1, 19, 10, 973 }, // U+2035
    { 12, 8, 215, 1, 19, 24, 983 }, // U+2036
    { 18, 8, 322, 1, 19, 36, 1007 }, // U+2037
    { 12, 6, 217, 1, -1, 18, 1043 }, // U+2038
    { 9, 13, 169, 1, 14, 30, 1061 }, // U+2039
    { 10, 13, 169, 0, 14, 33, 1091 }, // U+203A
    { 17, 16, 321, 2, 16, 68, 1124 }, // U+203B
    { 14, 20, 254, 1, 19, 70, 1192 }, // U+203C
    { 13, 20, 222, 0, 19, 65, 1262 }, // U+203D
    { 13, 3, 197, 0, 21, 10, 1327 }, // U+203E
    { 21, 5, 338, 0, -1, 27, 1337 }, // U+203F
    { 21, 5, 338, 0, 19, 27, 1364 }, // U+2040
    { 11, 14, 189, 0, 8, 39, 1391 }, // U+2041
    { 17, 16, 303, 1, 17, 68, 1430 }, // U+2042
    { 8, 4, 186, 2, 9, 8, 1498 }, // U+2043
    { 16, 19, 82, -5, 19, 76, 1506 }, // U+2044
    { 7, 24, 147, 2, 20, 42, 1582 }, // U+2045
    { 7, 24, 147, 1, 20, 42, 1624 }, // U+2046
    { 27, 20, 449, 0, 19, 135, 1666 }, // U+2047
    { 21, 20, 352, 0, 19, 105, 1801 }, // U+2048
    { 20, 20, 352, 1, 19, 100, 1906 }, // U+2049
    { 11, 20, 184, 0, 14, 55, 2006 }, // U+204A
    { 13, 19, 237, 1, 19, 62, 2061 }, // U+204B
    { 13, 11, 241, 1, 13, 36, 2123 }, // U+204C
    { 13, 11, 241, 1, 13, 36, 2159 }, // U+204D
    { 11, 12, 221, 1, 9, 33, 2195 }, // U+204E
    { 6, 18, 129, 1, 13, 27, 2228 }, // U+204F
    { 21, 25, 337, 0, 19, 132, 2255 }, // U+2050
    { 11, 24, 228, 3, 19, 66, 2387 }, // U+2051
    { 18, 19, 318, 1, 19, 86, 2453 }, // U+2052
    { 17, 7, 302, 1, 12, 30, 2539 }, // U+2053
    { 21, 5, 338, 0, -1, 27, 2569 }, // U+2054
    { 14, 13, 284, 2, 13, 46, 2596 }, // U+2055
    { 25, 8, 429, 1, 19, 50, 2642 }, // U+2057
    { 0, 0, 116, 0, 0, 0, 2692 }, // U+205F
    { 10, 12, 192, 1, 22, 30, 0 }, // U+2070
    { 4, 12, 86, 1, 22, 12, 30 }, // U+2071
    { 10, 11, 189, 1, 21, 28, 42 }, // U+2074
    { 10, 11, 182, 1, 21, 28, 70 }, // U+2075
    { 10, 12, 184, 1, 22, 30, 98 }, // U+2076
    { 10, 11, 164, 0, 21, 28, 128 }, // U+2077
    { 10, 12, 186, 1, 22, 30, 156 }, // U+2078
    { 10, 12, 184, 1, 22, 30, 186 }, // U+2079
    { 9, 9, 184, 1, 20, 21, 216 }, // U+207A
    { 9, 3, 184, 1, 17, 7, 237 }, // U+207B
    { 9, 7, 184, 1, 19, 16, 244 }, // U+207C
    { 6, 13, 111, 1, 22, 20, 260 }, // U+207D
    { 6, 13, 111, 0, 22, 20, 280 }, // U+207E
    { 9, 9, 178, 1, 19, 21, 300 }, // U+207F
    { 10, 12, 192, 1, 7, 30, 321 }, // U+2080
    { 6, 11, 128, 1, 6, 17, 351 }, // U+2081
    { 9, 12, 178, 1, 7, 27, 368 }, // U+2082
    { 10, 12, 183, 1, 7, 30, 395 }, // U+2083
    { 10, 11, 189, 1, 6, 28, 425 }, // U+2084
    { 10, 11, 182, 1, 6, 28, 453 }, // U+2085
    { 10, 12, 184, 1, 7, 30, 481 }, // U+2086
    { 10, 11, 164, 0, 6, 28, 511 }, // U+2087
    { 10, 12, 186, 1, 7, 30, 539 }, // U+2088
    { 10, 12, 184, 1, 7, 30, 569 }, // U+2089
    { 9, 9, 184, 1, 5, 21, 599 }, // U+208A
    { 9, 3, 184, 1, 2, 7, 620 }, // U+208B
    { 9, 7, 184, 1, 4, 16, 627 }, // U+208C
    { 6, 13, 111, 1, 7, 20, 643 }, // U+208D
    { 6, 13, 111, 0, 7, 20, 663 }, // U+208E
    { 9, 9, 164, 0, 4, 21, 683 }, // U+2090
    { 10, 9, 168, 0, 4, 23, 704 }, // U+2091
    { 10, 9, 173, 0, 4, 23, 727 }, // U+2092
    { 10, 9, 167, 0, 4, 23, 750 }, // U+2093
    { 10, 11, 190, 1, 5, 28, 773 }, // U+2094
    { 9, 11, 178, 1, 6, 25, 801 }, // U+2095
    { 9, 11, 166, 1, 6, 25, 826 }, // U+2096
    { 4, 11, 86, 1, 6, 11, 851 }, // U+2097
    { 14, 9, 253, 1, 4, 32, 862 }, // U+2098
    { 9, 9, 178, 1, 4, 21, 894 }, // U+2099
    { 10, 12, 178, 1, 4, 30, 915 }, // U+209A
    { 10, 9, 161, 0, 4, 23, 945 }, // U+209B
    { 7, 11, 109, 0, 6, 20, 968 }, // U+209C
    { 17, 20, 302, 1, 19, 85, 0 }, // U+20A0
    { 17, 24, 295, 1, 21, 102, 85 }, // U+20A1
    { 17, 20, 288, 1, 19, 85, 187 }, // U+20A2
    { 16, 19, 245, -1, 19, 76, 272 }, // U+20A3
    { 14, 19, 253, 1, 19, 67, 348 }, // U+20A4
    { 20, 18, 343, 1, 16, 90, 415 }, // U+20A5
    { 19, 19, 301, 0, 19, 91, 505 }, // U+20A6
    { 24, 20, 399, 1, 19, 120, 596 }, // U+20A7
    { 28, 20, 466, 1, 19, 140, 716 }, // U+20A8
    { 25, 19, 414, 0, 19, 119, 856 }, // U+20A9
    { 21, 14, 366, 1, 14, 74, 975 }, // U+20AA
    { 16, 24, 249, 0, 19, 96, 1049 }, // U+20AB
    { 16, 20, 272, 0, 19, 80, 1145 }, // U+20AC
    { 20, 19, 318, 0, 19, 95, 1225 }, // U+20AD
    { 16, 19, 264, 0, 19, 76, 1320 }, // U+20AE
    { 36, 27, 580, 0, 21, 243, 1396 }, // U+20AF
    { 18, 19, 283, 0, 19, 86, 1639 }, // U+20B1
    { 17, 24, 299, 1, 21, 102, 1725 }, // U+20B2
    { 18, 19, 296, 0, 19, 86, 1827 }, // U+20B3
    { 15, 20, 293, 2, 19, 75, 1913 }, // U+20B4
    { 17, 24, 295, 1, 21, 102, 1988 }, // U+20B5
    { 16, 19, 265, 0, 19, 76, 2090 }, // U+20B8
    { 14, 19, 226, 0, 19, 67, 2166 }, // U+20B9
    { 14, 20, 256, 1, 19, 70, 2233 }, // U+20BA
    { 17, 14, 302, 1, 14, 60, 2303 }, // U+20BC
    { 17, 19, 294, 1, 19, 81, 2363 }, // U+20BD
    { 17, 19, 302, 1, 19, 81, 2444 }, // U+20BE
    { 15, 24, 263, 1, 21, 90, 2525 }, // U+20BF
    { 19, 18, 380, 2, 17, 86, 0 }, // U+2190
    { 19, 19, 360, 2, 19, 91, 86 }, // U+2191
    { 19, 18, 380, 3, 17, 86, 177 }, // U+2192
    { 19, 20, 360, 2, 19, 95, 263 }, // U+2193
    { 29, 18, 534, 2, 17, 131, 358 }, // U+2194
    { 17, 30, 342, 2, 23, 128, 489 }, // U+2195
    { 15, 15, 307, 2, 14, 57, 617 }, // U+2196
    { 15, 15, 307, 2, 14, 57, 674 }, // U+2197
    { 15, 14, 307, 2, 14, 53, 731 }, // U+2198
    { 15, 14, 307, 2, 14, 53, 784 }, // U+2199
    { 25, 20, 461, 2, 19, 125, 837 }, // U+21A9
    { 25, 20, 461, 2, 19, 125, 962 }, // U+21AA
    { 21, 19, 403, 2, 19, 100, 1087 }, // U+21B0
    { 21, 19, 403, 2, 19, 100, 1187 }, // U+21B1
    { 21, 18, 403, 2, 19, 95, 1287 }, // U+21B3
    { 18, 20, 356, 2, 19, 90, 1382 }, // U+21B4
    { 21, 18, 403, 2, 19, 95, 1472 }, // U+21B5
    { 19, 23, 380, 2, 23, 110, 1567 }, // U+21BA
    { 19, 23, 380, 2, 23, 110, 1677 }, // U+21BB
    { 19, 18, 380, 2, 17, 86, 1787 }, // U+21D0
    { 19, 18, 380, 3, 17, 86, 1873 }, // U+21D2
    { 29, 18, 534, 2, 17, 131, 1959 }, // U+21D4
    { 13, 19, 252, 1, 19, 62, 2090 }, // U+21DE
    { 13, 20, 252, 1, 19, 65, 2152 }, // U+21DF
    { 22, 13, 418, 2, 16, 72, 2217 }, // U+21E4
    { 22, 13, 418, 2, 16, 72, 2289 }, // U+21E5
    { 25, 20, 438, 1, 20, 125, 2361 }, // U+21E7
    { 25, 25, 438, 1, 20, 157, 2486 }, // U+21EA
    { 14, 20, 266, 1, 19, 70, 0 }, // U+2202
    { 15, 16, 274, 1, 15, 60, 70 }, // U+2205
    { 18, 19, 293, 0, 19, 86, 130 }, // U+2206
    { 15, 23, 304, 2, 19, 87, 216 }, // U+220F
    { 16, 23, 294, 1, 19, 92, 303 }, // U+2211
    { 13, 4, 269, 2, 9, 13, 395 }, // U+2212
    { 15, 19, 266, 1, 19, 72, 408 }, // U+221A
    { 24, 12, 390, 0, 14, 72, 480 }, // U+221E
    { 11, 26, 152, -1, 20, 72, 552 }, // U+222B
    { 6, 14, 126, 1, 16, 21, 624 }, // U+2236
    { 14, 12, 269, 1, 13, 42, 645 }, // U+2248
    { 13, 15, 269, 2, 15, 49, 687 }, // U+2260
    { 13, 15, 269, 2, 15, 49, 736 }, // U+2264
    { 13, 15, 269, 2, 15, 49, 785 }, // U+2265
    { 35, 35, 556, 0, 27, 307, 834 }, // U+2295
    { 35, 35, 556, 0, 27, 307, 1141 }, // U+2296
    { 35, 35, 556, 0, 27, 307, 1448 }, // U+2297
    { 35, 35, 556, 0, 27, 307, 1755 }, // U+2298
};

static const EpdUnicodeInterval inter_12_boldIntervals[] = {
    { 0x0, 0x0, 0x0 },
    { 0x20, 0x7E, 0x1 },
    { 0xA0, 0xAC, 0x60 },
    { 0xAE, 0xFF, 0x6D },
    { 0x100, 0x148, 0xBF },
    { 0x14A, 0x17F, 0x108 },
    { 0x1C5, 0x21F, 0x13E },
    { 0x300, 0x304, 0x199 },
    { 0x306, 0x30A, 0x19E },
    { 0x30C, 0x30C, 0x1A3 },
    { 0x30F, 0x30F, 0x1A4 },
    { 0x313, 0x313, 0x1A5 },
    { 0x315, 0x315, 0x1A6 },
    { 0x31B, 0x31B, 0x1A7 },
    { 0x323, 0x323, 0x1A8 },
    { 0x326, 0x328, 0x1A9 },
    { 0x32C, 0x32C, 0x1AC },
    { 0x337, 0x338, 0x1AD },
    { 0x342, 0x343, 0x1AF },
    { 0x346, 0x36F, 0x1B1 },
    { 0x2000, 0x200B, 0x1DB },
    { 0x2010, 0x2027, 0x1E7 },
    { 0x202F, 0x2055, 0x1FF },
    { 0x2057, 0x2057, 0x226 },
    { 0x205F, 0x205F, 0x227 },
    { 0x2070, 0x2071, 0x228 },
    { 0x2074, 0x208E, 0x22A },
    { 0x2090, 0x209C, 0x245 },
    { 0x20A0, 0x20AF, 0x252 },
    { 0x20B1, 0x20B5, 0x262 },
    { 0x20B8, 0x20BA, 0x267 },
    { 0x20BC, 0x20BF, 0x26A },
    { 0x2190, 0x2199, 0x26E },
    { 0x21A9, 0x21AA, 0x278 },
    { 0x21B0, 0x21B1, 0x27A },
    { 0x21B3, 0x21B5, 0x27C },
    { 0x21BA, 0x21BB, 0x27F },
    { 0x21D0, 0x21D0, 0x281 },
    { 0x21D2, 0x21D2, 0x282 },
    { 0x21D4, 0x21D4, 0x283 },
    { 0x21DE, 0x21DF, 0x284 },
    { 0x21E4, 0x21E5, 0x286 },
    { 0x21E7, 0x21E7, 0x288 },
    { 0x21EA, 0x21EA, 0x289 },
    { 0x2202, 0x2202, 0x28A },
    { 0x2205, 0x2206, 0x28B },
    { 0x220F, 0x220F, 0x28D },
    { 0x2211, 0x2212, 0x28E },
    { 0x221A, 0x221A, 0x290 },
    { 0x221E, 0x221E, 0x291 },
    { 0x222B, 0x222B, 0x292 },
    { 0x2236, 0x2236, 0x293 },
    { 0x2248, 0x2248, 0x294 },
    { 0x2260, 0x2260, 0x295 },
    { 0x2264, 0x2265, 0x296 },
    { 0x2295, 0x2298, 0x298 },
};

static const EpdFontGroup inter_12_boldGroups[] = {
    { 0, 2692, 6336, 96, 0 },
    { 2692, 2465, 7357, 95, 96 },
    { 5157, 2805, 11267, 127, 191 },
    { 7962, 2731, 9625, 91, 318 },
    { 10693, 774, 1145, 66, 409 },
    { 11467, 1398, 2996, 77, 475 },
    { 12865, 522, 1203, 42, 552 },
    { 13387, 1442, 2822, 28, 594 },
    { 14829, 1129, 2906, 28, 622 },
    { 15958, 804, 2181, 18, 650 },
};

static const EpdKernClassEntry inter_12_boldKernLeftClasses[] = {
    { 0x0022, 1 }, // "
    { 0x0024, 2 }, // $
    { 0x0025, 3 }, // %
    { 0x0026, 4 }, // &
    { 0x0027, 1 }, // '
    { 0x0028, 5 }, // (
    { 0x0029, 6 }, // )
    { 0x002A, 7 }, // *
    { 0x002B, 8 }, // +
    { 0x002C, 9 }, // ,
    { 0x002D, 8 }, // -
    { 0x002E, 9 }, // .
    { 0x002F, 10 }, // /
    { 0x0030, 11 }, // 0
    { 0x0031, 12 }, // 1
    { 0x0032, 13 }, // 2
    { 0x0033, 14 }, // 3
    { 0x0034, 15 }, // 4
    { 0x0035, 16 }, // 5
    { 0x0036, 17 }, // 6
    { 0x0037, 18 }, // 7
    { 0x0038, 14 }, // 8
    { 0x0039, 11 }, // 9
    { 0x003A, 19 }, // :
    { 0x003B, 19 }, // ;
    { 0x003D, 20 }, // =
    { 0x003E, 21 }, // >
    { 0x003F, 22 }, // ?
    { 0x0040, 23 }, // @
    { 0x0041, 24 }, // A
    { 0x0042, 25 }, // B
    { 0x0043, 26 }, // C
    { 0x0044, 23 }, // D
    { 0x0045, 27 }, // E
    { 0x0046, 28 }, // F
    { 0x0047, 29 }, // G
    { 0x0048, 12 }, // H
    { 0x0049, 12 }, // I
    { 0x004A, 30 }, // J
    { 0x004B, 31 }, // K
    { 0x004C, 32 }, // L
    { 0x004D, 12 }, // M
    { 0x004E, 12 }, // N
    { 0x004F, 23 }, // O
    { 0x0050, 33 }, // P
    { 0x0051, 23 }, // Q
    { 0x0052, 34 }, // R
    { 0x0053, 2 }, // S
    { 0x0054, 35 }, // T
    { 0x0055, 30 }, // U
    { 0x0056, 36 }, // V
    { 0x0057, 37 }, // W
    { 0x0058, 38 }, // X
    { 0x0059, 39 }, // Y
    { 0x005A, 40 }, // Z
    { 0x005B, 41 }, // [
    { 0x005C, 42 }, // <backslash>
    { 0x005D, 6 }, // ]
    { 0x005E, 7 }, // ^
    { 0x005F, 43 }, // _
    { 0x0061, 44 }, // a
    { 0x0062, 45 }, // b
    { 0x0063, 45 }, // c
    { 0x0064, 12 }, // d
    { 0x0065, 45 }, // e
    { 0x0066, 46 }, // f
    { 0x0067, 47 }, // g
    { 0x0068, 44 }, // h
    { 0x0069, 48 }, // i
    { 0x006A, 48 }, // j
    { 0x006B, 49 }, // k
    { 0x006C, 12 }, // l
    { 0x006D, 44 }, // m
    { 0x006E, 44 }, // n
    { 0x006F, 45 }, // o
    { 0x0070, 45 }, // p
    { 0x0071, 47 }, // q
    { 0x0072, 50 }, // r
    { 0x0073, 51 }, // s
    { 0x0074, 52 }, // t
    { 0x0075, 53 }, // u
    { 0x0076, 54 }, // v
    { 0x0077, 55 }, // w
    { 0x0078, 56 }, // x
    { 0x0079, 54 }, // y
    { 0x007A, 57 }, // z
    { 0x007B, 5 }, // {
    { 0x007C, 12 }, // |
    { 0x007D, 6 }, // }
    { 0x007E, 58 }, // ~
    { 0x00A1, 59 }, // U+00A1
    { 0x00A2, 45 }, // U+00A2
    { 0x00A5, 60 }, // U+00A5
    { 0x00A9, 23 }, // U+00A9
    { 0x00AA, 61 }, // U+00AA
    { 0x00AB, 62 }, // U+00AB
    { 0x00AC, 63 }, // U+00AC
    { 0x00AE, 64 }, // U+00AE
    { 0x00B0, 7 }, // U+00B0
    { 0x00B1, 20 }, // U+00B1
    { 0x00B2, 65 }, // U+00B2
    { 0x00B3, 66 }, // U+00B3
    { 0x00B5, 67 }, // U+00B5
    { 0x00B6, 12 }, // U+00B6
    { 0x00B7, 68 }, // U+00B7
    { 0x00B9, 69 }, // U+00B9
    { 0x00BA, 61 }, // U+00BA
    { 0x00BB, 70 }, // U+00BB
    { 0x00BF, 71 }, // U+00BF
    { 0x00C0, 24 }, // U+00C0
    { 0x00C1, 24 }, // U+00C1
    { 0x00C2, 24 }, // U+00C2
    { 0x00C3, 24 }, // U+00C3
    { 0x00C4, 24 }, // U+00C4
    { 0x00C5, 24 }, // U+00C5
    { 0x00C6, 27 }, // U+00C6
    { 0x00C7, 26 }, // U+00C7
    { 0x00C8, 27 }, // U+00C8
    { 0x00C9, 27 }, // U+00C9
    { 0x00CA, 27 }, // U+00CA
    { 0x00CB, 27 }, // U+00CB
    { 0x00CC, 12 }, // U+00CC
    { 0x00CD, 12 }, // U+00CD
    { 0x00CE, 72 }, // U+00CE
    { 0x00CF, 72 }, // U+00CF
    { 0x00D0, 23 }, // U+00D0
    { 0x00D1, 12 }, // U+00D1
    { 0x00D2, 23 }, // U+00D2
    { 0x00D3, 23 }, // U+00D3
    { 0x00D4, 23 }, // U+00D4
    { 0x00D5, 23 }, // U+00D5
    { 0x00D6, 23 }, // U+00D6
    { 0x00D7, 73 }, // U+00D7
    { 0x00D8, 23 }, // U+00D8
    { 0x00D9, 30 }, // U+00D9
    { 0x00DA, 30 }, // U+00DA
    { 0x00DB, 30 }, // U+00DB
    { 0x00DC, 30 }, // U+00DC
    { 0x00DD, 39 }, // U+00DD
    { 0x00DE, 74 }, // U+00DE
    { 0x00DF, 75 }, // U+00DF
    { 0x00E0, 44 }, // U+00E0
    { 0x00E1, 44 }, // U+00E1
    { 0x00E2, 44 }, // U+00E2
    { 0x00E3, 44 }, // U+00E3
    { 0x00E4, 44 }, // U+00E4
    { 0x00E5, 44 }, // U+00E5
    { 0x00E6, 76 }, // U+00E6
    { 0x00E7, 45 }, // U+00E7
    { 0x00E8, 45 }, // U+00E8
    { 0x00E9, 45 }, // U+00E9
    { 0x00EA, 45 }, // U+00EA
    { 0x00EB, 45 }, // U+00EB
    { 0x00EC, 48 }, // U+00EC
    { 0x00ED, 48 }, // U+00ED
    { 0x00EE, 77 }, // U+00EE
    { 0x00EF, 78 }, // U+00EF
    { 0x00F0, 45 }, // U+00F0
    { 0x00F1, 79 }, // U+00F1
    { 0x00F2, 45 }, // U+00F2
    { 0x00F3, 45 }, // U+00F3
    { 0x00F4, 45 }, // U+00F4
    { 0x00F5, 80 }, // U+00F5
    { 0x00F6, 80 }, // U+00F6
    { 0x00F7, 8 }, // U+00F7
    { 0x00F8, 45 }, // U+00F8
    { 0x00F9, 53 }, // U+00F9
    { 0x00FA, 53 }, // U+00FA
    { 0x00FB, 53 }, // U+00FB
    { 0x00FC, 53 }, // U+00FC
    { 0x00FD, 54 }, // U+00FD
    { 0x00FE, 45 }, // U+00FE
    { 0x00FF, 54 }, // U+00FF
    { 0x0100, 24 }, // U+0100
    { 0x0101, 81 }, // U+0101
    { 0x0102, 24 }, // U+0102
    { 0x0103, 44 }, // U+0103
    { 0x0104, 24 }, // U+0104
    { 0x0105, 44 }, // U+0105
    { 0x0106, 26 }, // U+0106
    { 0x0107, 45 }, // U+0107
    { 0x0108, 26 }, // U+0108
    { 0x0109, 45 }, // U+0109
    { 0x010A, 26 }, // U+010A
    { 0x010B, 45 }, // U+010B
    { 0x010C, 26 }, // U+010C
    { 0x010D, 45 }, // U+010D
    { 0x010E, 23 }, // U+010E
    { 0x010F, 82 }, // U+010F
    { 0x0111, 83 }, // U+0111
    { 0x0112, 27 }, // U+0112
    { 0x0113, 45 }, // U+0113
    { 0x0114, 27 }, // U+0114
    { 0x0115, 45 }, // U+0115
    { 0x0116, 27 }, // U+0116
    { 0x0117, 45 }, // U+0117
    { 0x0118, 27 }, // U+0118
    { 0x0119, 45 }, // U+0119
    { 0x011A, 27 }, // U+011A
    { 0x011B, 45 }, // U+011B
    { 0x011C, 29 }, // U+011C
    { 0x011D, 47 }, // U+011D
    { 0x011E, 29 }, // U+011E
    { 0x011F, 47 }, // U+011F
    { 0x0120, 29 }, // U+0120
    { 0x0121, 47 }, // U+0121
    { 0x0122, 29 }, // U+0122
    { 0x0123, 47 }, // U+0123
    { 0x0124, 12 }, // U+0124
    { 0x0125, 44 }, // U+0125
    { 0x0126, 12 }, // U+0126
    { 0x0127, 44 }, // U+0127
    { 0x0128, 72 }, // U+0128
    { 0x0129, 84 }, // U+0129
    { 0x012A, 72 }, // U+012A
    { 0x012B, 85 }, // U+012B
    { 0x012C, 72 }, // U+012C
    { 0x012D, 86 }, // U+012D
    { 0x012E, 12 }, // U+012E
    { 0x012F, 48 }, // U+012F
    { 0x0130, 12 }, // U+0130
    { 0x0131, 48 }, // U+0131
    { 0x0133, 48 }, // U+0133
    { 0x0134, 30 }, // U+0134
    { 0x0135, 87 }, // U+0135
    { 0x0136, 31 }, // U+0136
    { 0x0137, 49 }, // U+0137
    { 0x0138, 49 }, // U+0138
    { 0x0139, 88 }, // U+0139
    { 0x013A, 89 }, // U+013A
    { 0x013B, 32 }, // U+013B
    { 0x013C, 12 }, // U+013C
    { 0x013D, 90 }, // U+013D
    { 0x013E, 12 }, // U+013E
    { 0x013F, 91 }, // U+013F
    { 0x0140, 92 }, // U+0140
    { 0x0141, 93 }, // U+0141
    { 0x0142, 94 }, // U+0142
    { 0x0143, 12 }, // U+0143
    { 0x0144, 44 }, // U+0144
    { 0x0145, 12 }, // U+0145
    { 0x0146, 44 }, // U+0146
    { 0x0147, 12 }, // U+0147
    { 0x0148, 44 }, // U+0148
    { 0x014A, 12 }, // U+014A
    { 0x014C, 23 }, // U+014C
    { 0x014D, 45 }, // U+014D
    { 0x014E, 23 }, // U+014E
    { 0x014F, 45 }, // U+014F
    { 0x0150, 23 }, // U+0150
    { 0x0151, 45 }, // U+0151
    { 0x0152, 27 }, // U+0152
    { 0x0153, 45 }, // U+0153
    { 0x0154, 34 }, // U+0154
    { 0x0155, 50 }, // U+0155
    { 0x0156, 34 }, // U+0156
    { 0x0157, 50 }, // U+0157
    { 0x0158, 34 }, // U+0158
    { 0x0159, 50 }, // U+0159
    { 0x015A, 2 }, // U+015A
    { 0x015B, 51 }, // U+015B
    { 0x015C, 2 }, // U+015C
    { 0x015D, 51 }, // U+015D
    { 0x015E, 2 }, // U+015E
    { 0x015F, 51 }, // U+015F
    { 0x0160, 2 }, // U+0160
    { 0x0161, 51 }, // U+0161
    { 0x0162, 95 }, // U+0162
    { 0x0163, 52 }, // U+0163
    { 0x0164, 96 }, // U+0164
    { 0x0165, 52 }, // U+0165
    { 0x0166, 97 }, // U+0166
    { 0x0167, 52 }, // U+0167
    { 0x0168, 30 }, // U+0168
    { 0x0169, 53 }, // U+0169
    { 0x016A, 30 }, // U+016A
    { 0x016B, 53 }, // U+016B
    { 0x016C, 30 }, // U+016C
    { 0x016D, 53 }, // U+016D
    { 0x016E, 30 }, // U+016E
    { 0x016F, 53 }, // U+016F
    { 0x0170, 30 }, // U+0170
    { 0x0171, 53 }, // U+0171
    { 0x0172, 30 }, // U+0172
    { 0x0173, 53 }, // U+0173
    { 0x0174, 37 }, // U+0174
    { 0x0175, 55 }, // U+0175
    { 0x0176, 39 }, // U+0176
    { 0x0177, 54 }, // U+0177
    { 0x0178, 39 }, // U+0178
    { 0x0179, 40 }, // U+0179
    { 0x017A, 57 }, // U+017A
    { 0x017B, 40 }, // U+017B
    { 0x017C, 57 }, // U+017C
    { 0x017D, 40 }, // U+017D
    { 0x017E, 57 }, // U+017E
    { 0x017F, 98 }, // U+017F
    { 0x01C5, 99 }, // U+01C5
    { 0x01C6, 57 }, // U+01C6
    { 0x01C8, 48 }, // U+01C8
    { 0x01C9, 48 }, // U+01C9
    { 0x01CB, 48 }, // U+01CB
    { 0x01CC, 48 }, // U+01CC
    { 0x01CD, 24 }, // U+01CD
    { 0x01CE, 44 }, // U+01CE
    { 0x01CF, 89 }, // U+01CF
    { 0x01D0, 100 }, // U+01D0
    { 0x01D1, 23 }, // U+01D1
    { 0x01D2, 45 }, // U+01D2
    { 0x01D3, 30 }, // U+01D3
    { 0x01D4, 53 }, // U+01D4
    { 0x01D5, 30 }, // U+01D5
    { 0x01D6, 53 }, // U+01D6
    { 0x01D7, 30 }, // U+01D7
    { 0x01D8, 53 }, // U+01D8
    { 0x01D9, 30 }, // U+01D9
    { 0x01DA, 53 }, // U+01DA
    { 0x01DB, 30 }, // U+01DB
    { 0x01DC, 53 }, // U+01DC
    { 0x01DD, 101 }, // U+01DD
    { 0x01DE, 24 }, // U+01DE
    { 0x01DF, 44 }, // U+01DF
    { 0x01E0, 24 }, // U+01E0
    { 0x01E1, 44 }, // U+01E1
    { 0x01E2, 27 }, // U+01E2
    { 0x01E3, 76 }, // U+01E3
    { 0x01E4, 29 }, // U+01E4
    { 0x01E5, 47 }, // U+01E5
    { 0x01E6, 29 }, // U+01E6
    { 0x01E7, 47 }, // U+01E7
    { 0x01E8, 31 }, // U+01E8
    { 0x01E9, 49 }, // U+01E9
    { 0x01EA, 23 }, // U+01EA
    { 0x01EB, 45 }, // U+01EB
    { 0x01EC, 23 }, // U+01EC
    { 0x01ED, 45 }, // U+01ED
    { 0x01F0, 48 }, // U+01F0
    { 0x01F1, 102 }, // U+01F1
    { 0x01F2, 57 }, // U+01F2
    { 0x01F3, 57 }, // U+01F3
    { 0x01F4, 29 }, // U+01F4
    { 0x01F5, 47 }, // U+01F5
    { 0x01F6, 103 }, // U+01F6
    { 0x01F8, 12 }, // U+01F8
    { 0x01F9, 44 }, // U+01F9
    { 0x01FA, 24 }, // U+01FA
    { 0x01FB, 44 }, // U+01FB
    { 0x01FC, 27 }, // U+01FC
    { 0x01FD, 76 }, // U+01FD
    { 0x01FE, 23 }, // U+01FE
    { 0x01FF, 45 }, // U+01FF
    { 0x0200, 24 }, // U+0200
    { 0x0201, 44 }, // U+0201
    { 0x0202, 24 }, // U+0202
    { 0x0203, 44 }, // U+0203
    { 0x0204, 27 }, // U+0204
    { 0x0205, 45 }, // U+0205
    { 0x0206, 27 }, // U+0206
    { 0x0207, 45 }, // U+0207
    { 0x0208, 104 }, // U+0208
    { 0x0209, 105 }, // U+0209
    { 0x020A, 72 }, // U+020A
    { 0x020B, 106 }, // U+020B
    { 0x020C, 23 }, // U+020C
    { 0x020D, 45 }, // U+020D
    { 0x020E, 23 }, // U+020E
    { 0x020F, 45 }, // U+020F
    { 0x0210, 34 }, // U+0210
    { 0x0211, 50 }, // U+0211
    { 0x0212, 34 }, // U+0212
    { 0x0213, 50 }, // U+0213
    { 0x0214, 30 }, // U+0214
    { 0x0215, 53 }, // U+0215
    { 0x0216, 30 }, // U+0216
    { 0x0217, 53 }, // U+0217
    { 0x0218, 2 }, // U+0218
    { 0x0219, 51 }, // U+0219
    { 0x021A, 35 }, // U+021A
    { 0x021B, 52 }, // U+021B
    { 0x021E, 12 }, // U+021E
    { 0x021F, 44 }, // U+021F
    { 0x2018, 107 }, // U+2018
    { 0x2019, 108 }, // U+2019
    { 0x201A, 109 }, // U+201A
    { 0x201C, 107 }, // U+201C
    { 0x201D, 108 }, // U+201D
    { 0x201E, 109 }, // U+201E
    { 0x2020, 61 }, // U+2020
    { 0x2021, 61 }, // U+2021
    { 0x2022, 110 }, // U+2022
    { 0x2023, 110 }, // U+2023
    { 0x2026, 111 }, // U+2026
    { 0x2034, 108 }, // U+2034
    { 0x2039, 62 }, // U+2039
    { 0x203A, 70 }, // U+203A
    { 0x203D, 22 }, // U+203D
    { 0x2043, 110 }, // U+2043
    { 0x204B, 33 }, // U+204B
    { 0x204C, 44 }, // U+204C
    { 0x204D, 110 }, // U+204D
    { 0x204F, 19 }, // U+204F
    { 0x2070, 66 }, // U+2070
    { 0x2071, 112 }, // U+2071
    { 0x2074, 113 }, // U+2074
    { 0x2075, 66 }, // U+2075
    { 0x2076, 66 }, // U+2076
    { 0x2077, 114 }, // U+2077
    { 0x2078, 66 }, // U+2078
    { 0x2079, 66 }, // U+2079
    { 0x207A, 115 }, // U+207A
    { 0x207B, 115 }, // U+207B
    { 0x207D, 116 }, // U+207D
    { 0x2080, 117 }, // U+2080
    { 0x2081, 117 }, // U+2081
    { 0x2082, 117 }, // U+2082
    { 0x2083, 117 }, // U+2083
    { 0x2084, 117 }, // U+2084
    { 0x2085, 118 }, // U+2085
    { 0x2086, 117 }, // U+2086
    { 0x2087, 119 }, // U+2087
    { 0x2088, 117 }, // U+2088
    { 0x2089, 117 }, // U+2089
    { 0x208A, 117 }, // U+208A
    { 0x208B, 117 }, // U+208B
    { 0x208C, 117 }, // U+208C
    { 0x208D, 117 }, // U+208D
    { 0x208E, 117 }, // U+208E
    { 0x2090, 117 }, // U+2090
    { 0x2091, 117 }, // U+2091
    { 0x2092, 117 }, // U+2092
    { 0x2093, 117 }, // U+2093
    { 0x2095, 117 }, // U+2095
    { 0x2096, 117 }, // U+2096
    { 0x2097, 117 }, // U+2097
    { 0x2098, 117 }, // U+2098
    { 0x2099, 117 }, // U+2099
    { 0x209A, 117 }, // U+209A
    { 0x209B, 117 }, // U+209B
    { 0x209C, 117 }, // U+209C
    { 0x20A1, 26 }, // U+20A1
    { 0x20A7, 52 }, // U+20A7
    { 0x20A8, 51 }, // U+20A8
    { 0x20A9, 120 }, // U+20A9
    { 0x20AC, 121 }, // U+20AC
    { 0x20AF, 45 }, // U+20AF
    { 0x20B2, 29 }, // U+20B2
    { 0x20B5, 26 }, // U+20B5
    { 0x20BD, 122 }, // U+20BD
    { 0x20BF, 25 }, // U+20BF
    { 0x2190, 8 }, // U+2190
    { 0x21D0, 20 }, // U+21D0
    { 0x2206, 24 }, // U+2206
    { 0x2212, 8 }, // U+2212
    { 0x221E, 91 }, // U+221E
    { 0x2248, 20 }, // U+2248
    { 0x2260, 20 }, // U+2260
    { 0x2264, 20 }, // U+2264
    { 0x2265, 20 }, // U+2265
};

static const EpdKernClassEntry inter_12_boldKernRightClasses[] = {
    { 0x0020, 1 }, // U+0020
    { 0x0021, 2 }, // !
    { 0x0022, 3 }, // "
    { 0x0023, 4 }, // #
    { 0x0024, 5 }, // $
    { 0x0025, 6 }, // %
    { 0x0026, 7 }, // &
    { 0x0027, 3 }, // '
    { 0x0028, 8 }, // (
    { 0x0029, 9 }, // )
    { 0x002A, 10 }, // *
    { 0x002B, 11 }, // +
    { 0x002C, 12 }, // ,
    { 0x002D, 13 }, // -
    { 0x002E, 14 }, // .
    { 0x002F, 15 }, // /
    { 0x0030, 16 }, // 0
    { 0x0031, 17 }, // 1
    { 0x0032, 18 }, // 2
    { 0x0033, 19 }, // 3
    { 0x0034, 20 }, // 4
    { 0x0035, 21 }, // 5
    { 0x0036, 16 }, // 6
    { 0x0037, 22 }, // 7
    { 0x0038, 23 }, // 8
    { 0x0039, 24 }, // 9
    { 0x003A, 25 }, // :
    { 0x003B, 25 }, // ;
    { 0x003C, 26 }, // <
    { 0x003D, 27 }, // =
    { 0x003F, 28 }, // ?
    { 0x0040, 29 }, // @
    { 0x0041, 30 }, // A
    { 0x0042, 31 }, // B
    { 0x0043, 32 }, // C
    { 0x0044, 31 }, // D
    { 0x0045, 31 }, // E
    { 0x0046, 31 }, // F
    { 0x0047, 32 }, // G
    { 0x0048, 31 }, // H
    { 0x0049, 31 }, // I
    { 0x004A, 33 }, // J
    { 0x004B, 31 }, // K
    { 0x004C, 31 }, // L
    { 0x004D, 31 }, // M
    { 0x004E, 31 }, // N
    { 0x004F, 32 }, // O
    { 0x0050, 31 }, // P
    { 0x0051, 32 }, // Q
    { 0x0052, 31 }, // R
    { 0x0053, 5 }, // S
    { 0x0054, 34 }, // T
    { 0x0055, 35 }, // U
    { 0x0056, 36 }, // V
    { 0x0057, 37 }, // W
    { 0x0058, 38 }, // X
    { 0x0059, 39 }, // Y
    { 0x005A, 40 }, // Z
    { 0x005B, 8 }, // [
    { 0x005C, 36 }, // <backslash>
    { 0x005D, 9 }, // ]
    { 0x005E, 41 }, // ^
    { 0x005F, 42 }, // _
    { 0x0061, 43 }, // a
    { 0x0062, 31 }, // b
    { 0x0063, 44 }, // c
    { 0x0064, 44 }, // d
    { 0x0065, 44 }, // e
    { 0x0066, 45 }, // f
    { 0x0067, 44 }, // g
    { 0x0068, 31 }, // h
    { 0x0069, 46 }, // i
    { 0x006A, 47 }, // j
    { 0x006B, 31 }, // k
    { 0x006C, 31 }, // l
    { 0x006D, 48 }, // m
    { 0x006E, 48 }, // n
    { 0x006F, 44 }, // o
    { 0x0070, 48 }, // p
    { 0x0071, 44 }, // q
    { 0x0072, 48 }, // r
    { 0x0073, 49 }, // s
    { 0x0074, 50 }, // t
    { 0x0075, 51 }, // u
    { 0x0076, 52 }, // v
    { 0x0077, 53 }, // w
    { 0x0078, 54 }, // x
    { 0x0079, 52 }, // y
    { 0x007A, 55 }, // z
    { 0x007B, 8 }, // {
    { 0x007C, 31 }, // |
    { 0x007D, 9 }, // }
    { 0x007E, 56 }, // ~
    { 0x00A2, 44 }, // U+00A2
    { 0x00A5, 57 }, // U+00A5
    { 0x00A9, 32 }, // U+00A9
    { 0x00AA, 58 }, // U+00AA
    { 0x00AB, 59 }, // U+00AB
    { 0x00AC, 60 }, // U+00AC
    { 0x00AE, 61 }, // U+00AE
    { 0x00B0, 62 }, // U+00B0
    { 0x00B1, 27 }, // U+00B1
    { 0x00B2, 63 }, // U+00B2
    { 0x00B5, 64 }, // U+00B5
    { 0x00B6, 65 }, // U+00B6
    { 0x00B7, 66 }, // U+00B7
    { 0x00B9, 67 }, // U+00B9
    { 0x00BA, 58 }, // U+00BA
    { 0x00BB, 68 }, // U+00BB
    { 0x00BF, 69 }, // U+00BF
    { 0x00C0, 30 }, // U+00C0
    { 0x00C1, 30 }, // U+00C1
    { 0x00C2, 30 }, // U+00C2
    { 0x00C3, 30 }, // U+00C3
    { 0x00C4, 30 }, // U+00C4
    { 0x00C5, 30 }, // U+00C5
    { 0x00C6, 30 }, // U+00C6
    { 0x00C7, 32 }, // U+00C7
    { 0x00C8, 31 }, // U+00C8
    { 0x00C9, 31 }, // U+00C9
    { 0x00CA, 31 }, // U+00CA
    { 0x00CB, 31 }, // U+00CB
    { 0x00CC, 31 }, // U+00CC
    { 0x00CD, 31 }, // U+00CD
    { 0x00CE, 70 }, // U+00CE
    { 0x00CF, 70 }, // U+00CF
    { 0x00D0, 71 }, // U+00D0
    { 0x00D1, 31 }, // U+00D1
    { 0x00D2, 32 }, // U+00D2
    { 0x00D3, 32 }, // U+00D3
    { 0x00D4, 32 }, // U+00D4
    { 0x00D5, 32 }, // U+00D5
    { 0x00D6, 32 }, // U+00D6
    { 0x00D7, 72 }, // U+00D7
    { 0x00D8, 32 }, // U+00D8
    { 0x00D9, 35 }, // U+00D9
    { 0x00DA, 35 }, // U+00DA
    { 0x00DB, 35 }, // U+00DB
    { 0x00DC, 35 }, // U+00DC
    { 0x00DD, 39 }, // U+00DD
    { 0x00DE, 31 }, // U+00DE
    { 0x00DF, 31 }, // U+00DF
    { 0x00E0, 43 }, // U+00E0
    { 0x00E1, 43 }, // U+00E1
    { 0x00E2, 43 }, // U+00E2
    { 0x00E3, 73 }, // U+00E3
    { 0x00E4, 74 }, // U+00E4
    { 0x00E5, 43 }, // U+00E5
    { 0x00E6, 43 }, // U+00E6
    { 0x00E7, 44 }, // U+00E7
    { 0x00E8, 44 }, // U+00E8
    { 0x00E9, 44 }, // U+00E9
    { 0x00EA, 44 }, // U+00EA
    { 0x00EB, 75 }, // U+00EB
    { 0x00EC, 76 }, // U+00EC
    { 0x00ED, 77 }, // U+00ED
    { 0x00EE, 78 }, // U+00EE
    { 0x00EF, 79 }, // U+00EF
    { 0x00F0, 44 }, // U+00F0
    { 0x00F1, 48 }, // U+00F1
    { 0x00F2, 44 }, // U+00F2
    { 0x00F3, 44 }, // U+00F3
    { 0x00F4, 44 }, // U+00F4
    { 0x00F5, 80 }, // U+00F5
    { 0x00F6, 75 }, // U+00F6
    { 0x00F7, 11 }, // U+00F7
    { 0x00F8, 44 }, // U+00F8
    { 0x00F9, 51 }, // U+00F9
    { 0x00FA, 51 }, // U+00FA
    { 0x00FB, 51 }, // U+00FB
    { 0x00FC, 81 }, // U+00FC
    { 0x00FD, 52 }, // U+00FD
    { 0x00FE, 31 }, // U+00FE
    { 0x00FF, 82 }, // U+00FF
    { 0x0100, 30 }, // U+0100
    { 0x0101, 83 }, // U+0101
    { 0x0102, 30 }, // U+0102
    { 0x0103, 43 }, // U+0103
    { 0x0104, 30 }, // U+0104
    { 0x0105, 43 }, // U+0105
    { 0x0106, 32 }, // U+0106
    { 0x0107, 44 }, // U+0107
    { 0x0108, 32 }, // U+0108
    { 0x0109, 44 }, // U+0109
    { 0x010A, 32 }, // U+010A
    { 0x010B, 44 }, // U+010B
    { 0x010C, 32 }, // U+010C
    { 0x010D, 44 }, // U+010D
    { 0x010E, 31 }, // U+010E
    { 0x010F, 44 }, // U+010F
    { 0x0110, 84 }, // U+0110
    { 0x0111, 44 }, // U+0111
    { 0x0112, 31 }, // U+0112
    { 0x0113, 44 }, // U+0113
    { 0x0114, 31 }, // U+0114
    { 0x0115, 44 }, // U+0115
    { 0x0116, 31 }, // U+0116
    { 0x0117, 44 }, // U+0117
    { 0x0118, 31 }, // U+0118
    { 0x0119, 44 }, // U+0119
    { 0x011A, 31 }, // U+011A
    { 0x011B, 44 }, // U+011B
    { 0x011C, 32 }, // U+011C
    { 0x011D, 44 }, // U+011D
    { 0x011E, 32 }, // U+011E
    { 0x011F, 44 }, // U+011F
    { 0x0120, 32 }, // U+0120
    { 0x0121, 44 }, // U+0121
    { 0x0122, 32 }, // U+0122
    { 0x0123, 44 }, // U+0123
    { 0x0124, 31 }, // U+0124
    { 0x0125, 31 }, // U+0125
    { 0x0126, 31 }, // U+0126
    { 0x0127, 85 }, // U+0127
    { 0x0128, 70 }, // U+0128
    { 0x0129, 86 }, // U+0129
    { 0x012A, 70 }, // U+012A
    { 0x012B, 87 }, // U+012B
    { 0x012C, 70 }, // U+012C
    { 0x012D, 79 }, // U+012D
    { 0x012E, 31 }, // U+012E
    { 0x012F, 46 }, // U+012F
    { 0x0130, 31 }, // U+0130
    { 0x0131, 46 }, // U+0131
    { 0x0133, 46 }, // U+0133
    { 0x0134, 33 }, // U+0134
    { 0x0135, 88 }, // U+0135
    { 0x0136, 31 }, // U+0136
    { 0x0137, 31 }, // U+0137
    { 0x0138, 48 }, // U+0138
    { 0x0139, 31 }, // U+0139
    { 0x013A, 31 }, // U+013A
    { 0x013B, 31 }, // U+013B
    { 0x013C, 31 }, // U+013C
    { 0x013D, 31 }, // U+013D
    { 0x013E, 31 }, // U+013E
    { 0x0140, 31 }, // U+0140
    { 0x0141, 31 }, // U+0141
    { 0x0142, 31 }, // U+0142
    { 0x0143, 31 }, // U+0143
    { 0x0144, 48 }, // U+0144
    { 0x0145, 31 }, // U+0145
    { 0x0146, 48 }, // U+0146
    { 0x0147, 31 }, // U+0147
    { 0x0148, 48 }, // U+0148
    { 0x014A, 31 }, // U+014A
    { 0x014B, 48 }, // U+014B
    { 0x014C, 32 }, // U+014C
    { 0x014D, 89 }, // U+014D
    { 0x014E, 32 }, // U+014E
    { 0x014F, 44 }, // U+014F
    { 0x0150, 32 }, // U+0150
    { 0x0151, 44 }, // U+0151
    { 0x0152, 32 }, // U+0152
    { 0x0153, 44 }, // U+0153
    { 0x0154, 31 }, // U+0154
    { 0x0155, 48 }, // U+0155
    { 0x0156, 31 }, // U+0156
    { 0x0157, 48 }, // U+0157
    { 0x0158, 31 }, // U+0158
    { 0x0159, 48 }, // U+0159
    { 0x015A, 5 }, // U+015A
    { 0x015B, 49 }, // U+015B
    { 0x015C, 5 }, // U+015C
    { 0x015D, 49 }, // U+015D
    { 0x015E, 5 }, // U+015E
    { 0x015F, 49 }, // U+015F
    { 0x0160, 5 }, // U+0160
    { 0x0161, 49 }, // U+0161
    { 0x0162, 90 }, // U+0162
    { 0x0163, 50 }, // U+0163
    { 0x0164, 91 }, // U+0164
    { 0x0165, 50 }, // U+0165
    { 0x0166, 92 }, // U+0166
    { 0x0167, 50 }, // U+0167
    { 0x0168, 35 }, // U+0168
    { 0x0169, 93 }, // U+0169
    { 0x016A, 35 }, // U+016A
    { 0x016B, 51 }, // U+016B
    { 0x016C, 35 }, // U+016C
    { 0x016D, 51 }, // U+016D
    { 0x016E, 35 }, // U+016E
    { 0x016F, 51 }, // U+016F
    { 0x0170, 35 }, // U+0170
    { 0x0171, 51 }, // U+0171
    { 0x0172, 35 }, // U+0172
    { 0x0173, 51 }, // U+0173
    { 0x0174, 37 }, // U+0174
    { 0x0175, 53 }, // U+0175
    { 0x0176, 39 }, // U+0176
    { 0x0177, 52 }, // U+0177
    { 0x0178, 39 }, // U+0178
    { 0x0179, 40 }, // U+0179
    { 0x017A, 55 }, // U+017A
    { 0x017B, 40 }, // U+017B
    { 0x017C, 55 }, // U+017C
    { 0x017D, 40 }, // U+017D
    { 0x017E, 55 }, // U+017E
    { 0x017F, 31 }, // U+017F
    { 0x01C5, 94 }, // U+01C5
    { 0x01C6, 44 }, // U+01C6
    { 0x01C8, 31 }, // U+01C8
    { 0x01C9, 31 }, // U+01C9
    { 0x01CB, 31 }, // U+01CB
    { 0x01CC, 48 }, // U+01CC
    { 0x01CD, 30 }, // U+01CD
    { 0x01CE, 43 }, // U+01CE
    { 0x01CF, 31 }, // U+01CF
    { 0x01D0, 95 }, // U+01D0
    { 0x01D1, 32 }, // U+01D1
    { 0x01D2, 44 }, // U+01D2
    { 0x01D3, 35 }, // U+01D3
    { 0x01D4, 51 }, // U+01D4
    { 0x01D5, 35 }, // U+01D5
    { 0x01D6, 51 }, // U+01D6
    { 0x01D7, 35 }, // U+01D7
    { 0x01D8, 51 }, // U+01D8
    { 0x01D9, 35 }, // U+01D9
    { 0x01DA, 51 }, // U+01DA
    { 0x01DB, 35 }, // U+01DB
    { 0x01DC, 51 }, // U+01DC
    { 0x01DD, 89 }, // U+01DD
    { 0x01DE, 30 }, // U+01DE
    { 0x01DF, 43 }, // U+01DF
    { 0x01E0, 30 }, // U+01E0
    { 0x01E1, 43 }, // U+01E1
    { 0x01E2, 30 }, // U+01E2
    { 0x01E3, 43 }, // U+01E3
    { 0x01E4, 32 }, // U+01E4
    { 0x01E5, 44 }, // U+01E5
    { 0x01E6, 32 }, // U+01E6
    { 0x01E7, 44 }, // U+01E7
    { 0x01E8, 31 }, // U+01E8
    { 0x01E9, 31 }, // U+01E9
    { 0x01EA, 32 }, // U+01EA
    { 0x01EB, 44 }, // U+01EB
    { 0x01EC, 32 }, // U+01EC
    { 0x01ED, 44 }, // U+01ED
    { 0x01EF, 50 }, // U+01EF
    { 0x01F0, 47 }, // U+01F0
    { 0x01F2, 31 }, // U+01F2
    { 0x01F3, 89 }, // U+01F3
    { 0x01F4, 32 }, // U+01F4
    { 0x01F5, 44 }, // U+01F5
    { 0x01F6, 94 }, // U+01F6
    { 0x01F8, 31 }, // U+01F8
    { 0x01F9, 48 }, // U+01F9
    { 0x01FA, 30 }, // U+01FA
    { 0x01FB, 43 }, // U+01FB
    { 0x01FC, 30 }, // U+01FC
    { 0x01FD, 43 }, // U+01FD
    { 0x01FE, 32 }, // U+01FE
    { 0x01FF, 44 }, // U+01FF
    { 0x0200, 30 }, // U+0200
    { 0x0201, 43 }, // U+0201
    { 0x0202, 30 }, // U+0202
    { 0x0203, 43 }, // U+0203
    { 0x0204, 31 }, // U+0204
    { 0x0205, 44 }, // U+0205
    { 0x0206, 31 }, // U+0206
    { 0x0207, 44 }, // U+0207
    { 0x0208, 70 }, // U+0208
    { 0x0209, 96 }, // U+0209
    { 0x020A, 70 }, // U+020A
    { 0x020B, 97 }, // U+020B
    { 0x020C, 32 }, // U+020C
    { 0x020D, 44 }, // U+020D
    { 0x020E, 32 }, // U+020E
    { 0x020F, 44 }, // U+020F
    { 0x0210, 31 }, // U+0210
    { 0x0211, 48 }, // U+0211
    { 0x0212, 31 }, // U+0212
    { 0x0213, 48 }, // U+0213
    { 0x0214, 35 }, // U+0214
    { 0x0215, 51 }, // U+0215
    { 0x0216, 35 }, // U+0216
    { 0x0217, 51 }, // U+0217
    { 0x0218, 5 }, // U+0218
    { 0x0219, 49 }, // U+0219
    { 0x021A, 34 }, // U+021A
    { 0x021B, 50 }, // U+021B
    { 0x021E, 31 }, // U+021E
    { 0x021F, 31 }, // U+021F
    { 0x2018, 98 }, // U+2018
    { 0x2019, 99 }, // U+2019
    { 0x201A, 100 }, // U+201A
    { 0x201B, 101 }, // U+201B
    { 0x201C, 98 }, // U+201C
    { 0x201D, 99 }, // U+201D
    { 0x201E, 100 }, // U+201E
    { 0x201F, 102 }, // U+201F
    { 0x2020, 58 }, // U+2020
    { 0x2021, 58 }, // U+2021
    { 0x2022, 103 }, // U+2022
    { 0x2023, 103 }, // U+2023
    { 0x2026, 104 }, // U+2026
    { 0x2034, 105 }, // U+2034
    { 0x2039, 59 }, // U+2039
    { 0x203A, 68 }, // U+203A
    { 0x203D, 28 }, // U+203D
    { 0x2043, 103 }, // U+2043
    { 0x2044, 106 }, // U+2044
    { 0x204A, 50 }, // U+204A
    { 0x204B, 31 }, // U+204B
    { 0x204C, 103 }, // U+204C
    { 0x204D, 48 }, // U+204D
    { 0x204F, 25 }, // U+204F
    { 0x2074, 107 }, // U+2074
    { 0x2077, 108 }, // U+2077
    { 0x2079, 109 }, // U+2079
    { 0x207E, 110 }, // U+207E
    { 0x207F, 111 }, // U+207F
    { 0x2080, 112 }, // U+2080
    { 0x2081, 112 }, // U+2081
    { 0x2082, 112 }, // U+2082
    { 0x2083, 112 }, // U+2083
    { 0x2084, 113 }, // U+2084
    { 0x2086, 112 }, // U+2086
    { 0x2087, 114 }, // U+2087
    { 0x2088, 112 }, // U+2088
    { 0x2089, 112 }, // U+2089
    { 0x208A, 112 }, // U+208A
    { 0x208B, 112 }, // U+208B
    { 0x208C, 112 }, // U+208C
    { 0x208D, 112 }, // U+208D
    { 0x208E, 112 }, // U+208E
    { 0x2091, 112 }, // U+2091
    { 0x2092, 112 }, // U+2092
    { 0x2093, 112 }, // U+2093
    { 0x2095, 112 }, // U+2095
    { 0x2096, 112 }, // U+2096
    { 0x2097, 112 }, // U+2097
    { 0x2098, 112 }, // U+2098
    { 0x2099, 112 }, // U+2099
    { 0x209A, 112 }, // U+209A
    { 0x209B, 112 }, // U+209B
    { 0x209C, 112 }, // U+209C
    { 0x20A1, 32 }, // U+20A1
    { 0x20A7, 31 }, // U+20A7
    { 0x20A8, 31 }, // U+20A8
    { 0x20A9, 57 }, // U+20A9
    { 0x20AB, 44 }, // U+20AB
    { 0x20B2, 32 }, // U+20B2
    { 0x20B4, 115 }, // U+20B4
    { 0x20B5, 32 }, // U+20B5
    { 0x20B8, 116 }, // U+20B8
    { 0x20BF, 31 }, // U+20BF
    { 0x2192, 11 }, // U+2192
    { 0x21D2, 27 }, // U+21D2
    { 0x2206, 30 }, // U+2206
    { 0x2212, 11 }, // U+2212
    { 0x221E, 117 }, // U+221E
    { 0x222B, 47 }, // U+222B
    { 0x2236, 25 }, // U+2236
    { 0x2248, 27 }, // U+2248
    { 0x2260, 27 }, // U+2260
    { 0x2264, 27 }, // U+2264
    { 0x2265, 27 }, // U+2265
};

static const int8_t inter_12_boldKernMatrix[] = {
       0,    0,    0,    0,    0,    0,  -13,    0,    0,    0,    0,  -36,    0,  -36,    0,    0,    0,    0,    0,  -25,    0,    0,    0,    0,    0,    0,    0,    0,    0,  -32,    0,    0,  -66,    0,    0,    0,    0,    0,    0,    0,    0,    0,    0,   -9,    0,    0,    0,    0,   -5,    0,    0,    0,    0,    0,    0,    0,    0,    0,    0,    0,    0,    0,    0,    0,    0,    0,    0,    0,    0,    0,    0,    0,    0,    0,   -9,    0,    0,    0,    0,   -9,    0,    0,    0,    0,    0,    0,    0,    0,   -9,    0,    0,    0,    0,    0,    0,    0,    0,    0,    0,    0,    0,    0,    0,  -36,    0,    0,    0,    0,    0,    0,    0,    0,    0,    0,    0,    0,    0,
       0,    0,    0,    0,    0,    0,    0,    0,    0,    0,    0,    0,    0,    0,    0,    0,    0,    0,    0,    0,    0,   -1,    0,    0,    0,    0,    0,    0,    0,   -6,    0,    0,    0,   -4,    0,    0,    0,   -6,    0,    0,    0,    0,    0,    0,    0,    0,    0,    0,    0,    0,    0,    0,    0,    0,    0,    0,    0,    0,    0,    0,    0,    0,    0,    0,    0,    0,    0,    0,    0,    0,    0,    0,    0,    0,    0,    0,    0,    0,   18,    0,    0,    0,    0,    0,    0,   18,   18,    0,    0,   -4,   -4,   -4,    0,    0,    0,    0,   18,    0,    0,    0,    0,    0,    0,    0,    0,    0,    0,    0,    0,    0,    0,    0,  -25,    0,    0,    0,    0,
       0,    0,    0,    0,    0,    0,    0,    0,    0,    0,    0,    0,    0,    0,    0,    0,    0,    0,    0,    0,    0,    0,    0,    0,    0,    0,    0,    0,    0,    0,    0,    0,    0,    0,    0,    0,    0,    0,    0,    0,    0,    0,    0,    0,    0,    0,    0,    0,    0,    0,    0,    0,    0,    0,    0,    0,    0,    0,    0,    0,    0,    0,    0,    0,    0,    0,    0,    0,    0,    0,    0,    0,    0,    0,    0,    0,    0,    0,    0,    0,    0,    0,    0,    0,    0,    0,    0,    0,    0,    0,    0,    0,    0,    0,    0,    0,    0,  -25,  -27,    0,    0,    0,    0,    0,  -27,    0,    0,    0,    0,    0,    0,    0,    0,    0,    0,    0,    0,
       0,    0,  -13,    0,    0,    0,    0,    0,    0,    0,    0,    0,    0,    0,    0,    0,    0,    0,    0,    0,    0,    0,    0,    0,    0,    0,    0,    0,    0,    0,    0,    0,    0,  -23,    0,  -25,  -16,    0,  -29,    0,    0,    0,    0,    0,    0,    0,    0,    0,    0,    0,    0,  -13,  -13,    0,    0,    0,    0,  -16,    0,    0,   -9,    0,    0,    0,    0,    0,    0,    0,    0,    0,    0,    0,    0,    0,    0,    0,    0,    0,    0,    0,    0,  -13,    0,    0,    0,    0,    0,    0,    0,  -23,  -23,  -23,    0,    0,    0,    0,    0,  -36,    0,    0,    0,    0,    0,    0,    0,    0,    0,    0,    0,    0,    0,    0,    0,    0,    0,    0,    0,
       0,    0,    0,    0,    0,    0,    0,    0,    0,    0,    0,    0,    0,    0,    0,    0,    0,    0,    0,    0,    0,    0,    0,    0,    0,    0,    0,    0,    0,    0,    6,    0,    0,    0,    0,    0,    0,    0,    0,    0,    0,    0,    0,   -2,    0,    0,    5,    6,    0,    0,    0,    0,    0,    0,    0,    0,    0,    0,    0,    0,    0,    0,    0,    0,    0,    0,    0,    0,    0,    0,    0,    0,    0,    0,   -2,    0,    0,    0,    0,   -2,    0,    0,    0,    0,    6,    0,    0,    5,   -2,    0,    0,    0,    0,    6,    0,   44,    0,    0,    0,    0,    0,    0,    0,    0,    0,    0,    0,    0,    0,    0,    0,    0,    0,    0,    0,    0,    0,
       0,    0,    0,    0,    0,    0,    0,    0,    0,    0,    0,    0,    0,    0,    0,    0,    0,    0,    0,    0,    0,    0,    0,    0,    0,    0,    0,    0,    0,    0,    0,    0,    0,    0,    0,    0,    0,    0,    0,    0,    0,    0,    0,    0,    0,    0,    0,    0,    0,    0,    0,    0,    0,    0,    0,    0,    0,    0,    0,    0,    0,    0,    0,    0,    0,    0,    0,    0,    0,    0,    0,    0,    0,    0,    0,    0,    0,    0,    0,    0,    0,    0,    0,    0,    0,    0,    0,    0,    0,    0,    0,    0,    0,    0,    0,    9,    0,  -13,    0,    0,    0,    0,    0,    0,    0,    0,    0,    0,    0,    0,    0,    0,    0,    0,    0,    0,    0,
       0,    0,    0,    0,    0,    0,  -13,    0,    0,    0,    0,  -54,    0,  -54,    0,    0,    0,    0,    0,  -18,    0,    0,    0,    0,    0,    0,    0,    0,   -5,  -38,    0,   -5,  -38,    0,    0,    0,    0,    0,    0,    0,    0,  -27,    0,    0,    0,    0,    0,    0,    0,    0,    0,    0,    0,    0,    0,    0,    0,    0,    0,    0,    0,    0,    0,    0,    0,    0,    0,    0,    0,    0,    7,    0,    0,    0,    0,    0,    0,    0,    0,    0,    0,    0,    0,    0,    0,    0,    0,    0,    0,    0,    0,    0,    0,    0,    0,    0,    0,    0,    0,    0,    0,    0,    0,  -54,    0,    0,    0,    0,    0,    0,    0,    0,    0,    0,    0,    0,    0,
       0,    0,    0,    0,    0,    0,    0,    0,    0,    0,    0,    0,    0,    0,    0,    0,    0,   -9,   -2,    0,    0,  -11,    0,    0,    0,    0,    0,    0,    0,  -13,    0,    0,  -18,  -31,    0,  -18,  -11,  -17,  -26,    0,    0,    0,    0,    0,    0,    0,    0,    0,    0,    0,    0,   -2,    0,   -9,    0,    0,    0,    0,    0,    0,    0,    0,    0,    0,   -3,    0,    0,    0,    0,    0,    0,    0,    0,    0,    0,    0,    0,    0,    0,    0,    0,   -2,    0,    0,    0,    0,    0,    0,    0,  -54,  -54,  -31,    0,    0,    0,    0,    0,  -12,    0,    0,    0,    0,    0,    0,    0,    0,    0,    0,    0,    0,    0,    0,    0,    0,    0,    0,    0,
     -12,   -5,  -40,    0,    0,    0,    0,    0,    0,    0,    0,    0,    0,    0,    0,  -12,  -38,    0,   -8,    0,   -3,  -11,  -10,   -5,    0,    0,    0,  -40,  -18,    0,    0,  -18,    0,  -13,    0,    0,    0,    0,  -26,    0,    0,    0,    0,    0,    0,    0,    0,    0,    0,    0,    0,    0,    0,    0,    0,    0,    0,    0,    0,    0,    0,    0,    0,    0,  -24,    0,    0,    0,    0,    0,    0,    0,    0,    0,    0,    0,    0,    0,    0,    0,    0,    0,    0,    0,    0,    0,    0,    0,    0,  -13,  -13,  -13,    0,    0,    0,    0,    0,    0,  -38,    0,  -54,  -54,    0,    0,  -38,    0,    0,    0,    0,    0,    0,    0,    0,    0,    0,    0,    0,
       0,    0,    0,    0,    0,    0,    0,    0,    0,    0,    0,  -16,    0,  -16,    0,    0,    0,    0,    0,    0,    0,    0,    0,    0,    0,    0,    0,    0,    0,  -13,    0,    0,  -25,    0,    0,    3,    3,    0,    0,    0,    0,    0,    0,    0,    0,    0,    0,    0,    0,    0,    0,    0,    0,    0,    0,    0,    0,    0,    0,    0,    0,    0,    0,    0,    0,    0,    0,    0,    0,    0,    0,    0,    0,    0,    0,    0,    0,    0,    0,    0,    0,    0,    0,    0,    0,    0,    0,    0,    0,    0,    0,    0,    0,    0,    0,   21,    0,    0,    0,    0,    0,    0,    0,  -16,    0,    0,    0,    0,    0,    0,    0,    0,    0,    0,    0,    0,    0,
       0,    0,    0,    0,    0,    0,    0,    0,    0,    0,    0,  -12,    0,  -12,    0,    0,    0,    0,    0,    0,    0,   -8,    0,    0,    0,    0,    0,    0,    0,   -3,    0,    0,    0,    0,    0,  -12,    0,  -15,  -13,    0,    0,  -18,    0,    0,    0,    0,    0,    0,    0,    7,    0,    0,    0,    0,    0,    0,    0,    0,    0,    0,    0,    0,    0,    0,    0,    0,    0,    0,    0,    0,    0,    0,    0,    0,    0,    0,    0,    0,    0,    0,    0,    0,    0,    0,    0,    0,    0,    0,    0,    0,    0,    0,    0,    0,    0,    0,    0,  -18,    0,  -20,    0,    0,    0,  -12,    0,    0,    0,    0,    0,    0,    0,    0,    0,    0,    0,    0,    0,
       0,    0,    0,    0,    0,    0,    0,    0,    6,    0,    0,    0,    0,    0,    0,    0,    0,    0,    0,    0,    0,    0,    0,    0,    0,    0,    0,    0,    0,    0,    0,    0,    0,    0,    0,    0,    0,    0,    0,    0,    0,    6,    0,    0,    0,    0,    0,    0,    0,    5,    0,    4,    0,    0,    0,    0,    0,    0,    0,    0,    0,    0,    0,    0,    0,    0,    0,    0,    0,    0,   14,    0,    0,    0,    0,    0,    0,    0,   27,    0,    0,    4,    0,   14,    0,   27,   27,    0,    0,    0,    0,    0,    0,    0,    0,   16,   27,    0,    0,    0,    0,    0,    0,    0,    0,    0,    0,    0,    0,    0,    0,    0,    0,    0,    0,    0,    0,
       0,    0,    0,    0,    0,    0,    0,    0,    0,    0,    0,    0,    0,    0,    0,    0,    0,    0,    0,   -6,    0,    0,    0,    0,    0,    0,    0,    0,    0,    0,    0,    0,    0,    0,    0,    0,    0,    0,    0,    0,    0,    0,    0,    0,    0,    0,    0,    0,    0,    0,    0,    0,    0,    0,    0,    0,    0,    0,    0,    0,    0,    0,    0,    0,    0,    0,    0,    0,    0,    0,    0,    0,    0,    0,    0,    0,    0,    0,    0,    0,    0,    0,    0,    0,    0,    0,    0,    0,    0,    0,    0,    0,    0,    0,    0,    0,    0,    0,    0,    0,    0,    0,    0,    0,    0,    0,    0,    0,    0,    0,    0,    0,    0,    0,    0,    0,    0,
       0,    0,    0,    0,    0,    0,    0,    0,    0,   -4,    0,   -8,    0,   -8,    0,    0,    0,    0,    0,    0,    0,    0,    0,    0,    0,    0,    0,    0,    0,    0,    0,    0,    0,    0,    0,    0,    0,   -9,    0,    0,   -4,    0,    0,    0,    0,    0,    0,    0,    0,    0,    0,    0,    0,    0,    0,    0,    0,    0,  -13,    0,    0,   -4,    0,    0,    0,    0,    0,    0,    0,    0,    0,    0,    0,    0,    0,    0,    0,    0,    0,    0,    0,    0,    0,    0,    0,    0,    0,    0,    0,    0,    0,    0,    0,    0,    0,    0,    0,    0,    0,  -20,    0,    0,    0,   -8,    0,    0,    0,    0,    0,    0,    0,    0,    0,    0,    0,    0,    0,
       0,    0,    0,    0,    0,    0,    0,    0,    0,  -16,    0,  -13,    0,  -13,    0,    0,  -16,    0,    0,    0,    0,   -4,    0,    0,    0,    0,    0,    0,    0,    0,    0,    0,    0,    0,    0,    0,    0,    0,    0,    0,  -16,    0,    0,    0,    0,    0,    0,    0,    0,   -3,    0,    0,    0,    0,    0,    0,    0,    0,    0,    0,   -2,  -16,    0,    0,  -18,    0,    0,    0,    0,    0,    0,    0,    0,    0,    0,    0,    0,    0,    0,    0,    0,    0,    0,    0,    0,    0,    0,    0,    0,    0,    0,    0,    0,    0,    0,    0,    0,    0,    0,    0,    0,    0,    0,  -13,    0,    0,    0,    0,    0,    0,    0,    0,    0,    0,    0,    0,    0,
       0,    0,    0,    0,    0,    0,    0,    0,    0,   -3,    0,   -9,    0,   -9,    0,    0,   -2,    0,    0,    0,    0,    0,    0,    0,    0,    0,    0,    0,    0,    0,    0,    0,    0,    0,    0,    0,    0,    0,    0,    0,   -3,    0,    0,    0,    0,    0,    0,    0,    0,   -1,    0,    0,    0,    0,    0,    0,    0,    0,    0,    0,   -2,   -3,    0,    0,    0,    0,    0,    0,    0,    0,    0,    0,    0,    0,    0,    0,    0,    0,    0,    0,    0,    0,    0,    0,    0,    0,    0,    0,    0,    0,    0,    0,    0,    0,    0,    0,    0,    0,    0,    0,    0,    0,    0,   -9,    0,    0,    0,    0,    0,    0,    0,    0,    0,    0,    0,    0,    0,
       0,    0,    0,    0,    0,    0,    0,    0,    0,    0,    0,  -12,    0,  -12,    0,    0,    0,    0,    0,    0,    0,    0,    0,    0,    0,    0,    0,    0,    0,    0,    0,    0,    0,    0,    0,    0,    0,    0,    0,    0,    0,  -18,    0,    0,    0,    0,    0,    0,    0,    0,    0,    0,    0,    0,    0,    0,    0,    0,    0,    0,    0,    0,    0,    0,    0,    0,    0,    0,    0,    0,    0,    0,    0,    0,    0,    0,    0,    0,    0,    0,    0,    0,    0,    0,    0,    0,    0,    0,    0,    0,    0,    0,    0,    0,    0,    0,    0,    0,    0,  -18,    0,    0,    0,  -12,    0,    0,    0,    0,    0,    0,    0,    0,    0,    0,    0,    0,    0,
       0,    0,    0,  -23,    0,    1,  -18,    0,    0,    2,    0,  -50,    0,  -50,    0,   -6,    0,    0,   -7,  -23,   -4,    8,   -6,   -4,  -13,  -36,    0,    0,    0,  -43,    0,    0,  -38,    0,    0,    0,    0,    0,    0,    0,    2,  -63,  -18,  -20,    0,    0,    0,  -20,  -18,    0,    0,    0,    0,    0,    0,    0,    0,    0,  -25,    0,    0,    2,    0,    0,    0,    0,    0,    0,    0,    0,    0,    0,  -18,  -18,  -20,    0,    0,    0,   36,  -20,    0,    0,  -18,    0,    0,   36,   36,    0,  -20,    0,    0,    0,    0,    0,    0,    0,   36,    0,    0,  -57,    0,    0,    0,  -50,    0,    0,    0,    0,    0,    0,    0,    0,  -17,    0,    0,    0,    0,
       0,    0,    0,    0,    0,    0,    0,    0,    0,    0,    0,    0,    0,    0,    0,    0,    0,    0,    0,    0,    0,    0,    0,    0,    0,    0,    0,    0,    0,    0,    0,    0,    0,  -13,    0,  -25,    0,    0,    0,    0,    0,    0,    0,    0,    0,    0,    0,    0,    0,    0,    0,    0,    0,    0,    0,    0,    0,    0,    0,    0,    0,    0,    0,    0,    0,    0,    0,    0,    0,    0,    0,    0,    0,    0,    0,    0,    0,    0,    0,    0,    0,    0,    0,    0,    0,    0,    0,    0,    0,  -13,  -13,  -13,    0,    0,    0,    0,    0,  -18,    0,    0,    0,    0,    0,    0,    0,    0,    0,    0,    0,    0,    0,    0,    0,    0,    0,    0,    0,
       0,    0,    0,    0,    0,    0,    0,    0,    0,    0,    0,    0,    0,    0,    0,    0,    0,    0,    0,    0,    0,    0,    0,    0,    0,    0,    0,    0,    0,  -20,    0,    0,    0,  -18,    0,  -27,  -25,  -20,  -38,    0,    0,    0,    0,    0,    0,    0,    0,    0,    0,    0,    0,  -16,    0,  -13,    0,    0,    0,    0,    0,    0,    0,    0,    0,    0,    0,    0,    0,    0,    0,    0,    0,    0,    0,    0,    0,    0,    0,    0,    0,    0,    0,  -16,    0,    0,    0,    0,    0,    0,    0,  -18,  -18,  -18,    0,    0,    0,    0,    0,  -23,    0,    0,    0,    0,    0,    0,    0,    0,    0,    0,    0,    0,    0,    0,    0,    0,    0,  -16,    0,
       0,    0,    0,    0,    0,    0,    0,    0,    0,    0,    0,    0,    0,    0,    0,    0,    0,    0,    0,    0,    0,  -29,    0,    0,    0,    0,    0,    0,    0,  -15,    0,    0,    0,  -32,    0,  -29,  -29,  -23,  -36,  -25,    0,    0,    0,    0,    0,    0,    0,    0,    0,    0,    0,    0,    0,    0,    0,    0,    0,    0,    0,    0,    0,    0,    0,    0,    0,    0,    0,    0,    0,    0,    0,    0,    0,    0,    0,    0,    0,    0,    0,    0,    0,    0,    0,    0,    0,    0,    0,    0,    0,  -32,  -32,  -32,    0,    0,    0,    0,    0,  -38,    0,    0,    0,    0,    0,    0,    0,    0,    0,    0,    0,    0,    0,    0,    0,    0,    0,  -29,    0,
       0,    0,    0,    0,    0,    0,    0,    0,    0,    0,    0,    0,    0,    0,    0,    0,    0,    0,    0,    0,    0,    0,    0,    0,    0,    0,    0,    0,    0,  -25,    0,    0,    0,    0,    0,    0,    0,    0,    0,    0,    0,    0,    0,    0,    0,    0,    0,    0,    0,    0,    0,    0,    0,    0,    0,    0,    0,    0,    0,    0,    0,    0,    0,    0,    0,    0,    0,    0,    0,    0,    0,    0,    0,    0,    0,    0,    0,    0,    0,    0,    0,    0,    0,    0,    0,    0,    0,    0,    0,    0,    0,    0,    0,    0,    0,    0,    0,    0,    0,    0,    0,    0,    0,    0,    0,    0,    0,    0,    0,    0,    0,    0,    0,    0,    0,    0,    0,
       0,    0,    0,    0,    0,    0,    0,    0,    0,    0,    0,  -18,    0,  -18,  -16,    0,    0,    0,    0,    0,    0,    0,    0,    0,    0,    0,    0,    0,    0,  -17,    0,    0,    0,  -13,    0,  -16,  -10,  -22,  -18,    0,    0,  -16,    0,    0,    0,    0,    0,    0,    0,    0,    0,    0,    0,    0,    0,    0,    0,    0,    0,    0,   -2,    0,    0,    0,    0,    0,    0,    0,    0,    0,    0,    0,    0,    0,    0,    0,    0,    0,    0,    0,    0,    0,    0,    0,    0,    0,    0,    0,    0,  -13,  -13,  -13,    0,    0,    0,   10,    0,  -13,    0,  -16,    0,    0,    0,  -18,    0,    0,    0,    0,    0,    0,    0,  -16,  -40,    0,    0,    0,    0,
       0,    0,  -32,    0,   -6,    0,    0,    0,    0,  -38,  -13,    0,  -13,    0,    5,   -3,  -24,    0,    0,    0,    0,    0,    0,    0,    0,  -15,  -20,  -25,  -17,    6,    0,  -17,    0,  -36,  -10,  -34,  -30,    0,  -34,    0,  -38,    0,    0,   -9,   -5,    1,    0,    0,   -4,  -12,    0,  -27,  -27,    0,    0,  -13,    0,  -29,  -13,  -13,  -28,  -38,    0,    0,  -21,  -13,    0,  -13,    0,    0,    0,  -13,    0,    0,   -9,    1,    1,    1,    0,   -9,    0,  -27,    0,    0,    0,    0,    0,    0,   -9,  -36,  -36,  -59,    0,    0,    1,    0,    0,  -52,  -41,    0,    0,    0,  -13,    0,  -41,   -5,    0,    0,    0,    0,    0,    0,    0,    0,    0,  -20,    0,
       0,    0,    0,    0,    0,    0,    0,    0,    0,    0,    0,    0,    0,    0,    0,    0,    0,    0,    0,    0,    0,    0,    0,    0,    0,    0,    0,    0,    0,    0,    0,    0,    0,  -20,    0,    0,    0,    0,    0,    0,    0,    0,    0,    0,    0,    0,    0,    0,    0,    0,    0,    0,    0,    0,    0,    0,    0,    0,    0,    0,    0,    0,    0,    0,    0,    0,    0,    0,    0,    0,    0,    0,    0,    0,    0,    0,    0,    0,   13,    0,    0,    0,    0,    0,    0,   13,   13,    0,    0,  -20,  -20,  -20,    0,    0,    0,    0,   13,  -23,    0,    0,    0,    0,    0,    0,    0,    0,    0,    0,    0,    0,    0,    0,    0,    0,    0,    0,    0,
       0,    0,    0,    0,    0,    0,    0,    0,    0,    0,    0,    0,    0,    0,    0,    0,    0,    0,    0,    0,    0,    0,    0,    0,    0,    0,    0,    0,    0,  -11,    0,    0,    0,    0,    0,    0,    0,   -6,    0,    0,    0,  -16,    0,    0,    0,    0,    0,    0,    0,    0,    0,    2,    0,    0,    0,    0,    0,    0,    0,    0,    0,    0,    0,    0,    0,    0,    0,    0,    0,    0,    0,    0,    0,    0,    0,    0,    0,    0,   13,    0,    0,    2,    0,    0,    0,   13,   13,    0,    0,    0,    0,    0,    0,    0,    0,    0,   13,    0,    0,    0,    0,    0,    0,    0,    0,    0,    0,    0,    0,    0,    0,    0,    0,    0,    0,    0,    0,
       0,    0,    0,    0,    0,    0,    0,    0,    0,    0,    0,    0,    0,    0,    0,    0,    0,    0,    0,    0,    0,    0,    0,    0,    0,    0,    0,    0,    0,    0,    0,    0,    0,    0,    0,    0,    0,    0,    0,    0,    0,    0,    0,    0,    0,    0,    0,    0,    0,    0,    0,    0,    0,    0,    0,    0,    0,    0,    0,    0,    0,    0,    0,    0,    0,    0,    0,    0,    0,    0,    0,    0,    0,    0,    0,    0,    0,    0,   29,    0,    0,    0,    0,    0,    0,   29,   29,    0,    0,    0,    0,    0,    0,    0,    0,   18,   29,    0,    0,    0,    0,    0,    0,    0,    0,    0,    0,    0,    0,    0,    0,    0,    0,    0,    0,    0,    0,
       0,    0,    0,    0,    0,    0,    0,    0,    0,    0,    0,  -16,    0,  -29,   -3,    0,    0,    0,    0,    0,    0,    0,    0,    0,    0,    0,    0,    0,    0,  -36,    0,    0,  -27,    0,    0,    0,    0,    0,    0,    0,    0,  -13,   -7,  -10,    0,    0,    0,   -7,    0,    0,  -13,  -13,    0,    0,  -13,    0,    0,    0,    0,    0,    0,    0,    0,  -13,    0,    0,    0,    0,    0,    0,    0,    0,   -7,   -7,  -10,    0,    0,    0,    0,  -10,  -13,  -13,   -7,    0,    0,    0,    0,    0,  -10,    0,    0,    0,  -13,    0,    0,   37,    0,    0,    0,  -48,    0,    0,    0,  -50,    0,    0,    0,    0,    0,    0,    0,    0,  -10,    0,    0,    0,    0,
       0,    0,    0,    0,    0,    0,    0,    0,    0,    0,    0,    0,    0,    0,    0,    0,    0,    0,    0,    0,    0,    0,    0,    0,    0,    0,    0,    0,    0,  -12,    0,    0,    0,  -12,    0,   -9,    0,   -6,  -11,    0,    0,    0,    0,    0,    0,    0,    0,    0,    0,    0,    0,    0,    0,    0,    0,    0,    0,    0,    0,    0,    0,    0,    0,    0,    0,    0,    0,    0,    0,    0,    0,    0,    0,    0,    0,    0,    0,    0,   13,    0,    0,    0,    0,    0,    0,   13,   13,    0,    0,  -12,  -12,  -12,    0,    0,    0,   14,   13,    0,    0,    0,    0,    0,    0,    0,    0,    0,    0,    0,    0,    0,    0,    0,    0,    0,    0,    0,    0,
       0,    0,    0,    0,    0,    0,    0,    0,    0,    0,    0,  -13,    0,  -13,  -23,    0,    0,    0,    0,    0,    0,    0,    0,    0,    0,    0,    0,    0,    0,  -10,    0,    0,    0,    0,    0,    0,    0,    0,    0,    0,    0,  -20,    0,    0,    0,    0,    0,    0,    0,    0,    0,    0,    0,    0,    0,    0,    0,    0,    0,    0,    0,    0,    0,    0,    0,    0,    0,    0,    0,    0,    0,    0,    0,    0,    0,    0,    0,    0,    0,    0,    0,    0,    0,    0,    0,    0,    0,    0,    0,    0,    0,    0,    0,    0,    0,   16,    0,    0,    0,  -32,    0,    0,    0,  -13,    0,    0,    0,    0,    0,    0,    0,    0,    0,    0,    0,    0,    0,
       0,    0,    0,    0,   -6,    0,    0,    0,    0,    0,  -31,    0,  -31,    0,    0,    0,    0,    0,    0,    0,    0,    0,    0,    0,    0,  -27,  -13,    0,  -17,    0,    0,  -17,    0,    0,    0,    0,    0,    0,    0,    0,    0,    0,    0,  -16,    0,    2,    0,    0,    0,    0,  -13,  -16,  -25,    0,    0,  -31,    0,    0,  -20,  -51,   -6,    0,    0,  -13,    0,  -49,    0,    0,    0,    0,    0,  -13,    0,    0,  -16,    2,    2,    2,   34,  -16,  -13,  -16,    0,    0,    0,   34,   34,    0,  -16,    0,    0,    0,  -13,    0,    2,   34,   34,    0,    0,    0,    0,    0,  -13,    0,    0,    0,    0,    0,    0,    0,    0,    0,    0,    0,    0,    0,  -13,
       0,    0,  -36,    0,    0,    0,    0,    0,    0,  -68,  -27,    0,  -47,    0,    0,    0,  -18,    0,    0,    0,    0,    0,    0,    0,    0,    0,    0,   -3,  -11,    0,    0,  -11,    0,  -37,    0,  -31,  -15,    0,  -39,    0,  -52,    0,    0,    0,    0,    0,    0,    0,    0,   -9,    0,  -27,    0,    0,    0,  -42,    0,  -38,  -25,  -79,  -32,  -70,    0,    0,  -32,  -52,    0,    0,    0,    0,    0,  -13,    0,    0,    0,    0,    0,    0,    0,    0,    0,  -27,    0,    0,    0,    0,    0,    0,    0,  -37,  -37,  -37,    0,    0,    0,    0,    0,  -34,  -35,    0,  -18,  -18,  -13,    0,  -62,    0,    0,    0,    0,    0,    0,    0,    0,    0,    0,    0,    0,
       0,    0,    0,    0,    0,    0,  -13,    0,    0,    0,   -8,  -16,   -8,  -29,    0,    0,    0,    0,    0,    0,    0,    0,    0,    0,    0,    0,    0,    0,    0,  -33,    0,    0,  -38,   -1,    0,    0,    0,    0,    0,    0,    0,    0,   -6,   -5,    0,    0,    0,    0,    0,    0,    0,    0,    0,    0,    0,   -8,    0,    0,    0,   -8,    0,    0,    0,    0,    0,   -8,    0,    0,    0,    0,    0,    0,   -6,   -6,   -5,    0,    0,    0,    0,   -5,    0,    0,   -6,    0,    0,    0,    0,    0,   -5,   -1,   -1,   -1,    0,    0,    0,    0,    0,    0,    0,  -57,    0,    0,    0,  -54,    0,    0,    0,    0,    0,    0,    0,    0,  -15,    0,    0,    0,    0,
       0,    0,    0,    0,    0,    0,    0,    0,    0,    0,    0,    0,    0,    0,    0,    0,    0,    0,    0,    0,    0,    0,    0,    0,    0,    0,    0,    0,    0,    0,    0,    0,    0,   -2,    0,   -8,    0,    0,  -12,    0,    0,    0,   -3,   -6,    0,    0,    0,    0,    0,    0,    0,    0,    0,    0,    0,    0,    0,    0,    0,    0,    0,    0,    0,    0,    0,    0,    0,    0,    0,    0,    0,    0,   -3,   -3,   -6,    0,    0,    0,   18,   -6,    0,    0,   -3,    0,    0,   18,   18,    0,   -6,   -2,   -2,   -2,    0,    0,    0,    0,   18,    0,    0,    0,    0,    0,    0,    0,    0,    0,    0,    0,    0,    0,    0,    0,    0,    0,    0,    0,    0,
       0,    0,    0,    0,   -2,    0,  -13,    0,    0,    0,  -23,  -13,  -23,  -13,  -52,  -13,    0,    0,    0,  -27,    0,  -32,    0,    0,  -13,  -32,  -13,    0,  -13,  -36,    0,  -13,  -36,    0,    0,    0,    0,    0,    3,    0,    0,  -23,  -32,  -35,   -1,    0,    0,  -24,  -31,  -37,  -32,  -27,  -27,  -14,  -21,  -23,    0,    0,  -52,  -23,    0,    0,    0,  -73,    0,  -55,    0,  -20,    0,    0,    0,  -13,  -48,  -48,  -55,    0,    0,    0,   36,  -55,  -57,  -40,  -32,    0,    0,   36,   36,    0,  -35,    0,    0,    0,  -48,    0,    0,   57,   36,    0,    0,  -48,    0,    0,  -13,  -47,    0,    0,    0,    0,    0,    0,    0,    0,  -23,    0,    0,    0,    0,
       0,    0,    0,    0,    0,    0,  -20,    0,    0,    0,  -23,  -38,  -23,  -38,  -22,  -12,    0,    0,    0,  -13,    0,    0,    0,    0,  -25,  -29,  -25,    0,  -30,  -34,    0,  -16,  -38,    0,    0,    6,    0,    0,    0,    0,    0,  -32,  -25,  -26,    0,    0,    0,   -6,  -18,    0,    0,    0,    0,    0,    0,  -23,    0,    0,  -23,  -48,    0,    0,    0,    0,    0,  -39,    0,    0,  -12,    0,    0,  -16,  -25,  -41,  -26,    0,    0,    0,   34,  -44,    0,    0,  -25,    0,    0,   34,   34,    0,  -26,    0,    0,    0,    0,    0,    0,   16,   34,    0,    0,  -45,    0,    0,  -16,  -38,    0,    0,    0,    0,    0,    0,    0,  -57,  -61,    0,    0,    0,    0,
       0,    0,    0,    0,   -2,    0,  -20,    0,    0,    0,  -17,  -38,  -17,  -38,  -12,    0,    0,    0,    0,  -13,    0,    0,    0,    0,  -20,  -29,  -25,    0,  -10,  -30,    0,  -10,  -25,    0,    0,    2,    8,    0,    0,    0,    0,    0,  -23,  -21,    0,    0,    0,  -13,  -13,    0,    0,    0,    0,    0,    0,  -17,    0,    0,  -23,  -17,    0,    0,    0,    0,    0,  -30,    0,    0,  -12,    0,    0,    0,  -23,  -23,  -21,    0,    0,    0,    0,  -21,    0,    0,  -23,    0,    0,    0,    0,    0,  -21,    0,    0,    0,    0,    0,    0,   34,    0,    0,    0,  -43,    0,    0,    0,  -38,    0,    0,    0,    0,    0,    0,    0,  -40,  -45,    0,    0,    0,    0,
       0,    0,    0,    0,   -6,    0,    0,    0,    0,    0,  -17,    0,  -17,    0,    0,  -15,    0,    0,   -9,  -16,    0,    0,   -9,    0,    0,  -23,  -20,    0,  -22,    0,    0,  -22,    0,  -12,    0,    0,    0,    0,    0,    0,    0,    0,  -23,  -11,    0,    0,    0,    0,    0,    0,    0,    0,    0,    0,    0,  -30,    0,    0,  -16,  -37,   -3,    0,    0,    0,    0,  -35,    0,    0,    0,    0,    0,  -18,  -23,  -23,  -11,    0,    0,    0,    0,  -11,    0,    0,  -23,    0,    0,    0,    0,    0,  -11,  -12,  -12,  -12,    0,    0,    0,   34,    0,    0,    0,    0,    0,    0,  -18,    0,    0,    0,    0,    0,    0,    0,    0,    0,    0,    0,  -13,    0,    0,
       0,    0,    0,    0,    0,    0,  -25,    0,    0,    0,  -26,  -26,  -26,  -26,    0,    0,    0,    0,    0,  -27,    0,    0,    0,    0,  -25,  -41,  -38,    0,  -18,  -34,    0,  -18,  -13,    3,    0,    0,    0,    0,    0,    0,    0,    0,  -42,  -45,    0,   -8,    0,  -19,  -27,    0,  -16,    0,    0,    0,    0,  -26,    0,    0,  -36,  -46,   -3,    0,    0,  -16,    0,  -46,    0,  -25,    0,    0,    0,  -34,  -69,  -62,  -45,   -8,  -23,   -8,    0,  -45,  -16,    0,  -79,    0,    0,    0,    0,    0,  -67,    3,    3,    3,  -16,    0,   -8,   34,    0,    0,    0,  -43,    0,    0,  -16,  -64,    0,    0,    0,    0,    0,    0,    0,  -70,  -75,    0,    0,    0,  -13,
       0,    0,    0,    0,    0,    0,    0,    0,    0,    0,  -15,    0,  -15,    0,    0,    0,    0,    0,    0,    0,    0,    0,    0,    0,    0,  -25,    0,    0,  -13,    0,    0,  -13,    0,    0,    0,    0,    0,    0,    0,    0,    0,    0,    0,    0,    0,    0,    0,    0,    0,    0,    0,    0,    0,    0,    0,  -15,    0,    0,  -13,  -15,    0,    0,    0,    0,    0,  -28,    0,    0,    0,    0,    0,    0,    0,    0,    0,    0,    0,    0,   34,    0,    0,    0,    0,    0,    0,   34,   34,    0,    0,    0,    0,    0,    0,    0,    0,   13,   34,    0,    0,    0,    0,    0,    0,    0,    0,    0,    0,    0,    0,    0,    0,    0,    0,    0,    0,    0,    0,
       0,    0,    0,    0,    0,    0,    0,    0,    0,    0,    0,    0,    0,    0,    0,    0,    0,    0,    0,    0,    0,    0,    0,    0,    0,    0,    0,    0,    0,    0,    6,    0,    0,    0,    0,    0,    0,    0,    0,    0,    0,    0,    0,   -2,    0,    0,    5,    6,    0,    0,    0,    0,    0,    0,    0,    0,    0,    0,    0,    0,    0,    0,    0,    0,    0,    0,    0,    0,    0,    0,    0,    0,    0,    0,   -2,    0,    0,    0,    0,   -2,    0,    0,    0,    0,    6,    0,    0,    5,   -2,    0,    0,    0,    0,    6,    0,   35,    0,    0,    0,    0,    0,    0,    0,    0,    0,    0,    0,    0,    0,    0,    0,    0,    0,    0,    0,    0,    0,
       0,    0,  -32,    0,   -6,    0,    0,    0,    0,  -38,  -13,    0,  -13,    0,    5,   -3,  -24,    0,    0,    0,    0,    0,    0,    0,    0,  -15,  -20,  -25,  -17,    6,    0,  -17,    0,  -52,  -10,  -56,  -53,    0,  -34,    0,  -38,    0,    0,   -9,   -5,    1,    0,    0,   -4,  -12,    0,  -47,  -27,    0,    0,  -13,    0,  -29,  -13,  -13,  -28,  -38,    0,    0,  -21,  -13,    0,  -13,    0,    0,    0,  -13,    0,    0,   -9,    1,    1,    1,    0,   -9,    0,  -47,    0,    0,    0,    0,    0,    0,   -9,  -52,  -52,  -52,    0,    0,    1,    0,    0,  -69,  -63,    0,    0,    0,  -13,    0,  -63,   -5,    0,    0,    0,    0,    0,    0,    0,    0,    0,  -20,    0,
       0,    0,    0,    0,    0,    0,    0,    0,    0,  -27,    0,    0,    0,    0,    0,  -18,  -43,    0,  -18,  -23,  -18,    0,  -18,  -18,    0,    0,    0,    0,  -16,    0,   11,  -16,    0,  -23,  -16,  -32,    0,    0,    0,    0,  -27,    0,    0,    0,    0,    5,   38,   12,    0,    0,    0,  -32,    0,    0,    0,    0,    0,    0,    0,    0,    0,  -27,    0,    0,  -18,    0,    0,    0,    0,    0,    0,    0,    0,    0,    0,    5,    5,    5,    0,    0,    0,  -32,    0,    0,   11,    0,    0,   38,    0,  -23,  -23,  -23,    0,   11,    5,    0,    0,  -16,    0,    0,    0,    0,    0,    0,    0,    0,    0,    0,    0,    0,    0,    0,    0,    0,    0,  -20,    0,
       0,    0,  -10,    0,    0,    0,    0,    0,    0,    0,    0,    0,    0,    0,    0,    0,  -16,    0,    0,    0,    0,    0,    0,    0,    0,    0,    0,    0,    0,    0,    0,    0,    0,  -31,    0,  -20,  -20,    0,  -39,    0,    0,    0,    0,    0,    0,    0,    0,    0,    0,    0,    0,   -7,    0,    0,    0,    0,    0,    0,    0,    0,   -3,    0,    0,    0,    0,    0,    0,    0,    0,    0,    0,    0,    0,    0,    0,    0,    0,    0,    0,    0,    0,   -7,    0,    0,    0,    0,    0,    0,    0,  -31,  -31,  -31,    0,    0,    0,    2,    0,  -18,  -11,    0,    0,    0,    0,    0,  -11,    0,    0,    0,    0,    0,    0,    0,    0,    0,    0,    0,    0,
       0,    0,  -10,    0,    0,    0,    0,    0,   -5,    0,    0,    0,    0,    0,    0,    0,  -13,    0,    0,    0,    0,    0,    0,    0,    0,    0,    0,    0,    0,  -13,    0,    0,    0,  -35,    0,  -26,  -21,  -11,  -46,    0,    0,    0,    4,    0,    0,    0,    0,    0,    0,    0,    0,   -7,   -5,   -9,   -8,    0,    0,  -13,    0,    0,   -4,    0,    0,    0,    0,    0,    0,    0,    0,    0,    0,    0,    4,    4,    0,    0,    0,    0,    0,    0,    0,   -7,    4,    0,    0,    0,    0,    0,    0,  -35,  -35,  -35,    0,    0,    0,   16,    0,  -25,   -9,    0,    0,    0,    0,    0,   -9,    0,    0,    0,    0,    0,    0,    0,    0,    0,    0,    0,    0,
       0,    0,    0,    0,    0,    0,    0,    0,    0,    0,   -8,  -23,   -8,  -23,   -5,    0,    0,    0,    0,  -25,    0,    0,    0,    0,    0,    0,    0,    0,    0,  -13,    0,    0,  -25,    0,    0,    0,    0,    0,    2,    0,    0,   -6,   -8,   -8,  -18,    3,    2,    0,   -7,  -16,    0,    0,    8,    0,    0,   -8,    0,    0,  -16,   -8,    0,    0,    0,    0,    0,   -8,    0,    0,    0,    0,    0,   -7,   -8,   -8,   -8,    3,    3,    3,   41,   -8,    0,    0,   -8,    0,    0,   41,   56,    2,   -8,    0,    0,    0,    0,    0,    3,   18,   54,    0,    0,  -36,    0,    0,   -7,  -23,    0,    0,    0,    0,    0,    0,    0,    0,   -7,    0,    0,    0,    0,
       0,    0,    0,    0,    0,    0,    0,    0,    0,    0,    0,    0,    0,    0,    0,    0,    0,    0,    0,    0,    0,    0,    0,    0,    0,    0,    0,    0,    0,    0,    0,    0,    0,  -20,    0,    0,    0,    0,    0,    0,    0,    0,    0,    0,    0,    0,    4,    0,    0,    0,    0,    0,    0,    0,    0,    0,    0,    0,    0,    0,    0,    0,    0,    0,    0,    0,    0,    0,    0,    0,    0,    0,    0,    0,    0,    0,    0,    0,    0,    0,    0,    0,    0,    0,    0,    0,    0,    4,    0,  -20,  -20,  -20,    0,    0,    0,    0,    0,    0,    0,    0,    0,    0,    0,    0,    0,    0,    0,    0,    0,    0,    0,    0,    0,    0,    0,    0,    0,
       0,    0,    0,    0,    0,    0,    0,    0,    1,    0,    0,    0,    0,    0,    0,    0,    0,    0,    0,    0,    0,    0,    0,    0,    0,    0,    0,    0,    0,    0,    0,    0,    0,    0,    0,    0,    0,    0,    0,    0,    0,    0,    0,    0,    0,    0,    0,    0,    0,    1,    0,    0,    0,    0,    0,    0,    1,    0,    0,    0,    0,    0,    0,    0,    0,    0,    0,    0,    0,    0,    0,    0,    0,    0,    0,    0,    0,    0,   26,    0,    0,    0,    0,    0,    0,   40,   26,    0,    0,    0,    0,    0,    0,    0,    0,   35,   40,    0,    0,    0,    0,    0,    0,    0,    0,    0,    0,    0,    0,    0,    0,    0,    0,    0,    0,    0,    0,
       0,    0,    0,    0,    0,    0,    0,    0,    0,    0,  -23,    0,  -23,    0,    0,    0,    0,    0,    0,  -18,    0,    0,    0,    0,    0,  -34,    0,    0,    0,    0,    0,    0,    0,  -23,    0,    0,    0,    0,    0,    0,    0,    0,    0,   -9,    0,    0,    0,    0,    0,    0,    0,    3,    0,    0,    0,  -23,    0,    0,  -20,  -50,    0,    0,    0,    0,    0,  -23,    0,    0,    0,    0,    0,    0,    0,    0,   -9,    0,    0,    0,    0,   -9,    0,    3,    0,    0,    0,    0,    0,    0,   -9,  -23,  -23,  -23,    0,    0,    0,    0,    0,    0,    0,    0,    0,    0,    0,    0,    0,    0,    0,    0,    0,    0,    0,    0,    0,    0,    0,    0,    0,
       0,    0,    0,    0,    0,    0,    0,    0,    0,    0,  -13,  -25,  -13,  -25,  -12,    0,    0,    0,    0,    0,    0,    0,    0,    0,    0,  -14,    0,    0,    0,  -16,    5,    0,  -23,  -23,    0,    0,    0,    0,    0,  -13,    0,    0,   -5,   -8,    8,    2,    5,    3,    0,    8,    0,    6,    4,    6,    0,  -13,    0,    0,    0,  -25,    0,    0,    0,    0,    0,  -13,    0,    0,    0,    0,    0,    0,   -5,   -5,   -8,    2,    2,    2,    5,   -8,    0,    6,   -5,    0,    5,    5,    5,    5,   -8,  -23,  -23,  -23,    0,    5,    2,   14,    5,  -16,    6,  -32,    0,    0,    0,  -25,    6,    0,    0,    0,    0,    0,    0,    0,   -9,    0,    0,    0,    0,
       0,    0,   -5,    0,    0,    0,    0,    0,    0,    0,    0,    0,    0,    0,    0,    0,    0,    0,    0,    0,    0,    0,    0,    0,    0,    0,    0,    0,    0,    0,    0,    0,    0,  -29,    0,  -18,  -13,    0,  -29,    0,    0,    0,    0,    0,    0,    0,    0,    0,    0,    1,    0,   -1,    0,    0,    0,    0,    0,    0,    0,    0,   -3,    0,    0,    0,    0,    0,    0,    0,    0,    0,    0,    0,    0,    0,    0,    0,    0,    0,    0,    0,    0,   -1,    0,    0,    0,    0,    0,    0,    0,  -29,  -29,  -29,    0,    0,    0,    2,    0,  -20,    0,   -2,    0,    0,    0,    0,    0,    0,    0,    0,    0,    0,    0,    0,    0,    0,    0,    0,    0,
       0,    0,    0,    0,    0,    0,    0,    0,    0,    0,   -7,    0,   -7,    0,    0,    0,    0,    0,    0,   -3,    0,    0,    0,    0,    0,  -11,    0,    0,    0,    0,    1,    0,    0,  -13,    0,   -2,   -2,    0,   -3,    0,    0,    0,    2,   -4,  -13,    0,    3,    0,   -3,   -7,    0,    9,    8,    0,    0,   -7,    0,    0,    0,   -7,    0,    0,    0,    0,    0,   -7,    0,    0,    0,    0,    0,   -2,    2,    2,   -4,    0,    0,    0,    0,   -4,    0,    9,    2,    0,    1,    0,    0,    3,   -4,  -13,  -13,  -13,    0,    1,    0,   18,    0,  -16,    6,    0,    0,    0,   -2,    0,    6,    0,    0,    0,    0,    0,    0,    0,    6,    0,    0,    0,    0,
       0,    0,    0,    0,    0,    0,    0,    0,    0,    0,  -15,    0,  -15,    0,  -13,    0,    0,    0,    0,    0,    0,    0,    0,    0,    0,  -16,    0,    0,    0,    0,    0,    0,    0,  -20,    0,    0,    0,    0,  -23,    0,    0,  -13,    0,    0,    0,    0,    0,    0,    0,    0,    0,    0,    0,    0,    0,  -15,    0,    0,    0,  -28,    0,    0,    0,    0,    0,  -15,    0,    0,    0,    0,    2,    0,    0,    0,    0,    0,    0,    0,    0,    0,    0,    0,    0,    9,    0,    0,    0,    0,    0,  -20,  -50,  -20,    0,    0,    0,    0,    0,  -16,    6,    0,    0,    0,    0,    0,    6,    0,    0,    0,    0,    0,    0,    0,  -12,    0,    0,    0,    0,
       0,    0,    0,    0,    0,    0,    0,    0,    0,    0,  -14,  -18,  -14,  -18,  -23,    0,    0,    0,    0,    0,    0,    0,    0,    0,    0,  -13,  -16,    0,    0,  -27,    1,    0,  -25,  -13,    0,    0,    0,    0,  -13,    0,    0,  -32,   -5,   -7,    6,    0,    0,    0,   -1,    7,    0,    0,    0,    0,    0,  -14,    0,    0,  -16,  -14,    0,    0,    0,    0,    0,  -14,    0,    0,    0,    0,    0,    0,   -5,   -5,   -7,    0,    0,    0,    8,   -7,    0,    0,   -5,    0,    1,    8,    8,    0,   -7,  -13,  -38,  -13,    0,    1,    0,    1,    8,    0,    3,  -32,    0,    0,    0,  -48,    3,    0,    0,    0,    0,    0,    0,    0,   -9,    0,    0,    0,    0,
       0,    0,    0,    0,    0,    0,  -13,    0,    0,    0,    0,  -29,    0,  -29,    0,    0,    0,    0,    0,    0,    0,    0,    0,    0,    0,    0,    0,    0,    0,  -27,    0,    0,  -23,  -20,    0,    0,    0,    0,    0,  -13,    0,    0,   -2,   -5,    0,    0,    0,    0,    0,    0,    0,    0,    0,    0,    0,    0,    0,    0,  -13,    0,    0,    0,    0,    0,    0,    0,    0,    0,    0,    0,    0,    0,   -2,   -2,   -5,    0,    0,    0,    0,   -5,    0,    0,   -2,    0,    0,    0,    0,    0,   -5,  -20,  -20,  -20,    0,    0,    0,    0,    0,    0,    4,  -32,    0,    0,    0,  -29,    4,    0,    0,    0,    0,    0,    0,    0,    0,    0,    0,    0,    0,
       0,    0,    0,    0,    0,    0,    0,    0,    0,    0,   -9,    0,   -9,    0,    0,    0,    0,    0,    0,    0,    0,    0,    0,    0,    0,    0,  -13,    0,    0,    0,    0,    0,    0,  -13,    0,    0,    0,    0,    0,    0,    0,    0,   -2,   -9,    6,    0,    0,    0,    0,    6,    0,    0,    0,    0,    0,   -9,    0,    0,  -13,   -9,    0,    0,    0,    0,    0,   -9,    0,    0,    0,    0,    0,    0,   -2,   -2,   -9,    0,    0,    0,    0,   -9,    0,    0,   -2,    0,    0,    0,    0,    0,   -9,  -13,  -13,  -13,    0,    0,    0,    0,    0,    0,    0,    0,    0,    0,    0,    0,    0,    0,    0,    0,    0,    0,    0,    0,    0,    0,    0,    0,    0,
       0,    0,    0,    0,    0,    0,    0,    0,    0,    0,    0,    0,    0,    0,    0,    0,    0,    0,    0,    0,    0,    0,    0,    0,    0,    0,    0,    0,    0,    0,    0,    0,    0,  -13,    0,    0,    0,    0,    0,    0,    0,    0,    0,   -8,    0,    0,    0,    0,    0,    0,    0,    0,    0,    0,    0,    0,    0,    0,    0,    0,    0,    0,    0,    0,    0,    0,    0,    0,    0,    0,    0,    0,    0,    0,   -8,    0,    0,    0,    0,   -8,    0,    0,    0,    0,    0,    0,    0,    0,   -8,  -13,  -13,  -13,    0,    0,    0,    0,    0,    0,    0,    0,    0,    0,    0,    0,    0,    0,    0,    0,    0,    0,    0,    0,    0,    0,    0,    0,    0,
       0,    0,    0,    0,    0,    0,    0,    0,    0,    0,    0,    0,    0,    0,    0,    0,    0,   -9,   -2,    0,    0,  -11,    0,    0,    0,    0,    0,    0,    0,  -13,    0,    0,  -18,  -31,    0,  -18,  -11,  -33,  -26,    0,    0,    0,    0,    0,    0,    0,    0,    0,    0,    0,    0,   -2,    0,   -9,    0,    0,    0,    0,    0,    0,    0,    0,    0,    0,   -3,    0,    0,    0,    0,    0,    0,    0,    0,    0,    0,    0,    0,    0,    0,    0,    0,   -2,    0,    0,    0,    0,    0,    0,    0,  -54,  -54,  -31,    0,    0,    0,    0,    0,  -12,    0,    0,    0,    0,    0,    0,    0,    0,    0,    0,    0,    0,    0,    0,    0,    0,    0,    0,    0,
       0,    0,    0,    0,    0,    0,    0,    0,    0,    0,    0,    0,    0,    0,    0,    0,    0,    0,    0,    0,    0,    0,    0,    0,    0,    0,    0,    0,    0,    0,    0,    0,    0,  -27,    0,  -13,    0,    0,  -27,    0,    0,    0,    0,    0,    0,    0,    0,    0,    0,    0,    0,    0,    0,    0,    0,    0,    0,    0,    0,    0,    0,    0,    0,    0,    0,    0,    0,    0,    0,    0,    0,    0,    0,    0,    0,    0,    0,    0,    0,    0,    0,    0,    0,    0,    0,    0,    0,    0,    0,  -27,  -27,  -27,    0,    0,    0,    0,    0,  -13,    0,    0,    0,    0,    0,    0,    0,    0,    0,    0,    0,    0,    0,    0,    0,    0,    0,    0,    0,
       0,    0,    0,    0,    0,    0,    0,    0,    0,    0,    0,    0,    0,    0,    0,    0,    0,    0,    0,    0,    0,    0,    0,    0,    0,    0,    0,    0,    0,    0,    0,    0,    0,    0,    0,    0,    0,    0,    0,    0,    0,    0,    0,    0,    0,   12,    0,    0,    0,    0,    0,    0,    0,    0,    0,    0,    0,    0,    0,    0,    0,    0,    0,    0,    0,    0,    0,    0,    0,    0,    0,    0,    0,    0,    0,   12,   12,   12,    0,    0,    0,    0,    0,    0,    0,    0,    0,    0,    0,    0,    0,    0,    0,    0,   12,   18,    0,    0,    0,    0,    0,    0,    0,    0,    0,    0,    0,    0,    0,    0,    0,    0,    0,    0,    0,    0,    0,
       0,    0,    0,    0,    0,    0,  -16,    0,    0,    0,    0,    0,    0,    0,    0,    0,    0,    0,    0,    0,    0,    0,    0,    0,    0,    0,    0,    0,    0,  -29,    0,    0,  -29,    0,    0,    0,    0,    0,    0,    0,    0,    0,    0,  -13,    0,    0,    0,    0,    0,    0,    0,    0,    0,    0,    0,    0,    0,    0,    0,    0,    0,    0,    0,    0,    0,    0,    0,    0,    0,    0,    0,    0,    0,    0,  -13,    0,    0,    0,    0,  -13,    0,    0,    0,    0,    0,    0,    0,    0,  -13,    0,    0,    0,    0,    0,    0,    0,    0,    0,    0,    0,    0,    0,    0,    0,    0,    0,    0,    0,    0,    0,    0,    0,    0,    0,    0,    0,    0,
       0,    0,    0,    0,    0,    0,    0,    0,    0,    0,    0,    0,    0,    0,    0,    0,    0,    0,    0,    0,    0,    0,    0,    0,    0,    0,    0,    0,    0,  -13,    0,    0,    0,  -20,    0,    0,    0,    0,  -25,    0,    0,    0,    0,    0,    0,    0,    0,    0,    0,    0,    0,    0,    0,    0,    0,    0,    0,    0,    0,    0,    0,    0,    0,    0,    0,    0,    0,    0,    0,    0,    0,    0,    0,    0,    0,    0,    0,    0,    0,    0,    0,    0,    0,    0,    0,    0,    0,    0,    0,  -20,  -20,  -20,    0,    0,    0,    0,    0,    0,    0,    0,    0,    0,    0,    0,    0,    0,    0,    0,    0,    0,    0,    0,    0,    0,    0,    0,    0,
       0,    0,    0,    0,    0,    0,    0,    0,    0,    0,    0,    0,    0,    0,    0,    0,    0,    0,    0,    0,    0,    0,    0,    0,    0,    0,    0,    0,    0,    0,    0,    0,    0,  -20,    0,    0,    0,    0,    0,    0,    0,    0,    0,    0,    0,    0,    0,    0,    0,    0,    0,    0,    0,    0,    0,    0,    0,    0,    0,    0,    0,    0,    0,    0,    0,    0,    0,    0,    0,    0,    0,    0,    0,    0,    0,    0,    0,    0,    0,    0,    0,    0,    0,    0,    0,    0,    0,    0,    0,  -20,  -20,  -20,    0,    0,    0,    0,    0,    0,    0,    0,    0,    0,    0,    0,    0,    0,    0,    0,    0,    0,    0,    0,    0,    0,    0,    0,    0,
       0,    0,    0,    0,    0,    0,  -13,    0,    0,    0,    0,    0,    0,    0,    0,    0,    0,    0,    0,  -20,    0,    0,    0,    0,    0,    0,    0,    0,   -2,  -28,    0,   -2,  -28,    0,    0,    0,    0,   -3,   -3,    0,    0,    0,   -4,  -11,    0,    0,    0,    0,   -4,    0,    0,    0,    0,    0,    0,    0,    0,    0,    0,    0,    0,    0,    0,    0,    0,    0,    0,    0,    0,    0,    0,    0,   -4,   -4,  -11,    0,    0,    0,    0,  -11,    0,    0,   -4,    0,    0,    0,    0,    0,  -11,    0,    0,    0,    0,    0,    0,    0,    0,    0,    0,    0,    0,    0,    0,    0,    0,    0,    0,    0,    0,    0,    0,    0,    0,    0,    0,    0,    0,
       0,    0,    0,    0,    0,    0,    0,    0,    0,    0,    0,    0,    0,    0,    0,    0,    0,    0,    0,    0,    0,    0,    0,    0,    0,    0,    0,    0,    0,    0,    0,    0,    0,    0,    0,    0,    0,    0,    0,    0,    0,    0,    0,    0,    0,    0,    0,    0,    0,    0,    0,    0,    0,    0,    0,    0,    0,    0,    0,    0,    0,    0,    0,    0,    0,    0,    0,    0,    0,    0,    0,    0,    0,    0,    0,    0,    0,    0,    0,    0,    0,    0,    0,    0,    0,    0,    0,    0,    0,    0,    0,    0,    0,    0,    0,    0,    0,    0,    0,    0,    0,    0,    0,    0,    0,    0,   -4,    0,    0,    0,    0,    0,    0,    0,    0,    0,    0,
       0,    0,    0,    0,    0,    0,    0,    0,    0,    0,    0,    0,    0,    0,    0,    0,    0,    0,    0,    0,    0,    0,    0,    0,    0,    0,    0,    0,    0,    0,    0,    0,    0,    0,    0,    0,    0,    0,    0,    0,    0,    0,    0,    0,    0,    0,    0,    0,    0,    0,    0,    0,    0,    0,    0,    0,    0,    0,    0,    0,    0,    0,    0,    0,    0,    0,    0,    0,    0,    0,    0,    0,    0,    0,    0,    0,    0,    0,    0,    0,    0,    0,    0,    0,    0,    0,    0,    0,    0,    0,    0,    0,    0,    0,    0,    0,    0,    0,    0,    0,    0,    0,    0,    0,    0,    0,    0,   -1,    0,    0,    0,    0,    0,    0,    0,    0,    0,
       0,    0,    0,    0,    0,    0,    0,    0,    0,    0,  -15,    0,  -15,    0,  -13,    0,    0,    0,    0,    0,    0,    0,    0,    0,    0,  -16,    0,    0,    0,    0,    0,    0,    0,  -20,    0,    0,    0,    0,  -23,    0,    0,  -13,    0,    0,    0,    0,    0,    0,    0,    0,    0,    0,    0,    0,    0,  -15,    0,    0,    0,  -28,    0,    0,    0,    0,    0,  -15,    0,    0,    0,    0,    2,    0,    0,    0,    0,    0,    0,    0,    0,    0,    0,    0,    0,    9,    0,    0,    0,    0,    0,  -20,  -50,  -20,    0,    0,    0,    0,    0,  -36,    6,    0,    0,    0,    0,    0,    6,    0,    0,    0,    0,    0,    0,    0,  -12,    0,    0,    0,    0,
       0,    0,    0,    0,    0,    0,    0,    0,    0,    0,    0,    0,    0,    0,    0,    0,    0,   -9,   -2,    0,    0,  -11,    0,    0,    0,    0,    0,    0,    0,  -13,    0,    0,  -18,  -62,    0,  -34,  -11,  -35,  -46,    0,    0,    0,    0,    0,    0,    0,    0,    0,    0,    0,    0,   -2,    0,   -9,    0,    0,    0,    0,    0,    0,    0,    0,    0,    0,   -3,    0,    0,    0,    0,    0,    0,    0,    0,    0,    0,    0,    0,    0,    0,    0,    0,   -2,    0,    0,    0,    0,    0,    0,    0,  -62,  -62,  -62,    0,    0,    0,    0,    0,  -12,    0,    0,    0,    0,    0,    0,    0,    0,    0,    0,    0,    0,    0,    0,    0,    0,    0,    0,    0,
       0,    0,    0,    0,    0,    0,    0,    0,    0,    0,    0,    0,    0,    0,    0,    0,    0,    0,    0,    0,    0,    0,    0,    0,    0,    0,    0,    0,    0,    0,    0,    0,    0,    0,    0,    0,    0,    0,    0,    0,    0,    0,    0,    0,    0,    0,    0,    0,    0,    0,    0,    0,    0,    0,    0,    0,    0,    0,    0,    0,    0,    0,    0,    0,    0,    0,    0,    0,    0,    0,    0,    0,    0,    0,    0,    0,    0,    0,    0,    0,    0,    0,    0,    0,    0,    0,    0,    0,    0,    0,    0,    0,    0,    0,    0,    0,    0,    0,    0,    0,    0,    0,    0,    0,    0,    0,    0,    0,    0,    5,    0,    0,    0,    0,    0,    0,    0,
       0,    0,    0,    0,    0,    0,    0,    0,    0,    0,    0,    0,    0,    0,    0,    0,  -16,  -20,  -18,    0,    0,  -20,  -13,    0,    0,    0,    0,    0,    0,  -13,    0,    0,    0,  -52,    0,  -25,  -23,  -16,  -36,  -13,    0,    0,    0,    0,    0,    0,    0,    0,    0,    0,    0,  -13,  -13,  -13,    0,    0,    0,    0,    0,    0,    0,    0,    0,    0,    0,    0,    0,    0,    0,    0,    0,    0,    0,    0,    0,    0,    0,    0,    0,    0,    0,  -13,    0,    0,    0,    0,    0,    0,    0,  -52,  -52,  -52,    0,    0,    0,    0,    0,  -34,    0,    0,    0,    0,    0,    0,    0,    0,    0,    0,    0,    0,    0,    0,    0,    0,    0,    0,    0,
       0,    0,    0,    0,    0,    0,    0,    0,    0,    0,    0,    0,    0,    0,    0,    0,    0,    0,    0,    0,    0,    0,    0,    0,    0,    0,    0,    0,    0,    0,    0,    0,    0,  -27,    0,  -48,  -40,    0,    0,    0,    0,    0,    0,    0,    0,    0,    0,    0,    0,    0,    0,    0,    0,    0,    0,    0,    0,    0,    0,    0,    0,    0,    0,    0,    0,    0,    0,    0,    0,    0,    0,    0,    0,    0,    0,    0,    0,    0,    0,    0,    0,    0,    0,    0,    0,    0,    0,    0,    0,  -27,  -27,  -27,    0,    0,    0,    0,    0,  -25,  -13,    0,    0,    0,    0,    0,  -13,    0,    0,    0,    0,    0,    0,    0,    0,    0,    0,    0,    0,
       0,    0,    0,    0,    0,    0,    0,    0,    0,    0,    0,    0,    0,    0,    0,    0,    0,    0,    0,    0,    0,    0,    0,    0,    0,    0,    0,    0,    0,    0,    0,    0,    0,    0,    0,    0,    0,    0,    0,    0,    0,    0,    0,    0,    0,    0,    0,    0,    0,    0,    0,    0,    0,    0,    0,    0,    0,    0,    0,    0,    0,    0,    0,    0,    0,    0,    0,    0,    0,    0,    0,    0,    0,    0,    0,    0,    0,    0,   16,    0,    0,    0,    0,    0,    0,   16,   16,    0,    0,    0,    0,    0,    0,    0,    0,   16,   16,    0,    0,    0,    0,    0,    0,    0,    0,    0,    0,    0,    0,    0,    0,    0,    0,    0,    0,    0,    0,
       0,    0,    0,    0,    0,    0,    0,    0,    0,    0,    0,    0,    0,    0,    0,    0,    0,    0,    0,    0,    0,    0,    0,    0,    0,    0,    0,    0,    0,  -13,    0,    0,    0,  -36,    0,  -16,    0,  -18,  -18,    0,    0,    0,    0,    0,    0,    0,    0,    0,    0,    0,    0,    0,    0,    0,    0,    0,    0,    0,    0,    0,    0,    0,    0,    0,    0,    0,    0,    0,    0,    0,    0,    0,    0,    0,    0,    0,    0,    0,    0,    0,    0,    0,    0,    0,    0,    0,    0,    0,    0,  -36,  -36,  -36,    0,    0,    0,    0,    0,    0,    0,    0,    0,    0,    0,    0,    0,    0,    0,    0,    0,    0,    0,    0,    0,    0,    0,  -13,    0,
       0,    0,    0,    0,    0,    0,    0,    0,    0,    0,    0,  -41,    0,  -41,    0,    0,    0,    0,    0,    0,    0,    0,    0,    0,    0,    0,    0,    0,    0,  -16,    0,    0,  -16,  -23,    0,  -20,    0,    0,    0,  -16,    0,    0,    0,    0,    0,    0,    0,    0,    0,    0,    0,    0,    0,    0,    0,    0,    0,    0,    0,    0,    0,    0,    0,    0,    0,    0,    0,    0,    0,    0,    0,    0,    0,    0,    0,    0,    0,    0,    0,    0,    0,    0,    0,    0,    0,    0,    0,    0,    0,  -23,  -23,  -23,    0,    0,    0,    0,    0,  -23,    0,  -50,    0,    0,    0,  -41,    0,    0,    0,    0,    0,    0,    0,    0,    0,    0,    0,    0,    0,
       0,    0,    0,    0,    0,    0,    0,    0,    0,    0,    0,    0,    0,    0,    0,    0,    0,    0,    0,    0,    0,    0,    0,    0,    0,    0,    0,    0,    0,    0,    0,    0,    0,  -20,    0,    0,    0,    0,    0,    0,    0,    0,    0,    0,    0,    0,    0,    0,    0,    0,    0,    0,    0,    0,    0,    0,    0,    0,    0,    0,    0,    0,    0,    0,    0,    0,    0,    0,    0,    0,    0,    0,    0,    0,    0,    0,    0,    0,   13,    0,    0,    0,    0,    0,    0,   13,   13,    0,    0,  -20,  -20,  -20,    0,    0,    0,    0,   13,  -50,    0,    0,    0,    0,    0,    0,    0,    0,    0,    0,    0,    0,    0,    0,    0,    0,    0,    0,    0,
       0,    0,    0,    0,    0,    0,    0,    0,    0,    0,    0,    0,    0,    0,    0,    0,    0,    0,    0,    0,    0,    0,    0,    0,    0,    0,    0,    0,    0,    0,    0,    0,    0,  -32,    0,    0,    0,    0,    0,    0,    0,    0,    0,    0,    0,    0,    0,    0,    0,    0,    0,    0,    0,    0,    0,    0,    0,    0,    0,    0,    0,    0,    0,    0,    0,    0,    0,    0,    0,    0,    0,    0,    0,    0,    0,    0,    0,    0,    0,    0,    0,    0,    0,    0,    0,    0,    0,    0,    0,  -32,  -32,  -32,    0,    0,    0,    0,    0,    0,    0,    0,    0,    0,    0,    0,    0,    0,    0,    0,    0,    0,    0,    0,    0,    0,    0,    0,    0,
       0,    0,    0,    0,    0,    0,    0,    0,    1,    0,    0,    0,    0,    0,    0,    0,    0,    0,    0,    0,    0,    0,    0,    0,    0,    0,    0,    0,    0,    0,    0,    0,    0,    0,    0,    0,    0,    0,    0,    0,    0,    0,    0,    0,    0,    0,    0,    0,    0,    1,    0,    0,    0,    0,    0,    0,    1,    0,    0,    0,    0,    0,    0,    0,    0,    0,    0,    0,    0,    0,    0,    0,    0,    0,    0,    0,    0,    0,   41,    0,    0,    0,    0,    0,    0,   42,   41,    0,    0,    0,    0,    0,    0,    0,    0,   30,   41,    0,    0,    0,    0,    0,    0,    0,    0,    0,    0,    0,    0,    0,    0,    0,    0,    0,    0,    0,    0,
       0,    0,    0,    0,    0,    0,    0,    0,    0,    0,    0,    0,    0,    0,    0,    0,   18,    0,    0,    0,    0,   36,    0,    0,    0,    0,    0,    0,    0,    0,   27,    0,    0,   36,    0,   34,    0,    0,    0,   36,    0,    0,    0,    0,   16,   26,   26,    5,    0,   20,    0,    0,    0,    0,    0,    0,    0,    0,    0,    0,    0,    0,    0,    0,    0,    0,    0,    0,    0,   16,    0,    0,    0,    0,    0,   39,   26,   39,   66,    0,    0,    0,    0,    0,   27,   66,   66,   39,    0,   36,   36,   36,    0,   56,   39,   20,   66,    0,    0,    0,    0,    0,    0,    0,    0,    0,    0,    0,    0,    0,    0,    0,    0,    0,    0,    0,    0,
       0,    0,  -10,    0,    0,    0,    0,    0,    0,    0,    0,    0,    0,    0,    0,    0,  -16,    0,    0,    0,    0,    0,    0,    0,    0,    0,    0,    0,    0,    0,    0,    0,    0,  -51,    0,  -20,  -20,    0,  -39,    0,    0,    0,    0,    0,    0,    0,    0,    0,    0,    0,    0,   -7,    0,    0,    0,    0,    0,    0,    0,    0,   -3,    0,    0,    0,    0,    0,    0,    0,    0,    0,    0,    0,    0,    0,    0,    0,    0,    0,    0,    0,    0,   -7,    0,    0,    0,    0,    0,    0,    0,  -51,  -51,  -51,    0,    0,    0,    2,    0,  -18,  -11,    0,    0,    0,    0,    0,  -11,    0,    0,    0,    0,    0,    0,    0,    0,    0,    0,    0,    0,
       0,    0,  -10,    0,    0,    0,    0,    0,   -5,    0,    0,    0,    0,    0,    0,    0,  -13,    0,    0,    0,    0,    0,    0,    0,    0,    0,    0,    0,    0,  -13,    0,    0,    0,  -55,    0,  -26,  -21,  -11,  -46,    0,    0,    0,    4,    0,    0,    0,    0,    0,    0,    0,    0,   -7,   -5,   -9,   -8,    0,    0,  -13,    0,    0,   -4,    0,    0,    0,    0,    0,    0,    0,    0,    0,    0,    0,    4,    4,    0,    0,    0,    0,    0,    0,    0,   -7,    4,    0,    0,    0,    0,    0,    0,  -55,  -55,  -55,    0,    0,    0,   16,    0,  -25,   -9,    0,    0,    0,    0,    0,   -9,    0,    0,    0,    0,    0,    0,    0,    0,    0,    0,    0,    0,
       0,    0,  -10,    0,    0,    0,    0,    0,    0,    0,    0,    0,    0,    0,    0,    0,  -16,    0,    0,    0,    0,    0,    0,    0,    0,    0,    0,    0,    0,    0,    0,    0,    0,  -60,    0,  -20,  -20,    0,  -39,    0,    0,    0,    0,    0,    0,    0,    0,    0,    0,    0,    0,   -7,    0,    0,    0,    0,    0,    0,    0,    0,   -3,    0,    0,    0,    0,    0,    0,    0,    0,    0,    0,    0,    0,    0,    0,    0,    0,    0,    0,    0,    0,   -7,    0,    0,    0,    0,    0,    0,    0,  -60,  -60,  -60,    0,    0,    0,    2,    0,  -18,  -11,    0,    0,    0,    0,    0,  -11,    0,    0,    0,    0,    0,    0,    0,    0,    0,    0,    0,    0,
       0,    0,   13,    0,    0,    0,    0,    3,   49,   23,    0,    0,    0,    0,    0,    0,   18,    0,    0,    0,    0,   18,    0,    0,    0,    0,    0,    0,    0,    0,   12,    0,    0,   16,    0,    0,    0,    0,    0,    0,   23,    0,    0,    0,    0,   16,   11,   11,    0,    0,    0,    0,    0,    0,    0,    0,    0,   16,    0,    0,    7,   23,    0,    0,    0,    0,    0,    0,    0,    0,    0,    0,    0,    0,    0,   16,   16,   32,   16,    0,    0,    0,    0,    0,   12,   16,   16,   11,    0,   16,   16,   16,    0,   12,   32,   18,   16,   13,    0,    0,    0,    0,    0,    0,    0,    0,    0,    0,    0,    0,    0,    0,   -7,    0,    0,    0,    0,
       0,    0,    0,    0,    0,    0,    0,    0,    0,    0,    0,    0,    0,    0,    0,    0,    0,    0,    0,    0,    0,    0,    0,    0,    0,    0,    0,    0,    0,    0,   14,    0,    0,   13,    0,    0,    0,    0,    0,    0,    0,    0,    0,    0,    0,   13,   16,    0,    0,    0,    0,    0,    0,    0,    0,    0,    0,    0,    0,    0,    0,    0,    0,    0,    0,    0,    0,    0,    0,    0,    0,    0,    0,    0,    0,   13,   13,   16,   16,    0,    0,    0,    0,    0,   16,   16,   16,   16,    0,   13,   13,   13,    0,   14,   13,   16,   16,    0,    0,    0,    0,    0,    0,    0,    0,    0,    0,    0,    0,    0,    0,    0,    0,    0,    0,    0,    0,
       0,    0,    0,    0,    0,    0,    0,    0,    0,    0,    0,    0,    0,    0,    0,    0,   18,    0,    0,    0,    0,   36,    0,    0,    0,    0,    0,    0,    0,    0,   27,    0,    0,   36,    0,   34,    0,    0,    0,   36,    0,    0,    0,    0,   16,   43,   39,    5,    0,   20,    0,    0,    0,    0,    0,    0,    0,    0,    0,    0,    0,    0,    0,    0,    0,    0,    0,    0,    0,   16,    0,    0,    0,    0,    0,   43,   43,   43,   66,    0,    0,    0,    0,    0,   27,   66,   66,   39,    0,   36,   36,   36,    0,   56,   43,   43,   66,    0,    0,    0,    0,    0,    0,    0,    0,    0,    0,    0,    0,    0,    0,    0,    0,    0,    0,    0,    0,
       0,    0,    0,    0,    0,    0,    0,    0,    0,    0,    0,    0,    0,    0,    0,    0,   18,    0,    0,    0,    0,   36,    0,    0,    0,    0,    0,    0,    0,    0,   27,    0,    0,   36,    0,   34,    0,    0,    0,   36,    0,    0,    0,    0,   16,   43,   43,    5,    0,   20,    0,    0,    0,    0,    0,    0,    0,    0,    0,    0,    0,    0,    0,    0,    0,    0,    0,    0,    0,   16,    0,    0,    0,    0,    0,   43,   43,   43,   66,    0,    0,    0,    0,    0,   27,   66,   66,   43,    0,   36,   36,   36,    0,   56,   43,   20,   66,    0,    0,    0,    0,    0,    0,    0,    0,    0,    0,    0,    0,    0,    0,    0,    0,    0,    0,    0,    0,
       0,    0,    0,    0,    0,    0,    0,    0,    0,    0,    0,    0,    0,    0,    0,    0,   18,    0,    0,    0,    0,   36,    0,    0,    0,    0,    0,    0,    0,    0,   27,    0,    0,   36,    0,   34,    0,    0,    0,   36,    0,    0,    0,    0,   16,   43,   26,    5,    0,   20,    0,    0,    0,    0,    0,    0,    0,    0,    0,    0,    0,    0,    0,    0,    0,    0,    0,    0,    0,   16,    0,    0,    0,    0,    0,   43,   43,   43,   66,    0,    0,    0,    0,    0,   27,   66,   66,   39,    0,   36,   36,   36,    0,   56,   43,   20,   66,    0,    0,    0,    0,    0,    0,    0,    0,    0,    0,    0,    0,    0,    0,    0,    0,    0,    0,    0,    0,
       0,    0,    0,    0,    0,    0,    0,    0,    1,    0,    0,    0,    0,    0,    0,    0,    0,    0,    0,    0,    0,    0,    0,    0,    0,    0,    0,    0,    0,    0,    0,    0,    0,    0,    0,    0,    0,    0,    0,    0,    0,    0,    0,    0,    0,    0,    0,    0,    0,    1,    0,    0,    0,    0,    0,    0,    1,    0,    0,    0,    0,    0,    0,    0,    0,    0,    0,    0,    0,    0,    0,    0,    0,    0,    0,    0,    0,    0,   41,    0,    0,    0,    0,    0,    0,   42,   41,    0,    0,    0,    0,    0,    0,    0,    0,   30,   42,    0,    0,    0,    0,    0,    0,    0,    0,    0,    0,    0,    0,    0,    0,    0,    0,    0,    0,    0,    0,
       0,    0,  -36,    0,    0,    0,    0,    0,    0,  -70,  -46,    0,  -46,    0,    0,    0,  -18,    0,    0,    0,    0,    0,    0,    0,    0,    0,    0,   -3,  -11,    0,    0,  -11,    0,  -37,    0,  -31,  -15,    0,  -39,    0,  -70,    0,    0,    0,    0,    0,    0,    0,    0,   -9,    0,  -27,    0,    0,    0,  -45,    0,  -38,  -25,  -46,  -32,  -70,    0,    0,  -32,  -46,    0,    0,    0,    0,    0,  -13,    0,    0,    0,    0,    0,    0,    0,    0,    0,  -27,    0,    0,    0,    0,    0,    0,    0,  -37,  -37,  -37,    0,    0,    0,    0,    0,  -34,  -35,    0,  -18,  -18,  -13,    0,  -62,    0,    0,    0,    0,    0,    0,    0,    0,    0,    0,    0,    0,
       0,    0,    0,    0,    0,    0,    0,    0,    6,    0,    0,    0,    0,    0,    0,    0,    0,    0,    0,    0,    0,    0,    0,    0,    0,    0,    0,    0,    0,    0,    0,    0,    0,    0,    0,    0,    0,    0,    0,    0,    0,    6,    0,    0,    0,    0,    0,    0,    0,    5,    0,    4,    0,    0,    0,    0,    0,    0,    0,    0,    0,    0,    0,    0,    0,    0,    0,    0,    0,    0,   14,    0,    0,    0,    0,    0,    0,    0,   27,    0,    0,    4,    0,   14,    0,   27,   27,    0,    0,    0,    0,    0,    0,    0,    0,   32,   27,    0,    0,    0,    0,    0,    0,    0,    0,    0,    0,    0,    0,    0,    0,    0,    0,    0,    0,    0,    0,
       0,    0,  -36,    0,    0,    0,    0,    0,    0,  -68,  -41,    0,  -41,    0,    0,    0,  -18,    0,    0,    0,    0,    0,    0,    0,    0,    0,    0,   -3,  -11,    0,    0,  -11,    0,  -37,    0,  -31,  -15,    0,  -39,    0,  -52,    0,    0,    0,    0,    0,    0,    0,    0,   -9,    0,  -27,    0,    0,    0,  -40,    0,  -38,  -25,  -41,  -32,  -70,    0,    0,  -32,  -41,    0,    0,    0,    0,    0,  -13,    0,    0,    0,    0,    0,    0,    0,    0,    0,  -27,    0,    0,    0,    0,    0,    0,    0,  -37,  -37,  -37,    0,    0,    0,    0,    0,  -34,  -35,    0,  -18,  -18,  -13,    0,  -62,    0,    0,    0,    0,    0,    0,    0,    0,    0,    0,    0,    0,
       0,    0,    0,    0,    0,    0,    0,    0,    0,    0,    0,    0,    0,    0,    0,    0,    0,    0,    0,    0,    0,    0,    0,    0,    0,    0,    0,    0,    0,    0,    0,    0,    0,    0,    0,    0,    0,    0,  -13,    0,    0,    0,    0,    0,    0,    0,    0,    0,    0,    0,    0,    0,    0,    0,    0,    0,    0,    0,    0,    0,    0,    0,    0,    0,    0,    0,    0,    0,    0,    0,    0,    0,    0,    0,    0,    0,    0,    0,    0,    0,    0,    0,    0,    0,    0,    0,    0,    0,    0,    0,    0,    0,    0,    0,    0,    0,    0,    0,    0,    0,    0,    0,    0,    0,    0,    0,    0,    0,    0,    0,    0,    0,    0,    0,    0,    0,    0,
       0,    0,    0,    0,    0,    0,    0,    0,    6,    0,    0,    0,    0,    0,    0,    0,    0,    0,    0,    0,    0,    0,    0,    0,    0,    0,    0,    0,    0,    0,    0,    0,    0,    0,    0,    0,    0,    0,    0,    0,    0,    6,    0,    0,    0,    0,    0,    0,    0,    5,    0,    4,    0,    0,    0,    0,    0,    0,    0,    0,    0,    0,    0,    0,    0,    0,    0,    0,    0,    0,   27,    0,    0,    0,    0,    0,    0,    0,   27,    0,    0,    4,    0,   13,    0,   27,   27,    0,    0,    0,    0,    0,    0,    0,    0,   16,   27,    0,    0,    0,    0,    0,    0,    0,    0,    0,    0,    0,    0,    0,    0,    0,    0,    0,    0,    0,    0,
       0,    0,  -36,    0,    0,    0,    0,    0,    0,  -66,  -27,    0,  -47,    0,    0,    0,  -18,    0,    0,    0,    0,    0,    0,    0,    0,    0,    0,   -3,  -11,    0,    0,  -11,    0,  -37,    0,  -31,  -15,    0,  -57,    0,  -66,    0,    0,    0,    0,    0,    0,    0,    0,   -9,    0,  -27,    0,    0,    0,  -42,    0,  -38,  -25,  -79,  -32,  -66,    0,    0,  -32,  -52,    0,    0,    0,    0,    0,  -13,    0,    0,    0,    0,    0,    0,    0,    0,    0,  -27,    0,    0,    0,    0,    0,    0,    0,  -37,  -37,  -37,    0,    0,    0,    0,    0,  -34,  -48,    0,  -18,  -18,  -13,    0,  -48,    0,    0,    0,    0,    0,    0,    0,    0,    0,    0,    0,    0,
       0,    0,    0,    0,    0,    0,    0,    0,    6,    0,    0,    0,    0,    0,    0,    0,    0,    0,    0,    0,    0,    0,    0,    0,    0,    0,    0,    0,    0,    0,    0,    0,    0,    0,    0,    0,    0,    0,    0,    0,    0,    6,    0,    0,    0,    0,    0,    0,    0,   13,    0,    4,    0,    0,    0,    0,    0,    0,    0,    0,    0,    0,    0,    0,    0,    0,    0,    0,    0,    0,   27,    0,    0,    0,    0,    0,    0,    0,   27,    0,    0,    4,    0,   13,    0,   27,   27,    0,    0,    0,    0,    0,    0,    0,    0,   16,   27,    0,    0,    0,    0,    0,    0,    0,    0,    0,    0,    0,    0,    0,    0,    0,    0,    0,    0,    0,    0,
       0,    0,    0,    0,   -2,    0,  -13,    0,    0,    0,  -39,  -13,  -39,  -13,  -52,  -13,    0,    0,    0,  -27,    0,  -32,    0,    0,  -13,  -32,  -13,    0,  -13,  -36,    0,  -13,  -36,    0,    0,    0,    0,    0,    3,    0,    0,  -23,  -32,  -35,   -1,    0,    0,  -24,  -31,  -37,  -56,  -27,  -27,  -34,  -37,  -39,    0,    0,  -52,  -39,    0,    0,    0,  -56,    0,  -39,    0,  -20,    0,    0,    0,  -13,  -48,  -48,  -55,    0,    0,    0,   36,  -55,  -56,  -40,  -32,    0,    0,   36,   36,    0,  -35,    0,    0,    0,  -56,    0,    0,   57,   36,    0,    0,  -48,    0,    0,  -13,  -47,    0,    0,    0,    0,    0,    0,    0,    0,  -23,    0,    0,    0,    0,
       0,    0,    0,    0,   -2,    0,  -13,    0,    0,    0,  -39,  -13,  -39,  -13,  -52,  -13,    0,    0,    0,  -27,    0,  -32,    0,    0,  -13,  -32,  -13,    0,  -13,  -36,    0,  -13,  -36,    0,    0,    0,    0,    0,    3,    0,    0,  -23,  -32,  -35,   -1,    0,    0,  -24,  -31,  -37,  -32,  -27,  -27,  -14,  -21,  -39,    0,    0,  -52,  -39,    0,    0,    0,  -73,    0,  -39,    0,  -20,    0,    0,    0,  -13,  -48,  -48,  -55,    0,    0,    0,   36,  -55,  -57,  -40,  -32,    0,    0,   36,   36,    0,  -35,    0,    0,    0,  -48,    0,    0,   57,   36,    0,    0,  -48,    0,    0,  -13,  -47,    0,    0,    0,    0,    0,    0,    0,    0,  -23,    0,    0,    0,    0,
       0,    0,    0,    0,   -2,    0,  -13,    0,    0,    0,  -23,  -13,  -23,  -13,  -52,  -13,    0,    0,    0,  -27,    0,  -32,    0,    0,  -13,  -32,  -13,    0,  -13,  -61,    0,  -13,  -84,    0,    0,    0,    0,    0,    3,    0,    0,  -23,  -32,  -35,   -1,    0,    0,  -24,  -31,  -37,  -32,  -27,  -27,  -14,  -21,  -23,    0,    0,  -52,  -23,    0,    0,    0,  -73,    0,  -55,    0,  -20,    0,    0,    0,  -13,  -48,  -48,  -55,    0,    0,    0,   36,  -55,  -57,  -40,  -32,    0,    0,   36,   36,    0,  -35,    0,    0,    0,  -48,    0,    0,   57,   36,    0,    0,  -48,    0,    0,  -13,  -47,    0,    0,    0,    0,    0,    0,    0,    0,  -37,    0,    0,    0,    0,
       0,    0,    0,    0,    0,    0,    0,    0,    0,    0,    0,    0,    0,    0,    0,    0,    0,    0,    0,    0,    0,    0,    0,    0,    0,    0,    0,    0,    0,    0,    0,    0,    0,    0,    0,    0,    0,    0,    0,    0,    0,    0,  -24,  -25,  -16,    0,    0,  -24,  -24,  -16,  -24,  -23,  -22,  -23,  -24,    0,    0,    0,    0,    0,    0,    0,    0,  -24,    0,    0,    0,    0,    0,    0,    0,    0,  -24,  -24,  -25,    0,    0,    0,    0,  -25,  -24,  -23,  -24,    0,    0,    0,    0,    0,  -25,    0,    0,    0,  -24,    0,    0,    0,    0,    0,    0,    0,    0,    0,    0,    0,    0,    0,    0,    0,    0,    0,    0,    0,    0,    0,    0,    0,    0,
       0,    0,    0,    0,    0,    0,    0,    0,    0,    0,    0,    0,    0,    0,    0,    0,    0,    0,    0,    0,    0,    0,    0,    0,    0,    0,    0,    0,    0,    0,    0,    0,    0,  -29,    0,    0,    0,    0,    0,    0,    0,    0,    0,   -8,    0,    0,    0,    0,    0,    0,    0,    0,    0,    0,    0,    0,    0,    0,    0,    0,    0,    0,    0,    0,    0,    0,    0,    0,    0,    0,    0,    0,    0,    0,   -8,    0,    0,    0,    0,   -8,    0,    0,    0,    0,    0,    0,    0,    0,   -8,  -29,  -29,  -29,    0,    0,    0,    0,    0,    0,    0,    0,    0,    0,    0,    0,    0,    0,    0,    0,    0,    0,    0,    0,    0,    0,    0,    0,    0,
       0,    0,    0,    0,    0,    0,    0,    0,    1,    0,    0,    0,    0,    0,    0,    0,    0,    0,    0,    0,    0,    0,    0,    0,    0,    0,    0,    0,    0,    0,    0,    0,    0,    0,    0,    0,    0,    0,    0,    0,    0,    0,    0,    0,    0,    0,    0,    0,    0,    1,    0,    0,    0,    0,    0,    0,    1,    0,    0,    0,    0,    0,    0,    0,    0,    0,    0,    0,    0,    0,    0,    0,    0,    0,    0,    0,    0,    0,   41,    0,    0,    0,    0,    0,    0,   41,   41,    0,    0,    0,    0,    0,    0,    0,    0,   42,   41,    0,    0,    0,    0,    0,    0,    0,    0,    0,    0,    0,    0,    0,    0,    0,    0,    0,    0,    0,    0,
       0,    0,  -10,    0,    0,    0,    0,    0,   -5,    0,    0,    0,    0,    0,    0,    0,  -13,    0,    0,    0,    0,    0,    0,    0,    0,    0,    0,    0,    0,  -13,    0,    0,    0,  -66,    0,  -26,  -21,  -11,  -46,    0,    0,    0,    4,    0,    0,    0,    0,    0,    0,    0,    0,   -7,   -5,   -9,   -8,    0,    0,  -13,    0,    0,   -4,    0,    0,    0,    0,    0,    0,    0,    0,    0,    0,    0,    4,    4,    0,    0,    0,    0,    0,    0,    0,   -7,    4,    0,    0,    0,    0,    0,    0,  -66,  -66,  -66,    0,    0,    0,   16,    0,  -25,   -9,    0,    0,    0,    0,    0,   -9,    0,    0,    0,    0,    0,    0,    0,    0,    0,    0,    0,    0,
       0,    0,    0,    0,    0,    0,    0,    0,    0,    0,    0,    0,    0,    0,    0,    0,    0,    0,    0,    0,    0,    0,    0,    0,    0,    0,    0,    0,    0,    0,    0,    0,    0,    0,    0,    0,    0,    0,    0,    0,    0,    0,    0,    0,    0,    0,    0,    0,    0,    0,    0,    0,    0,    0,    0,    0,    0,    0,    0,    0,    0,    0,    0,    0,    0,    0,    0,    0,    0,    0,    0,    0,    0,    0,    0,    0,    0,    0,    0,    0,    0,    0,    0,    0,    0,    0,    0,    0,    0,    0,    0,    0,    0,    0,    0,   13,    0,    0,    0,    0,    0,    0,    0,    0,    0,    0,    0,    0,    0,    0,    0,    0,    0,    0,    0,    0,    0,
       0,    0,    0,    0,    0,    0,    0,    0,    0,    0,  -15,    0,  -15,    0,  -13,    0,    0,    0,    0,    0,    0,    0,    0,    0,    0,  -16,    0,    0,    0,    0,    0,    0,    0,  -38,    0,    0,    0,    0,  -23,    0,    0,  -13,    0,    0,    0,    0,    0,    0,    0,    0,    0,    0,    0,    0,    0,  -15,    0,    0,    0,  -28,    0,    0,    0,    0,    0,  -15,    0,    0,    0,    0,    2,    0,    0,    0,    0,    0,    0,    0,    0,    0,    0,    0,    0,    9,    0,    0,    0,    0,    0,  -38,  -38,  -38,    0,    0,    0,    0,    0,  -16,    6,    0,    0,    0,    0,    0,    6,    0,    0,    0,    0,    0,    0,    0,  -12,    0,    0,    0,    0,
       0,    0,    0,    0,    0,    0,    0,    0,    0,    0,    0,    0,    0,    0,    0,    0,    0,    0,    0,    0,    0,    0,    0,    0,    0,    0,    0,    0,    0,    0,    0,    0,    0,    0,    0,    0,    0,    0,    0,    0,    0,    0,    0,    0,    0,    0,    0,    0,    0,    0,    0,    0,    0,    0,    0,    0,    0,    0,    0,    0,    0,    0,    0,    0,    0,    0,    0,    0,    0,    0,    0,    0,    0,    0,    0,    0,    0,    0,   16,    0,    0,    0,    0,    0,    0,   16,   16,    0,    0,    0,    0,    0,    0,    0,    0,   29,   16,    0,    0,    0,    0,    0,    0,    0,    0,    0,    0,    0,    0,    0,    0,    0,    0,    0,    0,    0,    0,
       0,    0,    0,    0,    0,    0,    0,    0,    1,    0,    0,    0,    0,    0,    0,    0,    0,    0,    0,    0,    0,    0,    0,    0,    0,    0,    0,    0,    0,    0,    0,    0,    0,    0,    0,    0,    0,    0,    0,    0,    0,    0,    0,    0,    0,    0,    0,    0,    0,    1,    0,    0,    0,    0,    0,    0,    1,    0,    0,    0,    0,    0,    0,    0,    0,    0,    0,    0,    0,    0,    0,    0,    0,    0,    0,    0,    0,    0,   41,    0,    0,    0,    0,    0,    0,   41,   41,    0,    0,    0,    0,    0,    0,    0,    0,   35,   41,    0,    0,    0,    0,    0,    0,    0,    0,    0,    0,    0,    0,    0,    0,    0,    0,    0,    0,    0,    0,
       0,    0,    0,    0,    0,    0,    0,    0,    0,    0,    0,    0,    0,    0,    0,    0,   18,    0,    0,    0,    0,   36,    0,    0,    0,    0,    0,    0,    0,    0,   27,    0,    0,   36,    0,   34,    0,    0,    0,   36,    0,    0,    0,    0,   16,   39,   43,    5,    0,   20,    0,    0,    0,    0,    0,    0,    0,    0,    0,    0,    0,    0,    0,    0,    0,    0,    0,    0,    0,   16,    0,    0,    0,    0,    0,   39,   39,   39,   66,    0,    0,    0,    0,    0,   27,   66,   66,   43,    0,   36,   36,   36,    0,   56,   39,   38,   81,    0,    0,    0,    0,    0,    0,    0,    0,    0,    0,    0,    0,    0,    0,    0,    0,    0,    0,    0,    0,
       0,    0,    0,    0,    0,    0,  -25,    0,    0,    0,    0,  -43,    0,  -43,  -38,    0,    0,    0,    0,  -25,    0,    0,    0,    0,    0,    0,    0,    0,    0,  -38,    0,    0,  -59,    0,    0,    0,    0,    0,    0,    0,    0,    0,    0,  -16,    0,    0,    0,    0,   -8,    0,    0,    0,    0,    0,    0,    0,    0,    0,    0,    0,    0,    0,    0,    0,    0,    0,    0,    0,  -25,    0,    0,    0,    0,    0,  -16,    0,    0,    0,    0,  -16,    0,    0,    0,    0,    0,    0,    0,    0,  -16,    0,    0,    0,    0,    0,    0,    0,    0,    0,    0,  -38,    0,    0,    0,  -43,    0,    0,    0,    0,    0,    0,    0,    0,    0,    0,    0,    0,    0,
       0,    0,    0,  -50,    0,    0,  -27,    0,    0,    0,  -21,  -52,  -21,  -52,  -57,  -18,    0,    0,    0,  -38,    0,  -25,  -16,    0,  -23,  -38,  -23,    0,  -23,  -55,    0,  -23,  -50,    0,    0,    0,    0,    0,    0,    0,    0,  -16,  -23,  -25,    0,    0,    0,  -12,  -28,    4,  -16,    4,    0,    0,    0,  -39,    0,    0,  -34,  -21,    0,    0,    0,  -34,   -4,  -21,    0,    0,  -27,    0,    0,    0,  -23,  -23,  -25,    0,    0,    0,    0,  -25,  -16,    4,  -23,    0,    0,    0,    0,    0,  -25,    0,    0,    0,  -16,    0,    0,    0,    0,    0,    0,    0,    0,    0,    0,  -52,    0,    0,    0,    0,    0,    0,    0,    0,    0,    0,    0,    0,    0,
       0,    0,    0,    0,    0,    0,    0,    0,    0,    0,    0,    0,    0,    0,    0,    0,  -27,    0,    0,    0,    0,    0,    0,    0,    0,    0,    0,    0,    0,    0,    0,    0,    0,  -38,    0,  -36,  -25,    0,  -43,    0,    0,    0,  -13,    0,    0,    0,    0,    0,    0,    0,    0,  -20,    0,    0,    0,    0,    0,    0,    0,    0,    0,    0,    0,    0,    0,    0,    0,    0,    0,    0,    0,    0,  -13,  -13,    0,    0,    0,    0,    0,    0,    0,  -20,  -13,    0,    0,    0,    0,    0,    0,  -38,  -38,  -38,    0,    0,    0,    0,    0,  -50,  -38,    0,    0,    0,    0,    0,  -38,    0,    0,    0,    0,    0,    0,    0,    0,    0,    0,    0,    0,
       0,    0,    0,    0,    0,    0,    0,    0,    0,    0,    0,    0,    0,    0,    0,    0,    0,    0,    0,    0,    0,    0,    0,    0,    0,    0,    0,    0,    0,  -13,    0,    0,    0,  -13,    0,  -16,    0,  -18,  -18,    0,    0,    0,    0,    0,    0,    0,    0,    0,    0,    0,    0,    0,    0,    0,    0,    0,    0,    0,    0,    0,    0,    0,    0,    0,    0,    0,    0,    0,    0,    0,    0,    0,    0,    0,    0,    0,    0,    0,    0,    0,    0,    0,    0,    0,    0,    0,    0,    0,    0,  -13,  -13,  -13,    0,    0,    0,    0,    0,    0,    0,    0,    0,    0,    0,    0,    0,    0,    0,    0,    0,    0,    0,    0,    0,    0,    0,  -13,    0,
     -12,   -5,  -40,    0,    0,    0,    0,    0,    0,    0,    0,    0,    0,    0,    0,  -12,  -38,    0,   -8,    0,   -3,  -11,  -10,   -5,    0,    0,    0,  -40,  -18,    0,    0,  -18,    0,  -13,    0,    0,    0,    0,  -26,    0,    0,    0,    0,    0,    0,    0,    0,    0,    0,    0,    0,    0,    0,    0,    0,    0,    0,    0,    0,    0,    0,    0,    0,    0,  -24,    0,    0,    0,    0,    0,    0,    0,    0,    0,    0,    0,    0,    0,    0,    0,    0,    0,    0,    0,    0,    0,    0,    0,    0,  -13,  -13,  -13,    0,    0,    0,    0,    0,    0,  -38,    0,  -54,  -73,    0,    0,  -38,    0,    0,    0,    0,    0,    0,    0,    0,    0,    0,    0,    0,
       0,    0,    0,    0,    0,    0,    0,    0,    0,    0,    0,    0,    0,    0,    0,    0,    0,    0,    0,    0,    0,    0,    0,    0,    0,    0,    0,    0,    0,    0,    0,    0,    0,    0,    0,    0,    0,    0,    0,    0,    0,    0,    0,    0,    0,    0,    0,    0,    0,    0,    0,    0,    0,    0,    0,    0,    0,    0,    0,    0,    0,    0,    0,    0,    0,    0,    0,    0,    0,    0,    0,    0,    0,    0,    0,    0,    0,    0,    0,    0,    0,    0,    0,    0,    0,    0,    0,    0,    0,    0,    0,    0,    0,    0,    0,    0,    0,    0,    0,    0,    0,    0,    0,    0,    0,    0,    0,    0,    0,    9,    0,    0,    0,    0,    0,    0,    0,
       0,    0,    0,    0,    0,    0,    0,    0,    0,    0,    0,    0,    0,    0,    0,    0,    0,    0,    0,    0,    0,    0,    0,    0,    0,    0,    0,    0,    0,    0,    0,    0,    0,    0,    0,    0,    0,    0,    0,    0,    0,    0,    0,    0,    0,    0,    0,    0,    0,    0,    0,    0,    0,    0,    0,    0,    0,    0,    0,    0,    0,    0,    0,    0,    0,    0,   -3,    0,    0,    0,    0,    0,    0,    0,    0,    0,    0,    0,    0,    0,    0,    0,    0,    0,    0,    0,    0,    0,    0,    0,    0,    0,    0,    0,    0,    0,    0,    0,    0,    0,    0,    0,    0,    0,    0,    0,    0,   -6,    0,    0,    0,    0,    0,    0,    0,    0,    0,
       0,    0,    0,    0,    0,    0,    0,    0,    0,    0,    0,    0,    0,    0,    0,    0,    0,    0,    0,    0,    0,    0,    0,    0,    0,    0,    0,    0,    0,    0,    0,    0,    0,    0,    0,    0,    0,    0,    0,    0,    0,    0,    0,    0,    0,    0,    0,    0,    0,    0,    0,    0,    0,    0,    0,    0,    0,    0,    0,    0,    0,    0,    0,    0,    0,    0,    0,    0,    0,    0,    0,    0,    0,    0,    0,    0,    0,    0,    0,    0,    0,    0,    0,    0,    0,    0,    0,    0,    0,    0,    0,    0,    0,    0,    0,    0,    0,    0,    0,    0,    0,    0,    0,    0,    0,    0,  -20,    5,   -3,    0,  -13,    0,    0,    0,    0,    0,    0,
       0,    0,    0,    0,    0,    0,    0,    0,    0,    0,    0,    0,    0,    0,    0,    0,    0,    0,    0,    0,    0,    0,    0,    0,    0,    0,    0,    0,    0,    0,    0,    0,    0,    0,    0,    0,    0,    0,    0,    0,    0,    0,    0,    0,    0,    0,    0,    0,    0,    0,    0,    0,    0,    0,    0,    0,    0,    0,    0,    0,    0,    0,   -6,    0,    0,    0,    0,    0,    0,    0,    0,    0,    0,    0,    0,    0,    0,    0,    0,    0,    0,    0,    0,    0,    0,    0,    0,    0,    0,    0,    0,    0,    0,    0,    0,    0,    0,    0,    0,    0,    0,    0,    0,    0,    0,    0,    0,   -7,    0,    0,    0,    0,    0,    0,    0,    0,    0,
       0,    0,    0,    0,    0,    0,    0,    0,    0,    0,    0,    0,    0,    0,    0,    0,    0,    0,    0,    0,    0,    0,    0,    0,    0,    0,    0,    0,    0,    0,    0,    0,    0,    0,    0,    0,    0,    0,    0,    0,    0,    0,    0,    0,    0,    0,    0,    0,    0,    0,    0,    0,    0,    0,    0,    0,    0,    0,    0,    0,    0,    0,    0,    0,    0,    0,    0,    0,    0,    0,    0,    0,    0,    0,    0,    0,    0,    0,    0,    0,    0,    0,    0,    0,    0,    0,    0,    0,    0,    0,    0,    0,    0,    0,    0,    0,    0,    0,    0,    0,    0,    0,    0,    0,    0,    0,    0,    0,    0,    0,    4,    0,    0,    0,    0,    0,    0,
       0,    0,    0,    0,    0,    0,    0,    0,    0,    0,    0,    0,    0,    0,    0,    0,  -17,    0,    0,    0,    0,    0,    0,    0,    0,    0,    0,    0,  -16,    0,    0,  -16,    0,  -23,    0,  -57,  -40,    0,  -70,    0,    0,    0,    0,    0,    0,    0,    3,    0,    0,    0,    0,   -9,    0,    0,    0,    0,    0,    0,    0,    0,    0,    0,    0,    0,    0,    0,    0,    0,    0,    0,    0,    0,    0,    0,    0,    0,    0,    0,    0,    0,    0,   -9,    0,    0,    0,    0,    0,    3,    0,  -23,  -23,  -37,    0,    0,    0,    0,    0,    0,    0,    0,    0,    0,    0,    0,    0,    0,    0,    0,    0,    0,    0,    0,  -11,   -6,    0,    0,    0,
       0,    0,    0,    0,    0,    0,    0,    0,    0,    0,    0,    0,    0,    0,    0,    0,    0,    0,    0,    0,    0,    0,    0,    0,    0,    0,    0,    0,    0,    0,    0,    0,    0,    0,    0,    0,    0,    0,    0,    0,    0,    0,    0,    0,    0,    0,    0,    0,    0,    0,    0,    0,    0,    0,    0,    0,    0,    0,    0,    0,    0,    0,    0,    0,    0,    0,    0,    0,    0,    0,    0,    0,    0,    0,    0,    0,    0,    0,    0,    0,    0,    0,    0,    0,    0,    0,    0,    0,    0,    0,    0,    0,    0,    0,    0,    0,    0,    0,    0,    0,    0,    0,    0,    0,    0,    0,    0,    0,    0,    0,    0,   -6,    0,    0,    0,    0,    0,
       0,    0,    0,    0,    0,    0,    0,    0,    0,    0,    0,    0,    0,    0,    0,    0,    0,    0,    0,    0,    0,    0,    0,    0,    0,    0,    0,    0,    0,    0,    0,    0,    0,    0,    0,    0,    0,    0,    0,    0,    0,    0,    0,    0,    0,    0,    0,    0,    0,    0,    0,    0,    0,    0,    0,    0,    0,    0,    0,    0,    0,    0,    0,    0,    0,    0,    0,    0,    0,    0,    0,    0,    0,    0,    0,    0,    0,    0,    0,    0,    0,    0,    0,    0,    0,    0,    0,    0,    0,    0,    0,    0,    0,    0,    0,    0,    0,    0,    0,    0,    0,    0,    0,    0,    0,    0,    0,    0,    0,    0,    0,    0,  -17,    0,    0,    0,    0,
       0,    0,    0,    0,    0,    0,    0,    0,    0,    0,    0,    0,    0,    0,    0,    0,    0,    0,    0,    0,    0,    0,    0,    0,    0,    0,    0,    0,    0,    0,    0,    0,    0,    0,    0,    0,    0,    0,    0,    0,    0,    0,    0,    0,    0,    0,    0,    0,    0,    0,    0,    0,    0,    0,    0,    0,    0,    0,    0,    0,    0,    0,    0,    0,    0,    0,    0,    0,    0,    0,    0,    0,    0,    0,    0,    0,    0,    0,    0,    0,    0,    0,    0,    0,    0,    0,    0,    0,    0,    0,    0,    0,    0,    0,    0,   16,    0,    0,    0,    0,    0,    0,    0,    0,    0,    0,    0,    0,    0,    0,    0,    0,    0,    0,    0,    0,    0,
       0,    0,    0,    0,    0,    0,    0,    0,    0,    0,    0,    0,    0,    0,    0,   -3,    0,    0,    0,    0,    0,    0,    0,    0,    0,    0,    0,    0,    0,    0,    0,    0,    0,    0,    0,    0,    0,    0,    0,    0,    0,    0,    0,    0,    0,    0,    0,    0,    0,    0,    0,    0,    0,    0,    0,    0,    0,    0,    0,    0,    0,    0,    0,    0,    0,    0,    0,    0,    0,    0,    0,    0,    0,    0,    0,    0,    0,    0,    0,    0,    0,    0,    0,    0,    0,    0,    0,    0,    0,    0,    0,    0,    0,    0,    0,    0,    0,    0,    0,    0,    0,    0,    0,    0,    0,    0,    0,    0,    0,    0,    0,    0,    0,    0,    0,    0,    0,
       0,    0,    0,    0,    0,    0,    0,    0,    0,    0,    0,  -27,    0,  -27,  -16,    0,    0,    0,    0,    0,    0,    0,    0,    0,    0,    0,    0,    0,    0,    0,    0,    0,    0,    0,    0,    0,    0,    0,    0,    0,    0,  -20,    0,    0,    0,    0,    0,    0,    0,    0,    0,    0,    0,    0,    0,    0,    0,    0,    0,    0,    0,    0,    0,    0,    0,    0,    0,    0,    0,    0,    0,    0,    0,    0,    0,    0,    0,    0,    0,    0,    0,    0,    0,    0,    0,    0,    0,    0,    0,    0,    0,    0,    0,    0,    0,    0,    0,    0,    0,    0,    0,    0,    0,  -27,    0,    0,    0,    0,    0,    0,    0,    0,    0,    0,    0,    0,    0,
};

static const EpdFontData inter_12_bold = {
    inter_12_boldBitmaps,
    inter_12_boldGlyphs,
    inter_12_boldIntervals,
    56,
    30,
    25,
    -7,
    true,
    inter_12_boldGroups,
    10,
    nullptr,
    inter_12_boldKernLeftClasses,
    inter_12_boldKernRightClasses,
    inter_12_boldKernMatrix,
    458,
    458,
    122,
    117,
    nullptr,
    0,
};
