/**
 * generated by fontconvert.py
 * name: opendyslexic_8_regular
 * size: 8
 * mode: 2-bit  compressed: true
 * Command used: fontconvert.py opendyslexic_8_regular 8 ../builtinFonts/source/OpenDyslexic/OpenDyslexic-Regular.otf --2bit --compress --exclude-intervals 0x0400,0x04FF --exclude-intervals 0x1EA0,0x1EF9 --exclude-intervals 0x01A0,0x01A1 --exclude-intervals 0x01AF,0x01B0
 */
#pragma once
#include "EpdFontData.h"

static const uint8_t opendyslexic_8_regularBitmaps[6962] = {
    0x6D, 0x56, 0x4D, 0x6C, 0x24, 0x47, 0x15, 0xFE, 0xAA, 0x7B, 0xD7, 0x1D, 0xB9, 0xD7, 0xEE, 0x3D,
    0x64, 0x95, 0x28, 0xF1, 0xCC, 0xEC, 0xC1, 0x42, 0x91, 0x18, 0x7B, 0xE6, 0x30, 0x42, 0x0E, 0xF4,
    0x7A, 0x0A, 0xED, 0x21, 0x37, 0xF0, 0x01, 0x83, 0x22, 0x0E, 0xF8, 0x00, 0x52, 0xF8, 0xD9, 0x78,
    0x0E, 0x13, 0xC5, 0x06, 0xC7, 0xD3, 0x62, 0x85, 0x90, 0xD8, 0x03, 0x83, 0x84, 0x94, 0x0B, 0x88,
    0x89, 0x14, 0x09, 0x36, 0x62, 0xB5, 0xED, 0xDD, 0x89, 0xEC, 0x05, 0xDB, 0x53, 0xCA, 0x1E, 0x23,
    0x85, 0x16, 0x8A, 0xC4, 0x89, 0x50, 0x22, 0x46, 0x41, 0x42, 0x51, 0x0A, 0x68, 0xA4, 0xC1, 0x19,
    0xBB, 0xF9, 0xAA, 0xC6, 0x3F, 0x09, 0xDA, 0x7A, 0x5F, 0xB7, 0xA7, 0xDD, 0x55, 0xAF, 0x5E, 0xBD,
    0xF7, 0xBE, 0xF7, 0x1A, 0xAD, 0xD4, 0x8E, 0x7E, 0x0E, 0xA4, 0x7D, 0x6C, 0x29, 0x2B, 0xFF, 0x52,
    0xAF, 0x29, 0x5C, 0x5D, 0x41, 0xAB, 0x87, 0x5E, 0x76, 0xF1, 0x6F, 0xEF, 0x36, 0x8B, 0x63, 0xF1,
    0x56, 0xE2, 0xDD, 0x94, 0x4F, 0xBC, 0xBA, 0x54, 0x14, 0xC3, 0x60, 0x12, 0x93, 0x53, 0x98, 0xBA,
    0x84, 0x0B, 0x17, 0x80, 0xC4, 0xA2, 0xF2, 0x5F, 0xBC, 0xF4, 0x23, 0xBC, 0x96, 0x58, 0x2C, 0x26,
    0x08, 0x86, 0x10, 0xBF, 0x82, 0xB8, 0x85, 0x9F, 0xFD, 0x14, 0xC5, 0x11, 0x9E, 0xD6, 0xF0, 0x12,
    0x78, 0x0A, 0x1C, 0x17, 0x29, 0x9F, 0x57, 0x97, 0x90, 0xEA, 0x06, 0x74, 0xDA, 0x42, 0xAF, 0x97,
    0xE1, 0xA5, 0x3F, 0x26, 0xA8, 0xFD, 0x78, 0x42, 0x62, 0xAA, 0xA6, 0x31, 0xD3, 0x68, 0xA1, 0xDE,
    0xAA, 0xA3, 0xD7, 0xAA, 0x0B, 0xD5, 0x48, 0x7D, 0x19, 0x25, 0xE2, 0x75, 0x4C, 0xDE, 0xC0, 0x63,
    0xC0, 0x93, 0xC0, 0x14, 0x10, 0x49, 0x7C, 0x2E, 0x9B, 0x5D, 0xE9, 0x37, 0xBA, 0x73, 0xED, 0x5E,
    0x68, 0xDA, 0xBE, 0x6E, 0x0E, 0xF2, 0x60, 0x58, 0xD5, 0x1C, 0x4B, 0xBE, 0x9C, 0xC4, 0x0C, 0x16,
    0xD0, 0x40, 0x4A, 0x31, 0xEE, 0xDE, 0xE2, 0xD3, 0x02, 0xAA, 0x28, 0xE1, 0x12, 0xD7, 0x87, 0x08,
    0xE0, 0x4B, 0x4A, 0xE2, 0x44, 0x86, 0x88, 0xF8, 0x26, 0x46, 0x1B, 0x82, 0x46, 0xFE, 0x10, 0xEB,
    0x77, 0x10, 0x64, 0x08, 0x87, 0x58, 0xBF, 0x05, 0x41, 0x9B, 0x25, 0x70, 0x19, 0xD4, 0x71, 0x86,
    0x41, 0x31, 0x5C, 0x7E, 0xF0, 0x95, 0x4F, 0xFE, 0x27, 0x8E, 0x17, 0x52, 0x79, 0x45, 0x16, 0xC9,
    0x37, 0x87, 0x43, 0x3E, 0xF6, 0x90, 0x09, 0xE5, 0x29, 0x3F, 0x09, 0xB8, 0xD9, 0x34, 0x95, 0x57,
    0xB9, 0x7D, 0x1B, 0x2B, 0x10, 0x5D, 0x4C, 0xCD, 0xA0, 0x11, 0xA0, 0xE5, 0x23, 0x7D, 0x28, 0xB7,
    0x1E, 0xCA, 0x7F, 0x3E, 0x4C, 0xD2, 0x20, 0xE9, 0x87, 0x72, 0xA3, 0x82, 0x66, 0x81, 0xDA, 0x11,
    0x82, 0x03, 0x7A, 0x69, 0xA0, 0x7E, 0xAD, 0xFC, 0x4F, 0xC9, 0x13, 0xEF, 0x0E, 0x8E, 0x06, 0x47,
    0x02, 0x9D, 0x61, 0x6F, 0x8E, 0x3A, 0x23, 0x5E, 0x31, 0x8C, 0x9F, 0x55, 0xE4, 0x60, 0xB9, 0xE0,
    0xE0, 0xA2, 0xCE, 0x10, 0x97, 0xE7, 0xE9, 0x1E, 0x87, 0x1B, 0x08, 0x19, 0xD1, 0x32, 0x68, 0x01,
    0xD1, 0x5D, 0x45, 0x71, 0x8C, 0x41, 0x8E, 0x93, 0x71, 0x0D, 0xF8, 0x10, 0xE2, 0x97, 0xF0, 0x4B,
    0x98, 0x2A, 0xE1, 0xC9, 0x12, 0xEA, 0x25, 0x1E, 0x4B, 0x7D, 0x67, 0x90, 0x60, 0x0E, 0x98, 0x77,
    0xA0, 0xC2, 0xD1, 0xF9, 0x21, 0x3B, 0x1A, 0xDF, 0xDE, 0x05, 0x77, 0xB5, 0x0A, 0x23, 0x2C, 0xD5,
    0x6C, 0x60, 0xA9, 0x50, 0xC0, 0xBA, 0x27, 0x28, 0x50, 0x16, 0x3C, 0xA4, 0x9D, 0x79, 0x6F, 0x88,
    0xFD, 0x17, 0x31, 0x0C, 0x25, 0x63, 0x97, 0xFA, 0xC9, 0xB5, 0x50, 0xF2, 0x60, 0xD1, 0xC8, 0x39,
    0x12, 0x34, 0x74, 0x92, 0x31, 0xA8, 0xD2, 0xF8, 0x35, 0xE4, 0x30, 0x9E, 0xF1, 0x75, 0x90, 0x45,
    0x6A, 0xE2, 0x00, 0xD5, 0x69, 0xEB, 0x19, 0xE2, 0x5A, 0x05, 0xE1, 0x08, 0x71, 0x04, 0xAE, 0x36,
    0xBE, 0xDA, 0x09, 0x93, 0x66, 0x21, 0x2B, 0x47, 0x27, 0xA6, 0xF3, 0x58, 0x8D, 0x12, 0x56, 0x02,
    0x74, 0x7D, 0x49, 0xF4, 0x2B, 0x7C, 0x9B, 0x84, 0x1F, 0x48, 0x04, 0xF2, 0x32, 0x7D, 0x78, 0x84,
    0xA6, 0x33, 0x6A, 0x29, 0x77, 0x87, 0xED, 0xE7, 0x3D, 0x46, 0xC7, 0x2D, 0x8C, 0xE3, 0x76, 0x6A,
    0x4D, 0x80, 0xD8, 0x15, 0x83, 0xAC, 0x73, 0x00, 0x1E, 0xA7, 0xC3, 0x5C, 0xA5, 0xE2, 0x4E, 0x06,
    0x8F, 0xD3, 0x67, 0x97, 0x97, 0x6D, 0x7A, 0x73, 0xCA, 0x15, 0xF7, 0x83, 0x8F, 0xFC, 0xCD, 0x53,
    0x55, 0x32, 0x08, 0x4E, 0x0B, 0x33, 0x70, 0xD1, 0xD3, 0xA3, 0xA0, 0x38, 0x18, 0x1C, 0xE0, 0x75,
    0xE7, 0xA2, 0xAC, 0xDB, 0xB7, 0xC1, 0x15, 0x26, 0x50, 0x11, 0xAC, 0x70, 0x36, 0xE5, 0x22, 0xF0,
    0x54, 0x17, 0xE2, 0x70, 0x1F, 0xA1, 0xF4, 0xD5, 0x0C, 0xD0, 0xAB, 0x3F, 0xF5, 0x8B, 0x7A, 0x6F,
    0x29, 0x9E, 0xED, 0xAA, 0xEA, 0x33, 0x99, 0xAA, 0xCE, 0xF6, 0xCC, 0x46, 0xBD, 0xD5, 0x19, 0xE9,
    0x46, 0xED, 0x2F, 0x92, 0x3E, 0x47, 0xD4, 0xAD, 0x40, 0x30, 0x48, 0xF8, 0x6C, 0x77, 0x6C, 0xAE,
    0xDD, 0x0B, 0xEF, 0x41, 0xBC, 0x0D, 0xFF, 0xA6, 0xF4, 0xAF, 0xAB, 0xD0, 0x53, 0xD3, 0xD0, 0x95,
    0xC2, 0x34, 0x8B, 0x3C, 0xC6, 0xC6, 0x8E, 0x9D, 0x01, 0x5A, 0x6B, 0xCA, 0x30, 0x81, 0x43, 0xC9,
    0x3D, 0x86, 0x92, 0x4E, 0x23, 0x0E, 0xEF, 0x2A, 0x7A, 0x7B, 0xF0, 0x77, 0xE0, 0x79, 0xC6, 0x47,
    0x97, 0xD1, 0xE2, 0x82, 0x36, 0x59, 0x0E, 0xD2, 0xC2, 0xDE, 0xFB, 0xC0, 0x06, 0xAE, 0xD6, 0xDE,
    0x30, 0x51, 0x61, 0x04, 0x23, 0x0F, 0x1B, 0x52, 0xF3, 0x75, 0x65, 0x84, 0x26, 0x6F, 0x0C, 0x5A,
    0x06, 0x6D, 0x07, 0x63, 0x02, 0x53, 0x14, 0x59, 0x51, 0x24, 0xD4, 0x4F, 0x9D, 0xFF, 0x59, 0xB6,
    0x1A, 0xC6, 0xA0, 0xC5, 0x67, 0xBF, 0x0F, 0xDF, 0xB0, 0x6F, 0x07, 0x05, 0x13, 0xE7, 0xFB, 0xBF,
    0x49, 0x1D, 0xF5, 0x06, 0xA3, 0xDF, 0x9D, 0xFC, 0x32, 0x76, 0x86, 0x1D, 0x5E, 0xA1, 0x23, 0xB9,
    0x76, 0x66, 0x8B, 0x45, 0x38, 0x22, 0xD6, 0x10, 0x2F, 0x92, 0x06, 0x05, 0xDD, 0x9B, 0xE3, 0x79,
    0x1B, 0xA9, 0x54, 0x64, 0xA9, 0xD0, 0x67, 0x78, 0xF3, 0xAB, 0x7A, 0x50, 0x58, 0x58, 0x03, 0x4F,
    0x81, 0x71, 0xF9, 0xB2, 0xC3, 0x18, 0x91, 0x89, 0xCC, 0x53, 0x9F, 0x94, 0x31, 0x79, 0x02, 0x45,
    0xD3, 0xF1, 0x82, 0xDD, 0xBD, 0x15, 0xA8, 0xB4, 0x82, 0x74, 0x0D, 0x5B, 0x1A, 0xDB, 0x09, 0x06,
    0xE4, 0x5A, 0x82, 0xFB, 0x1A, 0x5B, 0x43, 0xA4, 0xFB, 0xC8, 0x9B, 0x49, 0x1E, 0x69, 0x20, 0xFD,
    0x3F, 0x31, 0x38, 0xBC, 0x4D, 0x92, 0x31, 0x3A, 0x0C, 0xCA, 0xB5, 0x7D, 0xEC, 0xFD, 0x1E, 0x1F,
    0x6E, 0x7F, 0xF1, 0xCF, 0xF7, 0x1F, 0xBE, 0x73, 0xEF, 0x4F, 0x5F, 0xDA, 0xFA, 0xA8, 0x9C, 0x16,
    0xE5, 0x74, 0xAF, 0x9C, 0xC6, 0xE5, 0x1C, 0x16, 0xB0, 0x9E, 0xD5, 0xAF, 0x40, 0x0F, 0xA0, 0xB7,
    0xA5, 0xBE, 0xAF, 0x74, 0xAA, 0x75, 0x9A, 0xEA, 0x74, 0x41, 0xA7, 0x73, 0x3A, 0x8D, 0xB4, 0x09,
    0x75, 0xEE, 0x6B, 0x7C, 0x8B, 0x81, 0x51, 0x0C, 0x5F, 0x8C, 0x85, 0x36, 0xAA, 0x29, 0x4A, 0x06,
    0x25, 0xDE, 0xFB, 0xA8, 0x6E, 0x8A, 0xDD, 0x5A, 0x91, 0x47, 0x85, 0x16, 0xC7, 0xF2, 0x0A, 0xB0,
    0xFE, 0x3D, 0xB4, 0x03, 0xB4, 0x7D, 0x69, 0x11, 0x4A, 0xBA, 0x78, 0x30, 0xB4, 0xF1, 0x1B, 0x63,
    0xEC, 0x45, 0xB1, 0x2F, 0x11, 0xBD, 0xAA, 0x49, 0xE0, 0x3E, 0xB9, 0x15, 0xF3, 0x5F, 0x55, 0x5E,
    0x25, 0xDA, 0x5E, 0xE2, 0xDF, 0x39, 0xAC, 0x5D, 0xD8, 0x40, 0xF3, 0xEE, 0x08, 0x15, 0xBA, 0x97,
    0xF9, 0x00, 0x7C, 0x97, 0x01, 0xF1, 0xC8, 0x4B, 0xDC, 0xC6, 0xB2, 0xC4, 0xE1, 0x0E, 0xCC, 0x14,
    0xCC, 0x84, 0x83, 0xCB, 0xA4, 0x43, 0xF2, 0x73, 0x0E, 0x26, 0x62, 0x4A, 0x59, 0x1E, 0xA6, 0x5E,
    0xC6, 0x42, 0x5C, 0x2B, 0x98, 0xEC, 0x27, 0x3B, 0x6E, 0x4A, 0x54, 0xB8, 0x7E, 0x15, 0x08, 0x12,
    0xF8, 0xC9, 0x9B, 0xDF, 0x48, 0x68, 0x58, 0xCD, 0xF2, 0x07, 0x96, 0x46, 0xFD, 0xD3, 0x2C, 0x7B,
    0x24, 0x86, 0x58, 0x82, 0x34, 0xD0, 0x8F, 0x42, 0xD6, 0xF7, 0xB2, 0xCD, 0xBB, 0x8A, 0xB4, 0x0F,
    0x1C, 0xED, 0x79, 0x94, 0x05, 0x4B, 0xE3, 0xB6, 0x35, 0x47, 0xE8, 0xE8, 0x7A, 0x16, 0xDC, 0x54,
    0xFE, 0xDB, 0x89, 0xFF, 0x91, 0x14, 0xAC, 0x7C, 0x0C, 0xCB, 0x1E, 0xC6, 0xF3, 0x30, 0xC5, 0xAC,
    0xE2, 0x64, 0xCE, 0xF6, 0xD5, 0x42, 0x1C, 0x66, 0xED, 0x39, 0x7A, 0xBB, 0x3C, 0x9F, 0x9A, 0x28,
    0x5E, 0xD7, 0xD1, 0xA8, 0x99, 0x85, 0x79, 0x4D, 0x05, 0xA6, 0xA2, 0x7C, 0x1D, 0x25, 0x8E, 0x66,
    0xA6, 0x2C, 0xB2, 0x88, 0x59, 0x72, 0x0B, 0xDE, 0x7B, 0xC0, 0xC8, 0x82, 0x64, 0xF7, 0xFF, 0x80,
    0xE8, 0x39, 0x55, 0xF3, 0xF5, 0x86, 0xB0, 0x85, 0xA4, 0x8D, 0x34, 0x86, 0x2E, 0x79, 0x2A, 0x0A,
    0x92, 0xE0, 0xCB, 0xF0, 0xC9, 0xCB, 0x91, 0x3D, 0x03, 0x6B, 0xD8, 0x39, 0x98, 0x4B, 0x85, 0x81,
    0xA7, 0xAD, 0x3B, 0xA6, 0x1D, 0x83, 0x0D, 0x7C, 0x65, 0x6B, 0x02, 0x09, 0xFE, 0xC0, 0x96, 0x14,
    0xD2, 0xC8, 0x1C, 0x1B, 0x7D, 0x3E, 0x8E, 0xF7, 0x7B, 0x67, 0xED, 0x69, 0x86, 0x85, 0x71, 0xFA,
    0xB4, 0x3D, 0x25, 0x9E, 0x12, 0xAA, 0x29, 0x03, 0xE9, 0x3F, 0x52, 0x9A, 0xB2, 0x09, 0xEC, 0xC0,
    0x7B, 0x07, 0x61, 0x90, 0xCC, 0x7B, 0xFA, 0x05, 0xF4, 0x96, 0x97, 0x65, 0x51, 0xA8, 0x94, 0xDB,
    0x96, 0x9D, 0x33, 0x6A, 0xF9, 0x55, 0x76, 0x8A, 0x8B, 0xAB, 0xCF, 0xAE, 0xF6, 0x6A, 0xBD, 0xE6,
    0xA0, 0x68, 0xFE, 0x03, 0x6C, 0x41, 0x27, 0xA1, 0x6B, 0x49, 0xFC, 0x60, 0x88, 0x57, 0x26, 0xB0,
    0xE6, 0x63, 0xCD, 0x43, 0xC3, 0x93, 0x0B, 0x3E, 0x16, 0x57, 0xD1, 0x3C, 0x46, 0xE4, 0x02, 0x28,
    0x7E, 0x5E, 0xB9, 0x13, 0x9F, 0x64, 0x7F, 0x1F, 0x9D, 0xDB, 0xB5, 0x23, 0x36, 0x75, 0x5F, 0x32,
    0xCC, 0xBC, 0x8B, 0xEB, 0xB2, 0xBC, 0x2D, 0xEB, 0x15, 0xD9, 0x8B, 0x64, 0x37, 0x92, 0x59, 0x24,
    0xD3, 0x48, 0x6E, 0x16, 0x2C, 0xF4, 0x32, 0x7C, 0xDF, 0x32, 0x97, 0x73, 0x9F, 0x09, 0xD9, 0xE5,
    0x98, 0xA9, 0xC9, 0xB8, 0xD8, 0x6C, 0x08, 0xD8, 0xB7, 0x85, 0xD3, 0x2D, 0x43, 0x3D, 0xC5, 0xE3,
    0x16, 0xFA, 0xC5, 0xA5, 0x12, 0x7D, 0x73, 0x2E, 0x6E, 0x54, 0xFE, 0x9D, 0xD4, 0x6B, 0x56, 0x6F,
    0x12, 0x49, 0xE5, 0x36, 0x58, 0xEF, 0x38, 0xD5, 0x1F, 0xD8, 0xCE, 0x33, 0x5B, 0x73, 0x45, 0x9E,
    0x5F, 0x18, 0xD2, 0x1E, 0xA7, 0x75, 0x7A, 0xA2, 0xED, 0x11, 0x76, 0xA6, 0x59, 0x4A, 0x90, 0x06,
    0xEE, 0xEE, 0x60, 0x1C, 0x96, 0xD2, 0xCB, 0x38, 0xAB, 0x11, 0x5C, 0xE7, 0xD9, 0xC0, 0xE3, 0xCC,
    0x99, 0x74, 0xF8, 0x58, 0x42, 0x16, 0xEE, 0x7D, 0x7A, 0x15, 0x9F, 0x52, 0x9C, 0xB6, 0x6D, 0xAD,
    0xB8, 0xAF, 0x5C, 0xAD, 0xE0, 0x3E, 0x0A, 0xF7, 0x58, 0xCB, 0x76, 0x61, 0x9A, 0x68, 0xB5, 0xC6,
    0xD5, 0xA7, 0xD7, 0x3B, 0x72, 0x79, 0xFA, 0xF2, 0x6E, 0x27, 0xD9, 0x98, 0x56, 0x59, 0x3B, 0x90,
    0x3A, 0x0D, 0xA4, 0xB1, 0x16, 0xB8, 0x2B, 0x1A, 0x5F, 0x79, 0xE4, 0x8A, 0x20, 0x4D, 0xDD, 0x9D,
    0x46, 0x7F, 0x6C, 0xAA, 0xB5, 0x56, 0x12, 0xAC, 0xDB, 0x79, 0x28, 0xF9, 0x85, 0x50, 0xD9, 0xC5,
    0x02, 0x5F, 0xD9, 0xE6, 0xC9, 0x4A, 0xCE, 0xCF, 0x03, 0xB9, 0x79, 0xD7, 0xC6, 0x85, 0x8D, 0xEF,
    0x33, 0x43, 0x34, 0x03, 0xC4, 0x9E, 0x8C, 0x91, 0xC4, 0x50, 0xB1, 0x48, 0x9A, 0x5F, 0xB3, 0xDD,
    0xF5, 0xE5, 0xD1, 0xB9, 0xB9, 0x6C, 0x59, 0xE1, 0x5F, 0x65, 0xA3, 0x29, 0x57, 0x9C, 0xEB, 0x54,
    0x68, 0xEF, 0xA9, 0xFB, 0xBA, 0xA8, 0x7C, 0x0C, 0xF1, 0x9C, 0x23, 0x6B, 0xE0, 0x72, 0x14, 0x5F,
    0xD0, 0x8B, 0x4B, 0xF6, 0x53, 0xA9, 0xC1, 0xFC, 0x6E, 0x33, 0xCC, 0x3B, 0x98, 0x58, 0x5A, 0xDC,
    0xB1, 0x21, 0x5F, 0x94, 0x13, 0x39, 0x62, 0x19, 0x17, 0xA3, 0x8E, 0xBE, 0xC0, 0xDC, 0xAC, 0xA2,
    0x50, 0x55, 0x8C, 0x25, 0xC6, 0x9C, 0xAC, 0x99, 0xD0, 0x48, 0xF2, 0x66, 0x2C, 0x3A, 0x32, 0xB5,
    0xFD, 0xA2, 0x53, 0x54, 0x7E, 0x62, 0x49, 0xE8, 0xAB, 0x86, 0x2F, 0xE3, 0x10, 0x25, 0xB6, 0xC3,
    0x12, 0xC2, 0xD8, 0x66, 0x83, 0x9F, 0xC3, 0x33, 0x27, 0x1C, 0xF5, 0x65, 0x8B, 0xAE, 0x6E, 0x30,
    0x96, 0xF1, 0xE2, 0x34, 0xAA, 0x83, 0x19, 0x94, 0x3E, 0xFE, 0x2D, 0xA2, 0xF7, 0x87, 0x88, 0xDE,
    0xCA, 0x11, 0x2A, 0x37, 0x6F, 0xC1, 0x4F, 0x4A, 0x21, 0xC2, 0x12, 0x7C, 0x46, 0xDA, 0xD8, 0xF5,
    0xE1, 0x0D, 0xCC, 0x47, 0xD8, 0x60, 0xFD, 0xF6, 0x14, 0xDF, 0xCE, 0xF1, 0xBB, 0x8D, 0x6C, 0xB9,
    0x03, 0x7F, 0x74, 0x32, 0x87, 0xBE, 0x15, 0x19, 0x02, 0x85, 0x8E, 0xC4, 0xB3, 0xAE, 0x39, 0x1F,
    0xB3, 0xF4, 0xAD, 0x09, 0x1D, 0x24, 0x15, 0xD6, 0xE3, 0xE2, 0xD8, 0xD5, 0xEF, 0xC7, 0xBD, 0xA1,
    0xFD, 0xEA, 0xB3, 0x12, 0xB0, 0x74, 0xED, 0x39, 0xC2, 0x39, 0x91, 0xFE, 0x81, 0x18, 0x36, 0x1A,
    0xF5, 0x7A, 0xCB, 0x8D, 0x71, 0xC2, 0xF4, 0x16, 0xE9, 0xA9, 0xD3, 0x6E, 0x42, 0xF5, 0x7B, 0x38,
    0x38, 0xEB, 0x2D, 0x49, 0x53, 0x3E, 0xCE, 0x36, 0xFF, 0xD8, 0x83, 0xE3, 0x3C, 0x09, 0x6D, 0x4E,
    0xFD, 0x0F, 0x95, 0x57, 0x4F, 0x6C, 0x1B, 0x59, 0x19, 0xFF, 0xCD, 0xBC, 0x3A, 0x03, 0x1D, 0xDB,
    0x93, 0x43, 0x8A, 0xC2, 0xD6, 0x13, 0xE7, 0x50, 0x24, 0x83, 0x9C, 0x38, 0x42, 0x06, 0x0C, 0x72,
    0x76, 0x5E, 0xA8, 0xB4, 0x2B, 0x01, 0xAB, 0x8D, 0xB4, 0xCD, 0x09, 0xA1, 0x06, 0x24, 0xA4, 0x55,
    0x25, 0xD2, 0x11, 0xB2, 0xB4, 0x59, 0xE4, 0xD4, 0x8F, 0xED, 0x01, 0x09, 0x71, 0x88, 0x40, 0xDD,
    0x72, 0x34, 0x12, 0x97, 0x66, 0x81, 0x9D, 0x22, 0xA3, 0xF5, 0xA2, 0xB4, 0x7E, 0x52, 0x0F, 0x39,
    0x70, 0x19, 0xE0, 0x84, 0x10, 0xAB, 0x39, 0x2C, 0x97, 0x56, 0x42, 0x53, 0xE4, 0x2E, 0xDE, 0xDD,
    0xC4, 0x8F, 0xEF, 0x8D, 0x1D, 0x3B, 0xEE, 0xBA, 0xD9, 0x76, 0xDE, 0x37, 0xA3, 0x89, 0xE7, 0xFB,
    0x7D, 0xDF, 0x7B, 0xDF, 0xFF, 0x20, 0x08, 0x80, 0xA0, 0x45, 0x57, 0xBB, 0xBD, 0x3D, 0x0B, 0x60,
    0x17, 0xBB, 0x33, 0xBD, 0xA5, 0x1B, 0x65, 0x11, 0x24, 0xAB, 0x25, 0x9E, 0xFF, 0x47, 0xFE, 0xC8,
    0x78, 0x1F, 0x92, 0x16, 0x60, 0x28, 0xCE, 0x7E, 0xCA, 0x2D, 0xC0, 0x4E, 0x28, 0xBF, 0x8E, 0xFC,
    0x21, 0x1C, 0x0C, 0x49, 0x6D, 0x40, 0x29, 0x8E, 0xE4, 0xDA, 0x34, 0xE4, 0x37, 0x3E, 0x16, 0x0B,
    0x97, 0x51, 0xB4, 0x50, 0x60, 0x70, 0x6D, 0xE4, 0x15, 0x7E, 0xF2, 0x3F, 0xB1, 0x09, 0xB1, 0x0E,
    0x5E, 0x33, 0x65, 0x95, 0x89, 0x8C, 0x0D, 0x3B, 0x83, 0xAB, 0x7F, 0x10, 0x9F, 0xFB, 0x90, 0x23,
    0x46, 0x43, 0xC9, 0x73, 0x8F, 0xF4, 0x8B, 0xA6, 0x26, 0x16, 0xCB, 0x2B, 0x2B, 0x2B, 0xBE, 0xEF,
    0xC3, 0xF7, 0x03, 0x7D, 0xC5, 0x30, 0x50, 0x8A, 0x2B, 0xA8, 0x60, 0x19, 0x5F, 0x0D, 0x9B, 0xB5,
    0x20, 0x57, 0xCF, 0x39, 0x2D, 0x33, 0x46, 0x6D, 0xB6, 0xE6, 0xC5, 0x33, 0xFC, 0x61, 0x78, 0x3B,
    0xC4, 0x16, 0x87, 0xC5, 0x9B, 0x98, 0x9F, 0xCB, 0x61, 0xE5, 0xDF, 0x2F, 0xE0, 0x15, 0xCE, 0x70,
    0x1D, 0x26, 0x7E, 0x46, 0xF7, 0xAF, 0xE8, 0xFD, 0x07, 0xF7, 0xAF, 0xE3, 0x42, 0xE7, 0x25, 0x38,
    0x6B, 0x6D, 0x98, 0x2A, 0x04, 0xCE, 0x00, 0x29, 0x5C, 0x09, 0xE1, 0x7F, 0x29, 0xDE, 0xF5, 0x9B,
    0x71, 0x83, 0xAC, 0xD1, 0x21, 0xED, 0x58, 0x03, 0xFB, 0x36, 0xDC, 0x22, 0x6A, 0x31, 0xDA, 0x31,
    0x96, 0xEB, 0xB0, 0xB3, 0x30, 0x0C, 0x3A, 0x5E, 0xEF, 0xCA, 0xC6, 0x36, 0x50, 0x4D, 0xA8, 0x70,
    0x8E, 0x2B, 0x31, 0x52, 0x79, 0x29, 0x8D, 0xC5, 0xBF, 0xBE, 0x81, 0xF5, 0xF0, 0x1E, 0x84, 0xFA,
    0x26, 0xC4, 0x7D, 0x86, 0xCD, 0xBF, 0x5F, 0x47, 0x39, 0x7C, 0x0F, 0x0B, 0xA8, 0xC3, 0x52, 0x11,
    0x70, 0x45, 0x5B, 0x47, 0xC9, 0x14, 0xBE, 0x22, 0x76, 0xE5, 0x6F, 0xC2, 0x86, 0x7C, 0x0E, 0x58,
    0x04, 0x7C, 0x4D, 0x57, 0xFE, 0xFC, 0xDB, 0x8E, 0xEA, 0x0D, 0xDE, 0x35, 0xD1, 0x4E, 0x54, 0x8F,
    0xE8, 0xF3, 0xB8, 0x29, 0x0C, 0xC9, 0x78, 0x06, 0x65, 0x82, 0x6E, 0xF0, 0x2D, 0x98, 0xD2, 0x90,
    0x79, 0x18, 0xE4, 0x12, 0x25, 0xCE, 0x90, 0x1F, 0x5C, 0xFA, 0xB2, 0x8E, 0xA6, 0x85, 0xC8, 0x46,
    0x9C, 0x50, 0x40, 0xE4, 0xE0, 0x6E, 0x87, 0x44, 0xF0, 0xCE, 0xC7, 0xE1, 0xED, 0x35, 0x68, 0x37,
    0x93, 0x57, 0xC8, 0x6D, 0x7D, 0x78, 0x07, 0xE8, 0x1C, 0x93, 0x77, 0xC0, 0xED, 0x03, 0xCE, 0x0E,
    0x44, 0x42, 0xD2, 0x1A, 0x52, 0x48, 0x14, 0xC7, 0x48, 0x7F, 0xF6, 0x10, 0xFB, 0x48, 0x0F, 0xD7,
    0x96, 0xE8, 0x88, 0x14, 0x2F, 0x6F, 0x36, 0xCB, 0xCD, 0x72, 0x50, 0x6B, 0xC4, 0x25, 0x32, 0x60,
    0x83, 0xAC, 0xC5, 0xB9, 0x1F, 0x16, 0x6B, 0xB6, 0xEB, 0x5C, 0xDE, 0xA9, 0x07, 0x31, 0x17, 0xC0,
    0x1C, 0x59, 0xF5, 0x77, 0xC8, 0x10, 0xA6, 0x40, 0xF7, 0x0A, 0xDD, 0x21, 0xD2, 0xB4, 0xE1, 0xAD,
    0x8B, 0x17, 0xC5, 0xB9, 0x6F, 0x9D, 0x15, 0x48, 0x7F, 0x41, 0xA0, 0xFC, 0x7D, 0x01, 0xFF, 0x41,
    0x84, 0xD0, 0x94, 0xA6, 0x30, 0xC4, 0x1C, 0x3E, 0x43, 0x98, 0x1C, 0xF1, 0x96, 0xE9, 0x6E, 0xD2,
    0x2D, 0x91, 0x66, 0x1C, 0x5B, 0x2F, 0x96, 0xE4, 0xB9, 0x97, 0x66, 0x9B, 0x24, 0xAA, 0x09, 0x9F,
    0x84, 0x84, 0x16, 0x9D, 0x3D, 0x07, 0xC6, 0xBD, 0x78, 0x0B, 0x16, 0x59, 0x23, 0x93, 0xFC, 0x9D,
    0x27, 0xDC, 0x79, 0xD1, 0x04, 0xA4, 0xC4, 0xDA, 0xBD, 0x37, 0xF8, 0xB5, 0x17, 0x6D, 0x81, 0xCC,
    0x73, 0x02, 0xB9, 0x2F, 0x93, 0xAE, 0x5F, 0x0A, 0x34, 0xDF, 0x0A, 0xA1, 0x35, 0x25, 0x11, 0xCA,
    0x04, 0xA3, 0x7D, 0x9A, 0x9C, 0x51, 0x54, 0x64, 0x29, 0xA6, 0x02, 0x04, 0x67, 0xEE, 0xB6, 0x4B,
    0x5D, 0x03, 0x06, 0xFD, 0x4E, 0xAE, 0x6A, 0x01, 0x17, 0x30, 0xBE, 0xC8, 0xDD, 0xFB, 0xC0, 0x7B,
    0x30, 0xFE, 0x02, 0x76, 0x8F, 0xB3, 0x8B, 0xC2, 0x36, 0xA5, 0x83, 0x28, 0xAF, 0xE2, 0x92, 0xEA,
    0x56, 0xB1, 0xDD, 0xD6, 0x1C, 0xD0, 0x60, 0xDA, 0x72, 0x16, 0x98, 0x7F, 0x76, 0xEC, 0x80, 0x73,
    0x0F, 0xC6, 0x3D, 0xD0, 0x86, 0x46, 0x10, 0x73, 0x0C, 0x09, 0xF3, 0x7B, 0x1A, 0xB2, 0xBA, 0xD1,
    0x1E, 0x42, 0x38, 0x37, 0x3F, 0xE0, 0xE6, 0xD9, 0x67, 0xD6, 0x45, 0x32, 0xCD, 0x03, 0xFE, 0x0C,
    0x7B, 0xDB, 0x01, 0x0E, 0x92, 0x8D, 0xFD, 0x87, 0xC2, 0xFE, 0xA9, 0x51, 0xA9, 0x8D, 0x0D, 0x4A,
    0x7B, 0x85, 0x2A, 0x05, 0x09, 0x65, 0x12, 0x02, 0x9D, 0xDB, 0x94, 0xC7, 0x61, 0x0C, 0x26, 0x55,
    0xDF, 0x92, 0x1F, 0xDD, 0xB2, 0x6F, 0xC4, 0x70, 0x54, 0x8C, 0x12, 0xE5, 0x96, 0x47, 0x77, 0x62,
    0xC4, 0x8E, 0x70, 0xDE, 0x8C, 0x57, 0x31, 0x5B, 0xC3, 0x30, 0x6E, 0x83, 0xC4, 0x1F, 0x75, 0x2C,
    0x7A, 0x7B, 0x31, 0x71, 0x13, 0x83, 0x36, 0x70, 0x0E, 0x46, 0x57, 0xF3, 0x17, 0x93, 0xEA, 0x63,
    0x09, 0x9C, 0xBC, 0x48, 0xD4, 0xA3, 0x8D, 0x61, 0x31, 0x21, 0x52, 0xFD, 0xF1, 0xFB, 0x47, 0x7B,
    0xFA, 0x6B, 0x47, 0x25, 0xE9, 0x5F, 0xD1, 0xD2, 0x0D, 0xF9, 0xCC, 0x58, 0x0A, 0x23, 0x8B, 0x02,
    0xD4, 0xC7, 0xDC, 0xEC, 0xD3, 0xE9, 0xA2, 0x7D, 0xD6, 0x30, 0xBF, 0xF8, 0xB4, 0xF2, 0x67, 0xC9,
    0x84, 0x0B, 0x18, 0xBB, 0xD6, 0xA2, 0x65, 0x3F, 0xB6, 0x1C, 0x7D, 0x6E, 0x0A, 0x62, 0x9B, 0x4C,
    0x51, 0x1E, 0x71, 0x52, 0xC5, 0xD4, 0xE1, 0x3C, 0xB1, 0x62, 0x2D, 0x1B, 0xBA, 0x68, 0xBB, 0x72,
    0xA5, 0x89, 0x29, 0xB2, 0x8E, 0xA5, 0xD5, 0x9A, 0xB5, 0x78, 0xA0, 0xEF, 0x49, 0x1C, 0x29, 0x4E,
    0x4E, 0x15, 0xAE, 0xD1, 0x75, 0x51, 0x75, 0x91, 0x75, 0xB5, 0xFF, 0x1C, 0x7A, 0x26, 0xEF, 0xAB,
    0x79, 0x75, 0x98, 0x57, 0xD1, 0xD9, 0x5B, 0x30, 0xD6, 0x60, 0xDD, 0x47, 0xAA, 0x30, 0x61, 0xD9,
    0x3A, 0xA2, 0x1D, 0x44, 0x1D, 0x44, 0xEF, 0xF0, 0xE8, 0x8F, 0x32, 0x0A, 0xA2, 0x28, 0x08, 0xA2,
    0xA0, 0x12, 0x05, 0x4B, 0x51, 0xE0, 0x44, 0xB1, 0x1D, 0xB5, 0x58, 0xA4, 0x8F, 0x24, 0x13, 0x63,
    0x6C, 0x4F, 0x60, 0x8D, 0xBB, 0xDC, 0xB9, 0x19, 0x2D, 0xA1, 0xB5, 0x8D, 0x6A, 0x80, 0x62, 0x00,
    0x37, 0x86, 0x4B, 0x4F, 0xFA, 0xD3, 0xDB, 0xEB, 0x51, 0xEC, 0x59, 0x4A, 0xE2, 0x87, 0x3A, 0x2B,
    0x28, 0xBB, 0x75, 0x7B, 0xCA, 0x4D, 0xC0, 0xCD, 0x3E, 0x77, 0xDE, 0x8C, 0x8A, 0x53, 0xE1, 0x6F,
    0x1D, 0xC3, 0x2F, 0x1D, 0x27, 0xD1, 0xBF, 0x60, 0x5C, 0x07, 0x39, 0x81, 0x29, 0x91, 0x5F, 0x8B,
    0x29, 0xA4, 0x6B, 0x1A, 0x92, 0x0B, 0x12, 0x48, 0x0B, 0xC5, 0x1D, 0xD4, 0x3D, 0xA5, 0x51, 0xC4,
    0x30, 0xDC, 0xDE, 0x07, 0x9C, 0xBD, 0x3C, 0xA9, 0x51, 0x09, 0xE7, 0x85, 0x01, 0xB6, 0x3A, 0xC2,
    0x92, 0xEA, 0xFA, 0x49, 0xEC, 0x1C, 0x4C, 0x5D, 0x7F, 0x93, 0x64, 0x7C, 0x6A, 0x75, 0xB3, 0x26,
    0xAF, 0xDB, 0xB2, 0x54, 0x82, 0x7D, 0x08, 0xD6, 0xD5, 0x4F, 0x7A, 0xDF, 0xB7, 0xE5, 0x8A, 0x39,
    0x68, 0xBF, 0xC2, 0xEC, 0x48, 0xE7, 0x66, 0x5C, 0x65, 0xDB, 0x35, 0xBB, 0x18, 0x64, 0xDC, 0x20,
    0xE7, 0x06, 0x45, 0xB7, 0x55, 0x29, 0x5E, 0xFB, 0xD3, 0xBE, 0xA7, 0xBA, 0x8E, 0x8A, 0x58, 0x9F,
    0x53, 0x04, 0xA7, 0xC8, 0xCF, 0x64, 0x2D, 0xA9, 0xFB, 0xED, 0xC9, 0x2B, 0x46, 0x34, 0x95, 0x02,
    0x23, 0xBC, 0x63, 0x49, 0x8F, 0xCE, 0xD5, 0x07, 0xB5, 0x1C, 0x6D, 0x64, 0x17, 0x3A, 0xF4, 0xD6,
    0xC7, 0x58, 0x6A, 0xEF, 0x4F, 0x80, 0x87, 0x2D, 0x33, 0xBC, 0xF6, 0x36, 0xC1, 0xB9, 0x75, 0x34,
    0x54, 0x63, 0xB6, 0x30, 0x93, 0x3E, 0x45, 0xA3, 0x86, 0xEC, 0x7C, 0x57, 0x6B, 0xA4, 0xBE, 0xA5,
    0xE3, 0x37, 0x03, 0xDB, 0x3D, 0x7D, 0x93, 0x8F, 0x43, 0x28, 0x3F, 0x86, 0xC1, 0xB0, 0x38, 0x71,
    0xC6, 0x1A, 0x82, 0x2A, 0x22, 0x97, 0x0A, 0x97, 0x25, 0xAC, 0x97, 0xC1, 0xA8, 0x9A, 0x1D, 0x02,
    0x3D, 0xA0, 0x7B, 0x82, 0x46, 0x29, 0x1A, 0xE1, 0xD1, 0x1D, 0xC4, 0x4E, 0xD2, 0x5F, 0xE9, 0xB9,
    0x0C, 0x6A, 0xD5, 0xA3, 0x61, 0x45, 0x2B, 0xE9, 0x81, 0xC6, 0x99, 0x22, 0x43, 0xC5, 0xE6, 0x95,
    0x32, 0x2A, 0x2B, 0xA0, 0x67, 0x75, 0x01, 0x55, 0x4B, 0x56, 0x8D, 0x90, 0x68, 0x55, 0xC9, 0xAA,
    0xDE, 0x4F, 0x96, 0x2C, 0xCE, 0x46, 0xE5, 0xA6, 0xD4, 0x5D, 0x5C, 0x42, 0x36, 0x75, 0xF5, 0xEB,
    0x57, 0x9B, 0xA5, 0xA6, 0xD7, 0x51, 0xDE, 0x03, 0x9D, 0x60, 0xB4, 0xD9, 0x1A, 0x75, 0xCC, 0xD3,
    0x78, 0x60, 0x86, 0x96, 0x9F, 0x2E, 0x18, 0xDC, 0xEB, 0x4D, 0xFB, 0xEA, 0x7C, 0x27, 0xD7, 0x3D,
    0x0D, 0x9F, 0x29, 0xB8, 0x14, 0xE4, 0xD3, 0xD1, 0x06, 0xB7, 0x82, 0xF4, 0x85, 0x4C, 0x59, 0x67,
    0xE2, 0x74, 0xDD, 0x29, 0x9C, 0x3F, 0x7A, 0x3D, 0x9E, 0x75, 0x64, 0x81, 0x32, 0x2D, 0x67, 0x2B,
    0x75, 0x54, 0x64, 0x37, 0x2E, 0x95, 0xE9, 0x58, 0x15, 0x3B, 0x9A, 0xF7, 0xFA, 0x54, 0x02, 0xBA,
    0x5E, 0xA2, 0xDF, 0xEA, 0x2D, 0x6F, 0xD4, 0x92, 0xFA, 0xD3, 0x42, 0xE3, 0x96, 0x77, 0x64, 0xF7,
    0x68, 0xC2, 0xF4, 0xAD, 0xC1, 0xD9, 0x06, 0x45, 0xDB, 0x0C, 0x27, 0xDC, 0x32, 0xD3, 0x46, 0xC1,
    0x86, 0xCF, 0x78, 0x47, 0x89, 0x38, 0xA9, 0xFC, 0x75, 0x03, 0x14, 0x32, 0x76, 0x52, 0x42, 0x75,
    0xC4, 0xBA, 0x49, 0xD1, 0x8E, 0x26, 0x50, 0xD6, 0xE9, 0x28, 0x3A, 0x54, 0x08, 0xE6, 0x23, 0x33,
    0xAF, 0xAB, 0x03, 0xA5, 0x4B, 0xE5, 0xC9, 0xCC, 0xD9, 0xA2, 0xA6, 0xA4, 0xBB, 0x7E, 0x0A, 0xA7,
    0x8E, 0x21, 0x5D, 0xA4, 0x07, 0xC5, 0x79, 0x72, 0x91, 0x46, 0x72, 0x75, 0x31, 0x19, 0xE4, 0x2A,
    0x9F, 0x58, 0xFA, 0xEC, 0x5F, 0xE3, 0x9B, 0x72, 0x1A, 0xD2, 0xC0, 0xED, 0xF0, 0x61, 0x62, 0x93,
    0xEC, 0x27, 0x16, 0xB5, 0x03, 0xF6, 0x21, 0xF2, 0x91, 0x6E, 0x8D, 0x16, 0x25, 0xFD, 0xDB, 0xD8,
    0xA6, 0x49, 0x8F, 0xF1, 0x80, 0x09, 0x7A, 0xB6, 0x6C, 0xEE, 0x29, 0x3D, 0x91, 0x1B, 0x49, 0x3A,
    0x3A, 0xBF, 0xC6, 0x7C, 0x6B, 0xC2, 0x4A, 0xEF, 0x1C, 0xE2, 0x4E, 0x16, 0x2D, 0x82, 0x58, 0x09,
    0xD9, 0x9C, 0x28, 0xB6, 0x79, 0xD7, 0x1E, 0x4E, 0xED, 0x03, 0x8F, 0xB0, 0xC9, 0x6E, 0x68, 0x77,
    0xB1, 0xBA, 0x80, 0x9A, 0xA5, 0x15, 0xC5, 0x89, 0xA2, 0xF6, 0x48, 0xD1, 0xEE, 0xB1, 0x47, 0xCA,
    0x8F, 0x7B, 0x64, 0x80, 0xF2, 0xA7, 0xA2, 0xD6, 0x07, 0x01, 0x9C, 0x78, 0xA4, 0xA0, 0xED, 0xEC,
    0x90, 0x9D, 0x1D, 0x62, 0xE6, 0x43, 0x66, 0x8B, 0xEF, 0x5C, 0x86, 0xD7, 0x87, 0xD3, 0x4B, 0x64,
    0x9D, 0x81, 0xF3, 0x0B, 0xA4, 0x27, 0xCF, 0x42, 0x9F, 0xAA, 0xD9, 0x09, 0xF9, 0xAF, 0x5F, 0xD6,
    0xF2, 0x49, 0x14, 0x09, 0xCC, 0x90, 0x13, 0xAB, 0x43, 0x27, 0x7E, 0x8A, 0xF0, 0x57, 0x93, 0x59,
    0xE6, 0xD5, 0x41, 0x5F, 0x3E, 0x24, 0x1A, 0xFF, 0x48, 0xFD, 0x67, 0x5D, 0x38, 0x4A, 0x14, 0x1D,
    0x94, 0xF3, 0xC2, 0xFF, 0xB1, 0xF4, 0xFF, 0x26, 0x5F, 0xBB, 0x28, 0x9E, 0x67, 0x62, 0x39, 0x8F,
    0xD7, 0x7A, 0x24, 0x9B, 0xB6, 0x96, 0x85, 0xCD, 0xCD, 0xD1, 0xEC, 0x11, 0xDA, 0xA1, 0xA3, 0x57,
    0xE4, 0x44, 0xF9, 0x77, 0x1B, 0x0D, 0x55, 0x7A, 0x60, 0x68, 0xFB, 0x54, 0xC8, 0x3A, 0x43, 0x1B,
    0x73, 0x63, 0xC0, 0xA1, 0x79, 0xE2, 0xD2, 0x5D, 0xD5, 0x50, 0xF9, 0x9F, 0x93, 0x5B, 0xE5, 0x4C,
    0x33, 0x5D, 0x3E, 0x89, 0x8F, 0xF3, 0xEF, 0x76, 0x08, 0xFF, 0x4F, 0x2A, 0x5D, 0x15, 0xB7, 0x32,
    0x29, 0x7B, 0xFC, 0x4D, 0x8F, 0x30, 0xD5, 0x29, 0x23, 0xCC, 0xA6, 0x29, 0x2A, 0x4C, 0x54, 0xE9,
    0xDF, 0x2E, 0x6A, 0xDA, 0xDF, 0xD3, 0xC1, 0xC2, 0x7A, 0xC9, 0xB8, 0x44, 0xE3, 0x57, 0xA4, 0x3D,
    0xDC, 0x10, 0xB8, 0x86, 0xF1, 0xDC, 0xF1, 0x70, 0x17, 0x6A, 0x1F, 0x3D, 0x2A, 0x6D, 0x16, 0x62,
    0x6D, 0x27, 0x4E, 0x2F, 0x5D, 0x07, 0xFD, 0x1F, 0xE1, 0xBF, 0xEF, 0x8F, 0xD9, 0xF4, 0x14, 0x53,
    0x46, 0xF1, 0xB8, 0x31, 0x07, 0x4C, 0x56, 0x2D, 0xBE, 0x44, 0x93, 0x01, 0x59, 0xE1, 0xF7, 0x60,
    0x87, 0xBA, 0x0E, 0x0E, 0x58, 0xC9, 0xBD, 0xE7, 0x49, 0x0B, 0xC7, 0x17, 0x81, 0xFF, 0x03, 0x95,
    0x58, 0x4D, 0x68, 0x23, 0xC9, 0x15, 0xFE, 0xBA, 0x5B, 0x76, 0xEF, 0xB8, 0x2D, 0xB5, 0x0E, 0x3B,
    0x60, 0x18, 0xDB, 0xDA, 0xC3, 0x1C, 0x9C, 0x45, 0xDA, 0xD6, 0xC1, 0x04, 0x05, 0xDA, 0x56, 0x25,
    0x43, 0x08, 0x09, 0xF9, 0xD1, 0x61, 0x94, 0x1F, 0x16, 0x92, 0x21, 0x10, 0x18, 0xF6, 0x62, 0x91,
    0xD5, 0x12, 0x4D, 0xF0, 0x8C, 0x1B, 0x72, 0x08, 0x24, 0x87, 0x98, 0x10, 0x36, 0x87, 0xE4, 0xA0,
    0x83, 0x0F, 0xD9, 0xC9, 0x5F, 0xCF, 0x8C, 0x06, 0x7B, 0x61, 0xC6, 0x6A, 0x36, 0x87, 0x40, 0x72,
    0xE9, 0xEB, 0xC2, 0x12, 0x0A, 0x66, 0x21, 0x09, 0x9B, 0x43, 0x43, 0x34, 0x20, 0xBC, 0xB2, 0x2A,
    0xEF, 0x95, 0x5A, 0xB2, 0x6C, 0x6B, 0x26, 0x76, 0xD7, 0xEB, 0x76, 0x4B, 0xAA, 0xFA, 0xEA, 0x55,
    0xBD, 0xAF, 0xBE, 0x7A, 0x65, 0x00, 0xA6, 0x12, 0xC8, 0x03, 0xDB, 0xC0, 0x53, 0xE0, 0x1F, 0x30,
    0xFF, 0x0A, 0xEB, 0x27, 0xC2, 0xBE, 0x11, 0x39, 0x46, 0x9C, 0x83, 0x2C, 0xA8, 0xA4, 0xAA, 0x7A,
    0xDB, 0xD8, 0xEE, 0xC0, 0x9F, 0xBB, 0xE9, 0xF6, 0x01, 0xAF, 0xF7, 0x5A, 0x09, 0xB9, 0xB9, 0xAD,
    0xCF, 0x6D, 0xB5, 0xBD, 0x76, 0xB5, 0xAB, 0xAA, 0x9F, 0x00, 0xC6, 0x17, 0x84, 0x41, 0x7F, 0x6E,
    0x03, 0x3E, 0xF0, 0x84, 0x61, 0x8C, 0xBF, 0xC3, 0xFA, 0x8B, 0xB0, 0x6E, 0x04, 0x8E, 0x19, 0xB9,
    0x1A, 0xC6, 0x53, 0x3D, 0x1F, 0xAD, 0x03, 0xAE, 0x81, 0x4C, 0x26, 0xBB, 0x66, 0xCB, 0xD9, 0x58,
    0x33, 0x21, 0x26, 0x9E, 0x8C, 0x21, 0xCA, 0x40, 0x1B, 0xB8, 0x0B, 0xC6, 0x40, 0xBE, 0x04, 0x2C,
    0xE0, 0x9A, 0x42, 0xD3, 0x43, 0xDB, 0xC3, 0xE3, 0x1D, 0xEC, 0x28, 0x78, 0xBF, 0x01, 0x16, 0xB5,
    0x39, 0x11, 0x0C, 0x01, 0x5B, 0x20, 0x0B, 0x54, 0x30, 0x7D, 0x19, 0x2A, 0x70, 0xDF, 0x4D, 0x4A,
    0xC8, 0xB7, 0x80, 0x50, 0x5B, 0xA2, 0x9F, 0xF4, 0x71, 0x13, 0x0D, 0xEA, 0xD1, 0x56, 0x12, 0x75,
    0x60, 0x0E, 0x45, 0x34, 0x10, 0x8F, 0x9B, 0xD9, 0x83, 0xD2, 0x5C, 0x93, 0xEA, 0x25, 0x74, 0x3F,
    0x45, 0xF5, 0xB8, 0x70, 0x6C, 0xD4, 0x70, 0x0B, 0x54, 0x85, 0xAF, 0x0C, 0x2C, 0x15, 0x17, 0x44,
    0x48, 0x5E, 0x36, 0xC7, 0xB0, 0x23, 0xDB, 0x46, 0xBE, 0x5A, 0x4F, 0x5C, 0x95, 0x98, 0x8A, 0xB1,
    0x8C, 0xC0, 0x8C, 0xE8, 0x4F, 0xCD, 0x3D, 0xF6, 0x31, 0x86, 0xBB, 0x57, 0xAF, 0x1E, 0x3B, 0xC7,
    0x1A, 0xC7, 0xFA, 0x0A, 0xF0, 0x11, 0xD0, 0xB9, 0x8C, 0xA3, 0x58, 0x5C, 0xB7, 0xDB, 0x56, 0x74,
    0xDA, 0xC5, 0xBB, 0x63, 0x17, 0x09, 0x73, 0x11, 0x26, 0x01, 0x4A, 0xC6, 0x54, 0x7D, 0x3C, 0xDF,
    0x0A, 0x12, 0x33, 0x4E, 0x90, 0x24, 0x68, 0x24, 0x68, 0x6A, 0x0B, 0x13, 0x33, 0x51, 0x4A, 0x2A,
    0x15, 0xA9, 0x91, 0x1F, 0x34, 0xB5, 0x80, 0x4B, 0x6D, 0xBF, 0x4E, 0xF7, 0x6F, 0xE9, 0xBE, 0x0D,
    0xE3, 0x86, 0xC0, 0xEA, 0xBE, 0x40, 0xB9, 0x20, 0xD0, 0x76, 0x05, 0x76, 0xE9, 0x8E, 0xE9, 0x0E,
    0xE9, 0xBE, 0x47, 0x7C, 0xAA, 0xD2, 0xED, 0x3C, 0x13, 0x98, 0xFF, 0x1D, 0xDB, 0x25, 0xFA, 0x32,
    0x08, 0x5E, 0xA0, 0x2B, 0xE9, 0x49, 0xED, 0x37, 0xB6, 0x44, 0xD3, 0x11, 0xA1, 0x2D, 0x12, 0x8B,
    0x9F, 0x1D, 0x47, 0x6C, 0x6E, 0x89, 0xC2, 0xA7, 0xC2, 0xF8, 0x3C, 0xE6, 0x6A, 0x1C, 0x78, 0x46,
    0x56, 0x78, 0x5E, 0xE7, 0xD9, 0x18, 0x99, 0x1A, 0x9E, 0xBC, 0x1F, 0xDD, 0xE7, 0x5F, 0xBB, 0x0A,
    0x73, 0x37, 0xE1, 0xF4, 0xB9, 0xF2, 0xFC, 0x01, 0xD6, 0x1C, 0x34, 0x2C, 0xD1, 0x55, 0xC1, 0x68,
    0x02, 0xB7, 0x0D, 0x76, 0xD6, 0x51, 0x69, 0x64, 0xAD, 0x00, 0xA6, 0xB8, 0x28, 0x2C, 0x02, 0x18,
    0x23, 0x4E, 0xD0, 0x68, 0x07, 0xA8, 0xBC, 0x18, 0xF9, 0x3C, 0xDA, 0xE4, 0xE3, 0x08, 0x8D, 0xCC,
    0xA0, 0xAE, 0x09, 0x30, 0xD1, 0x04, 0xEB, 0xB3, 0x9F, 0xEF, 0x7C, 0xEB, 0x04, 0xED, 0xEE, 0x17,
    0xE1, 0x29, 0x31, 0x3F, 0x04, 0xD6, 0x35, 0xF9, 0xBD, 0xD4, 0xE1, 0xE5, 0x32, 0x16, 0x62, 0x70,
    0xC4, 0x2F, 0xE8, 0x33, 0x90, 0x5D, 0x82, 0xD5, 0x48, 0x3D, 0xB7, 0x5F, 0x3A, 0x21, 0x86, 0x01,
    0xF3, 0xA7, 0x5A, 0x17, 0x98, 0x81, 0x14, 0xE0, 0xD6, 0x29, 0x4E, 0x3B, 0x03, 0xB2, 0x16, 0xFC,
    0x4D, 0xB1, 0x5D, 0x50, 0x03, 0x5B, 0xF5, 0xF0, 0x1D, 0x91, 0xC9, 0x20, 0xB7, 0x0C, 0x4B, 0x87,
    0x86, 0x22, 0xB8, 0xBE, 0x23, 0x6E, 0xB9, 0x22, 0x70, 0x45, 0xE4, 0x0A, 0x22, 0xC9, 0x3B, 0x3B,
    0x82, 0xC1, 0xFF, 0xC9, 0x7C, 0xBA, 0xEE, 0x11, 0x2D, 0x51, 0xED, 0xF3, 0xDA, 0xC4, 0xF5, 0xF1,
    0xCA, 0xCC, 0x90, 0x1E, 0xC9, 0xC2, 0x05, 0x3A, 0x9A, 0x4C, 0x3E, 0x51, 0xA6, 0xF0, 0xDF, 0xA0,
    0xEC, 0x31, 0xFE, 0xA4, 0xA3, 0x3B, 0xDD, 0x17, 0x74, 0xC4, 0x7A, 0x27, 0x5F, 0x32, 0x10, 0x57,
    0x0D, 0x46, 0x8B, 0x93, 0x45, 0xC6, 0xD7, 0x0B, 0x2C, 0xE4, 0xF8, 0x62, 0x66, 0x2F, 0xB3, 0x86,
    0x43, 0xB1, 0x60, 0x0B, 0xE0, 0x00, 0x57, 0x40, 0xC2, 0xB1, 0x5E, 0x44, 0xA5, 0xAB, 0x8E, 0x8B,
    0x68, 0xD1, 0x4B, 0xA9, 0xDE, 0xF2, 0x54, 0x9F, 0x8C, 0xDE, 0xFD, 0xB1, 0x2D, 0x03, 0xDD, 0x04,
    0xA5, 0x1A, 0x55, 0x46, 0xF1, 0x10, 0xDE, 0x97, 0x44, 0xC9, 0x8C, 0x8A, 0x53, 0xE6, 0x6B, 0xCB,
    0xE4, 0x37, 0x1B, 0xDF, 0x3F, 0x11, 0x21, 0xEA, 0xE0, 0x6C, 0x71, 0xA9, 0xE4, 0x71, 0x77, 0xF7,
    0x97, 0xD1, 0xB8, 0xD6, 0xF9, 0x1A, 0xAF, 0xEF, 0xBE, 0xBE, 0xCB, 0xAD, 0xED, 0x99, 0xAD, 0x81,
    0xB7, 0x82, 0xB7, 0x02, 0xCC, 0xFC, 0x65, 0x79, 0xB9, 0x98, 0x5E, 0xBE, 0x7F, 0xBD, 0xEC, 0x61,
    0x8D, 0xE6, 0x67, 0xF2, 0x0D, 0x7D, 0x71, 0x8B, 0x66, 0xAA, 0x11, 0x8E, 0xAF, 0x84, 0xF9, 0x34,
    0x7E, 0x6F, 0x58, 0x11, 0x59, 0x78, 0x62, 0xC1, 0xB4, 0x25, 0x64, 0x24, 0xCF, 0x8E, 0x00, 0xD1,
    0x8E, 0x28, 0xBE, 0x87, 0x9A, 0x89, 0xD0, 0x46, 0xDE, 0xE0, 0x21, 0x84, 0x0B, 0xDA, 0x72, 0xA7,
    0x2C, 0xC9, 0xB2, 0xB1, 0xA2, 0x13, 0x3B, 0x07, 0x9A, 0xE3, 0xFA, 0x6A, 0xD8, 0x51, 0x58, 0x40,
    0xD8, 0xC2, 0x03, 0x89, 0xFD, 0x00, 0x5D, 0x9A, 0xD9, 0x00, 0x8F, 0x24, 0x1E, 0xF4, 0x11, 0x1E,
    0xA2, 0x57, 0x0D, 0x7A, 0x2E, 0x8B, 0xDF, 0x24, 0x48, 0xB6, 0x6E, 0x35, 0xD2, 0xEE, 0x94, 0x0D,
    0x4D, 0x6E, 0xFB, 0x28, 0xD2, 0x6D, 0x81, 0xFD, 0x08, 0x0F, 0x49, 0xB4, 0x9E, 0x20, 0xA9, 0xB2,
    0x34, 0xD8, 0x01, 0x6F, 0x24, 0xAE, 0xDE, 0x57, 0x0C, 0x61, 0x8B, 0x2C, 0xD6, 0x26, 0xBB, 0x49,
    0x78, 0xAE, 0x3C, 0xAF, 0x2B, 0x45, 0xCB, 0x50, 0x0B, 0x4B, 0x8E, 0xA2, 0x9B, 0x1F, 0x7B, 0xA9,
    0xCB, 0x49, 0xBD, 0x36, 0x95, 0x63, 0xBD, 0xCE, 0xCE, 0x22, 0x24, 0x38, 0x7A, 0x6F, 0x84, 0x61,
    0x45, 0x56, 0x64, 0x8B, 0x05, 0x5A, 0x21, 0xCB, 0xBA, 0x14, 0x27, 0x65, 0x8D, 0x4A, 0x55, 0x54,
    0x45, 0x06, 0xAB, 0x28, 0x11, 0x69, 0xCB, 0x9A, 0xBE, 0xA1, 0x1F, 0x56, 0x68, 0xEA, 0x6B, 0xE7,
    0x90, 0x84, 0x29, 0xCD, 0xF8, 0xED, 0xE8, 0x6D, 0x71, 0xDE, 0x83, 0x63, 0xF2, 0x70, 0xAA, 0x77,
    0xBE, 0xA8, 0x9D, 0x1A, 0x2A, 0xD5, 0x1D, 0x9E, 0x78, 0xFD, 0x40, 0x3C, 0x0A, 0x1E, 0x8A, 0x69,
    0xAF, 0x91, 0x9B, 0xD8, 0x12, 0xDC, 0x0E, 0xDC, 0x00, 0x6F, 0x00, 0x7F, 0x1A, 0x7F, 0xE9, 0xD6,
    0x85, 0xAB, 0xE4, 0x2B, 0x14, 0xAD, 0x51, 0x71, 0x83, 0x12, 0x35, 0xCB, 0x4E, 0x0A, 0xE6, 0x05,
    0x57, 0xAB, 0xE8, 0x40, 0x4C, 0x5D, 0xDB, 0x90, 0x77, 0x21, 0xBB, 0x90, 0xFB, 0x42, 0x3E, 0x8A,
    0x64, 0x28, 0x65, 0x18, 0xCA, 0xB0, 0x22, 0xC3, 0x92, 0x0C, 0x5D, 0x99, 0x38, 0xB2, 0x67, 0x49,
    0xDA, 0x9B, 0x79, 0xD9, 0x50, 0xF8, 0xE2, 0x53, 0x6D, 0x1F, 0xF6, 0xF1, 0x74, 0x15, 0x1D, 0x87,
    0x79, 0xC4, 0x46, 0xFB, 0x88, 0x23, 0x12, 0x47, 0xF4, 0x1C, 0x31, 0xA2, 0xD5, 0x85, 0xC0, 0x6B,
    0x30, 0x24, 0xEB, 0x0C, 0x93, 0x45, 0xC3, 0xEE, 0x0F, 0xF0, 0x24, 0x37, 0x1B, 0x96, 0xD8, 0x31,
    0xBD, 0xF0, 0x8D, 0x0C, 0xEF, 0xB6, 0x06, 0x29, 0x61, 0xED, 0x6C, 0x77, 0x0F, 0x67, 0x75, 0xD7,
    0xB1, 0xA4, 0xDE, 0xBF, 0x61, 0xB7, 0x53, 0x3D, 0x7F, 0xF9, 0x10, 0x6E, 0x9F, 0xF6, 0xFF, 0x41,
    0x2C, 0xC3, 0xE4, 0x9C, 0xFF, 0x56, 0x0C, 0x37, 0x42, 0x95, 0x79, 0xFE, 0xC3, 0x3E, 0x0E, 0xBF,
    0x3B, 0x85, 0xC6, 0xC6, 0x80, 0x84, 0x56, 0x2B, 0x68, 0xAA, 0xB7, 0xB4, 0x9C, 0xD6, 0x49, 0xEA,
    0xF5, 0xCB, 0xA1, 0x70, 0x7F, 0x2D, 0x4B, 0xE8, 0x90, 0x30, 0x86, 0x28, 0x86, 0x58, 0x49, 0xB0,
    0x42, 0x4F, 0xFA, 0x58, 0xBD, 0xDF, 0xD7, 0x29, 0x47, 0x84, 0x1F, 0xF0, 0xDE, 0xEA, 0xEA, 0xBD,
    0xD5, 0xE9, 0x61, 0x63, 0x15, 0x4D, 0x82, 0xB5, 0x68, 0xBF, 0xA6, 0x65, 0x2D, 0x0E, 0x1C, 0x92,
    0x47, 0x14, 0x06, 0x30, 0x76, 0xF5, 0xDC, 0x3D, 0x13, 0xC6, 0xDF, 0x60, 0x7D, 0x55, 0x8B, 0xF0,
    0x50, 0xB8, 0xEF, 0xCA, 0xE2, 0x4C, 0xF0, 0xDF, 0x8F, 0xC1, 0x6F, 0xEA, 0x85, 0x53, 0xC4, 0x42,
    0x19, 0x8B, 0xED, 0x93, 0x2E, 0x1A, 0x33, 0xBB, 0xA8, 0xA5, 0x71, 0xEF, 0x2A, 0x25, 0xEC, 0x5D,
    0xA2, 0xC3, 0x0A, 0x73, 0xC2, 0xE7, 0x47, 0x05, 0x3F, 0xBE, 0x4F, 0x6A, 0x4F, 0x39, 0x61, 0x73,
    0xF4, 0x91, 0x1E, 0x1B, 0xFC, 0x28, 0x70, 0x3D, 0x87, 0x16, 0x85, 0x30, 0xF8, 0x41, 0x63, 0xAF,
    0xC3, 0xFC, 0xD7, 0x82, 0x44, 0xEE, 0xCD, 0x26, 0x2D, 0x2C, 0x2B, 0x76, 0xB0, 0x6E, 0xD2, 0xBE,
    0xB9, 0x6E, 0x50, 0x3C, 0x2A, 0x26, 0x11, 0xCC, 0xE7, 0x20, 0x79, 0x7F, 0xEE, 0xCD, 0xC3, 0x1D,
    0x56, 0x87, 0x30, 0xF6, 0xE6, 0xF7, 0x52, 0x95, 0x3F, 0xCF, 0xC0, 0xA3, 0x3D, 0xAD, 0x52, 0xF3,
    0xDA, 0x56, 0x38, 0x05, 0x3A, 0xEA, 0x81, 0x72, 0xB8, 0xC4, 0x45, 0xE2, 0x90, 0xE6, 0x45, 0x21,
    0x21, 0xEE, 0x9A, 0x91, 0x8D, 0x57, 0x26, 0x6D, 0x3E, 0x2B, 0x37, 0x6B, 0x15, 0xDA, 0xE2, 0xD7,
    0xC9, 0xD5, 0x26, 0xA5, 0x7E, 0x07, 0xF4, 0x5D, 0x5D, 0xE0, 0xE8, 0xE0, 0x2C, 0x14, 0xED, 0x81,
    0xC9, 0xC6, 0x08, 0x8A, 0xA6, 0x22, 0x4A, 0xAC, 0x98, 0xC0, 0x4C, 0x4D, 0x54, 0x3B, 0xC5, 0xCA,
    0xF5, 0xDD, 0x5F, 0xE5, 0xF4, 0xFA, 0x5A, 0xA1, 0x52, 0xA2, 0x15, 0xB9, 0x44, 0xC3, 0xF6, 0x09,
    0x5B, 0xAF, 0xB2, 0xAC, 0x66, 0x9A, 0xCE, 0x40, 0x2F, 0xE4, 0x6A, 0x1E, 0xEB, 0x71, 0x2E, 0x60,
    0xF0, 0xEC, 0xC1, 0x59, 0x60, 0x70, 0x8A, 0x4C, 0xEF, 0x9C, 0x9C, 0x9C, 0x9E, 0x04, 0x67, 0x88,
    0x8D, 0x37, 0xD3, 0x7C, 0x95, 0x12, 0xCF, 0xAA, 0x04, 0xE7, 0x30, 0xA4, 0xF4, 0x56, 0x50, 0xB3,
    0x83, 0x6E, 0x57, 0x90, 0xB0, 0xCC, 0x11, 0x3D, 0x5E, 0xA5, 0xA6, 0x92, 0xF2, 0x9F, 0xF4, 0x2A,
    0xF4, 0x9A, 0xAF, 0xB6, 0xA9, 0x81, 0x17, 0xD3, 0xC2, 0x29, 0xFE, 0xFB, 0x89, 0xEA, 0x5D, 0x15,
    0x13, 0x28, 0x32, 0x9A, 0x17, 0xEF, 0x63, 0x18, 0x44, 0x5A, 0x12, 0x64, 0x2B, 0x78, 0xFC, 0xBD,
    0x80, 0x72, 0x1B, 0xAF, 0x9F, 0x2A, 0xB9, 0x1D, 0xA3, 0xF0, 0x31, 0x03, 0xB4, 0x70, 0x4D, 0xC2,
    0x17, 0x45, 0x35, 0xD8, 0x91, 0x88, 0x10, 0xB9, 0xDC, 0x41, 0x76, 0x8D, 0xF3, 0x1F, 0x33, 0xBE,
    0x8C, 0x7B, 0x58, 0x6B, 0x64, 0x49, 0x7D, 0x67, 0x3B, 0xA6, 0x54, 0xAF, 0xFE, 0xB8, 0xC6, 0x28,
    0x9D, 0x17, 0x18, 0x89, 0xC0, 0x12, 0xED, 0x9F, 0x5A, 0x0D, 0x38, 0xC7, 0x61, 0xD5, 0x56, 0xD1,
    0x58, 0xBF, 0x7D, 0x9A, 0x43, 0x2F, 0x71, 0x12, 0xF2, 0x30, 0x76, 0x47, 0x53, 0x60, 0x7D, 0x19,
    0xF8, 0x4F, 0x7A, 0xA0, 0x50, 0xAA, 0xFF, 0xFF, 0xE1, 0xE9, 0xCA, 0xD3, 0x6B, 0x07, 0x49, 0x26,
    0x2E, 0x8A, 0x33, 0xE8, 0x82, 0xD1, 0xCD, 0xFB, 0x30, 0xDF, 0xBB, 0x04, 0xDE, 0x55, 0x41, 0x73,
    0xA6, 0x77, 0xFF, 0x6A, 0x72, 0x92, 0x07, 0x38, 0x35, 0x67, 0x60, 0x0E, 0x38, 0xFD, 0xF8, 0x10,
    0x59, 0xFF, 0x54, 0xA8, 0x13, 0xC8, 0x99, 0x16, 0x1A, 0xF1, 0x53, 0x3B, 0xAA, 0xD2, 0x09, 0x66,
    0x38, 0xD2, 0x42, 0xF7, 0xDB, 0x4B, 0xBD, 0x71, 0xA3, 0xD8, 0x89, 0x5D, 0x2E, 0xD2, 0x95, 0x85,
    0xF7, 0x77, 0x76, 0x94, 0xF7, 0x89, 0x71, 0x72, 0x6A, 0xB8, 0x20, 0xE2, 0xC2, 0xDE, 0xC2, 0xDE,
    0x6C, 0x24, 0xFA, 0xD1, 0x3A, 0x80, 0xBD, 0x08, 0x6B, 0x3C, 0xF7, 0x21, 0xE2, 0x97, 0x42, 0x46,
    0x05, 0xC5, 0x5A, 0x62, 0x08, 0x27, 0x5C, 0x5C, 0xCF, 0x96, 0x89, 0x49, 0xB3, 0x81, 0x29, 0x44,
    0x5F, 0x83, 0xBD, 0x86, 0x2B, 0xE5, 0x4B, 0x0D, 0xDD, 0xA9, 0x2C, 0x36, 0x96, 0xA2, 0xD9, 0x98,
    0x2F, 0x00, 0x89, 0x3B, 0x66, 0x7C, 0x6F, 0x8B, 0x41, 0xF8, 0x5C, 0x18, 0x69, 0xEB, 0x8F, 0x0E,
    0x1D, 0x04, 0x43, 0x8C, 0x49, 0x4D, 0xD2, 0x5A, 0xF5, 0x70, 0xA8, 0x58, 0xE7, 0x0A, 0x3F, 0x9F,
    0x9C, 0x7D, 0x53, 0x3E, 0x51, 0xA3, 0x2C, 0x85, 0x73, 0xA9, 0x9C, 0x66, 0x2A, 0xC8, 0x52, 0xFA,
    0x5B, 0xA4, 0x1D, 0xD7, 0xF7, 0xAD, 0xA8, 0xE2, 0x3B, 0x71, 0xB3, 0x44, 0x9B, 0xC6, 0xEA, 0x1B,
    0x61, 0xE2, 0xFA, 0x77, 0xA4, 0x3B, 0xA8, 0xC6, 0x4E, 0xCF, 0x8B, 0xEC, 0xA4, 0x10, 0x59, 0x32,
    0xE5, 0x24, 0x1D, 0xB2, 0xF1, 0x23, 0xBA, 0x3F, 0x08, 0x52, 0x0C, 0x8B, 0x32, 0x08, 0x52, 0x48,
    0x62, 0x85, 0xBF, 0x49, 0xD9, 0x4D, 0x77, 0x19, 0x2B, 0x9F, 0xFE, 0x01, 0xEE, 0xB3, 0x3E, 0xDC,
    0x0F, 0x7A, 0x74, 0xEA, 0x1E, 0xE5, 0x64, 0x1D, 0x18, 0x1F, 0xC1, 0xE2, 0x33, 0x24, 0x1F, 0x72,
    0x7D, 0xC8, 0x15, 0x33, 0x72, 0xED, 0xC0, 0xFE, 0x06, 0x2C, 0x3A, 0xE3, 0x0F, 0xF4, 0x60, 0x7A,
    0x53, 0x36, 0xF6, 0x77, 0xA1, 0xCD, 0x87, 0x1B, 0xEE, 0xC8, 0x8A, 0x7C, 0x5B, 0x94, 0x88, 0x7D,
    0x39, 0x38, 0x7F, 0x84, 0x35, 0x80, 0xD9, 0x4F, 0xCF, 0x35, 0xB4, 0x88, 0xAF, 0x45, 0xD8, 0x11,
    0xF8, 0x8C, 0x3E, 0x2E, 0xDB, 0xBF, 0x48, 0x9B, 0x5F, 0xB4, 0x23, 0x23, 0x48, 0xFF, 0x2D, 0xB0,
    0x76, 0x8A, 0xC9, 0x5D, 0x95, 0x5C, 0xFD, 0xA6, 0x64, 0x27, 0x5C, 0x7D, 0x08, 0x48, 0x58, 0x26,
    0x49, 0x14, 0x68, 0x06, 0xEE, 0xD4, 0x6B, 0x4A, 0xD1, 0x99, 0x55, 0x8F, 0xED, 0xCA, 0xE9, 0x7F,
    0x0B, 0xEC, 0x0C, 0x49, 0x02, 0x5B, 0x86, 0xB4, 0x83, 0x02, 0x89, 0x03, 0x65, 0x4D, 0x9C, 0xF9,
    0xBD, 0xA6, 0x0F, 0x1A, 0xD3, 0xB0, 0xA4, 0x58, 0x63, 0xD8, 0x51, 0x0F, 0x04, 0xFB, 0xFE, 0x14,
    0x6C, 0xFA, 0x6F, 0x81, 0xD9, 0x70, 0xB4, 0x75, 0xFE, 0x4C, 0x4B, 0x43, 0xF3, 0x32, 0x8E, 0x22,
    0x7B, 0xDD, 0x0A, 0x79, 0x13, 0x9B, 0x85, 0xF9, 0x3F, 0x9D, 0x53, 0x31, 0x6F, 0xD3, 0x40, 0x14,
    0xFE, 0x6C, 0x37, 0x31, 0xD4, 0x34, 0xC7, 0xC0, 0x50, 0x89, 0xBA, 0x66, 0xE8, 0x80, 0x84, 0x83,
    0x19, 0x2A, 0x11, 0x24, 0x13, 0x3F, 0x89, 0x3F, 0x90, 0x81, 0x05, 0x31, 0xD0, 0x7F, 0x90, 0x0C,
    0x41, 0x44, 0xA2, 0x34, 0x96, 0x3A, 0xB2, 0x30, 0xC1, 0xC0, 0x92, 0x81, 0x0D, 0x21, 0x3C, 0xA4,
    0x52, 0x2A, 0x15, 0x72, 0x52, 0x87, 0x0E, 0x2C, 0x16, 0x2B, 0x02, 0x59, 0x62, 0x60, 0xE8, 0xE2,
    0x21, 0x43, 0x84, 0xD2, 0x1E, 0xEF, 0x6C, 0x10, 0x15, 0x4A, 0x29, 0xE2, 0xDE, 0xE9, 0xCE, 0xE7,
    0xF7, 0xDE, 0x77, 0xDF, 0xBB, 0xFB, 0x0E, 0x06, 0x70, 0x00, 0x6C, 0x02, 0x6B, 0x40, 0x08, 0xEC,
    0x01, 0x5F, 0x60, 0x7C, 0x80, 0xB5, 0x4F, 0xD6, 0x9D, 0xD8, 0x31, 0xA5, 0x40, 0xE6, 0xA9, 0x3C,
    0x50, 0x93, 0x10, 0xBD, 0x91, 0x8E, 0xE0, 0xB6, 0x74, 0xD5, 0xEE, 0x98, 0x12, 0x08, 0x26, 0x57,
    0xEA, 0xA8, 0x55, 0xDA, 0xB7, 0xDA, 0x83, 0x60, 0x10, 0x8D, 0x55, 0x74, 0xA8, 0xBD, 0xEB, 0x69,
    0x4D, 0x3A, 0x3C, 0xDB, 0x6C, 0xCE, 0x1F, 0x26, 0xD8, 0x74, 0xBB, 0x21, 0xAF, 0x51, 0x8D, 0xE7,
    0xF9, 0x5E, 0x18, 0xFB, 0xC0, 0x1B, 0x94, 0xBB, 0x99, 0xC7, 0x24, 0x9E, 0x67, 0x3E, 0x86, 0x3D,
    0x84, 0x09, 0xFC, 0x04, 0x6E, 0x0E, 0x97, 0x47, 0x5E, 0x46, 0xAF, 0xA7, 0xCC, 0xCD, 0x56, 0x12,
    0x77, 0x4B, 0x5A, 0xB0, 0x3A, 0x30, 0x53, 0xFD, 0xED, 0x4C, 0x70, 0x7B, 0x15, 0x1D, 0x1B, 0x89,
    0x45, 0xB9, 0x15, 0xF3, 0x38, 0x72, 0x28, 0x52, 0xF0, 0x66, 0x30, 0x5A, 0xA8, 0x9C, 0x83, 0xB5,
    0x0C, 0x23, 0x07, 0x5A, 0x6C, 0x94, 0x23, 0x9B, 0xD7, 0xD3, 0xA1, 0x99, 0x6E, 0xBD, 0x95, 0x91,
    0x22, 0xFB, 0x88, 0x21, 0x2F, 0xAC, 0xDB, 0x03, 0x5D, 0x75, 0xEA, 0xA4, 0x42, 0x5B, 0x26, 0x32,
    0x6F, 0xB7, 0xDF, 0x57, 0xC1, 0xA1, 0x01, 0xC7, 0x85, 0x73, 0x54, 0x72, 0xC7, 0x59, 0x68, 0x31,
    0xA3, 0xB9, 0x0D, 0x6F, 0x0A, 0x50, 0xA5, 0x44, 0xD2, 0x58, 0x79, 0xF0, 0x5E, 0xF5, 0x95, 0xF7,
    0x94, 0x8F, 0x01, 0x2E, 0x1F, 0xA2, 0xA6, 0xA6, 0x51, 0xDD, 0xB3, 0x51, 0x9F, 0xDC, 0xD7, 0xA8,
    0xCE, 0x71, 0x11, 0xE7, 0xA2, 0x81, 0x0C, 0xE4, 0x36, 0xDC, 0x86, 0x5E, 0xFE, 0x26, 0x9B, 0x7B,
    0xBB, 0x63, 0x26, 0xFB, 0x89, 0x7F, 0x2E, 0x14, 0xC8, 0xEF, 0xC0, 0x81, 0xFF, 0xC8, 0x77, 0x01,
    0xAB, 0xA3, 0xD3, 0x18, 0x57, 0x01, 0x2B, 0x2E, 0x8E, 0xFD, 0xBF, 0x18, 0x2F, 0xF3, 0xA5, 0xDB,
    0xB1, 0xF1, 0x57, 0xC6, 0xE6, 0x01, 0x99, 0x8A, 0xB4, 0x77, 0x9E, 0x44, 0x6B, 0x85, 0x44, 0xA3,
    0x5F, 0x12, 0x75, 0x43, 0xBE, 0x64, 0x68, 0x75, 0x5E, 0xAC, 0x63, 0xF1, 0xB2, 0xEA, 0x06, 0x83,
    0x60, 0x87, 0xEF, 0xC9, 0x7B, 0xA9, 0xD5, 0xB4, 0x0D, 0x7C, 0x06, 0x8A, 0x9D, 0x4C, 0x95, 0x0A,
    0xEA, 0x31, 0x62, 0x17, 0x48, 0xCA, 0xEE, 0xCC, 0xB8, 0xB3, 0xB2, 0x9A, 0xB4, 0xE9, 0xA9, 0x99,
    0xAD, 0x26, 0xB8, 0xA7, 0xB7, 0x3D, 0xBF, 0xA2, 0x95, 0x65, 0x94, 0xCA, 0xFA, 0x4A, 0xEB, 0x7D,
    0xDA, 0x10, 0x14, 0x0B, 0x92, 0x82, 0x9E, 0x09, 0x7A, 0xD8, 0x67, 0x65, 0x91, 0xF3, 0x0D, 0x5C,
    0xC9, 0x5A, 0x80, 0xE8, 0x08, 0xD1, 0x14, 0x86, 0xCE, 0x6B, 0x81, 0x05, 0x63, 0xB3, 0x32, 0x71,
    0xA2, 0xC5, 0xE6, 0x58, 0x8A, 0x17, 0x79, 0x68, 0xF5, 0xBA, 0x8E, 0x9F, 0x2C, 0xB9, 0xC9, 0x8A,
    0x9B, 0xF8, 0xEE, 0xB0, 0xE1, 0x6F, 0xED, 0xEC, 0x71, 0x11, 0x42, 0x65, 0xD6, 0x31, 0xE9, 0x74,
    0x7E, 0x9A, 0xB5, 0x82, 0x6A, 0x72, 0x32, 0x9D, 0xEC, 0xEF, 0xF2, 0xBA, 0x87, 0x86, 0x88, 0xBB,
    0x37, 0x65, 0xE7, 0xA3, 0x7C, 0xB4, 0x2D, 0x9B, 0x56, 0x5C, 0xF7, 0xF0, 0x78, 0x0A, 0x9D, 0xF4,
    0x0A, 0x81, 0x42, 0xD7, 0xF8, 0x59, 0xD1, 0x16, 0x69, 0xC9, 0xA3, 0xCD, 0xCF, 0x31, 0xE6, 0x6B,
    0xDA, 0x79, 0x10, 0x8F, 0x15, 0x82, 0x29, 0x4C, 0x5E, 0xA5, 0xB0, 0x24, 0x2C, 0x42, 0x05, 0xA8,
    0xB6, 0x9A, 0xA3, 0x84, 0xE3, 0x9B, 0x54, 0x9D, 0x20, 0xA4, 0x50, 0xCD, 0xFA, 0x59, 0x15, 0x82,
    0x04, 0x53, 0x5F, 0xD6, 0xBB, 0x2A, 0x35, 0xC5, 0xB0, 0x40, 0x1C, 0x9E, 0xD2, 0x59, 0x1D, 0x1B,
    0xC5, 0x07, 0xBF, 0xAA, 0x14, 0x46, 0x8C, 0x4B, 0xF0, 0xD9, 0x94, 0xF4, 0x51, 0x5A, 0x88, 0x3A,
    0x05, 0xB9, 0x93, 0x2F, 0xF2, 0x31, 0xD5, 0xB0, 0xC2, 0xFE, 0x1F, 0x13, 0x10, 0x60, 0x30, 0x50,
    0x68, 0x28, 0x28, 0xB0, 0xB1, 0xB1, 0xD8, 0xE0, 0xC0, 0xC0, 0xC0, 0xED, 0xC0, 0x7B, 0xC0, 0x24,
    0x41, 0xD4, 0x61, 0x7F, 0x03, 0x00, 0x45, 0x4E, 0x31, 0x6A, 0xC3, 0x40, 0x10, 0x1C, 0xE9, 0x30,
    0x06, 0x47, 0x4E, 0x9A, 0x94, 0xC2, 0x69, 0x53, 0x08, 0x64, 0xB0, 0x0A, 0x11, 0x2E, 0x44, 0xF8,
    0x05, 0xFE, 0x87, 0x9B, 0xC3, 0x5C, 0xA1, 0xCE, 0x47, 0x5E, 0xE0, 0x27, 0xA8, 0x57, 0x73, 0x60,
    0x17, 0xEE, 0xB4, 0xE0, 0x22, 0xAD, 0x20, 0x1F, 0x50, 0xAB, 0x2E, 0x04, 0x95, 0xC6, 0x97, 0xBD,
    0x18, 0xE3, 0x19, 0x76, 0x98, 0xDD, 0xBD, 0x5B, 0x06, 0x80, 0x73, 0x06, 0x1E, 0x8E, 0x41, 0xB1,
    0x2C, 0x87, 0x83, 0x94, 0xB9, 0x5A, 0xE5, 0xB9, 0xAA, 0xE2, 0x48, 0x26, 0x65, 0x39, 0x1C, 0x87,
    0xA3, 0x64, 0xE4, 0x5A, 0xD9, 0xD5, 0x0E, 0x90, 0xEF, 0x4C, 0xA9, 0x33, 0xAB, 0x84, 0xF1, 0x5C,
    0xF7, 0x75, 0x7F, 0x75, 0x77, 0x86, 0x05, 0x70, 0x75, 0x75, 0xBF, 0xBE, 0x6D, 0xC9, 0x5D, 0x9A,
    0x8B, 0x20, 0x41, 0xA1, 0x99, 0x61, 0x6B, 0x1A, 0x6A, 0x28, 0xC5, 0xF9, 0x69, 0xF9, 0x73, 0xAB,
    0x11, 0x46, 0x1C, 0xE4, 0x8D, 0x62, 0xD6, 0xAA, 0xCA, 0x58, 0x3B, 0x6B, 0x59, 0x6D, 0xD7, 0xB2,
    0x6E, 0xBF, 0x7D, 0xD0, 0xF4, 0x2B, 0xC0, 0x33, 0x30, 0x4D, 0x5B, 0xC7, 0x51, 0xE6, 0x9B, 0x53,
    0x01, 0xAD, 0x16, 0x9F, 0x06, 0x9D, 0xDE, 0x9F, 0x4C, 0x48, 0x1F, 0xBF, 0xAE, 0x18, 0x9B, 0x17,
    0xDE, 0x06, 0x4C, 0x0F, 0x81, 0x47, 0x68, 0x58, 0x24, 0x78, 0x40, 0xC8, 0x7D, 0xCB, 0xDD, 0x8C,
    0x7D, 0xC2, 0x33, 0x7F, 0xD1, 0x40, 0x14, 0x18, 0x03, 0x11, 0xF0, 0x0A, 0x28, 0xFF, 0x20, 0x20,
    0xFE, 0x85, 0x09, 0xC0, 0x49, 0xB2, 0xFF, 0xD9, 0x1F, 0x63, 0x60, 0x65, 0x60, 0xF8, 0x75, 0x81,
    0xB9, 0x41, 0x80, 0x9B, 0x81, 0x81, 0x8F, 0x81, 0x61, 0xFF, 0x7F, 0x06, 0x5E, 0x06, 0x06, 0xB9,
    0x10, 0x86, 0xFD, 0x7F, 0x18, 0xF8, 0x19, 0x18, 0xD8, 0x0F, 0x2C, 0x60, 0xFE, 0xFF, 0x80, 0x61,
    0x7F, 0x03, 0x03, 0x03, 0x03, 0x00, 0x5D, 0x90, 0xBF, 0x4A, 0xC3, 0x50, 0x14, 0xC6, 0x7F, 0xB9,
    0xB1, 0x94, 0xDA, 0x16, 0xD7, 0xA2, 0x71, 0xEB, 0xD0, 0xC5, 0x3F, 0xA3, 0x0E, 0xD2, 0xE0, 0x13,
    0x54, 0x30, 0x93, 0x83, 0xAB, 0x5B, 0x3B, 0x74, 0xE8, 0x10, 0xF0, 0x0E, 0x3E, 0x40, 0x1E, 0xC1,
    0x42, 0x27, 0x51, 0x70, 0x10, 0xEC, 0x20, 0x24, 0x20, 0xB8, 0xDA, 0xBE, 0x41, 0x06, 0xDD, 0x33,
    0x64, 0x48, 0x24, 0x7A, 0x3D, 0x49, 0xEB, 0xE2, 0xE1, 0x37, 0x1C, 0xCE, 0xF9, 0xCE, 0xC7, 0x77,
    0xAF, 0xD2, 0xED, 0x11, 0x1D, 0x9C, 0x9A, 0xD3, 0xBD, 0x1F, 0xF8, 0xDA, 0xD7, 0x4F, 0xD3, 0xA4,
    0x1F, 0x01, 0x3E, 0x3C, 0xC0, 0x1B, 0xD6, 0x2B, 0xF6, 0xA9, 0xB6, 0xAD, 0x68, 0x93, 0x45, 0x8B,
    0x5B, 0x87, 0xC3, 0x63, 0x6F, 0xDC, 0x37, 0x45, 0x68, 0xBE, 0x8D, 0x49, 0xBE, 0xEE, 0x92, 0x04,
    0x21, 0x5D, 0x91, 0xAE, 0xC9, 0x52, 0xE6, 0x42, 0xB6, 0xE6, 0x45, 0x10, 0xCB, 0xD0, 0x64, 0x27,
    0xB0, 0xE5, 0xA2, 0x16, 0x30, 0x87, 0x7D, 0xA8, 0x47, 0xA8, 0x98, 0xA6, 0x46, 0x16, 0x09, 0x75,
    0xCD, 0x5E, 0x29, 0x2B, 0x8C, 0x29, 0x44, 0x6F, 0x4C, 0xE6, 0x79, 0xE7, 0x33, 0xF1, 0x63, 0x0C,
    0x1A, 0x22, 0x2C, 0x17, 0x1B, 0x14, 0x7E, 0x03, 0xA7, 0x45, 0xBB, 0x43, 0xB3, 0x4B, 0x7D, 0x84,
    0x1D, 0xA3, 0xA2, 0x72, 0x2F, 0xB5, 0x0D, 0x67, 0x37, 0xE8, 0xC7, 0x0D, 0x3D, 0xE9, 0x4E, 0x4D,
    0xDA, 0x7F, 0x4F, 0x1A, 0x72, 0xD5, 0x80, 0x21, 0x2C, 0x2B, 0x8F, 0x0A, 0xF5, 0x0F, 0x8D, 0x2D,
    0xB8, 0x3C, 0xC3, 0xA4, 0xB4, 0xE1, 0x20, 0xEE, 0x7D, 0x0E, 0xE3, 0xB2, 0x09, 0x7A, 0x79, 0x98,
    0xBA, 0x35, 0xB7, 0xCC, 0xA0, 0x22, 0xEF, 0x22, 0x90, 0x60, 0x1C, 0x95, 0x81, 0xA5, 0xB9, 0xF4,
    0x06, 0xBB, 0xC8, 0x0F, 0x56, 0x65, 0xCD, 0xAD, 0x30, 0x18, 0x7E, 0xF0, 0x03, 0x3B, 0xB9, 0x5C,
    0x4A, 0xF2, 0xAB, 0xBF, 0x87, 0x0C, 0xA4, 0xC9, 0x57, 0x73, 0x51, 0xA8, 0x4C, 0x94, 0xD7, 0x0B,
    0x66, 0xD5, 0xDD, 0x4A, 0xF0, 0x0B, 0x63, 0xDC, 0xE8, 0xC0, 0x3F, 0xE9, 0x00, 0x2F, 0x83, 0x83,
    0x0C, 0x03, 0xC3, 0xFF, 0xFF, 0x07, 0x64, 0x99, 0x50, 0x11, 0x33, 0x08, 0xE9, 0x32, 0x1F, 0x60,
    0x60, 0x60, 0x60, 0x5C, 0xE5, 0xC0, 0xBF, 0xFA, 0x00, 0x0F, 0xD3, 0x01, 0x19, 0xA6, 0x03, 0xFF,
    0x1F, 0x1D, 0xD0, 0x05, 0x2B, 0xD0, 0x05, 0x23, 0x3D, 0x28, 0xBA, 0xA0, 0xC7, 0xF4, 0x00, 0xA8,
    0x12, 0x00,
};

static const EpdGlyph opendyslexic_8_regularGlyphs[] = {
    { 0, 0, 0, 0, 0, 0, 0 }, // U+0000
    { 0, 0, 104, 0, 0, 0, 0 }, // U+0020
    { 3, 14, 74, 1, 13, 11, 0 }, // !
    { 6, 5, 117, 1, 12, 8, 11 }, // "
    { 12, 13, 222, 1, 12, 39, 19 }, // #
    { 9, 16, 165, 1, 13, 36, 58 }, // $
    { 15, 13, 263, 1, 13, 49, 94 }, // %
    { 12, 13, 222, 1, 13, 39, 143 }, // &
    { 2, 5, 61, 1, 12, 3, 182 }, // '
    { 5, 15, 94, 1, 13, 19, 185 }, // (
    { 5, 15, 94, 0, 13, 19, 204 }, // )
    { 9, 8, 166, 1, 12, 18, 223 }, // *
    { 11, 11, 206, 1, 11, 31, 241 }, // +
    { 4, 5, 85, 1, 2, 5, 272 }, // ,
    { 5, 2, 110, 1, 6, 3, 277 }, // -
    { 3, 3, 78, 1, 3, 3, 280 }, // .
    { 7, 14, 134, 1, 12, 25, 283 }, // /
    { 9, 13, 173, 1, 13, 30, 308 }, // 0
    { 8, 13, 155, 1, 13, 26, 338 }, // 1
    { 8, 13, 162, 1, 13, 26, 364 }, // 2
    { 9, 14, 167, 1, 13, 32, 390 }, // 3
    { 10, 13, 181, 1, 13, 33, 422 }, // 4
    { 9, 14, 165, 1, 13, 32, 455 }, // 5
    { 9, 14, 173, 1, 13, 32, 487 }, // 6
    { 8, 13, 163, 1, 13, 26, 519 }, // 7
    { 9, 13, 178, 1, 12, 30, 545 }, // 8
    { 9, 14, 173, 1, 13, 32, 575 }, // 9
    { 3, 10, 73, 1, 10, 8, 607 }, // :
    { 3, 13, 82, 1, 10, 10, 615 }, // ;
    { 12, 10, 213, 1, 10, 30, 625 }, // <
    { 11, 6, 206, 1, 8, 17, 655 }, // =
    { 12, 10, 213, 1, 11, 30, 672 }, // >
    { 7, 14, 142, 1, 13, 25, 702 }, // ?
    { 15, 15, 270, 1, 12, 57, 727 }, // @
    { 12, 13, 217, 1, 13, 39, 784 }, // A
    { 9, 13, 180, 1, 13, 30, 823 }, // B
    { 11, 13, 196, 1, 13, 36, 853 }, // C
    { 11, 13, 202, 1, 13, 36, 889 }, // D
    { 9, 12, 164, 1, 12, 27, 925 }, // E
    { 8, 13, 151, 1, 12, 26, 952 }, // F
    { 11, 14, 209, 1, 13, 39, 978 }, // G
    { 10, 13, 190, 1, 13, 33, 1017 }, // H
    { 3, 13, 71, 1, 13, 10, 1050 }, // I
    { 6, 16, 121, 1, 12, 24, 1060 }, // J
    { 11, 13, 196, 1, 13, 36, 1084 }, // K
    { 8, 13, 161, 1, 13, 26, 1120 }, // L
    { 12, 13, 222, 1, 13, 39, 1146 }, // M
    { 10, 13, 189, 1, 13, 33, 1185 }, // N
    { 12, 13, 219, 1, 13, 39, 1218 }, // O
    { 9, 13, 171, 1, 13, 30, 1257 }, // P
    { 13, 15, 228, 1, 12, 49, 1287 }, // Q
    { 10, 13, 190, 1, 13, 33, 1336 }, // R
    { 9, 13, 176, 1, 13, 30, 1369 }, // S
    { 11, 13, 204, 1, 13, 36, 1399 }, // T
    { 10, 13, 188, 1, 13, 33, 1435 }, // U
    { 12, 13, 217, 1, 13, 39, 1468 }, // V
    { 16, 13, 285, 1, 13, 52, 1507 }, // W
    { 11, 13, 206, 1, 13, 36, 1559 }, // X
    { 11, 13, 203, 1, 13, 36, 1595 }, // Y
    { 11, 13, 198, 1, 13, 36, 1631 }, // Z
    { 4, 15, 88, 1, 13, 15, 1667 }, // [
    { 6, 14, 121, 1, 12, 21, 1682 }, // <backslash>
    { 5, 15, 88, 0, 13, 19, 1703 }, // ]
    { 11, 5, 206, 1, 12, 14, 1722 }, // ^
    { 9, 2, 178, 1, -2, 5, 1736 }, // _
    { 5, 4, 101, 1, 14, 5, 1741 }, // `
    { 8, 11, 162, 1, 10, 22, 1746 }, // a
    { 9, 14, 170, 1, 13, 32, 1768 }, // b
    { 8, 10, 154, 1, 10, 20, 1800 }, // c
    { 9, 13, 172, 1, 13, 30, 1820 }, // d
    { 9, 11, 173, 1, 10, 25, 1850 }, // e
    { 6, 14, 126, 1, 13, 21, 1875 }, // f
    { 9, 15, 172, 1, 10, 34, 1896 }, // g
    { 9, 13, 166, 1, 13, 30, 1930 }, // h
    { 3, 14, 70, 1, 13, 11, 1960 }, // i
    { 5, 18, 95, 0, 13, 23, 1971 }, // j
    { 9, 13, 172, 1, 13, 30, 1994 }, // k
    { 4, 12, 91, 1, 12, 12, 2024 }, // l
    { 14, 10, 258, 1, 10, 35, 2036 }, // m
    { 9, 10, 170, 1, 10, 23, 2071 }, // n
    { 9, 10, 173, 1, 10, 23, 2094 }, // o
    { 9, 13, 177, 1, 9, 30, 2117 }, // p
    { 10, 13, 194, 1, 9, 33, 2147 }, // q
    { 6, 10, 128, 1, 10, 15, 2180 }, // r
    { 8, 10, 150, 1, 10, 20, 2195 }, // s
    { 6, 12, 130, 1, 12, 18, 2215 }, // t
    { 8, 10, 162, 1, 10, 20, 2233 }, // u
    { 10, 10, 181, 1, 10, 25, 2253 }, // v
    { 13, 10, 235, 1, 10, 33, 2278 }, // w
    { 10, 10, 186, 1, 10, 25, 2311 }, // x
    { 10, 13, 181, 1, 9, 33, 2336 }, // y
    { 8, 11, 157, 1, 10, 22, 2369 }, // z
    { 7, 16, 138, 1, 13, 28, 2391 }, // {
    { 3, 17, 66, 1, 13, 13, 2419 }, // |
    { 8, 16, 119, 0, 13, 32, 2432 }, // }
    { 11, 4, 206, 1, 7, 11, 2464 }, // ~
    { 0, 0, 209, 0, 0, 0, 0 }, // U+00A0
    { 3, 14, 78, 1, 13, 11, 0 }, // U+00A1
    { 8, 15, 156, 1, 12, 30, 11 }, // U+00A2
    { 9, 14, 171, 1, 13, 32, 41 }, // U+00A3
    { 10, 10, 185, 1, 11, 25, 73 }, // U+00A4
    { 10, 13, 190, 1, 13, 33, 98 }, // U+00A5
    { 3, 18, 61, 1, 13, 14, 131 }, // U+00A6
    { 8, 15, 148, 1, 13, 30, 145 }, // U+00A7
    { 6, 2, 122, 1, 13, 3, 175 }, // U+00A8
    { 13, 13, 232, 1, 12, 43, 178 }, // U+00A9
    { 7, 10, 132, 1, 13, 18, 221 }, // U+00AA
    { 9, 8, 164, 1, 9, 18, 239 }, // U+00AB
    { 11, 5, 210, 1, 7, 14, 257 }, // U+00AC
    { 5, 2, 110, 1, 6, 3, 271 }, // U+00AD
    { 13, 12, 232, 1, 12, 39, 274 }, // U+00AE
    { 6, 2, 117, 1, 13, 3, 313 }, // U+00AF
    { 6, 6, 122, 1, 13, 9, 316 }, // U+00B0
    { 11, 11, 206, 1, 11, 31, 325 }, // U+00B1
    { 6, 8, 117, 1, 13, 12, 356 }, // U+00B2
    { 6, 8, 120, 1, 13, 12, 368 }, // U+00B3
    { 5, 4, 109, 1, 14, 5, 380 }, // U+00B4
    { 10, 13, 186, 1, 9, 33, 385 }, // U+00B5
    { 10, 14, 187, 1, 12, 35, 418 }, // U+00B6
    { 2, 3, 67, 1, 7, 2, 453 }, // U+00B7
    { 4, 4, 93, 1, 0, 4, 455 }, // U+00B8
    { 5, 7, 114, 1, 12, 9, 459 }, // U+00B9
    { 7, 10, 140, 1, 13, 18, 468 }, // U+00BA
    { 8, 9, 163, 1, 9, 18, 486 }, // U+00BB
    { 14, 13, 257, 1, 13, 46, 504 }, // U+00BC
    { 14, 13, 258, 1, 13, 46, 550 }, // U+00BD
    { 14, 14, 255, 1, 13, 49, 596 }, // U+00BE
    { 7, 14, 143, 1, 13, 25, 645 }, // U+00BF
    { 12, 20, 217, 1, 19, 60, 670 }, // U+00C0
    { 12, 20, 217, 1, 19, 60, 730 }, // U+00C1
    { 12, 17, 217, 1, 16, 51, 790 }, // U+00C2
    { 12, 19, 217, 1, 18, 57, 841 }, // U+00C3
    { 12, 16, 217, 1, 15, 48, 898 }, // U+00C4
    { 12, 18, 217, 1, 17, 54, 946 }, // U+00C5
    { 16, 14, 283, 0, 13, 56, 1000 }, // U+00C6
    { 11, 15, 196, 1, 12, 42, 1056 }, // U+00C7
    { 9, 20, 164, 1, 20, 45, 1098 }, // U+00C8
    { 9, 20, 164, 1, 20, 45, 1143 }, // U+00C9
    { 9, 16, 164, 1, 16, 36, 1188 }, // U+00CA
    { 9, 16, 164, 1, 16, 36, 1224 }, // U+00CB
    { 5, 21, 71, -1, 20, 27, 1260 }, // U+00CC
    { 5, 21, 71, 1, 20, 27, 1287 }, // U+00CD
    { 6, 18, 71, -1, 17, 27, 1314 }, // U+00CE
    { 6, 17, 71, -1, 16, 26, 1341 }, // U+00CF
    { 12, 13, 231, 1, 13, 39, 1367 }, // U+00D0
    { 10, 19, 189, 1, 19, 48, 1406 }, // U+00D1
    { 12, 21, 219, 1, 20, 63, 1454 }, // U+00D2
    { 12, 21, 219, 1, 20, 63, 1517 }, // U+00D3
    { 12, 18, 219, 1, 17, 54, 1580 }, // U+00D4
    { 12, 20, 219, 1, 19, 60, 1634 }, // U+00D5
    { 12, 17, 219, 1, 16, 51, 1694 }, // U+00D6
    { 10, 10, 183, 1, 10, 25, 1745 }, // U+00D7
    { 12, 14, 219, 1, 13, 42, 1770 }, // U+00D8
    { 10, 21, 188, 1, 20, 53, 1812 }, // U+00D9
    { 10, 20, 188, 1, 20, 50, 1865 }, // U+00DA
    { 10, 18, 188, 1, 17, 45, 1915 }, // U+00DB
    { 10, 17, 188, 1, 16, 43, 1960 }, // U+00DC
    { 11, 20, 203, 1, 20, 55, 2003 }, // U+00DD
    { 9, 14, 165, 1, 13, 32, 2058 }, // U+00DE
    { 10, 13, 185, 1, 13, 33, 2090 }, // U+00DF
    { 8, 18, 162, 1, 17, 36, 2123 }, // U+00E0
    { 8, 18, 162, 1, 17, 36, 2159 }, // U+00E1
    { 8, 15, 162, 1, 14, 30, 2195 }, // U+00E2
    { 8, 17, 162, 1, 16, 34, 2225 }, // U+00E3
    { 8, 14, 162, 1, 13, 28, 2259 }, // U+00E4
    { 8, 16, 162, 1, 15, 32, 2287 }, // U+00E5
    { 16, 11, 289, 1, 10, 44, 2319 }, // U+00E6
    { 8, 13, 154, 1, 9, 26, 2363 }, // U+00E7
    { 9, 18, 173, 1, 17, 41, 2389 }, // U+00E8
    { 9, 18, 173, 1, 17, 41, 2430 }, // U+00E9
    { 9, 15, 173, 1, 14, 34, 2471 }, // U+00EA
    { 9, 14, 173, 1, 13, 32, 2505 }, // U+00EB
    { 5, 15, 102, 1, 14, 19, 2537 }, // U+00EC
    { 5, 14, 109, 1, 14, 18, 2556 }, // U+00ED
    { 6, 15, 122, 1, 14, 23, 2574 }, // U+00EE
    { 6, 13, 122, 1, 13, 20, 2597 }, // U+00EF
    { 9, 14, 173, 1, 13, 32, 2617 }, // U+00F0
    { 9, 17, 170, 1, 16, 39, 2649 }, // U+00F1
    { 9, 18, 173, 1, 17, 41, 2688 }, // U+00F2
    { 9, 18, 173, 1, 17, 41, 2729 }, // U+00F3
    { 9, 15, 173, 1, 14, 34, 2770 }, // U+00F4
    { 9, 17, 173, 1, 16, 39, 2804 }, // U+00F5
    { 9, 14, 173, 1, 13, 32, 2843 }, // U+00F6
    { 12, 10, 213, 1, 10, 30, 2875 }, // U+00F7
    { 10, 11, 184, 1, 10, 28, 2905 }, // U+00F8
    { 8, 18, 162, 1, 17, 36, 2933 }, // U+00F9
    { 8, 17, 162, 1, 17, 34, 2969 }, // U+00FA
    { 8, 15, 162, 1, 14, 30, 3003 }, // U+00FB
    { 8, 14, 162, 1, 13, 28, 3033 }, // U+00FC
    { 10, 21, 181, 1, 17, 53, 3061 }, // U+00FD
    { 9, 17, 166, 2, 13, 39, 3114 }, // U+00FE
    { 10, 17, 181, 1, 13, 43, 3153 }, // U+00FF
    { 12, 15, 217, 1, 15, 45, 0 }, // U+0100
    { 8, 13, 162, 1, 12, 26, 45 }, // U+0101
    { 12, 16, 217, 1, 15, 48, 71 }, // U+0102
    { 8, 14, 162, 1, 13, 28, 119 }, // U+0103
    { 12, 16, 217, 1, 12, 48, 147 }, // U+0104
    { 9, 12, 162, 1, 9, 27, 195 }, // U+0105
    { 11, 21, 196, 1, 20, 58, 222 }, // U+0106
    { 8, 18, 154, 1, 17, 36, 280 }, // U+0107
    { 11, 17, 196, 1, 16, 47, 316 }, // U+010A
    { 8, 14, 154, 1, 13, 28, 363 }, // U+010B
    { 11, 18, 196, 1, 17, 50, 391 }, // U+010C
    { 8, 15, 154, 1, 14, 30, 441 }, // U+010D
    { 11, 18, 202, 1, 17, 50, 471 }, // U+010E
    { 13, 15, 172, 1, 15, 49, 521 }, // U+010F
    { 11, 16, 202, 1, 15, 44, 570 }, // U+0110
    { 10, 14, 189, 1, 13, 35, 614 }, // U+0111
    { 9, 15, 164, 1, 15, 34, 649 }, // U+0112
    { 9, 13, 173, 1, 12, 30, 683 }, // U+0113
    { 9, 16, 164, 1, 16, 36, 713 }, // U+0116
    { 9, 14, 173, 1, 13, 32, 749 }, // U+0117
    { 9, 16, 164, 1, 12, 36, 781 }, // U+0118
    { 9, 13, 173, 1, 9, 30, 817 }, // U+0119
    { 9, 17, 164, 1, 17, 39, 847 }, // U+011A
    { 9, 15, 173, 1, 14, 34, 886 }, // U+011B
    { 11, 17, 209, 1, 16, 47, 920 }, // U+011E
    { 9, 18, 172, 1, 13, 41, 967 }, // U+011F
    { 11, 17, 209, 1, 16, 47, 1008 }, // U+0120
    { 9, 18, 172, 1, 13, 41, 1055 }, // U+0121
    { 11, 19, 209, 1, 13, 53, 1096 }, // U+0122
    { 9, 19, 172, 1, 10, 43, 1149 }, // U+0123
    { 12, 12, 190, 0, 12, 36, 1192 }, // U+0126
    { 10, 13, 166, 0, 13, 33, 1228 }, // U+0127
    { 6, 19, 71, -1, 19, 29, 1261 }, // U+0128
    { 6, 16, 70, -1, 16, 24, 1290 }, // U+0129
    { 6, 16, 71, -1, 15, 24, 1314 }, // U+012A
    { 6, 13, 70, -1, 12, 20, 1338 }, // U+012B
    { 4, 16, 71, 0, 12, 16, 1358 }, // U+012E
    { 4, 16, 70, 0, 13, 16, 1374 }, // U+012F
    { 3, 17, 71, 1, 16, 13, 1390 }, // U+0130
    { 3, 10, 70, 1, 10, 8, 1403 }, // U+0131
    { 9, 16, 178, 1, 12, 36, 1411 }, // U+0132
    { 9, 18, 165, 1, 13, 41, 1447 }, // U+0133
    { 11, 19, 196, 1, 13, 53, 1488 }, // U+0136
    { 9, 18, 172, 1, 13, 41, 1541 }, // U+0137
    { 8, 21, 161, 1, 20, 42, 1582 }, // U+0139
    { 6, 20, 91, 1, 20, 30, 1624 }, // U+013A
    { 8, 19, 161, 1, 13, 38, 1654 }, // U+013B
    { 5, 17, 91, 0, 12, 22, 1692 }, // U+013C
    { 8, 14, 161, 1, 14, 28, 1714 }, // U+013D
    { 6, 15, 91, 1, 15, 23, 1742 }, // U+013E
    { 8, 13, 161, 1, 13, 26, 1765 }, // U+013F
    { 5, 13, 91, 1, 13, 17, 1791 }, // U+0140
    { 10, 13, 189, 1, 13, 33, 1808 }, // U+0141
    { 5, 13, 81, 0, 13, 17, 1841 }, // U+0142
    { 10, 20, 189, 1, 20, 50, 1858 }, // U+0143
    { 9, 18, 170, 1, 17, 41, 1908 }, // U+0144
    { 10, 18, 189, 1, 13, 45, 1949 }, // U+0145
    { 9, 15, 170, 1, 10, 34, 1994 }, // U+0146
    { 10, 17, 189, 1, 17, 43, 2028 }, // U+0147
    { 9, 15, 170, 1, 14, 34, 2071 }, // U+0148
    { 10, 16, 189, 1, 12, 40, 2105 }, // U+014A
    { 9, 13, 170, 1, 9, 30, 2145 }, // U+014B
    { 12, 16, 219, 1, 15, 48, 2175 }, // U+014C
    { 9, 13, 173, 1, 12, 30, 2223 }, // U+014D
    { 12, 18, 219, 1, 17, 54, 2253 }, // U+0150
    { 9, 15, 173, 1, 14, 34, 2307 }, // U+0151
    { 17, 14, 304, 1, 13, 60, 2341 }, // U+0152
    { 17, 10, 300, 1, 9, 43, 2401 }, // U+0153
    { 10, 20, 190, 1, 20, 50, 2444 }, // U+0154
    { 6, 18, 128, 1, 17, 27, 2494 }, // U+0155
    { 10, 18, 190, 1, 13, 45, 2521 }, // U+0156
    { 7, 15, 128, 0, 10, 27, 2566 }, // U+0157
    { 10, 17, 190, 1, 17, 43, 2593 }, // U+0158
    { 7, 15, 128, 0, 14, 27, 2636 }, // U+0159
    { 9, 21, 176, 1, 20, 48, 2663 }, // U+015A
    { 8, 18, 150, 1, 17, 36, 2711 }, // U+015B
    { 9, 15, 176, 1, 12, 34, 2747 }, // U+015E
    { 8, 12, 150, 1, 9, 24, 2781 }, // U+015F
    { 9, 18, 176, 1, 17, 41, 2805 }, // U+0160
    { 8, 15, 150, 1, 14, 30, 2846 }, // U+0161
    { 11, 16, 204, 1, 12, 44, 2876 }, // U+0162
    { 6, 16, 130, 1, 12, 24, 2920 }, // U+0163
    { 11, 18, 204, 1, 17, 50, 2944 }, // U+0164
    { 7, 16, 130, 1, 16, 28, 2994 }, // U+0165
    { 11, 16, 204, 1, 15, 44, 3022 }, // U+0166
    { 7, 14, 130, 0, 14, 25, 3066 }, // U+0167
    { 10, 20, 188, 1, 19, 50, 3091 }, // U+0168
    { 8, 17, 162, 1, 16, 34, 3141 }, // U+0169
    { 10, 16, 188, 1, 15, 40, 3175 }, // U+016A
    { 8, 13, 162, 1, 12, 26, 3215 }, // U+016B
    { 10, 19, 188, 1, 18, 48, 3241 }, // U+016E
    { 8, 16, 162, 1, 15, 32, 3289 }, // U+016F
    { 10, 18, 188, 1, 17, 45, 3321 }, // U+0170
    { 8, 15, 162, 1, 14, 30, 3366 }, // U+0171
    { 10, 16, 188, 1, 12, 40, 3396 }, // U+0172
    { 9, 13, 162, 1, 10, 30, 3436 }, // U+0173
    { 16, 17, 285, 1, 17, 68, 3466 }, // U+0174
    { 13, 14, 235, 1, 14, 46, 3534 }, // U+0175
    { 11, 18, 203, 1, 17, 50, 3580 }, // U+0176
    { 10, 18, 181, 1, 14, 45, 3630 }, // U+0177
    { 11, 17, 203, 1, 16, 47, 3675 }, // U+0178
    { 11, 21, 198, 1, 20, 58, 3722 }, // U+0179
    { 8, 18, 157, 1, 17, 36, 3780 }, // U+017A
    { 11, 17, 198, 1, 16, 47, 3816 }, // U+017B
    { 8, 14, 157, 1, 13, 28, 3863 }, // U+017C
    { 11, 18, 198, 1, 17, 50, 3891 }, // U+017D
    { 8, 15, 157, 1, 14, 30, 3941 }, // U+017E
    { 12, 17, 217, 1, 16, 51, 0 }, // U+01CD
    { 8, 15, 162, 1, 14, 30, 51 }, // U+01CE
    { 6, 18, 71, -1, 17, 27, 81 }, // U+01CF
    { 6, 15, 70, -1, 14, 23, 108 }, // U+01D0
    { 12, 18, 219, 1, 17, 54, 131 }, // U+01D1
    { 9, 15, 173, 1, 14, 34, 185 }, // U+01D2
    { 10, 17, 188, 1, 17, 43, 219 }, // U+01D3
    { 8, 15, 162, 1, 14, 30, 262 }, // U+01D4
    { 10, 16, 188, 1, 16, 40, 292 }, // U+01D5
    { 8, 13, 162, 1, 13, 26, 332 }, // U+01D6
    { 10, 21, 188, 1, 20, 53, 358 }, // U+01D7
    { 8, 18, 162, 1, 17, 36, 411 }, // U+01D8
    { 10, 17, 188, 1, 17, 43, 447 }, // U+01D9
    { 8, 14, 162, 1, 14, 28, 490 }, // U+01DA
    { 10, 21, 188, 1, 20, 53, 518 }, // U+01DB
    { 8, 18, 162, 1, 17, 36, 571 }, // U+01DC
    { 12, 15, 217, 1, 15, 45, 607 }, // U+01DE
    { 8, 13, 162, 1, 13, 26, 652 }, // U+01DF
    { 11, 18, 209, 1, 17, 50, 678 }, // U+01E6
    { 9, 19, 172, 1, 14, 43, 728 }, // U+01E7
    { 12, 21, 219, 1, 20, 63, 771 }, // U+01FE
    { 10, 18, 184, 1, 17, 45, 834 }, // U+01FF
    { 9, 18, 176, 1, 13, 41, 879 }, // U+0218
    { 8, 15, 150, 1, 10, 30, 920 }, // U+0219
    { 11, 18, 204, 1, 13, 50, 950 }, // U+021A
    { 6, 17, 130, 1, 12, 26, 1000 }, // U+021B
    { 3, 2, 0, 1, 10, 2, 0 }, // U+0309
    { 2, 4, 0, 1, 11, 2, 2 }, // U+031B
    { 3, 2, 0, 1, 2, 2, 4 }, // U+0323
    { 4, 5, 0, 1, 2, 5, 6 }, // U+0326
    { 7, 4, 0, -1, 0, 7, 11 }, // U+032D
    { 5, 2, 0, 0, 0, 3, 18 }, // U+0331
    { 9, 2, 172, 1, 6, 5, 0 }, // U+2013
    { 17, 2, 306, 1, 6, 9, 5 }, // U+2014
    { 4, 5, 81, 1, 12, 5, 14 }, // U+2018
    { 4, 5, 77, 1, 12, 5, 19 }, // U+2019
    { 3, 4, 77, 1, 2, 3, 24 }, // U+201A
    { 8, 5, 153, 1, 12, 10, 27 }, // U+201C
    { 7, 5, 145, 1, 12, 9, 37 }, // U+201D
    { 8, 6, 154, 1, 4, 12, 46 }, // U+201E
    { 8, 14, 158, 1, 12, 28, 58 }, // U+2020
    { 8, 15, 158, 1, 13, 30, 86 }, // U+2021
    { 6, 5, 117, 1, 9, 8, 116 }, // U+2022
    { 14, 3, 259, 1, 3, 11, 124 }, // U+2026
    { 21, 14, 368, 1, 13, 74, 135 }, // U+2030
    { 5, 8, 100, 1, 9, 10, 209 }, // U+2039
    { 5, 8, 100, 1, 9, 10, 219 }, // U+203A
    { 10, 13, 181, 1, 13, 33, 229 }, // U+2044
    { 10, 14, 191, 1, 13, 35, 0 }, // U+20AC
    { 8, 12, 151, 1, 11, 24, 0 }, // U+2202
    { 12, 12, 219, 1, 12, 36, 24 }, // U+2206
    { 11, 16, 200, 1, 12, 44, 60 }, // U+220F
    { 11, 16, 210, 1, 12, 44, 104 }, // U+2211
    { 11, 2, 206, 1, 6, 6, 148 }, // U+2212
    { 3, 3, 74, 1, 8, 3, 154 }, // U+2219
    { 11, 15, 201, 1, 14, 42, 157 }, // U+221A
    { 11, 7, 204, 1, 8, 20, 199 }, // U+221E
    { 9, 16, 166, 1, 13, 36, 219 }, // U+222B
    { 11, 7, 206, 1, 9, 20, 255 }, // U+2248
    { 11, 10, 206, 1, 10, 28, 275 }, // U+2260
    { 11, 11, 206, 1, 10, 31, 303 }, // U+2264
    { 11, 11, 206, 1, 10, 31, 334 }, // U+2265
    { 10, 14, 181, 1, 13, 35, 0 }, // U+FB01
    { 10, 14, 190, 1, 13, 35, 35 }, // U+FB02
};

static const EpdUnicodeInterval opendyslexic_8_regularIntervals[] = {
    { 0x0, 0x0, 0x0 },
    { 0x20, 0x7E, 0x1 },
    { 0xA0, 0xFF, 0x60 },
    { 0x100, 0x107, 0xC0 },
    { 0x10A, 0x113, 0xC8 },
    { 0x116, 0x11B, 0xD2 },
    { 0x11E, 0x123, 0xD8 },
    { 0x126, 0x12B, 0xDE },
    { 0x12E, 0x133, 0xE4 },
    { 0x136, 0x137, 0xEA },
    { 0x139, 0x148, 0xEC },
    { 0x14A, 0x14D, 0xFC },
    { 0x150, 0x15B, 0x100 },
    { 0x15E, 0x16B, 0x10C },
    { 0x16E, 0x17E, 0x11A },
    { 0x1CD, 0x1DC, 0x12B },
    { 0x1DE, 0x1DF, 0x13B },
    { 0x1E6, 0x1E7, 0x13D },
    { 0x1FE, 0x1FF, 0x13F },
    { 0x218, 0x21B, 0x141 },
    { 0x309, 0x309, 0x145 },
    { 0x31B, 0x31B, 0x146 },
    { 0x323, 0x323, 0x147 },
    { 0x326, 0x326, 0x148 },
    { 0x32D, 0x32D, 0x149 },
    { 0x331, 0x331, 0x14A },
    { 0x2013, 0x2014, 0x14B },
    { 0x2018, 0x201A, 0x14D },
    { 0x201C, 0x201E, 0x150 },
    { 0x2020, 0x2022, 0x153 },
    { 0x2026, 0x2026, 0x156 },
    { 0x2030, 0x2030, 0x157 },
    { 0x2039, 0x203A, 0x158 },
    { 0x2044, 0x2044, 0x15A },
    { 0x20AC, 0x20AC, 0x15B },
    { 0x2202, 0x2202, 0x15C },
    { 0x2206, 0x2206, 0x15D },
    { 0x220F, 0x220F, 0x15E },
    { 0x2211, 0x2212, 0x15F },
    { 0x2219, 0x221A, 0x161 },
    { 0x221E, 0x221E, 0x163 },
    { 0x222B, 0x222B, 0x164 },
    { 0x2248, 0x2248, 0x165 },
    { 0x2260, 0x2260, 0x166 },
    { 0x2264, 0x2265, 0x167 },
    { 0xFB01, 0xFB02, 0x169 },
};

static const EpdFontGroup opendyslexic_8_regularGroups[] = {
    { 0, 1842, 2892, 96, 0 },
    { 1842, 1805, 3686, 96, 96 },
    { 3647, 2042, 4612, 107, 192 },
    { 5689, 626, 1149, 26, 299 },
    { 6315, 27, 25, 6, 325 },
    { 6342, 227, 297, 16, 331 },
    { 6569, 45, 42, 1, 347 },
    { 6614, 288, 396, 13, 348 },
    { 6902, 60, 84, 2, 361 },
};

static const EpdKernClassEntry opendyslexic_8_regularKernLeftClasses[] = {
    { 0x0022, 1 }, // "
    { 0x0027, 2 }, // '
    { 0x0035, 3 }, // 5
    { 0x0041, 4 }, // A
    { 0x0042, 5 }, // B
    { 0x0043, 6 }, // C
    { 0x0044, 7 }, // D
    { 0x0046, 8 }, // F
    { 0x0047, 6 }, // G
    { 0x0048, 9 }, // H
    { 0x0049, 10 }, // I
    { 0x004A, 11 }, // J
    { 0x004B, 12 }, // K
    { 0x004C, 13 }, // L
    { 0x004E, 14 }, // N
    { 0x004F, 15 }, // O
    { 0x0050, 16 }, // P
    { 0x0051, 17 }, // Q
    { 0x0052, 18 }, // R
    { 0x0053, 19 }, // S
    { 0x0054, 20 }, // T
    { 0x0056, 21 }, // V
    { 0x0057, 22 }, // W
    { 0x0059, 23 }, // Y
    { 0x0061, 24 }, // a
    { 0x0062, 25 }, // b
    { 0x0063, 26 }, // c
    { 0x0064, 27 }, // d
    { 0x0065, 28 }, // e
    { 0x0066, 29 }, // f
    { 0x0067, 30 }, // g
    { 0x0068, 31 }, // h
    { 0x0069, 32 }, // i
    { 0x006B, 33 }, // k
    { 0x006C, 34 }, // l
    { 0x006D, 35 }, // m
    { 0x006E, 36 }, // n
    { 0x006F, 37 }, // o
    { 0x0070, 38 }, // p
    { 0x0071, 39 }, // q
    { 0x0072, 40 }, // r
    { 0x0073, 41 }, // s
    { 0x0074, 42 }, // t
    { 0x0076, 43 }, // v
    { 0x0077, 44 }, // w
    { 0x0078, 45 }, // x
    { 0x0079, 46 }, // y
    { 0x00A5, 47 }, // U+00A5
    { 0x00A8, 48 }, // U+00A8
    { 0x00B4, 49 }, // U+00B4
    { 0x00C6, 50 }, // U+00C6
    { 0x00DD, 51 }, // U+00DD
    { 0x00E8, 52 }, // U+00E8
    { 0x00E9, 53 }, // U+00E9
    { 0x00F6, 54 }, // U+00F6
    { 0x00FC, 55 }, // U+00FC
    { 0x0178, 51 }, // U+0178
    { 0x2044, 51 }, // U+2044
    { 0x2211, 56 }, // U+2211
    { 0x222B, 57 }, // U+222B
    { 0x2260, 58 }, // U+2260
    { 0x2265, 59 }, // U+2265
};

static const EpdKernClassEntry opendyslexic_8_regularKernRightClasses[] = {
    { 0x0022, 1 }, // "
    { 0x0027, 2 }, // '
    { 0x002C, 3 }, // ,
    { 0x002D, 4 }, // -
    { 0x002E, 5 }, // .
    { 0x0030, 6 }, // 0
    { 0x003A, 7 }, // :
    { 0x003B, 8 }, // ;
    { 0x0041, 9 }, // A
    { 0x0043, 10 }, // C
    { 0x0044, 11 }, // D
    { 0x0047, 12 }, // G
    { 0x004A, 13 }, // J
    { 0x004F, 14 }, // O
    { 0x0051, 15 }, // Q
    { 0x0053, 16 }, // S
    { 0x0054, 17 }, // T
    { 0x0055, 18 }, // U
    { 0x0056, 19 }, // V
    { 0x0057, 20 }, // W
    { 0x0058, 21 }, // X
    { 0x0059, 22 }, // Y
    { 0x0061, 23 }, // a
    { 0x0063, 24 }, // c
    { 0x0064, 25 }, // d
    { 0x0065, 26 }, // e
    { 0x0066, 27 }, // f
    { 0x0067, 28 }, // g
    { 0x0068, 29 }, // h
    { 0x0069, 30 }, // i
    { 0x006B, 31 }, // k
    { 0x006C, 32 }, // l
    { 0x006D, 33 }, // m
    { 0x006E, 34 }, // n
    { 0x006F, 35 }, // o
    { 0x0070, 11 }, // p
    { 0x0071, 36 }, // q
    { 0x0072, 37 }, // r
    { 0x0073, 38 }, // s
    { 0x0074, 39 }, // t
    { 0x0075, 40 }, // u
    { 0x0076, 41 }, // v
    { 0x0077, 42 }, // w
    { 0x0078, 43 }, // x
    { 0x0079, 44 }, // y
    { 0x00A1, 45 }, // U+00A1
    { 0x00A4, 46 }, // U+00A4
    { 0x00A5, 47 }, // U+00A5
    { 0x00A6, 48 }, // U+00A6
    { 0x00A8, 49 }, // U+00A8
    { 0x00AB, 46 }, // U+00AB
    { 0x00AC, 46 }, // U+00AC
    { 0x00AF, 50 }, // U+00AF
    { 0x00B1, 51 }, // U+00B1
    { 0x00B3, 52 }, // U+00B3
    { 0x00B4, 53 }, // U+00B4
    { 0x00B5, 54 }, // U+00B5
    { 0x00B7, 46 }, // U+00B7
    { 0x00B8, 55 }, // U+00B8
    { 0x00B9, 56 }, // U+00B9
    { 0x00BB, 57 }, // U+00BB
    { 0x00BC, 56 }, // U+00BC
    { 0x00BD, 56 }, // U+00BD
    { 0x00BE, 58 }, // U+00BE
    { 0x00BF, 59 }, // U+00BF
    { 0x00C0, 60 }, // U+00C0
    { 0x00C1, 61 }, // U+00C1
    { 0x00C2, 62 }, // U+00C2
    { 0x00C3, 63 }, // U+00C3
    { 0x00C6, 64 }, // U+00C6
    { 0x00C8, 65 }, // U+00C8
    { 0x00CA, 65 }, // U+00CA
    { 0x00CB, 65 }, // U+00CB
    { 0x00CC, 66 }, // U+00CC
    { 0x00CD, 67 }, // U+00CD
    { 0x00CE, 68 }, // U+00CE
    { 0x00CF, 67 }, // U+00CF
    { 0x00D2, 69 }, // U+00D2
    { 0x00D3, 69 }, // U+00D3
    { 0x00D4, 70 }, // U+00D4
    { 0x00D5, 71 }, // U+00D5
    { 0x00D7, 72 }, // U+00D7
    { 0x00D8, 73 }, // U+00D8
    { 0x00D9, 74 }, // U+00D9
    { 0x00DA, 74 }, // U+00DA
    { 0x00DB, 74 }, // U+00DB
    { 0x00DD, 75 }, // U+00DD
    { 0x00E6, 46 }, // U+00E6
    { 0x00E9, 76 }, // U+00E9
    { 0x00F0, 77 }, // U+00F0
    { 0x00F7, 46 }, // U+00F7
    { 0x00F8, 46 }, // U+00F8
    { 0x00FD, 78 }, // U+00FD
    { 0x00FF, 79 }, // U+00FF
    { 0x0106, 71 }, // U+0106
    { 0x0107, 80 }, // U+0107
    { 0x010C, 71 }, // U+010C
    { 0x010D, 81 }, // U+010D
    { 0x0111, 82 }, // U+0111
    { 0x011E, 71 }, // U+011E
    { 0x011F, 83 }, // U+011F
    { 0x0131, 46 }, // U+0131
    { 0x0141, 84 }, // U+0141
    { 0x0142, 85 }, // U+0142
    { 0x0152, 86 }, // U+0152
    { 0x0153, 46 }, // U+0153
    { 0x015E, 87 }, // U+015E
    { 0x015F, 46 }, // U+015F
    { 0x0160, 87 }, // U+0160
    { 0x0178, 75 }, // U+0178
    { 0x017D, 79 }, // U+017D
    { 0x2013, 88 }, // U+2013
    { 0x2014, 88 }, // U+2014
    { 0x2018, 89 }, // U+2018
    { 0x2019, 90 }, // U+2019
    { 0x201A, 91 }, // U+201A
    { 0x201C, 92 }, // U+201C
    { 0x201D, 93 }, // U+201D
    { 0x201E, 94 }, // U+201E
    { 0x2021, 95 }, // U+2021
    { 0x2026, 46 }, // U+2026
    { 0x2030, 77 }, // U+2030
    { 0x2039, 46 }, // U+2039
    { 0x203A, 96 }, // U+203A
    { 0x2044, 97 }, // U+2044
    { 0x20AC, 98 }, // U+20AC
    { 0x2202, 99 }, // U+2202
    { 0x2206, 100 }, // U+2206
    { 0x2211, 101 }, // U+2211
    { 0x2212, 102 }, // U+2212
    { 0x2219, 46 }, // U+2219
    { 0x221A, 103 }, // U+221A
    { 0x221E, 46 }, // U+221E
    { 0x222B, 104 }, // U+222B
    { 0x2248, 46 }, // U+2248
    { 0x2260, 105 }, // U+2260
    { 0x2264, 46 }, // U+2264
    { 0x2265, 46 }, // U+2265
    { 0xFB01, 106 }, // U+FB01
    { 0xFB02, 107 }, // U+FB02
};

static const int8_t opendyslexic_8_regularKernMatrix[] = {
       0,    0,    0,    0,    0,    0,    0,    0,  -40,    0,    0,    0,    0,    0,    0,    0,    0,    0,    0,    0,    0,    0,    0,    0,    0,    0,    0,    0,    0,    0,    0,    0,    0,    0,    0,    0,    0,    0,    0,    0,    0,    0,    0,    0,    0,    0,    0,    0,    0,    0,    0,    0,    0,    0,    0,    0,    0,    0,    0,    0,    0,    0,    0,    0,    0,    0,    0,    0,    0,    0,    0,    0,    0,    0,    0,    0,    0,    0,    0,    0,    0,    0,    0,    0,    0,    0,    0,    0,    0,    0,    0,    0,    0,    0,    0,    0,    0,    0,    0,    0,    0,    0,    0,    0,    0,    0,    0,
     -31,  -31,    0,    0,    0,    0,    0,    0,    0,    0,    0,    0,    0,    0,    0,    0,    0,    0,    0,    0,    0,    0,    0,    0,  -11,    0,    0,    0,    0,    0,    0,  -28,    0,    0,    0,    0,  -30,  -26,   -7,    0,   -7,    0,    0,    0,    0,    0,    0,    0,    0,    0,    0,    0,    0,    0,    0,    0,    0,    0,    0,    0,    0,    0,    0,    0,    0,    0,    0,    0,    0,    0,    0,    0,    0,    0,    0,    0,    0,    0,    0,    0,    0,    0,    0,    0,    0,    0,    0,    0,    0,    0,    0,    0,    0,    0,    0,    0,    0,    0,    0,    0,    0,    0,    0,    0,    0,    0,    0,
       0,    0,    0,    0,    0,    8,    0,    0,    0,    0,    0,    0,    0,    0,    0,    0,    0,    0,    0,    0,    0,    0,    0,    0,    0,    0,    0,    0,    0,    0,    0,    0,    0,    0,    0,    0,    0,    0,    0,    0,    0,    0,    0,    0,    0,    0,    0,    0,    0,    0,    0,    0,    0,    0,    0,    0,    0,    0,    0,    0,    0,    0,    0,    0,    0,    0,    0,    0,    0,    0,    0,    0,    0,    0,    0,    0,    0,    0,    0,    0,    0,    0,    0,    0,    0,    0,    0,    0,    0,    0,    0,    0,    0,    0,    0,    0,    0,    0,    0,    0,    0,    0,    0,    0,    0,    0,    0,
     -41,  -43,    0,    0,    0,    0,    0,    0,    0,  -13,    0,  -13,    0,  -13,  -13,    0,  -26,  -18,  -26,  -26,    0,  -29,    0,   -6,    0,   -9,    0,    0,    0,    0,    0,    0,    0,    0,  -10,    0,    0,    0,    0,  -14,  -19,  -19,    0,    0,    0,    0,    0,    0,    0,    0,    0,    0,    0,    0,    0,    0,    0,    0,    0,    0,    0,    0,    0,    0,    0,    0,    0,    0,    0,    0,    0,    0,    0,    0,    0,    0,    0,    0,    0,    0,    0,    0,    0,    0,    0,    0,    0,    0,    0,    0,    0,    0,    0,    0,    0,    0,    0,    0,    0,    0,    0,    0,    0,    0,    0,    0,    0,
       0,    0,   -7,    0,    0,    0,    0,    0,    0,    0,    0,    0,    0,    0,    0,    0,    0,    0,    0,    0,    0,    0,    0,    0,    0,    0,    0,    0,    0,    0,    0,    0,    0,    0,    0,    0,    0,    0,    0,    0,    0,    0,    0,    0,    0,    0,    0,    0,    0,    0,    0,    0,    0,    0,    0,    0,    0,    0,    0,    0,    0,    0,    0,    0,    0,    0,    0,    0,    0,    0,    0,    0,    0,    0,    0,    0,    0,    0,    0,    0,    0,    0,    0,    0,    0,    0,    0,    0,    0,    0,    0,    0,    0,    0,    0,    0,    0,    0,    0,    0,    0,    0,    0,    0,    0,    0,    0,
       0,    0,  -12,    0,    0,    0,    0,    0,    0,    0,    0,    0,    0,    0,    0,    0,    0,    0,    0,    0,    0,    0,    0,    0,    0,    0,    0,    0,    0,    0,    0,    0,    0,    0,    0,    0,    0,    0,    0,    0,    0,    0,    0,    0,    0,    0,    0,    0,    0,    0,    0,    0,    0,    0,    0,    0,    0,    0,    0,    0,    0,    0,    0,    0,    0,    0,    0,    0,    0,    0,    0,    0,    0,    0,    0,    0,    0,    0,    0,    0,    0,    0,    0,    0,    0,    0,    0,    0,    0,    0,    0,    0,    0,    0,    0,    0,    0,    0,    0,    0,    0,    0,    0,    0,    0,    0,    0,
       0,    0,  -22,    0,  -28,    0,    0,    0,  -14,    0,    0,    0,    0,    0,    0,    0,    0,    0,  -14,  -19,    0,  -19,    0,    0,    0,    0,    0,    0,    0,    0,    0,    0,    0,    0,    0,    0,    0,    0,    0,    0,    0,    0,    0,  -18,    0,    0,    0,    0,    0,    0,    0,    0,    0,    0,    0,    0,    0,    0,    0,    0,    0,    0,    0,    0,    0,    0,    0,    0,    0,    0,    0,    0,    0,    0,    0,    0,    0,    0,    0,    0,    0,    0,    0,    0,    0,    0,    0,    0,    0,    0,    0,    0,    0,    0,    0,    0,    0,    0,    0,    0,    0,    0,    0,    0,    0,    0,    0,
       0,    0,  -41,    0,    0,    0,    0,    0,    0,    0,    0,    0,    0,    0,    0,    0,    0,    0,    0,    0,    0,    0,    0,    0,    0,    0,    0,    0,    0,    0,    0,    0,    0,    0,    0,    0,    0,    0,    0,    0,    0,    0,    0,    0,    0,    0,    0,    0,    0,    0,    0,    0,    0,    0,    0,    0,    0,    0,    0,    0,    0,    0,    0,    0,    0,    0,    0,    0,    0,    0,    0,    0,    0,    0,    0,    0,    0,    0,    0,    0,    0,    0,    0,    0,    0,    0,    0,    0,    0,    0,    0,    0,    0,    0,    0,    0,    0,    0,    0,    0,    0,    0,    0,    0,    0,    0,    0,
       0,    0,    0,    0,    0,    0,    0,    0,    0,    0,    0,    0,    0,    0,    0,    0,    0,    0,    0,    0,    0,    0,    0,    0,    0,    0,    0,    0,    0,    0,    0,    0,    0,    0,   -6,    0,    0,    0,    0,    0,    0,    0,    0,    0,    0,    0,    0,    0,    0,    0,    0,    0,    0,    0,    0,    0,    0,    0,    0,    0,    0,    0,    0,    0,    0,    0,    0,    0,    0,    0,    0,    0,    0,    0,    0,    0,    0,    0,    0,    0,    0,    0,    0,    0,    0,    0,    0,    0,    0,    0,    0,    0,    0,    0,    0,    0,    0,    0,    0,    0,    0,    0,    0,    0,    0,    0,    0,
       0,    0,    0,    0,    0,    0,    0,    0,    0,    0,    0,    0,  -13,    0,    0,    0,    0,    0,    0,    0,    0,    0,    0,    0,    0,    0,    0,    0,    0,    0,    0,    0,    0,    0,    0,    0,    0,    0,    0,    0,    0,    0,    0,    0,    0,    0,    0,    0,    0,    0,    0,    0,    0,    0,    0,    0,    0,    0,    0,    0,    0,    0,    0,    0,    0,    0,    0,    0,    0,    0,    0,    0,    0,    0,    0,    0,    0,    0,    0,    0,    0,    0,    0,    0,    0,    0,    0,    0,    0,    0,    0,    0,    0,    0,    0,    0,    0,    0,    0,    0,    0,    0,    0,    0,    0,    0,    0,
       0,    0,  -10,    0,    0,    0,    0,    0,    0,    0,    0,    0,    0,    0,    0,    0,    0,    0,    0,    0,    0,    0,    0,    0,    0,  -10,    0,    0,    0,    0,    0,    0,    0,    0,  -12,    0,    0,    0,    0,    0,    0,    0,    0,    0,    0,    0,    0,    0,    0,    0,    0,    0,    0,    0,    0,    0,    0,    0,    0,    0,    0,    0,    0,    0,    0,    0,    0,    0,    0,    0,    0,    0,    0,    0,    0,    0,    0,    0,    0,    0,    0,    0,    0,    0,    0,    0,    0,    0,    0,    0,    0,    0,    0,    0,    0,    0,    0,    0,    0,    0,    0,    0,    0,    0,    0,    0,    0,
       0,    0,    0,    0,    0,    0,    0,    0,    0,  -15,    0,    0,    0,  -18,    0,    0,    0,    0,    0,    0,    0,    0,    0,    0,    0,  -19,    0,    0,    0,    0,    0,    0,    0,    0,  -19,    0,    0,    0,    0,  -25,    0,    0,    0,  -26,    0,    0,    0,    0,    0,    0,    0,    0,    0,    0,    0,    0,    0,    0,    0,    0,    0,    0,    0,    0,    0,    0,    0,    0,    0,    0,    0,    0,    0,    0,    0,    0,    0,    0,    0,    0,    0,    0,    0,    0,    0,    0,    0,    0,    0,    0,    0,    0,    0,    0,    0,    0,    0,    0,    0,    0,    0,    0,    0,    0,    0,    0,    0,
     -41,  -44,    0,    0,    0,    0,    0,    0,    0,    0,    0,    0,    0,    0,    0,    0,  -26,    0,  -13,  -19,    0,  -26,    0,    0,    0,    0,    0,    0,    0,    0,    0,    0,    0,    0,    0,    0,    0,    0,    0,    0,    0,    0,    0,    0,    0,    0,    0,    0,    0,    0,    0,    0,    0,    0,    0,    0,    0,    0,    0,    0,    0,    0,    0,    0,    0,    0,    0,    0,    0,    0,    0,    0,    0,    0,    0,    0,    0,    0,    0,    0,    0,    0,    0,    0,    0,    0,    0,    0,    0,    0,    0,    0,    0,    0,    0,    0,    0,    0,    0,    0,    0,    0,    0,    0,    0,    0,    0,
       0,    0,  -19,    0,    0,    0,    0,    0,   -6,    0,    0,    0,    0,    0,    0,    0,    0,    0,    0,    0,    0,    0,    0,    0,    0,    0,    0,    0,    0,    0,    0,    0,    0,    0,    0,    0,    0,    0,    0,    0,    0,    0,    0,    0,    0,    0,    0,    0,    0,    0,    0,    0,    0,    0,    0,    0,    0,    0,    0,    0,    0,    0,    0,    0,    0,    0,    0,    0,    0,    0,    0,    0,    0,    0,    0,    0,    0,    0,    0,    0,    0,    0,    0,    0,    0,    0,    0,    0,    0,    0,    0,    0,    0,    0,    0,    0,    0,    0,    0,    0,    0,    0,    0,    0,    0,    0,    0,
       0,    0,  -19,    0,    0,    0,    0,    0,  -19,    0,    0,    0,    0,    0,    0,    0,  -19,    0,  -19,  -19,  -19,  -19,    0,    0,    0,    0,    0,    0,    0,    0,    0,    0,    0,    0,    0,    0,    0,    0,    0,    0,    0,    0,    0,    0,    0,    0,    0,    0,    0,    0,    0,    0,    0,    0,    0,    0,    0,    0,    0,    0,    0,    0,    0,    0,    0,    0,    0,    0,    0,    0,    0,    0,    0,    0,    0,    0,    0,    0,    0,    0,    0,    0,    0,    0,    0,    0,    0,    0,    0,    0,    0,    0,    0,    0,    0,    0,    0,    0,    0,    0,    0,    0,    0,    0,    0,    0,    0,
       0,    0,  -57,    0,  -46,    0,    0,    0,  -10,    0,    0,    0,    0,    0,    0,    0,    0,    0,    0,    0,    0,    0,    0,    0,    0,    0,    0,    0,    0,    0,    0,    0,    0,    0,    0,    0,    0,    0,    0,    0,    0,    0,    0,    0,    0,    0,    0,    0,    0,    0,    0,    0,    0,    0,    0,    0,    0,    0,    0,    0,    0,    0,    0,    0,    0,    0,    0,    0,    0,    0,    0,    0,    0,    0,    0,    0,    0,    0,    0,    0,    0,    0,    0,    0,    0,    0,    0,    0,    0,    0,    0,    0,    0,    0,    0,    0,    0,    0,    0,    0,    0,    0,    0,    0,    0,    0,    0,
       0,    0,    0,    0,  -19,    0,    0,    0,    0,    0,    0,    0,    0,    0,    0,    0,    0,  -10,    0,    0,    0,    0,    0,    0,    0,    0,    0,    0,    0,    0,    0,    0,    0,    0,    0,    0,    0,    0,    0,    0,    0,    0,    0,    0,    0,    0,    0,    0,    0,    0,    0,    0,    0,    0,    0,    0,    0,    0,    0,    0,    0,    0,    0,    0,    0,    0,    0,    0,    0,    0,    0,    0,    0,    0,    0,    0,    0,    0,    0,    0,    0,    0,    0,    0,    0,    0,    0,    0,    0,    0,    0,    0,    0,    0,    0,    0,    0,    0,    0,    0,    0,    0,    0,    0,    0,    0,    0,
       0,    0,    0,    0,    0,    0,    0,    0,    0,    0,    0,    0,    0,  -15,    0,    0,  -11,  -21,  -20,  -28,    0,    0,    0,    0,    0,    0,    0,    0,    0,    0,    0,    0,    0,    0,    0,    0,    0,    0,    0,    0,    0,    0,    0,   -7,    0,    0,    0,    0,    0,    0,    0,    0,    0,    0,    0,    0,    0,    0,    0,    0,    0,    0,    0,    0,    0,    0,    0,    0,    0,    0,    0,    0,    0,    0,    0,    0,    0,    0,    0,    0,    0,    0,    0,    0,    0,    0,    0,    0,    0,    0,    0,    0,    0,    0,    0,    0,    0,    0,    0,    0,    0,    0,    0,    0,    0,    0,    0,
       0,    0,  -10,    0,  -19,    0,    0,    0,    0,    0,    0,    0,    0,    0,    0,    0,    0,    0,    0,    0,    0,    0,    0,    0,    0,    0,    0,    0,    0,    0,    0,    0,    0,    0,    0,    0,    0,    0,    4,    0,    0,    0,    0,    0,    0,    0,    0,    0,    0,    0,    0,    0,    0,    0,    0,    0,    0,    0,    0,    0,    0,    0,    0,    0,    0,    0,    0,    0,    0,    0,    0,    0,    0,    0,    0,    0,    0,    0,    0,    0,    0,    0,    0,    0,    0,    0,    0,    0,    0,    0,    0,    0,    0,    0,    0,    0,    0,    0,    0,    0,    0,    0,    0,    0,    0,    0,    0,
       0,    0,  -36,  -38,  -46,    0,  -29,  -14,  -26,    0,    0,    0,    0,  -11,    0,    0,    0,    0,    0,    0,    0,    0,  -25,    0,    0,  -25,    0,    0,    0,    0,    0,    0,    0,    0,  -26,    0,  -27,  -19,    0,  -24,    0,  -14,    0,  -19,    0,    0,    0,    0,    0,    0,    0,    0,    0,    0,    0,    0,    0,    0,    0,    0,    0,    0,    0,    0,    0,    0,    0,    0,    0,    0,    0,    0,    0,    0,    0,   -9,    0,    0,    0,    0,    0,    0,    0,    0,    0,    0,    0,    0,    0,    0,    0,    0,    0,    0,    0,    0,    0,    0,    0,    0,    0,    0,    0,    0,    0,    0,    0,
       0,    0,  -38,  -37,  -47,    0,  -22,   -8,  -30,    0,    0,  -14,    0,  -15,    0,    0,    0,    0,    0,    0,    0,    0,  -15,    0,    0,  -23,    0,    0,    0,    4,    0,    0,    0,    0,  -24,    0,    0,    0,    0,  -17,    0,    0,    0,    0,    0,    0,    0,    0,    0,    0,    0,    0,    0,    0,    0,    0,    0,    0,    0,    0,    0,    0,    0,    0,    0,    0,    0,    0,    0,    0,    0,    0,    0,    0,    0,    0,    0,    0,    0,    0,    0,    0,    0,    0,    0,    0,    0,    0,    0,    0,    0,    0,    0,    0,    0,    0,    0,    0,    0,    0,    0,    0,    0,    0,    0,    0,    0,
       0,    0,  -36,  -38,  -46,    0,  -28,  -14,  -27,    0,    0,    0,    0,  -21,    0,    0,    0,    0,    0,    0,    0,    0,  -25,    0,    0,  -26,    0,    0,  -18,    0,    0,    0,    0,    0,  -27,    0,    0,    0,    0,  -24,    0,    0,    0,  -19,    0,    0,    0,    0,    0,    0,    0,    0,    0,    0,    0,    0,    0,    0,    0,    0,    0,    0,    0,    0,    0,    0,    0,    0,    0,    0,    0,    0,    0,    0,    0,    0,    0,    0,    0,    0,    0,    0,    0,    0,    0,    0,    0,    0,    0,    0,    0,    0,    0,    0,    0,    0,    0,    0,    0,    0,    0,    0,    0,    0,    0,    0,    0,
       0,    0,  -37,  -36,  -47,    0,  -23,   -9,  -30,    0,    0,    0,    0,  -16,    0,  -11,    0,    0,    0,    0,    0,    0,  -29,   -9,   -9,  -31,    0,    0,    0,    0,    0,    0,    0,    0,  -32,   -9,    0,  -19,    0,  -18,    0,    0,   -9,    0,    0,    0,    0,    0,    0,    0,    0,    0,    0,    0,    0,    0,    0,    0,    0,    0,    0,    0,    0,    0,    0,    0,    0,    0,    0,    0,    0,    0,    0,    0,    0,    0,    0,    0,    0,    0,    0,    0,    0,    0,    0,    0,    0,    0,    0,    0,    0,    0,    0,    0,    0,    0,    0,    0,    0,    0,    0,    0,    0,    0,    0,    0,    0,
       0,    0,    0,    0,    0,    0,    0,    0,    0,    0,    0,    0,    0,    0,    0,    0,    0,    0,    0,    0,    0,    0,    0,    0,    0,    0,    0,    0,    0,    0,    0,    0,    0,    0,    0,    0,    0,    0,    0,    0,    0,   -3,    0,   -3,    0,    0,    0,    0,    0,    0,    0,    0,    0,    0,    0,    0,    0,    0,    0,    0,    0,    0,    0,    0,    0,    0,    0,    0,    0,    0,    0,    0,    0,    0,    0,    0,    0,    0,    0,    0,    0,    0,    0,    0,    0,    0,    0,    0,    0,    0,    0,    0,    0,    0,    0,    0,    0,    0,    0,    0,    0,    0,    0,    0,    0,    0,    0,
       0,    0,    0,    0,   -6,    0,    0,    0,    0,    0,    0,    0,    0,    0,    0,    0,    0,    0,    0,    0,    0,    0,   -6,   -6,  -10,   -6,    0,    0,    0,    0,    0,    0,    0,    0,   -6,   -6,    0,    0,    0,    0,    0,    0,   -6,  -12,    0,    0,    0,    0,    0,    0,    0,    0,    0,    0,    0,    0,    0,    0,    0,    0,    0,    0,    0,    0,    0,    0,    0,    0,    0,    0,    0,    0,    0,    0,    0,    0,    0,    0,    0,    0,    0,    0,    0,    0,    0,    0,    0,    0,    0,    0,    0,    0,    0,    0,    0,    0,    0,    0,    0,    0,    0,    0,    0,    0,    0,    0,    0,
       0,    0,    0,    0,   -6,    0,    0,    0,    0,    0,    0,    0,    0,    0,    0,    0,    0,    0,    0,    0,    0,    0,   -9,   -9,   -9,   -9,    0,    0,    0,    0,    0,    0,    0,   -1,   -9,   -9,    0,    0,    0,    0,    0,    0,   -9,  -10,    0,    0,    0,    0,    0,    0,    0,    0,    0,    0,    0,    0,    0,    0,    0,    0,    0,    0,    0,    0,    0,    0,    0,    0,    0,    0,    0,    0,    0,    0,    0,    0,    0,    0,    0,    0,    0,    0,    0,    0,    0,    0,    0,    0,    0,    0,    0,    0,    0,    0,    0,    0,    0,    0,    0,    0,    0,    0,    0,    0,    0,    0,    0,
       0,    0,    0,    0,    0,    0,    0,    0,    0,    0,    0,    0,    0,    0,    0,    0,    0,    0,    0,    0,    0,    0,    0,    0,    0,    0,    0,    0,    0,    0,    0,    0,    0,    0,    0,    0,    0,    0,    0,    0,   -7,    0,    0,    0,    0,    0,    0,    0,    0,    0,    0,    0,    0,    0,    0,    0,    0,    0,    0,    0,    0,    0,    0,    0,    0,    0,    0,    0,    0,    0,    0,    0,    0,    0,    0,    0,    0,    0,    0,    0,    0,    0,    0,    0,    0,    0,    0,    0,    0,    0,    0,    0,    0,    0,    0,    0,    0,    0,    0,    0,    0,    0,    0,    0,    0,    0,    0,
       0,    0,   -9,    0,   -9,    0,    0,    0,    0,    0,    0,    0,    0,    0,    0,    0,    0,    0,    0,    0,    0,    0,    0,    0,    0,    0,    0,   -6,    0,    0,    0,    0,    0,  -10,    0,    0,    0,    0,    0,    0,  -10,  -17,  -13,  -18,    0,    0,    0,    0,    0,    0,    0,    0,    0,    0,    0,    0,    0,    0,    0,    0,    0,    0,    0,    0,    0,    0,    0,    0,    0,    0,    0,    0,    0,    0,    0,    0,    0,    0,    0,    0,    0,    0,    0,    0,    0,    0,    0,    0,    0,    0,    0,    0,    0,    0,    0,    0,    0,    0,    0,    0,    0,    0,    0,    0,    0,    0,    0,
       0,    0,  -15,    0,  -27,    0,    0,    0,    0,    0,    0,    0,    0,    0,    0,    0,    0,    0,    0,    0,    0,    0,    0,    0,    0,    0,    0,    0,    0,    0,   12,    0,    0,   10,  -13,    0,    0,    0,    0,    0,    0,    0,    0,    0,    0,    0,    0,    0,    0,    0,    0,    0,    0,    0,    0,    0,    0,    0,    0,    0,    0,    0,    0,    0,    0,    0,    0,    0,    0,    0,    0,    0,    0,    0,    0,    0,    0,    0,    0,    0,    0,    0,    0,    0,    0,    0,    0,    0,    0,    0,    0,    0,    0,    0,    0,    0,    0,    0,    0,    0,    0,    0,    0,    0,    0,    0,    0,
       0,    0,  -13,    0,  -27,    0,    0,    0,    0,    0,    0,    0,    0,    0,    0,    0,    0,    0,    0,    0,    0,    0,    0,    0,    0,    0,    0,    0,    0,    0,    0,    0,    0,    0,    0,    0,   -2,    0,    0,    0,    0,    0,    0,    0,    0,    0,    0,    0,    0,    0,    0,    0,    0,    0,    0,    0,    0,    0,    0,    0,    0,    0,    0,    0,    0,    0,    0,    0,    0,    0,    0,    0,    0,    0,    0,    0,    0,    0,    0,    0,    0,    0,    0,    0,    0,    0,    0,    0,    0,    0,    0,    0,    0,    0,    0,    0,    0,    0,    0,    0,    0,    0,    0,    0,    0,    0,    0,
       0,    0,    0,    0,    0,    0,    0,    0,    0,    0,    0,    0,    0,    0,    0,    0,    0,    0,    0,    0,    0,    0,    9,    0,    0,    0,    0,    0,    0,    0,    0,    0,    0,    0,    0,    0,    0,    0,    0,    0,    0,    0,    0,    0,    0,    0,    0,    0,    0,    0,    0,    0,    0,    0,    0,    0,    0,    0,    0,    0,    0,    0,    0,    0,    0,    0,    0,    0,    0,    0,    0,    0,    0,    0,    0,    0,    0,    0,    0,    0,    0,    0,    0,    0,    0,    0,    0,    0,    0,    0,    0,    0,    0,    0,    0,    0,    0,    0,    0,    0,    0,    0,    0,    0,    0,    0,    0,
       0,    0,    0,    0,    0,    0,    0,    0,    0,    0,    0,    0,    0,    0,    0,    0,    0,    0,    0,    0,    0,    0,    0,    0,    0,    0,    0,    0,    0,    0,    0,    9,    0,    0,    0,    0,    0,    0,    0,    0,    0,    0,    0,    0,    0,    0,    0,    0,    0,    0,    0,    0,    0,    0,    0,    0,    0,    0,    0,    0,    0,    0,    0,    0,    0,    0,    0,    0,    0,    0,    0,    0,    0,    0,    0,    0,    0,    0,    0,    0,    0,    0,    0,    0,    0,    0,    0,    0,    0,    0,    0,    0,    0,    0,    0,    0,    0,    0,    0,    0,    0,    0,    0,    0,    0,    0,    0,
       0,    0,    0,    0,    0,    0,    0,    0,    0,    0,    0,    0,    0,    0,    0,    0,    0,    0,    0,    0,    0,    0,    0,    0,    0,  -10,    0,    0,    0,    0,    0,    0,    0,    0,   -7,    0,    0,    0,    0,    0,    0,    0,    0,    0,    0,    0,    0,    0,    0,    0,    0,    0,    0,    0,    0,    0,    0,    0,    0,    0,    0,    0,    0,    0,    0,    0,    0,    0,    0,    0,    0,    0,    0,    0,    0,    0,    0,    0,    0,    0,    0,    0,    0,    0,    0,    0,    0,    0,    0,    0,    0,    0,    0,    0,    0,    0,    0,    0,    0,    0,    0,    0,    0,    0,    0,    0,    0,
       0,    0,    0,    0,    0,    0,    0,    0,    0,    0,    0,    0,    0,    0,    0,    0,    0,    0,    0,    0,    0,    0,    0,    0,    0,    0,    0,    0,    0,    0,    0,    0,    0,    0,    0,    0,    0,    0,   12,    0,    0,    0,    0,    0,    0,    0,    0,    0,    0,    0,    0,    0,    0,    0,    0,    0,    0,    0,    0,    0,    0,    0,    0,    0,    0,    0,    0,    0,    0,    0,    0,    0,    0,    0,    0,    0,    0,    0,    0,    0,    0,    0,    0,    0,    0,    0,    0,    0,    0,    0,    0,    0,    0,    0,    0,    0,    0,    0,    0,    0,    0,    0,    0,    0,    0,    0,    0,
       0,    0,    0,    0,    0,    0,    0,    0,    0,    0,    0,    0,    0,    0,    0,    0,    0,    0,    0,    0,    0,    0,    0,    0,    0,    0,   -6,    0,    0,    0,    0,    0,   -3,    0,    0,    0,    0,    0,    0,    0,    0,    0,    0,  -16,    0,    0,    0,    0,    0,    0,    0,    0,    0,    0,    0,    0,    0,    0,    0,    0,    0,    0,    0,    0,    0,    0,    0,    0,    0,    0,    0,    0,    0,    0,    0,    0,    0,    0,    0,    0,    0,    0,    0,    0,    0,    0,    0,    0,    0,    0,    0,    0,    0,    0,    0,    0,    0,    0,    0,    0,    0,    0,    0,    0,    0,    0,    0,
       0,    0,    0,    0,    0,    0,    0,    0,    0,    0,   -6,    0,    0,    0,    0,    0,    0,    0,    0,    0,    0,    0,   -6,    0,    0,    0,    0,   -4,    0,    0,    0,    0,   -3,    0,    0,    0,    0,    0,   -8,    0,  -13,  -12,    0,    0,    0,    0,    0,    0,    0,    0,    0,    0,    0,    0,    0,    0,    0,    0,    0,    0,    0,    0,    0,    0,    0,    0,    0,    0,    0,    0,    0,    0,    0,    0,    0,    0,    0,    0,    0,    0,    0,    0,    0,    0,    0,    0,    0,    0,    0,    0,    0,    0,    0,    0,    0,    0,    0,    0,    0,    0,    0,    0,    0,    0,    0,    0,    0,
       0,    0,    0,    0,    0,    0,    0,    0,    0,    0,    0,    0,    0,    0,    0,    0,    0,    0,    0,    0,    0,    0,   -6,   -6,   -6,   -6,    0,    0,    0,    0,    0,    0,    0,    0,   -6,   -6,    0,    0,    0,    0,    0,    0,  -26,    0,    0,    0,    0,    0,    0,    0,    0,    0,    0,    0,    0,    0,    0,    0,    0,    0,    0,    0,    0,    0,    0,    0,    0,    0,    0,    0,    0,    0,    0,    0,    0,    0,    0,    0,    0,    0,    0,    0,    0,    0,    0,    0,    0,    0,    0,    0,    0,    0,    0,    0,    0,    0,    0,    0,    0,    0,    0,    0,    0,    0,    0,    0,    0,
       0,    0,    0,    0,   -6,    0,    0,    0,  -19,    0,    0,    0,    0,    0,    0,    0,    0,    0,    0,    0,    0,    0,   -6,   -6,   -6,   -6,    0,    0,    0,    0,    0,    0,    0,    0,   -6,   -6,    0,    0,    0,    0,    0,    0,   -6,    0,    0,    0,    0,    0,    0,    0,    0,    0,    0,    0,    0,    0,    0,    0,    0,    0,    0,    0,    0,    0,    0,    0,    0,    0,    0,    0,    0,    0,    0,    0,    0,    0,    0,    0,    0,    0,    0,    0,    0,    0,    0,    0,    0,    0,    0,    0,    0,    0,    0,    0,    0,    0,    0,    0,    0,    0,    0,    0,    0,    0,    0,    0,    0,
       0,    0,    0,    0,    0,    0,    0,    0,    0,    0,    0,    0,    0,    0,    0,    0,    0,    0,    0,    0,    0,    0,    0,    0,    0,    0,    0,    0,    0,    0,    0,    0,    0,    0,    0,    0,    0,    0,    0,  -15,    0,    0,    0,    0,    0,    0,    0,    0,    0,    0,    0,    0,    0,    0,    0,    0,    0,    0,    0,    0,    0,    0,    0,    0,    0,    0,    0,    0,    0,    0,    0,    0,    0,    0,    0,    0,    0,    0,    0,    0,    0,    0,    0,    0,    0,    0,    0,    0,    0,    0,    0,    0,    0,    0,    0,    0,    0,    0,    0,    0,    0,    0,    0,    0,    0,    0,    0,
       0,    0,  -21,  -16,  -29,    0,    0,    0,    0,    0,    0,    0,    0,    0,    0,    0,    0,    0,    0,    0,    0,    0,  -16,  -29,  -36,  -34,    0,    9,    0,    0,    0,    0,    0,    0,  -24,  -16,    0,    0,    0,    0,    0,    0,  -16,  -16,    0,    0,    0,    0,    0,    0,    0,    0,    0,    0,    0,    0,    0,    0,    0,    0,    0,    0,    0,    0,    0,    0,    0,    0,    0,    0,    0,    0,    0,    0,    0,    0,    0,    0,    0,    0,    0,    0,    0,    0,    0,    0,    0,    0,    0,    0,    0,    0,    0,    0,    0,    0,    0,    0,    0,    0,    0,    0,    0,    0,    0,    0,    0,
       0,    0,   -8,    0,    0,    0,    0,    0,    0,    0,    0,    0,    0,    0,    0,    0,    0,    0,    0,    0,    0,    0,    0,    0,    0,    0,    0,    0,   -6,    0,    0,    0,    0,    0,    0,    0,    0,    0,    0,    0,    0,  -12,    0,    0,    0,    0,    0,    0,    0,    0,    0,    0,    0,    0,    0,    0,    0,    0,    0,    0,    0,    0,    0,    0,    0,    0,    0,    0,    0,    0,    0,    0,    0,    0,    0,    0,    0,    0,    0,    0,    0,    0,    0,    0,    0,    0,    0,    0,    0,    0,    0,    0,    0,    0,    0,    0,    0,    0,    0,    0,    0,    0,    0,    0,    0,    0,    0,
       0,    0,    0,    0,    0,    0,    0,    0,    0,    0,    0,    0,    0,    0,    0,    0,    0,    0,    0,    0,    0,    0,    6,   -4,    0,    0,    0,    0,    0,    0,    0,    0,    0,    0,    0,    0,    0,    0,   -6,    0,    0,    0,    0,    0,    0,    0,    0,    0,    0,    0,    0,    0,    0,    0,    0,    0,    0,    0,    0,    0,    0,    0,    0,    0,    0,    0,    0,    0,    0,    0,    0,    0,    0,    0,    0,    0,    0,    0,    0,    0,    0,    0,    0,    0,    0,    0,    0,    0,    0,    0,    0,    0,    0,    0,    0,    0,    0,    0,    0,    0,    0,    0,    0,    0,    0,    0,    0,
       0,    0,  -27,    0,  -37,    0,    0,    0,    0,    0,    0,    0,    0,    0,    0,    0,    0,    0,    0,    0,    0,    0,  -22,   -9,   -9,  -22,    0,    0,    0,    0,    0,    0,    0,    0,  -22,   -9,    0,    0,    0,    0,    0,    0,   -9,    0,    0,    0,    0,    0,    0,    0,    0,    0,    0,    0,    0,    0,    0,    0,    0,    0,    0,    0,    0,    0,    0,    0,    0,    0,    0,    0,    0,    0,    0,    0,    0,    0,    0,    0,    0,    0,    0,    0,    0,    0,    0,    0,    0,    0,    0,    0,    0,    0,    0,    0,    0,    0,    0,    0,    0,    0,    0,    0,    0,    0,    0,    0,    0,
       0,    0,  -28,    0,    0,    0,    0,    0,    0,    0,    0,    0,    0,    0,    0,    0,    0,    0,    0,    0,    0,    0,  -22,   -6,   -6,  -15,    0,    0,    0,    0,    0,    0,    0,    0,  -24,   -6,    0,    0,    0,    0,    0,    0,   -6,    0,    0,    0,    0,    0,    0,    0,    0,    0,    0,    0,    0,    0,    0,    0,    0,    0,    0,    0,    0,    0,    0,    0,    0,    0,    0,    0,    0,    0,    0,    0,    0,    0,    0,    0,    0,    0,    0,    0,    0,    0,    0,    0,    0,    0,    0,    0,    0,    0,    0,    0,    0,    0,    0,    0,    0,    0,    0,    0,    0,    0,    0,    0,    0,
       0,    0,    0,    0,    0,    0,    0,    0,    0,    0,    0,    0,    0,    0,    0,    0,    0,    0,    0,    0,    0,    0,  -13,  -13,  -13,  -29,    0,    0,    0,    0,    0,    0,    0,    0,  -13,  -13,    0,    0,    0,    0,    0,    0,  -13,    0,    0,    0,    0,    0,    0,    0,    0,    0,    0,    0,    0,    0,    0,    0,    0,    0,    0,    0,    0,    0,    0,    0,    0,    0,    0,    0,    0,    0,    0,    0,    0,    0,    0,    0,    0,    0,    0,    0,    0,    0,    0,    0,    0,    0,    0,    0,    0,    0,    0,    0,    0,    0,    0,    0,    0,    0,    0,    0,    0,    0,    0,    0,    0,
       0,    0,  -23,    0,  -32,    0,    0,    0,    0,    0,    0,    0,    0,    0,    0,    0,    0,    0,    0,    0,    0,    0,    0,    0,    0,    0,    0,    0,    0,    0,    0,    0,    0,    0,    0,    0,    0,  -13,    0,    0,    0,    0,    0,    0,    0,    0,    0,    0,    0,    0,    0,    0,    0,    0,    0,    0,    0,    0,    0,    0,    0,    0,    0,    0,    0,    0,    0,    0,    0,    0,    0,    0,    0,    0,    0,    0,    0,    0,    0,    0,    0,    0,    0,    0,    0,    0,    0,    0,    0,    0,    0,    0,    0,    0,    0,    0,    0,    0,    0,    0,    0,    0,    0,    0,    0,    0,    0,
       0,    0,    0,    0,    0,    0,    0,    0,    0,    0,    0,    0,    0,    0,    0,    0,    0,    0,    0,    0,    0,    0,    0,    0,    0,    0,    0,    0,    0,    0,    0,    0,    0,    0,    0,    0,    0,    0,    0,    0,    0,    0,    0,    0,    0,    0,    0,    0,    0,    0,    0,    0,    0,    0,    0,    0,    0,    0,    0,    0,    0,    0,    0,    0,    0,    0,    0,    0,    0,    0,    0,  -24,    0,    0,    0,    0,    0,    0,    0,    0,    0,    0,    0,    0,    0,    0,    0,    0,    0,    0,    0,    0,    0,    0,   22,    0,  -19,    0,    0,    0,    0,    0,    0,  -31,    0,    0,    0,
       0,    0,    0,    0,    0,    0,    0,    0,    0,    0,    0,    0,    0,    0,    0,    0,    0,    0,    0,    0,    0,    0,    0,    0,    0,    0,    0,    0,    0,    0,    0,    0,    0,    0,    0,    0,    0,    0,    0,    0,    0,    0,    0,    0,    0,   46,    0,    0,    0,    0,   46,    0,  -40,   46,   46,    0,   46,    0,  -43,  -47,  -47,  -47,  -47,  -54,    0,    0,    0,    0,  -23,  -23,  -23,   46,  -25,    0,   21,    0,    0,  -53,    0,  -55,  -23,  -55,  -23,    0,    0,  -31,    0,   46,    0,    0,   46,    0,    0,   46,  -32,   46,  -41,  -28,   46,  -44,    0,   46, -106,  -55,   46,    0,    0,
       0,    0,    0,    0,    0,    0,    0,    0,    0,    0,    0,    0,    0,    0,    0,    0,    0,    0,    0,    0,    0,    0,    0,    0,    0,    0,    0,    0,    0,    0,    0,    0,    0,    0,    0,    0,    0,    0,    0,    0,    0,    0,    0,    0,  -27,   46,    0,  -28,    0,    0, -113,    0,  -59,    0,   46,    0,   46,   -7,  -54,  -58,  -42,    0,  -66,  -73,    0,    0,    0,   31,  -46,  -34,  -46, -128,  -49,    0,    0,    0,  -21,  -72,    0,  -75,    0,  -71,    0,    0,    0,  -50,  -33,   46,  -32,  -26,   46,  -38,    0,   46,  -43,   46,  -61,  -52,  -65,  -63,    0,   46, -113,  -70, -128,  -28,  -29,
       0,    0,    0,    0,    0,    0,    0,    0,    0,    0,    0,    0,    0,    0,    0,    0,    0,    0,    0,    0,    0,    0,    0,    0,    0,    0,    0,    0,    0,    0,    0,    0,    0,    0,    0,    0,    0,    0,    0,    0,    0,    0,    0,    0,    0,    0,    0,    0,    0,    0,    0,   12,  -28,    0,  -34,   11,    0,   12,    0,    0,    0,    0,    0,    0,    0,    0,    0,    0,    0,    0,    0,    0,    0,    0,    0,    0,    0,   -8,    0,    0,    0,    0,   10,    0,   25,    0,    0,   25,    0,    0,    0,    0,    0,    0,   22,    0,   74,    0,    0,    0,   22,    0,    0,  -26,    0,    0,    0,
       0,    0,    0,    0,    0,    0,    0,    0,    0,    0,    0,    0,    0,    0,    0,    0,    0,    0,    0,    0,    0,    0,    0,    0,    0,    0,    0,    0,    0,    0,    0,    0,    0,    0,    0,    0,    0,  -19,    0,    0,    0,    0,    0,    0,    0,    0,    0,    0,    0,    0,    0,    0,    0,    0,    0,    0,    0,    0,    0,    0,    0,    0,    0,    0,    0,    0,    0,    0,    0,    0,    0,    0,    0,    0,    0,    0,    0,    0,    0,    0,    0,    0,    0,    0,    0,    0,    0,    0,    0,    0,    0,    0,    0,    0,    0,    0,    0,    0,    0,    0,    0,    0,    0,    0,    0,    0,    0,
       0,    0,    0,    0,    0,    0,    0,    0,    0,    0,    0,    0,    0,    0,    0,    0,    0,    0,    1,    0,    0,    0,    0,    0,    0,    0,    0,    0,    0,    0,    0,    0,    0,    0,    0,    0,    0,    0,    0,    0,    0,    0,    0,    0,    0,    0,    0,    0,    0,    0,    0,    0,    0,    0,    0,    0,    0,    0,    0,    0,    0,    0,    0,    0,    0,    0,    0,    0,    0,    0,    0,    0,    0,    0,    0,    0,    0,    0,    0,    0,    0,    0,    0,    0,    0,    0,    0,    0,    0,    0,    0,    0,    0,    0,    0,    0,    0,    0,    0,    0,    0,    0,    0,    0,    0,    0,    0,
       0,    0,    0,    0,    0,    0,    0,    0,    0,    0,    0,    0,    0,    0,    0,    0,    9,    0,    0,    0,    0,    0,    0,    0,    0,    0,    0,    0,    0,    0,    0,    0,    0,    0,    0,    0,    0,    0,    0,    0,    0,    0,    0,    0,    0,    0,    0,    0,    0,    0,    0,    0,    0,    0,    0,    0,    0,    0,    0,    0,    0,    0,    0,    0,    0,    0,    0,    0,    0,    0,    0,    0,    0,    0,    0,    0,    0,    0,    0,    0,    0,    0,    0,    0,    0,    0,    0,    0,    0,    0,    0,    0,    0,    0,    0,    0,    0,    0,    0,    0,    0,    0,    0,    0,    0,    0,    0,
       0,    0,    0,    0,    0,    0,    0,    0,    0,    0,    0,    0,    0,    0,    0,    0,    0,    0,    0,    0,    0,    0,    0,    0,    0,    0,    0,    0,    0,    0,    0,    0,    0,    0,    0,    0,    0,    0,   18,    0,    0,    0,    0,    0,    0,    0,    0,    0,    0,    0,    0,    0,    0,    0,    0,    0,    0,    0,    0,    0,    0,    0,    0,    0,    0,    0,    0,    0,    0,    0,    0,    0,    0,    0,    0,    0,    0,    0,    0,    0,    0,    0,    0,    0,    0,    0,    0,    0,    0,    0,    0,    0,    0,    0,    0,    0,    0,    0,    0,    0,    0,    0,    0,    0,    0,    0,    0,
       0,    0,    0,    0,    0,    0,    0,    0,    0,    0,    0,    0,    0,    0,    0,    0,    0,    0,    0,    0,    0,    0,    0,    0,    0,    0,    0,    0,    0,    0,    0,    0,    0,    0,    0,    0,    0,    0,   23,    0,    0,    0,    0,    0,    0,    0,    0,    0,    0,    0,    0,    0,    0,    0,    0,    0,    0,    0,    0,    0,    0,    0,    0,    0,    0,    0,    0,    0,    0,    0,    0,    0,    0,    0,    0,    0,    0,    0,    0,    0,    0,    0,    0,    0,    0,    0,    0,    0,    0,    0,    0,    0,    0,    0,    0,    0,    0,    0,    0,    0,    0,    0,    0,    0,    0,    0,    0,
       0,    0,    0,    0,    0,    0,    0,    0,    0,    0,    0,    0,    0,    0,    0,    0,    0,    0,    0,    0,    0,    0,    0,    0,    0,    0,    0,    0,    0,    0,    0,    0,    0,    0,    0,    0,    0,    0,    0,    0,    0,    0,    0,    0,    0,    0,   28,    0,    0,   10,    0,    0,    0,    0,    0,    0,  -31,    0,    0,    0,    0,    0,    0,    0,   11,    9,    8,    9,   10,   10,    0,    0,    0,   14,   38,    0,    0,   21,   21,    0,    0,    0,    0,   27,    0,    0,    0,   25,    0,    0,   15,    0,    0,   15,  -11,  -33,   25,    0,    0,    0,   34,    0,    0,   31,    0,    8,    0,
       0,    0,    0,    0,    0,    0,    0,    0,    0,    0,    0,    0,    0,    0,    0,    0,    0,    0,    0,    0,    0,    0,    0,    0,    0,    0,    0,    0,    0,    0,    0,    0,    0,    0,    0,    0,    0,  -13,    0,    0,    0,    0,    0,    0,    0,    0,    0,    0,    0,    0,    0,    0,    0,    0,    0,    0,    0,    0,    0,    0,    0,    0,    0,    0,    0,    0,    0,    0,    0,    0,    0,    0,    0,    0,    0,    0,    0,    0,    0,    0,    0,    0,    0,    0,    0,    0,    0,    0,    0,    0,    0,    0,    0,    0,    0,    0,    0,    0,    0,    0,    0,    0,    0,    0,    0,    0,    0,
       0,    0,    0,    0,    0,    0,    0,    0,    0,    0,    0,    0,    0,    0,    0,    0,    0,    0,    0,    0,    0,    0,    0,    0,    0,    0,    0,    0,    0,    0,    0,    0,    0,    0,    0,    0,    0,    0,    0,    0,    0,    0,    0,    0,    0,    0,    0,    0,   46,   46,    0,    0,  -58,    0,   46,    0,    0,    0,    0,    0,    0,    0,    0,    0,    0,    0,    0,    0,    0,    0,    0,    0,    0,    0,    0,    0,    0,    0,    0,    0,    0,    0,    0,    0,    0,    0,    0,    0,    0,    0, -123,    0,    0,    0,    0,    0,   39,    0,    0,    0,  -30,  -71,    0,  -41,    0,    0,    0,
       0,    0,    0,    0,    0,    0,    0,    0,    0,    0,    0,    0,    0,    0,    0,    0,    0,    0,    0,    0,    0,    0,    0,    0,    0,    0,    0,    0,    0,    0,    0,    0,    0,    0,    0,    0,    0,    0,    0,    0,    0,    0,    0,    0,    0,    0,    0,    0,   46,   46,    0,    0,   46,    0,  -44,    0,    0,    0,    0,    0,    0,    0,    0,    0,    0,    0,    0,    0,    0,    0,    0,  -34,    0,    0,  -22,    0,    0,    0,    0,    0,    0,    0,    0,    0,    0,    0,    0,    0,  -48,  -54,    0,  -29,  -26,    0,    0,    0,   63,    0,    0,    0,    0,    0,    0,  -37,    0,    0,    0,
};

static const EpdLigaturePair opendyslexic_8_regularLigaturePairs[] = {
    { 0x00660069, 0xFB01 }, // f i -> U+FB01
    { 0x0066006C, 0xFB02 }, // f l -> U+FB02
};

static const EpdFontData opendyslexic_8_regular = {
    opendyslexic_8_regularBitmaps,
    opendyslexic_8_regularGlyphs,
    opendyslexic_8_regularIntervals,
    46,
    29,
    21,
    -9,
    true,
    opendyslexic_8_regularGroups,
    9,
    nullptr,
    opendyslexic_8_regularKernLeftClasses,
    opendyslexic_8_regularKernRightClasses,
    opendyslexic_8_regularKernMatrix,
    62,
    140,
    59,
    107,
    opendyslexic_8_regularLigaturePairs,
    2,
};
